project_id,graph_anomaly_score,graph_anomaly_percentile,is_graph_anomaly,clique_community_id,pair_project_count,triad_project_count,agency_contractor_hhi,corporate_ties_composite,contractor_degree,baseline1_score,primary_reason,secondary_reason,tertiary_reason
MPLADS-000001,76.94,97.18,1,33,1,1,0.1111,0,0.17,15.0,RECURRING_EXCLUSIVE_PAIRING,HIGH_CONSTITUENCY_AGENCY_CAPTURE,PRE_AWARD_GOVERNANCE_INSTABILITY
MPLADS-000002,16.58,25.58,0,19,1,1,0.2,0,0.0,0.0,NORMAL_GRAPH_TOPOLOGY,NONE,NONE
MPLADS-000003,18.74,29.54,0,34,1,1,0.2,0,-0.17,0.0,NORMAL_GRAPH_TOPOLOGY,NONE,NONE
MPLADS-000004,26.37,42.88,0,6,1,1,0.1429,0,0.5,0.0,NORMAL_GRAPH_TOPOLOGY,NONE,NONE
MPLADS-000005,12.37,17.94,0,33,1,1,0.25,0,0.17,0.0,NORMAL_GRAPH_TOPOLOGY,NONE,NONE
MPLADS-000006,41.29,66.4,0,26,1,1,0.2,0,0.33,15.0,NORMAL_GRAPH_TOPOLOGY,NONE,NONE
MPLADS-000007,32.06,52.36,0,31,1,1,0.1429,0,-0.67,15.0,NORMAL_GRAPH_TOPOLOGY,NONE,NONE
MPLADS-000008,17.22,26.74,0,10,1,1,0.2,0,-0.33,0.0,NORMAL_GRAPH_TOPOLOGY,NONE,NONE
MPLADS-000009,72.86,95.26,1,21,1,1,0.0833,0,-1.5,15.0,RECURRING_EXCLUSIVE_PAIRING,HUB_CENTRALITY_SPIKE,NONE
MPLADS-000010,18.2,28.56,0,17,1,1,0.2,0,1.17,0.0,NORMAL_GRAPH_TOPOLOGY,NONE,NONE
MPLADS-000011,43.97,69.78,0,0,1,1,0.25,0,0.67,0.0,NORMAL_GRAPH_TOPOLOGY,NONE,NONE
MPLADS-000012,30.48,49.94,0,27,1,1,0.28,0,0.83,0.0,NORMAL_GRAPH_TOPOLOGY,NONE,NONE
MPLADS-000013,13.23,19.54,0,30,1,1,0.1667,0,-0.67,0.0,NORMAL_GRAPH_TOPOLOGY,NONE,NONE
MPLADS-000014,35.79,58.42,0,27,1,1,0.2,0,0.5,15.0,NORMAL_GRAPH_TOPOLOGY,NONE,NONE
MPLADS-000015,39.11,63.4,0,24,1,1,0.3333,0,0.17,15.0,NORMAL_GRAPH_TOPOLOGY,NONE,NONE
MPLADS-000016,49.38,76.34,0,23,1,1,0.2,0,1.0,0.0,NORMAL_GRAPH_TOPOLOGY,NONE,NONE
MPLADS-000017,19.73,31.36,0,25,1,1,0.1667,0,0.67,0.0,NORMAL_GRAPH_TOPOLOGY,NONE,NONE
MPLADS-000018,4.68,4.62,0,17,1,1,0.1667,0,0.0,0.0,NORMAL_GRAPH_TOPOLOGY,NONE,NONE
MPLADS-000019,65.38,89.92,0,11,1,1,0.0833,0,-0.5,0.0,PRE_AWARD_GOVERNANCE_INSTABILITY,NONE,NONE
MPLADS-000020,76.76,97.08,1,26,1,1,0.1667,2,1.67,35.0,CORPORATE_COLLUSION_NETWORK,HUB_CENTRALITY_SPIKE,NONE
MPLADS-000021,53.98,81.36,0,5,1,1,0.1,0,-0.67,0.0,NORMAL_GRAPH_TOPOLOGY,NONE,NONE
MPLADS-000022,24.67,39.96,0,28,1,1,0.2,0,0.83,0.0,NORMAL_GRAPH_TOPOLOGY,NONE,NONE
MPLADS-000023,42.31,67.74,0,2,1,1,0.25,0,-0.5,0.0,NORMAL_GRAPH_TOPOLOGY,NONE,NONE
MPLADS-000024,3.69,3.32,0,16,1,1,0.2,0,-0.33,0.0,NORMAL_GRAPH_TOPOLOGY,NONE,NONE
MPLADS-000025,55.17,82.56,0,4,1,1,0.25,0,-0.83,0.0,NORMAL_GRAPH_TOPOLOGY,NONE,NONE
MPLADS-000026,54.33,81.74,0,20,1,1,0.5,0,-0.67,0.0,NORMAL_GRAPH_TOPOLOGY,NONE,NONE
MPLADS-000027,11.82,16.94,0,2,1,1,0.2,0,0.0,0.0,NORMAL_GRAPH_TOPOLOGY,NONE,NONE
MPLADS-000028,65.28,89.84,0,15,1,1,0.2,2,1.0,35.0,CORPORATE_COLLUSION_NETWORK,NONE,NONE
MPLADS-000029,29.22,47.76,0,1,1,1,0.5,0,0.17,0.0,NORMAL_GRAPH_TOPOLOGY,NONE,NONE
MPLADS-000030,51.34,78.56,0,25,1,1,1.0,0,0.33,0.0,NORMAL_GRAPH_TOPOLOGY,NONE,NONE
MPLADS-000031,11.92,17.12,0,24,1,1,0.25,0,0.0,0.0,NORMAL_GRAPH_TOPOLOGY,NONE,NONE
MPLADS-000032,34.01,55.54,0,0,1,1,0.25,0,-0.83,0.0,NORMAL_GRAPH_TOPOLOGY,NONE,NONE
MPLADS-000033,5.5,5.96,0,28,1,1,0.2,0,0.0,0.0,NORMAL_GRAPH_TOPOLOGY,NONE,NONE
MPLADS-000034,27.06,44.12,0,26,1,1,0.2,0,0.5,0.0,NORMAL_GRAPH_TOPOLOGY,NONE,NONE
MPLADS-000035,19.72,31.34,0,9,1,1,0.1837,0,0.5,0.0,NORMAL_GRAPH_TOPOLOGY,NONE,NONE
MPLADS-000036,48.41,75.12,0,7,1,1,0.1429,0,-0.83,0.0,NORMAL_GRAPH_TOPOLOGY,NONE,NONE
MPLADS-000037,1.43,0.84,0,1,1,1,0.1667,0,0.33,0.0,NORMAL_GRAPH_TOPOLOGY,NONE,NONE
MPLADS-000038,24.86,40.26,0,26,1,1,0.3333,0,0.17,0.0,NORMAL_GRAPH_TOPOLOGY,NONE,NONE
MPLADS-000039,22.04,35.46,0,7,1,1,0.2,0,0.17,15.0,NORMAL_GRAPH_TOPOLOGY,NONE,NONE
MPLADS-000040,24.45,39.56,0,2,1,1,0.25,0,-0.83,0.0,NORMAL_GRAPH_TOPOLOGY,NONE,NONE
MPLADS-000041,7.62,9.42,0,7,1,1,0.25,0,0.67,0.0,NORMAL_GRAPH_TOPOLOGY,NONE,NONE
MPLADS-000042,20.45,32.68,0,18,1,1,0.25,0,-0.67,0.0,NORMAL_GRAPH_TOPOLOGY,NONE,NONE
MPLADS-000043,65.1,89.72,0,26,1,1,0.125,0,1.83,0.0,HIGH_CONSTITUENCY_AGENCY_CAPTURE,PRE_AWARD_GOVERNANCE_INSTABILITY,NONE
MPLADS-000044,50.05,77.0,0,27,1,1,0.1429,0,0.33,0.0,NORMAL_GRAPH_TOPOLOGY,NONE,NONE
MPLADS-000045,46.66,73.02,0,20,1,1,0.3333,0,-0.67,0.0,NORMAL_GRAPH_TOPOLOGY,NONE,NONE
MPLADS-000046,3.86,3.48,0,30,1,1,0.25,0,0.0,0.0,NORMAL_GRAPH_TOPOLOGY,NONE,NONE
MPLADS-000047,12.35,17.92,0,2,1,1,0.1429,0,0.0,0.0,NORMAL_GRAPH_TOPOLOGY,NONE,NONE
MPLADS-000048,12.32,17.88,0,3,1,1,0.1667,0,-0.17,0.0,NORMAL_GRAPH_TOPOLOGY,NONE,NONE
MPLADS-000049,23.72,38.32,0,26,1,1,0.25,0,0.33,0.0,NORMAL_GRAPH_TOPOLOGY,NONE,NONE
MPLADS-000050,9.93,13.6,0,20,1,1,0.125,0,-0.33,0.0,NORMAL_GRAPH_TOPOLOGY,NONE,NONE
MPLADS-000051,35.28,57.62,0,6,1,1,0.1111,0,-0.33,0.0,NORMAL_GRAPH_TOPOLOGY,NONE,NONE
MPLADS-000052,50.59,77.64,0,1,1,1,0.2,1,1.0,35.0,NORMAL_GRAPH_TOPOLOGY,NONE,NONE
MPLADS-000053,10.65,14.94,0,21,1,1,0.25,0,-0.17,0.0,NORMAL_GRAPH_TOPOLOGY,NONE,NONE
MPLADS-000054,71.62,94.54,0,26,1,1,0.25,1,1.33,35.0,CORPORATE_COLLUSION_NETWORK,HIGH_CONSTITUENCY_AGENCY_CAPTURE,PRE_AWARD_GOVERNANCE_INSTABILITY
MPLADS-000055,11.0,15.52,0,10,1,1,0.2,0,-0.33,0.0,NORMAL_GRAPH_TOPOLOGY,NONE,NONE
MPLADS-000056,27.15,44.26,0,27,1,1,0.25,0,-0.33,15.0,NORMAL_GRAPH_TOPOLOGY,NONE,NONE
MPLADS-000057,23.69,38.26,0,9,1,1,0.25,0,0.33,0.0,NORMAL_GRAPH_TOPOLOGY,NONE,NONE
MPLADS-000058,10.29,14.24,0,6,1,1,0.25,0,0.0,0.0,NORMAL_GRAPH_TOPOLOGY,NONE,NONE
MPLADS-000059,70.85,94.06,0,8,1,1,0.2,1,2.67,35.0,CORPORATE_COLLUSION_NETWORK,NONE,NONE
MPLADS-000060,4.88,4.96,0,7,1,1,0.25,0,0.33,0.0,NORMAL_GRAPH_TOPOLOGY,NONE,NONE
MPLADS-000061,10.82,15.24,0,10,1,1,0.2,0,-0.5,0.0,NORMAL_GRAPH_TOPOLOGY,NONE,NONE
MPLADS-000062,65.75,90.16,0,26,1,1,0.1667,1,1.67,35.0,CORPORATE_COLLUSION_NETWORK,HIGH_CONSTITUENCY_AGENCY_CAPTURE,HUB_CENTRALITY_SPIKE
MPLADS-000063,38.55,62.74,0,26,1,1,0.1429,0,-0.33,0.0,NORMAL_GRAPH_TOPOLOGY,NONE,NONE
MPLADS-000064,12.22,17.68,0,24,1,1,0.25,0,-0.17,0.0,NORMAL_GRAPH_TOPOLOGY,NONE,NONE
MPLADS-000065,42.3,67.72,0,34,1,1,0.2,0,-0.5,0.0,NORMAL_GRAPH_TOPOLOGY,NONE,NONE
MPLADS-000066,41.06,66.08,0,32,1,1,0.1111,0,-0.17,15.0,NORMAL_GRAPH_TOPOLOGY,NONE,NONE
MPLADS-000067,4.3,4.1,0,30,1,1,0.1667,0,0.0,0.0,NORMAL_GRAPH_TOPOLOGY,NONE,NONE
MPLADS-000068,40.62,65.48,0,24,1,1,0.5,0,-1.0,0.0,NORMAL_GRAPH_TOPOLOGY,NONE,NONE
MPLADS-000069,25.75,41.84,0,27,1,1,0.3333,0,0.0,0.0,NORMAL_GRAPH_TOPOLOGY,NONE,NONE
MPLADS-000070,14.68,22.18,0,12,1,1,0.3333,0,-0.5,0.0,NORMAL_GRAPH_TOPOLOGY,NONE,NONE
MPLADS-000071,63.0,88.36,0,5,1,1,0.2,0,1.33,0.0,PRE_AWARD_GOVERNANCE_INSTABILITY,HIGH_CONSTITUENCY_AGENCY_CAPTURE,NONE
MPLADS-000072,4.64,4.54,0,3,1,1,0.2,0,0.0,0.0,NORMAL_GRAPH_TOPOLOGY,NONE,NONE
MPLADS-000073,26.71,43.46,0,36,1,1,0.1429,0,0.33,0.0,NORMAL_GRAPH_TOPOLOGY,NONE,NONE
MPLADS-000074,36.83,60.08,0,22,1,1,0.25,0,-0.83,15.0,NORMAL_GRAPH_TOPOLOGY,NONE,NONE
MPLADS-000075,34.24,55.94,0,24,1,1,0.1667,0,-0.83,15.0,NORMAL_GRAPH_TOPOLOGY,NONE,NONE
MPLADS-000076,48.89,75.74,0,17,1,1,0.1667,0,0.67,15.0,NORMAL_GRAPH_TOPOLOGY,NONE,NONE
MPLADS-000077,50.41,77.4,0,25,1,1,0.25,0,-0.5,0.0,NORMAL_GRAPH_TOPOLOGY,NONE,NONE
MPLADS-000078,12.07,17.38,0,1,1,1,0.1667,0,0.17,0.0,NORMAL_GRAPH_TOPOLOGY,NONE,NONE
MPLADS-000079,27.32,44.58,0,27,1,1,0.3333,0,0.17,0.0,NORMAL_GRAPH_TOPOLOGY,NONE,NONE
MPLADS-000080,24.21,39.18,0,21,1,1,0.3333,0,0.0,0.0,NORMAL_GRAPH_TOPOLOGY,NONE,NONE
MPLADS-000081,35.4,57.78,0,26,1,1,0.25,0,0.17,0.0,NORMAL_GRAPH_TOPOLOGY,NONE,NONE
MPLADS-000082,4.71,4.66,0,35,1,1,0.2,0,0.0,0.0,NORMAL_GRAPH_TOPOLOGY,NONE,NONE
MPLADS-000083,18.69,29.46,0,27,1,1,0.1429,0,-0.67,0.0,NORMAL_GRAPH_TOPOLOGY,NONE,NONE
MPLADS-000084,6.67,7.92,0,35,1,1,0.2,0,-0.5,0.0,NORMAL_GRAPH_TOPOLOGY,NONE,NONE
MPLADS-000085,46.4,72.66,0,26,1,1,0.1667,0,0.0,15.0,NORMAL_GRAPH_TOPOLOGY,NONE,NONE
MPLADS-000086,26.96,43.94,0,1,1,1,0.3333,0,0.17,0.0,NORMAL_GRAPH_TOPOLOGY,NONE,NONE
MPLADS-000087,0.08,0.08,0,12,1,1,0.2,0,-0.5,0.0,NORMAL_GRAPH_TOPOLOGY,NONE,NONE
MPLADS-000088,4.34,4.16,0,15,1,1,0.2222,0,-0.5,0.0,NORMAL_GRAPH_TOPOLOGY,NONE,NONE
MPLADS-000089,49.1,76.02,0,3,1,1,0.3333,0,-0.67,15.0,NORMAL_GRAPH_TOPOLOGY,NONE,NONE
MPLADS-000090,21.24,34.02,0,32,1,1,0.5,0,-0.33,0.0,NORMAL_GRAPH_TOPOLOGY,NONE,NONE
MPLADS-000091,8.63,11.26,0,12,1,1,0.2,0,-0.33,0.0,NORMAL_GRAPH_TOPOLOGY,NONE,NONE
MPLADS-000092,47.02,73.52,0,27,1,1,1.0,0,-0.33,0.0,NORMAL_GRAPH_TOPOLOGY,NONE,NONE
MPLADS-000093,47.41,73.98,0,5,1,1,0.124,0,0.33,0.0,NORMAL_GRAPH_TOPOLOGY,NONE,NONE
MPLADS-000094,30.82,50.46,0,0,1,1,0.5,0,0.17,0.0,NORMAL_GRAPH_TOPOLOGY,NONE,NONE
MPLADS-000095,27.55,45.0,0,16,1,1,0.2,0,-0.33,0.0,NORMAL_GRAPH_TOPOLOGY,NONE,NONE
MPLADS-000096,47.64,74.24,0,26,1,1,0.2,0,-0.33,15.0,NORMAL_GRAPH_TOPOLOGY,NONE,NONE
MPLADS-000097,53.84,81.26,0,13,1,1,0.25,0,-0.83,15.0,NORMAL_GRAPH_TOPOLOGY,NONE,NONE
MPLADS-000098,59.91,86.44,0,16,1,1,1.0,0,0.0,0.0,NORMAL_GRAPH_TOPOLOGY,NONE,NONE
MPLADS-000099,34.44,56.24,0,25,1,1,0.1111,0,-0.17,0.0,NORMAL_GRAPH_TOPOLOGY,NONE,NONE
MPLADS-000100,62.61,88.04,0,19,1,1,0.1667,0,0.17,0.0,PRE_AWARD_GOVERNANCE_INSTABILITY,NONE,NONE
MPLADS-000101,3.02,2.5,0,31,1,1,0.1667,0,0.0,0.0,NORMAL_GRAPH_TOPOLOGY,NONE,NONE
MPLADS-000102,36.84,60.1,0,10,1,1,0.5,0,-0.83,0.0,NORMAL_GRAPH_TOPOLOGY,NONE,NONE
MPLADS-000103,4.35,4.18,0,6,1,1,0.2,0,0.0,0.0,NORMAL_GRAPH_TOPOLOGY,NONE,NONE
MPLADS-000104,53.57,80.96,0,34,1,1,0.1667,0,-0.83,0.0,NORMAL_GRAPH_TOPOLOGY,NONE,NONE
MPLADS-000105,12.68,18.5,0,30,1,1,0.1429,0,-0.33,0.0,NORMAL_GRAPH_TOPOLOGY,NONE,NONE
MPLADS-000106,46.89,73.32,0,35,1,1,0.1,0,0.0,0.0,NORMAL_GRAPH_TOPOLOGY,NONE,NONE
MPLADS-000107,49.18,76.16,0,2,1,1,0.125,0,0.67,15.0,NORMAL_GRAPH_TOPOLOGY,NONE,NONE
MPLADS-000108,14.96,22.68,0,25,1,1,0.2,0,-0.17,0.0,NORMAL_GRAPH_TOPOLOGY,NONE,NONE
MPLADS-000109,44.35,70.26,0,28,1,1,0.1667,0,-0.5,0.0,NORMAL_GRAPH_TOPOLOGY,NONE,NONE
MPLADS-000110,21.31,34.16,0,12,1,1,0.3333,0,-0.5,0.0,NORMAL_GRAPH_TOPOLOGY,NONE,NONE
MPLADS-000111,70.41,93.8,0,10,1,1,0.25,2,1.0,50.0,CORPORATE_COLLUSION_NETWORK,RECURRING_EXCLUSIVE_PAIRING,NONE
MPLADS-000112,67.4,91.5,0,14,2,1,0.2222,0,-0.33,15.0,RECURRING_EXCLUSIVE_PAIRING,HIGH_CONSTITUENCY_AGENCY_CAPTURE,NONE
MPLADS-000113,67.6,91.66,0,2,1,1,0.125,1,0.67,35.0,CORPORATE_COLLUSION_NETWORK,HIGH_CONSTITUENCY_AGENCY_CAPTURE,PRE_AWARD_GOVERNANCE_INSTABILITY
MPLADS-000114,1.28,0.66,0,24,1,1,0.1667,0,-0.17,0.0,NORMAL_GRAPH_TOPOLOGY,NONE,NONE
MPLADS-000115,45.13,71.16,0,18,1,1,0.3333,0,-0.33,15.0,NORMAL_GRAPH_TOPOLOGY,NONE,NONE
MPLADS-000116,17.44,27.18,0,32,1,1,0.125,0,0.0,0.0,NORMAL_GRAPH_TOPOLOGY,NONE,NONE
MPLADS-000117,6.32,7.34,0,27,1,1,0.25,0,-0.17,0.0,NORMAL_GRAPH_TOPOLOGY,NONE,NONE
MPLADS-000118,26.15,42.5,0,2,1,1,0.1667,0,0.5,0.0,NORMAL_GRAPH_TOPOLOGY,NONE,NONE
MPLADS-000119,32.72,53.4,0,24,1,1,0.2,0,0.0,15.0,NORMAL_GRAPH_TOPOLOGY,NONE,NONE
MPLADS-000120,19.47,30.9,0,18,1,1,0.25,0,-0.67,0.0,NORMAL_GRAPH_TOPOLOGY,NONE,NONE
MPLADS-000121,0.52,0.2,0,14,1,1,0.1667,0,0.33,0.0,NORMAL_GRAPH_TOPOLOGY,NONE,NONE
MPLADS-000122,12.88,18.88,0,9,1,1,0.2,0,1.0,0.0,NORMAL_GRAPH_TOPOLOGY,NONE,NONE
MPLADS-000123,19.9,31.68,0,11,1,1,0.1429,0,0.0,15.0,NORMAL_GRAPH_TOPOLOGY,NONE,NONE
MPLADS-000124,51.02,78.12,0,35,1,1,0.25,0,-0.67,0.0,NORMAL_GRAPH_TOPOLOGY,NONE,NONE
MPLADS-000125,16.79,25.98,0,6,1,1,0.1667,0,-0.33,0.0,NORMAL_GRAPH_TOPOLOGY,NONE,NONE
MPLADS-000126,31.5,51.52,0,35,1,1,0.1667,0,-0.83,0.0,NORMAL_GRAPH_TOPOLOGY,NONE,NONE
MPLADS-000127,60.24,86.64,0,29,1,1,0.25,1,1.0,35.0,CORPORATE_COLLUSION_NETWORK,HIGH_CONSTITUENCY_AGENCY_CAPTURE,PRE_AWARD_GOVERNANCE_INSTABILITY
MPLADS-000128,37.49,61.12,0,34,1,1,0.2,0,0.33,15.0,NORMAL_GRAPH_TOPOLOGY,NONE,NONE
MPLADS-000129,87.77,99.14,1,34,1,1,0.25,2,4.33,35.0,CORPORATE_COLLUSION_NETWORK,HIGH_CONSTITUENCY_AGENCY_CAPTURE,PRE_AWARD_GOVERNANCE_INSTABILITY
MPLADS-000130,52.0,79.28,0,36,1,1,0.25,0,0.67,15.0,NORMAL_GRAPH_TOPOLOGY,NONE,NONE
MPLADS-000131,32.17,52.54,0,34,1,1,0.125,0,-0.17,0.0,NORMAL_GRAPH_TOPOLOGY,NONE,NONE
MPLADS-000132,34.26,55.96,0,1,1,1,0.28,0,0.5,15.0,NORMAL_GRAPH_TOPOLOGY,NONE,NONE
MPLADS-000133,30.3,49.62,0,9,1,1,0.25,0,0.33,0.0,NORMAL_GRAPH_TOPOLOGY,NONE,NONE
MPLADS-000134,63.7,88.72,0,9,1,1,1.0,0,-0.67,15.0,RECURRING_EXCLUSIVE_PAIRING,HUB_CENTRALITY_SPIKE,NONE
MPLADS-000135,8.07,10.24,0,7,1,1,0.2,0,-0.17,0.0,NORMAL_GRAPH_TOPOLOGY,NONE,NONE
MPLADS-000136,3.58,3.14,0,1,1,1,0.1667,0,0.33,0.0,NORMAL_GRAPH_TOPOLOGY,NONE,NONE
MPLADS-000137,70.14,93.58,0,24,1,1,0.1667,2,2.17,35.0,CORPORATE_COLLUSION_NETWORK,NONE,NONE
MPLADS-000138,22.52,36.28,0,32,1,1,0.3333,0,-0.67,0.0,NORMAL_GRAPH_TOPOLOGY,NONE,NONE
MPLADS-000139,15.34,23.32,0,7,1,1,0.1429,0,0.33,0.0,NORMAL_GRAPH_TOPOLOGY,NONE,NONE
MPLADS-000140,46.99,73.46,0,23,1,1,0.1,0,-0.33,15.0,NORMAL_GRAPH_TOPOLOGY,NONE,NONE
MPLADS-000141,12.74,18.6,0,20,1,1,0.25,0,-0.67,0.0,NORMAL_GRAPH_TOPOLOGY,NONE,NONE
MPLADS-000142,38.14,62.16,0,20,1,1,0.5,0,0.0,0.0,NORMAL_GRAPH_TOPOLOGY,NONE,NONE
MPLADS-000143,49.04,75.96,0,13,1,1,0.125,0,-0.5,0.0,NORMAL_GRAPH_TOPOLOGY,NONE,NONE
MPLADS-000144,27.71,45.22,0,34,1,1,0.3333,0,-0.17,0.0,NORMAL_GRAPH_TOPOLOGY,NONE,NONE
MPLADS-000145,55.24,82.66,0,21,1,1,0.25,0,-1.5,15.0,NORMAL_GRAPH_TOPOLOGY,NONE,NONE
MPLADS-000146,11.2,15.86,0,11,1,1,0.3333,0,0.17,0.0,NORMAL_GRAPH_TOPOLOGY,NONE,NONE
MPLADS-000147,10.79,15.18,0,33,1,1,0.3333,0,-0.17,0.0,NORMAL_GRAPH_TOPOLOGY,NONE,NONE
MPLADS-000148,37.13,60.58,0,28,1,1,0.25,0,0.67,0.0,NORMAL_GRAPH_TOPOLOGY,NONE,NONE
MPLADS-000149,0.91,0.38,0,2,1,1,0.25,0,0.0,0.0,NORMAL_GRAPH_TOPOLOGY,NONE,NONE
MPLADS-000150,6.11,6.98,0,11,1,1,0.1429,0,-0.33,0.0,NORMAL_GRAPH_TOPOLOGY,NONE,NONE
MPLADS-000151,19.56,31.06,0,7,1,1,0.1429,0,0.0,0.0,NORMAL_GRAPH_TOPOLOGY,NONE,NONE
MPLADS-000152,57.59,84.78,0,9,1,1,0.2,0,-0.83,0.0,NORMAL_GRAPH_TOPOLOGY,NONE,NONE
MPLADS-000153,46.85,73.24,0,33,1,1,0.5,0,-0.33,15.0,NORMAL_GRAPH_TOPOLOGY,NONE,NONE
MPLADS-000154,18.35,28.84,0,23,1,1,0.25,0,-0.33,15.0,NORMAL_GRAPH_TOPOLOGY,NONE,NONE
MPLADS-000155,54.49,81.9,0,24,1,1,0.1111,0,0.17,0.0,NORMAL_GRAPH_TOPOLOGY,NONE,NONE
MPLADS-000156,33.29,54.36,0,29,1,1,0.3333,0,-1.0,0.0,NORMAL_GRAPH_TOPOLOGY,NONE,NONE
MPLADS-000157,3.07,2.54,0,14,1,1,0.1667,0,0.0,0.0,NORMAL_GRAPH_TOPOLOGY,NONE,NONE
MPLADS-000158,67.54,91.62,0,14,1,1,0.2,1,3.0,35.0,CORPORATE_COLLUSION_NETWORK,NONE,NONE
MPLADS-000159,30.58,50.1,0,18,1,1,0.1667,0,-0.17,0.0,NORMAL_GRAPH_TOPOLOGY,NONE,NONE
MPLADS-000160,42.71,68.26,0,26,1,1,0.1667,0,-0.33,15.0,NORMAL_GRAPH_TOPOLOGY,NONE,NONE
MPLADS-000161,41.1,66.14,0,34,1,1,0.3333,0,-0.83,0.0,NORMAL_GRAPH_TOPOLOGY,NONE,NONE
MPLADS-000162,30.34,49.68,0,0,1,1,0.1667,0,-0.83,0.0,NORMAL_GRAPH_TOPOLOGY,NONE,NONE
MPLADS-000163,9.23,12.34,0,14,1,1,0.2,0,0.17,0.0,NORMAL_GRAPH_TOPOLOGY,NONE,NONE
MPLADS-000164,44.77,70.7,0,33,1,1,0.1111,0,0.17,15.0,NORMAL_GRAPH_TOPOLOGY,NONE,NONE
MPLADS-000165,13.46,19.94,0,14,1,1,0.2,0,0.67,0.0,NORMAL_GRAPH_TOPOLOGY,NONE,NONE
MPLADS-000166,54.04,81.44,0,34,1,1,0.124,0,1.17,0.0,NORMAL_GRAPH_TOPOLOGY,NONE,NONE
MPLADS-000167,22.51,36.26,0,35,1,1,0.3333,0,-0.83,0.0,NORMAL_GRAPH_TOPOLOGY,NONE,NONE
MPLADS-000168,30.37,49.74,0,34,1,1,0.25,0,0.0,0.0,NORMAL_GRAPH_TOPOLOGY,NONE,NONE
MPLADS-000169,7.64,9.46,0,14,1,1,0.1429,0,0.0,0.0,NORMAL_GRAPH_TOPOLOGY,NONE,NONE
MPLADS-000170,24.15,39.08,0,26,1,1,0.25,0,-0.17,0.0,NORMAL_GRAPH_TOPOLOGY,NONE,NONE
MPLADS-000171,67.51,91.58,0,9,1,1,0.1667,1,2.33,35.0,CORPORATE_COLLUSION_NETWORK,PRE_AWARD_GOVERNANCE_INSTABILITY,NONE
MPLADS-000172,11.52,16.46,0,8,1,1,0.2,0,0.0,0.0,NORMAL_GRAPH_TOPOLOGY,NONE,NONE
MPLADS-000173,37.38,60.96,0,24,1,1,0.25,0,0.33,0.0,NORMAL_GRAPH_TOPOLOGY,NONE,NONE
MPLADS-000174,37.94,61.84,0,34,1,1,0.5,0,0.67,0.0,NORMAL_GRAPH_TOPOLOGY,NONE,NONE
MPLADS-000175,69.56,93.12,0,14,2,1,0.2222,0,-0.33,15.0,RECURRING_EXCLUSIVE_PAIRING,HIGH_CONSTITUENCY_AGENCY_CAPTURE,NONE
MPLADS-000176,88.58,99.16,1,18,1,1,0.3333,2,4.33,35.0,CORPORATE_COLLUSION_NETWORK,HIGH_CONSTITUENCY_AGENCY_CAPTURE,PRE_AWARD_GOVERNANCE_INSTABILITY
MPLADS-000177,62.35,87.9,0,16,1,1,0.25,1,1.0,35.0,CORPORATE_COLLUSION_NETWORK,HIGH_CONSTITUENCY_AGENCY_CAPTURE,PRE_AWARD_GOVERNANCE_INSTABILITY
MPLADS-000178,29.3,47.9,0,2,1,1,0.3333,0,-0.83,0.0,NORMAL_GRAPH_TOPOLOGY,NONE,NONE
MPLADS-000179,75.58,96.48,1,11,1,1,0.0833,1,0.67,35.0,CORPORATE_COLLUSION_NETWORK,HUB_CENTRALITY_SPIKE,NONE
MPLADS-000180,67.96,91.94,0,34,1,1,0.125,1,1.0,50.0,CORPORATE_COLLUSION_NETWORK,RECURRING_EXCLUSIVE_PAIRING,NONE
MPLADS-000181,8.39,10.8,0,10,1,1,0.125,0,0.33,0.0,NORMAL_GRAPH_TOPOLOGY,NONE,NONE
MPLADS-000182,18.75,29.56,0,24,1,1,0.1667,0,0.5,0.0,NORMAL_GRAPH_TOPOLOGY,NONE,NONE
MPLADS-000183,32.11,52.46,0,25,1,1,0.1667,0,-0.67,15.0,NORMAL_GRAPH_TOPOLOGY,NONE,NONE
MPLADS-000184,9.45,12.72,0,17,1,1,0.1667,0,-0.17,0.0,NORMAL_GRAPH_TOPOLOGY,NONE,NONE
MPLADS-000185,29.73,48.6,0,9,1,1,0.5,0,-0.5,0.0,NORMAL_GRAPH_TOPOLOGY,NONE,NONE
MPLADS-000186,31.05,50.8,0,14,1,1,0.5,0,0.17,0.0,NORMAL_GRAPH_TOPOLOGY,NONE,NONE
MPLADS-000187,13.18,19.46,0,10,1,1,0.25,0,0.5,0.0,NORMAL_GRAPH_TOPOLOGY,NONE,NONE
MPLADS-000188,10.01,13.74,0,23,1,1,0.1429,0,0.0,0.0,NORMAL_GRAPH_TOPOLOGY,NONE,NONE
MPLADS-000189,39.22,63.58,0,1,1,1,0.1667,0,-0.67,15.0,NORMAL_GRAPH_TOPOLOGY,NONE,NONE
MPLADS-000190,7.05,8.52,0,14,1,1,0.25,0,-0.5,0.0,NORMAL_GRAPH_TOPOLOGY,NONE,NONE
MPLADS-000191,5.67,6.24,0,28,1,1,0.2,0,-0.67,0.0,NORMAL_GRAPH_TOPOLOGY,NONE,NONE
MPLADS-000192,25.68,41.72,0,11,1,1,0.25,0,-0.5,0.0,NORMAL_GRAPH_TOPOLOGY,NONE,NONE
MPLADS-000193,94.39,99.46,1,16,1,1,0.1667,4,2.67,50.0,CORPORATE_COLLUSION_NETWORK,RECURRING_EXCLUSIVE_PAIRING,HIGH_CONSTITUENCY_AGENCY_CAPTURE
MPLADS-000194,25.84,41.96,0,6,1,1,0.1667,0,-1.33,0.0,NORMAL_GRAPH_TOPOLOGY,NONE,NONE
MPLADS-000195,66.93,91.16,0,22,1,1,0.1667,2,1.0,35.0,CORPORATE_COLLUSION_NETWORK,HUB_CENTRALITY_SPIKE,NONE
MPLADS-000196,69.08,92.72,0,2,1,1,0.2,2,0.67,50.0,CORPORATE_COLLUSION_NETWORK,RECURRING_EXCLUSIVE_PAIRING,NONE
MPLADS-000197,93.94,99.36,1,7,1,1,0.2,4,2.17,35.0,CORPORATE_COLLUSION_NETWORK,HIGH_CONSTITUENCY_AGENCY_CAPTURE,PRE_AWARD_GOVERNANCE_INSTABILITY
MPLADS-000198,53.92,81.3,0,36,1,1,0.5,0,-0.83,15.0,NORMAL_GRAPH_TOPOLOGY,NONE,NONE
MPLADS-000199,10.13,13.96,0,10,1,1,0.3333,0,0.0,0.0,NORMAL_GRAPH_TOPOLOGY,NONE,NONE
MPLADS-000200,36.03,58.78,0,34,1,1,0.1667,0,0.5,15.0,NORMAL_GRAPH_TOPOLOGY,NONE,NONE
MPLADS-000201,40.8,65.72,0,3,1,1,0.1,0,1.0,0.0,NORMAL_GRAPH_TOPOLOGY,NONE,NONE
MPLADS-000202,15.45,23.54,0,23,1,1,0.1429,0,-0.5,0.0,NORMAL_GRAPH_TOPOLOGY,NONE,NONE
MPLADS-000203,70.8,94.02,0,7,1,1,0.1429,2,2.0,35.0,CORPORATE_COLLUSION_NETWORK,NONE,NONE
MPLADS-000204,11.44,16.32,0,10,1,1,0.25,0,0.0,0.0,NORMAL_GRAPH_TOPOLOGY,NONE,NONE
MPLADS-000205,41.08,66.12,0,30,1,1,0.3333,0,-0.5,15.0,NORMAL_GRAPH_TOPOLOGY,NONE,NONE
MPLADS-000206,9.82,13.38,0,33,1,1,0.25,0,-0.17,0.0,NORMAL_GRAPH_TOPOLOGY,NONE,NONE
MPLADS-000207,73.79,95.82,1,3,1,1,0.5,0,0.17,15.0,RECURRING_EXCLUSIVE_PAIRING,HIGH_CONSTITUENCY_AGENCY_CAPTURE,PRE_AWARD_GOVERNANCE_INSTABILITY
MPLADS-000208,40.33,65.14,0,0,1,1,0.125,0,-0.5,0.0,NORMAL_GRAPH_TOPOLOGY,NONE,NONE
MPLADS-000209,31.21,51.1,0,36,1,1,0.5,0,-0.33,0.0,NORMAL_GRAPH_TOPOLOGY,NONE,NONE
MPLADS-000210,2.69,2.08,0,5,1,1,0.25,0,0.0,0.0,NORMAL_GRAPH_TOPOLOGY,NONE,NONE
MPLADS-000211,24.48,39.62,0,32,1,1,0.2,0,-1.0,0.0,NORMAL_GRAPH_TOPOLOGY,NONE,NONE
MPLADS-000212,7.39,9.06,0,20,1,1,0.1667,0,0.0,0.0,NORMAL_GRAPH_TOPOLOGY,NONE,NONE
MPLADS-000213,45.92,72.12,0,6,1,1,0.2,0,-0.67,0.0,NORMAL_GRAPH_TOPOLOGY,NONE,NONE
MPLADS-000214,23.48,37.9,0,35,1,1,0.1667,0,-0.83,0.0,NORMAL_GRAPH_TOPOLOGY,NONE,NONE
MPLADS-000215,51.33,78.54,0,7,1,1,0.1667,0,0.0,15.0,NORMAL_GRAPH_TOPOLOGY,NONE,NONE
MPLADS-000216,32.52,53.1,0,27,1,1,0.2,0,-1.0,15.0,NORMAL_GRAPH_TOPOLOGY,NONE,NONE
MPLADS-000217,33.22,54.24,0,4,1,1,0.25,0,0.0,15.0,NORMAL_GRAPH_TOPOLOGY,NONE,NONE
MPLADS-000218,9.44,12.7,0,33,1,1,0.1667,0,-0.17,0.0,NORMAL_GRAPH_TOPOLOGY,NONE,NONE
MPLADS-000219,7.16,8.7,0,32,1,1,0.2,0,0.0,15.0,NORMAL_GRAPH_TOPOLOGY,NONE,NONE
MPLADS-000220,35.58,58.08,0,30,1,1,0.1667,0,-1.33,0.0,NORMAL_GRAPH_TOPOLOGY,NONE,NONE
MPLADS-000221,54.27,81.66,0,11,1,1,0.1111,0,0.67,0.0,NORMAL_GRAPH_TOPOLOGY,NONE,NONE
MPLADS-000222,50.2,77.16,0,11,1,1,0.0909,0,-0.17,0.0,NORMAL_GRAPH_TOPOLOGY,NONE,NONE
MPLADS-000223,83.67,98.72,1,32,1,1,0.2,2,4.33,35.0,CORPORATE_COLLUSION_NETWORK,HIGH_CONSTITUENCY_AGENCY_CAPTURE,PRE_AWARD_GOVERNANCE_INSTABILITY
MPLADS-000224,46.68,73.04,0,9,1,1,0.1,0,1.17,0.0,NORMAL_GRAPH_TOPOLOGY,NONE,NONE
MPLADS-000225,23.02,37.16,0,10,1,1,0.25,0,0.33,15.0,NORMAL_GRAPH_TOPOLOGY,NONE,NONE
MPLADS-000226,50.79,77.9,0,24,1,1,0.3333,0,0.17,0.0,NORMAL_GRAPH_TOPOLOGY,NONE,NONE
MPLADS-000227,32.42,52.98,0,31,1,1,0.5,0,0.17,0.0,NORMAL_GRAPH_TOPOLOGY,NONE,NONE
MPLADS-000228,44.08,69.9,0,18,1,1,0.3333,0,-0.5,15.0,NORMAL_GRAPH_TOPOLOGY,NONE,NONE
MPLADS-000229,54.63,82.08,0,33,1,1,0.1111,0,-0.67,15.0,NORMAL_GRAPH_TOPOLOGY,NONE,NONE
MPLADS-000230,11.39,16.24,0,12,1,1,0.25,0,-0.5,0.0,NORMAL_GRAPH_TOPOLOGY,NONE,NONE
MPLADS-000231,40.06,64.78,0,36,1,1,0.1429,0,0.0,15.0,NORMAL_GRAPH_TOPOLOGY,NONE,NONE
MPLADS-000232,6.02,6.84,0,31,1,1,0.125,0,0.0,0.0,NORMAL_GRAPH_TOPOLOGY,NONE,NONE
MPLADS-000233,28.14,45.98,0,11,1,1,0.25,0,0.0,15.0,NORMAL_GRAPH_TOPOLOGY,NONE,NONE
MPLADS-000234,22.75,36.64,0,35,1,1,0.3333,0,0.17,0.0,NORMAL_GRAPH_TOPOLOGY,NONE,NONE
MPLADS-000235,31.75,51.92,0,33,1,1,0.3333,0,-0.5,0.0,NORMAL_GRAPH_TOPOLOGY,NONE,NONE
MPLADS-000236,8.7,11.38,0,35,1,1,0.25,0,-0.33,0.0,NORMAL_GRAPH_TOPOLOGY,NONE,NONE
MPLADS-000237,75.82,96.62,1,10,2,1,0.124,0,0.0,0.0,HIGH_CONSTITUENCY_AGENCY_CAPTURE,HUB_CENTRALITY_SPIKE,NONE
MPLADS-000238,69.58,93.16,0,29,1,1,0.3333,1,3.0,35.0,CORPORATE_COLLUSION_NETWORK,NONE,NONE
MPLADS-000239,66.71,90.96,0,1,1,1,0.2,2,1.67,35.0,CORPORATE_COLLUSION_NETWORK,HUB_CENTRALITY_SPIKE,NONE
MPLADS-000240,29.74,48.64,0,13,1,1,0.5,0,0.67,0.0,NORMAL_GRAPH_TOPOLOGY,NONE,NONE
MPLADS-000241,32.37,52.86,0,1,1,1,0.2,0,-0.5,0.0,NORMAL_GRAPH_TOPOLOGY,NONE,NONE
MPLADS-000242,64.8,89.54,0,34,1,1,0.2,1,1.0,35.0,CORPORATE_COLLUSION_NETWORK,HIGH_CONSTITUENCY_AGENCY_CAPTURE,PRE_AWARD_GOVERNANCE_INSTABILITY
MPLADS-000243,95.91,99.72,1,4,1,1,0.1562,4,0.67,35.0,CORPORATE_COLLUSION_NETWORK,NONE,NONE
MPLADS-000244,8.85,11.6,0,10,1,1,0.2,0,1.0,0.0,NORMAL_GRAPH_TOPOLOGY,NONE,NONE
MPLADS-000245,30.55,50.06,0,7,1,1,0.25,0,-0.17,0.0,NORMAL_GRAPH_TOPOLOGY,NONE,NONE
MPLADS-000246,56.01,83.4,0,33,1,1,0.25,1,0.0,35.0,NORMAL_GRAPH_TOPOLOGY,NONE,NONE
MPLADS-000247,46.1,72.34,0,11,1,1,0.25,0,-1.17,15.0,NORMAL_GRAPH_TOPOLOGY,NONE,NONE
MPLADS-000248,39.98,64.66,0,19,1,1,0.25,0,-0.33,15.0,NORMAL_GRAPH_TOPOLOGY,NONE,NONE
MPLADS-000249,32.14,52.5,0,31,1,1,0.1111,0,0.17,0.0,NORMAL_GRAPH_TOPOLOGY,NONE,NONE
MPLADS-000250,43.7,69.5,0,30,1,1,0.5,0,-0.33,0.0,NORMAL_GRAPH_TOPOLOGY,NONE,NONE
MPLADS-000251,2.22,1.52,0,3,1,1,0.2,0,-0.17,0.0,NORMAL_GRAPH_TOPOLOGY,NONE,NONE
MPLADS-000252,71.81,94.66,0,19,1,1,0.1429,2,2.17,35.0,CORPORATE_COLLUSION_NETWORK,NONE,NONE
MPLADS-000253,14.06,21.04,0,31,1,1,0.1429,0,-0.67,0.0,NORMAL_GRAPH_TOPOLOGY,NONE,NONE
MPLADS-000254,47.03,73.54,0,5,1,1,0.1667,0,-1.17,0.0,NORMAL_GRAPH_TOPOLOGY,NONE,NONE
MPLADS-000255,75.38,96.4,1,26,1,1,0.2,2,3.0,35.0,CORPORATE_COLLUSION_NETWORK,HUB_CENTRALITY_SPIKE,NONE
MPLADS-000256,50.82,77.92,0,8,1,1,0.1667,0,-0.83,15.0,NORMAL_GRAPH_TOPOLOGY,NONE,NONE
MPLADS-000257,41.78,66.98,0,35,1,1,0.1429,0,0.17,15.0,NORMAL_GRAPH_TOPOLOGY,NONE,NONE
MPLADS-000258,7.75,9.66,0,18,1,1,0.2,0,0.0,0.0,NORMAL_GRAPH_TOPOLOGY,NONE,NONE
MPLADS-000259,6.38,7.42,0,11,1,1,0.1667,0,0.0,0.0,NORMAL_GRAPH_TOPOLOGY,NONE,NONE
MPLADS-000260,28.31,46.24,0,32,1,1,0.5,0,0.0,0.0,NORMAL_GRAPH_TOPOLOGY,NONE,NONE
MPLADS-000261,10.41,14.46,0,31,1,1,0.1667,0,0.33,0.0,NORMAL_GRAPH_TOPOLOGY,NONE,NONE
MPLADS-000262,22.29,35.86,0,24,1,1,0.25,0,0.67,0.0,NORMAL_GRAPH_TOPOLOGY,NONE,NONE
MPLADS-000263,49.5,76.44,0,22,1,1,1.0,0,0.33,0.0,NORMAL_GRAPH_TOPOLOGY,NONE,NONE
MPLADS-000264,44.74,70.68,0,35,1,1,0.5,0,-0.67,15.0,NORMAL_GRAPH_TOPOLOGY,NONE,NONE
MPLADS-000265,34.63,56.56,0,3,1,1,0.1667,0,0.5,15.0,NORMAL_GRAPH_TOPOLOGY,NONE,NONE
MPLADS-000266,47.11,73.68,0,24,1,1,0.1429,0,0.17,0.0,NORMAL_GRAPH_TOPOLOGY,NONE,NONE
MPLADS-000267,8.19,10.44,0,28,1,1,0.25,0,-0.33,0.0,NORMAL_GRAPH_TOPOLOGY,NONE,NONE
MPLADS-000268,9.39,12.62,0,7,1,1,0.2,0,-0.17,0.0,NORMAL_GRAPH_TOPOLOGY,NONE,NONE
MPLADS-000269,42.11,67.46,0,2,1,1,0.3333,0,-0.83,15.0,NORMAL_GRAPH_TOPOLOGY,NONE,NONE
MPLADS-000270,8.79,11.52,0,35,1,1,0.1667,0,-0.33,0.0,NORMAL_GRAPH_TOPOLOGY,NONE,NONE
MPLADS-000271,16.5,25.44,0,35,1,1,0.1429,0,0.17,0.0,NORMAL_GRAPH_TOPOLOGY,NONE,NONE
MPLADS-000272,40.26,65.0,0,6,1,1,0.25,0,0.17,15.0,NORMAL_GRAPH_TOPOLOGY,NONE,NONE
MPLADS-000273,66.94,91.18,0,11,1,1,0.25,2,2.67,35.0,CORPORATE_COLLUSION_NETWORK,NONE,NONE
MPLADS-000274,49.98,76.94,0,17,1,1,0.5,0,0.67,15.0,NORMAL_GRAPH_TOPOLOGY,NONE,NONE
MPLADS-000275,16.66,25.76,0,21,1,1,0.2,0,-0.17,0.0,NORMAL_GRAPH_TOPOLOGY,NONE,NONE
MPLADS-000276,13.61,20.22,0,33,1,1,0.1667,0,0.33,0.0,NORMAL_GRAPH_TOPOLOGY,NONE,NONE
MPLADS-000277,27.53,44.98,0,3,1,1,0.3333,0,0.17,0.0,NORMAL_GRAPH_TOPOLOGY,NONE,NONE
MPLADS-000278,5.51,5.98,0,35,1,1,0.1667,0,-0.33,0.0,NORMAL_GRAPH_TOPOLOGY,NONE,NONE
MPLADS-000279,30.15,49.32,0,34,1,1,0.125,0,0.0,0.0,NORMAL_GRAPH_TOPOLOGY,NONE,NONE
MPLADS-000280,55.64,83.04,0,34,1,1,0.1111,0,-0.33,15.0,NORMAL_GRAPH_TOPOLOGY,NONE,NONE
MPLADS-000281,4.0,3.7,0,10,1,1,0.25,0,-0.17,0.0,NORMAL_GRAPH_TOPOLOGY,NONE,NONE
MPLADS-000282,63.36,88.56,0,19,1,1,0.1667,0,0.17,0.0,PRE_AWARD_GOVERNANCE_INSTABILITY,NONE,NONE
MPLADS-000283,7.6,9.38,0,30,1,1,0.1429,0,-0.67,0.0,NORMAL_GRAPH_TOPOLOGY,NONE,NONE
MPLADS-000284,19.97,31.82,0,35,1,1,0.2,0,-0.17,15.0,NORMAL_GRAPH_TOPOLOGY,NONE,NONE
MPLADS-000285,20.15,32.12,0,13,1,1,0.25,0,0.5,0.0,NORMAL_GRAPH_TOPOLOGY,NONE,NONE
MPLADS-000286,14.02,20.96,0,28,1,1,0.2,0,-0.17,0.0,NORMAL_GRAPH_TOPOLOGY,NONE,NONE
MPLADS-000287,36.14,59.0,0,35,1,1,0.1667,0,0.67,15.0,NORMAL_GRAPH_TOPOLOGY,NONE,NONE
MPLADS-000288,32.78,53.52,0,7,1,1,0.2,0,-0.5,15.0,NORMAL_GRAPH_TOPOLOGY,NONE,NONE
MPLADS-000289,49.12,76.08,0,6,1,1,0.2,0,-0.83,0.0,NORMAL_GRAPH_TOPOLOGY,NONE,NONE
MPLADS-000290,25.05,40.62,0,25,1,1,0.25,0,0.5,15.0,NORMAL_GRAPH_TOPOLOGY,NONE,NONE
MPLADS-000291,25.26,41.0,0,15,1,1,0.5,0,-0.17,0.0,NORMAL_GRAPH_TOPOLOGY,NONE,NONE
MPLADS-000292,34.59,56.48,0,36,1,1,0.2222,0,-1.0,0.0,NORMAL_GRAPH_TOPOLOGY,NONE,NONE
MPLADS-000293,38.38,62.44,0,10,1,1,0.1111,0,0.0,0.0,NORMAL_GRAPH_TOPOLOGY,NONE,NONE
MPLADS-000294,5.4,5.78,0,24,1,1,0.25,0,-0.5,0.0,NORMAL_GRAPH_TOPOLOGY,NONE,NONE
MPLADS-000295,56.11,83.5,0,9,1,1,0.124,0,0.83,0.0,NORMAL_GRAPH_TOPOLOGY,NONE,NONE
MPLADS-000296,14.0,20.92,0,1,1,1,0.2,0,0.5,0.0,NORMAL_GRAPH_TOPOLOGY,NONE,NONE
MPLADS-000297,1.71,1.02,0,17,1,1,0.1667,0,-0.17,0.0,NORMAL_GRAPH_TOPOLOGY,NONE,NONE
MPLADS-000298,14.99,22.72,0,27,1,1,0.125,0,-0.17,0.0,NORMAL_GRAPH_TOPOLOGY,NONE,NONE
MPLADS-000299,9.84,13.42,0,13,1,1,0.2,0,-0.5,0.0,NORMAL_GRAPH_TOPOLOGY,NONE,NONE
MPLADS-000300,10.87,15.3,0,15,1,1,0.1667,0,0.67,0.0,NORMAL_GRAPH_TOPOLOGY,NONE,NONE
MPLADS-000301,93.84,99.34,1,20,1,1,0.25,4,0.67,35.0,CORPORATE_COLLUSION_NETWORK,NONE,NONE
MPLADS-000302,10.3,14.26,0,30,1,1,0.1429,0,0.17,0.0,NORMAL_GRAPH_TOPOLOGY,NONE,NONE
MPLADS-000303,11.83,16.96,0,21,1,1,0.3333,0,0.17,0.0,NORMAL_GRAPH_TOPOLOGY,NONE,NONE
MPLADS-000304,8.91,11.7,0,9,1,1,0.2,0,0.0,0.0,NORMAL_GRAPH_TOPOLOGY,NONE,NONE
MPLADS-000305,31.42,51.4,0,11,1,1,0.1429,0,-0.5,15.0,NORMAL_GRAPH_TOPOLOGY,NONE,NONE
MPLADS-000306,4.59,4.48,0,31,1,1,0.2,0,0.33,0.0,NORMAL_GRAPH_TOPOLOGY,NONE,NONE
MPLADS-000307,22.15,35.64,0,1,1,1,0.2,0,0.0,15.0,NORMAL_GRAPH_TOPOLOGY,NONE,NONE
MPLADS-000308,34.96,57.12,0,17,1,1,0.1667,0,-0.5,15.0,NORMAL_GRAPH_TOPOLOGY,NONE,NONE
MPLADS-000309,54.5,81.92,0,0,1,1,0.2,0,-0.67,15.0,NORMAL_GRAPH_TOPOLOGY,NONE,NONE
MPLADS-000310,96.79,99.84,1,26,1,1,0.125,4,2.17,35.0,CORPORATE_COLLUSION_NETWORK,HIGH_CONSTITUENCY_AGENCY_CAPTURE,PRE_AWARD_GOVERNANCE_INSTABILITY
MPLADS-000311,25.34,41.12,0,15,1,1,0.1429,0,-0.33,15.0,NORMAL_GRAPH_TOPOLOGY,NONE,NONE
MPLADS-000312,71.93,94.76,0,14,1,1,0.25,2,4.0,35.0,CORPORATE_COLLUSION_NETWORK,HIGH_CONSTITUENCY_AGENCY_CAPTURE,NONE
MPLADS-000313,21.67,34.78,0,13,1,1,0.1429,0,0.5,0.0,NORMAL_GRAPH_TOPOLOGY,NONE,NONE
MPLADS-000314,10.31,14.28,0,22,1,1,0.2,0,-0.67,0.0,NORMAL_GRAPH_TOPOLOGY,NONE,NONE
MPLADS-000315,56.14,83.54,0,25,1,1,0.3333,0,-0.83,15.0,NORMAL_GRAPH_TOPOLOGY,NONE,NONE
MPLADS-000316,41.59,66.76,0,13,1,1,0.3333,0,-0.5,15.0,NORMAL_GRAPH_TOPOLOGY,NONE,NONE
MPLADS-000317,23.53,37.98,0,13,1,1,0.1562,0,-0.17,0.0,NORMAL_GRAPH_TOPOLOGY,NONE,NONE
MPLADS-000318,73.39,95.56,1,26,1,1,0.1429,0,0.17,15.0,RECURRING_EXCLUSIVE_PAIRING,HIGH_CONSTITUENCY_AGENCY_CAPTURE,PRE_AWARD_GOVERNANCE_INSTABILITY
MPLADS-000319,39.88,64.48,0,21,1,1,0.2222,0,1.17,15.0,NORMAL_GRAPH_TOPOLOGY,NONE,NONE
MPLADS-000320,41.31,66.42,0,14,1,1,0.5,0,0.5,15.0,NORMAL_GRAPH_TOPOLOGY,NONE,NONE
MPLADS-000321,42.67,68.2,0,24,1,1,0.5,0,0.0,15.0,NORMAL_GRAPH_TOPOLOGY,NONE,NONE
MPLADS-000322,31.94,52.2,0,10,1,1,0.3333,0,1.17,0.0,NORMAL_GRAPH_TOPOLOGY,NONE,NONE
MPLADS-000323,18.72,29.5,0,13,1,1,0.25,0,0.0,0.0,NORMAL_GRAPH_TOPOLOGY,NONE,NONE
MPLADS-000324,21.22,34.0,0,9,1,1,0.25,0,0.33,15.0,NORMAL_GRAPH_TOPOLOGY,NONE,NONE
MPLADS-000325,33.01,53.9,0,33,1,1,0.2222,0,0.0,15.0,NORMAL_GRAPH_TOPOLOGY,NONE,NONE
MPLADS-000326,6.54,7.7,0,19,1,1,0.25,0,0.0,0.0,NORMAL_GRAPH_TOPOLOGY,NONE,NONE
MPLADS-000327,50.72,77.82,0,14,1,1,0.2,0,-1.67,0.0,NORMAL_GRAPH_TOPOLOGY,NONE,NONE
MPLADS-000328,1.26,0.64,0,11,1,1,0.25,0,0.33,0.0,NORMAL_GRAPH_TOPOLOGY,NONE,NONE
MPLADS-000329,13.72,20.44,0,7,1,1,0.1667,0,0.33,0.0,NORMAL_GRAPH_TOPOLOGY,NONE,NONE
MPLADS-000330,10.6,14.82,0,29,1,1,0.25,0,-0.17,0.0,NORMAL_GRAPH_TOPOLOGY,NONE,NONE
MPLADS-000331,44.99,71.0,0,3,1,1,0.3333,0,0.17,15.0,NORMAL_GRAPH_TOPOLOGY,NONE,NONE
MPLADS-000332,23.18,37.46,0,13,1,1,0.25,0,0.0,0.0,NORMAL_GRAPH_TOPOLOGY,NONE,NONE
MPLADS-000333,34.92,57.04,0,33,1,1,0.25,0,-0.67,15.0,NORMAL_GRAPH_TOPOLOGY,NONE,NONE
MPLADS-000334,19.2,30.4,0,29,1,1,0.3333,0,-0.5,0.0,NORMAL_GRAPH_TOPOLOGY,NONE,NONE
MPLADS-000335,76.31,96.82,1,18,1,1,0.3333,2,1.0,50.0,CORPORATE_COLLUSION_NETWORK,RECURRING_EXCLUSIVE_PAIRING,NONE
MPLADS-000336,9.1,12.08,0,10,1,1,0.25,0,-0.83,0.0,NORMAL_GRAPH_TOPOLOGY,NONE,NONE
MPLADS-000337,20.73,33.16,0,12,1,1,0.2,0,1.17,0.0,NORMAL_GRAPH_TOPOLOGY,NONE,NONE
MPLADS-000338,25.15,40.8,0,23,1,1,0.5,0,0.0,0.0,NORMAL_GRAPH_TOPOLOGY,NONE,NONE
MPLADS-000339,22.42,36.08,0,29,1,1,0.25,0,0.33,15.0,NORMAL_GRAPH_TOPOLOGY,NONE,NONE
MPLADS-000340,3.09,2.56,0,28,1,1,0.25,0,0.0,0.0,NORMAL_GRAPH_TOPOLOGY,NONE,NONE
MPLADS-000341,43.5,69.22,0,24,1,1,0.3333,0,0.83,15.0,NORMAL_GRAPH_TOPOLOGY,NONE,NONE
MPLADS-000342,52.42,79.82,0,26,1,1,0.3333,0,-0.83,15.0,NORMAL_GRAPH_TOPOLOGY,NONE,NONE
MPLADS-000343,34.0,55.52,0,9,1,1,0.3333,0,-0.17,0.0,NORMAL_GRAPH_TOPOLOGY,NONE,NONE
MPLADS-000344,18.47,29.06,0,31,1,1,0.1429,0,-0.67,0.0,NORMAL_GRAPH_TOPOLOGY,NONE,NONE
MPLADS-000345,54.59,82.02,0,27,1,1,0.1837,1,1.67,35.0,NORMAL_GRAPH_TOPOLOGY,NONE,NONE
MPLADS-000346,24.4,39.48,0,24,1,1,0.125,0,0.17,0.0,NORMAL_GRAPH_TOPOLOGY,NONE,NONE
MPLADS-000347,1.99,1.3,0,14,1,1,0.2,0,0.0,0.0,NORMAL_GRAPH_TOPOLOGY,NONE,NONE
MPLADS-000348,8.03,10.16,0,28,1,1,0.2,0,0.67,0.0,NORMAL_GRAPH_TOPOLOGY,NONE,NONE
MPLADS-000349,48.75,75.52,0,11,1,1,0.2,0,-0.33,15.0,NORMAL_GRAPH_TOPOLOGY,NONE,NONE
MPLADS-000350,7.49,9.2,0,15,1,1,0.2,0,-0.33,0.0,NORMAL_GRAPH_TOPOLOGY,NONE,NONE
MPLADS-000351,23.96,38.74,0,33,1,1,0.1429,0,-0.5,0.0,NORMAL_GRAPH_TOPOLOGY,NONE,NONE
MPLADS-000352,45.47,71.6,0,22,1,1,0.5,0,-0.17,15.0,NORMAL_GRAPH_TOPOLOGY,NONE,NONE
MPLADS-000353,33.42,54.58,0,14,1,1,0.25,0,0.83,15.0,NORMAL_GRAPH_TOPOLOGY,NONE,NONE
MPLADS-000354,11.46,16.36,0,9,1,1,0.1667,0,-0.17,0.0,NORMAL_GRAPH_TOPOLOGY,NONE,NONE
MPLADS-000355,73.12,95.4,1,26,1,1,0.3333,2,1.67,35.0,CORPORATE_COLLUSION_NETWORK,HUB_CENTRALITY_SPIKE,NONE
MPLADS-000356,73.75,95.76,1,29,1,1,0.3333,1,3.0,35.0,CORPORATE_COLLUSION_NETWORK,NONE,NONE
MPLADS-000357,41.19,66.26,0,5,1,1,0.1429,0,0.67,15.0,NORMAL_GRAPH_TOPOLOGY,NONE,NONE
MPLADS-000358,9.71,13.18,0,25,1,1,0.1667,0,-0.5,0.0,NORMAL_GRAPH_TOPOLOGY,NONE,NONE
MPLADS-000359,6.18,7.12,0,7,1,1,0.1667,0,0.0,0.0,NORMAL_GRAPH_TOPOLOGY,NONE,NONE
MPLADS-000360,46.58,72.9,0,4,1,1,0.3333,0,-0.83,0.0,NORMAL_GRAPH_TOPOLOGY,NONE,NONE
MPLADS-000361,16.4,25.24,0,11,1,1,0.25,0,0.0,0.0,NORMAL_GRAPH_TOPOLOGY,NONE,NONE
MPLADS-000362,49.85,76.78,0,32,1,1,0.0833,0,-0.33,0.0,NORMAL_GRAPH_TOPOLOGY,NONE,NONE
MPLADS-000363,18.78,29.62,0,11,1,1,0.1429,0,0.17,0.0,NORMAL_GRAPH_TOPOLOGY,NONE,NONE
MPLADS-000364,14.7,22.22,0,34,1,1,0.1667,0,-0.17,0.0,NORMAL_GRAPH_TOPOLOGY,NONE,NONE
MPLADS-000365,5.33,5.66,0,7,1,1,0.1667,0,0.0,0.0,NORMAL_GRAPH_TOPOLOGY,NONE,NONE
MPLADS-000366,42.79,68.34,0,9,1,1,0.1111,0,-0.17,0.0,NORMAL_GRAPH_TOPOLOGY,NONE,NONE
MPLADS-000367,28.61,46.78,0,35,1,1,0.25,0,-0.33,15.0,NORMAL_GRAPH_TOPOLOGY,NONE,NONE
MPLADS-000368,69.14,92.78,0,34,1,1,0.1429,1,2.67,35.0,CORPORATE_COLLUSION_NETWORK,NONE,NONE
MPLADS-000369,29.77,48.68,0,12,1,1,0.2,0,0.33,0.0,NORMAL_GRAPH_TOPOLOGY,NONE,NONE
MPLADS-000370,35.59,58.1,0,9,1,1,0.3333,0,-0.5,0.0,NORMAL_GRAPH_TOPOLOGY,NONE,NONE
MPLADS-000371,45.31,71.38,0,32,1,1,0.1667,0,0.83,0.0,NORMAL_GRAPH_TOPOLOGY,NONE,NONE
MPLADS-000372,48.42,75.14,0,33,1,1,0.1667,0,-1.0,15.0,NORMAL_GRAPH_TOPOLOGY,NONE,NONE
MPLADS-000373,20.44,32.66,0,28,1,1,0.1667,0,1.67,0.0,NORMAL_GRAPH_TOPOLOGY,NONE,NONE
MPLADS-000374,8.37,10.76,0,7,1,1,0.25,0,-0.17,0.0,NORMAL_GRAPH_TOPOLOGY,NONE,NONE
MPLADS-000375,42.99,68.58,0,35,1,1,0.1,0,0.0,0.0,NORMAL_GRAPH_TOPOLOGY,NONE,NONE
MPLADS-000376,14.75,22.3,0,33,1,1,0.25,0,0.17,0.0,NORMAL_GRAPH_TOPOLOGY,NONE,NONE
MPLADS-000377,78.63,97.84,1,31,1,1,0.25,2,1.33,35.0,CORPORATE_COLLUSION_NETWORK,PRE_AWARD_GOVERNANCE_INSTABILITY,NONE
MPLADS-000378,6.76,8.06,0,5,1,1,0.25,0,-0.33,0.0,NORMAL_GRAPH_TOPOLOGY,NONE,NONE
MPLADS-000379,36.15,59.02,0,21,1,1,0.1667,0,-1.17,0.0,NORMAL_GRAPH_TOPOLOGY,NONE,NONE
MPLADS-000380,10.42,14.5,0,30,1,1,0.1429,0,-0.67,0.0,NORMAL_GRAPH_TOPOLOGY,NONE,NONE
MPLADS-000381,57.69,84.84,0,34,1,1,1.0,0,-0.5,0.0,NORMAL_GRAPH_TOPOLOGY,NONE,NONE
MPLADS-000382,60.04,86.52,0,29,1,1,0.1111,1,1.0,35.0,CORPORATE_COLLUSION_NETWORK,HIGH_CONSTITUENCY_AGENCY_CAPTURE,HUB_CENTRALITY_SPIKE
MPLADS-000383,76.35,96.84,1,23,1,1,1.0,1,2.67,35.0,CORPORATE_COLLUSION_NETWORK,NONE,NONE
MPLADS-000384,9.63,13.04,0,10,1,1,0.1429,0,-0.67,0.0,NORMAL_GRAPH_TOPOLOGY,NONE,NONE
MPLADS-000385,10.25,14.18,0,29,1,1,0.25,0,0.0,0.0,NORMAL_GRAPH_TOPOLOGY,NONE,NONE
MPLADS-000386,9.67,13.1,0,30,1,1,0.2222,0,0.17,0.0,NORMAL_GRAPH_TOPOLOGY,NONE,NONE
MPLADS-000387,51.07,78.2,0,1,1,1,0.1358,0,1.17,15.0,NORMAL_GRAPH_TOPOLOGY,NONE,NONE
MPLADS-000388,54.72,82.2,0,0,1,1,0.1667,0,-0.67,15.0,NORMAL_GRAPH_TOPOLOGY,NONE,NONE
MPLADS-000389,17.51,27.3,0,9,1,1,0.2,0,0.17,0.0,NORMAL_GRAPH_TOPOLOGY,NONE,NONE
MPLADS-000390,45.8,71.98,0,1,1,1,0.2,0,-0.5,0.0,NORMAL_GRAPH_TOPOLOGY,NONE,NONE
MPLADS-000391,29.49,48.2,0,11,1,1,0.25,0,-0.83,0.0,NORMAL_GRAPH_TOPOLOGY,NONE,NONE
MPLADS-000392,22.67,36.52,0,34,1,1,0.25,0,-0.67,0.0,NORMAL_GRAPH_TOPOLOGY,NONE,NONE
MPLADS-000393,1.35,0.78,0,10,1,1,0.25,0,-0.17,0.0,NORMAL_GRAPH_TOPOLOGY,NONE,NONE
MPLADS-000394,78.78,97.92,1,27,2,1,0.1562,0,1.0,15.0,HIGH_CONSTITUENCY_AGENCY_CAPTURE,RECURRING_EXCLUSIVE_PAIRING,PRE_AWARD_GOVERNANCE_INSTABILITY
MPLADS-000395,23.2,37.48,0,25,1,1,0.25,0,0.33,15.0,NORMAL_GRAPH_TOPOLOGY,NONE,NONE
MPLADS-000396,6.1,6.96,0,5,1,1,0.1667,0,-0.33,0.0,NORMAL_GRAPH_TOPOLOGY,NONE,NONE
MPLADS-000397,13.13,19.36,0,27,1,1,0.2,0,0.17,0.0,NORMAL_GRAPH_TOPOLOGY,NONE,NONE
MPLADS-000398,5.84,6.5,0,6,1,1,0.25,0,-0.17,0.0,NORMAL_GRAPH_TOPOLOGY,NONE,NONE
MPLADS-000399,25.71,41.78,0,18,1,1,0.3333,0,0.0,15.0,NORMAL_GRAPH_TOPOLOGY,NONE,NONE
MPLADS-000400,4.77,4.76,0,2,1,1,0.25,0,0.0,0.0,NORMAL_GRAPH_TOPOLOGY,NONE,NONE
MPLADS-000401,95.3,99.6,1,25,1,1,0.25,4,2.67,50.0,CORPORATE_COLLUSION_NETWORK,RECURRING_EXCLUSIVE_PAIRING,HIGH_CONSTITUENCY_AGENCY_CAPTURE
MPLADS-000402,53.59,80.98,0,26,1,1,0.2,0,-0.33,0.0,NORMAL_GRAPH_TOPOLOGY,NONE,NONE
MPLADS-000403,3.67,3.28,0,32,1,1,0.1667,0,-0.17,0.0,NORMAL_GRAPH_TOPOLOGY,NONE,NONE
MPLADS-000404,23.13,37.38,0,21,1,1,0.1429,0,0.67,0.0,NORMAL_GRAPH_TOPOLOGY,NONE,NONE
MPLADS-000405,60.74,86.86,0,33,1,1,0.1667,0,-0.5,15.0,RECURRING_EXCLUSIVE_PAIRING,PRE_AWARD_GOVERNANCE_INSTABILITY,HUB_CENTRALITY_SPIKE
MPLADS-000406,52.98,80.4,0,1,1,1,0.1667,0,-1.0,0.0,NORMAL_GRAPH_TOPOLOGY,NONE,NONE
MPLADS-000407,8.51,11.04,0,6,1,1,0.2,0,1.0,0.0,NORMAL_GRAPH_TOPOLOGY,NONE,NONE
MPLADS-000408,80.94,98.34,1,34,1,1,0.3333,2,4.0,35.0,CORPORATE_COLLUSION_NETWORK,NONE,NONE
MPLADS-000409,37.2,60.7,0,27,1,1,0.1429,0,-1.0,15.0,NORMAL_GRAPH_TOPOLOGY,NONE,NONE
MPLADS-000410,3.72,3.36,0,7,1,1,0.1667,0,0.0,0.0,NORMAL_GRAPH_TOPOLOGY,NONE,NONE
MPLADS-000411,44.67,70.56,0,26,1,1,0.25,0,-0.33,15.0,NORMAL_GRAPH_TOPOLOGY,NONE,NONE
MPLADS-000412,15.52,23.66,0,17,1,1,0.1667,0,-0.67,0.0,NORMAL_GRAPH_TOPOLOGY,NONE,NONE
MPLADS-000413,56.02,83.42,0,1,1,1,0.3333,0,1.83,0.0,NORMAL_GRAPH_TOPOLOGY,NONE,NONE
MPLADS-000414,21.95,35.28,0,23,1,1,0.25,0,-0.67,0.0,NORMAL_GRAPH_TOPOLOGY,NONE,NONE
MPLADS-000415,43.1,68.72,0,33,1,1,0.1667,0,0.67,15.0,NORMAL_GRAPH_TOPOLOGY,NONE,NONE
MPLADS-000416,46.07,72.28,0,12,1,1,0.2,0,0.33,0.0,NORMAL_GRAPH_TOPOLOGY,NONE,NONE
MPLADS-000417,70.09,93.54,0,22,1,1,0.1667,2,0.67,50.0,CORPORATE_COLLUSION_NETWORK,RECURRING_EXCLUSIVE_PAIRING,NONE
MPLADS-000418,10.64,14.92,0,11,1,1,0.25,0,-0.17,0.0,NORMAL_GRAPH_TOPOLOGY,NONE,NONE
MPLADS-000419,12.69,18.52,0,35,1,1,0.25,0,0.5,0.0,NORMAL_GRAPH_TOPOLOGY,NONE,NONE
MPLADS-000420,11.58,16.56,0,2,1,1,0.2,0,0.0,0.0,NORMAL_GRAPH_TOPOLOGY,NONE,NONE
MPLADS-000421,22.62,36.44,0,31,1,1,0.3333,0,-0.67,0.0,NORMAL_GRAPH_TOPOLOGY,NONE,NONE
MPLADS-000422,62.15,87.72,0,24,1,1,0.2,2,1.0,35.0,CORPORATE_COLLUSION_NETWORK,NONE,NONE
MPLADS-000423,24.03,38.86,0,0,1,1,0.1111,0,-0.17,0.0,NORMAL_GRAPH_TOPOLOGY,NONE,NONE
MPLADS-000424,12.13,17.5,0,35,1,1,0.1667,0,-0.5,0.0,NORMAL_GRAPH_TOPOLOGY,NONE,NONE
MPLADS-000425,31.41,51.38,0,27,1,1,0.5,0,-0.33,0.0,NORMAL_GRAPH_TOPOLOGY,NONE,NONE
MPLADS-000426,24.68,39.98,0,4,1,1,0.3333,0,-0.67,0.0,NORMAL_GRAPH_TOPOLOGY,NONE,NONE
MPLADS-000427,82.39,98.58,1,26,1,1,0.2,2,4.0,35.0,CORPORATE_COLLUSION_NETWORK,HIGH_CONSTITUENCY_AGENCY_CAPTURE,NONE
MPLADS-000428,6.95,8.38,0,2,1,1,0.2,0,-0.33,0.0,NORMAL_GRAPH_TOPOLOGY,NONE,NONE
MPLADS-000429,5.43,5.82,0,21,1,1,0.2,0,0.0,0.0,NORMAL_GRAPH_TOPOLOGY,NONE,NONE
MPLADS-000430,20.46,32.7,0,24,1,1,0.25,0,0.83,0.0,NORMAL_GRAPH_TOPOLOGY,NONE,NONE
MPLADS-000431,8.09,10.26,0,35,1,1,0.25,0,0.33,0.0,NORMAL_GRAPH_TOPOLOGY,NONE,NONE
MPLADS-000432,22.11,35.56,0,6,1,1,0.25,0,0.0,0.0,NORMAL_GRAPH_TOPOLOGY,NONE,NONE
MPLADS-000433,7.73,9.62,0,2,1,1,0.2,0,0.17,0.0,NORMAL_GRAPH_TOPOLOGY,NONE,NONE
MPLADS-000434,20.49,32.74,0,28,1,1,0.1667,0,-0.83,0.0,NORMAL_GRAPH_TOPOLOGY,NONE,NONE
MPLADS-000435,9.17,12.22,0,35,1,1,0.25,0,-0.17,0.0,NORMAL_GRAPH_TOPOLOGY,NONE,NONE
MPLADS-000436,73.41,95.58,1,26,1,1,0.3333,1,1.33,35.0,CORPORATE_COLLUSION_NETWORK,HIGH_CONSTITUENCY_AGENCY_CAPTURE,PRE_AWARD_GOVERNANCE_INSTABILITY
MPLADS-000437,17.18,26.68,0,0,1,1,0.25,0,0.0,0.0,NORMAL_GRAPH_TOPOLOGY,NONE,NONE
MPLADS-000438,42.88,68.44,0,26,1,1,0.2,0,-0.17,0.0,NORMAL_GRAPH_TOPOLOGY,NONE,NONE
MPLADS-000439,52.38,79.76,0,27,1,1,0.124,0,0.5,15.0,NORMAL_GRAPH_TOPOLOGY,NONE,NONE
MPLADS-000440,28.57,46.72,0,33,1,1,0.25,0,-0.5,0.0,NORMAL_GRAPH_TOPOLOGY,NONE,NONE
MPLADS-000441,24.66,39.94,0,35,1,1,0.1429,0,-0.17,0.0,NORMAL_GRAPH_TOPOLOGY,NONE,NONE
MPLADS-000442,20.28,32.34,0,30,1,1,0.3333,0,0.0,0.0,NORMAL_GRAPH_TOPOLOGY,NONE,NONE
MPLADS-000443,49.14,76.1,0,32,1,1,0.3333,0,0.83,0.0,NORMAL_GRAPH_TOPOLOGY,NONE,NONE
MPLADS-000444,35.01,57.18,0,2,1,1,0.125,0,-0.5,15.0,NORMAL_GRAPH_TOPOLOGY,NONE,NONE
MPLADS-000445,11.15,15.78,0,0,1,1,0.125,0,-0.33,0.0,NORMAL_GRAPH_TOPOLOGY,NONE,NONE
MPLADS-000446,13.37,19.78,0,22,1,1,0.1667,0,0.33,0.0,NORMAL_GRAPH_TOPOLOGY,NONE,NONE
MPLADS-000447,13.69,20.36,0,36,1,1,0.25,0,-0.33,0.0,NORMAL_GRAPH_TOPOLOGY,NONE,NONE
MPLADS-000448,9.85,13.44,0,2,1,1,0.1667,0,0.17,0.0,NORMAL_GRAPH_TOPOLOGY,NONE,NONE
MPLADS-000449,18.45,29.02,0,32,1,1,0.125,0,-0.17,0.0,NORMAL_GRAPH_TOPOLOGY,NONE,NONE
MPLADS-000450,66.31,90.68,0,34,1,1,0.125,1,2.67,35.0,CORPORATE_COLLUSION_NETWORK,NONE,NONE
MPLADS-000451,9.95,13.62,0,30,1,1,0.1667,0,0.0,0.0,NORMAL_GRAPH_TOPOLOGY,NONE,NONE
MPLADS-000452,18.4,28.94,0,35,1,1,0.3333,0,-0.17,0.0,NORMAL_GRAPH_TOPOLOGY,NONE,NONE
MPLADS-000453,13.42,19.86,0,36,1,1,0.25,0,-0.17,0.0,NORMAL_GRAPH_TOPOLOGY,NONE,NONE
MPLADS-000454,35.01,57.16,0,17,1,1,0.125,0,-0.67,0.0,NORMAL_GRAPH_TOPOLOGY,NONE,NONE
MPLADS-000455,57.84,85.02,0,11,1,1,0.3333,1,0.33,35.0,NORMAL_GRAPH_TOPOLOGY,NONE,NONE
MPLADS-000456,59.73,86.32,0,34,1,1,0.2,0,-0.83,0.0,NORMAL_GRAPH_TOPOLOGY,NONE,NONE
MPLADS-000457,38.25,62.26,0,30,1,1,0.5,0,0.5,0.0,NORMAL_GRAPH_TOPOLOGY,NONE,NONE
MPLADS-000458,63.79,88.78,0,13,1,1,0.5,1,2.67,35.0,CORPORATE_COLLUSION_NETWORK,NONE,NONE
MPLADS-000459,22.7,36.58,0,33,1,1,0.1667,0,-0.5,0.0,NORMAL_GRAPH_TOPOLOGY,NONE,NONE
MPLADS-000460,11.79,16.88,0,2,1,1,0.1429,0,0.33,0.0,NORMAL_GRAPH_TOPOLOGY,NONE,NONE
MPLADS-000461,31.56,51.62,0,27,1,1,0.1429,0,0.5,15.0,NORMAL_GRAPH_TOPOLOGY,NONE,NONE
MPLADS-000462,9.2,12.28,0,11,1,1,0.2,0,0.0,0.0,NORMAL_GRAPH_TOPOLOGY,NONE,NONE
MPLADS-000463,25.08,40.68,0,8,1,1,0.125,0,-0.17,0.0,NORMAL_GRAPH_TOPOLOGY,NONE,NONE
MPLADS-000464,69.39,93.02,0,26,1,1,0.25,2,1.0,35.0,CORPORATE_COLLUSION_NETWORK,HUB_CENTRALITY_SPIKE,NONE
MPLADS-000465,53.05,80.48,0,9,1,1,0.5,0,-0.67,15.0,NORMAL_GRAPH_TOPOLOGY,NONE,NONE
MPLADS-000466,66.19,90.6,0,0,1,1,0.25,0,0.5,15.0,RECURRING_EXCLUSIVE_PAIRING,PRE_AWARD_GOVERNANCE_INSTABILITY,NONE
MPLADS-000467,46.08,72.3,0,21,1,1,0.25,0,1.0,0.0,NORMAL_GRAPH_TOPOLOGY,NONE,NONE
MPLADS-000468,14.15,21.2,0,9,1,1,0.1667,0,0.0,0.0,NORMAL_GRAPH_TOPOLOGY,NONE,NONE
MPLADS-000469,2.0,1.32,0,35,1,1,0.2,0,0.17,0.0,NORMAL_GRAPH_TOPOLOGY,NONE,NONE
MPLADS-000470,56.38,83.7,0,2,1,1,0.3333,0,1.0,15.0,NORMAL_GRAPH_TOPOLOGY,NONE,NONE
MPLADS-000471,11.77,16.84,0,12,1,1,0.1837,0,-0.5,0.0,NORMAL_GRAPH_TOPOLOGY,NONE,NONE
MPLADS-000472,26.05,42.34,0,33,1,1,0.25,0,-0.5,0.0,NORMAL_GRAPH_TOPOLOGY,NONE,NONE
MPLADS-000473,35.87,58.56,0,26,1,1,0.1667,0,-0.83,0.0,NORMAL_GRAPH_TOPOLOGY,NONE,NONE
MPLADS-000474,29.06,47.52,0,14,1,1,0.5,0,-0.5,0.0,NORMAL_GRAPH_TOPOLOGY,NONE,NONE
MPLADS-000475,27.31,44.56,0,33,1,1,0.3333,0,0.33,0.0,NORMAL_GRAPH_TOPOLOGY,NONE,NONE
MPLADS-000476,48.91,75.76,0,23,1,1,0.25,0,-0.83,0.0,NORMAL_GRAPH_TOPOLOGY,NONE,NONE
MPLADS-000477,19.93,31.74,0,30,1,1,0.25,0,0.5,0.0,NORMAL_GRAPH_TOPOLOGY,NONE,NONE
MPLADS-000478,31.87,52.12,0,1,1,1,0.25,0,1.67,0.0,NORMAL_GRAPH_TOPOLOGY,NONE,NONE
MPLADS-000479,42.06,67.38,0,31,1,1,0.1667,0,-0.83,0.0,NORMAL_GRAPH_TOPOLOGY,NONE,NONE
MPLADS-000480,21.71,34.86,0,33,1,1,0.25,0,0.67,0.0,NORMAL_GRAPH_TOPOLOGY,NONE,NONE
MPLADS-000481,14.1,21.12,0,18,1,1,0.1667,0,-0.67,0.0,NORMAL_GRAPH_TOPOLOGY,NONE,NONE
MPLADS-000482,22.83,36.8,0,29,1,1,0.5,0,0.0,0.0,NORMAL_GRAPH_TOPOLOGY,NONE,NONE
MPLADS-000483,12.65,18.44,0,0,1,1,0.25,0,-0.33,0.0,NORMAL_GRAPH_TOPOLOGY,NONE,NONE
MPLADS-000484,30.21,49.44,0,3,1,1,0.2,0,-0.5,0.0,NORMAL_GRAPH_TOPOLOGY,NONE,NONE
MPLADS-000485,39.1,63.38,0,14,1,1,0.3333,0,0.5,15.0,NORMAL_GRAPH_TOPOLOGY,NONE,NONE
MPLADS-000486,27.78,45.34,0,3,1,1,0.3333,0,-0.33,0.0,NORMAL_GRAPH_TOPOLOGY,NONE,NONE
MPLADS-000487,35.24,57.56,0,33,1,1,0.25,0,0.33,0.0,NORMAL_GRAPH_TOPOLOGY,NONE,NONE
MPLADS-000488,45.35,71.42,0,24,1,1,0.2,0,1.0,0.0,NORMAL_GRAPH_TOPOLOGY,NONE,NONE
MPLADS-000489,34.7,56.68,0,32,1,1,0.2,0,1.67,0.0,NORMAL_GRAPH_TOPOLOGY,NONE,NONE
MPLADS-000490,11.61,16.6,0,14,1,1,0.25,0,0.0,0.0,NORMAL_GRAPH_TOPOLOGY,NONE,NONE
MPLADS-000491,28.71,46.96,0,35,1,1,0.5,0,-0.33,0.0,NORMAL_GRAPH_TOPOLOGY,NONE,NONE
MPLADS-000492,67.68,91.72,0,9,1,1,0.25,2,1.0,35.0,CORPORATE_COLLUSION_NETWORK,NONE,NONE
MPLADS-000493,8.67,11.34,0,7,1,1,0.2,0,0.0,0.0,NORMAL_GRAPH_TOPOLOGY,NONE,NONE
MPLADS-000494,17.97,28.14,0,13,1,1,0.2,0,0.5,0.0,NORMAL_GRAPH_TOPOLOGY,NONE,NONE
MPLADS-000495,22.36,35.96,0,33,1,1,0.1667,0,-0.5,0.0,NORMAL_GRAPH_TOPOLOGY,NONE,NONE
MPLADS-000496,15.34,23.34,0,3,1,1,0.3333,0,-0.17,0.0,NORMAL_GRAPH_TOPOLOGY,NONE,NONE
MPLADS-000497,37.31,60.84,0,27,1,1,0.2,0,0.17,15.0,NORMAL_GRAPH_TOPOLOGY,NONE,NONE
MPLADS-000498,47.26,73.82,0,1,1,1,0.1429,0,0.0,0.0,NORMAL_GRAPH_TOPOLOGY,NONE,NONE
MPLADS-000499,10.74,15.1,0,19,1,1,0.2,0,0.0,0.0,NORMAL_GRAPH_TOPOLOGY,NONE,NONE
MPLADS-000500,37.6,61.3,0,11,1,1,0.3333,0,0.67,15.0,NORMAL_GRAPH_TOPOLOGY,NONE,NONE
MPLADS-000501,52.7,80.12,0,22,1,1,0.5,0,-0.83,15.0,NORMAL_GRAPH_TOPOLOGY,NONE,NONE
MPLADS-000502,20.51,32.78,0,27,1,1,0.1562,0,-0.83,0.0,NORMAL_GRAPH_TOPOLOGY,NONE,NONE
MPLADS-000503,7.86,9.84,0,33,1,1,0.2,0,0.33,0.0,NORMAL_GRAPH_TOPOLOGY,NONE,NONE
MPLADS-000504,40.78,65.7,0,1,1,1,0.2,0,0.5,15.0,NORMAL_GRAPH_TOPOLOGY,NONE,NONE
MPLADS-000505,65.66,90.12,0,18,1,1,1.0,0,-0.17,0.0,PRE_AWARD_GOVERNANCE_INSTABILITY,HUB_CENTRALITY_SPIKE,NONE
MPLADS-000506,73.44,95.6,1,26,1,1,0.3333,1,0.67,35.0,CORPORATE_COLLUSION_NETWORK,HIGH_CONSTITUENCY_AGENCY_CAPTURE,PRE_AWARD_GOVERNANCE_INSTABILITY
MPLADS-000507,32.73,53.42,0,28,1,1,0.1667,0,-1.0,0.0,NORMAL_GRAPH_TOPOLOGY,NONE,NONE
MPLADS-000508,50.64,77.7,0,4,1,1,0.2222,0,-0.33,0.0,NORMAL_GRAPH_TOPOLOGY,NONE,NONE
MPLADS-000509,5.61,6.14,0,14,1,1,0.2,0,-0.17,0.0,NORMAL_GRAPH_TOPOLOGY,NONE,NONE
MPLADS-000510,17.8,27.82,0,30,1,1,0.3333,0,-0.17,0.0,NORMAL_GRAPH_TOPOLOGY,NONE,NONE
MPLADS-000511,17.39,27.1,0,1,1,1,0.2,0,0.17,0.0,NORMAL_GRAPH_TOPOLOGY,NONE,NONE
MPLADS-000512,53.33,80.76,0,12,1,1,0.5,0,0.0,0.0,NORMAL_GRAPH_TOPOLOGY,NONE,NONE
MPLADS-000513,16.14,24.74,0,6,1,1,0.1429,0,0.33,0.0,NORMAL_GRAPH_TOPOLOGY,NONE,NONE
MPLADS-000514,37.34,60.9,0,14,1,1,0.5,0,-0.5,0.0,NORMAL_GRAPH_TOPOLOGY,NONE,NONE
MPLADS-000515,14.73,22.26,0,30,1,1,0.1667,0,0.33,0.0,NORMAL_GRAPH_TOPOLOGY,NONE,NONE
MPLADS-000516,53.73,81.12,0,2,1,1,0.1429,0,-0.83,0.0,NORMAL_GRAPH_TOPOLOGY,NONE,NONE
MPLADS-000517,39.86,64.44,0,6,1,1,0.5,0,0.5,0.0,NORMAL_GRAPH_TOPOLOGY,NONE,NONE
MPLADS-000518,18.67,29.4,0,5,1,1,0.25,0,-0.67,0.0,NORMAL_GRAPH_TOPOLOGY,NONE,NONE
MPLADS-000519,2.07,1.38,0,6,1,1,0.1667,0,-0.33,0.0,NORMAL_GRAPH_TOPOLOGY,NONE,NONE
MPLADS-000520,42.45,67.92,0,5,1,1,0.5,0,-0.67,0.0,NORMAL_GRAPH_TOPOLOGY,NONE,NONE
MPLADS-000521,15.47,23.58,0,18,1,1,0.25,0,0.0,0.0,NORMAL_GRAPH_TOPOLOGY,NONE,NONE
MPLADS-000522,61.24,87.18,0,36,1,1,0.5,1,1.33,35.0,CORPORATE_COLLUSION_NETWORK,HIGH_CONSTITUENCY_AGENCY_CAPTURE,HUB_CENTRALITY_SPIKE
MPLADS-000523,22.98,37.08,0,27,1,1,0.5,0,-0.33,0.0,NORMAL_GRAPH_TOPOLOGY,NONE,NONE
MPLADS-000524,10.78,15.16,0,0,1,1,0.3333,0,0.67,0.0,NORMAL_GRAPH_TOPOLOGY,NONE,NONE
MPLADS-000525,61.13,87.1,0,26,1,1,0.2,1,0.0,35.0,CORPORATE_COLLUSION_NETWORK,NONE,NONE
MPLADS-000526,46.86,73.26,0,12,1,1,0.3333,0,0.17,15.0,NORMAL_GRAPH_TOPOLOGY,NONE,NONE
MPLADS-000527,5.72,6.34,0,24,1,1,0.1667,0,0.17,0.0,NORMAL_GRAPH_TOPOLOGY,NONE,NONE
MPLADS-000528,23.06,37.24,0,23,1,1,0.25,0,0.0,15.0,NORMAL_GRAPH_TOPOLOGY,NONE,NONE
MPLADS-000529,24.13,39.04,0,18,1,1,0.2,0,-0.83,0.0,NORMAL_GRAPH_TOPOLOGY,NONE,NONE
MPLADS-000530,46.62,72.96,0,12,1,1,0.2,0,-0.83,0.0,NORMAL_GRAPH_TOPOLOGY,NONE,NONE
MPLADS-000531,42.93,68.5,0,17,1,1,0.125,0,0.83,15.0,NORMAL_GRAPH_TOPOLOGY,NONE,NONE
MPLADS-000532,51.4,78.64,0,9,1,1,0.25,0,0.83,0.0,NORMAL_GRAPH_TOPOLOGY,NONE,NONE
MPLADS-000533,40.47,65.3,0,26,1,1,0.1429,0,-0.17,15.0,NORMAL_GRAPH_TOPOLOGY,NONE,NONE
MPLADS-000534,11.33,16.12,0,25,1,1,0.25,0,0.67,0.0,NORMAL_GRAPH_TOPOLOGY,NONE,NONE
MPLADS-000535,30.79,50.42,0,14,1,1,0.5,0,0.0,0.0,NORMAL_GRAPH_TOPOLOGY,NONE,NONE
MPLADS-000536,13.8,20.58,0,31,1,1,0.3333,0,0.33,0.0,NORMAL_GRAPH_TOPOLOGY,NONE,NONE
MPLADS-000537,56.98,84.16,0,25,1,1,0.25,0,-1.5,15.0,NORMAL_GRAPH_TOPOLOGY,NONE,NONE
MPLADS-000538,18.96,29.98,0,13,1,1,0.2,0,0.5,0.0,NORMAL_GRAPH_TOPOLOGY,NONE,NONE
MPLADS-000539,78.1,97.6,1,12,2,1,0.5556,0,0.0,0.0,HUB_CENTRALITY_SPIKE,NONE,NONE
MPLADS-000540,67.43,91.54,0,12,1,1,1.0,0,0.0,0.0,HUB_CENTRALITY_SPIKE,NONE,NONE
MPLADS-000541,17.45,27.2,0,11,1,1,0.1667,0,0.17,0.0,NORMAL_GRAPH_TOPOLOGY,NONE,NONE
MPLADS-000542,27.98,45.68,0,6,1,1,0.1429,0,-0.33,0.0,NORMAL_GRAPH_TOPOLOGY,NONE,NONE
MPLADS-000543,4.76,4.74,0,32,1,1,0.1667,0,-0.5,0.0,NORMAL_GRAPH_TOPOLOGY,NONE,NONE
MPLADS-000544,28.34,46.3,0,27,1,1,0.3333,0,0.0,0.0,NORMAL_GRAPH_TOPOLOGY,NONE,NONE
MPLADS-000545,71.09,94.18,0,3,1,1,0.1667,1,2.33,35.0,CORPORATE_COLLUSION_NETWORK,PRE_AWARD_GOVERNANCE_INSTABILITY,NONE
MPLADS-000546,29.13,47.62,0,0,1,1,0.25,0,-0.17,0.0,NORMAL_GRAPH_TOPOLOGY,NONE,NONE
MPLADS-000547,9.18,12.24,0,0,1,1,0.3333,0,0.17,0.0,NORMAL_GRAPH_TOPOLOGY,NONE,NONE
MPLADS-000548,40.7,65.6,0,3,1,1,0.1667,0,0.17,0.0,NORMAL_GRAPH_TOPOLOGY,NONE,NONE
MPLADS-000549,68.65,92.36,0,17,1,1,0.25,0,0.17,15.0,RECURRING_EXCLUSIVE_PAIRING,HIGH_CONSTITUENCY_AGENCY_CAPTURE,PRE_AWARD_GOVERNANCE_INSTABILITY
MPLADS-000550,39.44,63.82,0,7,1,1,0.1429,0,-0.33,15.0,NORMAL_GRAPH_TOPOLOGY,NONE,NONE
MPLADS-000551,34.77,56.78,0,3,1,1,0.125,0,0.33,15.0,NORMAL_GRAPH_TOPOLOGY,NONE,NONE
MPLADS-000552,34.61,56.52,0,26,1,1,0.1429,0,0.17,0.0,NORMAL_GRAPH_TOPOLOGY,NONE,NONE
MPLADS-000553,0.85,0.34,0,12,1,1,0.25,0,0.0,0.0,NORMAL_GRAPH_TOPOLOGY,NONE,NONE
MPLADS-000554,9.38,12.6,0,29,1,1,0.2,0,0.0,0.0,NORMAL_GRAPH_TOPOLOGY,NONE,NONE
MPLADS-000555,18.24,28.64,0,34,1,1,0.25,0,0.0,0.0,NORMAL_GRAPH_TOPOLOGY,NONE,NONE
MPLADS-000556,8.04,10.18,0,35,1,1,0.2,0,0.33,0.0,NORMAL_GRAPH_TOPOLOGY,NONE,NONE
MPLADS-000557,39.34,63.74,0,11,1,1,0.1429,0,-0.33,15.0,NORMAL_GRAPH_TOPOLOGY,NONE,NONE
MPLADS-000558,20.34,32.44,0,35,1,1,0.3333,0,0.17,0.0,NORMAL_GRAPH_TOPOLOGY,NONE,NONE
MPLADS-000559,18.92,29.9,0,4,1,1,0.2,0,-0.83,0.0,NORMAL_GRAPH_TOPOLOGY,NONE,NONE
MPLADS-000560,2.4,1.74,0,0,1,1,0.25,0,0.17,0.0,NORMAL_GRAPH_TOPOLOGY,NONE,NONE
MPLADS-000561,32.61,53.28,0,24,1,1,0.25,0,-0.17,15.0,NORMAL_GRAPH_TOPOLOGY,NONE,NONE
MPLADS-000562,45.09,71.12,0,30,1,1,0.3333,0,0.17,0.0,NORMAL_GRAPH_TOPOLOGY,NONE,NONE
MPLADS-000563,3.77,3.4,0,23,1,1,0.2,0,0.0,0.0,NORMAL_GRAPH_TOPOLOGY,NONE,NONE
MPLADS-000564,12.84,18.82,0,33,1,1,0.2,0,-0.17,0.0,NORMAL_GRAPH_TOPOLOGY,NONE,NONE
MPLADS-000565,30.35,49.7,0,26,1,1,0.1429,0,-0.67,0.0,NORMAL_GRAPH_TOPOLOGY,NONE,NONE
MPLADS-000566,49.67,76.62,0,35,1,1,0.1,0,-0.17,15.0,NORMAL_GRAPH_TOPOLOGY,NONE,NONE
MPLADS-000567,11.35,16.14,0,12,1,1,0.25,0,-0.17,0.0,NORMAL_GRAPH_TOPOLOGY,NONE,NONE
MPLADS-000568,28.4,46.4,0,36,1,1,0.25,0,-0.33,15.0,NORMAL_GRAPH_TOPOLOGY,NONE,NONE
MPLADS-000569,37.81,61.62,0,6,1,1,0.5,0,1.67,0.0,NORMAL_GRAPH_TOPOLOGY,NONE,NONE
MPLADS-000570,43.77,69.58,0,6,1,1,0.1667,0,0.33,0.0,NORMAL_GRAPH_TOPOLOGY,NONE,NONE
MPLADS-000571,26.12,42.46,0,36,1,1,0.3333,0,-0.17,0.0,NORMAL_GRAPH_TOPOLOGY,NONE,NONE
MPLADS-000572,7.2,8.78,0,24,1,1,0.2,0,-0.33,0.0,NORMAL_GRAPH_TOPOLOGY,NONE,NONE
MPLADS-000573,38.0,61.94,0,29,1,1,0.3333,0,0.5,15.0,NORMAL_GRAPH_TOPOLOGY,NONE,NONE
MPLADS-000574,19.31,30.62,0,5,1,1,0.125,0,0.33,0.0,NORMAL_GRAPH_TOPOLOGY,NONE,NONE
MPLADS-000575,12.97,19.06,0,30,1,1,0.1667,0,0.5,0.0,NORMAL_GRAPH_TOPOLOGY,NONE,NONE
MPLADS-000576,56.74,83.96,0,0,1,1,0.1429,0,0.0,15.0,NORMAL_GRAPH_TOPOLOGY,NONE,NONE
MPLADS-000577,78.45,97.7,1,20,1,1,0.5,2,0.67,50.0,CORPORATE_COLLUSION_NETWORK,RECURRING_EXCLUSIVE_PAIRING,NONE
MPLADS-000578,16.46,25.36,0,15,1,1,0.2222,0,-0.17,0.0,NORMAL_GRAPH_TOPOLOGY,NONE,NONE
MPLADS-000579,4.03,3.74,0,29,1,1,0.2,0,0.17,0.0,NORMAL_GRAPH_TOPOLOGY,NONE,NONE
MPLADS-000580,33.0,53.88,0,14,1,1,0.5,0,-0.33,15.0,NORMAL_GRAPH_TOPOLOGY,NONE,NONE
MPLADS-000581,19.15,30.32,0,17,1,1,0.2,0,-0.5,0.0,NORMAL_GRAPH_TOPOLOGY,NONE,NONE
MPLADS-000582,27.23,44.4,0,23,1,1,0.25,0,1.67,0.0,NORMAL_GRAPH_TOPOLOGY,NONE,NONE
MPLADS-000583,43.23,68.86,0,34,1,1,0.2,0,-0.17,0.0,NORMAL_GRAPH_TOPOLOGY,NONE,NONE
MPLADS-000584,72.44,95.08,1,25,1,1,0.2,2,1.0,50.0,CORPORATE_COLLUSION_NETWORK,RECURRING_EXCLUSIVE_PAIRING,NONE
MPLADS-000585,13.31,19.68,0,24,1,1,0.2,0,1.17,0.0,NORMAL_GRAPH_TOPOLOGY,NONE,NONE
MPLADS-000586,30.76,50.38,0,9,1,1,0.1667,0,-0.5,15.0,NORMAL_GRAPH_TOPOLOGY,NONE,NONE
MPLADS-000587,31.06,50.82,0,10,1,1,0.3333,0,-0.5,0.0,NORMAL_GRAPH_TOPOLOGY,NONE,NONE
MPLADS-000588,22.97,37.06,0,9,1,1,0.1667,0,-0.33,15.0,NORMAL_GRAPH_TOPOLOGY,NONE,NONE
MPLADS-000589,18.05,28.3,0,34,1,1,0.3333,0,-0.5,0.0,NORMAL_GRAPH_TOPOLOGY,NONE,NONE
MPLADS-000590,7.06,8.54,0,14,1,1,0.3333,0,-0.5,0.0,NORMAL_GRAPH_TOPOLOGY,NONE,NONE
MPLADS-000591,82.61,98.62,1,27,1,1,0.1111,2,4.0,35.0,CORPORATE_COLLUSION_NETWORK,NONE,NONE
MPLADS-000592,21.5,34.46,0,7,1,1,0.25,0,-0.33,15.0,NORMAL_GRAPH_TOPOLOGY,NONE,NONE
MPLADS-000593,24.2,39.16,0,2,1,1,0.25,0,0.5,15.0,NORMAL_GRAPH_TOPOLOGY,NONE,NONE
MPLADS-000594,26.01,42.26,0,34,1,1,0.125,0,0.33,0.0,NORMAL_GRAPH_TOPOLOGY,NONE,NONE
MPLADS-000595,38.69,62.94,0,7,1,1,0.1111,0,0.0,15.0,NORMAL_GRAPH_TOPOLOGY,NONE,NONE
MPLADS-000596,18.89,29.82,0,21,1,1,0.125,0,0.0,0.0,NORMAL_GRAPH_TOPOLOGY,NONE,NONE
MPLADS-000597,14.23,21.36,0,30,1,1,0.2,0,-0.5,0.0,NORMAL_GRAPH_TOPOLOGY,NONE,NONE
MPLADS-000598,18.94,29.94,0,11,1,1,0.2,0,-0.33,15.0,NORMAL_GRAPH_TOPOLOGY,NONE,NONE
MPLADS-000599,46.21,72.5,0,34,1,1,0.25,0,-0.83,0.0,NORMAL_GRAPH_TOPOLOGY,NONE,NONE
MPLADS-000600,14.48,21.82,0,32,1,1,0.125,0,-0.5,0.0,NORMAL_GRAPH_TOPOLOGY,NONE,NONE
MPLADS-000601,20.76,33.22,0,30,1,1,0.1111,0,0.0,0.0,NORMAL_GRAPH_TOPOLOGY,NONE,NONE
MPLADS-000602,64.68,89.44,0,32,1,1,0.1667,2,1.0,35.0,CORPORATE_COLLUSION_NETWORK,NONE,NONE
MPLADS-000603,32.15,52.52,0,32,1,1,0.1667,0,-1.0,0.0,NORMAL_GRAPH_TOPOLOGY,NONE,NONE
MPLADS-000604,21.94,35.26,0,27,1,1,0.1429,0,0.17,0.0,NORMAL_GRAPH_TOPOLOGY,NONE,NONE
MPLADS-000605,28.16,46.0,0,12,1,1,0.3333,0,-1.0,0.0,NORMAL_GRAPH_TOPOLOGY,NONE,NONE
MPLADS-000606,36.72,59.92,0,34,1,1,0.5,0,0.0,0.0,NORMAL_GRAPH_TOPOLOGY,NONE,NONE
MPLADS-000607,37.59,61.26,0,12,1,1,0.3333,0,-0.17,0.0,NORMAL_GRAPH_TOPOLOGY,NONE,NONE
MPLADS-000608,16.55,25.52,0,13,1,1,0.2,0,0.5,0.0,NORMAL_GRAPH_TOPOLOGY,NONE,NONE
MPLADS-000609,35.41,57.82,0,20,1,1,0.3333,0,-0.83,0.0,NORMAL_GRAPH_TOPOLOGY,NONE,NONE
MPLADS-000610,15.66,23.9,0,11,1,1,0.125,0,0.0,0.0,NORMAL_GRAPH_TOPOLOGY,NONE,NONE
MPLADS-000611,22.43,36.1,0,8,1,1,0.25,0,0.33,15.0,NORMAL_GRAPH_TOPOLOGY,NONE,NONE
MPLADS-000612,17.23,26.76,0,7,1,1,0.1429,0,-0.5,0.0,NORMAL_GRAPH_TOPOLOGY,NONE,NONE
MPLADS-000613,41.21,66.28,0,33,1,1,0.2,0,-1.0,0.0,NORMAL_GRAPH_TOPOLOGY,NONE,NONE
MPLADS-000614,56.31,83.64,0,24,1,1,0.5,0,1.0,0.0,NORMAL_GRAPH_TOPOLOGY,NONE,NONE
MPLADS-000615,43.12,68.76,0,22,1,1,0.1667,0,0.17,15.0,NORMAL_GRAPH_TOPOLOGY,NONE,NONE
MPLADS-000616,25.42,41.28,0,22,1,1,0.3333,0,-0.5,0.0,NORMAL_GRAPH_TOPOLOGY,NONE,NONE
MPLADS-000617,22.77,36.68,0,28,1,1,0.3333,0,-0.5,0.0,NORMAL_GRAPH_TOPOLOGY,NONE,NONE
MPLADS-000618,11.18,15.84,0,6,1,1,0.2,0,0.67,0.0,NORMAL_GRAPH_TOPOLOGY,NONE,NONE
MPLADS-000619,8.75,11.46,0,31,1,1,0.1667,0,0.17,0.0,NORMAL_GRAPH_TOPOLOGY,NONE,NONE
MPLADS-000620,56.64,83.9,0,33,1,1,0.25,1,1.67,35.0,NORMAL_GRAPH_TOPOLOGY,NONE,NONE
MPLADS-000621,7.13,8.66,0,14,1,1,0.1667,0,-0.67,0.0,NORMAL_GRAPH_TOPOLOGY,NONE,NONE
MPLADS-000622,47.67,74.26,0,32,1,1,0.1429,0,0.83,0.0,NORMAL_GRAPH_TOPOLOGY,NONE,NONE
MPLADS-000623,51.77,79.08,0,35,1,1,0.1667,0,-0.83,0.0,NORMAL_GRAPH_TOPOLOGY,NONE,NONE
MPLADS-000624,21.17,33.92,0,35,1,1,0.25,0,-0.83,0.0,NORMAL_GRAPH_TOPOLOGY,NONE,NONE
MPLADS-000625,56.4,83.72,0,15,1,1,1.0,0,0.33,0.0,NORMAL_GRAPH_TOPOLOGY,NONE,NONE
MPLADS-000626,22.34,35.94,0,13,1,1,0.2222,0,-0.33,15.0,NORMAL_GRAPH_TOPOLOGY,NONE,NONE
MPLADS-000627,45.23,71.26,0,9,1,1,0.1667,0,-0.67,15.0,NORMAL_GRAPH_TOPOLOGY,NONE,NONE
MPLADS-000628,9.69,13.14,0,14,1,1,0.25,0,0.67,0.0,NORMAL_GRAPH_TOPOLOGY,NONE,NONE
MPLADS-000629,14.9,22.56,0,24,1,1,0.1667,0,-0.33,15.0,NORMAL_GRAPH_TOPOLOGY,NONE,NONE
MPLADS-000630,26.46,43.06,0,26,1,1,0.1667,0,0.0,0.0,NORMAL_GRAPH_TOPOLOGY,NONE,NONE
MPLADS-000631,35.1,57.32,0,30,1,1,0.1429,0,0.0,15.0,NORMAL_GRAPH_TOPOLOGY,NONE,NONE
MPLADS-000632,24.62,39.86,0,19,1,1,0.25,0,-0.83,0.0,NORMAL_GRAPH_TOPOLOGY,NONE,NONE
MPLADS-000633,2.95,2.42,0,14,1,1,0.1667,0,0.0,0.0,NORMAL_GRAPH_TOPOLOGY,NONE,NONE
MPLADS-000634,48.24,74.9,0,21,1,1,0.1429,0,0.83,0.0,NORMAL_GRAPH_TOPOLOGY,NONE,NONE
MPLADS-000635,48.96,75.84,0,26,1,1,0.25,0,-0.17,15.0,NORMAL_GRAPH_TOPOLOGY,NONE,NONE
MPLADS-000636,12.93,19.0,0,10,1,1,0.25,0,0.67,0.0,NORMAL_GRAPH_TOPOLOGY,NONE,NONE
MPLADS-000637,51.75,79.04,0,33,1,1,0.1111,0,-0.83,15.0,NORMAL_GRAPH_TOPOLOGY,NONE,NONE
MPLADS-000638,12.81,18.74,0,12,1,1,0.2,0,-0.5,0.0,NORMAL_GRAPH_TOPOLOGY,NONE,NONE
MPLADS-000639,9.04,11.94,0,17,1,1,0.3333,0,0.0,0.0,NORMAL_GRAPH_TOPOLOGY,NONE,NONE
MPLADS-000640,55.47,82.92,0,23,1,1,0.1667,0,-0.83,0.0,NORMAL_GRAPH_TOPOLOGY,NONE,NONE
MPLADS-000641,66.76,91.02,0,10,1,1,0.3333,0,0.5,15.0,RECURRING_EXCLUSIVE_PAIRING,PRE_AWARD_GOVERNANCE_INSTABILITY,NONE
MPLADS-000642,13.34,19.76,0,30,1,1,0.1429,0,0.5,0.0,NORMAL_GRAPH_TOPOLOGY,NONE,NONE
MPLADS-000643,19.39,30.76,0,33,1,1,0.1667,0,-0.33,0.0,NORMAL_GRAPH_TOPOLOGY,NONE,NONE
MPLADS-000644,26.74,43.54,0,22,1,1,0.1111,0,-0.17,0.0,NORMAL_GRAPH_TOPOLOGY,NONE,NONE
MPLADS-000645,49.66,76.6,0,12,1,1,1.0,0,-0.5,0.0,NORMAL_GRAPH_TOPOLOGY,NONE,NONE
MPLADS-000646,13.11,19.32,0,3,1,1,0.25,0,0.17,0.0,NORMAL_GRAPH_TOPOLOGY,NONE,NONE
MPLADS-000647,12.91,18.96,0,27,1,1,0.1667,0,-0.17,0.0,NORMAL_GRAPH_TOPOLOGY,NONE,NONE
MPLADS-000648,66.69,90.94,0,34,1,1,0.3333,0,-0.83,0.0,ELEVATED_GRAPH_CENTRALITY,NONE,NONE
MPLADS-000649,6.33,7.36,0,1,1,1,0.25,0,0.17,0.0,NORMAL_GRAPH_TOPOLOGY,NONE,NONE
MPLADS-000650,50.51,77.5,0,8,1,1,0.3333,0,1.0,0.0,NORMAL_GRAPH_TOPOLOGY,NONE,NONE
MPLADS-000651,71.99,94.8,0,34,1,1,0.2,2,0.67,50.0,CORPORATE_COLLUSION_NETWORK,RECURRING_EXCLUSIVE_PAIRING,NONE
MPLADS-000652,16.22,24.9,0,14,1,1,0.2,0,-0.17,0.0,NORMAL_GRAPH_TOPOLOGY,NONE,NONE
MPLADS-000653,16.07,24.62,0,26,1,1,0.2,0,0.0,0.0,NORMAL_GRAPH_TOPOLOGY,NONE,NONE
MPLADS-000654,34.42,56.2,0,35,1,1,0.1429,0,1.17,0.0,NORMAL_GRAPH_TOPOLOGY,NONE,NONE
MPLADS-000655,21.69,34.82,0,8,1,1,0.25,0,0.0,0.0,NORMAL_GRAPH_TOPOLOGY,NONE,NONE
MPLADS-000656,28.2,46.08,0,34,1,1,0.25,0,0.17,0.0,NORMAL_GRAPH_TOPOLOGY,NONE,NONE
MPLADS-000657,22.22,35.74,0,6,1,1,0.2,0,0.5,15.0,NORMAL_GRAPH_TOPOLOGY,NONE,NONE
MPLADS-000658,7.27,8.88,0,14,1,1,0.3333,0,0.0,0.0,NORMAL_GRAPH_TOPOLOGY,NONE,NONE
MPLADS-000659,69.77,93.3,0,26,1,1,0.2,2,1.67,35.0,CORPORATE_COLLUSION_NETWORK,HUB_CENTRALITY_SPIKE,NONE
MPLADS-000660,27.86,45.46,0,26,1,1,0.125,0,-0.17,0.0,NORMAL_GRAPH_TOPOLOGY,NONE,NONE
MPLADS-000661,17.37,27.04,0,35,1,1,0.1667,0,-0.83,0.0,NORMAL_GRAPH_TOPOLOGY,NONE,NONE
MPLADS-000662,32.28,52.72,0,29,1,1,0.1429,0,-1.0,0.0,NORMAL_GRAPH_TOPOLOGY,NONE,NONE
MPLADS-000663,14.85,22.46,0,7,1,1,0.2,0,0.67,0.0,NORMAL_GRAPH_TOPOLOGY,NONE,NONE
MPLADS-000664,21.08,33.76,0,23,1,1,0.1429,0,-0.67,0.0,NORMAL_GRAPH_TOPOLOGY,NONE,NONE
MPLADS-000665,26.72,43.48,0,26,1,1,0.2,0,-0.5,0.0,NORMAL_GRAPH_TOPOLOGY,NONE,NONE
MPLADS-000666,13.28,19.64,0,27,1,1,0.2,0,-0.5,0.0,NORMAL_GRAPH_TOPOLOGY,NONE,NONE
MPLADS-000667,57.7,84.86,0,3,1,1,0.125,1,1.33,35.0,NORMAL_GRAPH_TOPOLOGY,NONE,NONE
MPLADS-000668,38.63,62.84,0,0,1,1,0.3333,0,-0.17,15.0,NORMAL_GRAPH_TOPOLOGY,NONE,NONE
MPLADS-000669,53.84,81.24,0,10,1,1,1.0,0,0.33,0.0,NORMAL_GRAPH_TOPOLOGY,NONE,NONE
MPLADS-000670,7.45,9.16,0,6,1,1,0.1667,0,0.0,0.0,NORMAL_GRAPH_TOPOLOGY,NONE,NONE
MPLADS-000671,20.11,32.06,0,33,1,1,0.2,0,0.67,0.0,NORMAL_GRAPH_TOPOLOGY,NONE,NONE
MPLADS-000672,16.35,25.14,0,20,1,1,0.3333,0,-0.33,0.0,NORMAL_GRAPH_TOPOLOGY,NONE,NONE
MPLADS-000673,14.56,21.94,0,19,1,1,0.125,0,0.33,0.0,NORMAL_GRAPH_TOPOLOGY,NONE,NONE
MPLADS-000674,24.06,38.9,0,8,1,1,0.25,0,0.5,0.0,NORMAL_GRAPH_TOPOLOGY,NONE,NONE
MPLADS-000675,84.25,98.86,1,11,1,1,0.0833,2,0.67,50.0,CORPORATE_COLLUSION_NETWORK,RECURRING_EXCLUSIVE_PAIRING,NONE
MPLADS-000676,4.21,3.98,0,32,1,1,0.25,0,0.17,0.0,NORMAL_GRAPH_TOPOLOGY,NONE,NONE
MPLADS-000677,11.91,17.1,0,0,1,1,0.1429,0,-0.17,0.0,NORMAL_GRAPH_TOPOLOGY,NONE,NONE
MPLADS-000678,32.76,53.48,0,16,1,1,0.25,0,-1.0,0.0,NORMAL_GRAPH_TOPOLOGY,NONE,NONE
MPLADS-000679,36.31,59.24,0,33,1,1,0.25,0,1.67,0.0,NORMAL_GRAPH_TOPOLOGY,NONE,NONE
MPLADS-000680,49.43,76.38,0,7,1,1,0.2,0,-0.83,0.0,NORMAL_GRAPH_TOPOLOGY,NONE,NONE
MPLADS-000681,52.47,79.86,0,13,1,1,0.5,0,-0.83,15.0,NORMAL_GRAPH_TOPOLOGY,NONE,NONE
MPLADS-000682,33.26,54.3,0,34,1,1,0.2,0,0.5,15.0,NORMAL_GRAPH_TOPOLOGY,NONE,NONE
MPLADS-000683,14.52,21.88,0,1,1,1,0.1667,0,-0.17,0.0,NORMAL_GRAPH_TOPOLOGY,NONE,NONE
MPLADS-000684,26.37,42.9,0,13,1,1,0.3333,0,-0.5,0.0,NORMAL_GRAPH_TOPOLOGY,NONE,NONE
MPLADS-000685,33.05,53.96,0,14,1,1,0.25,0,1.17,15.0,NORMAL_GRAPH_TOPOLOGY,NONE,NONE
MPLADS-000686,16.8,26.0,0,20,1,1,0.1667,0,0.5,0.0,NORMAL_GRAPH_TOPOLOGY,NONE,NONE
MPLADS-000687,7.37,9.02,0,36,1,1,0.1667,0,0.0,0.0,NORMAL_GRAPH_TOPOLOGY,NONE,NONE
MPLADS-000688,6.26,7.24,0,10,1,1,0.25,0,0.0,0.0,NORMAL_GRAPH_TOPOLOGY,NONE,NONE
MPLADS-000689,64.97,89.6,0,5,1,1,0.5,1,1.67,35.0,CORPORATE_COLLUSION_NETWORK,HIGH_CONSTITUENCY_AGENCY_CAPTURE,HUB_CENTRALITY_SPIKE
MPLADS-000690,2.64,2.02,0,28,1,1,0.2,0,-0.17,0.0,NORMAL_GRAPH_TOPOLOGY,NONE,NONE
MPLADS-000691,46.13,72.38,0,35,1,1,0.1667,0,0.83,0.0,NORMAL_GRAPH_TOPOLOGY,NONE,NONE
MPLADS-000692,51.63,78.88,0,24,1,1,0.125,0,0.17,0.0,NORMAL_GRAPH_TOPOLOGY,NONE,NONE
MPLADS-000693,3.35,2.84,0,7,1,1,0.2,0,0.0,0.0,NORMAL_GRAPH_TOPOLOGY,NONE,NONE
MPLADS-000694,55.68,83.1,0,25,1,1,0.25,1,2.67,35.0,NORMAL_GRAPH_TOPOLOGY,NONE,NONE
MPLADS-000695,62.62,88.06,0,13,1,1,0.1562,1,0.67,50.0,CORPORATE_COLLUSION_NETWORK,HIGH_CONSTITUENCY_AGENCY_CAPTURE,RECURRING_EXCLUSIVE_PAIRING
MPLADS-000696,12.17,17.58,0,33,1,1,0.25,0,0.17,0.0,NORMAL_GRAPH_TOPOLOGY,NONE,NONE
MPLADS-000697,31.08,50.86,0,16,1,1,0.125,0,-0.17,0.0,NORMAL_GRAPH_TOPOLOGY,NONE,NONE
MPLADS-000698,42.28,67.7,0,36,1,1,0.5,0,0.83,0.0,NORMAL_GRAPH_TOPOLOGY,NONE,NONE
MPLADS-000699,32.02,52.3,0,33,1,1,0.5,0,0.17,0.0,NORMAL_GRAPH_TOPOLOGY,NONE,NONE
MPLADS-000700,74.55,96.12,1,26,1,1,0.25,2,2.17,35.0,CORPORATE_COLLUSION_NETWORK,NONE,NONE
MPLADS-000701,59.46,86.18,0,1,1,1,0.5,0,-0.83,15.0,NORMAL_GRAPH_TOPOLOGY,NONE,NONE
MPLADS-000702,40.35,65.16,0,26,1,1,0.25,0,0.33,15.0,NORMAL_GRAPH_TOPOLOGY,NONE,NONE
MPLADS-000703,37.14,60.6,0,3,1,1,0.1667,0,0.5,15.0,NORMAL_GRAPH_TOPOLOGY,NONE,NONE
MPLADS-000704,66.95,91.2,0,34,1,1,0.25,2,2.0,35.0,CORPORATE_COLLUSION_NETWORK,NONE,NONE
MPLADS-000705,30.02,49.08,0,33,1,1,0.25,0,0.0,0.0,NORMAL_GRAPH_TOPOLOGY,NONE,NONE
MPLADS-000706,37.45,61.04,0,27,1,1,0.25,0,0.17,0.0,NORMAL_GRAPH_TOPOLOGY,NONE,NONE
MPLADS-000707,14.66,22.12,0,6,1,1,0.1667,0,-0.83,0.0,NORMAL_GRAPH_TOPOLOGY,NONE,NONE
MPLADS-000708,33.39,54.52,0,32,1,1,0.1429,0,-0.5,15.0,NORMAL_GRAPH_TOPOLOGY,NONE,NONE
MPLADS-000709,18.48,29.08,0,23,1,1,0.1429,0,0.17,0.0,NORMAL_GRAPH_TOPOLOGY,NONE,NONE
MPLADS-000710,12.56,18.28,0,2,1,1,0.1429,0,0.17,0.0,NORMAL_GRAPH_TOPOLOGY,NONE,NONE
MPLADS-000711,52.93,80.38,0,7,1,1,0.1667,0,-1.17,0.0,NORMAL_GRAPH_TOPOLOGY,NONE,NONE
MPLADS-000712,20.92,33.52,0,0,1,1,0.1429,0,0.17,0.0,NORMAL_GRAPH_TOPOLOGY,NONE,NONE
MPLADS-000713,28.51,46.62,0,19,1,1,0.2,0,0.17,0.0,NORMAL_GRAPH_TOPOLOGY,NONE,NONE
MPLADS-000714,30.0,49.04,0,8,1,1,0.25,0,0.33,15.0,NORMAL_GRAPH_TOPOLOGY,NONE,NONE
MPLADS-000715,31.49,51.5,0,29,1,1,0.25,0,-1.0,0.0,NORMAL_GRAPH_TOPOLOGY,NONE,NONE
MPLADS-000716,5.39,5.76,0,35,1,1,0.2,0,0.17,0.0,NORMAL_GRAPH_TOPOLOGY,NONE,NONE
MPLADS-000717,76.16,96.78,1,11,2,1,1.0,0,0.17,0.0,HIGH_CONSTITUENCY_AGENCY_CAPTURE,NONE,NONE
MPLADS-000718,2.42,1.76,0,10,1,1,0.25,0,-0.17,0.0,NORMAL_GRAPH_TOPOLOGY,NONE,NONE
MPLADS-000719,14.74,22.28,0,32,1,1,0.25,0,0.0,0.0,NORMAL_GRAPH_TOPOLOGY,NONE,NONE
MPLADS-000720,16.06,24.6,0,7,1,1,0.2,0,0.0,0.0,NORMAL_GRAPH_TOPOLOGY,NONE,NONE
MPLADS-000721,28.86,47.2,0,7,1,1,0.2,0,-0.33,15.0,NORMAL_GRAPH_TOPOLOGY,NONE,NONE
MPLADS-000722,23.18,37.44,0,25,1,1,0.1667,0,0.33,15.0,NORMAL_GRAPH_TOPOLOGY,NONE,NONE
MPLADS-000723,35.9,58.62,0,25,1,1,0.1,0,-0.17,0.0,NORMAL_GRAPH_TOPOLOGY,NONE,NONE
MPLADS-000724,16.12,24.7,0,10,1,1,0.25,0,-0.33,0.0,NORMAL_GRAPH_TOPOLOGY,NONE,NONE
MPLADS-000725,32.18,52.56,0,26,1,1,0.1667,0,0.67,0.0,NORMAL_GRAPH_TOPOLOGY,NONE,NONE
MPLADS-000726,20.32,32.42,0,3,1,1,0.25,0,-0.33,15.0,NORMAL_GRAPH_TOPOLOGY,NONE,NONE
MPLADS-000727,49.06,75.98,0,34,1,1,0.2,0,-0.5,15.0,NORMAL_GRAPH_TOPOLOGY,NONE,NONE
MPLADS-000728,55.7,83.12,0,15,1,1,0.125,0,-0.67,15.0,NORMAL_GRAPH_TOPOLOGY,NONE,NONE
MPLADS-000729,38.04,62.0,0,16,1,1,0.1429,0,0.0,0.0,NORMAL_GRAPH_TOPOLOGY,NONE,NONE
MPLADS-000730,43.83,69.66,0,3,1,1,0.25,0,-0.67,15.0,NORMAL_GRAPH_TOPOLOGY,NONE,NONE
MPLADS-000731,35.42,57.84,0,30,1,1,0.25,0,-0.5,15.0,NORMAL_GRAPH_TOPOLOGY,NONE,NONE
MPLADS-000732,81.4,98.48,1,26,1,1,0.25,2,0.67,35.0,CORPORATE_COLLUSION_NETWORK,PRE_AWARD_GOVERNANCE_INSTABILITY,HUB_CENTRALITY_SPIKE
MPLADS-000733,25.3,41.04,0,33,1,1,0.1429,0,0.0,0.0,NORMAL_GRAPH_TOPOLOGY,NONE,NONE
MPLADS-000734,40.68,65.56,0,33,1,1,0.1667,0,0.67,15.0,NORMAL_GRAPH_TOPOLOGY,NONE,NONE
MPLADS-000735,36.26,59.18,0,14,1,1,0.5,0,-0.5,15.0,NORMAL_GRAPH_TOPOLOGY,NONE,NONE
MPLADS-000736,78.56,97.78,1,0,1,1,0.1429,2,1.33,35.0,CORPORATE_COLLUSION_NETWORK,PRE_AWARD_GOVERNANCE_INSTABILITY,NONE
MPLADS-000737,27.45,44.84,0,33,1,1,0.5,0,-0.5,0.0,NORMAL_GRAPH_TOPOLOGY,NONE,NONE
MPLADS-000738,49.49,76.42,0,9,1,1,0.5,0,-0.67,15.0,NORMAL_GRAPH_TOPOLOGY,NONE,NONE
MPLADS-000739,21.39,34.28,0,22,1,1,0.1667,0,1.17,0.0,NORMAL_GRAPH_TOPOLOGY,NONE,NONE
MPLADS-000740,8.41,10.84,0,27,1,1,0.1667,0,1.0,0.0,NORMAL_GRAPH_TOPOLOGY,NONE,NONE
MPLADS-000741,16.59,25.62,0,25,1,1,0.3333,0,0.17,0.0,NORMAL_GRAPH_TOPOLOGY,NONE,NONE
MPLADS-000742,11.69,16.72,0,29,1,1,0.25,0,0.33,0.0,NORMAL_GRAPH_TOPOLOGY,NONE,NONE
MPLADS-000743,50.85,77.98,0,5,1,1,0.2,1,0.67,35.0,NORMAL_GRAPH_TOPOLOGY,NONE,NONE
MPLADS-000744,20.2,32.22,0,35,1,1,0.2,0,0.0,0.0,NORMAL_GRAPH_TOPOLOGY,NONE,NONE
MPLADS-000745,11.72,16.78,0,11,1,1,0.125,0,0.0,0.0,NORMAL_GRAPH_TOPOLOGY,NONE,NONE
MPLADS-000746,8.23,10.52,0,27,1,1,0.1429,0,0.17,0.0,NORMAL_GRAPH_TOPOLOGY,NONE,NONE
MPLADS-000747,40.02,64.72,0,5,1,1,0.1111,0,-1.0,0.0,NORMAL_GRAPH_TOPOLOGY,NONE,NONE
MPLADS-000748,24.12,39.02,0,25,1,1,0.2,0,0.67,15.0,NORMAL_GRAPH_TOPOLOGY,NONE,NONE
MPLADS-000749,42.22,67.6,0,22,1,1,0.3333,0,-0.83,15.0,NORMAL_GRAPH_TOPOLOGY,NONE,NONE
MPLADS-000750,63.8,88.8,0,31,1,1,0.1111,1,1.17,35.0,CORPORATE_COLLUSION_NETWORK,NONE,NONE
MPLADS-000751,20.04,31.94,0,21,1,1,0.2,0,-0.17,15.0,NORMAL_GRAPH_TOPOLOGY,NONE,NONE
MPLADS-000752,56.79,84.0,0,11,1,1,0.2,1,0.33,35.0,NORMAL_GRAPH_TOPOLOGY,NONE,NONE
MPLADS-000753,39.16,63.48,0,9,1,1,0.5,0,-0.67,0.0,NORMAL_GRAPH_TOPOLOGY,NONE,NONE
MPLADS-000754,76.66,96.98,1,10,1,1,0.1667,2,4.0,35.0,CORPORATE_COLLUSION_NETWORK,NONE,NONE
MPLADS-000755,37.64,61.38,0,0,1,1,0.3333,0,-0.17,15.0,NORMAL_GRAPH_TOPOLOGY,NONE,NONE
MPLADS-000756,30.75,50.36,0,24,1,1,0.125,0,-0.17,0.0,NORMAL_GRAPH_TOPOLOGY,NONE,NONE
MPLADS-000757,17.95,28.1,0,32,1,1,0.3333,0,-0.67,0.0,NORMAL_GRAPH_TOPOLOGY,NONE,NONE
MPLADS-000758,40.14,64.9,0,9,1,1,0.2222,0,-1.5,0.0,NORMAL_GRAPH_TOPOLOGY,NONE,NONE
MPLADS-000759,31.3,51.22,0,2,1,1,0.1667,0,0.83,15.0,NORMAL_GRAPH_TOPOLOGY,NONE,NONE
MPLADS-000760,3.68,3.3,0,12,1,1,0.3333,0,0.0,0.0,NORMAL_GRAPH_TOPOLOGY,NONE,NONE
MPLADS-000761,17.11,26.56,0,14,1,1,0.125,0,0.17,0.0,NORMAL_GRAPH_TOPOLOGY,NONE,NONE
MPLADS-000762,52.92,80.36,0,34,1,1,0.1429,0,-0.83,0.0,NORMAL_GRAPH_TOPOLOGY,NONE,NONE
MPLADS-000763,44.68,70.58,0,20,1,1,0.25,0,-0.67,0.0,NORMAL_GRAPH_TOPOLOGY,NONE,NONE
MPLADS-000764,69.34,92.96,0,27,1,1,0.1667,2,1.67,35.0,CORPORATE_COLLUSION_NETWORK,HUB_CENTRALITY_SPIKE,NONE
MPLADS-000765,18.62,29.32,0,9,1,1,0.2,0,1.0,0.0,NORMAL_GRAPH_TOPOLOGY,NONE,NONE
MPLADS-000766,9.9,13.52,0,12,1,1,0.25,0,-0.5,0.0,NORMAL_GRAPH_TOPOLOGY,NONE,NONE
MPLADS-000767,75.85,96.64,1,18,1,1,0.25,2,0.67,50.0,CORPORATE_COLLUSION_NETWORK,RECURRING_EXCLUSIVE_PAIRING,NONE
MPLADS-000768,32.25,52.68,0,33,1,1,0.2,0,0.5,15.0,NORMAL_GRAPH_TOPOLOGY,NONE,NONE
MPLADS-000769,5.63,6.18,0,2,1,1,0.25,0,-0.33,0.0,NORMAL_GRAPH_TOPOLOGY,NONE,NONE
MPLADS-000770,45.77,71.96,0,27,1,1,0.3333,0,-0.83,0.0,NORMAL_GRAPH_TOPOLOGY,NONE,NONE
MPLADS-000771,4.31,4.12,0,31,1,1,0.2,0,0.33,0.0,NORMAL_GRAPH_TOPOLOGY,NONE,NONE
MPLADS-000772,63.93,88.9,0,4,1,1,0.2,0,-1.33,0.0,HUB_CENTRALITY_SPIKE,NONE,NONE
MPLADS-000773,53.67,81.06,0,17,1,1,0.1429,1,0.67,35.0,NORMAL_GRAPH_TOPOLOGY,NONE,NONE
MPLADS-000774,42.49,67.96,0,31,1,1,0.5,0,1.17,0.0,NORMAL_GRAPH_TOPOLOGY,NONE,NONE
MPLADS-000775,15.76,24.08,0,20,1,1,0.25,0,-0.17,0.0,NORMAL_GRAPH_TOPOLOGY,NONE,NONE
MPLADS-000776,14.29,21.48,0,23,1,1,0.1429,0,0.0,0.0,NORMAL_GRAPH_TOPOLOGY,NONE,NONE
MPLADS-000777,39.71,64.22,0,25,1,1,0.1429,0,-0.83,15.0,NORMAL_GRAPH_TOPOLOGY,NONE,NONE
MPLADS-000778,4.14,3.9,0,5,1,1,0.1667,0,0.0,0.0,NORMAL_GRAPH_TOPOLOGY,NONE,NONE
MPLADS-000779,5.92,6.66,0,35,1,1,0.2,0,-0.5,0.0,NORMAL_GRAPH_TOPOLOGY,NONE,NONE
MPLADS-000780,55.65,83.06,0,14,1,1,0.1667,0,-1.67,0.0,NORMAL_GRAPH_TOPOLOGY,NONE,NONE
MPLADS-000781,41.88,67.12,0,35,1,1,0.5,0,-0.33,15.0,NORMAL_GRAPH_TOPOLOGY,NONE,NONE
MPLADS-000782,37.64,61.36,0,26,1,1,0.3333,0,0.0,15.0,NORMAL_GRAPH_TOPOLOGY,NONE,NONE
MPLADS-000783,7.96,10.02,0,19,1,1,0.2,0,0.0,0.0,NORMAL_GRAPH_TOPOLOGY,NONE,NONE
MPLADS-000784,18.44,29.0,0,2,1,1,0.25,0,-0.5,15.0,NORMAL_GRAPH_TOPOLOGY,NONE,NONE
MPLADS-000785,38.08,62.06,0,16,1,1,0.1429,0,-1.0,0.0,NORMAL_GRAPH_TOPOLOGY,NONE,NONE
MPLADS-000786,68.34,92.14,0,26,1,1,0.1667,1,3.0,35.0,CORPORATE_COLLUSION_NETWORK,HIGH_CONSTITUENCY_AGENCY_CAPTURE,NONE
MPLADS-000787,13.81,20.6,0,27,1,1,0.2,0,-0.17,0.0,NORMAL_GRAPH_TOPOLOGY,NONE,NONE
MPLADS-000788,42.44,67.9,0,8,1,1,0.3333,0,-0.5,15.0,NORMAL_GRAPH_TOPOLOGY,NONE,NONE
MPLADS-000789,43.13,68.78,0,1,1,1,0.3333,0,-0.17,0.0,NORMAL_GRAPH_TOPOLOGY,NONE,NONE
MPLADS-000790,18.82,29.68,0,15,1,1,0.2,0,0.17,15.0,NORMAL_GRAPH_TOPOLOGY,NONE,NONE
MPLADS-000791,14.35,21.6,0,20,1,1,0.2,0,-0.17,0.0,NORMAL_GRAPH_TOPOLOGY,NONE,NONE
MPLADS-000792,18.71,29.48,0,0,1,1,0.125,0,-0.33,0.0,NORMAL_GRAPH_TOPOLOGY,NONE,NONE
MPLADS-000793,27.77,45.32,0,14,1,1,0.25,0,-0.5,0.0,NORMAL_GRAPH_TOPOLOGY,NONE,NONE
MPLADS-000794,5.84,6.52,0,28,1,1,0.2,0,-0.5,0.0,NORMAL_GRAPH_TOPOLOGY,NONE,NONE
MPLADS-000795,35.7,58.28,0,11,1,1,0.1111,0,0.17,0.0,NORMAL_GRAPH_TOPOLOGY,NONE,NONE
MPLADS-000796,73.28,95.5,1,9,1,1,0.3333,2,2.67,35.0,CORPORATE_COLLUSION_NETWORK,NONE,NONE
MPLADS-000797,29.2,47.74,0,23,1,1,0.25,0,0.83,0.0,NORMAL_GRAPH_TOPOLOGY,NONE,NONE
MPLADS-000798,23.66,38.2,0,27,1,1,0.1429,0,0.0,15.0,NORMAL_GRAPH_TOPOLOGY,NONE,NONE
MPLADS-000799,24.18,39.12,0,29,1,1,0.25,0,0.0,15.0,NORMAL_GRAPH_TOPOLOGY,NONE,NONE
MPLADS-000800,45.37,71.44,0,6,1,1,0.2,0,0.67,15.0,NORMAL_GRAPH_TOPOLOGY,NONE,NONE
MPLADS-000801,24.07,38.92,0,1,1,1,0.3333,0,-0.17,15.0,NORMAL_GRAPH_TOPOLOGY,NONE,NONE
MPLADS-000802,19.58,31.08,0,2,1,1,0.1667,0,0.5,0.0,NORMAL_GRAPH_TOPOLOGY,NONE,NONE
MPLADS-000803,12.41,18.02,0,6,1,1,0.25,0,0.5,0.0,NORMAL_GRAPH_TOPOLOGY,NONE,NONE
MPLADS-000804,13.44,19.9,0,0,1,1,0.1667,0,-0.17,0.0,NORMAL_GRAPH_TOPOLOGY,NONE,NONE
MPLADS-000805,64.28,89.12,0,3,2,1,0.2222,0,-0.17,0.0,HUB_CENTRALITY_SPIKE,NONE,NONE
MPLADS-000806,5.05,5.24,0,14,1,1,0.2,0,-0.33,0.0,NORMAL_GRAPH_TOPOLOGY,NONE,NONE
MPLADS-000807,9.28,12.42,0,33,1,1,0.1429,0,-0.17,0.0,NORMAL_GRAPH_TOPOLOGY,NONE,NONE
MPLADS-000808,27.3,44.54,0,26,1,1,0.2,0,-0.17,0.0,NORMAL_GRAPH_TOPOLOGY,NONE,NONE
MPLADS-000809,45.29,71.34,0,27,1,1,0.5,0,-1.17,0.0,NORMAL_GRAPH_TOPOLOGY,NONE,NONE
MPLADS-000810,18.01,28.2,0,36,1,1,0.1429,0,-0.67,0.0,NORMAL_GRAPH_TOPOLOGY,NONE,NONE
MPLADS-000811,15.4,23.46,0,30,1,1,0.125,0,0.0,0.0,NORMAL_GRAPH_TOPOLOGY,NONE,NONE
MPLADS-000812,39.5,63.9,0,20,1,1,0.3333,0,0.0,15.0,NORMAL_GRAPH_TOPOLOGY,NONE,NONE
MPLADS-000813,20.25,32.28,0,25,1,1,0.1667,0,0.5,0.0,NORMAL_GRAPH_TOPOLOGY,NONE,NONE
MPLADS-000814,22.01,35.4,0,12,1,1,0.3333,0,0.67,0.0,NORMAL_GRAPH_TOPOLOGY,NONE,NONE
MPLADS-000815,10.51,14.64,0,6,1,1,0.25,0,-0.17,0.0,NORMAL_GRAPH_TOPOLOGY,NONE,NONE
MPLADS-000816,48.3,74.98,0,15,1,1,0.5,0,0.17,15.0,NORMAL_GRAPH_TOPOLOGY,NONE,NONE
MPLADS-000817,42.53,68.02,0,33,1,1,0.1111,0,0.83,0.0,NORMAL_GRAPH_TOPOLOGY,NONE,NONE
MPLADS-000818,25.85,41.98,0,9,1,1,0.3333,0,0.0,0.0,NORMAL_GRAPH_TOPOLOGY,NONE,NONE
MPLADS-000819,67.48,91.56,0,1,1,1,0.1667,1,3.0,35.0,CORPORATE_COLLUSION_NETWORK,HIGH_CONSTITUENCY_AGENCY_CAPTURE,NONE
MPLADS-000820,68.6,92.32,0,4,1,1,0.2,1,3.0,35.0,CORPORATE_COLLUSION_NETWORK,NONE,NONE
MPLADS-000821,57.15,84.32,0,4,1,1,0.1,0,-0.33,0.0,NORMAL_GRAPH_TOPOLOGY,NONE,NONE
MPLADS-000822,23.1,37.32,0,17,1,1,0.2,0,-0.5,0.0,NORMAL_GRAPH_TOPOLOGY,NONE,NONE
MPLADS-000823,20.59,32.92,0,19,1,1,0.1429,0,-0.67,0.0,NORMAL_GRAPH_TOPOLOGY,NONE,NONE
MPLADS-000824,2.52,1.9,0,0,1,1,0.1667,0,-0.17,0.0,NORMAL_GRAPH_TOPOLOGY,NONE,NONE
MPLADS-000825,20.14,32.1,0,26,1,1,0.25,0,0.17,0.0,NORMAL_GRAPH_TOPOLOGY,NONE,NONE
MPLADS-000826,1.62,0.98,0,6,1,1,0.2,0,-0.33,0.0,NORMAL_GRAPH_TOPOLOGY,NONE,NONE
MPLADS-000827,40.75,65.66,0,27,1,1,0.25,0,-1.0,15.0,NORMAL_GRAPH_TOPOLOGY,NONE,NONE
MPLADS-000828,21.7,34.84,0,5,1,1,0.1111,0,0.0,0.0,NORMAL_GRAPH_TOPOLOGY,NONE,NONE
MPLADS-000829,25.65,41.68,0,6,1,1,0.1429,0,0.17,0.0,NORMAL_GRAPH_TOPOLOGY,NONE,NONE
MPLADS-000830,4.98,5.12,0,12,1,1,0.25,0,-0.17,0.0,NORMAL_GRAPH_TOPOLOGY,NONE,NONE
MPLADS-000831,5.36,5.7,0,6,1,1,0.2,0,0.17,0.0,NORMAL_GRAPH_TOPOLOGY,NONE,NONE
MPLADS-000832,12.06,17.36,0,27,1,1,0.25,0,0.17,0.0,NORMAL_GRAPH_TOPOLOGY,NONE,NONE
MPLADS-000833,43.69,69.48,0,33,1,1,0.375,0,-0.67,15.0,NORMAL_GRAPH_TOPOLOGY,NONE,NONE
MPLADS-000834,38.64,62.86,0,29,1,1,0.1429,0,-1.0,0.0,NORMAL_GRAPH_TOPOLOGY,NONE,NONE
MPLADS-000835,14.09,21.1,0,2,1,1,0.25,0,-0.67,0.0,NORMAL_GRAPH_TOPOLOGY,NONE,NONE
MPLADS-000836,17.4,27.12,0,30,1,1,0.125,0,-0.33,0.0,NORMAL_GRAPH_TOPOLOGY,NONE,NONE
MPLADS-000837,10.96,15.44,0,30,1,1,0.2,0,-0.17,0.0,NORMAL_GRAPH_TOPOLOGY,NONE,NONE
MPLADS-000838,10.22,14.12,0,30,1,1,0.1667,0,-0.17,0.0,NORMAL_GRAPH_TOPOLOGY,NONE,NONE
MPLADS-000839,20.26,32.3,0,29,1,1,0.3333,0,0.67,0.0,NORMAL_GRAPH_TOPOLOGY,NONE,NONE
MPLADS-000840,62.7,88.14,0,27,1,1,0.25,1,3.0,35.0,CORPORATE_COLLUSION_NETWORK,HIGH_CONSTITUENCY_AGENCY_CAPTURE,NONE
MPLADS-000841,36.93,60.22,0,14,1,1,0.5,0,0.67,0.0,NORMAL_GRAPH_TOPOLOGY,NONE,NONE
MPLADS-000842,54.16,81.56,0,9,1,1,0.1667,0,0.67,15.0,NORMAL_GRAPH_TOPOLOGY,NONE,NONE
MPLADS-000843,26.81,43.64,0,27,1,1,0.1429,0,0.0,0.0,NORMAL_GRAPH_TOPOLOGY,NONE,NONE
MPLADS-000844,33.12,54.1,0,8,1,1,0.25,0,0.0,15.0,NORMAL_GRAPH_TOPOLOGY,NONE,NONE
MPLADS-000845,44.91,70.86,0,14,1,1,0.1667,0,-0.5,0.0,NORMAL_GRAPH_TOPOLOGY,NONE,NONE
MPLADS-000846,48.31,75.0,0,2,1,1,0.1667,0,1.0,0.0,NORMAL_GRAPH_TOPOLOGY,NONE,NONE
MPLADS-000847,24.26,39.24,0,17,1,1,0.1667,0,-0.5,0.0,NORMAL_GRAPH_TOPOLOGY,NONE,NONE
MPLADS-000848,55.81,83.24,0,14,1,1,1.0,0,0.0,15.0,NORMAL_GRAPH_TOPOLOGY,NONE,NONE
MPLADS-000849,34.43,56.22,0,23,1,1,0.5,0,0.17,0.0,NORMAL_GRAPH_TOPOLOGY,NONE,NONE
MPLADS-000850,47.49,74.06,0,3,1,1,1.0,0,-0.17,0.0,NORMAL_GRAPH_TOPOLOGY,NONE,NONE
MPLADS-000851,46.94,73.38,0,33,1,1,0.1111,0,0.0,0.0,NORMAL_GRAPH_TOPOLOGY,NONE,NONE
MPLADS-000852,4.95,5.08,0,12,1,1,0.25,0,-0.5,0.0,NORMAL_GRAPH_TOPOLOGY,NONE,NONE
MPLADS-000853,40.6,65.44,0,34,1,1,0.2,0,-0.33,15.0,NORMAL_GRAPH_TOPOLOGY,NONE,NONE
MPLADS-000854,64.17,89.06,0,7,1,1,0.1111,0,-1.67,15.0,RECURRING_EXCLUSIVE_PAIRING,HIGH_CONSTITUENCY_AGENCY_CAPTURE,HUB_CENTRALITY_SPIKE
MPLADS-000855,55.13,82.52,0,25,1,1,0.1111,0,-0.83,15.0,NORMAL_GRAPH_TOPOLOGY,NONE,NONE
MPLADS-000856,44.95,70.92,0,26,1,1,0.1667,0,-0.5,15.0,NORMAL_GRAPH_TOPOLOGY,NONE,NONE
MPLADS-000857,48.04,74.66,0,7,1,1,0.25,0,0.83,0.0,NORMAL_GRAPH_TOPOLOGY,NONE,NONE
MPLADS-000858,27.82,45.4,0,26,1,1,0.25,0,0.5,0.0,NORMAL_GRAPH_TOPOLOGY,NONE,NONE
MPLADS-000859,23.0,37.12,0,27,1,1,0.3333,0,0.17,0.0,NORMAL_GRAPH_TOPOLOGY,NONE,NONE
MPLADS-000860,25.91,42.1,0,33,1,1,0.125,0,-0.33,0.0,NORMAL_GRAPH_TOPOLOGY,NONE,NONE
MPLADS-000861,13.77,20.52,0,35,1,1,0.1429,0,-0.33,0.0,NORMAL_GRAPH_TOPOLOGY,NONE,NONE
MPLADS-000862,36.7,59.9,0,27,1,1,0.1111,0,-0.33,0.0,NORMAL_GRAPH_TOPOLOGY,NONE,NONE
MPLADS-000863,6.7,7.96,0,11,1,1,0.125,0,0.33,0.0,NORMAL_GRAPH_TOPOLOGY,NONE,NONE
MPLADS-000864,51.37,78.6,0,21,1,1,0.25,0,-0.5,0.0,NORMAL_GRAPH_TOPOLOGY,NONE,NONE
MPLADS-000865,47.09,73.64,0,8,1,1,0.1667,1,1.33,35.0,NORMAL_GRAPH_TOPOLOGY,NONE,NONE
MPLADS-000866,39.95,64.6,0,22,1,1,0.124,0,-0.5,0.0,NORMAL_GRAPH_TOPOLOGY,NONE,NONE
MPLADS-000867,54.08,81.48,0,5,1,1,1.0,0,0.0,0.0,NORMAL_GRAPH_TOPOLOGY,NONE,NONE
MPLADS-000868,3.51,3.04,0,30,1,1,0.1667,0,-0.17,0.0,NORMAL_GRAPH_TOPOLOGY,NONE,NONE
MPLADS-000869,50.86,78.0,0,34,1,1,0.125,0,0.67,0.0,NORMAL_GRAPH_TOPOLOGY,NONE,NONE
MPLADS-000870,39.12,63.42,0,11,1,1,0.1111,0,0.17,0.0,NORMAL_GRAPH_TOPOLOGY,NONE,NONE
MPLADS-000871,67.73,91.76,0,30,1,1,0.1111,1,1.0,50.0,CORPORATE_COLLUSION_NETWORK,RECURRING_EXCLUSIVE_PAIRING,NONE
MPLADS-000872,30.68,50.24,0,17,1,1,0.1667,0,-0.5,15.0,NORMAL_GRAPH_TOPOLOGY,NONE,NONE
MPLADS-000873,30.03,49.1,0,28,1,1,0.3333,0,0.0,0.0,NORMAL_GRAPH_TOPOLOGY,NONE,NONE
MPLADS-000874,25.7,41.76,0,27,1,1,0.5,0,-0.17,0.0,NORMAL_GRAPH_TOPOLOGY,NONE,NONE
MPLADS-000875,78.5,97.72,1,26,1,1,0.2,2,4.0,35.0,CORPORATE_COLLUSION_NETWORK,HIGH_CONSTITUENCY_AGENCY_CAPTURE,NONE
MPLADS-000876,67.94,91.92,0,8,1,1,0.2,2,1.0,35.0,CORPORATE_COLLUSION_NETWORK,NONE,NONE
MPLADS-000877,0.73,0.3,0,6,1,1,0.2,0,-0.33,0.0,NORMAL_GRAPH_TOPOLOGY,NONE,NONE
MPLADS-000878,6.01,6.82,0,12,1,1,0.1667,0,-0.33,0.0,NORMAL_GRAPH_TOPOLOGY,NONE,NONE
MPLADS-000879,44.79,70.72,0,12,1,1,0.25,0,0.67,0.0,NORMAL_GRAPH_TOPOLOGY,NONE,NONE
MPLADS-000880,35.13,57.36,0,12,1,1,0.3333,0,-0.33,15.0,NORMAL_GRAPH_TOPOLOGY,NONE,NONE
MPLADS-000881,47.34,73.9,0,14,1,1,0.125,0,0.67,0.0,NORMAL_GRAPH_TOPOLOGY,NONE,NONE
MPLADS-000882,26.94,43.9,0,10,1,1,0.25,0,1.17,0.0,NORMAL_GRAPH_TOPOLOGY,NONE,NONE
MPLADS-000883,31.12,50.94,0,11,1,1,0.3333,0,-0.33,0.0,NORMAL_GRAPH_TOPOLOGY,NONE,NONE
MPLADS-000884,24.04,38.88,0,8,1,1,0.2,0,0.0,0.0,NORMAL_GRAPH_TOPOLOGY,NONE,NONE
MPLADS-000885,22.75,36.66,0,27,1,1,0.25,0,-0.5,15.0,NORMAL_GRAPH_TOPOLOGY,NONE,NONE
MPLADS-000886,32.1,52.44,0,17,1,1,0.3333,0,0.33,15.0,NORMAL_GRAPH_TOPOLOGY,NONE,NONE
MPLADS-000887,35.57,58.06,0,25,1,1,0.125,0,-1.0,0.0,NORMAL_GRAPH_TOPOLOGY,NONE,NONE
MPLADS-000888,50.75,77.86,0,11,1,1,0.0833,0,-0.17,0.0,NORMAL_GRAPH_TOPOLOGY,NONE,NONE
MPLADS-000889,17.29,26.9,0,12,1,1,0.25,0,0.67,0.0,NORMAL_GRAPH_TOPOLOGY,NONE,NONE
MPLADS-000890,19.13,30.28,0,9,1,1,0.1667,0,-0.5,15.0,NORMAL_GRAPH_TOPOLOGY,NONE,NONE
MPLADS-000891,33.97,55.46,0,26,1,1,0.3333,0,0.33,0.0,NORMAL_GRAPH_TOPOLOGY,NONE,NONE
MPLADS-000892,24.31,39.34,0,33,1,1,0.25,0,-0.83,0.0,NORMAL_GRAPH_TOPOLOGY,NONE,NONE
MPLADS-000893,24.6,39.82,0,24,1,1,0.1429,0,-0.67,0.0,NORMAL_GRAPH_TOPOLOGY,NONE,NONE
MPLADS-000894,61.79,87.46,0,26,1,1,0.2,1,1.67,35.0,CORPORATE_COLLUSION_NETWORK,HIGH_CONSTITUENCY_AGENCY_CAPTURE,HUB_CENTRALITY_SPIKE
MPLADS-000895,57.55,84.76,0,28,1,1,0.1667,1,1.33,35.0,NORMAL_GRAPH_TOPOLOGY,NONE,NONE
MPLADS-000896,45.21,71.24,0,6,1,1,0.1429,0,1.0,0.0,NORMAL_GRAPH_TOPOLOGY,NONE,NONE
MPLADS-000897,58.67,85.6,0,24,1,1,0.1111,0,1.0,0.0,NORMAL_GRAPH_TOPOLOGY,NONE,NONE
MPLADS-000898,17.83,27.86,0,22,1,1,0.25,0,0.33,0.0,NORMAL_GRAPH_TOPOLOGY,NONE,NONE
MPLADS-000899,13.98,20.88,0,33,1,1,0.25,0,-0.17,0.0,NORMAL_GRAPH_TOPOLOGY,NONE,NONE
MPLADS-000900,58.58,85.52,0,24,1,1,0.25,1,2.67,35.0,NORMAL_GRAPH_TOPOLOGY,NONE,NONE
MPLADS-000901,67.62,91.7,0,36,2,1,0.28,0,-0.5,15.0,RECURRING_EXCLUSIVE_PAIRING,NONE,NONE
MPLADS-000902,66.65,90.9,0,5,1,1,0.1429,0,1.33,0.0,PRE_AWARD_GOVERNANCE_INSTABILITY,HIGH_CONSTITUENCY_AGENCY_CAPTURE,NONE
MPLADS-000903,16.15,24.76,0,12,1,1,0.1429,0,0.67,0.0,NORMAL_GRAPH_TOPOLOGY,NONE,NONE
MPLADS-000904,16.82,26.04,0,27,1,1,0.125,0,-0.17,0.0,NORMAL_GRAPH_TOPOLOGY,NONE,NONE
MPLADS-000905,36.81,60.04,0,31,1,1,0.1667,0,0.5,15.0,NORMAL_GRAPH_TOPOLOGY,NONE,NONE
MPLADS-000906,39.85,64.42,0,36,1,1,0.3333,0,-0.5,15.0,NORMAL_GRAPH_TOPOLOGY,NONE,NONE
MPLADS-000907,52.17,79.5,0,14,1,1,0.2222,0,-0.5,0.0,NORMAL_GRAPH_TOPOLOGY,NONE,NONE
MPLADS-000908,43.3,68.96,0,2,1,1,0.2,0,-0.33,0.0,NORMAL_GRAPH_TOPOLOGY,NONE,NONE
MPLADS-000909,57.03,84.24,0,25,1,1,0.1429,1,1.0,35.0,NORMAL_GRAPH_TOPOLOGY,NONE,NONE
MPLADS-000910,51.46,78.68,0,12,1,1,0.25,0,-0.5,15.0,NORMAL_GRAPH_TOPOLOGY,NONE,NONE
MPLADS-000911,10.56,14.76,0,32,1,1,0.1667,0,-0.17,0.0,NORMAL_GRAPH_TOPOLOGY,NONE,NONE
MPLADS-000912,31.0,50.74,0,24,1,1,0.1667,0,-1.33,0.0,NORMAL_GRAPH_TOPOLOGY,NONE,NONE
MPLADS-000913,34.21,55.88,0,32,1,1,0.2,0,0.17,15.0,NORMAL_GRAPH_TOPOLOGY,NONE,NONE
MPLADS-000914,12.09,17.42,0,9,1,1,0.2,0,-0.17,0.0,NORMAL_GRAPH_TOPOLOGY,NONE,NONE
MPLADS-000915,60.46,86.74,0,34,1,1,0.25,1,1.0,35.0,CORPORATE_COLLUSION_NETWORK,HUB_CENTRALITY_SPIKE,NONE
MPLADS-000916,18.9,29.86,0,0,1,1,0.1667,0,0.67,0.0,NORMAL_GRAPH_TOPOLOGY,NONE,NONE
MPLADS-000917,1.85,1.16,0,2,1,1,0.25,0,-0.17,0.0,NORMAL_GRAPH_TOPOLOGY,NONE,NONE
MPLADS-000918,35.86,58.54,0,29,1,1,0.5,0,0.0,0.0,NORMAL_GRAPH_TOPOLOGY,NONE,NONE
MPLADS-000919,74.29,96.08,1,34,1,1,0.3333,2,2.0,35.0,CORPORATE_COLLUSION_NETWORK,NONE,NONE
MPLADS-000920,10.28,14.22,0,32,1,1,0.2,0,0.0,0.0,NORMAL_GRAPH_TOPOLOGY,NONE,NONE
MPLADS-000921,40.04,64.76,0,8,1,1,0.25,0,-1.33,0.0,NORMAL_GRAPH_TOPOLOGY,NONE,NONE
MPLADS-000922,27.52,44.96,0,34,1,1,0.25,0,-0.5,0.0,NORMAL_GRAPH_TOPOLOGY,NONE,NONE
MPLADS-000923,13.69,20.38,0,33,1,1,0.3333,0,-0.5,0.0,NORMAL_GRAPH_TOPOLOGY,NONE,NONE
MPLADS-000924,25.58,41.56,0,26,1,1,0.25,0,0.17,0.0,NORMAL_GRAPH_TOPOLOGY,NONE,NONE
MPLADS-000925,20.98,33.64,0,7,1,1,0.3333,0,-0.33,0.0,NORMAL_GRAPH_TOPOLOGY,NONE,NONE
MPLADS-000926,17.01,26.38,0,7,1,1,0.1429,0,-0.5,0.0,NORMAL_GRAPH_TOPOLOGY,NONE,NONE
MPLADS-000927,3.17,2.66,0,12,1,1,0.2,0,0.0,0.0,NORMAL_GRAPH_TOPOLOGY,NONE,NONE
MPLADS-000928,23.82,38.48,0,2,1,1,0.1667,0,0.83,0.0,NORMAL_GRAPH_TOPOLOGY,NONE,NONE
MPLADS-000929,20.67,33.06,0,27,1,1,0.1429,0,-0.5,0.0,NORMAL_GRAPH_TOPOLOGY,NONE,NONE
MPLADS-000930,30.0,49.02,0,34,1,1,0.1429,0,0.5,0.0,NORMAL_GRAPH_TOPOLOGY,NONE,NONE
MPLADS-000931,22.9,36.92,0,2,1,1,0.3333,0,-0.5,0.0,NORMAL_GRAPH_TOPOLOGY,NONE,NONE
MPLADS-000932,22.73,36.62,0,12,1,1,0.3333,0,-0.5,0.0,NORMAL_GRAPH_TOPOLOGY,NONE,NONE
MPLADS-000933,37.95,61.86,0,22,1,1,0.1429,0,0.83,15.0,NORMAL_GRAPH_TOPOLOGY,NONE,NONE
MPLADS-000934,25.98,42.22,0,1,1,1,0.1111,0,0.0,0.0,NORMAL_GRAPH_TOPOLOGY,NONE,NONE
MPLADS-000935,53.2,80.64,0,34,1,1,0.1667,1,1.0,35.0,NORMAL_GRAPH_TOPOLOGY,NONE,NONE
MPLADS-000936,37.08,60.48,0,1,1,1,0.1111,0,-0.5,0.0,NORMAL_GRAPH_TOPOLOGY,NONE,NONE
MPLADS-000937,30.91,50.62,0,26,1,1,0.2,0,1.0,0.0,NORMAL_GRAPH_TOPOLOGY,NONE,NONE
MPLADS-000938,31.99,52.26,0,27,1,1,0.2222,0,-0.33,0.0,NORMAL_GRAPH_TOPOLOGY,NONE,NONE
MPLADS-000939,8.05,10.2,0,31,1,1,0.3333,0,0.17,0.0,NORMAL_GRAPH_TOPOLOGY,NONE,NONE
MPLADS-000940,14.13,21.16,0,11,1,1,0.3333,0,0.0,0.0,NORMAL_GRAPH_TOPOLOGY,NONE,NONE
MPLADS-000941,13.25,19.6,0,3,1,1,0.125,0,-0.17,0.0,NORMAL_GRAPH_TOPOLOGY,NONE,NONE
MPLADS-000942,20.17,32.16,0,34,1,1,0.1429,0,-0.17,0.0,NORMAL_GRAPH_TOPOLOGY,NONE,NONE
MPLADS-000943,49.19,76.18,0,29,1,1,0.1,0,-1.0,0.0,NORMAL_GRAPH_TOPOLOGY,NONE,NONE
MPLADS-000944,36.4,59.4,0,12,1,1,0.3333,0,-0.17,0.0,NORMAL_GRAPH_TOPOLOGY,NONE,NONE
MPLADS-000945,27.38,44.7,0,9,1,1,0.1667,0,0.17,15.0,NORMAL_GRAPH_TOPOLOGY,NONE,NONE
MPLADS-000946,11.89,17.06,0,27,1,1,0.25,0,-0.17,0.0,NORMAL_GRAPH_TOPOLOGY,NONE,NONE
MPLADS-000947,41.14,66.2,0,32,1,1,0.2,0,-0.67,0.0,NORMAL_GRAPH_TOPOLOGY,NONE,NONE
MPLADS-000948,36.77,60.0,0,26,1,1,0.25,0,-0.33,15.0,NORMAL_GRAPH_TOPOLOGY,NONE,NONE
MPLADS-000949,13.24,19.56,0,21,1,1,0.3333,0,0.0,0.0,NORMAL_GRAPH_TOPOLOGY,NONE,NONE
MPLADS-000950,14.96,22.66,0,0,1,1,0.1667,0,-0.83,0.0,NORMAL_GRAPH_TOPOLOGY,NONE,NONE
MPLADS-000951,70.57,93.88,0,20,1,1,0.2,1,2.5,50.0,CORPORATE_COLLUSION_NETWORK,RECURRING_EXCLUSIVE_PAIRING,HUB_CENTRALITY_SPIKE
MPLADS-000952,21.4,34.3,0,27,1,1,0.1429,0,-0.5,0.0,NORMAL_GRAPH_TOPOLOGY,NONE,NONE
MPLADS-000953,44.54,70.44,0,27,1,1,0.1667,0,-0.33,0.0,NORMAL_GRAPH_TOPOLOGY,NONE,NONE
MPLADS-000954,39.97,64.64,0,3,1,1,0.5,0,0.17,0.0,NORMAL_GRAPH_TOPOLOGY,NONE,NONE
MPLADS-000955,5.88,6.58,0,23,1,1,0.25,0,0.0,0.0,NORMAL_GRAPH_TOPOLOGY,NONE,NONE
MPLADS-000956,34.93,57.06,0,24,1,1,0.25,0,-0.67,15.0,NORMAL_GRAPH_TOPOLOGY,NONE,NONE
MPLADS-000957,11.21,15.88,0,13,1,1,0.1429,0,-0.33,0.0,NORMAL_GRAPH_TOPOLOGY,NONE,NONE
MPLADS-000958,65.3,89.86,0,33,1,1,0.1111,1,1.0,35.0,CORPORATE_COLLUSION_NETWORK,HIGH_CONSTITUENCY_AGENCY_CAPTURE,NONE
MPLADS-000959,33.32,54.4,0,14,1,1,0.3333,0,-1.0,0.0,NORMAL_GRAPH_TOPOLOGY,NONE,NONE
MPLADS-000960,23.52,37.96,0,24,1,1,0.3333,0,0.5,0.0,NORMAL_GRAPH_TOPOLOGY,NONE,NONE
MPLADS-000961,20.54,32.84,0,20,1,1,0.25,0,0.5,0.0,NORMAL_GRAPH_TOPOLOGY,NONE,NONE
MPLADS-000962,61.56,87.38,0,27,1,1,0.25,0,-0.5,15.0,RECURRING_EXCLUSIVE_PAIRING,PRE_AWARD_GOVERNANCE_INSTABILITY,NONE
MPLADS-000963,0.47,0.18,0,6,1,1,0.25,0,-0.17,0.0,NORMAL_GRAPH_TOPOLOGY,NONE,NONE
MPLADS-000964,3.98,3.68,0,23,1,1,0.2,0,0.0,0.0,NORMAL_GRAPH_TOPOLOGY,NONE,NONE
MPLADS-000965,55.15,82.54,0,2,1,1,0.2,0,1.0,15.0,NORMAL_GRAPH_TOPOLOGY,NONE,NONE
MPLADS-000966,32.86,53.64,0,32,1,1,0.125,0,1.67,0.0,NORMAL_GRAPH_TOPOLOGY,NONE,NONE
MPLADS-000967,36.46,59.5,0,8,1,1,0.2,0,1.17,15.0,NORMAL_GRAPH_TOPOLOGY,NONE,NONE
MPLADS-000968,41.7,66.88,0,13,1,1,0.3333,0,1.17,0.0,NORMAL_GRAPH_TOPOLOGY,NONE,NONE
MPLADS-000969,45.26,71.3,0,27,1,1,0.2,0,0.83,0.0,NORMAL_GRAPH_TOPOLOGY,NONE,NONE
MPLADS-000970,37.96,61.88,0,3,1,1,0.125,0,-0.33,15.0,NORMAL_GRAPH_TOPOLOGY,NONE,NONE
MPLADS-000971,17.96,28.12,0,23,1,1,0.25,0,-0.33,15.0,NORMAL_GRAPH_TOPOLOGY,NONE,NONE
MPLADS-000972,12.95,19.02,0,12,1,1,0.25,0,-0.83,0.0,NORMAL_GRAPH_TOPOLOGY,NONE,NONE
MPLADS-000973,55.07,82.46,0,33,1,1,1.0,0,0.17,0.0,NORMAL_GRAPH_TOPOLOGY,NONE,NONE
MPLADS-000974,74.5,96.1,1,35,1,1,0.3333,2,3.0,35.0,CORPORATE_COLLUSION_NETWORK,HUB_CENTRALITY_SPIKE,NONE
MPLADS-000975,28.95,47.34,0,1,1,1,0.3333,0,-0.17,15.0,NORMAL_GRAPH_TOPOLOGY,NONE,NONE
MPLADS-000976,37.51,61.14,0,15,1,1,0.3333,0,1.17,0.0,NORMAL_GRAPH_TOPOLOGY,NONE,NONE
MPLADS-000977,5.58,6.08,0,32,1,1,0.3333,0,-0.17,0.0,NORMAL_GRAPH_TOPOLOGY,NONE,NONE
MPLADS-000978,10.26,14.2,0,25,1,1,0.3333,0,-0.5,0.0,NORMAL_GRAPH_TOPOLOGY,NONE,NONE
MPLADS-000979,2.11,1.42,0,27,1,1,0.2,0,-0.17,0.0,NORMAL_GRAPH_TOPOLOGY,NONE,NONE
MPLADS-000980,33.88,55.3,0,33,1,1,0.1667,0,-0.33,15.0,NORMAL_GRAPH_TOPOLOGY,NONE,NONE
MPLADS-000981,5.44,5.84,0,6,1,1,0.25,0,0.17,0.0,NORMAL_GRAPH_TOPOLOGY,NONE,NONE
MPLADS-000982,18.49,29.1,0,31,1,1,0.25,0,-0.33,15.0,NORMAL_GRAPH_TOPOLOGY,NONE,NONE
MPLADS-000983,17.19,26.7,0,31,1,1,0.2,0,-0.17,0.0,NORMAL_GRAPH_TOPOLOGY,NONE,NONE
MPLADS-000984,43.27,68.92,0,18,1,1,0.25,0,0.0,0.0,NORMAL_GRAPH_TOPOLOGY,NONE,NONE
MPLADS-000985,49.6,76.56,0,6,1,1,0.1429,0,-0.67,0.0,NORMAL_GRAPH_TOPOLOGY,NONE,NONE
MPLADS-000986,32.45,53.02,0,26,1,1,0.2,0,-0.17,0.0,NORMAL_GRAPH_TOPOLOGY,NONE,NONE
MPLADS-000987,10.55,14.74,0,32,1,1,0.125,0,0.0,0.0,NORMAL_GRAPH_TOPOLOGY,NONE,NONE
MPLADS-000988,32.81,53.56,0,17,1,1,0.1111,0,0.17,0.0,NORMAL_GRAPH_TOPOLOGY,NONE,NONE
MPLADS-000989,15.3,23.24,0,11,1,1,0.3333,0,0.17,0.0,NORMAL_GRAPH_TOPOLOGY,NONE,NONE
MPLADS-000990,20.64,33.0,0,9,1,1,0.2,0,0.67,0.0,NORMAL_GRAPH_TOPOLOGY,NONE,NONE
MPLADS-000991,24.83,40.2,0,1,1,1,0.25,0,1.17,0.0,NORMAL_GRAPH_TOPOLOGY,NONE,NONE
MPLADS-000992,13.04,19.2,0,13,1,1,0.2,0,0.0,0.0,NORMAL_GRAPH_TOPOLOGY,NONE,NONE
MPLADS-000993,22.65,36.48,0,26,1,1,0.25,0,-0.17,0.0,NORMAL_GRAPH_TOPOLOGY,NONE,NONE
MPLADS-000994,11.16,15.8,0,14,1,1,0.3333,0,0.0,0.0,NORMAL_GRAPH_TOPOLOGY,NONE,NONE
MPLADS-000995,28.75,47.02,0,19,1,1,0.2,0,0.33,15.0,NORMAL_GRAPH_TOPOLOGY,NONE,NONE
MPLADS-000996,8.38,10.78,0,30,1,1,0.25,0,-0.17,0.0,NORMAL_GRAPH_TOPOLOGY,NONE,NONE
MPLADS-000997,57.95,85.1,0,22,1,1,0.3333,0,-0.5,15.0,NORMAL_GRAPH_TOPOLOGY,NONE,NONE
MPLADS-000998,16.89,26.16,0,31,1,1,0.1429,0,-0.67,0.0,NORMAL_GRAPH_TOPOLOGY,NONE,NONE
MPLADS-000999,61.54,87.36,0,28,1,1,0.2,0,0.17,0.0,PRE_AWARD_GOVERNANCE_INSTABILITY,NONE,NONE
MPLADS-001000,44.21,70.12,0,35,1,1,0.1,0,0.5,0.0,NORMAL_GRAPH_TOPOLOGY,NONE,NONE
MPLADS-001001,35.2,57.5,0,1,1,1,0.125,0,-0.33,15.0,NORMAL_GRAPH_TOPOLOGY,NONE,NONE
MPLADS-001002,59.65,86.3,0,22,1,1,1.0,0,-0.5,15.0,NORMAL_GRAPH_TOPOLOGY,NONE,NONE
MPLADS-001003,69.03,92.66,0,14,1,1,0.125,0,-0.5,0.0,PRE_AWARD_GOVERNANCE_INSTABILITY,NONE,NONE
MPLADS-001004,80.75,98.28,1,34,1,1,0.5,2,1.0,50.0,CORPORATE_COLLUSION_NETWORK,RECURRING_EXCLUSIVE_PAIRING,NONE
MPLADS-001005,8.93,11.74,0,7,1,1,0.25,0,-0.17,0.0,NORMAL_GRAPH_TOPOLOGY,NONE,NONE
MPLADS-001006,70.21,93.64,0,24,1,1,0.1667,2,2.0,35.0,CORPORATE_COLLUSION_NETWORK,NONE,NONE
MPLADS-001007,22.31,35.88,0,8,1,1,0.25,0,0.0,0.0,NORMAL_GRAPH_TOPOLOGY,NONE,NONE
MPLADS-001008,12.47,18.12,0,11,1,1,0.3333,0,0.0,0.0,NORMAL_GRAPH_TOPOLOGY,NONE,NONE
MPLADS-001009,66.88,91.14,0,24,2,1,0.1358,0,0.0,0.0,HIGH_CONSTITUENCY_AGENCY_CAPTURE,NONE,NONE
MPLADS-001010,19.64,31.2,0,5,1,1,0.125,0,0.5,0.0,NORMAL_GRAPH_TOPOLOGY,NONE,NONE
MPLADS-001011,7.9,9.92,0,33,1,1,0.2,0,-0.17,0.0,NORMAL_GRAPH_TOPOLOGY,NONE,NONE
MPLADS-001012,3.26,2.74,0,5,1,1,0.1667,0,0.17,0.0,NORMAL_GRAPH_TOPOLOGY,NONE,NONE
MPLADS-001013,35.63,58.14,0,22,1,1,0.1429,0,1.17,15.0,NORMAL_GRAPH_TOPOLOGY,NONE,NONE
MPLADS-001014,19.77,31.44,0,3,1,1,0.125,0,-0.17,0.0,NORMAL_GRAPH_TOPOLOGY,NONE,NONE
MPLADS-001015,27.7,45.2,0,17,1,1,0.2,0,-0.33,15.0,NORMAL_GRAPH_TOPOLOGY,NONE,NONE
MPLADS-001016,25.06,40.64,0,6,1,1,0.5,0,-0.33,0.0,NORMAL_GRAPH_TOPOLOGY,NONE,NONE
MPLADS-001017,30.06,49.16,0,3,1,1,0.2,0,-1.17,0.0,NORMAL_GRAPH_TOPOLOGY,NONE,NONE
MPLADS-001018,4.74,4.7,0,9,1,1,0.2,0,0.0,0.0,NORMAL_GRAPH_TOPOLOGY,NONE,NONE
MPLADS-001019,50.48,77.46,0,12,1,1,1.0,0,0.33,0.0,NORMAL_GRAPH_TOPOLOGY,NONE,NONE
MPLADS-001020,77.78,97.48,1,18,1,1,0.3333,2,1.0,50.0,CORPORATE_COLLUSION_NETWORK,RECURRING_EXCLUSIVE_PAIRING,NONE
MPLADS-001021,40.24,64.98,0,36,1,1,0.1429,0,-0.5,15.0,NORMAL_GRAPH_TOPOLOGY,NONE,NONE
MPLADS-001022,31.55,51.6,0,1,1,1,0.1358,0,-0.17,0.0,NORMAL_GRAPH_TOPOLOGY,NONE,NONE
MPLADS-001023,4.6,4.5,0,20,1,1,0.25,0,-0.17,0.0,NORMAL_GRAPH_TOPOLOGY,NONE,NONE
MPLADS-001024,53.16,80.6,0,30,1,1,0.1667,0,-1.0,0.0,NORMAL_GRAPH_TOPOLOGY,NONE,NONE
MPLADS-001025,15.41,23.48,0,12,1,1,0.2,0,-0.83,0.0,NORMAL_GRAPH_TOPOLOGY,NONE,NONE
MPLADS-001026,45.91,72.1,0,27,1,1,0.125,0,-1.0,15.0,NORMAL_GRAPH_TOPOLOGY,NONE,NONE
MPLADS-001027,60.32,86.68,0,3,1,1,0.2,1,0.33,35.0,CORPORATE_COLLUSION_NETWORK,NONE,NONE
MPLADS-001028,22.68,36.54,0,34,1,1,0.125,0,-0.5,0.0,NORMAL_GRAPH_TOPOLOGY,NONE,NONE
MPLADS-001029,27.91,45.56,0,6,1,1,0.5,0,0.67,0.0,NORMAL_GRAPH_TOPOLOGY,NONE,NONE
MPLADS-001030,11.17,15.82,0,25,1,1,0.3333,0,-0.5,0.0,NORMAL_GRAPH_TOPOLOGY,NONE,NONE
MPLADS-001031,29.55,48.3,0,33,1,1,0.3333,0,-0.17,0.0,NORMAL_GRAPH_TOPOLOGY,NONE,NONE
MPLADS-001032,37.12,60.56,0,30,1,1,0.3333,0,-0.5,15.0,NORMAL_GRAPH_TOPOLOGY,NONE,NONE
MPLADS-001033,11.7,16.74,0,35,1,1,0.2,0,0.0,0.0,NORMAL_GRAPH_TOPOLOGY,NONE,NONE
MPLADS-001034,38.73,62.96,0,34,1,1,0.1429,0,0.33,15.0,NORMAL_GRAPH_TOPOLOGY,NONE,NONE
MPLADS-001035,35.81,58.46,0,17,1,1,0.5,0,-0.5,0.0,NORMAL_GRAPH_TOPOLOGY,NONE,NONE
MPLADS-001036,45.07,71.1,0,7,1,1,0.25,0,-0.83,0.0,NORMAL_GRAPH_TOPOLOGY,NONE,NONE
MPLADS-001037,19.12,30.26,0,1,1,1,0.25,0,-0.83,0.0,NORMAL_GRAPH_TOPOLOGY,NONE,NONE
MPLADS-001038,32.99,53.86,0,7,1,1,0.1429,0,-0.5,0.0,NORMAL_GRAPH_TOPOLOGY,NONE,NONE
MPLADS-001039,23.57,38.04,0,10,1,1,0.125,0,0.17,0.0,NORMAL_GRAPH_TOPOLOGY,NONE,NONE
MPLADS-001040,48.57,75.3,0,29,1,1,0.2,0,1.0,0.0,NORMAL_GRAPH_TOPOLOGY,NONE,NONE
MPLADS-001041,8.68,11.36,0,28,1,1,0.1429,0,0.33,0.0,NORMAL_GRAPH_TOPOLOGY,NONE,NONE
MPLADS-001042,21.01,33.7,0,0,1,1,0.1667,0,-0.83,0.0,NORMAL_GRAPH_TOPOLOGY,NONE,NONE
MPLADS-001043,6.74,8.02,0,12,1,1,0.25,0,0.0,0.0,NORMAL_GRAPH_TOPOLOGY,NONE,NONE
MPLADS-001044,55.22,82.64,0,26,1,1,0.25,1,1.0,35.0,NORMAL_GRAPH_TOPOLOGY,NONE,NONE
MPLADS-001045,41.5,66.66,0,4,1,1,0.3333,0,0.67,0.0,NORMAL_GRAPH_TOPOLOGY,NONE,NONE
MPLADS-001046,24.53,39.7,0,9,1,1,0.28,0,1.17,0.0,NORMAL_GRAPH_TOPOLOGY,NONE,NONE
MPLADS-001047,0.99,0.42,0,25,1,1,0.25,0,-0.33,0.0,NORMAL_GRAPH_TOPOLOGY,NONE,NONE
MPLADS-001048,30.09,49.2,0,15,1,1,0.5,0,0.17,0.0,NORMAL_GRAPH_TOPOLOGY,NONE,NONE
MPLADS-001049,5.47,5.9,0,18,1,1,0.2,0,0.33,0.0,NORMAL_GRAPH_TOPOLOGY,NONE,NONE
MPLADS-001050,60.18,86.6,0,27,1,1,0.5,1,1.0,35.0,CORPORATE_COLLUSION_NETWORK,HUB_CENTRALITY_SPIKE,NONE
MPLADS-001051,7.18,8.74,0,2,1,1,0.1429,0,0.17,0.0,NORMAL_GRAPH_TOPOLOGY,NONE,NONE
MPLADS-001052,63.86,88.84,0,9,1,1,0.1667,1,3.0,35.0,CORPORATE_COLLUSION_NETWORK,HIGH_CONSTITUENCY_AGENCY_CAPTURE,NONE
MPLADS-001053,32.91,53.72,0,32,1,1,0.1429,0,0.33,15.0,NORMAL_GRAPH_TOPOLOGY,NONE,NONE
MPLADS-001054,28.85,47.18,0,5,1,1,0.2,0,-1.0,0.0,NORMAL_GRAPH_TOPOLOGY,NONE,NONE
MPLADS-001055,14.14,21.18,0,30,1,1,0.1667,0,0.5,0.0,NORMAL_GRAPH_TOPOLOGY,NONE,NONE
MPLADS-001056,69.49,93.1,0,12,1,1,0.25,2,2.0,35.0,CORPORATE_COLLUSION_NETWORK,NONE,NONE
MPLADS-001057,18.11,28.42,0,3,1,1,0.2,0,0.67,0.0,NORMAL_GRAPH_TOPOLOGY,NONE,NONE
MPLADS-001058,39.81,64.36,0,26,1,1,0.2,0,0.5,15.0,NORMAL_GRAPH_TOPOLOGY,NONE,NONE
MPLADS-001059,7.53,9.28,0,28,1,1,0.1667,0,-0.67,0.0,NORMAL_GRAPH_TOPOLOGY,NONE,NONE
MPLADS-001060,38.53,62.72,0,30,1,1,0.1667,0,-0.33,0.0,NORMAL_GRAPH_TOPOLOGY,NONE,NONE
MPLADS-001061,49.69,76.64,0,20,1,1,0.25,0,0.83,0.0,NORMAL_GRAPH_TOPOLOGY,NONE,NONE
MPLADS-001062,56.29,83.62,0,34,1,1,0.25,0,0.33,0.0,NORMAL_GRAPH_TOPOLOGY,NONE,NONE
MPLADS-001063,69.26,92.9,0,18,1,1,0.3333,0,0.5,15.0,RECURRING_EXCLUSIVE_PAIRING,PRE_AWARD_GOVERNANCE_INSTABILITY,NONE
MPLADS-001064,9.12,12.12,0,3,1,1,0.25,0,0.17,0.0,NORMAL_GRAPH_TOPOLOGY,NONE,NONE
MPLADS-001065,21.0,33.68,0,11,1,1,0.125,0,0.17,0.0,NORMAL_GRAPH_TOPOLOGY,NONE,NONE
MPLADS-001066,6.75,8.04,0,14,1,1,0.3333,0,0.33,0.0,NORMAL_GRAPH_TOPOLOGY,NONE,NONE
MPLADS-001067,22.88,36.88,0,0,1,1,0.25,0,0.5,15.0,NORMAL_GRAPH_TOPOLOGY,NONE,NONE
MPLADS-001068,15.95,24.42,0,11,1,1,0.3333,0,-0.17,0.0,NORMAL_GRAPH_TOPOLOGY,NONE,NONE
MPLADS-001069,5.16,5.38,0,28,1,1,0.25,0,-0.17,0.0,NORMAL_GRAPH_TOPOLOGY,NONE,NONE
MPLADS-001070,53.18,80.62,0,8,1,1,0.1,0,0.33,15.0,NORMAL_GRAPH_TOPOLOGY,NONE,NONE
MPLADS-001071,39.92,64.54,0,26,1,1,0.1667,0,-0.17,15.0,NORMAL_GRAPH_TOPOLOGY,NONE,NONE
MPLADS-001072,51.95,79.24,0,36,1,1,0.3333,0,-1.0,15.0,NORMAL_GRAPH_TOPOLOGY,NONE,NONE
MPLADS-001073,12.25,17.74,0,10,1,1,0.1429,0,-0.67,0.0,NORMAL_GRAPH_TOPOLOGY,NONE,NONE
MPLADS-001074,49.73,76.7,0,31,1,1,1.0,0,-0.5,0.0,NORMAL_GRAPH_TOPOLOGY,NONE,NONE
MPLADS-001075,58.01,85.16,0,20,1,1,1.0,0,0.17,0.0,NORMAL_GRAPH_TOPOLOGY,NONE,NONE
MPLADS-001076,30.44,49.86,0,4,1,1,0.3333,0,0.17,0.0,NORMAL_GRAPH_TOPOLOGY,NONE,NONE
MPLADS-001077,1.91,1.2,0,17,1,1,0.2,0,0.0,0.0,NORMAL_GRAPH_TOPOLOGY,NONE,NONE
MPLADS-001078,11.53,16.48,0,12,1,1,0.3333,0,0.0,0.0,NORMAL_GRAPH_TOPOLOGY,NONE,NONE
MPLADS-001079,41.01,66.0,0,35,1,1,0.2,0,0.5,15.0,NORMAL_GRAPH_TOPOLOGY,NONE,NONE
MPLADS-001080,69.25,92.88,0,26,2,1,0.2222,0,-0.17,0.0,HUB_CENTRALITY_SPIKE,NONE,NONE
MPLADS-001081,63.12,88.42,0,5,1,1,0.2,0,0.5,15.0,RECURRING_EXCLUSIVE_PAIRING,PRE_AWARD_GOVERNANCE_INSTABILITY,NONE
MPLADS-001082,57.77,84.92,0,34,1,1,0.25,1,0.33,35.0,NORMAL_GRAPH_TOPOLOGY,NONE,NONE
MPLADS-001083,23.68,38.24,0,36,1,1,0.1667,0,-0.83,0.0,NORMAL_GRAPH_TOPOLOGY,NONE,NONE
MPLADS-001084,69.32,92.94,0,1,1,1,0.1667,2,1.0,35.0,CORPORATE_COLLUSION_NETWORK,HIGH_CONSTITUENCY_AGENCY_CAPTURE,HUB_CENTRALITY_SPIKE
MPLADS-001085,19.22,30.44,0,25,1,1,0.3333,0,0.33,0.0,NORMAL_GRAPH_TOPOLOGY,NONE,NONE
MPLADS-001086,17.92,28.04,0,2,1,1,0.25,0,0.0,0.0,NORMAL_GRAPH_TOPOLOGY,NONE,NONE
MPLADS-001087,9.2,12.26,0,33,1,1,0.1667,0,0.33,0.0,NORMAL_GRAPH_TOPOLOGY,NONE,NONE
MPLADS-001088,51.09,78.24,0,19,1,1,1.0,0,-0.33,0.0,NORMAL_GRAPH_TOPOLOGY,NONE,NONE
MPLADS-001089,10.04,13.78,0,25,1,1,0.1667,0,-0.5,0.0,NORMAL_GRAPH_TOPOLOGY,NONE,NONE
MPLADS-001090,0.05,0.06,0,21,1,1,0.2,0,-0.17,0.0,NORMAL_GRAPH_TOPOLOGY,NONE,NONE
MPLADS-001091,4.79,4.8,0,7,1,1,0.1429,0,-0.5,0.0,NORMAL_GRAPH_TOPOLOGY,NONE,NONE
MPLADS-001092,62.02,87.62,0,30,1,1,0.5,1,1.33,35.0,CORPORATE_COLLUSION_NETWORK,HIGH_CONSTITUENCY_AGENCY_CAPTURE,HUB_CENTRALITY_SPIKE
MPLADS-001093,20.82,33.32,0,17,1,1,0.125,0,0.0,0.0,NORMAL_GRAPH_TOPOLOGY,NONE,NONE
MPLADS-001094,7.11,8.62,0,12,1,1,0.3333,0,0.0,0.0,NORMAL_GRAPH_TOPOLOGY,NONE,NONE
MPLADS-001095,39.3,63.7,0,27,1,1,0.3333,0,-0.33,15.0,NORMAL_GRAPH_TOPOLOGY,NONE,NONE
MPLADS-001096,49.11,76.04,0,1,1,1,0.1667,0,-0.83,15.0,NORMAL_GRAPH_TOPOLOGY,NONE,NONE
MPLADS-001097,1.81,1.1,0,2,1,1,0.2,0,0.0,0.0,NORMAL_GRAPH_TOPOLOGY,NONE,NONE
MPLADS-001098,30.78,50.4,0,7,1,1,0.25,0,0.17,15.0,NORMAL_GRAPH_TOPOLOGY,NONE,NONE
MPLADS-001099,37.17,60.66,0,11,1,1,0.1111,0,-0.17,0.0,NORMAL_GRAPH_TOPOLOGY,NONE,NONE
MPLADS-001100,41.56,66.72,0,31,1,1,0.3333,0,-1.0,0.0,NORMAL_GRAPH_TOPOLOGY,NONE,NONE
MPLADS-001101,40.3,65.08,0,33,1,1,0.25,0,0.0,0.0,NORMAL_GRAPH_TOPOLOGY,NONE,NONE
MPLADS-001102,13.88,20.74,0,6,1,1,0.25,0,0.67,0.0,NORMAL_GRAPH_TOPOLOGY,NONE,NONE
MPLADS-001103,45.3,71.36,0,27,1,1,0.1111,0,-0.83,0.0,NORMAL_GRAPH_TOPOLOGY,NONE,NONE
MPLADS-001104,9.16,12.2,0,23,1,1,0.28,0,0.33,0.0,NORMAL_GRAPH_TOPOLOGY,NONE,NONE
MPLADS-001105,48.6,75.34,0,7,1,1,0.1429,0,-0.83,0.0,NORMAL_GRAPH_TOPOLOGY,NONE,NONE
MPLADS-001106,9.65,13.08,0,6,1,1,0.2,0,0.17,0.0,NORMAL_GRAPH_TOPOLOGY,NONE,NONE
MPLADS-001107,18.36,28.86,0,8,1,1,0.2,0,0.0,0.0,NORMAL_GRAPH_TOPOLOGY,NONE,NONE
MPLADS-001108,33.76,55.12,0,36,1,1,0.28,0,-0.67,15.0,NORMAL_GRAPH_TOPOLOGY,NONE,NONE
MPLADS-001109,14.27,21.42,0,10,1,1,0.2,0,-0.17,0.0,NORMAL_GRAPH_TOPOLOGY,NONE,NONE
MPLADS-001110,78.65,97.86,1,34,1,1,0.5,2,1.0,50.0,CORPORATE_COLLUSION_NETWORK,RECURRING_EXCLUSIVE_PAIRING,NONE
MPLADS-001111,3.82,3.44,0,35,1,1,0.2,0,-0.33,0.0,NORMAL_GRAPH_TOPOLOGY,NONE,NONE
MPLADS-001112,57.4,84.66,0,19,1,1,0.2,0,1.0,15.0,NORMAL_GRAPH_TOPOLOGY,NONE,NONE
MPLADS-001113,42.21,67.58,0,36,1,1,0.3333,0,0.0,15.0,NORMAL_GRAPH_TOPOLOGY,NONE,NONE
MPLADS-001114,77.54,97.36,1,34,1,1,0.1667,2,4.0,35.0,CORPORATE_COLLUSION_NETWORK,NONE,NONE
MPLADS-001115,39.25,63.64,0,2,1,1,0.1667,0,-1.33,0.0,NORMAL_GRAPH_TOPOLOGY,NONE,NONE
MPLADS-001116,9.37,12.58,0,8,1,1,0.25,0,0.17,0.0,NORMAL_GRAPH_TOPOLOGY,NONE,NONE
MPLADS-001117,41.86,67.08,0,36,1,1,0.25,0,1.17,15.0,NORMAL_GRAPH_TOPOLOGY,NONE,NONE
MPLADS-001118,14.8,22.38,0,36,1,1,0.125,0,-0.17,0.0,NORMAL_GRAPH_TOPOLOGY,NONE,NONE
MPLADS-001119,2.36,1.7,0,25,1,1,0.2,0,0.0,0.0,NORMAL_GRAPH_TOPOLOGY,NONE,NONE
MPLADS-001120,58.37,85.32,0,3,1,1,0.1667,1,1.0,50.0,NORMAL_GRAPH_TOPOLOGY,NONE,NONE
MPLADS-001121,57.83,85.0,0,7,1,1,0.3333,0,-1.67,15.0,NORMAL_GRAPH_TOPOLOGY,NONE,NONE
MPLADS-001122,21.93,35.24,0,16,1,1,0.25,0,-0.83,0.0,NORMAL_GRAPH_TOPOLOGY,NONE,NONE
MPLADS-001123,9.31,12.48,0,14,1,1,0.25,0,0.0,0.0,NORMAL_GRAPH_TOPOLOGY,NONE,NONE
MPLADS-001124,43.34,69.02,0,13,1,1,0.5,0,-0.67,0.0,NORMAL_GRAPH_TOPOLOGY,NONE,NONE
MPLADS-001125,51.54,78.76,0,19,1,1,0.2,0,-0.5,0.0,NORMAL_GRAPH_TOPOLOGY,NONE,NONE
MPLADS-001126,49.16,76.12,0,34,1,1,0.1429,0,-0.83,0.0,NORMAL_GRAPH_TOPOLOGY,NONE,NONE
MPLADS-001127,5.17,5.4,0,24,1,1,0.1429,0,0.0,0.0,NORMAL_GRAPH_TOPOLOGY,NONE,NONE
MPLADS-001128,24.95,40.42,0,34,1,1,0.1429,0,0.67,0.0,NORMAL_GRAPH_TOPOLOGY,NONE,NONE
MPLADS-001129,33.43,54.6,0,32,1,1,0.2,0,-1.0,0.0,NORMAL_GRAPH_TOPOLOGY,NONE,NONE
MPLADS-001130,33.68,54.98,0,16,1,1,0.2,0,0.17,15.0,NORMAL_GRAPH_TOPOLOGY,NONE,NONE
MPLADS-001131,32.97,53.82,0,11,1,1,0.3333,0,1.17,0.0,NORMAL_GRAPH_TOPOLOGY,NONE,NONE
MPLADS-001132,30.51,50.0,0,4,1,1,0.1111,0,0.17,0.0,NORMAL_GRAPH_TOPOLOGY,NONE,NONE
MPLADS-001133,31.01,50.76,0,34,1,1,0.2,0,0.33,15.0,NORMAL_GRAPH_TOPOLOGY,NONE,NONE
MPLADS-001134,15.36,23.38,0,11,1,1,0.1429,0,-0.17,0.0,NORMAL_GRAPH_TOPOLOGY,NONE,NONE
MPLADS-001135,35.31,57.66,0,23,1,1,0.3333,0,1.67,0.0,NORMAL_GRAPH_TOPOLOGY,NONE,NONE
MPLADS-001136,28.5,46.6,0,35,1,1,0.5,0,-0.17,0.0,NORMAL_GRAPH_TOPOLOGY,NONE,NONE
MPLADS-001137,69.36,93.0,0,20,1,1,0.125,2,1.0,35.0,CORPORATE_COLLUSION_NETWORK,NONE,NONE
MPLADS-001138,33.07,54.02,0,21,1,1,0.25,0,0.33,0.0,NORMAL_GRAPH_TOPOLOGY,NONE,NONE
MPLADS-001139,73.89,95.88,1,33,1,1,0.25,2,4.0,35.0,CORPORATE_COLLUSION_NETWORK,HIGH_CONSTITUENCY_AGENCY_CAPTURE,NONE
MPLADS-001140,6.82,8.14,0,27,1,1,0.1429,0,-0.17,0.0,NORMAL_GRAPH_TOPOLOGY,NONE,NONE
MPLADS-001141,28.03,45.76,0,27,1,1,0.25,0,-0.17,15.0,NORMAL_GRAPH_TOPOLOGY,NONE,NONE
MPLADS-001142,47.17,73.74,0,30,1,1,0.1667,0,-1.17,15.0,NORMAL_GRAPH_TOPOLOGY,NONE,NONE
MPLADS-001143,27.4,44.74,0,30,1,1,0.5,0,-0.33,0.0,NORMAL_GRAPH_TOPOLOGY,NONE,NONE
MPLADS-001144,73.29,95.52,1,17,1,1,0.2,2,0.67,50.0,CORPORATE_COLLUSION_NETWORK,RECURRING_EXCLUSIVE_PAIRING,NONE
MPLADS-001145,64.62,89.38,0,12,1,1,1.0,0,0.33,0.0,HIGH_CONSTITUENCY_AGENCY_CAPTURE,NONE,NONE
MPLADS-001146,83.87,98.76,1,27,1,1,0.2,2,4.33,35.0,CORPORATE_COLLUSION_NETWORK,HIGH_CONSTITUENCY_AGENCY_CAPTURE,PRE_AWARD_GOVERNANCE_INSTABILITY
MPLADS-001147,19.02,30.08,0,28,1,1,0.1667,0,0.0,0.0,NORMAL_GRAPH_TOPOLOGY,NONE,NONE
MPLADS-001148,85.83,99.02,1,34,2,1,0.1562,1,2.67,35.0,CORPORATE_COLLUSION_NETWORK,NONE,NONE
MPLADS-001149,43.11,68.74,0,2,1,1,0.25,0,-0.33,0.0,NORMAL_GRAPH_TOPOLOGY,NONE,NONE
MPLADS-001150,34.51,56.36,0,24,1,1,0.1667,0,0.33,0.0,NORMAL_GRAPH_TOPOLOGY,NONE,NONE
MPLADS-001151,7.69,9.54,0,13,1,1,0.2,0,-0.17,0.0,NORMAL_GRAPH_TOPOLOGY,NONE,NONE
MPLADS-001152,71.5,94.46,0,19,1,1,0.5,0,-0.5,0.0,PRE_AWARD_GOVERNANCE_INSTABILITY,NONE,NONE
MPLADS-001153,34.69,56.66,0,0,1,1,0.25,0,0.0,15.0,NORMAL_GRAPH_TOPOLOGY,NONE,NONE
MPLADS-001154,30.56,50.08,0,0,1,1,0.3333,0,1.17,0.0,NORMAL_GRAPH_TOPOLOGY,NONE,NONE
MPLADS-001155,60.17,86.58,0,26,1,1,0.3333,1,1.0,35.0,CORPORATE_COLLUSION_NETWORK,HUB_CENTRALITY_SPIKE,NONE
MPLADS-001156,58.33,85.28,0,20,1,1,0.1667,0,-0.83,0.0,NORMAL_GRAPH_TOPOLOGY,NONE,NONE
MPLADS-001157,16.92,26.22,0,28,1,1,0.1667,0,0.83,0.0,NORMAL_GRAPH_TOPOLOGY,NONE,NONE
MPLADS-001158,71.23,94.28,0,22,1,1,0.25,2,1.67,35.0,CORPORATE_COLLUSION_NETWORK,HUB_CENTRALITY_SPIKE,NONE
MPLADS-001159,46.84,73.22,0,5,1,1,0.25,0,-1.0,15.0,NORMAL_GRAPH_TOPOLOGY,NONE,NONE
MPLADS-001160,78.03,97.58,1,26,1,1,0.1429,2,3.0,35.0,CORPORATE_COLLUSION_NETWORK,HUB_CENTRALITY_SPIKE,NONE
MPLADS-001161,1.03,0.46,0,1,1,1,0.2,0,0.33,0.0,NORMAL_GRAPH_TOPOLOGY,NONE,NONE
MPLADS-001162,51.14,78.32,0,22,1,1,0.1667,0,0.17,0.0,NORMAL_GRAPH_TOPOLOGY,NONE,NONE
MPLADS-001163,11.63,16.64,0,25,1,1,0.25,0,0.67,0.0,NORMAL_GRAPH_TOPOLOGY,NONE,NONE
MPLADS-001164,50.58,77.6,0,30,1,1,0.1429,1,1.17,35.0,NORMAL_GRAPH_TOPOLOGY,NONE,NONE
MPLADS-001165,7.25,8.86,0,33,1,1,0.1667,0,-0.33,0.0,NORMAL_GRAPH_TOPOLOGY,NONE,NONE
MPLADS-001166,66.98,91.22,0,28,1,1,0.3333,0,0.17,0.0,PRE_AWARD_GOVERNANCE_INSTABILITY,NONE,NONE
MPLADS-001167,38.57,62.78,0,11,1,1,0.1111,0,0.5,0.0,NORMAL_GRAPH_TOPOLOGY,NONE,NONE
MPLADS-001168,50.52,77.52,0,9,1,1,1.0,0,-0.17,0.0,NORMAL_GRAPH_TOPOLOGY,NONE,NONE
MPLADS-001169,35.35,57.72,0,14,1,1,0.1429,0,0.33,15.0,NORMAL_GRAPH_TOPOLOGY,NONE,NONE
MPLADS-001170,76.98,97.2,1,26,1,1,0.1667,1,2.5,50.0,CORPORATE_COLLUSION_NETWORK,RECURRING_EXCLUSIVE_PAIRING,HUB_CENTRALITY_SPIKE
MPLADS-001171,62.4,87.94,0,17,1,1,0.5,0,0.67,15.0,HIGH_CONSTITUENCY_AGENCY_CAPTURE,RECURRING_EXCLUSIVE_PAIRING,PRE_AWARD_GOVERNANCE_INSTABILITY
MPLADS-001172,6.42,7.48,0,7,1,1,0.25,0,0.0,0.0,NORMAL_GRAPH_TOPOLOGY,NONE,NONE
MPLADS-001173,33.82,55.2,0,6,1,1,0.2,0,-1.33,0.0,NORMAL_GRAPH_TOPOLOGY,NONE,NONE
MPLADS-001174,42.14,67.5,0,21,1,1,0.2,0,0.17,0.0,NORMAL_GRAPH_TOPOLOGY,NONE,NONE
MPLADS-001175,30.45,49.88,0,3,1,1,0.2,0,0.5,15.0,NORMAL_GRAPH_TOPOLOGY,NONE,NONE
MPLADS-001176,31.11,50.92,0,24,1,1,0.1667,0,0.33,0.0,NORMAL_GRAPH_TOPOLOGY,NONE,NONE
MPLADS-001177,14.61,22.04,0,24,1,1,0.2,0,-0.5,0.0,NORMAL_GRAPH_TOPOLOGY,NONE,NONE
MPLADS-001178,25.01,40.52,0,14,1,1,0.5,0,0.0,0.0,NORMAL_GRAPH_TOPOLOGY,NONE,NONE
MPLADS-001179,7.99,10.08,0,6,1,1,0.2,0,1.0,0.0,NORMAL_GRAPH_TOPOLOGY,NONE,NONE
MPLADS-001180,40.52,65.36,0,16,1,1,0.2,0,-0.5,15.0,NORMAL_GRAPH_TOPOLOGY,NONE,NONE
MPLADS-001181,25.47,41.38,0,26,1,1,0.25,0,-0.67,0.0,NORMAL_GRAPH_TOPOLOGY,NONE,NONE
MPLADS-001182,29.53,48.26,0,25,1,1,0.3333,0,-1.0,0.0,NORMAL_GRAPH_TOPOLOGY,NONE,NONE
MPLADS-001183,8.57,11.16,0,32,1,1,0.2,0,0.0,15.0,NORMAL_GRAPH_TOPOLOGY,NONE,NONE
MPLADS-001184,0.84,0.32,0,30,1,1,0.2,0,0.0,0.0,NORMAL_GRAPH_TOPOLOGY,NONE,NONE
MPLADS-001185,15.58,23.76,0,24,1,1,0.3333,0,0.17,0.0,NORMAL_GRAPH_TOPOLOGY,NONE,NONE
MPLADS-001186,82.77,98.66,1,25,1,1,1.0,2,1.0,50.0,CORPORATE_COLLUSION_NETWORK,RECURRING_EXCLUSIVE_PAIRING,NONE
MPLADS-001187,5.98,6.76,0,12,1,1,0.2,0,-0.33,0.0,NORMAL_GRAPH_TOPOLOGY,NONE,NONE
MPLADS-001188,57.28,84.5,0,25,1,1,0.1429,1,1.0,35.0,NORMAL_GRAPH_TOPOLOGY,NONE,NONE
MPLADS-001189,73.81,95.84,1,26,1,1,0.2,2,1.0,35.0,CORPORATE_COLLUSION_NETWORK,HIGH_CONSTITUENCY_AGENCY_CAPTURE,HUB_CENTRALITY_SPIKE
MPLADS-001190,46.25,72.54,0,2,1,1,0.125,0,0.5,15.0,NORMAL_GRAPH_TOPOLOGY,NONE,NONE
MPLADS-001191,25.38,41.18,0,7,1,1,0.25,0,0.0,0.0,NORMAL_GRAPH_TOPOLOGY,NONE,NONE
MPLADS-001192,25.28,41.02,0,7,1,1,0.3333,0,-0.33,0.0,NORMAL_GRAPH_TOPOLOGY,NONE,NONE
MPLADS-001193,30.18,49.38,0,27,1,1,0.5,0,0.0,0.0,NORMAL_GRAPH_TOPOLOGY,NONE,NONE
MPLADS-001194,32.27,52.7,0,22,1,1,0.1667,0,-0.33,15.0,NORMAL_GRAPH_TOPOLOGY,NONE,NONE
MPLADS-001195,42.77,68.32,0,14,1,1,0.1667,0,-1.17,15.0,NORMAL_GRAPH_TOPOLOGY,NONE,NONE
MPLADS-001196,50.37,77.36,0,33,1,1,0.25,0,0.33,0.0,NORMAL_GRAPH_TOPOLOGY,NONE,NONE
MPLADS-001197,1.93,1.22,0,11,1,1,0.25,0,0.33,0.0,NORMAL_GRAPH_TOPOLOGY,NONE,NONE
MPLADS-001198,17.26,26.82,0,7,1,1,0.25,0,0.33,15.0,NORMAL_GRAPH_TOPOLOGY,NONE,NONE
MPLADS-001199,33.95,55.42,0,5,1,1,0.3333,0,-0.67,0.0,NORMAL_GRAPH_TOPOLOGY,NONE,NONE
MPLADS-001200,22.66,36.5,0,8,1,1,0.3333,0,-0.5,0.0,NORMAL_GRAPH_TOPOLOGY,NONE,NONE
MPLADS-001201,42.15,67.52,0,22,1,1,0.3333,0,-0.5,15.0,NORMAL_GRAPH_TOPOLOGY,NONE,NONE
MPLADS-001202,29.44,48.1,0,2,1,1,0.1667,0,-0.83,0.0,NORMAL_GRAPH_TOPOLOGY,NONE,NONE
MPLADS-001203,12.58,18.32,0,24,1,1,0.1429,0,-0.17,0.0,NORMAL_GRAPH_TOPOLOGY,NONE,NONE
MPLADS-001204,75.74,96.56,1,33,1,1,0.1667,2,4.0,35.0,CORPORATE_COLLUSION_NETWORK,HIGH_CONSTITUENCY_AGENCY_CAPTURE,NONE
MPLADS-001205,7.7,9.56,0,22,1,1,0.25,0,-0.5,0.0,NORMAL_GRAPH_TOPOLOGY,NONE,NONE
MPLADS-001206,32.64,53.32,0,2,1,1,0.3333,0,0.0,0.0,NORMAL_GRAPH_TOPOLOGY,NONE,NONE
MPLADS-001207,45.39,71.46,0,34,1,1,0.125,0,0.33,15.0,NORMAL_GRAPH_TOPOLOGY,NONE,NONE
MPLADS-001208,51.81,79.1,0,35,1,1,0.5556,0,0.33,0.0,NORMAL_GRAPH_TOPOLOGY,NONE,NONE
MPLADS-001209,15.0,22.74,0,25,1,1,0.3333,0,-0.5,0.0,NORMAL_GRAPH_TOPOLOGY,NONE,NONE
MPLADS-001210,9.3,12.46,0,32,1,1,0.1667,0,0.0,0.0,NORMAL_GRAPH_TOPOLOGY,NONE,NONE
MPLADS-001211,18.58,29.24,0,4,1,1,0.1667,0,0.33,0.0,NORMAL_GRAPH_TOPOLOGY,NONE,NONE
MPLADS-001212,80.42,98.2,1,10,1,1,0.125,2,4.0,35.0,CORPORATE_COLLUSION_NETWORK,NONE,NONE
MPLADS-001213,31.14,50.98,0,8,1,1,0.25,0,0.33,15.0,NORMAL_GRAPH_TOPOLOGY,NONE,NONE
MPLADS-001214,58.39,85.36,0,33,1,1,0.1667,0,1.83,0.0,NORMAL_GRAPH_TOPOLOGY,NONE,NONE
MPLADS-001215,79.35,98.04,1,26,1,1,0.1429,1,2.33,35.0,CORPORATE_COLLUSION_NETWORK,PRE_AWARD_GOVERNANCE_INSTABILITY,NONE
MPLADS-001216,25.23,40.94,0,15,1,1,0.1667,0,0.67,0.0,NORMAL_GRAPH_TOPOLOGY,NONE,NONE
MPLADS-001217,72.39,95.04,1,26,1,1,0.25,1,2.5,50.0,CORPORATE_COLLUSION_NETWORK,RECURRING_EXCLUSIVE_PAIRING,HUB_CENTRALITY_SPIKE
MPLADS-001218,2.68,2.06,0,30,1,1,0.2,0,-0.5,0.0,NORMAL_GRAPH_TOPOLOGY,NONE,NONE
MPLADS-001219,81.35,98.46,1,34,1,1,0.25,2,4.0,35.0,CORPORATE_COLLUSION_NETWORK,NONE,NONE
MPLADS-001220,15.02,22.76,0,21,1,1,0.25,0,-0.83,0.0,NORMAL_GRAPH_TOPOLOGY,NONE,NONE
MPLADS-001221,20.85,33.38,0,2,1,1,0.3333,0,0.0,0.0,NORMAL_GRAPH_TOPOLOGY,NONE,NONE
MPLADS-001222,28.38,46.36,0,33,1,1,0.25,0,-1.0,0.0,NORMAL_GRAPH_TOPOLOGY,NONE,NONE
MPLADS-001223,11.9,17.08,0,7,1,1,0.2,0,0.5,0.0,NORMAL_GRAPH_TOPOLOGY,NONE,NONE
MPLADS-001224,35.08,57.28,0,5,1,1,0.125,0,-0.17,15.0,NORMAL_GRAPH_TOPOLOGY,NONE,NONE
MPLADS-001225,11.57,16.54,0,32,1,1,0.125,0,-0.17,0.0,NORMAL_GRAPH_TOPOLOGY,NONE,NONE
MPLADS-001226,51.55,78.78,0,3,1,1,0.5,0,0.5,15.0,NORMAL_GRAPH_TOPOLOGY,NONE,NONE
MPLADS-001227,29.84,48.78,0,30,1,1,0.25,0,0.0,15.0,NORMAL_GRAPH_TOPOLOGY,NONE,NONE
MPLADS-001228,23.5,37.92,0,29,1,1,0.3333,0,0.0,0.0,NORMAL_GRAPH_TOPOLOGY,NONE,NONE
MPLADS-001229,36.02,58.76,0,9,1,1,0.1429,0,-0.5,0.0,NORMAL_GRAPH_TOPOLOGY,NONE,NONE
MPLADS-001230,53.29,80.7,0,33,1,1,1.0,0,0.17,0.0,NORMAL_GRAPH_TOPOLOGY,NONE,NONE
MPLADS-001231,44.6,70.5,0,23,1,1,0.2,0,-0.33,0.0,NORMAL_GRAPH_TOPOLOGY,NONE,NONE
MPLADS-001232,15.26,23.16,0,0,1,1,0.2,0,-0.17,15.0,NORMAL_GRAPH_TOPOLOGY,NONE,NONE
MPLADS-001233,53.97,81.34,0,14,1,1,0.125,0,-1.67,0.0,NORMAL_GRAPH_TOPOLOGY,NONE,NONE
MPLADS-001234,19.27,30.54,0,26,1,1,0.25,0,-0.17,0.0,NORMAL_GRAPH_TOPOLOGY,NONE,NONE
MPLADS-001235,5.9,6.62,0,7,1,1,0.1429,0,-0.17,0.0,NORMAL_GRAPH_TOPOLOGY,NONE,NONE
MPLADS-001236,18.5,29.12,0,36,1,1,0.25,0,0.67,0.0,NORMAL_GRAPH_TOPOLOGY,NONE,NONE
MPLADS-001237,94.18,99.42,1,35,2,1,0.5556,2,4.0,35.0,CORPORATE_COLLUSION_NETWORK,NONE,NONE
MPLADS-001238,48.32,75.02,0,5,1,1,0.1,0,-1.0,0.0,NORMAL_GRAPH_TOPOLOGY,NONE,NONE
MPLADS-001239,12.49,18.16,0,21,1,1,0.1667,0,-0.17,0.0,NORMAL_GRAPH_TOPOLOGY,NONE,NONE
MPLADS-001240,52.24,79.58,0,9,1,1,1.0,0,1.17,0.0,NORMAL_GRAPH_TOPOLOGY,NONE,NONE
MPLADS-001241,16.02,24.54,0,5,1,1,0.1667,0,0.33,0.0,NORMAL_GRAPH_TOPOLOGY,NONE,NONE
MPLADS-001242,52.66,80.06,0,26,1,1,0.5,0,0.17,15.0,NORMAL_GRAPH_TOPOLOGY,NONE,NONE
MPLADS-001243,54.74,82.22,0,32,1,1,0.25,0,-0.83,15.0,NORMAL_GRAPH_TOPOLOGY,NONE,NONE
MPLADS-001244,39.45,63.84,0,21,1,1,0.1429,0,0.0,0.0,NORMAL_GRAPH_TOPOLOGY,NONE,NONE
MPLADS-001245,61.18,87.16,0,6,1,1,0.1111,0,0.0,15.0,RECURRING_EXCLUSIVE_PAIRING,HIGH_CONSTITUENCY_AGENCY_CAPTURE,NONE
MPLADS-001246,27.84,45.42,0,3,1,1,0.3333,0,0.33,15.0,NORMAL_GRAPH_TOPOLOGY,NONE,NONE
MPLADS-001247,20.84,33.36,0,23,1,1,0.2,0,-0.33,15.0,NORMAL_GRAPH_TOPOLOGY,NONE,NONE
MPLADS-001248,31.84,52.1,0,7,1,1,0.1667,0,-0.5,15.0,NORMAL_GRAPH_TOPOLOGY,NONE,NONE
MPLADS-001249,45.66,71.84,0,22,1,1,0.5,0,0.33,15.0,NORMAL_GRAPH_TOPOLOGY,NONE,NONE
MPLADS-001250,17.79,27.8,0,33,1,1,0.25,0,0.33,0.0,NORMAL_GRAPH_TOPOLOGY,NONE,NONE
MPLADS-001251,15.98,24.48,0,31,1,1,0.1667,0,-0.67,0.0,NORMAL_GRAPH_TOPOLOGY,NONE,NONE
MPLADS-001252,12.29,17.82,0,30,1,1,0.2,0,0.0,0.0,NORMAL_GRAPH_TOPOLOGY,NONE,NONE
MPLADS-001253,8.42,10.86,0,28,1,1,0.1667,0,0.33,0.0,NORMAL_GRAPH_TOPOLOGY,NONE,NONE
MPLADS-001254,8.24,10.54,0,23,1,1,0.1429,0,-0.17,0.0,NORMAL_GRAPH_TOPOLOGY,NONE,NONE
MPLADS-001255,29.29,47.88,0,15,1,1,0.5,0,0.0,0.0,NORMAL_GRAPH_TOPOLOGY,NONE,NONE
MPLADS-001256,25.55,41.52,0,3,1,1,0.5,0,0.0,0.0,NORMAL_GRAPH_TOPOLOGY,NONE,NONE
MPLADS-001257,27.66,45.12,0,16,1,1,0.125,0,0.33,0.0,NORMAL_GRAPH_TOPOLOGY,NONE,NONE
MPLADS-001258,37.91,61.8,0,23,1,1,0.1111,0,0.0,0.0,NORMAL_GRAPH_TOPOLOGY,NONE,NONE
MPLADS-001259,30.16,49.34,0,9,1,1,0.5,0,0.33,0.0,NORMAL_GRAPH_TOPOLOGY,NONE,NONE
MPLADS-001260,5.87,6.56,0,23,1,1,0.2,0,-0.17,0.0,NORMAL_GRAPH_TOPOLOGY,NONE,NONE
MPLADS-001261,9.58,12.92,0,35,1,1,0.2222,0,0.0,0.0,NORMAL_GRAPH_TOPOLOGY,NONE,NONE
MPLADS-001262,7.42,9.1,0,11,1,1,0.1837,0,-0.17,0.0,NORMAL_GRAPH_TOPOLOGY,NONE,NONE
MPLADS-001263,70.36,93.74,0,2,1,1,0.3333,1,1.33,35.0,CORPORATE_COLLUSION_NETWORK,HIGH_CONSTITUENCY_AGENCY_CAPTURE,PRE_AWARD_GOVERNANCE_INSTABILITY
MPLADS-001264,19.45,30.86,0,1,1,1,0.28,0,-0.83,0.0,NORMAL_GRAPH_TOPOLOGY,NONE,NONE
MPLADS-001265,21.86,35.14,0,35,1,1,0.125,0,0.0,0.0,NORMAL_GRAPH_TOPOLOGY,NONE,NONE
MPLADS-001266,64.75,89.5,0,26,1,1,0.25,1,2.67,35.0,CORPORATE_COLLUSION_NETWORK,NONE,NONE
MPLADS-001267,15.43,23.5,0,34,1,1,0.25,0,-0.17,0.0,NORMAL_GRAPH_TOPOLOGY,NONE,NONE
MPLADS-001268,9.53,12.84,0,11,1,1,0.25,0,0.33,0.0,NORMAL_GRAPH_TOPOLOGY,NONE,NONE
MPLADS-001269,19.05,30.14,0,3,1,1,0.25,0,-0.33,0.0,NORMAL_GRAPH_TOPOLOGY,NONE,NONE
MPLADS-001270,44.11,69.96,0,21,1,1,0.125,0,0.67,0.0,NORMAL_GRAPH_TOPOLOGY,NONE,NONE
MPLADS-001271,3.14,2.64,0,0,1,1,0.25,0,0.17,0.0,NORMAL_GRAPH_TOPOLOGY,NONE,NONE
MPLADS-001272,77.74,97.44,1,26,1,1,0.2222,2,4.0,35.0,CORPORATE_COLLUSION_NETWORK,HIGH_CONSTITUENCY_AGENCY_CAPTURE,NONE
MPLADS-001273,26.95,43.92,0,28,1,1,0.1667,0,0.83,0.0,NORMAL_GRAPH_TOPOLOGY,NONE,NONE
MPLADS-001274,52.72,80.16,0,2,1,1,1.0,0,0.0,0.0,NORMAL_GRAPH_TOPOLOGY,NONE,NONE
MPLADS-001275,44.98,70.98,0,35,1,1,0.3333,0,-0.5,0.0,NORMAL_GRAPH_TOPOLOGY,NONE,NONE
MPLADS-001276,41.99,67.26,0,7,1,1,0.1429,0,-0.17,0.0,NORMAL_GRAPH_TOPOLOGY,NONE,NONE
MPLADS-001277,35.88,58.58,0,1,1,1,0.5,0,0.17,0.0,NORMAL_GRAPH_TOPOLOGY,NONE,NONE
MPLADS-001278,69.06,92.7,0,34,1,1,0.3333,0,-1.17,15.0,RECURRING_EXCLUSIVE_PAIRING,HIGH_CONSTITUENCY_AGENCY_CAPTURE,PRE_AWARD_GOVERNANCE_INSTABILITY
MPLADS-001279,6.92,8.32,0,33,1,1,0.2,0,-0.5,0.0,NORMAL_GRAPH_TOPOLOGY,NONE,NONE
MPLADS-001280,24.48,39.6,0,36,1,1,0.2,0,-0.17,0.0,NORMAL_GRAPH_TOPOLOGY,NONE,NONE
MPLADS-001281,46.01,72.22,0,0,1,1,0.2,0,-0.67,15.0,NORMAL_GRAPH_TOPOLOGY,NONE,NONE
MPLADS-001282,9.49,12.78,0,30,1,1,0.3333,0,0.0,0.0,NORMAL_GRAPH_TOPOLOGY,NONE,NONE
MPLADS-001283,93.09,99.22,1,21,1,1,0.2,4,0.67,35.0,CORPORATE_COLLUSION_NETWORK,NONE,NONE
MPLADS-001284,35.71,58.3,0,27,1,1,0.25,0,-1.0,15.0,NORMAL_GRAPH_TOPOLOGY,NONE,NONE
MPLADS-001285,51.52,78.74,0,0,1,1,0.28,0,0.67,15.0,NORMAL_GRAPH_TOPOLOGY,NONE,NONE
MPLADS-001286,1.2,0.58,0,14,1,1,0.1667,0,-0.5,0.0,NORMAL_GRAPH_TOPOLOGY,NONE,NONE
MPLADS-001287,17.52,27.32,0,13,1,1,0.2,0,-0.5,0.0,NORMAL_GRAPH_TOPOLOGY,NONE,NONE
MPLADS-001288,8.59,11.2,0,33,1,1,0.2,0,-0.17,0.0,NORMAL_GRAPH_TOPOLOGY,NONE,NONE
MPLADS-001289,20.65,33.02,0,13,1,1,0.3333,0,-0.17,15.0,NORMAL_GRAPH_TOPOLOGY,NONE,NONE
MPLADS-001290,23.8,38.44,0,24,1,1,0.1111,0,0.0,0.0,NORMAL_GRAPH_TOPOLOGY,NONE,NONE
MPLADS-001291,11.81,16.92,0,10,1,1,0.1667,0,-0.67,0.0,NORMAL_GRAPH_TOPOLOGY,NONE,NONE
MPLADS-001292,77.79,97.5,1,34,1,1,0.2,2,4.0,35.0,CORPORATE_COLLUSION_NETWORK,NONE,NONE
MPLADS-001293,38.42,62.5,0,36,1,1,0.1667,0,-1.33,0.0,NORMAL_GRAPH_TOPOLOGY,NONE,NONE
MPLADS-001294,60.84,86.94,0,6,1,1,0.1111,0,0.83,0.0,PRE_AWARD_GOVERNANCE_INSTABILITY,NONE,NONE
MPLADS-001295,31.76,51.94,0,11,1,1,0.1111,0,0.0,15.0,NORMAL_GRAPH_TOPOLOGY,NONE,NONE
MPLADS-001296,44.98,70.96,0,24,1,1,0.5,0,0.33,0.0,NORMAL_GRAPH_TOPOLOGY,NONE,NONE
MPLADS-001297,20.48,32.72,0,32,1,1,0.125,0,0.33,0.0,NORMAL_GRAPH_TOPOLOGY,NONE,NONE
MPLADS-001298,13.79,20.56,0,8,1,1,0.25,0,0.33,0.0,NORMAL_GRAPH_TOPOLOGY,NONE,NONE
MPLADS-001299,11.07,15.66,0,29,1,1,0.1429,0,0.0,0.0,NORMAL_GRAPH_TOPOLOGY,NONE,NONE
MPLADS-001300,32.41,52.96,0,4,1,1,0.3333,0,-0.33,15.0,NORMAL_GRAPH_TOPOLOGY,NONE,NONE
MPLADS-001301,43.98,69.8,0,30,1,1,0.1667,0,0.83,0.0,NORMAL_GRAPH_TOPOLOGY,NONE,NONE
MPLADS-001302,44.16,70.06,0,34,1,1,0.1667,0,-0.67,15.0,NORMAL_GRAPH_TOPOLOGY,NONE,NONE
MPLADS-001303,14.82,22.42,0,26,1,1,0.2,0,-0.33,0.0,NORMAL_GRAPH_TOPOLOGY,NONE,NONE
MPLADS-001304,16.13,24.72,0,2,1,1,0.3333,0,0.0,0.0,NORMAL_GRAPH_TOPOLOGY,NONE,NONE
MPLADS-001305,9.43,12.68,0,35,1,1,0.25,0,0.17,0.0,NORMAL_GRAPH_TOPOLOGY,NONE,NONE
MPLADS-001306,16.45,25.34,0,34,1,1,0.25,0,-0.33,0.0,NORMAL_GRAPH_TOPOLOGY,NONE,NONE
MPLADS-001307,20.24,32.26,0,4,1,1,0.1562,0,-0.5,0.0,NORMAL_GRAPH_TOPOLOGY,NONE,NONE
MPLADS-001308,12.85,18.84,0,35,1,1,0.125,0,-0.33,0.0,NORMAL_GRAPH_TOPOLOGY,NONE,NONE
MPLADS-001309,17.59,27.46,0,14,1,1,0.125,0,-0.33,0.0,NORMAL_GRAPH_TOPOLOGY,NONE,NONE
MPLADS-001310,59.19,86.0,0,26,1,1,0.125,0,0.83,0.0,NORMAL_GRAPH_TOPOLOGY,NONE,NONE
MPLADS-001311,25.49,41.42,0,12,1,1,0.5,0,-0.17,0.0,NORMAL_GRAPH_TOPOLOGY,NONE,NONE
MPLADS-001312,26.62,43.34,0,23,1,1,0.1429,0,-0.33,15.0,NORMAL_GRAPH_TOPOLOGY,NONE,NONE
MPLADS-001313,35.05,57.24,0,26,1,1,0.3333,0,1.0,0.0,NORMAL_GRAPH_TOPOLOGY,NONE,NONE
MPLADS-001314,12.51,18.2,0,10,1,1,0.125,0,0.33,0.0,NORMAL_GRAPH_TOPOLOGY,NONE,NONE
MPLADS-001315,27.87,45.48,0,1,1,1,0.1667,0,-0.17,0.0,NORMAL_GRAPH_TOPOLOGY,NONE,NONE
MPLADS-001316,4.06,3.8,0,29,1,1,0.2,0,0.17,0.0,NORMAL_GRAPH_TOPOLOGY,NONE,NONE
MPLADS-001317,23.76,38.38,0,11,1,1,0.3333,0,0.0,0.0,NORMAL_GRAPH_TOPOLOGY,NONE,NONE
MPLADS-001318,45.05,71.08,0,12,1,1,0.5,0,-1.17,0.0,NORMAL_GRAPH_TOPOLOGY,NONE,NONE
MPLADS-001319,0.24,0.12,0,25,1,1,0.1667,0,-0.17,0.0,NORMAL_GRAPH_TOPOLOGY,NONE,NONE
MPLADS-001320,14.58,21.98,0,14,1,1,0.2,0,-0.17,0.0,NORMAL_GRAPH_TOPOLOGY,NONE,NONE
MPLADS-001321,31.83,52.08,0,35,1,1,0.3333,0,0.83,15.0,NORMAL_GRAPH_TOPOLOGY,NONE,NONE
MPLADS-001322,51.76,79.06,0,27,1,1,0.28,0,-0.33,15.0,NORMAL_GRAPH_TOPOLOGY,NONE,NONE
MPLADS-001323,15.08,22.88,0,33,1,1,0.3333,0,-0.17,0.0,NORMAL_GRAPH_TOPOLOGY,NONE,NONE
MPLADS-001324,7.88,9.88,0,9,1,1,0.1667,0,-0.17,0.0,NORMAL_GRAPH_TOPOLOGY,NONE,NONE
MPLADS-001325,6.65,7.88,0,27,1,1,0.25,0,0.33,0.0,NORMAL_GRAPH_TOPOLOGY,NONE,NONE
MPLADS-001326,23.95,38.72,0,2,1,1,0.125,0,-0.5,0.0,NORMAL_GRAPH_TOPOLOGY,NONE,NONE
MPLADS-001327,61.88,87.52,0,14,1,1,0.1429,1,2.67,35.0,CORPORATE_COLLUSION_NETWORK,NONE,NONE
MPLADS-001328,33.24,54.28,0,26,1,1,0.25,0,1.0,0.0,NORMAL_GRAPH_TOPOLOGY,NONE,NONE
MPLADS-001329,12.72,18.56,0,4,1,1,0.2,0,0.17,0.0,NORMAL_GRAPH_TOPOLOGY,NONE,NONE
MPLADS-001330,37.78,61.58,0,14,1,1,0.2,0,-0.5,0.0,NORMAL_GRAPH_TOPOLOGY,NONE,NONE
MPLADS-001331,16.09,24.64,0,10,1,1,0.1429,0,-0.67,0.0,NORMAL_GRAPH_TOPOLOGY,NONE,NONE
MPLADS-001332,32.08,52.4,0,10,1,1,0.5,0,-0.17,0.0,NORMAL_GRAPH_TOPOLOGY,NONE,NONE
MPLADS-001333,56.37,83.68,0,8,1,1,0.1667,0,-0.83,15.0,NORMAL_GRAPH_TOPOLOGY,NONE,NONE
MPLADS-001334,8.1,10.28,0,28,1,1,0.25,0,0.0,0.0,NORMAL_GRAPH_TOPOLOGY,NONE,NONE
MPLADS-001335,39.87,64.46,0,7,1,1,0.5,0,-0.67,15.0,NORMAL_GRAPH_TOPOLOGY,NONE,NONE
MPLADS-001336,94.59,99.48,1,34,1,1,0.2,4,0.67,35.0,CORPORATE_COLLUSION_NETWORK,NONE,NONE
MPLADS-001337,31.8,52.02,0,9,1,1,0.1667,0,-0.5,0.0,NORMAL_GRAPH_TOPOLOGY,NONE,NONE
MPLADS-001338,66.73,90.98,0,0,1,1,0.1667,2,1.0,35.0,CORPORATE_COLLUSION_NETWORK,NONE,NONE
MPLADS-001339,59.23,86.08,0,28,1,1,0.3333,0,-0.83,0.0,NORMAL_GRAPH_TOPOLOGY,NONE,NONE
MPLADS-001340,27.76,45.3,0,6,1,1,0.1667,0,-1.33,0.0,NORMAL_GRAPH_TOPOLOGY,NONE,NONE
MPLADS-001341,47.1,73.66,0,3,1,1,0.1429,0,-0.67,15.0,NORMAL_GRAPH_TOPOLOGY,NONE,NONE
MPLADS-001342,57.29,84.52,0,20,1,1,0.5,0,1.0,0.0,NORMAL_GRAPH_TOPOLOGY,NONE,NONE
MPLADS-001343,16.74,25.9,0,34,1,1,0.25,0,0.0,0.0,NORMAL_GRAPH_TOPOLOGY,NONE,NONE
MPLADS-001344,14.01,20.94,0,12,1,1,0.1667,0,0.83,0.0,NORMAL_GRAPH_TOPOLOGY,NONE,NONE
MPLADS-001345,65.63,90.1,0,33,1,1,0.1111,1,0.0,35.0,CORPORATE_COLLUSION_NETWORK,NONE,NONE
MPLADS-001346,16.55,25.54,0,24,1,1,0.25,0,-1.0,0.0,NORMAL_GRAPH_TOPOLOGY,NONE,NONE
MPLADS-001347,30.12,49.26,0,27,1,1,0.1667,0,0.5,15.0,NORMAL_GRAPH_TOPOLOGY,NONE,NONE
MPLADS-001348,2.73,2.14,0,1,1,1,0.25,0,-0.33,0.0,NORMAL_GRAPH_TOPOLOGY,NONE,NONE
MPLADS-001349,53.08,80.52,0,30,1,1,0.2,0,-0.83,0.0,NORMAL_GRAPH_TOPOLOGY,NONE,NONE
MPLADS-001350,12.63,18.42,0,32,1,1,0.1667,0,0.17,0.0,NORMAL_GRAPH_TOPOLOGY,NONE,NONE
MPLADS-001351,32.5,53.08,0,13,1,1,0.2,0,0.0,15.0,NORMAL_GRAPH_TOPOLOGY,NONE,NONE
MPLADS-001352,24.24,39.22,0,24,1,1,0.1667,0,-0.33,15.0,NORMAL_GRAPH_TOPOLOGY,NONE,NONE
MPLADS-001353,55.85,83.3,0,27,1,1,0.1429,1,-0.33,35.0,NORMAL_GRAPH_TOPOLOGY,NONE,NONE
MPLADS-001354,71.96,94.78,0,26,1,1,0.1667,2,1.0,35.0,CORPORATE_COLLUSION_NETWORK,NONE,NONE
MPLADS-001355,67.07,91.3,0,26,1,1,0.25,1,2.67,35.0,CORPORATE_COLLUSION_NETWORK,NONE,NONE
MPLADS-001356,2.54,1.92,0,8,1,1,0.25,0,-0.33,0.0,NORMAL_GRAPH_TOPOLOGY,NONE,NONE
MPLADS-001357,48.29,74.96,0,27,1,1,0.2,0,0.67,0.0,NORMAL_GRAPH_TOPOLOGY,NONE,NONE
MPLADS-001358,67.9,91.9,0,36,2,1,0.28,0,-0.5,15.0,RECURRING_EXCLUSIVE_PAIRING,NONE,NONE
MPLADS-001359,20.06,31.96,0,9,1,1,0.25,0,0.0,15.0,NORMAL_GRAPH_TOPOLOGY,NONE,NONE
MPLADS-001360,33.71,55.02,0,6,1,1,0.5,0,0.67,0.0,NORMAL_GRAPH_TOPOLOGY,NONE,NONE
MPLADS-001361,7.29,8.92,0,10,1,1,0.25,0,0.0,0.0,NORMAL_GRAPH_TOPOLOGY,NONE,NONE
MPLADS-001362,41.36,66.48,0,11,1,1,0.25,0,0.33,0.0,NORMAL_GRAPH_TOPOLOGY,NONE,NONE
MPLADS-001363,25.79,41.88,0,35,1,1,0.125,0,-0.33,0.0,NORMAL_GRAPH_TOPOLOGY,NONE,NONE
MPLADS-001364,65.42,89.94,0,14,1,1,1.0,0,0.67,0.0,PRE_AWARD_GOVERNANCE_INSTABILITY,NONE,NONE
MPLADS-001365,81.13,98.42,1,30,2,1,0.28,0,1.83,0.0,HIGH_CONSTITUENCY_AGENCY_CAPTURE,PRE_AWARD_GOVERNANCE_INSTABILITY,NONE
MPLADS-001366,17.91,28.02,0,30,1,1,0.25,0,-0.17,15.0,NORMAL_GRAPH_TOPOLOGY,NONE,NONE
MPLADS-001367,27.0,44.02,0,10,1,1,0.3333,0,-0.17,15.0,NORMAL_GRAPH_TOPOLOGY,NONE,NONE
MPLADS-001368,35.52,57.98,0,0,1,1,0.3333,0,1.17,0.0,NORMAL_GRAPH_TOPOLOGY,NONE,NONE
MPLADS-001369,63.65,88.68,0,26,1,1,0.1429,1,0.67,50.0,CORPORATE_COLLUSION_NETWORK,HIGH_CONSTITUENCY_AGENCY_CAPTURE,RECURRING_EXCLUSIVE_PAIRING
MPLADS-001370,9.68,13.12,0,6,1,1,0.1429,0,-0.17,0.0,NORMAL_GRAPH_TOPOLOGY,NONE,NONE
MPLADS-001371,47.21,73.8,0,10,1,1,0.2,0,0.83,0.0,NORMAL_GRAPH_TOPOLOGY,NONE,NONE
MPLADS-001372,2.96,2.44,0,30,1,1,0.1667,0,0.17,0.0,NORMAL_GRAPH_TOPOLOGY,NONE,NONE
MPLADS-001373,54.88,82.26,0,12,1,1,0.125,0,0.0,15.0,NORMAL_GRAPH_TOPOLOGY,NONE,NONE
MPLADS-001374,16.47,25.38,0,7,1,1,0.2,0,-0.67,0.0,NORMAL_GRAPH_TOPOLOGY,NONE,NONE
MPLADS-001375,38.75,62.98,0,0,1,1,0.5,0,-0.83,0.0,NORMAL_GRAPH_TOPOLOGY,NONE,NONE
MPLADS-001376,25.46,41.34,0,17,1,1,0.1667,0,-0.33,15.0,NORMAL_GRAPH_TOPOLOGY,NONE,NONE
MPLADS-001377,32.82,53.58,0,36,1,1,0.25,0,-0.33,15.0,NORMAL_GRAPH_TOPOLOGY,NONE,NONE
MPLADS-001378,12.3,17.84,0,31,1,1,0.2,0,-0.67,0.0,NORMAL_GRAPH_TOPOLOGY,NONE,NONE
MPLADS-001379,16.24,24.94,0,30,1,1,0.3333,0,0.0,0.0,NORMAL_GRAPH_TOPOLOGY,NONE,NONE
MPLADS-001380,1.87,1.18,0,11,1,1,0.1429,0,-0.17,0.0,NORMAL_GRAPH_TOPOLOGY,NONE,NONE
MPLADS-001381,30.54,50.04,0,6,1,1,0.3333,0,1.0,0.0,NORMAL_GRAPH_TOPOLOGY,NONE,NONE
MPLADS-001382,41.84,67.06,0,33,1,1,0.1429,0,0.67,15.0,NORMAL_GRAPH_TOPOLOGY,NONE,NONE
MPLADS-001383,9.35,12.54,0,28,1,1,0.1667,0,-0.5,0.0,NORMAL_GRAPH_TOPOLOGY,NONE,NONE
MPLADS-001384,24.28,39.3,0,34,1,1,0.25,0,-0.83,0.0,NORMAL_GRAPH_TOPOLOGY,NONE,NONE
MPLADS-001385,26.25,42.68,0,11,1,1,0.5,0,0.0,0.0,NORMAL_GRAPH_TOPOLOGY,NONE,NONE
MPLADS-001386,12.84,18.8,0,30,1,1,0.2,0,0.0,0.0,NORMAL_GRAPH_TOPOLOGY,NONE,NONE
MPLADS-001387,15.86,24.26,0,7,1,1,0.125,0,-0.5,0.0,NORMAL_GRAPH_TOPOLOGY,NONE,NONE
MPLADS-001388,5.41,5.8,0,12,1,1,0.25,0,-0.5,0.0,NORMAL_GRAPH_TOPOLOGY,NONE,NONE
MPLADS-001389,26.52,43.16,0,4,1,1,0.3333,0,0.67,0.0,NORMAL_GRAPH_TOPOLOGY,NONE,NONE
MPLADS-001390,40.5,65.34,0,4,1,1,0.25,0,1.17,15.0,NORMAL_GRAPH_TOPOLOGY,NONE,NONE
MPLADS-001391,12.16,17.56,0,30,1,1,0.1667,0,0.0,0.0,NORMAL_GRAPH_TOPOLOGY,NONE,NONE
MPLADS-001392,3.92,3.6,0,3,1,1,0.2,0,-0.67,0.0,NORMAL_GRAPH_TOPOLOGY,NONE,NONE
MPLADS-001393,7.65,9.48,0,10,1,1,0.25,0,-0.5,0.0,NORMAL_GRAPH_TOPOLOGY,NONE,NONE
MPLADS-001394,33.27,54.32,0,35,1,1,0.3333,0,0.33,15.0,NORMAL_GRAPH_TOPOLOGY,NONE,NONE
MPLADS-001395,54.01,81.4,0,20,1,1,0.25,0,-0.5,15.0,NORMAL_GRAPH_TOPOLOGY,NONE,NONE
MPLADS-001396,15.06,22.84,0,0,1,1,0.2,0,-0.67,0.0,NORMAL_GRAPH_TOPOLOGY,NONE,NONE
MPLADS-001397,4.36,4.2,0,25,1,1,0.1429,0,0.17,0.0,NORMAL_GRAPH_TOPOLOGY,NONE,NONE
MPLADS-001398,23.07,37.26,0,24,1,1,0.5,0,0.33,0.0,NORMAL_GRAPH_TOPOLOGY,NONE,NONE
MPLADS-001399,8.88,11.64,0,9,1,1,0.25,0,0.5,0.0,NORMAL_GRAPH_TOPOLOGY,NONE,NONE
MPLADS-001400,28.36,46.32,0,1,1,1,0.5,0,0.0,0.0,NORMAL_GRAPH_TOPOLOGY,NONE,NONE
MPLADS-001401,63.52,88.58,0,34,1,1,0.25,0,-0.67,15.0,HIGH_CONSTITUENCY_AGENCY_CAPTURE,RECURRING_EXCLUSIVE_PAIRING,PRE_AWARD_GOVERNANCE_INSTABILITY
MPLADS-001402,21.55,34.56,0,35,1,1,0.2,0,0.0,0.0,NORMAL_GRAPH_TOPOLOGY,NONE,NONE
MPLADS-001403,69.64,93.18,0,17,1,1,0.1667,0,0.17,15.0,RECURRING_EXCLUSIVE_PAIRING,HIGH_CONSTITUENCY_AGENCY_CAPTURE,PRE_AWARD_GOVERNANCE_INSTABILITY
MPLADS-001404,23.27,37.58,0,32,1,1,0.2,0,0.17,0.0,NORMAL_GRAPH_TOPOLOGY,NONE,NONE
MPLADS-001405,26.07,42.38,0,11,1,1,0.125,0,-0.83,0.0,NORMAL_GRAPH_TOPOLOGY,NONE,NONE
MPLADS-001406,17.76,27.74,0,2,1,1,0.1667,0,0.0,0.0,NORMAL_GRAPH_TOPOLOGY,NONE,NONE
MPLADS-001407,18.03,28.24,0,13,1,1,0.1667,0,-0.33,0.0,NORMAL_GRAPH_TOPOLOGY,NONE,NONE
MPLADS-001408,29.4,48.02,0,16,1,1,0.1111,0,0.0,0.0,NORMAL_GRAPH_TOPOLOGY,NONE,NONE
MPLADS-001409,75.12,96.32,1,34,1,1,0.1667,2,1.0,50.0,CORPORATE_COLLUSION_NETWORK,RECURRING_EXCLUSIVE_PAIRING,NONE
MPLADS-001410,18.88,29.8,0,33,1,1,0.3333,0,-0.17,15.0,NORMAL_GRAPH_TOPOLOGY,NONE,NONE
MPLADS-001411,57.08,84.28,0,27,1,1,0.125,1,1.33,35.0,NORMAL_GRAPH_TOPOLOGY,NONE,NONE
MPLADS-001412,36.95,60.26,0,33,1,1,0.2,0,0.17,15.0,NORMAL_GRAPH_TOPOLOGY,NONE,NONE
MPLADS-001413,16.54,25.5,0,1,1,1,0.1667,0,0.67,0.0,NORMAL_GRAPH_TOPOLOGY,NONE,NONE
MPLADS-001414,53.0,80.42,0,35,1,1,0.25,1,1.0,35.0,NORMAL_GRAPH_TOPOLOGY,NONE,NONE
MPLADS-001415,81.18,98.44,1,9,1,1,1.0,2,2.0,35.0,CORPORATE_COLLUSION_NETWORK,NONE,NONE
MPLADS-001416,40.44,65.26,0,9,1,1,0.2,0,-1.5,0.0,NORMAL_GRAPH_TOPOLOGY,NONE,NONE
MPLADS-001417,5.89,6.6,0,35,1,1,0.1667,0,-0.5,0.0,NORMAL_GRAPH_TOPOLOGY,NONE,NONE
MPLADS-001418,46.91,73.34,0,20,1,1,0.2,0,1.0,0.0,NORMAL_GRAPH_TOPOLOGY,NONE,NONE
MPLADS-001419,9.11,12.1,0,7,1,1,0.25,0,0.0,0.0,NORMAL_GRAPH_TOPOLOGY,NONE,NONE
MPLADS-001420,77.77,97.46,1,26,1,1,0.1429,2,1.0,35.0,CORPORATE_COLLUSION_NETWORK,HIGH_CONSTITUENCY_AGENCY_CAPTURE,HUB_CENTRALITY_SPIKE
MPLADS-001421,31.45,51.44,0,23,1,1,0.25,0,0.33,0.0,NORMAL_GRAPH_TOPOLOGY,NONE,NONE
MPLADS-001422,13.53,20.08,0,33,1,1,0.2,0,0.17,0.0,NORMAL_GRAPH_TOPOLOGY,NONE,NONE
MPLADS-001423,18.22,28.62,0,22,1,1,0.1667,0,-0.67,0.0,NORMAL_GRAPH_TOPOLOGY,NONE,NONE
MPLADS-001424,39.74,64.28,0,11,1,1,0.25,0,-1.17,15.0,NORMAL_GRAPH_TOPOLOGY,NONE,NONE
MPLADS-001425,47.8,74.4,0,26,1,1,0.125,0,-0.17,15.0,NORMAL_GRAPH_TOPOLOGY,NONE,NONE
MPLADS-001426,1.3,0.7,0,0,1,1,0.25,0,-0.33,0.0,NORMAL_GRAPH_TOPOLOGY,NONE,NONE
MPLADS-001427,2.05,1.36,0,32,1,1,0.2,0,-0.33,0.0,NORMAL_GRAPH_TOPOLOGY,NONE,NONE
MPLADS-001428,48.35,75.06,0,11,1,1,0.0909,0,0.33,0.0,NORMAL_GRAPH_TOPOLOGY,NONE,NONE
MPLADS-001429,65.83,90.24,0,27,1,1,0.1111,1,0.67,50.0,CORPORATE_COLLUSION_NETWORK,HIGH_CONSTITUENCY_AGENCY_CAPTURE,RECURRING_EXCLUSIVE_PAIRING
MPLADS-001430,42.09,67.42,0,20,1,1,0.1,0,-0.33,0.0,NORMAL_GRAPH_TOPOLOGY,NONE,NONE
MPLADS-001431,45.97,72.2,0,32,1,1,0.1,0,-0.17,15.0,NORMAL_GRAPH_TOPOLOGY,NONE,NONE
MPLADS-001432,52.1,79.42,0,6,1,1,0.2,0,-0.67,0.0,NORMAL_GRAPH_TOPOLOGY,NONE,NONE
MPLADS-001433,4.99,5.14,0,7,1,1,0.2,0,-0.17,0.0,NORMAL_GRAPH_TOPOLOGY,NONE,NONE
MPLADS-001434,25.41,41.24,0,30,1,1,0.1667,0,-0.5,15.0,NORMAL_GRAPH_TOPOLOGY,NONE,NONE
MPLADS-001435,3.42,2.94,0,29,1,1,0.25,0,0.0,0.0,NORMAL_GRAPH_TOPOLOGY,NONE,NONE
MPLADS-001436,28.84,47.16,0,12,1,1,0.5,0,-0.33,0.0,NORMAL_GRAPH_TOPOLOGY,NONE,NONE
MPLADS-001437,7.72,9.6,0,3,1,1,0.1667,0,0.0,0.0,NORMAL_GRAPH_TOPOLOGY,NONE,NONE
MPLADS-001438,11.94,17.14,0,19,1,1,0.2,0,-0.33,0.0,NORMAL_GRAPH_TOPOLOGY,NONE,NONE
MPLADS-001439,60.4,86.7,0,33,1,1,1.0,0,0.67,15.0,RECURRING_EXCLUSIVE_PAIRING,HUB_CENTRALITY_SPIKE,NONE
MPLADS-001440,3.59,3.16,0,17,1,1,0.25,0,0.0,0.0,NORMAL_GRAPH_TOPOLOGY,NONE,NONE
MPLADS-001441,35.41,57.8,0,34,1,1,0.1667,0,0.0,0.0,NORMAL_GRAPH_TOPOLOGY,NONE,NONE
MPLADS-001442,54.69,82.16,0,27,1,1,0.2,1,-0.33,35.0,NORMAL_GRAPH_TOPOLOGY,NONE,NONE
MPLADS-001443,69.24,92.86,0,21,1,1,1.0,1,1.17,35.0,CORPORATE_COLLUSION_NETWORK,NONE,NONE
MPLADS-001444,7.21,8.8,0,16,1,1,0.1667,0,0.33,0.0,NORMAL_GRAPH_TOPOLOGY,NONE,NONE
MPLADS-001445,87.1,99.1,1,9,1,1,0.5,2,4.33,35.0,CORPORATE_COLLUSION_NETWORK,HIGH_CONSTITUENCY_AGENCY_CAPTURE,PRE_AWARD_GOVERNANCE_INSTABILITY
MPLADS-001446,57.66,84.82,0,30,1,1,0.2,1,2.67,35.0,NORMAL_GRAPH_TOPOLOGY,NONE,NONE
MPLADS-001447,14.3,21.5,0,23,1,1,0.2,0,-0.67,0.0,NORMAL_GRAPH_TOPOLOGY,NONE,NONE
MPLADS-001448,65.87,90.28,0,12,1,1,0.25,2,2.67,35.0,CORPORATE_COLLUSION_NETWORK,NONE,NONE
MPLADS-001449,55.53,82.96,0,2,1,1,0.5,0,-0.33,0.0,NORMAL_GRAPH_TOPOLOGY,NONE,NONE
MPLADS-001450,51.05,78.16,0,21,1,1,0.2,1,1.17,35.0,NORMAL_GRAPH_TOPOLOGY,NONE,NONE
MPLADS-001451,42.01,67.3,0,3,1,1,0.2,0,-0.5,0.0,NORMAL_GRAPH_TOPOLOGY,NONE,NONE
MPLADS-001452,32.57,53.22,0,4,1,1,0.125,0,0.0,0.0,NORMAL_GRAPH_TOPOLOGY,NONE,NONE
MPLADS-001453,38.11,62.1,0,35,1,1,0.3333,0,0.0,0.0,NORMAL_GRAPH_TOPOLOGY,NONE,NONE
MPLADS-001454,93.67,99.28,1,13,1,1,0.25,4,2.17,35.0,CORPORATE_COLLUSION_NETWORK,HIGH_CONSTITUENCY_AGENCY_CAPTURE,PRE_AWARD_GOVERNANCE_INSTABILITY
MPLADS-001455,10.84,15.28,0,8,1,1,0.1667,0,0.0,0.0,NORMAL_GRAPH_TOPOLOGY,NONE,NONE
MPLADS-001456,52.29,79.64,0,28,1,1,1.0,0,0.0,15.0,NORMAL_GRAPH_TOPOLOGY,NONE,NONE
MPLADS-001457,24.27,39.26,0,33,1,1,0.3333,0,-0.5,0.0,NORMAL_GRAPH_TOPOLOGY,NONE,NONE
MPLADS-001458,5.13,5.34,0,11,1,1,0.1837,0,0.17,0.0,NORMAL_GRAPH_TOPOLOGY,NONE,NONE
MPLADS-001459,70.69,93.98,0,26,1,1,0.1429,2,1.0,35.0,CORPORATE_COLLUSION_NETWORK,NONE,NONE
MPLADS-001460,14.88,22.52,0,36,1,1,0.1667,0,-0.17,15.0,NORMAL_GRAPH_TOPOLOGY,NONE,NONE
MPLADS-001461,23.31,37.64,0,34,1,1,0.1429,0,0.0,0.0,NORMAL_GRAPH_TOPOLOGY,NONE,NONE
MPLADS-001462,20.38,32.54,0,0,1,1,0.125,0,1.0,0.0,NORMAL_GRAPH_TOPOLOGY,NONE,NONE
MPLADS-001463,63.05,88.4,0,1,1,1,0.1429,0,0.17,0.0,PRE_AWARD_GOVERNANCE_INSTABILITY,NONE,NONE
MPLADS-001464,18.53,29.16,0,14,1,1,0.1667,0,-0.17,15.0,NORMAL_GRAPH_TOPOLOGY,NONE,NONE
MPLADS-001465,27.8,45.36,0,23,1,1,0.1429,0,-0.33,15.0,NORMAL_GRAPH_TOPOLOGY,NONE,NONE
MPLADS-001466,84.46,98.9,1,8,1,1,0.25,2,4.33,35.0,CORPORATE_COLLUSION_NETWORK,HIGH_CONSTITUENCY_AGENCY_CAPTURE,PRE_AWARD_GOVERNANCE_INSTABILITY
MPLADS-001467,16.65,25.74,0,25,1,1,0.3333,0,-0.33,0.0,NORMAL_GRAPH_TOPOLOGY,NONE,NONE
MPLADS-001468,8.32,10.68,0,9,1,1,0.25,0,0.5,0.0,NORMAL_GRAPH_TOPOLOGY,NONE,NONE
MPLADS-001469,1.12,0.52,0,6,1,1,0.2,0,-0.17,0.0,NORMAL_GRAPH_TOPOLOGY,NONE,NONE
MPLADS-001470,44.58,70.46,0,26,1,1,0.1429,0,0.33,15.0,NORMAL_GRAPH_TOPOLOGY,NONE,NONE
MPLADS-001471,64.58,89.34,0,28,1,1,0.1667,0,0.17,0.0,PRE_AWARD_GOVERNANCE_INSTABILITY,NONE,NONE
MPLADS-001472,80.35,98.18,1,1,2,1,1.0,0,0.5,15.0,HIGH_CONSTITUENCY_AGENCY_CAPTURE,RECURRING_EXCLUSIVE_PAIRING,HUB_CENTRALITY_SPIKE
MPLADS-001473,8.71,11.4,0,11,1,1,0.1837,0,-0.17,0.0,NORMAL_GRAPH_TOPOLOGY,NONE,NONE
MPLADS-001474,49.95,76.9,0,5,1,1,0.125,0,-1.0,15.0,NORMAL_GRAPH_TOPOLOGY,NONE,NONE
MPLADS-001475,49.07,76.0,0,34,1,1,0.25,0,0.0,0.0,NORMAL_GRAPH_TOPOLOGY,NONE,NONE
MPLADS-001476,25.51,41.46,0,9,1,1,0.1429,0,0.17,15.0,NORMAL_GRAPH_TOPOLOGY,NONE,NONE
MPLADS-001477,21.43,34.36,0,2,1,1,0.3333,0,-0.17,0.0,NORMAL_GRAPH_TOPOLOGY,NONE,NONE
MPLADS-001478,10.7,15.04,0,32,1,1,0.1429,0,-0.5,0.0,NORMAL_GRAPH_TOPOLOGY,NONE,NONE
MPLADS-001479,13.07,19.24,0,30,1,1,0.1429,0,-0.33,0.0,NORMAL_GRAPH_TOPOLOGY,NONE,NONE
MPLADS-001480,52.77,80.2,0,27,1,1,1.0,0,-0.5,0.0,NORMAL_GRAPH_TOPOLOGY,NONE,NONE
MPLADS-001481,33.73,55.06,0,20,1,1,0.5,0,0.17,0.0,NORMAL_GRAPH_TOPOLOGY,NONE,NONE
MPLADS-001482,30.9,50.6,0,11,1,1,0.25,0,-0.5,15.0,NORMAL_GRAPH_TOPOLOGY,NONE,NONE
MPLADS-001483,7.15,8.68,0,7,1,1,0.1429,0,-0.17,0.0,NORMAL_GRAPH_TOPOLOGY,NONE,NONE
MPLADS-001484,20.66,33.04,0,23,1,1,0.3333,0,0.33,0.0,NORMAL_GRAPH_TOPOLOGY,NONE,NONE
MPLADS-001485,10.12,13.94,0,27,1,1,0.1667,0,-0.67,0.0,NORMAL_GRAPH_TOPOLOGY,NONE,NONE
MPLADS-001486,18.06,28.32,0,5,1,1,0.125,0,0.17,0.0,NORMAL_GRAPH_TOPOLOGY,NONE,NONE
MPLADS-001487,42.47,67.94,0,33,1,1,0.1111,0,-0.33,0.0,NORMAL_GRAPH_TOPOLOGY,NONE,NONE
MPLADS-001488,57.18,84.36,0,12,1,1,0.5,0,-0.5,0.0,NORMAL_GRAPH_TOPOLOGY,NONE,NONE
MPLADS-001489,10.68,15.0,0,5,1,1,0.2,0,0.17,0.0,NORMAL_GRAPH_TOPOLOGY,NONE,NONE
MPLADS-001490,12.34,17.9,0,6,1,1,0.25,0,0.5,0.0,NORMAL_GRAPH_TOPOLOGY,NONE,NONE
MPLADS-001491,33.36,54.48,0,7,1,1,0.2,0,-0.17,0.0,NORMAL_GRAPH_TOPOLOGY,NONE,NONE
MPLADS-001492,50.65,77.72,0,12,1,1,0.0833,0,0.0,0.0,NORMAL_GRAPH_TOPOLOGY,NONE,NONE
MPLADS-001493,26.85,43.72,0,2,1,1,0.1429,0,-0.83,0.0,NORMAL_GRAPH_TOPOLOGY,NONE,NONE
MPLADS-001494,11.76,16.82,0,35,1,1,0.3333,0,0.33,0.0,NORMAL_GRAPH_TOPOLOGY,NONE,NONE
MPLADS-001495,14.42,21.72,0,22,1,1,0.1667,0,-0.5,0.0,NORMAL_GRAPH_TOPOLOGY,NONE,NONE
MPLADS-001496,40.48,65.32,0,26,1,1,0.25,0,0.17,0.0,NORMAL_GRAPH_TOPOLOGY,NONE,NONE
MPLADS-001497,53.94,81.32,0,25,1,1,1.0,0,0.33,15.0,NORMAL_GRAPH_TOPOLOGY,NONE,NONE
MPLADS-001498,59.82,86.36,0,33,1,1,0.25,1,1.0,50.0,NORMAL_GRAPH_TOPOLOGY,NONE,NONE
MPLADS-001499,22.06,35.48,0,17,1,1,0.25,0,0.0,0.0,NORMAL_GRAPH_TOPOLOGY,NONE,NONE
MPLADS-001500,54.66,82.12,0,32,1,1,0.25,0,-0.83,15.0,NORMAL_GRAPH_TOPOLOGY,NONE,NONE
MPLADS-001501,5.34,5.68,0,3,1,1,0.1837,0,0.0,0.0,NORMAL_GRAPH_TOPOLOGY,NONE,NONE
MPLADS-001502,68.51,92.26,0,24,1,1,0.125,0,0.5,15.0,RECURRING_EXCLUSIVE_PAIRING,PRE_AWARD_GOVERNANCE_INSTABILITY,NONE
MPLADS-001503,47.0,73.48,0,34,1,1,0.2,0,-0.5,0.0,NORMAL_GRAPH_TOPOLOGY,NONE,NONE
MPLADS-001504,26.54,43.2,0,9,1,1,0.25,0,1.67,0.0,NORMAL_GRAPH_TOPOLOGY,NONE,NONE
MPLADS-001505,3.37,2.86,0,9,1,1,0.3333,0,-0.17,0.0,NORMAL_GRAPH_TOPOLOGY,NONE,NONE
MPLADS-001506,25.31,41.06,0,6,1,1,0.5,0,0.17,0.0,NORMAL_GRAPH_TOPOLOGY,NONE,NONE
MPLADS-001507,31.16,51.0,0,35,1,1,0.1667,0,-0.17,15.0,NORMAL_GRAPH_TOPOLOGY,NONE,NONE
MPLADS-001508,40.97,65.92,0,4,1,1,0.125,0,0.17,0.0,NORMAL_GRAPH_TOPOLOGY,NONE,NONE
MPLADS-001509,58.55,85.48,0,27,1,1,0.1111,0,-0.67,0.0,NORMAL_GRAPH_TOPOLOGY,NONE,NONE
MPLADS-001510,65.62,90.07,0,33,2,1,0.375,0,0.17,0.0,HIGH_CONSTITUENCY_AGENCY_CAPTURE,HUB_CENTRALITY_SPIKE,NONE
MPLADS-001511,50.16,77.12,0,12,1,1,0.25,0,0.33,0.0,NORMAL_GRAPH_TOPOLOGY,NONE,NONE
MPLADS-001512,37.98,61.9,0,33,1,1,0.1429,0,0.83,15.0,NORMAL_GRAPH_TOPOLOGY,NONE,NONE
MPLADS-001513,19.46,30.88,0,24,1,1,0.1111,0,0.17,0.0,NORMAL_GRAPH_TOPOLOGY,NONE,NONE
MPLADS-001514,36.76,59.98,0,1,1,1,0.1111,0,0.0,15.0,NORMAL_GRAPH_TOPOLOGY,NONE,NONE
MPLADS-001515,34.73,56.72,0,30,1,1,0.5,0,0.17,0.0,NORMAL_GRAPH_TOPOLOGY,NONE,NONE
MPLADS-001516,20.37,32.52,0,10,1,1,0.2,0,0.0,15.0,NORMAL_GRAPH_TOPOLOGY,NONE,NONE
MPLADS-001517,50.82,77.94,0,11,1,1,0.3333,0,0.83,0.0,NORMAL_GRAPH_TOPOLOGY,NONE,NONE
MPLADS-001518,9.61,12.98,0,30,1,1,0.1429,0,-0.5,0.0,NORMAL_GRAPH_TOPOLOGY,NONE,NONE
MPLADS-001519,55.8,83.22,0,28,1,1,0.1667,0,1.0,15.0,NORMAL_GRAPH_TOPOLOGY,NONE,NONE
MPLADS-001520,65.12,89.74,0,24,1,1,0.25,1,3.0,35.0,CORPORATE_COLLUSION_NETWORK,HIGH_CONSTITUENCY_AGENCY_CAPTURE,NONE
MPLADS-001521,71.48,94.42,0,26,1,1,0.2,1,1.33,35.0,CORPORATE_COLLUSION_NETWORK,HIGH_CONSTITUENCY_AGENCY_CAPTURE,PRE_AWARD_GOVERNANCE_INSTABILITY
MPLADS-001522,42.56,68.06,0,3,1,1,0.2,0,-0.83,15.0,NORMAL_GRAPH_TOPOLOGY,NONE,NONE
MPLADS-001523,29.42,48.08,0,11,1,1,0.2,0,-0.33,0.0,NORMAL_GRAPH_TOPOLOGY,NONE,NONE
MPLADS-001524,7.28,8.9,0,8,1,1,0.25,0,0.17,0.0,NORMAL_GRAPH_TOPOLOGY,NONE,NONE
MPLADS-001525,25.16,40.82,0,30,1,1,0.5,0,-0.33,0.0,NORMAL_GRAPH_TOPOLOGY,NONE,NONE
MPLADS-001526,67.1,91.32,0,30,1,1,0.25,1,2.33,35.0,CORPORATE_COLLUSION_NETWORK,PRE_AWARD_GOVERNANCE_INSTABILITY,NONE
MPLADS-001527,48.21,74.86,0,3,1,1,0.25,0,0.17,0.0,NORMAL_GRAPH_TOPOLOGY,NONE,NONE
MPLADS-001528,19.29,30.58,0,7,1,1,0.1667,0,-0.83,0.0,NORMAL_GRAPH_TOPOLOGY,NONE,NONE
MPLADS-001529,15.59,23.78,0,30,1,1,0.25,0,-0.33,0.0,NORMAL_GRAPH_TOPOLOGY,NONE,NONE
MPLADS-001530,4.83,4.88,0,29,1,1,0.25,0,0.0,0.0,NORMAL_GRAPH_TOPOLOGY,NONE,NONE
MPLADS-001531,51.16,78.36,0,23,1,1,0.1111,0,-0.67,15.0,NORMAL_GRAPH_TOPOLOGY,NONE,NONE
MPLADS-001532,62.43,87.96,0,34,1,1,0.25,0,-0.83,0.0,ELEVATED_GRAPH_CENTRALITY,NONE,NONE
MPLADS-001533,19.86,31.62,0,7,1,1,0.1429,0,-0.5,0.0,NORMAL_GRAPH_TOPOLOGY,NONE,NONE
MPLADS-001534,24.27,39.28,0,16,1,1,0.1667,0,0.33,0.0,NORMAL_GRAPH_TOPOLOGY,NONE,NONE
MPLADS-001535,77.63,97.38,1,26,1,1,0.125,2,1.67,35.0,CORPORATE_COLLUSION_NETWORK,HUB_CENTRALITY_SPIKE,NONE
MPLADS-001536,16.0,24.5,0,13,1,1,0.1667,0,-0.17,15.0,NORMAL_GRAPH_TOPOLOGY,NONE,NONE
MPLADS-001537,56.43,83.74,0,17,1,1,0.2,1,0.67,35.0,NORMAL_GRAPH_TOPOLOGY,NONE,NONE
MPLADS-001538,7.98,10.06,0,14,1,1,0.25,0,-0.33,0.0,NORMAL_GRAPH_TOPOLOGY,NONE,NONE
MPLADS-001539,24.02,38.84,0,35,1,1,0.3333,0,0.33,0.0,NORMAL_GRAPH_TOPOLOGY,NONE,NONE
MPLADS-001540,32.04,52.32,0,25,1,1,0.3333,0,0.33,15.0,NORMAL_GRAPH_TOPOLOGY,NONE,NONE
MPLADS-001541,67.77,91.8,0,5,1,1,0.1667,2,1.0,35.0,CORPORATE_COLLUSION_NETWORK,HUB_CENTRALITY_SPIKE,NONE
MPLADS-001542,20.6,32.94,0,3,1,1,0.1429,0,1.17,0.0,NORMAL_GRAPH_TOPOLOGY,NONE,NONE
MPLADS-001543,29.98,49.0,0,3,1,1,0.1667,0,0.5,15.0,NORMAL_GRAPH_TOPOLOGY,NONE,NONE
MPLADS-001544,46.73,73.1,0,33,1,1,0.3333,0,1.0,15.0,NORMAL_GRAPH_TOPOLOGY,NONE,NONE
MPLADS-001545,34.41,56.18,0,29,1,1,0.1111,0,-0.83,0.0,NORMAL_GRAPH_TOPOLOGY,NONE,NONE
MPLADS-001546,6.29,7.28,0,12,1,1,0.2,0,0.17,0.0,NORMAL_GRAPH_TOPOLOGY,NONE,NONE
MPLADS-001547,41.77,66.96,0,30,1,1,0.3333,0,0.33,0.0,NORMAL_GRAPH_TOPOLOGY,NONE,NONE
MPLADS-001548,32.66,53.34,0,13,1,1,0.1667,0,-0.67,15.0,NORMAL_GRAPH_TOPOLOGY,NONE,NONE
MPLADS-001549,31.82,52.06,0,14,1,1,0.25,0,0.5,15.0,NORMAL_GRAPH_TOPOLOGY,NONE,NONE
MPLADS-001550,30.24,49.5,0,27,1,1,0.1667,0,0.5,15.0,NORMAL_GRAPH_TOPOLOGY,NONE,NONE
MPLADS-001551,36.89,60.16,0,34,1,1,0.1429,0,0.17,15.0,NORMAL_GRAPH_TOPOLOGY,NONE,NONE
MPLADS-001552,6.0,6.8,0,32,1,1,0.2,0,-0.33,0.0,NORMAL_GRAPH_TOPOLOGY,NONE,NONE
MPLADS-001553,30.17,49.36,0,5,1,1,0.1111,0,-0.5,0.0,NORMAL_GRAPH_TOPOLOGY,NONE,NONE
MPLADS-001554,36.75,59.96,0,27,1,1,0.1429,0,-0.83,0.0,NORMAL_GRAPH_TOPOLOGY,NONE,NONE
MPLADS-001555,72.16,94.9,0,26,1,1,0.25,2,2.17,35.0,CORPORATE_COLLUSION_NETWORK,NONE,NONE
MPLADS-001556,48.54,75.26,0,12,1,1,0.2,0,0.33,0.0,NORMAL_GRAPH_TOPOLOGY,NONE,NONE
MPLADS-001557,48.34,75.04,0,32,1,1,0.3333,0,-1.17,0.0,NORMAL_GRAPH_TOPOLOGY,NONE,NONE
MPLADS-001558,30.33,49.66,0,31,1,1,0.5,0,-0.33,0.0,NORMAL_GRAPH_TOPOLOGY,NONE,NONE
MPLADS-001559,73.09,95.38,1,33,1,1,0.2,2,4.0,35.0,CORPORATE_COLLUSION_NETWORK,HIGH_CONSTITUENCY_AGENCY_CAPTURE,NONE
MPLADS-001560,39.52,63.94,0,22,1,1,0.125,0,-0.5,0.0,NORMAL_GRAPH_TOPOLOGY,NONE,NONE
MPLADS-001561,44.09,69.92,0,27,1,1,0.5,0,-0.33,15.0,NORMAL_GRAPH_TOPOLOGY,NONE,NONE
MPLADS-001562,9.75,13.24,0,7,1,1,0.1667,0,0.0,0.0,NORMAL_GRAPH_TOPOLOGY,NONE,NONE
MPLADS-001563,35.73,58.34,0,11,1,1,0.1429,0,-0.67,15.0,NORMAL_GRAPH_TOPOLOGY,NONE,NONE
MPLADS-001564,11.03,15.58,0,13,1,1,0.2,0,-0.17,0.0,NORMAL_GRAPH_TOPOLOGY,NONE,NONE
MPLADS-001565,28.7,46.94,0,7,1,1,0.3333,0,-0.5,0.0,NORMAL_GRAPH_TOPOLOGY,NONE,NONE
MPLADS-001566,12.26,17.78,0,6,1,1,0.2,0,-0.83,0.0,NORMAL_GRAPH_TOPOLOGY,NONE,NONE
MPLADS-001567,59.43,86.16,0,3,1,1,0.5,1,0.33,35.0,NORMAL_GRAPH_TOPOLOGY,NONE,NONE
MPLADS-001568,3.62,3.2,0,2,1,1,0.1667,0,-0.5,0.0,NORMAL_GRAPH_TOPOLOGY,NONE,NONE
MPLADS-001569,7.78,9.72,0,21,1,1,0.2,0,0.17,0.0,NORMAL_GRAPH_TOPOLOGY,NONE,NONE
MPLADS-001570,66.8,91.08,0,33,1,1,0.3333,1,1.0,35.0,CORPORATE_COLLUSION_NETWORK,HIGH_CONSTITUENCY_AGENCY_CAPTURE,PRE_AWARD_GOVERNANCE_INSTABILITY
MPLADS-001571,32.39,52.92,0,11,1,1,0.1111,0,0.33,0.0,NORMAL_GRAPH_TOPOLOGY,NONE,NONE
MPLADS-001572,15.19,23.06,0,20,1,1,0.1667,0,0.33,0.0,NORMAL_GRAPH_TOPOLOGY,NONE,NONE
MPLADS-001573,11.11,15.72,0,29,1,1,0.25,0,-0.33,0.0,NORMAL_GRAPH_TOPOLOGY,NONE,NONE
MPLADS-001574,67.02,91.26,0,11,1,1,0.2,2,2.0,35.0,CORPORATE_COLLUSION_NETWORK,NONE,NONE
MPLADS-001575,15.6,23.8,0,21,1,1,0.1667,0,-0.17,0.0,NORMAL_GRAPH_TOPOLOGY,NONE,NONE
MPLADS-001576,17.13,26.6,0,7,1,1,0.2,0,-0.83,0.0,NORMAL_GRAPH_TOPOLOGY,NONE,NONE
MPLADS-001577,49.02,75.92,0,5,1,1,0.3333,0,-1.0,15.0,NORMAL_GRAPH_TOPOLOGY,NONE,NONE
MPLADS-001578,26.18,42.56,0,16,1,1,0.1429,0,0.17,0.0,NORMAL_GRAPH_TOPOLOGY,NONE,NONE
MPLADS-001579,6.66,7.9,0,8,1,1,0.3333,0,-0.33,0.0,NORMAL_GRAPH_TOPOLOGY,NONE,NONE
MPLADS-001580,15.92,24.36,0,36,1,1,0.2,0,0.17,0.0,NORMAL_GRAPH_TOPOLOGY,NONE,NONE
MPLADS-001581,8.96,11.8,0,36,1,1,0.1429,0,0.33,0.0,NORMAL_GRAPH_TOPOLOGY,NONE,NONE
MPLADS-001582,10.91,15.34,0,10,1,1,0.25,0,-0.67,0.0,NORMAL_GRAPH_TOPOLOGY,NONE,NONE
MPLADS-001583,33.4,54.54,0,35,1,1,0.2,0,-1.0,0.0,NORMAL_GRAPH_TOPOLOGY,NONE,NONE
MPLADS-001584,31.51,51.54,0,0,1,1,0.125,0,-0.17,15.0,NORMAL_GRAPH_TOPOLOGY,NONE,NONE
MPLADS-001585,37.74,61.54,0,5,1,1,0.1111,0,-0.83,0.0,NORMAL_GRAPH_TOPOLOGY,NONE,NONE
MPLADS-001586,12.38,17.96,0,8,1,1,0.25,0,0.33,0.0,NORMAL_GRAPH_TOPOLOGY,NONE,NONE
MPLADS-001587,14.03,20.98,0,33,1,1,0.25,0,0.33,0.0,NORMAL_GRAPH_TOPOLOGY,NONE,NONE
MPLADS-001588,34.65,56.6,0,24,1,1,0.5,0,0.33,0.0,NORMAL_GRAPH_TOPOLOGY,NONE,NONE
MPLADS-001589,41.16,66.22,0,7,1,1,0.25,0,0.17,15.0,NORMAL_GRAPH_TOPOLOGY,NONE,NONE
MPLADS-001590,44.48,70.4,0,36,1,1,0.1667,0,-0.83,15.0,NORMAL_GRAPH_TOPOLOGY,NONE,NONE
MPLADS-001591,84.21,98.84,1,34,1,1,0.2,2,4.33,35.0,CORPORATE_COLLUSION_NETWORK,HIGH_CONSTITUENCY_AGENCY_CAPTURE,PRE_AWARD_GOVERNANCE_INSTABILITY
MPLADS-001592,21.29,34.12,0,24,1,1,0.1667,0,-0.33,15.0,NORMAL_GRAPH_TOPOLOGY,NONE,NONE
MPLADS-001593,34.16,55.78,0,2,1,1,0.1111,0,-0.33,15.0,NORMAL_GRAPH_TOPOLOGY,NONE,NONE
MPLADS-001594,43.49,69.2,0,21,1,1,0.25,0,-1.17,15.0,NORMAL_GRAPH_TOPOLOGY,NONE,NONE
MPLADS-001595,76.71,97.02,1,31,1,1,0.5,2,0.67,50.0,CORPORATE_COLLUSION_NETWORK,RECURRING_EXCLUSIVE_PAIRING,NONE
MPLADS-001596,41.8,67.0,0,27,1,1,0.28,0,0.33,0.0,NORMAL_GRAPH_TOPOLOGY,NONE,NONE
MPLADS-001597,48.5,75.22,0,14,1,1,0.25,0,-0.83,15.0,NORMAL_GRAPH_TOPOLOGY,NONE,NONE
MPLADS-001598,46.06,72.26,0,26,1,1,0.25,0,0.33,15.0,NORMAL_GRAPH_TOPOLOGY,NONE,NONE
MPLADS-001599,13.87,20.72,0,11,1,1,0.2,0,0.17,0.0,NORMAL_GRAPH_TOPOLOGY,NONE,NONE
MPLADS-001600,34.09,55.68,0,13,1,1,0.1429,0,-0.17,15.0,NORMAL_GRAPH_TOPOLOGY,NONE,NONE
MPLADS-001601,6.94,8.36,0,24,1,1,0.3333,0,0.33,0.0,NORMAL_GRAPH_TOPOLOGY,NONE,NONE
MPLADS-001602,19.81,31.52,0,21,1,1,0.1429,0,-0.5,0.0,NORMAL_GRAPH_TOPOLOGY,NONE,NONE
MPLADS-001603,61.38,87.26,0,4,1,1,0.3333,0,1.83,0.0,HIGH_CONSTITUENCY_AGENCY_CAPTURE,PRE_AWARD_GOVERNANCE_INSTABILITY,NONE
MPLADS-001604,67.7,91.74,0,28,1,1,0.2,1,2.33,35.0,CORPORATE_COLLUSION_NETWORK,PRE_AWARD_GOVERNANCE_INSTABILITY,NONE
MPLADS-001605,20.3,32.38,0,29,1,1,0.3333,0,0.67,0.0,NORMAL_GRAPH_TOPOLOGY,NONE,NONE
MPLADS-001606,31.18,51.04,0,8,1,1,0.3333,0,-0.17,0.0,NORMAL_GRAPH_TOPOLOGY,NONE,NONE
MPLADS-001607,31.09,50.88,0,20,1,1,0.2,0,-0.17,0.0,NORMAL_GRAPH_TOPOLOGY,NONE,NONE
MPLADS-001608,2.27,1.58,0,30,1,1,0.2,0,-0.5,0.0,NORMAL_GRAPH_TOPOLOGY,NONE,NONE
MPLADS-001609,35.45,57.88,0,17,1,1,0.2,0,-0.5,15.0,NORMAL_GRAPH_TOPOLOGY,NONE,NONE
MPLADS-001610,33.83,55.22,0,26,1,1,0.3333,0,0.67,0.0,NORMAL_GRAPH_TOPOLOGY,NONE,NONE
MPLADS-001611,17.93,28.06,0,24,1,1,0.1667,0,0.83,0.0,NORMAL_GRAPH_TOPOLOGY,NONE,NONE
MPLADS-001612,9.8,13.34,0,32,1,1,0.2,0,0.0,0.0,NORMAL_GRAPH_TOPOLOGY,NONE,NONE
MPLADS-001613,38.79,63.04,0,33,1,1,0.1429,0,-0.33,15.0,NORMAL_GRAPH_TOPOLOGY,NONE,NONE
MPLADS-001614,52.31,79.68,0,34,1,1,0.25,0,0.83,0.0,NORMAL_GRAPH_TOPOLOGY,NONE,NONE
MPLADS-001615,30.69,50.26,0,15,1,1,0.5,0,-0.83,0.0,NORMAL_GRAPH_TOPOLOGY,NONE,NONE
MPLADS-001616,57.0,84.2,0,33,1,1,1.0,0,-1.0,0.0,NORMAL_GRAPH_TOPOLOGY,NONE,NONE
MPLADS-001617,18.05,28.28,0,7,1,1,0.1429,0,0.17,0.0,NORMAL_GRAPH_TOPOLOGY,NONE,NONE
MPLADS-001618,32.21,52.62,0,6,1,1,0.25,0,1.17,0.0,NORMAL_GRAPH_TOPOLOGY,NONE,NONE
MPLADS-001619,25.74,41.82,0,33,1,1,0.25,0,0.5,0.0,NORMAL_GRAPH_TOPOLOGY,NONE,NONE
MPLADS-001620,2.29,1.6,0,28,1,1,0.1667,0,0.33,0.0,NORMAL_GRAPH_TOPOLOGY,NONE,NONE
MPLADS-001621,7.38,9.04,0,25,1,1,0.2,0,-0.17,0.0,NORMAL_GRAPH_TOPOLOGY,NONE,NONE
MPLADS-001622,65.05,89.68,0,26,1,1,0.2,1,0.67,50.0,CORPORATE_COLLUSION_NETWORK,HIGH_CONSTITUENCY_AGENCY_CAPTURE,RECURRING_EXCLUSIVE_PAIRING
MPLADS-001623,72.37,95.02,1,28,1,1,0.25,2,0.67,50.0,CORPORATE_COLLUSION_NETWORK,RECURRING_EXCLUSIVE_PAIRING,NONE
MPLADS-001624,49.54,76.5,0,17,1,1,0.2,0,1.0,0.0,NORMAL_GRAPH_TOPOLOGY,NONE,NONE
MPLADS-001625,40.83,65.78,0,1,1,1,0.1,0,-0.33,0.0,NORMAL_GRAPH_TOPOLOGY,NONE,NONE
MPLADS-001626,15.97,24.46,0,9,1,1,0.125,0,0.33,0.0,NORMAL_GRAPH_TOPOLOGY,NONE,NONE
MPLADS-001627,22.5,36.22,0,30,1,1,0.3333,0,0.5,0.0,NORMAL_GRAPH_TOPOLOGY,NONE,NONE
MPLADS-001628,9.47,12.74,0,1,1,1,0.1667,0,0.17,0.0,NORMAL_GRAPH_TOPOLOGY,NONE,NONE
MPLADS-001629,21.36,34.24,0,31,1,1,0.2,0,0.83,0.0,NORMAL_GRAPH_TOPOLOGY,NONE,NONE
MPLADS-001630,67.89,91.88,0,19,1,1,0.25,0,-0.5,0.0,PRE_AWARD_GOVERNANCE_INSTABILITY,NONE,NONE
MPLADS-001631,41.72,66.9,0,27,1,1,0.5,0,-0.67,0.0,NORMAL_GRAPH_TOPOLOGY,NONE,NONE
MPLADS-001632,72.61,95.16,1,33,1,1,0.1111,0,-1.33,0.0,HUB_CENTRALITY_SPIKE,NONE,NONE
MPLADS-001633,15.61,23.82,0,28,1,1,0.2,0,0.0,0.0,NORMAL_GRAPH_TOPOLOGY,NONE,NONE
MPLADS-001634,54.13,81.52,0,23,1,1,1.0,0,-0.5,15.0,NORMAL_GRAPH_TOPOLOGY,NONE,NONE
MPLADS-001635,46.17,72.44,0,15,1,1,0.2,0,0.17,0.0,NORMAL_GRAPH_TOPOLOGY,NONE,NONE
MPLADS-001636,15.83,24.2,0,7,1,1,0.25,0,0.0,0.0,NORMAL_GRAPH_TOPOLOGY,NONE,NONE
MPLADS-001637,13.7,20.4,0,25,1,1,0.25,0,-0.17,0.0,NORMAL_GRAPH_TOPOLOGY,NONE,NONE
MPLADS-001638,41.82,67.04,0,30,1,1,0.5,0,0.17,15.0,NORMAL_GRAPH_TOPOLOGY,NONE,NONE
MPLADS-001639,31.96,52.22,0,33,1,1,0.3333,0,-0.67,0.0,NORMAL_GRAPH_TOPOLOGY,NONE,NONE
MPLADS-001640,1.39,0.82,0,1,1,1,0.2,0,-0.33,0.0,NORMAL_GRAPH_TOPOLOGY,NONE,NONE
MPLADS-001641,58.17,85.22,0,26,1,1,0.1667,1,1.17,35.0,NORMAL_GRAPH_TOPOLOGY,NONE,NONE
MPLADS-001642,60.92,87.02,0,12,1,1,0.3333,1,3.0,35.0,CORPORATE_COLLUSION_NETWORK,HIGH_CONSTITUENCY_AGENCY_CAPTURE,NONE
MPLADS-001643,10.81,15.22,0,24,1,1,0.2,0,-0.17,0.0,NORMAL_GRAPH_TOPOLOGY,NONE,NONE
MPLADS-001644,44.22,70.14,0,25,1,1,0.5,0,0.33,15.0,NORMAL_GRAPH_TOPOLOGY,NONE,NONE
MPLADS-001645,40.96,65.9,0,35,1,1,0.1429,0,1.0,15.0,NORMAL_GRAPH_TOPOLOGY,NONE,NONE
MPLADS-001646,6.85,8.2,0,7,1,1,0.1667,0,0.0,0.0,NORMAL_GRAPH_TOPOLOGY,NONE,NONE
MPLADS-001647,30.97,50.68,0,26,1,1,0.1667,0,0.0,0.0,NORMAL_GRAPH_TOPOLOGY,NONE,NONE
MPLADS-001648,36.58,59.68,0,23,1,1,0.5,0,-0.67,0.0,NORMAL_GRAPH_TOPOLOGY,NONE,NONE
MPLADS-001649,44.46,70.38,0,11,1,1,0.3333,0,-1.17,15.0,NORMAL_GRAPH_TOPOLOGY,NONE,NONE
MPLADS-001650,33.89,55.32,0,26,1,1,0.2,0,0.5,0.0,NORMAL_GRAPH_TOPOLOGY,NONE,NONE
MPLADS-001651,21.16,33.9,0,29,1,1,0.1667,0,-0.5,0.0,NORMAL_GRAPH_TOPOLOGY,NONE,NONE
MPLADS-001652,8.72,11.42,0,28,1,1,0.25,0,0.67,0.0,NORMAL_GRAPH_TOPOLOGY,NONE,NONE
MPLADS-001653,8.77,11.48,0,11,1,1,0.125,0,0.0,0.0,NORMAL_GRAPH_TOPOLOGY,NONE,NONE
MPLADS-001654,35.95,58.68,0,10,1,1,0.1429,0,-0.67,0.0,NORMAL_GRAPH_TOPOLOGY,NONE,NONE
MPLADS-001655,60.15,86.56,0,8,1,1,0.3333,0,1.83,0.0,HIGH_CONSTITUENCY_AGENCY_CAPTURE,PRE_AWARD_GOVERNANCE_INSTABILITY,NONE
MPLADS-001656,69.92,93.4,0,21,1,1,0.1358,0,0.17,0.0,PRE_AWARD_GOVERNANCE_INSTABILITY,NONE,NONE
MPLADS-001657,37.28,60.8,0,26,1,1,0.1429,0,-1.0,0.0,NORMAL_GRAPH_TOPOLOGY,NONE,NONE
MPLADS-001658,56.53,83.82,0,30,1,1,0.1429,0,1.83,0.0,NORMAL_GRAPH_TOPOLOGY,NONE,NONE
MPLADS-001659,43.82,69.64,0,34,1,1,0.2,0,-0.83,15.0,NORMAL_GRAPH_TOPOLOGY,NONE,NONE
MPLADS-001660,59.05,85.92,0,11,1,1,0.5,0,0.67,15.0,NORMAL_GRAPH_TOPOLOGY,NONE,NONE
MPLADS-001661,12.46,18.1,0,10,1,1,0.1667,0,0.17,0.0,NORMAL_GRAPH_TOPOLOGY,NONE,NONE
MPLADS-001662,25.97,42.2,0,30,1,1,0.1429,0,-0.33,0.0,NORMAL_GRAPH_TOPOLOGY,NONE,NONE
MPLADS-001663,10.8,15.2,0,28,1,1,0.25,0,-0.67,0.0,NORMAL_GRAPH_TOPOLOGY,NONE,NONE
MPLADS-001664,30.31,49.64,0,21,1,1,0.25,0,-0.33,15.0,NORMAL_GRAPH_TOPOLOGY,NONE,NONE
MPLADS-001665,95.77,99.68,1,29,1,1,0.1667,4,0.67,35.0,CORPORATE_COLLUSION_NETWORK,NONE,NONE
MPLADS-001666,29.68,48.52,0,24,1,1,0.2,0,-1.33,0.0,NORMAL_GRAPH_TOPOLOGY,NONE,NONE
MPLADS-001667,31.57,51.64,0,22,1,1,0.3333,0,-0.17,0.0,NORMAL_GRAPH_TOPOLOGY,NONE,NONE
MPLADS-001668,59.64,86.28,0,13,1,1,0.2,1,2.67,35.0,NORMAL_GRAPH_TOPOLOGY,NONE,NONE
MPLADS-001669,36.86,60.12,0,24,1,1,0.5,0,-0.33,15.0,NORMAL_GRAPH_TOPOLOGY,NONE,NONE
MPLADS-001670,32.98,53.84,0,33,1,1,0.1667,0,-0.67,15.0,NORMAL_GRAPH_TOPOLOGY,NONE,NONE
MPLADS-001671,47.86,74.46,0,32,1,1,0.25,0,0.0,0.0,NORMAL_GRAPH_TOPOLOGY,NONE,NONE
MPLADS-001672,64.78,89.52,0,27,1,1,0.1667,0,1.33,0.0,PRE_AWARD_GOVERNANCE_INSTABILITY,HIGH_CONSTITUENCY_AGENCY_CAPTURE,NONE
MPLADS-001673,4.57,4.44,0,1,1,1,0.25,0,-0.17,0.0,NORMAL_GRAPH_TOPOLOGY,NONE,NONE
MPLADS-001674,29.88,48.84,0,12,1,1,0.25,0,-0.33,15.0,NORMAL_GRAPH_TOPOLOGY,NONE,NONE
MPLADS-001675,78.6,97.82,1,19,1,1,0.1,1,2.5,50.0,CORPORATE_COLLUSION_NETWORK,RECURRING_EXCLUSIVE_PAIRING,HUB_CENTRALITY_SPIKE
MPLADS-001676,12.52,18.22,0,34,1,1,0.1429,0,0.0,0.0,NORMAL_GRAPH_TOPOLOGY,NONE,NONE
MPLADS-001677,10.19,14.04,0,25,1,1,0.25,0,-0.17,0.0,NORMAL_GRAPH_TOPOLOGY,NONE,NONE
MPLADS-001678,36.34,59.3,0,27,1,1,0.1667,0,0.33,0.0,NORMAL_GRAPH_TOPOLOGY,NONE,NONE
MPLADS-001679,19.62,31.16,0,33,1,1,0.1429,0,0.0,0.0,NORMAL_GRAPH_TOPOLOGY,NONE,NONE
MPLADS-001680,16.49,25.42,0,33,1,1,0.25,0,0.0,15.0,NORMAL_GRAPH_TOPOLOGY,NONE,NONE
MPLADS-001681,29.57,48.34,0,5,1,1,0.2,0,-0.83,0.0,NORMAL_GRAPH_TOPOLOGY,NONE,NONE
MPLADS-001682,8.53,11.08,0,30,1,1,0.25,0,-0.33,0.0,NORMAL_GRAPH_TOPOLOGY,NONE,NONE
MPLADS-001683,14.46,21.8,0,0,1,1,0.2,0,0.17,0.0,NORMAL_GRAPH_TOPOLOGY,NONE,NONE
MPLADS-001684,26.03,42.3,0,10,1,1,0.125,0,-0.33,0.0,NORMAL_GRAPH_TOPOLOGY,NONE,NONE
MPLADS-001685,42.97,68.56,0,10,1,1,0.1429,0,-0.33,0.0,NORMAL_GRAPH_TOPOLOGY,NONE,NONE
MPLADS-001686,11.37,16.2,0,12,1,1,0.1429,0,-0.33,0.0,NORMAL_GRAPH_TOPOLOGY,NONE,NONE
MPLADS-001687,25.14,40.78,0,9,1,1,0.5556,0,-0.17,0.0,NORMAL_GRAPH_TOPOLOGY,NONE,NONE
MPLADS-001688,69.13,92.76,0,34,1,1,0.2,1,1.33,35.0,CORPORATE_COLLUSION_NETWORK,HIGH_CONSTITUENCY_AGENCY_CAPTURE,PRE_AWARD_GOVERNANCE_INSTABILITY
MPLADS-001689,8.17,10.42,0,35,1,1,0.25,0,0.67,0.0,NORMAL_GRAPH_TOPOLOGY,NONE,NONE
MPLADS-001690,39.72,64.24,0,23,1,1,0.1111,0,-0.67,0.0,NORMAL_GRAPH_TOPOLOGY,NONE,NONE
MPLADS-001691,6.55,7.72,0,32,1,1,0.3333,0,-0.17,0.0,NORMAL_GRAPH_TOPOLOGY,NONE,NONE
MPLADS-001692,39.69,64.2,0,5,1,1,0.2,0,-0.17,0.0,NORMAL_GRAPH_TOPOLOGY,NONE,NONE
MPLADS-001693,52.39,79.78,0,5,1,1,1.0,0,-0.5,0.0,NORMAL_GRAPH_TOPOLOGY,NONE,NONE
MPLADS-001694,15.84,24.22,0,14,1,1,0.3333,0,-0.5,0.0,NORMAL_GRAPH_TOPOLOGY,NONE,NONE
MPLADS-001695,55.05,82.44,0,14,1,1,0.1429,0,1.83,0.0,NORMAL_GRAPH_TOPOLOGY,NONE,NONE
MPLADS-001696,39.47,63.86,0,14,1,1,0.1667,0,0.17,15.0,NORMAL_GRAPH_TOPOLOGY,NONE,NONE
MPLADS-001697,43.32,68.98,0,7,1,1,0.5,0,0.0,15.0,NORMAL_GRAPH_TOPOLOGY,NONE,NONE
MPLADS-001698,55.45,82.9,0,33,1,1,0.1667,0,-1.0,0.0,NORMAL_GRAPH_TOPOLOGY,NONE,NONE
MPLADS-001699,19.09,30.2,0,26,1,1,0.2,0,0.0,0.0,NORMAL_GRAPH_TOPOLOGY,NONE,NONE
MPLADS-001700,57.99,85.14,0,20,1,1,0.125,0,-0.83,0.0,NORMAL_GRAPH_TOPOLOGY,NONE,NONE
MPLADS-001701,28.55,46.68,0,3,1,1,0.1111,0,-0.5,0.0,NORMAL_GRAPH_TOPOLOGY,NONE,NONE
MPLADS-001702,42.07,67.4,0,34,1,1,0.2222,0,-0.83,0.0,NORMAL_GRAPH_TOPOLOGY,NONE,NONE
MPLADS-001703,74.93,96.24,1,7,1,1,0.1667,2,1.0,50.0,CORPORATE_COLLUSION_NETWORK,RECURRING_EXCLUSIVE_PAIRING,NONE
MPLADS-001704,61.51,87.32,0,28,1,1,0.25,1,3.0,35.0,CORPORATE_COLLUSION_NETWORK,HIGH_CONSTITUENCY_AGENCY_CAPTURE,NONE
MPLADS-001705,48.99,75.88,0,35,1,1,0.1,0,-0.17,15.0,NORMAL_GRAPH_TOPOLOGY,NONE,NONE
MPLADS-001706,24.89,40.3,0,27,1,1,0.3333,0,0.5,0.0,NORMAL_GRAPH_TOPOLOGY,NONE,NONE
MPLADS-001707,24.29,39.32,0,26,1,1,0.25,0,0.33,0.0,NORMAL_GRAPH_TOPOLOGY,NONE,NONE
MPLADS-001708,29.89,48.86,0,11,1,1,0.1429,0,-0.33,15.0,NORMAL_GRAPH_TOPOLOGY,NONE,NONE
MPLADS-001709,26.53,43.18,0,2,1,1,0.25,0,0.33,15.0,NORMAL_GRAPH_TOPOLOGY,NONE,NONE
MPLADS-001710,28.42,46.44,0,17,1,1,0.1429,0,-0.5,0.0,NORMAL_GRAPH_TOPOLOGY,NONE,NONE
MPLADS-001711,15.74,24.04,0,24,1,1,0.3333,0,0.5,0.0,NORMAL_GRAPH_TOPOLOGY,NONE,NONE
MPLADS-001712,43.28,68.94,0,9,1,1,0.2,0,-0.5,0.0,NORMAL_GRAPH_TOPOLOGY,NONE,NONE
MPLADS-001713,15.71,24.0,0,3,1,1,0.1667,0,1.0,0.0,NORMAL_GRAPH_TOPOLOGY,NONE,NONE
MPLADS-001714,15.62,23.84,0,5,1,1,0.3333,0,-0.33,0.0,NORMAL_GRAPH_TOPOLOGY,NONE,NONE
MPLADS-001715,66.05,90.38,0,29,1,1,0.3333,1,3.0,35.0,CORPORATE_COLLUSION_NETWORK,NONE,NONE
MPLADS-001716,31.72,51.86,0,32,1,1,0.125,0,-0.83,0.0,NORMAL_GRAPH_TOPOLOGY,NONE,NONE
MPLADS-001717,39.54,63.98,0,1,1,1,0.1667,0,0.17,15.0,NORMAL_GRAPH_TOPOLOGY,NONE,NONE
MPLADS-001718,29.56,48.32,0,9,1,1,0.2,0,0.17,15.0,NORMAL_GRAPH_TOPOLOGY,NONE,NONE
MPLADS-001719,62.33,87.88,0,6,1,1,0.3333,0,-0.67,15.0,HIGH_CONSTITUENCY_AGENCY_CAPTURE,RECURRING_EXCLUSIVE_PAIRING,PRE_AWARD_GOVERNANCE_INSTABILITY
MPLADS-001720,66.33,90.72,0,7,1,1,0.25,2,1.0,35.0,CORPORATE_COLLUSION_NETWORK,NONE,NONE
MPLADS-001721,73.97,95.94,1,16,1,1,0.25,2,0.67,50.0,CORPORATE_COLLUSION_NETWORK,RECURRING_EXCLUSIVE_PAIRING,NONE
MPLADS-001722,40.92,65.86,0,33,1,1,0.25,0,0.5,15.0,NORMAL_GRAPH_TOPOLOGY,NONE,NONE
MPLADS-001723,52.91,80.34,0,0,1,1,0.125,0,0.67,15.0,NORMAL_GRAPH_TOPOLOGY,NONE,NONE
MPLADS-001724,36.91,60.2,0,15,1,1,0.1111,0,0.17,0.0,NORMAL_GRAPH_TOPOLOGY,NONE,NONE
MPLADS-001725,17.33,26.96,0,3,1,1,0.3333,0,0.67,0.0,NORMAL_GRAPH_TOPOLOGY,NONE,NONE
MPLADS-001726,31.53,51.58,0,12,1,1,0.5,0,-0.5,0.0,NORMAL_GRAPH_TOPOLOGY,NONE,NONE
MPLADS-001727,52.06,79.36,0,27,1,1,0.3333,0,-0.33,15.0,NORMAL_GRAPH_TOPOLOGY,NONE,NONE
MPLADS-001728,26.28,42.74,0,32,1,1,0.125,0,-0.67,0.0,NORMAL_GRAPH_TOPOLOGY,NONE,NONE
MPLADS-001729,50.38,77.38,0,20,1,1,0.125,0,0.83,0.0,NORMAL_GRAPH_TOPOLOGY,NONE,NONE
MPLADS-001730,22.1,35.54,0,23,1,1,0.1429,0,0.5,0.0,NORMAL_GRAPH_TOPOLOGY,NONE,NONE
MPLADS-001731,67.78,91.82,0,15,1,1,0.2,2,1.0,35.0,CORPORATE_COLLUSION_NETWORK,NONE,NONE
MPLADS-001732,61.85,87.5,0,34,1,1,0.125,1,1.0,35.0,CORPORATE_COLLUSION_NETWORK,HIGH_CONSTITUENCY_AGENCY_CAPTURE,NONE
MPLADS-001733,17.68,27.62,0,4,1,1,0.25,0,0.17,0.0,NORMAL_GRAPH_TOPOLOGY,NONE,NONE
MPLADS-001734,35.84,58.52,0,27,1,1,0.1667,0,0.0,15.0,NORMAL_GRAPH_TOPOLOGY,NONE,NONE
MPLADS-001735,19.38,30.74,0,25,1,1,0.125,0,0.17,0.0,NORMAL_GRAPH_TOPOLOGY,NONE,NONE
MPLADS-001736,10.19,14.06,0,27,1,1,0.1429,0,-0.33,0.0,NORMAL_GRAPH_TOPOLOGY,NONE,NONE
MPLADS-001737,100.0,100.0,1,26,1,1,0.1111,4,2.67,50.0,CORPORATE_COLLUSION_NETWORK,RECURRING_EXCLUSIVE_PAIRING,HIGH_CONSTITUENCY_AGENCY_CAPTURE
MPLADS-001738,19.1,30.22,0,2,1,1,0.1111,0,-0.5,0.0,NORMAL_GRAPH_TOPOLOGY,NONE,NONE
MPLADS-001739,16.99,26.34,0,24,1,1,0.25,0,0.0,0.0,NORMAL_GRAPH_TOPOLOGY,NONE,NONE
MPLADS-001740,25.24,40.96,0,29,1,1,0.25,0,-1.0,0.0,NORMAL_GRAPH_TOPOLOGY,NONE,NONE
MPLADS-001741,32.37,52.88,0,0,1,1,0.3333,0,-0.5,0.0,NORMAL_GRAPH_TOPOLOGY,NONE,NONE
MPLADS-001742,35.54,58.02,0,3,1,1,0.5,0,-0.33,0.0,NORMAL_GRAPH_TOPOLOGY,NONE,NONE
MPLADS-001743,23.64,38.16,0,17,1,1,0.1667,0,1.67,0.0,NORMAL_GRAPH_TOPOLOGY,NONE,NONE
MPLADS-001744,55.49,82.94,0,33,1,1,0.1,0,1.17,15.0,NORMAL_GRAPH_TOPOLOGY,NONE,NONE
MPLADS-001745,11.06,15.64,0,33,1,1,0.1667,0,0.17,0.0,NORMAL_GRAPH_TOPOLOGY,NONE,NONE
MPLADS-001746,35.19,57.48,0,2,1,1,0.1667,0,1.0,0.0,NORMAL_GRAPH_TOPOLOGY,NONE,NONE
MPLADS-001747,5.97,6.74,0,23,1,1,0.25,0,0.33,0.0,NORMAL_GRAPH_TOPOLOGY,NONE,NONE
MPLADS-001748,17.53,27.34,0,20,1,1,0.2,0,-0.83,0.0,NORMAL_GRAPH_TOPOLOGY,NONE,NONE
MPLADS-001749,27.38,44.72,0,27,1,1,0.3333,0,0.5,15.0,NORMAL_GRAPH_TOPOLOGY,NONE,NONE
MPLADS-001750,44.13,70.0,0,33,1,1,0.1,0,0.33,0.0,NORMAL_GRAPH_TOPOLOGY,NONE,NONE
MPLADS-001751,54.32,81.72,0,17,1,1,0.3333,0,-1.17,15.0,NORMAL_GRAPH_TOPOLOGY,NONE,NONE
MPLADS-001752,5.03,5.22,0,25,1,1,0.1667,0,0.33,0.0,NORMAL_GRAPH_TOPOLOGY,NONE,NONE
MPLADS-001753,22.99,37.1,0,11,1,1,0.2,0,0.67,0.0,NORMAL_GRAPH_TOPOLOGY,NONE,NONE
MPLADS-001754,23.74,38.34,0,19,1,1,0.25,0,-0.67,0.0,NORMAL_GRAPH_TOPOLOGY,NONE,NONE
MPLADS-001755,35.22,57.54,0,17,1,1,0.2,0,-0.17,0.0,NORMAL_GRAPH_TOPOLOGY,NONE,NONE
MPLADS-001756,14.81,22.4,0,30,1,1,0.2,0,0.33,15.0,NORMAL_GRAPH_TOPOLOGY,NONE,NONE
MPLADS-001757,8.58,11.18,0,11,1,1,0.125,0,0.33,0.0,NORMAL_GRAPH_TOPOLOGY,NONE,NONE
MPLADS-001758,69.1,92.74,0,14,1,1,0.2222,2,1.0,35.0,CORPORATE_COLLUSION_NETWORK,HUB_CENTRALITY_SPIKE,NONE
MPLADS-001759,64.74,89.48,0,9,1,1,0.2,0,1.33,0.0,PRE_AWARD_GOVERNANCE_INSTABILITY,HIGH_CONSTITUENCY_AGENCY_CAPTURE,NONE
MPLADS-001760,13.33,19.74,0,12,1,1,0.3333,0,-0.5,0.0,NORMAL_GRAPH_TOPOLOGY,NONE,NONE
MPLADS-001761,26.82,43.66,0,28,1,1,0.1429,0,0.83,0.0,NORMAL_GRAPH_TOPOLOGY,NONE,NONE
MPLADS-001762,55.99,83.38,0,24,1,1,0.1111,0,-0.83,15.0,NORMAL_GRAPH_TOPOLOGY,NONE,NONE
MPLADS-001763,5.32,5.64,0,36,1,1,0.2,0,-0.17,0.0,NORMAL_GRAPH_TOPOLOGY,NONE,NONE
MPLADS-001764,21.38,34.26,0,26,1,1,0.2,0,-0.33,0.0,NORMAL_GRAPH_TOPOLOGY,NONE,NONE
MPLADS-001765,38.8,63.06,0,9,1,1,0.25,0,-0.17,15.0,NORMAL_GRAPH_TOPOLOGY,NONE,NONE
MPLADS-001766,22.15,35.62,0,31,1,1,0.3333,0,0.0,0.0,NORMAL_GRAPH_TOPOLOGY,NONE,NONE
MPLADS-001767,74.08,95.98,1,30,1,1,0.3333,2,4.0,35.0,CORPORATE_COLLUSION_NETWORK,HIGH_CONSTITUENCY_AGENCY_CAPTURE,NONE
MPLADS-001768,38.87,63.12,0,1,1,1,0.25,0,0.0,0.0,NORMAL_GRAPH_TOPOLOGY,NONE,NONE
MPLADS-001769,69.57,93.14,0,15,1,1,0.1667,1,2.33,35.0,CORPORATE_COLLUSION_NETWORK,PRE_AWARD_GOVERNANCE_INSTABILITY,NONE
MPLADS-001770,11.51,16.44,0,5,1,1,0.2,0,-0.5,0.0,NORMAL_GRAPH_TOPOLOGY,NONE,NONE
MPLADS-001771,21.78,35.0,0,22,1,1,0.1667,0,1.17,0.0,NORMAL_GRAPH_TOPOLOGY,NONE,NONE
MPLADS-001772,71.74,94.62,0,26,1,1,0.2,1,1.33,35.0,CORPORATE_COLLUSION_NETWORK,HIGH_CONSTITUENCY_AGENCY_CAPTURE,PRE_AWARD_GOVERNANCE_INSTABILITY
MPLADS-001773,47.72,74.32,0,34,1,1,0.2,0,-0.67,0.0,NORMAL_GRAPH_TOPOLOGY,NONE,NONE
MPLADS-001774,8.16,10.4,0,35,1,1,0.2,0,-0.17,0.0,NORMAL_GRAPH_TOPOLOGY,NONE,NONE
MPLADS-001775,5.71,6.32,0,13,1,1,0.25,0,0.0,0.0,NORMAL_GRAPH_TOPOLOGY,NONE,NONE
MPLADS-001776,58.49,85.42,0,17,1,1,0.3333,0,-0.83,0.0,NORMAL_GRAPH_TOPOLOGY,NONE,NONE
MPLADS-001777,60.88,86.98,0,22,1,1,0.5,1,1.33,35.0,CORPORATE_COLLUSION_NETWORK,HIGH_CONSTITUENCY_AGENCY_CAPTURE,HUB_CENTRALITY_SPIKE
MPLADS-001778,25.53,41.48,0,14,1,1,0.3333,0,1.67,0.0,NORMAL_GRAPH_TOPOLOGY,NONE,NONE
MPLADS-001779,19.87,31.64,0,27,1,1,0.25,0,-0.33,0.0,NORMAL_GRAPH_TOPOLOGY,NONE,NONE
MPLADS-001780,5.07,5.28,0,9,1,1,0.25,0,0.33,0.0,NORMAL_GRAPH_TOPOLOGY,NONE,NONE
MPLADS-001781,16.09,24.66,0,24,1,1,0.125,0,0.17,0.0,NORMAL_GRAPH_TOPOLOGY,NONE,NONE
MPLADS-001782,64.73,89.46,0,34,1,1,0.1667,1,2.67,35.0,CORPORATE_COLLUSION_NETWORK,NONE,NONE
MPLADS-001783,13.12,19.34,0,2,1,1,0.1667,0,0.0,0.0,NORMAL_GRAPH_TOPOLOGY,NONE,NONE
MPLADS-001784,46.5,72.78,0,5,1,1,0.2,0,-1.0,15.0,NORMAL_GRAPH_TOPOLOGY,NONE,NONE
MPLADS-001785,6.97,8.42,0,24,1,1,0.1667,0,-0.33,0.0,NORMAL_GRAPH_TOPOLOGY,NONE,NONE
MPLADS-001786,12.01,17.28,0,35,1,1,0.1667,0,0.0,0.0,NORMAL_GRAPH_TOPOLOGY,NONE,NONE
MPLADS-001787,22.36,35.98,0,23,1,1,0.25,0,1.67,0.0,NORMAL_GRAPH_TOPOLOGY,NONE,NONE
MPLADS-001788,95.84,99.7,1,26,1,1,0.2,4,0.67,35.0,CORPORATE_COLLUSION_NETWORK,NONE,NONE
MPLADS-001789,36.64,59.78,0,31,1,1,0.3333,0,0.33,15.0,NORMAL_GRAPH_TOPOLOGY,NONE,NONE
MPLADS-001790,4.02,3.72,0,1,1,1,0.2,0,0.0,0.0,NORMAL_GRAPH_TOPOLOGY,NONE,NONE
MPLADS-001791,41.12,66.18,0,3,1,1,0.1667,0,0.0,0.0,NORMAL_GRAPH_TOPOLOGY,NONE,NONE
MPLADS-001792,40.94,65.88,0,9,1,1,0.1,0,0.17,0.0,NORMAL_GRAPH_TOPOLOGY,NONE,NONE
MPLADS-001793,33.85,55.26,0,26,1,1,0.1667,0,0.33,0.0,NORMAL_GRAPH_TOPOLOGY,NONE,NONE
MPLADS-001794,10.98,15.48,0,1,1,1,0.2,0,0.0,0.0,NORMAL_GRAPH_TOPOLOGY,NONE,NONE
MPLADS-001795,66.28,90.66,0,26,1,1,0.25,1,0.67,50.0,CORPORATE_COLLUSION_NETWORK,HIGH_CONSTITUENCY_AGENCY_CAPTURE,RECURRING_EXCLUSIVE_PAIRING
MPLADS-001796,29.82,48.74,0,32,1,1,0.1429,0,0.33,15.0,NORMAL_GRAPH_TOPOLOGY,NONE,NONE
MPLADS-001797,6.48,7.58,0,19,1,1,0.25,0,-0.33,0.0,NORMAL_GRAPH_TOPOLOGY,NONE,NONE
MPLADS-001798,41.22,66.3,0,33,1,1,0.3333,0,1.0,15.0,NORMAL_GRAPH_TOPOLOGY,NONE,NONE
MPLADS-001799,5.48,5.92,0,24,1,1,0.25,0,0.17,0.0,NORMAL_GRAPH_TOPOLOGY,NONE,NONE
MPLADS-001800,25.37,41.16,0,16,1,1,0.3333,0,-0.17,0.0,NORMAL_GRAPH_TOPOLOGY,NONE,NONE
MPLADS-001801,61.05,87.06,0,16,1,1,0.2,0,-1.17,0.0,ELEVATED_GRAPH_CENTRALITY,NONE,NONE
MPLADS-001802,10.61,14.84,0,28,1,1,0.2,0,0.17,0.0,NORMAL_GRAPH_TOPOLOGY,NONE,NONE
MPLADS-001803,13.21,19.52,0,1,1,1,0.1667,0,-0.83,0.0,NORMAL_GRAPH_TOPOLOGY,NONE,NONE
MPLADS-001804,14.76,22.32,0,19,1,1,0.2,0,-0.17,0.0,NORMAL_GRAPH_TOPOLOGY,NONE,NONE
MPLADS-001805,54.3,81.7,0,35,1,1,0.125,0,0.83,0.0,NORMAL_GRAPH_TOPOLOGY,NONE,NONE
MPLADS-001806,9.02,11.9,0,11,1,1,0.1562,0,-0.17,0.0,NORMAL_GRAPH_TOPOLOGY,NONE,NONE
MPLADS-001807,28.56,46.7,0,30,1,1,0.1667,0,0.0,15.0,NORMAL_GRAPH_TOPOLOGY,NONE,NONE
MPLADS-001808,32.54,53.14,0,30,1,1,0.1667,0,0.0,15.0,NORMAL_GRAPH_TOPOLOGY,NONE,NONE
MPLADS-001809,19.21,30.42,0,18,1,1,0.3333,0,-0.67,0.0,NORMAL_GRAPH_TOPOLOGY,NONE,NONE
MPLADS-001810,46.89,73.3,0,33,1,1,0.25,0,-1.17,0.0,NORMAL_GRAPH_TOPOLOGY,NONE,NONE
MPLADS-001811,43.0,68.6,0,21,1,1,0.25,0,-0.17,0.0,NORMAL_GRAPH_TOPOLOGY,NONE,NONE
MPLADS-001812,60.42,86.72,0,0,1,1,0.1667,1,2.67,35.0,CORPORATE_COLLUSION_NETWORK,NONE,NONE
MPLADS-001813,45.68,71.86,0,33,1,1,0.1667,0,-0.67,15.0,NORMAL_GRAPH_TOPOLOGY,NONE,NONE
MPLADS-001814,24.74,40.08,0,2,1,1,0.1429,0,-0.5,15.0,NORMAL_GRAPH_TOPOLOGY,NONE,NONE
MPLADS-001815,25.83,41.94,0,11,1,1,0.125,0,0.5,0.0,NORMAL_GRAPH_TOPOLOGY,NONE,NONE
MPLADS-001816,28.25,46.16,0,24,1,1,0.5,0,0.17,0.0,NORMAL_GRAPH_TOPOLOGY,NONE,NONE
MPLADS-001817,53.56,80.94,0,20,1,1,0.3333,0,-0.83,0.0,NORMAL_GRAPH_TOPOLOGY,NONE,NONE
MPLADS-001818,16.98,26.32,0,0,1,1,0.2,0,-1.0,0.0,NORMAL_GRAPH_TOPOLOGY,NONE,NONE
MPLADS-001819,4.1,3.86,0,3,1,1,0.1429,0,-0.17,0.0,NORMAL_GRAPH_TOPOLOGY,NONE,NONE
MPLADS-001820,76.58,96.94,1,14,1,1,0.25,2,0.67,35.0,CORPORATE_COLLUSION_NETWORK,PRE_AWARD_GOVERNANCE_INSTABILITY,HUB_CENTRALITY_SPIKE
MPLADS-001821,23.86,38.56,0,32,1,1,0.1667,0,-0.17,15.0,NORMAL_GRAPH_TOPOLOGY,NONE,NONE
MPLADS-001822,21.44,34.38,0,36,1,1,0.25,0,-0.83,0.0,NORMAL_GRAPH_TOPOLOGY,NONE,NONE
MPLADS-001823,74.81,96.2,1,11,2,1,1.0,0,0.17,0.0,HIGH_CONSTITUENCY_AGENCY_CAPTURE,NONE,NONE
MPLADS-001824,13.31,19.7,0,30,1,1,0.1429,0,0.0,0.0,NORMAL_GRAPH_TOPOLOGY,NONE,NONE
MPLADS-001825,17.48,27.24,0,12,1,1,0.125,0,-0.5,0.0,NORMAL_GRAPH_TOPOLOGY,NONE,NONE
MPLADS-001826,25.87,42.04,0,12,1,1,0.25,0,-1.0,0.0,NORMAL_GRAPH_TOPOLOGY,NONE,NONE
MPLADS-001827,20.52,32.8,0,33,1,1,0.1667,0,0.17,0.0,NORMAL_GRAPH_TOPOLOGY,NONE,NONE
MPLADS-001828,25.8,41.9,0,27,1,1,0.1429,0,0.5,15.0,NORMAL_GRAPH_TOPOLOGY,NONE,NONE
MPLADS-001829,30.63,50.18,0,15,1,1,0.1667,0,0.0,15.0,NORMAL_GRAPH_TOPOLOGY,NONE,NONE
MPLADS-001830,21.26,34.06,0,36,1,1,0.1667,0,-0.5,0.0,NORMAL_GRAPH_TOPOLOGY,NONE,NONE
MPLADS-001831,16.9,26.18,0,35,1,1,0.25,0,0.0,15.0,NORMAL_GRAPH_TOPOLOGY,NONE,NONE
MPLADS-001832,44.93,70.9,0,4,1,1,0.2,0,-1.33,0.0,NORMAL_GRAPH_TOPOLOGY,NONE,NONE
MPLADS-001833,63.88,88.88,0,33,2,1,0.2222,0,-0.17,0.0,ELEVATED_GRAPH_CENTRALITY,NONE,NONE
MPLADS-001834,10.99,15.5,0,9,1,1,0.1667,0,0.17,0.0,NORMAL_GRAPH_TOPOLOGY,NONE,NONE
MPLADS-001835,51.31,78.52,0,12,1,1,0.25,0,0.33,0.0,NORMAL_GRAPH_TOPOLOGY,NONE,NONE
MPLADS-001836,44.01,69.82,0,31,1,1,0.2,0,-1.17,15.0,NORMAL_GRAPH_TOPOLOGY,NONE,NONE
MPLADS-001837,9.97,13.68,0,33,1,1,0.2,0,0.33,0.0,NORMAL_GRAPH_TOPOLOGY,NONE,NONE
MPLADS-001838,46.04,72.24,0,25,1,1,0.5,0,0.17,15.0,NORMAL_GRAPH_TOPOLOGY,NONE,NONE
MPLADS-001839,14.43,21.76,0,12,1,1,0.3333,0,-0.5,0.0,NORMAL_GRAPH_TOPOLOGY,NONE,NONE
MPLADS-001840,66.42,90.8,0,31,1,1,0.2,2,2.67,35.0,CORPORATE_COLLUSION_NETWORK,NONE,NONE
MPLADS-001841,17.39,27.08,0,9,1,1,0.25,0,0.17,15.0,NORMAL_GRAPH_TOPOLOGY,NONE,NONE
MPLADS-001842,63.67,88.7,0,14,2,1,0.1562,0,0.17,0.0,HIGH_CONSTITUENCY_AGENCY_CAPTURE,NONE,NONE
MPLADS-001843,23.99,38.8,0,30,1,1,0.3333,0,0.17,0.0,NORMAL_GRAPH_TOPOLOGY,NONE,NONE
MPLADS-001844,27.12,44.22,0,34,1,1,0.1667,0,-0.33,0.0,NORMAL_GRAPH_TOPOLOGY,NONE,NONE
MPLADS-001845,13.51,20.04,0,22,1,1,0.25,0,-0.5,0.0,NORMAL_GRAPH_TOPOLOGY,NONE,NONE
MPLADS-001846,29.32,47.92,0,3,1,1,0.25,0,-0.33,15.0,NORMAL_GRAPH_TOPOLOGY,NONE,NONE
MPLADS-001847,49.51,76.46,0,27,1,1,0.25,0,1.0,15.0,NORMAL_GRAPH_TOPOLOGY,NONE,NONE
MPLADS-001848,27.19,44.34,0,9,1,1,0.2,0,0.5,15.0,NORMAL_GRAPH_TOPOLOGY,NONE,NONE
MPLADS-001849,66.49,90.86,0,30,1,1,0.1667,2,1.0,35.0,CORPORATE_COLLUSION_NETWORK,HUB_CENTRALITY_SPIKE,NONE
MPLADS-001850,75.7,96.54,1,20,1,1,0.5,2,1.0,35.0,CORPORATE_COLLUSION_NETWORK,HIGH_CONSTITUENCY_AGENCY_CAPTURE,HUB_CENTRALITY_SPIKE
MPLADS-001851,21.57,34.58,0,2,1,1,0.3333,0,0.17,15.0,NORMAL_GRAPH_TOPOLOGY,NONE,NONE
MPLADS-001852,25.59,41.58,0,11,1,1,0.25,0,-0.33,0.0,NORMAL_GRAPH_TOPOLOGY,NONE,NONE
MPLADS-001853,64.21,89.1,0,28,1,1,0.25,0,0.17,0.0,PRE_AWARD_GOVERNANCE_INSTABILITY,NONE,NONE
MPLADS-001854,39.24,63.62,0,35,1,1,0.1,0,0.33,0.0,NORMAL_GRAPH_TOPOLOGY,NONE,NONE
MPLADS-001855,17.32,26.94,0,11,1,1,0.25,0,0.0,0.0,NORMAL_GRAPH_TOPOLOGY,NONE,NONE
MPLADS-001856,55.42,82.84,0,34,1,1,0.124,0,0.67,0.0,NORMAL_GRAPH_TOPOLOGY,NONE,NONE
MPLADS-001857,47.82,74.44,0,24,1,1,0.5,0,0.67,15.0,NORMAL_GRAPH_TOPOLOGY,NONE,NONE
MPLADS-001858,38.05,62.02,0,28,1,1,0.2,0,-1.33,0.0,NORMAL_GRAPH_TOPOLOGY,NONE,NONE
MPLADS-001859,2.16,1.46,0,24,1,1,0.1667,0,0.0,0.0,NORMAL_GRAPH_TOPOLOGY,NONE,NONE
MPLADS-001860,9.92,13.58,0,10,1,1,0.3333,0,-0.5,0.0,NORMAL_GRAPH_TOPOLOGY,NONE,NONE
MPLADS-001861,22.41,36.06,0,2,1,1,0.1667,0,-0.5,15.0,NORMAL_GRAPH_TOPOLOGY,NONE,NONE
MPLADS-001862,46.09,72.32,0,8,1,1,0.25,0,0.0,0.0,NORMAL_GRAPH_TOPOLOGY,NONE,NONE
MPLADS-001863,63.61,88.64,0,30,1,1,0.5,0,1.83,0.0,HIGH_CONSTITUENCY_AGENCY_CAPTURE,PRE_AWARD_GOVERNANCE_INSTABILITY,NONE
MPLADS-001864,19.18,30.36,0,29,1,1,0.3333,0,0.17,0.0,NORMAL_GRAPH_TOPOLOGY,NONE,NONE
MPLADS-001865,4.8,4.82,0,14,1,1,0.25,0,0.5,0.0,NORMAL_GRAPH_TOPOLOGY,NONE,NONE
MPLADS-001866,11.01,15.54,0,5,1,1,0.2,0,0.0,0.0,NORMAL_GRAPH_TOPOLOGY,NONE,NONE
MPLADS-001867,43.36,69.04,0,33,1,1,0.3333,0,1.0,15.0,NORMAL_GRAPH_TOPOLOGY,NONE,NONE
MPLADS-001868,75.8,96.58,1,26,1,1,0.2,2,3.0,35.0,CORPORATE_COLLUSION_NETWORK,HUB_CENTRALITY_SPIKE,NONE
MPLADS-001869,34.62,56.54,0,21,1,1,0.2,0,0.33,15.0,NORMAL_GRAPH_TOPOLOGY,NONE,NONE
MPLADS-001870,2.34,1.66,0,3,1,1,0.2,0,-0.33,0.0,NORMAL_GRAPH_TOPOLOGY,NONE,NONE
MPLADS-001871,15.39,23.44,0,7,1,1,0.2,0,0.17,0.0,NORMAL_GRAPH_TOPOLOGY,NONE,NONE
MPLADS-001872,36.64,59.8,0,29,1,1,0.3333,0,-1.0,0.0,NORMAL_GRAPH_TOPOLOGY,NONE,NONE
MPLADS-001873,7.57,9.32,0,7,1,1,0.25,0,-0.17,0.0,NORMAL_GRAPH_TOPOLOGY,NONE,NONE
MPLADS-001874,82.27,98.54,1,22,1,1,0.1667,2,4.33,35.0,CORPORATE_COLLUSION_NETWORK,HIGH_CONSTITUENCY_AGENCY_CAPTURE,PRE_AWARD_GOVERNANCE_INSTABILITY
MPLADS-001875,21.73,34.9,0,4,1,1,0.25,0,-0.5,0.0,NORMAL_GRAPH_TOPOLOGY,NONE,NONE
MPLADS-001876,26.08,42.4,0,28,1,1,0.25,0,0.5,15.0,NORMAL_GRAPH_TOPOLOGY,NONE,NONE
MPLADS-001877,39.38,63.76,0,15,1,1,0.2,0,-1.0,15.0,NORMAL_GRAPH_TOPOLOGY,NONE,NONE
MPLADS-001878,6.3,7.3,0,7,1,1,0.25,0,-0.67,0.0,NORMAL_GRAPH_TOPOLOGY,NONE,NONE
MPLADS-001879,3.38,2.88,0,0,1,1,0.1429,0,-0.17,0.0,NORMAL_GRAPH_TOPOLOGY,NONE,NONE
MPLADS-001880,15.54,23.7,0,10,1,1,0.1667,0,-1.0,0.0,NORMAL_GRAPH_TOPOLOGY,NONE,NONE
MPLADS-001881,41.11,66.16,0,2,1,1,0.125,0,-0.83,15.0,NORMAL_GRAPH_TOPOLOGY,NONE,NONE
MPLADS-001882,26.86,43.74,0,10,1,1,0.3333,0,-0.83,0.0,NORMAL_GRAPH_TOPOLOGY,NONE,NONE
MPLADS-001883,74.15,96.0,1,26,1,1,0.1667,1,3.0,35.0,CORPORATE_COLLUSION_NETWORK,NONE,NONE
MPLADS-001884,12.86,18.86,0,34,1,1,0.2,0,0.0,0.0,NORMAL_GRAPH_TOPOLOGY,NONE,NONE
MPLADS-001885,21.34,34.2,0,25,1,1,0.2,0,-0.5,15.0,NORMAL_GRAPH_TOPOLOGY,NONE,NONE
MPLADS-001886,51.2,78.4,0,35,1,1,0.1429,1,1.0,35.0,NORMAL_GRAPH_TOPOLOGY,NONE,NONE
MPLADS-001887,73.59,95.7,1,30,1,1,0.5,2,1.0,35.0,CORPORATE_COLLUSION_NETWORK,NONE,NONE
MPLADS-001888,44.15,70.04,0,36,1,1,0.25,0,-0.83,15.0,NORMAL_GRAPH_TOPOLOGY,NONE,NONE
MPLADS-001889,26.78,43.58,0,27,1,1,0.25,0,-0.17,15.0,NORMAL_GRAPH_TOPOLOGY,NONE,NONE
MPLADS-001890,19.28,30.56,0,24,1,1,0.1667,0,-0.33,15.0,NORMAL_GRAPH_TOPOLOGY,NONE,NONE
MPLADS-001891,29.39,48.0,0,19,1,1,0.125,0,-0.67,0.0,NORMAL_GRAPH_TOPOLOGY,NONE,NONE
MPLADS-001892,44.42,70.32,0,17,1,1,0.5,0,0.5,0.0,NORMAL_GRAPH_TOPOLOGY,NONE,NONE
MPLADS-001893,16.28,25.02,0,9,1,1,0.3333,0,0.17,0.0,NORMAL_GRAPH_TOPOLOGY,NONE,NONE
MPLADS-001894,18.04,28.26,0,5,1,1,0.1667,0,-0.17,0.0,NORMAL_GRAPH_TOPOLOGY,NONE,NONE
MPLADS-001895,30.38,49.76,0,27,1,1,0.3333,0,-0.5,0.0,NORMAL_GRAPH_TOPOLOGY,NONE,NONE
MPLADS-001896,24.91,40.34,0,17,1,1,0.1667,0,0.33,15.0,NORMAL_GRAPH_TOPOLOGY,NONE,NONE
MPLADS-001897,14.21,21.32,0,33,1,1,0.3333,0,-0.17,0.0,NORMAL_GRAPH_TOPOLOGY,NONE,NONE
MPLADS-001898,49.55,76.52,0,11,1,1,0.1667,0,0.83,0.0,NORMAL_GRAPH_TOPOLOGY,NONE,NONE
MPLADS-001899,63.02,88.38,0,28,1,1,0.2,0,0.17,0.0,PRE_AWARD_GOVERNANCE_INSTABILITY,NONE,NONE
MPLADS-001900,19.34,30.68,0,25,1,1,0.2,0,-0.5,0.0,NORMAL_GRAPH_TOPOLOGY,NONE,NONE
MPLADS-001901,9.09,12.06,0,34,1,1,0.2,0,0.17,0.0,NORMAL_GRAPH_TOPOLOGY,NONE,NONE
MPLADS-001902,64.03,89.0,0,9,2,1,0.1837,0,0.33,0.0,HIGH_CONSTITUENCY_AGENCY_CAPTURE,HUB_CENTRALITY_SPIKE,NONE
MPLADS-001903,37.0,60.34,0,26,1,1,0.2,0,0.17,15.0,NORMAL_GRAPH_TOPOLOGY,NONE,NONE
MPLADS-001904,57.35,84.58,0,1,1,1,0.1429,0,-0.5,15.0,NORMAL_GRAPH_TOPOLOGY,NONE,NONE
MPLADS-001905,25.33,41.1,0,35,1,1,0.1667,0,-0.67,0.0,NORMAL_GRAPH_TOPOLOGY,NONE,NONE
MPLADS-001906,5.31,5.62,0,5,1,1,0.1429,0,0.17,0.0,NORMAL_GRAPH_TOPOLOGY,NONE,NONE
MPLADS-001907,50.55,77.56,0,2,1,1,0.25,0,0.17,0.0,NORMAL_GRAPH_TOPOLOGY,NONE,NONE
MPLADS-001908,53.72,81.1,0,15,1,1,0.1429,0,-0.83,0.0,NORMAL_GRAPH_TOPOLOGY,NONE,NONE
MPLADS-001909,36.45,59.48,0,0,1,1,0.1429,0,0.5,15.0,NORMAL_GRAPH_TOPOLOGY,NONE,NONE
MPLADS-001910,49.92,76.86,0,27,1,1,0.2,0,0.0,15.0,NORMAL_GRAPH_TOPOLOGY,NONE,NONE
MPLADS-001911,76.37,96.87,1,0,2,1,0.375,0,0.67,15.0,HIGH_CONSTITUENCY_AGENCY_CAPTURE,RECURRING_EXCLUSIVE_PAIRING,PRE_AWARD_GOVERNANCE_INSTABILITY
MPLADS-001912,43.08,68.7,0,3,1,1,0.1,0,0.0,0.0,NORMAL_GRAPH_TOPOLOGY,NONE,NONE
MPLADS-001913,27.26,44.46,0,17,1,1,0.5,0,-0.17,0.0,NORMAL_GRAPH_TOPOLOGY,NONE,NONE
MPLADS-001914,68.79,92.5,0,1,2,1,0.1358,0,0.0,0.0,ELEVATED_GRAPH_CENTRALITY,NONE,NONE
MPLADS-001915,3.79,3.42,0,3,1,1,0.2,0,-0.17,0.0,NORMAL_GRAPH_TOPOLOGY,NONE,NONE
MPLADS-001916,22.96,37.04,0,24,1,1,0.1429,0,-1.0,0.0,NORMAL_GRAPH_TOPOLOGY,NONE,NONE
MPLADS-001917,52.3,79.66,0,7,1,1,0.5,0,-0.5,15.0,NORMAL_GRAPH_TOPOLOGY,NONE,NONE
MPLADS-001918,20.81,33.3,0,24,1,1,0.1667,0,0.0,0.0,NORMAL_GRAPH_TOPOLOGY,NONE,NONE
MPLADS-001919,16.87,26.12,0,12,1,1,0.25,0,-0.83,0.0,NORMAL_GRAPH_TOPOLOGY,NONE,NONE
MPLADS-001920,33.75,55.1,0,11,1,1,0.1429,0,-0.33,15.0,NORMAL_GRAPH_TOPOLOGY,NONE,NONE
MPLADS-001921,36.48,59.52,0,33,1,1,0.1429,0,0.0,0.0,NORMAL_GRAPH_TOPOLOGY,NONE,NONE
MPLADS-001922,42.95,68.52,0,14,1,1,0.5,0,-0.33,0.0,NORMAL_GRAPH_TOPOLOGY,NONE,NONE
MPLADS-001923,20.55,32.86,0,35,1,1,0.25,0,-0.5,0.0,NORMAL_GRAPH_TOPOLOGY,NONE,NONE
MPLADS-001924,2.79,2.22,0,14,1,1,0.2,0,-0.33,0.0,NORMAL_GRAPH_TOPOLOGY,NONE,NONE
MPLADS-001925,45.16,71.2,0,13,1,1,0.1429,0,-0.67,0.0,NORMAL_GRAPH_TOPOLOGY,NONE,NONE
MPLADS-001926,3.13,2.62,0,7,1,1,0.1667,0,-0.17,0.0,NORMAL_GRAPH_TOPOLOGY,NONE,NONE
MPLADS-001927,14.34,21.58,0,26,1,1,0.1667,0,-0.17,0.0,NORMAL_GRAPH_TOPOLOGY,NONE,NONE
MPLADS-001928,51.27,78.48,0,13,1,1,0.2,0,0.67,15.0,NORMAL_GRAPH_TOPOLOGY,NONE,NONE
MPLADS-001929,54.46,81.86,0,24,1,1,0.5,0,-0.83,15.0,NORMAL_GRAPH_TOPOLOGY,NONE,NONE
MPLADS-001930,37.83,61.66,0,32,1,1,0.2,0,0.0,15.0,NORMAL_GRAPH_TOPOLOGY,NONE,NONE
MPLADS-001931,23.93,38.7,0,13,1,1,0.3333,0,0.5,0.0,NORMAL_GRAPH_TOPOLOGY,NONE,NONE
MPLADS-001932,33.24,54.26,0,25,1,1,0.3333,0,0.33,15.0,NORMAL_GRAPH_TOPOLOGY,NONE,NONE
MPLADS-001933,70.38,93.76,0,4,1,1,0.1667,0,-1.17,15.0,RECURRING_EXCLUSIVE_PAIRING,HIGH_CONSTITUENCY_AGENCY_CAPTURE,PRE_AWARD_GOVERNANCE_INSTABILITY
MPLADS-001934,66.32,90.7,0,0,1,1,0.1667,1,3.0,35.0,CORPORATE_COLLUSION_NETWORK,NONE,NONE
MPLADS-001935,77.68,97.4,1,27,1,1,1.0,1,1.0,35.0,CORPORATE_COLLUSION_NETWORK,HIGH_CONSTITUENCY_AGENCY_CAPTURE,PRE_AWARD_GOVERNANCE_INSTABILITY
MPLADS-001936,18.3,28.74,0,16,1,1,0.1429,0,0.33,0.0,NORMAL_GRAPH_TOPOLOGY,NONE,NONE
MPLADS-001937,57.93,85.08,0,21,1,1,0.1,0,0.17,0.0,NORMAL_GRAPH_TOPOLOGY,NONE,NONE
MPLADS-001938,22.17,35.66,0,13,1,1,0.1429,0,1.0,0.0,NORMAL_GRAPH_TOPOLOGY,NONE,NONE
MPLADS-001939,18.37,28.88,0,35,1,1,0.2,0,-0.33,0.0,NORMAL_GRAPH_TOPOLOGY,NONE,NONE
MPLADS-001940,96.48,99.78,1,34,1,1,0.25,4,2.67,50.0,CORPORATE_COLLUSION_NETWORK,RECURRING_EXCLUSIVE_PAIRING,HIGH_CONSTITUENCY_AGENCY_CAPTURE
MPLADS-001941,59.76,86.34,0,23,1,1,0.2,0,-0.5,0.0,NORMAL_GRAPH_TOPOLOGY,NONE,NONE
MPLADS-001942,16.19,24.84,0,19,1,1,0.25,0,0.0,0.0,NORMAL_GRAPH_TOPOLOGY,NONE,NONE
MPLADS-001943,22.39,36.02,0,26,1,1,0.1667,0,-0.67,0.0,NORMAL_GRAPH_TOPOLOGY,NONE,NONE
MPLADS-001944,47.87,74.48,0,33,1,1,0.5,0,0.67,15.0,NORMAL_GRAPH_TOPOLOGY,NONE,NONE
MPLADS-001945,31.93,52.18,0,34,1,1,0.1429,0,-0.33,15.0,NORMAL_GRAPH_TOPOLOGY,NONE,NONE
MPLADS-001946,33.56,54.84,0,32,1,1,0.125,0,0.0,15.0,NORMAL_GRAPH_TOPOLOGY,NONE,NONE
MPLADS-001947,22.48,36.2,0,32,1,1,0.25,0,0.0,15.0,NORMAL_GRAPH_TOPOLOGY,NONE,NONE
MPLADS-001948,12.75,18.62,0,8,1,1,0.25,0,0.33,0.0,NORMAL_GRAPH_TOPOLOGY,NONE,NONE
MPLADS-001949,34.08,55.66,0,18,1,1,0.1429,0,0.67,0.0,NORMAL_GRAPH_TOPOLOGY,NONE,NONE
MPLADS-001950,53.99,81.38,0,30,1,1,0.25,0,1.83,0.0,NORMAL_GRAPH_TOPOLOGY,NONE,NONE
MPLADS-001951,34.34,56.1,0,7,1,1,0.2,0,-0.17,15.0,NORMAL_GRAPH_TOPOLOGY,NONE,NONE
MPLADS-001952,19.66,31.22,0,23,1,1,0.1837,0,0.5,0.0,NORMAL_GRAPH_TOPOLOGY,NONE,NONE
MPLADS-001953,26.17,42.54,0,7,1,1,0.3333,0,-1.0,0.0,NORMAL_GRAPH_TOPOLOGY,NONE,NONE
MPLADS-001954,37.48,61.1,0,33,1,1,0.5,0,-0.33,0.0,NORMAL_GRAPH_TOPOLOGY,NONE,NONE
MPLADS-001955,25.5,41.44,0,1,1,1,0.3333,0,-0.5,0.0,NORMAL_GRAPH_TOPOLOGY,NONE,NONE
MPLADS-001956,15.44,23.52,0,29,1,1,0.125,0,-0.5,0.0,NORMAL_GRAPH_TOPOLOGY,NONE,NONE
MPLADS-001957,38.51,62.66,0,23,1,1,0.1429,0,-0.33,15.0,NORMAL_GRAPH_TOPOLOGY,NONE,NONE
MPLADS-001958,15.18,23.04,0,20,1,1,0.1667,0,0.0,0.0,NORMAL_GRAPH_TOPOLOGY,NONE,NONE
MPLADS-001959,21.18,33.94,0,8,1,1,0.25,0,-0.67,0.0,NORMAL_GRAPH_TOPOLOGY,NONE,NONE
MPLADS-001960,6.05,6.9,0,29,1,1,0.25,0,-0.5,0.0,NORMAL_GRAPH_TOPOLOGY,NONE,NONE
MPLADS-001961,31.29,51.2,0,29,1,1,0.2,0,0.17,15.0,NORMAL_GRAPH_TOPOLOGY,NONE,NONE
MPLADS-001962,78.77,97.9,1,3,1,1,0.1667,2,0.67,35.0,CORPORATE_COLLUSION_NETWORK,PRE_AWARD_GOVERNANCE_INSTABILITY,HUB_CENTRALITY_SPIKE
MPLADS-001963,23.47,37.86,0,6,1,1,0.5,0,0.0,0.0,NORMAL_GRAPH_TOPOLOGY,NONE,NONE
MPLADS-001964,51.08,78.22,0,6,1,1,0.2,1,1.33,35.0,NORMAL_GRAPH_TOPOLOGY,NONE,NONE
MPLADS-001965,4.12,3.88,0,3,1,1,0.1667,0,-0.17,0.0,NORMAL_GRAPH_TOPOLOGY,NONE,NONE
MPLADS-001966,52.07,79.38,0,18,1,1,0.25,0,0.67,0.0,NORMAL_GRAPH_TOPOLOGY,NONE,NONE
MPLADS-001967,21.99,35.34,0,11,1,1,0.5,0,0.0,0.0,NORMAL_GRAPH_TOPOLOGY,NONE,NONE
MPLADS-001968,59.49,86.2,0,26,1,1,1.0,0,0.33,0.0,NORMAL_GRAPH_TOPOLOGY,NONE,NONE
MPLADS-001969,53.31,80.72,0,12,1,1,0.3333,0,0.67,15.0,NORMAL_GRAPH_TOPOLOGY,NONE,NONE
MPLADS-001970,18.26,28.68,0,0,1,1,0.25,0,0.17,0.0,NORMAL_GRAPH_TOPOLOGY,NONE,NONE
MPLADS-001971,64.99,89.62,0,9,1,1,0.1,1,1.0,35.0,CORPORATE_COLLUSION_NETWORK,HIGH_CONSTITUENCY_AGENCY_CAPTURE,NONE
MPLADS-001972,14.24,21.38,0,12,1,1,0.1667,0,0.33,0.0,NORMAL_GRAPH_TOPOLOGY,NONE,NONE
MPLADS-001973,69.82,93.34,0,12,1,1,0.3333,2,2.17,35.0,CORPORATE_COLLUSION_NETWORK,NONE,NONE
MPLADS-001974,12.24,17.72,0,22,1,1,0.1429,0,-0.17,0.0,NORMAL_GRAPH_TOPOLOGY,NONE,NONE
MPLADS-001975,30.6,50.14,0,17,1,1,0.3333,0,-0.5,15.0,NORMAL_GRAPH_TOPOLOGY,NONE,NONE
MPLADS-001976,18.12,28.44,0,9,1,1,0.1667,0,-0.67,0.0,NORMAL_GRAPH_TOPOLOGY,NONE,NONE
MPLADS-001977,41.52,66.68,0,35,1,1,0.125,0,0.5,15.0,NORMAL_GRAPH_TOPOLOGY,NONE,NONE
MPLADS-001978,55.19,82.6,0,30,1,1,0.25,1,0.0,35.0,NORMAL_GRAPH_TOPOLOGY,NONE,NONE
MPLADS-001979,10.67,14.98,0,24,1,1,0.1667,0,-0.17,0.0,NORMAL_GRAPH_TOPOLOGY,NONE,NONE
MPLADS-001980,16.77,25.96,0,33,1,1,0.2,0,-0.5,0.0,NORMAL_GRAPH_TOPOLOGY,NONE,NONE
MPLADS-001981,7.97,10.04,0,7,1,1,0.25,0,-0.5,0.0,NORMAL_GRAPH_TOPOLOGY,NONE,NONE
MPLADS-001982,50.25,77.22,0,25,1,1,0.3333,0,0.0,15.0,NORMAL_GRAPH_TOPOLOGY,NONE,NONE
MPLADS-001983,51.18,78.38,0,1,1,1,0.2,1,0.0,35.0,NORMAL_GRAPH_TOPOLOGY,NONE,NONE
MPLADS-001984,49.12,76.06,0,36,1,1,0.1667,0,-0.83,15.0,NORMAL_GRAPH_TOPOLOGY,NONE,NONE
MPLADS-001985,21.81,35.06,0,21,1,1,0.1667,0,-1.0,0.0,NORMAL_GRAPH_TOPOLOGY,NONE,NONE
MPLADS-001986,7.03,8.5,0,28,1,1,0.1667,0,-0.5,0.0,NORMAL_GRAPH_TOPOLOGY,NONE,NONE
MPLADS-001987,44.63,70.54,0,8,1,1,0.25,0,-0.5,0.0,NORMAL_GRAPH_TOPOLOGY,NONE,NONE
MPLADS-001988,3.91,3.58,0,34,1,1,0.2,0,0.0,0.0,NORMAL_GRAPH_TOPOLOGY,NONE,NONE
MPLADS-001989,14.62,22.06,0,3,1,1,0.25,0,0.17,0.0,NORMAL_GRAPH_TOPOLOGY,NONE,NONE
MPLADS-001990,4.9,5.0,0,7,1,1,0.2,0,0.17,0.0,NORMAL_GRAPH_TOPOLOGY,NONE,NONE
MPLADS-001991,66.66,90.92,0,31,1,1,0.1667,2,1.0,35.0,CORPORATE_COLLUSION_NETWORK,NONE,NONE
MPLADS-001992,18.0,28.18,0,27,1,1,0.25,0,0.0,0.0,NORMAL_GRAPH_TOPOLOGY,NONE,NONE
MPLADS-001993,23.29,37.6,0,26,1,1,0.1667,0,-0.17,0.0,NORMAL_GRAPH_TOPOLOGY,NONE,NONE
MPLADS-001994,72.0,94.82,0,7,1,1,0.1429,1,1.33,35.0,CORPORATE_COLLUSION_NETWORK,HIGH_CONSTITUENCY_AGENCY_CAPTURE,PRE_AWARD_GOVERNANCE_INSTABILITY
MPLADS-001995,48.87,75.72,0,28,1,1,0.2,0,-0.83,15.0,NORMAL_GRAPH_TOPOLOGY,NONE,NONE
MPLADS-001996,32.62,53.3,0,24,1,1,0.125,0,0.0,15.0,NORMAL_GRAPH_TOPOLOGY,NONE,NONE
MPLADS-001997,67.04,91.28,0,1,1,1,0.25,1,3.0,35.0,CORPORATE_COLLUSION_NETWORK,NONE,NONE
MPLADS-001998,41.43,66.56,0,18,1,1,0.2,0,-0.5,15.0,NORMAL_GRAPH_TOPOLOGY,NONE,NONE
MPLADS-001999,32.96,53.8,0,26,1,1,0.25,0,0.33,0.0,NORMAL_GRAPH_TOPOLOGY,NONE,NONE
MPLADS-002000,57.16,84.34,0,18,1,1,1.0,0,-0.33,0.0,NORMAL_GRAPH_TOPOLOGY,NONE,NONE
MPLADS-002001,10.4,14.44,0,2,1,1,0.2,0,-0.17,0.0,NORMAL_GRAPH_TOPOLOGY,NONE,NONE
MPLADS-002002,25.32,41.08,0,9,1,1,0.2,0,0.5,15.0,NORMAL_GRAPH_TOPOLOGY,NONE,NONE
MPLADS-002003,67.52,91.6,0,5,1,1,0.125,0,1.33,0.0,PRE_AWARD_GOVERNANCE_INSTABILITY,HIGH_CONSTITUENCY_AGENCY_CAPTURE,NONE
MPLADS-002004,45.59,71.74,0,25,1,1,0.1667,0,0.67,0.0,NORMAL_GRAPH_TOPOLOGY,NONE,NONE
MPLADS-002005,41.65,66.82,0,7,1,1,0.1429,0,0.33,15.0,NORMAL_GRAPH_TOPOLOGY,NONE,NONE
MPLADS-002006,15.94,24.4,0,16,1,1,0.2,0,0.33,0.0,NORMAL_GRAPH_TOPOLOGY,NONE,NONE
MPLADS-002007,37.25,60.76,0,2,1,1,0.125,0,0.17,15.0,NORMAL_GRAPH_TOPOLOGY,NONE,NONE
MPLADS-002008,20.57,32.88,0,35,1,1,0.1667,0,-0.17,0.0,NORMAL_GRAPH_TOPOLOGY,NONE,NONE
MPLADS-002009,26.09,42.42,0,1,1,1,0.3333,0,-0.83,0.0,NORMAL_GRAPH_TOPOLOGY,NONE,NONE
MPLADS-002010,34.94,57.08,0,9,1,1,0.1111,0,0.0,0.0,NORMAL_GRAPH_TOPOLOGY,NONE,NONE
MPLADS-002011,29.38,47.98,0,18,1,1,0.1667,0,0.17,15.0,NORMAL_GRAPH_TOPOLOGY,NONE,NONE
MPLADS-002012,36.29,59.22,0,12,1,1,0.2,0,0.5,15.0,NORMAL_GRAPH_TOPOLOGY,NONE,NONE
MPLADS-002013,11.02,15.56,0,27,1,1,0.25,0,0.17,0.0,NORMAL_GRAPH_TOPOLOGY,NONE,NONE
MPLADS-002014,34.57,56.46,0,11,1,1,0.25,0,-0.33,15.0,NORMAL_GRAPH_TOPOLOGY,NONE,NONE
MPLADS-002015,44.73,70.66,0,7,1,1,0.1111,0,-1.0,0.0,NORMAL_GRAPH_TOPOLOGY,NONE,NONE
MPLADS-002016,48.1,74.72,0,28,1,1,0.25,0,0.0,15.0,NORMAL_GRAPH_TOPOLOGY,NONE,NONE
MPLADS-002017,35.47,57.9,0,31,1,1,0.125,0,-0.67,0.0,NORMAL_GRAPH_TOPOLOGY,NONE,NONE
MPLADS-002018,5.93,6.68,0,14,1,1,0.25,0,-0.17,0.0,NORMAL_GRAPH_TOPOLOGY,NONE,NONE
MPLADS-002019,15.28,23.2,0,1,1,1,0.3333,0,0.0,0.0,NORMAL_GRAPH_TOPOLOGY,NONE,NONE
MPLADS-002020,5.82,6.48,0,0,1,1,0.1667,0,-0.17,0.0,NORMAL_GRAPH_TOPOLOGY,NONE,NONE
MPLADS-002021,3.9,3.56,0,24,1,1,0.1667,0,-0.17,0.0,NORMAL_GRAPH_TOPOLOGY,NONE,NONE
MPLADS-002022,95.06,99.58,1,12,1,1,0.25,4,2.17,35.0,CORPORATE_COLLUSION_NETWORK,HIGH_CONSTITUENCY_AGENCY_CAPTURE,PRE_AWARD_GOVERNANCE_INSTABILITY
MPLADS-002023,47.07,73.6,0,26,1,1,0.125,0,-0.33,15.0,NORMAL_GRAPH_TOPOLOGY,NONE,NONE
MPLADS-002024,6.19,7.14,0,22,1,1,0.1667,0,-0.17,0.0,NORMAL_GRAPH_TOPOLOGY,NONE,NONE
MPLADS-002025,49.35,76.32,0,30,1,1,0.25,0,-1.17,15.0,NORMAL_GRAPH_TOPOLOGY,NONE,NONE
MPLADS-002026,27.9,45.54,0,27,1,1,0.25,0,-1.0,0.0,NORMAL_GRAPH_TOPOLOGY,NONE,NONE
MPLADS-002027,28.46,46.52,0,15,1,1,0.3333,0,0.0,0.0,NORMAL_GRAPH_TOPOLOGY,NONE,NONE
MPLADS-002028,6.45,7.54,0,4,1,1,0.1429,0,-0.17,0.0,NORMAL_GRAPH_TOPOLOGY,NONE,NONE
MPLADS-002029,20.87,33.42,0,19,1,1,0.2,0,-0.67,0.0,NORMAL_GRAPH_TOPOLOGY,NONE,NONE
MPLADS-002030,62.5,87.98,0,21,1,1,0.1667,0,-1.33,0.0,HUB_CENTRALITY_SPIKE,NONE,NONE
MPLADS-002031,56.48,83.8,0,36,1,1,0.1429,0,-0.5,15.0,NORMAL_GRAPH_TOPOLOGY,NONE,NONE
MPLADS-002032,43.07,68.68,0,35,1,1,0.1,0,0.0,0.0,NORMAL_GRAPH_TOPOLOGY,NONE,NONE
MPLADS-002033,55.3,82.74,0,14,1,1,0.3333,0,-0.5,0.0,NORMAL_GRAPH_TOPOLOGY,NONE,NONE
MPLADS-002034,35.51,57.96,0,22,1,1,0.2,0,-1.0,0.0,NORMAL_GRAPH_TOPOLOGY,NONE,NONE
MPLADS-002035,16.26,24.98,0,23,1,1,0.1429,0,-0.5,0.0,NORMAL_GRAPH_TOPOLOGY,NONE,NONE
MPLADS-002036,43.18,68.8,0,36,1,1,0.5,0,1.17,0.0,NORMAL_GRAPH_TOPOLOGY,NONE,NONE
MPLADS-002037,23.91,38.64,0,28,1,1,0.1667,0,-0.33,15.0,NORMAL_GRAPH_TOPOLOGY,NONE,NONE
MPLADS-002038,9.79,13.32,0,7,1,1,0.1429,0,0.0,0.0,NORMAL_GRAPH_TOPOLOGY,NONE,NONE
MPLADS-002039,25.89,42.08,0,11,1,1,0.25,0,-0.33,15.0,NORMAL_GRAPH_TOPOLOGY,NONE,NONE
MPLADS-002040,36.32,59.26,0,8,1,1,0.25,0,-0.5,15.0,NORMAL_GRAPH_TOPOLOGY,NONE,NONE
MPLADS-002041,33.54,54.8,0,9,1,1,0.2,0,-0.5,15.0,NORMAL_GRAPH_TOPOLOGY,NONE,NONE
MPLADS-002042,5.74,6.36,0,10,1,1,0.2,0,-0.33,0.0,NORMAL_GRAPH_TOPOLOGY,NONE,NONE
MPLADS-002043,49.89,76.84,0,19,1,1,0.5,0,0.33,0.0,NORMAL_GRAPH_TOPOLOGY,NONE,NONE
MPLADS-002044,1.58,0.94,0,28,1,1,0.2,0,0.33,0.0,NORMAL_GRAPH_TOPOLOGY,NONE,NONE
MPLADS-002045,21.04,33.72,0,25,1,1,0.1667,0,0.67,0.0,NORMAL_GRAPH_TOPOLOGY,NONE,NONE
MPLADS-002046,31.31,51.24,0,2,1,1,0.2,0,-0.5,15.0,NORMAL_GRAPH_TOPOLOGY,NONE,NONE
MPLADS-002047,2.76,2.18,0,23,1,1,0.25,0,-0.17,0.0,NORMAL_GRAPH_TOPOLOGY,NONE,NONE
MPLADS-002048,27.36,44.66,0,6,1,1,0.5,0,0.5,0.0,NORMAL_GRAPH_TOPOLOGY,NONE,NONE
MPLADS-002049,51.48,78.7,0,7,1,1,0.1429,0,0.33,0.0,NORMAL_GRAPH_TOPOLOGY,NONE,NONE
MPLADS-002050,58.88,85.78,0,30,1,1,0.3333,0,-1.0,0.0,NORMAL_GRAPH_TOPOLOGY,NONE,NONE
MPLADS-002051,30.43,49.84,0,21,1,1,0.3333,0,-0.5,15.0,NORMAL_GRAPH_TOPOLOGY,NONE,NONE
MPLADS-002052,18.57,29.22,0,15,1,1,0.1667,0,-0.83,0.0,NORMAL_GRAPH_TOPOLOGY,NONE,NONE
MPLADS-002053,38.66,62.9,0,35,1,1,0.5,0,-0.33,15.0,NORMAL_GRAPH_TOPOLOGY,NONE,NONE
MPLADS-002054,36.07,58.84,0,14,1,1,0.5,0,0.67,0.0,NORMAL_GRAPH_TOPOLOGY,NONE,NONE
MPLADS-002055,80.45,98.22,1,22,1,1,0.1111,2,4.0,35.0,CORPORATE_COLLUSION_NETWORK,HIGH_CONSTITUENCY_AGENCY_CAPTURE,NONE
MPLADS-002056,3.1,2.58,0,2,1,1,0.1667,0,0.0,0.0,NORMAL_GRAPH_TOPOLOGY,NONE,NONE
MPLADS-002057,11.28,16.0,0,14,1,1,0.1667,0,-0.17,0.0,NORMAL_GRAPH_TOPOLOGY,NONE,NONE
MPLADS-002058,67.3,91.44,0,31,1,1,0.3333,2,1.0,35.0,CORPORATE_COLLUSION_NETWORK,NONE,NONE
MPLADS-002059,24.39,39.46,0,31,1,1,0.1429,0,-1.0,0.0,NORMAL_GRAPH_TOPOLOGY,NONE,NONE
MPLADS-002060,68.75,92.48,0,8,1,1,0.25,1,2.5,50.0,CORPORATE_COLLUSION_NETWORK,RECURRING_EXCLUSIVE_PAIRING,HUB_CENTRALITY_SPIKE
MPLADS-002061,42.0,67.28,0,3,1,1,0.1111,0,-0.33,15.0,NORMAL_GRAPH_TOPOLOGY,NONE,NONE
MPLADS-002062,21.45,34.4,0,27,1,1,0.25,0,-0.33,0.0,NORMAL_GRAPH_TOPOLOGY,NONE,NONE
MPLADS-002063,44.14,70.02,0,25,1,1,0.5,0,-1.33,0.0,NORMAL_GRAPH_TOPOLOGY,NONE,NONE
MPLADS-002064,43.68,69.46,0,24,1,1,0.1667,0,0.83,0.0,NORMAL_GRAPH_TOPOLOGY,NONE,NONE
MPLADS-002065,61.46,87.28,0,22,1,1,0.5,0,-0.83,0.0,HIGH_CONSTITUENCY_AGENCY_CAPTURE,PRE_AWARD_GOVERNANCE_INSTABILITY,NONE
MPLADS-002066,24.54,39.72,0,35,1,1,0.125,0,-0.67,0.0,NORMAL_GRAPH_TOPOLOGY,NONE,NONE
MPLADS-002067,23.65,38.18,0,4,1,1,0.2,0,0.67,0.0,NORMAL_GRAPH_TOPOLOGY,NONE,NONE
MPLADS-002068,7.59,9.36,0,25,1,1,0.1429,0,-0.17,0.0,NORMAL_GRAPH_TOPOLOGY,NONE,NONE
MPLADS-002069,48.48,75.2,0,34,1,1,0.25,0,-0.5,0.0,NORMAL_GRAPH_TOPOLOGY,NONE,NONE
MPLADS-002070,15.81,24.16,0,29,1,1,0.3333,0,0.33,0.0,NORMAL_GRAPH_TOPOLOGY,NONE,NONE
MPLADS-002071,41.89,67.14,0,27,1,1,0.1111,0,0.5,15.0,NORMAL_GRAPH_TOPOLOGY,NONE,NONE
MPLADS-002072,10.63,14.9,0,10,1,1,0.1429,0,-0.17,0.0,NORMAL_GRAPH_TOPOLOGY,NONE,NONE
MPLADS-002073,33.37,54.5,0,26,1,1,0.25,0,-0.67,0.0,NORMAL_GRAPH_TOPOLOGY,NONE,NONE
MPLADS-002074,31.74,51.9,0,27,1,1,0.5,0,0.17,0.0,NORMAL_GRAPH_TOPOLOGY,NONE,NONE
MPLADS-002075,36.98,60.32,0,30,1,1,0.25,0,-0.67,0.0,NORMAL_GRAPH_TOPOLOGY,NONE,NONE
MPLADS-002076,1.19,0.56,0,1,1,1,0.2,0,-0.17,0.0,NORMAL_GRAPH_TOPOLOGY,NONE,NONE
MPLADS-002077,50.32,77.3,0,28,1,1,0.0909,0,0.67,0.0,NORMAL_GRAPH_TOPOLOGY,NONE,NONE
MPLADS-002078,25.44,41.32,0,35,1,1,0.25,0,-0.17,15.0,NORMAL_GRAPH_TOPOLOGY,NONE,NONE
MPLADS-002079,13.57,20.16,0,16,1,1,0.2,0,-0.17,0.0,NORMAL_GRAPH_TOPOLOGY,NONE,NONE
MPLADS-002080,46.48,72.76,0,24,1,1,0.125,0,-1.33,0.0,NORMAL_GRAPH_TOPOLOGY,NONE,NONE
MPLADS-002081,64.52,89.3,0,9,1,1,0.2,1,3.0,35.0,CORPORATE_COLLUSION_NETWORK,HIGH_CONSTITUENCY_AGENCY_CAPTURE,NONE
MPLADS-002082,36.73,59.94,0,35,1,1,0.1429,0,0.67,15.0,NORMAL_GRAPH_TOPOLOGY,NONE,NONE
MPLADS-002083,35.21,57.52,0,11,1,1,0.1429,0,-0.33,15.0,NORMAL_GRAPH_TOPOLOGY,NONE,NONE
MPLADS-002084,11.09,15.68,0,15,1,1,0.1667,0,0.0,0.0,NORMAL_GRAPH_TOPOLOGY,NONE,NONE
MPLADS-002085,21.6,34.64,0,33,1,1,0.2,0,0.0,0.0,NORMAL_GRAPH_TOPOLOGY,NONE,NONE
MPLADS-002086,1.98,1.26,0,7,1,1,0.25,0,-0.17,0.0,NORMAL_GRAPH_TOPOLOGY,NONE,NONE
MPLADS-002087,8.94,11.76,0,13,1,1,0.1667,0,0.17,0.0,NORMAL_GRAPH_TOPOLOGY,NONE,NONE
MPLADS-002088,33.35,54.46,0,9,1,1,0.2,0,0.0,0.0,NORMAL_GRAPH_TOPOLOGY,NONE,NONE
MPLADS-002089,29.27,47.84,0,35,1,1,0.1429,0,-1.0,0.0,NORMAL_GRAPH_TOPOLOGY,NONE,NONE
MPLADS-002090,47.55,74.12,0,27,1,1,0.1667,0,-0.67,15.0,NORMAL_GRAPH_TOPOLOGY,NONE,NONE
MPLADS-002091,79.05,97.98,1,26,1,1,0.25,2,4.0,35.0,CORPORATE_COLLUSION_NETWORK,HIGH_CONSTITUENCY_AGENCY_CAPTURE,NONE
MPLADS-002092,32.6,53.26,0,27,1,1,0.1667,0,1.17,15.0,NORMAL_GRAPH_TOPOLOGY,NONE,NONE
MPLADS-002093,76.04,96.74,1,6,1,1,0.5,2,0.67,50.0,CORPORATE_COLLUSION_NETWORK,RECURRING_EXCLUSIVE_PAIRING,NONE
MPLADS-002094,53.52,80.92,0,33,1,1,0.3333,1,1.17,35.0,NORMAL_GRAPH_TOPOLOGY,NONE,NONE
MPLADS-002095,25.13,40.76,0,5,1,1,0.1111,0,-0.17,0.0,NORMAL_GRAPH_TOPOLOGY,NONE,NONE
MPLADS-002096,12.96,19.04,0,35,1,1,0.125,0,-0.17,0.0,NORMAL_GRAPH_TOPOLOGY,NONE,NONE
MPLADS-002097,54.35,81.76,0,34,1,1,0.124,0,0.67,0.0,NORMAL_GRAPH_TOPOLOGY,NONE,NONE
MPLADS-002098,46.46,72.74,0,31,1,1,0.1111,0,1.17,0.0,NORMAL_GRAPH_TOPOLOGY,NONE,NONE
MPLADS-002099,66.21,90.62,0,5,1,1,0.2,0,1.33,0.0,PRE_AWARD_GOVERNANCE_INSTABILITY,HIGH_CONSTITUENCY_AGENCY_CAPTURE,NONE
MPLADS-002100,27.69,45.18,0,15,1,1,0.1111,0,-0.17,0.0,NORMAL_GRAPH_TOPOLOGY,NONE,NONE
MPLADS-002101,27.28,44.5,0,30,1,1,0.2,0,0.17,15.0,NORMAL_GRAPH_TOPOLOGY,NONE,NONE
MPLADS-002102,93.4,99.24,1,14,1,1,0.1667,4,2.67,50.0,CORPORATE_COLLUSION_NETWORK,RECURRING_EXCLUSIVE_PAIRING,HIGH_CONSTITUENCY_AGENCY_CAPTURE
MPLADS-002103,2.32,1.64,0,3,1,1,0.25,0,0.0,0.0,NORMAL_GRAPH_TOPOLOGY,NONE,NONE
MPLADS-002104,28.97,47.38,0,27,1,1,0.25,0,0.17,0.0,NORMAL_GRAPH_TOPOLOGY,NONE,NONE
MPLADS-002105,40.08,64.82,0,14,1,1,0.5,0,0.0,0.0,NORMAL_GRAPH_TOPOLOGY,NONE,NONE
MPLADS-002106,4.53,4.38,0,1,1,1,0.25,0,-0.17,0.0,NORMAL_GRAPH_TOPOLOGY,NONE,NONE
MPLADS-002107,55.96,83.36,0,16,1,1,1.0,0,-0.17,0.0,NORMAL_GRAPH_TOPOLOGY,NONE,NONE
MPLADS-002108,35.26,57.6,0,1,1,1,0.25,0,-0.33,15.0,NORMAL_GRAPH_TOPOLOGY,NONE,NONE
MPLADS-002109,34.17,55.8,0,10,1,1,0.125,0,0.17,15.0,NORMAL_GRAPH_TOPOLOGY,NONE,NONE
MPLADS-002110,8.48,10.98,0,19,1,1,0.2,0,0.17,0.0,NORMAL_GRAPH_TOPOLOGY,NONE,NONE
MPLADS-002111,33.3,54.38,0,10,1,1,0.5,0,-0.33,0.0,NORMAL_GRAPH_TOPOLOGY,NONE,NONE
MPLADS-002112,53.1,80.56,0,3,1,1,0.2,0,-0.5,15.0,NORMAL_GRAPH_TOPOLOGY,NONE,NONE
MPLADS-002113,46.59,72.92,0,28,1,1,0.0909,0,-0.17,0.0,NORMAL_GRAPH_TOPOLOGY,NONE,NONE
MPLADS-002114,17.57,27.42,0,8,1,1,0.2,0,-0.5,0.0,NORMAL_GRAPH_TOPOLOGY,NONE,NONE
MPLADS-002115,32.68,53.36,0,33,1,1,0.2222,0,-1.0,0.0,NORMAL_GRAPH_TOPOLOGY,NONE,NONE
MPLADS-002116,66.17,90.56,0,25,1,1,0.25,1,3.0,35.0,CORPORATE_COLLUSION_NETWORK,HIGH_CONSTITUENCY_AGENCY_CAPTURE,NONE
MPLADS-002117,65.14,89.76,0,35,1,1,0.25,0,1.33,0.0,PRE_AWARD_GOVERNANCE_INSTABILITY,HIGH_CONSTITUENCY_AGENCY_CAPTURE,NONE
MPLADS-002118,32.75,53.46,0,5,1,1,0.3333,0,0.17,0.0,NORMAL_GRAPH_TOPOLOGY,NONE,NONE
MPLADS-002119,35.03,57.2,0,36,1,1,0.3333,0,0.5,15.0,NORMAL_GRAPH_TOPOLOGY,NONE,NONE
MPLADS-002120,9.05,11.96,0,25,1,1,0.2,0,-0.5,0.0,NORMAL_GRAPH_TOPOLOGY,NONE,NONE
MPLADS-002121,8.2,10.46,0,27,1,1,0.1667,0,-0.5,0.0,NORMAL_GRAPH_TOPOLOGY,NONE,NONE
MPLADS-002122,0.72,0.28,0,29,1,1,0.2,0,-0.33,0.0,NORMAL_GRAPH_TOPOLOGY,NONE,NONE
MPLADS-002123,15.14,22.96,0,21,1,1,0.3333,0,-0.17,0.0,NORMAL_GRAPH_TOPOLOGY,NONE,NONE
MPLADS-002124,32.53,53.12,0,20,1,1,0.5,0,0.33,0.0,NORMAL_GRAPH_TOPOLOGY,NONE,NONE
MPLADS-002125,26.32,42.8,0,5,1,1,0.2,0,-0.33,15.0,NORMAL_GRAPH_TOPOLOGY,NONE,NONE
MPLADS-002126,16.41,25.28,0,1,1,1,0.1667,0,-0.83,0.0,NORMAL_GRAPH_TOPOLOGY,NONE,NONE
MPLADS-002127,32.31,52.76,0,36,1,1,0.3333,0,-0.67,15.0,NORMAL_GRAPH_TOPOLOGY,NONE,NONE
MPLADS-002128,65.93,90.3,0,24,1,1,0.3333,0,0.5,15.0,RECURRING_EXCLUSIVE_PAIRING,PRE_AWARD_GOVERNANCE_INSTABILITY,NONE
MPLADS-002129,29.0,47.42,0,18,1,1,0.3333,0,0.17,0.0,NORMAL_GRAPH_TOPOLOGY,NONE,NONE
MPLADS-002130,6.07,6.92,0,1,1,1,0.1667,0,0.0,0.0,NORMAL_GRAPH_TOPOLOGY,NONE,NONE
MPLADS-002131,20.96,33.6,0,7,1,1,0.1667,0,-0.5,0.0,NORMAL_GRAPH_TOPOLOGY,NONE,NONE
MPLADS-002132,51.28,78.5,0,14,1,1,0.1429,0,0.0,15.0,NORMAL_GRAPH_TOPOLOGY,NONE,NONE
MPLADS-002133,64.37,89.18,0,9,1,1,0.2,1,2.67,35.0,CORPORATE_COLLUSION_NETWORK,NONE,NONE
MPLADS-002134,70.89,94.1,0,22,1,1,0.3333,2,2.67,35.0,CORPORATE_COLLUSION_NETWORK,NONE,NONE
MPLADS-002135,43.41,69.08,0,27,1,1,0.5,0,-0.33,15.0,NORMAL_GRAPH_TOPOLOGY,NONE,NONE
MPLADS-002136,12.61,18.38,0,8,1,1,0.2,0,-0.17,15.0,NORMAL_GRAPH_TOPOLOGY,NONE,NONE
MPLADS-002137,29.52,48.24,0,9,1,1,0.1429,0,0.33,15.0,NORMAL_GRAPH_TOPOLOGY,NONE,NONE
MPLADS-002138,9.48,12.76,0,3,1,1,0.2,0,0.67,0.0,NORMAL_GRAPH_TOPOLOGY,NONE,NONE
MPLADS-002139,50.13,77.08,0,11,1,1,0.1111,0,-1.17,15.0,NORMAL_GRAPH_TOPOLOGY,NONE,NONE
MPLADS-002140,11.29,16.02,0,20,1,1,0.2,0,0.0,0.0,NORMAL_GRAPH_TOPOLOGY,NONE,NONE
MPLADS-002141,9.0,11.86,0,32,1,1,0.25,0,-0.33,15.0,NORMAL_GRAPH_TOPOLOGY,NONE,NONE
MPLADS-002142,45.51,71.64,0,24,1,1,0.25,0,0.83,0.0,NORMAL_GRAPH_TOPOLOGY,NONE,NONE
MPLADS-002143,60.27,86.66,0,32,1,1,0.3333,0,-1.0,0.0,ELEVATED_GRAPH_CENTRALITY,NONE,NONE
MPLADS-002144,21.2,33.98,0,0,1,1,0.1667,0,0.33,0.0,NORMAL_GRAPH_TOPOLOGY,NONE,NONE
MPLADS-002145,11.37,16.18,0,3,1,1,0.25,0,0.5,0.0,NORMAL_GRAPH_TOPOLOGY,NONE,NONE
MPLADS-002146,51.41,78.66,0,13,1,1,0.25,1,1.0,35.0,NORMAL_GRAPH_TOPOLOGY,NONE,NONE
MPLADS-002147,58.98,85.82,0,19,1,1,0.25,0,1.83,0.0,NORMAL_GRAPH_TOPOLOGY,NONE,NONE
MPLADS-002148,35.82,58.48,0,5,1,1,0.125,0,-0.83,0.0,NORMAL_GRAPH_TOPOLOGY,NONE,NONE
MPLADS-002149,15.89,24.3,0,9,1,1,0.2,0,0.5,0.0,NORMAL_GRAPH_TOPOLOGY,NONE,NONE
MPLADS-002150,58.78,85.7,0,18,1,1,0.25,0,1.83,0.0,NORMAL_GRAPH_TOPOLOGY,NONE,NONE
MPLADS-002151,78.54,97.76,1,10,1,1,0.1111,1,2.33,35.0,CORPORATE_COLLUSION_NETWORK,PRE_AWARD_GOVERNANCE_INSTABILITY,NONE
MPLADS-002152,30.01,49.06,0,7,1,1,0.1667,0,0.33,15.0,NORMAL_GRAPH_TOPOLOGY,NONE,NONE
MPLADS-002153,43.65,69.4,0,20,1,1,0.25,0,0.67,0.0,NORMAL_GRAPH_TOPOLOGY,NONE,NONE
MPLADS-002154,4.89,4.98,0,2,1,1,0.2,0,-0.33,0.0,NORMAL_GRAPH_TOPOLOGY,NONE,NONE
MPLADS-002155,51.24,78.44,0,35,1,1,0.2,0,1.83,0.0,NORMAL_GRAPH_TOPOLOGY,NONE,NONE
MPLADS-002156,14.95,22.64,0,23,1,1,0.1429,0,-0.33,0.0,NORMAL_GRAPH_TOPOLOGY,NONE,NONE
MPLADS-002157,69.28,92.92,0,6,1,1,0.5,0,0.5,15.0,RECURRING_EXCLUSIVE_PAIRING,PRE_AWARD_GOVERNANCE_INSTABILITY,NONE
MPLADS-002158,48.97,75.86,0,0,1,1,0.3333,0,0.67,0.0,NORMAL_GRAPH_TOPOLOGY,NONE,NONE
MPLADS-002159,46.87,73.28,0,21,1,1,0.3333,0,0.17,0.0,NORMAL_GRAPH_TOPOLOGY,NONE,NONE
MPLADS-002160,29.8,48.72,0,34,1,1,0.3333,0,0.33,15.0,NORMAL_GRAPH_TOPOLOGY,NONE,NONE
MPLADS-002161,30.11,49.24,0,3,1,1,0.5,0,0.17,0.0,NORMAL_GRAPH_TOPOLOGY,NONE,NONE
MPLADS-002162,70.4,93.78,0,24,2,1,0.28,0,0.0,0.0,PRE_AWARD_GOVERNANCE_INSTABILITY,HUB_CENTRALITY_SPIKE,NONE
MPLADS-002163,57.47,84.7,0,11,1,1,0.1429,0,-1.0,0.0,NORMAL_GRAPH_TOPOLOGY,NONE,NONE
MPLADS-002164,13.95,20.82,0,30,1,1,0.25,0,-0.33,0.0,NORMAL_GRAPH_TOPOLOGY,NONE,NONE
MPLADS-002165,15.5,23.62,0,2,1,1,0.1667,0,-0.5,0.0,NORMAL_GRAPH_TOPOLOGY,NONE,NONE
MPLADS-002166,42.52,68.0,0,2,1,1,0.1429,0,0.67,15.0,NORMAL_GRAPH_TOPOLOGY,NONE,NONE
MPLADS-002167,57.48,84.72,0,8,1,1,0.125,0,-0.83,15.0,NORMAL_GRAPH_TOPOLOGY,NONE,NONE
MPLADS-002168,8.27,10.6,0,35,1,1,0.2,0,0.17,0.0,NORMAL_GRAPH_TOPOLOGY,NONE,NONE
MPLADS-002169,31.37,51.32,0,18,1,1,0.1429,0,-0.67,0.0,NORMAL_GRAPH_TOPOLOGY,NONE,NONE
MPLADS-002170,23.35,37.7,0,4,1,1,0.3333,0,-0.33,0.0,NORMAL_GRAPH_TOPOLOGY,NONE,NONE
MPLADS-002171,38.32,62.36,0,9,1,1,0.1667,0,-0.33,0.0,NORMAL_GRAPH_TOPOLOGY,NONE,NONE
MPLADS-002172,38.89,63.14,0,36,1,1,0.25,0,0.67,15.0,NORMAL_GRAPH_TOPOLOGY,NONE,NONE
MPLADS-002173,62.75,88.18,0,4,2,1,0.1562,0,0.17,0.0,HIGH_CONSTITUENCY_AGENCY_CAPTURE,NONE,NONE
MPLADS-002174,13.62,20.24,0,35,1,1,0.1667,0,0.33,0.0,NORMAL_GRAPH_TOPOLOGY,NONE,NONE
MPLADS-002175,64.12,89.04,0,35,1,1,0.25,0,0.5,15.0,RECURRING_EXCLUSIVE_PAIRING,PRE_AWARD_GOVERNANCE_INSTABILITY,NONE
MPLADS-002176,42.64,68.16,0,17,1,1,0.1667,0,-0.17,0.0,NORMAL_GRAPH_TOPOLOGY,NONE,NONE
MPLADS-002177,40.01,64.7,0,33,1,1,0.25,0,0.67,15.0,NORMAL_GRAPH_TOPOLOGY,NONE,NONE
MPLADS-002178,26.31,42.78,0,18,1,1,0.1667,0,1.17,0.0,NORMAL_GRAPH_TOPOLOGY,NONE,NONE
MPLADS-002179,47.58,74.16,0,0,1,1,0.1667,0,1.0,0.0,NORMAL_GRAPH_TOPOLOGY,NONE,NONE
MPLADS-002180,16.72,25.86,0,27,1,1,0.3333,0,-0.67,0.0,NORMAL_GRAPH_TOPOLOGY,NONE,NONE
MPLADS-002181,46.31,72.58,0,1,1,1,0.3333,0,-0.17,0.0,NORMAL_GRAPH_TOPOLOGY,NONE,NONE
MPLADS-002182,22.26,35.82,0,5,1,1,0.1111,0,0.0,0.0,NORMAL_GRAPH_TOPOLOGY,NONE,NONE
MPLADS-002183,32.05,52.34,0,23,1,1,0.25,0,0.33,15.0,NORMAL_GRAPH_TOPOLOGY,NONE,NONE
MPLADS-002184,47.51,74.08,0,29,1,1,0.2,1,1.33,35.0,NORMAL_GRAPH_TOPOLOGY,NONE,NONE
MPLADS-002185,33.74,55.08,0,30,1,1,0.25,0,1.0,15.0,NORMAL_GRAPH_TOPOLOGY,NONE,NONE
MPLADS-002186,8.61,11.24,0,12,1,1,0.3333,0,-0.17,0.0,NORMAL_GRAPH_TOPOLOGY,NONE,NONE
MPLADS-002187,28.83,47.14,0,0,1,1,0.2,0,0.33,15.0,NORMAL_GRAPH_TOPOLOGY,NONE,NONE
MPLADS-002188,76.8,97.12,1,3,1,1,0.1,1,3.0,35.0,CORPORATE_COLLUSION_NETWORK,HIGH_CONSTITUENCY_AGENCY_CAPTURE,NONE
MPLADS-002189,33.08,54.04,0,12,1,1,0.1667,0,1.0,15.0,NORMAL_GRAPH_TOPOLOGY,NONE,NONE
MPLADS-002190,8.66,11.32,0,13,1,1,0.1429,0,0.0,0.0,NORMAL_GRAPH_TOPOLOGY,NONE,NONE
MPLADS-002191,35.99,58.72,0,35,1,1,0.3333,0,-0.17,15.0,NORMAL_GRAPH_TOPOLOGY,NONE,NONE
MPLADS-002192,67.21,91.36,0,33,1,1,0.3333,1,1.0,50.0,CORPORATE_COLLUSION_NETWORK,RECURRING_EXCLUSIVE_PAIRING,NONE
MPLADS-002193,6.81,8.12,0,12,1,1,0.2,0,-0.17,0.0,NORMAL_GRAPH_TOPOLOGY,NONE,NONE
MPLADS-002194,39.6,64.06,0,14,1,1,0.5,0,-0.33,15.0,NORMAL_GRAPH_TOPOLOGY,NONE,NONE
MPLADS-002195,24.52,39.68,0,21,1,1,0.5,0,0.0,0.0,NORMAL_GRAPH_TOPOLOGY,NONE,NONE
MPLADS-002196,45.64,71.8,0,26,1,1,0.5,0,-0.17,0.0,NORMAL_GRAPH_TOPOLOGY,NONE,NONE
MPLADS-002197,31.07,50.84,0,28,1,1,0.2,0,1.17,15.0,NORMAL_GRAPH_TOPOLOGY,NONE,NONE
MPLADS-002198,50.7,77.78,0,23,1,1,0.25,0,-0.83,0.0,NORMAL_GRAPH_TOPOLOGY,NONE,NONE
MPLADS-002199,53.76,81.16,0,11,1,1,0.5,0,-0.33,0.0,NORMAL_GRAPH_TOPOLOGY,NONE,NONE
MPLADS-002200,16.38,25.2,0,35,1,1,0.1429,0,-0.5,0.0,NORMAL_GRAPH_TOPOLOGY,NONE,NONE
MPLADS-002201,17.06,26.48,0,18,1,1,0.2,0,-0.67,0.0,NORMAL_GRAPH_TOPOLOGY,NONE,NONE
MPLADS-002202,34.02,55.56,0,26,1,1,0.2,0,0.0,15.0,NORMAL_GRAPH_TOPOLOGY,NONE,NONE
MPLADS-002203,73.77,95.8,1,26,1,1,0.2,1,2.33,35.0,CORPORATE_COLLUSION_NETWORK,PRE_AWARD_GOVERNANCE_INSTABILITY,NONE
MPLADS-002204,5.86,6.54,0,31,1,1,0.1667,0,0.17,0.0,NORMAL_GRAPH_TOPOLOGY,NONE,NONE
MPLADS-002205,41.67,66.84,0,5,1,1,0.3333,0,-1.0,0.0,NORMAL_GRAPH_TOPOLOGY,NONE,NONE
MPLADS-002206,16.32,25.08,0,32,1,1,0.1667,0,0.0,0.0,NORMAL_GRAPH_TOPOLOGY,NONE,NONE
MPLADS-002207,33.52,54.76,0,26,1,1,0.2,0,0.83,0.0,NORMAL_GRAPH_TOPOLOGY,NONE,NONE
MPLADS-002208,35.15,57.38,0,26,1,1,0.1667,0,-0.67,0.0,NORMAL_GRAPH_TOPOLOGY,NONE,NONE
MPLADS-002209,40.61,65.46,0,20,1,1,0.2,0,0.5,15.0,NORMAL_GRAPH_TOPOLOGY,NONE,NONE
MPLADS-002210,25.17,40.84,0,22,1,1,0.1667,0,-0.83,0.0,NORMAL_GRAPH_TOPOLOGY,NONE,NONE
MPLADS-002211,33.99,55.5,0,22,1,1,0.25,0,0.67,15.0,NORMAL_GRAPH_TOPOLOGY,NONE,NONE
MPLADS-002212,22.72,36.6,0,10,1,1,0.25,0,-1.0,0.0,NORMAL_GRAPH_TOPOLOGY,NONE,NONE
MPLADS-002213,21.97,35.3,0,21,1,1,0.25,0,0.33,15.0,NORMAL_GRAPH_TOPOLOGY,NONE,NONE
MPLADS-002214,12.82,18.78,0,32,1,1,0.3333,0,-0.17,0.0,NORMAL_GRAPH_TOPOLOGY,NONE,NONE
MPLADS-002215,53.69,81.08,0,5,1,1,0.1667,0,-1.17,0.0,NORMAL_GRAPH_TOPOLOGY,NONE,NONE
MPLADS-002216,5.22,5.48,0,0,1,1,0.2,0,0.0,0.0,NORMAL_GRAPH_TOPOLOGY,NONE,NONE
MPLADS-002217,13.92,20.78,0,13,1,1,0.1667,0,0.5,0.0,NORMAL_GRAPH_TOPOLOGY,NONE,NONE
MPLADS-002218,38.46,62.58,0,9,1,1,0.2,0,-1.0,15.0,NORMAL_GRAPH_TOPOLOGY,NONE,NONE
MPLADS-002219,26.66,43.4,0,7,1,1,0.5,0,-0.33,0.0,NORMAL_GRAPH_TOPOLOGY,NONE,NONE
MPLADS-002220,62.55,88.0,0,23,1,1,0.5,0,-0.83,0.0,HIGH_CONSTITUENCY_AGENCY_CAPTURE,NONE,NONE
MPLADS-002221,26.14,42.48,0,9,1,1,0.2222,0,-0.5,15.0,NORMAL_GRAPH_TOPOLOGY,NONE,NONE
MPLADS-002222,42.05,67.36,0,30,1,1,0.125,0,0.5,15.0,NORMAL_GRAPH_TOPOLOGY,NONE,NONE
MPLADS-002223,38.28,62.3,0,9,1,1,0.1667,0,0.5,15.0,NORMAL_GRAPH_TOPOLOGY,NONE,NONE
MPLADS-002224,67.58,91.64,0,4,1,1,0.2,0,-1.17,15.0,RECURRING_EXCLUSIVE_PAIRING,HIGH_CONSTITUENCY_AGENCY_CAPTURE,PRE_AWARD_GOVERNANCE_INSTABILITY
MPLADS-002225,20.95,33.58,0,25,1,1,0.5,0,0.33,0.0,NORMAL_GRAPH_TOPOLOGY,NONE,NONE
MPLADS-002226,3.49,3.02,0,31,1,1,0.25,0,-0.5,0.0,NORMAL_GRAPH_TOPOLOGY,NONE,NONE
MPLADS-002227,55.43,82.86,0,30,1,1,0.25,0,-0.5,15.0,NORMAL_GRAPH_TOPOLOGY,NONE,NONE
MPLADS-002228,96.68,99.8,1,19,1,1,0.25,4,2.17,35.0,CORPORATE_COLLUSION_NETWORK,HIGH_CONSTITUENCY_AGENCY_CAPTURE,PRE_AWARD_GOVERNANCE_INSTABILITY
MPLADS-002229,38.29,62.32,0,18,1,1,0.5556,0,-0.67,0.0,NORMAL_GRAPH_TOPOLOGY,NONE,NONE
MPLADS-002230,14.54,21.92,0,0,1,1,0.25,0,-0.33,0.0,NORMAL_GRAPH_TOPOLOGY,NONE,NONE
MPLADS-002231,63.77,88.76,0,25,1,1,0.5,1,0.67,50.0,CORPORATE_COLLUSION_NETWORK,HIGH_CONSTITUENCY_AGENCY_CAPTURE,RECURRING_EXCLUSIVE_PAIRING
MPLADS-002232,32.1,52.42,0,5,1,1,0.125,0,-0.33,15.0,NORMAL_GRAPH_TOPOLOGY,NONE,NONE
MPLADS-002233,16.18,24.82,0,15,1,1,0.25,0,-0.83,0.0,NORMAL_GRAPH_TOPOLOGY,NONE,NONE
MPLADS-002234,15.49,23.6,0,10,1,1,0.125,0,0.0,0.0,NORMAL_GRAPH_TOPOLOGY,NONE,NONE
MPLADS-002235,41.47,66.62,0,16,1,1,0.1429,0,-1.0,0.0,NORMAL_GRAPH_TOPOLOGY,NONE,NONE
MPLADS-002236,46.37,72.64,0,1,1,1,0.25,0,0.17,0.0,NORMAL_GRAPH_TOPOLOGY,NONE,NONE
MPLADS-002237,18.38,28.9,0,4,1,1,0.25,0,0.5,0.0,NORMAL_GRAPH_TOPOLOGY,NONE,NONE
MPLADS-002238,44.82,70.76,0,31,1,1,0.5,0,0.83,15.0,NORMAL_GRAPH_TOPOLOGY,NONE,NONE
MPLADS-002239,62.65,88.1,0,10,1,1,0.25,2,1.0,35.0,CORPORATE_COLLUSION_NETWORK,NONE,NONE
MPLADS-002240,37.43,61.0,0,24,1,1,0.1667,0,0.33,0.0,NORMAL_GRAPH_TOPOLOGY,NONE,NONE
MPLADS-002241,1.14,0.54,0,32,1,1,0.2,0,-0.17,0.0,NORMAL_GRAPH_TOPOLOGY,NONE,NONE
MPLADS-002242,65.45,89.98,0,26,1,1,0.2,0,-1.17,0.0,ELEVATED_GRAPH_CENTRALITY,NONE,NONE
MPLADS-002243,45.86,72.06,0,14,1,1,0.25,0,-1.17,15.0,NORMAL_GRAPH_TOPOLOGY,NONE,NONE
MPLADS-002244,51.15,78.34,0,10,1,1,0.1667,0,0.83,0.0,NORMAL_GRAPH_TOPOLOGY,NONE,NONE
MPLADS-002245,33.14,54.12,0,35,1,1,0.125,0,0.17,0.0,NORMAL_GRAPH_TOPOLOGY,NONE,NONE
MPLADS-002246,3.29,2.78,0,29,1,1,0.2,0,0.17,0.0,NORMAL_GRAPH_TOPOLOGY,NONE,NONE
MPLADS-002247,45.73,71.92,0,31,1,1,0.3333,0,-0.83,0.0,NORMAL_GRAPH_TOPOLOGY,NONE,NONE
MPLADS-002248,9.51,12.82,0,3,1,1,0.2,0,0.0,0.0,NORMAL_GRAPH_TOPOLOGY,NONE,NONE
MPLADS-002249,15.66,23.92,0,25,1,1,0.3333,0,0.17,0.0,NORMAL_GRAPH_TOPOLOGY,NONE,NONE
MPLADS-002250,52.25,79.6,0,20,1,1,0.1667,0,1.0,15.0,NORMAL_GRAPH_TOPOLOGY,NONE,NONE
MPLADS-002251,98.75,99.94,1,7,1,1,0.1111,4,2.67,50.0,CORPORATE_COLLUSION_NETWORK,RECURRING_EXCLUSIVE_PAIRING,HIGH_CONSTITUENCY_AGENCY_CAPTURE
MPLADS-002252,35.74,58.36,0,3,1,1,0.1111,0,-0.17,0.0,NORMAL_GRAPH_TOPOLOGY,NONE,NONE
MPLADS-002253,27.22,44.38,0,25,1,1,0.5,0,-0.17,0.0,NORMAL_GRAPH_TOPOLOGY,NONE,NONE
MPLADS-002254,32.13,52.48,0,26,1,1,0.25,0,0.33,0.0,NORMAL_GRAPH_TOPOLOGY,NONE,NONE
MPLADS-002255,10.52,14.66,0,30,1,1,0.1429,0,-0.17,0.0,NORMAL_GRAPH_TOPOLOGY,NONE,NONE
MPLADS-002256,43.03,68.64,0,0,1,1,0.25,0,-1.17,0.0,NORMAL_GRAPH_TOPOLOGY,NONE,NONE
MPLADS-002257,25.92,42.12,0,2,1,1,0.3333,0,-0.83,0.0,NORMAL_GRAPH_TOPOLOGY,NONE,NONE
MPLADS-002258,13.93,20.8,0,28,1,1,0.125,0,1.0,0.0,NORMAL_GRAPH_TOPOLOGY,NONE,NONE
MPLADS-002259,85.19,98.94,1,9,1,1,0.125,2,4.33,35.0,CORPORATE_COLLUSION_NETWORK,HIGH_CONSTITUENCY_AGENCY_CAPTURE,PRE_AWARD_GOVERNANCE_INSTABILITY
MPLADS-002260,14.2,21.3,0,7,1,1,0.2,0,-0.17,0.0,NORMAL_GRAPH_TOPOLOGY,NONE,NONE
MPLADS-002261,19.11,30.24,0,33,1,1,0.1562,0,0.33,0.0,NORMAL_GRAPH_TOPOLOGY,NONE,NONE
MPLADS-002262,45.11,71.14,0,31,1,1,0.1111,0,1.17,0.0,NORMAL_GRAPH_TOPOLOGY,NONE,NONE
MPLADS-002263,54.14,81.54,0,31,1,1,0.125,0,-0.83,0.0,NORMAL_GRAPH_TOPOLOGY,NONE,NONE
MPLADS-002264,30.14,49.3,0,9,1,1,0.25,0,0.17,15.0,NORMAL_GRAPH_TOPOLOGY,NONE,NONE
MPLADS-002265,1.77,1.08,0,21,1,1,0.25,0,0.0,0.0,NORMAL_GRAPH_TOPOLOGY,NONE,NONE
MPLADS-002266,73.25,95.48,1,17,1,1,0.3333,2,2.17,35.0,CORPORATE_COLLUSION_NETWORK,NONE,NONE
MPLADS-002267,52.14,79.46,0,29,1,1,0.0833,0,-0.17,0.0,NORMAL_GRAPH_TOPOLOGY,NONE,NONE
MPLADS-002268,43.73,69.54,0,31,1,1,0.25,0,-1.17,0.0,NORMAL_GRAPH_TOPOLOGY,NONE,NONE
MPLADS-002269,30.23,49.48,0,8,1,1,0.2,0,-0.67,0.0,NORMAL_GRAPH_TOPOLOGY,NONE,NONE
MPLADS-002270,54.81,82.24,0,20,1,1,1.0,0,0.0,0.0,NORMAL_GRAPH_TOPOLOGY,NONE,NONE
MPLADS-002271,16.95,26.26,0,34,1,1,0.3333,0,0.33,0.0,NORMAL_GRAPH_TOPOLOGY,NONE,NONE
MPLADS-002272,22.03,35.44,0,29,1,1,0.3333,0,-0.33,0.0,NORMAL_GRAPH_TOPOLOGY,NONE,NONE
MPLADS-002273,39.84,64.4,0,26,1,1,0.5,0,-0.17,0.0,NORMAL_GRAPH_TOPOLOGY,NONE,NONE
MPLADS-002274,39.03,63.28,0,9,1,1,0.1111,0,1.0,0.0,NORMAL_GRAPH_TOPOLOGY,NONE,NONE
MPLADS-002275,10.43,14.52,0,28,1,1,0.1667,0,0.17,0.0,NORMAL_GRAPH_TOPOLOGY,NONE,NONE
MPLADS-002276,37.05,60.44,0,17,1,1,0.3333,0,-0.5,15.0,NORMAL_GRAPH_TOPOLOGY,NONE,NONE
MPLADS-002277,26.45,43.04,0,24,1,1,0.3333,0,-0.33,0.0,NORMAL_GRAPH_TOPOLOGY,NONE,NONE
MPLADS-002278,47.9,74.52,0,28,1,1,0.0909,0,0.17,0.0,NORMAL_GRAPH_TOPOLOGY,NONE,NONE
MPLADS-002279,28.41,46.42,0,6,1,1,0.1667,0,0.33,15.0,NORMAL_GRAPH_TOPOLOGY,NONE,NONE
MPLADS-002280,3.96,3.64,0,2,1,1,0.25,0,-0.17,0.0,NORMAL_GRAPH_TOPOLOGY,NONE,NONE
MPLADS-002281,44.7,70.6,0,12,1,1,0.1667,0,0.0,0.0,NORMAL_GRAPH_TOPOLOGY,NONE,NONE
MPLADS-002282,13.55,20.12,0,12,1,1,0.25,0,-0.5,0.0,NORMAL_GRAPH_TOPOLOGY,NONE,NONE
MPLADS-002283,57.23,84.42,0,34,1,1,0.1429,0,-0.33,15.0,NORMAL_GRAPH_TOPOLOGY,NONE,NONE
MPLADS-002284,34.05,55.62,0,14,1,1,0.25,0,-0.67,15.0,NORMAL_GRAPH_TOPOLOGY,NONE,NONE
MPLADS-002285,39.83,64.38,0,27,1,1,0.25,0,-0.17,0.0,NORMAL_GRAPH_TOPOLOGY,NONE,NONE
MPLADS-002286,80.57,98.26,1,1,2,1,1.0,0,0.5,15.0,HIGH_CONSTITUENCY_AGENCY_CAPTURE,RECURRING_EXCLUSIVE_PAIRING,HUB_CENTRALITY_SPIKE
MPLADS-002287,10.89,15.32,0,16,1,1,0.2,0,0.17,0.0,NORMAL_GRAPH_TOPOLOGY,NONE,NONE
MPLADS-002288,52.55,79.96,0,7,1,1,0.25,0,0.0,15.0,NORMAL_GRAPH_TOPOLOGY,NONE,NONE
MPLADS-002289,26.29,42.76,0,35,1,1,0.2,0,-0.83,0.0,NORMAL_GRAPH_TOPOLOGY,NONE,NONE
MPLADS-002290,34.37,56.14,0,32,1,1,0.2,0,-0.67,0.0,NORMAL_GRAPH_TOPOLOGY,NONE,NONE
MPLADS-002291,14.77,22.34,0,25,1,1,0.1429,0,0.33,0.0,NORMAL_GRAPH_TOPOLOGY,NONE,NONE
MPLADS-002292,8.34,10.7,0,20,1,1,0.125,0,-0.17,0.0,NORMAL_GRAPH_TOPOLOGY,NONE,NONE
MPLADS-002293,36.08,58.86,0,13,1,1,0.1667,0,0.83,15.0,NORMAL_GRAPH_TOPOLOGY,NONE,NONE
MPLADS-002294,8.44,10.92,0,35,1,1,0.2,0,-0.67,0.0,NORMAL_GRAPH_TOPOLOGY,NONE,NONE
MPLADS-002295,40.69,65.58,0,7,1,1,0.25,0,0.0,15.0,NORMAL_GRAPH_TOPOLOGY,NONE,NONE
MPLADS-002296,7.12,8.64,0,35,1,1,0.1429,0,0.0,0.0,NORMAL_GRAPH_TOPOLOGY,NONE,NONE
MPLADS-002297,8.43,10.88,0,27,1,1,0.25,0,0.17,0.0,NORMAL_GRAPH_TOPOLOGY,NONE,NONE
MPLADS-002298,35.37,57.74,0,8,1,1,0.5,0,0.0,0.0,NORMAL_GRAPH_TOPOLOGY,NONE,NONE
MPLADS-002299,8.86,11.62,0,10,1,1,0.2,0,0.0,0.0,NORMAL_GRAPH_TOPOLOGY,NONE,NONE
MPLADS-002300,40.21,64.96,0,3,1,1,0.2,0,-0.5,0.0,NORMAL_GRAPH_TOPOLOGY,NONE,NONE
MPLADS-002301,38.1,62.08,0,17,1,1,0.2,0,-0.67,0.0,NORMAL_GRAPH_TOPOLOGY,NONE,NONE
MPLADS-002302,7.32,8.96,0,14,1,1,0.1429,0,-0.67,0.0,NORMAL_GRAPH_TOPOLOGY,NONE,NONE
MPLADS-002303,23.3,37.62,0,34,1,1,0.2,0,-0.67,0.0,NORMAL_GRAPH_TOPOLOGY,NONE,NONE
MPLADS-002304,28.47,46.54,0,23,1,1,0.1429,0,-0.67,0.0,NORMAL_GRAPH_TOPOLOGY,NONE,NONE
MPLADS-002305,57.31,84.54,0,22,1,1,0.1429,0,-0.83,15.0,NORMAL_GRAPH_TOPOLOGY,NONE,NONE
MPLADS-002306,23.4,37.76,0,28,1,1,0.125,0,0.0,0.0,NORMAL_GRAPH_TOPOLOGY,NONE,NONE
MPLADS-002307,5.02,5.2,0,3,1,1,0.2,0,0.67,0.0,NORMAL_GRAPH_TOPOLOGY,NONE,NONE
MPLADS-002308,30.88,50.56,0,32,1,1,0.25,0,0.33,15.0,NORMAL_GRAPH_TOPOLOGY,NONE,NONE
MPLADS-002309,46.45,72.72,0,11,1,1,0.1111,0,0.33,0.0,NORMAL_GRAPH_TOPOLOGY,NONE,NONE
MPLADS-002310,2.86,2.3,0,24,1,1,0.1667,0,-0.17,0.0,NORMAL_GRAPH_TOPOLOGY,NONE,NONE
MPLADS-002311,27.74,45.28,0,12,1,1,0.3333,0,0.67,0.0,NORMAL_GRAPH_TOPOLOGY,NONE,NONE
MPLADS-002312,16.62,25.68,0,36,1,1,0.3333,0,-0.33,0.0,NORMAL_GRAPH_TOPOLOGY,NONE,NONE
MPLADS-002313,72.09,94.84,0,11,1,1,0.1,0,-0.5,0.0,PRE_AWARD_GOVERNANCE_INSTABILITY,NONE,NONE
MPLADS-002314,19.3,30.6,0,33,1,1,0.2,0,-0.17,0.0,NORMAL_GRAPH_TOPOLOGY,NONE,NONE
MPLADS-002315,42.39,67.82,0,22,1,1,0.1667,0,-0.83,15.0,NORMAL_GRAPH_TOPOLOGY,NONE,NONE
MPLADS-002316,38.22,62.22,0,2,1,1,0.1667,0,0.67,15.0,NORMAL_GRAPH_TOPOLOGY,NONE,NONE
MPLADS-002317,68.23,92.04,0,28,1,1,0.0909,0,0.0,15.0,RECURRING_EXCLUSIVE_PAIRING,HIGH_CONSTITUENCY_AGENCY_CAPTURE,NONE
MPLADS-002318,6.93,8.34,0,27,1,1,0.25,0,-0.17,0.0,NORMAL_GRAPH_TOPOLOGY,NONE,NONE
MPLADS-002319,36.94,60.24,0,17,1,1,0.125,0,-0.5,0.0,NORMAL_GRAPH_TOPOLOGY,NONE,NONE
MPLADS-002320,31.24,51.14,0,33,1,1,0.5,0,-0.17,0.0,NORMAL_GRAPH_TOPOLOGY,NONE,NONE
MPLADS-002321,26.35,42.84,0,11,1,1,0.25,0,0.33,15.0,NORMAL_GRAPH_TOPOLOGY,NONE,NONE
MPLADS-002322,1.76,1.06,0,8,1,1,0.2,0,-0.33,0.0,NORMAL_GRAPH_TOPOLOGY,NONE,NONE
MPLADS-002323,20.74,33.18,0,28,1,1,0.1667,0,-0.83,0.0,NORMAL_GRAPH_TOPOLOGY,NONE,NONE
MPLADS-002324,44.59,70.48,0,1,1,1,0.125,0,-0.67,15.0,NORMAL_GRAPH_TOPOLOGY,NONE,NONE
MPLADS-002325,58.53,85.46,0,7,1,1,0.1111,0,1.0,0.0,NORMAL_GRAPH_TOPOLOGY,NONE,NONE
MPLADS-002326,11.47,16.38,0,10,1,1,0.3333,0,0.33,0.0,NORMAL_GRAPH_TOPOLOGY,NONE,NONE
MPLADS-002327,6.32,7.32,0,13,1,1,0.2,0,-0.33,0.0,NORMAL_GRAPH_TOPOLOGY,NONE,NONE
MPLADS-002328,50.97,78.08,0,8,1,1,0.125,0,0.0,0.0,NORMAL_GRAPH_TOPOLOGY,NONE,NONE
MPLADS-002329,64.59,89.36,0,33,2,1,0.2222,0,-0.17,0.0,ELEVATED_GRAPH_CENTRALITY,NONE,NONE
MPLADS-002330,47.33,73.88,0,34,1,1,0.1667,0,1.0,0.0,NORMAL_GRAPH_TOPOLOGY,NONE,NONE
MPLADS-002331,80.11,98.14,1,7,1,1,0.1429,2,1.33,35.0,CORPORATE_COLLUSION_NETWORK,PRE_AWARD_GOVERNANCE_INSTABILITY,NONE
MPLADS-002332,13.0,19.1,0,35,1,1,0.2,0,0.0,0.0,NORMAL_GRAPH_TOPOLOGY,NONE,NONE
MPLADS-002333,27.47,44.86,0,25,1,1,0.1667,0,-0.67,0.0,NORMAL_GRAPH_TOPOLOGY,NONE,NONE
MPLADS-002334,44.34,70.24,0,8,1,1,0.25,0,-0.5,0.0,NORMAL_GRAPH_TOPOLOGY,NONE,NONE
MPLADS-002335,18.21,28.58,0,25,1,1,0.125,0,-0.67,0.0,NORMAL_GRAPH_TOPOLOGY,NONE,NONE
MPLADS-002336,25.86,42.0,0,3,1,1,0.5,0,-0.17,0.0,NORMAL_GRAPH_TOPOLOGY,NONE,NONE
MPLADS-002337,20.11,32.04,0,1,1,1,0.3333,0,0.0,0.0,NORMAL_GRAPH_TOPOLOGY,NONE,NONE
MPLADS-002338,14.57,21.96,0,12,1,1,0.3333,0,0.17,0.0,NORMAL_GRAPH_TOPOLOGY,NONE,NONE
MPLADS-002339,50.49,77.48,0,31,1,1,0.1,0,-1.0,0.0,NORMAL_GRAPH_TOPOLOGY,NONE,NONE
MPLADS-002340,78.43,97.66,1,26,1,1,0.25,2,3.0,35.0,CORPORATE_COLLUSION_NETWORK,HUB_CENTRALITY_SPIKE,NONE
MPLADS-002341,95.55,99.66,1,26,1,1,0.2,4,2.17,35.0,CORPORATE_COLLUSION_NETWORK,HIGH_CONSTITUENCY_AGENCY_CAPTURE,PRE_AWARD_GOVERNANCE_INSTABILITY
MPLADS-002342,56.88,84.06,0,8,1,1,0.2,0,0.0,15.0,NORMAL_GRAPH_TOPOLOGY,NONE,NONE
MPLADS-002343,45.41,71.5,0,29,1,1,0.3333,0,0.0,0.0,NORMAL_GRAPH_TOPOLOGY,NONE,NONE
MPLADS-002344,37.03,60.4,0,9,1,1,0.2,0,0.0,0.0,NORMAL_GRAPH_TOPOLOGY,NONE,NONE
MPLADS-002345,44.96,70.94,0,4,1,1,0.25,0,-1.5,0.0,NORMAL_GRAPH_TOPOLOGY,NONE,NONE
MPLADS-002346,6.64,7.86,0,14,1,1,0.25,0,0.17,0.0,NORMAL_GRAPH_TOPOLOGY,NONE,NONE
MPLADS-002347,80.99,98.38,1,30,2,1,0.28,0,1.83,0.0,HIGH_CONSTITUENCY_AGENCY_CAPTURE,PRE_AWARD_GOVERNANCE_INSTABILITY,NONE
MPLADS-002348,49.99,76.96,0,24,1,1,0.1111,0,-0.33,15.0,NORMAL_GRAPH_TOPOLOGY,NONE,NONE
MPLADS-002349,7.71,9.58,0,19,1,1,0.2,0,0.33,0.0,NORMAL_GRAPH_TOPOLOGY,NONE,NONE
MPLADS-002350,4.87,4.94,0,21,1,1,0.1667,0,-0.5,0.0,NORMAL_GRAPH_TOPOLOGY,NONE,NONE
MPLADS-002351,7.77,9.7,0,11,1,1,0.25,0,0.0,0.0,NORMAL_GRAPH_TOPOLOGY,NONE,NONE
MPLADS-002352,12.15,17.54,0,33,1,1,0.25,0,0.33,0.0,NORMAL_GRAPH_TOPOLOGY,NONE,NONE
MPLADS-002353,27.11,44.2,0,27,1,1,0.2,0,-0.33,15.0,NORMAL_GRAPH_TOPOLOGY,NONE,NONE
MPLADS-002354,42.19,67.56,0,14,1,1,0.5,0,-0.67,15.0,NORMAL_GRAPH_TOPOLOGY,NONE,NONE
MPLADS-002355,55.77,83.18,0,31,1,1,0.1111,0,-1.5,0.0,NORMAL_GRAPH_TOPOLOGY,NONE,NONE
MPLADS-002356,33.53,54.78,0,23,1,1,0.3333,0,1.67,0.0,NORMAL_GRAPH_TOPOLOGY,NONE,NONE
MPLADS-002357,71.11,94.2,0,10,1,1,0.1111,1,1.0,35.0,CORPORATE_COLLUSION_NETWORK,HIGH_CONSTITUENCY_AGENCY_CAPTURE,HUB_CENTRALITY_SPIKE
MPLADS-002358,26.93,43.88,0,32,1,1,0.1667,0,0.83,0.0,NORMAL_GRAPH_TOPOLOGY,NONE,NONE
MPLADS-002359,37.68,61.42,0,25,1,1,0.1429,0,-0.17,0.0,NORMAL_GRAPH_TOPOLOGY,NONE,NONE
MPLADS-002360,25.76,41.86,0,35,1,1,0.25,0,1.17,0.0,NORMAL_GRAPH_TOPOLOGY,NONE,NONE
MPLADS-002361,57.64,84.8,0,6,1,1,0.25,0,-1.0,0.0,NORMAL_GRAPH_TOPOLOGY,NONE,NONE
MPLADS-002362,10.23,14.14,0,32,1,1,0.3333,0,0.33,0.0,NORMAL_GRAPH_TOPOLOGY,NONE,NONE
MPLADS-002363,9.88,13.48,0,7,1,1,0.1429,0,-0.17,0.0,NORMAL_GRAPH_TOPOLOGY,NONE,NONE
MPLADS-002364,26.61,43.32,0,31,1,1,0.3333,0,-0.67,15.0,NORMAL_GRAPH_TOPOLOGY,NONE,NONE
MPLADS-002365,46.42,72.68,0,35,1,1,0.25,0,-1.33,0.0,NORMAL_GRAPH_TOPOLOGY,NONE,NONE
MPLADS-002366,68.38,92.2,0,21,1,1,0.125,0,-1.33,0.0,HUB_CENTRALITY_SPIKE,NONE,NONE
MPLADS-002367,57.14,84.3,0,15,1,1,0.125,0,0.83,0.0,NORMAL_GRAPH_TOPOLOGY,NONE,NONE
MPLADS-002368,28.77,47.04,0,30,1,1,0.5,0,-0.5,0.0,NORMAL_GRAPH_TOPOLOGY,NONE,NONE
MPLADS-002369,18.42,28.96,0,2,1,1,0.25,0,-1.0,0.0,NORMAL_GRAPH_TOPOLOGY,NONE,NONE
MPLADS-002370,13.02,19.14,0,3,1,1,0.1429,0,-0.5,0.0,NORMAL_GRAPH_TOPOLOGY,NONE,NONE
MPLADS-002371,12.55,18.26,0,10,1,1,0.3333,0,-0.5,0.0,NORMAL_GRAPH_TOPOLOGY,NONE,NONE
MPLADS-002372,3.66,3.26,0,14,1,1,0.2,0,0.0,0.0,NORMAL_GRAPH_TOPOLOGY,NONE,NONE
MPLADS-002373,68.93,92.56,0,15,1,1,0.2,2,1.0,35.0,CORPORATE_COLLUSION_NETWORK,NONE,NONE
MPLADS-002374,45.72,71.9,0,28,1,1,0.25,0,-0.5,0.0,NORMAL_GRAPH_TOPOLOGY,NONE,NONE
MPLADS-002375,14.86,22.48,0,31,1,1,0.1667,0,-0.67,0.0,NORMAL_GRAPH_TOPOLOGY,NONE,NONE
MPLADS-002376,69.23,92.84,0,28,1,1,0.5,0,0.5,15.0,RECURRING_EXCLUSIVE_PAIRING,PRE_AWARD_GOVERNANCE_INSTABILITY,NONE
MPLADS-002377,33.98,55.48,0,14,1,1,0.5,0,-0.17,0.0,NORMAL_GRAPH_TOPOLOGY,NONE,NONE
MPLADS-002378,3.25,2.72,0,14,1,1,0.1667,0,0.0,0.0,NORMAL_GRAPH_TOPOLOGY,NONE,NONE
MPLADS-002379,16.4,25.26,0,25,1,1,0.125,0,0.33,0.0,NORMAL_GRAPH_TOPOLOGY,NONE,NONE
MPLADS-002380,55.76,83.16,0,8,1,1,0.2,0,1.0,15.0,NORMAL_GRAPH_TOPOLOGY,NONE,NONE
MPLADS-002381,22.92,36.96,0,1,1,1,0.2,0,-0.83,0.0,NORMAL_GRAPH_TOPOLOGY,NONE,NONE
MPLADS-002382,32.57,53.2,0,2,1,1,0.5,0,0.0,0.0,NORMAL_GRAPH_TOPOLOGY,NONE,NONE
MPLADS-002383,49.01,75.9,0,9,1,1,0.1,0,-0.67,0.0,NORMAL_GRAPH_TOPOLOGY,NONE,NONE
MPLADS-002384,33.48,54.66,0,12,1,1,0.2,0,0.17,15.0,NORMAL_GRAPH_TOPOLOGY,NONE,NONE
MPLADS-002385,30.7,50.28,0,0,1,1,0.1667,0,-0.17,15.0,NORMAL_GRAPH_TOPOLOGY,NONE,NONE
MPLADS-002386,38.18,62.2,0,16,1,1,0.2,0,-0.17,15.0,NORMAL_GRAPH_TOPOLOGY,NONE,NONE
MPLADS-002387,25.93,42.14,0,28,1,1,0.2,0,0.5,15.0,NORMAL_GRAPH_TOPOLOGY,NONE,NONE
MPLADS-002388,15.37,23.4,0,9,1,1,0.2,0,-0.5,0.0,NORMAL_GRAPH_TOPOLOGY,NONE,NONE
MPLADS-002389,12.53,18.24,0,17,1,1,0.2,0,0.33,0.0,NORMAL_GRAPH_TOPOLOGY,NONE,NONE
MPLADS-002390,27.72,45.24,0,24,1,1,0.5,0,0.0,15.0,NORMAL_GRAPH_TOPOLOGY,NONE,NONE
MPLADS-002391,6.73,8.0,0,35,1,1,0.1667,0,0.33,0.0,NORMAL_GRAPH_TOPOLOGY,NONE,NONE
MPLADS-002392,38.85,63.1,0,23,1,1,0.5,0,0.33,15.0,NORMAL_GRAPH_TOPOLOGY,NONE,NONE
MPLADS-002393,22.94,37.0,0,30,1,1,0.3333,0,0.5,0.0,NORMAL_GRAPH_TOPOLOGY,NONE,NONE
MPLADS-002394,13.67,20.34,0,32,1,1,0.2,0,-0.17,0.0,NORMAL_GRAPH_TOPOLOGY,NONE,NONE
MPLADS-002395,12.14,17.52,0,35,1,1,0.2,0,0.17,0.0,NORMAL_GRAPH_TOPOLOGY,NONE,NONE
MPLADS-002396,29.23,47.78,0,8,1,1,0.125,0,-0.33,15.0,NORMAL_GRAPH_TOPOLOGY,NONE,NONE
MPLADS-002397,26.7,43.44,0,12,1,1,0.1358,0,-0.17,0.0,NORMAL_GRAPH_TOPOLOGY,NONE,NONE
MPLADS-002398,59.22,86.04,0,33,1,1,0.1667,1,0.33,35.0,NORMAL_GRAPH_TOPOLOGY,NONE,NONE
MPLADS-002399,14.69,22.2,0,35,1,1,0.2,0,0.83,0.0,NORMAL_GRAPH_TOPOLOGY,NONE,NONE
MPLADS-002400,15.88,24.28,0,22,1,1,0.1667,0,-0.17,0.0,NORMAL_GRAPH_TOPOLOGY,NONE,NONE
MPLADS-002401,30.19,49.4,0,27,1,1,0.25,0,0.5,15.0,NORMAL_GRAPH_TOPOLOGY,NONE,NONE
MPLADS-002402,63.82,88.82,0,28,1,1,0.5,0,0.0,15.0,RECURRING_EXCLUSIVE_PAIRING,HIGH_CONSTITUENCY_AGENCY_CAPTURE,PRE_AWARD_GOVERNANCE_INSTABILITY
MPLADS-002403,52.49,79.88,0,27,1,1,0.1667,0,1.0,15.0,NORMAL_GRAPH_TOPOLOGY,NONE,NONE
MPLADS-002404,40.63,65.5,0,1,1,1,0.1429,0,-0.17,0.0,NORMAL_GRAPH_TOPOLOGY,NONE,NONE
MPLADS-002405,34.36,56.12,0,8,1,1,0.5,0,-0.83,0.0,NORMAL_GRAPH_TOPOLOGY,NONE,NONE
MPLADS-002406,23.6,38.1,0,19,1,1,0.3333,0,0.33,0.0,NORMAL_GRAPH_TOPOLOGY,NONE,NONE
MPLADS-002407,31.97,52.24,0,5,1,1,0.1667,0,-0.17,0.0,NORMAL_GRAPH_TOPOLOGY,NONE,NONE
MPLADS-002408,70.02,93.46,0,17,1,1,0.25,0,0.17,15.0,RECURRING_EXCLUSIVE_PAIRING,HIGH_CONSTITUENCY_AGENCY_CAPTURE,PRE_AWARD_GOVERNANCE_INSTABILITY
MPLADS-002409,55.59,83.0,0,20,1,1,0.1429,0,-0.5,15.0,NORMAL_GRAPH_TOPOLOGY,NONE,NONE
MPLADS-002410,71.83,94.68,0,8,1,1,0.2,2,1.0,50.0,CORPORATE_COLLUSION_NETWORK,RECURRING_EXCLUSIVE_PAIRING,NONE
MPLADS-002411,56.92,84.08,0,27,1,1,0.25,0,-0.5,15.0,NORMAL_GRAPH_TOPOLOGY,NONE,NONE
MPLADS-002412,43.43,69.12,0,14,1,1,0.3333,0,0.17,15.0,NORMAL_GRAPH_TOPOLOGY,NONE,NONE
MPLADS-002413,45.57,71.72,0,14,1,1,0.2,0,0.5,15.0,NORMAL_GRAPH_TOPOLOGY,NONE,NONE
MPLADS-002414,40.12,64.86,0,10,1,1,0.1358,0,-0.83,0.0,NORMAL_GRAPH_TOPOLOGY,NONE,NONE
MPLADS-002415,20.35,32.46,0,30,1,1,0.1429,0,0.67,0.0,NORMAL_GRAPH_TOPOLOGY,NONE,NONE
MPLADS-002416,29.14,47.64,0,24,1,1,0.25,0,0.0,0.0,NORMAL_GRAPH_TOPOLOGY,NONE,NONE
MPLADS-002417,35.55,58.04,0,17,1,1,0.1667,0,-1.0,15.0,NORMAL_GRAPH_TOPOLOGY,NONE,NONE
MPLADS-002418,28.29,46.22,0,6,1,1,0.5,0,-0.33,0.0,NORMAL_GRAPH_TOPOLOGY,NONE,NONE
MPLADS-002419,61.98,87.6,0,27,2,1,0.1837,0,-0.17,0.0,ELEVATED_GRAPH_CENTRALITY,NONE,NONE
MPLADS-002420,38.56,62.76,0,31,1,1,0.1667,0,-1.17,15.0,NORMAL_GRAPH_TOPOLOGY,NONE,NONE
MPLADS-002421,21.8,35.04,0,12,1,1,0.5,0,-0.17,0.0,NORMAL_GRAPH_TOPOLOGY,NONE,NONE
MPLADS-002422,39.42,63.78,0,13,1,1,0.2,0,0.0,0.0,NORMAL_GRAPH_TOPOLOGY,NONE,NONE
MPLADS-002423,17.0,26.36,0,25,1,1,0.3333,0,-0.33,0.0,NORMAL_GRAPH_TOPOLOGY,NONE,NONE
MPLADS-002424,23.39,37.74,0,8,1,1,0.125,0,0.33,0.0,NORMAL_GRAPH_TOPOLOGY,NONE,NONE
MPLADS-002425,33.11,54.08,0,33,1,1,0.2,0,-1.0,0.0,NORMAL_GRAPH_TOPOLOGY,NONE,NONE
MPLADS-002426,70.11,93.56,0,23,1,1,0.1111,0,-1.17,15.0,RECURRING_EXCLUSIVE_PAIRING,HIGH_CONSTITUENCY_AGENCY_CAPTURE,PRE_AWARD_GOVERNANCE_INSTABILITY
MPLADS-002427,24.19,39.14,0,14,1,1,0.25,0,0.67,15.0,NORMAL_GRAPH_TOPOLOGY,NONE,NONE
MPLADS-002428,13.51,20.02,0,19,1,1,0.2,0,0.17,0.0,NORMAL_GRAPH_TOPOLOGY,NONE,NONE
MPLADS-002429,33.1,54.06,0,24,1,1,0.5,0,-0.33,0.0,NORMAL_GRAPH_TOPOLOGY,NONE,NONE
MPLADS-002430,18.34,28.82,0,35,1,1,0.3333,0,0.33,0.0,NORMAL_GRAPH_TOPOLOGY,NONE,NONE
MPLADS-002431,36.19,59.06,0,34,1,1,0.1667,0,0.33,15.0,NORMAL_GRAPH_TOPOLOGY,NONE,NONE
MPLADS-002432,73.24,95.46,1,27,1,1,0.1429,0,0.17,15.0,RECURRING_EXCLUSIVE_PAIRING,HIGH_CONSTITUENCY_AGENCY_CAPTURE,PRE_AWARD_GOVERNANCE_INSTABILITY
MPLADS-002433,19.32,30.64,0,32,1,1,0.125,0,-0.33,0.0,NORMAL_GRAPH_TOPOLOGY,NONE,NONE
MPLADS-002434,71.07,94.16,0,33,1,1,0.1667,1,2.5,50.0,CORPORATE_COLLUSION_NETWORK,RECURRING_EXCLUSIVE_PAIRING,HUB_CENTRALITY_SPIKE
MPLADS-002435,10.54,14.7,0,31,1,1,0.1429,0,0.0,0.0,NORMAL_GRAPH_TOPOLOGY,NONE,NONE
MPLADS-002436,69.47,93.08,0,33,1,1,0.25,0,0.17,15.0,RECURRING_EXCLUSIVE_PAIRING,HIGH_CONSTITUENCY_AGENCY_CAPTURE,PRE_AWARD_GOVERNANCE_INSTABILITY
MPLADS-002437,36.69,59.88,0,11,1,1,0.25,0,0.17,15.0,NORMAL_GRAPH_TOPOLOGY,NONE,NONE
MPLADS-002438,31.23,51.12,0,11,1,1,0.2,0,-0.17,0.0,NORMAL_GRAPH_TOPOLOGY,NONE,NONE
MPLADS-002439,47.61,74.2,0,7,1,1,0.2,0,-1.33,0.0,NORMAL_GRAPH_TOPOLOGY,NONE,NONE
MPLADS-002440,31.2,51.08,0,28,1,1,0.1667,0,-0.5,15.0,NORMAL_GRAPH_TOPOLOGY,NONE,NONE
MPLADS-002441,22.21,35.72,0,30,1,1,0.5,0,-0.17,0.0,NORMAL_GRAPH_TOPOLOGY,NONE,NONE
MPLADS-002442,20.7,33.1,0,27,1,1,0.25,0,-0.67,0.0,NORMAL_GRAPH_TOPOLOGY,NONE,NONE
MPLADS-002443,20.75,33.2,0,34,1,1,0.2,0,-0.17,0.0,NORMAL_GRAPH_TOPOLOGY,NONE,NONE
MPLADS-002444,36.5,59.56,0,9,1,1,0.25,0,0.0,15.0,NORMAL_GRAPH_TOPOLOGY,NONE,NONE
MPLADS-002445,6.23,7.2,0,23,1,1,0.2,0,-0.17,0.0,NORMAL_GRAPH_TOPOLOGY,NONE,NONE
MPLADS-002446,6.61,7.82,0,1,1,1,0.2,0,-0.33,0.0,NORMAL_GRAPH_TOPOLOGY,NONE,NONE
MPLADS-002447,6.13,7.02,0,17,1,1,0.1429,0,0.33,0.0,NORMAL_GRAPH_TOPOLOGY,NONE,NONE
MPLADS-002448,45.49,71.62,0,23,1,1,0.5,0,1.17,0.0,NORMAL_GRAPH_TOPOLOGY,NONE,NONE
MPLADS-002449,35.44,57.86,0,26,1,1,0.1667,0,-0.33,0.0,NORMAL_GRAPH_TOPOLOGY,NONE,NONE
MPLADS-002450,51.66,78.92,0,33,1,1,0.3333,0,-0.83,15.0,NORMAL_GRAPH_TOPOLOGY,NONE,NONE
MPLADS-002451,73.47,95.64,1,31,1,1,0.25,2,1.0,50.0,CORPORATE_COLLUSION_NETWORK,RECURRING_EXCLUSIVE_PAIRING,NONE
MPLADS-002452,56.85,84.02,0,34,1,1,0.1667,1,1.33,35.0,NORMAL_GRAPH_TOPOLOGY,NONE,NONE
MPLADS-002453,18.65,29.36,0,10,1,1,0.125,0,-0.67,0.0,NORMAL_GRAPH_TOPOLOGY,NONE,NONE
MPLADS-002454,75.08,96.28,1,32,1,1,0.1429,2,0.67,50.0,CORPORATE_COLLUSION_NETWORK,RECURRING_EXCLUSIVE_PAIRING,NONE
MPLADS-002455,55.83,83.28,0,35,1,1,1.0,0,-0.83,0.0,NORMAL_GRAPH_TOPOLOGY,NONE,NONE
MPLADS-002456,60.96,87.04,0,0,1,1,0.1429,1,2.67,35.0,CORPORATE_COLLUSION_NETWORK,NONE,NONE
MPLADS-002457,35.69,58.26,0,16,1,1,0.3333,0,0.33,15.0,NORMAL_GRAPH_TOPOLOGY,NONE,NONE
MPLADS-002458,76.72,97.04,1,24,1,1,0.1111,2,0.67,50.0,CORPORATE_COLLUSION_NETWORK,RECURRING_EXCLUSIVE_PAIRING,NONE
MPLADS-002459,57.26,84.46,0,36,1,1,0.1667,0,1.83,0.0,NORMAL_GRAPH_TOPOLOGY,NONE,NONE
MPLADS-002460,32.7,53.38,0,25,1,1,0.5,0,0.33,0.0,NORMAL_GRAPH_TOPOLOGY,NONE,NONE
MPLADS-002461,26.99,44.0,0,35,1,1,0.25,0,0.17,15.0,NORMAL_GRAPH_TOPOLOGY,NONE,NONE
MPLADS-002462,53.06,80.5,0,36,1,1,0.5,0,0.0,15.0,NORMAL_GRAPH_TOPOLOGY,NONE,NONE
MPLADS-002463,53.63,81.02,0,16,1,1,0.3333,0,-0.83,0.0,NORMAL_GRAPH_TOPOLOGY,NONE,NONE
MPLADS-002464,60.51,86.78,0,33,1,1,0.1111,0,0.33,0.0,HIGH_CONSTITUENCY_AGENCY_CAPTURE,NONE,NONE
MPLADS-002465,46.35,72.62,0,3,1,1,0.25,0,0.17,15.0,NORMAL_GRAPH_TOPOLOGY,NONE,NONE
MPLADS-002466,19.85,31.6,0,11,1,1,0.2,0,1.17,0.0,NORMAL_GRAPH_TOPOLOGY,NONE,NONE
MPLADS-002467,14.63,22.08,0,28,1,1,0.2,0,-0.33,15.0,NORMAL_GRAPH_TOPOLOGY,NONE,NONE
MPLADS-002468,22.93,36.98,0,10,1,1,0.2,0,1.17,0.0,NORMAL_GRAPH_TOPOLOGY,NONE,NONE
MPLADS-002469,2.58,1.96,0,35,1,1,0.2,0,-0.17,0.0,NORMAL_GRAPH_TOPOLOGY,NONE,NONE
MPLADS-002470,44.19,70.08,0,29,1,1,0.25,0,0.17,0.0,NORMAL_GRAPH_TOPOLOGY,NONE,NONE
MPLADS-002471,12.11,17.46,0,2,1,1,0.125,0,0.17,0.0,NORMAL_GRAPH_TOPOLOGY,NONE,NONE
MPLADS-002472,15.03,22.78,0,14,1,1,0.1429,0,-0.5,0.0,NORMAL_GRAPH_TOPOLOGY,NONE,NONE
MPLADS-002473,26.04,42.32,0,34,1,1,0.25,0,-0.17,0.0,NORMAL_GRAPH_TOPOLOGY,NONE,NONE
MPLADS-002474,4.96,5.1,0,36,1,1,0.1667,0,0.0,0.0,NORMAL_GRAPH_TOPOLOGY,NONE,NONE
MPLADS-002475,55.1,82.5,0,9,1,1,0.5,0,-0.67,15.0,NORMAL_GRAPH_TOPOLOGY,NONE,NONE
MPLADS-002476,18.25,28.66,0,35,1,1,0.1429,0,-0.5,0.0,NORMAL_GRAPH_TOPOLOGY,NONE,NONE
MPLADS-002477,30.67,50.22,0,18,1,1,0.1667,0,0.0,15.0,NORMAL_GRAPH_TOPOLOGY,NONE,NONE
MPLADS-002478,39.04,63.3,0,27,1,1,0.3333,0,1.17,15.0,NORMAL_GRAPH_TOPOLOGY,NONE,NONE
MPLADS-002479,37.71,61.46,0,22,1,1,0.5,0,-0.5,0.0,NORMAL_GRAPH_TOPOLOGY,NONE,NONE
MPLADS-002480,58.7,85.62,0,26,1,1,0.25,1,1.0,35.0,NORMAL_GRAPH_TOPOLOGY,NONE,NONE
MPLADS-002481,10.08,13.86,0,25,1,1,0.25,0,-0.67,0.0,NORMAL_GRAPH_TOPOLOGY,NONE,NONE
MPLADS-002482,33.32,54.42,0,9,1,1,0.1111,0,-0.5,0.0,NORMAL_GRAPH_TOPOLOGY,NONE,NONE
MPLADS-002483,28.18,46.04,0,14,1,1,0.25,0,0.0,15.0,NORMAL_GRAPH_TOPOLOGY,NONE,NONE
MPLADS-002484,11.3,16.04,0,30,1,1,0.3333,0,0.17,0.0,NORMAL_GRAPH_TOPOLOGY,NONE,NONE
MPLADS-002485,65.25,89.82,0,30,1,1,0.25,1,1.33,35.0,CORPORATE_COLLUSION_NETWORK,HIGH_CONSTITUENCY_AGENCY_CAPTURE,PRE_AWARD_GOVERNANCE_INSTABILITY
MPLADS-002486,64.89,89.58,0,1,1,1,0.3333,0,-1.17,0.0,ELEVATED_GRAPH_CENTRALITY,NONE,NONE
MPLADS-002487,60.79,86.9,0,26,1,1,0.2,0,0.0,15.0,RECURRING_EXCLUSIVE_PAIRING,HIGH_CONSTITUENCY_AGENCY_CAPTURE,PRE_AWARD_GOVERNANCE_INSTABILITY
MPLADS-002488,27.51,44.94,0,32,1,1,0.1667,0,0.33,15.0,NORMAL_GRAPH_TOPOLOGY,NONE,NONE
MPLADS-002489,38.34,62.4,0,15,1,1,0.2,0,1.17,15.0,NORMAL_GRAPH_TOPOLOGY,NONE,NONE
MPLADS-002490,32.24,52.66,0,24,1,1,0.1358,0,0.17,0.0,NORMAL_GRAPH_TOPOLOGY,NONE,NONE
MPLADS-002491,1.61,0.96,0,10,1,1,0.25,0,-0.17,0.0,NORMAL_GRAPH_TOPOLOGY,NONE,NONE
MPLADS-002492,93.06,99.2,1,35,1,1,0.25,4,2.67,50.0,CORPORATE_COLLUSION_NETWORK,RECURRING_EXCLUSIVE_PAIRING,HIGH_CONSTITUENCY_AGENCY_CAPTURE
MPLADS-002493,62.1,87.68,0,21,1,1,0.125,1,1.0,50.0,CORPORATE_COLLUSION_NETWORK,RECURRING_EXCLUSIVE_PAIRING,NONE
MPLADS-002494,65.8,90.2,0,2,1,1,0.5,0,-0.83,0.0,HIGH_CONSTITUENCY_AGENCY_CAPTURE,NONE,NONE
MPLADS-002495,32.83,53.6,0,12,1,1,0.1429,0,0.0,15.0,NORMAL_GRAPH_TOPOLOGY,NONE,NONE
MPLADS-002496,14.07,21.06,0,12,1,1,0.3333,0,-0.33,0.0,NORMAL_GRAPH_TOPOLOGY,NONE,NONE
MPLADS-002497,0.88,0.36,0,9,1,1,0.2,0,-0.5,0.0,NORMAL_GRAPH_TOPOLOGY,NONE,NONE
MPLADS-002498,38.91,63.16,0,7,1,1,0.2,0,-0.67,15.0,NORMAL_GRAPH_TOPOLOGY,NONE,NONE
MPLADS-002499,18.1,28.4,0,22,1,1,0.2,0,-0.5,0.0,NORMAL_GRAPH_TOPOLOGY,NONE,NONE
MPLADS-002500,57.38,84.62,0,0,1,1,0.2,0,-0.67,15.0,NORMAL_GRAPH_TOPOLOGY,NONE,NONE
MPLADS-002501,47.91,74.54,0,0,1,1,1.0,0,0.0,0.0,NORMAL_GRAPH_TOPOLOGY,NONE,NONE
MPLADS-002502,50.54,77.54,0,27,1,1,0.3333,0,0.33,0.0,NORMAL_GRAPH_TOPOLOGY,NONE,NONE
MPLADS-002503,40.32,65.12,0,11,1,1,0.1429,0,0.33,0.0,NORMAL_GRAPH_TOPOLOGY,NONE,NONE
MPLADS-002504,24.52,39.66,0,31,1,1,0.5,0,-0.5,0.0,NORMAL_GRAPH_TOPOLOGY,NONE,NONE
MPLADS-002505,78.97,97.96,1,16,1,1,1.0,0,-1.17,0.0,ELEVATED_GRAPH_CENTRALITY,NONE,NONE
MPLADS-002506,22.79,36.72,0,34,1,1,0.125,0,-0.17,0.0,NORMAL_GRAPH_TOPOLOGY,NONE,NONE
MPLADS-002507,26.4,42.94,0,26,1,1,0.1667,0,0.0,0.0,NORMAL_GRAPH_TOPOLOGY,NONE,NONE
MPLADS-002508,14.38,21.66,0,14,1,1,0.25,0,0.17,0.0,NORMAL_GRAPH_TOPOLOGY,NONE,NONE
MPLADS-002509,62.32,87.86,0,20,2,1,0.2222,0,0.5,0.0,ELEVATED_GRAPH_CENTRALITY,NONE,NONE
MPLADS-002510,39.63,64.1,0,35,1,1,0.3333,0,-1.0,0.0,NORMAL_GRAPH_TOPOLOGY,NONE,NONE
MPLADS-002511,34.31,56.04,0,27,1,1,0.2,0,-0.5,15.0,NORMAL_GRAPH_TOPOLOGY,NONE,NONE
MPLADS-002512,58.5,85.44,0,15,1,1,0.2,0,-0.5,15.0,NORMAL_GRAPH_TOPOLOGY,NONE,NONE
MPLADS-002513,41.02,66.02,0,14,1,1,0.2,0,-1.17,15.0,NORMAL_GRAPH_TOPOLOGY,NONE,NONE
MPLADS-002514,59.21,86.02,0,36,1,1,0.1111,0,-0.5,0.0,NORMAL_GRAPH_TOPOLOGY,NONE,NONE
MPLADS-002515,10.93,15.4,0,32,1,1,0.1667,0,0.0,0.0,NORMAL_GRAPH_TOPOLOGY,NONE,NONE
MPLADS-002516,24.42,39.5,0,27,1,1,0.3333,0,0.17,0.0,NORMAL_GRAPH_TOPOLOGY,NONE,NONE
MPLADS-002517,12.4,18.0,0,11,1,1,0.1667,0,1.0,0.0,NORMAL_GRAPH_TOPOLOGY,NONE,NONE
MPLADS-002518,47.28,73.84,0,3,1,1,0.3333,0,0.17,15.0,NORMAL_GRAPH_TOPOLOGY,NONE,NONE
MPLADS-002519,13.6,20.2,0,2,1,1,0.125,0,-0.17,0.0,NORMAL_GRAPH_TOPOLOGY,NONE,NONE
MPLADS-002520,52.89,80.32,0,24,1,1,1.0,0,0.83,0.0,NORMAL_GRAPH_TOPOLOGY,NONE,NONE
MPLADS-002521,9.91,13.54,0,2,1,1,0.2,0,0.33,0.0,NORMAL_GRAPH_TOPOLOGY,NONE,NONE
MPLADS-002522,29.86,48.82,0,17,1,1,0.1667,0,-0.17,0.0,NORMAL_GRAPH_TOPOLOGY,NONE,NONE
MPLADS-002523,47.18,73.76,0,17,1,1,0.2,1,0.67,35.0,NORMAL_GRAPH_TOPOLOGY,NONE,NONE
MPLADS-002524,4.05,3.78,0,27,1,1,0.25,0,-0.17,0.0,NORMAL_GRAPH_TOPOLOGY,NONE,NONE
MPLADS-002525,22.48,36.18,0,35,1,1,0.3333,0,-0.67,0.0,NORMAL_GRAPH_TOPOLOGY,NONE,NONE
MPLADS-002526,37.63,61.34,0,29,1,1,0.1667,0,-0.67,15.0,NORMAL_GRAPH_TOPOLOGY,NONE,NONE
MPLADS-002527,54.02,81.42,0,8,1,1,0.1667,0,-0.83,15.0,NORMAL_GRAPH_TOPOLOGY,NONE,NONE
MPLADS-002528,47.35,73.92,0,26,1,1,0.1111,0,0.33,15.0,NORMAL_GRAPH_TOPOLOGY,NONE,NONE
MPLADS-002529,50.73,77.84,0,26,1,1,0.2,0,0.67,15.0,NORMAL_GRAPH_TOPOLOGY,NONE,NONE
MPLADS-002530,29.12,47.6,0,1,1,1,0.1111,0,-0.33,0.0,NORMAL_GRAPH_TOPOLOGY,NONE,NONE
MPLADS-002531,56.47,83.78,0,26,1,1,0.1667,0,0.83,0.0,NORMAL_GRAPH_TOPOLOGY,NONE,NONE
MPLADS-002532,33.96,55.44,0,31,1,1,0.1667,0,0.0,15.0,NORMAL_GRAPH_TOPOLOGY,NONE,NONE
MPLADS-002533,35.15,57.4,0,24,1,1,0.1667,0,-0.5,15.0,NORMAL_GRAPH_TOPOLOGY,NONE,NONE
MPLADS-002534,17.38,27.06,0,25,1,1,0.25,0,-0.17,0.0,NORMAL_GRAPH_TOPOLOGY,NONE,NONE
MPLADS-002535,13.38,19.8,0,10,1,1,0.1667,0,-0.33,0.0,NORMAL_GRAPH_TOPOLOGY,NONE,NONE
MPLADS-002536,29.64,48.46,0,27,1,1,0.1429,0,-0.33,15.0,NORMAL_GRAPH_TOPOLOGY,NONE,NONE
MPLADS-002537,10.59,14.8,0,1,1,1,0.1667,0,0.5,0.0,NORMAL_GRAPH_TOPOLOGY,NONE,NONE
MPLADS-002538,16.73,25.88,0,11,1,1,0.2,0,0.33,0.0,NORMAL_GRAPH_TOPOLOGY,NONE,NONE
MPLADS-002539,15.32,23.3,0,35,1,1,0.2,0,-0.5,0.0,NORMAL_GRAPH_TOPOLOGY,NONE,NONE
MPLADS-002540,44.31,70.2,0,27,1,1,0.25,0,0.67,0.0,NORMAL_GRAPH_TOPOLOGY,NONE,NONE
MPLADS-002541,42.37,67.8,0,2,1,1,0.2,0,-1.17,15.0,NORMAL_GRAPH_TOPOLOGY,NONE,NONE
MPLADS-002542,8.47,10.96,0,12,1,1,0.2,0,-0.17,0.0,NORMAL_GRAPH_TOPOLOGY,NONE,NONE
MPLADS-002543,15.68,23.94,0,9,1,1,0.3333,0,0.5,0.0,NORMAL_GRAPH_TOPOLOGY,NONE,NONE
MPLADS-002544,26.24,42.66,0,8,1,1,0.1667,0,0.5,0.0,NORMAL_GRAPH_TOPOLOGY,NONE,NONE
MPLADS-002545,28.93,47.32,0,31,1,1,0.1358,0,-0.67,0.0,NORMAL_GRAPH_TOPOLOGY,NONE,NONE
MPLADS-002546,9.78,13.3,0,12,1,1,0.25,0,-0.5,0.0,NORMAL_GRAPH_TOPOLOGY,NONE,NONE
MPLADS-002547,28.79,47.08,0,0,1,1,0.1667,0,0.0,15.0,NORMAL_GRAPH_TOPOLOGY,NONE,NONE
MPLADS-002548,66.99,91.24,0,34,1,1,0.25,0,0.17,0.0,PRE_AWARD_GOVERNANCE_INSTABILITY,NONE,NONE
MPLADS-002549,25.69,41.74,0,10,1,1,0.2,0,-0.17,15.0,NORMAL_GRAPH_TOPOLOGY,NONE,NONE
MPLADS-002550,19.79,31.48,0,24,1,1,0.1667,0,-1.0,0.0,NORMAL_GRAPH_TOPOLOGY,NONE,NONE
MPLADS-002551,34.86,56.94,0,11,1,1,0.2,0,-0.33,15.0,NORMAL_GRAPH_TOPOLOGY,NONE,NONE
MPLADS-002552,55.36,82.8,0,8,1,1,1.0,0,-0.5,0.0,NORMAL_GRAPH_TOPOLOGY,NONE,NONE
MPLADS-002553,11.31,16.06,0,13,1,1,0.1429,0,-0.33,0.0,NORMAL_GRAPH_TOPOLOGY,NONE,NONE
MPLADS-002554,15.55,23.72,0,30,1,1,0.1667,0,0.17,0.0,NORMAL_GRAPH_TOPOLOGY,NONE,NONE
MPLADS-002555,76.77,97.1,1,1,1,1,0.2,2,4.0,35.0,CORPORATE_COLLUSION_NETWORK,NONE,NONE
MPLADS-002556,68.33,92.12,0,30,1,1,0.3333,2,2.0,35.0,CORPORATE_COLLUSION_NETWORK,NONE,NONE
MPLADS-002557,37.23,60.72,0,16,1,1,0.3333,0,0.5,0.0,NORMAL_GRAPH_TOPOLOGY,NONE,NONE
MPLADS-002558,14.49,21.84,0,17,1,1,0.2,0,0.67,0.0,NORMAL_GRAPH_TOPOLOGY,NONE,NONE
MPLADS-002559,23.85,38.54,0,34,1,1,0.25,0,-0.67,0.0,NORMAL_GRAPH_TOPOLOGY,NONE,NONE
MPLADS-002560,35.04,57.22,0,19,1,1,0.3333,0,-0.17,0.0,NORMAL_GRAPH_TOPOLOGY,NONE,NONE
MPLADS-002561,64.42,89.24,0,5,1,1,0.2,0,1.33,0.0,PRE_AWARD_GOVERNANCE_INSTABILITY,HIGH_CONSTITUENCY_AGENCY_CAPTURE,NONE
MPLADS-002562,47.53,74.1,0,2,1,1,0.2,0,1.0,0.0,NORMAL_GRAPH_TOPOLOGY,NONE,NONE
MPLADS-002563,23.75,38.36,0,19,1,1,0.25,0,0.33,15.0,NORMAL_GRAPH_TOPOLOGY,NONE,NONE
MPLADS-002564,19.61,31.14,0,24,1,1,0.1667,0,0.17,15.0,NORMAL_GRAPH_TOPOLOGY,NONE,NONE
MPLADS-002565,29.74,48.62,0,23,1,1,0.1429,0,0.17,15.0,NORMAL_GRAPH_TOPOLOGY,NONE,NONE
MPLADS-002566,73.46,95.62,1,26,1,1,0.2,1,2.5,50.0,CORPORATE_COLLUSION_NETWORK,RECURRING_EXCLUSIVE_PAIRING,HUB_CENTRALITY_SPIKE
MPLADS-002567,16.03,24.56,0,3,1,1,0.2222,0,0.0,0.0,NORMAL_GRAPH_TOPOLOGY,NONE,NONE
MPLADS-002568,61.52,87.34,0,14,1,1,0.1667,1,2.67,35.0,CORPORATE_COLLUSION_NETWORK,NONE,NONE
MPLADS-002569,20.71,33.12,0,27,1,1,0.25,0,1.0,0.0,NORMAL_GRAPH_TOPOLOGY,NONE,NONE
MPLADS-002570,9.98,13.7,0,22,1,1,0.1429,0,-0.5,0.0,NORMAL_GRAPH_TOPOLOGY,NONE,NONE
MPLADS-002571,49.17,76.14,0,2,1,1,0.25,0,-0.33,0.0,NORMAL_GRAPH_TOPOLOGY,NONE,NONE
MPLADS-002572,64.68,89.42,0,7,1,1,0.3333,0,-0.83,0.0,HIGH_CONSTITUENCY_AGENCY_CAPTURE,NONE,NONE
MPLADS-002573,57.87,85.04,0,15,1,1,0.125,0,0.17,15.0,NORMAL_GRAPH_TOPOLOGY,NONE,NONE
MPLADS-002574,12.08,17.4,0,7,1,1,0.2,0,0.0,0.0,NORMAL_GRAPH_TOPOLOGY,NONE,NONE
MPLADS-002575,65.94,90.32,0,16,1,1,0.3333,0,-1.17,0.0,ELEVATED_GRAPH_CENTRALITY,NONE,NONE
MPLADS-002576,80.96,98.36,1,26,1,1,0.3333,2,4.0,35.0,CORPORATE_COLLUSION_NETWORK,HIGH_CONSTITUENCY_AGENCY_CAPTURE,NONE
MPLADS-002577,40.27,65.02,0,27,1,1,0.25,0,-1.33,0.0,NORMAL_GRAPH_TOPOLOGY,NONE,NONE
MPLADS-002578,15.63,23.86,0,22,1,1,0.3333,0,-0.67,0.0,NORMAL_GRAPH_TOPOLOGY,NONE,NONE
MPLADS-002579,48.39,75.1,0,1,1,1,0.3333,0,1.0,0.0,NORMAL_GRAPH_TOPOLOGY,NONE,NONE
MPLADS-002580,9.96,13.64,0,33,1,1,0.1667,0,-0.33,0.0,NORMAL_GRAPH_TOPOLOGY,NONE,NONE
MPLADS-002581,62.84,88.2,0,33,1,1,0.25,0,-0.67,0.0,HIGH_CONSTITUENCY_AGENCY_CAPTURE,NONE,NONE
MPLADS-002582,53.62,81.0,0,10,1,1,1.0,0,-0.5,0.0,NORMAL_GRAPH_TOPOLOGY,NONE,NONE
MPLADS-002583,97.08,99.9,1,11,1,1,0.1111,4,2.67,50.0,CORPORATE_COLLUSION_NETWORK,RECURRING_EXCLUSIVE_PAIRING,HIGH_CONSTITUENCY_AGENCY_CAPTURE
MPLADS-002584,31.47,51.48,0,13,1,1,0.3333,0,-0.33,0.0,NORMAL_GRAPH_TOPOLOGY,NONE,NONE
MPLADS-002585,31.39,51.36,0,26,1,1,0.2,0,0.0,0.0,NORMAL_GRAPH_TOPOLOGY,NONE,NONE
MPLADS-002586,60.61,86.82,0,26,1,1,0.2,1,1.0,35.0,CORPORATE_COLLUSION_NETWORK,HUB_CENTRALITY_SPIKE,NONE
MPLADS-002587,19.14,30.3,0,35,1,1,0.25,0,-0.67,0.0,NORMAL_GRAPH_TOPOLOGY,NONE,NONE
MPLADS-002588,55.08,82.48,0,4,1,1,0.125,0,0.17,15.0,NORMAL_GRAPH_TOPOLOGY,NONE,NONE
MPLADS-002589,20.0,31.86,0,23,1,1,0.3333,0,0.17,0.0,NORMAL_GRAPH_TOPOLOGY,NONE,NONE
MPLADS-002590,53.21,80.66,0,20,1,1,0.25,0,-1.0,0.0,NORMAL_GRAPH_TOPOLOGY,NONE,NONE
MPLADS-002591,19.78,31.46,0,21,1,1,0.2,0,0.0,0.0,NORMAL_GRAPH_TOPOLOGY,NONE,NONE
MPLADS-002592,36.22,59.12,0,1,1,1,0.25,0,-0.17,0.0,NORMAL_GRAPH_TOPOLOGY,NONE,NONE
MPLADS-002593,34.49,56.32,0,27,1,1,0.3333,0,0.5,15.0,NORMAL_GRAPH_TOPOLOGY,NONE,NONE
MPLADS-002594,13.29,19.66,0,23,1,1,0.1429,0,-0.67,0.0,NORMAL_GRAPH_TOPOLOGY,NONE,NONE
MPLADS-002595,18.74,29.52,0,9,1,1,0.125,0,0.67,0.0,NORMAL_GRAPH_TOPOLOGY,NONE,NONE
MPLADS-002596,28.45,46.5,0,4,1,1,0.125,0,-0.17,0.0,NORMAL_GRAPH_TOPOLOGY,NONE,NONE
MPLADS-002597,34.07,55.64,0,26,1,1,0.2,0,-0.33,0.0,NORMAL_GRAPH_TOPOLOGY,NONE,NONE
MPLADS-002598,13.06,19.22,0,32,1,1,0.2,0,0.0,0.0,NORMAL_GRAPH_TOPOLOGY,NONE,NONE
MPLADS-002599,18.08,28.36,0,19,1,1,0.2,0,-0.33,0.0,NORMAL_GRAPH_TOPOLOGY,NONE,NONE
MPLADS-002600,60.76,86.88,0,3,1,1,0.25,0,-1.17,0.0,ELEVATED_GRAPH_CENTRALITY,NONE,NONE
MPLADS-002601,60.9,87.0,0,13,1,1,0.1562,0,1.0,15.0,HIGH_CONSTITUENCY_AGENCY_CAPTURE,RECURRING_EXCLUSIVE_PAIRING,PRE_AWARD_GOVERNANCE_INSTABILITY
MPLADS-002602,48.14,74.78,0,28,1,1,0.1429,0,0.67,0.0,NORMAL_GRAPH_TOPOLOGY,NONE,NONE
MPLADS-002603,43.91,69.72,0,14,1,1,0.5,0,-0.33,15.0,NORMAL_GRAPH_TOPOLOGY,NONE,NONE
MPLADS-002604,11.26,15.98,0,12,1,1,0.2,0,0.0,0.0,NORMAL_GRAPH_TOPOLOGY,NONE,NONE
MPLADS-002605,7.94,9.98,0,34,1,1,0.25,0,-0.17,0.0,NORMAL_GRAPH_TOPOLOGY,NONE,NONE
MPLADS-002606,5.53,6.0,0,14,1,1,0.1667,0,-0.67,0.0,NORMAL_GRAPH_TOPOLOGY,NONE,NONE
MPLADS-002607,3.06,2.52,0,12,1,1,0.2,0,-0.5,0.0,NORMAL_GRAPH_TOPOLOGY,NONE,NONE
MPLADS-002608,53.32,80.74,0,27,1,1,0.1429,0,-0.5,15.0,NORMAL_GRAPH_TOPOLOGY,NONE,NONE
MPLADS-002609,5.0,5.16,0,30,1,1,0.25,0,0.0,0.0,NORMAL_GRAPH_TOPOLOGY,NONE,NONE
MPLADS-002610,34.78,56.8,0,0,1,1,0.25,0,-1.0,0.0,NORMAL_GRAPH_TOPOLOGY,NONE,NONE
MPLADS-002611,26.73,43.52,0,26,1,1,0.1429,0,-0.33,0.0,NORMAL_GRAPH_TOPOLOGY,NONE,NONE
MPLADS-002612,66.36,90.74,0,18,1,1,0.1429,1,2.67,35.0,CORPORATE_COLLUSION_NETWORK,NONE,NONE
MPLADS-002613,28.59,46.76,0,25,1,1,0.2,0,-0.5,15.0,NORMAL_GRAPH_TOPOLOGY,NONE,NONE
MPLADS-002614,13.52,20.06,0,29,1,1,0.25,0,-0.5,0.0,NORMAL_GRAPH_TOPOLOGY,NONE,NONE
MPLADS-002615,32.46,53.04,0,9,1,1,0.25,0,-0.33,15.0,NORMAL_GRAPH_TOPOLOGY,NONE,NONE
MPLADS-002616,41.07,66.1,0,6,1,1,0.1429,0,1.17,15.0,NORMAL_GRAPH_TOPOLOGY,NONE,NONE
MPLADS-002617,95.41,99.62,1,22,1,1,0.125,4,0.67,35.0,CORPORATE_COLLUSION_NETWORK,NONE,NONE
MPLADS-002618,34.12,55.74,0,23,1,1,0.1429,0,1.67,0.0,NORMAL_GRAPH_TOPOLOGY,NONE,NONE
MPLADS-002619,6.15,7.06,0,24,1,1,0.1667,0,0.17,0.0,NORMAL_GRAPH_TOPOLOGY,NONE,NONE
MPLADS-002620,5.76,6.4,0,3,1,1,0.25,0,0.0,0.0,NORMAL_GRAPH_TOPOLOGY,NONE,NONE
MPLADS-002621,31.7,51.82,0,26,1,1,0.2,0,0.0,0.0,NORMAL_GRAPH_TOPOLOGY,NONE,NONE
MPLADS-002622,45.45,71.58,0,14,1,1,0.25,0,0.5,15.0,NORMAL_GRAPH_TOPOLOGY,NONE,NONE
MPLADS-002623,8.89,11.66,0,0,1,1,0.125,0,0.0,0.0,NORMAL_GRAPH_TOPOLOGY,NONE,NONE
MPLADS-002624,17.02,26.4,0,19,1,1,0.25,0,0.0,0.0,NORMAL_GRAPH_TOPOLOGY,NONE,NONE
MPLADS-002625,5.74,6.38,0,27,1,1,0.1429,0,0.0,0.0,NORMAL_GRAPH_TOPOLOGY,NONE,NONE
MPLADS-002626,37.99,61.92,0,26,1,1,0.2,0,-0.17,15.0,NORMAL_GRAPH_TOPOLOGY,NONE,NONE
MPLADS-002627,1.34,0.76,0,3,1,1,0.2,0,-0.17,0.0,NORMAL_GRAPH_TOPOLOGY,NONE,NONE
MPLADS-002628,48.73,75.48,0,26,1,1,0.25,0,-0.5,0.0,NORMAL_GRAPH_TOPOLOGY,NONE,NONE
MPLADS-002629,39.65,64.12,0,15,1,1,0.3333,0,0.33,15.0,NORMAL_GRAPH_TOPOLOGY,NONE,NONE
MPLADS-002630,52.05,79.34,0,26,1,1,0.2,0,-1.0,0.0,NORMAL_GRAPH_TOPOLOGY,NONE,NONE
MPLADS-002631,15.53,23.68,0,34,1,1,0.2,0,0.17,0.0,NORMAL_GRAPH_TOPOLOGY,NONE,NONE
MPLADS-002632,30.9,50.58,0,27,1,1,0.2,0,0.5,15.0,NORMAL_GRAPH_TOPOLOGY,NONE,NONE
MPLADS-002633,17.7,27.64,0,31,1,1,0.3333,0,0.0,0.0,NORMAL_GRAPH_TOPOLOGY,NONE,NONE
MPLADS-002634,23.63,38.14,0,24,1,1,0.1667,0,0.83,0.0,NORMAL_GRAPH_TOPOLOGY,NONE,NONE
MPLADS-002635,41.04,66.04,0,26,1,1,0.125,0,-0.5,0.0,NORMAL_GRAPH_TOPOLOGY,NONE,NONE
MPLADS-002636,17.57,27.4,0,17,1,1,0.1667,0,0.67,0.0,NORMAL_GRAPH_TOPOLOGY,NONE,NONE
MPLADS-002637,18.95,29.96,0,14,1,1,0.1667,0,-1.0,0.0,NORMAL_GRAPH_TOPOLOGY,NONE,NONE
MPLADS-002638,11.25,15.96,0,4,1,1,0.25,0,-0.17,0.0,NORMAL_GRAPH_TOPOLOGY,NONE,NONE
MPLADS-002639,4.48,4.34,0,0,1,1,0.25,0,0.5,0.0,NORMAL_GRAPH_TOPOLOGY,NONE,NONE
MPLADS-002640,81.87,98.5,1,29,1,1,0.3333,2,1.33,35.0,CORPORATE_COLLUSION_NETWORK,PRE_AWARD_GOVERNANCE_INSTABILITY,NONE
MPLADS-002641,6.25,7.22,0,14,1,1,0.2,0,-0.5,0.0,NORMAL_GRAPH_TOPOLOGY,NONE,NONE
MPLADS-002642,23.15,37.42,0,6,1,1,0.25,0,-1.0,0.0,NORMAL_GRAPH_TOPOLOGY,NONE,NONE
MPLADS-002643,80.51,98.24,1,34,1,1,0.25,2,4.0,35.0,CORPORATE_COLLUSION_NETWORK,NONE,NONE
MPLADS-002644,40.43,65.24,0,27,1,1,0.5,0,0.5,15.0,NORMAL_GRAPH_TOPOLOGY,NONE,NONE
MPLADS-002645,85.56,98.98,1,15,1,1,0.2,2,4.33,35.0,CORPORATE_COLLUSION_NETWORK,HIGH_CONSTITUENCY_AGENCY_CAPTURE,PRE_AWARD_GOVERNANCE_INSTABILITY
MPLADS-002646,68.01,91.96,0,35,1,1,0.1667,0,0.17,15.0,RECURRING_EXCLUSIVE_PAIRING,HIGH_CONSTITUENCY_AGENCY_CAPTURE,PRE_AWARD_GOVERNANCE_INSTABILITY
MPLADS-002647,22.82,36.78,0,11,1,1,0.1429,0,-0.33,15.0,NORMAL_GRAPH_TOPOLOGY,NONE,NONE
MPLADS-002648,51.11,78.28,0,22,1,1,0.3333,0,-0.83,0.0,NORMAL_GRAPH_TOPOLOGY,NONE,NONE
MPLADS-002649,59.53,86.26,0,5,1,1,0.25,1,1.0,50.0,NORMAL_GRAPH_TOPOLOGY,NONE,NONE
MPLADS-002650,68.57,92.3,0,9,1,1,0.2,0,0.17,15.0,RECURRING_EXCLUSIVE_PAIRING,HIGH_CONSTITUENCY_AGENCY_CAPTURE,PRE_AWARD_GOVERNANCE_INSTABILITY
MPLADS-002651,17.58,27.44,0,31,1,1,0.1429,0,0.17,0.0,NORMAL_GRAPH_TOPOLOGY,NONE,NONE
MPLADS-002652,59.18,85.98,0,30,1,1,0.1429,1,1.67,35.0,NORMAL_GRAPH_TOPOLOGY,NONE,NONE
MPLADS-002653,39.56,64.02,0,11,1,1,0.5,0,1.17,0.0,NORMAL_GRAPH_TOPOLOGY,NONE,NONE
MPLADS-002654,21.79,35.02,0,35,1,1,0.5,0,-0.33,0.0,NORMAL_GRAPH_TOPOLOGY,NONE,NONE
MPLADS-002655,30.72,50.32,0,1,1,1,0.2,0,0.0,15.0,NORMAL_GRAPH_TOPOLOGY,NONE,NONE
MPLADS-002656,41.75,66.92,0,33,1,1,0.1111,0,0.0,0.0,NORMAL_GRAPH_TOPOLOGY,NONE,NONE
MPLADS-002657,59.29,86.1,0,28,1,1,0.0909,0,-1.0,0.0,NORMAL_GRAPH_TOPOLOGY,NONE,NONE
MPLADS-002658,8.13,10.34,0,6,1,1,0.1429,0,-0.33,0.0,NORMAL_GRAPH_TOPOLOGY,NONE,NONE
MPLADS-002659,53.41,80.84,0,33,1,1,0.1667,0,-1.0,0.0,NORMAL_GRAPH_TOPOLOGY,NONE,NONE
MPLADS-002660,39.68,64.18,0,7,1,1,0.25,0,-1.0,15.0,NORMAL_GRAPH_TOPOLOGY,NONE,NONE
MPLADS-002661,45.52,71.66,0,22,1,1,0.5,0,0.0,15.0,NORMAL_GRAPH_TOPOLOGY,NONE,NONE
MPLADS-002662,48.71,75.46,0,12,1,1,0.1837,0,1.0,0.0,NORMAL_GRAPH_TOPOLOGY,NONE,NONE
MPLADS-002663,4.84,4.9,0,12,1,1,0.25,0,0.33,0.0,NORMAL_GRAPH_TOPOLOGY,NONE,NONE
MPLADS-002664,43.67,69.44,0,33,1,1,0.25,0,-0.67,15.0,NORMAL_GRAPH_TOPOLOGY,NONE,NONE
MPLADS-002665,2.87,2.32,0,28,1,1,0.1667,0,0.17,0.0,NORMAL_GRAPH_TOPOLOGY,NONE,NONE
MPLADS-002666,57.19,84.38,0,31,1,1,0.3333,1,1.33,35.0,NORMAL_GRAPH_TOPOLOGY,NONE,NONE
MPLADS-002667,33.59,54.86,0,14,1,1,0.3333,0,-0.17,0.0,NORMAL_GRAPH_TOPOLOGY,NONE,NONE
MPLADS-002668,67.41,91.52,0,34,1,1,0.2,1,2.67,35.0,CORPORATE_COLLUSION_NETWORK,NONE,NONE
MPLADS-002669,36.91,60.18,0,14,1,1,0.5,0,0.5,15.0,NORMAL_GRAPH_TOPOLOGY,NONE,NONE
MPLADS-002670,10.45,14.54,0,17,1,1,0.25,0,0.5,0.0,NORMAL_GRAPH_TOPOLOGY,NONE,NONE
MPLADS-002671,39.53,63.96,0,18,1,1,0.25,0,-0.17,0.0,NORMAL_GRAPH_TOPOLOGY,NONE,NONE
MPLADS-002672,17.88,27.94,0,8,1,1,0.1667,0,-0.17,0.0,NORMAL_GRAPH_TOPOLOGY,NONE,NONE
MPLADS-002673,11.66,16.68,0,0,1,1,0.1429,0,1.0,0.0,NORMAL_GRAPH_TOPOLOGY,NONE,NONE
MPLADS-002674,28.04,45.78,0,11,1,1,0.5,0,0.67,0.0,NORMAL_GRAPH_TOPOLOGY,NONE,NONE
MPLADS-002675,78.11,97.62,1,30,1,1,0.125,2,1.0,35.0,CORPORATE_COLLUSION_NETWORK,HIGH_CONSTITUENCY_AGENCY_CAPTURE,HUB_CENTRALITY_SPIKE
MPLADS-002676,43.8,69.62,0,15,1,1,0.125,0,0.17,0.0,NORMAL_GRAPH_TOPOLOGY,NONE,NONE
MPLADS-002677,50.6,77.66,0,22,1,1,0.1429,0,0.0,0.0,NORMAL_GRAPH_TOPOLOGY,NONE,NONE
MPLADS-002678,14.16,21.22,0,4,1,1,0.2,0,0.0,0.0,NORMAL_GRAPH_TOPOLOGY,NONE,NONE
MPLADS-002679,18.9,29.84,0,24,1,1,0.2,0,-0.33,15.0,NORMAL_GRAPH_TOPOLOGY,NONE,NONE
MPLADS-002680,39.67,64.16,0,31,1,1,0.125,0,0.67,15.0,NORMAL_GRAPH_TOPOLOGY,NONE,NONE
MPLADS-002681,45.75,71.94,0,4,1,1,0.3333,0,0.33,15.0,NORMAL_GRAPH_TOPOLOGY,NONE,NONE
MPLADS-002682,12.26,17.76,0,11,1,1,0.25,0,-0.17,0.0,NORMAL_GRAPH_TOPOLOGY,NONE,NONE
MPLADS-002683,22.56,36.34,0,34,1,1,0.2,0,0.0,0.0,NORMAL_GRAPH_TOPOLOGY,NONE,NONE
MPLADS-002684,7.4,9.08,0,9,1,1,0.1667,0,1.0,0.0,NORMAL_GRAPH_TOPOLOGY,NONE,NONE
MPLADS-002685,50.63,77.68,0,34,1,1,0.125,0,-0.33,15.0,NORMAL_GRAPH_TOPOLOGY,NONE,NONE
MPLADS-002686,25.62,41.64,0,11,1,1,0.25,0,-0.67,15.0,NORMAL_GRAPH_TOPOLOGY,NONE,NONE
MPLADS-002687,4.78,4.78,0,2,1,1,0.2,0,-0.5,0.0,NORMAL_GRAPH_TOPOLOGY,NONE,NONE
MPLADS-002688,10.93,15.38,0,7,1,1,0.1667,0,0.33,0.0,NORMAL_GRAPH_TOPOLOGY,NONE,NONE
MPLADS-002689,9.07,12.02,0,21,1,1,0.3333,0,-0.17,0.0,NORMAL_GRAPH_TOPOLOGY,NONE,NONE
MPLADS-002690,39.55,64.0,0,31,1,1,0.1667,0,-1.17,15.0,NORMAL_GRAPH_TOPOLOGY,NONE,NONE
MPLADS-002691,27.49,44.9,0,27,1,1,0.1429,0,1.0,0.0,NORMAL_GRAPH_TOPOLOGY,NONE,NONE
MPLADS-002692,55.39,82.82,0,5,1,1,0.1429,0,-1.17,0.0,NORMAL_GRAPH_TOPOLOGY,NONE,NONE
MPLADS-002693,17.73,27.7,0,30,1,1,0.2,0,-0.5,0.0,NORMAL_GRAPH_TOPOLOGY,NONE,NONE
MPLADS-002694,27.02,44.04,0,20,1,1,0.5,0,0.0,0.0,NORMAL_GRAPH_TOPOLOGY,NONE,NONE
MPLADS-002695,42.65,68.18,0,34,1,1,0.2,0,0.33,0.0,NORMAL_GRAPH_TOPOLOGY,NONE,NONE
MPLADS-002696,36.35,59.32,0,25,1,1,0.25,0,0.33,15.0,NORMAL_GRAPH_TOPOLOGY,NONE,NONE
MPLADS-002697,3.95,3.62,0,22,1,1,0.1667,0,0.33,0.0,NORMAL_GRAPH_TOPOLOGY,NONE,NONE
MPLADS-002698,29.61,48.42,0,29,1,1,0.5,0,0.0,0.0,NORMAL_GRAPH_TOPOLOGY,NONE,NONE
MPLADS-002699,55.44,82.88,0,28,1,1,0.1667,1,1.67,35.0,NORMAL_GRAPH_TOPOLOGY,NONE,NONE
MPLADS-002700,18.14,28.48,0,32,1,1,0.1429,0,-0.67,0.0,NORMAL_GRAPH_TOPOLOGY,NONE,NONE
MPLADS-002701,28.64,46.84,0,1,1,1,0.3333,0,-0.33,15.0,NORMAL_GRAPH_TOPOLOGY,NONE,NONE
MPLADS-002702,2.51,1.88,0,35,1,1,0.1429,0,-0.17,0.0,NORMAL_GRAPH_TOPOLOGY,NONE,NONE
MPLADS-002703,21.11,33.8,0,34,1,1,0.25,0,0.0,0.0,NORMAL_GRAPH_TOPOLOGY,NONE,NONE
MPLADS-002704,75.11,96.3,1,3,1,1,0.2222,2,0.67,50.0,CORPORATE_COLLUSION_NETWORK,RECURRING_EXCLUSIVE_PAIRING,NONE
MPLADS-002705,80.88,98.32,1,0,1,1,0.3333,2,0.67,35.0,CORPORATE_COLLUSION_NETWORK,PRE_AWARD_GOVERNANCE_INSTABILITY,HUB_CENTRALITY_SPIKE
MPLADS-002706,68.42,92.22,0,0,1,1,0.5,0,1.83,0.0,HIGH_CONSTITUENCY_AGENCY_CAPTURE,PRE_AWARD_GOVERNANCE_INSTABILITY,NONE
MPLADS-002707,66.81,91.1,0,25,1,1,0.3333,1,0.67,35.0,CORPORATE_COLLUSION_NETWORK,HIGH_CONSTITUENCY_AGENCY_CAPTURE,PRE_AWARD_GOVERNANCE_INSTABILITY
MPLADS-002708,13.04,19.18,0,6,1,1,0.1667,0,0.33,0.0,NORMAL_GRAPH_TOPOLOGY,NONE,NONE
MPLADS-002709,18.39,28.92,0,27,1,1,0.25,0,-0.67,0.0,NORMAL_GRAPH_TOPOLOGY,NONE,NONE
MPLADS-002710,44.06,69.86,0,18,1,1,0.3333,0,0.5,15.0,NORMAL_GRAPH_TOPOLOGY,NONE,NONE
MPLADS-002711,13.41,19.84,0,32,1,1,0.2,0,0.0,15.0,NORMAL_GRAPH_TOPOLOGY,NONE,NONE
MPLADS-002712,44.92,70.88,0,11,1,1,0.1111,0,-0.17,0.0,NORMAL_GRAPH_TOPOLOGY,NONE,NONE
MPLADS-002713,10.2,14.08,0,7,1,1,0.25,0,0.17,0.0,NORMAL_GRAPH_TOPOLOGY,NONE,NONE
MPLADS-002714,49.7,76.66,0,7,1,1,1.0,0,-0.33,0.0,NORMAL_GRAPH_TOPOLOGY,NONE,NONE
MPLADS-002715,23.67,38.22,0,34,1,1,0.1429,0,-0.17,0.0,NORMAL_GRAPH_TOPOLOGY,NONE,NONE
MPLADS-002716,58.86,85.76,0,5,1,1,0.3333,0,-1.17,0.0,NORMAL_GRAPH_TOPOLOGY,NONE,NONE
MPLADS-002717,12.57,18.3,0,9,1,1,0.1667,0,-0.5,0.0,NORMAL_GRAPH_TOPOLOGY,NONE,NONE
MPLADS-002718,5.01,5.18,0,3,1,1,0.1667,0,0.0,0.0,NORMAL_GRAPH_TOPOLOGY,NONE,NONE
MPLADS-002719,43.46,69.16,0,26,1,1,0.5,0,0.33,0.0,NORMAL_GRAPH_TOPOLOGY,NONE,NONE
MPLADS-002720,27.13,44.24,0,30,1,1,0.1429,0,0.33,0.0,NORMAL_GRAPH_TOPOLOGY,NONE,NONE
MPLADS-002721,62.26,87.8,0,8,1,1,0.5,0,0.0,15.0,RECURRING_EXCLUSIVE_PAIRING,HIGH_CONSTITUENCY_AGENCY_CAPTURE,NONE
MPLADS-002722,26.83,43.68,0,7,1,1,0.1111,0,-0.33,0.0,NORMAL_GRAPH_TOPOLOGY,NONE,NONE
MPLADS-002723,22.55,36.32,0,10,1,1,0.1667,0,-0.83,0.0,NORMAL_GRAPH_TOPOLOGY,NONE,NONE
MPLADS-002724,25.36,41.14,0,15,1,1,0.25,0,0.33,0.0,NORMAL_GRAPH_TOPOLOGY,NONE,NONE
MPLADS-002725,6.17,7.1,0,15,1,1,0.1667,0,0.0,0.0,NORMAL_GRAPH_TOPOLOGY,NONE,NONE
MPLADS-002726,38.78,63.02,0,29,1,1,0.25,0,-0.17,0.0,NORMAL_GRAPH_TOPOLOGY,NONE,NONE
MPLADS-002727,8.21,10.48,0,12,1,1,0.25,0,-0.67,0.0,NORMAL_GRAPH_TOPOLOGY,NONE,NONE
MPLADS-002728,28.89,47.22,0,8,1,1,0.2,0,0.33,15.0,NORMAL_GRAPH_TOPOLOGY,NONE,NONE
MPLADS-002729,37.58,61.24,0,26,1,1,0.2,0,-0.17,15.0,NORMAL_GRAPH_TOPOLOGY,NONE,NONE
MPLADS-002730,27.44,44.82,0,5,1,1,0.2,0,0.33,15.0,NORMAL_GRAPH_TOPOLOGY,NONE,NONE
MPLADS-002731,25.99,42.24,0,20,1,1,0.2,0,0.33,15.0,NORMAL_GRAPH_TOPOLOGY,NONE,NONE
MPLADS-002732,27.88,45.5,0,33,1,1,0.1667,0,0.0,0.0,NORMAL_GRAPH_TOPOLOGY,NONE,NONE
MPLADS-002733,41.64,66.8,0,13,1,1,0.3333,0,-1.17,0.0,NORMAL_GRAPH_TOPOLOGY,NONE,NONE
MPLADS-002734,13.32,19.72,0,20,1,1,0.2,0,-0.5,0.0,NORMAL_GRAPH_TOPOLOGY,NONE,NONE
MPLADS-002735,2.71,2.12,0,12,1,1,0.25,0,-0.17,0.0,NORMAL_GRAPH_TOPOLOGY,NONE,NONE
MPLADS-002736,54.57,81.98,0,2,1,1,0.25,0,-0.83,0.0,NORMAL_GRAPH_TOPOLOGY,NONE,NONE
MPLADS-002737,26.33,42.82,0,26,1,1,0.2,0,0.67,0.0,NORMAL_GRAPH_TOPOLOGY,NONE,NONE
MPLADS-002738,19.42,30.82,0,24,1,1,0.25,0,-1.0,0.0,NORMAL_GRAPH_TOPOLOGY,NONE,NONE
MPLADS-002739,11.04,15.6,0,10,1,1,0.3333,0,0.0,0.0,NORMAL_GRAPH_TOPOLOGY,NONE,NONE
MPLADS-002740,22.38,36.0,0,2,1,1,0.25,0,-0.5,15.0,NORMAL_GRAPH_TOPOLOGY,NONE,NONE
MPLADS-002741,73.65,95.72,1,34,1,1,0.25,2,0.67,50.0,CORPORATE_COLLUSION_NETWORK,RECURRING_EXCLUSIVE_PAIRING,NONE
MPLADS-002742,4.91,5.02,0,29,1,1,0.25,0,-0.5,0.0,NORMAL_GRAPH_TOPOLOGY,NONE,NONE
MPLADS-002743,76.74,97.06,1,6,1,1,0.1429,2,0.67,50.0,CORPORATE_COLLUSION_NETWORK,RECURRING_EXCLUSIVE_PAIRING,NONE
MPLADS-002744,23.34,37.68,0,12,1,1,0.25,0,1.17,0.0,NORMAL_GRAPH_TOPOLOGY,NONE,NONE
MPLADS-002745,22.33,35.92,0,11,1,1,0.1667,0,-0.17,0.0,NORMAL_GRAPH_TOPOLOGY,NONE,NONE
MPLADS-002746,45.54,71.68,0,24,1,1,0.1667,0,-0.33,15.0,NORMAL_GRAPH_TOPOLOGY,NONE,NONE
MPLADS-002747,48.52,75.24,0,1,1,1,0.25,0,0.83,0.0,NORMAL_GRAPH_TOPOLOGY,NONE,NONE
MPLADS-002748,4.73,4.68,0,32,1,1,0.1429,0,0.0,0.0,NORMAL_GRAPH_TOPOLOGY,NONE,NONE
MPLADS-002749,52.56,79.98,0,30,1,1,0.5,0,-1.33,0.0,NORMAL_GRAPH_TOPOLOGY,NONE,NONE
MPLADS-002750,54.64,82.1,0,14,1,1,0.3333,0,-1.67,0.0,NORMAL_GRAPH_TOPOLOGY,NONE,NONE
MPLADS-002751,57.96,85.12,0,24,1,1,0.1111,0,0.67,15.0,NORMAL_GRAPH_TOPOLOGY,NONE,NONE
MPLADS-002752,46.61,72.94,0,7,1,1,0.5,0,1.17,0.0,NORMAL_GRAPH_TOPOLOGY,NONE,NONE
MPLADS-002753,0.68,0.24,0,29,1,1,0.2,0,0.17,0.0,NORMAL_GRAPH_TOPOLOGY,NONE,NONE
MPLADS-002754,54.36,81.78,0,1,1,1,0.2,0,-0.5,15.0,NORMAL_GRAPH_TOPOLOGY,NONE,NONE
MPLADS-002755,13.66,20.32,0,2,1,1,0.25,0,0.5,0.0,NORMAL_GRAPH_TOPOLOGY,NONE,NONE
MPLADS-002756,36.78,60.02,0,20,1,1,0.2,0,-0.17,0.0,NORMAL_GRAPH_TOPOLOGY,NONE,NONE
MPLADS-002757,25.56,41.54,0,16,1,1,0.1429,0,0.17,0.0,NORMAL_GRAPH_TOPOLOGY,NONE,NONE
MPLADS-002758,54.1,81.5,0,21,1,1,0.5,0,-0.33,15.0,NORMAL_GRAPH_TOPOLOGY,NONE,NONE
MPLADS-002759,30.41,49.8,0,13,1,1,0.2,0,-1.17,0.0,NORMAL_GRAPH_TOPOLOGY,NONE,NONE
MPLADS-002760,9.86,13.46,0,2,1,1,0.1429,0,0.0,0.0,NORMAL_GRAPH_TOPOLOGY,NONE,NONE
MPLADS-002761,62.91,88.26,0,20,1,1,0.2,0,0.17,0.0,PRE_AWARD_GOVERNANCE_INSTABILITY,NONE,NONE
MPLADS-002762,14.6,22.02,0,7,1,1,0.25,0,-0.5,0.0,NORMAL_GRAPH_TOPOLOGY,NONE,NONE
MPLADS-002763,10.37,14.38,0,17,1,1,0.1667,0,-0.33,0.0,NORMAL_GRAPH_TOPOLOGY,NONE,NONE
MPLADS-002764,72.47,95.1,1,1,1,1,0.1667,2,3.0,35.0,CORPORATE_COLLUSION_NETWORK,HUB_CENTRALITY_SPIKE,NONE
MPLADS-002765,96.39,99.76,1,26,1,1,0.25,4,2.17,35.0,CORPORATE_COLLUSION_NETWORK,HIGH_CONSTITUENCY_AGENCY_CAPTURE,PRE_AWARD_GOVERNANCE_INSTABILITY
MPLADS-002766,7.08,8.58,0,5,1,1,0.1429,0,0.0,0.0,NORMAL_GRAPH_TOPOLOGY,NONE,NONE
MPLADS-002767,35.89,58.6,0,20,1,1,0.2,0,-1.0,0.0,NORMAL_GRAPH_TOPOLOGY,NONE,NONE
MPLADS-002768,97.02,99.88,1,27,1,1,0.1429,4,2.67,50.0,CORPORATE_COLLUSION_NETWORK,RECURRING_EXCLUSIVE_PAIRING,HIGH_CONSTITUENCY_AGENCY_CAPTURE
MPLADS-002769,36.44,59.46,0,30,1,1,0.125,0,0.5,0.0,NORMAL_GRAPH_TOPOLOGY,NONE,NONE
MPLADS-002770,28.72,46.98,0,26,1,1,0.2,0,1.0,0.0,NORMAL_GRAPH_TOPOLOGY,NONE,NONE
MPLADS-002771,60.23,86.62,0,24,1,1,0.3333,0,1.83,0.0,HIGH_CONSTITUENCY_AGENCY_CAPTURE,PRE_AWARD_GOVERNANCE_INSTABILITY,NONE
MPLADS-002772,21.63,34.7,0,27,1,1,0.5,0,-0.33,0.0,NORMAL_GRAPH_TOPOLOGY,NONE,NONE
MPLADS-002773,46.78,73.16,0,17,1,1,0.2,0,0.67,0.0,NORMAL_GRAPH_TOPOLOGY,NONE,NONE
MPLADS-002774,3.33,2.82,0,15,1,1,0.2,0,0.17,0.0,NORMAL_GRAPH_TOPOLOGY,NONE,NONE
MPLADS-002775,47.6,74.18,0,2,1,1,0.25,0,-0.17,0.0,NORMAL_GRAPH_TOPOLOGY,NONE,NONE
MPLADS-002776,76.0,96.72,1,6,1,1,0.2,2,0.67,35.0,CORPORATE_COLLUSION_NETWORK,PRE_AWARD_GOVERNANCE_INSTABILITY,HUB_CENTRALITY_SPIKE
MPLADS-002777,36.2,59.08,0,4,1,1,0.2,0,0.67,15.0,NORMAL_GRAPH_TOPOLOGY,NONE,NONE
MPLADS-002778,25.0,40.5,0,32,1,1,0.1667,0,-0.83,0.0,NORMAL_GRAPH_TOPOLOGY,NONE,NONE
MPLADS-002779,24.14,39.06,0,36,1,1,0.25,0,-0.67,0.0,NORMAL_GRAPH_TOPOLOGY,NONE,NONE
MPLADS-002780,23.08,37.28,0,24,1,1,0.3333,0,-0.67,0.0,NORMAL_GRAPH_TOPOLOGY,NONE,NONE
MPLADS-002781,35.25,57.58,0,35,1,1,0.5,0,0.0,0.0,NORMAL_GRAPH_TOPOLOGY,NONE,NONE
MPLADS-002782,36.49,59.54,0,9,1,1,0.25,0,-0.5,15.0,NORMAL_GRAPH_TOPOLOGY,NONE,NONE
MPLADS-002783,34.9,57.02,0,2,1,1,0.5,0,0.5,0.0,NORMAL_GRAPH_TOPOLOGY,NONE,NONE
MPLADS-002784,4.15,3.92,0,6,1,1,0.25,0,-0.17,0.0,NORMAL_GRAPH_TOPOLOGY,NONE,NONE
MPLADS-002785,43.59,69.32,0,33,1,1,0.1,0,0.17,0.0,NORMAL_GRAPH_TOPOLOGY,NONE,NONE
MPLADS-002786,14.19,21.28,0,27,1,1,0.2,0,0.67,0.0,NORMAL_GRAPH_TOPOLOGY,NONE,NONE
MPLADS-002787,65.31,89.88,0,17,1,1,0.25,2,1.0,35.0,CORPORATE_COLLUSION_NETWORK,HUB_CENTRALITY_SPIKE,NONE
MPLADS-002788,46.54,72.84,0,24,1,1,0.1667,0,0.17,0.0,NORMAL_GRAPH_TOPOLOGY,NONE,NONE
MPLADS-002789,69.16,92.8,0,30,1,1,0.3333,2,1.0,35.0,CORPORATE_COLLUSION_NETWORK,NONE,NONE
MPLADS-002790,30.22,49.46,0,31,1,1,0.3333,0,-0.5,15.0,NORMAL_GRAPH_TOPOLOGY,NONE,NONE
MPLADS-002791,22.27,35.84,0,23,1,1,0.1837,0,-0.67,0.0,NORMAL_GRAPH_TOPOLOGY,NONE,NONE
MPLADS-002792,56.58,83.86,0,33,1,1,0.25,1,0.33,35.0,NORMAL_GRAPH_TOPOLOGY,NONE,NONE
MPLADS-002793,19.75,31.4,0,34,1,1,0.1667,0,0.33,0.0,NORMAL_GRAPH_TOPOLOGY,NONE,NONE
MPLADS-002794,61.9,87.54,0,26,1,1,1.0,0,-0.17,0.0,HIGH_CONSTITUENCY_AGENCY_CAPTURE,NONE,NONE
MPLADS-002795,21.14,33.86,0,5,1,1,0.1667,0,1.67,0.0,NORMAL_GRAPH_TOPOLOGY,NONE,NONE
MPLADS-002796,47.08,73.62,0,31,1,1,0.1667,0,-1.5,0.0,NORMAL_GRAPH_TOPOLOGY,NONE,NONE
MPLADS-002797,52.71,80.14,0,7,1,1,0.2,0,1.0,15.0,NORMAL_GRAPH_TOPOLOGY,NONE,NONE
MPLADS-002798,14.59,22.0,0,6,1,1,0.25,0,-0.17,0.0,NORMAL_GRAPH_TOPOLOGY,NONE,NONE
MPLADS-002799,54.61,82.06,0,10,1,1,0.25,0,0.17,0.0,NORMAL_GRAPH_TOPOLOGY,NONE,NONE
MPLADS-002800,9.64,13.06,0,5,1,1,0.25,0,-0.17,0.0,NORMAL_GRAPH_TOPOLOGY,NONE,NONE
MPLADS-002801,11.99,17.24,0,28,1,1,0.25,0,0.67,0.0,NORMAL_GRAPH_TOPOLOGY,NONE,NONE
MPLADS-002802,16.6,25.64,0,6,1,1,0.2,0,0.67,0.0,NORMAL_GRAPH_TOPOLOGY,NONE,NONE
MPLADS-002803,27.29,44.52,0,22,1,1,0.5,0,-0.33,0.0,NORMAL_GRAPH_TOPOLOGY,NONE,NONE
MPLADS-002804,30.26,49.54,0,25,1,1,0.3333,0,-0.83,0.0,NORMAL_GRAPH_TOPOLOGY,NONE,NONE
MPLADS-002805,7.19,8.76,0,2,1,1,0.25,0,0.0,0.0,NORMAL_GRAPH_TOPOLOGY,NONE,NONE
MPLADS-002806,2.91,2.38,0,5,1,1,0.2,0,0.0,0.0,NORMAL_GRAPH_TOPOLOGY,NONE,NONE
MPLADS-002807,19.53,31.0,0,12,1,1,0.25,0,-0.67,0.0,NORMAL_GRAPH_TOPOLOGY,NONE,NONE
MPLADS-002808,82.66,98.64,1,11,1,1,0.0833,1,2.33,35.0,CORPORATE_COLLUSION_NETWORK,PRE_AWARD_GOVERNANCE_INSTABILITY,NONE
MPLADS-002809,24.57,39.78,0,31,1,1,0.3333,0,0.5,0.0,NORMAL_GRAPH_TOPOLOGY,NONE,NONE
MPLADS-002810,0.11,0.1,0,3,1,1,0.25,0,-0.17,0.0,NORMAL_GRAPH_TOPOLOGY,NONE,NONE
MPLADS-002811,40.8,65.74,0,34,1,1,0.3333,0,-0.83,0.0,NORMAL_GRAPH_TOPOLOGY,NONE,NONE
MPLADS-002812,10.97,15.46,0,19,1,1,0.1667,0,-0.67,0.0,NORMAL_GRAPH_TOPOLOGY,NONE,NONE
MPLADS-002813,28.37,46.34,0,19,1,1,0.25,0,1.17,0.0,NORMAL_GRAPH_TOPOLOGY,NONE,NONE
MPLADS-002814,13.54,20.1,0,3,1,1,0.1429,0,0.0,0.0,NORMAL_GRAPH_TOPOLOGY,NONE,NONE
MPLADS-002815,74.03,95.96,1,26,1,1,0.3333,1,2.5,50.0,CORPORATE_COLLUSION_NETWORK,RECURRING_EXCLUSIVE_PAIRING,HUB_CENTRALITY_SPIKE
MPLADS-002816,22.14,35.6,0,29,1,1,0.1111,0,-0.17,0.0,NORMAL_GRAPH_TOPOLOGY,NONE,NONE
MPLADS-002817,66.58,90.88,0,10,1,1,0.1429,2,1.0,35.0,CORPORATE_COLLUSION_NETWORK,HUB_CENTRALITY_SPIKE,NONE
MPLADS-002818,16.68,25.78,0,6,1,1,0.2,0,-0.33,0.0,NORMAL_GRAPH_TOPOLOGY,NONE,NONE
MPLADS-002819,8.31,10.66,0,2,1,1,0.1667,0,-0.17,0.0,NORMAL_GRAPH_TOPOLOGY,NONE,NONE
MPLADS-002820,48.95,75.82,0,6,1,1,0.1667,0,0.17,0.0,NORMAL_GRAPH_TOPOLOGY,NONE,NONE
MPLADS-002821,5.79,6.42,0,1,1,1,0.25,0,0.0,0.0,NORMAL_GRAPH_TOPOLOGY,NONE,NONE
MPLADS-002822,23.04,37.2,0,12,1,1,0.3333,0,-0.5,0.0,NORMAL_GRAPH_TOPOLOGY,NONE,NONE
MPLADS-002823,54.93,82.34,0,34,1,1,0.1667,0,-0.83,15.0,NORMAL_GRAPH_TOPOLOGY,NONE,NONE
MPLADS-002824,52.15,79.48,0,13,1,1,1.0,0,0.0,0.0,NORMAL_GRAPH_TOPOLOGY,NONE,NONE
MPLADS-002825,60.55,86.8,0,22,1,1,0.5,1,1.0,35.0,CORPORATE_COLLUSION_NETWORK,HIGH_CONSTITUENCY_AGENCY_CAPTURE,HUB_CENTRALITY_SPIKE
MPLADS-002826,85.35,98.96,1,18,2,1,0.1562,1,2.67,35.0,CORPORATE_COLLUSION_NETWORK,NONE,NONE
MPLADS-002827,50.98,78.1,0,9,1,1,0.25,0,-0.33,15.0,NORMAL_GRAPH_TOPOLOGY,NONE,NONE
MPLADS-002828,29.25,47.82,0,36,1,1,0.2,0,-0.5,15.0,NORMAL_GRAPH_TOPOLOGY,NONE,NONE
MPLADS-002829,9.63,13.02,0,25,1,1,0.3333,0,0.0,0.0,NORMAL_GRAPH_TOPOLOGY,NONE,NONE
MPLADS-002830,62.11,87.7,0,6,1,1,1.0,0,0.0,0.0,PRE_AWARD_GOVERNANCE_INSTABILITY,HUB_CENTRALITY_SPIKE,NONE
MPLADS-002831,69.98,93.44,0,30,1,1,0.1,1,2.67,35.0,CORPORATE_COLLUSION_NETWORK,NONE,NONE
MPLADS-002832,53.15,80.58,0,9,1,1,0.3333,0,0.83,0.0,NORMAL_GRAPH_TOPOLOGY,NONE,NONE
MPLADS-002833,54.58,82.0,0,27,1,1,0.3333,0,-1.17,0.0,NORMAL_GRAPH_TOPOLOGY,NONE,NONE
MPLADS-002834,27.37,44.68,0,33,1,1,0.2,0,-1.0,0.0,NORMAL_GRAPH_TOPOLOGY,NONE,NONE
MPLADS-002835,52.36,79.74,0,6,1,1,0.5,0,-0.67,0.0,NORMAL_GRAPH_TOPOLOGY,NONE,NONE
MPLADS-002836,52.34,79.72,0,6,1,1,0.5,0,0.0,0.0,NORMAL_GRAPH_TOPOLOGY,NONE,NONE
MPLADS-002837,63.94,88.92,0,24,1,1,0.5,0,-0.83,0.0,HIGH_CONSTITUENCY_AGENCY_CAPTURE,PRE_AWARD_GOVERNANCE_INSTABILITY,NONE
MPLADS-002838,10.73,15.08,0,23,1,1,0.1667,0,0.0,0.0,NORMAL_GRAPH_TOPOLOGY,NONE,NONE
MPLADS-002839,31.17,51.02,0,20,1,1,0.2,0,1.17,0.0,NORMAL_GRAPH_TOPOLOGY,NONE,NONE
MPLADS-002840,45.63,71.78,0,5,1,1,0.1667,0,-1.0,15.0,NORMAL_GRAPH_TOPOLOGY,NONE,NONE
MPLADS-002841,69.35,92.98,0,7,1,1,0.25,1,3.0,35.0,CORPORATE_COLLUSION_NETWORK,NONE,NONE
MPLADS-002842,44.46,70.36,0,7,1,1,0.1429,0,-1.33,0.0,NORMAL_GRAPH_TOPOLOGY,NONE,NONE
MPLADS-002843,12.45,18.08,0,7,1,1,0.2,0,0.0,0.0,NORMAL_GRAPH_TOPOLOGY,NONE,NONE
MPLADS-002844,12.66,18.46,0,8,1,1,0.2,0,0.5,0.0,NORMAL_GRAPH_TOPOLOGY,NONE,NONE
MPLADS-002845,6.14,7.04,0,30,1,1,0.25,0,-0.5,0.0,NORMAL_GRAPH_TOPOLOGY,NONE,NONE
MPLADS-002846,45.23,71.28,0,15,1,1,0.25,0,-1.0,15.0,NORMAL_GRAPH_TOPOLOGY,NONE,NONE
MPLADS-002847,31.63,51.72,0,7,1,1,0.1429,0,-0.33,15.0,NORMAL_GRAPH_TOPOLOGY,NONE,NONE
MPLADS-002848,30.08,49.18,0,23,1,1,0.3333,0,0.67,0.0,NORMAL_GRAPH_TOPOLOGY,NONE,NONE
MPLADS-002849,20.79,33.26,0,0,1,1,0.25,0,-0.83,0.0,NORMAL_GRAPH_TOPOLOGY,NONE,NONE
MPLADS-002850,35.3,57.64,0,5,1,1,0.25,0,0.33,15.0,NORMAL_GRAPH_TOPOLOGY,NONE,NONE
MPLADS-002851,44.44,70.34,0,30,1,1,0.1429,0,-1.33,0.0,NORMAL_GRAPH_TOPOLOGY,NONE,NONE
MPLADS-002852,40.53,65.38,0,1,1,1,0.1667,0,0.0,0.0,NORMAL_GRAPH_TOPOLOGY,NONE,NONE
MPLADS-002853,53.47,80.88,0,8,1,1,0.2,0,0.0,15.0,NORMAL_GRAPH_TOPOLOGY,NONE,NONE
MPLADS-002854,25.86,42.02,0,9,1,1,0.25,0,0.0,15.0,NORMAL_GRAPH_TOPOLOGY,NONE,NONE
MPLADS-002855,16.83,26.06,0,33,1,1,0.2,0,-0.67,0.0,NORMAL_GRAPH_TOPOLOGY,NONE,NONE
MPLADS-002856,55.35,82.78,0,17,1,1,0.3333,0,0.17,0.0,NORMAL_GRAPH_TOPOLOGY,NONE,NONE
MPLADS-002857,48.36,75.08,0,8,1,1,0.25,0,-0.67,15.0,NORMAL_GRAPH_TOPOLOGY,NONE,NONE
MPLADS-002858,44.36,70.28,0,14,1,1,0.3333,0,0.67,0.0,NORMAL_GRAPH_TOPOLOGY,NONE,NONE
MPLADS-002859,5.45,5.86,0,32,1,1,0.1667,0,-0.17,0.0,NORMAL_GRAPH_TOPOLOGY,NONE,NONE
MPLADS-002860,19.99,31.84,0,34,1,1,0.25,0,0.17,0.0,NORMAL_GRAPH_TOPOLOGY,NONE,NONE
MPLADS-002861,34.28,56.0,0,22,1,1,0.1111,0,-0.5,0.0,NORMAL_GRAPH_TOPOLOGY,NONE,NONE
MPLADS-002862,26.51,43.14,0,35,1,1,0.1429,0,-0.33,15.0,NORMAL_GRAPH_TOPOLOGY,NONE,NONE
MPLADS-002863,64.45,89.26,0,0,1,1,0.3333,0,-1.17,15.0,RECURRING_EXCLUSIVE_PAIRING,HIGH_CONSTITUENCY_AGENCY_CAPTURE,PRE_AWARD_GOVERNANCE_INSTABILITY
MPLADS-002864,27.59,45.04,0,14,1,1,0.1429,0,0.5,15.0,NORMAL_GRAPH_TOPOLOGY,NONE,NONE
MPLADS-002865,51.67,78.94,0,26,1,1,0.125,0,1.0,15.0,NORMAL_GRAPH_TOPOLOGY,NONE,NONE
MPLADS-002866,52.67,80.08,0,36,1,1,1.0,0,0.0,0.0,NORMAL_GRAPH_TOPOLOGY,NONE,NONE
MPLADS-002867,22.81,36.76,0,1,1,1,0.2,0,-0.67,0.0,NORMAL_GRAPH_TOPOLOGY,NONE,NONE
MPLADS-002868,23.05,37.22,0,23,1,1,0.25,0,-0.5,15.0,NORMAL_GRAPH_TOPOLOGY,NONE,NONE
MPLADS-002869,31.78,51.98,0,4,1,1,0.125,0,-0.83,0.0,NORMAL_GRAPH_TOPOLOGY,NONE,NONE
MPLADS-002870,21.49,34.44,0,33,1,1,0.25,0,0.67,0.0,NORMAL_GRAPH_TOPOLOGY,NONE,NONE
MPLADS-002871,30.93,50.64,0,24,1,1,0.25,0,0.83,0.0,NORMAL_GRAPH_TOPOLOGY,NONE,NONE
MPLADS-002872,18.6,29.28,0,29,1,1,0.1111,0,0.33,0.0,NORMAL_GRAPH_TOPOLOGY,NONE,NONE
MPLADS-002873,2.66,2.04,0,29,1,1,0.25,0,-0.5,0.0,NORMAL_GRAPH_TOPOLOGY,NONE,NONE
MPLADS-002874,76.18,96.8,1,32,1,1,0.1667,2,1.0,50.0,CORPORATE_COLLUSION_NETWORK,RECURRING_EXCLUSIVE_PAIRING,NONE
MPLADS-002875,27.24,44.42,0,18,1,1,0.25,0,-0.67,0.0,NORMAL_GRAPH_TOPOLOGY,NONE,NONE
MPLADS-002876,38.22,62.24,0,5,1,1,0.125,0,-1.0,0.0,NORMAL_GRAPH_TOPOLOGY,NONE,NONE
MPLADS-002877,37.8,61.6,0,21,1,1,0.25,0,-0.33,15.0,NORMAL_GRAPH_TOPOLOGY,NONE,NONE
MPLADS-002878,2.94,2.4,0,3,1,1,0.2,0,-0.33,0.0,NORMAL_GRAPH_TOPOLOGY,NONE,NONE
MPLADS-002879,64.02,88.98,0,26,1,1,0.25,1,2.67,35.0,CORPORATE_COLLUSION_NETWORK,NONE,NONE
MPLADS-002880,22.84,36.82,0,1,1,1,0.25,0,-0.33,15.0,NORMAL_GRAPH_TOPOLOGY,NONE,NONE
MPLADS-002881,44.07,69.88,0,9,1,1,0.2,0,0.17,0.0,NORMAL_GRAPH_TOPOLOGY,NONE,NONE
MPLADS-002882,43.45,69.14,0,34,1,1,0.1667,0,-0.5,0.0,NORMAL_GRAPH_TOPOLOGY,NONE,NONE
MPLADS-002883,37.02,60.38,0,33,1,1,0.25,0,-0.5,15.0,NORMAL_GRAPH_TOPOLOGY,NONE,NONE
MPLADS-002884,76.37,96.87,1,0,2,1,0.375,0,0.67,15.0,HIGH_CONSTITUENCY_AGENCY_CAPTURE,RECURRING_EXCLUSIVE_PAIRING,PRE_AWARD_GOVERNANCE_INSTABILITY
MPLADS-002885,35.38,57.76,0,1,1,1,0.1429,0,-0.67,15.0,NORMAL_GRAPH_TOPOLOGY,NONE,NONE
MPLADS-002886,50.32,77.28,0,24,1,1,0.2,0,0.0,15.0,NORMAL_GRAPH_TOPOLOGY,NONE,NONE
MPLADS-002887,1.54,0.92,0,5,1,1,0.2,0,0.33,0.0,NORMAL_GRAPH_TOPOLOGY,NONE,NONE
MPLADS-002888,29.01,47.44,0,33,1,1,0.25,0,0.33,0.0,NORMAL_GRAPH_TOPOLOGY,NONE,NONE
MPLADS-002889,19.89,31.66,0,7,1,1,0.1429,0,0.0,0.0,NORMAL_GRAPH_TOPOLOGY,NONE,NONE
MPLADS-002890,59.06,85.94,0,3,1,1,0.2,1,2.67,35.0,NORMAL_GRAPH_TOPOLOGY,NONE,NONE
MPLADS-002891,0.39,0.16,0,12,1,1,0.25,0,-0.17,0.0,NORMAL_GRAPH_TOPOLOGY,NONE,NONE
MPLADS-002892,58.16,85.2,0,9,1,1,0.1429,0,0.83,0.0,NORMAL_GRAPH_TOPOLOGY,NONE,NONE
MPLADS-002893,45.71,71.88,0,11,1,1,0.1429,0,1.0,0.0,NORMAL_GRAPH_TOPOLOGY,NONE,NONE
MPLADS-002894,3.52,3.06,0,7,1,1,0.2,0,-0.33,0.0,NORMAL_GRAPH_TOPOLOGY,NONE,NONE
MPLADS-002895,38.15,62.18,0,26,1,1,0.2,0,-0.83,0.0,NORMAL_GRAPH_TOPOLOGY,NONE,NONE
MPLADS-002896,50.67,77.76,0,3,1,1,1.0,0,0.0,0.0,NORMAL_GRAPH_TOPOLOGY,NONE,NONE
MPLADS-002897,47.63,74.22,0,10,1,1,0.125,0,-0.17,0.0,NORMAL_GRAPH_TOPOLOGY,NONE,NONE
MPLADS-002898,35.53,58.0,0,11,1,1,0.1667,0,-0.5,0.0,NORMAL_GRAPH_TOPOLOGY,NONE,NONE
MPLADS-002899,45.43,71.54,0,34,1,1,0.25,0,-0.33,15.0,NORMAL_GRAPH_TOPOLOGY,NONE,NONE
MPLADS-002900,70.83,94.04,0,23,2,1,0.1837,0,1.67,0.0,HIGH_CONSTITUENCY_AGENCY_CAPTURE,NONE,NONE
MPLADS-002901,17.66,27.58,0,5,1,1,0.25,0,0.17,0.0,NORMAL_GRAPH_TOPOLOGY,NONE,NONE
MPLADS-002902,17.2,26.72,0,32,1,1,0.3333,0,-0.17,0.0,NORMAL_GRAPH_TOPOLOGY,NONE,NONE
MPLADS-002903,48.7,75.44,0,3,1,1,0.2,1,1.0,35.0,NORMAL_GRAPH_TOPOLOGY,NONE,NONE
MPLADS-002904,25.22,40.92,0,17,1,1,0.2,0,0.33,0.0,NORMAL_GRAPH_TOPOLOGY,NONE,NONE
MPLADS-002905,30.83,50.48,0,14,1,1,0.3333,0,0.33,15.0,NORMAL_GRAPH_TOPOLOGY,NONE,NONE
MPLADS-002906,19.67,31.24,0,34,1,1,0.1429,0,-0.17,0.0,NORMAL_GRAPH_TOPOLOGY,NONE,NONE
MPLADS-002907,14.91,22.58,0,2,1,1,0.25,0,-0.83,0.0,NORMAL_GRAPH_TOPOLOGY,NONE,NONE
MPLADS-002908,2.12,1.44,0,24,1,1,0.1667,0,0.0,0.0,NORMAL_GRAPH_TOPOLOGY,NONE,NONE
MPLADS-002909,8.07,10.22,0,27,1,1,0.25,0,-0.17,0.0,NORMAL_GRAPH_TOPOLOGY,NONE,NONE
MPLADS-002910,58.35,85.3,0,28,1,1,0.3333,0,0.0,15.0,NORMAL_GRAPH_TOPOLOGY,NONE,NONE
MPLADS-002911,71.6,94.5,0,26,1,1,0.2,2,1.67,35.0,CORPORATE_COLLUSION_NETWORK,HUB_CENTRALITY_SPIKE,NONE
MPLADS-002912,30.26,49.56,0,21,1,1,0.2,0,0.67,0.0,NORMAL_GRAPH_TOPOLOGY,NONE,NONE
MPLADS-002913,56.62,83.88,0,4,1,1,0.2,1,-0.33,35.0,NORMAL_GRAPH_TOPOLOGY,NONE,NONE
MPLADS-002914,45.27,71.32,0,14,1,1,0.5,0,0.0,15.0,NORMAL_GRAPH_TOPOLOGY,NONE,NONE
MPLADS-002915,15.91,24.34,0,33,1,1,0.25,0,0.0,0.0,NORMAL_GRAPH_TOPOLOGY,NONE,NONE
MPLADS-002916,51.12,78.3,0,26,1,1,0.28,0,0.5,15.0,NORMAL_GRAPH_TOPOLOGY,NONE,NONE
MPLADS-002917,34.84,56.92,0,26,1,1,0.1429,0,0.0,0.0,NORMAL_GRAPH_TOPOLOGY,NONE,NONE
MPLADS-002918,33.04,53.94,0,4,1,1,0.3333,0,-0.33,0.0,NORMAL_GRAPH_TOPOLOGY,NONE,NONE
MPLADS-002919,58.38,85.34,0,21,1,1,1.0,0,0.5,0.0,NORMAL_GRAPH_TOPOLOGY,NONE,NONE
MPLADS-002920,26.65,43.38,0,11,1,1,0.1667,0,-0.5,15.0,NORMAL_GRAPH_TOPOLOGY,NONE,NONE
MPLADS-002921,26.79,43.6,0,35,1,1,0.25,0,-0.83,0.0,NORMAL_GRAPH_TOPOLOGY,NONE,NONE
MPLADS-002922,42.73,68.3,0,33,1,1,0.1667,0,-1.17,0.0,NORMAL_GRAPH_TOPOLOGY,NONE,NONE
MPLADS-002923,38.58,62.82,0,34,1,1,0.1667,0,-0.33,15.0,NORMAL_GRAPH_TOPOLOGY,NONE,NONE
MPLADS-002924,30.99,50.72,0,8,1,1,0.25,0,1.67,0.0,NORMAL_GRAPH_TOPOLOGY,NONE,NONE
MPLADS-002925,55.78,83.2,0,33,1,1,1.0,0,-0.67,0.0,NORMAL_GRAPH_TOPOLOGY,NONE,NONE
MPLADS-002926,54.68,82.14,0,11,1,1,0.1111,0,0.0,0.0,NORMAL_GRAPH_TOPOLOGY,NONE,NONE
MPLADS-002927,16.77,25.94,0,16,1,1,0.25,0,-0.17,0.0,NORMAL_GRAPH_TOPOLOGY,NONE,NONE
MPLADS-002928,64.64,89.4,0,23,2,1,0.2222,0,1.17,0.0,ELEVATED_GRAPH_CENTRALITY,NONE,NONE
MPLADS-002929,77.84,97.54,1,21,1,1,0.25,2,4.0,35.0,CORPORATE_COLLUSION_NETWORK,NONE,NONE
MPLADS-002930,32.18,52.58,0,0,1,1,0.3333,0,-0.17,15.0,NORMAL_GRAPH_TOPOLOGY,NONE,NONE
MPLADS-002931,66.4,90.78,0,7,1,1,0.1429,1,2.67,35.0,CORPORATE_COLLUSION_NETWORK,NONE,NONE
MPLADS-002932,68.62,92.34,0,7,1,1,0.25,2,2.67,35.0,CORPORATE_COLLUSION_NETWORK,NONE,NONE
MPLADS-002933,9.01,11.88,0,30,1,1,0.3333,0,0.0,0.0,NORMAL_GRAPH_TOPOLOGY,NONE,NONE
MPLADS-002934,18.31,28.76,0,2,1,1,0.125,0,-0.33,0.0,NORMAL_GRAPH_TOPOLOGY,NONE,NONE
MPLADS-002935,70.58,93.9,0,7,1,1,0.3333,2,1.67,35.0,CORPORATE_COLLUSION_NETWORK,HUB_CENTRALITY_SPIKE,NONE
MPLADS-002936,20.29,32.36,0,28,1,1,0.1667,0,-0.5,0.0,NORMAL_GRAPH_TOPOLOGY,NONE,NONE
MPLADS-002937,23.5,37.94,0,1,1,1,0.3333,0,0.17,0.0,NORMAL_GRAPH_TOPOLOGY,NONE,NONE
MPLADS-002938,14.12,21.14,0,0,1,1,0.25,0,0.0,0.0,NORMAL_GRAPH_TOPOLOGY,NONE,NONE
MPLADS-002939,53.4,80.82,0,11,1,1,0.125,0,-0.83,0.0,NORMAL_GRAPH_TOPOLOGY,NONE,NONE
MPLADS-002940,94.17,99.4,1,19,1,1,0.25,4,2.17,35.0,CORPORATE_COLLUSION_NETWORK,HIGH_CONSTITUENCY_AGENCY_CAPTURE,PRE_AWARD_GOVERNANCE_INSTABILITY
MPLADS-002941,67.32,91.46,0,33,1,1,0.2,2,2.67,35.0,CORPORATE_COLLUSION_NETWORK,NONE,NONE
MPLADS-002942,94.68,99.54,1,0,1,1,0.1667,4,2.17,35.0,CORPORATE_COLLUSION_NETWORK,HIGH_CONSTITUENCY_AGENCY_CAPTURE,PRE_AWARD_GOVERNANCE_INSTABILITY
MPLADS-002943,36.1,58.9,0,33,1,1,0.5,0,0.5,0.0,NORMAL_GRAPH_TOPOLOGY,NONE,NONE
MPLADS-002944,40.1,64.84,0,7,1,1,0.2,0,0.5,15.0,NORMAL_GRAPH_TOPOLOGY,NONE,NONE
MPLADS-002945,8.29,10.64,0,19,1,1,0.1429,0,-0.33,0.0,NORMAL_GRAPH_TOPOLOGY,NONE,NONE
MPLADS-002946,45.84,72.04,0,2,1,1,0.3333,0,0.67,0.0,NORMAL_GRAPH_TOPOLOGY,NONE,NONE
MPLADS-002947,52.18,79.52,0,14,1,1,0.2,0,-0.83,15.0,NORMAL_GRAPH_TOPOLOGY,NONE,NONE
MPLADS-002948,18.27,28.7,0,35,1,1,0.25,0,0.33,0.0,NORMAL_GRAPH_TOPOLOGY,NONE,NONE
MPLADS-002949,40.16,64.92,0,4,1,1,0.5,0,0.67,0.0,NORMAL_GRAPH_TOPOLOGY,NONE,NONE
MPLADS-002950,48.09,74.7,0,2,1,1,0.125,0,1.0,0.0,NORMAL_GRAPH_TOPOLOGY,NONE,NONE
MPLADS-002951,23.44,37.82,0,29,1,1,0.25,0,0.0,0.0,NORMAL_GRAPH_TOPOLOGY,NONE,NONE
MPLADS-002952,24.11,39.0,0,7,1,1,0.2,0,-0.5,15.0,NORMAL_GRAPH_TOPOLOGY,NONE,NONE
MPLADS-002953,37.85,61.68,0,36,1,1,0.2,0,-0.5,15.0,NORMAL_GRAPH_TOPOLOGY,NONE,NONE
MPLADS-002954,42.63,68.14,0,33,1,1,0.25,0,1.17,15.0,NORMAL_GRAPH_TOPOLOGY,NONE,NONE
MPLADS-002955,40.13,64.88,0,25,1,1,0.1667,0,-0.17,0.0,NORMAL_GRAPH_TOPOLOGY,NONE,NONE
MPLADS-002956,82.29,98.56,1,31,1,1,0.1111,2,1.0,50.0,CORPORATE_COLLUSION_NETWORK,RECURRING_EXCLUSIVE_PAIRING,NONE
MPLADS-002957,23.71,38.3,0,34,1,1,0.1429,0,0.0,0.0,NORMAL_GRAPH_TOPOLOGY,NONE,NONE
MPLADS-002958,34.88,56.98,0,7,1,1,0.2,0,-0.5,15.0,NORMAL_GRAPH_TOPOLOGY,NONE,NONE
MPLADS-002959,29.45,48.12,0,28,1,1,0.2,0,-0.5,0.0,NORMAL_GRAPH_TOPOLOGY,NONE,NONE
MPLADS-002960,31.02,50.78,0,27,1,1,0.28,0,0.5,15.0,NORMAL_GRAPH_TOPOLOGY,NONE,NONE
MPLADS-002961,47.56,74.14,0,17,1,1,0.2,0,-0.33,0.0,NORMAL_GRAPH_TOPOLOGY,NONE,NONE
MPLADS-002962,39.91,64.52,0,7,1,1,0.125,0,-1.17,0.0,NORMAL_GRAPH_TOPOLOGY,NONE,NONE
MPLADS-002963,8.9,11.68,0,11,1,1,0.1429,0,-0.17,0.0,NORMAL_GRAPH_TOPOLOGY,NONE,NONE
MPLADS-002964,21.42,34.34,0,35,1,1,0.2,0,-0.67,0.0,NORMAL_GRAPH_TOPOLOGY,NONE,NONE
MPLADS-002965,35.17,57.44,0,33,1,1,0.3333,0,0.5,0.0,NORMAL_GRAPH_TOPOLOGY,NONE,NONE
MPLADS-002966,23.26,37.56,0,33,1,1,0.125,0,-0.67,0.0,NORMAL_GRAPH_TOPOLOGY,NONE,NONE
MPLADS-002967,59.08,85.96,0,28,1,1,0.0909,0,-0.5,15.0,NORMAL_GRAPH_TOPOLOGY,NONE,NONE
MPLADS-002968,70.23,93.66,0,34,1,1,0.1667,2,2.0,35.0,CORPORATE_COLLUSION_NETWORK,NONE,NONE
MPLADS-002969,69.65,93.2,0,11,1,1,0.125,2,1.0,35.0,CORPORATE_COLLUSION_NETWORK,NONE,NONE
MPLADS-002970,55.72,83.14,0,30,1,1,0.1429,1,0.67,35.0,NORMAL_GRAPH_TOPOLOGY,NONE,NONE
MPLADS-002971,33.66,54.94,0,19,1,1,0.3333,0,-0.67,0.0,NORMAL_GRAPH_TOPOLOGY,NONE,NONE
MPLADS-002972,22.95,37.02,0,7,1,1,0.3333,0,-0.5,0.0,NORMAL_GRAPH_TOPOLOGY,NONE,NONE
MPLADS-002973,54.29,81.68,0,28,1,1,0.3333,0,0.83,0.0,NORMAL_GRAPH_TOPOLOGY,NONE,NONE
MPLADS-002974,97.35,99.92,1,35,1,1,0.3333,4,2.67,50.0,CORPORATE_COLLUSION_NETWORK,RECURRING_EXCLUSIVE_PAIRING,HIGH_CONSTITUENCY_AGENCY_CAPTURE
MPLADS-002975,14.89,22.54,0,12,1,1,0.25,0,-0.5,0.0,NORMAL_GRAPH_TOPOLOGY,NONE,NONE
MPLADS-002976,5.18,5.42,0,31,1,1,0.1667,0,0.0,0.0,NORMAL_GRAPH_TOPOLOGY,NONE,NONE
MPLADS-002977,34.13,55.76,0,16,1,1,0.1667,0,-0.33,15.0,NORMAL_GRAPH_TOPOLOGY,NONE,NONE
MPLADS-002978,45.32,71.4,0,8,1,1,0.25,0,-0.83,0.0,NORMAL_GRAPH_TOPOLOGY,NONE,NONE
MPLADS-002979,41.46,66.6,0,28,1,1,0.1667,0,1.0,0.0,NORMAL_GRAPH_TOPOLOGY,NONE,NONE
MPLADS-002980,8.25,10.56,0,22,1,1,0.25,0,0.33,0.0,NORMAL_GRAPH_TOPOLOGY,NONE,NONE
MPLADS-002981,16.64,25.72,0,24,1,1,0.1667,0,-0.67,0.0,NORMAL_GRAPH_TOPOLOGY,NONE,NONE
MPLADS-002982,9.91,13.56,0,27,1,1,0.1837,0,0.0,0.0,NORMAL_GRAPH_TOPOLOGY,NONE,NONE
MPLADS-002983,18.83,29.7,0,34,1,1,0.1667,0,-0.17,0.0,NORMAL_GRAPH_TOPOLOGY,NONE,NONE
MPLADS-002984,82.89,98.68,1,33,1,1,0.3333,2,0.67,35.0,CORPORATE_COLLUSION_NETWORK,PRE_AWARD_GOVERNANCE_INSTABILITY,HUB_CENTRALITY_SPIKE
MPLADS-002985,4.4,4.24,0,32,1,1,0.2,0,0.0,0.0,NORMAL_GRAPH_TOPOLOGY,NONE,NONE
MPLADS-002986,21.41,34.32,0,15,1,1,0.3333,0,0.33,0.0,NORMAL_GRAPH_TOPOLOGY,NONE,NONE
MPLADS-002987,16.81,26.02,0,0,1,1,0.1429,0,-0.83,0.0,NORMAL_GRAPH_TOPOLOGY,NONE,NONE
MPLADS-002988,46.15,72.42,0,33,1,1,0.5,0,-0.67,15.0,NORMAL_GRAPH_TOPOLOGY,NONE,NONE
MPLADS-002989,49.94,76.88,0,30,1,1,1.0,0,-0.17,0.0,NORMAL_GRAPH_TOPOLOGY,NONE,NONE
MPLADS-002990,7.02,8.48,0,9,1,1,0.25,0,-0.67,0.0,NORMAL_GRAPH_TOPOLOGY,NONE,NONE
MPLADS-002991,61.48,87.3,0,7,1,1,0.1429,1,1.0,50.0,CORPORATE_COLLUSION_NETWORK,RECURRING_EXCLUSIVE_PAIRING,NONE
MPLADS-002992,8.54,11.1,0,11,1,1,0.1429,0,0.0,0.0,NORMAL_GRAPH_TOPOLOGY,NONE,NONE
MPLADS-002993,35.18,57.46,0,28,1,1,0.5,0,-0.67,0.0,NORMAL_GRAPH_TOPOLOGY,NONE,NONE
MPLADS-002994,4.66,4.58,0,25,1,1,0.25,0,0.0,0.0,NORMAL_GRAPH_TOPOLOGY,NONE,NONE
MPLADS-002995,28.22,46.1,0,17,1,1,0.1429,0,-0.5,15.0,NORMAL_GRAPH_TOPOLOGY,NONE,NONE
MPLADS-002996,20.01,31.88,0,11,1,1,0.2,0,-0.33,0.0,NORMAL_GRAPH_TOPOLOGY,NONE,NONE
MPLADS-002997,45.96,72.18,0,26,1,1,0.25,0,-0.5,0.0,NORMAL_GRAPH_TOPOLOGY,NONE,NONE
MPLADS-002998,11.96,17.18,0,11,1,1,0.1667,0,-0.17,0.0,NORMAL_GRAPH_TOPOLOGY,NONE,NONE
MPLADS-002999,25.54,41.5,0,6,1,1,0.1667,0,0.17,15.0,NORMAL_GRAPH_TOPOLOGY,NONE,NONE
MPLADS-003000,4.04,3.76,0,2,1,1,0.2,0,0.0,0.0,NORMAL_GRAPH_TOPOLOGY,NONE,NONE
MPLADS-003001,52.22,79.56,0,33,1,1,1.0,0,0.5,0.0,NORMAL_GRAPH_TOPOLOGY,NONE,NONE
MPLADS-003002,28.68,46.9,0,26,1,1,0.1429,0,-0.17,0.0,NORMAL_GRAPH_TOPOLOGY,NONE,NONE
MPLADS-003003,16.52,25.48,0,35,1,1,0.2,0,-0.83,0.0,NORMAL_GRAPH_TOPOLOGY,NONE,NONE
MPLADS-003004,51.73,79.02,0,11,1,1,0.2,0,1.0,15.0,NORMAL_GRAPH_TOPOLOGY,NONE,NONE
MPLADS-003005,37.11,60.54,0,33,1,1,0.3333,0,-0.17,15.0,NORMAL_GRAPH_TOPOLOGY,NONE,NONE
MPLADS-003006,19.74,31.38,0,28,1,1,0.3333,0,0.17,0.0,NORMAL_GRAPH_TOPOLOGY,NONE,NONE
MPLADS-003007,62.87,88.24,0,11,1,1,0.1667,0,-1.0,0.0,ELEVATED_GRAPH_CENTRALITY,NONE,NONE
MPLADS-003008,75.49,96.44,1,20,1,1,0.25,2,1.0,50.0,CORPORATE_COLLUSION_NETWORK,RECURRING_EXCLUSIVE_PAIRING,NONE
MPLADS-003009,5.69,6.28,0,14,1,1,0.1667,0,0.0,0.0,NORMAL_GRAPH_TOPOLOGY,NONE,NONE
MPLADS-003010,31.89,52.14,0,33,1,1,0.1667,0,0.17,15.0,NORMAL_GRAPH_TOPOLOGY,NONE,NONE
MPLADS-003011,8.78,11.5,0,19,1,1,0.1667,0,0.0,0.0,NORMAL_GRAPH_TOPOLOGY,NONE,NONE
MPLADS-003012,68.87,92.52,0,35,1,1,0.25,1,2.5,50.0,CORPORATE_COLLUSION_NETWORK,RECURRING_EXCLUSIVE_PAIRING,HUB_CENTRALITY_SPIKE
MPLADS-003013,47.71,74.3,0,25,1,1,0.1,0,-0.33,15.0,NORMAL_GRAPH_TOPOLOGY,NONE,NONE
MPLADS-003014,8.26,10.58,0,12,1,1,0.25,0,0.0,0.0,NORMAL_GRAPH_TOPOLOGY,NONE,NONE
MPLADS-003015,33.45,54.62,0,32,1,1,0.5,0,0.0,0.0,NORMAL_GRAPH_TOPOLOGY,NONE,NONE
MPLADS-003016,80.78,98.3,1,11,1,1,0.1111,2,0.67,50.0,CORPORATE_COLLUSION_NETWORK,RECURRING_EXCLUSIVE_PAIRING,NONE
MPLADS-003017,49.53,76.48,0,25,1,1,0.2,0,-0.67,0.0,NORMAL_GRAPH_TOPOLOGY,NONE,NONE
MPLADS-003018,28.9,47.24,0,23,1,1,0.1667,0,1.17,0.0,NORMAL_GRAPH_TOPOLOGY,NONE,NONE
MPLADS-003019,6.96,8.4,0,23,1,1,0.1667,0,-0.17,0.0,NORMAL_GRAPH_TOPOLOGY,NONE,NONE
MPLADS-003020,32.92,53.74,0,3,1,1,0.3333,0,-1.17,0.0,NORMAL_GRAPH_TOPOLOGY,NONE,NONE
MPLADS-003021,56.05,83.44,0,5,1,1,0.125,0,-1.67,15.0,NORMAL_GRAPH_TOPOLOGY,NONE,NONE
MPLADS-003022,38.13,62.14,0,12,1,1,0.2,0,-0.5,0.0,NORMAL_GRAPH_TOPOLOGY,NONE,NONE
MPLADS-003023,30.95,50.66,0,0,1,1,0.3333,0,0.33,15.0,NORMAL_GRAPH_TOPOLOGY,NONE,NONE
MPLADS-003024,74.19,96.02,1,26,1,1,0.2,2,3.0,35.0,CORPORATE_COLLUSION_NETWORK,HUB_CENTRALITY_SPIKE,NONE
MPLADS-003025,17.08,26.5,0,33,1,1,0.1429,0,0.0,0.0,NORMAL_GRAPH_TOPOLOGY,NONE,NONE
MPLADS-003026,65.62,90.07,0,33,2,1,0.375,0,0.17,0.0,HIGH_CONSTITUENCY_AGENCY_CAPTURE,HUB_CENTRALITY_SPIKE,NONE
MPLADS-003027,37.69,61.44,0,33,1,1,0.3333,0,0.67,0.0,NORMAL_GRAPH_TOPOLOGY,NONE,NONE
MPLADS-003028,20.36,32.48,0,2,1,1,0.1429,0,-0.83,0.0,NORMAL_GRAPH_TOPOLOGY,NONE,NONE
MPLADS-003029,33.46,54.64,0,35,1,1,0.25,0,-0.33,15.0,NORMAL_GRAPH_TOPOLOGY,NONE,NONE
MPLADS-003030,35.8,58.44,0,12,1,1,0.2,0,1.0,15.0,NORMAL_GRAPH_TOPOLOGY,NONE,NONE
MPLADS-003031,2.84,2.28,0,35,1,1,0.2,0,-0.17,0.0,NORMAL_GRAPH_TOPOLOGY,NONE,NONE
MPLADS-003032,61.78,87.44,0,34,1,1,0.2,0,-0.83,0.0,ELEVATED_GRAPH_CENTRALITY,NONE,NONE
MPLADS-003033,62.58,88.02,0,25,1,1,0.1429,1,2.67,35.0,CORPORATE_COLLUSION_NETWORK,NONE,NONE
MPLADS-003034,22.46,36.14,0,34,1,1,0.2,0,-0.67,0.0,NORMAL_GRAPH_TOPOLOGY,NONE,NONE
MPLADS-003035,44.62,70.52,0,35,1,1,1.0,0,0.0,0.0,NORMAL_GRAPH_TOPOLOGY,NONE,NONE
MPLADS-003036,15.7,23.98,0,21,1,1,0.1667,0,-0.17,0.0,NORMAL_GRAPH_TOPOLOGY,NONE,NONE
MPLADS-003037,29.75,48.66,0,30,1,1,0.5,0,-0.5,0.0,NORMAL_GRAPH_TOPOLOGY,NONE,NONE
MPLADS-003038,24.43,39.52,0,15,1,1,0.1667,0,-0.83,0.0,NORMAL_GRAPH_TOPOLOGY,NONE,NONE
MPLADS-003039,44.5,70.42,0,20,1,1,0.5,0,0.67,0.0,NORMAL_GRAPH_TOPOLOGY,NONE,NONE
MPLADS-003040,0.62,0.22,0,32,1,1,0.25,0,0.0,0.0,NORMAL_GRAPH_TOPOLOGY,NONE,NONE
MPLADS-003041,68.53,92.28,0,34,1,1,1.0,0,-1.0,15.0,HIGH_CONSTITUENCY_AGENCY_CAPTURE,RECURRING_EXCLUSIVE_PAIRING,NONE
MPLADS-003042,41.61,66.78,0,19,1,1,0.3333,0,0.33,15.0,NORMAL_GRAPH_TOPOLOGY,NONE,NONE
MPLADS-003043,70.77,94.0,0,26,1,1,0.3333,2,1.0,35.0,CORPORATE_COLLUSION_NETWORK,NONE,NONE
MPLADS-003044,2.23,1.54,0,7,1,1,0.2,0,0.33,0.0,NORMAL_GRAPH_TOPOLOGY,NONE,NONE
MPLADS-003045,26.16,42.52,0,16,1,1,0.3333,0,-0.17,0.0,NORMAL_GRAPH_TOPOLOGY,NONE,NONE
MPLADS-003046,69.01,92.64,0,9,1,1,0.25,2,2.67,35.0,CORPORATE_COLLUSION_NETWORK,NONE,NONE
MPLADS-003047,15.27,23.18,0,25,1,1,0.1667,0,0.17,0.0,NORMAL_GRAPH_TOPOLOGY,NONE,NONE
MPLADS-003048,48.2,74.84,0,13,1,1,0.1358,0,-1.17,0.0,NORMAL_GRAPH_TOPOLOGY,NONE,NONE
MPLADS-003049,10.42,14.48,0,35,1,1,0.2,0,-0.17,0.0,NORMAL_GRAPH_TOPOLOGY,NONE,NONE
MPLADS-003050,37.27,60.78,0,7,1,1,0.1429,0,0.33,15.0,NORMAL_GRAPH_TOPOLOGY,NONE,NONE
MPLADS-003051,51.59,78.8,0,35,1,1,1.0,0,0.0,0.0,NORMAL_GRAPH_TOPOLOGY,NONE,NONE
MPLADS-003052,46.18,72.46,0,32,1,1,0.1667,0,0.83,0.0,NORMAL_GRAPH_TOPOLOGY,NONE,NONE
MPLADS-003053,61.69,87.4,0,33,1,1,1.0,0,0.0,0.0,HIGH_CONSTITUENCY_AGENCY_CAPTURE,NONE,NONE
MPLADS-003054,24.92,40.36,0,15,1,1,0.2,0,0.33,15.0,NORMAL_GRAPH_TOPOLOGY,NONE,NONE
MPLADS-003055,11.38,16.22,0,30,1,1,0.25,0,-0.17,15.0,NORMAL_GRAPH_TOPOLOGY,NONE,NONE
MPLADS-003056,52.26,79.62,0,10,1,1,1.0,0,-0.67,0.0,NORMAL_GRAPH_TOPOLOGY,NONE,NONE
MPLADS-003057,3.64,3.22,0,8,1,1,0.2,0,0.0,0.0,NORMAL_GRAPH_TOPOLOGY,NONE,NONE
MPLADS-003058,9.58,12.94,0,14,1,1,0.1667,0,-0.17,0.0,NORMAL_GRAPH_TOPOLOGY,NONE,NONE
MPLADS-003059,68.71,92.42,0,1,2,1,0.1358,0,0.0,0.0,ELEVATED_GRAPH_CENTRALITY,NONE,NONE
MPLADS-003060,21.27,34.08,0,20,1,1,0.1667,0,-0.83,0.0,NORMAL_GRAPH_TOPOLOGY,NONE,NONE
MPLADS-003061,15.56,23.74,0,21,1,1,0.25,0,-0.5,0.0,NORMAL_GRAPH_TOPOLOGY,NONE,NONE
MPLADS-003062,65.6,90.04,0,5,1,1,0.25,0,1.33,0.0,PRE_AWARD_GOVERNANCE_INSTABILITY,HIGH_CONSTITUENCY_AGENCY_CAPTURE,NONE
MPLADS-003063,48.82,75.64,0,28,1,1,0.1667,0,0.0,15.0,NORMAL_GRAPH_TOPOLOGY,NONE,NONE
MPLADS-003064,61.17,87.14,0,0,1,1,1.0,0,-0.17,15.0,HIGH_CONSTITUENCY_AGENCY_CAPTURE,RECURRING_EXCLUSIVE_PAIRING,HUB_CENTRALITY_SPIKE
MPLADS-003065,18.22,28.6,0,5,1,1,0.3333,0,-0.67,0.0,NORMAL_GRAPH_TOPOLOGY,NONE,NONE
MPLADS-003066,40.39,65.2,0,27,1,1,0.25,0,-1.0,15.0,NORMAL_GRAPH_TOPOLOGY,NONE,NONE
MPLADS-003067,35.64,58.16,0,14,1,1,0.5,0,-0.17,0.0,NORMAL_GRAPH_TOPOLOGY,NONE,NONE
MPLADS-003068,38.96,63.22,0,9,1,1,0.2,0,-0.17,0.0,NORMAL_GRAPH_TOPOLOGY,NONE,NONE
MPLADS-003069,11.55,16.5,0,27,1,1,0.2,0,-0.17,15.0,NORMAL_GRAPH_TOPOLOGY,NONE,NONE
MPLADS-003070,39.62,64.08,0,31,1,1,0.25,0,-1.17,15.0,NORMAL_GRAPH_TOPOLOGY,NONE,NONE
MPLADS-003071,28.0,45.72,0,34,1,1,0.125,0,0.0,0.0,NORMAL_GRAPH_TOPOLOGY,NONE,NONE
MPLADS-003072,15.64,23.88,0,24,1,1,0.1667,0,0.0,0.0,NORMAL_GRAPH_TOPOLOGY,NONE,NONE
MPLADS-003073,37.86,61.7,0,15,1,1,0.3333,0,-0.5,15.0,NORMAL_GRAPH_TOPOLOGY,NONE,NONE
MPLADS-003074,36.06,58.82,0,20,1,1,0.25,0,-1.0,0.0,NORMAL_GRAPH_TOPOLOGY,NONE,NONE
MPLADS-003075,3.61,3.18,0,28,1,1,0.2,0,0.33,0.0,NORMAL_GRAPH_TOPOLOGY,NONE,NONE
MPLADS-003076,63.87,88.86,0,5,2,1,0.2222,0,0.33,15.0,RECURRING_EXCLUSIVE_PAIRING,NONE,NONE
MPLADS-003077,16.57,25.56,0,3,1,1,0.2222,0,-0.33,0.0,NORMAL_GRAPH_TOPOLOGY,NONE,NONE
MPLADS-003078,32.55,53.16,0,1,1,1,0.1358,0,0.5,0.0,NORMAL_GRAPH_TOPOLOGY,NONE,NONE
MPLADS-003079,12.1,17.44,0,25,1,1,0.25,0,-0.17,0.0,NORMAL_GRAPH_TOPOLOGY,NONE,NONE
MPLADS-003080,43.53,69.26,0,33,1,1,0.1111,0,0.17,0.0,NORMAL_GRAPH_TOPOLOGY,NONE,NONE
MPLADS-003081,11.05,15.62,0,8,1,1,0.1667,0,0.0,0.0,NORMAL_GRAPH_TOPOLOGY,NONE,NONE
MPLADS-003082,43.42,69.1,0,3,1,1,0.1,0,-0.33,0.0,NORMAL_GRAPH_TOPOLOGY,NONE,NONE
MPLADS-003083,39.8,64.34,0,34,1,1,0.3333,0,0.83,15.0,NORMAL_GRAPH_TOPOLOGY,NONE,NONE
MPLADS-003084,62.64,88.08,0,24,1,1,0.1667,0,0.5,15.0,RECURRING_EXCLUSIVE_PAIRING,PRE_AWARD_GOVERNANCE_INSTABILITY,NONE
MPLADS-003085,31.19,51.06,0,26,1,1,0.2,0,-0.67,0.0,NORMAL_GRAPH_TOPOLOGY,NONE,NONE
MPLADS-003086,32.34,52.82,0,6,1,1,0.5,0,0.5,0.0,NORMAL_GRAPH_TOPOLOGY,NONE,NONE
MPLADS-003087,21.76,34.96,0,24,1,1,0.125,0,-0.33,15.0,NORMAL_GRAPH_TOPOLOGY,NONE,NONE
MPLADS-003088,36.27,59.2,0,18,1,1,0.3333,0,0.0,0.0,NORMAL_GRAPH_TOPOLOGY,NONE,NONE
MPLADS-003089,2.8,2.24,0,15,1,1,0.1667,0,0.33,0.0,NORMAL_GRAPH_TOPOLOGY,NONE,NONE
MPLADS-003090,59.51,86.24,0,35,1,1,1.0,0,0.17,0.0,NORMAL_GRAPH_TOPOLOGY,NONE,NONE
MPLADS-003091,54.9,82.3,0,23,1,1,0.1429,1,1.33,35.0,NORMAL_GRAPH_TOPOLOGY,NONE,NONE
MPLADS-003092,25.02,40.56,0,6,1,1,0.2,0,-0.5,0.0,NORMAL_GRAPH_TOPOLOGY,NONE,NONE
MPLADS-003093,40.86,65.82,0,13,1,1,0.2,0,-0.5,0.0,NORMAL_GRAPH_TOPOLOGY,NONE,NONE
MPLADS-003094,44.33,70.22,0,19,1,1,0.2,0,-0.67,15.0,NORMAL_GRAPH_TOPOLOGY,NONE,NONE
MPLADS-003095,14.17,21.24,0,10,1,1,0.25,0,-0.33,0.0,NORMAL_GRAPH_TOPOLOGY,NONE,NONE
MPLADS-003096,57.53,84.74,0,7,1,1,0.1429,0,-0.67,15.0,NORMAL_GRAPH_TOPOLOGY,NONE,NONE
MPLADS-003097,28.27,46.2,0,11,1,1,0.3333,0,-0.83,0.0,NORMAL_GRAPH_TOPOLOGY,NONE,NONE
MPLADS-003098,45.0,71.02,0,24,1,1,0.1358,0,0.83,0.0,NORMAL_GRAPH_TOPOLOGY,NONE,NONE
MPLADS-003099,16.3,25.06,0,7,1,1,0.125,0,0.17,0.0,NORMAL_GRAPH_TOPOLOGY,NONE,NONE
MPLADS-003100,63.16,88.46,0,11,2,1,0.1837,0,-0.17,0.0,HUB_CENTRALITY_SPIKE,NONE,NONE
MPLADS-003101,61.25,87.2,0,36,1,1,0.1429,0,-0.5,15.0,RECURRING_EXCLUSIVE_PAIRING,PRE_AWARD_GOVERNANCE_INSTABILITY,HUB_CENTRALITY_SPIKE
MPLADS-003102,37.33,60.88,0,19,1,1,0.2,0,0.83,15.0,NORMAL_GRAPH_TOPOLOGY,NONE,NONE
MPLADS-003103,27.34,44.62,0,34,1,1,0.25,0,-0.33,0.0,NORMAL_GRAPH_TOPOLOGY,NONE,NONE
MPLADS-003104,34.46,56.26,0,35,1,1,0.5,0,1.17,0.0,NORMAL_GRAPH_TOPOLOGY,NONE,NONE
MPLADS-003105,55.89,83.34,0,15,1,1,0.25,1,1.33,35.0,NORMAL_GRAPH_TOPOLOGY,NONE,NONE
MPLADS-003106,28.92,47.3,0,4,1,1,0.3333,0,0.5,0.0,NORMAL_GRAPH_TOPOLOGY,NONE,NONE
MPLADS-003107,78.73,97.88,1,27,2,1,0.1562,0,1.0,15.0,HIGH_CONSTITUENCY_AGENCY_CAPTURE,RECURRING_EXCLUSIVE_PAIRING,PRE_AWARD_GOVERNANCE_INSTABILITY
MPLADS-003108,34.2,55.86,0,26,1,1,0.2,0,0.17,15.0,NORMAL_GRAPH_TOPOLOGY,NONE,NONE
MPLADS-003109,33.2,54.2,0,9,1,1,0.25,0,0.67,15.0,NORMAL_GRAPH_TOPOLOGY,NONE,NONE
MPLADS-003110,10.17,14.02,0,22,1,1,0.2,0,1.0,0.0,NORMAL_GRAPH_TOPOLOGY,NONE,NONE
MPLADS-003111,50.35,77.34,0,27,1,1,0.1429,0,0.33,15.0,NORMAL_GRAPH_TOPOLOGY,NONE,NONE
MPLADS-003112,13.56,20.14,0,7,1,1,0.1667,0,0.0,0.0,NORMAL_GRAPH_TOPOLOGY,NONE,NONE
MPLADS-003113,8.35,10.74,0,14,1,1,0.25,0,0.33,0.0,NORMAL_GRAPH_TOPOLOGY,NONE,NONE
MPLADS-003114,28.02,45.74,0,24,1,1,0.25,0,0.0,0.0,NORMAL_GRAPH_TOPOLOGY,NONE,NONE
MPLADS-003115,39.14,63.46,0,14,1,1,0.2,0,0.17,0.0,NORMAL_GRAPH_TOPOLOGY,NONE,NONE
MPLADS-003116,26.84,43.7,0,33,1,1,0.3333,0,-0.5,0.0,NORMAL_GRAPH_TOPOLOGY,NONE,NONE
MPLADS-003117,48.27,74.94,0,1,1,1,0.2,1,1.33,35.0,NORMAL_GRAPH_TOPOLOGY,NONE,NONE
MPLADS-003118,36.87,60.14,0,24,1,1,0.25,0,0.0,0.0,NORMAL_GRAPH_TOPOLOGY,NONE,NONE
MPLADS-003119,12.98,19.08,0,23,1,1,0.1667,0,-0.5,0.0,NORMAL_GRAPH_TOPOLOGY,NONE,NONE
MPLADS-003120,23.6,38.08,0,19,1,1,0.2,0,0.5,0.0,NORMAL_GRAPH_TOPOLOGY,NONE,NONE
MPLADS-003121,4.93,5.04,0,10,1,1,0.1667,0,0.0,0.0,NORMAL_GRAPH_TOPOLOGY,NONE,NONE
MPLADS-003122,15.75,24.06,0,35,1,1,0.3333,0,0.0,0.0,NORMAL_GRAPH_TOPOLOGY,NONE,NONE
MPLADS-003123,62.19,87.74,0,24,1,1,1.0,0,0.0,0.0,PRE_AWARD_GOVERNANCE_INSTABILITY,HUB_CENTRALITY_SPIKE,NONE
MPLADS-003124,72.96,95.3,1,21,1,1,0.1111,0,-1.33,0.0,HUB_CENTRALITY_SPIKE,NONE,NONE
MPLADS-003125,9.6,12.96,0,7,1,1,0.1429,0,-0.33,0.0,NORMAL_GRAPH_TOPOLOGY,NONE,NONE
MPLADS-003126,66.02,90.36,0,0,1,1,0.1667,1,2.67,35.0,CORPORATE_COLLUSION_NETWORK,NONE,NONE
MPLADS-003127,38.57,62.8,0,13,1,1,0.2,0,0.33,0.0,NORMAL_GRAPH_TOPOLOGY,NONE,NONE
MPLADS-003128,46.76,73.12,0,14,1,1,0.25,1,1.33,35.0,NORMAL_GRAPH_TOPOLOGY,NONE,NONE
MPLADS-003129,20.43,32.64,0,23,1,1,0.25,0,0.67,0.0,NORMAL_GRAPH_TOPOLOGY,NONE,NONE
MPLADS-003130,39.48,63.88,0,20,1,1,0.5,0,-0.17,0.0,NORMAL_GRAPH_TOPOLOGY,NONE,NONE
MPLADS-003131,16.97,26.3,0,14,1,1,0.25,0,-0.33,15.0,NORMAL_GRAPH_TOPOLOGY,NONE,NONE
MPLADS-003132,27.99,45.7,0,34,1,1,0.25,0,-0.5,0.0,NORMAL_GRAPH_TOPOLOGY,NONE,NONE
MPLADS-003133,14.67,22.14,0,10,1,1,0.25,0,-0.17,0.0,NORMAL_GRAPH_TOPOLOGY,NONE,NONE
MPLADS-003134,17.29,26.88,0,15,1,1,0.2,0,-0.83,0.0,NORMAL_GRAPH_TOPOLOGY,NONE,NONE
MPLADS-003135,13.39,19.82,0,27,1,1,0.1429,0,0.17,0.0,NORMAL_GRAPH_TOPOLOGY,NONE,NONE
MPLADS-003136,8.22,10.5,0,0,1,1,0.1429,0,0.33,0.0,NORMAL_GRAPH_TOPOLOGY,NONE,NONE
MPLADS-003137,32.22,52.64,0,22,1,1,0.5,0,0.33,0.0,NORMAL_GRAPH_TOPOLOGY,NONE,NONE
MPLADS-003138,13.86,20.7,0,0,1,1,0.3333,0,0.0,0.0,NORMAL_GRAPH_TOPOLOGY,NONE,NONE
MPLADS-003139,10.58,14.78,0,7,1,1,0.1667,0,0.17,0.0,NORMAL_GRAPH_TOPOLOGY,NONE,NONE
MPLADS-003140,2.98,2.46,0,12,1,1,0.1667,0,-0.5,0.0,NORMAL_GRAPH_TOPOLOGY,NONE,NONE
MPLADS-003141,18.16,28.52,0,14,1,1,0.1667,0,0.0,15.0,NORMAL_GRAPH_TOPOLOGY,NONE,NONE
MPLADS-003142,19.94,31.76,0,1,1,1,0.1667,0,0.0,15.0,NORMAL_GRAPH_TOPOLOGY,NONE,NONE
MPLADS-003143,13.09,19.28,0,21,1,1,0.25,0,0.5,0.0,NORMAL_GRAPH_TOPOLOGY,NONE,NONE
MPLADS-003144,9.57,12.9,0,28,1,1,0.3333,0,-0.33,0.0,NORMAL_GRAPH_TOPOLOGY,NONE,NONE
MPLADS-003145,42.4,67.84,0,19,1,1,0.5,0,0.0,0.0,NORMAL_GRAPH_TOPOLOGY,NONE,NONE
MPLADS-003146,67.83,91.86,0,3,1,1,0.1429,1,2.67,35.0,CORPORATE_COLLUSION_NETWORK,NONE,NONE
MPLADS-003147,29.62,48.44,0,7,1,1,0.3333,0,-0.5,0.0,NORMAL_GRAPH_TOPOLOGY,NONE,NONE
MPLADS-003148,13.14,19.38,0,2,1,1,0.1429,0,0.0,0.0,NORMAL_GRAPH_TOPOLOGY,NONE,NONE
MPLADS-003149,66.18,90.58,0,4,1,1,0.3333,1,1.0,50.0,CORPORATE_COLLUSION_NETWORK,RECURRING_EXCLUSIVE_PAIRING,NONE
MPLADS-003150,1.98,1.28,0,2,1,1,0.25,0,-0.17,0.0,NORMAL_GRAPH_TOPOLOGY,NONE,NONE
MPLADS-003151,10.02,13.76,0,10,1,1,0.3333,0,-0.33,0.0,NORMAL_GRAPH_TOPOLOGY,NONE,NONE
MPLADS-003152,58.82,85.72,0,25,1,1,0.2,1,2.67,35.0,NORMAL_GRAPH_TOPOLOGY,NONE,NONE
MPLADS-003153,11.49,16.4,0,8,1,1,0.1429,0,0.33,0.0,NORMAL_GRAPH_TOPOLOGY,NONE,NONE
MPLADS-003154,8.52,11.06,0,14,1,1,0.1667,0,-0.17,0.0,NORMAL_GRAPH_TOPOLOGY,NONE,NONE
MPLADS-003155,26.64,43.36,0,27,1,1,0.25,0,-0.83,0.0,NORMAL_GRAPH_TOPOLOGY,NONE,NONE
MPLADS-003156,94.66,99.52,1,30,2,1,0.5556,2,4.0,35.0,CORPORATE_COLLUSION_NETWORK,NONE,NONE
MPLADS-003157,53.02,80.44,0,5,1,1,1.0,0,0.0,0.0,NORMAL_GRAPH_TOPOLOGY,NONE,NONE
MPLADS-003158,35.67,58.24,0,21,1,1,0.1429,0,-0.33,15.0,NORMAL_GRAPH_TOPOLOGY,NONE,NONE
MPLADS-003159,8.56,11.14,0,9,1,1,0.1429,0,-0.5,0.0,NORMAL_GRAPH_TOPOLOGY,NONE,NONE
MPLADS-003160,18.93,29.92,0,35,1,1,0.1667,0,-0.33,0.0,NORMAL_GRAPH_TOPOLOGY,NONE,NONE
MPLADS-003161,54.96,82.38,0,23,1,1,0.1429,1,1.0,35.0,NORMAL_GRAPH_TOPOLOGY,NONE,NONE
MPLADS-003162,22.87,36.86,0,24,1,1,0.1111,0,0.0,0.0,NORMAL_GRAPH_TOPOLOGY,NONE,NONE
MPLADS-003163,57.22,84.4,0,12,1,1,0.2,0,0.33,0.0,NORMAL_GRAPH_TOPOLOGY,NONE,NONE
MPLADS-003164,16.48,25.4,0,5,1,1,0.2,0,-0.17,15.0,NORMAL_GRAPH_TOPOLOGY,NONE,NONE
MPLADS-003165,7.07,8.56,0,11,1,1,0.1667,0,0.0,0.0,NORMAL_GRAPH_TOPOLOGY,NONE,NONE
MPLADS-003166,23.37,37.72,0,26,1,1,0.1667,0,0.0,0.0,NORMAL_GRAPH_TOPOLOGY,NONE,NONE
MPLADS-003167,24.63,39.88,0,24,1,1,0.1429,0,-0.33,0.0,NORMAL_GRAPH_TOPOLOGY,NONE,NONE
MPLADS-003168,37.59,61.28,0,11,1,1,0.1429,0,-0.5,0.0,NORMAL_GRAPH_TOPOLOGY,NONE,NONE
MPLADS-003169,16.43,25.32,0,7,1,1,0.2,0,0.0,0.0,NORMAL_GRAPH_TOPOLOGY,NONE,NONE
MPLADS-003170,35.97,58.7,0,7,1,1,0.125,0,-0.5,0.0,NORMAL_GRAPH_TOPOLOGY,NONE,NONE
MPLADS-003171,6.84,8.18,0,9,1,1,0.1429,0,-0.17,0.0,NORMAL_GRAPH_TOPOLOGY,NONE,NONE
MPLADS-003172,12.19,17.62,0,11,1,1,0.2,0,-0.67,0.0,NORMAL_GRAPH_TOPOLOGY,NONE,NONE
MPLADS-003173,78.02,97.56,1,12,2,1,0.5556,0,0.0,0.0,HUB_CENTRALITY_SPIKE,NONE,NONE
MPLADS-003174,47.15,73.72,0,9,1,1,0.1667,0,1.0,0.0,NORMAL_GRAPH_TOPOLOGY,NONE,NONE
MPLADS-003175,14.22,21.34,0,34,1,1,0.25,0,-0.33,0.0,NORMAL_GRAPH_TOPOLOGY,NONE,NONE
MPLADS-003176,29.51,48.22,0,13,1,1,0.3333,0,0.67,0.0,NORMAL_GRAPH_TOPOLOGY,NONE,NONE
MPLADS-003177,49.58,76.54,0,29,1,1,0.3333,0,-0.33,15.0,NORMAL_GRAPH_TOPOLOGY,NONE,NONE
MPLADS-003178,47.93,74.56,0,21,1,1,0.1667,0,0.17,0.0,NORMAL_GRAPH_TOPOLOGY,NONE,NONE
MPLADS-003179,2.89,2.34,0,11,1,1,0.25,0,0.33,0.0,NORMAL_GRAPH_TOPOLOGY,NONE,NONE
MPLADS-003180,21.15,33.88,0,29,1,1,0.2,0,0.0,15.0,NORMAL_GRAPH_TOPOLOGY,NONE,NONE
MPLADS-003181,19.59,31.1,0,19,1,1,0.2,0,0.5,0.0,NORMAL_GRAPH_TOPOLOGY,NONE,NONE
MPLADS-003182,30.25,49.52,0,30,1,1,0.1667,0,-0.5,15.0,NORMAL_GRAPH_TOPOLOGY,NONE,NONE
MPLADS-003183,20.2,32.2,0,12,1,1,0.25,0,0.83,0.0,NORMAL_GRAPH_TOPOLOGY,NONE,NONE
MPLADS-003184,47.19,73.78,0,0,1,1,0.1429,0,0.33,0.0,NORMAL_GRAPH_TOPOLOGY,NONE,NONE
MPLADS-003185,27.41,44.76,0,21,1,1,0.1429,0,0.0,15.0,NORMAL_GRAPH_TOPOLOGY,NONE,NONE
MPLADS-003186,9.88,13.5,0,29,1,1,0.3333,0,-0.17,0.0,NORMAL_GRAPH_TOPOLOGY,NONE,NONE
MPLADS-003187,46.11,72.36,0,25,1,1,0.1667,0,-0.5,0.0,NORMAL_GRAPH_TOPOLOGY,NONE,NONE
MPLADS-003188,53.38,80.8,0,16,1,1,0.1667,0,0.67,15.0,NORMAL_GRAPH_TOPOLOGY,NONE,NONE
MPLADS-003189,49.88,76.82,0,0,1,1,0.2,0,0.67,0.0,NORMAL_GRAPH_TOPOLOGY,NONE,NONE
MPLADS-003190,6.87,8.24,0,30,1,1,0.2,0,0.0,0.0,NORMAL_GRAPH_TOPOLOGY,NONE,NONE
MPLADS-003191,4.44,4.3,0,14,1,1,0.25,0,0.17,0.0,NORMAL_GRAPH_TOPOLOGY,NONE,NONE
MPLADS-003192,36.11,58.94,0,21,1,1,0.1667,0,-0.5,0.0,NORMAL_GRAPH_TOPOLOGY,NONE,NONE
MPLADS-003193,67.82,91.84,0,17,1,1,0.2,1,2.67,35.0,CORPORATE_COLLUSION_NETWORK,NONE,NONE
MPLADS-003194,17.34,26.98,0,34,1,1,0.2,0,0.0,0.0,NORMAL_GRAPH_TOPOLOGY,NONE,NONE
MPLADS-003195,4.54,4.4,0,2,1,1,0.1667,0,-0.33,0.0,NORMAL_GRAPH_TOPOLOGY,NONE,NONE
MPLADS-003196,37.82,61.64,0,21,1,1,0.1667,0,-1.5,0.0,NORMAL_GRAPH_TOPOLOGY,NONE,NONE
MPLADS-003197,70.6,93.92,0,36,1,1,0.25,2,1.0,35.0,CORPORATE_COLLUSION_NETWORK,HIGH_CONSTITUENCY_AGENCY_CAPTURE,HUB_CENTRALITY_SPIKE
MPLADS-003198,19.69,31.3,0,36,1,1,0.25,0,-0.17,0.0,NORMAL_GRAPH_TOPOLOGY,NONE,NONE
MPLADS-003199,28.08,45.86,0,30,1,1,0.5,0,-0.33,0.0,NORMAL_GRAPH_TOPOLOGY,NONE,NONE
MPLADS-003200,19.55,31.04,0,12,1,1,0.125,0,0.33,0.0,NORMAL_GRAPH_TOPOLOGY,NONE,NONE
MPLADS-003201,17.24,26.78,0,14,1,1,0.3333,0,-0.17,0.0,NORMAL_GRAPH_TOPOLOGY,NONE,NONE
MPLADS-003202,28.2,46.06,0,21,1,1,0.2,0,-0.33,15.0,NORMAL_GRAPH_TOPOLOGY,NONE,NONE
MPLADS-003203,57.24,84.44,0,3,1,1,0.1111,0,0.17,15.0,NORMAL_GRAPH_TOPOLOGY,NONE,NONE
MPLADS-003204,8.01,10.1,0,10,1,1,0.2,0,-0.33,0.0,NORMAL_GRAPH_TOPOLOGY,NONE,NONE
MPLADS-003205,67.76,91.78,0,20,1,1,0.125,0,0.17,0.0,PRE_AWARD_GOVERNANCE_INSTABILITY,NONE,NONE
MPLADS-003206,25.03,40.58,0,0,1,1,0.25,0,-0.5,0.0,NORMAL_GRAPH_TOPOLOGY,NONE,NONE
MPLADS-003207,21.65,34.74,0,31,1,1,0.2,0,1.67,0.0,NORMAL_GRAPH_TOPOLOGY,NONE,NONE
MPLADS-003208,17.27,26.84,0,2,1,1,0.1429,0,0.0,0.0,NORMAL_GRAPH_TOPOLOGY,NONE,NONE
MPLADS-003209,16.17,24.8,0,19,1,1,0.25,0,-0.33,0.0,NORMAL_GRAPH_TOPOLOGY,NONE,NONE
MPLADS-003210,22.13,35.58,0,34,1,1,0.1667,0,0.33,0.0,NORMAL_GRAPH_TOPOLOGY,NONE,NONE
MPLADS-003211,82.11,98.52,1,29,1,1,0.3333,2,1.33,35.0,CORPORATE_COLLUSION_NETWORK,PRE_AWARD_GOVERNANCE_INSTABILITY,NONE
MPLADS-003212,25.95,42.16,0,10,1,1,0.125,0,0.0,15.0,NORMAL_GRAPH_TOPOLOGY,NONE,NONE
MPLADS-003213,16.85,26.1,0,4,1,1,0.25,0,-0.17,0.0,NORMAL_GRAPH_TOPOLOGY,NONE,NONE
MPLADS-003214,37.56,61.2,0,13,1,1,0.5,0,-0.33,0.0,NORMAL_GRAPH_TOPOLOGY,NONE,NONE
MPLADS-003215,36.97,60.3,0,7,1,1,0.2,0,-1.17,0.0,NORMAL_GRAPH_TOPOLOGY,NONE,NONE
MPLADS-003216,52.81,80.24,0,28,1,1,0.1429,0,0.0,15.0,NORMAL_GRAPH_TOPOLOGY,NONE,NONE
MPLADS-003217,36.55,59.64,0,9,1,1,0.1111,0,-0.5,15.0,NORMAL_GRAPH_TOPOLOGY,NONE,NONE
MPLADS-003218,30.52,50.02,0,16,1,1,0.3333,0,-0.17,0.0,NORMAL_GRAPH_TOPOLOGY,NONE,NONE
MPLADS-003219,28.91,47.26,0,10,1,1,0.2,0,-0.67,15.0,NORMAL_GRAPH_TOPOLOGY,NONE,NONE
MPLADS-003220,36.43,59.44,0,18,1,1,0.1429,0,0.0,15.0,NORMAL_GRAPH_TOPOLOGY,NONE,NONE
MPLADS-003221,64.38,89.2,0,34,1,1,0.2,1,2.67,35.0,CORPORATE_COLLUSION_NETWORK,NONE,NONE
MPLADS-003222,13.83,20.64,0,31,1,1,0.1667,0,-0.83,0.0,NORMAL_GRAPH_TOPOLOGY,NONE,NONE
MPLADS-003223,7.61,9.4,0,36,1,1,0.2,0,0.0,0.0,NORMAL_GRAPH_TOPOLOGY,NONE,NONE
MPLADS-003224,9.27,12.4,0,1,1,1,0.3333,0,-0.17,0.0,NORMAL_GRAPH_TOPOLOGY,NONE,NONE
MPLADS-003225,36.57,59.66,0,5,1,1,0.2,0,-0.17,0.0,NORMAL_GRAPH_TOPOLOGY,NONE,NONE
MPLADS-003226,33.17,54.18,0,9,1,1,0.3333,0,1.0,0.0,NORMAL_GRAPH_TOPOLOGY,NONE,NONE
MPLADS-003227,53.81,81.2,0,36,1,1,0.1667,0,-0.5,0.0,NORMAL_GRAPH_TOPOLOGY,NONE,NONE
MPLADS-003228,93.64,99.26,1,1,1,1,0.1429,4,2.17,35.0,CORPORATE_COLLUSION_NETWORK,HIGH_CONSTITUENCY_AGENCY_CAPTURE,PRE_AWARD_GOVERNANCE_INSTABILITY
MPLADS-003229,13.91,20.76,0,14,1,1,0.25,0,0.0,0.0,NORMAL_GRAPH_TOPOLOGY,NONE,NONE
MPLADS-003230,73.3,95.54,1,24,1,1,0.5,2,1.0,35.0,CORPORATE_COLLUSION_NETWORK,NONE,NONE
MPLADS-003231,24.35,39.4,0,18,1,1,0.1667,0,-0.33,0.0,NORMAL_GRAPH_TOPOLOGY,NONE,NONE
MPLADS-003232,22.08,35.52,0,12,1,1,0.5,0,-0.17,0.0,NORMAL_GRAPH_TOPOLOGY,NONE,NONE
MPLADS-003233,19.68,31.28,0,3,1,1,0.1667,0,-0.33,15.0,NORMAL_GRAPH_TOPOLOGY,NONE,NONE
MPLADS-003234,7.17,8.72,0,27,1,1,0.1429,0,0.33,0.0,NORMAL_GRAPH_TOPOLOGY,NONE,NONE
MPLADS-003235,71.32,94.34,0,23,2,1,0.1837,0,1.67,0.0,HIGH_CONSTITUENCY_AGENCY_CAPTURE,NONE,NONE
MPLADS-003236,10.11,13.92,0,18,1,1,0.1667,0,-0.67,0.0,NORMAL_GRAPH_TOPOLOGY,NONE,NONE
MPLADS-003237,50.19,77.14,0,1,1,1,0.25,0,-0.83,15.0,NORMAL_GRAPH_TOPOLOGY,NONE,NONE
MPLADS-003238,2.75,2.16,0,35,1,1,0.2,0,-0.17,0.0,NORMAL_GRAPH_TOPOLOGY,NONE,NONE
MPLADS-003239,42.86,68.4,0,26,1,1,0.25,0,0.33,0.0,NORMAL_GRAPH_TOPOLOGY,NONE,NONE
MPLADS-003240,48.86,75.7,0,7,1,1,0.5,0,-0.67,0.0,NORMAL_GRAPH_TOPOLOGY,NONE,NONE
MPLADS-003241,37.23,60.74,0,35,1,1,0.5,0,0.0,0.0,NORMAL_GRAPH_TOPOLOGY,NONE,NONE
MPLADS-003242,21.52,34.5,0,30,1,1,0.3333,0,-0.5,0.0,NORMAL_GRAPH_TOPOLOGY,NONE,NONE
MPLADS-003243,20.88,33.44,0,0,1,1,0.2,0,0.0,15.0,NORMAL_GRAPH_TOPOLOGY,NONE,NONE
MPLADS-003244,38.83,63.08,0,6,1,1,0.1,0,0.5,0.0,NORMAL_GRAPH_TOPOLOGY,NONE,NONE
MPLADS-003245,31.1,50.9,0,24,1,1,0.1111,0,-0.33,0.0,NORMAL_GRAPH_TOPOLOGY,NONE,NONE
MPLADS-003246,79.24,98.02,1,26,1,1,0.1667,2,4.0,35.0,CORPORATE_COLLUSION_NETWORK,HIGH_CONSTITUENCY_AGENCY_CAPTURE,NONE
MPLADS-003247,4.62,4.52,0,1,1,1,0.1667,0,0.17,0.0,NORMAL_GRAPH_TOPOLOGY,NONE,NONE
MPLADS-003248,19.4,30.78,0,14,1,1,0.3333,0,-0.33,0.0,NORMAL_GRAPH_TOPOLOGY,NONE,NONE
MPLADS-003249,75.96,96.68,1,26,1,1,0.2,2,4.0,35.0,CORPORATE_COLLUSION_NETWORK,HIGH_CONSTITUENCY_AGENCY_CAPTURE,NONE
MPLADS-003250,16.25,24.96,0,36,1,1,0.1667,0,0.0,0.0,NORMAL_GRAPH_TOPOLOGY,NONE,NONE
MPLADS-003251,29.41,48.06,0,7,1,1,0.1111,0,-0.17,0.0,NORMAL_GRAPH_TOPOLOGY,NONE,NONE
MPLADS-003252,10.47,14.58,0,1,1,1,0.25,0,0.33,0.0,NORMAL_GRAPH_TOPOLOGY,NONE,NONE
MPLADS-003253,12.67,18.48,0,9,1,1,0.25,0,0.0,0.0,NORMAL_GRAPH_TOPOLOGY,NONE,NONE
MPLADS-003254,29.54,48.28,0,2,1,1,0.25,0,1.67,0.0,NORMAL_GRAPH_TOPOLOGY,NONE,NONE
MPLADS-003255,5.46,5.88,0,8,1,1,0.25,0,-0.5,0.0,NORMAL_GRAPH_TOPOLOGY,NONE,NONE
MPLADS-003256,77.37,97.3,1,15,1,1,0.2,2,1.33,35.0,CORPORATE_COLLUSION_NETWORK,PRE_AWARD_GOVERNANCE_INSTABILITY,NONE
MPLADS-003257,50.59,77.62,0,12,1,1,0.5,0,-0.33,0.0,NORMAL_GRAPH_TOPOLOGY,NONE,NONE
MPLADS-003258,53.64,81.04,0,9,1,1,0.1667,0,1.0,15.0,NORMAL_GRAPH_TOPOLOGY,NONE,NONE
MPLADS-003259,57.89,85.06,0,33,1,1,0.2,0,-0.67,0.0,NORMAL_GRAPH_TOPOLOGY,NONE,NONE
MPLADS-003260,50.14,77.1,0,11,1,1,0.2,0,0.67,15.0,NORMAL_GRAPH_TOPOLOGY,NONE,NONE
MPLADS-003261,12.8,18.72,0,7,1,1,0.25,0,0.0,0.0,NORMAL_GRAPH_TOPOLOGY,NONE,NONE
MPLADS-003262,75.36,96.38,1,12,1,1,0.2,2,1.33,35.0,CORPORATE_COLLUSION_NETWORK,PRE_AWARD_GOVERNANCE_INSTABILITY,NONE
MPLADS-003263,69.44,93.04,0,16,1,1,0.1667,0,1.33,0.0,PRE_AWARD_GOVERNANCE_INSTABILITY,HIGH_CONSTITUENCY_AGENCY_CAPTURE,NONE
MPLADS-003264,41.95,67.22,0,14,1,1,0.1837,0,-1.17,15.0,NORMAL_GRAPH_TOPOLOGY,NONE,NONE
MPLADS-003265,9.13,12.14,0,17,1,1,0.1429,0,-0.5,0.0,NORMAL_GRAPH_TOPOLOGY,NONE,NONE
MPLADS-003266,55.02,82.42,0,13,1,1,0.1667,1,0.67,35.0,NORMAL_GRAPH_TOPOLOGY,NONE,NONE
MPLADS-003267,77.71,97.42,1,26,1,1,0.3333,2,3.0,35.0,CORPORATE_COLLUSION_NETWORK,HUB_CENTRALITY_SPIKE,NONE
MPLADS-003268,70.62,93.94,0,4,1,1,0.25,1,2.33,35.0,CORPORATE_COLLUSION_NETWORK,PRE_AWARD_GOVERNANCE_INSTABILITY,NONE
MPLADS-003269,24.94,40.4,0,0,1,1,0.1429,0,1.17,0.0,NORMAL_GRAPH_TOPOLOGY,NONE,NONE
MPLADS-003270,32.44,53.0,0,16,1,1,0.1562,0,-1.0,0.0,NORMAL_GRAPH_TOPOLOGY,NONE,NONE
MPLADS-003271,6.57,7.76,0,7,1,1,0.25,0,-0.33,0.0,NORMAL_GRAPH_TOPOLOGY,NONE,NONE
MPLADS-003272,73.56,95.68,1,34,1,1,0.2,2,1.0,35.0,CORPORATE_COLLUSION_NETWORK,HIGH_CONSTITUENCY_AGENCY_CAPTURE,HUB_CENTRALITY_SPIKE
MPLADS-003273,34.56,56.42,0,27,1,1,0.25,0,0.33,15.0,NORMAL_GRAPH_TOPOLOGY,NONE,NONE
MPLADS-003274,22.6,36.4,0,34,1,1,0.25,0,0.5,0.0,NORMAL_GRAPH_TOPOLOGY,NONE,NONE
MPLADS-003275,22.19,35.7,0,27,1,1,0.5,0,-0.33,0.0,NORMAL_GRAPH_TOPOLOGY,NONE,NONE
MPLADS-003276,24.16,39.1,0,25,1,1,0.1667,0,-0.5,15.0,NORMAL_GRAPH_TOPOLOGY,NONE,NONE
MPLADS-003277,44.03,69.84,0,23,1,1,0.1667,0,0.67,0.0,NORMAL_GRAPH_TOPOLOGY,NONE,NONE
MPLADS-003278,39.57,64.04,0,26,1,1,0.3333,0,-0.33,15.0,NORMAL_GRAPH_TOPOLOGY,NONE,NONE
MPLADS-003279,21.66,34.76,0,14,1,1,0.25,0,-0.67,0.0,NORMAL_GRAPH_TOPOLOGY,NONE,NONE
MPLADS-003280,24.01,38.82,0,35,1,1,0.1667,0,-0.17,15.0,NORMAL_GRAPH_TOPOLOGY,NONE,NONE
MPLADS-003281,41.34,66.46,0,6,1,1,0.1429,0,0.5,15.0,NORMAL_GRAPH_TOPOLOGY,NONE,NONE
MPLADS-003282,3.4,2.9,0,5,1,1,0.1429,0,0.33,0.0,NORMAL_GRAPH_TOPOLOGY,NONE,NONE
MPLADS-003283,20.09,32.02,0,26,1,1,0.3333,0,-0.17,0.0,NORMAL_GRAPH_TOPOLOGY,NONE,NONE
MPLADS-003284,34.6,56.5,0,22,1,1,0.25,0,-0.5,15.0,NORMAL_GRAPH_TOPOLOGY,NONE,NONE
MPLADS-003285,3.84,3.46,0,3,1,1,0.2,0,-0.33,0.0,NORMAL_GRAPH_TOPOLOGY,NONE,NONE
MPLADS-003286,23.25,37.54,0,14,1,1,0.25,0,-0.33,15.0,NORMAL_GRAPH_TOPOLOGY,NONE,NONE
MPLADS-003287,27.33,44.6,0,27,1,1,0.3333,0,0.0,0.0,NORMAL_GRAPH_TOPOLOGY,NONE,NONE
MPLADS-003288,63.19,88.5,0,33,1,1,0.1667,1,2.67,35.0,CORPORATE_COLLUSION_NETWORK,NONE,NONE
MPLADS-003289,28.48,46.56,0,35,1,1,0.25,0,0.0,0.0,NORMAL_GRAPH_TOPOLOGY,NONE,NONE
MPLADS-003290,55.29,82.72,0,27,1,1,0.1429,0,1.0,15.0,NORMAL_GRAPH_TOPOLOGY,NONE,NONE
MPLADS-003291,41.41,66.54,0,2,1,1,0.25,0,0.0,15.0,NORMAL_GRAPH_TOPOLOGY,NONE,NONE
MPLADS-003292,24.65,39.92,0,22,1,1,0.3333,0,-0.67,0.0,NORMAL_GRAPH_TOPOLOGY,NONE,NONE
MPLADS-003293,23.83,38.5,0,1,1,1,0.1667,0,-0.17,0.0,NORMAL_GRAPH_TOPOLOGY,NONE,NONE
MPLADS-003294,19.41,30.8,0,21,1,1,0.1429,0,0.5,0.0,NORMAL_GRAPH_TOPOLOGY,NONE,NONE
MPLADS-003295,54.46,81.88,0,34,1,1,0.1667,0,0.33,0.0,NORMAL_GRAPH_TOPOLOGY,NONE,NONE
MPLADS-003296,10.35,14.34,0,35,1,1,0.25,0,0.33,0.0,NORMAL_GRAPH_TOPOLOGY,NONE,NONE
MPLADS-003297,29.69,48.54,0,27,1,1,0.1429,0,0.0,15.0,NORMAL_GRAPH_TOPOLOGY,NONE,NONE
MPLADS-003298,51.61,78.84,0,6,1,1,0.3333,0,-0.83,0.0,NORMAL_GRAPH_TOPOLOGY,NONE,NONE
MPLADS-003299,25.96,42.18,0,31,1,1,0.1429,0,-0.17,15.0,NORMAL_GRAPH_TOPOLOGY,NONE,NONE
MPLADS-003300,11.64,16.66,0,17,1,1,0.1667,0,-0.5,0.0,NORMAL_GRAPH_TOPOLOGY,NONE,NONE
MPLADS-003301,2.59,1.98,0,31,1,1,0.2,0,0.67,0.0,NORMAL_GRAPH_TOPOLOGY,NONE,NONE
MPLADS-003302,18.69,29.44,0,36,1,1,0.3333,0,-0.17,0.0,NORMAL_GRAPH_TOPOLOGY,NONE,NONE
MPLADS-003303,44.3,70.18,0,29,1,1,0.5,0,0.67,15.0,NORMAL_GRAPH_TOPOLOGY,NONE,NONE
MPLADS-003304,69.45,93.06,0,9,1,1,0.5,0,0.5,15.0,RECURRING_EXCLUSIVE_PAIRING,PRE_AWARD_GOVERNANCE_INSTABILITY,NONE
MPLADS-003305,43.61,69.36,0,26,1,1,0.125,0,-0.83,0.0,NORMAL_GRAPH_TOPOLOGY,NONE,NONE
MPLADS-003306,24.9,40.32,0,7,1,1,0.1429,0,0.0,15.0,NORMAL_GRAPH_TOPOLOGY,NONE,NONE
MPLADS-003307,10.06,13.82,0,7,1,1,0.25,0,0.17,0.0,NORMAL_GRAPH_TOPOLOGY,NONE,NONE
MPLADS-003308,6.52,7.66,0,10,1,1,0.1667,0,-0.17,0.0,NORMAL_GRAPH_TOPOLOGY,NONE,NONE
MPLADS-003309,49.3,76.28,0,4,1,1,0.1667,0,-0.33,0.0,NORMAL_GRAPH_TOPOLOGY,NONE,NONE
MPLADS-003310,6.59,7.8,0,27,1,1,0.25,0,0.5,0.0,NORMAL_GRAPH_TOPOLOGY,NONE,NONE
MPLADS-003311,2.56,1.94,0,14,1,1,0.1667,0,-0.17,0.0,NORMAL_GRAPH_TOPOLOGY,NONE,NONE
MPLADS-003312,36.12,58.96,0,33,1,1,0.1667,0,1.17,15.0,NORMAL_GRAPH_TOPOLOGY,NONE,NONE
MPLADS-003313,1.38,0.8,0,14,1,1,0.1667,0,0.0,0.0,NORMAL_GRAPH_TOPOLOGY,NONE,NONE
MPLADS-003314,10.0,13.72,0,22,1,1,0.2,0,0.0,0.0,NORMAL_GRAPH_TOPOLOGY,NONE,NONE
MPLADS-003315,72.8,95.22,1,34,1,1,0.5,1,2.67,35.0,CORPORATE_COLLUSION_NETWORK,NONE,NONE
MPLADS-003316,9.81,13.36,0,30,1,1,0.25,0,-0.33,0.0,NORMAL_GRAPH_TOPOLOGY,NONE,NONE
MPLADS-003317,33.87,55.28,0,16,1,1,0.25,0,0.0,15.0,NORMAL_GRAPH_TOPOLOGY,NONE,NONE
MPLADS-003318,6.56,7.74,0,6,1,1,0.25,0,0.5,0.0,NORMAL_GRAPH_TOPOLOGY,NONE,NONE
MPLADS-003319,28.78,47.06,0,18,1,1,0.25,0,-0.83,0.0,NORMAL_GRAPH_TOPOLOGY,NONE,NONE
MPLADS-003320,70.55,93.86,0,1,1,1,0.2,1,2.33,35.0,CORPORATE_COLLUSION_NETWORK,PRE_AWARD_GOVERNANCE_INSTABILITY,NONE
MPLADS-003321,25.18,40.86,0,26,1,1,0.1667,0,-0.17,0.0,NORMAL_GRAPH_TOPOLOGY,NONE,NONE
MPLADS-003322,56.72,83.94,0,36,1,1,0.1667,0,-0.5,15.0,NORMAL_GRAPH_TOPOLOGY,NONE,NONE
MPLADS-003323,39.05,63.32,0,26,1,1,0.25,0,-0.83,0.0,NORMAL_GRAPH_TOPOLOGY,NONE,NONE
MPLADS-003324,51.99,79.26,0,31,1,1,1.0,0,-0.67,0.0,NORMAL_GRAPH_TOPOLOGY,NONE,NONE
MPLADS-003325,86.82,99.08,1,18,1,1,1.0,2,4.0,35.0,CORPORATE_COLLUSION_NETWORK,NONE,NONE
MPLADS-003326,35.72,58.32,0,34,1,1,0.2,0,0.33,15.0,NORMAL_GRAPH_TOPOLOGY,NONE,NONE
MPLADS-003327,26.19,42.58,0,23,1,1,0.25,0,0.0,15.0,NORMAL_GRAPH_TOPOLOGY,NONE,NONE
MPLADS-003328,34.19,55.84,0,2,1,1,0.125,0,0.17,15.0,NORMAL_GRAPH_TOPOLOGY,NONE,NONE
MPLADS-003329,17.63,27.52,0,27,1,1,0.25,0,0.83,0.0,NORMAL_GRAPH_TOPOLOGY,NONE,NONE
MPLADS-003330,3.7,3.34,0,2,1,1,0.25,0,-0.17,0.0,NORMAL_GRAPH_TOPOLOGY,NONE,NONE
MPLADS-003331,72.98,95.32,1,26,1,1,0.1667,2,1.0,35.0,CORPORATE_COLLUSION_NETWORK,HIGH_CONSTITUENCY_AGENCY_CAPTURE,HUB_CENTRALITY_SPIKE
MPLADS-003332,26.87,43.76,0,11,1,1,0.1667,0,-0.33,15.0,NORMAL_GRAPH_TOPOLOGY,NONE,NONE
MPLADS-003333,19.63,31.18,0,24,1,1,0.2,0,-0.67,0.0,NORMAL_GRAPH_TOPOLOGY,NONE,NONE
MPLADS-003334,54.55,81.96,0,1,1,1,0.1667,0,-0.5,15.0,NORMAL_GRAPH_TOPOLOGY,NONE,NONE
MPLADS-003335,2.7,2.1,0,7,1,1,0.2,0,0.0,0.0,NORMAL_GRAPH_TOPOLOGY,NONE,NONE
MPLADS-003336,23.92,38.66,0,30,1,1,0.3333,0,0.67,0.0,NORMAL_GRAPH_TOPOLOGY,NONE,NONE
MPLADS-003337,14.98,22.7,0,15,1,1,0.25,0,0.33,0.0,NORMAL_GRAPH_TOPOLOGY,NONE,NONE
MPLADS-003338,28.49,46.58,0,2,1,1,0.5,0,0.0,0.0,NORMAL_GRAPH_TOPOLOGY,NONE,NONE
MPLADS-003339,51.62,78.86,0,35,1,1,0.0833,0,-0.33,0.0,NORMAL_GRAPH_TOPOLOGY,NONE,NONE
MPLADS-003340,52.44,79.84,0,5,1,1,0.125,0,-0.67,15.0,NORMAL_GRAPH_TOPOLOGY,NONE,NONE
MPLADS-003341,67.24,91.4,0,33,1,1,0.25,1,3.0,35.0,CORPORATE_COLLUSION_NETWORK,HIGH_CONSTITUENCY_AGENCY_CAPTURE,NONE
MPLADS-003342,12.5,18.18,0,34,1,1,0.2,0,0.17,0.0,NORMAL_GRAPH_TOPOLOGY,NONE,NONE
MPLADS-003343,18.43,28.98,0,33,1,1,0.1667,0,-0.67,0.0,NORMAL_GRAPH_TOPOLOGY,NONE,NONE
MPLADS-003344,25.81,41.92,0,18,1,1,0.1429,0,0.5,0.0,NORMAL_GRAPH_TOPOLOGY,NONE,NONE
MPLADS-003345,73.17,95.42,1,20,1,1,0.3333,2,1.0,35.0,CORPORATE_COLLUSION_NETWORK,HUB_CENTRALITY_SPIKE,NONE
MPLADS-003346,26.27,42.72,0,31,1,1,0.3333,0,-0.33,15.0,NORMAL_GRAPH_TOPOLOGY,NONE,NONE
MPLADS-003347,34.99,57.14,0,12,1,1,0.2,0,-0.17,0.0,NORMAL_GRAPH_TOPOLOGY,NONE,NONE
MPLADS-003348,29.1,47.58,0,33,1,1,0.25,0,0.17,15.0,NORMAL_GRAPH_TOPOLOGY,NONE,NONE
MPLADS-003349,55.21,82.62,0,27,1,1,0.25,1,1.0,35.0,NORMAL_GRAPH_TOPOLOGY,NONE,NONE
MPLADS-003350,48.12,74.74,0,35,1,1,0.1,0,0.83,0.0,NORMAL_GRAPH_TOPOLOGY,NONE,NONE
MPLADS-003351,28.06,45.82,0,31,1,1,0.1667,0,-0.33,15.0,NORMAL_GRAPH_TOPOLOGY,NONE,NONE
MPLADS-003352,76.62,96.96,1,35,1,1,0.3333,2,2.17,35.0,CORPORATE_COLLUSION_NETWORK,NONE,NONE
MPLADS-003353,11.68,16.7,0,21,1,1,0.3333,0,0.33,0.0,NORMAL_GRAPH_TOPOLOGY,NONE,NONE
MPLADS-003354,8.03,10.14,0,12,1,1,0.25,0,0.67,0.0,NORMAL_GRAPH_TOPOLOGY,NONE,NONE
MPLADS-003355,9.7,13.16,0,9,1,1,0.1429,0,1.0,0.0,NORMAL_GRAPH_TOPOLOGY,NONE,NONE
MPLADS-003356,34.27,55.98,0,9,1,1,0.5,0,0.0,0.0,NORMAL_GRAPH_TOPOLOGY,NONE,NONE
MPLADS-003357,10.15,14.0,0,33,1,1,0.25,0,0.0,0.0,NORMAL_GRAPH_TOPOLOGY,NONE,NONE
MPLADS-003358,15.79,24.12,0,9,1,1,0.1667,0,0.0,0.0,NORMAL_GRAPH_TOPOLOGY,NONE,NONE
MPLADS-003359,17.35,27.0,0,29,1,1,0.1667,0,0.17,0.0,NORMAL_GRAPH_TOPOLOGY,NONE,NONE
MPLADS-003360,4.65,4.56,0,12,1,1,0.1667,0,0.33,0.0,NORMAL_GRAPH_TOPOLOGY,NONE,NONE
MPLADS-003361,17.6,27.48,0,2,1,1,0.125,0,0.0,0.0,NORMAL_GRAPH_TOPOLOGY,NONE,NONE
MPLADS-003362,15.8,24.14,0,8,1,1,0.1429,0,0.17,0.0,NORMAL_GRAPH_TOPOLOGY,NONE,NONE
MPLADS-003363,54.6,82.04,0,29,1,1,0.3333,0,-0.83,15.0,NORMAL_GRAPH_TOPOLOGY,NONE,NONE
MPLADS-003364,14.36,21.62,0,1,1,1,0.3333,0,-0.17,0.0,NORMAL_GRAPH_TOPOLOGY,NONE,NONE
MPLADS-003365,12.73,18.58,0,35,1,1,0.1429,0,-0.17,0.0,NORMAL_GRAPH_TOPOLOGY,NONE,NONE
MPLADS-003366,61.84,87.48,0,1,1,1,0.5,0,-0.5,15.0,RECURRING_EXCLUSIVE_PAIRING,PRE_AWARD_GOVERNANCE_INSTABILITY,NONE
MPLADS-003367,36.96,60.28,0,0,1,1,0.2,0,0.5,15.0,NORMAL_GRAPH_TOPOLOGY,NONE,NONE
MPLADS-003368,71.31,94.32,0,1,2,1,0.28,0,0.0,0.0,PRE_AWARD_GOVERNANCE_INSTABILITY,NONE,NONE
MPLADS-003369,49.03,75.94,0,24,1,1,0.25,0,0.83,0.0,NORMAL_GRAPH_TOPOLOGY,NONE,NONE
MPLADS-003370,79.43,98.08,1,26,1,1,0.1667,2,3.0,35.0,CORPORATE_COLLUSION_NETWORK,HUB_CENTRALITY_SPIKE,NONE
MPLADS-003371,28.67,46.88,0,4,1,1,0.1562,0,-0.83,0.0,NORMAL_GRAPH_TOPOLOGY,NONE,NONE
MPLADS-003372,49.45,76.4,0,13,1,1,0.2,1,1.33,35.0,NORMAL_GRAPH_TOPOLOGY,NONE,NONE
MPLADS-003373,28.32,46.26,0,34,1,1,0.1667,0,-0.67,0.0,NORMAL_GRAPH_TOPOLOGY,NONE,NONE
MPLADS-003374,3.53,3.08,0,15,1,1,0.1667,0,-0.5,0.0,NORMAL_GRAPH_TOPOLOGY,NONE,NONE
MPLADS-003375,46.52,72.82,0,28,1,1,0.25,0,1.0,0.0,NORMAL_GRAPH_TOPOLOGY,NONE,NONE
MPLADS-003376,11.32,16.08,0,31,1,1,0.3333,0,0.0,0.0,NORMAL_GRAPH_TOPOLOGY,NONE,NONE
MPLADS-003377,42.27,67.68,0,0,1,1,0.3333,0,-0.33,15.0,NORMAL_GRAPH_TOPOLOGY,NONE,NONE
MPLADS-003378,21.12,33.82,0,28,1,1,0.3333,0,-0.5,0.0,NORMAL_GRAPH_TOPOLOGY,NONE,NONE
MPLADS-003379,22.89,36.9,0,30,1,1,0.1429,0,0.83,0.0,NORMAL_GRAPH_TOPOLOGY,NONE,NONE
MPLADS-003380,20.41,32.6,0,9,1,1,0.125,0,-0.5,0.0,NORMAL_GRAPH_TOPOLOGY,NONE,NONE
MPLADS-003381,70.45,93.82,0,25,1,1,0.25,2,2.67,35.0,CORPORATE_COLLUSION_NETWORK,NONE,NONE
MPLADS-003382,23.54,38.0,0,12,1,1,0.3333,0,-0.83,0.0,NORMAL_GRAPH_TOPOLOGY,NONE,NONE
MPLADS-003383,75.81,96.6,1,13,1,1,0.3333,2,3.0,35.0,CORPORATE_COLLUSION_NETWORK,HUB_CENTRALITY_SPIKE,NONE
MPLADS-003384,96.75,99.82,1,26,1,1,0.25,4,2.17,35.0,CORPORATE_COLLUSION_NETWORK,HIGH_CONSTITUENCY_AGENCY_CAPTURE,PRE_AWARD_GOVERNANCE_INSTABILITY
MPLADS-003385,9.4,12.64,0,32,1,1,0.3333,0,-0.5,0.0,NORMAL_GRAPH_TOPOLOGY,NONE,NONE
MPLADS-003386,43.88,69.68,0,36,1,1,0.25,0,-0.17,0.0,NORMAL_GRAPH_TOPOLOGY,NONE,NONE
MPLADS-003387,66.12,90.5,0,8,1,1,0.2,1,2.67,35.0,CORPORATE_COLLUSION_NETWORK,NONE,NONE
MPLADS-003388,50.43,77.42,0,7,1,1,0.1429,0,0.0,15.0,NORMAL_GRAPH_TOPOLOGY,NONE,NONE
MPLADS-003389,8.5,11.02,0,28,1,1,0.2222,0,-0.33,0.0,NORMAL_GRAPH_TOPOLOGY,NONE,NONE
MPLADS-003390,67.29,91.42,0,6,1,1,0.1429,0,0.17,0.0,PRE_AWARD_GOVERNANCE_INSTABILITY,NONE,NONE
MPLADS-003391,17.9,28.0,0,24,1,1,0.3333,0,-0.17,0.0,NORMAL_GRAPH_TOPOLOGY,NONE,NONE
MPLADS-003392,27.04,44.08,0,12,1,1,0.25,0,-1.0,0.0,NORMAL_GRAPH_TOPOLOGY,NONE,NONE
MPLADS-003393,25.43,41.3,0,24,1,1,0.1667,0,0.83,0.0,NORMAL_GRAPH_TOPOLOGY,NONE,NONE
MPLADS-003394,51.92,79.22,0,5,1,1,0.3333,0,-0.67,15.0,NORMAL_GRAPH_TOPOLOGY,NONE,NONE
MPLADS-003395,67.12,91.34,0,24,1,1,0.1429,1,1.0,35.0,CORPORATE_COLLUSION_NETWORK,HIGH_CONSTITUENCY_AGENCY_CAPTURE,PRE_AWARD_GOVERNANCE_INSTABILITY
MPLADS-003396,39.08,63.36,0,9,1,1,0.5,0,0.0,15.0,NORMAL_GRAPH_TOPOLOGY,NONE,NONE
MPLADS-003397,7.55,9.3,0,33,1,1,0.25,0,-0.33,0.0,NORMAL_GRAPH_TOPOLOGY,NONE,NONE
MPLADS-003398,30.83,50.5,0,2,1,1,0.1429,0,0.33,15.0,NORMAL_GRAPH_TOPOLOGY,NONE,NONE
MPLADS-003399,11.1,15.7,0,10,1,1,0.3333,0,0.0,0.0,NORMAL_GRAPH_TOPOLOGY,NONE,NONE
MPLADS-003400,11.22,15.9,0,16,1,1,0.25,0,0.0,0.0,NORMAL_GRAPH_TOPOLOGY,NONE,NONE
MPLADS-003401,27.68,45.16,0,25,1,1,0.3333,0,0.0,0.0,NORMAL_GRAPH_TOPOLOGY,NONE,NONE
MPLADS-003402,70.2,93.62,0,0,1,1,0.1429,2,2.17,35.0,CORPORATE_COLLUSION_NETWORK,NONE,NONE
MPLADS-003403,53.45,80.86,0,12,1,1,0.3333,0,-0.5,0.0,NORMAL_GRAPH_TOPOLOGY,NONE,NONE
MPLADS-003404,18.15,28.5,0,27,1,1,0.25,0,-0.33,0.0,NORMAL_GRAPH_TOPOLOGY,NONE,NONE
MPLADS-003405,24.99,40.48,0,32,1,1,0.1667,0,0.33,15.0,NORMAL_GRAPH_TOPOLOGY,NONE,NONE
MPLADS-003406,11.36,16.16,0,31,1,1,0.3333,0,0.0,0.0,NORMAL_GRAPH_TOPOLOGY,NONE,NONE
MPLADS-003407,71.21,94.26,0,31,1,1,0.5,1,0.67,35.0,CORPORATE_COLLUSION_NETWORK,HIGH_CONSTITUENCY_AGENCY_CAPTURE,PRE_AWARD_GOVERNANCE_INSTABILITY
MPLADS-003408,20.68,33.08,0,4,1,1,0.2,0,0.17,0.0,NORMAL_GRAPH_TOPOLOGY,NONE,NONE
MPLADS-003409,68.96,92.58,0,7,1,1,0.1429,0,0.5,15.0,RECURRING_EXCLUSIVE_PAIRING,PRE_AWARD_GOVERNANCE_INSTABILITY,NONE
MPLADS-003410,66.15,90.54,0,15,1,1,0.25,0,0.5,15.0,RECURRING_EXCLUSIVE_PAIRING,PRE_AWARD_GOVERNANCE_INSTABILITY,NONE
MPLADS-003411,72.66,95.2,1,22,1,1,0.3333,2,0.67,50.0,CORPORATE_COLLUSION_NETWORK,RECURRING_EXCLUSIVE_PAIRING,NONE
MPLADS-003412,69.72,93.26,0,3,1,1,0.5,0,0.5,15.0,RECURRING_EXCLUSIVE_PAIRING,PRE_AWARD_GOVERNANCE_INSTABILITY,NONE
MPLADS-003413,11.25,15.94,0,32,1,1,0.3333,0,-0.5,0.0,NORMAL_GRAPH_TOPOLOGY,NONE,NONE
MPLADS-003414,26.41,42.96,0,35,1,1,0.125,0,0.67,0.0,NORMAL_GRAPH_TOPOLOGY,NONE,NONE
MPLADS-003415,70.03,93.48,0,31,1,1,0.25,1,2.5,50.0,CORPORATE_COLLUSION_NETWORK,RECURRING_EXCLUSIVE_PAIRING,HUB_CENTRALITY_SPIKE
MPLADS-003416,52.01,79.3,0,26,1,1,0.5,0,-0.83,0.0,NORMAL_GRAPH_TOPOLOGY,NONE,NONE
MPLADS-003417,29.46,48.14,0,6,1,1,0.2,0,0.5,15.0,NORMAL_GRAPH_TOPOLOGY,NONE,NONE
MPLADS-003418,16.33,25.1,0,11,1,1,0.125,0,0.33,0.0,NORMAL_GRAPH_TOPOLOGY,NONE,NONE
MPLADS-003419,21.64,34.72,0,3,1,1,0.125,0,0.33,0.0,NORMAL_GRAPH_TOPOLOGY,NONE,NONE
MPLADS-003420,50.24,77.2,0,30,1,1,0.1667,0,-1.0,0.0,NORMAL_GRAPH_TOPOLOGY,NONE,NONE
MPLADS-003421,27.48,44.88,0,26,1,1,0.25,0,-0.33,0.0,NORMAL_GRAPH_TOPOLOGY,NONE,NONE
MPLADS-003422,22.23,35.76,0,24,1,1,0.3333,0,0.0,0.0,NORMAL_GRAPH_TOPOLOGY,NONE,NONE
MPLADS-003423,21.54,34.54,0,3,1,1,0.3333,0,1.0,0.0,NORMAL_GRAPH_TOPOLOGY,NONE,NONE
MPLADS-003424,4.82,4.86,0,1,1,1,0.1667,0,-0.5,0.0,NORMAL_GRAPH_TOPOLOGY,NONE,NONE
MPLADS-003425,2.46,1.82,0,2,1,1,0.25,0,-0.33,0.0,NORMAL_GRAPH_TOPOLOGY,NONE,NONE
MPLADS-003426,72.81,95.24,1,1,2,1,0.28,0,0.0,0.0,PRE_AWARD_GOVERNANCE_INSTABILITY,NONE,NONE
MPLADS-003427,21.82,35.08,0,24,1,1,0.1667,0,-0.33,15.0,NORMAL_GRAPH_TOPOLOGY,NONE,NONE
MPLADS-003428,7.93,9.96,0,30,1,1,0.2,0,-0.17,0.0,NORMAL_GRAPH_TOPOLOGY,NONE,NONE
MPLADS-003429,27.89,45.52,0,26,1,1,0.2,0,0.17,0.0,NORMAL_GRAPH_TOPOLOGY,NONE,NONE
MPLADS-003430,35.12,57.34,0,2,1,1,0.1429,0,0.83,15.0,NORMAL_GRAPH_TOPOLOGY,NONE,NONE
MPLADS-003431,55.61,83.02,0,11,1,1,0.1429,0,1.83,0.0,NORMAL_GRAPH_TOPOLOGY,NONE,NONE
MPLADS-003432,63.63,88.66,0,21,1,1,0.2,0,-1.33,0.0,HUB_CENTRALITY_SPIKE,NONE,NONE
MPLADS-003433,9.72,13.2,0,2,1,1,0.2,0,-0.5,0.0,NORMAL_GRAPH_TOPOLOGY,NONE,NONE
MPLADS-003434,62.85,88.22,0,34,1,1,0.1667,0,-0.83,0.0,ELEVATED_GRAPH_CENTRALITY,NONE,NONE
MPLADS-003435,47.77,74.38,0,5,1,1,0.2,0,1.0,0.0,NORMAL_GRAPH_TOPOLOGY,NONE,NONE
MPLADS-003436,9.25,12.36,0,21,1,1,0.25,0,0.5,0.0,NORMAL_GRAPH_TOPOLOGY,NONE,NONE
MPLADS-003437,84.44,98.88,1,26,1,1,0.1429,2,4.0,35.0,CORPORATE_COLLUSION_NETWORK,HIGH_CONSTITUENCY_AGENCY_CAPTURE,NONE
MPLADS-003438,16.75,25.92,0,23,1,1,0.1667,0,-0.67,0.0,NORMAL_GRAPH_TOPOLOGY,NONE,NONE
MPLADS-003439,18.52,29.14,0,23,1,1,0.2,0,0.33,0.0,NORMAL_GRAPH_TOPOLOGY,NONE,NONE
MPLADS-003440,14.43,21.74,0,7,1,1,0.2,0,-0.17,0.0,NORMAL_GRAPH_TOPOLOGY,NONE,NONE
MPLADS-003441,11.43,16.3,0,32,1,1,0.1667,0,0.0,0.0,NORMAL_GRAPH_TOPOLOGY,NONE,NONE
MPLADS-003442,1.83,1.14,0,23,1,1,0.25,0,-0.5,0.0,NORMAL_GRAPH_TOPOLOGY,NONE,NONE
MPLADS-003443,20.22,32.24,0,3,1,1,0.25,0,0.67,0.0,NORMAL_GRAPH_TOPOLOGY,NONE,NONE
MPLADS-003444,43.33,69.0,0,11,1,1,0.1429,0,-1.17,15.0,NORMAL_GRAPH_TOPOLOGY,NONE,NONE
MPLADS-003445,30.46,49.9,0,31,1,1,0.3333,0,0.0,0.0,NORMAL_GRAPH_TOPOLOGY,NONE,NONE
MPLADS-003446,48.25,74.92,0,10,1,1,0.1429,0,0.17,0.0,NORMAL_GRAPH_TOPOLOGY,NONE,NONE
MPLADS-003447,40.74,65.64,0,21,1,1,0.1111,0,1.17,0.0,NORMAL_GRAPH_TOPOLOGY,NONE,NONE
MPLADS-003448,26.42,42.98,0,15,1,1,0.2,0,-0.83,0.0,NORMAL_GRAPH_TOPOLOGY,NONE,NONE
MPLADS-003449,55.32,82.76,0,1,1,1,0.1667,0,-0.83,15.0,NORMAL_GRAPH_TOPOLOGY,NONE,NONE
MPLADS-003450,12.21,17.66,0,10,1,1,0.25,0,-0.33,0.0,NORMAL_GRAPH_TOPOLOGY,NONE,NONE
MPLADS-003451,66.1,90.46,0,29,1,1,0.2,0,0.17,15.0,RECURRING_EXCLUSIVE_PAIRING,HIGH_CONSTITUENCY_AGENCY_CAPTURE,PRE_AWARD_GOVERNANCE_INSTABILITY
MPLADS-003452,20.97,33.62,0,2,1,1,0.3333,0,0.67,0.0,NORMAL_GRAPH_TOPOLOGY,NONE,NONE
MPLADS-003453,13.27,19.62,0,11,1,1,0.2,0,0.5,0.0,NORMAL_GRAPH_TOPOLOGY,NONE,NONE
MPLADS-003454,9.08,12.04,0,33,1,1,0.25,0,0.17,0.0,NORMAL_GRAPH_TOPOLOGY,NONE,NONE
MPLADS-003455,12.89,18.92,0,35,1,1,0.2,0,-0.33,0.0,NORMAL_GRAPH_TOPOLOGY,NONE,NONE
MPLADS-003456,9.76,13.26,0,28,1,1,0.25,0,-0.17,0.0,NORMAL_GRAPH_TOPOLOGY,NONE,NONE
MPLADS-003457,57.42,84.68,0,18,1,1,0.1667,0,0.0,0.0,NORMAL_GRAPH_TOPOLOGY,NONE,NONE
MPLADS-003458,37.52,61.16,0,5,1,1,0.1429,0,0.17,15.0,NORMAL_GRAPH_TOPOLOGY,NONE,NONE
MPLADS-003459,32.74,53.44,0,14,1,1,0.5,0,0.0,15.0,NORMAL_GRAPH_TOPOLOGY,NONE,NONE
MPLADS-003460,36.54,59.62,0,2,1,1,0.1429,0,-1.33,0.0,NORMAL_GRAPH_TOPOLOGY,NONE,NONE
MPLADS-003461,30.85,50.52,0,35,1,1,0.25,0,-0.33,15.0,NORMAL_GRAPH_TOPOLOGY,NONE,NONE
MPLADS-003462,20.03,31.92,0,33,1,1,0.25,0,-0.83,0.0,NORMAL_GRAPH_TOPOLOGY,NONE,NONE
MPLADS-003463,16.69,25.8,0,11,1,1,0.2,0,-0.33,0.0,NORMAL_GRAPH_TOPOLOGY,NONE,NONE
MPLADS-003464,8.02,10.12,0,31,1,1,0.3333,0,0.0,0.0,NORMAL_GRAPH_TOPOLOGY,NONE,NONE
MPLADS-003465,47.94,74.58,0,7,1,1,0.1111,0,-0.67,0.0,NORMAL_GRAPH_TOPOLOGY,NONE,NONE
MPLADS-003466,23.62,38.12,0,25,1,1,0.3333,0,0.33,0.0,NORMAL_GRAPH_TOPOLOGY,NONE,NONE
MPLADS-003467,39.9,64.5,0,20,1,1,0.5,0,-0.17,0.0,NORMAL_GRAPH_TOPOLOGY,NONE,NONE
MPLADS-003468,47.37,73.94,0,11,1,1,0.25,0,-0.83,0.0,NORMAL_GRAPH_TOPOLOGY,NONE,NONE
MPLADS-003469,19.96,31.8,0,9,1,1,0.25,0,-0.67,0.0,NORMAL_GRAPH_TOPOLOGY,NONE,NONE
MPLADS-003470,32.59,53.24,0,13,1,1,0.1562,0,1.0,0.0,NORMAL_GRAPH_TOPOLOGY,NONE,NONE
MPLADS-003471,5.99,6.78,0,3,1,1,0.1667,0,0.0,0.0,NORMAL_GRAPH_TOPOLOGY,NONE,NONE
MPLADS-003472,22.46,36.16,0,3,1,1,0.125,0,-0.33,0.0,NORMAL_GRAPH_TOPOLOGY,NONE,NONE
MPLADS-003473,15.77,24.1,0,32,1,1,0.125,0,-0.33,0.0,NORMAL_GRAPH_TOPOLOGY,NONE,NONE
MPLADS-003474,79.16,98.0,1,21,1,1,0.25,2,4.0,35.0,CORPORATE_COLLUSION_NETWORK,NONE,NONE
MPLADS-003475,11.4,16.26,0,12,1,1,0.1667,0,0.5,0.0,NORMAL_GRAPH_TOPOLOGY,NONE,NONE
MPLADS-003476,53.09,80.54,0,11,1,1,0.1667,0,-1.0,0.0,NORMAL_GRAPH_TOPOLOGY,NONE,NONE
MPLADS-003477,66.48,90.84,0,11,1,1,0.5,1,2.67,35.0,CORPORATE_COLLUSION_NETWORK,NONE,NONE
MPLADS-003478,19.95,31.78,0,5,1,1,0.1429,0,0.33,0.0,NORMAL_GRAPH_TOPOLOGY,NONE,NONE
MPLADS-003479,27.1,44.18,0,9,1,1,0.3333,0,0.17,15.0,NORMAL_GRAPH_TOPOLOGY,NONE,NONE
MPLADS-003480,31.43,51.42,0,24,1,1,0.2,0,-1.33,0.0,NORMAL_GRAPH_TOPOLOGY,NONE,NONE
MPLADS-003481,2.49,1.84,0,6,1,1,0.25,0,0.0,0.0,NORMAL_GRAPH_TOPOLOGY,NONE,NONE
MPLADS-003482,12.43,18.04,0,2,1,1,0.25,0,-0.83,0.0,NORMAL_GRAPH_TOPOLOGY,NONE,NONE
MPLADS-003483,45.83,72.0,0,24,1,1,0.5,0,0.5,15.0,NORMAL_GRAPH_TOPOLOGY,NONE,NONE
MPLADS-003484,16.11,24.68,0,23,1,1,0.1667,0,-0.67,0.0,NORMAL_GRAPH_TOPOLOGY,NONE,NONE
MPLADS-003485,9.73,13.22,0,35,1,1,0.25,0,0.33,0.0,NORMAL_GRAPH_TOPOLOGY,NONE,NONE
MPLADS-003486,58.32,85.26,0,30,1,1,0.1358,0,-1.17,15.0,NORMAL_GRAPH_TOPOLOGY,NONE,NONE
MPLADS-003487,11.14,15.76,0,33,1,1,0.1667,0,-0.33,0.0,NORMAL_GRAPH_TOPOLOGY,NONE,NONE
MPLADS-003488,96.86,99.86,1,27,1,1,0.3333,4,0.67,35.0,CORPORATE_COLLUSION_NETWORK,NONE,NONE
MPLADS-003489,6.77,8.08,0,32,1,1,0.2,0,-0.67,0.0,NORMAL_GRAPH_TOPOLOGY,NONE,NONE
MPLADS-003490,65.76,90.18,0,2,1,1,0.2,1,3.0,35.0,CORPORATE_COLLUSION_NETWORK,HIGH_CONSTITUENCY_AGENCY_CAPTURE,NONE
MPLADS-003491,38.26,62.28,0,27,1,1,0.3333,0,-0.17,0.0,NORMAL_GRAPH_TOPOLOGY,NONE,NONE
MPLADS-003492,70.07,93.5,0,15,2,1,0.2222,0,0.33,15.0,RECURRING_EXCLUSIVE_PAIRING,NONE,NONE
MPLADS-003493,34.57,56.44,0,7,1,1,0.3333,0,0.0,0.0,NORMAL_GRAPH_TOPOLOGY,NONE,NONE
MPLADS-003494,5.21,5.46,0,7,1,1,0.1667,0,-0.5,0.0,NORMAL_GRAPH_TOPOLOGY,NONE,NONE
MPLADS-003495,60.86,86.96,0,7,1,1,0.1,0,-0.83,0.0,PRE_AWARD_GOVERNANCE_INSTABILITY,NONE,NONE
MPLADS-003496,15.17,23.02,0,11,1,1,0.25,0,0.17,0.0,NORMAL_GRAPH_TOPOLOGY,NONE,NONE
MPLADS-003497,36.39,59.38,0,33,1,1,0.25,0,1.17,15.0,NORMAL_GRAPH_TOPOLOGY,NONE,NONE
MPLADS-003498,60.69,86.84,0,5,1,1,0.1429,1,2.67,35.0,CORPORATE_COLLUSION_NETWORK,NONE,NONE
MPLADS-003499,4.55,4.42,0,3,1,1,0.3333,0,0.0,0.0,NORMAL_GRAPH_TOPOLOGY,NONE,NONE
MPLADS-003500,48.85,75.68,0,24,1,1,0.5,0,-0.33,15.0,NORMAL_GRAPH_TOPOLOGY,NONE,NONE
MPLADS-003501,34.64,56.58,0,25,1,1,0.1429,0,-0.67,15.0,NORMAL_GRAPH_TOPOLOGY,NONE,NONE
MPLADS-003502,23.09,37.3,0,29,1,1,0.2,0,-1.0,0.0,NORMAL_GRAPH_TOPOLOGY,NONE,NONE
MPLADS-003503,47.88,74.5,0,14,1,1,0.1429,0,1.0,0.0,NORMAL_GRAPH_TOPOLOGY,NONE,NONE
MPLADS-003504,24.23,39.2,0,6,1,1,0.5,0,-0.33,0.0,NORMAL_GRAPH_TOPOLOGY,NONE,NONE
MPLADS-003505,60.47,86.76,0,3,1,1,0.1,0,0.67,0.0,PRE_AWARD_GOVERNANCE_INSTABILITY,HUB_CENTRALITY_SPIKE,NONE
MPLADS-003506,14.4,21.7,0,3,1,1,0.3333,0,0.5,0.0,NORMAL_GRAPH_TOPOLOGY,NONE,NONE
MPLADS-003507,50.28,77.26,0,35,1,1,0.1,0,-0.33,15.0,NORMAL_GRAPH_TOPOLOGY,NONE,NONE
MPLADS-003508,9.97,13.66,0,9,1,1,0.1667,0,0.0,0.0,NORMAL_GRAPH_TOPOLOGY,NONE,NONE
MPLADS-003509,62.95,88.3,0,6,2,1,0.1837,0,0.33,0.0,HIGH_CONSTITUENCY_AGENCY_CAPTURE,HUB_CENTRALITY_SPIKE,NONE
MPLADS-003510,65.33,89.9,0,23,1,1,0.1429,0,-1.17,15.0,RECURRING_EXCLUSIVE_PAIRING,HIGH_CONSTITUENCY_AGENCY_CAPTURE,PRE_AWARD_GOVERNANCE_INSTABILITY
MPLADS-003511,4.29,4.08,0,10,1,1,0.1429,0,-0.5,0.0,NORMAL_GRAPH_TOPOLOGY,NONE,NONE
MPLADS-003512,29.97,48.98,0,9,1,1,0.1429,0,-0.5,0.0,NORMAL_GRAPH_TOPOLOGY,NONE,NONE
MPLADS-003513,31.27,51.18,0,14,1,1,0.3333,0,0.0,15.0,NORMAL_GRAPH_TOPOLOGY,NONE,NONE
MPLADS-003514,19.8,31.5,0,12,1,1,0.25,0,0.67,0.0,NORMAL_GRAPH_TOPOLOGY,NONE,NONE
MPLADS-003515,10.72,15.06,0,5,1,1,0.3333,0,0.17,0.0,NORMAL_GRAPH_TOPOLOGY,NONE,NONE
MPLADS-003516,33.34,54.44,0,0,1,1,0.1429,0,0.67,15.0,NORMAL_GRAPH_TOPOLOGY,NONE,NONE
MPLADS-003517,3.88,3.52,0,14,1,1,0.1667,0,0.0,0.0,NORMAL_GRAPH_TOPOLOGY,NONE,NONE
MPLADS-003518,31.6,51.7,0,25,1,1,0.1429,0,-0.5,15.0,NORMAL_GRAPH_TOPOLOGY,NONE,NONE
MPLADS-003519,50.91,78.04,0,11,1,1,0.25,0,1.0,0.0,NORMAL_GRAPH_TOPOLOGY,NONE,NONE
MPLADS-003520,30.87,50.54,0,11,1,1,0.1111,0,0.17,0.0,NORMAL_GRAPH_TOPOLOGY,NONE,NONE
MPLADS-003521,28.05,45.8,0,32,1,1,0.1429,0,0.5,0.0,NORMAL_GRAPH_TOPOLOGY,NONE,NONE
MPLADS-003522,54.92,82.32,0,26,1,1,0.3333,0,0.5,15.0,NORMAL_GRAPH_TOPOLOGY,NONE,NONE
MPLADS-003523,74.84,96.22,1,26,1,1,0.1429,1,2.5,50.0,CORPORATE_COLLUSION_NETWORK,RECURRING_EXCLUSIVE_PAIRING,HUB_CENTRALITY_SPIKE
MPLADS-003524,69.74,93.28,0,24,2,1,0.28,0,0.0,0.0,PRE_AWARD_GOVERNANCE_INSTABILITY,HUB_CENTRALITY_SPIKE,NONE
MPLADS-003525,39.51,63.92,0,27,1,1,0.1429,0,0.67,0.0,NORMAL_GRAPH_TOPOLOGY,NONE,NONE
MPLADS-003526,31.32,51.26,0,3,1,1,0.5,0,-0.17,0.0,NORMAL_GRAPH_TOPOLOGY,NONE,NONE
MPLADS-003527,15.96,24.44,0,19,1,1,0.125,0,0.0,0.0,NORMAL_GRAPH_TOPOLOGY,NONE,NONE
MPLADS-003528,78.51,97.74,1,22,1,1,0.3333,2,4.0,35.0,CORPORATE_COLLUSION_NETWORK,HIGH_CONSTITUENCY_AGENCY_CAPTURE,NONE
MPLADS-003529,73.71,95.74,1,24,1,1,0.3333,2,2.67,35.0,CORPORATE_COLLUSION_NETWORK,NONE,NONE
MPLADS-003530,33.28,54.34,0,0,1,1,0.125,0,0.0,15.0,NORMAL_GRAPH_TOPOLOGY,NONE,NONE
MPLADS-003531,22.32,35.9,0,8,1,1,0.25,0,-0.17,15.0,NORMAL_GRAPH_TOPOLOGY,NONE,NONE
MPLADS-003532,26.11,42.44,0,32,1,1,0.2,0,-0.17,0.0,NORMAL_GRAPH_TOPOLOGY,NONE,NONE
MPLADS-003533,36.51,59.58,0,10,1,1,0.5,0,0.17,15.0,NORMAL_GRAPH_TOPOLOGY,NONE,NONE
MPLADS-003534,38.12,62.12,0,26,1,1,0.2,0,0.0,15.0,NORMAL_GRAPH_TOPOLOGY,NONE,NONE
MPLADS-003535,34.1,55.7,0,30,1,1,0.25,0,-0.5,15.0,NORMAL_GRAPH_TOPOLOGY,NONE,NONE
MPLADS-003536,62.93,88.28,0,20,1,1,0.2,0,-0.5,0.0,PRE_AWARD_GOVERNANCE_INSTABILITY,NONE,NONE
MPLADS-003537,13.43,19.88,0,34,1,1,0.25,0,-0.17,0.0,NORMAL_GRAPH_TOPOLOGY,NONE,NONE
MPLADS-003538,17.65,27.56,0,5,1,1,0.2,0,0.17,0.0,NORMAL_GRAPH_TOPOLOGY,NONE,NONE
MPLADS-003539,62.96,88.32,0,30,1,1,0.5,0,1.83,0.0,HIGH_CONSTITUENCY_AGENCY_CAPTURE,PRE_AWARD_GOVERNANCE_INSTABILITY,NONE
MPLADS-003540,71.0,94.14,0,4,1,1,0.0909,0,0.0,15.0,RECURRING_EXCLUSIVE_PAIRING,HIGH_CONSTITUENCY_AGENCY_CAPTURE,PRE_AWARD_GOVERNANCE_INSTABILITY
MPLADS-003541,4.85,4.92,0,3,1,1,0.3333,0,0.17,0.0,NORMAL_GRAPH_TOPOLOGY,NONE,NONE
MPLADS-003542,38.41,62.48,0,31,1,1,0.1667,0,-1.17,15.0,NORMAL_GRAPH_TOPOLOGY,NONE,NONE
MPLADS-003543,8.97,11.82,0,30,1,1,0.2,0,0.5,0.0,NORMAL_GRAPH_TOPOLOGY,NONE,NONE
MPLADS-003544,23.78,38.4,0,9,1,1,0.3333,0,-0.5,0.0,NORMAL_GRAPH_TOPOLOGY,NONE,NONE
MPLADS-003545,42.69,68.24,0,2,1,1,0.1429,0,-1.33,0.0,NORMAL_GRAPH_TOPOLOGY,NONE,NONE
MPLADS-003546,22.18,35.68,0,10,1,1,0.125,0,0.0,0.0,NORMAL_GRAPH_TOPOLOGY,NONE,NONE
MPLADS-003547,24.38,39.44,0,8,1,1,0.3333,0,-0.67,0.0,NORMAL_GRAPH_TOPOLOGY,NONE,NONE
MPLADS-003548,7.23,8.82,0,2,1,1,0.1667,0,0.0,0.0,NORMAL_GRAPH_TOPOLOGY,NONE,NONE
MPLADS-003549,18.59,29.26,0,27,1,1,0.1429,0,-0.5,0.0,NORMAL_GRAPH_TOPOLOGY,NONE,NONE
MPLADS-003550,28.53,46.66,0,13,1,1,0.1562,0,-0.17,0.0,NORMAL_GRAPH_TOPOLOGY,NONE,NONE
MPLADS-003551,30.29,49.6,0,29,1,1,0.2,0,-1.0,0.0,NORMAL_GRAPH_TOPOLOGY,NONE,NONE
MPLADS-003552,41.49,66.64,0,34,1,1,0.25,0,0.33,15.0,NORMAL_GRAPH_TOPOLOGY,NONE,NONE
MPLADS-003553,36.33,59.28,0,24,1,1,0.1667,0,1.0,15.0,NORMAL_GRAPH_TOPOLOGY,NONE,NONE
MPLADS-003554,15.11,22.92,0,16,1,1,0.1667,0,-0.17,0.0,NORMAL_GRAPH_TOPOLOGY,NONE,NONE
MPLADS-003555,68.05,91.98,0,9,1,1,0.1429,2,2.67,35.0,CORPORATE_COLLUSION_NETWORK,NONE,NONE
MPLADS-003556,17.71,27.66,0,18,1,1,0.25,0,-0.67,0.0,NORMAL_GRAPH_TOPOLOGY,NONE,NONE
MPLADS-003557,15.72,24.02,0,17,1,1,0.1667,0,-0.33,15.0,NORMAL_GRAPH_TOPOLOGY,NONE,NONE
MPLADS-003558,8.92,11.72,0,30,1,1,0.3333,0,0.33,0.0,NORMAL_GRAPH_TOPOLOGY,NONE,NONE
MPLADS-003559,64.55,89.32,0,27,1,1,0.1429,1,3.0,35.0,CORPORATE_COLLUSION_NETWORK,HIGH_CONSTITUENCY_AGENCY_CAPTURE,NONE
MPLADS-003560,38.65,62.88,0,36,1,1,0.3333,0,0.0,15.0,NORMAL_GRAPH_TOPOLOGY,NONE,NONE
MPLADS-003561,67.37,91.48,0,32,1,1,1.0,0,0.83,0.0,HIGH_CONSTITUENCY_AGENCY_CAPTURE,PRE_AWARD_GOVERNANCE_INSTABILITY,NONE
MPLADS-003562,18.68,29.42,0,27,1,1,0.1667,0,-0.67,0.0,NORMAL_GRAPH_TOPOLOGY,NONE,NONE
MPLADS-003563,49.8,76.74,0,27,1,1,0.25,0,-0.33,15.0,NORMAL_GRAPH_TOPOLOGY,NONE,NONE
MPLADS-003564,77.42,97.32,1,6,1,1,0.2,2,4.0,35.0,CORPORATE_COLLUSION_NETWORK,NONE,NONE
MPLADS-003565,65.22,89.8,0,24,2,1,0.1358,0,0.0,0.0,HIGH_CONSTITUENCY_AGENCY_CAPTURE,NONE,NONE
MPLADS-003566,28.58,46.74,0,27,1,1,0.5,0,-0.17,0.0,NORMAL_GRAPH_TOPOLOGY,NONE,NONE
MPLADS-003567,48.74,75.5,0,9,1,1,0.5,0,-0.67,15.0,NORMAL_GRAPH_TOPOLOGY,NONE,NONE
MPLADS-003568,33.67,54.96,0,22,1,1,0.1429,0,0.83,15.0,NORMAL_GRAPH_TOPOLOGY,NONE,NONE
MPLADS-003569,27.17,44.3,0,20,1,1,0.5,0,0.0,0.0,NORMAL_GRAPH_TOPOLOGY,NONE,NONE
MPLADS-003570,2.25,1.56,0,14,1,1,0.1667,0,-0.5,0.0,NORMAL_GRAPH_TOPOLOGY,NONE,NONE
MPLADS-003571,39.32,63.72,0,2,1,1,0.25,0,0.83,15.0,NORMAL_GRAPH_TOPOLOGY,NONE,NONE
MPLADS-003572,41.87,67.1,0,21,1,1,0.1429,0,-0.5,15.0,NORMAL_GRAPH_TOPOLOGY,NONE,NONE
MPLADS-003573,41.0,65.98,0,10,1,1,0.1429,0,0.5,15.0,NORMAL_GRAPH_TOPOLOGY,NONE,NONE
MPLADS-003574,3.11,2.6,0,6,1,1,0.2,0,-0.17,0.0,NORMAL_GRAPH_TOPOLOGY,NONE,NONE
MPLADS-003575,24.64,39.9,0,34,1,1,0.1667,0,1.0,0.0,NORMAL_GRAPH_TOPOLOGY,NONE,NONE
MPLADS-003576,19.48,30.92,0,15,1,1,0.2,0,-0.33,0.0,NORMAL_GRAPH_TOPOLOGY,NONE,NONE
MPLADS-003577,31.9,52.16,0,34,1,1,0.1667,0,0.0,0.0,NORMAL_GRAPH_TOPOLOGY,NONE,NONE
MPLADS-003578,5.94,6.7,0,8,1,1,0.25,0,0.17,0.0,NORMAL_GRAPH_TOPOLOGY,NONE,NONE
MPLADS-003579,64.29,89.14,0,17,1,1,0.1667,0,1.33,0.0,PRE_AWARD_GOVERNANCE_INSTABILITY,HIGH_CONSTITUENCY_AGENCY_CAPTURE,NONE
MPLADS-003580,33.49,54.68,0,34,1,1,0.25,0,-0.33,15.0,NORMAL_GRAPH_TOPOLOGY,NONE,NONE
MPLADS-003581,28.96,47.36,0,11,1,1,0.1111,0,-0.5,0.0,NORMAL_GRAPH_TOPOLOGY,NONE,NONE
MPLADS-003582,17.9,27.98,0,14,1,1,0.3333,0,0.67,0.0,NORMAL_GRAPH_TOPOLOGY,NONE,NONE
MPLADS-003583,1.73,1.04,0,25,1,1,0.2,0,0.0,0.0,NORMAL_GRAPH_TOPOLOGY,NONE,NONE
MPLADS-003584,25.46,41.36,0,16,1,1,0.1667,0,-0.67,0.0,NORMAL_GRAPH_TOPOLOGY,NONE,NONE
MPLADS-003585,34.95,57.1,0,4,1,1,0.25,0,0.5,15.0,NORMAL_GRAPH_TOPOLOGY,NONE,NONE
MPLADS-003586,31.67,51.76,0,7,1,1,0.1667,0,-0.5,15.0,NORMAL_GRAPH_TOPOLOGY,NONE,NONE
MPLADS-003587,53.5,80.9,0,18,1,1,0.1429,1,1.0,35.0,NORMAL_GRAPH_TOPOLOGY,NONE,NONE
MPLADS-003588,5.06,5.26,0,6,1,1,0.1667,0,-0.33,0.0,NORMAL_GRAPH_TOPOLOGY,NONE,NONE
MPLADS-003589,14.37,21.64,0,9,1,1,0.3333,0,-0.33,0.0,NORMAL_GRAPH_TOPOLOGY,NONE,NONE
MPLADS-003590,20.94,33.56,0,10,1,1,0.2,0,-0.33,15.0,NORMAL_GRAPH_TOPOLOGY,NONE,NONE
MPLADS-003591,37.73,61.5,0,26,1,1,0.1667,0,-0.67,0.0,NORMAL_GRAPH_TOPOLOGY,NONE,NONE
MPLADS-003592,47.06,73.58,0,7,1,1,1.0,0,-0.33,0.0,NORMAL_GRAPH_TOPOLOGY,NONE,NONE
MPLADS-003593,82.6,98.6,1,33,1,1,0.5,2,1.33,35.0,CORPORATE_COLLUSION_NETWORK,PRE_AWARD_GOVERNANCE_INSTABILITY,NONE
MPLADS-003594,15.46,23.56,0,23,1,1,0.1429,0,-0.17,0.0,NORMAL_GRAPH_TOPOLOGY,NONE,NONE
MPLADS-003595,53.35,80.78,0,33,1,1,0.1111,0,-1.17,0.0,NORMAL_GRAPH_TOPOLOGY,NONE,NONE
MPLADS-003596,26.92,43.86,0,25,1,1,0.3333,0,-0.17,0.0,NORMAL_GRAPH_TOPOLOGY,NONE,NONE
MPLADS-003597,4.09,3.84,0,18,1,1,0.2,0,0.0,0.0,NORMAL_GRAPH_TOPOLOGY,NONE,NONE
MPLADS-003598,52.33,79.7,0,15,1,1,0.3333,0,0.83,0.0,NORMAL_GRAPH_TOPOLOGY,NONE,NONE
MPLADS-003599,28.62,46.8,0,2,1,1,0.1429,0,0.5,15.0,NORMAL_GRAPH_TOPOLOGY,NONE,NONE
MPLADS-003600,1.01,0.44,0,14,1,1,0.1667,0,0.17,0.0,NORMAL_GRAPH_TOPOLOGY,NONE,NONE
MPLADS-003601,18.8,29.64,0,32,1,1,0.3333,0,0.17,0.0,NORMAL_GRAPH_TOPOLOGY,NONE,NONE
MPLADS-003602,25.26,40.98,0,1,1,1,0.1667,0,-0.67,15.0,NORMAL_GRAPH_TOPOLOGY,NONE,NONE
MPLADS-003603,4.07,3.82,0,12,1,1,0.2,0,-0.5,0.0,NORMAL_GRAPH_TOPOLOGY,NONE,NONE
MPLADS-003604,21.13,33.84,0,34,1,1,0.25,0,0.5,0.0,NORMAL_GRAPH_TOPOLOGY,NONE,NONE
MPLADS-003605,46.14,72.4,0,26,1,1,0.2,0,-0.5,15.0,NORMAL_GRAPH_TOPOLOGY,NONE,NONE
MPLADS-003606,37.66,61.4,0,8,1,1,0.25,0,0.33,15.0,NORMAL_GRAPH_TOPOLOGY,NONE,NONE
MPLADS-003607,71.3,94.3,0,26,1,1,0.25,2,1.0,35.0,CORPORATE_COLLUSION_NETWORK,HUB_CENTRALITY_SPIKE,NONE
MPLADS-003608,32.34,52.8,0,31,1,1,0.5,0,0.67,0.0,NORMAL_GRAPH_TOPOLOGY,NONE,NONE
MPLADS-003609,5.91,6.64,0,29,1,1,0.25,0,0.17,0.0,NORMAL_GRAPH_TOPOLOGY,NONE,NONE
MPLADS-003610,34.55,56.4,0,32,1,1,0.1429,0,-0.33,15.0,NORMAL_GRAPH_TOPOLOGY,NONE,NONE
MPLADS-003611,57.02,84.22,0,8,1,1,0.3333,0,0.0,15.0,NORMAL_GRAPH_TOPOLOGY,NONE,NONE
MPLADS-003612,12.2,17.64,0,1,1,1,0.2,0,-0.83,0.0,NORMAL_GRAPH_TOPOLOGY,NONE,NONE
MPLADS-003613,12.79,18.7,0,25,1,1,0.3333,0,-0.17,15.0,NORMAL_GRAPH_TOPOLOGY,NONE,NONE
MPLADS-003614,76.4,96.9,1,34,1,1,0.3333,2,2.67,35.0,CORPORATE_COLLUSION_NETWORK,NONE,NONE
MPLADS-003615,33.65,54.92,0,26,1,1,0.2,0,0.67,0.0,NORMAL_GRAPH_TOPOLOGY,NONE,NONE
MPLADS-003616,10.48,14.6,0,23,1,1,0.25,0,-0.67,0.0,NORMAL_GRAPH_TOPOLOGY,NONE,NONE
MPLADS-003617,28.33,46.28,0,21,1,1,0.125,0,-0.17,0.0,NORMAL_GRAPH_TOPOLOGY,NONE,NONE
MPLADS-003618,44.8,70.74,0,31,1,1,0.25,0,-0.83,0.0,NORMAL_GRAPH_TOPOLOGY,NONE,NONE
MPLADS-003619,58.42,85.38,0,0,1,1,0.3333,1,-0.33,35.0,NORMAL_GRAPH_TOPOLOGY,NONE,NONE
MPLADS-003620,34.71,56.7,0,26,1,1,0.1667,0,1.17,0.0,NORMAL_GRAPH_TOPOLOGY,NONE,NONE
MPLADS-003621,36.52,59.6,0,31,1,1,0.5,0,-0.5,0.0,NORMAL_GRAPH_TOPOLOGY,NONE,NONE
MPLADS-003622,40.38,65.18,0,7,1,1,0.5,0,0.33,15.0,NORMAL_GRAPH_TOPOLOGY,NONE,NONE
MPLADS-003623,13.08,19.26,0,7,1,1,0.2,0,0.17,0.0,NORMAL_GRAPH_TOPOLOGY,NONE,NONE
MPLADS-003624,2.9,2.36,0,9,1,1,0.2,0,-0.17,0.0,NORMAL_GRAPH_TOPOLOGY,NONE,NONE
MPLADS-003625,3.42,2.92,0,12,1,1,0.25,0,-0.17,0.0,NORMAL_GRAPH_TOPOLOGY,NONE,NONE
MPLADS-003626,9.42,12.66,0,14,1,1,0.1429,0,-0.33,0.0,NORMAL_GRAPH_TOPOLOGY,NONE,NONE
MPLADS-003627,59.83,86.38,0,14,1,1,0.5,1,-0.33,35.0,NORMAL_GRAPH_TOPOLOGY,NONE,NONE
MPLADS-003628,33.49,54.7,0,19,1,1,0.3333,0,0.33,15.0,NORMAL_GRAPH_TOPOLOGY,NONE,NONE
MPLADS-003629,32.87,53.66,0,31,1,1,0.2,0,0.5,15.0,NORMAL_GRAPH_TOPOLOGY,NONE,NONE
MPLADS-003630,29.7,48.56,0,27,1,1,0.3333,0,-0.17,0.0,NORMAL_GRAPH_TOPOLOGY,NONE,NONE
MPLADS-003631,61.91,87.56,0,20,2,1,0.2222,0,0.5,0.0,ELEVATED_GRAPH_CENTRALITY,NONE,NONE
MPLADS-003632,51.03,78.14,0,7,1,1,1.0,0,-0.5,0.0,NORMAL_GRAPH_TOPOLOGY,NONE,NONE
MPLADS-003633,34.5,56.34,0,5,1,1,0.3333,0,-0.67,0.0,NORMAL_GRAPH_TOPOLOGY,NONE,NONE
MPLADS-003634,27.43,44.8,0,36,1,1,0.1429,0,-0.33,0.0,NORMAL_GRAPH_TOPOLOGY,NONE,NONE
MPLADS-003635,42.61,68.12,0,36,1,1,0.1111,0,-0.67,0.0,NORMAL_GRAPH_TOPOLOGY,NONE,NONE
MPLADS-003636,12.77,18.66,0,23,1,1,0.125,0,-0.5,0.0,NORMAL_GRAPH_TOPOLOGY,NONE,NONE
MPLADS-003637,15.04,22.8,0,6,1,1,0.25,0,0.17,0.0,NORMAL_GRAPH_TOPOLOGY,NONE,NONE
MPLADS-003638,21.74,34.92,0,1,1,1,0.125,0,-0.5,0.0,NORMAL_GRAPH_TOPOLOGY,NONE,NONE
MPLADS-003639,22.91,36.94,0,26,1,1,0.3333,0,0.33,0.0,NORMAL_GRAPH_TOPOLOGY,NONE,NONE
MPLADS-003640,9.06,11.98,0,12,1,1,0.25,0,0.67,0.0,NORMAL_GRAPH_TOPOLOGY,NONE,NONE
MPLADS-003641,31.58,51.66,0,19,1,1,0.25,0,0.0,15.0,NORMAL_GRAPH_TOPOLOGY,NONE,NONE
MPLADS-003642,33.51,54.74,0,25,1,1,0.3333,0,0.83,15.0,NORMAL_GRAPH_TOPOLOGY,NONE,NONE
MPLADS-003643,52.8,80.22,0,2,1,1,0.125,0,1.0,0.0,NORMAL_GRAPH_TOPOLOGY,NONE,NONE
MPLADS-003644,37.41,60.98,0,17,1,1,0.1667,0,1.17,15.0,NORMAL_GRAPH_TOPOLOGY,NONE,NONE
MPLADS-003645,24.56,39.76,0,12,1,1,0.3333,0,0.33,0.0,NORMAL_GRAPH_TOPOLOGY,NONE,NONE
MPLADS-003646,1.32,0.72,0,14,1,1,0.2,0,0.0,0.0,NORMAL_GRAPH_TOPOLOGY,NONE,NONE
MPLADS-003647,10.62,14.86,0,24,1,1,0.1429,0,-0.33,0.0,NORMAL_GRAPH_TOPOLOGY,NONE,NONE
MPLADS-003648,15.16,23.0,0,24,1,1,0.25,0,-0.67,0.0,NORMAL_GRAPH_TOPOLOGY,NONE,NONE
MPLADS-003649,56.21,83.58,0,21,1,1,0.25,1,1.17,35.0,NORMAL_GRAPH_TOPOLOGY,NONE,NONE
MPLADS-003650,71.38,94.38,0,17,1,1,0.3333,0,0.17,15.0,RECURRING_EXCLUSIVE_PAIRING,HIGH_CONSTITUENCY_AGENCY_CAPTURE,PRE_AWARD_GOVERNANCE_INSTABILITY
MPLADS-003651,41.91,67.16,0,6,1,1,0.2,0,1.0,0.0,NORMAL_GRAPH_TOPOLOGY,NONE,NONE
MPLADS-003652,37.09,60.5,0,30,1,1,0.2,0,-1.33,0.0,NORMAL_GRAPH_TOPOLOGY,NONE,NONE
MPLADS-003653,3.44,2.96,0,10,1,1,0.25,0,-0.17,0.0,NORMAL_GRAPH_TOPOLOGY,NONE,NONE
MPLADS-003654,71.49,94.44,0,34,1,1,0.1429,2,1.0,35.0,CORPORATE_COLLUSION_NETWORK,NONE,NONE
MPLADS-003655,57.76,84.9,0,12,1,1,0.3333,0,1.83,0.0,NORMAL_GRAPH_TOPOLOGY,NONE,NONE
MPLADS-003656,28.07,45.84,0,26,1,1,0.25,0,-0.83,0.0,NORMAL_GRAPH_TOPOLOGY,NONE,NONE
MPLADS-003657,26.56,43.22,0,7,1,1,0.25,0,-0.17,0.0,NORMAL_GRAPH_TOPOLOGY,NONE,NONE
MPLADS-003658,49.24,76.26,0,3,1,1,1.0,0,0.17,0.0,NORMAL_GRAPH_TOPOLOGY,NONE,NONE
MPLADS-003659,65.03,89.66,0,1,1,1,0.2,1,2.5,50.0,CORPORATE_COLLUSION_NETWORK,RECURRING_EXCLUSIVE_PAIRING,HUB_CENTRALITY_SPIKE
MPLADS-003660,11.5,16.42,0,15,1,1,0.3333,0,0.0,0.0,NORMAL_GRAPH_TOPOLOGY,NONE,NONE
MPLADS-003661,63.17,88.48,0,11,2,1,0.1837,0,-0.17,0.0,HUB_CENTRALITY_SPIKE,NONE,NONE
MPLADS-003662,14.71,22.24,0,10,1,1,0.3333,0,-0.33,0.0,NORMAL_GRAPH_TOPOLOGY,NONE,NONE
MPLADS-003663,32.01,52.28,0,16,1,1,0.1429,0,0.33,0.0,NORMAL_GRAPH_TOPOLOGY,NONE,NONE
MPLADS-003664,54.2,81.6,0,8,1,1,0.25,0,1.83,0.0,NORMAL_GRAPH_TOPOLOGY,NONE,NONE
MPLADS-003665,23.41,37.78,0,16,1,1,0.3333,0,-0.5,0.0,NORMAL_GRAPH_TOPOLOGY,NONE,NONE
MPLADS-003666,61.92,87.58,0,26,1,1,0.2,1,1.67,35.0,CORPORATE_COLLUSION_NETWORK,HIGH_CONSTITUENCY_AGENCY_CAPTURE,HUB_CENTRALITY_SPIKE
MPLADS-003667,60.01,86.5,0,7,1,1,0.1111,0,0.67,0.0,PRE_AWARD_GOVERNANCE_INSTABILITY,HUB_CENTRALITY_SPIKE,NONE
MPLADS-003668,11.74,16.8,0,28,1,1,0.1667,0,-0.17,0.0,NORMAL_GRAPH_TOPOLOGY,NONE,NONE
MPLADS-003669,8.84,11.58,0,33,1,1,0.1429,0,0.33,0.0,NORMAL_GRAPH_TOPOLOGY,NONE,NONE
MPLADS-003670,26.97,43.96,0,32,1,1,0.1667,0,0.17,15.0,NORMAL_GRAPH_TOPOLOGY,NONE,NONE
MPLADS-003671,5.6,6.12,0,8,1,1,0.25,0,-0.5,0.0,NORMAL_GRAPH_TOPOLOGY,NONE,NONE
MPLADS-003672,54.95,82.36,0,23,1,1,0.2,0,-0.83,0.0,NORMAL_GRAPH_TOPOLOGY,NONE,NONE
MPLADS-003673,14.94,22.62,0,9,1,1,0.3333,0,-0.17,0.0,NORMAL_GRAPH_TOPOLOGY,NONE,NONE
MPLADS-003674,20.93,33.54,0,29,1,1,0.3333,0,0.0,0.0,NORMAL_GRAPH_TOPOLOGY,NONE,NONE
MPLADS-003675,48.84,75.66,0,12,1,1,0.1429,0,-0.5,0.0,NORMAL_GRAPH_TOPOLOGY,NONE,NONE
MPLADS-003676,47.99,74.62,0,6,1,1,0.1111,0,-0.5,15.0,NORMAL_GRAPH_TOPOLOGY,NONE,NONE
MPLADS-003677,25.39,41.2,0,33,1,1,0.1429,0,-0.83,0.0,NORMAL_GRAPH_TOPOLOGY,NONE,NONE
MPLADS-003678,19.52,30.98,0,12,1,1,0.25,0,0.5,0.0,NORMAL_GRAPH_TOPOLOGY,NONE,NONE
MPLADS-003679,12.92,18.98,0,35,1,1,0.1667,0,-0.17,0.0,NORMAL_GRAPH_TOPOLOGY,NONE,NONE
MPLADS-003680,31.69,51.8,0,16,1,1,0.3333,0,0.67,0.0,NORMAL_GRAPH_TOPOLOGY,NONE,NONE
MPLADS-003681,32.55,53.18,0,24,1,1,0.1667,0,0.33,0.0,NORMAL_GRAPH_TOPOLOGY,NONE,NONE
MPLADS-003682,3.46,3.0,0,17,1,1,0.2,0,-0.17,0.0,NORMAL_GRAPH_TOPOLOGY,NONE,NONE
MPLADS-003683,22.51,36.24,0,24,1,1,0.25,0,-0.83,0.0,NORMAL_GRAPH_TOPOLOGY,NONE,NONE
MPLADS-003684,5.24,5.5,0,10,1,1,0.2,0,-0.17,0.0,NORMAL_GRAPH_TOPOLOGY,NONE,NONE
MPLADS-003685,75.63,96.52,1,13,1,1,0.125,2,0.67,50.0,CORPORATE_COLLUSION_NETWORK,RECURRING_EXCLUSIVE_PAIRING,NONE
MPLADS-003686,56.57,83.84,0,26,1,1,0.2,0,-0.67,15.0,NORMAL_GRAPH_TOPOLOGY,NONE,NONE
MPLADS-003687,28.63,46.82,0,35,1,1,0.1667,0,-0.5,15.0,NORMAL_GRAPH_TOPOLOGY,NONE,NONE
MPLADS-003688,29.33,47.94,0,3,1,1,0.2,0,-0.33,15.0,NORMAL_GRAPH_TOPOLOGY,NONE,NONE
MPLADS-003689,12.63,18.4,0,34,1,1,0.1667,0,0.0,0.0,NORMAL_GRAPH_TOPOLOGY,NONE,NONE
MPLADS-003690,10.77,15.14,0,20,1,1,0.25,0,0.0,0.0,NORMAL_GRAPH_TOPOLOGY,NONE,NONE
MPLADS-003691,70.67,93.96,0,30,1,1,0.125,1,2.67,35.0,CORPORATE_COLLUSION_NETWORK,NONE,NONE
MPLADS-003692,23.33,37.66,0,1,1,1,0.2,0,0.0,15.0,NORMAL_GRAPH_TOPOLOGY,NONE,NONE
MPLADS-003693,39.92,64.56,0,14,1,1,0.1429,0,0.17,15.0,NORMAL_GRAPH_TOPOLOGY,NONE,NONE
MPLADS-003694,54.41,81.82,0,36,1,1,0.1667,0,-0.5,15.0,NORMAL_GRAPH_TOPOLOGY,NONE,NONE
MPLADS-003695,16.71,25.84,0,21,1,1,0.2,0,-0.83,0.0,NORMAL_GRAPH_TOPOLOGY,NONE,NONE
MPLADS-003696,33.81,55.18,0,12,1,1,0.5,0,-0.5,0.0,NORMAL_GRAPH_TOPOLOGY,NONE,NONE
MPLADS-003697,25.02,40.54,0,34,1,1,0.2,0,0.33,15.0,NORMAL_GRAPH_TOPOLOGY,NONE,NONE
MPLADS-003698,10.39,14.42,0,0,1,1,0.1429,0,0.0,0.0,NORMAL_GRAPH_TOPOLOGY,NONE,NONE
MPLADS-003699,57.39,84.64,0,2,1,1,0.125,1,1.0,35.0,NORMAL_GRAPH_TOPOLOGY,NONE,NONE
MPLADS-003700,5.49,5.94,0,15,1,1,0.1667,0,0.0,0.0,NORMAL_GRAPH_TOPOLOGY,NONE,NONE
MPLADS-003701,8.95,11.78,0,30,1,1,0.3333,0,0.0,0.0,NORMAL_GRAPH_TOPOLOGY,NONE,NONE
MPLADS-003702,31.73,51.88,0,17,1,1,0.5,0,0.0,0.0,NORMAL_GRAPH_TOPOLOGY,NONE,NONE
MPLADS-003703,26.76,43.56,0,7,1,1,0.25,0,-0.33,15.0,NORMAL_GRAPH_TOPOLOGY,NONE,NONE
MPLADS-003704,44.71,70.62,0,28,1,1,0.3333,0,0.67,0.0,NORMAL_GRAPH_TOPOLOGY,NONE,NONE
MPLADS-003705,16.91,26.2,0,1,1,1,0.25,0,-0.5,0.0,NORMAL_GRAPH_TOPOLOGY,NONE,NONE
MPLADS-003706,16.27,25.0,0,18,1,1,0.1667,0,0.17,0.0,NORMAL_GRAPH_TOPOLOGY,NONE,NONE
MPLADS-003707,30.71,50.3,0,34,1,1,0.1667,0,-0.83,0.0,NORMAL_GRAPH_TOPOLOGY,NONE,NONE
MPLADS-003708,18.46,29.04,0,24,1,1,0.1667,0,0.83,0.0,NORMAL_GRAPH_TOPOLOGY,NONE,NONE
MPLADS-003709,15.15,22.98,0,29,1,1,0.3333,0,-0.67,0.0,NORMAL_GRAPH_TOPOLOGY,NONE,NONE
MPLADS-003710,56.77,83.98,0,27,1,1,0.25,0,1.0,15.0,NORMAL_GRAPH_TOPOLOGY,NONE,NONE
MPLADS-003711,7.76,9.68,0,29,1,1,0.2,0,-0.17,0.0,NORMAL_GRAPH_TOPOLOGY,NONE,NONE
MPLADS-003712,54.44,81.84,0,7,1,1,0.1667,0,-1.67,15.0,NORMAL_GRAPH_TOPOLOGY,NONE,NONE
MPLADS-003713,38.43,62.52,0,20,1,1,0.5,0,0.5,0.0,NORMAL_GRAPH_TOPOLOGY,NONE,NONE
MPLADS-003714,32.3,52.74,0,2,1,1,0.5,0,0.5,0.0,NORMAL_GRAPH_TOPOLOGY,NONE,NONE
MPLADS-003715,37.92,61.82,0,10,1,1,0.2,0,-0.83,0.0,NORMAL_GRAPH_TOPOLOGY,NONE,NONE
MPLADS-003716,45.03,71.06,0,8,1,1,0.25,0,0.67,0.0,NORMAL_GRAPH_TOPOLOGY,NONE,NONE
MPLADS-003717,27.2,44.36,0,31,1,1,0.25,0,-0.67,0.0,NORMAL_GRAPH_TOPOLOGY,NONE,NONE
MPLADS-003718,69.84,93.36,0,5,1,1,0.125,0,1.33,0.0,PRE_AWARD_GOVERNANCE_INSTABILITY,HIGH_CONSTITUENCY_AGENCY_CAPTURE,NONE
MPLADS-003719,25.07,40.66,0,5,1,1,0.125,0,0.0,0.0,NORMAL_GRAPH_TOPOLOGY,NONE,NONE
MPLADS-003720,4.69,4.64,0,2,1,1,0.1429,0,0.0,0.0,NORMAL_GRAPH_TOPOLOGY,NONE,NONE
MPLADS-003721,19.82,31.54,0,28,1,1,0.3333,0,-0.17,0.0,NORMAL_GRAPH_TOPOLOGY,NONE,NONE
MPLADS-003722,41.58,66.74,0,28,1,1,0.25,0,0.17,15.0,NORMAL_GRAPH_TOPOLOGY,NONE,NONE
MPLADS-003723,6.27,7.26,0,7,1,1,0.2,0,0.0,0.0,NORMAL_GRAPH_TOPOLOGY,NONE,NONE
MPLADS-003724,62.68,88.12,0,1,1,1,0.2,1,1.0,35.0,CORPORATE_COLLUSION_NETWORK,HIGH_CONSTITUENCY_AGENCY_CAPTURE,NONE
MPLADS-003725,20.13,32.08,0,3,1,1,0.25,0,-0.5,0.0,NORMAL_GRAPH_TOPOLOGY,NONE,NONE
MPLADS-003726,5.55,6.04,0,30,1,1,0.25,0,0.0,0.0,NORMAL_GRAPH_TOPOLOGY,NONE,NONE
MPLADS-003727,2.99,2.48,0,25,1,1,0.1667,0,-0.67,0.0,NORMAL_GRAPH_TOPOLOGY,NONE,NONE
MPLADS-003728,27.42,44.78,0,7,1,1,0.2,0,-0.83,0.0,NORMAL_GRAPH_TOPOLOGY,NONE,NONE
MPLADS-003729,17.36,27.02,0,28,1,1,0.1667,0,0.5,0.0,NORMAL_GRAPH_TOPOLOGY,NONE,NONE
MPLADS-003730,32.2,52.6,0,28,1,1,0.25,0,0.67,15.0,NORMAL_GRAPH_TOPOLOGY,NONE,NONE
MPLADS-003731,33.06,54.0,0,27,1,1,0.25,0,-0.17,15.0,NORMAL_GRAPH_TOPOLOGY,NONE,NONE
MPLADS-003732,5.3,5.6,0,35,1,1,0.1667,0,0.0,0.0,NORMAL_GRAPH_TOPOLOGY,NONE,NONE
MPLADS-003733,37.16,60.64,0,7,1,1,0.5,0,-0.17,0.0,NORMAL_GRAPH_TOPOLOGY,NONE,NONE
MPLADS-003734,5.81,6.46,0,15,1,1,0.2,0,0.0,0.0,NORMAL_GRAPH_TOPOLOGY,NONE,NONE
MPLADS-003735,25.63,41.66,0,7,1,1,0.3333,0,0.0,15.0,NORMAL_GRAPH_TOPOLOGY,NONE,NONE
MPLADS-003736,58.24,85.24,0,28,1,1,0.2,0,0.0,15.0,NORMAL_GRAPH_TOPOLOGY,NONE,NONE
MPLADS-003737,13.84,20.66,0,19,1,1,0.2,0,-0.67,0.0,NORMAL_GRAPH_TOPOLOGY,NONE,NONE
MPLADS-003738,8.49,11.0,0,14,1,1,0.1837,0,0.0,0.0,NORMAL_GRAPH_TOPOLOGY,NONE,NONE
MPLADS-003739,26.36,42.86,0,13,1,1,0.3333,0,-0.33,0.0,NORMAL_GRAPH_TOPOLOGY,NONE,NONE
MPLADS-003740,46.56,72.88,0,9,1,1,0.1111,0,1.0,15.0,NORMAL_GRAPH_TOPOLOGY,NONE,NONE
MPLADS-003741,68.26,92.06,0,14,1,1,0.3333,0,1.33,0.0,PRE_AWARD_GOVERNANCE_INSTABILITY,HIGH_CONSTITUENCY_AGENCY_CAPTURE,NONE
MPLADS-003742,4.41,4.26,0,20,1,1,0.1667,0,-0.33,0.0,NORMAL_GRAPH_TOPOLOGY,NONE,NONE
MPLADS-003743,93.95,99.38,1,11,1,1,0.28,4,2.67,50.0,CORPORATE_COLLUSION_NETWORK,RECURRING_EXCLUSIVE_PAIRING,HIGH_CONSTITUENCY_AGENCY_CAPTURE
MPLADS-003744,37.72,61.48,0,18,1,1,0.25,0,-0.5,15.0,NORMAL_GRAPH_TOPOLOGY,NONE,NONE
MPLADS-003745,1.29,0.68,0,25,1,1,0.2,0,0.0,0.0,NORMAL_GRAPH_TOPOLOGY,NONE,NONE
MPLADS-003746,71.69,94.58,0,26,1,1,0.25,1,3.0,35.0,CORPORATE_COLLUSION_NETWORK,HIGH_CONSTITUENCY_AGENCY_CAPTURE,NONE
MPLADS-003747,20.91,33.5,0,19,1,1,0.25,0,-0.33,0.0,NORMAL_GRAPH_TOPOLOGY,NONE,NONE
MPLADS-003748,12.88,18.9,0,35,1,1,0.1429,0,-0.33,0.0,NORMAL_GRAPH_TOPOLOGY,NONE,NONE
MPLADS-003749,42.03,67.34,0,23,1,1,0.1667,0,1.17,15.0,NORMAL_GRAPH_TOPOLOGY,NONE,NONE
MPLADS-003750,29.07,47.54,0,30,1,1,0.3333,0,-0.5,0.0,NORMAL_GRAPH_TOPOLOGY,NONE,NONE
MPLADS-003751,15.38,23.42,0,1,1,1,0.1667,0,-0.5,0.0,NORMAL_GRAPH_TOPOLOGY,NONE,NONE
MPLADS-003752,58.93,85.8,0,3,1,1,1.0,0,0.5,15.0,NORMAL_GRAPH_TOPOLOGY,NONE,NONE
MPLADS-003753,12.6,18.36,0,35,1,1,0.1429,0,-0.33,0.0,NORMAL_GRAPH_TOPOLOGY,NONE,NONE
MPLADS-003754,42.24,67.62,0,12,1,1,0.25,0,0.5,15.0,NORMAL_GRAPH_TOPOLOGY,NONE,NONE
MPLADS-003755,39.0,63.24,0,25,1,1,0.5,0,0.0,15.0,NORMAL_GRAPH_TOPOLOGY,NONE,NONE
MPLADS-003756,34.87,56.96,0,1,1,1,0.3333,0,-1.0,0.0,NORMAL_GRAPH_TOPOLOGY,NONE,NONE
MPLADS-003757,1.64,1.0,0,14,1,1,0.25,0,0.17,0.0,NORMAL_GRAPH_TOPOLOGY,NONE,NONE
MPLADS-003758,13.63,20.26,0,11,1,1,0.3333,0,-0.17,0.0,NORMAL_GRAPH_TOPOLOGY,NONE,NONE
MPLADS-003759,21.92,35.22,0,26,1,1,0.2,0,0.17,0.0,NORMAL_GRAPH_TOPOLOGY,NONE,NONE
MPLADS-003760,48.77,75.56,0,0,1,1,0.1,0,-0.33,15.0,NORMAL_GRAPH_TOPOLOGY,NONE,NONE
MPLADS-003761,23.89,38.62,0,33,1,1,0.25,0,0.0,0.0,NORMAL_GRAPH_TOPOLOGY,NONE,NONE
MPLADS-003762,27.94,45.62,0,31,1,1,0.3333,0,0.67,0.0,NORMAL_GRAPH_TOPOLOGY,NONE,NONE
MPLADS-003763,19.19,30.38,0,8,1,1,0.1837,0,0.17,0.0,NORMAL_GRAPH_TOPOLOGY,NONE,NONE
MPLADS-003764,52.09,79.4,0,5,1,1,0.2,0,-1.17,0.0,NORMAL_GRAPH_TOPOLOGY,NONE,NONE
MPLADS-003765,81.07,98.4,1,2,1,1,0.125,2,4.0,35.0,CORPORATE_COLLUSION_NETWORK,NONE,NONE
MPLADS-003766,26.43,43.0,0,11,1,1,0.1429,0,1.67,0.0,NORMAL_GRAPH_TOPOLOGY,NONE,NONE
MPLADS-003767,22.54,36.3,0,12,1,1,0.3333,0,0.17,0.0,NORMAL_GRAPH_TOPOLOGY,NONE,NONE
MPLADS-003768,25.1,40.72,0,32,1,1,0.3333,0,0.0,0.0,NORMAL_GRAPH_TOPOLOGY,NONE,NONE
MPLADS-003769,11.42,16.28,0,23,1,1,0.1667,0,0.0,0.0,NORMAL_GRAPH_TOPOLOGY,NONE,NONE
MPLADS-003770,4.75,4.72,0,11,1,1,0.1667,0,0.0,0.0,NORMAL_GRAPH_TOPOLOGY,NONE,NONE
MPLADS-003771,16.36,25.16,0,24,1,1,0.25,0,-0.17,0.0,NORMAL_GRAPH_TOPOLOGY,NONE,NONE
MPLADS-003772,49.21,76.2,0,33,1,1,0.1667,1,1.17,35.0,NORMAL_GRAPH_TOPOLOGY,NONE,NONE
MPLADS-003773,11.98,17.22,0,25,1,1,0.3333,0,-0.33,0.0,NORMAL_GRAPH_TOPOLOGY,NONE,NONE
MPLADS-003774,29.91,48.88,0,27,1,1,0.1111,0,-0.17,0.0,NORMAL_GRAPH_TOPOLOGY,NONE,NONE
MPLADS-003775,39.27,63.66,0,12,1,1,0.25,0,-0.5,0.0,NORMAL_GRAPH_TOPOLOGY,NONE,NONE
MPLADS-003776,34.29,56.02,0,11,1,1,0.1111,0,-0.67,0.0,NORMAL_GRAPH_TOPOLOGY,NONE,NONE
MPLADS-003777,18.09,28.38,0,4,1,1,0.2,0,0.0,0.0,NORMAL_GRAPH_TOPOLOGY,NONE,NONE
MPLADS-003778,21.99,35.36,0,9,1,1,0.1667,0,1.0,0.0,NORMAL_GRAPH_TOPOLOGY,NONE,NONE
MPLADS-003779,30.1,49.22,0,7,1,1,0.1562,0,0.0,15.0,NORMAL_GRAPH_TOPOLOGY,NONE,NONE
MPLADS-003780,7.85,9.82,0,0,1,1,0.1429,0,0.33,0.0,NORMAL_GRAPH_TOPOLOGY,NONE,NONE
MPLADS-003781,21.31,34.14,0,0,1,1,0.25,0,0.33,15.0,NORMAL_GRAPH_TOPOLOGY,NONE,NONE
MPLADS-003782,33.64,54.9,0,12,1,1,0.2,0,-0.5,15.0,NORMAL_GRAPH_TOPOLOGY,NONE,NONE
MPLADS-003783,33.78,55.14,0,4,1,1,0.3333,0,0.0,15.0,NORMAL_GRAPH_TOPOLOGY,NONE,NONE
MPLADS-003784,8.15,10.36,0,35,1,1,0.1667,0,0.17,0.0,NORMAL_GRAPH_TOPOLOGY,NONE,NONE
MPLADS-003785,17.14,26.62,0,15,1,1,0.3333,0,-0.5,0.0,NORMAL_GRAPH_TOPOLOGY,NONE,NONE
MPLADS-003786,19.24,30.48,0,0,1,1,0.1667,0,-0.67,0.0,NORMAL_GRAPH_TOPOLOGY,NONE,NONE
MPLADS-003787,29.95,48.94,0,8,1,1,0.1429,0,-0.17,0.0,NORMAL_GRAPH_TOPOLOGY,NONE,NONE
MPLADS-003788,16.42,25.3,0,10,1,1,0.2,0,-0.33,0.0,NORMAL_GRAPH_TOPOLOGY,NONE,NONE
MPLADS-003789,42.8,68.36,0,7,1,1,0.1111,0,-0.5,0.0,NORMAL_GRAPH_TOPOLOGY,NONE,NONE
MPLADS-003790,38.47,62.6,0,13,1,1,0.5,0,-0.17,15.0,NORMAL_GRAPH_TOPOLOGY,NONE,NONE
MPLADS-003791,65.85,90.26,0,34,2,1,0.28,0,0.5,0.0,HUB_CENTRALITY_SPIKE,NONE,NONE
MPLADS-003792,27.5,44.92,0,2,1,1,0.1667,0,0.83,15.0,NORMAL_GRAPH_TOPOLOGY,NONE,NONE
MPLADS-003793,14.04,21.0,0,15,1,1,0.2,0,-0.33,0.0,NORMAL_GRAPH_TOPOLOGY,NONE,NONE
MPLADS-003794,94.2,99.44,1,11,1,1,0.0833,2,4.33,35.0,CORPORATE_COLLUSION_NETWORK,HIGH_CONSTITUENCY_AGENCY_CAPTURE,PRE_AWARD_GOVERNANCE_INSTABILITY
MPLADS-003795,29.34,47.96,0,14,1,1,0.2,0,-0.5,15.0,NORMAL_GRAPH_TOPOLOGY,NONE,NONE
MPLADS-003796,68.9,92.54,0,34,1,1,0.1429,1,0.67,35.0,CORPORATE_COLLUSION_NETWORK,HIGH_CONSTITUENCY_AGENCY_CAPTURE,PRE_AWARD_GOVERNANCE_INSTABILITY
MPLADS-003797,55.0,82.4,0,33,1,1,0.3333,0,-0.5,0.0,NORMAL_GRAPH_TOPOLOGY,NONE,NONE
MPLADS-003798,28.39,46.38,0,23,1,1,0.1429,0,1.17,0.0,NORMAL_GRAPH_TOPOLOGY,NONE,NONE
MPLADS-003799,75.91,96.66,1,16,1,1,0.1667,2,4.0,35.0,CORPORATE_COLLUSION_NETWORK,HIGH_CONSTITUENCY_AGENCY_CAPTURE,NONE
MPLADS-003800,6.58,7.78,0,27,1,1,0.2,0,-0.17,0.0,NORMAL_GRAPH_TOPOLOGY,NONE,NONE
MPLADS-003801,58.47,85.4,0,22,1,1,0.5,0,0.33,0.0,NORMAL_GRAPH_TOPOLOGY,NONE,NONE
MPLADS-003802,6.22,7.18,0,5,1,1,0.2,0,-0.5,0.0,NORMAL_GRAPH_TOPOLOGY,NONE,NONE
MPLADS-003803,17.27,26.86,0,8,1,1,0.2,0,0.33,0.0,NORMAL_GRAPH_TOPOLOGY,NONE,NONE
MPLADS-003804,15.51,23.64,0,29,1,1,0.3333,0,0.17,0.0,NORMAL_GRAPH_TOPOLOGY,NONE,NONE
MPLADS-003805,33.06,53.98,0,33,1,1,0.1429,0,1.17,0.0,NORMAL_GRAPH_TOPOLOGY,NONE,NONE
MPLADS-003806,33.94,55.4,0,24,1,1,0.1667,0,-0.17,15.0,NORMAL_GRAPH_TOPOLOGY,NONE,NONE
MPLADS-003807,59.5,86.22,0,26,1,1,0.25,1,1.67,35.0,NORMAL_GRAPH_TOPOLOGY,NONE,NONE
MPLADS-003808,52.2,79.54,0,26,1,1,0.25,0,-0.33,0.0,NORMAL_GRAPH_TOPOLOGY,NONE,NONE
MPLADS-003809,28.73,47.0,0,31,1,1,0.5,0,0.0,0.0,NORMAL_GRAPH_TOPOLOGY,NONE,NONE
MPLADS-003810,4.24,4.02,0,6,1,1,0.2,0,0.5,0.0,NORMAL_GRAPH_TOPOLOGY,NONE,NONE
MPLADS-003811,34.83,56.9,0,26,1,1,0.25,0,-0.83,0.0,NORMAL_GRAPH_TOPOLOGY,NONE,NONE
MPLADS-003812,5.28,5.56,0,33,1,1,0.2,0,-0.17,0.0,NORMAL_GRAPH_TOPOLOGY,NONE,NONE
MPLADS-003813,18.29,28.72,0,28,1,1,0.2,0,0.67,0.0,NORMAL_GRAPH_TOPOLOGY,NONE,NONE
MPLADS-003814,27.07,44.14,0,11,1,1,0.1111,0,-0.17,0.0,NORMAL_GRAPH_TOPOLOGY,NONE,NONE
MPLADS-003815,44.88,70.82,0,1,1,1,0.1667,0,1.0,0.0,NORMAL_GRAPH_TOPOLOGY,NONE,NONE
MPLADS-003816,7.81,9.76,0,0,1,1,0.125,0,0.17,0.0,NORMAL_GRAPH_TOPOLOGY,NONE,NONE
MPLADS-003817,37.44,61.02,0,9,1,1,0.25,0,-0.33,15.0,NORMAL_GRAPH_TOPOLOGY,NONE,NONE
MPLADS-003818,73.76,95.78,1,27,1,1,0.1429,2,1.0,50.0,CORPORATE_COLLUSION_NETWORK,RECURRING_EXCLUSIVE_PAIRING,NONE
MPLADS-003819,94.75,99.56,1,24,1,1,0.1111,4,2.17,35.0,CORPORATE_COLLUSION_NETWORK,HIGH_CONSTITUENCY_AGENCY_CAPTURE,PRE_AWARD_GOVERNANCE_INSTABILITY
MPLADS-003820,20.07,31.98,0,0,1,1,0.25,0,-0.5,0.0,NORMAL_GRAPH_TOPOLOGY,NONE,NONE
MPLADS-003821,37.04,60.42,0,13,1,1,0.25,0,-0.33,15.0,NORMAL_GRAPH_TOPOLOGY,NONE,NONE
MPLADS-003822,19.25,30.5,0,10,1,1,0.2,0,-0.67,0.0,NORMAL_GRAPH_TOPOLOGY,NONE,NONE
MPLADS-003823,11.13,15.74,0,12,1,1,0.1429,0,0.0,0.0,NORMAL_GRAPH_TOPOLOGY,NONE,NONE
MPLADS-003824,27.08,44.16,0,26,1,1,0.1429,0,0.0,0.0,NORMAL_GRAPH_TOPOLOGY,NONE,NONE
MPLADS-003825,29.02,47.46,0,33,1,1,0.3333,0,-0.67,0.0,NORMAL_GRAPH_TOPOLOGY,NONE,NONE
MPLADS-003826,36.1,58.92,0,0,1,1,0.2,0,-1.5,0.0,NORMAL_GRAPH_TOPOLOGY,NONE,NONE
MPLADS-003827,22.58,36.38,0,1,1,1,0.1111,0,0.17,0.0,NORMAL_GRAPH_TOPOLOGY,NONE,NONE
MPLADS-003828,19.34,30.66,0,35,1,1,0.1429,0,0.17,0.0,NORMAL_GRAPH_TOPOLOGY,NONE,NONE
MPLADS-003829,35.49,57.92,0,6,1,1,0.1429,0,-1.5,0.0,NORMAL_GRAPH_TOPOLOGY,NONE,NONE
MPLADS-003830,35.32,57.68,0,27,1,1,0.25,0,0.0,15.0,NORMAL_GRAPH_TOPOLOGY,NONE,NONE
MPLADS-003831,7.0,8.46,0,33,1,1,0.1667,0,-0.33,0.0,NORMAL_GRAPH_TOPOLOGY,NONE,NONE
MPLADS-003832,27.97,45.66,0,2,1,1,0.3333,0,-0.83,0.0,NORMAL_GRAPH_TOPOLOGY,NONE,NONE
MPLADS-003833,19.17,30.34,0,2,1,1,0.25,0,-0.83,0.0,NORMAL_GRAPH_TOPOLOGY,NONE,NONE
MPLADS-003834,11.97,17.2,0,30,1,1,0.1429,0,-0.67,0.0,NORMAL_GRAPH_TOPOLOGY,NONE,NONE
MPLADS-003835,42.35,67.78,0,36,1,1,0.2,0,0.67,0.0,NORMAL_GRAPH_TOPOLOGY,NONE,NONE
MPLADS-003836,20.08,32.0,0,33,1,1,0.1667,0,-1.0,0.0,NORMAL_GRAPH_TOPOLOGY,NONE,NONE
MPLADS-003837,45.61,71.76,0,19,1,1,0.25,0,0.67,0.0,NORMAL_GRAPH_TOPOLOGY,NONE,NONE
MPLADS-003838,52.62,80.02,0,33,1,1,0.1111,0,1.0,15.0,NORMAL_GRAPH_TOPOLOGY,NONE,NONE
MPLADS-003839,49.97,76.92,0,34,1,1,0.25,0,1.0,0.0,NORMAL_GRAPH_TOPOLOGY,NONE,NONE
MPLADS-003840,25.88,42.06,0,20,1,1,0.3333,0,0.5,0.0,NORMAL_GRAPH_TOPOLOGY,NONE,NONE
MPLADS-003841,13.78,20.54,0,8,1,1,0.1429,0,0.0,0.0,NORMAL_GRAPH_TOPOLOGY,NONE,NONE
MPLADS-003842,14.79,22.36,0,30,1,1,0.125,0,0.0,0.0,NORMAL_GRAPH_TOPOLOGY,NONE,NONE
MPLADS-003843,20.53,32.82,0,23,1,1,0.3333,0,0.0,0.0,NORMAL_GRAPH_TOPOLOGY,NONE,NONE
MPLADS-003844,56.99,84.18,0,12,1,1,0.25,0,1.0,15.0,NORMAL_GRAPH_TOPOLOGY,NONE,NONE
MPLADS-003845,8.11,10.3,0,14,1,1,0.2,0,-0.17,0.0,NORMAL_GRAPH_TOPOLOGY,NONE,NONE
MPLADS-003846,23.01,37.14,0,19,1,1,0.1667,0,-0.67,15.0,NORMAL_GRAPH_TOPOLOGY,NONE,NONE
MPLADS-003847,77.35,97.28,1,26,1,1,0.25,2,3.0,35.0,CORPORATE_COLLUSION_NETWORK,HUB_CENTRALITY_SPIKE,NONE
MPLADS-003848,23.03,37.18,0,25,1,1,0.1429,0,0.0,15.0,NORMAL_GRAPH_TOPOLOGY,NONE,NONE
MPLADS-003849,12.12,17.48,0,10,1,1,0.25,0,-0.33,0.0,NORMAL_GRAPH_TOPOLOGY,NONE,NONE
MPLADS-003850,14.28,21.44,0,2,1,1,0.125,0,-0.33,0.0,NORMAL_GRAPH_TOPOLOGY,NONE,NONE
MPLADS-003851,35.5,57.94,0,7,1,1,0.1667,0,0.83,15.0,NORMAL_GRAPH_TOPOLOGY,NONE,NONE
MPLADS-003852,19.84,31.56,0,7,1,1,0.5,0,-0.33,0.0,NORMAL_GRAPH_TOPOLOGY,NONE,NONE
MPLADS-003853,10.75,15.12,0,30,1,1,0.2,0,-0.67,0.0,NORMAL_GRAPH_TOPOLOGY,NONE,NONE
MPLADS-003854,47.38,73.96,0,30,1,1,0.0909,0,-0.17,0.0,NORMAL_GRAPH_TOPOLOGY,NONE,NONE
MPLADS-003855,30.66,50.2,0,10,1,1,0.125,0,-0.33,15.0,NORMAL_GRAPH_TOPOLOGY,NONE,NONE
MPLADS-003856,43.71,69.52,0,6,1,1,0.2,0,-0.67,0.0,NORMAL_GRAPH_TOPOLOGY,NONE,NONE
MPLADS-003857,47.76,74.36,0,20,1,1,0.25,0,0.17,15.0,NORMAL_GRAPH_TOPOLOGY,NONE,NONE
MPLADS-003858,35.78,58.4,0,30,1,1,0.2,0,-0.5,15.0,NORMAL_GRAPH_TOPOLOGY,NONE,NONE
MPLADS-003859,11.32,16.1,0,2,1,1,0.125,0,-0.33,0.0,NORMAL_GRAPH_TOPOLOGY,NONE,NONE
MPLADS-003860,31.38,51.34,0,20,1,1,0.2,0,0.0,15.0,NORMAL_GRAPH_TOPOLOGY,NONE,NONE
MPLADS-003861,32.35,52.84,0,26,1,1,0.25,0,0.0,0.0,NORMAL_GRAPH_TOPOLOGY,NONE,NONE
MPLADS-003862,72.41,95.06,1,5,1,1,0.125,2,1.0,35.0,CORPORATE_COLLUSION_NETWORK,NONE,NONE
MPLADS-003863,24.96,40.44,0,35,1,1,0.1667,0,0.33,0.0,NORMAL_GRAPH_TOPOLOGY,NONE,NONE
MPLADS-003864,1.94,1.24,0,2,1,1,0.1429,0,-0.17,0.0,NORMAL_GRAPH_TOPOLOGY,NONE,NONE
MPLADS-003865,16.16,24.78,0,35,1,1,0.1667,0,-0.5,15.0,NORMAL_GRAPH_TOPOLOGY,NONE,NONE
MPLADS-003866,38.76,63.0,0,21,1,1,0.3333,0,1.0,0.0,NORMAL_GRAPH_TOPOLOGY,NONE,NONE
MPLADS-003867,2.78,2.2,0,12,1,1,0.25,0,0.33,0.0,NORMAL_GRAPH_TOPOLOGY,NONE,NONE
MPLADS-003868,24.75,40.1,0,5,1,1,0.2,0,-0.83,0.0,NORMAL_GRAPH_TOPOLOGY,NONE,NONE
MPLADS-003869,5.29,5.58,0,19,1,1,0.2,0,0.17,0.0,NORMAL_GRAPH_TOPOLOGY,NONE,NONE
MPLADS-003870,1.47,0.86,0,31,1,1,0.2,0,0.0,0.0,NORMAL_GRAPH_TOPOLOGY,NONE,NONE
MPLADS-003871,27.16,44.28,0,5,1,1,0.1429,0,-0.67,0.0,NORMAL_GRAPH_TOPOLOGY,NONE,NONE
MPLADS-003872,67.23,91.38,0,0,1,1,0.1429,2,1.0,35.0,CORPORATE_COLLUSION_NETWORK,NONE,NONE
MPLADS-003873,37.53,61.18,0,18,1,1,0.3333,0,1.67,0.0,NORMAL_GRAPH_TOPOLOGY,NONE,NONE
MPLADS-003874,45.96,72.16,0,34,1,1,0.1111,0,-0.17,0.0,NORMAL_GRAPH_TOPOLOGY,NONE,NONE
MPLADS-003875,78.4,97.64,1,36,1,1,0.125,2,1.0,50.0,CORPORATE_COLLUSION_NETWORK,RECURRING_EXCLUSIVE_PAIRING,NONE
MPLADS-003876,74.97,96.26,1,35,1,1,0.5,2,3.0,35.0,CORPORATE_COLLUSION_NETWORK,HUB_CENTRALITY_SPIKE,NONE
MPLADS-003877,16.52,25.46,0,19,1,1,0.2,0,0.0,0.0,NORMAL_GRAPH_TOPOLOGY,NONE,NONE
MPLADS-003878,6.78,8.1,0,9,1,1,0.1667,0,-0.67,0.0,NORMAL_GRAPH_TOPOLOGY,NONE,NONE
MPLADS-003879,42.96,68.54,0,33,1,1,0.1111,0,-0.5,0.0,NORMAL_GRAPH_TOPOLOGY,NONE,NONE
MPLADS-003880,4.43,4.28,0,9,1,1,0.25,0,-0.33,0.0,NORMAL_GRAPH_TOPOLOGY,NONE,NONE
MPLADS-003881,64.0,88.96,0,15,1,1,1.0,0,-1.0,0.0,HIGH_CONSTITUENCY_AGENCY_CAPTURE,NONE,NONE
MPLADS-003882,63.74,88.74,0,22,1,1,0.3333,1,0.67,50.0,CORPORATE_COLLUSION_NETWORK,HIGH_CONSTITUENCY_AGENCY_CAPTURE,RECURRING_EXCLUSIVE_PAIRING
MPLADS-003883,6.9,8.26,0,27,1,1,0.2,0,-0.5,0.0,NORMAL_GRAPH_TOPOLOGY,NONE,NONE
MPLADS-003884,75.98,96.7,1,33,1,1,0.1429,2,3.0,35.0,CORPORATE_COLLUSION_NETWORK,HUB_CENTRALITY_SPIKE,NONE
MPLADS-003885,55.25,82.68,0,26,1,1,0.1667,0,0.67,15.0,NORMAL_GRAPH_TOPOLOGY,NONE,NONE
MPLADS-003886,24.7,40.02,0,16,1,1,0.3333,0,0.0,0.0,NORMAL_GRAPH_TOPOLOGY,NONE,NONE
MPLADS-003887,1.25,0.62,0,28,1,1,0.2,0,-0.17,0.0,NORMAL_GRAPH_TOPOLOGY,NONE,NONE
MPLADS-003888,5.62,6.16,0,9,1,1,0.2,0,0.33,0.0,NORMAL_GRAPH_TOPOLOGY,NONE,NONE
MPLADS-003889,17.46,27.22,0,27,1,1,0.2,0,0.0,0.0,NORMAL_GRAPH_TOPOLOGY,NONE,NONE
MPLADS-003890,43.51,69.24,0,17,1,1,0.25,0,-1.0,0.0,NORMAL_GRAPH_TOPOLOGY,NONE,NONE
MPLADS-003891,51.1,78.26,0,23,1,1,0.25,0,-0.83,0.0,NORMAL_GRAPH_TOPOLOGY,NONE,NONE
MPLADS-003892,22.78,36.7,0,20,1,1,0.3333,0,0.33,0.0,NORMAL_GRAPH_TOPOLOGY,NONE,NONE
MPLADS-003893,7.63,9.44,0,14,1,1,0.25,0,0.0,0.0,NORMAL_GRAPH_TOPOLOGY,NONE,NONE
MPLADS-003894,20.5,32.76,0,25,1,1,0.125,0,-0.5,0.0,NORMAL_GRAPH_TOPOLOGY,NONE,NONE
MPLADS-003895,17.54,27.36,0,5,1,1,0.2,0,-1.0,0.0,NORMAL_GRAPH_TOPOLOGY,NONE,NONE
MPLADS-003896,4.28,4.06,0,10,1,1,0.25,0,0.0,0.0,NORMAL_GRAPH_TOPOLOGY,NONE,NONE
MPLADS-003897,52.4,79.8,0,16,1,1,0.5,0,0.33,0.0,NORMAL_GRAPH_TOPOLOGY,NONE,NONE
MPLADS-003898,38.51,62.68,0,18,1,1,0.3333,0,0.0,0.0,NORMAL_GRAPH_TOPOLOGY,NONE,NONE
MPLADS-003899,39.94,64.58,0,21,1,1,0.5,0,0.33,15.0,NORMAL_GRAPH_TOPOLOGY,NONE,NONE
MPLADS-003900,43.93,69.74,0,15,1,1,0.1429,0,-0.33,0.0,NORMAL_GRAPH_TOPOLOGY,NONE,NONE
MPLADS-003901,7.51,9.24,0,6,1,1,0.2,0,0.17,0.0,NORMAL_GRAPH_TOPOLOGY,NONE,NONE
MPLADS-003902,8.83,11.56,0,27,1,1,0.2,0,-0.17,0.0,NORMAL_GRAPH_TOPOLOGY,NONE,NONE
MPLADS-003903,22.25,35.8,0,31,1,1,0.3333,0,-0.17,0.0,NORMAL_GRAPH_TOPOLOGY,NONE,NONE
MPLADS-003904,18.84,29.74,0,35,1,1,0.3333,0,-0.67,0.0,NORMAL_GRAPH_TOPOLOGY,NONE,NONE
MPLADS-003905,52.5,79.9,0,7,1,1,0.5,0,-1.33,0.0,NORMAL_GRAPH_TOPOLOGY,NONE,NONE
MPLADS-003906,14.87,22.5,0,6,1,1,0.1667,0,0.67,0.0,NORMAL_GRAPH_TOPOLOGY,NONE,NONE
MPLADS-003907,74.27,96.06,1,34,1,1,0.1111,0,-0.83,0.0,ELEVATED_GRAPH_CENTRALITY,NONE,NONE
MPLADS-003908,24.34,39.38,0,2,1,1,0.1429,0,0.17,15.0,NORMAL_GRAPH_TOPOLOGY,NONE,NONE
MPLADS-003909,37.62,61.32,0,24,1,1,0.25,0,-0.5,0.0,NORMAL_GRAPH_TOPOLOGY,NONE,NONE
MPLADS-003910,34.18,55.82,0,2,1,1,0.2,0,0.67,15.0,NORMAL_GRAPH_TOPOLOGY,NONE,NONE
MPLADS-003911,28.11,45.92,0,14,1,1,0.125,0,0.17,0.0,NORMAL_GRAPH_TOPOLOGY,NONE,NONE
MPLADS-003912,36.6,59.72,0,2,1,1,0.5,0,-0.83,0.0,NORMAL_GRAPH_TOPOLOGY,NONE,NONE
MPLADS-003913,3.31,2.8,0,1,1,1,0.1667,0,0.0,0.0,NORMAL_GRAPH_TOPOLOGY,NONE,NONE
MPLADS-003914,27.35,44.64,0,16,1,1,0.2,0,-1.0,0.0,NORMAL_GRAPH_TOPOLOGY,NONE,NONE
MPLADS-003915,10.1,13.9,0,16,1,1,0.25,0,0.0,0.0,NORMAL_GRAPH_TOPOLOGY,NONE,NONE
MPLADS-003916,44.2,70.1,0,15,1,1,0.125,0,1.17,0.0,NORMAL_GRAPH_TOPOLOGY,NONE,NONE
MPLADS-003917,65.82,90.22,0,29,1,1,0.3333,1,0.67,35.0,CORPORATE_COLLUSION_NETWORK,HIGH_CONSTITUENCY_AGENCY_CAPTURE,PRE_AWARD_GOVERNANCE_INSTABILITY
MPLADS-003918,17.64,27.54,0,27,1,1,0.2,0,-0.17,0.0,NORMAL_GRAPH_TOPOLOGY,NONE,NONE
MPLADS-003919,40.17,64.94,0,33,1,1,0.25,0,-0.67,15.0,NORMAL_GRAPH_TOPOLOGY,NONE,NONE
MPLADS-003920,20.83,33.34,0,19,1,1,0.1429,0,0.67,0.0,NORMAL_GRAPH_TOPOLOGY,NONE,NONE
MPLADS-003921,53.83,81.22,0,18,1,1,0.1667,0,-0.83,15.0,NORMAL_GRAPH_TOPOLOGY,NONE,NONE
MPLADS-003922,15.1,22.9,0,31,1,1,0.1667,0,-0.67,0.0,NORMAL_GRAPH_TOPOLOGY,NONE,NONE
MPLADS-003923,10.54,14.72,0,11,1,1,0.25,0,0.0,0.0,NORMAL_GRAPH_TOPOLOGY,NONE,NONE
MPLADS-003924,38.52,62.7,0,26,1,1,0.125,0,-0.5,0.0,NORMAL_GRAPH_TOPOLOGY,NONE,NONE
MPLADS-003925,24.32,39.36,0,26,1,1,0.3333,0,0.0,0.0,NORMAL_GRAPH_TOPOLOGY,NONE,NONE
MPLADS-003926,36.61,59.74,0,0,1,1,0.25,0,-0.67,0.0,NORMAL_GRAPH_TOPOLOGY,NONE,NONE
MPLADS-003927,20.4,32.58,0,1,1,1,0.1667,0,-0.17,0.0,NORMAL_GRAPH_TOPOLOGY,NONE,NONE
MPLADS-003928,35.34,57.7,0,29,1,1,0.1667,0,-0.17,0.0,NORMAL_GRAPH_TOPOLOGY,NONE,NONE
MPLADS-003929,21.53,34.52,0,6,1,1,0.25,0,0.0,15.0,NORMAL_GRAPH_TOPOLOGY,NONE,NONE
MPLADS-003930,4.51,4.36,0,33,1,1,0.1667,0,-0.33,0.0,NORMAL_GRAPH_TOPOLOGY,NONE,NONE
MPLADS-003931,53.74,81.14,0,27,1,1,0.3333,0,-0.5,0.0,NORMAL_GRAPH_TOPOLOGY,NONE,NONE
MPLADS-003932,48.8,75.6,0,22,1,1,0.1429,0,1.0,0.0,NORMAL_GRAPH_TOPOLOGY,NONE,NONE
MPLADS-003933,8.16,10.38,0,2,1,1,0.25,0,-0.17,0.0,NORMAL_GRAPH_TOPOLOGY,NONE,NONE
MPLADS-003934,42.13,67.48,0,26,1,1,0.125,0,-0.67,0.0,NORMAL_GRAPH_TOPOLOGY,NONE,NONE
MPLADS-003935,19.04,30.12,0,34,1,1,0.2,0,0.0,0.0,NORMAL_GRAPH_TOPOLOGY,NONE,NONE
MPLADS-003936,17.15,26.64,0,4,1,1,0.2,0,0.67,0.0,NORMAL_GRAPH_TOPOLOGY,NONE,NONE
MPLADS-003937,41.38,66.52,0,33,1,1,0.1111,0,-0.33,15.0,NORMAL_GRAPH_TOPOLOGY,NONE,NONE
MPLADS-003938,42.59,68.1,0,33,1,1,0.3333,0,0.67,15.0,NORMAL_GRAPH_TOPOLOGY,NONE,NONE
MPLADS-003939,24.97,40.46,0,31,1,1,0.25,0,-0.67,0.0,NORMAL_GRAPH_TOPOLOGY,NONE,NONE
MPLADS-003940,37.46,61.06,0,15,1,1,0.1429,0,1.0,15.0,NORMAL_GRAPH_TOPOLOGY,NONE,NONE
MPLADS-003941,68.97,92.6,0,16,1,1,0.1667,2,1.0,35.0,CORPORATE_COLLUSION_NETWORK,NONE,NONE
MPLADS-003942,89.63,99.18,1,11,1,1,0.1111,2,4.33,35.0,CORPORATE_COLLUSION_NETWORK,HIGH_CONSTITUENCY_AGENCY_CAPTURE,PRE_AWARD_GOVERNANCE_INSTABILITY
MPLADS-003943,6.71,7.98,0,2,1,1,0.25,0,-0.67,0.0,NORMAL_GRAPH_TOPOLOGY,NONE,NONE
MPLADS-003944,37.57,61.22,0,3,1,1,0.3333,0,-1.17,0.0,NORMAL_GRAPH_TOPOLOGY,NONE,NONE
MPLADS-003945,43.2,68.82,0,26,1,1,0.25,0,0.33,15.0,NORMAL_GRAPH_TOPOLOGY,NONE,NONE
MPLADS-003946,24.69,40.0,0,32,1,1,0.1667,0,-0.83,0.0,NORMAL_GRAPH_TOPOLOGY,NONE,NONE
MPLADS-003947,23.11,37.34,0,11,1,1,0.2,0,-0.33,0.0,NORMAL_GRAPH_TOPOLOGY,NONE,NONE
MPLADS-003948,28.09,45.88,0,9,1,1,0.3333,0,-0.17,0.0,NORMAL_GRAPH_TOPOLOGY,NONE,NONE
MPLADS-003949,28.8,47.1,0,32,1,1,0.5,0,0.17,0.0,NORMAL_GRAPH_TOPOLOGY,NONE,NONE
MPLADS-003950,55.82,83.26,0,26,1,1,0.3333,0,0.0,0.0,NORMAL_GRAPH_TOPOLOGY,NONE,NONE
MPLADS-003951,17.04,26.44,0,8,1,1,0.25,0,-0.17,0.0,NORMAL_GRAPH_TOPOLOGY,NONE,NONE
MPLADS-003952,15.29,23.22,0,2,1,1,0.2,0,-0.67,0.0,NORMAL_GRAPH_TOPOLOGY,NONE,NONE
MPLADS-003953,38.94,63.2,0,11,1,1,0.2,0,-1.17,15.0,NORMAL_GRAPH_TOPOLOGY,NONE,NONE
MPLADS-003954,60.12,86.54,0,34,1,1,0.2,0,1.83,0.0,HIGH_CONSTITUENCY_AGENCY_CAPTURE,PRE_AWARD_GOVERNANCE_INSTABILITY,NONE
MPLADS-003955,10.38,14.4,0,6,1,1,0.25,0,-0.33,0.0,NORMAL_GRAPH_TOPOLOGY,NONE,NONE
MPLADS-003956,52.74,80.18,0,7,1,1,0.3333,0,0.17,0.0,NORMAL_GRAPH_TOPOLOGY,NONE,NONE
MPLADS-003957,29.85,48.8,0,0,1,1,0.5,0,0.17,0.0,NORMAL_GRAPH_TOPOLOGY,NONE,NONE
MPLADS-003958,46.55,72.86,0,32,1,1,0.2,0,0.83,0.0,NORMAL_GRAPH_TOPOLOGY,NONE,NONE
MPLADS-003959,48.55,75.28,0,1,1,1,0.1358,0,0.5,15.0,NORMAL_GRAPH_TOPOLOGY,NONE,NONE
MPLADS-003960,13.64,20.28,0,21,1,1,0.25,0,-0.17,0.0,NORMAL_GRAPH_TOPOLOGY,NONE,NONE
MPLADS-003961,15.69,23.96,0,30,1,1,0.125,0,-0.33,0.0,NORMAL_GRAPH_TOPOLOGY,NONE,NONE
MPLADS-003962,17.49,27.26,0,32,1,1,0.3333,0,0.33,0.0,NORMAL_GRAPH_TOPOLOGY,NONE,NONE
MPLADS-003963,56.67,83.92,0,22,1,1,0.1429,1,0.0,35.0,NORMAL_GRAPH_TOPOLOGY,NONE,NONE
MPLADS-003964,14.39,21.68,0,0,1,1,0.125,0,0.0,0.0,NORMAL_GRAPH_TOPOLOGY,NONE,NONE
MPLADS-003965,66.46,90.82,0,7,1,1,0.1667,2,1.0,35.0,CORPORATE_COLLUSION_NETWORK,NONE,NONE
MPLADS-003966,67.61,91.68,0,15,1,1,0.25,1,3.0,35.0,CORPORATE_COLLUSION_NETWORK,NONE,NONE
MPLADS-003967,42.56,68.04,0,32,1,1,0.1667,0,0.33,0.0,NORMAL_GRAPH_TOPOLOGY,NONE,NONE
MPLADS-003968,56.07,83.46,0,34,1,1,0.2,1,1.0,35.0,NORMAL_GRAPH_TOPOLOGY,NONE,NONE
MPLADS-003969,29.47,48.16,0,19,1,1,0.25,0,-0.67,15.0,NORMAL_GRAPH_TOPOLOGY,NONE,NONE
MPLADS-003970,47.01,73.5,0,24,1,1,0.2,0,1.0,0.0,NORMAL_GRAPH_TOPOLOGY,NONE,NONE
MPLADS-003971,16.96,26.28,0,6,1,1,0.25,0,-0.67,0.0,NORMAL_GRAPH_TOPOLOGY,NONE,NONE
MPLADS-003972,34.82,56.88,0,20,1,1,0.1667,0,0.67,0.0,NORMAL_GRAPH_TOPOLOGY,NONE,NONE
MPLADS-003973,68.44,92.24,0,33,1,1,0.125,0,0.5,15.0,RECURRING_EXCLUSIVE_PAIRING,PRE_AWARD_GOVERNANCE_INSTABILITY,NONE
MPLADS-003974,60.0,86.48,0,34,1,1,0.1429,0,-0.83,0.0,NORMAL_GRAPH_TOPOLOGY,NONE,NONE
MPLADS-003975,19.0,30.04,0,30,1,1,0.1429,0,-0.33,0.0,NORMAL_GRAPH_TOPOLOGY,NONE,NONE
MPLADS-003976,34.74,56.74,0,35,1,1,0.3333,0,0.33,15.0,NORMAL_GRAPH_TOPOLOGY,NONE,NONE
MPLADS-003977,53.03,80.46,0,13,1,1,0.3333,0,-0.83,0.0,NORMAL_GRAPH_TOPOLOGY,NONE,NONE
MPLADS-003978,15.9,24.32,0,17,1,1,0.25,0,-0.5,0.0,NORMAL_GRAPH_TOPOLOGY,NONE,NONE
MPLADS-003979,1.5,0.9,0,11,1,1,0.2,0,0.33,0.0,NORMAL_GRAPH_TOPOLOGY,NONE,NONE
MPLADS-003980,13.03,19.16,0,28,1,1,0.2,0,0.0,0.0,NORMAL_GRAPH_TOPOLOGY,NONE,NONE
MPLADS-003981,47.68,74.28,0,5,1,1,0.1111,0,1.0,15.0,NORMAL_GRAPH_TOPOLOGY,NONE,NONE
MPLADS-003982,42.25,67.64,0,7,1,1,0.1111,0,0.33,0.0,NORMAL_GRAPH_TOPOLOGY,NONE,NONE
MPLADS-003983,38.67,62.92,0,18,1,1,0.1667,0,-0.5,15.0,NORMAL_GRAPH_TOPOLOGY,NONE,NONE
MPLADS-003984,6.34,7.38,0,30,1,1,0.2,0,0.5,0.0,NORMAL_GRAPH_TOPOLOGY,NONE,NONE
MPLADS-003985,35.75,58.38,0,28,1,1,0.3333,0,-0.5,15.0,NORMAL_GRAPH_TOPOLOGY,NONE,NONE
MPLADS-003986,43.9,69.7,0,26,1,1,0.2,0,0.17,15.0,NORMAL_GRAPH_TOPOLOGY,NONE,NONE
MPLADS-003987,71.18,94.22,0,33,1,1,0.25,1,3.0,35.0,CORPORATE_COLLUSION_NETWORK,NONE,NONE
MPLADS-003988,37.06,60.46,0,24,1,1,0.125,0,0.5,15.0,NORMAL_GRAPH_TOPOLOGY,NONE,NONE
MPLADS-003989,98.76,99.96,1,28,1,1,0.0909,4,2.17,35.0,CORPORATE_COLLUSION_NETWORK,HIGH_CONSTITUENCY_AGENCY_CAPTURE,PRE_AWARD_GOVERNANCE_INSTABILITY
MPLADS-003990,23.89,38.6,0,34,1,1,0.3333,0,0.5,0.0,NORMAL_GRAPH_TOPOLOGY,NONE,NONE
MPLADS-003991,8.34,10.72,0,35,1,1,0.2,0,0.17,0.0,NORMAL_GRAPH_TOPOLOGY,NONE,NONE
MPLADS-003992,12.27,17.8,0,24,1,1,0.1429,0,0.5,0.0,NORMAL_GRAPH_TOPOLOGY,NONE,NONE
MPLADS-003993,58.72,85.64,0,27,1,1,0.3333,1,0.67,35.0,NORMAL_GRAPH_TOPOLOGY,NONE,NONE
MPLADS-003994,37.9,61.78,0,9,1,1,0.1429,0,-0.5,15.0,NORMAL_GRAPH_TOPOLOGY,NONE,NONE
MPLADS-003995,23.22,37.5,0,1,1,1,0.5,0,0.0,0.0,NORMAL_GRAPH_TOPOLOGY,NONE,NONE
MPLADS-003996,68.68,92.4,0,33,1,1,0.3333,0,1.33,0.0,PRE_AWARD_GOVERNANCE_INSTABILITY,HIGH_CONSTITUENCY_AGENCY_CAPTURE,NONE
MPLADS-003997,47.73,74.34,0,21,1,1,0.1429,0,0.17,0.0,NORMAL_GRAPH_TOPOLOGY,NONE,NONE
MPLADS-003998,23.79,38.42,0,19,1,1,0.1429,0,-0.17,0.0,NORMAL_GRAPH_TOPOLOGY,NONE,NONE
MPLADS-003999,41.68,66.86,0,29,1,1,0.1111,0,-0.33,0.0,NORMAL_GRAPH_TOPOLOGY,NONE,NONE
MPLADS-004000,24.59,39.8,0,27,1,1,0.25,0,0.0,0.0,NORMAL_GRAPH_TOPOLOGY,NONE,NONE
MPLADS-004001,23.92,38.68,0,25,1,1,0.125,0,0.33,0.0,NORMAL_GRAPH_TOPOLOGY,NONE,NONE
MPLADS-004002,41.27,66.36,0,18,1,1,0.2,0,-0.5,15.0,NORMAL_GRAPH_TOPOLOGY,NONE,NONE
MPLADS-004003,75.3,96.36,1,17,1,1,0.1667,2,0.67,50.0,CORPORATE_COLLUSION_NETWORK,RECURRING_EXCLUSIVE_PAIRING,NONE
MPLADS-004004,24.87,40.28,0,20,1,1,0.125,0,-0.67,0.0,NORMAL_GRAPH_TOPOLOGY,NONE,NONE
MPLADS-004005,58.56,85.5,0,8,1,1,0.25,1,2.67,35.0,NORMAL_GRAPH_TOPOLOGY,NONE,NONE
MPLADS-004006,16.61,25.66,0,35,1,1,0.125,0,-0.33,0.0,NORMAL_GRAPH_TOPOLOGY,NONE,NONE
MPLADS-004007,9.22,12.32,0,22,1,1,0.25,0,0.33,0.0,NORMAL_GRAPH_TOPOLOGY,NONE,NONE
MPLADS-004008,66.26,90.64,0,0,1,1,0.1429,1,3.0,35.0,CORPORATE_COLLUSION_NETWORK,HIGH_CONSTITUENCY_AGENCY_CAPTURE,NONE
MPLADS-004009,12.9,18.94,0,20,1,1,0.2,0,-0.17,0.0,NORMAL_GRAPH_TOPOLOGY,NONE,NONE
MPLADS-004010,14.28,21.46,0,13,1,1,0.2,0,-0.17,15.0,NORMAL_GRAPH_TOPOLOGY,NONE,NONE
MPLADS-004011,17.89,27.96,0,10,1,1,0.1429,0,0.67,0.0,NORMAL_GRAPH_TOPOLOGY,NONE,NONE
MPLADS-004012,29.03,47.48,0,28,1,1,0.125,0,0.0,15.0,NORMAL_GRAPH_TOPOLOGY,NONE,NONE
MPLADS-004013,36.25,59.16,0,11,1,1,0.1111,0,-0.17,0.0,NORMAL_GRAPH_TOPOLOGY,NONE,NONE
MPLADS-004014,9.03,11.92,0,32,1,1,0.125,0,0.33,0.0,NORMAL_GRAPH_TOPOLOGY,NONE,NONE
MPLADS-004015,59.02,85.88,0,8,1,1,1.0,0,0.33,15.0,NORMAL_GRAPH_TOPOLOGY,NONE,NONE
MPLADS-004016,3.54,3.1,0,27,1,1,0.2,0,0.17,0.0,NORMAL_GRAPH_TOPOLOGY,NONE,NONE
MPLADS-004017,15.23,23.12,0,3,1,1,0.1667,0,0.67,0.0,NORMAL_GRAPH_TOPOLOGY,NONE,NONE
MPLADS-004018,15.93,24.38,0,3,1,1,0.2,0,-0.17,0.0,NORMAL_GRAPH_TOPOLOGY,NONE,NONE
MPLADS-004019,7.24,8.84,0,30,1,1,0.2,0,0.0,0.0,NORMAL_GRAPH_TOPOLOGY,NONE,NONE
MPLADS-004020,8.6,11.22,0,9,1,1,0.2,0,-0.5,0.0,NORMAL_GRAPH_TOPOLOGY,NONE,NONE
MPLADS-004021,41.24,66.34,0,27,1,1,0.3333,0,-0.5,15.0,NORMAL_GRAPH_TOPOLOGY,NONE,NONE
MPLADS-004022,9.56,12.88,0,16,1,1,0.1429,0,0.33,0.0,NORMAL_GRAPH_TOPOLOGY,NONE,NONE
MPLADS-004023,10.24,14.16,0,6,1,1,0.2,0,-0.5,0.0,NORMAL_GRAPH_TOPOLOGY,NONE,NONE
MPLADS-004024,26.23,42.64,0,33,1,1,0.25,0,0.5,0.0,NORMAL_GRAPH_TOPOLOGY,NONE,NONE
MPLADS-004025,58.6,85.54,0,36,1,1,0.125,0,-0.5,15.0,NORMAL_GRAPH_TOPOLOGY,NONE,NONE
MPLADS-004026,30.73,50.34,0,28,1,1,0.25,0,0.33,15.0,NORMAL_GRAPH_TOPOLOGY,NONE,NONE
MPLADS-004027,86.12,99.04,1,34,1,1,0.1429,2,4.33,35.0,CORPORATE_COLLUSION_NETWORK,HIGH_CONSTITUENCY_AGENCY_CAPTURE,PRE_AWARD_GOVERNANCE_INSTABILITY
MPLADS-004028,71.6,94.52,0,28,1,1,0.2,2,1.0,50.0,CORPORATE_COLLUSION_NETWORK,RECURRING_EXCLUSIVE_PAIRING,NONE
MPLADS-004029,28.23,46.14,0,31,1,1,0.25,0,-0.67,15.0,NORMAL_GRAPH_TOPOLOGY,NONE,NONE
MPLADS-004030,33.41,54.56,0,33,1,1,0.5,0,-0.5,0.0,NORMAL_GRAPH_TOPOLOGY,NONE,NONE
MPLADS-004031,40.07,64.8,0,24,1,1,0.25,0,0.0,0.0,NORMAL_GRAPH_TOPOLOGY,NONE,NONE
MPLADS-004032,77.81,97.52,1,11,1,1,0.5,2,4.0,35.0,CORPORATE_COLLUSION_NETWORK,NONE,NONE
MPLADS-004033,73.87,95.86,1,26,1,1,0.3333,2,2.17,35.0,CORPORATE_COLLUSION_NETWORK,NONE,NONE
MPLADS-004034,54.71,82.18,0,12,1,1,0.2,1,1.33,35.0,NORMAL_GRAPH_TOPOLOGY,NONE,NONE
MPLADS-004035,36.01,58.74,0,25,1,1,0.1,0,-0.17,0.0,NORMAL_GRAPH_TOPOLOGY,NONE,NONE
MPLADS-004036,0.04,0.04,0,5,1,1,0.2,0,-0.17,0.0,NORMAL_GRAPH_TOPOLOGY,NONE,NONE
MPLADS-004037,46.23,72.52,0,16,1,1,0.5,0,-1.0,0.0,NORMAL_GRAPH_TOPOLOGY,NONE,NONE
MPLADS-004038,10.62,14.88,0,25,1,1,0.1429,0,0.17,0.0,NORMAL_GRAPH_TOPOLOGY,NONE,NONE
MPLADS-004039,17.84,27.88,0,34,1,1,0.25,0,0.5,0.0,NORMAL_GRAPH_TOPOLOGY,NONE,NONE
MPLADS-004040,23.48,37.88,0,9,1,1,0.1429,0,1.17,0.0,NORMAL_GRAPH_TOPOLOGY,NONE,NONE
MPLADS-004041,36.13,58.98,0,33,1,1,0.2,0,-0.67,15.0,NORMAL_GRAPH_TOPOLOGY,NONE,NONE
MPLADS-004042,72.88,95.28,1,26,1,1,0.25,1,2.5,50.0,CORPORATE_COLLUSION_NETWORK,RECURRING_EXCLUSIVE_PAIRING,HUB_CENTRALITY_SPIKE
MPLADS-004043,13.71,20.42,0,2,1,1,0.1429,0,-0.83,0.0,NORMAL_GRAPH_TOPOLOGY,NONE,NONE
MPLADS-004044,11.88,17.04,0,7,1,1,0.3333,0,0.17,0.0,NORMAL_GRAPH_TOPOLOGY,NONE,NONE
MPLADS-004045,6.43,7.5,0,7,1,1,0.25,0,-0.17,0.0,NORMAL_GRAPH_TOPOLOGY,NONE,NONE
MPLADS-004046,46.65,73.0,0,26,1,1,0.3333,0,0.0,15.0,NORMAL_GRAPH_TOPOLOGY,NONE,NONE
MPLADS-004047,59.86,86.4,0,26,1,1,0.3333,0,0.67,0.0,NORMAL_GRAPH_TOPOLOGY,NONE,NONE
MPLADS-004048,50.26,77.24,0,22,1,1,0.3333,0,-0.83,0.0,NORMAL_GRAPH_TOPOLOGY,NONE,NONE
MPLADS-004049,68.37,92.18,0,25,1,1,0.1667,1,2.5,50.0,CORPORATE_COLLUSION_NETWORK,RECURRING_EXCLUSIVE_PAIRING,HUB_CENTRALITY_SPIKE
MPLADS-004050,29.15,47.66,0,34,1,1,0.125,0,-0.33,0.0,NORMAL_GRAPH_TOPOLOGY,NONE,NONE
MPLADS-004051,42.33,67.76,0,24,1,1,0.1111,0,-1.0,0.0,NORMAL_GRAPH_TOPOLOGY,NONE,NONE
MPLADS-004052,26.21,42.6,0,34,1,1,0.2,0,0.0,0.0,NORMAL_GRAPH_TOPOLOGY,NONE,NONE
MPLADS-004053,42.68,68.22,0,15,1,1,0.2,0,-0.5,0.0,NORMAL_GRAPH_TOPOLOGY,NONE,NONE
MPLADS-004054,61.75,87.42,0,11,1,1,0.3333,1,1.0,50.0,CORPORATE_COLLUSION_NETWORK,RECURRING_EXCLUSIVE_PAIRING,NONE
MPLADS-004055,51.9,79.18,0,36,1,1,0.3333,0,-0.5,0.0,NORMAL_GRAPH_TOPOLOGY,NONE,NONE
MPLADS-004056,71.57,94.48,0,26,1,1,0.2,1,2.33,35.0,CORPORATE_COLLUSION_NETWORK,PRE_AWARD_GOVERNANCE_INSTABILITY,NONE
MPLADS-004057,42.43,67.88,0,1,1,1,0.5,0,0.0,15.0,NORMAL_GRAPH_TOPOLOGY,NONE,NONE
MPLADS-004058,35.65,58.2,0,1,1,1,0.1429,0,-0.17,15.0,NORMAL_GRAPH_TOPOLOGY,NONE,NONE
MPLADS-004059,40.03,64.74,0,15,1,1,0.2,0,-0.67,0.0,NORMAL_GRAPH_TOPOLOGY,NONE,NONE
MPLADS-004060,7.84,9.8,0,30,1,1,0.3333,0,-0.33,0.0,NORMAL_GRAPH_TOPOLOGY,NONE,NONE
MPLADS-004061,13.45,19.92,0,35,1,1,0.2,0,0.17,0.0,NORMAL_GRAPH_TOPOLOGY,NONE,NONE
MPLADS-004062,27.64,45.1,0,25,1,1,0.25,0,0.17,15.0,NORMAL_GRAPH_TOPOLOGY,NONE,NONE
MPLADS-004063,59.94,86.46,0,0,1,1,0.375,0,-0.67,15.0,NORMAL_GRAPH_TOPOLOGY,NONE,NONE
MPLADS-004064,16.93,26.24,0,32,1,1,0.3333,0,0.17,0.0,NORMAL_GRAPH_TOPOLOGY,NONE,NONE
MPLADS-004065,14.53,21.9,0,34,1,1,0.125,0,-0.17,0.0,NORMAL_GRAPH_TOPOLOGY,NONE,NONE
MPLADS-004066,36.59,59.7,0,6,1,1,0.1429,0,1.17,0.0,NORMAL_GRAPH_TOPOLOGY,NONE,NONE
MPLADS-004067,48.13,74.76,0,7,1,1,0.125,0,-0.83,0.0,NORMAL_GRAPH_TOPOLOGY,NONE,NONE
MPLADS-004068,16.39,25.22,0,35,1,1,0.2,0,0.33,0.0,NORMAL_GRAPH_TOPOLOGY,NONE,NONE
MPLADS-004069,76.69,97.0,1,16,1,1,0.1429,2,0.67,50.0,CORPORATE_COLLUSION_NETWORK,RECURRING_EXCLUSIVE_PAIRING,NONE
MPLADS-004070,6.5,7.62,0,25,1,1,0.2,0,0.17,0.0,NORMAL_GRAPH_TOPOLOGY,NONE,NONE
MPLADS-004071,52.11,79.44,0,9,1,1,0.1429,1,1.33,35.0,NORMAL_GRAPH_TOPOLOGY,NONE,NONE
MPLADS-004072,65.97,90.34,0,9,1,1,0.25,2,2.0,35.0,CORPORATE_COLLUSION_NETWORK,NONE,NONE
MPLADS-004073,49.65,76.58,0,28,1,1,0.5,0,0.33,0.0,NORMAL_GRAPH_TOPOLOGY,NONE,NONE
MPLADS-004074,23.84,38.52,0,0,1,1,0.1667,0,0.5,0.0,NORMAL_GRAPH_TOPOLOGY,NONE,NONE
MPLADS-004075,34.89,57.0,0,7,1,1,0.1429,0,-0.67,15.0,NORMAL_GRAPH_TOPOLOGY,NONE,NONE
MPLADS-004076,68.98,92.62,0,25,1,1,0.1667,1,2.33,35.0,CORPORATE_COLLUSION_NETWORK,PRE_AWARD_GOVERNANCE_INSTABILITY,NONE
MPLADS-004077,49.31,76.3,0,35,1,1,0.1,0,-0.67,0.0,NORMAL_GRAPH_TOPOLOGY,NONE,NONE
MPLADS-004078,16.34,25.12,0,14,1,1,0.25,0,-0.67,0.0,NORMAL_GRAPH_TOPOLOGY,NONE,NONE
MPLADS-004079,47.97,74.6,0,27,1,1,0.1429,0,-1.17,15.0,NORMAL_GRAPH_TOPOLOGY,NONE,NONE
MPLADS-004080,13.49,20.0,0,2,1,1,0.1429,0,0.5,0.0,NORMAL_GRAPH_TOPOLOGY,NONE,NONE
MPLADS-004081,24.55,39.74,0,17,1,1,0.125,0,-0.17,0.0,NORMAL_GRAPH_TOPOLOGY,NONE,NONE
MPLADS-004082,19.5,30.94,0,33,1,1,0.3333,0,0.33,0.0,NORMAL_GRAPH_TOPOLOGY,NONE,NONE
MPLADS-004083,29.94,48.92,0,35,1,1,0.1667,0,-0.33,15.0,NORMAL_GRAPH_TOPOLOGY,NONE,NONE
MPLADS-004084,5.7,6.3,0,13,1,1,0.25,0,0.33,0.0,NORMAL_GRAPH_TOPOLOGY,NONE,NONE
MPLADS-004085,83.9,98.78,1,27,1,1,0.2,2,4.33,35.0,CORPORATE_COLLUSION_NETWORK,HIGH_CONSTITUENCY_AGENCY_CAPTURE,PRE_AWARD_GOVERNANCE_INSTABILITY
MPLADS-004086,78.43,97.68,1,34,2,1,0.124,0,0.0,0.0,HIGH_CONSTITUENCY_AGENCY_CAPTURE,HUB_CENTRALITY_SPIKE,NONE
MPLADS-004087,84.58,98.92,1,9,1,1,0.125,2,4.33,35.0,CORPORATE_COLLUSION_NETWORK,HIGH_CONSTITUENCY_AGENCY_CAPTURE,PRE_AWARD_GOVERNANCE_INSTABILITY
MPLADS-004088,24.81,40.16,0,24,1,1,0.2,0,0.5,0.0,NORMAL_GRAPH_TOPOLOGY,NONE,NONE
MPLADS-004089,19.84,31.58,0,15,1,1,0.3333,0,0.33,0.0,NORMAL_GRAPH_TOPOLOGY,NONE,NONE
MPLADS-004090,36.23,59.14,0,4,1,1,0.1667,0,-1.0,0.0,NORMAL_GRAPH_TOPOLOGY,NONE,NONE
MPLADS-004091,76.93,97.16,1,17,1,1,0.1667,2,1.0,50.0,CORPORATE_COLLUSION_NETWORK,RECURRING_EXCLUSIVE_PAIRING,NONE
MPLADS-004092,27.05,44.1,0,22,1,1,0.5,0,-0.33,0.0,NORMAL_GRAPH_TOPOLOGY,NONE,NONE
MPLADS-004093,66.14,90.52,0,26,1,1,0.2,0,1.33,0.0,PRE_AWARD_GOVERNANCE_INSTABILITY,HIGH_CONSTITUENCY_AGENCY_CAPTURE,NONE
MPLADS-004094,9.15,12.18,0,34,1,1,0.2,0,-0.33,0.0,NORMAL_GRAPH_TOPOLOGY,NONE,NONE
MPLADS-004095,17.85,27.9,0,11,1,1,0.1667,0,0.17,0.0,NORMAL_GRAPH_TOPOLOGY,NONE,NONE
MPLADS-004096,21.77,34.98,0,7,1,1,0.5,0,-0.17,0.0,NORMAL_GRAPH_TOPOLOGY,NONE,NONE
MPLADS-004097,6.49,7.6,0,7,1,1,0.2,0,0.0,0.0,NORMAL_GRAPH_TOPOLOGY,NONE,NONE
MPLADS-004098,47.29,73.86,0,21,1,1,0.125,0,-0.33,15.0,NORMAL_GRAPH_TOPOLOGY,NONE,NONE
MPLADS-004099,29.93,48.9,0,2,1,1,0.1429,0,-0.67,0.0,NORMAL_GRAPH_TOPOLOGY,NONE,NONE
MPLADS-004100,47.05,73.56,0,33,1,1,0.375,0,-1.17,0.0,NORMAL_GRAPH_TOPOLOGY,NONE,NONE
MPLADS-004101,58.03,85.18,0,30,1,1,0.1,0,-0.33,0.0,NORMAL_GRAPH_TOPOLOGY,NONE,NONE
MPLADS-004102,15.21,23.08,0,19,1,1,0.2,0,-0.67,0.0,NORMAL_GRAPH_TOPOLOGY,NONE,NONE
MPLADS-004103,30.62,50.16,0,33,1,1,0.3333,0,0.33,0.0,NORMAL_GRAPH_TOPOLOGY,NONE,NONE
MPLADS-004104,33.5,54.72,0,26,1,1,0.2,0,0.33,0.0,NORMAL_GRAPH_TOPOLOGY,NONE,NONE
MPLADS-004105,17.77,27.76,0,22,1,1,0.1429,0,-0.5,0.0,NORMAL_GRAPH_TOPOLOGY,NONE,NONE
MPLADS-004106,29.78,48.7,0,3,1,1,0.3333,0,-0.5,15.0,NORMAL_GRAPH_TOPOLOGY,NONE,NONE
MPLADS-004107,17.25,26.8,0,10,1,1,0.2,0,0.0,0.0,NORMAL_GRAPH_TOPOLOGY,NONE,NONE
MPLADS-004108,40.32,65.1,0,24,1,1,0.3333,0,0.0,0.0,NORMAL_GRAPH_TOPOLOGY,NONE,NONE
MPLADS-004109,26.48,43.08,0,6,1,1,0.25,0,0.33,15.0,NORMAL_GRAPH_TOPOLOGY,NONE,NONE
MPLADS-004110,32.79,53.54,0,2,1,1,0.25,0,0.0,0.0,NORMAL_GRAPH_TOPOLOGY,NONE,NONE
MPLADS-004111,20.89,33.46,0,31,1,1,0.25,0,0.83,0.0,NORMAL_GRAPH_TOPOLOGY,NONE,NONE
MPLADS-004112,7.52,9.26,0,14,1,1,0.1667,0,-0.5,0.0,NORMAL_GRAPH_TOPOLOGY,NONE,NONE
MPLADS-004113,35.06,57.26,0,24,1,1,0.1429,0,-0.67,15.0,NORMAL_GRAPH_TOPOLOGY,NONE,NONE
MPLADS-004114,13.49,19.98,0,27,1,1,0.25,0,-0.5,0.0,NORMAL_GRAPH_TOPOLOGY,NONE,NONE
MPLADS-004115,37.37,60.94,0,22,1,1,0.3333,0,1.0,15.0,NORMAL_GRAPH_TOPOLOGY,NONE,NONE
MPLADS-004116,73.92,95.92,1,26,1,1,0.3333,2,1.67,35.0,CORPORATE_COLLUSION_NETWORK,HUB_CENTRALITY_SPIKE,NONE
MPLADS-004117,45.94,72.14,0,33,1,1,0.5,0,-0.5,0.0,NORMAL_GRAPH_TOPOLOGY,NONE,NONE
MPLADS-004118,24.79,40.14,0,28,1,1,0.125,0,-0.5,15.0,NORMAL_GRAPH_TOPOLOGY,NONE,NONE
MPLADS-004119,40.99,65.96,0,14,1,1,0.5,0,0.83,0.0,NORMAL_GRAPH_TOPOLOGY,NONE,NONE
MPLADS-004120,11.87,17.02,0,10,1,1,0.3333,0,-0.17,0.0,NORMAL_GRAPH_TOPOLOGY,NONE,NONE
MPLADS-004121,14.83,22.44,0,26,1,1,0.2,0,0.0,0.0,NORMAL_GRAPH_TOPOLOGY,NONE,NONE
MPLADS-004122,56.93,84.1,0,27,1,1,0.25,0,1.0,15.0,NORMAL_GRAPH_TOPOLOGY,NONE,NONE
MPLADS-004123,42.87,68.42,0,11,1,1,0.125,0,-0.33,15.0,NORMAL_GRAPH_TOPOLOGY,NONE,NONE
MPLADS-004124,29.83,48.76,0,31,1,1,0.2,0,-1.0,0.0,NORMAL_GRAPH_TOPOLOGY,NONE,NONE
MPLADS-004125,36.09,58.88,0,8,1,1,0.5,0,-0.17,0.0,NORMAL_GRAPH_TOPOLOGY,NONE,NONE
MPLADS-004126,71.36,94.36,0,5,1,1,0.2,2,2.17,35.0,CORPORATE_COLLUSION_NETWORK,NONE,NONE
MPLADS-004127,34.03,55.58,0,10,1,1,0.1667,0,-0.83,0.0,NORMAL_GRAPH_TOPOLOGY,NONE,NONE
MPLADS-004128,43.66,69.42,0,24,1,1,0.1429,0,-0.83,15.0,NORMAL_GRAPH_TOPOLOGY,NONE,NONE
MPLADS-004129,52.83,80.28,0,18,1,1,1.0,0,-0.33,0.0,NORMAL_GRAPH_TOPOLOGY,NONE,NONE
MPLADS-004130,6.16,7.08,0,32,1,1,0.1667,0,-0.33,0.0,NORMAL_GRAPH_TOPOLOGY,NONE,NONE
MPLADS-004131,11.71,16.76,0,5,1,1,0.1667,0,0.5,0.0,NORMAL_GRAPH_TOPOLOGY,NONE,NONE
MPLADS-004132,16.63,25.7,0,28,1,1,0.2,0,0.83,0.0,NORMAL_GRAPH_TOPOLOGY,NONE,NONE
MPLADS-004133,12.31,17.86,0,1,1,1,0.25,0,-0.5,0.0,NORMAL_GRAPH_TOPOLOGY,NONE,NONE
MPLADS-004134,26.49,43.1,0,17,1,1,0.3333,0,0.83,0.0,NORMAL_GRAPH_TOPOLOGY,NONE,NONE
MPLADS-004135,21.47,34.42,0,4,1,1,0.1667,0,0.67,0.0,NORMAL_GRAPH_TOPOLOGY,NONE,NONE
MPLADS-004136,93.72,99.3,1,5,1,1,0.2,4,2.17,35.0,CORPORATE_COLLUSION_NETWORK,HIGH_CONSTITUENCY_AGENCY_CAPTURE,PRE_AWARD_GOVERNANCE_INSTABILITY
MPLADS-004137,7.95,10.0,0,30,1,1,0.3333,0,-0.17,0.0,NORMAL_GRAPH_TOPOLOGY,NONE,NONE
MPLADS-004138,28.13,45.96,0,14,1,1,0.3333,0,0.17,0.0,NORMAL_GRAPH_TOPOLOGY,NONE,NONE
MPLADS-004139,6.37,7.4,0,14,1,1,0.2,0,-0.5,0.0,NORMAL_GRAPH_TOPOLOGY,NONE,NONE
MPLADS-004140,63.21,88.52,0,34,1,1,0.25,1,1.0,35.0,CORPORATE_COLLUSION_NETWORK,HIGH_CONSTITUENCY_AGENCY_CAPTURE,PRE_AWARD_GOVERNANCE_INSTABILITY
MPLADS-004141,50.56,77.58,0,0,1,1,0.25,1,1.0,35.0,NORMAL_GRAPH_TOPOLOGY,NONE,NONE
MPLADS-004142,12.7,18.54,0,2,1,1,0.125,0,-0.17,0.0,NORMAL_GRAPH_TOPOLOGY,NONE,NONE
MPLADS-004143,7.89,9.9,0,25,1,1,0.1429,0,-0.33,0.0,NORMAL_GRAPH_TOPOLOGY,NONE,NONE
MPLADS-004144,48.79,75.58,0,22,1,1,0.1667,0,-0.83,0.0,NORMAL_GRAPH_TOPOLOGY,NONE,NONE
MPLADS-004145,69.71,93.24,0,3,1,1,0.1667,2,2.67,35.0,CORPORATE_COLLUSION_NETWORK,NONE,NONE
MPLADS-004146,35.09,57.3,0,23,1,1,0.25,0,1.0,15.0,NORMAL_GRAPH_TOPOLOGY,NONE,NONE
MPLADS-004147,58.75,85.66,0,0,1,1,1.0,0,1.17,0.0,NORMAL_GRAPH_TOPOLOGY,NONE,NONE
MPLADS-004148,12.0,17.26,0,8,1,1,0.2,0,-0.5,0.0,NORMAL_GRAPH_TOPOLOGY,NONE,NONE
MPLADS-004149,22.86,36.84,0,24,1,1,0.25,0,-0.33,15.0,NORMAL_GRAPH_TOPOLOGY,NONE,NONE
MPLADS-004150,57.78,84.94,0,20,1,1,0.2,0,1.83,0.0,NORMAL_GRAPH_TOPOLOGY,NONE,NONE
MPLADS-004151,11.56,16.52,0,30,1,1,0.25,0,0.17,0.0,NORMAL_GRAPH_TOPOLOGY,NONE,NONE
MPLADS-004152,68.3,92.08,0,34,1,1,0.25,2,2.67,35.0,CORPORATE_COLLUSION_NETWORK,NONE,NONE
MPLADS-004153,47.48,74.04,0,7,1,1,0.25,0,-0.83,0.0,NORMAL_GRAPH_TOPOLOGY,NONE,NONE
MPLADS-004154,62.29,87.84,0,3,1,1,0.1667,1,0.67,35.0,CORPORATE_COLLUSION_NETWORK,HIGH_CONSTITUENCY_AGENCY_CAPTURE,PRE_AWARD_GOVERNANCE_INSTABILITY
MPLADS-004155,45.56,71.7,0,7,1,1,0.1111,0,-0.67,15.0,NORMAL_GRAPH_TOPOLOGY,NONE,NONE
MPLADS-004156,46.95,73.4,0,30,1,1,0.25,0,-1.17,15.0,NORMAL_GRAPH_TOPOLOGY,NONE,NONE
MPLADS-004157,52.53,79.94,0,30,1,1,0.2,0,-0.67,0.0,NORMAL_GRAPH_TOPOLOGY,NONE,NONE
MPLADS-004158,46.27,72.56,0,19,1,1,0.3333,0,1.0,15.0,NORMAL_GRAPH_TOPOLOGY,NONE,NONE
MPLADS-004159,23.7,38.28,0,18,1,1,0.2,0,-0.5,15.0,NORMAL_GRAPH_TOPOLOGY,NONE,NONE
MPLADS-004160,66.06,90.4,0,11,1,1,0.2,2,1.0,35.0,CORPORATE_COLLUSION_NETWORK,NONE,NONE
MPLADS-004161,35.83,58.5,0,35,1,1,0.5,0,-0.5,0.0,NORMAL_GRAPH_TOPOLOGY,NONE,NONE
MPLADS-004162,6.91,8.28,0,2,1,1,0.2,0,0.17,0.0,NORMAL_GRAPH_TOPOLOGY,NONE,NONE
MPLADS-004163,26.44,43.02,0,3,1,1,0.3333,0,-0.5,0.0,NORMAL_GRAPH_TOPOLOGY,NONE,NONE
MPLADS-004164,49.76,76.72,0,11,1,1,0.1111,0,-0.33,0.0,NORMAL_GRAPH_TOPOLOGY,NONE,NONE
MPLADS-004165,8.64,11.28,0,32,1,1,0.3333,0,-0.17,0.0,NORMAL_GRAPH_TOPOLOGY,NONE,NONE
MPLADS-004166,40.58,65.42,0,34,1,1,0.25,0,0.33,15.0,NORMAL_GRAPH_TOPOLOGY,NONE,NONE
MPLADS-004167,17.09,26.52,0,17,1,1,0.3333,0,-0.5,0.0,NORMAL_GRAPH_TOPOLOGY,NONE,NONE
MPLADS-004168,43.63,69.38,0,33,1,1,0.5,0,-0.83,0.0,NORMAL_GRAPH_TOPOLOGY,NONE,NONE
MPLADS-004169,34.22,55.9,0,19,1,1,0.5,0,0.17,0.0,NORMAL_GRAPH_TOPOLOGY,NONE,NONE
MPLADS-004170,18.18,28.54,0,30,1,1,0.125,0,0.0,0.0,NORMAL_GRAPH_TOPOLOGY,NONE,NONE
MPLADS-004171,50.87,78.02,0,0,1,1,0.3333,0,1.0,15.0,NORMAL_GRAPH_TOPOLOGY,NONE,NONE
MPLADS-004172,78.85,97.94,1,20,1,1,0.5,2,3.0,35.0,CORPORATE_COLLUSION_NETWORK,HUB_CENTRALITY_SPIKE,NONE
MPLADS-004173,6.04,6.88,0,11,1,1,0.25,0,0.5,0.0,NORMAL_GRAPH_TOPOLOGY,NONE,NONE
MPLADS-004174,54.18,81.58,0,7,1,1,0.2,0,-0.67,15.0,NORMAL_GRAPH_TOPOLOGY,NONE,NONE
MPLADS-004175,21.84,35.12,0,14,1,1,0.1429,0,0.17,0.0,NORMAL_GRAPH_TOPOLOGY,NONE,NONE
MPLADS-004176,36.17,59.04,0,11,1,1,0.5,0,0.17,0.0,NORMAL_GRAPH_TOPOLOGY,NONE,NONE
MPLADS-004177,39.21,63.56,0,26,1,1,0.125,0,0.33,0.0,NORMAL_GRAPH_TOPOLOGY,NONE,NONE
MPLADS-004178,34.66,56.62,0,23,1,1,0.2,0,0.5,15.0,NORMAL_GRAPH_TOPOLOGY,NONE,NONE
MPLADS-004179,76.56,96.92,1,34,2,1,0.124,0,0.17,0.0,ELEVATED_GRAPH_CENTRALITY,NONE,NONE
MPLADS-004180,18.76,29.58,0,10,1,1,0.1429,0,-0.33,15.0,NORMAL_GRAPH_TOPOLOGY,NONE,NONE
MPLADS-004181,38.3,62.34,0,32,1,1,0.3333,0,-0.33,15.0,NORMAL_GRAPH_TOPOLOGY,NONE,NONE
MPLADS-004182,9.83,13.4,0,2,1,1,0.25,0,0.17,0.0,NORMAL_GRAPH_TOPOLOGY,NONE,NONE
MPLADS-004183,83.91,98.8,1,22,1,1,0.2,2,4.33,35.0,CORPORATE_COLLUSION_NETWORK,HIGH_CONSTITUENCY_AGENCY_CAPTURE,PRE_AWARD_GOVERNANCE_INSTABILITY
MPLADS-004184,23.82,38.46,0,33,1,1,0.125,0,-0.17,0.0,NORMAL_GRAPH_TOPOLOGY,NONE,NONE
MPLADS-004185,56.45,83.76,0,32,1,1,0.25,1,1.67,35.0,NORMAL_GRAPH_TOPOLOGY,NONE,NONE
MPLADS-004186,26.98,43.98,0,1,1,1,0.1429,0,0.67,0.0,NORMAL_GRAPH_TOPOLOGY,NONE,NONE
MPLADS-004187,20.86,33.4,0,16,1,1,0.1429,0,0.17,0.0,NORMAL_GRAPH_TOPOLOGY,NONE,NONE
MPLADS-004188,31.35,51.3,0,11,1,1,0.3333,0,-0.17,0.0,NORMAL_GRAPH_TOPOLOGY,NONE,NONE
MPLADS-004189,6.09,6.94,0,7,1,1,0.2,0,0.17,0.0,NORMAL_GRAPH_TOPOLOGY,NONE,NONE
MPLADS-004190,55.56,82.98,0,19,1,1,0.25,0,-0.67,15.0,NORMAL_GRAPH_TOPOLOGY,NONE,NONE
MPLADS-004191,7.82,9.78,0,21,1,1,0.2,0,-0.67,0.0,NORMAL_GRAPH_TOPOLOGY,NONE,NONE
MPLADS-004192,31.59,51.68,0,6,1,1,0.1667,0,0.33,15.0,NORMAL_GRAPH_TOPOLOGY,NONE,NONE
MPLADS-004193,77.21,97.26,1,3,1,1,0.1667,2,4.0,35.0,CORPORATE_COLLUSION_NETWORK,NONE,NONE
MPLADS-004194,26.89,43.8,0,34,1,1,0.125,0,-0.17,0.0,NORMAL_GRAPH_TOPOLOGY,NONE,NONE
MPLADS-004195,71.77,94.64,0,19,1,1,0.3333,0,-0.5,0.0,PRE_AWARD_GOVERNANCE_INSTABILITY,NONE,NONE
MPLADS-004196,14.31,21.52,0,17,1,1,0.1667,0,-0.67,0.0,NORMAL_GRAPH_TOPOLOGY,NONE,NONE
MPLADS-004197,8.74,11.44,0,34,1,1,0.1429,0,-0.17,0.0,NORMAL_GRAPH_TOPOLOGY,NONE,NONE
MPLADS-004198,15.31,23.28,0,33,1,1,0.3333,0,-0.33,0.0,NORMAL_GRAPH_TOPOLOGY,NONE,NONE
MPLADS-004199,39.73,64.26,0,3,1,1,0.2,0,-1.17,0.0,NORMAL_GRAPH_TOPOLOGY,NONE,NONE
MPLADS-004200,37.47,61.08,0,22,1,1,0.1358,0,-0.5,0.0,NORMAL_GRAPH_TOPOLOGY,NONE,NONE
MPLADS-004201,19.93,31.72,0,26,1,1,0.25,0,0.0,0.0,NORMAL_GRAPH_TOPOLOGY,NONE,NONE
MPLADS-004202,70.08,93.52,0,34,1,1,0.3333,1,2.67,35.0,CORPORATE_COLLUSION_NETWORK,NONE,NONE
MPLADS-004203,4.18,3.94,0,11,1,1,0.25,0,0.17,0.0,NORMAL_GRAPH_TOPOLOGY,NONE,NONE
MPLADS-004204,34.8,56.84,0,1,1,1,0.1667,0,-0.83,0.0,NORMAL_GRAPH_TOPOLOGY,NONE,NONE
MPLADS-004205,26.6,43.3,0,17,1,1,0.25,0,1.17,0.0,NORMAL_GRAPH_TOPOLOGY,NONE,NONE
MPLADS-004206,50.71,77.8,0,26,1,1,0.2,0,-0.67,15.0,NORMAL_GRAPH_TOPOLOGY,NONE,NONE
MPLADS-004207,32.85,53.62,0,18,1,1,0.1429,0,-0.83,0.0,NORMAL_GRAPH_TOPOLOGY,NONE,NONE
MPLADS-004208,34.47,56.28,0,19,1,1,0.5,0,0.17,0.0,NORMAL_GRAPH_TOPOLOGY,NONE,NONE
MPLADS-004209,14.68,22.16,0,24,1,1,0.5,0,0.0,0.0,NORMAL_GRAPH_TOPOLOGY,NONE,NONE
MPLADS-004210,70.34,93.72,0,22,1,1,0.3333,2,1.0,35.0,CORPORATE_COLLUSION_NETWORK,HUB_CENTRALITY_SPIKE,NONE
MPLADS-004211,30.2,49.42,0,6,1,1,0.5,0,0.0,0.0,NORMAL_GRAPH_TOPOLOGY,NONE,NONE
MPLADS-004212,40.81,65.76,0,28,1,1,0.5,0,0.83,0.0,NORMAL_GRAPH_TOPOLOGY,NONE,NONE
MPLADS-004213,57.8,84.96,0,13,1,1,0.2,0,0.0,15.0,NORMAL_GRAPH_TOPOLOGY,NONE,NONE
MPLADS-004214,72.63,95.18,1,34,1,1,0.25,1,3.0,35.0,CORPORATE_COLLUSION_NETWORK,NONE,NONE
MPLADS-004215,28.65,46.86,0,27,1,1,0.25,0,0.17,15.0,NORMAL_GRAPH_TOPOLOGY,NONE,NONE
MPLADS-004216,72.53,95.12,1,13,1,1,0.2,2,0.67,50.0,CORPORATE_COLLUSION_NETWORK,RECURRING_EXCLUSIVE_PAIRING,NONE
MPLADS-004217,7.5,9.22,0,7,1,1,0.25,0,0.5,0.0,NORMAL_GRAPH_TOPOLOGY,NONE,NONE
MPLADS-004218,32.94,53.76,0,27,1,1,0.3333,0,0.0,0.0,NORMAL_GRAPH_TOPOLOGY,NONE,NONE
MPLADS-004219,3.28,2.76,0,6,1,1,0.2,0,0.33,0.0,NORMAL_GRAPH_TOPOLOGY,NONE,NONE
MPLADS-004220,6.86,8.22,0,25,1,1,0.125,0,-0.5,0.0,NORMAL_GRAPH_TOPOLOGY,NONE,NONE
MPLADS-004221,30.8,50.44,0,10,1,1,0.5,0,0.0,0.0,NORMAL_GRAPH_TOPOLOGY,NONE,NONE
MPLADS-004222,6.41,7.46,0,14,1,1,0.1667,0,-0.67,0.0,NORMAL_GRAPH_TOPOLOGY,NONE,NONE
MPLADS-004223,62.99,88.34,0,26,1,1,0.2,1,1.67,35.0,CORPORATE_COLLUSION_NETWORK,HIGH_CONSTITUENCY_AGENCY_CAPTURE,HUB_CENTRALITY_SPIKE
MPLADS-004224,22.01,35.38,0,2,1,1,0.2,0,-0.67,0.0,NORMAL_GRAPH_TOPOLOGY,NONE,NONE
MPLADS-004225,3.86,3.5,0,1,1,1,0.1667,0,0.0,0.0,NORMAL_GRAPH_TOPOLOGY,NONE,NONE
MPLADS-004226,22.4,36.04,0,34,1,1,0.1667,0,0.17,0.0,NORMAL_GRAPH_TOPOLOGY,NONE,NONE
MPLADS-004227,27.93,45.6,0,26,1,1,0.25,0,0.17,0.0,NORMAL_GRAPH_TOPOLOGY,NONE,NONE
MPLADS-004228,65.48,90.0,0,11,1,1,0.125,0,0.17,0.0,PRE_AWARD_GOVERNANCE_INSTABILITY,NONE,NONE
MPLADS-004229,34.23,55.92,0,32,1,1,0.2,0,0.5,15.0,NORMAL_GRAPH_TOPOLOGY,NONE,NONE
MPLADS-004230,75.43,96.42,1,22,1,1,0.5,0,0.17,15.0,RECURRING_EXCLUSIVE_PAIRING,HIGH_CONSTITUENCY_AGENCY_CAPTURE,PRE_AWARD_GOVERNANCE_INSTABILITY
MPLADS-004231,23.45,37.84,0,3,1,1,0.1667,0,0.67,0.0,NORMAL_GRAPH_TOPOLOGY,NONE,NONE
MPLADS-004232,26.58,43.26,0,32,1,1,0.125,0,0.17,0.0,NORMAL_GRAPH_TOPOLOGY,NONE,NONE
MPLADS-004233,0.92,0.4,0,31,1,1,0.2,0,-0.33,0.0,NORMAL_GRAPH_TOPOLOGY,NONE,NONE
MPLADS-004234,45.4,71.48,0,10,1,1,0.1429,0,1.0,0.0,NORMAL_GRAPH_TOPOLOGY,NONE,NONE
MPLADS-004235,33.15,54.14,0,20,1,1,0.5,0,-0.83,0.0,NORMAL_GRAPH_TOPOLOGY,NONE,NONE
MPLADS-004236,7.58,9.34,0,20,1,1,0.25,0,-0.17,0.0,NORMAL_GRAPH_TOPOLOGY,NONE,NONE
MPLADS-004237,7.66,9.5,0,15,1,1,0.1429,0,-0.17,0.0,NORMAL_GRAPH_TOPOLOGY,NONE,NONE
MPLADS-004238,21.33,34.18,0,10,1,1,0.25,0,-0.83,0.0,NORMAL_GRAPH_TOPOLOGY,NONE,NONE
MPLADS-004239,46.51,72.8,0,3,1,1,0.1111,0,-1.17,0.0,NORMAL_GRAPH_TOPOLOGY,NONE,NONE
MPLADS-004240,1.23,0.6,0,32,1,1,0.25,0,-0.5,0.0,NORMAL_GRAPH_TOPOLOGY,NONE,NONE
MPLADS-004241,28.26,46.18,0,7,1,1,0.1111,0,-0.17,0.0,NORMAL_GRAPH_TOPOLOGY,NONE,NONE
MPLADS-004242,18.66,29.38,0,35,1,1,0.2,0,-0.17,15.0,NORMAL_GRAPH_TOPOLOGY,NONE,NONE
MPLADS-004243,77.52,97.34,1,7,1,1,0.2,2,1.0,50.0,CORPORATE_COLLUSION_NETWORK,RECURRING_EXCLUSIVE_PAIRING,NONE
MPLADS-004244,2.39,1.72,0,25,1,1,0.2,0,-0.17,0.0,NORMAL_GRAPH_TOPOLOGY,NONE,NONE
MPLADS-004245,7.43,9.12,0,19,1,1,0.2,0,-0.33,0.0,NORMAL_GRAPH_TOPOLOGY,NONE,NONE
MPLADS-004246,39.19,63.52,0,25,1,1,0.1,0,-0.5,0.0,NORMAL_GRAPH_TOPOLOGY,NONE,NONE
MPLADS-004247,21.61,34.66,0,7,1,1,0.2,0,0.17,15.0,NORMAL_GRAPH_TOPOLOGY,NONE,NONE
MPLADS-004248,21.87,35.16,0,27,1,1,0.3333,0,-0.33,0.0,NORMAL_GRAPH_TOPOLOGY,NONE,NONE
MPLADS-004249,23.55,38.02,0,11,1,1,0.1429,0,-0.33,0.0,NORMAL_GRAPH_TOPOLOGY,NONE,NONE
MPLADS-004250,11.62,16.62,0,34,1,1,0.1667,0,0.33,0.0,NORMAL_GRAPH_TOPOLOGY,NONE,NONE
MPLADS-004251,50.0,76.98,0,24,1,1,0.1562,0,0.17,0.0,NORMAL_GRAPH_TOPOLOGY,NONE,NONE
MPLADS-004252,48.92,75.78,0,27,1,1,0.1429,0,0.5,15.0,NORMAL_GRAPH_TOPOLOGY,NONE,NONE
MPLADS-004253,54.22,81.62,0,21,1,1,0.25,0,-1.5,15.0,NORMAL_GRAPH_TOPOLOGY,NONE,NONE
MPLADS-004254,38.45,62.56,0,34,1,1,0.25,0,0.83,15.0,NORMAL_GRAPH_TOPOLOGY,NONE,NONE
MPLADS-004255,9.33,12.5,0,11,1,1,0.1429,0,-0.67,0.0,NORMAL_GRAPH_TOPOLOGY,NONE,NONE
MPLADS-004256,22.64,36.46,0,0,1,1,0.125,0,0.5,0.0,NORMAL_GRAPH_TOPOLOGY,NONE,NONE
MPLADS-004257,75.62,96.5,1,29,1,1,0.2,2,1.33,35.0,CORPORATE_COLLUSION_NETWORK,PRE_AWARD_GOVERNANCE_INSTABILITY,NONE
MPLADS-004258,39.18,63.5,0,8,1,1,0.25,0,-0.17,0.0,NORMAL_GRAPH_TOPOLOGY,NONE,NONE
MPLADS-004259,71.92,94.74,0,13,1,1,0.1429,2,1.0,35.0,CORPORATE_COLLUSION_NETWORK,HIGH_CONSTITUENCY_AGENCY_CAPTURE,HUB_CENTRALITY_SPIKE
MPLADS-004260,26.26,42.7,0,12,1,1,0.25,0,0.67,15.0,NORMAL_GRAPH_TOPOLOGY,NONE,NONE
MPLADS-004261,10.33,14.32,0,25,1,1,0.1667,0,-0.67,0.0,NORMAL_GRAPH_TOPOLOGY,NONE,NONE
MPLADS-004262,1.48,0.88,0,2,1,1,0.2,0,-0.33,0.0,NORMAL_GRAPH_TOPOLOGY,NONE,NONE
MPLADS-004263,36.66,59.84,0,18,1,1,0.1667,0,-1.0,0.0,NORMAL_GRAPH_TOPOLOGY,NONE,NONE
MPLADS-004264,24.71,40.04,0,22,1,1,0.1429,0,1.0,0.0,NORMAL_GRAPH_TOPOLOGY,NONE,NONE
MPLADS-004265,4.47,4.32,0,22,1,1,0.25,0,0.17,0.0,NORMAL_GRAPH_TOPOLOGY,NONE,NONE
MPLADS-004266,57.05,84.26,0,2,1,1,0.1111,0,1.0,0.0,NORMAL_GRAPH_TOPOLOGY,NONE,NONE
MPLADS-004267,20.9,33.48,0,22,1,1,0.3333,0,0.33,0.0,NORMAL_GRAPH_TOPOLOGY,NONE,NONE
MPLADS-004268,48.02,74.64,0,34,1,1,0.1667,0,0.0,0.0,NORMAL_GRAPH_TOPOLOGY,NONE,NONE
MPLADS-004269,1.05,0.48,0,29,1,1,0.25,0,-0.17,0.0,NORMAL_GRAPH_TOPOLOGY,NONE,NONE
MPLADS-004270,37.73,61.52,0,22,1,1,0.2,0,-0.5,0.0,NORMAL_GRAPH_TOPOLOGY,NONE,NONE
MPLADS-004271,24.61,39.84,0,2,1,1,0.25,0,0.0,15.0,NORMAL_GRAPH_TOPOLOGY,NONE,NONE
MPLADS-004272,45.83,72.02,0,24,1,1,0.1111,0,-0.67,0.0,NORMAL_GRAPH_TOPOLOGY,NONE,NONE
MPLADS-004273,5.1,5.32,0,29,1,1,0.2,0,-0.17,0.0,NORMAL_GRAPH_TOPOLOGY,NONE,NONE
MPLADS-004274,41.23,66.32,0,18,1,1,0.1,0,-0.67,0.0,NORMAL_GRAPH_TOPOLOGY,NONE,NONE
MPLADS-004275,5.38,5.74,0,27,1,1,0.25,0,-0.5,0.0,NORMAL_GRAPH_TOPOLOGY,NONE,NONE
MPLADS-004276,30.47,49.92,0,22,1,1,0.25,0,-1.0,0.0,NORMAL_GRAPH_TOPOLOGY,NONE,NONE
MPLADS-004277,29.67,48.5,0,9,1,1,0.2,0,1.17,0.0,NORMAL_GRAPH_TOPOLOGY,NONE,NONE
MPLADS-004278,28.22,46.12,0,25,1,1,0.3333,0,-0.5,0.0,NORMAL_GRAPH_TOPOLOGY,NONE,NONE
MPLADS-004279,43.74,69.56,0,17,1,1,0.3333,0,0.33,0.0,NORMAL_GRAPH_TOPOLOGY,NONE,NONE
MPLADS-004280,14.5,21.86,0,22,1,1,0.25,0,-0.83,0.0,NORMAL_GRAPH_TOPOLOGY,NONE,NONE
MPLADS-004281,5.25,5.52,0,6,1,1,0.2,0,-0.33,0.0,NORMAL_GRAPH_TOPOLOGY,NONE,NONE
MPLADS-004282,63.98,88.94,0,4,1,1,1.0,0,0.17,0.0,HIGH_CONSTITUENCY_AGENCY_CAPTURE,HUB_CENTRALITY_SPIKE,NONE
MPLADS-004283,66.77,91.04,0,11,1,1,0.1429,2,1.67,35.0,CORPORATE_COLLUSION_NETWORK,HUB_CENTRALITY_SPIKE,NONE
MPLADS-004284,31.13,50.96,0,12,1,1,0.1667,0,-0.5,15.0,NORMAL_GRAPH_TOPOLOGY,NONE,NONE
MPLADS-004285,6.62,7.84,0,9,1,1,0.25,0,-0.17,0.0,NORMAL_GRAPH_TOPOLOGY,NONE,NONE
MPLADS-004286,9.06,12.0,0,7,1,1,0.25,0,0.33,0.0,NORMAL_GRAPH_TOPOLOGY,NONE,NONE
MPLADS-004287,20.62,32.98,0,33,1,1,0.125,0,0.17,0.0,NORMAL_GRAPH_TOPOLOGY,NONE,NONE
MPLADS-004288,18.64,29.34,0,33,1,1,0.2,0,-0.33,0.0,NORMAL_GRAPH_TOPOLOGY,NONE,NONE
MPLADS-004289,40.27,65.04,0,8,1,1,0.3333,0,-0.17,15.0,NORMAL_GRAPH_TOPOLOGY,NONE,NONE
MPLADS-004290,24.37,39.42,0,33,1,1,0.1667,0,-0.17,0.0,NORMAL_GRAPH_TOPOLOGY,NONE,NONE
MPLADS-004291,78.59,97.8,1,29,1,1,0.1667,2,1.33,35.0,CORPORATE_COLLUSION_NETWORK,PRE_AWARD_GOVERNANCE_INSTABILITY,NONE
MPLADS-004292,9.14,12.16,0,2,1,1,0.2,0,0.33,0.0,NORMAL_GRAPH_TOPOLOGY,NONE,NONE
MPLADS-004293,54.38,81.8,0,2,1,1,0.25,0,-0.83,0.0,NORMAL_GRAPH_TOPOLOGY,NONE,NONE
MPLADS-004294,51.51,78.72,0,35,1,1,0.1667,0,-1.0,0.0,NORMAL_GRAPH_TOPOLOGY,NONE,NONE
MPLADS-004295,8.43,10.9,0,15,1,1,0.2222,0,-0.33,0.0,NORMAL_GRAPH_TOPOLOGY,NONE,NONE
MPLADS-004296,26.06,42.36,0,10,1,1,0.25,0,-0.67,0.0,NORMAL_GRAPH_TOPOLOGY,NONE,NONE
MPLADS-004297,61.1,87.08,0,19,1,1,0.3333,1,1.0,35.0,CORPORATE_COLLUSION_NETWORK,HIGH_CONSTITUENCY_AGENCY_CAPTURE,HUB_CENTRALITY_SPIKE
MPLADS-004298,34.32,56.06,0,9,1,1,0.3333,0,-0.5,0.0,NORMAL_GRAPH_TOPOLOGY,NONE,NONE
MPLADS-004299,48.63,75.38,0,9,1,1,0.25,0,0.83,0.0,NORMAL_GRAPH_TOPOLOGY,NONE,NONE
MPLADS-004300,11.78,16.86,0,24,1,1,0.3333,0,0.0,0.0,NORMAL_GRAPH_TOPOLOGY,NONE,NONE
MPLADS-004301,17.67,27.6,0,35,1,1,0.125,0,0.0,0.0,NORMAL_GRAPH_TOPOLOGY,NONE,NONE
MPLADS-004302,2.5,1.86,0,6,1,1,0.2,0,-0.33,0.0,NORMAL_GRAPH_TOPOLOGY,NONE,NONE
MPLADS-004303,31.52,51.56,0,7,1,1,0.3333,0,0.67,0.0,NORMAL_GRAPH_TOPOLOGY,NONE,NONE
MPLADS-004304,42.16,67.54,0,7,1,1,0.3333,0,-1.33,0.0,NORMAL_GRAPH_TOPOLOGY,NONE,NONE
MPLADS-004305,40.85,65.8,0,35,1,1,0.25,0,0.67,0.0,NORMAL_GRAPH_TOPOLOGY,NONE,NONE
MPLADS-004306,30.59,50.12,0,13,1,1,0.1667,0,-1.17,0.0,NORMAL_GRAPH_TOPOLOGY,NONE,NONE
MPLADS-004307,20.02,31.9,0,1,1,1,0.1667,0,-0.17,0.0,NORMAL_GRAPH_TOPOLOGY,NONE,NONE
MPLADS-004308,71.2,94.24,0,18,1,1,0.1667,2,1.67,35.0,CORPORATE_COLLUSION_NETWORK,HUB_CENTRALITY_SPIKE,NONE
MPLADS-004309,41.76,66.94,0,14,1,1,0.1429,0,-1.17,15.0,NORMAL_GRAPH_TOPOLOGY,NONE,NONE
MPLADS-004310,9.22,12.3,0,25,1,1,0.2,0,1.0,0.0,NORMAL_GRAPH_TOPOLOGY,NONE,NONE
MPLADS-004311,64.31,89.16,0,33,1,1,0.5,1,0.33,35.0,CORPORATE_COLLUSION_NETWORK,NONE,NONE
MPLADS-004312,33.55,54.82,0,27,1,1,0.1667,0,-0.83,0.0,NORMAL_GRAPH_TOPOLOGY,NONE,NONE
MPLADS-004313,14.92,22.6,0,35,1,1,0.1667,0,-0.33,15.0,NORMAL_GRAPH_TOPOLOGY,NONE,NONE
MPLADS-004314,68.16,92.02,0,26,1,1,0.2,1,0.67,50.0,CORPORATE_COLLUSION_NETWORK,HIGH_CONSTITUENCY_AGENCY_CAPTURE,RECURRING_EXCLUSIVE_PAIRING
MPLADS-004315,21.83,35.1,0,31,1,1,0.1667,0,-0.67,15.0,NORMAL_GRAPH_TOPOLOGY,NONE,NONE
MPLADS-004316,33.84,55.24,0,0,1,1,0.2,0,-0.17,15.0,NORMAL_GRAPH_TOPOLOGY,NONE,NONE
MPLADS-004317,4.39,4.22,0,21,1,1,0.1667,0,0.0,0.0,NORMAL_GRAPH_TOPOLOGY,NONE,NONE
MPLADS-004318,2.19,1.48,0,28,1,1,0.1667,0,0.0,0.0,NORMAL_GRAPH_TOPOLOGY,NONE,NONE
MPLADS-004319,19.07,30.18,0,5,1,1,0.3333,0,-0.83,0.0,NORMAL_GRAPH_TOPOLOGY,NONE,NONE
MPLADS-004320,27.61,45.06,0,10,1,1,0.125,0,-1.0,0.0,NORMAL_GRAPH_TOPOLOGY,NONE,NONE
MPLADS-004321,37.87,61.72,0,25,1,1,0.1429,0,-1.0,0.0,NORMAL_GRAPH_TOPOLOGY,NONE,NONE
MPLADS-004322,2.6,2.0,0,28,1,1,0.25,0,-0.33,0.0,NORMAL_GRAPH_TOPOLOGY,NONE,NONE
MPLADS-004323,20.16,32.14,0,9,1,1,0.1429,0,-0.33,0.0,NORMAL_GRAPH_TOPOLOGY,NONE,NONE
MPLADS-004324,66.86,91.12,0,3,1,1,0.25,2,2.17,35.0,CORPORATE_COLLUSION_NETWORK,NONE,NONE
MPLADS-004325,73.05,95.36,1,33,1,1,0.2,2,1.0,50.0,CORPORATE_COLLUSION_NETWORK,RECURRING_EXCLUSIVE_PAIRING,NONE
MPLADS-004326,17.72,27.68,0,31,1,1,0.3333,0,-0.17,0.0,NORMAL_GRAPH_TOPOLOGY,NONE,NONE
MPLADS-004327,5.79,6.44,0,14,1,1,0.25,0,0.0,0.0,NORMAL_GRAPH_TOPOLOGY,NONE,NONE
MPLADS-004328,19.23,30.46,0,9,1,1,0.3333,0,-0.67,0.0,NORMAL_GRAPH_TOPOLOGY,NONE,NONE
MPLADS-004329,48.61,75.36,0,27,1,1,0.1667,0,-0.33,15.0,NORMAL_GRAPH_TOPOLOGY,NONE,NONE
MPLADS-004330,36.68,59.86,0,9,1,1,0.5,0,1.17,0.0,NORMAL_GRAPH_TOPOLOGY,NONE,NONE
MPLADS-004331,19.67,31.26,0,24,1,1,0.1358,0,0.0,0.0,NORMAL_GRAPH_TOPOLOGY,NONE,NONE
MPLADS-004332,23.23,37.52,0,30,1,1,0.2,0,-0.33,15.0,NORMAL_GRAPH_TOPOLOGY,NONE,NONE
MPLADS-004333,46.82,73.2,0,34,1,1,0.2,0,-0.5,0.0,NORMAL_GRAPH_TOPOLOGY,NONE,NONE
MPLADS-004334,48.16,74.8,0,24,1,1,0.25,0,1.0,0.0,NORMAL_GRAPH_TOPOLOGY,NONE,NONE
MPLADS-004335,20.19,32.18,0,16,1,1,0.2,0,0.33,0.0,NORMAL_GRAPH_TOPOLOGY,NONE,NONE
MPLADS-004336,43.55,69.28,0,15,1,1,0.3333,0,1.17,15.0,NORMAL_GRAPH_TOPOLOGY,NONE,NONE
MPLADS-004337,39.01,63.26,0,30,1,1,0.3333,0,-0.5,15.0,NORMAL_GRAPH_TOPOLOGY,NONE,NONE
MPLADS-004338,16.23,24.92,0,28,1,1,0.25,0,-0.67,0.0,NORMAL_GRAPH_TOPOLOGY,NONE,NONE
MPLADS-004339,8.55,11.12,0,10,1,1,0.25,0,-0.67,0.0,NORMAL_GRAPH_TOPOLOGY,NONE,NONE
MPLADS-004340,25.12,40.74,0,33,1,1,0.1429,0,-0.33,0.0,NORMAL_GRAPH_TOPOLOGY,NONE,NONE
MPLADS-004341,22.24,35.78,0,11,1,1,0.1111,0,0.33,0.0,NORMAL_GRAPH_TOPOLOGY,NONE,NONE
MPLADS-004342,17.99,28.16,0,3,1,1,0.3333,0,0.0,0.0,NORMAL_GRAPH_TOPOLOGY,NONE,NONE
MPLADS-004343,5.19,5.44,0,31,1,1,0.1667,0,-0.17,0.0,NORMAL_GRAPH_TOPOLOGY,NONE,NONE
MPLADS-004344,32.89,53.68,0,3,1,1,0.1562,0,0.67,0.0,NORMAL_GRAPH_TOPOLOGY,NONE,NONE
MPLADS-004345,33.21,54.22,0,35,1,1,0.125,0,1.17,0.0,NORMAL_GRAPH_TOPOLOGY,NONE,NONE
MPLADS-004346,23.87,38.58,0,7,1,1,0.25,0,-0.33,15.0,NORMAL_GRAPH_TOPOLOGY,NONE,NONE
MPLADS-004347,65.69,90.14,0,18,1,1,0.1667,0,0.5,15.0,RECURRING_EXCLUSIVE_PAIRING,PRE_AWARD_GOVERNANCE_INSTABILITY,NONE
MPLADS-004348,19.26,30.52,0,32,1,1,0.3333,0,0.0,15.0,NORMAL_GRAPH_TOPOLOGY,NONE,NONE
MPLADS-004349,17.05,26.46,0,34,1,1,0.25,0,-0.67,0.0,NORMAL_GRAPH_TOPOLOGY,NONE,NONE
MPLADS-004350,13.17,19.44,0,11,1,1,0.1429,0,-0.33,0.0,NORMAL_GRAPH_TOPOLOGY,NONE,NONE
MPLADS-004351,77.03,97.22,1,34,2,1,0.124,0,0.17,0.0,ELEVATED_GRAPH_CENTRALITY,NONE,NONE
MPLADS-004352,28.81,47.12,0,31,1,1,0.2,0,-1.0,0.0,NORMAL_GRAPH_TOPOLOGY,NONE,NONE
MPLADS-004353,5.14,5.36,0,0,1,1,0.25,0,-0.33,0.0,NORMAL_GRAPH_TOPOLOGY,NONE,NONE
MPLADS-004354,55.18,82.58,0,1,1,1,1.0,0,-0.17,0.0,NORMAL_GRAPH_TOPOLOGY,NONE,NONE
MPLADS-004355,27.18,44.32,0,27,1,1,0.25,0,0.5,15.0,NORMAL_GRAPH_TOPOLOGY,NONE,NONE
MPLADS-004356,6.52,7.68,0,14,1,1,0.25,0,-0.5,0.0,NORMAL_GRAPH_TOPOLOGY,NONE,NONE
MPLADS-004357,17.75,27.72,0,22,1,1,0.25,0,-0.67,0.0,NORMAL_GRAPH_TOPOLOGY,NONE,NONE
MPLADS-004358,17.17,26.66,0,11,1,1,0.2,0,-0.83,0.0,NORMAL_GRAPH_TOPOLOGY,NONE,NONE
MPLADS-004359,13.96,20.84,0,12,1,1,0.2,0,-1.0,0.0,NORMAL_GRAPH_TOPOLOGY,NONE,NONE
MPLADS-004360,23.97,38.76,0,27,1,1,0.25,0,0.5,15.0,NORMAL_GRAPH_TOPOLOGY,NONE,NONE
MPLADS-004361,29.96,48.96,0,33,1,1,0.25,0,-0.83,0.0,NORMAL_GRAPH_TOPOLOGY,NONE,NONE
MPLADS-004362,69.94,93.42,0,26,1,1,0.25,2,1.0,35.0,CORPORATE_COLLUSION_NETWORK,NONE,NONE
MPLADS-004363,71.68,94.56,0,26,1,1,0.25,2,2.17,35.0,CORPORATE_COLLUSION_NETWORK,NONE,NONE
MPLADS-004364,19.35,30.7,0,21,1,1,0.125,0,-0.17,0.0,NORMAL_GRAPH_TOPOLOGY,NONE,NONE
MPLADS-004365,22.07,35.5,0,28,1,1,0.25,0,0.17,15.0,NORMAL_GRAPH_TOPOLOGY,NONE,NONE
MPLADS-004366,52.85,80.3,0,26,1,1,0.5,0,0.33,15.0,NORMAL_GRAPH_TOPOLOGY,NONE,NONE
MPLADS-004367,21.1,33.78,0,6,1,1,0.25,0,-0.67,0.0,NORMAL_GRAPH_TOPOLOGY,NONE,NONE
MPLADS-004368,55.67,83.08,0,19,1,1,0.5,0,0.17,15.0,NORMAL_GRAPH_TOPOLOGY,NONE,NONE
MPLADS-004369,71.43,94.4,0,26,1,1,0.25,1,1.33,35.0,CORPORATE_COLLUSION_NETWORK,HIGH_CONSTITUENCY_AGENCY_CAPTURE,PRE_AWARD_GOVERNANCE_INSTABILITY
MPLADS-004370,47.46,74.02,0,5,1,1,0.25,0,-1.17,15.0,NORMAL_GRAPH_TOPOLOGY,NONE,NONE
MPLADS-004371,29.09,47.56,0,2,1,1,0.25,0,-1.0,0.0,NORMAL_GRAPH_TOPOLOGY,NONE,NONE
MPLADS-004372,46.44,72.7,0,22,1,1,0.1111,0,0.17,15.0,NORMAL_GRAPH_TOPOLOGY,NONE,NONE
MPLADS-004373,18.07,28.34,0,7,1,1,0.1429,0,-0.33,0.0,NORMAL_GRAPH_TOPOLOGY,NONE,NONE
MPLADS-004374,44.72,70.64,0,26,1,1,0.2,0,-0.17,15.0,NORMAL_GRAPH_TOPOLOGY,NONE,NONE
MPLADS-004375,30.42,49.82,0,23,1,1,0.25,0,-1.0,0.0,NORMAL_GRAPH_TOPOLOGY,NONE,NONE
MPLADS-004376,20.77,33.24,0,11,1,1,0.5,0,-0.17,0.0,NORMAL_GRAPH_TOPOLOGY,NONE,NONE
MPLADS-004377,45.42,71.52,0,2,1,1,0.5,0,1.17,0.0,NORMAL_GRAPH_TOPOLOGY,NONE,NONE
MPLADS-004378,29.04,47.5,0,7,1,1,0.2,0,0.5,15.0,NORMAL_GRAPH_TOPOLOGY,NONE,NONE
MPLADS-004379,48.58,75.32,0,2,1,1,0.3333,0,0.0,0.0,NORMAL_GRAPH_TOPOLOGY,NONE,NONE
MPLADS-004380,38.93,63.18,0,27,1,1,0.1111,0,-0.17,0.0,NORMAL_GRAPH_TOPOLOGY,NONE,NONE
MPLADS-004381,36.04,58.8,0,20,1,1,0.25,0,-0.33,15.0,NORMAL_GRAPH_TOPOLOGY,NONE,NONE
MPLADS-004382,6.51,7.64,0,30,1,1,0.2,0,-0.33,0.0,NORMAL_GRAPH_TOPOLOGY,NONE,NONE
MPLADS-004383,26.91,43.84,0,33,1,1,0.3333,0,0.83,0.0,NORMAL_GRAPH_TOPOLOGY,NONE,NONE
MPLADS-004384,48.47,75.18,0,35,1,1,0.5,0,-0.83,0.0,NORMAL_GRAPH_TOPOLOGY,NONE,NONE
MPLADS-004385,38.01,61.96,0,32,1,1,0.1667,0,-0.67,15.0,NORMAL_GRAPH_TOPOLOGY,NONE,NONE
MPLADS-004386,62.2,87.76,0,27,2,1,0.1837,0,-0.17,0.0,ELEVATED_GRAPH_CENTRALITY,NONE,NONE
MPLADS-004387,17.56,27.38,0,20,1,1,0.2,0,0.33,0.0,NORMAL_GRAPH_TOPOLOGY,NONE,NONE
MPLADS-004388,10.66,14.96,0,7,1,1,0.25,0,0.33,0.0,NORMAL_GRAPH_TOPOLOGY,NONE,NONE
MPLADS-004389,21.06,33.74,0,30,1,1,0.1667,0,0.67,0.0,NORMAL_GRAPH_TOPOLOGY,NONE,NONE
MPLADS-004390,68.1,92.0,0,18,1,1,0.25,0,-0.5,0.0,PRE_AWARD_GOVERNANCE_INSTABILITY,NONE,NONE
MPLADS-004391,30.98,50.7,0,0,1,1,0.1429,0,0.83,15.0,NORMAL_GRAPH_TOPOLOGY,NONE,NONE
MPLADS-004392,42.02,67.32,0,25,1,1,0.5,0,-0.17,0.0,NORMAL_GRAPH_TOPOLOGY,NONE,NONE
MPLADS-004393,21.58,34.6,0,36,1,1,0.28,0,-0.83,0.0,NORMAL_GRAPH_TOPOLOGY,NONE,NONE
MPLADS-004394,51.22,78.42,0,31,1,1,0.1667,1,1.33,35.0,NORMAL_GRAPH_TOPOLOGY,NONE,NONE
MPLADS-004395,13.1,19.3,0,12,1,1,0.1667,0,-0.5,0.0,NORMAL_GRAPH_TOPOLOGY,NONE,NONE
MPLADS-004396,51.82,79.12,0,33,1,1,1.0,0,0.17,0.0,NORMAL_GRAPH_TOPOLOGY,NONE,NONE
MPLADS-004397,36.65,59.82,0,21,1,1,0.5,0,-0.67,0.0,NORMAL_GRAPH_TOPOLOGY,NONE,NONE
MPLADS-004398,1.33,0.74,0,21,1,1,0.1667,0,0.0,0.0,NORMAL_GRAPH_TOPOLOGY,NONE,NONE
MPLADS-004399,50.76,77.88,0,7,1,1,0.25,0,-1.33,0.0,NORMAL_GRAPH_TOPOLOGY,NONE,NONE
MPLADS-004400,27.03,44.06,0,2,1,1,0.125,0,0.17,15.0,NORMAL_GRAPH_TOPOLOGY,NONE,NONE
MPLADS-004401,3.45,2.98,0,7,1,1,0.2,0,-0.33,0.0,NORMAL_GRAPH_TOPOLOGY,NONE,NONE
MPLADS-004402,2.3,1.62,0,32,1,1,0.25,0,0.17,0.0,NORMAL_GRAPH_TOPOLOGY,NONE,NONE
MPLADS-004403,62.71,88.16,0,21,2,1,0.28,0,0.5,0.0,HUB_CENTRALITY_SPIKE,NONE,NONE
MPLADS-004404,21.28,34.1,0,20,1,1,0.3333,0,0.0,0.0,NORMAL_GRAPH_TOPOLOGY,NONE,NONE
MPLADS-004405,6.83,8.16,0,11,1,1,0.2,0,0.0,0.0,NORMAL_GRAPH_TOPOLOGY,NONE,NONE
MPLADS-004406,24.46,39.58,0,20,1,1,0.1667,0,-0.33,15.0,NORMAL_GRAPH_TOPOLOGY,NONE,NONE
MPLADS-004407,40.45,65.28,0,7,1,1,0.25,0,0.67,15.0,NORMAL_GRAPH_TOPOLOGY,NONE,NONE
MPLADS-004408,54.26,81.64,0,20,1,1,0.2,0,-0.83,0.0,NORMAL_GRAPH_TOPOLOGY,NONE,NONE
MPLADS-004409,70.98,94.12,0,3,1,1,0.2,2,0.67,50.0,CORPORATE_COLLUSION_NETWORK,RECURRING_EXCLUSIVE_PAIRING,NONE
MPLADS-004410,13.2,19.5,0,35,1,1,0.1667,0,0.17,0.0,NORMAL_GRAPH_TOPOLOGY,NONE,NONE
MPLADS-004411,10.46,14.56,0,8,1,1,0.2222,0,0.33,0.0,NORMAL_GRAPH_TOPOLOGY,NONE,NONE
MPLADS-004412,19.76,31.42,0,22,1,1,0.3333,0,-0.33,0.0,NORMAL_GRAPH_TOPOLOGY,NONE,NONE
MPLADS-004413,48.44,75.16,0,6,1,1,1.0,0,0.67,0.0,NORMAL_GRAPH_TOPOLOGY,NONE,NONE
MPLADS-004414,56.13,83.52,0,24,1,1,0.1667,0,-0.67,15.0,NORMAL_GRAPH_TOPOLOGY,NONE,NONE
MPLADS-004415,45.65,71.82,0,7,1,1,0.1111,0,-0.5,0.0,NORMAL_GRAPH_TOPOLOGY,NONE,NONE
MPLADS-004416,19.06,30.16,0,3,1,1,0.3333,0,0.17,0.0,NORMAL_GRAPH_TOPOLOGY,NONE,NONE
MPLADS-004417,11.85,16.98,0,27,1,1,0.2,0,0.0,0.0,NORMAL_GRAPH_TOPOLOGY,NONE,NONE
MPLADS-004418,96.2,99.74,1,26,1,1,0.2,4,2.67,50.0,CORPORATE_COLLUSION_NETWORK,RECURRING_EXCLUSIVE_PAIRING,HIGH_CONSTITUENCY_AGENCY_CAPTURE
MPLADS-004419,22.69,36.56,0,6,1,1,0.1667,0,-0.17,0.0,NORMAL_GRAPH_TOPOLOGY,NONE,NONE
MPLADS-004420,12.45,18.06,0,15,1,1,0.25,0,0.33,0.0,NORMAL_GRAPH_TOPOLOGY,NONE,NONE
MPLADS-004421,30.04,49.12,0,9,1,1,0.1111,0,0.17,0.0,NORMAL_GRAPH_TOPOLOGY,NONE,NONE
MPLADS-004422,46.71,73.08,0,26,1,1,0.1111,0,-0.67,0.0,NORMAL_GRAPH_TOPOLOGY,NONE,NONE
MPLADS-004423,22.61,36.42,0,14,1,1,0.3333,0,0.17,15.0,NORMAL_GRAPH_TOPOLOGY,NONE,NONE
MPLADS-004424,27.81,45.38,0,14,1,1,0.125,0,-0.33,15.0,NORMAL_GRAPH_TOPOLOGY,NONE,NONE
MPLADS-004425,63.58,88.6,0,25,1,1,0.1429,0,-0.5,0.0,PRE_AWARD_GOVERNANCE_INSTABILITY,NONE,NONE
MPLADS-004426,15.35,23.36,0,31,1,1,0.3333,0,-0.5,0.0,NORMAL_GRAPH_TOPOLOGY,NONE,NONE
MPLADS-004427,3.55,3.12,0,25,1,1,0.2,0,0.0,0.0,NORMAL_GRAPH_TOPOLOGY,NONE,NONE
MPLADS-004428,69.22,92.82,0,36,1,1,0.25,0,1.33,0.0,PRE_AWARD_GOVERNANCE_INSTABILITY,HIGH_CONSTITUENCY_AGENCY_CAPTURE,NONE
MPLADS-004429,15.07,22.86,0,34,1,1,0.1667,0,-0.17,0.0,NORMAL_GRAPH_TOPOLOGY,NONE,NONE
MPLADS-004430,31.79,52.0,0,7,1,1,0.3333,0,-0.83,0.0,NORMAL_GRAPH_TOPOLOGY,NONE,NONE
MPLADS-004431,3.21,2.7,0,9,1,1,0.25,0,0.0,0.0,NORMAL_GRAPH_TOPOLOGY,NONE,NONE
MPLADS-004432,42.1,67.44,0,28,1,1,0.2,0,-0.33,0.0,NORMAL_GRAPH_TOPOLOGY,NONE,NONE
MPLADS-004433,26.59,43.28,0,28,1,1,0.125,0,0.67,0.0,NORMAL_GRAPH_TOPOLOGY,NONE,NONE
MPLADS-004434,39.99,64.68,0,19,1,1,0.25,0,-1.0,0.0,NORMAL_GRAPH_TOPOLOGY,NONE,NONE
MPLADS-004435,51.71,79.0,0,34,1,1,0.125,0,-0.17,0.0,NORMAL_GRAPH_TOPOLOGY,NONE,NONE
MPLADS-004436,53.89,81.28,0,21,1,1,0.1667,0,-1.5,15.0,NORMAL_GRAPH_TOPOLOGY,NONE,NONE
MPLADS-004437,36.38,59.36,0,26,1,1,0.1429,0,-0.17,0.0,NORMAL_GRAPH_TOPOLOGY,NONE,NONE
MPLADS-004438,24.84,40.22,0,2,1,1,0.125,0,-0.83,0.0,NORMAL_GRAPH_TOPOLOGY,NONE,NONE
MPLADS-004439,18.55,29.18,0,29,1,1,0.3333,0,-0.5,0.0,NORMAL_GRAPH_TOPOLOGY,NONE,NONE
MPLADS-004440,33.69,55.0,0,34,1,1,0.25,0,-0.33,0.0,NORMAL_GRAPH_TOPOLOGY,NONE,NONE
MPLADS-004441,19.54,31.02,0,6,1,1,0.25,0,0.17,0.0,NORMAL_GRAPH_TOPOLOGY,NONE,NONE
MPLADS-004442,68.66,92.38,0,2,1,1,0.2,0,0.17,15.0,RECURRING_EXCLUSIVE_PAIRING,HIGH_CONSTITUENCY_AGENCY_CAPTURE,PRE_AWARD_GOVERNANCE_INSTABILITY
MPLADS-004443,3.75,3.38,0,33,1,1,0.2,0,-0.17,0.0,NORMAL_GRAPH_TOPOLOGY,NONE,NONE
MPLADS-004444,24.09,38.96,0,8,1,1,0.1429,0,0.33,15.0,NORMAL_GRAPH_TOPOLOGY,NONE,NONE
MPLADS-004445,18.99,30.02,0,24,1,1,0.3333,0,0.0,0.0,NORMAL_GRAPH_TOPOLOGY,NONE,NONE
MPLADS-004446,24.1,38.98,0,0,1,1,0.1429,0,1.17,0.0,NORMAL_GRAPH_TOPOLOGY,NONE,NONE
MPLADS-004447,35.93,58.66,0,18,1,1,0.1667,0,0.5,15.0,NORMAL_GRAPH_TOPOLOGY,NONE,NONE
MPLADS-004448,35.91,58.64,0,26,1,1,0.25,0,0.0,15.0,NORMAL_GRAPH_TOPOLOGY,NONE,NONE
MPLADS-004449,15.13,22.94,0,11,1,1,0.3333,0,-0.67,0.0,NORMAL_GRAPH_TOPOLOGY,NONE,NONE
MPLADS-004450,39.06,63.34,0,9,1,1,0.5,0,-0.33,15.0,NORMAL_GRAPH_TOPOLOGY,NONE,NONE
MPLADS-004451,73.91,95.9,1,16,1,1,0.1429,2,0.67,50.0,CORPORATE_COLLUSION_NETWORK,RECURRING_EXCLUSIVE_PAIRING,NONE
MPLADS-004452,42.83,68.38,0,20,1,1,0.25,0,-0.67,0.0,NORMAL_GRAPH_TOPOLOGY,NONE,NONE
MPLADS-004453,3.97,3.66,0,21,1,1,0.25,0,-0.17,0.0,NORMAL_GRAPH_TOPOLOGY,NONE,NONE
MPLADS-004454,48.18,74.82,0,24,1,1,0.25,0,1.0,0.0,NORMAL_GRAPH_TOPOLOGY,NONE,NONE
MPLADS-004455,17.94,28.08,0,0,1,1,0.375,0,0.17,0.0,NORMAL_GRAPH_TOPOLOGY,NONE,NONE
MPLADS-004456,56.97,84.14,0,14,1,1,0.0833,0,-0.5,0.0,NORMAL_GRAPH_TOPOLOGY,NONE,NONE
MPLADS-004457,77.16,97.24,1,2,1,1,0.1429,2,4.0,35.0,CORPORATE_COLLUSION_NETWORK,HIGH_CONSTITUENCY_AGENCY_CAPTURE,NONE
MPLADS-004458,38.4,62.46,0,26,1,1,0.5,0,-0.17,0.0,NORMAL_GRAPH_TOPOLOGY,NONE,NONE
MPLADS-004459,34.48,56.3,0,26,1,1,0.2,0,1.0,0.0,NORMAL_GRAPH_TOPOLOGY,NONE,NONE
MPLADS-004460,16.29,25.04,0,28,1,1,0.1667,0,-0.67,0.0,NORMAL_GRAPH_TOPOLOGY,NONE,NONE
MPLADS-004461,43.26,68.9,0,10,1,1,0.5,0,-0.5,0.0,NORMAL_GRAPH_TOPOLOGY,NONE,NONE
MPLADS-004462,51.06,78.18,0,23,1,1,0.1429,0,-0.83,0.0,NORMAL_GRAPH_TOPOLOGY,NONE,NONE
MPLADS-004463,37.1,60.52,0,3,1,1,0.125,0,0.5,0.0,NORMAL_GRAPH_TOPOLOGY,NONE,NONE
MPLADS-004464,21.59,34.62,0,9,1,1,0.3333,0,-0.67,0.0,NORMAL_GRAPH_TOPOLOGY,NONE,NONE
MPLADS-004465,43.22,68.84,0,24,1,1,0.3333,0,1.0,15.0,NORMAL_GRAPH_TOPOLOGY,NONE,NONE
MPLADS-004466,28.12,45.94,0,33,1,1,0.1429,0,0.5,0.0,NORMAL_GRAPH_TOPOLOGY,NONE,NONE
MPLADS-004467,76.82,97.14,1,26,1,1,0.3333,1,1.33,35.0,CORPORATE_COLLUSION_NETWORK,HIGH_CONSTITUENCY_AGENCY_CAPTURE,PRE_AWARD_GOVERNANCE_INSTABILITY
MPLADS-004468,9.5,12.8,0,25,1,1,0.1667,0,0.17,0.0,NORMAL_GRAPH_TOPOLOGY,NONE,NONE
MPLADS-004469,79.77,98.1,1,21,1,1,0.28,2,1.33,35.0,CORPORATE_COLLUSION_NETWORK,PRE_AWARD_GOVERNANCE_INSTABILITY,NONE
MPLADS-004470,16.7,25.82,0,33,1,1,0.125,0,-0.5,0.0,NORMAL_GRAPH_TOPOLOGY,NONE,NONE
MPLADS-004471,49.86,76.8,0,8,1,1,0.25,0,0.0,0.0,NORMAL_GRAPH_TOPOLOGY,NONE,NONE
MPLADS-004472,10.36,14.36,0,15,1,1,0.2,0,0.0,0.0,NORMAL_GRAPH_TOPOLOGY,NONE,NONE
MPLADS-004473,26.39,42.92,0,32,1,1,0.25,0,-0.83,0.0,NORMAL_GRAPH_TOPOLOGY,NONE,NONE
MPLADS-004474,49.72,76.68,0,20,1,1,0.1667,0,-0.83,0.0,NORMAL_GRAPH_TOPOLOGY,NONE,NONE
MPLADS-004475,70.49,93.84,0,12,1,1,0.2,2,0.67,50.0,CORPORATE_COLLUSION_NETWORK,RECURRING_EXCLUSIVE_PAIRING,NONE
MPLADS-004476,99.48,99.98,1,9,1,1,0.1,4,2.67,50.0,CORPORATE_COLLUSION_NETWORK,RECURRING_EXCLUSIVE_PAIRING,HIGH_CONSTITUENCY_AGENCY_CAPTURE
MPLADS-004477,36.36,59.34,0,30,1,1,0.3333,0,-0.5,15.0,NORMAL_GRAPH_TOPOLOGY,NONE,NONE
MPLADS-004478,57.36,84.6,0,34,1,1,0.1429,0,0.67,0.0,NORMAL_GRAPH_TOPOLOGY,NONE,NONE
MPLADS-004479,68.73,92.44,0,7,1,1,0.3333,1,3.0,35.0,CORPORATE_COLLUSION_NETWORK,NONE,NONE
MPLADS-004480,11.59,16.58,0,2,1,1,0.2,0,-0.83,0.0,NORMAL_GRAPH_TOPOLOGY,NONE,NONE
MPLADS-004481,71.9,94.72,0,8,1,1,0.1667,1,3.0,35.0,CORPORATE_COLLUSION_NETWORK,NONE,NONE
MPLADS-004482,41.96,67.24,0,16,1,1,0.125,0,1.0,15.0,NORMAL_GRAPH_TOPOLOGY,NONE,NONE
MPLADS-004483,16.88,26.14,0,23,1,1,0.1429,0,0.33,0.0,NORMAL_GRAPH_TOPOLOGY,NONE,NONE
MPLADS-004484,12.81,18.76,0,24,1,1,0.3333,0,0.0,0.0,NORMAL_GRAPH_TOPOLOGY,NONE,NONE
MPLADS-004485,26.9,43.82,0,14,1,1,0.5,0,-0.33,0.0,NORMAL_GRAPH_TOPOLOGY,NONE,NONE
MPLADS-004486,83.18,98.7,1,26,1,1,0.2,2,0.67,35.0,CORPORATE_COLLUSION_NETWORK,PRE_AWARD_GOVERNANCE_INSTABILITY,HUB_CENTRALITY_SPIKE
MPLADS-004487,62.24,87.78,0,14,1,1,0.1429,1,2.67,35.0,CORPORATE_COLLUSION_NETWORK,NONE,NONE
MPLADS-004488,13.82,20.62,0,12,1,1,0.3333,0,-0.5,0.0,NORMAL_GRAPH_TOPOLOGY,NONE,NONE
MPLADS-004489,2.09,1.4,0,21,1,1,0.1667,0,-0.17,0.0,NORMAL_GRAPH_TOPOLOGY,NONE,NONE
MPLADS-004490,34.11,55.72,0,17,1,1,0.1667,0,-0.17,15.0,NORMAL_GRAPH_TOPOLOGY,NONE,NONE
MPLADS-004491,14.44,21.78,0,9,1,1,0.2,0,1.17,0.0,NORMAL_GRAPH_TOPOLOGY,NONE,NONE
MPLADS-004492,58.61,85.56,0,3,1,1,0.1429,1,1.17,35.0,NORMAL_GRAPH_TOPOLOGY,NONE,NONE
MPLADS-004493,73.5,95.66,1,6,1,1,0.25,2,3.0,35.0,CORPORATE_COLLUSION_NETWORK,HUB_CENTRALITY_SPIKE,NONE
MPLADS-004494,84.18,98.82,1,35,1,1,0.1667,2,4.33,35.0,CORPORATE_COLLUSION_NETWORK,HIGH_CONSTITUENCY_AGENCY_CAPTURE,PRE_AWARD_GOVERNANCE_INSTABILITY
MPLADS-004495,2.21,1.5,0,0,1,1,0.25,0,-0.5,0.0,NORMAL_GRAPH_TOPOLOGY,NONE,NONE
MPLADS-004496,10.32,14.3,0,30,1,1,0.3333,0,0.0,0.0,NORMAL_GRAPH_TOPOLOGY,NONE,NONE
MPLADS-004497,38.08,62.04,0,0,1,1,0.1667,0,-0.17,15.0,NORMAL_GRAPH_TOPOLOGY,NONE,NONE
MPLADS-004498,17.12,26.58,0,26,1,1,0.2,0,0.0,0.0,NORMAL_GRAPH_TOPOLOGY,NONE,NONE
MPLADS-004499,63.6,88.62,0,0,1,1,1.0,0,0.67,0.0,PRE_AWARD_GOVERNANCE_INSTABILITY,HUB_CENTRALITY_SPIKE,NONE
MPLADS-004500,37.15,60.62,0,34,1,1,0.2,0,0.33,15.0,NORMAL_GRAPH_TOPOLOGY,NONE,NONE
MPLADS-004501,52.82,80.26,0,9,1,1,0.5,0,-1.33,0.0,NORMAL_GRAPH_TOPOLOGY,NONE,NONE
MPLADS-004502,7.44,9.14,0,30,1,1,0.25,0,-0.17,0.0,NORMAL_GRAPH_TOPOLOGY,NONE,NONE
MPLADS-004503,28.99,47.4,0,32,1,1,0.3333,0,0.33,15.0,NORMAL_GRAPH_TOPOLOGY,NONE,NONE
MPLADS-004504,16.21,24.88,0,27,1,1,0.25,0,-0.67,0.0,NORMAL_GRAPH_TOPOLOGY,NONE,NONE
MPLADS-004505,18.91,29.88,0,9,1,1,0.125,0,0.17,0.0,NORMAL_GRAPH_TOPOLOGY,NONE,NONE
MPLADS-004506,27.25,44.44,0,24,1,1,0.125,0,0.0,0.0,NORMAL_GRAPH_TOPOLOGY,NONE,NONE
MPLADS-004507,18.84,29.72,0,33,1,1,0.2,0,-0.5,0.0,NORMAL_GRAPH_TOPOLOGY,NONE,NONE
MPLADS-004508,50.96,78.06,0,26,1,1,0.1429,0,-0.33,0.0,NORMAL_GRAPH_TOPOLOGY,NONE,NONE
MPLADS-004509,20.42,32.62,0,21,1,1,0.1667,0,0.33,15.0,NORMAL_GRAPH_TOPOLOGY,NONE,NONE
MPLADS-004510,95.48,99.64,1,33,1,1,0.2,4,2.67,50.0,CORPORATE_COLLUSION_NETWORK,RECURRING_EXCLUSIVE_PAIRING,HIGH_CONSTITUENCY_AGENCY_CAPTURE
MPLADS-004511,16.58,25.6,0,30,1,1,0.1429,0,-0.67,0.0,NORMAL_GRAPH_TOPOLOGY,NONE,NONE
MPLADS-004512,26.22,42.62,0,2,1,1,0.25,0,0.17,15.0,NORMAL_GRAPH_TOPOLOGY,NONE,NONE
MPLADS-004513,19.43,30.84,0,3,1,1,0.25,0,-0.5,0.0,NORMAL_GRAPH_TOPOLOGY,NONE,NONE
MPLADS-004514,43.78,69.6,0,27,1,1,0.125,0,-1.0,15.0,NORMAL_GRAPH_TOPOLOGY,NONE,NONE
MPLADS-004515,10.14,13.98,0,15,1,1,0.2,0,0.5,0.0,NORMAL_GRAPH_TOPOLOGY,NONE,NONE
MPLADS-004516,59.03,85.9,0,1,1,1,0.125,0,-0.83,15.0,NORMAL_GRAPH_TOPOLOGY,NONE,NONE
MPLADS-004517,10.83,15.26,0,27,1,1,0.25,0,-0.33,0.0,NORMAL_GRAPH_TOPOLOGY,NONE,NONE
MPLADS-004518,43.02,68.62,0,26,1,1,0.25,0,1.17,0.0,NORMAL_GRAPH_TOPOLOGY,NONE,NONE
MPLADS-004519,75.55,96.46,1,34,1,1,0.1667,2,0.67,50.0,CORPORATE_COLLUSION_NETWORK,RECURRING_EXCLUSIVE_PAIRING,NONE
MPLADS-004520,69.05,92.68,0,26,1,1,0.2,2,1.0,35.0,CORPORATE_COLLUSION_NETWORK,NONE,NONE
MPLADS-004521,13.15,19.4,0,7,1,1,0.1429,0,-0.17,0.0,NORMAL_GRAPH_TOPOLOGY,NONE,NONE
MPLADS-004522,10.53,14.68,0,12,1,1,0.3333,0,-0.17,0.0,NORMAL_GRAPH_TOPOLOGY,NONE,NONE
MPLADS-004523,41.05,66.06,0,36,1,1,0.25,0,-0.83,15.0,NORMAL_GRAPH_TOPOLOGY,NONE,NONE
MPLADS-004524,19.51,30.96,0,30,1,1,0.125,0,0.17,0.0,NORMAL_GRAPH_TOPOLOGY,NONE,NONE
MPLADS-004525,22.57,36.36,0,7,1,1,0.25,0,-0.5,0.0,NORMAL_GRAPH_TOPOLOGY,NONE,NONE
MPLADS-004526,47.12,73.7,0,31,1,1,0.3333,0,-0.83,0.0,NORMAL_GRAPH_TOPOLOGY,NONE,NONE
MPLADS-004527,5.08,5.3,0,2,1,1,0.2,0,-0.5,0.0,NORMAL_GRAPH_TOPOLOGY,NONE,NONE
MPLADS-004528,31.77,51.96,0,27,1,1,0.3333,0,0.5,15.0,NORMAL_GRAPH_TOPOLOGY,NONE,NONE
MPLADS-004529,12.59,18.34,0,7,1,1,0.3333,0,0.17,0.0,NORMAL_GRAPH_TOPOLOGY,NONE,NONE
MPLADS-004530,15.81,24.18,0,5,1,1,0.3333,0,-0.17,0.0,NORMAL_GRAPH_TOPOLOGY,NONE,NONE
MPLADS-004531,6.68,7.94,0,25,1,1,0.1667,0,0.17,0.0,NORMAL_GRAPH_TOPOLOGY,NONE,NONE
MPLADS-004532,9.34,12.52,0,32,1,1,0.1429,0,-0.17,0.0,NORMAL_GRAPH_TOPOLOGY,NONE,NONE
MPLADS-004533,66.07,90.42,0,6,1,1,0.2,2,2.17,35.0,CORPORATE_COLLUSION_NETWORK,NONE,NONE
MPLADS-004534,46.64,72.98,0,33,1,1,0.1429,0,-1.33,0.0,NORMAL_GRAPH_TOPOLOGY,NONE,NONE
MPLADS-004535,31.64,51.74,0,26,1,1,0.2,0,0.67,0.0,NORMAL_GRAPH_TOPOLOGY,NONE,NONE
MPLADS-004536,50.45,77.44,0,26,1,1,0.25,0,-0.5,15.0,NORMAL_GRAPH_TOPOLOGY,NONE,NONE
MPLADS-004537,80.27,98.16,1,30,1,1,0.1429,2,0.67,35.0,CORPORATE_COLLUSION_NETWORK,PRE_AWARD_GOVERNANCE_INSTABILITY,HUB_CENTRALITY_SPIKE
MPLADS-004538,72.16,94.88,0,26,1,1,0.1667,1,2.5,50.0,CORPORATE_COLLUSION_NETWORK,RECURRING_EXCLUSIVE_PAIRING,HUB_CENTRALITY_SPIKE
MPLADS-004539,32.07,52.38,0,20,1,1,0.1667,0,0.33,15.0,NORMAL_GRAPH_TOPOLOGY,NONE,NONE
MPLADS-004540,27.58,45.02,0,14,1,1,0.2,0,-0.33,15.0,NORMAL_GRAPH_TOPOLOGY,NONE,NONE
MPLADS-004541,29.16,47.68,0,31,1,1,0.2,0,0.67,0.0,NORMAL_GRAPH_TOPOLOGY,NONE,NONE
MPLADS-004542,25.09,40.7,0,29,1,1,0.1111,0,0.0,0.0,NORMAL_GRAPH_TOPOLOGY,NONE,NONE
MPLADS-004543,50.84,77.96,0,6,1,1,0.1667,0,-0.67,0.0,NORMAL_GRAPH_TOPOLOGY,NONE,NONE
MPLADS-004544,37.89,61.76,0,14,1,1,0.25,0,-1.33,0.0,NORMAL_GRAPH_TOPOLOGY,NONE,NONE
MPLADS-004545,4.67,4.6,0,35,1,1,0.1667,0,-0.33,0.0,NORMAL_GRAPH_TOPOLOGY,NONE,NONE
MPLADS-004546,18.77,29.6,0,8,1,1,0.25,0,-0.67,0.0,NORMAL_GRAPH_TOPOLOGY,NONE,NONE
MPLADS-004547,9.29,12.44,0,32,1,1,0.3333,0,0.17,0.0,NORMAL_GRAPH_TOPOLOGY,NONE,NONE
MPLADS-004548,20.8,33.28,0,24,1,1,0.25,0,0.83,0.0,NORMAL_GRAPH_TOPOLOGY,NONE,NONE
MPLADS-004549,65.01,89.64,0,29,1,1,0.2,2,2.0,35.0,CORPORATE_COLLUSION_NETWORK,NONE,NONE
MPLADS-004550,34.04,55.6,0,32,1,1,0.5,0,0.0,15.0,NORMAL_GRAPH_TOPOLOGY,NONE,NONE
MPLADS-004551,44.85,70.8,0,33,1,1,0.5,0,-0.33,15.0,NORMAL_GRAPH_TOPOLOGY,NONE,NONE
MPLADS-004552,94.62,99.5,1,27,1,1,0.2,4,2.67,50.0,CORPORATE_COLLUSION_NETWORK,RECURRING_EXCLUSIVE_PAIRING,HIGH_CONSTITUENCY_AGENCY_CAPTURE
MPLADS-004553,49.22,76.22,0,7,1,1,0.2,1,1.33,35.0,NORMAL_GRAPH_TOPOLOGY,NONE,NONE
MPLADS-004554,39.96,64.62,0,9,1,1,0.1667,0,1.0,15.0,NORMAL_GRAPH_TOPOLOGY,NONE,NONE
MPLADS-004555,6.92,8.3,0,24,1,1,0.3333,0,0.0,0.0,NORMAL_GRAPH_TOPOLOGY,NONE,NONE
MPLADS-004556,39.79,64.32,0,7,1,1,0.1667,0,-0.67,0.0,NORMAL_GRAPH_TOPOLOGY,NONE,NONE
MPLADS-004557,41.32,66.44,0,22,1,1,0.3333,0,-0.83,15.0,NORMAL_GRAPH_TOPOLOGY,NONE,NONE
MPLADS-004558,29.48,48.18,0,4,1,1,0.25,0,-0.67,15.0,NORMAL_GRAPH_TOPOLOGY,NONE,NONE
MPLADS-004559,68.74,92.46,0,21,1,1,0.1429,0,1.33,0.0,PRE_AWARD_GOVERNANCE_INSTABILITY,HIGH_CONSTITUENCY_AGENCY_CAPTURE,NONE
MPLADS-004560,41.81,67.02,0,33,1,1,0.3333,0,1.0,15.0,NORMAL_GRAPH_TOPOLOGY,NONE,NONE
MPLADS-004561,61.26,87.22,0,26,1,1,0.1667,1,1.33,35.0,CORPORATE_COLLUSION_NETWORK,HIGH_CONSTITUENCY_AGENCY_CAPTURE,HUB_CENTRALITY_SPIKE
MPLADS-004562,23.58,38.06,0,23,1,1,0.3333,0,-0.17,0.0,NORMAL_GRAPH_TOPOLOGY,NONE,NONE
MPLADS-004563,4.19,3.96,0,25,1,1,0.2,0,-0.83,0.0,NORMAL_GRAPH_TOPOLOGY,NONE,NONE
MPLADS-004564,56.09,83.48,0,24,1,1,0.3333,0,0.0,15.0,NORMAL_GRAPH_TOPOLOGY,NONE,NONE
MPLADS-004565,55.87,83.32,0,15,1,1,0.2,0,1.83,0.0,NORMAL_GRAPH_TOPOLOGY,NONE,NONE
MPLADS-004566,45.02,71.04,0,30,1,1,0.5,0,-0.5,15.0,NORMAL_GRAPH_TOPOLOGY,NONE,NONE
MPLADS-004567,12.78,18.68,0,7,1,1,0.25,0,-0.5,0.0,NORMAL_GRAPH_TOPOLOGY,NONE,NONE
MPLADS-004568,74.78,96.18,1,24,1,1,0.5,2,2.67,35.0,CORPORATE_COLLUSION_NETWORK,NONE,NONE
MPLADS-004569,26.57,43.24,0,0,1,1,0.1429,0,-0.5,0.0,NORMAL_GRAPH_TOPOLOGY,NONE,NONE
MPLADS-004570,73.22,95.44,1,33,1,1,0.1667,2,0.67,50.0,CORPORATE_COLLUSION_NETWORK,RECURRING_EXCLUSIVE_PAIRING,NONE
MPLADS-004571,25.04,40.6,0,2,1,1,0.1111,0,-0.33,0.0,NORMAL_GRAPH_TOPOLOGY,NONE,NONE
MPLADS-004572,15.05,22.82,0,14,1,1,0.3333,0,-0.5,0.0,NORMAL_GRAPH_TOPOLOGY,NONE,NONE
MPLADS-004573,24.73,40.06,0,3,1,1,0.2222,0,0.67,0.0,NORMAL_GRAPH_TOPOLOGY,NONE,NONE
MPLADS-004574,35.16,57.42,0,27,1,1,0.3333,0,0.0,15.0,NORMAL_GRAPH_TOPOLOGY,NONE,NONE
MPLADS-004575,38.5,62.64,0,27,1,1,0.125,0,-0.5,15.0,NORMAL_GRAPH_TOPOLOGY,NONE,NONE
MPLADS-004576,23.14,37.4,0,1,1,1,0.3333,0,-0.5,0.0,NORMAL_GRAPH_TOPOLOGY,NONE,NONE
MPLADS-004577,31.46,51.46,0,8,1,1,0.2,0,0.33,15.0,NORMAL_GRAPH_TOPOLOGY,NONE,NONE
MPLADS-004578,40.29,65.06,0,21,1,1,0.1111,0,-1.0,0.0,NORMAL_GRAPH_TOPOLOGY,NONE,NONE
MPLADS-004579,63.34,88.54,0,11,1,1,0.1667,1,1.0,35.0,CORPORATE_COLLUSION_NETWORK,HIGH_CONSTITUENCY_AGENCY_CAPTURE,PRE_AWARD_GOVERNANCE_INSTABILITY
MPLADS-004580,32.32,52.78,0,26,1,1,0.2,0,-0.83,0.0,NORMAL_GRAPH_TOPOLOGY,NONE,NONE
MPLADS-004581,57.73,84.88,0,35,1,1,0.5,0,-1.33,0.0,NORMAL_GRAPH_TOPOLOGY,NONE,NONE
MPLADS-004582,43.95,69.76,0,23,1,1,0.5,0,-0.33,15.0,NORMAL_GRAPH_TOPOLOGY,NONE,NONE
MPLADS-004583,46.92,73.36,0,1,1,1,0.25,0,0.83,0.0,NORMAL_GRAPH_TOPOLOGY,NONE,NONE
MPLADS-004584,48.22,74.88,0,21,1,1,1.0,0,0.17,0.0,NORMAL_GRAPH_TOPOLOGY,NONE,NONE
MPLADS-004585,61.14,87.12,0,6,1,1,1.0,0,-1.33,0.0,HIGH_CONSTITUENCY_AGENCY_CAPTURE,NONE,NONE
MPLADS-004586,32.77,53.5,0,11,1,1,0.3333,0,1.67,0.0,NORMAL_GRAPH_TOPOLOGY,NONE,NONE
MPLADS-004587,52.52,79.92,0,0,1,1,0.3333,0,-1.17,15.0,NORMAL_GRAPH_TOPOLOGY,NONE,NONE
MPLADS-004588,38.48,62.62,0,31,1,1,0.25,0,-0.83,0.0,NORMAL_GRAPH_TOPOLOGY,NONE,NONE
MPLADS-004589,51.86,79.16,0,16,1,1,0.1667,0,0.83,0.0,NORMAL_GRAPH_TOPOLOGY,NONE,NONE
MPLADS-004590,72.28,94.95,0,2,2,1,0.5556,0,-0.5,0.0,HUB_CENTRALITY_SPIKE,NONE,NONE
MPLADS-004591,32.9,53.7,0,26,1,1,0.2,0,1.0,0.0,NORMAL_GRAPH_TOPOLOGY,NONE,NONE
MPLADS-004592,8.4,10.82,0,31,1,1,0.25,0,0.17,0.0,NORMAL_GRAPH_TOPOLOGY,NONE,NONE
MPLADS-004593,7.74,9.64,0,33,1,1,0.1667,0,-0.67,0.0,NORMAL_GRAPH_TOPOLOGY,NONE,NONE
MPLADS-004594,37.19,60.68,0,15,1,1,0.1667,0,-1.0,15.0,NORMAL_GRAPH_TOPOLOGY,NONE,NONE
MPLADS-004595,39.43,63.8,0,26,1,1,0.2,0,1.0,0.0,NORMAL_GRAPH_TOPOLOGY,NONE,NONE
MPLADS-004596,20.61,32.96,0,33,1,1,0.25,0,0.33,0.0,NORMAL_GRAPH_TOPOLOGY,NONE,NONE
MPLADS-004597,13.01,19.12,0,28,1,1,0.1562,0,0.17,0.0,NORMAL_GRAPH_TOPOLOGY,NONE,NONE
MPLADS-004598,12.23,17.7,0,25,1,1,0.25,0,-0.5,0.0,NORMAL_GRAPH_TOPOLOGY,NONE,NONE
MPLADS-004599,6.44,7.52,0,6,1,1,0.2,0,0.0,0.0,NORMAL_GRAPH_TOPOLOGY,NONE,NONE
MPLADS-004600,6.03,6.86,0,27,1,1,0.25,0,0.0,0.0,NORMAL_GRAPH_TOPOLOGY,NONE,NONE
MPLADS-004601,28.92,47.28,0,36,1,1,0.28,0,-0.5,15.0,NORMAL_GRAPH_TOPOLOGY,NONE,NONE
MPLADS-004602,56.86,84.04,0,11,1,1,0.125,0,-0.5,15.0,NORMAL_GRAPH_TOPOLOGY,NONE,NONE
MPLADS-004603,15.31,23.26,0,27,1,1,0.25,0,-0.33,0.0,NORMAL_GRAPH_TOPOLOGY,NONE,NONE
MPLADS-004604,4.81,4.84,0,24,1,1,0.1667,0,0.17,0.0,NORMAL_GRAPH_TOPOLOGY,NONE,NONE
MPLADS-004605,27.63,45.08,0,20,1,1,0.25,0,0.33,0.0,NORMAL_GRAPH_TOPOLOGY,NONE,NONE
MPLADS-004606,1.83,1.12,0,14,1,1,0.2,0,0.17,0.0,NORMAL_GRAPH_TOPOLOGY,NONE,NONE
MPLADS-004607,36.41,59.42,0,7,1,1,0.1111,0,0.17,0.0,NORMAL_GRAPH_TOPOLOGY,NONE,NONE
MPLADS-004608,5.96,6.72,0,19,1,1,0.1667,0,0.17,0.0,NORMAL_GRAPH_TOPOLOGY,NONE,NONE
MPLADS-004609,58.98,85.84,0,27,1,1,1.0,0,-0.17,0.0,NORMAL_GRAPH_TOPOLOGY,NONE,NONE
MPLADS-004610,44.89,70.84,0,11,1,1,0.2,0,-1.17,15.0,NORMAL_GRAPH_TOPOLOGY,NONE,NONE
MPLADS-004611,51.91,79.2,0,17,1,1,0.25,0,1.0,15.0,NORMAL_GRAPH_TOPOLOGY,NONE,NONE
MPLADS-004612,5.65,6.22,0,5,1,1,0.1667,0,0.0,0.0,NORMAL_GRAPH_TOPOLOGY,NONE,NONE
MPLADS-004613,56.19,83.56,0,15,1,1,0.25,0,-0.83,0.0,NORMAL_GRAPH_TOPOLOGY,NONE,NONE
MPLADS-004614,5.59,6.1,0,13,1,1,0.2,0,0.0,0.0,NORMAL_GRAPH_TOPOLOGY,NONE,NONE
MPLADS-004615,21.89,35.18,0,4,1,1,0.2,0,0.0,0.0,NORMAL_GRAPH_TOPOLOGY,NONE,NONE
MPLADS-004616,9.55,12.86,0,21,1,1,0.25,0,0.0,0.0,NORMAL_GRAPH_TOPOLOGY,NONE,NONE
MPLADS-004617,10.69,15.02,0,7,1,1,0.2,0,-0.17,0.0,NORMAL_GRAPH_TOPOLOGY,NONE,NONE
MPLADS-004618,26.67,43.42,0,11,1,1,0.25,0,0.17,0.0,NORMAL_GRAPH_TOPOLOGY,NONE,NONE
MPLADS-004619,64.09,89.02,0,2,1,1,0.25,1,0.67,35.0,CORPORATE_COLLUSION_NETWORK,HIGH_CONSTITUENCY_AGENCY_CAPTURE,PRE_AWARD_GOVERNANCE_INSTABILITY
MPLADS-004620,40.77,65.68,0,0,1,1,0.25,0,0.0,15.0,NORMAL_GRAPH_TOPOLOGY,NONE,NONE
MPLADS-004621,3.65,3.24,0,21,1,1,0.25,0,-0.33,0.0,NORMAL_GRAPH_TOPOLOGY,NONE,NONE
MPLADS-004622,29.66,48.48,0,9,1,1,0.25,0,0.5,15.0,NORMAL_GRAPH_TOPOLOGY,NONE,NONE
MPLADS-004623,36.21,59.1,0,8,1,1,0.1667,0,0.33,0.0,NORMAL_GRAPH_TOPOLOGY,NONE,NONE
MPLADS-004624,14.65,22.1,0,1,1,1,0.1667,0,0.67,0.0,NORMAL_GRAPH_TOPOLOGY,NONE,NONE
MPLADS-004625,30.28,49.58,0,30,1,1,0.125,0,0.17,0.0,NORMAL_GRAPH_TOPOLOGY,NONE,NONE
MPLADS-004626,9.26,12.38,0,8,1,1,0.25,0,-0.67,0.0,NORMAL_GRAPH_TOPOLOGY,NONE,NONE
MPLADS-004627,79.98,98.12,1,29,1,1,0.5,2,4.0,35.0,CORPORATE_COLLUSION_NETWORK,NONE,NONE
MPLADS-004628,42.26,67.66,0,28,1,1,0.5,0,0.83,0.0,NORMAL_GRAPH_TOPOLOGY,NONE,NONE
MPLADS-004629,68.31,92.1,0,16,1,1,0.125,0,-1.17,0.0,ELEVATED_GRAPH_CENTRALITY,NONE,NONE
MPLADS-004630,40.64,65.52,0,10,1,1,0.5,0,-1.0,0.0,NORMAL_GRAPH_TOPOLOGY,NONE,NONE
MPLADS-004631,37.75,61.56,0,30,1,1,0.125,0,0.0,0.0,NORMAL_GRAPH_TOPOLOGY,NONE,NONE
MPLADS-004632,12.02,17.3,0,20,1,1,0.1667,0,0.0,0.0,NORMAL_GRAPH_TOPOLOGY,NONE,NONE
MPLADS-004633,2.44,1.78,0,12,1,1,0.25,0,0.17,0.0,NORMAL_GRAPH_TOPOLOGY,NONE,NONE
MPLADS-004634,61.28,87.24,0,2,1,1,1.0,0,0.67,15.0,HIGH_CONSTITUENCY_AGENCY_CAPTURE,RECURRING_EXCLUSIVE_PAIRING,HUB_CENTRALITY_SPIKE
MPLADS-004635,5.53,6.02,0,3,1,1,0.1667,0,-0.67,0.0,NORMAL_GRAPH_TOPOLOGY,NONE,NONE
MPLADS-004636,51.83,79.14,0,35,1,1,0.3333,0,-1.33,0.0,NORMAL_GRAPH_TOPOLOGY,NONE,NONE
MPLADS-004637,62.27,87.82,0,17,1,1,0.1667,1,2.67,35.0,CORPORATE_COLLUSION_NETWORK,NONE,NONE
MPLADS-004638,34.81,56.86,0,33,1,1,0.1667,0,-0.67,15.0,NORMAL_GRAPH_TOPOLOGY,NONE,NONE
MPLADS-004639,17.5,27.28,0,13,1,1,0.3333,0,-0.17,0.0,NORMAL_GRAPH_TOPOLOGY,NONE,NONE
MPLADS-004640,30.13,49.28,0,0,1,1,0.25,0,1.17,0.0,NORMAL_GRAPH_TOPOLOGY,NONE,NONE
MPLADS-004641,13.74,20.48,0,7,1,1,0.1429,0,0.0,0.0,NORMAL_GRAPH_TOPOLOGY,NONE,NONE
MPLADS-004642,25.72,41.8,0,12,1,1,0.5,0,-0.33,0.0,NORMAL_GRAPH_TOPOLOGY,NONE,NONE
MPLADS-004643,39.28,63.68,0,15,1,1,0.1429,0,0.67,15.0,NORMAL_GRAPH_TOPOLOGY,NONE,NONE
MPLADS-004644,56.96,84.12,0,11,1,1,0.1111,0,1.0,0.0,NORMAL_GRAPH_TOPOLOGY,NONE,NONE
MPLADS-004645,69.78,93.32,0,35,1,1,0.1429,2,2.0,35.0,CORPORATE_COLLUSION_NETWORK,NONE,NONE
MPLADS-004646,22.44,36.12,0,8,1,1,0.125,0,-0.33,0.0,NORMAL_GRAPH_TOPOLOGY,NONE,NONE
MPLADS-004647,25.2,40.88,0,2,1,1,0.2,0,-0.5,15.0,NORMAL_GRAPH_TOPOLOGY,NONE,NONE
MPLADS-004648,21.68,34.8,0,33,1,1,0.1429,0,0.17,0.0,NORMAL_GRAPH_TOPOLOGY,NONE,NONE
MPLADS-004649,34.53,56.38,0,0,1,1,0.25,0,-0.5,0.0,NORMAL_GRAPH_TOPOLOGY,NONE,NONE
MPLADS-004650,55.27,82.7,0,21,1,1,0.1429,0,0.17,0.0,NORMAL_GRAPH_TOPOLOGY,NONE,NONE
MPLADS-004651,85.76,99.0,1,34,1,1,0.1429,2,4.33,35.0,CORPORATE_COLLUSION_NETWORK,HIGH_CONSTITUENCY_AGENCY_CAPTURE,PRE_AWARD_GOVERNANCE_INSTABILITY
MPLADS-004652,29.6,48.4,0,26,1,1,0.25,0,0.33,0.0,NORMAL_GRAPH_TOPOLOGY,NONE,NONE
MPLADS-004653,40.87,65.84,0,26,1,1,0.1429,0,0.0,15.0,NORMAL_GRAPH_TOPOLOGY,NONE,NONE
MPLADS-004654,72.31,94.98,0,27,1,1,0.1111,0,0.17,0.0,PRE_AWARD_GOVERNANCE_INSTABILITY,NONE,NONE
MPLADS-004655,45.89,72.08,0,32,1,1,0.2,0,-0.67,15.0,NORMAL_GRAPH_TOPOLOGY,NONE,NONE
MPLADS-004656,64.82,89.56,0,36,1,1,0.1667,1,2.67,35.0,CORPORATE_COLLUSION_NETWORK,NONE,NONE
MPLADS-004657,11.23,15.92,0,5,1,1,0.1667,0,-0.67,0.0,NORMAL_GRAPH_TOPOLOGY,NONE,NONE
MPLADS-004658,17.1,26.54,0,1,1,1,0.1667,0,0.0,0.0,NORMAL_GRAPH_TOPOLOGY,NONE,NONE
MPLADS-004659,66.74,91.0,0,23,1,1,0.2,2,1.0,35.0,CORPORATE_COLLUSION_NETWORK,HIGH_CONSTITUENCY_AGENCY_CAPTURE,HUB_CENTRALITY_SPIKE
MPLADS-004660,33.72,55.04,0,33,1,1,0.25,0,0.67,15.0,NORMAL_GRAPH_TOPOLOGY,NONE,NONE
MPLADS-004661,40.41,65.22,0,33,1,1,0.1667,0,-0.5,15.0,NORMAL_GRAPH_TOPOLOGY,NONE,NONE
MPLADS-004662,41.18,66.24,0,10,1,1,0.1429,0,-1.0,15.0,NORMAL_GRAPH_TOPOLOGY,NONE,NONE
MPLADS-004663,13.47,19.96,0,12,1,1,0.25,0,-0.67,0.0,NORMAL_GRAPH_TOPOLOGY,NONE,NONE
MPLADS-004664,29.19,47.72,0,35,1,1,0.1667,0,-0.33,15.0,NORMAL_GRAPH_TOPOLOGY,NONE,NONE
MPLADS-004665,44.39,70.3,0,1,1,1,0.2,0,-0.33,15.0,NORMAL_GRAPH_TOPOLOGY,NONE,NONE
MPLADS-004666,58.83,85.74,0,26,1,1,0.2,1,1.17,35.0,NORMAL_GRAPH_TOPOLOGY,NONE,NONE
MPLADS-004667,16.84,26.08,0,6,1,1,0.1429,0,-0.33,0.0,NORMAL_GRAPH_TOPOLOGY,NONE,NONE
MPLADS-004668,13.85,20.68,0,34,1,1,0.1667,0,-0.33,0.0,NORMAL_GRAPH_TOPOLOGY,NONE,NONE
MPLADS-004669,43.56,69.3,0,3,1,1,0.1429,0,-0.67,15.0,NORMAL_GRAPH_TOPOLOGY,NONE,NONE
MPLADS-004670,19.03,30.1,0,18,1,1,0.3333,0,-0.67,0.0,NORMAL_GRAPH_TOPOLOGY,NONE,NONE
MPLADS-004671,19.71,31.32,0,10,1,1,0.25,0,-0.5,0.0,NORMAL_GRAPH_TOPOLOGY,NONE,NONE
MPLADS-004672,51.6,78.82,0,28,1,1,1.0,0,-0.17,0.0,NORMAL_GRAPH_TOPOLOGY,NONE,NONE
MPLADS-004673,71.71,94.6,0,24,1,1,0.5,2,2.0,35.0,CORPORATE_COLLUSION_NETWORK,NONE,NONE
MPLADS-004674,58.76,85.68,0,17,1,1,0.1111,0,0.0,15.0,NORMAL_GRAPH_TOPOLOGY,NONE,NONE
MPLADS-004675,48.81,75.62,0,27,1,1,0.5,0,0.33,0.0,NORMAL_GRAPH_TOPOLOGY,NONE,NONE
MPLADS-004676,50.07,77.02,0,3,1,1,0.3333,0,0.67,0.0,NORMAL_GRAPH_TOPOLOGY,NONE,NONE
MPLADS-004677,16.37,25.18,0,29,1,1,0.125,0,0.17,0.0,NORMAL_GRAPH_TOPOLOGY,NONE,NONE
MPLADS-004678,37.3,60.82,0,15,1,1,0.2,0,-1.0,15.0,NORMAL_GRAPH_TOPOLOGY,NONE,NONE
MPLADS-004679,19.91,31.7,0,10,1,1,0.2,0,-0.17,0.0,NORMAL_GRAPH_TOPOLOGY,NONE,NONE
MPLADS-004680,43.05,68.66,0,21,1,1,0.2,0,-0.33,15.0,NORMAL_GRAPH_TOPOLOGY,NONE,NONE
MPLADS-004681,33.93,55.38,0,15,1,1,0.1667,0,-0.33,15.0,NORMAL_GRAPH_TOPOLOGY,NONE,NONE
MPLADS-004682,39.76,64.3,0,33,1,1,0.3333,0,-0.67,0.0,NORMAL_GRAPH_TOPOLOGY,NONE,NONE
MPLADS-004683,40.98,65.94,0,1,1,1,0.1429,0,-0.67,15.0,NORMAL_GRAPH_TOPOLOGY,NONE,NONE
MPLADS-004684,33.91,55.36,0,15,1,1,0.3333,0,-1.0,0.0,NORMAL_GRAPH_TOPOLOGY,NONE,NONE
MPLADS-004685,51.64,78.9,0,17,1,1,0.25,1,0.67,35.0,NORMAL_GRAPH_TOPOLOGY,NONE,NONE
MPLADS-004686,24.5,39.64,0,35,1,1,0.1667,0,1.17,0.0,NORMAL_GRAPH_TOPOLOGY,NONE,NONE
MPLADS-004687,44.1,69.94,0,34,1,1,0.25,0,-0.67,15.0,NORMAL_GRAPH_TOPOLOGY,NONE,NONE
MPLADS-004688,62.38,87.92,0,26,1,1,0.2,1,0.67,50.0,CORPORATE_COLLUSION_NETWORK,HIGH_CONSTITUENCY_AGENCY_CAPTURE,RECURRING_EXCLUSIVE_PAIRING
MPLADS-004689,66.79,91.06,0,19,1,1,0.2,0,-0.5,0.0,PRE_AWARD_GOVERNANCE_INSTABILITY,NONE,NONE
MPLADS-004690,25.48,41.4,0,31,1,1,0.1837,0,0.5,0.0,NORMAL_GRAPH_TOPOLOGY,NONE,NONE
MPLADS-004691,18.02,28.22,0,2,1,1,0.25,0,0.67,0.0,NORMAL_GRAPH_TOPOLOGY,NONE,NONE
MPLADS-004692,22.8,36.74,0,14,1,1,0.1667,0,-0.17,0.0,NORMAL_GRAPH_TOPOLOGY,NONE,NONE
MPLADS-004693,33.79,55.16,0,29,1,1,0.3333,0,1.17,0.0,NORMAL_GRAPH_TOPOLOGY,NONE,NONE
MPLADS-004694,60.81,86.92,0,20,1,1,0.5,0,-0.83,0.0,HUB_CENTRALITY_SPIKE,NONE,NONE
MPLADS-004695,74.65,96.16,1,26,1,1,0.1429,2,1.0,35.0,CORPORATE_COLLUSION_NETWORK,NONE,NONE
MPLADS-004696,35.6,58.12,0,24,1,1,0.1667,0,0.33,0.0,NORMAL_GRAPH_TOPOLOGY,NONE,NONE
MPLADS-004697,71.88,94.7,0,5,1,1,0.3333,0,1.33,0.0,PRE_AWARD_GOVERNANCE_INSTABILITY,HIGH_CONSTITUENCY_AGENCY_CAPTURE,NONE
MPLADS-004698,31.26,51.16,0,18,1,1,0.3333,0,1.0,0.0,NORMAL_GRAPH_TOPOLOGY,NONE,NONE
MPLADS-004699,17.62,27.5,0,19,1,1,0.2,0,0.33,0.0,NORMAL_GRAPH_TOPOLOGY,NONE,NONE
MPLADS-004700,27.27,44.48,0,23,1,1,0.25,0,-0.33,15.0,NORMAL_GRAPH_TOPOLOGY,NONE,NONE
MPLADS-004701,28.44,46.48,0,10,1,1,0.25,0,0.17,15.0,NORMAL_GRAPH_TOPOLOGY,NONE,NONE
MPLADS-004702,28.69,46.92,0,8,1,1,0.25,0,-0.5,15.0,NORMAL_GRAPH_TOPOLOGY,NONE,NONE
MPLADS-004703,46.98,73.44,0,28,1,1,0.5,0,-1.0,0.0,NORMAL_GRAPH_TOPOLOGY,NONE,NONE
MPLADS-004704,19.6,31.12,0,14,1,1,0.1667,0,-0.33,15.0,NORMAL_GRAPH_TOPOLOGY,NONE,NONE
MPLADS-004705,49.83,76.76,0,33,1,1,0.3333,0,-0.17,0.0,NORMAL_GRAPH_TOPOLOGY,NONE,NONE
MPLADS-004706,58.63,85.58,0,15,1,1,0.1667,0,1.83,0.0,NORMAL_GRAPH_TOPOLOGY,NONE,NONE
MPLADS-004707,51.25,78.46,0,20,1,1,0.2,0,0.0,15.0,NORMAL_GRAPH_TOPOLOGY,NONE,NONE
MPLADS-004708,14.25,21.4,0,11,1,1,0.2,0,0.0,0.0,NORMAL_GRAPH_TOPOLOGY,NONE,NONE
MPLADS-004709,51.7,78.98,0,12,1,1,0.5,0,-0.17,0.0,NORMAL_GRAPH_TOPOLOGY,NONE,NONE
MPLADS-004710,10.5,14.62,0,10,1,1,0.3333,0,0.33,0.0,NORMAL_GRAPH_TOPOLOGY,NONE,NONE
MPLADS-004711,46.7,73.06,0,33,1,1,0.25,0,-0.83,0.0,NORMAL_GRAPH_TOPOLOGY,NONE,NONE
MPLADS-004712,33.03,53.92,0,33,1,1,0.25,0,0.67,15.0,NORMAL_GRAPH_TOPOLOGY,NONE,NONE
MPLADS-004713,42.71,68.28,0,33,1,1,0.5,0,1.17,0.0,NORMAL_GRAPH_TOPOLOGY,NONE,NONE
MPLADS-004714,31.71,51.84,0,23,1,1,0.25,0,-0.67,0.0,NORMAL_GRAPH_TOPOLOGY,NONE,NONE
MPLADS-004715,14.05,21.02,0,33,1,1,0.25,0,-0.17,0.0,NORMAL_GRAPH_TOPOLOGY,NONE,NONE
MPLADS-004716,12.39,17.98,0,34,1,1,0.1667,0,0.0,0.0,NORMAL_GRAPH_TOPOLOGY,NONE,NONE
MPLADS-004717,46.19,72.48,0,30,1,1,0.1429,0,-1.33,0.0,NORMAL_GRAPH_TOPOLOGY,NONE,NONE
MPLADS-004718,43.26,68.88,0,4,1,1,0.25,0,-0.33,0.0,NORMAL_GRAPH_TOPOLOGY,NONE,NONE
MPLADS-004719,17.3,26.92,0,33,1,1,0.25,0,0.67,0.0,NORMAL_GRAPH_TOPOLOGY,NONE,NONE
MPLADS-004720,31.81,52.04,0,28,1,1,0.25,0,-1.0,0.0,NORMAL_GRAPH_TOPOLOGY,NONE,NONE
MPLADS-004721,17.43,27.16,0,9,1,1,0.3333,0,-0.5,0.0,NORMAL_GRAPH_TOPOLOGY,NONE,NONE
MPLADS-004722,4.58,4.46,0,11,1,1,0.2,0,0.33,0.0,NORMAL_GRAPH_TOPOLOGY,NONE,NONE
MPLADS-004723,5.37,5.72,0,12,1,1,0.1837,0,-0.5,0.0,NORMAL_GRAPH_TOPOLOGY,NONE,NONE
MPLADS-004724,30.49,49.96,0,14,1,1,0.25,0,0.17,15.0,NORMAL_GRAPH_TOPOLOGY,NONE,NONE
MPLADS-004725,33.9,55.34,0,26,1,1,0.25,0,-0.5,0.0,NORMAL_GRAPH_TOPOLOGY,NONE,NONE
MPLADS-004726,56.28,83.6,0,3,1,1,0.3333,0,0.67,15.0,NORMAL_GRAPH_TOPOLOGY,NONE,NONE
MPLADS-004727,25.6,41.6,0,12,1,1,0.2,0,-0.5,0.0,NORMAL_GRAPH_TOPOLOGY,NONE,NONE
MPLADS-004728,30.4,49.78,0,11,1,1,0.25,0,-0.67,15.0,NORMAL_GRAPH_TOPOLOGY,NONE,NONE
MPLADS-004729,27.96,45.64,0,24,1,1,0.1667,0,-0.33,15.0,NORMAL_GRAPH_TOPOLOGY,NONE,NONE
MPLADS-004730,10.91,15.36,0,30,1,1,0.2,0,-0.33,0.0,NORMAL_GRAPH_TOPOLOGY,NONE,NONE
MPLADS-004731,39.66,64.14,0,3,1,1,0.2,0,0.67,0.0,NORMAL_GRAPH_TOPOLOGY,NONE,NONE
MPLADS-004732,33.61,54.88,0,9,1,1,0.125,0,-1.0,0.0,NORMAL_GRAPH_TOPOLOGY,NONE,NONE
MPLADS-004733,75.25,96.34,1,34,1,1,0.125,2,2.17,35.0,CORPORATE_COLLUSION_NETWORK,NONE,NONE
MPLADS-004734,7.8,9.74,0,35,1,1,0.2,0,0.0,0.0,NORMAL_GRAPH_TOPOLOGY,NONE,NONE
MPLADS-004735,32.38,52.9,0,33,1,1,0.2,0,-0.67,15.0,NORMAL_GRAPH_TOPOLOGY,NONE,NONE
MPLADS-004736,13.65,20.3,0,7,1,1,0.125,0,0.33,0.0,NORMAL_GRAPH_TOPOLOGY,NONE,NONE
MPLADS-004737,35.64,58.18,0,2,1,1,0.25,0,-1.0,0.0,NORMAL_GRAPH_TOPOLOGY,NONE,NONE
MPLADS-004738,69.89,93.38,0,16,1,1,0.3333,1,2.67,35.0,CORPORATE_COLLUSION_NETWORK,NONE,NONE
MPLADS-004739,65.17,89.78,0,7,1,1,0.1667,0,1.33,0.0,PRE_AWARD_GOVERNANCE_INSTABILITY,HIGH_CONSTITUENCY_AGENCY_CAPTURE,NONE
MPLADS-004740,5.57,6.06,0,9,1,1,0.1667,0,-0.17,0.0,NORMAL_GRAPH_TOPOLOGY,NONE,NONE
MPLADS-004741,18.98,30.0,0,23,1,1,0.25,0,0.0,0.0,NORMAL_GRAPH_TOPOLOGY,NONE,NONE
MPLADS-004742,13.76,20.5,0,9,1,1,0.1667,0,1.17,0.0,NORMAL_GRAPH_TOPOLOGY,NONE,NONE
MPLADS-004743,47.81,74.42,0,12,1,1,0.2,0,0.83,0.0,NORMAL_GRAPH_TOPOLOGY,NONE,NONE
MPLADS-004744,56.34,83.66,0,11,1,1,1.0,0,0.0,0.0,NORMAL_GRAPH_TOPOLOGY,NONE,NONE
MPLADS-004745,43.48,69.18,0,4,1,1,0.1562,0,-1.33,0.0,NORMAL_GRAPH_TOPOLOGY,NONE,NONE
MPLADS-004746,65.07,89.7,0,21,1,1,0.1667,1,0.67,35.0,CORPORATE_COLLUSION_NETWORK,HIGH_CONSTITUENCY_AGENCY_CAPTURE,PRE_AWARD_GOVERNANCE_INSTABILITY
MPLADS-004747,34.33,56.08,0,27,1,1,0.25,0,-1.0,0.0,NORMAL_GRAPH_TOPOLOGY,NONE,NONE
MPLADS-004748,41.37,66.5,0,6,1,1,0.1667,0,0.67,15.0,NORMAL_GRAPH_TOPOLOGY,NONE,NONE
MPLADS-004749,8.12,10.32,0,3,1,1,0.25,0,0.0,0.0,NORMAL_GRAPH_TOPOLOGY,NONE,NONE
MPLADS-004750,24.77,40.12,0,25,1,1,0.25,0,-0.17,0.0,NORMAL_GRAPH_TOPOLOGY,NONE,NONE
MPLADS-004751,31.34,51.28,0,10,1,1,0.125,0,-1.0,0.0,NORMAL_GRAPH_TOPOLOGY,NONE,NONE
MPLADS-004752,18.8,29.66,0,10,1,1,0.2,0,-0.83,0.0,NORMAL_GRAPH_TOPOLOGY,NONE,NONE
MPLADS-004753,6.39,7.44,0,28,1,1,0.25,0,1.0,0.0,NORMAL_GRAPH_TOPOLOGY,NONE,NONE
MPLADS-004754,44.12,69.98,0,35,1,1,0.1,0,0.0,0.0,NORMAL_GRAPH_TOPOLOGY,NONE,NONE
MPLADS-004755,42.58,68.08,0,17,1,1,0.25,0,-1.33,0.0,NORMAL_GRAPH_TOPOLOGY,NONE,NONE
MPLADS-004756,42.42,67.86,0,14,1,1,0.1429,0,-0.67,0.0,NORMAL_GRAPH_TOPOLOGY,NONE,NONE
MPLADS-004757,72.23,94.92,0,34,1,1,0.1429,0,1.33,0.0,PRE_AWARD_GOVERNANCE_INSTABILITY,HIGH_CONSTITUENCY_AGENCY_CAPTURE,NONE
MPLADS-004758,8.65,11.3,0,9,1,1,0.2,0,0.0,0.0,NORMAL_GRAPH_TOPOLOGY,NONE,NONE
MPLADS-004759,25.66,41.7,0,34,1,1,0.125,0,0.17,0.0,NORMAL_GRAPH_TOPOLOGY,NONE,NONE
MPLADS-004760,12.18,17.6,0,13,1,1,0.3333,0,0.33,0.0,NORMAL_GRAPH_TOPOLOGY,NONE,NONE
MPLADS-004761,20.39,32.56,0,20,1,1,0.1667,0,0.33,0.0,NORMAL_GRAPH_TOPOLOGY,NONE,NONE
MPLADS-004762,51.35,78.58,0,3,1,1,0.1,0,-0.33,0.0,NORMAL_GRAPH_TOPOLOGY,NONE,NONE
MPLADS-004763,12.76,18.64,0,8,1,1,0.25,0,-0.17,0.0,NORMAL_GRAPH_TOPOLOGY,NONE,NONE
MPLADS-004764,7.09,8.6,0,35,1,1,0.1667,0,-0.17,0.0,NORMAL_GRAPH_TOPOLOGY,NONE,NONE
MPLADS-004765,20.72,33.14,0,26,1,1,0.2,0,0.67,0.0,NORMAL_GRAPH_TOPOLOGY,NONE,NONE
MPLADS-004766,72.28,94.95,0,2,2,1,0.5556,0,-0.5,0.0,HUB_CENTRALITY_SPIKE,NONE,NONE
MPLADS-004767,18.13,28.46,0,32,1,1,0.2,0,0.0,0.0,NORMAL_GRAPH_TOPOLOGY,NONE,NONE
MPLADS-004768,7.31,8.94,0,10,1,1,0.1429,0,-0.17,0.0,NORMAL_GRAPH_TOPOLOGY,NONE,NONE
MPLADS-004769,17.81,27.84,0,29,1,1,0.3333,0,0.17,0.0,NORMAL_GRAPH_TOPOLOGY,NONE,NONE
MPLADS-004770,26.88,43.78,0,8,1,1,0.25,0,0.33,15.0,NORMAL_GRAPH_TOPOLOGY,NONE,NONE
MPLADS-004771,13.25,19.58,0,34,1,1,0.1429,0,-0.17,0.0,NORMAL_GRAPH_TOPOLOGY,NONE,NONE
MPLADS-004772,41.93,67.2,0,4,1,1,0.2,0,0.67,0.0,NORMAL_GRAPH_TOPOLOGY,NONE,NONE
MPLADS-004773,66.11,90.48,0,5,1,1,0.1667,0,1.33,0.0,PRE_AWARD_GOVERNANCE_INSTABILITY,HIGH_CONSTITUENCY_AGENCY_CAPTURE,NONE
MPLADS-004774,68.35,92.16,0,26,1,1,0.25,1,1.0,35.0,CORPORATE_COLLUSION_NETWORK,HIGH_CONSTITUENCY_AGENCY_CAPTURE,PRE_AWARD_GOVERNANCE_INSTABILITY
MPLADS-004775,21.51,34.48,0,23,1,1,0.3333,0,-0.67,0.0,NORMAL_GRAPH_TOPOLOGY,NONE,NONE
MPLADS-004776,29.41,48.04,0,11,1,1,0.1111,0,-0.17,0.0,NORMAL_GRAPH_TOPOLOGY,NONE,NONE
MPLADS-004777,29.59,48.38,0,12,1,1,0.5,0,-0.33,0.0,NORMAL_GRAPH_TOPOLOGY,NONE,NONE
MPLADS-004778,18.56,29.2,0,25,1,1,0.1429,0,-0.67,0.0,NORMAL_GRAPH_TOPOLOGY,NONE,NONE
MPLADS-004779,3.2,2.68,0,3,1,1,0.1837,0,0.0,0.0,NORMAL_GRAPH_TOPOLOGY,NONE,NONE
MPLADS-004780,4.26,4.04,0,1,1,1,0.3333,0,-0.17,0.0,NORMAL_GRAPH_TOPOLOGY,NONE,NONE
MPLADS-004781,52.02,79.32,0,5,1,1,0.3333,0,-1.0,15.0,NORMAL_GRAPH_TOPOLOGY,NONE,NONE
MPLADS-004782,49.23,76.24,0,36,1,1,0.3333,0,-0.33,0.0,NORMAL_GRAPH_TOPOLOGY,NONE,NONE
MPLADS-004783,79.39,98.06,1,26,1,1,0.25,2,4.0,35.0,CORPORATE_COLLUSION_NETWORK,HIGH_CONSTITUENCY_AGENCY_CAPTURE,NONE
MPLADS-004784,48.07,74.68,0,21,1,1,0.125,0,-0.5,0.0,NORMAL_GRAPH_TOPOLOGY,NONE,NONE
MPLADS-004785,32.95,53.78,0,22,1,1,0.1111,0,-0.17,0.0,NORMAL_GRAPH_TOPOLOGY,NONE,NONE
MPLADS-004786,4.32,4.14,0,23,1,1,0.2,0,0.0,0.0,NORMAL_GRAPH_TOPOLOGY,NONE,NONE
MPLADS-004787,76.07,96.76,1,26,1,1,0.25,2,3.0,35.0,CORPORATE_COLLUSION_NETWORK,HUB_CENTRALITY_SPIKE,NONE
MPLADS-004788,6.99,8.44,0,24,1,1,0.2,0,-0.67,0.0,NORMAL_GRAPH_TOPOLOGY,NONE,NONE
MPLADS-004789,15.24,23.14,0,34,1,1,0.1429,0,0.0,0.0,NORMAL_GRAPH_TOPOLOGY,NONE,NONE
MPLADS-004790,25.61,41.62,0,6,1,1,0.25,0,-0.33,15.0,NORMAL_GRAPH_TOPOLOGY,NONE,NONE
MPLADS-004791,59.22,86.06,0,31,1,1,0.3333,1,-0.33,35.0,NORMAL_GRAPH_TOPOLOGY,NONE,NONE
MPLADS-004792,50.09,77.04,0,3,1,1,0.3333,0,0.5,15.0,NORMAL_GRAPH_TOPOLOGY,NONE,NONE
MPLADS-004793,40.56,65.4,0,24,1,1,0.25,0,-0.83,15.0,NORMAL_GRAPH_TOPOLOGY,NONE,NONE
MPLADS-004794,25.41,41.26,0,35,1,1,0.2,0,-0.5,0.0,NORMAL_GRAPH_TOPOLOGY,NONE,NONE
MPLADS-004795,20.31,32.4,0,1,1,1,0.2,0,0.17,0.0,NORMAL_GRAPH_TOPOLOGY,NONE,NONE
MPLADS-004796,7.87,9.86,0,24,1,1,0.3333,0,0.0,0.0,NORMAL_GRAPH_TOPOLOGY,NONE,NONE
MPLADS-004797,12.04,17.32,0,17,1,1,0.2,0,0.67,0.0,NORMAL_GRAPH_TOPOLOGY,NONE,NONE
MPLADS-004798,46.8,73.18,0,33,1,1,0.3333,0,0.17,15.0,NORMAL_GRAPH_TOPOLOGY,NONE,NONE
MPLADS-004799,46.77,73.14,0,26,1,1,0.125,0,1.67,0.0,NORMAL_GRAPH_TOPOLOGY,NONE,NONE
MPLADS-004800,16.2,24.86,0,34,1,1,0.2,0,-0.17,0.0,NORMAL_GRAPH_TOPOLOGY,NONE,NONE
MPLADS-004801,28.43,46.46,0,11,1,1,0.1429,0,0.17,0.0,NORMAL_GRAPH_TOPOLOGY,NONE,NONE
MPLADS-004802,59.9,86.42,0,26,1,1,0.25,0,0.0,15.0,NORMAL_GRAPH_TOPOLOGY,NONE,NONE
MPLADS-004803,0.01,0.02,0,6,1,1,0.2,0,-0.33,0.0,NORMAL_GRAPH_TOPOLOGY,NONE,NONE
MPLADS-004804,37.35,60.92,0,5,1,1,0.3333,0,-0.17,0.0,NORMAL_GRAPH_TOPOLOGY,NONE,NONE
MPLADS-004805,41.28,66.38,0,31,1,1,0.25,0,-1.5,0.0,NORMAL_GRAPH_TOPOLOGY,NONE,NONE
MPLADS-004806,20.99,33.66,0,34,1,1,0.2,0,-0.17,0.0,NORMAL_GRAPH_TOPOLOGY,NONE,NONE
MPLADS-004807,50.12,77.06,0,0,1,1,0.3333,0,-0.33,15.0,NORMAL_GRAPH_TOPOLOGY,NONE,NONE
MPLADS-004808,70.26,93.7,0,8,1,1,0.3333,0,1.33,0.0,PRE_AWARD_GOVERNANCE_INSTABILITY,HIGH_CONSTITUENCY_AGENCY_CAPTURE,NONE
MPLADS-004809,16.04,24.58,0,33,1,1,0.25,0,-0.5,0.0,NORMAL_GRAPH_TOPOLOGY,NONE,NONE
MPLADS-004810,7.35,8.98,0,33,1,1,0.1667,0,0.17,0.0,NORMAL_GRAPH_TOPOLOGY,NONE,NONE
MPLADS-004811,65.52,90.02,0,8,1,1,0.25,1,3.0,35.0,CORPORATE_COLLUSION_NETWORK,NONE,NONE
MPLADS-004812,32.48,53.06,0,27,1,1,0.1429,0,0.5,15.0,NORMAL_GRAPH_TOPOLOGY,NONE,NONE
MPLADS-004813,1.09,0.5,0,21,1,1,0.2,0,0.33,0.0,NORMAL_GRAPH_TOPOLOGY,NONE,NONE
MPLADS-004814,64.2,89.08,0,9,1,1,0.3333,1,2.67,35.0,CORPORATE_COLLUSION_NETWORK,NONE,NONE
MPLADS-004815,7.47,9.18,0,6,1,1,0.1429,0,-0.5,0.0,NORMAL_GRAPH_TOPOLOGY,NONE,NONE
MPLADS-004816,27.73,45.26,0,24,1,1,0.3333,0,0.83,0.0,NORMAL_GRAPH_TOPOLOGY,NONE,NONE
MPLADS-004817,2.82,2.26,0,24,1,1,0.25,0,0.0,0.0,NORMAL_GRAPH_TOPOLOGY,NONE,NONE
MPLADS-004818,11.95,17.16,0,1,1,1,0.25,0,-0.17,0.0,NORMAL_GRAPH_TOPOLOGY,NONE,NONE
MPLADS-004819,24.85,40.24,0,19,1,1,0.2,0,-0.67,0.0,NORMAL_GRAPH_TOPOLOGY,NONE,NONE
MPLADS-004820,66.08,90.44,0,11,1,1,0.1837,1,1.33,35.0,CORPORATE_COLLUSION_NETWORK,HIGH_CONSTITUENCY_AGENCY_CAPTURE,PRE_AWARD_GOVERNANCE_INSTABILITY
MPLADS-004821,22.02,35.42,0,16,1,1,0.1429,0,0.0,0.0,NORMAL_GRAPH_TOPOLOGY,NONE,NONE
MPLADS-004822,38.44,62.54,0,24,1,1,0.25,0,0.33,0.0,NORMAL_GRAPH_TOPOLOGY,NONE,NONE
MPLADS-004823,17.03,26.42,0,33,1,1,0.1429,0,-0.67,0.0,NORMAL_GRAPH_TOPOLOGY,NONE,NONE
MPLADS-004824,49.42,76.36,0,30,1,1,0.3333,0,1.0,0.0,NORMAL_GRAPH_TOPOLOGY,NONE,NONE
MPLADS-004825,93.81,99.32,1,29,1,1,0.25,4,0.67,35.0,CORPORATE_COLLUSION_NETWORK,NONE,NONE
MPLADS-004826,26.8,43.62,0,29,1,1,0.2,0,0.5,15.0,NORMAL_GRAPH_TOPOLOGY,NONE,NONE
MPLADS-004827,51.38,78.62,0,0,1,1,0.25,0,-0.83,0.0,NORMAL_GRAPH_TOPOLOGY,NONE,NONE
MPLADS-004828,5.26,5.54,0,30,1,1,0.2,0,-0.17,0.0,NORMAL_GRAPH_TOPOLOGY,NONE,NONE
MPLADS-004829,24.08,38.94,0,10,1,1,0.3333,0,0.5,0.0,NORMAL_GRAPH_TOPOLOGY,NONE,NONE
MPLADS-004830,64.4,89.22,0,23,2,1,0.2222,0,1.17,0.0,ELEVATED_GRAPH_CENTRALITY,NONE,NONE
MPLADS-004831,31.68,51.78,0,15,1,1,0.2,0,0.33,15.0,NORMAL_GRAPH_TOPOLOGY,NONE,NONE
MPLADS-004832,13.73,20.46,0,32,1,1,0.2,0,-0.5,0.0,NORMAL_GRAPH_TOPOLOGY,NONE,NONE
MPLADS-004833,44.83,70.78,0,12,1,1,0.25,0,0.33,0.0,NORMAL_GRAPH_TOPOLOGY,NONE,NONE
MPLADS-004834,14.18,21.26,0,9,1,1,0.3333,0,0.0,0.0,NORMAL_GRAPH_TOPOLOGY,NONE,NONE
MPLADS-004835,53.8,81.18,0,4,1,1,0.125,0,0.5,15.0,NORMAL_GRAPH_TOPOLOGY,NONE,NONE
MPLADS-004836,12.05,17.34,0,17,1,1,0.1667,0,-0.5,0.0,NORMAL_GRAPH_TOPOLOGY,NONE,NONE
MPLADS-004837,14.33,21.56,0,22,1,1,0.25,0,-0.17,0.0,NORMAL_GRAPH_TOPOLOGY,NONE,NONE
MPLADS-004838,28.1,45.9,0,9,1,1,0.3333,0,-0.5,15.0,NORMAL_GRAPH_TOPOLOGY,NONE,NONE
MPLADS-004839,27.67,45.14,0,11,1,1,0.25,0,-1.0,0.0,NORMAL_GRAPH_TOPOLOGY,NONE,NONE
MPLADS-004840,4.94,5.06,0,31,1,1,0.1667,0,0.33,0.0,NORMAL_GRAPH_TOPOLOGY,NONE,NONE
MPLADS-004841,42.91,68.48,0,3,1,1,0.2,0,0.17,15.0,NORMAL_GRAPH_TOPOLOGY,NONE,NONE
MPLADS-004842,3.88,3.54,0,35,1,1,0.2,0,-0.33,0.0,NORMAL_GRAPH_TOPOLOGY,NONE,NONE
MPLADS-004843,13.16,19.42,0,9,1,1,0.2,0,1.0,0.0,NORMAL_GRAPH_TOPOLOGY,NONE,NONE
MPLADS-004844,38.03,61.98,0,5,1,1,0.2,0,-0.17,0.0,NORMAL_GRAPH_TOPOLOGY,NONE,NONE
MPLADS-004845,20.36,32.5,0,19,1,1,0.125,0,-0.33,0.0,NORMAL_GRAPH_TOPOLOGY,NONE,NONE
MPLADS-004846,52.58,80.0,0,7,1,1,0.5,0,1.17,15.0,NORMAL_GRAPH_TOPOLOGY,NONE,NONE
MPLADS-004847,48.95,75.8,0,11,1,1,0.125,0,-1.5,0.0,NORMAL_GRAPH_TOPOLOGY,NONE,NONE
MPLADS-004848,39.23,63.6,0,20,1,1,0.1429,0,-0.33,15.0,NORMAL_GRAPH_TOPOLOGY,NONE,NONE
MPLADS-004849,26.01,42.28,0,25,1,1,0.1667,0,-1.0,0.0,NORMAL_GRAPH_TOPOLOGY,NONE,NONE
MPLADS-004850,48.68,75.4,0,34,1,1,0.25,0,0.17,15.0,NORMAL_GRAPH_TOPOLOGY,NONE,NONE
MPLADS-004851,20.58,32.9,0,29,1,1,0.3333,0,0.5,0.0,NORMAL_GRAPH_TOPOLOGY,NONE,NONE
MPLADS-004852,21.91,35.2,0,23,1,1,0.2,0,0.33,15.0,NORMAL_GRAPH_TOPOLOGY,NONE,NONE
MPLADS-004853,21.97,35.32,0,34,1,1,0.25,0,-0.33,0.0,NORMAL_GRAPH_TOPOLOGY,NONE,NONE
MPLADS-004854,24.43,39.54,0,35,1,1,0.2,0,-0.33,0.0,NORMAL_GRAPH_TOPOLOGY,NONE,NONE
MPLADS-004855,7.91,9.94,0,33,1,1,0.1667,0,-0.33,0.0,NORMAL_GRAPH_TOPOLOGY,NONE,NONE
MPLADS-004856,9.62,13.0,0,30,1,1,0.125,0,0.33,0.0,NORMAL_GRAPH_TOPOLOGY,NONE,NONE
MPLADS-004857,46.97,73.42,0,18,1,1,0.3333,0,1.17,15.0,NORMAL_GRAPH_TOPOLOGY,NONE,NONE
MPLADS-004858,87.63,99.12,1,26,1,1,0.25,2,4.33,35.0,CORPORATE_COLLUSION_NETWORK,HIGH_CONSTITUENCY_AGENCY_CAPTURE,PRE_AWARD_GOVERNANCE_INSTABILITY
MPLADS-004859,2.35,1.68,0,24,1,1,0.2,0,0.33,0.0,NORMAL_GRAPH_TOPOLOGY,NONE,NONE
MPLADS-004860,18.61,29.3,0,24,1,1,0.25,0,1.17,0.0,NORMAL_GRAPH_TOPOLOGY,NONE,NONE
MPLADS-004861,32.4,52.94,0,10,1,1,0.3333,0,1.17,0.0,NORMAL_GRAPH_TOPOLOGY,NONE,NONE
MPLADS-004862,65.43,89.96,0,33,1,1,0.1667,1,3.0,35.0,CORPORATE_COLLUSION_NETWORK,NONE,NONE
MPLADS-004863,14.32,21.54,0,32,1,1,0.2,0,-0.33,0.0,NORMAL_GRAPH_TOPOLOGY,NONE,NONE
MPLADS-004864,20.27,32.32,0,11,1,1,0.3333,0,-0.67,0.0,NORMAL_GRAPH_TOPOLOGY,NONE,NONE
MPLADS-004865,37.88,61.74,0,3,1,1,0.3333,0,0.5,15.0,NORMAL_GRAPH_TOPOLOGY,NONE,NONE
MPLADS-004866,17.42,27.14,0,8,1,1,0.25,0,0.17,0.0,NORMAL_GRAPH_TOPOLOGY,NONE,NONE
MPLADS-004867,74.21,96.04,1,21,1,1,0.2,2,4.0,35.0,CORPORATE_COLLUSION_NETWORK,HIGH_CONSTITUENCY_AGENCY_CAPTURE,NONE
MPLADS-004868,9.77,13.28,0,30,1,1,0.1667,0,-0.67,0.0,NORMAL_GRAPH_TOPOLOGY,NONE,NONE
MPLADS-004869,8.99,11.84,0,29,1,1,0.1429,0,-0.33,0.0,NORMAL_GRAPH_TOPOLOGY,NONE,NONE
MPLADS-004870,52.68,80.1,0,26,1,1,0.1667,0,1.0,0.0,NORMAL_GRAPH_TOPOLOGY,NONE,NONE
MPLADS-004871,11.8,16.9,0,7,1,1,0.1429,0,0.17,0.0,NORMAL_GRAPH_TOPOLOGY,NONE,NONE
MPLADS-004872,36.82,60.06,0,9,1,1,0.5,0,0.17,15.0,NORMAL_GRAPH_TOPOLOGY,NONE,NONE
MPLADS-004873,25.39,41.22,0,16,1,1,0.1429,0,0.83,0.0,NORMAL_GRAPH_TOPOLOGY,NONE,NONE
MPLADS-004874,29.58,48.36,0,1,1,1,0.25,0,-0.5,15.0,NORMAL_GRAPH_TOPOLOGY,NONE,NONE
MPLADS-004875,50.66,77.74,0,31,1,1,0.1429,0,-1.17,15.0,NORMAL_GRAPH_TOPOLOGY,NONE,NONE
MPLADS-004876,41.54,66.7,0,0,1,1,0.25,0,0.67,0.0,NORMAL_GRAPH_TOPOLOGY,NONE,NONE
MPLADS-004877,10.94,15.42,0,27,1,1,0.25,0,0.17,0.0,NORMAL_GRAPH_TOPOLOGY,NONE,NONE
MPLADS-004878,63.14,88.44,0,30,1,1,0.1111,0,-1.0,0.0,PRE_AWARD_GOVERNANCE_INSTABILITY,HUB_CENTRALITY_SPIKE,NONE
MPLADS-004879,13.99,20.9,0,25,1,1,0.1667,0,0.67,0.0,NORMAL_GRAPH_TOPOLOGY,NONE,NONE
MPLADS-004880,27.93,45.58,0,3,1,1,0.2,0,-0.33,15.0,NORMAL_GRAPH_TOPOLOGY,NONE,NONE
MPLADS-004881,59.0,85.86,0,25,1,1,0.125,1,1.67,35.0,NORMAL_GRAPH_TOPOLOGY,NONE,NONE
MPLADS-004882,21.19,33.96,0,7,1,1,0.2,0,0.33,0.0,NORMAL_GRAPH_TOPOLOGY,NONE,NONE
MPLADS-004883,21.75,34.94,0,12,1,1,0.2,0,-0.5,15.0,NORMAL_GRAPH_TOPOLOGY,NONE,NONE
MPLADS-004884,59.33,86.14,0,11,1,1,0.3333,0,-1.0,0.0,NORMAL_GRAPH_TOPOLOGY,NONE,NONE
MPLADS-004885,29.71,48.58,0,10,1,1,0.5,0,-0.67,0.0,NORMAL_GRAPH_TOPOLOGY,NONE,NONE
MPLADS-004886,42.5,67.98,0,5,1,1,0.3333,0,-0.17,0.0,NORMAL_GRAPH_TOPOLOGY,NONE,NONE
MPLADS-004887,40.65,65.54,0,2,1,1,0.1429,0,0.67,15.0,NORMAL_GRAPH_TOPOLOGY,NONE,NONE
MPLADS-004888,15.85,24.24,0,29,1,1,0.3333,0,0.17,0.0,NORMAL_GRAPH_TOPOLOGY,NONE,NONE
MPLADS-004889,23.43,37.8,0,19,1,1,0.2,0,-0.67,0.0,NORMAL_GRAPH_TOPOLOGY,NONE,NONE
MPLADS-004890,72.55,95.14,1,2,1,1,0.1111,0,0.17,15.0,RECURRING_EXCLUSIVE_PAIRING,HIGH_CONSTITUENCY_AGENCY_CAPTURE,PRE_AWARD_GOVERNANCE_INSTABILITY
MPLADS-004891,57.27,84.48,0,11,1,1,0.5,0,0.17,0.0,NORMAL_GRAPH_TOPOLOGY,NONE,NONE
MPLADS-004892,23.12,37.36,0,32,1,1,0.1667,0,-1.0,0.0,NORMAL_GRAPH_TOPOLOGY,NONE,NONE
MPLADS-004893,21.72,34.88,0,27,1,1,0.2,0,-0.17,15.0,NORMAL_GRAPH_TOPOLOGY,NONE,NONE
MPLADS-004894,72.34,95.0,1,12,1,1,1.0,0,-0.5,15.0,RECURRING_EXCLUSIVE_PAIRING,PRE_AWARD_GOVERNANCE_INSTABILITY,NONE
MPLADS-004895,38.33,62.38,0,34,1,1,0.1837,0,-0.33,0.0,NORMAL_GRAPH_TOPOLOGY,NONE,NONE
MPLADS-004896,29.24,47.8,0,26,1,1,0.1429,0,-0.5,0.0,NORMAL_GRAPH_TOPOLOGY,NONE,NONE
MPLADS-004897,37.32,60.86,0,2,1,1,0.125,0,0.33,0.0,NORMAL_GRAPH_TOPOLOGY,NONE,NONE
MPLADS-004898,70.87,94.08,0,2,1,1,0.5,1,1.0,35.0,CORPORATE_COLLUSION_NETWORK,HIGH_CONSTITUENCY_AGENCY_CAPTURE,PRE_AWARD_GOVERNANCE_INSTABILITY
MPLADS-004899,13.97,20.86,0,6,1,1,0.1667,0,0.17,0.0,NORMAL_GRAPH_TOPOLOGY,NONE,NONE
MPLADS-004900,62.08,87.66,0,8,1,1,0.25,0,-0.5,0.0,PRE_AWARD_GOVERNANCE_INSTABILITY,NONE,NONE
MPLADS-004901,59.32,86.12,0,23,1,1,0.3333,1,0.0,35.0,NORMAL_GRAPH_TOPOLOGY,NONE,NONE
MPLADS-004902,74.62,96.14,1,4,1,1,0.25,0,-1.17,15.0,RECURRING_EXCLUSIVE_PAIRING,HIGH_CONSTITUENCY_AGENCY_CAPTURE,PRE_AWARD_GOVERNANCE_INSTABILITY
MPLADS-004903,52.63,80.04,0,15,1,1,0.2,1,1.0,35.0,NORMAL_GRAPH_TOPOLOGY,NONE,NONE
MPLADS-004904,64.46,89.28,0,5,1,1,0.1667,1,2.67,35.0,CORPORATE_COLLUSION_NETWORK,NONE,NONE
MPLADS-004905,5.64,6.2,0,28,1,1,0.2,0,-0.33,0.0,NORMAL_GRAPH_TOPOLOGY,NONE,NONE
MPLADS-004906,28.52,46.64,0,7,1,1,0.1667,0,-0.67,15.0,NORMAL_GRAPH_TOPOLOGY,NONE,NONE
MPLADS-004907,34.79,56.82,0,26,1,1,0.25,0,-0.17,15.0,NORMAL_GRAPH_TOPOLOGY,NONE,NONE
MPLADS-004908,73.02,95.34,1,26,1,1,0.25,1,2.33,35.0,CORPORATE_COLLUSION_NETWORK,PRE_AWARD_GOVERNANCE_INSTABILITY,NONE
MPLADS-004909,7.67,9.52,0,32,1,1,0.3333,0,-0.33,0.0,NORMAL_GRAPH_TOPOLOGY,NONE,NONE
MPLADS-004910,17.86,27.92,0,5,1,1,0.3333,0,-0.33,0.0,NORMAL_GRAPH_TOPOLOGY,NONE,NONE
MPLADS-004911,8.8,11.54,0,27,1,1,0.2,0,0.0,0.0,NORMAL_GRAPH_TOPOLOGY,NONE,NONE
MPLADS-004912,41.45,66.58,0,33,1,1,0.25,0,-0.5,15.0,NORMAL_GRAPH_TOPOLOGY,NONE,NONE
MPLADS-004913,8.28,10.62,0,6,1,1,0.2,0,-0.33,0.0,NORMAL_GRAPH_TOPOLOGY,NONE,NONE
MPLADS-004914,10.05,13.8,0,11,1,1,0.1429,0,-0.17,0.0,NORMAL_GRAPH_TOPOLOGY,NONE,NONE
MPLADS-004915,46.32,72.6,0,33,1,1,0.2,0,0.83,0.0,NORMAL_GRAPH_TOPOLOGY,NONE,NONE
MPLADS-004916,16.01,24.52,0,11,1,1,0.1429,0,-0.83,0.0,NORMAL_GRAPH_TOPOLOGY,NONE,NONE
MPLADS-004917,19.36,30.72,0,35,1,1,0.1429,0,-0.33,0.0,NORMAL_GRAPH_TOPOLOGY,NONE,NONE
MPLADS-004918,14.08,21.08,0,34,1,1,0.1667,0,0.0,0.0,NORMAL_GRAPH_TOPOLOGY,NONE,NONE
MPLADS-004919,86.51,99.06,1,3,1,1,0.25,2,4.33,35.0,CORPORATE_COLLUSION_NETWORK,HIGH_CONSTITUENCY_AGENCY_CAPTURE,PRE_AWARD_GOVERNANCE_INSTABILITY
MPLADS-004920,53.22,80.68,0,9,1,1,1.0,0,-0.17,15.0,NORMAL_GRAPH_TOPOLOGY,NONE,NONE
MPLADS-004921,2.03,1.34,0,8,1,1,0.1667,0,-0.33,0.0,NORMAL_GRAPH_TOPOLOGY,NONE,NONE
MPLADS-004922,19.01,30.06,0,32,1,1,0.1667,0,-0.33,0.0,NORMAL_GRAPH_TOPOLOGY,NONE,NONE
MPLADS-004923,10.21,14.1,0,25,1,1,0.1667,0,0.17,0.0,NORMAL_GRAPH_TOPOLOGY,NONE,NONE
MPLADS-004924,48.76,75.54,0,7,1,1,0.5,0,0.0,15.0,NORMAL_GRAPH_TOPOLOGY,NONE,NONE
MPLADS-004925,10.07,13.84,0,5,1,1,0.25,0,0.5,0.0,NORMAL_GRAPH_TOPOLOGY,NONE,NONE
MPLADS-004926,5.68,6.26,0,3,1,1,0.25,0,-0.33,0.0,NORMAL_GRAPH_TOPOLOGY,NONE,NONE
MPLADS-004927,48.69,75.42,0,18,1,1,0.3333,0,0.67,0.0,NORMAL_GRAPH_TOPOLOGY,NONE,NONE
MPLADS-004928,62.05,87.64,0,26,1,1,0.25,1,1.33,35.0,CORPORATE_COLLUSION_NETWORK,HIGH_CONSTITUENCY_AGENCY_CAPTURE,HUB_CENTRALITY_SPIKE
MPLADS-004929,25.21,40.9,0,22,1,1,0.1667,0,1.17,0.0,NORMAL_GRAPH_TOPOLOGY,NONE,NONE
MPLADS-004930,6.46,7.56,0,35,1,1,0.25,0,-0.33,0.0,NORMAL_GRAPH_TOPOLOGY,NONE,NONE
MPLADS-004931,66.39,90.76,0,1,1,1,0.2,2,1.0,35.0,CORPORATE_COLLUSION_NETWORK,NONE,NONE
MPLADS-004932,13.19,19.48,0,8,1,1,0.1667,0,-0.67,0.0,NORMAL_GRAPH_TOPOLOGY,NONE,NONE
MPLADS-004933,29.28,47.86,0,34,1,1,0.125,0,0.0,0.0,NORMAL_GRAPH_TOPOLOGY,NONE,NONE
MPLADS-004934,54.06,81.46,0,24,1,1,0.1111,0,1.0,0.0,NORMAL_GRAPH_TOPOLOGY,NONE,NONE
MPLADS-004935,70.16,93.6,0,22,1,1,0.1111,1,2.67,35.0,CORPORATE_COLLUSION_NETWORK,NONE,NONE
MPLADS-004936,12.48,18.14,0,23,1,1,0.1429,0,0.5,0.0,NORMAL_GRAPH_TOPOLOGY,NONE,NONE
MPLADS-004937,40.72,65.62,0,15,1,1,0.25,0,0.5,15.0,NORMAL_GRAPH_TOPOLOGY,NONE,NONE
MPLADS-004938,0.69,0.26,0,29,1,1,0.25,0,-0.33,0.0,NORMAL_GRAPH_TOPOLOGY,NONE,NONE
MPLADS-004939,51.69,78.96,0,14,1,1,0.1667,1,1.17,35.0,NORMAL_GRAPH_TOPOLOGY,NONE,NONE
MPLADS-004940,44.29,70.16,0,1,1,1,0.1667,0,0.83,0.0,NORMAL_GRAPH_TOPOLOGY,NONE,NONE
MPLADS-004941,30.5,49.98,0,1,1,1,0.3333,0,-0.5,15.0,NORMAL_GRAPH_TOPOLOGY,NONE,NONE
MPLADS-004942,21.35,34.22,0,13,1,1,0.2,0,-0.33,0.0,NORMAL_GRAPH_TOPOLOGY,NONE,NONE
MPLADS-004943,54.52,81.94,0,9,1,1,0.5,0,-0.67,15.0,NORMAL_GRAPH_TOPOLOGY,NONE,NONE
MPLADS-004944,27.85,45.44,0,21,1,1,0.2,0,0.0,15.0,NORMAL_GRAPH_TOPOLOGY,NONE,NONE
MPLADS-004945,13.59,20.18,0,2,1,1,0.2,0,0.5,0.0,NORMAL_GRAPH_TOPOLOGY,NONE,NONE
MPLADS-004946,72.13,94.86,0,11,1,1,0.1,1,3.0,35.0,CORPORATE_COLLUSION_NETWORK,HIGH_CONSTITUENCY_AGENCY_CAPTURE,NONE
MPLADS-004947,43.38,69.06,0,34,1,1,0.3333,0,-0.67,0.0,NORMAL_GRAPH_TOPOLOGY,NONE,NONE
MPLADS-004948,38.37,62.42,0,11,1,1,0.125,0,0.0,15.0,NORMAL_GRAPH_TOPOLOGY,NONE,NONE
MPLADS-004949,26.5,43.12,0,13,1,1,0.2,0,0.33,15.0,NORMAL_GRAPH_TOPOLOGY,NONE,NONE
MPLADS-004950,8.45,10.94,0,16,1,1,0.25,0,-0.17,0.0,NORMAL_GRAPH_TOPOLOGY,NONE,NONE
MPLADS-004951,23.98,38.78,0,35,1,1,0.1429,0,0.33,0.0,NORMAL_GRAPH_TOPOLOGY,NONE,NONE
MPLADS-004952,57.81,84.98,0,2,1,1,0.2,0,-0.83,0.0,NORMAL_GRAPH_TOPOLOGY,NONE,NONE
MPLADS-004953,26.72,43.5,0,4,1,1,0.3333,0,0.0,0.0,NORMAL_GRAPH_TOPOLOGY,NONE,NONE
MPLADS-004954,57.33,84.56,0,36,1,1,0.1429,0,-1.0,0.0,NORMAL_GRAPH_TOPOLOGY,NONE,NONE
MPLADS-004955,45.15,71.18,0,34,1,1,0.1429,0,-0.33,15.0,NORMAL_GRAPH_TOPOLOGY,NONE,NONE
MPLADS-004956,50.34,77.32,0,33,1,1,0.1111,0,0.33,0.0,NORMAL_GRAPH_TOPOLOGY,NONE,NONE
MPLADS-004957,34.39,56.16,0,11,1,1,0.3333,0,0.17,0.0,NORMAL_GRAPH_TOPOLOGY,NONE,NONE
MPLADS-004958,39.2,63.54,0,7,1,1,0.3333,0,-0.67,15.0,NORMAL_GRAPH_TOPOLOGY,NONE,NONE
MPLADS-004959,11.86,17.0,0,9,1,1,0.1667,0,0.0,0.0,NORMAL_GRAPH_TOPOLOGY,NONE,NONE
MPLADS-004960,7.36,9.0,0,36,1,1,0.2,0,0.0,0.0,NORMAL_GRAPH_TOPOLOGY,NONE,NONE
MPLADS-004961,18.87,29.78,0,35,1,1,0.25,0,0.83,0.0,NORMAL_GRAPH_TOPOLOGY,NONE,NONE
MPLADS-004962,24.93,40.38,0,27,1,1,0.1667,0,-0.33,0.0,NORMAL_GRAPH_TOPOLOGY,NONE,NONE
MPLADS-004963,9.36,12.56,0,2,1,1,0.25,0,0.67,0.0,NORMAL_GRAPH_TOPOLOGY,NONE,NONE
MPLADS-004964,21.25,34.04,0,15,1,1,0.1429,0,-0.17,0.0,NORMAL_GRAPH_TOPOLOGY,NONE,NONE
MPLADS-004965,33.16,54.16,0,7,1,1,0.2,0,0.33,0.0,NORMAL_GRAPH_TOPOLOGY,NONE,NONE
MPLADS-004966,43.6,69.34,0,22,1,1,0.3333,0,0.17,15.0,NORMAL_GRAPH_TOPOLOGY,NONE,NONE
MPLADS-004967,41.92,67.18,0,21,1,1,0.3333,0,-1.33,0.0,NORMAL_GRAPH_TOPOLOGY,NONE,NONE
MPLADS-004968,45.19,71.22,0,33,1,1,0.1667,0,-0.17,0.0,NORMAL_GRAPH_TOPOLOGY,NONE,NONE
MPLADS-004969,0.38,0.14,0,14,1,1,0.25,0,0.33,0.0,NORMAL_GRAPH_TOPOLOGY,NONE,NONE
MPLADS-004970,69.68,93.22,0,26,1,1,0.25,0,0.5,15.0,RECURRING_EXCLUSIVE_PAIRING,PRE_AWARD_GOVERNANCE_INSTABILITY,NONE
MPLADS-004971,70.25,93.68,0,2,1,1,0.1,0,-0.83,0.0,HIGH_CONSTITUENCY_AGENCY_CAPTURE,NONE,NONE
MPLADS-004972,18.86,29.76,0,6,1,1,0.3333,0,-0.33,0.0,NORMAL_GRAPH_TOPOLOGY,NONE,NONE
MPLADS-004973,42.9,68.46,0,21,1,1,0.25,0,0.17,0.0,NORMAL_GRAPH_TOPOLOGY,NONE,NONE
MPLADS-004974,47.44,74.0,0,3,1,1,0.1667,0,-0.33,15.0,NORMAL_GRAPH_TOPOLOGY,NONE,NONE
MPLADS-004975,34.75,56.76,0,9,1,1,0.1111,0,0.17,0.0,NORMAL_GRAPH_TOPOLOGY,NONE,NONE
MPLADS-004976,28.17,46.02,0,0,1,1,0.1429,0,0.5,15.0,NORMAL_GRAPH_TOPOLOGY,NONE,NONE
MPLADS-004977,50.22,77.18,0,9,1,1,0.2,0,0.67,15.0,NORMAL_GRAPH_TOPOLOGY,NONE,NONE
MPLADS-004978,6.2,7.16,0,9,1,1,0.25,0,0.33,0.0,NORMAL_GRAPH_TOPOLOGY,NONE,NONE
MPLADS-004979,18.33,28.8,0,27,1,1,0.25,0,-0.33,0.0,NORMAL_GRAPH_TOPOLOGY,NONE,NONE
MPLADS-004980,6.12,7.0,0,14,1,1,0.1667,0,0.5,0.0,NORMAL_GRAPH_TOPOLOGY,NONE,NONE
MPLADS-004981,18.32,28.78,0,21,1,1,0.3333,0,0.33,0.0,NORMAL_GRAPH_TOPOLOGY,NONE,NONE
MPLADS-004982,83.79,98.74,1,26,1,1,0.3333,2,0.67,35.0,CORPORATE_COLLUSION_NETWORK,PRE_AWARD_GOVERNANCE_INSTABILITY,HUB_CENTRALITY_SPIKE
MPLADS-004983,4.22,4.0,0,25,1,1,0.2,0,0.5,0.0,NORMAL_GRAPH_TOPOLOGY,NONE,NONE
MPLADS-004984,17.78,27.78,0,27,1,1,0.1667,0,0.0,0.0,NORMAL_GRAPH_TOPOLOGY,NONE,NONE
MPLADS-004985,45.44,71.56,0,22,1,1,0.25,0,0.17,0.0,NORMAL_GRAPH_TOPOLOGY,NONE,NONE
MPLADS-004986,30.36,49.72,0,16,1,1,0.5,0,0.0,0.0,NORMAL_GRAPH_TOPOLOGY,NONE,NONE
MPLADS-004987,54.88,82.28,0,22,1,1,0.1667,1,1.0,35.0,NORMAL_GRAPH_TOPOLOGY,NONE,NONE
MPLADS-004988,35.66,58.22,0,1,1,1,0.1667,0,-0.67,15.0,NORMAL_GRAPH_TOPOLOGY,NONE,NONE
MPLADS-004989,21.62,34.68,0,31,1,1,0.5,0,0.0,0.0,NORMAL_GRAPH_TOPOLOGY,NONE,NONE
MPLADS-004990,39.13,63.44,0,11,1,1,0.1667,0,-0.5,0.0,NORMAL_GRAPH_TOPOLOGY,NONE,NONE
MPLADS-004991,2.45,1.8,0,1,1,1,0.2,0,-0.17,0.0,NORMAL_GRAPH_TOPOLOGY,NONE,NONE
MPLADS-004992,15.22,23.1,0,12,1,1,0.1837,0,0.17,0.0,NORMAL_GRAPH_TOPOLOGY,NONE,NONE
MPLADS-004993,24.82,40.18,0,2,1,1,0.1562,0,-0.83,0.0,NORMAL_GRAPH_TOPOLOGY,NONE,NONE
MPLADS-004994,30.05,49.14,0,28,1,1,0.3333,0,-1.0,0.0,NORMAL_GRAPH_TOPOLOGY,NONE,NONE
MPLADS-004995,11.45,16.34,0,17,1,1,0.2,0,-0.67,0.0,NORMAL_GRAPH_TOPOLOGY,NONE,NONE
MPLADS-004996,29.17,47.7,0,25,1,1,0.125,0,-1.0,0.0,NORMAL_GRAPH_TOPOLOGY,NONE,NONE
MPLADS-004997,36.62,59.76,0,8,1,1,0.3333,0,0.67,0.0,NORMAL_GRAPH_TOPOLOGY,NONE,NONE
MPLADS-004998,10.09,13.88,0,5,1,1,0.3333,0,0.0,0.0,NORMAL_GRAPH_TOPOLOGY,NONE,NONE
MPLADS-004999,37.01,60.36,0,9,1,1,0.2,0,0.0,15.0,NORMAL_GRAPH_TOPOLOGY,NONE,NONE
MPLADS-005000,34.68,56.64,0,33,1,1,0.125,0,1.0,0.0,NORMAL_GRAPH_TOPOLOGY,NONE,NONE
