project_id,payment_anomaly_score,payment_anomaly_percentile,is_payment_anomaly,payment_unverified_rate,payment_unverified_exposure,payment_smurfing_score,payment_velocity_ratio,payment_lumpiness_index,payment_timing_risk,baseline1_score,primary_reason,secondary_reason,tertiary_reason
MPLADS-000001,25.74,41.22,0,0.0,0.0,0.0,0.9788,0.2222,0.0,0.0,NORMAL_DISBURSEMENT_SCHEDULE,NONE,NONE
MPLADS-000002,31.58,51.28,0,0.0,0.0,0.6065,0.9673,0.2222,0.0,25.0,NORMAL_DISBURSEMENT_SCHEDULE,NONE,NONE
MPLADS-000003,27.66,43.96,0,0.0,0.0,0.0,0.8918,0.25,0.0,0.0,NORMAL_DISBURSEMENT_SCHEDULE,NONE,NONE
MPLADS-000004,47.31,75.28,0,0.0,0.0,0.0,0.8638,0.2222,0.0,0.0,NORMAL_DISBURSEMENT_SCHEDULE,NONE,NONE
MPLADS-000005,17.87,30.72,0,0.0,0.0,0.1057,0.8917,0.2222,0.0,25.0,NORMAL_DISBURSEMENT_SCHEDULE,NONE,NONE
MPLADS-000006,13.71,23.76,0,0.0,0.0,0.0,0.89,0.2223,0.0,0.0,NORMAL_DISBURSEMENT_SCHEDULE,NONE,NONE
MPLADS-000007,14.04,24.42,0,0.0,0.0,0.0,0.8896,0.2222,0.0,0.0,NORMAL_DISBURSEMENT_SCHEDULE,NONE,NONE
MPLADS-000008,21.24,35.5,0,0.0,0.0,0.0,0.8503,0.2222,0.0,0.0,NORMAL_DISBURSEMENT_SCHEDULE,NONE,NONE
MPLADS-000009,35.99,59.48,0,0.0,0.0,0.0,0.9708,0.2222,0.0,0.0,NORMAL_DISBURSEMENT_SCHEDULE,NONE,NONE
MPLADS-000010,82.04,97.3,1,1.0,473000.0,0.0,0.9594,0.25,0.0,50.0,UNVERIFIED_DISBURSEMENT_BURST,NONE,NONE
MPLADS-000011,32.46,52.98,0,0.0,0.0,0.0,0.8871,0.25,0.0,0.0,NORMAL_DISBURSEMENT_SCHEDULE,NONE,NONE
MPLADS-000012,38.43,63.84,0,0.0,0.0,0.0004,0.8587,0.2222,0.0,25.0,NORMAL_DISBURSEMENT_SCHEDULE,NONE,NONE
MPLADS-000013,0.78,0.84,0,0.0,0.0,0.0,0.9516,0.2222,0.0,0.0,NORMAL_DISBURSEMENT_SCHEDULE,NONE,NONE
MPLADS-000014,37.31,61.86,0,0.0,0.0,0.0,0.9485,0.25,0.0,0.0,NORMAL_DISBURSEMENT_SCHEDULE,NONE,NONE
MPLADS-000015,61.95,83.92,0,0.0,0.0,0.0561,0.8824,0.2222,0.231,25.0,STATUTORY_CEILING_SMURFING,PAYMENT_TIMING_ANOMALY,NONE
MPLADS-000016,45.47,73.66,0,0.0,0.0,0.0,0.8703,0.2222,0.0,0.0,NORMAL_DISBURSEMENT_SCHEDULE,NONE,NONE
MPLADS-000017,16.11,27.88,0,0.0,0.0,0.0,0.9249,0.2223,0.0,0.0,NORMAL_DISBURSEMENT_SCHEDULE,NONE,NONE
MPLADS-000018,41.85,68.94,0,0.0,0.0,0.0,0.8508,0.25,0.0,0.0,NORMAL_DISBURSEMENT_SCHEDULE,NONE,NONE
MPLADS-000019,25.26,40.7,0,0.0,0.0,0.0,0.895,0.2223,0.0,0.0,NORMAL_DISBURSEMENT_SCHEDULE,NONE,NONE
MPLADS-000020,40.64,67.18,0,0.0,0.0,0.0,0.9255,0.2222,0.0,0.0,NORMAL_DISBURSEMENT_SCHEDULE,NONE,NONE
MPLADS-000021,44.28,72.3,0,0.0,0.0,0.3966,0.8646,0.2222,0.0,25.0,NORMAL_DISBURSEMENT_SCHEDULE,NONE,NONE
MPLADS-000022,30.2,48.56,0,0.0,0.0,0.0,0.8874,0.25,0.0,0.0,NORMAL_DISBURSEMENT_SCHEDULE,NONE,NONE
MPLADS-000023,20.63,34.76,0,0.0,0.0,0.0,0.9265,0.2222,0.0,0.0,NORMAL_DISBURSEMENT_SCHEDULE,NONE,NONE
MPLADS-000024,78.28,95.46,1,0.0,0.0,0.0,0.9492,0.2222,0.231,0.0,PAYMENT_TIMING_ANOMALY,NONE,NONE
MPLADS-000025,95.08,99.72,1,0.0,0.0,0.0,1.5875,0.2222,0.231,0.0,PAYMENT_TIMING_ANOMALY,NONE,NONE
MPLADS-000026,81.78,97.18,1,1.0,9898000.0,0.0,0.873,0.2222,0.0,50.0,UNVERIFIED_DISBURSEMENT_BURST,NONE,NONE
MPLADS-000027,10.65,17.96,0,0.0,0.0,0.0,0.9701,0.2222,0.0,0.0,NORMAL_DISBURSEMENT_SCHEDULE,NONE,NONE
MPLADS-000028,38.01,63.12,0,0.0,0.0,0.0,0.8564,0.25,0.0,0.0,NORMAL_DISBURSEMENT_SCHEDULE,NONE,NONE
MPLADS-000029,16.94,29.28,0,0.0,0.0,0.0,0.9701,0.2222,0.0,25.0,NORMAL_DISBURSEMENT_SCHEDULE,NONE,NONE
MPLADS-000030,37.15,61.56,0,0.0,0.0,0.0,0.9778,0.2222,0.0,0.0,NORMAL_DISBURSEMENT_SCHEDULE,NONE,NONE
MPLADS-000031,38.7,64.28,0,0.0,0.0,0.0,0.8788,0.25,0.0,0.0,NORMAL_DISBURSEMENT_SCHEDULE,NONE,NONE
MPLADS-000032,39.96,66.26,0,0.0,0.0,0.0,0.8797,0.25,0.0,0.0,NORMAL_DISBURSEMENT_SCHEDULE,NONE,NONE
MPLADS-000033,48.65,76.18,0,0.0,0.0,0.0,0.9775,0.2222,0.0,0.0,NORMAL_DISBURSEMENT_SCHEDULE,NONE,NONE
MPLADS-000034,4.32,6.52,0,0.0,0.0,0.0,0.8524,0.2222,0.0,0.0,NORMAL_DISBURSEMENT_SCHEDULE,NONE,NONE
MPLADS-000035,24.1,39.26,0,0.0,0.0,0.0,0.9202,0.2222,0.0,0.0,NORMAL_DISBURSEMENT_SCHEDULE,NONE,NONE
MPLADS-000036,55.65,80.06,0,0.0,0.0,0.0,1.4293,0.2222,0.0,0.0,NORMAL_DISBURSEMENT_SCHEDULE,NONE,NONE
MPLADS-000037,69.23,90.42,0,0.0,0.0,0.0,0.8848,0.2222,0.231,0.0,PAYMENT_TIMING_ANOMALY,NONE,NONE
MPLADS-000038,30.1,48.36,0,0.0,0.0,0.0,0.9463,0.25,0.0,0.0,NORMAL_DISBURSEMENT_SCHEDULE,NONE,NONE
MPLADS-000039,17.02,29.42,0,0.0,0.0,0.0,0.9686,0.2222,0.0,0.0,NORMAL_DISBURSEMENT_SCHEDULE,NONE,NONE
MPLADS-000040,12.15,20.72,0,0.0,0.0,0.0,0.9726,0.2222,0.0,0.0,NORMAL_DISBURSEMENT_SCHEDULE,NONE,NONE
MPLADS-000041,9.91,16.56,0,0.0,0.0,0.0,0.8617,0.2222,0.0,0.0,NORMAL_DISBURSEMENT_SCHEDULE,NONE,NONE
MPLADS-000042,36.13,59.72,0,0.0,0.0,0.0,0.8666,0.25,0.0,0.0,NORMAL_DISBURSEMENT_SCHEDULE,NONE,NONE
MPLADS-000043,45.52,73.7,0,0.0,0.0,0.0,0.873,0.2222,0.0,0.0,NORMAL_DISBURSEMENT_SCHEDULE,NONE,NONE
MPLADS-000044,11.18,18.88,0,0.0,0.0,0.0,0.9223,0.2222,0.0,0.0,NORMAL_DISBURSEMENT_SCHEDULE,NONE,NONE
MPLADS-000045,74.04,93.26,0,0.0,0.0,0.0,0.4284,0.25,0.0,0.0,ELEVATED_PAYMENT_VOLATILITY,NONE,NONE
MPLADS-000046,65.09,86.82,0,0.0,0.0,0.0,1.3206,0.25,0.0,0.0,ELEVATED_PAYMENT_VOLATILITY,NONE,NONE
MPLADS-000047,31.31,50.7,0,0.0,0.0,0.0,0.9036,0.2222,0.0,0.0,NORMAL_DISBURSEMENT_SCHEDULE,NONE,NONE
MPLADS-000048,17.59,30.3,0,0.0,0.0,0.0,0.9008,0.2222,0.0,0.0,NORMAL_DISBURSEMENT_SCHEDULE,NONE,NONE
MPLADS-000049,2.5,3.62,0,0.0,0.0,0.0,0.8877,0.2222,0.0,0.0,NORMAL_DISBURSEMENT_SCHEDULE,NONE,NONE
MPLADS-000050,17.68,30.44,0,0.0,0.0,0.0,0.9478,0.2222,0.0,0.0,NORMAL_DISBURSEMENT_SCHEDULE,NONE,NONE
MPLADS-000051,18.11,31.04,0,0.0,0.0,0.0,0.8577,0.2222,0.0,0.0,NORMAL_DISBURSEMENT_SCHEDULE,NONE,NONE
MPLADS-000052,26.33,41.98,0,0.0,0.0,0.0,0.9365,0.2222,0.0,0.0,NORMAL_DISBURSEMENT_SCHEDULE,NONE,NONE
MPLADS-000053,38.65,64.2,0,0.0,0.0,0.0,0.9779,0.25,0.0,0.0,NORMAL_DISBURSEMENT_SCHEDULE,NONE,NONE
MPLADS-000054,84.2,98.4,1,0.0,0.0,0.0,0.972,0.25,0.3466,0.0,PAYMENT_TIMING_ANOMALY,NONE,NONE
MPLADS-000055,48.2,75.96,0,0.0,0.0,0.0087,0.851,0.2222,0.0,25.0,NORMAL_DISBURSEMENT_SCHEDULE,NONE,NONE
MPLADS-000056,43.43,71.22,0,0.0,0.0,0.6308,0.8957,0.2223,0.0,25.0,NORMAL_DISBURSEMENT_SCHEDULE,NONE,NONE
MPLADS-000057,35.82,59.16,0,0.0,0.0,0.0,0.8832,0.25,0.0,0.0,NORMAL_DISBURSEMENT_SCHEDULE,NONE,NONE
MPLADS-000058,18.82,32.2,0,0.0,0.0,0.0,0.9282,0.2222,0.0,0.0,NORMAL_DISBURSEMENT_SCHEDULE,NONE,NONE
MPLADS-000059,42.98,70.6,0,0.0,0.0,0.0,0.8815,0.25,0.0,0.0,NORMAL_DISBURSEMENT_SCHEDULE,NONE,NONE
MPLADS-000060,16.62,28.76,0,0.0,0.0,0.0,0.9414,0.2222,0.0,0.0,NORMAL_DISBURSEMENT_SCHEDULE,NONE,NONE
MPLADS-000061,55.07,79.7,0,0.0,0.0,0.0,0.9075,0.2222,0.0,0.0,NORMAL_DISBURSEMENT_SCHEDULE,NONE,NONE
MPLADS-000062,29.43,47.16,0,0.0,0.0,0.0,0.8616,0.2223,0.0,0.0,NORMAL_DISBURSEMENT_SCHEDULE,NONE,NONE
MPLADS-000063,52.84,78.52,0,0.0,0.0,0.0,1.3611,0.2222,0.0,0.0,NORMAL_DISBURSEMENT_SCHEDULE,NONE,NONE
MPLADS-000064,61.7,83.72,0,0.0,0.0,0.0,0.9496,0.2222,0.0,0.0,ELEVATED_PAYMENT_VOLATILITY,NONE,NONE
MPLADS-000065,66.49,88.16,0,0.0,0.0,0.0,1.3908,0.2222,0.0,0.0,ELEVATED_PAYMENT_VOLATILITY,NONE,NONE
MPLADS-000066,33.18,54.26,0,0.0,0.0,0.0,0.8961,0.25,0.0,0.0,NORMAL_DISBURSEMENT_SCHEDULE,NONE,NONE
MPLADS-000067,55.18,79.8,0,0.0,0.0,0.0,0.55,0.2222,0.0,0.0,NORMAL_DISBURSEMENT_SCHEDULE,NONE,NONE
MPLADS-000068,45.54,73.72,0,0.0,0.0,0.0,1.3205,0.2222,0.0,0.0,NORMAL_DISBURSEMENT_SCHEDULE,NONE,NONE
MPLADS-000069,12.28,21.0,0,0.0,0.0,0.0003,0.9746,0.2222,0.0,25.0,NORMAL_DISBURSEMENT_SCHEDULE,NONE,NONE
MPLADS-000070,34.35,56.42,0,0.0,0.0,0.0,0.965,0.2222,0.0,0.0,NORMAL_DISBURSEMENT_SCHEDULE,NONE,NONE
MPLADS-000071,69.92,90.88,0,0.0,0.0,0.0,0.8552,0.2222,0.0,0.0,ELEVATED_PAYMENT_VOLATILITY,NONE,NONE
MPLADS-000072,74.71,93.46,0,1.0,1944000.0,0.0,0.9848,0.2222,0.0,50.0,UNVERIFIED_DISBURSEMENT_BURST,NONE,NONE
MPLADS-000073,61.17,83.36,0,0.0,0.0,0.0,1.4286,0.2222,0.0,0.0,ELEVATED_PAYMENT_VOLATILITY,NONE,NONE
MPLADS-000074,30.05,48.28,0,0.0,0.0,0.0,0.8839,0.25,0.0,0.0,NORMAL_DISBURSEMENT_SCHEDULE,NONE,NONE
MPLADS-000075,51.34,77.7,0,0.0,0.0,0.0,1.3216,0.2222,0.0,0.0,NORMAL_DISBURSEMENT_SCHEDULE,NONE,NONE
MPLADS-000076,68.46,89.84,0,0.0,0.0,0.0,0.9175,0.2222,0.0,25.0,ROUND_NUMBER_DISBURSEMENT_CONCENTRATION,NONE,NONE
MPLADS-000077,6.75,10.64,0,0.0,0.0,0.0,0.9124,0.2222,0.0,0.0,NORMAL_DISBURSEMENT_SCHEDULE,NONE,NONE
MPLADS-000078,22.04,36.56,0,0.0,0.0,0.0,0.9494,0.2222,0.0,0.0,NORMAL_DISBURSEMENT_SCHEDULE,NONE,NONE
MPLADS-000079,31.62,51.36,0,0.0,0.0,0.0,0.9451,0.25,0.0,0.0,NORMAL_DISBURSEMENT_SCHEDULE,NONE,NONE
MPLADS-000080,63.29,85.14,0,0.0,0.0,0.0,0.8916,0.2222,0.231,0.0,PAYMENT_TIMING_ANOMALY,NONE,NONE
MPLADS-000081,17.61,30.34,0,0.0,0.0,0.0,0.886,0.2222,0.0,0.0,NORMAL_DISBURSEMENT_SCHEDULE,NONE,NONE
MPLADS-000082,28.53,45.4,0,0.0,0.0,0.0,0.8772,0.2223,0.0,0.0,NORMAL_DISBURSEMENT_SCHEDULE,NONE,NONE
MPLADS-000083,40.15,66.54,0,0.0,0.0,0.0,0.8704,0.2222,0.0,0.0,NORMAL_DISBURSEMENT_SCHEDULE,NONE,NONE
MPLADS-000084,57.62,81.34,0,0.0,0.0,0.0,0.8613,0.2222,0.0,0.0,NORMAL_DISBURSEMENT_SCHEDULE,NONE,NONE
MPLADS-000085,11.8,20.08,0,0.0,0.0,0.0,0.915,0.2222,0.0,0.0,NORMAL_DISBURSEMENT_SCHEDULE,NONE,NONE
MPLADS-000086,42.39,69.78,0,0.0,0.0,0.0,0.9123,0.2222,0.0,0.0,NORMAL_DISBURSEMENT_SCHEDULE,NONE,NONE
MPLADS-000087,7.61,12.24,0,0.0,0.0,0.0,0.9103,0.2222,0.0,0.0,NORMAL_DISBURSEMENT_SCHEDULE,NONE,NONE
MPLADS-000088,82.92,97.88,1,1.0,12785000.0,0.0,0.856,0.2222,0.0,50.0,UNVERIFIED_DISBURSEMENT_BURST,NONE,NONE
MPLADS-000089,20.52,34.6,0,0.0,0.0,0.0,0.8531,0.2223,0.0,0.0,NORMAL_DISBURSEMENT_SCHEDULE,NONE,NONE
MPLADS-000090,43.09,70.74,0,0.0,0.0,0.0,0.906,0.2222,0.0,0.0,NORMAL_DISBURSEMENT_SCHEDULE,NONE,NONE
MPLADS-000091,20.67,34.82,0,0.0,0.0,0.1583,0.9576,0.2222,0.0,25.0,NORMAL_DISBURSEMENT_SCHEDULE,NONE,NONE
MPLADS-000092,7.71,12.44,0,0.0,0.0,0.0,0.8775,0.2222,0.0,0.0,NORMAL_DISBURSEMENT_SCHEDULE,NONE,NONE
MPLADS-000093,8.82,14.56,0,0.0,0.0,0.0,0.929,0.2222,0.0,0.0,NORMAL_DISBURSEMENT_SCHEDULE,NONE,NONE
MPLADS-000094,43.15,70.84,0,0.0,0.0,0.0,0.9209,0.2222,0.0,0.0,NORMAL_DISBURSEMENT_SCHEDULE,NONE,NONE
MPLADS-000095,56.86,80.86,0,0.0,0.0,0.0,1.5779,0.2222,0.0,0.0,NORMAL_DISBURSEMENT_SCHEDULE,NONE,NONE
MPLADS-000096,18.46,31.64,0,0.0,0.0,0.0,0.8682,0.2222,0.0,0.0,NORMAL_DISBURSEMENT_SCHEDULE,NONE,NONE
MPLADS-000097,82.46,97.52,1,0.0,0.0,0.6885,0.447,0.2222,0.0,25.0,STATUTORY_CEILING_SMURFING,NONE,NONE
MPLADS-000098,15.26,26.5,0,0.0,0.0,0.0,0.8781,0.2222,0.0,0.0,NORMAL_DISBURSEMENT_SCHEDULE,NONE,NONE
MPLADS-000099,80.71,96.68,1,0.0,0.0,0.0,0.9653,0.2223,0.231,0.0,PAYMENT_TIMING_ANOMALY,NONE,NONE
MPLADS-000100,22.26,36.84,0,0.0,0.0,0.0,0.9081,0.2223,0.0,0.0,NORMAL_DISBURSEMENT_SCHEDULE,NONE,NONE
MPLADS-000101,9.2,15.24,0,0.0,0.0,0.0743,0.9566,0.2222,0.0,25.0,NORMAL_DISBURSEMENT_SCHEDULE,NONE,NONE
MPLADS-000102,41.43,68.32,0,0.0,0.0,0.0,0.8978,0.2222,0.0,0.0,NORMAL_DISBURSEMENT_SCHEDULE,NONE,NONE
MPLADS-000103,62.41,84.3,0,1.0,3258000.0,0.0,0.897,0.2222,0.0,50.0,UNVERIFIED_DISBURSEMENT_BURST,NONE,NONE
MPLADS-000104,13.07,22.58,0,0.0,0.0,0.0,0.9494,0.2222,0.0,0.0,NORMAL_DISBURSEMENT_SCHEDULE,NONE,NONE
MPLADS-000105,26.94,42.92,0,0.0,0.0,0.0,0.9061,0.25,0.0,0.0,NORMAL_DISBURSEMENT_SCHEDULE,NONE,NONE
MPLADS-000106,40.49,67.06,0,0.0,0.0,0.0,0.9689,0.25,0.0,0.0,NORMAL_DISBURSEMENT_SCHEDULE,NONE,NONE
MPLADS-000107,9.26,15.36,0,0.0,0.0,0.0002,0.9695,0.2222,0.0,25.0,NORMAL_DISBURSEMENT_SCHEDULE,NONE,NONE
MPLADS-000108,16.48,28.54,0,0.0,0.0,0.0,0.9434,0.2223,0.0,0.0,NORMAL_DISBURSEMENT_SCHEDULE,NONE,NONE
MPLADS-000109,31.28,50.64,0,0.0,0.0,0.0,0.9347,0.25,0.0,0.0,NORMAL_DISBURSEMENT_SCHEDULE,NONE,NONE
MPLADS-000110,35.51,58.6,0,0.0,0.0,0.0,0.957,0.25,0.0,0.0,NORMAL_DISBURSEMENT_SCHEDULE,NONE,NONE
MPLADS-000111,7.82,12.66,0,0.0,0.0,0.0,0.857,0.2222,0.0,0.0,NORMAL_DISBURSEMENT_SCHEDULE,NONE,NONE
MPLADS-000112,40.84,67.48,0,0.0,0.0,0.0,0.9443,0.2222,0.0,0.0,NORMAL_DISBURSEMENT_SCHEDULE,NONE,NONE
MPLADS-000113,24.08,39.22,0,0.0,0.0,0.0,0.8644,0.2222,0.0,0.0,NORMAL_DISBURSEMENT_SCHEDULE,NONE,NONE
MPLADS-000114,31.68,51.48,0,0.0,0.0,0.0,0.9437,0.25,0.0,0.0,NORMAL_DISBURSEMENT_SCHEDULE,NONE,NONE
MPLADS-000115,10.37,17.42,0,0.0,0.0,0.0,0.8781,0.2222,0.0,0.0,NORMAL_DISBURSEMENT_SCHEDULE,NONE,NONE
MPLADS-000116,35.12,57.9,0,0.0,0.0,0.0,0.9037,0.25,0.0,0.0,NORMAL_DISBURSEMENT_SCHEDULE,NONE,NONE
MPLADS-000117,15.67,27.14,0,0.0,0.0,0.0,0.8803,0.2222,0.0,0.0,NORMAL_DISBURSEMENT_SCHEDULE,NONE,NONE
MPLADS-000118,7.3,11.64,0,0.0,0.0,0.0,0.8651,0.2222,0.0,0.0,NORMAL_DISBURSEMENT_SCHEDULE,NONE,NONE
MPLADS-000119,59.33,82.34,0,0.0,0.0,0.0,1.5429,0.2222,0.0,0.0,NORMAL_DISBURSEMENT_SCHEDULE,NONE,NONE
MPLADS-000120,85.96,98.98,1,1.0,3165000.0,0.0,0.9571,0.2222,0.231,50.0,UNVERIFIED_DISBURSEMENT_BURST,PAYMENT_TIMING_ANOMALY,NONE
MPLADS-000121,9.04,14.94,0,0.0,0.0,0.0,0.9079,0.2222,0.0,0.0,NORMAL_DISBURSEMENT_SCHEDULE,NONE,NONE
MPLADS-000122,65.71,87.42,0,0.0,0.0,0.0307,0.9482,0.2222,0.0,25.0,STATUTORY_CEILING_SMURFING,NONE,NONE
MPLADS-000123,15.55,26.9,0,0.0,0.0,0.0,0.954,0.2222,0.0,0.0,NORMAL_DISBURSEMENT_SCHEDULE,NONE,NONE
MPLADS-000124,29.64,47.54,0,0.0,0.0,0.0,0.9298,0.25,0.0,0.0,NORMAL_DISBURSEMENT_SCHEDULE,NONE,NONE
MPLADS-000125,91.82,99.52,1,0.0,0.0,0.5823,1.5816,0.2222,0.231,25.0,STATUTORY_CEILING_SMURFING,PAYMENT_TIMING_ANOMALY,NONE
MPLADS-000126,38.63,64.16,0,0.0,0.0,0.0,0.9071,0.25,0.0,0.0,NORMAL_DISBURSEMENT_SCHEDULE,NONE,NONE
MPLADS-000127,26.26,41.88,0,0.0,0.0,0.0,0.9157,0.2222,0.0,0.0,NORMAL_DISBURSEMENT_SCHEDULE,NONE,NONE
MPLADS-000128,72.49,92.38,0,0.0,0.0,0.0,0.8843,0.2222,0.0,0.0,ELEVATED_PAYMENT_VOLATILITY,NONE,NONE
MPLADS-000129,69.29,90.52,0,1.0,2345000.0,0.0,0.8721,0.2222,0.0,50.0,UNVERIFIED_DISBURSEMENT_BURST,NONE,NONE
MPLADS-000130,28.71,45.74,0,0.0,0.0,0.0,0.9057,0.25,0.0,0.0,NORMAL_DISBURSEMENT_SCHEDULE,NONE,NONE
MPLADS-000131,53.42,78.86,0,0.0,0.0,0.0,1.4445,0.2222,0.0,0.0,NORMAL_DISBURSEMENT_SCHEDULE,NONE,NONE
MPLADS-000132,43.24,70.96,0,0.0,0.0,0.8353,0.897,0.2222,0.0,25.0,NORMAL_DISBURSEMENT_SCHEDULE,NONE,NONE
MPLADS-000133,7.47,11.98,0,0.0,0.0,0.0,0.9465,0.2222,0.0,0.0,NORMAL_DISBURSEMENT_SCHEDULE,NONE,NONE
MPLADS-000134,8.72,14.38,0,0.0,0.0,0.0,0.9522,0.2222,0.0,0.0,NORMAL_DISBURSEMENT_SCHEDULE,NONE,NONE
MPLADS-000135,16.67,28.86,0,0.0,0.0,0.0,0.9421,0.2223,0.0,0.0,NORMAL_DISBURSEMENT_SCHEDULE,NONE,NONE
MPLADS-000136,64.17,85.84,0,1.0,1936000.0,0.0,0.8971,0.2222,0.0,50.0,UNVERIFIED_DISBURSEMENT_BURST,NONE,NONE
MPLADS-000137,37.57,62.3,0,0.0,0.0,0.2606,0.8554,0.2222,0.0,25.0,NORMAL_DISBURSEMENT_SCHEDULE,NONE,NONE
MPLADS-000138,66.68,88.34,0,0.0,0.0,0.0,0.871,0.2222,0.231,0.0,PAYMENT_TIMING_ANOMALY,NONE,NONE
MPLADS-000139,48.97,76.4,0,0.0,0.0,0.0,1.3026,0.2222,0.0,0.0,NORMAL_DISBURSEMENT_SCHEDULE,NONE,NONE
MPLADS-000140,53.43,78.88,0,0.0,0.0,0.0,0.5071,0.2223,0.0,0.0,NORMAL_DISBURSEMENT_SCHEDULE,NONE,NONE
MPLADS-000141,26.65,42.48,0,0.0,0.0,0.0,0.9066,0.25,0.0,0.0,NORMAL_DISBURSEMENT_SCHEDULE,NONE,NONE
MPLADS-000142,21.16,35.4,0,0.0,0.0,0.0,0.914,0.2222,0.0,0.0,NORMAL_DISBURSEMENT_SCHEDULE,NONE,NONE
MPLADS-000143,25.68,41.14,0,0.0,0.0,0.0,0.8964,0.2223,0.0,0.0,NORMAL_DISBURSEMENT_SCHEDULE,NONE,NONE
MPLADS-000144,42.48,69.92,0,0.0,0.0,0.0,0.8685,0.25,0.0,0.0,NORMAL_DISBURSEMENT_SCHEDULE,NONE,NONE
MPLADS-000145,10.31,17.32,0,0.0,0.0,0.0,0.8745,0.2222,0.0,0.0,NORMAL_DISBURSEMENT_SCHEDULE,NONE,NONE
MPLADS-000146,64.39,86.1,0,1.0,1947000.0,0.0,0.8822,0.2222,0.0,50.0,UNVERIFIED_DISBURSEMENT_BURST,NONE,NONE
MPLADS-000147,27.03,43.06,0,0.0,0.0,0.0,0.904,0.25,0.0,0.0,NORMAL_DISBURSEMENT_SCHEDULE,NONE,NONE
MPLADS-000148,70.0,90.94,0,0.0,0.0,0.0,0.9284,0.2222,0.231,0.0,PAYMENT_TIMING_ANOMALY,NONE,NONE
MPLADS-000149,10.95,18.48,0,0.0,0.0,0.0,0.9023,0.2222,0.0,0.0,NORMAL_DISBURSEMENT_SCHEDULE,NONE,NONE
MPLADS-000150,57.5,81.24,0,0.0,0.0,0.0,0.5671,0.2223,0.0,0.0,NORMAL_DISBURSEMENT_SCHEDULE,NONE,NONE
MPLADS-000151,28.17,44.78,0,0.0,0.0,0.0,0.8905,0.25,0.0,0.0,NORMAL_DISBURSEMENT_SCHEDULE,NONE,NONE
MPLADS-000152,33.97,55.74,0,0.0,0.0,0.0,0.9183,0.25,0.0,0.0,NORMAL_DISBURSEMENT_SCHEDULE,NONE,NONE
MPLADS-000153,37.55,62.26,0,0.0,0.0,0.0,0.9499,0.25,0.0,0.0,NORMAL_DISBURSEMENT_SCHEDULE,NONE,NONE
MPLADS-000154,44.31,72.35,0,0.0,0.0,0.0,0.8929,0.2222,0.0,0.0,NORMAL_DISBURSEMENT_SCHEDULE,NONE,NONE
MPLADS-000155,32.96,53.88,0,0.0,0.0,0.0,0.9213,0.2222,0.0,0.0,NORMAL_DISBURSEMENT_SCHEDULE,NONE,NONE
MPLADS-000156,28.11,44.68,0,0.0,0.0,0.0,0.9626,0.2222,0.0,0.0,NORMAL_DISBURSEMENT_SCHEDULE,NONE,NONE
MPLADS-000157,44.4,72.46,0,0.0,0.0,0.0,0.9394,0.2222,0.0,0.0,NORMAL_DISBURSEMENT_SCHEDULE,NONE,NONE
MPLADS-000158,3.34,4.88,0,0.0,0.0,0.0,0.8837,0.2222,0.0,0.0,NORMAL_DISBURSEMENT_SCHEDULE,NONE,NONE
MPLADS-000159,13.63,23.6,0,0.0,0.0,0.0,0.8807,0.2223,0.0,0.0,NORMAL_DISBURSEMENT_SCHEDULE,NONE,NONE
MPLADS-000160,7.56,12.14,0,0.0,0.0,0.0,0.9584,0.2222,0.0,0.0,NORMAL_DISBURSEMENT_SCHEDULE,NONE,NONE
MPLADS-000161,43.71,71.6,0,0.0,0.0,0.0,0.9161,0.2222,0.0,0.0,NORMAL_DISBURSEMENT_SCHEDULE,NONE,NONE
MPLADS-000162,2.07,2.94,0,0.0,0.0,0.0,0.9623,0.2222,0.0,0.0,NORMAL_DISBURSEMENT_SCHEDULE,NONE,NONE
MPLADS-000163,35.25,58.14,0,0.0,0.0,0.0,0.8784,0.25,0.0,0.0,NORMAL_DISBURSEMENT_SCHEDULE,NONE,NONE
MPLADS-000164,31.74,51.6,0,0.0,0.0,0.0,0.9365,0.25,0.0,0.0,NORMAL_DISBURSEMENT_SCHEDULE,NONE,NONE
MPLADS-000165,2.83,4.08,0,0.0,0.0,0.0,0.8836,0.2222,0.0,0.0,NORMAL_DISBURSEMENT_SCHEDULE,NONE,NONE
MPLADS-000166,35.62,58.8,0,0.0,0.0,0.0,0.889,0.2222,0.0,0.0,NORMAL_DISBURSEMENT_SCHEDULE,NONE,NONE
MPLADS-000167,18.83,32.22,0,0.0,0.0,0.0,0.8622,0.2222,0.0,0.0,NORMAL_DISBURSEMENT_SCHEDULE,NONE,NONE
MPLADS-000168,16.95,29.3,0,0.0,0.0,0.0,0.8547,0.2222,0.0,0.0,NORMAL_DISBURSEMENT_SCHEDULE,NONE,NONE
MPLADS-000169,48.49,76.14,0,0.0,0.0,0.0,0.6362,0.2222,0.0,0.0,NORMAL_DISBURSEMENT_SCHEDULE,NONE,NONE
MPLADS-000170,27.76,44.14,0,0.0,0.0,0.0,0.9756,0.2223,0.0,0.0,NORMAL_DISBURSEMENT_SCHEDULE,NONE,NONE
MPLADS-000171,84.98,98.76,1,1.0,14688000.0,0.0002,0.8546,0.2222,0.0,75.0,UNVERIFIED_DISBURSEMENT_BURST,STATUTORY_CEILING_SMURFING,NONE
MPLADS-000172,63.81,85.56,0,0.0,0.0,0.0,1.3368,0.2222,0.0,0.0,ELEVATED_PAYMENT_VOLATILITY,NONE,NONE
MPLADS-000173,2.25,3.22,0,0.0,0.0,0.0,0.8666,0.2222,0.0,0.0,NORMAL_DISBURSEMENT_SCHEDULE,NONE,NONE
MPLADS-000174,5.82,8.98,0,0.0,0.0,0.0,0.8979,0.2222,0.0,0.0,NORMAL_DISBURSEMENT_SCHEDULE,NONE,NONE
MPLADS-000175,66.19,87.92,0,1.0,3082000.0,0.0,0.8826,0.2222,0.0,50.0,UNVERIFIED_DISBURSEMENT_BURST,NONE,NONE
MPLADS-000176,17.63,30.38,0,0.0,0.0,0.0,0.8545,0.2222,0.0,0.0,NORMAL_DISBURSEMENT_SCHEDULE,NONE,NONE
MPLADS-000177,21.4,35.7,0,0.0,0.0,0.0,0.9333,0.2222,0.0,0.0,NORMAL_DISBURSEMENT_SCHEDULE,NONE,NONE
MPLADS-000178,17.62,30.36,0,0.0,0.0,0.0,0.9308,0.2223,0.0,0.0,NORMAL_DISBURSEMENT_SCHEDULE,NONE,NONE
MPLADS-000179,12.14,20.7,0,0.0,0.0,0.0,0.8598,0.2222,0.0,0.0,NORMAL_DISBURSEMENT_SCHEDULE,NONE,NONE
MPLADS-000180,61.38,83.52,0,1.0,2457000.0,0.0,0.9461,0.2222,0.0,50.0,UNVERIFIED_DISBURSEMENT_BURST,NONE,NONE
MPLADS-000181,70.03,90.98,0,0.0,0.0,0.0,0.9651,0.2222,0.231,0.0,PAYMENT_TIMING_ANOMALY,NONE,NONE
MPLADS-000182,66.0,87.72,0,0.0,0.0,0.0,0.8692,0.2222,0.231,0.0,PAYMENT_TIMING_ANOMALY,NONE,NONE
MPLADS-000183,9.84,16.42,0,0.0,0.0,0.0,0.8668,0.2222,0.0,0.0,NORMAL_DISBURSEMENT_SCHEDULE,NONE,NONE
MPLADS-000184,18.14,31.1,0,0.0,0.0,0.0,0.8978,0.2222,0.0,0.0,NORMAL_DISBURSEMENT_SCHEDULE,NONE,NONE
MPLADS-000185,9.49,15.76,0,0.0,0.0,0.0,0.8881,0.2223,0.0,0.0,NORMAL_DISBURSEMENT_SCHEDULE,NONE,NONE
MPLADS-000186,21.19,35.44,0,0.0,0.0,0.0,0.9774,0.2222,0.0,0.0,NORMAL_DISBURSEMENT_SCHEDULE,NONE,NONE
MPLADS-000187,23.38,38.32,0,0.0,0.0,0.0,0.881,0.2222,0.0,0.0,NORMAL_DISBURSEMENT_SCHEDULE,NONE,NONE
MPLADS-000188,26.14,41.76,0,0.0,0.0,0.0,0.8849,0.2222,0.0,0.0,NORMAL_DISBURSEMENT_SCHEDULE,NONE,NONE
MPLADS-000189,35.69,58.93,0,0.0,0.0,0.0,0.9741,0.25,0.0,0.0,NORMAL_DISBURSEMENT_SCHEDULE,NONE,NONE
MPLADS-000190,7.75,12.52,0,0.0,0.0,0.0,0.9056,0.2222,0.0,0.0,NORMAL_DISBURSEMENT_SCHEDULE,NONE,NONE
MPLADS-000191,46.33,74.5,0,0.0,0.0,0.0,0.8545,0.2222,0.0,25.0,NORMAL_DISBURSEMENT_SCHEDULE,NONE,NONE
MPLADS-000192,20.9,35.08,0,0.0,0.0,0.0561,0.9197,0.2222,0.0,25.0,NORMAL_DISBURSEMENT_SCHEDULE,NONE,NONE
MPLADS-000193,23.22,38.14,0,0.0,0.0,0.0,0.8906,0.2222,0.0,0.0,NORMAL_DISBURSEMENT_SCHEDULE,NONE,NONE
MPLADS-000194,7.11,11.28,0,0.0,0.0,0.0,0.9262,0.2222,0.0,0.0,NORMAL_DISBURSEMENT_SCHEDULE,NONE,NONE
MPLADS-000195,29.02,46.34,0,0.0,0.0,0.0,0.9016,0.25,0.0,0.0,NORMAL_DISBURSEMENT_SCHEDULE,NONE,NONE
MPLADS-000196,9.82,16.36,0,0.0,0.0,0.0,0.9791,0.2222,0.0,0.0,NORMAL_DISBURSEMENT_SCHEDULE,NONE,NONE
MPLADS-000197,1.83,2.56,0,0.0,0.0,0.0,0.9323,0.2222,0.0,0.0,NORMAL_DISBURSEMENT_SCHEDULE,NONE,NONE
MPLADS-000198,39.54,65.58,0,0.0,0.0,0.0,0.8942,0.25,0.0,0.0,NORMAL_DISBURSEMENT_SCHEDULE,NONE,NONE
MPLADS-000199,61.74,83.74,0,0.0,0.0,0.0,0.8954,0.2222,0.0,0.0,ELEVATED_PAYMENT_VOLATILITY,NONE,NONE
MPLADS-000200,36.56,60.48,0,0.0,0.0,0.0,0.8782,0.2222,0.0,25.0,NORMAL_DISBURSEMENT_SCHEDULE,NONE,NONE
MPLADS-000201,0.99,1.12,0,0.0,0.0,0.0,0.9269,0.2222,0.0,0.0,NORMAL_DISBURSEMENT_SCHEDULE,NONE,NONE
MPLADS-000202,72.85,92.58,0,1.0,3109000.0,0.0,1.0,0.2222,0.0,50.0,UNVERIFIED_DISBURSEMENT_BURST,NONE,NONE
MPLADS-000203,34.87,57.4,0,0.0,0.0,0.0,0.9581,0.25,0.0,0.0,NORMAL_DISBURSEMENT_SCHEDULE,NONE,NONE
MPLADS-000204,75.77,93.9,0,0.0,0.0,0.0,0.8681,0.2222,0.231,0.0,PAYMENT_TIMING_ANOMALY,NONE,NONE
MPLADS-000205,10.2,17.12,0,0.0,0.0,0.0,0.9194,0.2222,0.0,0.0,NORMAL_DISBURSEMENT_SCHEDULE,NONE,NONE
MPLADS-000206,12.84,22.1,0,0.0,0.0,0.0,0.9081,0.2223,0.0,0.0,NORMAL_DISBURSEMENT_SCHEDULE,NONE,NONE
MPLADS-000207,10.63,17.92,0,0.0,0.0,0.0,0.8551,0.2222,0.0,0.0,NORMAL_DISBURSEMENT_SCHEDULE,NONE,NONE
MPLADS-000208,10.38,17.44,0,0.0,0.0,0.0,0.9704,0.2222,0.0,0.0,NORMAL_DISBURSEMENT_SCHEDULE,NONE,NONE
MPLADS-000209,11.64,19.78,0,0.0,0.0,0.0,0.9093,0.2222,0.0,0.0,NORMAL_DISBURSEMENT_SCHEDULE,NONE,NONE
MPLADS-000210,71.51,91.86,0,0.0,0.0,0.0,0.89,0.2223,0.231,0.0,PAYMENT_TIMING_ANOMALY,NONE,NONE
MPLADS-000211,14.02,24.38,0,0.0,0.0,0.0,0.9408,0.2222,0.0,0.0,NORMAL_DISBURSEMENT_SCHEDULE,NONE,NONE
MPLADS-000212,13.24,22.88,0,0.0,0.0,0.0,0.8529,0.2222,0.0,0.0,NORMAL_DISBURSEMENT_SCHEDULE,NONE,NONE
MPLADS-000213,67.08,88.68,0,0.0,0.0,0.0,0.9633,0.2222,0.231,0.0,PAYMENT_TIMING_ANOMALY,NONE,NONE
MPLADS-000214,29.55,47.38,0,0.0,0.0,0.0,0.8839,0.2222,0.0,0.0,NORMAL_DISBURSEMENT_SCHEDULE,NONE,NONE
MPLADS-000215,15.35,26.66,0,0.0,0.0,0.0,0.867,0.2222,0.0,0.0,NORMAL_DISBURSEMENT_SCHEDULE,NONE,NONE
MPLADS-000216,47.24,75.24,0,0.0,0.0,0.0,0.8596,0.2222,0.0,0.0,NORMAL_DISBURSEMENT_SCHEDULE,NONE,NONE
MPLADS-000217,37.6,62.36,0,0.0,0.0,0.0,0.9099,0.25,0.0,0.0,NORMAL_DISBURSEMENT_SCHEDULE,NONE,NONE
MPLADS-000218,42.18,69.5,0,0.0,0.0,0.0,0.9793,0.25,0.0,0.0,NORMAL_DISBURSEMENT_SCHEDULE,NONE,NONE
MPLADS-000219,5.35,8.16,0,0.0,0.0,0.0,0.9124,0.2222,0.0,0.0,NORMAL_DISBURSEMENT_SCHEDULE,NONE,NONE
MPLADS-000220,10.58,17.82,0,0.0,0.0,0.0,0.8714,0.2222,0.0,0.0,NORMAL_DISBURSEMENT_SCHEDULE,NONE,NONE
MPLADS-000221,58.47,81.76,0,0.0,0.0,0.0,0.9721,0.2222,0.0,0.0,NORMAL_DISBURSEMENT_SCHEDULE,NONE,NONE
MPLADS-000222,1.31,1.66,0,0.0,0.0,0.0,0.9479,0.2222,0.0,0.0,NORMAL_DISBURSEMENT_SCHEDULE,NONE,NONE
MPLADS-000223,53.98,79.16,0,0.0,0.0,0.0,0.9424,0.2222,0.0,0.0,NORMAL_DISBURSEMENT_SCHEDULE,NONE,NONE
MPLADS-000224,73.81,93.14,0,0.0,0.0,0.4636,0.8655,0.2222,0.231,25.0,STATUTORY_CEILING_SMURFING,PAYMENT_TIMING_ANOMALY,NONE
MPLADS-000225,32.54,53.1,0,0.0,0.0,0.0,0.9108,0.25,0.0,0.0,NORMAL_DISBURSEMENT_SCHEDULE,NONE,NONE
MPLADS-000226,59.62,82.5,0,0.0,0.0,0.0,0.9268,0.2222,0.231,0.0,NORMAL_DISBURSEMENT_SCHEDULE,NONE,NONE
MPLADS-000227,39.35,65.32,0,0.0,0.0,0.0,0.8797,0.25,0.0,0.0,NORMAL_DISBURSEMENT_SCHEDULE,NONE,NONE
MPLADS-000228,2.2,3.14,0,0.0,0.0,0.0,0.9506,0.2222,0.0,0.0,NORMAL_DISBURSEMENT_SCHEDULE,NONE,NONE
MPLADS-000229,21.55,35.86,0,0.0,0.0,0.0,0.94,0.2222,0.0,0.0,NORMAL_DISBURSEMENT_SCHEDULE,NONE,NONE
MPLADS-000230,15.24,26.46,0,0.0,0.0,0.0018,0.961,0.2222,0.0,25.0,NORMAL_DISBURSEMENT_SCHEDULE,NONE,NONE
MPLADS-000231,79.18,95.84,1,1.0,964000.0,0.0,0.9405,0.25,0.0,50.0,UNVERIFIED_DISBURSEMENT_BURST,NONE,NONE
MPLADS-000232,38.1,63.26,0,0.0,0.0,0.0,0.8759,0.25,0.0,0.0,NORMAL_DISBURSEMENT_SCHEDULE,NONE,NONE
MPLADS-000233,57.12,81.0,0,0.0,0.0,0.5437,0.9784,0.2222,0.0,25.0,NORMAL_DISBURSEMENT_SCHEDULE,NONE,NONE
MPLADS-000234,33.28,54.42,0,0.0,0.0,0.0,0.9229,0.25,0.0,0.0,NORMAL_DISBURSEMENT_SCHEDULE,NONE,NONE
MPLADS-000235,33.3,54.46,0,0.0,0.0,0.0,0.8635,0.25,0.0,0.0,NORMAL_DISBURSEMENT_SCHEDULE,NONE,NONE
MPLADS-000236,12.0,20.48,0,0.0,0.0,0.0,0.9652,0.2222,0.0,0.0,NORMAL_DISBURSEMENT_SCHEDULE,NONE,NONE
MPLADS-000237,14.68,25.56,0,0.0,0.0,0.0,0.8697,0.2223,0.0,0.0,NORMAL_DISBURSEMENT_SCHEDULE,NONE,NONE
MPLADS-000238,8.42,13.82,0,0.0,0.0,0.0,0.9519,0.2222,0.0,0.0,NORMAL_DISBURSEMENT_SCHEDULE,NONE,NONE
MPLADS-000239,11.22,18.96,0,0.0,0.0,0.0,0.9563,0.2222,0.0,0.0,NORMAL_DISBURSEMENT_SCHEDULE,NONE,NONE
MPLADS-000240,29.79,47.82,0,0.0,0.0,0.0,0.9068,0.25,0.0,0.0,NORMAL_DISBURSEMENT_SCHEDULE,NONE,NONE
MPLADS-000241,0.65,0.68,0,0.0,0.0,0.0,0.9344,0.2222,0.0,0.0,NORMAL_DISBURSEMENT_SCHEDULE,NONE,NONE
MPLADS-000242,41.47,68.39,0,0.0,0.0,0.0,0.8854,0.25,0.0,0.0,NORMAL_DISBURSEMENT_SCHEDULE,NONE,NONE
MPLADS-000243,8.47,13.9,0,0.0,0.0,0.0,0.9277,0.2222,0.0,0.0,NORMAL_DISBURSEMENT_SCHEDULE,NONE,NONE
MPLADS-000244,0.26,0.2,0,0.0,0.0,0.0,0.9355,0.2222,0.0,0.0,NORMAL_DISBURSEMENT_SCHEDULE,NONE,NONE
MPLADS-000245,32.67,53.34,0,0.0,0.0,0.0,0.8869,0.25,0.0,0.0,NORMAL_DISBURSEMENT_SCHEDULE,NONE,NONE
MPLADS-000246,20.73,34.88,0,0.0,0.0,0.0,0.918,0.2222,0.0,0.0,NORMAL_DISBURSEMENT_SCHEDULE,NONE,NONE
MPLADS-000247,27.24,43.32,0,0.0,0.0,0.0,0.9428,0.2222,0.0,0.0,NORMAL_DISBURSEMENT_SCHEDULE,NONE,NONE
MPLADS-000248,76.42,94.36,0,1.0,2111000.0,0.0617,0.8648,0.2222,0.0,75.0,UNVERIFIED_DISBURSEMENT_BURST,STATUTORY_CEILING_SMURFING,NONE
MPLADS-000249,2.72,3.98,0,0.0,0.0,0.0,0.9752,0.2222,0.0,0.0,NORMAL_DISBURSEMENT_SCHEDULE,NONE,NONE
MPLADS-000250,83.61,98.22,1,1.0,648000.0,0.0,0.9803,0.25,0.0,50.0,UNVERIFIED_DISBURSEMENT_BURST,NONE,NONE
MPLADS-000251,12.97,22.36,0,0.0,0.0,0.0,0.9709,0.2222,0.0,0.0,NORMAL_DISBURSEMENT_SCHEDULE,NONE,NONE
MPLADS-000252,1.37,1.78,0,0.0,0.0,0.0,0.9545,0.2222,0.0,0.0,NORMAL_DISBURSEMENT_SCHEDULE,NONE,NONE
MPLADS-000253,32.15,52.38,0,0.0,0.0,0.0,0.9182,0.25,0.0,0.0,NORMAL_DISBURSEMENT_SCHEDULE,NONE,NONE
MPLADS-000254,43.19,70.92,0,0.0,0.0,0.0,0.8848,0.25,0.0,0.0,NORMAL_DISBURSEMENT_SCHEDULE,NONE,NONE
MPLADS-000255,80.23,96.42,1,1.0,524000.0,0.0,0.9458,0.25,0.0,50.0,UNVERIFIED_DISBURSEMENT_BURST,NONE,NONE
MPLADS-000256,2.98,4.32,0,0.0,0.0,0.0,0.8675,0.2222,0.0,0.0,NORMAL_DISBURSEMENT_SCHEDULE,NONE,NONE
MPLADS-000257,33.6,55.02,0,0.0,0.0,0.0,0.9367,0.2222,0.0,0.0,NORMAL_DISBURSEMENT_SCHEDULE,NONE,NONE
MPLADS-000258,73.51,92.88,0,1.0,2022000.0,0.0,0.9322,0.2222,0.0,50.0,UNVERIFIED_DISBURSEMENT_BURST,NONE,NONE
MPLADS-000259,83.17,98.02,1,0.0,0.0,0.0,0.8909,0.25,0.3466,0.0,PAYMENT_TIMING_ANOMALY,NONE,NONE
MPLADS-000260,9.67,16.1,0,0.0,0.0,0.0,0.9503,0.2222,0.0,0.0,NORMAL_DISBURSEMENT_SCHEDULE,NONE,NONE
MPLADS-000261,46.88,74.94,0,0.0,0.0,0.0,0.861,0.25,0.0,0.0,NORMAL_DISBURSEMENT_SCHEDULE,NONE,NONE
MPLADS-000262,1.22,1.52,0,0.0,0.0,0.0,0.8975,0.2222,0.0,0.0,NORMAL_DISBURSEMENT_SCHEDULE,NONE,NONE
MPLADS-000263,53.19,78.76,0,0.0,0.0,0.0,0.9633,0.2222,0.0,0.0,NORMAL_DISBURSEMENT_SCHEDULE,NONE,NONE
MPLADS-000264,58.95,82.12,0,0.0,0.0,0.0,0.8732,0.2222,0.0,0.0,NORMAL_DISBURSEMENT_SCHEDULE,NONE,NONE
MPLADS-000265,18.97,32.44,0,0.0,0.0,0.0,0.8854,0.2222,0.0,0.0,NORMAL_DISBURSEMENT_SCHEDULE,NONE,NONE
MPLADS-000266,71.18,91.62,0,1.0,3230000.0,0.0,0.9276,0.2222,0.0,50.0,UNVERIFIED_DISBURSEMENT_BURST,NONE,NONE
MPLADS-000267,73.55,92.92,0,1.0,1442000.0,0.0678,1.0,0.2223,0.0,75.0,UNVERIFIED_DISBURSEMENT_BURST,STATUTORY_CEILING_SMURFING,NONE
MPLADS-000268,16.1,27.86,0,0.0,0.0,0.0,0.9455,0.2222,0.0,0.0,NORMAL_DISBURSEMENT_SCHEDULE,NONE,NONE
MPLADS-000269,12.89,22.2,0,0.0,0.0,0.0,0.8872,0.2223,0.0,0.0,NORMAL_DISBURSEMENT_SCHEDULE,NONE,NONE
MPLADS-000270,21.48,35.76,0,0.0,0.0,0.0,0.9451,0.2222,0.0,0.0,NORMAL_DISBURSEMENT_SCHEDULE,NONE,NONE
MPLADS-000271,73.17,92.8,0,1.0,2935000.0,0.0,0.8851,0.2222,0.0,50.0,UNVERIFIED_DISBURSEMENT_BURST,NONE,NONE
MPLADS-000272,20.33,34.3,0,0.0,0.0,0.0,0.8882,0.2222,0.0,0.0,NORMAL_DISBURSEMENT_SCHEDULE,NONE,NONE
MPLADS-000273,77.96,95.24,1,1.0,706000.0,0.0,0.8971,0.25,0.0,50.0,UNVERIFIED_DISBURSEMENT_BURST,NONE,NONE
MPLADS-000274,9.41,15.62,0,0.0,0.0,0.0,0.9139,0.2222,0.0,0.0,NORMAL_DISBURSEMENT_SCHEDULE,NONE,NONE
MPLADS-000275,34.61,56.9,0,0.0,0.0,0.0,0.9512,0.25,0.0,0.0,NORMAL_DISBURSEMENT_SCHEDULE,NONE,NONE
MPLADS-000276,45.75,73.96,0,0.0,0.0,0.4636,0.9272,0.2222,0.0,25.0,NORMAL_DISBURSEMENT_SCHEDULE,NONE,NONE
MPLADS-000277,25.92,41.42,0,0.0,0.0,0.0,0.8651,0.2223,0.0,0.0,NORMAL_DISBURSEMENT_SCHEDULE,NONE,NONE
MPLADS-000278,1.36,1.76,0,0.0,0.0,0.0,0.8907,0.2222,0.0,0.0,NORMAL_DISBURSEMENT_SCHEDULE,NONE,NONE
MPLADS-000279,72.51,92.4,0,0.0,0.0,0.6308,0.9478,0.2222,0.231,25.0,STATUTORY_CEILING_SMURFING,PAYMENT_TIMING_ANOMALY,NONE
MPLADS-000280,23.09,37.96,0,0.0,0.0,0.0,0.9553,0.2223,0.0,0.0,NORMAL_DISBURSEMENT_SCHEDULE,NONE,NONE
MPLADS-000281,36.04,59.56,0,0.0,0.0,0.0091,0.8584,0.2222,0.0,25.0,NORMAL_DISBURSEMENT_SCHEDULE,NONE,NONE
MPLADS-000282,83.37,98.08,1,0.0,0.0,0.0,0.9149,0.25,0.3466,0.0,PAYMENT_TIMING_ANOMALY,NONE,NONE
MPLADS-000283,18.68,31.98,0,0.0,0.0,0.0,0.9512,0.2222,0.0,0.0,NORMAL_DISBURSEMENT_SCHEDULE,NONE,NONE
MPLADS-000284,11.92,20.32,0,0.0,0.0,0.0,0.8647,0.2222,0.0,0.0,NORMAL_DISBURSEMENT_SCHEDULE,NONE,NONE
MPLADS-000285,2.94,4.28,0,0.0,0.0,0.0,0.96,0.2222,0.0,0.0,NORMAL_DISBURSEMENT_SCHEDULE,NONE,NONE
MPLADS-000286,7.23,11.5,0,0.0,0.0,0.0,0.9798,0.2222,0.0,0.0,NORMAL_DISBURSEMENT_SCHEDULE,NONE,NONE
MPLADS-000287,67.97,89.4,0,0.0,0.0,0.0,0.9641,0.2222,0.0,0.0,ELEVATED_PAYMENT_VOLATILITY,NONE,NONE
MPLADS-000288,76.4,94.34,0,1.0,11187000.0,0.0,0.879,0.2222,0.0,50.0,UNVERIFIED_DISBURSEMENT_BURST,NONE,NONE
MPLADS-000289,13.23,22.86,0,0.0,0.0,0.0,0.9069,0.2222,0.0,0.0,NORMAL_DISBURSEMENT_SCHEDULE,NONE,NONE
MPLADS-000290,6.36,9.94,0,0.0,0.0,0.0,0.8869,0.2222,0.0,0.0,NORMAL_DISBURSEMENT_SCHEDULE,NONE,NONE
MPLADS-000291,16.84,29.12,0,0.0,0.0,0.0,0.9221,0.2223,0.0,0.0,NORMAL_DISBURSEMENT_SCHEDULE,NONE,NONE
MPLADS-000292,6.58,10.34,0,0.0,0.0,0.0,0.931,0.2222,0.0,0.0,NORMAL_DISBURSEMENT_SCHEDULE,NONE,NONE
MPLADS-000293,23.18,38.08,0,0.0,0.0,0.0,0.9429,0.2222,0.0,0.0,NORMAL_DISBURSEMENT_SCHEDULE,NONE,NONE
MPLADS-000294,51.61,77.82,0,0.0,0.0,0.0,0.9295,0.2222,0.0,0.0,NORMAL_DISBURSEMENT_SCHEDULE,NONE,NONE
MPLADS-000295,45.57,73.76,0,0.0,0.0,0.0,0.8626,0.25,0.0,0.0,NORMAL_DISBURSEMENT_SCHEDULE,NONE,NONE
MPLADS-000296,14.96,26.04,0,0.0,0.0,0.0,0.9664,0.2222,0.0,0.0,NORMAL_DISBURSEMENT_SCHEDULE,NONE,NONE
MPLADS-000297,17.55,30.24,0,0.0,0.0,0.0,0.9477,0.2222,0.0,0.0,NORMAL_DISBURSEMENT_SCHEDULE,NONE,NONE
MPLADS-000298,68.5,89.88,0,0.0,0.0,0.8148,1.3788,0.2222,0.0,25.0,STATUTORY_CEILING_SMURFING,NONE,NONE
MPLADS-000299,45.21,73.34,0,0.0,0.0,0.0,0.8637,0.2222,0.0,0.0,NORMAL_DISBURSEMENT_SCHEDULE,NONE,NONE
MPLADS-000300,42.72,70.22,0,0.0,0.0,0.0,0.8862,0.2222,0.0,0.0,NORMAL_DISBURSEMENT_SCHEDULE,NONE,NONE
MPLADS-000301,35.52,58.62,0,0.0,0.0,0.0,0.896,0.25,0.0,0.0,NORMAL_DISBURSEMENT_SCHEDULE,NONE,NONE
MPLADS-000302,49.59,76.76,0,0.0,0.0,0.0,0.9745,0.2222,0.0,25.0,NORMAL_DISBURSEMENT_SCHEDULE,NONE,NONE
MPLADS-000303,35.18,57.98,0,0.0,0.0,0.0,0.8781,0.25,0.0,0.0,NORMAL_DISBURSEMENT_SCHEDULE,NONE,NONE
MPLADS-000304,38.21,63.46,0,0.0,0.0,0.0,0.9616,0.2222,0.0,0.0,NORMAL_DISBURSEMENT_SCHEDULE,NONE,NONE
MPLADS-000305,63.1,84.9,0,1.0,2234000.0,0.0,0.853,0.2222,0.0,50.0,UNVERIFIED_DISBURSEMENT_BURST,NONE,NONE
MPLADS-000306,28.59,45.52,0,0.0,0.0,0.0,0.8503,0.2222,0.0,0.0,NORMAL_DISBURSEMENT_SCHEDULE,NONE,NONE
MPLADS-000307,47.86,75.7,0,0.0,0.0,0.0,0.978,0.2222,0.0,0.0,NORMAL_DISBURSEMENT_SCHEDULE,NONE,NONE
MPLADS-000308,6.73,10.6,0,0.0,0.0,0.0,0.9119,0.2222,0.0,0.0,NORMAL_DISBURSEMENT_SCHEDULE,NONE,NONE
MPLADS-000309,28.09,44.62,0,0.0,0.0,0.0,0.9203,0.2222,0.0,0.0,NORMAL_DISBURSEMENT_SCHEDULE,NONE,NONE
MPLADS-000310,38.77,64.38,0,0.0,0.0,0.0,0.8818,0.25,0.0,0.0,NORMAL_DISBURSEMENT_SCHEDULE,NONE,NONE
MPLADS-000311,16.64,28.8,0,0.0,0.0,0.0,0.975,0.2222,0.0,0.0,NORMAL_DISBURSEMENT_SCHEDULE,NONE,NONE
MPLADS-000312,28.07,44.58,0,0.0,0.0,0.0,0.9391,0.2222,0.0,0.0,NORMAL_DISBURSEMENT_SCHEDULE,NONE,NONE
MPLADS-000313,84.51,98.58,1,1.0,458000.0,0.0,1.0,0.25,0.0,50.0,UNVERIFIED_DISBURSEMENT_BURST,NONE,NONE
MPLADS-000314,9.45,15.68,0,0.0,0.0,0.0,0.9282,0.2223,0.0,0.0,NORMAL_DISBURSEMENT_SCHEDULE,NONE,NONE
MPLADS-000315,11.37,19.27,0,0.0,0.0,0.0,0.9496,0.2222,0.0,0.0,NORMAL_DISBURSEMENT_SCHEDULE,NONE,NONE
MPLADS-000316,59.4,82.38,0,0.0,0.0,0.0,0.9583,0.2222,0.0,0.0,NORMAL_DISBURSEMENT_SCHEDULE,NONE,NONE
MPLADS-000317,27.68,43.98,0,0.0,0.0,0.0,0.9006,0.2222,0.0,0.0,NORMAL_DISBURSEMENT_SCHEDULE,NONE,NONE
MPLADS-000318,34.3,56.34,0,0.0,0.0,0.0,0.9082,0.2222,0.0,0.0,NORMAL_DISBURSEMENT_SCHEDULE,NONE,NONE
MPLADS-000319,21.12,35.34,0,0.0,0.0,0.0,0.9765,0.2222,0.0,0.0,NORMAL_DISBURSEMENT_SCHEDULE,NONE,NONE
MPLADS-000320,80.04,96.32,1,0.0,0.0,0.0,1.5008,0.25,0.0,0.0,ELEVATED_PAYMENT_VOLATILITY,NONE,NONE
MPLADS-000321,24.81,40.12,0,0.0,0.0,0.0,0.9446,0.2222,0.0,0.0,NORMAL_DISBURSEMENT_SCHEDULE,NONE,NONE
MPLADS-000322,43.93,71.86,0,0.0,0.0,0.0,0.8655,0.25,0.0,0.0,NORMAL_DISBURSEMENT_SCHEDULE,NONE,NONE
MPLADS-000323,17.43,30.06,0,0.0,0.0,0.0,0.9677,0.2222,0.0,0.0,NORMAL_DISBURSEMENT_SCHEDULE,NONE,NONE
MPLADS-000324,5.63,8.62,0,0.0,0.0,0.0,0.8605,0.2222,0.0,0.0,NORMAL_DISBURSEMENT_SCHEDULE,NONE,NONE
MPLADS-000325,7.2,11.44,0,0.0,0.0,0.0018,0.9137,0.2222,0.0,25.0,NORMAL_DISBURSEMENT_SCHEDULE,NONE,NONE
MPLADS-000326,12.29,21.02,0,0.0,0.0,0.0,0.9402,0.2222,0.0,0.0,NORMAL_DISBURSEMENT_SCHEDULE,NONE,NONE
MPLADS-000327,68.85,90.16,0,0.0,0.0,0.0,1.3741,0.25,0.0,0.0,ELEVATED_PAYMENT_VOLATILITY,NONE,NONE
MPLADS-000328,62.61,84.48,0,0.0,0.0,0.0,0.503,0.2222,0.0,0.0,ELEVATED_PAYMENT_VOLATILITY,NONE,NONE
MPLADS-000329,60.53,83.06,0,0.0,0.0,0.0,0.9661,0.2222,0.231,0.0,PAYMENT_TIMING_ANOMALY,NONE,NONE
MPLADS-000330,83.62,98.24,1,1.0,1079000.0,0.0,0.9686,0.2223,0.0,50.0,UNVERIFIED_DISBURSEMENT_BURST,NONE,NONE
MPLADS-000331,42.41,69.8,0,0.0,0.0,0.0,0.9637,0.25,0.0,0.0,NORMAL_DISBURSEMENT_SCHEDULE,NONE,NONE
MPLADS-000332,22.5,37.18,0,0.0,0.0,0.0,0.9441,0.2222,0.0,0.0,NORMAL_DISBURSEMENT_SCHEDULE,NONE,NONE
MPLADS-000333,67.13,88.72,0,0.0,0.0,0.7354,1.4873,0.2222,0.0,25.0,STATUTORY_CEILING_SMURFING,NONE,NONE
MPLADS-000334,21.01,35.22,0,0.0,0.0,0.0678,0.9459,0.2223,0.0,25.0,NORMAL_DISBURSEMENT_SCHEDULE,NONE,NONE
MPLADS-000335,42.0,69.18,0,0.0,0.0,0.0,0.8705,0.25,0.0,0.0,NORMAL_DISBURSEMENT_SCHEDULE,NONE,NONE
MPLADS-000336,35.07,57.8,0,0.0,0.0,0.0,0.8928,0.25,0.0,0.0,NORMAL_DISBURSEMENT_SCHEDULE,NONE,NONE
MPLADS-000337,67.35,88.92,0,0.0,0.0,0.0,0.8714,0.2222,0.0,0.0,ELEVATED_PAYMENT_VOLATILITY,NONE,NONE
MPLADS-000338,14.28,24.86,0,0.0,0.0,0.0,0.8978,0.2223,0.0,0.0,NORMAL_DISBURSEMENT_SCHEDULE,NONE,NONE
MPLADS-000339,10.91,18.42,0,0.0,0.0,0.0,0.8538,0.2222,0.0,0.0,NORMAL_DISBURSEMENT_SCHEDULE,NONE,NONE
MPLADS-000340,10.11,16.94,0,0.0,0.0,0.0,0.9327,0.2222,0.0,0.0,NORMAL_DISBURSEMENT_SCHEDULE,NONE,NONE
MPLADS-000341,40.1,66.46,0,0.0,0.0,0.0,0.9413,0.25,0.0,0.0,NORMAL_DISBURSEMENT_SCHEDULE,NONE,NONE
MPLADS-000342,35.0,57.66,0,0.0,0.0,0.0,0.9617,0.25,0.0,0.0,NORMAL_DISBURSEMENT_SCHEDULE,NONE,NONE
MPLADS-000343,16.49,28.56,0,0.0,0.0,0.0,0.9617,0.2223,0.0,0.0,NORMAL_DISBURSEMENT_SCHEDULE,NONE,NONE
MPLADS-000344,79.57,96.06,1,1.0,403000.0,0.0,0.9097,0.25,0.0,50.0,UNVERIFIED_DISBURSEMENT_BURST,NONE,NONE
MPLADS-000345,23.54,38.54,0,0.0,0.0,0.0,0.913,0.2222,0.0,0.0,NORMAL_DISBURSEMENT_SCHEDULE,NONE,NONE
MPLADS-000346,10.07,16.86,0,0.0,0.0,0.0,0.9275,0.2222,0.0,0.0,NORMAL_DISBURSEMENT_SCHEDULE,NONE,NONE
MPLADS-000347,64.18,85.86,0,1.0,1317000.0,0.0,0.9482,0.2222,0.0,50.0,UNVERIFIED_DISBURSEMENT_BURST,NONE,NONE
MPLADS-000348,76.67,94.5,0,0.0,0.0,0.0,1.4381,0.2223,0.0,0.0,ELEVATED_PAYMENT_VOLATILITY,NONE,NONE
MPLADS-000349,0.98,1.1,0,0.0,0.0,0.0,0.9458,0.2222,0.0,0.0,NORMAL_DISBURSEMENT_SCHEDULE,NONE,NONE
MPLADS-000350,4.74,7.2,0,0.0,0.0,0.0,0.9186,0.2222,0.0,0.0,NORMAL_DISBURSEMENT_SCHEDULE,NONE,NONE
MPLADS-000351,18.77,32.12,0,0.0,0.0,0.051,0.9574,0.2222,0.0,25.0,NORMAL_DISBURSEMENT_SCHEDULE,NONE,NONE
MPLADS-000352,22.44,37.12,0,0.0,0.0,0.0,0.897,0.2222,0.0,0.0,NORMAL_DISBURSEMENT_SCHEDULE,NONE,NONE
MPLADS-000353,27.35,43.46,0,0.0,0.0,0.0,0.9372,0.2222,0.0,0.0,NORMAL_DISBURSEMENT_SCHEDULE,NONE,NONE
MPLADS-000354,26.99,42.98,0,0.0,0.0,0.0,0.928,0.2223,0.0,0.0,NORMAL_DISBURSEMENT_SCHEDULE,NONE,NONE
MPLADS-000355,35.72,58.98,0,0.0,0.0,0.0,0.8685,0.25,0.0,0.0,NORMAL_DISBURSEMENT_SCHEDULE,NONE,NONE
MPLADS-000356,32.2,52.46,0,0.0,0.0,0.0,0.922,0.25,0.0,0.0,NORMAL_DISBURSEMENT_SCHEDULE,NONE,NONE
MPLADS-000357,30.72,49.54,0,0.0,0.0,0.0,0.9098,0.25,0.0,0.0,NORMAL_DISBURSEMENT_SCHEDULE,NONE,NONE
MPLADS-000358,4.47,6.74,0,0.0,0.0,0.0,0.852,0.2222,0.0,0.0,NORMAL_DISBURSEMENT_SCHEDULE,NONE,NONE
MPLADS-000359,82.24,97.42,1,0.0,0.0,0.0,1.4441,0.2222,0.231,0.0,PAYMENT_TIMING_ANOMALY,NONE,NONE
MPLADS-000360,35.81,59.14,0,0.0,0.0,0.0,0.8902,0.25,0.0,0.0,NORMAL_DISBURSEMENT_SCHEDULE,NONE,NONE
MPLADS-000361,36.74,60.82,0,0.0,0.0,0.0,0.8913,0.25,0.0,0.0,NORMAL_DISBURSEMENT_SCHEDULE,NONE,NONE
MPLADS-000362,36.57,60.5,0,0.0,0.0,0.0,0.9521,0.2222,0.0,0.0,NORMAL_DISBURSEMENT_SCHEDULE,NONE,NONE
MPLADS-000363,3.1,4.5,0,0.0,0.0,0.0,0.9462,0.2222,0.0,0.0,NORMAL_DISBURSEMENT_SCHEDULE,NONE,NONE
MPLADS-000364,33.63,55.08,0,0.0,0.0,0.0,0.9608,0.25,0.0,0.0,NORMAL_DISBURSEMENT_SCHEDULE,NONE,NONE
MPLADS-000365,1.5,2.0,0,0.0,0.0,0.0,0.8944,0.2222,0.0,0.0,NORMAL_DISBURSEMENT_SCHEDULE,NONE,NONE
MPLADS-000366,5.74,8.82,0,0.0,0.0,0.0,0.8718,0.2222,0.0,0.0,NORMAL_DISBURSEMENT_SCHEDULE,NONE,NONE
MPLADS-000367,60.45,83.0,0,0.0,0.0,0.0,0.9085,0.2222,0.231,0.0,PAYMENT_TIMING_ANOMALY,NONE,NONE
MPLADS-000368,22.91,37.72,0,0.0,0.0,0.0,0.9683,0.2222,0.0,0.0,NORMAL_DISBURSEMENT_SCHEDULE,NONE,NONE
MPLADS-000369,43.59,71.46,0,0.0,0.0,0.0,0.8821,0.2222,0.0,0.0,NORMAL_DISBURSEMENT_SCHEDULE,NONE,NONE
MPLADS-000370,28.96,46.22,0,0.0,0.0,0.0,0.9376,0.2222,0.0,0.0,NORMAL_DISBURSEMENT_SCHEDULE,NONE,NONE
MPLADS-000371,9.55,15.88,0,0.0,0.0,0.0,0.9285,0.2222,0.0,0.0,NORMAL_DISBURSEMENT_SCHEDULE,NONE,NONE
MPLADS-000372,38.47,63.9,0,0.0,0.0,0.0,0.8877,0.25,0.0,0.0,NORMAL_DISBURSEMENT_SCHEDULE,NONE,NONE
MPLADS-000373,64.89,86.6,0,1.0,2245000.0,0.0004,0.935,0.2222,0.0,75.0,UNVERIFIED_DISBURSEMENT_BURST,STATUTORY_CEILING_SMURFING,NONE
MPLADS-000374,39.04,64.88,0,0.0,0.0,0.0,0.9061,0.25,0.0,0.0,NORMAL_DISBURSEMENT_SCHEDULE,NONE,NONE
MPLADS-000375,18.75,32.1,0,0.0,0.0,0.0,0.9148,0.2222,0.0,0.0,NORMAL_DISBURSEMENT_SCHEDULE,NONE,NONE
MPLADS-000376,30.62,49.36,0,0.0,0.0,0.0,0.9304,0.25,0.0,0.0,NORMAL_DISBURSEMENT_SCHEDULE,NONE,NONE
MPLADS-000377,6.7,10.54,0,0.0,0.0,0.0,0.9131,0.2222,0.0,0.0,NORMAL_DISBURSEMENT_SCHEDULE,NONE,NONE
MPLADS-000378,32.12,52.32,0,0.0,0.0,0.0,0.926,0.25,0.0,0.0,NORMAL_DISBURSEMENT_SCHEDULE,NONE,NONE
MPLADS-000379,75.08,93.6,0,0.0,0.0,0.0,0.9259,0.2222,0.231,0.0,PAYMENT_TIMING_ANOMALY,NONE,NONE
MPLADS-000380,65.3,87.0,0,1.0,1976000.0,0.0,0.8841,0.2223,0.0,50.0,UNVERIFIED_DISBURSEMENT_BURST,NONE,NONE
MPLADS-000381,23.83,38.92,0,0.0,0.0,0.0,0.8631,0.2222,0.0,0.0,NORMAL_DISBURSEMENT_SCHEDULE,NONE,NONE
MPLADS-000382,3.51,5.16,0,0.0,0.0,0.0,0.8683,0.2222,0.0,0.0,NORMAL_DISBURSEMENT_SCHEDULE,NONE,NONE
MPLADS-000383,41.01,67.74,0,0.0,0.0,0.0,0.8566,0.25,0.0,0.0,NORMAL_DISBURSEMENT_SCHEDULE,NONE,NONE
MPLADS-000384,11.84,20.16,0,0.0,0.0,0.0125,0.9313,0.2223,0.0,25.0,NORMAL_DISBURSEMENT_SCHEDULE,NONE,NONE
MPLADS-000385,37.16,61.58,0,0.0,0.0,0.0,0.9645,0.2222,0.0,0.0,NORMAL_DISBURSEMENT_SCHEDULE,NONE,NONE
MPLADS-000386,2.76,4.02,0,0.0,0.0,0.0,0.9462,0.2222,0.0,0.0,NORMAL_DISBURSEMENT_SCHEDULE,NONE,NONE
MPLADS-000387,10.24,17.18,0,0.0,0.0,0.0,0.9579,0.2222,0.0,0.0,NORMAL_DISBURSEMENT_SCHEDULE,NONE,NONE
MPLADS-000388,27.16,43.22,0,0.0,0.0,0.0,0.9428,0.2222,0.0,0.0,NORMAL_DISBURSEMENT_SCHEDULE,NONE,NONE
MPLADS-000389,1.86,2.6,0,0.0,0.0,0.0,0.9277,0.2222,0.0,0.0,NORMAL_DISBURSEMENT_SCHEDULE,NONE,NONE
MPLADS-000390,8.65,14.24,0,0.0,0.0,0.0,0.8744,0.2222,0.0,0.0,NORMAL_DISBURSEMENT_SCHEDULE,NONE,NONE
MPLADS-000391,76.85,94.6,0,0.0,0.0,0.0,1.466,0.2223,0.0,0.0,ELEVATED_PAYMENT_VOLATILITY,NONE,NONE
MPLADS-000392,14.65,25.52,0,0.0,0.0,0.0,0.8767,0.2223,0.0,0.0,NORMAL_DISBURSEMENT_SCHEDULE,NONE,NONE
MPLADS-000393,24.51,39.72,0,0.0,0.0,0.0,0.9016,0.2222,0.0,0.0,NORMAL_DISBURSEMENT_SCHEDULE,NONE,NONE
MPLADS-000394,21.68,36.06,0,0.0,0.0,0.0,0.8605,0.2222,0.0,0.0,NORMAL_DISBURSEMENT_SCHEDULE,NONE,NONE
MPLADS-000395,38.03,63.16,0,0.0,0.0,0.0,0.8698,0.25,0.0,0.0,NORMAL_DISBURSEMENT_SCHEDULE,NONE,NONE
MPLADS-000396,21.66,36.04,0,0.0,0.0,0.0,0.9118,0.2222,0.0,0.0,NORMAL_DISBURSEMENT_SCHEDULE,NONE,NONE
MPLADS-000397,70.42,91.1,0,0.0,0.0,0.0,0.9022,0.2222,0.231,0.0,PAYMENT_TIMING_ANOMALY,NONE,NONE
MPLADS-000398,19.87,33.7,0,0.0,0.0,0.0,0.8827,0.2222,0.0,0.0,NORMAL_DISBURSEMENT_SCHEDULE,NONE,NONE
MPLADS-000399,21.37,35.66,0,0.0,0.0,0.0,0.8628,0.2222,0.0,0.0,NORMAL_DISBURSEMENT_SCHEDULE,NONE,NONE
MPLADS-000400,38.28,63.54,0,0.0,0.0,0.0,0.9683,0.25,0.0,0.0,NORMAL_DISBURSEMENT_SCHEDULE,NONE,NONE
MPLADS-000401,41.96,69.1,0,0.0,0.0,0.0,0.9585,0.25,0.0,0.0,NORMAL_DISBURSEMENT_SCHEDULE,NONE,NONE
MPLADS-000402,27.38,43.48,0,0.0,0.0,0.0,0.9069,0.25,0.0,0.0,NORMAL_DISBURSEMENT_SCHEDULE,NONE,NONE
MPLADS-000403,34.03,55.84,0,0.0,0.0,0.003,0.8846,0.2222,0.0,25.0,NORMAL_DISBURSEMENT_SCHEDULE,NONE,NONE
MPLADS-000404,1.98,2.8,0,0.0,0.0,0.0003,0.8662,0.2222,0.0,25.0,NORMAL_DISBURSEMENT_SCHEDULE,NONE,NONE
MPLADS-000405,67.04,88.64,0,0.0,0.0,0.0,0.9671,0.2222,0.231,0.0,PAYMENT_TIMING_ANOMALY,NONE,NONE
MPLADS-000406,17.09,29.54,0,0.0,0.0,0.0,0.8992,0.2222,0.0,0.0,NORMAL_DISBURSEMENT_SCHEDULE,NONE,NONE
MPLADS-000407,16.13,27.92,0,0.0,0.0,0.0,0.9226,0.2222,0.0,0.0,NORMAL_DISBURSEMENT_SCHEDULE,NONE,NONE
MPLADS-000408,39.33,65.28,0,0.0,0.0,0.0,0.8669,0.25,0.0,0.0,NORMAL_DISBURSEMENT_SCHEDULE,NONE,NONE
MPLADS-000409,25.91,41.4,0,0.0,0.0,0.0,0.9138,0.25,0.0,0.0,NORMAL_DISBURSEMENT_SCHEDULE,NONE,NONE
MPLADS-000410,80.9,96.76,1,0.0,0.0,0.0,1.5829,0.2222,0.0,0.0,ELEVATED_PAYMENT_VOLATILITY,NONE,NONE
MPLADS-000411,45.49,73.68,0,0.0,0.0,0.0,0.9519,0.2222,0.0,0.0,NORMAL_DISBURSEMENT_SCHEDULE,NONE,NONE
MPLADS-000412,11.86,20.2,0,0.0,0.0,0.0,0.8631,0.2222,0.0,0.0,NORMAL_DISBURSEMENT_SCHEDULE,NONE,NONE
MPLADS-000413,82.15,97.38,1,0.0,0.0,0.0,0.9518,0.25,0.3466,0.0,PAYMENT_TIMING_ANOMALY,NONE,NONE
MPLADS-000414,4.92,7.48,0,0.0,0.0,0.0,0.8665,0.2222,0.0,0.0,NORMAL_DISBURSEMENT_SCHEDULE,NONE,NONE
MPLADS-000415,42.05,69.26,0,0.0,0.0,0.0,0.8542,0.25,0.0,0.0,NORMAL_DISBURSEMENT_SCHEDULE,NONE,NONE
MPLADS-000416,9.37,15.54,0,0.0,0.0,0.0,0.9446,0.2222,0.0,0.0,NORMAL_DISBURSEMENT_SCHEDULE,NONE,NONE
MPLADS-000417,23.53,38.52,0,0.0,0.0,0.0,0.8807,0.2223,0.0,0.0,NORMAL_DISBURSEMENT_SCHEDULE,NONE,NONE
MPLADS-000418,34.64,56.96,0,0.0,0.0,0.0,0.8783,0.25,0.0,0.0,NORMAL_DISBURSEMENT_SCHEDULE,NONE,NONE
MPLADS-000419,81.68,97.16,1,0.0,0.0,0.0,0.9159,0.2222,0.231,0.0,PAYMENT_TIMING_ANOMALY,NONE,NONE
MPLADS-000420,2.3,3.28,0,0.0,0.0,0.0,0.8697,0.2222,0.0,0.0,NORMAL_DISBURSEMENT_SCHEDULE,NONE,NONE
MPLADS-000421,36.86,61.06,0,0.0,0.0,0.0,0.9645,0.25,0.0,0.0,NORMAL_DISBURSEMENT_SCHEDULE,NONE,NONE
MPLADS-000422,61.23,83.42,0,0.0,0.0,0.0,0.9724,0.2222,0.0,0.0,ELEVATED_PAYMENT_VOLATILITY,NONE,NONE
MPLADS-000423,3.42,5.0,0,0.0,0.0,0.0,0.9703,0.2222,0.0,0.0,NORMAL_DISBURSEMENT_SCHEDULE,NONE,NONE
MPLADS-000424,21.28,35.55,0,0.0,0.0,0.0,0.9312,0.2222,0.0,0.0,NORMAL_DISBURSEMENT_SCHEDULE,NONE,NONE
MPLADS-000425,8.57,14.1,0,0.0,0.0,0.0,0.9567,0.2222,0.0,0.0,NORMAL_DISBURSEMENT_SCHEDULE,NONE,NONE
MPLADS-000426,5.37,8.18,0,0.0,0.0,0.0,0.9041,0.2222,0.0,0.0,NORMAL_DISBURSEMENT_SCHEDULE,NONE,NONE
MPLADS-000427,40.7,67.26,0,0.0,0.0,0.0,0.9727,0.2222,0.0,0.0,NORMAL_DISBURSEMENT_SCHEDULE,NONE,NONE
MPLADS-000428,20.69,34.84,0,0.0,0.0,0.0,0.8704,0.2222,0.0,0.0,NORMAL_DISBURSEMENT_SCHEDULE,NONE,NONE
MPLADS-000429,26.07,41.64,0,0.0,0.0,0.0561,0.9757,0.2222,0.0,25.0,NORMAL_DISBURSEMENT_SCHEDULE,NONE,NONE
MPLADS-000430,37.79,62.7,0,0.0,0.0,0.0,0.8708,0.25,0.0,0.0,NORMAL_DISBURSEMENT_SCHEDULE,NONE,NONE
MPLADS-000431,55.58,80.02,0,0.0,0.0,0.0,0.926,0.2223,0.0,0.0,NORMAL_DISBURSEMENT_SCHEDULE,NONE,NONE
MPLADS-000432,27.81,44.2,0,0.0,0.0,0.0,0.9205,0.25,0.0,0.0,NORMAL_DISBURSEMENT_SCHEDULE,NONE,NONE
MPLADS-000433,70.15,91.0,0,0.0,0.0,0.0,0.9448,0.2223,0.231,0.0,PAYMENT_TIMING_ANOMALY,NONE,NONE
MPLADS-000434,8.75,14.42,0,0.0,0.0,0.0,0.8829,0.2222,0.0,0.0,NORMAL_DISBURSEMENT_SCHEDULE,NONE,NONE
MPLADS-000435,12.33,21.08,0,0.0,0.0,0.0,0.8957,0.2222,0.0,0.0,NORMAL_DISBURSEMENT_SCHEDULE,NONE,NONE
MPLADS-000436,85.02,98.78,1,1.0,681000.0,0.0,1.0,0.25,0.0,50.0,UNVERIFIED_DISBURSEMENT_BURST,NONE,NONE
MPLADS-000437,26.18,41.8,0,0.0,0.0,0.0,0.924,0.2222,0.0,0.0,NORMAL_DISBURSEMENT_SCHEDULE,NONE,NONE
MPLADS-000438,3.38,4.94,0,0.0,0.0,0.0,0.9277,0.2222,0.0,0.0,NORMAL_DISBURSEMENT_SCHEDULE,NONE,NONE
MPLADS-000439,5.66,8.68,0,0.0,0.0,0.0,0.8881,0.2222,0.0,0.0,NORMAL_DISBURSEMENT_SCHEDULE,NONE,NONE
MPLADS-000440,82.49,97.56,1,0.0,0.0,0.0,0.9126,0.25,0.3466,0.0,PAYMENT_TIMING_ANOMALY,NONE,NONE
MPLADS-000441,45.94,74.16,0,0.0,0.0,0.0,0.6829,0.2222,0.0,0.0,NORMAL_DISBURSEMENT_SCHEDULE,NONE,NONE
MPLADS-000442,24.38,39.58,0,0.0,0.0,0.0,0.9768,0.2222,0.0,0.0,NORMAL_DISBURSEMENT_SCHEDULE,NONE,NONE
MPLADS-000443,40.12,66.48,0,0.0,0.0,0.0,0.9731,0.25,0.0,0.0,NORMAL_DISBURSEMENT_SCHEDULE,NONE,NONE
MPLADS-000444,10.85,18.32,0,0.0,0.0,0.0,0.9318,0.2222,0.0,0.0,NORMAL_DISBURSEMENT_SCHEDULE,NONE,NONE
MPLADS-000445,32.0,52.12,0,0.0,0.0,0.0,0.9105,0.25,0.0,0.0,NORMAL_DISBURSEMENT_SCHEDULE,NONE,NONE
MPLADS-000446,70.54,91.18,0,0.0,0.0,0.0,0.5031,0.2222,0.0,0.0,ELEVATED_PAYMENT_VOLATILITY,NONE,NONE
MPLADS-000447,16.32,28.28,0,0.0,0.0,0.0,0.935,0.2223,0.0,0.0,NORMAL_DISBURSEMENT_SCHEDULE,NONE,NONE
MPLADS-000448,41.91,69.04,0,0.0,0.0,0.0,0.859,0.25,0.0,0.0,NORMAL_DISBURSEMENT_SCHEDULE,NONE,NONE
MPLADS-000449,68.8,90.12,0,0.0,0.0,0.0,1.3051,0.2223,0.0,0.0,ELEVATED_PAYMENT_VOLATILITY,NONE,NONE
MPLADS-000450,19.88,33.72,0,0.0,0.0,0.0,0.973,0.2222,0.0,0.0,NORMAL_DISBURSEMENT_SCHEDULE,NONE,NONE
MPLADS-000451,68.59,89.96,0,0.0,0.0,0.0,0.978,0.2222,0.231,0.0,PAYMENT_TIMING_ANOMALY,NONE,NONE
MPLADS-000452,7.15,11.36,0,0.0,0.0,0.0,0.8838,0.2222,0.0,0.0,NORMAL_DISBURSEMENT_SCHEDULE,NONE,NONE
MPLADS-000453,29.37,47.02,0,0.0,0.0,0.0,0.9118,0.25,0.0,0.0,NORMAL_DISBURSEMENT_SCHEDULE,NONE,NONE
MPLADS-000454,55.66,80.08,0,0.0,0.0,0.1321,1.412,0.2222,0.0,25.0,NORMAL_DISBURSEMENT_SCHEDULE,NONE,NONE
MPLADS-000455,30.25,48.64,0,0.0,0.0,0.0,0.9261,0.2222,0.0,0.0,NORMAL_DISBURSEMENT_SCHEDULE,NONE,NONE
MPLADS-000456,34.7,57.08,0,0.0,0.0,0.0,0.885,0.25,0.0,0.0,NORMAL_DISBURSEMENT_SCHEDULE,NONE,NONE
MPLADS-000457,40.31,66.84,0,0.0,0.0,0.0,0.9741,0.2222,0.0,0.0,NORMAL_DISBURSEMENT_SCHEDULE,NONE,NONE
MPLADS-000458,4.02,6.02,0,0.0,0.0,0.0,0.8701,0.2222,0.0,0.0,NORMAL_DISBURSEMENT_SCHEDULE,NONE,NONE
MPLADS-000459,0.38,0.31,0,0.0,0.0,0.0,0.8936,0.2222,0.0,0.0,NORMAL_DISBURSEMENT_SCHEDULE,NONE,NONE
MPLADS-000460,23.73,38.78,0,0.0,0.0,0.0,0.9195,0.2222,0.0,0.0,NORMAL_DISBURSEMENT_SCHEDULE,NONE,NONE
MPLADS-000461,3.6,5.29,0,0.0,0.0,0.0,0.877,0.2222,0.0,0.0,NORMAL_DISBURSEMENT_SCHEDULE,NONE,NONE
MPLADS-000462,31.93,51.96,0,0.0,0.0,0.0,0.9526,0.2222,0.0,0.0,NORMAL_DISBURSEMENT_SCHEDULE,NONE,NONE
MPLADS-000463,30.49,49.1,0,0.0,0.0,0.0,0.9321,0.25,0.0,0.0,NORMAL_DISBURSEMENT_SCHEDULE,NONE,NONE
MPLADS-000464,42.56,70.04,0,0.0,0.0,0.0,0.853,0.25,0.0,0.0,NORMAL_DISBURSEMENT_SCHEDULE,NONE,NONE
MPLADS-000465,92.7,99.6,1,0.0,0.0,0.4184,0.4928,0.25,0.0,25.0,STATUTORY_CEILING_SMURFING,NONE,NONE
MPLADS-000466,21.98,36.46,0,0.0,0.0,0.0,0.8645,0.2222,0.0,0.0,NORMAL_DISBURSEMENT_SCHEDULE,NONE,NONE
MPLADS-000467,48.74,76.24,0,0.0,0.0,0.0,1.3979,0.2222,0.0,0.0,NORMAL_DISBURSEMENT_SCHEDULE,NONE,NONE
MPLADS-000468,26.7,42.54,0,0.0,0.0,0.0,0.9507,0.2222,0.0,0.0,NORMAL_DISBURSEMENT_SCHEDULE,NONE,NONE
MPLADS-000469,0.4,0.34,0,0.0,0.0,0.0,0.9012,0.2222,0.0,0.0,NORMAL_DISBURSEMENT_SCHEDULE,NONE,NONE
MPLADS-000470,25.06,40.4,0,0.0,0.0,0.0,0.9689,0.2222,0.0,0.0,NORMAL_DISBURSEMENT_SCHEDULE,NONE,NONE
MPLADS-000471,62.34,84.2,0,0.0,0.0,0.0,0.8905,0.2222,0.0,0.0,ELEVATED_PAYMENT_VOLATILITY,NONE,NONE
MPLADS-000472,76.91,94.64,0,0.0,0.0,0.0,1.5455,0.2222,0.0,0.0,ELEVATED_PAYMENT_VOLATILITY,NONE,NONE
MPLADS-000473,37.73,62.62,0,0.0,0.0,0.0,0.951,0.2222,0.0,0.0,NORMAL_DISBURSEMENT_SCHEDULE,NONE,NONE
MPLADS-000474,19.43,33.06,0,0.0,0.0,0.0,0.9017,0.2223,0.0,0.0,NORMAL_DISBURSEMENT_SCHEDULE,NONE,NONE
MPLADS-000475,40.02,66.32,0,0.0,0.0,0.0,0.88,0.2222,0.0,0.0,NORMAL_DISBURSEMENT_SCHEDULE,NONE,NONE
MPLADS-000476,10.89,18.38,0,0.0,0.0,0.0,0.8713,0.2222,0.0,0.0,NORMAL_DISBURSEMENT_SCHEDULE,NONE,NONE
MPLADS-000477,40.96,67.64,0,0.0,0.0,0.0,0.8737,0.25,0.0,0.0,NORMAL_DISBURSEMENT_SCHEDULE,NONE,NONE
MPLADS-000478,4.87,7.4,0,0.0,0.0,0.0,0.8839,0.2222,0.0,0.0,NORMAL_DISBURSEMENT_SCHEDULE,NONE,NONE
MPLADS-000479,47.04,75.1,0,0.0,0.0,0.0,1.3504,0.2222,0.0,0.0,NORMAL_DISBURSEMENT_SCHEDULE,NONE,NONE
MPLADS-000480,58.62,81.88,0,0.0,0.0,0.0,0.9379,0.2222,0.0,0.0,NORMAL_DISBURSEMENT_SCHEDULE,NONE,NONE
MPLADS-000481,8.32,13.62,0,0.0,0.0,0.0,0.9526,0.2222,0.0,0.0,NORMAL_DISBURSEMENT_SCHEDULE,NONE,NONE
MPLADS-000482,38.8,64.44,0,0.0,0.0,0.0,0.9611,0.25,0.0,0.0,NORMAL_DISBURSEMENT_SCHEDULE,NONE,NONE
MPLADS-000483,33.15,54.2,0,0.0,0.0,0.0,0.9202,0.2222,0.0,0.0,NORMAL_DISBURSEMENT_SCHEDULE,NONE,NONE
MPLADS-000484,15.05,26.18,0,0.0,0.0,0.0004,0.9088,0.2222,0.0,25.0,NORMAL_DISBURSEMENT_SCHEDULE,NONE,NONE
MPLADS-000485,54.33,79.38,0,0.0,0.0,0.0,0.9747,0.2222,0.0,0.0,NORMAL_DISBURSEMENT_SCHEDULE,NONE,NONE
MPLADS-000486,36.33,60.08,0,0.0,0.0,0.0,0.9464,0.25,0.0,0.0,NORMAL_DISBURSEMENT_SCHEDULE,NONE,NONE
MPLADS-000487,27.32,43.42,0,0.0,0.0,0.0,0.9015,0.2223,0.0,0.0,NORMAL_DISBURSEMENT_SCHEDULE,NONE,NONE
MPLADS-000488,16.88,29.18,0,0.0,0.0,0.0,0.954,0.2222,0.0,0.0,NORMAL_DISBURSEMENT_SCHEDULE,NONE,NONE
MPLADS-000489,40.24,66.72,0,0.0,0.0,0.0,0.9429,0.2222,0.0,0.0,NORMAL_DISBURSEMENT_SCHEDULE,NONE,NONE
MPLADS-000490,16.12,27.9,0,0.0,0.0,0.0,0.9677,0.2223,0.0,0.0,NORMAL_DISBURSEMENT_SCHEDULE,NONE,NONE
MPLADS-000491,78.4,95.5,1,1.0,8086000.0,0.0,0.8853,0.2222,0.0,50.0,UNVERIFIED_DISBURSEMENT_BURST,NONE,NONE
MPLADS-000492,56.7,80.78,0,0.0,0.0,0.0,0.963,0.25,0.0,0.0,NORMAL_DISBURSEMENT_SCHEDULE,NONE,NONE
MPLADS-000493,32.16,52.4,0,0.0,0.0,0.0,0.9015,0.25,0.0,0.0,NORMAL_DISBURSEMENT_SCHEDULE,NONE,NONE
MPLADS-000494,26.44,42.14,0,0.0,0.0,0.0,0.9249,0.25,0.0,0.0,NORMAL_DISBURSEMENT_SCHEDULE,NONE,NONE
MPLADS-000495,56.52,80.64,0,0.0,0.0,0.0,0.9358,0.25,0.0,0.0,NORMAL_DISBURSEMENT_SCHEDULE,NONE,NONE
MPLADS-000496,68.12,89.52,0,0.0,0.0,0.0,0.885,0.25,0.0,25.0,ROUND_NUMBER_DISBURSEMENT_CONCENTRATION,NONE,NONE
MPLADS-000497,9.04,14.96,0,0.0,0.0,0.0,0.9598,0.2222,0.0,0.0,NORMAL_DISBURSEMENT_SCHEDULE,NONE,NONE
MPLADS-000498,35.61,58.78,0,0.0,0.0,0.0,0.9678,0.25,0.0,0.0,NORMAL_DISBURSEMENT_SCHEDULE,NONE,NONE
MPLADS-000499,31.89,51.88,0,0.0,0.0,0.0,0.9048,0.2223,0.0,0.0,NORMAL_DISBURSEMENT_SCHEDULE,NONE,NONE
MPLADS-000500,72.26,92.3,0,0.0,0.0,0.2125,1.5016,0.2222,0.0,25.0,STATUTORY_CEILING_SMURFING,NONE,NONE
MPLADS-000501,66.08,87.82,0,1.0,1526000.0,0.0,0.9461,0.2223,0.0,50.0,UNVERIFIED_DISBURSEMENT_BURST,NONE,NONE
MPLADS-000502,32.8,53.56,0,0.0,0.0,0.0,0.8841,0.25,0.0,0.0,NORMAL_DISBURSEMENT_SCHEDULE,NONE,NONE
MPLADS-000503,22.54,37.24,0,0.0,0.0,0.0,0.9037,0.2223,0.0,0.0,NORMAL_DISBURSEMENT_SCHEDULE,NONE,NONE
MPLADS-000504,86.79,99.1,1,0.0,0.0,0.0,1.5524,0.2222,0.231,0.0,PAYMENT_TIMING_ANOMALY,NONE,NONE
MPLADS-000505,51.31,77.68,0,0.0,0.0,0.0,0.9461,0.2222,0.0,0.0,NORMAL_DISBURSEMENT_SCHEDULE,NONE,NONE
MPLADS-000506,10.76,18.16,0,0.0,0.0,0.0,0.9578,0.2222,0.0,0.0,NORMAL_DISBURSEMENT_SCHEDULE,NONE,NONE
MPLADS-000507,15.13,26.3,0,0.0,0.0,0.0,0.9726,0.2223,0.0,0.0,NORMAL_DISBURSEMENT_SCHEDULE,NONE,NONE
MPLADS-000508,59.14,82.26,0,0.0,0.0,0.0,0.9762,0.2222,0.0,0.0,NORMAL_DISBURSEMENT_SCHEDULE,NONE,NONE
MPLADS-000509,70.6,91.22,0,0.0,0.0,0.0,0.9698,0.2223,0.231,0.0,PAYMENT_TIMING_ANOMALY,NONE,NONE
MPLADS-000510,49.37,76.66,0,0.0,0.0,0.0,0.8623,0.2222,0.0,0.0,NORMAL_DISBURSEMENT_SCHEDULE,NONE,NONE
MPLADS-000511,31.19,50.46,0,0.0,0.0,0.0743,0.8884,0.2222,0.0,25.0,NORMAL_DISBURSEMENT_SCHEDULE,NONE,NONE
MPLADS-000512,37.51,62.18,0,0.0,0.0,0.0,0.9026,0.25,0.0,0.0,NORMAL_DISBURSEMENT_SCHEDULE,NONE,NONE
MPLADS-000513,19.54,33.22,0,0.0,0.0,0.0,0.9699,0.2223,0.0,0.0,NORMAL_DISBURSEMENT_SCHEDULE,NONE,NONE
MPLADS-000514,43.55,71.4,0,0.0,0.0,0.0,0.6893,0.2223,0.0,0.0,NORMAL_DISBURSEMENT_SCHEDULE,NONE,NONE
MPLADS-000515,40.76,67.36,0,0.0,0.0,0.0,0.8957,0.2222,0.0,0.0,NORMAL_DISBURSEMENT_SCHEDULE,NONE,NONE
MPLADS-000516,41.88,68.98,0,0.0,0.0,0.0,0.9074,0.2222,0.0,0.0,NORMAL_DISBURSEMENT_SCHEDULE,NONE,NONE
MPLADS-000517,2.46,3.54,0,0.0,0.0,0.0,0.8961,0.2222,0.0,0.0,NORMAL_DISBURSEMENT_SCHEDULE,NONE,NONE
MPLADS-000518,37.39,61.96,0,0.0,0.0,0.0,0.8736,0.25,0.0,0.0,NORMAL_DISBURSEMENT_SCHEDULE,NONE,NONE
MPLADS-000519,38.96,64.72,0,0.0,0.0,0.0,0.8568,0.25,0.0,0.0,NORMAL_DISBURSEMENT_SCHEDULE,NONE,NONE
MPLADS-000520,65.32,87.04,0,0.0,0.0,0.0,1.5841,0.2222,0.0,0.0,ELEVATED_PAYMENT_VOLATILITY,NONE,NONE
MPLADS-000521,2.48,3.58,0,0.0,0.0,0.0,0.9574,0.2222,0.0,0.0,NORMAL_DISBURSEMENT_SCHEDULE,NONE,NONE
MPLADS-000522,48.81,76.26,0,0.0,0.0,0.0,1.2911,0.2222,0.0,0.0,NORMAL_DISBURSEMENT_SCHEDULE,NONE,NONE
MPLADS-000523,31.71,51.56,0,0.0,0.0,0.0,0.9502,0.25,0.0,0.0,NORMAL_DISBURSEMENT_SCHEDULE,NONE,NONE
MPLADS-000524,42.33,69.68,0,0.0,0.0,0.0,0.9691,0.2222,0.0,0.0,NORMAL_DISBURSEMENT_SCHEDULE,NONE,NONE
MPLADS-000525,26.01,41.58,0,0.0,0.0,0.0,0.8722,0.2223,0.0,0.0,NORMAL_DISBURSEMENT_SCHEDULE,NONE,NONE
MPLADS-000526,19.41,33.02,0,0.0,0.0,0.0,0.8868,0.2222,0.0,0.0,NORMAL_DISBURSEMENT_SCHEDULE,NONE,NONE
MPLADS-000527,30.28,48.7,0,0.0,0.0,0.0,0.8821,0.2222,0.0,0.0,NORMAL_DISBURSEMENT_SCHEDULE,NONE,NONE
MPLADS-000528,45.83,74.04,0,0.0,0.0,0.0,0.869,0.2222,0.0,0.0,NORMAL_DISBURSEMENT_SCHEDULE,NONE,NONE
MPLADS-000529,18.25,31.3,0,0.0,0.0,0.0,0.8944,0.2222,0.0,0.0,NORMAL_DISBURSEMENT_SCHEDULE,NONE,NONE
MPLADS-000530,22.27,36.86,0,0.0,0.0,0.0,0.936,0.2222,0.0,0.0,NORMAL_DISBURSEMENT_SCHEDULE,NONE,NONE
MPLADS-000531,41.11,67.9,0,0.0,0.0,0.0,0.852,0.25,0.0,0.0,NORMAL_DISBURSEMENT_SCHEDULE,NONE,NONE
MPLADS-000532,13.55,23.44,0,0.0,0.0,0.0,0.9341,0.2222,0.0,0.0,NORMAL_DISBURSEMENT_SCHEDULE,NONE,NONE
MPLADS-000533,33.64,55.1,0,0.0,0.0,0.0,0.9226,0.25,0.0,0.0,NORMAL_DISBURSEMENT_SCHEDULE,NONE,NONE
MPLADS-000534,11.35,19.24,0,0.0,0.0,0.0,0.8827,0.2223,0.0,0.0,NORMAL_DISBURSEMENT_SCHEDULE,NONE,NONE
MPLADS-000535,14.4,25.06,0,0.0,0.0,0.0,0.9613,0.2222,0.0,0.0,NORMAL_DISBURSEMENT_SCHEDULE,NONE,NONE
MPLADS-000536,16.27,28.16,0,0.0,0.0,0.097,0.9191,0.2222,0.0,25.0,NORMAL_DISBURSEMENT_SCHEDULE,NONE,NONE
MPLADS-000537,4.43,6.68,0,0.0,0.0,0.0,0.9064,0.2222,0.0,0.0,NORMAL_DISBURSEMENT_SCHEDULE,NONE,NONE
MPLADS-000538,48.45,76.1,0,0.0,0.0,0.0,0.9779,0.2222,0.0,0.0,NORMAL_DISBURSEMENT_SCHEDULE,NONE,NONE
MPLADS-000539,10.03,16.78,0,0.0,0.0,0.0,0.8715,0.2222,0.0,0.0,NORMAL_DISBURSEMENT_SCHEDULE,NONE,NONE
MPLADS-000540,10.04,16.8,0,0.0,0.0,0.0,0.8849,0.2222,0.0,0.0,NORMAL_DISBURSEMENT_SCHEDULE,NONE,NONE
MPLADS-000541,73.75,93.08,0,1.0,2527000.0,0.0,0.866,0.2222,0.0,50.0,UNVERIFIED_DISBURSEMENT_BURST,NONE,NONE
MPLADS-000542,45.96,74.18,0,0.0,0.0,0.0,0.8688,0.2222,0.0,0.0,NORMAL_DISBURSEMENT_SCHEDULE,NONE,NONE
MPLADS-000543,7.83,12.68,0,0.0,0.0,0.0,0.9246,0.2222,0.0,0.0,NORMAL_DISBURSEMENT_SCHEDULE,NONE,NONE
MPLADS-000544,33.89,55.58,0,0.0,0.0,0.0,0.8946,0.25,0.0,0.0,NORMAL_DISBURSEMENT_SCHEDULE,NONE,NONE
MPLADS-000545,32.06,52.22,0,0.0,0.0,0.0,0.9784,0.2223,0.0,0.0,NORMAL_DISBURSEMENT_SCHEDULE,NONE,NONE
MPLADS-000546,25.24,40.66,0,0.0,0.0,0.0,0.8714,0.2223,0.0,0.0,NORMAL_DISBURSEMENT_SCHEDULE,NONE,NONE
MPLADS-000547,84.69,98.66,1,1.0,469000.0,0.0,0.859,0.25,0.0,50.0,UNVERIFIED_DISBURSEMENT_BURST,NONE,NONE
MPLADS-000548,18.4,31.56,0,0.0,0.0,0.0,0.9574,0.2222,0.0,0.0,NORMAL_DISBURSEMENT_SCHEDULE,NONE,NONE
MPLADS-000549,30.56,49.24,0,0.0,0.0,0.0,0.9001,0.25,0.0,0.0,NORMAL_DISBURSEMENT_SCHEDULE,NONE,NONE
MPLADS-000550,72.73,92.54,0,1.0,1274000.0,0.3966,0.869,0.2223,0.0,75.0,UNVERIFIED_DISBURSEMENT_BURST,STATUTORY_CEILING_SMURFING,NONE
MPLADS-000551,43.8,71.72,0,0.0,0.0,0.0,0.8789,0.2223,0.0,0.0,NORMAL_DISBURSEMENT_SCHEDULE,NONE,NONE
MPLADS-000552,47.08,75.14,0,0.0,0.0,0.4408,0.9762,0.2223,0.0,25.0,NORMAL_DISBURSEMENT_SCHEDULE,NONE,NONE
MPLADS-000553,38.24,63.5,0,0.0,0.0,0.0,0.9139,0.2222,0.0,0.0,NORMAL_DISBURSEMENT_SCHEDULE,NONE,NONE
MPLADS-000554,36.78,60.9,0,0.0,0.0,0.0,0.9219,0.25,0.0,0.0,NORMAL_DISBURSEMENT_SCHEDULE,NONE,NONE
MPLADS-000555,53.57,78.96,0,0.0,0.0,0.4273,0.9508,0.2222,0.0,25.0,NORMAL_DISBURSEMENT_SCHEDULE,NONE,NONE
MPLADS-000556,0.64,0.66,0,0.0,0.0,0.0,0.9225,0.2222,0.0,0.0,NORMAL_DISBURSEMENT_SCHEDULE,NONE,NONE
MPLADS-000557,54.6,79.48,0,0.0,0.0,0.0,1.4746,0.2222,0.0,0.0,NORMAL_DISBURSEMENT_SCHEDULE,NONE,NONE
MPLADS-000558,1.01,1.16,0,0.0,0.0,0.0,0.9044,0.2222,0.0,0.0,NORMAL_DISBURSEMENT_SCHEDULE,NONE,NONE
MPLADS-000559,49.12,76.52,0,0.0,0.0,0.6549,0.8558,0.2222,0.0,25.0,NORMAL_DISBURSEMENT_SCHEDULE,NONE,NONE
MPLADS-000560,40.97,67.66,0,0.0,0.0,0.0,0.9101,0.25,0.0,0.0,NORMAL_DISBURSEMENT_SCHEDULE,NONE,NONE
MPLADS-000561,14.7,25.6,0,0.0,0.0,0.0,0.9027,0.2222,0.0,0.0,NORMAL_DISBURSEMENT_SCHEDULE,NONE,NONE
MPLADS-000562,33.85,55.5,0,0.0,0.0,0.0,0.8607,0.2222,0.0,0.0,NORMAL_DISBURSEMENT_SCHEDULE,NONE,NONE
MPLADS-000563,14.76,25.7,0,0.0,0.0,0.0,0.8928,0.2223,0.0,0.0,NORMAL_DISBURSEMENT_SCHEDULE,NONE,NONE
MPLADS-000564,17.71,30.48,0,0.0,0.0,0.0,0.9625,0.2222,0.0,0.0,NORMAL_DISBURSEMENT_SCHEDULE,NONE,NONE
MPLADS-000565,6.63,10.4,0,0.0,0.0,0.0,0.9496,0.2222,0.0,0.0,NORMAL_DISBURSEMENT_SCHEDULE,NONE,NONE
MPLADS-000566,42.17,69.48,0,0.0,0.0,0.0,0.8685,0.25,0.0,0.0,NORMAL_DISBURSEMENT_SCHEDULE,NONE,NONE
MPLADS-000567,45.19,73.32,0,0.0,0.0,0.0,0.9755,0.25,0.0,0.0,NORMAL_DISBURSEMENT_SCHEDULE,NONE,NONE
MPLADS-000568,62.65,84.54,0,0.0,0.0,0.0,1.3539,0.2222,0.0,0.0,ELEVATED_PAYMENT_VOLATILITY,NONE,NONE
MPLADS-000569,6.86,10.86,0,0.0,0.0,0.0,0.9374,0.2222,0.0,0.0,NORMAL_DISBURSEMENT_SCHEDULE,NONE,NONE
MPLADS-000570,10.22,17.16,0,0.0,0.0,0.0,0.9304,0.2223,0.0,0.0,NORMAL_DISBURSEMENT_SCHEDULE,NONE,NONE
MPLADS-000571,38.39,63.76,0,0.0,0.0,0.0,0.9761,0.25,0.0,0.0,NORMAL_DISBURSEMENT_SCHEDULE,NONE,NONE
MPLADS-000572,12.47,21.38,0,0.0,0.0,0.0,0.8706,0.2222,0.0,0.0,NORMAL_DISBURSEMENT_SCHEDULE,NONE,NONE
MPLADS-000573,35.23,58.1,0,0.0,0.0,0.0,0.9164,0.25,0.0,0.0,NORMAL_DISBURSEMENT_SCHEDULE,NONE,NONE
MPLADS-000574,19.16,32.68,0,0.0,0.0,0.0,0.9288,0.2222,0.0,0.0,NORMAL_DISBURSEMENT_SCHEDULE,NONE,NONE
MPLADS-000575,5.0,7.62,0,0.0,0.0,0.0,0.9772,0.2222,0.0,0.0,NORMAL_DISBURSEMENT_SCHEDULE,NONE,NONE
MPLADS-000576,6.85,10.84,0,0.0,0.0,0.0,0.9372,0.2222,0.0,0.0,NORMAL_DISBURSEMENT_SCHEDULE,NONE,NONE
MPLADS-000577,36.23,59.88,0,0.0,0.0,0.0,0.948,0.25,0.0,0.0,NORMAL_DISBURSEMENT_SCHEDULE,NONE,NONE
MPLADS-000578,35.09,57.84,0,0.0,0.0,0.0,0.8829,0.25,0.0,0.0,NORMAL_DISBURSEMENT_SCHEDULE,NONE,NONE
MPLADS-000579,6.42,10.04,0,0.0,0.0,0.0,0.8991,0.2222,0.0,0.0,NORMAL_DISBURSEMENT_SCHEDULE,NONE,NONE
MPLADS-000580,84.08,98.36,1,0.0,0.0,0.0,0.8614,0.25,0.3466,0.0,PAYMENT_TIMING_ANOMALY,NONE,NONE
MPLADS-000581,44.11,72.12,0,0.0,0.0,0.0,0.9437,0.2222,0.0,0.0,NORMAL_DISBURSEMENT_SCHEDULE,NONE,NONE
MPLADS-000582,24.8,40.1,0,0.0,0.0,0.0,0.909,0.2222,0.0,0.0,NORMAL_DISBURSEMENT_SCHEDULE,NONE,NONE
MPLADS-000583,23.64,38.66,0,0.0,0.0,0.278,0.8577,0.2222,0.0,25.0,NORMAL_DISBURSEMENT_SCHEDULE,NONE,NONE
MPLADS-000584,58.86,82.04,0,0.0,0.0,0.0,0.8819,0.2222,0.0,0.0,NORMAL_DISBURSEMENT_SCHEDULE,NONE,NONE
MPLADS-000585,55.72,80.12,0,0.0,0.0,0.0,1.5084,0.2222,0.0,0.0,NORMAL_DISBURSEMENT_SCHEDULE,NONE,NONE
MPLADS-000586,58.18,81.64,0,0.0,0.0,0.0,0.9141,0.2222,0.0,25.0,NORMAL_DISBURSEMENT_SCHEDULE,NONE,NONE
MPLADS-000587,14.07,24.48,0,0.0,0.0,0.0,0.8699,0.2222,0.0,0.0,NORMAL_DISBURSEMENT_SCHEDULE,NONE,NONE
MPLADS-000588,39.6,65.66,0,0.0,0.0,0.2439,0.9506,0.2222,0.0,25.0,NORMAL_DISBURSEMENT_SCHEDULE,NONE,NONE
MPLADS-000589,53.44,78.9,0,0.0,0.0,0.0,0.8887,0.2222,0.0,0.0,NORMAL_DISBURSEMENT_SCHEDULE,NONE,NONE
MPLADS-000590,11.1,18.76,0,0.0,0.0,0.0,0.8814,0.2222,0.0,0.0,NORMAL_DISBURSEMENT_SCHEDULE,NONE,NONE
MPLADS-000591,10.93,18.46,0,0.0,0.0,0.0,0.9182,0.2222,0.0,0.0,NORMAL_DISBURSEMENT_SCHEDULE,NONE,NONE
MPLADS-000592,48.23,76.0,0,0.0,0.0,0.0,0.9377,0.2222,0.0,0.0,NORMAL_DISBURSEMENT_SCHEDULE,NONE,NONE
MPLADS-000593,30.93,49.94,0,0.0,0.0,0.0,0.9353,0.25,0.0,0.0,NORMAL_DISBURSEMENT_SCHEDULE,NONE,NONE
MPLADS-000594,10.92,18.44,0,0.0,0.0,0.0,0.966,0.2222,0.0,0.0,NORMAL_DISBURSEMENT_SCHEDULE,NONE,NONE
MPLADS-000595,14.64,25.5,0,0.0,0.0,0.0,0.8591,0.2223,0.0,0.0,NORMAL_DISBURSEMENT_SCHEDULE,NONE,NONE
MPLADS-000596,33.83,55.46,0,0.0,0.0,0.0,0.9589,0.2222,0.0,0.0,NORMAL_DISBURSEMENT_SCHEDULE,NONE,NONE
MPLADS-000597,11.61,19.74,0,0.0,0.0,0.0,0.9711,0.2222,0.0,0.0,NORMAL_DISBURSEMENT_SCHEDULE,NONE,NONE
MPLADS-000598,21.14,35.36,0,0.0,0.0,0.115,0.8521,0.2222,0.0,25.0,NORMAL_DISBURSEMENT_SCHEDULE,NONE,NONE
MPLADS-000599,10.7,18.04,0,0.0,0.0,0.0,0.8574,0.2222,0.0,0.0,NORMAL_DISBURSEMENT_SCHEDULE,NONE,NONE
MPLADS-000600,16.91,29.22,0,0.0,0.0,0.0,0.9221,0.2222,0.0,0.0,NORMAL_DISBURSEMENT_SCHEDULE,NONE,NONE
MPLADS-000601,71.37,91.78,0,1.0,3401000.0,0.0,1.0,0.2222,0.0,50.0,UNVERIFIED_DISBURSEMENT_BURST,NONE,NONE
MPLADS-000602,16.2,28.04,0,0.0,0.0,0.0,0.9581,0.2223,0.0,0.0,NORMAL_DISBURSEMENT_SCHEDULE,NONE,NONE
MPLADS-000603,15.94,27.64,0,0.0,0.0,0.0,0.9361,0.2222,0.0,0.0,NORMAL_DISBURSEMENT_SCHEDULE,NONE,NONE
MPLADS-000604,19.9,33.74,0,0.0,0.0,0.0,0.8611,0.2223,0.0,0.0,NORMAL_DISBURSEMENT_SCHEDULE,NONE,NONE
MPLADS-000605,69.81,90.8,0,0.0,0.0,0.0,0.9369,0.2222,0.231,0.0,PAYMENT_TIMING_ANOMALY,NONE,NONE
MPLADS-000606,15.72,27.24,0,0.0,0.0,0.0,0.9703,0.2222,0.0,0.0,NORMAL_DISBURSEMENT_SCHEDULE,NONE,NONE
MPLADS-000607,6.13,9.56,0,0.0,0.0,0.0,0.8882,0.2222,0.0,0.0,NORMAL_DISBURSEMENT_SCHEDULE,NONE,NONE
MPLADS-000608,61.34,83.46,0,0.0,0.0,0.0,0.9128,0.2222,0.0,0.0,ELEVATED_PAYMENT_VOLATILITY,NONE,NONE
MPLADS-000609,8.33,13.64,0,0.0,0.0,0.0,0.972,0.2222,0.0,0.0,NORMAL_DISBURSEMENT_SCHEDULE,NONE,NONE
MPLADS-000610,5.26,8.04,0,0.0,0.0,0.0,0.8717,0.2222,0.0,0.0,NORMAL_DISBURSEMENT_SCHEDULE,NONE,NONE
MPLADS-000611,18.63,31.9,0,0.0,0.0,0.0,0.8787,0.2223,0.0,0.0,NORMAL_DISBURSEMENT_SCHEDULE,NONE,NONE
MPLADS-000612,14.43,25.12,0,0.0,0.0,0.0,0.9741,0.2222,0.0,0.0,NORMAL_DISBURSEMENT_SCHEDULE,NONE,NONE
MPLADS-000613,3.7,5.48,0,0.0,0.0,0.0,0.9107,0.2222,0.0,0.0,NORMAL_DISBURSEMENT_SCHEDULE,NONE,NONE
MPLADS-000614,7.98,12.94,0,0.0,0.0,0.0,0.9781,0.2222,0.0,0.0,NORMAL_DISBURSEMENT_SCHEDULE,NONE,NONE
MPLADS-000615,0.52,0.48,0,0.0,0.0,0.0,0.9346,0.2222,0.0,0.0,NORMAL_DISBURSEMENT_SCHEDULE,NONE,NONE
MPLADS-000616,11.75,20.0,0,0.0,0.0,0.0,0.9798,0.2222,0.0,0.0,NORMAL_DISBURSEMENT_SCHEDULE,NONE,NONE
MPLADS-000617,22.4,37.08,0,0.0,0.0,0.4408,0.9453,0.2222,0.0,25.0,NORMAL_DISBURSEMENT_SCHEDULE,NONE,NONE
MPLADS-000618,72.72,92.52,0,1.0,2292000.0,0.0,1.0,0.2222,0.0,50.0,UNVERIFIED_DISBURSEMENT_BURST,NONE,NONE
MPLADS-000619,59.37,82.36,0,0.0,0.0,0.0,1.5967,0.2222,0.0,0.0,NORMAL_DISBURSEMENT_SCHEDULE,NONE,NONE
MPLADS-000620,9.48,15.74,0,0.0,0.0,0.0,0.8956,0.2223,0.0,0.0,NORMAL_DISBURSEMENT_SCHEDULE,NONE,NONE
MPLADS-000621,84.75,98.7,1,0.0,0.0,0.0,0.8763,0.25,0.3466,0.0,PAYMENT_TIMING_ANOMALY,NONE,NONE
MPLADS-000622,36.59,60.54,0,0.0,0.0,0.6065,0.9616,0.2222,0.0,25.0,NORMAL_DISBURSEMENT_SCHEDULE,NONE,NONE
MPLADS-000623,6.24,9.72,0,0.0,0.0,0.0,0.9059,0.2222,0.0,0.0,NORMAL_DISBURSEMENT_SCHEDULE,NONE,NONE
MPLADS-000624,64.32,86.02,0,1.0,2614000.0,0.0,0.8861,0.2222,0.0,50.0,UNVERIFIED_DISBURSEMENT_BURST,NONE,NONE
MPLADS-000625,17.73,30.52,0,0.0,0.0,0.0,0.953,0.2222,0.0,0.0,NORMAL_DISBURSEMENT_SCHEDULE,NONE,NONE
MPLADS-000626,29.99,48.18,0,0.0,0.0,0.0,0.9206,0.2222,0.0,0.0,NORMAL_DISBURSEMENT_SCHEDULE,NONE,NONE
MPLADS-000627,3.63,5.34,0,0.0,0.0,0.0,0.8976,0.2222,0.0,0.0,NORMAL_DISBURSEMENT_SCHEDULE,NONE,NONE
MPLADS-000628,21.75,36.18,0,0.0,0.0,0.0,0.9462,0.2222,0.0,0.0,NORMAL_DISBURSEMENT_SCHEDULE,NONE,NONE
MPLADS-000629,73.04,92.7,0,1.0,2044000.0,0.0,0.8639,0.2222,0.0,50.0,UNVERIFIED_DISBURSEMENT_BURST,NONE,NONE
MPLADS-000630,2.99,4.34,0,0.0,0.0,0.0,0.8918,0.2222,0.0,0.0,NORMAL_DISBURSEMENT_SCHEDULE,NONE,NONE
MPLADS-000631,22.05,36.58,0,0.0,0.0,0.0111,0.8796,0.2222,0.0,25.0,NORMAL_DISBURSEMENT_SCHEDULE,NONE,NONE
MPLADS-000632,83.16,98.0,1,0.0,0.0,0.0,0.8722,0.25,0.3466,0.0,PAYMENT_TIMING_ANOMALY,NONE,NONE
MPLADS-000633,40.22,66.68,0,0.0,0.0,0.0,0.8958,0.2222,0.0,0.0,NORMAL_DISBURSEMENT_SCHEDULE,NONE,NONE
MPLADS-000634,36.49,60.36,0,0.0,0.0,0.0,0.8786,0.25,0.0,0.0,NORMAL_DISBURSEMENT_SCHEDULE,NONE,NONE
MPLADS-000635,15.16,26.34,0,0.0,0.0,0.0031,0.877,0.2222,0.0,25.0,NORMAL_DISBURSEMENT_SCHEDULE,NONE,NONE
MPLADS-000636,22.37,37.04,0,0.0,0.0,0.0,0.8802,0.2222,0.0,0.0,NORMAL_DISBURSEMENT_SCHEDULE,NONE,NONE
MPLADS-000637,49.85,76.94,0,0.0,0.0,0.0,0.6029,0.2222,0.0,0.0,NORMAL_DISBURSEMENT_SCHEDULE,NONE,NONE
MPLADS-000638,0.76,0.8,0,0.0,0.0,0.0,0.9115,0.2222,0.0,0.0,NORMAL_DISBURSEMENT_SCHEDULE,NONE,NONE
MPLADS-000639,33.8,55.4,0,0.0,0.0,0.0,0.87,0.2222,0.0,25.0,NORMAL_DISBURSEMENT_SCHEDULE,NONE,NONE
MPLADS-000640,26.98,42.96,0,0.0,0.0,0.0,0.8626,0.2222,0.0,0.0,NORMAL_DISBURSEMENT_SCHEDULE,NONE,NONE
MPLADS-000641,25.64,41.08,0,0.0,0.0,0.0,0.8932,0.2222,0.0,0.0,NORMAL_DISBURSEMENT_SCHEDULE,NONE,NONE
MPLADS-000642,45.06,73.14,0,0.0,0.0,0.0,0.9578,0.2222,0.0,0.0,NORMAL_DISBURSEMENT_SCHEDULE,NONE,NONE
MPLADS-000643,78.2,95.4,1,1.0,9727000.0,0.0,0.874,0.2222,0.0,50.0,UNVERIFIED_DISBURSEMENT_BURST,NONE,NONE
MPLADS-000644,33.96,55.72,0,0.0,0.0,0.0,0.8841,0.25,0.0,0.0,NORMAL_DISBURSEMENT_SCHEDULE,NONE,NONE
MPLADS-000645,9.8,16.32,0,0.0,0.0,0.0,0.8538,0.2222,0.0,0.0,NORMAL_DISBURSEMENT_SCHEDULE,NONE,NONE
MPLADS-000646,26.63,42.44,0,0.0,0.0,0.0,0.9325,0.2222,0.0,0.0,NORMAL_DISBURSEMENT_SCHEDULE,NONE,NONE
MPLADS-000647,64.63,86.36,0,0.0,0.0,0.0068,1.4267,0.2222,0.0,25.0,STATUTORY_CEILING_SMURFING,NONE,NONE
MPLADS-000648,12.83,22.08,0,0.0,0.0,0.0,0.9676,0.2222,0.0,0.0,NORMAL_DISBURSEMENT_SCHEDULE,NONE,NONE
MPLADS-000649,3.05,4.42,0,0.0,0.0,0.0,0.944,0.2222,0.0,0.0,NORMAL_DISBURSEMENT_SCHEDULE,NONE,NONE
MPLADS-000650,63.73,85.5,0,0.0,0.0,0.0,0.881,0.25,0.0,0.0,ELEVATED_PAYMENT_VOLATILITY,NONE,NONE
MPLADS-000651,21.35,35.62,0,0.0,0.0,0.0,0.9705,0.2222,0.0,0.0,NORMAL_DISBURSEMENT_SCHEDULE,NONE,NONE
MPLADS-000652,65.49,87.2,0,0.0,0.0,0.0,0.9387,0.2222,0.231,0.0,PAYMENT_TIMING_ANOMALY,NONE,NONE
MPLADS-000653,24.27,39.5,0,0.0,0.0,0.0,0.9096,0.2223,0.0,0.0,NORMAL_DISBURSEMENT_SCHEDULE,NONE,NONE
MPLADS-000654,73.19,92.84,0,1.0,1656000.0,0.0,0.8841,0.2222,0.0,50.0,UNVERIFIED_DISBURSEMENT_BURST,NONE,NONE
MPLADS-000655,8.25,13.48,0,0.0,0.0,0.0,0.966,0.2222,0.0,0.0,NORMAL_DISBURSEMENT_SCHEDULE,NONE,NONE
MPLADS-000656,25.22,40.64,0,0.0,0.0,0.0,0.9161,0.2223,0.0,0.0,NORMAL_DISBURSEMENT_SCHEDULE,NONE,NONE
MPLADS-000657,43.75,71.66,0,0.0,0.0,0.0,0.977,0.25,0.0,0.0,NORMAL_DISBURSEMENT_SCHEDULE,NONE,NONE
MPLADS-000658,29.1,46.5,0,0.0,0.0,0.0,0.9213,0.25,0.0,0.0,NORMAL_DISBURSEMENT_SCHEDULE,NONE,NONE
MPLADS-000659,21.02,35.24,0,0.0,0.0,0.0,0.9329,0.2222,0.0,0.0,NORMAL_DISBURSEMENT_SCHEDULE,NONE,NONE
MPLADS-000660,43.45,71.26,0,0.0,0.0,0.0,0.8555,0.25,0.0,0.0,NORMAL_DISBURSEMENT_SCHEDULE,NONE,NONE
MPLADS-000661,23.01,37.86,0,0.0,0.0,0.0,0.9002,0.2222,0.0,0.0,NORMAL_DISBURSEMENT_SCHEDULE,NONE,NONE
MPLADS-000662,64.06,85.76,0,1.0,2065000.0,0.0,0.9273,0.2222,0.0,50.0,UNVERIFIED_DISBURSEMENT_BURST,NONE,NONE
MPLADS-000663,10.15,17.02,0,0.0,0.0,0.0,0.9453,0.2223,0.0,0.0,NORMAL_DISBURSEMENT_SCHEDULE,NONE,NONE
MPLADS-000664,13.38,23.14,0,0.0,0.0,0.0,0.961,0.2222,0.0,0.0,NORMAL_DISBURSEMENT_SCHEDULE,NONE,NONE
MPLADS-000665,80.97,96.8,1,1.0,818000.0,0.0,0.8539,0.25,0.0,50.0,UNVERIFIED_DISBURSEMENT_BURST,NONE,NONE
MPLADS-000666,36.54,60.44,0,0.0,0.0,0.0,0.9688,0.2222,0.0,25.0,NORMAL_DISBURSEMENT_SCHEDULE,NONE,NONE
MPLADS-000667,4.15,6.24,0,0.0,0.0,0.0,0.87,0.2222,0.0,0.0,NORMAL_DISBURSEMENT_SCHEDULE,NONE,NONE
MPLADS-000668,9.1,15.06,0,0.0,0.0,0.0,0.88,0.2222,0.0,0.0,NORMAL_DISBURSEMENT_SCHEDULE,NONE,NONE
MPLADS-000669,6.45,10.08,0,0.0,0.0,0.0,0.885,0.2222,0.0,0.0,NORMAL_DISBURSEMENT_SCHEDULE,NONE,NONE
MPLADS-000670,15.88,27.52,0,0.0,0.0,0.0,0.9625,0.2223,0.0,0.0,NORMAL_DISBURSEMENT_SCHEDULE,NONE,NONE
MPLADS-000671,65.78,87.48,0,0.0,0.0,0.0,0.9276,0.25,0.0,0.0,ELEVATED_PAYMENT_VOLATILITY,NONE,NONE
MPLADS-000672,44.39,72.44,0,0.0,0.0,0.0,0.8545,0.25,0.0,0.0,NORMAL_DISBURSEMENT_SCHEDULE,NONE,NONE
MPLADS-000673,0.81,0.88,0,0.0,0.0,0.0,0.9214,0.2222,0.0,0.0,NORMAL_DISBURSEMENT_SCHEDULE,NONE,NONE
MPLADS-000674,61.63,83.62,0,0.0,0.0,0.0,1.2826,0.25,0.0,0.0,ELEVATED_PAYMENT_VOLATILITY,NONE,NONE
MPLADS-000675,21.03,35.26,0,0.0,0.0,0.0,0.9102,0.2222,0.0,0.0,NORMAL_DISBURSEMENT_SCHEDULE,NONE,NONE
MPLADS-000676,29.34,46.96,0,0.0,0.0,0.0,0.9029,0.2222,0.0,0.0,NORMAL_DISBURSEMENT_SCHEDULE,NONE,NONE
MPLADS-000677,71.45,91.84,0,1.0,3404000.0,0.0,0.926,0.2222,0.0,50.0,UNVERIFIED_DISBURSEMENT_BURST,NONE,NONE
MPLADS-000678,93.67,99.64,1,1.0,2582000.0,0.0,1.0,0.2222,0.231,50.0,UNVERIFIED_DISBURSEMENT_BURST,PAYMENT_TIMING_ANOMALY,NONE
MPLADS-000679,32.18,52.42,0,0.0,0.0,0.0,0.8578,0.2222,0.0,0.0,NORMAL_DISBURSEMENT_SCHEDULE,NONE,NONE
MPLADS-000680,20.06,33.96,0,0.0,0.0,0.3753,0.9221,0.2222,0.0,25.0,NORMAL_DISBURSEMENT_SCHEDULE,NONE,NONE
MPLADS-000681,42.3,69.66,0,0.0,0.0,0.0288,0.9097,0.2222,0.0,25.0,NORMAL_DISBURSEMENT_SCHEDULE,NONE,NONE
MPLADS-000682,19.71,33.5,0,0.0,0.0,0.0,0.9135,0.2222,0.0,0.0,NORMAL_DISBURSEMENT_SCHEDULE,NONE,NONE
MPLADS-000683,2.89,4.18,0,0.0,0.0,0.0,0.8779,0.2222,0.0,0.0,NORMAL_DISBURSEMENT_SCHEDULE,NONE,NONE
MPLADS-000684,42.38,69.76,0,0.0,0.0,0.0,0.914,0.2222,0.0,0.0,NORMAL_DISBURSEMENT_SCHEDULE,NONE,NONE
MPLADS-000685,0.93,1.04,0,0.0,0.0,0.0,0.9399,0.2222,0.0,0.0,NORMAL_DISBURSEMENT_SCHEDULE,NONE,NONE
MPLADS-000686,30.29,48.72,0,0.0,0.0,0.0,0.9147,0.25,0.0,0.0,NORMAL_DISBURSEMENT_SCHEDULE,NONE,NONE
MPLADS-000687,5.64,8.64,0,0.0,0.0,0.0,0.8937,0.2222,0.0,0.0,NORMAL_DISBURSEMENT_SCHEDULE,NONE,NONE
MPLADS-000688,41.44,68.34,0,0.0,0.0,0.0,0.9688,0.25,0.0,0.0,NORMAL_DISBURSEMENT_SCHEDULE,NONE,NONE
MPLADS-000689,3.82,5.68,0,0.0,0.0,0.0,0.9389,0.2222,0.0,0.0,NORMAL_DISBURSEMENT_SCHEDULE,NONE,NONE
MPLADS-000690,40.09,66.44,0,0.0,0.0,0.7492,0.9446,0.2222,0.0,25.0,NORMAL_DISBURSEMENT_SCHEDULE,NONE,NONE
MPLADS-000691,3.13,4.58,0,0.0,0.0,0.0,0.8597,0.2222,0.0,0.0,NORMAL_DISBURSEMENT_SCHEDULE,NONE,NONE
MPLADS-000692,21.61,35.96,0,0.0,0.0,0.0,0.8527,0.2222,0.0,0.0,NORMAL_DISBURSEMENT_SCHEDULE,NONE,NONE
MPLADS-000693,16.73,28.94,0,0.0,0.0,0.0,0.8569,0.2222,0.0,0.0,NORMAL_DISBURSEMENT_SCHEDULE,NONE,NONE
MPLADS-000694,35.75,59.04,0,0.0,0.0,0.0,0.8843,0.25,0.0,0.0,NORMAL_DISBURSEMENT_SCHEDULE,NONE,NONE
MPLADS-000695,68.08,89.5,0,1.0,1694000.0,0.0,0.9152,0.2223,0.0,50.0,UNVERIFIED_DISBURSEMENT_BURST,NONE,NONE
MPLADS-000696,17.57,30.26,0,0.0,0.0,0.0,0.9324,0.2223,0.0,0.0,NORMAL_DISBURSEMENT_SCHEDULE,NONE,NONE
MPLADS-000697,66.64,88.28,0,0.0,0.0,0.0,0.9005,0.25,0.0,0.0,ELEVATED_PAYMENT_VOLATILITY,NONE,NONE
MPLADS-000698,12.85,22.12,0,0.0,0.0,0.0,0.94,0.2222,0.0,0.0,NORMAL_DISBURSEMENT_SCHEDULE,NONE,NONE
MPLADS-000699,12.07,20.58,0,0.0,0.0,0.0,0.9358,0.2222,0.0,0.0,NORMAL_DISBURSEMENT_SCHEDULE,NONE,NONE
MPLADS-000700,20.71,34.86,0,0.0,0.0,0.0,0.9491,0.2222,0.0,0.0,NORMAL_DISBURSEMENT_SCHEDULE,NONE,NONE
MPLADS-000701,27.79,44.18,0,0.0,0.0,0.0,0.9017,0.25,0.0,0.0,NORMAL_DISBURSEMENT_SCHEDULE,NONE,NONE
MPLADS-000702,20.85,35.0,0,0.0,0.0,0.0013,0.9323,0.2222,0.0,25.0,NORMAL_DISBURSEMENT_SCHEDULE,NONE,NONE
MPLADS-000703,7.26,11.56,0,0.0,0.0,0.0,0.8813,0.2222,0.0,0.0,NORMAL_DISBURSEMENT_SCHEDULE,NONE,NONE
MPLADS-000704,4.05,6.1,0,0.0,0.0,0.0,0.9036,0.2222,0.0,0.0,NORMAL_DISBURSEMENT_SCHEDULE,NONE,NONE
MPLADS-000705,46.19,74.38,0,0.0,0.0,0.0,0.9674,0.2222,0.0,0.0,NORMAL_DISBURSEMENT_SCHEDULE,NONE,NONE
MPLADS-000706,13.26,22.92,0,0.0,0.0,0.0,0.9177,0.2223,0.0,0.0,NORMAL_DISBURSEMENT_SCHEDULE,NONE,NONE
MPLADS-000707,53.5,78.92,0,0.0,0.0,0.9928,0.9443,0.2222,0.0,25.0,NORMAL_DISBURSEMENT_SCHEDULE,NONE,NONE
MPLADS-000708,31.71,51.54,0,0.0,0.0,0.0,0.9058,0.25,0.0,0.0,NORMAL_DISBURSEMENT_SCHEDULE,NONE,NONE
MPLADS-000709,36.94,61.2,0,0.0,0.0,0.0,0.9643,0.25,0.0,0.0,NORMAL_DISBURSEMENT_SCHEDULE,NONE,NONE
MPLADS-000710,36.69,60.72,0,0.0,0.0,0.0,0.9167,0.25,0.0,0.0,NORMAL_DISBURSEMENT_SCHEDULE,NONE,NONE
MPLADS-000711,56.33,80.52,0,0.0,0.0,0.0,0.9318,0.2222,0.0,0.0,NORMAL_DISBURSEMENT_SCHEDULE,NONE,NONE
MPLADS-000712,11.98,20.44,0,0.0,0.0,0.0,0.9719,0.2222,0.0,0.0,NORMAL_DISBURSEMENT_SCHEDULE,NONE,NONE
MPLADS-000713,26.75,42.6,0,0.0,0.0,0.0,0.8681,0.2222,0.0,0.0,NORMAL_DISBURSEMENT_SCHEDULE,NONE,NONE
MPLADS-000714,35.78,59.08,0,0.0,0.0,0.0,0.949,0.25,0.0,0.0,NORMAL_DISBURSEMENT_SCHEDULE,NONE,NONE
MPLADS-000715,0.12,0.1,0,0.0,0.0,0.0,0.9234,0.2222,0.0,0.0,NORMAL_DISBURSEMENT_SCHEDULE,NONE,NONE
MPLADS-000716,76.01,94.02,0,0.0,0.0,0.0,1.3591,0.2223,0.0,0.0,ELEVATED_PAYMENT_VOLATILITY,NONE,NONE
MPLADS-000717,34.77,57.2,0,0.0,0.0,0.0,0.8711,0.2222,0.0,0.0,NORMAL_DISBURSEMENT_SCHEDULE,NONE,NONE
MPLADS-000718,3.51,5.14,0,0.0,0.0,0.0,0.9114,0.2222,0.0,0.0,NORMAL_DISBURSEMENT_SCHEDULE,NONE,NONE
MPLADS-000719,35.05,57.76,0,0.0,0.0,0.0,0.9559,0.25,0.0,0.0,NORMAL_DISBURSEMENT_SCHEDULE,NONE,NONE
MPLADS-000720,2.05,2.9,0,0.0,0.0,0.0,0.8858,0.2222,0.0,0.0,NORMAL_DISBURSEMENT_SCHEDULE,NONE,NONE
MPLADS-000721,50.93,77.48,0,0.0,0.0,0.0,0.9644,0.2223,0.0,0.0,NORMAL_DISBURSEMENT_SCHEDULE,NONE,NONE
MPLADS-000722,2.72,3.96,0,0.0,0.0,0.0,0.9597,0.2222,0.0,0.0,NORMAL_DISBURSEMENT_SCHEDULE,NONE,NONE
MPLADS-000723,98.61,99.94,1,1.0,846000.0,0.0,0.957,0.25,0.3466,50.0,UNVERIFIED_DISBURSEMENT_BURST,PAYMENT_TIMING_ANOMALY,NONE
MPLADS-000724,67.41,88.98,0,1.0,2120000.0,0.0,1.0,0.2222,0.0,50.0,UNVERIFIED_DISBURSEMENT_BURST,NONE,NONE
MPLADS-000725,31.53,51.18,0,0.0,0.0,0.0,0.9046,0.2222,0.0,0.0,NORMAL_DISBURSEMENT_SCHEDULE,NONE,NONE
MPLADS-000726,27.92,44.36,0,0.0,0.0,0.0,0.8896,0.2222,0.0,0.0,NORMAL_DISBURSEMENT_SCHEDULE,NONE,NONE
MPLADS-000727,16.75,28.98,0,0.0,0.0,0.0,0.8866,0.2223,0.0,0.0,NORMAL_DISBURSEMENT_SCHEDULE,NONE,NONE
MPLADS-000728,24.52,39.74,0,0.0,0.0,0.0,0.9577,0.2223,0.0,0.0,NORMAL_DISBURSEMENT_SCHEDULE,NONE,NONE
MPLADS-000729,13.28,22.96,0,0.0,0.0,0.0,0.9144,0.2223,0.0,0.0,NORMAL_DISBURSEMENT_SCHEDULE,NONE,NONE
MPLADS-000730,8.88,14.68,0,0.0,0.0,0.0,0.8744,0.2222,0.0,0.0,NORMAL_DISBURSEMENT_SCHEDULE,NONE,NONE
MPLADS-000731,36.36,60.12,0,0.0,0.0,0.0,0.9024,0.25,0.0,0.0,NORMAL_DISBURSEMENT_SCHEDULE,NONE,NONE
MPLADS-000732,33.53,54.86,0,0.0,0.0,0.0,0.9531,0.25,0.0,0.0,NORMAL_DISBURSEMENT_SCHEDULE,NONE,NONE
MPLADS-000733,34.06,55.9,0,0.0,0.0,0.0,0.8793,0.25,0.0,0.0,NORMAL_DISBURSEMENT_SCHEDULE,NONE,NONE
MPLADS-000734,34.94,57.54,0,0.0,0.0,0.0,0.8726,0.25,0.0,0.0,NORMAL_DISBURSEMENT_SCHEDULE,NONE,NONE
MPLADS-000735,33.12,54.14,0,0.0,0.0,0.0,0.8788,0.25,0.0,0.0,NORMAL_DISBURSEMENT_SCHEDULE,NONE,NONE
MPLADS-000736,32.34,52.74,0,0.0,0.0,0.0,0.933,0.25,0.0,0.0,NORMAL_DISBURSEMENT_SCHEDULE,NONE,NONE
MPLADS-000737,22.71,37.46,0,0.0,0.0,0.0,0.9138,0.2222,0.0,0.0,NORMAL_DISBURSEMENT_SCHEDULE,NONE,NONE
MPLADS-000738,47.81,75.64,0,0.0,0.0,0.0,1.2669,0.2222,0.0,0.0,NORMAL_DISBURSEMENT_SCHEDULE,NONE,NONE
MPLADS-000739,63.23,85.06,0,1.0,1446000.0,0.0,0.8849,0.2222,0.0,50.0,UNVERIFIED_DISBURSEMENT_BURST,NONE,NONE
MPLADS-000740,28.11,44.66,0,0.0,0.0,0.0,0.872,0.2222,0.0,0.0,NORMAL_DISBURSEMENT_SCHEDULE,NONE,NONE
MPLADS-000741,79.89,96.24,1,0.0,0.0,0.0,1.5894,0.2222,0.0,0.0,ELEVATED_PAYMENT_VOLATILITY,NONE,NONE
MPLADS-000742,69.68,90.74,0,0.0,0.0,0.0,0.9183,0.2223,0.231,0.0,PAYMENT_TIMING_ANOMALY,NONE,NONE
MPLADS-000743,40.48,67.04,0,0.0,0.0,0.0,0.9772,0.25,0.0,0.0,NORMAL_DISBURSEMENT_SCHEDULE,NONE,NONE
MPLADS-000744,13.82,23.98,0,0.0,0.0,0.0,0.9674,0.2222,0.0,0.0,NORMAL_DISBURSEMENT_SCHEDULE,NONE,NONE
MPLADS-000745,43.96,71.92,0,0.0,0.0,0.0,0.8575,0.25,0.0,0.0,NORMAL_DISBURSEMENT_SCHEDULE,NONE,NONE
MPLADS-000746,48.07,75.86,0,0.0,0.0,0.0,0.9788,0.2222,0.0,0.0,NORMAL_DISBURSEMENT_SCHEDULE,NONE,NONE
MPLADS-000747,40.93,67.6,0,0.0,0.0,0.0,0.8622,0.25,0.0,0.0,NORMAL_DISBURSEMENT_SCHEDULE,NONE,NONE
MPLADS-000748,56.66,80.74,0,0.0,0.0,0.0,0.4042,0.2222,0.0,0.0,NORMAL_DISBURSEMENT_SCHEDULE,NONE,NONE
MPLADS-000749,41.93,69.06,0,0.0,0.0,0.0,0.9747,0.25,0.0,0.0,NORMAL_DISBURSEMENT_SCHEDULE,NONE,NONE
MPLADS-000750,20.94,35.16,0,0.0,0.0,0.1583,0.8967,0.2222,0.0,25.0,NORMAL_DISBURSEMENT_SCHEDULE,NONE,NONE
MPLADS-000751,79.64,96.1,1,1.0,988000.0,0.0,0.9436,0.25,0.0,50.0,UNVERIFIED_DISBURSEMENT_BURST,NONE,NONE
MPLADS-000752,33.62,55.06,0,0.0,0.0,0.0,0.8845,0.25,0.0,0.0,NORMAL_DISBURSEMENT_SCHEDULE,NONE,NONE
MPLADS-000753,47.77,75.6,0,0.0,0.0,0.7717,0.855,0.2222,0.0,25.0,NORMAL_DISBURSEMENT_SCHEDULE,NONE,NONE
MPLADS-000754,41.51,68.46,0,0.0,0.0,0.0,0.8833,0.2222,0.0,0.0,NORMAL_DISBURSEMENT_SCHEDULE,NONE,NONE
MPLADS-000755,21.6,35.94,0,0.0,0.0,0.0,0.9663,0.2222,0.0,0.0,NORMAL_DISBURSEMENT_SCHEDULE,NONE,NONE
MPLADS-000756,51.17,77.6,0,0.0,0.0,0.0,1.3956,0.2222,0.0,0.0,NORMAL_DISBURSEMENT_SCHEDULE,NONE,NONE
MPLADS-000757,16.6,28.74,0,0.0,0.0,0.0,0.8818,0.2222,0.0,0.0,NORMAL_DISBURSEMENT_SCHEDULE,NONE,NONE
MPLADS-000758,38.12,63.32,0,0.0,0.0,0.0,0.8765,0.25,0.0,0.0,NORMAL_DISBURSEMENT_SCHEDULE,NONE,NONE
MPLADS-000759,57.73,81.42,0,0.0,0.0,0.0,1.47,0.2222,0.0,0.0,NORMAL_DISBURSEMENT_SCHEDULE,NONE,NONE
MPLADS-000760,3.31,4.82,0,0.0,0.0,0.0,0.9005,0.2222,0.0,0.0,NORMAL_DISBURSEMENT_SCHEDULE,NONE,NONE
MPLADS-000761,13.19,22.78,0,0.0,0.0,0.0,0.8658,0.2222,0.0,0.0,NORMAL_DISBURSEMENT_SCHEDULE,NONE,NONE
MPLADS-000762,38.72,64.3,0,0.0,0.0,0.0,0.8614,0.2222,0.0,0.0,NORMAL_DISBURSEMENT_SCHEDULE,NONE,NONE
MPLADS-000763,27.41,43.54,0,0.0,0.0,0.0,0.9161,0.25,0.0,0.0,NORMAL_DISBURSEMENT_SCHEDULE,NONE,NONE
MPLADS-000764,51.84,77.9,0,0.0,0.0,0.0,0.962,0.2223,0.0,0.0,NORMAL_DISBURSEMENT_SCHEDULE,NONE,NONE
MPLADS-000765,86.89,99.12,1,0.0,0.0,0.0,0.9614,0.25,0.3466,0.0,PAYMENT_TIMING_ANOMALY,NONE,NONE
MPLADS-000766,22.08,36.62,0,0.0,0.0,0.0,0.8682,0.2222,0.0,0.0,NORMAL_DISBURSEMENT_SCHEDULE,NONE,NONE
MPLADS-000767,3.8,5.64,0,0.0,0.0,0.0,0.8756,0.2222,0.0,0.0,NORMAL_DISBURSEMENT_SCHEDULE,NONE,NONE
MPLADS-000768,27.2,43.26,0,0.0,0.0,0.0,0.934,0.2223,0.0,0.0,NORMAL_DISBURSEMENT_SCHEDULE,NONE,NONE
MPLADS-000769,9.95,16.64,0,0.0,0.0,0.0,0.8828,0.2222,0.0,0.0,NORMAL_DISBURSEMENT_SCHEDULE,NONE,NONE
MPLADS-000770,17.98,30.88,0,0.0,0.0,0.0,0.9748,0.2222,0.0,0.0,NORMAL_DISBURSEMENT_SCHEDULE,NONE,NONE
MPLADS-000771,12.13,20.68,0,0.0,0.0,0.0,0.9584,0.2222,0.0,0.0,NORMAL_DISBURSEMENT_SCHEDULE,NONE,NONE
MPLADS-000772,35.19,58.0,0,0.0,0.0,0.0,0.8561,0.2222,0.0,0.0,NORMAL_DISBURSEMENT_SCHEDULE,NONE,NONE
MPLADS-000773,31.15,50.38,0,0.0,0.0,0.0,0.9223,0.25,0.0,0.0,NORMAL_DISBURSEMENT_SCHEDULE,NONE,NONE
MPLADS-000774,17.2,29.72,0,0.0,0.0,0.0,0.9749,0.2222,0.0,0.0,NORMAL_DISBURSEMENT_SCHEDULE,NONE,NONE
MPLADS-000775,15.36,26.68,0,0.0,0.0,0.0,0.8993,0.2222,0.0,0.0,NORMAL_DISBURSEMENT_SCHEDULE,NONE,NONE
MPLADS-000776,63.79,85.54,0,0.0,0.0,0.0,1.3198,0.2222,0.0,0.0,ELEVATED_PAYMENT_VOLATILITY,NONE,NONE
MPLADS-000777,27.18,43.24,0,0.0,0.0,0.0,0.9757,0.2222,0.0,0.0,NORMAL_DISBURSEMENT_SCHEDULE,NONE,NONE
MPLADS-000778,43.94,71.88,0,0.0,0.0,0.0,0.975,0.25,0.0,0.0,NORMAL_DISBURSEMENT_SCHEDULE,NONE,NONE
MPLADS-000779,81.67,97.14,1,1.0,602000.0,0.0,0.9556,0.25,0.0,50.0,UNVERIFIED_DISBURSEMENT_BURST,NONE,NONE
MPLADS-000780,15.3,26.58,0,0.0,0.0,0.0,0.9615,0.2223,0.0,0.0,NORMAL_DISBURSEMENT_SCHEDULE,NONE,NONE
MPLADS-000781,73.7,93.02,0,0.0,0.0,0.0,0.9357,0.2222,0.231,0.0,PAYMENT_TIMING_ANOMALY,NONE,NONE
MPLADS-000782,31.22,50.52,0,0.0,0.0,0.0,0.9364,0.25,0.0,0.0,NORMAL_DISBURSEMENT_SCHEDULE,NONE,NONE
MPLADS-000783,13.97,24.28,0,0.0,0.0,0.0,0.974,0.2223,0.0,0.0,NORMAL_DISBURSEMENT_SCHEDULE,NONE,NONE
MPLADS-000784,41.99,69.16,0,0.0,0.0,0.0,0.8526,0.25,0.0,0.0,NORMAL_DISBURSEMENT_SCHEDULE,NONE,NONE
MPLADS-000785,15.92,27.6,0,0.0,0.0,0.0,0.8503,0.2222,0.0,0.0,NORMAL_DISBURSEMENT_SCHEDULE,NONE,NONE
MPLADS-000786,12.79,22.0,0,0.0,0.0,0.0,0.8919,0.2222,0.0,0.0,NORMAL_DISBURSEMENT_SCHEDULE,NONE,NONE
MPLADS-000787,32.4,52.88,0,0.0,0.0,0.0,0.9043,0.25,0.0,0.0,NORMAL_DISBURSEMENT_SCHEDULE,NONE,NONE
MPLADS-000788,45.13,73.24,0,0.0,0.0,0.0,0.8686,0.2222,0.0,25.0,NORMAL_DISBURSEMENT_SCHEDULE,NONE,NONE
MPLADS-000789,18.62,31.88,0,0.0,0.0,0.0743,0.9515,0.2223,0.0,25.0,NORMAL_DISBURSEMENT_SCHEDULE,NONE,NONE
MPLADS-000790,80.27,96.46,1,1.0,409000.0,0.0,0.8796,0.25,0.0,50.0,UNVERIFIED_DISBURSEMENT_BURST,NONE,NONE
MPLADS-000791,40.71,67.28,0,0.0,0.0,0.0,0.9705,0.25,0.0,0.0,NORMAL_DISBURSEMENT_SCHEDULE,NONE,NONE
MPLADS-000792,34.81,57.28,0,0.0,0.0,0.0,0.9496,0.2222,0.0,0.0,NORMAL_DISBURSEMENT_SCHEDULE,NONE,NONE
MPLADS-000793,7.27,11.58,0,0.0,0.0,0.0,0.8597,0.2222,0.0,0.0,NORMAL_DISBURSEMENT_SCHEDULE,NONE,NONE
MPLADS-000794,27.49,43.68,0,0.0,0.0,0.0,0.8681,0.2223,0.0,0.0,NORMAL_DISBURSEMENT_SCHEDULE,NONE,NONE
MPLADS-000795,37.63,62.42,0,0.0,0.0,0.0,0.8816,0.25,0.0,0.0,NORMAL_DISBURSEMENT_SCHEDULE,NONE,NONE
MPLADS-000796,13.6,23.54,0,0.0,0.0,0.0,0.9485,0.2223,0.0,0.0,NORMAL_DISBURSEMENT_SCHEDULE,NONE,NONE
MPLADS-000797,40.33,66.88,0,0.0,0.0,0.0,0.9626,0.2222,0.0,0.0,NORMAL_DISBURSEMENT_SCHEDULE,NONE,NONE
MPLADS-000798,42.73,70.24,0,0.0,0.0,0.679,0.8943,0.2222,0.0,25.0,NORMAL_DISBURSEMENT_SCHEDULE,NONE,NONE
MPLADS-000799,41.4,68.28,0,0.0,0.0,0.0,0.9622,0.25,0.0,0.0,NORMAL_DISBURSEMENT_SCHEDULE,NONE,NONE
MPLADS-000800,28.23,44.88,0,0.0,0.0,0.0,0.9056,0.2222,0.0,0.0,NORMAL_DISBURSEMENT_SCHEDULE,NONE,NONE
MPLADS-000801,55.1,79.74,0,0.0,0.0,0.0,1.4637,0.2222,0.0,0.0,NORMAL_DISBURSEMENT_SCHEDULE,NONE,NONE
MPLADS-000802,62.57,84.44,0,0.0,0.0,0.0,1.3535,0.2222,0.0,25.0,STATUTORY_CEILING_SMURFING,NONE,NONE
MPLADS-000803,13.42,23.22,0,0.0,0.0,0.0,0.8505,0.2222,0.0,0.0,NORMAL_DISBURSEMENT_SCHEDULE,NONE,NONE
MPLADS-000804,44.41,72.48,0,0.0,0.0,0.0,0.9546,0.2222,0.0,0.0,NORMAL_DISBURSEMENT_SCHEDULE,NONE,NONE
MPLADS-000805,74.44,93.34,0,0.0,0.0,0.0,0.624,0.2222,0.231,0.0,PAYMENT_TIMING_ANOMALY,NONE,NONE
MPLADS-000806,30.73,49.56,0,0.0,0.0,0.0,0.918,0.25,0.0,0.0,NORMAL_DISBURSEMENT_SCHEDULE,NONE,NONE
MPLADS-000807,11.71,19.92,0,0.0,0.0,0.0,0.9372,0.2222,0.0,0.0,NORMAL_DISBURSEMENT_SCHEDULE,NONE,NONE
MPLADS-000808,14.47,25.18,0,0.0,0.0,0.0,0.9456,0.2222,0.0,0.0,NORMAL_DISBURSEMENT_SCHEDULE,NONE,NONE
MPLADS-000809,23.05,37.9,0,0.0,0.0,0.0,0.9364,0.2222,0.0,0.0,NORMAL_DISBURSEMENT_SCHEDULE,NONE,NONE
MPLADS-000810,57.47,81.22,0,0.0,0.0,0.0,1.534,0.2222,0.0,0.0,NORMAL_DISBURSEMENT_SCHEDULE,NONE,NONE
MPLADS-000811,64.27,85.96,0,0.0,0.0,0.0,1.4772,0.2222,0.0,0.0,ELEVATED_PAYMENT_VOLATILITY,NONE,NONE
MPLADS-000812,23.25,38.18,0,0.0,0.0,0.0,0.9163,0.2222,0.0,0.0,NORMAL_DISBURSEMENT_SCHEDULE,NONE,NONE
MPLADS-000813,56.92,80.9,0,0.0,0.0,0.0,0.9009,0.2222,0.0,25.0,NORMAL_DISBURSEMENT_SCHEDULE,NONE,NONE
MPLADS-000814,49.61,76.78,0,0.0,0.0,0.0,1.3547,0.2222,0.0,0.0,NORMAL_DISBURSEMENT_SCHEDULE,NONE,NONE
MPLADS-000815,69.2,90.4,0,0.0,0.0,0.0,0.9196,0.2222,0.231,0.0,PAYMENT_TIMING_ANOMALY,NONE,NONE
MPLADS-000816,17.26,29.82,0,0.0,0.0,0.0141,0.8746,0.2222,0.0,25.0,NORMAL_DISBURSEMENT_SCHEDULE,NONE,NONE
MPLADS-000817,21.72,36.12,0,0.0,0.0,0.0,0.8715,0.2222,0.0,0.0,NORMAL_DISBURSEMENT_SCHEDULE,NONE,NONE
MPLADS-000818,78.67,95.6,1,1.0,766000.0,0.0,0.8734,0.25,0.0,50.0,UNVERIFIED_DISBURSEMENT_BURST,NONE,NONE
MPLADS-000819,26.58,42.36,0,0.0,0.0,0.0,0.8919,0.2222,0.0,0.0,NORMAL_DISBURSEMENT_SCHEDULE,NONE,NONE
MPLADS-000820,16.87,29.16,0,0.0,0.0,0.0,0.8992,0.2222,0.0,0.0,NORMAL_DISBURSEMENT_SCHEDULE,NONE,NONE
MPLADS-000821,55.16,79.78,0,0.0,0.0,0.0,0.9203,0.2222,0.0,0.0,NORMAL_DISBURSEMENT_SCHEDULE,NONE,NONE
MPLADS-000822,18.2,31.2,0,0.0,0.0,0.0,0.9742,0.2223,0.0,0.0,NORMAL_DISBURSEMENT_SCHEDULE,NONE,NONE
MPLADS-000823,12.56,21.56,0,0.0,0.0,0.0,0.8882,0.2223,0.0,0.0,NORMAL_DISBURSEMENT_SCHEDULE,NONE,NONE
MPLADS-000824,70.81,91.36,0,0.0,0.0,0.7261,1.3824,0.2222,0.0,25.0,STATUTORY_CEILING_SMURFING,NONE,NONE
MPLADS-000825,65.15,86.88,0,0.0,0.0,0.0,0.8615,0.25,0.0,0.0,ELEVATED_PAYMENT_VOLATILITY,NONE,NONE
MPLADS-000826,31.87,51.84,0,0.0,0.0,0.0,0.9254,0.25,0.0,0.0,NORMAL_DISBURSEMENT_SCHEDULE,NONE,NONE
MPLADS-000827,19.57,33.28,0,0.0,0.0,0.0013,0.9132,0.2222,0.0,25.0,NORMAL_DISBURSEMENT_SCHEDULE,NONE,NONE
MPLADS-000828,79.86,96.22,1,1.0,14780000.0,0.0136,0.9545,0.2222,0.0,75.0,UNVERIFIED_DISBURSEMENT_BURST,STATUTORY_CEILING_SMURFING,NONE
MPLADS-000829,29.91,48.04,0,0.0,0.0,0.0,0.8943,0.25,0.0,0.0,NORMAL_DISBURSEMENT_SCHEDULE,NONE,NONE
MPLADS-000830,4.18,6.28,0,0.0,0.0,0.0,0.9203,0.2222,0.0,0.0,NORMAL_DISBURSEMENT_SCHEDULE,NONE,NONE
MPLADS-000831,36.93,61.18,0,0.0,0.0,0.0,0.9607,0.2222,0.0,0.0,NORMAL_DISBURSEMENT_SCHEDULE,NONE,NONE
MPLADS-000832,1.4,1.84,0,0.0,0.0,0.0,0.8874,0.2222,0.0,0.0,NORMAL_DISBURSEMENT_SCHEDULE,NONE,NONE
MPLADS-000833,7.35,11.74,0,0.0,0.0,0.0,0.9737,0.2222,0.0,0.0,NORMAL_DISBURSEMENT_SCHEDULE,NONE,NONE
MPLADS-000834,63.19,85.0,0,0.0,0.0,0.0,0.9678,0.2222,0.231,0.0,PAYMENT_TIMING_ANOMALY,NONE,NONE
MPLADS-000835,5.28,8.06,0,0.0,0.0,0.0,0.8874,0.2222,0.0,0.0,NORMAL_DISBURSEMENT_SCHEDULE,NONE,NONE
MPLADS-000836,37.8,62.74,0,0.0,0.0,0.0,0.8694,0.25,0.0,0.0,NORMAL_DISBURSEMENT_SCHEDULE,NONE,NONE
MPLADS-000837,72.24,92.28,0,0.0,0.0,0.0,0.8547,0.25,0.0,25.0,ROUND_NUMBER_DISBURSEMENT_CONCENTRATION,NONE,NONE
MPLADS-000838,38.75,64.34,0,0.0,0.0,0.0,0.9649,0.25,0.0,0.0,NORMAL_DISBURSEMENT_SCHEDULE,NONE,NONE
MPLADS-000839,29.27,46.82,0,0.0,0.0,0.0,0.8861,0.2222,0.0,0.0,NORMAL_DISBURSEMENT_SCHEDULE,NONE,NONE
MPLADS-000840,21.36,35.64,0,0.0,0.0,0.0,0.9293,0.2223,0.0,0.0,NORMAL_DISBURSEMENT_SCHEDULE,NONE,NONE
MPLADS-000841,64.49,86.24,0,1.0,2982000.0,0.0,0.8569,0.2222,0.0,50.0,UNVERIFIED_DISBURSEMENT_BURST,NONE,NONE
MPLADS-000842,77.42,94.94,0,1.0,14602000.0,0.0,0.8799,0.2222,0.0,75.0,UNVERIFIED_DISBURSEMENT_BURST,STATUTORY_CEILING_SMURFING,NONE
MPLADS-000843,32.92,53.82,0,0.0,0.0,0.0,0.8737,0.25,0.0,0.0,NORMAL_DISBURSEMENT_SCHEDULE,NONE,NONE
MPLADS-000844,46.76,74.86,0,0.0,0.0,0.0,0.9722,0.25,0.0,0.0,NORMAL_DISBURSEMENT_SCHEDULE,NONE,NONE
MPLADS-000845,79.29,95.9,1,1.0,1005000.0,0.0,0.8902,0.2222,0.0,50.0,UNVERIFIED_DISBURSEMENT_BURST,NONE,NONE
MPLADS-000846,11.69,19.88,0,0.0,0.0,0.0,0.9105,0.2222,0.0,0.0,NORMAL_DISBURSEMENT_SCHEDULE,NONE,NONE
MPLADS-000847,79.21,95.86,1,0.0,0.0,0.0,0.8744,0.2223,0.231,0.0,PAYMENT_TIMING_ANOMALY,NONE,NONE
MPLADS-000848,9.96,16.66,0,0.0,0.0,0.0,0.9627,0.2222,0.0,0.0,NORMAL_DISBURSEMENT_SCHEDULE,NONE,NONE
MPLADS-000849,23.91,39.04,0,0.0,0.0,0.0,0.9518,0.2222,0.0,0.0,NORMAL_DISBURSEMENT_SCHEDULE,NONE,NONE
MPLADS-000850,39.38,65.38,0,0.0,0.0,0.0,0.9158,0.25,0.0,0.0,NORMAL_DISBURSEMENT_SCHEDULE,NONE,NONE
MPLADS-000851,28.8,45.92,0,0.0,0.0,0.0,0.9173,0.25,0.0,0.0,NORMAL_DISBURSEMENT_SCHEDULE,NONE,NONE
MPLADS-000852,16.8,29.08,0,0.0,0.0,0.0,0.8991,0.2222,0.0,0.0,NORMAL_DISBURSEMENT_SCHEDULE,NONE,NONE
MPLADS-000853,39.69,65.82,0,0.0,0.0,0.0,0.8713,0.2222,0.0,0.0,NORMAL_DISBURSEMENT_SCHEDULE,NONE,NONE
MPLADS-000854,39.04,64.86,0,0.0,0.0,0.0,0.965,0.2222,0.0,0.0,NORMAL_DISBURSEMENT_SCHEDULE,NONE,NONE
MPLADS-000855,35.5,58.58,0,0.0,0.0,0.0,0.879,0.25,0.0,0.0,NORMAL_DISBURSEMENT_SCHEDULE,NONE,NONE
MPLADS-000856,38.74,64.32,0,0.0,0.0,0.0,0.8564,0.25,0.0,0.0,NORMAL_DISBURSEMENT_SCHEDULE,NONE,NONE
MPLADS-000857,72.56,92.44,0,1.0,2083000.0,0.0011,0.865,0.2222,0.0,75.0,UNVERIFIED_DISBURSEMENT_BURST,STATUTORY_CEILING_SMURFING,NONE
MPLADS-000858,39.87,66.1,0,0.0,0.0,0.0,0.9598,0.2222,0.0,0.0,NORMAL_DISBURSEMENT_SCHEDULE,NONE,NONE
MPLADS-000859,34.16,56.08,0,0.0,0.0,0.0,0.8993,0.25,0.0,0.0,NORMAL_DISBURSEMENT_SCHEDULE,NONE,NONE
MPLADS-000860,67.65,89.14,0,0.0,0.0,0.0,0.9113,0.2222,0.231,0.0,PAYMENT_TIMING_ANOMALY,NONE,NONE
MPLADS-000861,31.57,51.26,0,0.0,0.0,0.0,0.898,0.25,0.0,0.0,NORMAL_DISBURSEMENT_SCHEDULE,NONE,NONE
MPLADS-000862,76.2,94.18,0,0.0,0.0,0.0,1.4032,0.2222,0.231,0.0,PAYMENT_TIMING_ANOMALY,NONE,NONE
MPLADS-000863,75.51,93.76,0,0.0,0.0,0.0,0.9292,0.2222,0.231,0.0,PAYMENT_TIMING_ANOMALY,NONE,NONE
MPLADS-000864,71.58,91.88,0,0.0,0.0,0.0,0.8857,0.2222,0.0,0.0,ELEVATED_PAYMENT_VOLATILITY,NONE,NONE
MPLADS-000865,44.63,72.76,0,0.0,0.0,0.0,0.9188,0.2222,0.0,0.0,NORMAL_DISBURSEMENT_SCHEDULE,NONE,NONE
MPLADS-000866,32.52,53.06,0,0.0,0.0,0.0,0.9117,0.25,0.0,0.0,NORMAL_DISBURSEMENT_SCHEDULE,NONE,NONE
MPLADS-000867,32.49,53.02,0,0.0,0.0,0.0,0.9369,0.25,0.0,0.0,NORMAL_DISBURSEMENT_SCHEDULE,NONE,NONE
MPLADS-000868,19.05,32.54,0,0.0,0.0,0.0,0.9378,0.2222,0.0,0.0,NORMAL_DISBURSEMENT_SCHEDULE,NONE,NONE
MPLADS-000869,75.31,93.72,0,1.0,2389000.0,0.0111,0.9852,0.2222,0.0,75.0,UNVERIFIED_DISBURSEMENT_BURST,STATUTORY_CEILING_SMURFING,NONE
MPLADS-000870,8.85,14.6,0,0.0,0.0,0.0,0.852,0.2222,0.0,0.0,NORMAL_DISBURSEMENT_SCHEDULE,NONE,NONE
MPLADS-000871,53.7,79.1,0,0.0,0.0,0.0,0.9648,0.2222,0.0,0.0,NORMAL_DISBURSEMENT_SCHEDULE,NONE,NONE
MPLADS-000872,26.05,41.62,0,0.0,0.0,0.0,0.8984,0.2223,0.0,0.0,NORMAL_DISBURSEMENT_SCHEDULE,NONE,NONE
MPLADS-000873,30.17,48.5,0,0.0,0.0,0.0,0.8916,0.25,0.0,0.0,NORMAL_DISBURSEMENT_SCHEDULE,NONE,NONE
MPLADS-000874,12.71,21.84,0,0.0,0.0,0.0,0.9722,0.2222,0.0,0.0,NORMAL_DISBURSEMENT_SCHEDULE,NONE,NONE
MPLADS-000875,6.15,9.58,0,0.0,0.0,0.0,0.8511,0.2222,0.0,0.0,NORMAL_DISBURSEMENT_SCHEDULE,NONE,NONE
MPLADS-000876,43.57,71.44,0,0.0,0.0,0.0,0.8886,0.25,0.0,0.0,NORMAL_DISBURSEMENT_SCHEDULE,NONE,NONE
MPLADS-000877,26.43,42.12,0,0.0,0.0,0.0,0.8516,0.2223,0.0,0.0,NORMAL_DISBURSEMENT_SCHEDULE,NONE,NONE
MPLADS-000878,23.52,38.5,0,0.0,0.0,0.0,0.8517,0.2222,0.0,0.0,NORMAL_DISBURSEMENT_SCHEDULE,NONE,NONE
MPLADS-000879,69.97,90.92,0,0.0,0.0,0.0,0.9122,0.2222,0.231,0.0,PAYMENT_TIMING_ANOMALY,NONE,NONE
MPLADS-000880,44.18,72.2,0,0.0,0.0,0.679,0.9092,0.2222,0.0,25.0,NORMAL_DISBURSEMENT_SCHEDULE,NONE,NONE
MPLADS-000881,9.89,16.52,0,0.0,0.0,0.0,0.953,0.2223,0.0,0.0,NORMAL_DISBURSEMENT_SCHEDULE,NONE,NONE
MPLADS-000882,29.51,47.3,0,0.0,0.0,0.0,0.9068,0.25,0.0,0.0,NORMAL_DISBURSEMENT_SCHEDULE,NONE,NONE
MPLADS-000883,21.77,36.2,0,0.0,0.0,0.0,0.9469,0.2222,0.0,0.0,NORMAL_DISBURSEMENT_SCHEDULE,NONE,NONE
MPLADS-000884,52.88,78.56,0,0.0,0.0,0.0,0.9288,0.2222,0.0,0.0,NORMAL_DISBURSEMENT_SCHEDULE,NONE,NONE
MPLADS-000885,67.19,88.76,0,0.0,0.0,0.0,0.9343,0.2222,0.0,0.0,ELEVATED_PAYMENT_VOLATILITY,NONE,NONE
MPLADS-000886,6.99,11.08,0,0.0,0.0,0.0617,0.9549,0.2222,0.0,25.0,NORMAL_DISBURSEMENT_SCHEDULE,NONE,NONE
MPLADS-000887,65.37,87.08,0,1.0,1872000.0,0.0,0.9541,0.2222,0.0,50.0,UNVERIFIED_DISBURSEMENT_BURST,NONE,NONE
MPLADS-000888,0.71,0.74,0,0.0,0.0,0.0,0.8963,0.2222,0.0,0.0,NORMAL_DISBURSEMENT_SCHEDULE,NONE,NONE
MPLADS-000889,7.24,11.54,0,0.0,0.0,0.0,0.9435,0.2222,0.0,0.0,NORMAL_DISBURSEMENT_SCHEDULE,NONE,NONE
MPLADS-000890,68.03,89.44,0,0.0,0.0,0.0,0.9734,0.2222,0.231,0.0,PAYMENT_TIMING_ANOMALY,NONE,NONE
MPLADS-000891,12.8,22.02,0,0.0,0.0,0.0,0.9502,0.2223,0.0,0.0,NORMAL_DISBURSEMENT_SCHEDULE,NONE,NONE
MPLADS-000892,28.13,44.7,0,0.0,0.0,0.0,0.9645,0.2222,0.0,0.0,NORMAL_DISBURSEMENT_SCHEDULE,NONE,NONE
MPLADS-000893,49.68,76.84,0,0.0,0.0,0.0,1.2777,0.2222,0.0,0.0,NORMAL_DISBURSEMENT_SCHEDULE,NONE,NONE
MPLADS-000894,79.03,95.76,1,1.0,8904000.0,0.0,0.969,0.2222,0.0,50.0,UNVERIFIED_DISBURSEMENT_BURST,NONE,NONE
MPLADS-000895,81.04,96.88,1,0.0,0.0,0.0,0.6472,0.2222,0.231,0.0,PAYMENT_TIMING_ANOMALY,NONE,NONE
MPLADS-000896,39.71,65.86,0,0.0,0.0,0.0,0.9396,0.2222,0.0,0.0,NORMAL_DISBURSEMENT_SCHEDULE,NONE,NONE
MPLADS-000897,1.7,2.36,0,0.0,0.0,0.0,0.9492,0.2222,0.0,0.0,NORMAL_DISBURSEMENT_SCHEDULE,NONE,NONE
MPLADS-000898,31.52,51.14,0,0.0,0.0,0.0,0.8595,0.2222,0.0,0.0,NORMAL_DISBURSEMENT_SCHEDULE,NONE,NONE
MPLADS-000899,32.25,52.56,0,0.0,0.0,0.0,0.9518,0.2222,0.0,0.0,NORMAL_DISBURSEMENT_SCHEDULE,NONE,NONE
MPLADS-000900,31.07,50.22,0,0.0,0.0,0.051,0.8742,0.2222,0.0,25.0,NORMAL_DISBURSEMENT_SCHEDULE,NONE,NONE
MPLADS-000901,25.21,40.62,0,0.0,0.0,0.0,0.9471,0.2222,0.0,0.0,NORMAL_DISBURSEMENT_SCHEDULE,NONE,NONE
MPLADS-000902,21.7,36.1,0,0.0,0.0,0.0,0.9222,0.2222,0.0,0.0,NORMAL_DISBURSEMENT_SCHEDULE,NONE,NONE
MPLADS-000903,8.12,13.22,0,0.0,0.0,0.0,0.9184,0.2222,0.0,0.0,NORMAL_DISBURSEMENT_SCHEDULE,NONE,NONE
MPLADS-000904,80.99,96.82,1,0.0,0.0,0.0,1.3515,0.2222,0.231,0.0,PAYMENT_TIMING_ANOMALY,NONE,NONE
MPLADS-000905,10.0,16.74,0,0.0,0.0,0.0,0.9543,0.2222,0.0,25.0,NORMAL_DISBURSEMENT_SCHEDULE,NONE,NONE
MPLADS-000906,60.06,82.76,0,0.0,0.0,0.0,1.5193,0.2222,0.0,0.0,ELEVATED_PAYMENT_VOLATILITY,NONE,NONE
MPLADS-000907,17.04,29.44,0,0.0,0.0,0.0,0.9745,0.2222,0.0,0.0,NORMAL_DISBURSEMENT_SCHEDULE,NONE,NONE
MPLADS-000908,13.3,23.0,0,0.0,0.0,0.0,0.8857,0.2222,0.0,0.0,NORMAL_DISBURSEMENT_SCHEDULE,NONE,NONE
MPLADS-000909,14.29,24.88,0,0.0,0.0,0.0,0.8853,0.2223,0.0,0.0,NORMAL_DISBURSEMENT_SCHEDULE,NONE,NONE
MPLADS-000910,23.07,37.94,0,0.0,0.0,0.0,0.9798,0.2222,0.0,0.0,NORMAL_DISBURSEMENT_SCHEDULE,NONE,NONE
MPLADS-000911,86.58,99.06,1,0.0,0.0,0.0,0.9505,0.2222,0.231,25.0,ROUND_NUMBER_DISBURSEMENT_CONCENTRATION,PAYMENT_TIMING_ANOMALY,NONE
MPLADS-000912,38.84,64.52,0,0.0,0.0,0.0,0.8675,0.25,0.0,0.0,NORMAL_DISBURSEMENT_SCHEDULE,NONE,NONE
MPLADS-000913,14.87,25.88,0,0.0,0.0,0.0,0.8606,0.2222,0.0,0.0,NORMAL_DISBURSEMENT_SCHEDULE,NONE,NONE
MPLADS-000914,43.14,70.82,0,0.0,0.0,0.0,0.9163,0.2222,0.0,0.0,NORMAL_DISBURSEMENT_SCHEDULE,NONE,NONE
MPLADS-000915,14.69,25.58,0,0.0,0.0,0.0,0.862,0.2222,0.0,0.0,NORMAL_DISBURSEMENT_SCHEDULE,NONE,NONE
MPLADS-000916,16.25,28.14,0,0.0,0.0,0.0,0.8973,0.2222,0.0,0.0,NORMAL_DISBURSEMENT_SCHEDULE,NONE,NONE
MPLADS-000917,17.05,29.48,0,0.0,0.0,0.0,0.9709,0.2222,0.0,0.0,NORMAL_DISBURSEMENT_SCHEDULE,NONE,NONE
MPLADS-000918,3.85,5.72,0,0.0,0.0,0.0,0.9402,0.2222,0.0,0.0,NORMAL_DISBURSEMENT_SCHEDULE,NONE,NONE
MPLADS-000919,58.5,81.78,0,0.0,0.0,0.0,0.8572,0.2222,0.0,0.0,NORMAL_DISBURSEMENT_SCHEDULE,NONE,NONE
MPLADS-000920,43.41,71.18,0,0.0,0.0,0.0,0.9765,0.25,0.0,0.0,NORMAL_DISBURSEMENT_SCHEDULE,NONE,NONE
MPLADS-000921,23.85,38.94,0,0.0,0.0,0.0001,0.8673,0.2222,0.0,25.0,NORMAL_DISBURSEMENT_SCHEDULE,NONE,NONE
MPLADS-000922,18.56,31.76,0,0.0,0.0,0.0,0.9393,0.2222,0.0,0.0,NORMAL_DISBURSEMENT_SCHEDULE,NONE,NONE
MPLADS-000923,16.08,27.84,0,0.0,0.0,0.0,0.9331,0.2223,0.0,0.0,NORMAL_DISBURSEMENT_SCHEDULE,NONE,NONE
MPLADS-000924,34.79,57.24,0,0.0,0.0,0.0,0.8928,0.2222,0.0,0.0,NORMAL_DISBURSEMENT_SCHEDULE,NONE,NONE
MPLADS-000925,24.91,40.26,0,0.0,0.0,0.0,0.9112,0.2222,0.0,0.0,NORMAL_DISBURSEMENT_SCHEDULE,NONE,NONE
MPLADS-000926,11.5,19.54,0,0.0,0.0,0.0,0.8523,0.2222,0.0,0.0,NORMAL_DISBURSEMENT_SCHEDULE,NONE,NONE
MPLADS-000927,30.57,49.26,0,0.0,0.0,0.0,0.9331,0.25,0.0,0.0,NORMAL_DISBURSEMENT_SCHEDULE,NONE,NONE
MPLADS-000928,5.2,7.94,0,0.0,0.0,0.0,0.9758,0.2222,0.0,0.0,NORMAL_DISBURSEMENT_SCHEDULE,NONE,NONE
MPLADS-000929,7.33,11.7,0,0.0,0.0,0.0,0.8991,0.2222,0.0,0.0,NORMAL_DISBURSEMENT_SCHEDULE,NONE,NONE
MPLADS-000930,14.18,24.66,0,0.0,0.0,0.0,0.8657,0.2223,0.0,0.0,NORMAL_DISBURSEMENT_SCHEDULE,NONE,NONE
MPLADS-000931,5.12,7.8,0,0.0,0.0,0.0,0.9253,0.2222,0.0,0.0,NORMAL_DISBURSEMENT_SCHEDULE,NONE,NONE
MPLADS-000932,13.39,23.16,0,0.0,0.0,0.0,0.9492,0.2222,0.0,0.0,NORMAL_DISBURSEMENT_SCHEDULE,NONE,NONE
MPLADS-000933,36.06,59.6,0,0.0,0.0,0.0,0.9618,0.25,0.0,0.0,NORMAL_DISBURSEMENT_SCHEDULE,NONE,NONE
MPLADS-000934,37.45,62.06,0,0.0,0.0,0.0,0.9621,0.25,0.0,0.0,NORMAL_DISBURSEMENT_SCHEDULE,NONE,NONE
MPLADS-000935,62.75,84.6,0,0.0,0.0,0.0,0.8889,0.2222,0.231,0.0,PAYMENT_TIMING_ANOMALY,NONE,NONE
MPLADS-000936,7.97,12.92,0,0.0,0.0,0.0,0.9137,0.2222,0.0,0.0,NORMAL_DISBURSEMENT_SCHEDULE,NONE,NONE
MPLADS-000937,7.79,12.6,0,0.0,0.0,0.0,0.9529,0.2222,0.0,0.0,NORMAL_DISBURSEMENT_SCHEDULE,NONE,NONE
MPLADS-000938,41.64,68.62,0,0.0,0.0,0.0,0.9476,0.2223,0.0,0.0,NORMAL_DISBURSEMENT_SCHEDULE,NONE,NONE
MPLADS-000939,64.79,86.5,0,0.0,0.0,0.0,0.8965,0.2222,0.231,0.0,PAYMENT_TIMING_ANOMALY,NONE,NONE
MPLADS-000940,63.65,85.44,0,0.0,0.0,0.0,0.9026,0.2222,0.231,0.0,PAYMENT_TIMING_ANOMALY,NONE,NONE
MPLADS-000941,61.81,83.82,0,1.0,2931000.0,0.0,0.881,0.2222,0.0,50.0,UNVERIFIED_DISBURSEMENT_BURST,NONE,NONE
MPLADS-000942,35.4,58.4,0,0.0,0.0,0.0,0.9615,0.2222,0.0,0.0,NORMAL_DISBURSEMENT_SCHEDULE,NONE,NONE
MPLADS-000943,42.9,70.46,0,0.0,0.0,0.0,0.8895,0.2222,0.0,0.0,NORMAL_DISBURSEMENT_SCHEDULE,NONE,NONE
MPLADS-000944,30.65,49.4,0,0.0,0.0,0.0,0.9068,0.25,0.0,0.0,NORMAL_DISBURSEMENT_SCHEDULE,NONE,NONE
MPLADS-000945,14.44,25.14,0,0.0,0.0,0.0,0.9217,0.2222,0.0,0.0,NORMAL_DISBURSEMENT_SCHEDULE,NONE,NONE
MPLADS-000946,26.6,42.38,0,0.0,0.0,0.0,0.943,0.2222,0.0,0.0,NORMAL_DISBURSEMENT_SCHEDULE,NONE,NONE
MPLADS-000947,65.2,86.92,0,0.0,0.0,0.7027,0.8794,0.2222,0.0,25.0,STATUTORY_CEILING_SMURFING,NONE,NONE
MPLADS-000948,30.58,49.28,0,0.0,0.0,0.0,0.9185,0.25,0.0,0.0,NORMAL_DISBURSEMENT_SCHEDULE,NONE,NONE
MPLADS-000949,0.45,0.42,0,0.0,0.0,0.0,0.9101,0.2222,0.0,0.0,NORMAL_DISBURSEMENT_SCHEDULE,NONE,NONE
MPLADS-000950,30.82,49.74,0,0.0,0.0,0.0,0.9284,0.25,0.0,0.0,NORMAL_DISBURSEMENT_SCHEDULE,NONE,NONE
MPLADS-000951,88.07,99.28,1,1.0,2576000.0,0.0,0.8951,0.2222,0.231,50.0,UNVERIFIED_DISBURSEMENT_BURST,PAYMENT_TIMING_ANOMALY,NONE
MPLADS-000952,39.34,65.3,0,0.0,0.0,0.0,0.8748,0.25,0.0,0.0,NORMAL_DISBURSEMENT_SCHEDULE,NONE,NONE
MPLADS-000953,16.14,27.94,0,0.0,0.0,0.0,0.962,0.2222,0.0,0.0,NORMAL_DISBURSEMENT_SCHEDULE,NONE,NONE
MPLADS-000954,40.82,67.44,0,0.0,0.0,0.0,0.9692,0.2223,0.0,0.0,NORMAL_DISBURSEMENT_SCHEDULE,NONE,NONE
MPLADS-000955,26.16,41.78,0,0.0,0.0,0.0001,0.9222,0.2222,0.0,25.0,NORMAL_DISBURSEMENT_SCHEDULE,NONE,NONE
MPLADS-000956,20.18,34.1,0,0.0,0.0,0.0,0.916,0.2222,0.0,0.0,NORMAL_DISBURSEMENT_SCHEDULE,NONE,NONE
MPLADS-000957,33.41,54.66,0,0.0,0.0,0.0,0.9371,0.2222,0.0,0.0,NORMAL_DISBURSEMENT_SCHEDULE,NONE,NONE
MPLADS-000958,33.45,54.72,0,0.0,0.0,0.0,0.9298,0.25,0.0,0.0,NORMAL_DISBURSEMENT_SCHEDULE,NONE,NONE
MPLADS-000959,15.46,26.76,0,0.0,0.0,0.0,0.9249,0.2222,0.0,0.0,NORMAL_DISBURSEMENT_SCHEDULE,NONE,NONE
MPLADS-000960,3.23,4.72,0,0.0,0.0,0.0,0.9659,0.2222,0.0,0.0,NORMAL_DISBURSEMENT_SCHEDULE,NONE,NONE
MPLADS-000961,19.64,33.4,0,0.0,0.0,0.0,0.8782,0.2222,0.0,0.0,NORMAL_DISBURSEMENT_SCHEDULE,NONE,NONE
MPLADS-000962,18.8,32.18,0,0.0,0.0,0.0,0.9623,0.2222,0.0,0.0,NORMAL_DISBURSEMENT_SCHEDULE,NONE,NONE
MPLADS-000963,8.09,13.14,0,0.0,0.0,0.0,0.9057,0.2222,0.0,0.0,NORMAL_DISBURSEMENT_SCHEDULE,NONE,NONE
MPLADS-000964,33.4,54.64,0,0.0,0.0,0.0,0.8786,0.25,0.0,0.0,NORMAL_DISBURSEMENT_SCHEDULE,NONE,NONE
MPLADS-000965,37.83,62.8,0,0.0,0.0,0.0,0.8599,0.2222,0.0,0.0,NORMAL_DISBURSEMENT_SCHEDULE,NONE,NONE
MPLADS-000966,65.22,86.94,0,0.0,0.0,0.0,1.3261,0.25,0.0,0.0,ELEVATED_PAYMENT_VOLATILITY,NONE,NONE
MPLADS-000967,29.53,47.34,0,0.0,0.0,0.0,0.9307,0.2222,0.0,0.0,NORMAL_DISBURSEMENT_SCHEDULE,NONE,NONE
MPLADS-000968,36.18,59.78,0,0.0,0.0,0.0,0.8647,0.25,0.0,0.0,NORMAL_DISBURSEMENT_SCHEDULE,NONE,NONE
MPLADS-000969,27.15,43.2,0,0.0,0.0,0.0,0.8903,0.25,0.0,0.0,NORMAL_DISBURSEMENT_SCHEDULE,NONE,NONE
MPLADS-000970,65.58,87.32,0,0.0,0.0,0.0,0.8533,0.2222,0.231,0.0,PAYMENT_TIMING_ANOMALY,NONE,NONE
MPLADS-000971,29.29,46.86,0,0.0,0.0,0.0,0.9067,0.25,0.0,0.0,NORMAL_DISBURSEMENT_SCHEDULE,NONE,NONE
MPLADS-000972,70.23,91.04,0,1.0,1192000.0,0.0,1.0,0.2222,0.0,50.0,UNVERIFIED_DISBURSEMENT_BURST,NONE,NONE
MPLADS-000973,35.28,58.2,0,0.0,0.0,0.0,0.9614,0.25,0.0,0.0,NORMAL_DISBURSEMENT_SCHEDULE,NONE,NONE
MPLADS-000974,61.77,83.78,0,0.0,0.0,0.0,0.9381,0.2223,0.231,0.0,PAYMENT_TIMING_ANOMALY,NONE,NONE
MPLADS-000975,31.09,50.26,0,0.0,0.0,0.0,0.8976,0.25,0.0,0.0,NORMAL_DISBURSEMENT_SCHEDULE,NONE,NONE
MPLADS-000976,43.97,71.94,0,0.0,0.0,0.0,0.9675,0.25,0.0,0.0,NORMAL_DISBURSEMENT_SCHEDULE,NONE,NONE
MPLADS-000977,46.4,74.58,0,0.0,0.0,0.0,0.9368,0.2222,0.0,0.0,NORMAL_DISBURSEMENT_SCHEDULE,NONE,NONE
MPLADS-000978,41.04,67.78,0,0.0,0.0,0.0,0.8818,0.25,0.0,0.0,NORMAL_DISBURSEMENT_SCHEDULE,NONE,NONE
MPLADS-000979,7.04,11.16,0,0.0,0.0,0.0,0.9114,0.2222,0.0,0.0,NORMAL_DISBURSEMENT_SCHEDULE,NONE,NONE
MPLADS-000980,13.84,24.04,0,0.0,0.0,0.0,0.8947,0.2223,0.0,0.0,NORMAL_DISBURSEMENT_SCHEDULE,NONE,NONE
MPLADS-000981,42.44,69.86,0,0.0,0.0,0.8148,0.9457,0.2222,0.0,25.0,NORMAL_DISBURSEMENT_SCHEDULE,NONE,NONE
MPLADS-000982,24.06,39.2,0,0.0,0.0,0.0,0.8621,0.2222,0.0,25.0,NORMAL_DISBURSEMENT_SCHEDULE,NONE,NONE
MPLADS-000983,37.01,61.32,0,0.0,0.0,0.0,0.8716,0.25,0.0,0.0,NORMAL_DISBURSEMENT_SCHEDULE,NONE,NONE
MPLADS-000984,3.07,4.46,0,0.0,0.0,0.0,0.8746,0.2222,0.0,0.0,NORMAL_DISBURSEMENT_SCHEDULE,NONE,NONE
MPLADS-000985,11.6,19.72,0,0.0,0.0,0.0,0.8528,0.2222,0.0,0.0,NORMAL_DISBURSEMENT_SCHEDULE,NONE,NONE
MPLADS-000986,28.99,46.28,0,0.0,0.0,0.0,0.8974,0.25,0.0,0.0,NORMAL_DISBURSEMENT_SCHEDULE,NONE,NONE
MPLADS-000987,45.46,73.64,0,0.0,0.0,0.0,0.9325,0.2222,0.0,0.0,NORMAL_DISBURSEMENT_SCHEDULE,NONE,NONE
MPLADS-000988,40.53,67.12,0,0.0,0.0,0.0,0.8895,0.25,0.0,0.0,NORMAL_DISBURSEMENT_SCHEDULE,NONE,NONE
MPLADS-000989,7.58,12.18,0,0.0,0.0,0.0,0.8755,0.2222,0.0,0.0,NORMAL_DISBURSEMENT_SCHEDULE,NONE,NONE
MPLADS-000990,0.44,0.4,0,0.0,0.0,0.0,0.91,0.2222,0.0,0.0,NORMAL_DISBURSEMENT_SCHEDULE,NONE,NONE
MPLADS-000991,36.27,59.96,0,0.0,0.0,0.0,0.853,0.2222,0.0,0.0,NORMAL_DISBURSEMENT_SCHEDULE,NONE,NONE
MPLADS-000992,28.51,45.36,0,0.0,0.0,0.0,0.9072,0.2222,0.0,0.0,NORMAL_DISBURSEMENT_SCHEDULE,NONE,NONE
MPLADS-000993,1.17,1.44,0,0.0,0.0,0.0,0.9423,0.2222,0.0,0.0,NORMAL_DISBURSEMENT_SCHEDULE,NONE,NONE
MPLADS-000994,15.08,26.24,0,0.0,0.0,0.0,0.9631,0.2222,0.0,0.0,NORMAL_DISBURSEMENT_SCHEDULE,NONE,NONE
MPLADS-000995,49.39,76.68,0,0.0,0.0,0.0,0.9395,0.2222,0.0,0.0,NORMAL_DISBURSEMENT_SCHEDULE,NONE,NONE
MPLADS-000996,20.88,35.04,0,0.0,0.0,0.0,0.8503,0.2222,0.0,0.0,NORMAL_DISBURSEMENT_SCHEDULE,NONE,NONE
MPLADS-000997,94.46,99.68,1,0.0,0.0,0.0,0.8977,0.25,0.3466,0.0,PAYMENT_TIMING_ANOMALY,NONE,NONE
MPLADS-000998,34.18,56.12,0,0.0,0.0,0.0,0.8542,0.2222,0.0,0.0,NORMAL_DISBURSEMENT_SCHEDULE,NONE,NONE
MPLADS-000999,40.03,66.36,0,0.0,0.0,0.0,0.9779,0.2222,0.0,0.0,NORMAL_DISBURSEMENT_SCHEDULE,NONE,NONE
MPLADS-001000,13.44,23.26,0,0.0,0.0,0.0,0.9663,0.2222,0.0,0.0,NORMAL_DISBURSEMENT_SCHEDULE,NONE,NONE
MPLADS-001001,12.08,20.6,0,0.0,0.0,0.0,0.9788,0.2222,0.0,0.0,NORMAL_DISBURSEMENT_SCHEDULE,NONE,NONE
MPLADS-001002,2.34,3.34,0,0.0,0.0,0.0,0.9178,0.2222,0.0,0.0,NORMAL_DISBURSEMENT_SCHEDULE,NONE,NONE
MPLADS-001003,32.86,53.72,0,0.0,0.0,0.0,0.8961,0.25,0.0,0.0,NORMAL_DISBURSEMENT_SCHEDULE,NONE,NONE
MPLADS-001004,67.27,88.84,0,1.0,3121000.0,0.0,0.866,0.2222,0.0,50.0,UNVERIFIED_DISBURSEMENT_BURST,NONE,NONE
MPLADS-001005,45.8,74.02,0,0.0,0.0,0.0,0.8531,0.2222,0.0,0.0,NORMAL_DISBURSEMENT_SCHEDULE,NONE,NONE
MPLADS-001006,62.54,84.4,0,1.0,2369000.0,0.0,0.9161,0.2222,0.0,50.0,UNVERIFIED_DISBURSEMENT_BURST,NONE,NONE
MPLADS-001007,55.91,80.32,0,0.0,0.0,0.0,0.8859,0.2222,0.0,0.0,NORMAL_DISBURSEMENT_SCHEDULE,NONE,NONE
MPLADS-001008,44.02,72.02,0,0.0,0.0,0.0,0.8613,0.25,0.0,0.0,NORMAL_DISBURSEMENT_SCHEDULE,NONE,NONE
MPLADS-001009,11.24,19.02,0,0.0,0.0,0.0,0.9533,0.2223,0.0,0.0,NORMAL_DISBURSEMENT_SCHEDULE,NONE,NONE
MPLADS-001010,9.93,16.6,0,0.0,0.0,0.0,0.8909,0.2222,0.0,0.0,NORMAL_DISBURSEMENT_SCHEDULE,NONE,NONE
MPLADS-001011,30.68,49.46,0,0.0,0.0,0.0,0.937,0.25,0.0,0.0,NORMAL_DISBURSEMENT_SCHEDULE,NONE,NONE
MPLADS-001012,8.84,14.58,0,0.0,0.0,0.0,0.9043,0.2222,0.0,0.0,NORMAL_DISBURSEMENT_SCHEDULE,NONE,NONE
MPLADS-001013,32.82,53.62,0,0.0,0.0,0.0,0.8998,0.25,0.0,0.0,NORMAL_DISBURSEMENT_SCHEDULE,NONE,NONE
MPLADS-001014,10.47,17.6,0,0.0,0.0,0.0,0.9229,0.2223,0.0,0.0,NORMAL_DISBURSEMENT_SCHEDULE,NONE,NONE
MPLADS-001015,31.47,51.04,0,0.0,0.0,0.0,0.8931,0.2222,0.0,0.0,NORMAL_DISBURSEMENT_SCHEDULE,NONE,NONE
MPLADS-001016,11.0,18.58,0,0.0,0.0,0.0,0.9686,0.2222,0.0,0.0,NORMAL_DISBURSEMENT_SCHEDULE,NONE,NONE
MPLADS-001017,61.03,83.26,0,0.0,0.0,0.0,0.8636,0.2222,0.231,0.0,PAYMENT_TIMING_ANOMALY,NONE,NONE
MPLADS-001018,40.17,66.58,0,0.0,0.0,0.0,0.9583,0.2222,0.0,0.0,NORMAL_DISBURSEMENT_SCHEDULE,NONE,NONE
MPLADS-001019,1.3,1.64,0,0.0,0.0,0.0,0.9062,0.2222,0.0,0.0,NORMAL_DISBURSEMENT_SCHEDULE,NONE,NONE
MPLADS-001020,31.04,50.16,0,0.0,0.0,0.0,0.9492,0.2222,0.0,0.0,NORMAL_DISBURSEMENT_SCHEDULE,NONE,NONE
MPLADS-001021,75.79,93.92,0,0.0,0.0,0.0,0.9476,0.2222,0.231,0.0,PAYMENT_TIMING_ANOMALY,NONE,NONE
MPLADS-001022,34.95,57.56,0,0.0,0.0,0.0,0.9621,0.2222,0.0,0.0,NORMAL_DISBURSEMENT_SCHEDULE,NONE,NONE
MPLADS-001023,59.47,82.4,0,0.0,0.0,0.0,1.4438,0.2222,0.0,0.0,NORMAL_DISBURSEMENT_SCHEDULE,NONE,NONE
MPLADS-001024,49.06,76.48,0,0.0,0.0,0.0,0.631,0.2223,0.0,0.0,NORMAL_DISBURSEMENT_SCHEDULE,NONE,NONE
MPLADS-001025,23.27,38.22,0,0.0,0.0,0.0,0.9332,0.2223,0.0,0.0,NORMAL_DISBURSEMENT_SCHEDULE,NONE,NONE
MPLADS-001026,18.57,31.78,0,0.0,0.0,0.0,0.8942,0.2222,0.0,0.0,NORMAL_DISBURSEMENT_SCHEDULE,NONE,NONE
MPLADS-001027,19.63,33.38,0,0.0,0.0,0.0,0.856,0.2222,0.0,0.0,NORMAL_DISBURSEMENT_SCHEDULE,NONE,NONE
MPLADS-001028,23.41,38.34,0,0.0,0.0,0.0,0.9018,0.2222,0.0,0.0,NORMAL_DISBURSEMENT_SCHEDULE,NONE,NONE
MPLADS-001029,64.55,86.32,0,1.0,2733000.0,0.0,0.8709,0.2222,0.0,50.0,UNVERIFIED_DISBURSEMENT_BURST,NONE,NONE
MPLADS-001030,44.47,72.56,0,0.0,0.0,0.0,0.8693,0.2222,0.0,0.0,NORMAL_DISBURSEMENT_SCHEDULE,NONE,NONE
MPLADS-001031,49.17,76.54,0,0.0,0.0,0.0,1.4109,0.2222,0.0,0.0,NORMAL_DISBURSEMENT_SCHEDULE,NONE,NONE
MPLADS-001032,26.0,41.56,0,0.0,0.0,0.0,0.9068,0.2222,0.0,0.0,NORMAL_DISBURSEMENT_SCHEDULE,NONE,NONE
MPLADS-001033,29.61,47.48,0,0.0,0.0,0.0,0.9315,0.25,0.0,0.0,NORMAL_DISBURSEMENT_SCHEDULE,NONE,NONE
MPLADS-001034,34.27,56.28,0,0.0,0.0,0.0,0.9242,0.25,0.0,0.0,NORMAL_DISBURSEMENT_SCHEDULE,NONE,NONE
MPLADS-001035,11.59,19.7,0,0.0,0.0,0.0,0.9739,0.2222,0.0,0.0,NORMAL_DISBURSEMENT_SCHEDULE,NONE,NONE
MPLADS-001036,37.23,61.7,0,0.0,0.0,0.0,0.8745,0.25,0.0,0.0,NORMAL_DISBURSEMENT_SCHEDULE,NONE,NONE
MPLADS-001037,2.87,4.16,0,0.0,0.0,0.0,0.8906,0.2222,0.0,0.0,NORMAL_DISBURSEMENT_SCHEDULE,NONE,NONE
MPLADS-001038,27.01,43.02,0,0.0,0.0,0.0,0.9476,0.2222,0.0,0.0,NORMAL_DISBURSEMENT_SCHEDULE,NONE,NONE
MPLADS-001039,63.71,85.48,0,0.0,0.0,0.0,0.8875,0.2222,0.231,0.0,PAYMENT_TIMING_ANOMALY,NONE,NONE
MPLADS-001040,35.41,58.42,0,0.0,0.0,0.0,0.8932,0.25,0.0,0.0,NORMAL_DISBURSEMENT_SCHEDULE,NONE,NONE
MPLADS-001041,34.09,55.96,0,0.0,0.0,0.0,0.9641,0.25,0.0,0.0,NORMAL_DISBURSEMENT_SCHEDULE,NONE,NONE
MPLADS-001042,24.23,39.44,0,0.0,0.0,0.0,0.8506,0.2222,0.0,0.0,NORMAL_DISBURSEMENT_SCHEDULE,NONE,NONE
MPLADS-001043,17.93,30.8,0,0.0,0.0,0.0,0.9463,0.2222,0.0,0.0,NORMAL_DISBURSEMENT_SCHEDULE,NONE,NONE
MPLADS-001044,14.75,25.68,0,0.0,0.0,0.0,0.8934,0.2223,0.0,0.0,NORMAL_DISBURSEMENT_SCHEDULE,NONE,NONE
MPLADS-001045,35.2,58.02,0,0.0,0.0,0.0,0.9339,0.25,0.0,0.0,NORMAL_DISBURSEMENT_SCHEDULE,NONE,NONE
MPLADS-001046,22.16,36.76,0,0.0,0.0,0.0,0.9384,0.2222,0.0,0.0,NORMAL_DISBURSEMENT_SCHEDULE,NONE,NONE
MPLADS-001047,32.22,52.5,0,0.0,0.0,0.0,0.8551,0.2222,0.0,0.0,NORMAL_DISBURSEMENT_SCHEDULE,NONE,NONE
MPLADS-001048,35.55,58.68,0,0.0,0.0,0.0,0.8787,0.25,0.0,0.0,NORMAL_DISBURSEMENT_SCHEDULE,NONE,NONE
MPLADS-001049,39.57,65.64,0,0.0,0.0,0.0,0.8605,0.25,0.0,0.0,NORMAL_DISBURSEMENT_SCHEDULE,NONE,NONE
MPLADS-001050,57.79,81.46,0,0.0,0.0,0.0,0.9491,0.2222,0.0,0.0,NORMAL_DISBURSEMENT_SCHEDULE,NONE,NONE
MPLADS-001051,32.39,52.86,0,0.0,0.0,0.0,0.8591,0.2222,0.0,0.0,NORMAL_DISBURSEMENT_SCHEDULE,NONE,NONE
MPLADS-001052,19.36,32.96,0,0.0,0.0,0.0,0.8629,0.2222,0.0,0.0,NORMAL_DISBURSEMENT_SCHEDULE,NONE,NONE
MPLADS-001053,3.36,4.9,0,0.0,0.0,0.0,0.8548,0.2222,0.0,0.0,NORMAL_DISBURSEMENT_SCHEDULE,NONE,NONE
MPLADS-001054,8.01,12.98,0,0.0,0.0,0.0,0.9324,0.2222,0.0,0.0,NORMAL_DISBURSEMENT_SCHEDULE,NONE,NONE
MPLADS-001055,11.5,19.52,0,0.0,0.0,0.0,0.8659,0.2222,0.0,0.0,NORMAL_DISBURSEMENT_SCHEDULE,NONE,NONE
MPLADS-001056,46.07,74.26,0,0.0,0.0,0.0,0.9298,0.2222,0.0,0.0,NORMAL_DISBURSEMENT_SCHEDULE,NONE,NONE
MPLADS-001057,21.88,36.34,0,0.0,0.0,0.0,0.9489,0.2222,0.0,0.0,NORMAL_DISBURSEMENT_SCHEDULE,NONE,NONE
MPLADS-001058,0.06,0.06,0,0.0,0.0,0.0,0.9246,0.2222,0.0,0.0,NORMAL_DISBURSEMENT_SCHEDULE,NONE,NONE
MPLADS-001059,0.3,0.24,0,0.0,0.0,0.0,0.9075,0.2222,0.0,0.0,NORMAL_DISBURSEMENT_SCHEDULE,NONE,NONE
MPLADS-001060,36.05,59.58,0,0.0,0.0,0.0,0.8983,0.25,0.0,0.0,NORMAL_DISBURSEMENT_SCHEDULE,NONE,NONE
MPLADS-001061,35.65,58.86,0,0.0,0.0,0.0,0.9348,0.25,0.0,0.0,NORMAL_DISBURSEMENT_SCHEDULE,NONE,NONE
MPLADS-001062,25.81,41.3,0,0.0,0.0,0.0,0.8767,0.2223,0.0,0.0,NORMAL_DISBURSEMENT_SCHEDULE,NONE,NONE
MPLADS-001063,65.43,87.12,0,0.0,0.0,0.0,1.5845,0.2222,0.0,0.0,ELEVATED_PAYMENT_VOLATILITY,NONE,NONE
MPLADS-001064,3.01,4.38,0,0.0,0.0,0.0,0.8736,0.2222,0.0,0.0,NORMAL_DISBURSEMENT_SCHEDULE,NONE,NONE
MPLADS-001065,1.35,1.74,0,0.0,0.0,0.0,0.9585,0.2222,0.0,0.0,NORMAL_DISBURSEMENT_SCHEDULE,NONE,NONE
MPLADS-001066,5.02,7.66,0,0.0,0.0,0.0,0.9684,0.2222,0.0,0.0,NORMAL_DISBURSEMENT_SCHEDULE,NONE,NONE
MPLADS-001067,47.98,75.78,0,0.0,0.0,0.0,0.9662,0.2222,0.0,0.0,NORMAL_DISBURSEMENT_SCHEDULE,NONE,NONE
MPLADS-001068,37.08,61.46,0,0.0,0.0,0.0,0.9584,0.25,0.0,0.0,NORMAL_DISBURSEMENT_SCHEDULE,NONE,NONE
MPLADS-001069,38.89,64.62,0,0.0,0.0,0.0,0.9528,0.25,0.0,0.0,NORMAL_DISBURSEMENT_SCHEDULE,NONE,NONE
MPLADS-001070,19.19,32.74,0,0.0,0.0,0.0,0.9278,0.2222,0.0,0.0,NORMAL_DISBURSEMENT_SCHEDULE,NONE,NONE
MPLADS-001071,24.78,40.06,0,0.0,0.0,0.0,0.9441,0.2222,0.0,0.0,NORMAL_DISBURSEMENT_SCHEDULE,NONE,NONE
MPLADS-001072,18.5,31.7,0,0.0,0.0,0.0,0.8874,0.2223,0.0,0.0,NORMAL_DISBURSEMENT_SCHEDULE,NONE,NONE
MPLADS-001073,80.34,96.5,1,0.0,0.0,0.0,1.5638,0.2222,0.0,0.0,ELEVATED_PAYMENT_VOLATILITY,NONE,NONE
MPLADS-001074,25.99,41.54,0,0.0,0.0,0.0,0.9219,0.25,0.0,0.0,NORMAL_DISBURSEMENT_SCHEDULE,NONE,NONE
MPLADS-001075,49.8,76.92,0,0.0,0.0,0.9992,0.8764,0.2222,0.0,25.0,NORMAL_DISBURSEMENT_SCHEDULE,NONE,NONE
MPLADS-001076,67.71,89.18,0,1.0,2155000.0,0.0222,0.8865,0.2222,0.0,75.0,UNVERIFIED_DISBURSEMENT_BURST,STATUTORY_CEILING_SMURFING,NONE
MPLADS-001077,46.97,75.04,0,0.0,0.0,0.0,0.959,0.2222,0.0,0.0,NORMAL_DISBURSEMENT_SCHEDULE,NONE,NONE
MPLADS-001078,38.06,63.22,0,0.0,0.0,0.0,0.9767,0.2222,0.0,0.0,NORMAL_DISBURSEMENT_SCHEDULE,NONE,NONE
MPLADS-001079,39.22,65.12,0,0.0,0.0,0.0,0.9671,0.25,0.0,0.0,NORMAL_DISBURSEMENT_SCHEDULE,NONE,NONE
MPLADS-001080,55.97,80.34,0,0.0,0.0,0.0,0.4872,0.2223,0.0,25.0,NORMAL_DISBURSEMENT_SCHEDULE,NONE,NONE
MPLADS-001081,31.7,51.52,0,0.0,0.0,0.0,0.8905,0.2222,0.0,0.0,NORMAL_DISBURSEMENT_SCHEDULE,NONE,NONE
MPLADS-001082,12.5,21.44,0,0.0,0.0,0.0,0.9749,0.2222,0.0,0.0,NORMAL_DISBURSEMENT_SCHEDULE,NONE,NONE
MPLADS-001083,70.88,91.42,0,1.0,2705000.0,0.0,0.8715,0.2222,0.0,50.0,UNVERIFIED_DISBURSEMENT_BURST,NONE,NONE
MPLADS-001084,3.69,5.46,0,0.0,0.0,0.0,0.9424,0.2222,0.0,0.0,NORMAL_DISBURSEMENT_SCHEDULE,NONE,NONE
MPLADS-001085,35.03,57.72,0,0.0,0.0,0.0,0.8879,0.25,0.0,0.0,NORMAL_DISBURSEMENT_SCHEDULE,NONE,NONE
MPLADS-001086,27.26,43.36,0,0.0,0.0,0.0,0.9084,0.25,0.0,0.0,NORMAL_DISBURSEMENT_SCHEDULE,NONE,NONE
MPLADS-001087,53.16,78.74,0,0.0,0.0,0.0,0.9694,0.2222,0.0,25.0,NORMAL_DISBURSEMENT_SCHEDULE,NONE,NONE
MPLADS-001088,28.27,44.94,0,0.0,0.0,0.0,0.9001,0.25,0.0,0.0,NORMAL_DISBURSEMENT_SCHEDULE,NONE,NONE
MPLADS-001089,6.53,10.24,0,0.0,0.0,0.0,0.8863,0.2222,0.0,0.0,NORMAL_DISBURSEMENT_SCHEDULE,NONE,NONE
MPLADS-001090,1.21,1.5,0,0.0,0.0,0.0,0.8938,0.2222,0.0,0.0,NORMAL_DISBURSEMENT_SCHEDULE,NONE,NONE
MPLADS-001091,35.06,57.78,0,0.0,0.0,0.0,0.9652,0.25,0.0,0.0,NORMAL_DISBURSEMENT_SCHEDULE,NONE,NONE
MPLADS-001092,16.82,29.1,0,0.0,0.0,0.0,0.8547,0.2222,0.0,0.0,NORMAL_DISBURSEMENT_SCHEDULE,NONE,NONE
MPLADS-001093,5.59,8.56,0,0.0,0.0,0.0,0.9103,0.2222,0.0,0.0,NORMAL_DISBURSEMENT_SCHEDULE,NONE,NONE
MPLADS-001094,6.81,10.76,0,0.0,0.0,0.0,0.9377,0.2222,0.0,0.0,NORMAL_DISBURSEMENT_SCHEDULE,NONE,NONE
MPLADS-001095,46.83,74.92,0,0.0,0.0,0.0,0.8713,0.2222,0.0,0.0,NORMAL_DISBURSEMENT_SCHEDULE,NONE,NONE
MPLADS-001096,21.53,35.82,0,0.0,0.0,0.315,0.9672,0.2222,0.0,25.0,NORMAL_DISBURSEMENT_SCHEDULE,NONE,NONE
MPLADS-001097,79.09,95.8,1,0.0,0.0,0.0,0.9782,0.2222,0.231,0.0,PAYMENT_TIMING_ANOMALY,NONE,NONE
MPLADS-001098,14.32,24.94,0,0.0,0.0,0.0,0.9717,0.2222,0.0,0.0,NORMAL_DISBURSEMENT_SCHEDULE,NONE,NONE
MPLADS-001099,4.77,7.24,0,0.0,0.0,0.0,0.9702,0.2222,0.0,0.0,NORMAL_DISBURSEMENT_SCHEDULE,NONE,NONE
MPLADS-001100,44.05,72.06,0,0.0,0.0,0.0,0.8533,0.25,0.0,0.0,NORMAL_DISBURSEMENT_SCHEDULE,NONE,NONE
MPLADS-001101,13.48,23.32,0,0.0,0.0,0.0,0.8657,0.2222,0.0,0.0,NORMAL_DISBURSEMENT_SCHEDULE,NONE,NONE
MPLADS-001102,7.96,12.9,0,0.0,0.0,0.0,0.9253,0.2223,0.0,0.0,NORMAL_DISBURSEMENT_SCHEDULE,NONE,NONE
MPLADS-001103,35.15,57.94,0,0.0,0.0,0.0,0.9536,0.2222,0.0,0.0,NORMAL_DISBURSEMENT_SCHEDULE,NONE,NONE
MPLADS-001104,15.23,26.44,0,0.0,0.0,0.0,0.9541,0.2222,0.0,0.0,NORMAL_DISBURSEMENT_SCHEDULE,NONE,NONE
MPLADS-001105,36.42,60.24,0,0.0,0.0,0.0,0.9589,0.2222,0.0,0.0,NORMAL_DISBURSEMENT_SCHEDULE,NONE,NONE
MPLADS-001106,26.56,42.3,0,0.0,0.0,0.0,0.8842,0.2223,0.0,0.0,NORMAL_DISBURSEMENT_SCHEDULE,NONE,NONE
MPLADS-001107,29.88,47.98,0,0.0,0.0,0.0,0.8799,0.2222,0.0,0.0,NORMAL_DISBURSEMENT_SCHEDULE,NONE,NONE
MPLADS-001108,29.6,47.46,0,0.0,0.0,0.0,0.926,0.2222,0.0,0.0,NORMAL_DISBURSEMENT_SCHEDULE,NONE,NONE
MPLADS-001109,77.93,95.22,1,1.0,804000.0,0.0,0.9157,0.25,0.0,50.0,UNVERIFIED_DISBURSEMENT_BURST,NONE,NONE
MPLADS-001110,29.9,48.02,0,0.0,0.0,0.0,0.8923,0.25,0.0,0.0,NORMAL_DISBURSEMENT_SCHEDULE,NONE,NONE
MPLADS-001111,31.75,51.62,0,0.0,0.0,0.0,0.8866,0.2222,0.0,0.0,NORMAL_DISBURSEMENT_SCHEDULE,NONE,NONE
MPLADS-001112,18.52,31.74,0,0.0,0.0,0.0,0.8556,0.2222,0.0,0.0,NORMAL_DISBURSEMENT_SCHEDULE,NONE,NONE
MPLADS-001113,62.62,84.5,0,0.0,0.0,0.0,0.926,0.2222,0.231,0.0,PAYMENT_TIMING_ANOMALY,NONE,NONE
MPLADS-001114,25.31,40.78,0,0.0,0.0,0.0,0.9193,0.2223,0.0,0.0,NORMAL_DISBURSEMENT_SCHEDULE,NONE,NONE
MPLADS-001115,20.26,34.24,0,0.0,0.0,0.3546,0.903,0.2222,0.0,25.0,NORMAL_DISBURSEMENT_SCHEDULE,NONE,NONE
MPLADS-001116,12.36,21.16,0,0.0,0.0,0.0,0.8742,0.2222,0.0,0.0,NORMAL_DISBURSEMENT_SCHEDULE,NONE,NONE
MPLADS-001117,81.79,97.2,1,1.0,546000.0,0.0,0.8585,0.25,0.0,50.0,UNVERIFIED_DISBURSEMENT_BURST,NONE,NONE
MPLADS-001118,94.54,99.7,1,1.0,12563000.0,0.0,0.875,0.2222,0.231,50.0,UNVERIFIED_DISBURSEMENT_BURST,PAYMENT_TIMING_ANOMALY,NONE
MPLADS-001119,0.87,0.96,0,0.0,0.0,0.0,0.9033,0.2222,0.0,0.0,NORMAL_DISBURSEMENT_SCHEDULE,NONE,NONE
MPLADS-001120,67.02,88.62,0,1.0,1453000.0,0.0,0.9522,0.2222,0.0,50.0,UNVERIFIED_DISBURSEMENT_BURST,NONE,NONE
MPLADS-001121,29.86,47.96,0,0.0,0.0,0.0,0.8872,0.2222,0.0,0.0,NORMAL_DISBURSEMENT_SCHEDULE,NONE,NONE
MPLADS-001122,22.22,36.8,0,0.0,0.0,0.0,0.945,0.2222,0.0,0.0,NORMAL_DISBURSEMENT_SCHEDULE,NONE,NONE
MPLADS-001123,9.03,14.92,0,0.0,0.0,0.0,0.9319,0.2222,0.0,0.0,NORMAL_DISBURSEMENT_SCHEDULE,NONE,NONE
MPLADS-001124,71.9,92.06,0,0.0,0.0,0.0,0.9687,0.2222,0.0,0.0,ELEVATED_PAYMENT_VOLATILITY,NONE,NONE
MPLADS-001125,73.09,92.76,0,0.0,0.0,0.0,0.9226,0.2222,0.231,0.0,PAYMENT_TIMING_ANOMALY,NONE,NONE
MPLADS-001126,46.24,74.42,0,0.0,0.0,0.0,0.9448,0.2222,0.0,0.0,NORMAL_DISBURSEMENT_SCHEDULE,NONE,NONE
MPLADS-001127,80.8,96.72,1,1.0,387000.0,0.0,0.9236,0.25,0.0,50.0,UNVERIFIED_DISBURSEMENT_BURST,NONE,NONE
MPLADS-001128,55.87,80.26,0,0.0,0.0,0.0,0.9381,0.2222,0.0,25.0,NORMAL_DISBURSEMENT_SCHEDULE,NONE,NONE
MPLADS-001129,31.64,51.4,0,0.0,0.0,0.0,0.9052,0.2222,0.0,0.0,NORMAL_DISBURSEMENT_SCHEDULE,NONE,NONE
MPLADS-001130,12.1,20.64,0,0.0,0.0,0.0,0.8625,0.2222,0.0,0.0,NORMAL_DISBURSEMENT_SCHEDULE,NONE,NONE
MPLADS-001131,38.57,64.06,0,0.0,0.0,0.0,0.9763,0.25,0.0,0.0,NORMAL_DISBURSEMENT_SCHEDULE,NONE,NONE
MPLADS-001132,66.57,88.22,0,0.0,0.0,0.0,0.9517,0.2223,0.231,0.0,PAYMENT_TIMING_ANOMALY,NONE,NONE
MPLADS-001133,73.52,92.9,0,1.0,1914000.0,0.0,0.9378,0.2222,0.0,50.0,UNVERIFIED_DISBURSEMENT_BURST,NONE,NONE
MPLADS-001134,68.82,90.14,0,1.0,3052000.0,0.0,0.8516,0.2222,0.0,50.0,UNVERIFIED_DISBURSEMENT_BURST,NONE,NONE
MPLADS-001135,37.71,62.58,0,0.0,0.0,0.0,0.9719,0.25,0.0,0.0,NORMAL_DISBURSEMENT_SCHEDULE,NONE,NONE
MPLADS-001136,2.38,3.4,0,0.0,0.0,0.0,0.9405,0.2222,0.0,0.0,NORMAL_DISBURSEMENT_SCHEDULE,NONE,NONE
MPLADS-001137,35.42,58.44,0,0.0,0.0,0.0,0.8624,0.25,0.0,0.0,NORMAL_DISBURSEMENT_SCHEDULE,NONE,NONE
MPLADS-001138,76.6,94.46,0,0.0,0.0,0.0,0.9368,0.2222,0.231,0.0,PAYMENT_TIMING_ANOMALY,NONE,NONE
MPLADS-001139,3.21,4.7,0,0.0,0.0,0.0,0.8774,0.2222,0.0,0.0,NORMAL_DISBURSEMENT_SCHEDULE,NONE,NONE
MPLADS-001140,3.17,4.62,0,0.0,0.0,0.0,0.8626,0.2222,0.0,0.0,NORMAL_DISBURSEMENT_SCHEDULE,NONE,NONE
MPLADS-001141,14.97,26.06,0,0.0,0.0,0.0,0.9666,0.2222,0.0,0.0,NORMAL_DISBURSEMENT_SCHEDULE,NONE,NONE
MPLADS-001142,30.39,48.9,0,0.0,0.0,0.0177,0.9622,0.2222,0.0,25.0,NORMAL_DISBURSEMENT_SCHEDULE,NONE,NONE
MPLADS-001143,38.15,63.36,0,0.0,0.0,0.1583,0.9532,0.2222,0.0,25.0,NORMAL_DISBURSEMENT_SCHEDULE,NONE,NONE
MPLADS-001144,4.34,6.54,0,0.0,0.0,0.0,0.8636,0.2222,0.0,0.0,NORMAL_DISBURSEMENT_SCHEDULE,NONE,NONE
MPLADS-001145,24.76,40.04,0,0.0,0.0,0.315,0.9658,0.2223,0.0,25.0,NORMAL_DISBURSEMENT_SCHEDULE,NONE,NONE
MPLADS-001146,67.78,89.24,0,0.0,0.0,0.0,0.9508,0.2223,0.231,0.0,PAYMENT_TIMING_ANOMALY,NONE,NONE
MPLADS-001147,14.24,24.78,0,0.0,0.0,0.0,0.9679,0.2222,0.0,0.0,NORMAL_DISBURSEMENT_SCHEDULE,NONE,NONE
MPLADS-001148,14.77,25.72,0,0.0,0.0,0.0,0.8925,0.2222,0.0,0.0,NORMAL_DISBURSEMENT_SCHEDULE,NONE,NONE
MPLADS-001149,34.91,57.48,0,0.0,0.0,0.0,0.9638,0.2222,0.0,0.0,NORMAL_DISBURSEMENT_SCHEDULE,NONE,NONE
MPLADS-001150,64.93,86.62,0,0.0,0.0,0.0,0.8673,0.2223,0.0,0.0,ELEVATED_PAYMENT_VOLATILITY,NONE,NONE
MPLADS-001151,18.71,32.04,0,0.0,0.0,0.0,0.9401,0.2222,0.0,0.0,NORMAL_DISBURSEMENT_SCHEDULE,NONE,NONE
MPLADS-001152,20.48,34.52,0,0.0,0.0,0.0,0.9233,0.2222,0.0,0.0,NORMAL_DISBURSEMENT_SCHEDULE,NONE,NONE
MPLADS-001153,18.29,31.38,0,0.0,0.0,0.0,0.9065,0.2223,0.0,0.0,NORMAL_DISBURSEMENT_SCHEDULE,NONE,NONE
MPLADS-001154,44.38,72.42,0,0.0,0.0,0.9802,0.9459,0.2222,0.0,25.0,NORMAL_DISBURSEMENT_SCHEDULE,NONE,NONE
MPLADS-001155,20.47,34.5,0,0.0,0.0,0.0,0.857,0.2222,0.0,0.0,NORMAL_DISBURSEMENT_SCHEDULE,NONE,NONE
MPLADS-001156,71.92,92.1,0,1.0,1975000.0,0.0,0.8658,0.2222,0.0,50.0,UNVERIFIED_DISBURSEMENT_BURST,NONE,NONE
MPLADS-001157,34.11,56.02,0,0.0,0.0,0.0,0.9366,0.25,0.0,0.0,NORMAL_DISBURSEMENT_SCHEDULE,NONE,NONE
MPLADS-001158,12.42,21.28,0,0.0,0.0,0.0,0.9778,0.2222,0.0,0.0,NORMAL_DISBURSEMENT_SCHEDULE,NONE,NONE
MPLADS-001159,29.72,47.68,0,0.0,0.0,0.0,0.9143,0.25,0.0,0.0,NORMAL_DISBURSEMENT_SCHEDULE,NONE,NONE
MPLADS-001160,26.47,42.2,0,0.0,0.0,0.0,0.9547,0.2222,0.0,0.0,NORMAL_DISBURSEMENT_SCHEDULE,NONE,NONE
MPLADS-001161,17.8,30.62,0,0.0,0.0,0.0,0.9115,0.2222,0.0,0.0,NORMAL_DISBURSEMENT_SCHEDULE,NONE,NONE
MPLADS-001162,31.09,50.28,0,0.0,0.0,0.0,0.9495,0.2222,0.0,0.0,NORMAL_DISBURSEMENT_SCHEDULE,NONE,NONE
MPLADS-001163,17.4,30.02,0,0.0,0.0,0.0,0.9709,0.2222,0.0,0.0,NORMAL_DISBURSEMENT_SCHEDULE,NONE,NONE
MPLADS-001164,14.25,24.8,0,0.0,0.0,0.0,0.8635,0.2223,0.0,0.0,NORMAL_DISBURSEMENT_SCHEDULE,NONE,NONE
MPLADS-001165,5.24,8.0,0,0.0,0.0,0.0,0.8891,0.2222,0.0,0.0,NORMAL_DISBURSEMENT_SCHEDULE,NONE,NONE
MPLADS-001166,83.84,98.3,1,0.0,0.0,0.0,0.9655,0.25,0.3466,0.0,PAYMENT_TIMING_ANOMALY,NONE,NONE
MPLADS-001167,31.65,51.42,0,0.0,0.0,0.0,0.9507,0.2222,0.0,0.0,NORMAL_DISBURSEMENT_SCHEDULE,NONE,NONE
MPLADS-001168,67.67,89.16,0,0.0,0.0,0.0,0.9619,0.2222,0.231,25.0,STATUTORY_CEILING_SMURFING,PAYMENT_TIMING_ANOMALY,NONE
MPLADS-001169,17.77,30.56,0,0.0,0.0,0.0,0.8689,0.2222,0.0,0.0,NORMAL_DISBURSEMENT_SCHEDULE,NONE,NONE
MPLADS-001170,41.31,68.18,0,0.0,0.0,0.0,0.9493,0.25,0.0,0.0,NORMAL_DISBURSEMENT_SCHEDULE,NONE,NONE
MPLADS-001171,20.51,34.58,0,0.0,0.0,0.0,0.8675,0.2222,0.0,0.0,NORMAL_DISBURSEMENT_SCHEDULE,NONE,NONE
MPLADS-001172,19.93,33.82,0,0.0,0.0,0.0,0.9301,0.2222,0.0,0.0,NORMAL_DISBURSEMENT_SCHEDULE,NONE,NONE
MPLADS-001173,73.08,92.74,0,0.0,0.0,0.034,0.8554,0.2222,0.0,25.0,STATUTORY_CEILING_SMURFING,NONE,NONE
MPLADS-001174,43.26,71.0,0,0.0,0.0,0.0,0.9212,0.2222,0.0,0.0,NORMAL_DISBURSEMENT_SCHEDULE,NONE,NONE
MPLADS-001175,13.16,22.74,0,0.0,0.0,0.0,0.9293,0.2223,0.0,0.0,NORMAL_DISBURSEMENT_SCHEDULE,NONE,NONE
MPLADS-001176,82.42,97.5,1,0.0,0.0,0.4118,0.908,0.2222,0.231,25.0,STATUTORY_CEILING_SMURFING,PAYMENT_TIMING_ANOMALY,NONE
MPLADS-001177,78.0,95.28,1,0.0,0.0,0.0,0.9058,0.2222,0.231,0.0,PAYMENT_TIMING_ANOMALY,NONE,NONE
MPLADS-001178,13.91,24.18,0,0.0,0.0,0.0,0.9108,0.2222,0.0,0.0,NORMAL_DISBURSEMENT_SCHEDULE,NONE,NONE
MPLADS-001179,4.65,7.02,0,0.0,0.0,0.0,0.9037,0.2222,0.0,0.0,NORMAL_DISBURSEMENT_SCHEDULE,NONE,NONE
MPLADS-001180,20.56,34.68,0,0.0,0.0,0.0,0.961,0.2222,0.0,0.0,NORMAL_DISBURSEMENT_SCHEDULE,NONE,NONE
MPLADS-001181,25.44,40.88,0,0.0,0.0,0.0,0.8686,0.2223,0.0,0.0,NORMAL_DISBURSEMENT_SCHEDULE,NONE,NONE
MPLADS-001182,38.38,63.74,0,0.0,0.0,0.0,0.8511,0.2222,0.0,0.0,NORMAL_DISBURSEMENT_SCHEDULE,NONE,NONE
MPLADS-001183,20.83,34.98,0,0.0,0.0,0.115,0.9537,0.2222,0.0,25.0,NORMAL_DISBURSEMENT_SCHEDULE,NONE,NONE
MPLADS-001184,6.54,10.26,0,0.0,0.0,0.0,0.9479,0.2222,0.0,0.0,NORMAL_DISBURSEMENT_SCHEDULE,NONE,NONE
MPLADS-001185,38.32,63.62,0,0.0,0.0,0.0,0.8783,0.25,0.0,0.0,NORMAL_DISBURSEMENT_SCHEDULE,NONE,NONE
MPLADS-001186,16.41,28.42,0,0.0,0.0,0.0,0.8596,0.2222,0.0,0.0,NORMAL_DISBURSEMENT_SCHEDULE,NONE,NONE
MPLADS-001187,18.31,31.42,0,0.0,0.0,0.0,0.9627,0.2222,0.0,0.0,NORMAL_DISBURSEMENT_SCHEDULE,NONE,NONE
MPLADS-001188,31.95,52.0,0,0.0,0.0,0.0,0.9383,0.25,0.0,0.0,NORMAL_DISBURSEMENT_SCHEDULE,NONE,NONE
MPLADS-001189,16.71,28.92,0,0.0,0.0,0.0,0.9095,0.2223,0.0,0.0,NORMAL_DISBURSEMENT_SCHEDULE,NONE,NONE
MPLADS-001190,65.68,87.38,0,1.0,1658000.0,0.0,0.9362,0.2223,0.0,50.0,UNVERIFIED_DISBURSEMENT_BURST,NONE,NONE
MPLADS-001191,33.69,55.2,0,0.0,0.0,0.0,0.8759,0.25,0.0,0.0,NORMAL_DISBURSEMENT_SCHEDULE,NONE,NONE
MPLADS-001192,25.6,41.04,0,0.0,0.0,0.0,0.8537,0.2223,0.0,0.0,NORMAL_DISBURSEMENT_SCHEDULE,NONE,NONE
MPLADS-001193,24.71,39.98,0,0.0,0.0,0.0,0.8953,0.2222,0.0,0.0,NORMAL_DISBURSEMENT_SCHEDULE,NONE,NONE
MPLADS-001194,28.33,45.04,0,0.0,0.0,0.0,0.9253,0.2222,0.0,0.0,NORMAL_DISBURSEMENT_SCHEDULE,NONE,NONE
MPLADS-001195,8.69,14.34,0,0.0,0.0,0.0111,0.8891,0.2222,0.0,25.0,NORMAL_DISBURSEMENT_SCHEDULE,NONE,NONE
MPLADS-001196,85.36,98.88,1,1.0,9431000.0,0.0,0.982,0.2222,0.0,50.0,UNVERIFIED_DISBURSEMENT_BURST,NONE,NONE
MPLADS-001197,46.41,74.6,0,0.0,0.0,0.7261,0.9613,0.2222,0.0,25.0,NORMAL_DISBURSEMENT_SCHEDULE,NONE,NONE
MPLADS-001198,8.89,14.7,0,0.0,0.0,0.0,0.9703,0.2222,0.0,0.0,NORMAL_DISBURSEMENT_SCHEDULE,NONE,NONE
MPLADS-001199,29.89,48.0,0,0.0,0.0,0.0,0.9122,0.25,0.0,0.0,NORMAL_DISBURSEMENT_SCHEDULE,NONE,NONE
MPLADS-001200,15.04,26.16,0,0.0,0.0,0.0,0.9755,0.2222,0.0,0.0,NORMAL_DISBURSEMENT_SCHEDULE,NONE,NONE
MPLADS-001201,12.55,21.54,0,0.0,0.0,0.0,0.9281,0.2222,0.0,0.0,NORMAL_DISBURSEMENT_SCHEDULE,NONE,NONE
MPLADS-001202,46.3,74.46,0,0.0,0.0,0.0,0.9208,0.2222,0.0,0.0,NORMAL_DISBURSEMENT_SCHEDULE,NONE,NONE
MPLADS-001203,1.61,2.22,0,0.0,0.0,0.0,0.9219,0.2222,0.0,0.0,NORMAL_DISBURSEMENT_SCHEDULE,NONE,NONE
MPLADS-001204,73.76,93.1,0,1.0,1366000.0,0.0,0.8543,0.2222,0.0,50.0,UNVERIFIED_DISBURSEMENT_BURST,NONE,NONE
MPLADS-001205,30.71,49.52,0,0.0,0.0,0.0,0.8803,0.2222,0.0,25.0,NORMAL_DISBURSEMENT_SCHEDULE,NONE,NONE
MPLADS-001206,37.93,62.98,0,0.0,0.0,0.0,0.9725,0.25,0.0,0.0,NORMAL_DISBURSEMENT_SCHEDULE,NONE,NONE
MPLADS-001207,72.54,92.42,0,1.0,1622000.0,0.0,0.8932,0.2223,0.0,50.0,UNVERIFIED_DISBURSEMENT_BURST,NONE,NONE
MPLADS-001208,19.44,33.08,0,0.0,0.0,0.0,0.9453,0.2222,0.0,0.0,NORMAL_DISBURSEMENT_SCHEDULE,NONE,NONE
MPLADS-001209,55.73,80.14,0,0.0,0.0,0.0,0.9354,0.2222,0.0,25.0,NORMAL_DISBURSEMENT_SCHEDULE,NONE,NONE
MPLADS-001210,35.74,59.02,0,0.0,0.0,0.0,0.8852,0.25,0.0,0.0,NORMAL_DISBURSEMENT_SCHEDULE,NONE,NONE
MPLADS-001211,30.97,50.02,0,0.0,0.0,0.5341,0.9423,0.2222,0.0,25.0,NORMAL_DISBURSEMENT_SCHEDULE,NONE,NONE
MPLADS-001212,5.98,9.28,0,0.0,0.0,0.0,0.8708,0.2222,0.0,0.0,NORMAL_DISBURSEMENT_SCHEDULE,NONE,NONE
MPLADS-001213,0.86,0.94,0,0.0,0.0,0.0,0.9466,0.2222,0.0,0.0,NORMAL_DISBURSEMENT_SCHEDULE,NONE,NONE
MPLADS-001214,69.01,90.3,0,1.0,1509000.0,0.0,0.9449,0.2222,0.0,50.0,UNVERIFIED_DISBURSEMENT_BURST,NONE,NONE
MPLADS-001215,76.8,94.58,0,0.0,0.0,0.0,0.9405,0.2222,0.231,0.0,PAYMENT_TIMING_ANOMALY,NONE,NONE
MPLADS-001216,68.06,89.48,0,1.0,2553000.0,0.0,0.9352,0.2222,0.0,50.0,UNVERIFIED_DISBURSEMENT_BURST,NONE,NONE
MPLADS-001217,80.93,96.78,1,1.0,974000.0,0.0,0.974,0.25,0.0,50.0,UNVERIFIED_DISBURSEMENT_BURST,NONE,NONE
MPLADS-001218,29.54,47.36,0,0.0,0.0,0.0,0.9081,0.25,0.0,0.0,NORMAL_DISBURSEMENT_SCHEDULE,NONE,NONE
MPLADS-001219,41.77,68.8,0,0.0,0.0,0.0,0.9237,0.2222,0.0,0.0,NORMAL_DISBURSEMENT_SCHEDULE,NONE,NONE
MPLADS-001220,22.15,36.74,0,0.0,0.0,0.0,0.8506,0.2222,0.0,0.0,NORMAL_DISBURSEMENT_SCHEDULE,NONE,NONE
MPLADS-001221,44.5,72.62,0,0.0,0.0,0.0,0.9303,0.2222,0.0,0.0,NORMAL_DISBURSEMENT_SCHEDULE,NONE,NONE
MPLADS-001222,24.36,39.56,0,0.0,0.0,0.0,0.9016,0.2223,0.0,0.0,NORMAL_DISBURSEMENT_SCHEDULE,NONE,NONE
MPLADS-001223,58.17,81.62,0,0.0,0.0,0.0,0.9696,0.2222,0.0,0.0,NORMAL_DISBURSEMENT_SCHEDULE,NONE,NONE
MPLADS-001224,81.39,96.98,1,1.0,12613000.0,0.0,0.8996,0.2222,0.0,50.0,UNVERIFIED_DISBURSEMENT_BURST,NONE,NONE
MPLADS-001225,83.5,98.18,1,1.0,2280000.0,0.7027,0.9197,0.2222,0.0,75.0,UNVERIFIED_DISBURSEMENT_BURST,STATUTORY_CEILING_SMURFING,NONE
MPLADS-001226,43.77,71.68,0,0.0,0.0,0.0,0.8565,0.25,0.0,0.0,NORMAL_DISBURSEMENT_SCHEDULE,NONE,NONE
MPLADS-001227,6.16,9.6,0,0.0,0.0,0.0,0.8551,0.2222,0.0,0.0,NORMAL_DISBURSEMENT_SCHEDULE,NONE,NONE
MPLADS-001228,15.66,27.11,0,0.0,0.0,0.0,0.8616,0.2223,0.0,0.0,NORMAL_DISBURSEMENT_SCHEDULE,NONE,NONE
MPLADS-001229,79.4,96.0,1,1.0,866000.0,0.0,0.9485,0.25,0.0,50.0,UNVERIFIED_DISBURSEMENT_BURST,NONE,NONE
MPLADS-001230,2.53,3.66,0,0.0,0.0,0.0,0.9339,0.2222,0.0,0.0,NORMAL_DISBURSEMENT_SCHEDULE,NONE,NONE
MPLADS-001231,35.54,58.66,0,0.0,0.0,0.0,0.8689,0.25,0.0,0.0,NORMAL_DISBURSEMENT_SCHEDULE,NONE,NONE
MPLADS-001232,100.0,100.0,1,1.0,582000.0,0.0,1.0,0.25,0.3466,50.0,UNVERIFIED_DISBURSEMENT_BURST,PAYMENT_TIMING_ANOMALY,NONE
MPLADS-001233,28.37,45.14,0,0.0,0.0,0.0,0.9073,0.25,0.0,0.0,NORMAL_DISBURSEMENT_SCHEDULE,NONE,NONE
MPLADS-001234,81.29,96.96,1,1.0,764000.0,0.0,0.8536,0.25,0.0,50.0,UNVERIFIED_DISBURSEMENT_BURST,NONE,NONE
MPLADS-001235,52.48,78.3,0,0.0,0.0,0.0,0.9322,0.2223,0.0,0.0,NORMAL_DISBURSEMENT_SCHEDULE,NONE,NONE
MPLADS-001236,35.56,58.7,0,0.0,0.0,0.0002,0.9596,0.2222,0.0,25.0,NORMAL_DISBURSEMENT_SCHEDULE,NONE,NONE
MPLADS-001237,45.22,73.36,0,0.0,0.0,0.0,0.957,0.25,0.0,0.0,NORMAL_DISBURSEMENT_SCHEDULE,NONE,NONE
MPLADS-001238,11.95,20.38,0,0.0,0.0,0.0,0.9005,0.2222,0.0,0.0,NORMAL_DISBURSEMENT_SCHEDULE,NONE,NONE
MPLADS-001239,45.12,73.22,0,0.0,0.0,0.0,0.8574,0.25,0.0,0.0,NORMAL_DISBURSEMENT_SCHEDULE,NONE,NONE
MPLADS-001240,40.0,66.3,0,0.0,0.0,0.0,0.8615,0.25,0.0,0.0,NORMAL_DISBURSEMENT_SCHEDULE,NONE,NONE
MPLADS-001241,28.69,45.72,0,0.0,0.0,0.0,0.8917,0.25,0.0,0.0,NORMAL_DISBURSEMENT_SCHEDULE,NONE,NONE
MPLADS-001242,16.04,27.78,0,0.0,0.0,0.0,0.9376,0.2222,0.0,0.0,NORMAL_DISBURSEMENT_SCHEDULE,NONE,NONE
MPLADS-001243,1.81,2.54,0,0.0,0.0,0.0,0.9384,0.2222,0.0,0.0,NORMAL_DISBURSEMENT_SCHEDULE,NONE,NONE
MPLADS-001244,1.0,1.14,0,0.0,0.0,0.0,0.9231,0.2222,0.0,0.0,NORMAL_DISBURSEMENT_SCHEDULE,NONE,NONE
MPLADS-001245,61.24,83.44,0,0.0,0.0,0.0,0.9312,0.2222,0.231,0.0,PAYMENT_TIMING_ANOMALY,NONE,NONE
MPLADS-001246,30.16,48.48,0,0.0,0.0,0.0,0.9786,0.2222,0.0,0.0,NORMAL_DISBURSEMENT_SCHEDULE,NONE,NONE
MPLADS-001247,36.7,60.74,0,0.0,0.0,0.0,0.949,0.2222,0.0,0.0,NORMAL_DISBURSEMENT_SCHEDULE,NONE,NONE
MPLADS-001248,80.59,96.62,1,1.0,903000.0,0.0,0.9505,0.25,0.0,50.0,UNVERIFIED_DISBURSEMENT_BURST,NONE,NONE
MPLADS-001249,47.75,75.56,0,0.0,0.0,0.0,0.8571,0.25,0.0,0.0,NORMAL_DISBURSEMENT_SCHEDULE,NONE,NONE
MPLADS-001250,67.15,88.74,0,0.0,0.0,0.0,1.334,0.25,0.0,0.0,ELEVATED_PAYMENT_VOLATILITY,NONE,NONE
MPLADS-001251,39.12,65.0,0,0.0,0.0,0.0,0.9786,0.2222,0.0,0.0,NORMAL_DISBURSEMENT_SCHEDULE,NONE,NONE
MPLADS-001252,63.92,85.6,0,1.0,2098000.0,0.0,0.8871,0.2222,0.0,50.0,UNVERIFIED_DISBURSEMENT_BURST,NONE,NONE
MPLADS-001253,14.35,24.98,0,0.0,0.0,0.0,0.8787,0.2223,0.0,0.0,NORMAL_DISBURSEMENT_SCHEDULE,NONE,NONE
MPLADS-001254,31.1,50.3,0,0.0,0.0,0.0,0.9446,0.25,0.0,0.0,NORMAL_DISBURSEMENT_SCHEDULE,NONE,NONE
MPLADS-001255,17.34,29.94,0,0.0,0.0,0.0,0.8546,0.2222,0.0,0.0,NORMAL_DISBURSEMENT_SCHEDULE,NONE,NONE
MPLADS-001256,30.06,48.3,0,0.0,0.0,0.0,0.9066,0.2222,0.0,0.0,NORMAL_DISBURSEMENT_SCHEDULE,NONE,NONE
MPLADS-001257,9.34,15.48,0,0.0,0.0,0.0,0.9516,0.2222,0.0,0.0,NORMAL_DISBURSEMENT_SCHEDULE,NONE,NONE
MPLADS-001258,38.36,63.7,0,0.0,0.0,0.0,0.855,0.2222,0.0,25.0,NORMAL_DISBURSEMENT_SCHEDULE,NONE,NONE
MPLADS-001259,31.21,50.5,0,0.0,0.0,0.0,0.9427,0.25,0.0,0.0,NORMAL_DISBURSEMENT_SCHEDULE,NONE,NONE
MPLADS-001260,36.02,59.52,0,0.0,0.0,0.0,0.8844,0.2222,0.0,0.0,NORMAL_DISBURSEMENT_SCHEDULE,NONE,NONE
MPLADS-001261,86.07,99.02,1,0.0,0.0,0.0,0.9116,0.25,0.0,25.0,ROUND_NUMBER_DISBURSEMENT_CONCENTRATION,NONE,NONE
MPLADS-001262,44.9,73.0,0,0.0,0.0,0.0,0.8914,0.2222,0.0,0.0,NORMAL_DISBURSEMENT_SCHEDULE,NONE,NONE
MPLADS-001263,28.47,45.3,0,0.0,0.0,0.0,0.8992,0.2222,0.0,0.0,NORMAL_DISBURSEMENT_SCHEDULE,NONE,NONE
MPLADS-001264,17.39,30.0,0,0.0,0.0,0.0,0.8948,0.2222,0.0,0.0,NORMAL_DISBURSEMENT_SCHEDULE,NONE,NONE
MPLADS-001265,46.91,74.98,0,0.0,0.0,0.0,0.98,0.25,0.0,0.0,NORMAL_DISBURSEMENT_SCHEDULE,NONE,NONE
MPLADS-001266,4.4,6.64,0,0.0,0.0,0.0,0.9711,0.2222,0.0,0.0,NORMAL_DISBURSEMENT_SCHEDULE,NONE,NONE
MPLADS-001267,15.57,26.96,0,0.0,0.0,0.0,0.909,0.2222,0.0,0.0,NORMAL_DISBURSEMENT_SCHEDULE,NONE,NONE
MPLADS-001268,43.12,70.78,0,0.0,0.0,0.0,0.8966,0.25,0.0,0.0,NORMAL_DISBURSEMENT_SCHEDULE,NONE,NONE
MPLADS-001269,31.8,51.72,0,0.0,0.0,0.0,0.9402,0.25,0.0,0.0,NORMAL_DISBURSEMENT_SCHEDULE,NONE,NONE
MPLADS-001270,40.74,67.32,0,0.0,0.0,0.0,0.9681,0.25,0.0,0.0,NORMAL_DISBURSEMENT_SCHEDULE,NONE,NONE
MPLADS-001271,30.9,49.9,0,0.0,0.0,0.0,0.9043,0.2222,0.0,0.0,NORMAL_DISBURSEMENT_SCHEDULE,NONE,NONE
MPLADS-001272,28.78,45.88,0,0.0,0.0,0.0,0.9218,0.25,0.0,0.0,NORMAL_DISBURSEMENT_SCHEDULE,NONE,NONE
MPLADS-001273,22.24,36.82,0,0.0,0.0,0.0,0.8875,0.2222,0.0,0.0,NORMAL_DISBURSEMENT_SCHEDULE,NONE,NONE
MPLADS-001274,19.08,32.6,0,0.0,0.0,0.0,0.9172,0.2222,0.0,0.0,NORMAL_DISBURSEMENT_SCHEDULE,NONE,NONE
MPLADS-001275,10.34,17.38,0,0.0,0.0,0.0,0.9155,0.2222,0.0,0.0,NORMAL_DISBURSEMENT_SCHEDULE,NONE,NONE
MPLADS-001276,15.75,27.28,0,0.0,0.0,0.0,0.911,0.2222,0.0,0.0,NORMAL_DISBURSEMENT_SCHEDULE,NONE,NONE
MPLADS-001277,32.68,53.36,0,0.0,0.0,0.0,0.8667,0.2222,0.0,0.0,NORMAL_DISBURSEMENT_SCHEDULE,NONE,NONE
MPLADS-001278,14.42,25.1,0,0.0,0.0,0.0,0.8614,0.2222,0.0,0.0,NORMAL_DISBURSEMENT_SCHEDULE,NONE,NONE
MPLADS-001279,29.82,47.88,0,0.0,0.0,0.0,0.9017,0.25,0.0,0.0,NORMAL_DISBURSEMENT_SCHEDULE,NONE,NONE
MPLADS-001280,78.5,95.54,1,1.0,651000.0,0.0,0.9017,0.25,0.0,50.0,UNVERIFIED_DISBURSEMENT_BURST,NONE,NONE
MPLADS-001281,82.0,97.26,1,1.0,632000.0,0.0,1.0,0.25,0.0,50.0,UNVERIFIED_DISBURSEMENT_BURST,NONE,NONE
MPLADS-001282,0.43,0.38,0,0.0,0.0,0.0,0.9176,0.2222,0.0,0.0,NORMAL_DISBURSEMENT_SCHEDULE,NONE,NONE
MPLADS-001283,24.92,40.28,0,0.0,0.0,0.0,0.9777,0.2222,0.0,0.0,NORMAL_DISBURSEMENT_SCHEDULE,NONE,NONE
MPLADS-001284,27.69,44.0,0,0.0,0.0,0.0,0.9495,0.2222,0.0,0.0,NORMAL_DISBURSEMENT_SCHEDULE,NONE,NONE
MPLADS-001285,83.72,98.26,1,1.0,486000.0,0.0,0.9858,0.25,0.0,50.0,UNVERIFIED_DISBURSEMENT_BURST,NONE,NONE
MPLADS-001286,23.77,38.84,0,0.0,0.0,0.0,0.9161,0.2222,0.0,0.0,NORMAL_DISBURSEMENT_SCHEDULE,NONE,NONE
MPLADS-001287,28.73,45.78,0,0.0,0.0,0.0,0.9052,0.25,0.0,0.0,NORMAL_DISBURSEMENT_SCHEDULE,NONE,NONE
MPLADS-001288,64.76,86.48,0,1.0,1856000.0,0.0,0.9206,0.2223,0.0,50.0,UNVERIFIED_DISBURSEMENT_BURST,NONE,NONE
MPLADS-001289,9.14,15.14,0,0.0,0.0,0.0,0.9143,0.2222,0.0,0.0,NORMAL_DISBURSEMENT_SCHEDULE,NONE,NONE
MPLADS-001290,30.88,49.86,0,0.0,0.0,0.0,0.941,0.25,0.0,0.0,NORMAL_DISBURSEMENT_SCHEDULE,NONE,NONE
MPLADS-001291,3.68,5.44,0,0.0,0.0,0.0,0.8723,0.2222,0.0,0.0,NORMAL_DISBURSEMENT_SCHEDULE,NONE,NONE
MPLADS-001292,2.63,3.82,0,0.0,0.0,0.0,0.891,0.2222,0.0,0.0,NORMAL_DISBURSEMENT_SCHEDULE,NONE,NONE
MPLADS-001293,33.9,55.6,0,0.0,0.0,0.0,0.8603,0.2222,0.0,0.0,NORMAL_DISBURSEMENT_SCHEDULE,NONE,NONE
MPLADS-001294,6.76,10.66,0,0.0,0.0,0.0,0.9497,0.2222,0.0,0.0,NORMAL_DISBURSEMENT_SCHEDULE,NONE,NONE
MPLADS-001295,27.86,44.3,0,0.0,0.0,0.1353,0.8821,0.2222,0.0,25.0,NORMAL_DISBURSEMENT_SCHEDULE,NONE,NONE
MPLADS-001296,42.53,70.0,0,0.0,0.0,0.0,0.8524,0.25,0.0,0.0,NORMAL_DISBURSEMENT_SCHEDULE,NONE,NONE
MPLADS-001297,4.6,6.96,0,0.0,0.0,0.0,0.8852,0.2222,0.0,0.0,NORMAL_DISBURSEMENT_SCHEDULE,NONE,NONE
MPLADS-001298,19.25,32.8,0,0.0,0.0,0.0,0.8662,0.2222,0.0,0.0,NORMAL_DISBURSEMENT_SCHEDULE,NONE,NONE
MPLADS-001299,27.64,43.92,0,0.0,0.0,0.0,0.889,0.25,0.0,0.0,NORMAL_DISBURSEMENT_SCHEDULE,NONE,NONE
MPLADS-001300,34.05,55.88,0,0.0,0.0,0.0,0.9571,0.25,0.0,0.0,NORMAL_DISBURSEMENT_SCHEDULE,NONE,NONE
MPLADS-001301,17.16,29.66,0,0.0,0.0,0.0,0.8594,0.2222,0.0,0.0,NORMAL_DISBURSEMENT_SCHEDULE,NONE,NONE
MPLADS-001302,15.28,26.54,0,0.0,0.0,0.0,0.9559,0.2222,0.0,0.0,NORMAL_DISBURSEMENT_SCHEDULE,NONE,NONE
MPLADS-001303,34.1,55.98,0,0.0,0.0,0.0,0.9158,0.25,0.0,0.0,NORMAL_DISBURSEMENT_SCHEDULE,NONE,NONE
MPLADS-001304,61.79,83.8,0,1.0,1549000.0,0.0,0.9348,0.2222,0.0,50.0,UNVERIFIED_DISBURSEMENT_BURST,NONE,NONE
MPLADS-001305,45.58,73.78,0,0.0,0.0,0.0,0.9389,0.2222,0.0,0.0,NORMAL_DISBURSEMENT_SCHEDULE,NONE,NONE
MPLADS-001306,79.36,95.98,1,1.0,10707000.0,0.0,0.9058,0.2222,0.0,50.0,UNVERIFIED_DISBURSEMENT_BURST,NONE,NONE
MPLADS-001307,2.32,3.32,0,0.0,0.0,0.0,0.9123,0.2222,0.0,0.0,NORMAL_DISBURSEMENT_SCHEDULE,NONE,NONE
MPLADS-001308,15.8,27.36,0,0.0,0.0,0.0,0.911,0.2223,0.0,0.0,NORMAL_DISBURSEMENT_SCHEDULE,NONE,NONE
MPLADS-001309,40.62,67.16,0,0.0,0.0,0.0,0.9685,0.25,0.0,0.0,NORMAL_DISBURSEMENT_SCHEDULE,NONE,NONE
MPLADS-001310,65.26,86.96,0,1.0,1648000.0,0.0,0.9348,0.2222,0.0,50.0,UNVERIFIED_DISBURSEMENT_BURST,NONE,NONE
MPLADS-001311,46.01,74.22,0,0.0,0.0,0.0,0.9657,0.2222,0.0,0.0,NORMAL_DISBURSEMENT_SCHEDULE,NONE,NONE
MPLADS-001312,12.97,22.38,0,0.0,0.0,0.0,0.9655,0.2222,0.0,0.0,NORMAL_DISBURSEMENT_SCHEDULE,NONE,NONE
MPLADS-001313,30.7,49.5,0,0.0,0.0,0.0,0.8819,0.2222,0.0,0.0,NORMAL_DISBURSEMENT_SCHEDULE,NONE,NONE
MPLADS-001314,45.65,73.86,0,0.0,0.0,0.0,0.9618,0.2222,0.0,0.0,NORMAL_DISBURSEMENT_SCHEDULE,NONE,NONE
MPLADS-001315,18.86,32.28,0,0.0,0.0,0.0,0.8764,0.2222,0.0,0.0,NORMAL_DISBURSEMENT_SCHEDULE,NONE,NONE
MPLADS-001316,28.87,46.06,0,0.0,0.0,0.0,0.9542,0.2222,0.0,0.0,NORMAL_DISBURSEMENT_SCHEDULE,NONE,NONE
MPLADS-001317,45.15,73.28,0,0.0,0.0,0.0,0.9542,0.2222,0.0,0.0,NORMAL_DISBURSEMENT_SCHEDULE,NONE,NONE
MPLADS-001318,2.85,4.12,0,0.0,0.0,0.0,0.8799,0.2222,0.0,0.0,NORMAL_DISBURSEMENT_SCHEDULE,NONE,NONE
MPLADS-001319,3.81,5.66,0,0.0,0.0,0.0,0.8688,0.2222,0.0,0.0,NORMAL_DISBURSEMENT_SCHEDULE,NONE,NONE
MPLADS-001320,6.11,9.51,0,0.0,0.0,0.0,0.9621,0.2222,0.0,0.0,NORMAL_DISBURSEMENT_SCHEDULE,NONE,NONE
MPLADS-001321,29.46,47.2,0,0.0,0.0,0.0,0.9076,0.25,0.0,0.0,NORMAL_DISBURSEMENT_SCHEDULE,NONE,NONE
MPLADS-001322,66.97,88.56,0,1.0,3283000.0,0.0,0.9298,0.2222,0.0,50.0,UNVERIFIED_DISBURSEMENT_BURST,NONE,NONE
MPLADS-001323,36.96,61.24,0,0.0,0.0,0.0,0.8706,0.25,0.0,0.0,NORMAL_DISBURSEMENT_SCHEDULE,NONE,NONE
MPLADS-001324,28.79,45.9,0,0.0,0.0,0.0,0.9309,0.2222,0.0,0.0,NORMAL_DISBURSEMENT_SCHEDULE,NONE,NONE
MPLADS-001325,5.98,9.26,0,0.0,0.0,0.0,0.9765,0.2222,0.0,0.0,NORMAL_DISBURSEMENT_SCHEDULE,NONE,NONE
MPLADS-001326,80.2,96.4,1,1.0,347000.0,0.0,0.9378,0.25,0.0,50.0,UNVERIFIED_DISBURSEMENT_BURST,NONE,NONE
MPLADS-001327,80.6,96.64,1,1.0,557000.0,0.0,0.933,0.25,0.0,50.0,UNVERIFIED_DISBURSEMENT_BURST,NONE,NONE
MPLADS-001328,12.03,20.5,0,0.0,0.0,0.0,0.8898,0.2222,0.0,0.0,NORMAL_DISBURSEMENT_SCHEDULE,NONE,NONE
MPLADS-001329,58.63,81.9,0,0.0,0.0,0.6065,0.9408,0.2222,0.0,25.0,NORMAL_DISBURSEMENT_SCHEDULE,NONE,NONE
MPLADS-001330,69.93,90.9,0,0.0,0.0,0.0,0.9455,0.2222,0.0,0.0,ELEVATED_PAYMENT_VOLATILITY,NONE,NONE
MPLADS-001331,30.78,49.68,0,0.0,0.0,0.0,0.9,0.2222,0.0,0.0,NORMAL_DISBURSEMENT_SCHEDULE,NONE,NONE
MPLADS-001332,0.95,1.06,0,0.0,0.0,0.0,0.9258,0.2222,0.0,0.0,NORMAL_DISBURSEMENT_SCHEDULE,NONE,NONE
MPLADS-001333,44.72,72.86,0,0.0,0.0,0.0,0.9687,0.25,0.0,0.0,NORMAL_DISBURSEMENT_SCHEDULE,NONE,NONE
MPLADS-001334,10.33,17.36,0,0.0,0.0,0.0,0.8713,0.2222,0.0,0.0,NORMAL_DISBURSEMENT_SCHEDULE,NONE,NONE
MPLADS-001335,33.27,54.4,0,0.0,0.0,0.0,0.9305,0.25,0.0,0.0,NORMAL_DISBURSEMENT_SCHEDULE,NONE,NONE
MPLADS-001336,16.3,28.24,0,0.0,0.0,0.0,0.8954,0.2222,0.0,0.0,NORMAL_DISBURSEMENT_SCHEDULE,NONE,NONE
MPLADS-001337,9.94,16.62,0,0.0,0.0,0.0,0.8937,0.2222,0.0,0.0,NORMAL_DISBURSEMENT_SCHEDULE,NONE,NONE
MPLADS-001338,82.9,97.86,1,0.0,0.0,0.0,1.3534,0.2222,0.231,0.0,PAYMENT_TIMING_ANOMALY,NONE,NONE
MPLADS-001339,35.79,59.1,0,0.0,0.0,0.0,0.8814,0.25,0.0,0.0,NORMAL_DISBURSEMENT_SCHEDULE,NONE,NONE
MPLADS-001340,6.06,9.42,0,0.0,0.0,0.0,0.8847,0.2222,0.0,0.0,NORMAL_DISBURSEMENT_SCHEDULE,NONE,NONE
MPLADS-001341,26.38,42.06,0,0.0,0.0,0.3546,0.8634,0.2222,0.0,25.0,NORMAL_DISBURSEMENT_SCHEDULE,NONE,NONE
MPLADS-001342,8.99,14.86,0,0.0,0.0,0.0,0.9358,0.2222,0.0,0.0,NORMAL_DISBURSEMENT_SCHEDULE,NONE,NONE
MPLADS-001343,35.08,57.82,0,0.0,0.0,0.0,0.8762,0.25,0.0,0.0,NORMAL_DISBURSEMENT_SCHEDULE,NONE,NONE
MPLADS-001344,33.29,54.44,0,0.0,0.0,0.0,0.935,0.25,0.0,0.0,NORMAL_DISBURSEMENT_SCHEDULE,NONE,NONE
MPLADS-001345,15.62,27.04,0,0.0,0.0,0.0,0.8676,0.2223,0.0,0.0,NORMAL_DISBURSEMENT_SCHEDULE,NONE,NONE
MPLADS-001346,63.45,85.28,0,1.0,1066000.0,0.0,0.9442,0.2222,0.0,50.0,UNVERIFIED_DISBURSEMENT_BURST,NONE,NONE
MPLADS-001347,40.2,66.64,0,0.0,0.0,0.0,0.9735,0.2222,0.0,0.0,NORMAL_DISBURSEMENT_SCHEDULE,NONE,NONE
MPLADS-001348,20.09,33.98,0,0.0,0.0,0.0,0.9158,0.2222,0.0,0.0,NORMAL_DISBURSEMENT_SCHEDULE,NONE,NONE
MPLADS-001349,28.48,45.32,0,0.0,0.0,0.0,0.9429,0.2222,0.0,0.0,NORMAL_DISBURSEMENT_SCHEDULE,NONE,NONE
MPLADS-001350,1.05,1.24,0,0.0,0.0,0.0,0.9305,0.2222,0.0,0.0,NORMAL_DISBURSEMENT_SCHEDULE,NONE,NONE
MPLADS-001351,7.01,11.1,0,0.0,0.0,0.0,0.9731,0.2222,0.0,0.0,NORMAL_DISBURSEMENT_SCHEDULE,NONE,NONE
MPLADS-001352,56.63,80.72,0,0.0,0.0,0.0,0.9305,0.2222,0.0,0.0,NORMAL_DISBURSEMENT_SCHEDULE,NONE,NONE
MPLADS-001353,29.2,46.68,0,0.0,0.0,0.3546,0.8644,0.2222,0.0,25.0,NORMAL_DISBURSEMENT_SCHEDULE,NONE,NONE
MPLADS-001354,43.6,71.48,0,0.0,0.0,0.0,0.8522,0.25,0.0,0.0,NORMAL_DISBURSEMENT_SCHEDULE,NONE,NONE
MPLADS-001355,57.98,81.54,0,0.0,0.0,0.0,0.9133,0.2222,0.0,0.0,NORMAL_DISBURSEMENT_SCHEDULE,NONE,NONE
MPLADS-001356,15.1,26.26,0,0.0,0.0,0.0,0.8544,0.2223,0.0,0.0,NORMAL_DISBURSEMENT_SCHEDULE,NONE,NONE
MPLADS-001357,19.62,33.36,0,0.0,0.0,0.0,0.8967,0.2223,0.0,0.0,NORMAL_DISBURSEMENT_SCHEDULE,NONE,NONE
MPLADS-001358,31.43,50.94,0,0.0,0.0,0.0,0.92,0.25,0.0,0.0,NORMAL_DISBURSEMENT_SCHEDULE,NONE,NONE
MPLADS-001359,1.2,1.48,0,0.0,0.0,0.0,0.8876,0.2222,0.0,0.0,NORMAL_DISBURSEMENT_SCHEDULE,NONE,NONE
MPLADS-001360,40.21,66.66,0,0.0,0.0,0.0,0.8852,0.25,0.0,0.0,NORMAL_DISBURSEMENT_SCHEDULE,NONE,NONE
MPLADS-001361,9.82,16.38,0,0.0,0.0,0.0,0.9276,0.2222,0.0,0.0,NORMAL_DISBURSEMENT_SCHEDULE,NONE,NONE
MPLADS-001362,67.77,89.22,0,0.0,0.0,0.0,0.9091,0.2222,0.231,0.0,PAYMENT_TIMING_ANOMALY,NONE,NONE
MPLADS-001363,54.32,79.36,0,0.0,0.0,0.0,1.4086,0.2222,0.0,0.0,NORMAL_DISBURSEMENT_SCHEDULE,NONE,NONE
MPLADS-001364,51.09,77.56,0,0.0,0.0,0.0,0.6711,0.2222,0.0,0.0,NORMAL_DISBURSEMENT_SCHEDULE,NONE,NONE
MPLADS-001365,40.29,66.8,0,0.0,0.0,0.0,0.8599,0.25,0.0,0.0,NORMAL_DISBURSEMENT_SCHEDULE,NONE,NONE
MPLADS-001366,4.75,7.22,0,0.0,0.0,0.0,0.944,0.2222,0.0,0.0,NORMAL_DISBURSEMENT_SCHEDULE,NONE,NONE
MPLADS-001367,32.53,53.08,0,0.0,0.0,0.1353,0.8612,0.2222,0.0,25.0,NORMAL_DISBURSEMENT_SCHEDULE,NONE,NONE
MPLADS-001368,20.31,34.28,0,0.0,0.0,0.0,0.9177,0.2222,0.0,0.0,NORMAL_DISBURSEMENT_SCHEDULE,NONE,NONE
MPLADS-001369,18.24,31.28,0,0.0,0.0,0.0,0.8521,0.2222,0.0,0.0,NORMAL_DISBURSEMENT_SCHEDULE,NONE,NONE
MPLADS-001370,34.11,56.0,0,0.0,0.0,0.0,0.9421,0.25,0.0,0.0,NORMAL_DISBURSEMENT_SCHEDULE,NONE,NONE
MPLADS-001371,17.75,30.54,0,0.0,0.0,0.0,0.9173,0.2222,0.0,0.0,NORMAL_DISBURSEMENT_SCHEDULE,NONE,NONE
MPLADS-001372,57.58,81.32,0,0.0,0.0,0.0,1.5205,0.2222,0.0,0.0,NORMAL_DISBURSEMENT_SCHEDULE,NONE,NONE
MPLADS-001373,28.14,44.74,0,0.0,0.0,0.0,0.9331,0.25,0.0,0.0,NORMAL_DISBURSEMENT_SCHEDULE,NONE,NONE
MPLADS-001374,53.64,79.04,0,0.0,0.0,0.2852,0.969,0.2222,0.0,25.0,NORMAL_DISBURSEMENT_SCHEDULE,NONE,NONE
MPLADS-001375,29.49,47.26,0,0.0,0.0,0.0,0.9225,0.25,0.0,0.0,NORMAL_DISBURSEMENT_SCHEDULE,NONE,NONE
MPLADS-001376,69.15,90.36,0,1.0,2726000.0,0.0,0.9078,0.2222,0.0,50.0,UNVERIFIED_DISBURSEMENT_BURST,NONE,NONE
MPLADS-001377,16.01,27.76,0,0.0,0.0,0.0561,0.977,0.2222,0.0,25.0,NORMAL_DISBURSEMENT_SCHEDULE,NONE,NONE
MPLADS-001378,81.45,97.06,1,0.0,0.0,0.0,0.9015,0.2223,0.231,0.0,PAYMENT_TIMING_ANOMALY,NONE,NONE
MPLADS-001379,38.06,63.2,0,0.0,0.0,0.0,0.8988,0.25,0.0,0.0,NORMAL_DISBURSEMENT_SCHEDULE,NONE,NONE
MPLADS-001380,25.71,41.18,0,0.0,0.0,0.0,0.9153,0.25,0.0,0.0,NORMAL_DISBURSEMENT_SCHEDULE,NONE,NONE
MPLADS-001381,8.86,14.64,0,0.0,0.0,0.0,0.91,0.2222,0.0,0.0,NORMAL_DISBURSEMENT_SCHEDULE,NONE,NONE
MPLADS-001382,3.43,5.02,0,0.0,0.0,0.0,0.8538,0.2222,0.0,0.0,NORMAL_DISBURSEMENT_SCHEDULE,NONE,NONE
MPLADS-001383,67.35,88.9,0,0.0,0.0,0.6646,1.3525,0.2222,0.0,25.0,STATUTORY_CEILING_SMURFING,NONE,NONE
MPLADS-001384,18.18,31.17,0,0.0,0.0,0.0,0.8753,0.2222,0.0,0.0,NORMAL_DISBURSEMENT_SCHEDULE,NONE,NONE
MPLADS-001385,87.39,99.2,1,1.0,2719000.0,0.0,0.8757,0.2222,0.231,50.0,UNVERIFIED_DISBURSEMENT_BURST,PAYMENT_TIMING_ANOMALY,NONE
MPLADS-001386,38.88,64.6,0,0.0,0.0,0.0,0.8657,0.25,0.0,0.0,NORMAL_DISBURSEMENT_SCHEDULE,NONE,NONE
MPLADS-001387,63.43,85.26,0,0.0,0.0,0.0,0.8999,0.2222,0.231,0.0,PAYMENT_TIMING_ANOMALY,NONE,NONE
MPLADS-001388,61.56,83.56,0,0.0,0.0,0.0,1.5131,0.2222,0.0,0.0,ELEVATED_PAYMENT_VOLATILITY,NONE,NONE
MPLADS-001389,13.58,23.5,0,0.0,0.0,0.0,0.904,0.2222,0.0,0.0,NORMAL_DISBURSEMENT_SCHEDULE,NONE,NONE
MPLADS-001390,33.34,54.54,0,0.0,0.0,0.0,0.8756,0.25,0.0,0.0,NORMAL_DISBURSEMENT_SCHEDULE,NONE,NONE
MPLADS-001391,48.0,75.8,0,0.0,0.0,0.0,0.9712,0.2222,0.0,0.0,NORMAL_DISBURSEMENT_SCHEDULE,NONE,NONE
MPLADS-001392,36.15,59.74,0,0.0,0.0,0.0,0.8797,0.25,0.0,0.0,NORMAL_DISBURSEMENT_SCHEDULE,NONE,NONE
MPLADS-001393,73.15,92.78,0,0.0,0.0,0.0,1.5365,0.2222,0.0,0.0,ELEVATED_PAYMENT_VOLATILITY,NONE,NONE
MPLADS-001394,29.42,47.14,0,0.0,0.0,0.0,0.9127,0.2222,0.0,0.0,NORMAL_DISBURSEMENT_SCHEDULE,NONE,NONE
MPLADS-001395,63.63,85.42,0,1.0,1412000.0,0.0,0.9051,0.2223,0.0,50.0,UNVERIFIED_DISBURSEMENT_BURST,NONE,NONE
MPLADS-001396,57.2,81.06,0,0.0,0.0,0.0,0.8886,0.25,0.0,0.0,NORMAL_DISBURSEMENT_SCHEDULE,NONE,NONE
MPLADS-001397,63.03,84.84,0,0.0,0.0,0.0,0.9487,0.2222,0.231,0.0,PAYMENT_TIMING_ANOMALY,NONE,NONE
MPLADS-001398,29.26,46.8,0,0.0,0.0,0.0,0.9016,0.2222,0.0,0.0,NORMAL_DISBURSEMENT_SCHEDULE,NONE,NONE
MPLADS-001399,21.69,36.08,0,0.0,0.0,0.0,0.9326,0.2222,0.0,0.0,NORMAL_DISBURSEMENT_SCHEDULE,NONE,NONE
MPLADS-001400,71.42,91.82,0,1.0,3243000.0,0.0,1.0,0.2222,0.0,50.0,UNVERIFIED_DISBURSEMENT_BURST,NONE,NONE
MPLADS-001401,43.49,71.3,0,0.0,0.0,0.0,0.8928,0.2222,0.0,0.0,NORMAL_DISBURSEMENT_SCHEDULE,NONE,NONE
MPLADS-001402,12.58,21.6,0,0.0,0.0,0.0,0.8603,0.2222,0.0,0.0,NORMAL_DISBURSEMENT_SCHEDULE,NONE,NONE
MPLADS-001403,52.76,78.48,0,0.0,0.0,0.0,0.8621,0.25,0.0,0.0,NORMAL_DISBURSEMENT_SCHEDULE,NONE,NONE
MPLADS-001404,71.12,91.56,0,0.0,0.0,0.0,0.9788,0.25,0.0,25.0,ROUND_NUMBER_DISBURSEMENT_CONCENTRATION,NONE,NONE
MPLADS-001405,16.33,28.3,0,0.0,0.0,0.0,0.9736,0.2222,0.0,0.0,NORMAL_DISBURSEMENT_SCHEDULE,NONE,NONE
MPLADS-001406,33.58,54.98,0,0.0,0.0,0.0,0.9297,0.25,0.0,0.0,NORMAL_DISBURSEMENT_SCHEDULE,NONE,NONE
MPLADS-001407,98.47,99.9,1,1.0,402000.0,0.0,0.9349,0.25,0.3466,50.0,UNVERIFIED_DISBURSEMENT_BURST,PAYMENT_TIMING_ANOMALY,NONE
MPLADS-001408,75.69,93.86,0,0.0,0.0,0.0,0.8726,0.2222,0.231,0.0,PAYMENT_TIMING_ANOMALY,NONE,NONE
MPLADS-001409,8.55,14.06,0,0.0,0.0,0.0001,0.9327,0.2222,0.0,25.0,NORMAL_DISBURSEMENT_SCHEDULE,NONE,NONE
MPLADS-001410,35.34,58.28,0,0.0,0.0,0.0,0.8655,0.25,0.0,0.0,NORMAL_DISBURSEMENT_SCHEDULE,NONE,NONE
MPLADS-001411,27.46,43.62,0,0.0,0.0,0.0,0.8961,0.2222,0.0,0.0,NORMAL_DISBURSEMENT_SCHEDULE,NONE,NONE
MPLADS-001412,39.55,65.6,0,0.0,0.0,0.0,0.8717,0.25,0.0,0.0,NORMAL_DISBURSEMENT_SCHEDULE,NONE,NONE
MPLADS-001413,30.48,49.08,0,0.0,0.0,0.0,0.8963,0.25,0.0,0.0,NORMAL_DISBURSEMENT_SCHEDULE,NONE,NONE
MPLADS-001414,77.21,94.78,0,1.0,729000.0,0.0,0.9101,0.25,0.0,50.0,UNVERIFIED_DISBURSEMENT_BURST,NONE,NONE
MPLADS-001415,16.65,28.82,0,0.0,0.0,0.0,0.8543,0.2223,0.0,0.0,NORMAL_DISBURSEMENT_SCHEDULE,NONE,NONE
MPLADS-001416,41.78,68.82,0,0.0,0.0,0.0,0.9772,0.25,0.0,0.0,NORMAL_DISBURSEMENT_SCHEDULE,NONE,NONE
MPLADS-001417,27.51,43.72,0,0.0,0.0,0.0,0.9094,0.25,0.0,0.0,NORMAL_DISBURSEMENT_SCHEDULE,NONE,NONE
MPLADS-001418,12.92,22.26,0,0.0,0.0,0.0,0.9052,0.2222,0.0,0.0,NORMAL_DISBURSEMENT_SCHEDULE,NONE,NONE
MPLADS-001419,65.54,87.26,0,1.0,1345000.0,0.0,0.9559,0.2222,0.0,50.0,UNVERIFIED_DISBURSEMENT_BURST,NONE,NONE
MPLADS-001420,81.41,97.0,1,1.0,417000.0,0.0,0.9499,0.25,0.0,50.0,UNVERIFIED_DISBURSEMENT_BURST,NONE,NONE
MPLADS-001421,37.86,62.86,0,0.0,0.0,0.0,0.9017,0.25,0.0,0.0,NORMAL_DISBURSEMENT_SCHEDULE,NONE,NONE
MPLADS-001422,8.25,13.46,0,0.0,0.0,0.0,0.8894,0.2222,0.0,0.0,NORMAL_DISBURSEMENT_SCHEDULE,NONE,NONE
MPLADS-001423,69.17,90.38,0,1.0,3952000.0,0.0,0.929,0.2222,0.0,50.0,UNVERIFIED_DISBURSEMENT_BURST,NONE,NONE
MPLADS-001424,33.77,55.34,0,0.0,0.0,0.0,0.9299,0.25,0.0,0.0,NORMAL_DISBURSEMENT_SCHEDULE,NONE,NONE
MPLADS-001425,43.33,71.1,0,0.0,0.0,0.3753,0.9631,0.2222,0.0,25.0,NORMAL_DISBURSEMENT_SCHEDULE,NONE,NONE
MPLADS-001426,15.68,27.16,0,0.0,0.0,0.0,0.9587,0.2223,0.0,0.0,NORMAL_DISBURSEMENT_SCHEDULE,NONE,NONE
MPLADS-001427,56.98,80.92,0,0.0,0.0,0.0,0.9155,0.2222,0.0,0.0,NORMAL_DISBURSEMENT_SCHEDULE,NONE,NONE
MPLADS-001428,28.54,45.42,0,0.0,0.0,0.0,0.9739,0.2222,0.0,0.0,NORMAL_DISBURSEMENT_SCHEDULE,NONE,NONE
MPLADS-001429,28.34,45.08,0,0.0,0.0,0.0,0.8856,0.25,0.0,0.0,NORMAL_DISBURSEMENT_SCHEDULE,NONE,NONE
MPLADS-001430,36.22,59.86,0,0.0,0.0,0.0,0.8785,0.25,0.0,0.0,NORMAL_DISBURSEMENT_SCHEDULE,NONE,NONE
MPLADS-001431,4.51,6.8,0,0.0,0.0,0.0,0.9356,0.2222,0.0,0.0,NORMAL_DISBURSEMENT_SCHEDULE,NONE,NONE
MPLADS-001432,62.18,84.06,0,0.0,0.0,0.0,0.8847,0.25,0.0,0.0,ELEVATED_PAYMENT_VOLATILITY,NONE,NONE
MPLADS-001433,25.02,40.36,0,0.0,0.0,0.0,0.8729,0.2223,0.0,0.0,NORMAL_DISBURSEMENT_SCHEDULE,NONE,NONE
MPLADS-001434,31.44,50.98,0,0.0,0.0,0.0,0.9512,0.25,0.0,0.0,NORMAL_DISBURSEMENT_SCHEDULE,NONE,NONE
MPLADS-001435,27.1,43.14,0,0.0,0.0,0.0,0.9041,0.25,0.0,0.0,NORMAL_DISBURSEMENT_SCHEDULE,NONE,NONE
MPLADS-001436,25.39,40.86,0,0.0,0.0,0.0,0.958,0.2222,0.0,0.0,NORMAL_DISBURSEMENT_SCHEDULE,NONE,NONE
MPLADS-001437,68.44,89.82,0,0.0,0.0,0.0,0.904,0.2222,0.0,0.0,ELEVATED_PAYMENT_VOLATILITY,NONE,NONE
MPLADS-001438,45.05,73.12,0,0.0,0.0,0.2907,0.9264,0.2222,0.0,25.0,NORMAL_DISBURSEMENT_SCHEDULE,NONE,NONE
MPLADS-001439,13.76,23.86,0,0.0,0.0,0.0,0.9216,0.2222,0.0,0.0,NORMAL_DISBURSEMENT_SCHEDULE,NONE,NONE
MPLADS-001440,68.38,89.76,0,1.0,2342000.0,0.0,0.8861,0.2222,0.0,50.0,UNVERIFIED_DISBURSEMENT_BURST,NONE,NONE
MPLADS-001441,11.39,19.32,0,0.0,0.0,0.0,0.8899,0.2223,0.0,0.0,NORMAL_DISBURSEMENT_SCHEDULE,NONE,NONE
MPLADS-001442,6.57,10.32,0,0.0,0.0,0.0,0.9334,0.2222,0.0,0.0,NORMAL_DISBURSEMENT_SCHEDULE,NONE,NONE
MPLADS-001443,33.48,54.78,0,0.0,0.0,0.0,0.9534,0.25,0.0,0.0,NORMAL_DISBURSEMENT_SCHEDULE,NONE,NONE
MPLADS-001444,37.27,61.76,0,0.0,0.0,0.0,0.907,0.2222,0.0,0.0,NORMAL_DISBURSEMENT_SCHEDULE,NONE,NONE
MPLADS-001445,24.25,39.48,0,0.0,0.0,0.0,0.8947,0.2222,0.0,0.0,NORMAL_DISBURSEMENT_SCHEDULE,NONE,NONE
MPLADS-001446,11.01,18.6,0,0.0,0.0,0.0,0.8856,0.2222,0.0,0.0,NORMAL_DISBURSEMENT_SCHEDULE,NONE,NONE
MPLADS-001447,80.58,96.6,1,1.0,989000.0,0.0,0.9574,0.25,0.0,50.0,UNVERIFIED_DISBURSEMENT_BURST,NONE,NONE
MPLADS-001448,25.67,41.12,0,0.0,0.0,0.0,0.893,0.2222,0.0,0.0,NORMAL_DISBURSEMENT_SCHEDULE,NONE,NONE
MPLADS-001449,13.62,23.58,0,0.0,0.0,0.0,0.9561,0.2222,0.0,0.0,NORMAL_DISBURSEMENT_SCHEDULE,NONE,NONE
MPLADS-001450,13.9,24.16,0,0.0,0.0,0.0,0.8952,0.2223,0.0,0.0,NORMAL_DISBURSEMENT_SCHEDULE,NONE,NONE
MPLADS-001451,14.09,24.5,0,0.0,0.0,0.0,0.9303,0.2222,0.0,0.0,NORMAL_DISBURSEMENT_SCHEDULE,NONE,NONE
MPLADS-001452,6.19,9.64,0,0.0,0.0,0.0,0.9251,0.2222,0.0,0.0,NORMAL_DISBURSEMENT_SCHEDULE,NONE,NONE
MPLADS-001453,17.52,30.18,0,0.0,0.0,0.0,0.9543,0.2222,0.0,0.0,NORMAL_DISBURSEMENT_SCHEDULE,NONE,NONE
MPLADS-001454,36.26,59.94,0,0.0,0.0,0.0,0.8724,0.25,0.0,0.0,NORMAL_DISBURSEMENT_SCHEDULE,NONE,NONE
MPLADS-001455,47.69,75.5,0,0.0,0.0,0.0,0.8596,0.25,0.0,0.0,NORMAL_DISBURSEMENT_SCHEDULE,NONE,NONE
MPLADS-001456,44.81,72.9,0,0.0,0.0,0.0,0.8916,0.2222,0.0,0.0,NORMAL_DISBURSEMENT_SCHEDULE,NONE,NONE
MPLADS-001457,4.01,6.0,0,0.0,0.0,0.0,0.8895,0.2222,0.0,0.0,NORMAL_DISBURSEMENT_SCHEDULE,NONE,NONE
MPLADS-001458,65.03,86.72,0,0.0,0.0,0.0,0.9322,0.2222,0.0,0.0,ELEVATED_PAYMENT_VOLATILITY,NONE,NONE
MPLADS-001459,47.85,75.68,0,0.0,0.0,0.0,1.2694,0.2222,0.0,0.0,NORMAL_DISBURSEMENT_SCHEDULE,NONE,NONE
MPLADS-001460,39.76,65.92,0,0.0,0.0,0.0,0.9044,0.25,0.0,0.0,NORMAL_DISBURSEMENT_SCHEDULE,NONE,NONE
MPLADS-001461,69.6,90.7,0,1.0,1099000.0,0.0,0.892,0.2222,0.0,50.0,UNVERIFIED_DISBURSEMENT_BURST,NONE,NONE
MPLADS-001462,15.53,26.88,0,0.0,0.0,0.0,0.9644,0.2223,0.0,0.0,NORMAL_DISBURSEMENT_SCHEDULE,NONE,NONE
MPLADS-001463,7.94,12.86,0,0.0,0.0,0.0,0.8836,0.2222,0.0,0.0,NORMAL_DISBURSEMENT_SCHEDULE,NONE,NONE
MPLADS-001464,57.4,81.18,0,0.0,0.0,0.0,1.4043,0.2222,0.0,0.0,NORMAL_DISBURSEMENT_SCHEDULE,NONE,NONE
MPLADS-001465,44.26,72.28,0,0.0,0.0,0.0,0.9271,0.2222,0.0,0.0,NORMAL_DISBURSEMENT_SCHEDULE,NONE,NONE
MPLADS-001466,77.64,95.1,1,0.0,0.0,0.0,0.5767,0.25,0.0,0.0,ELEVATED_PAYMENT_VOLATILITY,NONE,NONE
MPLADS-001467,10.02,16.76,0,0.0,0.0,0.0,0.9264,0.2223,0.0,0.0,NORMAL_DISBURSEMENT_SCHEDULE,NONE,NONE
MPLADS-001468,4.57,6.9,0,0.0,0.0,0.0,0.8534,0.2222,0.0,0.0,NORMAL_DISBURSEMENT_SCHEDULE,NONE,NONE
MPLADS-001469,59.95,82.68,0,0.0,0.0,0.8807,0.8642,0.2222,0.0,25.0,NORMAL_DISBURSEMENT_SCHEDULE,NONE,NONE
MPLADS-001470,80.25,96.44,1,0.0,0.0,0.0,1.5893,0.25,0.0,0.0,ELEVATED_PAYMENT_VOLATILITY,NONE,NONE
MPLADS-001471,32.81,53.6,0,0.0,0.0,0.0,0.9488,0.25,0.0,0.0,NORMAL_DISBURSEMENT_SCHEDULE,NONE,NONE
MPLADS-001472,27.7,44.04,0,0.0,0.0,0.0,0.9392,0.2222,0.0,0.0,NORMAL_DISBURSEMENT_SCHEDULE,NONE,NONE
MPLADS-001473,18.1,31.02,0,0.0,0.0,0.0,0.9606,0.2222,0.0,0.0,NORMAL_DISBURSEMENT_SCHEDULE,NONE,NONE
MPLADS-001474,39.45,65.44,0,0.0,0.0,0.0,0.8545,0.25,0.0,0.0,NORMAL_DISBURSEMENT_SCHEDULE,NONE,NONE
MPLADS-001475,15.07,26.22,0,0.0,0.0,0.0,0.9587,0.2223,0.0,0.0,NORMAL_DISBURSEMENT_SCHEDULE,NONE,NONE
MPLADS-001476,24.54,39.76,0,0.0,0.0,0.0,0.9738,0.2222,0.0,0.0,NORMAL_DISBURSEMENT_SCHEDULE,NONE,NONE
MPLADS-001477,0.63,0.64,0,0.0,0.0,0.0,0.9312,0.2222,0.0,0.0,NORMAL_DISBURSEMENT_SCHEDULE,NONE,NONE
MPLADS-001478,28.57,45.48,0,0.0,0.0,0.0,0.8865,0.2222,0.0,0.0,NORMAL_DISBURSEMENT_SCHEDULE,NONE,NONE
MPLADS-001479,24.85,40.16,0,0.0,0.0,0.0,0.9777,0.2222,0.0,0.0,NORMAL_DISBURSEMENT_SCHEDULE,NONE,NONE
MPLADS-001480,25.27,40.72,0,0.0,0.0,0.0,0.9208,0.2222,0.0,0.0,NORMAL_DISBURSEMENT_SCHEDULE,NONE,NONE
MPLADS-001481,3.99,5.96,0,0.0,0.0,0.0,0.9505,0.2222,0.0,0.0,NORMAL_DISBURSEMENT_SCHEDULE,NONE,NONE
MPLADS-001482,53.65,79.06,0,0.0,0.0,0.0,0.871,0.2222,0.0,0.0,NORMAL_DISBURSEMENT_SCHEDULE,NONE,NONE
MPLADS-001483,19.91,33.76,0,0.0,0.0,0.0,0.9762,0.2223,0.0,0.0,NORMAL_DISBURSEMENT_SCHEDULE,NONE,NONE
MPLADS-001484,64.81,86.52,0,1.0,1777000.0,0.0,0.8732,0.2222,0.0,50.0,UNVERIFIED_DISBURSEMENT_BURST,NONE,NONE
MPLADS-001485,32.43,52.94,0,0.0,0.0,0.0,0.8849,0.25,0.0,0.0,NORMAL_DISBURSEMENT_SCHEDULE,NONE,NONE
MPLADS-001486,1.79,2.52,0,0.0,0.0,0.0,0.8907,0.2222,0.0,0.0,NORMAL_DISBURSEMENT_SCHEDULE,NONE,NONE
MPLADS-001487,34.62,56.94,0,0.0,0.0,0.0,0.9493,0.25,0.0,0.0,NORMAL_DISBURSEMENT_SCHEDULE,NONE,NONE
MPLADS-001488,10.16,17.04,0,0.0,0.0,0.0222,0.9245,0.2222,0.0,25.0,NORMAL_DISBURSEMENT_SCHEDULE,NONE,NONE
MPLADS-001489,22.31,36.94,0,0.0,0.0,0.0,0.9011,0.2223,0.0,0.0,NORMAL_DISBURSEMENT_SCHEDULE,NONE,NONE
MPLADS-001490,45.17,73.3,0,0.0,0.0,0.0,0.8868,0.2222,0.0,0.0,NORMAL_DISBURSEMENT_SCHEDULE,NONE,NONE
MPLADS-001491,28.75,45.82,0,0.0,0.0,0.0,0.9156,0.25,0.0,0.0,NORMAL_DISBURSEMENT_SCHEDULE,NONE,NONE
MPLADS-001492,50.87,77.46,0,0.0,0.0,0.6065,0.9349,0.2222,0.0,25.0,NORMAL_DISBURSEMENT_SCHEDULE,NONE,NONE
MPLADS-001493,75.75,93.88,0,1.0,3084000.0,0.0,1.0,0.2222,0.0,50.0,UNVERIFIED_DISBURSEMENT_BURST,NONE,NONE
MPLADS-001494,18.58,31.8,0,0.0,0.0,0.0,0.9174,0.2222,0.0,0.0,NORMAL_DISBURSEMENT_SCHEDULE,NONE,NONE
MPLADS-001495,29.47,47.22,0,0.0,0.0,0.0,0.8981,0.2222,0.0,0.0,NORMAL_DISBURSEMENT_SCHEDULE,NONE,NONE
MPLADS-001496,31.33,50.74,0,0.0,0.0,0.0,0.8849,0.25,0.0,0.0,NORMAL_DISBURSEMENT_SCHEDULE,NONE,NONE
MPLADS-001497,17.92,30.78,0,0.0,0.0,0.0,0.9615,0.2222,0.0,0.0,NORMAL_DISBURSEMENT_SCHEDULE,NONE,NONE
MPLADS-001498,42.42,69.82,0,0.0,0.0,0.0,0.9772,0.25,0.0,0.0,NORMAL_DISBURSEMENT_SCHEDULE,NONE,NONE
MPLADS-001499,34.56,56.8,0,0.0,0.0,0.0,0.9573,0.2222,0.0,0.0,NORMAL_DISBURSEMENT_SCHEDULE,NONE,NONE
MPLADS-001500,63.2,85.02,0,1.0,1508000.0,0.0,0.9167,0.2223,0.0,50.0,UNVERIFIED_DISBURSEMENT_BURST,NONE,NONE
MPLADS-001501,89.8,99.46,1,0.0,0.0,0.0,1.3274,0.2222,0.231,0.0,PAYMENT_TIMING_ANOMALY,NONE,NONE
MPLADS-001502,20.86,35.02,0,0.0,0.0,0.0,0.8555,0.2222,0.0,0.0,NORMAL_DISBURSEMENT_SCHEDULE,NONE,NONE
MPLADS-001503,15.5,26.84,0,0.0,0.0,0.0,0.9706,0.2222,0.0,0.0,NORMAL_DISBURSEMENT_SCHEDULE,NONE,NONE
MPLADS-001504,18.88,32.3,0,0.0,0.0,0.0,0.9139,0.2222,0.0,0.0,NORMAL_DISBURSEMENT_SCHEDULE,NONE,NONE
MPLADS-001505,12.46,21.36,0,0.0,0.0,0.0,0.9257,0.2223,0.0,0.0,NORMAL_DISBURSEMENT_SCHEDULE,NONE,NONE
MPLADS-001506,51.99,78.06,0,0.0,0.0,0.0,1.4066,0.2222,0.0,0.0,NORMAL_DISBURSEMENT_SCHEDULE,NONE,NONE
MPLADS-001507,90.8,99.5,1,0.0,0.0,0.0,0.4783,0.25,0.0,0.0,ELEVATED_PAYMENT_VOLATILITY,NONE,NONE
MPLADS-001508,4.44,6.7,0,0.0,0.0,0.0,0.9134,0.2222,0.0,0.0,NORMAL_DISBURSEMENT_SCHEDULE,NONE,NONE
MPLADS-001509,96.78,99.84,1,0.0,0.0,0.8353,0.4008,0.25,0.0,25.0,STATUTORY_CEILING_SMURFING,NONE,NONE
MPLADS-001510,67.93,89.34,0,0.0,0.0,0.0,1.5944,0.2222,0.0,0.0,ELEVATED_PAYMENT_VOLATILITY,NONE,NONE
MPLADS-001511,25.09,40.44,0,0.0,0.0,0.0,0.8897,0.2222,0.0,0.0,NORMAL_DISBURSEMENT_SCHEDULE,NONE,NONE
MPLADS-001512,27.85,44.28,0,0.0,0.0,0.0,0.9149,0.25,0.0,0.0,NORMAL_DISBURSEMENT_SCHEDULE,NONE,NONE
MPLADS-001513,35.47,58.52,0,0.0,0.0,0.0,0.9653,0.25,0.0,0.0,NORMAL_DISBURSEMENT_SCHEDULE,NONE,NONE
MPLADS-001514,56.76,80.82,0,0.0,0.0,0.0,0.8878,0.2222,0.0,0.0,NORMAL_DISBURSEMENT_SCHEDULE,NONE,NONE
MPLADS-001515,9.72,16.18,0,0.0,0.0,0.0,0.9796,0.2222,0.0,0.0,NORMAL_DISBURSEMENT_SCHEDULE,NONE,NONE
MPLADS-001516,13.67,23.68,0,0.0,0.0,0.0,0.9008,0.2223,0.0,0.0,NORMAL_DISBURSEMENT_SCHEDULE,NONE,NONE
MPLADS-001517,19.13,32.66,0,0.0,0.0,0.0,0.8752,0.2222,0.0,0.0,NORMAL_DISBURSEMENT_SCHEDULE,NONE,NONE
MPLADS-001518,15.33,26.62,0,0.0,0.0,0.0,0.9241,0.2223,0.0,0.0,NORMAL_DISBURSEMENT_SCHEDULE,NONE,NONE
MPLADS-001519,39.83,66.04,0,0.0,0.0,0.0,0.8913,0.2222,0.0,0.0,NORMAL_DISBURSEMENT_SCHEDULE,NONE,NONE
MPLADS-001520,13.4,23.18,0,0.0,0.0,0.0,0.9709,0.2222,0.0,0.0,NORMAL_DISBURSEMENT_SCHEDULE,NONE,NONE
MPLADS-001521,44.65,72.8,0,0.0,0.0,0.0,0.9396,0.2222,0.0,0.0,NORMAL_DISBURSEMENT_SCHEDULE,NONE,NONE
MPLADS-001522,25.62,41.06,0,0.0,0.0,0.0,0.9495,0.2223,0.0,0.0,NORMAL_DISBURSEMENT_SCHEDULE,NONE,NONE
MPLADS-001523,41.55,68.52,0,0.0,0.0,0.0,0.8827,0.25,0.0,0.0,NORMAL_DISBURSEMENT_SCHEDULE,NONE,NONE
MPLADS-001524,11.14,18.82,0,0.0,0.0,0.0,0.9655,0.2222,0.0,0.0,NORMAL_DISBURSEMENT_SCHEDULE,NONE,NONE
MPLADS-001525,24.01,39.14,0,0.0,0.0,0.0,0.8718,0.2222,0.0,0.0,NORMAL_DISBURSEMENT_SCHEDULE,NONE,NONE
MPLADS-001526,34.29,56.32,0,0.0,0.0,0.0,0.9621,0.2222,0.0,0.0,NORMAL_DISBURSEMENT_SCHEDULE,NONE,NONE
MPLADS-001527,33.23,54.32,0,0.0,0.0,0.0,0.8661,0.2222,0.0,0.0,NORMAL_DISBURSEMENT_SCHEDULE,NONE,NONE
MPLADS-001528,76.93,94.66,0,0.0,0.0,0.0,0.8791,0.2222,0.231,0.0,PAYMENT_TIMING_ANOMALY,NONE,NONE
MPLADS-001529,1.29,1.62,0,0.0,0.0,0.0,0.874,0.2222,0.0,0.0,NORMAL_DISBURSEMENT_SCHEDULE,NONE,NONE
MPLADS-001530,27.73,44.08,0,0.0,0.0,0.0,0.9052,0.25,0.0,0.0,NORMAL_DISBURSEMENT_SCHEDULE,NONE,NONE
MPLADS-001531,6.23,9.7,0,0.0,0.0,0.0,0.8574,0.2222,0.0,0.0,NORMAL_DISBURSEMENT_SCHEDULE,NONE,NONE
MPLADS-001532,3.32,4.84,0,0.0,0.0,0.0,0.885,0.2222,0.0,0.0,NORMAL_DISBURSEMENT_SCHEDULE,NONE,NONE
MPLADS-001533,2.61,3.78,0,0.0,0.0,0.0,0.9342,0.2222,0.0,0.0,NORMAL_DISBURSEMENT_SCHEDULE,NONE,NONE
MPLADS-001534,31.18,50.44,0,0.0,0.0,0.0,0.9384,0.25,0.0,0.0,NORMAL_DISBURSEMENT_SCHEDULE,NONE,NONE
MPLADS-001535,62.84,84.68,0,1.0,2946000.0,0.0,0.9479,0.2222,0.0,50.0,UNVERIFIED_DISBURSEMENT_BURST,NONE,NONE
MPLADS-001536,25.47,40.92,0,0.0,0.0,0.0,0.9528,0.2223,0.0,0.0,NORMAL_DISBURSEMENT_SCHEDULE,NONE,NONE
MPLADS-001537,8.21,13.4,0,0.0,0.0,0.0,0.8773,0.2222,0.0,0.0,NORMAL_DISBURSEMENT_SCHEDULE,NONE,NONE
MPLADS-001538,67.79,89.26,0,0.0,0.0,0.0,0.9346,0.25,0.0,25.0,ROUND_NUMBER_DISBURSEMENT_CONCENTRATION,NONE,NONE
MPLADS-001539,47.72,75.52,0,0.0,0.0,0.0,0.8686,0.2222,0.0,0.0,NORMAL_DISBURSEMENT_SCHEDULE,NONE,NONE
MPLADS-001540,85.64,98.92,1,0.0,0.0,0.0,0.9397,0.25,0.3466,0.0,PAYMENT_TIMING_ANOMALY,NONE,NONE
MPLADS-001541,12.64,21.72,0,0.0,0.0,0.0,0.9014,0.2222,0.0,0.0,NORMAL_DISBURSEMENT_SCHEDULE,NONE,NONE
MPLADS-001542,16.7,28.9,0,0.0,0.0,0.0,0.9126,0.2222,0.0,0.0,NORMAL_DISBURSEMENT_SCHEDULE,NONE,NONE
MPLADS-001543,13.59,23.52,0,0.0,0.0,0.0,0.8968,0.2222,0.0,0.0,NORMAL_DISBURSEMENT_SCHEDULE,NONE,NONE
MPLADS-001544,30.07,48.32,0,0.0,0.0,0.0,0.939,0.2222,0.0,0.0,NORMAL_DISBURSEMENT_SCHEDULE,NONE,NONE
MPLADS-001545,8.53,14.01,0,0.0,0.0,0.0,0.87,0.2222,0.0,0.0,NORMAL_DISBURSEMENT_SCHEDULE,NONE,NONE
MPLADS-001546,23.89,39.02,0,0.0,0.0,0.0,0.9593,0.2222,0.0,0.0,NORMAL_DISBURSEMENT_SCHEDULE,NONE,NONE
MPLADS-001547,9.22,15.28,0,0.0,0.0,0.0,0.9578,0.2222,0.0,0.0,NORMAL_DISBURSEMENT_SCHEDULE,NONE,NONE
MPLADS-001548,25.1,40.46,0,0.0,0.0,0.0068,0.9298,0.2222,0.0,25.0,NORMAL_DISBURSEMENT_SCHEDULE,NONE,NONE
MPLADS-001549,3.76,5.56,0,0.0,0.0,0.0,0.957,0.2222,0.0,0.0,NORMAL_DISBURSEMENT_SCHEDULE,NONE,NONE
MPLADS-001550,20.54,34.64,0,0.0,0.0,0.0,0.8881,0.2222,0.0,0.0,NORMAL_DISBURSEMENT_SCHEDULE,NONE,NONE
MPLADS-001551,32.37,52.82,0,0.0,0.0,0.0,0.8598,0.2222,0.0,0.0,NORMAL_DISBURSEMENT_SCHEDULE,NONE,NONE
MPLADS-001552,33.38,54.6,0,0.0,0.0,0.0,0.9,0.25,0.0,0.0,NORMAL_DISBURSEMENT_SCHEDULE,NONE,NONE
MPLADS-001553,34.69,57.06,0,0.0,0.0,0.0,0.8777,0.2222,0.0,0.0,NORMAL_DISBURSEMENT_SCHEDULE,NONE,NONE
MPLADS-001554,50.62,77.28,0,0.0,0.0,0.0,0.8507,0.2222,0.0,0.0,NORMAL_DISBURSEMENT_SCHEDULE,NONE,NONE
MPLADS-001555,77.47,94.96,0,0.0,0.0,0.0,1.5237,0.25,0.0,0.0,ELEVATED_PAYMENT_VOLATILITY,NONE,NONE
MPLADS-001556,36.41,60.22,0,0.0,0.0,0.0,0.8797,0.25,0.0,0.0,NORMAL_DISBURSEMENT_SCHEDULE,NONE,NONE
MPLADS-001557,9.13,15.12,0,0.0,0.0,0.0,0.935,0.2222,0.0,0.0,NORMAL_DISBURSEMENT_SCHEDULE,NONE,NONE
MPLADS-001558,10.84,18.3,0,0.0,0.0,0.0,0.8653,0.2222,0.0,0.0,NORMAL_DISBURSEMENT_SCHEDULE,NONE,NONE
MPLADS-001559,29.23,46.74,0,0.0,0.0,0.0,0.888,0.2222,0.0,0.0,NORMAL_DISBURSEMENT_SCHEDULE,NONE,NONE
MPLADS-001560,39.5,65.52,0,0.0,0.0,0.0,0.9671,0.25,0.0,0.0,NORMAL_DISBURSEMENT_SCHEDULE,NONE,NONE
MPLADS-001561,65.92,87.64,0,0.0,0.0,0.0,0.8826,0.2222,0.231,0.0,PAYMENT_TIMING_ANOMALY,NONE,NONE
MPLADS-001562,27.47,43.64,0,0.0,0.0,0.0,0.9416,0.25,0.0,0.0,NORMAL_DISBURSEMENT_SCHEDULE,NONE,NONE
MPLADS-001563,33.39,54.62,0,0.0,0.0,0.0,0.9316,0.25,0.0,0.0,NORMAL_DISBURSEMENT_SCHEDULE,NONE,NONE
MPLADS-001564,26.41,42.08,0,0.0,0.0,0.0,0.9768,0.2223,0.0,0.0,NORMAL_DISBURSEMENT_SCHEDULE,NONE,NONE
MPLADS-001565,44.01,72.0,0,0.0,0.0,0.0,0.923,0.2222,0.0,0.0,NORMAL_DISBURSEMENT_SCHEDULE,NONE,NONE
MPLADS-001566,30.85,49.8,0,0.0,0.0,0.0,0.919,0.25,0.0,0.0,NORMAL_DISBURSEMENT_SCHEDULE,NONE,NONE
MPLADS-001567,46.11,74.3,0,0.0,0.0,0.0,0.9577,0.2222,0.0,0.0,NORMAL_DISBURSEMENT_SCHEDULE,NONE,NONE
MPLADS-001568,96.4,99.78,1,1.0,11543000.0,0.0,0.881,0.2222,0.231,50.0,UNVERIFIED_DISBURSEMENT_BURST,PAYMENT_TIMING_ANOMALY,NONE
MPLADS-001569,15.14,26.32,0,0.0,0.0,0.0,0.9133,0.2222,0.0,0.0,NORMAL_DISBURSEMENT_SCHEDULE,NONE,NONE
MPLADS-001570,5.79,8.92,0,0.0,0.0,0.0,0.9145,0.2222,0.0,0.0,NORMAL_DISBURSEMENT_SCHEDULE,NONE,NONE
MPLADS-001571,7.69,12.4,0,0.0,0.0,0.0,0.882,0.2222,0.0,0.0,NORMAL_DISBURSEMENT_SCHEDULE,NONE,NONE
MPLADS-001572,97.79,99.88,1,1.0,797000.0,0.0,0.9289,0.25,0.3466,50.0,UNVERIFIED_DISBURSEMENT_BURST,PAYMENT_TIMING_ANOMALY,NONE
MPLADS-001573,28.88,46.08,0,0.0,0.0,0.0,0.871,0.2223,0.0,0.0,NORMAL_DISBURSEMENT_SCHEDULE,NONE,NONE
MPLADS-001574,11.29,19.12,0,0.0,0.0,0.0,0.851,0.2222,0.0,0.0,NORMAL_DISBURSEMENT_SCHEDULE,NONE,NONE
MPLADS-001575,6.38,9.96,0,0.0,0.0,0.0,0.9301,0.2222,0.0,0.0,NORMAL_DISBURSEMENT_SCHEDULE,NONE,NONE
MPLADS-001576,10.18,17.08,0,0.0,0.0,0.0,0.974,0.2222,0.0,0.0,NORMAL_DISBURSEMENT_SCHEDULE,NONE,NONE
MPLADS-001577,22.81,37.56,0,0.0,0.0,0.0,0.912,0.2222,0.0,0.0,NORMAL_DISBURSEMENT_SCHEDULE,NONE,NONE
MPLADS-001578,71.03,91.52,0,1.0,1827000.0,0.0,0.9823,0.2222,0.0,50.0,UNVERIFIED_DISBURSEMENT_BURST,NONE,NONE
MPLADS-001579,58.23,81.68,0,0.0,0.0,0.0,0.853,0.2222,0.0,0.0,NORMAL_DISBURSEMENT_SCHEDULE,NONE,NONE
MPLADS-001580,11.19,18.9,0,0.0,0.0,0.0,0.853,0.2222,0.0,0.0,NORMAL_DISBURSEMENT_SCHEDULE,NONE,NONE
MPLADS-001581,33.35,54.56,0,0.0,0.0,0.0,0.9086,0.2222,0.0,0.0,NORMAL_DISBURSEMENT_SCHEDULE,NONE,NONE
MPLADS-001582,84.7,98.68,1,1.0,2227000.0,0.8549,0.8958,0.2222,0.0,75.0,UNVERIFIED_DISBURSEMENT_BURST,STATUTORY_CEILING_SMURFING,NONE
MPLADS-001583,78.18,95.38,1,1.0,653000.0,0.0,0.8909,0.25,0.0,50.0,UNVERIFIED_DISBURSEMENT_BURST,NONE,NONE
MPLADS-001584,21.94,36.42,0,0.0,0.0,0.0,0.9529,0.2222,0.0,0.0,NORMAL_DISBURSEMENT_SCHEDULE,NONE,NONE
MPLADS-001585,29.7,47.64,0,0.0,0.0,0.0,0.9438,0.25,0.0,0.0,NORMAL_DISBURSEMENT_SCHEDULE,NONE,NONE
MPLADS-001586,49.42,76.7,0,0.0,0.0,0.0,0.9732,0.2222,0.0,0.0,NORMAL_DISBURSEMENT_SCHEDULE,NONE,NONE
MPLADS-001587,49.89,76.96,0,0.0,0.0,0.0,0.9793,0.2222,0.0,0.0,NORMAL_DISBURSEMENT_SCHEDULE,NONE,NONE
MPLADS-001588,13.29,22.98,0,0.0,0.0,0.0,0.8966,0.2222,0.0,0.0,NORMAL_DISBURSEMENT_SCHEDULE,NONE,NONE
MPLADS-001589,14.1,24.52,0,0.0,0.0,0.0,0.8846,0.2223,0.0,0.0,NORMAL_DISBURSEMENT_SCHEDULE,NONE,NONE
MPLADS-001590,19.32,32.9,0,0.0,0.0,0.0,0.9493,0.2222,0.0,0.0,NORMAL_DISBURSEMENT_SCHEDULE,NONE,NONE
MPLADS-001591,31.84,51.8,0,0.0,0.0,0.0,0.8977,0.25,0.0,0.0,NORMAL_DISBURSEMENT_SCHEDULE,NONE,NONE
MPLADS-001592,25.25,40.68,0,0.0,0.0,0.0,0.9648,0.2223,0.0,0.0,NORMAL_DISBURSEMENT_SCHEDULE,NONE,NONE
MPLADS-001593,2.19,3.12,0,0.0,0.0,0.0,0.9337,0.2222,0.0,0.0,NORMAL_DISBURSEMENT_SCHEDULE,NONE,NONE
MPLADS-001594,8.26,13.5,0,0.0,0.0,0.0,0.9491,0.2222,0.0,0.0,NORMAL_DISBURSEMENT_SCHEDULE,NONE,NONE
MPLADS-001595,18.9,32.32,0,0.0,0.0,0.0,0.9796,0.2222,0.0,0.0,NORMAL_DISBURSEMENT_SCHEDULE,NONE,NONE
MPLADS-001596,56.5,80.6,0,0.0,0.0,0.6308,0.9783,0.2222,0.0,25.0,NORMAL_DISBURSEMENT_SCHEDULE,NONE,NONE
MPLADS-001597,12.77,21.96,0,0.0,0.0,0.0,0.9701,0.2222,0.0,0.0,NORMAL_DISBURSEMENT_SCHEDULE,NONE,NONE
MPLADS-001598,15.85,27.46,0,0.0,0.0,0.0,0.8549,0.2222,0.0,0.0,NORMAL_DISBURSEMENT_SCHEDULE,NONE,NONE
MPLADS-001599,66.67,88.32,0,1.0,3177000.0,0.0,0.9851,0.2222,0.0,50.0,UNVERIFIED_DISBURSEMENT_BURST,NONE,NONE
MPLADS-001600,13.87,24.1,0,0.0,0.0,0.0,0.8706,0.2223,0.0,0.0,NORMAL_DISBURSEMENT_SCHEDULE,NONE,NONE
MPLADS-001601,58.67,81.92,0,0.0,0.0,0.0,0.9709,0.2223,0.0,0.0,NORMAL_DISBURSEMENT_SCHEDULE,NONE,NONE
MPLADS-001602,77.56,95.04,1,0.0,0.0,0.0,0.6011,0.2222,0.231,0.0,PAYMENT_TIMING_ANOMALY,NONE,NONE
MPLADS-001603,29.81,47.86,0,0.0,0.0,0.0,0.8772,0.2222,0.0,0.0,NORMAL_DISBURSEMENT_SCHEDULE,NONE,NONE
MPLADS-001604,35.24,58.12,0,0.0,0.0,0.0,0.9218,0.2222,0.0,0.0,NORMAL_DISBURSEMENT_SCHEDULE,NONE,NONE
MPLADS-001605,40.26,66.74,0,0.0,0.0,0.0,0.8541,0.25,0.0,0.0,NORMAL_DISBURSEMENT_SCHEDULE,NONE,NONE
MPLADS-001606,9.57,15.92,0,0.0,0.0,0.0023,0.9105,0.2222,0.0,25.0,NORMAL_DISBURSEMENT_SCHEDULE,NONE,NONE
MPLADS-001607,15.71,27.22,0,0.0,0.0,0.0,0.9228,0.2222,0.0,0.0,NORMAL_DISBURSEMENT_SCHEDULE,NONE,NONE
MPLADS-001608,2.29,3.26,0,0.0,0.0,0.0,0.8759,0.2222,0.0,0.0,NORMAL_DISBURSEMENT_SCHEDULE,NONE,NONE
MPLADS-001609,15.8,27.38,0,0.0,0.0,0.0,0.856,0.2222,0.0,0.0,NORMAL_DISBURSEMENT_SCHEDULE,NONE,NONE
MPLADS-001610,74.35,93.3,0,1.0,2320000.0,0.0053,0.9591,0.2222,0.0,75.0,UNVERIFIED_DISBURSEMENT_BURST,STATUTORY_CEILING_SMURFING,NONE
MPLADS-001611,43.99,71.98,0,0.0,0.0,0.0,0.9499,0.2222,0.0,0.0,NORMAL_DISBURSEMENT_SCHEDULE,NONE,NONE
MPLADS-001612,5.29,8.08,0,0.0,0.0,0.0,0.9541,0.2222,0.0,0.0,NORMAL_DISBURSEMENT_SCHEDULE,NONE,NONE
MPLADS-001613,9.36,15.52,0,0.0,0.0,0.0,0.8686,0.2222,0.0,0.0,NORMAL_DISBURSEMENT_SCHEDULE,NONE,NONE
MPLADS-001614,11.41,19.36,0,0.0,0.0,0.0,0.9103,0.2222,0.0,0.0,NORMAL_DISBURSEMENT_SCHEDULE,NONE,NONE
MPLADS-001615,41.8,68.86,0,0.0,0.0,0.0,0.9766,0.25,0.0,0.0,NORMAL_DISBURSEMENT_SCHEDULE,NONE,NONE
MPLADS-001616,34.98,57.62,0,0.0,0.0,0.0,0.9627,0.2222,0.0,0.0,NORMAL_DISBURSEMENT_SCHEDULE,NONE,NONE
MPLADS-001617,34.14,56.06,0,0.0,0.0,0.0,0.8909,0.25,0.0,0.0,NORMAL_DISBURSEMENT_SCHEDULE,NONE,NONE
MPLADS-001618,66.69,88.36,0,1.0,1954000.0,0.0,0.8623,0.2222,0.0,50.0,UNVERIFIED_DISBURSEMENT_BURST,NONE,NONE
MPLADS-001619,43.42,71.2,0,0.0,0.0,0.0,0.8956,0.25,0.0,0.0,NORMAL_DISBURSEMENT_SCHEDULE,NONE,NONE
MPLADS-001620,30.89,49.88,0,0.0,0.0,0.0,0.8967,0.2222,0.0,0.0,NORMAL_DISBURSEMENT_SCHEDULE,NONE,NONE
MPLADS-001621,45.44,73.62,0,0.0,0.0,0.0,0.9223,0.2222,0.0,0.0,NORMAL_DISBURSEMENT_SCHEDULE,NONE,NONE
MPLADS-001622,7.7,12.42,0,0.0,0.0,0.0,0.9747,0.2222,0.0,0.0,NORMAL_DISBURSEMENT_SCHEDULE,NONE,NONE
MPLADS-001623,55.04,79.68,0,0.0,0.0,0.0,0.634,0.2222,0.0,0.0,NORMAL_DISBURSEMENT_SCHEDULE,NONE,NONE
MPLADS-001624,17.44,30.08,0,0.0,0.0,0.0,0.8938,0.2222,0.0,0.0,NORMAL_DISBURSEMENT_SCHEDULE,NONE,NONE
MPLADS-001625,24.09,39.24,0,0.0,0.0,0.0,0.9569,0.2222,0.0,0.0,NORMAL_DISBURSEMENT_SCHEDULE,NONE,NONE
MPLADS-001626,67.46,89.0,0,0.0,0.0,0.1583,0.9029,0.2222,0.231,25.0,STATUTORY_CEILING_SMURFING,PAYMENT_TIMING_ANOMALY,NONE
MPLADS-001627,37.46,62.08,0,0.0,0.0,0.0,0.9669,0.25,0.0,0.0,NORMAL_DISBURSEMENT_SCHEDULE,NONE,NONE
MPLADS-001628,30.42,48.96,0,0.0,0.0,0.0,0.9074,0.2222,0.0,0.0,NORMAL_DISBURSEMENT_SCHEDULE,NONE,NONE
MPLADS-001629,74.98,93.56,0,0.0,0.0,0.0,1.463,0.25,0.0,0.0,ELEVATED_PAYMENT_VOLATILITY,NONE,NONE
MPLADS-001630,11.9,20.28,0,0.0,0.0,0.0,0.852,0.2222,0.0,0.0,NORMAL_DISBURSEMENT_SCHEDULE,NONE,NONE
MPLADS-001631,31.5,51.1,0,0.0,0.0,0.0,0.952,0.25,0.0,0.0,NORMAL_DISBURSEMENT_SCHEDULE,NONE,NONE
MPLADS-001632,45.28,73.42,0,0.0,0.0,0.0,0.9626,0.2222,0.0,0.0,NORMAL_DISBURSEMENT_SCHEDULE,NONE,NONE
MPLADS-001633,1.64,2.28,0,0.0,0.0,0.0,0.867,0.2222,0.0,25.0,NORMAL_DISBURSEMENT_SCHEDULE,NONE,NONE
MPLADS-001634,32.64,53.28,0,0.0,0.0,0.0,0.8845,0.25,0.0,0.0,NORMAL_DISBURSEMENT_SCHEDULE,NONE,NONE
MPLADS-001635,20.37,34.36,0,0.0,0.0,0.0,0.9468,0.2222,0.0,0.0,NORMAL_DISBURSEMENT_SCHEDULE,NONE,NONE
MPLADS-001636,38.79,64.42,0,0.0,0.0,0.0,0.9332,0.25,0.0,0.0,NORMAL_DISBURSEMENT_SCHEDULE,NONE,NONE
MPLADS-001637,63.25,85.1,0,0.0,0.0,0.0,0.933,0.2222,0.231,0.0,PAYMENT_TIMING_ANOMALY,NONE,NONE
MPLADS-001638,32.95,53.86,0,0.0,0.0,0.0,0.8656,0.2222,0.0,0.0,NORMAL_DISBURSEMENT_SCHEDULE,NONE,NONE
MPLADS-001639,36.95,61.22,0,0.0,0.0,0.0,0.9472,0.25,0.0,0.0,NORMAL_DISBURSEMENT_SCHEDULE,NONE,NONE
MPLADS-001640,17.27,29.84,0,0.0,0.0,0.0,0.882,0.2222,0.0,0.0,NORMAL_DISBURSEMENT_SCHEDULE,NONE,NONE
MPLADS-001641,2.52,3.64,0,0.0,0.0,0.0,0.9033,0.2222,0.0,0.0,NORMAL_DISBURSEMENT_SCHEDULE,NONE,NONE
MPLADS-001642,14.52,25.28,0,0.0,0.0,0.0,0.916,0.2222,0.0,0.0,NORMAL_DISBURSEMENT_SCHEDULE,NONE,NONE
MPLADS-001643,30.02,48.24,0,0.0,0.0,0.0,0.9329,0.25,0.0,0.0,NORMAL_DISBURSEMENT_SCHEDULE,NONE,NONE
MPLADS-001644,24.15,39.34,0,0.0,0.0,0.0,0.8745,0.2223,0.0,0.0,NORMAL_DISBURSEMENT_SCHEDULE,NONE,NONE
MPLADS-001645,6.84,10.82,0,0.0,0.0,0.0,0.9592,0.2222,0.0,0.0,NORMAL_DISBURSEMENT_SCHEDULE,NONE,NONE
MPLADS-001646,25.52,40.96,0,0.0,0.0,0.0,0.9194,0.2222,0.0,0.0,NORMAL_DISBURSEMENT_SCHEDULE,NONE,NONE
MPLADS-001647,37.34,61.9,0,0.0,0.0,0.0,0.947,0.25,0.0,0.0,NORMAL_DISBURSEMENT_SCHEDULE,NONE,NONE
MPLADS-001648,73.02,92.68,0,0.0,0.0,0.0,0.9792,0.2222,0.231,0.0,PAYMENT_TIMING_ANOMALY,NONE,NONE
MPLADS-001649,59.0,82.14,0,0.0,0.0,0.0,0.8866,0.2222,0.0,0.0,NORMAL_DISBURSEMENT_SCHEDULE,NONE,NONE
MPLADS-001650,11.63,19.76,0,0.0,0.0,0.0,0.8826,0.2223,0.0,0.0,NORMAL_DISBURSEMENT_SCHEDULE,NONE,NONE
MPLADS-001651,43.02,70.64,0,0.0,0.0,0.0,0.8871,0.2222,0.0,0.0,NORMAL_DISBURSEMENT_SCHEDULE,NONE,NONE
MPLADS-001652,71.32,91.74,0,0.0,0.0,0.0,0.883,0.2222,0.231,0.0,PAYMENT_TIMING_ANOMALY,NONE,NONE
MPLADS-001653,20.92,35.1,0,0.0,0.0,0.0,0.947,0.2222,0.0,0.0,NORMAL_DISBURSEMENT_SCHEDULE,NONE,NONE
MPLADS-001654,9.98,16.7,0,0.0,0.0,0.0,0.8551,0.2222,0.0,0.0,NORMAL_DISBURSEMENT_SCHEDULE,NONE,NONE
MPLADS-001655,6.35,9.92,0,0.0,0.0,0.0,0.9345,0.2222,0.0,0.0,NORMAL_DISBURSEMENT_SCHEDULE,NONE,NONE
MPLADS-001656,32.35,52.78,0,0.0,0.0,0.0,0.9121,0.25,0.0,0.0,NORMAL_DISBURSEMENT_SCHEDULE,NONE,NONE
MPLADS-001657,15.74,27.26,0,0.0,0.0,0.0,0.9386,0.2223,0.0,0.0,NORMAL_DISBURSEMENT_SCHEDULE,NONE,NONE
MPLADS-001658,15.95,27.66,0,0.0,0.0,0.0,0.8569,0.2222,0.0,0.0,NORMAL_DISBURSEMENT_SCHEDULE,NONE,NONE
MPLADS-001659,54.25,79.34,0,0.0,0.0,0.0,1.4125,0.2222,0.0,0.0,NORMAL_DISBURSEMENT_SCHEDULE,NONE,NONE
MPLADS-001660,56.51,80.62,0,0.0,0.0,0.0,0.4729,0.2223,0.0,0.0,NORMAL_DISBURSEMENT_SCHEDULE,NONE,NONE
MPLADS-001661,13.32,23.04,0,0.0,0.0,0.0,0.9723,0.2222,0.0,0.0,NORMAL_DISBURSEMENT_SCHEDULE,NONE,NONE
MPLADS-001662,12.21,20.84,0,0.0,0.0,0.0,0.9734,0.2222,0.0,0.0,NORMAL_DISBURSEMENT_SCHEDULE,NONE,NONE
MPLADS-001663,13.66,23.66,0,0.0,0.0,0.0,0.9587,0.2223,0.0,0.0,NORMAL_DISBURSEMENT_SCHEDULE,NONE,NONE
MPLADS-001664,73.59,92.94,0,0.0,0.0,0.5103,1.3596,0.2222,0.0,25.0,STATUTORY_CEILING_SMURFING,NONE,NONE
MPLADS-001665,44.92,73.02,0,0.0,0.0,0.0,0.862,0.25,0.0,0.0,NORMAL_DISBURSEMENT_SCHEDULE,NONE,NONE
MPLADS-001666,5.81,8.96,0,0.0,0.0,0.0,0.9195,0.2222,0.0,0.0,NORMAL_DISBURSEMENT_SCHEDULE,NONE,NONE
MPLADS-001667,39.0,64.8,0,0.0,0.0,0.0,0.8682,0.25,0.0,0.0,NORMAL_DISBURSEMENT_SCHEDULE,NONE,NONE
MPLADS-001668,46.62,74.74,0,0.0,0.0,0.0,0.933,0.2222,0.0,0.0,NORMAL_DISBURSEMENT_SCHEDULE,NONE,NONE
MPLADS-001669,25.11,40.48,0,0.0,0.0,0.0,0.9163,0.2222,0.0,0.0,NORMAL_DISBURSEMENT_SCHEDULE,NONE,NONE
MPLADS-001670,67.33,88.88,0,0.0,0.0,0.0,0.8907,0.2223,0.231,0.0,PAYMENT_TIMING_ANOMALY,NONE,NONE
MPLADS-001671,17.69,30.46,0,0.0,0.0,0.0,0.9449,0.2223,0.0,0.0,NORMAL_DISBURSEMENT_SCHEDULE,NONE,NONE
MPLADS-001672,6.25,9.74,0,0.0,0.0,0.0,0.8786,0.2222,0.0,0.0,NORMAL_DISBURSEMENT_SCHEDULE,NONE,NONE
MPLADS-001673,32.89,53.76,0,0.0,0.0,0.0,0.9197,0.2223,0.0,0.0,NORMAL_DISBURSEMENT_SCHEDULE,NONE,NONE
MPLADS-001674,47.1,75.16,0,0.0,0.0,0.0,0.971,0.2222,0.0,0.0,NORMAL_DISBURSEMENT_SCHEDULE,NONE,NONE
MPLADS-001675,52.35,78.28,0,0.0,0.0,0.0,0.8755,0.2222,0.0,0.0,NORMAL_DISBURSEMENT_SCHEDULE,NONE,NONE
MPLADS-001676,16.43,28.46,0,0.0,0.0,0.0,0.9789,0.2222,0.0,0.0,NORMAL_DISBURSEMENT_SCHEDULE,NONE,NONE
MPLADS-001677,84.68,98.64,1,0.0,0.0,0.0,0.9643,0.25,0.3466,0.0,PAYMENT_TIMING_ANOMALY,NONE,NONE
MPLADS-001678,29.17,46.62,0,0.0,0.0,0.0,0.9139,0.25,0.0,0.0,NORMAL_DISBURSEMENT_SCHEDULE,NONE,NONE
MPLADS-001679,1.52,2.04,0,0.0,0.0,0.0,0.9068,0.2222,0.0,0.0,NORMAL_DISBURSEMENT_SCHEDULE,NONE,NONE
MPLADS-001680,7.38,11.8,0,0.0,0.0,0.0,0.9214,0.2222,0.0,0.0,NORMAL_DISBURSEMENT_SCHEDULE,NONE,NONE
MPLADS-001681,1.97,2.78,0,0.0,0.0,0.0,0.9069,0.2222,0.0,0.0,NORMAL_DISBURSEMENT_SCHEDULE,NONE,NONE
MPLADS-001682,30.55,49.22,0,0.0,0.0,0.0,0.8874,0.25,0.0,0.0,NORMAL_DISBURSEMENT_SCHEDULE,NONE,NONE
MPLADS-001683,46.0,74.2,0,0.0,0.0,0.0,0.9453,0.2222,0.0,0.0,NORMAL_DISBURSEMENT_SCHEDULE,NONE,NONE
MPLADS-001684,57.88,81.48,0,0.0,0.0,0.0,1.3814,0.2222,0.0,0.0,NORMAL_DISBURSEMENT_SCHEDULE,NONE,NONE
MPLADS-001685,45.92,74.12,0,0.0,0.0,0.7261,0.9048,0.2222,0.0,25.0,NORMAL_DISBURSEMENT_SCHEDULE,NONE,NONE
MPLADS-001686,77.53,95.0,1,0.0,0.0,0.0,1.5228,0.2222,0.0,0.0,ELEVATED_PAYMENT_VOLATILITY,NONE,NONE
MPLADS-001687,79.6,96.08,1,1.0,705000.0,0.0,0.9778,0.25,0.0,50.0,UNVERIFIED_DISBURSEMENT_BURST,NONE,NONE
MPLADS-001688,46.44,74.64,0,0.0,0.0,0.0,0.8772,0.2222,0.0,0.0,NORMAL_DISBURSEMENT_SCHEDULE,NONE,NONE
MPLADS-001689,2.06,2.92,0,0.0,0.0,0.0,0.8923,0.2222,0.0,0.0,NORMAL_DISBURSEMENT_SCHEDULE,NONE,NONE
MPLADS-001690,7.13,11.32,0,0.0,0.0,0.0,0.925,0.2222,0.0,0.0,NORMAL_DISBURSEMENT_SCHEDULE,NONE,NONE
MPLADS-001691,75.64,93.82,0,0.0,0.0,0.0,1.5936,0.2222,0.0,0.0,ELEVATED_PAYMENT_VOLATILITY,NONE,NONE
MPLADS-001692,0.92,1.02,0,0.0,0.0,0.0,0.9016,0.2222,0.0,0.0,NORMAL_DISBURSEMENT_SCHEDULE,NONE,NONE
MPLADS-001693,30.28,48.68,0,0.0,0.0,0.0,0.9612,0.2222,0.0,0.0,NORMAL_DISBURSEMENT_SCHEDULE,NONE,NONE
MPLADS-001694,5.19,7.92,0,0.0,0.0,0.0,0.9114,0.2222,0.0,0.0,NORMAL_DISBURSEMENT_SCHEDULE,NONE,NONE
MPLADS-001695,36.03,59.54,0,0.0,0.0,0.0,0.9404,0.25,0.0,0.0,NORMAL_DISBURSEMENT_SCHEDULE,NONE,NONE
MPLADS-001696,31.08,50.24,0,0.0,0.0,0.0,0.9524,0.25,0.0,0.0,NORMAL_DISBURSEMENT_SCHEDULE,NONE,NONE
MPLADS-001697,7.43,11.9,0,0.0,0.0,0.0,0.8959,0.2222,0.0,0.0,NORMAL_DISBURSEMENT_SCHEDULE,NONE,NONE
MPLADS-001698,40.51,67.1,0,0.0,0.0,0.0,0.9507,0.25,0.0,0.0,NORMAL_DISBURSEMENT_SCHEDULE,NONE,NONE
MPLADS-001699,4.79,7.28,0,0.0,0.0,0.0,0.911,0.2222,0.0,0.0,NORMAL_DISBURSEMENT_SCHEDULE,NONE,NONE
MPLADS-001700,7.51,12.06,0,0.0,0.0,0.0,0.8623,0.2222,0.0,0.0,NORMAL_DISBURSEMENT_SCHEDULE,NONE,NONE
MPLADS-001701,56.54,80.66,0,0.0,0.0,0.0,0.5509,0.2223,0.0,0.0,NORMAL_DISBURSEMENT_SCHEDULE,NONE,NONE
MPLADS-001702,14.26,24.82,0,0.0,0.0,0.0,0.855,0.2222,0.0,0.0,NORMAL_DISBURSEMENT_SCHEDULE,NONE,NONE
MPLADS-001703,23.33,38.26,0,0.0,0.0,0.0,0.9781,0.2222,0.0,0.0,NORMAL_DISBURSEMENT_SCHEDULE,NONE,NONE
MPLADS-001704,14.52,25.26,0,0.0,0.0,0.0,0.9744,0.2222,0.0,0.0,NORMAL_DISBURSEMENT_SCHEDULE,NONE,NONE
MPLADS-001705,6.12,9.54,0,0.0,0.0,0.0,0.8704,0.2222,0.0,0.0,NORMAL_DISBURSEMENT_SCHEDULE,NONE,NONE
MPLADS-001706,32.65,53.3,0,0.0,0.0,0.0,0.8913,0.2222,0.0,0.0,NORMAL_DISBURSEMENT_SCHEDULE,NONE,NONE
MPLADS-001707,8.07,13.1,0,0.0,0.0,0.0,0.9558,0.2222,0.0,0.0,NORMAL_DISBURSEMENT_SCHEDULE,NONE,NONE
MPLADS-001708,80.52,96.58,1,1.0,482000.0,0.0,0.8764,0.25,0.0,50.0,UNVERIFIED_DISBURSEMENT_BURST,NONE,NONE
MPLADS-001709,77.8,95.16,1,1.0,13879000.0,0.0,0.876,0.2222,0.0,50.0,UNVERIFIED_DISBURSEMENT_BURST,NONE,NONE
MPLADS-001710,7.88,12.76,0,0.0,0.0,0.0,0.9155,0.2223,0.0,0.0,NORMAL_DISBURSEMENT_SCHEDULE,NONE,NONE
MPLADS-001711,38.17,63.38,0,0.0,0.0,0.0,0.9423,0.25,0.0,0.0,NORMAL_DISBURSEMENT_SCHEDULE,NONE,NONE
MPLADS-001712,55.43,79.94,0,0.0,0.0,0.0,0.9476,0.2223,0.0,0.0,NORMAL_DISBURSEMENT_SCHEDULE,NONE,NONE
MPLADS-001713,77.58,95.06,1,1.0,1386000.0,0.0276,0.9672,0.2222,0.0,75.0,UNVERIFIED_DISBURSEMENT_BURST,STATUTORY_CEILING_SMURFING,NONE
MPLADS-001714,5.49,8.36,0,0.0,0.0,0.0,0.9172,0.2222,0.0,0.0,NORMAL_DISBURSEMENT_SCHEDULE,NONE,NONE
MPLADS-001715,14.0,24.36,0,0.0,0.0,0.0,0.9284,0.2222,0.0,0.0,NORMAL_DISBURSEMENT_SCHEDULE,NONE,NONE
MPLADS-001716,14.94,26.02,0,0.0,0.0,0.0,0.8832,0.2222,0.0,0.0,NORMAL_DISBURSEMENT_SCHEDULE,NONE,NONE
MPLADS-001717,31.13,50.34,0,0.0,0.0,0.0,0.8801,0.2222,0.0,0.0,NORMAL_DISBURSEMENT_SCHEDULE,NONE,NONE
MPLADS-001718,68.36,89.72,0,1.0,1826000.0,0.0,0.977,0.2223,0.0,50.0,UNVERIFIED_DISBURSEMENT_BURST,NONE,NONE
MPLADS-001719,15.38,26.7,0,0.0,0.0,0.0,0.9622,0.2222,0.0,0.0,NORMAL_DISBURSEMENT_SCHEDULE,NONE,NONE
MPLADS-001720,35.21,58.04,0,0.0,0.0,0.0,0.8642,0.25,0.0,0.0,NORMAL_DISBURSEMENT_SCHEDULE,NONE,NONE
MPLADS-001721,23.49,38.44,0,0.0,0.0,0.0,0.887,0.2223,0.0,0.0,NORMAL_DISBURSEMENT_SCHEDULE,NONE,NONE
MPLADS-001722,70.62,91.24,0,1.0,2254000.0,0.0002,0.9399,0.2222,0.0,75.0,UNVERIFIED_DISBURSEMENT_BURST,STATUTORY_CEILING_SMURFING,NONE
MPLADS-001723,42.86,70.4,0,0.0,0.0,0.0,0.8837,0.2222,0.0,0.0,NORMAL_DISBURSEMENT_SCHEDULE,NONE,NONE
MPLADS-001724,13.46,23.3,0,0.0,0.0,0.0,0.9149,0.2222,0.0,0.0,NORMAL_DISBURSEMENT_SCHEDULE,NONE,NONE
MPLADS-001725,33.66,55.14,0,0.0,0.0,0.0004,0.9154,0.2222,0.0,25.0,NORMAL_DISBURSEMENT_SCHEDULE,NONE,NONE
MPLADS-001726,18.73,32.06,0,0.0,0.0,0.0,0.9224,0.2222,0.0,0.0,NORMAL_DISBURSEMENT_SCHEDULE,NONE,NONE
MPLADS-001727,33.92,55.64,0,0.0,0.0,0.0,0.9102,0.25,0.0,0.0,NORMAL_DISBURSEMENT_SCHEDULE,NONE,NONE
MPLADS-001728,1.93,2.72,0,0.0,0.0,0.0,0.9403,0.2222,0.0,0.0,NORMAL_DISBURSEMENT_SCHEDULE,NONE,NONE
MPLADS-001729,4.0,5.98,0,0.0,0.0,0.0,0.8779,0.2222,0.0,0.0,NORMAL_DISBURSEMENT_SCHEDULE,NONE,NONE
MPLADS-001730,18.23,31.26,0,0.0,0.0,0.0,0.8587,0.2223,0.0,0.0,NORMAL_DISBURSEMENT_SCHEDULE,NONE,NONE
MPLADS-001731,46.54,74.7,0,0.0,0.0,0.0,0.9607,0.2222,0.0,0.0,NORMAL_DISBURSEMENT_SCHEDULE,NONE,NONE
MPLADS-001732,37.96,63.04,0,0.0,0.0,0.0,0.9552,0.25,0.0,0.0,NORMAL_DISBURSEMENT_SCHEDULE,NONE,NONE
MPLADS-001733,23.69,38.74,0,0.0,0.0,0.0,0.9616,0.2222,0.0,0.0,NORMAL_DISBURSEMENT_SCHEDULE,NONE,NONE
MPLADS-001734,0.55,0.52,0,0.0,0.0,0.0,0.9182,0.2222,0.0,0.0,NORMAL_DISBURSEMENT_SCHEDULE,NONE,NONE
MPLADS-001735,53.23,78.8,0,0.0,0.0,0.0,0.8755,0.2222,0.0,0.0,NORMAL_DISBURSEMENT_SCHEDULE,NONE,NONE
MPLADS-001736,31.03,50.14,0,0.0,0.0,0.0,0.9075,0.2222,0.0,0.0,NORMAL_DISBURSEMENT_SCHEDULE,NONE,NONE
MPLADS-001737,79.31,95.92,1,1.0,15050000.0,0.0,0.972,0.2222,0.0,50.0,UNVERIFIED_DISBURSEMENT_BURST,NONE,NONE
MPLADS-001738,0.16,0.14,0,0.0,0.0,0.0,0.9396,0.2222,0.0,25.0,NORMAL_DISBURSEMENT_SCHEDULE,NONE,NONE
MPLADS-001739,72.19,92.24,0,0.0,0.0,0.0,0.4632,0.25,0.0,0.0,ELEVATED_PAYMENT_VOLATILITY,NONE,NONE
MPLADS-001740,19.92,33.78,0,0.0,0.0,0.0,0.8828,0.2222,0.0,0.0,NORMAL_DISBURSEMENT_SCHEDULE,NONE,NONE
MPLADS-001741,29.13,46.54,0,0.0,0.0,0.0,0.9379,0.2222,0.0,0.0,NORMAL_DISBURSEMENT_SCHEDULE,NONE,NONE
MPLADS-001742,18.92,32.36,0,0.0,0.0,0.0,0.9145,0.2222,0.0,0.0,NORMAL_DISBURSEMENT_SCHEDULE,NONE,NONE
MPLADS-001743,18.39,31.54,0,0.0,0.0,0.0,0.973,0.2222,0.0,0.0,NORMAL_DISBURSEMENT_SCHEDULE,NONE,NONE
MPLADS-001744,9.97,16.68,0,0.0,0.0,0.0,0.9527,0.2222,0.0,0.0,NORMAL_DISBURSEMENT_SCHEDULE,NONE,NONE
MPLADS-001745,17.37,29.98,0,0.0,0.0,0.0,0.9562,0.2222,0.0,0.0,NORMAL_DISBURSEMENT_SCHEDULE,NONE,NONE
MPLADS-001746,22.57,37.3,0,0.0,0.0,0.0,0.9623,0.2222,0.0,0.0,NORMAL_DISBURSEMENT_SCHEDULE,NONE,NONE
MPLADS-001747,16.99,29.36,0,0.0,0.0,0.0,0.8759,0.2223,0.0,0.0,NORMAL_DISBURSEMENT_SCHEDULE,NONE,NONE
MPLADS-001748,11.76,20.02,0,0.0,0.0,0.0,0.9687,0.2222,0.0,0.0,NORMAL_DISBURSEMENT_SCHEDULE,NONE,NONE
MPLADS-001749,87.73,99.26,1,0.0,0.0,0.0,1.5641,0.2222,0.231,0.0,PAYMENT_TIMING_ANOMALY,NONE,NONE
MPLADS-001750,57.15,81.04,0,0.0,0.0,0.0,0.9663,0.2222,0.0,0.0,NORMAL_DISBURSEMENT_SCHEDULE,NONE,NONE
MPLADS-001751,28.16,44.76,0,0.0,0.0,0.0,0.8926,0.2222,0.0,0.0,NORMAL_DISBURSEMENT_SCHEDULE,NONE,NONE
MPLADS-001752,20.89,35.06,0,0.0,0.0,0.0,0.9191,0.2222,0.0,0.0,NORMAL_DISBURSEMENT_SCHEDULE,NONE,NONE
MPLADS-001753,39.79,65.96,0,0.0,0.0,0.0,0.8621,0.25,0.0,0.0,NORMAL_DISBURSEMENT_SCHEDULE,NONE,NONE
MPLADS-001754,19.58,33.3,0,0.0,0.0,0.0,0.9418,0.2222,0.0,0.0,NORMAL_DISBURSEMENT_SCHEDULE,NONE,NONE
MPLADS-001755,6.26,9.76,0,0.0,0.0,0.0,0.9376,0.2222,0.0,0.0,NORMAL_DISBURSEMENT_SCHEDULE,NONE,NONE
MPLADS-001756,49.03,76.44,0,0.0,0.0,0.0,1.3132,0.2222,0.0,0.0,NORMAL_DISBURSEMENT_SCHEDULE,NONE,NONE
MPLADS-001757,1.56,2.12,0,0.0,0.0,0.0,0.9,0.2222,0.0,0.0,NORMAL_DISBURSEMENT_SCHEDULE,NONE,NONE
MPLADS-001758,19.48,33.14,0,0.0,0.0,0.0,0.8974,0.2222,0.0,0.0,NORMAL_DISBURSEMENT_SCHEDULE,NONE,NONE
MPLADS-001759,20.34,34.32,0,0.0,0.0,0.0,0.898,0.2222,0.0,0.0,NORMAL_DISBURSEMENT_SCHEDULE,NONE,NONE
MPLADS-001760,25.17,40.58,0,0.0,0.0,0.0,0.9366,0.2223,0.0,0.0,NORMAL_DISBURSEMENT_SCHEDULE,NONE,NONE
MPLADS-001761,8.39,13.76,0,0.0,0.0,0.0,0.919,0.2222,0.0,0.0,NORMAL_DISBURSEMENT_SCHEDULE,NONE,NONE
MPLADS-001762,68.96,90.22,0,0.0,0.0,0.0,0.9575,0.2223,0.231,0.0,PAYMENT_TIMING_ANOMALY,NONE,NONE
MPLADS-001763,39.82,66.02,0,0.0,0.0,0.0,0.9568,0.25,0.0,0.0,NORMAL_DISBURSEMENT_SCHEDULE,NONE,NONE
MPLADS-001764,30.79,49.7,0,0.0,0.0,0.0,0.9328,0.2222,0.0,0.0,NORMAL_DISBURSEMENT_SCHEDULE,NONE,NONE
MPLADS-001765,61.93,83.9,0,0.0,0.0,0.0,0.908,0.2222,0.0,0.0,ELEVATED_PAYMENT_VOLATILITY,NONE,NONE
MPLADS-001766,71.68,91.96,0,1.0,1746000.0,0.0,1.0,0.2222,0.0,50.0,UNVERIFIED_DISBURSEMENT_BURST,NONE,NONE
MPLADS-001767,48.1,75.88,0,0.0,0.0,0.0,0.9437,0.2222,0.0,0.0,NORMAL_DISBURSEMENT_SCHEDULE,NONE,NONE
MPLADS-001768,30.14,48.44,0,0.0,0.0,0.0,0.9398,0.2222,0.0,25.0,NORMAL_DISBURSEMENT_SCHEDULE,NONE,NONE
MPLADS-001769,38.2,63.44,0,0.0,0.0,0.0,0.9145,0.25,0.0,0.0,NORMAL_DISBURSEMENT_SCHEDULE,NONE,NONE
MPLADS-001770,20.55,34.66,0,0.0,0.0,0.0,0.9721,0.2222,0.0,0.0,NORMAL_DISBURSEMENT_SCHEDULE,NONE,NONE
MPLADS-001771,38.86,64.56,0,0.0,0.0,0.0,0.9587,0.25,0.0,0.0,NORMAL_DISBURSEMENT_SCHEDULE,NONE,NONE
MPLADS-001772,1.08,1.3,0,0.0,0.0,0.0,0.8788,0.2222,0.0,0.0,NORMAL_DISBURSEMENT_SCHEDULE,NONE,NONE
MPLADS-001773,41.65,68.64,0,0.0,0.0,0.0,0.8569,0.2223,0.0,0.0,NORMAL_DISBURSEMENT_SCHEDULE,NONE,NONE
MPLADS-001774,2.41,3.46,0,0.0,0.0,0.0,0.9406,0.2222,0.0,0.0,NORMAL_DISBURSEMENT_SCHEDULE,NONE,NONE
MPLADS-001775,5.56,8.52,0,0.0,0.0,0.0,0.9028,0.2222,0.0,0.0,NORMAL_DISBURSEMENT_SCHEDULE,NONE,NONE
MPLADS-001776,19.01,32.5,0,0.0,0.0,0.0,0.9266,0.2222,0.0,0.0,NORMAL_DISBURSEMENT_SCHEDULE,NONE,NONE
MPLADS-001777,13.0,22.44,0,0.0,0.0,0.0,0.9212,0.2222,0.0,0.0,NORMAL_DISBURSEMENT_SCHEDULE,NONE,NONE
MPLADS-001778,11.74,19.98,0,0.0,0.0,0.0,0.891,0.2223,0.0,0.0,NORMAL_DISBURSEMENT_SCHEDULE,NONE,NONE
MPLADS-001779,35.44,58.48,0,0.0,0.0,0.0,0.9519,0.2222,0.0,25.0,NORMAL_DISBURSEMENT_SCHEDULE,NONE,NONE
MPLADS-001780,48.67,76.2,0,0.0,0.0,0.0,0.9164,0.2222,0.0,0.0,NORMAL_DISBURSEMENT_SCHEDULE,NONE,NONE
MPLADS-001781,35.91,59.32,0,0.0,0.0,0.0,0.9269,0.25,0.0,0.0,NORMAL_DISBURSEMENT_SCHEDULE,NONE,NONE
MPLADS-001782,68.37,89.74,0,0.0,0.0,0.0,0.533,0.2222,0.0,0.0,ELEVATED_PAYMENT_VOLATILITY,NONE,NONE
MPLADS-001783,22.34,37.0,0,0.0,0.0,0.0,0.9578,0.2222,0.0,0.0,NORMAL_DISBURSEMENT_SCHEDULE,NONE,NONE
MPLADS-001784,12.68,21.78,0,0.0,0.0,0.0,0.9149,0.2222,0.0,0.0,NORMAL_DISBURSEMENT_SCHEDULE,NONE,NONE
MPLADS-001785,69.69,90.76,0,1.0,1488000.0,0.0,0.8732,0.2222,0.0,50.0,UNVERIFIED_DISBURSEMENT_BURST,NONE,NONE
MPLADS-001786,41.68,68.68,0,0.0,0.0,0.0,0.9101,0.2222,0.0,0.0,NORMAL_DISBURSEMENT_SCHEDULE,NONE,NONE
MPLADS-001787,41.22,68.04,0,0.0,0.0,0.0,0.9035,0.2222,0.0,0.0,NORMAL_DISBURSEMENT_SCHEDULE,NONE,NONE
MPLADS-001788,1.57,2.14,0,0.0,0.0,0.0,0.8983,0.2222,0.0,0.0,NORMAL_DISBURSEMENT_SCHEDULE,NONE,NONE
MPLADS-001789,5.11,7.78,0,0.0,0.0,0.0,0.9405,0.2222,0.0,0.0,NORMAL_DISBURSEMENT_SCHEDULE,NONE,NONE
MPLADS-001790,12.72,21.86,0,0.0,0.0,0.0,0.9792,0.2222,0.0,0.0,NORMAL_DISBURSEMENT_SCHEDULE,NONE,NONE
MPLADS-001791,38.81,64.48,0,0.0,0.0,0.0,0.9401,0.2222,0.0,0.0,NORMAL_DISBURSEMENT_SCHEDULE,NONE,NONE
MPLADS-001792,61.16,83.34,0,0.0,0.0,0.0,0.9631,0.2222,0.231,0.0,PAYMENT_TIMING_ANOMALY,NONE,NONE
MPLADS-001793,57.53,81.28,0,0.0,0.0,0.0,1.4767,0.2222,0.0,0.0,NORMAL_DISBURSEMENT_SCHEDULE,NONE,NONE
MPLADS-001794,44.95,73.04,0,0.0,0.0,0.0,0.881,0.2222,0.0,0.0,NORMAL_DISBURSEMENT_SCHEDULE,NONE,NONE
MPLADS-001795,37.82,62.78,0,0.0,0.0,0.0276,0.892,0.2222,0.0,25.0,NORMAL_DISBURSEMENT_SCHEDULE,NONE,NONE
MPLADS-001796,39.95,66.24,0,0.0,0.0,0.0,0.9752,0.25,0.0,0.0,NORMAL_DISBURSEMENT_SCHEDULE,NONE,NONE
MPLADS-001797,24.9,40.24,0,0.0,0.0,0.0,0.8815,0.2222,0.0,0.0,NORMAL_DISBURSEMENT_SCHEDULE,NONE,NONE
MPLADS-001798,44.31,72.35,0,0.0,0.0,0.0,0.8928,0.2222,0.0,0.0,NORMAL_DISBURSEMENT_SCHEDULE,NONE,NONE
MPLADS-001799,4.49,6.76,0,0.0,0.0,0.0,0.9661,0.2222,0.0,0.0,NORMAL_DISBURSEMENT_SCHEDULE,NONE,NONE
MPLADS-001800,35.93,59.36,0,0.0,0.0,0.0,0.9595,0.2222,0.0,0.0,NORMAL_DISBURSEMENT_SCHEDULE,NONE,NONE
MPLADS-001801,22.95,37.78,0,0.0,0.0,0.0,0.9384,0.2222,0.0,0.0,NORMAL_DISBURSEMENT_SCHEDULE,NONE,NONE
MPLADS-001802,8.78,14.48,0,0.0,0.0,0.0,0.9204,0.2222,0.0,0.0,NORMAL_DISBURSEMENT_SCHEDULE,NONE,NONE
MPLADS-001803,7.4,11.86,0,0.0,0.0,0.0,0.9711,0.2222,0.0,0.0,NORMAL_DISBURSEMENT_SCHEDULE,NONE,NONE
MPLADS-001804,27.53,43.76,0,0.0,0.0,0.0,0.9711,0.2222,0.0,0.0,NORMAL_DISBURSEMENT_SCHEDULE,NONE,NONE
MPLADS-001805,44.48,72.58,0,0.0,0.0,0.0,0.9762,0.25,0.0,0.0,NORMAL_DISBURSEMENT_SCHEDULE,NONE,NONE
MPLADS-001806,79.35,95.96,1,1.0,805000.0,0.0,0.8647,0.25,0.0,50.0,UNVERIFIED_DISBURSEMENT_BURST,NONE,NONE
MPLADS-001807,14.57,25.36,0,0.0,0.0,0.0,0.8547,0.2222,0.0,0.0,NORMAL_DISBURSEMENT_SCHEDULE,NONE,NONE
MPLADS-001808,37.05,61.4,0,0.0,0.0,0.0,0.9315,0.2222,0.0,0.0,NORMAL_DISBURSEMENT_SCHEDULE,NONE,NONE
MPLADS-001809,2.02,2.86,0,0.0,0.0,0.0,0.8921,0.2222,0.0,0.0,NORMAL_DISBURSEMENT_SCHEDULE,NONE,NONE
MPLADS-001810,27.56,43.8,0,0.0,0.0,0.0,0.9411,0.25,0.0,0.0,NORMAL_DISBURSEMENT_SCHEDULE,NONE,NONE
MPLADS-001811,13.5,23.36,0,0.0,0.0,0.0,0.9414,0.2222,0.0,0.0,NORMAL_DISBURSEMENT_SCHEDULE,NONE,NONE
MPLADS-001812,31.85,51.82,0,0.0,0.0,0.0,0.9298,0.25,0.0,0.0,NORMAL_DISBURSEMENT_SCHEDULE,NONE,NONE
MPLADS-001813,50.85,77.42,0,0.0,0.0,0.6065,0.8889,0.2222,0.0,25.0,NORMAL_DISBURSEMENT_SCHEDULE,NONE,NONE
MPLADS-001814,31.81,51.74,0,0.0,0.0,0.0,0.8619,0.2223,0.0,0.0,NORMAL_DISBURSEMENT_SCHEDULE,NONE,NONE
MPLADS-001815,51.73,77.86,0,0.0,0.0,0.0,1.3509,0.2222,0.0,0.0,NORMAL_DISBURSEMENT_SCHEDULE,NONE,NONE
MPLADS-001816,6.05,9.4,0,0.0,0.0,0.0,0.8897,0.2222,0.0,0.0,NORMAL_DISBURSEMENT_SCHEDULE,NONE,NONE
MPLADS-001817,76.76,94.54,0,1.0,14506000.0,0.0,0.896,0.2222,0.0,75.0,UNVERIFIED_DISBURSEMENT_BURST,STATUTORY_CEILING_SMURFING,NONE
MPLADS-001818,14.89,25.92,0,0.0,0.0,0.0,0.9635,0.2223,0.0,0.0,NORMAL_DISBURSEMENT_SCHEDULE,NONE,NONE
MPLADS-001819,0.8,0.86,0,0.0,0.0,0.0,0.8936,0.2222,0.0,0.0,NORMAL_DISBURSEMENT_SCHEDULE,NONE,NONE
MPLADS-001820,11.79,20.06,0,0.0,0.0,0.0,0.8519,0.2222,0.0,0.0,NORMAL_DISBURSEMENT_SCHEDULE,NONE,NONE
MPLADS-001821,69.86,90.84,0,0.0,0.0,0.0,1.4023,0.25,0.0,0.0,ELEVATED_PAYMENT_VOLATILITY,NONE,NONE
MPLADS-001822,19.24,32.78,0,0.0,0.0,0.0,0.903,0.2222,0.0,0.0,NORMAL_DISBURSEMENT_SCHEDULE,NONE,NONE
MPLADS-001823,19.11,32.64,0,0.0,0.0,0.0,0.91,0.2222,0.0,0.0,NORMAL_DISBURSEMENT_SCHEDULE,NONE,NONE
MPLADS-001824,8.71,14.36,0,0.0,0.0,0.0,0.9437,0.2222,0.0,0.0,NORMAL_DISBURSEMENT_SCHEDULE,NONE,NONE
MPLADS-001825,20.03,33.94,0,0.0,0.0,0.0,0.9646,0.2222,0.0,0.0,NORMAL_DISBURSEMENT_SCHEDULE,NONE,NONE
MPLADS-001826,68.01,89.42,0,0.0,0.0,0.0,0.907,0.2222,0.231,0.0,PAYMENT_TIMING_ANOMALY,NONE,NONE
MPLADS-001827,8.77,14.46,0,0.0,0.0,0.0,0.8529,0.2222,0.0,0.0,NORMAL_DISBURSEMENT_SCHEDULE,NONE,NONE
MPLADS-001828,36.0,59.5,0,0.0,0.0,0.0,0.9447,0.25,0.0,0.0,NORMAL_DISBURSEMENT_SCHEDULE,NONE,NONE
MPLADS-001829,12.57,21.58,0,0.0,0.0,0.0,0.9424,0.2223,0.0,0.0,NORMAL_DISBURSEMENT_SCHEDULE,NONE,NONE
MPLADS-001830,20.49,34.54,0,0.0,0.0,0.0,0.8584,0.2223,0.0,0.0,NORMAL_DISBURSEMENT_SCHEDULE,NONE,NONE
MPLADS-001831,15.21,26.4,0,0.0,0.0,0.0001,0.9674,0.2222,0.0,25.0,NORMAL_DISBURSEMENT_SCHEDULE,NONE,NONE
MPLADS-001832,22.02,36.54,0,0.0,0.0,0.0,0.9227,0.2222,0.0,0.0,NORMAL_DISBURSEMENT_SCHEDULE,NONE,NONE
MPLADS-001833,30.11,48.38,0,0.0,0.0,0.0,0.9134,0.2222,0.0,0.0,NORMAL_DISBURSEMENT_SCHEDULE,NONE,NONE
MPLADS-001834,56.89,80.88,0,0.0,0.0,0.0,1.3949,0.2222,0.0,0.0,NORMAL_DISBURSEMENT_SCHEDULE,NONE,NONE
MPLADS-001835,57.54,81.3,0,0.0,0.0,0.0,0.6961,0.25,0.0,0.0,NORMAL_DISBURSEMENT_SCHEDULE,NONE,NONE
MPLADS-001836,14.72,25.64,0,0.0,0.0,0.0,0.8941,0.2222,0.0,0.0,NORMAL_DISBURSEMENT_SCHEDULE,NONE,NONE
MPLADS-001837,60.88,83.18,0,0.0,0.0,0.0,0.9488,0.2222,0.0,0.0,ELEVATED_PAYMENT_VOLATILITY,NONE,NONE
MPLADS-001838,46.8,74.9,0,0.0,0.0,0.0,0.8555,0.2222,0.0,0.0,NORMAL_DISBURSEMENT_SCHEDULE,NONE,NONE
MPLADS-001839,59.63,82.52,0,0.0,0.0,0.0,0.8887,0.2222,0.231,0.0,NORMAL_DISBURSEMENT_SCHEDULE,NONE,NONE
MPLADS-001840,31.42,50.92,0,0.0,0.0,0.0,0.8682,0.25,0.0,0.0,NORMAL_DISBURSEMENT_SCHEDULE,NONE,NONE
MPLADS-001841,2.21,3.16,0,0.0,0.0,0.0,0.9219,0.2222,0.0,0.0,NORMAL_DISBURSEMENT_SCHEDULE,NONE,NONE
MPLADS-001842,26.73,42.58,0,0.0,0.0,0.0,0.9049,0.25,0.0,0.0,NORMAL_DISBURSEMENT_SCHEDULE,NONE,NONE
MPLADS-001843,66.6,88.26,0,1.0,1916000.0,0.0,0.8842,0.2223,0.0,50.0,UNVERIFIED_DISBURSEMENT_BURST,NONE,NONE
MPLADS-001844,5.03,7.68,0,0.0,0.0,0.0,0.9149,0.2222,0.0,0.0,NORMAL_DISBURSEMENT_SCHEDULE,NONE,NONE
MPLADS-001845,19.81,33.62,0,0.0,0.0,0.0,0.919,0.2222,0.0,0.0,NORMAL_DISBURSEMENT_SCHEDULE,NONE,NONE
MPLADS-001846,82.35,97.48,1,1.0,11464000.0,0.0,0.954,0.2222,0.0,50.0,UNVERIFIED_DISBURSEMENT_BURST,NONE,NONE
MPLADS-001847,41.97,69.12,0,0.0,0.0,0.0,0.9038,0.25,0.0,0.0,NORMAL_DISBURSEMENT_SCHEDULE,NONE,NONE
MPLADS-001848,30.76,49.62,0,0.0,0.0,0.0,0.9506,0.2222,0.0,0.0,NORMAL_DISBURSEMENT_SCHEDULE,NONE,NONE
MPLADS-001849,27.07,43.1,0,0.0,0.0,0.0,0.9037,0.25,0.0,0.0,NORMAL_DISBURSEMENT_SCHEDULE,NONE,NONE
MPLADS-001850,34.41,56.52,0,0.0,0.0,0.0,0.8895,0.2222,0.0,0.0,NORMAL_DISBURSEMENT_SCHEDULE,NONE,NONE
MPLADS-001851,13.78,23.9,0,0.0,0.0,0.0377,0.9742,0.2222,0.0,25.0,NORMAL_DISBURSEMENT_SCHEDULE,NONE,NONE
MPLADS-001852,30.52,49.16,0,0.0,0.0,0.0,0.8805,0.25,0.0,0.0,NORMAL_DISBURSEMENT_SCHEDULE,NONE,NONE
MPLADS-001853,22.28,36.88,0,0.0,0.0,0.0,0.9558,0.2222,0.0,0.0,NORMAL_DISBURSEMENT_SCHEDULE,NONE,NONE
MPLADS-001854,12.98,22.4,0,0.0,0.0,0.0,0.8624,0.2222,0.0,0.0,NORMAL_DISBURSEMENT_SCHEDULE,NONE,NONE
MPLADS-001855,27.5,43.7,0,0.0,0.0,0.0,0.8943,0.25,0.0,0.0,NORMAL_DISBURSEMENT_SCHEDULE,NONE,NONE
MPLADS-001856,19.07,32.58,0,0.0,0.0,0.0,0.9142,0.2222,0.0,0.0,NORMAL_DISBURSEMENT_SCHEDULE,NONE,NONE
MPLADS-001857,36.55,60.46,0,0.0,0.0,0.0,0.9217,0.25,0.0,0.0,NORMAL_DISBURSEMENT_SCHEDULE,NONE,NONE
MPLADS-001858,51.94,77.98,0,0.0,0.0,0.0,0.6718,0.2222,0.0,0.0,NORMAL_DISBURSEMENT_SCHEDULE,NONE,NONE
MPLADS-001859,5.25,8.02,0,0.0,0.0,0.0,0.8997,0.2222,0.0,0.0,NORMAL_DISBURSEMENT_SCHEDULE,NONE,NONE
MPLADS-001860,4.71,7.14,0,0.0,0.0,0.0,0.8664,0.2222,0.0,0.0,NORMAL_DISBURSEMENT_SCHEDULE,NONE,NONE
MPLADS-001861,33.71,55.22,0,0.0,0.0,0.0,0.8826,0.25,0.0,0.0,NORMAL_DISBURSEMENT_SCHEDULE,NONE,NONE
MPLADS-001862,19.38,32.98,0,0.0,0.0,0.0,0.8531,0.2222,0.0,0.0,NORMAL_DISBURSEMENT_SCHEDULE,NONE,NONE
MPLADS-001863,9.54,15.86,0,0.0,0.0,0.0,0.9515,0.2222,0.0,0.0,NORMAL_DISBURSEMENT_SCHEDULE,NONE,NONE
MPLADS-001864,39.81,66.0,0,0.0,0.0,0.0,0.9798,0.25,0.0,0.0,NORMAL_DISBURSEMENT_SCHEDULE,NONE,NONE
MPLADS-001865,25.73,41.2,0,0.0,0.0,0.0,0.9082,0.25,0.0,0.0,NORMAL_DISBURSEMENT_SCHEDULE,NONE,NONE
MPLADS-001866,11.37,19.27,0,0.0,0.0,0.0,0.9473,0.2222,0.0,0.0,NORMAL_DISBURSEMENT_SCHEDULE,NONE,NONE
MPLADS-001867,8.91,14.72,0,0.0,0.0,0.0,0.9505,0.2222,0.0,0.0,NORMAL_DISBURSEMENT_SCHEDULE,NONE,NONE
MPLADS-001868,35.67,58.9,0,0.0,0.0,0.0,0.971,0.2222,0.0,0.0,NORMAL_DISBURSEMENT_SCHEDULE,NONE,NONE
MPLADS-001869,14.36,25.0,0,0.0,0.0,0.0,0.908,0.2223,0.0,0.0,NORMAL_DISBURSEMENT_SCHEDULE,NONE,NONE
MPLADS-001870,42.01,69.2,0,0.0,0.0,0.0,0.8555,0.25,0.0,0.0,NORMAL_DISBURSEMENT_SCHEDULE,NONE,NONE
MPLADS-001871,5.94,9.18,0,0.0,0.0,0.0,0.859,0.2222,0.0,0.0,NORMAL_DISBURSEMENT_SCHEDULE,NONE,NONE
MPLADS-001872,9.74,16.2,0,0.0,0.0,0.0,0.889,0.2222,0.0,0.0,NORMAL_DISBURSEMENT_SCHEDULE,NONE,NONE
MPLADS-001873,6.69,10.52,0,0.0,0.0,0.0,0.9185,0.2222,0.0,0.0,NORMAL_DISBURSEMENT_SCHEDULE,NONE,NONE
MPLADS-001874,34.24,56.22,0,0.0,0.0,0.0,0.8772,0.25,0.0,0.0,NORMAL_DISBURSEMENT_SCHEDULE,NONE,NONE
MPLADS-001875,77.82,95.18,1,1.0,1692000.0,0.0,1.0,0.2222,0.0,50.0,UNVERIFIED_DISBURSEMENT_BURST,NONE,NONE
MPLADS-001876,9.62,16.0,0,0.0,0.0,0.0,0.9333,0.2223,0.0,0.0,NORMAL_DISBURSEMENT_SCHEDULE,NONE,NONE
MPLADS-001877,21.62,35.98,0,0.0,0.0,0.0,0.9397,0.2222,0.0,0.0,NORMAL_DISBURSEMENT_SCHEDULE,NONE,NONE
MPLADS-001878,13.41,23.2,0,0.0,0.0,0.0,0.8948,0.2223,0.0,0.0,NORMAL_DISBURSEMENT_SCHEDULE,NONE,NONE
MPLADS-001879,44.69,72.84,0,0.0,0.0,0.0,0.9279,0.2222,0.0,0.0,NORMAL_DISBURSEMENT_SCHEDULE,NONE,NONE
MPLADS-001880,3.63,5.36,0,0.0,0.0,0.0,0.8716,0.2222,0.0,0.0,NORMAL_DISBURSEMENT_SCHEDULE,NONE,NONE
MPLADS-001881,29.65,47.56,0,0.0,0.0,0.0,0.8683,0.2223,0.0,0.0,NORMAL_DISBURSEMENT_SCHEDULE,NONE,NONE
MPLADS-001882,69.13,90.34,0,1.0,1713000.0,0.0,0.9533,0.2222,0.0,50.0,UNVERIFIED_DISBURSEMENT_BURST,NONE,NONE
MPLADS-001883,64.44,86.14,0,1.0,1817000.0,0.0,0.9121,0.2223,0.0,50.0,UNVERIFIED_DISBURSEMENT_BURST,NONE,NONE
MPLADS-001884,25.78,41.26,0,0.0,0.0,0.0,0.928,0.2222,0.0,0.0,NORMAL_DISBURSEMENT_SCHEDULE,NONE,NONE
MPLADS-001885,64.86,86.58,0,0.0,0.0,0.0,1.3843,0.2222,0.0,0.0,ELEVATED_PAYMENT_VOLATILITY,NONE,NONE
MPLADS-001886,24.73,40.0,0,0.0,0.0,0.0,0.9103,0.2223,0.0,0.0,NORMAL_DISBURSEMENT_SCHEDULE,NONE,NONE
MPLADS-001887,39.93,66.2,0,0.0,0.0,0.0051,0.8528,0.2222,0.0,25.0,NORMAL_DISBURSEMENT_SCHEDULE,NONE,NONE
MPLADS-001888,41.42,68.3,0,0.0,0.0,0.6308,0.9736,0.2222,0.0,25.0,NORMAL_DISBURSEMENT_SCHEDULE,NONE,NONE
MPLADS-001889,38.42,63.82,0,0.0,0.0,0.0,0.8674,0.25,0.0,0.0,NORMAL_DISBURSEMENT_SCHEDULE,NONE,NONE
MPLADS-001890,52.2,78.2,0,0.0,0.0,0.0,0.8565,0.2222,0.0,0.0,NORMAL_DISBURSEMENT_SCHEDULE,NONE,NONE
MPLADS-001891,51.35,77.72,0,0.0,0.0,0.0,1.3286,0.2222,0.0,0.0,NORMAL_DISBURSEMENT_SCHEDULE,NONE,NONE
MPLADS-001892,54.74,79.52,0,0.0,0.0,0.8549,0.969,0.2222,0.0,25.0,NORMAL_DISBURSEMENT_SCHEDULE,NONE,NONE
MPLADS-001893,34.32,56.38,0,0.0,0.0,0.0,0.9455,0.25,0.0,0.0,NORMAL_DISBURSEMENT_SCHEDULE,NONE,NONE
MPLADS-001894,34.8,57.26,0,0.0,0.0,0.0,0.9031,0.2222,0.0,0.0,NORMAL_DISBURSEMENT_SCHEDULE,NONE,NONE
MPLADS-001895,27.83,44.24,0,0.0,0.0,0.0,0.8973,0.25,0.0,0.0,NORMAL_DISBURSEMENT_SCHEDULE,NONE,NONE
MPLADS-001896,32.59,53.18,0,0.0,0.0,0.0,0.9045,0.25,0.0,0.0,NORMAL_DISBURSEMENT_SCHEDULE,NONE,NONE
MPLADS-001897,81.93,97.24,1,1.0,12428000.0,0.0,0.918,0.2222,0.0,50.0,UNVERIFIED_DISBURSEMENT_BURST,NONE,NONE
MPLADS-001898,66.25,87.98,0,0.0,0.0,0.0,0.8546,0.2223,0.231,0.0,PAYMENT_TIMING_ANOMALY,NONE,NONE
MPLADS-001899,76.04,94.06,0,0.0,0.0,0.0,1.4551,0.25,0.0,0.0,ELEVATED_PAYMENT_VOLATILITY,NONE,NONE
MPLADS-001900,44.82,72.92,0,0.0,0.0,0.0,0.9532,0.2222,0.0,0.0,NORMAL_DISBURSEMENT_SCHEDULE,NONE,NONE
MPLADS-001901,17.24,29.78,0,0.0,0.0,0.1353,0.9273,0.2222,0.0,25.0,NORMAL_DISBURSEMENT_SCHEDULE,NONE,NONE
MPLADS-001902,17.78,30.58,0,0.0,0.0,0.0,0.9608,0.2222,0.0,0.0,NORMAL_DISBURSEMENT_SCHEDULE,NONE,NONE
MPLADS-001903,59.99,82.7,0,0.0,0.0,0.0,0.8698,0.2222,0.0,25.0,NORMAL_DISBURSEMENT_SCHEDULE,NONE,NONE
MPLADS-001904,47.12,75.18,0,0.0,0.0,0.0,0.9514,0.2222,0.0,0.0,NORMAL_DISBURSEMENT_SCHEDULE,NONE,NONE
MPLADS-001905,67.91,89.32,0,1.0,1337000.0,0.0,0.9389,0.2223,0.0,50.0,UNVERIFIED_DISBURSEMENT_BURST,NONE,NONE
MPLADS-001906,39.31,65.26,0,0.0,0.0,0.0,0.9683,0.2222,0.0,0.0,NORMAL_DISBURSEMENT_SCHEDULE,NONE,NONE
MPLADS-001907,41.57,68.54,0,0.0,0.0,0.0,0.8538,0.25,0.0,0.0,NORMAL_DISBURSEMENT_SCHEDULE,NONE,NONE
MPLADS-001908,53.32,78.84,0,0.0,0.0,0.0,0.9613,0.2222,0.0,0.0,NORMAL_DISBURSEMENT_SCHEDULE,NONE,NONE
MPLADS-001909,10.06,16.84,0,0.0,0.0,0.0,0.9763,0.2222,0.0,0.0,NORMAL_DISBURSEMENT_SCHEDULE,NONE,NONE
MPLADS-001910,36.89,61.1,0,0.0,0.0,0.0,0.8689,0.25,0.0,0.0,NORMAL_DISBURSEMENT_SCHEDULE,NONE,NONE
MPLADS-001911,79.34,95.94,1,1.0,772000.0,0.0,0.9531,0.25,0.0,50.0,UNVERIFIED_DISBURSEMENT_BURST,NONE,NONE
MPLADS-001912,29.35,46.98,0,0.0,0.0,0.0,0.8574,0.2222,0.0,0.0,NORMAL_DISBURSEMENT_SCHEDULE,NONE,NONE
MPLADS-001913,58.54,81.84,0,0.0,0.0,0.0,0.8534,0.2222,0.0,0.0,NORMAL_DISBURSEMENT_SCHEDULE,NONE,NONE
MPLADS-001914,4.54,6.86,0,0.0,0.0,0.0,0.9636,0.2222,0.0,0.0,NORMAL_DISBURSEMENT_SCHEDULE,NONE,NONE
MPLADS-001915,37.92,62.96,0,0.0,0.0,0.0,0.9676,0.25,0.0,0.0,NORMAL_DISBURSEMENT_SCHEDULE,NONE,NONE
MPLADS-001916,15.25,26.48,0,0.0,0.0,0.0,0.9603,0.2222,0.0,0.0,NORMAL_DISBURSEMENT_SCHEDULE,NONE,NONE
MPLADS-001917,28.02,44.52,0,0.0,0.0,0.0,0.9083,0.2222,0.0,0.0,NORMAL_DISBURSEMENT_SCHEDULE,NONE,NONE
MPLADS-001918,1.46,1.94,0,0.0,0.0,0.0,0.9265,0.2222,0.0,0.0,NORMAL_DISBURSEMENT_SCHEDULE,NONE,NONE
MPLADS-001919,6.18,9.62,0,0.0,0.0,0.0,0.9312,0.2222,0.0,0.0,NORMAL_DISBURSEMENT_SCHEDULE,NONE,NONE
MPLADS-001920,83.35,98.06,1,0.0,0.0,0.0,0.9343,0.25,0.3466,0.0,PAYMENT_TIMING_ANOMALY,NONE,NONE
MPLADS-001921,17.13,29.62,0,0.0,0.0,0.0,0.9729,0.2222,0.0,0.0,NORMAL_DISBURSEMENT_SCHEDULE,NONE,NONE
MPLADS-001922,35.83,59.18,0,0.0,0.0,0.0,0.9426,0.25,0.0,0.0,NORMAL_DISBURSEMENT_SCHEDULE,NONE,NONE
MPLADS-001923,29.09,46.48,0,0.0,0.0,0.0,0.9743,0.2223,0.0,0.0,NORMAL_DISBURSEMENT_SCHEDULE,NONE,NONE
MPLADS-001924,52.79,78.5,0,0.0,0.0,0.0,0.9631,0.2222,0.0,0.0,NORMAL_DISBURSEMENT_SCHEDULE,NONE,NONE
MPLADS-001925,36.25,59.92,0,0.0,0.0,0.0,0.8609,0.25,0.0,0.0,NORMAL_DISBURSEMENT_SCHEDULE,NONE,NONE
MPLADS-001926,61.36,83.5,0,0.0,0.0,0.0,0.942,0.2222,0.0,0.0,ELEVATED_PAYMENT_VOLATILITY,NONE,NONE
MPLADS-001927,39.88,66.12,0,0.0,0.0,0.0,0.972,0.25,0.0,0.0,NORMAL_DISBURSEMENT_SCHEDULE,NONE,NONE
MPLADS-001928,4.14,6.22,0,0.0,0.0,0.0,0.9658,0.2222,0.0,0.0,NORMAL_DISBURSEMENT_SCHEDULE,NONE,NONE
MPLADS-001929,6.52,10.22,0,0.0,0.0,0.0561,0.8898,0.2222,0.0,25.0,NORMAL_DISBURSEMENT_SCHEDULE,NONE,NONE
MPLADS-001930,30.19,48.52,0,0.0,0.0,0.0,0.8968,0.25,0.0,0.0,NORMAL_DISBURSEMENT_SCHEDULE,NONE,NONE
MPLADS-001931,60.93,83.2,0,0.0,0.0,0.0,0.8584,0.2222,0.231,0.0,PAYMENT_TIMING_ANOMALY,NONE,NONE
MPLADS-001932,33.44,54.7,0,0.0,0.0,0.0,0.8559,0.2222,0.0,0.0,NORMAL_DISBURSEMENT_SCHEDULE,NONE,NONE
MPLADS-001933,34.45,56.58,0,0.0,0.0,0.0,0.9457,0.25,0.0,0.0,NORMAL_DISBURSEMENT_SCHEDULE,NONE,NONE
MPLADS-001934,63.55,85.36,0,0.0,0.0,0.0,0.9338,0.2222,0.231,0.0,PAYMENT_TIMING_ANOMALY,NONE,NONE
MPLADS-001935,18.94,32.4,0,0.0,0.0,0.0,0.9472,0.2222,0.0,0.0,NORMAL_DISBURSEMENT_SCHEDULE,NONE,NONE
MPLADS-001936,16.74,28.96,0,0.0,0.0,0.0,0.8704,0.2223,0.0,0.0,NORMAL_DISBURSEMENT_SCHEDULE,NONE,NONE
MPLADS-001937,66.26,88.0,0,1.0,1391000.0,0.0,0.9224,0.2223,0.0,50.0,UNVERIFIED_DISBURSEMENT_BURST,NONE,NONE
MPLADS-001938,38.85,64.54,0,0.0,0.0,0.0,0.8561,0.25,0.0,0.0,NORMAL_DISBURSEMENT_SCHEDULE,NONE,NONE
MPLADS-001939,82.64,97.66,1,0.0,0.0,0.0,0.9481,0.25,0.3466,0.0,PAYMENT_TIMING_ANOMALY,NONE,NONE
MPLADS-001940,8.19,13.36,0,0.0,0.0,0.0,0.9379,0.2222,0.0,0.0,NORMAL_DISBURSEMENT_SCHEDULE,NONE,NONE
MPLADS-001941,18.6,31.84,0,0.0,0.0,0.0,0.9159,0.2222,0.0,0.0,NORMAL_DISBURSEMENT_SCHEDULE,NONE,NONE
MPLADS-001942,19.66,33.42,0,0.0,0.0,0.0,0.901,0.2222,0.0,0.0,NORMAL_DISBURSEMENT_SCHEDULE,NONE,NONE
MPLADS-001943,11.81,20.1,0,0.0,0.0,0.0,0.9633,0.2222,0.0,0.0,NORMAL_DISBURSEMENT_SCHEDULE,NONE,NONE
MPLADS-001944,22.46,37.14,0,0.0,0.0,0.0,0.8518,0.2222,0.0,0.0,NORMAL_DISBURSEMENT_SCHEDULE,NONE,NONE
MPLADS-001945,73.85,93.16,0,0.0,0.0,0.0,0.864,0.2222,0.0,0.0,ELEVATED_PAYMENT_VOLATILITY,NONE,NONE
MPLADS-001946,33.53,54.88,0,0.0,0.0,0.0,0.9466,0.25,0.0,0.0,NORMAL_DISBURSEMENT_SCHEDULE,NONE,NONE
MPLADS-001947,11.99,20.46,0,0.0,0.0,0.0001,0.8692,0.2222,0.0,25.0,NORMAL_DISBURSEMENT_SCHEDULE,NONE,NONE
MPLADS-001948,81.0,96.84,1,1.0,1002000.0,0.0,0.9862,0.2222,0.0,50.0,UNVERIFIED_DISBURSEMENT_BURST,NONE,NONE
MPLADS-001949,37.04,61.38,0,0.0,0.0,0.0,0.9568,0.25,0.0,0.0,NORMAL_DISBURSEMENT_SCHEDULE,NONE,NONE
MPLADS-001950,37.21,61.68,0,0.0,0.0,0.0,0.951,0.25,0.0,0.0,NORMAL_DISBURSEMENT_SCHEDULE,NONE,NONE
MPLADS-001951,63.6,85.4,0,0.0,0.0,0.0,1.3348,0.25,0.0,0.0,ELEVATED_PAYMENT_VOLATILITY,NONE,NONE
MPLADS-001952,1.23,1.54,0,0.0,0.0,0.0,0.8924,0.2222,0.0,0.0,NORMAL_DISBURSEMENT_SCHEDULE,NONE,NONE
MPLADS-001953,4.82,7.34,0,0.0,0.0,0.0,0.9104,0.2222,0.0,0.0,NORMAL_DISBURSEMENT_SCHEDULE,NONE,NONE
MPLADS-001954,28.61,45.56,0,0.0,0.0,0.0,0.8965,0.2222,0.0,0.0,NORMAL_DISBURSEMENT_SCHEDULE,NONE,NONE
MPLADS-001955,33.65,55.12,0,0.0,0.0,0.0,0.9111,0.25,0.0,0.0,NORMAL_DISBURSEMENT_SCHEDULE,NONE,NONE
MPLADS-001956,28.6,45.54,0,0.0,0.0,0.0,0.8956,0.2222,0.0,0.0,NORMAL_DISBURSEMENT_SCHEDULE,NONE,NONE
MPLADS-001957,77.39,94.9,0,0.0,0.0,0.0,1.5464,0.25,0.0,0.0,ELEVATED_PAYMENT_VOLATILITY,NONE,NONE
MPLADS-001958,49.66,76.82,0,0.0,0.0,0.0,0.8556,0.2222,0.0,0.0,NORMAL_DISBURSEMENT_SCHEDULE,NONE,NONE
MPLADS-001959,36.8,60.94,0,0.0,0.0,0.0,0.855,0.2222,0.0,0.0,NORMAL_DISBURSEMENT_SCHEDULE,NONE,NONE
MPLADS-001960,30.45,49.02,0,0.0,0.0,0.0,0.8811,0.25,0.0,0.0,NORMAL_DISBURSEMENT_SCHEDULE,NONE,NONE
MPLADS-001961,22.29,36.9,0,0.0,0.0,0.0,0.9189,0.2222,0.0,0.0,NORMAL_DISBURSEMENT_SCHEDULE,NONE,NONE
MPLADS-001962,83.49,98.16,1,1.0,8189000.0,0.0,0.853,0.2222,0.0,50.0,UNVERIFIED_DISBURSEMENT_BURST,NONE,NONE
MPLADS-001963,23.26,38.2,0,0.0,0.0,0.0,0.9253,0.2222,0.0,0.0,NORMAL_DISBURSEMENT_SCHEDULE,NONE,NONE
MPLADS-001964,30.8,49.72,0,0.0,0.0,0.0,0.8879,0.25,0.0,0.0,NORMAL_DISBURSEMENT_SCHEDULE,NONE,NONE
MPLADS-001965,8.27,13.52,0,0.0,0.0,0.0,0.944,0.2222,0.0,0.0,NORMAL_DISBURSEMENT_SCHEDULE,NONE,NONE
MPLADS-001966,7.91,12.8,0,0.0,0.0,0.0,0.8557,0.2222,0.0,0.0,NORMAL_DISBURSEMENT_SCHEDULE,NONE,NONE
MPLADS-001967,28.55,45.44,0,0.0,0.0,0.0,0.9244,0.2222,0.0,0.0,NORMAL_DISBURSEMENT_SCHEDULE,NONE,NONE
MPLADS-001968,62.46,84.32,0,0.0,0.0,0.0,0.8871,0.2222,0.231,0.0,PAYMENT_TIMING_ANOMALY,NONE,NONE
MPLADS-001969,3.66,5.4,0,0.0,0.0,0.0,0.8928,0.2222,0.0,0.0,NORMAL_DISBURSEMENT_SCHEDULE,NONE,NONE
MPLADS-001970,69.85,90.82,0,1.0,2616000.0,0.0,0.9589,0.2222,0.0,50.0,UNVERIFIED_DISBURSEMENT_BURST,NONE,NONE
MPLADS-001971,4.8,7.3,0,0.0,0.0,0.0,0.89,0.2222,0.0,0.0,NORMAL_DISBURSEMENT_SCHEDULE,NONE,NONE
MPLADS-001972,29.75,47.74,0,0.0,0.0,0.0,0.9634,0.2222,0.0,0.0,NORMAL_DISBURSEMENT_SCHEDULE,NONE,NONE
MPLADS-001973,32.93,53.84,0,0.0,0.0,0.0,0.9541,0.2222,0.0,25.0,NORMAL_DISBURSEMENT_SCHEDULE,NONE,NONE
MPLADS-001974,10.17,17.06,0,0.0,0.0,0.0,0.9587,0.2222,0.0,0.0,NORMAL_DISBURSEMENT_SCHEDULE,NONE,NONE
MPLADS-001975,53.07,78.66,0,0.0,0.0,0.0,0.968,0.2222,0.0,0.0,NORMAL_DISBURSEMENT_SCHEDULE,NONE,NONE
MPLADS-001976,62.99,84.82,0,0.0,0.0,0.0,1.5404,0.2222,0.0,0.0,ELEVATED_PAYMENT_VOLATILITY,NONE,NONE
MPLADS-001977,9.92,16.58,0,0.0,0.0,0.0,0.9637,0.2222,0.0,0.0,NORMAL_DISBURSEMENT_SCHEDULE,NONE,NONE
MPLADS-001978,10.57,17.8,0,0.0,0.0,0.0,0.909,0.2222,0.0,0.0,NORMAL_DISBURSEMENT_SCHEDULE,NONE,NONE
MPLADS-001979,66.72,88.4,0,0.0,0.0,0.0,0.96,0.2222,0.231,0.0,PAYMENT_TIMING_ANOMALY,NONE,NONE
MPLADS-001980,40.69,67.24,0,0.0,0.0,0.0,0.9598,0.25,0.0,0.0,NORMAL_DISBURSEMENT_SCHEDULE,NONE,NONE
MPLADS-001981,35.76,59.06,0,0.0,0.0,0.0,0.8544,0.2222,0.0,0.0,NORMAL_DISBURSEMENT_SCHEDULE,NONE,NONE
MPLADS-001982,78.22,95.42,1,0.0,0.0,0.0,0.9715,0.2222,0.231,25.0,STATUTORY_CEILING_SMURFING,PAYMENT_TIMING_ANOMALY,NONE
MPLADS-001983,20.17,34.08,0,0.0,0.0,0.0,0.8835,0.2222,0.0,0.0,NORMAL_DISBURSEMENT_SCHEDULE,NONE,NONE
MPLADS-001984,42.16,69.46,0,0.0,0.0,0.0,0.8957,0.25,0.0,0.0,NORMAL_DISBURSEMENT_SCHEDULE,NONE,NONE
MPLADS-001985,11.66,19.82,0,0.0,0.0,0.0,0.9347,0.2222,0.0,0.0,NORMAL_DISBURSEMENT_SCHEDULE,NONE,NONE
MPLADS-001986,37.79,62.72,0,0.0,0.0,0.0,0.8752,0.25,0.0,0.0,NORMAL_DISBURSEMENT_SCHEDULE,NONE,NONE
MPLADS-001987,23.7,38.76,0,0.0,0.0,0.0125,0.9481,0.2223,0.0,25.0,NORMAL_DISBURSEMENT_SCHEDULE,NONE,NONE
MPLADS-001988,29.84,47.92,0,0.0,0.0,0.0,0.9239,0.25,0.0,0.0,NORMAL_DISBURSEMENT_SCHEDULE,NONE,NONE
MPLADS-001989,72.21,92.26,0,0.0,0.0,0.0,0.8545,0.2222,0.231,0.0,PAYMENT_TIMING_ANOMALY,NONE,NONE
MPLADS-001990,49.09,76.5,0,0.0,0.0,0.0,0.954,0.2222,0.0,0.0,NORMAL_DISBURSEMENT_SCHEDULE,NONE,NONE
MPLADS-001991,42.63,70.12,0,0.0,0.0,0.0,0.8574,0.25,0.0,0.0,NORMAL_DISBURSEMENT_SCHEDULE,NONE,NONE
MPLADS-001992,42.52,69.98,0,0.0,0.0,0.0,0.8559,0.25,0.0,0.0,NORMAL_DISBURSEMENT_SCHEDULE,NONE,NONE
MPLADS-001993,66.73,88.42,0,0.0,0.0,0.0678,0.8698,0.2222,0.231,25.0,STATUTORY_CEILING_SMURFING,PAYMENT_TIMING_ANOMALY,NONE
MPLADS-001994,17.12,29.6,0,0.0,0.0,0.0,0.9374,0.2222,0.0,0.0,NORMAL_DISBURSEMENT_SCHEDULE,NONE,NONE
MPLADS-001995,35.13,57.92,0,0.0,0.0,0.0,0.9524,0.25,0.0,0.0,NORMAL_DISBURSEMENT_SCHEDULE,NONE,NONE
MPLADS-001996,78.57,95.58,1,1.0,971000.0,0.0,0.9283,0.25,0.0,50.0,UNVERIFIED_DISBURSEMENT_BURST,NONE,NONE
MPLADS-001997,9.86,16.46,0,0.0,0.0,0.0,0.8985,0.2222,0.0,0.0,NORMAL_DISBURSEMENT_SCHEDULE,NONE,NONE
MPLADS-001998,78.76,95.64,1,0.0,0.0,0.0,0.9631,0.2222,0.231,0.0,PAYMENT_TIMING_ANOMALY,NONE,NONE
MPLADS-001999,46.93,75.0,0,0.0,0.0,0.0,0.8534,0.2222,0.0,0.0,NORMAL_DISBURSEMENT_SCHEDULE,NONE,NONE
MPLADS-002000,73.67,93.0,0,0.0,0.0,0.0,0.4378,0.25,0.0,0.0,ELEVATED_PAYMENT_VOLATILITY,NONE,NONE
MPLADS-002001,25.85,41.38,0,0.0,0.0,0.0,0.9226,0.25,0.0,0.0,NORMAL_DISBURSEMENT_SCHEDULE,NONE,NONE
MPLADS-002002,76.01,94.04,0,1.0,9452000.0,0.0,0.921,0.2222,0.0,50.0,UNVERIFIED_DISBURSEMENT_BURST,NONE,NONE
MPLADS-002003,47.4,75.32,0,0.0,0.0,0.0,0.8656,0.2222,0.0,0.0,NORMAL_DISBURSEMENT_SCHEDULE,NONE,NONE
MPLADS-002004,18.36,31.48,0,0.0,0.0,0.0,0.9529,0.2222,0.0,0.0,NORMAL_DISBURSEMENT_SCHEDULE,NONE,NONE
MPLADS-002005,38.1,63.28,0,0.0,0.0,0.0,0.8828,0.25,0.0,0.0,NORMAL_DISBURSEMENT_SCHEDULE,NONE,NONE
MPLADS-002006,42.06,69.28,0,0.0,0.0,0.0,0.8641,0.25,0.0,0.0,NORMAL_DISBURSEMENT_SCHEDULE,NONE,NONE
MPLADS-002007,61.07,83.28,0,1.0,2706000.0,0.0,0.9538,0.2222,0.0,50.0,UNVERIFIED_DISBURSEMENT_BURST,NONE,NONE
MPLADS-002008,77.27,94.82,0,1.0,12125000.0,0.0,0.951,0.2222,0.0,50.0,UNVERIFIED_DISBURSEMENT_BURST,NONE,NONE
MPLADS-002009,42.94,70.54,0,0.0,0.0,0.0,0.8502,0.2222,0.0,0.0,NORMAL_DISBURSEMENT_SCHEDULE,NONE,NONE
MPLADS-002010,36.46,60.32,0,0.0,0.0,0.0,0.8944,0.25,0.0,0.0,NORMAL_DISBURSEMENT_SCHEDULE,NONE,NONE
MPLADS-002011,66.28,88.02,0,0.0,0.0,0.0,0.8561,0.2222,0.0,0.0,ELEVATED_PAYMENT_VOLATILITY,NONE,NONE
MPLADS-002012,43.18,70.9,0,0.0,0.0,0.0,0.9698,0.25,0.0,0.0,NORMAL_DISBURSEMENT_SCHEDULE,NONE,NONE
MPLADS-002013,12.54,21.52,0,0.0,0.0,0.0,0.9112,0.2222,0.0,0.0,NORMAL_DISBURSEMENT_SCHEDULE,NONE,NONE
MPLADS-002014,9.23,15.32,0,0.0,0.0,0.0,0.9208,0.2222,0.0,0.0,NORMAL_DISBURSEMENT_SCHEDULE,NONE,NONE
MPLADS-002015,7.12,11.3,0,0.0,0.0,0.0,0.9178,0.2222,0.0,0.0,NORMAL_DISBURSEMENT_SCHEDULE,NONE,NONE
MPLADS-002016,6.67,10.48,0,0.0,0.0,0.0,0.9512,0.2222,0.0,0.0,NORMAL_DISBURSEMENT_SCHEDULE,NONE,NONE
MPLADS-002017,11.94,20.36,0,0.0,0.0,0.0,0.9409,0.2222,0.0,0.0,NORMAL_DISBURSEMENT_SCHEDULE,NONE,NONE
MPLADS-002018,64.25,85.94,0,1.0,3711000.0,0.0,0.9001,0.2222,0.0,50.0,UNVERIFIED_DISBURSEMENT_BURST,NONE,NONE
MPLADS-002019,29.63,47.52,0,0.0,0.0,0.0,0.8575,0.2223,0.0,0.0,NORMAL_DISBURSEMENT_SCHEDULE,NONE,NONE
MPLADS-002020,15.7,27.2,0,0.0,0.0,0.0,0.9334,0.2222,0.0,0.0,NORMAL_DISBURSEMENT_SCHEDULE,NONE,NONE
MPLADS-002021,66.01,87.74,0,1.0,1630000.0,0.0,0.9737,0.2222,0.0,50.0,UNVERIFIED_DISBURSEMENT_BURST,NONE,NONE
MPLADS-002022,1.78,2.48,0,0.0,0.0,0.0,0.9373,0.2222,0.0,0.0,NORMAL_DISBURSEMENT_SCHEDULE,NONE,NONE
MPLADS-002023,51.89,77.92,0,0.0,0.0,0.0,0.967,0.2222,0.0,0.0,NORMAL_DISBURSEMENT_SCHEDULE,NONE,NONE
MPLADS-002024,22.1,36.64,0,0.0,0.0,0.0,0.9106,0.2223,0.0,0.0,NORMAL_DISBURSEMENT_SCHEDULE,NONE,NONE
MPLADS-002025,10.54,17.74,0,0.0,0.0,0.0,0.9346,0.2222,0.0,0.0,NORMAL_DISBURSEMENT_SCHEDULE,NONE,NONE
MPLADS-002026,3.83,5.7,0,0.0,0.0,0.0,0.8611,0.2222,0.0,0.0,NORMAL_DISBURSEMENT_SCHEDULE,NONE,NONE
MPLADS-002027,5.22,7.96,0,0.0,0.0,0.0,0.8856,0.2222,0.0,0.0,NORMAL_DISBURSEMENT_SCHEDULE,NONE,NONE
MPLADS-002028,58.81,82.0,0,0.0,0.0,0.9029,0.9187,0.2222,0.0,25.0,NORMAL_DISBURSEMENT_SCHEDULE,NONE,NONE
MPLADS-002029,65.56,87.3,0,1.0,2953000.0,0.0,0.928,0.2222,0.0,50.0,UNVERIFIED_DISBURSEMENT_BURST,NONE,NONE
MPLADS-002030,28.82,45.96,0,0.0,0.0,0.0,0.8887,0.25,0.0,0.0,NORMAL_DISBURSEMENT_SCHEDULE,NONE,NONE
MPLADS-002031,66.79,88.46,0,0.0,0.0,0.0,0.9456,0.2222,0.231,0.0,PAYMENT_TIMING_ANOMALY,NONE,NONE
MPLADS-002032,75.95,94.0,0,0.0,0.0,0.0,0.8686,0.2223,0.231,0.0,PAYMENT_TIMING_ANOMALY,NONE,NONE
MPLADS-002033,12.04,20.52,0,0.0,0.0,0.0001,0.9319,0.2222,0.0,25.0,NORMAL_DISBURSEMENT_SCHEDULE,NONE,NONE
MPLADS-002034,0.69,0.72,0,0.0,0.0,0.0,0.9388,0.2222,0.0,0.0,NORMAL_DISBURSEMENT_SCHEDULE,NONE,NONE
MPLADS-002035,42.88,70.42,0,0.0,0.0,0.0,0.8958,0.2222,0.0,0.0,NORMAL_DISBURSEMENT_SCHEDULE,NONE,NONE
MPLADS-002036,46.14,74.34,0,0.0,0.0,0.0,0.959,0.2222,0.0,0.0,NORMAL_DISBURSEMENT_SCHEDULE,NONE,NONE
MPLADS-002037,7.16,11.38,0,0.0,0.0,0.0,0.9192,0.2222,0.0,0.0,NORMAL_DISBURSEMENT_SCHEDULE,NONE,NONE
MPLADS-002038,31.91,51.92,0,0.0,0.0,0.0,0.855,0.2222,0.0,0.0,NORMAL_DISBURSEMENT_SCHEDULE,NONE,NONE
MPLADS-002039,64.52,86.28,0,0.0,0.0,0.0,0.8769,0.2223,0.231,0.0,PAYMENT_TIMING_ANOMALY,NONE,NONE
MPLADS-002040,62.51,84.36,0,0.0,0.0,0.0,0.8807,0.2222,0.231,0.0,PAYMENT_TIMING_ANOMALY,NONE,NONE
MPLADS-002041,38.4,63.78,0,0.0,0.0,0.0,0.9733,0.2222,0.0,0.0,NORMAL_DISBURSEMENT_SCHEDULE,NONE,NONE
MPLADS-002042,13.79,23.92,0,0.0,0.0,0.0,0.9559,0.2222,0.0,0.0,NORMAL_DISBURSEMENT_SCHEDULE,NONE,NONE
MPLADS-002043,6.55,10.28,0,0.0,0.0,0.0,0.9034,0.2222,0.0,0.0,NORMAL_DISBURSEMENT_SCHEDULE,NONE,NONE
MPLADS-002044,20.67,34.8,0,0.0,0.0,0.0,0.9676,0.2222,0.0,0.0,NORMAL_DISBURSEMENT_SCHEDULE,NONE,NONE
MPLADS-002045,9.56,15.9,0,0.0,0.0,0.0,0.9281,0.2222,0.0,0.0,NORMAL_DISBURSEMENT_SCHEDULE,NONE,NONE
MPLADS-002046,12.95,22.32,0,0.0,0.0,0.0177,0.9247,0.2222,0.0,25.0,NORMAL_DISBURSEMENT_SCHEDULE,NONE,NONE
MPLADS-002047,4.7,7.12,0,0.0,0.0,0.0,0.9624,0.2222,0.0,0.0,NORMAL_DISBURSEMENT_SCHEDULE,NONE,NONE
MPLADS-002048,86.75,99.08,1,0.0,0.0,0.0,0.5411,0.25,0.0,0.0,ELEVATED_PAYMENT_VOLATILITY,NONE,NONE
MPLADS-002049,14.2,24.7,0,0.0,0.0,0.0,0.9784,0.2222,0.0,0.0,NORMAL_DISBURSEMENT_SCHEDULE,NONE,NONE
MPLADS-002050,67.5,89.02,0,1.0,2506000.0,0.0,0.9471,0.2222,0.0,50.0,UNVERIFIED_DISBURSEMENT_BURST,NONE,NONE
MPLADS-002051,99.62,99.98,1,1.0,1079000.0,0.0,1.0,0.2223,0.231,50.0,UNVERIFIED_DISBURSEMENT_BURST,PAYMENT_TIMING_ANOMALY,NONE
MPLADS-002052,37.62,62.4,0,0.0,0.0,0.0,0.8925,0.25,0.0,0.0,NORMAL_DISBURSEMENT_SCHEDULE,NONE,NONE
MPLADS-002053,82.84,97.84,1,0.0,0.0,0.0,0.9075,0.25,0.3466,0.0,PAYMENT_TIMING_ANOMALY,NONE,NONE
MPLADS-002054,29.04,46.4,0,0.0,0.0,0.0,0.8905,0.25,0.0,0.0,NORMAL_DISBURSEMENT_SCHEDULE,NONE,NONE
MPLADS-002055,62.92,84.78,0,0.0,0.0,0.0,0.8807,0.25,0.0,0.0,ELEVATED_PAYMENT_VOLATILITY,NONE,NONE
MPLADS-002056,60.94,83.22,0,0.0,0.0,0.0,0.9474,0.2222,0.231,0.0,PAYMENT_TIMING_ANOMALY,NONE,NONE
MPLADS-002057,2.31,3.3,0,0.0,0.0,0.0,0.8844,0.2222,0.0,0.0,NORMAL_DISBURSEMENT_SCHEDULE,NONE,NONE
MPLADS-002058,11.33,19.18,0,0.0,0.0,0.0,0.9617,0.2222,0.0,0.0,NORMAL_DISBURSEMENT_SCHEDULE,NONE,NONE
MPLADS-002059,59.72,82.6,0,0.0,0.0,0.0,1.5425,0.2222,0.0,0.0,NORMAL_DISBURSEMENT_SCHEDULE,NONE,NONE
MPLADS-002060,68.98,90.24,0,0.0,0.0,0.0,0.8645,0.25,0.0,0.0,ELEVATED_PAYMENT_VOLATILITY,NONE,NONE
MPLADS-002061,13.36,23.12,0,0.0,0.0,0.0,0.9165,0.2222,0.0,0.0,NORMAL_DISBURSEMENT_SCHEDULE,NONE,NONE
MPLADS-002062,36.76,60.86,0,0.0,0.0,0.0,0.9587,0.25,0.0,0.0,NORMAL_DISBURSEMENT_SCHEDULE,NONE,NONE
MPLADS-002063,17.17,29.68,0,0.0,0.0,0.0,0.8839,0.2222,0.0,0.0,NORMAL_DISBURSEMENT_SCHEDULE,NONE,NONE
MPLADS-002064,23.86,38.96,0,0.0,0.0,0.0,0.9455,0.2222,0.0,0.0,NORMAL_DISBURSEMENT_SCHEDULE,NONE,NONE
MPLADS-002065,18.18,31.17,0,0.0,0.0,0.0,0.8742,0.2222,0.0,0.0,NORMAL_DISBURSEMENT_SCHEDULE,NONE,NONE
MPLADS-002066,66.56,88.2,0,1.0,2001000.0,0.0,0.9501,0.2222,0.0,50.0,UNVERIFIED_DISBURSEMENT_BURST,NONE,NONE
MPLADS-002067,28.08,44.6,0,0.0,0.0,0.0,0.8746,0.2223,0.0,0.0,NORMAL_DISBURSEMENT_SCHEDULE,NONE,NONE
MPLADS-002068,52.54,78.34,0,0.0,0.0,0.0,0.8738,0.2222,0.0,0.0,NORMAL_DISBURSEMENT_SCHEDULE,NONE,NONE
MPLADS-002069,56.73,80.8,0,0.0,0.0,0.0,0.9787,0.2223,0.0,0.0,NORMAL_DISBURSEMENT_SCHEDULE,NONE,NONE
MPLADS-002070,18.03,30.94,0,0.0,0.0,0.0,0.9559,0.2222,0.0,0.0,NORMAL_DISBURSEMENT_SCHEDULE,NONE,NONE
MPLADS-002071,24.63,39.9,0,0.0,0.0,0.0,0.9098,0.2223,0.0,0.0,NORMAL_DISBURSEMENT_SCHEDULE,NONE,NONE
MPLADS-002072,5.68,8.72,0,0.0,0.0,0.0,0.9242,0.2222,0.0,0.0,NORMAL_DISBURSEMENT_SCHEDULE,NONE,NONE
MPLADS-002073,60.18,82.86,0,0.0,0.0,0.0,1.5982,0.2222,0.0,0.0,ELEVATED_PAYMENT_VOLATILITY,NONE,NONE
MPLADS-002074,9.51,15.8,0,0.0,0.0,0.0,0.892,0.2223,0.0,0.0,NORMAL_DISBURSEMENT_SCHEDULE,NONE,NONE
MPLADS-002075,35.59,58.76,0,0.0,0.0,0.0,0.962,0.25,0.0,0.0,NORMAL_DISBURSEMENT_SCHEDULE,NONE,NONE
MPLADS-002076,4.98,7.58,0,0.0,0.0,0.0,0.9094,0.2222,0.0,0.0,NORMAL_DISBURSEMENT_SCHEDULE,NONE,NONE
MPLADS-002077,12.62,21.68,0,0.0,0.0,0.0,0.9532,0.2223,0.0,0.0,NORMAL_DISBURSEMENT_SCHEDULE,NONE,NONE
MPLADS-002078,21.45,35.74,0,0.0,0.0,0.0,0.9001,0.2222,0.0,0.0,NORMAL_DISBURSEMENT_SCHEDULE,NONE,NONE
MPLADS-002079,45.78,74.0,0,0.0,0.0,0.0,0.883,0.2222,0.0,0.0,NORMAL_DISBURSEMENT_SCHEDULE,NONE,NONE
MPLADS-002080,73.8,93.12,0,1.0,1450000.0,0.1353,1.0,0.2222,0.0,75.0,UNVERIFIED_DISBURSEMENT_BURST,STATUTORY_CEILING_SMURFING,NONE
MPLADS-002081,29.67,47.58,0,0.0,0.0,0.0,0.9072,0.2222,0.0,0.0,NORMAL_DISBURSEMENT_SCHEDULE,NONE,NONE
MPLADS-002082,86.21,99.04,1,1.0,985000.0,0.0,0.8946,0.25,0.0,50.0,UNVERIFIED_DISBURSEMENT_BURST,NONE,NONE
MPLADS-002083,32.77,53.52,0,0.0,0.0,0.0,0.8939,0.25,0.0,0.0,NORMAL_DISBURSEMENT_SCHEDULE,NONE,NONE
MPLADS-002084,0.38,0.31,0,0.0,0.0,0.0,0.8915,0.2222,0.0,0.0,NORMAL_DISBURSEMENT_SCHEDULE,NONE,NONE
MPLADS-002085,11.32,19.16,0,0.0,0.0,0.0,0.8726,0.2222,0.0,0.0,NORMAL_DISBURSEMENT_SCHEDULE,NONE,NONE
MPLADS-002086,22.51,37.2,0,0.0,0.0,0.0,0.8519,0.2222,0.0,0.0,NORMAL_DISBURSEMENT_SCHEDULE,NONE,NONE
MPLADS-002087,16.19,28.02,0,0.0,0.0,0.0,0.8704,0.2222,0.0,0.0,NORMAL_DISBURSEMENT_SCHEDULE,NONE,NONE
MPLADS-002088,40.67,67.22,0,0.0,0.0,0.0,0.8609,0.2222,0.0,0.0,NORMAL_DISBURSEMENT_SCHEDULE,NONE,NONE
MPLADS-002089,35.37,58.34,0,0.0,0.0,0.0,0.9033,0.25,0.0,0.0,NORMAL_DISBURSEMENT_SCHEDULE,NONE,NONE
MPLADS-002090,35.95,59.42,0,0.0,0.0,0.0,0.9613,0.25,0.0,0.0,NORMAL_DISBURSEMENT_SCHEDULE,NONE,NONE
MPLADS-002091,44.53,72.66,0,0.0,0.0,0.0,0.8536,0.25,0.0,0.0,NORMAL_DISBURSEMENT_SCHEDULE,NONE,NONE
MPLADS-002092,13.17,22.76,0,0.0,0.0,0.0,0.9735,0.2222,0.0,0.0,NORMAL_DISBURSEMENT_SCHEDULE,NONE,NONE
MPLADS-002093,13.31,23.02,0,0.0,0.0,0.0,0.9208,0.2223,0.0,0.0,NORMAL_DISBURSEMENT_SCHEDULE,NONE,NONE
MPLADS-002094,70.7,91.32,0,0.0,0.0,0.0,0.9218,0.2222,0.231,0.0,PAYMENT_TIMING_ANOMALY,NONE,NONE
MPLADS-002095,12.23,20.9,0,0.0,0.0,0.0,0.902,0.2222,0.0,0.0,NORMAL_DISBURSEMENT_SCHEDULE,NONE,NONE
MPLADS-002096,50.78,77.38,0,0.0,0.0,0.0,0.8932,0.25,0.0,0.0,NORMAL_DISBURSEMENT_SCHEDULE,NONE,NONE
MPLADS-002097,14.93,26.0,0,0.0,0.0,0.0,0.9323,0.2223,0.0,0.0,NORMAL_DISBURSEMENT_SCHEDULE,NONE,NONE
MPLADS-002098,14.79,25.76,0,0.0,0.0,0.0,0.9441,0.2223,0.0,0.0,NORMAL_DISBURSEMENT_SCHEDULE,NONE,NONE
MPLADS-002099,81.9,97.22,1,1.0,877000.0,0.0,0.8523,0.25,0.0,50.0,UNVERIFIED_DISBURSEMENT_BURST,NONE,NONE
MPLADS-002100,35.87,59.26,0,0.0,0.0,0.0,0.8686,0.25,0.0,0.0,NORMAL_DISBURSEMENT_SCHEDULE,NONE,NONE
MPLADS-002101,29.38,47.06,0,0.0,0.0,0.0,0.8892,0.2222,0.0,0.0,NORMAL_DISBURSEMENT_SCHEDULE,NONE,NONE
MPLADS-002102,15.27,26.52,0,0.0,0.0,0.0,0.957,0.2222,0.0,0.0,NORMAL_DISBURSEMENT_SCHEDULE,NONE,NONE
MPLADS-002103,64.12,85.8,0,0.0,0.0,0.0,0.8738,0.2222,0.0,0.0,ELEVATED_PAYMENT_VOLATILITY,NONE,NONE
MPLADS-002104,42.19,69.52,0,0.0,0.0,0.0,0.9786,0.2222,0.0,0.0,NORMAL_DISBURSEMENT_SCHEDULE,NONE,NONE
MPLADS-002105,31.23,50.54,0,0.0,0.0,0.0,0.9098,0.2222,0.0,0.0,NORMAL_DISBURSEMENT_SCHEDULE,NONE,NONE
MPLADS-002106,15.87,27.5,0,0.0,0.0,0.0,0.8656,0.2222,0.0,0.0,NORMAL_DISBURSEMENT_SCHEDULE,NONE,NONE
MPLADS-002107,28.56,45.46,0,0.0,0.0,0.0,0.9115,0.2222,0.0,0.0,NORMAL_DISBURSEMENT_SCHEDULE,NONE,NONE
MPLADS-002108,8.29,13.56,0,0.0,0.0,0.0,0.9213,0.2222,0.0,0.0,NORMAL_DISBURSEMENT_SCHEDULE,NONE,NONE
MPLADS-002109,16.36,28.34,0,0.0,0.0,0.0,0.8834,0.2222,0.0,0.0,NORMAL_DISBURSEMENT_SCHEDULE,NONE,NONE
MPLADS-002110,13.93,24.22,0,0.0,0.0,0.0,0.8838,0.2223,0.0,0.0,NORMAL_DISBURSEMENT_SCHEDULE,NONE,NONE
MPLADS-002111,32.31,52.68,0,0.0,0.0,0.0,0.9579,0.25,0.0,0.0,NORMAL_DISBURSEMENT_SCHEDULE,NONE,NONE
MPLADS-002112,38.19,63.42,0,0.0,0.0,0.0,0.9675,0.25,0.0,0.0,NORMAL_DISBURSEMENT_SCHEDULE,NONE,NONE
MPLADS-002113,81.12,96.9,1,1.0,877000.0,0.0,0.9691,0.25,0.0,50.0,UNVERIFIED_DISBURSEMENT_BURST,NONE,NONE
MPLADS-002114,83.43,98.1,1,1.0,575000.0,0.0,1.0,0.25,0.0,50.0,UNVERIFIED_DISBURSEMENT_BURST,NONE,NONE
MPLADS-002115,25.33,40.8,0,0.0,0.0,0.0,0.924,0.2222,0.0,0.0,NORMAL_DISBURSEMENT_SCHEDULE,NONE,NONE
MPLADS-002116,1.73,2.4,0,0.0,0.0,0.0,0.8962,0.2222,0.0,0.0,NORMAL_DISBURSEMENT_SCHEDULE,NONE,NONE
MPLADS-002117,67.81,89.28,0,0.0,0.0,0.0,1.5256,0.2222,0.0,0.0,ELEVATED_PAYMENT_VOLATILITY,NONE,NONE
MPLADS-002118,58.73,81.96,0,0.0,0.0,0.0,0.9097,0.2222,0.231,0.0,NORMAL_DISBURSEMENT_SCHEDULE,NONE,NONE
MPLADS-002119,77.4,94.92,0,0.0,0.0,0.0,0.9498,0.2222,0.231,0.0,PAYMENT_TIMING_ANOMALY,NONE,NONE
MPLADS-002120,5.86,9.06,0,0.0,0.0,0.0,0.8867,0.2222,0.0,0.0,NORMAL_DISBURSEMENT_SCHEDULE,NONE,NONE
MPLADS-002121,26.45,42.16,0,0.0,0.0,0.0,0.933,0.2222,0.0,0.0,NORMAL_DISBURSEMENT_SCHEDULE,NONE,NONE
MPLADS-002122,51.93,77.96,0,0.0,0.0,0.0,0.9604,0.2222,0.0,0.0,NORMAL_DISBURSEMENT_SCHEDULE,NONE,NONE
MPLADS-002123,5.39,8.22,0,0.0,0.0,0.0,0.9261,0.2222,0.0,0.0,NORMAL_DISBURSEMENT_SCHEDULE,NONE,NONE
MPLADS-002124,3.04,4.4,0,0.0,0.0,0.0,0.952,0.2222,0.0,0.0,NORMAL_DISBURSEMENT_SCHEDULE,NONE,NONE
MPLADS-002125,65.06,86.76,0,0.0,0.0,0.3546,0.9221,0.2222,0.0,50.0,STATUTORY_CEILING_SMURFING,ROUND_NUMBER_DISBURSEMENT_CONCENTRATION,NONE
MPLADS-002126,60.14,82.82,0,0.0,0.0,0.6065,1.3722,0.2222,0.0,25.0,STATUTORY_CEILING_SMURFING,NONE,NONE
MPLADS-002127,32.03,52.16,0,0.0,0.0,0.0,0.9292,0.25,0.0,0.0,NORMAL_DISBURSEMENT_SCHEDULE,NONE,NONE
MPLADS-002128,17.51,30.16,0,0.0,0.0,0.0,0.9723,0.2222,0.0,0.0,NORMAL_DISBURSEMENT_SCHEDULE,NONE,NONE
MPLADS-002129,85.88,98.94,1,0.0,0.0,0.0,0.9363,0.25,0.3466,0.0,PAYMENT_TIMING_ANOMALY,NONE,NONE
MPLADS-002130,37.64,62.44,0,0.0,0.0,0.0,0.9471,0.25,0.0,0.0,NORMAL_DISBURSEMENT_SCHEDULE,NONE,NONE
MPLADS-002131,65.35,87.06,0,0.0,0.0,0.0,0.9646,0.25,0.0,0.0,ELEVATED_PAYMENT_VOLATILITY,NONE,NONE
MPLADS-002132,41.71,68.72,0,0.0,0.0,0.0,0.9753,0.2222,0.0,0.0,NORMAL_DISBURSEMENT_SCHEDULE,NONE,NONE
MPLADS-002133,70.83,91.4,0,1.0,1528000.0,0.0,0.9277,0.2222,0.0,50.0,UNVERIFIED_DISBURSEMENT_BURST,NONE,NONE
MPLADS-002134,28.64,45.62,0,0.0,0.0,0.0,0.9138,0.2222,0.0,0.0,NORMAL_DISBURSEMENT_SCHEDULE,NONE,NONE
MPLADS-002135,65.12,86.84,0,1.0,1532000.0,0.0,0.919,0.2223,0.0,50.0,UNVERIFIED_DISBURSEMENT_BURST,NONE,NONE
MPLADS-002136,16.44,28.48,0,0.0,0.0,0.0,0.9477,0.2223,0.0,0.0,NORMAL_DISBURSEMENT_SCHEDULE,NONE,NONE
MPLADS-002137,33.55,54.92,0,0.0,0.0,0.0,0.8602,0.2222,0.0,0.0,NORMAL_DISBURSEMENT_SCHEDULE,NONE,NONE
MPLADS-002138,58.52,81.8,0,0.0,0.0,0.0,0.9749,0.2222,0.0,25.0,NORMAL_DISBURSEMENT_SCHEDULE,NONE,NONE
MPLADS-002139,38.94,64.7,0,0.0,0.0,0.0,0.9018,0.25,0.0,0.0,NORMAL_DISBURSEMENT_SCHEDULE,NONE,NONE
MPLADS-002140,10.61,17.88,0,0.0,0.0,0.0,0.8614,0.2222,0.0,0.0,NORMAL_DISBURSEMENT_SCHEDULE,NONE,NONE
MPLADS-002141,30.6,49.32,0,0.0,0.0,0.0,0.8983,0.25,0.0,0.0,NORMAL_DISBURSEMENT_SCHEDULE,NONE,NONE
MPLADS-002142,26.12,41.7,0,0.0,0.0,0.0177,0.8909,0.2222,0.0,25.0,NORMAL_DISBURSEMENT_SCHEDULE,NONE,NONE
MPLADS-002143,48.01,75.82,0,0.0,0.0,0.4184,0.9401,0.2222,0.0,25.0,NORMAL_DISBURSEMENT_SCHEDULE,NONE,NONE
MPLADS-002144,24.75,40.02,0,0.0,0.0,0.0,0.9716,0.2222,0.0,0.0,NORMAL_DISBURSEMENT_SCHEDULE,NONE,NONE
MPLADS-002145,26.61,42.4,0,0.0,0.0,0.3753,0.8673,0.2222,0.0,25.0,NORMAL_DISBURSEMENT_SCHEDULE,NONE,NONE
MPLADS-002146,35.36,58.32,0,0.0,0.0,0.0,0.9523,0.25,0.0,0.0,NORMAL_DISBURSEMENT_SCHEDULE,NONE,NONE
MPLADS-002147,14.92,25.98,0,0.0,0.0,0.0,0.9259,0.2223,0.0,0.0,NORMAL_DISBURSEMENT_SCHEDULE,NONE,NONE
MPLADS-002148,21.93,36.4,0,0.0,0.0,0.0,0.9623,0.2222,0.0,0.0,NORMAL_DISBURSEMENT_SCHEDULE,NONE,NONE
MPLADS-002149,18.12,31.06,0,0.0,0.0,0.0,0.8524,0.2222,0.0,0.0,NORMAL_DISBURSEMENT_SCHEDULE,NONE,NONE
MPLADS-002150,34.89,57.44,0,0.0,0.0,0.0,0.8989,0.2222,0.0,0.0,NORMAL_DISBURSEMENT_SCHEDULE,NONE,NONE
MPLADS-002151,71.71,92.0,0,0.0,0.0,0.4498,0.9276,0.2222,0.0,25.0,STATUTORY_CEILING_SMURFING,NONE,NONE
MPLADS-002152,37.53,62.22,0,0.0,0.0,0.0,0.9404,0.2222,0.0,0.0,NORMAL_DISBURSEMENT_SCHEDULE,NONE,NONE
MPLADS-002153,76.19,94.16,0,0.0,0.0,0.0,0.8845,0.2222,0.0,0.0,ELEVATED_PAYMENT_VOLATILITY,NONE,NONE
MPLADS-002154,63.98,85.68,0,0.0,0.0,0.0,0.9408,0.2222,0.231,0.0,PAYMENT_TIMING_ANOMALY,NONE,NONE
MPLADS-002155,35.02,57.7,0,0.0,0.0,0.0,0.9639,0.25,0.0,0.0,NORMAL_DISBURSEMENT_SCHEDULE,NONE,NONE
MPLADS-002156,44.55,72.68,0,0.0,0.0,0.0,0.9602,0.2222,0.0,0.0,NORMAL_DISBURSEMENT_SCHEDULE,NONE,NONE
MPLADS-002157,34.84,57.34,0,0.0,0.0,0.0,0.8725,0.2222,0.0,0.0,NORMAL_DISBURSEMENT_SCHEDULE,NONE,NONE
MPLADS-002158,63.53,85.34,0,1.0,2727000.0,0.0,0.874,0.2222,0.0,50.0,UNVERIFIED_DISBURSEMENT_BURST,NONE,NONE
MPLADS-002159,43.32,71.06,0,0.0,0.0,0.0,0.851,0.25,0.0,0.0,NORMAL_DISBURSEMENT_SCHEDULE,NONE,NONE
MPLADS-002160,6.98,11.06,0,0.0,0.0,0.0,0.9348,0.2222,0.0,0.0,NORMAL_DISBURSEMENT_SCHEDULE,NONE,NONE
MPLADS-002161,26.86,42.76,0,0.0,0.0,0.4184,0.8995,0.2222,0.0,25.0,NORMAL_DISBURSEMENT_SCHEDULE,NONE,NONE
MPLADS-002162,44.87,72.96,0,0.0,0.0,0.0,0.95,0.2222,0.0,0.0,NORMAL_DISBURSEMENT_SCHEDULE,NONE,NONE
MPLADS-002163,57.51,81.26,0,0.0,0.0,0.0,0.9535,0.2222,0.0,25.0,NORMAL_DISBURSEMENT_SCHEDULE,NONE,NONE
MPLADS-002164,42.5,69.96,0,0.0,0.0,0.0,0.9324,0.2222,0.0,0.0,NORMAL_DISBURSEMENT_SCHEDULE,NONE,NONE
MPLADS-002165,8.05,13.06,0,0.0,0.0,0.0,0.8969,0.2222,0.0,0.0,NORMAL_DISBURSEMENT_SCHEDULE,NONE,NONE
MPLADS-002166,54.41,79.4,0,0.0,0.0,0.0,1.3836,0.2222,0.0,0.0,NORMAL_DISBURSEMENT_SCHEDULE,NONE,NONE
MPLADS-002167,26.48,42.22,0,0.0,0.0,0.0,0.886,0.2223,0.0,0.0,NORMAL_DISBURSEMENT_SCHEDULE,NONE,NONE
MPLADS-002168,2.14,3.04,0,0.0,0.0,0.0,0.9353,0.2222,0.0,0.0,NORMAL_DISBURSEMENT_SCHEDULE,NONE,NONE
MPLADS-002169,41.35,68.22,0,0.0,0.0,0.0,0.8626,0.25,0.0,0.0,NORMAL_DISBURSEMENT_SCHEDULE,NONE,NONE
MPLADS-002170,37.06,61.42,0,0.0,0.0,0.0,0.8728,0.2222,0.0,0.0,NORMAL_DISBURSEMENT_SCHEDULE,NONE,NONE
MPLADS-002171,41.27,68.12,0,0.0,0.0,0.0,0.8796,0.25,0.0,0.0,NORMAL_DISBURSEMENT_SCHEDULE,NONE,NONE
MPLADS-002172,11.3,19.14,0,0.0,0.0,0.0,0.9425,0.2223,0.0,0.0,NORMAL_DISBURSEMENT_SCHEDULE,NONE,NONE
MPLADS-002173,19.41,33.04,0,0.0,0.0,0.0,0.8682,0.2222,0.0,0.0,NORMAL_DISBURSEMENT_SCHEDULE,NONE,NONE
MPLADS-002174,8.17,13.32,0,0.0,0.0,0.0,0.9164,0.2223,0.0,0.0,NORMAL_DISBURSEMENT_SCHEDULE,NONE,NONE
MPLADS-002175,64.45,86.16,0,1.0,1194000.0,0.0,0.966,0.2222,0.0,50.0,UNVERIFIED_DISBURSEMENT_BURST,NONE,NONE
MPLADS-002176,29.73,47.7,0,0.0,0.0,0.0,0.9415,0.2222,0.0,0.0,NORMAL_DISBURSEMENT_SCHEDULE,NONE,NONE
MPLADS-002177,9.61,15.98,0,0.0,0.0,0.0,0.8519,0.2222,0.0,0.0,NORMAL_DISBURSEMENT_SCHEDULE,NONE,NONE
MPLADS-002178,13.33,23.06,0,0.0,0.0,0.0,0.8823,0.2223,0.0,0.0,NORMAL_DISBURSEMENT_SCHEDULE,NONE,NONE
MPLADS-002179,27.25,43.34,0,0.0,0.0,0.0,0.8525,0.2223,0.0,0.0,NORMAL_DISBURSEMENT_SCHEDULE,NONE,NONE
MPLADS-002180,28.86,46.04,0,0.0,0.0,0.0,0.9198,0.25,0.0,0.0,NORMAL_DISBURSEMENT_SCHEDULE,NONE,NONE
MPLADS-002181,6.77,10.68,0,0.0,0.0,0.0,0.9373,0.2222,0.0,0.0,NORMAL_DISBURSEMENT_SCHEDULE,NONE,NONE
MPLADS-002182,11.42,19.38,0,0.0,0.0,0.0,0.9733,0.2222,0.0,0.0,NORMAL_DISBURSEMENT_SCHEDULE,NONE,NONE
MPLADS-002183,62.91,84.76,0,0.0,0.0,0.0,0.8997,0.2223,0.231,0.0,PAYMENT_TIMING_ANOMALY,NONE,NONE
MPLADS-002184,76.39,94.32,0,1.0,2160000.0,0.1465,0.8813,0.2222,0.0,75.0,UNVERIFIED_DISBURSEMENT_BURST,STATUTORY_CEILING_SMURFING,NONE
MPLADS-002185,4.19,6.3,0,0.0,0.0,0.0,0.8646,0.2222,0.0,0.0,NORMAL_DISBURSEMENT_SCHEDULE,NONE,NONE
MPLADS-002186,29.19,46.66,0,0.0,0.0,0.0,0.9365,0.25,0.0,0.0,NORMAL_DISBURSEMENT_SCHEDULE,NONE,NONE
MPLADS-002187,31.63,51.38,0,0.0,0.0,0.4184,0.8764,0.2222,0.0,25.0,NORMAL_DISBURSEMENT_SCHEDULE,NONE,NONE
MPLADS-002188,16.23,28.1,0,0.0,0.0,0.0,0.8589,0.2222,0.0,0.0,NORMAL_DISBURSEMENT_SCHEDULE,NONE,NONE
MPLADS-002189,40.77,67.38,0,0.0,0.0,0.0,0.9795,0.25,0.0,0.0,NORMAL_DISBURSEMENT_SCHEDULE,NONE,NONE
MPLADS-002190,28.94,46.18,0,0.0,0.0,0.0,0.949,0.2222,0.0,0.0,NORMAL_DISBURSEMENT_SCHEDULE,NONE,NONE
MPLADS-002191,39.07,64.92,0,0.0,0.0,0.0,0.8621,0.2222,0.0,0.0,NORMAL_DISBURSEMENT_SCHEDULE,NONE,NONE
MPLADS-002192,66.36,88.08,0,0.0,0.0,0.0,1.5814,0.2222,0.0,0.0,ELEVATED_PAYMENT_VOLATILITY,NONE,NONE
MPLADS-002193,11.27,19.06,0,0.0,0.0,0.0,0.9633,0.2222,0.0,0.0,NORMAL_DISBURSEMENT_SCHEDULE,NONE,NONE
MPLADS-002194,85.07,98.82,1,0.0,0.0,0.0945,0.9492,0.2222,0.231,25.0,STATUTORY_CEILING_SMURFING,PAYMENT_TIMING_ANOMALY,NONE
MPLADS-002195,36.48,60.34,0,0.0,0.0,0.0,0.8646,0.2222,0.0,0.0,NORMAL_DISBURSEMENT_SCHEDULE,NONE,NONE
MPLADS-002196,21.99,36.48,0,0.0,0.0,0.0,0.9494,0.2222,0.0,0.0,NORMAL_DISBURSEMENT_SCHEDULE,NONE,NONE
MPLADS-002197,40.85,67.5,0,0.0,0.0,0.0,0.852,0.2222,0.0,0.0,NORMAL_DISBURSEMENT_SCHEDULE,NONE,NONE
MPLADS-002198,9.4,15.6,0,0.0,0.0,0.0,0.9625,0.2222,0.0,0.0,NORMAL_DISBURSEMENT_SCHEDULE,NONE,NONE
MPLADS-002199,35.66,58.88,0,0.0,0.0,0.0,0.9536,0.25,0.0,0.0,NORMAL_DISBURSEMENT_SCHEDULE,NONE,NONE
MPLADS-002200,28.31,45.0,0,0.0,0.0,0.0,0.8524,0.2222,0.0,0.0,NORMAL_DISBURSEMENT_SCHEDULE,NONE,NONE
MPLADS-002201,41.52,68.48,0,0.0,0.0,0.0,0.9159,0.2222,0.0,0.0,NORMAL_DISBURSEMENT_SCHEDULE,NONE,NONE
MPLADS-002202,53.08,78.68,0,0.0,0.0,0.0,1.3856,0.2222,0.0,0.0,NORMAL_DISBURSEMENT_SCHEDULE,NONE,NONE
MPLADS-002203,35.94,59.4,0,0.0,0.0,0.0,0.9027,0.2222,0.0,0.0,NORMAL_DISBURSEMENT_SCHEDULE,NONE,NONE
MPLADS-002204,29.97,48.14,0,0.0,0.0,0.1353,0.8634,0.2222,0.0,25.0,NORMAL_DISBURSEMENT_SCHEDULE,NONE,NONE
MPLADS-002205,20.14,34.04,0,0.0,0.0,0.0,0.9595,0.2222,0.0,0.0,NORMAL_DISBURSEMENT_SCHEDULE,NONE,NONE
MPLADS-002206,39.9,66.16,0,0.0,0.0,0.0,0.952,0.2222,0.0,0.0,NORMAL_DISBURSEMENT_SCHEDULE,NONE,NONE
MPLADS-002207,26.37,42.04,0,0.0,0.0,0.0,0.9014,0.25,0.0,0.0,NORMAL_DISBURSEMENT_SCHEDULE,NONE,NONE
MPLADS-002208,25.83,41.34,0,0.0,0.0,0.0,0.8769,0.2222,0.0,0.0,NORMAL_DISBURSEMENT_SCHEDULE,NONE,NONE
MPLADS-002209,51.47,77.76,0,0.0,0.0,0.0,0.9686,0.2223,0.0,0.0,NORMAL_DISBURSEMENT_SCHEDULE,NONE,NONE
MPLADS-002210,26.32,41.96,0,0.0,0.0,0.0,0.9453,0.2222,0.0,0.0,NORMAL_DISBURSEMENT_SCHEDULE,NONE,NONE
MPLADS-002211,47.51,75.38,0,0.0,0.0,0.0,0.8596,0.2222,0.0,0.0,NORMAL_DISBURSEMENT_SCHEDULE,NONE,NONE
MPLADS-002212,66.48,88.14,0,0.0,0.0,0.0,0.8719,0.2222,0.231,0.0,PAYMENT_TIMING_ANOMALY,NONE,NONE
MPLADS-002213,45.62,73.82,0,0.0,0.0,0.0,0.8678,0.2222,0.0,0.0,NORMAL_DISBURSEMENT_SCHEDULE,NONE,NONE
MPLADS-002214,18.84,32.24,0,0.0,0.0,0.0,0.8876,0.2223,0.0,0.0,NORMAL_DISBURSEMENT_SCHEDULE,NONE,NONE
MPLADS-002215,74.32,93.28,0,1.0,2936000.0,0.0,1.0,0.2222,0.0,50.0,UNVERIFIED_DISBURSEMENT_BURST,NONE,NONE
MPLADS-002216,43.57,71.42,0,0.0,0.0,0.0,0.8513,0.25,0.0,0.0,NORMAL_DISBURSEMENT_SCHEDULE,NONE,NONE
MPLADS-002217,36.77,60.88,0,0.0,0.0,0.0,0.9541,0.25,0.0,0.0,NORMAL_DISBURSEMENT_SCHEDULE,NONE,NONE
MPLADS-002218,8.08,13.12,0,0.0,0.0,0.0,0.8808,0.2222,0.0,0.0,NORMAL_DISBURSEMENT_SCHEDULE,NONE,NONE
MPLADS-002219,83.06,97.94,1,1.0,11143000.0,0.0,1.0,0.2222,0.0,50.0,UNVERIFIED_DISBURSEMENT_BURST,NONE,NONE
MPLADS-002220,48.14,75.92,0,0.0,0.0,0.8148,0.975,0.2222,0.0,25.0,NORMAL_DISBURSEMENT_SCHEDULE,NONE,NONE
MPLADS-002221,17.1,29.56,0,0.0,0.0,0.0,0.8685,0.2222,0.0,0.0,NORMAL_DISBURSEMENT_SCHEDULE,NONE,NONE
MPLADS-002222,22.67,37.42,0,0.0,0.0,0.0,0.8837,0.2222,0.0,0.0,NORMAL_DISBURSEMENT_SCHEDULE,NONE,NONE
MPLADS-002223,11.45,19.44,0,0.0,0.0,0.0,0.9044,0.2222,0.0,0.0,NORMAL_DISBURSEMENT_SCHEDULE,NONE,NONE
MPLADS-002224,4.78,7.26,0,0.0,0.0,0.0,0.8705,0.2222,0.0,0.0,NORMAL_DISBURSEMENT_SCHEDULE,NONE,NONE
MPLADS-002225,19.27,32.82,0,0.0,0.0,0.0,0.8759,0.2222,0.0,0.0,NORMAL_DISBURSEMENT_SCHEDULE,NONE,NONE
MPLADS-002226,9.25,15.34,0,0.0,0.0,0.0,0.974,0.2222,0.0,0.0,NORMAL_DISBURSEMENT_SCHEDULE,NONE,NONE
MPLADS-002227,29.22,46.72,0,0.0,0.0,0.0,0.893,0.2222,0.0,0.0,NORMAL_DISBURSEMENT_SCHEDULE,NONE,NONE
MPLADS-002228,55.31,79.9,0,0.0,0.0,0.0,0.9346,0.2223,0.0,0.0,NORMAL_DISBURSEMENT_SCHEDULE,NONE,NONE
MPLADS-002229,36.9,61.12,0,0.0,0.0,0.0,0.9458,0.25,0.0,0.0,NORMAL_DISBURSEMENT_SCHEDULE,NONE,NONE
MPLADS-002230,33.01,53.94,0,0.0,0.0,0.0,0.851,0.2223,0.0,0.0,NORMAL_DISBURSEMENT_SCHEDULE,NONE,NONE
MPLADS-002231,29.32,46.92,0,0.0,0.0,0.0,0.9008,0.2222,0.0,25.0,NORMAL_DISBURSEMENT_SCHEDULE,NONE,NONE
MPLADS-002232,5.75,8.84,0,0.0,0.0,0.0,0.9575,0.2222,0.0,0.0,NORMAL_DISBURSEMENT_SCHEDULE,NONE,NONE
MPLADS-002233,13.69,23.72,0,0.0,0.0,0.0,0.9342,0.2223,0.0,0.0,NORMAL_DISBURSEMENT_SCHEDULE,NONE,NONE
MPLADS-002234,81.41,97.02,1,1.0,820000.0,0.0,1.0,0.25,0.0,50.0,UNVERIFIED_DISBURSEMENT_BURST,NONE,NONE
MPLADS-002235,25.15,40.56,0,0.0,0.0,0.0,0.8644,0.2222,0.0,0.0,NORMAL_DISBURSEMENT_SCHEDULE,NONE,NONE
MPLADS-002236,18.42,31.58,0,0.0,0.0,0.0,0.8553,0.2222,0.0,0.0,NORMAL_DISBURSEMENT_SCHEDULE,NONE,NONE
MPLADS-002237,26.5,42.24,0,0.0,0.0,0.0,0.9539,0.2223,0.0,0.0,NORMAL_DISBURSEMENT_SCHEDULE,NONE,NONE
MPLADS-002238,69.25,90.46,0,1.0,3129000.0,0.0,0.9062,0.2222,0.0,50.0,UNVERIFIED_DISBURSEMENT_BURST,NONE,NONE
MPLADS-002239,61.75,83.76,0,1.0,3008000.0,0.0,0.9561,0.2222,0.0,50.0,UNVERIFIED_DISBURSEMENT_BURST,NONE,NONE
MPLADS-002240,67.94,89.36,0,0.0,0.0,0.0,1.5066,0.2222,0.0,0.0,ELEVATED_PAYMENT_VOLATILITY,NONE,NONE
MPLADS-002241,10.71,18.06,0,0.0,0.0,0.0,0.9114,0.2222,0.0,0.0,NORMAL_DISBURSEMENT_SCHEDULE,NONE,NONE
MPLADS-002242,28.27,44.96,0,0.0,0.0,0.0,0.9086,0.25,0.0,0.0,NORMAL_DISBURSEMENT_SCHEDULE,NONE,NONE
MPLADS-002243,51.95,78.0,0,0.0,0.0,0.0,0.9308,0.2223,0.0,0.0,NORMAL_DISBURSEMENT_SCHEDULE,NONE,NONE
MPLADS-002244,7.76,12.54,0,0.0,0.0,0.0,0.8944,0.2222,0.0,0.0,NORMAL_DISBURSEMENT_SCHEDULE,NONE,NONE
MPLADS-002245,61.65,83.66,0,0.0,0.0,0.0,0.9216,0.2222,0.231,0.0,PAYMENT_TIMING_ANOMALY,NONE,NONE
MPLADS-002246,77.62,95.08,1,1.0,771000.0,0.0,0.9113,0.25,0.0,50.0,UNVERIFIED_DISBURSEMENT_BURST,NONE,NONE
MPLADS-002247,14.49,25.2,0,0.0,0.0,0.0,0.9537,0.2222,0.0,0.0,NORMAL_DISBURSEMENT_SCHEDULE,NONE,NONE
MPLADS-002248,30.0,48.2,0,0.0,0.0,0.0,0.8601,0.2222,0.0,0.0,NORMAL_DISBURSEMENT_SCHEDULE,NONE,NONE
MPLADS-002249,79.48,96.04,1,1.0,439000.0,0.0,0.9033,0.25,0.0,50.0,UNVERIFIED_DISBURSEMENT_BURST,NONE,NONE
MPLADS-002250,36.51,60.38,0,0.0,0.0,0.0,0.9679,0.25,0.0,0.0,NORMAL_DISBURSEMENT_SCHEDULE,NONE,NONE
MPLADS-002251,22.64,37.38,0,0.0,0.0,0.0,0.897,0.2222,0.0,0.0,NORMAL_DISBURSEMENT_SCHEDULE,NONE,NONE
MPLADS-002252,34.0,55.8,0,0.0,0.0,0.0,0.8828,0.25,0.0,0.0,NORMAL_DISBURSEMENT_SCHEDULE,NONE,NONE
MPLADS-002253,53.88,79.14,0,0.0,0.0,0.0,1.4051,0.2222,0.0,0.0,NORMAL_DISBURSEMENT_SCHEDULE,NONE,NONE
MPLADS-002254,32.3,52.66,0,0.0,0.0,0.0,0.9304,0.25,0.0,0.0,NORMAL_DISBURSEMENT_SCHEDULE,NONE,NONE
MPLADS-002255,30.47,49.06,0,0.0,0.0,0.0,0.9139,0.25,0.0,0.0,NORMAL_DISBURSEMENT_SCHEDULE,NONE,NONE
MPLADS-002256,43.08,70.72,0,0.0,0.0,0.0,0.9772,0.25,0.0,0.0,NORMAL_DISBURSEMENT_SCHEDULE,NONE,NONE
MPLADS-002257,0.24,0.18,0,0.0,0.0,0.0,0.9303,0.2222,0.0,0.0,NORMAL_DISBURSEMENT_SCHEDULE,NONE,NONE
MPLADS-002258,11.26,19.04,0,0.0,0.0,0.0,0.9655,0.2222,0.0,0.0,NORMAL_DISBURSEMENT_SCHEDULE,NONE,NONE
MPLADS-002259,5.3,8.1,0,0.0,0.0,0.0,0.8669,0.2222,0.0,0.0,NORMAL_DISBURSEMENT_SCHEDULE,NONE,NONE
MPLADS-002260,11.15,18.84,0,0.0,0.0,0.0,0.9685,0.2222,0.0,0.0,NORMAL_DISBURSEMENT_SCHEDULE,NONE,NONE
MPLADS-002261,68.52,89.9,0,1.0,2249000.0,0.0,0.8809,0.2222,0.0,50.0,UNVERIFIED_DISBURSEMENT_BURST,NONE,NONE
MPLADS-002262,28.45,45.28,0,0.0,0.0,0.0,0.9386,0.2222,0.0,0.0,NORMAL_DISBURSEMENT_SCHEDULE,NONE,NONE
MPLADS-002263,24.7,39.96,0,0.0,0.0,0.0,0.9108,0.2223,0.0,0.0,NORMAL_DISBURSEMENT_SCHEDULE,NONE,NONE
MPLADS-002264,43.33,71.08,0,0.0,0.0,0.4408,0.9455,0.2223,0.0,25.0,NORMAL_DISBURSEMENT_SCHEDULE,NONE,NONE
MPLADS-002265,37.24,61.72,0,0.0,0.0,0.0,0.8666,0.25,0.0,0.0,NORMAL_DISBURSEMENT_SCHEDULE,NONE,NONE
MPLADS-002266,15.99,27.72,0,0.0,0.0,0.0,0.9587,0.2222,0.0,0.0,NORMAL_DISBURSEMENT_SCHEDULE,NONE,NONE
MPLADS-002267,62.86,84.72,0,0.0,0.0,0.0,0.8874,0.2222,0.231,0.0,PAYMENT_TIMING_ANOMALY,NONE,NONE
MPLADS-002268,11.43,19.4,0,0.0,0.0,0.0125,0.8675,0.2222,0.0,25.0,NORMAL_DISBURSEMENT_SCHEDULE,NONE,NONE
MPLADS-002269,75.15,93.64,0,1.0,1093000.0,0.0,1.0,0.2222,0.0,50.0,UNVERIFIED_DISBURSEMENT_BURST,NONE,NONE
MPLADS-002270,31.6,51.32,0,0.0,0.0,0.0,0.9593,0.25,0.0,0.0,NORMAL_DISBURSEMENT_SCHEDULE,NONE,NONE
MPLADS-002271,50.86,77.44,0,0.0,0.0,0.0,1.2706,0.2222,0.0,0.0,NORMAL_DISBURSEMENT_SCHEDULE,NONE,NONE
MPLADS-002272,41.62,68.58,0,0.0,0.0,0.0,0.9397,0.25,0.0,0.0,NORMAL_DISBURSEMENT_SCHEDULE,NONE,NONE
MPLADS-002273,80.16,96.38,1,1.0,390000.0,0.0,0.8784,0.25,0.0,50.0,UNVERIFIED_DISBURSEMENT_BURST,NONE,NONE
MPLADS-002274,80.28,96.48,1,1.0,386000.0,0.0,0.8998,0.25,0.0,50.0,UNVERIFIED_DISBURSEMENT_BURST,NONE,NONE
MPLADS-002275,24.79,40.08,0,0.0,0.0,0.0,0.8525,0.2222,0.0,0.0,NORMAL_DISBURSEMENT_SCHEDULE,NONE,NONE
MPLADS-002276,67.58,89.08,0,1.0,2041000.0,0.0,0.8909,0.2222,0.0,50.0,UNVERIFIED_DISBURSEMENT_BURST,NONE,NONE
MPLADS-002277,24.66,39.94,0,0.0,0.0,0.0,0.9294,0.2222,0.0,0.0,NORMAL_DISBURSEMENT_SCHEDULE,NONE,NONE
MPLADS-002278,10.74,18.12,0,0.0,0.0,0.0,0.8905,0.2223,0.0,0.0,NORMAL_DISBURSEMENT_SCHEDULE,NONE,NONE
MPLADS-002279,9.75,16.22,0,0.0,0.0,0.0,0.9645,0.2222,0.0,0.0,NORMAL_DISBURSEMENT_SCHEDULE,NONE,NONE
MPLADS-002280,32.97,53.9,0,0.0,0.0,0.0,0.8749,0.25,0.0,0.0,NORMAL_DISBURSEMENT_SCHEDULE,NONE,NONE
MPLADS-002281,68.04,89.46,0,0.0,0.0,0.0,0.97,0.2223,0.231,0.0,PAYMENT_TIMING_ANOMALY,NONE,NONE
MPLADS-002282,11.21,18.94,0,0.0,0.0,0.0,0.88,0.2222,0.0,0.0,NORMAL_DISBURSEMENT_SCHEDULE,NONE,NONE
MPLADS-002283,26.89,42.82,0,0.0,0.0,0.0,0.9487,0.2223,0.0,0.0,NORMAL_DISBURSEMENT_SCHEDULE,NONE,NONE
MPLADS-002284,28.01,44.5,0,0.0,0.0,0.0,0.8733,0.2223,0.0,0.0,NORMAL_DISBURSEMENT_SCHEDULE,NONE,NONE
MPLADS-002285,26.41,42.1,0,0.0,0.0,0.0,0.8741,0.2222,0.0,0.0,NORMAL_DISBURSEMENT_SCHEDULE,NONE,NONE
MPLADS-002286,16.58,28.7,0,0.0,0.0,0.0,0.9793,0.2222,0.0,0.0,NORMAL_DISBURSEMENT_SCHEDULE,NONE,NONE
MPLADS-002287,17.79,30.6,0,0.0,0.0,0.0,0.8667,0.2222,0.0,0.0,NORMAL_DISBURSEMENT_SCHEDULE,NONE,NONE
MPLADS-002288,18.78,32.14,0,0.0,0.0,0.0,0.9438,0.2222,0.0,0.0,NORMAL_DISBURSEMENT_SCHEDULE,NONE,NONE
MPLADS-002289,55.78,80.18,0,0.0,0.0,0.0,0.8964,0.25,0.0,0.0,NORMAL_DISBURSEMENT_SCHEDULE,NONE,NONE
MPLADS-002290,54.99,79.62,0,0.0,0.0,0.0,0.9262,0.2222,0.0,0.0,NORMAL_DISBURSEMENT_SCHEDULE,NONE,NONE
MPLADS-002291,11.51,19.56,0,0.0,0.0,0.0,0.872,0.2222,0.0,0.0,NORMAL_DISBURSEMENT_SCHEDULE,NONE,NONE
MPLADS-002292,4.97,7.56,0,0.0,0.0,0.0,0.9537,0.2222,0.0,0.0,NORMAL_DISBURSEMENT_SCHEDULE,NONE,NONE
MPLADS-002293,17.48,30.12,0,0.0,0.0,0.1353,0.9151,0.2222,0.0,25.0,NORMAL_DISBURSEMENT_SCHEDULE,NONE,NONE
MPLADS-002294,40.06,66.4,0,0.0,0.0,0.0,0.9095,0.2222,0.0,0.0,NORMAL_DISBURSEMENT_SCHEDULE,NONE,NONE
MPLADS-002295,22.76,37.5,0,0.0,0.0,0.0,0.8516,0.2222,0.0,0.0,NORMAL_DISBURSEMENT_SCHEDULE,NONE,NONE
MPLADS-002296,63.51,85.32,0,0.0,0.0,0.0,1.3325,0.25,0.0,0.0,ELEVATED_PAYMENT_VOLATILITY,NONE,NONE
MPLADS-002297,28.68,45.68,0,0.0,0.0,0.0,0.9393,0.25,0.0,0.0,NORMAL_DISBURSEMENT_SCHEDULE,NONE,NONE
MPLADS-002298,21.83,36.28,0,0.0,0.0,0.0,0.9359,0.2222,0.0,0.0,NORMAL_DISBURSEMENT_SCHEDULE,NONE,NONE
MPLADS-002299,12.51,21.46,0,0.0,0.0,0.0,0.9247,0.2223,0.0,0.0,NORMAL_DISBURSEMENT_SCHEDULE,NONE,NONE
MPLADS-002300,14.14,24.58,0,0.0,0.0,0.0,0.9774,0.2222,0.0,0.0,NORMAL_DISBURSEMENT_SCHEDULE,NONE,NONE
MPLADS-002301,8.67,14.28,0,0.0,0.0,0.0,0.8718,0.2222,0.0,0.0,NORMAL_DISBURSEMENT_SCHEDULE,NONE,NONE
MPLADS-002302,36.37,60.14,0,0.0,0.0,0.0,0.8713,0.25,0.0,0.0,NORMAL_DISBURSEMENT_SCHEDULE,NONE,NONE
MPLADS-002303,15.93,27.62,0,0.0,0.0,0.0,0.8609,0.2222,0.0,0.0,NORMAL_DISBURSEMENT_SCHEDULE,NONE,NONE
MPLADS-002304,65.7,87.4,0,1.0,1552000.0,0.0,0.9792,0.2222,0.0,50.0,UNVERIFIED_DISBURSEMENT_BURST,NONE,NONE
MPLADS-002305,43.16,70.86,0,0.0,0.0,0.0,0.8533,0.25,0.0,0.0,NORMAL_DISBURSEMENT_SCHEDULE,NONE,NONE
MPLADS-002306,34.49,56.66,0,0.0,0.0,0.0,0.882,0.2222,0.0,0.0,NORMAL_DISBURSEMENT_SCHEDULE,NONE,NONE
MPLADS-002307,12.52,21.48,0,0.0,0.0,0.0,0.9029,0.2223,0.0,0.0,NORMAL_DISBURSEMENT_SCHEDULE,NONE,NONE
MPLADS-002308,13.92,24.2,0,0.0,0.0,0.0,0.8877,0.2222,0.0,0.0,NORMAL_DISBURSEMENT_SCHEDULE,NONE,NONE
MPLADS-002309,41.3,68.16,0,0.0,0.0,0.0,0.8598,0.25,0.0,0.0,NORMAL_DISBURSEMENT_SCHEDULE,NONE,NONE
MPLADS-002310,26.91,42.86,0,0.0,0.0,0.0,0.8742,0.2223,0.0,0.0,NORMAL_DISBURSEMENT_SCHEDULE,NONE,NONE
MPLADS-002311,52.28,78.24,0,0.0,0.0,0.0,0.8674,0.2222,0.0,0.0,NORMAL_DISBURSEMENT_SCHEDULE,NONE,NONE
MPLADS-002312,78.04,95.32,1,0.0,0.0,0.0,0.9063,0.2222,0.231,0.0,PAYMENT_TIMING_ANOMALY,NONE,NONE
MPLADS-002313,3.19,4.66,0,0.0,0.0,0.0,0.9109,0.2222,0.0,0.0,NORMAL_DISBURSEMENT_SCHEDULE,NONE,NONE
MPLADS-002314,4.73,7.18,0,0.0,0.0,0.0,0.9177,0.2222,0.0,0.0,NORMAL_DISBURSEMENT_SCHEDULE,NONE,NONE
MPLADS-002315,28.31,45.02,0,0.0,0.0,0.0,0.9387,0.25,0.0,0.0,NORMAL_DISBURSEMENT_SCHEDULE,NONE,NONE
MPLADS-002316,68.53,89.92,0,0.0,0.0,0.0,1.591,0.2222,0.0,0.0,ELEVATED_PAYMENT_VOLATILITY,NONE,NONE
MPLADS-002317,35.35,58.3,0,0.0,0.0,0.0,0.879,0.25,0.0,0.0,NORMAL_DISBURSEMENT_SCHEDULE,NONE,NONE
MPLADS-002318,9.76,16.26,0,0.0,0.0,0.0,0.9295,0.2222,0.0,0.0,NORMAL_DISBURSEMENT_SCHEDULE,NONE,NONE
MPLADS-002319,3.75,5.54,0,0.0,0.0,0.0,0.9054,0.2222,0.0,0.0,NORMAL_DISBURSEMENT_SCHEDULE,NONE,NONE
MPLADS-002320,2.59,3.74,0,0.0,0.0,0.0,0.971,0.2222,0.0,0.0,NORMAL_DISBURSEMENT_SCHEDULE,NONE,NONE
MPLADS-002321,26.14,41.74,0,0.0,0.0,0.0,0.9753,0.2223,0.0,0.0,NORMAL_DISBURSEMENT_SCHEDULE,NONE,NONE
MPLADS-002322,72.41,92.36,0,1.0,1275000.0,0.0,1.0,0.2222,0.0,50.0,UNVERIFIED_DISBURSEMENT_BURST,NONE,NONE
MPLADS-002323,24.48,39.68,0,0.0,0.0,0.3546,0.8709,0.2222,0.0,25.0,NORMAL_DISBURSEMENT_SCHEDULE,NONE,NONE
MPLADS-002324,6.01,9.34,0,0.0,0.0,0.0,0.91,0.2222,0.0,0.0,NORMAL_DISBURSEMENT_SCHEDULE,NONE,NONE
MPLADS-002325,15.69,27.18,0,0.0,0.0,0.0,0.9552,0.2222,0.0,0.0,NORMAL_DISBURSEMENT_SCHEDULE,NONE,NONE
MPLADS-002326,66.66,88.3,0,0.0,0.0,0.0,0.8854,0.2222,0.0,0.0,ELEVATED_PAYMENT_VOLATILITY,NONE,NONE
MPLADS-002327,25.14,40.54,0,0.0,0.0,0.0,0.9444,0.2222,0.0,0.0,NORMAL_DISBURSEMENT_SCHEDULE,NONE,NONE
MPLADS-002328,59.15,82.28,0,0.0,0.0,0.0,1.5098,0.2222,0.0,0.0,NORMAL_DISBURSEMENT_SCHEDULE,NONE,NONE
MPLADS-002329,14.9,25.94,0,0.0,0.0,0.0,0.9638,0.2222,0.0,0.0,NORMAL_DISBURSEMENT_SCHEDULE,NONE,NONE
MPLADS-002330,46.35,74.52,0,0.0,0.0,0.0,0.8736,0.2222,0.0,0.0,NORMAL_DISBURSEMENT_SCHEDULE,NONE,NONE
MPLADS-002331,35.59,58.74,0,0.0,0.0,0.0,0.9563,0.25,0.0,0.0,NORMAL_DISBURSEMENT_SCHEDULE,NONE,NONE
MPLADS-002332,59.12,82.24,0,0.0,0.0,0.0,0.8721,0.2222,0.0,25.0,NORMAL_DISBURSEMENT_SCHEDULE,NONE,NONE
MPLADS-002333,56.25,80.46,0,0.0,0.0,0.0,1.3411,0.2222,0.0,0.0,NORMAL_DISBURSEMENT_SCHEDULE,NONE,NONE
MPLADS-002334,43.98,71.96,0,0.0,0.0,0.0,0.8683,0.2222,0.0,0.0,NORMAL_DISBURSEMENT_SCHEDULE,NONE,NONE
MPLADS-002335,61.64,83.64,0,1.0,1447000.0,0.0,0.9187,0.2222,0.0,50.0,UNVERIFIED_DISBURSEMENT_BURST,NONE,NONE
MPLADS-002336,72.86,92.6,0,0.0,0.0,0.0,1.4465,0.2222,0.0,0.0,ELEVATED_PAYMENT_VOLATILITY,NONE,NONE
MPLADS-002337,30.54,49.2,0,0.0,0.0,0.0,0.9353,0.25,0.0,0.0,NORMAL_DISBURSEMENT_SCHEDULE,NONE,NONE
MPLADS-002338,15.56,26.94,0,0.0,0.0,0.0,0.8799,0.2222,0.0,0.0,NORMAL_DISBURSEMENT_SCHEDULE,NONE,NONE
MPLADS-002339,2.75,4.0,0,0.0,0.0,0.0,0.9665,0.2222,0.0,0.0,NORMAL_DISBURSEMENT_SCHEDULE,NONE,NONE
MPLADS-002340,19.22,32.76,0,0.0,0.0,0.0,0.9658,0.2222,0.0,0.0,NORMAL_DISBURSEMENT_SCHEDULE,NONE,NONE
MPLADS-002341,20.11,34.0,0,0.0,0.0,0.051,0.8624,0.2223,0.0,25.0,NORMAL_DISBURSEMENT_SCHEDULE,NONE,NONE
MPLADS-002342,29.76,47.76,0,0.0,0.0,0.0,0.9123,0.25,0.0,0.0,NORMAL_DISBURSEMENT_SCHEDULE,NONE,NONE
MPLADS-002343,39.63,65.72,0,0.0,0.0,0.0,0.9573,0.25,0.0,0.0,NORMAL_DISBURSEMENT_SCHEDULE,NONE,NONE
MPLADS-002344,26.28,41.9,0,0.0,0.0,0.0,0.8754,0.2223,0.0,0.0,NORMAL_DISBURSEMENT_SCHEDULE,NONE,NONE
MPLADS-002345,35.45,58.5,0,0.0,0.0,0.0,0.884,0.25,0.0,0.0,NORMAL_DISBURSEMENT_SCHEDULE,NONE,NONE
MPLADS-002346,24.11,39.28,0,0.0,0.0,0.0,0.9054,0.2222,0.0,0.0,NORMAL_DISBURSEMENT_SCHEDULE,NONE,NONE
MPLADS-002347,34.36,56.44,0,0.0,0.0,0.0,0.8889,0.25,0.0,0.0,NORMAL_DISBURSEMENT_SCHEDULE,NONE,NONE
MPLADS-002348,34.54,56.76,0,0.0,0.0,0.0,0.961,0.2222,0.0,0.0,NORMAL_DISBURSEMENT_SCHEDULE,NONE,NONE
MPLADS-002349,33.93,55.66,0,0.0,0.0,0.0,0.8733,0.25,0.0,0.0,NORMAL_DISBURSEMENT_SCHEDULE,NONE,NONE
MPLADS-002350,27.54,43.78,0,0.0,0.0,0.0,0.9563,0.2222,0.0,0.0,NORMAL_DISBURSEMENT_SCHEDULE,NONE,NONE
MPLADS-002351,58.32,81.7,0,0.0,0.0,0.0,0.9263,0.2222,0.0,0.0,NORMAL_DISBURSEMENT_SCHEDULE,NONE,NONE
MPLADS-002352,58.87,82.06,0,0.0,0.0,0.0,0.9682,0.2222,0.0,0.0,NORMAL_DISBURSEMENT_SCHEDULE,NONE,NONE
MPLADS-002353,7.03,11.14,0,0.0,0.0,0.0,0.9282,0.2222,0.0,0.0,NORMAL_DISBURSEMENT_SCHEDULE,NONE,NONE
MPLADS-002354,62.13,84.02,0,0.0,0.0,0.0,1.4664,0.2222,0.0,0.0,ELEVATED_PAYMENT_VOLATILITY,NONE,NONE
MPLADS-002355,87.58,99.22,1,1.0,1101000.0,0.0,1.0,0.2222,0.0,50.0,UNVERIFIED_DISBURSEMENT_BURST,NONE,NONE
MPLADS-002356,28.44,45.26,0,0.0,0.0,0.0,0.8873,0.2222,0.0,0.0,NORMAL_DISBURSEMENT_SCHEDULE,NONE,NONE
MPLADS-002357,11.48,19.5,0,0.0,0.0,0.0,0.9284,0.2223,0.0,0.0,NORMAL_DISBURSEMENT_SCHEDULE,NONE,NONE
MPLADS-002358,56.23,80.44,0,0.0,0.0,0.0,1.4106,0.2222,0.0,0.0,NORMAL_DISBURSEMENT_SCHEDULE,NONE,NONE
MPLADS-002359,20.41,34.44,0,0.0,0.0,0.0,0.9726,0.2222,0.0,0.0,NORMAL_DISBURSEMENT_SCHEDULE,NONE,NONE
MPLADS-002360,42.8,70.32,0,0.0,0.0,0.0,0.8935,0.25,0.0,0.0,NORMAL_DISBURSEMENT_SCHEDULE,NONE,NONE
MPLADS-002361,5.8,8.94,0,0.0,0.0,0.0,0.9545,0.2222,0.0,0.0,NORMAL_DISBURSEMENT_SCHEDULE,NONE,NONE
MPLADS-002362,40.16,66.56,0,0.0,0.0,0.0,0.8696,0.2222,0.0,0.0,NORMAL_DISBURSEMENT_SCHEDULE,NONE,NONE
MPLADS-002363,13.05,22.54,0,0.0,0.0,0.0,0.9001,0.2222,0.0,0.0,NORMAL_DISBURSEMENT_SCHEDULE,NONE,NONE
MPLADS-002364,65.61,87.34,0,0.0,0.0,0.0,0.9384,0.2222,0.231,0.0,PAYMENT_TIMING_ANOMALY,NONE,NONE
MPLADS-002365,11.08,18.74,0,0.0,0.0,0.0,0.9247,0.2222,0.0,0.0,NORMAL_DISBURSEMENT_SCHEDULE,NONE,NONE
MPLADS-002366,45.67,73.9,0,0.0,0.0,0.0,0.9328,0.2222,0.0,0.0,NORMAL_DISBURSEMENT_SCHEDULE,NONE,NONE
MPLADS-002367,47.62,75.46,0,0.0,0.0,0.0,1.3759,0.2222,0.0,0.0,NORMAL_DISBURSEMENT_SCHEDULE,NONE,NONE
MPLADS-002368,54.19,79.3,0,0.0,0.0,0.0,1.5195,0.2222,0.0,0.0,NORMAL_DISBURSEMENT_SCHEDULE,NONE,NONE
MPLADS-002369,25.84,41.36,0,0.0,0.0,0.0,0.8827,0.2223,0.0,0.0,NORMAL_DISBURSEMENT_SCHEDULE,NONE,NONE
MPLADS-002370,19.55,33.24,0,0.0,0.0,0.0,0.8518,0.2222,0.0,0.0,NORMAL_DISBURSEMENT_SCHEDULE,NONE,NONE
MPLADS-002371,31.01,50.1,0,0.0,0.0,0.0,0.9578,0.2222,0.0,0.0,NORMAL_DISBURSEMENT_SCHEDULE,NONE,NONE
MPLADS-002372,64.7,86.42,0,0.0,0.0,0.0,1.3369,0.2222,0.0,0.0,ELEVATED_PAYMENT_VOLATILITY,NONE,NONE
MPLADS-002373,7.62,12.26,0,0.0,0.0,0.0,0.9037,0.2222,0.0,0.0,NORMAL_DISBURSEMENT_SCHEDULE,NONE,NONE
MPLADS-002374,56.03,80.38,0,0.0,0.0,0.0,0.89,0.2222,0.0,0.0,NORMAL_DISBURSEMENT_SCHEDULE,NONE,NONE
MPLADS-002375,6.72,10.58,0,0.0,0.0,0.0,0.8821,0.2222,0.0,0.0,NORMAL_DISBURSEMENT_SCHEDULE,NONE,NONE
MPLADS-002376,32.28,52.62,0,0.0,0.0,0.0,0.9598,0.2222,0.0,0.0,NORMAL_DISBURSEMENT_SCHEDULE,NONE,NONE
MPLADS-002377,9.65,16.06,0,0.0,0.0,0.0,0.8964,0.2223,0.0,0.0,NORMAL_DISBURSEMENT_SCHEDULE,NONE,NONE
MPLADS-002378,50.47,77.2,0,0.0,0.0,0.0,0.6978,0.2222,0.0,0.0,NORMAL_DISBURSEMENT_SCHEDULE,NONE,NONE
MPLADS-002379,77.12,94.72,0,1.0,16335000.0,0.0,0.944,0.2222,0.0,50.0,UNVERIFIED_DISBURSEMENT_BURST,NONE,NONE
MPLADS-002380,16.04,27.8,0,0.0,0.0,0.0,0.8559,0.2223,0.0,0.0,NORMAL_DISBURSEMENT_SCHEDULE,NONE,NONE
MPLADS-002381,3.62,5.32,0,0.0,0.0,0.0,0.8724,0.2222,0.0,0.0,NORMAL_DISBURSEMENT_SCHEDULE,NONE,NONE
MPLADS-002382,31.96,52.04,0,0.0,0.0,0.0,0.9169,0.25,0.0,0.0,NORMAL_DISBURSEMENT_SCHEDULE,NONE,NONE
MPLADS-002383,23.92,39.06,0,0.0,0.0,0.0,0.9471,0.2223,0.0,0.0,NORMAL_DISBURSEMENT_SCHEDULE,NONE,NONE
MPLADS-002384,82.27,97.44,1,0.0,0.0,0.0,0.9229,0.25,0.3466,0.0,PAYMENT_TIMING_ANOMALY,NONE,NONE
MPLADS-002385,13.11,22.64,0,0.0,0.0,0.0,0.9013,0.2223,0.0,0.0,NORMAL_DISBURSEMENT_SCHEDULE,NONE,NONE
MPLADS-002386,27.52,43.74,0,0.0,0.0,0.0,0.8542,0.2222,0.0,0.0,NORMAL_DISBURSEMENT_SCHEDULE,NONE,NONE
MPLADS-002387,16.39,28.4,0,0.0,0.0,0.0,0.8785,0.2222,0.0,0.0,NORMAL_DISBURSEMENT_SCHEDULE,NONE,NONE
MPLADS-002388,27.0,43.0,0,0.0,0.0,0.1708,0.8952,0.2222,0.0,25.0,NORMAL_DISBURSEMENT_SCHEDULE,NONE,NONE
MPLADS-002389,1.02,1.18,0,0.0,0.0,0.0,0.9187,0.2222,0.0,0.0,NORMAL_DISBURSEMENT_SCHEDULE,NONE,NONE
MPLADS-002390,27.7,44.02,0,0.0,0.0,0.0,0.8636,0.2223,0.0,0.0,NORMAL_DISBURSEMENT_SCHEDULE,NONE,NONE
MPLADS-002391,7.52,12.08,0,0.0,0.0,0.0,0.8847,0.2222,0.0,0.0,NORMAL_DISBURSEMENT_SCHEDULE,NONE,NONE
MPLADS-002392,13.61,23.56,0,0.0,0.0,0.0,0.9172,0.2222,0.0,0.0,NORMAL_DISBURSEMENT_SCHEDULE,NONE,NONE
MPLADS-002393,29.05,46.42,0,0.0,0.0,0.0,0.8791,0.2222,0.0,0.0,NORMAL_DISBURSEMENT_SCHEDULE,NONE,NONE
MPLADS-002394,12.59,21.62,0,0.0,0.0,0.0,0.9051,0.2222,0.0,0.0,NORMAL_DISBURSEMENT_SCHEDULE,NONE,NONE
MPLADS-002395,10.27,17.24,0,0.0,0.0,0.0,0.9296,0.2222,0.0,0.0,NORMAL_DISBURSEMENT_SCHEDULE,NONE,NONE
MPLADS-002396,3.57,5.24,0,0.0,0.0,0.0,0.871,0.2222,0.0,0.0,NORMAL_DISBURSEMENT_SCHEDULE,NONE,NONE
MPLADS-002397,0.01,0.02,0,0.0,0.0,0.0,0.9085,0.2222,0.0,0.0,NORMAL_DISBURSEMENT_SCHEDULE,NONE,NONE
MPLADS-002398,31.67,51.46,0,0.0,0.0,0.0,0.8718,0.25,0.0,0.0,NORMAL_DISBURSEMENT_SCHEDULE,NONE,NONE
MPLADS-002399,5.92,9.16,0,0.0,0.0,0.0,0.8802,0.2222,0.0,0.0,NORMAL_DISBURSEMENT_SCHEDULE,NONE,NONE
MPLADS-002400,26.57,42.34,0,0.0,0.0,0.0,0.9438,0.2222,0.0,0.0,NORMAL_DISBURSEMENT_SCHEDULE,NONE,NONE
MPLADS-002401,27.14,43.18,0,0.0,0.0,0.0,0.9108,0.25,0.0,0.0,NORMAL_DISBURSEMENT_SCHEDULE,NONE,NONE
MPLADS-002402,25.95,41.48,0,0.0,0.0,0.4184,0.9734,0.2222,0.0,25.0,NORMAL_DISBURSEMENT_SCHEDULE,NONE,NONE
MPLADS-002403,30.35,48.82,0,0.0,0.0,0.0247,0.8638,0.2222,0.0,25.0,NORMAL_DISBURSEMENT_SCHEDULE,NONE,NONE
MPLADS-002404,31.24,50.56,0,0.0,0.0,0.0,0.9088,0.25,0.0,0.0,NORMAL_DISBURSEMENT_SCHEDULE,NONE,NONE
MPLADS-002405,28.35,45.1,0,0.0,0.0,0.0,0.9029,0.2222,0.0,0.0,NORMAL_DISBURSEMENT_SCHEDULE,NONE,NONE
MPLADS-002406,22.7,37.44,0,0.0,0.0,0.0,0.8556,0.2222,0.0,0.0,NORMAL_DISBURSEMENT_SCHEDULE,NONE,NONE
MPLADS-002407,25.77,41.24,0,0.0,0.0,0.0,0.9209,0.25,0.0,0.0,NORMAL_DISBURSEMENT_SCHEDULE,NONE,NONE
MPLADS-002408,2.57,3.7,0,0.0,0.0,0.0,0.9578,0.2222,0.0,0.0,NORMAL_DISBURSEMENT_SCHEDULE,NONE,NONE
MPLADS-002409,22.14,36.72,0,0.0,0.0,0.0,0.9006,0.2222,0.0,0.0,NORMAL_DISBURSEMENT_SCHEDULE,NONE,NONE
MPLADS-002410,6.6,10.36,0,0.0,0.0,0.0,0.9461,0.2222,0.0,0.0,NORMAL_DISBURSEMENT_SCHEDULE,NONE,NONE
MPLADS-002411,26.71,42.56,0,0.0,0.0,0.1057,0.9675,0.2223,0.0,25.0,NORMAL_DISBURSEMENT_SCHEDULE,NONE,NONE
MPLADS-002412,44.97,73.06,0,0.0,0.0,0.0,0.8591,0.2222,0.0,0.0,NORMAL_DISBURSEMENT_SCHEDULE,NONE,NONE
MPLADS-002413,16.52,28.6,0,0.0,0.0,0.0,0.917,0.2222,0.0,0.0,NORMAL_DISBURSEMENT_SCHEDULE,NONE,NONE
MPLADS-002414,34.31,56.36,0,0.0,0.0,0.0,0.9122,0.2222,0.0,0.0,NORMAL_DISBURSEMENT_SCHEDULE,NONE,NONE
MPLADS-002415,4.55,6.88,0,0.0,0.0,0.0,0.9379,0.2222,0.0,0.0,NORMAL_DISBURSEMENT_SCHEDULE,NONE,NONE
MPLADS-002416,83.07,97.96,1,1.0,9303000.0,0.0,1.0,0.2222,0.0,50.0,UNVERIFIED_DISBURSEMENT_BURST,NONE,NONE
MPLADS-002417,53.58,78.98,0,0.0,0.0,0.0,0.8726,0.2222,0.0,0.0,NORMAL_DISBURSEMENT_SCHEDULE,NONE,NONE
MPLADS-002418,14.5,25.22,0,0.0,0.0,0.0,0.8525,0.2222,0.0,0.0,NORMAL_DISBURSEMENT_SCHEDULE,NONE,NONE
MPLADS-002419,7.64,12.3,0,0.0,0.0,0.0,0.9543,0.2222,0.0,0.0,NORMAL_DISBURSEMENT_SCHEDULE,NONE,NONE
MPLADS-002420,0.41,0.36,0,0.0,0.0,0.0,0.9054,0.2222,0.0,0.0,NORMAL_DISBURSEMENT_SCHEDULE,NONE,NONE
MPLADS-002421,23.15,38.02,0,0.0,0.0,0.0,0.8928,0.2222,0.0,0.0,NORMAL_DISBURSEMENT_SCHEDULE,NONE,NONE
MPLADS-002422,18.85,32.26,0,0.0,0.0,0.0462,0.8511,0.2222,0.0,25.0,NORMAL_DISBURSEMENT_SCHEDULE,NONE,NONE
MPLADS-002423,64.46,86.18,0,0.0,0.0,0.0,0.8538,0.2223,0.231,0.0,PAYMENT_TIMING_ANOMALY,NONE,NONE
MPLADS-002424,32.63,53.26,0,0.0,0.0,0.0,0.9638,0.2222,0.0,0.0,NORMAL_DISBURSEMENT_SCHEDULE,NONE,NONE
MPLADS-002425,8.54,14.04,0,0.0,0.0,0.0,0.8874,0.2222,0.0,0.0,NORMAL_DISBURSEMENT_SCHEDULE,NONE,NONE
MPLADS-002426,29.41,47.12,0,0.0,0.0,0.0,0.9011,0.2222,0.0,0.0,NORMAL_DISBURSEMENT_SCHEDULE,NONE,NONE
MPLADS-002427,27.12,43.16,0,0.0,0.0,0.0,0.9483,0.2222,0.0,0.0,NORMAL_DISBURSEMENT_SCHEDULE,NONE,NONE
MPLADS-002428,41.1,67.88,0,0.0,0.0,0.0,0.9682,0.2222,0.0,0.0,NORMAL_DISBURSEMENT_SCHEDULE,NONE,NONE
MPLADS-002429,3.33,4.86,0,0.0,0.0,0.0141,0.9172,0.2222,0.0,25.0,NORMAL_DISBURSEMENT_SCHEDULE,NONE,NONE
MPLADS-002430,35.71,58.96,0,0.0,0.0,0.0,0.9602,0.25,0.0,0.0,NORMAL_DISBURSEMENT_SCHEDULE,NONE,NONE
MPLADS-002431,96.36,99.76,1,1.0,9429000.0,0.0,0.972,0.2222,0.231,50.0,UNVERIFIED_DISBURSEMENT_BURST,PAYMENT_TIMING_ANOMALY,NONE
MPLADS-002432,37.25,61.74,0,0.0,0.0,0.0,0.9285,0.2222,0.0,25.0,NORMAL_DISBURSEMENT_SCHEDULE,NONE,NONE
MPLADS-002433,1.79,2.5,0,0.0,0.0,0.0,0.9099,0.2222,0.0,0.0,NORMAL_DISBURSEMENT_SCHEDULE,NONE,NONE
MPLADS-002434,31.3,50.68,0,0.0,0.0,0.0,0.9056,0.25,0.0,0.0,NORMAL_DISBURSEMENT_SCHEDULE,NONE,NONE
MPLADS-002435,16.63,28.78,0,0.0,0.0,0.0,0.9757,0.2222,0.0,0.0,NORMAL_DISBURSEMENT_SCHEDULE,NONE,NONE
MPLADS-002436,29.24,46.76,0,0.0,0.0,0.0,0.9337,0.2222,0.0,25.0,NORMAL_DISBURSEMENT_SCHEDULE,NONE,NONE
MPLADS-002437,21.5,35.8,0,0.0,0.0,0.0,0.9569,0.2222,0.0,0.0,NORMAL_DISBURSEMENT_SCHEDULE,NONE,NONE
MPLADS-002438,15.81,27.4,0,0.0,0.0,0.0,0.9606,0.2223,0.0,0.0,NORMAL_DISBURSEMENT_SCHEDULE,NONE,NONE
MPLADS-002439,39.77,65.94,0,0.0,0.0,0.0,0.8541,0.25,0.0,0.0,NORMAL_DISBURSEMENT_SCHEDULE,NONE,NONE
MPLADS-002440,17.86,30.7,0,0.0,0.0,0.0,0.8603,0.2223,0.0,0.0,NORMAL_DISBURSEMENT_SCHEDULE,NONE,NONE
MPLADS-002441,4.86,7.38,0,0.0,0.0,0.0,0.9156,0.2222,0.0,0.0,NORMAL_DISBURSEMENT_SCHEDULE,NONE,NONE
MPLADS-002442,35.43,58.46,0,0.0,0.0,0.0,0.9505,0.25,0.0,0.0,NORMAL_DISBURSEMENT_SCHEDULE,NONE,NONE
MPLADS-002443,73.07,92.72,0,0.0,0.0,0.0,1.2826,0.2222,0.0,0.0,ELEVATED_PAYMENT_VOLATILITY,NONE,NONE
MPLADS-002444,73.41,92.86,0,0.0,0.0,0.0,0.4313,0.25,0.0,0.0,ELEVATED_PAYMENT_VOLATILITY,NONE,NONE
MPLADS-002445,1.09,1.32,0,0.0,0.0,0.0001,0.9515,0.2222,0.0,25.0,NORMAL_DISBURSEMENT_SCHEDULE,NONE,NONE
MPLADS-002446,43.13,70.8,0,0.0,0.0,0.0,0.8761,0.25,0.0,0.0,NORMAL_DISBURSEMENT_SCHEDULE,NONE,NONE
MPLADS-002447,32.84,53.66,0,0.0,0.0,0.4636,0.8915,0.2222,0.0,25.0,NORMAL_DISBURSEMENT_SCHEDULE,NONE,NONE
MPLADS-002448,38.66,64.22,0,0.0,0.0,0.0,0.9404,0.2222,0.0,0.0,NORMAL_DISBURSEMENT_SCHEDULE,NONE,NONE
MPLADS-002449,22.0,36.5,0,0.0,0.0,0.0,0.9786,0.2222,0.0,0.0,NORMAL_DISBURSEMENT_SCHEDULE,NONE,NONE
MPLADS-002450,20.23,34.18,0,0.0,0.0,0.0,0.973,0.2222,0.0,0.0,NORMAL_DISBURSEMENT_SCHEDULE,NONE,NONE
MPLADS-002451,5.53,8.44,0,0.0,0.0,0.0,0.9602,0.2222,0.0,0.0,NORMAL_DISBURSEMENT_SCHEDULE,NONE,NONE
MPLADS-002452,67.25,88.82,0,0.0,0.0,0.0,0.9413,0.2222,0.231,0.0,PAYMENT_TIMING_ANOMALY,NONE,NONE
MPLADS-002453,39.67,65.78,0,0.0,0.0,0.0,0.9703,0.25,0.0,0.0,NORMAL_DISBURSEMENT_SCHEDULE,NONE,NONE
MPLADS-002454,64.11,85.78,0,1.0,2112000.0,0.0,0.9139,0.2222,0.0,50.0,UNVERIFIED_DISBURSEMENT_BURST,NONE,NONE
MPLADS-002455,8.23,13.44,0,0.0,0.0,0.0,0.9682,0.2222,0.0,0.0,NORMAL_DISBURSEMENT_SCHEDULE,NONE,NONE
MPLADS-002456,9.68,16.12,0,0.0,0.0,0.0,0.8668,0.2222,0.0,0.0,NORMAL_DISBURSEMENT_SCHEDULE,NONE,NONE
MPLADS-002457,1.58,2.16,0,0.0,0.0,0.0,0.9112,0.2222,0.0,0.0,NORMAL_DISBURSEMENT_SCHEDULE,NONE,NONE
MPLADS-002458,35.57,58.72,0,0.0,0.0,0.0,0.8764,0.2222,0.0,0.0,NORMAL_DISBURSEMENT_SCHEDULE,NONE,NONE
MPLADS-002459,30.94,49.96,0,0.0,0.0,0.0,0.903,0.25,0.0,0.0,NORMAL_DISBURSEMENT_SCHEDULE,NONE,NONE
MPLADS-002460,92.86,99.62,1,0.0,0.0,0.0,1.5038,0.25,0.0,25.0,ROUND_NUMBER_DISBURSEMENT_CONCENTRATION,NONE,NONE
MPLADS-002461,43.35,71.12,0,0.0,0.0,0.0215,0.8576,0.2222,0.0,25.0,NORMAL_DISBURSEMENT_SCHEDULE,NONE,NONE
MPLADS-002462,11.52,19.58,0,0.0,0.0,0.0,0.9585,0.2222,0.0,0.0,NORMAL_DISBURSEMENT_SCHEDULE,NONE,NONE
MPLADS-002463,13.7,23.74,0,0.0,0.0,0.0,0.871,0.2222,0.0,0.0,NORMAL_DISBURSEMENT_SCHEDULE,NONE,NONE
MPLADS-002464,30.26,48.66,0,0.0,0.0,0.0,0.913,0.25,0.0,0.0,NORMAL_DISBURSEMENT_SCHEDULE,NONE,NONE
MPLADS-002465,33.75,55.3,0,0.0,0.0,0.0,0.8655,0.2222,0.0,0.0,NORMAL_DISBURSEMENT_SCHEDULE,NONE,NONE
MPLADS-002466,39.27,65.2,0,0.0,0.0,0.0,0.8589,0.2222,0.0,0.0,NORMAL_DISBURSEMENT_SCHEDULE,NONE,NONE
MPLADS-002467,31.66,51.44,0,0.0,0.0,0.0,0.9574,0.25,0.0,0.0,NORMAL_DISBURSEMENT_SCHEDULE,NONE,NONE
MPLADS-002468,21.08,35.3,0,0.0,0.0,0.2125,0.8836,0.2222,0.0,25.0,NORMAL_DISBURSEMENT_SCHEDULE,NONE,NONE
MPLADS-002469,31.06,50.2,0,0.0,0.0,0.0,0.8695,0.2222,0.0,0.0,NORMAL_DISBURSEMENT_SCHEDULE,NONE,NONE
MPLADS-002470,66.16,87.9,0,0.0,0.0,0.0,0.5374,0.25,0.0,0.0,ELEVATED_PAYMENT_VOLATILITY,NONE,NONE
MPLADS-002471,37.48,62.14,0,0.0,0.0,0.0,0.8791,0.25,0.0,0.0,NORMAL_DISBURSEMENT_SCHEDULE,NONE,NONE
MPLADS-002472,43.5,71.32,0,0.0,0.0,0.0,0.901,0.25,0.0,0.0,NORMAL_DISBURSEMENT_SCHEDULE,NONE,NONE
MPLADS-002473,2.13,3.02,0,0.0,0.0,0.0,0.9342,0.2222,0.0,0.0,NORMAL_DISBURSEMENT_SCHEDULE,NONE,NONE
MPLADS-002474,48.95,76.36,0,0.0,0.0,0.0,0.8545,0.2222,0.0,0.0,NORMAL_DISBURSEMENT_SCHEDULE,NONE,NONE
MPLADS-002475,7.38,11.82,0,0.0,0.0,0.0,0.9547,0.2222,0.0,0.0,NORMAL_DISBURSEMENT_SCHEDULE,NONE,NONE
MPLADS-002476,27.75,44.12,0,0.0,0.0,0.0,0.8863,0.2222,0.0,0.0,NORMAL_DISBURSEMENT_SCHEDULE,NONE,NONE
MPLADS-002477,36.52,60.4,0,0.0,0.0,0.0,0.8517,0.2222,0.0,0.0,NORMAL_DISBURSEMENT_SCHEDULE,NONE,NONE
MPLADS-002478,70.73,91.34,0,1.0,1498000.0,0.0,0.8822,0.2222,0.0,50.0,UNVERIFIED_DISBURSEMENT_BURST,NONE,NONE
MPLADS-002479,10.64,17.94,0,0.0,0.0,0.0,0.8821,0.2222,0.0,0.0,NORMAL_DISBURSEMENT_SCHEDULE,NONE,NONE
MPLADS-002480,32.5,53.04,0,0.0,0.0,0.0,0.9406,0.25,0.0,0.0,NORMAL_DISBURSEMENT_SCHEDULE,NONE,NONE
MPLADS-002481,23.04,37.88,0,0.0,0.0,0.0,0.9364,0.2222,0.0,0.0,NORMAL_DISBURSEMENT_SCHEDULE,NONE,NONE
MPLADS-002482,43.62,71.5,0,0.0,0.0,0.3345,0.9275,0.2222,0.0,25.0,NORMAL_DISBURSEMENT_SCHEDULE,NONE,NONE
MPLADS-002483,38.9,64.64,0,0.0,0.0,0.0009,0.8939,0.2222,0.0,25.0,NORMAL_DISBURSEMENT_SCHEDULE,NONE,NONE
MPLADS-002484,3.88,5.78,0,0.0,0.0,0.0,0.8534,0.2222,0.0,0.0,NORMAL_DISBURSEMENT_SCHEDULE,NONE,NONE
MPLADS-002485,58.13,81.6,0,0.0,0.0,0.0,0.8724,0.2222,0.0,25.0,NORMAL_DISBURSEMENT_SCHEDULE,NONE,NONE
MPLADS-002486,42.47,69.9,0,0.0,0.0,0.0,0.9725,0.25,0.0,0.0,NORMAL_DISBURSEMENT_SCHEDULE,NONE,NONE
MPLADS-002487,28.19,44.82,0,0.0,0.0,0.0,0.9135,0.25,0.0,0.0,NORMAL_DISBURSEMENT_SCHEDULE,NONE,NONE
MPLADS-002488,32.83,53.64,0,0.0,0.0,0.0,0.8904,0.25,0.0,0.0,NORMAL_DISBURSEMENT_SCHEDULE,NONE,NONE
MPLADS-002489,38.31,63.6,0,0.0,0.0,0.0,0.8659,0.25,0.0,0.0,NORMAL_DISBURSEMENT_SCHEDULE,NONE,NONE
MPLADS-002490,40.36,66.9,0,0.0,0.0,0.0,0.9707,0.25,0.0,0.0,NORMAL_DISBURSEMENT_SCHEDULE,NONE,NONE
MPLADS-002491,14.62,25.46,0,0.0,0.0,0.0,0.9549,0.2222,0.0,0.0,NORMAL_DISBURSEMENT_SCHEDULE,NONE,NONE
MPLADS-002492,33.43,54.68,0,0.0,0.0,0.0,0.8997,0.25,0.0,0.0,NORMAL_DISBURSEMENT_SCHEDULE,NONE,NONE
MPLADS-002493,46.56,74.72,0,0.0,0.0,0.0,0.8671,0.2222,0.0,0.0,NORMAL_DISBURSEMENT_SCHEDULE,NONE,NONE
MPLADS-002494,18.33,31.44,0,0.0,0.0,0.0,0.9771,0.2223,0.0,0.0,NORMAL_DISBURSEMENT_SCHEDULE,NONE,NONE
MPLADS-002495,17.6,30.32,0,0.0,0.0,0.0,0.8772,0.2223,0.0,0.0,NORMAL_DISBURSEMENT_SCHEDULE,NONE,NONE
MPLADS-002496,8.38,13.74,0,0.0,0.0,0.0,0.9231,0.2222,0.0,0.0,NORMAL_DISBURSEMENT_SCHEDULE,NONE,NONE
MPLADS-002497,22.78,37.52,0,0.0,0.0,0.0,0.9071,0.2222,0.0,0.0,NORMAL_DISBURSEMENT_SCHEDULE,NONE,NONE
MPLADS-002498,1.88,2.64,0,0.0,0.0,0.0,0.9338,0.2222,0.0,0.0,NORMAL_DISBURSEMENT_SCHEDULE,NONE,NONE
MPLADS-002499,25.54,40.98,0,0.0,0.0,0.0,0.8532,0.2222,0.0,0.0,NORMAL_DISBURSEMENT_SCHEDULE,NONE,NONE
MPLADS-002500,64.22,85.88,0,0.0,0.0,0.0001,0.8747,0.2222,0.231,25.0,STATUTORY_CEILING_SMURFING,PAYMENT_TIMING_ANOMALY,NONE
MPLADS-002501,21.17,35.42,0,0.0,0.0,0.0,0.8762,0.2222,0.0,0.0,NORMAL_DISBURSEMENT_SCHEDULE,NONE,NONE
MPLADS-002502,64.48,86.22,0,1.0,2611000.0,0.0,0.8851,0.2222,0.0,50.0,UNVERIFIED_DISBURSEMENT_BURST,NONE,NONE
MPLADS-002503,9.88,16.5,0,0.0,0.0,0.0,0.8933,0.2222,0.0,0.0,NORMAL_DISBURSEMENT_SCHEDULE,NONE,NONE
MPLADS-002504,2.67,3.88,0,0.0,0.0,0.0,0.8841,0.2222,0.0,0.0,NORMAL_DISBURSEMENT_SCHEDULE,NONE,NONE
MPLADS-002505,1.69,2.34,0,0.0,0.0,0.0,0.8911,0.2222,0.0,0.0,NORMAL_DISBURSEMENT_SCHEDULE,NONE,NONE
MPLADS-002506,34.6,56.88,0,0.0,0.0,0.0,0.8644,0.2222,0.0,0.0,NORMAL_DISBURSEMENT_SCHEDULE,NONE,NONE
MPLADS-002507,8.66,14.26,0,0.0,0.0,0.0,0.9608,0.2222,0.0,0.0,NORMAL_DISBURSEMENT_SCHEDULE,NONE,NONE
MPLADS-002508,12.23,20.88,0,0.0,0.0,0.0,0.8731,0.2223,0.0,0.0,NORMAL_DISBURSEMENT_SCHEDULE,NONE,NONE
MPLADS-002509,11.16,18.86,0,0.0,0.0,0.0,0.904,0.2222,0.0,0.0,NORMAL_DISBURSEMENT_SCHEDULE,NONE,NONE
MPLADS-002510,5.23,7.98,0,0.0,0.0,0.0,0.9713,0.2222,0.0,0.0,NORMAL_DISBURSEMENT_SCHEDULE,NONE,NONE
MPLADS-002511,39.01,64.82,0,0.0,0.0,0.0,0.9548,0.2222,0.0,0.0,NORMAL_DISBURSEMENT_SCHEDULE,NONE,NONE
MPLADS-002512,47.05,75.12,0,0.0,0.0,0.0,0.9756,0.2222,0.0,0.0,NORMAL_DISBURSEMENT_SCHEDULE,NONE,NONE
MPLADS-002513,2.12,3.0,0,0.0,0.0,0.0,0.9489,0.2222,0.0,0.0,NORMAL_DISBURSEMENT_SCHEDULE,NONE,NONE
MPLADS-002514,15.12,26.28,0,0.0,0.0,0.0002,0.9591,0.2222,0.0,25.0,NORMAL_DISBURSEMENT_SCHEDULE,NONE,NONE
MPLADS-002515,38.94,64.68,0,0.0,0.0,0.0,0.8905,0.25,0.0,0.0,NORMAL_DISBURSEMENT_SCHEDULE,NONE,NONE
MPLADS-002516,77.25,94.8,0,0.0,0.0,0.0,1.4396,0.25,0.0,0.0,ELEVATED_PAYMENT_VOLATILITY,NONE,NONE
MPLADS-002517,21.59,35.92,0,0.0,0.0,0.0,0.8589,0.2223,0.0,0.0,NORMAL_DISBURSEMENT_SCHEDULE,NONE,NONE
MPLADS-002518,20.39,34.4,0,0.0,0.0,0.0,0.9094,0.2222,0.0,0.0,NORMAL_DISBURSEMENT_SCHEDULE,NONE,NONE
MPLADS-002519,13.52,23.38,0,0.0,0.0,0.0,0.957,0.2223,0.0,0.0,NORMAL_DISBURSEMENT_SCHEDULE,NONE,NONE
MPLADS-002520,12.74,21.9,0,0.0,0.0,0.0,0.9404,0.2222,0.0,0.0,NORMAL_DISBURSEMENT_SCHEDULE,NONE,NONE
MPLADS-002521,10.6,17.86,0,0.0,0.0,0.0,0.8859,0.2222,0.0,0.0,NORMAL_DISBURSEMENT_SCHEDULE,NONE,NONE
MPLADS-002522,61.59,83.6,0,0.0,0.0,0.0,0.9768,0.2222,0.0,0.0,ELEVATED_PAYMENT_VOLATILITY,NONE,NONE
MPLADS-002523,12.78,21.98,0,0.0,0.0,0.0,0.9324,0.2223,0.0,0.0,NORMAL_DISBURSEMENT_SCHEDULE,NONE,NONE
MPLADS-002524,61.89,83.86,0,0.0,0.0,0.0,0.898,0.2222,0.231,0.0,PAYMENT_TIMING_ANOMALY,NONE,NONE
MPLADS-002525,65.97,87.7,0,0.0,0.0,0.0,0.5634,0.25,0.0,0.0,ELEVATED_PAYMENT_VOLATILITY,NONE,NONE
MPLADS-002526,52.58,78.36,0,0.0,0.0,0.0,1.388,0.2222,0.0,0.0,NORMAL_DISBURSEMENT_SCHEDULE,NONE,NONE
MPLADS-002527,31.98,52.08,0,0.0,0.0,0.0,0.8857,0.25,0.0,0.0,NORMAL_DISBURSEMENT_SCHEDULE,NONE,NONE
MPLADS-002528,64.83,86.56,0,1.0,1825000.0,0.0,0.9057,0.2222,0.0,50.0,UNVERIFIED_DISBURSEMENT_BURST,NONE,NONE
MPLADS-002529,83.78,98.28,1,1.0,2131000.0,0.8148,0.8579,0.2222,0.0,75.0,UNVERIFIED_DISBURSEMENT_BURST,STATUTORY_CEILING_SMURFING,NONE
MPLADS-002530,45.41,73.6,0,0.0,0.0,0.0,0.9097,0.2222,0.0,0.0,NORMAL_DISBURSEMENT_SCHEDULE,NONE,NONE
MPLADS-002531,11.34,19.2,0,0.0,0.0,0.0,0.9059,0.2223,0.0,0.0,NORMAL_DISBURSEMENT_SCHEDULE,NONE,NONE
MPLADS-002532,30.84,49.78,0,0.0,0.0,0.0,0.8899,0.25,0.0,0.0,NORMAL_DISBURSEMENT_SCHEDULE,NONE,NONE
MPLADS-002533,64.94,86.66,0,0.0,0.0,0.0,0.9553,0.2222,0.231,0.0,PAYMENT_TIMING_ANOMALY,NONE,NONE
MPLADS-002534,31.78,51.68,0,0.0,0.0,0.0,0.9451,0.25,0.0,0.0,NORMAL_DISBURSEMENT_SCHEDULE,NONE,NONE
MPLADS-002535,67.37,88.94,0,0.0,0.0,0.0,0.9467,0.2222,0.231,0.0,PAYMENT_TIMING_ANOMALY,NONE,NONE
MPLADS-002536,64.93,86.64,0,1.0,1918000.0,0.0,0.9284,0.2222,0.0,50.0,UNVERIFIED_DISBURSEMENT_BURST,NONE,NONE
MPLADS-002537,60.04,82.74,0,0.0,0.0,0.0,0.91,0.2222,0.231,0.0,PAYMENT_TIMING_ANOMALY,NONE,NONE
MPLADS-002538,7.02,11.12,0,0.0,0.0,0.0889,0.8834,0.2222,0.0,25.0,NORMAL_DISBURSEMENT_SCHEDULE,NONE,NONE
MPLADS-002539,23.23,38.16,0,0.0,0.0,0.0,0.9298,0.2223,0.0,0.0,NORMAL_DISBURSEMENT_SCHEDULE,NONE,NONE
MPLADS-002540,73.61,92.96,0,1.0,1594000.0,0.0,0.851,0.2222,0.0,50.0,UNVERIFIED_DISBURSEMENT_BURST,NONE,NONE
MPLADS-002541,40.47,67.02,0,0.0,0.0,0.0,0.9703,0.2222,0.0,0.0,NORMAL_DISBURSEMENT_SCHEDULE,NONE,NONE
MPLADS-002542,40.79,67.4,0,0.0,0.0,0.0,0.9751,0.25,0.0,0.0,NORMAL_DISBURSEMENT_SCHEDULE,NONE,NONE
MPLADS-002543,12.2,20.82,0,0.0,0.0,0.0,0.9265,0.2223,0.0,0.0,NORMAL_DISBURSEMENT_SCHEDULE,NONE,NONE
MPLADS-002544,38.04,63.18,0,0.0,0.0,0.0,0.8996,0.25,0.0,0.0,NORMAL_DISBURSEMENT_SCHEDULE,NONE,NONE
MPLADS-002545,11.85,20.18,0,0.0,0.0,0.0,0.9792,0.2222,0.0,0.0,NORMAL_DISBURSEMENT_SCHEDULE,NONE,NONE
MPLADS-002546,13.56,23.46,0,0.0,0.0,0.0,0.8985,0.2222,0.0,0.0,NORMAL_DISBURSEMENT_SCHEDULE,NONE,NONE
MPLADS-002547,36.38,60.16,0,0.0,0.0,0.0,0.9516,0.25,0.0,0.0,NORMAL_DISBURSEMENT_SCHEDULE,NONE,NONE
MPLADS-002548,71.67,91.94,0,0.0,0.0,0.0,0.9667,0.2223,0.0,0.0,ELEVATED_PAYMENT_VOLATILITY,NONE,NONE
MPLADS-002549,77.34,94.86,0,1.0,13321000.0,0.0,0.959,0.2222,0.0,50.0,UNVERIFIED_DISBURSEMENT_BURST,NONE,NONE
MPLADS-002550,33.87,55.54,0,0.0,0.0,0.0,0.8622,0.2222,0.0,0.0,NORMAL_DISBURSEMENT_SCHEDULE,NONE,NONE
MPLADS-002551,33.03,53.98,0,0.0,0.0,0.0,0.9735,0.2222,0.0,0.0,NORMAL_DISBURSEMENT_SCHEDULE,NONE,NONE
MPLADS-002552,29.96,48.12,0,0.0,0.0,0.0,0.8959,0.2222,0.0,0.0,NORMAL_DISBURSEMENT_SCHEDULE,NONE,NONE
MPLADS-002553,10.68,18.0,0,0.0,0.0,0.0,0.8699,0.2222,0.0,0.0,NORMAL_DISBURSEMENT_SCHEDULE,NONE,NONE
MPLADS-002554,43.64,71.52,0,0.0,0.0,0.0,0.9749,0.25,0.0,0.0,NORMAL_DISBURSEMENT_SCHEDULE,NONE,NONE
MPLADS-002555,20.61,34.74,0,0.0,0.0,0.0,0.9758,0.2222,0.0,0.0,NORMAL_DISBURSEMENT_SCHEDULE,NONE,NONE
MPLADS-002556,62.59,84.46,0,0.0,0.0,0.0,0.8728,0.2222,0.0,0.0,ELEVATED_PAYMENT_VOLATILITY,NONE,NONE
MPLADS-002557,5.6,8.58,0,0.0,0.0,0.0,0.9304,0.2222,0.0,0.0,NORMAL_DISBURSEMENT_SCHEDULE,NONE,NONE
MPLADS-002558,33.26,54.38,0,0.0,0.0,0.0,0.8927,0.2222,0.0,0.0,NORMAL_DISBURSEMENT_SCHEDULE,NONE,NONE
MPLADS-002559,74.01,93.24,0,0.0,0.0,0.0,0.9732,0.25,0.0,25.0,ROUND_NUMBER_DISBURSEMENT_CONCENTRATION,NONE,NONE
MPLADS-002560,11.91,20.3,0,0.0,0.0,0.0,0.874,0.2222,0.0,0.0,NORMAL_DISBURSEMENT_SCHEDULE,NONE,NONE
MPLADS-002561,31.35,50.78,0,0.0,0.0,0.0,0.9448,0.25,0.0,0.0,NORMAL_DISBURSEMENT_SCHEDULE,NONE,NONE
MPLADS-002562,82.83,97.82,1,0.0,0.0,0.0,1.4144,0.2222,0.231,0.0,PAYMENT_TIMING_ANOMALY,NONE,NONE
MPLADS-002563,37.4,61.98,0,0.0,0.0,0.0,0.9617,0.25,0.0,0.0,NORMAL_DISBURSEMENT_SCHEDULE,NONE,NONE
MPLADS-002564,5.9,9.14,0,0.0,0.0,0.0,0.9197,0.2222,0.0,25.0,NORMAL_DISBURSEMENT_SCHEDULE,NONE,NONE
MPLADS-002565,17.91,30.76,0,0.0,0.0,0.0,0.9448,0.2222,0.0,0.0,NORMAL_DISBURSEMENT_SCHEDULE,NONE,NONE
MPLADS-002566,23.1,37.98,0,0.0,0.0,0.0,0.9377,0.2223,0.0,0.0,NORMAL_DISBURSEMENT_SCHEDULE,NONE,NONE
MPLADS-002567,33.72,55.24,0,0.0,0.0,0.0,0.9277,0.25,0.0,0.0,NORMAL_DISBURSEMENT_SCHEDULE,NONE,NONE
MPLADS-002568,44.64,72.78,0,0.0,0.0,0.0,0.9428,0.2222,0.0,0.0,NORMAL_DISBURSEMENT_SCHEDULE,NONE,NONE
MPLADS-002569,30.62,49.34,0,0.0,0.0,0.0,0.899,0.2222,0.0,0.0,NORMAL_DISBURSEMENT_SCHEDULE,NONE,NONE
MPLADS-002570,37.65,62.46,0,0.0,0.0,0.0,0.9729,0.2222,0.0,0.0,NORMAL_DISBURSEMENT_SCHEDULE,NONE,NONE
MPLADS-002571,17.04,29.46,0,0.0,0.0,0.0,0.9569,0.2223,0.0,0.0,NORMAL_DISBURSEMENT_SCHEDULE,NONE,NONE
MPLADS-002572,8.48,13.92,0,0.0,0.0,0.0,0.9322,0.2222,0.0,0.0,NORMAL_DISBURSEMENT_SCHEDULE,NONE,NONE
MPLADS-002573,11.22,18.98,0,0.0,0.0,0.0,0.932,0.2223,0.0,0.0,NORMAL_DISBURSEMENT_SCHEDULE,NONE,NONE
MPLADS-002574,3.12,4.56,0,0.0,0.0,0.0,0.9534,0.2222,0.0,0.0,NORMAL_DISBURSEMENT_SCHEDULE,NONE,NONE
MPLADS-002575,66.42,88.1,0,1.0,2584000.0,0.0,0.962,0.2222,0.0,50.0,UNVERIFIED_DISBURSEMENT_BURST,NONE,NONE
MPLADS-002576,54.24,79.32,0,0.0,0.0,0.0,1.3973,0.2222,0.0,0.0,NORMAL_DISBURSEMENT_SCHEDULE,NONE,NONE
MPLADS-002577,69.42,90.6,0,0.0,0.0,0.0,0.8606,0.25,0.0,0.0,ELEVATED_PAYMENT_VOLATILITY,NONE,NONE
MPLADS-002578,41.05,67.8,0,0.0,0.0,0.0,0.9165,0.25,0.0,0.0,NORMAL_DISBURSEMENT_SCHEDULE,NONE,NONE
MPLADS-002579,85.34,98.86,1,0.0,0.0,0.0,0.9009,0.25,0.3466,0.0,PAYMENT_TIMING_ANOMALY,NONE,NONE
MPLADS-002580,4.27,6.42,0,0.0,0.0,0.0,0.9718,0.2222,0.0,0.0,NORMAL_DISBURSEMENT_SCHEDULE,NONE,NONE
MPLADS-002581,3.26,4.78,0,0.0,0.0,0.0,0.9223,0.2222,0.0,0.0,NORMAL_DISBURSEMENT_SCHEDULE,NONE,NONE
MPLADS-002582,38.33,63.64,0,0.0,0.0,0.0,0.8528,0.2222,0.0,0.0,NORMAL_DISBURSEMENT_SCHEDULE,NONE,NONE
MPLADS-002583,30.78,49.66,0,0.0,0.0,0.0,0.9228,0.25,0.0,0.0,NORMAL_DISBURSEMENT_SCHEDULE,NONE,NONE
MPLADS-002584,17.94,30.82,0,0.0,0.0,0.0,0.9514,0.2222,0.0,0.0,NORMAL_DISBURSEMENT_SCHEDULE,NONE,NONE
MPLADS-002585,8.44,13.86,0,0.0,0.0,0.0,0.9513,0.2222,0.0,0.0,NORMAL_DISBURSEMENT_SCHEDULE,NONE,NONE
MPLADS-002586,37.11,61.5,0,0.0,0.0,0.0,0.8503,0.2223,0.0,0.0,NORMAL_DISBURSEMENT_SCHEDULE,NONE,NONE
MPLADS-002587,88.18,99.32,1,0.0,0.0,0.0,1.5904,0.2222,0.231,0.0,PAYMENT_TIMING_ANOMALY,NONE,NONE
MPLADS-002588,29.37,47.04,0,0.0,0.0,0.0,0.913,0.25,0.0,0.0,NORMAL_DISBURSEMENT_SCHEDULE,NONE,NONE
MPLADS-002589,75.3,93.7,0,1.0,3646000.0,0.0,1.0,0.2222,0.0,50.0,UNVERIFIED_DISBURSEMENT_BURST,NONE,NONE
MPLADS-002590,37.02,61.34,0,0.0,0.0,0.0,0.8847,0.25,0.0,0.0,NORMAL_DISBURSEMENT_SCHEDULE,NONE,NONE
MPLADS-002591,17.89,30.74,0,0.0,0.0,0.0,0.8559,0.2222,0.0,0.0,NORMAL_DISBURSEMENT_SCHEDULE,NONE,NONE
MPLADS-002592,42.02,69.22,0,0.0,0.0,0.0,0.8587,0.25,0.0,0.0,NORMAL_DISBURSEMENT_SCHEDULE,NONE,NONE
MPLADS-002593,50.37,77.16,0,0.0,0.0,0.0,1.3027,0.2223,0.0,0.0,NORMAL_DISBURSEMENT_SCHEDULE,NONE,NONE
MPLADS-002594,33.82,55.44,0,0.0,0.0,0.0,0.9616,0.2222,0.0,0.0,NORMAL_DISBURSEMENT_SCHEDULE,NONE,NONE
MPLADS-002595,29.5,47.28,0,0.0,0.0,0.0,0.8981,0.25,0.0,0.0,NORMAL_DISBURSEMENT_SCHEDULE,NONE,NONE
MPLADS-002596,1.54,2.08,0,0.0,0.0,0.0,0.948,0.2222,0.0,25.0,NORMAL_DISBURSEMENT_SCHEDULE,NONE,NONE
MPLADS-002597,23.74,38.8,0,0.0,0.0,0.0,0.9637,0.2222,0.0,0.0,NORMAL_DISBURSEMENT_SCHEDULE,NONE,NONE
MPLADS-002598,34.97,57.6,0,0.0,0.0,0.0,0.9148,0.25,0.0,0.0,NORMAL_DISBURSEMENT_SCHEDULE,NONE,NONE
MPLADS-002599,30.59,49.3,0,0.0,0.0,0.0,0.875,0.25,0.0,0.0,NORMAL_DISBURSEMENT_SCHEDULE,NONE,NONE
MPLADS-002600,35.1,57.86,0,0.0,0.0,0.0,0.9649,0.2222,0.0,0.0,NORMAL_DISBURSEMENT_SCHEDULE,NONE,NONE
MPLADS-002601,39.29,65.22,0,0.0,0.0,0.0,0.8992,0.2223,0.0,0.0,NORMAL_DISBURSEMENT_SCHEDULE,NONE,NONE
MPLADS-002602,12.75,21.92,0,0.0,0.0,0.0,0.898,0.2222,0.0,0.0,NORMAL_DISBURSEMENT_SCHEDULE,NONE,NONE
MPLADS-002603,18.95,32.42,0,0.0,0.0,0.0,0.9418,0.2222,0.0,0.0,NORMAL_DISBURSEMENT_SCHEDULE,NONE,NONE
MPLADS-002604,3.95,5.9,0,0.0,0.0,0.0,0.9086,0.2222,0.0,0.0,NORMAL_DISBURSEMENT_SCHEDULE,NONE,NONE
MPLADS-002605,79.82,96.18,1,1.0,2389000.0,0.3345,0.97,0.2222,0.0,75.0,UNVERIFIED_DISBURSEMENT_BURST,STATUTORY_CEILING_SMURFING,NONE
MPLADS-002606,43.17,70.88,0,0.0,0.0,0.0,0.8921,0.2222,0.0,0.0,NORMAL_DISBURSEMENT_SCHEDULE,NONE,NONE
MPLADS-002607,9.9,16.54,0,0.0,0.0,0.0,0.9613,0.2222,0.0,0.0,NORMAL_DISBURSEMENT_SCHEDULE,NONE,NONE
MPLADS-002608,3.25,4.76,0,0.0,0.0,0.0,0.889,0.2222,0.0,0.0,NORMAL_DISBURSEMENT_SCHEDULE,NONE,NONE
MPLADS-002609,26.68,42.5,0,0.0,0.0,0.0,0.9086,0.25,0.0,0.0,NORMAL_DISBURSEMENT_SCHEDULE,NONE,NONE
MPLADS-002610,78.42,95.52,1,0.0,0.0,0.0,1.5272,0.2222,0.0,0.0,ELEVATED_PAYMENT_VOLATILITY,NONE,NONE
MPLADS-002611,34.73,57.12,0,0.0,0.0,0.0,0.9609,0.25,0.0,0.0,NORMAL_DISBURSEMENT_SCHEDULE,NONE,NONE
MPLADS-002612,62.85,84.7,0,0.0,0.0,0.0,0.8555,0.2222,0.0,0.0,ELEVATED_PAYMENT_VOLATILITY,NONE,NONE
MPLADS-002613,15.22,26.42,0,0.0,0.0,0.0,0.9095,0.2223,0.0,0.0,NORMAL_DISBURSEMENT_SCHEDULE,NONE,NONE
MPLADS-002614,46.09,74.28,0,0.0,0.0,0.0,0.967,0.2222,0.0,0.0,NORMAL_DISBURSEMENT_SCHEDULE,NONE,NONE
MPLADS-002615,8.37,13.72,0,0.0,0.0,0.0,0.9121,0.2222,0.0,0.0,NORMAL_DISBURSEMENT_SCHEDULE,NONE,NONE
MPLADS-002616,53.0,78.62,0,0.0,0.0,0.0,0.9579,0.2222,0.0,0.0,NORMAL_DISBURSEMENT_SCHEDULE,NONE,NONE
MPLADS-002617,69.36,90.56,0,0.0,0.0,0.0,0.9177,0.2222,0.231,0.0,PAYMENT_TIMING_ANOMALY,NONE,NONE
MPLADS-002618,37.76,62.66,0,0.0,0.0,0.0,0.8835,0.25,0.0,0.0,NORMAL_DISBURSEMENT_SCHEDULE,NONE,NONE
MPLADS-002619,27.45,43.6,0,0.0,0.0,0.0,0.9383,0.25,0.0,0.0,NORMAL_DISBURSEMENT_SCHEDULE,NONE,NONE
MPLADS-002620,28.36,45.12,0,0.0,0.0,0.0,0.9334,0.25,0.0,0.0,NORMAL_DISBURSEMENT_SCHEDULE,NONE,NONE
MPLADS-002621,46.75,74.84,0,0.0,0.0,0.0,0.968,0.2222,0.0,0.0,NORMAL_DISBURSEMENT_SCHEDULE,NONE,NONE
MPLADS-002622,22.87,37.66,0,0.0,0.0,0.0,0.9151,0.2223,0.0,0.0,NORMAL_DISBURSEMENT_SCHEDULE,NONE,NONE
MPLADS-002623,78.14,95.34,1,0.0,0.0,0.0,0.8646,0.2222,0.231,0.0,PAYMENT_TIMING_ANOMALY,NONE,NONE
MPLADS-002624,22.12,36.68,0,0.0,0.0,0.0,0.8715,0.2222,0.0,0.0,NORMAL_DISBURSEMENT_SCHEDULE,NONE,NONE
MPLADS-002625,39.37,65.36,0,0.0,0.0,0.0,0.854,0.2222,0.0,0.0,NORMAL_DISBURSEMENT_SCHEDULE,NONE,NONE
MPLADS-002626,62.79,84.64,0,0.0,0.0,0.0,0.8538,0.2222,0.0,0.0,ELEVATED_PAYMENT_VOLATILITY,NONE,NONE
MPLADS-002627,18.04,30.96,0,0.0,0.0,0.0,0.9158,0.2222,0.0,0.0,NORMAL_DISBURSEMENT_SCHEDULE,NONE,NONE
MPLADS-002628,20.25,34.22,0,0.0,0.0,0.0,0.8662,0.2222,0.0,0.0,NORMAL_DISBURSEMENT_SCHEDULE,NONE,NONE
MPLADS-002629,13.45,23.28,0,0.0,0.0,0.0,0.912,0.2223,0.0,0.0,NORMAL_DISBURSEMENT_SCHEDULE,NONE,NONE
MPLADS-002630,9.63,16.02,0,0.0,0.0,0.0,0.8559,0.2222,0.0,0.0,NORMAL_DISBURSEMENT_SCHEDULE,NONE,NONE
MPLADS-002631,55.54,79.98,0,0.0,0.0,0.0,0.892,0.2222,0.0,0.0,NORMAL_DISBURSEMENT_SCHEDULE,NONE,NONE
MPLADS-002632,53.22,78.78,0,0.0,0.0,0.0,0.9631,0.2222,0.0,0.0,NORMAL_DISBURSEMENT_SCHEDULE,NONE,NONE
MPLADS-002633,55.0,79.64,0,0.0,0.0,0.0,0.4521,0.2222,0.0,0.0,NORMAL_DISBURSEMENT_SCHEDULE,NONE,NONE
MPLADS-002634,27.22,43.3,0,0.0,0.0,0.0,0.9043,0.25,0.0,0.0,NORMAL_DISBURSEMENT_SCHEDULE,NONE,NONE
MPLADS-002635,65.31,87.02,0,1.0,2244000.0,0.1583,0.9152,0.2222,0.0,75.0,UNVERIFIED_DISBURSEMENT_BURST,STATUTORY_CEILING_SMURFING,NONE
MPLADS-002636,27.06,43.08,0,0.0,0.0,0.0,0.9318,0.25,0.0,0.0,NORMAL_DISBURSEMENT_SCHEDULE,NONE,NONE
MPLADS-002637,46.42,74.62,0,0.0,0.0,0.8148,0.9392,0.2222,0.0,25.0,NORMAL_DISBURSEMENT_SCHEDULE,NONE,NONE
MPLADS-002638,44.33,72.38,0,0.0,0.0,0.0,0.6749,0.2222,0.0,0.0,NORMAL_DISBURSEMENT_SCHEDULE,NONE,NONE
MPLADS-002639,50.66,77.3,0,0.0,0.0,0.0,0.9563,0.25,0.0,0.0,NORMAL_DISBURSEMENT_SCHEDULE,NONE,NONE
MPLADS-002640,74.65,93.44,0,0.0,0.0,0.0,1.4053,0.2223,0.0,0.0,ELEVATED_PAYMENT_VOLATILITY,NONE,NONE
MPLADS-002641,55.9,80.3,0,0.0,0.0,0.0,0.8973,0.25,0.0,0.0,NORMAL_DISBURSEMENT_SCHEDULE,NONE,NONE
MPLADS-002642,34.93,57.52,0,0.0,0.0,0.004,0.9268,0.2222,0.0,25.0,NORMAL_DISBURSEMENT_SCHEDULE,NONE,NONE
MPLADS-002643,80.75,96.7,1,0.0,0.0,0.9548,0.9417,0.2222,0.0,25.0,STATUTORY_CEILING_SMURFING,NONE,NONE
MPLADS-002644,81.52,97.12,1,0.0,0.0,0.9231,0.8574,0.2222,0.231,25.0,STATUTORY_CEILING_SMURFING,PAYMENT_TIMING_ANOMALY,NONE
MPLADS-002645,44.16,72.16,0,0.0,0.0,0.0,0.9217,0.2222,0.0,0.0,NORMAL_DISBURSEMENT_SCHEDULE,NONE,NONE
MPLADS-002646,3.45,5.06,0,0.0,0.0,0.0,0.967,0.2222,0.0,0.0,NORMAL_DISBURSEMENT_SCHEDULE,NONE,NONE
MPLADS-002647,23.2,38.1,0,0.0,0.0,0.0,0.9769,0.2222,0.0,0.0,NORMAL_DISBURSEMENT_SCHEDULE,NONE,NONE
MPLADS-002648,41.54,68.5,0,0.0,0.0,0.0,0.9278,0.25,0.0,0.0,NORMAL_DISBURSEMENT_SCHEDULE,NONE,NONE
MPLADS-002649,5.87,9.08,0,0.0,0.0,0.0,0.906,0.2222,0.0,0.0,NORMAL_DISBURSEMENT_SCHEDULE,NONE,NONE
MPLADS-002650,70.51,91.16,0,1.0,1549000.0,0.0,1.0,0.2222,0.0,50.0,UNVERIFIED_DISBURSEMENT_BURST,NONE,NONE
MPLADS-002651,1.33,1.7,0,0.0,0.0,0.0,0.9017,0.2222,0.0,0.0,NORMAL_DISBURSEMENT_SCHEDULE,NONE,NONE
MPLADS-002652,1.1,1.34,0,0.0,0.0,0.0,0.9287,0.2222,0.0,0.0,NORMAL_DISBURSEMENT_SCHEDULE,NONE,NONE
MPLADS-002653,45.66,73.88,0,0.0,0.0,0.0,0.9669,0.2222,0.0,0.0,NORMAL_DISBURSEMENT_SCHEDULE,NONE,NONE
MPLADS-002654,37.91,62.94,0,0.0,0.0,0.0,0.9685,0.25,0.0,0.0,NORMAL_DISBURSEMENT_SCHEDULE,NONE,NONE
MPLADS-002655,8.14,13.27,0,0.0,0.0,0.0,0.9449,0.2222,0.0,0.0,NORMAL_DISBURSEMENT_SCHEDULE,NONE,NONE
MPLADS-002656,7.54,12.12,0,0.0,0.0,0.0,0.975,0.2222,0.0,0.0,NORMAL_DISBURSEMENT_SCHEDULE,NONE,NONE
MPLADS-002657,26.64,42.46,0,0.0,0.0,0.0,0.9212,0.25,0.0,0.0,NORMAL_DISBURSEMENT_SCHEDULE,NONE,NONE
MPLADS-002658,18.3,31.4,0,0.0,0.0,0.0,0.979,0.2222,0.0,0.0,NORMAL_DISBURSEMENT_SCHEDULE,NONE,NONE
MPLADS-002659,69.24,90.44,0,0.0,0.0,0.0,0.8551,0.25,0.0,0.0,ELEVATED_PAYMENT_VOLATILITY,NONE,NONE
MPLADS-002660,14.79,25.74,0,0.0,0.0,0.0,0.9714,0.2223,0.0,0.0,NORMAL_DISBURSEMENT_SCHEDULE,NONE,NONE
MPLADS-002661,11.87,20.22,0,0.0,0.0,0.0,0.9317,0.2222,0.0,0.0,NORMAL_DISBURSEMENT_SCHEDULE,NONE,NONE
MPLADS-002662,21.91,36.38,0,0.0,0.0,0.0,0.8603,0.2222,0.0,0.0,NORMAL_DISBURSEMENT_SCHEDULE,NONE,NONE
MPLADS-002663,7.24,11.52,0,0.0,0.0,0.0,0.9011,0.2222,0.0,0.0,NORMAL_DISBURSEMENT_SCHEDULE,NONE,NONE
MPLADS-002664,54.49,79.46,0,0.0,0.0,0.0,0.868,0.2222,0.0,0.0,NORMAL_DISBURSEMENT_SCHEDULE,NONE,NONE
MPLADS-002665,78.02,95.3,1,1.0,14731000.0,0.0016,0.8882,0.2222,0.0,75.0,UNVERIFIED_DISBURSEMENT_BURST,STATUTORY_CEILING_SMURFING,NONE
MPLADS-002666,32.62,53.22,0,0.0,0.0,0.0,0.8915,0.25,0.0,0.0,NORMAL_DISBURSEMENT_SCHEDULE,NONE,NONE
MPLADS-002667,32.56,53.14,0,0.0,0.0,0.0,0.8585,0.2222,0.0,0.0,NORMAL_DISBURSEMENT_SCHEDULE,NONE,NONE
MPLADS-002668,16.59,28.72,0,0.0,0.0,0.0,0.9327,0.2222,0.0,0.0,NORMAL_DISBURSEMENT_SCHEDULE,NONE,NONE
MPLADS-002669,38.29,63.56,0,0.0,0.0,0.0,0.878,0.25,0.0,0.0,NORMAL_DISBURSEMENT_SCHEDULE,NONE,NONE
MPLADS-002670,77.55,95.02,1,0.0,0.0,0.0071,1.529,0.2222,0.0,25.0,STATUTORY_CEILING_SMURFING,NONE,NONE
MPLADS-002671,48.9,76.32,0,0.0,0.0,0.0843,0.9427,0.2222,0.0,25.0,NORMAL_DISBURSEMENT_SCHEDULE,NONE,NONE
MPLADS-002672,34.96,57.58,0,0.0,0.0,0.0,0.955,0.25,0.0,0.0,NORMAL_DISBURSEMENT_SCHEDULE,NONE,NONE
MPLADS-002673,15.96,27.68,0,0.0,0.0,0.2125,0.9169,0.2222,0.0,25.0,NORMAL_DISBURSEMENT_SCHEDULE,NONE,NONE
MPLADS-002674,21.29,35.58,0,0.0,0.0,0.0,0.8919,0.2222,0.0,0.0,NORMAL_DISBURSEMENT_SCHEDULE,NONE,NONE
MPLADS-002675,28.62,45.58,0,0.0,0.0,0.0,0.9304,0.25,0.0,0.0,NORMAL_DISBURSEMENT_SCHEDULE,NONE,NONE
MPLADS-002676,0.77,0.82,0,0.0,0.0,0.0,0.893,0.2222,0.0,0.0,NORMAL_DISBURSEMENT_SCHEDULE,NONE,NONE
MPLADS-002677,10.88,18.36,0,0.0,0.0,0.0,0.8962,0.2222,0.0,0.0,NORMAL_DISBURSEMENT_SCHEDULE,NONE,NONE
MPLADS-002678,41.45,68.36,0,0.0,0.0,0.0,0.9686,0.25,0.0,0.0,NORMAL_DISBURSEMENT_SCHEDULE,NONE,NONE
MPLADS-002679,13.8,23.94,0,0.0,0.0,0.0,0.8932,0.2222,0.0,0.0,NORMAL_DISBURSEMENT_SCHEDULE,NONE,NONE
MPLADS-002680,76.74,94.52,0,0.0,0.0,0.4868,0.6388,0.25,0.0,25.0,STATUTORY_CEILING_SMURFING,NONE,NONE
MPLADS-002681,74.62,93.4,0,1.0,2015000.0,0.0,0.9791,0.2222,0.0,50.0,UNVERIFIED_DISBURSEMENT_BURST,NONE,NONE
MPLADS-002682,18.7,32.02,0,0.0,0.0,0.0,0.8569,0.2223,0.0,0.0,NORMAL_DISBURSEMENT_SCHEDULE,NONE,NONE
MPLADS-002683,17.49,30.14,0,0.0,0.0,0.0,0.8805,0.2223,0.0,0.0,NORMAL_DISBURSEMENT_SCHEDULE,NONE,NONE
MPLADS-002684,62.25,84.12,0,0.0,0.0,0.0,1.56,0.2222,0.0,0.0,ELEVATED_PAYMENT_VOLATILITY,NONE,NONE
MPLADS-002685,8.1,13.16,0,0.0,0.0,0.0,0.9781,0.2222,0.0,0.0,NORMAL_DISBURSEMENT_SCHEDULE,NONE,NONE
MPLADS-002686,18.98,32.46,0,0.0,0.0,0.0,0.9603,0.2222,0.0,0.0,NORMAL_DISBURSEMENT_SCHEDULE,NONE,NONE
MPLADS-002687,66.83,88.48,0,0.0,0.0,0.0,0.8506,0.25,0.0,0.0,ELEVATED_PAYMENT_VOLATILITY,NONE,NONE
MPLADS-002688,59.65,82.54,0,1.0,1734000.0,0.0,0.916,0.2222,0.0,50.0,NORMAL_DISBURSEMENT_SCHEDULE,NONE,NONE
MPLADS-002689,66.29,88.04,0,0.0,0.0,0.0,0.8783,0.2222,0.0,0.0,ELEVATED_PAYMENT_VOLATILITY,NONE,NONE
MPLADS-002690,30.22,48.58,0,0.0,0.0,0.0,0.9199,0.25,0.0,0.0,NORMAL_DISBURSEMENT_SCHEDULE,NONE,NONE
MPLADS-002691,23.82,38.9,0,0.0,0.0,0.0,0.8834,0.2222,0.0,0.0,NORMAL_DISBURSEMENT_SCHEDULE,NONE,NONE
MPLADS-002692,8.62,14.18,0,0.0,0.0,0.0,0.8513,0.2222,0.0,0.0,NORMAL_DISBURSEMENT_SCHEDULE,NONE,NONE
MPLADS-002693,8.95,14.8,0,0.0,0.0,0.0,0.8826,0.2222,0.0,0.0,NORMAL_DISBURSEMENT_SCHEDULE,NONE,NONE
MPLADS-002694,6.47,10.12,0,0.0,0.0,0.0,0.8585,0.2222,0.0,0.0,NORMAL_DISBURSEMENT_SCHEDULE,NONE,NONE
MPLADS-002695,25.2,40.6,0,0.0,0.0,0.0,0.9154,0.2222,0.0,0.0,NORMAL_DISBURSEMENT_SCHEDULE,NONE,NONE
MPLADS-002696,14.3,24.9,0,0.0,0.0,0.0,0.8971,0.2222,0.0,0.0,NORMAL_DISBURSEMENT_SCHEDULE,NONE,NONE
MPLADS-002697,25.69,41.16,0,0.0,0.0,0.0,0.8817,0.2222,0.0,0.0,NORMAL_DISBURSEMENT_SCHEDULE,NONE,NONE
MPLADS-002698,13.14,22.68,0,0.0,0.0,0.0,0.9445,0.2222,0.0,0.0,NORMAL_DISBURSEMENT_SCHEDULE,NONE,NONE
MPLADS-002699,10.55,17.76,0,0.0,0.0,0.0,0.8629,0.2222,0.0,0.0,NORMAL_DISBURSEMENT_SCHEDULE,NONE,NONE
MPLADS-002700,15.48,26.8,0,0.0,0.0,0.0,0.969,0.2222,0.0,0.0,NORMAL_DISBURSEMENT_SCHEDULE,NONE,NONE
MPLADS-002701,41.06,67.82,0,0.0,0.0,0.0,0.9598,0.25,0.0,0.0,NORMAL_DISBURSEMENT_SCHEDULE,NONE,NONE
MPLADS-002702,39.41,65.4,0,0.0,0.0,0.0,0.8613,0.25,0.0,0.0,NORMAL_DISBURSEMENT_SCHEDULE,NONE,NONE
MPLADS-002703,38.61,64.12,0,0.0,0.0,0.0,0.8942,0.2222,0.0,0.0,NORMAL_DISBURSEMENT_SCHEDULE,NONE,NONE
MPLADS-002704,2.35,3.36,0,0.0,0.0,0.0,0.8961,0.2222,0.0,0.0,NORMAL_DISBURSEMENT_SCHEDULE,NONE,NONE
MPLADS-002705,28.74,45.8,0,0.0,0.0,0.0,0.9439,0.25,0.0,0.0,NORMAL_DISBURSEMENT_SCHEDULE,NONE,NONE
MPLADS-002706,3.37,4.92,0,0.0,0.0,0.0,0.8968,0.2222,0.0,0.0,NORMAL_DISBURSEMENT_SCHEDULE,NONE,NONE
MPLADS-002707,7.74,12.5,0,0.0,0.0,0.0,0.9112,0.2222,0.0,0.0,NORMAL_DISBURSEMENT_SCHEDULE,NONE,NONE
MPLADS-002708,27.4,43.52,0,0.0,0.0,0.0,0.8531,0.2222,0.0,0.0,NORMAL_DISBURSEMENT_SCHEDULE,NONE,NONE
MPLADS-002709,19.56,33.26,0,0.0,0.0,0.0,0.9387,0.2222,0.0,0.0,NORMAL_DISBURSEMENT_SCHEDULE,NONE,NONE
MPLADS-002710,6.44,10.06,0,0.0,0.0,0.0,0.9129,0.2222,0.0,0.0,NORMAL_DISBURSEMENT_SCHEDULE,NONE,NONE
MPLADS-002711,4.08,6.14,0,0.0,0.0,0.0,0.9794,0.2222,0.0,0.0,NORMAL_DISBURSEMENT_SCHEDULE,NONE,NONE
MPLADS-002712,57.77,81.44,0,0.0,0.0,0.0,0.8766,0.2222,0.0,0.0,NORMAL_DISBURSEMENT_SCHEDULE,NONE,NONE
MPLADS-002713,65.95,87.68,0,0.0,0.0,0.0,0.8687,0.2223,0.231,0.0,PAYMENT_TIMING_ANOMALY,NONE,NONE
MPLADS-002714,17.58,30.28,0,0.0,0.0,0.0,0.9042,0.2223,0.0,0.0,NORMAL_DISBURSEMENT_SCHEDULE,NONE,NONE
MPLADS-002715,85.08,98.84,1,0.0,0.0,0.0,0.563,0.25,0.0,0.0,ELEVATED_PAYMENT_VOLATILITY,NONE,NONE
MPLADS-002716,5.54,8.46,0,0.0,0.0,0.0,0.863,0.2222,0.0,0.0,NORMAL_DISBURSEMENT_SCHEDULE,NONE,NONE
MPLADS-002717,31.05,50.18,0,0.0,0.0,0.0,0.9782,0.2222,0.0,0.0,NORMAL_DISBURSEMENT_SCHEDULE,NONE,NONE
MPLADS-002718,5.46,8.32,0,0.0,0.0,0.0,0.9326,0.2222,0.0,0.0,NORMAL_DISBURSEMENT_SCHEDULE,NONE,NONE
MPLADS-002719,74.96,93.54,0,0.0,0.0,0.0,1.4754,0.2222,0.0,25.0,STATUTORY_CEILING_SMURFING,NONE,NONE
MPLADS-002720,76.49,94.4,0,1.0,9644000.0,0.0,0.912,0.2222,0.0,50.0,UNVERIFIED_DISBURSEMENT_BURST,NONE,NONE
MPLADS-002721,33.32,54.5,0,0.0,0.0,0.0,0.9571,0.2222,0.0,0.0,NORMAL_DISBURSEMENT_SCHEDULE,NONE,NONE
MPLADS-002722,23.87,38.98,0,0.0,0.0,0.0,0.9464,0.2222,0.0,0.0,NORMAL_DISBURSEMENT_SCHEDULE,NONE,NONE
MPLADS-002723,36.24,59.9,0,0.0,0.0,0.0,0.9686,0.2222,0.0,0.0,NORMAL_DISBURSEMENT_SCHEDULE,NONE,NONE
MPLADS-002724,44.42,72.5,0,0.0,0.0,0.0,0.9457,0.2222,0.0,0.0,NORMAL_DISBURSEMENT_SCHEDULE,NONE,NONE
MPLADS-002725,65.14,86.86,0,1.0,1844000.0,0.0,0.907,0.2223,0.0,50.0,UNVERIFIED_DISBURSEMENT_BURST,NONE,NONE
MPLADS-002726,7.43,11.92,0,0.0,0.0,0.0,0.9234,0.2222,0.0,0.0,NORMAL_DISBURSEMENT_SCHEDULE,NONE,NONE
MPLADS-002727,71.99,92.14,0,1.0,1040000.0,0.0,0.8889,0.2223,0.0,50.0,UNVERIFIED_DISBURSEMENT_BURST,NONE,NONE
MPLADS-002728,1.24,1.56,0,0.0,0.0,0.0,0.9214,0.2222,0.0,0.0,NORMAL_DISBURSEMENT_SCHEDULE,NONE,NONE
MPLADS-002729,20.64,34.78,0,0.0,0.0,0.0,0.9337,0.2222,0.0,0.0,NORMAL_DISBURSEMENT_SCHEDULE,NONE,NONE
MPLADS-002730,31.11,50.32,0,0.0,0.0,0.0,0.916,0.2222,0.0,0.0,NORMAL_DISBURSEMENT_SCHEDULE,NONE,NONE
MPLADS-002731,25.04,40.38,0,0.0,0.0,0.0,0.8983,0.2222,0.0,0.0,NORMAL_DISBURSEMENT_SCHEDULE,NONE,NONE
MPLADS-002732,45.01,73.08,0,0.0,0.0,0.0,0.8608,0.2222,0.0,0.0,NORMAL_DISBURSEMENT_SCHEDULE,NONE,NONE
MPLADS-002733,5.77,8.88,0,0.0,0.0,0.0,0.9274,0.2222,0.0,0.0,NORMAL_DISBURSEMENT_SCHEDULE,NONE,NONE
MPLADS-002734,68.66,90.0,0,0.0,0.0,0.0,1.3829,0.25,0.0,0.0,ELEVATED_PAYMENT_VOLATILITY,NONE,NONE
MPLADS-002735,36.44,60.28,0,0.0,0.0,0.0,0.8788,0.2223,0.0,0.0,NORMAL_DISBURSEMENT_SCHEDULE,NONE,NONE
MPLADS-002736,52.22,78.22,0,0.0,0.0,0.0,0.9205,0.2222,0.0,0.0,NORMAL_DISBURSEMENT_SCHEDULE,NONE,NONE
MPLADS-002737,32.04,52.18,0,0.0,0.0,0.0,0.8891,0.25,0.0,0.0,NORMAL_DISBURSEMENT_SCHEDULE,NONE,NONE
MPLADS-002738,69.28,90.5,0,0.0,0.0,0.0,0.9796,0.2222,0.0,0.0,ELEVATED_PAYMENT_VOLATILITY,NONE,NONE
MPLADS-002739,53.12,78.71,0,0.0,0.0,0.0,0.8758,0.2222,0.0,0.0,NORMAL_DISBURSEMENT_SCHEDULE,NONE,NONE
MPLADS-002740,76.47,94.38,0,0.0,0.0,0.0,0.9596,0.2222,0.231,0.0,PAYMENT_TIMING_ANOMALY,NONE,NONE
MPLADS-002741,32.91,53.8,0,0.0,0.0,0.0,0.9028,0.25,0.0,0.0,NORMAL_DISBURSEMENT_SCHEDULE,NONE,NONE
MPLADS-002742,60.51,83.04,0,0.0,0.0,0.0,0.9709,0.2223,0.0,0.0,ELEVATED_PAYMENT_VOLATILITY,NONE,NONE
MPLADS-002743,48.99,76.42,0,0.0,0.0,0.0,0.9724,0.2222,0.0,0.0,NORMAL_DISBURSEMENT_SCHEDULE,NONE,NONE
MPLADS-002744,12.53,21.5,0,0.0,0.0,0.0307,0.9039,0.2222,0.0,25.0,NORMAL_DISBURSEMENT_SCHEDULE,NONE,NONE
MPLADS-002745,76.18,94.14,0,1.0,8317000.0,0.0,0.901,0.2222,0.0,50.0,UNVERIFIED_DISBURSEMENT_BURST,NONE,NONE
MPLADS-002746,39.8,65.98,0,0.0,0.0,0.0,0.885,0.25,0.0,0.0,NORMAL_DISBURSEMENT_SCHEDULE,NONE,NONE
MPLADS-002747,84.49,98.54,1,0.0,0.0,0.0,1.5839,0.2222,0.0,0.0,ELEVATED_PAYMENT_VOLATILITY,NONE,NONE
MPLADS-002748,13.15,22.7,0,0.0,0.0,0.0,0.8944,0.2222,0.0,0.0,NORMAL_DISBURSEMENT_SCHEDULE,NONE,NONE
MPLADS-002749,29.3,46.88,0,0.0,0.0,0.0,0.8721,0.2222,0.0,0.0,NORMAL_DISBURSEMENT_SCHEDULE,NONE,NONE
MPLADS-002750,10.44,17.54,0,0.0,0.0,0.0,0.8537,0.2222,0.0,0.0,NORMAL_DISBURSEMENT_SCHEDULE,NONE,NONE
MPLADS-002751,40.28,66.78,0,0.0,0.0,0.0,0.9614,0.25,0.0,0.0,NORMAL_DISBURSEMENT_SCHEDULE,NONE,NONE
MPLADS-002752,11.06,18.7,0,0.0,0.0,0.0,0.8529,0.2222,0.0,0.0,NORMAL_DISBURSEMENT_SCHEDULE,NONE,NONE
MPLADS-002753,29.02,46.36,0,0.0,0.0,0.0,0.901,0.25,0.0,0.0,NORMAL_DISBURSEMENT_SCHEDULE,NONE,NONE
MPLADS-002754,49.71,76.86,0,0.0,0.0,0.9873,0.9693,0.2222,0.0,25.0,NORMAL_DISBURSEMENT_SCHEDULE,NONE,NONE
MPLADS-002755,37.47,62.1,0,0.0,0.0,0.0,0.8727,0.25,0.0,0.0,NORMAL_DISBURSEMENT_SCHEDULE,NONE,NONE
MPLADS-002756,20.01,33.92,0,0.0,0.0,0.0,0.9661,0.2222,0.0,0.0,NORMAL_DISBURSEMENT_SCHEDULE,NONE,NONE
MPLADS-002757,56.45,80.58,0,0.0,0.0,0.0,1.5247,0.2222,0.0,0.0,NORMAL_DISBURSEMENT_SCHEDULE,NONE,NONE
MPLADS-002758,9.02,14.9,0,0.0,0.0,0.0,0.8506,0.2222,0.0,0.0,NORMAL_DISBURSEMENT_SCHEDULE,NONE,NONE
MPLADS-002759,34.08,55.94,0,0.0,0.0,0.0006,0.8968,0.2222,0.0,25.0,NORMAL_DISBURSEMENT_SCHEDULE,NONE,NONE
MPLADS-002760,21.84,36.3,0,0.0,0.0,0.0,0.8671,0.2222,0.0,0.0,NORMAL_DISBURSEMENT_SCHEDULE,NONE,NONE
MPLADS-002761,24.6,39.84,0,0.0,0.0,0.1708,0.881,0.2222,0.0,25.0,NORMAL_DISBURSEMENT_SCHEDULE,NONE,NONE
MPLADS-002762,26.53,42.28,0,0.0,0.0,0.0,0.9061,0.25,0.0,0.0,NORMAL_DISBURSEMENT_SCHEDULE,NONE,NONE
MPLADS-002763,62.48,84.34,0,1.0,1339000.0,0.0,0.949,0.2222,0.0,50.0,UNVERIFIED_DISBURSEMENT_BURST,NONE,NONE
MPLADS-002764,26.11,41.68,0,0.0,0.0,0.0,0.8897,0.2223,0.0,0.0,NORMAL_DISBURSEMENT_SCHEDULE,NONE,NONE
MPLADS-002765,63.97,85.66,0,1.0,1876000.0,0.0,0.9098,0.2222,0.0,50.0,UNVERIFIED_DISBURSEMENT_BURST,NONE,NONE
MPLADS-002766,2.9,4.2,0,0.0,0.0,0.0,0.8652,0.2222,0.0,0.0,NORMAL_DISBURSEMENT_SCHEDULE,NONE,NONE
MPLADS-002767,42.57,70.06,0,0.0,0.0,0.0,0.9768,0.2222,0.0,0.0,NORMAL_DISBURSEMENT_SCHEDULE,NONE,NONE
MPLADS-002768,48.37,76.08,0,0.0,0.0,0.0,1.283,0.2222,0.0,0.0,NORMAL_DISBURSEMENT_SCHEDULE,NONE,NONE
MPLADS-002769,7.77,12.56,0,0.0,0.0,0.0,0.868,0.2222,0.0,0.0,NORMAL_DISBURSEMENT_SCHEDULE,NONE,NONE
MPLADS-002770,32.85,53.68,0,0.0,0.0,0.0,0.8635,0.2222,0.0,0.0,NORMAL_DISBURSEMENT_SCHEDULE,NONE,NONE
MPLADS-002771,9.38,15.56,0,0.0,0.0,0.0,0.9615,0.2222,0.0,0.0,NORMAL_DISBURSEMENT_SCHEDULE,NONE,NONE
MPLADS-002772,73.89,93.18,0,1.0,1700000.0,0.0,0.8638,0.2223,0.0,50.0,UNVERIFIED_DISBURSEMENT_BURST,NONE,NONE
MPLADS-002773,56.62,80.7,0,0.0,0.0,0.0,0.944,0.2222,0.0,0.0,NORMAL_DISBURSEMENT_SCHEDULE,NONE,NONE
MPLADS-002774,40.91,67.56,0,0.0,0.0,0.0,0.8516,0.25,0.0,0.0,NORMAL_DISBURSEMENT_SCHEDULE,NONE,NONE
MPLADS-002775,65.45,87.14,0,0.0,0.0,0.0,1.549,0.2222,0.0,0.0,ELEVATED_PAYMENT_VOLATILITY,NONE,NONE
MPLADS-002776,63.47,85.3,0,0.0,0.0,0.0,0.9644,0.2222,0.231,0.0,PAYMENT_TIMING_ANOMALY,NONE,NONE
MPLADS-002777,29.35,47.0,0,0.0,0.0,0.0,0.8895,0.25,0.0,0.0,NORMAL_DISBURSEMENT_SCHEDULE,NONE,NONE
MPLADS-002778,0.89,0.98,0,0.0,0.0,0.0,0.9155,0.2222,0.0,0.0,NORMAL_DISBURSEMENT_SCHEDULE,NONE,NONE
MPLADS-002779,28.63,45.6,0,0.0,0.0,0.0,0.902,0.25,0.0,0.0,NORMAL_DISBURSEMENT_SCHEDULE,NONE,NONE
MPLADS-002780,20.82,34.96,0,0.0,0.0,0.0,0.9275,0.2222,0.0,0.0,NORMAL_DISBURSEMENT_SCHEDULE,NONE,NONE
MPLADS-002781,34.47,56.64,0,0.0,0.0,0.0,0.9409,0.25,0.0,0.0,NORMAL_DISBURSEMENT_SCHEDULE,NONE,NONE
MPLADS-002782,15.06,26.2,0,0.0,0.0,0.0,0.9451,0.2222,0.0,0.0,NORMAL_DISBURSEMENT_SCHEDULE,NONE,NONE
MPLADS-002783,34.47,56.62,0,0.0,0.0,0.0,0.9619,0.2222,0.0,0.0,NORMAL_DISBURSEMENT_SCHEDULE,NONE,NONE
MPLADS-002784,82.78,97.78,1,1.0,7924000.0,0.0,0.88,0.2222,0.0,50.0,UNVERIFIED_DISBURSEMENT_BURST,NONE,NONE
MPLADS-002785,32.11,52.3,0,0.0,0.0,0.0,0.8743,0.2222,0.0,0.0,NORMAL_DISBURSEMENT_SCHEDULE,NONE,NONE
MPLADS-002786,6.4,10.0,0,0.0,0.0,0.0,0.9186,0.2222,0.0,0.0,NORMAL_DISBURSEMENT_SCHEDULE,NONE,NONE
MPLADS-002787,63.78,85.52,0,0.0,0.0,0.0,0.9798,0.2222,0.0,0.0,ELEVATED_PAYMENT_VOLATILITY,NONE,NONE
MPLADS-002788,7.34,11.72,0,0.0,0.0,0.0,0.966,0.2222,0.0,0.0,NORMAL_DISBURSEMENT_SCHEDULE,NONE,NONE
MPLADS-002789,84.57,98.6,1,1.0,16008000.0,0.0,0.977,0.2222,0.0,50.0,UNVERIFIED_DISBURSEMENT_BURST,NONE,NONE
MPLADS-002790,19.52,33.18,0,0.0,0.0,0.0,0.9164,0.2222,0.0,0.0,NORMAL_DISBURSEMENT_SCHEDULE,NONE,NONE
MPLADS-002791,8.63,14.2,0,0.0,0.0,0.0,0.8557,0.2222,0.0,0.0,NORMAL_DISBURSEMENT_SCHEDULE,NONE,NONE
MPLADS-002792,10.51,17.68,0,0.0,0.0,0.0,0.8977,0.2222,0.0,0.0,NORMAL_DISBURSEMENT_SCHEDULE,NONE,NONE
MPLADS-002793,38.12,63.3,0,0.0,0.0,0.0,0.9687,0.2222,0.0,0.0,NORMAL_DISBURSEMENT_SCHEDULE,NONE,NONE
MPLADS-002794,43.78,71.7,0,0.0,0.0,0.0,0.8781,0.25,0.0,0.0,NORMAL_DISBURSEMENT_SCHEDULE,NONE,NONE
MPLADS-002795,54.11,79.28,0,0.0,0.0,0.7717,0.8818,0.2222,0.0,25.0,NORMAL_DISBURSEMENT_SCHEDULE,NONE,NONE
MPLADS-002796,9.18,15.2,0,0.0,0.0,0.0,0.8884,0.2222,0.0,0.0,NORMAL_DISBURSEMENT_SCHEDULE,NONE,NONE
MPLADS-002797,22.86,37.64,0,0.0,0.0,0.0,0.9029,0.2222,0.0,0.0,NORMAL_DISBURSEMENT_SCHEDULE,NONE,NONE
MPLADS-002798,34.68,57.04,0,0.0,0.0,0.0,0.9552,0.25,0.0,0.0,NORMAL_DISBURSEMENT_SCHEDULE,NONE,NONE
MPLADS-002799,29.06,46.44,0,0.0,0.0,0.0,0.8902,0.2222,0.0,0.0,NORMAL_DISBURSEMENT_SCHEDULE,NONE,NONE
MPLADS-002800,58.53,81.82,0,0.0,0.0,0.0,0.861,0.2222,0.0,0.0,NORMAL_DISBURSEMENT_SCHEDULE,NONE,NONE
MPLADS-002801,13.97,24.3,0,0.0,0.0,0.0,0.9293,0.2222,0.0,0.0,NORMAL_DISBURSEMENT_SCHEDULE,NONE,NONE
MPLADS-002802,68.13,89.54,0,1.0,2560000.0,0.0,0.976,0.2222,0.0,50.0,UNVERIFIED_DISBURSEMENT_BURST,NONE,NONE
MPLADS-002803,58.74,81.98,0,0.0,0.0,0.0,0.8665,0.2222,0.0,0.0,NORMAL_DISBURSEMENT_SCHEDULE,NONE,NONE
MPLADS-002804,37.42,62.02,0,0.0,0.0,0.0,0.9608,0.25,0.0,0.0,NORMAL_DISBURSEMENT_SCHEDULE,NONE,NONE
MPLADS-002805,28.66,45.66,0,0.0,0.0,0.0,0.9217,0.25,0.0,0.0,NORMAL_DISBURSEMENT_SCHEDULE,NONE,NONE
MPLADS-002806,5.89,9.1,0,0.0,0.0,0.0,0.8879,0.2222,0.0,0.0,NORMAL_DISBURSEMENT_SCHEDULE,NONE,NONE
MPLADS-002807,36.92,61.16,0,0.0,0.0,0.0,0.9686,0.2222,0.0,0.0,NORMAL_DISBURSEMENT_SCHEDULE,NONE,NONE
MPLADS-002808,50.04,77.02,0,0.0,0.0,0.0,0.8617,0.2222,0.0,0.0,NORMAL_DISBURSEMENT_SCHEDULE,NONE,NONE
MPLADS-002809,38.8,64.46,0,0.0,0.0,0.0,0.923,0.2222,0.0,0.0,NORMAL_DISBURSEMENT_SCHEDULE,NONE,NONE
MPLADS-002810,17.64,30.4,0,0.0,0.0,0.0,0.8587,0.2222,0.0,0.0,NORMAL_DISBURSEMENT_SCHEDULE,NONE,NONE
MPLADS-002811,4.07,6.12,0,0.0,0.0,0.0,0.9021,0.2222,0.0,0.0,NORMAL_DISBURSEMENT_SCHEDULE,NONE,NONE
MPLADS-002812,83.87,98.34,1,0.0,0.0,0.0,0.9592,0.2222,0.231,0.0,PAYMENT_TIMING_ANOMALY,NONE,NONE
MPLADS-002813,19.69,33.46,0,0.0,0.0,0.0,0.9729,0.2223,0.0,0.0,NORMAL_DISBURSEMENT_SCHEDULE,NONE,NONE
MPLADS-002814,17.11,29.58,0,0.0,0.0,0.0,0.9558,0.2223,0.0,0.0,NORMAL_DISBURSEMENT_SCHEDULE,NONE,NONE
MPLADS-002815,34.26,56.26,0,0.0,0.0,0.0,0.9583,0.25,0.0,0.0,NORMAL_DISBURSEMENT_SCHEDULE,NONE,NONE
MPLADS-002816,10.65,17.98,0,0.0,0.0,0.0,0.8807,0.2222,0.0,0.0,NORMAL_DISBURSEMENT_SCHEDULE,NONE,NONE
MPLADS-002817,6.64,10.42,0,0.0,0.0,0.0,0.9352,0.2222,0.0,0.0,NORMAL_DISBURSEMENT_SCHEDULE,NONE,NONE
MPLADS-002818,35.98,59.46,0,0.0,0.0,0.0,0.8851,0.25,0.0,0.0,NORMAL_DISBURSEMENT_SCHEDULE,NONE,NONE
MPLADS-002819,15.6,27.0,0,0.0,0.0,0.0,0.8735,0.2223,0.0,0.0,NORMAL_DISBURSEMENT_SCHEDULE,NONE,NONE
MPLADS-002820,46.18,74.36,0,0.0,0.0,0.0,0.9684,0.25,0.0,0.0,NORMAL_DISBURSEMENT_SCHEDULE,NONE,NONE
MPLADS-002821,61.58,83.58,0,0.0,0.0,0.0,0.9217,0.25,0.0,0.0,ELEVATED_PAYMENT_VOLATILITY,NONE,NONE
MPLADS-002822,20.46,34.48,0,0.0,0.0,0.0377,0.8788,0.2223,0.0,25.0,NORMAL_DISBURSEMENT_SCHEDULE,NONE,NONE
MPLADS-002823,4.31,6.5,0,0.0,0.0,0.0,0.9679,0.2222,0.0,0.0,NORMAL_DISBURSEMENT_SCHEDULE,NONE,NONE
MPLADS-002824,57.36,81.14,0,0.0,0.0,0.0,0.932,0.2223,0.0,0.0,NORMAL_DISBURSEMENT_SCHEDULE,NONE,NONE
MPLADS-002825,64.33,86.04,0,0.0,0.0,0.0,0.9498,0.2223,0.231,0.0,PAYMENT_TIMING_ANOMALY,NONE,NONE
MPLADS-002826,11.96,20.4,0,0.0,0.0,0.0,0.9052,0.2222,0.0,0.0,NORMAL_DISBURSEMENT_SCHEDULE,NONE,NONE
MPLADS-002827,6.29,9.82,0,0.0,0.0,0.0,0.9671,0.2222,0.0,0.0,NORMAL_DISBURSEMENT_SCHEDULE,NONE,NONE
MPLADS-002828,37.21,61.66,0,0.0,0.0,0.0,0.869,0.25,0.0,0.0,NORMAL_DISBURSEMENT_SCHEDULE,NONE,NONE
MPLADS-002829,63.15,84.96,0,0.0,0.0,0.0,0.8542,0.25,0.0,0.0,ELEVATED_PAYMENT_VOLATILITY,NONE,NONE
MPLADS-002830,56.42,80.56,0,0.0,0.0,0.0,0.8981,0.2222,0.0,0.0,NORMAL_DISBURSEMENT_SCHEDULE,NONE,NONE
MPLADS-002831,76.06,94.08,0,1.0,12787000.0,0.0,0.962,0.2222,0.0,50.0,UNVERIFIED_DISBURSEMENT_BURST,NONE,NONE
MPLADS-002832,15.83,27.42,0,0.0,0.0,0.0,0.939,0.2222,0.0,0.0,NORMAL_DISBURSEMENT_SCHEDULE,NONE,NONE
MPLADS-002833,65.07,86.78,0,0.0,0.0,0.0,0.9644,0.2222,0.0,0.0,ELEVATED_PAYMENT_VOLATILITY,NONE,NONE
MPLADS-002834,33.49,54.8,0,0.0,0.0,0.0,0.8959,0.2222,0.0,0.0,NORMAL_DISBURSEMENT_SCHEDULE,NONE,NONE
MPLADS-002835,52.11,78.12,0,0.0,0.0,0.0,0.9457,0.2223,0.0,0.0,NORMAL_DISBURSEMENT_SCHEDULE,NONE,NONE
MPLADS-002836,31.36,50.8,0,0.0,0.0,0.0,0.9136,0.25,0.0,0.0,NORMAL_DISBURSEMENT_SCHEDULE,NONE,NONE
MPLADS-002837,9.69,16.14,0,0.0,0.0,0.0,0.9504,0.2223,0.0,0.0,NORMAL_DISBURSEMENT_SCHEDULE,NONE,NONE
MPLADS-002838,24.04,39.18,0,0.0,0.0,0.0,0.9764,0.2222,0.0,0.0,NORMAL_DISBURSEMENT_SCHEDULE,NONE,NONE
MPLADS-002839,34.28,56.3,0,0.0,0.0,0.0,0.924,0.25,0.0,0.0,NORMAL_DISBURSEMENT_SCHEDULE,NONE,NONE
MPLADS-002840,13.72,23.78,0,0.0,0.0,0.0,0.9659,0.2222,0.0,0.0,NORMAL_DISBURSEMENT_SCHEDULE,NONE,NONE
MPLADS-002841,32.14,52.36,0,0.0,0.0,0.0,0.8893,0.25,0.0,0.0,NORMAL_DISBURSEMENT_SCHEDULE,NONE,NONE
MPLADS-002842,16.57,28.68,0,0.0,0.0,0.0377,0.9213,0.2222,0.0,25.0,NORMAL_DISBURSEMENT_SCHEDULE,NONE,NONE
MPLADS-002843,6.56,10.3,0,0.0,0.0,0.0,0.9305,0.2222,0.0,0.0,NORMAL_DISBURSEMENT_SCHEDULE,NONE,NONE
MPLADS-002844,53.68,79.08,0,0.0,0.0,0.7492,0.8557,0.2222,0.0,25.0,NORMAL_DISBURSEMENT_SCHEDULE,NONE,NONE
MPLADS-002845,46.66,74.76,0,0.0,0.0,0.0,0.8944,0.2222,0.0,0.0,NORMAL_DISBURSEMENT_SCHEDULE,NONE,NONE
MPLADS-002846,34.04,55.86,0,0.0,0.0,0.0889,0.8585,0.2222,0.0,25.0,NORMAL_DISBURSEMENT_SCHEDULE,NONE,NONE
MPLADS-002847,13.64,23.64,0,0.0,0.0,0.0,0.9358,0.2223,0.0,0.0,NORMAL_DISBURSEMENT_SCHEDULE,NONE,NONE
MPLADS-002848,45.29,73.44,0,0.0,0.0,0.9873,0.9696,0.2222,0.0,25.0,NORMAL_DISBURSEMENT_SCHEDULE,NONE,NONE
MPLADS-002849,74.95,93.52,0,1.0,1364000.0,0.0,1.0,0.2223,0.0,50.0,UNVERIFIED_DISBURSEMENT_BURST,NONE,NONE
MPLADS-002850,16.78,29.04,0,0.0,0.0,0.0,0.9003,0.2223,0.0,0.0,NORMAL_DISBURSEMENT_SCHEDULE,NONE,NONE
MPLADS-002851,12.06,20.56,0,0.0,0.0,0.0,0.952,0.2222,0.0,0.0,NORMAL_DISBURSEMENT_SCHEDULE,NONE,NONE
MPLADS-002852,68.69,90.02,0,0.0,0.0,0.0,0.9065,0.2222,0.0,0.0,ELEVATED_PAYMENT_VOLATILITY,NONE,NONE
MPLADS-002853,21.65,36.02,0,0.0,0.0,0.0,0.86,0.2222,0.0,0.0,NORMAL_DISBURSEMENT_SCHEDULE,NONE,NONE
MPLADS-002854,36.4,60.2,0,0.0,0.0,0.0,0.8723,0.25,0.0,0.0,NORMAL_DISBURSEMENT_SCHEDULE,NONE,NONE
MPLADS-002855,7.59,12.2,0,0.0,0.0,0.0,0.9116,0.2222,0.0,0.0,NORMAL_DISBURSEMENT_SCHEDULE,NONE,NONE
MPLADS-002856,1.62,2.24,0,0.0,0.0,0.0,0.9539,0.2222,0.0,0.0,NORMAL_DISBURSEMENT_SCHEDULE,NONE,NONE
MPLADS-002857,37.94,63.0,0,0.0,0.0,0.0,0.9668,0.25,0.0,0.0,NORMAL_DISBURSEMENT_SCHEDULE,NONE,NONE
MPLADS-002858,5.47,8.34,0,0.0,0.0,0.0,0.9212,0.2222,0.0,0.0,NORMAL_DISBURSEMENT_SCHEDULE,NONE,NONE
MPLADS-002859,62.26,84.14,0,0.0,0.0,0.0,0.9306,0.2222,0.231,0.0,PAYMENT_TIMING_ANOMALY,NONE,NONE
MPLADS-002860,12.16,20.74,0,0.0,0.0,0.0,0.9492,0.2222,0.0,0.0,NORMAL_DISBURSEMENT_SCHEDULE,NONE,NONE
MPLADS-002861,9.07,15.0,0,0.0,0.0,0.0,0.9348,0.2223,0.0,0.0,NORMAL_DISBURSEMENT_SCHEDULE,NONE,NONE
MPLADS-002862,11.34,19.22,0,0.0,0.0,0.0,0.9699,0.2222,0.0,0.0,NORMAL_DISBURSEMENT_SCHEDULE,NONE,NONE
MPLADS-002863,8.98,14.84,0,0.0,0.0,0.0,0.9372,0.2222,0.0,0.0,NORMAL_DISBURSEMENT_SCHEDULE,NONE,NONE
MPLADS-002864,23.42,38.36,0,0.0,0.0,0.0,0.8711,0.2222,0.0,0.0,NORMAL_DISBURSEMENT_SCHEDULE,NONE,NONE
MPLADS-002865,29.78,47.78,0,0.0,0.0,0.0,0.901,0.2222,0.0,0.0,NORMAL_DISBURSEMENT_SCHEDULE,NONE,NONE
MPLADS-002866,14.71,25.62,0,0.0,0.0,0.0,0.9767,0.2222,0.0,0.0,NORMAL_DISBURSEMENT_SCHEDULE,NONE,NONE
MPLADS-002867,6.92,10.96,0,0.0,0.0,0.0,0.8877,0.2222,0.0,0.0,NORMAL_DISBURSEMENT_SCHEDULE,NONE,NONE
MPLADS-002868,81.44,97.04,1,0.0,0.0,0.0,1.5838,0.25,0.0,0.0,ELEVATED_PAYMENT_VOLATILITY,NONE,NONE
MPLADS-002869,11.12,18.78,0,0.0,0.0,0.0,0.9472,0.2223,0.0,0.0,NORMAL_DISBURSEMENT_SCHEDULE,NONE,NONE
MPLADS-002870,88.13,99.3,1,1.0,16374000.0,0.0,1.0,0.2222,0.0,50.0,UNVERIFIED_DISBURSEMENT_BURST,NONE,NONE
MPLADS-002871,4.04,6.06,0,0.0,0.0,0.0,0.8727,0.2222,0.0,0.0,NORMAL_DISBURSEMENT_SCHEDULE,NONE,NONE
MPLADS-002872,29.58,47.42,0,0.0,0.0,0.0,0.932,0.2222,0.0,0.0,NORMAL_DISBURSEMENT_SCHEDULE,NONE,NONE
MPLADS-002873,6.66,10.46,0,0.0,0.0,0.0,0.8715,0.2222,0.0,0.0,NORMAL_DISBURSEMENT_SCHEDULE,NONE,NONE
MPLADS-002874,1.18,1.46,0,0.0,0.0,0.0,0.875,0.2222,0.0,0.0,NORMAL_DISBURSEMENT_SCHEDULE,NONE,NONE
MPLADS-002875,41.37,68.24,0,0.0,0.0,0.0,0.8823,0.2222,0.0,0.0,NORMAL_DISBURSEMENT_SCHEDULE,NONE,NONE
MPLADS-002876,32.87,53.74,0,0.0,0.0,0.0,0.8644,0.2222,0.0,0.0,NORMAL_DISBURSEMENT_SCHEDULE,NONE,NONE
MPLADS-002877,10.09,16.9,0,0.0,0.0,0.0,0.9724,0.2222,0.0,0.0,NORMAL_DISBURSEMENT_SCHEDULE,NONE,NONE
MPLADS-002878,29.48,47.24,0,0.0,0.0,0.3345,0.9105,0.2222,0.0,25.0,NORMAL_DISBURSEMENT_SCHEDULE,NONE,NONE
MPLADS-002879,28.81,45.94,0,0.0,0.0,0.0,0.9254,0.2222,0.0,0.0,NORMAL_DISBURSEMENT_SCHEDULE,NONE,NONE
MPLADS-002880,31.99,52.1,0,0.0,0.0,0.0,0.9317,0.25,0.0,0.0,NORMAL_DISBURSEMENT_SCHEDULE,NONE,NONE
MPLADS-002881,26.34,42.0,0,0.0,0.0,0.0,0.9236,0.25,0.0,0.0,NORMAL_DISBURSEMENT_SCHEDULE,NONE,NONE
MPLADS-002882,9.81,16.34,0,0.0,0.0,0.0,0.9759,0.2222,0.0,0.0,NORMAL_DISBURSEMENT_SCHEDULE,NONE,NONE
MPLADS-002883,23.76,38.82,0,0.0,0.0,0.0,0.962,0.2222,0.0,0.0,NORMAL_DISBURSEMENT_SCHEDULE,NONE,NONE
MPLADS-002884,3.49,5.12,0,0.0,0.0,0.0,0.9543,0.2222,0.0,0.0,NORMAL_DISBURSEMENT_SCHEDULE,NONE,NONE
MPLADS-002885,55.76,80.16,0,0.0,0.0,0.0,0.5439,0.2223,0.0,0.0,NORMAL_DISBURSEMENT_SCHEDULE,NONE,NONE
MPLADS-002886,11.13,18.8,0,0.0,0.0,0.0,0.8901,0.2222,0.0,0.0,NORMAL_DISBURSEMENT_SCHEDULE,NONE,NONE
MPLADS-002887,8.3,13.58,0,0.0,0.0,0.0,0.934,0.2222,0.0,0.0,NORMAL_DISBURSEMENT_SCHEDULE,NONE,NONE
MPLADS-002888,24.88,40.22,0,0.0,0.0,0.0,0.9368,0.2223,0.0,0.0,NORMAL_DISBURSEMENT_SCHEDULE,NONE,NONE
MPLADS-002889,36.08,59.62,0,0.0,0.0,0.0,0.9444,0.25,0.0,0.0,NORMAL_DISBURSEMENT_SCHEDULE,NONE,NONE
MPLADS-002890,18.65,31.92,0,0.0,0.0,0.0,0.9025,0.2222,0.0,0.0,NORMAL_DISBURSEMENT_SCHEDULE,NONE,NONE
MPLADS-002891,55.56,80.0,0,0.0,0.0,0.0,0.9272,0.2222,0.0,0.0,NORMAL_DISBURSEMENT_SCHEDULE,NONE,NONE
MPLADS-002892,8.28,13.54,0,0.0,0.0,0.0,0.8753,0.2222,0.0,0.0,NORMAL_DISBURSEMENT_SCHEDULE,NONE,NONE
MPLADS-002893,33.33,54.52,0,0.0,0.0,0.0,0.9033,0.25,0.0,0.0,NORMAL_DISBURSEMENT_SCHEDULE,NONE,NONE
MPLADS-002894,84.24,98.42,1,0.0,0.0,0.0,0.8672,0.25,0.3466,0.0,PAYMENT_TIMING_ANOMALY,NONE,NONE
MPLADS-002895,38.67,64.24,0,0.0,0.0,0.0,0.9575,0.25,0.0,0.0,NORMAL_DISBURSEMENT_SCHEDULE,NONE,NONE
MPLADS-002896,5.76,8.86,0,0.0,0.0,0.0,0.8945,0.2222,0.0,0.0,NORMAL_DISBURSEMENT_SCHEDULE,NONE,NONE
MPLADS-002897,4.72,7.16,0,0.0,0.0,0.0,0.9757,0.2222,0.0,25.0,NORMAL_DISBURSEMENT_SCHEDULE,NONE,NONE
MPLADS-002898,87.68,99.24,1,0.0,0.0,0.9968,0.9468,0.2222,0.231,25.0,STATUTORY_CEILING_SMURFING,PAYMENT_TIMING_ANOMALY,NONE
MPLADS-002899,37.28,61.78,0,0.0,0.0,0.0,0.8688,0.25,0.0,0.0,NORMAL_DISBURSEMENT_SCHEDULE,NONE,NONE
MPLADS-002900,6.94,10.98,0,0.0,0.0,0.0,0.9233,0.2222,0.0,0.0,NORMAL_DISBURSEMENT_SCHEDULE,NONE,NONE
MPLADS-002901,18.13,31.08,0,0.0,0.0,0.0,0.9145,0.2222,0.0,0.0,NORMAL_DISBURSEMENT_SCHEDULE,NONE,NONE
MPLADS-002902,9.79,16.3,0,0.0,0.0,0.0,0.8629,0.2222,0.0,0.0,NORMAL_DISBURSEMENT_SCHEDULE,NONE,NONE
MPLADS-002903,37.07,61.44,0,0.0,0.0,0.0,0.9492,0.25,0.0,0.0,NORMAL_DISBURSEMENT_SCHEDULE,NONE,NONE
MPLADS-002904,42.76,70.28,0,0.0,0.0,0.0,0.9702,0.25,0.0,0.0,NORMAL_DISBURSEMENT_SCHEDULE,NONE,NONE
MPLADS-002905,52.85,78.54,0,0.0,0.0,0.0,1.3807,0.2222,0.0,0.0,NORMAL_DISBURSEMENT_SCHEDULE,NONE,NONE
MPLADS-002906,29.83,47.9,0,0.0,0.0,0.0,0.9085,0.25,0.0,0.0,NORMAL_DISBURSEMENT_SCHEDULE,NONE,NONE
MPLADS-002907,2.69,3.92,0,0.0,0.0,0.0,0.8619,0.2222,0.0,0.0,NORMAL_DISBURSEMENT_SCHEDULE,NONE,NONE
MPLADS-002908,37.38,61.94,0,0.0,0.0,0.0,0.9604,0.25,0.0,0.0,NORMAL_DISBURSEMENT_SCHEDULE,NONE,NONE
MPLADS-002909,11.82,20.12,0,0.0,0.0,0.0,0.9696,0.2222,0.0,0.0,NORMAL_DISBURSEMENT_SCHEDULE,NONE,NONE
MPLADS-002910,6.91,10.94,0,0.0,0.0,0.0,0.8994,0.2222,0.0,0.0,NORMAL_DISBURSEMENT_SCHEDULE,NONE,NONE
MPLADS-002911,10.1,16.92,0,0.0,0.0,0.0,0.9638,0.2222,0.0,0.0,NORMAL_DISBURSEMENT_SCHEDULE,NONE,NONE
MPLADS-002912,70.9,91.44,0,0.0,0.0,0.0377,0.9596,0.2222,0.231,25.0,STATUTORY_CEILING_SMURFING,PAYMENT_TIMING_ANOMALY,NONE
MPLADS-002913,0.6,0.6,0,0.0,0.0,0.0,0.9039,0.2222,0.0,0.0,NORMAL_DISBURSEMENT_SCHEDULE,NONE,NONE
MPLADS-002914,67.23,88.8,0,0.0,0.0,0.0,0.9097,0.2222,0.231,0.0,PAYMENT_TIMING_ANOMALY,NONE,NONE
MPLADS-002915,42.03,69.24,0,0.0,0.0,0.0,0.8958,0.25,0.0,0.0,NORMAL_DISBURSEMENT_SCHEDULE,NONE,NONE
MPLADS-002916,4.1,6.16,0,0.0,0.0,0.0,0.9622,0.2222,0.0,0.0,NORMAL_DISBURSEMENT_SCHEDULE,NONE,NONE
MPLADS-002917,1.15,1.42,0,0.0,0.0,0.0,0.9108,0.2222,0.0,0.0,NORMAL_DISBURSEMENT_SCHEDULE,NONE,NONE
MPLADS-002918,28.24,44.9,0,0.0,0.0,0.0,0.9394,0.25,0.0,0.0,NORMAL_DISBURSEMENT_SCHEDULE,NONE,NONE
MPLADS-002919,58.56,81.86,0,0.0,0.0,0.0,0.8842,0.2222,0.231,0.0,NORMAL_DISBURSEMENT_SCHEDULE,NONE,NONE
MPLADS-002920,18.74,32.08,0,0.0,0.0,0.0,0.8517,0.2222,0.0,0.0,NORMAL_DISBURSEMENT_SCHEDULE,NONE,NONE
MPLADS-002921,5.14,7.82,0,0.0,0.0,0.0,0.8652,0.2222,0.0,0.0,NORMAL_DISBURSEMENT_SCHEDULE,NONE,NONE
MPLADS-002922,35.86,59.24,0,0.0,0.0,0.0,0.8742,0.25,0.0,0.0,NORMAL_DISBURSEMENT_SCHEDULE,NONE,NONE
MPLADS-002923,17.33,29.92,0,0.0,0.0,0.0,0.947,0.2223,0.0,0.0,NORMAL_DISBURSEMENT_SCHEDULE,NONE,NONE
MPLADS-002924,24.12,39.3,0,0.0,0.0,0.0,0.8996,0.2222,0.0,0.0,NORMAL_DISBURSEMENT_SCHEDULE,NONE,NONE
MPLADS-002925,44.58,72.72,0,0.0,0.0,0.0,0.8611,0.25,0.0,0.0,NORMAL_DISBURSEMENT_SCHEDULE,NONE,NONE
MPLADS-002926,20.2,34.12,0,0.0,0.0,0.0,0.8554,0.2223,0.0,0.0,NORMAL_DISBURSEMENT_SCHEDULE,NONE,NONE
MPLADS-002927,26.24,41.84,0,0.0,0.0,0.0,0.9246,0.2223,0.0,0.0,NORMAL_DISBURSEMENT_SCHEDULE,NONE,NONE
MPLADS-002928,69.31,90.54,0,0.0,0.0,0.0,0.8589,0.2222,0.231,0.0,PAYMENT_TIMING_ANOMALY,NONE,NONE
MPLADS-002929,76.97,94.68,0,1.0,13932000.0,0.0,0.941,0.2222,0.0,50.0,UNVERIFIED_DISBURSEMENT_BURST,NONE,NONE
MPLADS-002930,39.17,65.06,0,0.0,0.0,0.0,0.9747,0.2222,0.0,25.0,NORMAL_DISBURSEMENT_SCHEDULE,NONE,NONE
MPLADS-002931,66.22,87.94,0,0.0,0.0,0.0,0.9778,0.2222,0.231,0.0,PAYMENT_TIMING_ANOMALY,NONE,NONE
MPLADS-002932,23.35,38.28,0,0.0,0.0,0.0,0.8771,0.2222,0.0,0.0,NORMAL_DISBURSEMENT_SCHEDULE,NONE,NONE
MPLADS-002933,5.18,7.89,0,0.0,0.0,0.0,0.9415,0.2222,0.0,0.0,NORMAL_DISBURSEMENT_SCHEDULE,NONE,NONE
MPLADS-002934,50.75,77.36,0,0.0,0.0,0.0,0.9237,0.2222,0.0,0.0,NORMAL_DISBURSEMENT_SCHEDULE,NONE,NONE
MPLADS-002935,21.3,35.6,0,0.0,0.0,0.0,0.8614,0.2222,0.0,0.0,NORMAL_DISBURSEMENT_SCHEDULE,NONE,NONE
MPLADS-002936,33.17,54.24,0,0.0,0.0,0.0,0.9355,0.25,0.0,0.0,NORMAL_DISBURSEMENT_SCHEDULE,NONE,NONE
MPLADS-002937,76.22,94.2,0,0.0,0.0,0.0,1.4647,0.2222,0.0,0.0,ELEVATED_PAYMENT_VOLATILITY,NONE,NONE
MPLADS-002938,0.84,0.92,0,0.0,0.0,0.0,0.9272,0.2222,0.0,0.0,NORMAL_DISBURSEMENT_SCHEDULE,NONE,NONE
MPLADS-002939,70.67,91.28,0,0.0,0.0,0.0,0.9225,0.2223,0.0,0.0,ELEVATED_PAYMENT_VOLATILITY,NONE,NONE
MPLADS-002940,2.97,4.3,0,0.0,0.0,0.0,0.911,0.2222,0.0,0.0,NORMAL_DISBURSEMENT_SCHEDULE,NONE,NONE
MPLADS-002941,83.47,98.14,1,1.0,10525000.0,0.0,1.0,0.2222,0.0,50.0,UNVERIFIED_DISBURSEMENT_BURST,NONE,NONE
MPLADS-002942,12.63,21.7,0,0.0,0.0,0.0,0.9261,0.2222,0.0,0.0,NORMAL_DISBURSEMENT_SCHEDULE,NONE,NONE
MPLADS-002943,38.0,63.1,0,0.0,0.0,0.0,0.9722,0.25,0.0,0.0,NORMAL_DISBURSEMENT_SCHEDULE,NONE,NONE
MPLADS-002944,2.8,4.06,0,0.0,0.0,0.0,0.8814,0.2222,0.0,0.0,NORMAL_DISBURSEMENT_SCHEDULE,NONE,NONE
MPLADS-002945,0.54,0.5,0,0.0,0.0,0.0,0.9333,0.2222,0.0,0.0,NORMAL_DISBURSEMENT_SCHEDULE,NONE,NONE
MPLADS-002946,3.53,5.18,0,0.0,0.0,0.0,0.8574,0.2222,0.0,0.0,NORMAL_DISBURSEMENT_SCHEDULE,NONE,NONE
MPLADS-002947,18.26,31.32,0,0.0,0.0,0.0,0.9612,0.2222,0.0,0.0,NORMAL_DISBURSEMENT_SCHEDULE,NONE,NONE
MPLADS-002948,12.34,21.1,0,0.0,0.0,0.0,0.9676,0.2222,0.0,0.0,NORMAL_DISBURSEMENT_SCHEDULE,NONE,NONE
MPLADS-002949,16.18,28.0,0,0.0,0.0,0.0,0.931,0.2223,0.0,0.0,NORMAL_DISBURSEMENT_SCHEDULE,NONE,NONE
MPLADS-002950,36.12,59.7,0,0.0,0.0,0.0,0.9678,0.25,0.0,0.0,NORMAL_DISBURSEMENT_SCHEDULE,NONE,NONE
MPLADS-002951,59.52,82.42,0,0.0,0.0,0.0192,1.4132,0.2222,0.0,25.0,NORMAL_DISBURSEMENT_SCHEDULE,NONE,NONE
MPLADS-002952,30.99,50.06,0,0.0,0.0,0.0,0.9245,0.2222,0.0,0.0,NORMAL_DISBURSEMENT_SCHEDULE,NONE,NONE
MPLADS-002953,17.46,30.1,0,0.0,0.0,0.0,0.9081,0.2222,0.0,0.0,NORMAL_DISBURSEMENT_SCHEDULE,NONE,NONE
MPLADS-002954,42.1,69.34,0,0.0,0.0,0.0,0.8533,0.25,0.0,0.0,NORMAL_DISBURSEMENT_SCHEDULE,NONE,NONE
MPLADS-002955,8.49,13.94,0,0.0,0.0,0.0,0.8697,0.2222,0.0,0.0,NORMAL_DISBURSEMENT_SCHEDULE,NONE,NONE
MPLADS-002956,15.84,27.44,0,0.0,0.0,0.0,0.9249,0.2222,0.0,0.0,NORMAL_DISBURSEMENT_SCHEDULE,NONE,NONE
MPLADS-002957,71.15,91.58,0,0.0,0.0,0.0,0.8696,0.2222,0.231,0.0,PAYMENT_TIMING_ANOMALY,NONE,NONE
MPLADS-002958,58.93,82.1,0,0.0,0.0,0.0,0.8652,0.2222,0.0,0.0,NORMAL_DISBURSEMENT_SCHEDULE,NONE,NONE
MPLADS-002959,64.28,85.98,0,0.0,0.0,0.0,0.8666,0.2222,0.231,0.0,PAYMENT_TIMING_ANOMALY,NONE,NONE
MPLADS-002960,59.27,82.3,0,0.0,0.0,0.0,0.8538,0.25,0.0,0.0,NORMAL_DISBURSEMENT_SCHEDULE,NONE,NONE
MPLADS-002961,82.77,97.76,1,1.0,476000.0,0.0,0.8848,0.25,0.0,50.0,UNVERIFIED_DISBURSEMENT_BURST,NONE,NONE
MPLADS-002962,50.72,77.34,0,0.0,0.0,0.0,1.4455,0.2222,0.0,0.0,NORMAL_DISBURSEMENT_SCHEDULE,NONE,NONE
MPLADS-002963,56.15,80.42,0,0.0,0.0,0.0,0.462,0.2222,0.0,0.0,NORMAL_DISBURSEMENT_SCHEDULE,NONE,NONE
MPLADS-002964,30.44,49.0,0,0.0,0.0,0.0,0.926,0.25,0.0,0.0,NORMAL_DISBURSEMENT_SCHEDULE,NONE,NONE
MPLADS-002965,48.73,76.22,0,0.0,0.0,0.0,0.8732,0.2222,0.0,0.0,NORMAL_DISBURSEMENT_SCHEDULE,NONE,NONE
MPLADS-002966,70.95,91.48,0,0.0,0.0,0.0,0.4845,0.25,0.0,0.0,ELEVATED_PAYMENT_VOLATILITY,NONE,NONE
MPLADS-002967,48.11,75.9,0,0.0,0.0,0.8148,0.9771,0.2222,0.0,25.0,NORMAL_DISBURSEMENT_SCHEDULE,NONE,NONE
MPLADS-002968,4.23,6.36,0,0.0,0.0,0.0,0.897,0.2222,0.0,0.0,NORMAL_DISBURSEMENT_SCHEDULE,NONE,NONE
MPLADS-002969,76.32,94.28,0,0.0,0.0,0.0,0.964,0.2222,0.231,0.0,PAYMENT_TIMING_ANOMALY,NONE,NONE
MPLADS-002970,8.81,14.54,0,0.0,0.0,0.0,0.9208,0.2222,0.0,0.0,NORMAL_DISBURSEMENT_SCHEDULE,NONE,NONE
MPLADS-002971,70.46,91.12,0,0.0,0.0,0.0,0.9665,0.2222,0.231,25.0,STATUTORY_CEILING_SMURFING,PAYMENT_TIMING_ANOMALY,NONE
MPLADS-002972,64.35,86.06,0,0.0,0.0,0.0,0.9582,0.2222,0.231,0.0,PAYMENT_TIMING_ANOMALY,NONE,NONE
MPLADS-002973,63.59,85.38,0,0.0,0.0,0.0,0.857,0.2222,0.231,0.0,PAYMENT_TIMING_ANOMALY,NONE,NONE
MPLADS-002974,43.3,71.04,0,0.0,0.0,0.0,0.8703,0.25,0.0,0.0,NORMAL_DISBURSEMENT_SCHEDULE,NONE,NONE
MPLADS-002975,51.92,77.94,0,0.0,0.0,0.0,0.9702,0.2222,0.0,0.0,NORMAL_DISBURSEMENT_SCHEDULE,NONE,NONE
MPLADS-002976,27.97,44.44,0,0.0,0.0,0.0,0.8948,0.2223,0.0,0.0,NORMAL_DISBURSEMENT_SCHEDULE,NONE,NONE
MPLADS-002977,50.99,77.52,0,0.0,0.0,0.0,0.9313,0.2222,0.0,0.0,NORMAL_DISBURSEMENT_SCHEDULE,NONE,NONE
MPLADS-002978,15.55,26.92,0,0.0,0.0,0.0,0.9439,0.2222,0.0,0.0,NORMAL_DISBURSEMENT_SCHEDULE,NONE,NONE
MPLADS-002979,71.07,91.54,0,0.0,0.0,0.0,0.4597,0.25,0.0,0.0,ELEVATED_PAYMENT_VOLATILITY,NONE,NONE
MPLADS-002980,67.11,88.7,0,1.0,2119000.0,0.0198,0.872,0.2222,0.0,75.0,UNVERIFIED_DISBURSEMENT_BURST,STATUTORY_CEILING_SMURFING,NONE
MPLADS-002981,46.78,74.88,0,0.0,0.0,0.0,0.8616,0.2222,0.0,0.0,NORMAL_DISBURSEMENT_SCHEDULE,NONE,NONE
MPLADS-002982,10.8,18.22,0,0.0,0.0,0.0,0.8877,0.2223,0.0,0.0,NORMAL_DISBURSEMENT_SCHEDULE,NONE,NONE
MPLADS-002983,68.72,90.06,0,1.0,1539000.0,0.0,0.9,0.2222,0.0,50.0,UNVERIFIED_DISBURSEMENT_BURST,NONE,NONE
MPLADS-002984,79.66,96.12,1,1.0,516000.0,0.0,0.9005,0.25,0.0,50.0,UNVERIFIED_DISBURSEMENT_BURST,NONE,NONE
MPLADS-002985,8.56,14.08,0,0.0,0.0,0.0,0.9203,0.2222,0.0,0.0,NORMAL_DISBURSEMENT_SCHEDULE,NONE,NONE
MPLADS-002986,20.44,34.46,0,0.0,0.0,0.0,0.962,0.2222,0.0,0.0,NORMAL_DISBURSEMENT_SCHEDULE,NONE,NONE
MPLADS-002987,2.91,4.22,0,0.0,0.0,0.0,0.9527,0.2222,0.0,0.0,NORMAL_DISBURSEMENT_SCHEDULE,NONE,NONE
MPLADS-002988,40.75,67.34,0,0.0,0.0,0.0,0.8776,0.25,0.0,0.0,NORMAL_DISBURSEMENT_SCHEDULE,NONE,NONE
MPLADS-002989,8.53,14.01,0,0.0,0.0,0.0,0.8714,0.2222,0.0,0.0,NORMAL_DISBURSEMENT_SCHEDULE,NONE,NONE
MPLADS-002990,26.97,42.94,0,0.0,0.0,0.0,0.8558,0.2223,0.0,0.0,NORMAL_DISBURSEMENT_SCHEDULE,NONE,NONE
MPLADS-002991,80.14,96.36,1,1.0,10917000.0,0.0,0.9213,0.2222,0.0,50.0,UNVERIFIED_DISBURSEMENT_BURST,NONE,NONE
MPLADS-002992,29.25,46.78,0,0.0,0.0,0.0,0.9019,0.25,0.0,0.0,NORMAL_DISBURSEMENT_SCHEDULE,NONE,NONE
MPLADS-002993,26.76,42.62,0,0.0,0.0,0.0,0.891,0.25,0.0,0.0,NORMAL_DISBURSEMENT_SCHEDULE,NONE,NONE
MPLADS-002994,34.99,57.64,0,0.0,0.0,0.0,0.8851,0.25,0.0,0.0,NORMAL_DISBURSEMENT_SCHEDULE,NONE,NONE
MPLADS-002995,65.55,87.28,0,1.0,2346000.0,0.0307,0.9638,0.2222,0.0,75.0,UNVERIFIED_DISBURSEMENT_BURST,STATUTORY_CEILING_SMURFING,NONE
MPLADS-002996,44.78,72.88,0,0.0,0.0,0.0,0.8581,0.2222,0.0,0.0,NORMAL_DISBURSEMENT_SCHEDULE,NONE,NONE
MPLADS-002997,5.56,8.5,0,0.0,0.0,0.0,0.919,0.2222,0.0,0.0,NORMAL_DISBURSEMENT_SCHEDULE,NONE,NONE
MPLADS-002998,73.62,92.98,0,1.0,1970000.0,0.0,0.9301,0.2223,0.0,50.0,UNVERIFIED_DISBURSEMENT_BURST,NONE,NONE
MPLADS-002999,2.4,3.44,0,0.0,0.0,0.0,0.8943,0.2222,0.0,0.0,NORMAL_DISBURSEMENT_SCHEDULE,NONE,NONE
MPLADS-003000,28.4,45.18,0,0.0,0.0,0.0,0.8854,0.2222,0.0,0.0,NORMAL_DISBURSEMENT_SCHEDULE,NONE,NONE
MPLADS-003001,63.17,84.98,0,0.0,0.0,0.0,1.3111,0.25,0.0,0.0,ELEVATED_PAYMENT_VOLATILITY,NONE,NONE
MPLADS-003002,57.35,81.12,0,0.0,0.0,0.0,0.8955,0.2222,0.0,25.0,NORMAL_DISBURSEMENT_SCHEDULE,NONE,NONE
MPLADS-003003,40.05,66.38,0,0.0,0.0,0.0,0.9687,0.2222,0.0,0.0,NORMAL_DISBURSEMENT_SCHEDULE,NONE,NONE
MPLADS-003004,39.46,65.46,0,0.0,0.0,0.0,0.8722,0.25,0.0,0.0,NORMAL_DISBURSEMENT_SCHEDULE,NONE,NONE
MPLADS-003005,63.21,85.04,0,1.0,2789000.0,0.0,0.9257,0.2222,0.0,50.0,UNVERIFIED_DISBURSEMENT_BURST,NONE,NONE
MPLADS-003006,37.0,61.3,0,0.0,0.0,0.0,0.8786,0.2222,0.0,0.0,NORMAL_DISBURSEMENT_SCHEDULE,NONE,NONE
MPLADS-003007,31.46,51.02,0,0.0,0.0,0.0,0.9491,0.25,0.0,0.0,NORMAL_DISBURSEMENT_SCHEDULE,NONE,NONE
MPLADS-003008,6.08,9.46,0,0.0,0.0,0.0,0.8908,0.2222,0.0,0.0,NORMAL_DISBURSEMENT_SCHEDULE,NONE,NONE
MPLADS-003009,20.39,34.42,0,0.0,0.0,0.0,0.9356,0.2222,0.0,0.0,NORMAL_DISBURSEMENT_SCHEDULE,NONE,NONE
MPLADS-003010,70.69,91.3,0,1.0,1859000.0,0.0,1.0,0.2223,0.0,50.0,UNVERIFIED_DISBURSEMENT_BURST,NONE,NONE
MPLADS-003011,6.41,10.02,0,0.0,0.0,0.0,0.9281,0.2222,0.0,0.0,NORMAL_DISBURSEMENT_SCHEDULE,NONE,NONE
MPLADS-003012,19.31,32.88,0,0.0,0.0,0.0,0.9005,0.2222,0.0,0.0,NORMAL_DISBURSEMENT_SCHEDULE,NONE,NONE
MPLADS-003013,76.13,94.12,0,1.0,1380000.0,0.8735,0.928,0.2222,0.0,75.0,UNVERIFIED_DISBURSEMENT_BURST,STATUTORY_CEILING_SMURFING,NONE
MPLADS-003014,9.27,15.38,0,0.0,0.0,0.0,0.8653,0.2222,0.0,0.0,NORMAL_DISBURSEMENT_SCHEDULE,NONE,NONE
MPLADS-003015,18.22,31.24,0,0.0,0.0,0.0,0.9777,0.2223,0.0,0.0,NORMAL_DISBURSEMENT_SCHEDULE,NONE,NONE
MPLADS-003016,88.33,99.36,1,1.0,983000.0,0.0,0.8888,0.25,0.0,50.0,UNVERIFIED_DISBURSEMENT_BURST,NONE,NONE
MPLADS-003017,32.7,53.38,0,0.0,0.0,0.0,0.9352,0.25,0.0,0.0,NORMAL_DISBURSEMENT_SCHEDULE,NONE,NONE
MPLADS-003018,26.29,41.92,0,0.0,0.0,0.0,0.9126,0.25,0.0,0.0,NORMAL_DISBURSEMENT_SCHEDULE,NONE,NONE
MPLADS-003019,6.01,9.32,0,0.0,0.0,0.0,0.9604,0.2222,0.0,0.0,NORMAL_DISBURSEMENT_SCHEDULE,NONE,NONE
MPLADS-003020,63.05,84.88,0,0.0,0.0,0.8625,0.952,0.2222,0.0,25.0,STATUTORY_CEILING_SMURFING,NONE,NONE
MPLADS-003021,1.66,2.3,0,0.0,0.0,0.0,0.9434,0.2222,0.0,0.0,NORMAL_DISBURSEMENT_SCHEDULE,NONE,NONE
MPLADS-003022,10.82,18.26,0,0.0,0.0,0.0,0.9125,0.2222,0.0,0.0,NORMAL_DISBURSEMENT_SCHEDULE,NONE,NONE
MPLADS-003023,19.87,33.68,0,0.0,0.0,0.0,0.9251,0.2222,0.0,0.0,NORMAL_DISBURSEMENT_SCHEDULE,NONE,NONE
MPLADS-003024,14.39,25.04,0,0.0,0.0,0.0,0.9612,0.2222,0.0,0.0,NORMAL_DISBURSEMENT_SCHEDULE,NONE,NONE
MPLADS-003025,15.49,26.82,0,0.0,0.0,0.0,0.9237,0.2222,0.0,0.0,NORMAL_DISBURSEMENT_SCHEDULE,NONE,NONE
MPLADS-003026,25.79,41.28,0,0.0,0.0,0.0,0.8582,0.2222,0.0,0.0,NORMAL_DISBURSEMENT_SCHEDULE,NONE,NONE
MPLADS-003027,37.75,62.64,0,0.0,0.0,0.0,0.96,0.25,0.0,0.0,NORMAL_DISBURSEMENT_SCHEDULE,NONE,NONE
MPLADS-003028,10.22,17.14,0,0.0,0.0,0.0,0.8942,0.2222,0.0,0.0,NORMAL_DISBURSEMENT_SCHEDULE,NONE,NONE
MPLADS-003029,44.6,72.74,0,0.0,0.0,0.9716,0.9515,0.2222,0.0,25.0,NORMAL_DISBURSEMENT_SCHEDULE,NONE,NONE
MPLADS-003030,33.98,55.76,0,0.0,0.0,0.0,0.8968,0.25,0.0,0.0,NORMAL_DISBURSEMENT_SCHEDULE,NONE,NONE
MPLADS-003031,23.63,38.64,0,0.0,0.0,0.0,0.8647,0.2222,0.0,0.0,NORMAL_DISBURSEMENT_SCHEDULE,NONE,NONE
MPLADS-003032,63.04,84.86,0,1.0,2385000.0,0.0,0.8929,0.2222,0.0,50.0,UNVERIFIED_DISBURSEMENT_BURST,NONE,NONE
MPLADS-003033,19.67,33.44,0,0.0,0.0,0.0,0.9056,0.2222,0.0,0.0,NORMAL_DISBURSEMENT_SCHEDULE,NONE,NONE
MPLADS-003034,34.71,57.1,0,0.0,0.0,0.0,0.8649,0.2222,0.0,0.0,NORMAL_DISBURSEMENT_SCHEDULE,NONE,NONE
MPLADS-003035,34.85,57.36,0,0.0,0.0,0.0005,0.8975,0.2222,0.0,25.0,NORMAL_DISBURSEMENT_SCHEDULE,NONE,NONE
MPLADS-003036,3.55,5.22,0,0.0,0.0,0.0,0.8726,0.2222,0.0,0.0,NORMAL_DISBURSEMENT_SCHEDULE,NONE,NONE
MPLADS-003037,24.24,39.46,0,0.0,0.0,0.0,0.973,0.2223,0.0,0.0,NORMAL_DISBURSEMENT_SCHEDULE,NONE,NONE
MPLADS-003038,36.81,60.96,0,0.0,0.0,0.0,0.8595,0.2222,0.0,0.0,NORMAL_DISBURSEMENT_SCHEDULE,NONE,NONE
MPLADS-003039,22.63,37.36,0,0.0,0.0,0.0,0.9483,0.2222,0.0,0.0,NORMAL_DISBURSEMENT_SCHEDULE,NONE,NONE
MPLADS-003040,59.81,82.62,0,0.0,0.0,0.0678,1.4653,0.2222,0.0,25.0,NORMAL_DISBURSEMENT_SCHEDULE,NONE,NONE
MPLADS-003041,6.28,9.8,0,0.0,0.0,0.0,0.943,0.2222,0.0,0.0,NORMAL_DISBURSEMENT_SCHEDULE,NONE,NONE
MPLADS-003042,15.76,27.3,0,0.0,0.0,0.0,0.8881,0.2222,0.0,0.0,NORMAL_DISBURSEMENT_SCHEDULE,NONE,NONE
MPLADS-003043,19.7,33.48,0,0.0,0.0,0.0,0.8564,0.2223,0.0,0.0,NORMAL_DISBURSEMENT_SCHEDULE,NONE,NONE
MPLADS-003044,13.22,22.84,0,0.0,0.0,0.0,0.9067,0.2222,0.0,0.0,NORMAL_DISBURSEMENT_SCHEDULE,NONE,NONE
MPLADS-003045,6.3,9.84,0,0.0,0.0,0.0,0.9246,0.2222,0.0,0.0,NORMAL_DISBURSEMENT_SCHEDULE,NONE,NONE
MPLADS-003046,38.76,64.36,0,0.0,0.0,0.0,0.9151,0.2222,0.0,0.0,NORMAL_DISBURSEMENT_SCHEDULE,NONE,NONE
MPLADS-003047,28.94,46.2,0,0.0,0.0,0.0,0.8834,0.2222,0.0,0.0,NORMAL_DISBURSEMENT_SCHEDULE,NONE,NONE
MPLADS-003048,6.07,9.44,0,0.0,0.0,0.0,0.9275,0.2222,0.0,0.0,NORMAL_DISBURSEMENT_SCHEDULE,NONE,NONE
MPLADS-003049,17.65,30.42,0,0.0,0.0,0.0,0.9783,0.2222,0.0,0.0,NORMAL_DISBURSEMENT_SCHEDULE,NONE,NONE
MPLADS-003050,33.56,54.94,0,0.0,0.0,0.0,0.958,0.2222,0.0,0.0,NORMAL_DISBURSEMENT_SCHEDULE,NONE,NONE
MPLADS-003051,11.44,19.42,0,0.0,0.0,0.0035,0.8717,0.2222,0.0,25.0,NORMAL_DISBURSEMENT_SCHEDULE,NONE,NONE
MPLADS-003052,67.75,89.2,0,0.0,0.0,0.0,0.869,0.2222,0.0,0.0,ELEVATED_PAYMENT_VOLATILITY,NONE,NONE
MPLADS-003053,19.33,32.92,0,0.0,0.0,0.0,0.9111,0.2222,0.0,0.0,NORMAL_DISBURSEMENT_SCHEDULE,NONE,NONE
MPLADS-003054,45.6,73.8,0,0.0,0.0,0.0,0.8527,0.25,0.0,0.0,NORMAL_DISBURSEMENT_SCHEDULE,NONE,NONE
MPLADS-003055,1.63,2.26,0,0.0,0.0,0.0,0.9489,0.2222,0.0,0.0,NORMAL_DISBURSEMENT_SCHEDULE,NONE,NONE
MPLADS-003056,35.63,58.82,0,0.0,0.0,0.0141,0.9609,0.2222,0.0,25.0,NORMAL_DISBURSEMENT_SCHEDULE,NONE,NONE
MPLADS-003057,1.72,2.38,0,0.0,0.0,0.0,0.9203,0.2222,0.0,0.0,NORMAL_DISBURSEMENT_SCHEDULE,NONE,NONE
MPLADS-003058,7.8,12.62,0,0.0,0.0,0.0,0.9295,0.2222,0.0,0.0,NORMAL_DISBURSEMENT_SCHEDULE,NONE,NONE
MPLADS-003059,3.24,4.74,0,0.0,0.0,0.0013,0.9697,0.2222,0.0,25.0,NORMAL_DISBURSEMENT_SCHEDULE,NONE,NONE
MPLADS-003060,72.12,92.22,0,1.0,3064000.0,0.0,1.0,0.2222,0.0,50.0,UNVERIFIED_DISBURSEMENT_BURST,NONE,NONE
MPLADS-003061,31.29,50.66,0,0.0,0.0,0.0,0.9121,0.25,0.0,0.0,NORMAL_DISBURSEMENT_SCHEDULE,NONE,NONE
MPLADS-003062,50.56,77.22,0,0.0,0.0,0.0,0.8968,0.25,0.0,0.0,NORMAL_DISBURSEMENT_SCHEDULE,NONE,NONE
MPLADS-003063,44.85,72.94,0,0.0,0.0,0.0,0.9357,0.2222,0.0,25.0,NORMAL_DISBURSEMENT_SCHEDULE,NONE,NONE
MPLADS-003064,15.91,27.58,0,0.0,0.0,0.0,0.9554,0.2223,0.0,0.0,NORMAL_DISBURSEMENT_SCHEDULE,NONE,NONE
MPLADS-003065,33.84,55.48,0,0.0,0.0,0.0,0.8857,0.2222,0.0,0.0,NORMAL_DISBURSEMENT_SCHEDULE,NONE,NONE
MPLADS-003066,32.73,53.42,0,0.0,0.0,0.0,0.8934,0.25,0.0,0.0,NORMAL_DISBURSEMENT_SCHEDULE,NONE,NONE
MPLADS-003067,38.56,64.04,0,0.0,0.0,0.0,0.9487,0.25,0.0,0.0,NORMAL_DISBURSEMENT_SCHEDULE,NONE,NONE
MPLADS-003068,6.9,10.92,0,0.0,0.0,0.0,0.8998,0.2222,0.0,0.0,NORMAL_DISBURSEMENT_SCHEDULE,NONE,NONE
MPLADS-003069,4.94,7.52,0,0.0,0.0,0.0,0.928,0.2222,0.0,0.0,NORMAL_DISBURSEMENT_SCHEDULE,NONE,NONE
MPLADS-003070,13.06,22.56,0,0.0,0.0,0.0,0.8878,0.2223,0.0,0.0,NORMAL_DISBURSEMENT_SCHEDULE,NONE,NONE
MPLADS-003071,31.59,51.3,0,0.0,0.0,0.0,0.8816,0.25,0.0,0.0,NORMAL_DISBURSEMENT_SCHEDULE,NONE,NONE
MPLADS-003072,82.34,97.46,1,1.0,399000.0,0.0,0.8507,0.25,0.0,50.0,UNVERIFIED_DISBURSEMENT_BURST,NONE,NONE
MPLADS-003073,34.4,56.5,0,0.0,0.0,0.0,0.9341,0.25,0.0,0.0,NORMAL_DISBURSEMENT_SCHEDULE,NONE,NONE
MPLADS-003074,64.05,85.74,0,1.0,3644000.0,0.0,0.883,0.2222,0.0,50.0,UNVERIFIED_DISBURSEMENT_BURST,NONE,NONE
MPLADS-003075,8.03,13.02,0,0.0,0.0,0.0,0.8539,0.2222,0.0,0.0,NORMAL_DISBURSEMENT_SCHEDULE,NONE,NONE
MPLADS-003076,82.65,97.68,1,0.0,0.0,0.0,0.9148,0.25,0.3466,0.0,PAYMENT_TIMING_ANOMALY,NONE,NONE
MPLADS-003077,31.87,51.86,0,0.0,0.0,0.0,0.9149,0.25,0.0,0.0,NORMAL_DISBURSEMENT_SCHEDULE,NONE,NONE
MPLADS-003078,6.71,10.56,0,0.0,0.0,0.0,0.9499,0.2222,0.0,0.0,NORMAL_DISBURSEMENT_SCHEDULE,NONE,NONE
MPLADS-003079,65.88,87.58,0,0.0,0.0,0.0,0.9373,0.2223,0.231,0.0,PAYMENT_TIMING_ANOMALY,NONE,NONE
MPLADS-003080,56.78,80.84,0,0.0,0.0,0.0,0.9516,0.2222,0.0,25.0,NORMAL_DISBURSEMENT_SCHEDULE,NONE,NONE
MPLADS-003081,30.4,48.92,0,0.0,0.0,0.0,0.9043,0.25,0.0,0.0,NORMAL_DISBURSEMENT_SCHEDULE,NONE,NONE
MPLADS-003082,32.07,52.26,0,0.0,0.0,0.0,0.9061,0.25,0.0,0.0,NORMAL_DISBURSEMENT_SCHEDULE,NONE,NONE
MPLADS-003083,14.46,25.16,0,0.0,0.0,0.0,0.9457,0.2222,0.0,0.0,NORMAL_DISBURSEMENT_SCHEDULE,NONE,NONE
MPLADS-003084,11.46,19.46,0,0.0,0.0,0.0,0.9752,0.2222,0.0,0.0,NORMAL_DISBURSEMENT_SCHEDULE,NONE,NONE
MPLADS-003085,35.31,58.24,0,0.0,0.0,0.0,0.9577,0.25,0.0,0.0,NORMAL_DISBURSEMENT_SCHEDULE,NONE,NONE
MPLADS-003086,46.51,74.68,0,0.0,0.0,0.0,0.854,0.2222,0.0,0.0,NORMAL_DISBURSEMENT_SCHEDULE,NONE,NONE
MPLADS-003087,34.67,57.02,0,0.0,0.0,0.0,0.862,0.2222,0.0,0.0,NORMAL_DISBURSEMENT_SCHEDULE,NONE,NONE
MPLADS-003088,40.54,67.14,0,0.0,0.0,0.0,0.9256,0.25,0.0,0.0,NORMAL_DISBURSEMENT_SCHEDULE,NONE,NONE
MPLADS-003089,31.34,50.76,0,0.0,0.0,0.0,0.8707,0.2222,0.0,0.0,NORMAL_DISBURSEMENT_SCHEDULE,NONE,NONE
MPLADS-003090,0.49,0.44,0,0.0,0.0,0.0,0.9231,0.2222,0.0,0.0,NORMAL_DISBURSEMENT_SCHEDULE,NONE,NONE
MPLADS-003091,2.09,2.96,0,0.0,0.0,0.0,0.9315,0.2222,0.0,0.0,NORMAL_DISBURSEMENT_SCHEDULE,NONE,NONE
MPLADS-003092,52.59,78.38,0,0.0,0.0,0.0,0.9605,0.2222,0.0,0.0,NORMAL_DISBURSEMENT_SCHEDULE,NONE,NONE
MPLADS-003093,9.39,15.58,0,0.0,0.0,0.0,0.8779,0.2222,0.0,0.0,NORMAL_DISBURSEMENT_SCHEDULE,NONE,NONE
MPLADS-003094,15.9,27.56,0,0.0,0.0,0.0,0.9555,0.2222,0.0,0.0,NORMAL_DISBURSEMENT_SCHEDULE,NONE,NONE
MPLADS-003095,4.91,7.46,0,0.0,0.0,0.0,0.9468,0.2222,0.0,0.0,NORMAL_DISBURSEMENT_SCHEDULE,NONE,NONE
MPLADS-003096,7.18,11.42,0,0.0,0.0,0.0,0.9131,0.2222,0.0,0.0,NORMAL_DISBURSEMENT_SCHEDULE,NONE,NONE
MPLADS-003097,57.06,80.96,0,0.0,0.0,0.0,0.8828,0.25,0.0,0.0,NORMAL_DISBURSEMENT_SCHEDULE,NONE,NONE
MPLADS-003098,10.48,17.62,0,0.0,0.0,0.0,0.9513,0.2222,0.0,0.0,NORMAL_DISBURSEMENT_SCHEDULE,NONE,NONE
MPLADS-003099,57.28,81.08,0,0.0,0.0,0.0,0.9448,0.2222,0.0,25.0,NORMAL_DISBURSEMENT_SCHEDULE,NONE,NONE
MPLADS-003100,30.33,48.78,0,0.0,0.0,0.0,0.9201,0.2222,0.0,0.0,NORMAL_DISBURSEMENT_SCHEDULE,NONE,NONE
MPLADS-003101,19.97,33.86,0,0.0,0.0,0.0,0.8561,0.2223,0.0,0.0,NORMAL_DISBURSEMENT_SCHEDULE,NONE,NONE
MPLADS-003102,56.29,80.5,0,0.0,0.0,0.0,0.937,0.2222,0.0,0.0,NORMAL_DISBURSEMENT_SCHEDULE,NONE,NONE
MPLADS-003103,27.84,44.26,0,0.0,0.0,0.0,0.9039,0.2222,0.0,0.0,NORMAL_DISBURSEMENT_SCHEDULE,NONE,NONE
MPLADS-003104,23.16,38.04,0,0.0,0.0,0.0,0.8539,0.2222,0.0,0.0,NORMAL_DISBURSEMENT_SCHEDULE,NONE,NONE
MPLADS-003105,27.96,44.42,0,0.0,0.0,0.0,0.8686,0.2222,0.0,0.0,NORMAL_DISBURSEMENT_SCHEDULE,NONE,NONE
MPLADS-003106,83.46,98.12,1,0.0,0.0,0.0125,0.5877,0.25,0.0,25.0,STATUTORY_CEILING_SMURFING,NONE,NONE
MPLADS-003107,75.26,93.68,0,0.0,0.0,0.0,1.4179,0.25,0.0,0.0,ELEVATED_PAYMENT_VOLATILITY,NONE,NONE
MPLADS-003108,11.56,19.64,0,0.0,0.0,0.0,0.9176,0.2223,0.0,0.0,NORMAL_DISBURSEMENT_SCHEDULE,NONE,NONE
MPLADS-003109,31.76,51.64,0,0.0,0.0,0.0,0.8674,0.25,0.0,0.0,NORMAL_DISBURSEMENT_SCHEDULE,NONE,NONE
MPLADS-003110,18.69,32.0,0,0.0,0.0,0.0,0.935,0.2222,0.0,0.0,NORMAL_DISBURSEMENT_SCHEDULE,NONE,NONE
MPLADS-003111,39.73,65.88,0,0.0,0.0,0.0,0.8615,0.2222,0.0,0.0,NORMAL_DISBURSEMENT_SCHEDULE,NONE,NONE
MPLADS-003112,24.95,40.3,0,0.0,0.0,0.0,0.9223,0.2223,0.0,0.0,NORMAL_DISBURSEMENT_SCHEDULE,NONE,NONE
MPLADS-003113,1.11,1.36,0,0.0,0.0,0.0,0.9101,0.2222,0.0,0.0,NORMAL_DISBURSEMENT_SCHEDULE,NONE,NONE
MPLADS-003114,14.73,25.66,0,0.0,0.0,0.0,0.8758,0.2223,0.0,0.0,NORMAL_DISBURSEMENT_SCHEDULE,NONE,NONE
MPLADS-003115,16.56,28.66,0,0.0,0.0,0.0,0.9581,0.2222,0.0,0.0,NORMAL_DISBURSEMENT_SCHEDULE,NONE,NONE
MPLADS-003116,33.69,55.18,0,0.0,0.0,0.0,0.9519,0.25,0.0,0.0,NORMAL_DISBURSEMENT_SCHEDULE,NONE,NONE
MPLADS-003117,30.12,48.4,0,0.0,0.0,0.0,0.9242,0.25,0.0,0.0,NORMAL_DISBURSEMENT_SCHEDULE,NONE,NONE
MPLADS-003118,39.74,65.9,0,0.0,0.0,0.0,0.8565,0.2222,0.0,0.0,NORMAL_DISBURSEMENT_SCHEDULE,NONE,NONE
MPLADS-003119,41.83,68.92,0,0.0,0.0,0.0,0.959,0.25,0.0,0.0,NORMAL_DISBURSEMENT_SCHEDULE,NONE,NONE
MPLADS-003120,52.13,78.14,0,0.0,0.0,0.0,1.4576,0.2222,0.0,0.0,NORMAL_DISBURSEMENT_SCHEDULE,NONE,NONE
MPLADS-003121,9.5,15.78,0,0.0,0.0,0.0,0.972,0.2222,0.0,0.0,NORMAL_DISBURSEMENT_SCHEDULE,NONE,NONE
MPLADS-003122,68.75,90.08,0,0.0,0.0,0.0,0.479,0.25,0.0,0.0,ELEVATED_PAYMENT_VOLATILITY,NONE,NONE
MPLADS-003123,40.5,67.08,0,0.0,0.0,0.0,0.9763,0.2222,0.0,0.0,NORMAL_DISBURSEMENT_SCHEDULE,NONE,NONE
MPLADS-003124,43.72,71.62,0,0.0,0.0,0.0,0.8817,0.25,0.0,0.0,NORMAL_DISBURSEMENT_SCHEDULE,NONE,NONE
MPLADS-003125,12.25,20.94,0,0.0,0.0,0.0,0.9742,0.2222,0.0,0.0,NORMAL_DISBURSEMENT_SCHEDULE,NONE,NONE
MPLADS-003126,15.66,27.11,0,0.0,0.0,0.0,0.8589,0.2223,0.0,0.0,NORMAL_DISBURSEMENT_SCHEDULE,NONE,NONE
MPLADS-003127,27.78,44.16,0,0.0,0.0,0.0,0.9602,0.2222,0.0,0.0,NORMAL_DISBURSEMENT_SCHEDULE,NONE,NONE
MPLADS-003128,42.28,69.64,0,0.0,0.0,0.5103,0.9559,0.2222,0.0,25.0,NORMAL_DISBURSEMENT_SCHEDULE,NONE,NONE
MPLADS-003129,51.82,77.88,0,0.0,0.0,0.0,0.8638,0.25,0.0,0.0,NORMAL_DISBURSEMENT_SCHEDULE,NONE,NONE
MPLADS-003130,66.02,87.76,0,0.0,0.0,0.9186,0.9543,0.2222,0.0,25.0,STATUTORY_CEILING_SMURFING,NONE,NONE
MPLADS-003131,27.09,43.12,0,0.0,0.0,0.0,0.8983,0.25,0.0,0.0,NORMAL_DISBURSEMENT_SCHEDULE,NONE,NONE
MPLADS-003132,51.23,77.64,0,0.0,0.0,0.0,0.968,0.2222,0.0,0.0,NORMAL_DISBURSEMENT_SCHEDULE,NONE,NONE
MPLADS-003133,14.12,24.56,0,0.0,0.0,0.0,0.9494,0.2222,0.0,0.0,NORMAL_DISBURSEMENT_SCHEDULE,NONE,NONE
MPLADS-003134,27.74,44.1,0,0.0,0.0,0.0,0.8956,0.25,0.0,0.0,NORMAL_DISBURSEMENT_SCHEDULE,NONE,NONE
MPLADS-003135,71.92,92.08,0,0.0,0.0,0.0,0.4569,0.25,0.0,0.0,ELEVATED_PAYMENT_VOLATILITY,NONE,NONE
MPLADS-003136,83.23,98.04,1,0.0,0.0,0.0,1.5627,0.2222,0.231,0.0,PAYMENT_TIMING_ANOMALY,NONE,NONE
MPLADS-003137,13.09,22.6,0,0.0,0.0,0.0,0.852,0.2222,0.0,0.0,NORMAL_DISBURSEMENT_SCHEDULE,NONE,NONE
MPLADS-003138,23.36,38.3,0,0.0,0.0,0.0,0.9228,0.2222,0.0,0.0,NORMAL_DISBURSEMENT_SCHEDULE,NONE,NONE
MPLADS-003139,16.77,29.02,0,0.0,0.0,0.0,0.9307,0.2222,0.0,0.0,NORMAL_DISBURSEMENT_SCHEDULE,NONE,NONE
MPLADS-003140,46.25,74.44,0,0.0,0.0,0.0,0.882,0.2222,0.0,0.0,NORMAL_DISBURSEMENT_SCHEDULE,NONE,NONE
MPLADS-003141,67.6,89.1,0,1.0,1943000.0,0.0,0.8567,0.2223,0.0,50.0,UNVERIFIED_DISBURSEMENT_BURST,NONE,NONE
MPLADS-003142,32.44,52.96,0,0.0,0.0,0.0,0.8837,0.2222,0.0,0.0,NORMAL_DISBURSEMENT_SCHEDULE,NONE,NONE
MPLADS-003143,33.54,54.9,0,0.0,0.0,0.0,0.8884,0.25,0.0,0.0,NORMAL_DISBURSEMENT_SCHEDULE,NONE,NONE
MPLADS-003144,80.4,96.54,1,1.0,844000.0,0.0,0.8639,0.25,0.0,50.0,UNVERIFIED_DISBURSEMENT_BURST,NONE,NONE
MPLADS-003145,29.95,48.1,0,0.0,0.0,0.0,0.941,0.25,0.0,0.0,NORMAL_DISBURSEMENT_SCHEDULE,NONE,NONE
MPLADS-003146,77.71,95.14,1,0.0,0.0,0.0,0.9447,0.2222,0.231,0.0,PAYMENT_TIMING_ANOMALY,NONE,NONE
MPLADS-003147,7.6,12.22,0,0.0,0.0,0.0,0.9337,0.2222,0.0,0.0,NORMAL_DISBURSEMENT_SCHEDULE,NONE,NONE
MPLADS-003148,18.79,32.16,0,0.0,0.0,0.0,0.9762,0.2222,0.0,0.0,NORMAL_DISBURSEMENT_SCHEDULE,NONE,NONE
MPLADS-003149,47.61,75.44,0,0.0,0.0,0.0,0.956,0.2222,0.0,0.0,NORMAL_DISBURSEMENT_SCHEDULE,NONE,NONE
MPLADS-003150,25.13,40.52,0,0.0,0.0,0.0,0.9681,0.2222,0.0,0.0,NORMAL_DISBURSEMENT_SCHEDULE,NONE,NONE
MPLADS-003151,17.36,29.96,0,0.0,0.0,0.0,0.8589,0.2222,0.0,0.0,NORMAL_DISBURSEMENT_SCHEDULE,NONE,NONE
MPLADS-003152,23.51,38.48,0,0.0,0.0,0.0,0.9651,0.2222,0.0,0.0,NORMAL_DISBURSEMENT_SCHEDULE,NONE,NONE
MPLADS-003153,33.76,55.32,0,0.0,0.0,0.097,0.859,0.2222,0.0,25.0,NORMAL_DISBURSEMENT_SCHEDULE,NONE,NONE
MPLADS-003154,1.03,1.2,0,0.0,0.0,0.0,0.9014,0.2222,0.0,0.0,NORMAL_DISBURSEMENT_SCHEDULE,NONE,NONE
MPLADS-003155,48.24,76.02,0,0.0,0.0,0.0,0.8923,0.2222,0.0,0.0,NORMAL_DISBURSEMENT_SCHEDULE,NONE,NONE
MPLADS-003156,9.06,14.98,0,0.0,0.0,0.0,0.9137,0.2222,0.0,0.0,NORMAL_DISBURSEMENT_SCHEDULE,NONE,NONE
MPLADS-003157,62.39,84.26,0,0.0,0.0,0.0,1.5708,0.2222,0.0,0.0,ELEVATED_PAYMENT_VOLATILITY,NONE,NONE
MPLADS-003158,8.41,13.8,0,0.0,0.0,0.0,0.8717,0.2222,0.0,0.0,NORMAL_DISBURSEMENT_SCHEDULE,NONE,NONE
MPLADS-003159,27.93,44.38,0,0.0,0.0,0.0,0.9304,0.25,0.0,0.0,NORMAL_DISBURSEMENT_SCHEDULE,NONE,NONE
MPLADS-003160,9.12,15.1,0,0.0,0.0,0.0,0.8709,0.2222,0.0,0.0,NORMAL_DISBURSEMENT_SCHEDULE,NONE,NONE
MPLADS-003161,36.58,60.52,0,0.0,0.0,0.0,0.9062,0.25,0.0,0.0,NORMAL_DISBURSEMENT_SCHEDULE,NONE,NONE
MPLADS-003162,69.09,90.32,0,1.0,3144000.0,0.0,1.0,0.2222,0.0,50.0,UNVERIFIED_DISBURSEMENT_BURST,NONE,NONE
MPLADS-003163,36.85,61.04,0,0.0,0.0,0.0,0.9565,0.25,0.0,0.0,NORMAL_DISBURSEMENT_SCHEDULE,NONE,NONE
MPLADS-003164,41.12,67.92,0,0.0,0.0,0.0,0.9729,0.25,0.0,0.0,NORMAL_DISBURSEMENT_SCHEDULE,NONE,NONE
MPLADS-003165,2.58,3.72,0,0.0,0.0,0.0,0.9175,0.2222,0.0,0.0,NORMAL_DISBURSEMENT_SCHEDULE,NONE,NONE
MPLADS-003166,1.41,1.86,0,0.0,0.0,0.0,0.8977,0.2222,0.0,0.0,NORMAL_DISBURSEMENT_SCHEDULE,NONE,NONE
MPLADS-003167,47.41,75.34,0,0.0,0.0,0.0,0.8567,0.25,0.0,0.0,NORMAL_DISBURSEMENT_SCHEDULE,NONE,NONE
MPLADS-003168,19.78,33.56,0,0.0,0.0,0.0,0.9604,0.2222,0.0,0.0,NORMAL_DISBURSEMENT_SCHEDULE,NONE,NONE
MPLADS-003169,42.93,70.52,0,0.0,0.0,0.0,0.8784,0.25,0.0,0.0,NORMAL_DISBURSEMENT_SCHEDULE,NONE,NONE
MPLADS-003170,16.24,28.12,0,0.0,0.0,0.0,0.8588,0.2222,0.0,0.0,NORMAL_DISBURSEMENT_SCHEDULE,NONE,NONE
MPLADS-003171,13.98,24.32,0,0.0,0.0,0.0,0.9196,0.2223,0.0,0.0,NORMAL_DISBURSEMENT_SCHEDULE,NONE,NONE
MPLADS-003172,3.73,5.5,0,0.0,0.0,0.0,0.8601,0.2222,0.0,0.0,NORMAL_DISBURSEMENT_SCHEDULE,NONE,NONE
MPLADS-003173,41.29,68.14,0,0.0,0.0,0.0,0.9714,0.25,0.0,0.0,NORMAL_DISBURSEMENT_SCHEDULE,NONE,NONE
MPLADS-003174,31.49,51.08,0,0.0,0.0,0.0,0.909,0.25,0.0,0.0,NORMAL_DISBURSEMENT_SCHEDULE,NONE,NONE
MPLADS-003175,21.56,35.88,0,0.0,0.0,0.0,0.9118,0.2222,0.0,0.0,NORMAL_DISBURSEMENT_SCHEDULE,NONE,NONE
MPLADS-003176,11.68,19.86,0,0.0,0.0,0.0,0.9057,0.2223,0.0,0.0,NORMAL_DISBURSEMENT_SCHEDULE,NONE,NONE
MPLADS-003177,59.67,82.56,0,0.0,0.0,0.0,0.8797,0.2222,0.231,0.0,NORMAL_DISBURSEMENT_SCHEDULE,NONE,NONE
MPLADS-003178,39.15,65.04,0,0.0,0.0,0.0,0.8573,0.25,0.0,0.0,NORMAL_DISBURSEMENT_SCHEDULE,NONE,NONE
MPLADS-003179,12.19,20.8,0,0.0,0.0,0.0,0.9206,0.2223,0.0,0.0,NORMAL_DISBURSEMENT_SCHEDULE,NONE,NONE
MPLADS-003180,66.76,88.44,0,0.0,0.0,0.0,0.9586,0.2222,0.231,0.0,PAYMENT_TIMING_ANOMALY,NONE,NONE
MPLADS-003181,37.54,62.24,0,0.0,0.0,0.0,0.9471,0.25,0.0,0.0,NORMAL_DISBURSEMENT_SCHEDULE,NONE,NONE
MPLADS-003182,8.96,14.82,0,0.0,0.0,0.0,0.8903,0.2222,0.0,0.0,NORMAL_DISBURSEMENT_SCHEDULE,NONE,NONE
MPLADS-003183,24.97,40.32,0,0.0,0.0,0.0,0.8564,0.2223,0.0,0.0,NORMAL_DISBURSEMENT_SCHEDULE,NONE,NONE
MPLADS-003184,4.11,6.18,0,0.0,0.0,0.0,0.885,0.2222,0.0,0.0,NORMAL_DISBURSEMENT_SCHEDULE,NONE,NONE
MPLADS-003185,27.65,43.94,0,0.0,0.0,0.0,0.8958,0.25,0.0,0.0,NORMAL_DISBURSEMENT_SCHEDULE,NONE,NONE
MPLADS-003186,34.53,56.74,0,0.0,0.0,0.0,0.8618,0.2222,0.0,0.0,NORMAL_DISBURSEMENT_SCHEDULE,NONE,NONE
MPLADS-003187,58.41,81.72,0,0.0,0.0,0.0,1.3726,0.2222,0.0,0.0,NORMAL_DISBURSEMENT_SCHEDULE,NONE,NONE
MPLADS-003188,16.85,29.14,0,0.0,0.0,0.0,0.9778,0.2222,0.0,0.0,NORMAL_DISBURSEMENT_SCHEDULE,NONE,NONE
MPLADS-003189,1.12,1.38,0,0.0,0.0,0.0,0.9294,0.2222,0.0,0.0,NORMAL_DISBURSEMENT_SCHEDULE,NONE,NONE
MPLADS-003190,20.5,34.56,0,0.0,0.0,0.0,0.9002,0.2222,0.0,0.0,NORMAL_DISBURSEMENT_SCHEDULE,NONE,NONE
MPLADS-003191,35.91,59.34,0,0.0,0.0,0.0,0.8671,0.2222,0.0,0.0,NORMAL_DISBURSEMENT_SCHEDULE,NONE,NONE
MPLADS-003192,55.83,80.24,0,0.0,0.0,0.0,1.5254,0.2222,0.0,0.0,NORMAL_DISBURSEMENT_SCHEDULE,NONE,NONE
MPLADS-003193,62.2,84.08,0,0.0,0.0,0.0,0.8808,0.2222,0.231,0.0,PAYMENT_TIMING_ANOMALY,NONE,NONE
MPLADS-003194,40.87,67.52,0,0.0,0.0,0.0,0.9675,0.25,0.0,0.0,NORMAL_DISBURSEMENT_SCHEDULE,NONE,NONE
MPLADS-003195,17.18,29.7,0,0.0,0.0,0.0247,0.8834,0.2223,0.0,25.0,NORMAL_DISBURSEMENT_SCHEDULE,NONE,NONE
MPLADS-003196,26.51,42.26,0,0.0,0.0,0.0,0.9001,0.2222,0.0,0.0,NORMAL_DISBURSEMENT_SCHEDULE,NONE,NONE
MPLADS-003197,82.48,97.54,1,1.0,867000.0,0.0,1.0,0.25,0.0,50.0,UNVERIFIED_DISBURSEMENT_BURST,NONE,NONE
MPLADS-003198,37.72,62.6,0,0.0,0.0,0.0,0.8711,0.25,0.0,0.0,NORMAL_DISBURSEMENT_SCHEDULE,NONE,NONE
MPLADS-003199,25.35,40.84,0,0.0,0.0,0.0,0.9349,0.2223,0.0,0.0,NORMAL_DISBURSEMENT_SCHEDULE,NONE,NONE
MPLADS-003200,29.21,46.7,0,0.0,0.0,0.0,0.8856,0.25,0.0,0.0,NORMAL_DISBURSEMENT_SCHEDULE,NONE,NONE
MPLADS-003201,64.82,86.54,0,1.0,3116000.0,0.0,0.8572,0.2222,0.0,50.0,UNVERIFIED_DISBURSEMENT_BURST,NONE,NONE
MPLADS-003202,10.99,18.56,0,0.0,0.0,0.0,0.9683,0.2222,0.0,0.0,NORMAL_DISBURSEMENT_SCHEDULE,NONE,NONE
MPLADS-003203,41.23,68.06,0,0.0,0.0,0.0,0.886,0.25,0.0,0.0,NORMAL_DISBURSEMENT_SCHEDULE,NONE,NONE
MPLADS-003204,43.52,71.36,0,0.0,0.0,0.0,0.8635,0.25,0.0,0.0,NORMAL_DISBURSEMENT_SCHEDULE,NONE,NONE
MPLADS-003205,31.51,51.12,0,0.0,0.0,0.0,0.8907,0.25,0.0,0.0,NORMAL_DISBURSEMENT_SCHEDULE,NONE,NONE
MPLADS-003206,62.53,84.38,0,0.0,0.0,0.0,0.9355,0.2222,0.231,0.0,PAYMENT_TIMING_ANOMALY,NONE,NONE
MPLADS-003207,44.37,72.4,0,0.0,0.0,0.0,0.8596,0.2222,0.0,0.0,NORMAL_DISBURSEMENT_SCHEDULE,NONE,NONE
MPLADS-003208,26.13,41.72,0,0.0,0.0,0.0,0.927,0.25,0.0,0.0,NORMAL_DISBURSEMENT_SCHEDULE,NONE,NONE
MPLADS-003209,69.45,90.62,0,0.0,0.0,0.0,0.8581,0.2223,0.231,0.0,PAYMENT_TIMING_ANOMALY,NONE,NONE
MPLADS-003210,81.46,97.08,1,1.0,402000.0,0.0,0.8914,0.25,0.0,50.0,UNVERIFIED_DISBURSEMENT_BURST,NONE,NONE
MPLADS-003211,42.78,70.3,0,0.0,0.0,0.0,0.8501,0.25,0.0,0.0,NORMAL_DISBURSEMENT_SCHEDULE,NONE,NONE
MPLADS-003212,8.68,14.32,0,0.0,0.0,0.0,0.9442,0.2222,0.0,0.0,NORMAL_DISBURSEMENT_SCHEDULE,NONE,NONE
MPLADS-003213,14.98,26.08,0,0.0,0.0,0.0,0.8766,0.2222,0.0,0.0,NORMAL_DISBURSEMENT_SCHEDULE,NONE,NONE
MPLADS-003214,61.44,83.54,0,0.0,0.0,0.0,0.9157,0.2222,0.0,0.0,ELEVATED_PAYMENT_VOLATILITY,NONE,NONE
MPLADS-003215,13.99,24.34,0,0.0,0.0,0.0,0.9275,0.2222,0.0,0.0,NORMAL_DISBURSEMENT_SCHEDULE,NONE,NONE
MPLADS-003216,32.13,52.34,0,0.0,0.0,0.0,0.9384,0.2222,0.0,0.0,NORMAL_DISBURSEMENT_SCHEDULE,NONE,NONE
MPLADS-003217,15.31,26.6,0,0.0,0.0,0.0,0.902,0.2223,0.0,0.0,NORMAL_DISBURSEMENT_SCHEDULE,NONE,NONE
MPLADS-003218,64.31,86.0,0,0.0,0.0,0.001,0.9057,0.2222,0.0,25.0,STATUTORY_CEILING_SMURFING,NONE,NONE
MPLADS-003219,16.3,28.22,0,0.0,0.0,0.0,0.8693,0.2222,0.0,0.0,NORMAL_DISBURSEMENT_SCHEDULE,NONE,NONE
MPLADS-003220,2.77,4.04,0,0.0,0.0,0.0,0.9337,0.2222,0.0,0.0,NORMAL_DISBURSEMENT_SCHEDULE,NONE,NONE
MPLADS-003221,38.68,64.26,0,0.0,0.0,0.0,0.9069,0.2222,0.0,0.0,NORMAL_DISBURSEMENT_SCHEDULE,NONE,NONE
MPLADS-003222,14.06,24.46,0,0.0,0.0,0.0,0.9645,0.2223,0.0,0.0,NORMAL_DISBURSEMENT_SCHEDULE,NONE,NONE
MPLADS-003223,35.53,58.64,0,0.0,0.0,0.0,0.9384,0.25,0.0,0.0,NORMAL_DISBURSEMENT_SCHEDULE,NONE,NONE
MPLADS-003224,5.67,8.7,0,0.0,0.0,0.0,0.8724,0.2222,0.0,0.0,NORMAL_DISBURSEMENT_SCHEDULE,NONE,NONE
MPLADS-003225,21.97,36.44,0,0.0,0.0,0.0,0.9152,0.2222,0.0,0.0,NORMAL_DISBURSEMENT_SCHEDULE,NONE,NONE
MPLADS-003226,39.86,66.08,0,0.0,0.0,0.0,0.8601,0.25,0.0,0.0,NORMAL_DISBURSEMENT_SCHEDULE,NONE,NONE
MPLADS-003227,46.68,74.8,0,0.0,0.0,0.0,0.9181,0.2222,0.0,0.0,NORMAL_DISBURSEMENT_SCHEDULE,NONE,NONE
MPLADS-003228,22.38,37.06,0,0.0,0.0,0.0,0.8942,0.2223,0.0,0.0,NORMAL_DISBURSEMENT_SCHEDULE,NONE,NONE
MPLADS-003229,21.87,36.32,0,0.0,0.0,0.0,0.9318,0.2222,0.0,0.0,NORMAL_DISBURSEMENT_SCHEDULE,NONE,NONE
MPLADS-003230,48.17,75.94,0,0.0,0.0,0.0,0.9668,0.2222,0.0,0.0,NORMAL_DISBURSEMENT_SCHEDULE,NONE,NONE
MPLADS-003231,67.55,89.06,0,0.0,0.0,0.0,1.3027,0.2222,0.0,0.0,ELEVATED_PAYMENT_VOLATILITY,NONE,NONE
MPLADS-003232,8.74,14.4,0,0.0,0.0,0.0,0.8967,0.2222,0.0,0.0,NORMAL_DISBURSEMENT_SCHEDULE,NONE,NONE
MPLADS-003233,53.12,78.71,0,0.0,0.0,0.0,0.875,0.2222,0.0,0.0,NORMAL_DISBURSEMENT_SCHEDULE,NONE,NONE
MPLADS-003234,15.29,26.56,0,0.0,0.0,0.0,0.8517,0.2222,0.0,0.0,NORMAL_DISBURSEMENT_SCHEDULE,NONE,NONE
MPLADS-003235,66.04,87.78,0,0.0,0.0,0.0,0.8967,0.2222,0.231,0.0,PAYMENT_TIMING_ANOMALY,NONE,NONE
MPLADS-003236,31.82,51.76,0,0.0,0.0,0.0,0.857,0.2222,0.0,0.0,NORMAL_DISBURSEMENT_SCHEDULE,NONE,NONE
MPLADS-003237,37.29,61.82,0,0.0,0.0,0.0,0.9674,0.25,0.0,0.0,NORMAL_DISBURSEMENT_SCHEDULE,NONE,NONE
MPLADS-003238,42.7,70.2,0,0.0,0.0,0.0,0.9454,0.2222,0.0,0.0,NORMAL_DISBURSEMENT_SCHEDULE,NONE,NONE
MPLADS-003239,66.92,88.52,0,0.0,0.0,0.0141,0.8892,0.2222,0.0,25.0,STATUTORY_CEILING_SMURFING,NONE,NONE
MPLADS-003240,17.08,29.52,0,0.0,0.0,0.0,0.874,0.2223,0.0,0.0,NORMAL_DISBURSEMENT_SCHEDULE,NONE,NONE
MPLADS-003241,23.78,38.86,0,0.0,0.0,0.0,0.9263,0.2223,0.0,0.0,NORMAL_DISBURSEMENT_SCHEDULE,NONE,NONE
MPLADS-003242,72.58,92.46,0,0.0,0.0,0.0,1.324,0.2223,0.0,0.0,ELEVATED_PAYMENT_VOLATILITY,NONE,NONE
MPLADS-003243,11.24,19.0,0,0.0,0.0,0.0,0.9231,0.2222,0.0,0.0,NORMAL_DISBURSEMENT_SCHEDULE,NONE,NONE
MPLADS-003244,70.92,91.46,0,0.0,0.0,0.0,0.9479,0.2222,0.231,0.0,PAYMENT_TIMING_ANOMALY,NONE,NONE
MPLADS-003245,37.4,62.0,0,0.0,0.0,0.0,0.8897,0.25,0.0,0.0,NORMAL_DISBURSEMENT_SCHEDULE,NONE,NONE
MPLADS-003246,43.28,71.02,0,0.0,0.0,0.0,0.9751,0.25,0.0,0.0,NORMAL_DISBURSEMENT_SCHEDULE,NONE,NONE
MPLADS-003247,3.91,5.82,0,0.0,0.0,0.0,0.9635,0.2222,0.0,0.0,NORMAL_DISBURSEMENT_SCHEDULE,NONE,NONE
MPLADS-003248,26.93,42.9,0,0.0,0.0,0.0,0.9261,0.25,0.0,0.0,NORMAL_DISBURSEMENT_SCHEDULE,NONE,NONE
MPLADS-003249,43.25,70.98,0,0.0,0.0,0.0,0.9482,0.25,0.0,0.0,NORMAL_DISBURSEMENT_SCHEDULE,NONE,NONE
MPLADS-003250,80.69,96.66,1,1.0,560000.0,0.0,0.9459,0.25,0.0,50.0,UNVERIFIED_DISBURSEMENT_BURST,NONE,NONE
MPLADS-003251,8.59,14.12,0,0.0,0.0,0.0,0.8768,0.2222,0.0,0.0,NORMAL_DISBURSEMENT_SCHEDULE,NONE,NONE
MPLADS-003252,39.62,65.7,0,0.0,0.0,0.0004,0.9735,0.2222,0.0,25.0,NORMAL_DISBURSEMENT_SCHEDULE,NONE,NONE
MPLADS-003253,19.61,33.34,0,0.0,0.0,0.0,0.9722,0.2223,0.0,0.0,NORMAL_DISBURSEMENT_SCHEDULE,NONE,NONE
MPLADS-003254,14.38,25.02,0,0.0,0.0,0.0,0.8781,0.2222,0.0,0.0,NORMAL_DISBURSEMENT_SCHEDULE,NONE,NONE
MPLADS-003255,23.95,39.1,0,0.0,0.0,0.0,0.8545,0.2222,0.0,0.0,NORMAL_DISBURSEMENT_SCHEDULE,NONE,NONE
MPLADS-003256,62.94,84.8,0,1.0,2958000.0,0.0,0.8659,0.2222,0.0,50.0,UNVERIFIED_DISBURSEMENT_BURST,NONE,NONE
MPLADS-003257,8.11,13.2,0,0.0,0.0,0.0,0.8799,0.2222,0.0,0.0,NORMAL_DISBURSEMENT_SCHEDULE,NONE,NONE
MPLADS-003258,1.04,1.22,0,0.0,0.0,0.0,0.8968,0.2222,0.0,0.0,NORMAL_DISBURSEMENT_SCHEDULE,NONE,NONE
MPLADS-003259,47.68,75.48,0,0.0,0.0,1.0,0.918,0.2222,0.0,25.0,NORMAL_DISBURSEMENT_SCHEDULE,NONE,NONE
MPLADS-003260,64.69,86.4,0,1.0,1861000.0,0.0,0.9647,0.2222,0.0,50.0,UNVERIFIED_DISBURSEMENT_BURST,NONE,NONE
MPLADS-003261,77.35,94.88,0,0.0,0.0,0.0,1.5138,0.25,0.0,0.0,ELEVATED_PAYMENT_VOLATILITY,NONE,NONE
MPLADS-003262,42.13,69.4,0,0.0,0.0,0.0,0.942,0.25,0.0,0.0,NORMAL_DISBURSEMENT_SCHEDULE,NONE,NONE
MPLADS-003263,9.17,15.18,0,0.0,0.0,0.0,0.9504,0.2222,0.0,0.0,NORMAL_DISBURSEMENT_SCHEDULE,NONE,NONE
MPLADS-003264,34.61,56.92,0,0.0,0.0,0.0,0.8603,0.2222,0.0,0.0,NORMAL_DISBURSEMENT_SCHEDULE,NONE,NONE
MPLADS-003265,64.51,86.26,0,0.0,0.0,0.0011,0.9639,0.2222,0.231,25.0,STATUTORY_CEILING_SMURFING,PAYMENT_TIMING_ANOMALY,NONE
MPLADS-003266,4.93,7.5,0,0.0,0.0,0.0,0.859,0.2222,0.0,0.0,NORMAL_DISBURSEMENT_SCHEDULE,NONE,NONE
MPLADS-003267,4.05,6.08,0,0.0,0.0,0.0,0.9686,0.2222,0.0,0.0,NORMAL_DISBURSEMENT_SCHEDULE,NONE,NONE
MPLADS-003268,72.68,92.5,0,1.0,1839000.0,0.0,0.9608,0.2222,0.0,50.0,UNVERIFIED_DISBURSEMENT_BURST,NONE,NONE
MPLADS-003269,8.34,13.66,0,0.0,0.0,0.0,0.9034,0.2222,0.0,0.0,NORMAL_DISBURSEMENT_SCHEDULE,NONE,NONE
MPLADS-003270,26.25,41.86,0,0.0,0.0,0.0,0.8725,0.2222,0.0,0.0,NORMAL_DISBURSEMENT_SCHEDULE,NONE,NONE
MPLADS-003271,10.32,17.34,0,0.0,0.0,0.0,0.8509,0.2222,0.0,0.0,NORMAL_DISBURSEMENT_SCHEDULE,NONE,NONE
MPLADS-003272,0.04,0.04,0,0.0,0.0,0.0,0.9208,0.2222,0.0,0.0,NORMAL_DISBURSEMENT_SCHEDULE,NONE,NONE
MPLADS-003273,38.09,63.24,0,0.0,0.0,0.0,0.9709,0.2222,0.0,0.0,NORMAL_DISBURSEMENT_SCHEDULE,NONE,NONE
MPLADS-003274,2.26,3.24,0,0.0,0.0,0.0,0.935,0.2222,0.0,0.0,NORMAL_DISBURSEMENT_SCHEDULE,NONE,NONE
MPLADS-003275,71.39,91.8,0,1.0,2558000.0,0.0,0.9492,0.2222,0.0,50.0,UNVERIFIED_DISBURSEMENT_BURST,NONE,NONE
MPLADS-003276,35.88,59.28,0,0.0,0.0,0.0,0.8529,0.2222,0.0,0.0,NORMAL_DISBURSEMENT_SCHEDULE,NONE,NONE
MPLADS-003277,74.62,93.42,0,0.0,0.0,0.0,1.3657,0.2223,0.0,0.0,ELEVATED_PAYMENT_VOLATILITY,NONE,NONE
MPLADS-003278,31.17,50.42,0,0.0,0.0,0.0,0.8786,0.25,0.0,0.0,NORMAL_DISBURSEMENT_SCHEDULE,NONE,NONE
MPLADS-003279,71.16,91.6,0,1.0,2018000.0,0.0,1.0,0.2222,0.0,50.0,UNVERIFIED_DISBURSEMENT_BURST,NONE,NONE
MPLADS-003280,35.39,58.38,0,0.0,0.0,0.0,0.8516,0.2222,0.0,0.0,NORMAL_DISBURSEMENT_SCHEDULE,NONE,NONE
MPLADS-003281,57.65,81.36,0,0.0,0.0,0.0,0.9161,0.2223,0.0,0.0,NORMAL_DISBURSEMENT_SCHEDULE,NONE,NONE
MPLADS-003282,54.71,79.5,0,0.0,0.0,0.9968,0.9346,0.2223,0.0,25.0,NORMAL_DISBURSEMENT_SCHEDULE,NONE,NONE
MPLADS-003283,13.12,22.66,0,0.0,0.0,0.0,0.9337,0.2223,0.0,0.0,NORMAL_DISBURSEMENT_SCHEDULE,NONE,NONE
MPLADS-003284,48.88,76.3,0,0.0,0.0,0.0,0.6199,0.2222,0.0,0.0,NORMAL_DISBURSEMENT_SCHEDULE,NONE,NONE
MPLADS-003285,33.95,55.7,0,0.0,0.0,0.6308,0.9722,0.2222,0.0,25.0,NORMAL_DISBURSEMENT_SCHEDULE,NONE,NONE
MPLADS-003286,32.63,53.24,0,0.0,0.0,0.0,0.8534,0.2222,0.0,0.0,NORMAL_DISBURSEMENT_SCHEDULE,NONE,NONE
MPLADS-003287,33.16,54.22,0,0.0,0.0,0.0,0.9489,0.25,0.0,0.0,NORMAL_DISBURSEMENT_SCHEDULE,NONE,NONE
MPLADS-003288,63.31,85.18,0,1.0,2252000.0,0.0,0.8929,0.2222,0.0,50.0,UNVERIFIED_DISBURSEMENT_BURST,NONE,NONE
MPLADS-003289,44.49,72.6,0,0.0,0.0,0.0,0.9626,0.2222,0.0,0.0,NORMAL_DISBURSEMENT_SCHEDULE,NONE,NONE
MPLADS-003290,44.07,72.1,0,0.0,0.0,0.0,0.9606,0.2222,0.0,0.0,NORMAL_DISBURSEMENT_SCHEDULE,NONE,NONE
MPLADS-003291,31.39,50.86,0,0.0,0.0,0.0,0.9333,0.25,0.0,0.0,NORMAL_DISBURSEMENT_SCHEDULE,NONE,NONE
MPLADS-003292,8.11,13.18,0,0.0,0.0,0.0,0.8827,0.2222,0.0,0.0,NORMAL_DISBURSEMENT_SCHEDULE,NONE,NONE
MPLADS-003293,75.49,93.74,0,0.0,0.0,0.0,1.5822,0.25,0.0,0.0,ELEVATED_PAYMENT_VOLATILITY,NONE,NONE
MPLADS-003294,24.29,39.52,0,0.0,0.0,0.0,0.9467,0.2223,0.0,0.0,NORMAL_DISBURSEMENT_SCHEDULE,NONE,NONE
MPLADS-003295,13.1,22.62,0,0.0,0.0,0.0,0.8614,0.2222,0.0,0.0,NORMAL_DISBURSEMENT_SCHEDULE,NONE,NONE
MPLADS-003296,35.32,58.26,0,0.0,0.0,0.0,0.8634,0.25,0.0,0.0,NORMAL_DISBURSEMENT_SCHEDULE,NONE,NONE
MPLADS-003297,37.11,61.52,0,0.0,0.0,0.0,0.9372,0.2222,0.0,0.0,NORMAL_DISBURSEMENT_SCHEDULE,NONE,NONE
MPLADS-003298,68.43,89.8,0,0.0,0.0,0.0,0.8787,0.25,0.0,25.0,ROUND_NUMBER_DISBURSEMENT_CONCENTRATION,NONE,NONE
MPLADS-003299,51.52,77.8,0,0.0,0.0,0.0,1.4156,0.2222,0.0,0.0,NORMAL_DISBURSEMENT_SCHEDULE,NONE,NONE
MPLADS-003300,6.39,9.98,0,0.0,0.0,0.0,0.8633,0.2222,0.0,0.0,NORMAL_DISBURSEMENT_SCHEDULE,NONE,NONE
MPLADS-003301,8.8,14.52,0,0.0,0.0,0.0,0.9301,0.2222,0.0,0.0,NORMAL_DISBURSEMENT_SCHEDULE,NONE,NONE
MPLADS-003302,2.04,2.88,0,0.0,0.0,0.0,0.9498,0.2222,0.0,0.0,NORMAL_DISBURSEMENT_SCHEDULE,NONE,NONE
MPLADS-003303,35.16,57.96,0,0.0,0.0,0.0,0.9228,0.2222,0.0,0.0,NORMAL_DISBURSEMENT_SCHEDULE,NONE,NONE
MPLADS-003304,63.13,84.92,0,0.0,0.0,0.0,0.8956,0.2222,0.231,0.0,PAYMENT_TIMING_ANOMALY,NONE,NONE
MPLADS-003305,94.32,99.66,1,0.0,0.0,0.0,0.9792,0.2222,0.231,0.0,PAYMENT_TIMING_ANOMALY,NONE,NONE
MPLADS-003306,14.61,25.44,0,0.0,0.0,0.0,0.9437,0.2222,0.0,0.0,NORMAL_DISBURSEMENT_SCHEDULE,NONE,NONE
MPLADS-003307,32.27,52.6,0,0.0,0.0,0.0,0.8699,0.25,0.0,0.0,NORMAL_DISBURSEMENT_SCHEDULE,NONE,NONE
MPLADS-003308,72.05,92.16,0,0.0,0.0,0.0,0.8666,0.2222,0.0,0.0,ELEVATED_PAYMENT_VOLATILITY,NONE,NONE
MPLADS-003309,31.92,51.94,0,0.0,0.0,0.0,0.9435,0.2222,0.0,0.0,NORMAL_DISBURSEMENT_SCHEDULE,NONE,NONE
MPLADS-003310,71.85,92.04,0,1.0,1990000.0,0.0,1.0,0.2222,0.0,50.0,UNVERIFIED_DISBURSEMENT_BURST,NONE,NONE
MPLADS-003311,23.55,38.56,0,0.0,0.0,0.0,0.8923,0.2222,0.0,0.0,NORMAL_DISBURSEMENT_SCHEDULE,NONE,NONE
MPLADS-003312,75.09,93.62,0,0.0,0.0,0.0,0.887,0.2222,0.0,0.0,ELEVATED_PAYMENT_VOLATILITY,NONE,NONE
MPLADS-003313,23.65,38.68,0,0.0,0.0,0.0,0.8761,0.2222,0.0,0.0,NORMAL_DISBURSEMENT_SCHEDULE,NONE,NONE
MPLADS-003314,23.8,38.88,0,0.0,0.0,0.0,0.8655,0.2222,0.0,0.0,NORMAL_DISBURSEMENT_SCHEDULE,NONE,NONE
MPLADS-003315,82.22,97.4,1,1.0,583000.0,0.0,0.8955,0.25,0.0,50.0,UNVERIFIED_DISBURSEMENT_BURST,NONE,NONE
MPLADS-003316,79.94,96.28,1,0.0,0.0,0.0,1.4698,0.2222,0.231,0.0,PAYMENT_TIMING_ANOMALY,NONE,NONE
MPLADS-003317,89.08,99.4,1,1.0,2320000.0,0.0,0.8841,0.2222,0.231,50.0,UNVERIFIED_DISBURSEMENT_BURST,PAYMENT_TIMING_ANOMALY,NONE
MPLADS-003318,29.75,47.72,0,0.0,0.0,0.0,0.8895,0.2222,0.0,0.0,NORMAL_DISBURSEMENT_SCHEDULE,NONE,NONE
MPLADS-003319,25.82,41.32,0,0.0,0.0,0.0,0.8628,0.2223,0.0,0.0,NORMAL_DISBURSEMENT_SCHEDULE,NONE,NONE
MPLADS-003320,4.96,7.54,0,0.0,0.0,0.0,0.9476,0.2222,0.0,0.0,NORMAL_DISBURSEMENT_SCHEDULE,NONE,NONE
MPLADS-003321,4.81,7.32,0,0.0,0.0,0.0,0.9318,0.2222,0.0,0.0,NORMAL_DISBURSEMENT_SCHEDULE,NONE,NONE
MPLADS-003322,1.9,2.68,0,0.0,0.0,0.0,0.9125,0.2222,0.0,0.0,NORMAL_DISBURSEMENT_SCHEDULE,NONE,NONE
MPLADS-003323,49.23,76.58,0,0.0,0.0,0.0,0.9171,0.2222,0.0,0.0,NORMAL_DISBURSEMENT_SCHEDULE,NONE,NONE
MPLADS-003324,16.2,28.06,0,0.0,0.0,0.0,0.9722,0.2223,0.0,0.0,NORMAL_DISBURSEMENT_SCHEDULE,NONE,NONE
MPLADS-003325,10.62,17.9,0,0.0,0.0,0.0,0.8886,0.2223,0.0,0.0,NORMAL_DISBURSEMENT_SCHEDULE,NONE,NONE
MPLADS-003326,47.14,75.2,0,0.0,0.0,0.0,1.3044,0.2222,0.0,0.0,NORMAL_DISBURSEMENT_SCHEDULE,NONE,NONE
MPLADS-003327,75.83,93.96,0,1.0,9586000.0,0.0,0.8946,0.2222,0.0,50.0,UNVERIFIED_DISBURSEMENT_BURST,NONE,NONE
MPLADS-003328,30.95,49.98,0,0.0,0.0,0.0,0.9559,0.2222,0.0,0.0,NORMAL_DISBURSEMENT_SCHEDULE,NONE,NONE
MPLADS-003329,81.14,96.92,1,1.0,475000.0,0.0,0.8605,0.25,0.0,50.0,UNVERIFIED_DISBURSEMENT_BURST,NONE,NONE
MPLADS-003330,82.52,97.6,1,1.0,342000.0,0.0,0.9048,0.25,0.0,50.0,UNVERIFIED_DISBURSEMENT_BURST,NONE,NONE
MPLADS-003331,36.97,61.26,0,0.0,0.0,0.0,0.8918,0.25,0.0,0.0,NORMAL_DISBURSEMENT_SCHEDULE,NONE,NONE
MPLADS-003332,31.56,51.24,0,0.0,0.0,0.0,0.9547,0.2222,0.0,25.0,NORMAL_DISBURSEMENT_SCHEDULE,NONE,NONE
MPLADS-003333,13.01,22.46,0,0.0,0.0,0.0,0.9602,0.2222,0.0,0.0,NORMAL_DISBURSEMENT_SCHEDULE,NONE,NONE
MPLADS-003334,46.36,74.54,0,0.0,0.0,0.0,0.9737,0.2222,0.0,0.0,NORMAL_DISBURSEMENT_SCHEDULE,NONE,NONE
MPLADS-003335,13.54,23.42,0,0.0,0.0,0.0,0.9133,0.2222,0.0,0.0,NORMAL_DISBURSEMENT_SCHEDULE,NONE,NONE
MPLADS-003336,11.58,19.68,0,0.0,0.0,0.0,0.8774,0.2222,0.0,0.0,NORMAL_DISBURSEMENT_SCHEDULE,NONE,NONE
MPLADS-003337,16.96,29.32,0,0.0,0.0,0.0,0.9781,0.2222,0.0,0.0,NORMAL_DISBURSEMENT_SCHEDULE,NONE,NONE
MPLADS-003338,13.27,22.94,0,0.0,0.0,0.0,0.8519,0.2222,0.0,0.0,NORMAL_DISBURSEMENT_SCHEDULE,NONE,NONE
MPLADS-003339,46.21,74.4,0,0.0,0.0,0.0,0.8693,0.2222,0.0,0.0,NORMAL_DISBURSEMENT_SCHEDULE,NONE,NONE
MPLADS-003340,5.16,7.86,0,0.0,0.0,0.0,0.8975,0.2222,0.0,0.0,NORMAL_DISBURSEMENT_SCHEDULE,NONE,NONE
MPLADS-003341,53.83,79.12,0,0.0,0.0,0.0,1.4172,0.2222,0.0,0.0,NORMAL_DISBURSEMENT_SCHEDULE,NONE,NONE
MPLADS-003342,35.94,59.38,0,0.0,0.0,0.0,0.9698,0.2222,0.0,0.0,NORMAL_DISBURSEMENT_SCHEDULE,NONE,NONE
MPLADS-003343,22.58,37.32,0,0.0,0.0,0.0,0.9037,0.2222,0.0,0.0,NORMAL_DISBURSEMENT_SCHEDULE,NONE,NONE
MPLADS-003344,30.67,49.44,0,0.0,0.0,0.0,0.9016,0.25,0.0,0.0,NORMAL_DISBURSEMENT_SCHEDULE,NONE,NONE
MPLADS-003345,61.69,83.7,0,0.0,0.0,0.0889,1.4908,0.2222,0.0,25.0,STATUTORY_CEILING_SMURFING,NONE,NONE
MPLADS-003346,39.7,65.84,0,0.0,0.0,0.0,0.8637,0.25,0.0,0.0,NORMAL_DISBURSEMENT_SCHEDULE,NONE,NONE
MPLADS-003347,87.11,99.18,1,1.0,1481000.0,0.0,0.8712,0.2223,0.231,50.0,UNVERIFIED_DISBURSEMENT_BURST,PAYMENT_TIMING_ANOMALY,NONE
MPLADS-003348,98.54,99.92,1,1.0,566000.0,0.0,0.9481,0.25,0.3466,50.0,UNVERIFIED_DISBURSEMENT_BURST,PAYMENT_TIMING_ANOMALY,NONE
MPLADS-003349,0.51,0.46,0,0.0,0.0,0.0,0.9239,0.2222,0.0,0.0,NORMAL_DISBURSEMENT_SCHEDULE,NONE,NONE
MPLADS-003350,6.8,10.74,0,0.0,0.0,0.0,0.951,0.2222,0.0,0.0,NORMAL_DISBURSEMENT_SCHEDULE,NONE,NONE
MPLADS-003351,60.2,82.88,0,0.0,0.0,0.0,0.8639,0.2223,0.0,0.0,ELEVATED_PAYMENT_VOLATILITY,NONE,NONE
MPLADS-003352,46.45,74.66,0,0.0,0.0,0.0,0.8996,0.2222,0.0,0.0,NORMAL_DISBURSEMENT_SCHEDULE,NONE,NONE
MPLADS-003353,17.0,29.38,0,0.0,0.0,0.0,0.9292,0.2222,0.0,0.0,NORMAL_DISBURSEMENT_SCHEDULE,NONE,NONE
MPLADS-003354,26.9,42.84,0,0.0,0.0,0.3345,0.8871,0.2222,0.0,25.0,NORMAL_DISBURSEMENT_SCHEDULE,NONE,NONE
MPLADS-003355,39.18,65.08,0,0.0,0.0,0.0,0.9683,0.2222,0.0,0.0,NORMAL_DISBURSEMENT_SCHEDULE,NONE,NONE
MPLADS-003356,45.07,73.16,0,0.0,0.0,0.0,0.8556,0.2222,0.0,0.0,NORMAL_DISBURSEMENT_SCHEDULE,NONE,NONE
MPLADS-003357,26.77,42.64,0,0.0,0.0,0.0,0.9287,0.25,0.0,0.0,NORMAL_DISBURSEMENT_SCHEDULE,NONE,NONE
MPLADS-003358,2.01,2.84,0,0.0,0.0,0.0,0.9424,0.2222,0.0,0.0,NORMAL_DISBURSEMENT_SCHEDULE,NONE,NONE
MPLADS-003359,31.32,50.72,0,0.0,0.0,0.4636,0.9735,0.2223,0.0,25.0,NORMAL_DISBURSEMENT_SCHEDULE,NONE,NONE
MPLADS-003360,55.08,79.72,0,0.0,0.0,0.0,1.3121,0.2222,0.0,0.0,NORMAL_DISBURSEMENT_SCHEDULE,NONE,NONE
MPLADS-003361,82.06,97.32,1,1.0,407000.0,0.0,0.8734,0.25,0.0,50.0,UNVERIFIED_DISBURSEMENT_BURST,NONE,NONE
MPLADS-003362,17.95,30.84,0,0.0,0.0,0.0,0.8736,0.2223,0.0,0.0,NORMAL_DISBURSEMENT_SCHEDULE,NONE,NONE
MPLADS-003363,18.26,31.34,0,0.0,0.0,0.0,0.9646,0.2222,0.0,0.0,NORMAL_DISBURSEMENT_SCHEDULE,NONE,NONE
MPLADS-003364,62.74,84.58,0,0.0,0.0,0.0,0.9604,0.2222,0.231,0.0,PAYMENT_TIMING_ANOMALY,NONE,NONE
MPLADS-003365,3.06,4.44,0,0.0,0.0,0.0,0.8825,0.2222,0.0,0.0,NORMAL_DISBURSEMENT_SCHEDULE,NONE,NONE
MPLADS-003366,37.44,62.04,0,0.0,0.0,0.0,0.8784,0.25,0.0,0.0,NORMAL_DISBURSEMENT_SCHEDULE,NONE,NONE
MPLADS-003367,3.97,5.92,0,0.0,0.0,0.0,0.9238,0.2222,0.0,0.0,NORMAL_DISBURSEMENT_SCHEDULE,NONE,NONE
MPLADS-003368,40.46,67.0,0,0.0,0.0,0.0,0.9663,0.25,0.0,0.0,NORMAL_DISBURSEMENT_SCHEDULE,NONE,NONE
MPLADS-003369,34.52,56.72,0,0.0,0.0,0.0,0.9176,0.25,0.0,0.0,NORMAL_DISBURSEMENT_SCHEDULE,NONE,NONE
MPLADS-003370,2.44,3.52,0,0.0,0.0,0.0,0.9245,0.2222,0.0,0.0,NORMAL_DISBURSEMENT_SCHEDULE,NONE,NONE
MPLADS-003371,42.95,70.56,0,0.0,0.0,0.0,0.9744,0.2222,0.0,0.0,NORMAL_DISBURSEMENT_SCHEDULE,NONE,NONE
MPLADS-003372,3.11,4.54,0,0.0,0.0,0.0,0.9563,0.2222,0.0,0.0,NORMAL_DISBURSEMENT_SCHEDULE,NONE,NONE
MPLADS-003373,40.89,67.54,0,0.0,0.0,0.5581,0.909,0.2222,0.0,25.0,NORMAL_DISBURSEMENT_SCHEDULE,NONE,NONE
MPLADS-003374,5.55,8.48,0,0.0,0.0,0.0,0.8962,0.2222,0.0,0.0,NORMAL_DISBURSEMENT_SCHEDULE,NONE,NONE
MPLADS-003375,10.59,17.84,0,0.0,0.0,0.0,0.9605,0.2222,0.0,0.0,NORMAL_DISBURSEMENT_SCHEDULE,NONE,NONE
MPLADS-003376,69.51,90.66,0,0.0,0.0,0.6549,1.4461,0.2222,0.0,25.0,STATUTORY_CEILING_SMURFING,NONE,NONE
MPLADS-003377,33.91,55.62,0,0.0,0.0,0.0,0.9564,0.25,0.0,0.0,NORMAL_DISBURSEMENT_SCHEDULE,NONE,NONE
MPLADS-003378,14.23,24.76,0,0.0,0.0,0.0,0.9376,0.2222,0.0,0.0,NORMAL_DISBURSEMENT_SCHEDULE,NONE,NONE
MPLADS-003379,55.23,79.82,0,0.0,0.0,0.0,0.911,0.2222,0.0,0.0,NORMAL_DISBURSEMENT_SCHEDULE,NONE,NONE
MPLADS-003380,57.13,81.02,0,0.0,0.0,0.0,1.3695,0.2222,0.0,0.0,NORMAL_DISBURSEMENT_SCHEDULE,NONE,NONE
MPLADS-003381,28.89,46.1,0,0.0,0.0,0.0,0.8884,0.2222,0.0,0.0,NORMAL_DISBURSEMENT_SCHEDULE,NONE,NONE
MPLADS-003382,33.1,54.1,0,0.0,0.0,0.0,0.948,0.25,0.0,0.0,NORMAL_DISBURSEMENT_SCHEDULE,NONE,NONE
MPLADS-003383,41.07,67.84,0,0.0,0.0,0.0,0.8706,0.25,0.0,0.0,NORMAL_DISBURSEMENT_SCHEDULE,NONE,NONE
MPLADS-003384,29.4,47.1,0,0.0,0.0,0.0,0.8935,0.2222,0.0,0.0,NORMAL_DISBURSEMENT_SCHEDULE,NONE,NONE
MPLADS-003385,12.9,22.22,0,0.0,0.0,0.0,0.9142,0.2223,0.0,0.0,NORMAL_DISBURSEMENT_SCHEDULE,NONE,NONE
MPLADS-003386,5.01,7.64,0,0.0,0.0,0.0,0.8593,0.2222,0.0,0.0,NORMAL_DISBURSEMENT_SCHEDULE,NONE,NONE
MPLADS-003387,64.73,86.44,0,0.0,0.0,0.0,0.9146,0.2223,0.231,0.0,PAYMENT_TIMING_ANOMALY,NONE,NONE
MPLADS-003388,4.84,7.36,0,0.0,0.0,0.0,0.8987,0.2222,0.0,0.0,NORMAL_DISBURSEMENT_SCHEDULE,NONE,NONE
MPLADS-003389,21.2,35.46,0,0.0,0.0,0.0,0.9127,0.2222,0.0,0.0,NORMAL_DISBURSEMENT_SCHEDULE,NONE,NONE
MPLADS-003390,17.32,29.9,0,0.0,0.0,0.0,0.8533,0.2222,0.0,0.0,NORMAL_DISBURSEMENT_SCHEDULE,NONE,NONE
MPLADS-003391,43.95,71.9,0,0.0,0.0,0.0,0.9717,0.25,0.0,0.0,NORMAL_DISBURSEMENT_SCHEDULE,NONE,NONE
MPLADS-003392,70.59,91.2,0,1.0,1329000.0,0.0,0.8761,0.2222,0.0,50.0,UNVERIFIED_DISBURSEMENT_BURST,NONE,NONE
MPLADS-003393,12.44,21.3,0,0.0,0.0,0.0,0.8863,0.2222,0.0,0.0,NORMAL_DISBURSEMENT_SCHEDULE,NONE,NONE
MPLADS-003394,9.01,14.88,0,0.0,0.0,0.0,0.9623,0.2222,0.0,0.0,NORMAL_DISBURSEMENT_SCHEDULE,NONE,NONE
MPLADS-003395,31.83,51.78,0,0.0,0.0,0.0,0.9097,0.25,0.0,0.0,NORMAL_DISBURSEMENT_SCHEDULE,NONE,NONE
MPLADS-003396,64.38,86.08,0,1.0,1130000.0,0.0,0.878,0.2223,0.0,50.0,UNVERIFIED_DISBURSEMENT_BURST,NONE,NONE
MPLADS-003397,20.57,34.7,0,0.0,0.0,0.0,0.9592,0.2222,0.0,0.0,NORMAL_DISBURSEMENT_SCHEDULE,NONE,NONE
MPLADS-003398,58.07,81.58,0,0.0,0.0,0.0,0.8578,0.2222,0.0,0.0,NORMAL_DISBURSEMENT_SCHEDULE,NONE,NONE
MPLADS-003399,28.65,45.64,0,0.0,0.0,0.0,0.9146,0.25,0.0,0.0,NORMAL_DISBURSEMENT_SCHEDULE,NONE,NONE
MPLADS-003400,39.3,65.24,0,0.0,0.0,0.0,0.8583,0.25,0.0,0.0,NORMAL_DISBURSEMENT_SCHEDULE,NONE,NONE
MPLADS-003401,36.28,59.98,0,0.0,0.0,0.0,0.874,0.25,0.0,0.0,NORMAL_DISBURSEMENT_SCHEDULE,NONE,NONE
MPLADS-003402,58.91,82.08,0,0.0,0.0,0.0,0.976,0.2222,0.0,0.0,NORMAL_DISBURSEMENT_SCHEDULE,NONE,NONE
MPLADS-003403,10.81,18.24,0,0.0,0.0,0.0,0.9193,0.2223,0.0,0.0,NORMAL_DISBURSEMENT_SCHEDULE,NONE,NONE
MPLADS-003404,19.99,33.88,0,0.0,0.0,0.0,0.858,0.2222,0.0,0.0,NORMAL_DISBURSEMENT_SCHEDULE,NONE,NONE
MPLADS-003405,9.21,15.26,0,0.0,0.0,0.0,0.8737,0.2222,0.0,0.0,NORMAL_DISBURSEMENT_SCHEDULE,NONE,NONE
MPLADS-003406,16.45,28.5,0,0.0,0.0,0.0,0.9758,0.2223,0.0,0.0,NORMAL_DISBURSEMENT_SCHEDULE,NONE,NONE
MPLADS-003407,71.33,91.76,0,1.0,2132000.0,0.0,1.0,0.2222,0.0,50.0,UNVERIFIED_DISBURSEMENT_BURST,NONE,NONE
MPLADS-003408,22.66,37.4,0,0.0,0.0,0.0,0.8821,0.2222,0.0,0.0,NORMAL_DISBURSEMENT_SCHEDULE,NONE,NONE
MPLADS-003409,26.8,42.68,0,0.0,0.0,0.0,0.8861,0.2222,0.0,0.0,NORMAL_DISBURSEMENT_SCHEDULE,NONE,NONE
MPLADS-003410,14.03,24.4,0,0.0,0.0,0.0,0.9259,0.2222,0.0,0.0,NORMAL_DISBURSEMENT_SCHEDULE,NONE,NONE
MPLADS-003411,70.01,90.96,0,0.0,0.0,0.0,0.9581,0.2222,0.231,0.0,PAYMENT_TIMING_ANOMALY,NONE,NONE
MPLADS-003412,74.48,93.36,0,1.0,2218000.0,0.3753,0.8998,0.2222,0.0,75.0,UNVERIFIED_DISBURSEMENT_BURST,STATUTORY_CEILING_SMURFING,NONE
MPLADS-003413,50.2,77.08,0,0.0,0.0,0.0,1.3673,0.2222,0.0,0.0,NORMAL_DISBURSEMENT_SCHEDULE,NONE,NONE
MPLADS-003414,11.65,19.8,0,0.0,0.0,0.0,0.8778,0.2222,0.0,0.0,NORMAL_DISBURSEMENT_SCHEDULE,NONE,NONE
MPLADS-003415,18.08,30.98,0,0.0,0.0,0.0,0.9679,0.2223,0.0,0.0,NORMAL_DISBURSEMENT_SCHEDULE,NONE,NONE
MPLADS-003416,33.59,55.0,0,0.0,0.0,0.0,0.8936,0.25,0.0,0.0,NORMAL_DISBURSEMENT_SCHEDULE,NONE,NONE
MPLADS-003417,36.11,59.68,0,0.0,0.0,0.0,0.859,0.2222,0.0,0.0,NORMAL_DISBURSEMENT_SCHEDULE,NONE,NONE
MPLADS-003418,72.06,92.18,0,0.0,0.0,0.0,0.9377,0.2222,0.231,0.0,PAYMENT_TIMING_ANOMALY,NONE,NONE
MPLADS-003419,5.18,7.89,0,0.0,0.0,0.0,0.9391,0.2222,0.0,0.0,NORMAL_DISBURSEMENT_SCHEDULE,NONE,NONE
MPLADS-003420,39.68,65.8,0,0.0,0.0,0.0,0.9632,0.2222,0.0,0.0,NORMAL_DISBURSEMENT_SCHEDULE,NONE,NONE
MPLADS-003421,30.43,48.98,0,0.0,0.0,0.0,0.9241,0.25,0.0,0.0,NORMAL_DISBURSEMENT_SCHEDULE,NONE,NONE
MPLADS-003422,27.9,44.32,0,0.0,0.0,0.0,0.917,0.25,0.0,0.0,NORMAL_DISBURSEMENT_SCHEDULE,NONE,NONE
MPLADS-003423,38.35,63.68,0,0.0,0.0,0.0,0.9214,0.2222,0.0,0.0,NORMAL_DISBURSEMENT_SCHEDULE,NONE,NONE
MPLADS-003424,18.09,31.0,0,0.0,0.0,0.0,0.8975,0.2223,0.0,0.0,NORMAL_DISBURSEMENT_SCHEDULE,NONE,NONE
MPLADS-003425,51.43,77.74,0,0.0,0.0,0.0,0.9526,0.2222,0.0,0.0,NORMAL_DISBURSEMENT_SCHEDULE,NONE,NONE
MPLADS-003426,3.59,5.26,0,0.0,0.0,0.0,0.8917,0.2222,0.0,0.0,NORMAL_DISBURSEMENT_SCHEDULE,NONE,NONE
MPLADS-003427,14.04,24.44,0,0.0,0.0,0.0,0.9523,0.2222,0.0,0.0,NORMAL_DISBURSEMENT_SCHEDULE,NONE,NONE
MPLADS-003428,3.93,5.84,0,0.0,0.0,0.0,0.9532,0.2222,0.0,0.0,NORMAL_DISBURSEMENT_SCHEDULE,NONE,NONE
MPLADS-003429,15.34,26.64,0,0.0,0.0,0.0,0.8733,0.2222,0.0,0.0,NORMAL_DISBURSEMENT_SCHEDULE,NONE,NONE
MPLADS-003430,20.58,34.72,0,0.0,0.0,0.0,0.8648,0.2222,0.0,0.0,NORMAL_DISBURSEMENT_SCHEDULE,NONE,NONE
MPLADS-003431,50.27,77.12,0,0.0,0.0,0.0,0.9748,0.2222,0.0,0.0,NORMAL_DISBURSEMENT_SCHEDULE,NONE,NONE
MPLADS-003432,7.36,11.76,0,0.0,0.0,0.0,0.9425,0.2222,0.0,0.0,NORMAL_DISBURSEMENT_SCHEDULE,NONE,NONE
MPLADS-003433,7.39,11.84,0,0.0,0.0,0.0,0.8754,0.2222,0.0,0.0,NORMAL_DISBURSEMENT_SCHEDULE,NONE,NONE
MPLADS-003434,3.66,5.42,0,0.0,0.0,0.0,0.9047,0.2222,0.0,0.0,NORMAL_DISBURSEMENT_SCHEDULE,NONE,NONE
MPLADS-003435,0.62,0.62,0,0.0,0.0,0.0,0.9358,0.2222,0.0,0.0,NORMAL_DISBURSEMENT_SCHEDULE,NONE,NONE
MPLADS-003436,30.92,49.92,0,0.0,0.0,0.0,0.9364,0.25,0.0,0.0,NORMAL_DISBURSEMENT_SCHEDULE,NONE,NONE
MPLADS-003437,33.99,55.78,0,0.0,0.0,0.0,0.8995,0.25,0.0,0.0,NORMAL_DISBURSEMENT_SCHEDULE,NONE,NONE
MPLADS-003438,81.02,96.86,1,1.0,992000.0,0.0,0.9575,0.25,0.0,50.0,UNVERIFIED_DISBURSEMENT_BURST,NONE,NONE
MPLADS-003439,85.9,98.96,1,1.0,13340000.0,0.0,0.982,0.2222,0.0,50.0,UNVERIFIED_DISBURSEMENT_BURST,NONE,NONE
MPLADS-003440,31.95,52.02,0,0.0,0.0,0.0,0.9231,0.25,0.0,0.0,NORMAL_DISBURSEMENT_SCHEDULE,NONE,NONE
MPLADS-003441,43.2,70.94,0,0.0,0.0,0.7261,0.9676,0.2222,0.0,25.0,NORMAL_DISBURSEMENT_SCHEDULE,NONE,NONE
MPLADS-003442,26.84,42.72,0,0.0,0.0,0.0,0.865,0.2223,0.0,0.0,NORMAL_DISBURSEMENT_SCHEDULE,NONE,NONE
MPLADS-003443,33.11,54.12,0,0.0,0.0,0.0,0.8988,0.25,0.0,0.0,NORMAL_DISBURSEMENT_SCHEDULE,NONE,NONE
MPLADS-003444,31.27,50.62,0,0.0,0.0,0.0,0.8861,0.2222,0.0,0.0,NORMAL_DISBURSEMENT_SCHEDULE,NONE,NONE
MPLADS-003445,37.85,62.84,0,0.0,0.0,0.0,0.967,0.25,0.0,0.0,NORMAL_DISBURSEMENT_SCHEDULE,NONE,NONE
MPLADS-003446,75.8,93.94,0,1.0,12334000.0,0.0,0.908,0.2222,0.0,50.0,UNVERIFIED_DISBURSEMENT_BURST,NONE,NONE
MPLADS-003447,48.5,76.16,0,0.0,0.0,0.0,0.9047,0.2222,0.0,0.0,NORMAL_DISBURSEMENT_SCHEDULE,NONE,NONE
MPLADS-003448,21.79,36.22,0,0.0,0.0,0.0,0.9305,0.2222,0.0,0.0,NORMAL_DISBURSEMENT_SCHEDULE,NONE,NONE
MPLADS-003449,52.67,78.44,0,0.0,0.0,0.0,0.8944,0.2222,0.0,0.0,NORMAL_DISBURSEMENT_SCHEDULE,NONE,NONE
MPLADS-003450,25.08,40.42,0,0.0,0.0,0.0,0.9141,0.2222,0.0,0.0,NORMAL_DISBURSEMENT_SCHEDULE,NONE,NONE
MPLADS-003451,15.61,27.02,0,0.0,0.0,0.0,0.9426,0.2222,0.0,0.0,NORMAL_DISBURSEMENT_SCHEDULE,NONE,NONE
MPLADS-003452,1.52,2.06,0,0.0,0.0,0.0,0.8866,0.2222,0.0,0.0,NORMAL_DISBURSEMENT_SCHEDULE,NONE,NONE
MPLADS-003453,9.43,15.64,0,0.0,0.0,0.0,0.9467,0.2222,0.0,0.0,NORMAL_DISBURSEMENT_SCHEDULE,NONE,NONE
MPLADS-003454,27.72,44.06,0,0.0,0.0,0.0,0.8983,0.25,0.0,0.0,NORMAL_DISBURSEMENT_SCHEDULE,NONE,NONE
MPLADS-003455,4.53,6.84,0,0.0,0.0,0.0,0.9293,0.2222,0.0,0.0,NORMAL_DISBURSEMENT_SCHEDULE,NONE,NONE
MPLADS-003456,2.49,3.6,0,0.0,0.0,0.0,0.8761,0.2222,0.0,0.0,NORMAL_DISBURSEMENT_SCHEDULE,NONE,NONE
MPLADS-003457,31.54,51.2,0,0.0,0.0,0.0,0.9278,0.25,0.0,0.0,NORMAL_DISBURSEMENT_SCHEDULE,NONE,NONE
MPLADS-003458,57.72,81.4,0,0.0,0.0,0.0,1.4455,0.2222,0.0,0.0,NORMAL_DISBURSEMENT_SCHEDULE,NONE,NONE
MPLADS-003459,29.12,46.52,0,0.0,0.0,0.0,0.8995,0.25,0.0,0.0,NORMAL_DISBURSEMENT_SCHEDULE,NONE,NONE
MPLADS-003460,84.81,98.74,1,1.0,639000.0,0.0,1.0,0.25,0.0,50.0,UNVERIFIED_DISBURSEMENT_BURST,NONE,NONE
MPLADS-003461,13.04,22.52,0,0.0,0.0,0.0,0.8513,0.2222,0.0,0.0,NORMAL_DISBURSEMENT_SCHEDULE,NONE,NONE
MPLADS-003462,5.38,8.2,0,0.0,0.0,0.0,0.9145,0.2222,0.0,0.0,NORMAL_DISBURSEMENT_SCHEDULE,NONE,NONE
MPLADS-003463,20.15,34.06,0,0.0,0.0,0.0,0.9554,0.2222,0.0,0.0,NORMAL_DISBURSEMENT_SCHEDULE,NONE,NONE
MPLADS-003464,55.8,80.2,0,0.0,0.0,0.0,0.899,0.2222,0.0,0.0,NORMAL_DISBURSEMENT_SCHEDULE,NONE,NONE
MPLADS-003465,52.15,78.16,0,0.0,0.0,0.0,0.96,0.2222,0.0,0.0,NORMAL_DISBURSEMENT_SCHEDULE,NONE,NONE
MPLADS-003466,49.97,77.0,0,0.0,0.0,0.0,1.4057,0.2222,0.0,0.0,NORMAL_DISBURSEMENT_SCHEDULE,NONE,NONE
MPLADS-003467,37.56,62.28,0,0.0,0.0,0.0,0.8583,0.2222,0.0,0.0,NORMAL_DISBURSEMENT_SCHEDULE,NONE,NONE
MPLADS-003468,81.16,96.94,1,1.0,12570000.0,0.0,0.948,0.2222,0.0,50.0,UNVERIFIED_DISBURSEMENT_BURST,NONE,NONE
MPLADS-003469,46.05,74.24,0,0.0,0.0,0.0,0.9148,0.2222,0.0,0.0,NORMAL_DISBURSEMENT_SCHEDULE,NONE,NONE
MPLADS-003470,19.28,32.84,0,0.0,0.0,0.0,0.952,0.2222,0.0,0.0,NORMAL_DISBURSEMENT_SCHEDULE,NONE,NONE
MPLADS-003471,18.66,31.94,0,0.0,0.0,0.278,0.9715,0.2222,0.0,25.0,NORMAL_DISBURSEMENT_SCHEDULE,NONE,NONE
MPLADS-003472,34.55,56.78,0,0.0,0.0,0.0,0.8819,0.25,0.0,0.0,NORMAL_DISBURSEMENT_SCHEDULE,NONE,NONE
MPLADS-003473,15.03,26.14,0,0.0,0.0,0.0,0.9727,0.2222,0.0,0.0,NORMAL_DISBURSEMENT_SCHEDULE,NONE,NONE
MPLADS-003474,5.97,9.24,0,0.0,0.0,0.0,0.8856,0.2222,0.0,0.0,NORMAL_DISBURSEMENT_SCHEDULE,NONE,NONE
MPLADS-003475,13.57,23.48,0,0.0,0.0,0.0,0.931,0.2222,0.0,0.0,NORMAL_DISBURSEMENT_SCHEDULE,NONE,NONE
MPLADS-003476,32.26,52.58,0,0.0,0.0,0.0,0.9357,0.25,0.0,0.0,NORMAL_DISBURSEMENT_SCHEDULE,NONE,NONE
MPLADS-003477,31.76,51.66,0,0.0,0.0,0.0,0.8862,0.25,0.0,0.0,NORMAL_DISBURSEMENT_SCHEDULE,NONE,NONE
MPLADS-003478,29.68,47.62,0,0.0,0.0,0.0,0.9242,0.25,0.0,0.0,NORMAL_DISBURSEMENT_SCHEDULE,NONE,NONE
MPLADS-003479,48.84,76.28,0,0.0,0.0,0.0,0.9186,0.2222,0.0,0.0,NORMAL_DISBURSEMENT_SCHEDULE,NONE,NONE
MPLADS-003480,20.93,35.14,0,0.0,0.0,0.0,0.9292,0.2222,0.0,0.0,NORMAL_DISBURSEMENT_SCHEDULE,NONE,NONE
MPLADS-003481,30.34,48.8,0,0.0,0.0,0.0,0.8986,0.25,0.0,0.0,NORMAL_DISBURSEMENT_SCHEDULE,NONE,NONE
MPLADS-003482,8.4,13.78,0,0.0,0.0,0.0,0.9712,0.2222,0.0,0.0,NORMAL_DISBURSEMENT_SCHEDULE,NONE,NONE
MPLADS-003483,23.3,38.24,0,0.0,0.0,0.278,0.9508,0.2222,0.0,25.0,NORMAL_DISBURSEMENT_SCHEDULE,NONE,NONE
MPLADS-003484,65.85,87.54,0,1.0,2860000.0,0.0,0.9601,0.2222,0.0,50.0,UNVERIFIED_DISBURSEMENT_BURST,NONE,NONE
MPLADS-003485,4.68,7.08,0,0.0,0.0,0.0,0.942,0.2222,0.0,0.0,NORMAL_DISBURSEMENT_SCHEDULE,NONE,NONE
MPLADS-003486,28.33,45.06,0,0.0,0.0,0.0,0.9078,0.25,0.0,0.0,NORMAL_DISBURSEMENT_SCHEDULE,NONE,NONE
MPLADS-003487,11.54,19.62,0,0.0,0.0,0.0,0.8582,0.2222,0.0,0.0,NORMAL_DISBURSEMENT_SCHEDULE,NONE,NONE
MPLADS-003488,17.07,29.5,0,0.0,0.0,0.0678,0.9484,0.2222,0.0,25.0,NORMAL_DISBURSEMENT_SCHEDULE,NONE,NONE
MPLADS-003489,24.59,39.82,0,0.0,0.0,0.0,0.9738,0.2222,0.0,0.0,NORMAL_DISBURSEMENT_SCHEDULE,NONE,NONE
MPLADS-003490,7.86,12.72,0,0.0,0.0,0.0,0.8725,0.2222,0.0,0.0,NORMAL_DISBURSEMENT_SCHEDULE,NONE,NONE
MPLADS-003491,23.21,38.12,0,0.0,0.0,0.0,0.9574,0.2222,0.0,0.0,NORMAL_DISBURSEMENT_SCHEDULE,NONE,NONE
MPLADS-003492,65.46,87.16,0,0.0,0.0,0.0,0.9504,0.2223,0.231,0.0,PAYMENT_TIMING_ANOMALY,NONE,NONE
MPLADS-003493,44.52,72.64,0,0.0,0.0,0.0,0.8501,0.25,0.0,0.0,NORMAL_DISBURSEMENT_SCHEDULE,NONE,NONE
MPLADS-003494,84.45,98.52,1,0.0,0.0,0.0,0.8771,0.25,0.0,0.0,ELEVATED_PAYMENT_VOLATILITY,NONE,NONE
MPLADS-003495,37.87,62.88,0,0.0,0.0,0.0,0.9724,0.2222,0.0,0.0,NORMAL_DISBURSEMENT_SCHEDULE,NONE,NONE
MPLADS-003496,24.22,39.42,0,0.0,0.0,0.0,0.9459,0.2223,0.0,0.0,NORMAL_DISBURSEMENT_SCHEDULE,NONE,NONE
MPLADS-003497,92.0,99.54,1,0.0,0.0,0.0,0.438,0.25,0.0,0.0,ELEVATED_PAYMENT_VOLATILITY,NONE,NONE
MPLADS-003498,29.18,46.64,0,0.0,0.0,0.0,0.8943,0.2223,0.0,0.0,NORMAL_DISBURSEMENT_SCHEDULE,NONE,NONE
MPLADS-003499,48.06,75.84,0,0.0,0.0,0.0,0.9665,0.2222,0.0,0.0,NORMAL_DISBURSEMENT_SCHEDULE,NONE,NONE
MPLADS-003500,54.04,79.22,0,0.0,0.0,0.7192,0.9053,0.2222,0.0,25.0,NORMAL_DISBURSEMENT_SCHEDULE,NONE,NONE
MPLADS-003501,64.58,86.34,0,0.0,0.0,0.0,0.9506,0.2222,0.0,0.0,ELEVATED_PAYMENT_VOLATILITY,NONE,NONE
MPLADS-003502,16.5,28.58,0,0.0,0.0,0.0,0.8925,0.2222,0.0,0.0,NORMAL_DISBURSEMENT_SCHEDULE,NONE,NONE
MPLADS-003503,1.32,1.68,0,0.0,0.0,0.0,0.948,0.2222,0.0,0.0,NORMAL_DISBURSEMENT_SCHEDULE,NONE,NONE
MPLADS-003504,45.55,73.74,0,0.0,0.0,0.0,0.8703,0.2222,0.0,0.0,NORMAL_DISBURSEMENT_SCHEDULE,NONE,NONE
MPLADS-003505,23.14,38.0,0,0.0,0.0,0.0,0.9628,0.2222,0.0,0.0,NORMAL_DISBURSEMENT_SCHEDULE,NONE,NONE
MPLADS-003506,31.37,50.82,0,0.0,0.0,0.0,0.9268,0.25,0.0,0.0,NORMAL_DISBURSEMENT_SCHEDULE,NONE,NONE
MPLADS-003507,38.62,64.14,0,0.0,0.0,0.0,0.9577,0.25,0.0,0.0,NORMAL_DISBURSEMENT_SCHEDULE,NONE,NONE
MPLADS-003508,17.25,29.8,0,0.0,0.0,0.0,0.8962,0.2222,0.0,0.0,NORMAL_DISBURSEMENT_SCHEDULE,NONE,NONE
MPLADS-003509,7.92,12.84,0,0.0,0.0,0.0,0.9125,0.2222,0.0,0.0,NORMAL_DISBURSEMENT_SCHEDULE,NONE,NONE
MPLADS-003510,37.69,62.54,0,0.0,0.0,0.0,0.903,0.2222,0.0,0.0,NORMAL_DISBURSEMENT_SCHEDULE,NONE,NONE
MPLADS-003511,64.03,85.72,0,0.0,0.0,0.0,0.8585,0.2222,0.231,0.0,PAYMENT_TIMING_ANOMALY,NONE,NONE
MPLADS-003512,12.82,22.06,0,0.0,0.0,0.0,0.9422,0.2222,0.0,0.0,NORMAL_DISBURSEMENT_SCHEDULE,NONE,NONE
MPLADS-003513,6.2,9.66,0,0.0,0.0,0.0,0.9393,0.2222,0.0,0.0,NORMAL_DISBURSEMENT_SCHEDULE,NONE,NONE
MPLADS-003514,32.36,52.8,0,0.0,0.0,0.0,0.929,0.2222,0.0,0.0,NORMAL_DISBURSEMENT_SCHEDULE,NONE,NONE
MPLADS-003515,24.39,39.6,0,0.0,0.0,0.0,0.9749,0.2223,0.0,0.0,NORMAL_DISBURSEMENT_SCHEDULE,NONE,NONE
MPLADS-003516,18.91,32.34,0,0.0,0.0,0.0,0.8505,0.2222,0.0,0.0,NORMAL_DISBURSEMENT_SCHEDULE,NONE,NONE
MPLADS-003517,46.72,74.82,0,0.0,0.0,0.0,0.9746,0.2222,0.0,0.0,NORMAL_DISBURSEMENT_SCHEDULE,NONE,NONE
MPLADS-003518,16.89,29.2,0,0.0,0.0,0.0,0.9559,0.2222,0.0,0.0,NORMAL_DISBURSEMENT_SCHEDULE,NONE,NONE
MPLADS-003519,46.9,74.96,0,0.0,0.0,0.0,0.8706,0.25,0.0,0.0,NORMAL_DISBURSEMENT_SCHEDULE,NONE,NONE
MPLADS-003520,65.74,87.44,0,1.0,2797000.0,0.0,0.9201,0.2222,0.0,50.0,UNVERIFIED_DISBURSEMENT_BURST,NONE,NONE
MPLADS-003521,16.54,28.64,0,0.0,0.0,0.0,0.9454,0.2222,0.0,0.0,NORMAL_DISBURSEMENT_SCHEDULE,NONE,NONE
MPLADS-003522,41.94,69.08,0,0.0,0.0,0.0,0.8949,0.2222,0.0,0.0,NORMAL_DISBURSEMENT_SCHEDULE,NONE,NONE
MPLADS-003523,59.08,82.22,0,0.0,0.0,0.0,0.8906,0.2223,0.0,0.0,NORMAL_DISBURSEMENT_SCHEDULE,NONE,NONE
MPLADS-003524,9.52,15.82,0,0.0,0.0,0.0,0.8534,0.2222,0.0,0.0,NORMAL_DISBURSEMENT_SCHEDULE,NONE,NONE
MPLADS-003525,20.38,34.38,0,0.0,0.0,0.0,0.8766,0.2222,0.0,0.0,NORMAL_DISBURSEMENT_SCHEDULE,NONE,NONE
MPLADS-003526,11.67,19.84,0,0.0,0.0,0.0,0.9116,0.2223,0.0,0.0,NORMAL_DISBURSEMENT_SCHEDULE,NONE,NONE
MPLADS-003527,84.44,98.5,1,0.0,0.0,0.0,0.8622,0.25,0.3466,0.0,PAYMENT_TIMING_ANOMALY,NONE,NONE
MPLADS-003528,39.51,65.54,0,0.0,0.0,0.0,0.8708,0.25,0.0,0.0,NORMAL_DISBURSEMENT_SCHEDULE,NONE,NONE
MPLADS-003529,63.14,84.94,0,1.0,2263000.0,0.0,0.9009,0.2222,0.0,50.0,UNVERIFIED_DISBURSEMENT_BURST,NONE,NONE
MPLADS-003530,28.05,44.56,0,0.0,0.0,0.0,0.9484,0.2222,0.0,0.0,NORMAL_DISBURSEMENT_SCHEDULE,NONE,NONE
MPLADS-003531,32.55,53.12,0,0.0,0.0,0.0,0.9588,0.25,0.0,0.0,NORMAL_DISBURSEMENT_SCHEDULE,NONE,NONE
MPLADS-003532,44.06,72.08,0,0.0,0.0,0.0,0.9773,0.25,0.0,0.0,NORMAL_DISBURSEMENT_SCHEDULE,NONE,NONE
MPLADS-003533,82.01,97.28,1,1.0,623000.0,0.0,0.957,0.25,0.0,50.0,UNVERIFIED_DISBURSEMENT_BURST,NONE,NONE
MPLADS-003534,28.98,46.26,0,0.0,0.0,0.0,0.9246,0.25,0.0,0.0,NORMAL_DISBURSEMENT_SCHEDULE,NONE,NONE
MPLADS-003535,6.68,10.5,0,0.0,0.0,0.0,0.9546,0.2222,0.0,0.0,NORMAL_DISBURSEMENT_SCHEDULE,NONE,NONE
MPLADS-003536,12.48,21.4,0,0.0,0.0,0.0,0.8516,0.2222,0.0,0.0,NORMAL_DISBURSEMENT_SCHEDULE,NONE,NONE
MPLADS-003537,1.91,2.7,0,0.0,0.0,0.0,0.901,0.2222,0.0,0.0,NORMAL_DISBURSEMENT_SCHEDULE,NONE,NONE
MPLADS-003538,44.88,72.98,0,0.0,0.0,0.0,0.8507,0.25,0.0,0.0,NORMAL_DISBURSEMENT_SCHEDULE,NONE,NONE
MPLADS-003539,30.51,49.14,0,0.0,0.0,0.0,0.9091,0.2222,0.0,0.0,NORMAL_DISBURSEMENT_SCHEDULE,NONE,NONE
MPLADS-003540,67.61,89.12,0,1.0,2498000.0,0.0,0.9031,0.2222,0.0,50.0,UNVERIFIED_DISBURSEMENT_BURST,NONE,NONE
MPLADS-003541,84.61,98.62,1,0.0,0.0,0.0,0.9485,0.25,0.3466,0.0,PAYMENT_TIMING_ANOMALY,NONE,NONE
MPLADS-003542,6.04,9.38,0,0.0,0.0,0.0,0.9181,0.2222,0.0,0.0,NORMAL_DISBURSEMENT_SCHEDULE,NONE,NONE
MPLADS-003543,42.36,69.74,0,0.0,0.0,0.0,0.9231,0.2222,0.0,0.0,NORMAL_DISBURSEMENT_SCHEDULE,NONE,NONE
MPLADS-003544,20.8,34.94,0,0.0,0.0,0.0,0.9059,0.2222,0.0,0.0,NORMAL_DISBURSEMENT_SCHEDULE,NONE,NONE
MPLADS-003545,29.93,48.08,0,0.0,0.0,0.0,0.902,0.25,0.0,0.0,NORMAL_DISBURSEMENT_SCHEDULE,NONE,NONE
MPLADS-003546,28.72,45.76,0,0.0,0.0,0.0,0.898,0.25,0.0,0.0,NORMAL_DISBURSEMENT_SCHEDULE,NONE,NONE
MPLADS-003547,14.34,24.96,0,0.0,0.0,0.0,0.9484,0.2222,0.0,0.0,NORMAL_DISBURSEMENT_SCHEDULE,NONE,NONE
MPLADS-003548,8.13,13.24,0,0.0,0.0,0.0,0.9067,0.2222,0.0,0.0,NORMAL_DISBURSEMENT_SCHEDULE,NONE,NONE
MPLADS-003549,35.8,59.12,0,0.0,0.0,0.0,0.9587,0.25,0.0,0.0,NORMAL_DISBURSEMENT_SCHEDULE,NONE,NONE
MPLADS-003550,8.16,13.3,0,0.0,0.0,0.0,0.9158,0.2222,0.0,0.0,NORMAL_DISBURSEMENT_SCHEDULE,NONE,NONE
MPLADS-003551,37.7,62.56,0,0.0,0.0,0.0,0.8951,0.25,0.0,0.0,NORMAL_DISBURSEMENT_SCHEDULE,NONE,NONE
MPLADS-003552,33.47,54.76,0,0.0,0.0,0.0,0.887,0.25,0.0,0.0,NORMAL_DISBURSEMENT_SCHEDULE,NONE,NONE
MPLADS-003553,86.05,99.0,1,0.0,0.0,0.0,0.8567,0.2222,0.231,25.0,ROUND_NUMBER_DISBURSEMENT_CONCENTRATION,PAYMENT_TIMING_ANOMALY,NONE
MPLADS-003554,25.96,41.5,0,0.0,0.0,0.4184,0.9625,0.2223,0.0,25.0,NORMAL_DISBURSEMENT_SCHEDULE,NONE,NONE
MPLADS-003555,62.07,83.98,0,0.0,0.0,0.0,0.9558,0.2222,0.231,0.0,PAYMENT_TIMING_ANOMALY,NONE,NONE
MPLADS-003556,55.02,79.66,0,0.0,0.0,0.7492,0.9534,0.2223,0.0,25.0,NORMAL_DISBURSEMENT_SCHEDULE,NONE,NONE
MPLADS-003557,84.42,98.48,1,0.0,0.0,0.0,1.5247,0.2222,0.0,0.0,ELEVATED_PAYMENT_VOLATILITY,NONE,NONE
MPLADS-003558,22.07,36.6,0,0.0,0.0,0.0,0.8874,0.2222,0.0,0.0,NORMAL_DISBURSEMENT_SCHEDULE,NONE,NONE
MPLADS-003559,6.83,10.8,0,0.0,0.0,0.0276,0.947,0.2222,0.0,25.0,NORMAL_DISBURSEMENT_SCHEDULE,NONE,NONE
MPLADS-003560,10.45,17.56,0,0.0,0.0,0.0,0.8872,0.2223,0.0,0.0,NORMAL_DISBURSEMENT_SCHEDULE,NONE,NONE
MPLADS-003561,34.02,55.82,0,0.0,0.0,0.0,0.8912,0.2222,0.0,0.0,NORMAL_DISBURSEMENT_SCHEDULE,NONE,NONE
MPLADS-003562,24.86,40.18,0,0.0,0.0,0.0077,0.9055,0.2222,0.0,25.0,NORMAL_DISBURSEMENT_SCHEDULE,NONE,NONE
MPLADS-003563,10.73,18.1,0,0.0,0.0,0.0,0.8785,0.2223,0.0,0.0,NORMAL_DISBURSEMENT_SCHEDULE,NONE,NONE
MPLADS-003564,12.35,21.14,0,0.0,0.0,0.0,0.9133,0.2222,0.0,0.0,NORMAL_DISBURSEMENT_SCHEDULE,NONE,NONE
MPLADS-003565,31.38,50.84,0,0.0,0.0,0.0,0.9047,0.2222,0.0,0.0,NORMAL_DISBURSEMENT_SCHEDULE,NONE,NONE
MPLADS-003566,40.13,66.5,0,0.0,0.0,0.0,0.9773,0.2222,0.0,0.0,NORMAL_DISBURSEMENT_SCHEDULE,NONE,NONE
MPLADS-003567,10.56,17.78,0,0.0,0.0,0.0,0.8976,0.2223,0.0,0.0,NORMAL_DISBURSEMENT_SCHEDULE,NONE,NONE
MPLADS-003568,85.5,98.9,1,0.0,0.0,0.0,0.9621,0.25,0.3466,0.0,PAYMENT_TIMING_ANOMALY,NONE,NONE
MPLADS-003569,60.26,82.92,0,0.0,0.0,0.0,1.2707,0.2222,0.0,0.0,ELEVATED_PAYMENT_VOLATILITY,NONE,NONE
MPLADS-003570,62.1,84.0,0,0.0,0.0,0.0,0.9173,0.2222,0.0,0.0,ELEVATED_PAYMENT_VOLATILITY,NONE,NONE
MPLADS-003571,41.2,68.02,0,0.0,0.0,0.0,0.8617,0.25,0.0,0.0,NORMAL_DISBURSEMENT_SCHEDULE,NONE,NONE
MPLADS-003572,9.66,16.08,0,0.0,0.0,0.0,0.9212,0.2222,0.0,0.0,NORMAL_DISBURSEMENT_SCHEDULE,NONE,NONE
MPLADS-003573,28.91,46.12,0,0.0,0.0,0.0,0.9169,0.25,0.0,0.0,NORMAL_DISBURSEMENT_SCHEDULE,NONE,NONE
MPLADS-003574,25.65,41.1,0,0.0,0.0,0.0,0.8614,0.2223,0.0,0.0,NORMAL_DISBURSEMENT_SCHEDULE,NONE,NONE
MPLADS-003575,15.01,26.12,0,0.0,0.0,0.0,0.9585,0.2222,0.0,0.0,NORMAL_DISBURSEMENT_SCHEDULE,NONE,NONE
MPLADS-003576,21.26,35.52,0,0.0,0.0,0.0,0.9295,0.2222,0.0,0.0,NORMAL_DISBURSEMENT_SCHEDULE,NONE,NONE
MPLADS-003577,34.83,57.32,0,0.0,0.0,0.0,0.8684,0.2222,0.0,0.0,NORMAL_DISBURSEMENT_SCHEDULE,NONE,NONE
MPLADS-003578,50.7,77.32,0,0.0,0.0,0.0,0.9516,0.2222,0.0,0.0,NORMAL_DISBURSEMENT_SCHEDULE,NONE,NONE
MPLADS-003579,28.03,44.54,0,0.0,0.0,0.0,0.916,0.2222,0.0,0.0,NORMAL_DISBURSEMENT_SCHEDULE,NONE,NONE
MPLADS-003580,16.76,29.0,0,0.0,0.0,0.0,0.8538,0.2223,0.0,0.0,NORMAL_DISBURSEMENT_SCHEDULE,NONE,NONE
MPLADS-003581,62.33,84.18,0,0.0,0.0,0.0,0.8936,0.2222,0.231,0.0,PAYMENT_TIMING_ANOMALY,NONE,NONE
MPLADS-003582,6.48,10.14,0,0.0,0.0,0.0,0.9023,0.2222,0.0,0.0,NORMAL_DISBURSEMENT_SCHEDULE,NONE,NONE
MPLADS-003583,17.54,30.22,0,0.0,0.0,0.0,0.9221,0.2222,0.0,0.0,NORMAL_DISBURSEMENT_SCHEDULE,NONE,NONE
MPLADS-003584,5.08,7.76,0,0.0,0.0,0.0,0.9375,0.2222,0.0,0.0,NORMAL_DISBURSEMENT_SCHEDULE,NONE,NONE
MPLADS-003585,38.46,63.88,0,0.0,0.0,0.0,0.9436,0.25,0.0,0.0,NORMAL_DISBURSEMENT_SCHEDULE,NONE,NONE
MPLADS-003586,34.46,56.6,0,0.0,0.0,0.0,0.966,0.25,0.0,0.0,NORMAL_DISBURSEMENT_SCHEDULE,NONE,NONE
MPLADS-003587,28.2,44.84,0,0.0,0.0,0.0,0.9436,0.2222,0.0,0.0,NORMAL_DISBURSEMENT_SCHEDULE,NONE,NONE
MPLADS-003588,9.16,15.16,0,0.0,0.0,0.0,0.9355,0.2222,0.0,0.0,NORMAL_DISBURSEMENT_SCHEDULE,NONE,NONE
MPLADS-003589,39.65,65.74,0,0.0,0.0,0.0,0.9416,0.25,0.0,0.0,NORMAL_DISBURSEMENT_SCHEDULE,NONE,NONE
MPLADS-003590,3.09,4.48,0,0.0,0.0,0.0,0.9647,0.2222,0.0,0.0,NORMAL_DISBURSEMENT_SCHEDULE,NONE,NONE
MPLADS-003591,23.46,38.38,0,0.0,0.0,0.0,0.9055,0.2222,0.0,0.0,NORMAL_DISBURSEMENT_SCHEDULE,NONE,NONE
MPLADS-003592,12.88,22.18,0,0.0,0.0,0.0,0.9121,0.2222,0.0,0.0,NORMAL_DISBURSEMENT_SCHEDULE,NONE,NONE
MPLADS-003593,44.17,72.18,0,0.0,0.0,0.0,0.9179,0.2222,0.0,0.0,NORMAL_DISBURSEMENT_SCHEDULE,NONE,NONE
MPLADS-003594,9.7,16.16,0,0.0,0.0,0.0,0.8635,0.2222,0.0,0.0,NORMAL_DISBURSEMENT_SCHEDULE,NONE,NONE
MPLADS-003595,32.23,52.52,0,0.0,0.0,0.0,0.8771,0.25,0.0,0.0,NORMAL_DISBURSEMENT_SCHEDULE,NONE,NONE
MPLADS-003596,92.65,99.58,1,0.0,0.0,0.0053,0.492,0.2222,0.231,25.0,STATUTORY_CEILING_SMURFING,PAYMENT_TIMING_ANOMALY,NONE
MPLADS-003597,5.72,8.78,0,0.0,0.0,0.0,0.913,0.2222,0.0,0.0,NORMAL_DISBURSEMENT_SCHEDULE,NONE,NONE
MPLADS-003598,30.01,48.22,0,0.0,0.0,0.0,0.9492,0.25,0.0,0.0,NORMAL_DISBURSEMENT_SCHEDULE,NONE,NONE
MPLADS-003599,40.32,66.86,0,0.0,0.0,0.0,0.979,0.25,0.0,0.0,NORMAL_DISBURSEMENT_SCHEDULE,NONE,NONE
MPLADS-003600,56.67,80.76,0,0.0,0.0,0.0,0.9491,0.25,0.0,0.0,NORMAL_DISBURSEMENT_SCHEDULE,NONE,NONE
MPLADS-003601,19.0,32.48,0,0.0,0.0,0.0,0.8649,0.2222,0.0,0.0,NORMAL_DISBURSEMENT_SCHEDULE,NONE,NONE
MPLADS-003602,84.5,98.56,1,1.0,2329000.0,0.9716,0.9338,0.2222,0.0,75.0,UNVERIFIED_DISBURSEMENT_BURST,STATUTORY_CEILING_SMURFING,NONE
MPLADS-003603,6.78,10.7,0,0.0,0.0,0.0,0.9133,0.2222,0.0,0.0,NORMAL_DISBURSEMENT_SCHEDULE,NONE,NONE
MPLADS-003604,16.0,27.74,0,0.0,0.0,0.0,0.9405,0.2222,0.0,0.0,NORMAL_DISBURSEMENT_SCHEDULE,NONE,NONE
MPLADS-003605,68.14,89.56,0,0.0,0.0,0.0,1.3262,0.25,0.0,0.0,ELEVATED_PAYMENT_VOLATILITY,NONE,NONE
MPLADS-003606,52.9,78.58,0,0.0,0.0,0.0,0.8553,0.2222,0.0,0.0,NORMAL_DISBURSEMENT_SCHEDULE,NONE,NONE
MPLADS-003607,1.45,1.92,0,0.0,0.0,0.0,0.9236,0.2222,0.0,0.0,NORMAL_DISBURSEMENT_SCHEDULE,NONE,NONE
MPLADS-003608,29.07,46.46,0,0.0,0.0,0.0,0.9379,0.25,0.0,0.0,NORMAL_DISBURSEMENT_SCHEDULE,NONE,NONE
MPLADS-003609,9.43,15.66,0,0.0,0.0,0.0,0.8824,0.2222,0.0,0.0,NORMAL_DISBURSEMENT_SCHEDULE,NONE,NONE
MPLADS-003610,66.07,87.8,0,0.0,0.0,0.0,0.5465,0.25,0.0,0.0,ELEVATED_PAYMENT_VOLATILITY,NONE,NONE
MPLADS-003611,68.17,89.58,0,0.0,0.0,0.278,1.5124,0.2222,0.0,25.0,STATUTORY_CEILING_SMURFING,NONE,NONE
MPLADS-003612,19.3,32.86,0,0.0,0.0,0.0,0.9738,0.2223,0.0,0.0,NORMAL_DISBURSEMENT_SCHEDULE,NONE,NONE
MPLADS-003613,11.29,19.1,0,0.0,0.0,0.0,0.9197,0.2222,0.0,0.0,NORMAL_DISBURSEMENT_SCHEDULE,NONE,NONE
MPLADS-003614,26.1,41.66,0,0.0,0.0,0.0,0.9057,0.25,0.0,0.0,NORMAL_DISBURSEMENT_SCHEDULE,NONE,NONE
MPLADS-003615,34.21,56.16,0,0.0,0.0,0.0,0.9511,0.25,0.0,0.0,NORMAL_DISBURSEMENT_SCHEDULE,NONE,NONE
MPLADS-003616,34.82,57.3,0,0.0,0.0,0.0,0.8629,0.2222,0.0,0.0,NORMAL_DISBURSEMENT_SCHEDULE,NONE,NONE
MPLADS-003617,45.87,74.08,0,0.0,0.0,0.0,0.9111,0.2222,0.0,0.0,NORMAL_DISBURSEMENT_SCHEDULE,NONE,NONE
MPLADS-003618,70.38,91.08,0,1.0,2616000.0,0.0,0.915,0.2222,0.0,50.0,UNVERIFIED_DISBURSEMENT_BURST,NONE,NONE
MPLADS-003619,14.81,25.78,0,0.0,0.0,0.0,0.9674,0.2222,0.0,0.0,NORMAL_DISBURSEMENT_SCHEDULE,NONE,NONE
MPLADS-003620,36.64,60.64,0,0.0,0.0,0.0,0.9645,0.2222,0.0,0.0,NORMAL_DISBURSEMENT_SCHEDULE,NONE,NONE
MPLADS-003621,28.92,46.14,0,0.0,0.0,0.0,0.8961,0.25,0.0,0.0,NORMAL_DISBURSEMENT_SCHEDULE,NONE,NONE
MPLADS-003622,68.21,89.62,0,1.0,1342000.0,0.0,0.8817,0.2222,0.0,50.0,UNVERIFIED_DISBURSEMENT_BURST,NONE,NONE
MPLADS-003623,16.47,28.52,0,0.0,0.0,0.0,0.9766,0.2222,0.0,0.0,NORMAL_DISBURSEMENT_SCHEDULE,NONE,NONE
MPLADS-003624,68.99,90.26,0,0.0,0.0,0.0,0.8912,0.2223,0.231,0.0,PAYMENT_TIMING_ANOMALY,NONE,NONE
MPLADS-003625,34.44,56.56,0,0.0,0.0,0.0,0.8873,0.25,0.0,0.0,NORMAL_DISBURSEMENT_SCHEDULE,NONE,NONE
MPLADS-003626,28.43,45.24,0,0.0,0.0,0.0,0.8562,0.2223,0.0,0.0,NORMAL_DISBURSEMENT_SCHEDULE,NONE,NONE
MPLADS-003627,21.74,36.16,0,0.0,0.0,0.0,0.9191,0.2222,0.0,0.0,NORMAL_DISBURSEMENT_SCHEDULE,NONE,NONE
MPLADS-003628,7.17,11.4,0,0.0,0.0,0.0,0.8948,0.2222,0.0,0.0,NORMAL_DISBURSEMENT_SCHEDULE,NONE,NONE
MPLADS-003629,32.41,52.9,0,0.0,0.0,0.0,0.8789,0.25,0.0,0.0,NORMAL_DISBURSEMENT_SCHEDULE,NONE,NONE
MPLADS-003630,14.16,24.62,0,0.0,0.0,0.0,0.861,0.2222,0.0,0.0,NORMAL_DISBURSEMENT_SCHEDULE,NONE,NONE
MPLADS-003631,60.43,82.98,0,0.0,0.0,0.0,0.6208,0.2223,0.0,0.0,ELEVATED_PAYMENT_VOLATILITY,NONE,NONE
MPLADS-003632,80.46,96.56,1,1.0,1018000.0,0.0,0.94,0.2222,0.0,50.0,UNVERIFIED_DISBURSEMENT_BURST,NONE,NONE
MPLADS-003633,19.18,32.72,0,0.0,0.0,0.0,0.9373,0.2222,0.0,0.0,NORMAL_DISBURSEMENT_SCHEDULE,NONE,NONE
MPLADS-003634,34.86,57.38,0,0.0,0.0,0.0,0.9146,0.25,0.0,0.0,NORMAL_DISBURSEMENT_SCHEDULE,NONE,NONE
MPLADS-003635,31.53,51.16,0,0.0,0.0,0.0,0.9319,0.25,0.0,0.0,NORMAL_DISBURSEMENT_SCHEDULE,NONE,NONE
MPLADS-003636,69.79,90.78,0,0.0,0.0,0.0,0.8781,0.25,0.0,0.0,ELEVATED_PAYMENT_VOLATILITY,NONE,NONE
MPLADS-003637,79.16,95.82,1,0.0,0.0,0.0,1.5753,0.2222,0.0,0.0,ELEVATED_PAYMENT_VOLATILITY,NONE,NONE
MPLADS-003638,41.86,68.96,0,0.0,0.0,0.0,0.9067,0.25,0.0,0.0,NORMAL_DISBURSEMENT_SCHEDULE,NONE,NONE
MPLADS-003639,42.74,70.26,0,0.0,0.0,0.0,0.867,0.25,0.0,0.0,NORMAL_DISBURSEMENT_SCHEDULE,NONE,NONE
MPLADS-003640,14.54,25.3,0,0.0,0.0,0.0,0.8899,0.2222,0.0,0.0,NORMAL_DISBURSEMENT_SCHEDULE,NONE,NONE
MPLADS-003641,15.2,26.38,0,0.0,0.0,0.0,0.8701,0.2223,0.0,0.0,NORMAL_DISBURSEMENT_SCHEDULE,NONE,NONE
MPLADS-003642,47.73,75.54,0,0.0,0.0,0.9373,0.8691,0.2222,0.0,25.0,NORMAL_DISBURSEMENT_SCHEDULE,NONE,NONE
MPLADS-003643,7.28,11.6,0,0.0,0.0,0.0,0.964,0.2222,0.0,0.0,NORMAL_DISBURSEMENT_SCHEDULE,NONE,NONE
MPLADS-003644,60.82,83.16,0,0.0,0.0,0.0,0.9573,0.2222,0.231,0.0,PAYMENT_TIMING_ANOMALY,NONE,NONE
MPLADS-003645,23.47,38.4,0,0.0,0.0,0.0,0.9357,0.2222,0.0,0.0,NORMAL_DISBURSEMENT_SCHEDULE,NONE,NONE
MPLADS-003646,64.75,86.46,0,1.0,1986000.0,0.0,0.8711,0.2222,0.0,50.0,UNVERIFIED_DISBURSEMENT_BURST,NONE,NONE
MPLADS-003647,42.28,69.62,0,0.0,0.0,0.0,0.8652,0.25,0.0,0.0,NORMAL_DISBURSEMENT_SCHEDULE,NONE,NONE
MPLADS-003648,10.39,17.46,0,0.0,0.0,0.0,0.9446,0.2222,0.0,0.0,NORMAL_DISBURSEMENT_SCHEDULE,NONE,NONE
MPLADS-003649,1.55,2.1,0,0.0,0.0,0.0,0.9007,0.2222,0.0,0.0,NORMAL_DISBURSEMENT_SCHEDULE,NONE,NONE
MPLADS-003650,96.57,99.82,1,0.0,0.0,0.0,0.5099,0.25,0.0,25.0,ROUND_NUMBER_DISBURSEMENT_CONCENTRATION,NONE,NONE
MPLADS-003651,22.98,37.82,0,0.0,0.0,0.0,0.9645,0.2222,0.0,0.0,NORMAL_DISBURSEMENT_SCHEDULE,NONE,NONE
MPLADS-003652,37.32,61.88,0,0.0,0.0,0.0,0.8914,0.2222,0.0,0.0,NORMAL_DISBURSEMENT_SCHEDULE,NONE,NONE
MPLADS-003653,38.59,64.1,0,0.0,0.0,0.0,0.8682,0.25,0.0,0.0,NORMAL_DISBURSEMENT_SCHEDULE,NONE,NONE
MPLADS-003654,45.3,73.46,0,0.0,0.0,0.1583,0.8558,0.2222,0.0,25.0,NORMAL_DISBURSEMENT_SCHEDULE,NONE,NONE
MPLADS-003655,55.3,79.88,0,0.0,0.0,0.0,0.9236,0.2222,0.0,0.0,NORMAL_DISBURSEMENT_SCHEDULE,NONE,NONE
MPLADS-003656,27.29,43.4,0,0.0,0.0,0.0,0.9474,0.2222,0.0,0.0,NORMAL_DISBURSEMENT_SCHEDULE,NONE,NONE
MPLADS-003657,15.86,27.48,0,0.0,0.0,0.0,0.9004,0.2222,0.0,0.0,NORMAL_DISBURSEMENT_SCHEDULE,NONE,NONE
MPLADS-003658,75.54,93.78,0,1.0,9289000.0,0.0,0.901,0.2222,0.0,50.0,UNVERIFIED_DISBURSEMENT_BURST,NONE,NONE
MPLADS-003659,41.26,68.1,0,0.0,0.0,0.0,0.9639,0.25,0.0,0.0,NORMAL_DISBURSEMENT_SCHEDULE,NONE,NONE
MPLADS-003660,5.58,8.54,0,0.0,0.0,0.0,0.978,0.2222,0.0,0.0,NORMAL_DISBURSEMENT_SCHEDULE,NONE,NONE
MPLADS-003661,66.1,87.84,0,0.0,0.0,0.0,0.8528,0.2222,0.231,0.0,PAYMENT_TIMING_ANOMALY,NONE,NONE
MPLADS-003662,39.14,65.02,0,0.0,0.0,0.0,0.8791,0.2222,0.0,0.0,NORMAL_DISBURSEMENT_SCHEDULE,NONE,NONE
MPLADS-003663,52.17,78.18,0,0.0,0.0,0.0,0.898,0.2222,0.0,0.0,NORMAL_DISBURSEMENT_SCHEDULE,NONE,NONE
MPLADS-003664,19.79,33.58,0,0.0,0.0,0.0,0.949,0.2222,0.0,0.0,NORMAL_DISBURSEMENT_SCHEDULE,NONE,NONE
MPLADS-003665,43.67,71.56,0,0.0,0.0,0.0,0.9019,0.2222,0.0,0.0,NORMAL_DISBURSEMENT_SCHEDULE,NONE,NONE
MPLADS-003666,47.17,75.22,0,0.0,0.0,0.0,0.5358,0.2222,0.0,0.0,NORMAL_DISBURSEMENT_SCHEDULE,NONE,NONE
MPLADS-003667,11.97,20.42,0,0.0,0.0,0.0,0.93,0.2223,0.0,0.0,NORMAL_DISBURSEMENT_SCHEDULE,NONE,NONE
MPLADS-003668,22.36,37.02,0,0.0,0.0,0.3546,0.9298,0.2222,0.0,25.0,NORMAL_DISBURSEMENT_SCHEDULE,NONE,NONE
MPLADS-003669,3.97,5.94,0,0.0,0.0,0.0,0.9361,0.2222,0.0,0.0,NORMAL_DISBURSEMENT_SCHEDULE,NONE,NONE
MPLADS-003670,33.52,54.84,0,0.0,0.0,0.0,0.8542,0.2222,0.0,0.0,NORMAL_DISBURSEMENT_SCHEDULE,NONE,NONE
MPLADS-003671,38.87,64.58,0,0.0,0.0,0.0,0.9067,0.2222,0.0,0.0,NORMAL_DISBURSEMENT_SCHEDULE,NONE,NONE
MPLADS-003672,34.51,56.7,0,0.0,0.0,0.0,0.9617,0.25,0.0,0.0,NORMAL_DISBURSEMENT_SCHEDULE,NONE,NONE
MPLADS-003673,37.67,62.48,0,0.0,0.0,0.0,0.9627,0.2222,0.0,0.0,NORMAL_DISBURSEMENT_SCHEDULE,NONE,NONE
MPLADS-003674,41.08,67.86,0,0.0,0.0,0.0,0.8713,0.25,0.0,0.0,NORMAL_DISBURSEMENT_SCHEDULE,NONE,NONE
MPLADS-003675,33.46,54.74,0,0.0,0.0,0.0,0.8856,0.2222,0.0,0.0,NORMAL_DISBURSEMENT_SCHEDULE,NONE,NONE
MPLADS-003676,83.03,97.92,1,0.0,0.0,0.0,0.9153,0.25,0.3466,0.0,PAYMENT_TIMING_ANOMALY,NONE,NONE
MPLADS-003677,76.31,94.26,0,0.0,0.0,0.0,0.8818,0.2222,0.231,0.0,PAYMENT_TIMING_ANOMALY,NONE,NONE
MPLADS-003678,1.06,1.26,0,0.0,0.0,0.0,0.9093,0.2222,0.0,0.0,NORMAL_DISBURSEMENT_SCHEDULE,NONE,NONE
MPLADS-003679,45.25,73.38,0,0.0,0.0,0.0,0.8583,0.2222,0.0,0.0,NORMAL_DISBURSEMENT_SCHEDULE,NONE,NONE
MPLADS-003680,12.45,21.34,0,0.0,0.0,0.0,0.8637,0.2222,0.0,0.0,NORMAL_DISBURSEMENT_SCHEDULE,NONE,NONE
MPLADS-003681,55.62,80.04,0,0.0,0.0,0.0,0.8972,0.25,0.0,0.0,NORMAL_DISBURSEMENT_SCHEDULE,NONE,NONE
MPLADS-003682,88.45,99.38,1,1.0,3027000.0,0.0,0.8751,0.2222,0.231,50.0,UNVERIFIED_DISBURSEMENT_BURST,PAYMENT_TIMING_ANOMALY,NONE
MPLADS-003683,38.02,63.14,0,0.0,0.0,0.0,0.8955,0.25,0.0,0.0,NORMAL_DISBURSEMENT_SCHEDULE,NONE,NONE
MPLADS-003684,87.03,99.16,1,1.0,1074000.0,0.0,0.8718,0.2222,0.231,50.0,UNVERIFIED_DISBURSEMENT_BURST,PAYMENT_TIMING_ANOMALY,NONE
MPLADS-003685,6.82,10.78,0,0.0,0.0,0.0,0.8853,0.2222,0.0,0.0,NORMAL_DISBURSEMENT_SCHEDULE,NONE,NONE
MPLADS-003686,85.04,98.8,1,1.0,3182000.0,0.0,0.9411,0.2222,0.231,50.0,UNVERIFIED_DISBURSEMENT_BURST,PAYMENT_TIMING_ANOMALY,NONE
MPLADS-003687,64.13,85.82,0,0.0,0.0,0.0,0.8935,0.25,0.0,0.0,ELEVATED_PAYMENT_VOLATILITY,NONE,NONE
MPLADS-003688,4.88,7.42,0,0.0,0.0,0.0,0.9013,0.2222,0.0,0.0,NORMAL_DISBURSEMENT_SCHEDULE,NONE,NONE
MPLADS-003689,83.57,98.2,1,0.0,0.0,0.0,0.8814,0.25,0.3466,0.0,PAYMENT_TIMING_ANOMALY,NONE,NONE
MPLADS-003690,36.84,61.02,0,0.0,0.0,0.0,0.9481,0.25,0.0,0.0,NORMAL_DISBURSEMENT_SCHEDULE,NONE,NONE
MPLADS-003691,26.46,42.18,0,0.0,0.0,0.0,0.9677,0.2222,0.0,0.0,NORMAL_DISBURSEMENT_SCHEDULE,NONE,NONE
MPLADS-003692,9.3,15.42,0,0.0,0.0,0.0,0.925,0.2223,0.0,0.0,NORMAL_DISBURSEMENT_SCHEDULE,NONE,NONE
MPLADS-003693,38.91,64.66,0,0.0,0.0,0.0,0.8684,0.25,0.0,0.0,NORMAL_DISBURSEMENT_SCHEDULE,NONE,NONE
MPLADS-003694,7.63,12.28,0,0.0,0.0,0.0,0.9238,0.2222,0.0,0.0,NORMAL_DISBURSEMENT_SCHEDULE,NONE,NONE
MPLADS-003695,74.83,93.48,0,0.0,0.0,0.0,1.4628,0.25,0.0,0.0,ELEVATED_PAYMENT_VOLATILITY,NONE,NONE
MPLADS-003696,19.46,33.1,0,0.0,0.0,0.0,0.9092,0.2222,0.0,0.0,NORMAL_DISBURSEMENT_SCHEDULE,NONE,NONE
MPLADS-003697,48.96,76.38,0,0.0,0.0,0.0814,0.9423,0.2222,0.0,25.0,NORMAL_DISBURSEMENT_SCHEDULE,NONE,NONE
MPLADS-003698,8.36,13.7,0,0.0,0.0,0.0,0.8861,0.2222,0.0,0.0,NORMAL_DISBURSEMENT_SCHEDULE,NONE,NONE
MPLADS-003699,53.53,78.94,0,0.0,0.0,0.0,1.4278,0.2222,0.0,0.0,NORMAL_DISBURSEMENT_SCHEDULE,NONE,NONE
MPLADS-003700,8.0,12.96,0,0.0,0.0,0.0,0.9507,0.2222,0.0,0.0,NORMAL_DISBURSEMENT_SCHEDULE,NONE,NONE
MPLADS-003701,77.15,94.76,0,0.0,0.0,0.0,0.402,0.2222,0.0,0.0,ELEVATED_PAYMENT_VOLATILITY,NONE,NONE
MPLADS-003702,73.71,93.04,0,0.0,0.0,0.9077,0.9642,0.2222,0.0,50.0,STATUTORY_CEILING_SMURFING,ROUND_NUMBER_DISBURSEMENT_CONCENTRATION,NONE
MPLADS-003703,7.89,12.78,0,0.0,0.0,0.0,0.9605,0.2222,0.0,0.0,NORMAL_DISBURSEMENT_SCHEDULE,NONE,NONE
MPLADS-003704,11.77,20.04,0,0.0,0.0,0.0,0.9709,0.2222,0.0,0.0,NORMAL_DISBURSEMENT_SCHEDULE,NONE,NONE
MPLADS-003705,63.91,85.58,0,0.0,0.0,0.0,0.9533,0.2222,0.231,0.0,PAYMENT_TIMING_ANOMALY,NONE,NONE
MPLADS-003706,28.83,45.98,0,0.0,0.0,0.0,0.9258,0.25,0.0,0.0,NORMAL_DISBURSEMENT_SCHEDULE,NONE,NONE
MPLADS-003707,33.22,54.3,0,0.0,0.0,0.0,0.8738,0.2222,0.0,0.0,NORMAL_DISBURSEMENT_SCHEDULE,NONE,NONE
MPLADS-003708,8.93,14.76,0,0.0,0.0,0.0,0.9471,0.2222,0.0,25.0,NORMAL_DISBURSEMENT_SCHEDULE,NONE,NONE
MPLADS-003709,4.38,6.6,0,0.0,0.0,0.0,0.899,0.2222,0.0,0.0,NORMAL_DISBURSEMENT_SCHEDULE,NONE,NONE
MPLADS-003710,1.87,2.62,0,0.0,0.0,0.0,0.9085,0.2222,0.0,0.0,NORMAL_DISBURSEMENT_SCHEDULE,NONE,NONE
MPLADS-003711,43.85,71.8,0,0.0,0.0,0.0,0.9157,0.2222,0.0,0.0,NORMAL_DISBURSEMENT_SCHEDULE,NONE,NONE
MPLADS-003712,57.39,81.16,0,0.0,0.0,0.0,0.9572,0.2222,0.0,25.0,NORMAL_DISBURSEMENT_SCHEDULE,NONE,NONE
MPLADS-003713,20.24,34.2,0,0.0,0.0,0.1248,0.8836,0.2222,0.0,25.0,NORMAL_DISBURSEMENT_SCHEDULE,NONE,NONE
MPLADS-003714,20.22,34.16,0,0.0,0.0,0.0,0.9569,0.2222,0.0,0.0,NORMAL_DISBURSEMENT_SCHEDULE,NONE,NONE
MPLADS-003715,73.99,93.22,0,0.0,0.0,0.0,1.4262,0.25,0.0,0.0,ELEVATED_PAYMENT_VOLATILITY,NONE,NONE
MPLADS-003716,68.26,89.66,0,0.0,0.0,0.0,0.515,0.2222,0.0,0.0,ELEVATED_PAYMENT_VOLATILITY,NONE,NONE
MPLADS-003717,18.49,31.68,0,0.0,0.0,0.0,0.9619,0.2222,0.0,0.0,NORMAL_DISBURSEMENT_SCHEDULE,NONE,NONE
MPLADS-003718,44.45,72.54,0,0.0,0.0,0.0,0.9195,0.2222,0.0,0.0,NORMAL_DISBURSEMENT_SCHEDULE,NONE,NONE
MPLADS-003719,60.97,83.24,0,0.0,0.0,0.0,0.6401,0.25,0.0,0.0,ELEVATED_PAYMENT_VOLATILITY,NONE,NONE
MPLADS-003720,5.71,8.76,0,0.0,0.0,0.0,0.8526,0.2222,0.0,0.0,NORMAL_DISBURSEMENT_SCHEDULE,NONE,NONE
MPLADS-003721,23.68,38.7,0,0.0,0.0,0.0,0.9183,0.2222,0.0,0.0,NORMAL_DISBURSEMENT_SCHEDULE,NONE,NONE
MPLADS-003722,36.71,60.76,0,0.0,0.0,0.0,0.8844,0.25,0.0,0.0,NORMAL_DISBURSEMENT_SCHEDULE,NONE,NONE
MPLADS-003723,4.89,7.44,0,0.0,0.0,0.0,0.9438,0.2222,0.0,0.0,NORMAL_DISBURSEMENT_SCHEDULE,NONE,NONE
MPLADS-003724,29.62,47.5,0,0.0,0.0,0.0,0.9422,0.25,0.0,0.0,NORMAL_DISBURSEMENT_SCHEDULE,NONE,NONE
MPLADS-003725,29.28,46.84,0,0.0,0.0,0.0,0.9335,0.25,0.0,0.0,NORMAL_DISBURSEMENT_SCHEDULE,NONE,NONE
MPLADS-003726,37.97,63.06,0,0.0,0.0,0.0,0.9682,0.25,0.0,0.0,NORMAL_DISBURSEMENT_SCHEDULE,NONE,NONE
MPLADS-003727,10.28,17.26,0,0.0,0.0,0.0,0.9323,0.2222,0.0,0.0,NORMAL_DISBURSEMENT_SCHEDULE,NONE,NONE
MPLADS-003728,41.98,69.14,0,0.0,0.0,0.0,0.9401,0.25,0.0,0.0,NORMAL_DISBURSEMENT_SCHEDULE,NONE,NONE
MPLADS-003729,39.36,65.34,0,0.0,0.0,0.0,0.8921,0.25,0.0,0.0,NORMAL_DISBURSEMENT_SCHEDULE,NONE,NONE
MPLADS-003730,12.38,21.2,0,0.0,0.0,0.0,0.9648,0.2222,0.0,0.0,NORMAL_DISBURSEMENT_SCHEDULE,NONE,NONE
MPLADS-003731,42.15,69.44,0,0.0,0.0,0.1465,0.9421,0.2223,0.0,25.0,NORMAL_DISBURSEMENT_SCHEDULE,NONE,NONE
MPLADS-003732,1.67,2.32,0,0.0,0.0,0.0,0.9292,0.2222,0.0,0.0,NORMAL_DISBURSEMENT_SCHEDULE,NONE,NONE
MPLADS-003733,65.76,87.46,0,0.0,0.0,0.0,0.8778,0.2222,0.231,0.0,PAYMENT_TIMING_ANOMALY,NONE,NONE
MPLADS-003734,28.77,45.86,0,0.0,0.0,0.0,0.9162,0.2222,0.0,0.0,NORMAL_DISBURSEMENT_SCHEDULE,NONE,NONE
MPLADS-003735,6.87,10.88,0,0.0,0.0,0.0,0.9162,0.2222,0.0,0.0,NORMAL_DISBURSEMENT_SCHEDULE,NONE,NONE
MPLADS-003736,19.85,33.66,0,0.0,0.0,0.0,0.9733,0.2222,0.0,0.0,NORMAL_DISBURSEMENT_SCHEDULE,NONE,NONE
MPLADS-003737,80.02,96.3,1,0.0,0.0,0.0,1.3719,0.2222,0.231,0.0,PAYMENT_TIMING_ANOMALY,NONE,NONE
MPLADS-003738,56.0,80.36,0,0.0,0.0,0.0,0.9781,0.2223,0.0,0.0,NORMAL_DISBURSEMENT_SCHEDULE,NONE,NONE
MPLADS-003739,12.66,21.76,0,0.0,0.0,0.0,0.8509,0.2222,0.0,0.0,NORMAL_DISBURSEMENT_SCHEDULE,NONE,NONE
MPLADS-003740,41.34,68.2,0,0.0,0.0,0.0,0.9156,0.2222,0.0,0.0,NORMAL_DISBURSEMENT_SCHEDULE,NONE,NONE
MPLADS-003741,47.49,75.36,0,0.0,0.0,0.0,0.8587,0.25,0.0,0.0,NORMAL_DISBURSEMENT_SCHEDULE,NONE,NONE
MPLADS-003742,47.02,75.08,0,0.0,0.0,0.0,1.2508,0.2222,0.0,0.0,NORMAL_DISBURSEMENT_SCHEDULE,NONE,NONE
MPLADS-003743,17.83,30.68,0,0.0,0.0,0.0,0.8585,0.2222,0.0,0.0,NORMAL_DISBURSEMENT_SCHEDULE,NONE,NONE
MPLADS-003744,18.38,31.52,0,0.0,0.0,0.0,0.8714,0.2222,0.0,0.0,NORMAL_DISBURSEMENT_SCHEDULE,NONE,NONE
MPLADS-003745,10.19,17.1,0,0.0,0.0,0.0,0.9507,0.2222,0.0,0.0,NORMAL_DISBURSEMENT_SCHEDULE,NONE,NONE
MPLADS-003746,72.61,92.48,0,0.0,0.0,0.0,0.8546,0.2223,0.0,0.0,ELEVATED_PAYMENT_VOLATILITY,NONE,NONE
MPLADS-003747,5.4,8.24,0,0.0,0.0,0.0,0.9079,0.2222,0.0,0.0,NORMAL_DISBURSEMENT_SCHEDULE,NONE,NONE
MPLADS-003748,31.97,52.06,0,0.0,0.0,0.0,0.9062,0.2222,0.0,0.0,NORMAL_DISBURSEMENT_SCHEDULE,NONE,NONE
MPLADS-003749,10.79,18.2,0,0.0,0.0,0.0,0.8622,0.2222,0.0,0.0,NORMAL_DISBURSEMENT_SCHEDULE,NONE,NONE
MPLADS-003750,16.28,28.18,0,0.0,0.0,0.0,0.8958,0.2223,0.0,0.0,NORMAL_DISBURSEMENT_SCHEDULE,NONE,NONE
MPLADS-003751,62.81,84.66,0,0.0,0.0,0.0,0.9529,0.25,0.0,0.0,ELEVATED_PAYMENT_VOLATILITY,NONE,NONE
MPLADS-003752,49.26,76.6,0,0.0,0.0,0.0,1.3136,0.2222,0.0,0.0,NORMAL_DISBURSEMENT_SCHEDULE,NONE,NONE
MPLADS-003753,11.7,19.9,0,0.0,0.0,0.0,0.959,0.2222,0.0,0.0,NORMAL_DISBURSEMENT_SCHEDULE,NONE,NONE
MPLADS-003754,11.73,19.96,0,0.0,0.0,0.0,0.9526,0.2222,0.0,0.0,NORMAL_DISBURSEMENT_SCHEDULE,NONE,NONE
MPLADS-003755,37.69,62.52,0,0.0,0.0,0.0,0.8765,0.25,0.0,0.0,NORMAL_DISBURSEMENT_SCHEDULE,NONE,NONE
MPLADS-003756,50.35,77.14,0,0.0,0.0,0.0,1.3227,0.2222,0.0,0.0,NORMAL_DISBURSEMENT_SCHEDULE,NONE,NONE
MPLADS-003757,41.79,68.84,0,0.0,0.0,0.0,0.976,0.25,0.0,0.0,NORMAL_DISBURSEMENT_SCHEDULE,NONE,NONE
MPLADS-003758,7.92,12.82,0,0.0,0.0,0.0,0.9115,0.2222,0.0,0.0,NORMAL_DISBURSEMENT_SCHEDULE,NONE,NONE
MPLADS-003759,40.42,66.96,0,0.0,0.0,0.0,0.8665,0.25,0.0,0.0,NORMAL_DISBURSEMENT_SCHEDULE,NONE,NONE
MPLADS-003760,65.42,87.1,0,0.0,0.0,0.0,0.9511,0.2222,0.231,0.0,PAYMENT_TIMING_ANOMALY,NONE,NONE
MPLADS-003761,31.9,51.9,0,0.0,0.0,0.0,0.8919,0.25,0.0,0.0,NORMAL_DISBURSEMENT_SCHEDULE,NONE,NONE
MPLADS-003762,27.99,44.46,0,0.0,0.0,0.0,0.8562,0.2222,0.0,0.0,NORMAL_DISBURSEMENT_SCHEDULE,NONE,NONE
MPLADS-003763,19.74,33.52,0,0.0,0.0,0.0,0.9435,0.2222,0.0,0.0,NORMAL_DISBURSEMENT_SCHEDULE,NONE,NONE
MPLADS-003764,14.17,24.64,0,0.0,0.0,0.0,0.8881,0.2222,0.0,0.0,NORMAL_DISBURSEMENT_SCHEDULE,NONE,NONE
MPLADS-003765,26.92,42.88,0,0.0,0.0,0.0,0.8623,0.2222,0.0,0.0,NORMAL_DISBURSEMENT_SCHEDULE,NONE,NONE
MPLADS-003766,23.17,38.06,0,0.0,0.0,0.0,0.8759,0.2222,0.0,0.0,NORMAL_DISBURSEMENT_SCHEDULE,NONE,NONE
MPLADS-003767,4.52,6.82,0,0.0,0.0,0.0,0.9164,0.2222,0.0,0.0,NORMAL_DISBURSEMENT_SCHEDULE,NONE,NONE
MPLADS-003768,22.61,37.34,0,0.0,0.0,0.0,0.8788,0.2222,0.0,0.0,NORMAL_DISBURSEMENT_SCHEDULE,NONE,NONE
MPLADS-003769,13.68,23.7,0,0.0,0.0,0.0,0.9,0.2222,0.0,0.0,NORMAL_DISBURSEMENT_SCHEDULE,NONE,NONE
MPLADS-003770,78.69,95.62,1,0.0,0.0,0.0,0.8608,0.2222,0.231,0.0,PAYMENT_TIMING_ANOMALY,NONE,NONE
MPLADS-003771,27.62,43.9,0,0.0,0.0,0.0,0.9371,0.25,0.0,0.0,NORMAL_DISBURSEMENT_SCHEDULE,NONE,NONE
MPLADS-003772,96.55,99.8,1,1.0,13522000.0,0.0,0.943,0.2222,0.231,50.0,UNVERIFIED_DISBURSEMENT_BURST,PAYMENT_TIMING_ANOMALY,NONE
MPLADS-003773,27.21,43.28,0,0.0,0.0,0.0,0.903,0.25,0.0,0.0,NORMAL_DISBURSEMENT_SCHEDULE,NONE,NONE
MPLADS-003774,76.89,94.62,0,0.0,0.0,0.0,0.6692,0.2222,0.231,0.0,PAYMENT_TIMING_ANOMALY,NONE,NONE
MPLADS-003775,59.57,82.46,0,0.0,0.0,0.0,0.8682,0.2222,0.231,0.0,NORMAL_DISBURSEMENT_SCHEDULE,NONE,NONE
MPLADS-003776,16.98,29.34,0,0.0,0.0,0.0,0.8804,0.2223,0.0,0.0,NORMAL_DISBURSEMENT_SCHEDULE,NONE,NONE
MPLADS-003777,18.0,30.9,0,0.0,0.0,0.0,0.9145,0.2222,0.0,0.0,NORMAL_DISBURSEMENT_SCHEDULE,NONE,NONE
MPLADS-003778,0.57,0.56,0,0.0,0.0,0.0,0.9021,0.2222,0.0,0.0,NORMAL_DISBURSEMENT_SCHEDULE,NONE,NONE
MPLADS-003779,41.76,68.78,0,0.0,0.0,0.0,0.9739,0.2222,0.0,0.0,NORMAL_DISBURSEMENT_SCHEDULE,NONE,NONE
MPLADS-003780,3.19,4.64,0,0.0,0.0,0.0,0.8694,0.2222,0.0,0.0,NORMAL_DISBURSEMENT_SCHEDULE,NONE,NONE
MPLADS-003781,42.49,69.94,0,0.0,0.0,0.0,0.8853,0.2222,0.0,0.0,NORMAL_DISBURSEMENT_SCHEDULE,NONE,NONE
MPLADS-003782,22.89,37.7,0,0.0,0.0,0.0,0.9092,0.2222,0.0,0.0,NORMAL_DISBURSEMENT_SCHEDULE,NONE,NONE
MPLADS-003783,35.48,58.54,0,0.0,0.0,0.0,0.8821,0.25,0.0,0.0,NORMAL_DISBURSEMENT_SCHEDULE,NONE,NONE
MPLADS-003784,26.04,41.6,0,0.0,0.0,0.0,0.9205,0.25,0.0,0.0,NORMAL_DISBURSEMENT_SCHEDULE,NONE,NONE
MPLADS-003785,34.65,56.98,0,0.0,0.0,0.0,0.892,0.25,0.0,0.0,NORMAL_DISBURSEMENT_SCHEDULE,NONE,NONE
MPLADS-003786,2.66,3.86,0,0.0,0.0,0.0,0.8903,0.2222,0.0,0.0,NORMAL_DISBURSEMENT_SCHEDULE,NONE,NONE
MPLADS-003787,34.59,56.86,0,0.0,0.0,0.0,0.8716,0.2222,0.0,0.0,NORMAL_DISBURSEMENT_SCHEDULE,NONE,NONE
MPLADS-003788,27.43,43.58,0,0.0,0.0,0.0,0.9322,0.2222,0.0,0.0,NORMAL_DISBURSEMENT_SCHEDULE,NONE,NONE
MPLADS-003789,52.62,78.4,0,0.0,0.0,0.0,0.8576,0.2222,0.0,0.0,NORMAL_DISBURSEMENT_SCHEDULE,NONE,NONE
MPLADS-003790,34.25,56.24,0,0.0,0.0,0.0,0.9132,0.25,0.0,0.0,NORMAL_DISBURSEMENT_SCHEDULE,NONE,NONE
MPLADS-003791,12.73,21.88,0,0.0,0.0,0.0,0.8591,0.2222,0.0,0.0,NORMAL_DISBURSEMENT_SCHEDULE,NONE,NONE
MPLADS-003792,24.56,39.78,0,0.0,0.0,0.0,0.8511,0.2222,0.0,0.0,NORMAL_DISBURSEMENT_SCHEDULE,NONE,NONE
MPLADS-003793,4.41,6.66,0,0.0,0.0,0.0,0.9275,0.2222,0.0,0.0,NORMAL_DISBURSEMENT_SCHEDULE,NONE,NONE
MPLADS-003794,22.56,37.28,0,0.0,0.0,0.0,0.9118,0.2222,0.0,0.0,NORMAL_DISBURSEMENT_SCHEDULE,NONE,NONE
MPLADS-003795,37.52,62.2,0,0.0,0.0,0.0,0.9646,0.25,0.0,0.0,NORMAL_DISBURSEMENT_SCHEDULE,NONE,NONE
MPLADS-003796,68.91,90.2,0,1.0,1658000.0,0.0,0.948,0.2223,0.0,50.0,UNVERIFIED_DISBURSEMENT_BURST,NONE,NONE
MPLADS-003797,33.57,54.96,0,0.0,0.0,0.0,0.9287,0.2222,0.0,0.0,NORMAL_DISBURSEMENT_SCHEDULE,NONE,NONE
MPLADS-003798,37.3,61.84,0,0.0,0.0,0.0,0.8886,0.25,0.0,0.0,NORMAL_DISBURSEMENT_SCHEDULE,NONE,NONE
MPLADS-003799,43.0,70.62,0,0.0,0.0,0.0,0.9084,0.2222,0.0,0.0,NORMAL_DISBURSEMENT_SCHEDULE,NONE,NONE
MPLADS-003800,2.44,3.5,0,0.0,0.0,0.0,0.8692,0.2222,0.0,0.0,NORMAL_DISBURSEMENT_SCHEDULE,NONE,NONE
MPLADS-003801,1.74,2.42,0,0.0,0.0,0.0,0.9516,0.2222,0.0,0.0,NORMAL_DISBURSEMENT_SCHEDULE,NONE,NONE
MPLADS-003802,19.04,32.52,0,0.0,0.0,0.0,0.8603,0.2222,0.0,0.0,NORMAL_DISBURSEMENT_SCHEDULE,NONE,NONE
MPLADS-003803,67.39,88.96,0,0.0,0.0,0.0,0.9296,0.2222,0.231,0.0,PAYMENT_TIMING_ANOMALY,NONE,NONE
MPLADS-003804,32.86,53.7,0,0.0,0.0,0.0,0.8922,0.25,0.0,0.0,NORMAL_DISBURSEMENT_SCHEDULE,NONE,NONE
MPLADS-003805,26.56,42.32,0,0.0,0.0,0.0,0.9104,0.25,0.0,0.0,NORMAL_DISBURSEMENT_SCHEDULE,NONE,NONE
MPLADS-003806,5.45,8.3,0,0.0,0.0,0.0,0.9266,0.2222,0.0,0.0,NORMAL_DISBURSEMENT_SCHEDULE,NONE,NONE
MPLADS-003807,65.83,87.52,0,0.0,0.0,0.0462,1.5443,0.2222,0.0,25.0,STATUTORY_CEILING_SMURFING,NONE,NONE
MPLADS-003808,30.66,49.42,0,0.0,0.0,0.0,0.9554,0.25,0.0,0.0,NORMAL_DISBURSEMENT_SCHEDULE,NONE,NONE
MPLADS-003809,32.99,53.92,0,0.0,0.0,0.0,0.9,0.25,0.0,0.0,NORMAL_DISBURSEMENT_SCHEDULE,NONE,NONE
MPLADS-003810,37.68,62.5,0,0.0,0.0,0.0,0.8575,0.25,0.0,0.0,NORMAL_DISBURSEMENT_SCHEDULE,NONE,NONE
MPLADS-003811,60.17,82.84,0,1.0,2085000.0,0.0,0.8809,0.2222,0.0,50.0,UNVERIFIED_DISBURSEMENT_BURST,NONE,NONE
MPLADS-003812,39.2,65.1,0,0.0,0.0,0.0,0.8556,0.25,0.0,0.0,NORMAL_DISBURSEMENT_SCHEDULE,NONE,NONE
MPLADS-003813,14.22,24.74,0,0.0,0.0,0.0,0.9423,0.2223,0.0,0.0,NORMAL_DISBURSEMENT_SCHEDULE,NONE,NONE
MPLADS-003814,82.97,97.9,1,1.0,2491000.0,0.9373,1.0,0.2222,0.0,75.0,UNVERIFIED_DISBURSEMENT_BURST,STATUTORY_CEILING_SMURFING,NONE
MPLADS-003815,38.49,63.92,0,0.0,0.0,0.0,0.9689,0.2222,0.0,0.0,NORMAL_DISBURSEMENT_SCHEDULE,NONE,NONE
MPLADS-003816,33.08,54.06,0,0.0,0.0,0.0,0.9752,0.2223,0.0,0.0,NORMAL_DISBURSEMENT_SCHEDULE,NONE,NONE
MPLADS-003817,2.64,3.84,0,0.0,0.0,0.0,0.9694,0.2222,0.0,0.0,NORMAL_DISBURSEMENT_SCHEDULE,NONE,NONE
MPLADS-003818,8.61,14.16,0,0.0,0.0,0.0,0.9512,0.2222,0.0,0.0,NORMAL_DISBURSEMENT_SCHEDULE,NONE,NONE
MPLADS-003819,22.01,36.52,0,0.0,0.0,0.0,0.9014,0.2222,0.0,0.0,NORMAL_DISBURSEMENT_SCHEDULE,NONE,NONE
MPLADS-003820,29.71,47.66,0,0.0,0.0,0.0,0.8587,0.2222,0.0,0.0,NORMAL_DISBURSEMENT_SCHEDULE,NONE,NONE
MPLADS-003821,3.79,5.62,0,0.0,0.0,0.0,0.9685,0.2222,0.0,0.0,NORMAL_DISBURSEMENT_SCHEDULE,NONE,NONE
MPLADS-003822,17.14,29.64,0,0.0,0.0,0.0,0.941,0.2223,0.0,0.0,NORMAL_DISBURSEMENT_SCHEDULE,NONE,NONE
MPLADS-003823,55.29,79.86,0,0.0,0.0,0.0,0.9028,0.25,0.0,0.0,NORMAL_DISBURSEMENT_SCHEDULE,NONE,NONE
MPLADS-003824,35.21,58.06,0,0.0,0.0,0.0,0.9004,0.25,0.0,0.0,NORMAL_DISBURSEMENT_SCHEDULE,NONE,NONE
MPLADS-003825,1.27,1.6,0,0.0,0.0,0.0,0.9044,0.2222,0.0,0.0,NORMAL_DISBURSEMENT_SCHEDULE,NONE,NONE
MPLADS-003826,12.37,21.18,0,0.0,0.0,0.0,0.9778,0.2222,0.0,0.0,NORMAL_DISBURSEMENT_SCHEDULE,NONE,NONE
MPLADS-003827,31.16,50.4,0,0.0,0.0,0.0,0.8935,0.2222,0.0,0.0,NORMAL_DISBURSEMENT_SCHEDULE,NONE,NONE
MPLADS-003828,34.56,56.82,0,0.0,0.0,0.0,0.8977,0.25,0.0,0.0,NORMAL_DISBURSEMENT_SCHEDULE,NONE,NONE
MPLADS-003829,42.08,69.3,0,0.0,0.0,0.0,0.8636,0.25,0.0,0.0,NORMAL_DISBURSEMENT_SCHEDULE,NONE,NONE
MPLADS-003830,59.02,82.18,0,0.0,0.0,0.0,0.8973,0.2222,0.0,25.0,NORMAL_DISBURSEMENT_SCHEDULE,NONE,NONE
MPLADS-003831,11.83,20.14,0,0.0,0.0,0.0,0.9608,0.2223,0.0,0.0,NORMAL_DISBURSEMENT_SCHEDULE,NONE,NONE
MPLADS-003832,3.6,5.29,0,0.0,0.0,0.0,0.8752,0.2222,0.0,0.0,NORMAL_DISBURSEMENT_SCHEDULE,NONE,NONE
MPLADS-003833,35.04,57.74,0,0.0,0.0,0.0,0.9432,0.2222,0.0,0.0,NORMAL_DISBURSEMENT_SCHEDULE,NONE,NONE
MPLADS-003834,20.0,33.9,0,0.0,0.0,0.0222,0.8643,0.2222,0.0,25.0,NORMAL_DISBURSEMENT_SCHEDULE,NONE,NONE
MPLADS-003835,27.91,44.34,0,0.0,0.0,0.0,0.923,0.25,0.0,0.0,NORMAL_DISBURSEMENT_SCHEDULE,NONE,NONE
MPLADS-003836,29.03,46.38,0,0.0,0.0,0.0,0.9507,0.25,0.0,0.0,NORMAL_DISBURSEMENT_SCHEDULE,NONE,NONE
MPLADS-003837,35.26,58.16,0,0.0,0.0,0.001,0.9313,0.2222,0.0,25.0,NORMAL_DISBURSEMENT_SCHEDULE,NONE,NONE
MPLADS-003838,12.32,21.06,0,0.0,0.0,0.0,0.9057,0.2222,0.0,0.0,NORMAL_DISBURSEMENT_SCHEDULE,NONE,NONE
MPLADS-003839,43.51,71.34,0,0.0,0.0,0.0,0.8523,0.25,0.0,0.0,NORMAL_DISBURSEMENT_SCHEDULE,NONE,NONE
MPLADS-003840,24.31,39.54,0,0.0,0.0,0.0,0.871,0.2222,0.0,0.0,NORMAL_DISBURSEMENT_SCHEDULE,NONE,NONE
MPLADS-003841,40.83,67.46,0,0.0,0.0,0.0,0.9076,0.2222,0.0,0.0,NORMAL_DISBURSEMENT_SCHEDULE,NONE,NONE
MPLADS-003842,18.15,31.12,0,0.0,0.0,0.0,0.9111,0.2222,0.0,0.0,NORMAL_DISBURSEMENT_SCHEDULE,NONE,NONE
MPLADS-003843,80.1,96.34,1,0.0,0.0,0.0,0.9749,0.2222,0.231,0.0,PAYMENT_TIMING_ANOMALY,NONE,NONE
MPLADS-003844,6.0,9.3,0,0.0,0.0,0.0,0.8921,0.2222,0.0,0.0,NORMAL_DISBURSEMENT_SCHEDULE,NONE,NONE
MPLADS-003845,14.91,25.96,0,0.0,0.0,0.0,0.9542,0.2222,0.0,0.0,NORMAL_DISBURSEMENT_SCHEDULE,NONE,NONE
MPLADS-003846,67.01,88.6,0,0.0,0.0,0.0,0.8833,0.2222,0.231,0.0,PAYMENT_TIMING_ANOMALY,NONE,NONE
MPLADS-003847,77.13,94.74,0,0.0,0.0,0.0,0.9169,0.2222,0.231,0.0,PAYMENT_TIMING_ANOMALY,NONE,NONE
MPLADS-003848,24.03,39.16,0,0.0,0.0,0.0,0.9621,0.2222,0.0,0.0,NORMAL_DISBURSEMENT_SCHEDULE,NONE,NONE
MPLADS-003849,30.75,49.6,0,0.0,0.0,0.0462,0.87,0.2222,0.0,25.0,NORMAL_DISBURSEMENT_SCHEDULE,NONE,NONE
MPLADS-003850,71.64,91.92,0,0.0,0.0,0.1708,1.541,0.2222,0.0,25.0,STATUTORY_CEILING_SMURFING,NONE,NONE
MPLADS-003851,44.3,72.32,0,0.0,0.0,0.0,1.2567,0.2222,0.0,0.0,NORMAL_DISBURSEMENT_SCHEDULE,NONE,NONE
MPLADS-003852,79.73,96.14,1,0.0,0.0,0.9992,0.8939,0.2223,0.231,25.0,STATUTORY_CEILING_SMURFING,PAYMENT_TIMING_ANOMALY,NONE
MPLADS-003853,7.49,12.02,0,0.0,0.0,0.0007,0.911,0.2222,0.0,25.0,NORMAL_DISBURSEMENT_SCHEDULE,NONE,NONE
MPLADS-003854,97.29,99.86,1,1.0,1500000.0,0.0,0.8792,0.2222,0.231,75.0,UNVERIFIED_DISBURSEMENT_BURST,ROUND_NUMBER_DISBURSEMENT_CONCENTRATION,PAYMENT_TIMING_ANOMALY
MPLADS-003855,17.73,30.5,0,0.0,0.0,0.0,0.9152,0.2222,0.0,0.0,NORMAL_DISBURSEMENT_SCHEDULE,NONE,NONE
MPLADS-003856,31.69,51.5,0,0.0,0.0,0.0,0.9529,0.2222,0.0,0.0,NORMAL_DISBURSEMENT_SCHEDULE,NONE,NONE
MPLADS-003857,8.18,13.34,0,0.0,0.0,0.0,0.9631,0.2222,0.0,0.0,NORMAL_DISBURSEMENT_SCHEDULE,NONE,NONE
MPLADS-003858,31.45,51.0,0,0.0,0.0,0.0,0.8685,0.2222,0.0,0.0,NORMAL_DISBURSEMENT_SCHEDULE,NONE,NONE
MPLADS-003859,11.07,18.72,0,0.0,0.0,0.0,0.8556,0.2222,0.0,0.0,NORMAL_DISBURSEMENT_SCHEDULE,NONE,NONE
MPLADS-003860,69.0,90.28,0,0.0,0.0,0.0,0.8889,0.25,0.0,25.0,ROUND_NUMBER_DISBURSEMENT_CONCENTRATION,NONE,NONE
MPLADS-003861,32.33,52.72,0,0.0,0.0,0.0,0.9263,0.2222,0.0,0.0,NORMAL_DISBURSEMENT_SCHEDULE,NONE,NONE
MPLADS-003862,34.23,56.2,0,0.0,0.0,0.0,0.9459,0.25,0.0,0.0,NORMAL_DISBURSEMENT_SCHEDULE,NONE,NONE
MPLADS-003863,36.2,59.82,0,0.0,0.0,0.0,0.9259,0.2222,0.0,0.0,NORMAL_DISBURSEMENT_SCHEDULE,NONE,NONE
MPLADS-003864,11.93,20.34,0,0.0,0.0,0.0,0.9287,0.2223,0.0,0.0,NORMAL_DISBURSEMENT_SCHEDULE,NONE,NONE
MPLADS-003865,52.5,78.32,0,0.0,0.0,0.0,0.931,0.2222,0.0,0.0,NORMAL_DISBURSEMENT_SCHEDULE,NONE,NONE
MPLADS-003866,42.22,69.56,0,0.0,0.0,0.0,0.8524,0.25,0.0,0.0,NORMAL_DISBURSEMENT_SCHEDULE,NONE,NONE
MPLADS-003867,10.77,18.18,0,0.0,0.0,0.0,0.9235,0.2223,0.0,0.0,NORMAL_DISBURSEMENT_SCHEDULE,NONE,NONE
MPLADS-003868,59.83,82.64,0,0.0,0.0,0.0,1.531,0.2222,0.0,0.0,NORMAL_DISBURSEMENT_SCHEDULE,NONE,NONE
MPLADS-003869,13.88,24.12,0,0.0,0.0,0.0,0.9776,0.2222,0.0,0.0,NORMAL_DISBURSEMENT_SCHEDULE,NONE,NONE
MPLADS-003870,6.65,10.44,0,0.0,0.0,0.0,0.8677,0.2222,0.0,0.0,NORMAL_DISBURSEMENT_SCHEDULE,NONE,NONE
MPLADS-003871,36.17,59.76,0,0.0,0.0,0.0,0.9354,0.25,0.0,0.0,NORMAL_DISBURSEMENT_SCHEDULE,NONE,NONE
MPLADS-003872,56.59,80.68,0,0.0,0.0,0.0005,0.9571,0.2222,0.0,25.0,NORMAL_DISBURSEMENT_SCHEDULE,NONE,NONE
MPLADS-003873,58.71,81.94,0,0.0,0.0,0.0,1.5448,0.2222,0.0,0.0,NORMAL_DISBURSEMENT_SCHEDULE,NONE,NONE
MPLADS-003874,13.36,23.1,0,0.0,0.0,0.0,0.9422,0.2222,0.0,0.0,NORMAL_DISBURSEMENT_SCHEDULE,NONE,NONE
MPLADS-003875,33.37,54.58,0,0.0,0.0,0.0,0.8774,0.2222,0.0,0.0,NORMAL_DISBURSEMENT_SCHEDULE,NONE,NONE
MPLADS-003876,45.14,73.26,0,0.0,0.0,0.0,0.9477,0.2222,0.0,0.0,NORMAL_DISBURSEMENT_SCHEDULE,NONE,NONE
MPLADS-003877,3.74,5.52,0,0.0,0.0,0.0,0.9344,0.2222,0.0,0.0,NORMAL_DISBURSEMENT_SCHEDULE,NONE,NONE
MPLADS-003878,6.74,10.62,0,0.0,0.0,0.0,0.8734,0.2222,0.0,0.0,NORMAL_DISBURSEMENT_SCHEDULE,NONE,NONE
MPLADS-003879,37.58,62.32,0,0.0,0.0,0.0,0.8946,0.2222,0.0,0.0,NORMAL_DISBURSEMENT_SCHEDULE,NONE,NONE
MPLADS-003880,36.19,59.8,0,0.0,0.0,0.0,0.9618,0.2222,0.0,0.0,NORMAL_DISBURSEMENT_SCHEDULE,NONE,NONE
MPLADS-003881,7.41,11.88,0,0.0,0.0,0.0,0.9123,0.2222,0.0,0.0,NORMAL_DISBURSEMENT_SCHEDULE,NONE,NONE
MPLADS-003882,50.26,77.1,0,0.0,0.0,0.9716,0.919,0.2223,0.0,25.0,NORMAL_DISBURSEMENT_SCHEDULE,NONE,NONE
MPLADS-003883,14.27,24.84,0,0.0,0.0,0.0,0.9203,0.2223,0.0,0.0,NORMAL_DISBURSEMENT_SCHEDULE,NONE,NONE
MPLADS-003884,84.78,98.72,1,0.0,0.0,0.0,0.908,0.25,0.3466,0.0,PAYMENT_TIMING_ANOMALY,NONE,NONE
MPLADS-003885,19.76,33.54,0,0.0,0.0,0.0,0.9071,0.2222,0.0,0.0,NORMAL_DISBURSEMENT_SCHEDULE,NONE,NONE
MPLADS-003886,66.7,88.38,0,0.0,0.0,0.0,0.526,0.25,0.0,0.0,ELEVATED_PAYMENT_VOLATILITY,NONE,NONE
MPLADS-003887,22.79,37.54,0,0.0,0.0,0.0,0.9252,0.2222,0.0,0.0,NORMAL_DISBURSEMENT_SCHEDULE,NONE,NONE
MPLADS-003888,6.61,10.38,0,0.0,0.0,0.0,0.9089,0.2222,0.0,0.0,NORMAL_DISBURSEMENT_SCHEDULE,NONE,NONE
MPLADS-003889,43.65,71.54,0,0.0,0.0,0.0,0.9218,0.2222,0.0,25.0,NORMAL_DISBURSEMENT_SCHEDULE,NONE,NONE
MPLADS-003890,63.99,85.7,0,0.0,0.0,0.0,0.9059,0.2222,0.0,0.0,ELEVATED_PAYMENT_VOLATILITY,NONE,NONE
MPLADS-003891,16.93,29.26,0,0.0,0.0,0.0,0.9558,0.2223,0.0,0.0,NORMAL_DISBURSEMENT_SCHEDULE,NONE,NONE
MPLADS-003892,37.81,62.76,0,0.0,0.0,0.0,0.944,0.25,0.0,0.0,NORMAL_DISBURSEMENT_SCHEDULE,NONE,NONE
MPLADS-003893,16.42,28.44,0,0.0,0.0,0.0,0.9717,0.2222,0.0,0.0,NORMAL_DISBURSEMENT_SCHEDULE,NONE,NONE
MPLADS-003894,63.32,85.2,0,1.0,1272000.0,0.0,0.9367,0.2222,0.0,50.0,UNVERIFIED_DISBURSEMENT_BURST,NONE,NONE
MPLADS-003895,42.54,70.02,0,0.0,0.0,0.0,0.9677,0.25,0.0,0.0,NORMAL_DISBURSEMENT_SCHEDULE,NONE,NONE
MPLADS-003896,70.49,91.14,0,1.0,1683000.0,0.0,1.0,0.2222,0.0,50.0,UNVERIFIED_DISBURSEMENT_BURST,NONE,NONE
MPLADS-003897,29.52,47.32,0,0.0,0.0,0.0,0.8549,0.2222,0.0,0.0,NORMAL_DISBURSEMENT_SCHEDULE,NONE,NONE
MPLADS-003898,1.43,1.88,0,0.0,0.0,0.0,0.9007,0.2222,0.0,0.0,NORMAL_DISBURSEMENT_SCHEDULE,NONE,NONE
MPLADS-003899,13.83,24.02,0,0.0,0.0,0.0,0.9214,0.2222,0.0,0.0,NORMAL_DISBURSEMENT_SCHEDULE,NONE,NONE
MPLADS-003900,37.03,61.36,0,0.0,0.0,0.0,0.9148,0.2222,0.0,0.0,NORMAL_DISBURSEMENT_SCHEDULE,NONE,NONE
MPLADS-003901,10.41,17.5,0,0.0,0.0,0.0,0.9379,0.2222,0.0,0.0,NORMAL_DISBURSEMENT_SCHEDULE,NONE,NONE
MPLADS-003902,12.87,22.14,0,0.0,0.0,0.0,0.9357,0.2222,0.0,0.0,NORMAL_DISBURSEMENT_SCHEDULE,NONE,NONE
MPLADS-003903,45.73,73.94,0,0.0,0.0,0.0,0.9379,0.2222,0.0,0.0,NORMAL_DISBURSEMENT_SCHEDULE,NONE,NONE
MPLADS-003904,9.31,15.44,0,0.0,0.0,0.0,0.9676,0.2222,0.0,0.0,NORMAL_DISBURSEMENT_SCHEDULE,NONE,NONE
MPLADS-003905,38.98,64.76,0,0.0,0.0,0.0,0.8623,0.25,0.0,0.0,NORMAL_DISBURSEMENT_SCHEDULE,NONE,NONE
MPLADS-003906,1.85,2.58,0,0.0,0.0,0.0,0.891,0.2222,0.0,0.0,NORMAL_DISBURSEMENT_SCHEDULE,NONE,NONE
MPLADS-003907,32.75,53.48,0,0.0,0.0,0.0,0.8908,0.25,0.0,0.0,NORMAL_DISBURSEMENT_SCHEDULE,NONE,NONE
MPLADS-003908,4.63,7.0,0,0.0,0.0,0.0,0.9731,0.2222,0.0,0.0,NORMAL_DISBURSEMENT_SCHEDULE,NONE,NONE
MPLADS-003909,4.62,6.98,0,0.0,0.0,0.0,0.8759,0.2222,0.0,0.0,NORMAL_DISBURSEMENT_SCHEDULE,NONE,NONE
MPLADS-003910,31.94,51.98,0,0.0,0.0,0.0,0.9419,0.2222,0.0,0.0,NORMAL_DISBURSEMENT_SCHEDULE,NONE,NONE
MPLADS-003911,33.68,55.16,0,0.0,0.0,0.0,0.9655,0.25,0.0,0.0,NORMAL_DISBURSEMENT_SCHEDULE,NONE,NONE
MPLADS-003912,60.6,83.08,0,1.0,2555000.0,0.0,0.9491,0.2222,0.0,50.0,UNVERIFIED_DISBURSEMENT_BURST,NONE,NONE
MPLADS-003913,32.34,52.76,0,0.0,0.0,0.0,0.8944,0.25,0.0,0.0,NORMAL_DISBURSEMENT_SCHEDULE,NONE,NONE
MPLADS-003914,10.14,17.0,0,0.0,0.0,0.0,0.9314,0.2222,0.0,0.0,NORMAL_DISBURSEMENT_SCHEDULE,NONE,NONE
MPLADS-003915,54.05,79.24,0,0.0,0.0,0.0,0.657,0.2222,0.0,0.0,NORMAL_DISBURSEMENT_SCHEDULE,NONE,NONE
MPLADS-003916,35.89,59.3,0,0.0,0.0,0.0,0.9128,0.2222,0.0,0.0,NORMAL_DISBURSEMENT_SCHEDULE,NONE,NONE
MPLADS-003917,23.93,39.08,0,0.0,0.0,0.3345,0.9586,0.2222,0.0,25.0,NORMAL_DISBURSEMENT_SCHEDULE,NONE,NONE
MPLADS-003918,32.6,53.2,0,0.0,0.0,0.0,0.8755,0.2222,0.0,0.0,NORMAL_DISBURSEMENT_SCHEDULE,NONE,NONE
MPLADS-003919,43.46,71.28,0,0.0,0.0,0.0,0.8614,0.2222,0.0,0.0,NORMAL_DISBURSEMENT_SCHEDULE,NONE,NONE
MPLADS-003920,29.33,46.94,0,0.0,0.0,0.0,0.9329,0.25,0.0,0.0,NORMAL_DISBURSEMENT_SCHEDULE,NONE,NONE
MPLADS-003921,40.08,66.42,0,0.0,0.0,0.0,0.9756,0.2222,0.0,0.0,NORMAL_DISBURSEMENT_SCHEDULE,NONE,NONE
MPLADS-003922,16.69,28.88,0,0.0,0.0,0.0,0.8612,0.2223,0.0,0.0,NORMAL_DISBURSEMENT_SCHEDULE,NONE,NONE
MPLADS-003923,18.02,30.92,0,0.0,0.0,0.0,0.9202,0.2222,0.0,0.0,NORMAL_DISBURSEMENT_SCHEDULE,NONE,NONE
MPLADS-003924,9.46,15.7,0,0.0,0.0,0.0,0.8694,0.2222,0.0,0.0,NORMAL_DISBURSEMENT_SCHEDULE,NONE,NONE
MPLADS-003925,17.21,29.74,0,0.0,0.0,0.0,0.8592,0.2222,0.0,0.0,NORMAL_DISBURSEMENT_SCHEDULE,NONE,NONE
MPLADS-003926,65.87,87.56,0,0.0,0.0,0.0,1.3582,0.2222,0.0,0.0,ELEVATED_PAYMENT_VOLATILITY,NONE,NONE
MPLADS-003927,13.24,22.9,0,0.0,0.0,0.0,0.9346,0.2222,0.0,0.0,NORMAL_DISBURSEMENT_SCHEDULE,NONE,NONE
MPLADS-003928,51.11,77.58,0,0.0,0.0,0.0,0.9245,0.2222,0.0,0.0,NORMAL_DISBURSEMENT_SCHEDULE,NONE,NONE
MPLADS-003929,32.05,52.2,0,0.0,0.0,0.0,0.9602,0.2222,0.0,0.0,NORMAL_DISBURSEMENT_SCHEDULE,NONE,NONE
MPLADS-003930,5.65,8.66,0,0.0,0.0,0.0,0.9479,0.2222,0.0,0.0,NORMAL_DISBURSEMENT_SCHEDULE,NONE,NONE
MPLADS-003931,57.09,80.98,0,0.0,0.0,0.4184,0.6611,0.2223,0.0,25.0,NORMAL_DISBURSEMENT_SCHEDULE,NONE,NONE
MPLADS-003932,10.53,17.72,0,0.0,0.0,0.0,0.9569,0.2222,0.0,0.0,NORMAL_DISBURSEMENT_SCHEDULE,NONE,NONE
MPLADS-003933,68.19,89.6,0,0.0,0.0,0.0,0.858,0.25,0.0,0.0,ELEVATED_PAYMENT_VOLATILITY,NONE,NONE
MPLADS-003934,7.85,12.7,0,0.0,0.0,0.0,0.928,0.2222,0.0,0.0,NORMAL_DISBURSEMENT_SCHEDULE,NONE,NONE
MPLADS-003935,1.07,1.28,0,0.0,0.0,0.0,0.9286,0.2222,0.0,0.0,NORMAL_DISBURSEMENT_SCHEDULE,NONE,NONE
MPLADS-003936,18.48,31.66,0,0.0,0.0,0.0,0.9766,0.2223,0.0,0.0,NORMAL_DISBURSEMENT_SCHEDULE,NONE,NONE
MPLADS-003937,10.96,18.5,0,0.0,0.0,0.0,0.8644,0.2222,0.0,0.0,NORMAL_DISBURSEMENT_SCHEDULE,NONE,NONE
MPLADS-003938,45.03,73.1,0,0.0,0.0,0.0,0.8902,0.2222,0.0,0.0,NORMAL_DISBURSEMENT_SCHEDULE,NONE,NONE
MPLADS-003939,38.45,63.86,0,0.0,0.0,0.0,0.9387,0.25,0.0,0.0,NORMAL_DISBURSEMENT_SCHEDULE,NONE,NONE
MPLADS-003940,47.3,75.26,0,0.0,0.0,0.8549,0.9697,0.2222,0.0,25.0,NORMAL_DISBURSEMENT_SCHEDULE,NONE,NONE
MPLADS-003941,21.22,35.48,0,0.0,0.0,0.0,0.9199,0.2222,0.0,0.0,NORMAL_DISBURSEMENT_SCHEDULE,NONE,NONE
MPLADS-003942,39.56,65.62,0,0.0,0.0,0.0,0.8583,0.2222,0.0,0.0,NORMAL_DISBURSEMENT_SCHEDULE,NONE,NONE
MPLADS-003943,70.32,91.06,0,0.0,0.0,0.0,0.9751,0.2222,0.231,0.0,PAYMENT_TIMING_ANOMALY,NONE,NONE
MPLADS-003944,53.05,78.64,0,0.0,0.0,0.0,0.9764,0.25,0.0,0.0,NORMAL_DISBURSEMENT_SCHEDULE,NONE,NONE
MPLADS-003945,15.18,26.36,0,0.0,0.0,0.0,0.9716,0.2222,0.0,0.0,NORMAL_DISBURSEMENT_SCHEDULE,NONE,NONE
MPLADS-003946,22.42,37.1,0,0.0,0.0,0.0,0.959,0.2222,0.0,0.0,NORMAL_DISBURSEMENT_SCHEDULE,NONE,NONE
MPLADS-003947,41.69,68.7,0,0.0,0.0,0.0,0.95,0.25,0.0,0.0,NORMAL_DISBURSEMENT_SCHEDULE,NONE,NONE
MPLADS-003948,0.34,0.26,0,0.0,0.0,0.0,0.9307,0.2222,0.0,0.0,NORMAL_DISBURSEMENT_SCHEDULE,NONE,NONE
MPLADS-003949,78.17,95.36,1,0.0,0.0,0.0,0.8659,0.2222,0.231,0.0,PAYMENT_TIMING_ANOMALY,NONE,NONE
MPLADS-003950,38.26,63.52,0,0.0,0.0,0.0,0.8994,0.2222,0.0,0.0,NORMAL_DISBURSEMENT_SCHEDULE,NONE,NONE
MPLADS-003951,64.43,86.12,0,0.0,0.0,0.0,0.8556,0.2222,0.0,0.0,ELEVATED_PAYMENT_VOLATILITY,NONE,NONE
MPLADS-003952,24.49,39.7,0,0.0,0.0,0.0,0.8502,0.2222,0.0,0.0,NORMAL_DISBURSEMENT_SCHEDULE,NONE,NONE
MPLADS-003953,4.16,6.26,0,0.0,0.0,0.0,0.9319,0.2222,0.0,0.0,NORMAL_DISBURSEMENT_SCHEDULE,NONE,NONE
MPLADS-003954,72.1,92.2,0,0.0,0.0,0.0,0.9339,0.2223,0.0,0.0,ELEVATED_PAYMENT_VOLATILITY,NONE,NONE
MPLADS-003955,20.13,34.02,0,0.0,0.0,0.0,0.93,0.2222,0.0,0.0,NORMAL_DISBURSEMENT_SCHEDULE,NONE,NONE
MPLADS-003956,21.0,35.2,0,0.0,0.0,0.0,0.9731,0.2222,0.0,0.0,NORMAL_DISBURSEMENT_SCHEDULE,NONE,NONE
MPLADS-003957,43.06,70.68,0,0.0,0.0,0.0,0.9385,0.2222,0.0,0.0,NORMAL_DISBURSEMENT_SCHEDULE,NONE,NONE
MPLADS-003958,19.96,33.84,0,0.0,0.0,0.0,0.8723,0.2222,0.0,0.0,NORMAL_DISBURSEMENT_SCHEDULE,NONE,NONE
MPLADS-003959,18.45,31.62,0,0.0,0.0,0.0,0.8518,0.2223,0.0,0.0,NORMAL_DISBURSEMENT_SCHEDULE,NONE,NONE
MPLADS-003960,49.05,76.46,0,0.0,0.0,0.0,0.881,0.2222,0.0,0.0,NORMAL_DISBURSEMENT_SCHEDULE,NONE,NONE
MPLADS-003961,19.35,32.94,0,0.0,0.0,0.0,0.9568,0.2222,0.0,0.0,NORMAL_DISBURSEMENT_SCHEDULE,NONE,NONE
MPLADS-003962,30.41,48.94,0,0.0,0.0,0.0,0.9323,0.2222,0.0,0.0,NORMAL_DISBURSEMENT_SCHEDULE,NONE,NONE
MPLADS-003963,38.54,64.02,0,0.0,0.0,0.0,0.9568,0.25,0.0,0.0,NORMAL_DISBURSEMENT_SCHEDULE,NONE,NONE
MPLADS-003964,27.82,44.22,0,0.0,0.0,0.0,0.9799,0.2223,0.0,0.0,NORMAL_DISBURSEMENT_SCHEDULE,NONE,NONE
MPLADS-003965,75.24,93.66,0,0.0,0.0,0.0,0.8789,0.2222,0.231,0.0,PAYMENT_TIMING_ANOMALY,NONE,NONE
MPLADS-003966,39.85,66.06,0,0.0,0.0,0.0,0.9406,0.25,0.0,0.0,NORMAL_DISBURSEMENT_SCHEDULE,NONE,NONE
MPLADS-003967,18.16,31.14,0,0.0,0.0,0.0,0.9606,0.2223,0.0,0.0,NORMAL_DISBURSEMENT_SCHEDULE,NONE,NONE
MPLADS-003968,16.35,28.32,0,0.0,0.0,0.0,0.8648,0.2223,0.0,0.0,NORMAL_DISBURSEMENT_SCHEDULE,NONE,NONE
MPLADS-003969,30.86,49.82,0,0.0,0.0,0.0418,0.9692,0.2222,0.0,25.0,NORMAL_DISBURSEMENT_SCHEDULE,NONE,NONE
MPLADS-003970,7.78,12.58,0,0.0,0.0,0.0,0.9134,0.2222,0.0,0.0,NORMAL_DISBURSEMENT_SCHEDULE,NONE,NONE
MPLADS-003971,31.26,50.6,0,0.0,0.0,0.0,0.9521,0.25,0.0,0.0,NORMAL_DISBURSEMENT_SCHEDULE,NONE,NONE
MPLADS-003972,5.05,7.7,0,0.0,0.0,0.0,0.9705,0.2222,0.0,0.0,NORMAL_DISBURSEMENT_SCHEDULE,NONE,NONE
MPLADS-003973,42.83,70.38,0,0.0,0.0,0.0,0.9012,0.2222,0.0,0.0,NORMAL_DISBURSEMENT_SCHEDULE,NONE,NONE
MPLADS-003974,37.13,61.54,0,0.0,0.0,0.0,0.8824,0.25,0.0,0.0,NORMAL_DISBURSEMENT_SCHEDULE,NONE,NONE
MPLADS-003975,62.3,84.16,0,0.0,0.0,0.0,0.8811,0.2222,0.231,0.0,PAYMENT_TIMING_ANOMALY,NONE,NONE
MPLADS-003976,66.23,87.96,0,1.0,2002000.0,0.0,0.8618,0.2222,0.0,50.0,UNVERIFIED_DISBURSEMENT_BURST,NONE,NONE
MPLADS-003977,33.51,54.82,0,0.0,0.0,0.0,0.9258,0.25,0.0,0.0,NORMAL_DISBURSEMENT_SCHEDULE,NONE,NONE
MPLADS-003978,11.2,18.92,0,0.0,0.0,0.0,0.8613,0.2222,0.0,0.0,NORMAL_DISBURSEMENT_SCHEDULE,NONE,NONE
MPLADS-003979,12.05,20.54,0,0.0,0.0,0.0,0.931,0.2222,0.0,0.0,NORMAL_DISBURSEMENT_SCHEDULE,NONE,NONE
MPLADS-003980,2.47,3.56,0,0.0,0.0,0.0,0.9423,0.2222,0.0,0.0,NORMAL_DISBURSEMENT_SCHEDULE,NONE,NONE
MPLADS-003981,73.02,92.66,0,1.0,2109000.0,0.0001,0.8828,0.2222,0.0,75.0,UNVERIFIED_DISBURSEMENT_BURST,STATUTORY_CEILING_SMURFING,NONE
MPLADS-003982,59.53,82.44,0,0.0,0.0,0.0,0.8956,0.2222,0.231,0.0,NORMAL_DISBURSEMENT_SCHEDULE,NONE,NONE
MPLADS-003983,45.9,74.1,0,0.0,0.0,0.0,0.8679,0.2222,0.0,0.0,NORMAL_DISBURSEMENT_SCHEDULE,NONE,NONE
MPLADS-003984,98.76,99.96,1,1.0,356000.0,0.0,0.8967,0.25,0.3466,50.0,UNVERIFIED_DISBURSEMENT_BURST,PAYMENT_TIMING_ANOMALY,NONE
MPLADS-003985,5.96,9.22,0,0.0,0.0,0.0,0.9371,0.2222,0.0,0.0,NORMAL_DISBURSEMENT_SCHEDULE,NONE,NONE
MPLADS-003986,33.02,53.96,0,0.0,0.0,0.0,0.9157,0.2222,0.0,0.0,NORMAL_DISBURSEMENT_SCHEDULE,NONE,NONE
MPLADS-003987,42.35,69.72,0,0.0,0.0,0.0,0.9259,0.2222,0.0,0.0,NORMAL_DISBURSEMENT_SCHEDULE,NONE,NONE
MPLADS-003988,27.57,43.82,0,0.0,0.0,0.0,0.9415,0.2222,0.0,0.0,NORMAL_DISBURSEMENT_SCHEDULE,NONE,NONE
MPLADS-003989,36.91,61.14,0,0.0,0.0,0.0,0.8652,0.25,0.0,0.0,NORMAL_DISBURSEMENT_SCHEDULE,NONE,NONE
MPLADS-003990,1.75,2.44,0,0.0,0.0,0.0,0.8741,0.2222,0.0,0.0,NORMAL_DISBURSEMENT_SCHEDULE,NONE,NONE
MPLADS-003991,65.52,87.22,0,0.0,0.0,0.0,0.9565,0.2223,0.231,0.0,PAYMENT_TIMING_ANOMALY,NONE,NONE
MPLADS-003992,60.09,82.8,0,0.0,0.0,0.0,0.9099,0.2222,0.231,0.0,PAYMENT_TIMING_ANOMALY,NONE,NONE
MPLADS-003993,3.46,5.08,0,0.0,0.0,0.0,0.9619,0.2222,0.0,0.0,NORMAL_DISBURSEMENT_SCHEDULE,NONE,NONE
MPLADS-003994,11.57,19.66,0,0.0,0.0,0.0,0.8766,0.2222,0.0,0.0,NORMAL_DISBURSEMENT_SCHEDULE,NONE,NONE
MPLADS-003995,20.35,34.34,0,0.0,0.0,0.0,0.9603,0.2222,0.0,0.0,NORMAL_DISBURSEMENT_SCHEDULE,NONE,NONE
MPLADS-003996,4.39,6.62,0,0.0,0.0,0.0,0.8528,0.2222,0.0,0.0,NORMAL_DISBURSEMENT_SCHEDULE,NONE,NONE
MPLADS-003997,66.31,88.06,0,0.0,0.0,0.0,0.8921,0.2222,0.231,0.0,PAYMENT_TIMING_ANOMALY,NONE,NONE
MPLADS-003998,79.85,96.2,1,1.0,544000.0,0.0,0.9347,0.25,0.0,50.0,UNVERIFIED_DISBURSEMENT_BURST,NONE,NONE
MPLADS-003999,0.56,0.54,0,0.0,0.0,0.0,0.9314,0.2222,0.0,0.0,NORMAL_DISBURSEMENT_SCHEDULE,NONE,NONE
MPLADS-004000,31.41,50.9,0,0.0,0.0,0.0,0.9168,0.2222,0.0,0.0,NORMAL_DISBURSEMENT_SCHEDULE,NONE,NONE
MPLADS-004001,60.0,82.72,0,0.0,0.0,0.0,0.94,0.2222,0.231,0.0,NORMAL_DISBURSEMENT_SCHEDULE,NONE,NONE
MPLADS-004002,31.48,51.06,0,0.0,0.0,0.0,0.9296,0.25,0.0,0.0,NORMAL_DISBURSEMENT_SCHEDULE,NONE,NONE
MPLADS-004003,19.49,33.16,0,0.0,0.0,0.0,0.8642,0.2222,0.0,0.0,NORMAL_DISBURSEMENT_SCHEDULE,NONE,NONE
MPLADS-004004,22.47,37.16,0,0.0,0.0,0.0,0.9205,0.2223,0.0,0.0,NORMAL_DISBURSEMENT_SCHEDULE,NONE,NONE
MPLADS-004005,1.77,2.46,0,0.0,0.0,0.0,0.8892,0.2222,0.0,0.0,NORMAL_DISBURSEMENT_SCHEDULE,NONE,NONE
MPLADS-004006,5.61,8.6,0,0.0,0.0,0.0,0.8593,0.2222,0.0,0.0,NORMAL_DISBURSEMENT_SCHEDULE,NONE,NONE
MPLADS-004007,41.63,68.6,0,0.0,0.0,0.0,0.92,0.2222,0.0,0.0,NORMAL_DISBURSEMENT_SCHEDULE,NONE,NONE
MPLADS-004008,2.37,3.38,0,0.0,0.0,0.0,0.884,0.2222,0.0,0.0,NORMAL_DISBURSEMENT_SCHEDULE,NONE,NONE
MPLADS-004009,12.61,21.64,0,0.0,0.0,0.0,0.9277,0.2223,0.0,0.0,NORMAL_DISBURSEMENT_SCHEDULE,NONE,NONE
MPLADS-004010,38.53,64.0,0,0.0,0.0,0.0,0.9021,0.25,0.0,0.0,NORMAL_DISBURSEMENT_SCHEDULE,NONE,NONE
MPLADS-004011,39.47,65.48,0,0.0,0.0,0.0,0.9373,0.2222,0.0,0.0,NORMAL_DISBURSEMENT_SCHEDULE,NONE,NONE
MPLADS-004012,8.2,13.38,0,0.0,0.0,0.0,0.9393,0.2222,0.0,0.0,NORMAL_DISBURSEMENT_SCHEDULE,NONE,NONE
MPLADS-004013,24.18,39.38,0,0.0,0.0,0.0,0.8914,0.2223,0.0,0.0,NORMAL_DISBURSEMENT_SCHEDULE,NONE,NONE
MPLADS-004014,79.91,96.26,1,0.0,0.0,0.0,0.638,0.2223,0.231,0.0,PAYMENT_TIMING_ANOMALY,NONE,NONE
MPLADS-004015,21.82,36.26,0,0.0,0.0,0.0,0.8804,0.2222,0.0,0.0,NORMAL_DISBURSEMENT_SCHEDULE,NONE,NONE
MPLADS-004016,4.25,6.38,0,0.0,0.0,0.0,0.8587,0.2222,0.0,0.0,NORMAL_DISBURSEMENT_SCHEDULE,NONE,NONE
MPLADS-004017,29.57,47.4,0,0.0,0.0,0.0,0.9295,0.25,0.0,0.0,NORMAL_DISBURSEMENT_SCHEDULE,NONE,NONE
MPLADS-004018,4.59,6.94,0,0.0,0.0,0.0035,0.8539,0.2222,0.0,25.0,NORMAL_DISBURSEMENT_SCHEDULE,NONE,NONE
MPLADS-004019,45.76,73.98,0,0.0,0.0,0.0,0.9506,0.2222,0.0,0.0,NORMAL_DISBURSEMENT_SCHEDULE,NONE,NONE
MPLADS-004020,84.33,98.46,1,0.0,0.0,0.0,0.9091,0.25,0.3466,0.0,PAYMENT_TIMING_ANOMALY,NONE,NONE
MPLADS-004021,52.0,78.08,0,0.0,0.0,0.0,1.3795,0.2223,0.0,0.0,NORMAL_DISBURSEMENT_SCHEDULE,NONE,NONE
MPLADS-004022,16.37,28.36,0,0.0,0.0,0.0,0.9095,0.2223,0.0,0.0,NORMAL_DISBURSEMENT_SCHEDULE,NONE,NONE
MPLADS-004023,13.94,24.24,0,0.0,0.0,0.0,0.8803,0.2223,0.0,0.0,NORMAL_DISBURSEMENT_SCHEDULE,NONE,NONE
MPLADS-004024,40.72,67.3,0,0.0,0.0,0.0,0.9662,0.2222,0.0,0.0,NORMAL_DISBURSEMENT_SCHEDULE,NONE,NONE
MPLADS-004025,63.27,85.12,0,1.0,2173000.0,0.0,0.9142,0.2222,0.0,75.0,UNVERIFIED_DISBURSEMENT_BURST,STATUTORY_CEILING_SMURFING,NONE
MPLADS-004026,23.97,39.12,0,0.0,0.0,0.0,0.9499,0.2222,0.0,0.0,NORMAL_DISBURSEMENT_SCHEDULE,NONE,NONE
MPLADS-004027,51.96,78.02,0,0.0,0.0,0.0,0.9423,0.2222,0.0,0.0,NORMAL_DISBURSEMENT_SCHEDULE,NONE,NONE
MPLADS-004028,28.29,44.98,0,0.0,0.0,0.0,0.944,0.2222,0.0,0.0,NORMAL_DISBURSEMENT_SCHEDULE,NONE,NONE
MPLADS-004029,28.58,45.5,0,0.0,0.0,0.0,0.9037,0.25,0.0,0.0,NORMAL_DISBURSEMENT_SCHEDULE,NONE,NONE
MPLADS-004030,33.81,55.42,0,0.0,0.0,0.0,0.8997,0.2222,0.0,0.0,NORMAL_DISBURSEMENT_SCHEDULE,NONE,NONE
MPLADS-004031,31.2,50.48,0,0.0,0.0,0.0,0.9055,0.25,0.0,0.0,NORMAL_DISBURSEMENT_SCHEDULE,NONE,NONE
MPLADS-004032,32.07,52.24,0,0.0,0.0,0.0,0.945,0.25,0.0,0.0,NORMAL_DISBURSEMENT_SCHEDULE,NONE,NONE
MPLADS-004033,5.9,9.12,0,0.0,0.0,0.0,0.8504,0.2222,0.0,0.0,NORMAL_DISBURSEMENT_SCHEDULE,NONE,NONE
MPLADS-004034,50.16,77.06,0,0.0,0.0,1.0,0.9692,0.2222,0.0,25.0,NORMAL_DISBURSEMENT_SCHEDULE,NONE,NONE
MPLADS-004035,13.85,24.06,0,0.0,0.0,0.0,0.9065,0.2223,0.0,0.0,NORMAL_DISBURSEMENT_SCHEDULE,NONE,NONE
MPLADS-004036,11.4,19.34,0,0.0,0.0,0.0,0.9646,0.2223,0.0,0.0,NORMAL_DISBURSEMENT_SCHEDULE,NONE,NONE
MPLADS-004037,65.9,87.6,0,1.0,1073000.0,0.0,0.8774,0.2223,0.0,50.0,UNVERIFIED_DISBURSEMENT_BURST,NONE,NONE
MPLADS-004038,10.12,16.96,0,0.0,0.0,0.0,0.958,0.2222,0.0,0.0,NORMAL_DISBURSEMENT_SCHEDULE,NONE,NONE
MPLADS-004039,53.63,79.02,0,0.0,0.0,0.8735,0.8617,0.2222,0.0,25.0,NORMAL_DISBURSEMENT_SCHEDULE,NONE,NONE
MPLADS-004040,3.29,4.8,0,0.0,0.0,0.0,0.9686,0.2222,0.0,0.0,NORMAL_DISBURSEMENT_SCHEDULE,NONE,NONE
MPLADS-004041,3.77,5.58,0,0.0,0.0,0.0,0.9676,0.2222,0.0,0.0,NORMAL_DISBURSEMENT_SCHEDULE,NONE,NONE
MPLADS-004042,36.62,60.6,0,0.0,0.0,0.0,0.8841,0.25,0.0,0.0,NORMAL_DISBURSEMENT_SCHEDULE,NONE,NONE
MPLADS-004043,41.01,67.72,0,0.0,0.0,0.0,0.9765,0.25,0.0,0.0,NORMAL_DISBURSEMENT_SCHEDULE,NONE,NONE
MPLADS-004044,47.84,75.66,0,0.0,0.0,0.0,0.9254,0.2222,0.0,0.0,NORMAL_DISBURSEMENT_SCHEDULE,NONE,NONE
MPLADS-004045,39.03,64.84,0,0.0,0.0,0.0,0.8781,0.2222,0.0,0.0,NORMAL_DISBURSEMENT_SCHEDULE,NONE,NONE
MPLADS-004046,22.55,37.26,0,0.0,0.0,0.0,0.9628,0.2222,0.0,0.0,NORMAL_DISBURSEMENT_SCHEDULE,NONE,NONE
MPLADS-004047,7.65,12.32,0,0.0,0.0,0.0,0.94,0.2222,0.0,0.0,NORMAL_DISBURSEMENT_SCHEDULE,NONE,NONE
MPLADS-004048,45.4,73.58,0,0.0,0.0,0.0,0.8922,0.25,0.0,0.0,NORMAL_DISBURSEMENT_SCHEDULE,NONE,NONE
MPLADS-004049,42.11,69.36,0,0.0,0.0,0.7027,0.8959,0.2223,0.0,25.0,NORMAL_DISBURSEMENT_SCHEDULE,NONE,NONE
MPLADS-004050,89.18,99.42,1,1.0,2457000.0,0.0,0.9583,0.2222,0.231,50.0,UNVERIFIED_DISBURSEMENT_BURST,PAYMENT_TIMING_ANOMALY,NONE
MPLADS-004051,49.47,76.74,0,0.0,0.0,0.0,0.8643,0.2222,0.0,0.0,NORMAL_DISBURSEMENT_SCHEDULE,NONE,NONE
MPLADS-004052,12.41,21.26,0,0.0,0.0,0.0,0.965,0.2222,0.0,0.0,NORMAL_DISBURSEMENT_SCHEDULE,NONE,NONE
MPLADS-004053,70.82,91.38,0,1.0,3411000.0,0.0,0.9614,0.2222,0.0,50.0,UNVERIFIED_DISBURSEMENT_BURST,NONE,NONE
MPLADS-004054,45.1,73.2,0,0.0,0.0,0.0,0.9781,0.25,0.0,0.0,NORMAL_DISBURSEMENT_SCHEDULE,NONE,NONE
MPLADS-004055,13.77,23.88,0,0.0,0.0,0.0,0.9762,0.2222,0.0,0.0,NORMAL_DISBURSEMENT_SCHEDULE,NONE,NONE
MPLADS-004056,46.31,74.48,0,0.0,0.0,0.0,0.9649,0.25,0.0,0.0,NORMAL_DISBURSEMENT_SCHEDULE,NONE,NONE
MPLADS-004057,32.32,52.7,0,0.0,0.0,0.0,0.8615,0.2222,0.0,0.0,NORMAL_DISBURSEMENT_SCHEDULE,NONE,NONE
MPLADS-004058,33.06,54.02,0,0.0,0.0,0.0,0.9554,0.25,0.0,0.0,NORMAL_DISBURSEMENT_SCHEDULE,NONE,NONE
MPLADS-004059,81.49,97.1,1,1.0,634000.0,0.0,0.9875,0.25,0.0,50.0,UNVERIFIED_DISBURSEMENT_BURST,NONE,NONE
MPLADS-004060,54.95,79.58,0,0.0,0.0,0.0,0.9303,0.2222,0.0,0.0,NORMAL_DISBURSEMENT_SCHEDULE,NONE,NONE
MPLADS-004061,22.96,37.8,0,0.0,0.0,0.0,0.9366,0.2223,0.0,0.0,NORMAL_DISBURSEMENT_SCHEDULE,NONE,NONE
MPLADS-004062,32.8,53.58,0,0.0,0.0,0.0,0.8571,0.2222,0.0,0.0,NORMAL_DISBURSEMENT_SCHEDULE,NONE,NONE
MPLADS-004063,60.32,82.94,0,0.0,0.0,0.9716,0.9423,0.2222,0.0,25.0,STATUTORY_CEILING_SMURFING,NONE,NONE
MPLADS-004064,30.23,48.6,0,0.0,0.0,0.0,0.9314,0.2222,0.0,0.0,NORMAL_DISBURSEMENT_SCHEDULE,NONE,NONE
MPLADS-004065,34.39,56.48,0,0.0,0.0,0.0,0.9629,0.25,0.0,0.0,NORMAL_DISBURSEMENT_SCHEDULE,NONE,NONE
MPLADS-004066,13.03,22.5,0,0.0,0.0,0.0,0.9065,0.2222,0.0,0.0,NORMAL_DISBURSEMENT_SCHEDULE,NONE,NONE
MPLADS-004067,33.74,55.28,0,0.0,0.0,0.0,0.9594,0.2222,0.0,0.0,NORMAL_DISBURSEMENT_SCHEDULE,NONE,NONE
MPLADS-004068,41.19,68.0,0,0.0,0.0,0.0,0.9704,0.25,0.0,0.0,NORMAL_DISBURSEMENT_SCHEDULE,NONE,NONE
MPLADS-004069,42.23,69.58,0,0.0,0.0,0.0,0.8566,0.25,0.0,0.0,NORMAL_DISBURSEMENT_SCHEDULE,NONE,NONE
MPLADS-004070,26.31,41.94,0,0.0,0.0,0.0,0.9708,0.2223,0.0,0.0,NORMAL_DISBURSEMENT_SCHEDULE,NONE,NONE
MPLADS-004071,71.59,91.9,0,0.0,0.0,0.0,0.8508,0.25,0.0,0.0,ELEVATED_PAYMENT_VOLATILITY,NONE,NONE
MPLADS-004072,38.64,64.18,0,0.0,0.0,0.0,0.8615,0.25,0.0,0.0,NORMAL_DISBURSEMENT_SCHEDULE,NONE,NONE
MPLADS-004073,65.29,86.98,0,0.0,0.0,0.0,1.5207,0.2222,0.0,0.0,ELEVATED_PAYMENT_VOLATILITY,NONE,NONE
MPLADS-004074,17.82,30.66,0,0.0,0.0,0.0377,0.8986,0.2222,0.0,25.0,NORMAL_DISBURSEMENT_SCHEDULE,NONE,NONE
MPLADS-004075,45.08,73.18,0,0.0,0.0,0.0,0.9427,0.2222,0.0,0.0,NORMAL_DISBURSEMENT_SCHEDULE,NONE,NONE
MPLADS-004076,11.04,18.66,0,0.0,0.0,0.0,0.8883,0.2222,0.0,0.0,NORMAL_DISBURSEMENT_SCHEDULE,NONE,NONE
MPLADS-004077,76.12,94.1,0,0.0,0.0,0.0,0.8996,0.2222,0.231,0.0,PAYMENT_TIMING_ANOMALY,NONE,NONE
MPLADS-004078,10.43,17.52,0,0.0,0.0,0.0,0.9462,0.2222,0.0,0.0,NORMAL_DISBURSEMENT_SCHEDULE,NONE,NONE
MPLADS-004079,30.64,49.38,0,0.0,0.0,0.0,0.9367,0.25,0.0,0.0,NORMAL_DISBURSEMENT_SCHEDULE,NONE,NONE
MPLADS-004080,41.9,69.02,0,0.0,0.0,0.0,0.9731,0.2222,0.0,0.0,NORMAL_DISBURSEMENT_SCHEDULE,NONE,NONE
MPLADS-004081,1.94,2.74,0,0.0,0.0,0.0,0.887,0.2222,0.0,0.0,NORMAL_DISBURSEMENT_SCHEDULE,NONE,NONE
MPLADS-004082,41.48,68.42,0,0.0,0.0,0.679,0.9648,0.2222,0.0,25.0,NORMAL_DISBURSEMENT_SCHEDULE,NONE,NONE
MPLADS-004083,56.27,80.48,0,0.0,0.0,0.0,0.9365,0.2222,0.0,0.0,NORMAL_DISBURSEMENT_SCHEDULE,NONE,NONE
MPLADS-004084,16.22,28.08,0,0.0,0.0,0.2606,0.9138,0.2222,0.0,25.0,NORMAL_DISBURSEMENT_SCHEDULE,NONE,NONE
MPLADS-004085,39.49,65.5,0,0.0,0.0,0.0,0.9726,0.2222,0.0,0.0,NORMAL_DISBURSEMENT_SCHEDULE,NONE,NONE
MPLADS-004086,12.65,21.74,0,0.0,0.0,0.0,0.9571,0.2223,0.0,0.0,NORMAL_DISBURSEMENT_SCHEDULE,NONE,NONE
MPLADS-004087,12.44,21.32,0,0.0,0.0,0.0,0.9363,0.2222,0.0,0.0,NORMAL_DISBURSEMENT_SCHEDULE,NONE,NONE
MPLADS-004088,1.95,2.76,0,0.0,0.0,0.0,0.9302,0.2222,0.0,0.0,NORMAL_DISBURSEMENT_SCHEDULE,NONE,NONE
MPLADS-004089,82.69,97.72,1,1.0,1482000.0,0.7717,1.0,0.2222,0.0,75.0,UNVERIFIED_DISBURSEMENT_BURST,STATUTORY_CEILING_SMURFING,NONE
MPLADS-004090,4.99,7.6,0,0.0,0.0,0.0,0.9365,0.2222,0.0,0.0,NORMAL_DISBURSEMENT_SCHEDULE,NONE,NONE
MPLADS-004091,45.34,73.5,0,0.0,0.0,0.0,0.8536,0.25,0.0,0.0,NORMAL_DISBURSEMENT_SCHEDULE,NONE,NONE
MPLADS-004092,43.81,71.74,0,0.0,0.0,0.0,0.9162,0.2222,0.0,0.0,NORMAL_DISBURSEMENT_SCHEDULE,NONE,NONE
MPLADS-004093,10.25,17.2,0,0.0,0.0,0.0,0.8613,0.2222,0.0,0.0,NORMAL_DISBURSEMENT_SCHEDULE,NONE,NONE
MPLADS-004094,38.83,64.5,0,0.0,0.0,0.0,0.8646,0.25,0.0,0.0,NORMAL_DISBURSEMENT_SCHEDULE,NONE,NONE
MPLADS-004095,35.96,59.44,0,0.0,0.0,0.0,0.9042,0.25,0.0,0.0,NORMAL_DISBURSEMENT_SCHEDULE,NONE,NONE
MPLADS-004096,41.82,68.9,0,0.0,0.0,0.0,0.9017,0.2222,0.0,25.0,NORMAL_DISBURSEMENT_SCHEDULE,NONE,NONE
MPLADS-004097,12.24,20.92,0,0.0,0.0,0.0,0.9253,0.2222,0.0,0.0,NORMAL_DISBURSEMENT_SCHEDULE,NONE,NONE
MPLADS-004098,39.94,66.22,0,0.0,0.0,0.0,0.8553,0.2222,0.0,0.0,NORMAL_DISBURSEMENT_SCHEDULE,NONE,NONE
MPLADS-004099,23.6,38.62,0,0.0,0.0,0.0,0.9517,0.2222,0.0,0.0,NORMAL_DISBURSEMENT_SCHEDULE,NONE,NONE
MPLADS-004100,0.19,0.16,0,0.0,0.0,0.0,0.9292,0.2222,0.0,0.0,NORMAL_DISBURSEMENT_SCHEDULE,NONE,NONE
MPLADS-004101,2.24,3.2,0,0.0,0.0,0.0,0.8973,0.2222,0.0,0.0,NORMAL_DISBURSEMENT_SCHEDULE,NONE,NONE
MPLADS-004102,13.2,22.8,0,0.0,0.0,0.0,0.9644,0.2222,0.0,0.0,NORMAL_DISBURSEMENT_SCHEDULE,NONE,NONE
MPLADS-004103,6.5,10.18,0,0.0,0.0,0.0,0.9559,0.2222,0.0,0.0,NORMAL_DISBURSEMENT_SCHEDULE,NONE,NONE
MPLADS-004104,40.92,67.58,0,0.0,0.0,0.0,0.9493,0.2222,0.0,0.0,NORMAL_DISBURSEMENT_SCHEDULE,NONE,NONE
MPLADS-004105,44.22,72.24,0,0.0,0.0,0.0,0.9284,0.2222,0.0,0.0,NORMAL_DISBURSEMENT_SCHEDULE,NONE,NONE
MPLADS-004106,72.89,92.62,0,0.0,0.0,0.0,1.4396,0.25,0.0,0.0,ELEVATED_PAYMENT_VOLATILITY,NONE,NONE
MPLADS-004107,41.24,68.08,0,0.0,0.0,0.0,0.8581,0.25,0.0,0.0,NORMAL_DISBURSEMENT_SCHEDULE,NONE,NONE
MPLADS-004108,76.62,94.48,0,0.0,0.0,0.0,0.871,0.2222,0.231,0.0,PAYMENT_TIMING_ANOMALY,NONE,NONE
MPLADS-004109,25.59,41.02,0,0.0,0.0,0.0,0.9107,0.2223,0.0,0.0,NORMAL_DISBURSEMENT_SCHEDULE,NONE,NONE
MPLADS-004110,29.98,48.16,0,0.0,0.0,0.0,0.9224,0.25,0.0,0.0,NORMAL_DISBURSEMENT_SCHEDULE,NONE,NONE
MPLADS-004111,3.11,4.52,0,0.0,0.0,0.0,0.9105,0.2222,0.0,0.0,NORMAL_DISBURSEMENT_SCHEDULE,NONE,NONE
MPLADS-004112,12.91,22.24,0,0.0,0.0,0.0,0.9028,0.2222,0.0,0.0,NORMAL_DISBURSEMENT_SCHEDULE,NONE,NONE
MPLADS-004113,42.92,70.5,0,0.0,0.0,0.0,0.8547,0.25,0.0,0.0,NORMAL_DISBURSEMENT_SCHEDULE,NONE,NONE
MPLADS-004114,27.61,43.88,0,0.0,0.0,0.0,0.9295,0.25,0.0,0.0,NORMAL_DISBURSEMENT_SCHEDULE,NONE,NONE
MPLADS-004115,6.46,10.1,0,0.0,0.0,0.0,0.8654,0.2222,0.0,0.0,NORMAL_DISBURSEMENT_SCHEDULE,NONE,NONE
MPLADS-004116,10.98,18.54,0,0.0,0.0,0.0,0.9723,0.2222,0.0,0.0,NORMAL_DISBURSEMENT_SCHEDULE,NONE,NONE
MPLADS-004117,62.37,84.24,0,0.0,0.0,0.0,0.9691,0.2222,0.231,0.0,PAYMENT_TIMING_ANOMALY,NONE,NONE
MPLADS-004118,21.04,35.28,0,0.0,0.0,0.0,0.955,0.2222,0.0,0.0,NORMAL_DISBURSEMENT_SCHEDULE,NONE,NONE
MPLADS-004119,55.27,79.84,0,0.0,0.0,0.0,0.9285,0.2222,0.0,0.0,NORMAL_DISBURSEMENT_SCHEDULE,NONE,NONE
MPLADS-004120,26.85,42.74,0,0.0,0.0,0.0,0.9098,0.2222,0.0,0.0,NORMAL_DISBURSEMENT_SCHEDULE,NONE,NONE
MPLADS-004121,1.13,1.4,0,0.0,0.0,0.0,0.902,0.2222,0.0,0.0,NORMAL_DISBURSEMENT_SCHEDULE,NONE,NONE
MPLADS-004122,4.5,6.78,0,0.0,0.0,0.0,0.9135,0.2222,0.0,0.0,NORMAL_DISBURSEMENT_SCHEDULE,NONE,NONE
MPLADS-004123,42.67,70.16,0,0.0,0.0,0.0,0.9721,0.25,0.0,0.0,NORMAL_DISBURSEMENT_SCHEDULE,NONE,NONE
MPLADS-004124,4.22,6.34,0,0.0,0.0,0.0,0.9069,0.2222,0.0,0.0,NORMAL_DISBURSEMENT_SCHEDULE,NONE,NONE
MPLADS-004125,67.29,88.86,0,1.0,3601000.0,0.0,0.9293,0.2222,0.0,50.0,UNVERIFIED_DISBURSEMENT_BURST,NONE,NONE
MPLADS-004126,22.82,37.58,0,0.0,0.0,0.0,0.9482,0.2222,0.0,0.0,NORMAL_DISBURSEMENT_SCHEDULE,NONE,NONE
MPLADS-004127,37.5,62.16,0,0.0,0.0,0.0,0.9089,0.25,0.0,0.0,NORMAL_DISBURSEMENT_SCHEDULE,NONE,NONE
MPLADS-004128,2.42,3.48,0,0.0,0.0,0.0,0.9407,0.2222,0.0,0.0,NORMAL_DISBURSEMENT_SCHEDULE,NONE,NONE
MPLADS-004129,32.9,53.78,0,0.0,0.0,0.0,0.8667,0.2222,0.0,0.0,NORMAL_DISBURSEMENT_SCHEDULE,NONE,NONE
MPLADS-004130,1.25,1.58,0,0.0,0.0,0.0,0.897,0.2222,0.0,0.0,NORMAL_DISBURSEMENT_SCHEDULE,NONE,NONE
MPLADS-004131,33.07,54.04,0,0.0,0.0,0.0,0.932,0.25,0.0,0.0,NORMAL_DISBURSEMENT_SCHEDULE,NONE,NONE
MPLADS-004132,16.07,27.82,0,0.0,0.0,0.0,0.979,0.2222,0.0,0.0,NORMAL_DISBURSEMENT_SCHEDULE,NONE,NONE
MPLADS-004133,30.15,48.46,0,0.0,0.0,0.0,0.9051,0.2222,0.0,0.0,NORMAL_DISBURSEMENT_SCHEDULE,NONE,NONE
MPLADS-004134,49.78,76.9,0,0.0,0.0,0.0,1.3264,0.2222,0.0,0.0,NORMAL_DISBURSEMENT_SCHEDULE,NONE,NONE
MPLADS-004135,14.56,25.34,0,0.0,0.0,0.0,0.9146,0.2222,0.0,0.0,NORMAL_DISBURSEMENT_SCHEDULE,NONE,NONE
MPLADS-004136,5.32,8.12,0,0.0,0.0,0.0,0.9192,0.2222,0.0,0.0,NORMAL_DISBURSEMENT_SCHEDULE,NONE,NONE
MPLADS-004137,70.16,91.02,0,1.0,3212000.0,0.0,1.0,0.2222,0.0,50.0,UNVERIFIED_DISBURSEMENT_BURST,NONE,NONE
MPLADS-004138,45.27,73.4,0,0.0,0.0,0.0,0.9393,0.2222,0.0,0.0,NORMAL_DISBURSEMENT_SCHEDULE,NONE,NONE
MPLADS-004139,8.22,13.42,0,0.0,0.0,0.0,0.9254,0.2222,0.0,0.0,NORMAL_DISBURSEMENT_SCHEDULE,NONE,NONE
MPLADS-004140,28.22,44.86,0,0.0,0.0,0.0,0.9377,0.2222,0.0,0.0,NORMAL_DISBURSEMENT_SCHEDULE,NONE,NONE
MPLADS-004141,15.78,27.34,0,0.0,0.0,0.0,0.8561,0.2222,0.0,0.0,NORMAL_DISBURSEMENT_SCHEDULE,NONE,NONE
MPLADS-004142,8.85,14.62,0,0.0,0.0,0.0,0.9069,0.2223,0.0,0.0,NORMAL_DISBURSEMENT_SCHEDULE,NONE,NONE
MPLADS-004143,9.58,15.94,0,0.0,0.0,0.0,0.8833,0.2222,0.0,0.0,NORMAL_DISBURSEMENT_SCHEDULE,NONE,NONE
MPLADS-004144,9.09,15.04,0,0.0,0.0,0.0,0.902,0.2223,0.0,0.0,NORMAL_DISBURSEMENT_SCHEDULE,NONE,NONE
MPLADS-004145,42.69,70.18,0,0.0,0.0,0.0,0.9126,0.2222,0.0,0.0,NORMAL_DISBURSEMENT_SCHEDULE,NONE,NONE
MPLADS-004146,43.86,71.82,0,0.0,0.0,0.0,0.8517,0.25,0.0,0.0,NORMAL_DISBURSEMENT_SCHEDULE,NONE,NONE
MPLADS-004147,82.67,97.7,1,1.0,623000.0,0.0,0.9497,0.25,0.0,50.0,UNVERIFIED_DISBURSEMENT_BURST,NONE,NONE
MPLADS-004148,3.48,5.1,0,0.0,0.0,0.0,0.9653,0.2222,0.0,0.0,NORMAL_DISBURSEMENT_SCHEDULE,NONE,NONE
MPLADS-004149,29.45,47.18,0,0.0,0.0,0.0,0.9296,0.25,0.0,0.0,NORMAL_DISBURSEMENT_SCHEDULE,NONE,NONE
MPLADS-004150,54.82,79.54,0,0.0,0.0,0.0,0.9047,0.2222,0.0,0.0,NORMAL_DISBURSEMENT_SCHEDULE,NONE,NONE
MPLADS-004151,71.21,91.64,0,1.0,1695000.0,0.0,0.9059,0.2222,0.0,50.0,UNVERIFIED_DISBURSEMENT_BURST,NONE,NONE
MPLADS-004152,17.41,30.04,0,0.0,0.0,0.0,0.8886,0.2223,0.0,0.0,NORMAL_DISBURSEMENT_SCHEDULE,NONE,NONE
MPLADS-004153,31.43,50.96,0,0.0,0.0,0.0,0.9282,0.25,0.0,0.0,NORMAL_DISBURSEMENT_SCHEDULE,NONE,NONE
MPLADS-004154,82.55,97.62,1,1.0,854000.0,0.0,1.0,0.25,0.0,50.0,UNVERIFIED_DISBURSEMENT_BURST,NONE,NONE
MPLADS-004155,13.49,23.34,0,0.0,0.0,0.0,0.8794,0.2222,0.0,0.0,NORMAL_DISBURSEMENT_SCHEDULE,NONE,NONE
MPLADS-004156,1.47,1.96,0,0.0,0.0,0.0002,0.9504,0.2222,0.0,25.0,NORMAL_DISBURSEMENT_SCHEDULE,NONE,NONE
MPLADS-004157,15.77,27.32,0,0.0,0.0,0.0,0.9029,0.2222,0.0,0.0,NORMAL_DISBURSEMENT_SCHEDULE,NONE,NONE
MPLADS-004158,27.28,43.38,0,0.0,0.0,0.0,0.9429,0.25,0.0,0.0,NORMAL_DISBURSEMENT_SCHEDULE,NONE,NONE
MPLADS-004159,4.26,6.4,0,0.0,0.0,0.0,0.9761,0.2222,0.0,0.0,NORMAL_DISBURSEMENT_SCHEDULE,NONE,NONE
MPLADS-004160,4.37,6.58,0,0.0,0.0,0.0,0.9689,0.2222,0.0,0.0,NORMAL_DISBURSEMENT_SCHEDULE,NONE,NONE
MPLADS-004161,36.67,60.7,0,0.0,0.0,0.0,0.9592,0.25,0.0,0.0,NORMAL_DISBURSEMENT_SCHEDULE,NONE,NONE
MPLADS-004162,41.75,68.76,0,0.0,0.0,0.0,0.851,0.25,0.0,0.0,NORMAL_DISBURSEMENT_SCHEDULE,NONE,NONE
MPLADS-004163,50.45,77.18,0,0.0,0.0,0.0,1.3273,0.2222,0.0,0.0,NORMAL_DISBURSEMENT_SCHEDULE,NONE,NONE
MPLADS-004164,19.17,32.7,0,0.0,0.0,0.0,0.8902,0.2222,0.0,0.0,NORMAL_DISBURSEMENT_SCHEDULE,NONE,NONE
MPLADS-004165,11.03,18.64,0,0.0,0.0,0.0,0.8632,0.2222,0.0,0.0,NORMAL_DISBURSEMENT_SCHEDULE,NONE,NONE
MPLADS-004166,14.58,25.38,0,0.0,0.0,0.0,0.9169,0.2222,0.0,0.0,NORMAL_DISBURSEMENT_SCHEDULE,NONE,NONE
MPLADS-004167,11.47,19.48,0,0.0,0.0,0.0,0.8558,0.2222,0.0,0.0,NORMAL_DISBURSEMENT_SCHEDULE,NONE,NONE
MPLADS-004168,36.79,60.92,0,0.0,0.0,0.0,0.9518,0.25,0.0,0.0,NORMAL_DISBURSEMENT_SCHEDULE,NONE,NONE
MPLADS-004169,25.29,40.76,0,0.0,0.0,0.0,0.8502,0.2222,0.0,0.0,NORMAL_DISBURSEMENT_SCHEDULE,NONE,NONE
MPLADS-004170,61.18,83.38,0,0.0,0.0,0.0,0.9014,0.2222,0.0,0.0,ELEVATED_PAYMENT_VOLATILITY,NONE,NONE
MPLADS-004171,18.51,31.72,0,0.0,0.0,0.0,0.8735,0.2222,0.0,0.0,NORMAL_DISBURSEMENT_SCHEDULE,NONE,NONE
MPLADS-004172,14.82,25.8,0,0.0,0.0,0.0,0.9584,0.2223,0.0,0.0,NORMAL_DISBURSEMENT_SCHEDULE,NONE,NONE
MPLADS-004173,15.64,27.08,0,0.0,0.0,0.0,0.8532,0.2222,0.0,0.0,NORMAL_DISBURSEMENT_SCHEDULE,NONE,NONE
MPLADS-004174,40.81,67.42,0,0.0,0.0,0.0,0.9306,0.25,0.0,0.0,NORMAL_DISBURSEMENT_SCHEDULE,NONE,NONE
MPLADS-004175,57.3,81.1,0,0.0,0.0,0.0,0.9492,0.2222,0.0,0.0,NORMAL_DISBURSEMENT_SCHEDULE,NONE,NONE
MPLADS-004176,54.48,79.44,0,0.0,0.0,0.0,1.5033,0.2222,0.0,0.0,NORMAL_DISBURSEMENT_SCHEDULE,NONE,NONE
MPLADS-004177,32.38,52.84,0,0.0,0.0,0.0,0.9285,0.2222,0.0,0.0,NORMAL_DISBURSEMENT_SCHEDULE,NONE,NONE
MPLADS-004178,54.97,79.6,0,0.0,0.0,0.0,0.9783,0.2222,0.0,0.0,NORMAL_DISBURSEMENT_SCHEDULE,NONE,NONE
MPLADS-004179,12.22,20.86,0,0.0,0.0,0.0,0.9154,0.2222,0.0,0.0,NORMAL_DISBURSEMENT_SCHEDULE,NONE,NONE
MPLADS-004180,10.75,18.14,0,0.0,0.0,0.0,0.8996,0.2223,0.0,0.0,NORMAL_DISBURSEMENT_SCHEDULE,NONE,NONE
MPLADS-004181,41.81,68.88,0,0.0,0.0,0.5581,0.9062,0.2222,0.0,25.0,NORMAL_DISBURSEMENT_SCHEDULE,NONE,NONE
MPLADS-004182,16.17,27.98,0,0.0,0.0,0.0,0.9231,0.2222,0.0,0.0,NORMAL_DISBURSEMENT_SCHEDULE,NONE,NONE
MPLADS-004183,59.91,82.66,0,0.0,0.0,0.0,0.9795,0.2222,0.0,0.0,NORMAL_DISBURSEMENT_SCHEDULE,NONE,NONE
MPLADS-004184,61.35,83.48,0,1.0,2999000.0,0.0,0.9389,0.2222,0.0,50.0,UNVERIFIED_DISBURSEMENT_BURST,NONE,NONE
MPLADS-004185,7.5,12.04,0,0.0,0.0,0.0,0.8679,0.2222,0.0,0.0,NORMAL_DISBURSEMENT_SCHEDULE,NONE,NONE
MPLADS-004186,82.5,97.58,1,1.0,637000.0,0.0,0.901,0.25,0.0,50.0,UNVERIFIED_DISBURSEMENT_BURST,NONE,NONE
MPLADS-004187,40.64,67.2,0,0.0,0.0,0.0,0.9665,0.25,0.0,0.0,NORMAL_DISBURSEMENT_SCHEDULE,NONE,NONE
MPLADS-004188,17.31,29.88,0,0.0,0.0,0.0,0.9583,0.2222,0.0,0.0,NORMAL_DISBURSEMENT_SCHEDULE,NONE,NONE
MPLADS-004189,3.86,5.74,0,0.0,0.0,0.0,0.8988,0.2222,0.0,0.0,NORMAL_DISBURSEMENT_SCHEDULE,NONE,NONE
MPLADS-004190,62.56,84.42,0,1.0,2888000.0,0.0,0.9509,0.2222,0.0,50.0,UNVERIFIED_DISBURSEMENT_BURST,NONE,NONE
MPLADS-004191,29.92,48.06,0,0.0,0.0,0.0,0.8598,0.2223,0.0,0.0,NORMAL_DISBURSEMENT_SCHEDULE,NONE,NONE
MPLADS-004192,60.08,82.78,0,0.0,0.0,0.0,0.9276,0.2222,0.231,0.0,PAYMENT_TIMING_ANOMALY,NONE,NONE
MPLADS-004193,26.82,42.7,0,0.0,0.0,0.0,0.9233,0.2222,0.0,0.0,NORMAL_DISBURSEMENT_SCHEDULE,NONE,NONE
MPLADS-004194,33.86,55.52,0,0.0,0.0,0.0,0.9555,0.2222,0.0,0.0,NORMAL_DISBURSEMENT_SCHEDULE,NONE,NONE
MPLADS-004195,32.24,52.54,0,0.0,0.0,0.0,0.9005,0.2222,0.0,0.0,NORMAL_DISBURSEMENT_SCHEDULE,NONE,NONE
MPLADS-004196,13.73,23.8,0,0.0,0.0,0.0,0.8872,0.2222,0.0,0.0,NORMAL_DISBURSEMENT_SCHEDULE,NONE,NONE
MPLADS-004197,65.81,87.5,0,0.0,0.0,0.0,0.8509,0.25,0.0,0.0,ELEVATED_PAYMENT_VOLATILITY,NONE,NONE
MPLADS-004198,5.84,9.02,0,0.0,0.0,0.0,0.9073,0.2222,0.0,0.0,NORMAL_DISBURSEMENT_SCHEDULE,NONE,NONE
MPLADS-004199,27.6,43.86,0,0.0,0.0,0.0,0.8881,0.25,0.0,0.0,NORMAL_DISBURSEMENT_SCHEDULE,NONE,NONE
MPLADS-004200,27.39,43.5,0,0.0,0.0,0.0,0.9137,0.25,0.0,0.0,NORMAL_DISBURSEMENT_SCHEDULE,NONE,NONE
MPLADS-004201,42.34,69.7,0,0.0,0.0,0.0,0.926,0.2222,0.0,0.0,NORMAL_DISBURSEMENT_SCHEDULE,NONE,NONE
MPLADS-004202,38.34,63.66,0,0.0,0.0,0.0,0.8609,0.25,0.0,0.0,NORMAL_DISBURSEMENT_SCHEDULE,NONE,NONE
MPLADS-004203,28.18,44.8,0,0.0,0.0,0.0,0.8849,0.2222,0.0,0.0,NORMAL_DISBURSEMENT_SCHEDULE,NONE,NONE
MPLADS-004204,59.58,82.48,0,0.0,0.0,0.0,0.8971,0.2222,0.231,0.0,NORMAL_DISBURSEMENT_SCHEDULE,NONE,NONE
MPLADS-004205,24.4,39.62,0,0.0,0.0,0.0,0.8548,0.2222,0.0,0.0,NORMAL_DISBURSEMENT_SCHEDULE,NONE,NONE
MPLADS-004206,84.13,98.38,1,1.0,1200000.0,0.0,0.982,0.2222,0.0,75.0,UNVERIFIED_DISBURSEMENT_BURST,ROUND_NUMBER_DISBURSEMENT_CONCENTRATION,NONE
MPLADS-004207,34.13,56.04,0,0.0,0.0,0.5103,0.913,0.2223,0.0,25.0,NORMAL_DISBURSEMENT_SCHEDULE,NONE,NONE
MPLADS-004208,12.96,22.34,0,0.0,0.0,0.0,0.8642,0.2222,0.0,0.0,NORMAL_DISBURSEMENT_SCHEDULE,NONE,NONE
MPLADS-004209,2.71,3.94,0,0.0,0.0,0.0,0.9514,0.2222,0.0,0.0,NORMAL_DISBURSEMENT_SCHEDULE,NONE,NONE
MPLADS-004210,55.13,79.76,0,0.0,0.0,0.0,0.9156,0.2222,0.0,0.0,NORMAL_DISBURSEMENT_SCHEDULE,NONE,NONE
MPLADS-004211,5.52,8.42,0,0.0,0.0,0.0,0.8911,0.2222,0.0,0.0,NORMAL_DISBURSEMENT_SCHEDULE,NONE,NONE
MPLADS-004212,16.31,28.26,0,0.0,0.0,0.0,0.932,0.2222,0.0,0.0,NORMAL_DISBURSEMENT_SCHEDULE,NONE,NONE
MPLADS-004213,39.98,66.28,0,0.0,0.0,0.0,0.9176,0.25,0.0,0.0,NORMAL_DISBURSEMENT_SCHEDULE,NONE,NONE
MPLADS-004214,26.88,42.8,0,0.0,0.0,0.0,0.9273,0.25,0.0,0.0,NORMAL_DISBURSEMENT_SCHEDULE,NONE,NONE
MPLADS-004215,9.23,15.3,0,0.0,0.0,0.0,0.8531,0.2222,0.0,0.0,NORMAL_DISBURSEMENT_SCHEDULE,NONE,NONE
MPLADS-004216,20.93,35.12,0,0.0,0.0,0.0,0.9497,0.2222,0.0,0.0,NORMAL_DISBURSEMENT_SCHEDULE,NONE,NONE
MPLADS-004217,13.74,23.82,0,0.0,0.0,0.0,0.9625,0.2222,0.0,0.0,NORMAL_DISBURSEMENT_SCHEDULE,NONE,NONE
MPLADS-004218,36.83,61.0,0,0.0,0.0,0.0055,0.8556,0.2222,0.0,25.0,NORMAL_DISBURSEMENT_SCHEDULE,NONE,NONE
MPLADS-004219,6.22,9.68,0,0.0,0.0,0.0,0.9258,0.2222,0.0,0.0,NORMAL_DISBURSEMENT_SCHEDULE,NONE,NONE
MPLADS-004220,16.92,29.24,0,0.0,0.0,0.0,0.9573,0.2223,0.0,0.0,NORMAL_DISBURSEMENT_SCHEDULE,NONE,NONE
MPLADS-004221,0.66,0.7,0,0.0,0.0,0.0,0.9296,0.2222,0.0,0.0,NORMAL_DISBURSEMENT_SCHEDULE,NONE,NONE
MPLADS-004222,40.23,66.7,0,0.0,0.0,0.0,0.9491,0.25,0.0,0.0,NORMAL_DISBURSEMENT_SCHEDULE,NONE,NONE
MPLADS-004223,7.53,12.1,0,0.0,0.0,0.0,0.8813,0.2222,0.0,0.0,NORMAL_DISBURSEMENT_SCHEDULE,NONE,NONE
MPLADS-004224,45.32,73.48,0,0.0,0.0,0.0,0.8555,0.2222,0.0,0.0,NORMAL_DISBURSEMENT_SCHEDULE,NONE,NONE
MPLADS-004225,7.31,11.66,0,0.0,0.0,0.0,0.9093,0.2222,0.0,0.0,NORMAL_DISBURSEMENT_SCHEDULE,NONE,NONE
MPLADS-004226,89.47,99.44,1,1.0,1738000.0,0.0,0.9309,0.2222,0.231,50.0,UNVERIFIED_DISBURSEMENT_BURST,PAYMENT_TIMING_ANOMALY,NONE
MPLADS-004227,47.02,75.06,0,0.0,0.0,0.0,0.8515,0.2222,0.0,0.0,NORMAL_DISBURSEMENT_SCHEDULE,NONE,NONE
MPLADS-004228,40.99,67.7,0,0.0,0.0,0.0,0.9762,0.2222,0.0,0.0,NORMAL_DISBURSEMENT_SCHEDULE,NONE,NONE
MPLADS-004229,14.83,25.82,0,0.0,0.0,0.0,0.8815,0.2222,0.0,0.0,NORMAL_DISBURSEMENT_SCHEDULE,NONE,NONE
MPLADS-004230,6.96,11.04,0,0.0,0.0,0.0,0.8971,0.2222,0.0,0.0,NORMAL_DISBURSEMENT_SCHEDULE,NONE,NONE
MPLADS-004231,10.3,17.3,0,0.0,0.0,0.0,0.9249,0.2222,0.0,0.0,NORMAL_DISBURSEMENT_SCHEDULE,NONE,NONE
MPLADS-004232,78.3,95.48,1,1.0,10567000.0,0.0,0.972,0.2222,0.0,50.0,UNVERIFIED_DISBURSEMENT_BURST,NONE,NONE
MPLADS-004233,17.97,30.86,0,0.0,0.0,0.0,0.8543,0.2222,0.0,0.0,NORMAL_DISBURSEMENT_SCHEDULE,NONE,NONE
MPLADS-004234,0.58,0.58,0,0.0,0.0,0.0,0.9317,0.2222,0.0,0.0,NORMAL_DISBURSEMENT_SCHEDULE,NONE,NONE
MPLADS-004235,63.96,85.64,0,1.0,2652000.0,0.0,0.9811,0.2222,0.0,50.0,UNVERIFIED_DISBURSEMENT_BURST,NONE,NONE
MPLADS-004236,33.13,54.16,0,0.0,0.0,0.0,0.9506,0.25,0.0,0.0,NORMAL_DISBURSEMENT_SCHEDULE,NONE,NONE
MPLADS-004237,67.95,89.38,0,0.0,0.0,0.0,0.5202,0.25,0.0,0.0,ELEVATED_PAYMENT_VOLATILITY,NONE,NONE
MPLADS-004238,11.53,19.6,0,0.0,0.0,0.0,0.9207,0.2222,0.0,0.0,NORMAL_DISBURSEMENT_SCHEDULE,NONE,NONE
MPLADS-004239,8.92,14.74,0,0.0,0.0,0.0,0.8757,0.2222,0.0,0.0,NORMAL_DISBURSEMENT_SCHEDULE,NONE,NONE
MPLADS-004240,30.09,48.34,0,0.0,0.0,0.0,0.9321,0.25,0.0,0.0,NORMAL_DISBURSEMENT_SCHEDULE,NONE,NONE
MPLADS-004241,21.15,35.38,0,0.0,0.0,0.0,0.8881,0.2222,0.0,0.0,NORMAL_DISBURSEMENT_SCHEDULE,NONE,NONE
MPLADS-004242,9.19,15.22,0,0.0,0.0,0.0,0.8537,0.2222,0.0,0.0,NORMAL_DISBURSEMENT_SCHEDULE,NONE,NONE
MPLADS-004243,28.42,45.22,0,0.0,0.0,0.0,0.9365,0.25,0.0,0.0,NORMAL_DISBURSEMENT_SCHEDULE,NONE,NONE
MPLADS-004244,37.18,61.6,0,0.0,0.0,0.0,0.8764,0.2222,0.0,0.0,NORMAL_DISBURSEMENT_SCHEDULE,NONE,NONE
MPLADS-004245,41.47,68.39,0,0.0,0.0,0.0,0.8852,0.25,0.0,0.0,NORMAL_DISBURSEMENT_SCHEDULE,NONE,NONE
MPLADS-004246,7.72,12.46,0,0.0,0.0,0.0,0.9236,0.2222,0.0,0.0,NORMAL_DISBURSEMENT_SCHEDULE,NONE,NONE
MPLADS-004247,18.44,31.6,0,0.0,0.0,0.0,0.8739,0.2222,0.0,0.0,NORMAL_DISBURSEMENT_SCHEDULE,NONE,NONE
MPLADS-004248,26.62,42.42,0,0.0,0.0,0.0,0.9711,0.2223,0.0,0.0,NORMAL_DISBURSEMENT_SCHEDULE,NONE,NONE
MPLADS-004249,37.2,61.64,0,0.0,0.0,0.0,0.8858,0.2222,0.0,0.0,NORMAL_DISBURSEMENT_SCHEDULE,NONE,NONE
MPLADS-004250,32.1,52.28,0,0.0,0.0,0.0,0.9118,0.2222,0.0,0.0,NORMAL_DISBURSEMENT_SCHEDULE,NONE,NONE
MPLADS-004251,40.19,66.62,0,0.0,0.0,0.0,0.9701,0.2222,0.0,25.0,NORMAL_DISBURSEMENT_SCHEDULE,NONE,NONE
MPLADS-004252,79.42,96.02,1,1.0,572000.0,0.0,0.8654,0.25,0.0,50.0,UNVERIFIED_DISBURSEMENT_BURST,NONE,NONE
MPLADS-004253,51.98,78.04,0,0.0,0.0,0.0,0.8651,0.25,0.0,0.0,NORMAL_DISBURSEMENT_SCHEDULE,NONE,NONE
MPLADS-004254,7.48,12.0,0,0.0,0.0,0.0009,0.8886,0.2222,0.0,25.0,NORMAL_DISBURSEMENT_SCHEDULE,NONE,NONE
MPLADS-004255,14.11,24.54,0,0.0,0.0,0.0,0.9517,0.2222,0.0,0.0,NORMAL_DISBURSEMENT_SCHEDULE,NONE,NONE
MPLADS-004256,3.64,5.38,0,0.0,0.0,0.0,0.8995,0.2222,0.0,0.0,NORMAL_DISBURSEMENT_SCHEDULE,NONE,NONE
MPLADS-004257,36.29,60.0,0,0.0,0.0,0.0,0.9515,0.2222,0.0,0.0,NORMAL_DISBURSEMENT_SCHEDULE,NONE,NONE
MPLADS-004258,33.09,54.08,0,0.0,0.0,0.0,0.8871,0.25,0.0,0.0,NORMAL_DISBURSEMENT_SCHEDULE,NONE,NONE
MPLADS-004259,60.25,82.9,0,0.0,0.0,0.0,1.43,0.2222,0.0,0.0,ELEVATED_PAYMENT_VOLATILITY,NONE,NONE
MPLADS-004260,13.15,22.72,0,0.0,0.0,0.0,0.9176,0.2223,0.0,0.0,NORMAL_DISBURSEMENT_SCHEDULE,NONE,NONE
MPLADS-004261,18.67,31.96,0,0.0,0.0,0.0889,0.8916,0.2222,0.0,25.0,NORMAL_DISBURSEMENT_SCHEDULE,NONE,NONE
MPLADS-004262,22.93,37.74,0,0.0,0.0,0.0,0.889,0.2223,0.0,0.0,NORMAL_DISBURSEMENT_SCHEDULE,NONE,NONE
MPLADS-004263,22.33,36.98,0,0.0,0.0,0.0,0.8607,0.2222,0.0,0.0,NORMAL_DISBURSEMENT_SCHEDULE,NONE,NONE
MPLADS-004264,14.59,25.4,0,0.0,0.0,0.0,0.9783,0.2222,0.0,0.0,NORMAL_DISBURSEMENT_SCHEDULE,NONE,NONE
MPLADS-004265,32.79,53.54,0,0.0,0.0,0.0,0.9291,0.25,0.0,0.0,NORMAL_DISBURSEMENT_SCHEDULE,NONE,NONE
MPLADS-004266,10.29,17.28,0,0.0,0.0,0.0,0.9074,0.2222,0.0,0.0,NORMAL_DISBURSEMENT_SCHEDULE,NONE,NONE
MPLADS-004267,82.6,97.64,1,1.0,331000.0,0.0,0.8711,0.25,0.0,50.0,UNVERIFIED_DISBURSEMENT_BURST,NONE,NONE
MPLADS-004268,33.79,55.38,0,0.0,0.0,0.0,0.8694,0.25,0.0,0.0,NORMAL_DISBURSEMENT_SCHEDULE,NONE,NONE
MPLADS-004269,50.6,77.26,0,0.0,0.0,0.9616,0.9672,0.2222,0.0,25.0,NORMAL_DISBURSEMENT_SCHEDULE,NONE,NONE
MPLADS-004270,2.92,4.26,0,0.0,0.0,0.0,0.9079,0.2222,0.0,0.0,NORMAL_DISBURSEMENT_SCHEDULE,NONE,NONE
MPLADS-004271,43.9,71.84,0,0.0,0.0,0.0,0.9479,0.2222,0.0,0.0,NORMAL_DISBURSEMENT_SCHEDULE,NONE,NONE
MPLADS-004272,80.37,96.52,1,0.0,0.0,0.0,0.953,0.2222,0.231,0.0,PAYMENT_TIMING_ANOMALY,NONE,NONE
MPLADS-004273,88.26,99.34,1,1.0,1092000.0,0.0,0.8598,0.2222,0.231,50.0,UNVERIFIED_DISBURSEMENT_BURST,PAYMENT_TIMING_ANOMALY,NONE
MPLADS-004274,35.69,58.93,0,0.0,0.0,0.0,0.9752,0.25,0.0,0.0,NORMAL_DISBURSEMENT_SCHEDULE,NONE,NONE
MPLADS-004275,92.19,99.56,1,0.0,0.0,0.0,0.4232,0.25,0.0,0.0,ELEVATED_PAYMENT_VOLATILITY,NONE,NONE
MPLADS-004276,12.4,21.24,0,0.0,0.0,0.0,0.9595,0.2222,0.0,0.0,NORMAL_DISBURSEMENT_SCHEDULE,NONE,NONE
MPLADS-004277,58.83,82.02,0,0.0,0.0,0.0,0.9693,0.2223,0.0,0.0,NORMAL_DISBURSEMENT_SCHEDULE,NONE,NONE
MPLADS-004278,73.94,93.2,0,0.0,0.0,0.0,0.9433,0.2222,0.231,0.0,PAYMENT_TIMING_ANOMALY,NONE,NONE
MPLADS-004279,39.26,65.18,0,0.0,0.0,0.0,0.8664,0.25,0.0,0.0,NORMAL_DISBURSEMENT_SCHEDULE,NONE,NONE
MPLADS-004280,24.98,40.34,0,0.0,0.0,0.1057,0.917,0.2222,0.0,25.0,NORMAL_DISBURSEMENT_SCHEDULE,NONE,NONE
MPLADS-004281,30.2,48.54,0,0.0,0.0,0.0,0.9697,0.2222,0.0,0.0,NORMAL_DISBURSEMENT_SCHEDULE,NONE,NONE
MPLADS-004282,35.64,58.84,0,0.0,0.0,0.0,0.8754,0.25,0.0,0.0,NORMAL_DISBURSEMENT_SCHEDULE,NONE,NONE
MPLADS-004283,8.06,13.08,0,0.0,0.0,0.0,0.9186,0.2223,0.0,0.0,NORMAL_DISBURSEMENT_SCHEDULE,NONE,NONE
MPLADS-004284,0.83,0.9,0,0.0,0.0,0.0,0.9148,0.2222,0.0,0.0,NORMAL_DISBURSEMENT_SCHEDULE,NONE,NONE
MPLADS-004285,64.97,86.68,0,0.0,0.0,0.0,0.9618,0.2222,0.231,0.0,PAYMENT_TIMING_ANOMALY,NONE,NONE
MPLADS-004286,36.73,60.8,0,0.0,0.0,0.0,0.8936,0.25,0.0,0.0,NORMAL_DISBURSEMENT_SCHEDULE,NONE,NONE
MPLADS-004287,38.41,63.8,0,0.0,0.0,0.0,0.9176,0.2222,0.0,0.0,NORMAL_DISBURSEMENT_SCHEDULE,NONE,NONE
MPLADS-004288,1.5,2.02,0,0.0,0.0,0.0,0.8928,0.2222,0.0,0.0,NORMAL_DISBURSEMENT_SCHEDULE,NONE,NONE
MPLADS-004289,2.86,4.14,0,0.0,0.0,0.0,0.9625,0.2222,0.0,0.0,NORMAL_DISBURSEMENT_SCHEDULE,NONE,NONE
MPLADS-004290,68.61,89.98,0,1.0,1574000.0,0.0,0.8578,0.2223,0.0,50.0,UNVERIFIED_DISBURSEMENT_BURST,NONE,NONE
MPLADS-004291,12.76,21.94,0,0.0,0.0,0.0,0.8505,0.2222,0.0,0.0,NORMAL_DISBURSEMENT_SCHEDULE,NONE,NONE
MPLADS-004292,31.4,50.88,0,0.0,0.0,0.0,0.8675,0.2223,0.0,0.0,NORMAL_DISBURSEMENT_SCHEDULE,NONE,NONE
MPLADS-004293,4.67,7.06,0,0.0,0.0,0.0,0.9091,0.2222,0.0,0.0,NORMAL_DISBURSEMENT_SCHEDULE,NONE,NONE
MPLADS-004294,31.25,50.58,0,0.0,0.0,0.0,0.8697,0.2222,0.0,0.0,NORMAL_DISBURSEMENT_SCHEDULE,NONE,NONE
MPLADS-004295,8.45,13.88,0,0.0,0.0,0.0,0.9339,0.2222,0.0,0.0,NORMAL_DISBURSEMENT_SCHEDULE,NONE,NONE
MPLADS-004296,30.97,50.04,0,0.0,0.0,0.0,0.9262,0.25,0.0,0.0,NORMAL_DISBURSEMENT_SCHEDULE,NONE,NONE
MPLADS-004297,79.08,95.78,1,1.0,487000.0,0.0,0.9259,0.25,0.0,50.0,UNVERIFIED_DISBURSEMENT_BURST,NONE,NONE
MPLADS-004298,37.84,62.82,0,0.0,0.0,0.0,0.9564,0.2222,0.0,0.0,NORMAL_DISBURSEMENT_SCHEDULE,NONE,NONE
MPLADS-004299,67.2,88.78,0,0.0,0.0,0.0,0.864,0.25,0.0,0.0,ELEVATED_PAYMENT_VOLATILITY,NONE,NONE
MPLADS-004300,48.91,76.34,0,0.0,0.0,0.0,0.9384,0.2222,0.0,0.0,NORMAL_DISBURSEMENT_SCHEDULE,NONE,NONE
MPLADS-004301,12.17,20.76,0,0.0,0.0,0.0,0.8898,0.2222,0.0,0.0,NORMAL_DISBURSEMENT_SCHEDULE,NONE,NONE
MPLADS-004302,30.5,49.12,0,0.0,0.0,0.0,0.9503,0.25,0.0,0.0,NORMAL_DISBURSEMENT_SCHEDULE,NONE,NONE
MPLADS-004303,76.56,94.44,0,0.0,0.0,0.0,0.9461,0.2222,0.231,0.0,PAYMENT_TIMING_ANOMALY,NONE,NONE
MPLADS-004304,66.45,88.12,0,1.0,1278000.0,0.0222,0.8931,0.2222,0.0,75.0,UNVERIFIED_DISBURSEMENT_BURST,STATUTORY_CEILING_SMURFING,NONE
MPLADS-004305,24.44,39.66,0,0.0,0.0,0.0,0.8801,0.2223,0.0,0.0,NORMAL_DISBURSEMENT_SCHEDULE,NONE,NONE
MPLADS-004306,62.02,83.96,0,0.0,0.0,0.0,0.8715,0.2222,0.231,0.0,PAYMENT_TIMING_ANOMALY,NONE,NONE
MPLADS-004307,27.6,43.84,0,0.0,0.0,0.0,0.9246,0.2222,0.0,0.0,NORMAL_DISBURSEMENT_SCHEDULE,NONE,NONE
MPLADS-004308,14.66,25.54,0,0.0,0.0,0.0,0.8532,0.2222,0.0,0.0,NORMAL_DISBURSEMENT_SCHEDULE,NONE,NONE
MPLADS-004309,34.07,55.92,0,0.0,0.0,0.0,0.8886,0.25,0.0,0.0,NORMAL_DISBURSEMENT_SCHEDULE,NONE,NONE
MPLADS-004310,14.15,24.6,0,0.0,0.0,0.0,0.9201,0.2222,0.0,0.0,NORMAL_DISBURSEMENT_SCHEDULE,NONE,NONE
MPLADS-004311,19.8,33.6,0,0.0,0.0,0.0,0.9764,0.2222,0.0,0.0,NORMAL_DISBURSEMENT_SCHEDULE,NONE,NONE
MPLADS-004312,34.22,56.18,0,0.0,0.0,0.0,0.8955,0.25,0.0,0.0,NORMAL_DISBURSEMENT_SCHEDULE,NONE,NONE
MPLADS-004313,17.53,30.2,0,0.0,0.0,0.0,0.9745,0.2222,0.0,0.0,NORMAL_DISBURSEMENT_SCHEDULE,NONE,NONE
MPLADS-004314,72.99,92.64,0,0.0,0.0,0.0,1.5466,0.2222,0.0,0.0,ELEVATED_PAYMENT_VOLATILITY,NONE,NONE
MPLADS-004315,34.42,56.54,0,0.0,0.0,0.0,0.8593,0.2222,0.0,0.0,NORMAL_DISBURSEMENT_SCHEDULE,NONE,NONE
MPLADS-004316,33.14,54.18,0,0.0,0.0,0.0,0.8565,0.2222,0.0,0.0,NORMAL_DISBURSEMENT_SCHEDULE,NONE,NONE
MPLADS-004317,9.08,15.02,0,0.0,0.0,0.0001,0.8754,0.2222,0.0,25.0,NORMAL_DISBURSEMENT_SCHEDULE,NONE,NONE
MPLADS-004318,47.79,75.62,0,0.0,0.0,0.9231,0.9,0.2222,0.0,25.0,NORMAL_DISBURSEMENT_SCHEDULE,NONE,NONE
MPLADS-004319,11.02,18.62,0,0.0,0.0,0.0,0.8889,0.2222,0.0,0.0,NORMAL_DISBURSEMENT_SCHEDULE,NONE,NONE
MPLADS-004320,23.57,38.58,0,0.0,0.0,0.0,0.88,0.2222,0.0,0.0,NORMAL_DISBURSEMENT_SCHEDULE,NONE,NONE
MPLADS-004321,33.88,55.56,0,0.0,0.0,0.0,0.9297,0.25,0.0,0.0,NORMAL_DISBURSEMENT_SCHEDULE,NONE,NONE
MPLADS-004322,43.37,71.16,0,0.0,0.0,0.0,0.9706,0.25,0.0,0.0,NORMAL_DISBURSEMENT_SCHEDULE,NONE,NONE
MPLADS-004323,49.45,76.72,0,0.0,0.0,0.0,1.2952,0.2222,0.0,0.0,NORMAL_DISBURSEMENT_SCHEDULE,NONE,NONE
MPLADS-004324,41.02,67.76,0,0.0,0.0,0.0,0.8524,0.2222,0.0,0.0,NORMAL_DISBURSEMENT_SCHEDULE,NONE,NONE
MPLADS-004325,24.87,40.2,0,0.0,0.0,0.0,0.9777,0.2223,0.0,0.0,NORMAL_DISBURSEMENT_SCHEDULE,NONE,NONE
MPLADS-004326,26.86,42.78,0,0.0,0.0,0.0,0.967,0.2223,0.0,0.0,NORMAL_DISBURSEMENT_SCHEDULE,NONE,NONE
MPLADS-004327,42.12,69.38,0,0.0,0.0,0.0,0.9758,0.2222,0.0,0.0,NORMAL_DISBURSEMENT_SCHEDULE,NONE,NONE
MPLADS-004328,33.94,55.68,0,0.0,0.0,0.0,0.88,0.2222,0.0,0.0,NORMAL_DISBURSEMENT_SCHEDULE,NONE,NONE
MPLADS-004329,47.55,75.42,0,0.0,0.0,0.0,0.8628,0.2222,0.0,0.0,NORMAL_DISBURSEMENT_SCHEDULE,NONE,NONE
MPLADS-004330,42.6,70.1,0,0.0,0.0,0.0,0.8552,0.25,0.0,0.0,NORMAL_DISBURSEMENT_SCHEDULE,NONE,NONE
MPLADS-004331,12.3,21.04,0,0.0,0.0,0.0,0.8988,0.2223,0.0,0.0,NORMAL_DISBURSEMENT_SCHEDULE,NONE,NONE
MPLADS-004332,1.44,1.9,0,0.0,0.0,0.0,0.9282,0.2222,0.0,0.0,NORMAL_DISBURSEMENT_SCHEDULE,NONE,NONE
MPLADS-004333,76.78,94.56,0,0.0,0.0,0.0,0.8519,0.2222,0.231,0.0,PAYMENT_TIMING_ANOMALY,NONE,NONE
MPLADS-004334,14.88,25.9,0,0.0,0.0,0.0,0.861,0.2223,0.0,0.0,NORMAL_DISBURSEMENT_SCHEDULE,NONE,NONE
MPLADS-004335,52.73,78.46,0,0.0,0.0,0.0,0.8668,0.2222,0.0,0.0,NORMAL_DISBURSEMENT_SCHEDULE,NONE,NONE
MPLADS-004336,4.3,6.48,0,0.0,0.0,0.0,0.9743,0.2222,0.0,0.0,NORMAL_DISBURSEMENT_SCHEDULE,NONE,NONE
MPLADS-004337,13.35,23.08,0,0.0,0.0,0.0,0.8537,0.2222,0.0,0.0,NORMAL_DISBURSEMENT_SCHEDULE,NONE,NONE
MPLADS-004338,21.8,36.24,0,0.0,0.0,0.0,0.9238,0.2222,0.0,0.0,NORMAL_DISBURSEMENT_SCHEDULE,NONE,NONE
MPLADS-004339,66.15,87.88,0,0.0,0.0,0.0,0.9069,0.2222,0.231,0.0,PAYMENT_TIMING_ANOMALY,NONE,NONE
MPLADS-004340,36.53,60.42,0,0.0,0.0,0.0,0.8807,0.25,0.0,0.0,NORMAL_DISBURSEMENT_SCHEDULE,NONE,NONE
MPLADS-004341,40.99,67.68,0,0.0,0.0,0.0,0.8574,0.25,0.0,0.0,NORMAL_DISBURSEMENT_SCHEDULE,NONE,NONE
MPLADS-004342,12.26,20.96,0,0.0,0.0,0.0,0.9689,0.2222,0.0,0.0,NORMAL_DISBURSEMENT_SCHEDULE,NONE,NONE
MPLADS-004343,9.64,16.04,0,0.0,0.0,0.0,0.8635,0.2222,0.0,0.0,NORMAL_DISBURSEMENT_SCHEDULE,NONE,NONE
MPLADS-004344,32.47,53.0,0,0.0,0.0,0.0,0.8852,0.2222,0.0,0.0,NORMAL_DISBURSEMENT_SCHEDULE,NONE,NONE
MPLADS-004345,36.75,60.84,0,0.0,0.0,0.0,0.9508,0.2222,0.0,0.0,NORMAL_DISBURSEMENT_SCHEDULE,NONE,NONE
MPLADS-004346,0.28,0.22,0,0.0,0.0,0.0013,0.9074,0.2222,0.0,25.0,NORMAL_DISBURSEMENT_SCHEDULE,NONE,NONE
MPLADS-004347,12.28,20.98,0,0.0,0.0,0.0,0.9771,0.2222,0.0,0.0,NORMAL_DISBURSEMENT_SCHEDULE,NONE,NONE
MPLADS-004348,46.66,74.78,0,0.0,0.0,0.0,0.9309,0.2222,0.0,0.0,NORMAL_DISBURSEMENT_SCHEDULE,NONE,NONE
MPLADS-004349,23.0,37.84,0,0.0,0.0,0.0,0.8566,0.2222,0.0,0.0,NORMAL_DISBURSEMENT_SCHEDULE,NONE,NONE
MPLADS-004350,45.71,73.92,0,0.0,0.0,0.0,0.9642,0.2222,0.0,0.0,NORMAL_DISBURSEMENT_SCHEDULE,NONE,NONE
MPLADS-004351,6.32,9.88,0,0.0,0.0,0.0,0.8853,0.2222,0.0,0.0,NORMAL_DISBURSEMENT_SCHEDULE,NONE,NONE
MPLADS-004352,28.76,45.84,0,0.0,0.0,0.1057,0.9544,0.2222,0.0,25.0,NORMAL_DISBURSEMENT_SCHEDULE,NONE,NONE
MPLADS-004353,10.72,18.08,0,0.0,0.0,0.0,0.9554,0.2222,0.0,0.0,NORMAL_DISBURSEMENT_SCHEDULE,NONE,NONE
MPLADS-004354,41.17,67.96,0,0.0,0.0,0.0,0.8598,0.25,0.0,0.0,NORMAL_DISBURSEMENT_SCHEDULE,NONE,NONE
MPLADS-004355,77.32,94.84,0,1.0,14293000.0,0.0,0.953,0.2222,0.0,75.0,UNVERIFIED_DISBURSEMENT_BURST,STATUTORY_CEILING_SMURFING,NONE
MPLADS-004356,50.09,77.04,0,0.0,0.0,0.0,0.9326,0.2223,0.0,0.0,NORMAL_DISBURSEMENT_SCHEDULE,NONE,NONE
MPLADS-004357,28.85,46.02,0,0.0,0.0,0.0,0.9338,0.25,0.0,0.0,NORMAL_DISBURSEMENT_SCHEDULE,NONE,NONE
MPLADS-004358,36.82,60.98,0,0.0,0.0,0.0,0.9643,0.25,0.0,0.0,NORMAL_DISBURSEMENT_SCHEDULE,NONE,NONE
MPLADS-004359,11.05,18.68,0,0.0,0.0,0.0,0.8762,0.2222,0.0,0.0,NORMAL_DISBURSEMENT_SCHEDULE,NONE,NONE
MPLADS-004360,35.3,58.22,0,0.0,0.0,0.0,0.9284,0.25,0.0,0.0,NORMAL_DISBURSEMENT_SCHEDULE,NONE,NONE
MPLADS-004361,29.59,47.44,0,0.0,0.0,0.0,0.8559,0.2222,0.0,0.0,NORMAL_DISBURSEMENT_SCHEDULE,NONE,NONE
MPLADS-004362,20.76,34.92,0,0.0,0.0,0.0,0.8775,0.2222,0.0,0.0,NORMAL_DISBURSEMENT_SCHEDULE,NONE,NONE
MPLADS-004363,22.74,37.48,0,0.0,0.0,0.0,0.9347,0.2222,0.0,0.0,NORMAL_DISBURSEMENT_SCHEDULE,NONE,NONE
MPLADS-004364,22.3,36.92,0,0.0,0.0,0.0,0.9249,0.2223,0.0,0.0,NORMAL_DISBURSEMENT_SCHEDULE,NONE,NONE
MPLADS-004365,77.06,94.7,0,0.0,0.0,0.0,1.443,0.25,0.0,0.0,ELEVATED_PAYMENT_VOLATILITY,NONE,NONE
MPLADS-004366,8.04,13.04,0,0.0,0.0,0.0,0.9462,0.2222,0.0,0.0,NORMAL_DISBURSEMENT_SCHEDULE,NONE,NONE
MPLADS-004367,7.81,12.64,0,0.0,0.0,0.0,0.8959,0.2222,0.0,0.0,NORMAL_DISBURSEMENT_SCHEDULE,NONE,NONE
MPLADS-004368,30.83,49.76,0,0.0,0.0,0.0,0.8502,0.2222,0.0,0.0,NORMAL_DISBURSEMENT_SCHEDULE,NONE,NONE
MPLADS-004369,39.05,64.9,0,0.0,0.0,0.0,0.8707,0.25,0.0,0.0,NORMAL_DISBURSEMENT_SCHEDULE,NONE,NONE
MPLADS-004370,37.88,62.9,0,0.0,0.0,0.0,0.9451,0.25,0.0,0.0,NORMAL_DISBURSEMENT_SCHEDULE,NONE,NONE
MPLADS-004371,61.87,83.84,0,0.0,0.0,0.0,1.5899,0.2222,0.0,0.0,ELEVATED_PAYMENT_VOLATILITY,NONE,NONE
MPLADS-004372,45.63,73.84,0,0.0,0.0,0.0,0.8608,0.2222,0.0,0.0,NORMAL_DISBURSEMENT_SCHEDULE,NONE,NONE
MPLADS-004373,55.44,79.96,0,0.0,0.0,0.0,1.4191,0.2222,0.0,0.0,NORMAL_DISBURSEMENT_SCHEDULE,NONE,NONE
MPLADS-004374,42.91,70.48,0,0.0,0.0,0.0,0.9599,0.2222,0.0,0.0,NORMAL_DISBURSEMENT_SCHEDULE,NONE,NONE
MPLADS-004375,15.89,27.54,0,0.0,0.0,0.0,0.8659,0.2222,0.0,0.0,NORMAL_DISBURSEMENT_SCHEDULE,NONE,NONE
MPLADS-004376,8.87,14.66,0,0.0,0.0,0.0,0.9408,0.2222,0.0,0.0,NORMAL_DISBURSEMENT_SCHEDULE,NONE,NONE
MPLADS-004377,34.17,56.1,0,0.0,0.0,0.0,0.8947,0.25,0.0,0.0,NORMAL_DISBURSEMENT_SCHEDULE,NONE,NONE
MPLADS-004378,30.69,49.48,0,0.0,0.0,0.0,0.8984,0.25,0.0,0.0,NORMAL_DISBURSEMENT_SCHEDULE,NONE,NONE
MPLADS-004379,40.39,66.94,0,0.0,0.0,0.0,0.896,0.2222,0.0,0.0,NORMAL_DISBURSEMENT_SCHEDULE,NONE,NONE
MPLADS-004380,69.26,90.48,0,1.0,2128000.0,0.0,0.9232,0.2222,0.0,50.0,UNVERIFIED_DISBURSEMENT_BURST,NONE,NONE
MPLADS-004381,63.68,85.46,0,0.0,0.0,0.0,0.8958,0.25,0.0,0.0,ELEVATED_PAYMENT_VOLATILITY,NONE,NONE
MPLADS-004382,36.98,61.28,0,0.0,0.0,0.0,0.9554,0.25,0.0,0.0,NORMAL_DISBURSEMENT_SCHEDULE,NONE,NONE
MPLADS-004383,16.38,28.38,0,0.0,0.0,0.0,0.9756,0.2222,0.0,0.0,NORMAL_DISBURSEMENT_SCHEDULE,NONE,NONE
MPLADS-004384,29.01,46.32,0,0.0,0.0,0.0,0.9541,0.2222,0.0,0.0,NORMAL_DISBURSEMENT_SCHEDULE,NONE,NONE
MPLADS-004385,19.47,33.12,0,0.0,0.0,0.0,0.9377,0.2222,0.0,0.0,NORMAL_DISBURSEMENT_SCHEDULE,NONE,NONE
MPLADS-004386,12.18,20.78,0,0.0,0.0,0.0,0.8536,0.2222,0.0,0.0,NORMAL_DISBURSEMENT_SCHEDULE,NONE,NONE
MPLADS-004387,32.74,53.44,0,0.0,0.0,0.0,0.96,0.2222,0.0,0.0,NORMAL_DISBURSEMENT_SCHEDULE,NONE,NONE
MPLADS-004388,52.32,78.26,0,0.0,0.0,0.0,0.8768,0.2222,0.0,0.0,NORMAL_DISBURSEMENT_SCHEDULE,NONE,NONE
MPLADS-004389,49.2,76.56,0,0.0,0.0,0.0,0.9105,0.2222,0.0,0.0,NORMAL_DISBURSEMENT_SCHEDULE,NONE,NONE
MPLADS-004390,2.17,3.1,0,0.0,0.0,0.0,0.8969,0.2222,0.0,0.0,NORMAL_DISBURSEMENT_SCHEDULE,NONE,NONE
MPLADS-004391,6.94,11.0,0,0.0,0.0,0.0,0.9309,0.2222,0.0,0.0,NORMAL_DISBURSEMENT_SCHEDULE,NONE,NONE
MPLADS-004392,22.32,36.96,0,0.0,0.0,0.0,0.8996,0.2222,0.0,0.0,NORMAL_DISBURSEMENT_SCHEDULE,NONE,NONE
MPLADS-004393,7.06,11.2,0,0.0,0.0,0.0,0.9449,0.2222,0.0,0.0,NORMAL_DISBURSEMENT_SCHEDULE,NONE,NONE
MPLADS-004394,3.2,4.68,0,0.0,0.0,0.0,0.9774,0.2222,0.0,0.0,NORMAL_DISBURSEMENT_SCHEDULE,NONE,NONE
MPLADS-004395,9.59,15.96,0,0.0,0.0,0.0,0.8933,0.2222,0.0,0.0,NORMAL_DISBURSEMENT_SCHEDULE,NONE,NONE
MPLADS-004396,17.29,29.86,0,0.0,0.0,0.0,0.9771,0.2222,0.0,0.0,NORMAL_DISBURSEMENT_SCHEDULE,NONE,NONE
MPLADS-004397,21.49,35.78,0,0.0,0.0,0.0,0.8658,0.2223,0.0,0.0,NORMAL_DISBURSEMENT_SCHEDULE,NONE,NONE
MPLADS-004398,13.43,23.24,0,0.0,0.0,0.0,0.9777,0.2222,0.0,0.0,NORMAL_DISBURSEMENT_SCHEDULE,NONE,NONE
MPLADS-004399,16.29,28.2,0,0.0,0.0,0.0,0.93,0.2222,0.0,0.0,NORMAL_DISBURSEMENT_SCHEDULE,NONE,NONE
MPLADS-004400,2.39,3.42,0,0.0,0.0,0.0,0.8715,0.2222,0.0,0.0,NORMAL_DISBURSEMENT_SCHEDULE,NONE,NONE
MPLADS-004401,12.49,21.42,0,0.0,0.0,0.0,0.9077,0.2222,0.0,0.0,NORMAL_DISBURSEMENT_SCHEDULE,NONE,NONE
MPLADS-004402,39.66,65.76,0,0.0,0.0,0.0,0.9204,0.25,0.0,0.0,NORMAL_DISBURSEMENT_SCHEDULE,NONE,NONE
MPLADS-004403,47.38,75.3,0,0.0,0.0,0.9716,0.9398,0.2222,0.0,25.0,NORMAL_DISBURSEMENT_SCHEDULE,NONE,NONE
MPLADS-004404,10.52,17.7,0,0.0,0.0,0.0,0.9009,0.2222,0.0,0.0,NORMAL_DISBURSEMENT_SCHEDULE,NONE,NONE
MPLADS-004405,29.79,47.8,0,0.0,0.0,0.0,0.9486,0.2222,0.0,0.0,NORMAL_DISBURSEMENT_SCHEDULE,NONE,NONE
MPLADS-004406,41.67,68.66,0,0.0,0.0,0.0,0.8542,0.2222,0.0,0.0,NORMAL_DISBURSEMENT_SCHEDULE,NONE,NONE
MPLADS-004407,74.39,93.32,0,0.0,0.0,0.0,1.4577,0.2222,0.0,0.0,ELEVATED_PAYMENT_VOLATILITY,NONE,NONE
MPLADS-004408,76.34,94.3,0,0.0,0.0,0.0,1.4526,0.2223,0.0,0.0,ELEVATED_PAYMENT_VOLATILITY,NONE,NONE
MPLADS-004409,64.99,86.7,0,0.0,0.0,0.006,0.8847,0.2222,0.231,25.0,STATUTORY_CEILING_SMURFING,PAYMENT_TIMING_ANOMALY,NONE
MPLADS-004410,53.99,79.18,0,0.0,0.0,0.0,1.3941,0.2222,0.0,0.0,NORMAL_DISBURSEMENT_SCHEDULE,NONE,NONE
MPLADS-004411,24.2,39.4,0,0.0,0.0,0.0,0.9726,0.2222,0.0,0.0,NORMAL_DISBURSEMENT_SCHEDULE,NONE,NONE
MPLADS-004412,18.61,31.86,0,0.0,0.0,0.0,0.9667,0.2222,0.0,0.0,NORMAL_DISBURSEMENT_SCHEDULE,NONE,NONE
MPLADS-004413,7.67,12.36,0,0.0,0.0,0.0,0.9031,0.2222,0.0,0.0,NORMAL_DISBURSEMENT_SCHEDULE,NONE,NONE
MPLADS-004414,40.13,66.52,0,0.0,0.0,0.0,0.8537,0.25,0.0,0.0,NORMAL_DISBURSEMENT_SCHEDULE,NONE,NONE
MPLADS-004415,5.95,9.2,0,0.0,0.0,0.0,0.9653,0.2222,0.0,0.0,NORMAL_DISBURSEMENT_SCHEDULE,NONE,NONE
MPLADS-004416,17.81,30.64,0,0.0,0.0,0.0,0.9772,0.2222,0.0,0.0,NORMAL_DISBURSEMENT_SCHEDULE,NONE,NONE
MPLADS-004417,29.16,46.6,0,0.0,0.0,0.0,0.9438,0.25,0.0,0.0,NORMAL_DISBURSEMENT_SCHEDULE,NONE,NONE
MPLADS-004418,29.14,46.56,0,0.0,0.0,0.0,0.8559,0.2223,0.0,0.0,NORMAL_DISBURSEMENT_SCHEDULE,NONE,NONE
MPLADS-004419,6.88,10.9,0,0.0,0.0,0.0,0.9249,0.2222,0.0,0.0,NORMAL_DISBURSEMENT_SCHEDULE,NONE,NONE
MPLADS-004420,61.09,83.3,0,1.0,1641000.0,0.0,0.9569,0.2222,0.0,50.0,UNVERIFIED_DISBURSEMENT_BURST,NONE,NONE
MPLADS-004421,32.42,52.92,0,0.0,0.0,0.0,0.9129,0.25,0.0,0.0,NORMAL_DISBURSEMENT_SCHEDULE,NONE,NONE
MPLADS-004422,51.03,77.54,0,0.0,0.0,0.0,0.9297,0.2222,0.0,0.0,NORMAL_DISBURSEMENT_SCHEDULE,NONE,NONE
MPLADS-004423,18.59,31.82,0,0.0,0.0,0.0,0.9603,0.2222,0.0,0.0,NORMAL_DISBURSEMENT_SCHEDULE,NONE,NONE
MPLADS-004424,13.21,22.82,0,0.0,0.0,0.0,0.8991,0.2222,0.0,0.0,NORMAL_DISBURSEMENT_SCHEDULE,NONE,NONE
MPLADS-004425,8.94,14.78,0,0.0,0.0,0.0,0.8691,0.2222,0.0,0.0,NORMAL_DISBURSEMENT_SCHEDULE,NONE,NONE
MPLADS-004426,22.84,37.62,0,0.0,0.0,0.0247,0.891,0.2222,0.0,25.0,NORMAL_DISBURSEMENT_SCHEDULE,NONE,NONE
MPLADS-004427,2.62,3.8,0,0.0,0.0,0.0,0.9746,0.2222,0.0,0.0,NORMAL_DISBURSEMENT_SCHEDULE,NONE,NONE
MPLADS-004428,7.05,11.18,0,0.0,0.0,0.0,0.874,0.2222,0.0,0.0,NORMAL_DISBURSEMENT_SCHEDULE,NONE,NONE
MPLADS-004429,32.77,53.5,0,0.0,0.0,0.0,0.934,0.25,0.0,0.0,NORMAL_DISBURSEMENT_SCHEDULE,NONE,NONE
MPLADS-004430,34.37,56.46,0,0.0,0.0,0.0,0.8974,0.2222,0.0,0.0,NORMAL_DISBURSEMENT_SCHEDULE,NONE,NONE
MPLADS-004431,38.3,63.58,0,0.0,0.0,0.0,0.96,0.25,0.0,0.0,NORMAL_DISBURSEMENT_SCHEDULE,NONE,NONE
MPLADS-004432,19.53,33.2,0,0.0,0.0,0.0,0.9464,0.2222,0.0,0.0,NORMAL_DISBURSEMENT_SCHEDULE,NONE,NONE
MPLADS-004433,21.9,36.36,0,0.0,0.0,0.0,0.898,0.2222,0.0,0.0,NORMAL_DISBURSEMENT_SCHEDULE,NONE,NONE
MPLADS-004434,4.2,6.32,0,0.0,0.0,0.0,0.96,0.2222,0.0,0.0,NORMAL_DISBURSEMENT_SCHEDULE,NONE,NONE
MPLADS-004435,42.09,69.32,0,0.0,0.0,0.0,0.9783,0.25,0.0,0.0,NORMAL_DISBURSEMENT_SCHEDULE,NONE,NONE
MPLADS-004436,71.74,92.02,0,1.0,1443000.0,0.0,0.8564,0.2222,0.0,50.0,UNVERIFIED_DISBURSEMENT_BURST,NONE,NONE
MPLADS-004437,28.09,44.64,0,0.0,0.0,0.0,0.8876,0.25,0.0,0.0,NORMAL_DISBURSEMENT_SCHEDULE,NONE,NONE
MPLADS-004438,2.83,4.1,0,0.0,0.0,0.0,0.9428,0.2222,0.0,0.0,NORMAL_DISBURSEMENT_SCHEDULE,NONE,NONE
MPLADS-004439,41.6,68.56,0,0.0,0.0,0.0,0.9775,0.2222,0.0,0.0,NORMAL_DISBURSEMENT_SCHEDULE,NONE,NONE
MPLADS-004440,9.83,16.4,0,0.0,0.0,0.0,0.9208,0.2222,0.0,0.0,NORMAL_DISBURSEMENT_SCHEDULE,NONE,NONE
MPLADS-004441,53.29,78.82,0,0.0,0.0,0.0,0.4102,0.2222,0.0,0.0,NORMAL_DISBURSEMENT_SCHEDULE,NONE,NONE
MPLADS-004442,15.0,26.1,0,0.0,0.0,0.0,0.9209,0.2222,0.0,0.0,NORMAL_DISBURSEMENT_SCHEDULE,NONE,NONE
MPLADS-004443,7.08,11.24,0,0.0,0.0,0.0,0.8795,0.2222,0.0,0.0,NORMAL_DISBURSEMENT_SCHEDULE,NONE,NONE
MPLADS-004444,49.62,76.8,0,0.0,0.0,0.0,0.6119,0.2223,0.0,0.0,NORMAL_DISBURSEMENT_SCHEDULE,NONE,NONE
MPLADS-004445,7.57,12.16,0,0.0,0.0,0.0,0.9493,0.2222,0.0,0.0,NORMAL_DISBURSEMENT_SCHEDULE,NONE,NONE
MPLADS-004446,14.63,25.48,0,0.0,0.0,0.0,0.9288,0.2223,0.0,0.0,NORMAL_DISBURSEMENT_SCHEDULE,NONE,NONE
MPLADS-004447,63.94,85.62,0,1.0,3809000.0,0.0,0.9108,0.2222,0.0,50.0,UNVERIFIED_DISBURSEMENT_BURST,NONE,NONE
MPLADS-004448,83.85,98.32,1,1.0,483000.0,0.0,0.9857,0.25,0.0,50.0,UNVERIFIED_DISBURSEMENT_BURST,NONE,NONE
MPLADS-004449,42.21,69.54,0,0.0,0.0,0.0,0.8681,0.25,0.0,0.0,NORMAL_DISBURSEMENT_SCHEDULE,NONE,NONE
MPLADS-004450,30.87,49.84,0,0.0,0.0,0.0,0.8718,0.25,0.0,0.0,NORMAL_DISBURSEMENT_SCHEDULE,NONE,NONE
MPLADS-004451,64.68,86.38,0,1.0,1749000.0,0.0,0.9631,0.2222,0.0,50.0,UNVERIFIED_DISBURSEMENT_BURST,NONE,NONE
MPLADS-004452,18.37,31.5,0,0.0,0.0,0.0,0.872,0.2222,0.0,0.0,NORMAL_DISBURSEMENT_SCHEDULE,NONE,NONE
MPLADS-004453,0.91,1.0,0,0.0,0.0,0.0,0.8924,0.2222,0.0,0.0,NORMAL_DISBURSEMENT_SCHEDULE,NONE,NONE
MPLADS-004454,19.06,32.56,0,0.0,0.0,0.0,0.9306,0.2222,0.0,0.0,NORMAL_DISBURSEMENT_SCHEDULE,NONE,NONE
MPLADS-004455,10.86,18.34,0,0.0,0.0,0.002,0.9536,0.2222,0.0,25.0,NORMAL_DISBURSEMENT_SCHEDULE,NONE,NONE
MPLADS-004456,60.46,83.02,0,0.0,0.0,0.278,0.92,0.2222,0.0,25.0,STATUTORY_CEILING_SMURFING,NONE,NONE
MPLADS-004457,71.24,91.66,0,1.0,3552000.0,0.0,0.886,0.2222,0.0,50.0,UNVERIFIED_DISBURSEMENT_BURST,NONE,NONE
MPLADS-004458,77.87,95.2,1,0.0,0.0,0.0,0.9719,0.2222,0.231,0.0,PAYMENT_TIMING_ANOMALY,NONE,NONE
MPLADS-004459,1.6,2.2,0,0.0,0.0,0.0,0.9332,0.2222,0.0,0.0,NORMAL_DISBURSEMENT_SCHEDULE,NONE,NONE
MPLADS-004460,34.76,57.18,0,0.0,0.0,0.0,0.9546,0.2222,0.0,0.0,NORMAL_DISBURSEMENT_SCHEDULE,NONE,NONE
MPLADS-004461,9.3,15.4,0,0.0,0.0,0.0,0.9722,0.2222,0.0,0.0,NORMAL_DISBURSEMENT_SCHEDULE,NONE,NONE
MPLADS-004462,54.43,79.42,0,0.0,0.0,0.0,0.5741,0.2222,0.0,0.0,NORMAL_DISBURSEMENT_SCHEDULE,NONE,NONE
MPLADS-004463,15.97,27.7,0,0.0,0.0,0.0,0.8658,0.2222,0.0,0.0,NORMAL_DISBURSEMENT_SCHEDULE,NONE,NONE
MPLADS-004464,10.5,17.64,0,0.0,0.0,0.0,0.9346,0.2223,0.0,0.0,NORMAL_DISBURSEMENT_SCHEDULE,NONE,NONE
MPLADS-004465,70.65,91.26,0,1.0,1480000.0,0.0,0.9193,0.2222,0.0,50.0,UNVERIFIED_DISBURSEMENT_BURST,NONE,NONE
MPLADS-004466,38.37,63.72,0,0.0,0.0,0.0,0.877,0.25,0.0,0.0,NORMAL_DISBURSEMENT_SCHEDULE,NONE,NONE
MPLADS-004467,37.95,63.02,0,0.0,0.0,0.0,0.9685,0.2222,0.0,25.0,NORMAL_DISBURSEMENT_SCHEDULE,NONE,NONE
MPLADS-004468,48.22,75.98,0,0.0,0.0,0.0,0.972,0.2222,0.0,0.0,NORMAL_DISBURSEMENT_SCHEDULE,NONE,NONE
MPLADS-004469,9.76,16.24,0,0.0,0.0,0.0,0.9487,0.2222,0.0,0.0,NORMAL_DISBURSEMENT_SCHEDULE,NONE,NONE
MPLADS-004470,68.48,89.86,0,1.0,2295000.0,0.0,0.982,0.2222,0.0,50.0,UNVERIFIED_DISBURSEMENT_BURST,NONE,NONE
MPLADS-004471,30.45,49.04,0,0.0,0.0,0.0,0.9684,0.2223,0.0,0.0,NORMAL_DISBURSEMENT_SCHEDULE,NONE,NONE
MPLADS-004472,22.94,37.76,0,0.0,0.0,0.0,0.8962,0.2223,0.0,0.0,NORMAL_DISBURSEMENT_SCHEDULE,NONE,NONE
MPLADS-004473,28.69,45.7,0,0.0,0.0,0.0,0.9221,0.25,0.0,0.0,NORMAL_DISBURSEMENT_SCHEDULE,NONE,NONE
MPLADS-004474,46.39,74.56,0,0.0,0.0,0.0,0.965,0.2222,0.0,0.0,NORMAL_DISBURSEMENT_SCHEDULE,NONE,NONE
MPLADS-004475,48.36,76.06,0,0.0,0.0,0.0,0.8854,0.2222,0.0,0.0,NORMAL_DISBURSEMENT_SCHEDULE,NONE,NONE
MPLADS-004476,46.94,75.02,0,0.0,0.0,0.0,0.8634,0.25,0.0,0.0,NORMAL_DISBURSEMENT_SCHEDULE,NONE,NONE
MPLADS-004477,24.57,39.8,0,0.0,0.0,0.0,0.9473,0.2223,0.0,0.0,NORMAL_DISBURSEMENT_SCHEDULE,NONE,NONE
MPLADS-004478,15.47,26.78,0,0.0,0.0,0.0,0.9337,0.2222,0.0,0.0,NORMAL_DISBURSEMENT_SCHEDULE,NONE,NONE
MPLADS-004479,10.46,17.58,0,0.0,0.0,0.0,0.9515,0.2222,0.0,0.0,NORMAL_DISBURSEMENT_SCHEDULE,NONE,NONE
MPLADS-004480,64.23,85.9,0,0.0,0.0,0.0,0.512,0.2222,0.0,0.0,ELEVATED_PAYMENT_VOLATILITY,NONE,NONE
MPLADS-004481,63.29,85.16,0,0.0,0.0,0.0,0.8837,0.25,0.0,0.0,ELEVATED_PAYMENT_VOLATILITY,NONE,NONE
MPLADS-004482,25.46,40.9,0,0.0,0.0,0.0,0.8648,0.2223,0.0,0.0,NORMAL_DISBURSEMENT_SCHEDULE,NONE,NONE
MPLADS-004483,8.43,13.84,0,0.0,0.0,0.0,0.8817,0.2222,0.0,0.0,NORMAL_DISBURSEMENT_SCHEDULE,NONE,NONE
MPLADS-004484,45.85,74.06,0,0.0,0.0,0.0,0.8693,0.2222,0.0,0.0,NORMAL_DISBURSEMENT_SCHEDULE,NONE,NONE
MPLADS-004485,12.09,20.62,0,0.0,0.0,0.0,0.9723,0.2222,0.0,0.0,NORMAL_DISBURSEMENT_SCHEDULE,NONE,NONE
MPLADS-004486,36.21,59.84,0,0.0,0.0,0.0,0.96,0.25,0.0,0.0,NORMAL_DISBURSEMENT_SCHEDULE,NONE,NONE
MPLADS-004487,69.54,90.68,0,0.0,0.0,0.0,1.3395,0.2222,0.0,0.0,ELEVATED_PAYMENT_VOLATILITY,NONE,NONE
MPLADS-004488,33.04,54.0,0,0.0,0.0,0.0,0.8608,0.2222,0.0,0.0,NORMAL_DISBURSEMENT_SCHEDULE,NONE,NONE
MPLADS-004489,61.19,83.4,0,1.0,2973000.0,0.0,0.9219,0.2222,0.0,50.0,UNVERIFIED_DISBURSEMENT_BURST,NONE,NONE
MPLADS-004490,8.02,13.0,0,0.0,0.0,0.0,0.8548,0.2222,0.0,0.0,NORMAL_DISBURSEMENT_SCHEDULE,NONE,NONE
MPLADS-004491,31.02,50.12,0,0.0,0.0,0.0,0.9238,0.2222,0.0,0.0,NORMAL_DISBURSEMENT_SCHEDULE,NONE,NONE
MPLADS-004492,20.53,34.62,0,0.0,0.0,0.0,0.9404,0.2222,0.0,0.0,NORMAL_DISBURSEMENT_SCHEDULE,NONE,NONE
MPLADS-004493,29.8,47.84,0,0.0,0.0,0.0,0.9466,0.25,0.0,0.0,NORMAL_DISBURSEMENT_SCHEDULE,NONE,NONE
MPLADS-004494,2.91,4.24,0,0.0,0.0,0.0,0.8766,0.2222,0.0,0.0,NORMAL_DISBURSEMENT_SCHEDULE,NONE,NONE
MPLADS-004495,60.8,83.14,0,0.0,0.0,0.0,1.293,0.2222,0.0,0.0,ELEVATED_PAYMENT_VOLATILITY,NONE,NONE
MPLADS-004496,22.18,36.78,0,0.0,0.0,0.0,0.8576,0.2222,0.0,0.0,NORMAL_DISBURSEMENT_SCHEDULE,NONE,NONE
MPLADS-004497,33.2,54.28,0,0.0,0.0,0.0,0.9452,0.25,0.0,0.0,NORMAL_DISBURSEMENT_SCHEDULE,NONE,NONE
MPLADS-004498,38.51,63.96,0,0.0,0.0,0.0,0.8597,0.2222,0.0,0.0,NORMAL_DISBURSEMENT_SCHEDULE,NONE,NONE
MPLADS-004499,6.31,9.86,0,0.0,0.0,0.0,0.9402,0.2222,0.0,0.0,NORMAL_DISBURSEMENT_SCHEDULE,NONE,NONE
MPLADS-004500,52.66,78.42,0,0.0,0.0,0.0,1.2802,0.2223,0.0,0.0,NORMAL_DISBURSEMENT_SCHEDULE,NONE,NONE
MPLADS-004501,64.53,86.3,0,0.0,0.0,0.0,0.9147,0.2222,0.231,0.0,PAYMENT_TIMING_ANOMALY,NONE,NONE
MPLADS-004502,17.23,29.76,0,0.0,0.0,0.0,0.9728,0.2223,0.0,0.0,NORMAL_DISBURSEMENT_SCHEDULE,NONE,NONE
MPLADS-004503,15.58,26.98,0,0.0,0.0,0.0,0.8649,0.2222,0.0,0.0,NORMAL_DISBURSEMENT_SCHEDULE,NONE,NONE
MPLADS-004504,37.6,62.38,0,0.0,0.0,0.0,0.8956,0.25,0.0,0.0,NORMAL_DISBURSEMENT_SCHEDULE,NONE,NONE
MPLADS-004505,38.52,63.98,0,0.0,0.0,0.0,0.9786,0.25,0.0,0.0,NORMAL_DISBURSEMENT_SCHEDULE,NONE,NONE
MPLADS-004506,35.84,59.2,0,0.0,0.0,0.0,0.9516,0.25,0.0,0.0,NORMAL_DISBURSEMENT_SCHEDULE,NONE,NONE
MPLADS-004507,0.96,1.08,0,0.0,0.0,0.0,0.9455,0.2222,0.0,0.0,NORMAL_DISBURSEMENT_SCHEDULE,NONE,NONE
MPLADS-004508,30.53,49.18,0,0.0,0.0,0.0,0.8791,0.25,0.0,0.0,NORMAL_DISBURSEMENT_SCHEDULE,NONE,NONE
MPLADS-004509,47.76,75.58,0,0.0,0.0,0.0,0.8899,0.2222,0.0,0.0,NORMAL_DISBURSEMENT_SCHEDULE,NONE,NONE
MPLADS-004510,40.43,66.98,0,0.0,0.0,0.0,0.9458,0.25,0.0,0.0,NORMAL_DISBURSEMENT_SCHEDULE,NONE,NONE
MPLADS-004511,44.2,72.22,0,0.0,0.0,0.0,0.9776,0.2222,0.0,0.0,NORMAL_DISBURSEMENT_SCHEDULE,NONE,NONE
MPLADS-004512,7.22,11.48,0,0.0,0.0,0.0,0.905,0.2222,0.0,0.0,NORMAL_DISBURSEMENT_SCHEDULE,NONE,NONE
MPLADS-004513,45.39,73.56,0,0.0,0.0,0.0,0.8728,0.25,0.0,0.0,NORMAL_DISBURSEMENT_SCHEDULE,NONE,NONE
MPLADS-004514,31.0,50.08,0,0.0,0.0,0.0,0.9495,0.2222,0.0,0.0,NORMAL_DISBURSEMENT_SCHEDULE,NONE,NONE
MPLADS-004515,35.38,58.36,0,0.0,0.0,0.0,0.8533,0.2222,0.0,0.0,NORMAL_DISBURSEMENT_SCHEDULE,NONE,NONE
MPLADS-004516,43.82,71.76,0,0.0,0.0,0.0,0.9731,0.25,0.0,0.0,NORMAL_DISBURSEMENT_SCHEDULE,NONE,NONE
MPLADS-004517,71.26,91.68,0,1.0,1792000.0,0.0,0.8582,0.2222,0.0,50.0,UNVERIFIED_DISBURSEMENT_BURST,NONE,NONE
MPLADS-004518,12.81,22.04,0,0.0,0.0,0.0,0.8981,0.2222,0.0,0.0,NORMAL_DISBURSEMENT_SCHEDULE,NONE,NONE
MPLADS-004519,44.25,72.26,0,0.0,0.0,0.7492,0.9097,0.2222,0.0,25.0,NORMAL_DISBURSEMENT_SCHEDULE,NONE,NONE
MPLADS-004520,3.95,5.88,0,0.0,0.0,0.0,0.9356,0.2222,0.0,0.0,NORMAL_DISBURSEMENT_SCHEDULE,NONE,NONE
MPLADS-004521,8.14,13.27,0,0.0,0.0,0.0,0.9451,0.2222,0.0,0.0,NORMAL_DISBURSEMENT_SCHEDULE,NONE,NONE
MPLADS-004522,38.99,64.78,0,0.0,0.0,0.0,0.9714,0.2222,0.0,0.0,NORMAL_DISBURSEMENT_SCHEDULE,NONE,NONE
MPLADS-004523,8.35,13.68,0,0.0,0.0,0.0,0.8928,0.2222,0.0,0.0,NORMAL_DISBURSEMENT_SCHEDULE,NONE,NONE
MPLADS-004524,38.18,63.4,0,0.0,0.0,0.0,0.9332,0.2222,0.0,0.0,NORMAL_DISBURSEMENT_SCHEDULE,NONE,NONE
MPLADS-004525,19.92,33.8,0,0.0,0.0,0.0,0.907,0.2222,0.0,0.0,NORMAL_DISBURSEMENT_SCHEDULE,NONE,NONE
MPLADS-004526,1.89,2.66,0,0.0,0.0,0.0,0.9146,0.2222,0.0,0.0,NORMAL_DISBURSEMENT_SCHEDULE,NONE,NONE
MPLADS-004527,27.34,43.44,0,0.0,0.0,0.0,0.9626,0.2222,0.0,0.0,NORMAL_DISBURSEMENT_SCHEDULE,NONE,NONE
MPLADS-004528,36.09,59.64,0,0.0,0.0,0.0,0.9539,0.25,0.0,0.0,NORMAL_DISBURSEMENT_SCHEDULE,NONE,NONE
MPLADS-004529,36.3,60.02,0,0.0,0.0,0.0,0.874,0.25,0.0,0.0,NORMAL_DISBURSEMENT_SCHEDULE,NONE,NONE
MPLADS-004530,7.45,11.96,0,0.0,0.0,0.0,0.952,0.2222,0.0,0.0,NORMAL_DISBURSEMENT_SCHEDULE,NONE,NONE
MPLADS-004531,42.82,70.36,0,0.0,0.0,0.0,0.887,0.25,0.0,0.0,NORMAL_DISBURSEMENT_SCHEDULE,NONE,NONE
MPLADS-004532,35.73,59.0,0,0.0,0.0,0.0,0.9491,0.25,0.0,0.0,NORMAL_DISBURSEMENT_SCHEDULE,NONE,NONE
MPLADS-004533,43.03,70.66,0,0.0,0.0,0.0,0.9071,0.2222,0.0,0.0,NORMAL_DISBURSEMENT_SCHEDULE,NONE,NONE
MPLADS-004534,31.55,51.22,0,0.0,0.0,0.0,0.8952,0.25,0.0,0.0,NORMAL_DISBURSEMENT_SCHEDULE,NONE,NONE
MPLADS-004535,50.94,77.5,0,0.0,0.0,0.0,1.3362,0.2222,0.0,0.0,NORMAL_DISBURSEMENT_SCHEDULE,NONE,NONE
MPLADS-004536,34.9,57.46,0,0.0,0.0,0.0,0.8604,0.2222,0.0,0.0,NORMAL_DISBURSEMENT_SCHEDULE,NONE,NONE
MPLADS-004537,48.32,76.04,0,0.0,0.0,0.0,0.9726,0.2222,0.0,0.0,NORMAL_DISBURSEMENT_SCHEDULE,NONE,NONE
MPLADS-004538,5.69,8.74,0,0.0,0.0,0.0,0.9038,0.2222,0.0,0.0,NORMAL_DISBURSEMENT_SCHEDULE,NONE,NONE
MPLADS-004539,5.42,8.26,0,0.0,0.0,0.0,0.9001,0.2222,0.0,0.0,NORMAL_DISBURSEMENT_SCHEDULE,NONE,NONE
MPLADS-004540,10.69,18.02,0,0.0,0.0,0.0,0.951,0.2222,0.0,0.0,NORMAL_DISBURSEMENT_SCHEDULE,NONE,NONE
MPLADS-004541,36.61,60.58,0,0.0,0.0,0.0,0.8725,0.2222,0.0,0.0,NORMAL_DISBURSEMENT_SCHEDULE,NONE,NONE
MPLADS-004542,2.68,3.9,0,0.0,0.0,0.0,0.8784,0.2222,0.0,0.0,NORMAL_DISBURSEMENT_SCHEDULE,NONE,NONE
MPLADS-004543,11.72,19.94,0,0.0,0.0,0.0,0.9731,0.2222,0.0,0.0,NORMAL_DISBURSEMENT_SCHEDULE,NONE,NONE
MPLADS-004544,16.16,27.96,0,0.0,0.0,0.0,0.9713,0.2222,0.0,0.0,NORMAL_DISBURSEMENT_SCHEDULE,NONE,NONE
MPLADS-004545,9.47,15.72,0,0.0,0.0,0.0,0.8779,0.2222,0.0,0.0,NORMAL_DISBURSEMENT_SCHEDULE,NONE,NONE
MPLADS-004546,59.01,82.16,0,0.0,0.0,0.8912,0.8945,0.2222,0.0,25.0,NORMAL_DISBURSEMENT_SCHEDULE,NONE,NONE
MPLADS-004547,21.73,36.14,0,0.0,0.0,0.0,0.9339,0.2222,0.0,0.0,NORMAL_DISBURSEMENT_SCHEDULE,NONE,NONE
MPLADS-004548,77.66,95.12,1,1.0,702000.0,0.0,0.9176,0.25,0.0,50.0,UNVERIFIED_DISBURSEMENT_BURST,NONE,NONE
MPLADS-004549,30.38,48.88,0,0.0,0.0,0.0,0.9215,0.25,0.0,0.0,NORMAL_DISBURSEMENT_SCHEDULE,NONE,NONE
MPLADS-004550,26.69,42.52,0,0.0,0.0,0.0,0.8911,0.2222,0.0,0.0,NORMAL_DISBURSEMENT_SCHEDULE,NONE,NONE
MPLADS-004551,62.64,84.52,0,0.0,0.0,0.0,0.9205,0.25,0.0,0.0,ELEVATED_PAYMENT_VOLATILITY,NONE,NONE
MPLADS-004552,47.97,75.76,0,0.0,0.0,0.0,0.9613,0.2222,0.0,0.0,NORMAL_DISBURSEMENT_SCHEDULE,NONE,NONE
MPLADS-004553,37.19,61.62,0,0.0,0.0,0.0,0.9559,0.2222,0.0,0.0,NORMAL_DISBURSEMENT_SCHEDULE,NONE,NONE
MPLADS-004554,28.41,45.2,0,0.0,0.0,0.0,0.9186,0.2222,0.0,0.0,NORMAL_DISBURSEMENT_SCHEDULE,NONE,NONE
MPLADS-004555,11.28,19.08,0,0.0,0.0,0.0,0.9688,0.2222,0.0,0.0,NORMAL_DISBURSEMENT_SCHEDULE,NONE,NONE
MPLADS-004556,14.21,24.72,0,0.0,0.0,0.0,0.8881,0.2222,0.0,0.0,NORMAL_DISBURSEMENT_SCHEDULE,NONE,NONE
MPLADS-004557,23.06,37.92,0,0.0,0.0,0.0,0.8704,0.2223,0.0,0.0,NORMAL_DISBURSEMENT_SCHEDULE,NONE,NONE
MPLADS-004558,10.13,16.98,0,0.0,0.0,0.0,0.9414,0.2222,0.0,0.0,NORMAL_DISBURSEMENT_SCHEDULE,NONE,NONE
MPLADS-004559,7.44,11.94,0,0.0,0.0,0.0,0.8937,0.2222,0.0,0.0,NORMAL_DISBURSEMENT_SCHEDULE,NONE,NONE
MPLADS-004560,36.6,60.56,0,0.0,0.0,0.0,0.8636,0.2222,0.0,0.0,NORMAL_DISBURSEMENT_SCHEDULE,NONE,NONE
MPLADS-004561,24.42,39.64,0,0.0,0.0,0.0,0.9592,0.2223,0.0,0.0,NORMAL_DISBURSEMENT_SCHEDULE,NONE,NONE
MPLADS-004562,4.29,6.46,0,0.0,0.0,0.0,0.856,0.2222,0.0,0.0,NORMAL_DISBURSEMENT_SCHEDULE,NONE,NONE
MPLADS-004563,28.93,46.16,0,0.0,0.0,0.0,0.9161,0.25,0.0,0.0,NORMAL_DISBURSEMENT_SCHEDULE,NONE,NONE
MPLADS-004564,40.38,66.92,0,0.0,0.0,0.0,0.8705,0.2222,0.0,0.0,NORMAL_DISBURSEMENT_SCHEDULE,NONE,NONE
MPLADS-004565,57.43,81.2,0,0.0,0.0,0.0,1.4128,0.2222,0.0,0.0,NORMAL_DISBURSEMENT_SCHEDULE,NONE,NONE
MPLADS-004566,7.68,12.38,0,0.0,0.0,0.0,0.9738,0.2222,0.0,0.0,NORMAL_DISBURSEMENT_SCHEDULE,NONE,NONE
MPLADS-004567,14.55,25.32,0,0.0,0.0,0.0,0.9616,0.2222,0.0,0.0,NORMAL_DISBURSEMENT_SCHEDULE,NONE,NONE
MPLADS-004568,43.11,70.76,0,0.0,0.0,0.0,0.9151,0.2222,0.0,0.0,NORMAL_DISBURSEMENT_SCHEDULE,NONE,NONE
MPLADS-004569,38.78,64.4,0,0.0,0.0,0.0,0.9585,0.25,0.0,0.0,NORMAL_DISBURSEMENT_SCHEDULE,NONE,NONE
MPLADS-004570,24.13,39.32,0,0.0,0.0,0.0,0.9653,0.2223,0.0,0.0,NORMAL_DISBURSEMENT_SCHEDULE,NONE,NONE
MPLADS-004571,35.01,57.68,0,0.0,0.0,0.0,0.869,0.25,0.0,0.0,NORMAL_DISBURSEMENT_SCHEDULE,NONE,NONE
MPLADS-004572,36.72,60.78,0,0.0,0.0,0.0,0.9635,0.25,0.0,0.0,NORMAL_DISBURSEMENT_SCHEDULE,NONE,NONE
MPLADS-004573,68.35,89.7,0,1.0,1402000.0,0.0,0.8913,0.2222,0.0,50.0,UNVERIFIED_DISBURSEMENT_BURST,NONE,NONE
MPLADS-004574,33.24,54.34,0,0.0,0.0,0.0,0.9337,0.25,0.0,0.0,NORMAL_DISBURSEMENT_SCHEDULE,NONE,NONE
MPLADS-004575,75.91,93.98,0,0.0,0.0,0.0,0.864,0.2222,0.231,0.0,PAYMENT_TIMING_ANOMALY,NONE,NONE
MPLADS-004576,42.14,69.42,0,0.0,0.0,0.0,0.9793,0.25,0.0,0.0,NORMAL_DISBURSEMENT_SCHEDULE,NONE,NONE
MPLADS-004577,5.78,8.9,0,0.0,0.0,0.0,0.8774,0.2222,0.0,0.0,NORMAL_DISBURSEMENT_SCHEDULE,NONE,NONE
MPLADS-004578,23.59,38.6,0,0.0,0.0,0.0,0.8647,0.2222,0.0,0.0,NORMAL_DISBURSEMENT_SCHEDULE,NONE,NONE
MPLADS-004579,1.34,1.72,0,0.0,0.0,0.0,0.9237,0.2222,0.0,0.0,NORMAL_DISBURSEMENT_SCHEDULE,NONE,NONE
MPLADS-004580,57.91,81.5,0,0.0,0.0,0.0,1.582,0.2222,0.0,0.0,NORMAL_DISBURSEMENT_SCHEDULE,NONE,NONE
MPLADS-004581,51.29,77.66,0,0.0,0.0,0.0,0.9409,0.2222,0.0,0.0,NORMAL_DISBURSEMENT_SCHEDULE,NONE,NONE
MPLADS-004582,34.5,56.68,0,0.0,0.0,0.0,0.9756,0.2223,0.0,0.0,NORMAL_DISBURSEMENT_SCHEDULE,NONE,NONE
MPLADS-004583,32.02,52.14,0,0.0,0.0,0.0,0.8784,0.25,0.0,0.0,NORMAL_DISBURSEMENT_SCHEDULE,NONE,NONE
MPLADS-004584,18.21,31.22,0,0.0,0.0,0.0,0.8538,0.2223,0.0,0.0,NORMAL_DISBURSEMENT_SCHEDULE,NONE,NONE
MPLADS-004585,78.92,95.72,1,1.0,498000.0,0.0,0.8752,0.25,0.0,50.0,UNVERIFIED_DISBURSEMENT_BURST,NONE,NONE
MPLADS-004586,45.93,74.14,0,0.0,0.0,0.0,0.8897,0.2222,0.0,0.0,NORMAL_DISBURSEMENT_SCHEDULE,NONE,NONE
MPLADS-004587,10.26,17.22,0,0.0,0.0,0.0,0.8965,0.2223,0.0,0.0,NORMAL_DISBURSEMENT_SCHEDULE,NONE,NONE
MPLADS-004588,1.59,2.18,0,0.0,0.0,0.0,0.8974,0.2222,0.0,0.0,NORMAL_DISBURSEMENT_SCHEDULE,NONE,NONE
MPLADS-004589,28.38,45.16,0,0.0,0.0,0.0,0.9203,0.25,0.0,0.0,NORMAL_DISBURSEMENT_SCHEDULE,NONE,NONE
MPLADS-004590,43.44,71.24,0,0.0,0.0,0.0,0.9306,0.25,0.0,0.0,NORMAL_DISBURSEMENT_SCHEDULE,NONE,NONE
MPLADS-004591,47.9,75.72,0,0.0,0.0,0.0,0.8803,0.2222,0.0,0.0,NORMAL_DISBURSEMENT_SCHEDULE,NONE,NONE
MPLADS-004592,13.82,24.0,0,0.0,0.0,0.0,0.9653,0.2222,0.0,0.0,NORMAL_DISBURSEMENT_SCHEDULE,NONE,NONE
MPLADS-004593,78.79,95.66,1,1.0,551000.0,0.0,0.9339,0.25,0.0,50.0,UNVERIFIED_DISBURSEMENT_BURST,NONE,NONE
MPLADS-004594,36.45,60.3,0,0.0,0.0,0.0,0.8819,0.25,0.0,0.0,NORMAL_DISBURSEMENT_SCHEDULE,NONE,NONE
MPLADS-004595,6.03,9.36,0,0.0,0.0,0.0,0.8871,0.2222,0.0,0.0,NORMAL_DISBURSEMENT_SCHEDULE,NONE,NONE
MPLADS-004596,7.32,11.68,0,0.0,0.0,0.0,0.9314,0.2222,0.0,0.0,NORMAL_DISBURSEMENT_SCHEDULE,NONE,NONE
MPLADS-004597,26.21,41.82,0,0.0,0.0,0.0,0.8971,0.2223,0.0,0.0,NORMAL_DISBURSEMENT_SCHEDULE,NONE,NONE
MPLADS-004598,0.74,0.78,0,0.0,0.0,0.0,0.9298,0.2222,0.0,0.0,NORMAL_DISBURSEMENT_SCHEDULE,NONE,NONE
MPLADS-004599,47.54,75.4,0,0.0,0.0,0.0,0.9579,0.2222,0.0,0.0,NORMAL_DISBURSEMENT_SCHEDULE,NONE,NONE
MPLADS-004600,6.95,11.02,0,0.0,0.0,0.0,0.9491,0.2222,0.0,0.0,NORMAL_DISBURSEMENT_SCHEDULE,NONE,NONE
MPLADS-004601,21.09,35.32,0,0.0,0.0,0.0,0.9642,0.2222,0.0,0.0,NORMAL_DISBURSEMENT_SCHEDULE,NONE,NONE
MPLADS-004602,38.14,63.34,0,0.0,0.0,0.0,0.8652,0.25,0.0,0.0,NORMAL_DISBURSEMENT_SCHEDULE,NONE,NONE
MPLADS-004603,3.78,5.6,0,0.0,0.0,0.0,0.8544,0.2222,0.0,0.0,NORMAL_DISBURSEMENT_SCHEDULE,NONE,NONE
MPLADS-004604,17.01,29.4,0,0.0,0.0,0.0,0.9632,0.2222,0.0,0.0,NORMAL_DISBURSEMENT_SCHEDULE,NONE,NONE
MPLADS-004605,37.99,63.08,0,0.0,0.0,0.0,0.9509,0.25,0.0,0.0,NORMAL_DISBURSEMENT_SCHEDULE,NONE,NONE
MPLADS-004606,63.24,85.08,0,0.0,0.0,0.0,1.3392,0.2222,0.0,0.0,ELEVATED_PAYMENT_VOLATILITY,NONE,NONE
MPLADS-004607,9.11,15.08,0,0.0,0.0,0.0,0.9651,0.2222,0.0,0.0,NORMAL_DISBURSEMENT_SCHEDULE,NONE,NONE
MPLADS-004608,1.48,1.98,0,0.0,0.0,0.0,0.8866,0.2222,0.0,0.0,NORMAL_DISBURSEMENT_SCHEDULE,NONE,NONE
MPLADS-004609,42.24,69.6,0,0.0,0.0,0.0,0.8996,0.25,0.0,0.0,NORMAL_DISBURSEMENT_SCHEDULE,NONE,NONE
MPLADS-004610,29.31,46.9,0,0.0,0.0,0.0,0.9315,0.25,0.0,0.0,NORMAL_DISBURSEMENT_SCHEDULE,NONE,NONE
MPLADS-004611,5.51,8.4,0,0.0,0.0,0.0,0.8744,0.2222,0.0,0.0,NORMAL_DISBURSEMENT_SCHEDULE,NONE,NONE
MPLADS-004612,26.36,42.02,0,0.0,0.0,0.0,0.8979,0.2222,0.0,0.0,NORMAL_DISBURSEMENT_SCHEDULE,NONE,NONE
MPLADS-004613,24.16,39.36,0,0.0,0.0,0.0,0.9035,0.2223,0.0,0.0,NORMAL_DISBURSEMENT_SCHEDULE,NONE,NONE
MPLADS-004614,77.98,95.26,1,1.0,547000.0,0.0,0.9224,0.25,0.0,50.0,UNVERIFIED_DISBURSEMENT_BURST,NONE,NONE
MPLADS-004615,8.5,13.96,0,0.0,0.0,0.0,0.9274,0.2222,0.0,0.0,NORMAL_DISBURSEMENT_SCHEDULE,NONE,NONE
MPLADS-004616,78.87,95.7,1,0.0,0.0,0.0,1.5354,0.2222,0.0,0.0,ELEVATED_PAYMENT_VOLATILITY,NONE,NONE
MPLADS-004617,72.36,92.34,0,0.0,0.0,0.2606,0.9118,0.2222,0.0,25.0,STATUTORY_CEILING_SMURFING,NONE,NONE
MPLADS-004618,65.93,87.66,0,0.0,0.0,0.0561,1.5534,0.2222,0.0,25.0,STATUTORY_CEILING_SMURFING,NONE,NONE
MPLADS-004619,37.09,61.48,0,0.0,0.0,0.0,0.8691,0.25,0.0,0.0,NORMAL_DISBURSEMENT_SCHEDULE,NONE,NONE
MPLADS-004620,39.52,65.56,0,0.0,0.0,0.0,0.864,0.25,0.0,0.0,NORMAL_DISBURSEMENT_SCHEDULE,NONE,NONE
MPLADS-004621,55.39,79.92,0,0.0,0.0,0.0,0.9137,0.25,0.0,0.0,NORMAL_DISBURSEMENT_SCHEDULE,NONE,NONE
MPLADS-004622,72.31,92.32,0,1.0,1395000.0,0.4184,0.9509,0.2222,0.0,75.0,UNVERIFIED_DISBURSEMENT_BURST,STATUTORY_CEILING_SMURFING,NONE
MPLADS-004623,69.89,90.86,0,1.0,2098000.0,0.0,0.9489,0.2222,0.0,50.0,UNVERIFIED_DISBURSEMENT_BURST,NONE,NONE
MPLADS-004624,78.8,95.68,1,1.0,869000.0,0.0,0.9284,0.25,0.0,50.0,UNVERIFIED_DISBURSEMENT_BURST,NONE,NONE
MPLADS-004625,34.74,57.14,0,0.0,0.0,0.0,0.9533,0.25,0.0,0.0,NORMAL_DISBURSEMENT_SCHEDULE,NONE,NONE
MPLADS-004626,12.61,21.66,0,0.0,0.0,0.0,0.9485,0.2222,0.0,0.0,NORMAL_DISBURSEMENT_SCHEDULE,NONE,NONE
MPLADS-004627,7.37,11.78,0,0.0,0.0,0.0,0.8937,0.2222,0.0,0.0,NORMAL_DISBURSEMENT_SCHEDULE,NONE,NONE
MPLADS-004628,15.63,27.06,0,0.0,0.0,0.0,0.9657,0.2223,0.0,0.0,NORMAL_DISBURSEMENT_SCHEDULE,NONE,NONE
MPLADS-004629,13.95,24.26,0,0.0,0.0,0.0,0.8821,0.2222,0.0,0.0,NORMAL_DISBURSEMENT_SCHEDULE,NONE,NONE
MPLADS-004630,66.51,88.18,0,0.0,0.0,0.0,1.2855,0.2222,0.0,0.0,ELEVATED_PAYMENT_VOLATILITY,NONE,NONE
MPLADS-004631,82.79,97.8,1,0.0,0.0,0.0,0.9207,0.25,0.3466,0.0,PAYMENT_TIMING_ANOMALY,NONE,NONE
MPLADS-004632,41.38,68.26,0,0.0,0.0,0.0,0.9148,0.25,0.0,0.0,NORMAL_DISBURSEMENT_SCHEDULE,NONE,NONE
MPLADS-004633,54.03,79.2,0,0.0,0.0,0.0,0.9105,0.2222,0.0,0.0,NORMAL_DISBURSEMENT_SCHEDULE,NONE,NONE
MPLADS-004634,37.47,62.12,0,0.0,0.0,0.0,0.9032,0.2222,0.0,0.0,NORMAL_DISBURSEMENT_SCHEDULE,NONE,NONE
MPLADS-004635,36.63,60.62,0,0.0,0.0,0.0,0.9658,0.25,0.0,0.0,NORMAL_DISBURSEMENT_SCHEDULE,NONE,NONE
MPLADS-004636,43.36,71.14,0,0.0,0.0,0.0,0.8797,0.2222,0.0,0.0,NORMAL_DISBURSEMENT_SCHEDULE,NONE,NONE
MPLADS-004637,37.59,62.34,0,0.0,0.0,0.0,0.9532,0.25,0.0,0.0,NORMAL_DISBURSEMENT_SCHEDULE,NONE,NONE
MPLADS-004638,59.05,82.2,0,0.0,0.0,0.0,1.5491,0.2222,0.0,0.0,NORMAL_DISBURSEMENT_SCHEDULE,NONE,NONE
MPLADS-004639,41.18,67.98,0,0.0,0.0,0.0,0.9408,0.25,0.0,0.0,NORMAL_DISBURSEMENT_SCHEDULE,NONE,NONE
MPLADS-004640,43.53,71.38,0,0.0,0.0,0.0,0.9769,0.2222,0.0,0.0,NORMAL_DISBURSEMENT_SCHEDULE,NONE,NONE
MPLADS-004641,19.09,32.62,0,0.0,0.0,0.0,0.9528,0.2222,0.0,0.0,NORMAL_DISBURSEMENT_SCHEDULE,NONE,NONE
MPLADS-004642,9.35,15.5,0,0.0,0.0,0.0,0.9043,0.2222,0.0,0.0,NORMAL_DISBURSEMENT_SCHEDULE,NONE,NONE
MPLADS-004643,56.1,80.4,0,0.0,0.0,0.0,0.9027,0.25,0.0,0.0,NORMAL_DISBURSEMENT_SCHEDULE,NONE,NONE
MPLADS-004644,34.66,57.0,0,0.0,0.0,0.0,0.8675,0.25,0.0,0.0,NORMAL_DISBURSEMENT_SCHEDULE,NONE,NONE
MPLADS-004645,44.04,72.04,0,0.0,0.0,0.0,0.9777,0.25,0.0,0.0,NORMAL_DISBURSEMENT_SCHEDULE,NONE,NONE
MPLADS-004646,36.1,59.66,0,0.0,0.0,0.0,0.9063,0.2222,0.0,0.0,NORMAL_DISBURSEMENT_SCHEDULE,NONE,NONE
MPLADS-004647,3.89,5.8,0,0.0,0.0,0.0,0.963,0.2222,0.0,0.0,NORMAL_DISBURSEMENT_SCHEDULE,NONE,NONE
MPLADS-004648,42.43,69.84,0,0.0,0.0,0.0,0.9316,0.2222,0.0,0.0,NORMAL_DISBURSEMENT_SCHEDULE,NONE,NONE
MPLADS-004649,3.0,4.36,0,0.0,0.0,0.0,0.9691,0.2222,0.0,0.0,NORMAL_DISBURSEMENT_SCHEDULE,NONE,NONE
MPLADS-004650,6.51,10.2,0,0.0,0.0,0.0,0.9363,0.2222,0.0,0.0,NORMAL_DISBURSEMENT_SCHEDULE,NONE,NONE
MPLADS-004651,33.31,54.48,0,0.0,0.0,0.0,0.9019,0.25,0.0,0.0,NORMAL_DISBURSEMENT_SCHEDULE,NONE,NONE
MPLADS-004652,44.66,72.82,0,0.0,0.0,0.0,0.8822,0.25,0.0,0.0,NORMAL_DISBURSEMENT_SCHEDULE,NONE,NONE
MPLADS-004653,64.47,86.2,0,1.0,2436000.0,0.0,0.8611,0.2222,0.0,50.0,UNVERIFIED_DISBURSEMENT_BURST,NONE,NONE
MPLADS-004654,36.31,60.04,0,0.0,0.0,0.0,0.8508,0.2223,0.0,0.0,NORMAL_DISBURSEMENT_SCHEDULE,NONE,NONE
MPLADS-004655,37.78,62.68,0,0.0,0.0,0.0,0.8599,0.25,0.0,0.0,NORMAL_DISBURSEMENT_SCHEDULE,NONE,NONE
MPLADS-004656,16.53,28.62,0,0.0,0.0,0.0,0.9536,0.2223,0.0,0.0,NORMAL_DISBURSEMENT_SCHEDULE,NONE,NONE
MPLADS-004657,3.54,5.2,0,0.0,0.0,0.0,0.9514,0.2222,0.0,0.0,NORMAL_DISBURSEMENT_SCHEDULE,NONE,NONE
MPLADS-004658,6.11,9.51,0,0.0,0.0,0.0,0.9613,0.2222,0.0,0.0,NORMAL_DISBURSEMENT_SCHEDULE,NONE,NONE
MPLADS-004659,19.83,33.64,0,0.0,0.0,0.0,0.9783,0.2222,0.0,0.0,NORMAL_DISBURSEMENT_SCHEDULE,NONE,NONE
MPLADS-004660,46.12,74.32,0,0.0,0.0,0.0,0.8719,0.2222,0.0,0.0,NORMAL_DISBURSEMENT_SCHEDULE,NONE,NONE
MPLADS-004661,21.57,35.9,0,0.0,0.0,0.0068,0.8653,0.2222,0.0,25.0,NORMAL_DISBURSEMENT_SCHEDULE,NONE,NONE
MPLADS-004662,6.27,9.78,0,0.0,0.0,0.0,0.8862,0.2222,0.0,0.0,NORMAL_DISBURSEMENT_SCHEDULE,NONE,NONE
MPLADS-004663,42.66,70.14,0,0.0,0.0,0.0,0.8544,0.25,0.0,0.0,NORMAL_DISBURSEMENT_SCHEDULE,NONE,NONE
MPLADS-004664,59.7,82.58,0,0.0,0.0,0.0,0.9716,0.2222,0.0,0.0,NORMAL_DISBURSEMENT_SCHEDULE,NONE,NONE
MPLADS-004665,68.76,90.1,0,0.0,0.0,0.0,1.3345,0.2222,0.0,0.0,ELEVATED_PAYMENT_VOLATILITY,NONE,NONE
MPLADS-004666,25.28,40.74,0,0.0,0.0,0.0,0.9353,0.2222,0.0,0.0,NORMAL_DISBURSEMENT_SCHEDULE,NONE,NONE
MPLADS-004667,43.73,71.64,0,0.0,0.0,0.0,0.8565,0.25,0.0,0.0,NORMAL_DISBURSEMENT_SCHEDULE,NONE,NONE
MPLADS-004668,24.65,39.92,0,0.0,0.0,0.0,0.8931,0.2223,0.0,0.0,NORMAL_DISBURSEMENT_SCHEDULE,NONE,NONE
MPLADS-004669,38.97,64.74,0,0.0,0.0,0.0,0.976,0.2222,0.0,0.0,NORMAL_DISBURSEMENT_SCHEDULE,NONE,NONE
MPLADS-004670,38.23,63.48,0,0.0,0.0,0.0,0.9567,0.2222,0.0,0.0,NORMAL_DISBURSEMENT_SCHEDULE,NONE,NONE
MPLADS-004671,52.03,78.1,0,0.0,0.0,0.0,1.3266,0.2222,0.0,0.0,NORMAL_DISBURSEMENT_SCHEDULE,NONE,NONE
MPLADS-004672,5.43,8.28,0,0.0,0.0,0.0,0.9594,0.2222,0.0,0.0,NORMAL_DISBURSEMENT_SCHEDULE,NONE,NONE
MPLADS-004673,75.6,93.8,0,0.0,0.0,0.0,0.8735,0.2222,0.0,25.0,STATUTORY_CEILING_SMURFING,NONE,NONE
MPLADS-004674,11.38,19.3,0,0.0,0.0,0.0,0.9692,0.2222,0.0,0.0,NORMAL_DISBURSEMENT_SCHEDULE,NONE,NONE
MPLADS-004675,42.97,70.58,0,0.0,0.0,0.0,0.865,0.25,0.0,0.0,NORMAL_DISBURSEMENT_SCHEDULE,NONE,NONE
MPLADS-004676,1.99,2.82,0,0.0,0.0,0.0,0.8949,0.2222,0.0,0.0,NORMAL_DISBURSEMENT_SCHEDULE,NONE,NONE
MPLADS-004677,69.39,90.58,0,1.0,2302000.0,0.0,0.9871,0.2222,0.0,50.0,UNVERIFIED_DISBURSEMENT_BURST,NONE,NONE
MPLADS-004678,95.59,99.74,1,0.0,0.0,0.0,0.8882,0.25,0.3466,0.0,PAYMENT_TIMING_ANOMALY,NONE,NONE
MPLADS-004679,10.41,17.48,0,0.0,0.0,0.0,0.884,0.2222,0.0,0.0,NORMAL_DISBURSEMENT_SCHEDULE,NONE,NONE
MPLADS-004680,14.41,25.08,0,0.0,0.0,0.0,0.9056,0.2222,0.0,0.0,NORMAL_DISBURSEMENT_SCHEDULE,NONE,NONE
MPLADS-004681,42.89,70.44,0,0.0,0.0,0.0,0.9638,0.25,0.0,0.0,NORMAL_DISBURSEMENT_SCHEDULE,NONE,NONE
MPLADS-004682,59.28,82.32,0,0.0,0.0,0.0,0.8871,0.2222,0.0,25.0,NORMAL_DISBURSEMENT_SCHEDULE,NONE,NONE
MPLADS-004683,4.35,6.56,0,0.0,0.0,0.0,0.9217,0.2222,0.0,0.0,NORMAL_DISBURSEMENT_SCHEDULE,NONE,NONE
MPLADS-004684,57.92,81.52,0,0.0,0.0,0.0,1.4955,0.2222,0.0,0.0,NORMAL_DISBURSEMENT_SCHEDULE,NONE,NONE
MPLADS-004685,34.75,57.16,0,0.0,0.0,0.0,0.9664,0.2222,0.0,0.0,NORMAL_DISBURSEMENT_SCHEDULE,NONE,NONE
MPLADS-004686,36.39,60.18,0,0.0,0.0,0.0,0.8615,0.2222,0.0,0.0,NORMAL_DISBURSEMENT_SCHEDULE,NONE,NONE
MPLADS-004687,74.85,93.5,0,0.0,0.0,0.0,0.4095,0.25,0.0,0.0,ELEVATED_PAYMENT_VOLATILITY,NONE,NONE
MPLADS-004688,65.52,87.24,0,0.0,0.0,0.0,1.5393,0.2222,0.0,0.0,ELEVATED_PAYMENT_VOLATILITY,NONE,NONE
MPLADS-004689,60.73,83.12,0,1.0,2486000.0,0.0,0.893,0.2222,0.0,50.0,UNVERIFIED_DISBURSEMENT_BURST,NONE,NONE
MPLADS-004690,65.08,86.8,0,0.0,0.0,0.0,0.9479,0.2222,0.231,0.0,PAYMENT_TIMING_ANOMALY,NONE,NONE
MPLADS-004691,54.94,79.56,0,0.0,0.0,0.0,1.5002,0.2222,0.0,0.0,NORMAL_DISBURSEMENT_SCHEDULE,NONE,NONE
MPLADS-004692,21.39,35.68,0,0.0,0.0,0.0,0.9044,0.2222,0.0,0.0,NORMAL_DISBURSEMENT_SCHEDULE,NONE,NONE
MPLADS-004693,30.96,50.0,0,0.0,0.0,0.0,0.8671,0.2222,0.0,0.0,NORMAL_DISBURSEMENT_SCHEDULE,NONE,NONE
MPLADS-004694,22.88,37.68,0,0.0,0.0,0.0,0.8989,0.2222,0.0,0.0,NORMAL_DISBURSEMENT_SCHEDULE,NONE,NONE
MPLADS-004695,18.27,31.36,0,0.0,0.0,0.0,0.9178,0.2222,0.0,0.0,NORMAL_DISBURSEMENT_SCHEDULE,NONE,NONE
MPLADS-004696,39.09,64.96,0,0.0,0.0,0.0,0.8754,0.25,0.0,0.0,NORMAL_DISBURSEMENT_SCHEDULE,NONE,NONE
MPLADS-004697,25.51,40.94,0,0.0,0.0,0.0,0.9257,0.2223,0.0,0.0,NORMAL_DISBURSEMENT_SCHEDULE,NONE,NONE
MPLADS-004698,5.86,9.04,0,0.0,0.0,0.0,0.8756,0.2222,0.0,0.0,NORMAL_DISBURSEMENT_SCHEDULE,NONE,NONE
MPLADS-004699,33.61,55.04,0,0.0,0.0,0.0,0.9585,0.2222,0.0,0.0,NORMAL_DISBURSEMENT_SCHEDULE,NONE,NONE
MPLADS-004700,82.75,97.74,1,1.0,610000.0,0.0,0.9591,0.25,0.0,50.0,UNVERIFIED_DISBURSEMENT_BURST,NONE,NONE
MPLADS-004701,7.21,11.46,0,0.0,0.0,0.0,0.8982,0.2222,0.0,0.0,NORMAL_DISBURSEMENT_SCHEDULE,NONE,NONE
MPLADS-004702,72.79,92.56,0,0.0,0.0,0.9928,1.5447,0.2222,0.0,25.0,STATUTORY_CEILING_SMURFING,NONE,NONE
MPLADS-004703,13.52,23.4,0,0.0,0.0,0.0,0.8656,0.2222,0.0,0.0,NORMAL_DISBURSEMENT_SCHEDULE,NONE,NONE
MPLADS-004704,23.5,38.46,0,0.0,0.0,0.0,0.862,0.2222,0.0,0.0,NORMAL_DISBURSEMENT_SCHEDULE,NONE,NONE
MPLADS-004705,2.6,3.76,0,0.0,0.0,0.0,0.8809,0.2222,0.0,0.0,NORMAL_DISBURSEMENT_SCHEDULE,NONE,NONE
MPLADS-004706,41.13,67.94,0,0.0,0.0,0.0,0.9114,0.25,0.0,0.0,NORMAL_DISBURSEMENT_SCHEDULE,NONE,NONE
MPLADS-004707,75.01,93.58,0,0.0,0.0,0.0,0.6177,0.25,0.0,0.0,ELEVATED_PAYMENT_VOLATILITY,NONE,NONE
MPLADS-004708,33.78,55.36,0,0.0,0.0,0.0,0.9126,0.25,0.0,0.0,NORMAL_DISBURSEMENT_SCHEDULE,NONE,NONE
MPLADS-004709,36.35,60.1,0,0.0,0.0,0.0,0.8594,0.2222,0.0,0.0,NORMAL_DISBURSEMENT_SCHEDULE,NONE,NONE
MPLADS-004710,2.22,3.18,0,0.0,0.0,0.0,0.9289,0.2222,0.0,0.0,NORMAL_DISBURSEMENT_SCHEDULE,NONE,NONE
MPLADS-004711,12.12,20.66,0,0.0,0.0,0.0,0.9444,0.2222,0.0,0.0,NORMAL_DISBURSEMENT_SCHEDULE,NONE,NONE
MPLADS-004712,49.33,76.64,0,0.0,0.0,0.3093,0.8737,0.2222,0.0,25.0,NORMAL_DISBURSEMENT_SCHEDULE,NONE,NONE
MPLADS-004713,28.0,44.48,0,0.0,0.0,0.0,0.9354,0.25,0.0,0.0,NORMAL_DISBURSEMENT_SCHEDULE,NONE,NONE
MPLADS-004714,34.88,57.42,0,0.0,0.0,0.0,0.8615,0.2222,0.0,0.0,NORMAL_DISBURSEMENT_SCHEDULE,NONE,NONE
MPLADS-004715,37.28,61.8,0,0.0,0.0,0.0,0.953,0.25,0.0,0.0,NORMAL_DISBURSEMENT_SCHEDULE,NONE,NONE
MPLADS-004716,37.35,61.92,0,0.0,0.0,0.1583,0.8809,0.2222,0.0,25.0,NORMAL_DISBURSEMENT_SCHEDULE,NONE,NONE
MPLADS-004717,61.9,83.88,0,0.0,0.0,0.0,0.9281,0.2222,0.0,0.0,ELEVATED_PAYMENT_VOLATILITY,NONE,NONE
MPLADS-004718,7.95,12.88,0,0.0,0.0,0.0,0.8675,0.2222,0.0,0.0,NORMAL_DISBURSEMENT_SCHEDULE,NONE,NONE
MPLADS-004719,29.39,47.08,0,0.0,0.0,0.0,0.9015,0.2222,0.0,0.0,NORMAL_DISBURSEMENT_SCHEDULE,NONE,NONE
MPLADS-004720,8.76,14.44,0,0.0,0.0,0.0,0.9336,0.2223,0.0,0.0,NORMAL_DISBURSEMENT_SCHEDULE,NONE,NONE
MPLADS-004721,23.48,38.42,0,0.0,0.0,0.0,0.9398,0.2222,0.0,0.0,NORMAL_DISBURSEMENT_SCHEDULE,NONE,NONE
MPLADS-004722,53.61,79.0,0,0.0,0.0,0.0,0.8907,0.2222,0.0,0.0,NORMAL_DISBURSEMENT_SCHEDULE,NONE,NONE
MPLADS-004723,43.06,70.7,0,0.0,0.0,0.0,0.8534,0.25,0.0,0.0,NORMAL_DISBURSEMENT_SCHEDULE,NONE,NONE
MPLADS-004724,30.24,48.62,0,0.0,0.0,0.0,0.8937,0.2222,0.0,0.0,NORMAL_DISBURSEMENT_SCHEDULE,NONE,NONE
MPLADS-004725,63.41,85.24,0,0.0,0.0,0.0,0.9041,0.2222,0.231,0.0,PAYMENT_TIMING_ANOMALY,NONE,NONE
MPLADS-004726,7.87,12.74,0,0.0,0.0,0.0,0.9117,0.2222,0.0,0.0,NORMAL_DISBURSEMENT_SCHEDULE,NONE,NONE
MPLADS-004727,49.92,76.98,0,0.0,0.0,0.7261,0.8891,0.2222,0.0,25.0,NORMAL_DISBURSEMENT_SCHEDULE,NONE,NONE
MPLADS-004728,28.14,44.72,0,0.0,0.0,0.0,0.9036,0.2222,0.0,0.0,NORMAL_DISBURSEMENT_SCHEDULE,NONE,NONE
MPLADS-004729,68.7,90.04,0,1.0,2693000.0,0.0,0.8941,0.2222,0.0,50.0,UNVERIFIED_DISBURSEMENT_BURST,NONE,NONE
MPLADS-004730,8.51,13.98,0,0.0,0.0,0.0,0.8607,0.2222,0.0,0.0,NORMAL_DISBURSEMENT_SCHEDULE,NONE,NONE
MPLADS-004731,68.41,89.78,0,1.0,2228000.0,0.0,0.9489,0.2222,0.0,50.0,UNVERIFIED_DISBURSEMENT_BURST,NONE,NONE
MPLADS-004732,65.48,87.18,0,1.0,2905000.0,0.0,0.942,0.2222,0.0,50.0,UNVERIFIED_DISBURSEMENT_BURST,NONE,NONE
MPLADS-004733,10.83,18.28,0,0.0,0.0,0.0,0.9547,0.2222,0.0,0.0,NORMAL_DISBURSEMENT_SCHEDULE,NONE,NONE
MPLADS-004734,39.11,64.98,0,0.0,0.0,0.0,0.8677,0.25,0.0,0.0,NORMAL_DISBURSEMENT_SCHEDULE,NONE,NONE
MPLADS-004735,66.93,88.54,0,1.0,2167000.0,0.0,0.9529,0.2222,0.0,50.0,UNVERIFIED_DISBURSEMENT_BURST,NONE,NONE
MPLADS-004736,74.54,93.38,0,0.0,0.0,0.0,0.9224,0.2222,0.0,0.0,ELEVATED_PAYMENT_VOLATILITY,NONE,NONE
MPLADS-004737,32.29,52.64,0,0.0,0.0,0.0,0.9573,0.25,0.0,0.0,NORMAL_DISBURSEMENT_SCHEDULE,NONE,NONE
MPLADS-004738,63.36,85.22,0,0.0,0.0,0.0,0.895,0.2222,0.231,0.0,PAYMENT_TIMING_ANOMALY,NONE,NONE
MPLADS-004739,78.99,95.74,1,1.0,493000.0,0.0,0.9096,0.25,0.0,50.0,UNVERIFIED_DISBURSEMENT_BURST,NONE,NONE
MPLADS-004740,14.31,24.92,0,0.0,0.0,0.0,0.8862,0.2222,0.0,0.0,NORMAL_DISBURSEMENT_SCHEDULE,NONE,NONE
MPLADS-004741,62.77,84.62,0,0.0,0.0,0.0,0.8588,0.25,0.0,0.0,ELEVATED_PAYMENT_VOLATILITY,NONE,NONE
MPLADS-004742,62.0,83.94,0,0.0,0.0,0.0,0.9185,0.2222,0.231,0.0,PAYMENT_TIMING_ANOMALY,NONE,NONE
MPLADS-004743,0.72,0.76,0,0.0,0.0,0.0,0.9288,0.2222,0.0,0.0,NORMAL_DISBURSEMENT_SCHEDULE,NONE,NONE
MPLADS-004744,82.13,97.36,1,1.0,524000.0,0.0,0.9758,0.25,0.0,50.0,UNVERIFIED_DISBURSEMENT_BURST,NONE,NONE
MPLADS-004745,62.7,84.56,0,1.0,1717000.0,0.0,0.9251,0.2222,0.0,50.0,UNVERIFIED_DISBURSEMENT_BURST,NONE,NONE
MPLADS-004746,0.07,0.08,0,0.0,0.0,0.0,0.9235,0.2222,0.0,0.0,NORMAL_DISBURSEMENT_SCHEDULE,NONE,NONE
MPLADS-004747,44.44,72.52,0,0.0,0.0,0.8353,0.9634,0.2222,0.0,25.0,NORMAL_DISBURSEMENT_SCHEDULE,NONE,NONE
MPLADS-004748,4.28,6.44,0,0.0,0.0,0.0,0.9393,0.2222,0.0,0.0,NORMAL_DISBURSEMENT_SCHEDULE,NONE,NONE
MPLADS-004749,4.66,7.04,0,0.0,0.0,0.0,0.9036,0.2222,0.0,0.0,NORMAL_DISBURSEMENT_SCHEDULE,NONE,NONE
MPLADS-004750,42.81,70.34,0,0.0,0.0,0.0,0.9384,0.2222,0.0,0.0,NORMAL_DISBURSEMENT_SCHEDULE,NONE,NONE
MPLADS-004751,27.95,44.4,0,0.0,0.0,0.0,0.9157,0.2222,0.0,0.0,NORMAL_DISBURSEMENT_SCHEDULE,NONE,NONE
MPLADS-004752,34.58,56.84,0,0.0,0.0,0.0,0.9224,0.2222,0.0,0.0,NORMAL_DISBURSEMENT_SCHEDULE,NONE,NONE
MPLADS-004753,14.19,24.68,0,0.0,0.0,0.0,0.8806,0.2222,0.0,0.0,NORMAL_DISBURSEMENT_SCHEDULE,NONE,NONE
MPLADS-004754,62.16,84.04,0,1.0,2304000.0,0.0111,0.9501,0.2222,0.0,75.0,UNVERIFIED_DISBURSEMENT_BURST,STATUTORY_CEILING_SMURFING,NONE
MPLADS-004755,4.58,6.92,0,0.0,0.0,0.0,0.9751,0.2222,0.0,0.0,NORMAL_DISBURSEMENT_SCHEDULE,NONE,NONE
MPLADS-004756,21.63,36.0,0,0.0,0.0,0.0,0.9425,0.2222,0.0,0.0,NORMAL_DISBURSEMENT_SCHEDULE,NONE,NONE
MPLADS-004757,20.74,34.9,0,0.0,0.0,0.0418,0.9791,0.2222,0.0,25.0,NORMAL_DISBURSEMENT_SCHEDULE,NONE,NONE
MPLADS-004758,69.5,90.64,0,1.0,2489000.0,0.0,0.9569,0.2222,0.0,50.0,UNVERIFIED_DISBURSEMENT_BURST,NONE,NONE
MPLADS-004759,84.26,98.44,1,0.0,0.0,0.0,0.9282,0.25,0.3466,0.0,PAYMENT_TIMING_ANOMALY,NONE,NONE
MPLADS-004760,30.74,49.58,0,0.0,0.0,0.0,0.9426,0.2222,0.0,0.0,NORMAL_DISBURSEMENT_SCHEDULE,NONE,NONE
MPLADS-004761,30.3,48.74,0,0.0,0.0,0.0,0.9278,0.2222,0.0,0.0,NORMAL_DISBURSEMENT_SCHEDULE,NONE,NONE
MPLADS-004762,9.99,16.72,0,0.0,0.0,0.0,0.8748,0.2222,0.0,0.0,NORMAL_DISBURSEMENT_SCHEDULE,NONE,NONE
MPLADS-004763,8.31,13.6,0,0.0,0.0,0.0,0.8783,0.2222,0.0,0.0,NORMAL_DISBURSEMENT_SCHEDULE,NONE,NONE
MPLADS-004764,19.59,33.32,0,0.0,0.0,0.0,0.9794,0.2222,0.0,0.0,NORMAL_DISBURSEMENT_SCHEDULE,NONE,NONE
MPLADS-004765,18.34,31.46,0,0.0,0.0,0.0,0.8722,0.2223,0.0,0.0,NORMAL_DISBURSEMENT_SCHEDULE,NONE,NONE
MPLADS-004766,2.16,3.07,0,0.0,0.0,0.0,0.9239,0.2222,0.0,0.0,NORMAL_DISBURSEMENT_SCHEDULE,NONE,NONE
MPLADS-004767,29.85,47.94,0,0.0,0.0,0.0,0.9046,0.25,0.0,0.0,NORMAL_DISBURSEMENT_SCHEDULE,NONE,NONE
MPLADS-004768,60.64,83.1,0,0.0,0.0,0.0,0.9747,0.2222,0.0,0.0,ELEVATED_PAYMENT_VOLATILITY,NONE,NONE
MPLADS-004769,16.66,28.84,0,0.0,0.0,0.0,0.9033,0.2222,0.0,0.0,NORMAL_DISBURSEMENT_SCHEDULE,NONE,NONE
MPLADS-004770,0.14,0.12,0,0.0,0.0,0.0,0.9136,0.2222,0.0,0.0,NORMAL_DISBURSEMENT_SCHEDULE,NONE,NONE
MPLADS-004771,13.02,22.48,0,0.0,0.0,0.0,0.9782,0.2222,0.0,0.0,NORMAL_DISBURSEMENT_SCHEDULE,NONE,NONE
MPLADS-004772,22.11,36.66,0,0.0,0.0,0.0,0.8865,0.2223,0.0,0.0,NORMAL_DISBURSEMENT_SCHEDULE,NONE,NONE
MPLADS-004773,24.61,39.86,0,0.0,0.0,0.0,0.9699,0.2222,0.0,0.0,NORMAL_DISBURSEMENT_SCHEDULE,NONE,NONE
MPLADS-004774,62.87,84.74,0,0.0,0.0,0.0,0.634,0.2222,0.0,0.0,ELEVATED_PAYMENT_VOLATILITY,NONE,NONE
MPLADS-004775,50.79,77.4,0,0.0,0.0,0.0,0.903,0.2222,0.0,0.0,NORMAL_DISBURSEMENT_SCHEDULE,NONE,NONE
MPLADS-004776,62.24,84.1,0,0.0,0.0,0.0,0.4428,0.2222,0.0,0.0,ELEVATED_PAYMENT_VOLATILITY,NONE,NONE
MPLADS-004777,15.51,26.86,0,0.0,0.0,0.0,0.9728,0.2223,0.0,0.0,NORMAL_DISBURSEMENT_SCHEDULE,NONE,NONE
MPLADS-004778,61.67,83.68,0,0.0,0.0,0.0,1.4539,0.2222,0.0,0.0,ELEVATED_PAYMENT_VOLATILITY,NONE,NONE
MPLADS-004779,62.36,84.22,0,0.0,0.0,0.0,0.9074,0.2222,0.0,0.0,ELEVATED_PAYMENT_VOLATILITY,NONE,NONE
MPLADS-004780,12.88,22.16,0,0.0,0.0,0.0,0.9769,0.2222,0.0,0.0,NORMAL_DISBURSEMENT_SCHEDULE,NONE,NONE
MPLADS-004781,13.89,24.14,0,0.0,0.0,0.0,0.9499,0.2222,0.0,0.0,NORMAL_DISBURSEMENT_SCHEDULE,NONE,NONE
MPLADS-004782,29.0,46.3,0,0.0,0.0,0.0,0.8557,0.2222,0.0,0.0,NORMAL_DISBURSEMENT_SCHEDULE,NONE,NONE
MPLADS-004783,30.35,48.84,0,0.0,0.0,0.0,0.9491,0.25,0.0,0.0,NORMAL_DISBURSEMENT_SCHEDULE,NONE,NONE
MPLADS-004784,58.46,81.74,0,0.0,0.0,0.0,0.8633,0.2222,0.0,0.0,NORMAL_DISBURSEMENT_SCHEDULE,NONE,NONE
MPLADS-004785,41.73,68.74,0,0.0,0.0,0.0,0.8502,0.25,0.0,0.0,NORMAL_DISBURSEMENT_SCHEDULE,NONE,NONE
MPLADS-004786,68.88,90.18,0,1.0,1466000.0,0.0,0.8588,0.2223,0.0,50.0,UNVERIFIED_DISBURSEMENT_BURST,NONE,NONE
MPLADS-004787,25.34,40.82,0,0.0,0.0,0.0,0.9117,0.2222,0.0,0.0,NORMAL_DISBURSEMENT_SCHEDULE,NONE,NONE
MPLADS-004788,7.29,11.62,0,0.0,0.0,0.0,0.8626,0.2222,0.0,0.0,NORMAL_DISBURSEMENT_SCHEDULE,NONE,NONE
MPLADS-004789,42.46,69.88,0,0.0,0.0,0.0,0.9779,0.2222,0.0,0.0,NORMAL_DISBURSEMENT_SCHEDULE,NONE,NONE
MPLADS-004790,40.03,66.34,0,0.0,0.0,0.0,0.9723,0.25,0.0,0.0,NORMAL_DISBURSEMENT_SCHEDULE,NONE,NONE
MPLADS-004791,57.68,81.38,0,0.0,0.0,0.9928,0.9305,0.2222,0.0,25.0,NORMAL_DISBURSEMENT_SCHEDULE,NONE,NONE
MPLADS-004792,39.61,65.68,0,0.0,0.0,0.0,0.9757,0.25,0.0,0.0,NORMAL_DISBURSEMENT_SCHEDULE,NONE,NONE
MPLADS-004793,3.14,4.6,0,0.0,0.0,0.0,0.8901,0.2222,0.0,0.0,NORMAL_DISBURSEMENT_SCHEDULE,NONE,NONE
MPLADS-004794,37.9,62.92,0,0.0,0.0,0.0,0.8816,0.25,0.0,0.0,NORMAL_DISBURSEMENT_SCHEDULE,NONE,NONE
MPLADS-004795,45.37,73.54,0,0.0,0.0,0.0,1.3034,0.2222,0.0,0.0,NORMAL_DISBURSEMENT_SCHEDULE,NONE,NONE
MPLADS-004796,28.97,46.24,0,0.0,0.0,0.0,0.9142,0.25,0.0,0.0,NORMAL_DISBURSEMENT_SCHEDULE,NONE,NONE
MPLADS-004797,13.86,24.08,0,0.0,0.0,0.0,0.9411,0.2223,0.0,0.0,NORMAL_DISBURSEMENT_SCHEDULE,NONE,NONE
MPLADS-004798,65.04,86.74,0,0.0,0.0,0.0,0.9077,0.2222,0.0,25.0,ROUND_NUMBER_DISBURSEMENT_CONCENTRATION,NONE,NONE
MPLADS-004799,15.39,26.72,0,0.0,0.0,0.0,0.8987,0.2223,0.0,0.0,NORMAL_DISBURSEMENT_SCHEDULE,NONE,NONE
MPLADS-004800,3.41,4.98,0,0.0,0.0,0.0,0.8651,0.2222,0.0,0.0,NORMAL_DISBURSEMENT_SCHEDULE,NONE,NONE
MPLADS-004801,31.73,51.58,0,0.0,0.0,0.0,0.9323,0.25,0.0,0.0,NORMAL_DISBURSEMENT_SCHEDULE,NONE,NONE
MPLADS-004802,3.44,5.04,0,0.0,0.0,0.0,0.9656,0.2222,0.0,0.0,NORMAL_DISBURSEMENT_SCHEDULE,NONE,NONE
MPLADS-004803,5.73,8.8,0,0.0,0.0,0.0,0.9085,0.2222,0.0,0.0,NORMAL_DISBURSEMENT_SCHEDULE,NONE,NONE
MPLADS-004804,38.58,64.08,0,0.0,0.0,0.0,0.978,0.25,0.0,0.0,NORMAL_DISBURSEMENT_SCHEDULE,NONE,NONE
MPLADS-004805,33.25,54.36,0,0.0,0.0,0.0,0.8947,0.25,0.0,0.0,NORMAL_DISBURSEMENT_SCHEDULE,NONE,NONE
MPLADS-004806,40.27,66.76,0,0.0,0.0,0.0,0.9799,0.2222,0.0,0.0,NORMAL_DISBURSEMENT_SCHEDULE,NONE,NONE
MPLADS-004807,10.97,18.52,0,0.0,0.0,0.0,0.9174,0.2222,0.0,0.0,NORMAL_DISBURSEMENT_SCHEDULE,NONE,NONE
MPLADS-004808,4.46,6.72,0,0.0,0.0,0.0,0.9792,0.2222,0.0,0.0,NORMAL_DISBURSEMENT_SCHEDULE,NONE,NONE
MPLADS-004809,1.39,1.82,0,0.0,0.0,0.0,0.9121,0.2222,0.0,0.0,NORMAL_DISBURSEMENT_SCHEDULE,NONE,NONE
MPLADS-004810,27.02,43.04,0,0.0,0.0,0.0,0.9562,0.2222,0.0,0.0,NORMAL_DISBURSEMENT_SCHEDULE,NONE,NONE
MPLADS-004811,73.74,93.06,0,1.0,2261000.0,0.8353,0.9099,0.2222,0.0,75.0,UNVERIFIED_DISBURSEMENT_BURST,STATUTORY_CEILING_SMURFING,NONE
MPLADS-004812,66.12,87.86,0,1.0,2334000.0,0.0,0.8939,0.2222,0.0,50.0,UNVERIFIED_DISBURSEMENT_BURST,NONE,NONE
MPLADS-004813,14.86,25.86,0,0.0,0.0,0.0222,0.891,0.2222,0.0,25.0,NORMAL_DISBURSEMENT_SCHEDULE,NONE,NONE
MPLADS-004814,6.49,10.16,0,0.0,0.0,0.0,0.9272,0.2222,0.0,0.0,NORMAL_DISBURSEMENT_SCHEDULE,NONE,NONE
MPLADS-004815,22.83,37.6,0,0.0,0.0,0.0,0.8952,0.2223,0.0,0.0,NORMAL_DISBURSEMENT_SCHEDULE,NONE,NONE
MPLADS-004816,34.78,57.22,0,0.0,0.0,0.0,0.8675,0.25,0.0,0.0,NORMAL_DISBURSEMENT_SCHEDULE,NONE,NONE
MPLADS-004817,34.33,56.4,0,0.0,0.0,0.0,0.9656,0.2222,0.0,0.0,NORMAL_DISBURSEMENT_SCHEDULE,NONE,NONE
MPLADS-004818,67.53,89.04,0,1.0,1815000.0,0.0,1.0,0.2222,0.0,50.0,UNVERIFIED_DISBURSEMENT_BURST,NONE,NONE
MPLADS-004819,68.54,89.94,0,0.0,0.0,0.0,0.8547,0.2222,0.231,0.0,PAYMENT_TIMING_ANOMALY,NONE,NONE
MPLADS-004820,21.54,35.84,0,0.0,0.0,0.0,0.9327,0.2223,0.0,0.0,NORMAL_DISBURSEMENT_SCHEDULE,NONE,NONE
MPLADS-004821,20.28,34.26,0,0.0,0.0,0.0,0.8668,0.2223,0.0,0.0,NORMAL_DISBURSEMENT_SCHEDULE,NONE,NONE
MPLADS-004822,7.73,12.48,0,0.0,0.0,0.0,0.9532,0.2222,0.0,0.0,NORMAL_DISBURSEMENT_SCHEDULE,NONE,NONE
MPLADS-004823,71.3,91.7,0,0.0,0.0,0.0,0.4675,0.25,0.0,0.0,ELEVATED_PAYMENT_VOLATILITY,NONE,NONE
MPLADS-004824,10.5,17.66,0,0.0,0.0,0.0,0.8502,0.2222,0.0,0.0,NORMAL_DISBURSEMENT_SCHEDULE,NONE,NONE
MPLADS-004825,19.39,33.0,0,0.0,0.0,0.0,0.8877,0.2223,0.0,0.0,NORMAL_DISBURSEMENT_SCHEDULE,NONE,NONE
MPLADS-004826,0.36,0.28,0,0.0,0.0,0.0,0.9189,0.2222,0.0,0.0,NORMAL_DISBURSEMENT_SCHEDULE,NONE,NONE
MPLADS-004827,36.32,60.06,0,0.0,0.0,0.0,0.899,0.25,0.0,0.0,NORMAL_DISBURSEMENT_SCHEDULE,NONE,NONE
MPLADS-004828,24.82,40.14,0,0.0,0.0,0.0,0.8882,0.2222,0.0,0.0,NORMAL_DISBURSEMENT_SCHEDULE,NONE,NONE
MPLADS-004829,40.18,66.6,0,0.0,0.0,0.0,0.8696,0.25,0.0,0.0,NORMAL_DISBURSEMENT_SCHEDULE,NONE,NONE
MPLADS-004830,42.59,70.08,0,0.0,0.0,0.0,0.9791,0.2222,0.0,0.0,NORMAL_DISBURSEMENT_SCHEDULE,NONE,NONE
MPLADS-004831,29.68,47.6,0,0.0,0.0,0.0,0.9379,0.2222,0.0,0.0,NORMAL_DISBURSEMENT_SCHEDULE,NONE,NONE
MPLADS-004832,67.86,89.3,0,0.0,0.0,0.0,1.5535,0.2222,0.0,0.0,ELEVATED_PAYMENT_VOLATILITY,NONE,NONE
MPLADS-004833,65.91,87.62,0,1.0,1765000.0,0.0,0.8539,0.2222,0.0,50.0,UNVERIFIED_DISBURSEMENT_BURST,NONE,NONE
MPLADS-004834,44.57,72.7,0,0.0,0.0,0.0,0.9227,0.2222,0.0,0.0,NORMAL_DISBURSEMENT_SCHEDULE,NONE,NONE
MPLADS-004835,55.71,80.1,0,0.0,0.0,0.0,1.4684,0.2222,0.0,0.0,NORMAL_DISBURSEMENT_SCHEDULE,NONE,NONE
MPLADS-004836,51.51,77.78,0,0.0,0.0,0.0,0.8909,0.2223,0.0,0.0,NORMAL_DISBURSEMENT_SCHEDULE,NONE,NONE
MPLADS-004837,11.89,20.26,0,0.0,0.0,0.0,0.959,0.2222,0.0,0.0,NORMAL_DISBURSEMENT_SCHEDULE,NONE,NONE
MPLADS-004838,67.06,88.66,0,1.0,2151000.0,0.0,1.0,0.2222,0.0,50.0,UNVERIFIED_DISBURSEMENT_BURST,NONE,NONE
MPLADS-004839,8.79,14.5,0,0.0,0.0,0.0,0.8507,0.2222,0.0,0.0,NORMAL_DISBURSEMENT_SCHEDULE,NONE,NONE
MPLADS-004840,78.55,95.56,1,1.0,2347000.0,0.3753,0.9521,0.2222,0.0,75.0,UNVERIFIED_DISBURSEMENT_BURST,STATUTORY_CEILING_SMURFING,NONE
MPLADS-004841,54.06,79.26,0,0.0,0.0,0.9802,0.8982,0.2222,0.0,25.0,NORMAL_DISBURSEMENT_SCHEDULE,NONE,NONE
MPLADS-004842,25.12,40.5,0,0.0,0.0,0.0,0.8668,0.2223,0.0,0.0,NORMAL_DISBURSEMENT_SCHEDULE,NONE,NONE
MPLADS-004843,4.69,7.1,0,0.0,0.0,0.0,0.8703,0.2222,0.0,0.0,NORMAL_DISBURSEMENT_SCHEDULE,NONE,NONE
MPLADS-004844,36.66,60.68,0,0.0,0.0,0.2278,0.9153,0.2222,0.0,25.0,NORMAL_DISBURSEMENT_SCHEDULE,NONE,NONE
MPLADS-004845,79.27,95.88,1,1.0,1365000.0,0.3345,0.933,0.2222,0.0,75.0,UNVERIFIED_DISBURSEMENT_BURST,STATUTORY_CEILING_SMURFING,NONE
MPLADS-004846,58.22,81.66,0,0.0,0.0,0.0,0.8784,0.2222,0.0,0.0,NORMAL_DISBURSEMENT_SCHEDULE,NONE,NONE
MPLADS-004847,3.87,5.76,0,0.0,0.0,0.0,0.9322,0.2222,0.0,0.0,NORMAL_DISBURSEMENT_SCHEDULE,NONE,NONE
MPLADS-004848,8.68,14.3,0,0.0,0.0,0.0,0.8839,0.2222,0.0,0.0,NORMAL_DISBURSEMENT_SCHEDULE,NONE,NONE
MPLADS-004849,22.52,37.22,0,0.0,0.0,0.0,0.9047,0.2223,0.0,0.0,NORMAL_DISBURSEMENT_SCHEDULE,NONE,NONE
MPLADS-004850,2.56,3.68,0,0.0,0.0,0.0,0.8883,0.2222,0.0,0.0,NORMAL_DISBURSEMENT_SCHEDULE,NONE,NONE
MPLADS-004851,61.14,83.32,0,0.0,0.0,0.0,0.8836,0.2222,0.231,0.0,PAYMENT_TIMING_ANOMALY,NONE,NONE
MPLADS-004852,23.88,39.0,0,0.0,0.0,0.0,0.8738,0.2222,0.0,0.0,NORMAL_DISBURSEMENT_SCHEDULE,NONE,NONE
MPLADS-004853,32.19,52.44,0,0.0,0.0,0.0,0.893,0.25,0.0,0.0,NORMAL_DISBURSEMENT_SCHEDULE,NONE,NONE
MPLADS-004854,73.18,92.82,0,1.0,1258000.0,0.0,0.8999,0.2222,0.0,50.0,UNVERIFIED_DISBURSEMENT_BURST,NONE,NONE
MPLADS-004855,34.19,56.14,0,0.0,0.0,0.0,0.9528,0.25,0.0,0.0,NORMAL_DISBURSEMENT_SCHEDULE,NONE,NONE
MPLADS-004856,12.7,21.82,0,0.0,0.0,0.0,0.8628,0.2222,0.0,0.0,NORMAL_DISBURSEMENT_SCHEDULE,NONE,NONE
MPLADS-004857,28.5,45.34,0,0.0,0.0,0.0,0.8772,0.2222,0.0,0.0,NORMAL_DISBURSEMENT_SCHEDULE,NONE,NONE
MPLADS-004858,65.16,86.9,0,1.0,2992000.0,0.0,0.8881,0.2222,0.0,50.0,UNVERIFIED_DISBURSEMENT_BURST,NONE,NONE
MPLADS-004859,14.51,25.24,0,0.0,0.0,0.0,0.9331,0.2222,0.0,0.0,NORMAL_DISBURSEMENT_SCHEDULE,NONE,NONE
MPLADS-004860,7.07,11.22,0,0.0,0.0,0.0,0.9072,0.2222,0.0,0.0,NORMAL_DISBURSEMENT_SCHEDULE,NONE,NONE
MPLADS-004861,52.95,78.6,0,0.0,0.0,0.0,1.4967,0.2222,0.0,0.0,NORMAL_DISBURSEMENT_SCHEDULE,NONE,NONE
MPLADS-004862,12.69,21.8,0,0.0,0.0,0.0,0.9056,0.2222,0.0,0.0,NORMAL_DISBURSEMENT_SCHEDULE,NONE,NONE
MPLADS-004863,29.14,46.58,0,0.0,0.0,0.0,0.9306,0.25,0.0,0.0,NORMAL_DISBURSEMENT_SCHEDULE,NONE,NONE
MPLADS-004864,2.11,2.98,0,0.0,0.0,0.0,0.8805,0.2222,0.0,0.0,NORMAL_DISBURSEMENT_SCHEDULE,NONE,NONE
MPLADS-004865,62.4,84.28,0,0.0,0.0,0.0,0.8931,0.25,0.0,0.0,ELEVATED_PAYMENT_VOLATILITY,NONE,NONE
MPLADS-004866,21.28,35.55,0,0.0,0.0,0.0,0.9339,0.2222,0.0,0.0,NORMAL_DISBURSEMENT_SCHEDULE,NONE,NONE
MPLADS-004867,5.06,7.72,0,0.0,0.0,0.0,0.862,0.2222,0.0,0.0,NORMAL_DISBURSEMENT_SCHEDULE,NONE,NONE
MPLADS-004868,47.95,75.74,0,0.0,0.0,0.0,0.8678,0.2222,0.0,0.0,NORMAL_DISBURSEMENT_SCHEDULE,NONE,NONE
MPLADS-004869,7.14,11.34,0,0.0,0.0,0.0,0.8876,0.2222,0.0,0.0,NORMAL_DISBURSEMENT_SCHEDULE,NONE,NONE
MPLADS-004870,66.99,88.58,0,0.0,0.0,0.0,1.3866,0.2222,0.0,0.0,ELEVATED_PAYMENT_VOLATILITY,NONE,NONE
MPLADS-004871,70.96,91.5,0,0.0,0.0,0.0,0.9064,0.2222,0.231,0.0,PAYMENT_TIMING_ANOMALY,NONE,NONE
MPLADS-004872,7.1,11.26,0,0.0,0.0,0.0,0.9452,0.2222,0.0,0.0,NORMAL_DISBURSEMENT_SCHEDULE,NONE,NONE
MPLADS-004873,32.67,53.32,0,0.0,0.0,0.0,0.9423,0.25,0.0,0.0,NORMAL_DISBURSEMENT_SCHEDULE,NONE,NONE
MPLADS-004874,5.5,8.38,0,0.0,0.0,0.0,0.9006,0.2222,0.0,0.0,NORMAL_DISBURSEMENT_SCHEDULE,NONE,NONE
MPLADS-004875,76.52,94.42,0,0.0,0.0,0.0,0.5359,0.2222,0.231,0.0,PAYMENT_TIMING_ANOMALY,NONE,NONE
MPLADS-004876,36.65,60.66,0,0.0,0.0,0.0,0.9577,0.2222,0.0,0.0,NORMAL_DISBURSEMENT_SCHEDULE,NONE,NONE
MPLADS-004877,11.88,20.24,0,0.0,0.0,0.0,0.9083,0.2222,0.0,0.0,NORMAL_DISBURSEMENT_SCHEDULE,NONE,NONE
MPLADS-004878,8.6,14.14,0,0.0,0.0,0.0,0.9615,0.2222,0.0,0.0,NORMAL_DISBURSEMENT_SCHEDULE,NONE,NONE
MPLADS-004879,68.24,89.64,0,1.0,1691000.0,0.0,0.9511,0.2223,0.0,50.0,UNVERIFIED_DISBURSEMENT_BURST,NONE,NONE
MPLADS-004880,24.62,39.88,0,0.0,0.0,0.0,0.881,0.2222,0.0,0.0,NORMAL_DISBURSEMENT_SCHEDULE,NONE,NONE
MPLADS-004881,27.48,43.66,0,0.0,0.0,0.0,0.9374,0.25,0.0,0.0,NORMAL_DISBURSEMENT_SCHEDULE,NONE,NONE
MPLADS-004882,10.08,16.88,0,0.0,0.0,0.0,0.9282,0.2222,0.0,0.0,NORMAL_DISBURSEMENT_SCHEDULE,NONE,NONE
MPLADS-004883,1.38,1.8,0,0.0,0.0,0.0,0.9105,0.2222,0.0,0.0,NORMAL_DISBURSEMENT_SCHEDULE,NONE,NONE
MPLADS-004884,79.76,96.16,1,1.0,2470000.0,0.4868,1.0,0.2222,0.0,75.0,UNVERIFIED_DISBURSEMENT_BURST,STATUTORY_CEILING_SMURFING,NONE
MPLADS-004885,66.59,88.24,0,1.0,1914000.0,0.0,0.9608,0.2222,0.0,50.0,UNVERIFIED_DISBURSEMENT_BURST,NONE,NONE
MPLADS-004886,76.27,94.24,0,1.0,10785000.0,0.0,0.958,0.2222,0.0,50.0,UNVERIFIED_DISBURSEMENT_BURST,NONE,NONE
MPLADS-004887,60.35,82.96,0,1.0,2516000.0,0.0,0.927,0.2222,0.0,50.0,UNVERIFIED_DISBURSEMENT_BURST,NONE,NONE
MPLADS-004888,89.91,99.48,1,0.0,0.0,0.0,0.4849,0.25,0.0,0.0,ELEVATED_PAYMENT_VOLATILITY,NONE,NONE
MPLADS-004889,10.9,18.4,0,0.0,0.0,0.0,0.9732,0.2222,0.0,0.0,NORMAL_DISBURSEMENT_SCHEDULE,NONE,NONE
MPLADS-004890,25.94,41.46,0,0.0,0.0,0.0,0.924,0.2222,0.0,0.0,NORMAL_DISBURSEMENT_SCHEDULE,NONE,NONE
MPLADS-004891,30.77,49.64,0,0.0,0.0,0.0,0.9124,0.25,0.0,0.0,NORMAL_DISBURSEMENT_SCHEDULE,NONE,NONE
MPLADS-004892,23.68,38.72,0,0.0,0.0,0.0,0.8768,0.2222,0.0,0.0,NORMAL_DISBURSEMENT_SCHEDULE,NONE,NONE
MPLADS-004893,22.13,36.7,0,0.0,0.0,0.0,0.9016,0.2222,0.0,0.0,NORMAL_DISBURSEMENT_SCHEDULE,NONE,NONE
MPLADS-004894,3.94,5.86,0,0.0,0.0,0.0,0.9547,0.2222,0.0,0.0,NORMAL_DISBURSEMENT_SCHEDULE,NONE,NONE
MPLADS-004895,9.53,15.84,0,0.0,0.0,0.0,0.9516,0.2223,0.0,0.0,NORMAL_DISBURSEMENT_SCHEDULE,NONE,NONE
MPLADS-004896,38.5,63.94,0,0.0,0.0,0.0,0.9767,0.2222,0.0,0.0,NORMAL_DISBURSEMENT_SCHEDULE,NONE,NONE
MPLADS-004897,20.21,34.14,0,0.0,0.0,0.0,0.9453,0.2222,0.0,0.0,NORMAL_DISBURSEMENT_SCHEDULE,NONE,NONE
MPLADS-004898,12.34,21.12,0,0.0,0.0,0.0,0.9315,0.2223,0.0,0.0,NORMAL_DISBURSEMENT_SCHEDULE,NONE,NONE
MPLADS-004899,28.84,46.0,0,0.0,0.0,0.0,0.9474,0.25,0.0,0.0,NORMAL_DISBURSEMENT_SCHEDULE,NONE,NONE
MPLADS-004900,35.22,58.08,0,0.0,0.0,0.0,0.9231,0.25,0.0,0.0,NORMAL_DISBURSEMENT_SCHEDULE,NONE,NONE
MPLADS-004901,40.94,67.62,0,0.0,0.0,0.0,0.9671,0.25,0.0,0.0,NORMAL_DISBURSEMENT_SCHEDULE,NONE,NONE
MPLADS-004902,25.57,41.0,0,0.0,0.0,0.0,0.9397,0.2222,0.0,0.0,NORMAL_DISBURSEMENT_SCHEDULE,NONE,NONE
MPLADS-004903,31.79,51.7,0,0.0,0.0,0.0,0.9143,0.25,0.0,0.0,NORMAL_DISBURSEMENT_SCHEDULE,NONE,NONE
MPLADS-004904,6.09,9.48,0,0.0,0.0,0.0,0.8994,0.2222,0.0,0.0,NORMAL_DISBURSEMENT_SCHEDULE,NONE,NONE
MPLADS-004905,39.89,66.14,0,0.0,0.0,0.0,0.8784,0.25,0.0,0.0,NORMAL_DISBURSEMENT_SCHEDULE,NONE,NONE
MPLADS-004906,3.39,4.96,0,0.0,0.0,0.0,0.9606,0.2222,0.0,0.0,NORMAL_DISBURSEMENT_SCHEDULE,NONE,NONE
MPLADS-004907,43.68,71.58,0,0.0,0.0,0.0,0.9299,0.2222,0.0,0.0,NORMAL_DISBURSEMENT_SCHEDULE,NONE,NONE
MPLADS-004908,35.84,59.22,0,0.0,0.0,0.0,0.9566,0.2222,0.0,0.0,NORMAL_DISBURSEMENT_SCHEDULE,NONE,NONE
MPLADS-004909,43.84,71.78,0,0.0,0.0,0.0,0.9793,0.2223,0.0,0.0,NORMAL_DISBURSEMENT_SCHEDULE,NONE,NONE
MPLADS-004910,76.24,94.22,0,0.0,0.0,0.8735,0.926,0.2222,0.231,25.0,STATUTORY_CEILING_SMURFING,PAYMENT_TIMING_ANOMALY,NONE
MPLADS-004911,83.14,97.98,1,1.0,340000.0,0.0,0.8877,0.25,0.0,50.0,UNVERIFIED_DISBURSEMENT_BURST,NONE,NONE
MPLADS-004912,30.32,48.76,0,0.0,0.0,0.0,0.9368,0.25,0.0,0.0,NORMAL_DISBURSEMENT_SCHEDULE,NONE,NONE
MPLADS-004913,49.3,76.62,0,0.0,0.0,0.0,0.8554,0.2222,0.0,0.0,NORMAL_DISBURSEMENT_SCHEDULE,NONE,NONE
MPLADS-004914,71.96,92.12,0,0.0,0.0,0.0,0.8576,0.25,0.0,25.0,ROUND_NUMBER_DISBURSEMENT_CONCENTRATION,NONE,NONE
MPLADS-004915,55.89,80.28,0,0.0,0.0,0.0,0.9151,0.2222,0.0,0.0,NORMAL_DISBURSEMENT_SCHEDULE,NONE,NONE
MPLADS-004916,50.57,77.24,0,0.0,0.0,0.0,1.3703,0.2222,0.0,0.0,NORMAL_DISBURSEMENT_SCHEDULE,NONE,NONE
MPLADS-004917,9.78,16.28,0,0.0,0.0,0.0,0.9629,0.2222,0.0,0.0,NORMAL_DISBURSEMENT_SCHEDULE,NONE,NONE
MPLADS-004918,64.24,85.92,0,0.0,0.0,0.0,0.8975,0.2222,0.231,0.0,PAYMENT_TIMING_ANOMALY,NONE,NONE
MPLADS-004919,78.24,95.44,1,0.0,0.0,0.0,0.8519,0.2222,0.231,0.0,PAYMENT_TIMING_ANOMALY,NONE,NONE
MPLADS-004920,21.42,35.72,0,0.0,0.0,0.0,0.9078,0.2222,0.0,0.0,NORMAL_DISBURSEMENT_SCHEDULE,NONE,NONE
MPLADS-004921,32.75,53.46,0,0.0,0.0,0.0,0.9163,0.2222,0.0,0.0,NORMAL_DISBURSEMENT_SCHEDULE,NONE,NONE
MPLADS-004922,10.05,16.82,0,0.0,0.0,0.0,0.9266,0.2222,0.0,0.0,NORMAL_DISBURSEMENT_SCHEDULE,NONE,NONE
MPLADS-004923,35.11,57.88,0,0.0,0.0,0.0,0.9119,0.25,0.0,0.0,NORMAL_DISBURSEMENT_SCHEDULE,NONE,NONE
MPLADS-004924,4.03,6.04,0,0.0,0.0,0.0,0.8685,0.2222,0.0,0.0,NORMAL_DISBURSEMENT_SCHEDULE,NONE,NONE
MPLADS-004925,41.89,69.0,0,0.0,0.0,0.0,0.979,0.2222,0.0,0.0,NORMAL_DISBURSEMENT_SCHEDULE,NONE,NONE
MPLADS-004926,30.04,48.26,0,0.0,0.0,0.0,0.9477,0.25,0.0,0.0,NORMAL_DISBURSEMENT_SCHEDULE,NONE,NONE
MPLADS-004927,71.31,91.72,0,0.0,0.0,0.0,1.323,0.2223,0.0,0.0,ELEVATED_PAYMENT_VOLATILITY,NONE,NONE
MPLADS-004928,25.97,41.52,0,0.0,0.0,0.0,0.9061,0.2222,0.0,0.0,NORMAL_DISBURSEMENT_SCHEDULE,NONE,NONE
MPLADS-004929,51.62,77.84,0,0.0,0.0,0.0,0.9279,0.2222,0.0,0.0,NORMAL_DISBURSEMENT_SCHEDULE,NONE,NONE
MPLADS-004930,25.92,41.44,0,0.0,0.0,0.0,0.9749,0.2222,0.0,0.0,NORMAL_DISBURSEMENT_SCHEDULE,NONE,NONE
MPLADS-004931,71.69,91.98,0,1.0,2005000.0,0.0,0.8613,0.2222,0.0,50.0,UNVERIFIED_DISBURSEMENT_BURST,NONE,NONE
MPLADS-004932,12.93,22.28,0,0.0,0.0,0.0,0.9308,0.2222,0.0,0.0,NORMAL_DISBURSEMENT_SCHEDULE,NONE,NONE
MPLADS-004933,28.25,44.92,0,0.0,0.0,0.0,0.8788,0.2222,0.0,0.0,NORMAL_DISBURSEMENT_SCHEDULE,NONE,NONE
MPLADS-004934,9.33,15.46,0,0.0,0.0,0.0,0.9606,0.2222,0.0,0.0,NORMAL_DISBURSEMENT_SCHEDULE,NONE,NONE
MPLADS-004935,56.99,80.94,0,0.0,0.0,0.0,1.4416,0.2222,0.0,0.0,NORMAL_DISBURSEMENT_SCHEDULE,NONE,NONE
MPLADS-004936,75.68,93.84,0,0.0,0.0,0.0,0.9505,0.2222,0.231,0.0,PAYMENT_TIMING_ANOMALY,NONE,NONE
MPLADS-004937,77.51,94.98,0,1.0,2177000.0,0.9716,0.8729,0.2222,0.0,75.0,UNVERIFIED_DISBURSEMENT_BURST,STATUTORY_CEILING_SMURFING,NONE
MPLADS-004938,5.83,9.0,0,0.0,0.0,0.0,0.8993,0.2222,0.0,0.0,NORMAL_DISBURSEMENT_SCHEDULE,NONE,NONE
MPLADS-004939,8.64,14.22,0,0.0,0.0,0.0,0.8774,0.2222,0.0,0.0,NORMAL_DISBURSEMENT_SCHEDULE,NONE,NONE
MPLADS-004940,33.73,55.26,0,0.0,0.0,0.0,0.894,0.25,0.0,0.0,NORMAL_DISBURSEMENT_SCHEDULE,NONE,NONE
MPLADS-004941,31.61,51.34,0,0.0,0.0,0.0,0.8743,0.25,0.0,0.0,NORMAL_DISBURSEMENT_SCHEDULE,NONE,NONE
MPLADS-004942,68.32,89.68,0,0.0,0.0,0.0,0.9115,0.2222,0.231,0.0,PAYMENT_TIMING_ANOMALY,NONE,NONE
MPLADS-004943,51.2,77.62,0,0.0,0.0,0.0,1.293,0.2222,0.0,0.0,NORMAL_DISBURSEMENT_SCHEDULE,NONE,NONE
MPLADS-004944,66.88,88.5,0,1.0,1357000.0,0.0,0.8671,0.2222,0.0,50.0,UNVERIFIED_DISBURSEMENT_BURST,NONE,NONE
MPLADS-004945,32.57,53.16,0,0.0,0.0,0.115,0.9551,0.2222,0.0,25.0,NORMAL_DISBURSEMENT_SCHEDULE,NONE,NONE
MPLADS-004946,36.43,60.26,0,0.0,0.0,0.0,0.9679,0.25,0.0,0.0,NORMAL_DISBURSEMENT_SCHEDULE,NONE,NONE
MPLADS-004947,36.88,61.08,0,0.0,0.0,0.2278,0.9032,0.2223,0.0,25.0,NORMAL_DISBURSEMENT_SCHEDULE,NONE,NONE
MPLADS-004948,39.24,65.16,0,0.0,0.0,0.0,0.8594,0.25,0.0,0.0,NORMAL_DISBURSEMENT_SCHEDULE,NONE,NONE
MPLADS-004949,39.08,64.94,0,0.0,0.0,0.0,0.8866,0.25,0.0,0.0,NORMAL_DISBURSEMENT_SCHEDULE,NONE,NONE
MPLADS-004950,39.91,66.18,0,0.0,0.0,0.0,0.8536,0.2222,0.0,0.0,NORMAL_DISBURSEMENT_SCHEDULE,NONE,NONE
MPLADS-004951,2.16,3.07,0,0.0,0.0,0.0,0.9206,0.2222,0.0,0.0,NORMAL_DISBURSEMENT_SCHEDULE,NONE,NONE
MPLADS-004952,86.97,99.14,1,0.0,0.0,0.0,1.5787,0.2222,0.231,0.0,PAYMENT_TIMING_ANOMALY,NONE,NONE
MPLADS-004953,26.79,42.66,0,0.0,0.0,0.0,0.9207,0.25,0.0,0.0,NORMAL_DISBURSEMENT_SCHEDULE,NONE,NONE
MPLADS-004954,12.99,22.42,0,0.0,0.0,0.0,0.8518,0.2222,0.0,0.0,NORMAL_DISBURSEMENT_SCHEDULE,NONE,NONE
MPLADS-004955,14.84,25.84,0,0.0,0.0,0.0,0.9428,0.2222,0.0,0.0,NORMAL_DISBURSEMENT_SCHEDULE,NONE,NONE
MPLADS-004956,5.33,8.14,0,0.0,0.0,0.0,0.9509,0.2222,0.0,0.0,NORMAL_DISBURSEMENT_SCHEDULE,NONE,NONE
MPLADS-004957,7.66,12.34,0,0.0,0.0,0.0,0.972,0.2222,0.0,0.0,NORMAL_DISBURSEMENT_SCHEDULE,NONE,NONE
MPLADS-004958,48.47,76.12,0,0.0,0.0,0.0,0.9072,0.2222,0.0,0.0,NORMAL_DISBURSEMENT_SCHEDULE,NONE,NONE
MPLADS-004959,6.34,9.9,0,0.0,0.0,0.0,0.9533,0.2222,0.0,0.0,NORMAL_DISBURSEMENT_SCHEDULE,NONE,NONE
MPLADS-004960,30.36,48.86,0,0.0,0.0,0.0,0.9205,0.25,0.0,0.0,NORMAL_DISBURSEMENT_SCHEDULE,NONE,NONE
MPLADS-004961,5.07,7.74,0,0.0,0.0,0.0,0.8989,0.2222,0.0,0.0,NORMAL_DISBURSEMENT_SCHEDULE,NONE,NONE
MPLADS-004962,39.43,65.42,0,0.0,0.0,0.0,0.8911,0.2222,0.0,0.0,NORMAL_DISBURSEMENT_SCHEDULE,NONE,NONE
MPLADS-004963,6.79,10.72,0,0.0,0.0,0.0,0.8827,0.2222,0.0,0.0,NORMAL_DISBURSEMENT_SCHEDULE,NONE,NONE
MPLADS-004964,13.75,23.84,0,0.0,0.0,0.0,0.9374,0.2223,0.0,0.0,NORMAL_DISBURSEMENT_SCHEDULE,NONE,NONE
MPLADS-004965,30.13,48.42,0,0.0,0.0,0.0,0.9057,0.25,0.0,0.0,NORMAL_DISBURSEMENT_SCHEDULE,NONE,NONE
MPLADS-004966,4.13,6.2,0,0.0,0.0,0.0,0.8663,0.2222,0.0,0.0,NORMAL_DISBURSEMENT_SCHEDULE,NONE,NONE
MPLADS-004967,5.15,7.84,0,0.0,0.0,0.0,0.8716,0.2222,0.0,0.0,NORMAL_DISBURSEMENT_SCHEDULE,NONE,NONE
MPLADS-004968,13.81,23.96,0,0.0,0.0,0.0,0.9416,0.2222,0.0,0.0,NORMAL_DISBURSEMENT_SCHEDULE,NONE,NONE
MPLADS-004969,45.35,73.52,0,0.0,0.0,0.0,0.8778,0.25,0.0,0.0,NORMAL_DISBURSEMENT_SCHEDULE,NONE,NONE
MPLADS-004970,56.36,80.54,0,0.0,0.0,0.0,0.9357,0.25,0.0,0.0,NORMAL_DISBURSEMENT_SCHEDULE,NONE,NONE
MPLADS-004971,40.3,66.82,0,0.0,0.0,0.0,0.8906,0.25,0.0,0.0,NORMAL_DISBURSEMENT_SCHEDULE,NONE,NONE
MPLADS-004972,35.49,58.56,0,0.0,0.0,0.0,0.9494,0.25,0.0,0.0,NORMAL_DISBURSEMENT_SCHEDULE,NONE,NONE
MPLADS-004973,55.82,80.22,0,0.0,0.0,0.0,0.9651,0.2222,0.0,0.0,NORMAL_DISBURSEMENT_SCHEDULE,NONE,NONE
MPLADS-004974,41.5,68.44,0,0.0,0.0,0.0,0.9393,0.25,0.0,0.0,NORMAL_DISBURSEMENT_SCHEDULE,NONE,NONE
MPLADS-004975,31.14,50.36,0,0.0,0.0,0.0,0.9493,0.2222,0.0,0.0,NORMAL_DISBURSEMENT_SCHEDULE,NONE,NONE
MPLADS-004976,80.89,96.74,1,1.0,937000.0,0.0,0.973,0.25,0.0,50.0,UNVERIFIED_DISBURSEMENT_BURST,NONE,NONE
MPLADS-004977,32.72,53.4,0,0.0,0.0,0.0,0.8784,0.25,0.0,0.0,NORMAL_DISBURSEMENT_SCHEDULE,NONE,NONE
MPLADS-004978,65.63,87.36,0,0.0,0.0,0.0,0.9279,0.2222,0.0,0.0,ELEVATED_PAYMENT_VOLATILITY,NONE,NONE
MPLADS-004979,32.21,52.48,0,0.0,0.0,0.0,0.894,0.25,0.0,0.0,NORMAL_DISBURSEMENT_SCHEDULE,NONE,NONE
MPLADS-004980,34.92,57.5,0,0.0,0.0,0.0,0.9502,0.25,0.0,0.0,NORMAL_DISBURSEMENT_SCHEDULE,NONE,NONE
MPLADS-004981,28.52,45.38,0,0.0,0.0,0.0,0.9264,0.2222,0.0,0.0,NORMAL_DISBURSEMENT_SCHEDULE,NONE,NONE
MPLADS-004982,12.39,21.22,0,0.0,0.0,0.0,0.9271,0.2223,0.0,0.0,NORMAL_DISBURSEMENT_SCHEDULE,NONE,NONE
MPLADS-004983,35.28,58.18,0,0.0,0.0,0.0,0.8979,0.25,0.0,0.0,NORMAL_DISBURSEMENT_SCHEDULE,NONE,NONE
MPLADS-004984,10.37,17.4,0,0.0,0.0,0.0,0.8548,0.2222,0.0,0.0,NORMAL_DISBURSEMENT_SCHEDULE,NONE,NONE
MPLADS-004985,9.87,16.48,0,0.0,0.0,0.0,0.946,0.2222,0.0,0.0,NORMAL_DISBURSEMENT_SCHEDULE,NONE,NONE
MPLADS-004986,39.23,65.14,0,0.0,0.0,0.0,0.866,0.25,0.0,0.0,NORMAL_DISBURSEMENT_SCHEDULE,NONE,NONE
MPLADS-004987,20.97,35.18,0,0.0,0.0,0.0,0.9622,0.2222,0.0,0.0,NORMAL_DISBURSEMENT_SCHEDULE,NONE,NONE
MPLADS-004988,69.66,90.72,0,0.0,0.0,0.0,0.8626,0.2223,0.231,0.0,PAYMENT_TIMING_ANOMALY,NONE,NONE
MPLADS-004989,16.79,29.06,0,0.0,0.0,0.0,0.9792,0.2223,0.0,0.0,NORMAL_DISBURSEMENT_SCHEDULE,NONE,NONE
MPLADS-004990,15.42,26.74,0,0.0,0.0,0.0,0.8999,0.2223,0.0,0.0,NORMAL_DISBURSEMENT_SCHEDULE,NONE,NONE
MPLADS-004991,9.85,16.44,0,0.0,0.0,0.0004,0.9525,0.2222,0.0,25.0,NORMAL_DISBURSEMENT_SCHEDULE,NONE,NONE
MPLADS-004992,44.14,72.14,0,0.0,0.0,0.0,0.8555,0.25,0.0,0.0,NORMAL_DISBURSEMENT_SCHEDULE,NONE,NONE
MPLADS-004993,14.6,25.42,0,0.0,0.0,0.0,0.8878,0.2222,0.0,0.0,NORMAL_DISBURSEMENT_SCHEDULE,NONE,NONE
MPLADS-004994,27.42,43.56,0,0.0,0.0,0.0,0.9006,0.25,0.0,0.0,NORMAL_DISBURSEMENT_SCHEDULE,NONE,NONE
MPLADS-004995,49.73,76.88,0,0.0,0.0,0.0,0.5241,0.2222,0.0,0.0,NORMAL_DISBURSEMENT_SCHEDULE,NONE,NONE
MPLADS-004996,18.93,32.38,0,0.0,0.0,0.0,0.9759,0.2222,0.0,0.0,NORMAL_DISBURSEMENT_SCHEDULE,NONE,NONE
MPLADS-004997,13.63,23.62,0,0.0,0.0,0.0,0.8602,0.2222,0.0,0.0,NORMAL_DISBURSEMENT_SCHEDULE,NONE,NONE
MPLADS-004998,82.11,97.34,1,0.0,0.0,0.0,0.455,0.25,0.0,0.0,ELEVATED_PAYMENT_VOLATILITY,NONE,NONE
MPLADS-004999,58.03,81.56,0,0.0,0.0,0.0,0.8937,0.2222,0.0,0.0,NORMAL_DISBURSEMENT_SCHEDULE,NONE,NONE
MPLADS-005000,12.94,22.3,0,0.0,0.0,0.0,0.9792,0.2222,0.0,0.0,NORMAL_DISBURSEMENT_SCHEDULE,NONE,NONE
