project_id,progress_anomaly_score,progress_anomaly_percentile,is_progress_anomaly,financial_minus_physical_progress,latest_physical_progress,latest_financial_progress,duration_overrun_days,ghost_work_index,execution_stall_score,baseline1_score,primary_reason,secondary_reason,tertiary_reason
MPLADS-000001,36.77,67.2,0,-1.2,99.1,97.9,34.0,0.0,0.0092,0.0,NORMAL_EXECUTION_PROGRESS,NONE,NONE
MPLADS-000002,37.26,67.9,0,26.2,70.5,96.7,27.0,0.0,0.0135,0.0,NORMAL_EXECUTION_PROGRESS,NONE,NONE
MPLADS-000003,22.48,42.3,0,14.4,74.8,89.2,13.0,0.0,0.0009,0.0,NORMAL_EXECUTION_PROGRESS,NONE,NONE
MPLADS-000004,43.04,76.18,0,-3.3,89.7,86.4,30.0,0.0,0.029,0.0,NORMAL_EXECUTION_PROGRESS,NONE,NONE
MPLADS-000005,11.7,20.7,0,2.8,86.4,89.2,0.0,0.0,0.0,0.0,NORMAL_EXECUTION_PROGRESS,NONE,NONE
MPLADS-000006,26.79,50.4,0,-7.1,96.1,89.0,0.0,0.0,0.0,0.0,NORMAL_EXECUTION_PROGRESS,NONE,NONE
MPLADS-000007,9.08,15.3,0,-5.3,94.3,89.0,3.0,0.0,0.0009,0.0,NORMAL_EXECUTION_PROGRESS,NONE,NONE
MPLADS-000008,19.68,36.86,0,-8.2,93.2,85.0,0.0,0.0,0.0,0.0,NORMAL_EXECUTION_PROGRESS,NONE,NONE
MPLADS-000009,10.24,17.68,0,7.0,90.1,97.1,10.0,0.0,0.0035,0.0,NORMAL_EXECUTION_PROGRESS,NONE,NONE
MPLADS-000010,83.12,97.4,1,9.6,86.3,95.9,0.0,0.0,0.0,0.0,INSPECTION_DOCUMENTATION_DEFICIT,NONE,NONE
MPLADS-000011,33.27,61.38,0,-1.6,90.3,88.7,18.0,0.0,0.0003,0.0,NORMAL_EXECUTION_PROGRESS,NONE,NONE
MPLADS-000012,42.35,75.24,0,-1.4,87.3,85.9,22.0,0.0,0.0214,0.0,NORMAL_EXECUTION_PROGRESS,NONE,NONE
MPLADS-000013,17.9,33.34,0,0.8,94.4,95.2,20.0,0.0,0.004,0.0,NORMAL_EXECUTION_PROGRESS,NONE,NONE
MPLADS-000014,19.31,36.14,0,9.9,85.0,94.9,32.0,0.0,0.0027,0.0,NORMAL_EXECUTION_PROGRESS,NONE,NONE
MPLADS-000015,4.25,5.86,0,13.1,75.1,88.2,11.0,0.0,0.0042,0.0,NORMAL_EXECUTION_PROGRESS,NONE,NONE
MPLADS-000016,5.04,7.36,0,6.8,80.2,87.0,10.0,0.0,0.0044,0.0,NORMAL_EXECUTION_PROGRESS,NONE,NONE
MPLADS-000017,6.25,9.66,0,16.0,76.5,92.5,20.0,0.0,0.0081,0.0,NORMAL_EXECUTION_PROGRESS,NONE,NONE
MPLADS-000018,48.59,81.72,0,-14.6,99.7,85.1,0.0,0.0,0.0,0.0,NORMAL_EXECUTION_PROGRESS,NONE,NONE
MPLADS-000019,17.97,33.48,0,14.8,74.7,89.5,17.0,0.0,0.009,0.0,NORMAL_EXECUTION_PROGRESS,NONE,NONE
MPLADS-000020,3.07,3.68,0,4.4,88.2,92.6,0.0,0.0,0.0,0.0,NORMAL_EXECUTION_PROGRESS,NONE,NONE
MPLADS-000021,25.77,48.58,0,-9.4,95.9,86.5,0.0,0.0,0.0,0.0,NORMAL_EXECUTION_PROGRESS,NONE,NONE
MPLADS-000022,9.69,16.54,0,12.9,75.8,88.7,12.0,0.0,0.0008,0.0,NORMAL_EXECUTION_PROGRESS,NONE,NONE
MPLADS-000023,6.97,11.12,0,7.7,84.9,92.6,0.0,0.0,0.0,0.0,NORMAL_EXECUTION_PROGRESS,NONE,NONE
MPLADS-000024,33.28,61.4,0,6.8,88.1,94.9,9.0,0.0,0.0084,0.0,NORMAL_EXECUTION_PROGRESS,NONE,NONE
MPLADS-000025,74.25,93.38,0,79.8,78.9,158.7,0.0,0.0,0.0,75.0,SEVERE_PHYSICAL_FINANCIAL_GAP,NONE,NONE
MPLADS-000026,73.77,93.08,0,65.6,21.7,87.3,0.0,0.0,0.0,75.0,SEVERE_PHYSICAL_FINANCIAL_GAP,INSPECTION_DOCUMENTATION_DEFICIT,NONE
MPLADS-000027,1.8,1.58,0,13.8,83.2,97.0,9.0,0.0,0.0027,0.0,NORMAL_EXECUTION_PROGRESS,NONE,NONE
MPLADS-000028,30.83,57.36,0,14.8,70.8,85.6,5.0,0.0,0.0003,0.0,NORMAL_EXECUTION_PROGRESS,NONE,NONE
MPLADS-000029,15.33,28.12,0,22.0,75.0,97.0,0.0,0.0,0.0,0.0,NORMAL_EXECUTION_PROGRESS,NONE,NONE
MPLADS-000030,15.41,28.3,0,15.8,82.0,97.8,19.0,0.0,0.0087,0.0,NORMAL_EXECUTION_PROGRESS,NONE,NONE
MPLADS-000031,32.87,60.76,0,-7.9,95.8,87.9,31.0,0.0,0.0016,0.0,NORMAL_EXECUTION_PROGRESS,NONE,NONE
MPLADS-000032,48.69,81.78,0,-4.7,92.7,88.0,0.0,0.0,0.0,0.0,NORMAL_EXECUTION_PROGRESS,NONE,NONE
MPLADS-000033,41.88,74.68,0,21.7,76.0,97.7,9.0,0.0,0.0097,0.0,NORMAL_EXECUTION_PROGRESS,NONE,NONE
MPLADS-000034,12.89,23.12,0,-8.3,93.5,85.2,0.0,0.0,0.0,0.0,NORMAL_EXECUTION_PROGRESS,NONE,NONE
MPLADS-000035,4.43,6.18,0,10.4,81.6,92.0,0.0,0.0,0.0,0.0,NORMAL_EXECUTION_PROGRESS,NONE,NONE
MPLADS-000036,62.61,86.84,0,59.2,83.7,142.9,33.0,0.0,0.0162,75.0,SEVERE_PHYSICAL_FINANCIAL_GAP,NONE,NONE
MPLADS-000037,77.74,94.78,0,30.7,57.8,88.5,320.0,0.0,0.4802,75.0,EXTREME_DURATION_OVERRUN,STALLED_EXECUTION_TRAJECTORY,SEVERE_PHYSICAL_FINANCIAL_GAP
MPLADS-000038,35.9,65.78,0,-3.0,97.6,94.6,0.0,0.0,0.0,0.0,NORMAL_EXECUTION_PROGRESS,NONE,NONE
MPLADS-000039,35.57,65.16,0,-1.9,98.8,96.9,0.0,0.0,0.0,0.0,NORMAL_EXECUTION_PROGRESS,NONE,NONE
MPLADS-000040,16.18,29.88,0,8.3,89.0,97.3,12.0,0.0,0.0011,0.0,NORMAL_EXECUTION_PROGRESS,NONE,NONE
MPLADS-000041,5.49,8.24,0,6.1,80.1,86.2,5.0,0.0,0.001,0.0,NORMAL_EXECUTION_PROGRESS,NONE,NONE
MPLADS-000042,18.22,33.94,0,11.5,75.2,86.7,2.0,0.0,0.0001,0.0,NORMAL_EXECUTION_PROGRESS,NONE,NONE
MPLADS-000043,41.44,74.08,0,-6.9,94.2,87.3,0.0,0.0,0.0,0.0,NORMAL_EXECUTION_PROGRESS,NONE,NONE
MPLADS-000044,20.82,39.1,0,-1.6,93.8,92.2,24.0,0.0,0.0051,0.0,NORMAL_EXECUTION_PROGRESS,NONE,NONE
MPLADS-000045,65.78,87.8,0,31.8,11.0,42.8,0.0,0.0,0.0,50.0,SEVERE_PHYSICAL_FINANCIAL_GAP,NONE,NONE
MPLADS-000046,61.16,86.22,0,46.4,85.7,132.1,12.0,0.0,0.0002,50.0,SEVERE_PHYSICAL_FINANCIAL_GAP,NONE,NONE
MPLADS-000047,27.21,51.18,0,9.5,80.9,90.4,31.0,0.0,0.0159,0.0,NORMAL_EXECUTION_PROGRESS,NONE,NONE
MPLADS-000048,18.02,33.56,0,9.5,80.6,90.1,19.0,0.0,0.009,0.0,NORMAL_EXECUTION_PROGRESS,NONE,NONE
MPLADS-000049,7.22,11.6,0,3.7,85.1,88.8,0.0,0.0,0.0,0.0,NORMAL_EXECUTION_PROGRESS,NONE,NONE
MPLADS-000050,10.79,18.82,0,-2.3,97.1,94.8,12.0,0.0,0.0037,0.0,NORMAL_EXECUTION_PROGRESS,NONE,NONE
MPLADS-000051,15.85,29.2,0,2.2,83.6,85.8,12.0,0.0,0.0029,0.0,NORMAL_EXECUTION_PROGRESS,NONE,NONE
MPLADS-000052,79.32,95.48,1,42.9,50.7,93.6,320.0,0.0,0.5171,75.0,EXTREME_DURATION_OVERRUN,SEVERE_PHYSICAL_FINANCIAL_GAP,STALLED_EXECUTION_TRAJECTORY
MPLADS-000053,21.45,40.3,0,15.0,82.8,97.8,0.0,0.0,0.0,0.0,NORMAL_EXECUTION_PROGRESS,NONE,NONE
MPLADS-000054,34.12,62.82,0,20.8,76.4,97.2,24.0,0.0,0.0007,0.0,NORMAL_EXECUTION_PROGRESS,NONE,NONE
MPLADS-000055,17.14,31.84,0,7.3,77.8,85.1,0.0,0.0,0.0,0.0,NORMAL_EXECUTION_PROGRESS,NONE,NONE
MPLADS-000056,28.92,54.18,0,19.3,70.3,89.6,29.0,0.0,0.0075,0.0,NORMAL_EXECUTION_PROGRESS,NONE,NONE
MPLADS-000057,43.02,76.16,0,-0.1,88.4,88.3,31.0,0.0,0.0007,0.0,NORMAL_EXECUTION_PROGRESS,NONE,NONE
MPLADS-000058,0.97,0.62,0,6.5,86.3,92.8,4.0,0.0,0.0007,0.0,NORMAL_EXECUTION_PROGRESS,NONE,NONE
MPLADS-000059,41.27,73.86,0,7.9,80.2,88.1,0.0,0.0,0.0,0.0,NORMAL_EXECUTION_PROGRESS,NONE,NONE
MPLADS-000060,13.47,24.3,0,10.2,83.9,94.1,5.0,0.0,0.0019,0.0,NORMAL_EXECUTION_PROGRESS,NONE,NONE
MPLADS-000061,13.13,23.58,0,15.3,75.4,90.7,18.0,0.0,0.0015,0.0,NORMAL_EXECUTION_PROGRESS,NONE,NONE
MPLADS-000062,14.84,27.1,0,2.4,83.8,86.2,7.0,0.0,0.0007,0.0,NORMAL_EXECUTION_PROGRESS,NONE,NONE
MPLADS-000063,52.3,83.6,0,47.5,88.6,136.1,0.0,0.0,0.0,50.0,NORMAL_EXECUTION_PROGRESS,NONE,NONE
MPLADS-000064,85.78,98.4,1,25.5,69.5,95.0,630.0,0.0,1.1415,25.0,EXTREME_DURATION_OVERRUN,STALLED_EXECUTION_TRAJECTORY,NONE
MPLADS-000065,64.86,87.4,0,63.7,75.4,139.1,20.0,0.0,0.0223,75.0,SEVERE_PHYSICAL_FINANCIAL_GAP,NONE,NONE
MPLADS-000066,18.17,33.86,0,14.8,74.8,89.6,20.0,0.0,0.0018,0.0,NORMAL_EXECUTION_PROGRESS,NONE,NONE
MPLADS-000067,70.01,90.66,0,35.8,19.2,55.0,33.0,0.0,0.0609,50.0,SEVERE_PHYSICAL_FINANCIAL_GAP,ABANDONED_WORK_SUSPICION,NONE
MPLADS-000068,50.13,82.6,0,44.2,87.8,132.0,0.0,0.0,0.0,50.0,NORMAL_EXECUTION_PROGRESS,NONE,NONE
MPLADS-000069,3.52,4.52,0,12.1,85.4,97.5,8.0,0.0,0.0023,0.0,NORMAL_EXECUTION_PROGRESS,NONE,NONE
MPLADS-000070,43.72,76.96,0,4.9,91.6,96.5,22.0,0.0,0.0204,0.0,NORMAL_EXECUTION_PROGRESS,NONE,NONE
MPLADS-000071,40.95,73.38,0,3.9,81.6,85.5,0.0,0.0,0.0,0.0,NORMAL_EXECUTION_PROGRESS,NONE,NONE
MPLADS-000072,73.19,92.76,0,69.9,28.6,98.5,34.0,0.0,0.0428,75.0,SEVERE_PHYSICAL_FINANCIAL_GAP,INSPECTION_DOCUMENTATION_DEFICIT,NONE
MPLADS-000073,62.08,86.64,0,71.2,71.7,142.9,13.0,0.0,0.0039,75.0,SEVERE_PHYSICAL_FINANCIAL_GAP,NONE,NONE
MPLADS-000074,15.27,28.0,0,3.8,84.6,88.4,13.0,0.0,0.0006,0.0,NORMAL_EXECUTION_PROGRESS,NONE,NONE
MPLADS-000075,55.88,84.8,0,52.9,79.3,132.2,26.0,0.0,0.0104,75.0,NORMAL_EXECUTION_PROGRESS,NONE,NONE
MPLADS-000076,0.76,0.4,0,11.5,80.3,91.8,1.0,0.0,0.0003,0.0,NORMAL_EXECUTION_PROGRESS,NONE,NONE
MPLADS-000077,21.64,40.72,0,4.5,86.7,91.2,32.0,0.0,0.0146,0.0,NORMAL_EXECUTION_PROGRESS,NONE,NONE
MPLADS-000078,19.26,36.04,0,-4.1,99.0,94.9,19.0,0.0,0.0015,0.0,NORMAL_EXECUTION_PROGRESS,NONE,NONE
MPLADS-000079,38.11,69.24,0,0.9,93.6,94.5,20.0,0.0,0.0004,0.0,NORMAL_EXECUTION_PROGRESS,NONE,NONE
MPLADS-000080,25.34,47.78,0,-8.7,97.9,89.2,0.0,0.0,0.0,0.0,NORMAL_EXECUTION_PROGRESS,NONE,NONE
MPLADS-000081,18.77,35.06,0,4.3,84.3,88.6,10.0,0.0,0.004,0.0,NORMAL_EXECUTION_PROGRESS,NONE,NONE
MPLADS-000082,5.25,7.74,0,-0.4,88.1,87.7,7.0,0.0,0.0018,0.0,NORMAL_EXECUTION_PROGRESS,NONE,NONE
MPLADS-000083,45.21,78.66,0,13.0,74.0,87.0,25.0,0.0,0.0287,0.0,NORMAL_EXECUTION_PROGRESS,NONE,NONE
MPLADS-000084,81.69,96.88,1,19.9,66.2,86.1,480.0,0.0,0.7842,25.0,EXTREME_DURATION_OVERRUN,STALLED_EXECUTION_TRAJECTORY,NONE
MPLADS-000085,14.04,25.46,0,0.5,91.0,91.5,12.0,0.0,0.0023,0.0,NORMAL_EXECUTION_PROGRESS,NONE,NONE
MPLADS-000086,41.34,73.94,0,-1.1,92.3,91.2,3.0,0.0,0.0026,0.0,NORMAL_EXECUTION_PROGRESS,NONE,NONE
MPLADS-000087,19.28,36.1,0,19.5,71.5,91.0,12.0,0.0,0.0036,0.0,NORMAL_EXECUTION_PROGRESS,NONE,NONE
MPLADS-000088,80.79,96.44,1,69.6,16.0,85.6,24.0,0.0,0.0545,75.0,SEVERE_PHYSICAL_FINANCIAL_GAP,ABANDONED_WORK_SUSPICION,INSPECTION_DOCUMENTATION_DEFICIT
MPLADS-000089,24.0,45.26,0,14.5,70.8,85.3,11.0,0.0,0.0047,0.0,NORMAL_EXECUTION_PROGRESS,NONE,NONE
MPLADS-000090,39.26,70.92,0,-2.8,93.4,90.6,9.0,0.0,0.0079,0.0,NORMAL_EXECUTION_PROGRESS,NONE,NONE
MPLADS-000091,33.02,61.0,0,25.4,70.4,95.8,9.0,0.0,0.0016,0.0,NORMAL_EXECUTION_PROGRESS,NONE,NONE
MPLADS-000092,15.78,29.06,0,7.9,79.8,87.7,23.0,0.0,0.0063,0.0,NORMAL_EXECUTION_PROGRESS,NONE,NONE
MPLADS-000093,4.33,6.02,0,9.8,83.1,92.9,0.0,0.0,0.0,0.0,NORMAL_EXECUTION_PROGRESS,NONE,NONE
MPLADS-000094,21.2,39.82,0,1.5,90.6,92.1,28.0,0.0,0.0114,0.0,NORMAL_EXECUTION_PROGRESS,NONE,NONE
MPLADS-000095,62.93,86.98,0,62.3,95.5,157.8,8.0,0.0,0.0013,75.0,SEVERE_PHYSICAL_FINANCIAL_GAP,NONE,NONE
MPLADS-000096,8.42,13.96,0,7.3,79.5,86.8,0.0,0.0,0.0,0.0,NORMAL_EXECUTION_PROGRESS,NONE,NONE
MPLADS-000097,70.31,90.92,0,24.7,20.0,44.7,0.0,0.0,0.0,0.0,ELEVATED_PROGRESS_VOLATILITY,NONE,NONE
MPLADS-000098,32.52,60.22,0,-11.3,99.1,87.8,33.0,0.0,0.0069,0.0,NORMAL_EXECUTION_PROGRESS,NONE,NONE
MPLADS-000099,26.08,49.16,0,2.4,94.1,96.5,14.0,0.0,0.0004,0.0,NORMAL_EXECUTION_PROGRESS,NONE,NONE
MPLADS-000100,17.08,31.7,0,-6.8,97.6,90.8,13.0,0.0,0.0018,0.0,NORMAL_EXECUTION_PROGRESS,NONE,NONE
MPLADS-000101,6.88,10.94,0,4.4,91.3,95.7,0.0,0.0,0.0,0.0,NORMAL_EXECUTION_PROGRESS,NONE,NONE
MPLADS-000102,45.36,78.8,0,-7.9,97.7,89.8,0.0,0.0,0.0,0.0,NORMAL_EXECUTION_PROGRESS,NONE,NONE
MPLADS-000103,68.6,89.44,0,59.5,30.2,89.7,6.0,0.0,0.0082,75.0,SEVERE_PHYSICAL_FINANCIAL_GAP,INSPECTION_DOCUMENTATION_DEFICIT,NONE
MPLADS-000104,3.72,4.88,0,8.8,86.1,94.9,9.0,0.0,0.0019,0.0,NORMAL_EXECUTION_PROGRESS,NONE,NONE
MPLADS-000105,12.47,22.22,0,11.1,79.5,90.6,0.0,0.0,0.0,0.0,NORMAL_EXECUTION_PROGRESS,NONE,NONE
MPLADS-000106,41.25,73.82,0,1.1,95.8,96.9,15.0,0.0,0.0003,0.0,NORMAL_EXECUTION_PROGRESS,NONE,NONE
MPLADS-000107,30.74,57.22,0,24.6,72.4,97.0,8.0,0.0,0.0042,0.0,NORMAL_EXECUTION_PROGRESS,NONE,NONE
MPLADS-000108,28.35,53.2,0,-3.0,97.3,94.3,0.0,0.0,0.0,0.0,NORMAL_EXECUTION_PROGRESS,NONE,NONE
MPLADS-000109,34.14,62.84,0,14.7,78.8,93.5,17.0,0.0,0.0003,0.0,NORMAL_EXECUTION_PROGRESS,NONE,NONE
MPLADS-000110,39.1,70.74,0,11.2,84.5,95.7,0.0,0.0,0.0,0.0,NORMAL_EXECUTION_PROGRESS,NONE,NONE
MPLADS-000111,6.78,10.76,0,3.9,81.8,85.7,18.0,0.0,0.0043,0.0,NORMAL_EXECUTION_PROGRESS,NONE,NONE
MPLADS-000112,21.1,39.64,0,20.5,73.9,94.4,0.0,0.0,0.0,0.0,NORMAL_EXECUTION_PROGRESS,NONE,NONE
MPLADS-000113,30.79,57.28,0,-12.8,99.2,86.4,25.0,0.0,0.0022,0.0,NORMAL_EXECUTION_PROGRESS,NONE,NONE
MPLADS-000114,31.78,58.98,0,14.7,79.7,94.4,0.0,0.0,0.0,0.0,NORMAL_EXECUTION_PROGRESS,NONE,NONE
MPLADS-000115,5.86,8.94,0,-3.3,91.1,87.8,0.0,0.0,0.0,0.0,NORMAL_EXECUTION_PROGRESS,NONE,NONE
MPLADS-000116,40.52,72.74,0,18.4,72.0,90.4,5.0,0.0,0.0001,0.0,NORMAL_EXECUTION_PROGRESS,NONE,NONE
MPLADS-000117,18.88,35.28,0,0.1,87.9,88.0,0.0,0.0,0.0,0.0,NORMAL_EXECUTION_PROGRESS,NONE,NONE
MPLADS-000118,27.87,52.36,0,-12.2,98.7,86.5,12.0,0.0,0.0036,0.0,NORMAL_EXECUTION_PROGRESS,NONE,NONE
MPLADS-000119,63.9,87.18,0,69.5,84.8,154.3,30.0,0.0,0.0078,75.0,SEVERE_PHYSICAL_FINANCIAL_GAP,NONE,NONE
MPLADS-000120,85.51,98.3,1,20.8,74.9,95.7,24.0,0.0,0.0105,0.0,INSPECTION_DOCUMENTATION_DEFICIT,NONE,NONE
MPLADS-000121,22.8,42.92,0,18.7,72.1,90.8,24.0,0.0,0.0054,0.0,NORMAL_EXECUTION_PROGRESS,NONE,NONE
MPLADS-000122,87.84,98.86,1,34.5,60.3,94.8,630.0,0.0,1.2054,75.0,EXTREME_DURATION_OVERRUN,STALLED_EXECUTION_TRAJECTORY,SEVERE_PHYSICAL_FINANCIAL_GAP
MPLADS-000123,14.48,26.36,0,7.1,88.3,95.4,0.0,0.0,0.0,0.0,NORMAL_EXECUTION_PROGRESS,NONE,NONE
MPLADS-000124,31.82,59.06,0,19.4,73.6,93.0,0.0,0.0,0.0,0.0,NORMAL_EXECUTION_PROGRESS,NONE,NONE
MPLADS-000125,62.58,86.82,0,58.7,99.5,158.2,0.0,0.0,0.0,75.0,SEVERE_PHYSICAL_FINANCIAL_GAP,NONE,NONE
MPLADS-000126,42.85,75.9,0,6.8,83.9,90.7,0.0,0.0,0.0,0.0,NORMAL_EXECUTION_PROGRESS,NONE,NONE
MPLADS-000127,7.53,12.2,0,15.4,76.2,91.6,2.0,0.0,0.0009,0.0,NORMAL_EXECUTION_PROGRESS,NONE,NONE
MPLADS-000128,48.37,81.52,0,4.5,83.9,88.4,0.0,0.0,0.0,0.0,NORMAL_EXECUTION_PROGRESS,NONE,NONE
MPLADS-000129,71.55,91.86,0,68.8,18.4,87.2,0.0,0.0,0.0,75.0,SEVERE_PHYSICAL_FINANCIAL_GAP,ABANDONED_WORK_SUSPICION,INSPECTION_DOCUMENTATION_DEFICIT
MPLADS-000130,14.66,26.72,0,5.0,85.6,90.6,12.0,0.0,0.0005,0.0,NORMAL_EXECUTION_PROGRESS,NONE,NONE
MPLADS-000131,56.62,84.96,0,56.7,87.8,144.5,9.0,0.0,0.0016,75.0,NORMAL_EXECUTION_PROGRESS,NONE,NONE
MPLADS-000132,14.28,25.96,0,14.2,75.5,89.7,0.0,0.0,0.0,0.0,NORMAL_EXECUTION_PROGRESS,NONE,NONE
MPLADS-000133,24.89,46.96,0,-3.5,98.1,94.6,0.0,0.0,0.0,0.0,NORMAL_EXECUTION_PROGRESS,NONE,NONE
MPLADS-000134,6.39,9.96,0,2.9,92.3,95.2,23.0,0.0,0.0065,0.0,NORMAL_EXECUTION_PROGRESS,NONE,NONE
MPLADS-000135,28.96,54.22,0,-5.1,99.3,94.2,12.0,0.0,0.0008,0.0,NORMAL_EXECUTION_PROGRESS,NONE,NONE
MPLADS-000136,69.68,90.34,0,61.6,28.1,89.7,21.0,0.0,0.0286,75.0,SEVERE_PHYSICAL_FINANCIAL_GAP,INSPECTION_DOCUMENTATION_DEFICIT,NONE
MPLADS-000137,6.92,11.02,0,11.9,73.6,85.5,0.0,0.0,0.0,0.0,NORMAL_EXECUTION_PROGRESS,NONE,NONE
MPLADS-000138,11.19,19.64,0,3.9,83.2,87.1,21.0,0.0,0.0073,0.0,NORMAL_EXECUTION_PROGRESS,NONE,NONE
MPLADS-000139,49.77,82.48,0,40.5,89.8,130.3,21.0,0.0,0.0062,50.0,NORMAL_EXECUTION_PROGRESS,NONE,NONE
MPLADS-000140,71.1,91.44,0,40.6,10.1,50.7,19.0,0.0,0.0393,50.0,SEVERE_PHYSICAL_FINANCIAL_GAP,ABANDONED_WORK_SUSPICION,NONE
MPLADS-000141,20.31,38.12,0,4.5,86.2,90.7,0.0,0.0,0.0,0.0,NORMAL_EXECUTION_PROGRESS,NONE,NONE
MPLADS-000142,16.0,29.52,0,-0.1,91.5,91.4,13.0,0.0,0.0022,0.0,NORMAL_EXECUTION_PROGRESS,NONE,NONE
MPLADS-000143,13.91,25.2,0,9.3,80.3,89.6,1.0,0.0,0.0001,0.0,NORMAL_EXECUTION_PROGRESS,NONE,NONE
MPLADS-000144,13.91,25.18,0,11.3,75.5,86.8,26.0,0.0,0.0027,0.0,NORMAL_EXECUTION_PROGRESS,NONE,NONE
MPLADS-000145,16.69,30.92,0,-0.5,88.0,87.5,8.0,0.0,0.0007,0.0,NORMAL_EXECUTION_PROGRESS,NONE,NONE
MPLADS-000146,69.67,90.32,0,54.7,33.5,88.2,8.0,0.0,0.0059,75.0,SEVERE_PHYSICAL_FINANCIAL_GAP,INSPECTION_DOCUMENTATION_DEFICIT,NONE
MPLADS-000147,20.87,39.2,0,8.8,81.6,90.4,9.0,0.0,0.0004,0.0,NORMAL_EXECUTION_PROGRESS,NONE,NONE
MPLADS-000148,9.96,17.12,0,8.8,84.0,92.8,0.0,0.0,0.0,0.0,NORMAL_EXECUTION_PROGRESS,NONE,NONE
MPLADS-000149,17.77,33.08,0,0.7,89.5,90.2,23.0,0.0,0.0028,0.0,NORMAL_EXECUTION_PROGRESS,NONE,NONE
MPLADS-000150,66.78,88.44,0,43.0,13.7,56.7,13.0,0.0,0.025,50.0,SEVERE_PHYSICAL_FINANCIAL_GAP,ABANDONED_WORK_SUSPICION,NONE
MPLADS-000151,20.35,38.18,0,-2.5,91.5,89.0,4.0,0.0,0.0001,0.0,NORMAL_EXECUTION_PROGRESS,NONE,NONE
MPLADS-000152,38.95,70.48,0,3.9,87.9,91.8,0.0,0.0,0.0,0.0,NORMAL_EXECUTION_PROGRESS,NONE,NONE
MPLADS-000153,38.0,69.04,0,7.0,88.0,95.0,26.0,0.0,0.0005,0.0,NORMAL_EXECUTION_PROGRESS,NONE,NONE
MPLADS-000154,37.89,68.84,0,11.4,77.9,89.3,24.0,0.0,0.0262,0.0,NORMAL_EXECUTION_PROGRESS,NONE,NONE
MPLADS-000155,48.47,81.64,0,21.9,70.2,92.1,28.0,0.0,0.0338,0.0,NORMAL_EXECUTION_PROGRESS,NONE,NONE
MPLADS-000156,8.74,14.58,0,11.1,85.2,96.3,0.0,0.0,0.0,0.0,NORMAL_EXECUTION_PROGRESS,NONE,NONE
MPLADS-000157,45.46,78.92,0,-4.6,98.5,93.9,0.0,0.0,0.0,0.0,NORMAL_EXECUTION_PROGRESS,NONE,NONE
MPLADS-000158,1.77,1.54,0,11.3,77.1,88.4,0.0,0.0,0.0,0.0,NORMAL_EXECUTION_PROGRESS,NONE,NONE
MPLADS-000159,30.85,57.4,0,-10.8,98.9,88.1,33.0,0.0,0.0061,0.0,NORMAL_EXECUTION_PROGRESS,NONE,NONE
MPLADS-000160,14.98,27.4,0,18.2,77.6,95.8,0.0,0.0,0.0,0.0,NORMAL_EXECUTION_PROGRESS,NONE,NONE
MPLADS-000161,42.48,75.38,0,17.7,73.9,91.6,21.0,0.0,0.0239,0.0,NORMAL_EXECUTION_PROGRESS,NONE,NONE
MPLADS-000162,27.78,52.18,0,25.3,70.9,96.2,7.0,0.0,0.0023,0.0,NORMAL_EXECUTION_PROGRESS,NONE,NONE
MPLADS-000163,35.54,65.12,0,12.3,75.5,87.8,20.0,0.0,0.0005,0.0,NORMAL_EXECUTION_PROGRESS,NONE,NONE
MPLADS-000164,34.73,63.82,0,22.8,70.8,93.6,0.0,0.0,0.0,0.0,NORMAL_EXECUTION_PROGRESS,NONE,NONE
MPLADS-000165,10.64,18.52,0,4.4,84.0,88.4,0.0,0.0,0.0,0.0,NORMAL_EXECUTION_PROGRESS,NONE,NONE
MPLADS-000166,84.2,97.76,1,42.1,46.8,88.9,360.0,0.0,0.6057,75.0,EXTREME_DURATION_OVERRUN,SEVERE_PHYSICAL_FINANCIAL_GAP,STALLED_EXECUTION_TRAJECTORY
MPLADS-000167,27.0,50.8,0,-10.8,97.0,86.2,0.0,0.0,0.0,0.0,NORMAL_EXECUTION_PROGRESS,NONE,NONE
MPLADS-000168,24.05,45.36,0,-6.2,91.7,85.5,0.0,0.0,0.0,0.0,NORMAL_EXECUTION_PROGRESS,NONE,NONE
MPLADS-000169,64.96,87.42,0,47.6,16.0,63.6,8.0,0.0,0.0117,50.0,SEVERE_PHYSICAL_FINANCIAL_GAP,ABANDONED_WORK_SUSPICION,NONE
MPLADS-000170,32.32,59.88,0,1.9,95.7,97.6,0.0,0.0,0.0,0.0,NORMAL_EXECUTION_PROGRESS,NONE,NONE
MPLADS-000171,84.27,97.82,1,5.9,79.6,85.5,9.0,0.0,0.0093,0.0,INSPECTION_DOCUMENTATION_DEFICIT,NONE,NONE
MPLADS-000172,56.47,84.94,0,36.3,97.4,133.7,2.0,0.0,0.0016,50.0,NORMAL_EXECUTION_PROGRESS,NONE,NONE
MPLADS-000173,4.36,6.06,0,-4.2,90.9,86.7,5.0,0.0,0.0012,0.0,NORMAL_EXECUTION_PROGRESS,NONE,NONE
MPLADS-000174,6.16,9.5,0,-2.6,92.4,89.8,18.0,0.0,0.0032,0.0,NORMAL_EXECUTION_PROGRESS,NONE,NONE
MPLADS-000175,80.88,96.5,1,0.5,87.8,88.3,14.0,0.0,0.004,0.0,INSPECTION_DOCUMENTATION_DEFICIT,NONE,NONE
MPLADS-000176,15.82,29.14,0,-4.1,89.5,85.4,9.0,0.0,0.0017,0.0,NORMAL_EXECUTION_PROGRESS,NONE,NONE
MPLADS-000177,0.64,0.3,0,5.7,87.6,93.3,15.0,0.0,0.0034,0.0,NORMAL_EXECUTION_PROGRESS,NONE,NONE
MPLADS-000178,36.51,66.74,0,-6.7,99.8,93.1,33.0,0.0,0.0087,0.0,NORMAL_EXECUTION_PROGRESS,NONE,NONE
MPLADS-000179,22.32,41.98,0,-1.8,87.8,86.0,32.0,0.0,0.0049,0.0,NORMAL_EXECUTION_PROGRESS,NONE,NONE
MPLADS-000180,69.03,89.78,0,63.8,30.8,94.6,21.0,0.0,0.0267,75.0,SEVERE_PHYSICAL_FINANCIAL_GAP,INSPECTION_DOCUMENTATION_DEFICIT,NONE
MPLADS-000181,25.66,48.38,0,12.0,84.5,96.5,34.0,0.0,0.0094,0.0,NORMAL_EXECUTION_PROGRESS,NONE,NONE
MPLADS-000182,13.43,24.22,0,-10.1,97.0,86.9,10.0,0.0,0.0016,0.0,NORMAL_EXECUTION_PROGRESS,NONE,NONE
MPLADS-000183,28.37,53.24,0,-0.1,86.8,86.7,32.0,0.0,0.0146,0.0,NORMAL_EXECUTION_PROGRESS,NONE,NONE
MPLADS-000184,5.37,7.98,0,7.9,81.9,89.8,0.0,0.0,0.0,0.0,NORMAL_EXECUTION_PROGRESS,NONE,NONE
MPLADS-000185,20.61,38.7,0,-6.3,95.1,88.8,30.0,0.0,0.0059,0.0,NORMAL_EXECUTION_PROGRESS,NONE,NONE
MPLADS-000186,29.64,55.36,0,23.9,73.8,97.7,19.0,0.0,0.0104,0.0,NORMAL_EXECUTION_PROGRESS,NONE,NONE
MPLADS-000187,8.99,15.1,0,-2.4,90.5,88.1,0.0,0.0,0.0,0.0,NORMAL_EXECUTION_PROGRESS,NONE,NONE
MPLADS-000188,32.69,60.48,0,-9.7,98.2,88.5,0.0,0.0,0.0,0.0,NORMAL_EXECUTION_PROGRESS,NONE,NONE
MPLADS-000189,40.81,73.2,0,26.4,71.0,97.4,6.0,0.0,0.0004,0.0,NORMAL_EXECUTION_PROGRESS,NONE,NONE
MPLADS-000190,4.18,5.7,0,10.9,79.7,90.6,0.0,0.0,0.0,0.0,NORMAL_EXECUTION_PROGRESS,NONE,NONE
MPLADS-000191,36.78,67.22,0,3.1,82.4,85.5,6.0,0.0,0.006,0.0,NORMAL_EXECUTION_PROGRESS,NONE,NONE
MPLADS-000192,24.52,46.28,0,16.9,75.1,92.0,0.0,0.0,0.0,0.0,NORMAL_EXECUTION_PROGRESS,NONE,NONE
MPLADS-000193,3.79,5.0,0,12.0,77.1,89.1,0.0,0.0,0.0,0.0,NORMAL_EXECUTION_PROGRESS,NONE,NONE
MPLADS-000194,3.11,3.76,0,11.6,81.0,92.6,18.0,0.0,0.0026,0.0,NORMAL_EXECUTION_PROGRESS,NONE,NONE
MPLADS-000195,28.66,53.76,0,-7.2,97.4,90.2,8.0,0.0,0.0002,0.0,NORMAL_EXECUTION_PROGRESS,NONE,NONE
MPLADS-000196,8.64,14.4,0,4.7,93.2,97.9,6.0,0.0,0.0019,0.0,NORMAL_EXECUTION_PROGRESS,NONE,NONE
MPLADS-000197,3.34,4.18,0,2.4,90.8,93.2,2.0,0.0,0.0005,0.0,NORMAL_EXECUTION_PROGRESS,NONE,NONE
MPLADS-000198,55.23,84.66,0,-10.5,99.9,89.4,0.0,0.0,0.0,0.0,NORMAL_EXECUTION_PROGRESS,NONE,NONE
MPLADS-000199,35.87,65.72,0,14.4,75.1,89.5,11.0,0.0,0.0002,0.0,NORMAL_EXECUTION_PROGRESS,NONE,NONE
MPLADS-000200,8.17,13.44,0,1.2,86.6,87.8,12.0,0.0,0.0027,0.0,NORMAL_EXECUTION_PROGRESS,NONE,NONE
MPLADS-000201,16.68,30.9,0,10.6,82.1,92.7,31.0,0.0,0.0099,0.0,NORMAL_EXECUTION_PROGRESS,NONE,NONE
MPLADS-000202,95.3,99.22,1,100.0,0.0,100.0,0.0,1.0,0.0,75.0,GHOST_WORK_EXECUTION_DIVERGENCE,SEVERE_PHYSICAL_FINANCIAL_GAP,ABANDONED_WORK_SUSPICION
MPLADS-000203,31.61,58.7,0,-3.2,99.0,95.8,21.0,0.0,0.0007,0.0,NORMAL_EXECUTION_PROGRESS,NONE,NONE
MPLADS-000204,37.25,67.88,0,0.6,86.2,86.8,0.0,0.0,0.0,0.0,NORMAL_EXECUTION_PROGRESS,NONE,NONE
MPLADS-000205,10.43,18.08,0,0.1,91.8,91.9,12.0,0.0,0.001,0.0,NORMAL_EXECUTION_PROGRESS,NONE,NONE
MPLADS-000206,21.3,40.02,0,-0.6,91.4,90.8,27.0,0.0,0.0033,0.0,NORMAL_EXECUTION_PROGRESS,NONE,NONE
MPLADS-000207,14.72,26.84,0,7.6,77.9,85.5,27.0,0.0,0.0113,0.0,NORMAL_EXECUTION_PROGRESS,NONE,NONE
MPLADS-000208,29.09,54.44,0,20.5,76.5,97.0,30.0,0.0,0.0098,0.0,NORMAL_EXECUTION_PROGRESS,NONE,NONE
MPLADS-000209,6.12,9.42,0,3.4,87.5,90.9,0.0,0.0,0.0,0.0,NORMAL_EXECUTION_PROGRESS,NONE,NONE
MPLADS-000210,80.31,96.08,1,46.6,42.4,89.0,240.0,0.0,0.3649,75.0,SEVERE_PHYSICAL_FINANCIAL_GAP,EXTREME_DURATION_OVERRUN,STALLED_EXECUTION_TRAJECTORY
MPLADS-000211,27.95,52.5,0,19.7,74.4,94.1,34.0,0.0,0.0164,0.0,NORMAL_EXECUTION_PROGRESS,NONE,NONE
MPLADS-000212,19.75,37.0,0,-8.7,94.0,85.3,18.0,0.0,0.0016,0.0,NORMAL_EXECUTION_PROGRESS,NONE,NONE
MPLADS-000213,5.28,7.8,0,15.5,80.8,96.3,14.0,0.0,0.0019,0.0,NORMAL_EXECUTION_PROGRESS,NONE,NONE
MPLADS-000214,7.01,11.2,0,6.9,81.5,88.4,8.0,0.0,0.0034,0.0,NORMAL_EXECUTION_PROGRESS,NONE,NONE
MPLADS-000215,7.48,12.12,0,-5.9,92.6,86.7,18.0,0.0,0.0037,0.0,NORMAL_EXECUTION_PROGRESS,NONE,NONE
MPLADS-000216,42.09,74.96,0,13.7,72.3,86.0,0.0,0.0,0.0,0.0,NORMAL_EXECUTION_PROGRESS,NONE,NONE
MPLADS-000217,43.64,76.92,0,12.3,78.7,91.0,0.0,0.0,0.0,0.0,NORMAL_EXECUTION_PROGRESS,NONE,NONE
MPLADS-000218,40.07,72.12,0,12.1,85.8,97.9,6.0,0.0,0.0001,0.0,NORMAL_EXECUTION_PROGRESS,NONE,NONE
MPLADS-000219,12.4,22.1,0,9.9,81.3,91.2,27.0,0.0,0.0133,0.0,NORMAL_EXECUTION_PROGRESS,NONE,NONE
MPLADS-000220,4.23,5.82,0,8.4,78.7,87.1,0.0,0.0,0.0,0.0,NORMAL_EXECUTION_PROGRESS,NONE,NONE
MPLADS-000221,33.67,62.06,0,10.8,86.4,97.2,0.0,0.0,0.0,0.0,NORMAL_EXECUTION_PROGRESS,NONE,NONE
MPLADS-000222,11.05,19.36,0,16.6,78.2,94.8,29.0,0.0,0.01,0.0,NORMAL_EXECUTION_PROGRESS,NONE,NONE
MPLADS-000223,19.52,36.54,0,20.3,73.9,94.2,19.0,0.0,0.0018,0.0,NORMAL_EXECUTION_PROGRESS,NONE,NONE
MPLADS-000224,2.95,3.5,0,9.8,76.8,86.6,11.0,0.0,0.004,0.0,NORMAL_EXECUTION_PROGRESS,NONE,NONE
MPLADS-000225,37.44,68.18,0,7.1,84.0,91.1,0.0,0.0,0.0,0.0,NORMAL_EXECUTION_PROGRESS,NONE,NONE
MPLADS-000226,0.38,0.1,0,7.6,85.1,92.7,6.0,0.0,0.0017,0.0,NORMAL_EXECUTION_PROGRESS,NONE,NONE
MPLADS-000227,24.23,45.7,0,12.6,75.4,88.0,31.0,0.0,0.0038,0.0,NORMAL_EXECUTION_PROGRESS,NONE,NONE
MPLADS-000228,27.33,51.38,0,-0.1,95.2,95.1,0.0,0.0,0.0,0.0,NORMAL_EXECUTION_PROGRESS,NONE,NONE
MPLADS-000229,6.68,10.54,0,19.3,74.7,94.0,10.0,0.0,0.0015,0.0,NORMAL_EXECUTION_PROGRESS,NONE,NONE
MPLADS-000230,22.61,42.58,0,-2.4,98.5,96.1,29.0,0.0,0.0029,0.0,NORMAL_EXECUTION_PROGRESS,NONE,NONE
MPLADS-000231,78.75,95.18,1,9.6,84.4,94.0,7.0,0.0,0.0002,0.0,INSPECTION_DOCUMENTATION_DEFICIT,NONE,NONE
MPLADS-000232,42.14,75.04,0,3.8,83.8,87.6,33.0,0.0,0.001,0.0,NORMAL_EXECUTION_PROGRESS,NONE,NONE
MPLADS-000233,46.62,80.08,0,15.5,82.3,97.8,32.0,0.0,0.0338,0.0,NORMAL_EXECUTION_PROGRESS,NONE,NONE
MPLADS-000234,47.32,80.78,0,-6.6,98.9,92.3,27.0,0.0,0.0005,0.0,NORMAL_EXECUTION_PROGRESS,NONE,NONE
MPLADS-000235,14.83,27.08,0,9.9,76.4,86.3,3.0,0.0,0.0001,0.0,NORMAL_EXECUTION_PROGRESS,NONE,NONE
MPLADS-000236,19.79,37.08,0,17.6,78.9,96.5,9.0,0.0,0.0031,0.0,NORMAL_EXECUTION_PROGRESS,NONE,NONE
MPLADS-000237,10.06,17.32,0,-4.1,91.1,87.0,18.0,0.0,0.0033,0.0,NORMAL_EXECUTION_PROGRESS,NONE,NONE
MPLADS-000238,22.09,41.54,0,23.1,72.1,95.2,5.0,0.0,0.0013,0.0,NORMAL_EXECUTION_PROGRESS,NONE,NONE
MPLADS-000239,28.83,54.02,0,0.9,94.7,95.6,29.0,0.0,0.011,0.0,NORMAL_EXECUTION_PROGRESS,NONE,NONE
MPLADS-000240,20.38,38.24,0,16.1,74.6,90.7,0.0,0.0,0.0,0.0,NORMAL_EXECUTION_PROGRESS,NONE,NONE
MPLADS-000241,8.84,14.8,0,-1.2,94.6,93.4,20.0,0.0,0.004,0.0,NORMAL_EXECUTION_PROGRESS,NONE,NONE
MPLADS-000242,46.66,80.14,0,14.3,74.2,88.5,0.0,0.0,0.0,0.0,NORMAL_EXECUTION_PROGRESS,NONE,NONE
MPLADS-000243,8.9,14.92,0,19.4,73.4,92.8,20.0,0.0,0.004,0.0,NORMAL_EXECUTION_PROGRESS,NONE,NONE
MPLADS-000244,20.42,38.34,0,4.6,89.0,93.6,29.0,0.0,0.0075,0.0,NORMAL_EXECUTION_PROGRESS,NONE,NONE
MPLADS-000245,46.03,79.52,0,-10.2,98.9,88.7,18.0,0.0,0.0003,0.0,NORMAL_EXECUTION_PROGRESS,NONE,NONE
MPLADS-000246,15.52,28.52,0,1.0,90.8,91.8,24.0,0.0,0.0056,0.0,NORMAL_EXECUTION_PROGRESS,NONE,NONE
MPLADS-000247,10.45,18.12,0,-2.6,96.9,94.3,17.0,0.0,0.004,0.0,NORMAL_EXECUTION_PROGRESS,NONE,NONE
MPLADS-000248,71.0,91.36,0,55.9,30.6,86.5,19.0,0.0,0.0173,75.0,SEVERE_PHYSICAL_FINANCIAL_GAP,INSPECTION_DOCUMENTATION_DEFICIT,NONE
MPLADS-000249,5.54,8.34,0,9.3,88.2,97.5,19.0,0.0,0.0044,0.0,NORMAL_EXECUTION_PROGRESS,NONE,NONE
MPLADS-000250,78.16,94.94,0,82.0,16.1,98.1,6.0,0.0,0.0049,75.0,SEVERE_PHYSICAL_FINANCIAL_GAP,ABANDONED_WORK_SUSPICION,INSPECTION_DOCUMENTATION_DEFICIT
MPLADS-000251,20.64,38.78,0,3.5,93.6,97.1,0.0,0.0,0.0,0.0,NORMAL_EXECUTION_PROGRESS,NONE,NONE
MPLADS-000252,27.94,52.48,0,24.5,70.9,95.4,10.0,0.0,0.0034,0.0,NORMAL_EXECUTION_PROGRESS,NONE,NONE
MPLADS-000253,42.08,74.92,0,19.5,72.3,91.8,33.0,0.0,0.0019,0.0,NORMAL_EXECUTION_PROGRESS,NONE,NONE
MPLADS-000254,51.88,83.46,0,-2.8,91.3,88.5,0.0,0.0,0.0,0.0,NORMAL_EXECUTION_PROGRESS,NONE,NONE
MPLADS-000255,76.53,94.44,0,74.4,20.1,94.5,14.0,0.0,0.0099,75.0,SEVERE_PHYSICAL_FINANCIAL_GAP,INSPECTION_DOCUMENTATION_DEFICIT,NONE
MPLADS-000256,19.41,36.34,0,-9.5,96.2,86.7,7.0,0.0,0.0011,0.0,NORMAL_EXECUTION_PROGRESS,NONE,NONE
MPLADS-000257,47.23,80.68,0,-6.1,99.8,93.7,0.0,0.0,0.0,0.0,NORMAL_EXECUTION_PROGRESS,NONE,NONE
MPLADS-000258,69.34,90.0,0,62.1,31.1,93.2,0.0,0.0,0.0,75.0,SEVERE_PHYSICAL_FINANCIAL_GAP,INSPECTION_DOCUMENTATION_DEFICIT,NONE
MPLADS-000259,27.65,51.92,0,3.2,85.9,89.1,0.0,0.0,0.0,0.0,NORMAL_EXECUTION_PROGRESS,NONE,NONE
MPLADS-000260,2.16,2.16,0,14.2,80.8,95.0,5.0,0.0,0.001,0.0,NORMAL_EXECUTION_PROGRESS,NONE,NONE
MPLADS-000261,49.04,82.06,0,7.3,78.8,86.1,0.0,0.0,0.0,0.0,NORMAL_EXECUTION_PROGRESS,NONE,NONE
MPLADS-000262,14.56,26.52,0,16.3,73.5,89.8,3.0,0.0,0.0011,0.0,NORMAL_EXECUTION_PROGRESS,NONE,NONE
MPLADS-000263,31.9,59.18,0,21.3,75.0,96.3,0.0,0.0,0.0,0.0,NORMAL_EXECUTION_PROGRESS,NONE,NONE
MPLADS-000264,24.33,45.9,0,-4.8,92.1,87.3,28.0,0.0,0.0015,0.0,NORMAL_EXECUTION_PROGRESS,NONE,NONE
MPLADS-000265,33.12,61.14,0,-6.5,95.0,88.5,32.0,0.0,0.0123,0.0,NORMAL_EXECUTION_PROGRESS,NONE,NONE
MPLADS-000266,81.12,96.6,1,10.4,82.4,92.8,13.0,0.0,0.0056,0.0,INSPECTION_DOCUMENTATION_DEFICIT,NONE,NONE
MPLADS-000267,95.7,99.28,1,100.0,0.0,100.0,0.0,1.0,0.0,75.0,GHOST_WORK_EXECUTION_DIVERGENCE,SEVERE_PHYSICAL_FINANCIAL_GAP,ABANDONED_WORK_SUSPICION
MPLADS-000268,9.16,15.46,0,18.1,76.4,94.5,0.0,0.0,0.0,0.0,NORMAL_EXECUTION_PROGRESS,NONE,NONE
MPLADS-000269,16.95,31.46,0,-6.0,94.7,88.7,0.0,0.0,0.0,0.0,NORMAL_EXECUTION_PROGRESS,NONE,NONE
MPLADS-000270,20.66,38.82,0,19.7,74.8,94.5,13.0,0.0,0.0036,0.0,NORMAL_EXECUTION_PROGRESS,NONE,NONE
MPLADS-000271,72.91,92.6,0,58.1,30.4,88.5,25.0,0.0,0.0359,75.0,SEVERE_PHYSICAL_FINANCIAL_GAP,INSPECTION_DOCUMENTATION_DEFICIT,NONE
MPLADS-000272,20.09,37.7,0,-8.0,96.8,88.8,24.0,0.0,0.0047,0.0,NORMAL_EXECUTION_PROGRESS,NONE,NONE
MPLADS-000273,68.73,89.54,0,64.5,25.2,89.7,15.0,0.0,0.0124,75.0,SEVERE_PHYSICAL_FINANCIAL_GAP,INSPECTION_DOCUMENTATION_DEFICIT,NONE
MPLADS-000274,9.98,17.16,0,17.7,73.7,91.4,9.0,0.0,0.0014,0.0,NORMAL_EXECUTION_PROGRESS,NONE,NONE
MPLADS-000275,21.22,39.86,0,4.4,90.7,95.1,30.0,0.0,0.0019,0.0,NORMAL_EXECUTION_PROGRESS,NONE,NONE
MPLADS-000276,22.28,41.9,0,19.7,73.0,92.7,0.0,0.0,0.0,0.0,NORMAL_EXECUTION_PROGRESS,NONE,NONE
MPLADS-000277,7.4,11.96,0,10.2,76.3,86.5,9.0,0.0,0.0026,0.0,NORMAL_EXECUTION_PROGRESS,NONE,NONE
MPLADS-000278,28.25,53.0,0,16.1,73.0,89.1,26.0,0.0,0.01,0.0,NORMAL_EXECUTION_PROGRESS,NONE,NONE
MPLADS-000279,8.72,14.56,0,-1.5,96.3,94.8,14.0,0.0,0.002,0.0,NORMAL_EXECUTION_PROGRESS,NONE,NONE
MPLADS-000280,6.47,10.12,0,6.3,89.2,95.5,0.0,0.0,0.0,0.0,NORMAL_EXECUTION_PROGRESS,NONE,NONE
MPLADS-000281,15.8,29.1,0,4.6,81.2,85.8,0.0,0.0,0.0,0.0,NORMAL_EXECUTION_PROGRESS,NONE,NONE
MPLADS-000282,22.68,42.72,0,18.2,73.3,91.5,21.0,0.0,0.0021,0.0,NORMAL_EXECUTION_PROGRESS,NONE,NONE
MPLADS-000283,7.06,11.3,0,15.4,79.7,95.1,0.0,0.0,0.0,0.0,NORMAL_EXECUTION_PROGRESS,NONE,NONE
MPLADS-000284,14.21,25.8,0,1.6,84.9,86.5,26.0,0.0,0.0091,0.0,NORMAL_EXECUTION_PROGRESS,NONE,NONE
MPLADS-000285,44.45,77.92,0,25.7,70.3,96.0,34.0,0.0,0.0152,0.0,NORMAL_EXECUTION_PROGRESS,NONE,NONE
MPLADS-000286,40.13,72.22,0,26.6,71.4,98.0,23.0,0.0,0.0109,0.0,NORMAL_EXECUTION_PROGRESS,NONE,NONE
MPLADS-000287,40.49,72.68,0,18.4,78.0,96.4,19.0,0.0,0.0004,0.0,NORMAL_EXECUTION_PROGRESS,NONE,NONE
MPLADS-000288,74.18,93.34,0,59.9,28.0,87.9,7.0,0.0,0.0136,75.0,SEVERE_PHYSICAL_FINANCIAL_GAP,INSPECTION_DOCUMENTATION_DEFICIT,NONE
MPLADS-000289,17.12,31.78,0,3.4,87.3,90.7,0.0,0.0,0.0,0.0,NORMAL_EXECUTION_PROGRESS,NONE,NONE
MPLADS-000290,0.75,0.38,0,5.4,83.3,88.7,5.0,0.0,0.0011,0.0,NORMAL_EXECUTION_PROGRESS,NONE,NONE
MPLADS-000291,1.46,1.1,0,12.3,79.9,92.2,12.0,0.0,0.0041,0.0,NORMAL_EXECUTION_PROGRESS,NONE,NONE
MPLADS-000292,5.09,7.46,0,0.1,93.0,93.1,17.0,0.0,0.0044,0.0,NORMAL_EXECUTION_PROGRESS,NONE,NONE
MPLADS-000293,21.55,40.52,0,14.2,80.1,94.3,28.0,0.0,0.0051,0.0,NORMAL_EXECUTION_PROGRESS,NONE,NONE
MPLADS-000294,38.72,70.16,0,-2.1,95.1,93.0,0.0,0.0,0.0,0.0,NORMAL_EXECUTION_PROGRESS,NONE,NONE
MPLADS-000295,48.53,81.68,0,14.1,72.2,86.3,0.0,0.0,0.0,0.0,NORMAL_EXECUTION_PROGRESS,NONE,NONE
MPLADS-000296,18.91,35.34,0,-1.9,98.5,96.6,7.0,0.0,0.0014,0.0,NORMAL_EXECUTION_PROGRESS,NONE,NONE
MPLADS-000297,27.17,51.12,0,-2.0,96.8,94.8,0.0,0.0,0.0,0.0,NORMAL_EXECUTION_PROGRESS,NONE,NONE
MPLADS-000298,55.47,84.72,0,48.4,89.5,137.9,33.0,0.0,0.0049,50.0,NORMAL_EXECUTION_PROGRESS,NONE,NONE
MPLADS-000299,35.69,65.38,0,-1.6,88.0,86.4,18.0,0.0,0.0172,0.0,NORMAL_EXECUTION_PROGRESS,NONE,NONE
MPLADS-000300,0.93,0.56,0,9.6,79.0,88.6,4.0,0.0,0.0008,0.0,NORMAL_EXECUTION_PROGRESS,NONE,NONE
MPLADS-000301,22.84,42.98,0,1.1,88.5,89.6,31.0,0.0,0.0022,0.0,NORMAL_EXECUTION_PROGRESS,NONE,NONE
MPLADS-000302,46.19,79.74,0,20.1,77.4,97.5,33.0,0.0,0.037,0.0,NORMAL_EXECUTION_PROGRESS,NONE,NONE
MPLADS-000303,39.61,71.44,0,-5.9,93.7,87.8,10.0,0.0,0.0002,0.0,NORMAL_EXECUTION_PROGRESS,NONE,NONE
MPLADS-000304,42.61,75.6,0,12.1,84.1,96.2,29.0,0.0,0.0298,0.0,NORMAL_EXECUTION_PROGRESS,NONE,NONE
MPLADS-000305,70.44,91.0,0,52.7,32.6,85.3,0.0,0.0,0.0,75.0,SEVERE_PHYSICAL_FINANCIAL_GAP,INSPECTION_DOCUMENTATION_DEFICIT,NONE
MPLADS-000306,7.41,11.98,0,-0.6,85.6,85.0,16.0,0.0,0.0039,0.0,NORMAL_EXECUTION_PROGRESS,NONE,NONE
MPLADS-000307,20.8,39.06,0,11.5,86.3,97.8,28.0,0.0,0.0068,0.0,NORMAL_EXECUTION_PROGRESS,NONE,NONE
MPLADS-000308,22.03,41.44,0,0.2,91.0,91.2,29.0,0.0,0.0072,0.0,NORMAL_EXECUTION_PROGRESS,NONE,NONE
MPLADS-000309,30.9,57.48,0,-5.0,97.0,92.0,25.0,0.0,0.0087,0.0,NORMAL_EXECUTION_PROGRESS,NONE,NONE
MPLADS-000310,31.66,58.78,0,12.5,75.7,88.2,5.0,0.0,0.0001,0.0,NORMAL_EXECUTION_PROGRESS,NONE,NONE
MPLADS-000311,33.5,61.76,0,-2.1,99.6,97.5,3.0,0.0,0.0001,0.0,NORMAL_EXECUTION_PROGRESS,NONE,NONE
MPLADS-000312,40.08,72.14,0,15.2,78.7,93.9,16.0,0.0,0.017,0.0,NORMAL_EXECUTION_PROGRESS,NONE,NONE
MPLADS-000313,96.6,99.56,1,100.0,0.0,100.0,0.0,1.0,0.0,75.0,GHOST_WORK_EXECUTION_DIVERGENCE,SEVERE_PHYSICAL_FINANCIAL_GAP,ABANDONED_WORK_SUSPICION
MPLADS-000314,23.86,44.98,0,22.3,70.5,92.8,9.0,0.0,0.0027,0.0,NORMAL_EXECUTION_PROGRESS,NONE,NONE
MPLADS-000315,11.21,19.7,0,7.2,87.8,95.0,0.0,0.0,0.0,0.0,NORMAL_EXECUTION_PROGRESS,NONE,NONE
MPLADS-000316,46.29,79.86,0,14.0,81.8,95.8,33.0,0.0,0.0352,0.0,NORMAL_EXECUTION_PROGRESS,NONE,NONE
MPLADS-000317,33.42,61.64,0,6.1,84.0,90.1,14.0,0.0,0.0139,0.0,NORMAL_EXECUTION_PROGRESS,NONE,NONE
MPLADS-000318,37.18,67.8,0,-2.6,93.4,90.8,14.0,0.0,0.0124,0.0,NORMAL_EXECUTION_PROGRESS,NONE,NONE
MPLADS-000319,6.7,10.58,0,16.0,81.6,97.6,0.0,0.0,0.0,0.0,NORMAL_EXECUTION_PROGRESS,NONE,NONE
MPLADS-000320,77.95,94.86,0,79.7,70.4,150.1,0.0,0.0,0.0,75.0,SEVERE_PHYSICAL_FINANCIAL_GAP,NONE,NONE
MPLADS-000321,81.21,96.64,1,48.2,46.3,94.5,240.0,0.0,0.3457,75.0,SEVERE_PHYSICAL_FINANCIAL_GAP,EXTREME_DURATION_OVERRUN,STALLED_EXECUTION_TRAJECTORY
MPLADS-000322,49.57,82.36,0,3.4,83.2,86.6,0.0,0.0,0.0,0.0,NORMAL_EXECUTION_PROGRESS,NONE,NONE
MPLADS-000323,16.48,30.48,0,17.0,79.8,96.8,0.0,0.0,0.0,0.0,NORMAL_EXECUTION_PROGRESS,NONE,NONE
MPLADS-000324,5.82,8.84,0,7.0,79.1,86.1,2.0,0.0,0.0005,0.0,NORMAL_EXECUTION_PROGRESS,NONE,NONE
MPLADS-000325,1.23,0.86,0,3.5,87.9,91.4,2.0,0.0,0.0004,0.0,NORMAL_EXECUTION_PROGRESS,NONE,NONE
MPLADS-000326,12.05,21.4,0,20.7,73.3,94.0,0.0,0.0,0.0,0.0,NORMAL_EXECUTION_PROGRESS,NONE,NONE
MPLADS-000327,61.69,86.44,0,54.5,82.9,137.4,4.0,0.0,0.0001,75.0,SEVERE_PHYSICAL_FINANCIAL_GAP,NONE,NONE
MPLADS-000328,66.3,88.14,0,29.0,21.3,50.3,5.0,0.0,0.0105,0.0,ELEVATED_PROGRESS_VOLATILITY,NONE,NONE
MPLADS-000329,21.46,40.34,0,22.1,74.5,96.6,14.0,0.0,0.0045,0.0,NORMAL_EXECUTION_PROGRESS,NONE,NONE
MPLADS-000330,73.62,92.98,0,74.6,22.3,96.9,5.0,0.0,0.0042,75.0,SEVERE_PHYSICAL_FINANCIAL_GAP,INSPECTION_DOCUMENTATION_DEFICIT,NONE
MPLADS-000331,48.89,81.92,0,20.2,76.2,96.4,0.0,0.0,0.0,0.0,NORMAL_EXECUTION_PROGRESS,NONE,NONE
MPLADS-000332,4.68,6.68,0,6.6,87.8,94.4,22.0,0.0,0.0047,0.0,NORMAL_EXECUTION_PROGRESS,NONE,NONE
MPLADS-000333,57.8,85.18,0,54.0,94.7,148.7,4.0,0.0,0.0006,75.0,NORMAL_EXECUTION_PROGRESS,NONE,NONE
MPLADS-000334,3.35,4.2,0,16.0,78.6,94.6,15.0,0.0,0.0022,0.0,NORMAL_EXECUTION_PROGRESS,NONE,NONE
MPLADS-000335,45.8,79.2,0,-10.1,97.2,87.1,5.0,0.0,0.0001,0.0,NORMAL_EXECUTION_PROGRESS,NONE,NONE
MPLADS-000336,28.81,54.0,0,4.5,84.8,89.3,6.0,0.0,0.0001,0.0,NORMAL_EXECUTION_PROGRESS,NONE,NONE
MPLADS-000337,36.4,66.56,0,11.6,75.5,87.1,11.0,0.0,0.0002,0.0,NORMAL_EXECUTION_PROGRESS,NONE,NONE
MPLADS-000338,9.32,15.8,0,2.7,87.1,89.8,18.0,0.0,0.0021,0.0,NORMAL_EXECUTION_PROGRESS,NONE,NONE
MPLADS-000339,18.82,35.18,0,-5.1,90.5,85.4,24.0,0.0,0.0049,0.0,NORMAL_EXECUTION_PROGRESS,NONE,NONE
MPLADS-000340,11.39,20.08,0,18.6,74.7,93.3,18.0,0.0,0.0033,0.0,NORMAL_EXECUTION_PROGRESS,NONE,NONE
MPLADS-000341,40.89,73.3,0,7.4,86.7,94.1,0.0,0.0,0.0,0.0,NORMAL_EXECUTION_PROGRESS,NONE,NONE
MPLADS-000342,36.66,66.98,0,0.2,96.0,96.2,0.0,0.0,0.0,0.0,NORMAL_EXECUTION_PROGRESS,NONE,NONE
MPLADS-000343,12.2,21.7,0,4.7,91.5,96.2,0.0,0.0,0.0,0.0,NORMAL_EXECUTION_PROGRESS,NONE,NONE
MPLADS-000344,70.33,90.94,0,66.6,24.4,91.0,15.0,0.0,0.0081,75.0,SEVERE_PHYSICAL_FINANCIAL_GAP,INSPECTION_DOCUMENTATION_DEFICIT,NONE
MPLADS-000345,6.41,9.98,0,14.2,77.1,91.3,0.0,0.0,0.0,0.0,NORMAL_EXECUTION_PROGRESS,NONE,NONE
MPLADS-000346,7.8,12.72,0,15.4,77.3,92.7,0.0,0.0,0.0,0.0,NORMAL_EXECUTION_PROGRESS,NONE,NONE
MPLADS-000347,69.2,89.9,0,64.1,30.7,94.8,0.0,0.0,0.0,75.0,SEVERE_PHYSICAL_FINANCIAL_GAP,INSPECTION_DOCUMENTATION_DEFICIT,NONE
MPLADS-000348,60.46,86.02,0,60.3,83.5,143.8,6.0,0.0,0.0002,75.0,SEVERE_PHYSICAL_FINANCIAL_GAP,NONE,NONE
MPLADS-000349,21.58,40.58,0,19.2,75.4,94.6,28.0,0.0,0.0103,0.0,NORMAL_EXECUTION_PROGRESS,NONE,NONE
MPLADS-000350,11.87,21.04,0,4.9,87.0,91.9,17.0,0.0,0.0069,0.0,NORMAL_EXECUTION_PROGRESS,NONE,NONE
MPLADS-000351,27.52,51.72,0,22.1,73.6,95.7,30.0,0.0,0.0071,0.0,NORMAL_EXECUTION_PROGRESS,NONE,NONE
MPLADS-000352,10.12,17.44,0,13.3,76.4,89.7,24.0,0.0,0.0082,0.0,NORMAL_EXECUTION_PROGRESS,NONE,NONE
MPLADS-000353,18.76,35.04,0,-0.6,94.3,93.7,3.0,0.0,0.0004,0.0,NORMAL_EXECUTION_PROGRESS,NONE,NONE
MPLADS-000354,10.16,17.52,0,18.8,74.0,92.8,0.0,0.0,0.0,0.0,NORMAL_EXECUTION_PROGRESS,NONE,NONE
MPLADS-000355,22.74,42.84,0,13.3,73.6,86.9,20.0,0.0,0.0019,0.0,NORMAL_EXECUTION_PROGRESS,NONE,NONE
MPLADS-000356,34.5,63.44,0,0.9,91.3,92.2,34.0,0.0,0.0023,0.0,NORMAL_EXECUTION_PROGRESS,NONE,NONE
MPLADS-000357,32.18,59.66,0,15.8,75.2,91.0,27.0,0.0,0.001,0.0,NORMAL_EXECUTION_PROGRESS,NONE,NONE
MPLADS-000358,16.28,30.08,0,-1.7,86.9,85.2,29.0,0.0,0.008,0.0,NORMAL_EXECUTION_PROGRESS,NONE,NONE
MPLADS-000359,61.7,86.46,0,66.9,77.5,144.4,0.0,0.0,0.0,75.0,SEVERE_PHYSICAL_FINANCIAL_GAP,NONE,NONE
MPLADS-000360,38.29,69.5,0,15.3,73.7,89.0,30.0,0.0,0.0014,0.0,NORMAL_EXECUTION_PROGRESS,NONE,NONE
MPLADS-000361,40.7,73.02,0,-1.3,90.4,89.1,2.0,0.0,0.0,0.0,NORMAL_EXECUTION_PROGRESS,NONE,NONE
MPLADS-000362,33.1,61.12,0,7.3,87.9,95.2,2.0,0.0,0.0018,0.0,NORMAL_EXECUTION_PROGRESS,NONE,NONE
MPLADS-000363,15.9,29.3,0,-2.1,96.7,94.6,0.0,0.0,0.0,0.0,NORMAL_EXECUTION_PROGRESS,NONE,NONE
MPLADS-000364,22.17,41.7,0,21.6,74.5,96.1,17.0,0.0,0.0014,0.0,NORMAL_EXECUTION_PROGRESS,NONE,NONE
MPLADS-000365,2.71,3.14,0,6.7,82.7,89.4,0.0,0.0,0.0,0.0,NORMAL_EXECUTION_PROGRESS,NONE,NONE
MPLADS-000366,9.69,16.56,0,-2.8,90.0,87.2,0.0,0.0,0.0,0.0,NORMAL_EXECUTION_PROGRESS,NONE,NONE
MPLADS-000367,14.57,26.54,0,-4.5,95.4,90.9,3.0,0.0,0.0009,0.0,NORMAL_EXECUTION_PROGRESS,NONE,NONE
MPLADS-000368,29.05,54.38,0,19.2,77.6,96.8,34.0,0.0,0.019,0.0,NORMAL_EXECUTION_PROGRESS,NONE,NONE
MPLADS-000369,14.14,25.68,0,-1.1,89.3,88.2,0.0,0.0,0.0,0.0,NORMAL_EXECUTION_PROGRESS,NONE,NONE
MPLADS-000370,37.74,68.62,0,22.3,71.5,93.8,26.0,0.0,0.0157,0.0,NORMAL_EXECUTION_PROGRESS,NONE,NONE
MPLADS-000371,16.44,30.4,0,-5.2,98.0,92.8,18.0,0.0,0.0014,0.0,NORMAL_EXECUTION_PROGRESS,NONE,NONE
MPLADS-000372,41.59,74.28,0,9.0,79.8,88.8,0.0,0.0,0.0,0.0,NORMAL_EXECUTION_PROGRESS,NONE,NONE
MPLADS-000373,71.58,91.88,0,71.2,22.3,93.5,17.0,0.0,0.0264,75.0,SEVERE_PHYSICAL_FINANCIAL_GAP,INSPECTION_DOCUMENTATION_DEFICIT,NONE
MPLADS-000374,45.98,79.46,0,7.0,83.6,90.6,0.0,0.0,0.0,0.0,NORMAL_EXECUTION_PROGRESS,NONE,NONE
MPLADS-000375,22.4,42.14,0,-8.3,99.8,91.5,4.0,0.0,0.0004,0.0,NORMAL_EXECUTION_PROGRESS,NONE,NONE
MPLADS-000376,43.11,76.26,0,-6.8,99.8,93.0,28.0,0.0,0.0011,0.0,NORMAL_EXECUTION_PROGRESS,NONE,NONE
MPLADS-000377,13.19,23.7,0,12.7,78.6,91.3,23.0,0.0,0.0091,0.0,NORMAL_EXECUTION_PROGRESS,NONE,NONE
MPLADS-000378,36.73,67.14,0,1.0,91.6,92.6,11.0,0.0,0.0002,0.0,NORMAL_EXECUTION_PROGRESS,NONE,NONE
MPLADS-000379,33.13,61.16,0,17.6,75.0,92.6,2.0,0.0,0.0022,0.0,NORMAL_EXECUTION_PROGRESS,NONE,NONE
MPLADS-000380,66.45,88.2,0,63.2,25.2,88.4,19.0,0.0,0.0257,75.0,SEVERE_PHYSICAL_FINANCIAL_GAP,INSPECTION_DOCUMENTATION_DEFICIT,NONE
MPLADS-000381,8.04,13.18,0,3.3,83.0,86.3,3.0,0.0,0.0006,0.0,NORMAL_EXECUTION_PROGRESS,NONE,NONE
MPLADS-000382,14.19,25.76,0,-7.8,94.6,86.8,24.0,0.0,0.0065,0.0,NORMAL_EXECUTION_PROGRESS,NONE,NONE
MPLADS-000383,37.53,68.34,0,12.6,73.1,85.7,16.0,0.0,0.0004,0.0,NORMAL_EXECUTION_PROGRESS,NONE,NONE
MPLADS-000384,1.84,1.64,0,9.0,84.1,93.1,0.0,0.0,0.0,0.0,NORMAL_EXECUTION_PROGRESS,NONE,NONE
MPLADS-000385,52.67,83.72,0,25.3,71.2,96.5,28.0,0.0,0.0334,0.0,NORMAL_EXECUTION_PROGRESS,NONE,NONE
MPLADS-000386,0.63,0.28,0,6.6,88.0,94.6,7.0,0.0,0.0014,0.0,NORMAL_EXECUTION_PROGRESS,NONE,NONE
MPLADS-000387,8.61,14.32,0,7.2,88.6,95.8,11.0,0.0,0.0019,0.0,NORMAL_EXECUTION_PROGRESS,NONE,NONE
MPLADS-000388,29.52,55.16,0,24.1,70.2,94.3,0.0,0.0,0.0,0.0,NORMAL_EXECUTION_PROGRESS,NONE,NONE
MPLADS-000389,10.17,17.54,0,15.8,77.0,92.8,0.0,0.0,0.0,0.0,NORMAL_EXECUTION_PROGRESS,NONE,NONE
MPLADS-000390,17.5,32.52,0,-0.8,88.2,87.4,2.0,0.0,0.0007,0.0,NORMAL_EXECUTION_PROGRESS,NONE,NONE
MPLADS-000391,61.54,86.36,0,47.1,99.5,146.6,27.0,0.0,0.0011,50.0,SEVERE_PHYSICAL_FINANCIAL_GAP,NONE,NONE
MPLADS-000392,17.75,33.02,0,-0.8,88.5,87.7,0.0,0.0,0.0,0.0,NORMAL_EXECUTION_PROGRESS,NONE,NONE
MPLADS-000393,17.98,33.5,0,-7.3,97.5,90.2,19.0,0.0,0.0016,0.0,NORMAL_EXECUTION_PROGRESS,NONE,NONE
MPLADS-000394,23.58,44.46,0,14.7,71.4,86.1,24.0,0.0,0.0094,0.0,NORMAL_EXECUTION_PROGRESS,NONE,NONE
MPLADS-000395,36.07,66.06,0,-6.8,93.8,87.0,0.0,0.0,0.0,0.0,NORMAL_EXECUTION_PROGRESS,NONE,NONE
MPLADS-000396,17.86,33.26,0,19.7,71.5,91.2,7.0,0.0,0.0011,0.0,NORMAL_EXECUTION_PROGRESS,NONE,NONE
MPLADS-000397,6.79,10.78,0,12.8,77.4,90.2,0.0,0.0,0.0,0.0,NORMAL_EXECUTION_PROGRESS,NONE,NONE
MPLADS-000398,13.0,23.34,0,-6.8,95.1,88.3,7.0,0.0,0.0021,0.0,NORMAL_EXECUTION_PROGRESS,NONE,NONE
MPLADS-000399,18.05,33.62,0,-5.7,92.0,86.3,22.0,0.0,0.0083,0.0,NORMAL_EXECUTION_PROGRESS,NONE,NONE
MPLADS-000400,45.82,79.22,0,8.8,88.0,96.8,32.0,0.0,0.0007,0.0,NORMAL_EXECUTION_PROGRESS,NONE,NONE
MPLADS-000401,28.95,54.2,0,18.5,77.3,95.8,30.0,0.0,0.0033,0.0,NORMAL_EXECUTION_PROGRESS,NONE,NONE
MPLADS-000402,11.54,20.38,0,4.6,86.1,90.7,16.0,0.0,0.0008,0.0,NORMAL_EXECUTION_PROGRESS,NONE,NONE
MPLADS-000403,36.57,66.86,0,7.9,80.6,88.5,14.0,0.0,0.0145,0.0,NORMAL_EXECUTION_PROGRESS,NONE,NONE
MPLADS-000404,19.33,36.2,0,12.3,74.3,86.6,23.0,0.0,0.0083,0.0,NORMAL_EXECUTION_PROGRESS,NONE,NONE
MPLADS-000405,18.64,34.82,0,21.6,75.1,96.7,10.0,0.0,0.003,0.0,NORMAL_EXECUTION_PROGRESS,NONE,NONE
MPLADS-000406,22.93,43.14,0,3.8,86.1,89.9,26.0,0.0,0.0115,0.0,NORMAL_EXECUTION_PROGRESS,NONE,NONE
MPLADS-000407,11.81,20.94,0,18.6,73.7,92.3,11.0,0.0,0.0057,0.0,NORMAL_EXECUTION_PROGRESS,NONE,NONE
MPLADS-000408,23.61,44.54,0,8.6,78.1,86.7,33.0,0.0,0.0038,0.0,NORMAL_EXECUTION_PROGRESS,NONE,NONE
MPLADS-000409,25.53,48.12,0,20.6,70.8,91.4,8.0,0.0,0.0006,0.0,NORMAL_EXECUTION_PROGRESS,NONE,NONE
MPLADS-000410,69.6,90.26,0,75.5,82.8,158.3,8.0,0.0,0.0003,75.0,SEVERE_PHYSICAL_FINANCIAL_GAP,NONE,NONE
MPLADS-000411,28.71,53.84,0,5.5,89.7,95.2,0.0,0.0,0.0,0.0,NORMAL_EXECUTION_PROGRESS,NONE,NONE
MPLADS-000412,10.8,18.84,0,-1.9,88.2,86.3,0.0,0.0,0.0,0.0,NORMAL_EXECUTION_PROGRESS,NONE,NONE
MPLADS-000413,17.24,32.02,0,19.8,75.4,95.2,0.0,0.0,0.0,0.0,NORMAL_EXECUTION_PROGRESS,NONE,NONE
MPLADS-000414,13.97,25.32,0,15.2,71.5,86.7,0.0,0.0,0.0,0.0,NORMAL_EXECUTION_PROGRESS,NONE,NONE
MPLADS-000415,48.81,81.86,0,-13.9,99.3,85.4,15.0,0.0,0.0003,0.0,NORMAL_EXECUTION_PROGRESS,NONE,NONE
MPLADS-000416,30.21,56.3,0,-5.5,100.0,94.5,0.0,0.0,0.0,0.0,NORMAL_EXECUTION_PROGRESS,NONE,NONE
MPLADS-000417,22.26,41.86,0,-8.5,96.6,88.1,4.0,0.0,0.0005,0.0,NORMAL_EXECUTION_PROGRESS,NONE,NONE
MPLADS-000418,26.53,49.98,0,3.5,84.3,87.8,0.0,0.0,0.0,0.0,NORMAL_EXECUTION_PROGRESS,NONE,NONE
MPLADS-000419,19.32,36.18,0,10.8,80.8,91.6,0.0,0.0,0.0,0.0,NORMAL_EXECUTION_PROGRESS,NONE,NONE
MPLADS-000420,3.57,4.62,0,10.0,77.0,87.0,6.0,0.0,0.0021,0.0,NORMAL_EXECUTION_PROGRESS,NONE,NONE
MPLADS-000421,11.77,20.86,0,4.5,92.0,96.5,5.0,0.0,0.0001,0.0,NORMAL_EXECUTION_PROGRESS,NONE,NONE
MPLADS-000422,83.65,97.54,1,23.7,73.5,97.2,630.0,0.0,1.1144,25.0,EXTREME_DURATION_OVERRUN,STALLED_EXECUTION_TRAJECTORY,NONE
MPLADS-000423,2.66,3.06,0,5.6,91.4,97.0,7.0,0.0,0.0012,0.0,NORMAL_EXECUTION_PROGRESS,NONE,NONE
MPLADS-000424,5.46,8.18,0,7.3,85.8,93.1,1.0,0.0,0.0003,0.0,NORMAL_EXECUTION_PROGRESS,NONE,NONE
MPLADS-000425,28.29,53.08,0,-2.1,97.8,95.7,26.0,0.0,0.0044,0.0,NORMAL_EXECUTION_PROGRESS,NONE,NONE
MPLADS-000426,1.72,1.46,0,4.3,86.1,90.4,5.0,0.0,0.0009,0.0,NORMAL_EXECUTION_PROGRESS,NONE,NONE
MPLADS-000427,84.03,97.7,1,48.9,48.4,97.3,360.0,0.0,0.6302,75.0,EXTREME_DURATION_OVERRUN,SEVERE_PHYSICAL_FINANCIAL_GAP,STALLED_EXECUTION_TRAJECTORY
MPLADS-000428,17.31,32.14,0,-6.1,93.1,87.0,28.0,0.0,0.0056,0.0,NORMAL_EXECUTION_PROGRESS,NONE,NONE
MPLADS-000429,8.27,13.64,0,16.3,81.3,97.6,22.0,0.0,0.0057,0.0,NORMAL_EXECUTION_PROGRESS,NONE,NONE
MPLADS-000430,35.09,64.4,0,3.8,83.3,87.1,32.0,0.0,0.0029,0.0,NORMAL_EXECUTION_PROGRESS,NONE,NONE
MPLADS-000431,33.53,61.82,0,-6.5,99.1,92.6,28.0,0.0,0.0012,0.0,NORMAL_EXECUTION_PROGRESS,NONE,NONE
MPLADS-000432,30.66,57.06,0,-5.2,97.3,92.1,0.0,0.0,0.0,0.0,NORMAL_EXECUTION_PROGRESS,NONE,NONE
MPLADS-000433,25.87,48.74,0,-1.8,96.3,94.5,25.0,0.0,0.0065,0.0,NORMAL_EXECUTION_PROGRESS,NONE,NONE
MPLADS-000434,20.72,38.9,0,11.2,77.1,88.3,30.0,0.0,0.0165,0.0,NORMAL_EXECUTION_PROGRESS,NONE,NONE
MPLADS-000435,17.13,31.82,0,11.0,78.6,89.6,30.0,0.0,0.0104,0.0,NORMAL_EXECUTION_PROGRESS,NONE,NONE
MPLADS-000436,96.77,99.64,1,100.0,0.0,100.0,3.0,1.0,0.0082,75.0,GHOST_WORK_EXECUTION_DIVERGENCE,SEVERE_PHYSICAL_FINANCIAL_GAP,ABANDONED_WORK_SUSPICION
MPLADS-000437,14.67,26.74,0,-2.6,95.0,92.4,3.0,0.0,0.0009,0.0,NORMAL_EXECUTION_PROGRESS,NONE,NONE
MPLADS-000438,14.35,26.08,0,16.7,76.1,92.8,0.0,0.0,0.0,0.0,NORMAL_EXECUTION_PROGRESS,NONE,NONE
MPLADS-000439,31.77,58.96,0,18.5,70.3,88.8,6.0,0.0,0.0032,0.0,NORMAL_EXECUTION_PROGRESS,NONE,NONE
MPLADS-000440,30.12,56.16,0,17.3,74.0,91.3,0.0,0.0,0.0,0.0,NORMAL_EXECUTION_PROGRESS,NONE,NONE
MPLADS-000441,74.03,93.28,0,56.7,11.6,68.3,0.0,0.0,0.0,75.0,SEVERE_PHYSICAL_FINANCIAL_GAP,ABANDONED_WORK_SUSPICION,NONE
MPLADS-000442,21.52,40.46,0,0.2,97.5,97.7,13.0,0.0,0.0009,0.0,NORMAL_EXECUTION_PROGRESS,NONE,NONE
MPLADS-000443,43.5,76.76,0,22.1,75.2,97.3,34.0,0.0,0.0017,0.0,NORMAL_EXECUTION_PROGRESS,NONE,NONE
MPLADS-000444,17.12,31.8,0,8.6,84.6,93.2,0.0,0.0,0.0,0.0,NORMAL_EXECUTION_PROGRESS,NONE,NONE
MPLADS-000445,41.98,74.76,0,0.4,90.7,91.1,3.0,0.0,0.0001,0.0,NORMAL_EXECUTION_PROGRESS,NONE,NONE
MPLADS-000446,67.38,88.6,0,27.1,23.2,50.3,0.0,0.0,0.0,0.0,ELEVATED_PROGRESS_VOLATILITY,NONE,NONE
MPLADS-000447,13.44,24.24,0,0.0,93.5,93.5,8.0,0.0,0.0006,0.0,NORMAL_EXECUTION_PROGRESS,NONE,NONE
MPLADS-000448,30.28,56.42,0,-0.4,86.3,85.9,32.0,0.0,0.0026,0.0,NORMAL_EXECUTION_PROGRESS,NONE,NONE
MPLADS-000449,59.28,85.68,0,57.7,72.8,130.5,26.0,0.0,0.0031,75.0,NORMAL_EXECUTION_PROGRESS,NONE,NONE
MPLADS-000450,27.26,51.26,0,-2.0,99.3,97.3,0.0,0.0,0.0,0.0,NORMAL_EXECUTION_PROGRESS,NONE,NONE
MPLADS-000451,17.58,32.68,0,21.7,76.1,97.8,12.0,0.0,0.0045,0.0,NORMAL_EXECUTION_PROGRESS,NONE,NONE
MPLADS-000452,10.69,18.62,0,-0.8,89.2,88.4,13.0,0.0,0.0027,0.0,NORMAL_EXECUTION_PROGRESS,NONE,NONE
MPLADS-000453,24.1,45.44,0,-5.0,96.2,91.2,24.0,0.0,0.001,0.0,NORMAL_EXECUTION_PROGRESS,NONE,NONE
MPLADS-000454,60.9,86.16,0,69.3,71.9,141.2,3.0,0.0,0.0015,75.0,SEVERE_PHYSICAL_FINANCIAL_GAP,NONE,NONE
MPLADS-000455,44.35,77.78,0,17.3,75.3,92.6,23.0,0.0,0.0259,0.0,NORMAL_EXECUTION_PROGRESS,NONE,NONE
MPLADS-000456,39.32,71.0,0,0.2,88.3,88.5,10.0,0.0,0.0002,0.0,NORMAL_EXECUTION_PROGRESS,NONE,NONE
MPLADS-000457,45.55,79.0,0,-2.4,99.8,97.4,0.0,0.0,0.0,0.0,NORMAL_EXECUTION_PROGRESS,NONE,NONE
MPLADS-000458,11.58,20.46,0,3.7,83.3,87.0,0.0,0.0,0.0,0.0,NORMAL_EXECUTION_PROGRESS,NONE,NONE
MPLADS-000459,4.64,6.6,0,-3.5,92.9,89.4,22.0,0.0,0.0047,0.0,NORMAL_EXECUTION_PROGRESS,NONE,NONE
MPLADS-000460,26.37,49.68,0,-0.4,92.3,91.9,0.0,0.0,0.0,0.0,NORMAL_EXECUTION_PROGRESS,NONE,NONE
MPLADS-000461,27.82,52.26,0,-5.7,93.4,87.7,31.0,0.0,0.0074,0.0,NORMAL_EXECUTION_PROGRESS,NONE,NONE
MPLADS-000462,47.19,80.62,0,22.4,72.9,95.3,19.0,0.0,0.0218,0.0,NORMAL_EXECUTION_PROGRESS,NONE,NONE
MPLADS-000463,41.53,74.18,0,-5.1,98.3,93.2,21.0,0.0,0.0004,0.0,NORMAL_EXECUTION_PROGRESS,NONE,NONE
MPLADS-000464,33.31,61.46,0,-3.7,89.0,85.3,8.0,0.0,0.0001,0.0,NORMAL_EXECUTION_PROGRESS,NONE,NONE
MPLADS-000465,70.89,91.26,0,31.0,18.3,49.3,33.0,0.0,0.0548,50.0,SEVERE_PHYSICAL_FINANCIAL_GAP,NONE,NONE
MPLADS-000466,3.19,3.88,0,-4.0,90.5,86.5,1.0,0.0,0.0002,0.0,NORMAL_EXECUTION_PROGRESS,NONE,NONE
MPLADS-000467,55.98,84.84,0,46.4,93.4,139.8,19.0,0.0,0.0038,50.0,NORMAL_EXECUTION_PROGRESS,NONE,NONE
MPLADS-000468,7.84,12.8,0,18.9,76.2,95.1,4.0,0.0,0.0018,0.0,NORMAL_EXECUTION_PROGRESS,NONE,NONE
MPLADS-000469,5.5,8.26,0,6.2,83.9,90.1,25.0,0.0,0.0071,0.0,NORMAL_EXECUTION_PROGRESS,NONE,NONE
MPLADS-000470,9.31,15.78,0,4.0,92.9,96.9,0.0,0.0,0.0,0.0,NORMAL_EXECUTION_PROGRESS,NONE,NONE
MPLADS-000471,84.72,98.04,1,25.3,63.8,89.1,630.0,0.0,1.1804,25.0,EXTREME_DURATION_OVERRUN,STALLED_EXECUTION_TRAJECTORY,NONE
MPLADS-000472,65.23,87.52,0,62.3,92.3,154.6,6.0,0.0,0.0053,75.0,SEVERE_PHYSICAL_FINANCIAL_GAP,NONE,NONE
MPLADS-000473,24.32,45.88,0,20.1,75.0,95.1,0.0,0.0,0.0,0.0,NORMAL_EXECUTION_PROGRESS,NONE,NONE
MPLADS-000474,12.86,23.04,0,4.9,85.3,90.2,0.0,0.0,0.0,0.0,NORMAL_EXECUTION_PROGRESS,NONE,NONE
MPLADS-000475,49.36,82.28,0,-5.8,93.8,88.0,34.0,0.0,0.0316,0.0,NORMAL_EXECUTION_PROGRESS,NONE,NONE
MPLADS-000476,28.55,53.56,0,-10.4,97.5,87.1,24.0,0.0,0.0022,0.0,NORMAL_EXECUTION_PROGRESS,NONE,NONE
MPLADS-000477,41.15,73.64,0,4.0,83.4,87.4,33.0,0.0,0.001,0.0,NORMAL_EXECUTION_PROGRESS,NONE,NONE
MPLADS-000478,15.49,28.48,0,12.4,76.0,88.4,0.0,0.0,0.0,0.0,NORMAL_EXECUTION_PROGRESS,NONE,NONE
MPLADS-000479,56.3,84.92,0,53.5,81.5,135.0,23.0,0.0,0.0085,75.0,NORMAL_EXECUTION_PROGRESS,NONE,NONE
MPLADS-000480,12.95,23.22,0,11.5,82.3,93.8,21.0,0.0,0.0014,0.0,NORMAL_EXECUTION_PROGRESS,NONE,NONE
MPLADS-000481,3.18,3.86,0,18.3,77.0,95.3,0.0,0.0,0.0,0.0,NORMAL_EXECUTION_PROGRESS,NONE,NONE
MPLADS-000482,28.18,52.88,0,7.0,89.1,96.1,24.0,0.0,0.0013,0.0,NORMAL_EXECUTION_PROGRESS,NONE,NONE
MPLADS-000483,35.32,64.74,0,4.1,87.9,92.0,0.0,0.0,0.0,0.0,NORMAL_EXECUTION_PROGRESS,NONE,NONE
MPLADS-000484,7.39,11.94,0,7.7,83.2,90.9,0.0,0.0,0.0,0.0,NORMAL_EXECUTION_PROGRESS,NONE,NONE
MPLADS-000485,34.03,62.66,0,25.1,72.4,97.5,28.0,0.0,0.0036,0.0,NORMAL_EXECUTION_PROGRESS,NONE,NONE
MPLADS-000486,36.33,66.48,0,3.2,91.4,94.6,0.0,0.0,0.0,0.0,NORMAL_EXECUTION_PROGRESS,NONE,NONE
MPLADS-000487,41.35,73.96,0,-9.6,99.7,90.1,0.0,0.0,0.0,0.0,NORMAL_EXECUTION_PROGRESS,NONE,NONE
MPLADS-000488,8.51,14.14,0,4.1,91.3,95.4,0.0,0.0,0.0,0.0,NORMAL_EXECUTION_PROGRESS,NONE,NONE
MPLADS-000489,3.99,5.34,0,17.5,76.8,94.3,7.0,0.0,0.0025,0.0,NORMAL_EXECUTION_PROGRESS,NONE,NONE
MPLADS-000490,12.1,21.52,0,11.7,85.1,96.8,29.0,0.0,0.0046,0.0,NORMAL_EXECUTION_PROGRESS,NONE,NONE
MPLADS-000491,86.94,98.72,1,17.4,71.1,88.5,20.0,0.0,0.0235,0.0,INSPECTION_DOCUMENTATION_DEFICIT,NONE,NONE
MPLADS-000492,77.9,94.84,0,33.1,63.2,96.3,180.0,0.0,0.1322,50.0,SEVERE_PHYSICAL_FINANCIAL_GAP,NONE,NONE
MPLADS-000493,32.25,59.76,0,8.3,81.9,90.2,20.0,0.0,0.0004,0.0,NORMAL_EXECUTION_PROGRESS,NONE,NONE
MPLADS-000494,15.26,27.98,0,4.1,88.4,92.5,0.0,0.0,0.0,0.0,NORMAL_EXECUTION_PROGRESS,NONE,NONE
MPLADS-000495,73.36,92.86,0,28.1,65.5,93.6,180.0,0.0,0.1466,0.0,ELEVATED_PROGRESS_VOLATILITY,NONE,NONE
MPLADS-000496,37.12,67.72,0,-5.2,93.7,88.5,20.0,0.0,0.0004,0.0,NORMAL_EXECUTION_PROGRESS,NONE,NONE
MPLADS-000497,23.3,43.88,0,-2.7,98.7,96.0,23.0,0.0,0.002,0.0,NORMAL_EXECUTION_PROGRESS,NONE,NONE
MPLADS-000498,29.4,54.98,0,20.1,76.7,96.8,0.0,0.0,0.0,0.0,NORMAL_EXECUTION_PROGRESS,NONE,NONE
MPLADS-000499,9.44,16.04,0,-3.4,93.9,90.5,1.0,0.0,0.0003,0.0,NORMAL_EXECUTION_PROGRESS,NONE,NONE
MPLADS-000500,63.53,87.12,0,72.2,78.0,150.2,4.0,0.0,0.0005,75.0,SEVERE_PHYSICAL_FINANCIAL_GAP,NONE,NONE
MPLADS-000501,67.62,88.74,0,71.6,23.0,94.6,8.0,0.0,0.0111,75.0,SEVERE_PHYSICAL_FINANCIAL_GAP,INSPECTION_DOCUMENTATION_DEFICIT,NONE
MPLADS-000502,11.55,20.4,0,11.3,77.1,88.4,26.0,0.0,0.0026,0.0,NORMAL_EXECUTION_PROGRESS,NONE,NONE
MPLADS-000503,15.79,29.08,0,10.3,80.1,90.4,34.0,0.0,0.0106,0.0,NORMAL_EXECUTION_PROGRESS,NONE,NONE
MPLADS-000504,67.75,88.78,0,76.5,78.7,155.2,4.0,0.0,0.0005,75.0,SEVERE_PHYSICAL_FINANCIAL_GAP,NONE,NONE
MPLADS-000505,11.0,19.26,0,4.2,90.4,94.6,5.0,0.0,0.0001,0.0,NORMAL_EXECUTION_PROGRESS,NONE,NONE
MPLADS-000506,21.02,39.46,0,8.3,87.5,95.8,24.0,0.0,0.0077,0.0,NORMAL_EXECUTION_PROGRESS,NONE,NONE
MPLADS-000507,6.71,10.6,0,9.1,88.2,97.3,27.0,0.0,0.0061,0.0,NORMAL_EXECUTION_PROGRESS,NONE,NONE
MPLADS-000508,38.37,69.6,0,1.6,96.0,97.6,3.0,0.0,0.0025,0.0,NORMAL_EXECUTION_PROGRESS,NONE,NONE
MPLADS-000509,22.53,42.4,0,22.0,75.0,97.0,15.0,0.0,0.0048,0.0,NORMAL_EXECUTION_PROGRESS,NONE,NONE
MPLADS-000510,82.69,97.24,1,37.3,48.9,86.2,420.0,0.0,0.7806,75.0,EXTREME_DURATION_OVERRUN,STALLED_EXECUTION_TRAJECTORY,SEVERE_PHYSICAL_FINANCIAL_GAP
MPLADS-000511,28.69,53.8,0,17.4,71.4,88.8,34.0,0.0,0.0092,0.0,NORMAL_EXECUTION_PROGRESS,NONE,NONE
MPLADS-000512,36.85,67.32,0,10.1,80.2,90.3,32.0,0.0,0.0011,0.0,NORMAL_EXECUTION_PROGRESS,NONE,NONE
MPLADS-000513,7.71,12.56,0,14.9,82.1,97.0,0.0,0.0,0.0,0.0,NORMAL_EXECUTION_PROGRESS,NONE,NONE
MPLADS-000514,69.55,90.2,0,51.4,17.5,68.9,26.0,0.0,0.0433,75.0,SEVERE_PHYSICAL_FINANCIAL_GAP,ABANDONED_WORK_SUSPICION,NONE
MPLADS-000515,44.34,77.76,0,-8.1,97.7,89.6,0.0,0.0,0.0,0.0,NORMAL_EXECUTION_PROGRESS,NONE,NONE
MPLADS-000516,12.03,21.36,0,-2.1,92.8,90.7,7.0,0.0,0.0023,0.0,NORMAL_EXECUTION_PROGRESS,NONE,NONE
MPLADS-000517,26.4,49.74,0,9.3,80.3,89.6,30.0,0.0,0.0121,0.0,NORMAL_EXECUTION_PROGRESS,NONE,NONE
MPLADS-000518,30.15,56.22,0,11.1,76.3,87.4,6.0,0.0,0.0001,0.0,NORMAL_EXECUTION_PROGRESS,NONE,NONE
MPLADS-000519,20.46,38.42,0,7.6,78.1,85.7,10.0,0.0,0.0006,0.0,NORMAL_EXECUTION_PROGRESS,NONE,NONE
MPLADS-000520,71.29,91.64,0,84.6,73.8,158.4,24.0,0.0,0.0088,75.0,SEVERE_PHYSICAL_FINANCIAL_GAP,NONE,NONE
MPLADS-000521,29.65,55.38,0,25.0,70.7,95.7,3.0,0.0,0.0012,0.0,NORMAL_EXECUTION_PROGRESS,NONE,NONE
MPLADS-000522,54.01,84.2,0,49.5,79.6,129.1,24.0,0.0,0.0076,50.0,NORMAL_EXECUTION_PROGRESS,NONE,NONE
MPLADS-000523,32.21,59.7,0,0.4,94.6,95.0,16.0,0.0,0.0005,0.0,NORMAL_EXECUTION_PROGRESS,NONE,NONE
MPLADS-000524,38.23,69.44,0,6.6,90.3,96.9,0.0,0.0,0.0,0.0,NORMAL_EXECUTION_PROGRESS,NONE,NONE
MPLADS-000525,2.52,2.8,0,5.7,81.5,87.2,3.0,0.0,0.0007,0.0,NORMAL_EXECUTION_PROGRESS,NONE,NONE
MPLADS-000526,18.06,33.64,0,-6.6,95.3,88.7,21.0,0.0,0.0073,0.0,NORMAL_EXECUTION_PROGRESS,NONE,NONE
MPLADS-000527,39.05,70.64,0,3.5,84.7,88.2,0.0,0.0,0.0,0.0,NORMAL_EXECUTION_PROGRESS,NONE,NONE
MPLADS-000528,41.72,74.44,0,3.8,83.1,86.9,24.0,0.0,0.0247,0.0,NORMAL_EXECUTION_PROGRESS,NONE,NONE
MPLADS-000529,14.36,26.1,0,-4.1,93.5,89.4,24.0,0.0,0.0089,0.0,NORMAL_EXECUTION_PROGRESS,NONE,NONE
MPLADS-000530,22.42,42.18,0,-3.9,97.5,93.6,1.0,0.0,0.0,0.0,NORMAL_EXECUTION_PROGRESS,NONE,NONE
MPLADS-000531,32.79,60.64,0,-10.7,95.9,85.2,20.0,0.0,0.0007,0.0,NORMAL_EXECUTION_PROGRESS,NONE,NONE
MPLADS-000532,26.64,50.16,0,-3.7,97.1,93.4,0.0,0.0,0.0,0.0,NORMAL_EXECUTION_PROGRESS,NONE,NONE
MPLADS-000533,21.73,40.88,0,8.5,83.8,92.3,28.0,0.0,0.0022,0.0,NORMAL_EXECUTION_PROGRESS,NONE,NONE
MPLADS-000534,9.54,16.24,0,3.4,84.9,88.3,2.0,0.0,0.0003,0.0,NORMAL_EXECUTION_PROGRESS,NONE,NONE
MPLADS-000535,25.96,48.92,0,-2.0,98.1,96.1,0.0,0.0,0.0,0.0,NORMAL_EXECUTION_PROGRESS,NONE,NONE
MPLADS-000536,24.5,46.24,0,-5.4,97.3,91.9,30.0,0.0,0.0055,0.0,NORMAL_EXECUTION_PROGRESS,NONE,NONE
MPLADS-000537,28.05,52.66,0,18.7,71.9,90.6,21.0,0.0,0.0121,0.0,NORMAL_EXECUTION_PROGRESS,NONE,NONE
MPLADS-000538,35.18,64.54,0,7.2,90.6,97.8,9.0,0.0,0.0081,0.0,NORMAL_EXECUTION_PROGRESS,NONE,NONE
MPLADS-000539,15.29,28.04,0,0.6,86.6,87.2,25.0,0.0,0.0066,0.0,NORMAL_EXECUTION_PROGRESS,NONE,NONE
MPLADS-000540,17.56,32.64,0,16.2,72.3,88.5,0.0,0.0,0.0,0.0,NORMAL_EXECUTION_PROGRESS,NONE,NONE
MPLADS-000541,75.08,93.8,0,69.8,16.8,86.6,22.0,0.0,0.042,75.0,SEVERE_PHYSICAL_FINANCIAL_GAP,ABANDONED_WORK_SUSPICION,INSPECTION_DOCUMENTATION_DEFICIT
MPLADS-000542,41.92,74.72,0,-3.9,90.8,86.9,18.0,0.0,0.0166,0.0,NORMAL_EXECUTION_PROGRESS,NONE,NONE
MPLADS-000543,31.3,58.16,0,-7.4,99.9,92.5,27.0,0.0,0.0044,0.0,NORMAL_EXECUTION_PROGRESS,NONE,NONE
MPLADS-000544,29.97,55.88,0,5.2,84.3,89.5,4.0,0.0,0.0001,0.0,NORMAL_EXECUTION_PROGRESS,NONE,NONE
MPLADS-000545,13.33,24.0,0,13.2,84.6,97.8,0.0,0.0,0.0,0.0,NORMAL_EXECUTION_PROGRESS,NONE,NONE
MPLADS-000546,22.37,42.08,0,-11.3,98.4,87.1,10.0,0.0,0.0013,0.0,NORMAL_EXECUTION_PROGRESS,NONE,NONE
MPLADS-000547,86.23,98.46,1,6.2,79.7,85.9,0.0,0.0,0.0,0.0,INSPECTION_DOCUMENTATION_DEFICIT,NONE,NONE
MPLADS-000548,11.71,20.72,0,16.5,79.2,95.7,0.0,0.0,0.0,0.0,NORMAL_EXECUTION_PROGRESS,NONE,NONE
MPLADS-000549,18.49,34.5,0,9.3,80.7,90.0,24.0,0.0,0.0019,0.0,NORMAL_EXECUTION_PROGRESS,NONE,NONE
MPLADS-000550,72.13,92.2,0,67.0,19.9,86.9,32.0,0.0,0.0508,75.0,SEVERE_PHYSICAL_FINANCIAL_GAP,ABANDONED_WORK_SUSPICION,INSPECTION_DOCUMENTATION_DEFICIT
MPLADS-000551,78.0,94.9,0,36.5,51.4,87.9,320.0,0.0,0.5132,75.0,EXTREME_DURATION_OVERRUN,STALLED_EXECUTION_TRAJECTORY,SEVERE_PHYSICAL_FINANCIAL_GAP
MPLADS-000552,20.15,37.82,0,18.7,78.9,97.6,34.0,0.0,0.0072,0.0,NORMAL_EXECUTION_PROGRESS,NONE,NONE
MPLADS-000553,15.38,28.24,0,19.5,71.9,91.4,21.0,0.0,0.0079,0.0,NORMAL_EXECUTION_PROGRESS,NONE,NONE
MPLADS-000554,37.99,69.02,0,-7.2,99.4,92.2,33.0,0.0,0.0016,0.0,NORMAL_EXECUTION_PROGRESS,NONE,NONE
MPLADS-000555,2.06,2.0,0,10.8,84.3,95.1,4.0,0.0,0.0007,0.0,NORMAL_EXECUTION_PROGRESS,NONE,NONE
MPLADS-000556,16.22,29.96,0,20.4,71.9,92.3,6.0,0.0,0.0024,0.0,NORMAL_EXECUTION_PROGRESS,NONE,NONE
MPLADS-000557,68.55,89.4,0,77.0,70.5,147.5,0.0,0.0,0.0,75.0,SEVERE_PHYSICAL_FINANCIAL_GAP,NONE,NONE
MPLADS-000558,25.37,47.84,0,2.4,88.0,90.4,29.0,0.0,0.0097,0.0,NORMAL_EXECUTION_PROGRESS,NONE,NONE
MPLADS-000559,11.77,20.84,0,9.4,76.2,85.6,4.0,0.0,0.0009,0.0,NORMAL_EXECUTION_PROGRESS,NONE,NONE
MPLADS-000560,44.21,77.58,0,19.3,71.7,91.0,0.0,0.0,0.0,0.0,NORMAL_EXECUTION_PROGRESS,NONE,NONE
MPLADS-000561,27.71,52.04,0,19.5,70.8,90.3,24.0,0.0,0.0096,0.0,NORMAL_EXECUTION_PROGRESS,NONE,NONE
MPLADS-000562,34.93,64.12,0,6.8,79.3,86.1,2.0,0.0,0.002,0.0,NORMAL_EXECUTION_PROGRESS,NONE,NONE
MPLADS-000563,20.03,37.56,0,-6.1,95.4,89.3,3.0,0.0,0.0004,0.0,NORMAL_EXECUTION_PROGRESS,NONE,NONE
MPLADS-000564,12.32,21.94,0,14.5,81.7,96.2,0.0,0.0,0.0,0.0,NORMAL_EXECUTION_PROGRESS,NONE,NONE
MPLADS-000565,2.27,2.36,0,4.2,90.8,95.0,3.0,0.0,0.0004,0.0,NORMAL_EXECUTION_PROGRESS,NONE,NONE
MPLADS-000566,48.88,81.9,0,-1.3,88.1,86.8,0.0,0.0,0.0,0.0,NORMAL_EXECUTION_PROGRESS,NONE,NONE
MPLADS-000567,38.78,70.24,0,12.5,85.0,97.5,0.0,0.0,0.0,0.0,NORMAL_EXECUTION_PROGRESS,NONE,NONE
MPLADS-000568,57.9,85.26,0,45.1,90.3,135.4,8.0,0.0,0.0072,50.0,NORMAL_EXECUTION_PROGRESS,NONE,NONE
MPLADS-000569,1.88,1.72,0,5.3,88.4,93.7,0.0,0.0,0.0,0.0,NORMAL_EXECUTION_PROGRESS,NONE,NONE
MPLADS-000570,26.8,50.42,0,21.9,71.1,93.0,5.0,0.0,0.0014,0.0,NORMAL_EXECUTION_PROGRESS,NONE,NONE
MPLADS-000571,17.25,32.06,0,6.4,91.2,97.6,3.0,0.0,0.0001,0.0,NORMAL_EXECUTION_PROGRESS,NONE,NONE
MPLADS-000572,18.98,35.5,0,16.4,70.7,87.1,23.0,0.0,0.0053,0.0,NORMAL_EXECUTION_PROGRESS,NONE,NONE
MPLADS-000573,37.71,68.58,0,6.0,85.6,91.6,0.0,0.0,0.0,0.0,NORMAL_EXECUTION_PROGRESS,NONE,NONE
MPLADS-000574,19.62,36.74,0,11.6,81.3,92.9,31.0,0.0,0.0157,0.0,NORMAL_EXECUTION_PROGRESS,NONE,NONE
MPLADS-000575,15.95,29.42,0,17.8,79.9,97.7,17.0,0.0,0.0061,0.0,NORMAL_EXECUTION_PROGRESS,NONE,NONE
MPLADS-000576,33.45,61.7,0,21.3,72.4,93.7,33.0,0.0,0.0125,0.0,NORMAL_EXECUTION_PROGRESS,NONE,NONE
MPLADS-000577,26.29,49.54,0,3.5,91.3,94.8,25.0,0.0,0.0013,0.0,NORMAL_EXECUTION_PROGRESS,NONE,NONE
MPLADS-000578,46.0,79.48,0,-9.4,97.7,88.3,6.0,0.0,0.0001,0.0,NORMAL_EXECUTION_PROGRESS,NONE,NONE
MPLADS-000579,34.06,62.72,0,-9.4,99.3,89.9,33.0,0.0,0.006,0.0,NORMAL_EXECUTION_PROGRESS,NONE,NONE
MPLADS-000580,33.73,62.16,0,5.4,80.7,86.1,17.0,0.0,0.0003,0.0,NORMAL_EXECUTION_PROGRESS,NONE,NONE
MPLADS-000581,13.38,24.12,0,11.0,83.4,94.4,10.0,0.0,0.002,0.0,NORMAL_EXECUTION_PROGRESS,NONE,NONE
MPLADS-000582,5.02,7.32,0,-0.5,91.4,90.9,8.0,0.0,0.0019,0.0,NORMAL_EXECUTION_PROGRESS,NONE,NONE
MPLADS-000583,17.88,33.3,0,-6.4,92.2,85.8,0.0,0.0,0.0,0.0,NORMAL_EXECUTION_PROGRESS,NONE,NONE
MPLADS-000584,82.04,97.06,1,13.6,74.6,88.2,630.0,0.0,1.1072,25.0,EXTREME_DURATION_OVERRUN,STALLED_EXECUTION_TRAJECTORY,NONE
MPLADS-000585,66.57,88.3,0,80.6,70.2,150.8,0.0,0.0,0.0,75.0,SEVERE_PHYSICAL_FINANCIAL_GAP,NONE,NONE
MPLADS-000586,1.66,1.36,0,1.3,90.1,91.4,8.0,0.0,0.0013,0.0,NORMAL_EXECUTION_PROGRESS,NONE,NONE
MPLADS-000587,28.46,53.4,0,-9.8,96.8,87.0,32.0,0.0,0.0036,0.0,NORMAL_EXECUTION_PROGRESS,NONE,NONE
MPLADS-000588,13.66,24.66,0,15.4,79.7,95.1,0.0,0.0,0.0,0.0,NORMAL_EXECUTION_PROGRESS,NONE,NONE
MPLADS-000589,84.4,97.86,1,38.9,50.0,88.9,420.0,0.0,0.7736,75.0,EXTREME_DURATION_OVERRUN,SEVERE_PHYSICAL_FINANCIAL_GAP,STALLED_EXECUTION_TRAJECTORY
MPLADS-000590,6.33,9.82,0,15.0,73.1,88.1,17.0,0.0,0.0073,0.0,NORMAL_EXECUTION_PROGRESS,NONE,NONE
MPLADS-000591,14.09,25.56,0,-3.1,94.9,91.8,23.0,0.0,0.0023,0.0,NORMAL_EXECUTION_PROGRESS,NONE,NONE
MPLADS-000592,84.58,97.98,1,43.5,50.3,93.8,420.0,0.0,0.7721,75.0,EXTREME_DURATION_OVERRUN,SEVERE_PHYSICAL_FINANCIAL_GAP,STALLED_EXECUTION_TRAJECTORY
MPLADS-000593,22.95,43.18,0,10.6,82.9,93.5,0.0,0.0,0.0,0.0,NORMAL_EXECUTION_PROGRESS,NONE,NONE
MPLADS-000594,39.6,71.42,0,24.3,72.3,96.6,29.0,0.0,0.0175,0.0,NORMAL_EXECUTION_PROGRESS,NONE,NONE
MPLADS-000595,32.37,59.96,0,15.5,70.4,85.9,30.0,0.0,0.0116,0.0,NORMAL_EXECUTION_PROGRESS,NONE,NONE
MPLADS-000596,42.73,75.74,0,23.2,72.7,95.9,0.0,0.0,0.0,0.0,NORMAL_EXECUTION_PROGRESS,NONE,NONE
MPLADS-000597,2.4,2.6,0,7.2,89.9,97.1,2.0,0.0,0.0003,0.0,NORMAL_EXECUTION_PROGRESS,NONE,NONE
MPLADS-000598,28.11,52.76,0,15.1,70.1,85.2,11.0,0.0,0.0039,0.0,NORMAL_EXECUTION_PROGRESS,NONE,NONE
MPLADS-000599,30.86,57.42,0,9.9,75.8,85.7,29.0,0.0,0.0163,0.0,NORMAL_EXECUTION_PROGRESS,NONE,NONE
MPLADS-000600,14.44,26.26,0,11.5,80.7,92.2,0.0,0.0,0.0,0.0,NORMAL_EXECUTION_PROGRESS,NONE,NONE
MPLADS-000601,96.2,99.44,1,100.0,0.0,100.0,3.0,1.0,0.0082,75.0,GHOST_WORK_EXECUTION_DIVERGENCE,SEVERE_PHYSICAL_FINANCIAL_GAP,ABANDONED_WORK_SUSPICION
MPLADS-000602,8.75,14.6,0,1.7,94.1,95.8,1.0,0.0,0.0001,0.0,NORMAL_EXECUTION_PROGRESS,NONE,NONE
MPLADS-000603,23.61,44.52,0,0.4,93.2,93.6,0.0,0.0,0.0,0.0,NORMAL_EXECUTION_PROGRESS,NONE,NONE
MPLADS-000604,2.03,1.96,0,6.6,79.5,86.1,9.0,0.0,0.003,0.0,NORMAL_EXECUTION_PROGRESS,NONE,NONE
MPLADS-000605,17.46,32.44,0,14.5,79.2,93.7,31.0,0.0,0.013,0.0,NORMAL_EXECUTION_PROGRESS,NONE,NONE
MPLADS-000606,26.83,50.48,0,-0.6,97.6,97.0,0.0,0.0,0.0,0.0,NORMAL_EXECUTION_PROGRESS,NONE,NONE
MPLADS-000607,10.23,17.66,0,-0.2,89.0,88.8,5.0,0.0,0.0012,0.0,NORMAL_EXECUTION_PROGRESS,NONE,NONE
MPLADS-000608,36.68,67.04,0,2.4,88.9,91.3,18.0,0.0,0.0003,0.0,NORMAL_EXECUTION_PROGRESS,NONE,NONE
MPLADS-000609,12.7,22.74,0,3.3,93.9,97.2,15.0,0.0,0.0024,0.0,NORMAL_EXECUTION_PROGRESS,NONE,NONE
MPLADS-000610,21.68,40.8,0,15.3,71.9,87.2,0.0,0.0,0.0,0.0,NORMAL_EXECUTION_PROGRESS,NONE,NONE
MPLADS-000611,25.29,47.68,0,-9.8,97.7,87.9,11.0,0.0,0.0023,0.0,NORMAL_EXECUTION_PROGRESS,NONE,NONE
MPLADS-000612,9.68,16.52,0,5.3,92.1,97.4,18.0,0.0,0.0018,0.0,NORMAL_EXECUTION_PROGRESS,NONE,NONE
MPLADS-000613,2.74,3.22,0,3.5,87.6,91.1,9.0,0.0,0.0033,0.0,NORMAL_EXECUTION_PROGRESS,NONE,NONE
MPLADS-000614,13.75,24.88,0,17.5,80.3,97.8,0.0,0.0,0.0,0.0,NORMAL_EXECUTION_PROGRESS,NONE,NONE
MPLADS-000615,11.35,19.98,0,17.6,75.9,93.5,2.0,0.0,0.0007,0.0,NORMAL_EXECUTION_PROGRESS,NONE,NONE
MPLADS-000616,4.89,7.06,0,4.5,93.5,98.0,3.0,0.0,0.0004,0.0,NORMAL_EXECUTION_PROGRESS,NONE,NONE
MPLADS-000617,16.43,30.38,0,12.6,81.9,94.5,29.0,0.0,0.0091,0.0,NORMAL_EXECUTION_PROGRESS,NONE,NONE
MPLADS-000618,95.07,99.16,1,100.0,0.0,100.0,0.0,1.0,0.0,75.0,GHOST_WORK_EXECUTION_DIVERGENCE,SEVERE_PHYSICAL_FINANCIAL_GAP,ABANDONED_WORK_SUSPICION
MPLADS-000619,61.98,86.58,0,66.6,93.1,159.7,0.0,0.0,0.0,75.0,SEVERE_PHYSICAL_FINANCIAL_GAP,NONE,NONE
MPLADS-000620,16.96,31.48,0,2.7,86.9,89.6,30.0,0.0,0.0074,0.0,NORMAL_EXECUTION_PROGRESS,NONE,NONE
MPLADS-000621,28.64,53.72,0,16.9,70.7,87.6,0.0,0.0,0.0,0.0,NORMAL_EXECUTION_PROGRESS,NONE,NONE
MPLADS-000622,18.48,34.48,0,-1.5,97.7,96.2,0.0,0.0,0.0,0.0,NORMAL_EXECUTION_PROGRESS,NONE,NONE
MPLADS-000623,28.2,52.92,0,19.2,71.4,90.6,0.0,0.0,0.0,0.0,NORMAL_EXECUTION_PROGRESS,NONE,NONE
MPLADS-000624,68.04,88.98,0,63.2,25.4,88.6,12.0,0.0,0.017,75.0,SEVERE_PHYSICAL_FINANCIAL_GAP,INSPECTION_DOCUMENTATION_DEFICIT,NONE
MPLADS-000625,29.3,54.8,0,22.9,72.4,95.3,7.0,0.0,0.0036,0.0,NORMAL_EXECUTION_PROGRESS,NONE,NONE
MPLADS-000626,37.78,68.68,0,7.8,84.3,92.1,5.0,0.0,0.0048,0.0,NORMAL_EXECUTION_PROGRESS,NONE,NONE
MPLADS-000627,7.79,12.7,0,-1.7,91.5,89.8,0.0,0.0,0.0,0.0,NORMAL_EXECUTION_PROGRESS,NONE,NONE
MPLADS-000628,34.22,62.96,0,24.5,70.1,94.6,1.0,0.0,0.0003,0.0,NORMAL_EXECUTION_PROGRESS,NONE,NONE
MPLADS-000629,72.42,92.36,0,70.3,16.1,86.4,1.0,0.0,0.0014,75.0,SEVERE_PHYSICAL_FINANCIAL_GAP,ABANDONED_WORK_SUSPICION,INSPECTION_DOCUMENTATION_DEFICIT
MPLADS-000630,23.67,44.66,0,-8.8,98.0,89.2,0.0,0.0,0.0,0.0,NORMAL_EXECUTION_PROGRESS,NONE,NONE
MPLADS-000631,14.93,27.3,0,-3.1,91.1,88.0,22.0,0.0,0.0085,0.0,NORMAL_EXECUTION_PROGRESS,NONE,NONE
MPLADS-000632,39.54,71.34,0,-10.7,97.9,87.2,0.0,0.0,0.0,0.0,NORMAL_EXECUTION_PROGRESS,NONE,NONE
MPLADS-000633,4.99,7.26,0,11.0,78.6,89.6,16.0,0.0,0.0059,0.0,NORMAL_EXECUTION_PROGRESS,NONE,NONE
MPLADS-000634,36.94,67.44,0,14.0,73.9,87.9,30.0,0.0,0.0014,0.0,NORMAL_EXECUTION_PROGRESS,NONE,NONE
MPLADS-000635,25.93,48.86,0,-0.8,88.5,87.7,33.0,0.0,0.0091,0.0,NORMAL_EXECUTION_PROGRESS,NONE,NONE
MPLADS-000636,13.85,25.08,0,-3.4,91.4,88.0,0.0,0.0,0.0,0.0,NORMAL_EXECUTION_PROGRESS,NONE,NONE
MPLADS-000637,72.37,92.32,0,49.5,10.8,60.3,4.0,0.0,0.0085,50.0,SEVERE_PHYSICAL_FINANCIAL_GAP,ABANDONED_WORK_SUSPICION,NONE
MPLADS-000638,1.96,1.84,0,1.6,89.6,91.2,19.0,0.0,0.0043,0.0,NORMAL_EXECUTION_PROGRESS,NONE,NONE
MPLADS-000639,35.47,65.02,0,-3.1,90.1,87.0,14.0,0.0,0.0129,0.0,NORMAL_EXECUTION_PROGRESS,NONE,NONE
MPLADS-000640,6.6,10.38,0,-5.5,91.8,86.3,10.0,0.0,0.0008,0.0,NORMAL_EXECUTION_PROGRESS,NONE,NONE
MPLADS-000641,7.05,11.28,0,12.8,76.5,89.3,2.0,0.0,0.0007,0.0,NORMAL_EXECUTION_PROGRESS,NONE,NONE
MPLADS-000642,35.37,64.82,0,9.3,86.5,95.8,0.0,0.0,0.0,0.0,NORMAL_EXECUTION_PROGRESS,NONE,NONE
MPLADS-000643,76.44,94.4,0,65.3,22.1,87.4,25.0,0.0,0.0528,75.0,SEVERE_PHYSICAL_FINANCIAL_GAP,INSPECTION_DOCUMENTATION_DEFICIT,NONE
MPLADS-000644,20.98,39.4,0,9.0,79.4,88.4,23.0,0.0,0.0019,0.0,NORMAL_EXECUTION_PROGRESS,NONE,NONE
MPLADS-000645,14.05,25.48,0,-6.3,91.7,85.4,0.0,0.0,0.0,0.0,NORMAL_EXECUTION_PROGRESS,NONE,NONE
MPLADS-000646,27.97,52.54,0,-4.8,98.0,93.2,0.0,0.0,0.0,0.0,NORMAL_EXECUTION_PROGRESS,NONE,NONE
MPLADS-000647,59.22,85.64,0,55.2,87.5,142.7,1.0,0.0,0.0001,75.0,NORMAL_EXECUTION_PROGRESS,NONE,NONE
MPLADS-000648,23.4,44.08,0,-1.5,98.3,96.8,17.0,0.0,0.0013,0.0,NORMAL_EXECUTION_PROGRESS,NONE,NONE
MPLADS-000649,23.18,43.62,0,-0.5,94.9,94.4,0.0,0.0,0.0,0.0,NORMAL_EXECUTION_PROGRESS,NONE,NONE
MPLADS-000650,9.84,16.86,0,2.0,86.1,88.1,0.0,0.0,0.0,0.0,NORMAL_EXECUTION_PROGRESS,NONE,NONE
MPLADS-000651,6.29,9.74,0,5.6,91.5,97.1,19.0,0.0,0.0035,0.0,NORMAL_EXECUTION_PROGRESS,NONE,NONE
MPLADS-000652,17.47,32.46,0,-4.0,97.9,93.9,8.0,0.0,0.0016,0.0,NORMAL_EXECUTION_PROGRESS,NONE,NONE
MPLADS-000653,2.89,3.42,0,4.2,86.8,91.0,22.0,0.0,0.0048,0.0,NORMAL_EXECUTION_PROGRESS,NONE,NONE
MPLADS-000654,66.7,88.38,0,67.2,21.2,88.4,0.0,0.0,0.0,75.0,SEVERE_PHYSICAL_FINANCIAL_GAP,INSPECTION_DOCUMENTATION_DEFICIT,NONE
MPLADS-000655,7.04,11.26,0,9.8,86.8,96.6,11.0,0.0,0.0024,0.0,NORMAL_EXECUTION_PROGRESS,NONE,NONE
MPLADS-000656,11.51,20.3,0,-3.1,94.7,91.6,15.0,0.0,0.0027,0.0,NORMAL_EXECUTION_PROGRESS,NONE,NONE
MPLADS-000657,43.0,76.14,0,0.5,97.2,97.7,4.0,0.0,0.0001,0.0,NORMAL_EXECUTION_PROGRESS,NONE,NONE
MPLADS-000658,36.36,66.52,0,-3.5,95.6,92.1,19.0,0.0,0.0004,0.0,NORMAL_EXECUTION_PROGRESS,NONE,NONE
MPLADS-000659,3.9,5.18,0,16.4,76.9,93.3,0.0,0.0,0.0,0.0,NORMAL_EXECUTION_PROGRESS,NONE,NONE
MPLADS-000660,20.4,38.3,0,12.3,73.2,85.5,18.0,0.0,0.0017,0.0,NORMAL_EXECUTION_PROGRESS,NONE,NONE
MPLADS-000661,21.13,39.68,0,-7.3,97.3,90.0,28.0,0.0,0.0029,0.0,NORMAL_EXECUTION_PROGRESS,NONE,NONE
MPLADS-000662,84.7,98.02,1,9.3,83.4,92.7,33.0,0.0,0.0059,0.0,INSPECTION_DOCUMENTATION_DEFICIT,NONE,NONE
MPLADS-000663,11.97,21.24,0,16.3,78.2,94.5,24.0,0.0,0.007,0.0,NORMAL_EXECUTION_PROGRESS,NONE,NONE
MPLADS-000664,12.0,21.3,0,13.5,82.6,96.1,27.0,0.0,0.0081,0.0,NORMAL_EXECUTION_PROGRESS,NONE,NONE
MPLADS-000665,76.15,94.26,0,66.9,18.5,85.4,29.0,0.0,0.0365,75.0,SEVERE_PHYSICAL_FINANCIAL_GAP,ABANDONED_WORK_SUSPICION,INSPECTION_DOCUMENTATION_DEFICIT
MPLADS-000666,43.34,76.6,0,23.8,73.1,96.9,11.0,0.0,0.0124,0.0,NORMAL_EXECUTION_PROGRESS,NONE,NONE
MPLADS-000667,16.65,30.84,0,9.9,77.1,87.0,33.0,0.0,0.0148,0.0,NORMAL_EXECUTION_PROGRESS,NONE,NONE
MPLADS-000668,16.72,30.98,0,-8.9,96.9,88.0,17.0,0.0,0.0026,0.0,NORMAL_EXECUTION_PROGRESS,NONE,NONE
MPLADS-000669,9.88,16.94,0,14.7,73.8,88.5,0.0,0.0,0.0,0.0,NORMAL_EXECUTION_PROGRESS,NONE,NONE
MPLADS-000670,25.6,48.28,0,23.1,73.1,96.2,5.0,0.0,0.0015,0.0,NORMAL_EXECUTION_PROGRESS,NONE,NONE
MPLADS-000671,21.37,40.14,0,21.4,71.4,92.8,17.0,0.0,0.0055,0.0,NORMAL_EXECUTION_PROGRESS,NONE,NONE
MPLADS-000672,26.46,49.86,0,-4.5,90.0,85.5,32.0,0.0,0.0022,0.0,NORMAL_EXECUTION_PROGRESS,NONE,NONE
MPLADS-000673,11.34,19.96,0,2.3,89.8,92.1,7.0,0.0,0.0013,0.0,NORMAL_EXECUTION_PROGRESS,NONE,NONE
MPLADS-000674,53.27,83.98,0,45.3,83.0,128.3,29.0,0.0,0.0024,50.0,NORMAL_EXECUTION_PROGRESS,NONE,NONE
MPLADS-000675,0.9,0.52,0,10.6,80.4,91.0,0.0,0.0,0.0,0.0,NORMAL_EXECUTION_PROGRESS,NONE,NONE
MPLADS-000676,33.51,61.78,0,-0.5,90.8,90.3,0.0,0.0,0.0,0.0,NORMAL_EXECUTION_PROGRESS,NONE,NONE
MPLADS-000677,73.94,93.2,0,72.4,20.2,92.6,0.0,0.0,0.0,75.0,SEVERE_PHYSICAL_FINANCIAL_GAP,INSPECTION_DOCUMENTATION_DEFICIT,NONE
MPLADS-000678,98.42,99.88,1,100.0,0.0,100.0,28.0,1.0,0.0767,75.0,GHOST_WORK_EXECUTION_DIVERGENCE,SEVERE_PHYSICAL_FINANCIAL_GAP,ABANDONED_WORK_SUSPICION
MPLADS-000679,39.71,71.58,0,12.5,73.3,85.8,5.0,0.0,0.0055,0.0,NORMAL_EXECUTION_PROGRESS,NONE,NONE
MPLADS-000680,7.31,11.8,0,11.4,80.8,92.2,15.0,0.0,0.0052,0.0,NORMAL_EXECUTION_PROGRESS,NONE,NONE
MPLADS-000681,29.86,55.74,0,-5.4,96.4,91.0,0.0,0.0,0.0,0.0,NORMAL_EXECUTION_PROGRESS,NONE,NONE
MPLADS-000682,31.16,57.96,0,19.0,72.3,91.3,31.0,0.0,0.019,0.0,NORMAL_EXECUTION_PROGRESS,NONE,NONE
MPLADS-000683,6.18,9.52,0,0.9,86.9,87.8,4.0,0.0,0.0008,0.0,NORMAL_EXECUTION_PROGRESS,NONE,NONE
MPLADS-000684,39.63,71.48,0,18.3,73.1,91.4,0.0,0.0,0.0,0.0,NORMAL_EXECUTION_PROGRESS,NONE,NONE
MPLADS-000685,20.02,37.54,0,-0.7,94.7,94.0,7.0,0.0,0.0011,0.0,NORMAL_EXECUTION_PROGRESS,NONE,NONE
MPLADS-000686,31.63,58.74,0,-1.4,92.9,91.5,0.0,0.0,0.0,0.0,NORMAL_EXECUTION_PROGRESS,NONE,NONE
MPLADS-000687,24.65,46.52,0,-7.0,96.4,89.4,26.0,0.0,0.0092,0.0,NORMAL_EXECUTION_PROGRESS,NONE,NONE
MPLADS-000688,35.99,65.94,0,10.8,86.1,96.9,0.0,0.0,0.0,0.0,NORMAL_EXECUTION_PROGRESS,NONE,NONE
MPLADS-000689,10.35,17.92,0,17.4,76.5,93.9,0.0,0.0,0.0,0.0,NORMAL_EXECUTION_PROGRESS,NONE,NONE
MPLADS-000690,2.48,2.74,0,2.3,92.2,94.5,14.0,0.0,0.0023,0.0,NORMAL_EXECUTION_PROGRESS,NONE,NONE
MPLADS-000691,20.9,39.26,0,-9.4,95.4,86.0,8.0,0.0,0.0013,0.0,NORMAL_EXECUTION_PROGRESS,NONE,NONE
MPLADS-000692,21.99,41.38,0,-5.3,90.6,85.3,0.0,0.0,0.0,0.0,NORMAL_EXECUTION_PROGRESS,NONE,NONE
MPLADS-000693,27.36,51.42,0,-11.1,96.8,85.7,0.0,0.0,0.0,0.0,NORMAL_EXECUTION_PROGRESS,NONE,NONE
MPLADS-000694,45.85,79.26,0,-0.3,88.7,88.4,33.0,0.0,0.0008,0.0,NORMAL_EXECUTION_PROGRESS,NONE,NONE
MPLADS-000695,67.0,88.5,0,62.4,29.1,91.5,0.0,0.0,0.0,75.0,SEVERE_PHYSICAL_FINANCIAL_GAP,INSPECTION_DOCUMENTATION_DEFICIT,NONE
MPLADS-000696,12.64,22.58,0,0.0,93.2,93.2,0.0,0.0,0.0,0.0,NORMAL_EXECUTION_PROGRESS,NONE,NONE
MPLADS-000697,5.87,8.96,0,13.1,76.9,90.0,23.0,0.0,0.0068,0.0,NORMAL_EXECUTION_PROGRESS,NONE,NONE
MPLADS-000698,19.92,37.36,0,8.6,85.4,94.0,25.0,0.0,0.0085,0.0,NORMAL_EXECUTION_PROGRESS,NONE,NONE
MPLADS-000699,23.05,43.38,0,19.9,73.7,93.6,0.0,0.0,0.0,0.0,NORMAL_EXECUTION_PROGRESS,NONE,NONE
MPLADS-000700,16.07,29.66,0,8.4,86.5,94.9,24.0,0.0,0.0104,0.0,NORMAL_EXECUTION_PROGRESS,NONE,NONE
MPLADS-000701,17.32,32.16,0,13.6,76.6,90.2,0.0,0.0,0.0,0.0,NORMAL_EXECUTION_PROGRESS,NONE,NONE
MPLADS-000702,37.78,68.7,0,-2.7,95.9,93.2,34.0,0.0,0.0131,0.0,NORMAL_EXECUTION_PROGRESS,NONE,NONE
MPLADS-000703,37.46,68.22,0,-11.5,99.6,88.1,0.0,0.0,0.0,0.0,NORMAL_EXECUTION_PROGRESS,NONE,NONE
MPLADS-000704,31.38,58.3,0,-9.1,99.5,90.4,0.0,0.0,0.0,0.0,NORMAL_EXECUTION_PROGRESS,NONE,NONE
MPLADS-000705,32.81,60.66,0,6.7,90.0,96.7,0.0,0.0,0.0,0.0,NORMAL_EXECUTION_PROGRESS,NONE,NONE
MPLADS-000706,35.77,65.52,0,21.3,70.5,91.8,30.0,0.0,0.0116,0.0,NORMAL_EXECUTION_PROGRESS,NONE,NONE
MPLADS-000707,29.23,54.7,0,21.2,73.2,94.4,28.0,0.0,0.0165,0.0,NORMAL_EXECUTION_PROGRESS,NONE,NONE
MPLADS-000708,21.76,40.94,0,5.7,84.9,90.6,30.0,0.0,0.0024,0.0,NORMAL_EXECUTION_PROGRESS,NONE,NONE
MPLADS-000709,36.0,65.96,0,3.7,92.7,96.4,20.0,0.0,0.0004,0.0,NORMAL_EXECUTION_PROGRESS,NONE,NONE
MPLADS-000710,48.38,81.54,0,-0.7,92.4,91.7,0.0,0.0,0.0,0.0,NORMAL_EXECUTION_PROGRESS,NONE,NONE
MPLADS-000711,38.84,70.34,0,0.2,93.0,93.2,18.0,0.0,0.0162,0.0,NORMAL_EXECUTION_PROGRESS,NONE,NONE
MPLADS-000712,33.03,61.02,0,26.8,70.4,97.2,0.0,0.0,0.0,0.0,NORMAL_EXECUTION_PROGRESS,NONE,NONE
MPLADS-000713,16.38,30.3,0,8.9,77.9,86.8,1.0,0.0,0.0004,0.0,NORMAL_EXECUTION_PROGRESS,NONE,NONE
MPLADS-000714,12.53,22.34,0,12.5,82.4,94.9,27.0,0.0,0.0022,0.0,NORMAL_EXECUTION_PROGRESS,NONE,NONE
MPLADS-000715,19.84,37.18,0,19.9,72.4,92.3,25.0,0.0,0.0097,0.0,NORMAL_EXECUTION_PROGRESS,NONE,NONE
MPLADS-000716,59.66,85.8,0,59.7,76.2,135.9,16.0,0.0,0.0012,75.0,NORMAL_EXECUTION_PROGRESS,NONE,NONE
MPLADS-000717,43.99,77.32,0,11.9,75.2,87.1,25.0,0.0,0.0283,0.0,NORMAL_EXECUTION_PROGRESS,NONE,NONE
MPLADS-000718,11.74,20.78,0,3.4,87.7,91.1,0.0,0.0,0.0,0.0,NORMAL_EXECUTION_PROGRESS,NONE,NONE
MPLADS-000719,29.17,54.58,0,17.7,77.9,95.6,23.0,0.0,0.0006,0.0,NORMAL_EXECUTION_PROGRESS,NONE,NONE
MPLADS-000720,15.35,28.16,0,15.6,73.0,88.6,23.0,0.0,0.0104,0.0,NORMAL_EXECUTION_PROGRESS,NONE,NONE
MPLADS-000721,36.44,66.64,0,-1.6,98.0,96.4,27.0,0.0,0.0011,0.0,NORMAL_EXECUTION_PROGRESS,NONE,NONE
MPLADS-000722,11.45,20.2,0,7.4,88.6,96.0,0.0,0.0,0.0,0.0,NORMAL_EXECUTION_PROGRESS,NONE,NONE
MPLADS-000723,70.73,91.16,0,65.0,30.7,95.7,20.0,0.0,0.0136,75.0,SEVERE_PHYSICAL_FINANCIAL_GAP,INSPECTION_DOCUMENTATION_DEFICIT,NONE
MPLADS-000724,99.34,99.96,1,100.0,0.0,100.0,34.0,1.0,0.0932,75.0,GHOST_WORK_EXECUTION_DIVERGENCE,SEVERE_PHYSICAL_FINANCIAL_GAP,ABANDONED_WORK_SUSPICION
MPLADS-000725,40.9,73.32,0,-0.4,90.9,90.5,16.0,0.0,0.0147,0.0,NORMAL_EXECUTION_PROGRESS,NONE,NONE
MPLADS-000726,43.56,76.82,0,18.6,70.4,89.0,0.0,0.0,0.0,0.0,NORMAL_EXECUTION_PROGRESS,NONE,NONE
MPLADS-000727,14.2,25.78,0,-1.8,90.5,88.7,11.0,0.0,0.001,0.0,NORMAL_EXECUTION_PROGRESS,NONE,NONE
MPLADS-000728,10.14,17.48,0,6.7,89.1,95.8,0.0,0.0,0.0,0.0,NORMAL_EXECUTION_PROGRESS,NONE,NONE
MPLADS-000729,5.08,7.44,0,-2.4,93.8,91.4,19.0,0.0,0.0038,0.0,NORMAL_EXECUTION_PROGRESS,NONE,NONE
MPLADS-000730,28.16,52.84,0,17.4,70.0,87.4,26.0,0.0,0.0065,0.0,NORMAL_EXECUTION_PROGRESS,NONE,NONE
MPLADS-000731,34.79,63.94,0,-5.3,95.5,90.2,34.0,0.0,0.002,0.0,NORMAL_EXECUTION_PROGRESS,NONE,NONE
MPLADS-000732,33.25,61.36,0,6.8,88.5,95.3,0.0,0.0,0.0,0.0,NORMAL_EXECUTION_PROGRESS,NONE,NONE
MPLADS-000733,26.0,49.0,0,6.0,81.9,87.9,19.0,0.0,0.0012,0.0,NORMAL_EXECUTION_PROGRESS,NONE,NONE
MPLADS-000734,19.85,37.2,0,5.6,81.7,87.3,20.0,0.0,0.0013,0.0,NORMAL_EXECUTION_PROGRESS,NONE,NONE
MPLADS-000735,33.56,61.88,0,-2.2,90.1,87.9,0.0,0.0,0.0,0.0,NORMAL_EXECUTION_PROGRESS,NONE,NONE
MPLADS-000736,44.55,78.06,0,-3.0,96.3,93.3,0.0,0.0,0.0,0.0,NORMAL_EXECUTION_PROGRESS,NONE,NONE
MPLADS-000737,10.99,19.24,0,8.9,82.5,91.4,25.0,0.0,0.004,0.0,NORMAL_EXECUTION_PROGRESS,NONE,NONE
MPLADS-000738,48.95,81.96,0,32.4,94.3,126.7,32.0,0.0,0.0039,50.0,NORMAL_EXECUTION_PROGRESS,NONE,NONE
MPLADS-000739,66.39,88.16,0,59.9,28.6,88.5,9.0,0.0,0.01,75.0,SEVERE_PHYSICAL_FINANCIAL_GAP,INSPECTION_DOCUMENTATION_DEFICIT,NONE
MPLADS-000740,78.07,94.92,0,36.4,50.8,87.2,320.0,0.0,0.5166,75.0,EXTREME_DURATION_OVERRUN,STALLED_EXECUTION_TRAJECTORY,SEVERE_PHYSICAL_FINANCIAL_GAP
MPLADS-000741,70.2,90.84,0,71.4,87.5,158.9,0.0,0.0,0.0,75.0,SEVERE_PHYSICAL_FINANCIAL_GAP,NONE,NONE
MPLADS-000742,26.27,49.5,0,1.7,90.1,91.8,0.0,0.0,0.0,0.0,NORMAL_EXECUTION_PROGRESS,NONE,NONE
MPLADS-000743,34.55,63.52,0,21.5,76.2,97.7,2.0,0.0,0.0001,0.0,NORMAL_EXECUTION_PROGRESS,NONE,NONE
MPLADS-000744,25.85,48.7,0,0.4,96.3,96.7,32.0,0.0,0.0037,0.0,NORMAL_EXECUTION_PROGRESS,NONE,NONE
MPLADS-000745,36.14,66.18,0,12.8,73.0,85.8,18.0,0.0,0.0005,0.0,NORMAL_EXECUTION_PROGRESS,NONE,NONE
MPLADS-000746,45.25,78.7,0,27.1,70.8,97.9,28.0,0.0,0.0173,0.0,NORMAL_EXECUTION_PROGRESS,NONE,NONE
MPLADS-000747,29.32,54.84,0,15.4,70.8,86.2,30.0,0.0,0.0043,0.0,NORMAL_EXECUTION_PROGRESS,NONE,NONE
MPLADS-000748,55.83,84.78,0,17.1,23.3,40.4,0.0,0.0,0.0,0.0,NORMAL_EXECUTION_PROGRESS,NONE,NONE
MPLADS-000749,34.35,63.18,0,7.1,90.4,97.5,12.0,0.0,0.0002,0.0,NORMAL_EXECUTION_PROGRESS,NONE,NONE
MPLADS-000750,9.85,16.88,0,-7.4,97.1,89.7,11.0,0.0,0.0007,0.0,NORMAL_EXECUTION_PROGRESS,NONE,NONE
MPLADS-000751,75.69,94.06,0,74.2,20.2,94.4,30.0,0.0,0.0354,75.0,SEVERE_PHYSICAL_FINANCIAL_GAP,INSPECTION_DOCUMENTATION_DEFICIT,NONE
MPLADS-000752,19.08,35.68,0,4.2,84.2,88.4,26.0,0.0,0.0019,0.0,NORMAL_EXECUTION_PROGRESS,NONE,NONE
MPLADS-000753,18.92,35.36,0,-7.9,93.4,85.5,0.0,0.0,0.0,0.0,NORMAL_EXECUTION_PROGRESS,NONE,NONE
MPLADS-000754,15.11,27.66,0,15.7,72.6,88.3,0.0,0.0,0.0,0.0,NORMAL_EXECUTION_PROGRESS,NONE,NONE
MPLADS-000755,33.92,62.46,0,20.8,75.8,96.6,34.0,0.0,0.0197,0.0,NORMAL_EXECUTION_PROGRESS,NONE,NONE
MPLADS-000756,59.59,85.78,0,62.2,77.4,139.6,23.0,0.0,0.0067,75.0,NORMAL_EXECUTION_PROGRESS,NONE,NONE
MPLADS-000757,10.19,17.58,0,-3.0,91.2,88.2,3.0,0.0,0.001,0.0,NORMAL_EXECUTION_PROGRESS,NONE,NONE
MPLADS-000758,36.95,67.46,0,1.2,86.4,87.6,32.0,0.0,0.0025,0.0,NORMAL_EXECUTION_PROGRESS,NONE,NONE
MPLADS-000759,62.94,87.0,0,67.9,79.1,147.0,26.0,0.0,0.0075,75.0,SEVERE_PHYSICAL_FINANCIAL_GAP,NONE,NONE
MPLADS-000760,14.55,26.48,0,3.9,86.1,90.0,0.0,0.0,0.0,0.0,NORMAL_EXECUTION_PROGRESS,NONE,NONE
MPLADS-000761,16.56,30.64,0,8.8,77.8,86.6,9.0,0.0,0.0012,0.0,NORMAL_EXECUTION_PROGRESS,NONE,NONE
MPLADS-000762,46.09,79.6,0,8.6,77.5,86.1,23.0,0.0,0.0252,0.0,NORMAL_EXECUTION_PROGRESS,NONE,NONE
MPLADS-000763,29.04,54.36,0,19.8,71.8,91.6,20.0,0.0,0.0021,0.0,NORMAL_EXECUTION_PROGRESS,NONE,NONE
MPLADS-000764,31.14,57.92,0,17.0,79.2,96.2,27.0,0.0,0.0025,0.0,NORMAL_EXECUTION_PROGRESS,NONE,NONE
MPLADS-000765,52.8,83.78,0,4.0,92.1,96.1,0.0,0.0,0.0,0.0,NORMAL_EXECUTION_PROGRESS,NONE,NONE
MPLADS-000766,3.38,4.24,0,-3.2,90.0,86.8,6.0,0.0,0.0011,0.0,NORMAL_EXECUTION_PROGRESS,NONE,NONE
MPLADS-000767,17.96,33.46,0,-7.3,94.9,87.6,2.0,0.0,0.0003,0.0,NORMAL_EXECUTION_PROGRESS,NONE,NONE
MPLADS-000768,15.15,27.74,0,2.5,90.9,93.4,0.0,0.0,0.0,0.0,NORMAL_EXECUTION_PROGRESS,NONE,NONE
MPLADS-000769,23.78,44.84,0,10.8,77.5,88.3,27.0,0.0,0.0144,0.0,NORMAL_EXECUTION_PROGRESS,NONE,NONE
MPLADS-000770,25.46,47.98,0,0.0,97.5,97.5,0.0,0.0,0.0,0.0,NORMAL_EXECUTION_PROGRESS,NONE,NONE
MPLADS-000771,42.98,76.1,0,25.8,70.0,95.8,33.0,0.0,0.0134,0.0,NORMAL_EXECUTION_PROGRESS,NONE,NONE
MPLADS-000772,42.87,75.94,0,-10.7,96.3,85.6,34.0,0.0,0.0129,0.0,NORMAL_EXECUTION_PROGRESS,NONE,NONE
MPLADS-000773,41.74,74.48,0,-2.7,94.9,92.2,15.0,0.0,0.0003,0.0,NORMAL_EXECUTION_PROGRESS,NONE,NONE
MPLADS-000774,24.21,45.66,0,3.8,93.7,97.5,0.0,0.0,0.0,0.0,NORMAL_EXECUTION_PROGRESS,NONE,NONE
MPLADS-000775,7.47,12.1,0,4.3,85.6,89.9,0.0,0.0,0.0,0.0,NORMAL_EXECUTION_PROGRESS,NONE,NONE
MPLADS-000776,56.13,84.9,0,35.8,96.2,132.0,8.0,0.0,0.0067,50.0,NORMAL_EXECUTION_PROGRESS,NONE,NONE
MPLADS-000777,67.83,88.86,0,24.3,73.3,97.6,240.0,0.0,0.2376,25.0,EXTREME_DURATION_OVERRUN,NONE,NONE
MPLADS-000778,45.28,78.74,0,15.3,82.2,97.5,0.0,0.0,0.0,0.0,NORMAL_EXECUTION_PROGRESS,NONE,NONE
MPLADS-000779,74.43,93.48,0,70.2,25.4,95.6,21.0,0.0,0.012,75.0,SEVERE_PHYSICAL_FINANCIAL_GAP,INSPECTION_DOCUMENTATION_DEFICIT,NONE
MPLADS-000780,3.05,3.64,0,15.5,80.7,96.2,7.0,0.0,0.0017,0.0,NORMAL_EXECUTION_PROGRESS,NONE,NONE
MPLADS-000781,82.64,97.22,1,34.0,59.6,93.6,360.0,0.0,0.53,75.0,EXTREME_DURATION_OVERRUN,STALLED_EXECUTION_TRAJECTORY,SEVERE_PHYSICAL_FINANCIAL_GAP
MPLADS-000782,20.72,38.92,0,10.8,82.8,93.6,0.0,0.0,0.0,0.0,NORMAL_EXECUTION_PROGRESS,NONE,NONE
MPLADS-000783,13.79,24.96,0,10.5,86.9,97.4,29.0,0.0,0.007,0.0,NORMAL_EXECUTION_PROGRESS,NONE,NONE
MPLADS-000784,32.67,60.44,0,10.0,75.3,85.3,0.0,0.0,0.0,0.0,NORMAL_EXECUTION_PROGRESS,NONE,NONE
MPLADS-000785,10.2,17.6,0,11.1,73.9,85.0,0.0,0.0,0.0,0.0,NORMAL_EXECUTION_PROGRESS,NONE,NONE
MPLADS-000786,3.25,4.02,0,7.7,81.5,89.2,11.0,0.0,0.0013,0.0,NORMAL_EXECUTION_PROGRESS,NONE,NONE
MPLADS-000787,29.76,55.58,0,9.7,80.7,90.4,2.0,0.0,0.0,0.0,NORMAL_EXECUTION_PROGRESS,NONE,NONE
MPLADS-000788,33.96,62.52,0,-0.7,87.6,86.9,6.0,0.0,0.0056,0.0,NORMAL_EXECUTION_PROGRESS,NONE,NONE
MPLADS-000789,12.57,22.44,0,5.5,89.6,95.1,12.0,0.0,0.0021,0.0,NORMAL_EXECUTION_PROGRESS,NONE,NONE
MPLADS-000790,82.42,97.14,1,6.7,81.3,88.0,24.0,0.0,0.0005,0.0,INSPECTION_DOCUMENTATION_DEFICIT,NONE,NONE
MPLADS-000791,33.61,61.96,0,15.3,81.7,97.0,5.0,0.0,0.0001,0.0,NORMAL_EXECUTION_PROGRESS,NONE,NONE
MPLADS-000792,43.93,77.22,0,22.8,72.2,95.0,0.0,0.0,0.0,0.0,NORMAL_EXECUTION_PROGRESS,NONE,NONE
MPLADS-000793,16.31,30.14,0,4.3,81.7,86.0,24.0,0.0,0.0063,0.0,NORMAL_EXECUTION_PROGRESS,NONE,NONE
MPLADS-000794,11.09,19.44,0,0.7,86.1,86.8,21.0,0.0,0.0053,0.0,NORMAL_EXECUTION_PROGRESS,NONE,NONE
MPLADS-000795,30.87,57.44,0,6.1,82.1,88.2,4.0,0.0,0.0001,0.0,NORMAL_EXECUTION_PROGRESS,NONE,NONE
MPLADS-000796,32.04,59.44,0,-4.7,99.6,94.9,0.0,0.0,0.0,0.0,NORMAL_EXECUTION_PROGRESS,NONE,NONE
MPLADS-000797,47.18,80.6,0,14.6,81.7,96.3,34.0,0.0,0.0364,0.0,NORMAL_EXECUTION_PROGRESS,NONE,NONE
MPLADS-000798,17.0,31.56,0,9.6,79.8,89.4,0.0,0.0,0.0,0.0,NORMAL_EXECUTION_PROGRESS,NONE,NONE
MPLADS-000799,28.77,53.92,0,11.4,84.8,96.2,8.0,0.0,0.0001,0.0,NORMAL_EXECUTION_PROGRESS,NONE,NONE
MPLADS-000800,39.85,71.8,0,-6.6,97.2,90.6,10.0,0.0,0.0084,0.0,NORMAL_EXECUTION_PROGRESS,NONE,NONE
MPLADS-000801,56.7,84.98,0,52.8,93.6,146.4,0.0,0.0,0.0,75.0,NORMAL_EXECUTION_PROGRESS,NONE,NONE
MPLADS-000802,59.38,85.72,0,55.8,79.6,135.4,8.0,0.0,0.0083,75.0,NORMAL_EXECUTION_PROGRESS,NONE,NONE
MPLADS-000803,19.66,36.82,0,-3.8,88.8,85.0,26.0,0.0,0.0057,0.0,NORMAL_EXECUTION_PROGRESS,NONE,NONE
MPLADS-000804,40.28,72.42,0,0.2,95.3,95.5,0.0,0.0,0.0,0.0,NORMAL_EXECUTION_PROGRESS,NONE,NONE
MPLADS-000805,74.78,93.7,0,51.4,11.0,62.4,30.0,0.0,0.0632,75.0,SEVERE_PHYSICAL_FINANCIAL_GAP,ABANDONED_WORK_SUSPICION,NONE
MPLADS-000806,38.38,69.62,0,12.6,79.2,91.8,34.0,0.0,0.0014,0.0,NORMAL_EXECUTION_PROGRESS,NONE,NONE
MPLADS-000807,0.78,0.42,0,11.6,82.1,93.7,9.0,0.0,0.0022,0.0,NORMAL_EXECUTION_PROGRESS,NONE,NONE
MPLADS-000808,22.08,41.52,0,6.8,87.8,94.6,34.0,0.0,0.012,0.0,NORMAL_EXECUTION_PROGRESS,NONE,NONE
MPLADS-000809,6.13,9.46,0,19.5,74.1,93.6,0.0,0.0,0.0,0.0,NORMAL_EXECUTION_PROGRESS,NONE,NONE
MPLADS-000810,63.47,87.08,0,62.5,90.9,153.4,21.0,0.0,0.0023,75.0,SEVERE_PHYSICAL_FINANCIAL_GAP,NONE,NONE
MPLADS-000811,61.59,86.4,0,70.0,77.7,147.7,10.0,0.0,0.0024,75.0,SEVERE_PHYSICAL_FINANCIAL_GAP,NONE,NONE
MPLADS-000812,16.41,30.36,0,5.1,86.5,91.6,31.0,0.0,0.0109,0.0,NORMAL_EXECUTION_PROGRESS,NONE,NONE
MPLADS-000813,23.48,44.24,0,-8.8,98.9,90.1,11.0,0.0,0.0023,0.0,NORMAL_EXECUTION_PROGRESS,NONE,NONE
MPLADS-000814,53.23,83.96,0,49.6,85.9,135.5,27.0,0.0,0.0093,50.0,NORMAL_EXECUTION_PROGRESS,NONE,NONE
MPLADS-000815,9.11,15.36,0,7.3,84.7,92.0,28.0,0.0,0.0044,0.0,NORMAL_EXECUTION_PROGRESS,NONE,NONE
MPLADS-000816,21.87,41.14,0,16.1,71.4,87.5,0.0,0.0,0.0,0.0,NORMAL_EXECUTION_PROGRESS,NONE,NONE
MPLADS-000817,17.82,33.18,0,9.5,77.6,87.1,28.0,0.0,0.0087,0.0,NORMAL_EXECUTION_PROGRESS,NONE,NONE
MPLADS-000818,72.11,92.18,0,54.0,33.4,87.4,20.0,0.0,0.012,75.0,SEVERE_PHYSICAL_FINANCIAL_GAP,INSPECTION_DOCUMENTATION_DEFICIT,NONE
MPLADS-000819,34.9,64.08,0,18.4,70.8,89.2,33.0,0.0,0.0172,0.0,NORMAL_EXECUTION_PROGRESS,NONE,NONE
MPLADS-000820,20.7,38.86,0,17.3,72.6,89.9,0.0,0.0,0.0,0.0,NORMAL_EXECUTION_PROGRESS,NONE,NONE
MPLADS-000821,36.54,66.8,0,-1.4,93.4,92.0,0.0,0.0,0.0,0.0,NORMAL_EXECUTION_PROGRESS,NONE,NONE
MPLADS-000822,17.72,32.96,0,17.9,79.5,97.4,2.0,0.0,0.0002,0.0,NORMAL_EXECUTION_PROGRESS,NONE,NONE
MPLADS-000823,20.43,38.36,0,15.4,73.4,88.8,22.0,0.0,0.008,0.0,NORMAL_EXECUTION_PROGRESS,NONE,NONE
MPLADS-000824,53.88,84.18,0,55.9,82.3,138.2,4.0,0.0,0.0008,75.0,NORMAL_EXECUTION_PROGRESS,NONE,NONE
MPLADS-000825,78.77,95.2,1,37.1,49.0,86.1,270.0,0.0,0.3746,75.0,EXTREME_DURATION_OVERRUN,SEVERE_PHYSICAL_FINANCIAL_GAP,STALLED_EXECUTION_TRAJECTORY
MPLADS-000826,38.76,70.22,0,16.5,76.0,92.5,31.0,0.0,0.0013,0.0,NORMAL_EXECUTION_PROGRESS,NONE,NONE
MPLADS-000827,41.74,74.46,0,-6.6,97.9,91.3,33.0,0.0,0.0121,0.0,NORMAL_EXECUTION_PROGRESS,NONE,NONE
MPLADS-000828,83.94,97.66,1,16.1,79.3,95.4,0.0,0.0,0.0,0.0,INSPECTION_DOCUMENTATION_DEFICIT,NONE,NONE
MPLADS-000829,22.52,42.38,0,-2.3,91.7,89.4,0.0,0.0,0.0,0.0,NORMAL_EXECUTION_PROGRESS,NONE,NONE
MPLADS-000830,25.95,48.9,0,18.6,73.4,92.0,32.0,0.0,0.0117,0.0,NORMAL_EXECUTION_PROGRESS,NONE,NONE
MPLADS-000831,35.2,64.58,0,5.9,90.2,96.1,17.0,0.0,0.0158,0.0,NORMAL_EXECUTION_PROGRESS,NONE,NONE
MPLADS-000832,32.24,59.74,0,-10.4,99.1,88.7,0.0,0.0,0.0,0.0,NORMAL_EXECUTION_PROGRESS,NONE,NONE
MPLADS-000833,21.89,41.18,0,15.5,81.9,97.4,33.0,0.0,0.0096,0.0,NORMAL_EXECUTION_PROGRESS,NONE,NONE
MPLADS-000834,32.66,60.42,0,23.6,73.2,96.8,5.0,0.0,0.0025,0.0,NORMAL_EXECUTION_PROGRESS,NONE,NONE
MPLADS-000835,12.91,23.16,0,2.2,86.5,88.7,18.0,0.0,0.0074,0.0,NORMAL_EXECUTION_PROGRESS,NONE,NONE
MPLADS-000836,54.55,84.44,0,-12.5,99.4,86.9,32.0,0.0,0.0006,0.0,NORMAL_EXECUTION_PROGRESS,NONE,NONE
MPLADS-000837,40.2,72.3,0,-2.7,88.2,85.5,3.0,0.0,0.0001,0.0,NORMAL_EXECUTION_PROGRESS,NONE,NONE
MPLADS-000838,14.58,26.56,0,13.5,83.0,96.5,29.0,0.0,0.0024,0.0,NORMAL_EXECUTION_PROGRESS,NONE,NONE
MPLADS-000839,39.36,71.06,0,17.1,71.5,88.6,2.0,0.0,0.0023,0.0,NORMAL_EXECUTION_PROGRESS,NONE,NONE
MPLADS-000840,11.01,19.28,0,16.5,76.4,92.9,0.0,0.0,0.0,0.0,NORMAL_EXECUTION_PROGRESS,NONE,NONE
MPLADS-000841,73.63,93.0,0,56.5,29.2,85.7,26.0,0.0,0.0351,75.0,SEVERE_PHYSICAL_FINANCIAL_GAP,INSPECTION_DOCUMENTATION_DEFICIT,NONE
MPLADS-000842,86.87,98.68,1,15.8,72.2,88.0,0.0,0.0,0.0,0.0,INSPECTION_DOCUMENTATION_DEFICIT,NONE,NONE
MPLADS-000843,36.2,66.3,0,16.7,70.7,87.4,2.0,0.0,0.0001,0.0,NORMAL_EXECUTION_PROGRESS,NONE,NONE
MPLADS-000844,47.48,80.88,0,16.2,81.0,97.2,0.0,0.0,0.0,0.0,NORMAL_EXECUTION_PROGRESS,NONE,NONE
MPLADS-000845,72.79,92.52,0,58.9,30.1,89.0,8.0,0.0,0.0047,75.0,SEVERE_PHYSICAL_FINANCIAL_GAP,INSPECTION_DOCUMENTATION_DEFICIT,NONE
MPLADS-000846,3.47,4.42,0,10.9,80.1,91.0,0.0,0.0,0.0,0.0,NORMAL_EXECUTION_PROGRESS,NONE,NONE
MPLADS-000847,84.47,97.9,1,43.2,44.2,87.4,450.0,0.0,0.8529,75.0,EXTREME_DURATION_OVERRUN,SEVERE_PHYSICAL_FINANCIAL_GAP,STALLED_EXECUTION_TRAJECTORY
MPLADS-000848,19.88,37.28,0,0.7,95.6,96.3,28.0,0.0,0.006,0.0,NORMAL_EXECUTION_PROGRESS,NONE,NONE
MPLADS-000849,32.3,59.84,0,0.4,94.8,95.2,0.0,0.0,0.0,0.0,NORMAL_EXECUTION_PROGRESS,NONE,NONE
MPLADS-000850,46.86,80.28,0,15.4,76.2,91.6,0.0,0.0,0.0,0.0,NORMAL_EXECUTION_PROGRESS,NONE,NONE
MPLADS-000851,35.88,65.74,0,-2.8,94.5,91.7,20.0,0.0,0.0004,0.0,NORMAL_EXECUTION_PROGRESS,NONE,NONE
MPLADS-000852,22.98,43.24,0,14.4,75.5,89.9,23.0,0.0,0.0125,0.0,NORMAL_EXECUTION_PROGRESS,NONE,NONE
MPLADS-000853,29.94,55.84,0,-11.9,99.0,87.1,1.0,0.0,0.0003,0.0,NORMAL_EXECUTION_PROGRESS,NONE,NONE
MPLADS-000854,38.26,69.48,0,3.1,93.4,96.5,0.0,0.0,0.0,0.0,NORMAL_EXECUTION_PROGRESS,NONE,NONE
MPLADS-000855,45.9,79.34,0,-11.0,98.9,87.9,18.0,0.0,0.0003,0.0,NORMAL_EXECUTION_PROGRESS,NONE,NONE
MPLADS-000856,37.14,67.74,0,-13.6,99.2,85.6,13.0,0.0,0.0003,0.0,NORMAL_EXECUTION_PROGRESS,NONE,NONE
MPLADS-000857,69.74,90.4,0,51.8,34.7,86.5,19.0,0.0,0.0218,75.0,SEVERE_PHYSICAL_FINANCIAL_GAP,INSPECTION_DOCUMENTATION_DEFICIT,NONE
MPLADS-000858,42.91,76.0,0,1.6,94.4,96.0,0.0,0.0,0.0,0.0,NORMAL_EXECUTION_PROGRESS,NONE,NONE
MPLADS-000859,14.3,25.98,0,8.0,81.9,89.9,28.0,0.0,0.0024,0.0,NORMAL_EXECUTION_PROGRESS,NONE,NONE
MPLADS-000860,8.83,14.78,0,15.5,75.6,91.1,0.0,0.0,0.0,0.0,NORMAL_EXECUTION_PROGRESS,NONE,NONE
MPLADS-000861,47.86,81.18,0,-9.8,99.6,89.8,16.0,0.0,0.0003,0.0,NORMAL_EXECUTION_PROGRESS,NONE,NONE
MPLADS-000862,62.3,86.7,0,65.2,75.1,140.3,29.0,0.0,0.0109,75.0,SEVERE_PHYSICAL_FINANCIAL_GAP,NONE,NONE
MPLADS-000863,36.58,66.88,0,-1.6,94.5,92.9,0.0,0.0,0.0,0.0,NORMAL_EXECUTION_PROGRESS,NONE,NONE
MPLADS-000864,85.2,98.2,1,26.7,61.9,88.6,800.0,0.0,1.6934,25.0,EXTREME_DURATION_OVERRUN,STALLED_EXECUTION_TRAJECTORY,NONE
MPLADS-000865,47.13,80.54,0,-7.7,99.6,91.9,0.0,0.0,0.0,0.0,NORMAL_EXECUTION_PROGRESS,NONE,NONE
MPLADS-000866,24.69,46.62,0,13.8,77.4,91.2,33.0,0.0,0.0039,0.0,NORMAL_EXECUTION_PROGRESS,NONE,NONE
MPLADS-000867,48.21,81.46,0,-4.4,98.1,93.7,33.0,0.0,0.0006,0.0,NORMAL_EXECUTION_PROGRESS,NONE,NONE
MPLADS-000868,1.22,0.84,0,13.6,80.2,93.8,0.0,0.0,0.0,0.0,NORMAL_EXECUTION_PROGRESS,NONE,NONE
MPLADS-000869,71.76,91.98,0,74.1,24.4,98.5,18.0,0.0,0.0248,75.0,SEVERE_PHYSICAL_FINANCIAL_GAP,INSPECTION_DOCUMENTATION_DEFICIT,NONE
MPLADS-000870,23.56,44.42,0,-12.2,97.4,85.2,6.0,0.0,0.0017,0.0,NORMAL_EXECUTION_PROGRESS,NONE,NONE
MPLADS-000871,15.2,27.84,0,4.9,91.6,96.5,10.0,0.0,0.0003,0.0,NORMAL_EXECUTION_PROGRESS,NONE,NONE
MPLADS-000872,2.88,3.4,0,12.9,76.9,89.8,13.0,0.0,0.002,0.0,NORMAL_EXECUTION_PROGRESS,NONE,NONE
MPLADS-000873,33.48,61.74,0,2.1,87.1,89.2,0.0,0.0,0.0,0.0,NORMAL_EXECUTION_PROGRESS,NONE,NONE
MPLADS-000874,8.86,14.84,0,13.1,84.1,97.2,18.0,0.0,0.004,0.0,NORMAL_EXECUTION_PROGRESS,NONE,NONE
MPLADS-000875,24.61,46.44,0,13.2,71.9,85.1,20.0,0.0,0.0091,0.0,NORMAL_EXECUTION_PROGRESS,NONE,NONE
MPLADS-000876,53.19,83.94,0,-6.1,95.0,88.9,0.0,0.0,0.0,0.0,NORMAL_EXECUTION_PROGRESS,NONE,NONE
MPLADS-000877,7.12,11.4,0,-8.2,93.4,85.2,4.0,0.0,0.0005,0.0,NORMAL_EXECUTION_PROGRESS,NONE,NONE
MPLADS-000878,29.56,55.24,0,1.3,83.9,85.2,27.0,0.0,0.0078,0.0,NORMAL_EXECUTION_PROGRESS,NONE,NONE
MPLADS-000879,3.44,4.36,0,1.1,90.1,91.2,10.0,0.0,0.0026,0.0,NORMAL_EXECUTION_PROGRESS,NONE,NONE
MPLADS-000880,0.15,0.04,0,6.0,84.9,90.9,9.0,0.0,0.002,0.0,NORMAL_EXECUTION_PROGRESS,NONE,NONE
MPLADS-000881,24.41,46.06,0,17.5,77.8,95.3,26.0,0.0,0.0078,0.0,NORMAL_EXECUTION_PROGRESS,NONE,NONE
MPLADS-000882,37.15,67.76,0,5.2,85.5,90.7,19.0,0.0,0.0004,0.0,NORMAL_EXECUTION_PROGRESS,NONE,NONE
MPLADS-000883,19.71,36.92,0,19.7,75.0,94.7,22.0,0.0,0.0043,0.0,NORMAL_EXECUTION_PROGRESS,NONE,NONE
MPLADS-000884,51.32,83.24,0,-5.8,98.7,92.9,31.0,0.0,0.027,0.0,NORMAL_EXECUTION_PROGRESS,NONE,NONE
MPLADS-000885,38.5,69.82,0,22.6,70.8,93.4,10.0,0.0,0.0002,0.0,NORMAL_EXECUTION_PROGRESS,NONE,NONE
MPLADS-000886,12.38,22.06,0,-2.7,98.2,95.5,12.0,0.0,0.0025,0.0,NORMAL_EXECUTION_PROGRESS,NONE,NONE
MPLADS-000887,83.1,97.38,1,1.1,94.3,95.4,27.0,0.0,0.0052,0.0,INSPECTION_DOCUMENTATION_DEFICIT,NONE,NONE
MPLADS-000888,13.69,24.74,0,2.3,87.3,89.6,0.0,0.0,0.0,0.0,NORMAL_EXECUTION_PROGRESS,NONE,NONE
MPLADS-000889,12.55,22.38,0,7.9,86.4,94.3,0.0,0.0,0.0,0.0,NORMAL_EXECUTION_PROGRESS,NONE,NONE
MPLADS-000890,31.49,58.48,0,22.9,74.4,97.3,16.0,0.0,0.0047,0.0,NORMAL_EXECUTION_PROGRESS,NONE,NONE
MPLADS-000891,19.83,37.16,0,-3.5,98.5,95.0,16.0,0.0,0.0027,0.0,NORMAL_EXECUTION_PROGRESS,NONE,NONE
MPLADS-000892,17.95,33.44,0,-1.5,97.9,96.4,8.0,0.0,0.0012,0.0,NORMAL_EXECUTION_PROGRESS,NONE,NONE
MPLADS-000893,45.47,78.94,0,32.2,95.6,127.8,4.0,0.0,0.0012,50.0,NORMAL_EXECUTION_PROGRESS,NONE,NONE
MPLADS-000894,80.97,96.52,1,78.3,18.6,96.9,0.0,0.0,0.0,75.0,SEVERE_PHYSICAL_FINANCIAL_GAP,ABANDONED_WORK_SUSPICION,INSPECTION_DOCUMENTATION_DEFICIT
MPLADS-000895,68.1,89.04,0,53.2,11.5,64.7,0.0,0.0,0.0,75.0,SEVERE_PHYSICAL_FINANCIAL_GAP,ABANDONED_WORK_SUSPICION,NONE
MPLADS-000896,6.31,9.78,0,7.8,86.2,94.0,0.0,0.0,0.0,0.0,NORMAL_EXECUTION_PROGRESS,NONE,NONE
MPLADS-000897,12.08,21.46,0,-0.3,95.2,94.9,17.0,0.0,0.0032,0.0,NORMAL_EXECUTION_PROGRESS,NONE,NONE
MPLADS-000898,14.9,27.24,0,10.2,75.7,85.9,16.0,0.0,0.0082,0.0,NORMAL_EXECUTION_PROGRESS,NONE,NONE
MPLADS-000899,48.42,81.58,0,-4.0,99.2,95.2,22.0,0.0,0.0186,0.0,NORMAL_EXECUTION_PROGRESS,NONE,NONE
MPLADS-000900,9.58,16.32,0,8.5,78.9,87.4,13.0,0.0,0.0018,0.0,NORMAL_EXECUTION_PROGRESS,NONE,NONE
MPLADS-000901,8.57,14.24,0,3.3,91.4,94.7,0.0,0.0,0.0,0.0,NORMAL_EXECUTION_PROGRESS,NONE,NONE
MPLADS-000902,24.43,46.1,0,3.4,88.8,92.2,34.0,0.0,0.0117,0.0,NORMAL_EXECUTION_PROGRESS,NONE,NONE
MPLADS-000903,22.88,43.04,0,19.3,72.5,91.8,12.0,0.0,0.0021,0.0,NORMAL_EXECUTION_PROGRESS,NONE,NONE
MPLADS-000904,53.8,84.16,0,43.0,92.2,135.2,17.0,0.0,0.0034,50.0,NORMAL_EXECUTION_PROGRESS,NONE,NONE
MPLADS-000905,8.65,14.42,0,10.8,84.6,95.4,12.0,0.0,0.0049,0.0,NORMAL_EXECUTION_PROGRESS,NONE,NONE
MPLADS-000906,62.47,86.8,0,65.0,86.9,151.9,14.0,0.0,0.0015,75.0,SEVERE_PHYSICAL_FINANCIAL_GAP,NONE,NONE
MPLADS-000907,2.13,2.12,0,10.1,87.3,97.4,0.0,0.0,0.0,0.0,NORMAL_EXECUTION_PROGRESS,NONE,NONE
MPLADS-000908,15.05,27.56,0,-3.5,92.1,88.6,0.0,0.0,0.0,0.0,NORMAL_EXECUTION_PROGRESS,NONE,NONE
MPLADS-000909,27.12,51.02,0,-8.5,97.0,88.5,24.0,0.0,0.0023,0.0,NORMAL_EXECUTION_PROGRESS,NONE,NONE
MPLADS-000910,22.07,41.5,0,4.7,93.3,98.0,0.0,0.0,0.0,0.0,NORMAL_EXECUTION_PROGRESS,NONE,NONE
MPLADS-000911,8.11,13.32,0,18.7,76.4,95.1,7.0,0.0,0.0033,0.0,NORMAL_EXECUTION_PROGRESS,NONE,NONE
MPLADS-000912,34.99,64.22,0,13.3,73.4,86.7,33.0,0.0,0.0017,0.0,NORMAL_EXECUTION_PROGRESS,NONE,NONE
MPLADS-000913,18.97,35.46,0,3.4,82.7,86.1,0.0,0.0,0.0,0.0,NORMAL_EXECUTION_PROGRESS,NONE,NONE
MPLADS-000914,33.41,61.62,0,13.1,78.5,91.6,0.0,0.0,0.0,0.0,NORMAL_EXECUTION_PROGRESS,NONE,NONE
MPLADS-000915,19.91,37.34,0,1.5,84.7,86.2,0.0,0.0,0.0,0.0,NORMAL_EXECUTION_PROGRESS,NONE,NONE
MPLADS-000916,24.58,46.38,0,-9.3,99.0,89.7,2.0,0.0,0.0005,0.0,NORMAL_EXECUTION_PROGRESS,NONE,NONE
MPLADS-000917,39.07,70.68,0,25.5,71.6,97.1,0.0,0.0,0.0,0.0,NORMAL_EXECUTION_PROGRESS,NONE,NONE
MPLADS-000918,24.09,45.42,0,-5.0,99.0,94.0,29.0,0.0,0.0074,0.0,NORMAL_EXECUTION_PROGRESS,NONE,NONE
MPLADS-000919,18.94,35.4,0,9.4,76.3,85.7,3.0,0.0,0.0001,0.0,NORMAL_EXECUTION_PROGRESS,NONE,NONE
MPLADS-000920,44.61,78.1,0,22.4,75.2,97.6,0.0,0.0,0.0,0.0,NORMAL_EXECUTION_PROGRESS,NONE,NONE
MPLADS-000921,16.04,29.6,0,-7.9,94.6,86.7,22.0,0.0,0.0022,0.0,NORMAL_EXECUTION_PROGRESS,NONE,NONE
MPLADS-000922,27.48,51.64,0,21.5,72.4,93.9,19.0,0.0,0.0107,0.0,NORMAL_EXECUTION_PROGRESS,NONE,NONE
MPLADS-000923,7.33,11.84,0,0.9,92.4,93.3,9.0,0.0,0.0021,0.0,NORMAL_EXECUTION_PROGRESS,NONE,NONE
MPLADS-000924,18.43,34.38,0,-8.8,98.1,89.3,9.0,0.0,0.0006,0.0,NORMAL_EXECUTION_PROGRESS,NONE,NONE
MPLADS-000925,9.8,16.78,0,8.9,82.2,91.1,23.0,0.0,0.0083,0.0,NORMAL_EXECUTION_PROGRESS,NONE,NONE
MPLADS-000926,22.1,41.58,0,-8.8,94.0,85.2,28.0,0.0,0.0063,0.0,NORMAL_EXECUTION_PROGRESS,NONE,NONE
MPLADS-000927,42.13,75.02,0,-2.9,96.2,93.3,24.0,0.0,0.0004,0.0,NORMAL_EXECUTION_PROGRESS,NONE,NONE
MPLADS-000928,30.4,56.62,0,20.3,77.3,97.6,20.0,0.0,0.0079,0.0,NORMAL_EXECUTION_PROGRESS,NONE,NONE
MPLADS-000929,27.13,51.04,0,-8.4,98.3,89.9,0.0,0.0,0.0,0.0,NORMAL_EXECUTION_PROGRESS,NONE,NONE
MPLADS-000930,4.2,5.74,0,11.6,75.0,86.6,15.0,0.0,0.0042,0.0,NORMAL_EXECUTION_PROGRESS,NONE,NONE
MPLADS-000931,20.21,37.92,0,15.0,77.5,92.5,24.0,0.0,0.0126,0.0,NORMAL_EXECUTION_PROGRESS,NONE,NONE
MPLADS-000932,15.56,28.6,0,20.9,74.0,94.9,6.0,0.0,0.0018,0.0,NORMAL_EXECUTION_PROGRESS,NONE,NONE
MPLADS-000933,22.5,42.34,0,7.1,89.1,96.2,17.0,0.0,0.0007,0.0,NORMAL_EXECUTION_PROGRESS,NONE,NONE
MPLADS-000934,46.68,80.18,0,24.9,71.3,96.2,7.0,0.0,0.0001,0.0,NORMAL_EXECUTION_PROGRESS,NONE,NONE
MPLADS-000935,14.79,27.0,0,10.0,78.9,88.9,32.0,0.0,0.01,0.0,NORMAL_EXECUTION_PROGRESS,NONE,NONE
MPLADS-000936,4.14,5.62,0,2.4,89.0,91.4,15.0,0.0,0.0028,0.0,NORMAL_EXECUTION_PROGRESS,NONE,NONE
MPLADS-000937,12.44,22.16,0,4.9,90.4,95.3,18.0,0.0,0.0068,0.0,NORMAL_EXECUTION_PROGRESS,NONE,NONE
MPLADS-000938,75.96,94.24,0,36.0,58.8,94.8,300.0,0.0,0.4276,75.0,EXTREME_DURATION_OVERRUN,STALLED_EXECUTION_TRAJECTORY,SEVERE_PHYSICAL_FINANCIAL_GAP
MPLADS-000939,9.67,16.5,0,14.5,75.1,89.6,0.0,0.0,0.0,0.0,NORMAL_EXECUTION_PROGRESS,NONE,NONE
MPLADS-000940,12.36,22.02,0,18.6,71.7,90.3,20.0,0.0,0.0066,0.0,NORMAL_EXECUTION_PROGRESS,NONE,NONE
MPLADS-000941,68.2,89.14,0,57.8,30.3,88.1,9.0,0.0,0.0111,75.0,SEVERE_PHYSICAL_FINANCIAL_GAP,INSPECTION_DOCUMENTATION_DEFICIT,NONE
MPLADS-000942,35.71,65.42,0,11.9,84.3,96.2,0.0,0.0,0.0,0.0,NORMAL_EXECUTION_PROGRESS,NONE,NONE
MPLADS-000943,34.44,63.34,0,7.2,81.7,88.9,9.0,0.0,0.0091,0.0,NORMAL_EXECUTION_PROGRESS,NONE,NONE
MPLADS-000944,36.52,66.76,0,15.2,75.5,90.7,29.0,0.0,0.0011,0.0,NORMAL_EXECUTION_PROGRESS,NONE,NONE
MPLADS-000945,16.93,31.42,0,-4.3,96.5,92.2,19.0,0.0,0.0046,0.0,NORMAL_EXECUTION_PROGRESS,NONE,NONE
MPLADS-000946,9.75,16.68,0,15.6,78.7,94.3,0.0,0.0,0.0,0.0,NORMAL_EXECUTION_PROGRESS,NONE,NONE
MPLADS-000947,79.27,95.46,1,15.7,72.2,87.9,480.0,0.0,0.7482,25.0,EXTREME_DURATION_OVERRUN,STALLED_EXECUTION_TRAJECTORY,NONE
MPLADS-000948,37.68,68.54,0,18.8,73.1,91.9,2.0,0.0,0.0,0.0,NORMAL_EXECUTION_PROGRESS,NONE,NONE
MPLADS-000949,16.24,29.98,0,-6.4,97.4,91.0,0.0,0.0,0.0,0.0,NORMAL_EXECUTION_PROGRESS,NONE,NONE
MPLADS-000950,46.88,80.32,0,0.5,92.3,92.8,32.0,0.0,0.0006,0.0,NORMAL_EXECUTION_PROGRESS,NONE,NONE
MPLADS-000951,64.42,87.32,0,66.2,23.3,89.5,6.0,0.0,0.0081,75.0,SEVERE_PHYSICAL_FINANCIAL_GAP,INSPECTION_DOCUMENTATION_DEFICIT,NONE
MPLADS-000952,29.98,55.92,0,-4.8,92.3,87.5,30.0,0.0,0.0018,0.0,NORMAL_EXECUTION_PROGRESS,NONE,NONE
MPLADS-000953,33.94,62.5,0,26.1,70.1,96.2,0.0,0.0,0.0,0.0,NORMAL_EXECUTION_PROGRESS,NONE,NONE
MPLADS-000954,80.4,96.14,1,44.0,52.9,96.9,300.0,0.0,0.4565,75.0,EXTREME_DURATION_OVERRUN,SEVERE_PHYSICAL_FINANCIAL_GAP,STALLED_EXECUTION_TRAJECTORY
MPLADS-000955,79.61,95.66,1,47.3,44.9,92.2,320.0,0.0,0.5493,75.0,EXTREME_DURATION_OVERRUN,SEVERE_PHYSICAL_FINANCIAL_GAP,STALLED_EXECUTION_TRAJECTORY
MPLADS-000956,10.37,17.94,0,-4.5,96.1,91.6,13.0,0.0,0.0019,0.0,NORMAL_EXECUTION_PROGRESS,NONE,NONE
MPLADS-000957,30.47,56.72,0,13.2,80.5,93.7,0.0,0.0,0.0,0.0,NORMAL_EXECUTION_PROGRESS,NONE,NONE
MPLADS-000958,37.94,68.94,0,4.0,89.0,93.0,26.0,0.0,0.0005,0.0,NORMAL_EXECUTION_PROGRESS,NONE,NONE
MPLADS-000959,20.48,38.46,0,-2.5,95.0,92.5,0.0,0.0,0.0,0.0,NORMAL_EXECUTION_PROGRESS,NONE,NONE
MPLADS-000960,19.14,35.8,0,4.1,92.5,96.6,15.0,0.0,0.0038,0.0,NORMAL_EXECUTION_PROGRESS,NONE,NONE
MPLADS-000961,30.56,56.88,0,-7.7,95.5,87.8,30.0,0.0,0.0112,0.0,NORMAL_EXECUTION_PROGRESS,NONE,NONE
MPLADS-000962,16.54,30.6,0,8.9,87.3,96.2,14.0,0.0,0.0055,0.0,NORMAL_EXECUTION_PROGRESS,NONE,NONE
MPLADS-000963,12.81,22.94,0,8.6,82.0,90.6,33.0,0.0,0.0062,0.0,NORMAL_EXECUTION_PROGRESS,NONE,NONE
MPLADS-000964,34.34,63.16,0,-10.0,97.9,87.9,22.0,0.0,0.0008,0.0,NORMAL_EXECUTION_PROGRESS,NONE,NONE
MPLADS-000965,40.47,72.64,0,14.6,71.4,86.0,0.0,0.0,0.0,0.0,NORMAL_EXECUTION_PROGRESS,NONE,NONE
MPLADS-000966,60.47,86.04,0,51.3,81.3,132.6,23.0,0.0,0.0005,75.0,SEVERE_PHYSICAL_FINANCIAL_GAP,NONE,NONE
MPLADS-000967,32.41,60.02,0,13.1,80.0,93.1,10.0,0.0,0.0103,0.0,NORMAL_EXECUTION_PROGRESS,NONE,NONE
MPLADS-000968,27.9,52.4,0,16.4,70.1,86.5,14.0,0.0,0.0013,0.0,NORMAL_EXECUTION_PROGRESS,NONE,NONE
MPLADS-000969,18.51,34.54,0,9.5,79.5,89.0,7.0,0.0,0.0003,0.0,NORMAL_EXECUTION_PROGRESS,NONE,NONE
MPLADS-000970,17.48,32.48,0,-7.8,93.1,85.3,22.0,0.0,0.0047,0.0,NORMAL_EXECUTION_PROGRESS,NONE,NONE
MPLADS-000971,40.02,72.06,0,3.9,86.8,90.7,0.0,0.0,0.0,0.0,NORMAL_EXECUTION_PROGRESS,NONE,NONE
MPLADS-000972,96.0,99.37,1,100.0,0.0,100.0,0.0,1.0,0.0,75.0,GHOST_WORK_EXECUTION_DIVERGENCE,SEVERE_PHYSICAL_FINANCIAL_GAP,ABANDONED_WORK_SUSPICION
MPLADS-000973,24.59,46.4,0,16.0,80.1,96.1,0.0,0.0,0.0,0.0,NORMAL_EXECUTION_PROGRESS,NONE,NONE
MPLADS-000974,21.6,40.64,0,21.4,72.4,93.8,9.0,0.0,0.0025,0.0,NORMAL_EXECUTION_PROGRESS,NONE,NONE
MPLADS-000975,35.86,65.7,0,0.5,89.3,89.8,20.0,0.0,0.0004,0.0,NORMAL_EXECUTION_PROGRESS,NONE,NONE
MPLADS-000976,49.33,82.24,0,5.9,90.8,96.7,0.0,0.0,0.0,0.0,NORMAL_EXECUTION_PROGRESS,NONE,NONE
MPLADS-000977,2.77,3.26,0,15.6,78.1,93.7,10.0,0.0,0.0014,0.0,NORMAL_EXECUTION_PROGRESS,NONE,NONE
MPLADS-000978,38.63,70.0,0,7.3,80.9,88.2,0.0,0.0,0.0,0.0,NORMAL_EXECUTION_PROGRESS,NONE,NONE
MPLADS-000979,22.57,42.48,0,12.6,78.5,91.1,33.0,0.0,0.0143,0.0,NORMAL_EXECUTION_PROGRESS,NONE,NONE
MPLADS-000980,8.53,14.16,0,12.3,77.2,89.5,24.0,0.0,0.0045,0.0,NORMAL_EXECUTION_PROGRESS,NONE,NONE
MPLADS-000981,4.22,5.8,0,5.3,89.3,94.6,0.0,0.0,0.0,0.0,NORMAL_EXECUTION_PROGRESS,NONE,NONE
MPLADS-000982,25.57,48.22,0,14.9,71.3,86.2,28.0,0.0,0.0138,0.0,NORMAL_EXECUTION_PROGRESS,NONE,NONE
MPLADS-000983,26.46,49.84,0,15.9,71.3,87.2,24.0,0.0,0.0029,0.0,NORMAL_EXECUTION_PROGRESS,NONE,NONE
MPLADS-000984,22.71,42.78,0,-1.3,88.8,87.5,34.0,0.0,0.0094,0.0,NORMAL_EXECUTION_PROGRESS,NONE,NONE
MPLADS-000985,6.94,11.06,0,10.5,74.8,85.3,0.0,0.0,0.0,0.0,NORMAL_EXECUTION_PROGRESS,NONE,NONE
MPLADS-000986,33.81,62.28,0,-1.8,91.5,89.7,0.0,0.0,0.0,0.0,NORMAL_EXECUTION_PROGRESS,NONE,NONE
MPLADS-000987,47.08,80.48,0,23.1,70.2,93.3,18.0,0.0,0.0213,0.0,NORMAL_EXECUTION_PROGRESS,NONE,NONE
MPLADS-000988,46.1,79.62,0,14.6,74.4,89.0,0.0,0.0,0.0,0.0,NORMAL_EXECUTION_PROGRESS,NONE,NONE
MPLADS-000989,11.51,20.32,0,0.6,86.9,87.5,5.0,0.0,0.0008,0.0,NORMAL_EXECUTION_PROGRESS,NONE,NONE
MPLADS-000990,9.95,17.1,0,11.6,79.4,91.0,20.0,0.0,0.006,0.0,NORMAL_EXECUTION_PROGRESS,NONE,NONE
MPLADS-000991,42.0,74.8,0,-6.5,91.8,85.3,22.0,0.0,0.0203,0.0,NORMAL_EXECUTION_PROGRESS,NONE,NONE
MPLADS-000992,26.31,49.58,0,-2.9,93.6,90.7,31.0,0.0,0.0122,0.0,NORMAL_EXECUTION_PROGRESS,NONE,NONE
MPLADS-000993,1.29,0.94,0,12.2,82.0,94.2,6.0,0.0,0.0018,0.0,NORMAL_EXECUTION_PROGRESS,NONE,NONE
MPLADS-000994,25.16,47.46,0,-0.6,96.9,96.3,0.0,0.0,0.0,0.0,NORMAL_EXECUTION_PROGRESS,NONE,NONE
MPLADS-000995,14.41,26.2,0,11.9,82.0,93.9,21.0,0.0,0.0014,0.0,NORMAL_EXECUTION_PROGRESS,NONE,NONE
MPLADS-000996,27.86,52.34,0,14.0,71.0,85.0,0.0,0.0,0.0,0.0,NORMAL_EXECUTION_PROGRESS,NONE,NONE
MPLADS-000997,4.55,6.44,0,5.7,84.1,89.8,0.0,0.0,0.0,0.0,NORMAL_EXECUTION_PROGRESS,NONE,NONE
MPLADS-000998,38.98,70.54,0,7.9,77.5,85.4,2.0,0.0,0.0021,0.0,NORMAL_EXECUTION_PROGRESS,NONE,NONE
MPLADS-000999,47.24,80.7,0,21.8,76.0,97.8,28.0,0.0,0.0316,0.0,NORMAL_EXECUTION_PROGRESS,NONE,NONE
MPLADS-001000,20.06,37.62,0,0.8,95.8,96.6,20.0,0.0,0.0018,0.0,NORMAL_EXECUTION_PROGRESS,NONE,NONE
MPLADS-001001,31.75,58.94,0,-1.9,99.8,97.9,0.0,0.0,0.0,0.0,NORMAL_EXECUTION_PROGRESS,NONE,NONE
MPLADS-001002,11.42,20.14,0,0.7,91.1,91.8,23.0,0.0,0.0067,0.0,NORMAL_EXECUTION_PROGRESS,NONE,NONE
MPLADS-001003,25.58,48.24,0,-3.1,92.7,89.6,25.0,0.0,0.0012,0.0,NORMAL_EXECUTION_PROGRESS,NONE,NONE
MPLADS-001004,72.96,92.62,0,66.8,19.8,86.6,0.0,0.0,0.0,75.0,SEVERE_PHYSICAL_FINANCIAL_GAP,ABANDONED_WORK_SUSPICION,INSPECTION_DOCUMENTATION_DEFICIT
MPLADS-001005,34.64,63.66,0,-4.2,89.5,85.3,12.0,0.0,0.0111,0.0,NORMAL_EXECUTION_PROGRESS,NONE,NONE
MPLADS-001006,69.72,90.38,0,57.4,34.2,91.6,5.0,0.0,0.0062,75.0,SEVERE_PHYSICAL_FINANCIAL_GAP,INSPECTION_DOCUMENTATION_DEFICIT,NONE
MPLADS-001007,25.91,48.8,0,13.5,75.1,88.6,15.0,0.0,0.0012,0.0,NORMAL_EXECUTION_PROGRESS,NONE,NONE
MPLADS-001008,49.96,82.56,0,-3.6,89.7,86.1,0.0,0.0,0.0,0.0,NORMAL_EXECUTION_PROGRESS,NONE,NONE
MPLADS-001009,11.28,19.84,0,19.5,75.8,95.3,23.0,0.0,0.007,0.0,NORMAL_EXECUTION_PROGRESS,NONE,NONE
MPLADS-001010,9.15,15.44,0,16.6,72.5,89.1,0.0,0.0,0.0,0.0,NORMAL_EXECUTION_PROGRESS,NONE,NONE
MPLADS-001011,22.37,42.1,0,16.1,77.6,93.7,25.0,0.0,0.0023,0.0,NORMAL_EXECUTION_PROGRESS,NONE,NONE
MPLADS-001012,8.09,13.28,0,14.6,75.8,90.4,0.0,0.0,0.0,0.0,NORMAL_EXECUTION_PROGRESS,NONE,NONE
MPLADS-001013,32.31,59.86,0,0.9,89.1,90.0,10.0,0.0,0.0002,0.0,NORMAL_EXECUTION_PROGRESS,NONE,NONE
MPLADS-001014,10.49,18.22,0,1.7,90.6,92.3,3.0,0.0,0.0004,0.0,NORMAL_EXECUTION_PROGRESS,NONE,NONE
MPLADS-001015,32.33,59.9,0,13.7,75.6,89.3,0.0,0.0,0.0,0.0,NORMAL_EXECUTION_PROGRESS,NONE,NONE
MPLADS-001016,24.46,46.16,0,1.0,95.9,96.9,29.0,0.0,0.0032,0.0,NORMAL_EXECUTION_PROGRESS,NONE,NONE
MPLADS-001017,17.63,32.8,0,6.2,80.2,86.4,0.0,0.0,0.0,0.0,NORMAL_EXECUTION_PROGRESS,NONE,NONE
MPLADS-001018,74.79,93.72,0,29.5,66.3,95.8,320.0,0.0,0.4395,25.0,EXTREME_DURATION_OVERRUN,STALLED_EXECUTION_TRAJECTORY,NONE
MPLADS-001019,9.36,15.88,0,18.0,72.6,90.6,0.0,0.0,0.0,0.0,NORMAL_EXECUTION_PROGRESS,NONE,NONE
MPLADS-001020,4.79,6.86,0,19.3,75.6,94.9,3.0,0.0,0.0007,0.0,NORMAL_EXECUTION_PROGRESS,NONE,NONE
MPLADS-001021,44.2,77.56,0,22.2,72.6,94.8,0.0,0.0,0.0,0.0,NORMAL_EXECUTION_PROGRESS,NONE,NONE
MPLADS-001022,42.59,75.56,0,14.6,81.6,96.2,29.0,0.0,0.0307,0.0,NORMAL_EXECUTION_PROGRESS,NONE,NONE
MPLADS-001023,57.81,85.2,0,51.7,92.7,144.4,16.0,0.0,0.0027,75.0,NORMAL_EXECUTION_PROGRESS,NONE,NONE
MPLADS-001024,68.69,89.5,0,45.1,18.0,63.1,21.0,0.0,0.0304,50.0,SEVERE_PHYSICAL_FINANCIAL_GAP,ABANDONED_WORK_SUSPICION,NONE
MPLADS-001025,3.17,3.84,0,14.8,78.5,93.3,19.0,0.0,0.0051,0.0,NORMAL_EXECUTION_PROGRESS,NONE,NONE
MPLADS-001026,23.92,45.12,0,-4.9,94.3,89.4,27.0,0.0,0.0101,0.0,NORMAL_EXECUTION_PROGRESS,NONE,NONE
MPLADS-001027,19.8,37.1,0,2.2,83.4,85.6,0.0,0.0,0.0,0.0,NORMAL_EXECUTION_PROGRESS,NONE,NONE
MPLADS-001028,73.97,93.24,0,35.4,54.8,90.2,240.0,0.0,0.3072,75.0,EXTREME_DURATION_OVERRUN,SEVERE_PHYSICAL_FINANCIAL_GAP,STALLED_EXECUTION_TRAJECTORY
MPLADS-001029,71.93,92.08,0,67.3,19.8,87.1,21.0,0.0,0.0375,75.0,SEVERE_PHYSICAL_FINANCIAL_GAP,ABANDONED_WORK_SUSPICION,INSPECTION_DOCUMENTATION_DEFICIT
MPLADS-001030,34.75,63.86,0,7.7,79.2,86.9,0.0,0.0,0.0,0.0,NORMAL_EXECUTION_PROGRESS,NONE,NONE
MPLADS-001031,55.01,84.6,0,49.8,91.3,141.1,0.0,0.0,0.0,50.0,NORMAL_EXECUTION_PROGRESS,NONE,NONE
MPLADS-001032,20.47,38.44,0,19.3,71.4,90.7,0.0,0.0,0.0,0.0,NORMAL_EXECUTION_PROGRESS,NONE,NONE
MPLADS-001033,39.21,70.86,0,20.5,72.7,93.2,8.0,0.0,0.0001,0.0,NORMAL_EXECUTION_PROGRESS,NONE,NONE
MPLADS-001034,23.03,43.34,0,6.3,86.1,92.4,29.0,0.0,0.0021,0.0,NORMAL_EXECUTION_PROGRESS,NONE,NONE
MPLADS-001035,36.05,66.02,0,25.1,72.3,97.4,27.0,0.0,0.0129,0.0,NORMAL_EXECUTION_PROGRESS,NONE,NONE
MPLADS-001036,31.06,57.76,0,5.7,81.7,87.4,6.0,0.0,0.0001,0.0,NORMAL_EXECUTION_PROGRESS,NONE,NONE
MPLADS-001037,4.52,6.38,0,6.1,83.0,89.1,2.0,0.0,0.0004,0.0,NORMAL_EXECUTION_PROGRESS,NONE,NONE
MPLADS-001038,18.31,34.14,0,20.4,74.4,94.8,9.0,0.0,0.0034,0.0,NORMAL_EXECUTION_PROGRESS,NONE,NONE
MPLADS-001039,24.76,46.76,0,8.6,80.1,88.7,27.0,0.0,0.0136,0.0,NORMAL_EXECUTION_PROGRESS,NONE,NONE
MPLADS-001040,14.73,26.88,0,-2.4,91.7,89.3,22.0,0.0,0.001,0.0,NORMAL_EXECUTION_PROGRESS,NONE,NONE
MPLADS-001041,28.28,53.06,0,16.1,80.3,96.4,11.0,0.0,0.0006,0.0,NORMAL_EXECUTION_PROGRESS,NONE,NONE
MPLADS-001042,16.03,29.58,0,-10.0,95.1,85.1,13.0,0.0,0.0019,0.0,NORMAL_EXECUTION_PROGRESS,NONE,NONE
MPLADS-001043,31.69,58.82,0,24.2,70.4,94.6,0.0,0.0,0.0,0.0,NORMAL_EXECUTION_PROGRESS,NONE,NONE
MPLADS-001044,9.55,16.26,0,15.9,73.4,89.3,10.0,0.0,0.0032,0.0,NORMAL_EXECUTION_PROGRESS,NONE,NONE
MPLADS-001045,39.12,70.76,0,7.9,85.5,93.4,0.0,0.0,0.0,0.0,NORMAL_EXECUTION_PROGRESS,NONE,NONE
MPLADS-001046,5.53,8.32,0,9.1,84.7,93.8,18.0,0.0,0.0046,0.0,NORMAL_EXECUTION_PROGRESS,NONE,NONE
MPLADS-001047,41.83,74.62,0,14.7,70.8,85.5,10.0,0.0,0.0116,0.0,NORMAL_EXECUTION_PROGRESS,NONE,NONE
MPLADS-001048,38.52,69.86,0,-2.7,90.6,87.9,20.0,0.0,0.0004,0.0,NORMAL_EXECUTION_PROGRESS,NONE,NONE
MPLADS-001049,30.31,56.48,0,-11.3,97.3,86.0,19.0,0.0,0.0006,0.0,NORMAL_EXECUTION_PROGRESS,NONE,NONE
MPLADS-001050,23.65,44.62,0,11.8,83.1,94.9,6.0,0.0,0.0002,0.0,NORMAL_EXECUTION_PROGRESS,NONE,NONE
MPLADS-001051,15.34,28.14,0,9.1,76.8,85.9,0.0,0.0,0.0,0.0,NORMAL_EXECUTION_PROGRESS,NONE,NONE
MPLADS-001052,31.43,58.38,0,-11.9,98.2,86.3,0.0,0.0,0.0,0.0,NORMAL_EXECUTION_PROGRESS,NONE,NONE
MPLADS-001053,8.8,14.7,0,10.9,74.6,85.5,0.0,0.0,0.0,0.0,NORMAL_EXECUTION_PROGRESS,NONE,NONE
MPLADS-001054,4.73,6.76,0,15.3,77.9,93.2,8.0,0.0,0.001,0.0,NORMAL_EXECUTION_PROGRESS,NONE,NONE
MPLADS-001055,9.83,16.84,0,1.0,85.6,86.6,6.0,0.0,0.0011,0.0,NORMAL_EXECUTION_PROGRESS,NONE,NONE
MPLADS-001056,47.85,81.16,0,0.2,92.8,93.0,33.0,0.0,0.031,0.0,NORMAL_EXECUTION_PROGRESS,NONE,NONE
MPLADS-001057,20.28,38.06,0,1.6,93.3,94.9,0.0,0.0,0.0,0.0,NORMAL_EXECUTION_PROGRESS,NONE,NONE
MPLADS-001058,10.81,18.86,0,15.6,76.9,92.5,19.0,0.0,0.0061,0.0,NORMAL_EXECUTION_PROGRESS,NONE,NONE
MPLADS-001059,7.0,11.18,0,12.6,78.2,90.8,3.0,0.0,0.001,0.0,NORMAL_EXECUTION_PROGRESS,NONE,NONE
MPLADS-001060,20.57,38.64,0,9.8,80.0,89.8,21.0,0.0,0.0016,0.0,NORMAL_EXECUTION_PROGRESS,NONE,NONE
MPLADS-001061,19.06,35.64,0,4.8,88.7,93.5,28.0,0.0,0.0018,0.0,NORMAL_EXECUTION_PROGRESS,NONE,NONE
MPLADS-001062,18.36,34.22,0,17.4,70.3,87.7,0.0,0.0,0.0,0.0,NORMAL_EXECUTION_PROGRESS,NONE,NONE
MPLADS-001063,63.86,87.16,0,62.7,95.8,158.5,18.0,0.0,0.0033,75.0,SEVERE_PHYSICAL_FINANCIAL_GAP,NONE,NONE
MPLADS-001064,7.21,11.58,0,-1.9,89.3,87.4,15.0,0.0,0.0042,0.0,NORMAL_EXECUTION_PROGRESS,NONE,NONE
MPLADS-001065,2.6,2.96,0,8.3,87.6,95.9,19.0,0.0,0.0045,0.0,NORMAL_EXECUTION_PROGRESS,NONE,NONE
MPLADS-001066,6.5,10.18,0,7.1,89.7,96.8,0.0,0.0,0.0,0.0,NORMAL_EXECUTION_PROGRESS,NONE,NONE
MPLADS-001067,45.93,79.38,0,24.6,72.0,96.6,0.0,0.0,0.0,0.0,NORMAL_EXECUTION_PROGRESS,NONE,NONE
MPLADS-001068,17.6,32.74,0,9.2,86.6,95.8,28.0,0.0,0.002,0.0,NORMAL_EXECUTION_PROGRESS,NONE,NONE
MPLADS-001069,34.66,63.7,0,18.9,76.4,95.3,25.0,0.0,0.0008,0.0,NORMAL_EXECUTION_PROGRESS,NONE,NONE
MPLADS-001070,22.24,41.82,0,13.0,79.8,92.8,31.0,0.0,0.0162,0.0,NORMAL_EXECUTION_PROGRESS,NONE,NONE
MPLADS-001071,19.69,36.88,0,1.0,93.4,94.4,0.0,0.0,0.0,0.0,NORMAL_EXECUTION_PROGRESS,NONE,NONE
MPLADS-001072,11.92,21.14,0,-3.6,92.3,88.7,0.0,0.0,0.0,0.0,NORMAL_EXECUTION_PROGRESS,NONE,NONE
MPLADS-001073,71.42,91.78,0,72.8,83.6,156.4,0.0,0.0,0.0,75.0,SEVERE_PHYSICAL_FINANCIAL_GAP,NONE,NONE
MPLADS-001074,10.0,17.2,0,14.6,77.6,92.2,15.0,0.0,0.001,0.0,NORMAL_EXECUTION_PROGRESS,NONE,NONE
MPLADS-001075,8.43,13.98,0,14.5,73.1,87.6,3.0,0.0,0.0004,0.0,NORMAL_EXECUTION_PROGRESS,NONE,NONE
MPLADS-001076,83.31,97.42,1,-1.9,90.5,88.6,17.0,0.0,0.0017,0.0,INSPECTION_DOCUMENTATION_DEFICIT,NONE,NONE
MPLADS-001077,25.74,48.52,0,21.9,74.0,95.9,12.0,0.0,0.0009,0.0,NORMAL_EXECUTION_PROGRESS,NONE,NONE
MPLADS-001078,21.07,39.58,0,14.5,83.2,97.7,29.0,0.0,0.0078,0.0,NORMAL_EXECUTION_PROGRESS,NONE,NONE
MPLADS-001079,43.21,76.42,0,-1.2,97.9,96.7,9.0,0.0,0.0002,0.0,NORMAL_EXECUTION_PROGRESS,NONE,NONE
MPLADS-001080,64.34,87.28,0,28.4,20.3,48.7,24.0,0.0,0.0325,0.0,ELEVATED_PROGRESS_VOLATILITY,NONE,NONE
MPLADS-001081,20.22,37.94,0,-6.3,95.4,89.1,0.0,0.0,0.0,0.0,NORMAL_EXECUTION_PROGRESS,NONE,NONE
MPLADS-001082,21.59,40.6,0,9.1,88.4,97.5,30.0,0.0,0.0043,0.0,NORMAL_EXECUTION_PROGRESS,NONE,NONE
MPLADS-001083,82.08,97.08,1,5.2,81.9,87.1,22.0,0.0,0.0103,0.0,INSPECTION_DOCUMENTATION_DEFICIT,NONE,NONE
MPLADS-001084,15.86,29.22,0,19.2,75.0,94.2,0.0,0.0,0.0,0.0,NORMAL_EXECUTION_PROGRESS,NONE,NONE
MPLADS-001085,41.55,74.22,0,17.9,70.9,88.8,34.0,0.0,0.0053,0.0,NORMAL_EXECUTION_PROGRESS,NONE,NONE
MPLADS-001086,29.45,55.06,0,11.2,79.6,90.8,0.0,0.0,0.0,0.0,NORMAL_EXECUTION_PROGRESS,NONE,NONE
MPLADS-001087,82.87,97.3,1,24.1,72.8,96.9,540.0,0.0,0.8924,25.0,EXTREME_DURATION_OVERRUN,STALLED_EXECUTION_TRAJECTORY,NONE
MPLADS-001088,32.05,59.46,0,18.7,71.3,90.0,0.0,0.0,0.0,0.0,NORMAL_EXECUTION_PROGRESS,NONE,NONE
MPLADS-001089,15.0,27.46,0,1.2,87.4,88.6,24.0,0.0,0.0077,0.0,NORMAL_EXECUTION_PROGRESS,NONE,NONE
MPLADS-001090,1.86,1.68,0,-4.3,93.7,89.4,8.0,0.0,0.0013,0.0,NORMAL_EXECUTION_PROGRESS,NONE,NONE
MPLADS-001091,20.78,39.04,0,20.3,76.2,96.5,17.0,0.0,0.0013,0.0,NORMAL_EXECUTION_PROGRESS,NONE,NONE
MPLADS-001092,27.34,51.4,0,-10.6,96.1,85.5,0.0,0.0,0.0,0.0,NORMAL_EXECUTION_PROGRESS,NONE,NONE
MPLADS-001093,5.17,7.62,0,-2.1,93.1,91.0,5.0,0.0,0.0007,0.0,NORMAL_EXECUTION_PROGRESS,NONE,NONE
MPLADS-001094,13.41,24.18,0,0.9,92.9,93.8,21.0,0.0,0.0021,0.0,NORMAL_EXECUTION_PROGRESS,NONE,NONE
MPLADS-001095,35.66,65.34,0,0.4,86.7,87.1,9.0,0.0,0.0085,0.0,NORMAL_EXECUTION_PROGRESS,NONE,NONE
MPLADS-001096,20.52,38.52,0,9.2,87.5,96.7,30.0,0.0,0.0072,0.0,NORMAL_EXECUTION_PROGRESS,NONE,NONE
MPLADS-001097,35.62,65.26,0,17.2,80.6,97.8,0.0,0.0,0.0,0.0,NORMAL_EXECUTION_PROGRESS,NONE,NONE
MPLADS-001098,26.32,49.6,0,24.8,72.4,97.2,3.0,0.0,0.0004,0.0,NORMAL_EXECUTION_PROGRESS,NONE,NONE
MPLADS-001099,19.77,37.04,0,13.3,83.7,97.0,20.0,0.0,0.0068,0.0,NORMAL_EXECUTION_PROGRESS,NONE,NONE
MPLADS-001100,38.68,70.08,0,-2.2,87.5,85.3,2.0,0.0,0.0,0.0,NORMAL_EXECUTION_PROGRESS,NONE,NONE
MPLADS-001101,16.63,30.8,0,0.5,86.1,86.6,0.0,0.0,0.0,0.0,NORMAL_EXECUTION_PROGRESS,NONE,NONE
MPLADS-001102,3.84,5.08,0,16.2,76.3,92.5,20.0,0.0,0.0058,0.0,NORMAL_EXECUTION_PROGRESS,NONE,NONE
MPLADS-001103,42.6,75.58,0,24.5,70.9,95.4,29.0,0.0,0.018,0.0,NORMAL_EXECUTION_PROGRESS,NONE,NONE
MPLADS-001104,23.94,45.16,0,23.3,72.1,95.4,0.0,0.0,0.0,0.0,NORMAL_EXECUTION_PROGRESS,NONE,NONE
MPLADS-001105,40.0,72.02,0,-0.7,96.6,95.9,0.0,0.0,0.0,0.0,NORMAL_EXECUTION_PROGRESS,NONE,NONE
MPLADS-001106,1.47,1.12,0,3.8,84.6,88.4,7.0,0.0,0.002,0.0,NORMAL_EXECUTION_PROGRESS,NONE,NONE
MPLADS-001107,5.38,8.0,0,5.0,83.0,88.0,3.0,0.0,0.0012,0.0,NORMAL_EXECUTION_PROGRESS,NONE,NONE
MPLADS-001108,37.73,68.6,0,9.6,83.0,92.6,19.0,0.0,0.0193,0.0,NORMAL_EXECUTION_PROGRESS,NONE,NONE
MPLADS-001109,80.41,96.16,1,7.1,84.5,91.6,8.0,0.0,0.0003,0.0,INSPECTION_DOCUMENTATION_DEFICIT,NONE,NONE
MPLADS-001110,29.54,55.2,0,6.4,82.8,89.2,0.0,0.0,0.0,0.0,NORMAL_EXECUTION_PROGRESS,NONE,NONE
MPLADS-001111,43.51,76.78,0,-8.4,97.1,88.7,16.0,0.0,0.0136,0.0,NORMAL_EXECUTION_PROGRESS,NONE,NONE
MPLADS-001112,19.23,35.98,0,14.4,71.2,85.6,13.0,0.0,0.0056,0.0,NORMAL_EXECUTION_PROGRESS,NONE,NONE
MPLADS-001113,7.66,12.46,0,10.1,82.5,92.6,23.0,0.0,0.0058,0.0,NORMAL_EXECUTION_PROGRESS,NONE,NONE
MPLADS-001114,7.88,12.88,0,10.3,81.6,91.9,10.0,0.0,0.0012,0.0,NORMAL_EXECUTION_PROGRESS,NONE,NONE
MPLADS-001115,14.87,27.16,0,15.3,75.0,90.3,0.0,0.0,0.0,0.0,NORMAL_EXECUTION_PROGRESS,NONE,NONE
MPLADS-001116,2.73,3.18,0,8.2,79.2,87.4,11.0,0.0,0.0038,0.0,NORMAL_EXECUTION_PROGRESS,NONE,NONE
MPLADS-001117,87.73,98.82,1,-11.9,97.7,85.8,30.0,0.0,0.0006,0.0,INSPECTION_DOCUMENTATION_DEFICIT,NONE,NONE
MPLADS-001118,73.7,93.04,0,64.7,22.8,87.5,0.0,0.0,0.0,75.0,SEVERE_PHYSICAL_FINANCIAL_GAP,INSPECTION_DOCUMENTATION_DEFICIT,NONE
MPLADS-001119,9.87,16.92,0,2.6,87.7,90.3,0.0,0.0,0.0,0.0,NORMAL_EXECUTION_PROGRESS,NONE,NONE
MPLADS-001120,69.75,90.42,0,68.9,26.3,95.2,0.0,0.0,0.0,75.0,SEVERE_PHYSICAL_FINANCIAL_GAP,INSPECTION_DOCUMENTATION_DEFICIT,NONE
MPLADS-001121,41.18,73.72,0,15.2,73.5,88.7,16.0,0.0,0.0181,0.0,NORMAL_EXECUTION_PROGRESS,NONE,NONE
MPLADS-001122,4.11,5.56,0,15.8,78.7,94.5,4.0,0.0,0.0013,0.0,NORMAL_EXECUTION_PROGRESS,NONE,NONE
MPLADS-001123,1.51,1.16,0,14.0,79.2,93.2,2.0,0.0,0.0006,0.0,NORMAL_EXECUTION_PROGRESS,NONE,NONE
MPLADS-001124,86.56,98.62,1,26.2,70.7,96.9,800.0,0.0,1.6327,25.0,EXTREME_DURATION_OVERRUN,STALLED_EXECUTION_TRAJECTORY,NONE
MPLADS-001125,35.29,64.7,0,-5.2,97.5,92.3,34.0,0.0,0.0126,0.0,NORMAL_EXECUTION_PROGRESS,NONE,NONE
MPLADS-001126,40.66,72.94,0,21.4,73.1,94.5,18.0,0.0,0.0206,0.0,NORMAL_EXECUTION_PROGRESS,NONE,NONE
MPLADS-001127,73.4,92.88,0,66.7,25.6,92.3,0.0,0.0,0.0,75.0,SEVERE_PHYSICAL_FINANCIAL_GAP,INSPECTION_DOCUMENTATION_DEFICIT,NONE
MPLADS-001128,9.4,15.98,0,2.4,91.4,93.8,0.0,0.0,0.0,0.0,NORMAL_EXECUTION_PROGRESS,NONE,NONE
MPLADS-001129,42.64,75.64,0,-5.5,96.0,90.5,10.0,0.0,0.0085,0.0,NORMAL_EXECUTION_PROGRESS,NONE,NONE
MPLADS-001130,26.07,49.14,0,13.8,72.5,86.3,15.0,0.0,0.0064,0.0,NORMAL_EXECUTION_PROGRESS,NONE,NONE
MPLADS-001131,23.82,44.92,0,7.3,90.3,97.6,10.0,0.0,0.0003,0.0,NORMAL_EXECUTION_PROGRESS,NONE,NONE
MPLADS-001132,19.86,37.22,0,21.0,74.2,95.2,0.0,0.0,0.0,0.0,NORMAL_EXECUTION_PROGRESS,NONE,NONE
MPLADS-001133,68.23,89.18,0,70.0,23.8,93.8,0.0,0.0,0.0,75.0,SEVERE_PHYSICAL_FINANCIAL_GAP,INSPECTION_DOCUMENTATION_DEFICIT,NONE
MPLADS-001134,84.49,97.92,1,14.5,70.7,85.2,0.0,0.0,0.0,0.0,INSPECTION_DOCUMENTATION_DEFICIT,NONE,NONE
MPLADS-001135,40.5,72.7,0,0.4,96.8,97.2,0.0,0.0,0.0,0.0,NORMAL_EXECUTION_PROGRESS,NONE,NONE
MPLADS-001136,17.53,32.58,0,21.9,72.1,94.0,0.0,0.0,0.0,0.0,NORMAL_EXECUTION_PROGRESS,NONE,NONE
MPLADS-001137,24.19,45.62,0,-6.8,93.0,86.2,3.0,0.0,0.0001,0.0,NORMAL_EXECUTION_PROGRESS,NONE,NONE
MPLADS-001138,36.69,67.06,0,8.0,85.7,93.7,0.0,0.0,0.0,0.0,NORMAL_EXECUTION_PROGRESS,NONE,NONE
MPLADS-001139,32.12,59.56,0,-11.0,98.7,87.7,0.0,0.0,0.0,0.0,NORMAL_EXECUTION_PROGRESS,NONE,NONE
MPLADS-001140,15.01,27.48,0,-0.8,87.1,86.3,32.0,0.0,0.0091,0.0,NORMAL_EXECUTION_PROGRESS,NONE,NONE
MPLADS-001141,24.03,45.32,0,19.1,77.6,96.7,33.0,0.0,0.0121,0.0,NORMAL_EXECUTION_PROGRESS,NONE,NONE
MPLADS-001142,27.91,52.42,0,0.9,95.3,96.2,0.0,0.0,0.0,0.0,NORMAL_EXECUTION_PROGRESS,NONE,NONE
MPLADS-001143,73.84,93.12,0,32.4,62.9,95.3,240.0,0.0,0.2745,75.0,EXTREME_DURATION_OVERRUN,STALLED_EXECUTION_TRAJECTORY,SEVERE_PHYSICAL_FINANCIAL_GAP
MPLADS-001144,8.7,14.52,0,-3.6,90.0,86.4,2.0,0.0,0.0005,0.0,NORMAL_EXECUTION_PROGRESS,NONE,NONE
MPLADS-001145,19.51,36.52,0,0.3,96.3,96.6,2.0,0.0,0.0002,0.0,NORMAL_EXECUTION_PROGRESS,NONE,NONE
MPLADS-001146,16.99,31.54,0,-1.6,96.7,95.1,1.0,0.0,0.0001,0.0,NORMAL_EXECUTION_PROGRESS,NONE,NONE
MPLADS-001147,8.89,14.9,0,13.4,83.4,96.8,4.0,0.0,0.0011,0.0,NORMAL_EXECUTION_PROGRESS,NONE,NONE
MPLADS-001148,2.24,2.3,0,7.1,82.1,89.2,9.0,0.0,0.0022,0.0,NORMAL_EXECUTION_PROGRESS,NONE,NONE
MPLADS-001149,35.56,65.14,0,10.5,85.9,96.4,0.0,0.0,0.0,0.0,NORMAL_EXECUTION_PROGRESS,NONE,NONE
MPLADS-001150,39.69,71.54,0,6.7,80.0,86.7,33.0,0.0,0.0012,0.0,NORMAL_EXECUTION_PROGRESS,NONE,NONE
MPLADS-001151,26.82,50.46,0,-5.0,99.0,94.0,19.0,0.0,0.006,0.0,NORMAL_EXECUTION_PROGRESS,NONE,NONE
MPLADS-001152,15.07,27.58,0,-1.7,94.0,92.3,24.0,0.0,0.0051,0.0,NORMAL_EXECUTION_PROGRESS,NONE,NONE
MPLADS-001153,11.89,21.1,0,16.1,74.6,90.7,0.0,0.0,0.0,0.0,NORMAL_EXECUTION_PROGRESS,NONE,NONE
MPLADS-001154,3.93,5.24,0,5.5,89.1,94.6,22.0,0.0,0.0052,0.0,NORMAL_EXECUTION_PROGRESS,NONE,NONE
MPLADS-001155,11.93,21.16,0,9.1,76.6,85.7,4.0,0.0,0.0018,0.0,NORMAL_EXECUTION_PROGRESS,NONE,NONE
MPLADS-001156,69.95,90.6,0,61.2,25.4,86.6,28.0,0.0,0.0325,75.0,SEVERE_PHYSICAL_FINANCIAL_GAP,INSPECTION_DOCUMENTATION_DEFICIT,NONE
MPLADS-001157,26.77,50.38,0,3.8,89.9,93.7,31.0,0.0,0.0021,0.0,NORMAL_EXECUTION_PROGRESS,NONE,NONE
MPLADS-001158,26.23,49.42,0,23.4,74.4,97.8,17.0,0.0,0.007,0.0,NORMAL_EXECUTION_PROGRESS,NONE,NONE
MPLADS-001159,32.72,60.52,0,16.2,75.2,91.4,21.0,0.0,0.0006,0.0,NORMAL_EXECUTION_PROGRESS,NONE,NONE
MPLADS-001160,21.08,39.6,0,2.1,93.4,95.5,0.0,0.0,0.0,0.0,NORMAL_EXECUTION_PROGRESS,NONE,NONE
MPLADS-001161,11.6,20.5,0,-1.4,92.6,91.2,13.0,0.0,0.0045,0.0,NORMAL_EXECUTION_PROGRESS,NONE,NONE
MPLADS-001162,45.45,78.9,0,24.2,70.8,95.0,0.0,0.0,0.0,0.0,NORMAL_EXECUTION_PROGRESS,NONE,NONE
MPLADS-001163,27.64,51.9,0,23.2,73.9,97.1,0.0,0.0,0.0,0.0,NORMAL_EXECUTION_PROGRESS,NONE,NONE
MPLADS-001164,13.64,24.62,0,12.7,73.7,86.4,2.0,0.0,0.0005,0.0,NORMAL_EXECUTION_PROGRESS,NONE,NONE
MPLADS-001165,12.46,22.2,0,-3.6,92.5,88.9,17.0,0.0,0.0029,0.0,NORMAL_EXECUTION_PROGRESS,NONE,NONE
MPLADS-001166,45.01,78.5,0,-0.8,97.4,96.6,22.0,0.0,0.0004,0.0,NORMAL_EXECUTION_PROGRESS,NONE,NONE
MPLADS-001167,46.21,79.78,0,-1.5,96.6,95.1,25.0,0.0,0.022,0.0,NORMAL_EXECUTION_PROGRESS,NONE,NONE
MPLADS-001168,9.37,15.9,0,8.0,88.2,96.2,11.0,0.0,0.001,0.0,NORMAL_EXECUTION_PROGRESS,NONE,NONE
MPLADS-001169,16.67,30.88,0,2.9,84.0,86.9,0.0,0.0,0.0,0.0,NORMAL_EXECUTION_PROGRESS,NONE,NONE
MPLADS-001170,44.39,77.86,0,11.9,83.0,94.9,0.0,0.0,0.0,0.0,NORMAL_EXECUTION_PROGRESS,NONE,NONE
MPLADS-001171,23.23,43.72,0,3.4,83.4,86.8,0.0,0.0,0.0,0.0,NORMAL_EXECUTION_PROGRESS,NONE,NONE
MPLADS-001172,21.67,40.78,0,9.1,83.9,93.0,22.0,0.0,0.0053,0.0,NORMAL_EXECUTION_PROGRESS,NONE,NONE
MPLADS-001173,45.31,78.76,0,10.3,75.2,85.5,0.0,0.0,0.0,0.0,NORMAL_EXECUTION_PROGRESS,NONE,NONE
MPLADS-001174,23.33,43.94,0,4.1,88.0,92.1,31.0,0.0,0.0137,0.0,NORMAL_EXECUTION_PROGRESS,NONE,NONE
MPLADS-001175,22.54,42.42,0,-4.6,97.5,92.9,19.0,0.0,0.0034,0.0,NORMAL_EXECUTION_PROGRESS,NONE,NONE
MPLADS-001176,42.23,75.12,0,18.7,72.1,90.8,17.0,0.0,0.0196,0.0,NORMAL_EXECUTION_PROGRESS,NONE,NONE
MPLADS-001177,41.4,74.02,0,-7.8,98.4,90.6,12.0,0.0,0.01,0.0,NORMAL_EXECUTION_PROGRESS,NONE,NONE
MPLADS-001178,19.21,35.94,0,7.6,83.5,91.1,0.0,0.0,0.0,0.0,NORMAL_EXECUTION_PROGRESS,NONE,NONE
MPLADS-001179,11.29,19.86,0,-3.9,94.3,90.4,6.0,0.0,0.0019,0.0,NORMAL_EXECUTION_PROGRESS,NONE,NONE
MPLADS-001180,11.15,19.56,0,18.3,77.8,96.1,0.0,0.0,0.0,0.0,NORMAL_EXECUTION_PROGRESS,NONE,NONE
MPLADS-001181,18.15,33.82,0,7.6,79.3,86.9,0.0,0.0,0.0,0.0,NORMAL_EXECUTION_PROGRESS,NONE,NONE
MPLADS-001182,36.28,66.4,0,-1.1,86.2,85.1,0.0,0.0,0.0,0.0,NORMAL_EXECUTION_PROGRESS,NONE,NONE
MPLADS-001183,10.58,18.42,0,2.3,93.1,95.4,18.0,0.0,0.0017,0.0,NORMAL_EXECUTION_PROGRESS,NONE,NONE
MPLADS-001184,24.87,46.94,0,3.8,91.0,94.8,33.0,0.0,0.0075,0.0,NORMAL_EXECUTION_PROGRESS,NONE,NONE
MPLADS-001185,31.84,59.1,0,-0.3,88.1,87.8,32.0,0.0,0.0024,0.0,NORMAL_EXECUTION_PROGRESS,NONE,NONE
MPLADS-001186,27.41,51.5,0,14.2,71.8,86.0,0.0,0.0,0.0,0.0,NORMAL_EXECUTION_PROGRESS,NONE,NONE
MPLADS-001187,32.76,60.58,0,26.0,70.3,96.3,0.0,0.0,0.0,0.0,NORMAL_EXECUTION_PROGRESS,NONE,NONE
MPLADS-001188,37.05,67.62,0,2.6,91.2,93.8,5.0,0.0,0.0001,0.0,NORMAL_EXECUTION_PROGRESS,NONE,NONE
MPLADS-001189,0.7,0.34,0,4.4,86.6,91.0,12.0,0.0,0.0034,0.0,NORMAL_EXECUTION_PROGRESS,NONE,NONE
MPLADS-001190,66.42,88.18,0,66.2,27.4,93.6,0.0,0.0,0.0,75.0,SEVERE_PHYSICAL_FINANCIAL_GAP,INSPECTION_DOCUMENTATION_DEFICIT,NONE
MPLADS-001191,24.38,46.0,0,-5.6,93.2,87.6,17.0,0.0,0.0006,0.0,NORMAL_EXECUTION_PROGRESS,NONE,NONE
MPLADS-001192,5.47,8.2,0,-2.9,88.3,85.4,4.0,0.0,0.0006,0.0,NORMAL_EXECUTION_PROGRESS,NONE,NONE
MPLADS-001193,12.65,22.62,0,14.2,75.3,89.5,1.0,0.0,0.0001,0.0,NORMAL_EXECUTION_PROGRESS,NONE,NONE
MPLADS-001194,37.83,68.76,0,16.6,75.9,92.5,11.0,0.0,0.012,0.0,NORMAL_EXECUTION_PROGRESS,NONE,NONE
MPLADS-001195,9.76,16.7,0,-0.5,89.4,88.9,0.0,0.0,0.0,0.0,NORMAL_EXECUTION_PROGRESS,NONE,NONE
MPLADS-001196,78.48,95.04,1,67.2,31.0,98.2,24.0,0.0,0.0456,75.0,SEVERE_PHYSICAL_FINANCIAL_GAP,INSPECTION_DOCUMENTATION_DEFICIT,NONE
MPLADS-001197,6.21,9.58,0,18.2,77.9,96.1,0.0,0.0,0.0,0.0,NORMAL_EXECUTION_PROGRESS,NONE,NONE
MPLADS-001198,27.98,52.56,0,24.9,72.1,97.0,14.0,0.0,0.0043,0.0,NORMAL_EXECUTION_PROGRESS,NONE,NONE
MPLADS-001199,34.42,63.3,0,8.2,83.0,91.2,12.0,0.0,0.0002,0.0,NORMAL_EXECUTION_PROGRESS,NONE,NONE
MPLADS-001200,23.97,45.2,0,7.5,90.0,97.5,29.0,0.0,0.0121,0.0,NORMAL_EXECUTION_PROGRESS,NONE,NONE
MPLADS-001201,22.96,43.2,0,3.8,89.0,92.8,34.0,0.0,0.0116,0.0,NORMAL_EXECUTION_PROGRESS,NONE,NONE
MPLADS-001202,78.19,94.98,0,34.2,57.9,92.1,360.0,0.0,0.5771,75.0,EXTREME_DURATION_OVERRUN,STALLED_EXECUTION_TRAJECTORY,SEVERE_PHYSICAL_FINANCIAL_GAP
MPLADS-001203,13.06,23.44,0,11.7,80.5,92.2,6.0,0.0,0.0019,0.0,NORMAL_EXECUTION_PROGRESS,NONE,NONE
MPLADS-001204,73.47,92.92,0,52.8,32.6,85.4,28.0,0.0,0.0255,75.0,SEVERE_PHYSICAL_FINANCIAL_GAP,INSPECTION_DOCUMENTATION_DEFICIT,NONE
MPLADS-001205,38.9,70.4,0,-0.3,88.3,88.0,10.0,0.0,0.0093,0.0,NORMAL_EXECUTION_PROGRESS,NONE,NONE
MPLADS-001206,26.37,49.7,0,0.1,97.1,97.2,9.0,0.0,0.0002,0.0,NORMAL_EXECUTION_PROGRESS,NONE,NONE
MPLADS-001207,66.03,87.96,0,68.2,21.1,89.3,12.0,0.0,0.0178,75.0,SEVERE_PHYSICAL_FINANCIAL_GAP,INSPECTION_DOCUMENTATION_DEFICIT,NONE
MPLADS-001208,2.6,2.94,0,12.1,82.4,94.5,7.0,0.0,0.0014,0.0,NORMAL_EXECUTION_PROGRESS,NONE,NONE
MPLADS-001209,25.19,47.5,0,21.5,72.0,93.5,23.0,0.0,0.0107,0.0,NORMAL_EXECUTION_PROGRESS,NONE,NONE
MPLADS-001210,41.64,74.34,0,6.4,82.1,88.5,32.0,0.0,0.001,0.0,NORMAL_EXECUTION_PROGRESS,NONE,NONE
MPLADS-001211,12.74,22.8,0,-3.7,97.9,94.2,14.0,0.0,0.0019,0.0,NORMAL_EXECUTION_PROGRESS,NONE,NONE
MPLADS-001212,9.38,15.92,0,2.5,84.6,87.1,9.0,0.0,0.0036,0.0,NORMAL_EXECUTION_PROGRESS,NONE,NONE
MPLADS-001213,2.04,1.98,0,11.4,83.3,94.7,22.0,0.0,0.0061,0.0,NORMAL_EXECUTION_PROGRESS,NONE,NONE
MPLADS-001214,66.76,88.42,0,67.0,27.5,94.5,9.0,0.0,0.0109,75.0,SEVERE_PHYSICAL_FINANCIAL_GAP,INSPECTION_DOCUMENTATION_DEFICIT,NONE
MPLADS-001215,35.45,64.96,0,17.7,76.4,94.1,0.0,0.0,0.0,0.0,NORMAL_EXECUTION_PROGRESS,NONE,NONE
MPLADS-001216,69.54,90.18,0,68.7,24.8,93.5,0.0,0.0,0.0,75.0,SEVERE_PHYSICAL_FINANCIAL_GAP,INSPECTION_DOCUMENTATION_DEFICIT,NONE
MPLADS-001217,73.55,92.96,0,75.1,22.3,97.4,10.0,0.0,0.009,75.0,SEVERE_PHYSICAL_FINANCIAL_GAP,INSPECTION_DOCUMENTATION_DEFICIT,NONE
MPLADS-001218,38.15,69.32,0,9.1,81.7,90.8,11.0,0.0,0.0002,0.0,NORMAL_EXECUTION_PROGRESS,NONE,NONE
MPLADS-001219,32.29,59.82,0,-0.3,92.7,92.4,0.0,0.0,0.0,0.0,NORMAL_EXECUTION_PROGRESS,NONE,NONE
MPLADS-001220,21.51,40.44,0,-3.6,88.7,85.1,23.0,0.0,0.0094,0.0,NORMAL_EXECUTION_PROGRESS,NONE,NONE
MPLADS-001221,33.35,61.52,0,11.7,81.3,93.0,9.0,0.0,0.0091,0.0,NORMAL_EXECUTION_PROGRESS,NONE,NONE
MPLADS-001222,16.15,29.82,0,17.0,73.2,90.2,0.0,0.0,0.0,0.0,NORMAL_EXECUTION_PROGRESS,NONE,NONE
MPLADS-001223,36.13,66.16,0,18.0,79.0,97.0,0.0,0.0,0.0,0.0,NORMAL_EXECUTION_PROGRESS,NONE,NONE
MPLADS-001224,85.38,98.24,1,-5.7,95.7,90.0,24.0,0.0,0.0213,0.0,INSPECTION_DOCUMENTATION_DEFICIT,NONE,NONE
MPLADS-001225,81.06,96.56,1,19.6,72.4,92.0,13.0,0.0,0.0023,0.0,INSPECTION_DOCUMENTATION_DEFICIT,NONE,NONE
MPLADS-001226,54.14,84.28,0,-13.8,99.4,85.6,1.0,0.0,0.0,0.0,NORMAL_EXECUTION_PROGRESS,NONE,NONE
MPLADS-001227,12.94,23.2,0,8.7,76.8,85.5,0.0,0.0,0.0,0.0,NORMAL_EXECUTION_PROGRESS,NONE,NONE
MPLADS-001228,15.65,28.78,0,-11.1,97.3,86.2,8.0,0.0,0.001,0.0,NORMAL_EXECUTION_PROGRESS,NONE,NONE
MPLADS-001229,75.35,93.92,0,79.4,15.5,94.9,15.0,0.0,0.0196,75.0,SEVERE_PHYSICAL_FINANCIAL_GAP,ABANDONED_WORK_SUSPICION,INSPECTION_DOCUMENTATION_DEFICIT
MPLADS-001230,19.07,35.66,0,-2.3,95.7,93.4,0.0,0.0,0.0,0.0,NORMAL_EXECUTION_PROGRESS,NONE,NONE
MPLADS-001231,47.2,80.64,0,-12.7,99.6,86.9,0.0,0.0,0.0,0.0,NORMAL_EXECUTION_PROGRESS,NONE,NONE
MPLADS-001232,95.84,99.34,1,100.0,0.0,100.0,2.0,1.0,0.0055,75.0,GHOST_WORK_EXECUTION_DIVERGENCE,SEVERE_PHYSICAL_FINANCIAL_GAP,ABANDONED_WORK_SUSPICION
MPLADS-001233,23.34,43.96,0,11.4,79.3,90.7,26.0,0.0,0.0023,0.0,NORMAL_EXECUTION_PROGRESS,NONE,NONE
MPLADS-001234,79.97,95.86,1,1.3,84.1,85.4,0.0,0.0,0.0,0.0,INSPECTION_DOCUMENTATION_DEFICIT,NONE,NONE
MPLADS-001235,26.03,49.06,0,2.5,90.7,93.2,0.0,0.0,0.0,0.0,NORMAL_EXECUTION_PROGRESS,NONE,NONE
MPLADS-001236,43.82,77.1,0,8.3,87.7,96.0,28.0,0.0,0.0275,0.0,NORMAL_EXECUTION_PROGRESS,NONE,NONE
MPLADS-001237,50.73,83.0,0,14.1,81.6,95.7,0.0,0.0,0.0,0.0,NORMAL_EXECUTION_PROGRESS,NONE,NONE
MPLADS-001238,10.54,18.32,0,-0.3,90.3,90.0,20.0,0.0,0.0022,0.0,NORMAL_EXECUTION_PROGRESS,NONE,NONE
MPLADS-001239,41.56,74.24,0,11.0,74.7,85.7,0.0,0.0,0.0,0.0,NORMAL_EXECUTION_PROGRESS,NONE,NONE
MPLADS-001240,23.21,43.7,0,4.4,81.8,86.2,0.0,0.0,0.0,0.0,NORMAL_EXECUTION_PROGRESS,NONE,NONE
MPLADS-001241,15.44,28.38,0,5.6,83.6,89.2,0.0,0.0,0.0,0.0,NORMAL_EXECUTION_PROGRESS,NONE,NONE
MPLADS-001242,8.66,14.44,0,1.1,92.7,93.8,0.0,0.0,0.0,0.0,NORMAL_EXECUTION_PROGRESS,NONE,NONE
MPLADS-001243,2.67,3.08,0,9.2,84.6,93.8,18.0,0.0,0.0058,0.0,NORMAL_EXECUTION_PROGRESS,NONE,NONE
MPLADS-001244,7.74,12.62,0,3.3,89.0,92.3,0.0,0.0,0.0,0.0,NORMAL_EXECUTION_PROGRESS,NONE,NONE
MPLADS-001245,8.31,13.72,0,0.6,92.5,93.1,11.0,0.0,0.0037,0.0,NORMAL_EXECUTION_PROGRESS,NONE,NONE
MPLADS-001246,15.17,27.78,0,15.0,82.9,97.9,0.0,0.0,0.0,0.0,NORMAL_EXECUTION_PROGRESS,NONE,NONE
MPLADS-001247,42.11,75.0,0,14.8,80.1,94.9,28.0,0.0,0.0301,0.0,NORMAL_EXECUTION_PROGRESS,NONE,NONE
MPLADS-001248,71.22,91.56,0,63.9,31.2,95.1,0.0,0.0,0.0,75.0,SEVERE_PHYSICAL_FINANCIAL_GAP,INSPECTION_DOCUMENTATION_DEFICIT,NONE
MPLADS-001249,49.1,82.1,0,11.7,74.0,85.7,0.0,0.0,0.0,0.0,NORMAL_EXECUTION_PROGRESS,NONE,NONE
MPLADS-001250,59.85,85.86,0,53.6,79.8,133.4,3.0,0.0,0.0001,75.0,NORMAL_EXECUTION_PROGRESS,NONE,NONE
MPLADS-001251,15.51,28.5,0,16.6,81.3,97.9,18.0,0.0,0.0044,0.0,NORMAL_EXECUTION_PROGRESS,NONE,NONE
MPLADS-001252,69.5,90.14,0,69.8,18.9,88.7,0.0,0.0,0.0,75.0,SEVERE_PHYSICAL_FINANCIAL_GAP,ABANDONED_WORK_SUSPICION,INSPECTION_DOCUMENTATION_DEFICIT
MPLADS-001253,4.98,7.24,0,1.6,86.3,87.9,7.0,0.0,0.0014,0.0,NORMAL_EXECUTION_PROGRESS,NONE,NONE
MPLADS-001254,22.22,41.78,0,6.0,88.5,94.5,0.0,0.0,0.0,0.0,NORMAL_EXECUTION_PROGRESS,NONE,NONE
MPLADS-001255,6.99,11.16,0,6.8,78.7,85.5,0.0,0.0,0.0,0.0,NORMAL_EXECUTION_PROGRESS,NONE,NONE
MPLADS-001256,40.12,72.2,0,12.5,78.2,90.7,22.0,0.0,0.0239,0.0,NORMAL_EXECUTION_PROGRESS,NONE,NONE
MPLADS-001257,4.91,7.1,0,18.1,77.1,95.2,17.0,0.0,0.0066,0.0,NORMAL_EXECUTION_PROGRESS,NONE,NONE
MPLADS-001258,33.57,61.9,0,6.6,78.9,85.5,0.0,0.0,0.0,0.0,NORMAL_EXECUTION_PROGRESS,NONE,NONE
MPLADS-001259,33.14,61.18,0,2.9,91.4,94.3,0.0,0.0,0.0,0.0,NORMAL_EXECUTION_PROGRESS,NONE,NONE
MPLADS-001260,35.49,65.06,0,14.2,74.2,88.4,0.0,0.0,0.0,0.0,NORMAL_EXECUTION_PROGRESS,NONE,NONE
MPLADS-001261,26.28,49.52,0,16.9,74.3,91.2,31.0,0.0,0.0109,0.0,NORMAL_EXECUTION_PROGRESS,NONE,NONE
MPLADS-001262,44.66,78.16,0,17.9,71.2,89.1,21.0,0.0,0.0247,0.0,NORMAL_EXECUTION_PROGRESS,NONE,NONE
MPLADS-001263,43.16,76.34,0,-8.6,98.5,89.9,14.0,0.0,0.0117,0.0,NORMAL_EXECUTION_PROGRESS,NONE,NONE
MPLADS-001264,16.06,29.64,0,14.1,75.4,89.5,13.0,0.0,0.0066,0.0,NORMAL_EXECUTION_PROGRESS,NONE,NONE
MPLADS-001265,50.48,82.88,0,8.4,89.6,98.0,0.0,0.0,0.0,0.0,NORMAL_EXECUTION_PROGRESS,NONE,NONE
MPLADS-001266,9.73,16.64,0,15.6,81.5,97.1,0.0,0.0,0.0,0.0,NORMAL_EXECUTION_PROGRESS,NONE,NONE
MPLADS-001267,33.17,61.22,0,-6.8,97.7,90.9,0.0,0.0,0.0,0.0,NORMAL_EXECUTION_PROGRESS,NONE,NONE
MPLADS-001268,50.95,83.06,0,-7.0,96.7,89.7,0.0,0.0,0.0,0.0,NORMAL_EXECUTION_PROGRESS,NONE,NONE
MPLADS-001269,41.87,74.66,0,-2.3,96.3,94.0,10.0,0.0,0.0002,0.0,NORMAL_EXECUTION_PROGRESS,NONE,NONE
MPLADS-001270,25.41,47.92,0,13.6,83.2,96.8,34.0,0.0,0.0033,0.0,NORMAL_EXECUTION_PROGRESS,NONE,NONE
MPLADS-001271,30.39,56.6,0,0.3,90.1,90.4,34.0,0.0,0.0147,0.0,NORMAL_EXECUTION_PROGRESS,NONE,NONE
MPLADS-001272,20.23,37.96,0,10.9,81.3,92.2,27.0,0.0,0.0023,0.0,NORMAL_EXECUTION_PROGRESS,NONE,NONE
MPLADS-001273,8.2,13.52,0,-4.9,93.7,88.8,19.0,0.0,0.0018,0.0,NORMAL_EXECUTION_PROGRESS,NONE,NONE
MPLADS-001274,16.76,31.08,0,7.9,83.8,91.7,17.0,0.0,0.0074,0.0,NORMAL_EXECUTION_PROGRESS,NONE,NONE
MPLADS-001275,5.56,8.38,0,2.4,89.2,91.6,3.0,0.0,0.0002,0.0,NORMAL_EXECUTION_PROGRESS,NONE,NONE
MPLADS-001276,6.8,10.8,0,6.4,84.7,91.1,14.0,0.0,0.0058,0.0,NORMAL_EXECUTION_PROGRESS,NONE,NONE
MPLADS-001277,39.81,71.72,0,-1.9,88.6,86.7,13.0,0.0,0.0122,0.0,NORMAL_EXECUTION_PROGRESS,NONE,NONE
MPLADS-001278,15.68,28.86,0,6.1,80.0,86.1,0.0,0.0,0.0,0.0,NORMAL_EXECUTION_PROGRESS,NONE,NONE
MPLADS-001279,23.02,43.32,0,13.9,76.3,90.2,22.0,0.0,0.002,0.0,NORMAL_EXECUTION_PROGRESS,NONE,NONE
MPLADS-001280,69.58,90.24,0,67.7,22.4,90.1,0.0,0.0,0.0,75.0,SEVERE_PHYSICAL_FINANCIAL_GAP,INSPECTION_DOCUMENTATION_DEFICIT,NONE
MPLADS-001281,95.5,99.24,1,100.0,0.0,100.0,8.0,1.0,0.0219,75.0,GHOST_WORK_EXECUTION_DIVERGENCE,SEVERE_PHYSICAL_FINANCIAL_GAP,ABANDONED_WORK_SUSPICION
MPLADS-001282,1.67,1.38,0,2.7,89.1,91.8,10.0,0.0,0.002,0.0,NORMAL_EXECUTION_PROGRESS,NONE,NONE
MPLADS-001283,14.52,26.42,0,12.8,85.0,97.8,33.0,0.0,0.01,0.0,NORMAL_EXECUTION_PROGRESS,NONE,NONE
MPLADS-001284,7.91,12.92,0,18.2,76.7,94.9,18.0,0.0,0.0071,0.0,NORMAL_EXECUTION_PROGRESS,NONE,NONE
MPLADS-001285,74.73,93.66,0,63.9,34.7,98.6,0.0,0.0,0.0,75.0,SEVERE_PHYSICAL_FINANCIAL_GAP,INSPECTION_DOCUMENTATION_DEFICIT,NONE
MPLADS-001286,30.42,56.64,0,-8.2,99.8,91.6,1.0,0.0,0.0,0.0,NORMAL_EXECUTION_PROGRESS,NONE,NONE
MPLADS-001287,44.23,77.6,0,-8.2,98.7,90.5,0.0,0.0,0.0,0.0,NORMAL_EXECUTION_PROGRESS,NONE,NONE
MPLADS-001288,79.67,95.7,1,13.2,78.9,92.1,19.0,0.0,0.0057,0.0,INSPECTION_DOCUMENTATION_DEFICIT,NONE,NONE
MPLADS-001289,5.06,7.4,0,15.7,75.7,91.4,9.0,0.0,0.0013,0.0,NORMAL_EXECUTION_PROGRESS,NONE,NONE
MPLADS-001290,41.05,73.5,0,-5.2,99.3,94.1,0.0,0.0,0.0,0.0,NORMAL_EXECUTION_PROGRESS,NONE,NONE
MPLADS-001291,17.83,33.2,0,-1.1,88.3,87.2,0.0,0.0,0.0,0.0,NORMAL_EXECUTION_PROGRESS,NONE,NONE
MPLADS-001292,3.32,4.14,0,7.7,81.4,89.1,14.0,0.0,0.0047,0.0,NORMAL_EXECUTION_PROGRESS,NONE,NONE
MPLADS-001293,32.93,60.86,0,9.8,76.2,86.0,0.0,0.0,0.0,0.0,NORMAL_EXECUTION_PROGRESS,NONE,NONE
MPLADS-001294,4.56,6.46,0,14.0,81.0,95.0,8.0,0.0,0.0017,0.0,NORMAL_EXECUTION_PROGRESS,NONE,NONE
MPLADS-001295,11.19,19.66,0,-1.8,90.0,88.2,25.0,0.0,0.0052,0.0,NORMAL_EXECUTION_PROGRESS,NONE,NONE
MPLADS-001296,31.74,58.92,0,-8.1,93.3,85.2,0.0,0.0,0.0,0.0,NORMAL_EXECUTION_PROGRESS,NONE,NONE
MPLADS-001297,11.67,20.66,0,-4.3,92.8,88.5,5.0,0.0,0.0016,0.0,NORMAL_EXECUTION_PROGRESS,NONE,NONE
MPLADS-001298,19.15,35.82,0,-8.4,95.0,86.6,7.0,0.0,0.0021,0.0,NORMAL_EXECUTION_PROGRESS,NONE,NONE
MPLADS-001299,21.4,40.2,0,9.7,79.2,88.9,0.0,0.0,0.0,0.0,NORMAL_EXECUTION_PROGRESS,NONE,NONE
MPLADS-001300,43.82,77.12,0,-2.9,98.6,95.7,13.0,0.0,0.0002,0.0,NORMAL_EXECUTION_PROGRESS,NONE,NONE
MPLADS-001301,5.43,8.12,0,3.7,82.2,85.9,10.0,0.0,0.0032,0.0,NORMAL_EXECUTION_PROGRESS,NONE,NONE
MPLADS-001302,15.87,29.24,0,4.4,91.2,95.6,0.0,0.0,0.0,0.0,NORMAL_EXECUTION_PROGRESS,NONE,NONE
MPLADS-001303,42.79,75.8,0,17.2,74.4,91.6,0.0,0.0,0.0,0.0,NORMAL_EXECUTION_PROGRESS,NONE,NONE
MPLADS-001304,67.64,88.76,0,60.5,33.0,93.5,11.0,0.0,0.0108,75.0,SEVERE_PHYSICAL_FINANCIAL_GAP,INSPECTION_DOCUMENTATION_DEFICIT,NONE
MPLADS-001305,46.33,79.9,0,14.4,79.5,93.9,30.0,0.0,0.0326,0.0,NORMAL_EXECUTION_PROGRESS,NONE,NONE
MPLADS-001306,83.41,97.46,1,-2.5,93.1,90.6,0.0,0.0,0.0,0.0,INSPECTION_DOCUMENTATION_DEFICIT,NONE,NONE
MPLADS-001307,1.26,0.88,0,4.8,86.4,91.2,1.0,0.0,0.0002,0.0,NORMAL_EXECUTION_PROGRESS,NONE,NONE
MPLADS-001308,4.95,7.18,0,2.5,88.6,91.1,3.0,0.0,0.0007,0.0,NORMAL_EXECUTION_PROGRESS,NONE,NONE
MPLADS-001309,50.42,82.84,0,-1.6,98.5,96.9,0.0,0.0,0.0,0.0,NORMAL_EXECUTION_PROGRESS,NONE,NONE
MPLADS-001310,70.36,90.96,0,58.9,34.6,93.5,0.0,0.0,0.0,75.0,SEVERE_PHYSICAL_FINANCIAL_GAP,INSPECTION_DOCUMENTATION_DEFICIT,NONE
MPLADS-001311,35.75,65.5,0,13.1,83.5,96.6,0.0,0.0,0.0,0.0,NORMAL_EXECUTION_PROGRESS,NONE,NONE
MPLADS-001312,7.2,11.56,0,17.7,78.8,96.5,9.0,0.0,0.0031,0.0,NORMAL_EXECUTION_PROGRESS,NONE,NONE
MPLADS-001313,32.19,59.68,0,1.7,86.5,88.2,28.0,0.0,0.0125,0.0,NORMAL_EXECUTION_PROGRESS,NONE,NONE
MPLADS-001314,7.15,11.46,0,3.9,92.3,96.2,19.0,0.0,0.0034,0.0,NORMAL_EXECUTION_PROGRESS,NONE,NONE
MPLADS-001315,13.09,23.52,0,-0.5,88.1,87.6,0.0,0.0,0.0,0.0,NORMAL_EXECUTION_PROGRESS,NONE,NONE
MPLADS-001316,24.92,47.02,0,-3.5,98.9,95.4,29.0,0.0,0.0075,0.0,NORMAL_EXECUTION_PROGRESS,NONE,NONE
MPLADS-001317,34.6,63.6,0,7.3,88.1,95.4,0.0,0.0,0.0,0.0,NORMAL_EXECUTION_PROGRESS,NONE,NONE
MPLADS-001318,12.58,22.46,0,5.6,82.4,88.0,15.0,0.0,0.005,0.0,NORMAL_EXECUTION_PROGRESS,NONE,NONE
MPLADS-001319,25.26,47.62,0,-6.9,93.8,86.9,33.0,0.0,0.01,0.0,NORMAL_EXECUTION_PROGRESS,NONE,NONE
MPLADS-001320,26.89,50.6,0,19.8,76.4,96.2,0.0,0.0,0.0,0.0,NORMAL_EXECUTION_PROGRESS,NONE,NONE
MPLADS-001321,31.83,59.08,0,-5.8,96.6,90.8,21.0,0.0,0.0007,0.0,NORMAL_EXECUTION_PROGRESS,NONE,NONE
MPLADS-001322,82.72,97.26,1,18.0,75.0,93.0,20.0,0.0,0.0084,0.0,INSPECTION_DOCUMENTATION_DEFICIT,NONE,NONE
MPLADS-001323,25.61,48.3,0,14.3,72.8,87.1,4.0,0.0,0.0002,0.0,NORMAL_EXECUTION_PROGRESS,NONE,NONE
MPLADS-001324,37.2,67.84,0,2.4,90.7,93.1,10.0,0.0,0.0091,0.0,NORMAL_EXECUTION_PROGRESS,NONE,NONE
MPLADS-001325,18.36,34.24,0,14.6,83.1,97.7,0.0,0.0,0.0,0.0,NORMAL_EXECUTION_PROGRESS,NONE,NONE
MPLADS-001326,73.3,92.84,0,68.1,25.7,93.8,15.0,0.0,0.0074,75.0,SEVERE_PHYSICAL_FINANCIAL_GAP,INSPECTION_DOCUMENTATION_DEFICIT,NONE
MPLADS-001327,87.17,98.74,1,22.6,70.7,93.3,14.0,0.0,0.0003,0.0,INSPECTION_DOCUMENTATION_DEFICIT,NONE,NONE
MPLADS-001328,24.22,45.68,0,-6.7,95.7,89.0,9.0,0.0,0.0006,0.0,NORMAL_EXECUTION_PROGRESS,NONE,NONE
MPLADS-001329,36.76,67.18,0,4.9,89.2,94.1,6.0,0.0,0.0055,0.0,NORMAL_EXECUTION_PROGRESS,NONE,NONE
MPLADS-001330,45.67,79.08,0,21.3,73.2,94.5,0.0,0.0,0.0,0.0,NORMAL_EXECUTION_PROGRESS,NONE,NONE
MPLADS-001331,33.36,61.54,0,0.1,89.9,90.0,0.0,0.0,0.0,0.0,NORMAL_EXECUTION_PROGRESS,NONE,NONE
MPLADS-001332,8.29,13.68,0,10.0,82.6,92.6,0.0,0.0,0.0,0.0,NORMAL_EXECUTION_PROGRESS,NONE,NONE
MPLADS-001333,49.34,82.26,0,4.5,92.4,96.9,0.0,0.0,0.0,0.0,NORMAL_EXECUTION_PROGRESS,NONE,NONE
MPLADS-001334,22.66,42.68,0,0.3,86.8,87.1,29.0,0.0,0.008,0.0,NORMAL_EXECUTION_PROGRESS,NONE,NONE
MPLADS-001335,30.38,56.58,0,21.9,71.2,93.1,29.0,0.0,0.004,0.0,NORMAL_EXECUTION_PROGRESS,NONE,NONE
MPLADS-001336,9.52,16.18,0,13.0,76.5,89.5,11.0,0.0,0.0053,0.0,NORMAL_EXECUTION_PROGRESS,NONE,NONE
MPLADS-001337,17.55,32.62,0,18.5,70.9,89.4,5.0,0.0,0.0008,0.0,NORMAL_EXECUTION_PROGRESS,NONE,NONE
MPLADS-001338,60.12,85.92,0,64.2,71.1,135.3,3.0,0.0,0.0009,75.0,SEVERE_PHYSICAL_FINANCIAL_GAP,NONE,NONE
MPLADS-001339,34.65,63.68,0,-4.4,92.5,88.1,17.0,0.0,0.0003,0.0,NORMAL_EXECUTION_PROGRESS,NONE,NONE
MPLADS-001340,14.25,25.88,0,10.1,78.4,88.5,14.0,0.0,0.0067,0.0,NORMAL_EXECUTION_PROGRESS,NONE,NONE
MPLADS-001341,20.36,38.2,0,-1.7,88.0,86.3,30.0,0.0,0.0044,0.0,NORMAL_EXECUTION_PROGRESS,NONE,NONE
MPLADS-001342,19.38,36.28,0,18.3,75.3,93.6,27.0,0.0,0.012,0.0,NORMAL_EXECUTION_PROGRESS,NONE,NONE
MPLADS-001343,17.51,32.54,0,9.3,78.3,87.6,19.0,0.0,0.0014,0.0,NORMAL_EXECUTION_PROGRESS,NONE,NONE
MPLADS-001344,32.34,59.92,0,-5.9,99.4,93.5,24.0,0.0,0.0008,0.0,NORMAL_EXECUTION_PROGRESS,NONE,NONE
MPLADS-001345,21.15,39.72,0,-10.0,96.8,86.8,0.0,0.0,0.0,0.0,NORMAL_EXECUTION_PROGRESS,NONE,NONE
MPLADS-001346,68.33,89.3,0,71.2,23.2,94.4,8.0,0.0,0.0105,75.0,SEVERE_PHYSICAL_FINANCIAL_GAP,INSPECTION_DOCUMENTATION_DEFICIT,NONE
MPLADS-001347,33.77,62.22,0,7.8,89.6,97.4,5.0,0.0,0.0045,0.0,NORMAL_EXECUTION_PROGRESS,NONE,NONE
MPLADS-001348,15.36,28.18,0,-4.5,96.1,91.6,25.0,0.0,0.0044,0.0,NORMAL_EXECUTION_PROGRESS,NONE,NONE
MPLADS-001349,37.35,68.06,0,-1.7,96.0,94.3,1.0,0.0,0.0008,0.0,NORMAL_EXECUTION_PROGRESS,NONE,NONE
MPLADS-001350,17.49,32.5,0,8.3,84.8,93.1,28.0,0.0,0.008,0.0,NORMAL_EXECUTION_PROGRESS,NONE,NONE
MPLADS-001351,12.13,21.58,0,19.3,78.0,97.3,0.0,0.0,0.0,0.0,NORMAL_EXECUTION_PROGRESS,NONE,NONE
MPLADS-001352,88.87,98.96,1,49.3,43.8,93.1,540.0,0.0,1.0916,75.0,EXTREME_DURATION_OVERRUN,SEVERE_PHYSICAL_FINANCIAL_GAP,STALLED_EXECUTION_TRAJECTORY
MPLADS-001353,13.48,24.32,0,2.7,83.7,86.4,0.0,0.0,0.0,0.0,NORMAL_EXECUTION_PROGRESS,NONE,NONE
MPLADS-001354,45.82,79.24,0,-8.5,93.7,85.2,1.0,0.0,0.0,0.0,NORMAL_EXECUTION_PROGRESS,NONE,NONE
MPLADS-001355,47.3,80.74,0,-4.5,95.8,91.3,33.0,0.0,0.0299,0.0,NORMAL_EXECUTION_PROGRESS,NONE,NONE
MPLADS-001356,9.94,17.08,0,-6.0,91.4,85.4,3.0,0.0,0.0004,0.0,NORMAL_EXECUTION_PROGRESS,NONE,NONE
MPLADS-001357,8.62,14.36,0,16.2,73.5,89.7,0.0,0.0,0.0,0.0,NORMAL_EXECUTION_PROGRESS,NONE,NONE
MPLADS-001358,36.48,66.7,0,13.5,78.5,92.0,34.0,0.0,0.0014,0.0,NORMAL_EXECUTION_PROGRESS,NONE,NONE
MPLADS-001359,16.87,31.28,0,-6.9,95.7,88.8,0.0,0.0,0.0,0.0,NORMAL_EXECUTION_PROGRESS,NONE,NONE
MPLADS-001360,40.61,72.86,0,-8.3,96.8,88.5,7.0,0.0,0.0001,0.0,NORMAL_EXECUTION_PROGRESS,NONE,NONE
MPLADS-001361,18.54,34.6,0,11.1,81.7,92.8,29.0,0.0,0.0144,0.0,NORMAL_EXECUTION_PROGRESS,NONE,NONE
MPLADS-001362,3.53,4.54,0,0.6,90.3,90.9,10.0,0.0,0.0016,0.0,NORMAL_EXECUTION_PROGRESS,NONE,NONE
MPLADS-001363,60.16,85.94,0,69.4,71.5,140.9,11.0,0.0,0.0033,75.0,SEVERE_PHYSICAL_FINANCIAL_GAP,NONE,NONE
MPLADS-001364,67.58,88.72,0,46.8,20.3,67.1,28.0,0.0,0.0386,50.0,SEVERE_PHYSICAL_FINANCIAL_GAP,NONE,NONE
MPLADS-001365,19.76,37.02,0,11.9,74.1,86.0,24.0,0.0,0.0025,0.0,NORMAL_EXECUTION_PROGRESS,NONE,NONE
MPLADS-001366,21.82,41.06,0,-2.7,97.1,94.4,0.0,0.0,0.0,0.0,NORMAL_EXECUTION_PROGRESS,NONE,NONE
MPLADS-001367,16.52,30.56,0,-0.1,86.2,86.1,0.0,0.0,0.0,0.0,NORMAL_EXECUTION_PROGRESS,NONE,NONE
MPLADS-001368,26.61,50.12,0,14.6,77.2,91.8,31.0,0.0,0.0171,0.0,NORMAL_EXECUTION_PROGRESS,NONE,NONE
MPLADS-001369,23.31,43.9,0,8.4,76.8,85.2,33.0,0.0,0.0124,0.0,NORMAL_EXECUTION_PROGRESS,NONE,NONE
MPLADS-001370,34.31,63.12,0,1.2,93.0,94.2,6.0,0.0,0.0001,0.0,NORMAL_EXECUTION_PROGRESS,NONE,NONE
MPLADS-001371,30.75,57.24,0,-6.9,98.6,91.7,0.0,0.0,0.0,0.0,NORMAL_EXECUTION_PROGRESS,NONE,NONE
MPLADS-001372,66.48,88.24,0,78.1,74.0,152.1,18.0,0.0,0.0034,75.0,SEVERE_PHYSICAL_FINANCIAL_GAP,NONE,NONE
MPLADS-001373,20.5,38.5,0,9.2,84.1,93.3,18.0,0.0,0.001,0.0,NORMAL_EXECUTION_PROGRESS,NONE,NONE
MPLADS-001374,34.0,62.6,0,15.5,81.4,96.9,6.0,0.0,0.006,0.0,NORMAL_EXECUTION_PROGRESS,NONE,NONE
MPLADS-001375,48.19,81.44,0,-6.4,98.7,92.3,25.0,0.0,0.0005,0.0,NORMAL_EXECUTION_PROGRESS,NONE,NONE
MPLADS-001376,81.87,97.02,1,-0.8,91.6,90.8,33.0,0.0,0.0084,0.0,INSPECTION_DOCUMENTATION_DEFICIT,NONE,NONE
MPLADS-001377,16.13,29.78,0,3.0,94.7,97.7,18.0,0.0,0.0062,0.0,NORMAL_EXECUTION_PROGRESS,NONE,NONE
MPLADS-001378,22.3,41.94,0,0.4,89.8,90.2,13.0,0.0,0.0005,0.0,NORMAL_EXECUTION_PROGRESS,NONE,NONE
MPLADS-001379,44.37,77.82,0,8.8,81.1,89.9,0.0,0.0,0.0,0.0,NORMAL_EXECUTION_PROGRESS,NONE,NONE
MPLADS-001380,10.31,17.84,0,9.6,81.9,91.5,3.0,0.0,0.0001,0.0,NORMAL_EXECUTION_PROGRESS,NONE,NONE
MPLADS-001381,26.05,49.1,0,20.8,70.2,91.0,0.0,0.0,0.0,0.0,NORMAL_EXECUTION_PROGRESS,NONE,NONE
MPLADS-001382,25.06,47.28,0,-8.1,93.5,85.4,31.0,0.0,0.0073,0.0,NORMAL_EXECUTION_PROGRESS,NONE,NONE
MPLADS-001383,53.03,83.86,0,46.3,88.9,135.2,1.0,0.0,0.0002,50.0,NORMAL_EXECUTION_PROGRESS,NONE,NONE
MPLADS-001384,15.99,29.5,0,4.5,83.0,87.5,0.0,0.0,0.0,0.0,NORMAL_EXECUTION_PROGRESS,NONE,NONE
MPLADS-001385,83.7,97.56,1,14.1,73.5,87.6,33.0,0.0,0.0161,0.0,INSPECTION_DOCUMENTATION_DEFICIT,NONE,NONE
MPLADS-001386,46.55,80.02,0,-3.7,90.3,86.6,29.0,0.0,0.0005,0.0,NORMAL_EXECUTION_PROGRESS,NONE,NONE
MPLADS-001387,27.8,52.22,0,-9.4,99.4,90.0,21.0,0.0,0.0031,0.0,NORMAL_EXECUTION_PROGRESS,NONE,NONE
MPLADS-001388,66.11,88.02,0,73.0,78.3,151.3,19.0,0.0,0.0073,75.0,SEVERE_PHYSICAL_FINANCIAL_GAP,NONE,NONE
MPLADS-001389,0.88,0.48,0,12.1,78.3,90.4,3.0,0.0,0.0007,0.0,NORMAL_EXECUTION_PROGRESS,NONE,NONE
MPLADS-001390,46.16,79.7,0,-11.4,99.0,87.6,0.0,0.0,0.0,0.0,NORMAL_EXECUTION_PROGRESS,NONE,NONE
MPLADS-001391,46.3,79.88,0,10.6,86.5,97.1,30.0,0.0,0.0301,0.0,NORMAL_EXECUTION_PROGRESS,NONE,NONE
MPLADS-001392,21.69,40.82,0,7.9,80.1,88.0,26.0,0.0,0.0023,0.0,NORMAL_EXECUTION_PROGRESS,NONE,NONE
MPLADS-001393,65.03,87.46,0,54.7,99.0,153.7,0.0,0.0,0.0,75.0,SEVERE_PHYSICAL_FINANCIAL_GAP,NONE,NONE
MPLADS-001394,42.89,75.96,0,0.8,90.5,91.3,17.0,0.0,0.0157,0.0,NORMAL_EXECUTION_PROGRESS,NONE,NONE
MPLADS-001395,69.18,89.88,0,55.9,34.6,90.5,0.0,0.0,0.0,75.0,SEVERE_PHYSICAL_FINANCIAL_GAP,INSPECTION_DOCUMENTATION_DEFICIT,NONE
MPLADS-001396,77.67,94.74,0,34.5,54.4,88.9,180.0,0.0,0.1587,50.0,SEVERE_PHYSICAL_FINANCIAL_GAP,NONE,NONE
MPLADS-001397,30.34,56.5,0,-4.4,99.3,94.9,30.0,0.0,0.0052,0.0,NORMAL_EXECUTION_PROGRESS,NONE,NONE
MPLADS-001398,33.59,61.92,0,14.4,75.8,90.2,0.0,0.0,0.0,0.0,NORMAL_EXECUTION_PROGRESS,NONE,NONE
MPLADS-001399,4.41,6.14,0,3.9,89.4,93.3,16.0,0.0,0.0016,0.0,NORMAL_EXECUTION_PROGRESS,NONE,NONE
MPLADS-001400,96.64,99.6,1,100.0,0.0,100.0,12.0,1.0,0.0329,75.0,GHOST_WORK_EXECUTION_DIVERGENCE,SEVERE_PHYSICAL_FINANCIAL_GAP,ABANDONED_WORK_SUSPICION
MPLADS-001401,18.5,34.52,0,18.2,71.1,89.3,0.0,0.0,0.0,0.0,NORMAL_EXECUTION_PROGRESS,NONE,NONE
MPLADS-001402,21.28,39.98,0,15.1,70.9,86.0,0.0,0.0,0.0,0.0,NORMAL_EXECUTION_PROGRESS,NONE,NONE
MPLADS-001403,71.26,91.6,0,37.4,48.8,86.2,120.0,0.0,0.0848,50.0,SEVERE_PHYSICAL_FINANCIAL_GAP,NONE,NONE
MPLADS-001404,38.81,70.28,0,7.1,90.8,97.9,16.0,0.0,0.0003,0.0,NORMAL_EXECUTION_PROGRESS,NONE,NONE
MPLADS-001405,13.66,24.68,0,11.9,85.5,97.4,0.0,0.0,0.0,0.0,NORMAL_EXECUTION_PROGRESS,NONE,NONE
MPLADS-001406,38.53,69.88,0,18.0,75.0,93.0,28.0,0.0,0.0011,0.0,NORMAL_EXECUTION_PROGRESS,NONE,NONE
MPLADS-001407,71.54,91.84,0,62.1,31.3,93.4,18.0,0.0,0.0066,75.0,SEVERE_PHYSICAL_FINANCIAL_GAP,INSPECTION_DOCUMENTATION_DEFICIT,NONE
MPLADS-001408,34.87,64.04,0,5.6,81.7,87.3,11.0,0.0,0.0112,0.0,NORMAL_EXECUTION_PROGRESS,NONE,NONE
MPLADS-001409,29.28,54.76,0,23.0,70.3,93.3,12.0,0.0,0.0023,0.0,NORMAL_EXECUTION_PROGRESS,NONE,NONE
MPLADS-001410,25.46,48.0,0,16.3,70.3,86.6,0.0,0.0,0.0,0.0,NORMAL_EXECUTION_PROGRESS,NONE,NONE
MPLADS-001411,77.0,94.52,0,34.3,55.3,89.6,320.0,0.0,0.4928,75.0,EXTREME_DURATION_OVERRUN,STALLED_EXECUTION_TRAJECTORY,SEVERE_PHYSICAL_FINANCIAL_GAP
MPLADS-001412,35.08,64.38,0,-7.8,95.0,87.2,25.0,0.0,0.0011,0.0,NORMAL_EXECUTION_PROGRESS,NONE,NONE
MPLADS-001413,22.72,42.8,0,2.9,86.7,89.6,26.0,0.0,0.0017,0.0,NORMAL_EXECUTION_PROGRESS,NONE,NONE
MPLADS-001414,83.45,97.48,1,-1.4,92.4,91.0,25.0,0.0,0.0012,0.0,INSPECTION_DOCUMENTATION_DEFICIT,NONE,NONE
MPLADS-001415,26.52,49.96,0,-12.9,98.3,85.4,10.0,0.0,0.0015,0.0,NORMAL_EXECUTION_PROGRESS,NONE,NONE
MPLADS-001416,40.37,72.5,0,5.4,92.3,97.7,20.0,0.0,0.0004,0.0,NORMAL_EXECUTION_PROGRESS,NONE,NONE
MPLADS-001417,14.74,26.9,0,6.0,84.9,90.9,9.0,0.0,0.0003,0.0,NORMAL_EXECUTION_PROGRESS,NONE,NONE
MPLADS-001418,19.44,36.4,0,-4.0,94.5,90.5,0.0,0.0,0.0,0.0,NORMAL_EXECUTION_PROGRESS,NONE,NONE
MPLADS-001419,68.93,89.66,0,69.4,26.2,95.6,23.0,0.0,0.0252,75.0,SEVERE_PHYSICAL_FINANCIAL_GAP,INSPECTION_DOCUMENTATION_DEFICIT,NONE
MPLADS-001420,72.29,92.28,0,64.4,30.7,95.1,0.0,0.0,0.0,75.0,SEVERE_PHYSICAL_FINANCIAL_GAP,INSPECTION_DOCUMENTATION_DEFICIT,NONE
MPLADS-001421,44.53,78.02,0,0.8,89.4,90.2,0.0,0.0,0.0,0.0,NORMAL_EXECUTION_PROGRESS,NONE,NONE
MPLADS-001422,6.62,10.42,0,9.4,79.5,88.9,2.0,0.0,0.0004,0.0,NORMAL_EXECUTION_PROGRESS,NONE,NONE
MPLADS-001423,71.5,91.82,0,60.7,32.2,92.9,18.0,0.0,0.0243,75.0,SEVERE_PHYSICAL_FINANCIAL_GAP,INSPECTION_DOCUMENTATION_DEFICIT,NONE
MPLADS-001424,39.97,71.98,0,-2.1,95.1,93.0,24.0,0.0,0.0004,0.0,NORMAL_EXECUTION_PROGRESS,NONE,NONE
MPLADS-001425,35.73,65.46,0,26.1,70.2,96.3,1.0,0.0,0.0002,0.0,NORMAL_EXECUTION_PROGRESS,NONE,NONE
MPLADS-001426,31.65,58.76,0,23.3,72.6,95.9,0.0,0.0,0.0,0.0,NORMAL_EXECUTION_PROGRESS,NONE,NONE
MPLADS-001427,24.66,46.54,0,6.4,85.1,91.5,0.0,0.0,0.0,0.0,NORMAL_EXECUTION_PROGRESS,NONE,NONE
MPLADS-001428,30.18,56.26,0,24.4,73.0,97.4,0.0,0.0,0.0,0.0,NORMAL_EXECUTION_PROGRESS,NONE,NONE
MPLADS-001429,17.39,32.3,0,7.0,81.6,88.6,0.0,0.0,0.0,0.0,NORMAL_EXECUTION_PROGRESS,NONE,NONE
MPLADS-001430,16.84,31.22,0,10.3,77.5,87.8,13.0,0.0,0.0008,0.0,NORMAL_EXECUTION_PROGRESS,NONE,NONE
MPLADS-001431,23.04,43.36,0,-5.3,98.9,93.6,0.0,0.0,0.0,0.0,NORMAL_EXECUTION_PROGRESS,NONE,NONE
MPLADS-001432,16.05,29.62,0,8.9,79.6,88.5,0.0,0.0,0.0,0.0,NORMAL_EXECUTION_PROGRESS,NONE,NONE
MPLADS-001433,5.77,8.76,0,0.4,86.9,87.3,10.0,0.0,0.0018,0.0,NORMAL_EXECUTION_PROGRESS,NONE,NONE
MPLADS-001434,26.33,49.62,0,8.2,86.9,95.1,0.0,0.0,0.0,0.0,NORMAL_EXECUTION_PROGRESS,NONE,NONE
MPLADS-001435,30.79,57.3,0,-5.3,95.7,90.4,0.0,0.0,0.0,0.0,NORMAL_EXECUTION_PROGRESS,NONE,NONE
MPLADS-001436,3.89,5.16,0,8.4,87.4,95.8,7.0,0.0,0.0006,0.0,NORMAL_EXECUTION_PROGRESS,NONE,NONE
MPLADS-001437,44.25,77.64,0,6.9,83.5,90.4,0.0,0.0,0.0,0.0,NORMAL_EXECUTION_PROGRESS,NONE,NONE
MPLADS-001438,32.22,59.72,0,14.2,78.4,92.6,5.0,0.0,0.0052,0.0,NORMAL_EXECUTION_PROGRESS,NONE,NONE
MPLADS-001439,5.34,7.92,0,0.5,91.7,92.2,10.0,0.0,0.0025,0.0,NORMAL_EXECUTION_PROGRESS,NONE,NONE
MPLADS-001440,69.39,90.04,0,54.9,33.7,88.6,0.0,0.0,0.0,75.0,SEVERE_PHYSICAL_FINANCIAL_GAP,INSPECTION_DOCUMENTATION_DEFICIT,NONE
MPLADS-001441,2.47,2.72,0,-3.9,92.9,89.0,11.0,0.0,0.0017,0.0,NORMAL_EXECUTION_PROGRESS,NONE,NONE
MPLADS-001442,21.04,39.52,0,18.7,74.6,93.3,0.0,0.0,0.0,0.0,NORMAL_EXECUTION_PROGRESS,NONE,NONE
MPLADS-001443,40.21,72.32,0,-1.7,97.0,95.3,10.0,0.0,0.0002,0.0,NORMAL_EXECUTION_PROGRESS,NONE,NONE
MPLADS-001444,15.6,28.7,0,-3.8,94.5,90.7,3.0,0.0,0.0005,0.0,NORMAL_EXECUTION_PROGRESS,NONE,NONE
MPLADS-001445,74.87,93.76,0,38.3,51.2,89.5,240.0,0.0,0.3229,75.0,EXTREME_DURATION_OVERRUN,SEVERE_PHYSICAL_FINANCIAL_GAP,STALLED_EXECUTION_TRAJECTORY
MPLADS-001446,7.36,11.9,0,4.5,84.1,88.6,11.0,0.0,0.0012,0.0,NORMAL_EXECUTION_PROGRESS,NONE,NONE
MPLADS-001447,83.49,97.5,1,4.5,91.2,95.7,30.0,0.0,0.0018,0.0,INSPECTION_DOCUMENTATION_DEFICIT,NONE,NONE
MPLADS-001448,30.72,57.18,0,-10.2,99.5,89.3,7.0,0.0,0.001,0.0,NORMAL_EXECUTION_PROGRESS,NONE,NONE
MPLADS-001449,14.75,26.92,0,19.0,76.6,95.6,29.0,0.0,0.0061,0.0,NORMAL_EXECUTION_PROGRESS,NONE,NONE
MPLADS-001450,1.93,1.8,0,8.8,80.7,89.5,1.0,0.0,0.0002,0.0,NORMAL_EXECUTION_PROGRESS,NONE,NONE
MPLADS-001451,16.37,30.28,0,1.9,91.1,93.0,31.0,0.0,0.0098,0.0,NORMAL_EXECUTION_PROGRESS,NONE,NONE
MPLADS-001452,20.11,37.74,0,16.8,75.7,92.5,24.0,0.0,0.0103,0.0,NORMAL_EXECUTION_PROGRESS,NONE,NONE
MPLADS-001453,10.34,17.9,0,13.2,82.2,95.4,12.0,0.0,0.0052,0.0,NORMAL_EXECUTION_PROGRESS,NONE,NONE
MPLADS-001454,31.58,58.66,0,-7.0,94.2,87.2,30.0,0.0,0.0016,0.0,NORMAL_EXECUTION_PROGRESS,NONE,NONE
MPLADS-001455,53.35,84.0,0,-1.8,87.8,86.0,0.0,0.0,0.0,0.0,NORMAL_EXECUTION_PROGRESS,NONE,NONE
MPLADS-001456,34.49,63.42,0,16.2,73.0,89.2,0.0,0.0,0.0,0.0,NORMAL_EXECUTION_PROGRESS,NONE,NONE
MPLADS-001457,10.61,18.46,0,5.0,83.9,88.9,0.0,0.0,0.0,0.0,NORMAL_EXECUTION_PROGRESS,NONE,NONE
MPLADS-001458,45.18,78.64,0,-0.6,93.8,93.2,26.0,0.0,0.0005,0.0,NORMAL_EXECUTION_PROGRESS,NONE,NONE
MPLADS-001459,46.58,80.04,0,31.9,95.0,126.9,33.0,0.0,0.0077,50.0,NORMAL_EXECUTION_PROGRESS,NONE,NONE
MPLADS-001460,51.04,83.12,0,-5.6,96.0,90.4,0.0,0.0,0.0,0.0,NORMAL_EXECUTION_PROGRESS,NONE,NONE
MPLADS-001461,66.08,88.0,0,65.3,23.9,89.2,7.0,0.0,0.009,75.0,SEVERE_PHYSICAL_FINANCIAL_GAP,INSPECTION_DOCUMENTATION_DEFICIT,NONE
MPLADS-001462,7.44,12.04,0,15.8,80.6,96.4,6.0,0.0,0.0012,0.0,NORMAL_EXECUTION_PROGRESS,NONE,NONE
MPLADS-001463,5.83,8.86,0,11.2,77.2,88.4,13.0,0.0,0.0038,0.0,NORMAL_EXECUTION_PROGRESS,NONE,NONE
MPLADS-001464,57.02,85.04,0,54.7,85.7,140.4,19.0,0.0,0.0041,75.0,NORMAL_EXECUTION_PROGRESS,NONE,NONE
MPLADS-001465,43.42,76.7,0,0.7,92.0,92.7,3.0,0.0,0.0026,0.0,NORMAL_EXECUTION_PROGRESS,NONE,NONE
MPLADS-001466,70.02,90.68,0,44.4,13.3,57.7,24.0,0.0,0.0414,50.0,SEVERE_PHYSICAL_FINANCIAL_GAP,ABANDONED_WORK_SUSPICION,NONE
MPLADS-001467,0.59,0.24,0,10.8,81.8,92.6,0.0,0.0,0.0,0.0,NORMAL_EXECUTION_PROGRESS,NONE,NONE
MPLADS-001468,21.49,40.4,0,-9.0,94.3,85.3,0.0,0.0,0.0,0.0,NORMAL_EXECUTION_PROGRESS,NONE,NONE
MPLADS-001469,42.07,74.9,0,-2.2,88.6,86.4,29.0,0.0,0.0283,0.0,NORMAL_EXECUTION_PROGRESS,NONE,NONE
MPLADS-001470,69.63,90.3,0,69.5,89.4,158.9,3.0,0.0,0.0001,75.0,SEVERE_PHYSICAL_FINANCIAL_GAP,NONE,NONE
MPLADS-001471,42.94,76.04,0,6.4,88.5,94.9,25.0,0.0,0.0005,0.0,NORMAL_EXECUTION_PROGRESS,NONE,NONE
MPLADS-001472,4.81,6.9,0,7.7,86.2,93.9,0.0,0.0,0.0,0.0,NORMAL_EXECUTION_PROGRESS,NONE,NONE
MPLADS-001473,6.74,10.66,0,5.6,90.5,96.1,1.0,0.0,0.0003,0.0,NORMAL_EXECUTION_PROGRESS,NONE,NONE
MPLADS-001474,13.8,24.98,0,-2.3,87.7,85.4,12.0,0.0,0.0004,0.0,NORMAL_EXECUTION_PROGRESS,NONE,NONE
MPLADS-001475,5.0,7.28,0,11.5,84.4,95.9,20.0,0.0,0.0027,0.0,NORMAL_EXECUTION_PROGRESS,NONE,NONE
MPLADS-001476,23.28,43.82,0,9.2,88.2,97.4,28.0,0.0,0.0092,0.0,NORMAL_EXECUTION_PROGRESS,NONE,NONE
MPLADS-001477,4.94,7.16,0,16.3,76.8,93.1,0.0,0.0,0.0,0.0,NORMAL_EXECUTION_PROGRESS,NONE,NONE
MPLADS-001478,15.36,28.2,0,13.8,74.9,88.7,0.0,0.0,0.0,0.0,NORMAL_EXECUTION_PROGRESS,NONE,NONE
MPLADS-001479,16.36,30.24,0,17.6,80.2,97.8,27.0,0.0,0.0087,0.0,NORMAL_EXECUTION_PROGRESS,NONE,NONE
MPLADS-001480,24.35,45.94,0,19.8,72.3,92.1,0.0,0.0,0.0,0.0,NORMAL_EXECUTION_PROGRESS,NONE,NONE
MPLADS-001481,26.68,50.26,0,-3.3,98.3,95.0,0.0,0.0,0.0,0.0,NORMAL_EXECUTION_PROGRESS,NONE,NONE
MPLADS-001482,80.06,95.9,1,17.5,69.6,87.1,420.0,0.0,0.6622,25.0,EXTREME_DURATION_OVERRUN,STALLED_EXECUTION_TRAJECTORY,NONE
MPLADS-001483,11.44,20.18,0,10.3,87.3,97.6,0.0,0.0,0.0,0.0,NORMAL_EXECUTION_PROGRESS,NONE,NONE
MPLADS-001484,67.91,88.92,0,61.1,26.2,87.3,0.0,0.0,0.0,75.0,SEVERE_PHYSICAL_FINANCIAL_GAP,INSPECTION_DOCUMENTATION_DEFICIT,NONE
MPLADS-001485,34.76,63.88,0,-8.2,96.7,88.5,21.0,0.0,0.0007,0.0,NORMAL_EXECUTION_PROGRESS,NONE,NONE
MPLADS-001486,9.9,16.98,0,-1.5,90.6,89.1,2.0,0.0,0.0003,0.0,NORMAL_EXECUTION_PROGRESS,NONE,NONE
MPLADS-001487,43.23,76.44,0,22.0,72.9,94.9,32.0,0.0,0.0017,0.0,NORMAL_EXECUTION_PROGRESS,NONE,NONE
MPLADS-001488,31.88,59.16,0,22.4,70.1,92.5,20.0,0.0,0.007,0.0,NORMAL_EXECUTION_PROGRESS,NONE,NONE
MPLADS-001489,18.59,34.7,0,18.0,72.1,90.1,13.0,0.0,0.0039,0.0,NORMAL_EXECUTION_PROGRESS,NONE,NONE
MPLADS-001490,80.14,95.96,1,38.0,50.7,88.7,360.0,0.0,0.6167,75.0,EXTREME_DURATION_OVERRUN,SEVERE_PHYSICAL_FINANCIAL_GAP,STALLED_EXECUTION_TRAJECTORY
MPLADS-001491,38.22,69.42,0,-4.6,96.2,91.6,22.0,0.0,0.0004,0.0,NORMAL_EXECUTION_PROGRESS,NONE,NONE
MPLADS-001492,5.22,7.7,0,5.9,87.6,93.5,0.0,0.0,0.0,0.0,NORMAL_EXECUTION_PROGRESS,NONE,NONE
MPLADS-001493,96.45,99.52,1,100.0,0.0,100.0,0.0,1.0,0.0,75.0,GHOST_WORK_EXECUTION_DIVERGENCE,SEVERE_PHYSICAL_FINANCIAL_GAP,ABANDONED_WORK_SUSPICION
MPLADS-001494,29.06,54.4,0,20.7,71.0,91.7,16.0,0.0,0.0091,0.0,NORMAL_EXECUTION_PROGRESS,NONE,NONE
MPLADS-001495,38.74,70.18,0,-2.9,92.7,89.8,23.0,0.0,0.0211,0.0,NORMAL_EXECUTION_PROGRESS,NONE,NONE
MPLADS-001496,14.0,25.38,0,0.5,88.0,88.5,10.0,0.0,0.0003,0.0,NORMAL_EXECUTION_PROGRESS,NONE,NONE
MPLADS-001497,8.36,13.82,0,12.5,83.7,96.2,0.0,0.0,0.0,0.0,NORMAL_EXECUTION_PROGRESS,NONE,NONE
MPLADS-001498,39.42,71.16,0,14.4,83.3,97.7,0.0,0.0,0.0,0.0,NORMAL_EXECUTION_PROGRESS,NONE,NONE
MPLADS-001499,36.27,66.38,0,11.6,84.1,95.7,11.0,0.0,0.0108,0.0,NORMAL_EXECUTION_PROGRESS,NONE,NONE
MPLADS-001500,71.82,92.04,0,72.9,18.8,91.7,14.0,0.0,0.0216,75.0,SEVERE_PHYSICAL_FINANCIAL_GAP,ABANDONED_WORK_SUSPICION,INSPECTION_DOCUMENTATION_DEFICIT
MPLADS-001501,57.0,85.02,0,40.0,92.7,132.7,0.0,0.0,0.0,50.0,NORMAL_EXECUTION_PROGRESS,NONE,NONE
MPLADS-001502,27.32,51.36,0,-3.3,88.8,85.5,30.0,0.0,0.0129,0.0,NORMAL_EXECUTION_PROGRESS,NONE,NONE
MPLADS-001503,29.27,54.74,0,0.1,97.0,97.1,0.0,0.0,0.0,0.0,NORMAL_EXECUTION_PROGRESS,NONE,NONE
MPLADS-001504,1.32,0.98,0,9.2,82.2,91.4,0.0,0.0,0.0,0.0,NORMAL_EXECUTION_PROGRESS,NONE,NONE
MPLADS-001505,3.59,4.66,0,7.6,85.0,92.6,0.0,0.0,0.0,0.0,NORMAL_EXECUTION_PROGRESS,NONE,NONE
MPLADS-001506,57.73,85.16,0,61.1,79.6,140.7,3.0,0.0,0.0003,75.0,NORMAL_EXECUTION_PROGRESS,NONE,NONE
MPLADS-001507,71.04,91.38,0,31.5,16.3,47.8,33.0,0.0,0.0617,50.0,SEVERE_PHYSICAL_FINANCIAL_GAP,NONE,NONE
MPLADS-001508,9.03,15.2,0,-2.3,93.6,91.3,14.0,0.0,0.0047,0.0,NORMAL_EXECUTION_PROGRESS,NONE,NONE
MPLADS-001509,66.21,88.08,0,30.0,10.1,40.1,0.0,0.0,0.0,0.0,ELEVATED_PROGRESS_VOLATILITY,NONE,NONE
MPLADS-001510,70.22,90.86,0,86.7,72.7,159.4,0.0,0.0,0.0,75.0,SEVERE_PHYSICAL_FINANCIAL_GAP,NONE,NONE
MPLADS-001511,11.02,19.3,0,8.4,80.6,89.0,26.0,0.0,0.0082,0.0,NORMAL_EXECUTION_PROGRESS,NONE,NONE
MPLADS-001512,24.97,47.1,0,5.2,86.3,91.5,0.0,0.0,0.0,0.0,NORMAL_EXECUTION_PROGRESS,NONE,NONE
MPLADS-001513,23.89,45.06,0,9.3,87.2,96.5,16.0,0.0,0.0007,0.0,NORMAL_EXECUTION_PROGRESS,NONE,NONE
MPLADS-001514,84.86,98.08,1,26.6,62.2,88.8,540.0,0.0,0.9605,25.0,EXTREME_DURATION_OVERRUN,STALLED_EXECUTION_TRAJECTORY,NONE
MPLADS-001515,22.9,43.08,0,21.4,76.6,98.0,0.0,0.0,0.0,0.0,NORMAL_EXECUTION_PROGRESS,NONE,NONE
MPLADS-001516,9.82,16.82,0,-0.9,91.0,90.1,24.0,0.0,0.0028,0.0,NORMAL_EXECUTION_PROGRESS,NONE,NONE
MPLADS-001517,13.67,24.7,0,-2.9,90.4,87.5,23.0,0.0,0.0091,0.0,NORMAL_EXECUTION_PROGRESS,NONE,NONE
MPLADS-001518,14.1,25.58,0,12.0,80.4,92.4,2.0,0.0,0.0002,0.0,NORMAL_EXECUTION_PROGRESS,NONE,NONE
MPLADS-001519,6.09,9.38,0,11.9,77.2,89.1,10.0,0.0,0.0036,0.0,NORMAL_EXECUTION_PROGRESS,NONE,NONE
MPLADS-001520,27.74,52.1,0,2.1,95.0,97.1,18.0,0.0,0.0061,0.0,NORMAL_EXECUTION_PROGRESS,NONE,NONE
MPLADS-001521,31.17,57.98,0,8.2,85.8,94.0,0.0,0.0,0.0,0.0,NORMAL_EXECUTION_PROGRESS,NONE,NONE
MPLADS-001522,18.75,35.02,0,4.1,90.9,95.0,34.0,0.0,0.0049,0.0,NORMAL_EXECUTION_PROGRESS,NONE,NONE
MPLADS-001523,32.0,59.36,0,11.4,76.9,88.3,0.0,0.0,0.0,0.0,NORMAL_EXECUTION_PROGRESS,NONE,NONE
MPLADS-001524,37.4,68.1,0,25.8,70.8,96.6,14.0,0.0,0.0027,0.0,NORMAL_EXECUTION_PROGRESS,NONE,NONE
MPLADS-001525,14.27,25.92,0,5.9,81.3,87.2,19.0,0.0,0.0068,0.0,NORMAL_EXECUTION_PROGRESS,NONE,NONE
MPLADS-001526,45.09,78.56,0,24.9,71.3,96.2,2.0,0.0,0.0023,0.0,NORMAL_EXECUTION_PROGRESS,NONE,NONE
MPLADS-001527,35.4,64.88,0,4.7,81.9,86.6,0.0,0.0,0.0,0.0,NORMAL_EXECUTION_PROGRESS,NONE,NONE
MPLADS-001528,30.08,56.08,0,6.3,81.6,87.9,0.0,0.0,0.0,0.0,NORMAL_EXECUTION_PROGRESS,NONE,NONE
MPLADS-001529,11.85,21.02,0,-8.6,96.0,87.4,11.0,0.0,0.0018,0.0,NORMAL_EXECUTION_PROGRESS,NONE,NONE
MPLADS-001530,7.98,13.06,0,11.8,78.7,90.5,14.0,0.0,0.0009,0.0,NORMAL_EXECUTION_PROGRESS,NONE,NONE
MPLADS-001531,29.85,55.72,0,-11.0,96.7,85.7,0.0,0.0,0.0,0.0,NORMAL_EXECUTION_PROGRESS,NONE,NONE
MPLADS-001532,28.31,53.12,0,-9.3,97.8,88.5,0.0,0.0,0.0,0.0,NORMAL_EXECUTION_PROGRESS,NONE,NONE
MPLADS-001533,26.18,49.32,0,-3.8,97.2,93.4,33.0,0.0,0.0092,0.0,NORMAL_EXECUTION_PROGRESS,NONE,NONE
MPLADS-001534,37.75,68.64,0,-1.8,95.6,93.8,17.0,0.0,0.0003,0.0,NORMAL_EXECUTION_PROGRESS,NONE,NONE
MPLADS-001535,78.72,95.16,1,78.8,16.0,94.8,0.0,0.0,0.0,75.0,SEVERE_PHYSICAL_FINANCIAL_GAP,ABANDONED_WORK_SUSPICION,INSPECTION_DOCUMENTATION_DEFICIT
MPLADS-001536,21.41,40.22,0,23.4,71.9,95.3,19.0,0.0,0.0039,0.0,NORMAL_EXECUTION_PROGRESS,NONE,NONE
MPLADS-001537,3.96,5.28,0,-3.1,90.8,87.7,21.0,0.0,0.004,0.0,NORMAL_EXECUTION_PROGRESS,NONE,NONE
MPLADS-001538,34.68,63.72,0,8.3,85.2,93.5,7.0,0.0,0.0001,0.0,NORMAL_EXECUTION_PROGRESS,NONE,NONE
MPLADS-001539,26.96,50.72,0,16.7,70.2,86.9,28.0,0.0,0.0072,0.0,NORMAL_EXECUTION_PROGRESS,NONE,NONE
MPLADS-001540,46.94,80.36,0,23.5,70.5,94.0,0.0,0.0,0.0,0.0,NORMAL_EXECUTION_PROGRESS,NONE,NONE
MPLADS-001541,13.2,23.72,0,12.7,77.4,90.1,0.0,0.0,0.0,0.0,NORMAL_EXECUTION_PROGRESS,NONE,NONE
MPLADS-001542,11.79,20.9,0,1.9,89.4,91.3,20.0,0.0,0.0078,0.0,NORMAL_EXECUTION_PROGRESS,NONE,NONE
MPLADS-001543,15.31,28.08,0,-4.1,93.8,89.7,0.0,0.0,0.0,0.0,NORMAL_EXECUTION_PROGRESS,NONE,NONE
MPLADS-001544,39.86,71.82,0,20.1,73.8,93.9,16.0,0.0,0.0181,0.0,NORMAL_EXECUTION_PROGRESS,NONE,NONE
MPLADS-001545,3.27,4.06,0,7.6,79.4,87.0,0.0,0.0,0.0,0.0,NORMAL_EXECUTION_PROGRESS,NONE,NONE
MPLADS-001546,25.23,47.56,0,23.2,72.7,95.9,16.0,0.0,0.003,0.0,NORMAL_EXECUTION_PROGRESS,NONE,NONE
MPLADS-001547,18.09,33.7,0,18.0,77.8,95.8,26.0,0.0,0.005,0.0,NORMAL_EXECUTION_PROGRESS,NONE,NONE
MPLADS-001548,1.31,0.96,0,10.6,82.4,93.0,4.0,0.0,0.0004,0.0,NORMAL_EXECUTION_PROGRESS,NONE,NONE
MPLADS-001549,4.19,5.72,0,7.4,88.3,95.7,0.0,0.0,0.0,0.0,NORMAL_EXECUTION_PROGRESS,NONE,NONE
MPLADS-001550,13.11,23.54,0,-7.8,96.6,88.8,0.0,0.0,0.0,0.0,NORMAL_EXECUTION_PROGRESS,NONE,NONE
MPLADS-001551,73.04,92.68,0,12.7,73.3,86.0,300.0,0.0,0.364,25.0,EXTREME_DURATION_OVERRUN,STALLED_EXECUTION_TRAJECTORY,NONE
MPLADS-001552,6.89,10.96,0,6.4,83.6,90.0,8.0,0.0,0.0003,0.0,NORMAL_EXECUTION_PROGRESS,NONE,NONE
MPLADS-001553,40.97,73.4,0,-7.0,94.8,87.8,0.0,0.0,0.0,0.0,NORMAL_EXECUTION_PROGRESS,NONE,NONE
MPLADS-001554,43.14,76.3,0,13.1,72.0,85.1,0.0,0.0,0.0,0.0,NORMAL_EXECUTION_PROGRESS,NONE,NONE
MPLADS-001555,73.78,93.1,0,78.9,73.5,152.4,0.0,0.0,0.0,75.0,SEVERE_PHYSICAL_FINANCIAL_GAP,NONE,NONE
MPLADS-001556,44.16,77.52,0,0.4,87.6,88.0,31.0,0.0,0.0007,0.0,NORMAL_EXECUTION_PROGRESS,NONE,NONE
MPLADS-001557,8.97,15.06,0,5.3,88.2,93.5,0.0,0.0,0.0,0.0,NORMAL_EXECUTION_PROGRESS,NONE,NONE
MPLADS-001558,15.37,28.22,0,5.0,81.5,86.5,0.0,0.0,0.0,0.0,NORMAL_EXECUTION_PROGRESS,NONE,NONE
MPLADS-001559,32.11,59.54,0,-2.8,91.6,88.8,5.0,0.0,0.0044,0.0,NORMAL_EXECUTION_PROGRESS,NONE,NONE
MPLADS-001560,32.68,60.46,0,0.4,96.3,96.7,23.0,0.0,0.0009,0.0,NORMAL_EXECUTION_PROGRESS,NONE,NONE
MPLADS-001561,1.56,1.22,0,-1.8,90.1,88.3,6.0,0.0,0.0015,0.0,NORMAL_EXECUTION_PROGRESS,NONE,NONE
MPLADS-001562,25.75,48.54,0,-3.9,98.1,94.2,8.0,0.0,0.0001,0.0,NORMAL_EXECUTION_PROGRESS,NONE,NONE
MPLADS-001563,32.65,60.4,0,13.1,80.1,93.2,29.0,0.0,0.0009,0.0,NORMAL_EXECUTION_PROGRESS,NONE,NONE
MPLADS-001564,4.39,6.12,0,15.1,82.6,97.7,0.0,0.0,0.0,0.0,NORMAL_EXECUTION_PROGRESS,NONE,NONE
MPLADS-001565,40.11,72.18,0,-4.1,96.4,92.3,12.0,0.0,0.0102,0.0,NORMAL_EXECUTION_PROGRESS,NONE,NONE
MPLADS-001566,30.09,56.1,0,0.4,91.5,91.9,28.0,0.0,0.0016,0.0,NORMAL_EXECUTION_PROGRESS,NONE,NONE
MPLADS-001567,47.15,80.56,0,23.5,72.3,95.8,27.0,0.0,0.0317,0.0,NORMAL_EXECUTION_PROGRESS,NONE,NONE
MPLADS-001568,77.61,94.72,0,69.3,18.8,88.1,18.0,0.0,0.0394,75.0,SEVERE_PHYSICAL_FINANCIAL_GAP,ABANDONED_WORK_SUSPICION,INSPECTION_DOCUMENTATION_DEFICIT
MPLADS-001569,14.45,26.3,0,2.0,89.3,91.3,0.0,0.0,0.0,0.0,NORMAL_EXECUTION_PROGRESS,NONE,NONE
MPLADS-001570,4.72,6.74,0,6.6,84.9,91.5,9.0,0.0,0.0035,0.0,NORMAL_EXECUTION_PROGRESS,NONE,NONE
MPLADS-001571,26.91,50.64,0,0.1,88.1,88.2,26.0,0.0,0.011,0.0,NORMAL_EXECUTION_PROGRESS,NONE,NONE
MPLADS-001572,79.25,95.42,1,14.5,78.4,92.9,12.0,0.0,0.0007,0.0,INSPECTION_DOCUMENTATION_DEFICIT,NONE,NONE
MPLADS-001573,14.6,26.6,0,-6.6,93.7,87.1,19.0,0.0,0.0018,0.0,NORMAL_EXECUTION_PROGRESS,NONE,NONE
MPLADS-001574,9.06,15.26,0,-4.9,90.0,85.1,27.0,0.0,0.0058,0.0,NORMAL_EXECUTION_PROGRESS,NONE,NONE
MPLADS-001575,20.54,38.56,0,21.8,71.2,93.0,8.0,0.0,0.0023,0.0,NORMAL_EXECUTION_PROGRESS,NONE,NONE
MPLADS-001576,35.24,64.62,0,26.7,70.7,97.4,24.0,0.0,0.0086,0.0,NORMAL_EXECUTION_PROGRESS,NONE,NONE
MPLADS-001577,21.02,39.48,0,-3.6,94.8,91.2,34.0,0.0,0.0102,0.0,NORMAL_EXECUTION_PROGRESS,NONE,NONE
MPLADS-001578,70.45,91.02,0,74.1,24.1,98.2,3.0,0.0,0.0039,75.0,SEVERE_PHYSICAL_FINANCIAL_GAP,INSPECTION_DOCUMENTATION_DEFICIT,NONE
MPLADS-001579,80.62,96.32,1,14.1,71.2,85.3,480.0,0.0,0.7538,25.0,EXTREME_DURATION_OVERRUN,STALLED_EXECUTION_TRAJECTORY,NONE
MPLADS-001580,31.41,58.34,0,-13.8,99.1,85.3,0.0,0.0,0.0,0.0,NORMAL_EXECUTION_PROGRESS,NONE,NONE
MPLADS-001581,6.0,9.2,0,3.8,87.1,90.9,6.0,0.0,0.0005,0.0,NORMAL_EXECUTION_PROGRESS,NONE,NONE
MPLADS-001582,76.22,94.28,0,74.3,15.3,89.6,25.0,0.0,0.0404,75.0,SEVERE_PHYSICAL_FINANCIAL_GAP,ABANDONED_WORK_SUSPICION,INSPECTION_DOCUMENTATION_DEFICIT
MPLADS-001583,68.67,89.48,0,68.0,21.1,89.1,0.0,0.0,0.0,75.0,SEVERE_PHYSICAL_FINANCIAL_GAP,INSPECTION_DOCUMENTATION_DEFICIT,NONE
MPLADS-001584,10.63,18.5,0,6.3,89.0,95.3,33.0,0.0,0.009,0.0,NORMAL_EXECUTION_PROGRESS,NONE,NONE
MPLADS-001585,12.83,22.98,0,12.9,81.5,94.4,10.0,0.0,0.0005,0.0,NORMAL_EXECUTION_PROGRESS,NONE,NONE
MPLADS-001586,14.85,27.12,0,5.7,91.6,97.3,5.0,0.0,0.0001,0.0,NORMAL_EXECUTION_PROGRESS,NONE,NONE
MPLADS-001587,43.37,76.62,0,15.5,82.4,97.9,30.0,0.0,0.0315,0.0,NORMAL_EXECUTION_PROGRESS,NONE,NONE
MPLADS-001588,3.61,4.7,0,-3.5,93.2,89.7,0.0,0.0,0.0,0.0,NORMAL_EXECUTION_PROGRESS,NONE,NONE
MPLADS-001589,28.58,53.6,0,-11.1,99.6,88.5,26.0,0.0,0.0024,0.0,NORMAL_EXECUTION_PROGRESS,NONE,NONE
MPLADS-001590,14.99,27.44,0,21.8,73.1,94.9,0.0,0.0,0.0,0.0,NORMAL_EXECUTION_PROGRESS,NONE,NONE
MPLADS-001591,36.46,66.68,0,-1.5,91.3,89.8,16.0,0.0,0.0003,0.0,NORMAL_EXECUTION_PROGRESS,NONE,NONE
MPLADS-001592,2.94,3.48,0,12.0,84.5,96.5,6.0,0.0,0.0013,0.0,NORMAL_EXECUTION_PROGRESS,NONE,NONE
MPLADS-001593,6.36,9.88,0,18.4,75.0,93.4,0.0,0.0,0.0,0.0,NORMAL_EXECUTION_PROGRESS,NONE,NONE
MPLADS-001594,16.26,30.04,0,-0.2,95.1,94.9,0.0,0.0,0.0,0.0,NORMAL_EXECUTION_PROGRESS,NONE,NONE
MPLADS-001595,12.49,22.26,0,9.0,89.0,98.0,0.0,0.0,0.0,0.0,NORMAL_EXECUTION_PROGRESS,NONE,NONE
MPLADS-001596,84.21,97.78,1,49.9,47.9,97.8,360.0,0.0,0.5988,75.0,EXTREME_DURATION_OVERRUN,SEVERE_PHYSICAL_FINANCIAL_GAP,STALLED_EXECUTION_TRAJECTORY
MPLADS-001597,33.24,61.34,0,25.1,71.9,97.0,0.0,0.0,0.0,0.0,NORMAL_EXECUTION_PROGRESS,NONE,NONE
MPLADS-001598,17.93,33.4,0,4.5,81.0,85.5,0.0,0.0,0.0,0.0,NORMAL_EXECUTION_PROGRESS,NONE,NONE
MPLADS-001599,75.78,94.12,0,78.7,19.8,98.5,6.0,0.0,0.0097,75.0,SEVERE_PHYSICAL_FINANCIAL_GAP,ABANDONED_WORK_SUSPICION,INSPECTION_DOCUMENTATION_DEFICIT
MPLADS-001600,10.53,18.3,0,-4.4,91.5,87.1,0.0,0.0,0.0,0.0,NORMAL_EXECUTION_PROGRESS,NONE,NONE
MPLADS-001601,30.82,57.34,0,10.6,86.5,97.1,0.0,0.0,0.0,0.0,NORMAL_EXECUTION_PROGRESS,NONE,NONE
MPLADS-001602,72.76,92.48,0,49.3,10.8,60.1,0.0,0.0,0.0,50.0,SEVERE_PHYSICAL_FINANCIAL_GAP,ABANDONED_WORK_SUSPICION,NONE
MPLADS-001603,35.93,65.84,0,4.0,83.7,87.7,5.0,0.0,0.0049,0.0,NORMAL_EXECUTION_PROGRESS,NONE,NONE
MPLADS-001604,81.71,96.9,1,30.0,62.2,92.2,360.0,0.0,0.5159,25.0,EXTREME_DURATION_OVERRUN,STALLED_EXECUTION_TRAJECTORY,NONE
MPLADS-001605,24.11,45.46,0,7.7,77.7,85.4,0.0,0.0,0.0,0.0,NORMAL_EXECUTION_PROGRESS,NONE,NONE
MPLADS-001606,11.08,19.42,0,8.1,82.9,91.0,27.0,0.0,0.0044,0.0,NORMAL_EXECUTION_PROGRESS,NONE,NONE
MPLADS-001607,3.43,4.34,0,6.4,85.9,92.3,0.0,0.0,0.0,0.0,NORMAL_EXECUTION_PROGRESS,NONE,NONE
MPLADS-001608,5.55,8.36,0,8.4,79.2,87.6,20.0,0.0,0.0061,0.0,NORMAL_EXECUTION_PROGRESS,NONE,NONE
MPLADS-001609,21.53,40.48,0,-1.7,87.3,85.6,30.0,0.0,0.0103,0.0,NORMAL_EXECUTION_PROGRESS,NONE,NONE
MPLADS-001610,71.4,91.74,0,76.6,19.3,95.9,4.0,0.0,0.005,75.0,SEVERE_PHYSICAL_FINANCIAL_GAP,ABANDONED_WORK_SUSPICION,INSPECTION_DOCUMENTATION_DEFICIT
MPLADS-001611,30.74,57.2,0,14.7,80.3,95.0,12.0,0.0,0.0124,0.0,NORMAL_EXECUTION_PROGRESS,NONE,NONE
MPLADS-001612,4.3,5.94,0,14.6,80.8,95.4,6.0,0.0,0.0025,0.0,NORMAL_EXECUTION_PROGRESS,NONE,NONE
MPLADS-001613,7.14,11.44,0,12.2,74.7,86.9,21.0,0.0,0.0041,0.0,NORMAL_EXECUTION_PROGRESS,NONE,NONE
MPLADS-001614,31.93,59.24,0,20.8,70.2,91.0,33.0,0.0,0.0091,0.0,NORMAL_EXECUTION_PROGRESS,NONE,NONE
MPLADS-001615,34.05,62.7,0,15.7,82.0,97.7,22.0,0.0,0.0004,0.0,NORMAL_EXECUTION_PROGRESS,NONE,NONE
MPLADS-001616,43.24,76.46,0,21.7,74.6,96.3,0.0,0.0,0.0,0.0,NORMAL_EXECUTION_PROGRESS,NONE,NONE
MPLADS-001617,26.57,50.04,0,14.1,75.0,89.1,19.0,0.0,0.0005,0.0,NORMAL_EXECUTION_PROGRESS,NONE,NONE
MPLADS-001618,83.35,97.44,1,10.3,75.9,86.2,12.0,0.0,0.0019,0.0,INSPECTION_DOCUMENTATION_DEFICIT,NONE,NONE
MPLADS-001619,49.6,82.38,0,15.3,74.3,89.6,0.0,0.0,0.0,0.0,NORMAL_EXECUTION_PROGRESS,NONE,NONE
MPLADS-001620,35.43,64.94,0,-2.2,91.9,89.7,19.0,0.0,0.0174,0.0,NORMAL_EXECUTION_PROGRESS,NONE,NONE
MPLADS-001621,31.81,59.04,0,3.2,89.0,92.2,3.0,0.0,0.0027,0.0,NORMAL_EXECUTION_PROGRESS,NONE,NONE
MPLADS-001622,12.19,21.68,0,17.8,79.7,97.5,24.0,0.0,0.0067,0.0,NORMAL_EXECUTION_PROGRESS,NONE,NONE
MPLADS-001623,62.04,86.6,0,42.5,20.9,63.4,0.0,0.0,0.0,50.0,SEVERE_PHYSICAL_FINANCIAL_GAP,NONE,NONE
MPLADS-001624,25.9,48.78,0,14.6,74.8,89.4,26.0,0.0,0.0146,0.0,NORMAL_EXECUTION_PROGRESS,NONE,NONE
MPLADS-001625,34.4,63.26,0,23.2,72.5,95.7,0.0,0.0,0.0,0.0,NORMAL_EXECUTION_PROGRESS,NONE,NONE
MPLADS-001626,26.85,50.52,0,-6.9,97.2,90.3,21.0,0.0,0.0018,0.0,NORMAL_EXECUTION_PROGRESS,NONE,NONE
MPLADS-001627,42.43,75.32,0,8.5,88.2,96.7,28.0,0.0,0.0005,0.0,NORMAL_EXECUTION_PROGRESS,NONE,NONE
MPLADS-001628,43.28,76.52,0,14.6,76.1,90.7,25.0,0.0,0.028,0.0,NORMAL_EXECUTION_PROGRESS,NONE,NONE
MPLADS-001629,67.42,88.64,0,62.6,83.7,146.3,1.0,0.0,0.0,75.0,SEVERE_PHYSICAL_FINANCIAL_GAP,NONE,NONE
MPLADS-001630,17.68,32.88,0,7.2,78.0,85.2,11.0,0.0,0.0027,0.0,NORMAL_EXECUTION_PROGRESS,NONE,NONE
MPLADS-001631,34.81,63.98,0,6.2,89.0,95.2,0.0,0.0,0.0,0.0,NORMAL_EXECUTION_PROGRESS,NONE,NONE
MPLADS-001632,44.52,78.0,0,2.3,94.0,96.3,24.0,0.0,0.0217,0.0,NORMAL_EXECUTION_PROGRESS,NONE,NONE
MPLADS-001633,16.7,30.94,0,-3.6,90.3,86.7,20.0,0.0,0.0045,0.0,NORMAL_EXECUTION_PROGRESS,NONE,NONE
MPLADS-001634,27.38,51.46,0,-4.8,93.3,88.5,15.0,0.0,0.0005,0.0,NORMAL_EXECUTION_PROGRESS,NONE,NONE
MPLADS-001635,9.49,16.12,0,10.2,84.5,94.7,21.0,0.0,0.0092,0.0,NORMAL_EXECUTION_PROGRESS,NONE,NONE
MPLADS-001636,45.14,78.6,0,6.8,86.5,93.3,0.0,0.0,0.0,0.0,NORMAL_EXECUTION_PROGRESS,NONE,NONE
MPLADS-001637,31.04,57.72,0,-6.3,99.6,93.3,20.0,0.0,0.0034,0.0,NORMAL_EXECUTION_PROGRESS,NONE,NONE
MPLADS-001638,43.6,76.88,0,-11.5,98.1,86.6,17.0,0.0,0.0144,0.0,NORMAL_EXECUTION_PROGRESS,NONE,NONE
MPLADS-001639,13.95,25.28,0,6.8,87.9,94.7,27.0,0.0,0.0017,0.0,NORMAL_EXECUTION_PROGRESS,NONE,NONE
MPLADS-001640,25.72,48.48,0,-10.3,98.5,88.2,17.0,0.0,0.0053,0.0,NORMAL_EXECUTION_PROGRESS,NONE,NONE
MPLADS-001641,2.98,3.54,0,4.8,85.5,90.3,0.0,0.0,0.0,0.0,NORMAL_EXECUTION_PROGRESS,NONE,NONE
MPLADS-001642,13.86,25.1,0,18.6,73.0,91.6,0.0,0.0,0.0,0.0,NORMAL_EXECUTION_PROGRESS,NONE,NONE
MPLADS-001643,33.64,62.02,0,8.3,85.0,93.3,17.0,0.0,0.0003,0.0,NORMAL_EXECUTION_PROGRESS,NONE,NONE
MPLADS-001644,3.03,3.62,0,8.0,79.4,87.4,10.0,0.0,0.0023,0.0,NORMAL_EXECUTION_PROGRESS,NONE,NONE
MPLADS-001645,6.74,10.68,0,15.5,80.4,95.9,8.0,0.0,0.0035,0.0,NORMAL_EXECUTION_PROGRESS,NONE,NONE
MPLADS-001646,4.2,5.76,0,7.9,84.0,91.9,1.0,0.0,0.0004,0.0,NORMAL_EXECUTION_PROGRESS,NONE,NONE
MPLADS-001647,18.84,35.2,0,6.6,88.1,94.7,28.0,0.0,0.0018,0.0,NORMAL_EXECUTION_PROGRESS,NONE,NONE
MPLADS-001648,24.42,46.08,0,18.1,79.8,97.9,0.0,0.0,0.0,0.0,NORMAL_EXECUTION_PROGRESS,NONE,NONE
MPLADS-001649,16.24,30.0,0,14.2,74.5,88.7,21.0,0.0,0.002,0.0,NORMAL_EXECUTION_PROGRESS,NONE,NONE
MPLADS-001650,23.06,43.4,0,-8.7,97.0,88.3,0.0,0.0,0.0,0.0,NORMAL_EXECUTION_PROGRESS,NONE,NONE
MPLADS-001651,36.24,66.36,0,14.1,74.6,88.7,6.0,0.0,0.0066,0.0,NORMAL_EXECUTION_PROGRESS,NONE,NONE
MPLADS-001652,4.26,5.88,0,4.7,83.6,88.3,10.0,0.0,0.0041,0.0,NORMAL_EXECUTION_PROGRESS,NONE,NONE
MPLADS-001653,23.27,43.8,0,22.8,71.9,94.7,6.0,0.0,0.0019,0.0,NORMAL_EXECUTION_PROGRESS,NONE,NONE
MPLADS-001654,10.37,17.96,0,4.8,80.7,85.5,0.0,0.0,0.0,0.0,NORMAL_EXECUTION_PROGRESS,NONE,NONE
MPLADS-001655,9.56,16.28,0,7.7,85.8,93.5,22.0,0.0,0.0057,0.0,NORMAL_EXECUTION_PROGRESS,NONE,NONE
MPLADS-001656,15.43,28.34,0,1.6,89.6,91.2,20.0,0.0,0.0009,0.0,NORMAL_EXECUTION_PROGRESS,NONE,NONE
MPLADS-001657,19.34,36.22,0,20.9,73.0,93.9,6.0,0.0,0.0009,0.0,NORMAL_EXECUTION_PROGRESS,NONE,NONE
MPLADS-001658,25.1,47.34,0,1.8,83.9,85.7,33.0,0.0,0.0058,0.0,NORMAL_EXECUTION_PROGRESS,NONE,NONE
MPLADS-001659,58.03,85.34,0,57.0,84.2,141.2,20.0,0.0,0.0046,75.0,NORMAL_EXECUTION_PROGRESS,NONE,NONE
MPLADS-001660,59.81,85.84,0,23.6,23.7,47.3,9.0,0.0,0.0132,0.0,NORMAL_EXECUTION_PROGRESS,NONE,NONE
MPLADS-001661,29.8,55.66,0,-1.8,99.0,97.2,16.0,0.0,0.0026,0.0,NORMAL_EXECUTION_PROGRESS,NONE,NONE
MPLADS-001662,28.15,52.82,0,15.9,81.4,97.3,33.0,0.0,0.0169,0.0,NORMAL_EXECUTION_PROGRESS,NONE,NONE
MPLADS-001663,8.96,15.04,0,16.6,79.3,95.9,0.0,0.0,0.0,0.0,NORMAL_EXECUTION_PROGRESS,NONE,NONE
MPLADS-001664,57.08,85.06,0,52.7,83.3,136.0,0.0,0.0,0.0,75.0,NORMAL_EXECUTION_PROGRESS,NONE,NONE
MPLADS-001665,51.08,83.16,0,-4.5,90.7,86.2,0.0,0.0,0.0,0.0,NORMAL_EXECUTION_PROGRESS,NONE,NONE
MPLADS-001666,17.35,32.22,0,9.8,82.1,91.9,32.0,0.0,0.0103,0.0,NORMAL_EXECUTION_PROGRESS,NONE,NONE
MPLADS-001667,24.67,46.56,0,-5.7,92.5,86.8,33.0,0.0,0.0021,0.0,NORMAL_EXECUTION_PROGRESS,NONE,NONE
MPLADS-001668,31.53,58.56,0,-4.3,97.6,93.3,20.0,0.0,0.0006,0.0,NORMAL_EXECUTION_PROGRESS,NONE,NONE
MPLADS-001669,3.97,5.3,0,16.7,74.9,91.6,0.0,0.0,0.0,0.0,NORMAL_EXECUTION_PROGRESS,NONE,NONE
MPLADS-001670,4.13,5.6,0,-3.8,92.9,89.1,16.0,0.0,0.0027,0.0,NORMAL_EXECUTION_PROGRESS,NONE,NONE
MPLADS-001671,16.64,30.82,0,18.3,76.2,94.5,0.0,0.0,0.0,0.0,NORMAL_EXECUTION_PROGRESS,NONE,NONE
MPLADS-001672,5.7,8.62,0,7.3,80.6,87.9,0.0,0.0,0.0,0.0,NORMAL_EXECUTION_PROGRESS,NONE,NONE
MPLADS-001673,8.98,15.08,0,12.1,79.9,92.0,1.0,0.0,0.0001,0.0,NORMAL_EXECUTION_PROGRESS,NONE,NONE
MPLADS-001674,34.2,62.92,0,11.8,85.3,97.1,0.0,0.0,0.0,0.0,NORMAL_EXECUTION_PROGRESS,NONE,NONE
MPLADS-001675,85.62,98.34,1,31.5,56.0,87.5,540.0,0.0,1.0027,75.0,EXTREME_DURATION_OVERRUN,STALLED_EXECUTION_TRAJECTORY,SEVERE_PHYSICAL_FINANCIAL_GAP
MPLADS-001676,31.46,58.44,0,0.7,97.2,97.9,34.0,0.0,0.0076,0.0,NORMAL_EXECUTION_PROGRESS,NONE,NONE
MPLADS-001677,42.95,76.06,0,15.4,81.0,96.4,0.0,0.0,0.0,0.0,NORMAL_EXECUTION_PROGRESS,NONE,NONE
MPLADS-001678,49.74,82.46,0,-7.4,98.8,91.4,27.0,0.0,0.0005,0.0,NORMAL_EXECUTION_PROGRESS,NONE,NONE
MPLADS-001679,13.74,24.86,0,19.1,71.6,90.7,0.0,0.0,0.0,0.0,NORMAL_EXECUTION_PROGRESS,NONE,NONE
MPLADS-001680,16.16,29.84,0,-0.8,92.9,92.1,18.0,0.0,0.0017,0.0,NORMAL_EXECUTION_PROGRESS,NONE,NONE
MPLADS-001681,4.54,6.4,0,15.9,74.8,90.7,0.0,0.0,0.0,0.0,NORMAL_EXECUTION_PROGRESS,NONE,NONE
MPLADS-001682,28.01,52.6,0,-7.1,95.8,88.7,15.0,0.0,0.0004,0.0,NORMAL_EXECUTION_PROGRESS,NONE,NONE
MPLADS-001683,45.65,79.06,0,19.5,75.0,94.5,30.0,0.0,0.0344,0.0,NORMAL_EXECUTION_PROGRESS,NONE,NONE
MPLADS-001684,54.24,84.32,0,47.6,90.5,138.1,0.0,0.0,0.0,50.0,NORMAL_EXECUTION_PROGRESS,NONE,NONE
MPLADS-001685,1.89,1.74,0,12.1,78.4,90.5,7.0,0.0,0.0024,0.0,NORMAL_EXECUTION_PROGRESS,NONE,NONE
MPLADS-001686,65.61,87.72,0,66.7,85.6,152.3,31.0,0.0,0.0025,75.0,SEVERE_PHYSICAL_FINANCIAL_GAP,NONE,NONE
MPLADS-001687,76.88,94.48,0,78.2,19.6,97.8,22.0,0.0,0.0251,75.0,SEVERE_PHYSICAL_FINANCIAL_GAP,ABANDONED_WORK_SUSPICION,INSPECTION_DOCUMENTATION_DEFICIT
MPLADS-001688,48.84,81.88,0,6.1,81.6,87.7,33.0,0.0,0.0352,0.0,NORMAL_EXECUTION_PROGRESS,NONE,NONE
MPLADS-001689,22.27,41.88,0,2.7,86.5,89.2,33.0,0.0,0.0119,0.0,NORMAL_EXECUTION_PROGRESS,NONE,NONE
MPLADS-001690,11.66,20.62,0,-1.6,94.1,92.5,0.0,0.0,0.0,0.0,NORMAL_EXECUTION_PROGRESS,NONE,NONE
MPLADS-001691,72.64,92.4,0,66.9,92.5,159.4,31.0,0.0,0.029,75.0,SEVERE_PHYSICAL_FINANCIAL_GAP,NONE,NONE
MPLADS-001692,16.89,31.34,0,18.5,71.7,90.2,13.0,0.0,0.0045,0.0,NORMAL_EXECUTION_PROGRESS,NONE,NONE
MPLADS-001693,7.29,11.76,0,8.7,87.4,96.1,13.0,0.0,0.005,0.0,NORMAL_EXECUTION_PROGRESS,NONE,NONE
MPLADS-001694,3.58,4.64,0,3.2,87.9,91.1,13.0,0.0,0.0028,0.0,NORMAL_EXECUTION_PROGRESS,NONE,NONE
MPLADS-001695,41.85,74.64,0,23.6,70.4,94.0,21.0,0.0,0.0007,0.0,NORMAL_EXECUTION_PROGRESS,NONE,NONE
MPLADS-001696,27.79,52.2,0,14.0,81.2,95.2,0.0,0.0,0.0,0.0,NORMAL_EXECUTION_PROGRESS,NONE,NONE
MPLADS-001697,10.91,19.08,0,15.9,73.7,89.6,21.0,0.0,0.0042,0.0,NORMAL_EXECUTION_PROGRESS,NONE,NONE
MPLADS-001698,43.41,76.68,0,13.9,81.2,95.1,0.0,0.0,0.0,0.0,NORMAL_EXECUTION_PROGRESS,NONE,NONE
MPLADS-001699,22.21,41.76,0,0.7,90.4,91.1,24.0,0.0,0.0095,0.0,NORMAL_EXECUTION_PROGRESS,NONE,NONE
MPLADS-001700,28.64,53.7,0,15.1,71.1,86.2,29.0,0.0,0.0109,0.0,NORMAL_EXECUTION_PROGRESS,NONE,NONE
MPLADS-001701,69.43,90.1,0,43.8,11.3,55.1,3.0,0.0,0.0063,50.0,SEVERE_PHYSICAL_FINANCIAL_GAP,ABANDONED_WORK_SUSPICION,NONE
MPLADS-001702,35.95,65.88,0,-14.1,99.6,85.5,20.0,0.0,0.0045,0.0,NORMAL_EXECUTION_PROGRESS,NONE,NONE
MPLADS-001703,13.81,25.0,0,13.9,83.9,97.8,16.0,0.0,0.0035,0.0,NORMAL_EXECUTION_PROGRESS,NONE,NONE
MPLADS-001704,24.73,46.68,0,19.6,77.8,97.4,14.0,0.0,0.0021,0.0,NORMAL_EXECUTION_PROGRESS,NONE,NONE
MPLADS-001705,25.99,48.98,0,15.9,71.1,87.0,0.0,0.0,0.0,0.0,NORMAL_EXECUTION_PROGRESS,NONE,NONE
MPLADS-001706,41.21,73.76,0,4.5,84.6,89.1,28.0,0.0,0.0285,0.0,NORMAL_EXECUTION_PROGRESS,NONE,NONE
MPLADS-001707,14.16,25.72,0,7.8,87.8,95.6,21.0,0.0,0.0026,0.0,NORMAL_EXECUTION_PROGRESS,NONE,NONE
MPLADS-001708,73.06,92.7,0,62.5,25.1,87.6,18.0,0.0,0.0099,75.0,SEVERE_PHYSICAL_FINANCIAL_GAP,INSPECTION_DOCUMENTATION_DEFICIT,NONE
MPLADS-001709,79.1,95.34,1,69.9,17.7,87.6,0.0,0.0,0.0,75.0,SEVERE_PHYSICAL_FINANCIAL_GAP,ABANDONED_WORK_SUSPICION,INSPECTION_DOCUMENTATION_DEFICIT
MPLADS-001710,7.18,11.52,0,17.8,73.7,91.5,21.0,0.0,0.0067,0.0,NORMAL_EXECUTION_PROGRESS,NONE,NONE
MPLADS-001711,39.47,71.22,0,8.8,85.4,94.2,0.0,0.0,0.0,0.0,NORMAL_EXECUTION_PROGRESS,NONE,NONE
MPLADS-001712,20.74,38.96,0,10.3,84.5,94.8,31.0,0.0,0.0026,0.0,NORMAL_EXECUTION_PROGRESS,NONE,NONE
MPLADS-001713,71.2,91.54,0,61.8,34.9,96.7,0.0,0.0,0.0,75.0,SEVERE_PHYSICAL_FINANCIAL_GAP,INSPECTION_DOCUMENTATION_DEFICIT,NONE
MPLADS-001714,5.66,8.54,0,11.6,80.1,91.7,0.0,0.0,0.0,0.0,NORMAL_EXECUTION_PROGRESS,NONE,NONE
MPLADS-001715,12.65,22.6,0,3.9,88.9,92.8,0.0,0.0,0.0,0.0,NORMAL_EXECUTION_PROGRESS,NONE,NONE
MPLADS-001716,23.73,44.74,0,-9.9,98.2,88.3,0.0,0.0,0.0,0.0,NORMAL_EXECUTION_PROGRESS,NONE,NONE
MPLADS-001717,34.61,63.62,0,-6.0,94.0,88.0,5.0,0.0,0.0043,0.0,NORMAL_EXECUTION_PROGRESS,NONE,NONE
MPLADS-001718,74.01,93.26,0,77.2,20.5,97.7,3.0,0.0,0.0036,75.0,SEVERE_PHYSICAL_FINANCIAL_GAP,INSPECTION_DOCUMENTATION_DEFICIT,NONE
MPLADS-001719,29.83,55.7,0,23.7,72.5,96.2,3.0,0.0,0.0009,0.0,NORMAL_EXECUTION_PROGRESS,NONE,NONE
MPLADS-001720,25.97,48.94,0,-8.0,94.4,86.4,14.0,0.0,0.0004,0.0,NORMAL_EXECUTION_PROGRESS,NONE,NONE
MPLADS-001721,13.63,24.6,0,-8.3,97.0,88.7,19.0,0.0,0.003,0.0,NORMAL_EXECUTION_PROGRESS,NONE,NONE
MPLADS-001722,73.96,93.22,0,59.4,34.6,94.0,30.0,0.0,0.0331,75.0,SEVERE_PHYSICAL_FINANCIAL_GAP,INSPECTION_DOCUMENTATION_DEFICIT,NONE
MPLADS-001723,38.96,70.5,0,-5.1,93.5,88.4,9.0,0.0,0.0079,0.0,NORMAL_EXECUTION_PROGRESS,NONE,NONE
MPLADS-001724,21.65,40.74,0,-5.9,97.4,91.5,0.0,0.0,0.0,0.0,NORMAL_EXECUTION_PROGRESS,NONE,NONE
MPLADS-001725,36.89,67.38,0,5.6,85.9,91.5,20.0,0.0,0.0197,0.0,NORMAL_EXECUTION_PROGRESS,NONE,NONE
MPLADS-001726,24.2,45.64,0,-6.7,98.9,92.2,1.0,0.0,0.0001,0.0,NORMAL_EXECUTION_PROGRESS,NONE,NONE
MPLADS-001727,22.32,42.0,0,14.8,76.2,91.0,31.0,0.0,0.0036,0.0,NORMAL_EXECUTION_PROGRESS,NONE,NONE
MPLADS-001728,0.8,0.44,0,11.7,82.3,94.0,0.0,0.0,0.0,0.0,NORMAL_EXECUTION_PROGRESS,NONE,NONE
MPLADS-001729,12.62,22.54,0,-4.6,92.4,87.8,0.0,0.0,0.0,0.0,NORMAL_EXECUTION_PROGRESS,NONE,NONE
MPLADS-001730,7.5,12.16,0,-3.3,89.2,85.9,2.0,0.0,0.0001,0.0,NORMAL_EXECUTION_PROGRESS,NONE,NONE
MPLADS-001731,38.7,70.12,0,15.1,81.0,96.1,27.0,0.0,0.0287,0.0,NORMAL_EXECUTION_PROGRESS,NONE,NONE
MPLADS-001732,37.91,68.88,0,18.5,77.0,95.5,33.0,0.0,0.0014,0.0,NORMAL_EXECUTION_PROGRESS,NONE,NONE
MPLADS-001733,38.4,69.66,0,25.7,70.5,96.2,19.0,0.0,0.0089,0.0,NORMAL_EXECUTION_PROGRESS,NONE,NONE
MPLADS-001734,11.18,19.62,0,17.6,74.2,91.8,29.0,0.0,0.0112,0.0,NORMAL_EXECUTION_PROGRESS,NONE,NONE
MPLADS-001735,44.65,78.14,0,8.5,79.1,87.6,29.0,0.0,0.0316,0.0,NORMAL_EXECUTION_PROGRESS,NONE,NONE
MPLADS-001736,48.92,81.94,0,20.7,70.0,90.7,23.0,0.0,0.0275,0.0,NORMAL_EXECUTION_PROGRESS,NONE,NONE
MPLADS-001737,73.25,92.82,0,63.5,33.7,97.2,0.0,0.0,0.0,75.0,SEVERE_PHYSICAL_FINANCIAL_GAP,INSPECTION_DOCUMENTATION_DEFICIT,NONE
MPLADS-001738,8.3,13.7,0,15.2,78.8,94.0,23.0,0.0,0.0073,0.0,NORMAL_EXECUTION_PROGRESS,NONE,NONE
MPLADS-001739,68.31,89.28,0,32.2,14.1,46.3,26.0,0.0,0.0314,50.0,SEVERE_PHYSICAL_FINANCIAL_GAP,NONE,NONE
MPLADS-001740,20.89,39.24,0,-8.7,97.0,88.3,0.0,0.0,0.0,0.0,NORMAL_EXECUTION_PROGRESS,NONE,NONE
MPLADS-001741,11.31,19.9,0,16.0,77.8,93.8,20.0,0.0,0.0101,0.0,NORMAL_EXECUTION_PROGRESS,NONE,NONE
MPLADS-001742,22.58,42.5,0,-2.0,93.5,91.5,22.0,0.0,0.008,0.0,NORMAL_EXECUTION_PROGRESS,NONE,NONE
MPLADS-001743,35.63,65.28,0,-2.5,99.8,97.3,3.0,0.0,0.0008,0.0,NORMAL_EXECUTION_PROGRESS,NONE,NONE
MPLADS-001744,26.9,50.62,0,3.4,91.9,95.3,30.0,0.0,0.0121,0.0,NORMAL_EXECUTION_PROGRESS,NONE,NONE
MPLADS-001745,33.79,62.24,0,23.9,71.7,95.6,0.0,0.0,0.0,0.0,NORMAL_EXECUTION_PROGRESS,NONE,NONE
MPLADS-001746,8.82,14.76,0,12.1,84.1,96.2,31.0,0.0,0.0052,0.0,NORMAL_EXECUTION_PROGRESS,NONE,NONE
MPLADS-001747,24.74,46.72,0,-4.7,92.3,87.6,12.0,0.0,0.001,0.0,NORMAL_EXECUTION_PROGRESS,NONE,NONE
MPLADS-001748,27.49,51.66,0,20.8,76.1,96.9,8.0,0.0,0.0038,0.0,NORMAL_EXECUTION_PROGRESS,NONE,NONE
MPLADS-001749,62.39,86.76,0,63.6,92.8,156.4,19.0,0.0,0.0033,75.0,SEVERE_PHYSICAL_FINANCIAL_GAP,NONE,NONE
MPLADS-001750,38.51,69.84,0,25.5,71.1,96.6,24.0,0.0,0.0029,0.0,NORMAL_EXECUTION_PROGRESS,NONE,NONE
MPLADS-001751,39.03,70.62,0,14.8,74.5,89.3,0.0,0.0,0.0,0.0,NORMAL_EXECUTION_PROGRESS,NONE,NONE
MPLADS-001752,2.02,1.94,0,15.5,76.4,91.9,7.0,0.0,0.0025,0.0,NORMAL_EXECUTION_PROGRESS,NONE,NONE
MPLADS-001753,30.59,56.94,0,-11.0,97.2,86.2,16.0,0.0,0.0004,0.0,NORMAL_EXECUTION_PROGRESS,NONE,NONE
MPLADS-001754,20.77,39.02,0,10.0,84.2,94.2,31.0,0.0,0.0148,0.0,NORMAL_EXECUTION_PROGRESS,NONE,NONE
MPLADS-001755,16.44,30.42,0,-4.6,98.4,93.8,24.0,0.0,0.0039,0.0,NORMAL_EXECUTION_PROGRESS,NONE,NONE
MPLADS-001756,55.94,84.82,0,55.7,75.6,131.3,0.0,0.0,0.0,75.0,NORMAL_EXECUTION_PROGRESS,NONE,NONE
MPLADS-001757,4.63,6.58,0,7.5,82.5,90.0,0.0,0.0,0.0,0.0,NORMAL_EXECUTION_PROGRESS,NONE,NONE
MPLADS-001758,10.94,19.14,0,12.8,76.9,89.7,19.0,0.0,0.0054,0.0,NORMAL_EXECUTION_PROGRESS,NONE,NONE
MPLADS-001759,17.92,33.38,0,-5.1,94.9,89.8,0.0,0.0,0.0,0.0,NORMAL_EXECUTION_PROGRESS,NONE,NONE
MPLADS-001760,26.97,50.74,0,22.2,71.5,93.7,10.0,0.0,0.0018,0.0,NORMAL_EXECUTION_PROGRESS,NONE,NONE
MPLADS-001761,5.44,8.14,0,-0.8,92.7,91.9,0.0,0.0,0.0,0.0,NORMAL_EXECUTION_PROGRESS,NONE,NONE
MPLADS-001762,25.25,47.6,0,3.6,92.2,95.8,31.0,0.0,0.004,0.0,NORMAL_EXECUTION_PROGRESS,NONE,NONE
MPLADS-001763,21.89,41.2,0,2.1,93.6,95.7,24.0,0.0,0.0011,0.0,NORMAL_EXECUTION_PROGRESS,NONE,NONE
MPLADS-001764,44.9,78.42,0,11.9,81.4,93.3,26.0,0.0,0.0274,0.0,NORMAL_EXECUTION_PROGRESS,NONE,NONE
MPLADS-001765,34.3,63.1,0,-3.0,93.8,90.8,6.0,0.0,0.0001,0.0,NORMAL_EXECUTION_PROGRESS,NONE,NONE
MPLADS-001766,94.96,99.14,1,100.0,0.0,100.0,0.0,1.0,0.0,75.0,GHOST_WORK_EXECUTION_DIVERGENCE,SEVERE_PHYSICAL_FINANCIAL_GAP,ABANDONED_WORK_SUSPICION
MPLADS-001767,28.56,53.58,0,2.7,91.7,94.4,8.0,0.0,0.0002,0.0,NORMAL_EXECUTION_PROGRESS,NONE,NONE
MPLADS-001768,38.64,70.02,0,10.8,83.2,94.0,17.0,0.0,0.0172,0.0,NORMAL_EXECUTION_PROGRESS,NONE,NONE
MPLADS-001769,54.97,84.58,0,-7.9,99.4,91.5,0.0,0.0,0.0,0.0,NORMAL_EXECUTION_PROGRESS,NONE,NONE
MPLADS-001770,8.02,13.14,0,11.8,85.4,97.2,0.0,0.0,0.0,0.0,NORMAL_EXECUTION_PROGRESS,NONE,NONE
MPLADS-001771,33.38,61.58,0,7.7,88.2,95.9,5.0,0.0,0.0001,0.0,NORMAL_EXECUTION_PROGRESS,NONE,NONE
MPLADS-001772,12.35,22.0,0,8.6,79.3,87.9,29.0,0.0,0.0097,0.0,NORMAL_EXECUTION_PROGRESS,NONE,NONE
MPLADS-001773,21.33,40.08,0,-2.3,88.0,85.7,0.0,0.0,0.0,0.0,NORMAL_EXECUTION_PROGRESS,NONE,NONE
MPLADS-001774,13.15,23.62,0,18.9,75.2,94.1,9.0,0.0,0.0034,0.0,NORMAL_EXECUTION_PROGRESS,NONE,NONE
MPLADS-001775,6.38,9.94,0,1.3,89.0,90.3,0.0,0.0,0.0,0.0,NORMAL_EXECUTION_PROGRESS,NONE,NONE
MPLADS-001776,23.37,44.02,0,7.6,85.1,92.7,31.0,0.0,0.0145,0.0,NORMAL_EXECUTION_PROGRESS,NONE,NONE
MPLADS-001777,7.32,11.82,0,3.3,88.8,92.1,30.0,0.0,0.0079,0.0,NORMAL_EXECUTION_PROGRESS,NONE,NONE
MPLADS-001778,31.23,58.06,0,-8.8,97.9,89.1,30.0,0.0,0.0054,0.0,NORMAL_EXECUTION_PROGRESS,NONE,NONE
MPLADS-001779,44.29,77.7,0,23.4,71.8,95.2,0.0,0.0,0.0,0.0,NORMAL_EXECUTION_PROGRESS,NONE,NONE
MPLADS-001780,85.58,98.32,1,49.7,41.9,91.6,450.0,0.0,0.8697,75.0,EXTREME_DURATION_OVERRUN,SEVERE_PHYSICAL_FINANCIAL_GAP,STALLED_EXECUTION_TRAJECTORY
MPLADS-001781,40.75,73.1,0,0.0,92.7,92.7,0.0,0.0,0.0,0.0,NORMAL_EXECUTION_PROGRESS,NONE,NONE
MPLADS-001782,76.24,94.3,0,40.3,13.0,53.3,3.0,0.0,0.007,50.0,SEVERE_PHYSICAL_FINANCIAL_GAP,ABANDONED_WORK_SUSPICION,NONE
MPLADS-001783,13.54,24.44,0,1.3,94.5,95.8,0.0,0.0,0.0,0.0,NORMAL_EXECUTION_PROGRESS,NONE,NONE
MPLADS-001784,2.38,2.56,0,4.1,87.4,91.5,0.0,0.0,0.0,0.0,NORMAL_EXECUTION_PROGRESS,NONE,NONE
MPLADS-001785,71.15,91.48,0,67.9,19.4,87.3,0.0,0.0,0.0,75.0,SEVERE_PHYSICAL_FINANCIAL_GAP,ABANDONED_WORK_SUSPICION,INSPECTION_DOCUMENTATION_DEFICIT
MPLADS-001786,2.83,3.32,0,12.6,78.4,91.0,0.0,0.0,0.0,0.0,NORMAL_EXECUTION_PROGRESS,NONE,NONE
MPLADS-001787,40.62,72.88,0,-5.9,96.3,90.4,0.0,0.0,0.0,0.0,NORMAL_EXECUTION_PROGRESS,NONE,NONE
MPLADS-001788,11.4,20.1,0,-1.8,91.6,89.8,21.0,0.0,0.0059,0.0,NORMAL_EXECUTION_PROGRESS,NONE,NONE
MPLADS-001789,14.06,25.5,0,1.4,92.6,94.0,6.0,0.0,0.0019,0.0,NORMAL_EXECUTION_PROGRESS,NONE,NONE
MPLADS-001790,18.37,34.26,0,15.9,82.0,97.9,20.0,0.0,0.0092,0.0,NORMAL_EXECUTION_PROGRESS,NONE,NONE
MPLADS-001791,1.13,0.72,0,9.0,85.0,94.0,9.0,0.0,0.002,0.0,NORMAL_EXECUTION_PROGRESS,NONE,NONE
MPLADS-001792,3.68,4.82,0,6.3,90.0,96.3,0.0,0.0,0.0,0.0,NORMAL_EXECUTION_PROGRESS,NONE,NONE
MPLADS-001793,60.04,85.9,0,64.0,83.7,147.7,22.0,0.0,0.0076,75.0,SEVERE_PHYSICAL_FINANCIAL_GAP,NONE,NONE
MPLADS-001794,42.53,75.48,0,-6.8,94.9,88.1,0.0,0.0,0.0,0.0,NORMAL_EXECUTION_PROGRESS,NONE,NONE
MPLADS-001795,43.1,76.24,0,8.1,81.1,89.2,23.0,0.0,0.0242,0.0,NORMAL_EXECUTION_PROGRESS,NONE,NONE
MPLADS-001796,46.53,80.0,0,24.7,72.8,97.5,21.0,0.0,0.0006,0.0,NORMAL_EXECUTION_PROGRESS,NONE,NONE
MPLADS-001797,19.13,35.78,0,-3.7,91.9,88.2,0.0,0.0,0.0,0.0,NORMAL_EXECUTION_PROGRESS,NONE,NONE
MPLADS-001798,40.46,72.62,0,12.8,76.5,89.3,24.0,0.0,0.0267,0.0,NORMAL_EXECUTION_PROGRESS,NONE,NONE
MPLADS-001799,2.32,2.46,0,13.4,83.2,96.6,11.0,0.0,0.0026,0.0,NORMAL_EXECUTION_PROGRESS,NONE,NONE
MPLADS-001800,46.18,79.72,0,-2.8,98.7,95.9,0.0,0.0,0.0,0.0,NORMAL_EXECUTION_PROGRESS,NONE,NONE
MPLADS-001801,28.63,53.68,0,20.5,73.3,93.8,34.0,0.0,0.0086,0.0,NORMAL_EXECUTION_PROGRESS,NONE,NONE
MPLADS-001802,20.97,39.38,0,18.8,73.2,92.0,27.0,0.0,0.0126,0.0,NORMAL_EXECUTION_PROGRESS,NONE,NONE
MPLADS-001803,16.97,31.5,0,16.1,81.0,97.1,32.0,0.0,0.013,0.0,NORMAL_EXECUTION_PROGRESS,NONE,NONE
MPLADS-001804,34.8,63.96,0,-0.8,97.9,97.1,0.0,0.0,0.0,0.0,NORMAL_EXECUTION_PROGRESS,NONE,NONE
MPLADS-001805,46.02,79.5,0,15.9,81.7,97.6,0.0,0.0,0.0,0.0,NORMAL_EXECUTION_PROGRESS,NONE,NONE
MPLADS-001806,70.86,91.24,0,59.6,26.9,86.5,12.0,0.0,0.0088,75.0,SEVERE_PHYSICAL_FINANCIAL_GAP,INSPECTION_DOCUMENTATION_DEFICIT,NONE
MPLADS-001807,8.03,13.16,0,0.3,85.2,85.5,0.0,0.0,0.0,0.0,NORMAL_EXECUTION_PROGRESS,NONE,NONE
MPLADS-001808,80.51,96.24,1,43.5,49.6,93.1,360.0,0.0,0.6229,75.0,EXTREME_DURATION_OVERRUN,SEVERE_PHYSICAL_FINANCIAL_GAP,STALLED_EXECUTION_TRAJECTORY
MPLADS-001809,24.91,47.0,0,-10.4,99.6,89.2,15.0,0.0,0.0032,0.0,NORMAL_EXECUTION_PROGRESS,NONE,NONE
MPLADS-001810,26.64,50.18,0,7.0,87.1,94.1,5.0,0.0,0.0001,0.0,NORMAL_EXECUTION_PROGRESS,NONE,NONE
MPLADS-001811,30.98,57.64,0,22.4,71.7,94.1,31.0,0.0,0.0155,0.0,NORMAL_EXECUTION_PROGRESS,NONE,NONE
MPLADS-001812,46.12,79.64,0,21.5,71.5,93.0,31.0,0.0,0.0017,0.0,NORMAL_EXECUTION_PROGRESS,NONE,NONE
MPLADS-001813,27.47,51.62,0,-2.4,91.3,88.9,0.0,0.0,0.0,0.0,NORMAL_EXECUTION_PROGRESS,NONE,NONE
MPLADS-001814,18.53,34.58,0,14.8,71.4,86.2,0.0,0.0,0.0,0.0,NORMAL_EXECUTION_PROGRESS,NONE,NONE
MPLADS-001815,52.79,83.76,0,54.2,80.9,135.1,1.0,0.0,0.0002,75.0,NORMAL_EXECUTION_PROGRESS,NONE,NONE
MPLADS-001816,2.72,3.16,0,4.3,84.7,89.0,11.0,0.0,0.0044,0.0,NORMAL_EXECUTION_PROGRESS,NONE,NONE
MPLADS-001817,74.76,93.68,0,61.5,28.1,89.6,11.0,0.0,0.0214,75.0,SEVERE_PHYSICAL_FINANCIAL_GAP,INSPECTION_DOCUMENTATION_DEFICIT,NONE
MPLADS-001818,16.78,31.12,0,17.7,78.7,96.4,27.0,0.0,0.0051,0.0,NORMAL_EXECUTION_PROGRESS,NONE,NONE
MPLADS-001819,20.44,38.38,0,-8.5,97.9,89.4,17.0,0.0,0.0029,0.0,NORMAL_EXECUTION_PROGRESS,NONE,NONE
MPLADS-001820,21.09,39.62,0,3.5,81.7,85.2,29.0,0.0,0.0081,0.0,NORMAL_EXECUTION_PROGRESS,NONE,NONE
MPLADS-001821,64.98,87.44,0,43.4,96.8,140.2,16.0,0.0,0.0003,50.0,SEVERE_PHYSICAL_FINANCIAL_GAP,NONE,NONE
MPLADS-001822,8.91,14.94,0,-1.4,91.7,90.3,28.0,0.0,0.0058,0.0,NORMAL_EXECUTION_PROGRESS,NONE,NONE
MPLADS-001823,34.54,63.5,0,17.0,74.0,91.0,31.0,0.0,0.0183,0.0,NORMAL_EXECUTION_PROGRESS,NONE,NONE
MPLADS-001824,2.56,2.88,0,5.7,88.7,94.4,0.0,0.0,0.0,0.0,NORMAL_EXECUTION_PROGRESS,NONE,NONE
MPLADS-001825,22.19,41.74,0,16.0,80.5,96.5,22.0,0.0,0.0106,0.0,NORMAL_EXECUTION_PROGRESS,NONE,NONE
MPLADS-001826,1.68,1.4,0,5.8,84.9,90.7,9.0,0.0,0.002,0.0,NORMAL_EXECUTION_PROGRESS,NONE,NONE
MPLADS-001827,29.29,54.78,0,-11.4,96.7,85.3,6.0,0.0,0.0018,0.0,NORMAL_EXECUTION_PROGRESS,NONE,NONE
MPLADS-001828,45.26,78.72,0,4.8,89.7,94.5,33.0,0.0,0.0007,0.0,NORMAL_EXECUTION_PROGRESS,NONE,NONE
MPLADS-001829,4.48,6.3,0,18.2,76.0,94.2,0.0,0.0,0.0,0.0,NORMAL_EXECUTION_PROGRESS,NONE,NONE
MPLADS-001830,19.87,37.26,0,-6.3,92.1,85.8,21.0,0.0,0.0058,0.0,NORMAL_EXECUTION_PROGRESS,NONE,NONE
MPLADS-001831,14.96,27.36,0,13.9,82.8,96.7,21.0,0.0,0.0031,0.0,NORMAL_EXECUTION_PROGRESS,NONE,NONE
MPLADS-001832,10.88,19.0,0,5.1,87.2,92.3,3.0,0.0,0.0006,0.0,NORMAL_EXECUTION_PROGRESS,NONE,NONE
MPLADS-001833,30.45,56.68,0,-2.2,93.5,91.3,31.0,0.0,0.0122,0.0,NORMAL_EXECUTION_PROGRESS,NONE,NONE
MPLADS-001834,54.84,84.5,0,51.0,88.5,139.5,0.0,0.0,0.0,75.0,NORMAL_EXECUTION_PROGRESS,NONE,NONE
MPLADS-001835,65.41,87.58,0,55.2,14.4,69.6,0.0,0.0,0.0,75.0,SEVERE_PHYSICAL_FINANCIAL_GAP,ABANDONED_WORK_SUSPICION,NONE
MPLADS-001836,23.36,44.0,0,17.9,71.5,89.4,0.0,0.0,0.0,0.0,NORMAL_EXECUTION_PROGRESS,NONE,NONE
MPLADS-001837,22.65,42.66,0,-2.7,97.6,94.9,6.0,0.0,0.0001,0.0,NORMAL_EXECUTION_PROGRESS,NONE,NONE
MPLADS-001838,37.51,68.3,0,9.2,76.4,85.6,0.0,0.0,0.0,0.0,NORMAL_EXECUTION_PROGRESS,NONE,NONE
MPLADS-001839,10.51,18.26,0,1.1,87.8,88.9,0.0,0.0,0.0,0.0,NORMAL_EXECUTION_PROGRESS,NONE,NONE
MPLADS-001840,26.25,49.46,0,16.3,70.5,86.8,2.0,0.0,0.0001,0.0,NORMAL_EXECUTION_PROGRESS,NONE,NONE
MPLADS-001841,21.21,39.84,0,0.6,91.6,92.2,0.0,0.0,0.0,0.0,NORMAL_EXECUTION_PROGRESS,NONE,NONE
MPLADS-001842,32.1,59.52,0,19.6,70.9,90.5,0.0,0.0,0.0,0.0,NORMAL_EXECUTION_PROGRESS,NONE,NONE
MPLADS-001843,80.36,96.1,1,3.5,84.9,88.4,0.0,0.0,0.0,0.0,INSPECTION_DOCUMENTATION_DEFICIT,NONE,NONE
MPLADS-001844,13.28,23.9,0,18.4,73.1,91.5,16.0,0.0,0.0055,0.0,NORMAL_EXECUTION_PROGRESS,NONE,NONE
MPLADS-001845,28.19,52.9,0,-4.7,96.6,91.9,28.0,0.0,0.0101,0.0,NORMAL_EXECUTION_PROGRESS,NONE,NONE
MPLADS-001846,80.66,96.36,1,75.0,20.4,95.4,30.0,0.0,0.0648,75.0,SEVERE_PHYSICAL_FINANCIAL_GAP,INSPECTION_DOCUMENTATION_DEFICIT,NONE
MPLADS-001847,52.16,83.52,0,3.3,87.1,90.4,0.0,0.0,0.0,0.0,NORMAL_EXECUTION_PROGRESS,NONE,NONE
MPLADS-001848,29.89,55.78,0,6.8,88.3,95.1,4.0,0.0,0.0037,0.0,NORMAL_EXECUTION_PROGRESS,NONE,NONE
MPLADS-001849,14.32,26.02,0,9.5,80.9,90.4,11.0,0.0,0.0005,0.0,NORMAL_EXECUTION_PROGRESS,NONE,NONE
MPLADS-001850,37.47,68.24,0,10.5,78.4,88.9,0.0,0.0,0.0,0.0,NORMAL_EXECUTION_PROGRESS,NONE,NONE
MPLADS-001851,14.38,26.14,0,16.4,81.0,97.4,29.0,0.0,0.0083,0.0,NORMAL_EXECUTION_PROGRESS,NONE,NONE
MPLADS-001852,17.33,32.18,0,15.0,73.1,88.1,7.0,0.0,0.0004,0.0,NORMAL_EXECUTION_PROGRESS,NONE,NONE
MPLADS-001853,22.76,42.88,0,-3.3,98.9,95.6,1.0,0.0,0.0001,0.0,NORMAL_EXECUTION_PROGRESS,NONE,NONE
MPLADS-001854,23.84,44.96,0,-10.0,96.2,86.2,0.0,0.0,0.0,0.0,NORMAL_EXECUTION_PROGRESS,NONE,NONE
MPLADS-001855,13.7,24.76,0,-0.6,90.0,89.4,3.0,0.0,0.0001,0.0,NORMAL_EXECUTION_PROGRESS,NONE,NONE
MPLADS-001856,17.02,31.58,0,-4.4,95.8,91.4,31.0,0.0,0.006,0.0,NORMAL_EXECUTION_PROGRESS,NONE,NONE
MPLADS-001857,52.28,83.58,0,-5.7,97.9,92.2,0.0,0.0,0.0,0.0,NORMAL_EXECUTION_PROGRESS,NONE,NONE
MPLADS-001858,68.65,89.46,0,45.2,22.0,67.2,34.0,0.0,0.0456,50.0,SEVERE_PHYSICAL_FINANCIAL_GAP,NONE,NONE
MPLADS-001859,0.4,0.12,0,6.5,83.5,90.0,8.0,0.0,0.0016,0.0,NORMAL_EXECUTION_PROGRESS,NONE,NONE
MPLADS-001860,19.27,36.06,0,1.6,85.0,86.6,0.0,0.0,0.0,0.0,NORMAL_EXECUTION_PROGRESS,NONE,NONE
MPLADS-001861,31.94,59.26,0,14.5,73.8,88.3,0.0,0.0,0.0,0.0,NORMAL_EXECUTION_PROGRESS,NONE,NONE
MPLADS-001862,13.59,24.52,0,8.0,77.3,85.3,0.0,0.0,0.0,0.0,NORMAL_EXECUTION_PROGRESS,NONE,NONE
MPLADS-001863,12.96,23.24,0,8.7,86.5,95.2,24.0,0.0,0.0104,0.0,NORMAL_EXECUTION_PROGRESS,NONE,NONE
MPLADS-001864,31.21,58.02,0,19.4,78.6,98.0,0.0,0.0,0.0,0.0,NORMAL_EXECUTION_PROGRESS,NONE,NONE
MPLADS-001865,23.2,43.68,0,4.1,86.7,90.8,6.0,0.0,0.0002,0.0,NORMAL_EXECUTION_PROGRESS,NONE,NONE
MPLADS-001866,31.8,59.02,0,-4.8,99.5,94.7,0.0,0.0,0.0,0.0,NORMAL_EXECUTION_PROGRESS,NONE,NONE
MPLADS-001867,2.81,3.28,0,8.7,86.4,95.1,5.0,0.0,0.0008,0.0,NORMAL_EXECUTION_PROGRESS,NONE,NONE
MPLADS-001868,40.54,72.78,0,21.2,75.9,97.1,0.0,0.0,0.0,0.0,NORMAL_EXECUTION_PROGRESS,NONE,NONE
MPLADS-001869,32.73,60.54,0,-8.0,98.8,90.8,31.0,0.0,0.0064,0.0,NORMAL_EXECUTION_PROGRESS,NONE,NONE
MPLADS-001870,40.55,72.8,0,-10.3,95.8,85.5,0.0,0.0,0.0,0.0,NORMAL_EXECUTION_PROGRESS,NONE,NONE
MPLADS-001871,4.35,6.04,0,11.0,74.9,85.9,0.0,0.0,0.0,0.0,NORMAL_EXECUTION_PROGRESS,NONE,NONE
MPLADS-001872,12.76,22.84,0,2.1,86.8,88.9,29.0,0.0,0.0043,0.0,NORMAL_EXECUTION_PROGRESS,NONE,NONE
MPLADS-001873,1.52,1.18,0,12.2,79.7,91.9,0.0,0.0,0.0,0.0,NORMAL_EXECUTION_PROGRESS,NONE,NONE
MPLADS-001874,36.84,67.3,0,-7.9,95.6,87.7,0.0,0.0,0.0,0.0,NORMAL_EXECUTION_PROGRESS,NONE,NONE
MPLADS-001875,95.74,99.32,1,100.0,0.0,100.0,0.0,1.0,0.0,75.0,GHOST_WORK_EXECUTION_DIVERGENCE,SEVERE_PHYSICAL_FINANCIAL_GAP,ABANDONED_WORK_SUSPICION
MPLADS-001876,14.15,25.7,0,15.9,77.4,93.3,23.0,0.0,0.0067,0.0,NORMAL_EXECUTION_PROGRESS,NONE,NONE
MPLADS-001877,22.04,41.46,0,19.6,74.4,94.0,34.0,0.0,0.0083,0.0,NORMAL_EXECUTION_PROGRESS,NONE,NONE
MPLADS-001878,10.73,18.7,0,2.4,87.1,89.5,23.0,0.0,0.003,0.0,NORMAL_EXECUTION_PROGRESS,NONE,NONE
MPLADS-001879,46.97,80.38,0,-6.0,98.8,92.8,9.0,0.0,0.0074,0.0,NORMAL_EXECUTION_PROGRESS,NONE,NONE
MPLADS-001880,13.65,24.64,0,14.4,72.8,87.2,14.0,0.0,0.0047,0.0,NORMAL_EXECUTION_PROGRESS,NONE,NONE
MPLADS-001881,14.34,26.06,0,12.8,74.0,86.8,7.0,0.0,0.001,0.0,NORMAL_EXECUTION_PROGRESS,NONE,NONE
MPLADS-001882,80.08,95.92,1,0.9,94.4,95.3,27.0,0.0,0.0059,0.0,INSPECTION_DOCUMENTATION_DEFICIT,NONE,NONE
MPLADS-001883,69.7,90.36,0,69.9,21.3,91.2,26.0,0.0,0.0389,75.0,SEVERE_PHYSICAL_FINANCIAL_GAP,INSPECTION_DOCUMENTATION_DEFICIT,NONE
MPLADS-001884,20.06,37.64,0,-0.7,93.5,92.8,0.0,0.0,0.0,0.0,NORMAL_EXECUTION_PROGRESS,NONE,NONE
MPLADS-001885,59.58,85.76,0,45.9,92.5,138.4,10.0,0.0,0.0089,50.0,NORMAL_EXECUTION_PROGRESS,NONE,NONE
MPLADS-001886,12.51,22.3,0,2.2,88.8,91.0,30.0,0.0,0.0079,0.0,NORMAL_EXECUTION_PROGRESS,NONE,NONE
MPLADS-001887,45.74,79.14,0,-0.6,85.9,85.3,26.0,0.0,0.026,0.0,NORMAL_EXECUTION_PROGRESS,NONE,NONE
MPLADS-001888,26.88,50.58,0,22.9,74.5,97.4,15.0,0.0,0.0026,0.0,NORMAL_EXECUTION_PROGRESS,NONE,NONE
MPLADS-001889,39.09,70.72,0,-4.4,91.1,86.7,5.0,0.0,0.0001,0.0,NORMAL_EXECUTION_PROGRESS,NONE,NONE
MPLADS-001890,79.36,95.52,1,11.1,74.6,85.7,480.0,0.0,0.7341,25.0,EXTREME_DURATION_OVERRUN,STALLED_EXECUTION_TRAJECTORY,NONE
MPLADS-001891,50.45,82.86,0,34.8,98.1,132.9,18.0,0.0,0.0027,50.0,NORMAL_EXECUTION_PROGRESS,NONE,NONE
MPLADS-001892,71.66,91.9,0,24.3,72.6,96.9,240.0,0.0,0.2398,25.0,EXTREME_DURATION_OVERRUN,NONE,NONE
MPLADS-001893,41.3,73.9,0,22.9,71.6,94.5,9.0,0.0,0.0002,0.0,NORMAL_EXECUTION_PROGRESS,NONE,NONE
MPLADS-001894,38.44,69.72,0,-4.0,94.3,90.3,0.0,0.0,0.0,0.0,NORMAL_EXECUTION_PROGRESS,NONE,NONE
MPLADS-001895,25.24,47.58,0,18.9,70.8,89.7,0.0,0.0,0.0,0.0,NORMAL_EXECUTION_PROGRESS,NONE,NONE
MPLADS-001896,26.87,50.56,0,8.7,81.8,90.5,32.0,0.0,0.0031,0.0,NORMAL_EXECUTION_PROGRESS,NONE,NONE
MPLADS-001897,82.96,97.34,1,73.7,18.1,91.8,30.0,0.0,0.0666,75.0,SEVERE_PHYSICAL_FINANCIAL_GAP,ABANDONED_WORK_SUSPICION,INSPECTION_DOCUMENTATION_DEFICIT
MPLADS-001898,5.21,7.68,0,10.3,75.2,85.5,0.0,0.0,0.0,0.0,NORMAL_EXECUTION_PROGRESS,NONE,NONE
MPLADS-001899,69.23,89.94,0,53.9,91.6,145.5,0.0,0.0,0.0,75.0,SEVERE_PHYSICAL_FINANCIAL_GAP,NONE,NONE
MPLADS-001900,19.24,36.0,0,9.4,85.9,95.3,25.0,0.0,0.011,0.0,NORMAL_EXECUTION_PROGRESS,NONE,NONE
MPLADS-001901,10.08,17.36,0,17.1,75.6,92.7,19.0,0.0,0.0063,0.0,NORMAL_EXECUTION_PROGRESS,NONE,NONE
MPLADS-001902,11.06,19.38,0,18.9,77.2,96.1,0.0,0.0,0.0,0.0,NORMAL_EXECUTION_PROGRESS,NONE,NONE
MPLADS-001903,23.44,44.16,0,1.5,85.5,87.0,15.0,0.0,0.0017,0.0,NORMAL_EXECUTION_PROGRESS,NONE,NONE
MPLADS-001904,42.68,75.68,0,5.6,89.5,95.1,27.0,0.0,0.0259,0.0,NORMAL_EXECUTION_PROGRESS,NONE,NONE
MPLADS-001905,68.36,89.32,0,68.0,25.9,93.9,0.0,0.0,0.0,75.0,SEVERE_PHYSICAL_FINANCIAL_GAP,INSPECTION_DOCUMENTATION_DEFICIT,NONE
MPLADS-001906,36.18,66.26,0,8.9,87.9,96.8,7.0,0.0,0.0065,0.0,NORMAL_EXECUTION_PROGRESS,NONE,NONE
MPLADS-001907,19.19,35.9,0,-3.4,88.8,85.4,21.0,0.0,0.0011,0.0,NORMAL_EXECUTION_PROGRESS,NONE,NONE
MPLADS-001908,40.72,73.04,0,25.9,70.2,96.1,0.0,0.0,0.0,0.0,NORMAL_EXECUTION_PROGRESS,NONE,NONE
MPLADS-001909,5.29,7.82,0,13.7,83.9,97.6,0.0,0.0,0.0,0.0,NORMAL_EXECUTION_PROGRESS,NONE,NONE
MPLADS-001910,30.36,56.54,0,13.9,73.0,86.9,0.0,0.0,0.0,0.0,NORMAL_EXECUTION_PROGRESS,NONE,NONE
MPLADS-001911,70.56,91.08,0,73.6,21.7,95.3,1.0,0.0,0.0008,75.0,SEVERE_PHYSICAL_FINANCIAL_GAP,INSPECTION_DOCUMENTATION_DEFICIT,NONE
MPLADS-001912,12.14,21.6,0,-7.6,93.3,85.7,23.0,0.0,0.0049,0.0,NORMAL_EXECUTION_PROGRESS,NONE,NONE
MPLADS-001913,86.9,98.7,1,38.3,47.0,85.3,540.0,0.0,1.0673,75.0,EXTREME_DURATION_OVERRUN,STALLED_EXECUTION_TRAJECTORY,SEVERE_PHYSICAL_FINANCIAL_GAP
MPLADS-001914,17.65,32.84,0,16.8,79.6,96.4,0.0,0.0,0.0,0.0,NORMAL_EXECUTION_PROGRESS,NONE,NONE
MPLADS-001915,39.26,70.94,0,22.3,74.5,96.8,0.0,0.0,0.0,0.0,NORMAL_EXECUTION_PROGRESS,NONE,NONE
MPLADS-001916,23.54,44.38,0,19.8,76.2,96.0,0.0,0.0,0.0,0.0,NORMAL_EXECUTION_PROGRESS,NONE,NONE
MPLADS-001917,15.96,29.44,0,-0.6,91.4,90.8,19.0,0.0,0.0071,0.0,NORMAL_EXECUTION_PROGRESS,NONE,NONE
MPLADS-001918,3.31,4.12,0,7.6,85.1,92.7,0.0,0.0,0.0,0.0,NORMAL_EXECUTION_PROGRESS,NONE,NONE
MPLADS-001919,16.19,29.9,0,20.4,72.7,93.1,23.0,0.0,0.0077,0.0,NORMAL_EXECUTION_PROGRESS,NONE,NONE
MPLADS-001920,52.82,83.8,0,-6.0,99.4,93.4,31.0,0.0,0.0006,0.0,NORMAL_EXECUTION_PROGRESS,NONE,NONE
MPLADS-001921,16.61,30.74,0,18.3,79.0,97.3,0.0,0.0,0.0,0.0,NORMAL_EXECUTION_PROGRESS,NONE,NONE
MPLADS-001922,11.62,20.54,0,10.5,83.8,94.3,20.0,0.0,0.0012,0.0,NORMAL_EXECUTION_PROGRESS,NONE,NONE
MPLADS-001923,29.92,55.8,0,24.7,72.7,97.4,13.0,0.0,0.0023,0.0,NORMAL_EXECUTION_PROGRESS,NONE,NONE
MPLADS-001924,42.01,74.82,0,7.6,88.7,96.3,26.0,0.0,0.0252,0.0,NORMAL_EXECUTION_PROGRESS,NONE,NONE
MPLADS-001925,26.2,49.36,0,-7.5,93.6,86.1,8.0,0.0,0.0002,0.0,NORMAL_EXECUTION_PROGRESS,NONE,NONE
MPLADS-001926,9.17,15.5,0,16.2,78.0,94.2,13.0,0.0,0.0008,0.0,NORMAL_EXECUTION_PROGRESS,NONE,NONE
MPLADS-001927,22.1,41.56,0,4.9,92.3,97.2,20.0,0.0,0.0008,0.0,NORMAL_EXECUTION_PROGRESS,NONE,NONE
MPLADS-001928,14.12,25.62,0,3.4,93.2,96.6,17.0,0.0,0.0044,0.0,NORMAL_EXECUTION_PROGRESS,NONE,NONE
MPLADS-001929,14.08,25.54,0,4.6,84.4,89.0,27.0,0.0,0.0096,0.0,NORMAL_EXECUTION_PROGRESS,NONE,NONE
MPLADS-001930,17.29,32.12,0,6.8,82.9,89.7,0.0,0.0,0.0,0.0,NORMAL_EXECUTION_PROGRESS,NONE,NONE
MPLADS-001931,15.92,29.36,0,-1.3,87.1,85.8,23.0,0.0,0.0074,0.0,NORMAL_EXECUTION_PROGRESS,NONE,NONE
MPLADS-001932,14.7,26.8,0,-6.7,92.3,85.6,0.0,0.0,0.0,0.0,NORMAL_EXECUTION_PROGRESS,NONE,NONE
MPLADS-001933,41.26,73.84,0,17.7,76.9,94.6,34.0,0.0,0.0016,0.0,NORMAL_EXECUTION_PROGRESS,NONE,NONE
MPLADS-001934,8.39,13.9,0,14.8,78.6,93.4,25.0,0.0,0.0101,0.0,NORMAL_EXECUTION_PROGRESS,NONE,NONE
MPLADS-001935,38.04,69.12,0,23.8,70.9,94.7,0.0,0.0,0.0,0.0,NORMAL_EXECUTION_PROGRESS,NONE,NONE
MPLADS-001936,6.34,9.86,0,4.5,82.5,87.0,14.0,0.0,0.0018,0.0,NORMAL_EXECUTION_PROGRESS,NONE,NONE
MPLADS-001937,80.63,96.34,1,4.8,87.4,92.2,3.0,0.0,0.0002,0.0,INSPECTION_DOCUMENTATION_DEFICIT,NONE,NONE
MPLADS-001938,17.07,31.68,0,10.3,75.3,85.6,7.0,0.0,0.0004,0.0,NORMAL_EXECUTION_PROGRESS,NONE,NONE
MPLADS-001939,29.48,55.1,0,-0.9,95.7,94.8,11.0,0.0,0.0003,0.0,NORMAL_EXECUTION_PROGRESS,NONE,NONE
MPLADS-001940,6.11,9.4,0,9.9,83.9,93.8,0.0,0.0,0.0,0.0,NORMAL_EXECUTION_PROGRESS,NONE,NONE
MPLADS-001941,2.45,2.68,0,6.2,85.4,91.6,7.0,0.0,0.0013,0.0,NORMAL_EXECUTION_PROGRESS,NONE,NONE
MPLADS-001942,7.02,11.22,0,16.0,74.1,90.1,19.0,0.0,0.0058,0.0,NORMAL_EXECUTION_PROGRESS,NONE,NONE
MPLADS-001943,8.59,14.3,0,11.5,84.8,96.3,0.0,0.0,0.0,0.0,NORMAL_EXECUTION_PROGRESS,NONE,NONE
MPLADS-001944,21.95,41.3,0,10.2,75.0,85.2,25.0,0.0,0.0139,0.0,NORMAL_EXECUTION_PROGRESS,NONE,NONE
MPLADS-001945,55.29,84.68,0,-1.9,88.3,86.4,0.0,0.0,0.0,0.0,NORMAL_EXECUTION_PROGRESS,NONE,NONE
MPLADS-001946,39.87,71.84,0,19.6,75.1,94.7,0.0,0.0,0.0,0.0,NORMAL_EXECUTION_PROGRESS,NONE,NONE
MPLADS-001947,5.12,7.52,0,7.2,79.7,86.9,0.0,0.0,0.0,0.0,NORMAL_EXECUTION_PROGRESS,NONE,NONE
MPLADS-001948,79.07,95.32,1,82.2,16.4,98.6,18.0,0.0,0.0231,75.0,SEVERE_PHYSICAL_FINANCIAL_GAP,ABANDONED_WORK_SUSPICION,INSPECTION_DOCUMENTATION_DEFICIT
MPLADS-001949,23.83,44.94,0,0.0,95.7,95.7,22.0,0.0,0.0008,0.0,NORMAL_EXECUTION_PROGRESS,NONE,NONE
MPLADS-001950,31.91,59.22,0,22.5,72.6,95.1,33.0,0.0,0.0047,0.0,NORMAL_EXECUTION_PROGRESS,NONE,NONE
MPLADS-001951,59.2,85.62,0,51.4,82.1,133.5,0.0,0.0,0.0,75.0,NORMAL_EXECUTION_PROGRESS,NONE,NONE
MPLADS-001952,7.95,13.0,0,-3.6,92.8,89.2,12.0,0.0,0.0029,0.0,NORMAL_EXECUTION_PROGRESS,NONE,NONE
MPLADS-001953,5.35,7.94,0,3.6,87.4,91.0,23.0,0.0,0.0058,0.0,NORMAL_EXECUTION_PROGRESS,NONE,NONE
MPLADS-001954,41.16,73.66,0,19.2,70.4,89.6,0.0,0.0,0.0,0.0,NORMAL_EXECUTION_PROGRESS,NONE,NONE
MPLADS-001955,40.18,72.28,0,-0.3,91.4,91.1,0.0,0.0,0.0,0.0,NORMAL_EXECUTION_PROGRESS,NONE,NONE
MPLADS-001956,34.69,63.74,0,8.1,81.5,89.6,0.0,0.0,0.0,0.0,NORMAL_EXECUTION_PROGRESS,NONE,NONE
MPLADS-001957,75.83,94.16,0,84.4,70.2,154.6,25.0,0.0,0.0011,75.0,SEVERE_PHYSICAL_FINANCIAL_GAP,NONE,NONE
MPLADS-001958,75.76,94.1,0,14.0,71.6,85.6,420.0,0.0,0.6517,25.0,EXTREME_DURATION_OVERRUN,STALLED_EXECUTION_TRAJECTORY,NONE
MPLADS-001959,36.22,66.32,0,-2.7,88.2,85.5,0.0,0.0,0.0,0.0,NORMAL_EXECUTION_PROGRESS,NONE,NONE
MPLADS-001960,21.79,41.0,0,-1.2,89.3,88.1,0.0,0.0,0.0,0.0,NORMAL_EXECUTION_PROGRESS,NONE,NONE
MPLADS-001961,6.84,10.86,0,0.5,91.4,91.9,3.0,0.0,0.0005,0.0,NORMAL_EXECUTION_PROGRESS,NONE,NONE
MPLADS-001962,75.39,93.94,0,60.4,24.9,85.3,0.0,0.0,0.0,75.0,SEVERE_PHYSICAL_FINANCIAL_GAP,INSPECTION_DOCUMENTATION_DEFICIT,NONE
MPLADS-001963,12.6,22.5,0,12.7,79.8,92.5,25.0,0.0,0.0098,0.0,NORMAL_EXECUTION_PROGRESS,NONE,NONE
MPLADS-001964,44.42,77.88,0,-9.0,97.8,88.8,0.0,0.0,0.0,0.0,NORMAL_EXECUTION_PROGRESS,NONE,NONE
MPLADS-001965,22.39,42.12,0,-1.4,95.8,94.4,14.0,0.0,0.0032,0.0,NORMAL_EXECUTION_PROGRESS,NONE,NONE
MPLADS-001966,7.75,12.64,0,-4.8,90.4,85.6,21.0,0.0,0.0041,0.0,NORMAL_EXECUTION_PROGRESS,NONE,NONE
MPLADS-001967,34.37,63.22,0,15.6,76.8,92.4,14.0,0.0,0.0152,0.0,NORMAL_EXECUTION_PROGRESS,NONE,NONE
MPLADS-001968,3.88,5.14,0,3.5,85.2,88.7,7.0,0.0,0.002,0.0,NORMAL_EXECUTION_PROGRESS,NONE,NONE
MPLADS-001969,10.82,18.88,0,0.8,88.5,89.3,0.0,0.0,0.0,0.0,NORMAL_EXECUTION_PROGRESS,NONE,NONE
MPLADS-001970,74.56,93.58,0,72.1,23.8,95.9,31.0,0.0,0.0483,75.0,SEVERE_PHYSICAL_FINANCIAL_GAP,INSPECTION_DOCUMENTATION_DEFICIT,NONE
MPLADS-001971,20.29,38.08,0,-6.3,95.3,89.0,21.0,0.0,0.0035,0.0,NORMAL_EXECUTION_PROGRESS,NONE,NONE
MPLADS-001972,11.27,19.82,0,18.1,78.2,96.3,10.0,0.0,0.0046,0.0,NORMAL_EXECUTION_PROGRESS,NONE,NONE
MPLADS-001973,47.82,81.12,0,24.0,71.4,95.4,26.0,0.0,0.0308,0.0,NORMAL_EXECUTION_PROGRESS,NONE,NONE
MPLADS-001974,25.09,47.32,0,23.7,72.2,95.9,11.0,0.0,0.0019,0.0,NORMAL_EXECUTION_PROGRESS,NONE,NONE
MPLADS-001975,35.83,65.64,0,15.9,80.9,96.8,10.0,0.0,0.0102,0.0,NORMAL_EXECUTION_PROGRESS,NONE,NONE
MPLADS-001976,61.72,86.48,0,67.7,86.3,154.0,0.0,0.0,0.0,75.0,SEVERE_PHYSICAL_FINANCIAL_GAP,NONE,NONE
MPLADS-001977,24.79,46.82,0,18.8,77.6,96.4,27.0,0.0,0.0083,0.0,NORMAL_EXECUTION_PROGRESS,NONE,NONE
MPLADS-001978,18.79,35.1,0,18.5,72.4,90.9,0.0,0.0,0.0,0.0,NORMAL_EXECUTION_PROGRESS,NONE,NONE
MPLADS-001979,27.11,51.0,0,-3.8,99.8,96.0,8.0,0.0,0.0011,0.0,NORMAL_EXECUTION_PROGRESS,NONE,NONE
MPLADS-001980,39.67,71.52,0,22.5,73.5,96.0,9.0,0.0,0.0002,0.0,NORMAL_EXECUTION_PROGRESS,NONE,NONE
MPLADS-001981,33.43,61.66,0,-2.6,88.0,85.4,0.0,0.0,0.0,0.0,NORMAL_EXECUTION_PROGRESS,NONE,NONE
MPLADS-001982,50.3,82.76,0,26.9,70.2,97.1,22.0,0.0,0.0262,0.0,NORMAL_EXECUTION_PROGRESS,NONE,NONE
MPLADS-001983,15.61,28.72,0,-5.6,93.9,88.3,19.0,0.0,0.0032,0.0,NORMAL_EXECUTION_PROGRESS,NONE,NONE
MPLADS-001984,48.18,81.42,0,13.1,76.5,89.6,0.0,0.0,0.0,0.0,NORMAL_EXECUTION_PROGRESS,NONE,NONE
MPLADS-001985,11.5,20.28,0,20.5,73.0,93.5,12.0,0.0,0.0039,0.0,NORMAL_EXECUTION_PROGRESS,NONE,NONE
MPLADS-001986,38.39,69.64,0,15.4,72.1,87.5,10.0,0.0,0.0002,0.0,NORMAL_EXECUTION_PROGRESS,NONE,NONE
MPLADS-001987,16.27,30.06,0,-2.2,97.0,94.8,13.0,0.0,0.0018,0.0,NORMAL_EXECUTION_PROGRESS,NONE,NONE
MPLADS-001988,36.99,67.52,0,-3.4,95.8,92.4,20.0,0.0,0.0004,0.0,NORMAL_EXECUTION_PROGRESS,NONE,NONE
MPLADS-001989,27.08,50.94,0,-14.0,99.4,85.4,15.0,0.0,0.002,0.0,NORMAL_EXECUTION_PROGRESS,NONE,NONE
MPLADS-001990,79.92,95.84,1,34.1,61.3,95.4,450.0,0.0,0.7396,75.0,EXTREME_DURATION_OVERRUN,STALLED_EXECUTION_TRAJECTORY,SEVERE_PHYSICAL_FINANCIAL_GAP
MPLADS-001991,40.35,72.48,0,13.9,71.8,85.7,0.0,0.0,0.0,0.0,NORMAL_EXECUTION_PROGRESS,NONE,NONE
MPLADS-001992,41.79,74.56,0,15.3,70.3,85.6,5.0,0.0,0.0001,0.0,NORMAL_EXECUTION_PROGRESS,NONE,NONE
MPLADS-001993,17.43,32.38,0,11.1,75.9,87.0,20.0,0.0,0.0105,0.0,NORMAL_EXECUTION_PROGRESS,NONE,NONE
MPLADS-001994,14.01,25.4,0,0.2,93.5,93.7,0.0,0.0,0.0,0.0,NORMAL_EXECUTION_PROGRESS,NONE,NONE
MPLADS-001995,36.11,66.14,0,5.2,90.0,95.2,0.0,0.0,0.0,0.0,NORMAL_EXECUTION_PROGRESS,NONE,NONE
MPLADS-001996,79.81,95.74,1,1.8,91.0,92.8,2.0,0.0,0.0,0.0,INSPECTION_DOCUMENTATION_DEFICIT,NONE,NONE
MPLADS-001997,7.85,12.82,0,6.6,83.2,89.8,20.0,0.0,0.0028,0.0,NORMAL_EXECUTION_PROGRESS,NONE,NONE
MPLADS-001998,46.2,79.76,0,0.7,95.6,96.3,18.0,0.0,0.0157,0.0,NORMAL_EXECUTION_PROGRESS,NONE,NONE
MPLADS-001999,44.74,78.26,0,-10.7,96.0,85.3,0.0,0.0,0.0,0.0,NORMAL_EXECUTION_PROGRESS,NONE,NONE
MPLADS-002000,64.25,87.26,0,33.8,10.0,43.8,0.0,0.0,0.0,50.0,SEVERE_PHYSICAL_FINANCIAL_GAP,NONE,NONE
MPLADS-002001,25.79,48.6,0,18.2,74.1,92.3,0.0,0.0,0.0,0.0,NORMAL_EXECUTION_PROGRESS,NONE,NONE
MPLADS-002002,80.26,96.06,1,76.6,15.5,92.1,8.0,0.0,0.0181,75.0,SEVERE_PHYSICAL_FINANCIAL_GAP,ABANDONED_WORK_SUSPICION,INSPECTION_DOCUMENTATION_DEFICIT
MPLADS-002003,30.93,57.54,0,-2.8,89.4,86.6,34.0,0.0,0.0149,0.0,NORMAL_EXECUTION_PROGRESS,NONE,NONE
MPLADS-002004,20.37,38.22,0,18.0,77.3,95.3,25.0,0.0,0.0132,0.0,NORMAL_EXECUTION_PROGRESS,NONE,NONE
MPLADS-002005,49.07,82.08,0,-9.4,97.7,88.3,0.0,0.0,0.0,0.0,NORMAL_EXECUTION_PROGRESS,NONE,NONE
MPLADS-002006,24.86,46.92,0,3.6,82.8,86.4,33.0,0.0,0.0031,0.0,NORMAL_EXECUTION_PROGRESS,NONE,NONE
MPLADS-002007,68.14,89.08,0,68.0,27.4,95.4,0.0,0.0,0.0,75.0,SEVERE_PHYSICAL_FINANCIAL_GAP,INSPECTION_DOCUMENTATION_DEFICIT,NONE
MPLADS-002008,79.15,95.36,1,66.9,28.2,95.1,34.0,0.0,0.0673,75.0,SEVERE_PHYSICAL_FINANCIAL_GAP,INSPECTION_DOCUMENTATION_DEFICIT,NONE
MPLADS-002009,48.29,81.5,0,6.6,78.4,85.0,31.0,0.0,0.0342,0.0,NORMAL_EXECUTION_PROGRESS,NONE,NONE
MPLADS-002010,38.07,69.16,0,3.2,86.2,89.4,0.0,0.0,0.0,0.0,NORMAL_EXECUTION_PROGRESS,NONE,NONE
MPLADS-002011,22.55,42.44,0,5.3,80.3,85.6,0.0,0.0,0.0,0.0,NORMAL_EXECUTION_PROGRESS,NONE,NONE
MPLADS-002012,50.26,82.72,0,-0.1,97.1,97.0,33.0,0.0,0.0006,0.0,NORMAL_EXECUTION_PROGRESS,NONE,NONE
MPLADS-002013,16.81,31.18,0,17.4,73.7,91.1,9.0,0.0,0.0028,0.0,NORMAL_EXECUTION_PROGRESS,NONE,NONE
MPLADS-002014,7.49,12.14,0,12.1,80.0,92.1,5.0,0.0,0.0016,0.0,NORMAL_EXECUTION_PROGRESS,NONE,NONE
MPLADS-002015,5.07,7.42,0,14.8,77.0,91.8,0.0,0.0,0.0,0.0,NORMAL_EXECUTION_PROGRESS,NONE,NONE
MPLADS-002016,4.42,6.16,0,16.6,78.5,95.1,7.0,0.0,0.0018,0.0,NORMAL_EXECUTION_PROGRESS,NONE,NONE
MPLADS-002017,21.54,40.5,0,-4.2,98.3,94.1,1.0,0.0,0.0002,0.0,NORMAL_EXECUTION_PROGRESS,NONE,NONE
MPLADS-002018,72.31,92.3,0,57.2,32.8,90.0,24.0,0.0,0.0326,75.0,SEVERE_PHYSICAL_FINANCIAL_GAP,INSPECTION_DOCUMENTATION_DEFICIT,NONE
MPLADS-002019,16.62,30.76,0,-6.2,91.9,85.7,25.0,0.0,0.0029,0.0,NORMAL_EXECUTION_PROGRESS,NONE,NONE
MPLADS-002020,21.32,40.06,0,-3.7,97.0,93.3,1.0,0.0,0.0003,0.0,NORMAL_EXECUTION_PROGRESS,NONE,NONE
MPLADS-002021,68.71,89.52,0,65.0,32.4,97.4,0.0,0.0,0.0,75.0,SEVERE_PHYSICAL_FINANCIAL_GAP,INSPECTION_DOCUMENTATION_DEFICIT,NONE
MPLADS-002022,9.63,16.42,0,16.7,77.0,93.7,2.0,0.0,0.0005,0.0,NORMAL_EXECUTION_PROGRESS,NONE,NONE
MPLADS-002023,40.22,72.34,0,-2.3,99.0,96.7,31.0,0.0,0.0014,0.0,NORMAL_EXECUTION_PROGRESS,NONE,NONE
MPLADS-002024,13.21,23.74,0,-4.5,95.6,91.1,13.0,0.0,0.0019,0.0,NORMAL_EXECUTION_PROGRESS,NONE,NONE
MPLADS-002025,27.39,51.48,0,-3.5,97.0,93.5,0.0,0.0,0.0,0.0,NORMAL_EXECUTION_PROGRESS,NONE,NONE
MPLADS-002026,8.35,13.8,0,-4.7,90.8,86.1,23.0,0.0,0.0067,0.0,NORMAL_EXECUTION_PROGRESS,NONE,NONE
MPLADS-002027,13.08,23.48,0,0.3,88.3,88.6,0.0,0.0,0.0,0.0,NORMAL_EXECUTION_PROGRESS,NONE,NONE
MPLADS-002028,37.79,68.72,0,3.5,88.4,91.9,2.0,0.0,0.0018,0.0,NORMAL_EXECUTION_PROGRESS,NONE,NONE
MPLADS-002029,76.46,94.42,0,73.5,19.3,92.8,27.0,0.0,0.0464,75.0,SEVERE_PHYSICAL_FINANCIAL_GAP,ABANDONED_WORK_SUSPICION,INSPECTION_DOCUMENTATION_DEFICIT
MPLADS-002030,25.65,48.36,0,3.7,85.2,88.9,0.0,0.0,0.0,0.0,NORMAL_EXECUTION_PROGRESS,NONE,NONE
MPLADS-002031,21.48,40.38,0,22.4,72.2,94.6,19.0,0.0,0.0061,0.0,NORMAL_EXECUTION_PROGRESS,NONE,NONE
MPLADS-002032,77.42,94.66,0,16.0,70.9,86.9,360.0,0.0,0.4713,25.0,EXTREME_DURATION_OVERRUN,STALLED_EXECUTION_TRAJECTORY,NONE
MPLADS-002033,0.42,0.14,0,11.7,81.5,93.2,18.0,0.0,0.005,0.0,NORMAL_EXECUTION_PROGRESS,NONE,NONE
MPLADS-002034,17.8,33.14,0,1.0,92.9,93.9,32.0,0.0,0.0078,0.0,NORMAL_EXECUTION_PROGRESS,NONE,NONE
MPLADS-002035,18.45,34.42,0,-3.0,92.6,89.6,0.0,0.0,0.0,0.0,NORMAL_EXECUTION_PROGRESS,NONE,NONE
MPLADS-002036,41.07,73.52,0,22.4,73.5,95.9,0.0,0.0,0.0,0.0,NORMAL_EXECUTION_PROGRESS,NONE,NONE
MPLADS-002037,23.46,44.2,0,4.0,87.9,91.9,32.0,0.0,0.011,0.0,NORMAL_EXECUTION_PROGRESS,NONE,NONE
MPLADS-002038,38.13,69.28,0,-9.1,94.6,85.5,0.0,0.0,0.0,0.0,NORMAL_EXECUTION_PROGRESS,NONE,NONE
MPLADS-002039,1.1,0.7,0,6.0,81.7,87.7,13.0,0.0,0.0034,0.0,NORMAL_EXECUTION_PROGRESS,NONE,NONE
MPLADS-002040,16.59,30.72,0,-0.8,88.9,88.1,24.0,0.0,0.0098,0.0,NORMAL_EXECUTION_PROGRESS,NONE,NONE
MPLADS-002041,39.65,71.5,0,21.9,75.4,97.3,0.0,0.0,0.0,0.0,NORMAL_EXECUTION_PROGRESS,NONE,NONE
MPLADS-002042,3.55,4.58,0,11.9,83.7,95.6,17.0,0.0,0.0056,0.0,NORMAL_EXECUTION_PROGRESS,NONE,NONE
MPLADS-002043,29.73,55.54,0,0.3,90.0,90.3,27.0,0.0,0.0111,0.0,NORMAL_EXECUTION_PROGRESS,NONE,NONE
MPLADS-002044,26.48,49.88,0,9.4,87.4,96.8,33.0,0.0,0.015,0.0,NORMAL_EXECUTION_PROGRESS,NONE,NONE
MPLADS-002045,30.03,56.0,0,-6.1,98.9,92.8,0.0,0.0,0.0,0.0,NORMAL_EXECUTION_PROGRESS,NONE,NONE
MPLADS-002046,28.45,53.38,0,-6.0,98.5,92.5,0.0,0.0,0.0,0.0,NORMAL_EXECUTION_PROGRESS,NONE,NONE
MPLADS-002047,3.26,4.04,0,9.4,86.8,96.2,2.0,0.0,0.0004,0.0,NORMAL_EXECUTION_PROGRESS,NONE,NONE
MPLADS-002048,69.9,90.56,0,43.7,10.4,54.1,21.0,0.0,0.0425,50.0,SEVERE_PHYSICAL_FINANCIAL_GAP,ABANDONED_WORK_SUSPICION,NONE
MPLADS-002049,9.77,16.72,0,8.4,89.4,97.8,20.0,0.0,0.0059,0.0,NORMAL_EXECUTION_PROGRESS,NONE,NONE
MPLADS-002050,73.65,93.02,0,72.4,22.3,94.7,6.0,0.0,0.0098,75.0,SEVERE_PHYSICAL_FINANCIAL_GAP,INSPECTION_DOCUMENTATION_DEFICIT,NONE
MPLADS-002051,97.02,99.7,1,100.0,0.0,100.0,16.0,1.0,0.0438,75.0,GHOST_WORK_EXECUTION_DIVERGENCE,SEVERE_PHYSICAL_FINANCIAL_GAP,ABANDONED_WORK_SUSPICION
MPLADS-002052,45.03,78.52,0,-2.6,91.8,89.2,0.0,0.0,0.0,0.0,NORMAL_EXECUTION_PROGRESS,NONE,NONE
MPLADS-002053,35.92,65.82,0,-0.2,91.0,90.8,10.0,0.0,0.0002,0.0,NORMAL_EXECUTION_PROGRESS,NONE,NONE
MPLADS-002054,13.58,24.5,0,5.7,83.4,89.1,19.0,0.0,0.0011,0.0,NORMAL_EXECUTION_PROGRESS,NONE,NONE
MPLADS-002055,79.26,95.44,1,37.4,50.7,88.1,270.0,0.0,0.3659,75.0,EXTREME_DURATION_OVERRUN,SEVERE_PHYSICAL_FINANCIAL_GAP,STALLED_EXECUTION_TRAJECTORY
MPLADS-002056,2.18,2.2,0,6.4,88.3,94.7,0.0,0.0,0.0,0.0,NORMAL_EXECUTION_PROGRESS,NONE,NONE
MPLADS-002057,6.91,11.0,0,-0.1,88.5,88.4,0.0,0.0,0.0,0.0,NORMAL_EXECUTION_PROGRESS,NONE,NONE
MPLADS-002058,5.79,8.8,0,14.9,81.3,96.2,0.0,0.0,0.0,0.0,NORMAL_EXECUTION_PROGRESS,NONE,NONE
MPLADS-002059,71.17,91.5,0,83.0,71.2,154.2,3.0,0.0,0.0015,75.0,SEVERE_PHYSICAL_FINANCIAL_GAP,NONE,NONE
MPLADS-002060,14.41,26.22,0,-8.7,95.1,86.4,17.0,0.0,0.0027,0.0,NORMAL_EXECUTION_PROGRESS,NONE,NONE
MPLADS-002061,29.02,54.32,0,-7.2,98.8,91.6,10.0,0.0,0.002,0.0,NORMAL_EXECUTION_PROGRESS,NONE,NONE
MPLADS-002062,47.09,80.5,0,0.8,95.1,95.9,26.0,0.0,0.0005,0.0,NORMAL_EXECUTION_PROGRESS,NONE,NONE
MPLADS-002063,4.82,6.92,0,-2.0,90.4,88.4,0.0,0.0,0.0,0.0,NORMAL_EXECUTION_PROGRESS,NONE,NONE
MPLADS-002064,9.35,15.86,0,9.0,85.5,94.5,0.0,0.0,0.0,0.0,NORMAL_EXECUTION_PROGRESS,NONE,NONE
MPLADS-002065,10.62,18.48,0,4.6,82.8,87.4,0.0,0.0,0.0,0.0,NORMAL_EXECUTION_PROGRESS,NONE,NONE
MPLADS-002066,69.79,90.46,0,72.8,22.2,95.0,0.0,0.0,0.0,75.0,SEVERE_PHYSICAL_FINANCIAL_GAP,INSPECTION_DOCUMENTATION_DEFICIT,NONE
MPLADS-002067,20.83,39.12,0,0.1,87.4,87.5,0.0,0.0,0.0,0.0,NORMAL_EXECUTION_PROGRESS,NONE,NONE
MPLADS-002068,85.21,98.22,1,40.9,46.5,87.4,480.0,0.0,0.9143,75.0,EXTREME_DURATION_OVERRUN,SEVERE_PHYSICAL_FINANCIAL_GAP,STALLED_EXECUTION_TRAJECTORY
MPLADS-002069,41.54,74.2,0,25.7,72.2,97.9,31.0,0.0,0.0043,0.0,NORMAL_EXECUTION_PROGRESS,NONE,NONE
MPLADS-002070,19.16,35.84,0,-1.0,96.6,95.6,13.0,0.0,0.0041,0.0,NORMAL_EXECUTION_PROGRESS,NONE,NONE
MPLADS-002071,13.07,23.46,0,3.3,87.7,91.0,0.0,0.0,0.0,0.0,NORMAL_EXECUTION_PROGRESS,NONE,NONE
MPLADS-002072,6.04,9.28,0,16.1,76.3,92.4,0.0,0.0,0.0,0.0,NORMAL_EXECUTION_PROGRESS,NONE,NONE
MPLADS-002073,69.22,89.92,0,76.2,83.6,159.8,23.0,0.0,0.008,75.0,SEVERE_PHYSICAL_FINANCIAL_GAP,NONE,NONE
MPLADS-002074,19.93,37.38,0,16.3,72.9,89.2,30.0,0.0,0.0108,0.0,NORMAL_EXECUTION_PROGRESS,NONE,NONE
MPLADS-002075,31.79,59.0,0,0.5,95.7,96.2,22.0,0.0,0.0008,0.0,NORMAL_EXECUTION_PROGRESS,NONE,NONE
MPLADS-002076,11.03,19.32,0,-4.0,94.9,90.9,26.0,0.0,0.0048,0.0,NORMAL_EXECUTION_PROGRESS,NONE,NONE
MPLADS-002077,14.88,27.2,0,21.7,73.6,95.3,0.0,0.0,0.0,0.0,NORMAL_EXECUTION_PROGRESS,NONE,NONE
MPLADS-002078,7.07,11.32,0,0.3,89.7,90.0,10.0,0.0,0.0017,0.0,NORMAL_EXECUTION_PROGRESS,NONE,NONE
MPLADS-002079,42.0,74.78,0,14.8,73.5,88.3,12.0,0.0,0.0135,0.0,NORMAL_EXECUTION_PROGRESS,NONE,NONE
MPLADS-002080,96.39,99.48,1,100.0,0.0,100.0,0.0,1.0,0.0,75.0,GHOST_WORK_EXECUTION_DIVERGENCE,SEVERE_PHYSICAL_FINANCIAL_GAP,ABANDONED_WORK_SUSPICION
MPLADS-002081,45.34,78.78,0,16.6,74.1,90.7,22.0,0.0,0.0251,0.0,NORMAL_EXECUTION_PROGRESS,NONE,NONE
MPLADS-002082,66.05,87.98,0,68.2,21.3,89.5,0.0,0.0,0.0,75.0,SEVERE_PHYSICAL_FINANCIAL_GAP,INSPECTION_DOCUMENTATION_DEFICIT,NONE
MPLADS-002083,30.13,56.18,0,18.8,70.6,89.4,30.0,0.0,0.0043,0.0,NORMAL_EXECUTION_PROGRESS,NONE,NONE
MPLADS-002084,7.52,12.18,0,-4.7,93.8,89.1,20.0,0.0,0.004,0.0,NORMAL_EXECUTION_PROGRESS,NONE,NONE
MPLADS-002085,8.07,13.24,0,11.2,76.1,87.3,3.0,0.0,0.0007,0.0,NORMAL_EXECUTION_PROGRESS,NONE,NONE
MPLADS-002086,39.08,70.7,0,15.0,70.2,85.2,30.0,0.0,0.019,0.0,NORMAL_EXECUTION_PROGRESS,NONE,NONE
MPLADS-002087,20.08,37.68,0,12.1,74.9,87.0,19.0,0.0,0.0079,0.0,NORMAL_EXECUTION_PROGRESS,NONE,NONE
MPLADS-002088,37.03,67.6,0,2.7,83.4,86.1,0.0,0.0,0.0,0.0,NORMAL_EXECUTION_PROGRESS,NONE,NONE
MPLADS-002089,29.5,55.12,0,20.2,70.1,90.3,21.0,0.0,0.0024,0.0,NORMAL_EXECUTION_PROGRESS,NONE,NONE
MPLADS-002090,41.09,73.54,0,4.6,91.5,96.1,22.0,0.0,0.0004,0.0,NORMAL_EXECUTION_PROGRESS,NONE,NONE
MPLADS-002091,27.63,51.88,0,3.6,81.8,85.4,34.0,0.0,0.0034,0.0,NORMAL_EXECUTION_PROGRESS,NONE,NONE
MPLADS-002092,17.15,31.86,0,6.0,91.4,97.4,0.0,0.0,0.0,0.0,NORMAL_EXECUTION_PROGRESS,NONE,NONE
MPLADS-002093,23.47,44.22,0,-1.8,93.9,92.1,0.0,0.0,0.0,0.0,NORMAL_EXECUTION_PROGRESS,NONE,NONE
MPLADS-002094,23.63,44.58,0,10.9,81.3,92.2,33.0,0.0,0.017,0.0,NORMAL_EXECUTION_PROGRESS,NONE,NONE
MPLADS-002095,15.12,27.68,0,-4.5,94.7,90.2,0.0,0.0,0.0,0.0,NORMAL_EXECUTION_PROGRESS,NONE,NONE
MPLADS-002096,70.85,91.22,0,28.5,60.8,89.3,120.0,0.0,0.0607,0.0,ELEVATED_PROGRESS_VOLATILITY,NONE,NONE
MPLADS-002097,20.84,39.14,0,22.2,71.0,93.2,0.0,0.0,0.0,0.0,NORMAL_EXECUTION_PROGRESS,NONE,NONE
MPLADS-002098,4.67,6.66,0,7.0,87.4,94.4,0.0,0.0,0.0,0.0,NORMAL_EXECUTION_PROGRESS,NONE,NONE
MPLADS-002099,71.32,91.68,0,68.5,16.7,85.2,0.0,0.0,0.0,75.0,SEVERE_PHYSICAL_FINANCIAL_GAP,ABANDONED_WORK_SUSPICION,INSPECTION_DOCUMENTATION_DEFICIT
MPLADS-002100,36.67,67.0,0,16.1,70.8,86.9,22.0,0.0,0.0008,0.0,NORMAL_EXECUTION_PROGRESS,NONE,NONE
MPLADS-002101,43.96,77.26,0,17.0,71.9,88.9,17.0,0.0,0.0197,0.0,NORMAL_EXECUTION_PROGRESS,NONE,NONE
MPLADS-002102,25.7,48.44,0,11.0,84.7,95.7,34.0,0.0,0.0129,0.0,NORMAL_EXECUTION_PROGRESS,NONE,NONE
MPLADS-002103,21.84,41.1,0,-2.1,89.5,87.4,25.0,0.0,0.0014,0.0,NORMAL_EXECUTION_PROGRESS,NONE,NONE
MPLADS-002104,41.38,74.0,0,20.1,77.8,97.9,19.0,0.0,0.0206,0.0,NORMAL_EXECUTION_PROGRESS,NONE,NONE
MPLADS-002105,43.47,76.74,0,11.5,79.5,91.0,28.0,0.0,0.0303,0.0,NORMAL_EXECUTION_PROGRESS,NONE,NONE
MPLADS-002106,13.09,23.5,0,9.6,77.0,86.6,28.0,0.0,0.012,0.0,NORMAL_EXECUTION_PROGRESS,NONE,NONE
MPLADS-002107,35.5,65.08,0,0.2,90.9,91.1,11.0,0.0,0.01,0.0,NORMAL_EXECUTION_PROGRESS,NONE,NONE
MPLADS-002108,29.44,55.04,0,14.2,77.9,92.1,33.0,0.0,0.0182,0.0,NORMAL_EXECUTION_PROGRESS,NONE,NONE
MPLADS-002109,20.76,39.0,0,12.6,75.7,88.3,34.0,0.0,0.0159,0.0,NORMAL_EXECUTION_PROGRESS,NONE,NONE
MPLADS-002110,18.29,34.1,0,0.6,87.8,88.4,0.0,0.0,0.0,0.0,NORMAL_EXECUTION_PROGRESS,NONE,NONE
MPLADS-002111,41.14,73.62,0,-1.7,97.5,95.8,0.0,0.0,0.0,0.0,NORMAL_EXECUTION_PROGRESS,NONE,NONE
MPLADS-002112,40.74,73.08,0,21.7,75.0,96.7,26.0,0.0,0.0009,0.0,NORMAL_EXECUTION_PROGRESS,NONE,NONE
MPLADS-002113,71.36,91.7,0,65.1,31.8,96.9,0.0,0.0,0.0,75.0,SEVERE_PHYSICAL_FINANCIAL_GAP,INSPECTION_DOCUMENTATION_DEFICIT,NONE
MPLADS-002114,98.13,99.86,1,100.0,0.0,100.0,18.0,1.0,0.0493,75.0,GHOST_WORK_EXECUTION_DIVERGENCE,SEVERE_PHYSICAL_FINANCIAL_GAP,ABANDONED_WORK_SUSPICION
MPLADS-002115,10.6,18.44,0,-2.3,94.7,92.4,26.0,0.0,0.0072,0.0,NORMAL_EXECUTION_PROGRESS,NONE,NONE
MPLADS-002116,2.59,2.92,0,13.8,75.8,89.6,0.0,0.0,0.0,0.0,NORMAL_EXECUTION_PROGRESS,NONE,NONE
MPLADS-002117,62.06,86.62,0,57.1,95.5,152.6,0.0,0.0,0.0,75.0,SEVERE_PHYSICAL_FINANCIAL_GAP,NONE,NONE
MPLADS-002118,25.38,47.86,0,18.4,72.6,91.0,29.0,0.0,0.0116,0.0,NORMAL_EXECUTION_PROGRESS,NONE,NONE
MPLADS-002119,37.61,68.44,0,3.4,91.6,95.0,7.0,0.0,0.0062,0.0,NORMAL_EXECUTION_PROGRESS,NONE,NONE
MPLADS-002120,10.41,18.04,0,15.1,73.6,88.7,2.0,0.0,0.0005,0.0,NORMAL_EXECUTION_PROGRESS,NONE,NONE
MPLADS-002121,14.03,25.44,0,16.4,76.9,93.3,0.0,0.0,0.0,0.0,NORMAL_EXECUTION_PROGRESS,NONE,NONE
MPLADS-002122,86.66,98.64,1,52.3,43.7,96.0,480.0,0.0,0.9346,100.0,EXTREME_DURATION_OVERRUN,SEVERE_PHYSICAL_FINANCIAL_GAP,STALLED_EXECUTION_TRAJECTORY
MPLADS-002123,32.64,60.38,0,-6.3,98.9,92.6,27.0,0.0,0.0092,0.0,NORMAL_EXECUTION_PROGRESS,NONE,NONE
MPLADS-002124,22.91,43.1,0,-4.4,99.6,95.2,0.0,0.0,0.0,0.0,NORMAL_EXECUTION_PROGRESS,NONE,NONE
MPLADS-002125,27.76,52.14,0,-5.3,97.5,92.2,0.0,0.0,0.0,0.0,NORMAL_EXECUTION_PROGRESS,NONE,NONE
MPLADS-002126,54.06,84.24,0,38.6,98.6,137.2,18.0,0.0,0.0026,50.0,NORMAL_EXECUTION_PROGRESS,NONE,NONE
MPLADS-002127,37.32,68.0,0,6.1,86.8,92.9,32.0,0.0,0.0008,0.0,NORMAL_EXECUTION_PROGRESS,NONE,NONE
MPLADS-002128,20.59,38.68,0,7.1,90.1,97.2,0.0,0.0,0.0,0.0,NORMAL_EXECUTION_PROGRESS,NONE,NONE
MPLADS-002129,49.71,82.42,0,11.7,81.9,93.6,0.0,0.0,0.0,0.0,NORMAL_EXECUTION_PROGRESS,NONE,NONE
MPLADS-002130,38.14,69.3,0,-1.5,96.2,94.7,33.0,0.0,0.0018,0.0,NORMAL_EXECUTION_PROGRESS,NONE,NONE
MPLADS-002131,81.31,96.68,1,48.9,47.6,96.5,270.0,0.0,0.3819,75.0,SEVERE_PHYSICAL_FINANCIAL_GAP,EXTREME_DURATION_OVERRUN,STALLED_EXECUTION_TRAJECTORY
MPLADS-002132,42.74,75.76,0,5.9,91.6,97.5,28.0,0.0,0.0263,0.0,NORMAL_EXECUTION_PROGRESS,NONE,NONE
MPLADS-002133,66.47,88.22,0,66.1,26.7,92.8,13.0,0.0,0.0131,75.0,SEVERE_PHYSICAL_FINANCIAL_GAP,INSPECTION_DOCUMENTATION_DEFICIT,NONE
MPLADS-002134,39.27,70.96,0,-2.0,93.4,91.4,10.0,0.0,0.0088,0.0,NORMAL_EXECUTION_PROGRESS,NONE,NONE
MPLADS-002135,80.11,95.94,1,-4.3,96.2,91.9,9.0,0.0,0.0006,0.0,INSPECTION_DOCUMENTATION_DEFICIT,NONE,NONE
MPLADS-002136,6.45,10.08,0,7.5,87.3,94.8,9.0,0.0,0.0008,0.0,NORMAL_EXECUTION_PROGRESS,NONE,NONE
MPLADS-002137,8.19,13.5,0,-5.9,91.9,86.0,8.0,0.0,0.0027,0.0,NORMAL_EXECUTION_PROGRESS,NONE,NONE
MPLADS-002138,17.59,32.7,0,7.5,90.0,97.5,15.0,0.0,0.0006,0.0,NORMAL_EXECUTION_PROGRESS,NONE,NONE
MPLADS-002139,47.79,81.08,0,-3.1,93.3,90.2,0.0,0.0,0.0,0.0,NORMAL_EXECUTION_PROGRESS,NONE,NONE
MPLADS-002140,5.2,7.66,0,6.6,79.5,86.1,2.0,0.0,0.0006,0.0,NORMAL_EXECUTION_PROGRESS,NONE,NONE
MPLADS-002141,30.52,56.8,0,9.9,79.9,89.8,0.0,0.0,0.0,0.0,NORMAL_EXECUTION_PROGRESS,NONE,NONE
MPLADS-002142,23.66,44.64,0,-8.8,97.9,89.1,7.0,0.0,0.0004,0.0,NORMAL_EXECUTION_PROGRESS,NONE,NONE
MPLADS-002143,35.61,65.24,0,16.0,78.0,94.0,11.0,0.0,0.0117,0.0,NORMAL_EXECUTION_PROGRESS,NONE,NONE
MPLADS-002144,29.61,55.34,0,-1.7,98.9,97.2,19.0,0.0,0.0015,0.0,NORMAL_EXECUTION_PROGRESS,NONE,NONE
MPLADS-002145,30.91,57.5,0,-11.9,98.6,86.7,0.0,0.0,0.0,0.0,NORMAL_EXECUTION_PROGRESS,NONE,NONE
MPLADS-002146,33.93,62.48,0,4.4,90.8,95.2,0.0,0.0,0.0,0.0,NORMAL_EXECUTION_PROGRESS,NONE,NONE
MPLADS-002147,7.26,11.7,0,-1.5,94.1,92.6,3.0,0.0,0.0002,0.0,NORMAL_EXECUTION_PROGRESS,NONE,NONE
MPLADS-002148,26.98,50.76,0,-2.2,98.4,96.2,30.0,0.0,0.0062,0.0,NORMAL_EXECUTION_PROGRESS,NONE,NONE
MPLADS-002149,16.8,31.16,0,-8.4,93.6,85.2,14.0,0.0,0.0012,0.0,NORMAL_EXECUTION_PROGRESS,NONE,NONE
MPLADS-002150,47.4,80.84,0,8.5,81.4,89.9,31.0,0.0,0.033,0.0,NORMAL_EXECUTION_PROGRESS,NONE,NONE
MPLADS-002151,38.46,69.76,0,-4.9,97.7,92.8,0.0,0.0,0.0,0.0,NORMAL_EXECUTION_PROGRESS,NONE,NONE
MPLADS-002152,50.88,83.04,0,23.0,71.0,94.0,32.0,0.0,0.0385,0.0,NORMAL_EXECUTION_PROGRESS,NONE,NONE
MPLADS-002153,92.63,99.06,1,45.2,43.2,88.4,1200.0,0.0,2.8725,75.0,EXTREME_DURATION_OVERRUN,SEVERE_PHYSICAL_FINANCIAL_GAP,STALLED_EXECUTION_TRAJECTORY
MPLADS-002154,28.23,52.98,0,-4.4,98.5,94.1,0.0,0.0,0.0,0.0,NORMAL_EXECUTION_PROGRESS,NONE,NONE
MPLADS-002155,26.11,49.22,0,18.7,77.7,96.4,0.0,0.0,0.0,0.0,NORMAL_EXECUTION_PROGRESS,NONE,NONE
MPLADS-002156,32.01,59.38,0,4.8,91.2,96.0,12.0,0.0,0.0109,0.0,NORMAL_EXECUTION_PROGRESS,NONE,NONE
MPLADS-002157,39.62,71.46,0,16.2,71.0,87.2,0.0,0.0,0.0,0.0,NORMAL_EXECUTION_PROGRESS,NONE,NONE
MPLADS-002158,68.46,89.34,0,56.6,30.8,87.4,6.0,0.0,0.0081,75.0,SEVERE_PHYSICAL_FINANCIAL_GAP,INSPECTION_DOCUMENTATION_DEFICIT,NONE
MPLADS-002159,40.39,72.52,0,3.3,81.8,85.1,11.0,0.0,0.0002,0.0,NORMAL_EXECUTION_PROGRESS,NONE,NONE
MPLADS-002160,30.61,56.98,0,-6.1,99.6,93.5,0.0,0.0,0.0,0.0,NORMAL_EXECUTION_PROGRESS,NONE,NONE
MPLADS-002161,19.18,35.88,0,-5.5,95.4,89.9,0.0,0.0,0.0,0.0,NORMAL_EXECUTION_PROGRESS,NONE,NONE
MPLADS-002162,41.57,74.26,0,11.3,83.7,95.0,24.0,0.0,0.0245,0.0,NORMAL_EXECUTION_PROGRESS,NONE,NONE
MPLADS-002163,6.77,10.74,0,4.0,91.4,95.4,6.0,0.0,0.002,0.0,NORMAL_EXECUTION_PROGRESS,NONE,NONE
MPLADS-002164,6.87,10.92,0,19.7,73.5,93.2,0.0,0.0,0.0,0.0,NORMAL_EXECUTION_PROGRESS,NONE,NONE
MPLADS-002165,16.47,30.46,0,12.5,77.2,89.7,30.0,0.0,0.0096,0.0,NORMAL_EXECUTION_PROGRESS,NONE,NONE
MPLADS-002166,54.21,84.3,0,50.6,87.8,138.4,26.0,0.0,0.0059,75.0,NORMAL_EXECUTION_PROGRESS,NONE,NONE
MPLADS-002167,14.61,26.62,0,-4.9,93.5,88.6,1.0,0.0,0.0001,0.0,NORMAL_EXECUTION_PROGRESS,NONE,NONE
MPLADS-002168,14.78,26.98,0,2.0,91.5,93.5,0.0,0.0,0.0,0.0,NORMAL_EXECUTION_PROGRESS,NONE,NONE
MPLADS-002169,34.16,62.88,0,11.2,75.1,86.3,30.0,0.0,0.0013,0.0,NORMAL_EXECUTION_PROGRESS,NONE,NONE
MPLADS-002170,43.39,76.64,0,-9.6,96.9,87.3,0.0,0.0,0.0,0.0,NORMAL_EXECUTION_PROGRESS,NONE,NONE
MPLADS-002171,46.52,79.98,0,15.2,72.8,88.0,0.0,0.0,0.0,0.0,NORMAL_EXECUTION_PROGRESS,NONE,NONE
MPLADS-002172,18.57,34.66,0,-1.8,96.0,94.2,0.0,0.0,0.0,0.0,NORMAL_EXECUTION_PROGRESS,NONE,NONE
MPLADS-002173,17.09,31.72,0,-1.0,87.8,86.8,10.0,0.0,0.0037,0.0,NORMAL_EXECUTION_PROGRESS,NONE,NONE
MPLADS-002174,4.69,6.7,0,0.0,91.6,91.6,18.0,0.0,0.0032,0.0,NORMAL_EXECUTION_PROGRESS,NONE,NONE
MPLADS-002175,78.29,95.0,1,80.4,16.2,96.6,23.0,0.0,0.0395,75.0,SEVERE_PHYSICAL_FINANCIAL_GAP,ABANDONED_WORK_SUSPICION,INSPECTION_DOCUMENTATION_DEFICIT
MPLADS-002176,11.16,19.58,0,9.1,85.0,94.1,20.0,0.0,0.0045,0.0,NORMAL_EXECUTION_PROGRESS,NONE,NONE
MPLADS-002177,25.56,48.2,0,6.4,78.8,85.2,32.0,0.0,0.0101,0.0,NORMAL_EXECUTION_PROGRESS,NONE,NONE
MPLADS-002178,18.78,35.08,0,-9.2,97.4,88.2,10.0,0.0,0.0016,0.0,NORMAL_EXECUTION_PROGRESS,NONE,NONE
MPLADS-002179,30.22,56.32,0,-11.9,97.2,85.3,9.0,0.0,0.0014,0.0,NORMAL_EXECUTION_PROGRESS,NONE,NONE
MPLADS-002180,30.44,56.66,0,17.7,74.3,92.0,21.0,0.0,0.0006,0.0,NORMAL_EXECUTION_PROGRESS,NONE,NONE
MPLADS-002181,23.69,44.68,0,12.7,81.0,93.7,27.0,0.0,0.0105,0.0,NORMAL_EXECUTION_PROGRESS,NONE,NONE
MPLADS-002182,11.3,19.88,0,14.8,82.5,97.3,26.0,0.0,0.0042,0.0,NORMAL_EXECUTION_PROGRESS,NONE,NONE
MPLADS-002183,4.45,6.24,0,11.5,78.5,90.0,0.0,0.0,0.0,0.0,NORMAL_EXECUTION_PROGRESS,NONE,NONE
MPLADS-002184,80.75,96.42,1,10.7,77.4,88.1,22.0,0.0,0.0114,0.0,INSPECTION_DOCUMENTATION_DEFICIT,NONE,NONE
MPLADS-002185,23.44,44.18,0,15.0,71.5,86.5,0.0,0.0,0.0,0.0,NORMAL_EXECUTION_PROGRESS,NONE,NONE
MPLADS-002186,29.95,55.86,0,16.5,77.1,93.6,22.0,0.0,0.0005,0.0,NORMAL_EXECUTION_PROGRESS,NONE,NONE
MPLADS-002187,16.77,31.1,0,-2.9,90.5,87.6,33.0,0.0,0.0087,0.0,NORMAL_EXECUTION_PROGRESS,NONE,NONE
MPLADS-002188,17.03,31.6,0,3.1,82.8,85.9,0.0,0.0,0.0,0.0,NORMAL_EXECUTION_PROGRESS,NONE,NONE
MPLADS-002189,44.31,77.74,0,-0.4,98.4,98.0,22.0,0.0,0.0004,0.0,NORMAL_EXECUTION_PROGRESS,NONE,NONE
MPLADS-002190,33.09,61.1,0,1.7,93.2,94.9,5.0,0.0,0.0043,0.0,NORMAL_EXECUTION_PROGRESS,NONE,NONE
MPLADS-002191,35.82,65.62,0,1.7,84.5,86.2,1.0,0.0,0.001,0.0,NORMAL_EXECUTION_PROGRESS,NONE,NONE
MPLADS-002192,72.19,92.24,0,87.1,71.0,158.1,0.0,0.0,0.0,75.0,SEVERE_PHYSICAL_FINANCIAL_GAP,NONE,NONE
MPLADS-002193,19.53,36.56,0,23.1,73.2,96.3,10.0,0.0,0.0032,0.0,NORMAL_EXECUTION_PROGRESS,NONE,NONE
MPLADS-002194,7.6,12.34,0,15.4,79.5,94.9,8.0,0.0,0.0004,0.0,NORMAL_EXECUTION_PROGRESS,NONE,NONE
MPLADS-002195,11.94,21.2,0,-4.9,91.4,86.5,24.0,0.0,0.0028,0.0,NORMAL_EXECUTION_PROGRESS,NONE,NONE
MPLADS-002196,8.81,14.72,0,4.6,90.3,94.9,10.0,0.0,0.0008,0.0,NORMAL_EXECUTION_PROGRESS,NONE,NONE
MPLADS-002197,76.33,94.36,0,20.1,65.1,85.2,360.0,0.0,0.5397,25.0,EXTREME_DURATION_OVERRUN,STALLED_EXECUTION_TRAJECTORY,NONE
MPLADS-002198,17.25,32.04,0,2.3,94.0,96.3,27.0,0.0,0.0052,0.0,NORMAL_EXECUTION_PROGRESS,NONE,NONE
MPLADS-002199,34.41,63.28,0,20.5,74.9,95.4,24.0,0.0,0.0008,0.0,NORMAL_EXECUTION_PROGRESS,NONE,NONE
MPLADS-002200,21.46,40.32,0,10.9,74.3,85.2,0.0,0.0,0.0,0.0,NORMAL_EXECUTION_PROGRESS,NONE,NONE
MPLADS-002201,31.01,57.68,0,7.8,83.8,91.6,0.0,0.0,0.0,0.0,NORMAL_EXECUTION_PROGRESS,NONE,NONE
MPLADS-002202,54.11,84.26,0,41.3,97.3,138.6,21.0,0.0,0.0033,50.0,NORMAL_EXECUTION_PROGRESS,NONE,NONE
MPLADS-002203,44.84,78.36,0,-1.0,91.3,90.3,31.0,0.0,0.0295,0.0,NORMAL_EXECUTION_PROGRESS,NONE,NONE
MPLADS-002204,22.89,43.06,0,5.1,81.2,86.3,31.0,0.0,0.009,0.0,NORMAL_EXECUTION_PROGRESS,NONE,NONE
MPLADS-002205,28.15,52.8,0,1.0,95.0,96.0,22.0,0.0,0.0078,0.0,NORMAL_EXECUTION_PROGRESS,NONE,NONE
MPLADS-002206,81.56,96.82,1,34.9,60.3,95.2,360.0,0.0,0.5263,75.0,EXTREME_DURATION_OVERRUN,STALLED_EXECUTION_TRAJECTORY,SEVERE_PHYSICAL_FINANCIAL_GAP
MPLADS-002207,25.54,48.14,0,-3.4,93.5,90.1,3.0,0.0,0.0001,0.0,NORMAL_EXECUTION_PROGRESS,NONE,NONE
MPLADS-002208,26.17,49.3,0,15.2,72.5,87.7,0.0,0.0,0.0,0.0,NORMAL_EXECUTION_PROGRESS,NONE,NONE
MPLADS-002209,79.54,95.6,1,28.7,68.2,96.9,450.0,0.0,0.6983,25.0,EXTREME_DURATION_OVERRUN,STALLED_EXECUTION_TRAJECTORY,NONE
MPLADS-002210,1.99,1.9,0,5.2,89.3,94.5,10.0,0.0,0.002,0.0,NORMAL_EXECUTION_PROGRESS,NONE,NONE
MPLADS-002211,51.06,83.14,0,1.4,84.6,86.0,30.0,0.0,0.0307,0.0,NORMAL_EXECUTION_PROGRESS,NONE,NONE
MPLADS-002212,16.49,30.52,0,4.2,83.0,87.2,25.0,0.0,0.0117,0.0,NORMAL_EXECUTION_PROGRESS,NONE,NONE
MPLADS-002213,43.84,77.16,0,-8.8,95.6,86.8,18.0,0.0,0.0157,0.0,NORMAL_EXECUTION_PROGRESS,NONE,NONE
MPLADS-002214,20.86,39.18,0,-2.6,91.4,88.8,33.0,0.0,0.0106,0.0,NORMAL_EXECUTION_PROGRESS,NONE,NONE
MPLADS-002215,96.31,99.46,1,100.0,0.0,100.0,21.0,1.0,0.0575,75.0,GHOST_WORK_EXECUTION_DIVERGENCE,SEVERE_PHYSICAL_FINANCIAL_GAP,ABANDONED_WORK_SUSPICION
MPLADS-002216,38.02,69.08,0,14.8,70.3,85.1,23.0,0.0,0.0009,0.0,NORMAL_EXECUTION_PROGRESS,NONE,NONE
MPLADS-002217,40.15,72.24,0,7.0,88.4,95.4,25.0,0.0,0.0005,0.0,NORMAL_EXECUTION_PROGRESS,NONE,NONE
MPLADS-002218,15.16,27.76,0,16.9,71.2,88.1,0.0,0.0,0.0,0.0,NORMAL_EXECUTION_PROGRESS,NONE,NONE
MPLADS-002219,98.46,99.9,1,100.0,0.0,100.0,0.0,1.0,0.0,75.0,GHOST_WORK_EXECUTION_DIVERGENCE,SEVERE_PHYSICAL_FINANCIAL_GAP,ABANDONED_WORK_SUSPICION
MPLADS-002220,14.23,25.84,0,17.8,79.7,97.5,3.0,0.0,0.0003,0.0,NORMAL_EXECUTION_PROGRESS,NONE,NONE
MPLADS-002221,30.58,56.92,0,-11.8,98.6,86.8,19.0,0.0,0.0044,0.0,NORMAL_EXECUTION_PROGRESS,NONE,NONE
MPLADS-002222,23.7,44.7,0,12.6,75.8,88.4,31.0,0.0,0.0069,0.0,NORMAL_EXECUTION_PROGRESS,NONE,NONE
MPLADS-002223,13.22,23.78,0,-7.0,97.4,90.4,15.0,0.0,0.0025,0.0,NORMAL_EXECUTION_PROGRESS,NONE,NONE
MPLADS-002224,17.38,32.28,0,2.3,84.7,87.0,0.0,0.0,0.0,0.0,NORMAL_EXECUTION_PROGRESS,NONE,NONE
MPLADS-002225,12.88,23.1,0,5.7,81.9,87.6,16.0,0.0,0.0072,0.0,NORMAL_EXECUTION_PROGRESS,NONE,NONE
MPLADS-002226,27.7,52.02,0,-1.9,99.3,97.4,16.0,0.0,0.0026,0.0,NORMAL_EXECUTION_PROGRESS,NONE,NONE
MPLADS-002227,37.93,68.92,0,15.5,73.8,89.3,14.0,0.0,0.0157,0.0,NORMAL_EXECUTION_PROGRESS,NONE,NONE
MPLADS-002228,12.7,22.72,0,15.5,78.0,93.5,22.0,0.0,0.0019,0.0,NORMAL_EXECUTION_PROGRESS,NONE,NONE
MPLADS-002229,44.15,77.5,0,6.1,88.5,94.6,0.0,0.0,0.0,0.0,NORMAL_EXECUTION_PROGRESS,NONE,NONE
MPLADS-002230,14.49,26.38,0,6.6,78.5,85.1,13.0,0.0,0.0019,0.0,NORMAL_EXECUTION_PROGRESS,NONE,NONE
MPLADS-002231,43.3,76.54,0,14.5,75.6,90.1,16.0,0.0,0.0177,0.0,NORMAL_EXECUTION_PROGRESS,NONE,NONE
MPLADS-002232,19.87,37.24,0,9.2,86.5,95.7,0.0,0.0,0.0,0.0,NORMAL_EXECUTION_PROGRESS,NONE,NONE
MPLADS-002233,1.54,1.2,0,11.1,82.3,93.4,15.0,0.0,0.002,0.0,NORMAL_EXECUTION_PROGRESS,NONE,NONE
MPLADS-002234,96.4,99.5,1,100.0,0.0,100.0,0.0,1.0,0.0,75.0,GHOST_WORK_EXECUTION_DIVERGENCE,SEVERE_PHYSICAL_FINANCIAL_GAP,ABANDONED_WORK_SUSPICION
MPLADS-002235,12.22,21.74,0,-6.5,92.9,86.4,5.0,0.0,0.0011,0.0,NORMAL_EXECUTION_PROGRESS,NONE,NONE
MPLADS-002236,5.7,8.64,0,8.9,76.6,85.5,0.0,0.0,0.0,0.0,NORMAL_EXECUTION_PROGRESS,NONE,NONE
MPLADS-002237,0.88,0.5,0,10.5,84.9,95.4,10.0,0.0,0.0029,0.0,NORMAL_EXECUTION_PROGRESS,NONE,NONE
MPLADS-002238,79.57,95.64,1,-2.6,93.2,90.6,0.0,0.0,0.0,0.0,INSPECTION_DOCUMENTATION_DEFICIT,NONE,NONE
MPLADS-002239,67.85,88.88,0,64.1,31.5,95.6,7.0,0.0,0.0075,75.0,SEVERE_PHYSICAL_FINANCIAL_GAP,INSPECTION_DOCUMENTATION_DEFICIT,NONE
MPLADS-002240,65.06,87.48,0,74.6,76.1,150.7,10.0,0.0,0.0015,75.0,SEVERE_PHYSICAL_FINANCIAL_GAP,NONE,NONE
MPLADS-002241,5.81,8.82,0,11.6,79.5,91.1,11.0,0.0,0.0014,0.0,NORMAL_EXECUTION_PROGRESS,NONE,NONE
MPLADS-002242,19.72,36.94,0,3.3,87.6,90.9,12.0,0.0,0.0004,0.0,NORMAL_EXECUTION_PROGRESS,NONE,NONE
MPLADS-002243,16.29,30.1,0,2.7,90.4,93.1,0.0,0.0,0.0,0.0,NORMAL_EXECUTION_PROGRESS,NONE,NONE
MPLADS-002244,16.83,31.2,0,3.9,85.5,89.4,28.0,0.0,0.0079,0.0,NORMAL_EXECUTION_PROGRESS,NONE,NONE
MPLADS-002245,3.76,4.94,0,9.6,82.6,92.2,27.0,0.0,0.0081,0.0,NORMAL_EXECUTION_PROGRESS,NONE,NONE
MPLADS-002246,72.69,92.46,0,71.7,19.4,91.1,1.0,0.0,0.0009,75.0,SEVERE_PHYSICAL_FINANCIAL_GAP,ABANDONED_WORK_SUSPICION,INSPECTION_DOCUMENTATION_DEFICIT
MPLADS-002247,24.93,47.04,0,-1.5,96.9,95.4,0.0,0.0,0.0,0.0,NORMAL_EXECUTION_PROGRESS,NONE,NONE
MPLADS-002248,9.25,15.66,0,-4.7,90.7,86.0,13.0,0.0,0.0047,0.0,NORMAL_EXECUTION_PROGRESS,NONE,NONE
MPLADS-002249,78.94,95.24,1,72.1,18.3,90.4,34.0,0.0,0.0352,75.0,SEVERE_PHYSICAL_FINANCIAL_GAP,ABANDONED_WORK_SUSPICION,INSPECTION_DOCUMENTATION_DEFICIT
MPLADS-002250,35.34,64.78,0,5.6,91.2,96.8,19.0,0.0,0.0004,0.0,NORMAL_EXECUTION_PROGRESS,NONE,NONE
MPLADS-002251,12.34,21.98,0,-1.6,91.3,89.7,0.0,0.0,0.0,0.0,NORMAL_EXECUTION_PROGRESS,NONE,NONE
MPLADS-002252,27.58,51.8,0,0.1,88.2,88.3,22.0,0.0,0.0012,0.0,NORMAL_EXECUTION_PROGRESS,NONE,NONE
MPLADS-002253,56.1,84.88,0,48.4,92.1,140.5,14.0,0.0,0.0049,50.0,NORMAL_EXECUTION_PROGRESS,NONE,NONE
MPLADS-002254,36.08,66.08,0,10.3,82.7,93.0,28.0,0.0,0.0007,0.0,NORMAL_EXECUTION_PROGRESS,NONE,NONE
MPLADS-002255,35.72,65.44,0,0.6,90.8,91.4,23.0,0.0,0.0004,0.0,NORMAL_EXECUTION_PROGRESS,NONE,NONE
MPLADS-002256,35.26,64.66,0,17.3,80.4,97.7,2.0,0.0,0.0,0.0,NORMAL_EXECUTION_PROGRESS,NONE,NONE
MPLADS-002257,29.79,55.62,0,-6.9,99.9,93.0,13.0,0.0,0.002,0.0,NORMAL_EXECUTION_PROGRESS,NONE,NONE
MPLADS-002258,14.65,26.7,0,8.7,87.8,96.5,8.0,0.0,0.0007,0.0,NORMAL_EXECUTION_PROGRESS,NONE,NONE
MPLADS-002259,21.03,39.5,0,14.8,71.9,86.7,2.0,0.0,0.001,0.0,NORMAL_EXECUTION_PROGRESS,NONE,NONE
MPLADS-002260,23.74,44.78,0,22.2,74.7,96.9,28.0,0.0,0.0105,0.0,NORMAL_EXECUTION_PROGRESS,NONE,NONE
MPLADS-002261,74.49,93.52,0,71.4,16.7,88.1,19.0,0.0,0.0342,75.0,SEVERE_PHYSICAL_FINANCIAL_GAP,ABANDONED_WORK_SUSPICION,INSPECTION_DOCUMENTATION_DEFICIT
MPLADS-002262,4.31,5.96,0,14.8,79.1,93.9,14.0,0.0,0.0034,0.0,NORMAL_EXECUTION_PROGRESS,NONE,NONE
MPLADS-002263,23.76,44.8,0,-8.7,99.8,91.1,16.0,0.0,0.0011,0.0,NORMAL_EXECUTION_PROGRESS,NONE,NONE
MPLADS-002264,32.86,60.74,0,-4.5,99.1,94.6,0.0,0.0,0.0,0.0,NORMAL_EXECUTION_PROGRESS,NONE,NONE
MPLADS-002265,32.08,59.5,0,8.5,78.2,86.7,25.0,0.0,0.0023,0.0,NORMAL_EXECUTION_PROGRESS,NONE,NONE
MPLADS-002266,22.64,42.64,0,4.7,91.2,95.9,0.0,0.0,0.0,0.0,NORMAL_EXECUTION_PROGRESS,NONE,NONE
MPLADS-002267,1.98,1.88,0,10.0,78.7,88.7,13.0,0.0,0.0037,0.0,NORMAL_EXECUTION_PROGRESS,NONE,NONE
MPLADS-002268,33.55,61.86,0,-12.4,99.1,86.7,0.0,0.0,0.0,0.0,NORMAL_EXECUTION_PROGRESS,NONE,NONE
MPLADS-002269,97.6,99.82,1,100.0,0.0,100.0,25.0,1.0,0.0685,75.0,GHOST_WORK_EXECUTION_DIVERGENCE,SEVERE_PHYSICAL_FINANCIAL_GAP,ABANDONED_WORK_SUSPICION
MPLADS-002270,14.45,26.28,0,15.9,80.0,95.9,6.0,0.0,0.0003,0.0,NORMAL_EXECUTION_PROGRESS,NONE,NONE
MPLADS-002271,51.46,83.3,0,45.1,82.0,127.1,0.0,0.0,0.0,50.0,NORMAL_EXECUTION_PROGRESS,NONE,NONE
MPLADS-002272,50.68,82.98,0,12.6,81.4,94.0,0.0,0.0,0.0,0.0,NORMAL_EXECUTION_PROGRESS,NONE,NONE
MPLADS-002273,75.47,93.98,0,60.7,27.2,87.9,34.0,0.0,0.0219,75.0,SEVERE_PHYSICAL_FINANCIAL_GAP,INSPECTION_DOCUMENTATION_DEFICIT,NONE
MPLADS-002274,82.44,97.16,1,4.0,86.0,90.0,13.0,0.0,0.0002,0.0,INSPECTION_DOCUMENTATION_DEFICIT,NONE,NONE
MPLADS-002275,37.31,67.98,0,-14.0,99.2,85.2,0.0,0.0,0.0,0.0,NORMAL_EXECUTION_PROGRESS,NONE,NONE
MPLADS-002276,69.56,90.22,0,66.5,22.6,89.1,2.0,0.0,0.0032,75.0,SEVERE_PHYSICAL_FINANCIAL_GAP,INSPECTION_DOCUMENTATION_DEFICIT,NONE
MPLADS-002277,11.12,19.5,0,2.9,90.0,92.9,0.0,0.0,0.0,0.0,NORMAL_EXECUTION_PROGRESS,NONE,NONE
MPLADS-002278,18.19,33.88,0,16.1,73.0,89.1,23.0,0.0,0.0076,0.0,NORMAL_EXECUTION_PROGRESS,NONE,NONE
MPLADS-002279,19.78,37.06,0,3.5,92.9,96.4,23.0,0.0,0.0024,0.0,NORMAL_EXECUTION_PROGRESS,NONE,NONE
MPLADS-002280,20.8,39.08,0,5.7,81.8,87.5,22.0,0.0,0.0016,0.0,NORMAL_EXECUTION_PROGRESS,NONE,NONE
MPLADS-002281,7.54,12.24,0,2.0,95.0,97.0,18.0,0.0,0.0045,0.0,NORMAL_EXECUTION_PROGRESS,NONE,NONE
MPLADS-002282,7.16,11.48,0,3.5,84.5,88.0,17.0,0.0,0.0021,0.0,NORMAL_EXECUTION_PROGRESS,NONE,NONE
MPLADS-002283,25.2,47.52,0,-4.0,98.9,94.9,25.0,0.0,0.0061,0.0,NORMAL_EXECUTION_PROGRESS,NONE,NONE
MPLADS-002284,15.02,27.5,0,-6.1,93.4,87.3,0.0,0.0,0.0,0.0,NORMAL_EXECUTION_PROGRESS,NONE,NONE
MPLADS-002285,28.5,53.48,0,-9.0,96.4,87.4,0.0,0.0,0.0,0.0,NORMAL_EXECUTION_PROGRESS,NONE,NONE
MPLADS-002286,11.37,20.04,0,19.7,78.2,97.9,15.0,0.0,0.0023,0.0,NORMAL_EXECUTION_PROGRESS,NONE,NONE
MPLADS-002287,22.59,42.52,0,2.0,84.7,86.7,0.0,0.0,0.0,0.0,NORMAL_EXECUTION_PROGRESS,NONE,NONE
MPLADS-002288,25.67,48.4,0,-5.1,99.5,94.4,21.0,0.0,0.0067,0.0,NORMAL_EXECUTION_PROGRESS,NONE,NONE
MPLADS-002289,77.24,94.62,0,46.2,43.4,89.6,180.0,0.0,0.2208,50.0,SEVERE_PHYSICAL_FINANCIAL_GAP,STALLED_EXECUTION_TRAJECTORY,NONE
MPLADS-002290,33.0,60.96,0,0.6,92.0,92.6,0.0,0.0,0.0,0.0,NORMAL_EXECUTION_PROGRESS,NONE,NONE
MPLADS-002291,9.71,16.6,0,5.5,81.7,87.2,17.0,0.0,0.0059,0.0,NORMAL_EXECUTION_PROGRESS,NONE,NONE
MPLADS-002292,17.81,33.16,0,19.9,75.5,95.4,0.0,0.0,0.0,0.0,NORMAL_EXECUTION_PROGRESS,NONE,NONE
MPLADS-002293,7.92,12.94,0,-2.7,94.2,91.5,20.0,0.0,0.004,0.0,NORMAL_EXECUTION_PROGRESS,NONE,NONE
MPLADS-002294,17.85,33.24,0,-4.6,95.5,90.9,0.0,0.0,0.0,0.0,NORMAL_EXECUTION_PROGRESS,NONE,NONE
MPLADS-002295,6.86,10.9,0,6.4,78.8,85.2,15.0,0.0,0.0043,0.0,NORMAL_EXECUTION_PROGRESS,NONE,NONE
MPLADS-002296,65.46,87.64,0,60.6,72.7,133.3,27.0,0.0,0.0011,75.0,SEVERE_PHYSICAL_FINANCIAL_GAP,NONE,NONE
MPLADS-002297,24.47,46.18,0,9.2,84.7,93.9,7.0,0.0,0.0002,0.0,NORMAL_EXECUTION_PROGRESS,NONE,NONE
MPLADS-002298,10.38,17.98,0,18.9,74.7,93.6,0.0,0.0,0.0,0.0,NORMAL_EXECUTION_PROGRESS,NONE,NONE
MPLADS-002299,13.92,25.22,0,-1.9,94.4,92.5,16.0,0.0,0.003,0.0,NORMAL_EXECUTION_PROGRESS,NONE,NONE
MPLADS-002300,23.64,44.6,0,-1.0,98.7,97.7,2.0,0.0,0.0002,0.0,NORMAL_EXECUTION_PROGRESS,NONE,NONE
MPLADS-002301,24.63,46.48,0,-11.0,98.2,87.2,0.0,0.0,0.0,0.0,NORMAL_EXECUTION_PROGRESS,NONE,NONE
MPLADS-002302,35.89,65.76,0,5.0,82.1,87.1,16.0,0.0,0.0003,0.0,NORMAL_EXECUTION_PROGRESS,NONE,NONE
MPLADS-002303,3.56,4.6,0,-3.2,89.3,86.1,1.0,0.0,0.0002,0.0,NORMAL_EXECUTION_PROGRESS,NONE,NONE
MPLADS-002304,84.64,98.0,1,24.0,73.9,97.9,14.0,0.0,0.004,0.0,INSPECTION_DOCUMENTATION_DEFICIT,NONE,NONE
MPLADS-002305,33.37,61.56,0,9.4,75.9,85.3,5.0,0.0,0.0001,0.0,NORMAL_EXECUTION_PROGRESS,NONE,NONE
MPLADS-002306,27.44,51.56,0,-7.4,95.6,88.2,2.0,0.0,0.0001,0.0,NORMAL_EXECUTION_PROGRESS,NONE,NONE
MPLADS-002307,10.03,17.26,0,15.5,74.8,90.3,0.0,0.0,0.0,0.0,NORMAL_EXECUTION_PROGRESS,NONE,NONE
MPLADS-002308,18.24,33.98,0,17.0,71.8,88.8,0.0,0.0,0.0,0.0,NORMAL_EXECUTION_PROGRESS,NONE,NONE
MPLADS-002309,35.65,65.32,0,10.7,75.3,86.0,1.0,0.0,0.0,0.0,NORMAL_EXECUTION_PROGRESS,NONE,NONE
MPLADS-002310,19.22,35.96,0,14.4,73.0,87.4,13.0,0.0,0.0023,0.0,NORMAL_EXECUTION_PROGRESS,NONE,NONE
MPLADS-002311,33.89,62.4,0,8.7,78.0,86.7,2.0,0.0,0.0021,0.0,NORMAL_EXECUTION_PROGRESS,NONE,NONE
MPLADS-002312,35.52,65.1,0,5.4,85.2,90.6,12.0,0.0,0.0117,0.0,NORMAL_EXECUTION_PROGRESS,NONE,NONE
MPLADS-002313,8.33,13.76,0,-1.2,92.3,91.1,0.0,0.0,0.0,0.0,NORMAL_EXECUTION_PROGRESS,NONE,NONE
MPLADS-002314,11.11,19.48,0,-0.6,92.4,91.8,11.0,0.0,0.0037,0.0,NORMAL_EXECUTION_PROGRESS,NONE,NONE
MPLADS-002315,32.62,60.34,0,-4.1,98.0,93.9,7.0,0.0,0.0001,0.0,NORMAL_EXECUTION_PROGRESS,NONE,NONE
MPLADS-002316,68.3,89.26,0,79.8,79.3,159.1,0.0,0.0,0.0,75.0,SEVERE_PHYSICAL_FINANCIAL_GAP,NONE,NONE
MPLADS-002317,32.77,60.6,0,-8.8,96.7,87.9,22.0,0.0,0.0008,0.0,NORMAL_EXECUTION_PROGRESS,NONE,NONE
MPLADS-002318,10.46,18.14,0,19.5,73.5,93.0,3.0,0.0,0.0004,0.0,NORMAL_EXECUTION_PROGRESS,NONE,NONE
MPLADS-002319,30.46,56.7,0,-8.7,99.2,90.5,0.0,0.0,0.0,0.0,NORMAL_EXECUTION_PROGRESS,NONE,NONE
MPLADS-002320,1.08,0.68,0,14.5,82.6,97.1,7.0,0.0,0.0016,0.0,NORMAL_EXECUTION_PROGRESS,NONE,NONE
MPLADS-002321,39.88,71.86,0,27.2,70.3,97.5,28.0,0.0,0.0107,0.0,NORMAL_EXECUTION_PROGRESS,NONE,NONE
MPLADS-002322,95.16,99.18,1,100.0,0.0,100.0,0.0,1.0,0.0,75.0,GHOST_WORK_EXECUTION_DIVERGENCE,SEVERE_PHYSICAL_FINANCIAL_GAP,ABANDONED_WORK_SUSPICION
MPLADS-002323,20.85,39.16,0,-10.2,97.3,87.1,6.0,0.0,0.0007,0.0,NORMAL_EXECUTION_PROGRESS,NONE,NONE
MPLADS-002324,10.98,19.22,0,-3.2,94.2,91.0,0.0,0.0,0.0,0.0,NORMAL_EXECUTION_PROGRESS,NONE,NONE
MPLADS-002325,25.81,48.64,0,20.3,75.2,95.5,2.0,0.0,0.0009,0.0,NORMAL_EXECUTION_PROGRESS,NONE,NONE
MPLADS-002326,36.59,66.9,0,18.3,70.2,88.5,9.0,0.0,0.0002,0.0,NORMAL_EXECUTION_PROGRESS,NONE,NONE
MPLADS-002327,14.88,27.18,0,18.1,76.3,94.4,0.0,0.0,0.0,0.0,NORMAL_EXECUTION_PROGRESS,NONE,NONE
MPLADS-002328,62.83,86.94,0,52.3,98.7,151.0,0.0,0.0,0.0,75.0,SEVERE_PHYSICAL_FINANCIAL_GAP,NONE,NONE
MPLADS-002329,30.49,56.74,0,21.7,74.7,96.4,25.0,0.0,0.0111,0.0,NORMAL_EXECUTION_PROGRESS,NONE,NONE
MPLADS-002330,44.93,78.46,0,3.6,83.8,87.4,24.0,0.0,0.0245,0.0,NORMAL_EXECUTION_PROGRESS,NONE,NONE
MPLADS-002331,39.23,70.88,0,9.4,86.2,95.6,30.0,0.0,0.0007,0.0,NORMAL_EXECUTION_PROGRESS,NONE,NONE
MPLADS-002332,29.36,54.9,0,-11.8,99.0,87.2,0.0,0.0,0.0,0.0,NORMAL_EXECUTION_PROGRESS,NONE,NONE
MPLADS-002333,57.64,85.12,0,54.3,79.8,134.1,25.0,0.0,0.0044,75.0,NORMAL_EXECUTION_PROGRESS,NONE,NONE
MPLADS-002334,32.06,59.48,0,5.9,80.9,86.8,0.0,0.0,0.0,0.0,NORMAL_EXECUTION_PROGRESS,NONE,NONE
MPLADS-002335,72.65,92.42,0,66.6,25.3,91.9,29.0,0.0,0.0392,75.0,SEVERE_PHYSICAL_FINANCIAL_GAP,INSPECTION_DOCUMENTATION_DEFICIT,NONE
MPLADS-002336,58.55,85.4,0,48.3,96.4,144.7,26.0,0.0,0.0011,50.0,NORMAL_EXECUTION_PROGRESS,NONE,NONE
MPLADS-002337,27.59,51.82,0,22.3,71.2,93.5,3.0,0.0,0.0002,0.0,NORMAL_EXECUTION_PROGRESS,NONE,NONE
MPLADS-002338,17.34,32.2,0,9.6,78.4,88.0,0.0,0.0,0.0,0.0,NORMAL_EXECUTION_PROGRESS,NONE,NONE
MPLADS-002339,13.17,23.66,0,9.2,87.5,96.7,0.0,0.0,0.0,0.0,NORMAL_EXECUTION_PROGRESS,NONE,NONE
MPLADS-002340,26.23,49.44,0,21.4,75.2,96.6,0.0,0.0,0.0,0.0,NORMAL_EXECUTION_PROGRESS,NONE,NONE
MPLADS-002341,16.62,30.78,0,15.5,70.7,86.2,11.0,0.0,0.0034,0.0,NORMAL_EXECUTION_PROGRESS,NONE,NONE
MPLADS-002342,43.25,76.48,0,-6.0,97.2,91.2,25.0,0.0,0.0005,0.0,NORMAL_EXECUTION_PROGRESS,NONE,NONE
MPLADS-002343,29.1,54.46,0,2.3,93.4,95.7,21.0,0.0,0.0009,0.0,NORMAL_EXECUTION_PROGRESS,NONE,NONE
MPLADS-002344,16.12,29.76,0,-1.6,89.1,87.5,31.0,0.0,0.0044,0.0,NORMAL_EXECUTION_PROGRESS,NONE,NONE
MPLADS-002345,14.63,26.64,0,5.5,82.9,88.4,23.0,0.0,0.0016,0.0,NORMAL_EXECUTION_PROGRESS,NONE,NONE
MPLADS-002346,15.9,29.32,0,19.3,71.2,90.5,10.0,0.0,0.0018,0.0,NORMAL_EXECUTION_PROGRESS,NONE,NONE
MPLADS-002347,37.58,68.4,0,0.4,88.5,88.9,13.0,0.0,0.0002,0.0,NORMAL_EXECUTION_PROGRESS,NONE,NONE
MPLADS-002348,4.24,5.84,0,13.1,83.0,96.1,17.0,0.0,0.0039,0.0,NORMAL_EXECUTION_PROGRESS,NONE,NONE
MPLADS-002349,18.38,34.28,0,7.4,79.9,87.3,14.0,0.0,0.0008,0.0,NORMAL_EXECUTION_PROGRESS,NONE,NONE
MPLADS-002350,2.35,2.52,0,10.0,85.6,95.6,6.0,0.0,0.0016,0.0,NORMAL_EXECUTION_PROGRESS,NONE,NONE
MPLADS-002351,10.87,18.98,0,4.4,88.2,92.6,27.0,0.0,0.0017,0.0,NORMAL_EXECUTION_PROGRESS,NONE,NONE
MPLADS-002352,36.32,66.46,0,5.8,91.0,96.8,21.0,0.0,0.0195,0.0,NORMAL_EXECUTION_PROGRESS,NONE,NONE
MPLADS-002353,7.19,11.54,0,18.6,74.2,92.8,0.0,0.0,0.0,0.0,NORMAL_EXECUTION_PROGRESS,NONE,NONE
MPLADS-002354,58.66,85.44,0,48.7,97.9,146.6,7.0,0.0,0.0004,50.0,NORMAL_EXECUTION_PROGRESS,NONE,NONE
MPLADS-002355,97.07,99.72,1,100.0,0.0,100.0,10.0,1.0,0.0274,75.0,GHOST_WORK_EXECUTION_DIVERGENCE,SEVERE_PHYSICAL_FINANCIAL_GAP,ABANDONED_WORK_SUSPICION
MPLADS-002356,20.58,38.66,0,-2.9,91.6,88.7,19.0,0.0,0.007,0.0,NORMAL_EXECUTION_PROGRESS,NONE,NONE
MPLADS-002357,6.28,9.72,0,-0.7,93.5,92.8,4.0,0.0,0.0006,0.0,NORMAL_EXECUTION_PROGRESS,NONE,NONE
MPLADS-002358,55.76,84.76,0,49.5,91.6,141.1,0.0,0.0,0.0,50.0,NORMAL_EXECUTION_PROGRESS,NONE,NONE
MPLADS-002359,26.26,49.48,0,15.3,82.0,97.3,13.0,0.0,0.0057,0.0,NORMAL_EXECUTION_PROGRESS,NONE,NONE
MPLADS-002360,49.41,82.3,0,4.2,85.2,89.4,0.0,0.0,0.0,0.0,NORMAL_EXECUTION_PROGRESS,NONE,NONE
MPLADS-002361,21.88,41.16,0,21.6,73.8,95.4,8.0,0.0,0.004,0.0,NORMAL_EXECUTION_PROGRESS,NONE,NONE
MPLADS-002362,48.65,81.76,0,-10.9,97.9,87.0,22.0,0.0,0.0189,0.0,NORMAL_EXECUTION_PROGRESS,NONE,NONE
MPLADS-002363,9.54,16.22,0,4.4,85.6,90.0,33.0,0.0,0.0098,0.0,NORMAL_EXECUTION_PROGRESS,NONE,NONE
MPLADS-002364,21.83,41.08,0,13.9,79.9,93.8,25.0,0.0,0.0125,0.0,NORMAL_EXECUTION_PROGRESS,NONE,NONE
MPLADS-002365,30.02,55.98,0,22.5,70.0,92.5,0.0,0.0,0.0,0.0,NORMAL_EXECUTION_PROGRESS,NONE,NONE
MPLADS-002366,42.65,75.66,0,1.5,91.8,93.3,21.0,0.0,0.0193,0.0,NORMAL_EXECUTION_PROGRESS,NONE,NONE
MPLADS-002367,54.96,84.56,0,50.8,86.8,137.6,5.0,0.0,0.001,75.0,NORMAL_EXECUTION_PROGRESS,NONE,NONE
MPLADS-002368,61.51,86.34,0,55.9,96.0,151.9,26.0,0.0,0.0054,75.0,SEVERE_PHYSICAL_FINANCIAL_GAP,NONE,NONE
MPLADS-002369,27.59,51.84,0,-9.8,98.1,88.3,27.0,0.0,0.0054,0.0,NORMAL_EXECUTION_PROGRESS,NONE,NONE
MPLADS-002370,14.37,26.12,0,4.1,81.1,85.2,0.0,0.0,0.0,0.0,NORMAL_EXECUTION_PROGRESS,NONE,NONE
MPLADS-002371,37.33,68.02,0,10.8,85.0,95.8,13.0,0.0,0.0127,0.0,NORMAL_EXECUTION_PROGRESS,NONE,NONE
MPLADS-002372,59.25,85.66,0,55.9,77.8,133.7,0.0,0.0,0.0,75.0,NORMAL_EXECUTION_PROGRESS,NONE,NONE
MPLADS-002373,20.13,37.78,0,14.2,76.2,90.4,33.0,0.0,0.0075,0.0,NORMAL_EXECUTION_PROGRESS,NONE,NONE
MPLADS-002374,82.4,97.12,1,21.9,67.1,89.0,540.0,0.0,0.9284,25.0,EXTREME_DURATION_OVERRUN,STALLED_EXECUTION_TRAJECTORY,NONE
MPLADS-002375,20.63,38.74,0,-7.2,95.4,88.2,2.0,0.0,0.0004,0.0,NORMAL_EXECUTION_PROGRESS,NONE,NONE
MPLADS-002376,36.7,67.08,0,11.5,84.5,96.0,5.0,0.0,0.0048,0.0,NORMAL_EXECUTION_PROGRESS,NONE,NONE
MPLADS-002377,21.56,40.54,0,18.2,71.4,89.6,18.0,0.0,0.0059,0.0,NORMAL_EXECUTION_PROGRESS,NONE,NONE
MPLADS-002378,70.98,91.34,0,50.1,19.7,69.8,34.0,0.0,0.0491,75.0,SEVERE_PHYSICAL_FINANCIAL_GAP,ABANDONED_WORK_SUSPICION,NONE
MPLADS-002379,81.45,96.7,1,78.9,15.5,94.4,7.0,0.0,0.0159,75.0,SEVERE_PHYSICAL_FINANCIAL_GAP,ABANDONED_WORK_SUSPICION,INSPECTION_DOCUMENTATION_DEFICIT
MPLADS-002380,33.6,61.94,0,-13.3,98.9,85.6,23.0,0.0,0.0036,0.0,NORMAL_EXECUTION_PROGRESS,NONE,NONE
MPLADS-002381,13.77,24.92,0,-8.2,95.4,87.2,0.0,0.0,0.0,0.0,NORMAL_EXECUTION_PROGRESS,NONE,NONE
MPLADS-002382,40.44,72.6,0,20.7,71.0,91.7,0.0,0.0,0.0,0.0,NORMAL_EXECUTION_PROGRESS,NONE,NONE
MPLADS-002383,10.56,18.36,0,17.1,77.6,94.7,4.0,0.0,0.0009,0.0,NORMAL_EXECUTION_PROGRESS,NONE,NONE
MPLADS-002384,26.73,50.32,0,18.5,73.8,92.3,25.0,0.0,0.0028,0.0,NORMAL_EXECUTION_PROGRESS,NONE,NONE
MPLADS-002385,3.92,5.22,0,4.7,85.4,90.1,20.0,0.0,0.0026,0.0,NORMAL_EXECUTION_PROGRESS,NONE,NONE
MPLADS-002386,70.57,91.1,0,22.7,62.7,85.4,240.0,0.0,0.2752,25.0,EXTREME_DURATION_OVERRUN,STALLED_EXECUTION_TRAJECTORY,NONE
MPLADS-002387,9.91,17.0,0,6.3,81.5,87.8,0.0,0.0,0.0,0.0,NORMAL_EXECUTION_PROGRESS,NONE,NONE
MPLADS-002388,28.21,52.94,0,11.1,78.4,89.5,34.0,0.0,0.0187,0.0,NORMAL_EXECUTION_PROGRESS,NONE,NONE
MPLADS-002389,5.71,8.66,0,5.8,86.1,91.9,17.0,0.0,0.0052,0.0,NORMAL_EXECUTION_PROGRESS,NONE,NONE
MPLADS-002390,18.93,35.38,0,-8.2,94.6,86.4,3.0,0.0,0.0005,0.0,NORMAL_EXECUTION_PROGRESS,NONE,NONE
MPLADS-002391,14.39,26.16,0,9.3,79.2,88.5,32.0,0.0,0.01,0.0,NORMAL_EXECUTION_PROGRESS,NONE,NONE
MPLADS-002392,9.28,15.72,0,8.8,82.9,91.7,24.0,0.0,0.0069,0.0,NORMAL_EXECUTION_PROGRESS,NONE,NONE
MPLADS-002393,40.33,72.46,0,15.9,72.0,87.9,7.0,0.0,0.0079,0.0,NORMAL_EXECUTION_PROGRESS,NONE,NONE
MPLADS-002394,9.6,16.36,0,4.5,86.0,90.5,0.0,0.0,0.0,0.0,NORMAL_EXECUTION_PROGRESS,NONE,NONE
MPLADS-002395,24.9,46.98,0,17.2,75.8,93.0,33.0,0.0,0.0153,0.0,NORMAL_EXECUTION_PROGRESS,NONE,NONE
MPLADS-002396,6.93,11.04,0,4.1,83.0,87.1,2.0,0.0,0.0004,0.0,NORMAL_EXECUTION_PROGRESS,NONE,NONE
MPLADS-002397,3.67,4.8,0,13.0,77.9,90.9,23.0,0.0,0.0075,0.0,NORMAL_EXECUTION_PROGRESS,NONE,NONE
MPLADS-002398,13.96,25.3,0,8.9,78.3,87.2,8.0,0.0,0.0004,0.0,NORMAL_EXECUTION_PROGRESS,NONE,NONE
MPLADS-002399,26.94,50.68,0,-9.1,97.1,88.0,26.0,0.0,0.0052,0.0,NORMAL_EXECUTION_PROGRESS,NONE,NONE
MPLADS-002400,1.27,0.9,0,11.4,83.0,94.4,0.0,0.0,0.0,0.0,NORMAL_EXECUTION_PROGRESS,NONE,NONE
MPLADS-002401,9.02,15.18,0,8.2,82.9,91.1,14.0,0.0,0.0007,0.0,NORMAL_EXECUTION_PROGRESS,NONE,NONE
MPLADS-002402,5.03,7.34,0,14.6,82.7,97.3,12.0,0.0,0.0026,0.0,NORMAL_EXECUTION_PROGRESS,NONE,NONE
MPLADS-002403,35.6,65.22,0,-12.6,99.0,86.4,34.0,0.0,0.0037,0.0,NORMAL_EXECUTION_PROGRESS,NONE,NONE
MPLADS-002404,24.16,45.56,0,-2.9,93.8,90.9,26.0,0.0,0.0012,0.0,NORMAL_EXECUTION_PROGRESS,NONE,NONE
MPLADS-002405,38.48,69.8,0,10.7,79.6,90.3,16.0,0.0,0.0168,0.0,NORMAL_EXECUTION_PROGRESS,NONE,NONE
MPLADS-002406,21.71,40.86,0,-3.7,89.3,85.6,0.0,0.0,0.0,0.0,NORMAL_EXECUTION_PROGRESS,NONE,NONE
MPLADS-002407,17.94,33.42,0,13.7,78.4,92.1,3.0,0.0,0.0001,0.0,NORMAL_EXECUTION_PROGRESS,NONE,NONE
MPLADS-002408,23.79,44.86,0,21.6,74.2,95.8,6.0,0.0,0.0022,0.0,NORMAL_EXECUTION_PROGRESS,NONE,NONE
MPLADS-002409,12.66,22.64,0,2.3,87.8,90.1,19.0,0.0,0.0022,0.0,NORMAL_EXECUTION_PROGRESS,NONE,NONE
MPLADS-002410,18.08,33.68,0,-3.4,98.0,94.6,3.0,0.0,0.0006,0.0,NORMAL_EXECUTION_PROGRESS,NONE,NONE
MPLADS-002411,9.22,15.6,0,7.6,89.2,96.8,0.0,0.0,0.0,0.0,NORMAL_EXECUTION_PROGRESS,NONE,NONE
MPLADS-002412,36.41,66.58,0,3.6,82.3,85.9,12.0,0.0,0.0121,0.0,NORMAL_EXECUTION_PROGRESS,NONE,NONE
MPLADS-002413,22.8,42.94,0,19.2,72.5,91.7,4.0,0.0,0.002,0.0,NORMAL_EXECUTION_PROGRESS,NONE,NONE
MPLADS-002414,44.76,78.3,0,-6.2,97.4,91.2,0.0,0.0,0.0,0.0,NORMAL_EXECUTION_PROGRESS,NONE,NONE
MPLADS-002415,5.15,7.58,0,15.6,78.2,93.8,0.0,0.0,0.0,0.0,NORMAL_EXECUTION_PROGRESS,NONE,NONE
MPLADS-002416,98.5,99.92,1,100.0,0.0,100.0,0.0,1.0,0.0,75.0,GHOST_WORK_EXECUTION_DIVERGENCE,SEVERE_PHYSICAL_FINANCIAL_GAP,ABANDONED_WORK_SUSPICION
MPLADS-002417,80.21,96.04,1,17.9,69.4,87.3,420.0,0.0,0.6632,25.0,EXTREME_DURATION_OVERRUN,STALLED_EXECUTION_TRAJECTORY,NONE
MPLADS-002418,15.62,28.74,0,3.1,82.1,85.2,23.0,0.0,0.0083,0.0,NORMAL_EXECUTION_PROGRESS,NONE,NONE
MPLADS-002419,1.9,1.76,0,14.7,80.7,95.4,0.0,0.0,0.0,0.0,NORMAL_EXECUTION_PROGRESS,NONE,NONE
MPLADS-002420,12.93,23.18,0,3.8,86.7,90.5,31.0,0.0,0.0088,0.0,NORMAL_EXECUTION_PROGRESS,NONE,NONE
MPLADS-002421,18.15,33.8,0,13.3,76.0,89.3,34.0,0.0,0.0079,0.0,NORMAL_EXECUTION_PROGRESS,NONE,NONE
MPLADS-002422,25.76,48.56,0,12.1,73.0,85.1,21.0,0.0,0.0043,0.0,NORMAL_EXECUTION_PROGRESS,NONE,NONE
MPLADS-002423,10.25,17.72,0,-8.8,94.2,85.4,6.0,0.0,0.0008,0.0,NORMAL_EXECUTION_PROGRESS,NONE,NONE
MPLADS-002424,41.49,74.12,0,19.2,77.2,96.4,11.0,0.0,0.0118,0.0,NORMAL_EXECUTION_PROGRESS,NONE,NONE
MPLADS-002425,19.99,37.48,0,18.7,70.0,88.7,20.0,0.0,0.0045,0.0,NORMAL_EXECUTION_PROGRESS,NONE,NONE
MPLADS-002426,43.07,76.22,0,16.4,73.7,90.1,19.0,0.0,0.0216,0.0,NORMAL_EXECUTION_PROGRESS,NONE,NONE
MPLADS-002427,4.07,5.46,0,8.9,85.9,94.8,0.0,0.0,0.0,0.0,NORMAL_EXECUTION_PROGRESS,NONE,NONE
MPLADS-002428,35.0,64.24,0,15.1,81.7,96.8,0.0,0.0,0.0,0.0,NORMAL_EXECUTION_PROGRESS,NONE,NONE
MPLADS-002429,11.63,20.56,0,12.2,79.5,91.7,27.0,0.0,0.0108,0.0,NORMAL_EXECUTION_PROGRESS,NONE,NONE
MPLADS-002430,28.02,52.62,0,11.7,84.3,96.0,0.0,0.0,0.0,0.0,NORMAL_EXECUTION_PROGRESS,NONE,NONE
MPLADS-002431,83.76,97.6,1,81.7,15.5,97.2,25.0,0.0,0.0571,75.0,SEVERE_PHYSICAL_FINANCIAL_GAP,ABANDONED_WORK_SUSPICION,INSPECTION_DOCUMENTATION_DEFICIT
MPLADS-002432,51.79,83.38,0,21.8,71.1,92.9,34.0,0.0,0.0411,0.0,NORMAL_EXECUTION_PROGRESS,NONE,NONE
MPLADS-002433,2.12,2.1,0,4.8,86.2,91.0,11.0,0.0,0.0032,0.0,NORMAL_EXECUTION_PROGRESS,NONE,NONE
MPLADS-002434,37.98,69.0,0,20.4,70.2,90.6,8.0,0.0,0.0001,0.0,NORMAL_EXECUTION_PROGRESS,NONE,NONE
MPLADS-002435,19.74,36.98,0,7.4,90.2,97.6,0.0,0.0,0.0,0.0,NORMAL_EXECUTION_PROGRESS,NONE,NONE
MPLADS-002436,41.51,74.16,0,-4.3,97.7,93.4,0.0,0.0,0.0,0.0,NORMAL_EXECUTION_PROGRESS,NONE,NONE
MPLADS-002437,3.23,3.98,0,13.2,82.5,95.7,12.0,0.0,0.003,0.0,NORMAL_EXECUTION_PROGRESS,NONE,NONE
MPLADS-002438,4.54,6.42,0,4.2,91.9,96.1,11.0,0.0,0.0009,0.0,NORMAL_EXECUTION_PROGRESS,NONE,NONE
MPLADS-002439,23.09,43.46,0,-0.8,86.2,85.4,20.0,0.0,0.0011,0.0,NORMAL_EXECUTION_PROGRESS,NONE,NONE
MPLADS-002440,15.76,29.02,0,10.8,75.2,86.0,0.0,0.0,0.0,0.0,NORMAL_EXECUTION_PROGRESS,NONE,NONE
MPLADS-002441,28.53,53.54,0,-7.9,99.5,91.6,21.0,0.0,0.0067,0.0,NORMAL_EXECUTION_PROGRESS,NONE,NONE
MPLADS-002442,26.95,50.7,0,20.1,74.9,95.0,27.0,0.0,0.003,0.0,NORMAL_EXECUTION_PROGRESS,NONE,NONE
MPLADS-002443,51.84,83.4,0,33.3,95.0,128.3,4.0,0.0,0.0001,50.0,NORMAL_EXECUTION_PROGRESS,NONE,NONE
MPLADS-002444,65.74,87.76,0,32.3,10.8,43.1,14.0,0.0,0.0185,50.0,SEVERE_PHYSICAL_FINANCIAL_GAP,NONE,NONE
MPLADS-002445,11.66,20.64,0,15.7,79.5,95.2,7.0,0.0,0.0018,0.0,NORMAL_EXECUTION_PROGRESS,NONE,NONE
MPLADS-002446,34.58,63.58,0,7.7,79.9,87.6,0.0,0.0,0.0,0.0,NORMAL_EXECUTION_PROGRESS,NONE,NONE
MPLADS-002447,18.26,34.02,0,16.1,73.0,89.1,0.0,0.0,0.0,0.0,NORMAL_EXECUTION_PROGRESS,NONE,NONE
MPLADS-002448,45.87,79.3,0,12.7,81.3,94.0,32.0,0.0,0.0342,0.0,NORMAL_EXECUTION_PROGRESS,NONE,NONE
MPLADS-002449,28.12,52.78,0,17.4,80.5,97.9,34.0,0.0,0.0105,0.0,NORMAL_EXECUTION_PROGRESS,NONE,NONE
MPLADS-002450,26.38,49.72,0,20.6,76.7,97.3,12.0,0.0,0.0058,0.0,NORMAL_EXECUTION_PROGRESS,NONE,NONE
MPLADS-002451,24.37,45.98,0,-0.9,96.9,96.0,0.0,0.0,0.0,0.0,NORMAL_EXECUTION_PROGRESS,NONE,NONE
MPLADS-002452,27.75,52.12,0,-5.4,99.5,94.1,28.0,0.0,0.0027,0.0,NORMAL_EXECUTION_PROGRESS,NONE,NONE
MPLADS-002453,19.89,37.3,0,11.7,85.3,97.0,26.0,0.0,0.0018,0.0,NORMAL_EXECUTION_PROGRESS,NONE,NONE
MPLADS-002454,69.45,90.12,0,58.2,33.2,91.4,24.0,0.0,0.0208,75.0,SEVERE_PHYSICAL_FINANCIAL_GAP,INSPECTION_DOCUMENTATION_DEFICIT,NONE
MPLADS-002455,32.15,59.62,0,25.0,71.8,96.8,0.0,0.0,0.0,0.0,NORMAL_EXECUTION_PROGRESS,NONE,NONE
MPLADS-002456,28.68,53.78,0,-9.1,95.8,86.7,32.0,0.0,0.0038,0.0,NORMAL_EXECUTION_PROGRESS,NONE,NONE
MPLADS-002457,1.74,1.5,0,8.0,83.1,91.1,0.0,0.0,0.0,0.0,NORMAL_EXECUTION_PROGRESS,NONE,NONE
MPLADS-002458,42.32,75.2,0,8.9,78.7,87.6,26.0,0.0,0.0283,0.0,NORMAL_EXECUTION_PROGRESS,NONE,NONE
MPLADS-002459,27.2,51.16,0,12.8,77.5,90.3,7.0,0.0,0.0001,0.0,NORMAL_EXECUTION_PROGRESS,NONE,NONE
MPLADS-002460,67.81,88.84,0,66.0,84.4,150.4,0.0,0.0,0.0,75.0,SEVERE_PHYSICAL_FINANCIAL_GAP,NONE,NONE
MPLADS-002461,41.17,73.7,0,-7.0,92.8,85.8,19.0,0.0,0.0172,0.0,NORMAL_EXECUTION_PROGRESS,NONE,NONE
MPLADS-002462,5.6,8.44,0,10.4,85.5,95.9,9.0,0.0,0.0026,0.0,NORMAL_EXECUTION_PROGRESS,NONE,NONE
MPLADS-002463,35.59,65.2,0,-10.8,97.9,87.1,0.0,0.0,0.0,0.0,NORMAL_EXECUTION_PROGRESS,NONE,NONE
MPLADS-002464,18.6,34.72,0,-1.2,92.5,91.3,24.0,0.0,0.0011,0.0,NORMAL_EXECUTION_PROGRESS,NONE,NONE
MPLADS-002465,39.42,71.14,0,5.6,80.9,86.5,22.0,0.0,0.0231,0.0,NORMAL_EXECUTION_PROGRESS,NONE,NONE
MPLADS-002466,40.24,72.38,0,13.1,72.8,85.9,0.0,0.0,0.0,0.0,NORMAL_EXECUTION_PROGRESS,NONE,NONE
MPLADS-002467,19.1,35.72,0,17.0,78.7,95.7,0.0,0.0,0.0,0.0,NORMAL_EXECUTION_PROGRESS,NONE,NONE
MPLADS-002468,30.77,57.26,0,-11.2,99.6,88.4,0.0,0.0,0.0,0.0,NORMAL_EXECUTION_PROGRESS,NONE,NONE
MPLADS-002469,35.48,65.04,0,-4.4,91.4,87.0,7.0,0.0,0.0062,0.0,NORMAL_EXECUTION_PROGRESS,NONE,NONE
MPLADS-002470,65.97,87.92,0,39.2,14.5,53.7,11.0,0.0,0.0109,50.0,SEVERE_PHYSICAL_FINANCIAL_GAP,ABANDONED_WORK_SUSPICION,NONE
MPLADS-002471,18.9,35.32,0,5.8,82.1,87.9,14.0,0.0,0.0007,0.0,NORMAL_EXECUTION_PROGRESS,NONE,NONE
MPLADS-002472,49.66,82.4,0,6.6,83.5,90.1,0.0,0.0,0.0,0.0,NORMAL_EXECUTION_PROGRESS,NONE,NONE
MPLADS-002473,6.23,9.6,0,-0.2,93.6,93.4,0.0,0.0,0.0,0.0,NORMAL_EXECUTION_PROGRESS,NONE,NONE
MPLADS-002474,44.54,78.04,0,-2.7,88.1,85.4,27.0,0.0,0.0264,0.0,NORMAL_EXECUTION_PROGRESS,NONE,NONE
MPLADS-002475,9.74,16.66,0,7.8,87.7,95.5,0.0,0.0,0.0,0.0,NORMAL_EXECUTION_PROGRESS,NONE,NONE
MPLADS-002476,6.06,9.32,0,2.9,85.7,88.6,0.0,0.0,0.0,0.0,NORMAL_EXECUTION_PROGRESS,NONE,NONE
MPLADS-002477,75.05,93.78,0,10.7,74.5,85.2,320.0,0.0,0.4035,25.0,EXTREME_DURATION_OVERRUN,STALLED_EXECUTION_TRAJECTORY,NONE
MPLADS-002478,67.11,88.54,0,60.3,27.9,88.2,24.0,0.0,0.0308,75.0,SEVERE_PHYSICAL_FINANCIAL_GAP,INSPECTION_DOCUMENTATION_DEFICIT,NONE
MPLADS-002479,12.27,21.84,0,10.1,78.1,88.2,27.0,0.0,0.0052,0.0,NORMAL_EXECUTION_PROGRESS,NONE,NONE
MPLADS-002480,28.51,53.5,0,-2.7,96.8,94.1,28.0,0.0,0.0013,0.0,NORMAL_EXECUTION_PROGRESS,NONE,NONE
MPLADS-002481,6.67,10.52,0,1.0,92.6,93.6,10.0,0.0,0.0008,0.0,NORMAL_EXECUTION_PROGRESS,NONE,NONE
MPLADS-002482,11.14,19.54,0,15.6,77.2,92.8,0.0,0.0,0.0,0.0,NORMAL_EXECUTION_PROGRESS,NONE,NONE
MPLADS-002483,9.91,17.02,0,11.1,78.3,89.4,0.0,0.0,0.0,0.0,NORMAL_EXECUTION_PROGRESS,NONE,NONE
MPLADS-002484,9.18,15.52,0,3.0,82.3,85.3,28.0,0.0,0.0086,0.0,NORMAL_EXECUTION_PROGRESS,NONE,NONE
MPLADS-002485,21.61,40.66,0,16.7,70.5,87.2,8.0,0.0,0.0044,0.0,NORMAL_EXECUTION_PROGRESS,NONE,NONE
MPLADS-002486,39.97,71.96,0,24.5,72.8,97.3,34.0,0.0,0.0049,0.0,NORMAL_EXECUTION_PROGRESS,NONE,NONE
MPLADS-002487,8.24,13.6,0,15.3,76.0,91.3,11.0,0.0,0.0007,0.0,NORMAL_EXECUTION_PROGRESS,NONE,NONE
MPLADS-002488,30.14,56.2,0,1.5,87.5,89.0,24.0,0.0,0.0014,0.0,NORMAL_EXECUTION_PROGRESS,NONE,NONE
MPLADS-002489,39.92,71.92,0,-8.5,95.1,86.6,15.0,0.0,0.0003,0.0,NORMAL_EXECUTION_PROGRESS,NONE,NONE
MPLADS-002490,37.65,68.48,0,15.9,81.2,97.1,29.0,0.0,0.0008,0.0,NORMAL_EXECUTION_PROGRESS,NONE,NONE
MPLADS-002491,11.53,20.36,0,10.9,84.6,95.5,30.0,0.0,0.0089,0.0,NORMAL_EXECUTION_PROGRESS,NONE,NONE
MPLADS-002492,45.97,79.44,0,-10.0,100.0,90.0,0.0,0.0,0.0,0.0,NORMAL_EXECUTION_PROGRESS,NONE,NONE
MPLADS-002493,42.82,75.86,0,12.7,74.0,86.7,0.0,0.0,0.0,0.0,NORMAL_EXECUTION_PROGRESS,NONE,NONE
MPLADS-002494,8.76,14.62,0,20.8,76.9,97.7,0.0,0.0,0.0,0.0,NORMAL_EXECUTION_PROGRESS,NONE,NONE
MPLADS-002495,2.29,2.4,0,7.0,80.7,87.7,0.0,0.0,0.0,0.0,NORMAL_EXECUTION_PROGRESS,NONE,NONE
MPLADS-002496,1.91,1.78,0,11.4,80.9,92.3,0.0,0.0,0.0,0.0,NORMAL_EXECUTION_PROGRESS,NONE,NONE
MPLADS-002497,18.73,34.98,0,11.4,79.3,90.7,34.0,0.0,0.0146,0.0,NORMAL_EXECUTION_PROGRESS,NONE,NONE
MPLADS-002498,15.4,28.28,0,20.4,73.0,93.4,5.0,0.0,0.0019,0.0,NORMAL_EXECUTION_PROGRESS,NONE,NONE
MPLADS-002499,15.71,28.92,0,-0.8,86.1,85.3,19.0,0.0,0.0024,0.0,NORMAL_EXECUTION_PROGRESS,NONE,NONE
MPLADS-002500,5.05,7.38,0,6.5,81.0,87.5,4.0,0.0,0.0009,0.0,NORMAL_EXECUTION_PROGRESS,NONE,NONE
MPLADS-002501,37.34,68.04,0,-11.9,99.5,87.6,28.0,0.0,0.0047,0.0,NORMAL_EXECUTION_PROGRESS,NONE,NONE
MPLADS-002502,72.14,92.22,0,72.0,16.5,88.5,0.0,0.0,0.0,75.0,SEVERE_PHYSICAL_FINANCIAL_GAP,ABANDONED_WORK_SUSPICION,INSPECTION_DOCUMENTATION_DEFICIT
MPLADS-002503,3.48,4.44,0,9.2,80.1,89.3,0.0,0.0,0.0,0.0,NORMAL_EXECUTION_PROGRESS,NONE,NONE
MPLADS-002504,21.85,41.12,0,2.0,86.4,88.4,32.0,0.0,0.0114,0.0,NORMAL_EXECUTION_PROGRESS,NONE,NONE
MPLADS-002505,17.05,31.64,0,10.2,78.9,89.1,29.0,0.0,0.0099,0.0,NORMAL_EXECUTION_PROGRESS,NONE,NONE
MPLADS-002506,2.08,2.04,0,-2.3,88.7,86.4,17.0,0.0,0.0033,0.0,NORMAL_EXECUTION_PROGRESS,NONE,NONE
MPLADS-002507,3.21,3.92,0,8.5,87.6,96.1,0.0,0.0,0.0,0.0,NORMAL_EXECUTION_PROGRESS,NONE,NONE
MPLADS-002508,27.3,51.34,0,-8.8,96.1,87.3,30.0,0.0,0.0057,0.0,NORMAL_EXECUTION_PROGRESS,NONE,NONE
MPLADS-002509,6.42,10.02,0,10.4,80.0,90.4,20.0,0.0,0.0031,0.0,NORMAL_EXECUTION_PROGRESS,NONE,NONE
MPLADS-002510,19.7,36.9,0,17.0,80.1,97.1,29.0,0.0,0.0117,0.0,NORMAL_EXECUTION_PROGRESS,NONE,NONE
MPLADS-002511,81.73,96.92,1,53.6,41.9,95.5,360.0,0.0,0.6691,100.0,EXTREME_DURATION_OVERRUN,SEVERE_PHYSICAL_FINANCIAL_GAP,STALLED_EXECUTION_TRAJECTORY
MPLADS-002512,40.41,72.56,0,1.9,95.7,97.6,0.0,0.0,0.0,0.0,NORMAL_EXECUTION_PROGRESS,NONE,NONE
MPLADS-002513,22.49,42.32,0,21.6,73.3,94.9,0.0,0.0,0.0,0.0,NORMAL_EXECUTION_PROGRESS,NONE,NONE
MPLADS-002514,15.98,29.48,0,4.6,91.3,95.9,0.0,0.0,0.0,0.0,NORMAL_EXECUTION_PROGRESS,NONE,NONE
MPLADS-002515,46.42,79.94,0,0.4,88.7,89.1,0.0,0.0,0.0,0.0,NORMAL_EXECUTION_PROGRESS,NONE,NONE
MPLADS-002516,71.27,91.62,0,61.3,82.7,144.0,0.0,0.0,0.0,75.0,SEVERE_PHYSICAL_FINANCIAL_GAP,NONE,NONE
MPLADS-002517,20.73,38.94,0,-0.7,86.6,85.9,0.0,0.0,0.0,0.0,NORMAL_EXECUTION_PROGRESS,NONE,NONE
MPLADS-002518,2.2,2.24,0,5.0,85.9,90.9,0.0,0.0,0.0,0.0,NORMAL_EXECUTION_PROGRESS,NONE,NONE
MPLADS-002519,2.33,2.48,0,5.2,90.5,95.7,3.0,0.0,0.0004,0.0,NORMAL_EXECUTION_PROGRESS,NONE,NONE
MPLADS-002520,18.71,34.94,0,-0.2,94.2,94.0,27.0,0.0,0.006,0.0,NORMAL_EXECUTION_PROGRESS,NONE,NONE
MPLADS-002521,20.62,38.72,0,-9.8,98.4,88.6,3.0,0.0,0.0002,0.0,NORMAL_EXECUTION_PROGRESS,NONE,NONE
MPLADS-002522,17.79,33.12,0,14.1,83.6,97.7,12.0,0.0,0.0005,0.0,NORMAL_EXECUTION_PROGRESS,NONE,NONE
MPLADS-002523,13.36,24.06,0,8.5,84.7,93.2,0.0,0.0,0.0,0.0,NORMAL_EXECUTION_PROGRESS,NONE,NONE
MPLADS-002524,6.2,9.56,0,-1.8,91.6,89.8,0.0,0.0,0.0,0.0,NORMAL_EXECUTION_PROGRESS,NONE,NONE
MPLADS-002525,60.19,85.96,0,32.7,23.6,56.3,2.0,0.0,0.0015,50.0,SEVERE_PHYSICAL_FINANCIAL_GAP,NONE,NONE
MPLADS-002526,56.01,84.86,0,42.4,96.4,138.8,24.0,0.0,0.0023,50.0,NORMAL_EXECUTION_PROGRESS,NONE,NONE
MPLADS-002527,17.4,32.32,0,14.5,74.1,88.6,0.0,0.0,0.0,0.0,NORMAL_EXECUTION_PROGRESS,NONE,NONE
MPLADS-002528,80.16,95.98,1,11.9,78.7,90.6,5.0,0.0,0.0016,0.0,INSPECTION_DOCUMENTATION_DEFICIT,NONE,NONE
MPLADS-002529,68.12,89.06,0,54.0,31.8,85.8,15.0,0.0,0.0166,75.0,SEVERE_PHYSICAL_FINANCIAL_GAP,INSPECTION_DOCUMENTATION_DEFICIT,NONE
MPLADS-002530,44.24,77.62,0,-6.0,97.0,91.0,21.0,0.0,0.0182,0.0,NORMAL_EXECUTION_PROGRESS,NONE,NONE
MPLADS-002531,21.73,40.9,0,18.4,72.2,90.6,24.0,0.0,0.0083,0.0,NORMAL_EXECUTION_PROGRESS,NONE,NONE
MPLADS-002532,37.19,67.82,0,-10.5,99.5,89.0,23.0,0.0,0.0008,0.0,NORMAL_EXECUTION_PROGRESS,NONE,NONE
MPLADS-002533,13.93,25.24,0,-0.5,96.0,95.5,8.0,0.0,0.0011,0.0,NORMAL_EXECUTION_PROGRESS,NONE,NONE
MPLADS-002534,32.63,60.36,0,13.4,81.1,94.5,11.0,0.0,0.0002,0.0,NORMAL_EXECUTION_PROGRESS,NONE,NONE
MPLADS-002535,6.75,10.7,0,10.2,84.5,94.7,22.0,0.0,0.0052,0.0,NORMAL_EXECUTION_PROGRESS,NONE,NONE
MPLADS-002536,79.0,95.28,1,3.8,89.0,92.8,0.0,0.0,0.0,0.0,INSPECTION_DOCUMENTATION_DEFICIT,NONE,NONE
MPLADS-002537,0.92,0.54,0,9.4,81.6,91.0,0.0,0.0,0.0,0.0,NORMAL_EXECUTION_PROGRESS,NONE,NONE
MPLADS-002538,1.45,1.08,0,13.6,74.7,88.3,10.0,0.0,0.003,0.0,NORMAL_EXECUTION_PROGRESS,NONE,NONE
MPLADS-002539,16.32,30.16,0,-0.6,93.6,93.0,1.0,0.0,0.0001,0.0,NORMAL_EXECUTION_PROGRESS,NONE,NONE
MPLADS-002540,69.4,90.06,0,66.5,18.6,85.1,0.0,0.0,0.0,75.0,SEVERE_PHYSICAL_FINANCIAL_GAP,ABANDONED_WORK_SUSPICION,INSPECTION_DOCUMENTATION_DEFICIT
MPLADS-002541,46.05,79.54,0,10.3,86.7,97.0,26.0,0.0,0.0258,0.0,NORMAL_EXECUTION_PROGRESS,NONE,NONE
MPLADS-002542,22.63,42.62,0,16.6,80.9,97.5,0.0,0.0,0.0,0.0,NORMAL_EXECUTION_PROGRESS,NONE,NONE
MPLADS-002543,22.97,43.22,0,17.3,75.4,92.7,32.0,0.0,0.0073,0.0,NORMAL_EXECUTION_PROGRESS,NONE,NONE
MPLADS-002544,42.83,75.88,0,15.0,75.0,90.0,0.0,0.0,0.0,0.0,NORMAL_EXECUTION_PROGRESS,NONE,NONE
MPLADS-002545,6.49,10.16,0,13.9,84.0,97.9,2.0,0.0,0.0003,0.0,NORMAL_EXECUTION_PROGRESS,NONE,NONE
MPLADS-002546,14.63,26.66,0,-1.3,91.1,89.8,0.0,0.0,0.0,0.0,NORMAL_EXECUTION_PROGRESS,NONE,NONE
MPLADS-002547,34.98,64.2,0,20.2,75.0,95.2,8.0,0.0,0.0001,0.0,NORMAL_EXECUTION_PROGRESS,NONE,NONE
MPLADS-002548,53.74,84.14,0,-0.6,97.3,96.7,0.0,0.0,0.0,0.0,NORMAL_EXECUTION_PROGRESS,NONE,NONE
MPLADS-002549,75.63,94.02,0,61.0,34.9,95.9,13.0,0.0,0.0233,75.0,SEVERE_PHYSICAL_FINANCIAL_GAP,INSPECTION_DOCUMENTATION_DEFICIT,NONE
MPLADS-002550,42.04,74.86,0,-6.7,92.9,86.2,5.0,0.0,0.0044,0.0,NORMAL_EXECUTION_PROGRESS,NONE,NONE
MPLADS-002551,26.74,50.34,0,3.5,93.9,97.4,25.0,0.0,0.0093,0.0,NORMAL_EXECUTION_PROGRESS,NONE,NONE
MPLADS-002552,41.82,74.6,0,6.8,82.8,89.6,17.0,0.0,0.0173,0.0,NORMAL_EXECUTION_PROGRESS,NONE,NONE
MPLADS-002553,14.82,27.06,0,-1.3,88.3,87.0,28.0,0.0,0.0073,0.0,NORMAL_EXECUTION_PROGRESS,NONE,NONE
MPLADS-002554,34.08,62.76,0,7.1,90.4,97.5,33.0,0.0,0.0023,0.0,NORMAL_EXECUTION_PROGRESS,NONE,NONE
MPLADS-002555,23.43,44.14,0,21.9,75.7,97.6,7.0,0.0,0.0034,0.0,NORMAL_EXECUTION_PROGRESS,NONE,NONE
MPLADS-002556,42.16,75.06,0,-6.3,93.6,87.3,14.0,0.0,0.0003,0.0,NORMAL_EXECUTION_PROGRESS,NONE,NONE
MPLADS-002557,16.49,30.5,0,16.4,76.6,93.0,29.0,0.0,0.0105,0.0,NORMAL_EXECUTION_PROGRESS,NONE,NONE
MPLADS-002558,42.28,75.14,0,-3.1,92.4,89.3,26.0,0.0,0.0241,0.0,NORMAL_EXECUTION_PROGRESS,NONE,NONE
MPLADS-002559,50.96,83.08,0,14.4,82.9,97.3,0.0,0.0,0.0,0.0,NORMAL_EXECUTION_PROGRESS,NONE,NONE
MPLADS-002560,9.12,15.38,0,-4.2,91.6,87.4,8.0,0.0,0.0006,0.0,NORMAL_EXECUTION_PROGRESS,NONE,NONE
MPLADS-002561,27.37,51.44,0,21.4,73.1,94.5,20.0,0.0,0.002,0.0,NORMAL_EXECUTION_PROGRESS,NONE,NONE
MPLADS-002562,58.74,85.48,0,65.0,76.4,141.4,9.0,0.0,0.0013,75.0,NORMAL_EXECUTION_PROGRESS,NONE,NONE
MPLADS-002563,17.74,33.0,0,4.2,92.0,96.2,23.0,0.0,0.0011,0.0,NORMAL_EXECUTION_PROGRESS,NONE,NONE
MPLADS-002564,10.65,18.54,0,-3.4,95.4,92.0,0.0,0.0,0.0,0.0,NORMAL_EXECUTION_PROGRESS,NONE,NONE
MPLADS-002565,11.22,19.72,0,11.4,83.1,94.5,0.0,0.0,0.0,0.0,NORMAL_EXECUTION_PROGRESS,NONE,NONE
MPLADS-002566,5.97,9.14,0,16.0,77.8,93.8,0.0,0.0,0.0,0.0,NORMAL_EXECUTION_PROGRESS,NONE,NONE
MPLADS-002567,33.44,61.68,0,7.1,85.7,92.8,0.0,0.0,0.0,0.0,NORMAL_EXECUTION_PROGRESS,NONE,NONE
MPLADS-002568,30.16,56.24,0,6.1,88.2,94.3,0.0,0.0,0.0,0.0,NORMAL_EXECUTION_PROGRESS,NONE,NONE
MPLADS-002569,33.08,61.08,0,15.5,74.4,89.9,0.0,0.0,0.0,0.0,NORMAL_EXECUTION_PROGRESS,NONE,NONE
MPLADS-002570,44.43,77.9,0,-2.2,99.5,97.3,20.0,0.0,0.0168,0.0,NORMAL_EXECUTION_PROGRESS,NONE,NONE
MPLADS-002571,12.13,21.56,0,10.9,84.8,95.7,0.0,0.0,0.0,0.0,NORMAL_EXECUTION_PROGRESS,NONE,NONE
MPLADS-002572,14.02,25.42,0,-3.3,96.5,93.2,28.0,0.0,0.0059,0.0,NORMAL_EXECUTION_PROGRESS,NONE,NONE
MPLADS-002573,0.45,0.16,0,7.3,85.9,93.2,6.0,0.0,0.001,0.0,NORMAL_EXECUTION_PROGRESS,NONE,NONE
MPLADS-002574,12.24,21.78,0,1.1,94.2,95.3,11.0,0.0,0.0026,0.0,NORMAL_EXECUTION_PROGRESS,NONE,NONE
MPLADS-002575,75.41,93.96,0,76.3,19.9,96.2,26.0,0.0,0.0439,75.0,SEVERE_PHYSICAL_FINANCIAL_GAP,ABANDONED_WORK_SUSPICION,INSPECTION_DOCUMENTATION_DEFICIT
MPLADS-002576,54.6,84.46,0,47.0,92.7,139.7,0.0,0.0,0.0,50.0,NORMAL_EXECUTION_PROGRESS,NONE,NONE
MPLADS-002577,33.21,61.3,0,-12.0,98.1,86.1,26.0,0.0,0.0044,0.0,NORMAL_EXECUTION_PROGRESS,NONE,NONE
MPLADS-002578,48.12,81.36,0,9.1,82.6,91.7,0.0,0.0,0.0,0.0,NORMAL_EXECUTION_PROGRESS,NONE,NONE
MPLADS-002579,48.58,81.7,0,5.1,85.0,90.1,0.0,0.0,0.0,0.0,NORMAL_EXECUTION_PROGRESS,NONE,NONE
MPLADS-002580,38.59,69.94,0,23.9,73.3,97.2,32.0,0.0,0.013,0.0,NORMAL_EXECUTION_PROGRESS,NONE,NONE
MPLADS-002581,18.22,33.96,0,-1.2,93.4,92.2,0.0,0.0,0.0,0.0,NORMAL_EXECUTION_PROGRESS,NONE,NONE
MPLADS-002582,42.03,74.84,0,-2.9,88.2,85.3,26.0,0.0,0.0253,0.0,NORMAL_EXECUTION_PROGRESS,NONE,NONE
MPLADS-002583,35.28,64.68,0,10.4,81.9,92.3,30.0,0.0,0.0009,0.0,NORMAL_EXECUTION_PROGRESS,NONE,NONE
MPLADS-002584,14.76,26.94,0,16.5,78.6,95.1,17.0,0.0,0.0082,0.0,NORMAL_EXECUTION_PROGRESS,NONE,NONE
MPLADS-002585,5.89,8.98,0,2.1,93.0,95.1,18.0,0.0,0.0047,0.0,NORMAL_EXECUTION_PROGRESS,NONE,NONE
MPLADS-002586,13.4,24.16,0,-7.6,92.6,85.0,19.0,0.0,0.0019,0.0,NORMAL_EXECUTION_PROGRESS,NONE,NONE
MPLADS-002587,66.87,88.48,0,77.2,81.8,159.0,0.0,0.0,0.0,75.0,SEVERE_PHYSICAL_FINANCIAL_GAP,NONE,NONE
MPLADS-002588,12.15,21.62,0,2.4,88.9,91.3,17.0,0.0,0.0007,0.0,NORMAL_EXECUTION_PROGRESS,NONE,NONE
MPLADS-002589,96.86,99.68,1,100.0,0.0,100.0,9.0,1.0,0.0247,75.0,GHOST_WORK_EXECUTION_DIVERGENCE,SEVERE_PHYSICAL_FINANCIAL_GAP,ABANDONED_WORK_SUSPICION
MPLADS-002590,24.4,46.04,0,13.7,74.8,88.5,33.0,0.0,0.0043,0.0,NORMAL_EXECUTION_PROGRESS,NONE,NONE
MPLADS-002591,38.32,69.56,0,-13.9,99.5,85.6,0.0,0.0,0.0,0.0,NORMAL_EXECUTION_PROGRESS,NONE,NONE
MPLADS-002592,44.69,78.2,0,-7.8,93.7,85.9,5.0,0.0,0.0001,0.0,NORMAL_EXECUTION_PROGRESS,NONE,NONE
MPLADS-002593,49.11,82.12,0,42.7,87.6,130.3,5.0,0.0,0.0004,50.0,NORMAL_EXECUTION_PROGRESS,NONE,NONE
MPLADS-002594,46.51,79.96,0,21.9,74.3,96.2,22.0,0.0,0.025,0.0,NORMAL_EXECUTION_PROGRESS,NONE,NONE
MPLADS-002595,18.6,34.74,0,9.1,80.7,89.8,7.0,0.0,0.0003,0.0,NORMAL_EXECUTION_PROGRESS,NONE,NONE
MPLADS-002596,15.53,28.54,0,0.5,94.3,94.8,0.0,0.0,0.0,0.0,NORMAL_EXECUTION_PROGRESS,NONE,NONE
MPLADS-002597,14.0,25.36,0,17.1,79.3,96.4,25.0,0.0,0.0044,0.0,NORMAL_EXECUTION_PROGRESS,NONE,NONE
MPLADS-002598,44.62,78.12,0,-7.4,98.9,91.5,22.0,0.0,0.0004,0.0,NORMAL_EXECUTION_PROGRESS,NONE,NONE
MPLADS-002599,26.86,50.54,0,16.7,70.8,87.5,10.0,0.0,0.0008,0.0,NORMAL_EXECUTION_PROGRESS,NONE,NONE
MPLADS-002600,39.82,71.74,0,21.2,75.3,96.5,11.0,0.0,0.0121,0.0,NORMAL_EXECUTION_PROGRESS,NONE,NONE
MPLADS-002601,78.5,95.06,1,23.8,66.1,89.9,300.0,0.0,0.3943,25.0,EXTREME_DURATION_OVERRUN,STALLED_EXECUTION_TRAJECTORY,NONE
MPLADS-002602,25.83,48.68,0,-9.6,99.4,89.8,0.0,0.0,0.0,0.0,NORMAL_EXECUTION_PROGRESS,NONE,NONE
MPLADS-002603,22.99,43.26,0,5.8,88.4,94.2,22.0,0.0,0.009,0.0,NORMAL_EXECUTION_PROGRESS,NONE,NONE
MPLADS-002604,4.58,6.5,0,7.2,83.7,90.9,12.0,0.0,0.005,0.0,NORMAL_EXECUTION_PROGRESS,NONE,NONE
MPLADS-002605,72.4,92.34,0,64.2,32.8,97.0,28.0,0.0,0.0253,75.0,SEVERE_PHYSICAL_FINANCIAL_GAP,INSPECTION_DOCUMENTATION_DEFICIT,NONE
MPLADS-002606,38.99,70.56,0,-3.7,92.9,89.2,0.0,0.0,0.0,0.0,NORMAL_EXECUTION_PROGRESS,NONE,NONE
MPLADS-002607,28.72,53.86,0,-3.8,99.9,96.1,5.0,0.0,0.0005,0.0,NORMAL_EXECUTION_PROGRESS,NONE,NONE
MPLADS-002608,8.34,13.78,0,4.1,84.8,88.9,0.0,0.0,0.0,0.0,NORMAL_EXECUTION_PROGRESS,NONE,NONE
MPLADS-002609,28.7,53.82,0,20.7,70.2,90.9,0.0,0.0,0.0,0.0,NORMAL_EXECUTION_PROGRESS,NONE,NONE
MPLADS-002610,74.85,93.74,0,77.6,75.1,152.7,30.0,0.0,0.0343,75.0,SEVERE_PHYSICAL_FINANCIAL_GAP,NONE,NONE
MPLADS-002611,47.8,81.1,0,26.0,70.1,96.1,21.0,0.0,0.0008,0.0,NORMAL_EXECUTION_PROGRESS,NONE,NONE
MPLADS-002612,89.28,98.98,1,35.3,50.2,85.5,630.0,0.0,1.28,75.0,EXTREME_DURATION_OVERRUN,STALLED_EXECUTION_TRAJECTORY,SEVERE_PHYSICAL_FINANCIAL_GAP
MPLADS-002613,23.55,44.4,0,20.5,70.5,91.0,3.0,0.0,0.0005,0.0,NORMAL_EXECUTION_PROGRESS,NONE,NONE
MPLADS-002614,8.37,13.84,0,13.9,82.8,96.7,19.0,0.0,0.0045,0.0,NORMAL_EXECUTION_PROGRESS,NONE,NONE
MPLADS-002615,23.3,43.86,0,-8.1,99.3,91.2,14.0,0.0,0.003,0.0,NORMAL_EXECUTION_PROGRESS,NONE,NONE
MPLADS-002616,85.19,98.18,1,42.8,53.0,95.8,540.0,0.0,1.024,75.0,EXTREME_DURATION_OVERRUN,SEVERE_PHYSICAL_FINANCIAL_GAP,STALLED_EXECUTION_TRAJECTORY
MPLADS-002617,15.77,29.04,0,-1.5,93.3,91.8,25.0,0.0,0.0048,0.0,NORMAL_EXECUTION_PROGRESS,NONE,NONE
MPLADS-002618,40.98,73.42,0,-4.6,93.0,88.4,10.0,0.0,0.0002,0.0,NORMAL_EXECUTION_PROGRESS,NONE,NONE
MPLADS-002619,8.0,13.1,0,14.8,79.0,93.8,11.0,0.0,0.0006,0.0,NORMAL_EXECUTION_PROGRESS,NONE,NONE
MPLADS-002620,39.38,71.08,0,-1.0,94.3,93.3,0.0,0.0,0.0,0.0,NORMAL_EXECUTION_PROGRESS,NONE,NONE
MPLADS-002621,47.04,80.44,0,-2.4,99.2,96.8,0.0,0.0,0.0,0.0,NORMAL_EXECUTION_PROGRESS,NONE,NONE
MPLADS-002622,1.05,0.66,0,1.7,89.8,91.5,10.0,0.0,0.0017,0.0,NORMAL_EXECUTION_PROGRESS,NONE,NONE
MPLADS-002623,44.0,77.34,0,-8.7,95.2,86.5,6.0,0.0,0.0051,0.0,NORMAL_EXECUTION_PROGRESS,NONE,NONE
MPLADS-002624,30.67,57.08,0,-0.7,87.8,87.1,31.0,0.0,0.0137,0.0,NORMAL_EXECUTION_PROGRESS,NONE,NONE
MPLADS-002625,42.57,75.54,0,3.6,81.8,85.4,14.0,0.0,0.0143,0.0,NORMAL_EXECUTION_PROGRESS,NONE,NONE
MPLADS-002626,40.01,72.04,0,-11.5,96.9,85.4,0.0,0.0,0.0,0.0,NORMAL_EXECUTION_PROGRESS,NONE,NONE
MPLADS-002627,22.41,42.16,0,-5.5,97.1,91.6,22.0,0.0,0.0074,0.0,NORMAL_EXECUTION_PROGRESS,NONE,NONE
MPLADS-002628,12.79,22.9,0,-8.5,95.1,86.6,16.0,0.0,0.0025,0.0,NORMAL_EXECUTION_PROGRESS,NONE,NONE
MPLADS-002629,7.68,12.5,0,-3.8,95.0,91.2,14.0,0.0,0.0011,0.0,NORMAL_EXECUTION_PROGRESS,NONE,NONE
MPLADS-002630,11.25,19.78,0,-3.1,88.7,85.6,17.0,0.0,0.0033,0.0,NORMAL_EXECUTION_PROGRESS,NONE,NONE
MPLADS-002631,30.54,56.84,0,14.5,74.7,89.2,32.0,0.0,0.0041,0.0,NORMAL_EXECUTION_PROGRESS,NONE,NONE
MPLADS-002632,37.63,68.46,0,15.8,80.5,96.3,0.0,0.0,0.0,0.0,NORMAL_EXECUTION_PROGRESS,NONE,NONE
MPLADS-002633,66.55,88.28,0,26.8,18.4,45.2,8.0,0.0,0.0144,0.0,ELEVATED_PROGRESS_VOLATILITY,NONE,NONE
MPLADS-002634,25.73,48.5,0,2.1,88.3,90.4,0.0,0.0,0.0,0.0,NORMAL_EXECUTION_PROGRESS,NONE,NONE
MPLADS-002635,65.77,87.78,0,63.3,28.2,91.5,0.0,0.0,0.0,75.0,SEVERE_PHYSICAL_FINANCIAL_GAP,INSPECTION_DOCUMENTATION_DEFICIT,NONE
MPLADS-002636,29.38,54.94,0,-4.6,97.8,93.2,6.0,0.0,0.0001,0.0,NORMAL_EXECUTION_PROGRESS,NONE,NONE
MPLADS-002637,14.85,27.14,0,13.9,80.0,93.9,0.0,0.0,0.0,0.0,NORMAL_EXECUTION_PROGRESS,NONE,NONE
MPLADS-002638,60.25,86.0,0,43.4,24.1,67.5,0.0,0.0,0.0,50.0,SEVERE_PHYSICAL_FINANCIAL_GAP,NONE,NONE
MPLADS-002639,77.09,94.56,0,53.3,42.3,95.6,120.0,0.0,0.1015,75.0,SEVERE_PHYSICAL_FINANCIAL_GAP,NONE,NONE
MPLADS-002640,62.43,86.78,0,65.0,75.5,140.5,21.0,0.0,0.0019,75.0,SEVERE_PHYSICAL_FINANCIAL_GAP,NONE,NONE
MPLADS-002641,79.2,95.4,1,47.1,42.6,89.7,180.0,0.0,0.224,50.0,SEVERE_PHYSICAL_FINANCIAL_GAP,STALLED_EXECUTION_TRAJECTORY,NONE
MPLADS-002642,78.69,95.14,1,19.5,73.2,92.7,360.0,0.0,0.4601,25.0,EXTREME_DURATION_OVERRUN,STALLED_EXECUTION_TRAJECTORY,NONE
MPLADS-002643,27.14,51.06,0,12.7,81.5,94.2,0.0,0.0,0.0,0.0,NORMAL_EXECUTION_PROGRESS,NONE,NONE
MPLADS-002644,25.01,47.18,0,-12.2,97.9,85.7,10.0,0.0,0.0006,0.0,NORMAL_EXECUTION_PROGRESS,NONE,NONE
MPLADS-002645,32.57,60.28,0,12.3,79.9,92.2,3.0,0.0,0.003,0.0,NORMAL_EXECUTION_PROGRESS,NONE,NONE
MPLADS-002646,9.17,15.48,0,12.4,84.3,96.7,11.0,0.0,0.0026,0.0,NORMAL_EXECUTION_PROGRESS,NONE,NONE
MPLADS-002647,41.5,74.14,0,1.5,96.2,97.7,31.0,0.0,0.0115,0.0,NORMAL_EXECUTION_PROGRESS,NONE,NONE
MPLADS-002648,50.16,82.64,0,13.7,79.1,92.8,0.0,0.0,0.0,0.0,NORMAL_EXECUTION_PROGRESS,NONE,NONE
MPLADS-002649,2.22,2.28,0,3.1,87.5,90.6,0.0,0.0,0.0,0.0,NORMAL_EXECUTION_PROGRESS,NONE,NONE
MPLADS-002650,97.56,99.8,1,100.0,0.0,100.0,20.0,1.0,0.0548,75.0,GHOST_WORK_EXECUTION_DIVERGENCE,SEVERE_PHYSICAL_FINANCIAL_GAP,ABANDONED_WORK_SUSPICION
MPLADS-002651,14.89,27.22,0,5.7,84.5,90.2,32.0,0.0,0.0119,0.0,NORMAL_EXECUTION_PROGRESS,NONE,NONE
MPLADS-002652,21.16,39.74,0,-5.3,98.2,92.9,27.0,0.0,0.0069,0.0,NORMAL_EXECUTION_PROGRESS,NONE,NONE
MPLADS-002653,3.63,4.72,0,3.4,93.3,96.7,10.0,0.0,0.0015,0.0,NORMAL_EXECUTION_PROGRESS,NONE,NONE
MPLADS-002654,18.0,33.52,0,13.1,83.7,96.8,22.0,0.0,0.0014,0.0,NORMAL_EXECUTION_PROGRESS,NONE,NONE
MPLADS-002655,4.96,7.2,0,15.2,79.3,94.5,26.0,0.0,0.0104,0.0,NORMAL_EXECUTION_PROGRESS,NONE,NONE
MPLADS-002656,18.2,33.92,0,5.9,91.6,97.5,0.0,0.0,0.0,0.0,NORMAL_EXECUTION_PROGRESS,NONE,NONE
MPLADS-002657,23.98,45.24,0,17.8,74.3,92.1,10.0,0.0,0.0007,0.0,NORMAL_EXECUTION_PROGRESS,NONE,NONE
MPLADS-002658,5.23,7.72,0,6.2,91.7,97.9,1.0,0.0,0.0002,0.0,NORMAL_EXECUTION_PROGRESS,NONE,NONE
MPLADS-002659,4.65,6.62,0,6.1,79.4,85.5,15.0,0.0,0.0037,0.0,NORMAL_EXECUTION_PROGRESS,NONE,NONE
MPLADS-002660,9.64,16.44,0,3.3,93.8,97.1,3.0,0.0,0.0004,0.0,NORMAL_EXECUTION_PROGRESS,NONE,NONE
MPLADS-002661,5.1,7.48,0,14.6,78.6,93.2,4.0,0.0,0.0013,0.0,NORMAL_EXECUTION_PROGRESS,NONE,NONE
MPLADS-002662,3.49,4.46,0,-1.4,87.4,86.0,10.0,0.0,0.0018,0.0,NORMAL_EXECUTION_PROGRESS,NONE,NONE
MPLADS-002663,42.86,75.92,0,-9.8,99.9,90.1,34.0,0.0,0.0071,0.0,NORMAL_EXECUTION_PROGRESS,NONE,NONE
MPLADS-002664,49.94,82.54,0,4.8,82.0,86.8,34.0,0.0,0.0362,0.0,NORMAL_EXECUTION_PROGRESS,NONE,NONE
MPLADS-002665,86.03,98.44,1,-9.0,97.8,88.8,0.0,0.0,0.0,0.0,INSPECTION_DOCUMENTATION_DEFICIT,NONE,NONE
MPLADS-002666,37.45,68.2,0,-0.1,89.3,89.2,15.0,0.0,0.0003,0.0,NORMAL_EXECUTION_PROGRESS,NONE,NONE
MPLADS-002667,38.91,70.42,0,-6.6,92.5,85.9,13.0,0.0,0.0116,0.0,NORMAL_EXECUTION_PROGRESS,NONE,NONE
MPLADS-002668,4.27,5.9,0,7.1,86.2,93.3,12.0,0.0,0.0047,0.0,NORMAL_EXECUTION_PROGRESS,NONE,NONE
MPLADS-002669,42.5,75.42,0,-7.3,95.1,87.8,19.0,0.0,0.0004,0.0,NORMAL_EXECUTION_PROGRESS,NONE,NONE
MPLADS-002670,64.73,87.38,0,63.2,89.7,152.9,0.0,0.0,0.0,75.0,SEVERE_PHYSICAL_FINANCIAL_GAP,NONE,NONE
MPLADS-002671,42.4,75.28,0,-1.4,95.7,94.3,24.0,0.0,0.0213,0.0,NORMAL_EXECUTION_PROGRESS,NONE,NONE
MPLADS-002672,15.97,29.46,0,8.0,87.5,95.5,14.0,0.0,0.0006,0.0,NORMAL_EXECUTION_PROGRESS,NONE,NONE
MPLADS-002673,11.56,20.42,0,18.6,73.1,91.7,0.0,0.0,0.0,0.0,NORMAL_EXECUTION_PROGRESS,NONE,NONE
MPLADS-002674,19.49,36.5,0,-5.6,94.8,89.2,0.0,0.0,0.0,0.0,NORMAL_EXECUTION_PROGRESS,NONE,NONE
MPLADS-002675,36.34,66.5,0,7.2,85.8,93.0,18.0,0.0,0.0003,0.0,NORMAL_EXECUTION_PROGRESS,NONE,NONE
MPLADS-002676,26.19,49.34,0,15.6,73.7,89.3,32.0,0.0,0.0129,0.0,NORMAL_EXECUTION_PROGRESS,NONE,NONE
MPLADS-002677,25.05,47.26,0,-7.6,97.2,89.6,0.0,0.0,0.0,0.0,NORMAL_EXECUTION_PROGRESS,NONE,NONE
MPLADS-002678,40.31,72.44,0,8.4,88.5,96.9,0.0,0.0,0.0,0.0,NORMAL_EXECUTION_PROGRESS,NONE,NONE
MPLADS-002679,30.04,56.02,0,-5.9,95.2,89.3,0.0,0.0,0.0,0.0,NORMAL_EXECUTION_PROGRESS,NONE,NONE
MPLADS-002680,62.29,86.68,0,42.1,21.8,63.9,0.0,0.0,0.0,50.0,SEVERE_PHYSICAL_FINANCIAL_GAP,NONE,NONE
MPLADS-002681,68.84,89.6,0,68.2,29.7,97.9,10.0,0.0,0.0087,75.0,SEVERE_PHYSICAL_FINANCIAL_GAP,INSPECTION_DOCUMENTATION_DEFICIT,NONE
MPLADS-002682,14.97,27.38,0,12.5,73.2,85.7,0.0,0.0,0.0,0.0,NORMAL_EXECUTION_PROGRESS,NONE,NONE
MPLADS-002683,11.9,21.12,0,13.2,74.9,88.1,0.0,0.0,0.0,0.0,NORMAL_EXECUTION_PROGRESS,NONE,NONE
MPLADS-002684,62.37,86.74,0,62.2,93.8,156.0,12.0,0.0,0.0022,75.0,SEVERE_PHYSICAL_FINANCIAL_GAP,NONE,NONE
MPLADS-002685,33.65,62.04,0,23.0,74.8,97.8,0.0,0.0,0.0,0.0,NORMAL_EXECUTION_PROGRESS,NONE,NONE
MPLADS-002686,10.93,19.12,0,15.3,80.7,96.0,0.0,0.0,0.0,0.0,NORMAL_EXECUTION_PROGRESS,NONE,NONE
MPLADS-002687,28.09,52.74,0,-12.7,97.8,85.1,0.0,0.0,0.0,0.0,NORMAL_EXECUTION_PROGRESS,NONE,NONE
MPLADS-002688,79.17,95.38,1,8.4,83.2,91.6,0.0,0.0,0.0,0.0,INSPECTION_DOCUMENTATION_DEFICIT,NONE,NONE
MPLADS-002689,22.16,41.68,0,-1.9,89.7,87.8,1.0,0.0,0.0,0.0,NORMAL_EXECUTION_PROGRESS,NONE,NONE
MPLADS-002690,31.96,59.28,0,11.0,81.0,92.0,25.0,0.0,0.0006,0.0,NORMAL_EXECUTION_PROGRESS,NONE,NONE
MPLADS-002691,71.68,91.92,0,15.4,72.9,88.3,240.0,0.0,0.2389,25.0,EXTREME_DURATION_OVERRUN,NONE,NONE
MPLADS-002692,16.59,30.7,0,0.3,84.8,85.1,2.0,0.0,0.0004,0.0,NORMAL_EXECUTION_PROGRESS,NONE,NONE
MPLADS-002693,19.35,36.24,0,2.1,86.2,88.3,0.0,0.0,0.0,0.0,NORMAL_EXECUTION_PROGRESS,NONE,NONE
MPLADS-002694,18.17,33.84,0,6.0,79.9,85.9,0.0,0.0,0.0,0.0,NORMAL_EXECUTION_PROGRESS,NONE,NONE
MPLADS-002695,7.59,12.32,0,2.8,88.7,91.5,15.0,0.0,0.0042,0.0,NORMAL_EXECUTION_PROGRESS,NONE,NONE
MPLADS-002696,25.86,48.72,0,19.1,70.6,89.7,8.0,0.0,0.0043,0.0,NORMAL_EXECUTION_PROGRESS,NONE,NONE
MPLADS-002697,5.93,9.06,0,11.9,76.3,88.2,0.0,0.0,0.0,0.0,NORMAL_EXECUTION_PROGRESS,NONE,NONE
MPLADS-002698,31.11,57.86,0,-3.1,97.6,94.5,0.0,0.0,0.0,0.0,NORMAL_EXECUTION_PROGRESS,NONE,NONE
MPLADS-002699,22.85,43.0,0,15.1,71.2,86.3,0.0,0.0,0.0,0.0,NORMAL_EXECUTION_PROGRESS,NONE,NONE
MPLADS-002700,16.87,31.3,0,5.9,91.0,96.9,29.0,0.0,0.009,0.0,NORMAL_EXECUTION_PROGRESS,NONE,NONE
MPLADS-002701,45.71,79.12,0,7.7,88.3,96.0,0.0,0.0,0.0,0.0,NORMAL_EXECUTION_PROGRESS,NONE,NONE
MPLADS-002702,35.35,64.8,0,-9.4,95.5,86.1,0.0,0.0,0.0,0.0,NORMAL_EXECUTION_PROGRESS,NONE,NONE
MPLADS-002703,79.85,95.78,1,15.7,73.7,89.4,360.0,0.0,0.4984,25.0,EXTREME_DURATION_OVERRUN,STALLED_EXECUTION_TRAJECTORY,NONE
MPLADS-002704,8.48,14.08,0,-0.3,89.9,89.6,0.0,0.0,0.0,0.0,NORMAL_EXECUTION_PROGRESS,NONE,NONE
MPLADS-002705,31.85,59.12,0,23.5,70.9,94.4,0.0,0.0,0.0,0.0,NORMAL_EXECUTION_PROGRESS,NONE,NONE
MPLADS-002706,6.96,11.1,0,4.0,85.7,89.7,0.0,0.0,0.0,0.0,NORMAL_EXECUTION_PROGRESS,NONE,NONE
MPLADS-002707,3.94,5.26,0,0.4,90.7,91.1,6.0,0.0,0.0004,0.0,NORMAL_EXECUTION_PROGRESS,NONE,NONE
MPLADS-002708,22.79,42.9,0,0.9,84.4,85.3,0.0,0.0,0.0,0.0,NORMAL_EXECUTION_PROGRESS,NONE,NONE
MPLADS-002709,25.59,48.26,0,6.3,87.6,93.9,29.0,0.0,0.0127,0.0,NORMAL_EXECUTION_PROGRESS,NONE,NONE
MPLADS-002710,25.0,47.14,0,-6.7,98.0,91.3,24.0,0.0,0.0039,0.0,NORMAL_EXECUTION_PROGRESS,NONE,NONE
MPLADS-002711,40.44,72.58,0,27.5,70.4,97.9,22.0,0.0,0.0087,0.0,NORMAL_EXECUTION_PROGRESS,NONE,NONE
MPLADS-002712,88.16,98.92,1,35.3,52.4,87.7,630.0,0.0,1.2634,75.0,EXTREME_DURATION_OVERRUN,STALLED_EXECUTION_TRAJECTORY,SEVERE_PHYSICAL_FINANCIAL_GAP
MPLADS-002713,7.78,12.68,0,-4.3,91.2,86.9,17.0,0.0,0.0017,0.0,NORMAL_EXECUTION_PROGRESS,NONE,NONE
MPLADS-002714,25.54,48.16,0,20.1,70.3,90.4,0.0,0.0,0.0,0.0,NORMAL_EXECUTION_PROGRESS,NONE,NONE
MPLADS-002715,59.11,85.6,0,33.4,22.9,56.3,0.0,0.0,0.0,50.0,NORMAL_EXECUTION_PROGRESS,NONE,NONE
MPLADS-002716,4.61,6.54,0,4.2,82.1,86.3,0.0,0.0,0.0,0.0,NORMAL_EXECUTION_PROGRESS,NONE,NONE
MPLADS-002717,28.42,53.32,0,-2.0,99.8,97.8,0.0,0.0,0.0,0.0,NORMAL_EXECUTION_PROGRESS,NONE,NONE
MPLADS-002718,20.65,38.8,0,-1.8,95.1,93.3,0.0,0.0,0.0,0.0,NORMAL_EXECUTION_PROGRESS,NONE,NONE
MPLADS-002719,64.4,87.3,0,63.3,84.2,147.5,0.0,0.0,0.0,75.0,SEVERE_PHYSICAL_FINANCIAL_GAP,NONE,NONE
MPLADS-002720,77.98,94.88,0,56.5,34.7,91.2,22.0,0.0,0.04,75.0,SEVERE_PHYSICAL_FINANCIAL_GAP,INSPECTION_DOCUMENTATION_DEFICIT,NONE
MPLADS-002721,16.71,30.96,0,1.5,94.2,95.7,19.0,0.0,0.0067,0.0,NORMAL_EXECUTION_PROGRESS,NONE,NONE
MPLADS-002722,9.53,16.2,0,-0.2,94.8,94.6,3.0,0.0,0.0004,0.0,NORMAL_EXECUTION_PROGRESS,NONE,NONE
MPLADS-002723,39.99,72.0,0,0.6,96.3,96.9,17.0,0.0,0.0147,0.0,NORMAL_EXECUTION_PROGRESS,NONE,NONE
MPLADS-002724,38.01,69.06,0,2.9,91.7,94.6,24.0,0.0,0.0223,0.0,NORMAL_EXECUTION_PROGRESS,NONE,NONE
MPLADS-002725,75.2,93.84,0,72.2,18.5,90.7,29.0,0.0,0.0487,75.0,SEVERE_PHYSICAL_FINANCIAL_GAP,ABANDONED_WORK_SUSPICION,INSPECTION_DOCUMENTATION_DEFICIT
MPLADS-002726,35.45,64.98,0,-7.4,99.7,92.3,0.0,0.0,0.0,0.0,NORMAL_EXECUTION_PROGRESS,NONE,NONE
MPLADS-002727,78.17,94.96,0,72.0,16.9,88.9,34.0,0.0,0.0589,75.0,SEVERE_PHYSICAL_FINANCIAL_GAP,ABANDONED_WORK_SUSPICION,INSPECTION_DOCUMENTATION_DEFICIT
MPLADS-002728,5.41,8.08,0,11.7,80.4,92.1,20.0,0.0,0.0073,0.0,NORMAL_EXECUTION_PROGRESS,NONE,NONE
MPLADS-002729,27.93,52.46,0,21.8,71.6,93.4,0.0,0.0,0.0,0.0,NORMAL_EXECUTION_PROGRESS,NONE,NONE
MPLADS-002730,35.05,64.34,0,20.4,71.2,91.6,30.0,0.0,0.0186,0.0,NORMAL_EXECUTION_PROGRESS,NONE,NONE
MPLADS-002731,13.16,23.64,0,17.5,72.3,89.8,14.0,0.0,0.0048,0.0,NORMAL_EXECUTION_PROGRESS,NONE,NONE
MPLADS-002732,40.84,73.24,0,4.6,81.5,86.1,12.0,0.0,0.0122,0.0,NORMAL_EXECUTION_PROGRESS,NONE,NONE
MPLADS-002733,8.79,14.68,0,9.8,82.9,92.7,6.0,0.0,0.0012,0.0,NORMAL_EXECUTION_PROGRESS,NONE,NONE
MPLADS-002734,59.06,85.56,0,38.4,99.9,138.3,24.0,0.0,0.0008,50.0,NORMAL_EXECUTION_PROGRESS,NONE,NONE
MPLADS-002735,13.87,25.12,0,-2.5,90.4,87.9,0.0,0.0,0.0,0.0,NORMAL_EXECUTION_PROGRESS,NONE,NONE
MPLADS-002736,38.24,69.46,0,0.9,91.1,92.0,3.0,0.0,0.0027,0.0,NORMAL_EXECUTION_PROGRESS,NONE,NONE
MPLADS-002737,30.97,57.62,0,-0.4,89.3,88.9,13.0,0.0,0.0002,0.0,NORMAL_EXECUTION_PROGRESS,NONE,NONE
MPLADS-002738,36.91,67.4,0,20.7,77.3,98.0,20.0,0.0,0.0004,0.0,NORMAL_EXECUTION_PROGRESS,NONE,NONE
MPLADS-002739,36.49,66.72,0,2.3,85.3,87.6,0.0,0.0,0.0,0.0,NORMAL_EXECUTION_PROGRESS,NONE,NONE
MPLADS-002740,40.23,72.36,0,19.6,76.4,96.0,19.0,0.0,0.0209,0.0,NORMAL_EXECUTION_PROGRESS,NONE,NONE
MPLADS-002741,29.11,54.48,0,11.2,79.1,90.3,6.0,0.0,0.0001,0.0,NORMAL_EXECUTION_PROGRESS,NONE,NONE
MPLADS-002742,41.11,73.58,0,23.3,73.8,97.1,0.0,0.0,0.0,0.0,NORMAL_EXECUTION_PROGRESS,NONE,NONE
MPLADS-002743,38.19,69.4,0,26.0,71.2,97.2,31.0,0.0,0.008,0.0,NORMAL_EXECUTION_PROGRESS,NONE,NONE
MPLADS-002744,6.41,10.0,0,1.3,89.1,90.4,20.0,0.0,0.0059,0.0,NORMAL_EXECUTION_PROGRESS,NONE,NONE
MPLADS-002745,79.5,95.56,1,72.7,17.4,90.1,4.0,0.0,0.0088,75.0,SEVERE_PHYSICAL_FINANCIAL_GAP,ABANDONED_WORK_SUSPICION,INSPECTION_DOCUMENTATION_DEFICIT
MPLADS-002746,27.27,51.28,0,8.2,80.3,88.5,34.0,0.0,0.0037,0.0,NORMAL_EXECUTION_PROGRESS,NONE,NONE
MPLADS-002747,72.9,92.58,0,66.8,91.6,158.4,0.0,0.0,0.0,75.0,SEVERE_PHYSICAL_FINANCIAL_GAP,NONE,NONE
MPLADS-002748,25.15,47.44,0,-2.7,92.1,89.4,0.0,0.0,0.0,0.0,NORMAL_EXECUTION_PROGRESS,NONE,NONE
MPLADS-002749,18.52,34.56,0,-9.3,96.5,87.2,0.0,0.0,0.0,0.0,NORMAL_EXECUTION_PROGRESS,NONE,NONE
MPLADS-002750,40.78,73.14,0,-12.3,97.7,85.4,26.0,0.0,0.009,0.0,NORMAL_EXECUTION_PROGRESS,NONE,NONE
MPLADS-002751,43.17,76.36,0,18.9,77.2,96.1,0.0,0.0,0.0,0.0,NORMAL_EXECUTION_PROGRESS,NONE,NONE
MPLADS-002752,14.99,27.42,0,-1.2,86.5,85.3,25.0,0.0,0.0066,0.0,NORMAL_EXECUTION_PROGRESS,NONE,NONE
MPLADS-002753,25.56,48.18,0,15.9,74.2,90.1,0.0,0.0,0.0,0.0,NORMAL_EXECUTION_PROGRESS,NONE,NONE
MPLADS-002754,14.69,26.78,0,12.8,84.1,96.9,27.0,0.0,0.0042,0.0,NORMAL_EXECUTION_PROGRESS,NONE,NONE
MPLADS-002755,31.7,58.84,0,11.3,76.0,87.3,2.0,0.0,0.0,0.0,NORMAL_EXECUTION_PROGRESS,NONE,NONE
MPLADS-002756,13.45,24.26,0,10.8,85.8,96.6,4.0,0.0,0.0015,0.0,NORMAL_EXECUTION_PROGRESS,NONE,NONE
MPLADS-002757,61.87,86.56,0,56.6,95.9,152.5,0.0,0.0,0.0,75.0,SEVERE_PHYSICAL_FINANCIAL_GAP,NONE,NONE
MPLADS-002758,28.75,53.88,0,-9.5,94.6,85.1,0.0,0.0,0.0,0.0,NORMAL_EXECUTION_PROGRESS,NONE,NONE
MPLADS-002759,46.13,79.66,0,-6.9,96.6,89.7,23.0,0.0,0.0201,0.0,NORMAL_EXECUTION_PROGRESS,NONE,NONE
MPLADS-002760,5.67,8.58,0,7.2,79.5,86.7,16.0,0.0,0.004,0.0,NORMAL_EXECUTION_PROGRESS,NONE,NONE
MPLADS-002761,26.92,50.66,0,-8.1,96.2,88.1,0.0,0.0,0.0,0.0,NORMAL_EXECUTION_PROGRESS,NONE,NONE
MPLADS-002762,23.59,44.48,0,11.3,79.3,90.6,0.0,0.0,0.0,0.0,NORMAL_EXECUTION_PROGRESS,NONE,NONE
MPLADS-002763,82.99,97.36,1,18.6,76.3,94.9,15.0,0.0,0.0041,0.0,INSPECTION_DOCUMENTATION_DEFICIT,NONE,NONE
MPLADS-002764,8.49,14.1,0,-3.0,92.0,89.0,13.0,0.0,0.0011,0.0,NORMAL_EXECUTION_PROGRESS,NONE,NONE
MPLADS-002765,81.5,96.76,1,1.8,89.2,91.0,24.0,0.0,0.003,0.0,INSPECTION_DOCUMENTATION_DEFICIT,NONE,NONE
MPLADS-002766,23.9,45.08,0,13.9,72.6,86.5,26.0,0.0,0.0101,0.0,NORMAL_EXECUTION_PROGRESS,NONE,NONE
MPLADS-002767,35.84,65.66,0,9.6,88.1,97.7,4.0,0.0,0.0037,0.0,NORMAL_EXECUTION_PROGRESS,NONE,NONE
MPLADS-002768,47.88,81.2,0,36.1,92.2,128.3,2.0,0.0,0.0001,50.0,NORMAL_EXECUTION_PROGRESS,NONE,NONE
MPLADS-002769,19.2,35.92,0,-3.4,90.2,86.8,21.0,0.0,0.0082,0.0,NORMAL_EXECUTION_PROGRESS,NONE,NONE
MPLADS-002770,41.61,74.3,0,9.2,77.2,86.4,19.0,0.0,0.0207,0.0,NORMAL_EXECUTION_PROGRESS,NONE,NONE
MPLADS-002771,36.92,67.42,0,25.9,70.2,96.1,0.0,0.0,0.0,0.0,NORMAL_EXECUTION_PROGRESS,NONE,NONE
MPLADS-002772,65.25,87.54,0,64.1,22.3,86.4,0.0,0.0,0.0,75.0,SEVERE_PHYSICAL_FINANCIAL_GAP,INSPECTION_DOCUMENTATION_DEFICIT,NONE
MPLADS-002773,32.91,60.82,0,16.6,77.8,94.4,15.0,0.0,0.0161,0.0,NORMAL_EXECUTION_PROGRESS,NONE,NONE
MPLADS-002774,20.14,37.8,0,6.3,78.9,85.2,7.0,0.0,0.0003,0.0,NORMAL_EXECUTION_PROGRESS,NONE,NONE
MPLADS-002775,61.67,86.42,0,59.6,95.3,154.9,16.0,0.0,0.0025,75.0,SEVERE_PHYSICAL_FINANCIAL_GAP,NONE,NONE
MPLADS-002776,12.56,22.42,0,2.2,94.2,96.4,5.0,0.0,0.0015,0.0,NORMAL_EXECUTION_PROGRESS,NONE,NONE
MPLADS-002777,31.35,58.26,0,13.7,75.3,89.0,0.0,0.0,0.0,0.0,NORMAL_EXECUTION_PROGRESS,NONE,NONE
MPLADS-002778,0.01,0.02,0,10.2,81.4,91.6,5.0,0.0,0.0012,0.0,NORMAL_EXECUTION_PROGRESS,NONE,NONE
MPLADS-002779,24.99,47.12,0,18.1,72.1,90.2,21.0,0.0,0.0022,0.0,NORMAL_EXECUTION_PROGRESS,NONE,NONE
MPLADS-002780,24.54,46.32,0,-4.6,97.3,92.7,28.0,0.0,0.005,0.0,NORMAL_EXECUTION_PROGRESS,NONE,NONE
MPLADS-002781,19.46,36.44,0,-2.7,96.8,94.1,11.0,0.0,0.0003,0.0,NORMAL_EXECUTION_PROGRESS,NONE,NONE
MPLADS-002782,15.55,28.58,0,17.8,76.7,94.5,0.0,0.0,0.0,0.0,NORMAL_EXECUTION_PROGRESS,NONE,NONE
MPLADS-002783,43.63,76.9,0,-2.6,98.8,96.2,5.0,0.0,0.004,0.0,NORMAL_EXECUTION_PROGRESS,NONE,NONE
MPLADS-002784,73.21,92.78,0,64.5,23.5,88.0,0.0,0.0,0.0,75.0,SEVERE_PHYSICAL_FINANCIAL_GAP,INSPECTION_DOCUMENTATION_DEFICIT,NONE
MPLADS-002785,39.5,71.28,0,11.9,75.5,87.4,20.0,0.0,0.0223,0.0,NORMAL_EXECUTION_PROGRESS,NONE,NONE
MPLADS-002786,10.29,17.8,0,-2.2,94.1,91.9,0.0,0.0,0.0,0.0,NORMAL_EXECUTION_PROGRESS,NONE,NONE
MPLADS-002787,32.42,60.04,0,12.3,85.7,98.0,0.0,0.0,0.0,0.0,NORMAL_EXECUTION_PROGRESS,NONE,NONE
MPLADS-002788,9.2,15.56,0,17.7,78.9,96.6,0.0,0.0,0.0,0.0,NORMAL_EXECUTION_PROGRESS,NONE,NONE
MPLADS-002789,82.93,97.32,1,80.4,17.3,97.7,12.0,0.0,0.0266,75.0,SEVERE_PHYSICAL_FINANCIAL_GAP,ABANDONED_WORK_SUSPICION,INSPECTION_DOCUMENTATION_DEFICIT
MPLADS-002790,34.32,63.14,0,19.4,72.2,91.6,31.0,0.0,0.0116,0.0,NORMAL_EXECUTION_PROGRESS,NONE,NONE
MPLADS-002791,15.67,28.82,0,-3.0,88.6,85.6,17.0,0.0,0.0066,0.0,NORMAL_EXECUTION_PROGRESS,NONE,NONE
MPLADS-002792,12.52,22.32,0,-3.0,92.8,89.8,0.0,0.0,0.0,0.0,NORMAL_EXECUTION_PROGRESS,NONE,NONE
MPLADS-002793,35.85,65.68,0,18.2,78.7,96.9,5.0,0.0,0.0052,0.0,NORMAL_EXECUTION_PROGRESS,NONE,NONE
MPLADS-002794,46.27,79.82,0,10.6,77.2,87.8,0.0,0.0,0.0,0.0,NORMAL_EXECUTION_PROGRESS,NONE,NONE
MPLADS-002795,12.77,22.86,0,8.8,79.4,88.2,20.0,0.0,0.006,0.0,NORMAL_EXECUTION_PROGRESS,NONE,NONE
MPLADS-002796,2.64,3.02,0,4.7,84.1,88.8,0.0,0.0,0.0,0.0,NORMAL_EXECUTION_PROGRESS,NONE,NONE
MPLADS-002797,10.42,18.06,0,12.2,78.1,90.3,22.0,0.0,0.0087,0.0,NORMAL_EXECUTION_PROGRESS,NONE,NONE
MPLADS-002798,40.05,72.1,0,18.8,76.7,95.5,29.0,0.0,0.0011,0.0,NORMAL_EXECUTION_PROGRESS,NONE,NONE
MPLADS-002799,13.61,24.56,0,0.6,88.4,89.0,0.0,0.0,0.0,0.0,NORMAL_EXECUTION_PROGRESS,NONE,NONE
MPLADS-002800,82.58,97.18,1,17.2,68.9,86.1,540.0,0.0,0.9168,25.0,EXTREME_DURATION_OVERRUN,STALLED_EXECUTION_TRAJECTORY,NONE
MPLADS-002801,12.22,21.76,0,2.5,90.4,92.9,0.0,0.0,0.0,0.0,NORMAL_EXECUTION_PROGRESS,NONE,NONE
MPLADS-002802,78.34,95.02,1,77.4,20.2,97.6,32.0,0.0,0.0544,75.0,SEVERE_PHYSICAL_FINANCIAL_GAP,INSPECTION_DOCUMENTATION_DEFICIT,NONE
MPLADS-002803,31.22,58.04,0,2.9,83.7,86.6,0.0,0.0,0.0,0.0,NORMAL_EXECUTION_PROGRESS,NONE,NONE
MPLADS-002804,32.49,60.16,0,17.7,78.4,96.1,0.0,0.0,0.0,0.0,NORMAL_EXECUTION_PROGRESS,NONE,NONE
MPLADS-002805,28.05,52.68,0,-0.8,93.0,92.2,24.0,0.0,0.0011,0.0,NORMAL_EXECUTION_PROGRESS,NONE,NONE
MPLADS-002806,20.96,39.36,0,-8.6,97.4,88.8,0.0,0.0,0.0,0.0,NORMAL_EXECUTION_PROGRESS,NONE,NONE
MPLADS-002807,41.02,73.48,0,14.0,82.9,96.9,22.0,0.0,0.0226,0.0,NORMAL_EXECUTION_PROGRESS,NONE,NONE
MPLADS-002808,34.15,62.86,0,10.4,75.8,86.2,0.0,0.0,0.0,0.0,NORMAL_EXECUTION_PROGRESS,NONE,NONE
MPLADS-002809,4.08,5.5,0,4.2,88.1,92.3,9.0,0.0,0.0018,0.0,NORMAL_EXECUTION_PROGRESS,NONE,NONE
MPLADS-002810,18.04,33.6,0,-5.8,91.7,85.9,0.0,0.0,0.0,0.0,NORMAL_EXECUTION_PROGRESS,NONE,NONE
MPLADS-002811,4.12,5.58,0,9.7,80.5,90.2,0.0,0.0,0.0,0.0,NORMAL_EXECUTION_PROGRESS,NONE,NONE
MPLADS-002812,87.28,98.76,1,50.4,45.5,95.9,480.0,0.0,0.9216,100.0,EXTREME_DURATION_OVERRUN,SEVERE_PHYSICAL_FINANCIAL_GAP,STALLED_EXECUTION_TRAJECTORY
MPLADS-002813,34.03,62.64,0,-1.4,98.7,97.3,0.0,0.0,0.0,0.0,NORMAL_EXECUTION_PROGRESS,NONE,NONE
MPLADS-002814,12.04,21.38,0,7.9,87.7,95.6,0.0,0.0,0.0,0.0,NORMAL_EXECUTION_PROGRESS,NONE,NONE
MPLADS-002815,35.07,64.36,0,21.3,74.5,95.8,19.0,0.0,0.0005,0.0,NORMAL_EXECUTION_PROGRESS,NONE,NONE
MPLADS-002816,37.95,68.96,0,-10.7,98.8,88.1,32.0,0.0,0.0114,0.0,NORMAL_EXECUTION_PROGRESS,NONE,NONE
MPLADS-002817,2.87,3.38,0,13.5,80.0,93.5,0.0,0.0,0.0,0.0,NORMAL_EXECUTION_PROGRESS,NONE,NONE
MPLADS-002818,37.36,68.08,0,-5.9,94.4,88.5,17.0,0.0,0.0003,0.0,NORMAL_EXECUTION_PROGRESS,NONE,NONE
MPLADS-002819,29.08,54.42,0,-10.9,98.2,87.3,0.0,0.0,0.0,0.0,NORMAL_EXECUTION_PROGRESS,NONE,NONE
MPLADS-002820,51.01,83.1,0,12.5,84.3,96.8,0.0,0.0,0.0,0.0,NORMAL_EXECUTION_PROGRESS,NONE,NONE
MPLADS-002821,80.74,96.4,1,42.2,50.0,92.2,270.0,0.0,0.3694,75.0,EXTREME_DURATION_OVERRUN,SEVERE_PHYSICAL_FINANCIAL_GAP,STALLED_EXECUTION_TRAJECTORY
MPLADS-002822,13.34,24.02,0,6.8,81.1,87.9,26.0,0.0,0.0044,0.0,NORMAL_EXECUTION_PROGRESS,NONE,NONE
MPLADS-002823,19.09,35.7,0,15.3,81.5,96.8,29.0,0.0,0.0113,0.0,NORMAL_EXECUTION_PROGRESS,NONE,NONE
MPLADS-002824,24.36,45.96,0,17.1,76.1,93.2,4.0,0.0,0.0002,0.0,NORMAL_EXECUTION_PROGRESS,NONE,NONE
MPLADS-002825,16.74,31.02,0,5.2,89.8,95.0,0.0,0.0,0.0,0.0,NORMAL_EXECUTION_PROGRESS,NONE,NONE
MPLADS-002826,4.75,6.78,0,2.9,87.6,90.5,18.0,0.0,0.0042,0.0,NORMAL_EXECUTION_PROGRESS,NONE,NONE
MPLADS-002827,25.98,48.96,0,-1.9,98.6,96.7,0.0,0.0,0.0,0.0,NORMAL_EXECUTION_PROGRESS,NONE,NONE
MPLADS-002828,31.13,57.9,0,10.0,76.9,86.9,8.0,0.0,0.0001,0.0,NORMAL_EXECUTION_PROGRESS,NONE,NONE
MPLADS-002829,12.12,21.54,0,-2.5,87.9,85.4,0.0,0.0,0.0,0.0,NORMAL_EXECUTION_PROGRESS,NONE,NONE
MPLADS-002830,10.32,17.86,0,9.9,79.9,89.8,5.0,0.0,0.0002,0.0,NORMAL_EXECUTION_PROGRESS,NONE,NONE
MPLADS-002831,75.51,94.0,0,68.5,27.7,96.2,0.0,0.0,0.0,75.0,SEVERE_PHYSICAL_FINANCIAL_GAP,INSPECTION_DOCUMENTATION_DEFICIT,NONE
MPLADS-002832,31.98,59.32,0,21.0,72.9,93.9,0.0,0.0,0.0,0.0,NORMAL_EXECUTION_PROGRESS,NONE,NONE
MPLADS-002833,50.82,83.02,0,11.2,85.2,96.4,0.0,0.0,0.0,0.0,NORMAL_EXECUTION_PROGRESS,NONE,NONE
MPLADS-002834,6.07,9.34,0,-0.6,90.2,89.6,9.0,0.0,0.0007,0.0,NORMAL_EXECUTION_PROGRESS,NONE,NONE
MPLADS-002835,20.33,38.14,0,16.5,78.1,94.6,6.0,0.0,0.0003,0.0,NORMAL_EXECUTION_PROGRESS,NONE,NONE
MPLADS-002836,36.42,66.6,0,3.9,87.5,91.4,2.0,0.0,0.0,0.0,NORMAL_EXECUTION_PROGRESS,NONE,NONE
MPLADS-002837,6.58,10.34,0,16.7,78.3,95.0,21.0,0.0,0.0058,0.0,NORMAL_EXECUTION_PROGRESS,NONE,NONE
MPLADS-002838,9.72,16.62,0,16.8,80.8,97.6,0.0,0.0,0.0,0.0,NORMAL_EXECUTION_PROGRESS,NONE,NONE
MPLADS-002839,31.59,58.68,0,13.9,78.5,92.4,7.0,0.0,0.0001,0.0,NORMAL_EXECUTION_PROGRESS,NONE,NONE
MPLADS-002840,6.56,10.3,0,6.5,90.1,96.6,21.0,0.0,0.0061,0.0,NORMAL_EXECUTION_PROGRESS,NONE,NONE
MPLADS-002841,28.0,52.58,0,-7.0,95.9,88.9,28.0,0.0,0.0013,0.0,NORMAL_EXECUTION_PROGRESS,NONE,NONE
MPLADS-002842,9.3,15.76,0,15.6,76.5,92.1,26.0,0.0,0.0052,0.0,NORMAL_EXECUTION_PROGRESS,NONE,NONE
MPLADS-002843,6.81,10.82,0,1.9,91.2,93.1,17.0,0.0,0.0046,0.0,NORMAL_EXECUTION_PROGRESS,NONE,NONE
MPLADS-002844,19.67,36.84,0,12.3,73.3,85.6,1.0,0.0,0.0001,0.0,NORMAL_EXECUTION_PROGRESS,NONE,NONE
MPLADS-002845,40.76,73.12,0,1.3,88.1,89.4,24.0,0.0,0.0233,0.0,NORMAL_EXECUTION_PROGRESS,NONE,NONE
MPLADS-002846,30.71,57.16,0,-7.4,93.2,85.8,0.0,0.0,0.0,0.0,NORMAL_EXECUTION_PROGRESS,NONE,NONE
MPLADS-002847,34.09,62.78,0,-5.6,99.2,93.6,0.0,0.0,0.0,0.0,NORMAL_EXECUTION_PROGRESS,NONE,NONE
MPLADS-002848,7.27,11.72,0,19.2,77.8,97.0,14.0,0.0,0.0041,0.0,NORMAL_EXECUTION_PROGRESS,NONE,NONE
MPLADS-002849,95.21,99.2,1,100.0,0.0,100.0,4.0,1.0,0.011,75.0,GHOST_WORK_EXECUTION_DIVERGENCE,SEVERE_PHYSICAL_FINANCIAL_GAP,ABANDONED_WORK_SUSPICION
MPLADS-002850,2.65,3.04,0,6.9,83.1,90.0,0.0,0.0,0.0,0.0,NORMAL_EXECUTION_PROGRESS,NONE,NONE
MPLADS-002851,22.18,41.72,0,1.6,93.6,95.2,0.0,0.0,0.0,0.0,NORMAL_EXECUTION_PROGRESS,NONE,NONE
MPLADS-002852,47.42,80.86,0,2.0,88.7,90.7,0.0,0.0,0.0,0.0,NORMAL_EXECUTION_PROGRESS,NONE,NONE
MPLADS-002853,25.8,48.62,0,12.4,73.6,86.0,31.0,0.0,0.0111,0.0,NORMAL_EXECUTION_PROGRESS,NONE,NONE
MPLADS-002854,36.88,67.36,0,4.3,82.9,87.2,30.0,0.0,0.0008,0.0,NORMAL_EXECUTION_PROGRESS,NONE,NONE
MPLADS-002855,8.05,13.2,0,18.1,73.1,91.2,11.0,0.0,0.0019,0.0,NORMAL_EXECUTION_PROGRESS,NONE,NONE
MPLADS-002856,3.36,4.22,0,3.2,92.2,95.4,14.0,0.0,0.0027,0.0,NORMAL_EXECUTION_PROGRESS,NONE,NONE
MPLADS-002857,30.11,56.14,0,2.5,94.2,96.7,24.0,0.0,0.0011,0.0,NORMAL_EXECUTION_PROGRESS,NONE,NONE
MPLADS-002858,2.21,2.26,0,11.8,80.3,92.1,0.0,0.0,0.0,0.0,NORMAL_EXECUTION_PROGRESS,NONE,NONE
MPLADS-002859,12.06,21.42,0,17.9,75.2,93.1,11.0,0.0,0.0055,0.0,NORMAL_EXECUTION_PROGRESS,NONE,NONE
MPLADS-002860,18.65,34.84,0,18.9,76.0,94.9,26.0,0.0,0.0113,0.0,NORMAL_EXECUTION_PROGRESS,NONE,NONE
MPLADS-002861,23.87,45.0,0,-6.0,99.5,93.5,15.0,0.0,0.002,0.0,NORMAL_EXECUTION_PROGRESS,NONE,NONE
MPLADS-002862,12.68,22.68,0,9.3,87.7,97.0,18.0,0.0,0.0036,0.0,NORMAL_EXECUTION_PROGRESS,NONE,NONE
MPLADS-002863,3.22,3.96,0,10.0,83.7,93.7,0.0,0.0,0.0,0.0,NORMAL_EXECUTION_PROGRESS,NONE,NONE
MPLADS-002864,6.53,10.24,0,10.7,76.4,87.1,10.0,0.0,0.0048,0.0,NORMAL_EXECUTION_PROGRESS,NONE,NONE
MPLADS-002865,35.23,64.6,0,3.1,87.0,90.1,0.0,0.0,0.0,0.0,NORMAL_EXECUTION_PROGRESS,NONE,NONE
MPLADS-002866,11.72,20.74,0,11.3,86.4,97.7,0.0,0.0,0.0,0.0,NORMAL_EXECUTION_PROGRESS,NONE,NONE
MPLADS-002867,37.76,68.66,0,-10.7,99.5,88.8,32.0,0.0,0.0112,0.0,NORMAL_EXECUTION_PROGRESS,NONE,NONE
MPLADS-002868,75.89,94.18,0,75.4,83.0,158.4,0.0,0.0,0.0,75.0,SEVERE_PHYSICAL_FINANCIAL_GAP,NONE,NONE
MPLADS-002869,0.29,0.06,0,9.9,84.8,94.7,11.0,0.0,0.0022,0.0,NORMAL_EXECUTION_PROGRESS,NONE,NONE
MPLADS-002870,99.42,99.98,1,100.0,0.0,100.0,18.0,1.0,0.0493,75.0,GHOST_WORK_EXECUTION_DIVERGENCE,SEVERE_PHYSICAL_FINANCIAL_GAP,ABANDONED_WORK_SUSPICION
MPLADS-002871,14.07,25.52,0,13.1,74.2,87.3,0.0,0.0,0.0,0.0,NORMAL_EXECUTION_PROGRESS,NONE,NONE
MPLADS-002872,21.91,41.24,0,7.9,85.3,93.2,30.0,0.0,0.0139,0.0,NORMAL_EXECUTION_PROGRESS,NONE,NONE
MPLADS-002873,20.93,39.3,0,0.2,86.9,87.1,21.0,0.0,0.0088,0.0,NORMAL_EXECUTION_PROGRESS,NONE,NONE
MPLADS-002874,29.0,54.28,0,-11.4,98.9,87.5,14.0,0.0,0.0022,0.0,NORMAL_EXECUTION_PROGRESS,NONE,NONE
MPLADS-002875,8.06,13.22,0,-0.9,89.1,88.2,0.0,0.0,0.0,0.0,NORMAL_EXECUTION_PROGRESS,NONE,NONE
MPLADS-002876,33.33,61.5,0,-4.1,90.5,86.4,0.0,0.0,0.0,0.0,NORMAL_EXECUTION_PROGRESS,NONE,NONE
MPLADS-002877,28.84,54.04,0,-1.2,98.4,97.2,24.0,0.0,0.008,0.0,NORMAL_EXECUTION_PROGRESS,NONE,NONE
MPLADS-002878,14.71,26.82,0,16.6,74.4,91.0,0.0,0.0,0.0,0.0,NORMAL_EXECUTION_PROGRESS,NONE,NONE
MPLADS-002879,44.19,77.54,0,22.1,70.4,92.5,11.0,0.0,0.0128,0.0,NORMAL_EXECUTION_PROGRESS,NONE,NONE
MPLADS-002880,23.19,43.64,0,18.6,74.6,93.2,16.0,0.0,0.0013,0.0,NORMAL_EXECUTION_PROGRESS,NONE,NONE
MPLADS-002881,15.83,29.16,0,8.7,83.7,92.4,8.0,0.0,0.0003,0.0,NORMAL_EXECUTION_PROGRESS,NONE,NONE
MPLADS-002882,15.59,28.68,0,17.4,80.2,97.6,21.0,0.0,0.0055,0.0,NORMAL_EXECUTION_PROGRESS,NONE,NONE
MPLADS-002883,10.27,17.74,0,2.4,93.8,96.2,16.0,0.0,0.004,0.0,NORMAL_EXECUTION_PROGRESS,NONE,NONE
MPLADS-002884,2.31,2.44,0,11.8,83.6,95.4,0.0,0.0,0.0,0.0,NORMAL_EXECUTION_PROGRESS,NONE,NONE
MPLADS-002885,68.86,89.62,0,38.3,16.1,54.4,3.0,0.0,0.0056,50.0,SEVERE_PHYSICAL_FINANCIAL_GAP,ABANDONED_WORK_SUSPICION,NONE
MPLADS-002886,19.58,36.66,0,14.7,74.3,89.0,27.0,0.0,0.0123,0.0,NORMAL_EXECUTION_PROGRESS,NONE,NONE
MPLADS-002887,27.77,52.16,0,-6.2,99.6,93.4,17.0,0.0,0.0012,0.0,NORMAL_EXECUTION_PROGRESS,NONE,NONE
MPLADS-002888,22.11,41.6,0,-4.4,98.1,93.7,0.0,0.0,0.0,0.0,NORMAL_EXECUTION_PROGRESS,NONE,NONE
MPLADS-002889,26.21,49.38,0,-2.2,96.6,94.4,27.0,0.0,0.0012,0.0,NORMAL_EXECUTION_PROGRESS,NONE,NONE
MPLADS-002890,14.11,25.6,0,-2.2,92.5,90.3,22.0,0.0,0.0082,0.0,NORMAL_EXECUTION_PROGRESS,NONE,NONE
MPLADS-002891,35.96,65.9,0,-6.9,99.6,92.7,15.0,0.0,0.0004,0.0,NORMAL_EXECUTION_PROGRESS,NONE,NONE
MPLADS-002892,20.27,38.04,0,-11.2,98.7,87.5,8.0,0.0,0.0016,0.0,NORMAL_EXECUTION_PROGRESS,NONE,NONE
MPLADS-002893,29.8,55.64,0,-3.6,93.9,90.3,32.0,0.0,0.0019,0.0,NORMAL_EXECUTION_PROGRESS,NONE,NONE
MPLADS-002894,26.41,49.76,0,6.5,80.2,86.7,0.0,0.0,0.0,0.0,NORMAL_EXECUTION_PROGRESS,NONE,NONE
MPLADS-002895,36.97,67.48,0,14.3,81.4,95.7,0.0,0.0,0.0,0.0,NORMAL_EXECUTION_PROGRESS,NONE,NONE
MPLADS-002896,23.42,44.12,0,-9.7,99.2,89.5,0.0,0.0,0.0,0.0,NORMAL_EXECUTION_PROGRESS,NONE,NONE
MPLADS-002897,16.58,30.68,0,3.6,94.0,97.6,0.0,0.0,0.0,0.0,NORMAL_EXECUTION_PROGRESS,NONE,NONE
MPLADS-002898,39.59,71.4,0,20.8,73.9,94.7,16.0,0.0,0.018,0.0,NORMAL_EXECUTION_PROGRESS,NONE,NONE
MPLADS-002899,34.28,63.08,0,3.6,83.3,86.9,2.0,0.0,0.0,0.0,NORMAL_EXECUTION_PROGRESS,NONE,NONE
MPLADS-002900,2.51,2.78,0,9.1,83.2,92.3,0.0,0.0,0.0,0.0,NORMAL_EXECUTION_PROGRESS,NONE,NONE
MPLADS-002901,7.7,12.54,0,1.9,89.5,91.4,1.0,0.0,0.0003,0.0,NORMAL_EXECUTION_PROGRESS,NONE,NONE
MPLADS-002902,19.59,36.68,0,14.2,72.1,86.3,0.0,0.0,0.0,0.0,NORMAL_EXECUTION_PROGRESS,NONE,NONE
MPLADS-002903,40.69,73.0,0,13.4,81.5,94.9,0.0,0.0,0.0,0.0,NORMAL_EXECUTION_PROGRESS,NONE,NONE
MPLADS-002904,44.28,77.68,0,-1.6,98.6,97.0,9.0,0.0,0.0002,0.0,NORMAL_EXECUTION_PROGRESS,NONE,NONE
MPLADS-002905,53.08,83.9,0,47.0,91.1,138.1,15.0,0.0,0.0026,50.0,NORMAL_EXECUTION_PROGRESS,NONE,NONE
MPLADS-002906,44.47,77.94,0,-1.1,92.0,90.9,28.0,0.0,0.0005,0.0,NORMAL_EXECUTION_PROGRESS,NONE,NONE
MPLADS-002907,16.35,30.22,0,-0.2,86.4,86.2,19.0,0.0,0.0047,0.0,NORMAL_EXECUTION_PROGRESS,NONE,NONE
MPLADS-002908,34.27,63.04,0,17.7,78.3,96.0,0.0,0.0,0.0,0.0,NORMAL_EXECUTION_PROGRESS,NONE,NONE
MPLADS-002909,18.96,35.44,0,16.9,80.1,97.0,5.0,0.0,0.0016,0.0,NORMAL_EXECUTION_PROGRESS,NONE,NONE
MPLADS-002910,16.98,31.52,0,-5.5,95.4,89.9,17.0,0.0,0.0027,0.0,NORMAL_EXECUTION_PROGRESS,NONE,NONE
MPLADS-002911,24.07,45.4,0,17.6,78.8,96.4,21.0,0.0,0.0035,0.0,NORMAL_EXECUTION_PROGRESS,NONE,NONE
MPLADS-002912,29.71,55.48,0,-0.4,96.4,96.0,34.0,0.0,0.0068,0.0,NORMAL_EXECUTION_PROGRESS,NONE,NONE
MPLADS-002913,10.96,19.16,0,9.9,80.5,90.4,6.0,0.0,0.0019,0.0,NORMAL_EXECUTION_PROGRESS,NONE,NONE
MPLADS-002914,1.28,0.92,0,3.9,87.1,91.0,0.0,0.0,0.0,0.0,NORMAL_EXECUTION_PROGRESS,NONE,NONE
MPLADS-002915,47.75,81.06,0,8.8,80.8,89.6,0.0,0.0,0.0,0.0,NORMAL_EXECUTION_PROGRESS,NONE,NONE
MPLADS-002916,21.42,40.26,0,6.7,89.5,96.2,0.0,0.0,0.0,0.0,NORMAL_EXECUTION_PROGRESS,NONE,NONE
MPLADS-002917,12.31,21.92,0,12.5,78.6,91.1,23.0,0.0,0.0091,0.0,NORMAL_EXECUTION_PROGRESS,NONE,NONE
MPLADS-002918,7.34,11.86,0,2.7,91.2,93.9,9.0,0.0,0.0002,0.0,NORMAL_EXECUTION_PROGRESS,NONE,NONE
MPLADS-002919,3.45,4.38,0,2.1,86.3,88.4,16.0,0.0,0.0038,0.0,NORMAL_EXECUTION_PROGRESS,NONE,NONE
MPLADS-002920,16.4,30.34,0,7.9,77.3,85.2,0.0,0.0,0.0,0.0,NORMAL_EXECUTION_PROGRESS,NONE,NONE
MPLADS-002921,12.26,21.82,0,1.4,85.1,86.5,0.0,0.0,0.0,0.0,NORMAL_EXECUTION_PROGRESS,NONE,NONE
MPLADS-002922,20.49,38.48,0,-4.8,92.2,87.4,26.0,0.0,0.0013,0.0,NORMAL_EXECUTION_PROGRESS,NONE,NONE
MPLADS-002923,7.72,12.58,0,11.4,83.3,94.7,0.0,0.0,0.0,0.0,NORMAL_EXECUTION_PROGRESS,NONE,NONE
MPLADS-002924,9.66,16.48,0,2.7,87.3,90.0,7.0,0.0,0.0006,0.0,NORMAL_EXECUTION_PROGRESS,NONE,NONE
MPLADS-002925,47.51,80.92,0,-1.8,87.9,86.1,0.0,0.0,0.0,0.0,NORMAL_EXECUTION_PROGRESS,NONE,NONE
MPLADS-002926,14.73,26.86,0,12.0,73.5,85.5,20.0,0.0,0.0087,0.0,NORMAL_EXECUTION_PROGRESS,NONE,NONE
MPLADS-002927,2.62,2.98,0,16.4,76.1,92.5,0.0,0.0,0.0,0.0,NORMAL_EXECUTION_PROGRESS,NONE,NONE
MPLADS-002928,9.27,15.7,0,-7.9,93.8,85.9,10.0,0.0,0.0023,0.0,NORMAL_EXECUTION_PROGRESS,NONE,NONE
MPLADS-002929,74.5,93.54,0,65.6,28.5,94.1,0.0,0.0,0.0,75.0,SEVERE_PHYSICAL_FINANCIAL_GAP,INSPECTION_DOCUMENTATION_DEFICIT,NONE
MPLADS-002930,43.57,76.84,0,2.1,95.4,97.5,22.0,0.0,0.0195,0.0,NORMAL_EXECUTION_PROGRESS,NONE,NONE
MPLADS-002931,8.87,14.86,0,4.1,93.7,97.8,5.0,0.0,0.0007,0.0,NORMAL_EXECUTION_PROGRESS,NONE,NONE
MPLADS-002932,13.53,24.42,0,14.8,72.9,87.7,1.0,0.0,0.0001,0.0,NORMAL_EXECUTION_PROGRESS,NONE,NONE
MPLADS-002933,25.28,47.66,0,-5.7,99.9,94.2,20.0,0.0,0.0034,0.0,NORMAL_EXECUTION_PROGRESS,NONE,NONE
MPLADS-002934,88.1,98.88,1,40.9,51.5,92.4,480.0,0.0,0.8793,75.0,EXTREME_DURATION_OVERRUN,SEVERE_PHYSICAL_FINANCIAL_GAP,STALLED_EXECUTION_TRAJECTORY
MPLADS-002935,12.54,22.36,0,10.6,75.5,86.1,0.0,0.0,0.0,0.0,NORMAL_EXECUTION_PROGRESS,NONE,NONE
MPLADS-002936,28.97,54.24,0,-2.1,95.7,93.6,17.0,0.0,0.0005,0.0,NORMAL_EXECUTION_PROGRESS,NONE,NONE
MPLADS-002937,64.43,87.34,0,72.4,74.1,146.5,8.0,0.0,0.0005,75.0,SEVERE_PHYSICAL_FINANCIAL_GAP,NONE,NONE
MPLADS-002938,7.93,12.96,0,18.2,74.5,92.7,7.0,0.0,0.0021,0.0,NORMAL_EXECUTION_PROGRESS,NONE,NONE
MPLADS-002939,47.31,80.76,0,-5.8,98.0,92.2,28.0,0.0,0.0005,0.0,NORMAL_EXECUTION_PROGRESS,NONE,NONE
MPLADS-002940,8.55,14.2,0,1.5,89.6,91.1,0.0,0.0,0.0,0.0,NORMAL_EXECUTION_PROGRESS,NONE,NONE
MPLADS-002941,100.0,100.0,1,100.0,0.0,100.0,20.0,1.0,0.0548,75.0,GHOST_WORK_EXECUTION_DIVERGENCE,SEVERE_PHYSICAL_FINANCIAL_GAP,ABANDONED_WORK_SUSPICION
MPLADS-002942,15.91,29.34,0,-5.7,98.3,92.6,7.0,0.0,0.0014,0.0,NORMAL_EXECUTION_PROGRESS,NONE,NONE
MPLADS-002943,26.7,50.28,0,5.5,91.7,97.2,17.0,0.0,0.0006,0.0,NORMAL_EXECUTION_PROGRESS,NONE,NONE
MPLADS-002944,18.89,35.3,0,-4.4,92.5,88.1,30.0,0.0,0.0091,0.0,NORMAL_EXECUTION_PROGRESS,NONE,NONE
MPLADS-002945,9.19,15.54,0,-2.7,96.0,93.3,3.0,0.0,0.0006,0.0,NORMAL_EXECUTION_PROGRESS,NONE,NONE
MPLADS-002946,9.47,16.08,0,1.0,84.7,85.7,14.0,0.0,0.0043,0.0,NORMAL_EXECUTION_PROGRESS,NONE,NONE
MPLADS-002947,23.39,44.06,0,21.3,74.8,96.1,0.0,0.0,0.0,0.0,NORMAL_EXECUTION_PROGRESS,NONE,NONE
MPLADS-002948,23.24,43.74,0,-0.2,97.0,96.8,0.0,0.0,0.0,0.0,NORMAL_EXECUTION_PROGRESS,NONE,NONE
MPLADS-002949,7.64,12.42,0,16.7,76.4,93.1,0.0,0.0,0.0,0.0,NORMAL_EXECUTION_PROGRESS,NONE,NONE
MPLADS-002950,25.33,47.76,0,20.3,76.5,96.8,18.0,0.0,0.0014,0.0,NORMAL_EXECUTION_PROGRESS,NONE,NONE
MPLADS-002951,61.44,86.3,0,68.1,73.2,141.3,16.0,0.0,0.0087,75.0,SEVERE_PHYSICAL_FINANCIAL_GAP,NONE,NONE
MPLADS-002952,45.79,79.18,0,-0.6,93.0,92.4,29.0,0.0,0.0269,0.0,NORMAL_EXECUTION_PROGRESS,NONE,NONE
MPLADS-002953,3.4,4.28,0,6.3,84.5,90.8,13.0,0.0,0.0054,0.0,NORMAL_EXECUTION_PROGRESS,NONE,NONE
MPLADS-002954,40.59,72.84,0,15.1,70.2,85.3,16.0,0.0,0.0004,0.0,NORMAL_EXECUTION_PROGRESS,NONE,NONE
MPLADS-002955,12.09,21.5,0,-4.7,91.7,87.0,0.0,0.0,0.0,0.0,NORMAL_EXECUTION_PROGRESS,NONE,NONE
MPLADS-002956,13.6,24.54,0,5.1,87.4,92.5,0.0,0.0,0.0,0.0,NORMAL_EXECUTION_PROGRESS,NONE,NONE
MPLADS-002957,5.36,7.96,0,-4.0,91.0,87.0,3.0,0.0,0.0004,0.0,NORMAL_EXECUTION_PROGRESS,NONE,NONE
MPLADS-002958,44.02,77.36,0,-6.0,92.5,86.5,21.0,0.0,0.0192,0.0,NORMAL_EXECUTION_PROGRESS,NONE,NONE
MPLADS-002959,29.03,54.34,0,-1.0,87.7,86.7,34.0,0.0,0.012,0.0,NORMAL_EXECUTION_PROGRESS,NONE,NONE
MPLADS-002960,65.44,87.62,0,14.0,71.4,85.4,180.0,0.0,0.1315,0.0,ELEVATED_PROGRESS_VOLATILITY,NONE,NONE
MPLADS-002961,85.75,98.38,1,1.2,87.3,88.5,0.0,0.0,0.0,0.0,INSPECTION_DOCUMENTATION_DEFICIT,NONE,NONE
MPLADS-002962,57.36,85.08,0,61.4,83.1,144.5,11.0,0.0,0.0027,75.0,NORMAL_EXECUTION_PROGRESS,NONE,NONE
MPLADS-002963,61.57,86.38,0,21.5,24.7,46.2,0.0,0.0,0.0,0.0,ELEVATED_PROGRESS_VOLATILITY,NONE,NONE
MPLADS-002964,33.3,61.44,0,13.6,79.0,92.6,22.0,0.0,0.0005,0.0,NORMAL_EXECUTION_PROGRESS,NONE,NONE
MPLADS-002965,80.58,96.3,1,35.1,52.2,87.3,420.0,0.0,0.7602,75.0,EXTREME_DURATION_OVERRUN,STALLED_EXECUTION_TRAJECTORY,SEVERE_PHYSICAL_FINANCIAL_GAP
MPLADS-002966,67.39,88.62,0,29.6,18.8,48.4,34.0,0.0,0.0343,0.0,ELEVATED_PROGRESS_VOLATILITY,NONE,NONE
MPLADS-002967,31.62,58.72,0,23.6,74.1,97.7,0.0,0.0,0.0,0.0,NORMAL_EXECUTION_PROGRESS,NONE,NONE
MPLADS-002968,23.5,44.28,0,-7.6,97.3,89.7,9.0,0.0,0.0027,0.0,NORMAL_EXECUTION_PROGRESS,NONE,NONE
MPLADS-002969,33.69,62.1,0,9.0,87.4,96.4,0.0,0.0,0.0,0.0,NORMAL_EXECUTION_PROGRESS,NONE,NONE
MPLADS-002970,2.63,3.0,0,1.0,91.1,92.1,3.0,0.0,0.0004,0.0,NORMAL_EXECUTION_PROGRESS,NONE,NONE
MPLADS-002971,31.47,58.46,0,26.2,70.5,96.7,18.0,0.0,0.0083,0.0,NORMAL_EXECUTION_PROGRESS,NONE,NONE
MPLADS-002972,20.53,38.54,0,12.6,83.2,95.8,0.0,0.0,0.0,0.0,NORMAL_EXECUTION_PROGRESS,NONE,NONE
MPLADS-002973,7.69,12.52,0,-0.6,86.3,85.7,4.0,0.0,0.0011,0.0,NORMAL_EXECUTION_PROGRESS,NONE,NONE
MPLADS-002974,42.72,75.72,0,16.3,70.7,87.0,0.0,0.0,0.0,0.0,NORMAL_EXECUTION_PROGRESS,NONE,NONE
MPLADS-002975,19.05,35.62,0,11.9,85.1,97.0,8.0,0.0,0.0003,0.0,NORMAL_EXECUTION_PROGRESS,NONE,NONE
MPLADS-002976,16.79,31.14,0,-2.9,92.4,89.5,0.0,0.0,0.0,0.0,NORMAL_EXECUTION_PROGRESS,NONE,NONE
MPLADS-002977,30.81,57.32,0,5.8,87.3,93.1,0.0,0.0,0.0,0.0,NORMAL_EXECUTION_PROGRESS,NONE,NONE
MPLADS-002978,27.16,51.1,0,2.4,92.0,94.4,0.0,0.0,0.0,0.0,NORMAL_EXECUTION_PROGRESS,NONE,NONE
MPLADS-002979,57.94,85.3,0,22.1,23.9,46.0,0.0,0.0,0.0,0.0,NORMAL_EXECUTION_PROGRESS,NONE,NONE
MPLADS-002980,65.86,87.86,0,63.3,23.9,87.2,0.0,0.0,0.0,75.0,SEVERE_PHYSICAL_FINANCIAL_GAP,INSPECTION_DOCUMENTATION_DEFICIT,NONE
MPLADS-002981,43.96,77.28,0,-9.7,95.9,86.2,0.0,0.0,0.0,0.0,NORMAL_EXECUTION_PROGRESS,NONE,NONE
MPLADS-002982,4.85,6.98,0,10.7,78.1,88.8,20.0,0.0,0.0055,0.0,NORMAL_EXECUTION_PROGRESS,NONE,NONE
MPLADS-002983,67.24,88.58,0,66.6,23.4,90.0,0.0,0.0,0.0,75.0,SEVERE_PHYSICAL_FINANCIAL_GAP,INSPECTION_DOCUMENTATION_DEFICIT,NONE
MPLADS-002984,77.05,94.54,0,58.5,31.5,90.0,31.0,0.0,0.015,75.0,SEVERE_PHYSICAL_FINANCIAL_GAP,INSPECTION_DOCUMENTATION_DEFICIT,NONE
MPLADS-002985,9.65,16.46,0,0.4,91.6,92.0,0.0,0.0,0.0,0.0,NORMAL_EXECUTION_PROGRESS,NONE,NONE
MPLADS-002986,26.45,49.82,0,22.0,74.2,96.2,9.0,0.0,0.0045,0.0,NORMAL_EXECUTION_PROGRESS,NONE,NONE
MPLADS-002987,29.39,54.96,0,-4.3,99.6,95.3,29.0,0.0,0.0073,0.0,NORMAL_EXECUTION_PROGRESS,NONE,NONE
MPLADS-002988,39.53,71.32,0,14.8,73.0,87.8,6.0,0.0,0.0001,0.0,NORMAL_EXECUTION_PROGRESS,NONE,NONE
MPLADS-002989,4.08,5.48,0,13.0,74.1,87.1,0.0,0.0,0.0,0.0,NORMAL_EXECUTION_PROGRESS,NONE,NONE
MPLADS-002990,18.87,35.26,0,0.6,85.0,85.6,27.0,0.0,0.0076,0.0,NORMAL_EXECUTION_PROGRESS,NONE,NONE
MPLADS-002991,84.54,97.96,1,-0.2,92.3,92.1,0.0,0.0,0.0,0.0,INSPECTION_DOCUMENTATION_DEFICIT,NONE,NONE
MPLADS-002992,7.94,12.98,0,13.2,77.0,90.2,17.0,0.0,0.0013,0.0,NORMAL_EXECUTION_PROGRESS,NONE,NONE
MPLADS-002993,19.31,36.16,0,0.9,88.2,89.1,3.0,0.0,0.0001,0.0,NORMAL_EXECUTION_PROGRESS,NONE,NONE
MPLADS-002994,20.26,38.02,0,-3.6,92.1,88.5,26.0,0.0,0.0013,0.0,NORMAL_EXECUTION_PROGRESS,NONE,NONE
MPLADS-002995,74.6,93.6,0,78.5,17.9,96.4,12.0,0.0,0.0206,75.0,SEVERE_PHYSICAL_FINANCIAL_GAP,ABANDONED_WORK_SUSPICION,INSPECTION_DOCUMENTATION_DEFICIT
MPLADS-002996,32.7,60.5,0,-12.6,98.4,85.8,0.0,0.0,0.0,0.0,NORMAL_EXECUTION_PROGRESS,NONE,NONE
MPLADS-002997,0.94,0.58,0,13.9,78.0,91.9,8.0,0.0,0.0019,0.0,NORMAL_EXECUTION_PROGRESS,NONE,NONE
MPLADS-002998,72.82,92.56,0,72.0,21.0,93.0,16.0,0.0,0.0257,75.0,SEVERE_PHYSICAL_FINANCIAL_GAP,INSPECTION_DOCUMENTATION_DEFICIT,NONE
MPLADS-002999,2.74,3.2,0,10.1,79.3,89.4,6.0,0.0,0.002,0.0,NORMAL_EXECUTION_PROGRESS,NONE,NONE
MPLADS-003000,70.83,91.2,0,18.1,70.4,88.5,320.0,0.0,0.421,25.0,EXTREME_DURATION_OVERRUN,STALLED_EXECUTION_TRAJECTORY,NONE
MPLADS-003001,62.36,86.72,0,57.6,73.5,131.1,4.0,0.0,0.0001,75.0,SEVERE_PHYSICAL_FINANCIAL_GAP,NONE,NONE
MPLADS-003002,2.39,2.58,0,9.7,79.9,89.6,9.0,0.0,0.0023,0.0,NORMAL_EXECUTION_PROGRESS,NONE,NONE
MPLADS-003003,44.27,77.66,0,5.8,91.1,96.9,19.0,0.0,0.0176,0.0,NORMAL_EXECUTION_PROGRESS,NONE,NONE
MPLADS-003004,29.35,54.88,0,13.8,73.4,87.2,0.0,0.0,0.0,0.0,NORMAL_EXECUTION_PROGRESS,NONE,NONE
MPLADS-003005,81.92,97.04,1,-3.2,95.8,92.6,11.0,0.0,0.0034,0.0,INSPECTION_DOCUMENTATION_DEFICIT,NONE,NONE
MPLADS-003006,40.48,72.66,0,17.2,70.7,87.9,0.0,0.0,0.0,0.0,NORMAL_EXECUTION_PROGRESS,NONE,NONE
MPLADS-003007,18.4,34.32,0,16.1,78.8,94.9,15.0,0.0,0.001,0.0,NORMAL_EXECUTION_PROGRESS,NONE,NONE
MPLADS-003008,22.45,42.24,0,18.5,70.6,89.1,5.0,0.0,0.0027,0.0,NORMAL_EXECUTION_PROGRESS,NONE,NONE
MPLADS-003009,28.32,53.14,0,22.8,70.8,93.6,0.0,0.0,0.0,0.0,NORMAL_EXECUTION_PROGRESS,NONE,NONE
MPLADS-003010,98.04,99.84,1,100.0,0.0,100.0,24.0,1.0,0.0658,75.0,GHOST_WORK_EXECUTION_DIVERGENCE,SEVERE_PHYSICAL_FINANCIAL_GAP,ABANDONED_WORK_SUSPICION
MPLADS-003011,5.64,8.52,0,4.5,88.3,92.8,0.0,0.0,0.0,0.0,NORMAL_EXECUTION_PROGRESS,NONE,NONE
MPLADS-003012,10.74,18.72,0,16.4,73.7,90.1,22.0,0.0,0.0071,0.0,NORMAL_EXECUTION_PROGRESS,NONE,NONE
MPLADS-003013,69.35,90.02,0,64.6,28.2,92.8,18.0,0.0,0.0213,75.0,SEVERE_PHYSICAL_FINANCIAL_GAP,INSPECTION_DOCUMENTATION_DEFICIT,NONE
MPLADS-003014,27.25,51.24,0,-10.0,96.5,86.5,23.0,0.0,0.0058,0.0,NORMAL_EXECUTION_PROGRESS,NONE,NONE
MPLADS-003015,24.25,45.74,0,23.7,74.1,97.8,2.0,0.0,0.0006,0.0,NORMAL_EXECUTION_PROGRESS,NONE,NONE
MPLADS-003016,81.78,96.98,1,2.6,86.3,88.9,33.0,0.0,0.0086,0.0,INSPECTION_DOCUMENTATION_DEFICIT,NONE,NONE
MPLADS-003017,34.01,62.62,0,5.6,87.9,93.5,2.0,0.0,0.0,0.0,NORMAL_EXECUTION_PROGRESS,NONE,NONE
MPLADS-003018,18.26,34.04,0,6.0,85.3,91.3,3.0,0.0,0.0001,0.0,NORMAL_EXECUTION_PROGRESS,NONE,NONE
MPLADS-003019,6.76,10.72,0,6.2,89.8,96.0,18.0,0.0,0.0051,0.0,NORMAL_EXECUTION_PROGRESS,NONE,NONE
MPLADS-003020,17.16,31.88,0,0.4,94.8,95.2,25.0,0.0,0.0046,0.0,NORMAL_EXECUTION_PROGRESS,NONE,NONE
MPLADS-003021,4.05,5.42,0,1.9,92.4,94.3,11.0,0.0,0.002,0.0,NORMAL_EXECUTION_PROGRESS,NONE,NONE
MPLADS-003022,24.02,45.3,0,19.9,71.3,91.2,11.0,0.0,0.002,0.0,NORMAL_EXECUTION_PROGRESS,NONE,NONE
MPLADS-003023,21.9,41.22,0,3.5,89.0,92.5,31.0,0.0,0.0134,0.0,NORMAL_EXECUTION_PROGRESS,NONE,NONE
MPLADS-003024,34.47,63.38,0,25.4,70.7,96.1,0.0,0.0,0.0,0.0,NORMAL_EXECUTION_PROGRESS,NONE,NONE
MPLADS-003025,4.93,7.14,0,14.5,77.9,92.4,0.0,0.0,0.0,0.0,NORMAL_EXECUTION_PROGRESS,NONE,NONE
MPLADS-003026,74.62,93.62,0,22.0,63.8,85.8,240.0,0.0,0.2711,25.0,EXTREME_DURATION_OVERRUN,STALLED_EXECUTION_TRAJECTORY,NONE
MPLADS-003027,12.78,22.88,0,12.3,83.7,96.0,2.0,0.0,0.0001,0.0,NORMAL_EXECUTION_PROGRESS,NONE,NONE
MPLADS-003028,9.24,15.64,0,12.5,76.9,89.4,12.0,0.0,0.0018,0.0,NORMAL_EXECUTION_PROGRESS,NONE,NONE
MPLADS-003029,2.76,3.24,0,12.2,82.9,95.1,22.0,0.0,0.0062,0.0,NORMAL_EXECUTION_PROGRESS,NONE,NONE
MPLADS-003030,30.64,57.04,0,5.7,84.0,89.7,1.0,0.0,0.0,0.0,NORMAL_EXECUTION_PROGRESS,NONE,NONE
MPLADS-003031,6.19,9.54,0,9.4,77.1,86.5,10.0,0.0,0.0025,0.0,NORMAL_EXECUTION_PROGRESS,NONE,NONE
MPLADS-003032,68.52,89.36,0,67.1,22.2,89.3,11.0,0.0,0.0182,75.0,SEVERE_PHYSICAL_FINANCIAL_GAP,INSPECTION_DOCUMENTATION_DEFICIT,NONE
MPLADS-003033,22.61,42.56,0,7.6,83.0,90.6,31.0,0.0,0.0152,0.0,NORMAL_EXECUTION_PROGRESS,NONE,NONE
MPLADS-003034,30.27,56.4,0,6.4,80.1,86.5,34.0,0.0,0.018,0.0,NORMAL_EXECUTION_PROGRESS,NONE,NONE
MPLADS-003035,41.29,73.88,0,7.8,81.9,89.7,25.0,0.0,0.0261,0.0,NORMAL_EXECUTION_PROGRESS,NONE,NONE
MPLADS-003036,11.24,19.76,0,8.5,78.8,87.3,0.0,0.0,0.0,0.0,NORMAL_EXECUTION_PROGRESS,NONE,NONE
MPLADS-003037,3.5,4.48,0,15.3,82.0,97.3,1.0,0.0,0.0002,0.0,NORMAL_EXECUTION_PROGRESS,NONE,NONE
MPLADS-003038,47.94,81.22,0,-13.0,98.9,85.9,4.0,0.0,0.0032,0.0,NORMAL_EXECUTION_PROGRESS,NONE,NONE
MPLADS-003039,3.66,4.78,0,11.4,83.4,94.8,1.0,0.0,0.0001,0.0,NORMAL_EXECUTION_PROGRESS,NONE,NONE
MPLADS-003040,62.79,86.92,0,70.6,75.9,146.5,0.0,0.0,0.0,75.0,SEVERE_PHYSICAL_FINANCIAL_GAP,NONE,NONE
MPLADS-003041,10.9,19.04,0,0.2,94.1,94.3,8.0,0.0,0.0011,0.0,NORMAL_EXECUTION_PROGRESS,NONE,NONE
MPLADS-003042,16.09,29.7,0,12.2,76.6,88.8,0.0,0.0,0.0,0.0,NORMAL_EXECUTION_PROGRESS,NONE,NONE
MPLADS-003043,25.32,47.74,0,-10.1,95.7,85.6,0.0,0.0,0.0,0.0,NORMAL_EXECUTION_PROGRESS,NONE,NONE
MPLADS-003044,9.48,16.1,0,3.0,87.7,90.7,25.0,0.0,0.0081,0.0,NORMAL_EXECUTION_PROGRESS,NONE,NONE
MPLADS-003045,20.31,38.1,0,20.2,72.3,92.5,17.0,0.0,0.0074,0.0,NORMAL_EXECUTION_PROGRESS,NONE,NONE
MPLADS-003046,2.15,2.14,0,14.2,77.3,91.5,0.0,0.0,0.0,0.0,NORMAL_EXECUTION_PROGRESS,NONE,NONE
MPLADS-003047,18.86,35.24,0,10.3,78.0,88.3,22.0,0.0,0.0112,0.0,NORMAL_EXECUTION_PROGRESS,NONE,NONE
MPLADS-003048,21.98,41.36,0,1.0,91.8,92.8,33.0,0.0,0.0074,0.0,NORMAL_EXECUTION_PROGRESS,NONE,NONE
MPLADS-003049,4.47,6.28,0,12.8,85.0,97.8,0.0,0.0,0.0,0.0,NORMAL_EXECUTION_PROGRESS,NONE,NONE
MPLADS-003050,81.24,96.66,1,50.7,45.1,95.8,300.0,0.0,0.498,100.0,SEVERE_PHYSICAL_FINANCIAL_GAP,EXTREME_DURATION_OVERRUN,STALLED_EXECUTION_TRAJECTORY
MPLADS-003051,33.83,62.32,0,-5.3,92.5,87.2,33.0,0.0,0.0135,0.0,NORMAL_EXECUTION_PROGRESS,NONE,NONE
MPLADS-003052,22.14,41.64,0,8.7,78.2,86.9,0.0,0.0,0.0,0.0,NORMAL_EXECUTION_PROGRESS,NONE,NONE
MPLADS-003053,24.6,46.42,0,15.2,75.9,91.1,31.0,0.0,0.0176,0.0,NORMAL_EXECUTION_PROGRESS,NONE,NONE
MPLADS-003054,42.41,75.3,0,7.1,78.2,85.3,0.0,0.0,0.0,0.0,NORMAL_EXECUTION_PROGRESS,NONE,NONE
MPLADS-003055,3.33,4.16,0,3.4,91.5,94.9,16.0,0.0,0.0033,0.0,NORMAL_EXECUTION_PROGRESS,NONE,NONE
MPLADS-003056,4.97,7.22,0,8.3,87.8,96.1,16.0,0.0,0.0063,0.0,NORMAL_EXECUTION_PROGRESS,NONE,NONE
MPLADS-003057,11.52,20.34,0,16.8,75.2,92.0,0.0,0.0,0.0,0.0,NORMAL_EXECUTION_PROGRESS,NONE,NONE
MPLADS-003058,21.96,41.32,0,14.0,79.0,93.0,26.0,0.0,0.0048,0.0,NORMAL_EXECUTION_PROGRESS,NONE,NONE
MPLADS-003059,20.75,38.98,0,0.8,96.2,97.0,8.0,0.0,0.0013,0.0,NORMAL_EXECUTION_PROGRESS,NONE,NONE
MPLADS-003060,98.7,99.94,1,100.0,0.0,100.0,29.0,1.0,0.0795,75.0,GHOST_WORK_EXECUTION_DIVERGENCE,SEVERE_PHYSICAL_FINANCIAL_GAP,ABANDONED_WORK_SUSPICION
MPLADS-003061,33.05,61.06,0,21.1,70.1,91.2,30.0,0.0,0.0044,0.0,NORMAL_EXECUTION_PROGRESS,NONE,NONE
MPLADS-003062,63.91,87.2,0,22.7,67.0,89.7,120.0,0.0,0.0511,0.0,ELEVATED_PROGRESS_VOLATILITY,NONE,NONE
MPLADS-003063,29.51,55.14,0,13.6,80.0,93.6,0.0,0.0,0.0,0.0,NORMAL_EXECUTION_PROGRESS,NONE,NONE
MPLADS-003064,2.54,2.84,0,14.7,80.8,95.5,0.0,0.0,0.0,0.0,NORMAL_EXECUTION_PROGRESS,NONE,NONE
MPLADS-003065,47.06,80.46,0,-11.0,99.6,88.6,17.0,0.0,0.0141,0.0,NORMAL_EXECUTION_PROGRESS,NONE,NONE
MPLADS-003066,39.94,71.94,0,-8.0,97.3,89.3,0.0,0.0,0.0,0.0,NORMAL_EXECUTION_PROGRESS,NONE,NONE
MPLADS-003067,30.94,57.56,0,4.7,90.2,94.9,6.0,0.0,0.0001,0.0,NORMAL_EXECUTION_PROGRESS,NONE,NONE
MPLADS-003068,3.29,4.08,0,0.2,89.8,90.0,1.0,0.0,0.0002,0.0,NORMAL_EXECUTION_PROGRESS,NONE,NONE
MPLADS-003069,13.12,23.56,0,-4.4,97.2,92.8,17.0,0.0,0.003,0.0,NORMAL_EXECUTION_PROGRESS,NONE,NONE
MPLADS-003070,2.85,3.36,0,11.4,77.4,88.8,0.0,0.0,0.0,0.0,NORMAL_EXECUTION_PROGRESS,NONE,NONE
MPLADS-003071,13.31,23.96,0,13.8,74.4,88.2,9.0,0.0,0.0006,0.0,NORMAL_EXECUTION_PROGRESS,NONE,NONE
MPLADS-003072,75.34,93.9,0,68.9,16.2,85.1,26.0,0.0,0.0278,75.0,SEVERE_PHYSICAL_FINANCIAL_GAP,ABANDONED_WORK_SUSPICION,INSPECTION_DOCUMENTATION_DEFICIT
MPLADS-003073,29.21,54.66,0,6.6,86.8,93.4,7.0,0.0,0.0001,0.0,NORMAL_EXECUTION_PROGRESS,NONE,NONE
MPLADS-003074,69.62,90.28,0,62.0,26.3,88.3,5.0,0.0,0.0074,75.0,SEVERE_PHYSICAL_FINANCIAL_GAP,INSPECTION_DOCUMENTATION_DEFICIT,NONE
MPLADS-003075,22.82,42.96,0,7.9,77.5,85.4,27.0,0.0,0.0083,0.0,NORMAL_EXECUTION_PROGRESS,NONE,NONE
MPLADS-003076,19.43,36.38,0,15.9,75.6,91.5,0.0,0.0,0.0,0.0,NORMAL_EXECUTION_PROGRESS,NONE,NONE
MPLADS-003077,42.81,75.84,0,9.6,81.9,91.5,34.0,0.0,0.0012,0.0,NORMAL_EXECUTION_PROGRESS,NONE,NONE
MPLADS-003078,5.13,7.54,0,15.7,79.3,95.0,0.0,0.0,0.0,0.0,NORMAL_EXECUTION_PROGRESS,NONE,NONE
MPLADS-003079,9.14,15.42,0,16.3,77.4,93.7,0.0,0.0,0.0,0.0,NORMAL_EXECUTION_PROGRESS,NONE,NONE
MPLADS-003080,15.08,27.6,0,18.1,77.1,95.2,12.0,0.0,0.0008,0.0,NORMAL_EXECUTION_PROGRESS,NONE,NONE
MPLADS-003081,36.43,66.62,0,10.9,79.5,90.4,12.0,0.0,0.0002,0.0,NORMAL_EXECUTION_PROGRESS,NONE,NONE
MPLADS-003082,16.76,31.06,0,2.7,87.9,90.6,23.0,0.0,0.0013,0.0,NORMAL_EXECUTION_PROGRESS,NONE,NONE
MPLADS-003083,8.17,13.46,0,-1.4,96.0,94.6,9.0,0.0,0.0014,0.0,NORMAL_EXECUTION_PROGRESS,NONE,NONE
MPLADS-003084,13.52,24.4,0,4.7,92.8,97.5,3.0,0.0,0.0007,0.0,NORMAL_EXECUTION_PROGRESS,NONE,NONE
MPLADS-003085,23.0,43.28,0,11.1,84.7,95.8,2.0,0.0,0.0001,0.0,NORMAL_EXECUTION_PROGRESS,NONE,NONE
MPLADS-003086,37.42,68.16,0,4.3,81.1,85.4,0.0,0.0,0.0,0.0,NORMAL_EXECUTION_PROGRESS,NONE,NONE
MPLADS-003087,45.94,79.4,0,-10.8,97.0,86.2,22.0,0.0,0.0191,0.0,NORMAL_EXECUTION_PROGRESS,NONE,NONE
MPLADS-003088,51.18,83.2,0,-0.4,93.0,92.6,0.0,0.0,0.0,0.0,NORMAL_EXECUTION_PROGRESS,NONE,NONE
MPLADS-003089,12.45,22.18,0,-4.9,92.0,87.1,0.0,0.0,0.0,0.0,NORMAL_EXECUTION_PROGRESS,NONE,NONE
MPLADS-003090,8.22,13.56,0,18.3,74.0,92.3,0.0,0.0,0.0,0.0,NORMAL_EXECUTION_PROGRESS,NONE,NONE
MPLADS-003091,15.48,28.44,0,4.9,88.2,93.1,33.0,0.0,0.0114,0.0,NORMAL_EXECUTION_PROGRESS,NONE,NONE
MPLADS-003092,34.95,64.14,0,8.8,87.3,96.1,0.0,0.0,0.0,0.0,NORMAL_EXECUTION_PROGRESS,NONE,NONE
MPLADS-003093,8.63,14.38,0,-2.1,89.9,87.8,15.0,0.0,0.0015,0.0,NORMAL_EXECUTION_PROGRESS,NONE,NONE
MPLADS-003094,19.36,36.26,0,-0.1,95.6,95.5,28.0,0.0,0.0077,0.0,NORMAL_EXECUTION_PROGRESS,NONE,NONE
MPLADS-003095,26.62,50.14,0,23.8,70.9,94.7,0.0,0.0,0.0,0.0,NORMAL_EXECUTION_PROGRESS,NONE,NONE
MPLADS-003096,8.68,14.48,0,15.3,76.0,91.3,0.0,0.0,0.0,0.0,NORMAL_EXECUTION_PROGRESS,NONE,NONE
MPLADS-003097,74.35,93.44,0,27.9,60.4,88.3,180.0,0.0,0.1401,0.0,ELEVATED_PROGRESS_VOLATILITY,NONE,NONE
MPLADS-003098,15.69,28.88,0,8.4,86.7,95.1,0.0,0.0,0.0,0.0,NORMAL_EXECUTION_PROGRESS,NONE,NONE
MPLADS-003099,8.15,13.4,0,10.1,84.4,94.5,21.0,0.0,0.0056,0.0,NORMAL_EXECUTION_PROGRESS,NONE,NONE
MPLADS-003100,15.58,28.66,0,1.9,90.1,92.0,25.0,0.0,0.0101,0.0,NORMAL_EXECUTION_PROGRESS,NONE,NONE
MPLADS-003101,17.36,32.24,0,-4.4,90.0,85.6,0.0,0.0,0.0,0.0,NORMAL_EXECUTION_PROGRESS,NONE,NONE
MPLADS-003102,87.3,98.78,1,46.4,47.3,93.7,480.0,0.0,0.9088,75.0,EXTREME_DURATION_OVERRUN,SEVERE_PHYSICAL_FINANCIAL_GAP,STALLED_EXECUTION_TRAJECTORY
MPLADS-003103,27.09,50.96,0,20.2,70.2,90.4,23.0,0.0,0.0083,0.0,NORMAL_EXECUTION_PROGRESS,NONE,NONE
MPLADS-003104,12.75,22.82,0,-8.4,93.8,85.4,19.0,0.0,0.0032,0.0,NORMAL_EXECUTION_PROGRESS,NONE,NONE
MPLADS-003105,27.51,51.68,0,-8.4,95.3,86.9,0.0,0.0,0.0,0.0,NORMAL_EXECUTION_PROGRESS,NONE,NONE
MPLADS-003106,65.91,87.88,0,41.4,17.4,58.8,0.0,0.0,0.0,50.0,SEVERE_PHYSICAL_FINANCIAL_GAP,ABANDONED_WORK_SUSPICION,NONE
MPLADS-003107,68.19,89.12,0,60.9,80.9,141.8,0.0,0.0,0.0,75.0,SEVERE_PHYSICAL_FINANCIAL_GAP,NONE,NONE
MPLADS-003108,24.94,47.06,0,20.6,71.2,91.8,13.0,0.0,0.0045,0.0,NORMAL_EXECUTION_PROGRESS,NONE,NONE
MPLADS-003109,20.69,38.84,0,-4.2,90.9,86.7,6.0,0.0,0.0001,0.0,NORMAL_EXECUTION_PROGRESS,NONE,NONE
MPLADS-003110,0.84,0.46,0,3.9,89.6,93.5,4.0,0.0,0.0006,0.0,NORMAL_EXECUTION_PROGRESS,NONE,NONE
MPLADS-003111,36.23,66.34,0,12.7,73.4,86.1,0.0,0.0,0.0,0.0,NORMAL_EXECUTION_PROGRESS,NONE,NONE
MPLADS-003112,6.32,9.8,0,18.8,73.4,92.2,21.0,0.0,0.0076,0.0,NORMAL_EXECUTION_PROGRESS,NONE,NONE
MPLADS-003113,12.63,22.56,0,0.1,90.9,91.0,0.0,0.0,0.0,0.0,NORMAL_EXECUTION_PROGRESS,NONE,NONE
MPLADS-003114,6.82,10.84,0,-2.5,90.1,87.6,14.0,0.0,0.0029,0.0,NORMAL_EXECUTION_PROGRESS,NONE,NONE
MPLADS-003115,3.91,5.2,0,10.1,85.7,95.8,0.0,0.0,0.0,0.0,NORMAL_EXECUTION_PROGRESS,NONE,NONE
MPLADS-003116,37.0,67.54,0,14.3,80.9,95.2,23.0,0.0,0.0005,0.0,NORMAL_EXECUTION_PROGRESS,NONE,NONE
MPLADS-003117,43.73,76.98,0,-2.2,94.6,92.4,30.0,0.0,0.0006,0.0,NORMAL_EXECUTION_PROGRESS,NONE,NONE
MPLADS-003118,45.08,78.54,0,-2.6,88.3,85.7,28.0,0.0,0.0273,0.0,NORMAL_EXECUTION_PROGRESS,NONE,NONE
MPLADS-003119,39.84,71.76,0,13.3,82.6,95.9,0.0,0.0,0.0,0.0,NORMAL_EXECUTION_PROGRESS,NONE,NONE
MPLADS-003120,59.07,85.58,0,51.4,94.4,145.8,26.0,0.0,0.0056,75.0,NORMAL_EXECUTION_PROGRESS,NONE,NONE
MPLADS-003121,21.47,40.36,0,-1.3,98.5,97.2,21.0,0.0,0.0032,0.0,NORMAL_EXECUTION_PROGRESS,NONE,NONE
MPLADS-003122,60.21,85.98,0,25.4,22.5,47.9,10.0,0.0,0.0089,0.0,ELEVATED_PROGRESS_VOLATILITY,NONE,NONE
MPLADS-003123,4.77,6.82,0,16.0,81.6,97.6,17.0,0.0,0.0024,0.0,NORMAL_EXECUTION_PROGRESS,NONE,NONE
MPLADS-003124,43.84,77.14,0,18.1,70.1,88.2,0.0,0.0,0.0,0.0,NORMAL_EXECUTION_PROGRESS,NONE,NONE
MPLADS-003125,26.22,49.4,0,22.4,75.0,97.4,17.0,0.0,0.0089,0.0,NORMAL_EXECUTION_PROGRESS,NONE,NONE
MPLADS-003126,27.01,50.82,0,-12.1,98.0,85.9,9.0,0.0,0.0011,0.0,NORMAL_EXECUTION_PROGRESS,NONE,NONE
MPLADS-003127,78.95,95.26,1,33.0,63.0,96.0,320.0,0.0,0.4547,75.0,EXTREME_DURATION_OVERRUN,STALLED_EXECUTION_TRAJECTORY,SEVERE_PHYSICAL_FINANCIAL_GAP
MPLADS-003128,15.54,28.56,0,-0.3,95.9,95.6,11.0,0.0,0.0034,0.0,NORMAL_EXECUTION_PROGRESS,NONE,NONE
MPLADS-003129,67.86,88.9,0,15.0,71.4,86.4,120.0,0.0,0.0452,0.0,ELEVATED_PROGRESS_VOLATILITY,NONE,NONE
MPLADS-003130,31.44,58.4,0,13.1,82.3,95.4,0.0,0.0,0.0,0.0,NORMAL_EXECUTION_PROGRESS,NONE,NONE
MPLADS-003131,18.27,34.06,0,2.3,87.5,89.8,6.0,0.0,0.0002,0.0,NORMAL_EXECUTION_PROGRESS,NONE,NONE
MPLADS-003132,16.94,31.44,0,4.9,91.9,96.8,15.0,0.0,0.0005,0.0,NORMAL_EXECUTION_PROGRESS,NONE,NONE
MPLADS-003133,32.83,60.7,0,1.3,93.6,94.9,0.0,0.0,0.0,0.0,NORMAL_EXECUTION_PROGRESS,NONE,NONE
MPLADS-003134,10.78,18.8,0,10.9,78.7,89.6,2.0,0.0,0.0001,0.0,NORMAL_EXECUTION_PROGRESS,NONE,NONE
MPLADS-003135,65.79,87.82,0,33.5,12.2,45.7,10.0,0.0,0.0115,50.0,SEVERE_PHYSICAL_FINANCIAL_GAP,NONE,NONE
MPLADS-003136,63.71,87.14,0,62.1,94.2,156.3,8.0,0.0,0.0018,75.0,SEVERE_PHYSICAL_FINANCIAL_GAP,NONE,NONE
MPLADS-003137,23.12,43.52,0,8.9,76.3,85.2,31.0,0.0,0.0115,0.0,NORMAL_EXECUTION_PROGRESS,NONE,NONE
MPLADS-003138,15.18,27.8,0,14.7,77.6,92.3,25.0,0.0,0.0103,0.0,NORMAL_EXECUTION_PROGRESS,NONE,NONE
MPLADS-003139,2.91,3.44,0,10.4,82.7,93.1,0.0,0.0,0.0,0.0,NORMAL_EXECUTION_PROGRESS,NONE,NONE
MPLADS-003140,35.1,64.42,0,-0.7,88.9,88.2,0.0,0.0,0.0,0.0,NORMAL_EXECUTION_PROGRESS,NONE,NONE
MPLADS-003141,80.49,96.22,1,-4.0,89.7,85.7,24.0,0.0,0.0029,0.0,INSPECTION_DOCUMENTATION_DEFICIT,NONE,NONE
MPLADS-003142,28.4,53.28,0,-6.6,95.0,88.4,27.0,0.0,0.01,0.0,NORMAL_EXECUTION_PROGRESS,NONE,NONE
MPLADS-003143,33.04,61.04,0,18.2,70.6,88.8,31.0,0.0,0.0046,0.0,NORMAL_EXECUTION_PROGRESS,NONE,NONE
MPLADS-003144,71.14,91.46,0,68.0,18.4,86.4,0.0,0.0,0.0,75.0,SEVERE_PHYSICAL_FINANCIAL_GAP,ABANDONED_WORK_SUSPICION,INSPECTION_DOCUMENTATION_DEFICIT
MPLADS-003145,39.74,71.62,0,21.6,72.5,94.1,18.0,0.0,0.0005,0.0,NORMAL_EXECUTION_PROGRESS,NONE,NONE
MPLADS-003146,44.3,77.72,0,6.3,88.2,94.5,27.0,0.0,0.0263,0.0,NORMAL_EXECUTION_PROGRESS,NONE,NONE
MPLADS-003147,23.35,43.98,0,12.1,81.3,93.4,33.0,0.0,0.0134,0.0,NORMAL_EXECUTION_PROGRESS,NONE,NONE
MPLADS-003148,12.07,21.44,0,18.8,78.8,97.6,0.0,0.0,0.0,0.0,NORMAL_EXECUTION_PROGRESS,NONE,NONE
MPLADS-003149,29.72,55.5,0,24.1,71.5,95.6,16.0,0.0,0.0032,0.0,NORMAL_EXECUTION_PROGRESS,NONE,NONE
MPLADS-003150,9.05,15.24,0,15.1,81.7,96.8,19.0,0.0,0.0067,0.0,NORMAL_EXECUTION_PROGRESS,NONE,NONE
MPLADS-003151,27.22,51.2,0,-8.2,94.1,85.9,0.0,0.0,0.0,0.0,NORMAL_EXECUTION_PROGRESS,NONE,NONE
MPLADS-003152,1.79,1.56,0,12.8,83.7,96.5,0.0,0.0,0.0,0.0,NORMAL_EXECUTION_PROGRESS,NONE,NONE
MPLADS-003153,20.07,37.66,0,-2.0,87.9,85.9,34.0,0.0,0.0054,0.0,NORMAL_EXECUTION_PROGRESS,NONE,NONE
MPLADS-003154,19.01,35.56,0,19.6,70.5,90.1,17.0,0.0,0.0078,0.0,NORMAL_EXECUTION_PROGRESS,NONE,NONE
MPLADS-003155,45.4,78.84,0,7.1,82.1,89.2,33.0,0.0,0.035,0.0,NORMAL_EXECUTION_PROGRESS,NONE,NONE
MPLADS-003156,6.15,9.48,0,12.3,79.1,91.4,24.0,0.0,0.0068,0.0,NORMAL_EXECUTION_PROGRESS,NONE,NONE
MPLADS-003157,64.13,87.22,0,69.5,87.6,157.1,24.0,0.0,0.0053,75.0,SEVERE_PHYSICAL_FINANCIAL_GAP,NONE,NONE
MPLADS-003158,7.08,11.34,0,-3.0,90.2,87.2,12.0,0.0,0.002,0.0,NORMAL_EXECUTION_PROGRESS,NONE,NONE
MPLADS-003159,29.97,55.9,0,-5.0,98.0,93.0,18.0,0.0,0.0005,0.0,NORMAL_EXECUTION_PROGRESS,NONE,NONE
MPLADS-003160,4.03,5.4,0,9.1,78.0,87.1,15.0,0.0,0.0039,0.0,NORMAL_EXECUTION_PROGRESS,NONE,NONE
MPLADS-003161,37.67,68.52,0,11.5,79.1,90.6,0.0,0.0,0.0,0.0,NORMAL_EXECUTION_PROGRESS,NONE,NONE
MPLADS-003162,96.02,99.4,1,100.0,0.0,100.0,0.0,1.0,0.0,75.0,GHOST_WORK_EXECUTION_DIVERGENCE,SEVERE_PHYSICAL_FINANCIAL_GAP,ABANDONED_WORK_SUSPICION
MPLADS-003163,42.52,75.46,0,8.9,86.8,95.7,33.0,0.0,0.0009,0.0,NORMAL_EXECUTION_PROGRESS,NONE,NONE
MPLADS-003164,47.95,81.24,0,-1.7,99.0,97.3,2.0,0.0,0.0,0.0,NORMAL_EXECUTION_PROGRESS,NONE,NONE
MPLADS-003165,28.91,54.16,0,-6.4,98.1,91.7,27.0,0.0,0.0069,0.0,NORMAL_EXECUTION_PROGRESS,NONE,NONE
MPLADS-003166,2.84,3.34,0,10.7,79.1,89.8,17.0,0.0,0.0063,0.0,NORMAL_EXECUTION_PROGRESS,NONE,NONE
MPLADS-003167,38.65,70.04,0,8.7,77.0,85.7,0.0,0.0,0.0,0.0,NORMAL_EXECUTION_PROGRESS,NONE,NONE
MPLADS-003168,12.87,23.06,0,7.5,88.5,96.0,21.0,0.0,0.0085,0.0,NORMAL_EXECUTION_PROGRESS,NONE,NONE
MPLADS-003169,36.87,67.34,0,8.2,79.6,87.8,0.0,0.0,0.0,0.0,NORMAL_EXECUTION_PROGRESS,NONE,NONE
MPLADS-003170,26.02,49.04,0,-2.9,88.8,85.9,0.0,0.0,0.0,0.0,NORMAL_EXECUTION_PROGRESS,NONE,NONE
MPLADS-003171,23.98,45.22,0,9.3,82.7,92.0,33.0,0.0,0.0061,0.0,NORMAL_EXECUTION_PROGRESS,NONE,NONE
MPLADS-003172,33.29,61.42,0,-12.6,98.6,86.0,28.0,0.0,0.0056,0.0,NORMAL_EXECUTION_PROGRESS,NONE,NONE
MPLADS-003173,39.57,71.38,0,24.3,72.8,97.1,20.0,0.0,0.002,0.0,NORMAL_EXECUTION_PROGRESS,NONE,NONE
MPLADS-003174,32.99,60.94,0,17.1,73.8,90.9,15.0,0.0,0.0003,0.0,NORMAL_EXECUTION_PROGRESS,NONE,NONE
MPLADS-003175,19.65,36.8,0,2.0,89.2,91.2,1.0,0.0,0.0002,0.0,NORMAL_EXECUTION_PROGRESS,NONE,NONE
MPLADS-003176,29.16,54.56,0,-9.3,99.9,90.6,13.0,0.0,0.002,0.0,NORMAL_EXECUTION_PROGRESS,NONE,NONE
MPLADS-003177,7.73,12.6,0,12.7,75.3,88.0,5.0,0.0,0.0014,0.0,NORMAL_EXECUTION_PROGRESS,NONE,NONE
MPLADS-003178,22.73,42.82,0,0.8,84.9,85.7,14.0,0.0,0.0006,0.0,NORMAL_EXECUTION_PROGRESS,NONE,NONE
MPLADS-003179,0.96,0.6,0,14.3,77.8,92.1,4.0,0.0,0.001,0.0,NORMAL_EXECUTION_PROGRESS,NONE,NONE
MPLADS-003180,21.23,39.88,0,22.0,73.9,95.9,1.0,0.0,0.0003,0.0,NORMAL_EXECUTION_PROGRESS,NONE,NONE
MPLADS-003181,41.95,74.74,0,18.2,76.5,94.7,0.0,0.0,0.0,0.0,NORMAL_EXECUTION_PROGRESS,NONE,NONE
MPLADS-003182,3.41,4.3,0,-2.1,91.1,89.0,11.0,0.0,0.0009,0.0,NORMAL_EXECUTION_PROGRESS,NONE,NONE
MPLADS-003183,5.63,8.5,0,1.1,84.5,85.6,10.0,0.0,0.002,0.0,NORMAL_EXECUTION_PROGRESS,NONE,NONE
MPLADS-003184,9.1,15.34,0,6.9,81.6,88.5,0.0,0.0,0.0,0.0,NORMAL_EXECUTION_PROGRESS,NONE,NONE
MPLADS-003185,27.51,51.7,0,-3.1,92.7,89.6,0.0,0.0,0.0,0.0,NORMAL_EXECUTION_PROGRESS,NONE,NONE
MPLADS-003186,41.23,73.8,0,13.0,73.2,86.2,4.0,0.0,0.0044,0.0,NORMAL_EXECUTION_PROGRESS,NONE,NONE
MPLADS-003187,52.21,83.54,0,40.7,96.6,137.3,7.0,0.0,0.0004,50.0,NORMAL_EXECUTION_PROGRESS,NONE,NONE
MPLADS-003188,38.71,70.14,0,23.7,74.1,97.8,30.0,0.0,0.0117,0.0,NORMAL_EXECUTION_PROGRESS,NONE,NONE
MPLADS-003189,10.52,18.28,0,17.6,75.3,92.9,12.0,0.0,0.0046,0.0,NORMAL_EXECUTION_PROGRESS,NONE,NONE
MPLADS-003190,7.54,12.22,0,11.0,79.0,90.0,21.0,0.0,0.0065,0.0,NORMAL_EXECUTION_PROGRESS,NONE,NONE
MPLADS-003191,42.92,76.02,0,-5.9,92.6,86.7,0.0,0.0,0.0,0.0,NORMAL_EXECUTION_PROGRESS,NONE,NONE
MPLADS-003192,61.77,86.5,0,70.1,82.4,152.5,0.0,0.0,0.0,75.0,SEVERE_PHYSICAL_FINANCIAL_GAP,NONE,NONE
MPLADS-003193,34.83,64.0,0,-11.3,99.4,88.1,0.0,0.0,0.0,0.0,NORMAL_EXECUTION_PROGRESS,NONE,NONE
MPLADS-003194,20.1,37.72,0,9.9,86.9,96.8,29.0,0.0,0.0021,0.0,NORMAL_EXECUTION_PROGRESS,NONE,NONE
MPLADS-003195,2.97,3.52,0,5.0,83.3,88.3,8.0,0.0,0.0016,0.0,NORMAL_EXECUTION_PROGRESS,NONE,NONE
MPLADS-003196,24.62,46.46,0,-8.3,98.3,90.0,0.0,0.0,0.0,0.0,NORMAL_EXECUTION_PROGRESS,NONE,NONE
MPLADS-003197,96.0,99.37,1,100.0,0.0,100.0,0.0,1.0,0.0,75.0,GHOST_WORK_EXECUTION_DIVERGENCE,SEVERE_PHYSICAL_FINANCIAL_GAP,ABANDONED_WORK_SUSPICION
MPLADS-003198,37.55,68.36,0,-11.0,98.1,87.1,25.0,0.0,0.001,0.0,NORMAL_EXECUTION_PROGRESS,NONE,NONE
MPLADS-003199,9.4,15.96,0,14.9,78.6,93.5,0.0,0.0,0.0,0.0,NORMAL_EXECUTION_PROGRESS,NONE,NONE
MPLADS-003200,18.63,34.8,0,6.6,82.0,88.6,20.0,0.0,0.0013,0.0,NORMAL_EXECUTION_PROGRESS,NONE,NONE
MPLADS-003201,84.09,97.72,1,12.9,72.8,85.7,23.0,0.0,0.0132,0.0,INSPECTION_DOCUMENTATION_DEFICIT,NONE,NONE
MPLADS-003202,5.76,8.74,0,18.7,78.1,96.8,19.0,0.0,0.0059,0.0,NORMAL_EXECUTION_PROGRESS,NONE,NONE
MPLADS-003203,47.71,81.02,0,16.4,72.2,88.6,0.0,0.0,0.0,0.0,NORMAL_EXECUTION_PROGRESS,NONE,NONE
MPLADS-003204,37.41,68.14,0,12.3,74.1,86.4,33.0,0.0,0.0017,0.0,NORMAL_EXECUTION_PROGRESS,NONE,NONE
MPLADS-003205,31.31,58.18,0,7.8,81.3,89.1,19.0,0.0,0.0004,0.0,NORMAL_EXECUTION_PROGRESS,NONE,NONE
MPLADS-003206,9.78,16.74,0,5.3,88.3,93.6,27.0,0.0,0.0037,0.0,NORMAL_EXECUTION_PROGRESS,NONE,NONE
MPLADS-003207,12.9,23.14,0,11.7,74.3,86.0,0.0,0.0,0.0,0.0,NORMAL_EXECUTION_PROGRESS,NONE,NONE
MPLADS-003208,30.2,56.28,0,-4.1,96.8,92.7,0.0,0.0,0.0,0.0,NORMAL_EXECUTION_PROGRESS,NONE,NONE
MPLADS-003209,19.94,37.4,0,0.3,85.5,85.8,0.0,0.0,0.0,0.0,NORMAL_EXECUTION_PROGRESS,NONE,NONE
MPLADS-003210,81.0,96.54,1,1.9,87.2,89.1,0.0,0.0,0.0,0.0,INSPECTION_DOCUMENTATION_DEFICIT,NONE,NONE
MPLADS-003211,35.33,64.76,0,8.4,76.6,85.0,22.0,0.0,0.0006,0.0,NORMAL_EXECUTION_PROGRESS,NONE,NONE
MPLADS-003212,24.48,46.2,0,-3.8,98.2,94.4,33.0,0.0,0.0062,0.0,NORMAL_EXECUTION_PROGRESS,NONE,NONE
MPLADS-003213,5.74,8.7,0,-5.2,92.9,87.7,16.0,0.0,0.0041,0.0,NORMAL_EXECUTION_PROGRESS,NONE,NONE
MPLADS-003214,85.09,98.14,1,24.9,66.7,91.6,630.0,0.0,1.1605,25.0,EXTREME_DURATION_OVERRUN,STALLED_EXECUTION_TRAJECTORY,NONE
MPLADS-003215,5.84,8.9,0,10.0,82.7,92.7,0.0,0.0,0.0,0.0,NORMAL_EXECUTION_PROGRESS,NONE,NONE
MPLADS-003216,43.77,77.04,0,-5.7,99.5,93.8,8.0,0.0,0.0065,0.0,NORMAL_EXECUTION_PROGRESS,NONE,NONE
MPLADS-003217,1.6,1.26,0,13.6,76.6,90.2,12.0,0.0,0.0018,0.0,NORMAL_EXECUTION_PROGRESS,NONE,NONE
MPLADS-003218,40.93,73.36,0,10.1,80.5,90.6,0.0,0.0,0.0,0.0,NORMAL_EXECUTION_PROGRESS,NONE,NONE
MPLADS-003219,19.12,35.76,0,7.8,79.1,86.9,5.0,0.0,0.0022,0.0,NORMAL_EXECUTION_PROGRESS,NONE,NONE
MPLADS-003220,7.61,12.36,0,3.8,89.6,93.4,0.0,0.0,0.0,0.0,NORMAL_EXECUTION_PROGRESS,NONE,NONE
MPLADS-003221,11.41,20.12,0,10.2,80.5,90.7,19.0,0.0,0.0069,0.0,NORMAL_EXECUTION_PROGRESS,NONE,NONE
MPLADS-003222,2.7,3.12,0,16.6,79.9,96.5,14.0,0.0,0.0034,0.0,NORMAL_EXECUTION_PROGRESS,NONE,NONE
MPLADS-003223,41.36,73.98,0,9.5,84.3,93.8,0.0,0.0,0.0,0.0,NORMAL_EXECUTION_PROGRESS,NONE,NONE
MPLADS-003224,22.43,42.2,0,14.5,72.7,87.2,0.0,0.0,0.0,0.0,NORMAL_EXECUTION_PROGRESS,NONE,NONE
MPLADS-003225,12.3,21.9,0,12.5,79.0,91.5,0.0,0.0,0.0,0.0,NORMAL_EXECUTION_PROGRESS,NONE,NONE
MPLADS-003226,31.73,58.9,0,0.7,85.3,86.0,16.0,0.0,0.0003,0.0,NORMAL_EXECUTION_PROGRESS,NONE,NONE
MPLADS-003227,44.14,77.48,0,6.5,85.3,91.8,30.0,0.0,0.0305,0.0,NORMAL_EXECUTION_PROGRESS,NONE,NONE
MPLADS-003228,24.12,45.48,0,16.7,72.7,89.4,0.0,0.0,0.0,0.0,NORMAL_EXECUTION_PROGRESS,NONE,NONE
MPLADS-003229,13.76,24.9,0,14.5,78.7,93.2,30.0,0.0,0.0104,0.0,NORMAL_EXECUTION_PROGRESS,NONE,NONE
MPLADS-003230,47.34,80.8,0,25.7,71.0,96.7,0.0,0.0,0.0,0.0,NORMAL_EXECUTION_PROGRESS,NONE,NONE
MPLADS-003231,57.72,85.14,0,41.3,89.0,130.3,21.0,0.0,0.02,50.0,NORMAL_EXECUTION_PROGRESS,NONE,NONE
MPLADS-003232,13.05,23.42,0,14.4,75.3,89.7,2.0,0.0,0.0005,0.0,NORMAL_EXECUTION_PROGRESS,NONE,NONE
MPLADS-003233,36.8,67.24,0,0.9,86.6,87.5,0.0,0.0,0.0,0.0,NORMAL_EXECUTION_PROGRESS,NONE,NONE
MPLADS-003234,29.55,55.22,0,-10.2,95.4,85.2,24.0,0.0,0.0024,0.0,NORMAL_EXECUTION_PROGRESS,NONE,NONE
MPLADS-003235,12.83,23.0,0,13.3,76.4,89.7,25.0,0.0,0.0135,0.0,NORMAL_EXECUTION_PROGRESS,NONE,NONE
MPLADS-003236,40.4,72.54,0,12.8,72.9,85.7,0.0,0.0,0.0,0.0,NORMAL_EXECUTION_PROGRESS,NONE,NONE
MPLADS-003237,33.18,61.24,0,7.7,89.0,96.7,0.0,0.0,0.0,0.0,NORMAL_EXECUTION_PROGRESS,NONE,NONE
MPLADS-003238,35.74,65.48,0,17.1,77.4,94.5,0.0,0.0,0.0,0.0,NORMAL_EXECUTION_PROGRESS,NONE,NONE
MPLADS-003239,38.18,69.38,0,12.2,76.7,88.9,32.0,0.0,0.0014,0.0,NORMAL_EXECUTION_PROGRESS,NONE,NONE
MPLADS-003240,7.81,12.74,0,-0.7,88.1,87.4,2.0,0.0,0.0004,0.0,NORMAL_EXECUTION_PROGRESS,NONE,NONE
MPLADS-003241,2.26,2.34,0,6.2,86.4,92.6,21.0,0.0,0.0053,0.0,NORMAL_EXECUTION_PROGRESS,NONE,NONE
MPLADS-003242,53.42,84.04,0,35.7,96.7,132.4,12.0,0.0,0.0003,50.0,NORMAL_EXECUTION_PROGRESS,NONE,NONE
MPLADS-003243,13.62,24.58,0,0.3,92.0,92.3,12.0,0.0,0.0023,0.0,NORMAL_EXECUTION_PROGRESS,NONE,NONE
MPLADS-003244,18.69,34.9,0,-1.1,95.9,94.8,0.0,0.0,0.0,0.0,NORMAL_EXECUTION_PROGRESS,NONE,NONE
MPLADS-003245,39.9,71.88,0,18.5,70.5,89.0,0.0,0.0,0.0,0.0,NORMAL_EXECUTION_PROGRESS,NONE,NONE
MPLADS-003246,41.67,74.36,0,2.2,95.3,97.5,25.0,0.0,0.0005,0.0,NORMAL_EXECUTION_PROGRESS,NONE,NONE
MPLADS-003247,15.7,28.9,0,7.5,88.9,96.4,12.0,0.0,0.0032,0.0,NORMAL_EXECUTION_PROGRESS,NONE,NONE
MPLADS-003248,17.71,32.94,0,5.5,87.1,92.6,18.0,0.0,0.0009,0.0,NORMAL_EXECUTION_PROGRESS,NONE,NONE
MPLADS-003249,52.45,83.64,0,18.8,76.0,94.8,0.0,0.0,0.0,0.0,NORMAL_EXECUTION_PROGRESS,NONE,NONE
MPLADS-003250,86.47,98.6,1,19.8,74.8,94.6,26.0,0.0,0.0009,0.0,INSPECTION_DOCUMENTATION_DEFICIT,NONE,NONE
MPLADS-003251,37.86,68.8,0,-12.3,100.0,87.7,0.0,0.0,0.0,0.0,NORMAL_EXECUTION_PROGRESS,NONE,NONE
MPLADS-003252,32.58,60.3,0,9.8,87.5,97.3,0.0,0.0,0.0,0.0,NORMAL_EXECUTION_PROGRESS,NONE,NONE
MPLADS-003253,15.25,27.96,0,14.8,82.4,97.2,0.0,0.0,0.0,0.0,NORMAL_EXECUTION_PROGRESS,NONE,NONE
MPLADS-003254,25.11,47.36,0,-8.3,96.1,87.8,33.0,0.0,0.0075,0.0,NORMAL_EXECUTION_PROGRESS,NONE,NONE
MPLADS-003255,2.93,3.46,0,5.5,80.0,85.5,0.0,0.0,0.0,0.0,NORMAL_EXECUTION_PROGRESS,NONE,NONE
MPLADS-003256,80.44,96.2,1,-8.3,94.9,86.6,5.0,0.0,0.0011,0.0,INSPECTION_DOCUMENTATION_DEFICIT,NONE,NONE
MPLADS-003257,24.82,46.84,0,0.2,87.8,88.0,23.0,0.0,0.0096,0.0,NORMAL_EXECUTION_PROGRESS,NONE,NONE
MPLADS-003258,5.27,7.78,0,13.4,76.3,89.7,11.0,0.0,0.0041,0.0,NORMAL_EXECUTION_PROGRESS,NONE,NONE
MPLADS-003259,0.34,0.08,0,13.6,78.2,91.8,6.0,0.0,0.0013,0.0,NORMAL_EXECUTION_PROGRESS,NONE,NONE
MPLADS-003260,79.9,95.82,1,77.8,18.7,96.5,29.0,0.0,0.0424,75.0,SEVERE_PHYSICAL_FINANCIAL_GAP,ABANDONED_WORK_SUSPICION,INSPECTION_DOCUMENTATION_DEFICIT
MPLADS-003261,65.4,87.56,0,58.1,93.3,151.4,5.0,0.0,0.0001,75.0,SEVERE_PHYSICAL_FINANCIAL_GAP,NONE,NONE
MPLADS-003262,50.2,82.66,0,18.6,75.6,94.2,0.0,0.0,0.0,0.0,NORMAL_EXECUTION_PROGRESS,NONE,NONE
MPLADS-003263,6.05,9.3,0,4.8,90.2,95.0,15.0,0.0,0.0015,0.0,NORMAL_EXECUTION_PROGRESS,NONE,NONE
MPLADS-003264,49.02,82.02,0,-13.4,99.4,86.0,22.0,0.0,0.0186,0.0,NORMAL_EXECUTION_PROGRESS,NONE,NONE
MPLADS-003265,31.37,58.28,0,26.1,70.3,96.4,18.0,0.0,0.0068,0.0,NORMAL_EXECUTION_PROGRESS,NONE,NONE
MPLADS-003266,23.57,44.44,0,-10.8,96.7,85.9,19.0,0.0,0.0035,0.0,NORMAL_EXECUTION_PROGRESS,NONE,NONE
MPLADS-003267,7.12,11.42,0,10.8,86.1,96.9,15.0,0.0,0.0045,0.0,NORMAL_EXECUTION_PROGRESS,NONE,NONE
MPLADS-003268,69.83,90.5,0,72.9,23.2,96.1,13.0,0.0,0.0149,75.0,SEVERE_PHYSICAL_FINANCIAL_GAP,INSPECTION_DOCUMENTATION_DEFICIT,NONE
MPLADS-003269,40.68,72.98,0,-9.7,100.0,90.3,30.0,0.0,0.0102,0.0,NORMAL_EXECUTION_PROGRESS,NONE,NONE
MPLADS-003270,17.27,32.08,0,13.8,73.5,87.3,19.0,0.0,0.0037,0.0,NORMAL_EXECUTION_PROGRESS,NONE,NONE
MPLADS-003271,16.39,30.32,0,9.2,75.9,85.1,8.0,0.0,0.0038,0.0,NORMAL_EXECUTION_PROGRESS,NONE,NONE
MPLADS-003272,9.99,17.18,0,-3.8,95.9,92.1,23.0,0.0,0.0046,0.0,NORMAL_EXECUTION_PROGRESS,NONE,NONE
MPLADS-003273,40.65,72.92,0,1.2,95.9,97.1,0.0,0.0,0.0,0.0,NORMAL_EXECUTION_PROGRESS,NONE,NONE
MPLADS-003274,23.6,44.5,0,-5.4,98.9,93.5,0.0,0.0,0.0,0.0,NORMAL_EXECUTION_PROGRESS,NONE,NONE
MPLADS-003275,70.25,90.88,0,63.6,31.3,94.9,0.0,0.0,0.0,75.0,SEVERE_PHYSICAL_FINANCIAL_GAP,INSPECTION_DOCUMENTATION_DEFICIT,NONE
MPLADS-003276,33.62,61.98,0,3.6,81.7,85.3,5.0,0.0,0.005,0.0,NORMAL_EXECUTION_PROGRESS,NONE,NONE
MPLADS-003277,54.87,84.54,0,54.2,82.4,136.6,9.0,0.0,0.0004,75.0,NORMAL_EXECUTION_PROGRESS,NONE,NONE
MPLADS-003278,33.15,61.2,0,-7.4,95.3,87.9,0.0,0.0,0.0,0.0,NORMAL_EXECUTION_PROGRESS,NONE,NONE
MPLADS-003279,96.56,99.54,1,100.0,0.0,100.0,0.0,1.0,0.0,75.0,GHOST_WORK_EXECUTION_DIVERGENCE,SEVERE_PHYSICAL_FINANCIAL_GAP,ABANDONED_WORK_SUSPICION
MPLADS-003280,41.41,74.04,0,-5.6,90.8,85.2,17.0,0.0,0.0157,0.0,NORMAL_EXECUTION_PROGRESS,NONE,NONE
MPLADS-003281,33.8,62.26,0,-5.7,97.3,91.6,1.0,0.0,0.0,0.0,NORMAL_EXECUTION_PROGRESS,NONE,NONE
MPLADS-003282,23.73,44.76,0,-4.9,98.4,93.5,0.0,0.0,0.0,0.0,NORMAL_EXECUTION_PROGRESS,NONE,NONE
MPLADS-003283,23.95,45.18,0,19.7,73.7,93.4,26.0,0.0,0.0098,0.0,NORMAL_EXECUTION_PROGRESS,NONE,NONE
MPLADS-003284,71.05,91.4,0,50.4,11.6,62.0,11.0,0.0,0.0232,75.0,SEVERE_PHYSICAL_FINANCIAL_GAP,ABANDONED_WORK_SUSPICION,NONE
MPLADS-003285,12.17,21.66,0,5.8,91.4,97.2,27.0,0.0,0.0056,0.0,NORMAL_EXECUTION_PROGRESS,NONE,NONE
MPLADS-003286,42.1,74.98,0,-10.8,96.1,85.3,11.0,0.0,0.0094,0.0,NORMAL_EXECUTION_PROGRESS,NONE,NONE
MPLADS-003287,14.14,25.66,0,9.3,85.6,94.9,0.0,0.0,0.0,0.0,NORMAL_EXECUTION_PROGRESS,NONE,NONE
MPLADS-003288,70.3,90.9,0,58.4,30.9,89.3,11.0,0.0,0.015,75.0,SEVERE_PHYSICAL_FINANCIAL_GAP,INSPECTION_DOCUMENTATION_DEFICIT,NONE
MPLADS-003289,32.47,60.12,0,14.1,82.2,96.3,3.0,0.0,0.003,0.0,NORMAL_EXECUTION_PROGRESS,NONE,NONE
MPLADS-003290,4.78,6.84,0,14.0,82.1,96.1,4.0,0.0,0.0016,0.0,NORMAL_EXECUTION_PROGRESS,NONE,NONE
MPLADS-003291,36.6,66.92,0,13.4,79.9,93.3,26.0,0.0,0.0007,0.0,NORMAL_EXECUTION_PROGRESS,NONE,NONE
MPLADS-003292,20.04,37.58,0,10.5,77.8,88.3,30.0,0.0,0.0061,0.0,NORMAL_EXECUTION_PROGRESS,NONE,NONE
MPLADS-003293,71.37,91.72,0,71.4,86.8,158.2,22.0,0.0,0.0004,75.0,SEVERE_PHYSICAL_FINANCIAL_GAP,NONE,NONE
MPLADS-003294,3.78,4.98,0,19.4,75.3,94.7,12.0,0.0,0.0037,0.0,NORMAL_EXECUTION_PROGRESS,NONE,NONE
MPLADS-003295,21.44,40.28,0,-3.7,89.8,86.1,11.0,0.0,0.001,0.0,NORMAL_EXECUTION_PROGRESS,NONE,NONE
MPLADS-003296,13.23,23.8,0,10.7,75.6,86.3,0.0,0.0,0.0,0.0,NORMAL_EXECUTION_PROGRESS,NONE,NONE
MPLADS-003297,39.77,71.66,0,14.5,79.2,93.7,0.0,0.0,0.0,0.0,NORMAL_EXECUTION_PROGRESS,NONE,NONE
MPLADS-003298,38.82,70.3,0,15.0,72.9,87.9,10.0,0.0,0.0002,0.0,NORMAL_EXECUTION_PROGRESS,NONE,NONE
MPLADS-003299,59.54,85.74,0,58.5,83.1,141.6,32.0,0.0,0.0057,75.0,NORMAL_EXECUTION_PROGRESS,NONE,NONE
MPLADS-003300,6.36,9.9,0,-4.9,91.2,86.3,5.0,0.0,0.0016,0.0,NORMAL_EXECUTION_PROGRESS,NONE,NONE
MPLADS-003301,16.85,31.24,0,1.3,91.7,93.0,29.0,0.0,0.0061,0.0,NORMAL_EXECUTION_PROGRESS,NONE,NONE
MPLADS-003302,11.13,19.52,0,-0.5,95.5,95.0,14.0,0.0,0.0025,0.0,NORMAL_EXECUTION_PROGRESS,NONE,NONE
MPLADS-003303,46.87,80.3,0,17.6,74.7,92.3,34.0,0.0,0.0394,0.0,NORMAL_EXECUTION_PROGRESS,NONE,NONE
MPLADS-003304,26.06,49.12,0,-6.1,95.7,89.6,30.0,0.0,0.0112,0.0,NORMAL_EXECUTION_PROGRESS,NONE,NONE
MPLADS-003305,89.43,99.0,1,46.0,51.9,97.9,800.0,0.0,1.766,75.0,EXTREME_DURATION_OVERRUN,SEVERE_PHYSICAL_FINANCIAL_GAP,STALLED_EXECUTION_TRAJECTORY
MPLADS-003306,26.54,50.0,0,20.8,73.6,94.4,16.0,0.0,0.0067,0.0,NORMAL_EXECUTION_PROGRESS,NONE,NONE
MPLADS-003307,26.71,50.3,0,-1.7,88.7,87.0,0.0,0.0,0.0,0.0,NORMAL_EXECUTION_PROGRESS,NONE,NONE
MPLADS-003308,83.75,97.58,1,17.0,69.7,86.7,800.0,0.0,1.6392,25.0,EXTREME_DURATION_OVERRUN,STALLED_EXECUTION_TRAJECTORY,NONE
MPLADS-003309,36.15,66.2,0,-1.3,95.6,94.3,11.0,0.0,0.0094,0.0,NORMAL_EXECUTION_PROGRESS,NONE,NONE
MPLADS-003310,95.71,99.3,1,100.0,0.0,100.0,2.0,1.0,0.0055,75.0,GHOST_WORK_EXECUTION_DIVERGENCE,SEVERE_PHYSICAL_FINANCIAL_GAP,ABANDONED_WORK_SUSPICION
MPLADS-003311,20.63,38.76,0,-8.5,97.7,89.2,19.0,0.0,0.0045,0.0,NORMAL_EXECUTION_PROGRESS,NONE,NONE
MPLADS-003312,91.83,99.02,1,47.3,41.4,88.7,1200.0,0.0,2.8883,75.0,EXTREME_DURATION_OVERRUN,SEVERE_PHYSICAL_FINANCIAL_GAP,STALLED_EXECUTION_TRAJECTORY
MPLADS-003313,17.1,31.74,0,-7.0,94.6,87.6,0.0,0.0,0.0,0.0,NORMAL_EXECUTION_PROGRESS,NONE,NONE
MPLADS-003314,11.64,20.58,0,10.3,76.2,86.5,28.0,0.0,0.0123,0.0,NORMAL_EXECUTION_PROGRESS,NONE,NONE
MPLADS-003315,73.9,93.14,0,59.2,30.4,89.6,6.0,0.0,0.0016,75.0,SEVERE_PHYSICAL_FINANCIAL_GAP,INSPECTION_DOCUMENTATION_DEFICIT,NONE
MPLADS-003316,58.81,85.5,0,60.5,86.5,147.0,19.0,0.0,0.0046,75.0,NORMAL_EXECUTION_PROGRESS,NONE,NONE
MPLADS-003317,72.0,92.12,0,69.8,18.6,88.4,0.0,0.0,0.0,75.0,SEVERE_PHYSICAL_FINANCIAL_GAP,ABANDONED_WORK_SUSPICION,INSPECTION_DOCUMENTATION_DEFICIT
MPLADS-003318,41.01,73.46,0,-6.0,95.0,89.0,5.0,0.0,0.0042,0.0,NORMAL_EXECUTION_PROGRESS,NONE,NONE
MPLADS-003319,6.37,9.92,0,-7.7,94.0,86.3,10.0,0.0,0.0015,0.0,NORMAL_EXECUTION_PROGRESS,NONE,NONE
MPLADS-003320,12.59,22.48,0,1.0,93.8,94.8,0.0,0.0,0.0,0.0,NORMAL_EXECUTION_PROGRESS,NONE,NONE
MPLADS-003321,7.17,11.5,0,2.8,90.4,93.2,0.0,0.0,0.0,0.0,NORMAL_EXECUTION_PROGRESS,NONE,NONE
MPLADS-003322,5.96,9.1,0,10.5,80.7,91.2,0.0,0.0,0.0,0.0,NORMAL_EXECUTION_PROGRESS,NONE,NONE
MPLADS-003323,38.59,69.96,0,20.4,71.3,91.7,0.0,0.0,0.0,0.0,NORMAL_EXECUTION_PROGRESS,NONE,NONE
MPLADS-003324,14.64,26.68,0,3.4,93.8,97.2,26.0,0.0,0.0029,0.0,NORMAL_EXECUTION_PROGRESS,NONE,NONE
MPLADS-003325,12.8,22.92,0,-8.5,97.4,88.9,6.0,0.0,0.0007,0.0,NORMAL_EXECUTION_PROGRESS,NONE,NONE
MPLADS-003326,52.49,83.66,0,45.8,84.6,130.4,14.0,0.0,0.0034,50.0,NORMAL_EXECUTION_PROGRESS,NONE,NONE
MPLADS-003327,83.98,97.68,1,-2.3,91.8,89.5,2.0,0.0,0.0017,0.0,INSPECTION_DOCUMENTATION_DEFICIT,NONE,NONE
MPLADS-003328,20.88,39.22,0,17.4,78.2,95.6,16.0,0.0,0.0078,0.0,NORMAL_EXECUTION_PROGRESS,NONE,NONE
MPLADS-003329,70.91,91.28,0,69.6,16.4,86.0,1.0,0.0,0.0011,75.0,SEVERE_PHYSICAL_FINANCIAL_GAP,ABANDONED_WORK_SUSPICION,INSPECTION_DOCUMENTATION_DEFICIT
MPLADS-003330,74.68,93.64,0,57.4,33.2,90.6,0.0,0.0,0.0,75.0,SEVERE_PHYSICAL_FINANCIAL_GAP,INSPECTION_DOCUMENTATION_DEFICIT,NONE
MPLADS-003331,50.5,82.92,0,-7.6,96.8,89.2,33.0,0.0,0.0006,0.0,NORMAL_EXECUTION_PROGRESS,NONE,NONE
MPLADS-003332,25.04,47.24,0,-1.8,97.3,95.5,0.0,0.0,0.0,0.0,NORMAL_EXECUTION_PROGRESS,NONE,NONE
MPLADS-003333,30.7,57.14,0,21.4,74.6,96.0,33.0,0.0,0.0157,0.0,NORMAL_EXECUTION_PROGRESS,NONE,NONE
MPLADS-003334,24.69,46.6,0,-2.6,100.0,97.4,7.0,0.0,0.0019,0.0,NORMAL_EXECUTION_PROGRESS,NONE,NONE
MPLADS-003335,1.04,0.64,0,8.2,83.1,91.3,0.0,0.0,0.0,0.0,NORMAL_EXECUTION_PROGRESS,NONE,NONE
MPLADS-003336,26.66,50.2,0,-1.6,89.3,87.7,29.0,0.0,0.004,0.0,NORMAL_EXECUTION_PROGRESS,NONE,NONE
MPLADS-003337,21.11,39.66,0,6.4,91.4,97.8,30.0,0.0,0.0074,0.0,NORMAL_EXECUTION_PROGRESS,NONE,NONE
MPLADS-003338,15.23,27.92,0,8.3,76.9,85.2,21.0,0.0,0.0038,0.0,NORMAL_EXECUTION_PROGRESS,NONE,NONE
MPLADS-003339,52.23,83.56,0,-12.2,99.1,86.9,27.0,0.0,0.0232,0.0,NORMAL_EXECUTION_PROGRESS,NONE,NONE
MPLADS-003340,14.24,25.86,0,-3.4,93.1,89.7,23.0,0.0,0.0085,0.0,NORMAL_EXECUTION_PROGRESS,NONE,NONE
MPLADS-003341,56.85,85.0,0,56.3,85.4,141.7,8.0,0.0,0.0008,75.0,NORMAL_EXECUTION_PROGRESS,NONE,NONE
MPLADS-003342,44.91,78.44,0,-1.0,98.0,97.0,2.0,0.0,0.0016,0.0,NORMAL_EXECUTION_PROGRESS,NONE,NONE
MPLADS-003343,13.57,24.48,0,15.7,74.7,90.4,25.0,0.0,0.0052,0.0,NORMAL_EXECUTION_PROGRESS,NONE,NONE
MPLADS-003344,29.53,55.18,0,16.9,73.3,90.2,19.0,0.0,0.0005,0.0,NORMAL_EXECUTION_PROGRESS,NONE,NONE
MPLADS-003345,60.62,86.06,0,68.7,80.4,149.1,8.0,0.0,0.0009,75.0,SEVERE_PHYSICAL_FINANCIAL_GAP,NONE,NONE
MPLADS-003346,37.92,68.9,0,-6.3,92.7,86.4,22.0,0.0,0.0004,0.0,NORMAL_EXECUTION_PROGRESS,NONE,NONE
MPLADS-003347,68.95,89.68,0,66.7,20.4,87.1,0.0,0.0,0.0,75.0,SEVERE_PHYSICAL_FINANCIAL_GAP,INSPECTION_DOCUMENTATION_DEFICIT,NONE
MPLADS-003348,75.79,94.14,0,66.5,28.3,94.8,29.0,0.0,0.0162,75.0,SEVERE_PHYSICAL_FINANCIAL_GAP,INSPECTION_DOCUMENTATION_DEFICIT,NONE
MPLADS-003349,8.99,15.12,0,0.0,92.4,92.4,6.0,0.0,0.0014,0.0,NORMAL_EXECUTION_PROGRESS,NONE,NONE
MPLADS-003350,5.39,8.02,0,6.7,88.4,95.1,8.0,0.0,0.0013,0.0,NORMAL_EXECUTION_PROGRESS,NONE,NONE
MPLADS-003351,88.15,98.9,1,44.7,41.7,86.4,540.0,0.0,1.1076,75.0,EXTREME_DURATION_OVERRUN,SEVERE_PHYSICAL_FINANCIAL_GAP,STALLED_EXECUTION_TRAJECTORY
MPLADS-003352,39.3,70.98,0,2.0,88.0,90.0,24.0,0.0,0.0233,0.0,NORMAL_EXECUTION_PROGRESS,NONE,NONE
MPLADS-003353,16.01,29.56,0,6.3,86.6,92.9,0.0,0.0,0.0,0.0,NORMAL_EXECUTION_PROGRESS,NONE,NONE
MPLADS-003354,2.82,3.3,0,10.8,77.9,88.7,0.0,0.0,0.0,0.0,NORMAL_EXECUTION_PROGRESS,NONE,NONE
MPLADS-003355,83.9,97.64,1,54.4,42.4,96.8,360.0,0.0,0.6343,100.0,EXTREME_DURATION_OVERRUN,SEVERE_PHYSICAL_FINANCIAL_GAP,STALLED_EXECUTION_TRAJECTORY
MPLADS-003356,32.16,59.64,0,-10.0,95.6,85.6,33.0,0.0,0.0076,0.0,NORMAL_EXECUTION_PROGRESS,NONE,NONE
MPLADS-003357,34.36,63.2,0,21.0,71.9,92.9,0.0,0.0,0.0,0.0,NORMAL_EXECUTION_PROGRESS,NONE,NONE
MPLADS-003358,19.28,36.08,0,1.1,93.1,94.2,0.0,0.0,0.0,0.0,NORMAL_EXECUTION_PROGRESS,NONE,NONE
MPLADS-003359,13.83,25.04,0,21.4,75.9,97.3,6.0,0.0,0.0014,0.0,NORMAL_EXECUTION_PROGRESS,NONE,NONE
MPLADS-003360,52.07,83.5,0,42.6,88.6,131.2,18.0,0.0,0.0041,50.0,NORMAL_EXECUTION_PROGRESS,NONE,NONE
MPLADS-003361,71.78,92.0,0,55.1,32.2,87.3,0.0,0.0,0.0,75.0,SEVERE_PHYSICAL_FINANCIAL_GAP,INSPECTION_DOCUMENTATION_DEFICIT,NONE
MPLADS-003362,13.89,25.14,0,7.3,80.1,87.4,0.0,0.0,0.0,0.0,NORMAL_EXECUTION_PROGRESS,NONE,NONE
MPLADS-003363,33.98,62.56,0,26.0,70.5,96.5,5.0,0.0,0.0027,0.0,NORMAL_EXECUTION_PROGRESS,NONE,NONE
MPLADS-003364,17.69,32.9,0,22.8,73.2,96.0,0.0,0.0,0.0,0.0,NORMAL_EXECUTION_PROGRESS,NONE,NONE
MPLADS-003365,8.21,13.54,0,-0.6,88.9,88.3,15.0,0.0,0.0042,0.0,NORMAL_EXECUTION_PROGRESS,NONE,NONE
MPLADS-003366,34.1,62.8,0,-1.7,89.5,87.8,24.0,0.0,0.0004,0.0,NORMAL_EXECUTION_PROGRESS,NONE,NONE
MPLADS-003367,26.81,50.44,0,22.1,70.3,92.4,0.0,0.0,0.0,0.0,NORMAL_EXECUTION_PROGRESS,NONE,NONE
MPLADS-003368,43.87,77.2,0,22.8,73.8,96.6,33.0,0.0,0.0017,0.0,NORMAL_EXECUTION_PROGRESS,NONE,NONE
MPLADS-003369,37.1,67.68,0,15.0,76.8,91.8,0.0,0.0,0.0,0.0,NORMAL_EXECUTION_PROGRESS,NONE,NONE
MPLADS-003370,33.2,61.28,0,-7.3,99.7,92.4,0.0,0.0,0.0,0.0,NORMAL_EXECUTION_PROGRESS,NONE,NONE
MPLADS-003371,19.57,36.64,0,6.0,91.4,97.4,0.0,0.0,0.0,0.0,NORMAL_EXECUTION_PROGRESS,NONE,NONE
MPLADS-003372,9.09,15.32,0,0.1,95.5,95.6,18.0,0.0,0.0044,0.0,NORMAL_EXECUTION_PROGRESS,NONE,NONE
MPLADS-003373,27.92,52.44,0,20.5,70.4,90.9,0.0,0.0,0.0,0.0,NORMAL_EXECUTION_PROGRESS,NONE,NONE
MPLADS-003374,7.87,12.86,0,16.0,73.6,89.6,0.0,0.0,0.0,0.0,NORMAL_EXECUTION_PROGRESS,NONE,NONE
MPLADS-003375,31.2,58.0,0,17.0,79.1,96.1,30.0,0.0,0.0158,0.0,NORMAL_EXECUTION_PROGRESS,NONE,NONE
MPLADS-003376,58.88,85.52,0,59.4,85.2,144.6,0.0,0.0,0.0,75.0,NORMAL_EXECUTION_PROGRESS,NONE,NONE
MPLADS-003377,24.14,45.52,0,22.6,73.0,95.6,11.0,0.0,0.0008,0.0,NORMAL_EXECUTION_PROGRESS,NONE,NONE
MPLADS-003378,13.02,23.38,0,18.6,75.2,93.8,27.0,0.0,0.0099,0.0,NORMAL_EXECUTION_PROGRESS,NONE,NONE
MPLADS-003379,80.37,96.12,1,20.9,70.2,91.1,480.0,0.0,0.7599,25.0,EXTREME_DURATION_OVERRUN,STALLED_EXECUTION_TRAJECTORY,NONE
MPLADS-003380,52.52,83.68,0,41.4,95.5,136.9,10.0,0.0,0.0007,50.0,NORMAL_EXECUTION_PROGRESS,NONE,NONE
MPLADS-003381,24.74,46.7,0,9.8,79.0,88.8,32.0,0.0,0.01,0.0,NORMAL_EXECUTION_PROGRESS,NONE,NONE
MPLADS-003382,17.42,32.36,0,-0.4,95.2,94.8,13.0,0.0,0.0004,0.0,NORMAL_EXECUTION_PROGRESS,NONE,NONE
MPLADS-003383,45.15,78.62,0,1.2,85.9,87.1,0.0,0.0,0.0,0.0,NORMAL_EXECUTION_PROGRESS,NONE,NONE
MPLADS-003384,36.98,67.5,0,2.5,86.8,89.3,14.0,0.0,0.0134,0.0,NORMAL_EXECUTION_PROGRESS,NONE,NONE
MPLADS-003385,23.77,44.82,0,6.2,85.2,91.4,24.0,0.0,0.0034,0.0,NORMAL_EXECUTION_PROGRESS,NONE,NONE
MPLADS-003386,3.16,3.82,0,5.1,80.8,85.9,8.0,0.0,0.0026,0.0,NORMAL_EXECUTION_PROGRESS,NONE,NONE
MPLADS-003387,17.6,32.72,0,17.6,73.9,91.5,32.0,0.0,0.0128,0.0,NORMAL_EXECUTION_PROGRESS,NONE,NONE
MPLADS-003388,25.07,47.3,0,15.9,74.0,89.9,14.0,0.0,0.0074,0.0,NORMAL_EXECUTION_PROGRESS,NONE,NONE
MPLADS-003389,5.99,9.18,0,14.3,77.0,91.3,0.0,0.0,0.0,0.0,NORMAL_EXECUTION_PROGRESS,NONE,NONE
MPLADS-003390,13.84,25.06,0,9.5,75.8,85.3,0.0,0.0,0.0,0.0,NORMAL_EXECUTION_PROGRESS,NONE,NONE
MPLADS-003391,28.79,53.96,0,14.4,82.8,97.2,27.0,0.0,0.0021,0.0,NORMAL_EXECUTION_PROGRESS,NONE,NONE
MPLADS-003392,69.27,89.96,0,53.9,33.7,87.6,10.0,0.0,0.0096,75.0,SEVERE_PHYSICAL_FINANCIAL_GAP,INSPECTION_DOCUMENTATION_DEFICIT,NONE
MPLADS-003393,9.23,15.62,0,12.2,76.4,88.6,0.0,0.0,0.0,0.0,NORMAL_EXECUTION_PROGRESS,NONE,NONE
MPLADS-003394,9.49,16.14,0,2.6,93.6,96.2,23.0,0.0,0.0042,0.0,NORMAL_EXECUTION_PROGRESS,NONE,NONE
MPLADS-003395,33.87,62.36,0,19.1,71.9,91.0,7.0,0.0,0.0001,0.0,NORMAL_EXECUTION_PROGRESS,NONE,NONE
MPLADS-003396,71.41,91.76,0,59.2,28.6,87.8,14.0,0.0,0.016,75.0,SEVERE_PHYSICAL_FINANCIAL_GAP,INSPECTION_DOCUMENTATION_DEFICIT,NONE
MPLADS-003397,34.92,64.1,0,22.8,73.1,95.9,28.0,0.0,0.0165,0.0,NORMAL_EXECUTION_PROGRESS,NONE,NONE
MPLADS-003398,38.08,69.18,0,-6.7,92.5,85.8,12.0,0.0,0.0107,0.0,NORMAL_EXECUTION_PROGRESS,NONE,NONE
MPLADS-003399,25.22,47.54,0,8.7,82.8,91.5,0.0,0.0,0.0,0.0,NORMAL_EXECUTION_PROGRESS,NONE,NONE
MPLADS-003400,30.63,57.02,0,2.3,83.5,85.8,0.0,0.0,0.0,0.0,NORMAL_EXECUTION_PROGRESS,NONE,NONE
MPLADS-003401,31.33,58.22,0,6.9,80.5,87.4,7.0,0.0,0.0001,0.0,NORMAL_EXECUTION_PROGRESS,NONE,NONE
MPLADS-003402,41.69,74.4,0,0.2,97.4,97.6,0.0,0.0,0.0,0.0,NORMAL_EXECUTION_PROGRESS,NONE,NONE
MPLADS-003403,3.64,4.74,0,6.4,85.5,91.9,0.0,0.0,0.0,0.0,NORMAL_EXECUTION_PROGRESS,NONE,NONE
MPLADS-003404,20.05,37.6,0,1.4,84.4,85.8,9.0,0.0,0.0036,0.0,NORMAL_EXECUTION_PROGRESS,NONE,NONE
MPLADS-003405,27.84,52.3,0,-9.5,96.9,87.4,23.0,0.0,0.0045,0.0,NORMAL_EXECUTION_PROGRESS,NONE,NONE
MPLADS-003406,11.85,21.0,0,7.2,90.4,97.6,24.0,0.0,0.0028,0.0,NORMAL_EXECUTION_PROGRESS,NONE,NONE
MPLADS-003407,97.38,99.74,1,100.0,0.0,100.0,30.0,1.0,0.0822,75.0,GHOST_WORK_EXECUTION_DIVERGENCE,SEVERE_PHYSICAL_FINANCIAL_GAP,ABANDONED_WORK_SUSPICION
MPLADS-003408,16.86,31.26,0,-4.0,92.2,88.2,16.0,0.0,0.0015,0.0,NORMAL_EXECUTION_PROGRESS,NONE,NONE
MPLADS-003409,24.15,45.54,0,16.8,71.8,88.6,0.0,0.0,0.0,0.0,NORMAL_EXECUTION_PROGRESS,NONE,NONE
MPLADS-003410,10.4,18.02,0,18.0,74.6,92.6,22.0,0.0,0.0095,0.0,NORMAL_EXECUTION_PROGRESS,NONE,NONE
MPLADS-003411,20.55,38.6,0,-0.4,96.2,95.8,3.0,0.0,0.0004,0.0,NORMAL_EXECUTION_PROGRESS,NONE,NONE
MPLADS-003412,70.19,90.82,0,65.4,24.6,90.0,18.0,0.0,0.0288,75.0,SEVERE_PHYSICAL_FINANCIAL_GAP,INSPECTION_DOCUMENTATION_DEFICIT,NONE
MPLADS-003413,54.03,84.22,0,52.0,84.7,136.7,0.0,0.0,0.0,75.0,NORMAL_EXECUTION_PROGRESS,NONE,NONE
MPLADS-003414,18.68,34.88,0,-6.8,94.6,87.8,14.0,0.0,0.0033,0.0,NORMAL_EXECUTION_PROGRESS,NONE,NONE
MPLADS-003415,4.71,6.72,0,5.2,91.6,96.8,8.0,0.0,0.0006,0.0,NORMAL_EXECUTION_PROGRESS,NONE,NONE
MPLADS-003416,33.9,62.42,0,7.2,82.2,89.4,15.0,0.0,0.0003,0.0,NORMAL_EXECUTION_PROGRESS,NONE,NONE
MPLADS-003417,33.01,60.98,0,-3.9,89.8,85.9,14.0,0.0,0.013,0.0,NORMAL_EXECUTION_PROGRESS,NONE,NONE
MPLADS-003418,11.04,19.34,0,5.3,88.5,93.8,22.0,0.0,0.0089,0.0,NORMAL_EXECUTION_PROGRESS,NONE,NONE
MPLADS-003419,5.3,7.84,0,-2.1,96.0,93.9,16.0,0.0,0.0029,0.0,NORMAL_EXECUTION_PROGRESS,NONE,NONE
MPLADS-003420,38.05,69.14,0,7.4,88.9,96.3,0.0,0.0,0.0,0.0,NORMAL_EXECUTION_PROGRESS,NONE,NONE
MPLADS-003421,31.06,57.78,0,15.4,77.0,92.4,5.0,0.0,0.0001,0.0,NORMAL_EXECUTION_PROGRESS,NONE,NONE
MPLADS-003422,23.29,43.84,0,17.1,74.6,91.7,0.0,0.0,0.0,0.0,NORMAL_EXECUTION_PROGRESS,NONE,NONE
MPLADS-003423,7.37,11.92,0,14.6,77.5,92.1,0.0,0.0,0.0,0.0,NORMAL_EXECUTION_PROGRESS,NONE,NONE
MPLADS-003424,8.85,14.82,0,8.9,80.9,89.8,26.0,0.0,0.01,0.0,NORMAL_EXECUTION_PROGRESS,NONE,NONE
MPLADS-003425,34.23,62.98,0,6.7,88.6,95.3,1.0,0.0,0.0009,0.0,NORMAL_EXECUTION_PROGRESS,NONE,NONE
MPLADS-003426,11.97,21.26,0,0.8,88.4,89.2,0.0,0.0,0.0,0.0,NORMAL_EXECUTION_PROGRESS,NONE,NONE
MPLADS-003427,10.71,18.66,0,17.0,78.2,95.2,3.0,0.0,0.0007,0.0,NORMAL_EXECUTION_PROGRESS,NONE,NONE
MPLADS-003428,18.01,33.54,0,-1.0,96.3,95.3,27.0,0.0,0.0072,0.0,NORMAL_EXECUTION_PROGRESS,NONE,NONE
MPLADS-003429,13.01,23.36,0,12.7,74.6,87.3,0.0,0.0,0.0,0.0,NORMAL_EXECUTION_PROGRESS,NONE,NONE
MPLADS-003430,28.32,53.16,0,-11.2,97.7,86.5,22.0,0.0,0.0073,0.0,NORMAL_EXECUTION_PROGRESS,NONE,NONE
MPLADS-003431,51.78,83.36,0,-0.5,98.0,97.5,30.0,0.0,0.0263,0.0,NORMAL_EXECUTION_PROGRESS,NONE,NONE
MPLADS-003432,23.52,44.34,0,-2.6,96.9,94.3,0.0,0.0,0.0,0.0,NORMAL_EXECUTION_PROGRESS,NONE,NONE
MPLADS-003433,2.19,2.22,0,12.5,75.0,87.5,8.0,0.0,0.002,0.0,NORMAL_EXECUTION_PROGRESS,NONE,NONE
MPLADS-003434,14.43,26.24,0,-4.9,95.4,90.5,6.0,0.0,0.0018,0.0,NORMAL_EXECUTION_PROGRESS,NONE,NONE
MPLADS-003435,2.43,2.64,0,14.2,79.4,93.6,5.0,0.0,0.0012,0.0,NORMAL_EXECUTION_PROGRESS,NONE,NONE
MPLADS-003436,44.96,78.48,0,23.2,70.4,93.6,8.0,0.0,0.0001,0.0,NORMAL_EXECUTION_PROGRESS,NONE,NONE
MPLADS-003437,40.79,73.16,0,16.0,74.0,90.0,2.0,0.0,0.0,0.0,NORMAL_EXECUTION_PROGRESS,NONE,NONE
MPLADS-003438,80.18,96.0,1,3.2,92.6,95.8,0.0,0.0,0.0,0.0,INSPECTION_DOCUMENTATION_DEFICIT,NONE,NONE
MPLADS-003439,81.8,97.0,1,76.4,21.8,98.2,30.0,0.0,0.0638,75.0,SEVERE_PHYSICAL_FINANCIAL_GAP,INSPECTION_DOCUMENTATION_DEFICIT,NONE
MPLADS-003440,37.41,68.12,0,-1.0,93.3,92.3,19.0,0.0,0.0004,0.0,NORMAL_EXECUTION_PROGRESS,NONE,NONE
MPLADS-003441,34.84,64.02,0,24.6,72.2,96.8,29.0,0.0,0.007,0.0,NORMAL_EXECUTION_PROGRESS,NONE,NONE
MPLADS-003442,15.3,28.06,0,7.2,79.3,86.5,27.0,0.0,0.0089,0.0,NORMAL_EXECUTION_PROGRESS,NONE,NONE
MPLADS-003443,31.87,59.14,0,-8.9,98.8,89.9,30.0,0.0,0.0013,0.0,NORMAL_EXECUTION_PROGRESS,NONE,NONE
MPLADS-003444,5.78,8.78,0,-1.7,90.3,88.6,0.0,0.0,0.0,0.0,NORMAL_EXECUTION_PROGRESS,NONE,NONE
MPLADS-003445,25.13,47.38,0,16.3,80.4,96.7,0.0,0.0,0.0,0.0,NORMAL_EXECUTION_PROGRESS,NONE,NONE
MPLADS-003446,80.82,96.46,1,71.5,19.3,90.8,20.0,0.0,0.0435,75.0,SEVERE_PHYSICAL_FINANCIAL_GAP,ABANDONED_WORK_SUSPICION,INSPECTION_DOCUMENTATION_DEFICIT
MPLADS-003447,80.02,95.88,1,30.0,60.5,90.5,420.0,0.0,0.712,25.0,EXTREME_DURATION_OVERRUN,STALLED_EXECUTION_TRAJECTORY,NONE
MPLADS-003448,5.98,9.16,0,12.6,80.4,93.0,27.0,0.0,0.0086,0.0,NORMAL_EXECUTION_PROGRESS,NONE,NONE
MPLADS-003449,84.5,97.94,1,32.6,56.8,89.4,540.0,0.0,0.9972,75.0,EXTREME_DURATION_OVERRUN,STALLED_EXECUTION_TRAJECTORY,SEVERE_PHYSICAL_FINANCIAL_GAP
MPLADS-003450,4.44,6.22,0,16.3,75.1,91.4,9.0,0.0,0.0034,0.0,NORMAL_EXECUTION_PROGRESS,NONE,NONE
MPLADS-003451,11.36,20.0,0,10.4,83.9,94.3,0.0,0.0,0.0,0.0,NORMAL_EXECUTION_PROGRESS,NONE,NONE
MPLADS-003452,21.27,39.96,0,-8.0,96.7,88.7,20.0,0.0,0.0049,0.0,NORMAL_EXECUTION_PROGRESS,NONE,NONE
MPLADS-003453,19.47,36.46,0,20.5,74.2,94.7,15.0,0.0,0.0061,0.0,NORMAL_EXECUTION_PROGRESS,NONE,NONE
MPLADS-003454,24.28,45.8,0,12.6,77.2,89.8,0.0,0.0,0.0,0.0,NORMAL_EXECUTION_PROGRESS,NONE,NONE
MPLADS-003455,19.01,35.54,0,-1.2,94.1,92.9,27.0,0.0,0.0052,0.0,NORMAL_EXECUTION_PROGRESS,NONE,NONE
MPLADS-003456,3.71,4.86,0,9.7,77.9,87.6,0.0,0.0,0.0,0.0,NORMAL_EXECUTION_PROGRESS,NONE,NONE
MPLADS-003457,39.73,71.6,0,1.4,91.4,92.8,2.0,0.0,0.0,0.0,NORMAL_EXECUTION_PROGRESS,NONE,NONE
MPLADS-003458,66.61,88.32,0,74.5,70.1,144.6,0.0,0.0,0.0,75.0,SEVERE_PHYSICAL_FINANCIAL_GAP,NONE,NONE
MPLADS-003459,9.33,15.82,0,15.7,74.2,89.9,15.0,0.0,0.0012,0.0,NORMAL_EXECUTION_PROGRESS,NONE,NONE
MPLADS-003460,96.64,99.58,1,100.0,0.0,100.0,0.0,1.0,0.0,75.0,GHOST_WORK_EXECUTION_DIVERGENCE,SEVERE_PHYSICAL_FINANCIAL_GAP,ABANDONED_WORK_SUSPICION
MPLADS-003461,27.29,51.3,0,4.7,80.4,85.1,33.0,0.0,0.0101,0.0,NORMAL_EXECUTION_PROGRESS,NONE,NONE
MPLADS-003462,17.62,32.78,0,0.7,90.8,91.5,8.0,0.0,0.0012,0.0,NORMAL_EXECUTION_PROGRESS,NONE,NONE
MPLADS-003463,7.42,12.0,0,17.7,77.8,95.5,25.0,0.0,0.0074,0.0,NORMAL_EXECUTION_PROGRESS,NONE,NONE
MPLADS-003464,21.24,39.9,0,-1.2,91.1,89.9,15.0,0.0,0.0005,0.0,NORMAL_EXECUTION_PROGRESS,NONE,NONE
MPLADS-003465,84.37,97.84,1,35.7,60.3,96.0,540.0,0.0,0.9735,75.0,EXTREME_DURATION_OVERRUN,STALLED_EXECUTION_TRAJECTORY,SEVERE_PHYSICAL_FINANCIAL_GAP
MPLADS-003466,52.86,83.82,0,42.3,98.3,140.6,2.0,0.0,0.0003,50.0,NORMAL_EXECUTION_PROGRESS,NONE,NONE
MPLADS-003467,42.51,75.44,0,-5.7,91.5,85.8,28.0,0.0,0.0263,0.0,NORMAL_EXECUTION_PROGRESS,NONE,NONE
MPLADS-003468,73.92,93.18,0,61.3,33.5,94.8,3.0,0.0,0.0054,75.0,SEVERE_PHYSICAL_FINANCIAL_GAP,INSPECTION_DOCUMENTATION_DEFICIT,NONE
MPLADS-003469,47.16,80.58,0,16.0,75.5,91.5,30.0,0.0,0.0342,0.0,NORMAL_EXECUTION_PROGRESS,NONE,NONE
MPLADS-003470,15.22,27.88,0,8.7,86.5,95.2,16.0,0.0,0.0065,0.0,NORMAL_EXECUTION_PROGRESS,NONE,NONE
MPLADS-003471,27.02,50.84,0,24.8,72.4,97.2,0.0,0.0,0.0,0.0,NORMAL_EXECUTION_PROGRESS,NONE,NONE
MPLADS-003472,23.49,44.26,0,0.3,87.9,88.2,26.0,0.0,0.0016,0.0,NORMAL_EXECUTION_PROGRESS,NONE,NONE
MPLADS-003473,14.39,26.18,0,8.4,88.9,97.3,24.0,0.0,0.003,0.0,NORMAL_EXECUTION_PROGRESS,NONE,NONE
MPLADS-003474,3.42,4.32,0,13.7,74.9,88.6,0.0,0.0,0.0,0.0,NORMAL_EXECUTION_PROGRESS,NONE,NONE
MPLADS-003475,15.42,28.32,0,-2.6,95.7,93.1,6.0,0.0,0.0018,0.0,NORMAL_EXECUTION_PROGRESS,NONE,NONE
MPLADS-003476,37.7,68.56,0,1.9,91.7,93.6,15.0,0.0,0.0003,0.0,NORMAL_EXECUTION_PROGRESS,NONE,NONE
MPLADS-003477,24.24,45.72,0,12.9,75.7,88.6,19.0,0.0,0.0016,0.0,NORMAL_EXECUTION_PROGRESS,NONE,NONE
MPLADS-003478,32.92,60.84,0,10.3,82.1,92.4,10.0,0.0,0.0002,0.0,NORMAL_EXECUTION_PROGRESS,NONE,NONE
MPLADS-003479,31.39,58.32,0,21.3,70.6,91.9,0.0,0.0,0.0,0.0,NORMAL_EXECUTION_PROGRESS,NONE,NONE
MPLADS-003480,1.41,1.04,0,11.8,81.1,92.9,13.0,0.0,0.0044,0.0,NORMAL_EXECUTION_PROGRESS,NONE,NONE
MPLADS-003481,37.65,68.5,0,2.6,87.3,89.9,0.0,0.0,0.0,0.0,NORMAL_EXECUTION_PROGRESS,NONE,NONE
MPLADS-003482,10.18,17.56,0,10.8,86.3,97.1,0.0,0.0,0.0,0.0,NORMAL_EXECUTION_PROGRESS,NONE,NONE
MPLADS-003483,18.12,33.76,0,19.8,75.3,95.1,0.0,0.0,0.0,0.0,NORMAL_EXECUTION_PROGRESS,NONE,NONE
MPLADS-003484,71.24,91.58,0,74.4,21.6,96.0,0.0,0.0,0.0,75.0,SEVERE_PHYSICAL_FINANCIAL_GAP,INSPECTION_DOCUMENTATION_DEFICIT,NONE
MPLADS-003485,15.74,28.98,0,19.2,75.0,94.2,24.0,0.0,0.0076,0.0,NORMAL_EXECUTION_PROGRESS,NONE,NONE
MPLADS-003486,22.01,41.4,0,-4.0,94.8,90.8,16.0,0.0,0.0005,0.0,NORMAL_EXECUTION_PROGRESS,NONE,NONE
MPLADS-003487,30.53,56.82,0,-0.9,86.7,85.8,29.0,0.0,0.013,0.0,NORMAL_EXECUTION_PROGRESS,NONE,NONE
MPLADS-003488,29.57,55.26,0,22.8,72.0,94.8,2.0,0.0,0.0003,0.0,NORMAL_EXECUTION_PROGRESS,NONE,NONE
MPLADS-003489,20.41,38.32,0,4.8,92.6,97.4,28.0,0.0,0.0083,0.0,NORMAL_EXECUTION_PROGRESS,NONE,NONE
MPLADS-003490,11.65,20.6,0,15.8,71.5,87.3,5.0,0.0,0.0014,0.0,NORMAL_EXECUTION_PROGRESS,NONE,NONE
MPLADS-003491,27.24,51.22,0,-1.6,97.3,95.7,0.0,0.0,0.0,0.0,NORMAL_EXECUTION_PROGRESS,NONE,NONE
MPLADS-003492,20.55,38.58,0,22.0,73.0,95.0,0.0,0.0,0.0,0.0,NORMAL_EXECUTION_PROGRESS,NONE,NONE
MPLADS-003493,14.26,25.9,0,3.4,81.6,85.0,11.0,0.0,0.0005,0.0,NORMAL_EXECUTION_PROGRESS,NONE,NONE
MPLADS-003494,79.66,95.68,1,40.8,46.9,87.7,300.0,0.0,0.4882,75.0,EXTREME_DURATION_OVERRUN,SEVERE_PHYSICAL_FINANCIAL_GAP,STALLED_EXECUTION_TRAJECTORY
MPLADS-003495,38.45,69.74,0,7.6,89.6,97.2,0.0,0.0,0.0,0.0,NORMAL_EXECUTION_PROGRESS,NONE,NONE
MPLADS-003496,37.08,67.64,0,24.2,70.4,94.6,31.0,0.0,0.0121,0.0,NORMAL_EXECUTION_PROGRESS,NONE,NONE
MPLADS-003497,68.97,89.72,0,28.1,15.7,43.8,31.0,0.0,0.0551,0.0,ELEVATED_PROGRESS_VOLATILITY,NONE,NONE
MPLADS-003498,12.09,21.48,0,7.7,81.7,89.4,0.0,0.0,0.0,0.0,NORMAL_EXECUTION_PROGRESS,NONE,NONE
MPLADS-003499,16.57,30.66,0,18.7,78.0,96.7,14.0,0.0,0.0009,0.0,NORMAL_EXECUTION_PROGRESS,NONE,NONE
MPLADS-003500,42.77,75.78,0,-4.7,95.2,90.5,26.0,0.0,0.0233,0.0,NORMAL_EXECUTION_PROGRESS,NONE,NONE
MPLADS-003501,24.56,46.34,0,1.3,93.8,95.1,19.0,0.0,0.0007,0.0,NORMAL_EXECUTION_PROGRESS,NONE,NONE
MPLADS-003502,11.88,21.06,0,0.0,89.3,89.3,0.0,0.0,0.0,0.0,NORMAL_EXECUTION_PROGRESS,NONE,NONE
MPLADS-003503,11.17,19.6,0,-1.6,96.4,94.8,23.0,0.0,0.0045,0.0,NORMAL_EXECUTION_PROGRESS,NONE,NONE
MPLADS-003504,40.99,73.44,0,-7.8,94.8,87.0,9.0,0.0,0.0077,0.0,NORMAL_EXECUTION_PROGRESS,NONE,NONE
MPLADS-003505,1.87,1.7,0,10.6,85.7,96.3,0.0,0.0,0.0,0.0,NORMAL_EXECUTION_PROGRESS,NONE,NONE
MPLADS-003506,33.54,61.84,0,21.2,71.5,92.7,27.0,0.0,0.0035,0.0,NORMAL_EXECUTION_PROGRESS,NONE,NONE
MPLADS-003507,33.74,62.18,0,11.6,84.2,95.8,21.0,0.0,0.0004,0.0,NORMAL_EXECUTION_PROGRESS,NONE,NONE
MPLADS-003508,19.64,36.78,0,-8.4,98.0,89.6,10.0,0.0,0.003,0.0,NORMAL_EXECUTION_PROGRESS,NONE,NONE
MPLADS-003509,9.26,15.68,0,-4.1,95.4,91.3,0.0,0.0,0.0,0.0,NORMAL_EXECUTION_PROGRESS,NONE,NONE
MPLADS-003510,6.02,9.24,0,14.0,76.3,90.3,0.0,0.0,0.0,0.0,NORMAL_EXECUTION_PROGRESS,NONE,NONE
MPLADS-003511,26.09,49.18,0,-1.3,87.2,85.9,32.0,0.0,0.005,0.0,NORMAL_EXECUTION_PROGRESS,NONE,NONE
MPLADS-003512,4.17,5.68,0,12.6,81.6,94.2,1.0,0.0,0.0003,0.0,NORMAL_EXECUTION_PROGRESS,NONE,NONE
MPLADS-003513,16.33,30.18,0,17.3,76.6,93.9,20.0,0.0,0.0104,0.0,NORMAL_EXECUTION_PROGRESS,NONE,NONE
MPLADS-003514,37.29,67.94,0,-3.0,95.9,92.9,14.0,0.0,0.012,0.0,NORMAL_EXECUTION_PROGRESS,NONE,NONE
MPLADS-003515,21.78,40.98,0,3.0,94.5,97.5,0.0,0.0,0.0,0.0,NORMAL_EXECUTION_PROGRESS,NONE,NONE
MPLADS-003516,17.61,32.76,0,-5.9,90.9,85.0,3.0,0.0,0.0002,0.0,NORMAL_EXECUTION_PROGRESS,NONE,NONE
MPLADS-003517,19.17,35.86,0,1.1,96.4,97.5,4.0,0.0,0.0005,0.0,NORMAL_EXECUTION_PROGRESS,NONE,NONE
MPLADS-003518,7.24,11.66,0,7.5,88.1,95.6,0.0,0.0,0.0,0.0,NORMAL_EXECUTION_PROGRESS,NONE,NONE
MPLADS-003519,51.39,83.26,0,0.3,86.8,87.1,0.0,0.0,0.0,0.0,NORMAL_EXECUTION_PROGRESS,NONE,NONE
MPLADS-003520,71.45,91.8,0,59.6,32.4,92.0,33.0,0.0,0.0423,75.0,SEVERE_PHYSICAL_FINANCIAL_GAP,INSPECTION_DOCUMENTATION_DEFICIT,NONE
MPLADS-003521,25.5,48.06,0,22.5,72.0,94.5,0.0,0.0,0.0,0.0,NORMAL_EXECUTION_PROGRESS,NONE,NONE
MPLADS-003522,32.28,59.8,0,13.5,76.0,89.5,3.0,0.0,0.0032,0.0,NORMAL_EXECUTION_PROGRESS,NONE,NONE
MPLADS-003523,81.52,96.78,1,15.7,73.4,89.1,480.0,0.0,0.7411,25.0,EXTREME_DURATION_OVERRUN,STALLED_EXECUTION_TRAJECTORY,NONE
MPLADS-003524,15.43,28.36,0,7.9,77.4,85.3,15.0,0.0,0.0074,0.0,NORMAL_EXECUTION_PROGRESS,NONE,NONE
MPLADS-003525,6.51,10.22,0,-0.1,87.8,87.7,19.0,0.0,0.0039,0.0,NORMAL_EXECUTION_PROGRESS,NONE,NONE
MPLADS-003526,14.94,27.32,0,-2.4,93.6,91.2,0.0,0.0,0.0,0.0,NORMAL_EXECUTION_PROGRESS,NONE,NONE
MPLADS-003527,24.44,46.12,0,0.3,85.9,86.2,0.0,0.0,0.0,0.0,NORMAL_EXECUTION_PROGRESS,NONE,NONE
MPLADS-003528,37.5,68.28,0,15.0,72.1,87.1,0.0,0.0,0.0,0.0,NORMAL_EXECUTION_PROGRESS,NONE,NONE
MPLADS-003529,68.27,89.22,0,56.7,33.4,90.1,2.0,0.0,0.002,75.0,SEVERE_PHYSICAL_FINANCIAL_GAP,INSPECTION_DOCUMENTATION_DEFICIT,NONE
MPLADS-003530,23.15,43.56,0,-1.9,96.7,94.8,32.0,0.0,0.009,0.0,NORMAL_EXECUTION_PROGRESS,NONE,NONE
MPLADS-003531,15.89,29.28,0,12.4,83.5,95.9,0.0,0.0,0.0,0.0,NORMAL_EXECUTION_PROGRESS,NONE,NONE
MPLADS-003532,47.84,81.14,0,-1.4,99.1,97.7,29.0,0.0,0.0005,0.0,NORMAL_EXECUTION_PROGRESS,NONE,NONE
MPLADS-003533,74.29,93.4,0,73.8,21.9,95.7,17.0,0.0,0.0112,75.0,SEVERE_PHYSICAL_FINANCIAL_GAP,INSPECTION_DOCUMENTATION_DEFICIT,NONE
MPLADS-003534,31.52,58.54,0,13.7,78.8,92.5,22.0,0.0,0.0005,0.0,NORMAL_EXECUTION_PROGRESS,NONE,NONE
MPLADS-003535,6.44,10.06,0,13.0,82.5,95.5,17.0,0.0,0.0076,0.0,NORMAL_EXECUTION_PROGRESS,NONE,NONE
MPLADS-003536,4.6,6.52,0,11.0,74.2,85.2,0.0,0.0,0.0,0.0,NORMAL_EXECUTION_PROGRESS,NONE,NONE
MPLADS-003537,6.59,10.36,0,14.1,76.0,90.1,0.0,0.0,0.0,0.0,NORMAL_EXECUTION_PROGRESS,NONE,NONE
MPLADS-003538,48.09,81.34,0,-12.0,97.1,85.1,29.0,0.0,0.0005,0.0,NORMAL_EXECUTION_PROGRESS,NONE,NONE
MPLADS-003539,36.55,66.82,0,13.4,77.5,90.9,16.0,0.0,0.0173,0.0,NORMAL_EXECUTION_PROGRESS,NONE,NONE
MPLADS-003540,66.22,88.1,0,65.7,24.6,90.3,0.0,0.0,0.0,75.0,SEVERE_PHYSICAL_FINANCIAL_GAP,INSPECTION_DOCUMENTATION_DEFICIT,NONE
MPLADS-003541,44.06,77.4,0,-0.9,95.7,94.8,0.0,0.0,0.0,0.0,NORMAL_EXECUTION_PROGRESS,NONE,NONE
MPLADS-003542,30.23,56.34,0,-5.6,97.4,91.8,29.0,0.0,0.0052,0.0,NORMAL_EXECUTION_PROGRESS,NONE,NONE
MPLADS-003543,38.47,69.78,0,-5.0,97.3,92.3,6.0,0.0,0.005,0.0,NORMAL_EXECUTION_PROGRESS,NONE,NONE
MPLADS-003544,24.05,45.34,0,5.3,85.3,90.6,31.0,0.0,0.0145,0.0,NORMAL_EXECUTION_PROGRESS,NONE,NONE
MPLADS-003545,18.19,33.9,0,7.7,82.5,90.2,18.0,0.0,0.0011,0.0,NORMAL_EXECUTION_PROGRESS,NONE,NONE
MPLADS-003546,35.38,64.84,0,-6.0,95.8,89.8,0.0,0.0,0.0,0.0,NORMAL_EXECUTION_PROGRESS,NONE,NONE
MPLADS-003547,17.64,32.82,0,2.6,92.2,94.8,18.0,0.0,0.0037,0.0,NORMAL_EXECUTION_PROGRESS,NONE,NONE
MPLADS-003548,12.82,22.96,0,-4.7,95.4,90.7,29.0,0.0,0.0081,0.0,NORMAL_EXECUTION_PROGRESS,NONE,NONE
MPLADS-003549,28.61,53.66,0,17.7,78.2,95.9,0.0,0.0,0.0,0.0,NORMAL_EXECUTION_PROGRESS,NONE,NONE
MPLADS-003550,19.29,36.12,0,16.8,74.8,91.6,32.0,0.0,0.015,0.0,NORMAL_EXECUTION_PROGRESS,NONE,NONE
MPLADS-003551,42.9,75.98,0,-2.6,92.1,89.5,30.0,0.0,0.0006,0.0,NORMAL_EXECUTION_PROGRESS,NONE,NONE
MPLADS-003552,35.04,64.32,0,15.8,72.9,88.7,29.0,0.0,0.0013,0.0,NORMAL_EXECUTION_PROGRESS,NONE,NONE
MPLADS-003553,3.0,3.56,0,7.7,78.0,85.7,0.0,0.0,0.0,0.0,NORMAL_EXECUTION_PROGRESS,NONE,NONE
MPLADS-003554,16.55,30.62,0,-1.3,97.6,96.3,0.0,0.0,0.0,0.0,NORMAL_EXECUTION_PROGRESS,NONE,NONE
MPLADS-003555,36.02,66.0,0,25.1,70.5,95.6,26.0,0.0,0.0129,0.0,NORMAL_EXECUTION_PROGRESS,NONE,NONE
MPLADS-003556,27.46,51.6,0,22.9,72.4,95.3,0.0,0.0,0.0,0.0,NORMAL_EXECUTION_PROGRESS,NONE,NONE
MPLADS-003557,72.81,92.54,0,70.0,82.5,152.5,0.0,0.0,0.0,75.0,SEVERE_PHYSICAL_FINANCIAL_GAP,NONE,NONE
MPLADS-003558,15.48,28.46,0,15.4,73.3,88.7,4.0,0.0,0.001,0.0,NORMAL_EXECUTION_PROGRESS,NONE,NONE
MPLADS-003559,18.8,35.12,0,17.5,77.2,94.7,33.0,0.0,0.0148,0.0,NORMAL_EXECUTION_PROGRESS,NONE,NONE
MPLADS-003560,11.94,21.18,0,-7.1,95.8,88.7,2.0,0.0,0.0002,0.0,NORMAL_EXECUTION_PROGRESS,NONE,NONE
MPLADS-003561,34.07,62.74,0,13.7,75.4,89.1,0.0,0.0,0.0,0.0,NORMAL_EXECUTION_PROGRESS,NONE,NONE
MPLADS-003562,73.45,92.9,0,29.4,61.1,90.5,240.0,0.0,0.2815,25.0,EXTREME_DURATION_OVERRUN,STALLED_EXECUTION_TRAJECTORY,NONE
MPLADS-003563,25.17,47.48,0,9.3,78.6,87.9,32.0,0.0,0.0101,0.0,NORMAL_EXECUTION_PROGRESS,NONE,NONE
MPLADS-003564,10.67,18.58,0,8.9,82.4,91.3,0.0,0.0,0.0,0.0,NORMAL_EXECUTION_PROGRESS,NONE,NONE
MPLADS-003565,42.96,76.08,0,18.1,72.4,90.5,13.0,0.0,0.0148,0.0,NORMAL_EXECUTION_PROGRESS,NONE,NONE
MPLADS-003566,41.62,74.32,0,0.9,96.8,97.7,8.0,0.0,0.0067,0.0,NORMAL_EXECUTION_PROGRESS,NONE,NONE
MPLADS-003567,13.5,24.36,0,17.5,72.3,89.8,6.0,0.0,0.0016,0.0,NORMAL_EXECUTION_PROGRESS,NONE,NONE
MPLADS-003568,48.75,81.8,0,2.2,94.0,96.2,0.0,0.0,0.0,0.0,NORMAL_EXECUTION_PROGRESS,NONE,NONE
MPLADS-003569,54.4,84.38,0,40.6,86.5,127.1,0.0,0.0,0.0,50.0,NORMAL_EXECUTION_PROGRESS,NONE,NONE
MPLADS-003570,35.11,64.44,0,18.2,73.5,91.7,8.0,0.0,0.0001,0.0,NORMAL_EXECUTION_PROGRESS,NONE,NONE
MPLADS-003571,37.59,68.42,0,-1.0,87.2,86.2,24.0,0.0,0.0004,0.0,NORMAL_EXECUTION_PROGRESS,NONE,NONE
MPLADS-003572,8.26,13.62,0,-4.0,96.1,92.1,15.0,0.0,0.0022,0.0,NORMAL_EXECUTION_PROGRESS,NONE,NONE
MPLADS-003573,24.51,46.26,0,11.9,79.8,91.7,0.0,0.0,0.0,0.0,NORMAL_EXECUTION_PROGRESS,NONE,NONE
MPLADS-003574,32.44,60.06,0,6.7,79.4,86.1,34.0,0.0,0.0108,0.0,NORMAL_EXECUTION_PROGRESS,NONE,NONE
MPLADS-003575,8.88,14.88,0,20.3,75.5,95.8,16.0,0.0,0.0064,0.0,NORMAL_EXECUTION_PROGRESS,NONE,NONE
MPLADS-003576,9.89,16.96,0,1.0,91.9,92.9,0.0,0.0,0.0,0.0,NORMAL_EXECUTION_PROGRESS,NONE,NONE
MPLADS-003577,51.14,83.18,0,-10.8,97.6,86.8,29.0,0.0,0.0255,0.0,NORMAL_EXECUTION_PROGRESS,NONE,NONE
MPLADS-003578,81.58,96.84,1,23.3,71.9,95.2,480.0,0.0,0.7501,25.0,EXTREME_DURATION_OVERRUN,STALLED_EXECUTION_TRAJECTORY,NONE
MPLADS-003579,18.33,34.18,0,8.8,82.8,91.6,25.0,0.0,0.0118,0.0,NORMAL_EXECUTION_PROGRESS,NONE,NONE
MPLADS-003580,15.13,27.7,0,-3.7,89.1,85.4,7.0,0.0,0.0013,0.0,NORMAL_EXECUTION_PROGRESS,NONE,NONE
MPLADS-003581,18.8,35.14,0,19.2,70.2,89.4,15.0,0.0,0.0055,0.0,NORMAL_EXECUTION_PROGRESS,NONE,NONE
MPLADS-003582,32.6,60.32,0,14.4,75.8,90.2,30.0,0.0,0.0169,0.0,NORMAL_EXECUTION_PROGRESS,NONE,NONE
MPLADS-003583,17.7,32.92,0,11.3,80.9,92.2,26.0,0.0,0.0128,0.0,NORMAL_EXECUTION_PROGRESS,NONE,NONE
MPLADS-003584,10.75,18.74,0,-2.0,95.8,93.8,13.0,0.0,0.0022,0.0,NORMAL_EXECUTION_PROGRESS,NONE,NONE
MPLADS-003585,26.44,49.8,0,2.8,91.6,94.4,31.0,0.0,0.0019,0.0,NORMAL_EXECUTION_PROGRESS,NONE,NONE
MPLADS-003586,27.04,50.88,0,1.9,94.7,96.6,7.0,0.0,0.0001,0.0,NORMAL_EXECUTION_PROGRESS,NONE,NONE
MPLADS-003587,44.08,77.42,0,1.6,92.8,94.4,14.0,0.0,0.0125,0.0,NORMAL_EXECUTION_PROGRESS,NONE,NONE
MPLADS-003588,2.09,2.06,0,15.1,78.5,93.6,0.0,0.0,0.0,0.0,NORMAL_EXECUTION_PROGRESS,NONE,NONE
MPLADS-003589,50.32,82.78,0,2.7,91.5,94.2,0.0,0.0,0.0,0.0,NORMAL_EXECUTION_PROGRESS,NONE,NONE
MPLADS-003590,22.36,42.06,0,0.4,96.1,96.5,14.0,0.0,0.0032,0.0,NORMAL_EXECUTION_PROGRESS,NONE,NONE
MPLADS-003591,3.1,3.74,0,-2.6,93.1,90.5,0.0,0.0,0.0,0.0,NORMAL_EXECUTION_PROGRESS,NONE,NONE
MPLADS-003592,13.71,24.78,0,16.4,74.8,91.2,0.0,0.0,0.0,0.0,NORMAL_EXECUTION_PROGRESS,NONE,NONE
MPLADS-003593,42.54,75.5,0,-4.5,96.3,91.8,24.0,0.0,0.0211,0.0,NORMAL_EXECUTION_PROGRESS,NONE,NONE
MPLADS-003594,26.12,49.24,0,0.0,86.4,86.4,0.0,0.0,0.0,0.0,NORMAL_EXECUTION_PROGRESS,NONE,NONE
MPLADS-003595,21.75,40.92,0,9.4,78.3,87.7,9.0,0.0,0.0005,0.0,NORMAL_EXECUTION_PROGRESS,NONE,NONE
MPLADS-003596,74.51,93.56,0,30.7,18.5,49.2,24.0,0.0,0.0529,50.0,SEVERE_PHYSICAL_FINANCIAL_GAP,NONE,NONE
MPLADS-003597,1.15,0.76,0,10.6,80.7,91.3,5.0,0.0,0.001,0.0,NORMAL_EXECUTION_PROGRESS,NONE,NONE
MPLADS-003598,19.73,36.96,0,11.6,83.3,94.9,0.0,0.0,0.0,0.0,NORMAL_EXECUTION_PROGRESS,NONE,NONE
MPLADS-003599,25.48,48.04,0,16.3,81.6,97.9,7.0,0.0,0.0003,0.0,NORMAL_EXECUTION_PROGRESS,NONE,NONE
MPLADS-003600,77.47,94.68,0,45.2,49.7,94.9,180.0,0.0,0.1751,50.0,SEVERE_PHYSICAL_FINANCIAL_GAP,NONE,NONE
MPLADS-003601,17.89,33.32,0,14.2,72.3,86.5,12.0,0.0,0.0065,0.0,NORMAL_EXECUTION_PROGRESS,NONE,NONE
MPLADS-003602,80.43,96.18,1,-1.9,95.3,93.4,16.0,0.0,0.0039,0.0,INSPECTION_DOCUMENTATION_DEFICIT,NONE,NONE
MPLADS-003603,8.71,14.54,0,-1.9,93.2,91.3,0.0,0.0,0.0,0.0,NORMAL_EXECUTION_PROGRESS,NONE,NONE
MPLADS-003604,22.51,42.36,0,3.0,91.0,94.0,0.0,0.0,0.0,0.0,NORMAL_EXECUTION_PROGRESS,NONE,NONE
MPLADS-003605,61.85,86.54,0,56.6,76.0,132.6,0.0,0.0,0.0,75.0,SEVERE_PHYSICAL_FINANCIAL_GAP,NONE,NONE
MPLADS-003606,37.01,67.56,0,4.1,81.4,85.5,7.0,0.0,0.0071,0.0,NORMAL_EXECUTION_PROGRESS,NONE,NONE
MPLADS-003607,15.65,28.8,0,-2.8,95.2,92.4,32.0,0.0,0.0093,0.0,NORMAL_EXECUTION_PROGRESS,NONE,NONE
MPLADS-003608,29.58,55.28,0,13.8,80.0,93.8,22.0,0.0,0.0005,0.0,NORMAL_EXECUTION_PROGRESS,NONE,NONE
MPLADS-003609,37.56,68.38,0,17.5,70.7,88.2,32.0,0.0,0.0204,0.0,NORMAL_EXECUTION_PROGRESS,NONE,NONE
MPLADS-003610,61.15,86.2,0,30.5,24.1,54.6,8.0,0.0,0.0037,50.0,SEVERE_PHYSICAL_FINANCIAL_GAP,NONE,NONE
MPLADS-003611,58.98,85.54,0,53.3,97.9,151.2,19.0,0.0,0.0061,75.0,NORMAL_EXECUTION_PROGRESS,NONE,NONE
MPLADS-003612,24.84,46.88,0,22.2,75.2,97.4,0.0,0.0,0.0,0.0,NORMAL_EXECUTION_PROGRESS,NONE,NONE
MPLADS-003613,6.43,10.04,0,-1.9,93.9,92.0,9.0,0.0,0.0015,0.0,NORMAL_EXECUTION_PROGRESS,NONE,NONE
MPLADS-003614,11.98,21.28,0,16.0,74.6,90.6,11.0,0.0,0.0008,0.0,NORMAL_EXECUTION_PROGRESS,NONE,NONE
MPLADS-003615,31.28,58.12,0,23.0,72.1,95.1,25.0,0.0,0.003,0.0,NORMAL_EXECUTION_PROGRESS,NONE,NONE
MPLADS-003616,35.03,64.3,0,-3.1,89.4,86.3,0.0,0.0,0.0,0.0,NORMAL_EXECUTION_PROGRESS,NONE,NONE
MPLADS-003617,48.44,81.6,0,-7.6,98.7,91.1,30.0,0.0,0.0261,0.0,NORMAL_EXECUTION_PROGRESS,NONE,NONE
MPLADS-003618,70.12,90.76,0,58.5,33.0,91.5,19.0,0.0,0.0253,75.0,SEVERE_PHYSICAL_FINANCIAL_GAP,INSPECTION_DOCUMENTATION_DEFICIT,NONE
MPLADS-003619,21.36,40.12,0,0.4,96.3,96.7,0.0,0.0,0.0,0.0,NORMAL_EXECUTION_PROGRESS,NONE,NONE
MPLADS-003620,45.86,79.28,0,-3.0,99.5,96.5,0.0,0.0,0.0,0.0,NORMAL_EXECUTION_PROGRESS,NONE,NONE
MPLADS-003621,22.62,42.6,0,3.7,85.9,89.6,16.0,0.0,0.0008,0.0,NORMAL_EXECUTION_PROGRESS,NONE,NONE
MPLADS-003622,68.57,89.42,0,57.1,31.1,88.2,1.0,0.0,0.001,75.0,SEVERE_PHYSICAL_FINANCIAL_GAP,INSPECTION_DOCUMENTATION_DEFICIT,NONE
MPLADS-003623,27.72,52.06,0,-1.3,99.0,97.7,0.0,0.0,0.0,0.0,NORMAL_EXECUTION_PROGRESS,NONE,NONE
MPLADS-003624,20.99,39.42,0,-8.4,97.5,89.1,13.0,0.0,0.0009,0.0,NORMAL_EXECUTION_PROGRESS,NONE,NONE
MPLADS-003625,31.09,57.82,0,3.0,85.7,88.7,0.0,0.0,0.0,0.0,NORMAL_EXECUTION_PROGRESS,NONE,NONE
MPLADS-003626,26.34,49.64,0,9.1,76.5,85.6,30.0,0.0,0.011,0.0,NORMAL_EXECUTION_PROGRESS,NONE,NONE
MPLADS-003627,3.8,5.02,0,2.2,89.7,91.9,0.0,0.0,0.0,0.0,NORMAL_EXECUTION_PROGRESS,NONE,NONE
MPLADS-003628,2.46,2.7,0,6.7,82.8,89.5,0.0,0.0,0.0,0.0,NORMAL_EXECUTION_PROGRESS,NONE,NONE
MPLADS-003629,32.94,60.88,0,-3.3,91.2,87.9,0.0,0.0,0.0,0.0,NORMAL_EXECUTION_PROGRESS,NONE,NONE
MPLADS-003630,13.14,23.6,0,2.9,83.2,86.1,3.0,0.0,0.0003,0.0,NORMAL_EXECUTION_PROGRESS,NONE,NONE
MPLADS-003631,72.05,92.14,0,44.4,17.7,62.1,25.0,0.0,0.047,50.0,SEVERE_PHYSICAL_FINANCIAL_GAP,ABANDONED_WORK_SUSPICION,NONE
MPLADS-003632,72.99,92.64,0,71.6,22.4,94.0,17.0,0.0,0.0164,75.0,SEVERE_PHYSICAL_FINANCIAL_GAP,INSPECTION_DOCUMENTATION_DEFICIT,NONE
MPLADS-003633,10.04,17.28,0,-1.0,94.7,93.7,22.0,0.0,0.0038,0.0,NORMAL_EXECUTION_PROGRESS,NONE,NONE
MPLADS-003634,35.01,64.26,0,-3.8,95.3,91.5,0.0,0.0,0.0,0.0,NORMAL_EXECUTION_PROGRESS,NONE,NONE
MPLADS-003635,32.38,59.98,0,13.2,80.0,93.2,19.0,0.0,0.0004,0.0,NORMAL_EXECUTION_PROGRESS,NONE,NONE
MPLADS-003636,8.19,13.48,0,10.7,77.1,87.8,28.0,0.0,0.0088,0.0,NORMAL_EXECUTION_PROGRESS,NONE,NONE
MPLADS-003637,80.7,96.38,1,87.0,70.5,157.5,30.0,0.0,0.0362,75.0,SEVERE_PHYSICAL_FINANCIAL_GAP,NONE,NONE
MPLADS-003638,50.01,82.58,0,6.2,84.5,90.7,0.0,0.0,0.0,0.0,NORMAL_EXECUTION_PROGRESS,NONE,NONE
MPLADS-003639,28.3,53.1,0,-7.5,94.2,86.7,32.0,0.0,0.0018,0.0,NORMAL_EXECUTION_PROGRESS,NONE,NONE
MPLADS-003640,12.99,23.32,0,2.5,86.5,89.0,28.0,0.0,0.0096,0.0,NORMAL_EXECUTION_PROGRESS,NONE,NONE
MPLADS-003641,1.73,1.48,0,7.5,79.5,87.0,0.0,0.0,0.0,0.0,NORMAL_EXECUTION_PROGRESS,NONE,NONE
MPLADS-003642,29.34,54.86,0,-12.2,99.1,86.9,9.0,0.0,0.0026,0.0,NORMAL_EXECUTION_PROGRESS,NONE,NONE
MPLADS-003643,25.02,47.2,0,17.0,79.4,96.4,0.0,0.0,0.0,0.0,NORMAL_EXECUTION_PROGRESS,NONE,NONE
MPLADS-003644,16.92,31.4,0,2.2,93.5,95.7,29.0,0.0,0.0067,0.0,NORMAL_EXECUTION_PROGRESS,NONE,NONE
MPLADS-003645,7.82,12.76,0,15.0,78.6,93.6,25.0,0.0,0.0101,0.0,NORMAL_EXECUTION_PROGRESS,NONE,NONE
MPLADS-003646,74.34,93.42,0,68.0,19.1,87.1,32.0,0.0,0.0468,75.0,SEVERE_PHYSICAL_FINANCIAL_GAP,ABANDONED_WORK_SUSPICION,INSPECTION_DOCUMENTATION_DEFICIT
MPLADS-003647,32.55,60.24,0,6.0,80.5,86.5,0.0,0.0,0.0,0.0,NORMAL_EXECUTION_PROGRESS,NONE,NONE
MPLADS-003648,30.62,57.0,0,14.8,79.7,94.5,32.0,0.0,0.0169,0.0,NORMAL_EXECUTION_PROGRESS,NONE,NONE
MPLADS-003649,10.15,17.5,0,12.6,77.5,90.1,14.0,0.0,0.0052,0.0,NORMAL_EXECUTION_PROGRESS,NONE,NONE
MPLADS-003650,68.75,89.56,0,37.6,13.4,51.0,0.0,0.0,0.0,50.0,SEVERE_PHYSICAL_FINANCIAL_GAP,ABANDONED_WORK_SUSPICION,NONE
MPLADS-003651,4.49,6.32,0,15.2,81.3,96.5,18.0,0.0,0.005,0.0,NORMAL_EXECUTION_PROGRESS,NONE,NONE
MPLADS-003652,48.07,81.32,0,13.4,75.7,89.1,32.0,0.0,0.0365,0.0,NORMAL_EXECUTION_PROGRESS,NONE,NONE
MPLADS-003653,37.21,67.86,0,13.6,73.2,86.8,0.0,0.0,0.0,0.0,NORMAL_EXECUTION_PROGRESS,NONE,NONE
MPLADS-003654,45.62,79.04,0,10.2,75.4,85.6,25.0,0.0,0.0282,0.0,NORMAL_EXECUTION_PROGRESS,NONE,NONE
MPLADS-003655,87.38,98.8,1,43.5,48.9,92.4,480.0,0.0,0.8975,75.0,EXTREME_DURATION_OVERRUN,SEVERE_PHYSICAL_FINANCIAL_GAP,STALLED_EXECUTION_TRAJECTORY
MPLADS-003656,2.41,2.62,0,17.8,76.9,94.7,10.0,0.0,0.0029,0.0,NORMAL_EXECUTION_PROGRESS,NONE,NONE
MPLADS-003657,5.4,8.04,0,9.4,80.6,90.0,1.0,0.0,0.0004,0.0,NORMAL_EXECUTION_PROGRESS,NONE,NONE
MPLADS-003658,76.3,94.34,0,70.5,19.6,90.1,0.0,0.0,0.0,75.0,SEVERE_PHYSICAL_FINANCIAL_GAP,ABANDONED_WORK_SUSPICION,INSPECTION_DOCUMENTATION_DEFICIT
MPLADS-003659,32.82,60.68,0,9.6,86.8,96.4,31.0,0.0,0.0024,0.0,NORMAL_EXECUTION_PROGRESS,NONE,NONE
MPLADS-003660,4.9,7.08,0,11.5,86.3,97.8,15.0,0.0,0.0045,0.0,NORMAL_EXECUTION_PROGRESS,NONE,NONE
MPLADS-003661,19.39,36.3,0,-10.4,95.7,85.3,0.0,0.0,0.0,0.0,NORMAL_EXECUTION_PROGRESS,NONE,NONE
MPLADS-003662,47.1,80.52,0,15.8,72.1,87.9,29.0,0.0,0.0343,0.0,NORMAL_EXECUTION_PROGRESS,NONE,NONE
MPLADS-003663,84.76,98.06,1,26.0,63.8,89.8,540.0,0.0,0.95,25.0,EXTREME_DURATION_OVERRUN,STALLED_EXECUTION_TRAJECTORY,NONE
MPLADS-003664,28.22,52.96,0,8.6,86.3,94.9,31.0,0.0,0.0142,0.0,NORMAL_EXECUTION_PROGRESS,NONE,NONE
MPLADS-003665,41.16,73.68,0,19.3,70.9,90.2,15.0,0.0,0.0175,0.0,NORMAL_EXECUTION_PROGRESS,NONE,NONE
MPLADS-003666,69.87,90.54,0,40.4,13.2,53.6,0.0,0.0,0.0,50.0,SEVERE_PHYSICAL_FINANCIAL_GAP,ABANDONED_WORK_SUSPICION,NONE
MPLADS-003667,4.87,7.02,0,13.5,79.5,93.0,0.0,0.0,0.0,0.0,NORMAL_EXECUTION_PROGRESS,NONE,NONE
MPLADS-003668,15.32,28.1,0,7.6,85.4,93.0,33.0,0.0,0.0055,0.0,NORMAL_EXECUTION_PROGRESS,NONE,NONE
MPLADS-003669,28.52,53.52,0,-3.2,96.8,93.6,0.0,0.0,0.0,0.0,NORMAL_EXECUTION_PROGRESS,NONE,NONE
MPLADS-003670,35.77,65.54,0,3.2,82.2,85.4,8.0,0.0,0.008,0.0,NORMAL_EXECUTION_PROGRESS,NONE,NONE
MPLADS-003671,6.64,10.46,0,-3.6,94.3,90.7,22.0,0.0,0.0058,0.0,NORMAL_EXECUTION_PROGRESS,NONE,NONE
MPLADS-003672,39.13,70.78,0,24.6,71.6,96.2,0.0,0.0,0.0,0.0,NORMAL_EXECUTION_PROGRESS,NONE,NONE
MPLADS-003673,30.1,56.12,0,12.4,83.9,96.3,5.0,0.0,0.0049,0.0,NORMAL_EXECUTION_PROGRESS,NONE,NONE
MPLADS-003674,27.57,51.78,0,12.9,74.2,87.1,34.0,0.0,0.0047,0.0,NORMAL_EXECUTION_PROGRESS,NONE,NONE
MPLADS-003675,33.19,61.26,0,9.0,79.6,88.6,0.0,0.0,0.0,0.0,NORMAL_EXECUTION_PROGRESS,NONE,NONE
MPLADS-003676,12.39,22.08,0,10.3,81.2,91.5,0.0,0.0,0.0,0.0,NORMAL_EXECUTION_PROGRESS,NONE,NONE
MPLADS-003677,39.24,70.9,0,15.1,73.1,88.2,13.0,0.0,0.0147,0.0,NORMAL_EXECUTION_PROGRESS,NONE,NONE
MPLADS-003678,13.73,24.84,0,1.3,89.6,90.9,29.0,0.0,0.0093,0.0,NORMAL_EXECUTION_PROGRESS,NONE,NONE
MPLADS-003679,41.77,74.52,0,-10.6,96.4,85.8,15.0,0.0,0.0129,0.0,NORMAL_EXECUTION_PROGRESS,NONE,NONE
MPLADS-003680,23.07,43.42,0,-5.9,92.3,86.4,30.0,0.0,0.012,0.0,NORMAL_EXECUTION_PROGRESS,NONE,NONE
MPLADS-003681,65.64,87.74,0,17.8,71.9,89.7,180.0,0.0,0.1302,0.0,ELEVATED_PROGRESS_VOLATILITY,NONE,NONE
MPLADS-003682,70.09,90.72,0,56.6,30.9,87.5,0.0,0.0,0.0,75.0,SEVERE_PHYSICAL_FINANCIAL_GAP,INSPECTION_DOCUMENTATION_DEFICIT,NONE
MPLADS-003683,38.62,69.98,0,15.1,74.4,89.5,0.0,0.0,0.0,0.0,NORMAL_EXECUTION_PROGRESS,NONE,NONE
MPLADS-003684,69.85,90.52,0,63.4,23.8,87.2,15.0,0.0,0.02,75.0,SEVERE_PHYSICAL_FINANCIAL_GAP,INSPECTION_DOCUMENTATION_DEFICIT,NONE
MPLADS-003685,7.45,12.06,0,-0.6,89.1,88.5,21.0,0.0,0.0042,0.0,NORMAL_EXECUTION_PROGRESS,NONE,NONE
MPLADS-003686,85.45,98.28,1,23.1,71.0,94.1,0.0,0.0,0.0,0.0,INSPECTION_DOCUMENTATION_DEFICIT,NONE,NONE
MPLADS-003687,13.51,24.38,0,18.2,71.2,89.4,4.0,0.0,0.0011,0.0,NORMAL_EXECUTION_PROGRESS,NONE,NONE
MPLADS-003688,17.41,32.34,0,2.7,87.4,90.1,33.0,0.0,0.0083,0.0,NORMAL_EXECUTION_PROGRESS,NONE,NONE
MPLADS-003689,33.88,62.38,0,11.7,76.4,88.1,11.0,0.0,0.0002,0.0,NORMAL_EXECUTION_PROGRESS,NONE,NONE
MPLADS-003690,22.56,42.46,0,19.0,75.8,94.8,31.0,0.0,0.0037,0.0,NORMAL_EXECUTION_PROGRESS,NONE,NONE
MPLADS-003691,10.28,17.78,0,16.9,79.9,96.8,0.0,0.0,0.0,0.0,NORMAL_EXECUTION_PROGRESS,NONE,NONE
MPLADS-003692,3.83,5.06,0,2.3,90.2,92.5,21.0,0.0,0.0041,0.0,NORMAL_EXECUTION_PROGRESS,NONE,NONE
MPLADS-003693,33.84,62.34,0,1.3,85.5,86.8,4.0,0.0,0.0001,0.0,NORMAL_EXECUTION_PROGRESS,NONE,NONE
MPLADS-003694,13.49,24.34,0,7.2,85.2,92.4,30.0,0.0,0.0048,0.0,NORMAL_EXECUTION_PROGRESS,NONE,NONE
MPLADS-003695,68.99,89.74,0,70.3,76.0,146.3,0.0,0.0,0.0,75.0,SEVERE_PHYSICAL_FINANCIAL_GAP,NONE,NONE
MPLADS-003696,8.01,13.12,0,1.1,89.8,90.9,19.0,0.0,0.0037,0.0,NORMAL_EXECUTION_PROGRESS,NONE,NONE
MPLADS-003697,36.29,66.42,0,10.5,83.7,94.2,0.0,0.0,0.0,0.0,NORMAL_EXECUTION_PROGRESS,NONE,NONE
MPLADS-003698,10.44,18.1,0,0.8,87.8,88.6,0.0,0.0,0.0,0.0,NORMAL_EXECUTION_PROGRESS,NONE,NONE
MPLADS-003699,54.86,84.52,0,51.0,91.8,142.8,10.0,0.0,0.0018,75.0,NORMAL_EXECUTION_PROGRESS,NONE,NONE
MPLADS-003700,29.77,55.6,0,24.7,70.4,95.1,0.0,0.0,0.0,0.0,NORMAL_EXECUTION_PROGRESS,NONE,NONE
MPLADS-003701,70.13,90.78,0,20.9,19.3,40.2,15.0,0.0,0.0326,0.0,ELEVATED_PROGRESS_VOLATILITY,NONE,NONE
MPLADS-003702,20.17,37.86,0,-0.5,96.9,96.4,0.0,0.0,0.0,0.0,NORMAL_EXECUTION_PROGRESS,NONE,NONE
MPLADS-003703,18.4,34.3,0,13.5,82.6,96.1,18.0,0.0,0.0081,0.0,NORMAL_EXECUTION_PROGRESS,NONE,NONE
MPLADS-003704,11.57,20.44,0,7.6,89.5,97.1,26.0,0.0,0.0064,0.0,NORMAL_EXECUTION_PROGRESS,NONE,NONE
MPLADS-003705,13.39,24.14,0,19.1,76.2,95.3,21.0,0.0,0.007,0.0,NORMAL_EXECUTION_PROGRESS,NONE,NONE
MPLADS-003706,31.32,58.2,0,8.7,83.9,92.6,17.0,0.0,0.0003,0.0,NORMAL_EXECUTION_PROGRESS,NONE,NONE
MPLADS-003707,38.56,69.92,0,8.2,79.2,87.4,0.0,0.0,0.0,0.0,NORMAL_EXECUTION_PROGRESS,NONE,NONE
MPLADS-003708,10.7,18.64,0,-0.4,95.1,94.7,14.0,0.0,0.0011,0.0,NORMAL_EXECUTION_PROGRESS,NONE,NONE
MPLADS-003709,9.29,15.74,0,3.9,86.0,89.9,5.0,0.0,0.0019,0.0,NORMAL_EXECUTION_PROGRESS,NONE,NONE
MPLADS-003710,8.5,14.12,0,13.5,77.4,90.9,29.0,0.0,0.0125,0.0,NORMAL_EXECUTION_PROGRESS,NONE,NONE
MPLADS-003711,30.6,56.96,0,10.3,81.3,91.6,0.0,0.0,0.0,0.0,NORMAL_EXECUTION_PROGRESS,NONE,NONE
MPLADS-003712,17.23,32.0,0,14.4,81.3,95.7,12.0,0.0,0.0053,0.0,NORMAL_EXECUTION_PROGRESS,NONE,NONE
MPLADS-003713,6.09,9.36,0,5.6,82.8,88.4,2.0,0.0,0.0006,0.0,NORMAL_EXECUTION_PROGRESS,NONE,NONE
MPLADS-003714,29.2,54.64,0,18.7,77.0,95.7,31.0,0.0,0.0172,0.0,NORMAL_EXECUTION_PROGRESS,NONE,NONE
MPLADS-003715,66.27,88.12,0,71.2,71.4,142.6,11.0,0.0,0.0002,75.0,SEVERE_PHYSICAL_FINANCIAL_GAP,NONE,NONE
MPLADS-003716,69.98,90.62,0,33.4,18.1,51.5,3.0,0.0,0.0066,50.0,SEVERE_PHYSICAL_FINANCIAL_GAP,ABANDONED_WORK_SUSPICION,NONE
MPLADS-003717,23.81,44.9,0,7.1,89.1,96.2,7.0,0.0,0.0025,0.0,NORMAL_EXECUTION_PROGRESS,NONE,NONE
MPLADS-003718,39.8,71.7,0,21.0,70.9,91.9,34.0,0.0,0.0218,0.0,NORMAL_EXECUTION_PROGRESS,NONE,NONE
MPLADS-003719,63.52,87.1,0,42.1,21.9,64.0,0.0,0.0,0.0,50.0,SEVERE_PHYSICAL_FINANCIAL_GAP,NONE,NONE
MPLADS-003720,27.66,51.94,0,-11.7,97.0,85.3,0.0,0.0,0.0,0.0,NORMAL_EXECUTION_PROGRESS,NONE,NONE
MPLADS-003721,4.09,5.52,0,13.3,78.5,91.8,1.0,0.0,0.0001,0.0,NORMAL_EXECUTION_PROGRESS,NONE,NONE
MPLADS-003722,42.36,75.26,0,-7.6,96.0,88.4,4.0,0.0,0.0001,0.0,NORMAL_EXECUTION_PROGRESS,NONE,NONE
MPLADS-003723,19.4,36.32,0,-1.8,96.2,94.4,0.0,0.0,0.0,0.0,NORMAL_EXECUTION_PROGRESS,NONE,NONE
MPLADS-003724,30.29,56.44,0,22.1,72.1,94.2,0.0,0.0,0.0,0.0,NORMAL_EXECUTION_PROGRESS,NONE,NONE
MPLADS-003725,29.82,55.68,0,16.1,77.2,93.3,0.0,0.0,0.0,0.0,NORMAL_EXECUTION_PROGRESS,NONE,NONE
MPLADS-003726,48.64,81.74,0,-2.4,99.2,96.8,31.0,0.0,0.0006,0.0,NORMAL_EXECUTION_PROGRESS,NONE,NONE
MPLADS-003727,20.39,38.28,0,-2.5,95.7,93.2,17.0,0.0,0.0014,0.0,NORMAL_EXECUTION_PROGRESS,NONE,NONE
MPLADS-003728,55.51,84.74,0,-5.4,99.4,94.0,0.0,0.0,0.0,0.0,NORMAL_EXECUTION_PROGRESS,NONE,NONE
MPLADS-003729,22.29,41.92,0,11.6,77.6,89.2,34.0,0.0,0.0041,0.0,NORMAL_EXECUTION_PROGRESS,NONE,NONE
MPLADS-003730,42.8,75.82,0,26.4,70.1,96.5,30.0,0.0,0.0191,0.0,NORMAL_EXECUTION_PROGRESS,NONE,NONE
MPLADS-003731,13.18,23.68,0,20.0,74.2,94.2,13.0,0.0,0.0022,0.0,NORMAL_EXECUTION_PROGRESS,NONE,NONE
MPLADS-003732,4.8,6.88,0,7.6,85.3,92.9,0.0,0.0,0.0,0.0,NORMAL_EXECUTION_PROGRESS,NONE,NONE
MPLADS-003733,24.85,46.9,0,17.7,70.1,87.8,0.0,0.0,0.0,0.0,NORMAL_EXECUTION_PROGRESS,NONE,NONE
MPLADS-003734,9.43,16.02,0,0.2,91.4,91.6,21.0,0.0,0.004,0.0,NORMAL_EXECUTION_PROGRESS,NONE,NONE
MPLADS-003735,29.68,55.44,0,-6.4,98.0,91.6,6.0,0.0,0.0007,0.0,NORMAL_EXECUTION_PROGRESS,NONE,NONE
MPLADS-003736,26.15,49.28,0,23.8,73.5,97.3,0.0,0.0,0.0,0.0,NORMAL_EXECUTION_PROGRESS,NONE,NONE
MPLADS-003737,55.41,84.7,0,52.1,85.1,137.2,23.0,0.0,0.0062,75.0,NORMAL_EXECUTION_PROGRESS,NONE,NONE
MPLADS-003738,42.47,75.36,0,-1.2,99.0,97.8,0.0,0.0,0.0,0.0,NORMAL_EXECUTION_PROGRESS,NONE,NONE
MPLADS-003739,5.01,7.3,0,7.2,77.9,85.1,11.0,0.0,0.0027,0.0,NORMAL_EXECUTION_PROGRESS,NONE,NONE
MPLADS-003740,46.37,79.92,0,-8.3,99.9,91.6,0.0,0.0,0.0,0.0,NORMAL_EXECUTION_PROGRESS,NONE,NONE
MPLADS-003741,50.49,82.9,0,-4.4,90.3,85.9,0.0,0.0,0.0,0.0,NORMAL_EXECUTION_PROGRESS,NONE,NONE
MPLADS-003742,44.7,78.22,0,34.2,90.9,125.1,9.0,0.0,0.0014,50.0,NORMAL_EXECUTION_PROGRESS,NONE,NONE
MPLADS-003743,4.06,5.44,0,11.5,74.3,85.8,0.0,0.0,0.0,0.0,NORMAL_EXECUTION_PROGRESS,NONE,NONE
MPLADS-003744,11.73,20.76,0,-4.8,91.9,87.1,1.0,0.0,0.0003,0.0,NORMAL_EXECUTION_PROGRESS,NONE,NONE
MPLADS-003745,1.61,1.28,0,12.1,83.0,95.1,0.0,0.0,0.0,0.0,NORMAL_EXECUTION_PROGRESS,NONE,NONE
MPLADS-003746,33.63,62.0,0,4.9,80.6,85.5,4.0,0.0,0.0001,0.0,NORMAL_EXECUTION_PROGRESS,NONE,NONE
MPLADS-003747,6.46,10.1,0,2.5,88.3,90.8,9.0,0.0,0.0015,0.0,NORMAL_EXECUTION_PROGRESS,NONE,NONE
MPLADS-003748,40.25,72.4,0,19.3,71.3,90.6,0.0,0.0,0.0,0.0,NORMAL_EXECUTION_PROGRESS,NONE,NONE
MPLADS-003749,16.66,30.86,0,13.8,72.4,86.2,4.0,0.0,0.0012,0.0,NORMAL_EXECUTION_PROGRESS,NONE,NONE
MPLADS-003750,3.08,3.7,0,10.9,78.7,89.6,0.0,0.0,0.0,0.0,NORMAL_EXECUTION_PROGRESS,NONE,NONE
MPLADS-003751,75.25,93.86,0,20.9,74.4,95.3,270.0,0.0,0.2632,25.0,EXTREME_DURATION_OVERRUN,NONE,NONE
MPLADS-003752,51.85,83.42,0,34.1,97.3,131.4,0.0,0.0,0.0,50.0,NORMAL_EXECUTION_PROGRESS,NONE,NONE
MPLADS-003753,19.9,37.32,0,6.3,89.6,95.9,30.0,0.0,0.0127,0.0,NORMAL_EXECUTION_PROGRESS,NONE,NONE
MPLADS-003754,8.14,13.38,0,15.1,80.2,95.3,0.0,0.0,0.0,0.0,NORMAL_EXECUTION_PROGRESS,NONE,NONE
MPLADS-003755,39.0,70.58,0,-3.2,90.8,87.6,6.0,0.0,0.0001,0.0,NORMAL_EXECUTION_PROGRESS,NONE,NONE
MPLADS-003756,61.84,86.52,0,61.0,71.3,132.3,24.0,0.0,0.0143,75.0,SEVERE_PHYSICAL_FINANCIAL_GAP,NONE,NONE
MPLADS-003757,39.14,70.8,0,5.4,92.2,97.6,18.0,0.0,0.0003,0.0,NORMAL_EXECUTION_PROGRESS,NONE,NONE
MPLADS-003758,25.14,47.4,0,-3.8,94.9,91.1,0.0,0.0,0.0,0.0,NORMAL_EXECUTION_PROGRESS,NONE,NONE
MPLADS-003759,39.06,70.66,0,-6.6,93.3,86.7,7.0,0.0,0.0001,0.0,NORMAL_EXECUTION_PROGRESS,NONE,NONE
MPLADS-003760,2.34,2.5,0,15.9,79.2,95.1,15.0,0.0,0.0022,0.0,NORMAL_EXECUTION_PROGRESS,NONE,NONE
MPLADS-003761,39.41,71.12,0,19.1,70.1,89.2,18.0,0.0,0.0006,0.0,NORMAL_EXECUTION_PROGRESS,NONE,NONE
MPLADS-003762,8.82,14.74,0,3.5,82.1,85.6,0.0,0.0,0.0,0.0,NORMAL_EXECUTION_PROGRESS,NONE,NONE
MPLADS-003763,18.07,33.66,0,3.8,90.5,94.3,31.0,0.0,0.013,0.0,NORMAL_EXECUTION_PROGRESS,NONE,NONE
MPLADS-003764,17.2,31.96,0,4.5,84.3,88.8,28.0,0.0,0.0101,0.0,NORMAL_EXECUTION_PROGRESS,NONE,NONE
MPLADS-003765,7.58,12.3,0,-2.2,88.4,86.2,13.0,0.0,0.0013,0.0,NORMAL_EXECUTION_PROGRESS,NONE,NONE
MPLADS-003766,15.14,27.72,0,15.5,72.1,87.6,22.0,0.0,0.0101,0.0,NORMAL_EXECUTION_PROGRESS,NONE,NONE
MPLADS-003767,21.39,40.18,0,1.0,90.6,91.6,0.0,0.0,0.0,0.0,NORMAL_EXECUTION_PROGRESS,NONE,NONE
MPLADS-003768,26.3,49.56,0,-7.9,95.8,87.9,25.0,0.0,0.0025,0.0,NORMAL_EXECUTION_PROGRESS,NONE,NONE
MPLADS-003769,9.86,16.9,0,-3.6,93.6,90.0,13.0,0.0,0.0032,0.0,NORMAL_EXECUTION_PROGRESS,NONE,NONE
MPLADS-003770,46.07,79.58,0,-4.5,90.6,86.1,27.0,0.0,0.0256,0.0,NORMAL_EXECUTION_PROGRESS,NONE,NONE
MPLADS-003771,21.0,39.44,0,19.7,74.0,93.7,4.0,0.0,0.0002,0.0,NORMAL_EXECUTION_PROGRESS,NONE,NONE
MPLADS-003772,80.83,96.48,1,78.8,15.5,94.3,9.0,0.0,0.0204,75.0,SEVERE_PHYSICAL_FINANCIAL_GAP,ABANDONED_WORK_SUSPICION,INSPECTION_DOCUMENTATION_DEFICIT
MPLADS-003773,14.92,27.28,0,2.6,87.7,90.3,0.0,0.0,0.0,0.0,NORMAL_EXECUTION_PROGRESS,NONE,NONE
MPLADS-003774,66.0,87.94,0,47.1,19.8,66.9,22.0,0.0,0.0339,50.0,SEVERE_PHYSICAL_FINANCIAL_GAP,ABANDONED_WORK_SUSPICION,NONE
MPLADS-003775,7.09,11.36,0,-0.7,87.5,86.8,19.0,0.0,0.0045,0.0,NORMAL_EXECUTION_PROGRESS,NONE,NONE
MPLADS-003776,23.53,44.36,0,-10.3,98.3,88.0,5.0,0.0,0.001,0.0,NORMAL_EXECUTION_PROGRESS,NONE,NONE
MPLADS-003777,28.87,54.1,0,20.7,70.8,91.5,16.0,0.0,0.0092,0.0,NORMAL_EXECUTION_PROGRESS,NONE,NONE
MPLADS-003778,2.53,2.82,0,13.1,77.1,90.2,2.0,0.0,0.0007,0.0,NORMAL_EXECUTION_PROGRESS,NONE,NONE
MPLADS-003779,79.84,95.76,1,42.7,54.7,97.4,320.0,0.0,0.4958,75.0,EXTREME_DURATION_OVERRUN,SEVERE_PHYSICAL_FINANCIAL_GAP,STALLED_EXECUTION_TRAJECTORY
MPLADS-003780,3.6,4.68,0,-5.2,92.1,86.9,5.0,0.0,0.0008,0.0,NORMAL_EXECUTION_PROGRESS,NONE,NONE
MPLADS-003781,45.92,79.36,0,-11.0,99.5,88.5,0.0,0.0,0.0,0.0,NORMAL_EXECUTION_PROGRESS,NONE,NONE
MPLADS-003782,3.14,3.8,0,13.9,77.0,90.9,0.0,0.0,0.0,0.0,NORMAL_EXECUTION_PROGRESS,NONE,NONE
MPLADS-003783,41.89,74.7,0,2.9,85.3,88.2,26.0,0.0,0.0005,0.0,NORMAL_EXECUTION_PROGRESS,NONE,NONE
MPLADS-003784,18.97,35.48,0,12.4,79.7,92.1,0.0,0.0,0.0,0.0,NORMAL_EXECUTION_PROGRESS,NONE,NONE
MPLADS-003785,37.96,68.98,0,17.8,71.4,89.2,27.0,0.0,0.0012,0.0,NORMAL_EXECUTION_PROGRESS,NONE,NONE
MPLADS-003786,5.96,9.12,0,7.9,81.1,89.0,12.0,0.0,0.004,0.0,NORMAL_EXECUTION_PROGRESS,NONE,NONE
MPLADS-003787,35.19,64.56,0,-5.8,93.0,87.2,0.0,0.0,0.0,0.0,NORMAL_EXECUTION_PROGRESS,NONE,NONE
MPLADS-003788,11.43,20.16,0,-3.8,97.0,93.2,10.0,0.0,0.003,0.0,NORMAL_EXECUTION_PROGRESS,NONE,NONE
MPLADS-003789,37.87,68.82,0,9.0,76.8,85.8,10.0,0.0,0.0107,0.0,NORMAL_EXECUTION_PROGRESS,NONE,NONE
MPLADS-003790,38.87,70.36,0,-0.4,91.7,91.3,2.0,0.0,0.0,0.0,NORMAL_EXECUTION_PROGRESS,NONE,NONE
MPLADS-003791,19.48,36.48,0,2.0,83.9,85.9,9.0,0.0,0.001,0.0,NORMAL_EXECUTION_PROGRESS,NONE,NONE
MPLADS-003792,25.29,47.7,0,11.9,73.2,85.1,25.0,0.0,0.0115,0.0,NORMAL_EXECUTION_PROGRESS,NONE,NONE
MPLADS-003793,3.21,3.94,0,6.7,86.0,92.7,11.0,0.0,0.0043,0.0,NORMAL_EXECUTION_PROGRESS,NONE,NONE
MPLADS-003794,25.15,47.42,0,0.9,90.3,91.2,0.0,0.0,0.0,0.0,NORMAL_EXECUTION_PROGRESS,NONE,NONE
MPLADS-003795,42.19,75.08,0,1.3,95.2,96.5,24.0,0.0,0.0004,0.0,NORMAL_EXECUTION_PROGRESS,NONE,NONE
MPLADS-003796,71.86,92.06,0,72.9,21.9,94.8,18.0,0.0,0.0284,75.0,SEVERE_PHYSICAL_FINANCIAL_GAP,INSPECTION_DOCUMENTATION_DEFICIT,NONE
MPLADS-003797,37.27,67.92,0,12.0,80.9,92.9,7.0,0.0,0.0071,0.0,NORMAL_EXECUTION_PROGRESS,NONE,NONE
MPLADS-003798,32.56,60.26,0,7.5,81.4,88.9,3.0,0.0,0.0001,0.0,NORMAL_EXECUTION_PROGRESS,NONE,NONE
MPLADS-003799,37.52,68.32,0,18.0,72.8,90.8,6.0,0.0,0.0067,0.0,NORMAL_EXECUTION_PROGRESS,NONE,NONE
MPLADS-003800,9.39,15.94,0,7.4,79.5,86.9,0.0,0.0,0.0,0.0,NORMAL_EXECUTION_PROGRESS,NONE,NONE
MPLADS-003801,14.56,26.5,0,20.4,74.8,95.2,23.0,0.0,0.0082,0.0,NORMAL_EXECUTION_PROGRESS,NONE,NONE
MPLADS-003802,11.1,19.46,0,-4.4,90.4,86.0,1.0,0.0,0.0003,0.0,NORMAL_EXECUTION_PROGRESS,NONE,NONE
MPLADS-003803,31.51,58.52,0,-6.8,99.8,93.0,0.0,0.0,0.0,0.0,NORMAL_EXECUTION_PROGRESS,NONE,NONE
MPLADS-003804,26.6,50.1,0,11.2,78.0,89.2,24.0,0.0,0.0006,0.0,NORMAL_EXECUTION_PROGRESS,NONE,NONE
MPLADS-003805,18.85,35.22,0,14.1,76.9,91.0,9.0,0.0,0.0005,0.0,NORMAL_EXECUTION_PROGRESS,NONE,NONE
MPLADS-003806,12.48,22.24,0,18.7,74.0,92.7,0.0,0.0,0.0,0.0,NORMAL_EXECUTION_PROGRESS,NONE,NONE
MPLADS-003807,63.22,87.04,0,69.8,84.6,154.4,30.0,0.0,0.0089,75.0,SEVERE_PHYSICAL_FINANCIAL_GAP,NONE,NONE
MPLADS-003808,23.13,43.54,0,4.3,91.2,95.5,2.0,0.0,0.0,0.0,NORMAL_EXECUTION_PROGRESS,NONE,NONE
MPLADS-003809,45.49,78.96,0,-9.5,99.5,90.0,16.0,0.0,0.0003,0.0,NORMAL_EXECUTION_PROGRESS,NONE,NONE
MPLADS-003810,29.72,55.52,0,-5.4,91.2,85.8,1.0,0.0,0.0,0.0,NORMAL_EXECUTION_PROGRESS,NONE,NONE
MPLADS-003811,68.24,89.2,0,62.8,25.3,88.1,19.0,0.0,0.0257,75.0,SEVERE_PHYSICAL_FINANCIAL_GAP,INSPECTION_DOCUMENTATION_DEFICIT,NONE
MPLADS-003812,15.45,28.4,0,11.5,74.1,85.6,11.0,0.0,0.0008,0.0,NORMAL_EXECUTION_PROGRESS,NONE,NONE
MPLADS-003813,16.45,30.44,0,18.4,75.8,94.2,27.0,0.0,0.0087,0.0,NORMAL_EXECUTION_PROGRESS,NONE,NONE
MPLADS-003814,95.61,99.26,1,100.0,0.0,100.0,0.0,1.0,0.0,75.0,GHOST_WORK_EXECUTION_DIVERGENCE,SEVERE_PHYSICAL_FINANCIAL_GAP,ABANDONED_WORK_SUSPICION
MPLADS-003815,35.79,65.56,0,8.4,88.5,96.9,7.0,0.0,0.0065,0.0,NORMAL_EXECUTION_PROGRESS,NONE,NONE
MPLADS-003816,34.21,62.94,0,-0.7,98.2,97.5,0.0,0.0,0.0,0.0,NORMAL_EXECUTION_PROGRESS,NONE,NONE
MPLADS-003817,40.72,73.06,0,26.6,70.3,96.9,31.0,0.0,0.0135,0.0,NORMAL_EXECUTION_PROGRESS,NONE,NONE
MPLADS-003818,17.76,33.06,0,14.8,80.3,95.1,20.0,0.0,0.0031,0.0,NORMAL_EXECUTION_PROGRESS,NONE,NONE
MPLADS-003819,14.81,27.04,0,12.1,78.0,90.1,19.0,0.0,0.0031,0.0,NORMAL_EXECUTION_PROGRESS,NONE,NONE
MPLADS-003820,12.5,22.28,0,10.8,75.1,85.9,0.0,0.0,0.0,0.0,NORMAL_EXECUTION_PROGRESS,NONE,NONE
MPLADS-003821,17.21,31.98,0,-1.1,98.0,96.9,9.0,0.0,0.0018,0.0,NORMAL_EXECUTION_PROGRESS,NONE,NONE
MPLADS-003822,7.56,12.28,0,5.2,88.9,94.1,6.0,0.0,0.0005,0.0,NORMAL_EXECUTION_PROGRESS,NONE,NONE
MPLADS-003823,70.79,91.18,0,22.1,68.2,90.3,180.0,0.0,0.1191,0.0,ELEVATED_PROGRESS_VOLATILITY,NONE,NONE
MPLADS-003824,30.95,57.58,0,1.0,89.0,90.0,6.0,0.0,0.0001,0.0,NORMAL_EXECUTION_PROGRESS,NONE,NONE
MPLADS-003825,0.58,0.22,0,11.9,78.5,90.4,11.0,0.0,0.003,0.0,NORMAL_EXECUTION_PROGRESS,NONE,NONE
MPLADS-003826,22.12,41.62,0,0.7,97.1,97.8,0.0,0.0,0.0,0.0,NORMAL_EXECUTION_PROGRESS,NONE,NONE
MPLADS-003827,34.24,63.0,0,3.0,86.3,89.3,1.0,0.0,0.0009,0.0,NORMAL_EXECUTION_PROGRESS,NONE,NONE
MPLADS-003828,28.86,54.08,0,-3.9,93.7,89.8,32.0,0.0,0.0019,0.0,NORMAL_EXECUTION_PROGRESS,NONE,NONE
MPLADS-003829,54.33,84.34,0,-12.0,98.4,86.4,0.0,0.0,0.0,0.0,NORMAL_EXECUTION_PROGRESS,NONE,NONE
MPLADS-003830,15.57,28.64,0,17.1,72.6,89.7,0.0,0.0,0.0,0.0,NORMAL_EXECUTION_PROGRESS,NONE,NONE
MPLADS-003831,1.44,1.06,0,11.6,84.5,96.1,14.0,0.0,0.0029,0.0,NORMAL_EXECUTION_PROGRESS,NONE,NONE
MPLADS-003832,14.33,26.04,0,5.0,82.5,87.5,31.0,0.0,0.0098,0.0,NORMAL_EXECUTION_PROGRESS,NONE,NONE
MPLADS-003833,75.93,94.22,0,31.6,62.7,94.3,300.0,0.0,0.4096,75.0,EXTREME_DURATION_OVERRUN,STALLED_EXECUTION_TRAJECTORY,SEVERE_PHYSICAL_FINANCIAL_GAP
MPLADS-003834,4.29,5.92,0,11.7,74.7,86.4,0.0,0.0,0.0,0.0,NORMAL_EXECUTION_PROGRESS,NONE,NONE
MPLADS-003835,30.35,56.52,0,-2.1,94.4,92.3,0.0,0.0,0.0,0.0,NORMAL_EXECUTION_PROGRESS,NONE,NONE
MPLADS-003836,36.19,66.28,0,-3.8,98.9,95.1,12.0,0.0,0.0003,0.0,NORMAL_EXECUTION_PROGRESS,NONE,NONE
MPLADS-003837,38.75,70.2,0,20.1,73.0,93.1,0.0,0.0,0.0,0.0,NORMAL_EXECUTION_PROGRESS,NONE,NONE
MPLADS-003838,8.45,14.02,0,-5.9,96.5,90.6,15.0,0.0,0.0026,0.0,NORMAL_EXECUTION_PROGRESS,NONE,NONE
MPLADS-003839,49.28,82.22,0,-11.3,96.5,85.2,30.0,0.0,0.0006,0.0,NORMAL_EXECUTION_PROGRESS,NONE,NONE
MPLADS-003840,29.99,55.94,0,14.1,73.0,87.1,28.0,0.0,0.0065,0.0,NORMAL_EXECUTION_PROGRESS,NONE,NONE
MPLADS-003841,31.27,58.1,0,1.4,89.4,90.8,0.0,0.0,0.0,0.0,NORMAL_EXECUTION_PROGRESS,NONE,NONE
MPLADS-003842,38.31,69.54,0,20.6,70.5,91.1,27.0,0.0,0.0167,0.0,NORMAL_EXECUTION_PROGRESS,NONE,NONE
MPLADS-003843,86.36,98.54,1,47.3,50.2,97.5,480.0,0.0,0.8886,75.0,EXTREME_DURATION_OVERRUN,SEVERE_PHYSICAL_FINANCIAL_GAP,STALLED_EXECUTION_TRAJECTORY
MPLADS-003844,10.11,17.42,0,9.2,80.0,89.2,29.0,0.0,0.0096,0.0,NORMAL_EXECUTION_PROGRESS,NONE,NONE
MPLADS-003845,1.7,1.42,0,9.8,85.6,95.4,4.0,0.0,0.0011,0.0,NORMAL_EXECUTION_PROGRESS,NONE,NONE
MPLADS-003846,15.72,28.94,0,1.7,86.6,88.3,0.0,0.0,0.0,0.0,NORMAL_EXECUTION_PROGRESS,NONE,NONE
MPLADS-003847,42.06,74.88,0,-4.2,95.9,91.7,13.0,0.0,0.0112,0.0,NORMAL_EXECUTION_PROGRESS,NONE,NONE
MPLADS-003848,11.23,19.74,0,20.5,75.7,96.2,0.0,0.0,0.0,0.0,NORMAL_EXECUTION_PROGRESS,NONE,NONE
MPLADS-003849,27.55,51.76,0,-10.4,97.4,87.0,0.0,0.0,0.0,0.0,NORMAL_EXECUTION_PROGRESS,NONE,NONE
MPLADS-003850,59.79,85.82,0,57.4,96.7,154.1,0.0,0.0,0.0,75.0,NORMAL_EXECUTION_PROGRESS,NONE,NONE
MPLADS-003851,54.52,84.42,0,54.4,71.3,125.7,21.0,0.0,0.0046,75.0,NORMAL_EXECUTION_PROGRESS,NONE,NONE
MPLADS-003852,6.51,10.2,0,-4.1,93.5,89.4,10.0,0.0,0.0015,0.0,NORMAL_EXECUTION_PROGRESS,NONE,NONE
MPLADS-003853,12.02,21.34,0,9.4,81.7,91.1,26.0,0.0,0.0098,0.0,NORMAL_EXECUTION_PROGRESS,NONE,NONE
MPLADS-003854,79.88,95.8,1,-4.8,92.7,87.9,11.0,0.0,0.0009,0.0,INSPECTION_DOCUMENTATION_DEFICIT,NONE,NONE
MPLADS-003855,24.49,46.22,0,7.7,83.8,91.5,29.0,0.0,0.0138,0.0,NORMAL_EXECUTION_PROGRESS,NONE,NONE
MPLADS-003856,34.46,63.36,0,13.9,81.4,95.3,20.0,0.0,0.0208,0.0,NORMAL_EXECUTION_PROGRESS,NONE,NONE
MPLADS-003857,23.88,45.04,0,-1.9,98.2,96.3,21.0,0.0,0.0069,0.0,NORMAL_EXECUTION_PROGRESS,NONE,NONE
MPLADS-003858,37.49,68.26,0,-1.9,88.8,86.9,5.0,0.0,0.0046,0.0,NORMAL_EXECUTION_PROGRESS,NONE,NONE
MPLADS-003859,18.11,33.74,0,1.4,84.2,85.6,0.0,0.0,0.0,0.0,NORMAL_EXECUTION_PROGRESS,NONE,NONE
MPLADS-003860,33.91,62.44,0,-0.2,89.1,88.9,19.0,0.0,0.0004,0.0,NORMAL_EXECUTION_PROGRESS,NONE,NONE
MPLADS-003861,33.47,61.72,0,3.3,89.3,92.6,14.0,0.0,0.013,0.0,NORMAL_EXECUTION_PROGRESS,NONE,NONE
MPLADS-003862,35.97,65.92,0,6.9,87.7,94.6,1.0,0.0,0.0,0.0,NORMAL_EXECUTION_PROGRESS,NONE,NONE
MPLADS-003863,44.03,77.38,0,8.0,84.6,92.6,32.0,0.0,0.0329,0.0,NORMAL_EXECUTION_PROGRESS,NONE,NONE
MPLADS-003864,31.07,57.8,0,-6.2,99.1,92.9,0.0,0.0,0.0,0.0,NORMAL_EXECUTION_PROGRESS,NONE,NONE
MPLADS-003865,83.82,97.62,1,22.5,70.6,93.1,540.0,0.0,0.9059,25.0,EXTREME_DURATION_OVERRUN,STALLED_EXECUTION_TRAJECTORY,NONE
MPLADS-003866,36.67,67.02,0,5.0,80.2,85.2,20.0,0.0,0.0004,0.0,NORMAL_EXECUTION_PROGRESS,NONE,NONE
MPLADS-003867,4.21,5.78,0,2.9,89.5,92.4,21.0,0.0,0.0042,0.0,NORMAL_EXECUTION_PROGRESS,NONE,NONE
MPLADS-003868,59.87,85.88,0,55.3,97.8,153.1,0.0,0.0,0.0,75.0,NORMAL_EXECUTION_PROGRESS,NONE,NONE
MPLADS-003869,26.75,50.36,0,17.7,80.1,97.8,26.0,0.0,0.0102,0.0,NORMAL_EXECUTION_PROGRESS,NONE,NONE
MPLADS-003870,5.95,9.08,0,5.5,81.3,86.8,0.0,0.0,0.0,0.0,NORMAL_EXECUTION_PROGRESS,NONE,NONE
MPLADS-003871,39.7,71.56,0,-2.4,95.9,93.5,0.0,0.0,0.0,0.0,NORMAL_EXECUTION_PROGRESS,NONE,NONE
MPLADS-003872,87.83,98.84,1,49.8,45.9,95.7,540.0,0.0,1.0754,75.0,EXTREME_DURATION_OVERRUN,SEVERE_PHYSICAL_FINANCIAL_GAP,STALLED_EXECUTION_TRAJECTORY
MPLADS-003873,60.66,86.08,0,63.3,91.2,154.5,0.0,0.0,0.0,75.0,SEVERE_PHYSICAL_FINANCIAL_GAP,NONE,NONE
MPLADS-003874,10.83,18.9,0,17.4,76.8,94.2,0.0,0.0,0.0,0.0,NORMAL_EXECUTION_PROGRESS,NONE,NONE
MPLADS-003875,46.73,80.22,0,-9.7,97.4,87.7,25.0,0.0,0.0218,0.0,NORMAL_EXECUTION_PROGRESS,NONE,NONE
MPLADS-003876,39.2,70.84,0,18.6,76.2,94.8,0.0,0.0,0.0,0.0,NORMAL_EXECUTION_PROGRESS,NONE,NONE
MPLADS-003877,3.98,5.32,0,6.3,87.1,93.4,0.0,0.0,0.0,0.0,NORMAL_EXECUTION_PROGRESS,NONE,NONE
MPLADS-003878,16.11,29.74,0,-6.8,94.1,87.3,20.0,0.0,0.0071,0.0,NORMAL_EXECUTION_PROGRESS,NONE,NONE
MPLADS-003879,50.15,82.62,0,18.1,71.4,89.5,28.0,0.0,0.0333,0.0,NORMAL_EXECUTION_PROGRESS,NONE,NONE
MPLADS-003880,22.25,41.84,0,8.4,87.8,96.2,29.0,0.0,0.0127,0.0,NORMAL_EXECUTION_PROGRESS,NONE,NONE
MPLADS-003881,26.51,49.94,0,1.5,89.7,91.2,32.0,0.0,0.0137,0.0,NORMAL_EXECUTION_PROGRESS,NONE,NONE
MPLADS-003882,25.47,48.02,0,18.0,73.9,91.9,20.0,0.0,0.0039,0.0,NORMAL_EXECUTION_PROGRESS,NONE,NONE
MPLADS-003883,19.0,35.52,0,12.3,79.7,92.0,32.0,0.0,0.011,0.0,NORMAL_EXECUTION_PROGRESS,NONE,NONE
MPLADS-003884,49.03,82.04,0,15.8,75.0,90.8,0.0,0.0,0.0,0.0,NORMAL_EXECUTION_PROGRESS,NONE,NONE
MPLADS-003885,29.59,55.3,0,14.7,76.0,90.7,31.0,0.0,0.0175,0.0,NORMAL_EXECUTION_PROGRESS,NONE,NONE
MPLADS-003886,71.79,92.02,0,40.8,11.8,52.6,29.0,0.0,0.0484,50.0,SEVERE_PHYSICAL_FINANCIAL_GAP,ABANDONED_WORK_SUSPICION,NONE
MPLADS-003887,23.87,45.02,0,1.6,90.9,92.5,28.0,0.0,0.0036,0.0,NORMAL_EXECUTION_PROGRESS,NONE,NONE
MPLADS-003888,3.02,3.6,0,-1.6,92.5,90.9,15.0,0.0,0.0025,0.0,NORMAL_EXECUTION_PROGRESS,NONE,NONE
MPLADS-003889,45.22,78.68,0,-5.9,98.1,92.2,12.0,0.0,0.01,0.0,NORMAL_EXECUTION_PROGRESS,NONE,NONE
MPLADS-003890,43.79,77.06,0,-0.2,90.8,90.6,33.0,0.0,0.0007,0.0,NORMAL_EXECUTION_PROGRESS,NONE,NONE
MPLADS-003891,20.25,38.0,0,12.5,83.1,95.6,0.0,0.0,0.0,0.0,NORMAL_EXECUTION_PROGRESS,NONE,NONE
MPLADS-003892,30.55,56.86,0,1.8,92.6,94.4,34.0,0.0,0.0022,0.0,NORMAL_EXECUTION_PROGRESS,NONE,NONE
MPLADS-003893,5.45,8.16,0,16.9,80.3,97.2,7.0,0.0,0.0022,0.0,NORMAL_EXECUTION_PROGRESS,NONE,NONE
MPLADS-003894,72.67,92.44,0,74.8,18.9,93.7,0.0,0.0,0.0,75.0,SEVERE_PHYSICAL_FINANCIAL_GAP,ABANDONED_WORK_SUSPICION,INSPECTION_DOCUMENTATION_DEFICIT
MPLADS-003895,41.1,73.56,0,22.5,74.3,96.8,3.0,0.0,0.0001,0.0,NORMAL_EXECUTION_PROGRESS,NONE,NONE
MPLADS-003896,96.67,99.62,1,100.0,0.0,100.0,8.0,1.0,0.0219,75.0,GHOST_WORK_EXECUTION_DIVERGENCE,SEVERE_PHYSICAL_FINANCIAL_GAP,ABANDONED_WORK_SUSPICION
MPLADS-003897,26.5,49.92,0,12.4,73.1,85.5,0.0,0.0,0.0,0.0,NORMAL_EXECUTION_PROGRESS,NONE,NONE
MPLADS-003898,7.96,13.02,0,4.1,86.0,90.1,11.0,0.0,0.0032,0.0,NORMAL_EXECUTION_PROGRESS,NONE,NONE
MPLADS-003899,17.19,31.94,0,-2.9,95.0,92.1,0.0,0.0,0.0,0.0,NORMAL_EXECUTION_PROGRESS,NONE,NONE
MPLADS-003900,48.25,81.48,0,9.5,82.0,91.5,34.0,0.0,0.0362,0.0,NORMAL_EXECUTION_PROGRESS,NONE,NONE
MPLADS-003901,13.3,23.94,0,6.7,87.1,93.8,24.0,0.0,0.0032,0.0,NORMAL_EXECUTION_PROGRESS,NONE,NONE
MPLADS-003902,11.49,20.26,0,16.1,77.5,93.6,0.0,0.0,0.0,0.0,NORMAL_EXECUTION_PROGRESS,NONE,NONE
MPLADS-003903,49.13,82.14,0,-5.9,99.7,93.8,33.0,0.0,0.0286,0.0,NORMAL_EXECUTION_PROGRESS,NONE,NONE
MPLADS-003904,11.33,19.94,0,19.0,77.8,96.8,9.0,0.0,0.0042,0.0,NORMAL_EXECUTION_PROGRESS,NONE,NONE
MPLADS-003905,28.76,53.9,0,-0.3,86.5,86.2,0.0,0.0,0.0,0.0,NORMAL_EXECUTION_PROGRESS,NONE,NONE
MPLADS-003906,9.41,16.0,0,-4.5,93.6,89.1,21.0,0.0,0.0056,0.0,NORMAL_EXECUTION_PROGRESS,NONE,NONE
MPLADS-003907,33.76,62.2,0,12.2,76.9,89.1,5.0,0.0,0.0001,0.0,NORMAL_EXECUTION_PROGRESS,NONE,NONE
MPLADS-003908,40.53,72.76,0,26.5,70.8,97.3,27.0,0.0,0.0134,0.0,NORMAL_EXECUTION_PROGRESS,NONE,NONE
MPLADS-003909,11.88,21.08,0,13.4,74.2,87.6,0.0,0.0,0.0,0.0,NORMAL_EXECUTION_PROGRESS,NONE,NONE
MPLADS-003910,39.51,71.3,0,16.2,78.0,94.2,26.0,0.0,0.0285,0.0,NORMAL_EXECUTION_PROGRESS,NONE,NONE
MPLADS-003911,21.77,40.96,0,8.8,87.7,96.5,9.0,0.0,0.0003,0.0,NORMAL_EXECUTION_PROGRESS,NONE,NONE
MPLADS-003912,67.09,88.52,0,70.5,24.4,94.9,0.0,0.0,0.0,75.0,SEVERE_PHYSICAL_FINANCIAL_GAP,INSPECTION_DOCUMENTATION_DEFICIT,NONE
MPLADS-003913,33.39,61.6,0,5.5,83.9,89.4,22.0,0.0,0.0004,0.0,NORMAL_EXECUTION_PROGRESS,NONE,NONE
MPLADS-003914,8.41,13.94,0,13.9,79.2,93.1,0.0,0.0,0.0,0.0,NORMAL_EXECUTION_PROGRESS,NONE,NONE
MPLADS-003915,75.9,94.2,0,52.8,12.9,65.7,8.0,0.0,0.0187,75.0,SEVERE_PHYSICAL_FINANCIAL_GAP,ABANDONED_WORK_SUSPICION,NONE
MPLADS-003916,39.49,71.26,0,-5.3,96.6,91.3,0.0,0.0,0.0,0.0,NORMAL_EXECUTION_PROGRESS,NONE,NONE
MPLADS-003917,12.29,21.88,0,19.3,76.6,95.9,14.0,0.0,0.0022,0.0,NORMAL_EXECUTION_PROGRESS,NONE,NONE
MPLADS-003918,23.08,43.44,0,11.1,76.4,87.5,34.0,0.0,0.0195,0.0,NORMAL_EXECUTION_PROGRESS,NONE,NONE
MPLADS-003919,48.05,81.3,0,11.6,74.5,86.1,34.0,0.0,0.0395,0.0,NORMAL_EXECUTION_PROGRESS,NONE,NONE
MPLADS-003920,27.69,52.0,0,-3.2,96.5,93.3,20.0,0.0,0.0007,0.0,NORMAL_EXECUTION_PROGRESS,NONE,NONE
MPLADS-003921,31.9,59.2,0,8.6,89.0,97.6,0.0,0.0,0.0,0.0,NORMAL_EXECUTION_PROGRESS,NONE,NONE
MPLADS-003922,23.8,44.88,0,15.7,70.4,86.1,27.0,0.0,0.0067,0.0,NORMAL_EXECUTION_PROGRESS,NONE,NONE
MPLADS-003923,35.94,65.86,0,-6.5,98.5,92.0,25.0,0.0,0.0084,0.0,NORMAL_EXECUTION_PROGRESS,NONE,NONE
MPLADS-003924,21.93,41.28,0,14.0,72.9,86.9,3.0,0.0,0.0015,0.0,NORMAL_EXECUTION_PROGRESS,NONE,NONE
MPLADS-003925,17.18,31.92,0,14.5,71.4,85.9,9.0,0.0,0.003,0.0,NORMAL_EXECUTION_PROGRESS,NONE,NONE
MPLADS-003926,57.99,85.32,0,48.3,87.5,135.8,19.0,0.0,0.0183,50.0,NORMAL_EXECUTION_PROGRESS,NONE,NONE
MPLADS-003927,19.82,37.14,0,-1.4,94.9,93.5,0.0,0.0,0.0,0.0,NORMAL_EXECUTION_PROGRESS,NONE,NONE
MPLADS-003928,40.8,73.18,0,8.0,84.5,92.5,20.0,0.0,0.02,0.0,NORMAL_EXECUTION_PROGRESS,NONE,NONE
MPLADS-003929,42.49,75.4,0,0.2,95.8,96.0,11.0,0.0,0.0094,0.0,NORMAL_EXECUTION_PROGRESS,NONE,NONE
MPLADS-003930,4.84,6.96,0,4.5,90.3,94.8,12.0,0.0,0.0043,0.0,NORMAL_EXECUTION_PROGRESS,NONE,NONE
MPLADS-003931,73.91,93.16,0,56.0,10.1,66.1,29.0,0.0,0.0624,75.0,SEVERE_PHYSICAL_FINANCIAL_GAP,ABANDONED_WORK_SUSPICION,NONE
MPLADS-003932,26.13,49.26,0,-3.6,99.3,95.7,29.0,0.0,0.0074,0.0,NORMAL_EXECUTION_PROGRESS,NONE,NONE
MPLADS-003933,7.3,11.78,0,-3.1,88.9,85.8,11.0,0.0,0.0019,0.0,NORMAL_EXECUTION_PROGRESS,NONE,NONE
MPLADS-003934,6.01,9.22,0,19.5,73.3,92.8,3.0,0.0,0.0007,0.0,NORMAL_EXECUTION_PROGRESS,NONE,NONE
MPLADS-003935,21.26,39.94,0,-4.0,96.9,92.9,24.0,0.0,0.0061,0.0,NORMAL_EXECUTION_PROGRESS,NONE,NONE
MPLADS-003936,21.6,40.62,0,13.9,83.8,97.7,5.0,0.0,0.0005,0.0,NORMAL_EXECUTION_PROGRESS,NONE,NONE
MPLADS-003937,25.0,47.16,0,-10.7,97.1,86.4,21.0,0.0,0.0051,0.0,NORMAL_EXECUTION_PROGRESS,NONE,NONE
MPLADS-003938,39.48,71.24,0,-6.6,95.6,89.0,0.0,0.0,0.0,0.0,NORMAL_EXECUTION_PROGRESS,NONE,NONE
MPLADS-003939,43.98,77.3,0,17.5,76.4,93.9,0.0,0.0,0.0,0.0,NORMAL_EXECUTION_PROGRESS,NONE,NONE
MPLADS-003940,30.57,56.9,0,20.5,76.5,97.0,33.0,0.0,0.0074,0.0,NORMAL_EXECUTION_PROGRESS,NONE,NONE
MPLADS-003941,14.95,27.34,0,8.3,83.7,92.0,33.0,0.0,0.0103,0.0,NORMAL_EXECUTION_PROGRESS,NONE,NONE
MPLADS-003942,48.51,81.66,0,-6.9,92.7,85.8,34.0,0.0,0.032,0.0,NORMAL_EXECUTION_PROGRESS,NONE,NONE
MPLADS-003943,36.72,67.1,0,22.2,75.3,97.5,31.0,0.0,0.007,0.0,NORMAL_EXECUTION_PROGRESS,NONE,NONE
MPLADS-003944,72.77,92.5,0,38.3,59.3,97.6,120.0,0.0,0.0633,50.0,SEVERE_PHYSICAL_FINANCIAL_GAP,NONE,NONE
MPLADS-003945,22.91,43.12,0,21.1,76.1,97.2,24.0,0.0,0.0083,0.0,NORMAL_EXECUTION_PROGRESS,NONE,NONE
MPLADS-003946,3.77,4.96,0,18.5,77.4,95.9,18.0,0.0,0.0056,0.0,NORMAL_EXECUTION_PROGRESS,NONE,NONE
MPLADS-003947,54.35,84.36,0,-3.3,98.3,95.0,0.0,0.0,0.0,0.0,NORMAL_EXECUTION_PROGRESS,NONE,NONE
MPLADS-003948,3.12,3.78,0,12.2,80.9,93.1,16.0,0.0,0.0044,0.0,NORMAL_EXECUTION_PROGRESS,NONE,NONE
MPLADS-003949,38.03,69.1,0,-1.9,88.5,86.6,0.0,0.0,0.0,0.0,NORMAL_EXECUTION_PROGRESS,NONE,NONE
MPLADS-003950,77.7,94.76,0,22.4,67.5,89.9,360.0,0.0,0.5279,25.0,EXTREME_DURATION_OVERRUN,STALLED_EXECUTION_TRAJECTORY,NONE
MPLADS-003951,29.37,54.92,0,0.6,85.0,85.6,1.0,0.0,0.0,0.0,NORMAL_EXECUTION_PROGRESS,NONE,NONE
MPLADS-003952,21.19,39.8,0,-9.5,94.5,85.0,10.0,0.0,0.0023,0.0,NORMAL_EXECUTION_PROGRESS,NONE,NONE
MPLADS-003953,15.73,28.96,0,-0.7,93.9,93.2,8.0,0.0,0.0025,0.0,NORMAL_EXECUTION_PROGRESS,NONE,NONE
MPLADS-003954,31.04,57.74,0,20.6,72.8,93.4,19.0,0.0,0.0005,0.0,NORMAL_EXECUTION_PROGRESS,NONE,NONE
MPLADS-003955,10.68,18.6,0,0.6,92.4,93.0,19.0,0.0,0.0034,0.0,NORMAL_EXECUTION_PROGRESS,NONE,NONE
MPLADS-003956,6.85,10.88,0,10.7,86.6,97.3,4.0,0.0,0.0007,0.0,NORMAL_EXECUTION_PROGRESS,NONE,NONE
MPLADS-003957,28.41,53.3,0,10.5,83.3,93.8,0.0,0.0,0.0,0.0,NORMAL_EXECUTION_PROGRESS,NONE,NONE
MPLADS-003958,24.29,45.82,0,15.1,72.1,87.2,16.0,0.0,0.0089,0.0,NORMAL_EXECUTION_PROGRESS,NONE,NONE
MPLADS-003959,34.89,64.06,0,13.5,71.7,85.2,24.0,0.0,0.0055,0.0,NORMAL_EXECUTION_PROGRESS,NONE,NONE
MPLADS-003960,34.72,63.8,0,-2.2,90.3,88.1,0.0,0.0,0.0,0.0,NORMAL_EXECUTION_PROGRESS,NONE,NONE
MPLADS-003961,30.5,56.76,0,-2.7,98.4,95.7,26.0,0.0,0.0089,0.0,NORMAL_EXECUTION_PROGRESS,NONE,NONE
MPLADS-003962,43.18,76.38,0,-1.3,94.5,93.2,23.0,0.0,0.0206,0.0,NORMAL_EXECUTION_PROGRESS,NONE,NONE
MPLADS-003963,44.67,78.18,0,25.4,70.3,95.7,3.0,0.0,0.0001,0.0,NORMAL_EXECUTION_PROGRESS,NONE,NONE
MPLADS-003964,6.58,10.32,0,14.0,84.0,98.0,1.0,0.0,0.0002,0.0,NORMAL_EXECUTION_PROGRESS,NONE,NONE
MPLADS-003965,41.43,74.06,0,-5.6,93.5,87.9,0.0,0.0,0.0,0.0,NORMAL_EXECUTION_PROGRESS,NONE,NONE
MPLADS-003966,48.78,81.84,0,21.1,73.0,94.1,0.0,0.0,0.0,0.0,NORMAL_EXECUTION_PROGRESS,NONE,NONE
MPLADS-003967,16.21,29.94,0,8.1,88.0,96.1,23.0,0.0,0.0072,0.0,NORMAL_EXECUTION_PROGRESS,NONE,NONE
MPLADS-003968,25.64,48.34,0,5.4,81.1,86.5,26.0,0.0,0.0044,0.0,NORMAL_EXECUTION_PROGRESS,NONE,NONE
MPLADS-003969,26.59,50.08,0,5.7,91.2,96.9,31.0,0.0,0.0041,0.0,NORMAL_EXECUTION_PROGRESS,NONE,NONE
MPLADS-003970,29.47,55.08,0,21.2,70.1,91.3,20.0,0.0,0.007,0.0,NORMAL_EXECUTION_PROGRESS,NONE,NONE
MPLADS-003971,32.89,60.8,0,-2.7,97.9,95.2,5.0,0.0,0.0001,0.0,NORMAL_EXECUTION_PROGRESS,NONE,NONE
MPLADS-003972,14.3,26.0,0,9.9,87.2,97.1,0.0,0.0,0.0,0.0,NORMAL_EXECUTION_PROGRESS,NONE,NONE
MPLADS-003973,38.66,70.06,0,-3.2,93.3,90.1,21.0,0.0,0.019,0.0,NORMAL_EXECUTION_PROGRESS,NONE,NONE
MPLADS-003974,41.12,73.6,0,3.3,84.9,88.2,33.0,0.0,0.0009,0.0,NORMAL_EXECUTION_PROGRESS,NONE,NONE
MPLADS-003975,17.57,32.66,0,-6.6,94.7,88.1,20.0,0.0,0.0034,0.0,NORMAL_EXECUTION_PROGRESS,NONE,NONE
MPLADS-003976,70.05,90.7,0,63.2,23.0,86.2,29.0,0.0,0.0367,75.0,SEVERE_PHYSICAL_FINANCIAL_GAP,INSPECTION_DOCUMENTATION_DEFICIT,NONE
MPLADS-003977,40.85,73.26,0,6.4,86.2,92.6,0.0,0.0,0.0,0.0,NORMAL_EXECUTION_PROGRESS,NONE,NONE
MPLADS-003978,10.72,18.68,0,-3.0,89.1,86.1,0.0,0.0,0.0,0.0,NORMAL_EXECUTION_PROGRESS,NONE,NONE
MPLADS-003979,6.13,9.44,0,2.3,90.8,93.1,27.0,0.0,0.0065,0.0,NORMAL_EXECUTION_PROGRESS,NONE,NONE
MPLADS-003980,31.15,57.94,0,-4.9,99.1,94.2,0.0,0.0,0.0,0.0,NORMAL_EXECUTION_PROGRESS,NONE,NONE
MPLADS-003981,65.43,87.6,0,64.9,23.4,88.3,4.0,0.0,0.0043,75.0,SEVERE_PHYSICAL_FINANCIAL_GAP,INSPECTION_DOCUMENTATION_DEFICIT,NONE
MPLADS-003982,7.83,12.78,0,5.4,84.2,89.6,27.0,0.0,0.0097,0.0,NORMAL_EXECUTION_PROGRESS,NONE,NONE
MPLADS-003983,18.28,34.08,0,-6.3,93.1,86.8,19.0,0.0,0.0068,0.0,NORMAL_EXECUTION_PROGRESS,NONE,NONE
MPLADS-003984,75.27,93.88,0,63.2,26.5,89.7,33.0,0.0,0.0218,75.0,SEVERE_PHYSICAL_FINANCIAL_GAP,INSPECTION_DOCUMENTATION_DEFICIT,NONE
MPLADS-003985,12.16,21.64,0,11.2,82.5,93.7,18.0,0.0,0.0081,0.0,NORMAL_EXECUTION_PROGRESS,NONE,NONE
MPLADS-003986,45.9,79.32,0,16.4,75.2,91.6,29.0,0.0,0.0331,0.0,NORMAL_EXECUTION_PROGRESS,NONE,NONE
MPLADS-003987,18.32,34.16,0,-5.0,97.6,92.6,0.0,0.0,0.0,0.0,NORMAL_EXECUTION_PROGRESS,NONE,NONE
MPLADS-003988,21.38,40.16,0,0.9,93.3,94.2,0.0,0.0,0.0,0.0,NORMAL_EXECUTION_PROGRESS,NONE,NONE
MPLADS-003989,11.69,20.68,0,3.7,82.8,86.5,13.0,0.0,0.0006,0.0,NORMAL_EXECUTION_PROGRESS,NONE,NONE
MPLADS-003990,4.02,5.38,0,8.2,79.2,87.4,2.0,0.0,0.0006,0.0,NORMAL_EXECUTION_PROGRESS,NONE,NONE
MPLADS-003991,7.62,12.38,0,19.4,76.2,95.6,11.0,0.0,0.0016,0.0,NORMAL_EXECUTION_PROGRESS,NONE,NONE
MPLADS-003992,6.27,9.7,0,5.5,85.5,91.0,0.0,0.0,0.0,0.0,NORMAL_EXECUTION_PROGRESS,NONE,NONE
MPLADS-003993,24.45,46.14,0,-1.0,97.2,96.2,0.0,0.0,0.0,0.0,NORMAL_EXECUTION_PROGRESS,NONE,NONE
MPLADS-003994,2.68,3.1,0,10.1,77.6,87.7,9.0,0.0,0.0012,0.0,NORMAL_EXECUTION_PROGRESS,NONE,NONE
MPLADS-003995,21.18,39.78,0,16.1,79.9,96.0,29.0,0.0,0.0149,0.0,NORMAL_EXECUTION_PROGRESS,NONE,NONE
MPLADS-003996,3.81,5.04,0,-5.0,90.3,85.3,16.0,0.0,0.0034,0.0,NORMAL_EXECUTION_PROGRESS,NONE,NONE
MPLADS-003997,7.55,12.26,0,12.4,76.8,89.2,0.0,0.0,0.0,0.0,NORMAL_EXECUTION_PROGRESS,NONE,NONE
MPLADS-003998,74.38,93.46,0,58.6,34.8,93.4,11.0,0.0,0.0026,75.0,SEVERE_PHYSICAL_FINANCIAL_GAP,INSPECTION_DOCUMENTATION_DEFICIT,NONE
MPLADS-003999,10.77,18.78,0,8.5,84.6,93.1,32.0,0.0,0.0097,0.0,NORMAL_EXECUTION_PROGRESS,NONE,NONE
MPLADS-004000,17.28,32.1,0,1.9,89.8,91.7,26.0,0.0,0.0033,0.0,NORMAL_EXECUTION_PROGRESS,NONE,NONE
MPLADS-004001,1.82,1.6,0,2.9,91.1,94.0,13.0,0.0,0.0026,0.0,NORMAL_EXECUTION_PROGRESS,NONE,NONE
MPLADS-004002,42.63,75.62,0,7.2,85.8,93.0,29.0,0.0,0.0006,0.0,NORMAL_EXECUTION_PROGRESS,NONE,NONE
MPLADS-004003,36.82,67.28,0,-12.2,98.6,86.4,27.0,0.0,0.0092,0.0,NORMAL_EXECUTION_PROGRESS,NONE,NONE
MPLADS-004004,14.13,25.64,0,9.7,82.4,92.1,31.0,0.0,0.0087,0.0,NORMAL_EXECUTION_PROGRESS,NONE,NONE
MPLADS-004005,11.32,19.92,0,4.1,84.8,88.9,1.0,0.0,0.0002,0.0,NORMAL_EXECUTION_PROGRESS,NONE,NONE
MPLADS-004006,8.46,14.04,0,5.0,80.9,85.9,0.0,0.0,0.0,0.0,NORMAL_EXECUTION_PROGRESS,NONE,NONE
MPLADS-004007,78.78,95.22,1,31.0,61.0,92.0,360.0,0.0,0.5224,75.0,EXTREME_DURATION_OVERRUN,STALLED_EXECUTION_TRAJECTORY,SEVERE_PHYSICAL_FINANCIAL_GAP
MPLADS-004008,22.02,41.42,0,-6.3,94.7,88.4,29.0,0.0,0.0082,0.0,NORMAL_EXECUTION_PROGRESS,NONE,NONE
MPLADS-004009,8.32,13.74,0,14.8,78.0,92.8,0.0,0.0,0.0,0.0,NORMAL_EXECUTION_PROGRESS,NONE,NONE
MPLADS-004010,27.61,51.86,0,-4.3,94.5,90.2,32.0,0.0,0.0018,0.0,NORMAL_EXECUTION_PROGRESS,NONE,NONE
MPLADS-004011,9.59,16.34,0,11.2,82.5,93.7,0.0,0.0,0.0,0.0,NORMAL_EXECUTION_PROGRESS,NONE,NONE
MPLADS-004012,4.01,5.36,0,8.8,85.1,93.9,0.0,0.0,0.0,0.0,NORMAL_EXECUTION_PROGRESS,NONE,NONE
MPLADS-004013,18.41,34.34,0,-3.5,92.6,89.1,0.0,0.0,0.0,0.0,NORMAL_EXECUTION_PROGRESS,NONE,NONE
MPLADS-004014,70.97,91.32,0,50.4,13.4,63.8,5.0,0.0,0.008,75.0,SEVERE_PHYSICAL_FINANCIAL_GAP,ABANDONED_WORK_SUSPICION,NONE
MPLADS-004015,24.77,46.78,0,4.3,83.7,88.0,34.0,0.0,0.0096,0.0,NORMAL_EXECUTION_PROGRESS,NONE,NONE
MPLADS-004016,34.96,64.16,0,15.3,70.6,85.9,32.0,0.0,0.0166,0.0,NORMAL_EXECUTION_PROGRESS,NONE,NONE
MPLADS-004017,39.44,71.18,0,-3.2,96.2,93.0,25.0,0.0,0.0005,0.0,NORMAL_EXECUTION_PROGRESS,NONE,NONE
MPLADS-004018,11.83,20.98,0,-7.8,93.2,85.4,5.0,0.0,0.0008,0.0,NORMAL_EXECUTION_PROGRESS,NONE,NONE
MPLADS-004019,32.47,60.1,0,15.3,79.8,95.1,0.0,0.0,0.0,0.0,NORMAL_EXECUTION_PROGRESS,NONE,NONE
MPLADS-004020,38.69,70.1,0,8.1,82.8,90.9,0.0,0.0,0.0,0.0,NORMAL_EXECUTION_PROGRESS,NONE,NONE
MPLADS-004021,57.88,85.22,0,62.7,75.3,138.0,0.0,0.0,0.0,75.0,NORMAL_EXECUTION_PROGRESS,NONE,NONE
MPLADS-004022,29.25,54.72,0,-7.1,98.0,90.9,0.0,0.0,0.0,0.0,NORMAL_EXECUTION_PROGRESS,NONE,NONE
MPLADS-004023,12.98,23.3,0,12.9,75.1,88.0,22.0,0.0,0.0077,0.0,NORMAL_EXECUTION_PROGRESS,NONE,NONE
MPLADS-004024,84.44,97.88,1,55.2,41.4,96.6,320.0,0.0,0.5697,100.0,SEVERE_PHYSICAL_FINANCIAL_GAP,EXTREME_DURATION_OVERRUN,STALLED_EXECUTION_TRAJECTORY
MPLADS-004025,81.46,96.72,1,8.0,83.4,91.4,0.0,0.0,0.0,0.0,INSPECTION_DOCUMENTATION_DEFICIT,NONE,NONE
MPLADS-004026,3.73,4.9,0,15.3,79.7,95.0,19.0,0.0,0.003,0.0,NORMAL_EXECUTION_PROGRESS,NONE,NONE
MPLADS-004027,29.7,55.46,0,9.7,84.5,94.2,0.0,0.0,0.0,0.0,NORMAL_EXECUTION_PROGRESS,NONE,NONE
MPLADS-004028,38.12,69.26,0,-1.8,96.2,94.4,13.0,0.0,0.0111,0.0,NORMAL_EXECUTION_PROGRESS,NONE,NONE
MPLADS-004029,17.67,32.86,0,3.7,86.7,90.4,23.0,0.0,0.0014,0.0,NORMAL_EXECUTION_PROGRESS,NONE,NONE
MPLADS-004030,47.54,80.94,0,-7.0,97.0,90.0,32.0,0.0,0.0285,0.0,NORMAL_EXECUTION_PROGRESS,NONE,NONE
MPLADS-004031,45.11,78.58,0,-4.3,94.8,90.5,30.0,0.0,0.0006,0.0,NORMAL_EXECUTION_PROGRESS,NONE,NONE
MPLADS-004032,32.02,59.4,0,13.2,81.3,94.5,27.0,0.0,0.0007,0.0,NORMAL_EXECUTION_PROGRESS,NONE,NONE
MPLADS-004033,34.71,63.78,0,-14.9,99.9,85.0,10.0,0.0,0.0015,0.0,NORMAL_EXECUTION_PROGRESS,NONE,NONE
MPLADS-004034,11.38,20.06,0,9.3,87.6,96.9,9.0,0.0,0.0008,0.0,NORMAL_EXECUTION_PROGRESS,NONE,NONE
MPLADS-004035,25.92,48.84,0,-7.9,98.6,90.7,17.0,0.0,0.0013,0.0,NORMAL_EXECUTION_PROGRESS,NONE,NONE
MPLADS-004036,26.48,49.9,0,21.9,74.6,96.5,17.0,0.0,0.005,0.0,NORMAL_EXECUTION_PROGRESS,NONE,NONE
MPLADS-004037,65.96,87.9,0,62.7,25.0,87.7,0.0,0.0,0.0,75.0,SEVERE_PHYSICAL_FINANCIAL_GAP,INSPECTION_DOCUMENTATION_DEFICIT,NONE
MPLADS-004038,8.4,13.92,0,10.1,85.7,95.8,32.0,0.0,0.0052,0.0,NORMAL_EXECUTION_PROGRESS,NONE,NONE
MPLADS-004039,4.5,6.34,0,-4.1,90.3,86.2,10.0,0.0,0.0025,0.0,NORMAL_EXECUTION_PROGRESS,NONE,NONE
MPLADS-004040,36.53,66.78,0,21.4,75.5,96.9,31.0,0.0,0.0118,0.0,NORMAL_EXECUTION_PROGRESS,NONE,NONE
MPLADS-004041,34.62,63.64,0,26.3,70.5,96.8,0.0,0.0,0.0,0.0,NORMAL_EXECUTION_PROGRESS,NONE,NONE
MPLADS-004042,36.81,67.26,0,-9.9,98.3,88.4,34.0,0.0,0.0018,0.0,NORMAL_EXECUTION_PROGRESS,NONE,NONE
MPLADS-004043,43.55,76.8,0,16.7,80.9,97.6,32.0,0.0,0.0011,0.0,NORMAL_EXECUTION_PROGRESS,NONE,NONE
MPLADS-004044,83.58,97.52,1,44.2,48.3,92.5,450.0,0.0,0.8244,75.0,EXTREME_DURATION_OVERRUN,SEVERE_PHYSICAL_FINANCIAL_GAP,STALLED_EXECUTION_TRAJECTORY
MPLADS-004045,14.27,25.94,0,1.4,86.4,87.8,0.0,0.0,0.0,0.0,NORMAL_EXECUTION_PROGRESS,NONE,NONE
MPLADS-004046,18.47,34.46,0,16.6,79.7,96.3,28.0,0.0,0.0082,0.0,NORMAL_EXECUTION_PROGRESS,NONE,NONE
MPLADS-004047,6.63,10.44,0,4.4,89.6,94.0,20.0,0.0,0.0078,0.0,NORMAL_EXECUTION_PROGRESS,NONE,NONE
MPLADS-004048,52.68,83.74,0,-2.4,91.6,89.2,0.0,0.0,0.0,0.0,NORMAL_EXECUTION_PROGRESS,NONE,NONE
MPLADS-004049,14.8,27.02,0,-4.7,94.3,89.6,0.0,0.0,0.0,0.0,NORMAL_EXECUTION_PROGRESS,NONE,NONE
MPLADS-004050,79.35,95.5,1,6.1,89.7,95.8,21.0,0.0,0.0024,0.0,INSPECTION_DOCUMENTATION_DEFICIT,NONE,NONE
MPLADS-004051,49.27,82.2,0,15.1,71.3,86.4,33.0,0.0,0.0397,0.0,NORMAL_EXECUTION_PROGRESS,NONE,NONE
MPLADS-004052,15.67,28.84,0,12.1,84.4,96.5,15.0,0.0,0.0032,0.0,NORMAL_EXECUTION_PROGRESS,NONE,NONE
MPLADS-004053,82.11,97.1,1,18.5,77.6,96.1,7.0,0.0,0.0024,0.0,INSPECTION_DOCUMENTATION_DEFICIT,NONE,NONE
MPLADS-004054,45.42,78.88,0,23.8,74.0,97.8,9.0,0.0,0.0002,0.0,NORMAL_EXECUTION_PROGRESS,NONE,NONE
MPLADS-004055,5.61,8.46,0,15.8,81.8,97.6,11.0,0.0,0.0028,0.0,NORMAL_EXECUTION_PROGRESS,NONE,NONE
MPLADS-004056,53.46,84.06,0,10.9,85.6,96.5,0.0,0.0,0.0,0.0,NORMAL_EXECUTION_PROGRESS,NONE,NONE
MPLADS-004057,9.57,16.3,0,8.0,78.2,86.2,0.0,0.0,0.0,0.0,NORMAL_EXECUTION_PROGRESS,NONE,NONE
MPLADS-004058,29.66,55.4,0,0.3,95.2,95.5,6.0,0.0,0.0001,0.0,NORMAL_EXECUTION_PROGRESS,NONE,NONE
MPLADS-004059,77.78,94.8,0,82.8,16.0,98.8,15.0,0.0,0.0192,75.0,SEVERE_PHYSICAL_FINANCIAL_GAP,ABANDONED_WORK_SUSPICION,INSPECTION_DOCUMENTATION_DEFICIT
MPLADS-004060,86.32,98.5,1,39.4,53.6,93.0,540.0,0.0,1.0199,75.0,EXTREME_DURATION_OVERRUN,SEVERE_PHYSICAL_FINANCIAL_GAP,STALLED_EXECUTION_TRAJECTORY
MPLADS-004061,6.98,11.14,0,20.0,73.7,93.7,0.0,0.0,0.0,0.0,NORMAL_EXECUTION_PROGRESS,NONE,NONE
MPLADS-004062,34.27,63.06,0,-12.9,98.6,85.7,0.0,0.0,0.0,0.0,NORMAL_EXECUTION_PROGRESS,NONE,NONE
MPLADS-004063,42.45,75.34,0,23.2,71.0,94.2,0.0,0.0,0.0,0.0,NORMAL_EXECUTION_PROGRESS,NONE,NONE
MPLADS-004064,36.38,66.54,0,4.9,88.2,93.1,20.0,0.0,0.0192,0.0,NORMAL_EXECUTION_PROGRESS,NONE,NONE
MPLADS-004065,8.47,14.06,0,12.6,83.7,96.3,8.0,0.0,0.0003,0.0,NORMAL_EXECUTION_PROGRESS,NONE,NONE
MPLADS-004066,4.76,6.8,0,12.4,78.3,90.7,2.0,0.0,0.0009,0.0,NORMAL_EXECUTION_PROGRESS,NONE,NONE
MPLADS-004067,38.92,70.44,0,6.0,89.9,95.9,25.0,0.0,0.0238,0.0,NORMAL_EXECUTION_PROGRESS,NONE,NONE
MPLADS-004068,46.6,80.06,0,-2.3,99.3,97.0,5.0,0.0,0.0001,0.0,NORMAL_EXECUTION_PROGRESS,NONE,NONE
MPLADS-004069,48.41,81.56,0,-10.8,96.5,85.7,29.0,0.0,0.0005,0.0,NORMAL_EXECUTION_PROGRESS,NONE,NONE
MPLADS-004070,23.93,45.14,0,15.2,81.9,97.1,31.0,0.0,0.0088,0.0,NORMAL_EXECUTION_PROGRESS,NONE,NONE
MPLADS-004071,10.05,17.3,0,9.7,75.4,85.1,22.0,0.0,0.0067,0.0,NORMAL_EXECUTION_PROGRESS,NONE,NONE
MPLADS-004072,27.29,51.32,0,12.0,74.1,86.1,0.0,0.0,0.0,0.0,NORMAL_EXECUTION_PROGRESS,NONE,NONE
MPLADS-004073,60.73,86.1,0,62.6,89.5,152.1,10.0,0.0,0.0009,75.0,SEVERE_PHYSICAL_FINANCIAL_GAP,NONE,NONE
MPLADS-004074,24.68,46.58,0,-7.3,97.2,89.9,21.0,0.0,0.0039,0.0,NORMAL_EXECUTION_PROGRESS,NONE,NONE
MPLADS-004075,81.76,96.94,1,41.7,52.6,94.3,360.0,0.0,0.606,75.0,EXTREME_DURATION_OVERRUN,SEVERE_PHYSICAL_FINANCIAL_GAP,STALLED_EXECUTION_TRAJECTORY
MPLADS-004076,13.46,24.28,0,-4.7,93.5,88.8,21.0,0.0,0.0056,0.0,NORMAL_EXECUTION_PROGRESS,NONE,NONE
MPLADS-004077,32.98,60.92,0,-1.5,91.5,90.0,14.0,0.0,0.0127,0.0,NORMAL_EXECUTION_PROGRESS,NONE,NONE
MPLADS-004078,19.42,36.36,0,9.1,85.5,94.6,32.0,0.0,0.0053,0.0,NORMAL_EXECUTION_PROGRESS,NONE,NONE
MPLADS-004079,33.72,62.14,0,-6.0,99.7,93.7,21.0,0.0,0.0006,0.0,NORMAL_EXECUTION_PROGRESS,NONE,NONE
MPLADS-004080,42.69,75.7,0,5.7,91.6,97.3,31.0,0.0,0.0294,0.0,NORMAL_EXECUTION_PROGRESS,NONE,NONE
MPLADS-004081,17.37,32.26,0,-4.8,93.5,88.7,30.0,0.0,0.0089,0.0,NORMAL_EXECUTION_PROGRESS,NONE,NONE
MPLADS-004082,22.94,43.16,0,-0.4,96.9,96.5,14.0,0.0,0.001,0.0,NORMAL_EXECUTION_PROGRESS,NONE,NONE
MPLADS-004083,23.19,43.66,0,1.3,92.4,93.7,4.0,0.0,0.0001,0.0,NORMAL_EXECUTION_PROGRESS,NONE,NONE
MPLADS-004084,25.39,47.88,0,19.0,72.4,91.4,31.0,0.0,0.0128,0.0,NORMAL_EXECUTION_PROGRESS,NONE,NONE
MPLADS-004085,32.14,59.58,0,11.7,85.6,97.3,0.0,0.0,0.0,0.0,NORMAL_EXECUTION_PROGRESS,NONE,NONE
MPLADS-004086,11.37,20.02,0,18.3,77.4,95.7,0.0,0.0,0.0,0.0,NORMAL_EXECUTION_PROGRESS,NONE,NONE
MPLADS-004087,9.61,16.38,0,3.4,90.2,93.6,0.0,0.0,0.0,0.0,NORMAL_EXECUTION_PROGRESS,NONE,NONE
MPLADS-004088,11.59,20.48,0,14.2,78.8,93.0,26.0,0.0,0.0105,0.0,NORMAL_EXECUTION_PROGRESS,NONE,NONE
MPLADS-004089,94.54,99.1,1,100.0,0.0,100.0,5.0,1.0,0.0137,75.0,GHOST_WORK_EXECUTION_DIVERGENCE,SEVERE_PHYSICAL_FINANCIAL_GAP,ABANDONED_WORK_SUSPICION
MPLADS-004090,7.77,12.66,0,-0.9,94.6,93.7,15.0,0.0,0.0023,0.0,NORMAL_EXECUTION_PROGRESS,NONE,NONE
MPLADS-004091,28.27,53.04,0,4.1,81.3,85.4,32.0,0.0,0.0031,0.0,NORMAL_EXECUTION_PROGRESS,NONE,NONE
MPLADS-004092,39.78,71.68,0,15.3,76.3,91.6,12.0,0.0,0.013,0.0,NORMAL_EXECUTION_PROGRESS,NONE,NONE
MPLADS-004093,8.28,13.66,0,10.4,75.7,86.1,24.0,0.0,0.0075,0.0,NORMAL_EXECUTION_PROGRESS,NONE,NONE
MPLADS-004094,22.15,41.66,0,10.8,75.7,86.5,22.0,0.0,0.0021,0.0,NORMAL_EXECUTION_PROGRESS,NONE,NONE
MPLADS-004095,25.52,48.1,0,2.8,87.6,90.4,34.0,0.0,0.0027,0.0,NORMAL_EXECUTION_PROGRESS,NONE,NONE
MPLADS-004096,5.31,7.86,0,-0.9,91.1,90.2,7.0,0.0,0.0024,0.0,NORMAL_EXECUTION_PROGRESS,NONE,NONE
MPLADS-004097,5.62,8.48,0,13.9,78.6,92.5,0.0,0.0,0.0,0.0,NORMAL_EXECUTION_PROGRESS,NONE,NONE
MPLADS-004098,49.14,82.16,0,3.3,82.2,85.5,34.0,0.0,0.0361,0.0,NORMAL_EXECUTION_PROGRESS,NONE,NONE
MPLADS-004099,9.93,17.06,0,16.0,79.2,95.2,21.0,0.0,0.0065,0.0,NORMAL_EXECUTION_PROGRESS,NONE,NONE
MPLADS-004100,6.61,10.4,0,9.7,83.2,92.9,26.0,0.0,0.0076,0.0,NORMAL_EXECUTION_PROGRESS,NONE,NONE
MPLADS-004101,12.85,23.02,0,6.9,82.8,89.7,2.0,0.0,0.0004,0.0,NORMAL_EXECUTION_PROGRESS,NONE,NONE
MPLADS-004102,24.72,46.66,0,-1.3,97.7,96.4,24.0,0.0,0.006,0.0,NORMAL_EXECUTION_PROGRESS,NONE,NONE
MPLADS-004103,21.62,40.68,0,-1.3,96.9,95.6,6.0,0.0,0.0017,0.0,NORMAL_EXECUTION_PROGRESS,NONE,NONE
MPLADS-004104,7.99,13.08,0,-2.9,97.8,94.9,10.0,0.0,0.0021,0.0,NORMAL_EXECUTION_PROGRESS,NONE,NONE
MPLADS-004105,34.43,63.32,0,13.5,79.3,92.8,18.0,0.0,0.0191,0.0,NORMAL_EXECUTION_PROGRESS,NONE,NONE
MPLADS-004106,64.23,87.24,0,61.7,82.3,144.0,20.0,0.0,0.0004,75.0,SEVERE_PHYSICAL_FINANCIAL_GAP,NONE,NONE
MPLADS-004107,25.42,47.94,0,-2.6,88.4,85.8,27.0,0.0,0.0017,0.0,NORMAL_EXECUTION_PROGRESS,NONE,NONE
MPLADS-004108,39.56,71.36,0,-7.6,94.7,87.1,13.0,0.0,0.0113,0.0,NORMAL_EXECUTION_PROGRESS,NONE,NONE
MPLADS-004109,15.08,27.62,0,-5.3,96.4,91.1,0.0,0.0,0.0,0.0,NORMAL_EXECUTION_PROGRESS,NONE,NONE
MPLADS-004110,23.26,43.78,0,8.5,83.7,92.2,0.0,0.0,0.0,0.0,NORMAL_EXECUTION_PROGRESS,NONE,NONE
MPLADS-004111,13.27,23.88,0,-0.7,91.7,91.0,2.0,0.0,0.0006,0.0,NORMAL_EXECUTION_PROGRESS,NONE,NONE
MPLADS-004112,13.32,23.98,0,19.3,71.0,90.3,10.0,0.0,0.0042,0.0,NORMAL_EXECUTION_PROGRESS,NONE,NONE
MPLADS-004113,38.97,70.52,0,10.2,75.3,85.5,33.0,0.0,0.0016,0.0,NORMAL_EXECUTION_PROGRESS,NONE,NONE
MPLADS-004114,31.71,58.86,0,-2.4,95.4,93.0,16.0,0.0,0.0005,0.0,NORMAL_EXECUTION_PROGRESS,NONE,NONE
MPLADS-004115,19.11,35.74,0,-9.3,95.8,86.5,15.0,0.0,0.0049,0.0,NORMAL_EXECUTION_PROGRESS,NONE,NONE
MPLADS-004116,37.29,67.96,0,25.0,72.2,97.2,23.0,0.0,0.0134,0.0,NORMAL_EXECUTION_PROGRESS,NONE,NONE
MPLADS-004117,3.2,3.9,0,10.0,86.9,96.9,14.0,0.0,0.0041,0.0,NORMAL_EXECUTION_PROGRESS,NONE,NONE
MPLADS-004118,35.41,64.9,0,20.5,75.0,95.5,33.0,0.0,0.0193,0.0,NORMAL_EXECUTION_PROGRESS,NONE,NONE
MPLADS-004119,19.61,36.72,0,5.7,87.2,92.9,18.0,0.0,0.0009,0.0,NORMAL_EXECUTION_PROGRESS,NONE,NONE
MPLADS-004120,2.57,2.9,0,12.1,78.9,91.0,3.0,0.0,0.0006,0.0,NORMAL_EXECUTION_PROGRESS,NONE,NONE
MPLADS-004121,12.69,22.7,0,-2.5,92.7,90.2,28.0,0.0,0.0065,0.0,NORMAL_EXECUTION_PROGRESS,NONE,NONE
MPLADS-004122,30.68,57.1,0,-7.9,99.2,91.3,23.0,0.0,0.0036,0.0,NORMAL_EXECUTION_PROGRESS,NONE,NONE
MPLADS-004123,39.34,71.02,0,21.1,76.1,97.2,27.0,0.0,0.0009,0.0,NORMAL_EXECUTION_PROGRESS,NONE,NONE
MPLADS-004124,3.87,5.12,0,12.0,78.7,90.7,11.0,0.0,0.0051,0.0,NORMAL_EXECUTION_PROGRESS,NONE,NONE
MPLADS-004125,81.08,96.58,1,14.5,78.4,92.9,0.0,0.0,0.0,0.0,INSPECTION_DOCUMENTATION_DEFICIT,NONE,NONE
MPLADS-004126,9.81,16.8,0,6.2,88.6,94.8,19.0,0.0,0.0021,0.0,NORMAL_EXECUTION_PROGRESS,NONE,NONE
MPLADS-004127,35.67,65.36,0,11.7,79.2,90.9,0.0,0.0,0.0,0.0,NORMAL_EXECUTION_PROGRESS,NONE,NONE
MPLADS-004128,26.42,49.78,0,7.1,87.0,94.1,34.0,0.0,0.0099,0.0,NORMAL_EXECUTION_PROGRESS,NONE,NONE
MPLADS-004129,35.02,64.28,0,4.8,81.9,86.7,0.0,0.0,0.0,0.0,NORMAL_EXECUTION_PROGRESS,NONE,NONE
MPLADS-004130,16.25,30.02,0,1.2,88.5,89.7,0.0,0.0,0.0,0.0,NORMAL_EXECUTION_PROGRESS,NONE,NONE
MPLADS-004131,45.76,79.16,0,2.4,90.8,93.2,33.0,0.0,0.0007,0.0,NORMAL_EXECUTION_PROGRESS,NONE,NONE
MPLADS-004132,12.41,22.12,0,4.8,93.1,97.9,3.0,0.0,0.0002,0.0,NORMAL_EXECUTION_PROGRESS,NONE,NONE
MPLADS-004133,39.39,71.1,0,15.1,75.4,90.5,23.0,0.0,0.0258,0.0,NORMAL_EXECUTION_PROGRESS,NONE,NONE
MPLADS-004134,53.37,84.02,0,43.8,88.8,132.6,26.0,0.0,0.0034,50.0,NORMAL_EXECUTION_PROGRESS,NONE,NONE
MPLADS-004135,16.3,30.12,0,12.6,78.9,91.5,0.0,0.0,0.0,0.0,NORMAL_EXECUTION_PROGRESS,NONE,NONE
MPLADS-004136,16.14,29.8,0,-2.1,94.0,91.9,0.0,0.0,0.0,0.0,NORMAL_EXECUTION_PROGRESS,NONE,NONE
MPLADS-004137,97.52,99.78,1,100.0,0.0,100.0,21.0,1.0,0.0575,75.0,GHOST_WORK_EXECUTION_DIVERGENCE,SEVERE_PHYSICAL_FINANCIAL_GAP,ABANDONED_WORK_SUSPICION
MPLADS-004138,51.63,83.34,0,-3.8,97.7,93.9,33.0,0.0,0.0293,0.0,NORMAL_EXECUTION_PROGRESS,NONE,NONE
MPLADS-004139,2.5,2.76,0,4.8,87.7,92.5,17.0,0.0,0.0019,0.0,NORMAL_EXECUTION_PROGRESS,NONE,NONE
MPLADS-004140,39.45,71.2,0,22.2,71.6,93.8,0.0,0.0,0.0,0.0,NORMAL_EXECUTION_PROGRESS,NONE,NONE
MPLADS-004141,30.84,57.38,0,-8.9,94.5,85.6,0.0,0.0,0.0,0.0,NORMAL_EXECUTION_PROGRESS,NONE,NONE
MPLADS-004142,12.37,22.04,0,12.4,78.3,90.7,24.0,0.0,0.0069,0.0,NORMAL_EXECUTION_PROGRESS,NONE,NONE
MPLADS-004143,4.37,6.08,0,6.6,81.7,88.3,0.0,0.0,0.0,0.0,NORMAL_EXECUTION_PROGRESS,NONE,NONE
MPLADS-004144,17.44,32.4,0,13.1,77.1,90.2,33.0,0.0,0.011,0.0,NORMAL_EXECUTION_PROGRESS,NONE,NONE
MPLADS-004145,35.92,65.8,0,-2.8,94.1,91.3,15.0,0.0,0.0132,0.0,NORMAL_EXECUTION_PROGRESS,NONE,NONE
MPLADS-004146,36.62,66.94,0,1.6,83.6,85.2,2.0,0.0,0.0,0.0,NORMAL_EXECUTION_PROGRESS,NONE,NONE
MPLADS-004147,70.95,91.3,0,68.6,26.3,94.9,0.0,0.0,0.0,75.0,SEVERE_PHYSICAL_FINANCIAL_GAP,INSPECTION_DOCUMENTATION_DEFICIT,NONE
MPLADS-004148,24.34,45.92,0,-2.9,99.4,96.5,14.0,0.0,0.003,0.0,NORMAL_EXECUTION_PROGRESS,NONE,NONE
MPLADS-004149,22.7,42.74,0,0.7,92.3,93.0,24.0,0.0,0.0011,0.0,NORMAL_EXECUTION_PROGRESS,NONE,NONE
MPLADS-004150,28.36,53.22,0,2.6,87.9,90.5,18.0,0.0,0.0008,0.0,NORMAL_EXECUTION_PROGRESS,NONE,NONE
MPLADS-004151,66.5,88.26,0,60.3,30.3,90.6,16.0,0.0,0.0144,75.0,SEVERE_PHYSICAL_FINANCIAL_GAP,INSPECTION_DOCUMENTATION_DEFICIT,NONE
MPLADS-004152,18.61,34.76,0,-7.4,96.3,88.9,18.0,0.0,0.0015,0.0,NORMAL_EXECUTION_PROGRESS,NONE,NONE
MPLADS-004153,32.51,60.2,0,13.1,79.7,92.8,3.0,0.0,0.0001,0.0,NORMAL_EXECUTION_PROGRESS,NONE,NONE
MPLADS-004154,96.06,99.42,1,100.0,0.0,100.0,6.0,1.0,0.0164,75.0,GHOST_WORK_EXECUTION_DIVERGENCE,SEVERE_PHYSICAL_FINANCIAL_GAP,ABANDONED_WORK_SUSPICION
MPLADS-004155,27.15,51.08,0,7.6,80.3,87.9,29.0,0.0,0.0054,0.0,NORMAL_EXECUTION_PROGRESS,NONE,NONE
MPLADS-004156,10.89,19.02,0,13.5,81.5,95.0,29.0,0.0,0.0092,0.0,NORMAL_EXECUTION_PROGRESS,NONE,NONE
MPLADS-004157,5.69,8.6,0,-1.6,91.9,90.3,4.0,0.0,0.0013,0.0,NORMAL_EXECUTION_PROGRESS,NONE,NONE
MPLADS-004158,29.42,55.0,0,20.5,73.8,94.3,3.0,0.0,0.0002,0.0,NORMAL_EXECUTION_PROGRESS,NONE,NONE
MPLADS-004159,18.7,34.92,0,22.4,75.2,97.6,0.0,0.0,0.0,0.0,NORMAL_EXECUTION_PROGRESS,NONE,NONE
MPLADS-004160,4.51,6.36,0,9.4,87.5,96.9,0.0,0.0,0.0,0.0,NORMAL_EXECUTION_PROGRESS,NONE,NONE
MPLADS-004161,41.71,74.42,0,-1.6,97.5,95.9,6.0,0.0,0.0001,0.0,NORMAL_EXECUTION_PROGRESS,NONE,NONE
MPLADS-004162,34.7,63.76,0,-5.0,90.1,85.1,0.0,0.0,0.0,0.0,NORMAL_EXECUTION_PROGRESS,NONE,NONE
MPLADS-004163,57.93,85.28,0,51.9,80.8,132.7,18.0,0.0,0.0084,75.0,NORMAL_EXECUTION_PROGRESS,NONE,NONE
MPLADS-004164,8.13,13.36,0,1.4,87.6,89.0,0.0,0.0,0.0,0.0,NORMAL_EXECUTION_PROGRESS,NONE,NONE
MPLADS-004165,26.58,50.06,0,2.9,83.4,86.3,27.0,0.0,0.0099,0.0,NORMAL_EXECUTION_PROGRESS,NONE,NONE
MPLADS-004166,6.03,9.26,0,2.4,89.3,91.7,19.0,0.0,0.0055,0.0,NORMAL_EXECUTION_PROGRESS,NONE,NONE
MPLADS-004167,18.25,34.0,0,-1.8,87.4,85.6,0.0,0.0,0.0,0.0,NORMAL_EXECUTION_PROGRESS,NONE,NONE
MPLADS-004168,46.7,80.2,0,23.6,71.6,95.2,9.0,0.0,0.0002,0.0,NORMAL_EXECUTION_PROGRESS,NONE,NONE
MPLADS-004169,5.58,8.4,0,6.0,79.0,85.0,0.0,0.0,0.0,0.0,NORMAL_EXECUTION_PROGRESS,NONE,NONE
MPLADS-004170,34.26,63.02,0,3.6,86.5,90.1,24.0,0.0,0.0004,0.0,NORMAL_EXECUTION_PROGRESS,NONE,NONE
MPLADS-004171,6.48,10.14,0,7.9,79.4,87.3,0.0,0.0,0.0,0.0,NORMAL_EXECUTION_PROGRESS,NONE,NONE
MPLADS-004172,1.94,1.82,0,18.0,77.8,95.8,10.0,0.0,0.0028,0.0,NORMAL_EXECUTION_PROGRESS,NONE,NONE
MPLADS-004173,10.5,18.24,0,-2.7,88.0,85.3,0.0,0.0,0.0,0.0,NORMAL_EXECUTION_PROGRESS,NONE,NONE
MPLADS-004174,42.29,75.16,0,12.1,81.0,93.1,0.0,0.0,0.0,0.0,NORMAL_EXECUTION_PROGRESS,NONE,NONE
MPLADS-004175,85.89,98.42,1,22.4,72.5,94.9,630.0,0.0,1.1211,25.0,EXTREME_DURATION_OVERRUN,STALLED_EXECUTION_TRAJECTORY,NONE
MPLADS-004176,62.85,86.96,0,71.2,79.1,150.3,0.0,0.0,0.0,75.0,SEVERE_PHYSICAL_FINANCIAL_GAP,NONE,NONE
MPLADS-004177,30.07,56.06,0,7.0,85.9,92.9,0.0,0.0,0.0,0.0,NORMAL_EXECUTION_PROGRESS,NONE,NONE
MPLADS-004178,28.49,53.46,0,20.9,76.9,97.8,0.0,0.0,0.0,0.0,NORMAL_EXECUTION_PROGRESS,NONE,NONE
MPLADS-004179,0.69,0.32,0,10.1,81.4,91.5,0.0,0.0,0.0,0.0,NORMAL_EXECUTION_PROGRESS,NONE,NONE
MPLADS-004180,22.44,42.22,0,-6.8,96.8,90.0,2.0,0.0,0.0002,0.0,NORMAL_EXECUTION_PROGRESS,NONE,NONE
MPLADS-004181,23.51,44.3,0,-6.9,97.5,90.6,0.0,0.0,0.0,0.0,NORMAL_EXECUTION_PROGRESS,NONE,NONE
MPLADS-004182,5.59,8.42,0,13.7,78.6,92.3,0.0,0.0,0.0,0.0,NORMAL_EXECUTION_PROGRESS,NONE,NONE
MPLADS-004183,85.65,98.36,1,25.1,72.8,97.9,630.0,0.0,1.1189,25.0,EXTREME_DURATION_OVERRUN,STALLED_EXECUTION_TRAJECTORY,NONE
MPLADS-004184,74.19,93.36,0,76.8,17.1,93.9,16.0,0.0,0.027,75.0,SEVERE_PHYSICAL_FINANCIAL_GAP,ABANDONED_WORK_SUSPICION,INSPECTION_DOCUMENTATION_DEFICIT
MPLADS-004185,8.08,13.26,0,-5.5,92.3,86.8,16.0,0.0,0.0032,0.0,NORMAL_EXECUTION_PROGRESS,NONE,NONE
MPLADS-004186,69.3,89.98,0,63.6,26.5,90.1,4.0,0.0,0.0014,75.0,SEVERE_PHYSICAL_FINANCIAL_GAP,INSPECTION_DOCUMENTATION_DEFICIT,NONE
MPLADS-004187,44.49,77.98,0,-1.8,98.5,96.7,3.0,0.0,0.0001,0.0,NORMAL_EXECUTION_PROGRESS,NONE,NONE
MPLADS-004188,7.24,11.64,0,8.6,87.2,95.8,0.0,0.0,0.0,0.0,NORMAL_EXECUTION_PROGRESS,NONE,NONE
MPLADS-004189,20.95,39.34,0,18.7,71.2,89.9,0.0,0.0,0.0,0.0,NORMAL_EXECUTION_PROGRESS,NONE,NONE
MPLADS-004190,68.09,89.02,0,63.2,31.9,95.1,0.0,0.0,0.0,75.0,SEVERE_PHYSICAL_FINANCIAL_GAP,INSPECTION_DOCUMENTATION_DEFICIT,NONE
MPLADS-004191,33.71,62.12,0,-12.9,98.9,86.0,0.0,0.0,0.0,0.0,NORMAL_EXECUTION_PROGRESS,NONE,NONE
MPLADS-004192,25.36,47.82,0,-4.5,97.3,92.8,29.0,0.0,0.0077,0.0,NORMAL_EXECUTION_PROGRESS,NONE,NONE
MPLADS-004193,17.75,33.04,0,0.1,92.2,92.3,25.0,0.0,0.0028,0.0,NORMAL_EXECUTION_PROGRESS,NONE,NONE
MPLADS-004194,40.67,72.96,0,4.1,91.5,95.6,28.0,0.0,0.0263,0.0,NORMAL_EXECUTION_PROGRESS,NONE,NONE
MPLADS-004195,33.82,62.3,0,-0.8,90.9,90.1,34.0,0.0,0.0145,0.0,NORMAL_EXECUTION_PROGRESS,NONE,NONE
MPLADS-004196,15.94,29.4,0,12.4,76.3,88.7,0.0,0.0,0.0,0.0,NORMAL_EXECUTION_PROGRESS,NONE,NONE
MPLADS-004197,79.72,95.72,1,26.5,58.6,85.1,270.0,0.0,0.3278,25.0,EXTREME_DURATION_OVERRUN,STALLED_EXECUTION_TRAJECTORY,NONE
MPLADS-004198,1.85,1.66,0,5.4,85.3,90.7,15.0,0.0,0.0046,0.0,NORMAL_EXECUTION_PROGRESS,NONE,NONE
MPLADS-004199,10.55,18.34,0,10.8,78.0,88.8,0.0,0.0,0.0,0.0,NORMAL_EXECUTION_PROGRESS,NONE,NONE
MPLADS-004200,23.1,43.48,0,7.1,84.3,91.4,0.0,0.0,0.0,0.0,NORMAL_EXECUTION_PROGRESS,NONE,NONE
MPLADS-004201,8.92,14.96,0,3.9,88.7,92.6,10.0,0.0,0.0017,0.0,NORMAL_EXECUTION_PROGRESS,NONE,NONE
MPLADS-004202,33.68,62.08,0,9.3,76.8,86.1,19.0,0.0,0.0004,0.0,NORMAL_EXECUTION_PROGRESS,NONE,NONE
MPLADS-004203,2.11,2.08,0,5.3,83.2,88.5,0.0,0.0,0.0,0.0,NORMAL_EXECUTION_PROGRESS,NONE,NONE
MPLADS-004204,12.97,23.26,0,-1.3,91.0,89.7,12.0,0.0,0.0031,0.0,NORMAL_EXECUTION_PROGRESS,NONE,NONE
MPLADS-004205,29.18,54.6,0,1.8,83.7,85.5,34.0,0.0,0.0132,0.0,NORMAL_EXECUTION_PROGRESS,NONE,NONE
MPLADS-004206,70.42,90.98,0,71.5,26.7,98.2,15.0,0.0,0.0183,75.0,SEVERE_PHYSICAL_FINANCIAL_GAP,INSPECTION_DOCUMENTATION_DEFICIT,NONE
MPLADS-004207,8.69,14.5,0,-2.9,94.2,91.3,9.0,0.0,0.0013,0.0,NORMAL_EXECUTION_PROGRESS,NONE,NONE
MPLADS-004208,31.03,57.7,0,16.1,70.3,86.4,33.0,0.0,0.0091,0.0,NORMAL_EXECUTION_PROGRESS,NONE,NONE
MPLADS-004209,1.97,1.86,0,11.3,83.8,95.1,17.0,0.0,0.0056,0.0,NORMAL_EXECUTION_PROGRESS,NONE,NONE
MPLADS-004210,43.59,76.86,0,-5.4,97.0,91.6,0.0,0.0,0.0,0.0,NORMAL_EXECUTION_PROGRESS,NONE,NONE
MPLADS-004211,7.1,11.38,0,-1.5,90.6,89.1,8.0,0.0,0.0015,0.0,NORMAL_EXECUTION_PROGRESS,NONE,NONE
MPLADS-004212,10.1,17.4,0,2.9,90.3,93.2,0.0,0.0,0.0,0.0,NORMAL_EXECUTION_PROGRESS,NONE,NONE
MPLADS-004213,46.99,80.4,0,14.2,77.6,91.8,0.0,0.0,0.0,0.0,NORMAL_EXECUTION_PROGRESS,NONE,NONE
MPLADS-004214,26.99,50.78,0,-3.4,96.1,92.7,0.0,0.0,0.0,0.0,NORMAL_EXECUTION_PROGRESS,NONE,NONE
MPLADS-004215,21.66,40.76,0,-3.5,88.8,85.3,14.0,0.0,0.0053,0.0,NORMAL_EXECUTION_PROGRESS,NONE,NONE
MPLADS-004216,11.48,20.24,0,17.8,77.2,95.0,28.0,0.0,0.0088,0.0,NORMAL_EXECUTION_PROGRESS,NONE,NONE
MPLADS-004217,9.92,17.04,0,16.1,80.2,96.3,5.0,0.0,0.0006,0.0,NORMAL_EXECUTION_PROGRESS,NONE,NONE
MPLADS-004218,9.46,16.06,0,3.2,82.4,85.6,23.0,0.0,0.0058,0.0,NORMAL_EXECUTION_PROGRESS,NONE,NONE
MPLADS-004219,10.93,19.1,0,13.8,78.8,92.6,17.0,0.0,0.0063,0.0,NORMAL_EXECUTION_PROGRESS,NONE,NONE
MPLADS-004220,26.35,49.66,0,23.9,71.8,95.7,0.0,0.0,0.0,0.0,NORMAL_EXECUTION_PROGRESS,NONE,NONE
MPLADS-004221,7.46,12.08,0,18.9,74.1,93.0,2.0,0.0,0.0007,0.0,NORMAL_EXECUTION_PROGRESS,NONE,NONE
MPLADS-004222,32.26,59.78,0,19.0,75.9,94.9,33.0,0.0,0.0041,0.0,NORMAL_EXECUTION_PROGRESS,NONE,NONE
MPLADS-004223,22.33,42.02,0,16.0,72.1,88.1,20.0,0.0,0.009,0.0,NORMAL_EXECUTION_PROGRESS,NONE,NONE
MPLADS-004224,22.35,42.04,0,12.7,72.8,85.5,16.0,0.0,0.0068,0.0,NORMAL_EXECUTION_PROGRESS,NONE,NONE
MPLADS-004225,7.43,12.02,0,12.4,78.5,90.9,5.0,0.0,0.0013,0.0,NORMAL_EXECUTION_PROGRESS,NONE,NONE
MPLADS-004226,67.93,88.94,0,62.0,31.1,93.1,0.0,0.0,0.0,75.0,SEVERE_PHYSICAL_FINANCIAL_GAP,INSPECTION_DOCUMENTATION_DEFICIT,NONE
MPLADS-004227,48.13,81.38,0,-11.8,96.9,85.1,24.0,0.0,0.021,0.0,NORMAL_EXECUTION_PROGRESS,NONE,NONE
MPLADS-004228,44.1,77.44,0,0.0,97.6,97.6,0.0,0.0,0.0,0.0,NORMAL_EXECUTION_PROGRESS,NONE,NONE
MPLADS-004229,4.16,5.66,0,3.6,84.6,88.2,0.0,0.0,0.0,0.0,NORMAL_EXECUTION_PROGRESS,NONE,NONE
MPLADS-004230,18.35,34.2,0,-7.9,97.6,89.7,2.0,0.0,0.0002,0.0,NORMAL_EXECUTION_PROGRESS,NONE,NONE
MPLADS-004231,27.53,51.74,0,-5.2,97.7,92.5,0.0,0.0,0.0,0.0,NORMAL_EXECUTION_PROGRESS,NONE,NONE
MPLADS-004232,76.36,94.38,0,63.1,34.1,97.2,14.0,0.0,0.0254,75.0,SEVERE_PHYSICAL_FINANCIAL_GAP,INSPECTION_DOCUMENTATION_DEFICIT,NONE
MPLADS-004233,15.56,28.62,0,-8.4,93.8,85.4,9.0,0.0,0.0029,0.0,NORMAL_EXECUTION_PROGRESS,NONE,NONE
MPLADS-004234,3.46,4.4,0,1.7,91.5,93.2,0.0,0.0,0.0,0.0,NORMAL_EXECUTION_PROGRESS,NONE,NONE
MPLADS-004235,76.92,94.5,0,80.5,17.6,98.1,0.0,0.0,0.0,75.0,SEVERE_PHYSICAL_FINANCIAL_GAP,ABANDONED_WORK_SUSPICION,INSPECTION_DOCUMENTATION_DEFICIT
MPLADS-004236,21.25,39.92,0,8.4,86.7,95.1,4.0,0.0,0.0001,0.0,NORMAL_EXECUTION_PROGRESS,NONE,NONE
MPLADS-004237,63.24,87.06,0,34.2,17.9,52.1,9.0,0.0,0.0067,50.0,SEVERE_PHYSICAL_FINANCIAL_GAP,ABANDONED_WORK_SUSPICION,NONE
MPLADS-004238,16.73,31.0,0,6.3,85.8,92.1,0.0,0.0,0.0,0.0,NORMAL_EXECUTION_PROGRESS,NONE,NONE
MPLADS-004239,19.54,36.58,0,3.5,84.1,87.6,33.0,0.0,0.0058,0.0,NORMAL_EXECUTION_PROGRESS,NONE,NONE
MPLADS-004240,32.78,60.62,0,-0.7,93.9,93.2,0.0,0.0,0.0,0.0,NORMAL_EXECUTION_PROGRESS,NONE,NONE
MPLADS-004241,13.21,23.76,0,15.1,73.7,88.8,22.0,0.0,0.0097,0.0,NORMAL_EXECUTION_PROGRESS,NONE,NONE
MPLADS-004242,19.95,37.42,0,-8.8,94.2,85.4,0.0,0.0,0.0,0.0,NORMAL_EXECUTION_PROGRESS,NONE,NONE
MPLADS-004243,26.84,50.5,0,10.2,83.4,93.6,0.0,0.0,0.0,0.0,NORMAL_EXECUTION_PROGRESS,NONE,NONE
MPLADS-004244,82.8,97.28,1,27.2,60.4,87.6,360.0,0.0,0.5258,25.0,EXTREME_DURATION_OVERRUN,STALLED_EXECUTION_TRAJECTORY,NONE
MPLADS-004245,49.54,82.34,0,15.6,72.9,88.5,0.0,0.0,0.0,0.0,NORMAL_EXECUTION_PROGRESS,NONE,NONE
MPLADS-004246,24.64,46.5,0,21.9,70.5,92.4,12.0,0.0,0.0037,0.0,NORMAL_EXECUTION_PROGRESS,NONE,NONE
MPLADS-004247,27.68,51.98,0,16.6,70.8,87.4,1.0,0.0,0.0005,0.0,NORMAL_EXECUTION_PROGRESS,NONE,NONE
MPLADS-004248,5.11,7.5,0,9.0,88.1,97.1,6.0,0.0,0.0012,0.0,NORMAL_EXECUTION_PROGRESS,NONE,NONE
MPLADS-004249,46.74,80.24,0,1.7,86.9,88.6,34.0,0.0,0.0342,0.0,NORMAL_EXECUTION_PROGRESS,NONE,NONE
MPLADS-004250,29.15,54.54,0,3.8,87.4,91.2,0.0,0.0,0.0,0.0,NORMAL_EXECUTION_PROGRESS,NONE,NONE
MPLADS-004251,38.88,70.38,0,17.2,79.8,97.0,0.0,0.0,0.0,0.0,NORMAL_EXECUTION_PROGRESS,NONE,NONE
MPLADS-004252,69.52,90.16,0,63.1,23.4,86.5,24.0,0.0,0.0236,75.0,SEVERE_PHYSICAL_FINANCIAL_GAP,INSPECTION_DOCUMENTATION_DEFICIT,NONE
MPLADS-004253,67.76,88.8,0,25.5,61.0,86.5,120.0,0.0,0.0604,0.0,ELEVATED_PROGRESS_VOLATILITY,NONE,NONE
MPLADS-004254,8.12,13.34,0,10.2,78.7,88.9,24.0,0.0,0.0043,0.0,NORMAL_EXECUTION_PROGRESS,NONE,NONE
MPLADS-004255,22.31,41.96,0,-4.4,99.6,95.2,10.0,0.0,0.002,0.0,NORMAL_EXECUTION_PROGRESS,NONE,NONE
MPLADS-004256,12.56,22.4,0,-1.5,91.5,90.0,15.0,0.0,0.0039,0.0,NORMAL_EXECUTION_PROGRESS,NONE,NONE
MPLADS-004257,11.46,20.22,0,3.5,91.7,95.2,12.0,0.0,0.001,0.0,NORMAL_EXECUTION_PROGRESS,NONE,NONE
MPLADS-004258,38.1,69.22,0,-6.5,95.2,88.7,0.0,0.0,0.0,0.0,NORMAL_EXECUTION_PROGRESS,NONE,NONE
MPLADS-004259,58.12,85.36,0,53.2,89.8,143.0,28.0,0.0,0.0037,75.0,NORMAL_EXECUTION_PROGRESS,NONE,NONE
MPLADS-004260,20.2,37.9,0,15.8,76.0,91.8,33.0,0.0,0.0075,0.0,NORMAL_EXECUTION_PROGRESS,NONE,NONE
MPLADS-004261,11.76,20.82,0,7.7,81.5,89.2,0.0,0.0,0.0,0.0,NORMAL_EXECUTION_PROGRESS,NONE,NONE
MPLADS-004262,0.48,0.18,0,11.1,77.8,88.9,7.0,0.0,0.0016,0.0,NORMAL_EXECUTION_PROGRESS,NONE,NONE
MPLADS-004263,6.26,9.68,0,5.7,80.4,86.1,4.0,0.0,0.0008,0.0,NORMAL_EXECUTION_PROGRESS,NONE,NONE
MPLADS-004264,41.19,73.74,0,24.4,73.4,97.8,29.0,0.0,0.0171,0.0,NORMAL_EXECUTION_PROGRESS,NONE,NONE
MPLADS-004265,21.7,40.84,0,16.6,76.3,92.9,26.0,0.0,0.0027,0.0,NORMAL_EXECUTION_PROGRESS,NONE,NONE
MPLADS-004266,32.48,60.14,0,-1.7,92.4,90.7,0.0,0.0,0.0,0.0,NORMAL_EXECUTION_PROGRESS,NONE,NONE
MPLADS-004267,69.77,90.44,0,65.7,21.4,87.1,13.0,0.0,0.0082,75.0,SEVERE_PHYSICAL_FINANCIAL_GAP,INSPECTION_DOCUMENTATION_DEFICIT,NONE
MPLADS-004268,47.49,80.9,0,-12.1,99.0,86.9,0.0,0.0,0.0,0.0,NORMAL_EXECUTION_PROGRESS,NONE,NONE
MPLADS-004269,27.83,52.28,0,22.2,74.5,96.7,0.0,0.0,0.0,0.0,NORMAL_EXECUTION_PROGRESS,NONE,NONE
MPLADS-004270,26.01,49.02,0,20.5,70.3,90.8,0.0,0.0,0.0,0.0,NORMAL_EXECUTION_PROGRESS,NONE,NONE
MPLADS-004271,35.39,64.86,0,8.5,86.3,94.8,18.0,0.0,0.0176,0.0,NORMAL_EXECUTION_PROGRESS,NONE,NONE
MPLADS-004272,10.21,17.62,0,10.2,85.1,95.3,18.0,0.0,0.001,0.0,NORMAL_EXECUTION_PROGRESS,NONE,NONE
MPLADS-004273,68.87,89.64,0,58.7,27.3,86.0,0.0,0.0,0.0,75.0,SEVERE_PHYSICAL_FINANCIAL_GAP,INSPECTION_DOCUMENTATION_DEFICIT,NONE
MPLADS-004274,15.84,29.18,0,18.5,79.0,97.5,6.0,0.0,0.0003,0.0,NORMAL_EXECUTION_PROGRESS,NONE,NONE
MPLADS-004275,57.88,85.24,0,18.4,23.9,42.3,7.0,0.0,0.0101,0.0,NORMAL_EXECUTION_PROGRESS,NONE,NONE
MPLADS-004276,16.11,29.72,0,21.2,74.7,95.9,11.0,0.0,0.0017,0.0,NORMAL_EXECUTION_PROGRESS,NONE,NONE
MPLADS-004277,85.03,98.12,1,25.3,71.6,96.9,480.0,0.0,0.7516,25.0,EXTREME_DURATION_OVERRUN,STALLED_EXECUTION_TRAJECTORY,NONE
MPLADS-004278,8.37,13.86,0,3.2,91.1,94.3,28.0,0.0,0.0059,0.0,NORMAL_EXECUTION_PROGRESS,NONE,NONE
MPLADS-004279,37.9,68.86,0,-5.9,92.5,86.6,9.0,0.0,0.0002,0.0,NORMAL_EXECUTION_PROGRESS,NONE,NONE
MPLADS-004280,17.87,33.28,0,7.2,84.5,91.7,19.0,0.0,0.0082,0.0,NORMAL_EXECUTION_PROGRESS,NONE,NONE
MPLADS-004281,7.89,12.9,0,14.8,82.2,97.0,11.0,0.0,0.0027,0.0,NORMAL_EXECUTION_PROGRESS,NONE,NONE
MPLADS-004282,18.72,34.96,0,11.8,75.7,87.5,10.0,0.0,0.0006,0.0,NORMAL_EXECUTION_PROGRESS,NONE,NONE
MPLADS-004283,10.91,19.06,0,8.3,83.6,91.9,30.0,0.0,0.0081,0.0,NORMAL_EXECUTION_PROGRESS,NONE,NONE
MPLADS-004284,2.43,2.66,0,6.7,84.8,91.5,19.0,0.0,0.0049,0.0,NORMAL_EXECUTION_PROGRESS,NONE,NONE
MPLADS-004285,29.6,55.32,0,23.5,72.7,96.2,27.0,0.0,0.0095,0.0,NORMAL_EXECUTION_PROGRESS,NONE,NONE
MPLADS-004286,44.13,77.46,0,-7.9,97.3,89.4,0.0,0.0,0.0,0.0,NORMAL_EXECUTION_PROGRESS,NONE,NONE
MPLADS-004287,49.47,82.32,0,-8.0,99.8,91.8,34.0,0.0,0.0295,0.0,NORMAL_EXECUTION_PROGRESS,NONE,NONE
MPLADS-004288,3.39,4.26,0,13.1,76.2,89.3,8.0,0.0,0.0023,0.0,NORMAL_EXECUTION_PROGRESS,NONE,NONE
MPLADS-004289,26.66,50.22,0,0.2,96.1,96.3,32.0,0.0,0.0072,0.0,NORMAL_EXECUTION_PROGRESS,NONE,NONE
MPLADS-004290,72.1,92.16,0,56.1,29.7,85.8,31.0,0.0,0.039,75.0,SEVERE_PHYSICAL_FINANCIAL_GAP,INSPECTION_DOCUMENTATION_DEFICIT,NONE
MPLADS-004291,28.17,52.86,0,9.3,75.7,85.0,30.0,0.0,0.01,0.0,NORMAL_EXECUTION_PROGRESS,NONE,NONE
MPLADS-004292,79.06,95.3,1,42.0,44.7,86.7,240.0,0.0,0.3534,75.0,SEVERE_PHYSICAL_FINANCIAL_GAP,EXTREME_DURATION_OVERRUN,STALLED_EXECUTION_TRAJECTORY
MPLADS-004293,25.68,48.42,0,19.4,71.5,90.9,21.0,0.0,0.0071,0.0,NORMAL_EXECUTION_PROGRESS,NONE,NONE
MPLADS-004294,38.41,69.68,0,-6.9,93.9,87.0,14.0,0.0,0.0123,0.0,NORMAL_EXECUTION_PROGRESS,NONE,NONE
MPLADS-004295,19.6,36.7,0,-2.4,95.8,93.4,0.0,0.0,0.0,0.0,NORMAL_EXECUTION_PROGRESS,NONE,NONE
MPLADS-004296,29.32,54.82,0,-4.7,97.3,92.6,24.0,0.0,0.0009,0.0,NORMAL_EXECUTION_PROGRESS,NONE,NONE
MPLADS-004297,71.07,91.42,0,62.0,30.6,92.6,18.0,0.0,0.0069,75.0,SEVERE_PHYSICAL_FINANCIAL_GAP,INSPECTION_DOCUMENTATION_DEFICIT,NONE
MPLADS-004298,45.68,79.1,0,14.3,81.3,95.6,31.0,0.0,0.0331,0.0,NORMAL_EXECUTION_PROGRESS,NONE,NONE
MPLADS-004299,9.21,15.58,0,-5.1,91.5,86.4,12.0,0.0,0.002,0.0,NORMAL_EXECUTION_PROGRESS,NONE,NONE
MPLADS-004300,24.78,46.8,0,6.5,87.3,93.8,32.0,0.0,0.0024,0.0,NORMAL_EXECUTION_PROGRESS,NONE,NONE
MPLADS-004301,19.25,36.02,0,16.8,72.2,89.0,4.0,0.0,0.0015,0.0,NORMAL_EXECUTION_PROGRESS,NONE,NONE
MPLADS-004302,37.09,67.66,0,-0.6,95.6,95.0,0.0,0.0,0.0,0.0,NORMAL_EXECUTION_PROGRESS,NONE,NONE
MPLADS-004303,47.01,80.42,0,-0.6,95.2,94.6,34.0,0.0,0.0311,0.0,NORMAL_EXECUTION_PROGRESS,NONE,NONE
MPLADS-004304,67.46,88.68,0,68.0,21.3,89.3,0.0,0.0,0.0,75.0,SEVERE_PHYSICAL_FINANCIAL_GAP,INSPECTION_DOCUMENTATION_DEFICIT,NONE
MPLADS-004305,10.39,18.0,0,0.2,87.8,88.0,0.0,0.0,0.0,0.0,NORMAL_EXECUTION_PROGRESS,NONE,NONE
MPLADS-004306,4.32,5.98,0,4.8,82.3,87.1,6.0,0.0,0.0024,0.0,NORMAL_EXECUTION_PROGRESS,NONE,NONE
MPLADS-004307,27.18,51.14,0,7.9,84.6,92.5,19.0,0.0,0.0082,0.0,NORMAL_EXECUTION_PROGRESS,NONE,NONE
MPLADS-004308,9.04,15.22,0,2.7,82.6,85.3,0.0,0.0,0.0,0.0,NORMAL_EXECUTION_PROGRESS,NONE,NONE
MPLADS-004309,29.67,55.42,0,7.4,81.5,88.9,20.0,0.0,0.0004,0.0,NORMAL_EXECUTION_PROGRESS,NONE,NONE
MPLADS-004310,8.1,13.3,0,13.5,78.5,92.0,0.0,0.0,0.0,0.0,NORMAL_EXECUTION_PROGRESS,NONE,NONE
MPLADS-004311,30.0,55.96,0,-1.1,98.7,97.6,4.0,0.0,0.0011,0.0,NORMAL_EXECUTION_PROGRESS,NONE,NONE
MPLADS-004312,31.25,58.08,0,17.5,72.1,89.6,34.0,0.0,0.0051,0.0,NORMAL_EXECUTION_PROGRESS,NONE,NONE
MPLADS-004313,6.66,10.48,0,5.5,91.9,97.4,3.0,0.0,0.001,0.0,NORMAL_EXECUTION_PROGRESS,NONE,NONE
MPLADS-004314,76.6,94.46,0,84.5,70.2,154.7,10.0,0.0,0.0116,75.0,SEVERE_PHYSICAL_FINANCIAL_GAP,NONE,NONE
MPLADS-004315,41.8,74.58,0,2.0,83.9,85.9,19.0,0.0,0.0191,0.0,NORMAL_EXECUTION_PROGRESS,NONE,NONE
MPLADS-004316,36.56,66.84,0,-6.9,92.5,85.6,5.0,0.0,0.0044,0.0,NORMAL_EXECUTION_PROGRESS,NONE,NONE
MPLADS-004317,23.25,43.76,0,9.6,77.9,87.5,30.0,0.0,0.0061,0.0,NORMAL_EXECUTION_PROGRESS,NONE,NONE
MPLADS-004318,3.74,4.92,0,3.4,86.6,90.0,20.0,0.0,0.0025,0.0,NORMAL_EXECUTION_PROGRESS,NONE,NONE
MPLADS-004319,10.24,17.7,0,8.1,80.8,88.9,0.0,0.0,0.0,0.0,NORMAL_EXECUTION_PROGRESS,NONE,NONE
MPLADS-004320,14.68,26.76,0,-3.0,91.0,88.0,16.0,0.0,0.0015,0.0,NORMAL_EXECUTION_PROGRESS,NONE,NONE
MPLADS-004321,35.15,64.48,0,-6.8,99.8,93.0,34.0,0.0,0.0017,0.0,NORMAL_EXECUTION_PROGRESS,NONE,NONE
MPLADS-004322,43.94,77.24,0,7.7,89.4,97.1,34.0,0.0,0.0008,0.0,NORMAL_EXECUTION_PROGRESS,NONE,NONE
MPLADS-004323,48.77,81.82,0,34.3,95.2,129.5,12.0,0.0,0.0021,50.0,NORMAL_EXECUTION_PROGRESS,NONE,NONE
MPLADS-004324,45.5,78.98,0,-11.5,96.7,85.2,20.0,0.0,0.0173,0.0,NORMAL_EXECUTION_PROGRESS,NONE,NONE
MPLADS-004325,24.96,47.08,0,0.4,97.4,97.8,22.0,0.0,0.0036,0.0,NORMAL_EXECUTION_PROGRESS,NONE,NONE
MPLADS-004326,13.35,24.04,0,16.5,80.2,96.7,30.0,0.0,0.01,0.0,NORMAL_EXECUTION_PROGRESS,NONE,NONE
MPLADS-004327,47.21,80.66,0,18.0,79.6,97.6,29.0,0.0,0.0314,0.0,NORMAL_EXECUTION_PROGRESS,NONE,NONE
MPLADS-004328,34.17,62.9,0,-3.6,91.6,88.0,0.0,0.0,0.0,0.0,NORMAL_EXECUTION_PROGRESS,NONE,NONE
MPLADS-004329,42.08,74.94,0,-8.2,94.5,86.3,0.0,0.0,0.0,0.0,NORMAL_EXECUTION_PROGRESS,NONE,NONE
MPLADS-004330,34.56,63.54,0,7.2,78.3,85.5,7.0,0.0,0.0001,0.0,NORMAL_EXECUTION_PROGRESS,NONE,NONE
MPLADS-004331,13.94,25.26,0,18.2,71.7,89.9,8.0,0.0,0.0026,0.0,NORMAL_EXECUTION_PROGRESS,NONE,NONE
MPLADS-004332,10.76,18.76,0,14.2,78.6,92.8,26.0,0.0,0.0106,0.0,NORMAL_EXECUTION_PROGRESS,NONE,NONE
MPLADS-004333,43.4,76.66,0,11.9,73.3,85.2,22.0,0.0,0.0253,0.0,NORMAL_EXECUTION_PROGRESS,NONE,NONE
MPLADS-004334,2.55,2.86,0,-2.3,88.4,86.1,14.0,0.0,0.0026,0.0,NORMAL_EXECUTION_PROGRESS,NONE,NONE
MPLADS-004335,41.45,74.1,0,12.3,74.4,86.7,20.0,0.0,0.0226,0.0,NORMAL_EXECUTION_PROGRESS,NONE,NONE
MPLADS-004336,34.78,63.92,0,24.0,73.4,97.4,27.0,0.0,0.0126,0.0,NORMAL_EXECUTION_PROGRESS,NONE,NONE
MPLADS-004337,30.37,56.56,0,1.4,84.0,85.4,29.0,0.0,0.0137,0.0,NORMAL_EXECUTION_PROGRESS,NONE,NONE
MPLADS-004338,27.05,50.9,0,-7.2,99.6,92.4,25.0,0.0,0.0022,0.0,NORMAL_EXECUTION_PROGRESS,NONE,NONE
MPLADS-004339,15.21,27.86,0,-6.9,97.6,90.7,0.0,0.0,0.0,0.0,NORMAL_EXECUTION_PROGRESS,NONE,NONE
MPLADS-004340,26.1,49.2,0,13.1,75.0,88.1,30.0,0.0,0.0036,0.0,NORMAL_EXECUTION_PROGRESS,NONE,NONE
MPLADS-004341,37.17,67.78,0,11.5,74.2,85.7,17.0,0.0,0.0004,0.0,NORMAL_EXECUTION_PROGRESS,NONE,NONE
MPLADS-004342,30.96,57.6,0,-2.8,99.7,96.9,33.0,0.0,0.0087,0.0,NORMAL_EXECUTION_PROGRESS,NONE,NONE
MPLADS-004343,6.72,10.64,0,8.5,77.9,86.4,18.0,0.0,0.0049,0.0,NORMAL_EXECUTION_PROGRESS,NONE,NONE
MPLADS-004344,46.84,80.26,0,-8.7,97.2,88.5,19.0,0.0,0.0163,0.0,NORMAL_EXECUTION_PROGRESS,NONE,NONE
MPLADS-004345,42.22,75.1,0,7.7,87.4,95.1,31.0,0.0,0.0308,0.0,NORMAL_EXECUTION_PROGRESS,NONE,NONE
MPLADS-004346,2.37,2.54,0,6.3,84.4,90.7,11.0,0.0,0.0026,0.0,NORMAL_EXECUTION_PROGRESS,NONE,NONE
MPLADS-004347,29.01,54.3,0,22.8,74.9,97.7,9.0,0.0,0.0045,0.0,NORMAL_EXECUTION_PROGRESS,NONE,NONE
MPLADS-004348,33.99,62.58,0,15.0,78.1,93.1,0.0,0.0,0.0,0.0,NORMAL_EXECUTION_PROGRESS,NONE,NONE
MPLADS-004349,24.83,46.86,0,-8.6,94.3,85.7,28.0,0.0,0.0054,0.0,NORMAL_EXECUTION_PROGRESS,NONE,NONE
MPLADS-004350,43.44,76.72,0,-3.4,99.8,96.4,12.0,0.0,0.0098,0.0,NORMAL_EXECUTION_PROGRESS,NONE,NONE
MPLADS-004351,0.55,0.2,0,6.4,82.1,88.5,2.0,0.0,0.0004,0.0,NORMAL_EXECUTION_PROGRESS,NONE,NONE
MPLADS-004352,1.63,1.3,0,16.5,78.9,95.4,7.0,0.0,0.0016,0.0,NORMAL_EXECUTION_PROGRESS,NONE,NONE
MPLADS-004353,12.97,23.28,0,-1.8,97.3,95.5,3.0,0.0,0.0003,0.0,NORMAL_EXECUTION_PROGRESS,NONE,NONE
MPLADS-004354,46.28,79.84,0,-9.5,95.5,86.0,29.0,0.0,0.0005,0.0,NORMAL_EXECUTION_PROGRESS,NONE,NONE
MPLADS-004355,81.77,96.96,1,78.7,16.6,95.3,0.0,0.0,0.0,75.0,SEVERE_PHYSICAL_FINANCIAL_GAP,ABANDONED_WORK_SUSPICION,INSPECTION_DOCUMENTATION_DEFICIT
MPLADS-004356,17.78,33.1,0,10.6,82.7,93.3,26.0,0.0,0.002,0.0,NORMAL_EXECUTION_PROGRESS,NONE,NONE
MPLADS-004357,26.67,50.24,0,0.3,93.1,93.4,0.0,0.0,0.0,0.0,NORMAL_EXECUTION_PROGRESS,NONE,NONE
MPLADS-004358,47.68,81.0,0,26.2,70.2,96.4,22.0,0.0,0.0008,0.0,NORMAL_EXECUTION_PROGRESS,NONE,NONE
MPLADS-004359,6.66,10.5,0,8.1,79.5,87.6,0.0,0.0,0.0,0.0,NORMAL_EXECUTION_PROGRESS,NONE,NONE
MPLADS-004360,29.22,54.68,0,12.4,80.4,92.8,8.0,0.0,0.0001,0.0,NORMAL_EXECUTION_PROGRESS,NONE,NONE
MPLADS-004361,16.51,30.54,0,2.6,83.0,85.6,14.0,0.0,0.0035,0.0,NORMAL_EXECUTION_PROGRESS,NONE,NONE
MPLADS-004362,13.72,24.82,0,5.7,82.1,87.8,28.0,0.0,0.0076,0.0,NORMAL_EXECUTION_PROGRESS,NONE,NONE
MPLADS-004363,19.98,37.46,0,14.1,79.4,93.5,0.0,0.0,0.0,0.0,NORMAL_EXECUTION_PROGRESS,NONE,NONE
MPLADS-004364,28.48,53.44,0,18.8,73.7,92.5,34.0,0.0,0.0126,0.0,NORMAL_EXECUTION_PROGRESS,NONE,NONE
MPLADS-004365,71.71,91.94,0,49.9,94.4,144.3,0.0,0.0,0.0,50.0,SEVERE_PHYSICAL_FINANCIAL_GAP,NONE,NONE
MPLADS-004366,9.13,15.4,0,3.1,91.5,94.6,30.0,0.0,0.0065,0.0,NORMAL_EXECUTION_PROGRESS,NONE,NONE
MPLADS-004367,23.62,44.56,0,-8.6,98.2,89.6,0.0,0.0,0.0,0.0,NORMAL_EXECUTION_PROGRESS,NONE,NONE
MPLADS-004368,23.38,44.04,0,1.1,83.9,85.0,1.0,0.0,0.0002,0.0,NORMAL_EXECUTION_PROGRESS,NONE,NONE
MPLADS-004369,24.3,45.84,0,9.6,77.5,87.1,33.0,0.0,0.0039,0.0,NORMAL_EXECUTION_PROGRESS,NONE,NONE
MPLADS-004370,37.85,68.78,0,12.2,82.3,94.5,33.0,0.0,0.0011,0.0,NORMAL_EXECUTION_PROGRESS,NONE,NONE
MPLADS-004371,71.94,92.1,0,88.7,70.3,159.0,12.0,0.0,0.0043,75.0,SEVERE_PHYSICAL_FINANCIAL_GAP,NONE,NONE
MPLADS-004372,38.17,69.34,0,6.4,79.7,86.1,18.0,0.0,0.019,0.0,NORMAL_EXECUTION_PROGRESS,NONE,NONE
MPLADS-004373,55.16,84.62,0,42.8,99.1,141.9,2.0,0.0,0.0003,50.0,NORMAL_EXECUTION_PROGRESS,NONE,NONE
MPLADS-004374,31.55,58.6,0,6.7,89.3,96.0,0.0,0.0,0.0,0.0,NORMAL_EXECUTION_PROGRESS,NONE,NONE
MPLADS-004375,19.81,37.12,0,-9.0,95.6,86.6,16.0,0.0,0.0038,0.0,NORMAL_EXECUTION_PROGRESS,NONE,NONE
MPLADS-004376,28.98,54.26,0,22.1,72.0,94.1,27.0,0.0,0.0064,0.0,NORMAL_EXECUTION_PROGRESS,NONE,NONE
MPLADS-004377,28.78,53.94,0,11.7,77.8,89.5,0.0,0.0,0.0,0.0,NORMAL_EXECUTION_PROGRESS,NONE,NONE
MPLADS-004378,19.55,36.6,0,5.4,84.4,89.8,0.0,0.0,0.0,0.0,NORMAL_EXECUTION_PROGRESS,NONE,NONE
MPLADS-004379,27.42,51.52,0,-0.7,90.3,89.6,34.0,0.0,0.0113,0.0,NORMAL_EXECUTION_PROGRESS,NONE,NONE
MPLADS-004380,67.14,88.56,0,69.7,22.6,92.3,0.0,0.0,0.0,75.0,SEVERE_PHYSICAL_FINANCIAL_GAP,INSPECTION_DOCUMENTATION_DEFICIT,NONE
MPLADS-004381,6.95,11.08,0,9.0,80.6,89.6,5.0,0.0,0.001,0.0,NORMAL_EXECUTION_PROGRESS,NONE,NONE
MPLADS-004382,28.59,53.62,0,-1.8,97.3,95.5,31.0,0.0,0.0015,0.0,NORMAL_EXECUTION_PROGRESS,NONE,NONE
MPLADS-004383,7.35,11.88,0,10.9,86.7,97.6,4.0,0.0,0.001,0.0,NORMAL_EXECUTION_PROGRESS,NONE,NONE
MPLADS-004384,28.39,53.26,0,-2.9,98.3,95.4,0.0,0.0,0.0,0.0,NORMAL_EXECUTION_PROGRESS,NONE,NONE
MPLADS-004385,35.13,64.46,0,-5.3,99.1,93.8,31.0,0.0,0.0109,0.0,NORMAL_EXECUTION_PROGRESS,NONE,NONE
MPLADS-004386,35.81,65.6,0,-11.9,97.3,85.4,30.0,0.0,0.0108,0.0,NORMAL_EXECUTION_PROGRESS,NONE,NONE
MPLADS-004387,40.83,73.22,0,22.4,73.6,96.0,5.0,0.0,0.0055,0.0,NORMAL_EXECUTION_PROGRESS,NONE,NONE
MPLADS-004388,86.85,98.66,1,44.2,43.5,87.7,540.0,0.0,1.0938,75.0,EXTREME_DURATION_OVERRUN,SEVERE_PHYSICAL_FINANCIAL_GAP,STALLED_EXECUTION_TRAJECTORY
MPLADS-004389,84.91,98.1,1,38.9,52.1,91.0,450.0,0.0,0.7988,75.0,EXTREME_DURATION_OVERRUN,SEVERE_PHYSICAL_FINANCIAL_GAP,STALLED_EXECUTION_TRAJECTORY
MPLADS-004390,3.64,4.76,0,4.2,85.5,89.7,0.0,0.0,0.0,0.0,NORMAL_EXECUTION_PROGRESS,NONE,NONE
MPLADS-004391,7.65,12.44,0,17.9,75.2,93.1,0.0,0.0,0.0,0.0,NORMAL_EXECUTION_PROGRESS,NONE,NONE
MPLADS-004392,12.33,21.96,0,-3.9,93.9,90.0,24.0,0.0,0.0051,0.0,NORMAL_EXECUTION_PROGRESS,NONE,NONE
MPLADS-004393,28.8,53.98,0,-5.3,99.8,94.5,0.0,0.0,0.0,0.0,NORMAL_EXECUTION_PROGRESS,NONE,NONE
MPLADS-004394,7.96,13.04,0,5.5,92.2,97.7,23.0,0.0,0.0051,0.0,NORMAL_EXECUTION_PROGRESS,NONE,NONE
MPLADS-004395,2.17,2.18,0,13.2,76.1,89.3,0.0,0.0,0.0,0.0,NORMAL_EXECUTION_PROGRESS,NONE,NONE
MPLADS-004396,21.57,40.56,0,8.7,89.0,97.7,31.0,0.0,0.0103,0.0,NORMAL_EXECUTION_PROGRESS,NONE,NONE
MPLADS-004397,41.68,74.38,0,-13.3,99.9,86.6,0.0,0.0,0.0,0.0,NORMAL_EXECUTION_PROGRESS,NONE,NONE
MPLADS-004398,14.54,26.46,0,11.4,86.4,97.8,11.0,0.0,0.0031,0.0,NORMAL_EXECUTION_PROGRESS,NONE,NONE
MPLADS-004399,8.94,15.0,0,-0.1,93.1,93.0,1.0,0.0,0.0003,0.0,NORMAL_EXECUTION_PROGRESS,NONE,NONE
MPLADS-004400,22.23,41.8,0,13.2,73.9,87.1,22.0,0.0,0.0079,0.0,NORMAL_EXECUTION_PROGRESS,NONE,NONE
MPLADS-004401,17.73,32.98,0,19.0,71.8,90.8,3.0,0.0,0.0009,0.0,NORMAL_EXECUTION_PROGRESS,NONE,NONE
MPLADS-004402,46.06,79.56,0,18.7,73.3,92.0,0.0,0.0,0.0,0.0,NORMAL_EXECUTION_PROGRESS,NONE,NONE
MPLADS-004403,23.16,43.58,0,8.8,85.2,94.0,32.0,0.0,0.0084,0.0,NORMAL_EXECUTION_PROGRESS,NONE,NONE
MPLADS-004404,4.38,6.1,0,6.5,83.6,90.1,0.0,0.0,0.0,0.0,NORMAL_EXECUTION_PROGRESS,NONE,NONE
MPLADS-004405,35.7,65.4,0,5.1,89.8,94.9,4.0,0.0,0.0036,0.0,NORMAL_EXECUTION_PROGRESS,NONE,NONE
MPLADS-004406,45.41,78.86,0,5.8,79.6,85.4,26.0,0.0,0.028,0.0,NORMAL_EXECUTION_PROGRESS,NONE,NONE
MPLADS-004407,62.71,86.88,0,55.6,90.2,145.8,0.0,0.0,0.0,75.0,SEVERE_PHYSICAL_FINANCIAL_GAP,NONE,NONE
MPLADS-004408,62.7,86.86,0,67.8,77.5,145.3,18.0,0.0,0.0014,75.0,SEVERE_PHYSICAL_FINANCIAL_GAP,NONE,NONE
MPLADS-004409,5.48,8.22,0,5.8,82.7,88.5,5.0,0.0,0.0005,0.0,NORMAL_EXECUTION_PROGRESS,NONE,NONE
MPLADS-004410,57.57,85.1,0,54.8,84.6,139.4,26.0,0.0,0.0064,75.0,NORMAL_EXECUTION_PROGRESS,NONE,NONE
MPLADS-004411,9.07,15.28,0,9.7,87.6,97.3,1.0,0.0,0.0002,0.0,NORMAL_EXECUTION_PROGRESS,NONE,NONE
MPLADS-004412,11.07,19.4,0,16.1,80.6,96.7,4.0,0.0,0.0017,0.0,NORMAL_EXECUTION_PROGRESS,NONE,NONE
MPLADS-004413,5.66,8.56,0,3.9,86.4,90.3,0.0,0.0,0.0,0.0,NORMAL_EXECUTION_PROGRESS,NONE,NONE
MPLADS-004414,31.72,58.88,0,-8.6,94.0,85.4,0.0,0.0,0.0,0.0,NORMAL_EXECUTION_PROGRESS,NONE,NONE
MPLADS-004415,33.51,61.8,0,-2.4,98.9,96.5,0.0,0.0,0.0,0.0,NORMAL_EXECUTION_PROGRESS,NONE,NONE
MPLADS-004416,24.75,46.74,0,3.3,94.4,97.7,0.0,0.0,0.0,0.0,NORMAL_EXECUTION_PROGRESS,NONE,NONE
MPLADS-004417,13.37,24.08,0,11.5,82.9,94.4,14.0,0.0,0.0007,0.0,NORMAL_EXECUTION_PROGRESS,NONE,NONE
MPLADS-004418,20.91,39.28,0,-10.6,96.2,85.6,13.0,0.0,0.001,0.0,NORMAL_EXECUTION_PROGRESS,NONE,NONE
MPLADS-004419,33.32,61.48,0,1.3,91.2,92.5,33.0,0.0,0.0138,0.0,NORMAL_EXECUTION_PROGRESS,NONE,NONE
MPLADS-004420,74.46,93.5,0,78.4,17.3,95.7,0.0,0.0,0.0,75.0,SEVERE_PHYSICAL_FINANCIAL_GAP,ABANDONED_WORK_SUSPICION,INSPECTION_DOCUMENTATION_DEFICIT
MPLADS-004421,43.67,76.94,0,3.2,88.1,91.3,29.0,0.0,0.0006,0.0,NORMAL_EXECUTION_PROGRESS,NONE,NONE
MPLADS-004422,85.16,98.16,1,31.2,61.8,93.0,480.0,0.0,0.8113,75.0,EXTREME_DURATION_OVERRUN,STALLED_EXECUTION_TRAJECTORY,SEVERE_PHYSICAL_FINANCIAL_GAP
MPLADS-004423,20.7,38.88,0,18.3,77.7,96.0,0.0,0.0,0.0,0.0,NORMAL_EXECUTION_PROGRESS,NONE,NONE
MPLADS-004424,19.63,36.76,0,-5.2,95.1,89.9,0.0,0.0,0.0,0.0,NORMAL_EXECUTION_PROGRESS,NONE,NONE
MPLADS-004425,1.64,1.34,0,-2.1,89.0,86.9,8.0,0.0,0.0021,0.0,NORMAL_EXECUTION_PROGRESS,NONE,NONE
MPLADS-004426,35.46,65.0,0,-5.0,94.1,89.1,32.0,0.0,0.0125,0.0,NORMAL_EXECUTION_PROGRESS,NONE,NONE
MPLADS-004427,12.72,22.78,0,10.8,86.7,97.5,28.0,0.0,0.0076,0.0,NORMAL_EXECUTION_PROGRESS,NONE,NONE
MPLADS-004428,5.33,7.9,0,12.5,74.9,87.4,9.0,0.0,0.0023,0.0,NORMAL_EXECUTION_PROGRESS,NONE,NONE
MPLADS-004429,39.02,70.6,0,20.1,73.3,93.4,0.0,0.0,0.0,0.0,NORMAL_EXECUTION_PROGRESS,NONE,NONE
MPLADS-004430,38.3,69.52,0,2.4,87.3,89.7,0.0,0.0,0.0,0.0,NORMAL_EXECUTION_PROGRESS,NONE,NONE
MPLADS-004431,35.3,64.72,0,3.5,92.5,96.0,11.0,0.0,0.0002,0.0,NORMAL_EXECUTION_PROGRESS,NONE,NONE
MPLADS-004432,4.43,6.2,0,5.5,89.1,94.6,0.0,0.0,0.0,0.0,NORMAL_EXECUTION_PROGRESS,NONE,NONE
MPLADS-004433,16.01,29.54,0,14.6,75.2,89.8,31.0,0.0,0.007,0.0,NORMAL_EXECUTION_PROGRESS,NONE,NONE
MPLADS-004434,18.66,34.86,0,20.6,75.4,96.0,0.0,0.0,0.0,0.0,NORMAL_EXECUTION_PROGRESS,NONE,NONE
MPLADS-004435,37.81,68.74,0,15.9,81.9,97.8,4.0,0.0,0.0001,0.0,NORMAL_EXECUTION_PROGRESS,NONE,NONE
MPLADS-004436,81.48,96.74,1,-1.5,87.1,85.6,25.0,0.0,0.0057,0.0,INSPECTION_DOCUMENTATION_DEFICIT,NONE,NONE
MPLADS-004437,18.13,33.78,0,8.7,80.1,88.8,16.0,0.0,0.001,0.0,NORMAL_EXECUTION_PROGRESS,NONE,NONE
MPLADS-004438,31.5,58.5,0,23.9,70.4,94.3,0.0,0.0,0.0,0.0,NORMAL_EXECUTION_PROGRESS,NONE,NONE
MPLADS-004439,45.6,79.02,0,2.6,95.2,97.8,23.0,0.0,0.0204,0.0,NORMAL_EXECUTION_PROGRESS,NONE,NONE
MPLADS-004440,15.88,29.26,0,-1.1,93.2,92.1,0.0,0.0,0.0,0.0,NORMAL_EXECUTION_PROGRESS,NONE,NONE
MPLADS-004441,61.06,86.18,0,17.7,23.3,41.0,0.0,0.0,0.0,0.0,ELEVATED_PROGRESS_VOLATILITY,NONE,NONE
MPLADS-004442,3.3,4.1,0,15.2,76.9,92.1,0.0,0.0,0.0,0.0,NORMAL_EXECUTION_PROGRESS,NONE,NONE
MPLADS-004443,10.22,17.64,0,-2.4,90.3,87.9,18.0,0.0,0.0034,0.0,NORMAL_EXECUTION_PROGRESS,NONE,NONE
MPLADS-004444,66.75,88.4,0,38.2,23.0,61.2,29.0,0.0,0.0432,50.0,SEVERE_PHYSICAL_FINANCIAL_GAP,NONE,NONE
MPLADS-004445,11.61,20.52,0,1.7,93.2,94.9,0.0,0.0,0.0,0.0,NORMAL_EXECUTION_PROGRESS,NONE,NONE
MPLADS-004446,18.57,34.68,0,18.2,74.7,92.9,24.0,0.0,0.0049,0.0,NORMAL_EXECUTION_PROGRESS,NONE,NONE
MPLADS-004447,86.34,98.52,1,19.4,71.7,91.1,27.0,0.0,0.0163,0.0,INSPECTION_DOCUMENTATION_DEFICIT,NONE,NONE
MPLADS-004448,77.35,94.64,0,74.8,23.8,98.6,0.0,0.0,0.0,75.0,SEVERE_PHYSICAL_FINANCIAL_GAP,INSPECTION_DOCUMENTATION_DEFICIT,NONE
MPLADS-004449,53.61,84.1,0,-9.5,96.3,86.8,0.0,0.0,0.0,0.0,NORMAL_EXECUTION_PROGRESS,NONE,NONE
MPLADS-004450,27.96,52.52,0,14.5,72.7,87.2,4.0,0.0,0.0002,0.0,NORMAL_EXECUTION_PROGRESS,NONE,NONE
MPLADS-004451,74.06,93.32,0,77.0,19.3,96.3,18.0,0.0,0.0245,75.0,SEVERE_PHYSICAL_FINANCIAL_GAP,ABANDONED_WORK_SUSPICION,INSPECTION_DOCUMENTATION_DEFICIT
MPLADS-004452,24.53,46.3,0,13.3,73.9,87.2,1.0,0.0,0.0005,0.0,NORMAL_EXECUTION_PROGRESS,NONE,NONE
MPLADS-004453,8.38,13.88,0,12.3,76.9,89.2,0.0,0.0,0.0,0.0,NORMAL_EXECUTION_PROGRESS,NONE,NONE
MPLADS-004454,10.01,17.22,0,14.3,78.8,93.1,25.0,0.0,0.0128,0.0,NORMAL_EXECUTION_PROGRESS,NONE,NONE
MPLADS-004455,25.92,48.82,0,2.9,92.5,95.4,33.0,0.0,0.0135,0.0,NORMAL_EXECUTION_PROGRESS,NONE,NONE
MPLADS-004456,22.46,42.26,0,5.7,86.3,92.0,24.0,0.0,0.0015,0.0,NORMAL_EXECUTION_PROGRESS,NONE,NONE
MPLADS-004457,84.14,97.74,1,18.1,70.5,88.6,0.0,0.0,0.0,0.0,INSPECTION_DOCUMENTATION_DEFICIT,NONE,NONE
MPLADS-004458,48.46,81.62,0,27.2,70.0,97.2,0.0,0.0,0.0,0.0,NORMAL_EXECUTION_PROGRESS,NONE,NONE
MPLADS-004459,17.04,31.62,0,15.7,77.6,93.3,4.0,0.0,0.001,0.0,NORMAL_EXECUTION_PROGRESS,NONE,NONE
MPLADS-004460,32.73,60.56,0,3.6,91.9,95.5,0.0,0.0,0.0,0.0,NORMAL_EXECUTION_PROGRESS,NONE,NONE
MPLADS-004461,26.04,49.08,0,2.1,95.1,97.2,18.0,0.0,0.0061,0.0,NORMAL_EXECUTION_PROGRESS,NONE,NONE
MPLADS-004462,67.96,88.96,0,44.9,12.5,57.4,16.0,0.0,0.0319,50.0,SEVERE_PHYSICAL_FINANCIAL_GAP,ABANDONED_WORK_SUSPICION,NONE
MPLADS-004463,8.54,14.18,0,-6.4,93.0,86.6,0.0,0.0,0.0,0.0,NORMAL_EXECUTION_PROGRESS,NONE,NONE
MPLADS-004464,25.51,48.08,0,21.3,72.2,93.5,0.0,0.0,0.0,0.0,NORMAL_EXECUTION_PROGRESS,NONE,NONE
MPLADS-004465,69.09,89.82,0,58.0,33.9,91.9,21.0,0.0,0.0226,75.0,SEVERE_PHYSICAL_FINANCIAL_GAP,INSPECTION_DOCUMENTATION_DEFICIT,NONE
MPLADS-004466,38.55,69.9,0,0.5,87.2,87.7,4.0,0.0,0.0001,0.0,NORMAL_EXECUTION_PROGRESS,NONE,NONE
MPLADS-004467,40.87,73.28,0,18.2,78.6,96.8,0.0,0.0,0.0,0.0,NORMAL_EXECUTION_PROGRESS,NONE,NONE
MPLADS-004468,47.67,80.98,0,1.3,95.9,97.2,30.0,0.0,0.027,0.0,NORMAL_EXECUTION_PROGRESS,NONE,NONE
MPLADS-004469,31.1,57.84,0,-1.8,96.7,94.9,33.0,0.0,0.0124,0.0,NORMAL_EXECUTION_PROGRESS,NONE,NONE
MPLADS-004470,80.19,96.02,1,82.8,15.4,98.2,23.0,0.0,0.0368,75.0,SEVERE_PHYSICAL_FINANCIAL_GAP,ABANDONED_WORK_SUSPICION,INSPECTION_DOCUMENTATION_DEFICIT
MPLADS-004471,9.71,16.58,0,11.0,85.8,96.8,22.0,0.0,0.0072,0.0,NORMAL_EXECUTION_PROGRESS,NONE,NONE
MPLADS-004472,16.08,29.68,0,19.3,70.3,89.6,4.0,0.0,0.0011,0.0,NORMAL_EXECUTION_PROGRESS,NONE,NONE
MPLADS-004473,17.17,31.9,0,15.9,76.3,92.2,21.0,0.0,0.0019,0.0,NORMAL_EXECUTION_PROGRESS,NONE,NONE
MPLADS-004474,43.76,77.02,0,14.0,82.5,96.5,24.0,0.0,0.0249,0.0,NORMAL_EXECUTION_PROGRESS,NONE,NONE
MPLADS-004475,53.72,84.12,0,-10.7,99.2,88.5,33.0,0.0,0.0288,0.0,NORMAL_EXECUTION_PROGRESS,NONE,NONE
MPLADS-004476,50.52,82.94,0,5.8,80.5,86.3,0.0,0.0,0.0,0.0,NORMAL_EXECUTION_PROGRESS,NONE,NONE
MPLADS-004477,31.57,58.64,0,23.7,71.0,94.7,25.0,0.0,0.009,0.0,NORMAL_EXECUTION_PROGRESS,NONE,NONE
MPLADS-004478,8.44,14.0,0,1.3,92.1,93.4,0.0,0.0,0.0,0.0,NORMAL_EXECUTION_PROGRESS,NONE,NONE
MPLADS-004479,12.28,21.86,0,14.5,80.7,95.2,12.0,0.0,0.0015,0.0,NORMAL_EXECUTION_PROGRESS,NONE,NONE
MPLADS-004480,79.51,95.58,1,40.1,11.1,51.2,34.0,0.0,0.082,50.0,SEVERE_PHYSICAL_FINANCIAL_GAP,ABANDONED_WORK_SUSPICION,NONE
MPLADS-004481,73.24,92.8,0,23.8,64.6,88.4,270.0,0.0,0.3017,25.0,EXTREME_DURATION_OVERRUN,STALLED_EXECUTION_TRAJECTORY,NONE
MPLADS-004482,22.87,43.02,0,0.8,85.7,86.5,22.0,0.0,0.005,0.0,NORMAL_EXECUTION_PROGRESS,NONE,NONE
MPLADS-004483,25.03,47.22,0,-5.0,93.2,88.2,23.0,0.0,0.0085,0.0,NORMAL_EXECUTION_PROGRESS,NONE,NONE
MPLADS-004484,44.36,77.8,0,16.8,70.1,86.9,0.0,0.0,0.0,0.0,NORMAL_EXECUTION_PROGRESS,NONE,NONE
MPLADS-004485,6.55,10.28,0,7.6,89.6,97.2,8.0,0.0,0.0007,0.0,NORMAL_EXECUTION_PROGRESS,NONE,NONE
MPLADS-004486,40.56,72.82,0,15.6,80.4,96.0,0.0,0.0,0.0,0.0,NORMAL_EXECUTION_PROGRESS,NONE,NONE
MPLADS-004487,65.48,87.66,0,57.3,76.6,133.9,27.0,0.0,0.0302,75.0,SEVERE_PHYSICAL_FINANCIAL_GAP,NONE,NONE
MPLADS-004488,31.99,59.34,0,-8.8,94.9,86.1,0.0,0.0,0.0,0.0,NORMAL_EXECUTION_PROGRESS,NONE,NONE
MPLADS-004489,66.83,88.46,0,62.2,30.0,92.2,9.0,0.0,0.0112,75.0,SEVERE_PHYSICAL_FINANCIAL_GAP,INSPECTION_DOCUMENTATION_DEFICIT,NONE
MPLADS-004490,21.8,41.02,0,-9.7,95.2,85.5,15.0,0.0,0.005,0.0,NORMAL_EXECUTION_PROGRESS,NONE,NONE
MPLADS-004491,38.09,69.2,0,1.0,91.4,92.4,17.0,0.0,0.0156,0.0,NORMAL_EXECUTION_PROGRESS,NONE,NONE
MPLADS-004492,20.0,37.5,0,-5.0,99.0,94.0,21.0,0.0,0.0037,0.0,NORMAL_EXECUTION_PROGRESS,NONE,NONE
MPLADS-004493,22.06,41.48,0,12.0,82.7,94.7,0.0,0.0,0.0,0.0,NORMAL_EXECUTION_PROGRESS,NONE,NONE
MPLADS-004494,5.32,7.88,0,0.7,87.0,87.7,18.0,0.0,0.0055,0.0,NORMAL_EXECUTION_PROGRESS,NONE,NONE
MPLADS-004495,54.47,84.4,0,41.8,87.5,129.3,0.0,0.0,0.0,50.0,NORMAL_EXECUTION_PROGRESS,NONE,NONE
MPLADS-004496,10.58,18.4,0,9.3,76.5,85.8,22.0,0.0,0.0065,0.0,NORMAL_EXECUTION_PROGRESS,NONE,NONE
MPLADS-004497,34.57,63.56,0,2.6,91.9,94.5,0.0,0.0,0.0,0.0,NORMAL_EXECUTION_PROGRESS,NONE,NONE
MPLADS-004498,8.61,14.34,0,-6.4,92.4,86.0,6.0,0.0,0.0004,0.0,NORMAL_EXECUTION_PROGRESS,NONE,NONE
MPLADS-004499,18.3,34.12,0,-4.8,98.8,94.0,4.0,0.0,0.0005,0.0,NORMAL_EXECUTION_PROGRESS,NONE,NONE
MPLADS-004500,52.96,83.84,0,53.9,74.1,128.0,0.0,0.0,0.0,75.0,NORMAL_EXECUTION_PROGRESS,NONE,NONE
MPLADS-004501,6.9,10.98,0,16.3,75.2,91.5,26.0,0.0,0.0094,0.0,NORMAL_EXECUTION_PROGRESS,NONE,NONE
MPLADS-004502,10.47,18.16,0,14.6,82.7,97.3,21.0,0.0,0.0031,0.0,NORMAL_EXECUTION_PROGRESS,NONE,NONE
MPLADS-004503,7.67,12.48,0,-4.3,90.8,86.5,0.0,0.0,0.0,0.0,NORMAL_EXECUTION_PROGRESS,NONE,NONE
MPLADS-004504,47.72,81.04,0,-5.8,95.4,89.6,0.0,0.0,0.0,0.0,NORMAL_EXECUTION_PROGRESS,NONE,NONE
MPLADS-004505,25.82,48.66,0,9.9,88.0,97.9,1.0,0.0,0.0,0.0,NORMAL_EXECUTION_PROGRESS,NONE,NONE
MPLADS-004506,31.12,57.88,0,-2.0,97.2,95.2,19.0,0.0,0.0006,0.0,NORMAL_EXECUTION_PROGRESS,NONE,NONE
MPLADS-004507,9.0,15.14,0,18.5,76.0,94.5,7.0,0.0,0.002,0.0,NORMAL_EXECUTION_PROGRESS,NONE,NONE
MPLADS-004508,15.23,27.9,0,-0.1,88.0,87.9,3.0,0.0,0.0001,0.0,NORMAL_EXECUTION_PROGRESS,NONE,NONE
MPLADS-004509,44.56,78.08,0,-5.8,94.8,89.0,27.0,0.0,0.0244,0.0,NORMAL_EXECUTION_PROGRESS,NONE,NONE
MPLADS-004510,49.73,82.44,0,-0.5,95.1,94.6,0.0,0.0,0.0,0.0,NORMAL_EXECUTION_PROGRESS,NONE,NONE
MPLADS-004511,8.93,14.98,0,3.7,94.1,97.8,0.0,0.0,0.0,0.0,NORMAL_EXECUTION_PROGRESS,NONE,NONE
MPLADS-004512,13.68,24.72,0,7.7,82.8,90.5,12.0,0.0,0.0014,0.0,NORMAL_EXECUTION_PROGRESS,NONE,NONE
MPLADS-004513,52.0,83.48,0,9.0,78.3,87.3,0.0,0.0,0.0,0.0,NORMAL_EXECUTION_PROGRESS,NONE,NONE
MPLADS-004514,14.22,25.82,0,8.0,86.9,94.9,13.0,0.0,0.0051,0.0,NORMAL_EXECUTION_PROGRESS,NONE,NONE
MPLADS-004515,37.02,67.58,0,11.2,74.1,85.3,0.0,0.0,0.0,0.0,NORMAL_EXECUTION_PROGRESS,NONE,NONE
MPLADS-004516,45.39,78.82,0,24.8,72.5,97.3,0.0,0.0,0.0,0.0,NORMAL_EXECUTION_PROGRESS,NONE,NONE
MPLADS-004517,70.58,91.12,0,61.0,24.8,85.8,31.0,0.0,0.0428,75.0,SEVERE_PHYSICAL_FINANCIAL_GAP,INSPECTION_DOCUMENTATION_DEFICIT,NONE
MPLADS-004518,12.87,23.08,0,3.3,86.5,89.8,3.0,0.0,0.0011,0.0,NORMAL_EXECUTION_PROGRESS,NONE,NONE
MPLADS-004519,10.57,18.38,0,16.9,74.1,91.0,21.0,0.0,0.0042,0.0,NORMAL_EXECUTION_PROGRESS,NONE,NONE
MPLADS-004520,10.33,17.88,0,11.8,81.8,93.6,5.0,0.0,0.002,0.0,NORMAL_EXECUTION_PROGRESS,NONE,NONE
MPLADS-004521,10.3,17.82,0,10.9,83.6,94.5,26.0,0.0,0.0094,0.0,NORMAL_EXECUTION_PROGRESS,NONE,NONE
MPLADS-004522,49.22,82.18,0,0.0,97.1,97.1,29.0,0.0,0.0256,0.0,NORMAL_EXECUTION_PROGRESS,NONE,NONE
MPLADS-004523,1.19,0.82,0,13.1,76.2,89.3,10.0,0.0,0.0029,0.0,NORMAL_EXECUTION_PROGRESS,NONE,NONE
MPLADS-004524,21.05,39.54,0,-4.9,98.2,93.3,7.0,0.0,0.0014,0.0,NORMAL_EXECUTION_PROGRESS,NONE,NONE
MPLADS-004525,23.91,45.1,0,3.9,86.8,90.7,31.0,0.0,0.014,0.0,NORMAL_EXECUTION_PROGRESS,NONE,NONE
MPLADS-004526,1.5,1.14,0,6.1,85.4,91.5,0.0,0.0,0.0,0.0,NORMAL_EXECUTION_PROGRESS,NONE,NONE
MPLADS-004527,6.34,9.84,0,15.9,80.4,96.3,0.0,0.0,0.0,0.0,NORMAL_EXECUTION_PROGRESS,NONE,NONE
MPLADS-004528,25.63,48.32,0,-2.1,97.5,95.4,28.0,0.0,0.0012,0.0,NORMAL_EXECUTION_PROGRESS,NONE,NONE
MPLADS-004529,28.85,54.06,0,10.5,76.9,87.4,9.0,0.0,0.0002,0.0,NORMAL_EXECUTION_PROGRESS,NONE,NONE
MPLADS-004530,13.38,24.1,0,6.8,88.4,95.2,21.0,0.0,0.0085,0.0,NORMAL_EXECUTION_PROGRESS,NONE,NONE
MPLADS-004531,54.72,84.48,0,-9.0,97.7,88.7,0.0,0.0,0.0,0.0,NORMAL_EXECUTION_PROGRESS,NONE,NONE
MPLADS-004532,39.16,70.82,0,0.4,94.5,94.9,21.0,0.0,0.0004,0.0,NORMAL_EXECUTION_PROGRESS,NONE,NONE
MPLADS-004533,44.48,77.96,0,20.7,70.0,90.7,6.0,0.0,0.0069,0.0,NORMAL_EXECUTION_PROGRESS,NONE,NONE
MPLADS-004534,25.4,47.9,0,7.6,81.9,89.5,0.0,0.0,0.0,0.0,NORMAL_EXECUTION_PROGRESS,NONE,NONE
MPLADS-004535,52.59,83.7,0,40.4,93.2,133.6,0.0,0.0,0.0,50.0,NORMAL_EXECUTION_PROGRESS,NONE,NONE
MPLADS-004536,38.83,70.32,0,5.0,81.0,86.0,0.0,0.0,0.0,0.0,NORMAL_EXECUTION_PROGRESS,NONE,NONE
MPLADS-004537,47.57,80.96,0,1.7,95.6,97.3,30.0,0.0,0.027,0.0,NORMAL_EXECUTION_PROGRESS,NONE,NONE
MPLADS-004538,3.06,3.66,0,-0.6,91.0,90.4,6.0,0.0,0.0009,0.0,NORMAL_EXECUTION_PROGRESS,NONE,NONE
MPLADS-004539,0.72,0.36,0,13.3,76.7,90.0,9.0,0.0,0.0022,0.0,NORMAL_EXECUTION_PROGRESS,NONE,NONE
MPLADS-004540,1.16,0.78,0,13.5,81.6,95.1,20.0,0.0,0.003,0.0,NORMAL_EXECUTION_PROGRESS,NONE,NONE
MPLADS-004541,38.36,69.58,0,9.1,78.2,87.3,0.0,0.0,0.0,0.0,NORMAL_EXECUTION_PROGRESS,NONE,NONE
MPLADS-004542,18.44,34.4,0,-4.5,92.3,87.8,27.0,0.0,0.008,0.0,NORMAL_EXECUTION_PROGRESS,NONE,NONE
MPLADS-004543,22.6,42.54,0,2.7,94.6,97.3,0.0,0.0,0.0,0.0,NORMAL_EXECUTION_PROGRESS,NONE,NONE
MPLADS-004544,15.39,28.26,0,5.8,91.3,97.1,0.0,0.0,0.0,0.0,NORMAL_EXECUTION_PROGRESS,NONE,NONE
MPLADS-004545,19.03,35.58,0,-5.0,92.8,87.8,0.0,0.0,0.0,0.0,NORMAL_EXECUTION_PROGRESS,NONE,NONE
MPLADS-004546,40.51,72.72,0,5.4,84.0,89.4,25.0,0.0,0.0255,0.0,NORMAL_EXECUTION_PROGRESS,NONE,NONE
MPLADS-004547,5.72,8.68,0,11.4,82.0,93.4,22.0,0.0,0.0034,0.0,NORMAL_EXECUTION_PROGRESS,NONE,NONE
MPLADS-004548,71.18,91.52,0,58.8,32.9,91.7,13.0,0.0,0.0072,75.0,SEVERE_PHYSICAL_FINANCIAL_GAP,INSPECTION_DOCUMENTATION_DEFICIT,NONE
MPLADS-004549,14.53,26.44,0,13.9,78.3,92.2,30.0,0.0,0.0031,0.0,NORMAL_EXECUTION_PROGRESS,NONE,NONE
MPLADS-004550,13.98,25.34,0,10.0,79.1,89.1,10.0,0.0,0.0045,0.0,NORMAL_EXECUTION_PROGRESS,NONE,NONE
MPLADS-004551,79.55,95.62,1,30.5,61.6,92.1,270.0,0.0,0.3144,75.0,EXTREME_DURATION_OVERRUN,STALLED_EXECUTION_TRAJECTORY,SEVERE_PHYSICAL_FINANCIAL_GAP
MPLADS-004552,42.98,76.12,0,3.8,92.3,96.1,30.0,0.0,0.0281,0.0,NORMAL_EXECUTION_PROGRESS,NONE,NONE
MPLADS-004553,38.94,70.46,0,21.4,74.2,95.6,0.0,0.0,0.0,0.0,NORMAL_EXECUTION_PROGRESS,NONE,NONE
MPLADS-004554,4.88,7.04,0,13.8,78.1,91.9,21.0,0.0,0.0059,0.0,NORMAL_EXECUTION_PROGRESS,NONE,NONE
MPLADS-004555,20.19,37.88,0,1.2,95.7,96.9,23.0,0.0,0.006,0.0,NORMAL_EXECUTION_PROGRESS,NONE,NONE
MPLADS-004556,22.7,42.76,0,-10.5,99.3,88.8,0.0,0.0,0.0,0.0,NORMAL_EXECUTION_PROGRESS,NONE,NONE
MPLADS-004557,12.01,21.32,0,4.9,82.1,87.0,0.0,0.0,0.0,0.0,NORMAL_EXECUTION_PROGRESS,NONE,NONE
MPLADS-004558,18.81,35.16,0,-3.1,97.2,94.1,0.0,0.0,0.0,0.0,NORMAL_EXECUTION_PROGRESS,NONE,NONE
MPLADS-004559,11.75,20.8,0,3.4,86.0,89.4,0.0,0.0,0.0,0.0,NORMAL_EXECUTION_PROGRESS,NONE,NONE
MPLADS-004560,48.17,81.4,0,-2.1,88.5,86.4,29.0,0.0,0.0283,0.0,NORMAL_EXECUTION_PROGRESS,NONE,NONE
MPLADS-004561,29.19,54.62,0,23.5,72.4,95.9,12.0,0.0,0.004,0.0,NORMAL_EXECUTION_PROGRESS,NONE,NONE
MPLADS-004562,19.03,35.6,0,15.2,70.4,85.6,20.0,0.0,0.0094,0.0,NORMAL_EXECUTION_PROGRESS,NONE,NONE
MPLADS-004563,24.39,46.02,0,-4.4,96.0,91.6,19.0,0.0,0.0006,0.0,NORMAL_EXECUTION_PROGRESS,NONE,NONE
MPLADS-004564,42.34,75.22,0,6.8,80.3,87.1,28.0,0.0,0.03,0.0,NORMAL_EXECUTION_PROGRESS,NONE,NONE
MPLADS-004565,58.22,85.38,0,44.2,97.1,141.3,22.0,0.0,0.002,50.0,NORMAL_EXECUTION_PROGRESS,NONE,NONE
MPLADS-004566,16.91,31.38,0,12.6,84.8,97.4,2.0,0.0,0.0007,0.0,NORMAL_EXECUTION_PROGRESS,NONE,NONE
MPLADS-004567,24.17,45.58,0,23.9,72.3,96.2,0.0,0.0,0.0,0.0,NORMAL_EXECUTION_PROGRESS,NONE,NONE
MPLADS-004568,44.38,77.84,0,21.4,70.1,91.5,9.0,0.0,0.0105,0.0,NORMAL_EXECUTION_PROGRESS,NONE,NONE
MPLADS-004569,40.64,72.9,0,7.9,88.0,95.9,32.0,0.0,0.0007,0.0,NORMAL_EXECUTION_PROGRESS,NONE,NONE
MPLADS-004570,31.34,58.24,0,23.8,72.7,96.5,28.0,0.0,0.01,0.0,NORMAL_EXECUTION_PROGRESS,NONE,NONE
MPLADS-004571,32.14,59.6,0,-4.5,91.4,86.9,0.0,0.0,0.0,0.0,NORMAL_EXECUTION_PROGRESS,NONE,NONE
MPLADS-004572,21.29,40.0,0,3.6,92.7,96.3,7.0,0.0,0.0002,0.0,NORMAL_EXECUTION_PROGRESS,NONE,NONE
MPLADS-004573,66.69,88.36,0,66.5,22.6,89.1,0.0,0.0,0.0,75.0,SEVERE_PHYSICAL_FINANCIAL_GAP,INSPECTION_DOCUMENTATION_DEFICIT,NONE
MPLADS-004574,40.16,72.26,0,18.4,75.0,93.4,33.0,0.0,0.0016,0.0,NORMAL_EXECUTION_PROGRESS,NONE,NONE
MPLADS-004575,34.53,63.48,0,-5.5,91.9,86.4,0.0,0.0,0.0,0.0,NORMAL_EXECUTION_PROGRESS,NONE,NONE
MPLADS-004576,27.06,50.92,0,19.4,78.5,97.9,29.0,0.0,0.0029,0.0,NORMAL_EXECUTION_PROGRESS,NONE,NONE
MPLADS-004577,17.06,31.66,0,16.1,71.6,87.7,17.0,0.0,0.0055,0.0,NORMAL_EXECUTION_PROGRESS,NONE,NONE
MPLADS-004578,30.24,56.36,0,-11.0,97.5,86.5,27.0,0.0,0.0055,0.0,NORMAL_EXECUTION_PROGRESS,NONE,NONE
MPLADS-004579,25.94,48.88,0,-7.4,99.8,92.4,5.0,0.0,0.0007,0.0,NORMAL_EXECUTION_PROGRESS,NONE,NONE
MPLADS-004580,72.46,92.38,0,79.6,78.6,158.2,34.0,0.0,0.0123,75.0,SEVERE_PHYSICAL_FINANCIAL_GAP,NONE,NONE
MPLADS-004581,43.27,76.5,0,0.6,93.5,94.1,23.0,0.0,0.0209,0.0,NORMAL_EXECUTION_PROGRESS,NONE,NONE
MPLADS-004582,78.66,95.12,1,55.9,41.7,97.6,240.0,0.0,0.3685,100.0,SEVERE_PHYSICAL_FINANCIAL_GAP,EXTREME_DURATION_OVERRUN,STALLED_EXECUTION_TRAJECTORY
MPLADS-004583,42.31,75.18,0,-10.8,98.6,87.8,2.0,0.0,0.0,0.0,NORMAL_EXECUTION_PROGRESS,NONE,NONE
MPLADS-004584,18.74,35.0,0,13.8,71.6,85.4,17.0,0.0,0.0062,0.0,NORMAL_EXECUTION_PROGRESS,NONE,NONE
MPLADS-004585,68.54,89.38,0,66.1,21.4,87.5,0.0,0.0,0.0,75.0,SEVERE_PHYSICAL_FINANCIAL_GAP,INSPECTION_DOCUMENTATION_DEFICIT,NONE
MPLADS-004586,38.17,69.36,0,9.6,79.4,89.0,21.0,0.0,0.0224,0.0,NORMAL_EXECUTION_PROGRESS,NONE,NONE
MPLADS-004587,25.44,47.96,0,10.9,78.7,89.6,33.0,0.0,0.0105,0.0,NORMAL_EXECUTION_PROGRESS,NONE,NONE
MPLADS-004588,6.72,10.62,0,8.1,81.6,89.7,0.0,0.0,0.0,0.0,NORMAL_EXECUTION_PROGRESS,NONE,NONE
MPLADS-004589,41.22,73.78,0,21.8,70.2,92.0,17.0,0.0,0.0005,0.0,NORMAL_EXECUTION_PROGRESS,NONE,NONE
MPLADS-004590,50.28,82.74,0,4.9,88.2,93.1,0.0,0.0,0.0,0.0,NORMAL_EXECUTION_PROGRESS,NONE,NONE
MPLADS-004591,44.78,78.32,0,4.6,83.4,88.0,33.0,0.0,0.0345,0.0,NORMAL_EXECUTION_PROGRESS,NONE,NONE
MPLADS-004592,29.14,54.52,0,22.7,73.8,96.5,0.0,0.0,0.0,0.0,NORMAL_EXECUTION_PROGRESS,NONE,NONE
MPLADS-004593,70.1,90.74,0,68.5,24.9,93.4,23.0,0.0,0.0209,75.0,SEVERE_PHYSICAL_FINANCIAL_GAP,INSPECTION_DOCUMENTATION_DEFICIT,NONE
MPLADS-004594,29.43,55.02,0,3.9,84.3,88.2,31.0,0.0,0.0026,0.0,NORMAL_EXECUTION_PROGRESS,NONE,NONE
MPLADS-004595,27.81,52.24,0,-10.8,99.5,88.7,12.0,0.0,0.0015,0.0,NORMAL_EXECUTION_PROGRESS,NONE,NONE
MPLADS-004596,30.88,57.46,0,4.8,88.3,93.1,29.0,0.0,0.0125,0.0,NORMAL_EXECUTION_PROGRESS,NONE,NONE
MPLADS-004597,27.03,50.86,0,19.0,70.7,89.7,25.0,0.0,0.0122,0.0,NORMAL_EXECUTION_PROGRESS,NONE,NONE
MPLADS-004598,16.34,30.2,0,18.6,74.4,93.0,8.0,0.0,0.0024,0.0,NORMAL_EXECUTION_PROGRESS,NONE,NONE
MPLADS-004599,44.79,78.34,0,16.2,79.6,95.8,30.0,0.0,0.0326,0.0,NORMAL_EXECUTION_PROGRESS,NONE,NONE
MPLADS-004600,2.28,2.38,0,11.2,83.7,94.9,0.0,0.0,0.0,0.0,NORMAL_EXECUTION_PROGRESS,NONE,NONE
MPLADS-004601,25.35,47.8,0,9.6,86.8,96.4,34.0,0.0,0.0157,0.0,NORMAL_EXECUTION_PROGRESS,NONE,NONE
MPLADS-004602,41.32,73.92,0,0.8,85.7,86.5,30.0,0.0,0.0007,0.0,NORMAL_EXECUTION_PROGRESS,NONE,NONE
MPLADS-004603,10.84,18.92,0,1.7,83.7,85.4,4.0,0.0,0.0009,0.0,NORMAL_EXECUTION_PROGRESS,NONE,NONE
MPLADS-004604,23.72,44.72,0,20.6,75.7,96.3,3.0,0.0,0.0014,0.0,NORMAL_EXECUTION_PROGRESS,NONE,NONE
MPLADS-004605,43.32,76.56,0,-3.4,98.5,95.1,8.0,0.0,0.0001,0.0,NORMAL_EXECUTION_PROGRESS,NONE,NONE
MPLADS-004606,58.57,85.42,0,50.3,83.6,133.9,19.0,0.0,0.0192,75.0,NORMAL_EXECUTION_PROGRESS,NONE,NONE
MPLADS-004607,21.34,40.1,0,-0.7,97.2,96.5,9.0,0.0,0.0012,0.0,NORMAL_EXECUTION_PROGRESS,NONE,NONE
MPLADS-004608,31.45,58.42,0,-10.6,99.3,88.7,32.0,0.0,0.0066,0.0,NORMAL_EXECUTION_PROGRESS,NONE,NONE
MPLADS-004609,49.0,82.0,0,11.8,78.2,90.0,0.0,0.0,0.0,0.0,NORMAL_EXECUTION_PROGRESS,NONE,NONE
MPLADS-004610,28.04,52.64,0,-1.9,95.0,93.1,18.0,0.0,0.0006,0.0,NORMAL_EXECUTION_PROGRESS,NONE,NONE
MPLADS-004611,24.71,46.64,0,-1.2,88.6,87.4,33.0,0.0,0.008,0.0,NORMAL_EXECUTION_PROGRESS,NONE,NONE
MPLADS-004612,11.95,21.22,0,-1.5,91.3,89.8,0.0,0.0,0.0,0.0,NORMAL_EXECUTION_PROGRESS,NONE,NONE
MPLADS-004613,2.01,1.92,0,11.3,79.1,90.4,15.0,0.0,0.0043,0.0,NORMAL_EXECUTION_PROGRESS,NONE,NONE
MPLADS-004614,72.25,92.26,0,68.6,23.7,92.3,29.0,0.0,0.0293,75.0,SEVERE_PHYSICAL_FINANCIAL_GAP,INSPECTION_DOCUMENTATION_DEFICIT,NONE
MPLADS-004615,4.66,6.64,0,14.6,78.1,92.7,11.0,0.0,0.0015,0.0,NORMAL_EXECUTION_PROGRESS,NONE,NONE
MPLADS-004616,67.43,88.66,0,69.7,83.8,153.5,3.0,0.0,0.0029,75.0,SEVERE_PHYSICAL_FINANCIAL_GAP,NONE,NONE
MPLADS-004617,31.42,58.36,0,3.7,87.5,91.2,9.0,0.0,0.0002,0.0,NORMAL_EXECUTION_PROGRESS,NONE,NONE
MPLADS-004618,71.3,91.66,0,77.1,78.2,155.3,0.0,0.0,0.0,75.0,SEVERE_PHYSICAL_FINANCIAL_GAP,NONE,NONE
MPLADS-004619,25.27,47.64,0,13.9,73.0,86.9,0.0,0.0,0.0,0.0,NORMAL_EXECUTION_PROGRESS,NONE,NONE
MPLADS-004620,21.31,40.04,0,0.3,86.1,86.4,1.0,0.0,0.0,0.0,NORMAL_EXECUTION_PROGRESS,NONE,NONE
MPLADS-004621,68.18,89.1,0,22.7,68.7,91.4,180.0,0.0,0.1382,0.0,ELEVATED_PROGRESS_VOLATILITY,NONE,NONE
MPLADS-004622,73.18,92.74,0,77.6,17.5,95.1,2.0,0.0,0.0031,75.0,SEVERE_PHYSICAL_FINANCIAL_GAP,ABANDONED_WORK_SUSPICION,INSPECTION_DOCUMENTATION_DEFICIT
MPLADS-004623,70.14,90.8,0,64.1,30.8,94.9,15.0,0.0,0.017,75.0,SEVERE_PHYSICAL_FINANCIAL_GAP,INSPECTION_DOCUMENTATION_DEFICIT,NONE
MPLADS-004624,78.65,95.1,1,9.1,83.7,92.8,0.0,0.0,0.0,0.0,INSPECTION_DOCUMENTATION_DEFICIT,NONE,NONE
MPLADS-004625,33.96,62.54,0,18.9,76.4,95.3,0.0,0.0,0.0,0.0,NORMAL_EXECUTION_PROGRESS,NONE,NONE
MPLADS-004626,20.16,37.84,0,-4.6,99.4,94.8,20.0,0.0,0.0016,0.0,NORMAL_EXECUTION_PROGRESS,NONE,NONE
MPLADS-004627,7.28,11.74,0,-5.5,94.9,89.4,2.0,0.0,0.0004,0.0,NORMAL_EXECUTION_PROGRESS,NONE,NONE
MPLADS-004628,27.89,52.38,0,-2.0,98.6,96.6,25.0,0.0,0.0048,0.0,NORMAL_EXECUTION_PROGRESS,NONE,NONE
MPLADS-004629,21.07,39.56,0,-6.6,94.8,88.2,0.0,0.0,0.0,0.0,NORMAL_EXECUTION_PROGRESS,NONE,NONE
MPLADS-004630,53.12,83.92,0,33.3,95.3,128.6,0.0,0.0,0.0,50.0,NORMAL_EXECUTION_PROGRESS,NONE,NONE
MPLADS-004631,31.0,57.66,0,5.9,86.2,92.1,9.0,0.0,0.0002,0.0,NORMAL_EXECUTION_PROGRESS,NONE,NONE
MPLADS-004632,50.38,82.82,0,16.0,75.5,91.5,0.0,0.0,0.0,0.0,NORMAL_EXECUTION_PROGRESS,NONE,NONE
MPLADS-004633,17.52,32.56,0,4.9,86.1,91.0,16.0,0.0,0.0008,0.0,NORMAL_EXECUTION_PROGRESS,NONE,NONE
MPLADS-004634,80.53,96.26,1,44.0,46.3,90.3,320.0,0.0,0.5411,75.0,EXTREME_DURATION_OVERRUN,SEVERE_PHYSICAL_FINANCIAL_GAP,STALLED_EXECUTION_TRAJECTORY
MPLADS-004635,45.96,79.42,0,26.1,70.5,96.6,19.0,0.0,0.0006,0.0,NORMAL_EXECUTION_PROGRESS,NONE,NONE
MPLADS-004636,47.28,80.72,0,-11.8,99.8,88.0,0.0,0.0,0.0,0.0,NORMAL_EXECUTION_PROGRESS,NONE,NONE
MPLADS-004637,31.29,58.14,0,15.9,79.4,95.3,5.0,0.0,0.0001,0.0,NORMAL_EXECUTION_PROGRESS,NONE,NONE
MPLADS-004638,61.5,86.32,0,66.3,88.6,154.9,0.0,0.0,0.0,75.0,SEVERE_PHYSICAL_FINANCIAL_GAP,NONE,NONE
MPLADS-004639,46.63,80.1,0,10.1,84.0,94.1,0.0,0.0,0.0,0.0,NORMAL_EXECUTION_PROGRESS,NONE,NONE
MPLADS-004640,32.03,59.42,0,7.8,89.9,97.7,0.0,0.0,0.0,0.0,NORMAL_EXECUTION_PROGRESS,NONE,NONE
MPLADS-004641,27.1,50.98,0,-2.5,97.8,95.3,23.0,0.0,0.0077,0.0,NORMAL_EXECUTION_PROGRESS,NONE,NONE
MPLADS-004642,10.48,18.18,0,-4.9,95.3,90.4,21.0,0.0,0.002,0.0,NORMAL_EXECUTION_PROGRESS,NONE,NONE
MPLADS-004643,77.12,94.6,0,36.3,54.0,90.3,180.0,0.0,0.1601,50.0,SEVERE_PHYSICAL_FINANCIAL_GAP,NONE,NONE
MPLADS-004644,14.77,26.96,0,2.7,84.0,86.7,11.0,0.0,0.0005,0.0,NORMAL_EXECUTION_PROGRESS,NONE,NONE
MPLADS-004645,43.74,77.0,0,-2.2,100.0,97.8,15.0,0.0,0.0003,0.0,NORMAL_EXECUTION_PROGRESS,NONE,NONE
MPLADS-004646,46.67,80.16,0,16.3,74.3,90.6,31.0,0.0,0.0359,0.0,NORMAL_EXECUTION_PROGRESS,NONE,NONE
MPLADS-004647,24.06,45.38,0,2.6,93.7,96.3,33.0,0.0,0.01,0.0,NORMAL_EXECUTION_PROGRESS,NONE,NONE
MPLADS-004648,36.17,66.22,0,12.0,81.2,93.2,6.0,0.0,0.006,0.0,NORMAL_EXECUTION_PROGRESS,NONE,NONE
MPLADS-004649,6.69,10.56,0,19.7,77.2,96.9,11.0,0.0,0.0032,0.0,NORMAL_EXECUTION_PROGRESS,NONE,NONE
MPLADS-004650,8.67,14.46,0,2.9,90.7,93.6,23.0,0.0,0.0026,0.0,NORMAL_EXECUTION_PROGRESS,NONE,NONE
MPLADS-004651,47.35,80.82,0,-8.6,98.8,90.2,15.0,0.0,0.0003,0.0,NORMAL_EXECUTION_PROGRESS,NONE,NONE
MPLADS-004652,50.37,82.8,0,-2.0,90.2,88.2,0.0,0.0,0.0,0.0,NORMAL_EXECUTION_PROGRESS,NONE,NONE
MPLADS-004653,71.74,91.96,0,69.4,16.7,86.1,0.0,0.0,0.0,75.0,SEVERE_PHYSICAL_FINANCIAL_GAP,ABANDONED_WORK_SUSPICION,INSPECTION_DOCUMENTATION_DEFICIT
MPLADS-004654,21.63,40.7,0,2.8,82.3,85.1,0.0,0.0,0.0,0.0,NORMAL_EXECUTION_PROGRESS,NONE,NONE
MPLADS-004655,21.97,41.34,0,3.7,82.3,86.0,0.0,0.0,0.0,0.0,NORMAL_EXECUTION_PROGRESS,NONE,NONE
MPLADS-004656,34.38,63.24,0,25.2,70.2,95.4,2.0,0.0,0.0003,0.0,NORMAL_EXECUTION_PROGRESS,NONE,NONE
MPLADS-004657,6.54,10.26,0,6.7,88.4,95.1,0.0,0.0,0.0,0.0,NORMAL_EXECUTION_PROGRESS,NONE,NONE
MPLADS-004658,14.91,27.26,0,17.7,78.4,96.1,0.0,0.0,0.0,0.0,NORMAL_EXECUTION_PROGRESS,NONE,NONE
MPLADS-004659,15.09,27.64,0,12.7,85.1,97.8,0.0,0.0,0.0,0.0,NORMAL_EXECUTION_PROGRESS,NONE,NONE
MPLADS-004660,36.64,66.96,0,-3.1,90.3,87.2,0.0,0.0,0.0,0.0,NORMAL_EXECUTION_PROGRESS,NONE,NONE
MPLADS-004661,27.85,52.32,0,-3.1,89.6,86.5,30.0,0.0,0.0127,0.0,NORMAL_EXECUTION_PROGRESS,NONE,NONE
MPLADS-004662,5.52,8.3,0,8.5,80.1,88.6,14.0,0.0,0.0049,0.0,NORMAL_EXECUTION_PROGRESS,NONE,NONE
MPLADS-004663,53.49,84.08,0,-13.7,99.1,85.4,32.0,0.0,0.0006,0.0,NORMAL_EXECUTION_PROGRESS,NONE,NONE
MPLADS-004664,20.33,38.16,0,11.2,86.0,97.2,0.0,0.0,0.0,0.0,NORMAL_EXECUTION_PROGRESS,NONE,NONE
MPLADS-004665,61.3,86.26,0,53.8,79.7,133.5,24.0,0.0,0.0257,75.0,SEVERE_PHYSICAL_FINANCIAL_GAP,NONE,NONE
MPLADS-004666,28.06,52.7,0,21.5,72.0,93.5,0.0,0.0,0.0,0.0,NORMAL_EXECUTION_PROGRESS,NONE,NONE
MPLADS-004667,46.15,79.68,0,0.1,85.6,85.7,31.0,0.0,0.0008,0.0,NORMAL_EXECUTION_PROGRESS,NONE,NONE
MPLADS-004668,28.89,54.14,0,-9.9,99.2,89.3,10.0,0.0,0.0012,0.0,NORMAL_EXECUTION_PROGRESS,NONE,NONE
MPLADS-004669,36.74,67.16,0,15.7,81.9,97.6,1.0,0.0,0.001,0.0,NORMAL_EXECUTION_PROGRESS,NONE,NONE
MPLADS-004670,50.23,82.7,0,23.0,72.7,95.7,34.0,0.0,0.0403,0.0,NORMAL_EXECUTION_PROGRESS,NONE,NONE
MPLADS-004671,53.06,83.88,0,50.3,82.4,132.7,1.0,0.0,0.0002,75.0,NORMAL_EXECUTION_PROGRESS,NONE,NONE
MPLADS-004672,5.84,8.88,0,12.3,83.6,95.9,0.0,0.0,0.0,0.0,NORMAL_EXECUTION_PROGRESS,NONE,NONE
MPLADS-004673,92.33,99.04,1,37.2,50.2,87.4,1200.0,0.0,2.81,75.0,EXTREME_DURATION_OVERRUN,STALLED_EXECUTION_TRAJECTORY,SEVERE_PHYSICAL_FINANCIAL_GAP
MPLADS-004674,9.79,16.76,0,4.0,92.9,96.9,17.0,0.0,0.0016,0.0,NORMAL_EXECUTION_PROGRESS,NONE,NONE
MPLADS-004675,55.19,84.64,0,-11.9,98.4,86.5,0.0,0.0,0.0,0.0,NORMAL_EXECUTION_PROGRESS,NONE,NONE
MPLADS-004676,0.61,0.26,0,5.6,83.9,89.5,6.0,0.0,0.0017,0.0,NORMAL_EXECUTION_PROGRESS,NONE,NONE
MPLADS-004677,68.96,89.7,0,66.7,32.0,98.7,0.0,0.0,0.0,75.0,SEVERE_PHYSICAL_FINANCIAL_GAP,INSPECTION_DOCUMENTATION_DEFICIT,NONE
MPLADS-004678,8.78,14.66,0,2.0,86.8,88.8,0.0,0.0,0.0,0.0,NORMAL_EXECUTION_PROGRESS,NONE,NONE
MPLADS-004679,11.78,20.88,0,5.9,82.5,88.4,23.0,0.0,0.0035,0.0,NORMAL_EXECUTION_PROGRESS,NONE,NONE
MPLADS-004680,13.82,25.02,0,6.6,84.0,90.6,28.0,0.0,0.0102,0.0,NORMAL_EXECUTION_PROGRESS,NONE,NONE
MPLADS-004681,44.72,78.24,0,17.5,78.9,96.4,0.0,0.0,0.0,0.0,NORMAL_EXECUTION_PROGRESS,NONE,NONE
MPLADS-004682,16.2,29.92,0,14.4,74.3,88.7,0.0,0.0,0.0,0.0,NORMAL_EXECUTION_PROGRESS,NONE,NONE
MPLADS-004683,18.46,34.44,0,18.2,74.0,92.2,12.0,0.0,0.0062,0.0,NORMAL_EXECUTION_PROGRESS,NONE,NONE
MPLADS-004684,61.38,86.28,0,66.4,83.2,149.6,0.0,0.0,0.0,75.0,SEVERE_PHYSICAL_FINANCIAL_GAP,NONE,NONE
MPLADS-004685,44.75,78.28,0,23.0,73.6,96.6,14.0,0.0,0.0158,0.0,NORMAL_EXECUTION_PROGRESS,NONE,NONE
MPLADS-004686,35.42,64.92,0,-4.1,90.2,86.1,11.0,0.0,0.0101,0.0,NORMAL_EXECUTION_PROGRESS,NONE,NONE
MPLADS-004687,60.89,86.14,0,25.4,15.6,41.0,0.0,0.0,0.0,0.0,ELEVATED_PROGRESS_VOLATILITY,NONE,NONE
MPLADS-004688,67.78,88.82,0,80.4,73.5,153.9,0.0,0.0,0.0,75.0,SEVERE_PHYSICAL_FINANCIAL_GAP,NONE,NONE
MPLADS-004689,69.13,89.84,0,59.2,30.1,89.3,17.0,0.0,0.0217,75.0,SEVERE_PHYSICAL_FINANCIAL_GAP,INSPECTION_DOCUMENTATION_DEFICIT,NONE
MPLADS-004690,3.09,3.72,0,7.6,87.2,94.8,0.0,0.0,0.0,0.0,NORMAL_EXECUTION_PROGRESS,NONE,NONE
MPLADS-004691,61.18,86.24,0,68.0,82.0,150.0,9.0,0.0,0.0038,75.0,SEVERE_PHYSICAL_FINANCIAL_GAP,NONE,NONE
MPLADS-004692,12.21,21.72,0,-4.7,95.1,90.4,28.0,0.0,0.0078,0.0,NORMAL_EXECUTION_PROGRESS,NONE,NONE
MPLADS-004693,39.35,71.04,0,-7.2,93.9,86.7,10.0,0.0,0.0087,0.0,NORMAL_EXECUTION_PROGRESS,NONE,NONE
MPLADS-004694,18.55,34.62,0,8.3,81.6,89.9,31.0,0.0,0.0123,0.0,NORMAL_EXECUTION_PROGRESS,NONE,NONE
MPLADS-004695,31.68,58.8,0,-0.9,92.7,91.8,33.0,0.0,0.0134,0.0,NORMAL_EXECUTION_PROGRESS,NONE,NONE
MPLADS-004696,23.01,43.3,0,9.4,78.1,87.5,0.0,0.0,0.0,0.0,NORMAL_EXECUTION_PROGRESS,NONE,NONE
MPLADS-004697,9.01,15.16,0,8.6,84.0,92.6,0.0,0.0,0.0,0.0,NORMAL_EXECUTION_PROGRESS,NONE,NONE
MPLADS-004698,10.07,17.34,0,11.5,76.1,87.6,14.0,0.0,0.007,0.0,NORMAL_EXECUTION_PROGRESS,NONE,NONE
MPLADS-004699,36.73,67.12,0,-1.4,97.3,95.9,4.0,0.0,0.0033,0.0,NORMAL_EXECUTION_PROGRESS,NONE,NONE
MPLADS-004700,75.7,94.08,0,71.1,24.8,95.9,0.0,0.0,0.0,75.0,SEVERE_PHYSICAL_FINANCIAL_GAP,INSPECTION_DOCUMENTATION_DEFICIT,NONE
MPLADS-004701,2.3,2.42,0,8.2,81.6,89.8,0.0,0.0,0.0,0.0,NORMAL_EXECUTION_PROGRESS,NONE,NONE
MPLADS-004702,70.47,91.04,0,78.2,76.3,154.5,26.0,0.0,0.0112,75.0,SEVERE_PHYSICAL_FINANCIAL_GAP,NONE,NONE
MPLADS-004703,13.42,24.2,0,6.2,80.4,86.6,8.0,0.0,0.0026,0.0,NORMAL_EXECUTION_PROGRESS,NONE,NONE
MPLADS-004704,29.88,55.76,0,0.5,85.7,86.2,25.0,0.0,0.0111,0.0,NORMAL_EXECUTION_PROGRESS,NONE,NONE
MPLADS-004705,4.15,5.64,0,4.3,83.8,88.1,15.0,0.0,0.0048,0.0,NORMAL_EXECUTION_PROGRESS,NONE,NONE
MPLADS-004706,46.89,80.34,0,1.0,90.1,91.1,0.0,0.0,0.0,0.0,NORMAL_EXECUTION_PROGRESS,NONE,NONE
MPLADS-004707,70.49,91.06,0,51.8,10.0,61.8,0.0,0.0,0.0,75.0,SEVERE_PHYSICAL_FINANCIAL_GAP,ABANDONED_WORK_SUSPICION,NONE
MPLADS-004708,49.8,82.5,0,-4.5,95.8,91.3,0.0,0.0,0.0,0.0,NORMAL_EXECUTION_PROGRESS,NONE,NONE
MPLADS-004709,38.79,70.26,0,7.0,78.9,85.9,16.0,0.0,0.017,0.0,NORMAL_EXECUTION_PROGRESS,NONE,NONE
MPLADS-004710,20.56,38.62,0,20.5,72.4,92.9,18.0,0.0,0.0079,0.0,NORMAL_EXECUTION_PROGRESS,NONE,NONE
MPLADS-004711,10.49,18.2,0,8.1,86.3,94.4,0.0,0.0,0.0,0.0,NORMAL_EXECUTION_PROGRESS,NONE,NONE
MPLADS-004712,44.85,78.38,0,4.2,83.2,87.4,28.0,0.0,0.029,0.0,NORMAL_EXECUTION_PROGRESS,NONE,NONE
MPLADS-004713,9.51,16.16,0,7.8,85.7,93.5,13.0,0.0,0.0006,0.0,NORMAL_EXECUTION_PROGRESS,NONE,NONE
MPLADS-004714,42.56,75.52,0,3.5,82.7,86.2,13.0,0.0,0.0131,0.0,NORMAL_EXECUTION_PROGRESS,NONE,NONE
MPLADS-004715,27.73,52.08,0,21.8,73.5,95.3,27.0,0.0,0.0032,0.0,NORMAL_EXECUTION_PROGRESS,NONE,NONE
MPLADS-004716,4.33,6.0,0,1.7,86.4,88.1,10.0,0.0,0.001,0.0,NORMAL_EXECUTION_PROGRESS,NONE,NONE
MPLADS-004717,34.77,63.9,0,3.5,89.3,92.8,18.0,0.0,0.0003,0.0,NORMAL_EXECUTION_PROGRESS,NONE,NONE
MPLADS-004718,32.45,60.08,0,-11.6,98.4,86.8,29.0,0.0,0.0059,0.0,NORMAL_EXECUTION_PROGRESS,NONE,NONE
MPLADS-004719,39.91,71.9,0,0.7,89.5,90.2,23.0,0.0,0.0219,0.0,NORMAL_EXECUTION_PROGRESS,NONE,NONE
MPLADS-004720,28.6,53.64,0,8.2,85.2,93.4,33.0,0.0,0.0088,0.0,NORMAL_EXECUTION_PROGRESS,NONE,NONE
MPLADS-004721,76.26,94.32,0,40.7,53.3,94.0,240.0,0.0,0.3136,75.0,SEVERE_PHYSICAL_FINANCIAL_GAP,EXTREME_DURATION_OVERRUN,STALLED_EXECUTION_TRAJECTORY
MPLADS-004722,48.04,81.28,0,-0.6,89.7,89.1,32.0,0.0,0.031,0.0,NORMAL_EXECUTION_PROGRESS,NONE,NONE
MPLADS-004723,28.33,53.18,0,12.3,73.0,85.3,34.0,0.0,0.0049,0.0,NORMAL_EXECUTION_PROGRESS,NONE,NONE
MPLADS-004724,36.05,66.04,0,12.0,77.4,89.4,1.0,0.0,0.001,0.0,NORMAL_EXECUTION_PROGRESS,NONE,NONE
MPLADS-004725,16.36,30.26,0,-6.7,97.1,90.4,0.0,0.0,0.0,0.0,NORMAL_EXECUTION_PROGRESS,NONE,NONE
MPLADS-004726,8.58,14.26,0,5.1,86.1,91.2,0.0,0.0,0.0,0.0,NORMAL_EXECUTION_PROGRESS,NONE,NONE
MPLADS-004727,21.18,39.76,0,-8.4,97.3,88.9,25.0,0.0,0.0024,0.0,NORMAL_EXECUTION_PROGRESS,NONE,NONE
MPLADS-004728,20.01,37.52,0,3.6,86.8,90.4,28.0,0.0,0.0124,0.0,NORMAL_EXECUTION_PROGRESS,NONE,NONE
MPLADS-004729,68.78,89.58,0,59.1,30.3,89.4,0.0,0.0,0.0,75.0,SEVERE_PHYSICAL_FINANCIAL_GAP,INSPECTION_DOCUMENTATION_DEFICIT,NONE
MPLADS-004730,34.97,64.18,0,-12.0,98.1,86.1,24.0,0.0,0.0081,0.0,NORMAL_EXECUTION_PROGRESS,NONE,NONE
MPLADS-004731,67.55,88.7,0,62.6,32.3,94.9,0.0,0.0,0.0,75.0,SEVERE_PHYSICAL_FINANCIAL_GAP,INSPECTION_DOCUMENTATION_DEFICIT,NONE
MPLADS-004732,68.06,89.0,0,70.4,23.8,94.2,0.0,0.0,0.0,75.0,SEVERE_PHYSICAL_FINANCIAL_GAP,INSPECTION_DOCUMENTATION_DEFICIT,NONE
MPLADS-004733,21.92,41.26,0,1.1,94.4,95.5,20.0,0.0,0.0019,0.0,NORMAL_EXECUTION_PROGRESS,NONE,NONE
MPLADS-004734,24.27,45.78,0,12.6,74.2,86.8,30.0,0.0,0.0037,0.0,NORMAL_EXECUTION_PROGRESS,NONE,NONE
MPLADS-004735,75.67,94.04,0,74.0,21.3,95.3,32.0,0.0,0.053,75.0,SEVERE_PHYSICAL_FINANCIAL_GAP,INSPECTION_DOCUMENTATION_DEFICIT,NONE
MPLADS-004736,92.87,99.08,1,43.3,48.9,92.2,1200.0,0.0,2.8212,75.0,EXTREME_DURATION_OVERRUN,SEVERE_PHYSICAL_FINANCIAL_GAP,STALLED_EXECUTION_TRAJECTORY
MPLADS-004737,32.4,60.0,0,-3.2,98.9,95.7,14.0,0.0,0.0003,0.0,NORMAL_EXECUTION_PROGRESS,NONE,NONE
MPLADS-004738,4.83,6.94,0,8.5,81.0,89.5,0.0,0.0,0.0,0.0,NORMAL_EXECUTION_PROGRESS,NONE,NONE
MPLADS-004739,77.1,94.58,0,72.3,18.6,90.9,23.0,0.0,0.0205,75.0,SEVERE_PHYSICAL_FINANCIAL_GAP,ABANDONED_WORK_SUSPICION,INSPECTION_DOCUMENTATION_DEFICIT
MPLADS-004740,10.97,19.2,0,-0.6,89.2,88.6,0.0,0.0,0.0,0.0,NORMAL_EXECUTION_PROGRESS,NONE,NONE
MPLADS-004741,36.3,66.44,0,-13.9,99.8,85.9,0.0,0.0,0.0,0.0,NORMAL_EXECUTION_PROGRESS,NONE,NONE
MPLADS-004742,12.67,22.66,0,0.0,91.9,91.9,0.0,0.0,0.0,0.0,NORMAL_EXECUTION_PROGRESS,NONE,NONE
MPLADS-004743,20.38,38.26,0,-1.5,94.4,92.9,0.0,0.0,0.0,0.0,NORMAL_EXECUTION_PROGRESS,NONE,NONE
MPLADS-004744,79.38,95.54,1,81.6,15.9,97.5,1.0,0.0,0.0007,75.0,SEVERE_PHYSICAL_FINANCIAL_GAP,ABANDONED_WORK_SUSPICION,INSPECTION_DOCUMENTATION_DEFICIT
MPLADS-004745,65.54,87.68,0,63.8,28.7,92.5,0.0,0.0,0.0,75.0,SEVERE_PHYSICAL_FINANCIAL_GAP,INSPECTION_DOCUMENTATION_DEFICIT,NONE
MPLADS-004746,24.31,45.86,0,-0.4,92.7,92.3,25.0,0.0,0.0056,0.0,NORMAL_EXECUTION_PROGRESS,NONE,NONE
MPLADS-004747,17.91,33.36,0,18.8,77.5,96.3,0.0,0.0,0.0,0.0,NORMAL_EXECUTION_PROGRESS,NONE,NONE
MPLADS-004748,16.9,31.36,0,-1.0,94.9,93.9,0.0,0.0,0.0,0.0,NORMAL_EXECUTION_PROGRESS,NONE,NONE
MPLADS-004749,5.16,7.6,0,9.5,80.9,90.4,0.0,0.0,0.0,0.0,NORMAL_EXECUTION_PROGRESS,NONE,NONE
MPLADS-004750,6.23,9.62,0,15.9,77.9,93.8,16.0,0.0,0.0078,0.0,NORMAL_EXECUTION_PROGRESS,NONE,NONE
MPLADS-004751,5.4,8.06,0,7.2,84.4,91.6,7.0,0.0,0.0027,0.0,NORMAL_EXECUTION_PROGRESS,NONE,NONE
MPLADS-004752,43.8,77.08,0,5.6,86.6,92.2,26.0,0.0,0.0258,0.0,NORMAL_EXECUTION_PROGRESS,NONE,NONE
MPLADS-004753,4.62,6.56,0,0.4,87.7,88.1,16.0,0.0,0.0047,0.0,NORMAL_EXECUTION_PROGRESS,NONE,NONE
MPLADS-004754,69.06,89.8,0,73.0,22.0,95.0,0.0,0.0,0.0,75.0,SEVERE_PHYSICAL_FINANCIAL_GAP,INSPECTION_DOCUMENTATION_DEFICIT,NONE
MPLADS-004755,17.84,33.22,0,18.9,78.6,97.5,0.0,0.0,0.0,0.0,NORMAL_EXECUTION_PROGRESS,NONE,NONE
MPLADS-004756,16.88,31.32,0,20.1,74.1,94.2,0.0,0.0,0.0,0.0,NORMAL_EXECUTION_PROGRESS,NONE,NONE
MPLADS-004757,5.51,8.28,0,6.2,91.7,97.9,12.0,0.0,0.001,0.0,NORMAL_EXECUTION_PROGRESS,NONE,NONE
MPLADS-004758,77.79,94.82,0,80.0,15.7,95.7,25.0,0.0,0.0467,75.0,SEVERE_PHYSICAL_FINANCIAL_GAP,ABANDONED_WORK_SUSPICION,INSPECTION_DOCUMENTATION_DEFICIT
MPLADS-004759,34.52,63.46,0,17.2,75.6,92.8,28.0,0.0,0.001,0.0,NORMAL_EXECUTION_PROGRESS,NONE,NONE
MPLADS-004760,36.46,66.66,0,1.7,92.6,94.3,0.0,0.0,0.0,0.0,NORMAL_EXECUTION_PROGRESS,NONE,NONE
MPLADS-004761,32.96,60.9,0,1.3,91.5,92.8,1.0,0.0,0.0009,0.0,NORMAL_EXECUTION_PROGRESS,NONE,NONE
MPLADS-004762,13.9,25.16,0,6.7,80.8,87.5,17.0,0.0,0.0024,0.0,NORMAL_EXECUTION_PROGRESS,NONE,NONE
MPLADS-004763,7.03,11.24,0,13.6,74.2,87.8,15.0,0.0,0.0061,0.0,NORMAL_EXECUTION_PROGRESS,NONE,NONE
MPLADS-004764,17.45,32.42,0,19.9,78.0,97.9,0.0,0.0,0.0,0.0,NORMAL_EXECUTION_PROGRESS,NONE,NONE
MPLADS-004765,5.18,7.64,0,6.3,80.9,87.2,12.0,0.0,0.0015,0.0,NORMAL_EXECUTION_PROGRESS,NONE,NONE
MPLADS-004766,5.92,9.04,0,1.4,91.0,92.4,18.0,0.0,0.005,0.0,NORMAL_EXECUTION_PROGRESS,NONE,NONE
MPLADS-004767,25.71,48.46,0,9.5,81.0,90.5,16.0,0.0,0.001,0.0,NORMAL_EXECUTION_PROGRESS,NONE,NONE
MPLADS-004768,34.05,62.68,0,21.8,75.7,97.5,0.0,0.0,0.0,0.0,NORMAL_EXECUTION_PROGRESS,NONE,NONE
MPLADS-004769,30.3,56.46,0,-5.6,95.9,90.3,21.0,0.0,0.0072,0.0,NORMAL_EXECUTION_PROGRESS,NONE,NONE
MPLADS-004770,13.24,23.82,0,19.3,72.1,91.4,20.0,0.0,0.0074,0.0,NORMAL_EXECUTION_PROGRESS,NONE,NONE
MPLADS-004771,32.88,60.78,0,-1.5,99.3,97.8,20.0,0.0,0.0046,0.0,NORMAL_EXECUTION_PROGRESS,NONE,NONE
MPLADS-004772,10.09,17.38,0,8.3,80.4,88.7,16.0,0.0,0.0039,0.0,NORMAL_EXECUTION_PROGRESS,NONE,NONE
MPLADS-004773,15.28,28.02,0,18.3,78.7,97.0,16.0,0.0,0.0024,0.0,NORMAL_EXECUTION_PROGRESS,NONE,NONE
MPLADS-004774,69.16,89.86,0,42.1,21.3,63.4,0.0,0.0,0.0,50.0,SEVERE_PHYSICAL_FINANCIAL_GAP,NONE,NONE
MPLADS-004775,88.69,98.94,1,47.6,42.7,90.3,480.0,0.0,0.9421,75.0,EXTREME_DURATION_OVERRUN,SEVERE_PHYSICAL_FINANCIAL_GAP,STALLED_EXECUTION_TRAJECTORY
MPLADS-004776,62.17,86.66,0,26.3,18.0,44.3,4.0,0.0,0.0053,0.0,ELEVATED_PROGRESS_VOLATILITY,NONE,NONE
MPLADS-004777,8.24,13.58,0,16.4,80.9,97.3,8.0,0.0,0.0017,0.0,NORMAL_EXECUTION_PROGRESS,NONE,NONE
MPLADS-004778,59.3,85.7,0,65.6,79.8,145.4,13.0,0.0,0.0045,75.0,NORMAL_EXECUTION_PROGRESS,NONE,NONE
MPLADS-004779,19.56,36.62,0,11.5,79.2,90.7,0.0,0.0,0.0,0.0,NORMAL_EXECUTION_PROGRESS,NONE,NONE
MPLADS-004780,28.08,52.72,0,13.9,83.8,97.7,30.0,0.0,0.0143,0.0,NORMAL_EXECUTION_PROGRESS,NONE,NONE
MPLADS-004781,3.24,4.0,0,18.7,76.3,95.0,6.0,0.0,0.0017,0.0,NORMAL_EXECUTION_PROGRESS,NONE,NONE
MPLADS-004782,11.26,19.8,0,4.6,81.0,85.6,0.0,0.0,0.0,0.0,NORMAL_EXECUTION_PROGRESS,NONE,NONE
MPLADS-004783,15.81,29.12,0,7.8,87.1,94.9,12.0,0.0,0.0005,0.0,NORMAL_EXECUTION_PROGRESS,NONE,NONE
MPLADS-004784,86.46,98.58,1,23.4,62.9,86.3,630.0,0.0,1.1869,25.0,EXTREME_DURATION_OVERRUN,STALLED_EXECUTION_TRAJECTORY,NONE
MPLADS-004785,41.76,74.5,0,-13.9,98.9,85.0,19.0,0.0,0.0006,0.0,NORMAL_EXECUTION_PROGRESS,NONE,NONE
MPLADS-004786,82.61,97.2,1,-2.4,88.3,85.9,0.0,0.0,0.0,0.0,INSPECTION_DOCUMENTATION_DEFICIT,NONE,NONE
MPLADS-004787,7.86,12.84,0,-0.3,91.5,91.2,0.0,0.0,0.0,0.0,NORMAL_EXECUTION_PROGRESS,NONE,NONE
MPLADS-004788,14.51,26.4,0,12.8,73.5,86.3,21.0,0.0,0.0067,0.0,NORMAL_EXECUTION_PROGRESS,NONE,NONE
MPLADS-004789,41.78,74.54,0,1.9,95.9,97.8,0.0,0.0,0.0,0.0,NORMAL_EXECUTION_PROGRESS,NONE,NONE
MPLADS-004790,51.49,83.32,0,-2.7,99.9,97.2,33.0,0.0,0.0006,0.0,NORMAL_EXECUTION_PROGRESS,NONE,NONE
MPLADS-004791,78.56,95.08,1,40.8,52.3,93.1,300.0,0.0,0.4597,75.0,EXTREME_DURATION_OVERRUN,SEVERE_PHYSICAL_FINANCIAL_GAP,STALLED_EXECUTION_TRAJECTORY
MPLADS-004792,35.17,64.52,0,16.8,80.8,97.6,0.0,0.0,0.0,0.0,NORMAL_EXECUTION_PROGRESS,NONE,NONE
MPLADS-004793,22.75,42.86,0,18.2,70.8,89.0,0.0,0.0,0.0,0.0,NORMAL_EXECUTION_PROGRESS,NONE,NONE
MPLADS-004794,30.05,56.04,0,10.6,77.6,88.2,0.0,0.0,0.0,0.0,NORMAL_EXECUTION_PROGRESS,NONE,NONE
MPLADS-004795,49.88,82.52,0,31.1,99.2,130.3,17.0,0.0,0.0028,50.0,NORMAL_EXECUTION_PROGRESS,NONE,NONE
MPLADS-004796,30.92,57.52,0,18.3,73.1,91.4,18.0,0.0,0.0005,0.0,NORMAL_EXECUTION_PROGRESS,NONE,NONE
MPLADS-004797,1.83,1.62,0,3.1,91.0,94.1,5.0,0.0,0.0007,0.0,NORMAL_EXECUTION_PROGRESS,NONE,NONE
MPLADS-004798,15.75,29.0,0,17.2,73.6,90.8,10.0,0.0,0.0031,0.0,NORMAL_EXECUTION_PROGRESS,NONE,NONE
MPLADS-004799,8.56,14.22,0,-5.1,95.0,89.9,4.0,0.0,0.0006,0.0,NORMAL_EXECUTION_PROGRESS,NONE,NONE
MPLADS-004800,5.85,8.92,0,-1.5,88.0,86.5,18.0,0.0,0.0053,0.0,NORMAL_EXECUTION_PROGRESS,NONE,NONE
MPLADS-004801,43.12,76.28,0,-3.9,97.1,93.2,4.0,0.0,0.0001,0.0,NORMAL_EXECUTION_PROGRESS,NONE,NONE
MPLADS-004802,13.03,23.4,0,13.7,82.9,96.6,23.0,0.0,0.0082,0.0,NORMAL_EXECUTION_PROGRESS,NONE,NONE
MPLADS-004803,23.51,44.32,0,13.3,77.5,90.8,27.0,0.0,0.0144,0.0,NORMAL_EXECUTION_PROGRESS,NONE,NONE
MPLADS-004804,18.03,33.58,0,11.7,86.1,97.8,0.0,0.0,0.0,0.0,NORMAL_EXECUTION_PROGRESS,NONE,NONE
MPLADS-004805,27.67,51.96,0,-7.3,96.8,89.5,14.0,0.0,0.0004,0.0,NORMAL_EXECUTION_PROGRESS,NONE,NONE
MPLADS-004806,38.42,69.7,0,4.7,93.3,98.0,5.0,0.0,0.0043,0.0,NORMAL_EXECUTION_PROGRESS,NONE,NONE
MPLADS-004807,9.97,17.14,0,13.7,78.0,91.7,17.0,0.0,0.0027,0.0,NORMAL_EXECUTION_PROGRESS,NONE,NONE
MPLADS-004808,15.47,28.42,0,2.1,95.8,97.9,8.0,0.0,0.0013,0.0,NORMAL_EXECUTION_PROGRESS,NONE,NONE
MPLADS-004809,5.42,8.1,0,-3.1,94.3,91.2,20.0,0.0,0.0052,0.0,NORMAL_EXECUTION_PROGRESS,NONE,NONE
MPLADS-004810,1.17,0.8,0,8.9,86.7,95.6,17.0,0.0,0.004,0.0,NORMAL_EXECUTION_PROGRESS,NONE,NONE
MPLADS-004811,73.74,93.06,0,74.7,16.3,91.0,4.0,0.0,0.0067,75.0,SEVERE_PHYSICAL_FINANCIAL_GAP,ABANDONED_WORK_SUSPICION,INSPECTION_DOCUMENTATION_DEFICIT
MPLADS-004812,65.56,87.7,0,66.3,23.1,89.4,8.0,0.0,0.0089,75.0,SEVERE_PHYSICAL_FINANCIAL_GAP,INSPECTION_DOCUMENTATION_DEFICIT,NONE
MPLADS-004813,4.92,7.12,0,1.8,87.3,89.1,18.0,0.0,0.0021,0.0,NORMAL_EXECUTION_PROGRESS,NONE,NONE
MPLADS-004814,14.17,25.74,0,1.2,91.5,92.7,0.0,0.0,0.0,0.0,NORMAL_EXECUTION_PROGRESS,NONE,NONE
MPLADS-004815,3.51,4.5,0,6.4,83.1,89.5,10.0,0.0,0.002,0.0,NORMAL_EXECUTION_PROGRESS,NONE,NONE
MPLADS-004816,14.47,26.34,0,2.7,84.0,86.7,11.0,0.0,0.0005,0.0,NORMAL_EXECUTION_PROGRESS,NONE,NONE
MPLADS-004817,21.5,40.42,0,5.9,90.7,96.6,31.0,0.0,0.0129,0.0,NORMAL_EXECUTION_PROGRESS,NONE,NONE
MPLADS-004818,96.83,99.66,1,100.0,0.0,100.0,0.0,1.0,0.0,75.0,GHOST_WORK_EXECUTION_DIVERGENCE,SEVERE_PHYSICAL_FINANCIAL_GAP,ABANDONED_WORK_SUSPICION
MPLADS-004819,25.88,48.76,0,12.6,72.9,85.5,0.0,0.0,0.0,0.0,NORMAL_EXECUTION_PROGRESS,NONE,NONE
MPLADS-004820,3.7,4.84,0,1.1,92.2,93.3,16.0,0.0,0.0027,0.0,NORMAL_EXECUTION_PROGRESS,NONE,NONE
MPLADS-004821,14.46,26.32,0,14.0,72.7,86.7,6.0,0.0,0.0009,0.0,NORMAL_EXECUTION_PROGRESS,NONE,NONE
MPLADS-004822,6.24,9.64,0,11.6,83.7,95.3,24.0,0.0,0.0059,0.0,NORMAL_EXECUTION_PROGRESS,NONE,NONE
MPLADS-004823,66.17,88.04,0,36.7,10.1,46.8,0.0,0.0,0.0,50.0,SEVERE_PHYSICAL_FINANCIAL_GAP,NONE,NONE
MPLADS-004824,35.8,65.58,0,-13.6,98.6,85.0,0.0,0.0,0.0,0.0,NORMAL_EXECUTION_PROGRESS,NONE,NONE
MPLADS-004825,1.75,1.52,0,10.6,78.2,88.8,17.0,0.0,0.0064,0.0,NORMAL_EXECUTION_PROGRESS,NONE,NONE
MPLADS-004826,12.25,21.8,0,14.8,77.1,91.9,3.0,0.0,0.001,0.0,NORMAL_EXECUTION_PROGRESS,NONE,NONE
MPLADS-004827,18.95,35.42,0,11.9,78.0,89.9,32.0,0.0,0.0036,0.0,NORMAL_EXECUTION_PROGRESS,NONE,NONE
MPLADS-004828,3.54,4.56,0,10.1,78.7,88.8,0.0,0.0,0.0,0.0,NORMAL_EXECUTION_PROGRESS,NONE,NONE
MPLADS-004829,29.93,55.82,0,2.0,85.0,87.0,34.0,0.0,0.003,0.0,NORMAL_EXECUTION_PROGRESS,NONE,NONE
MPLADS-004830,46.63,80.12,0,23.4,74.5,97.9,23.0,0.0,0.0261,0.0,NORMAL_EXECUTION_PROGRESS,NONE,NONE
MPLADS-004831,43.33,76.58,0,2.5,91.3,93.8,19.0,0.0,0.0175,0.0,NORMAL_EXECUTION_PROGRESS,NONE,NONE
MPLADS-004832,63.16,87.02,0,61.6,93.7,155.3,19.0,0.0,0.0018,75.0,SEVERE_PHYSICAL_FINANCIAL_GAP,NONE,NONE
MPLADS-004833,70.64,91.14,0,67.9,17.5,85.4,0.0,0.0,0.0,75.0,SEVERE_PHYSICAL_FINANCIAL_GAP,ABANDONED_WORK_SUSPICION,INSPECTION_DOCUMENTATION_DEFICIT
MPLADS-004834,31.54,58.58,0,12.3,80.0,92.3,0.0,0.0,0.0,0.0,NORMAL_EXECUTION_PROGRESS,NONE,NONE
MPLADS-004835,60.87,86.12,0,69.3,77.5,146.8,9.0,0.0,0.0042,75.0,SEVERE_PHYSICAL_FINANCIAL_GAP,NONE,NONE
MPLADS-004836,86.28,98.48,1,46.9,42.2,89.1,450.0,0.0,0.8675,75.0,EXTREME_DURATION_OVERRUN,SEVERE_PHYSICAL_FINANCIAL_GAP,STALLED_EXECUTION_TRAJECTORY
MPLADS-004837,13.29,23.92,0,14.2,81.7,95.9,0.0,0.0,0.0,0.0,NORMAL_EXECUTION_PROGRESS,NONE,NONE
MPLADS-004838,94.57,99.12,1,100.0,0.0,100.0,0.0,1.0,0.0,75.0,GHOST_WORK_EXECUTION_DIVERGENCE,SEVERE_PHYSICAL_FINANCIAL_GAP,ABANDONED_WORK_SUSPICION
MPLADS-004839,15.03,27.52,0,4.7,80.4,85.1,0.0,0.0,0.0,0.0,NORMAL_EXECUTION_PROGRESS,NONE,NONE
MPLADS-004840,74.05,93.3,0,75.5,19.7,95.2,0.0,0.0,0.0,75.0,SEVERE_PHYSICAL_FINANCIAL_GAP,ABANDONED_WORK_SUSPICION,INSPECTION_DOCUMENTATION_DEFICIT
MPLADS-004841,15.63,28.76,0,-5.3,95.1,89.8,16.0,0.0,0.0013,0.0,NORMAL_EXECUTION_PROGRESS,NONE,NONE
MPLADS-004842,15.93,29.38,0,-0.4,87.1,86.7,11.0,0.0,0.0042,0.0,NORMAL_EXECUTION_PROGRESS,NONE,NONE
MPLADS-004843,15.24,27.94,0,7.4,79.6,87.0,0.0,0.0,0.0,0.0,NORMAL_EXECUTION_PROGRESS,NONE,NONE
MPLADS-004844,17.11,31.76,0,3.6,87.9,91.5,0.0,0.0,0.0,0.0,NORMAL_EXECUTION_PROGRESS,NONE,NONE
MPLADS-004845,69.81,90.48,0,61.1,32.2,93.3,16.0,0.0,0.0134,75.0,SEVERE_PHYSICAL_FINANCIAL_GAP,INSPECTION_DOCUMENTATION_DEFICIT,NONE
MPLADS-004846,32.35,59.94,0,4.9,82.9,87.8,0.0,0.0,0.0,0.0,NORMAL_EXECUTION_PROGRESS,NONE,NONE
MPLADS-004847,14.59,26.58,0,0.7,92.5,93.2,0.0,0.0,0.0,0.0,NORMAL_EXECUTION_PROGRESS,NONE,NONE
MPLADS-004848,24.18,45.6,0,15.3,73.1,88.4,33.0,0.0,0.0163,0.0,NORMAL_EXECUTION_PROGRESS,NONE,NONE
MPLADS-004849,18.56,34.64,0,-3.4,93.9,90.5,31.0,0.0,0.0063,0.0,NORMAL_EXECUTION_PROGRESS,NONE,NONE
MPLADS-004850,3.86,5.1,0,-4.0,92.8,88.8,0.0,0.0,0.0,0.0,NORMAL_EXECUTION_PROGRESS,NONE,NONE
MPLADS-004851,22.47,42.28,0,-10.1,98.5,88.4,9.0,0.0,0.0026,0.0,NORMAL_EXECUTION_PROGRESS,NONE,NONE
MPLADS-004852,36.01,65.98,0,7.8,79.6,87.4,34.0,0.0,0.0182,0.0,NORMAL_EXECUTION_PROGRESS,NONE,NONE
MPLADS-004853,28.47,53.42,0,18.6,70.7,89.3,29.0,0.0,0.0041,0.0,NORMAL_EXECUTION_PROGRESS,NONE,NONE
MPLADS-004854,68.21,89.16,0,67.3,22.7,90.0,10.0,0.0,0.0114,75.0,SEVERE_PHYSICAL_FINANCIAL_GAP,INSPECTION_DOCUMENTATION_DEFICIT,NONE
MPLADS-004855,37.11,67.7,0,17.5,77.8,95.3,28.0,0.0,0.0009,0.0,NORMAL_EXECUTION_PROGRESS,NONE,NONE
MPLADS-004856,17.54,32.6,0,-10.9,97.2,86.3,12.0,0.0,0.0008,0.0,NORMAL_EXECUTION_PROGRESS,NONE,NONE
MPLADS-004857,36.09,66.1,0,3.4,84.3,87.7,0.0,0.0,0.0,0.0,NORMAL_EXECUTION_PROGRESS,NONE,NONE
MPLADS-004858,73.01,92.66,0,71.7,17.1,88.8,0.0,0.0,0.0,75.0,SEVERE_PHYSICAL_FINANCIAL_GAP,ABANDONED_WORK_SUSPICION,INSPECTION_DOCUMENTATION_DEFICIT
MPLADS-004859,5.26,7.76,0,2.9,90.4,93.3,0.0,0.0,0.0,0.0,NORMAL_EXECUTION_PROGRESS,NONE,NONE
MPLADS-004860,20.94,39.32,0,14.5,76.2,90.7,30.0,0.0,0.0065,0.0,NORMAL_EXECUTION_PROGRESS,NONE,NONE
MPLADS-004861,62.75,86.9,0,67.1,82.6,149.7,31.0,0.0,0.0098,75.0,SEVERE_PHYSICAL_FINANCIAL_GAP,NONE,NONE
MPLADS-004862,11.8,20.92,0,2.4,88.2,90.6,22.0,0.0,0.0068,0.0,NORMAL_EXECUTION_PROGRESS,NONE,NONE
MPLADS-004863,35.64,65.3,0,-1.9,95.0,93.1,16.0,0.0,0.0003,0.0,NORMAL_EXECUTION_PROGRESS,NONE,NONE
MPLADS-004864,23.32,43.92,0,0.5,87.5,88.0,31.0,0.0,0.0086,0.0,NORMAL_EXECUTION_PROGRESS,NONE,NONE
MPLADS-004865,28.26,53.02,0,-8.8,98.1,89.3,0.0,0.0,0.0,0.0,NORMAL_EXECUTION_PROGRESS,NONE,NONE
MPLADS-004866,1.71,1.44,0,4.6,88.8,93.4,1.0,0.0,0.0002,0.0,NORMAL_EXECUTION_PROGRESS,NONE,NONE
MPLADS-004867,7.25,11.68,0,2.2,84.0,86.2,11.0,0.0,0.0033,0.0,NORMAL_EXECUTION_PROGRESS,NONE,NONE
MPLADS-004868,33.23,61.32,0,3.4,83.4,86.8,0.0,0.0,0.0,0.0,NORMAL_EXECUTION_PROGRESS,NONE,NONE
MPLADS-004869,1.34,1.0,0,8.3,80.5,88.8,0.0,0.0,0.0,0.0,NORMAL_EXECUTION_PROGRESS,NONE,NONE
MPLADS-004870,66.64,88.34,0,68.2,70.5,138.7,14.0,0.0,0.0164,75.0,SEVERE_PHYSICAL_FINANCIAL_GAP,NONE,NONE
MPLADS-004871,40.1,72.16,0,-9.1,99.7,90.6,29.0,0.0,0.0099,0.0,NORMAL_EXECUTION_PROGRESS,NONE,NONE
MPLADS-004872,4.46,6.26,0,12.8,81.7,94.5,0.0,0.0,0.0,0.0,NORMAL_EXECUTION_PROGRESS,NONE,NONE
MPLADS-004873,28.43,53.36,0,13.3,80.9,94.2,0.0,0.0,0.0,0.0,NORMAL_EXECUTION_PROGRESS,NONE,NONE
MPLADS-004874,10.86,18.96,0,16.9,73.2,90.1,0.0,0.0,0.0,0.0,NORMAL_EXECUTION_PROGRESS,NONE,NONE
MPLADS-004875,64.69,87.36,0,31.3,22.3,53.6,0.0,0.0,0.0,50.0,SEVERE_PHYSICAL_FINANCIAL_GAP,NONE,NONE
MPLADS-004876,40.92,73.34,0,21.0,74.8,95.8,0.0,0.0,0.0,0.0,NORMAL_EXECUTION_PROGRESS,NONE,NONE
MPLADS-004877,19.97,37.44,0,-7.4,98.2,90.8,22.0,0.0,0.0053,0.0,NORMAL_EXECUTION_PROGRESS,NONE,NONE
MPLADS-004878,19.45,36.42,0,9.9,86.2,96.1,26.0,0.0,0.0115,0.0,NORMAL_EXECUTION_PROGRESS,NONE,NONE
MPLADS-004879,69.01,89.76,0,68.7,26.4,95.1,0.0,0.0,0.0,75.0,SEVERE_PHYSICAL_FINANCIAL_GAP,INSPECTION_DOCUMENTATION_DEFICIT,NONE
MPLADS-004880,21.81,41.04,0,15.9,72.2,88.1,19.0,0.0,0.0039,0.0,NORMAL_EXECUTION_PROGRESS,NONE,NONE
MPLADS-004881,28.88,54.12,0,20.9,72.8,93.7,14.0,0.0,0.0012,0.0,NORMAL_EXECUTION_PROGRESS,NONE,NONE
MPLADS-004882,1.58,1.24,0,10.5,82.3,92.8,0.0,0.0,0.0,0.0,NORMAL_EXECUTION_PROGRESS,NONE,NONE
MPLADS-004883,13.71,24.8,0,12.2,78.9,91.1,0.0,0.0,0.0,0.0,NORMAL_EXECUTION_PROGRESS,NONE,NONE
MPLADS-004884,97.5,99.76,1,100.0,0.0,100.0,19.0,1.0,0.0521,75.0,GHOST_WORK_EXECUTION_DIVERGENCE,SEVERE_PHYSICAL_FINANCIAL_GAP,ABANDONED_WORK_SUSPICION
MPLADS-004885,69.92,90.58,0,61.3,34.8,96.1,0.0,0.0,0.0,75.0,SEVERE_PHYSICAL_FINANCIAL_GAP,INSPECTION_DOCUMENTATION_DEFICIT,NONE
MPLADS-004886,81.14,96.62,1,79.4,16.4,95.8,13.0,0.0,0.0292,75.0,SEVERE_PHYSICAL_FINANCIAL_GAP,ABANDONED_WORK_SUSPICION,INSPECTION_DOCUMENTATION_DEFICIT
MPLADS-004887,75.19,93.82,0,72.1,20.6,92.7,28.0,0.0,0.0443,75.0,SEVERE_PHYSICAL_FINANCIAL_GAP,INSPECTION_DOCUMENTATION_DEFICIT,NONE
MPLADS-004888,65.11,87.5,0,35.3,13.2,48.5,11.0,0.0,0.0205,50.0,SEVERE_PHYSICAL_FINANCIAL_GAP,NONE,NONE
MPLADS-004889,30.51,56.78,0,23.9,73.4,97.3,2.0,0.0,0.0005,0.0,NORMAL_EXECUTION_PROGRESS,NONE,NONE
MPLADS-004890,73.54,92.94,0,18.3,74.1,92.4,320.0,0.0,0.4051,25.0,EXTREME_DURATION_OVERRUN,STALLED_EXECUTION_TRAJECTORY,NONE
MPLADS-004891,36.1,66.12,0,18.2,73.0,91.2,17.0,0.0,0.0004,0.0,NORMAL_EXECUTION_PROGRESS,NONE,NONE
MPLADS-004892,15.19,27.82,0,8.1,79.6,87.7,31.0,0.0,0.0061,0.0,NORMAL_EXECUTION_PROGRESS,NONE,NONE
MPLADS-004893,5.75,8.72,0,10.1,80.1,90.2,4.0,0.0,0.0004,0.0,NORMAL_EXECUTION_PROGRESS,NONE,NONE
MPLADS-004894,8.95,15.02,0,9.6,85.9,95.5,18.0,0.0,0.0056,0.0,NORMAL_EXECUTION_PROGRESS,NONE,NONE
MPLADS-004895,1.64,1.32,0,10.6,84.6,95.2,17.0,0.0,0.0037,0.0,NORMAL_EXECUTION_PROGRESS,NONE,NONE
MPLADS-004896,48.98,81.98,0,27.3,70.4,97.7,0.0,0.0,0.0,0.0,NORMAL_EXECUTION_PROGRESS,NONE,NONE
MPLADS-004897,7.23,11.62,0,1.5,93.0,94.5,13.0,0.0,0.0044,0.0,NORMAL_EXECUTION_PROGRESS,NONE,NONE
MPLADS-004898,12.61,22.52,0,14.3,78.8,93.1,32.0,0.0,0.0113,0.0,NORMAL_EXECUTION_PROGRESS,NONE,NONE
MPLADS-004899,25.31,47.72,0,12.9,81.8,94.7,0.0,0.0,0.0,0.0,NORMAL_EXECUTION_PROGRESS,NONE,NONE
MPLADS-004900,43.19,76.4,0,-5.8,98.1,92.3,7.0,0.0,0.0001,0.0,NORMAL_EXECUTION_PROGRESS,NONE,NONE
MPLADS-004901,43.86,77.18,0,22.3,74.4,96.7,26.0,0.0,0.0009,0.0,NORMAL_EXECUTION_PROGRESS,NONE,NONE
MPLADS-004902,12.71,22.76,0,11.9,82.1,94.0,12.0,0.0,0.0039,0.0,NORMAL_EXECUTION_PROGRESS,NONE,NONE
MPLADS-004903,8.16,13.42,0,10.2,81.2,91.4,25.0,0.0,0.002,0.0,NORMAL_EXECUTION_PROGRESS,NONE,NONE
MPLADS-004904,30.26,56.38,0,-9.9,99.8,89.9,18.0,0.0,0.0025,0.0,NORMAL_EXECUTION_PROGRESS,NONE,NONE
MPLADS-004905,35.16,64.5,0,16.1,71.7,87.8,16.0,0.0,0.0004,0.0,NORMAL_EXECUTION_PROGRESS,NONE,NONE
MPLADS-004906,4.1,5.54,0,11.6,84.5,96.1,0.0,0.0,0.0,0.0,NORMAL_EXECUTION_PROGRESS,NONE,NONE
MPLADS-004907,34.74,63.84,0,9.4,83.6,93.0,12.0,0.0,0.0119,0.0,NORMAL_EXECUTION_PROGRESS,NONE,NONE
MPLADS-004908,31.56,58.62,0,7.8,87.9,95.7,1.0,0.0,0.0009,0.0,NORMAL_EXECUTION_PROGRESS,NONE,NONE
MPLADS-004909,81.67,96.86,1,55.2,42.7,97.9,300.0,0.0,0.5114,100.0,SEVERE_PHYSICAL_FINANCIAL_GAP,EXTREME_DURATION_OVERRUN,STALLED_EXECUTION_TRAJECTORY
MPLADS-004910,16.17,29.86,0,-1.7,94.3,92.6,24.0,0.0,0.0088,0.0,NORMAL_EXECUTION_PROGRESS,NONE,NONE
MPLADS-004911,85.44,98.26,1,6.1,82.7,88.8,0.0,0.0,0.0,0.0,INSPECTION_DOCUMENTATION_DEFICIT,NONE,NONE
MPLADS-004912,20.24,37.98,0,14.5,79.2,93.7,2.0,0.0,0.0001,0.0,NORMAL_EXECUTION_PROGRESS,NONE,NONE
MPLADS-004913,20.13,37.76,0,1.4,84.1,85.5,19.0,0.0,0.0025,0.0,NORMAL_EXECUTION_PROGRESS,NONE,NONE
MPLADS-004914,39.75,71.64,0,6.0,79.8,85.8,34.0,0.0,0.0013,0.0,NORMAL_EXECUTION_PROGRESS,NONE,NONE
MPLADS-004915,84.25,97.8,1,40.9,50.6,91.5,480.0,0.0,0.8855,75.0,EXTREME_DURATION_OVERRUN,SEVERE_PHYSICAL_FINANCIAL_GAP,STALLED_EXECUTION_TRAJECTORY
MPLADS-004916,52.43,83.62,0,40.5,96.5,137.0,0.0,0.0,0.0,50.0,NORMAL_EXECUTION_PROGRESS,NONE,NONE
MPLADS-004917,9.62,16.4,0,17.5,78.8,96.3,21.0,0.0,0.0035,0.0,NORMAL_EXECUTION_PROGRESS,NONE,NONE
MPLADS-004918,5.89,9.0,0,15.0,74.8,89.8,12.0,0.0,0.0047,0.0,NORMAL_EXECUTION_PROGRESS,NONE,NONE
MPLADS-004919,48.0,81.26,0,12.5,72.7,85.2,25.0,0.0,0.0291,0.0,NORMAL_EXECUTION_PROGRESS,NONE,NONE
MPLADS-004920,1.37,1.02,0,3.8,87.0,90.8,6.0,0.0,0.0012,0.0,NORMAL_EXECUTION_PROGRESS,NONE,NONE
MPLADS-004921,34.48,63.4,0,-3.0,94.6,91.6,8.0,0.0,0.0069,0.0,NORMAL_EXECUTION_PROGRESS,NONE,NONE
MPLADS-004922,9.34,15.84,0,1.2,91.5,92.7,12.0,0.0,0.001,0.0,NORMAL_EXECUTION_PROGRESS,NONE,NONE
MPLADS-004923,43.14,76.32,0,20.6,70.6,91.2,32.0,0.0,0.0019,0.0,NORMAL_EXECUTION_PROGRESS,NONE,NONE
MPLADS-004924,28.66,53.74,0,-9.2,96.0,86.8,0.0,0.0,0.0,0.0,NORMAL_EXECUTION_PROGRESS,NONE,NONE
MPLADS-004925,46.25,79.8,0,1.9,96.0,97.9,26.0,0.0,0.0231,0.0,NORMAL_EXECUTION_PROGRESS,NONE,NONE
MPLADS-004926,16.53,30.58,0,6.9,87.9,94.8,15.0,0.0,0.0006,0.0,NORMAL_EXECUTION_PROGRESS,NONE,NONE
MPLADS-004927,51.87,83.44,0,34.1,98.2,132.3,9.0,0.0,0.0002,50.0,NORMAL_EXECUTION_PROGRESS,NONE,NONE
MPLADS-004928,24.26,45.76,0,-7.3,97.9,90.6,4.0,0.0,0.0011,0.0,NORMAL_EXECUTION_PROGRESS,NONE,NONE
MPLADS-004929,35.25,64.64,0,1.7,91.1,92.8,0.0,0.0,0.0,0.0,NORMAL_EXECUTION_PROGRESS,NONE,NONE
MPLADS-004930,10.13,17.46,0,13.9,83.6,97.5,0.0,0.0,0.0,0.0,NORMAL_EXECUTION_PROGRESS,NONE,NONE
MPLADS-004931,81.53,96.8,1,-10.2,96.3,86.1,0.0,0.0,0.0,0.0,INSPECTION_DOCUMENTATION_DEFICIT,NONE,NONE
MPLADS-004932,10.96,19.18,0,8.1,85.0,93.1,0.0,0.0,0.0,0.0,NORMAL_EXECUTION_PROGRESS,NONE,NONE
MPLADS-004933,23.11,43.5,0,-7.2,95.1,87.9,18.0,0.0,0.0045,0.0,NORMAL_EXECUTION_PROGRESS,NONE,NONE
MPLADS-004934,23.41,44.1,0,21.7,74.4,96.1,15.0,0.0,0.0061,0.0,NORMAL_EXECUTION_PROGRESS,NONE,NONE
MPLADS-004935,58.67,85.46,0,60.2,84.0,144.2,0.0,0.0,0.0,75.0,NORMAL_EXECUTION_PROGRESS,NONE,NONE
MPLADS-004936,35.58,65.18,0,17.6,77.5,95.1,13.0,0.0,0.0139,0.0,NORMAL_EXECUTION_PROGRESS,NONE,NONE
MPLADS-004937,73.17,92.72,0,71.7,15.6,87.3,5.0,0.0,0.009,75.0,SEVERE_PHYSICAL_FINANCIAL_GAP,ABANDONED_WORK_SUSPICION,INSPECTION_DOCUMENTATION_DEFICIT
MPLADS-004938,21.42,40.24,0,-1.6,91.5,89.9,9.0,0.0,0.0031,0.0,NORMAL_EXECUTION_PROGRESS,NONE,NONE
MPLADS-004939,18.42,34.36,0,-9.8,97.5,87.7,14.0,0.0,0.0023,0.0,NORMAL_EXECUTION_PROGRESS,NONE,NONE
MPLADS-004940,40.04,72.08,0,6.2,83.2,89.4,32.0,0.0,0.001,0.0,NORMAL_EXECUTION_PROGRESS,NONE,NONE
MPLADS-004941,32.5,60.18,0,14.0,73.4,87.4,2.0,0.0,0.0001,0.0,NORMAL_EXECUTION_PROGRESS,NONE,NONE
MPLADS-004942,2.07,2.02,0,16.4,74.7,91.1,9.0,0.0,0.0027,0.0,NORMAL_EXECUTION_PROGRESS,NONE,NONE
MPLADS-004943,51.42,83.28,0,39.8,89.5,129.3,22.0,0.0,0.0088,50.0,NORMAL_EXECUTION_PROGRESS,NONE,NONE
MPLADS-004944,69.41,90.08,0,57.8,28.9,86.7,0.0,0.0,0.0,75.0,SEVERE_PHYSICAL_FINANCIAL_GAP,INSPECTION_DOCUMENTATION_DEFICIT,NONE
MPLADS-004945,43.05,76.2,0,24.5,71.0,95.5,31.0,0.0,0.0081,0.0,NORMAL_EXECUTION_PROGRESS,NONE,NONE
MPLADS-004946,27.42,51.54,0,6.5,90.3,96.8,6.0,0.0,0.0001,0.0,NORMAL_EXECUTION_PROGRESS,NONE,NONE
MPLADS-004947,8.58,14.28,0,0.4,89.9,90.3,13.0,0.0,0.0023,0.0,NORMAL_EXECUTION_PROGRESS,NONE,NONE
MPLADS-004948,29.75,55.56,0,5.4,80.5,85.9,0.0,0.0,0.0,0.0,NORMAL_EXECUTION_PROGRESS,NONE,NONE
MPLADS-004949,28.42,53.34,0,6.3,82.4,88.7,5.0,0.0,0.0001,0.0,NORMAL_EXECUTION_PROGRESS,NONE,NONE
MPLADS-004950,24.01,45.28,0,1.1,84.3,85.4,16.0,0.0,0.0051,0.0,NORMAL_EXECUTION_PROGRESS,NONE,NONE
MPLADS-004951,7.63,12.4,0,11.8,80.3,92.1,21.0,0.0,0.0078,0.0,NORMAL_EXECUTION_PROGRESS,NONE,NONE
MPLADS-004952,65.8,87.84,0,72.4,85.5,157.9,16.0,0.0,0.0066,75.0,SEVERE_PHYSICAL_FINANCIAL_GAP,NONE,NONE
MPLADS-004953,20.45,38.4,0,18.9,73.2,92.1,20.0,0.0,0.002,0.0,NORMAL_EXECUTION_PROGRESS,NONE,NONE
MPLADS-004954,5.9,9.02,0,-6.4,91.6,85.2,2.0,0.0,0.0003,0.0,NORMAL_EXECUTION_PROGRESS,NONE,NONE
MPLADS-004955,10.84,18.94,0,1.2,93.1,94.3,0.0,0.0,0.0,0.0,NORMAL_EXECUTION_PROGRESS,NONE,NONE
MPLADS-004956,8.77,14.64,0,0.0,95.1,95.1,17.0,0.0,0.0027,0.0,NORMAL_EXECUTION_PROGRESS,NONE,NONE
MPLADS-004957,24.57,46.36,0,15.1,82.1,97.2,33.0,0.0,0.0132,0.0,NORMAL_EXECUTION_PROGRESS,NONE,NONE
MPLADS-004958,86.39,98.56,1,41.2,49.5,90.7,450.0,0.0,0.8162,75.0,EXTREME_DURATION_OVERRUN,SEVERE_PHYSICAL_FINANCIAL_GAP,STALLED_EXECUTION_TRAJECTORY
MPLADS-004959,4.57,6.48,0,3.2,92.1,95.3,23.0,0.0,0.0051,0.0,NORMAL_EXECUTION_PROGRESS,NONE,NONE
MPLADS-004960,18.62,34.78,0,17.0,75.0,92.0,6.0,0.0,0.0003,0.0,NORMAL_EXECUTION_PROGRESS,NONE,NONE
MPLADS-004961,10.66,18.56,0,-1.6,91.5,89.9,21.0,0.0,0.0079,0.0,NORMAL_EXECUTION_PROGRESS,NONE,NONE
MPLADS-004962,2.25,2.32,0,3.7,85.4,89.1,4.0,0.0,0.0011,0.0,NORMAL_EXECUTION_PROGRESS,NONE,NONE
MPLADS-004963,10.02,17.24,0,-3.5,91.8,88.3,18.0,0.0,0.0032,0.0,NORMAL_EXECUTION_PROGRESS,NONE,NONE
MPLADS-004964,13.56,24.46,0,1.7,92.0,93.7,0.0,0.0,0.0,0.0,NORMAL_EXECUTION_PROGRESS,NONE,NONE
MPLADS-004965,44.85,78.4,0,-6.0,96.6,90.6,24.0,0.0,0.0004,0.0,NORMAL_EXECUTION_PROGRESS,NONE,NONE
MPLADS-004966,13.25,23.84,0,10.6,76.0,86.6,0.0,0.0,0.0,0.0,NORMAL_EXECUTION_PROGRESS,NONE,NONE
MPLADS-004967,1.14,0.74,0,6.4,80.8,87.2,2.0,0.0,0.0005,0.0,NORMAL_EXECUTION_PROGRESS,NONE,NONE
MPLADS-004968,23.17,43.6,0,-4.7,98.9,94.2,0.0,0.0,0.0,0.0,NORMAL_EXECUTION_PROGRESS,NONE,NONE
MPLADS-004969,50.61,82.96,0,17.5,70.3,87.8,0.0,0.0,0.0,0.0,NORMAL_EXECUTION_PROGRESS,NONE,NONE
MPLADS-004970,70.0,90.64,0,20.2,73.4,93.6,180.0,0.0,0.1266,0.0,ELEVATED_PROGRESS_VOLATILITY,NONE,NONE
MPLADS-004971,51.25,83.22,0,17.5,71.6,89.1,0.0,0.0,0.0,0.0,NORMAL_EXECUTION_PROGRESS,NONE,NONE
MPLADS-004972,29.12,54.5,0,14.2,80.7,94.9,9.0,0.0,0.0002,0.0,NORMAL_EXECUTION_PROGRESS,NONE,NONE
MPLADS-004973,80.56,96.28,1,24.0,72.5,96.5,420.0,0.0,0.6472,25.0,EXTREME_DURATION_OVERRUN,STALLED_EXECUTION_TRAJECTORY,NONE
MPLADS-004974,50.22,82.68,0,5.7,88.2,93.9,0.0,0.0,0.0,0.0,NORMAL_EXECUTION_PROGRESS,NONE,NONE
MPLADS-004975,13.26,23.86,0,2.4,92.5,94.9,0.0,0.0,0.0,0.0,NORMAL_EXECUTION_PROGRESS,NONE,NONE
MPLADS-004976,77.56,94.7,0,82.0,15.3,97.3,0.0,0.0,0.0,75.0,SEVERE_PHYSICAL_FINANCIAL_GAP,ABANDONED_WORK_SUSPICION,INSPECTION_DOCUMENTATION_DEFICIT
MPLADS-004977,30.69,57.12,0,-8.4,96.2,87.8,0.0,0.0,0.0,0.0,NORMAL_EXECUTION_PROGRESS,NONE,NONE
MPLADS-004978,13.78,24.94,0,7.4,85.4,92.8,7.0,0.0,0.0002,0.0,NORMAL_EXECUTION_PROGRESS,NONE,NONE
MPLADS-004979,6.3,9.76,0,11.9,77.5,89.4,5.0,0.0,0.0002,0.0,NORMAL_EXECUTION_PROGRESS,NONE,NONE
MPLADS-004980,18.1,33.72,0,18.9,76.1,95.0,16.0,0.0,0.0012,0.0,NORMAL_EXECUTION_PROGRESS,NONE,NONE
MPLADS-004981,4.86,7.0,0,7.3,85.3,92.6,14.0,0.0,0.0057,0.0,NORMAL_EXECUTION_PROGRESS,NONE,NONE
MPLADS-004982,5.14,7.56,0,12.6,80.1,92.7,0.0,0.0,0.0,0.0,NORMAL_EXECUTION_PROGRESS,NONE,NONE
MPLADS-004983,39.84,71.78,0,-5.2,95.0,89.8,32.0,0.0,0.0018,0.0,NORMAL_EXECUTION_PROGRESS,NONE,NONE
MPLADS-004984,31.97,59.3,0,7.1,78.4,85.5,34.0,0.0,0.0124,0.0,NORMAL_EXECUTION_PROGRESS,NONE,NONE
MPLADS-004985,3.01,3.58,0,12.4,82.2,94.6,0.0,0.0,0.0,0.0,NORMAL_EXECUTION_PROGRESS,NONE,NONE
MPLADS-004986,36.17,66.24,0,0.7,85.9,86.6,0.0,0.0,0.0,0.0,NORMAL_EXECUTION_PROGRESS,NONE,NONE
MPLADS-004987,16.75,31.04,0,20.4,75.8,96.2,20.0,0.0,0.0105,0.0,NORMAL_EXECUTION_PROGRESS,NONE,NONE
MPLADS-004988,12.42,22.14,0,10.2,76.1,86.3,25.0,0.0,0.0078,0.0,NORMAL_EXECUTION_PROGRESS,NONE,NONE
MPLADS-004989,11.82,20.96,0,17.7,80.2,97.9,0.0,0.0,0.0,0.0,NORMAL_EXECUTION_PROGRESS,NONE,NONE
MPLADS-004990,10.28,17.76,0,13.7,76.3,90.0,0.0,0.0,0.0,0.0,NORMAL_EXECUTION_PROGRESS,NONE,NONE
MPLADS-004991,26.55,50.02,0,-3.8,99.1,95.3,0.0,0.0,0.0,0.0,NORMAL_EXECUTION_PROGRESS,NONE,NONE
MPLADS-004992,32.84,60.72,0,-2.5,88.1,85.6,34.0,0.0,0.0027,0.0,NORMAL_EXECUTION_PROGRESS,NONE,NONE
MPLADS-004993,11.2,19.68,0,0.0,88.8,88.8,0.0,0.0,0.0,0.0,NORMAL_EXECUTION_PROGRESS,NONE,NONE
MPLADS-004994,24.13,45.5,0,-3.4,93.5,90.1,0.0,0.0,0.0,0.0,NORMAL_EXECUTION_PROGRESS,NONE,NONE
MPLADS-004995,68.28,89.24,0,35.0,17.4,52.4,20.0,0.0,0.0375,50.0,SEVERE_PHYSICAL_FINANCIAL_GAP,ABANDONED_WORK_SUSPICION,NONE
MPLADS-004996,22.67,42.7,0,1.7,95.9,97.6,0.0,0.0,0.0,0.0,NORMAL_EXECUTION_PROGRESS,NONE,NONE
MPLADS-004997,15.04,27.54,0,1.5,84.5,86.0,9.0,0.0,0.0026,0.0,NORMAL_EXECUTION_PROGRESS,NONE,NONE
MPLADS-004998,66.19,88.06,0,35.4,10.1,45.5,5.0,0.0,0.0091,50.0,SEVERE_PHYSICAL_FINANCIAL_GAP,NONE,NONE
MPLADS-004999,27.45,51.58,0,-0.7,90.1,89.4,0.0,0.0,0.0,0.0,NORMAL_EXECUTION_PROGRESS,NONE,NONE
MPLADS-005000,21.14,39.7,0,15.6,82.3,97.9,29.0,0.0,0.005,0.0,NORMAL_EXECUTION_PROGRESS,NONE,NONE
