project_id,payment_count,total_paid,average_payment,median_payment,min_payment,max_payment,payment_amount_std,first_payment_date,last_payment_date,payment_span_days,average_days_between_payments,median_days_between_payments,payment_interval_std,payment_velocity_mean,payment_velocity_max,payment_frequency_mean,payment_concentration_max,duplicate_payment_count,duplicate_payment_rate,payment_timing_anomaly_count,payment_timing_anomaly_rate,unverified_payment_count,unverified_payment_rate,round_number_payment_count,round_number_payment_rate,final_installment_count,final_installment_amount,final_installment_share
MPLADS-000001,3,2590000.0,863333.33,863300.0,863300.0,863400.0,57.74,2023-02-23,2023-07-16,143,71.5,71.5,0.71,14388.89,14390.0,60.0,0.3334,0,0.0,0,0.0,0,0.0,0,0.0,1,863400.0,0.3334
MPLADS-000002,3,2394000.0,798000.0,798000.0,798000.0,798000.0,0.0,2023-11-01,2024-03-18,138,69.0,69.0,0.0,13300.0,13300.0,60.0,0.3333,0,0.0,0,0.0,0,0.0,0,0.0,1,798000.0,0.3333
MPLADS-000003,2,643000.0,321500.0,321500.0,321500.0,321500.0,0.0,2022-04-15,2022-06-06,52,52.0,52.0,0.0,7144.44,7144.44,45.0,0.5,0,0.0,0,0.0,0,0.0,0,0.0,1,321500.0,0.5
MPLADS-000004,3,10213000.0,3404333.33,3404300.0,3404300.0,3404400.0,57.74,2022-12-04,2023-09-17,287,143.5,143.5,0.71,25532.5,25533.0,133.3,0.3333,0,0.0,0,0.0,0,0.0,0,0.0,1,3404400.0,0.3333
MPLADS-000005,3,2182000.0,727333.33,727300.0,727300.0,727400.0,57.74,2022-07-17,2022-10-25,100,50.0,50.0,0.0,13637.5,13638.75,53.3,0.3334,0,0.0,0,0.0,0,0.0,0,0.0,1,727400.0,0.3334
MPLADS-000006,3,1076000.0,358666.67,358700.0,358600.0,358700.0,57.74,2023-12-04,2024-03-11,98,49.0,49.0,0.0,7173.33,7174.0,50.0,0.3334,0,0.0,0,0.0,0,0.0,0,0.0,1,358600.0,0.3333
MPLADS-000007,3,2803000.0,934333.33,934300.0,934300.0,934400.0,57.74,2022-06-05,2022-10-25,142,71.0,71.0,0.0,13347.62,13348.57,70.0,0.3334,0,0.0,0,0.0,0,0.0,0,0.0,1,934400.0,0.3334
MPLADS-000008,3,3290000.0,1096666.67,1096700.0,1096600.0,1096700.0,57.74,2022-08-14,2022-12-29,137,68.5,68.5,0.71,15666.66,15667.14,70.0,0.3333,0,0.0,0,0.0,0,0.0,0,0.0,1,1096600.0,0.3333
MPLADS-000009,3,3988000.0,1329333.33,1329300.0,1329300.0,1329400.0,57.74,2023-09-25,2024-02-19,147,73.5,73.5,0.71,18990.48,18991.43,70.0,0.3334,0,0.0,0,0.0,0,0.0,0,0.0,1,1329400.0,0.3334
MPLADS-000010,2,473000.0,236500.0,236500.0,236500.0,236500.0,0.0,2022-05-10,2022-06-07,28,28.0,28.0,0.0,7883.33,7883.33,30.0,0.5,0,0.0,0,0.0,2,1.0,0,0.0,1,236500.0,0.5
MPLADS-000011,2,432000.0,216000.0,216000.0,216000.0,216000.0,0.0,2023-03-07,2023-04-15,39,39.0,39.0,0.0,7200.0,7200.0,30.0,0.5,0,0.0,0,0.0,0,0.0,0,0.0,1,216000.0,0.5
MPLADS-000012,3,14705000.0,4901666.67,4901700.0,4901600.0,4901700.0,57.74,2024-05-04,2025-02-10,282,141.0,141.0,0.0,36762.5,36762.75,133.3,0.3333,0,0.0,0,0.0,0,0.0,0,0.0,1,4901600.0,0.3333
MPLADS-000013,3,2066000.0,688666.67,688700.0,688600.0,688700.0,57.74,2023-03-27,2023-07-25,120,60.0,60.0,0.0,12912.5,12913.12,53.3,0.3333,0,0.0,0,0.0,0,0.0,0,0.0,1,688600.0,0.3333
MPLADS-000014,2,866000.0,433000.0,433000.0,433000.0,433000.0,0.0,2022-10-14,2022-12-14,61,61.0,61.0,0.0,9622.22,9622.22,45.0,0.5,0,0.0,0,0.0,0,0.0,0,0.0,1,433000.0,0.5
MPLADS-000015,3,2153000.0,717666.67,717700.0,717600.0,717700.0,57.74,2023-01-08,2023-05-16,128,64.0,64.0,0.0,11961.11,11961.67,60.0,0.3333,0,0.0,1,0.3333,0,0.0,0,0.0,1,717600.0,0.3333
MPLADS-000016,3,13185000.0,4395000.0,4395000.0,4395000.0,4395000.0,0.0,2023-01-14,2023-06-10,147,73.5,73.5,0.71,62785.71,62785.71,70.0,0.3333,0,0.0,0,0.0,0,0.0,0,0.0,1,4395000.0,0.3333
MPLADS-000017,3,1946000.0,648666.67,648700.0,648600.0,648700.0,57.74,2023-05-23,2023-10-04,134,67.0,67.0,0.0,10811.11,10811.67,60.0,0.3334,0,0.0,0,0.0,0,0.0,0,0.0,1,648600.0,0.3333
MPLADS-000018,2,884000.0,442000.0,442000.0,442000.0,442000.0,0.0,2022-08-10,2022-09-20,41,41.0,41.0,0.0,9822.22,9822.22,45.0,0.5,0,0.0,0,0.0,0,0.0,0,0.0,1,442000.0,0.5
MPLADS-000019,3,1985000.0,661666.67,661700.0,661600.0,661700.0,57.74,2022-05-25,2022-10-24,152,76.0,76.0,0.0,9452.38,9452.86,70.0,0.3334,0,0.0,0,0.0,0,0.0,0,0.0,1,661600.0,0.3333
MPLADS-000020,3,13494000.0,4498000.0,4498000.0,4498000.0,4498000.0,0.0,2023-01-09,2023-05-20,131,65.5,65.5,0.71,64257.14,64257.14,70.0,0.3333,0,0.0,0,0.0,0,0.0,0,0.0,1,4498000.0,0.3333
MPLADS-000021,3,2132000.0,710666.67,710700.0,710600.0,710700.0,57.74,2022-05-28,2022-08-09,73,36.5,36.5,0.71,17766.67,17767.5,40.0,0.3333,0,0.0,0,0.0,0,0.0,0,0.0,1,710600.0,0.3333
MPLADS-000022,2,954000.0,477000.0,477000.0,477000.0,477000.0,0.0,2024-01-06,2024-02-26,51,51.0,51.0,0.0,10600.0,10600.0,45.0,0.5,0,0.0,0,0.0,0,0.0,0,0.0,1,477000.0,0.5
MPLADS-000023,3,1525000.0,508333.33,508300.0,508300.0,508400.0,57.74,2023-07-21,2023-10-28,99,49.5,49.5,0.71,10166.67,10168.0,50.0,0.3334,0,0.0,0,0.0,0,0.0,0,0.0,1,508400.0,0.3334
MPLADS-000024,3,16257000.0,5419000.0,5419000.0,5419000.0,5419000.0,0.0,2023-03-26,2023-12-24,273,136.5,136.5,0.71,40642.5,40642.5,133.3,0.3333,0,0.0,1,0.3333,0,0.0,0,0.0,1,5419000.0,0.3333
MPLADS-000025,3,24766000.0,8255333.33,8255300.0,8255300.0,8255400.0,57.74,2023-03-13,2023-12-05,267,133.5,133.5,0.71,61915.0,61915.5,133.3,0.3333,0,0.0,1,0.3333,0,0.0,0,0.0,1,8255400.0,0.3333
MPLADS-000026,3,9898000.0,3299333.33,3299300.0,3299300.0,3299400.0,57.74,2023-11-12,2024-07-26,257,128.5,128.5,0.71,24745.0,24745.5,133.3,0.3333,0,0.0,0,0.0,3,1.0,0,0.0,1,3299400.0,0.3333
MPLADS-000027,3,2566000.0,855333.33,855300.0,855300.0,855400.0,57.74,2023-06-05,2023-10-09,126,63.0,63.0,0.0,14255.56,14256.67,60.0,0.3334,0,0.0,0,0.0,0,0.0,0,0.0,1,855400.0,0.3334
MPLADS-000028,2,829000.0,414500.0,414500.0,414500.0,414500.0,0.0,2022-04-15,2022-06-02,48,48.0,48.0,0.0,9211.11,9211.11,45.0,0.5,0,0.0,0,0.0,0,0.0,0,0.0,1,414500.0,0.5
MPLADS-000029,3,2304000.0,768000.0,768000.0,768000.0,768000.0,0.0,2022-11-18,2023-03-01,103,51.5,51.5,0.71,14400.0,14400.0,53.3,0.3333,0,0.0,0,0.0,0,0.0,0,0.0,1,768000.0,0.3333
MPLADS-000030,3,3745000.0,1248333.33,1248300.0,1248300.0,1248400.0,57.74,2023-01-30,2023-07-02,153,76.5,76.5,0.71,17833.34,17834.29,70.0,0.3334,0,0.0,0,0.0,0,0.0,0,0.0,1,1248400.0,0.3334
MPLADS-000031,2,921000.0,460500.0,460500.0,460500.0,460500.0,0.0,2022-10-19,2022-12-19,61,61.0,61.0,0.0,10233.33,10233.33,45.0,0.5,0,0.0,0,0.0,0,0.0,0,0.0,1,460500.0,0.5
MPLADS-000032,2,519000.0,259500.0,259500.0,259500.0,259500.0,0.0,2022-08-17,2022-09-13,27,27.0,27.0,0.0,8650.0,8650.0,30.0,0.5,0,0.0,0,0.0,0,0.0,0,0.0,1,259500.0,0.5
MPLADS-000033,3,9504000.0,3168000.0,3168000.0,3168000.0,3168000.0,0.0,2022-11-13,2023-08-13,273,136.5,136.5,0.71,23760.0,23760.0,133.3,0.3333,0,0.0,0,0.0,0,0.0,0,0.0,1,3168000.0,0.3333
MPLADS-000034,3,2720000.0,906666.67,906700.0,906600.0,906700.0,57.74,2023-04-25,2023-08-19,116,58.0,58.0,0.0,15111.11,15111.67,60.0,0.3333,0,0.0,0,0.0,0,0.0,0,0.0,1,906600.0,0.3333
MPLADS-000035,3,1429000.0,476333.33,476300.0,476300.0,476400.0,57.74,2022-04-27,2022-07-15,79,39.5,39.5,0.71,11908.33,11910.0,40.0,0.3334,0,0.0,0,0.0,0,0.0,0,0.0,1,476400.0,0.3334
MPLADS-000036,3,5011000.0,1670333.33,1670300.0,1670300.0,1670400.0,57.74,2023-12-07,2024-05-17,162,81.0,81.0,0.0,23861.91,23862.86,70.0,0.3333,0,0.0,0,0.0,0,0.0,0,0.0,1,1670400.0,0.3333
MPLADS-000037,3,1866000.0,622000.0,622000.0,622000.0,622000.0,0.0,2023-04-23,2024-03-08,320,160.0,160.0,0.0,11662.5,11662.5,53.3,0.3333,0,0.0,1,0.3333,0,0.0,0,0.0,1,622000.0,0.3333
MPLADS-000038,2,670000.0,335000.0,335000.0,335000.0,335000.0,0.0,2023-03-14,2023-04-25,42,42.0,42.0,0.0,7444.44,7444.44,45.0,0.5,0,0.0,0,0.0,0,0.0,0,0.0,1,335000.0,0.5
MPLADS-000039,3,2501000.0,833666.67,833700.0,833600.0,833700.0,57.74,2022-09-05,2022-11-16,72,36.0,36.0,0.0,20841.67,20842.5,40.0,0.3333,0,0.0,0,0.0,0,0.0,0,0.0,1,833600.0,0.3333
MPLADS-000040,3,1701000.0,567000.0,567000.0,567000.0,567000.0,0.0,2023-08-31,2023-11-27,88,44.0,44.0,0.0,14175.0,14175.0,40.0,0.3333,0,0.0,0,0.0,0,0.0,0,0.0,1,567000.0,0.3333
MPLADS-000041,3,1632000.0,544000.0,544000.0,544000.0,544000.0,0.0,2022-06-12,2022-09-24,104,52.0,52.0,0.0,10880.0,10880.0,50.0,0.3333,0,0.0,0,0.0,0,0.0,0,0.0,1,544000.0,0.3333
MPLADS-000042,2,565000.0,282500.0,282500.0,282500.0,282500.0,0.0,2023-12-10,2024-01-25,46,46.0,46.0,0.0,6277.78,6277.78,45.0,0.5,0,0.0,0,0.0,0,0.0,0,0.0,1,282500.0,0.5
MPLADS-000043,3,12844000.0,4281333.33,4281300.0,4281300.0,4281400.0,57.74,2023-02-12,2023-10-29,259,129.5,129.5,0.71,32110.0,32110.5,133.3,0.3333,0,0.0,0,0.0,0,0.0,0,0.0,1,4281400.0,0.3333
MPLADS-000044,3,2337000.0,779000.0,779000.0,779000.0,779000.0,0.0,2024-01-04,2024-05-06,123,61.5,61.5,0.71,14606.25,14606.25,53.3,0.3333,0,0.0,0,0.0,0,0.0,0,0.0,1,779000.0,0.3333
MPLADS-000045,2,293000.0,146500.0,146500.0,146500.0,146500.0,0.0,2023-03-31,2023-04-25,25,25.0,25.0,0.0,4883.33,4883.33,30.0,0.5,0,0.0,0,0.0,0,0.0,0,0.0,1,146500.0,0.5
MPLADS-000046,2,655000.0,327500.0,327500.0,327500.0,327500.0,0.0,2023-02-28,2023-04-05,36,36.0,36.0,0.0,10916.67,10916.67,30.0,0.5,0,0.0,0,0.0,0,0.0,0,0.0,1,327500.0,0.5
MPLADS-000047,3,1885000.0,628333.33,628300.0,628300.0,628400.0,57.74,2023-11-23,2024-05-02,161,80.5,80.5,0.71,8976.19,8977.14,70.0,0.3334,0,0.0,0,0.0,0,0.0,0,0.0,1,628400.0,0.3334
MPLADS-000048,3,2868000.0,956000.0,956000.0,956000.0,956000.0,0.0,2022-11-26,2023-04-28,153,76.5,76.5,0.71,13657.14,13657.14,70.0,0.3333,0,0.0,0,0.0,0,0.0,0,0.0,1,956000.0,0.3333
MPLADS-000049,3,2379000.0,793000.0,793000.0,793000.0,793000.0,0.0,2022-12-10,2023-03-22,102,51.0,51.0,0.0,14868.75,14868.75,53.3,0.3333,0,0.0,0,0.0,0,0.0,0,0.0,1,793000.0,0.3333
MPLADS-000050,3,3520000.0,1173333.33,1173300.0,1173300.0,1173400.0,57.74,2022-07-20,2022-12-15,148,74.0,74.0,0.0,16761.91,16762.86,70.0,0.3334,0,0.0,0,0.0,0,0.0,0,0.0,1,1173400.0,0.3334
MPLADS-000051,3,1356000.0,452000.0,452000.0,452000.0,452000.0,0.0,2023-08-28,2023-12-21,115,57.5,57.5,0.71,8475.0,8475.0,53.3,0.3333,0,0.0,0,0.0,0,0.0,0,0.0,1,452000.0,0.3333
MPLADS-000052,3,1857000.0,619000.0,619000.0,619000.0,619000.0,0.0,2023-02-07,2023-12-24,320,160.0,160.0,0.0,11606.25,11606.25,53.3,0.3333,0,0.0,0,0.0,0,0.0,0,0.0,1,619000.0,0.3333
MPLADS-000053,2,708000.0,354000.0,354000.0,354000.0,354000.0,0.0,2023-07-04,2023-08-17,44,44.0,44.0,0.0,7866.67,7866.67,45.0,0.5,0,0.0,0,0.0,0,0.0,0,0.0,1,354000.0,0.5
MPLADS-000054,2,521000.0,260500.0,260500.0,260500.0,260500.0,0.0,2023-03-16,2023-04-27,42,42.0,42.0,0.0,8683.33,8683.33,30.0,0.5,0,0.0,1,0.5,0,0.0,0,0.0,1,260500.0,0.5
MPLADS-000055,3,14769000.0,4923000.0,4923000.0,4923000.0,4923000.0,0.0,2024-01-04,2024-05-22,139,69.5,69.5,0.71,70328.57,70328.57,70.0,0.3333,0,0.0,0,0.0,0,0.0,0,0.0,1,4923000.0,0.3333
MPLADS-000056,3,1322000.0,440666.67,440700.0,440600.0,440700.0,57.74,2023-04-23,2023-08-01,100,50.0,50.0,0.0,11016.67,11017.5,40.0,0.3334,0,0.0,0,0.0,0,0.0,0,0.0,1,440600.0,0.3333
MPLADS-000057,2,469000.0,234500.0,234500.0,234500.0,234500.0,0.0,2023-03-24,2023-05-09,46,46.0,46.0,0.0,7816.67,7816.67,30.0,0.5,0,0.0,0,0.0,0,0.0,0,0.0,1,234500.0,0.5
MPLADS-000058,3,1887000.0,629000.0,629000.0,629000.0,629000.0,0.0,2022-09-17,2022-12-29,103,51.5,51.5,0.71,12580.0,12580.0,50.0,0.3333,0,0.0,0,0.0,0,0.0,0,0.0,1,629000.0,0.3333
MPLADS-000059,2,357000.0,178500.0,178500.0,178500.0,178500.0,0.0,2023-07-13,2023-08-08,26,26.0,26.0,0.0,5950.0,5950.0,30.0,0.5,0,0.0,0,0.0,0,0.0,0,0.0,1,178500.0,0.5
MPLADS-000060,3,3757000.0,1252333.33,1252300.0,1252300.0,1252400.0,57.74,2022-08-20,2023-01-11,144,72.0,72.0,0.0,17890.48,17891.43,70.0,0.3334,0,0.0,0,0.0,0,0.0,0,0.0,1,1252400.0,0.3334
MPLADS-000061,3,4081000.0,1360333.33,1360300.0,1360300.0,1360400.0,57.74,2023-03-12,2023-05-23,72,36.0,36.0,0.0,45344.44,45346.67,30.0,0.3333,0,0.0,0,0.0,0,0.0,0,0.0,1,1360400.0,0.3333
MPLADS-000062,3,1886000.0,628666.67,628700.0,628600.0,628700.0,57.74,2023-06-05,2023-08-29,85,42.5,42.5,0.71,15716.67,15717.5,40.0,0.3334,0,0.0,0,0.0,0,0.0,0,0.0,1,628600.0,0.3333
MPLADS-000063,3,3916000.0,1305333.33,1305300.0,1305300.0,1305400.0,57.74,2023-11-26,2024-03-25,120,60.0,60.0,0.0,21755.56,21756.67,60.0,0.3334,0,0.0,0,0.0,0,0.0,0,0.0,1,1305400.0,0.3334
MPLADS-000064,3,3652000.0,1217333.33,1217300.0,1217300.0,1217400.0,57.74,2023-04-16,2024-10-27,560,280.0,280.0,0.0,17390.48,17391.43,70.0,0.3334,0,0.0,0,0.0,0,0.0,0,0.0,1,1217400.0,0.3334
MPLADS-000065,3,18489000.0,6163000.0,6163000.0,6163000.0,6163000.0,0.0,2022-07-25,2023-05-01,280,140.0,140.0,0.0,46222.5,46222.5,133.3,0.3333,0,0.0,0,0.0,0,0.0,0,0.0,1,6163000.0,0.3333
MPLADS-000066,2,535000.0,267500.0,267500.0,267500.0,267500.0,0.0,2023-07-10,2023-09-03,55,55.0,55.0,0.0,5944.44,5944.44,45.0,0.5,0,0.0,0,0.0,0,0.0,0,0.0,1,267500.0,0.5
MPLADS-000067,3,1237000.0,412333.33,412300.0,412300.0,412400.0,57.74,2023-10-25,2024-04-04,162,81.0,81.0,0.0,5890.48,5891.43,70.0,0.3334,0,0.0,0,0.0,0,0.0,0,0.0,1,412400.0,0.3334
MPLADS-000068,3,2225000.0,741666.67,741700.0,741600.0,741700.0,57.74,2022-06-14,2022-09-28,106,53.0,53.0,0.0,13906.25,13906.88,53.3,0.3333,0,0.0,0,0.0,0,0.0,0,0.0,1,741600.0,0.3333
MPLADS-000069,3,2338000.0,779333.33,779300.0,779300.0,779400.0,57.74,2023-06-22,2023-10-26,126,63.0,63.0,0.0,12988.89,12990.0,60.0,0.3334,0,0.0,0,0.0,0,0.0,0,0.0,1,779400.0,0.3334
MPLADS-000070,3,10903000.0,3634333.33,3634300.0,3634300.0,3634400.0,57.74,2022-11-23,2023-09-01,282,141.0,141.0,0.0,27257.5,27258.0,133.3,0.3333,0,0.0,0,0.0,0,0.0,0,0.0,1,3634400.0,0.3333
MPLADS-000071,3,1819000.0,606333.33,606300.0,606300.0,606400.0,57.74,2022-07-26,2022-09-02,38,19.0,19.0,0.0,30316.67,30320.0,20.0,0.3334,0,0.0,0,0.0,0,0.0,0,0.0,1,606400.0,0.3334
MPLADS-000072,3,1944000.0,648000.0,648000.0,648000.0,648000.0,0.0,2022-08-26,2022-12-27,123,61.5,61.5,0.71,12960.0,12960.0,50.0,0.3333,0,0.0,0,0.0,3,1.0,0,0.0,1,648000.0,0.3333
MPLADS-000073,3,2410000.0,803333.33,803300.0,803300.0,803400.0,57.74,2023-12-16,2024-04-03,109,54.5,54.5,0.71,16066.67,16068.0,50.0,0.3334,0,0.0,0,0.0,0,0.0,0,0.0,1,803400.0,0.3334
MPLADS-000074,2,670000.0,335000.0,335000.0,335000.0,335000.0,0.0,2022-07-23,2022-09-13,52,52.0,52.0,0.0,7444.44,7444.44,45.0,0.5,0,0.0,0,0.0,0,0.0,0,0.0,1,335000.0,0.5
MPLADS-000075,3,3670000.0,1223333.33,1223300.0,1223300.0,1223400.0,57.74,2023-07-13,2023-11-28,138,69.0,69.0,0.0,20388.89,20390.0,60.0,0.3334,0,0.0,0,0.0,0,0.0,0,0.0,1,1223400.0,0.3334
MPLADS-000076,3,12450000.0,4150000.0,4150000.0,4150000.0,4150000.0,0.0,2022-05-07,2022-09-05,121,60.5,60.5,0.71,69166.67,69166.67,60.0,0.3333,0,0.0,0,0.0,0,0.0,3,1.0,1,4150000.0,0.3333
MPLADS-000077,3,2573000.0,857666.67,857700.0,857600.0,857700.0,57.74,2023-10-20,2024-03-30,162,81.0,81.0,0.0,12252.38,12252.86,70.0,0.3333,0,0.0,0,0.0,0,0.0,0,0.0,1,857600.0,0.3333
MPLADS-000078,3,1782000.0,594000.0,594000.0,594000.0,594000.0,0.0,2023-07-18,2023-10-19,93,46.5,46.5,0.71,14850.0,14850.0,40.0,0.3333,0,0.0,0,0.0,0,0.0,0,0.0,1,594000.0,0.3333
MPLADS-000079,2,551000.0,275500.0,275500.0,275500.0,275500.0,0.0,2023-09-13,2023-10-23,40,40.0,40.0,0.0,9183.33,9183.33,30.0,0.5,0,0.0,0,0.0,0,0.0,0,0.0,1,275500.0,0.5
MPLADS-000080,3,1710000.0,570000.0,570000.0,570000.0,570000.0,0.0,2024-03-04,2024-05-23,80,40.0,40.0,0.0,14250.0,14250.0,40.0,0.3333,0,0.0,1,0.3333,0,0.0,0,0.0,1,570000.0,0.3333
MPLADS-000081,3,2510000.0,836666.67,836700.0,836600.0,836700.0,57.74,2022-05-27,2022-10-21,147,73.5,73.5,0.71,11952.38,11952.86,70.0,0.3333,0,0.0,0,0.0,0,0.0,0,0.0,1,836600.0,0.3333
MPLADS-000082,3,1643000.0,547666.67,547700.0,547600.0,547700.0,57.74,2022-11-27,2023-04-01,125,62.5,62.5,0.71,9127.78,9128.33,60.0,0.3334,0,0.0,0,0.0,0,0.0,0,0.0,1,547600.0,0.3333
MPLADS-000083,3,8279000.0,2759666.67,2759700.0,2759600.0,2759700.0,57.74,2022-12-19,2023-09-29,284,142.0,142.0,0.0,20697.5,20697.75,133.3,0.3333,0,0.0,0,0.0,0,0.0,0,0.0,1,2759600.0,0.3333
MPLADS-000084,3,1534000.0,511333.33,511300.0,511300.0,511400.0,57.74,2023-09-15,2024-11-15,427,213.5,213.5,0.71,9587.5,9588.75,53.3,0.3334,0,0.0,0,0.0,0,0.0,0,0.0,1,511400.0,0.3334
MPLADS-000085,3,2325000.0,775000.0,775000.0,775000.0,775000.0,0.0,2022-11-15,2023-03-10,115,57.5,57.5,0.71,14531.25,14531.25,53.3,0.3333,0,0.0,0,0.0,0,0.0,0,0.0,1,775000.0,0.3333
MPLADS-000086,3,12569000.0,4189666.67,4189700.0,4189600.0,4189700.0,57.74,2023-12-27,2024-09-21,269,134.5,134.5,0.71,31422.5,31422.75,133.3,0.3333,0,0.0,0,0.0,0,0.0,0,0.0,1,4189600.0,0.3333
MPLADS-000087,3,1096000.0,365333.33,365300.0,365300.0,365400.0,57.74,2023-05-25,2023-09-10,108,54.0,54.0,0.0,7306.67,7308.0,50.0,0.3334,0,0.0,0,0.0,0,0.0,0,0.0,1,365400.0,0.3334
MPLADS-000088,3,12785000.0,4261666.67,4261700.0,4261600.0,4261700.0,57.74,2023-09-01,2024-06-10,283,141.5,141.5,0.71,31962.5,31962.75,133.3,0.3333,0,0.0,0,0.0,3,1.0,0,0.0,1,4261600.0,0.3333
MPLADS-000089,3,1916000.0,638666.67,638700.0,638600.0,638700.0,57.74,2024-01-07,2024-05-14,128,64.0,64.0,0.0,10644.44,10645.0,60.0,0.3334,0,0.0,0,0.0,0,0.0,0,0.0,1,638600.0,0.3333
MPLADS-000090,3,9165000.0,3055000.0,3055000.0,3055000.0,3055000.0,0.0,2023-10-11,2024-07-10,273,136.5,136.5,0.71,22912.5,22912.5,133.3,0.3333,0,0.0,0,0.0,0,0.0,0,0.0,1,3055000.0,0.3333
MPLADS-000091,3,2348000.0,782666.67,782700.0,782600.0,782700.0,57.74,2023-08-30,2023-11-24,86,43.0,43.0,0.0,19566.67,19567.5,40.0,0.3333,0,0.0,0,0.0,0,0.0,0,0.0,1,782600.0,0.3333
MPLADS-000092,3,1554000.0,518000.0,518000.0,518000.0,518000.0,0.0,2023-12-21,2024-04-15,116,58.0,58.0,0.0,10360.0,10360.0,50.0,0.3333,0,0.0,0,0.0,0,0.0,0,0.0,1,518000.0,0.3333
MPLADS-000093,3,3286000.0,1095333.33,1095300.0,1095300.0,1095400.0,57.74,2022-10-01,2023-01-29,120,60.0,60.0,0.0,18255.56,18256.67,60.0,0.3334,0,0.0,0,0.0,0,0.0,0,0.0,1,1095400.0,0.3334
MPLADS-000094,3,12324000.0,4108000.0,4108000.0,4108000.0,4108000.0,0.0,2023-04-14,2023-09-20,159,79.5,79.5,0.71,58685.71,58685.71,70.0,0.3333,0,0.0,0,0.0,0,0.0,0,0.0,1,4108000.0,0.3333
MPLADS-000095,3,4000000.0,1333333.33,1333300.0,1333300.0,1333400.0,57.74,2022-04-26,2022-08-16,112,56.0,56.0,0.0,25000.0,25001.25,53.3,0.3333,0,0.0,0,0.0,0,0.0,0,0.0,1,1333400.0,0.3333
MPLADS-000096,3,1410000.0,470000.0,470000.0,470000.0,470000.0,0.0,2023-03-21,2023-07-04,105,52.5,52.5,0.71,8812.5,8812.5,53.3,0.3333,0,0.0,0,0.0,0,0.0,0,0.0,1,470000.0,0.3333
MPLADS-000097,3,4435000.0,1478333.33,1478300.0,1478300.0,1478400.0,57.74,2023-02-09,2023-11-03,267,133.5,133.5,0.71,11087.5,11088.0,133.3,0.3333,0,0.0,0,0.0,0,0.0,0,0.0,1,1478400.0,0.3333
MPLADS-000098,3,2499000.0,833000.0,833000.0,833000.0,833000.0,0.0,2022-06-19,2022-10-26,129,64.5,64.5,0.71,15618.75,15618.75,53.3,0.3333,0,0.0,0,0.0,0,0.0,0,0.0,1,833000.0,0.3333
MPLADS-000099,3,1028000.0,342666.67,342700.0,342600.0,342700.0,57.74,2024-01-07,2024-03-17,70,35.0,35.0,0.0,11422.22,11423.33,30.0,0.3334,0,0.0,1,0.3333,0,0.0,0,0.0,1,342600.0,0.3333
MPLADS-000100,3,1532000.0,510666.67,510700.0,510600.0,510700.0,57.74,2023-07-13,2023-10-30,109,54.5,54.5,0.71,10213.33,10214.0,50.0,0.3334,0,0.0,0,0.0,0,0.0,0,0.0,1,510600.0,0.3333
MPLADS-000101,3,2337000.0,779000.0,779000.0,779000.0,779000.0,0.0,2023-09-22,2024-01-02,102,51.0,51.0,0.0,14606.25,14606.25,53.3,0.3333,0,0.0,0,0.0,0,0.0,0,0.0,1,779000.0,0.3333
MPLADS-000102,3,10303000.0,3434333.33,3434300.0,3434300.0,3434400.0,57.74,2023-11-27,2024-08-18,265,132.5,132.5,0.71,25757.5,25758.0,133.3,0.3333,0,0.0,0,0.0,0,0.0,0,0.0,1,3434400.0,0.3333
MPLADS-000103,3,3258000.0,1086000.0,1086000.0,1086000.0,1086000.0,0.0,2022-10-14,2023-03-07,144,72.0,72.0,0.0,15514.29,15514.29,70.0,0.3333,0,0.0,0,0.0,3,1.0,0,0.0,1,1086000.0,0.3333
MPLADS-000104,3,2103000.0,701000.0,701000.0,701000.0,701000.0,0.0,2022-04-09,2022-07-31,113,56.5,56.5,0.71,13143.75,13143.75,53.3,0.3333,0,0.0,0,0.0,0,0.0,0,0.0,1,701000.0,0.3333
MPLADS-000105,2,907000.0,453500.0,453500.0,453500.0,453500.0,0.0,2023-08-28,2023-10-11,44,44.0,44.0,0.0,10077.78,10077.78,45.0,0.5,0,0.0,0,0.0,0,0.0,0,0.0,1,453500.0,0.5
MPLADS-000106,2,623000.0,311500.0,311500.0,311500.0,311500.0,0.0,2022-09-22,2022-10-30,38,38.0,38.0,0.0,10383.33,10383.33,30.0,0.5,0,0.0,0,0.0,0,0.0,0,0.0,1,311500.0,0.5
MPLADS-000107,3,2324000.0,774666.67,774700.0,774600.0,774700.0,57.74,2022-12-02,2023-04-27,146,73.0,73.0,0.0,11066.66,11067.14,70.0,0.3333,0,0.0,0,0.0,0,0.0,0,0.0,1,774600.0,0.3333
MPLADS-000108,3,1934000.0,644666.67,644700.0,644600.0,644700.0,57.74,2023-08-17,2023-11-05,80,40.0,40.0,0.0,16116.67,16117.5,40.0,0.3334,0,0.0,0,0.0,0,0.0,0,0.0,1,644600.0,0.3333
MPLADS-000109,2,615000.0,307500.0,307500.0,307500.0,307500.0,0.0,2023-12-04,2024-01-12,39,39.0,39.0,0.0,10250.0,10250.0,30.0,0.5,0,0.0,0,0.0,0,0.0,0,0.0,1,307500.0,0.5
MPLADS-000110,2,757000.0,378500.0,378500.0,378500.0,378500.0,0.0,2023-09-18,2023-10-26,38,38.0,38.0,0.0,8411.11,8411.11,45.0,0.5,0,0.0,0,0.0,0,0.0,0,0.0,1,378500.0,0.5
MPLADS-000111,3,1330000.0,443333.33,443300.0,443300.0,443400.0,57.74,2023-09-29,2024-01-19,112,56.0,56.0,0.0,8866.67,8868.0,50.0,0.3334,0,0.0,0,0.0,0,0.0,0,0.0,1,443400.0,0.3334
MPLADS-000112,3,10070000.0,3356666.67,3356700.0,3356600.0,3356700.0,57.74,2022-11-11,2023-02-18,99,49.5,49.5,0.71,62937.5,62938.12,53.3,0.3333,0,0.0,0,0.0,0,0.0,0,0.0,1,3356600.0,0.3333
MPLADS-000113,3,1536000.0,512000.0,512000.0,512000.0,512000.0,0.0,2022-07-01,2022-10-06,97,48.5,48.5,0.71,12800.0,12800.0,40.0,0.3333,0,0.0,0,0.0,0,0.0,0,0.0,1,512000.0,0.3333
MPLADS-000114,2,671000.0,335500.0,335500.0,335500.0,335500.0,0.0,2022-06-27,2022-08-05,39,39.0,39.0,0.0,7455.56,7455.56,45.0,0.5,0,0.0,0,0.0,0,0.0,0,0.0,1,335500.0,0.5
MPLADS-000115,3,2002000.0,667333.33,667300.0,667300.0,667400.0,57.74,2022-08-22,2022-12-14,114,57.0,57.0,0.0,11122.22,11123.33,60.0,0.3334,0,0.0,0,0.0,0,0.0,0,0.0,1,667400.0,0.3334
MPLADS-000116,2,366000.0,183000.0,183000.0,183000.0,183000.0,0.0,2022-08-03,2022-09-05,33,33.0,33.0,0.0,6100.0,6100.0,30.0,0.5,0,0.0,0,0.0,0,0.0,0,0.0,1,183000.0,0.5
MPLADS-000117,3,1935000.0,645000.0,645000.0,645000.0,645000.0,0.0,2023-06-09,2023-09-20,103,51.5,51.5,0.71,12093.75,12093.75,53.3,0.3333,0,0.0,0,0.0,0,0.0,0,0.0,1,645000.0,0.3333
MPLADS-000118,3,3257000.0,1085666.67,1085700.0,1085600.0,1085700.0,57.74,2022-06-26,2022-11-21,148,74.0,74.0,0.0,15509.52,15510.0,70.0,0.3333,0,0.0,0,0.0,0,0.0,0,0.0,1,1085600.0,0.3333
MPLADS-000119,3,2910000.0,970000.0,970000.0,970000.0,970000.0,0.0,2022-07-06,2022-11-03,120,60.0,60.0,0.0,19400.0,19400.0,50.0,0.3333,0,0.0,0,0.0,0,0.0,0,0.0,1,970000.0,0.3333
MPLADS-000120,3,3165000.0,1055000.0,1055000.0,1055000.0,1055000.0,0.0,2024-03-17,2024-07-31,136,68.0,68.0,0.0,17583.33,17583.33,60.0,0.3333,0,0.0,1,0.3333,3,1.0,0,0.0,1,1055000.0,0.3333
MPLADS-000121,3,1449000.0,483000.0,483000.0,483000.0,483000.0,0.0,2023-08-03,2023-11-07,96,48.0,48.0,0.0,12075.0,12075.0,40.0,0.3333,0,0.0,0,0.0,0,0.0,0,0.0,1,483000.0,0.3333
MPLADS-000122,3,2308000.0,769333.33,769300.0,769300.0,769400.0,57.74,2024-05-30,2025-12-11,560,280.0,280.0,0.0,10990.48,10991.43,70.0,0.3334,0,0.0,0,0.0,0,0.0,0,0.0,1,769400.0,0.3334
MPLADS-000123,3,2012000.0,670666.67,670700.0,670600.0,670700.0,57.74,2022-11-03,2023-02-08,97,48.5,48.5,0.71,12575.0,12575.62,53.3,0.3333,0,0.0,0,0.0,0,0.0,0,0.0,1,670600.0,0.3333
MPLADS-000124,2,927000.0,463500.0,463500.0,463500.0,463500.0,0.0,2023-04-23,2023-06-06,44,44.0,44.0,0.0,10300.0,10300.0,45.0,0.5,0,0.0,0,0.0,0,0.0,0,0.0,1,463500.0,0.5
MPLADS-000125,3,3913000.0,1304333.33,1304300.0,1304300.0,1304400.0,57.74,2023-12-27,2024-05-13,138,69.0,69.0,0.0,18633.34,18634.29,70.0,0.3334,0,0.0,1,0.3333,0,0.0,0,0.0,1,1304400.0,0.3334
MPLADS-000126,2,371000.0,185500.0,185500.0,185500.0,185500.0,0.0,2023-06-13,2023-07-10,27,27.0,27.0,0.0,6183.33,6183.33,30.0,0.5,0,0.0,0,0.0,0,0.0,0,0.0,1,185500.0,0.5
MPLADS-000127,3,13768000.0,4589333.33,4589300.0,4589300.0,4589400.0,57.74,2022-09-12,2023-02-01,142,71.0,71.0,0.0,65561.91,65562.86,70.0,0.3333,0,0.0,0,0.0,0,0.0,0,0.0,1,4589400.0,0.3333
MPLADS-000128,3,1834000.0,611333.33,611300.0,611300.0,611400.0,57.74,2023-05-11,2023-06-13,33,16.5,16.5,0.71,30566.67,30570.0,20.0,0.3334,0,0.0,0,0.0,0,0.0,0,0.0,1,611400.0,0.3334
MPLADS-000129,3,2345000.0,781666.67,781700.0,781600.0,781700.0,57.74,2022-06-02,2022-09-07,97,48.5,48.5,0.71,14656.25,14656.88,53.3,0.3333,0,0.0,0,0.0,3,1.0,0,0.0,1,781600.0,0.3333
MPLADS-000130,2,557000.0,278500.0,278500.0,278500.0,278500.0,0.0,2023-04-13,2023-06-03,51,51.0,51.0,0.0,6188.89,6188.89,45.0,0.5,0,0.0,0,0.0,0,0.0,0,0.0,1,278500.0,0.5
MPLADS-000131,3,2369000.0,789666.67,789700.0,789600.0,789700.0,57.74,2024-01-04,2024-04-19,106,53.0,53.0,0.0,15793.33,15794.0,50.0,0.3333,0,0.0,0,0.0,0,0.0,0,0.0,1,789600.0,0.3333
MPLADS-000132,3,2229000.0,743000.0,743000.0,743000.0,743000.0,0.0,2023-07-26,2023-11-17,114,57.0,57.0,0.0,12383.33,12383.33,60.0,0.3333,0,0.0,0,0.0,0,0.0,0,0.0,1,743000.0,0.3333
MPLADS-000133,3,1326000.0,442000.0,442000.0,442000.0,442000.0,0.0,2022-03-21,2022-06-21,92,46.0,46.0,0.0,8840.0,8840.0,50.0,0.3333,0,0.0,0,0.0,0,0.0,0,0.0,1,442000.0,0.3333
MPLADS-000134,3,2074000.0,691333.33,691300.0,691300.0,691400.0,57.74,2023-09-27,2024-02-10,136,68.0,68.0,0.0,11522.22,11523.33,60.0,0.3334,0,0.0,0,0.0,0,0.0,0,0.0,1,691400.0,0.3334
MPLADS-000135,3,1268000.0,422666.67,422700.0,422600.0,422700.0,57.74,2023-02-17,2023-05-16,88,44.0,44.0,0.0,10566.67,10567.5,40.0,0.3334,0,0.0,0,0.0,0,0.0,0,0.0,1,422600.0,0.3333
MPLADS-000136,3,1936000.0,645333.33,645300.0,645300.0,645400.0,57.74,2022-08-10,2022-12-22,134,67.0,67.0,0.0,10755.56,10756.67,60.0,0.3334,0,0.0,0,0.0,3,1.0,0,0.0,1,645400.0,0.3334
MPLADS-000137,3,1248000.0,416000.0,416000.0,416000.0,416000.0,0.0,2022-08-05,2022-11-06,93,46.5,46.5,0.71,8320.0,8320.0,50.0,0.3333,0,0.0,0,0.0,0,0.0,0,0.0,1,416000.0,0.3333
MPLADS-000138,3,2005000.0,668333.33,668300.0,668300.0,668400.0,57.74,2023-03-14,2023-07-26,134,67.0,67.0,0.0,11138.89,11140.0,60.0,0.3334,0,0.0,1,0.3333,0,0.0,0,0.0,1,668400.0,0.3334
MPLADS-000139,3,3052000.0,1017333.33,1017300.0,1017300.0,1017400.0,57.74,2023-02-13,2023-06-27,134,67.0,67.0,0.0,16955.56,16956.67,60.0,0.3334,0,0.0,0,0.0,0,0.0,0,0.0,1,1017400.0,0.3334
MPLADS-000140,3,1541000.0,513666.67,513700.0,513600.0,513700.0,57.74,2023-04-04,2023-08-02,120,60.0,60.0,0.0,9631.25,9631.88,53.3,0.3334,0,0.0,0,0.0,0,0.0,0,0.0,1,513600.0,0.3333
MPLADS-000141,2,670000.0,335000.0,335000.0,335000.0,335000.0,0.0,2023-12-19,2024-02-02,45,45.0,45.0,0.0,7444.44,7444.44,45.0,0.5,0,0.0,0,0.0,0,0.0,0,0.0,1,335000.0,0.5
MPLADS-000142,3,1020000.0,340000.0,340000.0,340000.0,340000.0,0.0,2022-06-30,2022-10-17,109,54.5,54.5,0.71,6800.0,6800.0,50.0,0.3333,0,0.0,0,0.0,0,0.0,0,0.0,1,340000.0,0.3333
MPLADS-000143,3,1946000.0,648666.67,648700.0,648600.0,648700.0,57.74,2023-11-15,2024-02-04,81,40.5,40.5,0.71,16216.67,16217.5,40.0,0.3334,0,0.0,0,0.0,0,0.0,0,0.0,1,648600.0,0.3333
MPLADS-000144,2,482000.0,241000.0,241000.0,241000.0,241000.0,0.0,2022-11-14,2023-01-11,58,58.0,58.0,0.0,5355.56,5355.56,45.0,0.5,0,0.0,0,0.0,0,0.0,0,0.0,1,241000.0,0.5
MPLADS-000145,3,1617000.0,539000.0,539000.0,539000.0,539000.0,0.0,2023-08-12,2023-11-06,86,43.0,43.0,0.0,13475.0,13475.0,40.0,0.3333,0,0.0,0,0.0,0,0.0,0,0.0,1,539000.0,0.3333
MPLADS-000146,3,1947000.0,649000.0,649000.0,649000.0,649000.0,0.0,2023-12-01,2024-02-25,86,43.0,43.0,0.0,16225.0,16225.0,40.0,0.3333,0,0.0,0,0.0,3,1.0,0,0.0,1,649000.0,0.3333
MPLADS-000147,2,706000.0,353000.0,353000.0,353000.0,353000.0,0.0,2023-10-24,2023-12-13,50,50.0,50.0,0.0,7844.44,7844.44,45.0,0.5,0,0.0,0,0.0,0,0.0,0,0.0,1,353000.0,0.5
MPLADS-000148,3,3151000.0,1050333.33,1050300.0,1050300.0,1050400.0,57.74,2022-11-04,2023-03-23,139,69.5,69.5,0.71,15004.76,15005.71,70.0,0.3334,0,0.0,1,0.3333,0,0.0,0,0.0,1,1050400.0,0.3334
MPLADS-000149,3,2356000.0,785333.33,785300.0,785300.0,785400.0,57.74,2022-08-24,2022-11-28,96,48.0,48.0,0.0,19633.33,19635.0,40.0,0.3334,0,0.0,0,0.0,0,0.0,0,0.0,1,785400.0,0.3334
MPLADS-000150,3,1784000.0,594666.67,594700.0,594600.0,594700.0,57.74,2024-02-12,2024-06-20,129,64.5,64.5,0.71,9911.11,9911.67,60.0,0.3334,0,0.0,0,0.0,0,0.0,0,0.0,1,594600.0,0.3333
MPLADS-000151,2,561000.0,280500.0,280500.0,280500.0,280500.0,0.0,2022-06-24,2022-08-10,47,47.0,47.0,0.0,6233.33,6233.33,45.0,0.5,0,0.0,0,0.0,0,0.0,0,0.0,1,280500.0,0.5
MPLADS-000152,2,416000.0,208000.0,208000.0,208000.0,208000.0,0.0,2023-12-24,2024-01-22,29,29.0,29.0,0.0,6933.33,6933.33,30.0,0.5,0,0.0,0,0.0,0,0.0,0,0.0,1,208000.0,0.5
MPLADS-000153,2,663000.0,331500.0,331500.0,331500.0,331500.0,0.0,2022-10-13,2022-11-25,43,43.0,43.0,0.0,11050.0,11050.0,30.0,0.5,0,0.0,0,0.0,0,0.0,0,0.0,1,331500.0,0.5
MPLADS-000154,3,11247000.0,3749000.0,3749000.0,3749000.0,3749000.0,0.0,2024-02-12,2024-11-21,283,141.5,141.5,0.71,28117.5,28117.5,133.3,0.3333,0,0.0,0,0.0,0,0.0,0,0.0,1,3749000.0,0.3333
MPLADS-000155,3,15797000.0,5265666.67,5265700.0,5265600.0,5265700.0,57.74,2023-01-12,2023-10-25,286,143.0,143.0,0.0,39492.5,39492.75,133.3,0.3333,0,0.0,0,0.0,0,0.0,0,0.0,1,5265600.0,0.3333
MPLADS-000156,3,12261000.0,4087000.0,4087000.0,4087000.0,4087000.0,0.0,2023-05-01,2023-08-09,100,50.0,50.0,0.0,76631.25,76631.25,53.3,0.3333,0,0.0,0,0.0,0,0.0,0,0.0,1,4087000.0,0.3333
MPLADS-000157,3,15741000.0,5247000.0,5247000.0,5247000.0,5247000.0,0.0,2022-06-09,2023-02-25,261,130.5,130.5,0.71,39352.5,39352.5,133.3,0.3333,0,0.0,0,0.0,0,0.0,0,0.0,1,5247000.0,0.3333
MPLADS-000158,3,2552000.0,850666.67,850700.0,850600.0,850700.0,57.74,2022-05-21,2022-09-02,104,52.0,52.0,0.0,15950.0,15950.62,53.3,0.3333,0,0.0,0,0.0,0,0.0,0,0.0,1,850600.0,0.3333
MPLADS-000159,3,1034000.0,344666.67,344700.0,344600.0,344700.0,57.74,2023-02-21,2023-06-23,122,61.0,61.0,0.0,6893.33,6894.0,50.0,0.3334,0,0.0,0,0.0,0,0.0,0,0.0,1,344600.0,0.3333
MPLADS-000160,3,1728000.0,576000.0,576000.0,576000.0,576000.0,0.0,2022-11-16,2023-02-22,98,49.0,49.0,0.0,11520.0,11520.0,50.0,0.3333,0,0.0,0,0.0,0,0.0,0,0.0,1,576000.0,0.3333
MPLADS-000161,3,11938000.0,3979333.33,3979300.0,3979300.0,3979400.0,57.74,2023-04-16,2024-01-22,281,140.5,140.5,0.71,29845.0,29845.5,133.3,0.3333,0,0.0,0,0.0,0,0.0,0,0.0,1,3979400.0,0.3333
MPLADS-000162,3,2423000.0,807666.67,807700.0,807600.0,807700.0,57.74,2023-05-27,2023-09-16,112,56.0,56.0,0.0,15143.75,15144.38,53.3,0.3333,0,0.0,0,0.0,0,0.0,0,0.0,1,807600.0,0.3333
MPLADS-000163,2,426000.0,213000.0,213000.0,213000.0,213000.0,0.0,2023-11-03,2023-12-13,40,40.0,40.0,0.0,7100.0,7100.0,30.0,0.5,0,0.0,0,0.0,0,0.0,0,0.0,1,213000.0,0.5
MPLADS-000164,2,560000.0,280000.0,280000.0,280000.0,280000.0,0.0,2022-10-24,2022-12-04,41,41.0,41.0,0.0,6222.22,6222.22,45.0,0.5,0,0.0,0,0.0,0,0.0,0,0.0,1,280000.0,0.5
MPLADS-000165,3,2756000.0,918666.67,918700.0,918600.0,918700.0,57.74,2023-05-19,2023-09-08,112,56.0,56.0,0.0,15311.11,15311.67,60.0,0.3333,0,0.0,0,0.0,0,0.0,0,0.0,1,918600.0,0.3333
MPLADS-000166,3,1794000.0,598000.0,598000.0,598000.0,598000.0,0.0,2023-11-20,2024-10-05,320,160.0,160.0,0.0,14950.0,14950.0,40.0,0.3333,0,0.0,0,0.0,0,0.0,0,0.0,1,598000.0,0.3333
MPLADS-000167,3,1327000.0,442333.33,442300.0,442300.0,442400.0,57.74,2024-01-06,2024-03-20,74,37.0,37.0,0.0,11058.33,11060.0,40.0,0.3334,0,0.0,0,0.0,0,0.0,0,0.0,1,442400.0,0.3334
MPLADS-000168,3,2983000.0,994333.33,994300.0,994300.0,994400.0,57.74,2023-02-06,2023-06-20,134,67.0,67.0,0.0,14204.76,14205.71,70.0,0.3334,0,0.0,0,0.0,0,0.0,0,0.0,1,994400.0,0.3334
MPLADS-000169,3,1114000.0,371333.33,371300.0,371300.0,371400.0,57.74,2023-08-11,2023-11-05,86,43.0,43.0,0.0,9283.33,9285.0,40.0,0.3334,0,0.0,0,0.0,0,0.0,0,0.0,1,371400.0,0.3334
MPLADS-000170,3,1679000.0,559666.67,559700.0,559600.0,559700.0,57.74,2023-05-14,2023-08-25,103,51.5,51.5,0.71,10493.75,10494.38,53.3,0.3334,0,0.0,0,0.0,0,0.0,0,0.0,1,559600.0,0.3333
MPLADS-000171,3,14688000.0,4896000.0,4896000.0,4896000.0,4896000.0,0.0,2022-09-19,2023-06-19,273,136.5,136.5,0.71,36720.0,36720.0,133.3,0.3333,0,0.0,0,0.0,3,1.0,0,0.0,1,4896000.0,0.3333
MPLADS-000172,3,17366000.0,5788666.67,5788700.0,5788600.0,5788700.0,57.74,2023-02-12,2023-11-07,268,134.0,134.0,0.0,43415.0,43415.25,133.3,0.3333,0,0.0,0,0.0,0,0.0,0,0.0,1,5788600.0,0.3333
MPLADS-000173,3,2663000.0,887666.67,887700.0,887600.0,887700.0,57.74,2022-08-20,2022-12-22,124,62.0,62.0,0.0,14794.44,14795.0,60.0,0.3333,0,0.0,0,0.0,0,0.0,0,0.0,1,887600.0,0.3333
MPLADS-000174,3,1698000.0,566000.0,566000.0,566000.0,566000.0,0.0,2023-07-31,2023-11-20,112,56.0,56.0,0.0,11320.0,11320.0,50.0,0.3333,0,0.0,0,0.0,0,0.0,0,0.0,1,566000.0,0.3333
MPLADS-000175,3,3082000.0,1027333.33,1027300.0,1027300.0,1027400.0,57.74,2022-06-23,2022-10-31,130,65.0,65.0,0.0,17122.22,17123.33,60.0,0.3334,0,0.0,0,0.0,3,1.0,0,0.0,1,1027400.0,0.3334
MPLADS-000176,3,1779000.0,593000.0,593000.0,593000.0,593000.0,0.0,2023-11-14,2024-03-06,113,56.5,56.5,0.71,11118.75,11118.75,53.3,0.3333,0,0.0,0,0.0,0,0.0,0,0.0,1,593000.0,0.3333
MPLADS-000177,3,1624000.0,541333.33,541300.0,541300.0,541400.0,57.74,2022-06-01,2022-09-26,117,58.5,58.5,0.71,10150.0,10151.25,53.3,0.3334,0,0.0,0,0.0,0,0.0,0,0.0,1,541400.0,0.3334
MPLADS-000178,3,1748000.0,582666.67,582700.0,582600.0,582700.0,57.74,2024-02-02,2024-06-23,142,71.0,71.0,0.0,9711.11,9711.67,60.0,0.3334,0,0.0,0,0.0,0,0.0,0,0.0,1,582600.0,0.3333
MPLADS-000179,3,1699000.0,566333.33,566300.0,566300.0,566400.0,57.74,2023-08-11,2023-11-21,102,51.0,51.0,0.0,14158.33,14160.0,40.0,0.3334,0,0.0,0,0.0,0,0.0,0,0.0,1,566400.0,0.3334
MPLADS-000180,3,2457000.0,819000.0,819000.0,819000.0,819000.0,0.0,2024-01-27,2024-06-09,134,67.0,67.0,0.0,13650.0,13650.0,60.0,0.3333,0,0.0,0,0.0,3,1.0,0,0.0,1,819000.0,0.3333
MPLADS-000181,3,1273000.0,424333.33,424300.0,424300.0,424400.0,57.74,2024-01-03,2024-05-05,123,61.5,61.5,0.71,8486.67,8488.0,50.0,0.3334,0,0.0,1,0.3333,0,0.0,0,0.0,1,424400.0,0.3334
MPLADS-000182,3,2644000.0,881333.33,881300.0,881300.0,881400.0,57.74,2022-12-06,2023-03-30,114,57.0,57.0,0.0,16525.0,16526.25,53.3,0.3334,0,0.0,1,0.3333,0,0.0,0,0.0,1,881400.0,0.3334
MPLADS-000183,3,2532000.0,844000.0,844000.0,844000.0,844000.0,0.0,2024-02-02,2024-07-13,162,81.0,81.0,0.0,12057.14,12057.14,70.0,0.3333,0,0.0,0,0.0,0,0.0,0,0.0,1,844000.0,0.3333
MPLADS-000184,3,3917000.0,1305666.67,1305700.0,1305600.0,1305700.0,57.74,2022-04-22,2022-09-08,139,69.5,69.5,0.71,18652.38,18652.86,70.0,0.3333,0,0.0,0,0.0,0,0.0,0,0.0,1,1305600.0,0.3333
MPLADS-000185,3,1667000.0,555666.67,555700.0,555600.0,555700.0,57.74,2023-08-12,2023-12-10,120,60.0,60.0,0.0,11113.33,11114.0,50.0,0.3334,0,0.0,0,0.0,0,0.0,0,0.0,1,555600.0,0.3333
MPLADS-000186,3,3329000.0,1109666.67,1109700.0,1109600.0,1109700.0,57.74,2023-03-20,2023-08-20,153,76.5,76.5,0.71,15852.38,15852.86,70.0,0.3333,0,0.0,0,0.0,0,0.0,0,0.0,1,1109600.0,0.3333
MPLADS-000187,3,1681000.0,560333.33,560300.0,560300.0,560400.0,57.74,2023-02-23,2023-06-20,117,58.5,58.5,0.71,9338.89,9340.0,60.0,0.3334,0,0.0,0,0.0,0,0.0,0,0.0,1,560400.0,0.3334
MPLADS-000188,3,1591000.0,530333.33,530300.0,530300.0,530400.0,57.74,2023-06-05,2023-08-19,75,37.5,37.5,0.71,13258.33,13260.0,40.0,0.3334,0,0.0,0,0.0,0,0.0,0,0.0,1,530400.0,0.3334
MPLADS-000189,2,829000.0,414500.0,414500.0,414500.0,414500.0,0.0,2023-02-11,2023-03-31,48,48.0,48.0,0.0,9211.11,9211.11,45.0,0.5,0,0.0,0,0.0,0,0.0,0,0.0,1,414500.0,0.5
MPLADS-000190,3,2476000.0,825333.33,825300.0,825300.0,825400.0,57.74,2022-09-03,2022-12-16,104,52.0,52.0,0.0,15475.0,15476.25,53.3,0.3334,0,0.0,0,0.0,0,0.0,0,0.0,1,825400.0,0.3334
MPLADS-000191,3,14427000.0,4809000.0,4809000.0,4809000.0,4809000.0,0.0,2022-11-09,2023-08-07,271,135.5,135.5,0.71,36067.5,36067.5,133.3,0.3333,0,0.0,0,0.0,0,0.0,0,0.0,1,4809000.0,0.3333
MPLADS-000192,3,2244000.0,748000.0,748000.0,748000.0,748000.0,0.0,2023-02-01,2023-06-18,137,68.5,68.5,0.71,10685.71,10685.71,70.0,0.3333,0,0.0,0,0.0,0,0.0,0,0.0,1,748000.0,0.3333
MPLADS-000193,3,1066000.0,355333.33,355300.0,355300.0,355400.0,57.74,2023-08-18,2023-11-19,93,46.5,46.5,0.71,7106.67,7108.0,50.0,0.3334,0,0.0,0,0.0,0,0.0,0,0.0,1,355400.0,0.3334
MPLADS-000194,3,2084000.0,694666.67,694700.0,694600.0,694700.0,57.74,2022-10-28,2023-01-28,92,46.0,46.0,0.0,17366.67,17367.5,40.0,0.3333,0,0.0,0,0.0,0,0.0,0,0.0,1,694600.0,0.3333
MPLADS-000195,2,944000.0,472000.0,472000.0,472000.0,472000.0,0.0,2023-03-28,2023-05-16,49,49.0,49.0,0.0,10488.89,10488.89,45.0,0.5,0,0.0,0,0.0,0,0.0,0,0.0,1,472000.0,0.5
MPLADS-000196,3,3468000.0,1156000.0,1156000.0,1156000.0,1156000.0,0.0,2023-04-25,2023-09-16,144,72.0,72.0,0.0,16514.29,16514.29,70.0,0.3333,0,0.0,0,0.0,0,0.0,0,0.0,1,1156000.0,0.3333
MPLADS-000197,3,2135000.0,711666.67,711700.0,711600.0,711700.0,57.74,2022-07-22,2022-11-21,122,61.0,61.0,0.0,11861.11,11861.67,60.0,0.3333,0,0.0,0,0.0,0,0.0,0,0.0,1,711600.0,0.3333
MPLADS-000198,2,558000.0,279000.0,279000.0,279000.0,279000.0,0.0,2022-12-24,2023-01-19,26,26.0,26.0,0.0,9300.0,9300.0,30.0,0.5,0,0.0,0,0.0,0,0.0,0,0.0,1,279000.0,0.5
MPLADS-000199,3,2046000.0,682000.0,682000.0,682000.0,682000.0,0.0,2023-07-27,2023-09-13,48,24.0,24.0,0.0,34100.0,34100.0,20.0,0.3333,0,0.0,0,0.0,0,0.0,0,0.0,1,682000.0,0.3333
MPLADS-000200,3,7146000.0,2382000.0,2382000.0,2382000.0,2382000.0,0.0,2023-05-21,2023-09-13,115,57.5,57.5,0.71,44662.5,44662.5,53.3,0.3333,0,0.0,0,0.0,0,0.0,0,0.0,1,2382000.0,0.3333
MPLADS-000201,3,1737000.0,579000.0,579000.0,579000.0,579000.0,0.0,2023-11-26,2024-04-02,128,64.0,64.0,0.0,10856.25,10856.25,53.3,0.3333,0,0.0,0,0.0,0,0.0,0,0.0,1,579000.0,0.3333
MPLADS-000202,3,3109000.0,1036333.33,1036300.0,1036300.0,1036400.0,57.74,2022-04-15,2022-08-13,120,60.0,60.0,0.0,17272.22,17273.33,60.0,0.3334,0,0.0,0,0.0,3,1.0,0,0.0,1,1036400.0,0.3334
MPLADS-000203,2,731000.0,365500.0,365500.0,365500.0,365500.0,0.0,2023-02-02,2023-03-30,56,56.0,56.0,0.0,8122.22,8122.22,45.0,0.5,0,0.0,0,0.0,0,0.0,0,0.0,1,365500.0,0.5
MPLADS-000204,3,13032000.0,4344000.0,4344000.0,4344000.0,4344000.0,0.0,2023-03-23,2023-12-12,264,132.0,132.0,0.0,32580.0,32580.0,133.3,0.3333,0,0.0,1,0.3333,0,0.0,0,0.0,1,4344000.0,0.3333
MPLADS-000205,3,2134000.0,711333.33,711300.0,711300.0,711400.0,57.74,2024-02-20,2024-05-18,88,44.0,44.0,0.0,17783.33,17785.0,40.0,0.3334,0,0.0,0,0.0,0,0.0,0,0.0,1,711400.0,0.3334
MPLADS-000206,3,1808000.0,602666.67,602700.0,602600.0,602700.0,57.74,2022-10-15,2023-01-21,98,49.0,49.0,0.0,15066.67,15067.5,40.0,0.3334,0,0.0,0,0.0,0,0.0,0,0.0,1,602600.0,0.3333
MPLADS-000207,3,2584000.0,861333.33,861300.0,861300.0,861400.0,57.74,2023-11-06,2024-03-23,138,69.0,69.0,0.0,14355.56,14356.67,60.0,0.3334,0,0.0,0,0.0,0,0.0,0,0.0,1,861400.0,0.3334
MPLADS-000208,3,1539000.0,513000.0,513000.0,513000.0,513000.0,0.0,2023-10-20,2024-02-17,120,60.0,60.0,0.0,10260.0,10260.0,50.0,0.3333,0,0.0,0,0.0,0,0.0,0,0.0,1,513000.0,0.3333
MPLADS-000209,3,2718000.0,906000.0,906000.0,906000.0,906000.0,0.0,2023-02-09,2023-06-06,117,58.5,58.5,0.71,15100.0,15100.0,60.0,0.3333,0,0.0,0,0.0,0,0.0,0,0.0,1,906000.0,0.3333
MPLADS-000210,3,1844000.0,614666.67,614700.0,614600.0,614700.0,57.74,2024-03-08,2024-11-03,240,120.0,120.0,0.0,15366.67,15367.5,40.0,0.3334,0,0.0,1,0.3333,0,0.0,0,0.0,1,614600.0,0.3333
MPLADS-000211,3,2828000.0,942666.67,942700.0,942600.0,942700.0,57.74,2022-07-10,2022-11-30,143,71.5,71.5,0.71,15711.11,15711.67,60.0,0.3333,0,0.0,0,0.0,0,0.0,0,0.0,1,942600.0,0.3333
MPLADS-000212,3,1653000.0,551000.0,551000.0,551000.0,551000.0,0.0,2023-08-15,2023-11-15,92,46.0,46.0,0.0,13775.0,13775.0,40.0,0.3333,0,0.0,0,0.0,0,0.0,0,0.0,1,551000.0,0.3333
MPLADS-000213,3,2071000.0,690333.33,690300.0,690300.0,690400.0,57.74,2023-03-30,2023-06-28,90,45.0,45.0,0.0,17258.33,17260.0,40.0,0.3334,0,0.0,1,0.3333,0,0.0,0,0.0,1,690400.0,0.3334
MPLADS-000214,3,11690000.0,3896666.67,3896700.0,3896600.0,3896700.0,57.74,2022-06-01,2022-10-25,146,73.0,73.0,0.0,55666.66,55667.14,70.0,0.3333,0,0.0,0,0.0,0,0.0,0,0.0,1,3896600.0,0.3333
MPLADS-000215,3,2340000.0,780000.0,780000.0,780000.0,780000.0,0.0,2022-08-19,2022-12-16,119,59.5,59.5,0.71,14625.0,14625.0,53.3,0.3333,0,0.0,0,0.0,0,0.0,0,0.0,1,780000.0,0.3333
MPLADS-000216,3,13326000.0,4442000.0,4442000.0,4442000.0,4442000.0,0.0,2022-10-20,2023-07-04,257,128.5,128.5,0.71,33315.0,33315.0,133.3,0.3333,0,0.0,0,0.0,0,0.0,0,0.0,1,4442000.0,0.3333
MPLADS-000217,2,424000.0,212000.0,212000.0,212000.0,212000.0,0.0,2024-01-19,2024-02-14,26,26.0,26.0,0.0,7066.67,7066.67,30.0,0.5,0,0.0,0,0.0,0,0.0,0,0.0,1,212000.0,0.5
MPLADS-000218,2,472000.0,236000.0,236000.0,236000.0,236000.0,0.0,2022-06-19,2022-07-22,33,33.0,33.0,0.0,7866.67,7866.67,30.0,0.5,0,0.0,0,0.0,0,0.0,0,0.0,1,236000.0,0.5
MPLADS-000219,3,2709000.0,903000.0,903000.0,903000.0,903000.0,0.0,2023-02-14,2023-07-22,158,79.0,79.0,0.0,12900.0,12900.0,70.0,0.3333,0,0.0,0,0.0,0,0.0,0,0.0,1,903000.0,0.3333
MPLADS-000220,3,1003000.0,334333.33,334300.0,334300.0,334400.0,57.74,2023-02-11,2023-05-22,100,50.0,50.0,0.0,6686.67,6688.0,50.0,0.3334,0,0.0,0,0.0,0,0.0,0,0.0,1,334400.0,0.3334
MPLADS-000221,3,1009000.0,336333.33,336300.0,336300.0,336400.0,57.74,2023-04-23,2023-06-13,51,25.5,25.5,0.71,11211.11,11213.33,30.0,0.3334,0,0.0,0,0.0,0,0.0,0,0.0,1,336400.0,0.3334
MPLADS-000222,3,2586000.0,862000.0,862000.0,862000.0,862000.0,0.0,2022-12-03,2023-04-08,126,63.0,63.0,0.0,16162.5,16162.5,53.3,0.3333,0,0.0,0,0.0,0,0.0,0,0.0,1,862000.0,0.3333
MPLADS-000223,3,1030000.0,343333.33,343300.0,343300.0,343400.0,57.74,2023-03-29,2023-06-10,73,36.5,36.5,0.71,11444.44,11446.67,30.0,0.3334,0,0.0,0,0.0,0,0.0,0,0.0,1,343400.0,0.3334
MPLADS-000224,3,2137000.0,712333.33,712300.0,712300.0,712400.0,57.74,2023-11-22,2024-03-29,128,64.0,64.0,0.0,11872.22,11873.33,60.0,0.3334,0,0.0,1,0.3333,0,0.0,0,0.0,1,712400.0,0.3334
MPLADS-000225,2,582000.0,291000.0,291000.0,291000.0,291000.0,0.0,2023-05-15,2023-06-14,30,30.0,30.0,0.0,9700.0,9700.0,30.0,0.5,0,0.0,0,0.0,0,0.0,0,0.0,1,291000.0,0.5
MPLADS-000226,3,3341000.0,1113666.67,1113700.0,1113600.0,1113700.0,57.74,2024-01-29,2024-06-01,124,62.0,62.0,0.0,18561.11,18561.67,60.0,0.3333,0,0.0,1,0.3333,0,0.0,0,0.0,1,1113600.0,0.3333
MPLADS-000227,2,556000.0,278000.0,278000.0,278000.0,278000.0,0.0,2022-04-16,2022-06-16,61,61.0,61.0,0.0,6177.78,6177.78,45.0,0.5,0,0.0,0,0.0,0,0.0,0,0.0,1,278000.0,0.5
MPLADS-000228,3,2714000.0,904666.67,904700.0,904600.0,904700.0,57.74,2022-07-04,2022-10-24,112,56.0,56.0,0.0,15077.78,15078.33,60.0,0.3333,0,0.0,0,0.0,0,0.0,0,0.0,1,904600.0,0.3333
MPLADS-000229,3,2004000.0,668000.0,668000.0,668000.0,668000.0,0.0,2022-04-24,2022-07-20,87,43.5,43.5,0.71,16700.0,16700.0,40.0,0.3333,0,0.0,0,0.0,0,0.0,0,0.0,1,668000.0,0.3333
MPLADS-000230,3,2317000.0,772333.33,772300.0,772300.0,772400.0,57.74,2023-03-26,2023-07-04,100,50.0,50.0,0.0,19308.33,19310.0,40.0,0.3334,0,0.0,0,0.0,0,0.0,0,0.0,1,772400.0,0.3334
MPLADS-000231,2,964000.0,482000.0,482000.0,482000.0,482000.0,0.0,2023-05-21,2023-07-09,49,49.0,49.0,0.0,10711.11,10711.11,45.0,0.5,0,0.0,0,0.0,2,1.0,0,0.0,1,482000.0,0.5
MPLADS-000232,2,607000.0,303500.0,303500.0,303500.0,303500.0,0.0,2022-08-26,2022-10-12,47,47.0,47.0,0.0,10116.67,10116.67,30.0,0.5,0,0.0,0,0.0,0,0.0,0,0.0,1,303500.0,0.5
MPLADS-000233,3,14917000.0,4972333.33,4972300.0,4972300.0,4972400.0,57.74,2023-11-30,2024-09-13,288,144.0,144.0,0.0,37292.5,37293.0,133.3,0.3333,0,0.0,0,0.0,0,0.0,0,0.0,1,4972400.0,0.3333
MPLADS-000234,2,670000.0,335000.0,335000.0,335000.0,335000.0,0.0,2022-04-07,2022-05-21,44,44.0,44.0,0.0,11166.67,11166.67,30.0,0.5,0,0.0,0,0.0,0,0.0,0,0.0,1,335000.0,0.5
MPLADS-000235,2,683000.0,341500.0,341500.0,341500.0,341500.0,0.0,2022-04-28,2022-06-14,47,47.0,47.0,0.0,7588.89,7588.89,45.0,0.5,0,0.0,0,0.0,0,0.0,0,0.0,1,341500.0,0.5
MPLADS-000236,3,3193000.0,1064333.33,1064300.0,1064300.0,1064400.0,57.74,2023-09-09,2024-01-13,126,63.0,63.0,0.0,17738.89,17740.0,60.0,0.3334,0,0.0,0,0.0,0,0.0,0,0.0,1,1064400.0,0.3334
MPLADS-000237,3,1115000.0,371666.67,371700.0,371600.0,371700.0,57.74,2023-03-09,2023-06-29,112,56.0,56.0,0.0,7433.33,7434.0,50.0,0.3334,0,0.0,0,0.0,0,0.0,0,0.0,1,371600.0,0.3333
MPLADS-000238,3,1149000.0,383000.0,383000.0,383000.0,383000.0,0.0,2024-01-04,2024-04-17,104,52.0,52.0,0.0,7660.0,7660.0,50.0,0.3333,0,0.0,0,0.0,0,0.0,0,0.0,1,383000.0,0.3333
MPLADS-000239,3,2474000.0,824666.67,824700.0,824600.0,824700.0,57.74,2023-05-23,2023-10-30,160,80.0,80.0,0.0,11780.95,11781.43,70.0,0.3333,0,0.0,0,0.0,0,0.0,0,0.0,1,824600.0,0.3333
MPLADS-000240,2,954000.0,477000.0,477000.0,477000.0,477000.0,0.0,2023-07-15,2023-08-27,43,43.0,43.0,0.0,10600.0,10600.0,45.0,0.5,0,0.0,0,0.0,0,0.0,0,0.0,1,477000.0,0.5
MPLADS-000241,3,2891000.0,963666.67,963700.0,963600.0,963700.0,57.74,2023-12-06,2024-04-04,120,60.0,60.0,0.0,18068.75,18069.38,53.3,0.3333,0,0.0,0,0.0,0,0.0,0,0.0,1,963600.0,0.3333
MPLADS-000242,2,479000.0,239500.0,239500.0,239500.0,239500.0,0.0,2022-05-15,2022-06-09,25,25.0,25.0,0.0,7983.33,7983.33,30.0,0.5,0,0.0,0,0.0,0,0.0,0,0.0,1,239500.0,0.5
MPLADS-000243,3,2026000.0,675333.33,675300.0,675300.0,675400.0,57.74,2023-05-25,2023-08-27,94,47.0,47.0,0.0,16883.33,16885.0,40.0,0.3334,0,0.0,0,0.0,0,0.0,0,0.0,1,675400.0,0.3334
MPLADS-000244,3,2060000.0,686666.67,686700.0,686600.0,686700.0,57.74,2022-10-12,2023-02-15,126,63.0,63.0,0.0,12875.0,12875.62,53.3,0.3333,0,0.0,0,0.0,0,0.0,0,0.0,1,686600.0,0.3333
MPLADS-000245,2,549000.0,274500.0,274500.0,274500.0,274500.0,0.0,2023-09-08,2023-10-17,39,39.0,39.0,0.0,9150.0,9150.0,30.0,0.5,0,0.0,0,0.0,0,0.0,0,0.0,1,274500.0,0.5
MPLADS-000246,3,1960000.0,653333.33,653300.0,653300.0,653400.0,57.74,2024-02-22,2024-06-24,123,61.5,61.5,0.71,12250.0,12251.25,53.3,0.3334,0,0.0,0,0.0,0,0.0,0,0.0,1,653400.0,0.3334
MPLADS-000247,3,11629000.0,3876333.33,3876300.0,3876300.0,3876400.0,57.74,2022-11-27,2023-04-08,132,66.0,66.0,0.0,64605.56,64606.67,60.0,0.3333,0,0.0,0,0.0,0,0.0,0,0.0,1,3876400.0,0.3333
MPLADS-000248,3,2111000.0,703666.67,703700.0,703600.0,703700.0,57.74,2023-01-10,2023-04-13,93,46.5,46.5,0.71,17591.67,17592.5,40.0,0.3333,0,0.0,0,0.0,3,1.0,0,0.0,1,703600.0,0.3333
MPLADS-000249,3,1806000.0,602000.0,602000.0,602000.0,602000.0,0.0,2022-12-27,2023-04-26,120,60.0,60.0,0.0,11287.5,11287.5,53.3,0.3333,0,0.0,0,0.0,0,0.0,0,0.0,1,602000.0,0.3333
MPLADS-000250,2,648000.0,324000.0,324000.0,324000.0,324000.0,0.0,2022-03-15,2022-04-17,33,33.0,33.0,0.0,10800.0,10800.0,30.0,0.5,0,0.0,0,0.0,2,1.0,0,0.0,1,324000.0,0.5
MPLADS-000251,3,3004000.0,1001333.33,1001300.0,1001300.0,1001400.0,57.74,2023-08-21,2023-12-19,120,60.0,60.0,0.0,16688.89,16690.0,60.0,0.3334,0,0.0,0,0.0,0,0.0,0,0.0,1,1001400.0,0.3334
MPLADS-000252,3,2201000.0,733666.67,733700.0,733600.0,733700.0,57.74,2022-05-28,2022-09-19,114,57.0,57.0,0.0,13756.25,13756.88,53.3,0.3333,0,0.0,0,0.0,0,0.0,0,0.0,1,733600.0,0.3333
MPLADS-000253,2,606000.0,303000.0,303000.0,303000.0,303000.0,0.0,2022-04-06,2022-05-23,47,47.0,47.0,0.0,10100.0,10100.0,30.0,0.5,0,0.0,0,0.0,0,0.0,0,0.0,1,303000.0,0.5
MPLADS-000254,2,476000.0,238000.0,238000.0,238000.0,238000.0,0.0,2023-05-31,2023-06-24,24,24.0,24.0,0.0,7933.33,7933.33,30.0,0.5,0,0.0,0,0.0,0,0.0,0,0.0,1,238000.0,0.5
MPLADS-000255,2,524000.0,262000.0,262000.0,262000.0,262000.0,0.0,2022-12-20,2023-01-26,37,37.0,37.0,0.0,8733.33,8733.33,30.0,0.5,0,0.0,0,0.0,2,1.0,0,0.0,1,262000.0,0.5
MPLADS-000256,3,2664000.0,888000.0,888000.0,888000.0,888000.0,0.0,2022-10-19,2023-02-08,112,56.0,56.0,0.0,16650.0,16650.0,53.3,0.3333,0,0.0,0,0.0,0,0.0,0,0.0,1,888000.0,0.3333
MPLADS-000257,3,10676000.0,3558666.67,3558700.0,3558600.0,3558700.0,57.74,2022-08-28,2023-05-15,260,130.0,130.0,0.0,26690.0,26690.25,133.3,0.3333,0,0.0,0,0.0,0,0.0,0,0.0,1,3558600.0,0.3333
MPLADS-000258,3,2022000.0,674000.0,674000.0,674000.0,674000.0,0.0,2023-08-30,2023-11-11,73,36.5,36.5,0.71,16850.0,16850.0,40.0,0.3333,0,0.0,0,0.0,3,1.0,0,0.0,1,674000.0,0.3333
MPLADS-000259,2,678000.0,339000.0,339000.0,339000.0,339000.0,0.0,2023-01-29,2023-03-12,42,42.0,42.0,0.0,7533.33,7533.33,45.0,0.5,0,0.0,1,0.5,0,0.0,0,0.0,1,339000.0,0.5
MPLADS-000260,3,2045000.0,681666.67,681700.0,681600.0,681700.0,57.74,2022-05-25,2022-09-06,104,52.0,52.0,0.0,13633.33,13634.0,50.0,0.3333,0,0.0,0,0.0,0,0.0,0,0.0,1,681600.0,0.3333
MPLADS-000261,2,384000.0,192000.0,192000.0,192000.0,192000.0,0.0,2024-01-09,2024-02-02,24,24.0,24.0,0.0,6400.0,6400.0,30.0,0.5,0,0.0,0,0.0,0,0.0,0,0.0,1,192000.0,0.5
MPLADS-000262,3,3161000.0,1053666.67,1053700.0,1053600.0,1053700.0,57.74,2023-09-28,2024-01-28,122,61.0,61.0,0.0,17561.11,17561.67,60.0,0.3333,0,0.0,0,0.0,0,0.0,0,0.0,1,1053600.0,0.3333
MPLADS-000263,3,1051000.0,350333.33,350300.0,350300.0,350400.0,57.74,2023-06-07,2023-07-29,52,26.0,26.0,0.0,11677.78,11680.0,30.0,0.3334,0,0.0,0,0.0,0,0.0,0,0.0,1,350400.0,0.3334
MPLADS-000264,3,2444000.0,814666.67,814700.0,814600.0,814700.0,57.74,2022-08-24,2022-11-11,79,39.5,39.5,0.71,27155.56,27156.67,30.0,0.3333,0,0.0,0,0.0,0,0.0,0,0.0,1,814600.0,0.3333
MPLADS-000265,3,3169000.0,1056333.33,1056300.0,1056300.0,1056400.0,57.74,2023-10-10,2024-03-20,162,81.0,81.0,0.0,15090.48,15091.43,70.0,0.3334,0,0.0,0,0.0,0,0.0,0,0.0,1,1056400.0,0.3334
MPLADS-000266,3,3230000.0,1076666.67,1076700.0,1076600.0,1076700.0,57.74,2022-08-19,2023-01-15,149,74.5,74.5,0.71,15380.95,15381.43,70.0,0.3333,0,0.0,0,0.0,3,1.0,0,0.0,1,1076600.0,0.3333
MPLADS-000267,3,1442000.0,480666.67,480700.0,480600.0,480700.0,57.74,2023-01-09,2023-04-09,90,45.0,45.0,0.0,9613.33,9614.0,50.0,0.3334,0,0.0,0,0.0,3,1.0,0,0.0,1,480600.0,0.3333
MPLADS-000268,3,2826000.0,942000.0,942000.0,942000.0,942000.0,0.0,2022-09-04,2022-12-20,107,53.5,53.5,0.71,17662.5,17662.5,53.3,0.3333,0,0.0,0,0.0,0,0.0,0,0.0,1,942000.0,0.3333
MPLADS-000269,3,1109000.0,369666.67,369700.0,369600.0,369700.0,57.74,2023-03-19,2023-06-27,100,50.0,50.0,0.0,7393.33,7394.0,50.0,0.3334,0,0.0,0,0.0,0,0.0,0,0.0,1,369600.0,0.3333
MPLADS-000270,3,1342000.0,447333.33,447300.0,447300.0,447400.0,57.74,2022-07-05,2022-10-22,109,54.5,54.5,0.71,8946.67,8948.0,50.0,0.3334,0,0.0,0,0.0,0,0.0,0,0.0,1,447400.0,0.3334
MPLADS-000271,3,2935000.0,978333.33,978300.0,978300.0,978400.0,57.74,2023-07-03,2023-12-07,157,78.5,78.5,0.71,13976.19,13977.14,70.0,0.3334,0,0.0,0,0.0,3,1.0,0,0.0,1,978400.0,0.3334
MPLADS-000272,3,2017000.0,672333.33,672300.0,672300.0,672400.0,57.74,2023-04-18,2023-08-19,123,61.5,61.5,0.71,12606.25,12607.5,53.3,0.3334,0,0.0,0,0.0,0,0.0,0,0.0,1,672400.0,0.3334
MPLADS-000273,2,706000.0,353000.0,353000.0,353000.0,353000.0,0.0,2023-06-29,2023-08-21,53,53.0,53.0,0.0,7844.44,7844.44,45.0,0.5,0,0.0,0,0.0,2,1.0,0,0.0,1,353000.0,0.5
MPLADS-000274,3,1549000.0,516333.33,516300.0,516300.0,516400.0,57.74,2022-07-25,2022-10-19,86,43.0,43.0,0.0,12908.33,12910.0,40.0,0.3334,0,0.0,0,0.0,0,0.0,0,0.0,1,516400.0,0.3334
MPLADS-000275,2,702000.0,351000.0,351000.0,351000.0,351000.0,0.0,2023-08-31,2023-10-30,60,60.0,60.0,0.0,7800.0,7800.0,45.0,0.5,0,0.0,0,0.0,0,0.0,0,0.0,1,351000.0,0.5
MPLADS-000276,3,1362000.0,454000.0,454000.0,454000.0,454000.0,0.0,2024-01-06,2024-03-23,77,38.5,38.5,0.71,11350.0,11350.0,40.0,0.3333,0,0.0,0,0.0,0,0.0,0,0.0,1,454000.0,0.3333
MPLADS-000277,3,1841000.0,613666.67,613700.0,613600.0,613700.0,57.74,2023-09-14,2024-01-05,113,56.5,56.5,0.71,11506.25,11506.88,53.3,0.3334,0,0.0,0,0.0,0,0.0,0,0.0,1,613600.0,0.3333
MPLADS-000278,3,1605000.0,535000.0,535000.0,535000.0,535000.0,0.0,2022-07-04,2022-11-05,124,62.0,62.0,0.0,10031.25,10031.25,53.3,0.3333,0,0.0,0,0.0,0,0.0,0,0.0,1,535000.0,0.3333
MPLADS-000279,3,1399000.0,466333.33,466300.0,466300.0,466400.0,57.74,2023-03-22,2023-07-10,110,55.0,55.0,0.0,9326.67,9328.0,50.0,0.3334,0,0.0,1,0.3333,0,0.0,0,0.0,1,466400.0,0.3334
MPLADS-000280,3,1538000.0,512666.67,512700.0,512600.0,512700.0,57.74,2022-11-24,2023-03-01,97,48.5,48.5,0.71,10253.33,10254.0,50.0,0.3334,0,0.0,0,0.0,0,0.0,0,0.0,1,512600.0,0.3333
MPLADS-000281,3,14770000.0,4923333.33,4923300.0,4923300.0,4923400.0,57.74,2022-12-09,2023-04-26,138,69.0,69.0,0.0,70333.34,70334.29,70.0,0.3333,0,0.0,0,0.0,0,0.0,0,0.0,1,4923400.0,0.3333
MPLADS-000282,2,989000.0,494500.0,494500.0,494500.0,494500.0,0.0,2023-01-07,2023-03-04,56,56.0,56.0,0.0,10988.89,10988.89,45.0,0.5,0,0.0,1,0.5,0,0.0,0,0.0,1,494500.0,0.5
MPLADS-000283,3,4151000.0,1383666.67,1383700.0,1383600.0,1383700.0,57.74,2023-10-16,2024-02-28,135,67.5,67.5,0.71,19766.66,19767.14,70.0,0.3333,0,0.0,0,0.0,0,0.0,0,0.0,1,1383600.0,0.3333
MPLADS-000284,3,3022000.0,1007333.33,1007300.0,1007300.0,1007400.0,57.74,2023-08-30,2024-01-15,138,69.0,69.0,0.0,16788.89,16790.0,60.0,0.3334,0,0.0,0,0.0,0,0.0,0,0.0,1,1007400.0,0.3334
MPLADS-000285,3,1704000.0,568000.0,568000.0,568000.0,568000.0,0.0,2022-06-03,2022-10-11,130,65.0,65.0,0.0,10650.0,10650.0,53.3,0.3333,0,0.0,0,0.0,0,0.0,0,0.0,1,568000.0,0.3333
MPLADS-000286,3,3294000.0,1098000.0,1098000.0,1098000.0,1098000.0,0.0,2023-08-10,2023-12-24,136,68.0,68.0,0.0,18300.0,18300.0,60.0,0.3333,0,0.0,0,0.0,0,0.0,0,0.0,1,1098000.0,0.3333
MPLADS-000287,3,2685000.0,895000.0,895000.0,895000.0,895000.0,0.0,2022-09-12,2022-11-04,53,26.5,26.5,0.71,44750.0,44750.0,20.0,0.3333,0,0.0,0,0.0,0,0.0,0,0.0,1,895000.0,0.3333
MPLADS-000288,3,11187000.0,3729000.0,3729000.0,3729000.0,3729000.0,0.0,2023-03-15,2023-12-12,272,136.0,136.0,0.0,27967.5,27967.5,133.3,0.3333,0,0.0,0,0.0,3,1.0,0,0.0,1,3729000.0,0.3333
MPLADS-000289,3,1782000.0,594000.0,594000.0,594000.0,594000.0,0.0,2022-06-26,2022-10-23,119,59.5,59.5,0.71,9900.0,9900.0,60.0,0.3333,0,0.0,0,0.0,0,0.0,0,0.0,1,594000.0,0.3333
MPLADS-000290,3,1897000.0,632333.33,632300.0,632300.0,632400.0,57.74,2022-12-12,2023-04-01,110,55.0,55.0,0.0,11856.25,11857.5,53.3,0.3334,0,0.0,0,0.0,0,0.0,0,0.0,1,632400.0,0.3334
MPLADS-000291,3,1883000.0,627666.67,627700.0,627600.0,627700.0,57.74,2022-06-15,2022-10-21,128,64.0,64.0,0.0,10461.11,10461.67,60.0,0.3334,0,0.0,0,0.0,0,0.0,0,0.0,1,627600.0,0.3333
MPLADS-000292,3,2347000.0,782333.33,782300.0,782300.0,782400.0,57.74,2024-01-29,2024-06-09,132,66.0,66.0,0.0,13038.89,13040.0,60.0,0.3334,0,0.0,0,0.0,0,0.0,0,0.0,1,782400.0,0.3334
MPLADS-000293,3,1783000.0,594333.33,594300.0,594300.0,594400.0,57.74,2023-12-21,2024-03-29,99,49.5,49.5,0.71,14858.33,14860.0,40.0,0.3334,0,0.0,0,0.0,0,0.0,0,0.0,1,594400.0,0.3334
MPLADS-000294,3,55289000.0,18429666.67,18429700.0,18429600.0,18429700.0,57.74,2023-01-11,2023-09-28,260,130.0,130.0,0.0,138222.5,138222.75,133.3,0.3333,0,0.0,0,0.0,0,0.0,0,0.0,1,18429600.0,0.3333
MPLADS-000295,2,383000.0,191500.0,191500.0,191500.0,191500.0,0.0,2023-11-28,2023-12-23,25,25.0,25.0,0.0,6383.33,6383.33,30.0,0.5,0,0.0,0,0.0,0,0.0,0,0.0,1,191500.0,0.5
MPLADS-000296,3,2214000.0,738000.0,738000.0,738000.0,738000.0,0.0,2022-10-25,2023-02-27,125,62.5,62.5,0.71,12300.0,12300.0,60.0,0.3333,0,0.0,0,0.0,0,0.0,0,0.0,1,738000.0,0.3333
MPLADS-000297,3,3736000.0,1245333.33,1245300.0,1245300.0,1245400.0,57.74,2023-01-30,2023-06-11,132,66.0,66.0,0.0,17790.48,17791.43,70.0,0.3334,0,0.0,0,0.0,0,0.0,0,0.0,1,1245400.0,0.3334
MPLADS-000298,3,3425000.0,1141666.67,1141700.0,1141600.0,1141700.0,57.74,2023-01-04,2023-04-16,102,51.0,51.0,0.0,28541.67,28542.5,40.0,0.3333,0,0.0,0,0.0,0,0.0,0,0.0,1,1141600.0,0.3333
MPLADS-000299,3,12160000.0,4053333.33,4053300.0,4053300.0,4053400.0,57.74,2023-01-19,2023-10-25,279,139.5,139.5,0.71,30400.0,30400.5,133.3,0.3333,0,0.0,0,0.0,0,0.0,0,0.0,1,4053400.0,0.3333
MPLADS-000300,3,8112000.0,2704000.0,2704000.0,2704000.0,2704000.0,0.0,2022-12-20,2023-04-02,103,51.5,51.5,0.71,54080.0,54080.0,50.0,0.3333,0,0.0,0,0.0,0,0.0,0,0.0,1,2704000.0,0.3333
MPLADS-000301,2,939000.0,469500.0,469500.0,469500.0,469500.0,0.0,2022-05-14,2022-07-14,61,61.0,61.0,0.0,10433.33,10433.33,45.0,0.5,0,0.0,0,0.0,0,0.0,0,0.0,1,469500.0,0.5
MPLADS-000302,3,14421000.0,4807000.0,4807000.0,4807000.0,4807000.0,0.0,2022-12-16,2023-10-01,289,144.5,144.5,0.71,36052.5,36052.5,133.3,0.3333,0,0.0,0,0.0,0,0.0,0,0.0,1,4807000.0,0.3333
MPLADS-000303,2,461000.0,230500.0,230500.0,230500.0,230500.0,0.0,2023-09-01,2023-10-06,35,35.0,35.0,0.0,7683.33,7683.33,30.0,0.5,0,0.0,0,0.0,0,0.0,0,0.0,1,230500.0,0.5
MPLADS-000304,3,16073000.0,5357666.67,5357700.0,5357600.0,5357700.0,57.74,2024-05-31,2025-03-13,286,143.0,143.0,0.0,40182.5,40182.75,133.3,0.3333,0,0.0,0,0.0,0,0.0,0,0.0,1,5357600.0,0.3333
MPLADS-000305,3,2234000.0,744666.67,744700.0,744600.0,744700.0,57.74,2024-01-25,2024-05-16,112,56.0,56.0,0.0,12411.11,12411.67,60.0,0.3333,0,0.0,0,0.0,3,1.0,0,0.0,1,744600.0,0.3333
MPLADS-000306,3,7023000.0,2341000.0,2341000.0,2341000.0,2341000.0,0.0,2023-04-12,2023-08-08,118,59.0,59.0,0.0,43893.75,43893.75,53.3,0.3333,0,0.0,0,0.0,0,0.0,0,0.0,1,2341000.0,0.3333
MPLADS-000307,3,5478000.0,1826000.0,1826000.0,1826000.0,1826000.0,0.0,2022-11-04,2023-03-03,119,59.5,59.5,0.71,36520.0,36520.0,50.0,0.3333,0,0.0,0,0.0,0,0.0,0,0.0,1,1826000.0,0.3333
MPLADS-000308,3,1729000.0,576333.33,576300.0,576300.0,576400.0,57.74,2023-10-10,2024-02-13,126,63.0,63.0,0.0,10806.25,10807.5,53.3,0.3334,0,0.0,0,0.0,0,0.0,0,0.0,1,576400.0,0.3334
MPLADS-000309,3,2494000.0,831333.33,831300.0,831300.0,831400.0,57.74,2023-04-25,2023-09-29,157,78.5,78.5,0.71,11876.19,11877.14,70.0,0.3334,0,0.0,0,0.0,0,0.0,0,0.0,1,831400.0,0.3334
MPLADS-000310,2,373000.0,186500.0,186500.0,186500.0,186500.0,0.0,2022-12-17,2023-01-19,33,33.0,33.0,0.0,6216.67,6216.67,30.0,0.5,0,0.0,0,0.0,0,0.0,0,0.0,1,186500.0,0.5
MPLADS-000311,3,2305000.0,768333.33,768300.0,768300.0,768400.0,57.74,2023-01-30,2023-04-22,82,41.0,41.0,0.0,19208.33,19210.0,40.0,0.3334,0,0.0,0,0.0,0,0.0,0,0.0,1,768400.0,0.3334
MPLADS-000312,3,11093000.0,3697666.67,3697700.0,3697600.0,3697700.0,57.74,2024-02-24,2024-11-28,278,139.0,139.0,0.0,27732.5,27732.75,133.3,0.3333,0,0.0,0,0.0,0,0.0,0,0.0,1,3697600.0,0.3333
MPLADS-000313,2,458000.0,229000.0,229000.0,229000.0,229000.0,0.0,2023-07-27,2023-08-19,23,23.0,23.0,0.0,7633.33,7633.33,30.0,0.5,0,0.0,0,0.0,2,1.0,0,0.0,1,229000.0,0.5
MPLADS-000314,3,1202000.0,400666.67,400700.0,400600.0,400700.0,57.74,2023-09-30,2024-01-14,106,53.0,53.0,0.0,8013.33,8014.0,50.0,0.3334,0,0.0,0,0.0,0,0.0,0,0.0,1,400600.0,0.3333
MPLADS-000315,3,2093000.0,697666.67,697700.0,697600.0,697700.0,57.74,2022-08-18,2022-11-02,76,38.0,38.0,0.0,17441.67,17442.5,40.0,0.3333,0,0.0,0,0.0,0,0.0,0,0.0,1,697600.0,0.3333
MPLADS-000316,3,56342000.0,18780666.67,18780700.0,18780600.0,18780700.0,57.74,2023-08-16,2024-05-31,289,144.5,144.5,0.71,140855.0,140855.25,133.3,0.3333,0,0.0,0,0.0,0,0.0,0,0.0,1,18780600.0,0.3333
MPLADS-000317,3,10911000.0,3637000.0,3637000.0,3637000.0,3637000.0,0.0,2023-07-19,2024-04-20,276,138.0,138.0,0.0,27277.5,27277.5,133.3,0.3333,0,0.0,0,0.0,0,0.0,0,0.0,1,3637000.0,0.3333
MPLADS-000318,3,8101000.0,2700333.33,2700300.0,2700300.0,2700400.0,57.74,2022-06-18,2023-03-21,276,138.0,138.0,0.0,20252.5,20253.0,133.3,0.3333,0,0.0,0,0.0,0,0.0,0,0.0,1,2700400.0,0.3333
MPLADS-000319,3,1911000.0,637000.0,637000.0,637000.0,637000.0,0.0,2023-07-04,2023-10-11,99,49.5,49.5,0.71,12740.0,12740.0,50.0,0.3333,0,0.0,0,0.0,0,0.0,0,0.0,1,637000.0,0.3333
MPLADS-000320,2,983000.0,491500.0,491500.0,491500.0,491500.0,0.0,2022-07-01,2022-07-25,24,24.0,24.0,0.0,16383.33,16383.33,30.0,0.5,0,0.0,0,0.0,0,0.0,0,0.0,1,491500.0,0.5
MPLADS-000321,3,2420000.0,806666.67,806700.0,806600.0,806700.0,57.74,2023-01-28,2023-09-25,240,120.0,120.0,0.0,20166.67,20167.5,40.0,0.3333,0,0.0,0,0.0,0,0.0,0,0.0,1,806600.0,0.3333
MPLADS-000322,2,412000.0,206000.0,206000.0,206000.0,206000.0,0.0,2023-09-25,2023-10-20,25,25.0,25.0,0.0,6866.67,6866.67,30.0,0.5,0,0.0,0,0.0,0,0.0,0,0.0,1,206000.0,0.5
MPLADS-000323,3,2425000.0,808333.33,808300.0,808300.0,808400.0,57.74,2023-05-23,2023-10-08,138,69.0,69.0,0.0,11547.62,11548.57,70.0,0.3334,0,0.0,0,0.0,0,0.0,0,0.0,1,808400.0,0.3334
MPLADS-000324,3,1641000.0,547000.0,547000.0,547000.0,547000.0,0.0,2023-07-26,2023-11-11,108,54.0,54.0,0.0,10256.25,10256.25,53.3,0.3333,0,0.0,0,0.0,0,0.0,0,0.0,1,547000.0,0.3333
MPLADS-000325,3,2203000.0,734333.33,734300.0,734300.0,734400.0,57.74,2023-10-11,2024-01-27,108,54.0,54.0,0.0,13768.75,13770.0,53.3,0.3334,0,0.0,0,0.0,0,0.0,0,0.0,1,734400.0,0.3334
MPLADS-000326,3,2091000.0,697000.0,697000.0,697000.0,697000.0,0.0,2022-04-21,2022-08-18,119,59.5,59.5,0.71,11616.67,11616.67,60.0,0.3333,0,0.0,0,0.0,0,0.0,0,0.0,1,697000.0,0.3333
MPLADS-000327,2,551000.0,275500.0,275500.0,275500.0,275500.0,0.0,2022-10-23,2022-11-24,32,32.0,32.0,0.0,9183.33,9183.33,30.0,0.5,0,0.0,0,0.0,0,0.0,0,0.0,1,275500.0,0.5
MPLADS-000328,3,4933000.0,1644333.33,1644300.0,1644300.0,1644400.0,57.74,2022-11-27,2023-08-24,270,135.0,135.0,0.0,12332.5,12333.0,133.3,0.3333,0,0.0,0,0.0,0,0.0,0,0.0,1,1644400.0,0.3333
MPLADS-000329,3,1995000.0,665000.0,665000.0,665000.0,665000.0,0.0,2022-11-18,2023-03-14,116,58.0,58.0,0.0,12468.75,12468.75,53.3,0.3333,0,0.0,1,0.3333,0,0.0,0,0.0,1,665000.0,0.3333
MPLADS-000330,3,1079000.0,359666.67,359700.0,359600.0,359700.0,57.74,2023-04-26,2023-06-29,64,32.0,32.0,0.0,11988.89,11990.0,30.0,0.3334,0,0.0,0,0.0,3,1.0,0,0.0,1,359600.0,0.3333
MPLADS-000331,2,451000.0,225500.0,225500.0,225500.0,225500.0,0.0,2022-04-02,2022-04-28,26,26.0,26.0,0.0,7516.67,7516.67,30.0,0.5,0,0.0,0,0.0,0,0.0,0,0.0,1,225500.0,0.5
MPLADS-000332,3,1063000.0,354333.33,354300.0,354300.0,354400.0,57.74,2023-06-30,2023-10-23,115,57.5,57.5,0.71,7086.67,7088.0,50.0,0.3334,0,0.0,0,0.0,0,0.0,0,0.0,1,354400.0,0.3334
MPLADS-000333,3,4441000.0,1480333.33,1480300.0,1480300.0,1480400.0,57.74,2023-10-23,2024-02-10,110,55.0,55.0,0.0,27756.25,27757.5,53.3,0.3333,0,0.0,0,0.0,0,0.0,0,0.0,1,1480400.0,0.3333
MPLADS-000334,3,1364000.0,454666.67,454700.0,454600.0,454700.0,57.74,2023-09-09,2023-12-08,90,45.0,45.0,0.0,11366.67,11367.5,40.0,0.3334,0,0.0,0,0.0,0,0.0,0,0.0,1,454600.0,0.3333
MPLADS-000335,2,316000.0,158000.0,158000.0,158000.0,158000.0,0.0,2023-06-08,2023-07-11,33,33.0,33.0,0.0,5266.67,5266.67,30.0,0.5,0,0.0,0,0.0,0,0.0,0,0.0,1,158000.0,0.5
MPLADS-000336,2,383000.0,191500.0,191500.0,191500.0,191500.0,0.0,2023-01-04,2023-02-06,33,33.0,33.0,0.0,6383.33,6383.33,30.0,0.5,0,0.0,0,0.0,0,0.0,0,0.0,1,191500.0,0.5
MPLADS-000337,3,2413000.0,804333.33,804300.0,804300.0,804400.0,57.74,2022-02-25,2022-04-14,48,24.0,24.0,0.0,40216.67,40220.0,20.0,0.3334,0,0.0,0,0.0,0,0.0,0,0.0,1,804400.0,0.3334
MPLADS-000338,3,1844000.0,614666.67,614700.0,614600.0,614700.0,57.74,2022-10-10,2023-01-10,92,46.0,46.0,0.0,15366.67,15367.5,40.0,0.3334,0,0.0,0,0.0,0,0.0,0,0.0,1,614600.0,0.3333
MPLADS-000339,3,1548000.0,516000.0,516000.0,516000.0,516000.0,0.0,2022-07-16,2022-11-09,116,58.0,58.0,0.0,10320.0,10320.0,50.0,0.3333,0,0.0,0,0.0,0,0.0,0,0.0,1,516000.0,0.3333
MPLADS-000340,3,1233000.0,411000.0,411000.0,411000.0,411000.0,0.0,2023-04-14,2023-07-15,92,46.0,46.0,0.0,10275.0,10275.0,40.0,0.3333,0,0.0,0,0.0,0,0.0,0,0.0,1,411000.0,0.3333
MPLADS-000341,2,658000.0,329000.0,329000.0,329000.0,329000.0,0.0,2023-11-29,2023-12-27,28,28.0,28.0,0.0,10966.67,10966.67,30.0,0.5,0,0.0,0,0.0,0,0.0,0,0.0,1,329000.0,0.5
MPLADS-000342,2,880000.0,440000.0,440000.0,440000.0,440000.0,0.0,2023-01-29,2023-03-10,40,40.0,40.0,0.0,9777.78,9777.78,45.0,0.5,0,0.0,0,0.0,0,0.0,0,0.0,1,440000.0,0.5
MPLADS-000343,3,1733000.0,577666.67,577700.0,577600.0,577700.0,57.74,2023-11-15,2024-02-25,102,51.0,51.0,0.0,10831.25,10831.88,53.3,0.3334,0,0.0,0,0.0,0,0.0,0,0.0,1,577600.0,0.3333
MPLADS-000344,2,403000.0,201500.0,201500.0,201500.0,201500.0,0.0,2023-06-29,2023-08-06,38,38.0,38.0,0.0,6716.67,6716.67,30.0,0.5,0,0.0,0,0.0,2,1.0,0,0.0,1,201500.0,0.5
MPLADS-000345,3,2016000.0,672000.0,672000.0,672000.0,672000.0,0.0,2022-09-10,2022-11-22,73,36.5,36.5,0.71,16800.0,16800.0,40.0,0.3333,0,0.0,0,0.0,0,0.0,0,0.0,1,672000.0,0.3333
MPLADS-000346,3,1893000.0,631000.0,631000.0,631000.0,631000.0,0.0,2023-10-30,2024-01-12,74,37.0,37.0,0.0,15775.0,15775.0,40.0,0.3333,0,0.0,0,0.0,0,0.0,0,0.0,1,631000.0,0.3333
MPLADS-000347,3,1317000.0,439000.0,439000.0,439000.0,439000.0,0.0,2022-10-03,2023-01-03,92,46.0,46.0,0.0,8780.0,8780.0,50.0,0.3333,0,0.0,0,0.0,3,1.0,0,0.0,1,439000.0,0.3333
MPLADS-000348,3,1277000.0,425666.67,425700.0,425600.0,425700.0,57.74,2022-06-13,2022-08-16,64,32.0,32.0,0.0,14188.89,14190.0,30.0,0.3334,0,0.0,0,0.0,0,0.0,0,0.0,1,425600.0,0.3333
MPLADS-000349,3,2408000.0,802666.67,802700.0,802600.0,802700.0,57.74,2023-11-03,2024-03-08,126,63.0,63.0,0.0,15050.0,15050.62,53.3,0.3333,0,0.0,0,0.0,0,0.0,0,0.0,1,802600.0,0.3333
MPLADS-000350,3,3557000.0,1185666.67,1185700.0,1185600.0,1185700.0,57.74,2023-12-13,2024-05-13,152,76.0,76.0,0.0,16938.09,16938.57,70.0,0.3333,0,0.0,0,0.0,0,0.0,0,0.0,1,1185600.0,0.3333
MPLADS-000351,3,2335000.0,778333.33,778300.0,778300.0,778400.0,57.74,2022-04-21,2022-07-30,100,50.0,50.0,0.0,19458.33,19460.0,40.0,0.3334,0,0.0,0,0.0,0,0.0,0,0.0,1,778400.0,0.3334
MPLADS-000352,3,2770000.0,923333.33,923300.0,923300.0,923400.0,57.74,2022-05-24,2022-09-24,123,61.5,61.5,0.71,17312.5,17313.75,53.3,0.3334,0,0.0,0,0.0,0,0.0,0,0.0,1,923400.0,0.3334
MPLADS-000353,3,6205000.0,2068333.33,2068300.0,2068300.0,2068400.0,57.74,2022-11-09,2023-02-19,102,51.0,51.0,0.0,41366.67,41368.0,50.0,0.3333,0,0.0,0,0.0,0,0.0,0,0.0,1,2068400.0,0.3333
MPLADS-000354,3,1430000.0,476666.67,476700.0,476600.0,476700.0,57.74,2022-07-15,2022-10-20,97,48.5,48.5,0.71,8937.5,8938.12,53.3,0.3334,0,0.0,0,0.0,0,0.0,0,0.0,1,476600.0,0.3333
MPLADS-000355,2,621000.0,310500.0,310500.0,310500.0,310500.0,0.0,2023-04-24,2023-06-18,55,55.0,55.0,0.0,6900.0,6900.0,45.0,0.5,0,0.0,0,0.0,0,0.0,0,0.0,1,310500.0,0.5
MPLADS-000356,2,686000.0,343000.0,343000.0,343000.0,343000.0,0.0,2023-10-31,2024-01-01,62,62.0,62.0,0.0,7622.22,7622.22,45.0,0.5,0,0.0,0,0.0,0,0.0,0,0.0,1,343000.0,0.5
MPLADS-000357,2,605000.0,302500.0,302500.0,302500.0,302500.0,0.0,2023-06-24,2023-08-07,44,44.0,44.0,0.0,10083.33,10083.33,30.0,0.5,0,0.0,0,0.0,0,0.0,0,0.0,1,302500.0,0.5
MPLADS-000358,3,1992000.0,664000.0,664000.0,664000.0,664000.0,0.0,2023-10-25,2024-02-28,126,63.0,63.0,0.0,12450.0,12450.0,53.3,0.3333,0,0.0,0,0.0,0,0.0,0,0.0,1,664000.0,0.3333
MPLADS-000359,3,4224000.0,1408000.0,1408000.0,1408000.0,1408000.0,0.0,2023-01-20,2023-05-13,113,56.5,56.5,0.71,23466.67,23466.67,60.0,0.3333,0,0.0,1,0.3333,0,0.0,0,0.0,1,1408000.0,0.3333
MPLADS-000360,2,381000.0,190500.0,190500.0,190500.0,190500.0,0.0,2023-07-25,2023-09-08,45,45.0,45.0,0.0,6350.0,6350.0,30.0,0.5,0,0.0,0,0.0,0,0.0,0,0.0,1,190500.0,0.5
MPLADS-000361,2,369000.0,184500.0,184500.0,184500.0,184500.0,0.0,2022-07-08,2022-08-08,31,31.0,31.0,0.0,6150.0,6150.0,30.0,0.5,0,0.0,0,0.0,0,0.0,0,0.0,1,184500.0,0.5
MPLADS-000362,3,8568000.0,2856000.0,2856000.0,2856000.0,2856000.0,0.0,2022-12-13,2023-09-07,268,134.0,134.0,0.0,21420.0,21420.0,133.3,0.3333,0,0.0,0,0.0,0,0.0,0,0.0,1,2856000.0,0.3333
MPLADS-000363,3,1866000.0,622000.0,622000.0,622000.0,622000.0,0.0,2023-09-14,2024-01-06,114,57.0,57.0,0.0,10366.67,10366.67,60.0,0.3333,0,0.0,0,0.0,0,0.0,0,0.0,1,622000.0,0.3333
MPLADS-000364,2,711000.0,355500.0,355500.0,355500.0,355500.0,0.0,2022-09-27,2022-11-20,54,54.0,54.0,0.0,7900.0,7900.0,45.0,0.5,0,0.0,0,0.0,0,0.0,0,0.0,1,355500.0,0.5
MPLADS-000365,3,2829000.0,943000.0,943000.0,943000.0,943000.0,0.0,2023-10-25,2024-02-20,118,59.0,59.0,0.0,15716.67,15716.67,60.0,0.3333,0,0.0,0,0.0,0,0.0,0,0.0,1,943000.0,0.3333
MPLADS-000366,3,3630000.0,1210000.0,1210000.0,1210000.0,1210000.0,0.0,2023-03-02,2023-07-20,140,70.0,70.0,0.0,17285.71,17285.71,70.0,0.3333,0,0.0,0,0.0,0,0.0,0,0.0,1,1210000.0,0.3333
MPLADS-000367,3,2810000.0,936666.67,936700.0,936600.0,936700.0,57.74,2022-10-26,2023-03-17,142,71.0,71.0,0.0,13380.95,13381.43,70.0,0.3333,0,0.0,1,0.3333,0,0.0,0,0.0,1,936600.0,0.3333
MPLADS-000368,3,4008000.0,1336000.0,1336000.0,1336000.0,1336000.0,0.0,2022-10-29,2023-04-10,163,81.5,81.5,0.71,19085.71,19085.71,70.0,0.3333,0,0.0,0,0.0,0,0.0,0,0.0,1,1336000.0,0.3333
MPLADS-000369,3,11853000.0,3951000.0,3951000.0,3951000.0,3951000.0,0.0,2023-09-14,2024-01-23,131,65.5,65.5,0.71,56442.86,56442.86,70.0,0.3333,0,0.0,0,0.0,0,0.0,0,0.0,1,3951000.0,0.3333
MPLADS-000370,3,16122000.0,5374000.0,5374000.0,5374000.0,5374000.0,0.0,2022-05-15,2022-10-20,158,79.0,79.0,0.0,76771.43,76771.43,70.0,0.3333,0,0.0,0,0.0,0,0.0,0,0.0,1,5374000.0,0.3333
MPLADS-000371,3,1480000.0,493333.33,493300.0,493300.0,493400.0,57.74,2023-05-25,2023-08-25,92,46.0,46.0,0.0,12333.33,12335.0,40.0,0.3334,0,0.0,0,0.0,0,0.0,0,0.0,1,493400.0,0.3334
MPLADS-000372,2,427000.0,213500.0,213500.0,213500.0,213500.0,0.0,2022-04-26,2022-05-23,27,27.0,27.0,0.0,7116.67,7116.67,30.0,0.5,0,0.0,0,0.0,0,0.0,0,0.0,1,213500.0,0.5
MPLADS-000373,3,2245000.0,748333.33,748300.0,748300.0,748400.0,57.74,2023-04-17,2023-08-27,132,66.0,66.0,0.0,12472.22,12473.33,60.0,0.3334,0,0.0,0,0.0,3,1.0,0,0.0,1,748400.0,0.3334
MPLADS-000374,2,463000.0,231500.0,231500.0,231500.0,231500.0,0.0,2023-07-01,2023-07-26,25,25.0,25.0,0.0,7716.67,7716.67,30.0,0.5,0,0.0,0,0.0,0,0.0,0,0.0,1,231500.0,0.5
MPLADS-000375,3,1674000.0,558000.0,558000.0,558000.0,558000.0,0.0,2022-04-17,2022-07-29,103,51.5,51.5,0.71,11160.0,11160.0,50.0,0.3333,0,0.0,0,0.0,0,0.0,0,0.0,1,558000.0,0.3333
MPLADS-000376,2,695000.0,347500.0,347500.0,347500.0,347500.0,0.0,2022-08-23,2022-10-21,59,59.0,59.0,0.0,7722.22,7722.22,45.0,0.5,0,0.0,0,0.0,0,0.0,0,0.0,1,347500.0,0.5
MPLADS-000377,3,2731000.0,910333.33,910300.0,910300.0,910400.0,57.74,2023-07-26,2023-12-09,136,68.0,68.0,0.0,15172.22,15173.33,60.0,0.3334,0,0.0,0,0.0,0,0.0,0,0.0,1,910400.0,0.3334
MPLADS-000378,2,363000.0,181500.0,181500.0,181500.0,181500.0,0.0,2023-01-03,2023-02-08,36,36.0,36.0,0.0,6050.0,6050.0,30.0,0.5,0,0.0,0,0.0,0,0.0,0,0.0,1,181500.0,0.5
MPLADS-000379,3,10067000.0,3355666.67,3355700.0,3355600.0,3355700.0,57.74,2024-03-21,2024-12-14,268,134.0,134.0,0.0,25167.5,25167.75,133.3,0.3333,0,0.0,1,0.3333,0,0.0,0,0.0,1,3355600.0,0.3333
MPLADS-000380,3,1976000.0,658666.67,658700.0,658600.0,658700.0,57.74,2022-10-16,2023-02-13,120,60.0,60.0,0.0,12350.0,12350.62,53.3,0.3334,0,0.0,0,0.0,3,1.0,0,0.0,1,658600.0,0.3333
MPLADS-000381,3,1387000.0,462333.33,462300.0,462300.0,462400.0,57.74,2022-12-17,2023-04-05,109,54.5,54.5,0.71,8668.75,8670.0,53.3,0.3334,0,0.0,0,0.0,0,0.0,0,0.0,1,462400.0,0.3334
MPLADS-000382,3,2933000.0,977666.67,977700.0,977600.0,977700.0,57.74,2024-02-18,2024-07-03,136,68.0,68.0,0.0,16294.44,16295.0,60.0,0.3333,0,0.0,0,0.0,0,0.0,0,0.0,1,977600.0,0.3333
MPLADS-000383,2,454000.0,227000.0,227000.0,227000.0,227000.0,0.0,2023-09-17,2023-10-25,38,38.0,38.0,0.0,7566.67,7566.67,30.0,0.5,0,0.0,0,0.0,0,0.0,0,0.0,1,227000.0,0.5
MPLADS-000384,3,1328000.0,442666.67,442700.0,442600.0,442700.0,57.74,2022-09-01,2022-12-10,100,50.0,50.0,0.0,8853.33,8854.0,50.0,0.3334,0,0.0,0,0.0,0,0.0,0,0.0,1,442600.0,0.3333
MPLADS-000385,3,10012000.0,3337333.33,3337300.0,3337300.0,3337400.0,57.74,2024-01-25,2024-11-06,286,143.0,143.0,0.0,25030.0,25030.5,133.3,0.3333,0,0.0,0,0.0,0,0.0,0,0.0,1,3337400.0,0.3333
MPLADS-000386,3,2972000.0,990666.67,990700.0,990600.0,990700.0,57.74,2022-06-24,2022-10-14,112,56.0,56.0,0.0,18575.0,18575.62,53.3,0.3333,0,0.0,0,0.0,0,0.0,0,0.0,1,990600.0,0.3333
MPLADS-000387,3,1890000.0,630000.0,630000.0,630000.0,630000.0,0.0,2023-05-15,2023-08-31,108,54.0,54.0,0.0,12600.0,12600.0,50.0,0.3333,0,0.0,0,0.0,0,0.0,0,0.0,1,630000.0,0.3333
MPLADS-000388,3,3445000.0,1148333.33,1148300.0,1148300.0,1148400.0,57.74,2023-06-23,2023-11-09,139,69.5,69.5,0.71,16404.76,16405.71,70.0,0.3334,0,0.0,0,0.0,0,0.0,0,0.0,1,1148400.0,0.3334
MPLADS-000389,3,2015000.0,671666.67,671700.0,671600.0,671700.0,57.74,2023-10-16,2024-02-09,116,58.0,58.0,0.0,11194.44,11195.0,60.0,0.3333,0,0.0,0,0.0,0,0.0,0,0.0,1,671600.0,0.3333
MPLADS-000390,3,1935000.0,645000.0,645000.0,645000.0,645000.0,0.0,2024-02-26,2024-07-17,142,71.0,71.0,0.0,9214.29,9214.29,70.0,0.3333,0,0.0,0,0.0,0,0.0,0,0.0,1,645000.0,0.3333
MPLADS-000391,3,1595000.0,531666.67,531700.0,531600.0,531700.0,57.74,2022-10-20,2023-01-06,78,39.0,39.0,0.0,17722.22,17723.33,30.0,0.3334,0,0.0,0,0.0,0,0.0,0,0.0,1,531600.0,0.3333
MPLADS-000392,3,1109000.0,369666.67,369700.0,369600.0,369700.0,57.74,2022-05-04,2022-08-08,96,48.0,48.0,0.0,7393.33,7394.0,50.0,0.3334,0,0.0,0,0.0,0,0.0,0,0.0,1,369600.0,0.3333
MPLADS-000393,3,1264000.0,421333.33,421300.0,421300.0,421400.0,57.74,2022-08-13,2022-11-14,93,46.5,46.5,0.71,10533.33,10535.0,40.0,0.3334,0,0.0,0,0.0,0,0.0,0,0.0,1,421400.0,0.3334
MPLADS-000394,3,2233000.0,744333.33,744300.0,744300.0,744400.0,57.74,2022-09-24,2023-01-25,123,61.5,61.5,0.71,13956.25,13957.5,53.3,0.3334,0,0.0,0,0.0,0,0.0,0,0.0,1,744400.0,0.3334
MPLADS-000395,2,541000.0,270500.0,270500.0,270500.0,270500.0,0.0,2022-12-05,2023-01-15,41,41.0,41.0,0.0,6011.11,6011.11,45.0,0.5,0,0.0,0,0.0,0,0.0,0,0.0,1,270500.0,0.5
MPLADS-000396,3,1893000.0,631000.0,631000.0,631000.0,631000.0,0.0,2023-08-05,2023-10-29,85,42.5,42.5,0.71,15775.0,15775.0,40.0,0.3333,0,0.0,0,0.0,0,0.0,0,0.0,1,631000.0,0.3333
MPLADS-000397,3,1402000.0,467333.33,467300.0,467300.0,467400.0,57.74,2023-03-11,2023-05-25,75,37.5,37.5,0.71,11683.33,11685.0,40.0,0.3334,0,0.0,1,0.3333,0,0.0,0,0.0,1,467400.0,0.3334
MPLADS-000398,3,3786000.0,1262000.0,1262000.0,1262000.0,1262000.0,0.0,2022-08-13,2023-01-05,145,72.5,72.5,0.71,18028.57,18028.57,70.0,0.3333,0,0.0,0,0.0,0,0.0,0,0.0,1,1262000.0,0.3333
MPLADS-000399,3,2183000.0,727666.67,727700.0,727600.0,727700.0,57.74,2023-09-09,2024-02-11,155,77.5,77.5,0.71,10395.24,10395.71,70.0,0.3333,0,0.0,0,0.0,0,0.0,0,0.0,1,727600.0,0.3333
MPLADS-000400,2,520000.0,260000.0,260000.0,260000.0,260000.0,0.0,2023-04-04,2023-05-20,46,46.0,46.0,0.0,8666.67,8666.67,30.0,0.5,0,0.0,0,0.0,0,0.0,0,0.0,1,260000.0,0.5
MPLADS-000401,2,992000.0,496000.0,496000.0,496000.0,496000.0,0.0,2022-10-08,2022-12-07,60,60.0,60.0,0.0,11022.22,11022.22,45.0,0.5,0,0.0,0,0.0,0,0.0,0,0.0,1,496000.0,0.5
MPLADS-000402,2,886000.0,443000.0,443000.0,443000.0,443000.0,0.0,2023-07-16,2023-09-07,53,53.0,53.0,0.0,9844.44,9844.44,45.0,0.5,0,0.0,0,0.0,0,0.0,0,0.0,1,443000.0,0.5
MPLADS-000403,3,14744000.0,4914666.67,4914700.0,4914600.0,4914700.0,57.74,2023-09-21,2024-06-23,276,138.0,138.0,0.0,36860.0,36860.25,133.3,0.3333,0,0.0,0,0.0,0,0.0,0,0.0,1,4914600.0,0.3333
MPLADS-000404,3,2079000.0,693000.0,693000.0,693000.0,693000.0,0.0,2023-09-01,2024-01-01,122,61.0,61.0,0.0,12993.75,12993.75,53.3,0.3333,0,0.0,0,0.0,0,0.0,0,0.0,1,693000.0,0.3333
MPLADS-000405,3,2941000.0,980333.33,980300.0,980300.0,980400.0,57.74,2023-03-12,2023-07-04,114,57.0,57.0,0.0,18381.25,18382.5,53.3,0.3334,0,0.0,1,0.3333,0,0.0,0,0.0,1,980400.0,0.3334
MPLADS-000406,3,3229000.0,1076333.33,1076300.0,1076300.0,1076400.0,57.74,2023-03-11,2023-08-16,158,79.0,79.0,0.0,15376.19,15377.14,70.0,0.3334,0,0.0,0,0.0,0,0.0,0,0.0,1,1076400.0,0.3334
MPLADS-000407,3,3541000.0,1180333.33,1180300.0,1180300.0,1180400.0,57.74,2023-06-24,2023-11-19,148,74.0,74.0,0.0,16861.91,16862.86,70.0,0.3334,0,0.0,0,0.0,0,0.0,0,0.0,1,1180400.0,0.3334
MPLADS-000408,2,788000.0,394000.0,394000.0,394000.0,394000.0,0.0,2023-03-09,2023-05-10,62,62.0,62.0,0.0,8755.56,8755.56,45.0,0.5,0,0.0,0,0.0,0,0.0,0,0.0,1,394000.0,0.5
MPLADS-000409,2,784000.0,392000.0,392000.0,392000.0,392000.0,0.0,2022-09-21,2022-11-09,49,49.0,49.0,0.0,8711.11,8711.11,45.0,0.5,0,0.0,0,0.0,0,0.0,0,0.0,1,392000.0,0.5
MPLADS-000410,3,1594000.0,531333.33,531300.0,531300.0,531400.0,57.74,2023-01-31,2023-04-07,66,33.0,33.0,0.0,17711.11,17713.33,30.0,0.3334,0,0.0,0,0.0,0,0.0,0,0.0,1,531400.0,0.3334
MPLADS-000411,3,9781000.0,3260333.33,3260300.0,3260300.0,3260400.0,57.74,2024-04-28,2025-01-14,261,130.5,130.5,0.71,24452.5,24453.0,133.3,0.3333,0,0.0,0,0.0,0,0.0,0,0.0,1,3260400.0,0.3333
MPLADS-000412,3,2326000.0,775333.33,775300.0,775300.0,775400.0,57.74,2023-07-15,2023-10-25,102,51.0,51.0,0.0,14537.5,14538.75,53.3,0.3334,0,0.0,0,0.0,0,0.0,0,0.0,1,775400.0,0.3334
MPLADS-000413,2,711000.0,355500.0,355500.0,355500.0,355500.0,0.0,2023-03-31,2023-05-15,45,45.0,45.0,0.0,7900.0,7900.0,45.0,0.5,0,0.0,1,0.5,0,0.0,0,0.0,1,355500.0,0.5
MPLADS-000414,3,1701000.0,567000.0,567000.0,567000.0,567000.0,0.0,2024-01-07,2024-04-18,102,51.0,51.0,0.0,10631.25,10631.25,53.3,0.3333,0,0.0,0,0.0,0,0.0,0,0.0,1,567000.0,0.3333
MPLADS-000415,2,574000.0,287000.0,287000.0,287000.0,287000.0,0.0,2024-02-17,2024-03-26,38,38.0,38.0,0.0,9566.67,9566.67,30.0,0.5,0,0.0,0,0.0,0,0.0,0,0.0,1,287000.0,0.5
MPLADS-000416,3,1126000.0,375333.33,375300.0,375300.0,375400.0,57.74,2023-07-28,2023-10-26,90,45.0,45.0,0.0,7506.67,7508.0,50.0,0.3334,0,0.0,0,0.0,0,0.0,0,0.0,1,375400.0,0.3334
MPLADS-000417,3,1403000.0,467666.67,467700.0,467600.0,467700.0,57.74,2022-07-31,2022-11-11,103,51.5,51.5,0.71,9353.33,9354.0,50.0,0.3334,0,0.0,0,0.0,0,0.0,0,0.0,1,467600.0,0.3333
MPLADS-000418,2,563000.0,281500.0,281500.0,281500.0,281500.0,0.0,2022-12-26,2023-02-04,40,40.0,40.0,0.0,6255.56,6255.56,45.0,0.5,0,0.0,0,0.0,0,0.0,0,0.0,1,281500.0,0.5
MPLADS-000419,3,4042000.0,1347333.33,1347300.0,1347300.0,1347400.0,57.74,2023-01-14,2023-03-13,58,29.0,29.0,0.0,44911.11,44913.33,30.0,0.3333,0,0.0,1,0.3333,0,0.0,0,0.0,1,1347400.0,0.3333
MPLADS-000420,3,2276000.0,758666.67,758700.0,758600.0,758700.0,57.74,2022-09-16,2023-01-18,124,62.0,62.0,0.0,12644.44,12645.0,60.0,0.3333,0,0.0,0,0.0,0,0.0,0,0.0,1,758600.0,0.3333
MPLADS-000421,2,925000.0,462500.0,462500.0,462500.0,462500.0,0.0,2022-05-11,2022-06-28,48,48.0,48.0,0.0,10277.78,10277.78,45.0,0.5,0,0.0,0,0.0,0,0.0,0,0.0,1,462500.0,0.5
MPLADS-000422,3,2045000.0,681666.67,681700.0,681600.0,681700.0,57.74,2023-12-18,2025-06-30,560,280.0,280.0,0.0,9738.09,9738.57,70.0,0.3333,0,0.0,0,0.0,0,0.0,0,0.0,1,681600.0,0.3333
MPLADS-000423,3,1602000.0,534000.0,534000.0,534000.0,534000.0,0.0,2024-02-24,2024-06-15,112,56.0,56.0,0.0,10012.5,10012.5,53.3,0.3333,0,0.0,0,0.0,0,0.0,0,0.0,1,534000.0,0.3333
MPLADS-000424,3,2977000.0,992333.33,992300.0,992300.0,992400.0,57.74,2023-02-21,2023-06-22,121,60.5,60.5,0.71,16538.89,16540.0,60.0,0.3334,0,0.0,0,0.0,0,0.0,0,0.0,1,992400.0,0.3334
MPLADS-000425,3,1305000.0,435000.0,435000.0,435000.0,435000.0,0.0,2023-08-28,2023-12-24,118,59.0,59.0,0.0,8700.0,8700.0,50.0,0.3333,0,0.0,0,0.0,0,0.0,0,0.0,1,435000.0,0.3333
MPLADS-000426,3,1791000.0,597000.0,597000.0,597000.0,597000.0,0.0,2023-01-07,2023-04-21,104,52.0,52.0,0.0,11940.0,11940.0,50.0,0.3333,0,0.0,0,0.0,0,0.0,0,0.0,1,597000.0,0.3333
MPLADS-000427,3,2711000.0,903666.67,903700.0,903600.0,903700.0,57.74,2023-09-21,2024-09-15,360,180.0,180.0,0.0,15061.11,15061.67,60.0,0.3333,0,0.0,0,0.0,0,0.0,0,0.0,1,903600.0,0.3333
MPLADS-000428,3,1545000.0,515000.0,515000.0,515000.0,515000.0,0.0,2023-12-26,2024-04-23,119,59.5,59.5,0.71,10300.0,10300.0,50.0,0.3333,0,0.0,0,0.0,0,0.0,0,0.0,1,515000.0,0.3333
MPLADS-000429,3,1405000.0,468333.33,468300.0,468300.0,468400.0,57.74,2022-11-04,2023-02-27,115,57.5,57.5,0.71,9366.67,9368.0,50.0,0.3334,0,0.0,0,0.0,0,0.0,0,0.0,1,468400.0,0.3334
MPLADS-000430,2,667000.0,333500.0,333500.0,333500.0,333500.0,0.0,2022-08-29,2022-10-29,61,61.0,61.0,0.0,7411.11,7411.11,45.0,0.5,0,0.0,0,0.0,0,0.0,0,0.0,1,333500.0,0.5
MPLADS-000431,3,1001000.0,333666.67,333700.0,333600.0,333700.0,57.74,2022-11-15,2023-02-02,79,39.5,39.5,0.71,11122.22,11123.33,30.0,0.3334,0,0.0,0,0.0,0,0.0,0,0.0,1,333600.0,0.3333
MPLADS-000432,2,950000.0,475000.0,475000.0,475000.0,475000.0,0.0,2023-10-03,2023-11-17,45,45.0,45.0,0.0,10555.56,10555.56,45.0,0.5,0,0.0,0,0.0,0,0.0,0,0.0,1,475000.0,0.5
MPLADS-000433,3,1847000.0,615666.67,615700.0,615600.0,615700.0,57.74,2022-11-01,2023-03-18,137,68.5,68.5,0.71,10261.11,10261.67,60.0,0.3334,0,0.0,1,0.3333,0,0.0,0,0.0,1,615600.0,0.3333
MPLADS-000434,3,3083000.0,1027666.67,1027700.0,1027600.0,1027700.0,57.74,2024-01-13,2024-06-21,160,80.0,80.0,0.0,14680.95,14681.43,70.0,0.3333,0,0.0,0,0.0,0,0.0,0,0.0,1,1027600.0,0.3333
MPLADS-000435,3,2060000.0,686666.67,686700.0,686600.0,686700.0,57.74,2022-08-15,2022-12-20,127,63.5,63.5,0.71,12875.0,12875.62,53.3,0.3333,0,0.0,0,0.0,0,0.0,0,0.0,1,686600.0,0.3333
MPLADS-000436,2,681000.0,340500.0,340500.0,340500.0,340500.0,0.0,2023-09-19,2023-10-21,32,32.0,32.0,0.0,11350.0,11350.0,30.0,0.5,0,0.0,0,0.0,2,1.0,0,0.0,1,340500.0,0.5
MPLADS-000437,3,10042000.0,3347333.33,3347300.0,3347300.0,3347400.0,57.74,2023-12-16,2024-05-06,142,71.0,71.0,0.0,47819.05,47820.0,70.0,0.3333,0,0.0,0,0.0,0,0.0,0,0.0,1,3347400.0,0.3333
MPLADS-000438,3,3309000.0,1103000.0,1103000.0,1103000.0,1103000.0,0.0,2023-04-19,2023-09-02,136,68.0,68.0,0.0,15757.14,15757.14,70.0,0.3333,0,0.0,0,0.0,0,0.0,0,0.0,1,1103000.0,0.3333
MPLADS-000439,3,2079000.0,693000.0,693000.0,693000.0,693000.0,0.0,2023-08-16,2024-01-07,144,72.0,72.0,0.0,9900.0,9900.0,70.0,0.3333,0,0.0,0,0.0,0,0.0,0,0.0,1,693000.0,0.3333
MPLADS-000440,2,731000.0,365500.0,365500.0,365500.0,365500.0,0.0,2023-03-24,2023-05-04,41,41.0,41.0,0.0,8122.22,8122.22,45.0,0.5,0,0.0,1,0.5,0,0.0,0,0.0,1,365500.0,0.5
MPLADS-000441,3,2688000.0,896000.0,896000.0,896000.0,896000.0,0.0,2022-05-24,2022-10-06,135,67.5,67.5,0.71,12800.0,12800.0,70.0,0.3333,0,0.0,0,0.0,0,0.0,0,0.0,1,896000.0,0.3333
MPLADS-000442,3,2144000.0,714666.67,714700.0,714600.0,714700.0,57.74,2022-07-10,2022-10-07,89,44.5,44.5,0.71,17866.67,17867.5,40.0,0.3333,0,0.0,0,0.0,0,0.0,0,0.0,1,714600.0,0.3333
MPLADS-000443,2,506000.0,253000.0,253000.0,253000.0,253000.0,0.0,2022-03-24,2022-05-10,47,47.0,47.0,0.0,8433.33,8433.33,30.0,0.5,0,0.0,0,0.0,0,0.0,0,0.0,1,253000.0,0.5
MPLADS-000444,3,1857000.0,619000.0,619000.0,619000.0,619000.0,0.0,2022-06-08,2022-08-21,74,37.0,37.0,0.0,15475.0,15475.0,40.0,0.3333,0,0.0,0,0.0,0,0.0,0,0.0,1,619000.0,0.3333
MPLADS-000445,2,580000.0,290000.0,290000.0,290000.0,290000.0,0.0,2022-06-26,2022-07-28,32,32.0,32.0,0.0,9666.67,9666.67,30.0,0.5,0,0.0,0,0.0,0,0.0,0,0.0,1,290000.0,0.5
MPLADS-000446,3,4698000.0,1566000.0,1566000.0,1566000.0,1566000.0,0.0,2022-09-26,2023-06-14,261,130.5,130.5,0.71,11745.0,11745.0,133.3,0.3333,0,0.0,0,0.0,0,0.0,0,0.0,1,1566000.0,0.3333
MPLADS-000447,3,1295000.0,431666.67,431700.0,431600.0,431700.0,57.74,2023-10-28,2024-01-22,86,43.0,43.0,0.0,10791.67,10792.5,40.0,0.3334,0,0.0,0,0.0,0,0.0,0,0.0,1,431600.0,0.3333
MPLADS-000448,2,743000.0,371500.0,371500.0,371500.0,371500.0,0.0,2022-04-30,2022-06-30,61,61.0,61.0,0.0,8255.56,8255.56,45.0,0.5,0,0.0,0,0.0,0,0.0,0,0.0,1,371500.0,0.5
MPLADS-000449,3,1001000.0,333666.67,333700.0,333600.0,333700.0,57.74,2023-01-09,2023-03-28,78,39.0,39.0,0.0,11122.22,11123.33,30.0,0.3334,0,0.0,0,0.0,0,0.0,0,0.0,1,333600.0,0.3333
MPLADS-000450,3,3860000.0,1286666.67,1286700.0,1286600.0,1286700.0,57.74,2022-05-12,2022-09-26,137,68.5,68.5,0.71,18380.95,18381.43,70.0,0.3333,0,0.0,0,0.0,0,0.0,0,0.0,1,1286600.0,0.3333
MPLADS-000451,3,3070000.0,1023333.33,1023300.0,1023300.0,1023400.0,57.74,2022-11-11,2023-03-19,128,64.0,64.0,0.0,17055.56,17056.67,60.0,0.3334,0,0.0,1,0.3333,0,0.0,0,0.0,1,1023400.0,0.3334
MPLADS-000452,3,2419000.0,806333.33,806300.0,806300.0,806400.0,57.74,2022-05-16,2022-09-09,116,58.0,58.0,0.0,15118.75,15120.0,53.3,0.3334,0,0.0,0,0.0,0,0.0,0,0.0,1,806400.0,0.3334
MPLADS-000453,2,610000.0,305000.0,305000.0,305000.0,305000.0,0.0,2023-05-03,2023-06-29,57,57.0,57.0,0.0,6777.78,6777.78,45.0,0.5,0,0.0,0,0.0,0,0.0,0,0.0,1,305000.0,0.5
MPLADS-000454,3,4349000.0,1449666.67,1449700.0,1449600.0,1449700.0,57.74,2023-04-17,2023-09-06,142,71.0,71.0,0.0,20709.52,20710.0,70.0,0.3333,0,0.0,0,0.0,0,0.0,0,0.0,1,1449600.0,0.3333
MPLADS-000455,3,12640000.0,4213333.33,4213300.0,4213300.0,4213400.0,57.74,2024-05-27,2025-03-05,282,141.0,141.0,0.0,31600.0,31600.5,133.3,0.3333,0,0.0,0,0.0,0,0.0,0,0.0,1,4213400.0,0.3333
MPLADS-000456,2,585000.0,292500.0,292500.0,292500.0,292500.0,0.0,2022-06-12,2022-07-17,35,35.0,35.0,0.0,9750.0,9750.0,30.0,0.5,0,0.0,0,0.0,0,0.0,0,0.0,1,292500.0,0.5
MPLADS-000457,3,11978000.0,3992666.67,3992700.0,3992600.0,3992700.0,57.74,2022-07-18,2023-04-04,260,130.0,130.0,0.0,29945.0,29945.25,133.3,0.3333,0,0.0,0,0.0,0,0.0,0,0.0,1,3992600.0,0.3333
MPLADS-000458,3,3008000.0,1002666.67,1002700.0,1002600.0,1002700.0,57.74,2023-08-01,2023-11-21,112,56.0,56.0,0.0,16711.11,16711.67,60.0,0.3333,0,0.0,0,0.0,0,0.0,0,0.0,1,1002600.0,0.3333
MPLADS-000459,3,1956000.0,652000.0,652000.0,652000.0,652000.0,0.0,2022-04-30,2022-08-30,122,61.0,61.0,0.0,12225.0,12225.0,53.3,0.3333,0,0.0,0,0.0,0,0.0,0,0.0,1,652000.0,0.3333
MPLADS-000460,3,1656000.0,552000.0,552000.0,552000.0,552000.0,0.0,2022-12-23,2023-03-06,73,36.5,36.5,0.71,13800.0,13800.0,40.0,0.3333,0,0.0,0,0.0,0,0.0,0,0.0,1,552000.0,0.3333
MPLADS-000461,3,1404000.0,468000.0,468000.0,468000.0,468000.0,0.0,2024-02-07,2024-06-14,128,64.0,64.0,0.0,8775.0,8775.0,53.3,0.3333,0,0.0,0,0.0,0,0.0,0,0.0,1,468000.0,0.3333
MPLADS-000462,3,13276000.0,4425333.33,4425300.0,4425300.0,4425400.0,57.74,2024-05-04,2025-02-08,280,140.0,140.0,0.0,33190.0,33190.5,133.3,0.3333,0,0.0,0,0.0,0,0.0,0,0.0,1,4425400.0,0.3333
MPLADS-000463,2,412000.0,206000.0,206000.0,206000.0,206000.0,0.0,2022-07-30,2022-09-09,41,41.0,41.0,0.0,6866.67,6866.67,30.0,0.5,0,0.0,0,0.0,0,0.0,0,0.0,1,206000.0,0.5
MPLADS-000464,2,441000.0,220500.0,220500.0,220500.0,220500.0,0.0,2022-07-23,2022-08-26,34,34.0,34.0,0.0,7350.0,7350.0,30.0,0.5,0,0.0,0,0.0,0,0.0,0,0.0,1,220500.0,0.5
MPLADS-000465,2,723000.0,361500.0,361500.0,361500.0,361500.0,0.0,2023-04-19,2023-07-20,92,92.0,92.0,0.0,4820.0,4820.0,75.0,0.5,0,0.0,0,0.0,0,0.0,0,0.0,1,361500.0,0.5
MPLADS-000466,3,2227000.0,742333.33,742300.0,742300.0,742400.0,57.74,2024-02-02,2024-06-02,121,60.5,60.5,0.71,12372.22,12373.33,60.0,0.3334,0,0.0,0,0.0,0,0.0,0,0.0,1,742400.0,0.3334
MPLADS-000467,3,3197000.0,1065666.67,1065700.0,1065600.0,1065700.0,57.74,2024-02-20,2024-06-19,120,60.0,60.0,0.0,19981.25,19981.88,53.3,0.3333,0,0.0,0,0.0,0,0.0,0,0.0,1,1065600.0,0.3333
MPLADS-000468,3,2758000.0,919333.33,919300.0,919300.0,919400.0,57.74,2024-01-30,2024-06-21,143,71.5,71.5,0.71,13133.34,13134.29,70.0,0.3334,0,0.0,0,0.0,0,0.0,0,0.0,1,919400.0,0.3334
MPLADS-000469,3,2418000.0,806000.0,806000.0,806000.0,806000.0,0.0,2022-04-17,2022-08-19,124,62.0,62.0,0.0,15112.5,15112.5,53.3,0.3333,0,0.0,0,0.0,0,0.0,0,0.0,1,806000.0,0.3333
MPLADS-000470,3,2056000.0,685333.33,685300.0,685300.0,685400.0,57.74,2023-10-15,2024-01-20,97,48.5,48.5,0.71,13706.67,13708.0,50.0,0.3334,0,0.0,0,0.0,0,0.0,0,0.0,1,685400.0,0.3334
MPLADS-000471,3,2506000.0,835333.33,835300.0,835300.0,835400.0,57.74,2024-03-03,2025-09-14,560,280.0,280.0,0.0,11933.34,11934.29,70.0,0.3334,0,0.0,0,0.0,0,0.0,0,0.0,1,835400.0,0.3334
MPLADS-000472,3,16398000.0,5466000.0,5466000.0,5466000.0,5466000.0,0.0,2024-05-06,2025-02-01,271,135.5,135.5,0.71,40995.0,40995.0,133.3,0.3333,0,0.0,0,0.0,0,0.0,0,0.0,1,5466000.0,0.3333
MPLADS-000473,3,6370000.0,2123333.33,2123300.0,2123300.0,2123400.0,57.74,2022-05-05,2022-07-24,80,40.0,40.0,0.0,53083.33,53085.0,40.0,0.3333,0,0.0,0,0.0,0,0.0,0,0.0,1,2123400.0,0.3333
MPLADS-000474,3,1238000.0,412666.67,412700.0,412600.0,412700.0,57.74,2022-11-03,2023-01-12,70,35.0,35.0,0.0,10316.67,10317.5,40.0,0.3334,0,0.0,0,0.0,0,0.0,0,0.0,1,412600.0,0.3333
MPLADS-000475,3,8322000.0,2774000.0,2774000.0,2774000.0,2774000.0,0.0,2023-06-22,2024-04-07,290,145.0,145.0,0.0,20805.0,20805.0,133.3,0.3333,0,0.0,0,0.0,0,0.0,0,0.0,1,2774000.0,0.3333
MPLADS-000476,3,1422000.0,474000.0,474000.0,474000.0,474000.0,0.0,2022-05-11,2022-08-15,96,48.0,48.0,0.0,11850.0,11850.0,40.0,0.3333,0,0.0,0,0.0,0,0.0,0,0.0,1,474000.0,0.3333
MPLADS-000477,2,325000.0,162500.0,162500.0,162500.0,162500.0,0.0,2022-06-29,2022-08-15,47,47.0,47.0,0.0,5416.67,5416.67,30.0,0.5,0,0.0,0,0.0,0,0.0,0,0.0,1,162500.0,0.5
MPLADS-000478,3,3563000.0,1187666.67,1187700.0,1187600.0,1187700.0,57.74,2023-01-24,2023-06-13,140,70.0,70.0,0.0,16966.66,16967.14,70.0,0.3333,0,0.0,0,0.0,0,0.0,0,0.0,1,1187600.0,0.3333
MPLADS-000479,3,2775000.0,925000.0,925000.0,925000.0,925000.0,0.0,2023-03-13,2023-07-27,136,68.0,68.0,0.0,15416.67,15416.67,60.0,0.3333,0,0.0,0,0.0,0,0.0,0,0.0,1,925000.0,0.3333
MPLADS-000480,3,3988000.0,1329333.33,1329300.0,1329300.0,1329400.0,57.74,2023-06-08,2023-08-21,74,37.0,37.0,0.0,44311.11,44313.33,30.0,0.3334,0,0.0,0,0.0,0,0.0,0,0.0,1,1329400.0,0.3334
MPLADS-000481,3,1146000.0,382000.0,382000.0,382000.0,382000.0,0.0,2023-04-09,2023-07-18,100,50.0,50.0,0.0,7640.0,7640.0,50.0,0.3333,0,0.0,0,0.0,0,0.0,0,0.0,1,382000.0,0.3333
MPLADS-000482,2,569000.0,284500.0,284500.0,284500.0,284500.0,0.0,2023-07-13,2023-09-08,57,57.0,57.0,0.0,6322.22,6322.22,45.0,0.5,0,0.0,0,0.0,0,0.0,0,0.0,1,284500.0,0.5
MPLADS-000483,3,12381000.0,4127000.0,4127000.0,4127000.0,4127000.0,0.0,2024-03-07,2024-11-22,260,130.0,130.0,0.0,30952.5,30952.5,133.3,0.3333,0,0.0,0,0.0,0,0.0,0,0.0,1,4127000.0,0.3333
MPLADS-000484,3,2182000.0,727333.33,727300.0,727300.0,727400.0,57.74,2024-01-31,2024-06-15,136,68.0,68.0,0.0,10390.48,10391.43,70.0,0.3334,0,0.0,0,0.0,0,0.0,0,0.0,1,727400.0,0.3334
MPLADS-000485,3,1003000.0,334333.33,334300.0,334300.0,334400.0,57.74,2024-01-03,2024-03-22,79,39.5,39.5,0.71,11144.44,11146.67,30.0,0.3334,0,0.0,0,0.0,0,0.0,0,0.0,1,334400.0,0.3334
MPLADS-000486,2,954000.0,477000.0,477000.0,477000.0,477000.0,0.0,2022-07-19,2022-08-26,38,38.0,38.0,0.0,10600.0,10600.0,45.0,0.5,0,0.0,0,0.0,0,0.0,0,0.0,1,477000.0,0.5
MPLADS-000487,3,1802000.0,600666.67,600700.0,600600.0,600700.0,57.74,2022-08-01,2022-10-13,73,36.5,36.5,0.71,15016.67,15017.5,40.0,0.3334,0,0.0,0,0.0,0,0.0,0,0.0,1,600600.0,0.3333
MPLADS-000488,3,2984000.0,994666.67,994700.0,994600.0,994700.0,57.74,2023-10-23,2024-03-10,139,69.5,69.5,0.71,14209.52,14210.0,70.0,0.3333,0,0.0,0,0.0,0,0.0,0,0.0,1,994600.0,0.3333
MPLADS-000489,3,11770000.0,3923333.33,3923300.0,3923300.0,3923400.0,57.74,2023-07-12,2023-11-14,125,62.5,62.5,0.71,65388.89,65390.0,60.0,0.3333,0,0.0,0,0.0,0,0.0,0,0.0,1,3923400.0,0.3333
MPLADS-000490,3,1766000.0,588666.67,588700.0,588600.0,588700.0,57.74,2022-11-26,2023-03-06,100,50.0,50.0,0.0,14716.67,14717.5,40.0,0.3334,0,0.0,0,0.0,0,0.0,0,0.0,1,588600.0,0.3333
MPLADS-000491,3,8086000.0,2695333.33,2695300.0,2695300.0,2695400.0,57.74,2022-06-24,2023-03-31,280,140.0,140.0,0.0,20215.0,20215.5,133.3,0.3333,0,0.0,0,0.0,3,1.0,0,0.0,1,2695400.0,0.3333
MPLADS-000492,2,468000.0,234000.0,234000.0,234000.0,234000.0,0.0,2024-04-26,2024-08-24,120,120.0,120.0,0.0,7800.0,7800.0,30.0,0.5,0,0.0,0,0.0,0,0.0,0,0.0,1,234000.0,0.5
MPLADS-000493,2,412000.0,206000.0,206000.0,206000.0,206000.0,0.0,2023-05-01,2023-06-10,40,40.0,40.0,0.0,6866.67,6866.67,30.0,0.5,0,0.0,0,0.0,0,0.0,0,0.0,1,206000.0,0.5
MPLADS-000494,2,665000.0,332500.0,332500.0,332500.0,332500.0,0.0,2022-06-09,2022-07-24,45,45.0,45.0,0.0,7388.89,7388.89,45.0,0.5,0,0.0,0,0.0,0,0.0,0,0.0,1,332500.0,0.5
MPLADS-000495,2,904000.0,452000.0,452000.0,452000.0,452000.0,0.0,2023-11-12,2024-03-26,135,135.0,135.0,0.0,10044.44,10044.44,45.0,0.5,0,0.0,0,0.0,0,0.0,0,0.0,1,452000.0,0.5
MPLADS-000496,2,400000.0,200000.0,200000.0,200000.0,200000.0,0.0,2022-11-28,2023-01-07,40,40.0,40.0,0.0,6666.67,6666.67,30.0,0.5,0,0.0,0,0.0,0,0.0,2,1.0,1,200000.0,0.5
MPLADS-000497,3,2148000.0,716000.0,716000.0,716000.0,716000.0,0.0,2022-10-03,2023-01-07,96,48.0,48.0,0.0,17900.0,17900.0,40.0,0.3333,0,0.0,0,0.0,0,0.0,0,0.0,1,716000.0,0.3333
MPLADS-000498,2,661000.0,330500.0,330500.0,330500.0,330500.0,0.0,2022-05-10,2022-06-22,43,43.0,43.0,0.0,7344.44,7344.44,45.0,0.5,0,0.0,0,0.0,0,0.0,0,0.0,1,330500.0,0.5
MPLADS-000499,3,1958000.0,652666.67,652700.0,652600.0,652700.0,57.74,2022-11-15,2023-04-05,141,70.5,70.5,0.71,9323.81,9324.29,70.0,0.3334,0,0.0,0,0.0,0,0.0,0,0.0,1,652600.0,0.3333
MPLADS-000500,3,3688000.0,1229333.33,1229300.0,1229300.0,1229400.0,57.74,2022-10-30,2023-01-21,83,41.5,41.5,0.71,30733.33,30735.0,40.0,0.3334,0,0.0,0,0.0,0,0.0,0,0.0,1,1229400.0,0.3334
MPLADS-000501,3,1526000.0,508666.67,508700.0,508600.0,508700.0,57.74,2023-12-08,2024-03-29,112,56.0,56.0,0.0,9537.5,9538.12,53.3,0.3334,0,0.0,0,0.0,3,1.0,0,0.0,1,508600.0,0.3333
MPLADS-000502,2,725000.0,362500.0,362500.0,362500.0,362500.0,0.0,2023-08-02,2023-09-29,58,58.0,58.0,0.0,8055.56,8055.56,45.0,0.5,0,0.0,0,0.0,0,0.0,0,0.0,1,362500.0,0.5
MPLADS-000503,3,1643000.0,547666.67,547700.0,547600.0,547700.0,57.74,2022-08-31,2023-01-01,123,61.5,61.5,0.71,10953.33,10954.0,50.0,0.3334,0,0.0,0,0.0,0,0.0,0,0.0,1,547600.0,0.3333
MPLADS-000504,3,2105000.0,701666.67,701700.0,701600.0,701700.0,57.74,2023-02-07,2023-05-01,83,41.5,41.5,0.71,17541.67,17542.5,40.0,0.3333,0,0.0,1,0.3333,0,0.0,0,0.0,1,701600.0,0.3333
MPLADS-000505,3,1018000.0,339333.33,339300.0,339300.0,339400.0,57.74,2022-04-21,2022-06-24,64,32.0,32.0,0.0,11311.11,11313.33,30.0,0.3334,0,0.0,0,0.0,0,0.0,0,0.0,1,339400.0,0.3334
MPLADS-000506,3,2929000.0,976333.33,976300.0,976300.0,976400.0,57.74,2023-10-14,2024-02-27,136,68.0,68.0,0.0,16272.22,16273.33,60.0,0.3334,0,0.0,0,0.0,0,0.0,0,0.0,1,976400.0,0.3334
MPLADS-000507,3,1919000.0,639666.67,639700.0,639600.0,639700.0,57.74,2023-12-23,2024-04-19,118,59.0,59.0,0.0,12793.33,12794.0,50.0,0.3334,0,0.0,0,0.0,0,0.0,0,0.0,1,639600.0,0.3333
MPLADS-000508,3,44992000.0,14997333.33,14997300.0,14997300.0,14997400.0,57.74,2022-10-22,2023-07-18,269,134.5,134.5,0.71,112480.0,112480.5,133.3,0.3333,0,0.0,0,0.0,0,0.0,0,0.0,1,14997400.0,0.3333
MPLADS-000509,3,1604000.0,534666.67,534700.0,534600.0,534700.0,57.74,2024-01-18,2024-05-14,117,58.5,58.5,0.71,10025.0,10025.62,53.3,0.3334,0,0.0,1,0.3333,0,0.0,0,0.0,1,534600.0,0.3333
MPLADS-000510,3,2480000.0,826666.67,826700.0,826600.0,826700.0,57.74,2024-06-08,2025-08-02,420,210.0,210.0,0.0,11809.52,11810.0,70.0,0.3333,0,0.0,0,0.0,0,0.0,0,0.0,1,826600.0,0.3333
MPLADS-000511,3,1282000.0,427333.33,427300.0,427300.0,427400.0,57.74,2023-11-02,2024-02-13,103,51.5,51.5,0.71,10683.33,10685.0,40.0,0.3334,0,0.0,0,0.0,0,0.0,0,0.0,1,427400.0,0.3334
MPLADS-000512,2,315000.0,157500.0,157500.0,157500.0,157500.0,0.0,2023-05-08,2023-06-23,46,46.0,46.0,0.0,5250.0,5250.0,30.0,0.5,0,0.0,0,0.0,0,0.0,0,0.0,1,157500.0,0.5
MPLADS-000513,3,1967000.0,655666.67,655700.0,655600.0,655700.0,57.74,2022-11-09,2023-01-26,78,39.0,39.0,0.0,16391.67,16392.5,40.0,0.3334,0,0.0,0,0.0,0,0.0,0,0.0,1,655600.0,0.3333
MPLADS-000514,3,1127000.0,375666.67,375700.0,375600.0,375700.0,57.74,2022-07-16,2022-11-11,118,59.0,59.0,0.0,7513.33,7514.0,50.0,0.3334,0,0.0,0,0.0,0,0.0,0,0.0,1,375600.0,0.3333
MPLADS-000515,3,11529000.0,3843000.0,3843000.0,3843000.0,3843000.0,0.0,2024-04-04,2024-12-25,265,132.5,132.5,0.71,28822.5,28822.5,133.3,0.3333,0,0.0,0,0.0,0,0.0,0,0.0,1,3843000.0,0.3333
MPLADS-000516,3,11565000.0,3855000.0,3855000.0,3855000.0,3855000.0,0.0,2023-02-02,2023-06-27,145,72.5,72.5,0.71,55071.43,55071.43,70.0,0.3333,0,0.0,0,0.0,0,0.0,0,0.0,1,3855000.0,0.3333
MPLADS-000517,3,2045000.0,681666.67,681700.0,681600.0,681700.0,57.74,2022-08-27,2023-01-14,140,70.0,70.0,0.0,11361.11,11361.67,60.0,0.3333,0,0.0,0,0.0,0,0.0,0,0.0,1,681600.0,0.3333
MPLADS-000518,2,553000.0,276500.0,276500.0,276500.0,276500.0,0.0,2023-06-14,2023-07-17,33,33.0,33.0,0.0,9216.67,9216.67,30.0,0.5,0,0.0,0,0.0,0,0.0,0,0.0,1,276500.0,0.5
MPLADS-000519,2,832000.0,416000.0,416000.0,416000.0,416000.0,0.0,2023-02-22,2023-04-13,50,50.0,50.0,0.0,9244.44,9244.44,45.0,0.5,0,0.0,0,0.0,0,0.0,0,0.0,1,416000.0,0.5
MPLADS-000520,3,4551000.0,1517000.0,1517000.0,1517000.0,1517000.0,0.0,2022-09-30,2023-01-31,123,61.5,61.5,0.71,28443.75,28443.75,53.3,0.3333,0,0.0,0,0.0,0,0.0,0,0.0,1,1517000.0,0.3333
MPLADS-000521,3,2181000.0,727000.0,727000.0,727000.0,727000.0,0.0,2023-11-26,2024-03-27,122,61.0,61.0,0.0,12116.67,12116.67,60.0,0.3333,0,0.0,0,0.0,0,0.0,0,0.0,1,727000.0,0.3333
MPLADS-000522,3,2142000.0,714000.0,714000.0,714000.0,714000.0,0.0,2022-10-18,2023-02-18,123,61.5,61.5,0.71,13387.5,13387.5,53.3,0.3333,0,0.0,0,0.0,0,0.0,0,0.0,1,714000.0,0.3333
MPLADS-000523,2,782000.0,391000.0,391000.0,391000.0,391000.0,0.0,2022-05-13,2022-07-05,53,53.0,53.0,0.0,8688.89,8688.89,45.0,0.5,0,0.0,0,0.0,0,0.0,0,0.0,1,391000.0,0.5
MPLADS-000524,3,8695000.0,2898333.33,2898300.0,2898300.0,2898400.0,57.74,2022-08-01,2023-04-18,260,130.0,130.0,0.0,21737.5,21738.0,133.3,0.3333,0,0.0,0,0.0,0,0.0,0,0.0,1,2898400.0,0.3333
MPLADS-000525,3,1823000.0,607666.67,607700.0,607600.0,607700.0,57.74,2023-11-08,2024-02-25,109,54.5,54.5,0.71,11393.75,11394.38,53.3,0.3334,0,0.0,0,0.0,0,0.0,0,0.0,1,607600.0,0.3333
MPLADS-000526,3,2350000.0,783333.33,783300.0,783300.0,783400.0,57.74,2024-02-16,2024-07-19,154,77.0,77.0,0.0,11190.48,11191.43,70.0,0.3334,0,0.0,0,0.0,0,0.0,0,0.0,1,783400.0,0.3334
MPLADS-000527,3,12027000.0,4009000.0,4009000.0,4009000.0,4009000.0,0.0,2023-09-13,2024-06-03,264,132.0,132.0,0.0,30067.5,30067.5,133.3,0.3333,0,0.0,0,0.0,0,0.0,0,0.0,1,4009000.0,0.3333
MPLADS-000528,3,10856000.0,3618666.67,3618700.0,3618600.0,3618700.0,57.74,2022-09-24,2023-07-04,283,141.5,141.5,0.71,27140.0,27140.25,133.3,0.3333,0,0.0,0,0.0,0,0.0,0,0.0,1,3618600.0,0.3333
MPLADS-000529,3,3700000.0,1233333.33,1233300.0,1233300.0,1233400.0,57.74,2023-02-22,2023-07-28,156,78.0,78.0,0.0,17619.05,17620.0,70.0,0.3334,0,0.0,0,0.0,0,0.0,0,0.0,1,1233400.0,0.3334
MPLADS-000530,3,2135000.0,711666.67,711700.0,711600.0,711700.0,57.74,2023-09-18,2023-12-08,81,40.5,40.5,0.71,17791.67,17792.5,40.0,0.3333,0,0.0,0,0.0,0,0.0,0,0.0,1,711600.0,0.3333
MPLADS-000531,2,823000.0,411500.0,411500.0,411500.0,411500.0,0.0,2022-07-05,2022-08-29,55,55.0,55.0,0.0,9144.44,9144.44,45.0,0.5,0,0.0,0,0.0,0,0.0,0,0.0,1,411500.0,0.5
MPLADS-000532,3,3175000.0,1058333.33,1058300.0,1058300.0,1058400.0,57.74,2022-10-03,2023-02-14,134,67.0,67.0,0.0,15119.05,15120.0,70.0,0.3334,0,0.0,0,0.0,0,0.0,0,0.0,1,1058400.0,0.3334
MPLADS-000533,2,906000.0,453000.0,453000.0,453000.0,453000.0,0.0,2022-04-04,2022-06-02,59,59.0,59.0,0.0,10066.67,10066.67,45.0,0.5,0,0.0,0,0.0,0,0.0,0,0.0,1,453000.0,0.5
MPLADS-000534,3,1355000.0,451666.67,451700.0,451600.0,451700.0,57.74,2023-08-02,2023-11-12,102,51.0,51.0,0.0,9033.33,9034.0,50.0,0.3334,0,0.0,0,0.0,0,0.0,0,0.0,1,451600.0,0.3333
MPLADS-000535,3,2809000.0,936333.33,936300.0,936300.0,936400.0,57.74,2022-03-10,2022-06-16,98,49.0,49.0,0.0,17556.25,17557.5,53.3,0.3334,0,0.0,0,0.0,0,0.0,0,0.0,1,936400.0,0.3334
MPLADS-000536,3,1329000.0,443000.0,443000.0,443000.0,443000.0,0.0,2023-07-09,2023-11-06,120,60.0,60.0,0.0,8860.0,8860.0,50.0,0.3333,0,0.0,0,0.0,0,0.0,0,0.0,1,443000.0,0.3333
MPLADS-000537,3,3195000.0,1065000.0,1065000.0,1065000.0,1065000.0,0.0,2023-10-19,2024-03-21,154,77.0,77.0,0.0,15214.29,15214.29,70.0,0.3333,0,0.0,0,0.0,0,0.0,0,0.0,1,1065000.0,0.3333
MPLADS-000538,3,10155000.0,3385000.0,3385000.0,3385000.0,3385000.0,0.0,2023-10-27,2024-07-26,273,136.5,136.5,0.71,25387.5,25387.5,133.3,0.3333,0,0.0,0,0.0,0,0.0,0,0.0,1,3385000.0,0.3333
MPLADS-000539,3,1513000.0,504333.33,504300.0,504300.0,504400.0,57.74,2022-10-23,2023-02-24,124,62.0,62.0,0.0,9456.25,9457.5,53.3,0.3334,0,0.0,0,0.0,0,0.0,0,0.0,1,504400.0,0.3334
MPLADS-000540,3,1522000.0,507333.33,507300.0,507300.0,507400.0,57.74,2022-08-25,2022-12-03,100,50.0,50.0,0.0,9512.5,9513.75,53.3,0.3334,0,0.0,0,0.0,0,0.0,0,0.0,1,507400.0,0.3334
MPLADS-000541,3,2527000.0,842333.33,842300.0,842300.0,842400.0,57.74,2022-12-26,2023-05-30,155,77.5,77.5,0.71,12033.34,12034.29,70.0,0.3334,0,0.0,0,0.0,3,1.0,0,0.0,1,842400.0,0.3334
MPLADS-000542,3,9784000.0,3261333.33,3261300.0,3261300.0,3261400.0,57.74,2023-10-02,2024-07-07,279,139.5,139.5,0.71,24460.0,24460.5,133.3,0.3333,0,0.0,0,0.0,0,0.0,0,0.0,1,3261400.0,0.3333
MPLADS-000543,3,1227000.0,409000.0,409000.0,409000.0,409000.0,0.0,2023-06-15,2023-10-11,118,59.0,59.0,0.0,8180.0,8180.0,50.0,0.3333,0,0.0,0,0.0,0,0.0,0,0.0,1,409000.0,0.3333
MPLADS-000544,2,535000.0,267500.0,267500.0,267500.0,267500.0,0.0,2023-10-24,2023-11-25,32,32.0,32.0,0.0,8916.67,8916.67,30.0,0.5,0,0.0,0,0.0,0,0.0,0,0.0,1,267500.0,0.5
MPLADS-000545,3,1856000.0,618666.67,618700.0,618600.0,618700.0,57.74,2022-12-27,2023-03-10,73,36.5,36.5,0.71,15466.67,15467.5,40.0,0.3334,0,0.0,0,0.0,0,0.0,0,0.0,1,618600.0,0.3333
MPLADS-000546,3,1220000.0,406666.67,406700.0,406600.0,406700.0,57.74,2023-10-07,2024-01-22,107,53.5,53.5,0.71,8133.33,8134.0,50.0,0.3334,0,0.0,0,0.0,0,0.0,0,0.0,1,406600.0,0.3333
MPLADS-000547,2,469000.0,234500.0,234500.0,234500.0,234500.0,0.0,2022-08-31,2022-09-23,23,23.0,23.0,0.0,7816.67,7816.67,30.0,0.5,0,0.0,0,0.0,2,1.0,0,0.0,1,234500.0,0.5
MPLADS-000548,3,2406000.0,802000.0,802000.0,802000.0,802000.0,0.0,2022-10-12,2023-02-22,133,66.5,66.5,0.71,11457.14,11457.14,70.0,0.3333,0,0.0,0,0.0,0,0.0,0,0.0,1,802000.0,0.3333
MPLADS-000549,2,793000.0,396500.0,396500.0,396500.0,396500.0,0.0,2023-02-12,2023-04-10,57,57.0,57.0,0.0,8811.11,8811.11,45.0,0.5,0,0.0,0,0.0,0,0.0,0,0.0,1,396500.0,0.5
MPLADS-000550,3,1274000.0,424666.67,424700.0,424600.0,424700.0,57.74,2023-11-13,2024-03-14,122,61.0,61.0,0.0,8493.33,8494.0,50.0,0.3334,0,0.0,0,0.0,3,1.0,0,0.0,1,424600.0,0.3333
MPLADS-000551,3,1808000.0,602666.67,602700.0,602600.0,602700.0,57.74,2024-04-12,2025-02-26,320,160.0,160.0,0.0,11300.0,11300.62,53.3,0.3334,0,0.0,0,0.0,0,0.0,0,0.0,1,602600.0,0.3333
MPLADS-000552,3,1433000.0,477666.67,477700.0,477600.0,477700.0,57.74,2022-08-17,2022-11-28,103,51.5,51.5,0.71,11941.67,11942.5,40.0,0.3334,0,0.0,0,0.0,0,0.0,0,0.0,1,477600.0,0.3333
MPLADS-000553,3,9425000.0,3141666.67,3141700.0,3141600.0,3141700.0,57.74,2022-11-18,2023-03-19,121,60.5,60.5,0.71,58906.25,58906.88,53.3,0.3333,0,0.0,0,0.0,0,0.0,0,0.0,1,3141600.0,0.3333
MPLADS-000554,2,543000.0,271500.0,271500.0,271500.0,271500.0,0.0,2022-11-22,2023-01-23,62,62.0,62.0,0.0,6033.33,6033.33,45.0,0.5,0,0.0,0,0.0,0,0.0,0,0.0,1,271500.0,0.5
MPLADS-000555,3,7402000.0,2467333.33,2467300.0,2467300.0,2467400.0,57.74,2023-06-05,2023-09-16,103,51.5,51.5,0.71,49346.67,49348.0,50.0,0.3333,0,0.0,0,0.0,0,0.0,0,0.0,1,2467400.0,0.3333
MPLADS-000556,3,2799000.0,933000.0,933000.0,933000.0,933000.0,0.0,2022-08-04,2022-12-06,124,62.0,62.0,0.0,15550.0,15550.0,60.0,0.3333,0,0.0,0,0.0,0,0.0,0,0.0,1,933000.0,0.3333
MPLADS-000557,3,4763000.0,1587666.67,1587700.0,1587600.0,1587700.0,57.74,2022-05-15,2022-09-30,138,69.0,69.0,0.0,22680.95,22681.43,70.0,0.3333,0,0.0,0,0.0,0,0.0,0,0.0,1,1587600.0,0.3333
MPLADS-000558,3,2705000.0,901666.67,901700.0,901600.0,901700.0,57.74,2023-05-11,2023-09-28,140,70.0,70.0,0.0,15027.78,15028.33,60.0,0.3333,0,0.0,0,0.0,0,0.0,0,0.0,1,901600.0,0.3333
MPLADS-000559,3,1264000.0,421333.33,421300.0,421300.0,421400.0,57.74,2023-01-10,2023-04-23,103,51.5,51.5,0.71,8426.67,8428.0,50.0,0.3334,0,0.0,0,0.0,0,0.0,0,0.0,1,421400.0,0.3334
MPLADS-000560,2,334000.0,167000.0,167000.0,167000.0,167000.0,0.0,2023-04-19,2023-05-15,26,26.0,26.0,0.0,5566.67,5566.67,30.0,0.5,0,0.0,0,0.0,0,0.0,0,0.0,1,167000.0,0.5
MPLADS-000561,3,1428000.0,476000.0,476000.0,476000.0,476000.0,0.0,2023-04-23,2023-08-24,123,61.5,61.5,0.71,8925.0,8925.0,53.3,0.3333,0,0.0,0,0.0,0,0.0,0,0.0,1,476000.0,0.3333
MPLADS-000562,3,9959000.0,3319666.67,3319700.0,3319600.0,3319700.0,57.74,2023-12-05,2024-08-29,268,134.0,134.0,0.0,24897.5,24897.75,133.3,0.3333,0,0.0,0,0.0,0,0.0,0,0.0,1,3319600.0,0.3333
MPLADS-000563,3,1016000.0,338666.67,338700.0,338600.0,338700.0,57.74,2023-08-29,2023-12-09,102,51.0,51.0,0.0,6773.33,6774.0,50.0,0.3334,0,0.0,0,0.0,0,0.0,0,0.0,1,338600.0,0.3333
MPLADS-000564,3,2488000.0,829333.33,829300.0,829300.0,829400.0,57.74,2023-08-10,2023-10-27,78,39.0,39.0,0.0,20733.33,20735.0,40.0,0.3334,0,0.0,0,0.0,0,0.0,0,0.0,1,829400.0,0.3334
MPLADS-000565,3,1339000.0,446333.33,446300.0,446300.0,446400.0,57.74,2023-03-16,2023-06-26,102,51.0,51.0,0.0,8926.67,8928.0,50.0,0.3334,0,0.0,0,0.0,0,0.0,0,0.0,1,446400.0,0.3334
MPLADS-000566,2,515000.0,257500.0,257500.0,257500.0,257500.0,0.0,2022-08-26,2022-09-21,26,26.0,26.0,0.0,8583.33,8583.33,30.0,0.5,0,0.0,0,0.0,0,0.0,0,0.0,1,257500.0,0.5
MPLADS-000567,2,676000.0,338000.0,338000.0,338000.0,338000.0,0.0,2022-05-27,2022-06-26,30,30.0,30.0,0.0,11266.67,11266.67,30.0,0.5,0,0.0,0,0.0,0,0.0,0,0.0,1,338000.0,0.5
MPLADS-000568,3,16047000.0,5349000.0,5349000.0,5349000.0,5349000.0,0.0,2023-08-29,2024-05-27,272,136.0,136.0,0.0,40117.5,40117.5,133.3,0.3333,0,0.0,0,0.0,0,0.0,0,0.0,1,5349000.0,0.3333
MPLADS-000569,3,1243000.0,414333.33,414300.0,414300.0,414400.0,57.74,2022-03-30,2022-07-08,100,50.0,50.0,0.0,8286.67,8288.0,50.0,0.3334,0,0.0,0,0.0,0,0.0,0,0.0,1,414400.0,0.3334
MPLADS-000570,3,1685000.0,561666.67,561700.0,561600.0,561700.0,57.74,2023-08-05,2023-11-17,104,52.0,52.0,0.0,11233.33,11234.0,50.0,0.3334,0,0.0,0,0.0,0,0.0,0,0.0,1,561600.0,0.3333
MPLADS-000571,2,857000.0,428500.0,428500.0,428500.0,428500.0,0.0,2023-08-13,2023-09-29,47,47.0,47.0,0.0,9522.22,9522.22,45.0,0.5,0,0.0,0,0.0,0,0.0,0,0.0,1,428500.0,0.5
MPLADS-000572,3,1366000.0,455333.33,455300.0,455300.0,455400.0,57.74,2023-07-12,2023-10-16,96,48.0,48.0,0.0,11383.33,11385.0,40.0,0.3334,0,0.0,0,0.0,0,0.0,0,0.0,1,455400.0,0.3334
MPLADS-000573,2,559000.0,279500.0,279500.0,279500.0,279500.0,0.0,2022-07-23,2022-08-20,28,28.0,28.0,0.0,9316.67,9316.67,30.0,0.5,0,0.0,0,0.0,0,0.0,0,0.0,1,279500.0,0.5
MPLADS-000574,3,3224000.0,1074666.67,1074700.0,1074600.0,1074700.0,57.74,2022-08-03,2023-01-11,161,80.5,80.5,0.71,15352.38,15352.86,70.0,0.3333,0,0.0,0,0.0,0,0.0,0,0.0,1,1074600.0,0.3333
MPLADS-000575,3,2534000.0,844666.67,844700.0,844600.0,844700.0,57.74,2023-08-10,2023-12-20,132,66.0,66.0,0.0,14077.78,14078.33,60.0,0.3333,0,0.0,0,0.0,0,0.0,0,0.0,1,844600.0,0.3333
MPLADS-000576,3,2031000.0,677000.0,677000.0,677000.0,677000.0,0.0,2023-05-30,2023-09-29,122,61.0,61.0,0.0,13540.0,13540.0,50.0,0.3333,0,0.0,0,0.0,0,0.0,0,0.0,1,677000.0,0.3333
MPLADS-000577,2,620000.0,310000.0,310000.0,310000.0,310000.0,0.0,2023-10-27,2023-12-24,58,58.0,58.0,0.0,6888.89,6888.89,45.0,0.5,0,0.0,0,0.0,0,0.0,0,0.0,1,310000.0,0.5
MPLADS-000578,2,475000.0,237500.0,237500.0,237500.0,237500.0,0.0,2022-04-30,2022-06-02,33,33.0,33.0,0.0,7916.67,7916.67,30.0,0.5,0,0.0,0,0.0,0,0.0,0,0.0,1,237500.0,0.5
MPLADS-000579,3,1105000.0,368333.33,368300.0,368300.0,368400.0,57.74,2023-03-13,2023-07-13,122,61.0,61.0,0.0,7366.67,7368.0,50.0,0.3334,0,0.0,0,0.0,0,0.0,0,0.0,1,368400.0,0.3334
MPLADS-000580,2,584000.0,292000.0,292000.0,292000.0,292000.0,0.0,2023-01-21,2023-03-01,39,39.0,39.0,0.0,9733.33,9733.33,30.0,0.5,0,0.0,1,0.5,0,0.0,0,0.0,1,292000.0,0.5
MPLADS-000581,3,7711000.0,2570333.33,2570300.0,2570300.0,2570400.0,57.74,2023-08-05,2023-11-20,107,53.5,53.5,0.71,51406.67,51408.0,50.0,0.3333,0,0.0,0,0.0,0,0.0,0,0.0,1,2570400.0,0.3333
MPLADS-000582,3,10183000.0,3394333.33,3394300.0,3394300.0,3394400.0,57.74,2023-01-13,2023-05-19,126,63.0,63.0,0.0,56572.22,56573.33,60.0,0.3333,0,0.0,0,0.0,0,0.0,0,0.0,1,3394400.0,0.3333
MPLADS-000583,3,2110000.0,703333.33,703300.0,703300.0,703400.0,57.74,2022-12-26,2023-04-07,102,51.0,51.0,0.0,13187.5,13188.75,53.3,0.3334,0,0.0,0,0.0,0,0.0,0,0.0,1,703400.0,0.3334
MPLADS-000584,3,1920000.0,640000.0,640000.0,640000.0,640000.0,0.0,2024-07-20,2026-01-31,560,280.0,280.0,0.0,9142.86,9142.86,70.0,0.3333,0,0.0,0,0.0,0,0.0,0,0.0,1,640000.0,0.3333
MPLADS-000585,3,3495000.0,1165000.0,1165000.0,1165000.0,1165000.0,0.0,2023-05-08,2023-08-14,98,49.0,49.0,0.0,21843.75,21843.75,53.3,0.3333,0,0.0,0,0.0,0,0.0,0,0.0,1,1165000.0,0.3333
MPLADS-000586,3,1500000.0,500000.0,500000.0,500000.0,500000.0,0.0,2022-09-14,2022-12-29,106,53.0,53.0,0.0,10000.0,10000.0,50.0,0.3333,0,0.0,0,0.0,0,0.0,3,1.0,1,500000.0,0.3333
MPLADS-000587,3,2227000.0,742333.33,742300.0,742300.0,742400.0,57.74,2023-08-28,2023-12-08,102,51.0,51.0,0.0,18558.33,18560.0,40.0,0.3334,0,0.0,0,0.0,0,0.0,0,0.0,1,742400.0,0.3334
MPLADS-000588,3,1386000.0,462000.0,462000.0,462000.0,462000.0,0.0,2023-03-07,2023-05-19,73,36.5,36.5,0.71,11550.0,11550.0,40.0,0.3333,0,0.0,0,0.0,0,0.0,0,0.0,1,462000.0,0.3333
MPLADS-000589,3,2572000.0,857333.33,857300.0,857300.0,857400.0,57.74,2022-12-17,2024-02-10,420,210.0,210.0,0.0,12247.62,12248.57,70.0,0.3334,0,0.0,0,0.0,0,0.0,0,0.0,1,857400.0,0.3334
MPLADS-000590,3,1606000.0,535333.33,535300.0,535300.0,535400.0,57.74,2023-06-29,2023-11-08,132,66.0,66.0,0.0,8922.22,8923.33,60.0,0.3334,0,0.0,0,0.0,0,0.0,0,0.0,1,535400.0,0.3334
MPLADS-000591,3,1246000.0,415333.33,415300.0,415300.0,415400.0,57.74,2023-05-23,2023-08-27,96,48.0,48.0,0.0,10383.33,10385.0,40.0,0.3334,0,0.0,0,0.0,0,0.0,0,0.0,1,415400.0,0.3334
MPLADS-000592,3,3251000.0,1083666.67,1083700.0,1083600.0,1083700.0,57.74,2023-01-20,2024-03-15,420,210.0,210.0,0.0,15480.95,15481.43,70.0,0.3333,0,0.0,0,0.0,0,0.0,0,0.0,1,1083600.0,0.3333
MPLADS-000593,2,925000.0,462500.0,462500.0,462500.0,462500.0,0.0,2023-11-06,2023-12-16,40,40.0,40.0,0.0,10277.78,10277.78,45.0,0.5,0,0.0,0,0.0,0,0.0,0,0.0,1,462500.0,0.5
MPLADS-000594,3,2900000.0,966666.67,966700.0,966600.0,966700.0,57.74,2022-06-24,2022-12-01,160,80.0,80.0,0.0,13809.52,13810.0,70.0,0.3333,0,0.0,0,0.0,0,0.0,0,0.0,1,966600.0,0.3333
MPLADS-000595,3,1592000.0,530666.67,530700.0,530600.0,530700.0,57.74,2023-02-13,2023-06-13,120,60.0,60.0,0.0,10613.33,10614.0,50.0,0.3334,0,0.0,0,0.0,0,0.0,0,0.0,1,530600.0,0.3333
MPLADS-000596,3,10029000.0,3343000.0,3343000.0,3343000.0,3343000.0,0.0,2024-01-06,2024-09-28,266,133.0,133.0,0.0,25072.5,25072.5,133.3,0.3333,0,0.0,0,0.0,0,0.0,0,0.0,1,3343000.0,0.3333
MPLADS-000597,3,1849000.0,616333.33,616300.0,616300.0,616400.0,57.74,2022-10-05,2023-01-15,102,51.0,51.0,0.0,12326.67,12328.0,50.0,0.3334,0,0.0,0,0.0,0,0.0,0,0.0,1,616400.0,0.3334
MPLADS-000598,3,2086000.0,695333.33,695300.0,695300.0,695400.0,57.74,2023-08-07,2023-11-29,114,57.0,57.0,0.0,13037.5,13038.75,53.3,0.3334,0,0.0,0,0.0,0,0.0,0,0.0,1,695400.0,0.3334
MPLADS-000599,3,3162000.0,1054000.0,1054000.0,1054000.0,1054000.0,0.0,2023-01-18,2023-06-27,160,80.0,80.0,0.0,15057.14,15057.14,70.0,0.3333,0,0.0,0,0.0,0,0.0,0,0.0,1,1054000.0,0.3333
MPLADS-000600,3,2049000.0,683000.0,683000.0,683000.0,683000.0,0.0,2022-07-16,2022-12-02,139,69.5,69.5,0.71,9757.14,9757.14,70.0,0.3333,0,0.0,0,0.0,0,0.0,0,0.0,1,683000.0,0.3333
MPLADS-000601,3,3401000.0,1133666.67,1133700.0,1133600.0,1133700.0,57.74,2023-10-26,2024-03-16,142,71.0,71.0,0.0,16195.24,16195.71,70.0,0.3333,0,0.0,0,0.0,3,1.0,0,0.0,1,1133600.0,0.3333
MPLADS-000602,3,1487000.0,495666.67,495700.0,495600.0,495700.0,57.74,2022-10-16,2023-02-01,108,54.0,54.0,0.0,9293.75,9294.38,53.3,0.3334,0,0.0,0,0.0,0,0.0,0,0.0,1,495600.0,0.3333
MPLADS-000603,3,2667000.0,889000.0,889000.0,889000.0,889000.0,0.0,2023-10-13,2024-02-27,137,68.5,68.5,0.71,12700.0,12700.0,70.0,0.3333,0,0.0,0,0.0,0,0.0,0,0.0,1,889000.0,0.3333
MPLADS-000604,3,1730000.0,576666.67,576700.0,576600.0,576700.0,57.74,2023-07-17,2023-11-20,126,63.0,63.0,0.0,9611.11,9611.67,60.0,0.3334,0,0.0,0,0.0,0,0.0,0,0.0,1,576600.0,0.3333
MPLADS-000605,3,3175000.0,1058333.33,1058300.0,1058300.0,1058400.0,57.74,2022-10-22,2023-03-12,141,70.5,70.5,0.71,17638.89,17640.0,60.0,0.3334,0,0.0,1,0.3333,0,0.0,0,0.0,1,1058400.0,0.3334
MPLADS-000606,3,1764000.0,588000.0,588000.0,588000.0,588000.0,0.0,2022-07-21,2022-10-05,76,38.0,38.0,0.0,14700.0,14700.0,40.0,0.3333,0,0.0,0,0.0,0,0.0,0,0.0,1,588000.0,0.3333
MPLADS-000607,3,2344000.0,781333.33,781300.0,781300.0,781400.0,57.74,2022-09-04,2023-01-06,124,62.0,62.0,0.0,13022.22,13023.33,60.0,0.3334,0,0.0,0,0.0,0,0.0,0,0.0,1,781400.0,0.3334
MPLADS-000608,3,1707000.0,569000.0,569000.0,569000.0,569000.0,0.0,2022-04-11,2022-06-02,52,26.0,26.0,0.0,28450.0,28450.0,20.0,0.3333,0,0.0,0,0.0,0,0.0,0,0.0,1,569000.0,0.3333
MPLADS-000609,3,1492000.0,497333.33,497300.0,497300.0,497400.0,57.74,2023-09-06,2023-12-25,110,55.0,55.0,0.0,9946.67,9948.0,50.0,0.3334,0,0.0,0,0.0,0,0.0,0,0.0,1,497400.0,0.3334
MPLADS-000610,3,3024000.0,1008000.0,1008000.0,1008000.0,1008000.0,0.0,2022-06-20,2022-10-30,132,66.0,66.0,0.0,14400.0,14400.0,70.0,0.3333,0,0.0,0,0.0,0,0.0,0,0.0,1,1008000.0,0.3333
MPLADS-000611,3,1919000.0,639666.67,639700.0,639600.0,639700.0,57.74,2024-02-03,2024-06-10,128,64.0,64.0,0.0,10661.11,10661.67,60.0,0.3334,0,0.0,0,0.0,0,0.0,0,0.0,1,639600.0,0.3333
MPLADS-000612,3,2107000.0,702333.33,702300.0,702300.0,702400.0,57.74,2022-05-26,2022-08-26,92,46.0,46.0,0.0,17558.33,17560.0,40.0,0.3334,0,0.0,0,0.0,0,0.0,0,0.0,1,702400.0,0.3334
MPLADS-000613,3,2844000.0,948000.0,948000.0,948000.0,948000.0,0.0,2022-08-20,2023-01-13,146,73.0,73.0,0.0,13542.86,13542.86,70.0,0.3333,0,0.0,0,0.0,0,0.0,0,0.0,1,948000.0,0.3333
MPLADS-000614,3,3042000.0,1014000.0,1014000.0,1014000.0,1014000.0,0.0,2022-08-13,2022-12-31,140,70.0,70.0,0.0,14485.71,14485.71,70.0,0.3333,0,0.0,0,0.0,0,0.0,0,0.0,1,1014000.0,0.3333
MPLADS-000615,3,2528000.0,842666.67,842700.0,842600.0,842700.0,57.74,2022-10-03,2023-02-02,122,61.0,61.0,0.0,14044.44,14045.0,60.0,0.3333,0,0.0,0,0.0,0,0.0,0,0.0,1,842600.0,0.3333
MPLADS-000616,3,1356000.0,452000.0,452000.0,452000.0,452000.0,0.0,2023-09-10,2023-12-21,102,51.0,51.0,0.0,9040.0,9040.0,50.0,0.3333,0,0.0,0,0.0,0,0.0,0,0.0,1,452000.0,0.3333
MPLADS-000617,3,2333000.0,777666.67,777700.0,777600.0,777700.0,57.74,2022-07-26,2022-11-29,126,63.0,63.0,0.0,14581.25,14581.88,53.3,0.3333,0,0.0,0,0.0,0,0.0,0,0.0,1,777600.0,0.3333
MPLADS-000618,3,2292000.0,764000.0,764000.0,764000.0,764000.0,0.0,2022-05-18,2022-08-02,76,38.0,38.0,0.0,19100.0,19100.0,40.0,0.3333,0,0.0,0,0.0,3,1.0,0,0.0,1,764000.0,0.3333
MPLADS-000619,3,5357000.0,1785666.67,1785700.0,1785600.0,1785700.0,57.74,2023-06-12,2023-10-06,116,58.0,58.0,0.0,29761.11,29761.67,60.0,0.3333,0,0.0,0,0.0,0,0.0,0,0.0,1,1785600.0,0.3333
MPLADS-000620,3,1244000.0,414666.67,414700.0,414600.0,414700.0,57.74,2023-09-15,2024-01-13,120,60.0,60.0,0.0,8293.33,8294.0,50.0,0.3334,0,0.0,0,0.0,0,0.0,0,0.0,1,414600.0,0.3333
MPLADS-000621,2,574000.0,287000.0,287000.0,287000.0,287000.0,0.0,2024-01-20,2024-03-05,45,45.0,45.0,0.0,6377.78,6377.78,45.0,0.5,0,0.0,1,0.5,0,0.0,0,0.0,1,287000.0,0.5
MPLADS-000622,3,2380000.0,793333.33,793300.0,793300.0,793400.0,57.74,2023-05-25,2023-09-18,116,58.0,58.0,0.0,13222.22,13223.33,60.0,0.3334,0,0.0,0,0.0,0,0.0,0,0.0,1,793400.0,0.3334
MPLADS-000623,3,2022000.0,674000.0,674000.0,674000.0,674000.0,0.0,2022-09-15,2023-02-02,140,70.0,70.0,0.0,9628.57,9628.57,70.0,0.3333,0,0.0,0,0.0,0,0.0,0,0.0,1,674000.0,0.3333
MPLADS-000624,3,2614000.0,871333.33,871300.0,871300.0,871400.0,57.74,2023-10-20,2024-02-25,128,64.0,64.0,0.0,14522.22,14523.33,60.0,0.3334,0,0.0,0,0.0,3,1.0,0,0.0,1,871400.0,0.3334
MPLADS-000625,3,3146000.0,1048666.67,1048700.0,1048600.0,1048700.0,57.74,2023-03-17,2023-08-09,145,72.5,72.5,0.71,14980.95,14981.43,70.0,0.3333,0,0.0,0,0.0,0,0.0,0,0.0,1,1048600.0,0.3333
MPLADS-000626,3,10240000.0,3413333.33,3413300.0,3413300.0,3413400.0,57.74,2023-01-08,2023-10-05,270,135.0,135.0,0.0,25600.0,25600.5,133.3,0.3333,0,0.0,0,0.0,0,0.0,0,0.0,1,3413400.0,0.3333
MPLADS-000627,3,1437000.0,479000.0,479000.0,479000.0,479000.0,0.0,2023-03-29,2023-07-09,102,51.0,51.0,0.0,8981.25,8981.25,53.3,0.3333,0,0.0,0,0.0,0,0.0,0,0.0,1,479000.0,0.3333
MPLADS-000628,3,1549000.0,516333.33,516300.0,516300.0,516400.0,57.74,2023-04-26,2023-08-05,101,50.5,50.5,0.71,10326.67,10328.0,50.0,0.3334,0,0.0,0,0.0,0,0.0,0,0.0,1,516400.0,0.3334
MPLADS-000629,3,2044000.0,681333.33,681300.0,681300.0,681400.0,57.74,2022-10-18,2023-01-07,81,40.5,40.5,0.71,17033.33,17035.0,40.0,0.3334,0,0.0,0,0.0,3,1.0,0,0.0,1,681400.0,0.3334
MPLADS-000630,3,2571000.0,857000.0,857000.0,857000.0,857000.0,0.0,2024-03-09,2024-06-17,100,50.0,50.0,0.0,16068.75,16068.75,53.3,0.3333,0,0.0,0,0.0,0,0.0,0,0.0,1,857000.0,0.3333
MPLADS-000631,3,2133000.0,711000.0,711000.0,711000.0,711000.0,0.0,2022-08-10,2023-01-12,155,77.5,77.5,0.71,10157.14,10157.14,70.0,0.3333,0,0.0,0,0.0,0,0.0,0,0.0,1,711000.0,0.3333
MPLADS-000632,2,860000.0,430000.0,430000.0,430000.0,430000.0,0.0,2023-03-09,2023-04-20,42,42.0,42.0,0.0,9555.56,9555.56,45.0,0.5,0,0.0,1,0.5,0,0.0,0,0.0,1,430000.0,0.5
MPLADS-000633,3,9345000.0,3115000.0,3115000.0,3115000.0,3115000.0,0.0,2022-07-18,2022-11-26,131,65.5,65.5,0.71,51916.67,51916.67,60.0,0.3333,0,0.0,0,0.0,0,0.0,0,0.0,1,3115000.0,0.3333
MPLADS-000634,2,485000.0,242500.0,242500.0,242500.0,242500.0,0.0,2023-11-17,2024-01-01,45,45.0,45.0,0.0,8083.33,8083.33,30.0,0.5,0,0.0,0,0.0,0,0.0,0,0.0,1,242500.0,0.5
MPLADS-000635,3,2118000.0,706000.0,706000.0,706000.0,706000.0,0.0,2023-08-27,2024-01-03,129,64.5,64.5,0.71,13237.5,13237.5,53.3,0.3333,0,0.0,0,0.0,0,0.0,0,0.0,1,706000.0,0.3333
MPLADS-000636,3,2776000.0,925333.33,925300.0,925300.0,925400.0,57.74,2023-12-16,2024-04-09,115,57.5,57.5,0.71,15422.22,15423.33,60.0,0.3334,0,0.0,0,0.0,0,0.0,0,0.0,1,925400.0,0.3334
MPLADS-000637,3,2457000.0,819000.0,819000.0,819000.0,819000.0,0.0,2022-12-07,2023-04-29,143,71.5,71.5,0.71,11700.0,11700.0,70.0,0.3333,0,0.0,0,0.0,0,0.0,0,0.0,1,819000.0,0.3333
MPLADS-000638,3,1731000.0,577000.0,577000.0,577000.0,577000.0,0.0,2023-05-14,2023-09-11,120,60.0,60.0,0.0,10818.75,10818.75,53.3,0.3333,0,0.0,0,0.0,0,0.0,0,0.0,1,577000.0,0.3333
MPLADS-000639,3,14540000.0,4846666.67,4846700.0,4846600.0,4846700.0,57.74,2023-12-27,2024-09-28,276,138.0,138.0,0.0,36350.0,36350.25,133.3,0.3333,0,0.0,0,0.0,0,0.0,0,0.0,1,4846600.0,0.3333
MPLADS-000640,3,1155000.0,385000.0,385000.0,385000.0,385000.0,0.0,2023-09-28,2023-12-24,87,43.5,43.5,0.71,9625.0,9625.0,40.0,0.3333,0,0.0,0,0.0,0,0.0,0,0.0,1,385000.0,0.3333
MPLADS-000641,3,10207000.0,3402333.33,3402300.0,3402300.0,3402400.0,57.74,2022-07-24,2022-11-23,122,61.0,61.0,0.0,56705.56,56706.67,60.0,0.3333,0,0.0,0,0.0,0,0.0,0,0.0,1,3402400.0,0.3333
MPLADS-000642,3,10850000.0,3616666.67,3616700.0,3616600.0,3616700.0,57.74,2023-08-26,2024-05-09,257,128.5,128.5,0.71,27125.0,27125.25,133.3,0.3333,0,0.0,0,0.0,0,0.0,0,0.0,1,3616600.0,0.3333
MPLADS-000643,3,9727000.0,3242333.33,3242300.0,3242300.0,3242400.0,57.74,2023-05-05,2024-02-13,284,142.0,142.0,0.0,24317.5,24318.0,133.3,0.3333,0,0.0,0,0.0,3,1.0,0,0.0,1,3242400.0,0.3333
MPLADS-000644,2,816000.0,408000.0,408000.0,408000.0,408000.0,0.0,2023-01-16,2023-03-14,57,57.0,57.0,0.0,9066.67,9066.67,45.0,0.5,0,0.0,0,0.0,0,0.0,0,0.0,1,408000.0,0.5
MPLADS-000645,3,2266000.0,755333.33,755300.0,755300.0,755400.0,57.74,2023-03-11,2023-07-09,120,60.0,60.0,0.0,12588.89,12590.0,60.0,0.3334,0,0.0,0,0.0,0,0.0,0,0.0,1,755400.0,0.3334
MPLADS-000646,3,2155000.0,718333.33,718300.0,718300.0,718400.0,57.74,2023-10-27,2024-03-06,131,65.5,65.5,0.71,10261.91,10262.86,70.0,0.3334,0,0.0,0,0.0,0,0.0,0,0.0,1,718400.0,0.3334
MPLADS-000647,3,3454000.0,1151333.33,1151300.0,1151300.0,1151400.0,57.74,2023-11-05,2024-01-25,81,40.5,40.5,0.71,28783.33,28785.0,40.0,0.3334,0,0.0,0,0.0,0,0.0,0,0.0,1,1151400.0,0.3334
MPLADS-000648,3,1554000.0,518000.0,518000.0,518000.0,518000.0,0.0,2023-03-16,2023-06-16,92,46.0,46.0,0.0,12950.0,12950.0,40.0,0.3333,0,0.0,0,0.0,0,0.0,0,0.0,1,518000.0,0.3333
MPLADS-000649,3,2699000.0,899666.67,899700.0,899600.0,899700.0,57.74,2024-02-04,2024-05-14,100,50.0,50.0,0.0,16868.75,16869.38,53.3,0.3333,0,0.0,0,0.0,0,0.0,0,0.0,1,899600.0,0.3333
MPLADS-000650,2,962000.0,481000.0,481000.0,481000.0,481000.0,0.0,2023-07-19,2023-10-02,75,75.0,75.0,0.0,6413.33,6413.33,75.0,0.5,0,0.0,0,0.0,0,0.0,0,0.0,1,481000.0,0.5
MPLADS-000651,3,1974000.0,658000.0,658000.0,658000.0,658000.0,0.0,2022-12-16,2023-04-08,113,56.5,56.5,0.71,13160.0,13160.0,50.0,0.3333,0,0.0,0,0.0,0,0.0,0,0.0,1,658000.0,0.3333
MPLADS-000652,3,3019000.0,1006333.33,1006300.0,1006300.0,1006400.0,57.74,2023-03-29,2023-08-02,126,63.0,63.0,0.0,16772.22,16773.33,60.0,0.3334,0,0.0,1,0.3333,0,0.0,0,0.0,1,1006400.0,0.3334
MPLADS-000653,3,1097000.0,365666.67,365700.0,365600.0,365700.0,57.74,2022-05-14,2022-09-06,115,57.5,57.5,0.71,7313.33,7314.0,50.0,0.3334,0,0.0,0,0.0,0,0.0,0,0.0,1,365600.0,0.3333
MPLADS-000654,3,1656000.0,552000.0,552000.0,552000.0,552000.0,0.0,2023-12-18,2024-03-02,75,37.5,37.5,0.71,13800.0,13800.0,40.0,0.3333,0,0.0,0,0.0,3,1.0,0,0.0,1,552000.0,0.3333
MPLADS-000655,3,2017000.0,672333.33,672300.0,672300.0,672400.0,57.74,2024-01-23,2024-05-16,114,57.0,57.0,0.0,12606.25,12607.5,53.3,0.3334,0,0.0,0,0.0,0,0.0,0,0.0,1,672400.0,0.3334
MPLADS-000656,3,1550000.0,516666.67,516700.0,516600.0,516700.0,57.74,2022-10-10,2023-02-04,117,58.5,58.5,0.71,9687.5,9688.12,53.3,0.3334,0,0.0,0,0.0,0,0.0,0,0.0,1,516600.0,0.3333
MPLADS-000657,2,383000.0,191500.0,191500.0,191500.0,191500.0,0.0,2023-03-14,2023-04-15,32,32.0,32.0,0.0,6383.33,6383.33,30.0,0.5,0,0.0,0,0.0,0,0.0,0,0.0,1,191500.0,0.5
MPLADS-000658,2,433000.0,216500.0,216500.0,216500.0,216500.0,0.0,2022-05-29,2022-07-08,40,40.0,40.0,0.0,7216.67,7216.67,30.0,0.5,0,0.0,0,0.0,0,0.0,0,0.0,1,216500.0,0.5
MPLADS-000659,3,1447000.0,482333.33,482300.0,482300.0,482400.0,57.74,2024-02-09,2024-05-16,97,48.5,48.5,0.71,9646.67,9648.0,50.0,0.3334,0,0.0,0,0.0,0,0.0,0,0.0,1,482400.0,0.3334
MPLADS-000660,2,515000.0,257500.0,257500.0,257500.0,257500.0,0.0,2022-07-01,2022-08-24,54,54.0,54.0,0.0,5722.22,5722.22,45.0,0.5,0,0.0,0,0.0,0,0.0,0,0.0,1,257500.0,0.5
MPLADS-000661,3,1516000.0,505333.33,505300.0,505300.0,505400.0,57.74,2023-11-22,2024-02-29,99,49.5,49.5,0.71,12633.33,12635.0,40.0,0.3334,0,0.0,0,0.0,0,0.0,0,0.0,1,505400.0,0.3334
MPLADS-000662,3,2065000.0,688333.33,688300.0,688300.0,688400.0,57.74,2023-12-15,2024-03-26,102,51.0,51.0,0.0,17208.33,17210.0,40.0,0.3334,0,0.0,0,0.0,3,1.0,0,0.0,1,688400.0,0.3334
MPLADS-000663,3,1643000.0,547666.67,547700.0,547600.0,547700.0,57.74,2023-04-23,2023-08-17,116,58.0,58.0,0.0,10953.33,10954.0,50.0,0.3334,0,0.0,0,0.0,0,0.0,0,0.0,1,547600.0,0.3333
MPLADS-000664,3,2118000.0,706000.0,706000.0,706000.0,706000.0,0.0,2023-08-22,2023-12-25,125,62.5,62.5,0.71,13237.5,13237.5,53.3,0.3333,0,0.0,0,0.0,0,0.0,0,0.0,1,706000.0,0.3333
MPLADS-000665,2,818000.0,409000.0,409000.0,409000.0,409000.0,0.0,2023-11-22,2024-01-21,60,60.0,60.0,0.0,9088.89,9088.89,45.0,0.5,0,0.0,0,0.0,2,1.0,0,0.0,1,409000.0,0.5
MPLADS-000666,3,14255000.0,4751666.67,4751700.0,4751600.0,4751700.0,57.74,2023-09-19,2024-06-19,274,137.0,137.0,0.0,35637.5,35637.75,133.3,0.3333,0,0.0,0,0.0,0,0.0,0,0.0,1,4751600.0,0.3333
MPLADS-000667,3,3024000.0,1008000.0,1008000.0,1008000.0,1008000.0,0.0,2022-12-17,2023-05-08,142,71.0,71.0,0.0,16800.0,16800.0,60.0,0.3333,0,0.0,0,0.0,0,0.0,0,0.0,1,1008000.0,0.3333
MPLADS-000668,3,1027000.0,342333.33,342300.0,342300.0,342400.0,57.74,2022-06-07,2022-09-27,112,56.0,56.0,0.0,6846.67,6848.0,50.0,0.3334,0,0.0,0,0.0,0,0.0,0,0.0,1,342400.0,0.3334
MPLADS-000669,3,1339000.0,446333.33,446300.0,446300.0,446400.0,57.74,2023-09-27,2023-12-30,94,47.0,47.0,0.0,8926.67,8928.0,50.0,0.3334,0,0.0,0,0.0,0,0.0,0,0.0,1,446400.0,0.3334
MPLADS-000670,3,1745000.0,581666.67,581700.0,581600.0,581700.0,57.74,2023-12-04,2024-03-23,110,55.0,55.0,0.0,10906.25,10906.88,53.3,0.3334,0,0.0,0,0.0,0,0.0,0,0.0,1,581600.0,0.3333
MPLADS-000671,2,987000.0,493500.0,493500.0,493500.0,493500.0,0.0,2023-06-21,2023-09-13,84,84.0,84.0,0.0,6580.0,6580.0,75.0,0.5,0,0.0,0,0.0,0,0.0,0,0.0,1,493500.0,0.5
MPLADS-000672,2,558000.0,279000.0,279000.0,279000.0,279000.0,0.0,2022-07-21,2022-09-20,61,61.0,61.0,0.0,6200.0,6200.0,45.0,0.5,0,0.0,0,0.0,0,0.0,0,0.0,1,279000.0,0.5
MPLADS-000673,3,1689000.0,563000.0,563000.0,563000.0,563000.0,0.0,2022-11-25,2023-03-17,112,56.0,56.0,0.0,10556.25,10556.25,53.3,0.3333,0,0.0,0,0.0,0,0.0,0,0.0,1,563000.0,0.3333
MPLADS-000674,2,885000.0,442500.0,442500.0,442500.0,442500.0,0.0,2023-08-06,2023-10-05,60,60.0,60.0,0.0,9833.33,9833.33,45.0,0.5,0,0.0,0,0.0,0,0.0,0,0.0,1,442500.0,0.5
MPLADS-000675,3,2503000.0,834333.33,834300.0,834300.0,834400.0,57.74,2023-04-04,2023-07-26,113,56.5,56.5,0.71,13905.56,13906.67,60.0,0.3334,0,0.0,0,0.0,0,0.0,0,0.0,1,834400.0,0.3334
MPLADS-000676,3,13981000.0,4660333.33,4660300.0,4660300.0,4660400.0,57.74,2024-02-29,2024-11-19,264,132.0,132.0,0.0,34952.5,34953.0,133.3,0.3333,0,0.0,0,0.0,0,0.0,0,0.0,1,4660400.0,0.3333
MPLADS-000677,3,3404000.0,1134666.67,1134700.0,1134600.0,1134700.0,57.74,2023-01-04,2023-05-23,139,69.5,69.5,0.71,16209.52,16210.0,70.0,0.3333,0,0.0,0,0.0,3,1.0,0,0.0,1,1134600.0,0.3333
MPLADS-000678,3,2582000.0,860666.67,860700.0,860600.0,860700.0,57.74,2023-12-09,2024-03-17,99,49.5,49.5,0.71,21516.67,21517.5,40.0,0.3333,0,0.0,1,0.3333,3,1.0,0,0.0,1,860600.0,0.3333
MPLADS-000679,3,11650000.0,3883333.33,3883300.0,3883300.0,3883400.0,57.74,2023-12-20,2024-09-15,270,135.0,135.0,0.0,29125.0,29125.5,133.3,0.3333,0,0.0,0,0.0,0,0.0,0,0.0,1,3883400.0,0.3333
MPLADS-000680,3,2273000.0,757666.67,757700.0,757600.0,757700.0,57.74,2022-06-21,2022-10-29,130,65.0,65.0,0.0,12627.78,12628.33,60.0,0.3333,0,0.0,0,0.0,0,0.0,0,0.0,1,757600.0,0.3333
MPLADS-000681,3,7300000.0,2433333.33,2433300.0,2433300.0,2433400.0,57.74,2022-09-26,2022-12-09,74,37.0,37.0,0.0,60833.33,60835.0,40.0,0.3333,0,0.0,0,0.0,0,0.0,0,0.0,1,2433400.0,0.3333
MPLADS-000682,3,3579000.0,1193000.0,1193000.0,1193000.0,1193000.0,0.0,2023-05-04,2023-10-12,161,80.5,80.5,0.71,17042.86,17042.86,70.0,0.3333,0,0.0,0,0.0,0,0.0,0,0.0,1,1193000.0,0.3333
MPLADS-000683,3,1653000.0,551000.0,551000.0,551000.0,551000.0,0.0,2023-04-11,2023-07-30,110,55.0,55.0,0.0,10331.25,10331.25,53.3,0.3333,0,0.0,0,0.0,0,0.0,0,0.0,1,551000.0,0.3333
MPLADS-000684,3,11771000.0,3923666.67,3923700.0,3923600.0,3923700.0,57.74,2023-11-05,2024-07-25,263,131.5,131.5,0.71,29427.5,29427.75,133.3,0.3333,0,0.0,0,0.0,0,0.0,0,0.0,1,3923600.0,0.3333
MPLADS-000685,3,2816000.0,938666.67,938700.0,938600.0,938700.0,57.74,2023-05-13,2023-09-02,112,56.0,56.0,0.0,17600.0,17600.62,53.3,0.3333,0,0.0,0,0.0,0,0.0,0,0.0,1,938600.0,0.3333
MPLADS-000686,2,590000.0,295000.0,295000.0,295000.0,295000.0,0.0,2022-10-27,2022-12-05,39,39.0,39.0,0.0,6555.56,6555.56,45.0,0.5,0,0.0,0,0.0,0,0.0,0,0.0,1,295000.0,0.5
MPLADS-000687,3,2943000.0,981000.0,981000.0,981000.0,981000.0,0.0,2022-07-31,2023-01-05,158,79.0,79.0,0.0,14014.29,14014.29,70.0,0.3333,0,0.0,0,0.0,0,0.0,0,0.0,1,981000.0,0.3333
MPLADS-000688,2,993000.0,496500.0,496500.0,496500.0,496500.0,0.0,2023-07-12,2023-08-20,39,39.0,39.0,0.0,11033.33,11033.33,45.0,0.5,0,0.0,0,0.0,0,0.0,0,0.0,1,496500.0,0.5
MPLADS-000689,3,3671000.0,1223666.67,1223700.0,1223600.0,1223700.0,57.74,2022-06-15,2022-10-29,136,68.0,68.0,0.0,17480.95,17481.43,70.0,0.3333,0,0.0,0,0.0,0,0.0,0,0.0,1,1223600.0,0.3333
MPLADS-000690,3,1399000.0,466333.33,466300.0,466300.0,466400.0,57.74,2022-09-03,2022-12-22,110,55.0,55.0,0.0,9326.67,9328.0,50.0,0.3334,0,0.0,0,0.0,0,0.0,0,0.0,1,466400.0,0.3334
MPLADS-000691,3,1851000.0,617000.0,617000.0,617000.0,617000.0,0.0,2023-08-03,2023-11-23,112,56.0,56.0,0.0,11568.75,11568.75,53.3,0.3333,0,0.0,0,0.0,0,0.0,0,0.0,1,617000.0,0.3333
MPLADS-000692,3,1164000.0,388000.0,388000.0,388000.0,388000.0,0.0,2023-02-12,2023-04-27,74,37.0,37.0,0.0,9700.0,9700.0,40.0,0.3333,0,0.0,0,0.0,0,0.0,0,0.0,1,388000.0,0.3333
MPLADS-000693,3,2635000.0,878333.33,878300.0,878300.0,878400.0,57.74,2022-06-21,2022-11-04,136,68.0,68.0,0.0,12547.62,12548.57,70.0,0.3334,0,0.0,0,0.0,0,0.0,0,0.0,1,878400.0,0.3334
MPLADS-000694,2,512000.0,256000.0,256000.0,256000.0,256000.0,0.0,2023-10-21,2023-12-07,47,47.0,47.0,0.0,8533.33,8533.33,30.0,0.5,0,0.0,0,0.0,0,0.0,0,0.0,1,256000.0,0.5
MPLADS-000695,3,1694000.0,564666.67,564700.0,564600.0,564700.0,57.74,2022-11-10,2023-03-06,116,58.0,58.0,0.0,9411.11,9411.67,60.0,0.3334,0,0.0,0,0.0,3,1.0,0,0.0,1,564600.0,0.3333
MPLADS-000696,3,1724000.0,574666.67,574700.0,574600.0,574700.0,57.74,2023-04-06,2023-07-25,110,55.0,55.0,0.0,9577.78,9578.33,60.0,0.3334,0,0.0,0,0.0,0,0.0,0,0.0,1,574600.0,0.3333
MPLADS-000697,2,977000.0,488500.0,488500.0,488500.0,488500.0,0.0,2023-08-21,2023-11-16,87,87.0,87.0,0.0,6513.33,6513.33,75.0,0.5,0,0.0,0,0.0,0,0.0,0,0.0,1,488500.0,0.5
MPLADS-000698,3,2585000.0,861666.67,861700.0,861600.0,861700.0,57.74,2023-10-19,2024-03-04,137,68.5,68.5,0.71,14361.11,14361.67,60.0,0.3333,0,0.0,0,0.0,0,0.0,0,0.0,1,861600.0,0.3333
MPLADS-000699,3,2026000.0,675333.33,675300.0,675300.0,675400.0,57.74,2023-11-24,2024-02-10,78,39.0,39.0,0.0,16883.33,16885.0,40.0,0.3334,0,0.0,0,0.0,0,0.0,0,0.0,1,675400.0,0.3334
MPLADS-000700,3,2239000.0,746333.33,746300.0,746300.0,746400.0,57.74,2022-04-16,2022-09-19,156,78.0,78.0,0.0,10661.91,10662.86,70.0,0.3334,0,0.0,0,0.0,0,0.0,0,0.0,1,746400.0,0.3334
MPLADS-000701,2,862000.0,431000.0,431000.0,431000.0,431000.0,0.0,2022-08-28,2022-10-09,42,42.0,42.0,0.0,9577.78,9577.78,45.0,0.5,0,0.0,0,0.0,0,0.0,0,0.0,1,431000.0,0.5
MPLADS-000702,3,2246000.0,748666.67,748700.0,748600.0,748700.0,57.74,2024-04-05,2024-09-15,163,81.5,81.5,0.71,10695.24,10695.71,70.0,0.3333,0,0.0,0,0.0,0,0.0,0,0.0,1,748600.0,0.3333
MPLADS-000703,3,1425000.0,475000.0,475000.0,475000.0,475000.0,0.0,2023-05-14,2023-08-16,94,47.0,47.0,0.0,9500.0,9500.0,50.0,0.3333,0,0.0,0,0.0,0,0.0,0,0.0,1,475000.0,0.3333
MPLADS-000704,3,3413000.0,1137666.67,1137700.0,1137600.0,1137700.0,57.74,2022-07-21,2022-11-30,132,66.0,66.0,0.0,16252.38,16252.86,70.0,0.3333,0,0.0,0,0.0,0,0.0,0,0.0,1,1137600.0,0.3333
MPLADS-000705,3,11197000.0,3732333.33,3732300.0,3732300.0,3732400.0,57.74,2023-08-05,2024-04-20,259,129.5,129.5,0.71,27992.5,27993.0,133.3,0.3333,0,0.0,0,0.0,0,0.0,0,0.0,1,3732400.0,0.3333
MPLADS-000706,3,1940000.0,646666.67,646700.0,646600.0,646700.0,57.74,2022-11-15,2023-03-15,120,60.0,60.0,0.0,12933.33,12934.0,50.0,0.3334,0,0.0,0,0.0,0,0.0,0,0.0,1,646600.0,0.3333
MPLADS-000707,3,2358000.0,786000.0,786000.0,786000.0,786000.0,0.0,2022-10-01,2023-03-09,159,79.5,79.5,0.71,11228.57,11228.57,70.0,0.3333,0,0.0,0,0.0,0,0.0,0,0.0,1,786000.0,0.3333
MPLADS-000708,2,779000.0,389500.0,389500.0,389500.0,389500.0,0.0,2023-02-19,2023-04-20,60,60.0,60.0,0.0,8655.56,8655.56,45.0,0.5,0,0.0,0,0.0,0,0.0,0,0.0,1,389500.0,0.5
MPLADS-000709,2,432000.0,216000.0,216000.0,216000.0,216000.0,0.0,2022-12-12,2023-01-21,40,40.0,40.0,0.0,7200.0,7200.0,30.0,0.5,0,0.0,0,0.0,0,0.0,0,0.0,1,216000.0,0.5
MPLADS-000710,2,374000.0,187000.0,187000.0,187000.0,187000.0,0.0,2023-08-02,2023-08-30,28,28.0,28.0,0.0,6233.33,6233.33,30.0,0.5,0,0.0,0,0.0,0,0.0,0,0.0,1,187000.0,0.5
MPLADS-000711,3,45446000.0,15148666.67,15148700.0,15148600.0,15148700.0,57.74,2023-02-08,2023-11-14,279,139.5,139.5,0.71,113615.0,113615.25,133.3,0.3333,0,0.0,0,0.0,0,0.0,0,0.0,1,15148600.0,0.3333
MPLADS-000712,3,1801000.0,600333.33,600300.0,600300.0,600400.0,57.74,2023-07-06,2023-10-14,100,50.0,50.0,0.0,11256.25,11257.5,53.3,0.3334,0,0.0,0,0.0,0,0.0,0,0.0,1,600400.0,0.3334
MPLADS-000713,3,3100000.0,1033333.33,1033300.0,1033300.0,1033400.0,57.74,2023-07-06,2023-11-24,141,70.5,70.5,0.71,14761.91,14762.86,70.0,0.3334,0,0.0,0,0.0,0,0.0,0,0.0,1,1033400.0,0.3334
MPLADS-000714,2,745000.0,372500.0,372500.0,372500.0,372500.0,0.0,2022-08-03,2022-10-01,59,59.0,59.0,0.0,8277.78,8277.78,45.0,0.5,0,0.0,0,0.0,0,0.0,0,0.0,1,372500.0,0.5
MPLADS-000715,3,2325000.0,775000.0,775000.0,775000.0,775000.0,0.0,2023-06-17,2023-10-19,124,62.0,62.0,0.0,14531.25,14531.25,53.3,0.3333,0,0.0,0,0.0,0,0.0,0,0.0,1,775000.0,0.3333
MPLADS-000716,3,1268000.0,422666.67,422700.0,422600.0,422700.0,57.74,2022-08-29,2022-11-08,71,35.5,35.5,0.71,14088.89,14090.0,30.0,0.3334,0,0.0,0,0.0,0,0.0,0,0.0,1,422600.0,0.3333
MPLADS-000717,3,12341000.0,4113666.67,4113700.0,4113600.0,4113700.0,57.74,2023-03-01,2023-12-10,284,142.0,142.0,0.0,30852.5,30852.75,133.3,0.3333,0,0.0,0,0.0,0,0.0,0,0.0,1,4113600.0,0.3333
MPLADS-000718,3,2006000.0,668666.67,668700.0,668600.0,668700.0,57.74,2024-02-29,2024-06-18,110,55.0,55.0,0.0,11144.44,11145.0,60.0,0.3333,0,0.0,0,0.0,0,0.0,0,0.0,1,668600.0,0.3333
MPLADS-000719,2,412000.0,206000.0,206000.0,206000.0,206000.0,0.0,2022-04-26,2022-06-07,42,42.0,42.0,0.0,6866.67,6866.67,30.0,0.5,0,0.0,0,0.0,0,0.0,0,0.0,1,206000.0,0.5
MPLADS-000720,3,2948000.0,982666.67,982700.0,982600.0,982700.0,57.74,2022-04-21,2022-09-04,136,68.0,68.0,0.0,16377.78,16378.33,60.0,0.3333,0,0.0,0,0.0,0,0.0,0,0.0,1,982600.0,0.3333
MPLADS-000721,3,1001000.0,333666.67,333700.0,333600.0,333700.0,57.74,2022-10-11,2022-12-28,78,39.0,39.0,0.0,11122.22,11123.33,30.0,0.3334,0,0.0,0,0.0,0,0.0,0,0.0,1,333600.0,0.3333
MPLADS-000722,3,2811000.0,937000.0,937000.0,937000.0,937000.0,0.0,2022-08-04,2022-11-30,118,59.0,59.0,0.0,15616.67,15616.67,60.0,0.3333,0,0.0,0,0.0,0,0.0,0,0.0,1,937000.0,0.3333
MPLADS-000723,2,846000.0,423000.0,423000.0,423000.0,423000.0,0.0,2023-03-13,2023-05-07,55,55.0,55.0,0.0,9400.0,9400.0,45.0,0.5,0,0.0,1,0.5,2,1.0,0,0.0,1,423000.0,0.5
MPLADS-000724,3,2120000.0,706666.67,706700.0,706600.0,706700.0,57.74,2022-06-13,2022-10-21,130,65.0,65.0,0.0,13250.0,13250.62,53.3,0.3333,0,0.0,0,0.0,3,1.0,0,0.0,1,706600.0,0.3333
MPLADS-000725,3,9144000.0,3048000.0,3048000.0,3048000.0,3048000.0,0.0,2023-01-12,2023-10-17,278,139.0,139.0,0.0,22860.0,22860.0,133.3,0.3333,0,0.0,0,0.0,0,0.0,0,0.0,1,3048000.0,0.3333
MPLADS-000726,3,10916000.0,3638666.67,3638700.0,3638600.0,3638700.0,57.74,2023-09-22,2024-06-14,266,133.0,133.0,0.0,27290.0,27290.25,133.3,0.3333,0,0.0,0,0.0,0,0.0,0,0.0,1,3638600.0,0.3333
MPLADS-000727,3,1259000.0,419666.67,419700.0,419600.0,419700.0,57.74,2023-04-19,2023-07-16,88,44.0,44.0,0.0,10491.67,10492.5,40.0,0.3334,0,0.0,0,0.0,0,0.0,0,0.0,1,419600.0,0.3333
MPLADS-000728,3,1790000.0,596666.67,596700.0,596600.0,596700.0,57.74,2022-10-15,2023-01-20,97,48.5,48.5,0.71,11933.33,11934.0,50.0,0.3334,0,0.0,0,0.0,0,0.0,0,0.0,1,596600.0,0.3333
MPLADS-000729,3,1580000.0,526666.67,526700.0,526600.0,526700.0,57.74,2023-10-20,2024-02-17,120,60.0,60.0,0.0,9875.0,9875.62,53.3,0.3334,0,0.0,0,0.0,0,0.0,0,0.0,1,526600.0,0.3333
MPLADS-000730,3,2040000.0,680000.0,680000.0,680000.0,680000.0,0.0,2022-07-20,2022-10-26,98,49.0,49.0,0.0,17000.0,17000.0,40.0,0.3333,0,0.0,0,0.0,0,0.0,0,0.0,1,680000.0,0.3333
MPLADS-000731,2,943000.0,471500.0,471500.0,471500.0,471500.0,0.0,2022-05-10,2022-07-11,62,62.0,62.0,0.0,10477.78,10477.78,45.0,0.5,0,0.0,0,0.0,0,0.0,0,0.0,1,471500.0,0.5
MPLADS-000732,2,792000.0,396000.0,396000.0,396000.0,396000.0,0.0,2022-12-28,2023-02-04,38,38.0,38.0,0.0,8800.0,8800.0,45.0,0.5,0,0.0,0,0.0,0,0.0,0,0.0,1,396000.0,0.5
MPLADS-000733,2,619000.0,309500.0,309500.0,309500.0,309500.0,0.0,2023-07-07,2023-08-31,55,55.0,55.0,0.0,6877.78,6877.78,45.0,0.5,0,0.0,0,0.0,0,0.0,0,0.0,1,309500.0,0.5
MPLADS-000734,2,959000.0,479500.0,479500.0,479500.0,479500.0,0.0,2022-10-17,2022-12-11,55,55.0,55.0,0.0,10655.56,10655.56,45.0,0.5,0,0.0,0,0.0,0,0.0,0,0.0,1,479500.0,0.5
MPLADS-000735,2,732000.0,366000.0,366000.0,366000.0,366000.0,0.0,2022-04-26,2022-06-04,39,39.0,39.0,0.0,8133.33,8133.33,45.0,0.5,0,0.0,0,0.0,0,0.0,0,0.0,1,366000.0,0.5
MPLADS-000736,2,501000.0,250500.0,250500.0,250500.0,250500.0,0.0,2023-05-15,2023-06-14,30,30.0,30.0,0.0,8350.0,8350.0,30.0,0.5,0,0.0,0,0.0,0,0.0,0,0.0,1,250500.0,0.5
MPLADS-000737,3,2312000.0,770666.67,770700.0,770600.0,770700.0,57.74,2023-09-26,2024-01-01,97,48.5,48.5,0.71,19266.67,19267.5,40.0,0.3333,0,0.0,0,0.0,0,0.0,0,0.0,1,770600.0,0.3333
MPLADS-000738,3,2891000.0,963666.67,963700.0,963600.0,963700.0,57.74,2022-09-04,2022-12-15,102,51.0,51.0,0.0,24091.67,24092.5,40.0,0.3333,0,0.0,0,0.0,0,0.0,0,0.0,1,963600.0,0.3333
MPLADS-000739,3,1446000.0,482000.0,482000.0,482000.0,482000.0,0.0,2023-04-04,2023-07-19,106,53.0,53.0,0.0,9640.0,9640.0,50.0,0.3333,0,0.0,0,0.0,3,1.0,0,0.0,1,482000.0,0.3333
MPLADS-000740,3,2289000.0,763000.0,763000.0,763000.0,763000.0,0.0,2024-06-16,2025-05-02,320,160.0,160.0,0.0,14306.25,14306.25,53.3,0.3333,0,0.0,0,0.0,0,0.0,0,0.0,1,763000.0,0.3333
MPLADS-000741,3,24008000.0,8002666.67,8002700.0,8002600.0,8002700.0,57.74,2024-02-13,2024-10-31,261,130.5,130.5,0.71,60020.0,60020.25,133.3,0.3333,0,0.0,0,0.0,0,0.0,0,0.0,1,8002600.0,0.3333
MPLADS-000742,3,1640000.0,546666.67,546700.0,546600.0,546700.0,57.74,2022-03-24,2022-06-07,75,37.5,37.5,0.71,13666.67,13667.5,40.0,0.3334,0,0.0,1,0.3333,0,0.0,0,0.0,1,546600.0,0.3333
MPLADS-000743,2,944000.0,472000.0,472000.0,472000.0,472000.0,0.0,2022-06-04,2022-07-20,46,46.0,46.0,0.0,10488.89,10488.89,45.0,0.5,0,0.0,0,0.0,0,0.0,0,0.0,1,472000.0,0.5
MPLADS-000744,3,2104000.0,701333.33,701300.0,701300.0,701400.0,57.74,2023-12-20,2024-03-31,102,51.0,51.0,0.0,17533.33,17535.0,40.0,0.3334,0,0.0,0,0.0,0,0.0,0,0.0,1,701400.0,0.3334
MPLADS-000745,2,325000.0,162500.0,162500.0,162500.0,162500.0,0.0,2023-06-25,2023-08-03,39,39.0,39.0,0.0,5416.67,5416.67,30.0,0.5,0,0.0,0,0.0,0,0.0,0,0.0,1,162500.0,0.5
MPLADS-000746,3,17654000.0,5884666.67,5884700.0,5884600.0,5884700.0,57.74,2023-05-28,2023-11-03,159,79.5,79.5,0.71,84066.66,84067.14,70.0,0.3333,0,0.0,0,0.0,0,0.0,0,0.0,1,5884600.0,0.3333
MPLADS-000747,2,857000.0,428500.0,428500.0,428500.0,428500.0,0.0,2022-05-09,2022-07-08,60,60.0,60.0,0.0,9522.22,9522.22,45.0,0.5,0,0.0,0,0.0,0,0.0,0,0.0,1,428500.0,0.5
MPLADS-000748,3,1029000.0,343000.0,343000.0,343000.0,343000.0,0.0,2022-09-21,2022-12-08,78,39.0,39.0,0.0,8575.0,8575.0,40.0,0.3333,0,0.0,0,0.0,0,0.0,0,0.0,1,343000.0,0.3333
MPLADS-000749,2,386000.0,193000.0,193000.0,193000.0,193000.0,0.0,2022-10-27,2022-12-02,36,36.0,36.0,0.0,6433.33,6433.33,30.0,0.5,0,0.0,0,0.0,0,0.0,0,0.0,1,193000.0,0.5
MPLADS-000750,3,1302000.0,434000.0,434000.0,434000.0,434000.0,0.0,2023-06-18,2023-09-14,88,44.0,44.0,0.0,10850.0,10850.0,40.0,0.3333,0,0.0,0,0.0,0,0.0,0,0.0,1,434000.0,0.3333
MPLADS-000751,2,988000.0,494000.0,494000.0,494000.0,494000.0,0.0,2023-08-19,2023-10-18,60,60.0,60.0,0.0,10977.78,10977.78,45.0,0.5,0,0.0,0,0.0,2,1.0,0,0.0,1,494000.0,0.5
MPLADS-000752,2,643000.0,321500.0,321500.0,321500.0,321500.0,0.0,2022-06-12,2022-08-09,58,58.0,58.0,0.0,7144.44,7144.44,45.0,0.5,0,0.0,0,0.0,0,0.0,0,0.0,1,321500.0,0.5
MPLADS-000753,3,2122000.0,707333.33,707300.0,707300.0,707400.0,57.74,2022-10-01,2023-02-12,134,67.0,67.0,0.0,10104.76,10105.71,70.0,0.3334,0,0.0,0,0.0,0,0.0,0,0.0,1,707400.0,0.3334
MPLADS-000754,3,9115000.0,3038333.33,3038300.0,3038300.0,3038400.0,57.74,2023-11-19,2024-03-03,105,52.5,52.5,0.71,56968.75,56970.0,53.3,0.3333,0,0.0,0,0.0,0,0.0,0,0.0,1,3038400.0,0.3333
MPLADS-000755,3,3557000.0,1185666.67,1185700.0,1185600.0,1185700.0,57.74,2023-02-28,2023-08-10,163,81.5,81.5,0.71,16938.09,16938.57,70.0,0.3333,0,0.0,0,0.0,0,0.0,0,0.0,1,1185600.0,0.3333
MPLADS-000756,3,1471000.0,490333.33,490300.0,490300.0,490400.0,57.74,2022-10-10,2023-02-03,116,58.0,58.0,0.0,9806.67,9808.0,50.0,0.3334,0,0.0,0,0.0,0,0.0,0,0.0,1,490400.0,0.3334
MPLADS-000757,3,3499000.0,1166333.33,1166300.0,1166300.0,1166400.0,57.74,2023-07-13,2023-12-02,142,71.0,71.0,0.0,16661.91,16662.86,70.0,0.3334,0,0.0,0,0.0,0,0.0,0,0.0,1,1166400.0,0.3334
MPLADS-000758,2,880000.0,440000.0,440000.0,440000.0,440000.0,0.0,2023-11-20,2024-01-20,61,61.0,61.0,0.0,9777.78,9777.78,45.0,0.5,0,0.0,0,0.0,0,0.0,0,0.0,1,440000.0,0.5
MPLADS-000759,3,2962000.0,987333.33,987300.0,987300.0,987400.0,57.74,2023-03-18,2023-07-14,118,59.0,59.0,0.0,19746.67,19748.0,50.0,0.3334,0,0.0,0,0.0,0,0.0,0,0.0,1,987400.0,0.3334
MPLADS-000760,3,2705000.0,901666.67,901700.0,901600.0,901700.0,57.74,2022-06-08,2022-10-22,136,68.0,68.0,0.0,12880.95,12881.43,70.0,0.3333,0,0.0,0,0.0,0,0.0,0,0.0,1,901600.0,0.3333
MPLADS-000761,3,1407000.0,469000.0,469000.0,469000.0,469000.0,0.0,2023-09-30,2023-12-25,86,43.0,43.0,0.0,11725.0,11725.0,40.0,0.3333,0,0.0,0,0.0,0,0.0,0,0.0,1,469000.0,0.3333
MPLADS-000762,3,9424000.0,3141333.33,3141300.0,3141300.0,3141400.0,57.74,2024-01-28,2024-11-05,282,141.0,141.0,0.0,23560.0,23560.5,133.3,0.3333,0,0.0,0,0.0,0,0.0,0,0.0,1,3141400.0,0.3333
MPLADS-000763,2,633000.0,316500.0,316500.0,316500.0,316500.0,0.0,2022-04-23,2022-06-17,55,55.0,55.0,0.0,7033.33,7033.33,45.0,0.5,0,0.0,0,0.0,0,0.0,0,0.0,1,316500.0,0.5
MPLADS-000764,3,1064000.0,354666.67,354700.0,354600.0,354700.0,57.74,2023-06-19,2023-09-05,78,39.0,39.0,0.0,11822.22,11823.33,30.0,0.3334,0,0.0,0,0.0,0,0.0,0,0.0,1,354600.0,0.3333
MPLADS-000765,2,647000.0,323500.0,323500.0,323500.0,323500.0,0.0,2023-02-10,2023-03-05,23,23.0,23.0,0.0,10783.33,10783.33,30.0,0.5,0,0.0,1,0.5,0,0.0,0,0.0,1,323500.0,0.5
MPLADS-000766,3,2371000.0,790333.33,790300.0,790300.0,790400.0,57.74,2024-02-18,2024-06-08,111,55.5,55.5,0.71,14818.75,14820.0,53.3,0.3334,0,0.0,0,0.0,0,0.0,0,0.0,1,790400.0,0.3334
MPLADS-000767,3,2639000.0,879666.67,879700.0,879600.0,879700.0,57.74,2024-01-18,2024-05-05,108,54.0,54.0,0.0,16493.75,16494.38,53.3,0.3333,0,0.0,0,0.0,0,0.0,0,0.0,1,879600.0,0.3333
MPLADS-000768,3,1655000.0,551666.67,551700.0,551600.0,551700.0,57.74,2023-05-16,2023-07-30,75,37.5,37.5,0.71,13791.67,13792.5,40.0,0.3334,0,0.0,0,0.0,0,0.0,0,0.0,1,551600.0,0.3333
MPLADS-000769,3,1944000.0,648000.0,648000.0,648000.0,648000.0,0.0,2024-02-27,2024-08-03,158,79.0,79.0,0.0,9257.14,9257.14,70.0,0.3333,0,0.0,0,0.0,0,0.0,0,0.0,1,648000.0,0.3333
MPLADS-000770,3,3368000.0,1122666.67,1122700.0,1122600.0,1122700.0,57.74,2023-03-28,2023-07-21,115,57.5,57.5,0.71,18711.11,18711.67,60.0,0.3333,0,0.0,0,0.0,0,0.0,0,0.0,1,1122600.0,0.3333
MPLADS-000771,3,1059000.0,353000.0,353000.0,353000.0,353000.0,0.0,2023-06-25,2023-10-25,122,61.0,61.0,0.0,7060.0,7060.0,50.0,0.3333,0,0.0,0,0.0,0,0.0,0,0.0,1,353000.0,0.3333
MPLADS-000772,3,2320000.0,773333.33,773300.0,773300.0,773400.0,57.74,2023-06-22,2023-12-02,163,81.5,81.5,0.71,11047.62,11048.57,70.0,0.3334,0,0.0,0,0.0,0,0.0,0,0.0,1,773400.0,0.3334
MPLADS-000773,2,380000.0,190000.0,190000.0,190000.0,190000.0,0.0,2023-11-14,2023-12-22,38,38.0,38.0,0.0,6333.33,6333.33,30.0,0.5,0,0.0,0,0.0,0,0.0,0,0.0,1,190000.0,0.5
MPLADS-000774,3,2056000.0,685333.33,685300.0,685300.0,685400.0,57.74,2023-08-13,2023-10-24,72,36.0,36.0,0.0,17133.33,17135.0,40.0,0.3334,0,0.0,0,0.0,0,0.0,0,0.0,1,685400.0,0.3334
MPLADS-000775,3,2358000.0,786000.0,786000.0,786000.0,786000.0,0.0,2023-05-12,2023-08-21,101,50.5,50.5,0.71,14737.5,14737.5,53.3,0.3333,0,0.0,0,0.0,0,0.0,0,0.0,1,786000.0,0.3333
MPLADS-000776,3,20091000.0,6697000.0,6697000.0,6697000.0,6697000.0,0.0,2022-09-03,2023-06-02,272,136.0,136.0,0.0,50227.5,50227.5,133.3,0.3333,0,0.0,0,0.0,0,0.0,0,0.0,1,6697000.0,0.3333
MPLADS-000777,3,2050000.0,683333.33,683300.0,683300.0,683400.0,57.74,2023-05-15,2024-01-10,240,120.0,120.0,0.0,17083.33,17085.0,40.0,0.3334,0,0.0,0,0.0,0,0.0,0,0.0,1,683400.0,0.3334
MPLADS-000778,2,586000.0,293000.0,293000.0,293000.0,293000.0,0.0,2023-01-08,2023-02-05,28,28.0,28.0,0.0,9766.67,9766.67,30.0,0.5,0,0.0,0,0.0,0,0.0,0,0.0,1,293000.0,0.5
MPLADS-000779,2,602000.0,301000.0,301000.0,301000.0,301000.0,0.0,2023-04-01,2023-05-12,41,41.0,41.0,0.0,10033.33,10033.33,30.0,0.5,0,0.0,0,0.0,2,1.0,0,0.0,1,301000.0,0.5
MPLADS-000780,3,1574000.0,524666.67,524700.0,524600.0,524700.0,57.74,2023-11-09,2024-02-29,112,56.0,56.0,0.0,9837.5,9838.12,53.3,0.3334,0,0.0,0,0.0,0,0.0,0,0.0,1,524600.0,0.3333
MPLADS-000781,3,1194000.0,398000.0,398000.0,398000.0,398000.0,0.0,2022-10-18,2023-09-03,320,160.0,160.0,0.0,9950.0,9950.0,40.0,0.3333,0,0.0,1,0.3333,0,0.0,0,0.0,1,398000.0,0.3333
MPLADS-000782,2,618000.0,309000.0,309000.0,309000.0,309000.0,0.0,2022-07-05,2022-08-15,41,41.0,41.0,0.0,6866.67,6866.67,45.0,0.5,0,0.0,0,0.0,0,0.0,0,0.0,1,309000.0,0.5
MPLADS-000783,3,1199000.0,399666.67,399700.0,399600.0,399700.0,57.74,2022-06-21,2022-10-19,120,60.0,60.0,0.0,7993.33,7994.0,50.0,0.3334,0,0.0,0,0.0,0,0.0,0,0.0,1,399600.0,0.3333
MPLADS-000784,2,781000.0,390500.0,390500.0,390500.0,390500.0,0.0,2022-03-29,2022-05-06,38,38.0,38.0,0.0,8677.78,8677.78,45.0,0.5,0,0.0,0,0.0,0,0.0,0,0.0,1,390500.0,0.5
MPLADS-000785,3,1005000.0,335000.0,335000.0,335000.0,335000.0,0.0,2023-05-12,2023-08-20,100,50.0,50.0,0.0,6700.0,6700.0,50.0,0.3333,0,0.0,0,0.0,0,0.0,0,0.0,1,335000.0,0.3333
MPLADS-000786,3,1246000.0,415333.33,415300.0,415300.0,415400.0,57.74,2023-09-22,2023-12-19,88,44.0,44.0,0.0,10383.33,10385.0,40.0,0.3334,0,0.0,0,0.0,0,0.0,0,0.0,1,415400.0,0.3334
MPLADS-000787,2,501000.0,250500.0,250500.0,250500.0,250500.0,0.0,2023-12-19,2024-01-19,31,31.0,31.0,0.0,8350.0,8350.0,30.0,0.5,0,0.0,0,0.0,0,0.0,0,0.0,1,250500.0,0.5
MPLADS-000788,3,14297000.0,4765666.67,4765700.0,4765600.0,4765700.0,57.74,2022-09-14,2023-06-12,271,135.5,135.5,0.71,35742.5,35742.75,133.3,0.3333,0,0.0,0,0.0,0,0.0,0,0.0,1,4765600.0,0.3333
MPLADS-000789,3,1373000.0,457666.67,457700.0,457600.0,457700.0,57.74,2024-03-02,2024-06-18,108,54.0,54.0,0.0,9153.33,9154.0,50.0,0.3334,0,0.0,0,0.0,0,0.0,0,0.0,1,457600.0,0.3333
MPLADS-000790,2,409000.0,204500.0,204500.0,204500.0,204500.0,0.0,2023-12-03,2024-01-14,42,42.0,42.0,0.0,6816.67,6816.67,30.0,0.5,0,0.0,0,0.0,2,1.0,0,0.0,1,204500.0,0.5
MPLADS-000791,2,460000.0,230000.0,230000.0,230000.0,230000.0,0.0,2023-12-18,2024-01-20,33,33.0,33.0,0.0,7666.67,7666.67,30.0,0.5,0,0.0,0,0.0,0,0.0,0,0.0,1,230000.0,0.5
MPLADS-000792,3,15965000.0,5321666.67,5321700.0,5321600.0,5321700.0,57.74,2023-10-29,2024-07-15,260,130.0,130.0,0.0,39912.5,39912.75,133.3,0.3333,0,0.0,0,0.0,0,0.0,0,0.0,1,5321600.0,0.3333
MPLADS-000793,3,1348000.0,449333.33,449300.0,449300.0,449400.0,57.74,2023-02-27,2023-06-23,116,58.0,58.0,0.0,8986.67,8988.0,50.0,0.3334,0,0.0,0,0.0,0,0.0,0,0.0,1,449400.0,0.3334
MPLADS-000794,3,1580000.0,526666.67,526700.0,526600.0,526700.0,57.74,2022-08-12,2022-12-11,121,60.5,60.5,0.71,9875.0,9875.62,53.3,0.3334,0,0.0,0,0.0,0,0.0,0,0.0,1,526600.0,0.3333
MPLADS-000795,2,566000.0,283000.0,283000.0,283000.0,283000.0,0.0,2022-07-07,2022-08-08,32,32.0,32.0,0.0,9433.33,9433.33,30.0,0.5,0,0.0,0,0.0,0,0.0,0,0.0,1,283000.0,0.5
MPLADS-000796,3,1676000.0,558666.67,558700.0,558600.0,558700.0,57.74,2022-07-29,2022-10-27,90,45.0,45.0,0.0,11173.33,11174.0,50.0,0.3334,0,0.0,0,0.0,0,0.0,0,0.0,1,558600.0,0.3333
MPLADS-000797,3,15013000.0,5004333.33,5004300.0,5004300.0,5004400.0,57.74,2023-06-18,2024-04-03,290,145.0,145.0,0.0,37532.5,37533.0,133.3,0.3333,0,0.0,0,0.0,0,0.0,0,0.0,1,5004400.0,0.3333
MPLADS-000798,3,2216000.0,738666.67,738700.0,738600.0,738700.0,57.74,2023-12-09,2024-02-17,70,35.0,35.0,0.0,18466.67,18467.5,40.0,0.3333,0,0.0,0,0.0,0,0.0,0,0.0,1,738600.0,0.3333
MPLADS-000799,2,688000.0,344000.0,344000.0,344000.0,344000.0,0.0,2023-10-27,2023-11-30,34,34.0,34.0,0.0,11466.67,11466.67,30.0,0.5,0,0.0,0,0.0,0,0.0,0,0.0,1,344000.0,0.5
MPLADS-000800,3,10625000.0,3541666.67,3541700.0,3541600.0,3541700.0,57.74,2023-07-24,2024-04-23,274,137.0,137.0,0.0,26562.5,26562.75,133.3,0.3333,0,0.0,0,0.0,0,0.0,0,0.0,1,3541600.0,0.3333
MPLADS-000801,3,4719000.0,1573000.0,1573000.0,1573000.0,1573000.0,0.0,2022-05-27,2022-10-12,138,69.0,69.0,0.0,22471.43,22471.43,70.0,0.3333,0,0.0,0,0.0,0,0.0,0,0.0,1,1573000.0,0.3333
MPLADS-000802,3,14549000.0,4849666.67,4849700.0,4849600.0,4849700.0,57.74,2023-10-15,2024-07-13,272,136.0,136.0,0.0,36372.5,36372.75,133.3,0.3333,0,0.0,0,0.0,0,0.0,0,0.0,1,4849600.0,0.3333
MPLADS-000803,3,1701000.0,567000.0,567000.0,567000.0,567000.0,0.0,2023-06-27,2023-10-23,118,59.0,59.0,0.0,11340.0,11340.0,50.0,0.3333,0,0.0,0,0.0,0,0.0,0,0.0,1,567000.0,0.3333
MPLADS-000804,3,12487000.0,4162333.33,4162300.0,4162300.0,4162400.0,57.74,2022-08-25,2023-05-15,263,131.5,131.5,0.71,31217.5,31218.0,133.3,0.3333,0,0.0,0,0.0,0,0.0,0,0.0,1,4162400.0,0.3333
MPLADS-000805,3,2187000.0,729000.0,729000.0,729000.0,729000.0,0.0,2022-11-04,2023-03-24,140,70.0,70.0,0.0,12150.0,12150.0,60.0,0.3333,0,0.0,1,0.3333,0,0.0,0,0.0,1,729000.0,0.3333
MPLADS-000806,2,526000.0,263000.0,263000.0,263000.0,263000.0,0.0,2022-11-16,2023-01-02,47,47.0,47.0,0.0,8766.67,8766.67,30.0,0.5,0,0.0,0,0.0,0,0.0,0,0.0,1,263000.0,0.5
MPLADS-000807,3,2000000.0,666666.67,666700.0,666600.0,666700.0,57.74,2022-09-13,2023-01-04,113,56.5,56.5,0.71,12500.0,12500.62,53.3,0.3333,0,0.0,0,0.0,0,0.0,0,0.0,1,666600.0,0.3333
MPLADS-000808,3,2657000.0,885666.67,885700.0,885600.0,885700.0,57.74,2023-07-10,2023-11-30,143,71.5,71.5,0.71,14761.11,14761.67,60.0,0.3333,0,0.0,0,0.0,0,0.0,0,0.0,1,885600.0,0.3333
MPLADS-000809,3,1915000.0,638333.33,638300.0,638300.0,638400.0,57.74,2023-03-01,2023-06-06,97,48.5,48.5,0.71,12766.67,12768.0,50.0,0.3334,0,0.0,0,0.0,0,0.0,0,0.0,1,638400.0,0.3334
MPLADS-000810,3,2304000.0,768000.0,768000.0,768000.0,768000.0,0.0,2023-02-27,2023-06-01,94,47.0,47.0,0.0,19200.0,19200.0,40.0,0.3333,0,0.0,0,0.0,0,0.0,0,0.0,1,768000.0,0.3333
MPLADS-000811,3,2755000.0,918333.33,918300.0,918300.0,918400.0,57.74,2023-02-14,2023-06-01,107,53.5,53.5,0.71,18366.67,18368.0,50.0,0.3334,0,0.0,0,0.0,0,0.0,0,0.0,1,918400.0,0.3334
MPLADS-000812,3,3034000.0,1011333.33,1011300.0,1011300.0,1011400.0,57.74,2023-03-17,2023-08-05,141,70.5,70.5,0.71,16855.56,16856.67,60.0,0.3334,0,0.0,0,0.0,0,0.0,0,0.0,1,1011400.0,0.3334
MPLADS-000813,3,3000000.0,1000000.0,1000000.0,1000000.0,1000000.0,0.0,2023-01-20,2023-05-28,128,64.0,64.0,0.0,16666.67,16666.67,60.0,0.3333,0,0.0,0,0.0,0,0.0,3,1.0,1,1000000.0,0.3333
MPLADS-000814,3,4591000.0,1530333.33,1530300.0,1530300.0,1530400.0,57.74,2022-06-23,2022-11-08,138,69.0,69.0,0.0,25505.56,25506.67,60.0,0.3333,0,0.0,0,0.0,0,0.0,0,0.0,1,1530400.0,0.3333
MPLADS-000815,3,1396000.0,465333.33,465300.0,465300.0,465400.0,57.74,2024-01-12,2024-04-20,99,49.5,49.5,0.71,11633.33,11635.0,40.0,0.3334,0,0.0,1,0.3333,0,0.0,0,0.0,1,465400.0,0.3334
MPLADS-000816,3,1248000.0,416000.0,416000.0,416000.0,416000.0,0.0,2023-07-04,2023-09-14,72,36.0,36.0,0.0,10400.0,10400.0,40.0,0.3333,0,0.0,0,0.0,0,0.0,0,0.0,1,416000.0,0.3333
MPLADS-000817,3,1207000.0,402333.33,402300.0,402300.0,402400.0,57.74,2023-04-02,2023-07-30,119,59.5,59.5,0.71,8046.67,8048.0,50.0,0.3334,0,0.0,0,0.0,0,0.0,0,0.0,1,402400.0,0.3334
MPLADS-000818,2,766000.0,383000.0,383000.0,383000.0,383000.0,0.0,2023-06-11,2023-08-05,55,55.0,55.0,0.0,8511.11,8511.11,45.0,0.5,0,0.0,0,0.0,2,1.0,0,0.0,1,383000.0,0.5
MPLADS-000819,3,13770000.0,4590000.0,4590000.0,4590000.0,4590000.0,0.0,2022-11-15,2023-04-06,142,71.0,71.0,0.0,76500.0,76500.0,60.0,0.3333,0,0.0,0,0.0,0,0.0,0,0.0,1,4590000.0,0.3333
MPLADS-000820,3,3237000.0,1079000.0,1079000.0,1079000.0,1079000.0,0.0,2022-05-10,2022-09-22,135,67.5,67.5,0.71,15414.29,15414.29,70.0,0.3333,0,0.0,0,0.0,0,0.0,0,0.0,1,1079000.0,0.3333
MPLADS-000821,3,66747000.0,22249000.0,22249000.0,22249000.0,22249000.0,0.0,2023-01-01,2023-09-25,267,133.5,133.5,0.71,166867.5,166867.5,133.3,0.3333,0,0.0,0,0.0,0,0.0,0,0.0,1,22249000.0,0.3333
MPLADS-000822,3,1550000.0,516666.67,516700.0,516600.0,516700.0,57.74,2023-01-18,2023-04-10,82,41.0,41.0,0.0,12916.67,12917.5,40.0,0.3334,0,0.0,0,0.0,0,0.0,0,0.0,1,516600.0,0.3333
MPLADS-000823,3,1763000.0,587666.67,587700.0,587600.0,587700.0,57.74,2023-12-26,2024-04-26,122,61.0,61.0,0.0,11018.75,11019.38,53.3,0.3334,0,0.0,0,0.0,0,0.0,0,0.0,1,587600.0,0.3333
MPLADS-000824,3,2046000.0,682000.0,682000.0,682000.0,682000.0,0.0,2022-11-24,2023-03-07,103,51.5,51.5,0.71,13640.0,13640.0,50.0,0.3333,0,0.0,0,0.0,0,0.0,0,0.0,1,682000.0,0.3333
MPLADS-000825,2,597000.0,298500.0,298500.0,298500.0,298500.0,0.0,2023-02-28,2023-08-27,180,180.0,180.0,0.0,6633.33,6633.33,45.0,0.5,0,0.0,0,0.0,0,0.0,0,0.0,1,298500.0,0.5
MPLADS-000826,2,422000.0,211000.0,211000.0,211000.0,211000.0,0.0,2023-10-18,2023-12-03,46,46.0,46.0,0.0,7033.33,7033.33,30.0,0.5,0,0.0,0,0.0,0,0.0,0,0.0,1,211000.0,0.5
MPLADS-000827,3,2200000.0,733333.33,733300.0,733300.0,733400.0,57.74,2023-05-18,2023-10-27,162,81.0,81.0,0.0,10476.19,10477.14,70.0,0.3334,0,0.0,0,0.0,0,0.0,0,0.0,1,733400.0,0.3334
MPLADS-000828,3,14780000.0,4926666.67,4926700.0,4926600.0,4926700.0,57.74,2022-07-02,2023-03-23,264,132.0,132.0,0.0,36950.0,36950.25,133.3,0.3333,0,0.0,0,0.0,3,1.0,0,0.0,1,4926600.0,0.3333
MPLADS-000829,2,609000.0,304500.0,304500.0,304500.0,304500.0,0.0,2023-07-31,2023-09-13,44,44.0,44.0,0.0,6766.67,6766.67,45.0,0.5,0,0.0,0,0.0,0,0.0,0,0.0,1,304500.0,0.5
MPLADS-000830,3,1282000.0,427333.33,427300.0,427300.0,427400.0,57.74,2022-12-07,2023-04-08,122,61.0,61.0,0.0,8546.67,8548.0,50.0,0.3334,0,0.0,0,0.0,0,0.0,0,0.0,1,427400.0,0.3334
MPLADS-000831,3,16274000.0,5424666.67,5424700.0,5424600.0,5424700.0,57.74,2024-01-06,2024-10-10,278,139.0,139.0,0.0,40685.0,40685.25,133.3,0.3333,0,0.0,0,0.0,0,0.0,0,0.0,1,5424600.0,0.3333
MPLADS-000832,3,2900000.0,966666.67,966700.0,966600.0,966700.0,57.74,2024-01-12,2024-05-07,116,58.0,58.0,0.0,16111.11,16111.67,60.0,0.3333,0,0.0,0,0.0,0,0.0,0,0.0,1,966600.0,0.3333
MPLADS-000833,3,1294000.0,431333.33,431300.0,431300.0,431400.0,57.74,2022-08-13,2022-12-13,122,61.0,61.0,0.0,8626.67,8628.0,50.0,0.3334,0,0.0,0,0.0,0,0.0,0,0.0,1,431400.0,0.3334
MPLADS-000834,3,2702000.0,900666.67,900700.0,900600.0,900700.0,57.74,2024-03-13,2024-08-04,144,72.0,72.0,0.0,12866.66,12867.14,70.0,0.3333,0,0.0,1,0.3333,0,0.0,0,0.0,1,900600.0,0.3333
MPLADS-000835,3,2523000.0,841000.0,841000.0,841000.0,841000.0,0.0,2023-05-15,2023-10-14,152,76.0,76.0,0.0,12014.29,12014.29,70.0,0.3333,0,0.0,0,0.0,0,0.0,0,0.0,1,841000.0,0.3333
MPLADS-000836,2,559000.0,279500.0,279500.0,279500.0,279500.0,0.0,2022-06-05,2022-07-21,46,46.0,46.0,0.0,9316.67,9316.67,30.0,0.5,0,0.0,0,0.0,0,0.0,0,0.0,1,279500.0,0.5
MPLADS-000837,2,600000.0,300000.0,300000.0,300000.0,300000.0,0.0,2023-03-17,2023-04-18,32,32.0,32.0,0.0,10000.0,10000.0,30.0,0.5,0,0.0,0,0.0,0,0.0,2,1.0,1,300000.0,0.5
MPLADS-000838,2,743000.0,371500.0,371500.0,371500.0,371500.0,0.0,2023-10-06,2023-12-05,60,60.0,60.0,0.0,8255.56,8255.56,45.0,0.5,0,0.0,0,0.0,0,0.0,0,0.0,1,371500.0,0.5
MPLADS-000839,3,12621000.0,4207000.0,4207000.0,4207000.0,4207000.0,0.0,2024-04-26,2025-01-19,268,134.0,134.0,0.0,31552.5,31552.5,133.3,0.3333,0,0.0,0,0.0,0,0.0,0,0.0,1,4207000.0,0.3333
MPLADS-000840,3,1958000.0,652666.67,652700.0,652600.0,652700.0,57.74,2022-11-04,2023-03-20,136,68.0,68.0,0.0,9323.81,9324.29,70.0,0.3334,0,0.0,0,0.0,0,0.0,0,0.0,1,652600.0,0.3333
MPLADS-000841,3,2982000.0,994000.0,994000.0,994000.0,994000.0,0.0,2024-01-18,2024-06-04,138,69.0,69.0,0.0,16566.67,16566.67,60.0,0.3333,0,0.0,0,0.0,3,1.0,0,0.0,1,994000.0,0.3333
MPLADS-000842,3,14602000.0,4867333.33,4867300.0,4867300.0,4867400.0,57.74,2022-07-25,2023-04-15,264,132.0,132.0,0.0,36505.0,36505.5,133.3,0.3333,0,0.0,0,0.0,3,1.0,0,0.0,1,4867400.0,0.3333
MPLADS-000843,2,948000.0,474000.0,474000.0,474000.0,474000.0,0.0,2023-05-18,2023-07-03,46,46.0,46.0,0.0,10533.33,10533.33,45.0,0.5,0,0.0,0,0.0,0,0.0,0,0.0,1,474000.0,0.5
MPLADS-000844,2,350000.0,175000.0,175000.0,175000.0,175000.0,0.0,2022-02-20,2022-03-17,25,25.0,25.0,0.0,5833.33,5833.33,30.0,0.5,0,0.0,0,0.0,0,0.0,0,0.0,1,175000.0,0.5
MPLADS-000845,3,1005000.0,335000.0,335000.0,335000.0,335000.0,0.0,2022-05-25,2022-07-30,66,33.0,33.0,0.0,11166.67,11166.67,30.0,0.3333,0,0.0,0,0.0,3,1.0,0,0.0,1,335000.0,0.3333
MPLADS-000846,3,2319000.0,773000.0,773000.0,773000.0,773000.0,0.0,2023-07-22,2023-10-08,78,39.0,39.0,0.0,19325.0,19325.0,40.0,0.3333,0,0.0,0,0.0,0,0.0,0,0.0,1,773000.0,0.3333
MPLADS-000847,3,1079000.0,359666.67,359700.0,359600.0,359700.0,57.74,2024-03-23,2025-04-27,400,200.0,200.0,0.0,7193.33,7194.0,50.0,0.3334,0,0.0,1,0.3333,0,0.0,0,0.0,1,359600.0,0.3333
MPLADS-000848,3,1702000.0,567333.33,567300.0,567300.0,567400.0,57.74,2023-12-10,2024-04-14,126,63.0,63.0,0.0,10637.5,10638.75,53.3,0.3334,0,0.0,0,0.0,0,0.0,0,0.0,1,567400.0,0.3334
MPLADS-000849,3,1836000.0,612000.0,612000.0,612000.0,612000.0,0.0,2023-09-07,2023-11-21,75,37.5,37.5,0.71,15300.0,15300.0,40.0,0.3333,0,0.0,0,0.0,0,0.0,0,0.0,1,612000.0,0.3333
MPLADS-000850,2,598000.0,299000.0,299000.0,299000.0,299000.0,0.0,2023-06-01,2023-06-26,25,25.0,25.0,0.0,9966.67,9966.67,30.0,0.5,0,0.0,0,0.0,0,0.0,0,0.0,1,299000.0,0.5
MPLADS-000851,2,499000.0,249500.0,249500.0,249500.0,249500.0,0.0,2022-05-20,2022-06-29,40,40.0,40.0,0.0,8316.67,8316.67,30.0,0.5,0,0.0,0,0.0,0,0.0,0,0.0,1,249500.0,0.5
MPLADS-000852,3,2521000.0,840333.33,840300.0,840300.0,840400.0,57.74,2023-06-02,2023-11-05,156,78.0,78.0,0.0,12004.76,12005.71,70.0,0.3334,0,0.0,0,0.0,0,0.0,0,0.0,1,840400.0,0.3334
MPLADS-000853,3,9161000.0,3053666.67,3053700.0,3053600.0,3053700.0,57.74,2022-07-25,2022-12-13,141,70.5,70.5,0.71,43623.81,43624.29,70.0,0.3333,0,0.0,0,0.0,0,0.0,0,0.0,1,3053600.0,0.3333
MPLADS-000854,3,8918000.0,2972666.67,2972700.0,2972600.0,2972700.0,57.74,2023-09-13,2024-06-01,262,131.0,131.0,0.0,22295.0,22295.25,133.3,0.3333,0,0.0,0,0.0,0,0.0,0,0.0,1,2972600.0,0.3333
MPLADS-000855,2,581000.0,290500.0,290500.0,290500.0,290500.0,0.0,2023-05-13,2023-06-21,39,39.0,39.0,0.0,9683.33,9683.33,30.0,0.5,0,0.0,0,0.0,0,0.0,0,0.0,1,290500.0,0.5
MPLADS-000856,2,692000.0,346000.0,346000.0,346000.0,346000.0,0.0,2023-03-01,2023-04-22,52,52.0,52.0,0.0,7688.89,7688.89,45.0,0.5,0,0.0,0,0.0,0,0.0,0,0.0,1,346000.0,0.5
MPLADS-000857,3,2083000.0,694333.33,694300.0,694300.0,694400.0,57.74,2023-03-13,2023-07-24,133,66.5,66.5,0.71,11572.22,11573.33,60.0,0.3334,0,0.0,0,0.0,3,1.0,0,0.0,1,694400.0,0.3334
MPLADS-000858,3,9117000.0,3039000.0,3039000.0,3039000.0,3039000.0,0.0,2023-09-22,2024-06-06,258,129.0,129.0,0.0,22792.5,22792.5,133.3,0.3333,0,0.0,0,0.0,0,0.0,0,0.0,1,3039000.0,0.3333
MPLADS-000859,2,920000.0,460000.0,460000.0,460000.0,460000.0,0.0,2022-10-20,2022-12-18,59,59.0,59.0,0.0,10222.22,10222.22,45.0,0.5,0,0.0,0,0.0,0,0.0,0,0.0,1,460000.0,0.5
MPLADS-000860,3,2332000.0,777333.33,777300.0,777300.0,777400.0,57.74,2023-03-15,2023-06-24,101,50.5,50.5,0.71,14575.0,14576.25,53.3,0.3334,0,0.0,1,0.3333,0,0.0,0,0.0,1,777400.0,0.3334
MPLADS-000861,2,528000.0,264000.0,264000.0,264000.0,264000.0,0.0,2023-10-30,2023-12-07,38,38.0,38.0,0.0,8800.0,8800.0,30.0,0.5,0,0.0,0,0.0,0,0.0,0,0.0,1,264000.0,0.5
MPLADS-000862,3,3167000.0,1055666.67,1055700.0,1055600.0,1055700.0,57.74,2022-11-24,2023-03-30,126,63.0,63.0,0.0,19793.75,19794.38,53.3,0.3333,0,0.0,1,0.3333,0,0.0,0,0.0,1,1055600.0,0.3333
MPLADS-000863,3,9793000.0,3264333.33,3264300.0,3264300.0,3264400.0,57.74,2023-10-28,2024-07-14,260,130.0,130.0,0.0,24482.5,24483.0,133.3,0.3333,0,0.0,1,0.3333,0,0.0,0,0.0,1,3264400.0,0.3333
MPLADS-000864,3,8599000.0,2866333.33,2866300.0,2866300.0,2866400.0,57.74,2024-05-19,2026-07-28,800,400.0,400.0,0.0,21497.5,21498.0,133.3,0.3333,0,0.0,0,0.0,0,0.0,0,0.0,1,2866400.0,0.3333
MPLADS-000865,3,13590000.0,4530000.0,4530000.0,4530000.0,4530000.0,0.0,2024-05-02,2025-01-16,259,129.5,129.5,0.71,33975.0,33975.0,133.3,0.3333,0,0.0,0,0.0,0,0.0,0,0.0,1,4530000.0,0.3333
MPLADS-000866,2,774000.0,387000.0,387000.0,387000.0,387000.0,0.0,2023-11-17,2024-01-18,62,62.0,62.0,0.0,8600.0,8600.0,45.0,0.5,0,0.0,0,0.0,0,0.0,0,0.0,1,387000.0,0.5
MPLADS-000867,2,475000.0,237500.0,237500.0,237500.0,237500.0,0.0,2022-08-24,2022-10-10,47,47.0,47.0,0.0,7916.67,7916.67,30.0,0.5,0,0.0,0,0.0,0,0.0,0,0.0,1,237500.0,0.5
MPLADS-000868,3,1584000.0,528000.0,528000.0,528000.0,528000.0,0.0,2022-03-30,2022-07-05,97,48.5,48.5,0.71,10560.0,10560.0,50.0,0.3333,0,0.0,0,0.0,0,0.0,0,0.0,1,528000.0,0.3333
MPLADS-000869,3,2389000.0,796333.33,796300.0,796300.0,796400.0,57.74,2023-07-22,2023-11-18,119,59.5,59.5,0.71,14931.25,14932.5,53.3,0.3334,0,0.0,0,0.0,3,1.0,0,0.0,1,796400.0,0.3334
MPLADS-000870,3,2712000.0,904000.0,904000.0,904000.0,904000.0,0.0,2023-04-24,2023-09-15,144,72.0,72.0,0.0,12914.29,12914.29,70.0,0.3333,0,0.0,0,0.0,0,0.0,0,0.0,1,904000.0,0.3333
MPLADS-000871,3,1125000.0,375000.0,375000.0,375000.0,375000.0,0.0,2022-05-15,2022-07-21,67,33.5,33.5,0.71,12500.0,12500.0,30.0,0.3333,0,0.0,0,0.0,0,0.0,0,0.0,1,375000.0,0.3333
MPLADS-000872,3,1547000.0,515666.67,515700.0,515600.0,515700.0,57.74,2023-01-22,2023-04-21,89,44.5,44.5,0.71,12891.67,12892.5,40.0,0.3334,0,0.0,0,0.0,0,0.0,0,0.0,1,515600.0,0.3333
MPLADS-000873,2,855000.0,427500.0,427500.0,427500.0,427500.0,0.0,2023-10-30,2023-12-09,40,40.0,40.0,0.0,9500.0,9500.0,45.0,0.5,0,0.0,0,0.0,0,0.0,0,0.0,1,427500.0,0.5
MPLADS-000874,3,1962000.0,654000.0,654000.0,654000.0,654000.0,0.0,2023-01-27,2023-05-19,112,56.0,56.0,0.0,13080.0,13080.0,50.0,0.3333,0,0.0,0,0.0,0,0.0,0,0.0,1,654000.0,0.3333
MPLADS-000875,3,2607000.0,869000.0,869000.0,869000.0,869000.0,0.0,2022-10-28,2023-03-11,134,67.0,67.0,0.0,14483.33,14483.33,60.0,0.3333,0,0.0,0,0.0,0,0.0,0,0.0,1,869000.0,0.3333
MPLADS-000876,2,391000.0,195500.0,195500.0,195500.0,195500.0,0.0,2023-09-27,2023-10-20,23,23.0,23.0,0.0,6516.67,6516.67,30.0,0.5,0,0.0,0,0.0,0,0.0,0,0.0,1,195500.0,0.5
MPLADS-000877,3,1595000.0,531666.67,531700.0,531600.0,531700.0,57.74,2023-07-27,2023-11-07,103,51.5,51.5,0.71,10633.33,10634.0,50.0,0.3334,0,0.0,0,0.0,0,0.0,0,0.0,1,531600.0,0.3333
MPLADS-000878,3,2389000.0,796333.33,796300.0,796300.0,796400.0,57.74,2023-10-13,2024-02-15,125,62.5,62.5,0.71,14931.25,14932.5,53.3,0.3334,0,0.0,0,0.0,0,0.0,0,0.0,1,796400.0,0.3334
MPLADS-000879,3,1798000.0,599333.33,599300.0,599300.0,599400.0,57.74,2022-11-06,2023-03-13,127,63.5,63.5,0.71,9988.89,9990.0,60.0,0.3334,0,0.0,1,0.3333,0,0.0,0,0.0,1,599400.0,0.3334
MPLADS-000880,3,2253000.0,751000.0,751000.0,751000.0,751000.0,0.0,2024-01-18,2024-05-10,113,56.5,56.5,0.71,14081.25,14081.25,53.3,0.3333,0,0.0,0,0.0,0,0.0,0,0.0,1,751000.0,0.3333
MPLADS-000881,3,1277000.0,425666.67,425700.0,425600.0,425700.0,57.74,2023-05-07,2023-09-02,118,59.0,59.0,0.0,8513.33,8514.0,50.0,0.3334,0,0.0,0,0.0,0,0.0,0,0.0,1,425600.0,0.3333
MPLADS-000882,2,545000.0,272500.0,272500.0,272500.0,272500.0,0.0,2023-03-17,2023-04-26,40,40.0,40.0,0.0,9083.33,9083.33,30.0,0.5,0,0.0,0,0.0,0,0.0,0,0.0,1,272500.0,0.5
MPLADS-000883,3,1998000.0,666000.0,666000.0,666000.0,666000.0,0.0,2024-02-22,2024-05-27,95,47.5,47.5,0.71,16650.0,16650.0,40.0,0.3333,0,0.0,0,0.0,0,0.0,0,0.0,1,666000.0,0.3333
MPLADS-000884,3,49971000.0,16657000.0,16657000.0,16657000.0,16657000.0,0.0,2023-07-02,2024-04-15,288,144.0,144.0,0.0,124927.5,124927.5,133.3,0.3333,0,0.0,0,0.0,0,0.0,0,0.0,1,16657000.0,0.3333
MPLADS-000885,3,2630000.0,876666.67,876700.0,876600.0,876700.0,57.74,2024-01-20,2024-03-07,47,23.5,23.5,0.71,43833.33,43835.0,20.0,0.3333,0,0.0,0,0.0,0,0.0,0,0.0,1,876600.0,0.3333
MPLADS-000886,3,2331000.0,777000.0,777000.0,777000.0,777000.0,0.0,2023-06-27,2023-11-02,128,64.0,64.0,0.0,12950.0,12950.0,60.0,0.3333,0,0.0,0,0.0,0,0.0,0,0.0,1,777000.0,0.3333
MPLADS-000887,3,1872000.0,624000.0,624000.0,624000.0,624000.0,0.0,2024-02-04,2024-06-01,118,59.0,59.0,0.0,12480.0,12480.0,50.0,0.3333,0,0.0,0,0.0,3,1.0,0,0.0,1,624000.0,0.3333
MPLADS-000888,3,2291000.0,763666.67,763700.0,763600.0,763700.0,57.74,2023-04-03,2023-07-30,118,59.0,59.0,0.0,12727.78,12728.33,60.0,0.3333,0,0.0,0,0.0,0,0.0,0,0.0,1,763600.0,0.3333
MPLADS-000889,3,2137000.0,712333.33,712300.0,712300.0,712400.0,57.74,2022-11-10,2023-03-08,118,59.0,59.0,0.0,11872.22,11873.33,60.0,0.3334,0,0.0,0,0.0,0,0.0,0,0.0,1,712400.0,0.3334
MPLADS-000890,3,2012000.0,670666.67,670700.0,670600.0,670700.0,57.74,2024-01-27,2024-05-17,111,55.5,55.5,0.71,13413.33,13414.0,50.0,0.3333,0,0.0,1,0.3333,0,0.0,0,0.0,1,670600.0,0.3333
MPLADS-000891,3,1814000.0,604666.67,604700.0,604600.0,604700.0,57.74,2023-01-17,2023-05-15,118,59.0,59.0,0.0,11337.5,11338.12,53.3,0.3334,0,0.0,0,0.0,0,0.0,0,0.0,1,604600.0,0.3333
MPLADS-000892,3,9561000.0,3187000.0,3187000.0,3187000.0,3187000.0,0.0,2022-10-22,2023-02-11,112,56.0,56.0,0.0,59756.25,59756.25,53.3,0.3333,0,0.0,0,0.0,0,0.0,0,0.0,1,3187000.0,0.3333
MPLADS-000893,3,4261000.0,1420333.33,1420300.0,1420300.0,1420400.0,57.74,2023-08-20,2024-01-10,143,71.5,71.5,0.71,20290.48,20291.43,70.0,0.3333,0,0.0,0,0.0,0,0.0,0,0.0,1,1420400.0,0.3333
MPLADS-000894,3,8904000.0,2968000.0,2968000.0,2968000.0,2968000.0,0.0,2022-12-22,2023-09-06,258,129.0,129.0,0.0,22260.0,22260.0,133.3,0.3333,0,0.0,0,0.0,3,1.0,0,0.0,1,2968000.0,0.3333
MPLADS-000895,3,1515000.0,505000.0,505000.0,505000.0,505000.0,0.0,2023-03-21,2023-06-06,77,38.5,38.5,0.71,12625.0,12625.0,40.0,0.3333,0,0.0,1,0.3333,0,0.0,0,0.0,1,505000.0,0.3333
MPLADS-000896,3,10479000.0,3493000.0,3493000.0,3493000.0,3493000.0,0.0,2022-05-02,2022-08-07,97,48.5,48.5,0.71,65493.75,65493.75,53.3,0.3333,0,0.0,0,0.0,0,0.0,0,0.0,1,3493000.0,0.3333
MPLADS-000897,3,1644000.0,548000.0,548000.0,548000.0,548000.0,0.0,2023-11-04,2024-03-01,118,59.0,59.0,0.0,10275.0,10275.0,53.3,0.3333,0,0.0,0,0.0,0,0.0,0,0.0,1,548000.0,0.3333
MPLADS-000898,3,2428000.0,809333.33,809300.0,809300.0,809400.0,57.74,2023-04-27,2023-09-25,151,75.5,75.5,0.71,11561.91,11562.86,70.0,0.3334,0,0.0,0,0.0,0,0.0,0,0.0,1,809400.0,0.3334
MPLADS-000899,3,10220000.0,3406666.67,3406700.0,3406600.0,3406700.0,57.74,2023-02-04,2023-11-13,282,141.0,141.0,0.0,25550.0,25550.25,133.3,0.3333,0,0.0,0,0.0,0,0.0,0,0.0,1,3406600.0,0.3333
MPLADS-000900,3,1258000.0,419333.33,419300.0,419300.0,419400.0,57.74,2024-02-09,2024-05-08,89,44.5,44.5,0.71,10483.33,10485.0,40.0,0.3334,0,0.0,0,0.0,0,0.0,0,0.0,1,419400.0,0.3334
MPLADS-000901,3,1807000.0,602333.33,602300.0,602300.0,602400.0,57.74,2023-06-25,2023-09-10,77,38.5,38.5,0.71,15058.33,15060.0,40.0,0.3334,0,0.0,0,0.0,0,0.0,0,0.0,1,602400.0,0.3334
MPLADS-000902,3,2644000.0,881333.33,881300.0,881300.0,881400.0,57.74,2022-11-09,2023-04-01,143,71.5,71.5,0.71,14688.89,14690.0,60.0,0.3334,0,0.0,0,0.0,0,0.0,0,0.0,1,881400.0,0.3334
MPLADS-000903,3,1554000.0,518000.0,518000.0,518000.0,518000.0,0.0,2023-09-19,2023-12-16,88,44.0,44.0,0.0,12950.0,12950.0,40.0,0.3333,0,0.0,0,0.0,0,0.0,0,0.0,1,518000.0,0.3333
MPLADS-000904,3,3760000.0,1253333.33,1253300.0,1253300.0,1253400.0,57.74,2022-11-13,2023-03-11,118,59.0,59.0,0.0,23500.0,23501.25,53.3,0.3334,0,0.0,1,0.3333,0,0.0,0,0.0,1,1253400.0,0.3334
MPLADS-000905,3,2276000.0,758666.67,758700.0,758600.0,758700.0,57.74,2023-04-01,2023-08-27,148,74.0,74.0,0.0,10838.09,10838.57,70.0,0.3333,0,0.0,0,0.0,0,0.0,0,0.0,1,758600.0,0.3333
MPLADS-000906,3,3470000.0,1156666.67,1156700.0,1156600.0,1156700.0,57.74,2023-03-22,2023-06-20,90,45.0,45.0,0.0,28916.67,28917.5,40.0,0.3333,0,0.0,0,0.0,0,0.0,0,0.0,1,1156600.0,0.3333
MPLADS-000907,3,3320000.0,1106666.67,1106700.0,1106600.0,1106700.0,57.74,2022-08-16,2022-12-11,117,58.5,58.5,0.71,18444.44,18445.0,60.0,0.3333,0,0.0,0,0.0,0,0.0,0,0.0,1,1106600.0,0.3333
MPLADS-000908,3,2929000.0,976333.33,976300.0,976300.0,976400.0,57.74,2023-07-05,2023-11-20,138,69.0,69.0,0.0,13947.62,13948.57,70.0,0.3334,0,0.0,0,0.0,0,0.0,0,0.0,1,976400.0,0.3334
MPLADS-000909,3,1583000.0,527666.67,527700.0,527600.0,527700.0,57.74,2023-05-19,2023-08-23,96,48.0,48.0,0.0,13191.67,13192.5,40.0,0.3334,0,0.0,0,0.0,0,0.0,0,0.0,1,527600.0,0.3333
MPLADS-000910,3,1260000.0,420000.0,420000.0,420000.0,420000.0,0.0,2022-11-04,2023-02-07,95,47.5,47.5,0.71,8400.0,8400.0,50.0,0.3333,0,0.0,0,0.0,0,0.0,0,0.0,1,420000.0,0.3333
MPLADS-000911,3,3900000.0,1300000.0,1300000.0,1300000.0,1300000.0,0.0,2023-03-29,2023-08-21,145,72.5,72.5,0.71,18571.43,18571.43,70.0,0.3333,0,0.0,1,0.3333,0,0.0,3,1.0,1,1300000.0,0.3333
MPLADS-000912,2,504000.0,252000.0,252000.0,252000.0,252000.0,0.0,2022-10-25,2022-12-11,47,47.0,47.0,0.0,8400.0,8400.0,30.0,0.5,0,0.0,0,0.0,0,0.0,0,0.0,1,252000.0,0.5
MPLADS-000913,3,1839000.0,613000.0,613000.0,613000.0,613000.0,0.0,2022-06-30,2022-09-10,72,36.0,36.0,0.0,15325.0,15325.0,40.0,0.3333,0,0.0,0,0.0,0,0.0,0,0.0,1,613000.0,0.3333
MPLADS-000914,3,9164000.0,3054666.67,3054700.0,3054600.0,3054700.0,57.74,2023-05-27,2024-02-18,267,133.5,133.5,0.71,22910.0,22910.25,133.3,0.3333,0,0.0,0,0.0,0,0.0,0,0.0,1,3054600.0,0.3333
MPLADS-000915,3,1986000.0,662000.0,662000.0,662000.0,662000.0,0.0,2023-11-12,2024-01-27,76,38.0,38.0,0.0,16550.0,16550.0,40.0,0.3333,0,0.0,0,0.0,0,0.0,0,0.0,1,662000.0,0.3333
MPLADS-000916,3,2341000.0,780333.33,780300.0,780300.0,780400.0,57.74,2024-03-11,2024-07-31,142,71.0,71.0,0.0,11147.62,11148.57,70.0,0.3334,0,0.0,0,0.0,0,0.0,0,0.0,1,780400.0,0.3334
MPLADS-000917,3,2199000.0,733000.0,733000.0,733000.0,733000.0,0.0,2022-06-22,2022-08-31,70,35.0,35.0,0.0,18325.0,18325.0,40.0,0.3333,0,0.0,0,0.0,0,0.0,0,0.0,1,733000.0,0.3333
MPLADS-000918,3,1761000.0,587000.0,587000.0,587000.0,587000.0,0.0,2023-09-16,2024-02-03,140,70.0,70.0,0.0,9783.33,9783.33,60.0,0.3333,0,0.0,0,0.0,0,0.0,0,0.0,1,587000.0,0.3333
MPLADS-000919,3,3884000.0,1294666.67,1294700.0,1294600.0,1294700.0,57.74,2022-11-12,2023-01-13,62,31.0,31.0,0.0,43155.56,43156.67,30.0,0.3333,0,0.0,0,0.0,0,0.0,0,0.0,1,1294600.0,0.3333
MPLADS-000920,2,581000.0,290500.0,290500.0,290500.0,290500.0,0.0,2023-08-15,2023-09-13,29,29.0,29.0,0.0,9683.33,9683.33,30.0,0.5,0,0.0,0,0.0,0,0.0,0,0.0,1,290500.0,0.5
MPLADS-000921,3,2072000.0,690666.67,690700.0,690600.0,690700.0,57.74,2022-06-02,2022-09-05,95,47.5,47.5,0.71,17266.67,17267.5,40.0,0.3333,0,0.0,0,0.0,0,0.0,0,0.0,1,690600.0,0.3333
MPLADS-000922,3,3654000.0,1218000.0,1218000.0,1218000.0,1218000.0,0.0,2023-12-06,2024-05-07,153,76.5,76.5,0.71,17400.0,17400.0,70.0,0.3333,0,0.0,0,0.0,0,0.0,0,0.0,1,1218000.0,0.3333
MPLADS-000923,3,1856000.0,618666.67,618700.0,618600.0,618700.0,57.74,2023-12-28,2024-05-02,126,63.0,63.0,0.0,10311.11,10311.67,60.0,0.3334,0,0.0,0,0.0,0,0.0,0,0.0,1,618600.0,0.3333
MPLADS-000924,3,8445000.0,2815000.0,2815000.0,2815000.0,2815000.0,0.0,2022-07-21,2022-10-15,86,43.0,43.0,0.0,70375.0,70375.0,40.0,0.3333,0,0.0,0,0.0,0,0.0,0,0.0,1,2815000.0,0.3333
MPLADS-000925,3,9876000.0,3292000.0,3292000.0,3292000.0,3292000.0,0.0,2023-05-05,2023-09-18,136,68.0,68.0,0.0,54866.67,54866.67,60.0,0.3333,0,0.0,0,0.0,0,0.0,0,0.0,1,3292000.0,0.3333
MPLADS-000926,3,2014000.0,671333.33,671300.0,671300.0,671400.0,57.74,2023-04-05,2023-08-09,126,63.0,63.0,0.0,12587.5,12588.75,53.3,0.3334,0,0.0,0,0.0,0,0.0,0,0.0,1,671400.0,0.3334
MPLADS-000927,2,488000.0,244000.0,244000.0,244000.0,244000.0,0.0,2023-07-20,2023-08-31,42,42.0,42.0,0.0,8133.33,8133.33,30.0,0.5,0,0.0,0,0.0,0,0.0,0,0.0,1,244000.0,0.5
MPLADS-000928,3,2948000.0,982666.67,982700.0,982600.0,982700.0,57.74,2023-09-25,2024-02-06,134,67.0,67.0,0.0,16377.78,16378.33,60.0,0.3333,0,0.0,0,0.0,0,0.0,0,0.0,1,982600.0,0.3333
MPLADS-000929,3,2290000.0,763333.33,763300.0,763300.0,763400.0,57.74,2022-09-15,2022-12-26,102,51.0,51.0,0.0,14312.5,14313.75,53.3,0.3334,0,0.0,0,0.0,0,0.0,0,0.0,1,763400.0,0.3334
MPLADS-000930,3,1199000.0,399666.67,399700.0,399600.0,399700.0,57.74,2022-04-14,2022-08-02,110,55.0,55.0,0.0,7993.33,7994.0,50.0,0.3334,0,0.0,0,0.0,0,0.0,0,0.0,1,399600.0,0.3333
MPLADS-000931,3,3371000.0,1123666.67,1123700.0,1123600.0,1123700.0,57.74,2023-11-13,2024-04-17,156,78.0,78.0,0.0,16052.38,16052.86,70.0,0.3333,0,0.0,0,0.0,0,0.0,0,0.0,1,1123600.0,0.3333
MPLADS-000932,3,2616000.0,872000.0,872000.0,872000.0,872000.0,0.0,2022-11-06,2023-02-25,111,55.5,55.5,0.71,16350.0,16350.0,53.3,0.3333,0,0.0,0,0.0,0,0.0,0,0.0,1,872000.0,0.3333
MPLADS-000933,2,655000.0,327500.0,327500.0,327500.0,327500.0,0.0,2023-05-08,2023-07-01,54,54.0,54.0,0.0,7277.78,7277.78,45.0,0.5,0,0.0,0,0.0,0,0.0,0,0.0,1,327500.0,0.5
MPLADS-000934,2,558000.0,279000.0,279000.0,279000.0,279000.0,0.0,2022-11-11,2022-12-15,34,34.0,34.0,0.0,9300.0,9300.0,30.0,0.5,0,0.0,0,0.0,0,0.0,0,0.0,1,279000.0,0.5
MPLADS-000935,3,1032000.0,344000.0,344000.0,344000.0,344000.0,0.0,2024-01-02,2024-05-03,122,61.0,61.0,0.0,6880.0,6880.0,50.0,0.3333,0,0.0,1,0.3333,0,0.0,0,0.0,1,344000.0,0.3333
MPLADS-000936,3,1281000.0,427000.0,427000.0,427000.0,427000.0,0.0,2024-02-19,2024-06-08,110,55.0,55.0,0.0,8540.0,8540.0,50.0,0.3333,0,0.0,0,0.0,0,0.0,0,0.0,1,427000.0,0.3333
MPLADS-000937,3,2709000.0,903000.0,903000.0,903000.0,903000.0,0.0,2023-09-11,2024-02-10,152,76.0,76.0,0.0,12900.0,12900.0,70.0,0.3333,0,0.0,0,0.0,0,0.0,0,0.0,1,903000.0,0.3333
MPLADS-000938,3,1013000.0,337666.67,337700.0,337600.0,337700.0,57.74,2023-08-21,2024-06-16,300,150.0,150.0,0.0,6753.33,6754.0,50.0,0.3334,0,0.0,0,0.0,0,0.0,0,0.0,1,337600.0,0.3333
MPLADS-000939,3,1368000.0,456000.0,456000.0,456000.0,456000.0,0.0,2023-03-25,2023-06-26,93,46.5,46.5,0.71,9120.0,9120.0,50.0,0.3333,0,0.0,1,0.3333,0,0.0,0,0.0,1,456000.0,0.3333
MPLADS-000940,3,1177000.0,392333.33,392300.0,392300.0,392400.0,57.74,2023-12-04,2024-03-27,114,57.0,57.0,0.0,7846.67,7848.0,50.0,0.3334,0,0.0,1,0.3333,0,0.0,0,0.0,1,392400.0,0.3334
MPLADS-000941,3,2931000.0,977000.0,977000.0,977000.0,977000.0,0.0,2023-01-05,2023-05-11,126,63.0,63.0,0.0,16283.33,16283.33,60.0,0.3333,0,0.0,0,0.0,3,1.0,0,0.0,1,977000.0,0.3333
MPLADS-000942,3,9467000.0,3155666.67,3155700.0,3155600.0,3155700.0,57.74,2024-03-02,2024-11-23,266,133.0,133.0,0.0,23667.5,23667.75,133.3,0.3333,0,0.0,0,0.0,0,0.0,0,0.0,1,3155600.0,0.3333
MPLADS-000943,3,12089000.0,4029666.67,4029700.0,4029600.0,4029700.0,57.74,2023-03-25,2023-12-23,273,136.5,136.5,0.71,30222.5,30222.75,133.3,0.3333,0,0.0,0,0.0,0,0.0,0,0.0,1,4029600.0,0.3333
MPLADS-000944,2,506000.0,253000.0,253000.0,253000.0,253000.0,0.0,2023-12-31,2024-02-14,45,45.0,45.0,0.0,8433.33,8433.33,30.0,0.5,0,0.0,0,0.0,0,0.0,0,0.0,1,253000.0,0.5
MPLADS-000945,3,2037000.0,679000.0,679000.0,679000.0,679000.0,0.0,2022-05-10,2022-09-20,133,66.5,66.5,0.71,11316.67,11316.67,60.0,0.3333,0,0.0,0,0.0,0,0.0,0,0.0,1,679000.0,0.3333
MPLADS-000946,3,12004000.0,4001333.33,4001300.0,4001300.0,4001400.0,57.74,2023-05-16,2023-08-26,102,51.0,51.0,0.0,75025.0,75026.25,53.3,0.3333,0,0.0,0,0.0,0,0.0,0,0.0,1,4001400.0,0.3333
MPLADS-000947,3,2180000.0,726666.67,726700.0,726600.0,726700.0,57.74,2023-10-22,2024-12-22,427,213.5,213.5,0.71,13625.0,13625.62,53.3,0.3333,0,0.0,0,0.0,0,0.0,0,0.0,1,726600.0,0.3333
MPLADS-000948,2,530000.0,265000.0,265000.0,265000.0,265000.0,0.0,2022-06-10,2022-07-11,31,31.0,31.0,0.0,8833.33,8833.33,30.0,0.5,0,0.0,0,0.0,0,0.0,0,0.0,1,265000.0,0.5
MPLADS-000949,3,2277000.0,759000.0,759000.0,759000.0,759000.0,0.0,2023-04-27,2023-08-25,120,60.0,60.0,0.0,12650.0,12650.0,60.0,0.3333,0,0.0,0,0.0,0,0.0,0,0.0,1,759000.0,0.3333
MPLADS-000950,2,467000.0,233500.0,233500.0,233500.0,233500.0,0.0,2022-12-18,2023-02-02,46,46.0,46.0,0.0,7783.33,7783.33,30.0,0.5,0,0.0,0,0.0,0,0.0,0,0.0,1,233500.0,0.5
MPLADS-000951,3,2576000.0,858666.67,858700.0,858600.0,858700.0,57.74,2023-12-04,2024-03-24,111,55.5,55.5,0.71,16100.0,16100.62,53.3,0.3333,0,0.0,1,0.3333,3,1.0,0,0.0,1,858600.0,0.3333
MPLADS-000952,2,531000.0,265500.0,265500.0,265500.0,265500.0,0.0,2022-08-20,2022-10-19,60,60.0,60.0,0.0,5900.0,5900.0,45.0,0.5,0,0.0,0,0.0,0,0.0,0,0.0,1,265500.0,0.5
MPLADS-000953,3,1342000.0,447333.33,447300.0,447300.0,447400.0,57.74,2022-07-13,2022-09-25,74,37.0,37.0,0.0,11183.33,11185.0,40.0,0.3334,0,0.0,0,0.0,0,0.0,0,0.0,1,447400.0,0.3334
MPLADS-000954,3,1985000.0,661666.67,661700.0,661600.0,661700.0,57.74,2023-01-21,2023-11-17,300,150.0,150.0,0.0,13233.33,13234.0,50.0,0.3334,0,0.0,0,0.0,0,0.0,0,0.0,1,661600.0,0.3333
MPLADS-000955,3,2204000.0,734666.67,734700.0,734600.0,734700.0,57.74,2022-07-10,2023-05-26,320,160.0,160.0,0.0,13775.0,13775.62,53.3,0.3333,0,0.0,0,0.0,0,0.0,0,0.0,1,734600.0,0.3333
MPLADS-000956,3,1134000.0,378000.0,378000.0,378000.0,378000.0,0.0,2023-06-28,2023-10-15,109,54.5,54.5,0.71,7560.0,7560.0,50.0,0.3333,0,0.0,0,0.0,0,0.0,0,0.0,1,378000.0,0.3333
MPLADS-000957,3,9647000.0,3215666.67,3215700.0,3215600.0,3215700.0,57.74,2024-02-03,2024-10-24,264,132.0,132.0,0.0,24117.5,24117.75,133.3,0.3333,0,0.0,0,0.0,0,0.0,0,0.0,1,3215600.0,0.3333
MPLADS-000958,2,636000.0,318000.0,318000.0,318000.0,318000.0,0.0,2023-02-27,2023-04-11,43,43.0,43.0,0.0,10600.0,10600.0,30.0,0.5,0,0.0,0,0.0,0,0.0,0,0.0,1,318000.0,0.5
MPLADS-000959,3,2771000.0,923666.67,923700.0,923600.0,923700.0,57.74,2022-06-03,2022-10-18,137,68.5,68.5,0.71,13195.24,13195.71,70.0,0.3333,0,0.0,0,0.0,0,0.0,0,0.0,1,923600.0,0.3333
MPLADS-000960,3,2433000.0,811000.0,811000.0,811000.0,811000.0,0.0,2022-04-19,2022-08-27,130,65.0,65.0,0.0,13516.67,13516.67,60.0,0.3333,0,0.0,0,0.0,0,0.0,0,0.0,1,811000.0,0.3333
MPLADS-000961,3,2530000.0,843333.33,843300.0,843300.0,843400.0,57.74,2023-09-07,2024-02-14,160,80.0,80.0,0.0,12047.62,12048.57,70.0,0.3334,0,0.0,0,0.0,0,0.0,0,0.0,1,843400.0,0.3334
MPLADS-000962,3,2677000.0,892333.33,892300.0,892300.0,892400.0,57.74,2022-09-05,2023-02-02,150,75.0,75.0,0.0,12747.62,12748.57,70.0,0.3334,0,0.0,0,0.0,0,0.0,0,0.0,1,892400.0,0.3334
MPLADS-000963,3,1594000.0,531333.33,531300.0,531300.0,531400.0,57.74,2023-11-25,2024-03-06,102,51.0,51.0,0.0,13283.33,13285.0,40.0,0.3334,0,0.0,0,0.0,0,0.0,0,0.0,1,531400.0,0.3334
MPLADS-000964,2,702000.0,351000.0,351000.0,351000.0,351000.0,0.0,2022-07-23,2022-09-17,56,56.0,56.0,0.0,7800.0,7800.0,45.0,0.5,0,0.0,0,0.0,0,0.0,0,0.0,1,351000.0,0.5
MPLADS-000965,3,9794000.0,3264666.67,3264700.0,3264600.0,3264700.0,57.74,2023-03-30,2023-12-13,258,129.0,129.0,0.0,24485.0,24485.25,133.3,0.3333,0,0.0,0,0.0,0,0.0,0,0.0,1,3264600.0,0.3333
MPLADS-000966,2,671000.0,335500.0,335500.0,335500.0,335500.0,0.0,2022-05-23,2022-07-04,42,42.0,42.0,0.0,11183.33,11183.33,30.0,0.5,0,0.0,0,0.0,0,0.0,0,0.0,1,335500.0,0.5
MPLADS-000967,3,14016000.0,4672000.0,4672000.0,4672000.0,4672000.0,0.0,2023-04-26,2024-01-25,274,137.0,137.0,0.0,35040.0,35040.0,133.3,0.3333,0,0.0,0,0.0,0,0.0,0,0.0,1,4672000.0,0.3333
MPLADS-000968,2,575000.0,287500.0,287500.0,287500.0,287500.0,0.0,2022-09-08,2022-10-30,52,52.0,52.0,0.0,6388.89,6388.89,45.0,0.5,0,0.0,0,0.0,0,0.0,0,0.0,1,287500.0,0.5
MPLADS-000969,2,682000.0,341000.0,341000.0,341000.0,341000.0,0.0,2023-01-12,2023-03-02,49,49.0,49.0,0.0,7577.78,7577.78,45.0,0.5,0,0.0,0,0.0,0,0.0,0,0.0,1,341000.0,0.5
MPLADS-000970,3,2326000.0,775333.33,775300.0,775300.0,775400.0,57.74,2024-01-08,2024-05-09,122,61.0,61.0,0.0,14537.5,14538.75,53.3,0.3334,0,0.0,1,0.3333,0,0.0,0,0.0,1,775400.0,0.3334
MPLADS-000971,2,904000.0,452000.0,452000.0,452000.0,452000.0,0.0,2023-01-25,2023-03-05,39,39.0,39.0,0.0,10044.44,10044.44,45.0,0.5,0,0.0,0,0.0,0,0.0,0,0.0,1,452000.0,0.5
MPLADS-000972,3,1192000.0,397333.33,397300.0,397300.0,397400.0,57.74,2023-10-04,2024-01-10,98,49.0,49.0,0.0,7946.67,7948.0,50.0,0.3334,0,0.0,0,0.0,3,1.0,0,0.0,1,397400.0,0.3334
MPLADS-000973,2,922000.0,461000.0,461000.0,461000.0,461000.0,0.0,2023-06-08,2023-07-22,44,44.0,44.0,0.0,10244.44,10244.44,45.0,0.5,0,0.0,0,0.0,0,0.0,0,0.0,1,461000.0,0.5
MPLADS-000974,3,1319000.0,439666.67,439700.0,439600.0,439700.0,57.74,2023-01-21,2023-05-07,106,53.0,53.0,0.0,8793.33,8794.0,50.0,0.3334,0,0.0,1,0.3333,0,0.0,0,0.0,1,439600.0,0.3333
MPLADS-000975,2,552000.0,276000.0,276000.0,276000.0,276000.0,0.0,2022-06-14,2022-07-24,40,40.0,40.0,0.0,9200.0,9200.0,30.0,0.5,0,0.0,0,0.0,0,0.0,0,0.0,1,276000.0,0.5
MPLADS-000976,2,446000.0,223000.0,223000.0,223000.0,223000.0,0.0,2022-03-25,2022-04-19,25,25.0,25.0,0.0,7433.33,7433.33,30.0,0.5,0,0.0,0,0.0,0,0.0,0,0.0,1,223000.0,0.5
MPLADS-000977,3,9449000.0,3149666.67,3149700.0,3149600.0,3149700.0,57.74,2022-12-31,2023-03-28,87,43.5,43.5,0.71,78741.67,78742.5,40.0,0.3333,0,0.0,0,0.0,0,0.0,0,0.0,1,3149600.0,0.3333
MPLADS-000978,2,358000.0,179000.0,179000.0,179000.0,179000.0,0.0,2023-09-29,2023-10-28,29,29.0,29.0,0.0,5966.67,5966.67,30.0,0.5,0,0.0,0,0.0,0,0.0,0,0.0,1,179000.0,0.5
MPLADS-000979,3,2746000.0,915333.33,915300.0,915300.0,915400.0,57.74,2023-01-25,2023-06-16,142,71.0,71.0,0.0,15255.56,15256.67,60.0,0.3334,0,0.0,0,0.0,0,0.0,0,0.0,1,915400.0,0.3334
MPLADS-000980,3,1955000.0,651666.67,651700.0,651600.0,651700.0,57.74,2023-11-01,2024-02-05,96,48.0,48.0,0.0,16291.67,16292.5,40.0,0.3334,0,0.0,0,0.0,0,0.0,0,0.0,1,651600.0,0.3333
MPLADS-000981,3,2349000.0,783000.0,783000.0,783000.0,783000.0,0.0,2023-07-24,2023-12-11,140,70.0,70.0,0.0,11185.71,11185.71,70.0,0.3333,0,0.0,0,0.0,0,0.0,0,0.0,1,783000.0,0.3333
MPLADS-000982,3,2056000.0,685333.33,685300.0,685300.0,685400.0,57.74,2023-09-06,2024-01-23,139,69.5,69.5,0.71,11422.22,11423.33,60.0,0.3334,0,0.0,0,0.0,0,0.0,0,0.0,1,685400.0,0.3334
MPLADS-000983,2,964000.0,482000.0,482000.0,482000.0,482000.0,0.0,2022-08-22,2022-10-18,57,57.0,57.0,0.0,10711.11,10711.11,45.0,0.5,0,0.0,0,0.0,0,0.0,0,0.0,1,482000.0,0.5
MPLADS-000984,3,1506000.0,502000.0,502000.0,502000.0,502000.0,0.0,2023-07-23,2023-11-30,130,65.0,65.0,0.0,9412.5,9412.5,53.3,0.3333,0,0.0,0,0.0,0,0.0,0,0.0,1,502000.0,0.3333
MPLADS-000985,3,1755000.0,585000.0,585000.0,585000.0,585000.0,0.0,2022-05-28,2022-09-05,100,50.0,50.0,0.0,11700.0,11700.0,50.0,0.3333,0,0.0,0,0.0,0,0.0,0,0.0,1,585000.0,0.3333
MPLADS-000986,2,717000.0,358500.0,358500.0,358500.0,358500.0,0.0,2022-11-04,2022-12-13,39,39.0,39.0,0.0,7966.67,7966.67,45.0,0.5,0,0.0,0,0.0,0,0.0,0,0.0,1,358500.0,0.5
MPLADS-000987,3,8544000.0,2848000.0,2848000.0,2848000.0,2848000.0,0.0,2023-01-28,2023-11-03,279,139.5,139.5,0.71,21360.0,21360.0,133.3,0.3333,0,0.0,0,0.0,0,0.0,0,0.0,1,2848000.0,0.3333
MPLADS-000988,2,604000.0,302000.0,302000.0,302000.0,302000.0,0.0,2024-01-02,2024-01-28,26,26.0,26.0,0.0,10066.67,10066.67,30.0,0.5,0,0.0,0,0.0,0,0.0,0,0.0,1,302000.0,0.5
MPLADS-000989,3,1455000.0,485000.0,485000.0,485000.0,485000.0,0.0,2022-10-03,2023-01-15,104,52.0,52.0,0.0,9700.0,9700.0,50.0,0.3333,0,0.0,0,0.0,0,0.0,0,0.0,1,485000.0,0.3333
MPLADS-000990,3,2688000.0,896000.0,896000.0,896000.0,896000.0,0.0,2023-06-17,2023-10-15,120,60.0,60.0,0.0,16800.0,16800.0,53.3,0.3333,0,0.0,0,0.0,0,0.0,0,0.0,1,896000.0,0.3333
MPLADS-000991,3,12585000.0,4195000.0,4195000.0,4195000.0,4195000.0,0.0,2022-07-07,2023-04-15,282,141.0,141.0,0.0,31462.5,31462.5,133.3,0.3333,0,0.0,0,0.0,0,0.0,0,0.0,1,4195000.0,0.3333
MPLADS-000992,3,3304000.0,1101333.33,1101300.0,1101300.0,1101400.0,57.74,2023-02-08,2023-07-19,161,80.5,80.5,0.71,15733.34,15734.29,70.0,0.3334,0,0.0,0,0.0,0,0.0,0,0.0,1,1101400.0,0.3334
MPLADS-000993,3,2547000.0,849000.0,849000.0,849000.0,849000.0,0.0,2024-02-27,2024-06-30,124,62.0,62.0,0.0,14150.0,14150.0,60.0,0.3333,0,0.0,0,0.0,0,0.0,0,0.0,1,849000.0,0.3333
MPLADS-000994,3,2976000.0,992000.0,992000.0,992000.0,992000.0,0.0,2023-04-09,2023-07-31,113,56.5,56.5,0.71,16533.33,16533.33,60.0,0.3333,0,0.0,0,0.0,0,0.0,0,0.0,1,992000.0,0.3333
MPLADS-000995,3,1087000.0,362333.33,362300.0,362300.0,362400.0,57.74,2023-11-25,2024-02-07,74,37.0,37.0,0.0,12077.78,12080.0,30.0,0.3334,0,0.0,0,0.0,0,0.0,0,0.0,1,362400.0,0.3334
MPLADS-000996,3,1602000.0,534000.0,534000.0,534000.0,534000.0,0.0,2023-12-19,2024-04-12,115,57.5,57.5,0.71,8900.0,8900.0,60.0,0.3333,0,0.0,0,0.0,0,0.0,0,0.0,1,534000.0,0.3333
MPLADS-000997,2,948000.0,474000.0,474000.0,474000.0,474000.0,0.0,2023-03-31,2023-06-07,68,68.0,68.0,0.0,6320.0,6320.0,75.0,0.5,0,0.0,1,0.5,0,0.0,0,0.0,1,474000.0,0.5
MPLADS-000998,3,12882000.0,4294000.0,4294000.0,4294000.0,4294000.0,0.0,2022-07-28,2023-04-22,268,134.0,134.0,0.0,32205.0,32205.0,133.3,0.3333,0,0.0,0,0.0,0,0.0,0,0.0,1,4294000.0,0.3333
MPLADS-000999,3,10618000.0,3539333.33,3539300.0,3539300.0,3539400.0,57.74,2023-12-06,2024-09-17,286,143.0,143.0,0.0,26545.0,26545.5,133.3,0.3333,0,0.0,0,0.0,0,0.0,0,0.0,1,3539400.0,0.3333
MPLADS-001000,3,1261000.0,420333.33,420300.0,420300.0,420400.0,57.74,2022-07-01,2022-10-03,94,47.0,47.0,0.0,10508.33,10510.0,40.0,0.3334,0,0.0,0,0.0,0,0.0,0,0.0,1,420400.0,0.3334
MPLADS-001001,3,1384000.0,461333.33,461300.0,461300.0,461400.0,57.74,2023-12-01,2024-03-04,94,47.0,47.0,0.0,9226.67,9228.0,50.0,0.3334,0,0.0,0,0.0,0,0.0,0,0.0,1,461400.0,0.3334
MPLADS-001002,3,3117000.0,1039000.0,1039000.0,1039000.0,1039000.0,0.0,2022-09-09,2023-01-23,136,68.0,68.0,0.0,17316.67,17316.67,60.0,0.3333,0,0.0,0,0.0,0,0.0,0,0.0,1,1039000.0,0.3333
MPLADS-001003,2,871000.0,435500.0,435500.0,435500.0,435500.0,0.0,2022-11-03,2022-12-31,58,58.0,58.0,0.0,9677.78,9677.78,45.0,0.5,0,0.0,0,0.0,0,0.0,0,0.0,1,435500.0,0.5
MPLADS-001004,3,3121000.0,1040333.33,1040300.0,1040300.0,1040400.0,57.74,2023-09-11,2024-01-29,140,70.0,70.0,0.0,14861.91,14862.86,70.0,0.3334,0,0.0,0,0.0,3,1.0,0,0.0,1,1040400.0,0.3334
MPLADS-001005,3,11725000.0,3908333.33,3908300.0,3908300.0,3908400.0,57.74,2023-07-03,2024-04-03,275,137.5,137.5,0.71,29312.5,29313.0,133.3,0.3333,0,0.0,0,0.0,0,0.0,0,0.0,1,3908400.0,0.3333
MPLADS-001006,3,2369000.0,789666.67,789700.0,789600.0,789700.0,57.74,2023-09-05,2024-01-27,144,72.0,72.0,0.0,11280.95,11281.43,70.0,0.3333,0,0.0,0,0.0,3,1.0,0,0.0,1,789600.0,0.3333
MPLADS-001007,3,3524000.0,1174666.67,1174700.0,1174600.0,1174700.0,57.74,2022-07-27,2022-10-05,70,35.0,35.0,0.0,39155.56,39156.67,30.0,0.3333,0,0.0,0,0.0,0,0.0,0,0.0,1,1174600.0,0.3333
MPLADS-001008,2,410000.0,205000.0,205000.0,205000.0,205000.0,0.0,2023-04-11,2023-05-08,27,27.0,27.0,0.0,6833.33,6833.33,30.0,0.5,0,0.0,0,0.0,0,0.0,0,0.0,1,205000.0,0.5
MPLADS-001009,3,1103000.0,367666.67,367700.0,367600.0,367700.0,57.74,2024-03-16,2024-07-10,116,58.0,58.0,0.0,7353.33,7354.0,50.0,0.3334,0,0.0,0,0.0,0,0.0,0,0.0,1,367600.0,0.3333
MPLADS-001010,3,1486000.0,495333.33,495300.0,495300.0,495400.0,57.74,2022-09-28,2023-01-06,100,50.0,50.0,0.0,9287.5,9288.75,53.3,0.3334,0,0.0,0,0.0,0,0.0,0,0.0,1,495400.0,0.3334
MPLADS-001011,2,699000.0,349500.0,349500.0,349500.0,349500.0,0.0,2023-02-08,2023-04-07,58,58.0,58.0,0.0,7766.67,7766.67,45.0,0.5,0,0.0,0,0.0,0,0.0,0,0.0,1,349500.0,0.5
MPLADS-001012,3,1020000.0,340000.0,340000.0,340000.0,340000.0,0.0,2023-08-10,2023-11-18,100,50.0,50.0,0.0,6800.0,6800.0,50.0,0.3333,0,0.0,0,0.0,0,0.0,0,0.0,1,340000.0,0.3333
MPLADS-001013,2,431000.0,215500.0,215500.0,215500.0,215500.0,0.0,2022-05-02,2022-06-06,35,35.0,35.0,0.0,7183.33,7183.33,30.0,0.5,0,0.0,0,0.0,0,0.0,0,0.0,1,215500.0,0.5
MPLADS-001014,3,1508000.0,502666.67,502700.0,502600.0,502700.0,57.74,2022-08-21,2022-12-01,102,51.0,51.0,0.0,10053.33,10054.0,50.0,0.3334,0,0.0,0,0.0,0,0.0,0,0.0,1,502600.0,0.3333
MPLADS-001015,3,11027000.0,3675666.67,3675700.0,3675600.0,3675700.0,57.74,2022-10-13,2023-06-28,258,129.0,129.0,0.0,27567.5,27567.75,133.3,0.3333,0,0.0,0,0.0,0,0.0,0,0.0,1,3675600.0,0.3333
MPLADS-001016,3,1726000.0,575333.33,575300.0,575300.0,575400.0,57.74,2024-02-14,2024-05-24,100,50.0,50.0,0.0,14383.33,14385.0,40.0,0.3334,0,0.0,0,0.0,0,0.0,0,0.0,1,575400.0,0.3334
MPLADS-001017,3,3071000.0,1023666.67,1023700.0,1023600.0,1023700.0,57.74,2023-03-19,2023-07-29,132,66.0,66.0,0.0,14623.81,14624.29,70.0,0.3333,0,0.0,1,0.3333,0,0.0,0,0.0,1,1023600.0,0.3333
MPLADS-001018,3,2806000.0,935333.33,935300.0,935300.0,935400.0,57.74,2024-06-10,2025-04-26,320,160.0,160.0,0.0,17537.5,17538.75,53.3,0.3334,0,0.0,0,0.0,0,0.0,0,0.0,1,935400.0,0.3334
MPLADS-001019,3,1980000.0,660000.0,660000.0,660000.0,660000.0,0.0,2023-12-27,2024-04-11,106,53.0,53.0,0.0,12375.0,12375.0,53.3,0.3333,0,0.0,0,0.0,0,0.0,0,0.0,1,660000.0,0.3333
MPLADS-001020,3,5627000.0,1875666.67,1875700.0,1875600.0,1875700.0,57.74,2023-06-04,2023-09-14,102,51.0,51.0,0.0,37513.33,37514.0,50.0,0.3333,0,0.0,0,0.0,0,0.0,0,0.0,1,1875600.0,0.3333
MPLADS-001021,3,12190000.0,4063333.33,4063300.0,4063300.0,4063400.0,57.74,2022-07-13,2023-03-28,258,129.0,129.0,0.0,30475.0,30475.5,133.3,0.3333,0,0.0,1,0.3333,0,0.0,0,0.0,1,4063400.0,0.3333
MPLADS-001022,3,13031000.0,4343666.67,4343700.0,4343600.0,4343700.0,57.74,2023-06-13,2024-03-25,286,143.0,143.0,0.0,32577.5,32577.75,133.3,0.3333,0,0.0,0,0.0,0,0.0,0,0.0,1,4343600.0,0.3333
MPLADS-001023,3,1939000.0,646333.33,646300.0,646300.0,646400.0,57.74,2023-02-27,2023-06-18,111,55.5,55.5,0.71,12926.67,12928.0,50.0,0.3334,0,0.0,0,0.0,0,0.0,0,0.0,1,646400.0,0.3334
MPLADS-001024,3,1202000.0,400666.67,400700.0,400600.0,400700.0,57.74,2023-08-21,2023-11-23,94,47.0,47.0,0.0,10016.67,10017.5,40.0,0.3334,0,0.0,0,0.0,0,0.0,0,0.0,1,400600.0,0.3333
MPLADS-001025,3,1802000.0,600666.67,600700.0,600600.0,600700.0,57.74,2022-09-06,2022-12-28,113,56.5,56.5,0.71,12013.33,12014.0,50.0,0.3334,0,0.0,0,0.0,0,0.0,0,0.0,1,600600.0,0.3333
MPLADS-001026,3,3295000.0,1098333.33,1098300.0,1098300.0,1098400.0,57.74,2022-08-08,2023-01-13,158,79.0,79.0,0.0,15690.48,15691.43,70.0,0.3334,0,0.0,0,0.0,0,0.0,0,0.0,1,1098400.0,0.3334
MPLADS-001027,3,3287000.0,1095666.67,1095700.0,1095600.0,1095700.0,57.74,2023-07-22,2023-12-04,135,67.5,67.5,0.71,15652.38,15652.86,70.0,0.3333,0,0.0,0,0.0,0,0.0,0,0.0,1,1095600.0,0.3333
MPLADS-001028,3,2102000.0,700666.67,700700.0,700600.0,700700.0,57.74,2024-02-24,2024-10-21,240,120.0,120.0,0.0,17516.67,17517.5,40.0,0.3333,0,0.0,0,0.0,0,0.0,0,0.0,1,700600.0,0.3333
MPLADS-001029,3,2733000.0,911000.0,911000.0,911000.0,911000.0,0.0,2022-08-03,2023-01-04,154,77.0,77.0,0.0,13014.29,13014.29,70.0,0.3333,0,0.0,0,0.0,3,1.0,0,0.0,1,911000.0,0.3333
MPLADS-001030,3,13052000.0,4350666.67,4350700.0,4350600.0,4350700.0,57.74,2022-06-04,2023-02-24,265,132.5,132.5,0.71,32630.0,32630.25,133.3,0.3333,0,0.0,0,0.0,0,0.0,0,0.0,1,4350600.0,0.3333
MPLADS-001031,3,3231000.0,1077000.0,1077000.0,1077000.0,1077000.0,0.0,2023-02-10,2023-06-04,114,57.0,57.0,0.0,17950.0,17950.0,60.0,0.3333,0,0.0,0,0.0,0,0.0,0,0.0,1,1077000.0,0.3333
MPLADS-001032,3,10434000.0,3478000.0,3478000.0,3478000.0,3478000.0,0.0,2022-11-25,2023-04-12,138,69.0,69.0,0.0,49685.71,49685.71,70.0,0.3333,0,0.0,0,0.0,0,0.0,0,0.0,1,3478000.0,0.3333
MPLADS-001033,2,449000.0,224500.0,224500.0,224500.0,224500.0,0.0,2024-01-13,2024-02-16,34,34.0,34.0,0.0,7483.33,7483.33,30.0,0.5,0,0.0,0,0.0,0,0.0,0,0.0,1,224500.0,0.5
MPLADS-001034,2,951000.0,475500.0,475500.0,475500.0,475500.0,0.0,2023-08-23,2023-10-22,60,60.0,60.0,0.0,10566.67,10566.67,45.0,0.5,0,0.0,0,0.0,0,0.0,0,0.0,1,475500.0,0.5
MPLADS-001035,3,2464000.0,821333.33,821300.0,821300.0,821400.0,57.74,2023-10-16,2024-03-02,138,69.0,69.0,0.0,13688.89,13690.0,60.0,0.3334,0,0.0,0,0.0,0,0.0,0,0.0,1,821400.0,0.3334
MPLADS-001036,2,599000.0,299500.0,299500.0,299500.0,299500.0,0.0,2023-09-15,2023-10-18,33,33.0,33.0,0.0,9983.33,9983.33,30.0,0.5,0,0.0,0,0.0,0,0.0,0,0.0,1,299500.0,0.5
MPLADS-001037,3,2661000.0,887000.0,887000.0,887000.0,887000.0,0.0,2023-03-20,2023-07-06,108,54.0,54.0,0.0,16631.25,16631.25,53.3,0.3333,0,0.0,0,0.0,0,0.0,0,0.0,1,887000.0,0.3333
MPLADS-001038,3,13558000.0,4519333.33,4519300.0,4519300.0,4519400.0,57.74,2023-02-13,2023-06-19,126,63.0,63.0,0.0,75322.22,75323.33,60.0,0.3333,0,0.0,0,0.0,0,0.0,0,0.0,1,4519400.0,0.3333
MPLADS-001039,3,1956000.0,652000.0,652000.0,652000.0,652000.0,0.0,2023-12-20,2024-05-26,158,79.0,79.0,0.0,9314.29,9314.29,70.0,0.3333,0,0.0,1,0.3333,0,0.0,0,0.0,1,652000.0,0.3333
MPLADS-001040,2,552000.0,276000.0,276000.0,276000.0,276000.0,0.0,2022-12-17,2023-02-11,56,56.0,56.0,0.0,6133.33,6133.33,45.0,0.5,0,0.0,0,0.0,0,0.0,0,0.0,1,276000.0,0.5
MPLADS-001041,2,725000.0,362500.0,362500.0,362500.0,362500.0,0.0,2023-05-06,2023-06-26,51,51.0,51.0,0.0,8055.56,8055.56,45.0,0.5,0,0.0,0,0.0,0,0.0,0,0.0,1,362500.0,0.5
MPLADS-001042,3,1110000.0,370000.0,370000.0,370000.0,370000.0,0.0,2023-07-19,2023-11-05,109,54.5,54.5,0.71,7400.0,7400.0,50.0,0.3333,0,0.0,0,0.0,0,0.0,0,0.0,1,370000.0,0.3333
MPLADS-001043,3,3785000.0,1261666.67,1261700.0,1261600.0,1261700.0,57.74,2023-05-06,2023-09-14,131,65.5,65.5,0.71,18023.81,18024.29,70.0,0.3333,0,0.0,0,0.0,0,0.0,0,0.0,1,1261600.0,0.3333
MPLADS-001044,3,1475000.0,491666.67,491700.0,491600.0,491700.0,57.74,2023-05-18,2023-09-09,114,57.0,57.0,0.0,9218.75,9219.38,53.3,0.3334,0,0.0,0,0.0,0,0.0,0,0.0,1,491600.0,0.3333
MPLADS-001045,2,565000.0,282500.0,282500.0,282500.0,282500.0,0.0,2022-04-26,2022-05-24,28,28.0,28.0,0.0,9416.67,9416.67,30.0,0.5,0,0.0,0,0.0,0,0.0,0,0.0,1,282500.0,0.5
MPLADS-001046,3,2923000.0,974333.33,974300.0,974300.0,974400.0,57.74,2023-06-20,2023-10-17,119,59.5,59.5,0.71,18268.75,18270.0,53.3,0.3334,0,0.0,0,0.0,0,0.0,0,0.0,1,974400.0,0.3334
MPLADS-001047,3,10953000.0,3651000.0,3651000.0,3651000.0,3651000.0,0.0,2023-12-23,2024-09-22,274,137.0,137.0,0.0,27382.5,27382.5,133.3,0.3333,0,0.0,0,0.0,0,0.0,0,0.0,1,3651000.0,0.3333
MPLADS-001048,2,558000.0,279000.0,279000.0,279000.0,279000.0,0.0,2023-08-03,2023-09-12,40,40.0,40.0,0.0,9300.0,9300.0,30.0,0.5,0,0.0,0,0.0,0,0.0,0,0.0,1,279000.0,0.5
MPLADS-001049,2,925000.0,462500.0,462500.0,462500.0,462500.0,0.0,2023-11-11,2024-01-05,55,55.0,55.0,0.0,10277.78,10277.78,45.0,0.5,0,0.0,0,0.0,0,0.0,0,0.0,1,462500.0,0.5
MPLADS-001050,3,2945000.0,981666.67,981700.0,981600.0,981700.0,57.74,2023-12-15,2024-02-17,64,32.0,32.0,0.0,32722.22,32723.33,30.0,0.3333,0,0.0,0,0.0,0,0.0,0,0.0,1,981600.0,0.3333
MPLADS-001051,3,14224000.0,4741333.33,4741300.0,4741300.0,4741400.0,57.74,2023-06-19,2023-11-02,136,68.0,68.0,0.0,67733.34,67734.29,70.0,0.3333,0,0.0,0,0.0,0,0.0,0,0.0,1,4741400.0,0.3333
MPLADS-001052,3,3569000.0,1189666.67,1189700.0,1189600.0,1189700.0,57.74,2022-07-20,2022-11-30,133,66.5,66.5,0.71,16995.24,16995.71,70.0,0.3333,0,0.0,0,0.0,0,0.0,0,0.0,1,1189600.0,0.3333
MPLADS-001053,3,2432000.0,810666.67,810700.0,810600.0,810700.0,57.74,2023-06-21,2023-10-19,120,60.0,60.0,0.0,13511.11,13511.67,60.0,0.3333,0,0.0,0,0.0,0,0.0,0,0.0,1,810600.0,0.3333
MPLADS-001054,3,2111000.0,703666.67,703700.0,703600.0,703700.0,57.74,2023-09-30,2023-12-25,86,43.0,43.0,0.0,17591.67,17592.5,40.0,0.3333,0,0.0,0,0.0,0,0.0,0,0.0,1,703600.0,0.3333
MPLADS-001055,3,1873000.0,624333.33,624300.0,624300.0,624400.0,57.74,2023-10-12,2024-01-24,104,52.0,52.0,0.0,12486.67,12488.0,50.0,0.3334,0,0.0,0,0.0,0,0.0,0,0.0,1,624400.0,0.3334
MPLADS-001056,3,9485000.0,3161666.67,3161700.0,3161600.0,3161700.0,57.74,2023-01-29,2023-11-14,289,144.5,144.5,0.71,23712.5,23712.75,133.3,0.3333,0,0.0,0,0.0,0,0.0,0,0.0,1,3161600.0,0.3333
MPLADS-001057,3,2173000.0,724333.33,724300.0,724300.0,724400.0,57.74,2023-12-06,2024-04-03,119,59.5,59.5,0.71,12072.22,12073.33,60.0,0.3334,0,0.0,0,0.0,0,0.0,0,0.0,1,724400.0,0.3334
MPLADS-001058,3,2012000.0,670666.67,670700.0,670600.0,670700.0,57.74,2022-12-28,2023-04-27,120,60.0,60.0,0.0,12575.0,12575.62,53.3,0.3333,0,0.0,0,0.0,0,0.0,0,0.0,1,670600.0,0.3333
MPLADS-001059,3,2601000.0,867000.0,867000.0,867000.0,867000.0,0.0,2023-06-19,2023-10-19,122,61.0,61.0,0.0,14450.0,14450.0,60.0,0.3333,0,0.0,0,0.0,0,0.0,0,0.0,1,867000.0,0.3333
MPLADS-001060,2,521000.0,260500.0,260500.0,260500.0,260500.0,0.0,2023-05-22,2023-07-17,56,56.0,56.0,0.0,5788.89,5788.89,45.0,0.5,0,0.0,0,0.0,0,0.0,0,0.0,1,260500.0,0.5
MPLADS-001061,2,918000.0,459000.0,459000.0,459000.0,459000.0,0.0,2022-09-16,2022-11-14,59,59.0,59.0,0.0,10200.0,10200.0,45.0,0.5,0,0.0,0,0.0,0,0.0,0,0.0,1,459000.0,0.5
MPLADS-001062,3,1841000.0,613666.67,613700.0,613600.0,613700.0,57.74,2023-01-01,2023-04-18,107,53.5,53.5,0.71,11506.25,11506.88,53.3,0.3334,0,0.0,0,0.0,0,0.0,0,0.0,1,613600.0,0.3333
MPLADS-001063,3,4668000.0,1556000.0,1556000.0,1556000.0,1556000.0,0.0,2023-06-11,2023-10-08,119,59.5,59.5,0.71,29175.0,29175.0,53.3,0.3333,0,0.0,0,0.0,0,0.0,0,0.0,1,1556000.0,0.3333
MPLADS-001064,3,2964000.0,988000.0,988000.0,988000.0,988000.0,0.0,2022-05-05,2022-09-12,130,65.0,65.0,0.0,16466.67,16466.67,60.0,0.3333,0,0.0,0,0.0,0,0.0,0,0.0,1,988000.0,0.3333
MPLADS-001065,3,1965000.0,655000.0,655000.0,655000.0,655000.0,0.0,2023-08-17,2023-12-15,120,60.0,60.0,0.0,12281.25,12281.25,53.3,0.3333,0,0.0,0,0.0,0,0.0,0,0.0,1,655000.0,0.3333
MPLADS-001066,3,3315000.0,1105000.0,1105000.0,1105000.0,1105000.0,0.0,2022-05-08,2022-08-28,112,56.0,56.0,0.0,18416.67,18416.67,60.0,0.3333,0,0.0,0,0.0,0,0.0,0,0.0,1,1105000.0,0.3333
MPLADS-001067,3,8824000.0,2941333.33,2941300.0,2941300.0,2941400.0,57.74,2022-11-09,2023-07-24,257,128.5,128.5,0.71,22060.0,22060.5,133.3,0.3333,0,0.0,0,0.0,0,0.0,0,0.0,1,2941400.0,0.3333
MPLADS-001068,2,807000.0,403500.0,403500.0,403500.0,403500.0,0.0,2023-04-08,2023-06-06,59,59.0,59.0,0.0,8966.67,8966.67,45.0,0.5,0,0.0,0,0.0,0,0.0,0,0.0,1,403500.0,0.5
MPLADS-001069,2,687000.0,343500.0,343500.0,343500.0,343500.0,0.0,2024-02-14,2024-03-28,43,43.0,43.0,0.0,11450.0,11450.0,30.0,0.5,0,0.0,0,0.0,0,0.0,0,0.0,1,343500.0,0.5
MPLADS-001070,3,2582000.0,860666.67,860700.0,860600.0,860700.0,57.74,2022-07-01,2022-12-09,161,80.5,80.5,0.71,12295.24,12295.71,70.0,0.3333,0,0.0,0,0.0,0,0.0,0,0.0,1,860600.0,0.3333
MPLADS-001071,3,1468000.0,489333.33,489300.0,489300.0,489400.0,57.74,2022-09-12,2022-11-30,79,39.5,39.5,0.71,12233.33,12235.0,40.0,0.3334,0,0.0,0,0.0,0,0.0,0,0.0,1,489400.0,0.3334
MPLADS-001072,3,1655000.0,551666.67,551700.0,551600.0,551700.0,57.74,2023-08-28,2023-12-16,110,55.0,55.0,0.0,9194.44,9195.0,60.0,0.3334,0,0.0,0,0.0,0,0.0,0,0.0,1,551600.0,0.3333
MPLADS-001073,3,1201000.0,400333.33,400300.0,400300.0,400400.0,57.74,2023-04-10,2023-05-30,50,25.0,25.0,0.0,13344.44,13346.67,30.0,0.3334,0,0.0,0,0.0,0,0.0,0,0.0,1,400400.0,0.3334
MPLADS-001074,2,708000.0,354000.0,354000.0,354000.0,354000.0,0.0,2023-12-12,2024-02-03,53,53.0,53.0,0.0,7866.67,7866.67,45.0,0.5,0,0.0,0,0.0,0,0.0,0,0.0,1,354000.0,0.5
MPLADS-001075,3,2190000.0,730000.0,730000.0,730000.0,730000.0,0.0,2023-06-26,2023-09-16,82,41.0,41.0,0.0,18250.0,18250.0,40.0,0.3333,0,0.0,0,0.0,0,0.0,0,0.0,1,730000.0,0.3333
MPLADS-001076,3,2155000.0,718333.33,718300.0,718300.0,718400.0,57.74,2023-04-23,2023-07-24,92,46.0,46.0,0.0,17958.33,17960.0,40.0,0.3334,0,0.0,0,0.0,3,1.0,0,0.0,1,718400.0,0.3334
MPLADS-001077,3,1005000.0,335000.0,335000.0,335000.0,335000.0,0.0,2022-04-08,2022-06-15,68,34.0,34.0,0.0,11166.67,11166.67,30.0,0.3333,0,0.0,0,0.0,0,0.0,0,0.0,1,335000.0,0.3333
MPLADS-001078,3,9065000.0,3021666.67,3021700.0,3021600.0,3021700.0,57.74,2024-03-10,2024-07-08,120,60.0,60.0,0.0,60433.33,60434.0,50.0,0.3333,0,0.0,0,0.0,0,0.0,0,0.0,1,3021600.0,0.3333
MPLADS-001079,2,412000.0,206000.0,206000.0,206000.0,206000.0,0.0,2023-04-09,2023-05-14,35,35.0,35.0,0.0,6866.67,6866.67,30.0,0.5,0,0.0,0,0.0,0,0.0,0,0.0,1,206000.0,0.5
MPLADS-001080,3,1157000.0,385666.67,385700.0,385600.0,385700.0,57.74,2022-07-28,2022-11-01,96,48.0,48.0,0.0,9641.67,9642.5,40.0,0.3334,0,0.0,0,0.0,0,0.0,0,0.0,1,385600.0,0.3333
MPLADS-001081,3,2074000.0,691333.33,691300.0,691300.0,691400.0,57.74,2023-11-16,2024-03-30,135,67.5,67.5,0.71,9876.19,9877.14,70.0,0.3334,0,0.0,0,0.0,0,0.0,0,0.0,1,691400.0,0.3334
MPLADS-001082,3,1866000.0,622000.0,622000.0,622000.0,622000.0,0.0,2023-11-16,2024-02-24,100,50.0,50.0,0.0,15550.0,15550.0,40.0,0.3333,0,0.0,0,0.0,0,0.0,0,0.0,1,622000.0,0.3333
MPLADS-001083,3,2705000.0,901666.67,901700.0,901600.0,901700.0,57.74,2022-09-15,2023-02-17,155,77.5,77.5,0.71,12880.95,12881.43,70.0,0.3333,0,0.0,0,0.0,3,1.0,0,0.0,1,901600.0,0.3333
MPLADS-001084,3,2832000.0,944000.0,944000.0,944000.0,944000.0,0.0,2023-04-30,2023-08-08,100,50.0,50.0,0.0,17700.0,17700.0,53.3,0.3333,0,0.0,0,0.0,0,0.0,0,0.0,1,944000.0,0.3333
MPLADS-001085,2,863000.0,431500.0,431500.0,431500.0,431500.0,0.0,2022-11-26,2023-01-27,62,62.0,62.0,0.0,9588.89,9588.89,45.0,0.5,0,0.0,0,0.0,0,0.0,0,0.0,1,431500.0,0.5
MPLADS-001086,2,694000.0,347000.0,347000.0,347000.0,347000.0,0.0,2022-12-21,2023-01-30,40,40.0,40.0,0.0,7711.11,7711.11,45.0,0.5,0,0.0,0,0.0,0,0.0,0,0.0,1,347000.0,0.5
MPLADS-001087,3,2315000.0,771666.67,771700.0,771600.0,771700.0,57.74,2024-04-01,2025-07-25,480,240.0,240.0,0.0,12861.11,12861.67,60.0,0.3333,0,0.0,0,0.0,0,0.0,0,0.0,1,771600.0,0.3333
MPLADS-001088,2,631000.0,315500.0,315500.0,315500.0,315500.0,0.0,2022-04-01,2022-05-14,43,43.0,43.0,0.0,7011.11,7011.11,45.0,0.5,0,0.0,0,0.0,0,0.0,0,0.0,1,315500.0,0.5
MPLADS-001089,3,2323000.0,774333.33,774300.0,774300.0,774400.0,57.74,2023-05-31,2023-10-14,136,68.0,68.0,0.0,12905.56,12906.67,60.0,0.3334,0,0.0,0,0.0,0,0.0,0,0.0,1,774400.0,0.3334
MPLADS-001090,3,2600000.0,866666.67,866700.0,866600.0,866700.0,57.74,2022-04-28,2022-08-18,112,56.0,56.0,0.0,16250.0,16250.62,53.3,0.3333,0,0.0,0,0.0,0,0.0,0,0.0,1,866600.0,0.3333
MPLADS-001091,2,805000.0,402500.0,402500.0,402500.0,402500.0,0.0,2023-07-31,2023-09-23,54,54.0,54.0,0.0,8944.44,8944.44,45.0,0.5,0,0.0,0,0.0,0,0.0,0,0.0,1,402500.0,0.5
MPLADS-001092,3,1747000.0,582333.33,582300.0,582300.0,582400.0,57.74,2022-09-27,2022-12-14,78,39.0,39.0,0.0,14558.33,14560.0,40.0,0.3334,0,0.0,0,0.0,0,0.0,0,0.0,1,582400.0,0.3334
MPLADS-001093,3,1674000.0,558000.0,558000.0,558000.0,558000.0,0.0,2022-04-04,2022-07-17,104,52.0,52.0,0.0,11160.0,11160.0,50.0,0.3333,0,0.0,0,0.0,0,0.0,0,0.0,1,558000.0,0.3333
MPLADS-001094,3,1941000.0,647000.0,647000.0,647000.0,647000.0,0.0,2022-12-01,2023-03-05,94,47.0,47.0,0.0,16175.0,16175.0,40.0,0.3333,0,0.0,0,0.0,0,0.0,0,0.0,1,647000.0,0.3333
MPLADS-001095,3,7993000.0,2664333.33,2664300.0,2664300.0,2664400.0,57.74,2024-05-04,2025-02-01,273,136.5,136.5,0.71,19982.5,19983.0,133.3,0.3333,0,0.0,0,0.0,0,0.0,0,0.0,1,2664400.0,0.3333
MPLADS-001096,3,1414000.0,471333.33,471300.0,471300.0,471400.0,57.74,2023-02-25,2023-06-25,120,60.0,60.0,0.0,9426.67,9428.0,50.0,0.3334,0,0.0,0,0.0,0,0.0,0,0.0,1,471400.0,0.3334
MPLADS-001097,3,8847000.0,2949000.0,2949000.0,2949000.0,2949000.0,0.0,2024-03-12,2024-12-01,264,132.0,132.0,0.0,22117.5,22117.5,133.3,0.3333,0,0.0,1,0.3333,0,0.0,0,0.0,1,2949000.0,0.3333
MPLADS-001098,3,2228000.0,742666.67,742700.0,742600.0,742700.0,57.74,2023-11-28,2024-02-18,82,41.0,41.0,0.0,18566.67,18567.5,40.0,0.3333,0,0.0,0,0.0,0,0.0,0,0.0,1,742600.0,0.3333
MPLADS-001099,3,2861000.0,953666.67,953700.0,953600.0,953700.0,57.74,2022-10-24,2023-03-07,134,67.0,67.0,0.0,15894.44,15895.0,60.0,0.3333,0,0.0,0,0.0,0,0.0,0,0.0,1,953600.0,0.3333
MPLADS-001100,2,384000.0,192000.0,192000.0,192000.0,192000.0,0.0,2023-06-02,2023-07-03,31,31.0,31.0,0.0,6400.0,6400.0,30.0,0.5,0,0.0,0,0.0,0,0.0,0,0.0,1,192000.0,0.5
MPLADS-001101,3,1986000.0,662000.0,662000.0,662000.0,662000.0,0.0,2023-08-25,2023-11-09,76,38.0,38.0,0.0,16550.0,16550.0,40.0,0.3333,0,0.0,0,0.0,0,0.0,0,0.0,1,662000.0,0.3333
MPLADS-001102,3,1721000.0,573666.67,573700.0,573600.0,573700.0,57.74,2024-02-21,2024-06-14,114,57.0,57.0,0.0,11473.33,11474.0,50.0,0.3334,0,0.0,0,0.0,0,0.0,0,0.0,1,573600.0,0.3333
MPLADS-001103,3,12369000.0,4123000.0,4123000.0,4123000.0,4123000.0,0.0,2023-09-07,2024-02-14,160,80.0,80.0,0.0,58900.0,58900.0,70.0,0.3333,0,0.0,0,0.0,0,0.0,0,0.0,1,4123000.0,0.3333
MPLADS-001104,3,2496000.0,832000.0,832000.0,832000.0,832000.0,0.0,2023-11-09,2024-02-20,103,51.5,51.5,0.71,15600.0,15600.0,53.3,0.3333,0,0.0,0,0.0,0,0.0,0,0.0,1,832000.0,0.3333
MPLADS-001105,3,11469000.0,3823000.0,3823000.0,3823000.0,3823000.0,0.0,2023-04-04,2023-12-18,258,129.0,129.0,0.0,28672.5,28672.5,133.3,0.3333,0,0.0,0,0.0,0,0.0,0,0.0,1,3823000.0,0.3333
MPLADS-001106,3,1847000.0,615666.67,615700.0,615600.0,615700.0,57.74,2023-01-19,2023-05-24,125,62.5,62.5,0.71,10261.11,10261.67,60.0,0.3334,0,0.0,0,0.0,0,0.0,0,0.0,1,615600.0,0.3333
MPLADS-001107,3,11977000.0,3992333.33,3992300.0,3992300.0,3992400.0,57.74,2022-06-23,2022-11-12,142,71.0,71.0,0.0,57033.34,57034.29,70.0,0.3333,0,0.0,0,0.0,0,0.0,0,0.0,1,3992400.0,0.3333
MPLADS-001108,3,11338000.0,3779333.33,3779300.0,3779300.0,3779400.0,57.74,2023-09-11,2024-06-17,280,140.0,140.0,0.0,28345.0,28345.5,133.3,0.3333,0,0.0,0,0.0,0,0.0,0,0.0,1,3779400.0,0.3333
MPLADS-001109,2,804000.0,402000.0,402000.0,402000.0,402000.0,0.0,2023-11-02,2023-12-21,49,49.0,49.0,0.0,8933.33,8933.33,45.0,0.5,0,0.0,0,0.0,2,1.0,0,0.0,1,402000.0,0.5
MPLADS-001110,2,820000.0,410000.0,410000.0,410000.0,410000.0,0.0,2023-06-11,2023-07-20,39,39.0,39.0,0.0,9111.11,9111.11,45.0,0.5,0,0.0,0,0.0,0,0.0,0,0.0,1,410000.0,0.5
MPLADS-001111,3,9706000.0,3235333.33,3235300.0,3235300.0,3235400.0,57.74,2023-12-12,2024-09-15,278,139.0,139.0,0.0,24265.0,24265.5,133.3,0.3333,0,0.0,0,0.0,0,0.0,0,0.0,1,3235400.0,0.3333
MPLADS-001112,3,1932000.0,644000.0,644000.0,644000.0,644000.0,0.0,2023-03-05,2023-07-12,129,64.5,64.5,0.71,10733.33,10733.33,60.0,0.3333,0,0.0,0,0.0,0,0.0,0,0.0,1,644000.0,0.3333
MPLADS-001113,3,1438000.0,479333.33,479300.0,479300.0,479400.0,57.74,2022-11-27,2023-03-23,116,58.0,58.0,0.0,9586.67,9588.0,50.0,0.3334,0,0.0,1,0.3333,0,0.0,0,0.0,1,479400.0,0.3334
MPLADS-001114,3,1880000.0,626666.67,626700.0,626600.0,626700.0,57.74,2023-12-31,2024-03-27,87,43.5,43.5,0.71,15666.67,15667.5,40.0,0.3334,0,0.0,0,0.0,0,0.0,0,0.0,1,626600.0,0.3333
MPLADS-001115,3,2225000.0,741666.67,741700.0,741600.0,741700.0,57.74,2022-07-08,2022-10-14,98,49.0,49.0,0.0,13906.25,13906.88,53.3,0.3333,0,0.0,0,0.0,0,0.0,0,0.0,1,741600.0,0.3333
MPLADS-001116,3,1612000.0,537333.33,537300.0,537300.0,537400.0,57.74,2023-07-14,2023-11-19,128,64.0,64.0,0.0,8955.56,8956.67,60.0,0.3334,0,0.0,0,0.0,0,0.0,0,0.0,1,537400.0,0.3334
MPLADS-001117,2,546000.0,273000.0,273000.0,273000.0,273000.0,0.0,2022-10-11,2022-11-25,45,45.0,45.0,0.0,9100.0,9100.0,30.0,0.5,0,0.0,0,0.0,2,1.0,0,0.0,1,273000.0,0.5
MPLADS-001118,3,12563000.0,4187666.67,4187700.0,4187600.0,4187700.0,57.74,2022-06-25,2023-03-10,258,129.0,129.0,0.0,31407.5,31407.75,133.3,0.3333,0,0.0,1,0.3333,3,1.0,0,0.0,1,4187600.0,0.3333
MPLADS-001119,3,2570000.0,856666.67,856700.0,856600.0,856700.0,57.74,2023-12-15,2024-04-07,114,57.0,57.0,0.0,14277.78,14278.33,60.0,0.3333,0,0.0,0,0.0,0,0.0,0,0.0,1,856600.0,0.3333
MPLADS-001120,3,1453000.0,484333.33,484300.0,484300.0,484400.0,57.74,2024-01-16,2024-03-30,74,37.0,37.0,0.0,12108.33,12110.0,40.0,0.3334,0,0.0,0,0.0,3,1.0,0,0.0,1,484400.0,0.3334
MPLADS-001121,3,14190000.0,4730000.0,4730000.0,4730000.0,4730000.0,0.0,2022-06-25,2023-03-30,278,139.0,139.0,0.0,35475.0,35475.0,133.3,0.3333,0,0.0,0,0.0,0,0.0,0,0.0,1,4730000.0,0.3333
MPLADS-001122,3,2734000.0,911333.33,911300.0,911300.0,911400.0,57.74,2023-06-08,2023-10-09,123,61.5,61.5,0.71,15188.89,15190.0,60.0,0.3334,0,0.0,0,0.0,0,0.0,0,0.0,1,911400.0,0.3334
MPLADS-001123,3,3310000.0,1103333.33,1103300.0,1103300.0,1103400.0,57.74,2023-02-20,2023-06-22,122,61.0,61.0,0.0,18388.89,18390.0,60.0,0.3334,0,0.0,0,0.0,0,0.0,0,0.0,1,1103400.0,0.3334
MPLADS-001124,3,9800000.0,3266666.67,3266700.0,3266600.0,3266700.0,57.74,2024-01-19,2026-03-29,800,400.0,400.0,0.0,24500.0,24500.25,133.3,0.3333,0,0.0,0,0.0,0,0.0,0,0.0,1,3266600.0,0.3333
MPLADS-001125,3,2764000.0,921333.33,921300.0,921300.0,921400.0,57.74,2022-09-28,2023-03-10,163,81.5,81.5,0.71,13161.91,13162.86,70.0,0.3334,0,0.0,1,0.3333,0,0.0,0,0.0,1,921400.0,0.3334
MPLADS-001126,3,8264000.0,2754666.67,2754700.0,2754600.0,2754700.0,57.74,2022-11-13,2023-08-19,279,139.5,139.5,0.71,20660.0,20660.25,133.3,0.3333,0,0.0,0,0.0,0,0.0,0,0.0,1,2754600.0,0.3333
MPLADS-001127,2,387000.0,193500.0,193500.0,193500.0,193500.0,0.0,2023-06-16,2023-07-15,29,29.0,29.0,0.0,6450.0,6450.0,30.0,0.5,0,0.0,0,0.0,2,1.0,0,0.0,1,193500.0,0.5
MPLADS-001128,3,3150000.0,1050000.0,1050000.0,1050000.0,1050000.0,0.0,2023-07-18,2023-11-11,116,58.0,58.0,0.0,17500.0,17500.0,60.0,0.3333,0,0.0,0,0.0,0,0.0,3,1.0,1,1050000.0,0.3333
MPLADS-001129,3,8366000.0,2788666.67,2788700.0,2788600.0,2788700.0,57.74,2022-11-08,2023-08-09,274,137.0,137.0,0.0,20915.0,20915.25,133.3,0.3333,0,0.0,0,0.0,0,0.0,0,0.0,1,2788600.0,0.3333
MPLADS-001130,3,2968000.0,989333.33,989300.0,989300.0,989400.0,57.74,2023-01-16,2023-05-26,130,65.0,65.0,0.0,16488.89,16490.0,60.0,0.3334,0,0.0,0,0.0,0,0.0,0,0.0,1,989400.0,0.3334
MPLADS-001131,2,784000.0,392000.0,392000.0,392000.0,392000.0,0.0,2022-05-17,2022-07-06,50,50.0,50.0,0.0,8711.11,8711.11,45.0,0.5,0,0.0,0,0.0,0,0.0,0,0.0,1,392000.0,0.5
MPLADS-001132,3,1262000.0,420666.67,420700.0,420600.0,420700.0,57.74,2023-02-09,2023-04-28,78,39.0,39.0,0.0,10516.67,10517.5,40.0,0.3334,0,0.0,1,0.3333,0,0.0,0,0.0,1,420600.0,0.3333
MPLADS-001133,3,1914000.0,638000.0,638000.0,638000.0,638000.0,0.0,2023-12-01,2024-02-10,71,35.5,35.5,0.71,15950.0,15950.0,40.0,0.3333,0,0.0,0,0.0,3,1.0,0,0.0,1,638000.0,0.3333
MPLADS-001134,3,3052000.0,1017333.33,1017300.0,1017300.0,1017400.0,57.74,2022-12-05,2023-04-14,130,65.0,65.0,0.0,14533.34,14534.29,70.0,0.3334,0,0.0,0,0.0,3,1.0,0,0.0,1,1017400.0,0.3334
MPLADS-001135,2,866000.0,433000.0,433000.0,433000.0,433000.0,0.0,2023-08-21,2023-10-05,45,45.0,45.0,0.0,9622.22,9622.22,45.0,0.5,0,0.0,0,0.0,0,0.0,0,0.0,1,433000.0,0.5
MPLADS-001136,3,2544000.0,848000.0,848000.0,848000.0,848000.0,0.0,2023-03-07,2023-06-17,102,51.0,51.0,0.0,15900.0,15900.0,53.3,0.3333,0,0.0,0,0.0,0,0.0,0,0.0,1,848000.0,0.3333
MPLADS-001137,2,752000.0,376000.0,376000.0,376000.0,376000.0,0.0,2024-02-04,2024-03-22,47,47.0,47.0,0.0,8355.56,8355.56,45.0,0.5,0,0.0,0,0.0,0,0.0,0,0.0,1,376000.0,0.5
MPLADS-001138,3,9053000.0,3017666.67,3017700.0,3017600.0,3017700.0,57.74,2024-03-19,2024-12-02,258,129.0,129.0,0.0,22632.5,22632.75,133.3,0.3333,0,0.0,1,0.3333,0,0.0,0,0.0,1,3017600.0,0.3333
MPLADS-001139,3,1896000.0,632000.0,632000.0,632000.0,632000.0,0.0,2024-01-09,2024-05-04,116,58.0,58.0,0.0,10533.33,10533.33,60.0,0.3333,0,0.0,0,0.0,0,0.0,0,0.0,1,632000.0,0.3333
MPLADS-001140,3,2292000.0,764000.0,764000.0,764000.0,764000.0,0.0,2022-07-11,2022-11-16,128,64.0,64.0,0.0,14325.0,14325.0,53.3,0.3333,0,0.0,0,0.0,0,0.0,0,0.0,1,764000.0,0.3333
MPLADS-001141,3,2723000.0,907666.67,907700.0,907600.0,907700.0,57.74,2023-08-25,2024-01-01,129,64.5,64.5,0.71,17018.75,17019.38,53.3,0.3333,0,0.0,0,0.0,0,0.0,0,0.0,1,907600.0,0.3333
MPLADS-001142,3,1375000.0,458333.33,458300.0,458300.0,458400.0,57.74,2022-07-23,2022-10-04,73,36.5,36.5,0.71,11458.33,11460.0,40.0,0.3334,0,0.0,0,0.0,0,0.0,0,0.0,1,458400.0,0.3334
MPLADS-001143,3,1384000.0,461333.33,461300.0,461300.0,461400.0,57.74,2024-02-11,2024-10-08,240,120.0,120.0,0.0,11533.33,11535.0,40.0,0.3334,0,0.0,0,0.0,0,0.0,0,0.0,1,461400.0,0.3334
MPLADS-001144,3,1899000.0,633000.0,633000.0,633000.0,633000.0,0.0,2023-09-05,2024-01-05,122,61.0,61.0,0.0,10550.0,10550.0,60.0,0.3333,0,0.0,0,0.0,0,0.0,0,0.0,1,633000.0,0.3333
MPLADS-001145,3,1412000.0,470666.67,470700.0,470600.0,470700.0,57.74,2022-05-07,2022-08-17,102,51.0,51.0,0.0,9413.33,9414.0,50.0,0.3334,0,0.0,0,0.0,0,0.0,0,0.0,1,470600.0,0.3333
MPLADS-001146,3,1970000.0,656666.67,656700.0,656600.0,656700.0,57.74,2023-01-18,2023-04-29,101,50.5,50.5,0.71,13133.33,13134.0,50.0,0.3334,0,0.0,1,0.3333,0,0.0,0,0.0,1,656600.0,0.3333
MPLADS-001147,3,2744000.0,914666.67,914700.0,914600.0,914700.0,57.74,2024-02-20,2024-06-22,123,61.5,61.5,0.71,15244.44,15245.0,60.0,0.3333,0,0.0,0,0.0,0,0.0,0,0.0,1,914600.0,0.3333
MPLADS-001148,3,1527000.0,509000.0,509000.0,509000.0,509000.0,0.0,2023-04-08,2023-07-30,113,56.5,56.5,0.71,9543.75,9543.75,53.3,0.3333,0,0.0,0,0.0,0,0.0,0,0.0,1,509000.0,0.3333
MPLADS-001149,3,11897000.0,3965666.67,3965700.0,3965600.0,3965700.0,57.74,2023-08-13,2024-05-03,264,132.0,132.0,0.0,29742.5,29742.75,133.3,0.3333,0,0.0,0,0.0,0,0.0,0,0.0,1,3965600.0,0.3333
MPLADS-001150,3,1595000.0,531666.67,531700.0,531600.0,531700.0,57.74,2023-12-09,2024-02-09,62,31.0,31.0,0.0,26583.33,26585.0,20.0,0.3334,0,0.0,0,0.0,0,0.0,0,0.0,1,531600.0,0.3333
MPLADS-001151,3,3894000.0,1298000.0,1298000.0,1298000.0,1298000.0,0.0,2023-04-30,2023-09-30,153,76.5,76.5,0.71,18542.86,18542.86,70.0,0.3333,0,0.0,0,0.0,0,0.0,0,0.0,1,1298000.0,0.3333
MPLADS-001152,3,2167000.0,722333.33,722300.0,722300.0,722400.0,57.74,2023-02-13,2023-06-16,123,61.5,61.5,0.71,13543.75,13545.0,53.3,0.3334,0,0.0,0,0.0,0,0.0,0,0.0,1,722400.0,0.3334
MPLADS-001153,3,1406000.0,468666.67,468700.0,468600.0,468700.0,57.74,2023-07-04,2023-09-16,74,37.0,37.0,0.0,11716.67,11717.5,40.0,0.3334,0,0.0,0,0.0,0,0.0,0,0.0,1,468600.0,0.3333
MPLADS-001154,3,2360000.0,786666.67,786700.0,786600.0,786700.0,57.74,2023-08-29,2023-12-29,122,61.0,61.0,0.0,14750.0,14750.62,53.3,0.3333,0,0.0,0,0.0,0,0.0,0,0.0,1,786600.0,0.3333
MPLADS-001155,3,3464000.0,1154666.67,1154700.0,1154600.0,1154700.0,57.74,2023-07-18,2023-12-08,143,71.5,71.5,0.71,16495.24,16495.71,70.0,0.3333,0,0.0,0,0.0,0,0.0,0,0.0,1,1154600.0,0.3333
MPLADS-001156,3,1975000.0,658333.33,658300.0,658300.0,658400.0,57.74,2022-12-07,2023-03-16,99,49.5,49.5,0.71,16458.33,16460.0,40.0,0.3334,0,0.0,0,0.0,3,1.0,0,0.0,1,658400.0,0.3334
MPLADS-001157,2,739000.0,369500.0,369500.0,369500.0,369500.0,0.0,2022-09-11,2022-11-11,61,61.0,61.0,0.0,8211.11,8211.11,45.0,0.5,0,0.0,0,0.0,0,0.0,0,0.0,1,369500.0,0.5
MPLADS-001158,3,2200000.0,733333.33,733300.0,733300.0,733400.0,57.74,2022-05-31,2022-10-10,132,66.0,66.0,0.0,12222.22,12223.33,60.0,0.3334,0,0.0,0,0.0,0,0.0,0,0.0,1,733400.0,0.3334
MPLADS-001159,2,491000.0,245500.0,245500.0,245500.0,245500.0,0.0,2023-08-27,2023-10-07,41,41.0,41.0,0.0,8183.33,8183.33,30.0,0.5,0,0.0,0,0.0,0,0.0,0,0.0,1,245500.0,0.5
MPLADS-001160,3,3184000.0,1061333.33,1061300.0,1061300.0,1061400.0,57.74,2023-08-30,2024-01-10,133,66.5,66.5,0.71,15161.91,15162.86,70.0,0.3334,0,0.0,0,0.0,0,0.0,0,0.0,1,1061400.0,0.3334
MPLADS-001161,3,2390000.0,796666.67,796700.0,796600.0,796700.0,57.74,2023-11-28,2024-04-25,149,74.5,74.5,0.71,11380.95,11381.43,70.0,0.3333,0,0.0,0,0.0,0,0.0,0,0.0,1,796600.0,0.3333
MPLADS-001162,3,11852000.0,3950666.67,3950700.0,3950600.0,3950700.0,57.74,2023-10-30,2024-07-20,264,132.0,132.0,0.0,29630.0,29630.25,133.3,0.3333,0,0.0,0,0.0,0,0.0,0,0.0,1,3950600.0,0.3333
MPLADS-001163,3,3034000.0,1011333.33,1011300.0,1011300.0,1011400.0,57.74,2023-06-24,2023-11-05,134,67.0,67.0,0.0,14447.62,14448.57,70.0,0.3334,0,0.0,0,0.0,0,0.0,0,0.0,1,1011400.0,0.3334
MPLADS-001164,3,1367000.0,455666.67,455700.0,455600.0,455700.0,57.74,2022-10-18,2023-01-28,102,51.0,51.0,0.0,9113.33,9114.0,50.0,0.3334,0,0.0,0,0.0,0,0.0,0,0.0,1,455600.0,0.3333
MPLADS-001165,3,1579000.0,526333.33,526300.0,526300.0,526400.0,57.74,2023-07-18,2023-11-07,112,56.0,56.0,0.0,10526.67,10528.0,50.0,0.3334,0,0.0,0,0.0,0,0.0,0,0.0,1,526400.0,0.3334
MPLADS-001166,2,588000.0,294000.0,294000.0,294000.0,294000.0,0.0,2022-03-14,2022-04-24,41,41.0,41.0,0.0,9800.0,9800.0,30.0,0.5,0,0.0,1,0.5,0,0.0,0,0.0,1,294000.0,0.5
MPLADS-001167,3,12136000.0,4045333.33,4045300.0,4045300.0,4045400.0,57.74,2023-08-18,2024-05-28,284,142.0,142.0,0.0,30340.0,30340.5,133.3,0.3333,0,0.0,0,0.0,0,0.0,0,0.0,1,4045400.0,0.3333
MPLADS-001168,3,2296000.0,765333.33,765300.0,765300.0,765400.0,57.74,2024-02-06,2024-05-04,88,44.0,44.0,0.0,19133.33,19135.0,40.0,0.3334,0,0.0,1,0.3333,0,0.0,0,0.0,1,765400.0,0.3334
MPLADS-001169,3,2385000.0,795000.0,795000.0,795000.0,795000.0,0.0,2022-05-24,2022-08-31,99,49.5,49.5,0.71,14906.25,14906.25,53.3,0.3333,0,0.0,0,0.0,0,0.0,0,0.0,1,795000.0,0.3333
MPLADS-001170,2,356000.0,178000.0,178000.0,178000.0,178000.0,0.0,2022-08-08,2022-09-03,26,26.0,26.0,0.0,5933.33,5933.33,30.0,0.5,0,0.0,0,0.0,0,0.0,0,0.0,1,178000.0,0.5
MPLADS-001171,3,1860000.0,620000.0,620000.0,620000.0,620000.0,0.0,2022-04-21,2022-09-05,137,68.5,68.5,0.71,8857.14,8857.14,70.0,0.3333,0,0.0,0,0.0,0,0.0,0,0.0,1,620000.0,0.3333
MPLADS-001172,3,1104000.0,368000.0,368000.0,368000.0,368000.0,0.0,2022-09-12,2023-01-05,115,57.5,57.5,0.71,7360.0,7360.0,50.0,0.3333,0,0.0,0,0.0,0,0.0,0,0.0,1,368000.0,0.3333
MPLADS-001173,3,2083000.0,694333.33,694300.0,694300.0,694400.0,57.74,2022-08-24,2022-09-25,32,16.0,16.0,0.0,34716.67,34720.0,20.0,0.3334,0,0.0,0,0.0,0,0.0,0,0.0,1,694400.0,0.3334
MPLADS-001174,3,15576000.0,5192000.0,5192000.0,5192000.0,5192000.0,0.0,2022-08-19,2023-01-27,161,80.5,80.5,0.71,74171.43,74171.43,70.0,0.3333,0,0.0,0,0.0,0,0.0,0,0.0,1,5192000.0,0.3333
MPLADS-001175,3,1604000.0,534666.67,534700.0,534600.0,534700.0,57.74,2023-06-06,2023-10-04,120,60.0,60.0,0.0,10025.0,10025.62,53.3,0.3334,0,0.0,0,0.0,0,0.0,0,0.0,1,534600.0,0.3333
MPLADS-001176,3,14900000.0,4966666.67,4966700.0,4966600.0,4966700.0,57.74,2022-10-19,2023-07-24,278,139.0,139.0,0.0,37250.0,37250.25,133.3,0.3333,0,0.0,1,0.3333,0,0.0,0,0.0,1,4966600.0,0.3333
MPLADS-001177,3,10427000.0,3475666.67,3475700.0,3475600.0,3475700.0,57.74,2023-10-19,2024-07-20,275,137.5,137.5,0.71,26067.5,26067.75,133.3,0.3333,0,0.0,1,0.3333,0,0.0,0,0.0,1,3475600.0,0.3333
MPLADS-001178,3,1777000.0,592333.33,592300.0,592300.0,592400.0,57.74,2023-06-05,2023-08-14,70,35.0,35.0,0.0,14808.33,14810.0,40.0,0.3334,0,0.0,0,0.0,0,0.0,0,0.0,1,592400.0,0.3334
MPLADS-001179,3,2478000.0,826000.0,826000.0,826000.0,826000.0,0.0,2023-04-14,2023-09-05,144,72.0,72.0,0.0,11800.0,11800.0,70.0,0.3333,0,0.0,0,0.0,0,0.0,0,0.0,1,826000.0,0.3333
MPLADS-001180,3,1134000.0,378000.0,378000.0,378000.0,378000.0,0.0,2023-08-28,2023-12-01,95,47.5,47.5,0.71,7560.0,7560.0,50.0,0.3333,0,0.0,0,0.0,0,0.0,0,0.0,1,378000.0,0.3333
MPLADS-001181,3,1706000.0,568666.67,568700.0,568600.0,568700.0,57.74,2022-09-06,2022-12-14,99,49.5,49.5,0.71,11373.33,11374.0,50.0,0.3334,0,0.0,0,0.0,0,0.0,0,0.0,1,568600.0,0.3333
MPLADS-001182,3,11746000.0,3915333.33,3915300.0,3915300.0,3915400.0,57.74,2022-10-04,2023-06-19,258,129.0,129.0,0.0,29365.0,29365.5,133.3,0.3333,0,0.0,0,0.0,0,0.0,0,0.0,1,3915400.0,0.3333
MPLADS-001183,3,1381000.0,460333.33,460300.0,460300.0,460400.0,57.74,2023-08-21,2023-11-21,92,46.0,46.0,0.0,11508.33,11510.0,40.0,0.3334,0,0.0,0,0.0,0,0.0,0,0.0,1,460400.0,0.3334
MPLADS-001184,3,1620000.0,540000.0,540000.0,540000.0,540000.0,0.0,2022-07-12,2022-11-11,122,61.0,61.0,0.0,10800.0,10800.0,50.0,0.3333,0,0.0,0,0.0,0,0.0,0,0.0,1,540000.0,0.3333
MPLADS-001185,2,606000.0,303000.0,303000.0,303000.0,303000.0,0.0,2023-11-19,2024-01-19,61,61.0,61.0,0.0,6733.33,6733.33,45.0,0.5,0,0.0,0,0.0,0,0.0,0,0.0,1,303000.0,0.5
MPLADS-001186,3,2914000.0,971333.33,971300.0,971300.0,971400.0,57.74,2022-07-17,2022-11-26,132,66.0,66.0,0.0,13876.19,13877.14,70.0,0.3334,0,0.0,0,0.0,0,0.0,0,0.0,1,971400.0,0.3334
MPLADS-001187,3,2455000.0,818333.33,818300.0,818300.0,818400.0,57.74,2023-05-26,2023-08-06,72,36.0,36.0,0.0,20458.33,20460.0,40.0,0.3334,0,0.0,0,0.0,0,0.0,0,0.0,1,818400.0,0.3334
MPLADS-001188,2,517000.0,258500.0,258500.0,258500.0,258500.0,0.0,2023-07-07,2023-08-09,33,33.0,33.0,0.0,8616.67,8616.67,30.0,0.5,0,0.0,0,0.0,0,0.0,0,0.0,1,258500.0,0.5
MPLADS-001189,3,1769000.0,589666.67,589700.0,589600.0,589700.0,57.74,2022-07-12,2022-11-17,128,64.0,64.0,0.0,9827.78,9828.33,60.0,0.3334,0,0.0,0,0.0,0,0.0,0,0.0,1,589600.0,0.3333
MPLADS-001190,3,1658000.0,552666.67,552700.0,552600.0,552700.0,57.74,2023-09-06,2023-12-21,106,53.0,53.0,0.0,10362.5,10363.12,53.3,0.3334,0,0.0,0,0.0,3,1.0,0,0.0,1,552600.0,0.3333
MPLADS-001191,2,868000.0,434000.0,434000.0,434000.0,434000.0,0.0,2023-05-30,2023-07-23,54,54.0,54.0,0.0,9644.44,9644.44,45.0,0.5,0,0.0,0,0.0,0,0.0,0,0.0,1,434000.0,0.5
MPLADS-001192,3,1505000.0,501666.67,501700.0,501600.0,501700.0,57.74,2023-10-21,2024-02-01,103,51.5,51.5,0.71,10033.33,10034.0,50.0,0.3334,0,0.0,0,0.0,0,0.0,0,0.0,1,501600.0,0.3333
MPLADS-001193,3,1266000.0,422000.0,422000.0,422000.0,422000.0,0.0,2023-05-21,2023-08-10,81,40.5,40.5,0.71,10550.0,10550.0,40.0,0.3333,0,0.0,0,0.0,0,0.0,0,0.0,1,422000.0,0.3333
MPLADS-001194,3,11426000.0,3808666.67,3808700.0,3808600.0,3808700.0,57.74,2024-02-20,2024-11-20,274,137.0,137.0,0.0,28565.0,28565.25,133.3,0.3333,0,0.0,0,0.0,0,0.0,0,0.0,1,3808600.0,0.3333
MPLADS-001195,3,1267000.0,422333.33,422300.0,422300.0,422400.0,57.74,2023-06-01,2023-09-01,92,46.0,46.0,0.0,8446.67,8448.0,50.0,0.3334,0,0.0,0,0.0,0,0.0,0,0.0,1,422400.0,0.3334
MPLADS-001196,3,9431000.0,3143666.67,3143700.0,3143600.0,3143700.0,57.74,2023-06-03,2024-03-12,283,141.5,141.5,0.71,23577.5,23577.75,133.3,0.3333,0,0.0,0,0.0,3,1.0,0,0.0,1,3143600.0,0.3333
MPLADS-001197,3,2384000.0,794666.67,794700.0,794600.0,794700.0,57.74,2022-03-25,2022-07-10,107,53.5,53.5,0.71,14900.0,14900.62,53.3,0.3333,0,0.0,0,0.0,0,0.0,0,0.0,1,794600.0,0.3333
MPLADS-001198,3,1567000.0,522333.33,522300.0,522300.0,522400.0,57.74,2023-10-24,2024-02-11,110,55.0,55.0,0.0,10446.67,10448.0,50.0,0.3334,0,0.0,0,0.0,0,0.0,0,0.0,1,522400.0,0.3334
MPLADS-001199,2,405000.0,202500.0,202500.0,202500.0,202500.0,0.0,2023-05-11,2023-06-16,36,36.0,36.0,0.0,6750.0,6750.0,30.0,0.5,0,0.0,0,0.0,0,0.0,0,0.0,1,202500.0,0.5
MPLADS-001200,3,4140000.0,1380000.0,1380000.0,1380000.0,1380000.0,0.0,2022-06-19,2022-11-26,160,80.0,80.0,0.0,19714.29,19714.29,70.0,0.3333,0,0.0,0,0.0,0,0.0,0,0.0,1,1380000.0,0.3333
MPLADS-001201,3,2622000.0,874000.0,874000.0,874000.0,874000.0,0.0,2022-07-03,2022-11-23,143,71.5,71.5,0.71,14566.67,14566.67,60.0,0.3333,0,0.0,0,0.0,0,0.0,0,0.0,1,874000.0,0.3333
MPLADS-001202,3,1861000.0,620333.33,620300.0,620300.0,620400.0,57.74,2022-09-28,2023-09-23,360,180.0,180.0,0.0,10338.89,10340.0,60.0,0.3334,0,0.0,0,0.0,0,0.0,0,0.0,1,620400.0,0.3334
MPLADS-001203,3,3210000.0,1070000.0,1070000.0,1070000.0,1070000.0,0.0,2023-11-06,2024-03-09,124,62.0,62.0,0.0,17833.33,17833.33,60.0,0.3333,0,0.0,0,0.0,0,0.0,0,0.0,1,1070000.0,0.3333
MPLADS-001204,3,1366000.0,455333.33,455300.0,455300.0,455400.0,57.74,2023-08-12,2023-11-19,99,49.5,49.5,0.71,11383.33,11385.0,40.0,0.3334,0,0.0,0,0.0,3,1.0,0,0.0,1,455400.0,0.3334
MPLADS-001205,3,14553000.0,4851000.0,4851000.0,4851000.0,4851000.0,0.0,2023-07-26,2024-04-25,274,137.0,137.0,0.0,36382.5,36382.5,133.3,0.3333,0,0.0,0,0.0,0,0.0,0,0.0,1,4851000.0,0.3333
MPLADS-001206,2,671000.0,335500.0,335500.0,335500.0,335500.0,0.0,2023-01-09,2023-02-28,50,50.0,50.0,0.0,7455.56,7455.56,45.0,0.5,0,0.0,0,0.0,0,0.0,0,0.0,1,335500.0,0.5
MPLADS-001207,3,1622000.0,540666.67,540700.0,540600.0,540700.0,57.74,2024-01-15,2024-05-09,115,57.5,57.5,0.71,10137.5,10138.12,53.3,0.3334,0,0.0,0,0.0,3,1.0,0,0.0,1,540600.0,0.3333
MPLADS-001208,3,1296000.0,432000.0,432000.0,432000.0,432000.0,0.0,2023-02-16,2023-06-01,105,52.5,52.5,0.71,8640.0,8640.0,50.0,0.3333,0,0.0,0,0.0,0,0.0,0,0.0,1,432000.0,0.3333
MPLADS-001209,3,2550000.0,850000.0,850000.0,850000.0,850000.0,0.0,2024-02-25,2024-07-10,136,68.0,68.0,0.0,14166.67,14166.67,60.0,0.3333,0,0.0,0,0.0,0,0.0,3,1.0,1,850000.0,0.3333
MPLADS-001210,2,432000.0,216000.0,216000.0,216000.0,216000.0,0.0,2022-12-28,2023-02-12,46,46.0,46.0,0.0,7200.0,7200.0,30.0,0.5,0,0.0,0,0.0,0,0.0,0,0.0,1,216000.0,0.5
MPLADS-001211,3,1387000.0,462333.33,462300.0,462300.0,462400.0,57.74,2023-06-17,2023-10-05,110,55.0,55.0,0.0,9246.67,9248.0,50.0,0.3334,0,0.0,0,0.0,0,0.0,0,0.0,1,462400.0,0.3334
MPLADS-001212,3,2810000.0,936666.67,936700.0,936600.0,936700.0,57.74,2023-05-22,2023-10-15,146,73.0,73.0,0.0,13380.95,13381.43,70.0,0.3333,0,0.0,0,0.0,0,0.0,0,0.0,1,936600.0,0.3333
MPLADS-001213,3,2571000.0,857000.0,857000.0,857000.0,857000.0,0.0,2022-06-14,2022-10-14,122,61.0,61.0,0.0,16068.75,16068.75,53.3,0.3333,0,0.0,0,0.0,0,0.0,0,0.0,1,857000.0,0.3333
MPLADS-001214,3,1509000.0,503000.0,503000.0,503000.0,503000.0,0.0,2023-03-08,2023-06-29,113,56.5,56.5,0.71,9431.25,9431.25,53.3,0.3333,0,0.0,0,0.0,3,1.0,0,0.0,1,503000.0,0.3333
MPLADS-001215,3,8558000.0,2852666.67,2852700.0,2852600.0,2852700.0,57.74,2022-10-26,2023-07-13,260,130.0,130.0,0.0,21395.0,21395.25,133.3,0.3333,0,0.0,1,0.3333,0,0.0,0,0.0,1,2852600.0,0.3333
MPLADS-001216,3,2553000.0,851000.0,851000.0,851000.0,851000.0,0.0,2024-03-08,2024-07-03,117,58.5,58.5,0.71,14183.33,14183.33,60.0,0.3333,0,0.0,0,0.0,3,1.0,0,0.0,1,851000.0,0.3333
MPLADS-001217,2,974000.0,487000.0,487000.0,487000.0,487000.0,0.0,2023-01-11,2023-03-02,50,50.0,50.0,0.0,10822.22,10822.22,45.0,0.5,0,0.0,0,0.0,2,1.0,0,0.0,1,487000.0,0.5
MPLADS-001218,2,425000.0,212500.0,212500.0,212500.0,212500.0,0.0,2023-01-07,2023-02-12,36,36.0,36.0,0.0,7083.33,7083.33,30.0,0.5,0,0.0,0,0.0,0,0.0,0,0.0,1,212500.0,0.5
MPLADS-001219,3,12615000.0,4205000.0,4205000.0,4205000.0,4205000.0,0.0,2023-02-16,2023-11-08,265,132.5,132.5,0.71,31537.5,31537.5,133.3,0.3333,0,0.0,0,0.0,0,0.0,0,0.0,1,4205000.0,0.3333
MPLADS-001220,3,2197000.0,732333.33,732300.0,732300.0,732400.0,57.74,2022-07-07,2022-12-10,156,78.0,78.0,0.0,10461.91,10462.86,70.0,0.3334,0,0.0,0,0.0,0,0.0,0,0.0,1,732400.0,0.3334
MPLADS-001221,3,8688000.0,2896000.0,2896000.0,2896000.0,2896000.0,0.0,2023-03-18,2023-12-16,273,136.5,136.5,0.71,21720.0,21720.0,133.3,0.3333,0,0.0,0,0.0,0,0.0,0,0.0,1,2896000.0,0.3333
MPLADS-001222,3,1934000.0,644666.67,644700.0,644600.0,644700.0,57.74,2022-04-30,2022-08-15,107,53.5,53.5,0.71,12087.5,12088.12,53.3,0.3334,0,0.0,0,0.0,0,0.0,0,0.0,1,644600.0,0.3333
MPLADS-001223,3,68544000.0,22848000.0,22848000.0,22848000.0,22848000.0,0.0,2022-11-25,2023-08-17,265,132.5,132.5,0.71,171360.0,171360.0,133.3,0.3333,0,0.0,0,0.0,0,0.0,0,0.0,1,22848000.0,0.3333
MPLADS-001224,3,12613000.0,4204333.33,4204300.0,4204300.0,4204400.0,57.74,2023-09-29,2024-07-08,283,141.5,141.5,0.71,31532.5,31533.0,133.3,0.3333,0,0.0,0,0.0,3,1.0,0,0.0,1,4204400.0,0.3333
MPLADS-001225,3,2280000.0,760000.0,760000.0,760000.0,760000.0,0.0,2022-06-07,2022-09-04,89,44.5,44.5,0.71,19000.0,19000.0,40.0,0.3333,0,0.0,0,0.0,3,1.0,0,0.0,1,760000.0,0.3333
MPLADS-001226,2,376000.0,188000.0,188000.0,188000.0,188000.0,0.0,2022-11-02,2022-12-03,31,31.0,31.0,0.0,6266.67,6266.67,30.0,0.5,0,0.0,0,0.0,0,0.0,0,0.0,1,188000.0,0.5
MPLADS-001227,3,2030000.0,676666.67,676700.0,676600.0,676700.0,57.74,2023-04-24,2023-08-14,112,56.0,56.0,0.0,11277.78,11278.33,60.0,0.3333,0,0.0,0,0.0,0,0.0,0,0.0,1,676600.0,0.3333
MPLADS-001228,3,1643000.0,547666.67,547700.0,547600.0,547700.0,57.74,2023-07-20,2023-11-03,106,53.0,53.0,0.0,10953.33,10954.0,50.0,0.3334,0,0.0,0,0.0,0,0.0,0,0.0,1,547600.0,0.3333
MPLADS-001229,2,866000.0,433000.0,433000.0,433000.0,433000.0,0.0,2023-06-21,2023-08-13,53,53.0,53.0,0.0,9622.22,9622.22,45.0,0.5,0,0.0,0,0.0,2,1.0,0,0.0,1,433000.0,0.5
MPLADS-001230,3,2684000.0,894666.67,894700.0,894600.0,894700.0,57.74,2023-08-25,2023-12-03,100,50.0,50.0,0.0,16775.0,16775.62,53.3,0.3333,0,0.0,0,0.0,0,0.0,0,0.0,1,894600.0,0.3333
MPLADS-001231,2,835000.0,417500.0,417500.0,417500.0,417500.0,0.0,2023-07-13,2023-08-21,39,39.0,39.0,0.0,9277.78,9277.78,45.0,0.5,0,0.0,0,0.0,0,0.0,0,0.0,1,417500.0,0.5
MPLADS-001232,2,582000.0,291000.0,291000.0,291000.0,291000.0,0.0,2023-03-11,2023-04-26,46,46.0,46.0,0.0,6466.67,6466.67,45.0,0.5,0,0.0,1,0.5,2,1.0,0,0.0,1,291000.0,0.5
MPLADS-001233,2,744000.0,372000.0,372000.0,372000.0,372000.0,0.0,2023-10-06,2023-12-03,58,58.0,58.0,0.0,8266.67,8266.67,45.0,0.5,0,0.0,0,0.0,0,0.0,0,0.0,1,372000.0,0.5
MPLADS-001234,2,764000.0,382000.0,382000.0,382000.0,382000.0,0.0,2023-11-10,2023-12-19,39,39.0,39.0,0.0,8488.89,8488.89,45.0,0.5,0,0.0,0,0.0,2,1.0,0,0.0,1,382000.0,0.5
MPLADS-001235,3,1031000.0,343666.67,343700.0,343600.0,343700.0,57.74,2023-03-29,2023-05-26,58,29.0,29.0,0.0,11455.56,11456.67,30.0,0.3334,0,0.0,0,0.0,0,0.0,0,0.0,1,343600.0,0.3333
MPLADS-001236,3,14686000.0,4895333.33,4895300.0,4895300.0,4895400.0,57.74,2024-02-19,2024-12-01,286,143.0,143.0,0.0,36715.0,36715.5,133.3,0.3333,0,0.0,0,0.0,0,0.0,0,0.0,1,4895400.0,0.3333
MPLADS-001237,2,356000.0,178000.0,178000.0,178000.0,178000.0,0.0,2022-11-02,2022-11-25,23,23.0,23.0,0.0,5933.33,5933.33,30.0,0.5,0,0.0,0,0.0,0,0.0,0,0.0,1,178000.0,0.5
MPLADS-001238,3,1357000.0,452333.33,452300.0,452300.0,452400.0,57.74,2022-10-07,2023-01-09,94,47.0,47.0,0.0,11308.33,11310.0,40.0,0.3334,0,0.0,0,0.0,0,0.0,0,0.0,1,452400.0,0.3334
MPLADS-001239,2,547000.0,273500.0,273500.0,273500.0,273500.0,0.0,2023-09-21,2023-10-18,27,27.0,27.0,0.0,9116.67,9116.67,30.0,0.5,0,0.0,0,0.0,0,0.0,0,0.0,1,273500.0,0.5
MPLADS-001240,2,535000.0,267500.0,267500.0,267500.0,267500.0,0.0,2022-06-29,2022-08-08,40,40.0,40.0,0.0,5944.44,5944.44,45.0,0.5,0,0.0,0,0.0,0,0.0,0,0.0,1,267500.0,0.5
MPLADS-001241,2,922000.0,461000.0,461000.0,461000.0,461000.0,0.0,2023-03-13,2023-04-26,44,44.0,44.0,0.0,10244.44,10244.44,45.0,0.5,0,0.0,0,0.0,0,0.0,0,0.0,1,461000.0,0.5
MPLADS-001242,3,2780000.0,926666.67,926700.0,926600.0,926700.0,57.74,2023-08-21,2024-01-05,137,68.5,68.5,0.71,13238.09,13238.57,70.0,0.3333,0,0.0,0,0.0,0,0.0,0,0.0,1,926600.0,0.3333
MPLADS-001243,3,2711000.0,903666.67,903700.0,903600.0,903700.0,57.74,2023-09-07,2024-01-17,132,66.0,66.0,0.0,15061.11,15061.67,60.0,0.3333,0,0.0,0,0.0,0,0.0,0,0.0,1,903600.0,0.3333
MPLADS-001244,3,2376000.0,792000.0,792000.0,792000.0,792000.0,0.0,2022-09-19,2023-01-11,114,57.0,57.0,0.0,13200.0,13200.0,60.0,0.3333,0,0.0,0,0.0,0,0.0,0,0.0,1,792000.0,0.3333
MPLADS-001245,3,2598000.0,866000.0,866000.0,866000.0,866000.0,0.0,2023-03-07,2023-08-02,148,74.0,74.0,0.0,12371.43,12371.43,70.0,0.3333,0,0.0,1,0.3333,0,0.0,0,0.0,1,866000.0,0.3333
MPLADS-001246,3,2290000.0,763333.33,763300.0,763300.0,763400.0,57.74,2022-04-11,2022-06-25,75,37.5,37.5,0.71,19083.33,19085.0,40.0,0.3334,0,0.0,0,0.0,0,0.0,0,0.0,1,763400.0,0.3334
MPLADS-001247,3,8118000.0,2706000.0,2706000.0,2706000.0,2706000.0,0.0,2023-07-20,2024-05-01,286,143.0,143.0,0.0,20295.0,20295.0,133.3,0.3333,0,0.0,0,0.0,0,0.0,0,0.0,1,2706000.0,0.3333
MPLADS-001248,2,903000.0,451500.0,451500.0,451500.0,451500.0,0.0,2023-10-15,2023-11-22,38,38.0,38.0,0.0,10033.33,10033.33,45.0,0.5,0,0.0,0,0.0,2,1.0,0,0.0,1,451500.0,0.5
MPLADS-001249,2,420000.0,210000.0,210000.0,210000.0,210000.0,0.0,2023-03-11,2023-04-03,23,23.0,23.0,0.0,7000.0,7000.0,30.0,0.5,0,0.0,0,0.0,0,0.0,0,0.0,1,210000.0,0.5
MPLADS-001250,2,711000.0,355500.0,355500.0,355500.0,355500.0,0.0,2023-04-23,2023-05-25,32,32.0,32.0,0.0,11850.0,11850.0,30.0,0.5,0,0.0,0,0.0,0,0.0,0,0.0,1,355500.0,0.5
MPLADS-001251,3,6127000.0,2042333.33,2042300.0,2042300.0,2042400.0,57.74,2023-10-01,2024-01-21,112,56.0,56.0,0.0,40846.67,40848.0,50.0,0.3333,0,0.0,0,0.0,0,0.0,0,0.0,1,2042400.0,0.3333
MPLADS-001252,3,2098000.0,699333.33,699300.0,699300.0,699400.0,57.74,2023-02-26,2023-06-24,118,59.0,59.0,0.0,11655.56,11656.67,60.0,0.3334,0,0.0,0,0.0,3,1.0,0,0.0,1,699400.0,0.3334
MPLADS-001253,3,1883000.0,627666.67,627700.0,627600.0,627700.0,57.74,2022-09-03,2022-12-24,112,56.0,56.0,0.0,11768.75,11769.38,53.3,0.3334,0,0.0,0,0.0,0,0.0,0,0.0,1,627600.0,0.3333
MPLADS-001254,2,631000.0,315500.0,315500.0,315500.0,315500.0,0.0,2022-08-20,2022-10-03,44,44.0,44.0,0.0,7011.11,7011.11,45.0,0.5,0,0.0,0,0.0,0,0.0,0,0.0,1,315500.0,0.5
MPLADS-001255,3,2215000.0,738333.33,738300.0,738300.0,738400.0,57.74,2022-08-14,2022-11-02,80,40.0,40.0,0.0,18458.33,18460.0,40.0,0.3334,0,0.0,0,0.0,0,0.0,0,0.0,1,738400.0,0.3334
MPLADS-001256,3,13180000.0,4393333.33,4393300.0,4393300.0,4393400.0,57.74,2023-10-22,2024-07-30,282,141.0,141.0,0.0,32950.0,32950.5,133.3,0.3333,0,0.0,0,0.0,0,0.0,0,0.0,1,4393400.0,0.3333
MPLADS-001257,3,2908000.0,969333.33,969300.0,969300.0,969400.0,57.74,2022-09-27,2023-02-06,132,66.0,66.0,0.0,16155.56,16156.67,60.0,0.3334,0,0.0,0,0.0,0,0.0,0,0.0,1,969400.0,0.3334
MPLADS-001258,3,14415000.0,4805000.0,4805000.0,4805000.0,4805000.0,0.0,2022-10-04,2023-06-21,260,130.0,130.0,0.0,36037.5,36037.5,133.3,0.3333,0,0.0,0,0.0,0,0.0,0,0.0,1,4805000.0,0.3333
MPLADS-001259,2,773000.0,386500.0,386500.0,386500.0,386500.0,0.0,2022-05-26,2022-07-04,39,39.0,39.0,0.0,8588.89,8588.89,45.0,0.5,0,0.0,0,0.0,0,0.0,0,0.0,1,386500.0,0.5
MPLADS-001260,3,8613000.0,2871000.0,2871000.0,2871000.0,2871000.0,0.0,2023-02-04,2023-10-20,258,129.0,129.0,0.0,21532.5,21532.5,133.3,0.3333,0,0.0,0,0.0,0,0.0,0,0.0,1,2871000.0,0.3333
MPLADS-001261,2,1000000.0,500000.0,500000.0,500000.0,500000.0,0.0,2024-01-27,2024-04-27,91,91.0,91.0,0.0,6666.67,6666.67,75.0,0.5,0,0.0,0,0.0,0,0.0,2,1.0,1,500000.0,0.5
MPLADS-001262,3,12338000.0,4112666.67,4112700.0,4112600.0,4112700.0,57.74,2023-08-12,2024-05-19,281,140.5,140.5,0.71,30845.0,30845.25,133.3,0.3333,0,0.0,0,0.0,0,0.0,0,0.0,1,4112600.0,0.3333
MPLADS-001263,3,12236000.0,4078666.67,4078700.0,4078600.0,4078700.0,57.74,2023-01-12,2023-10-15,276,138.0,138.0,0.0,30590.0,30590.25,133.3,0.3333,0,0.0,0,0.0,0,0.0,0,0.0,1,4078600.0,0.3333
MPLADS-001264,3,3188000.0,1062666.67,1062700.0,1062600.0,1062700.0,57.74,2023-12-02,2024-04-29,149,74.5,74.5,0.71,15180.95,15181.43,70.0,0.3333,0,0.0,0,0.0,0,0.0,0,0.0,1,1062600.0,0.3333
MPLADS-001265,2,589000.0,294500.0,294500.0,294500.0,294500.0,0.0,2022-04-20,2022-05-15,25,25.0,25.0,0.0,9816.67,9816.67,30.0,0.5,0,0.0,0,0.0,0,0.0,0,0.0,1,294500.0,0.5
MPLADS-001266,3,2013000.0,671000.0,671000.0,671000.0,671000.0,0.0,2023-11-29,2024-03-26,118,59.0,59.0,0.0,11183.33,11183.33,60.0,0.3333,0,0.0,0,0.0,0,0.0,0,0.0,1,671000.0,0.3333
MPLADS-001267,3,1927000.0,642333.33,642300.0,642300.0,642400.0,57.74,2023-03-30,2023-08-13,136,68.0,68.0,0.0,9176.19,9177.14,70.0,0.3334,0,0.0,0,0.0,0,0.0,0,0.0,1,642400.0,0.3334
MPLADS-001268,2,338000.0,169000.0,169000.0,169000.0,169000.0,0.0,2023-01-04,2023-01-29,25,25.0,25.0,0.0,5633.33,5633.33,30.0,0.5,0,0.0,0,0.0,0,0.0,0,0.0,1,169000.0,0.5
MPLADS-001269,2,409000.0,204500.0,204500.0,204500.0,204500.0,0.0,2023-10-26,2023-11-30,35,35.0,35.0,0.0,6816.67,6816.67,30.0,0.5,0,0.0,0,0.0,0,0.0,0,0.0,1,204500.0,0.5
MPLADS-001270,2,697000.0,348500.0,348500.0,348500.0,348500.0,0.0,2023-09-07,2023-11-08,62,62.0,62.0,0.0,7744.44,7744.44,45.0,0.5,0,0.0,0,0.0,0,0.0,0,0.0,1,348500.0,0.5
MPLADS-001271,3,3439000.0,1146333.33,1146300.0,1146300.0,1146400.0,57.74,2022-10-22,2023-04-03,163,81.5,81.5,0.71,16376.19,16377.14,70.0,0.3334,0,0.0,0,0.0,0,0.0,0,0.0,1,1146400.0,0.3334
MPLADS-001272,2,719000.0,359500.0,359500.0,359500.0,359500.0,0.0,2023-05-11,2023-07-09,59,59.0,59.0,0.0,7988.89,7988.89,45.0,0.5,0,0.0,0,0.0,0,0.0,0,0.0,1,359500.0,0.5
MPLADS-001273,3,1728000.0,576000.0,576000.0,576000.0,576000.0,0.0,2023-07-19,2023-10-20,93,46.5,46.5,0.71,14400.0,14400.0,40.0,0.3333,0,0.0,0,0.0,0,0.0,0,0.0,1,576000.0,0.3333
MPLADS-001274,3,1993000.0,664333.33,664300.0,664300.0,664400.0,57.74,2024-01-13,2024-06-13,152,76.0,76.0,0.0,9490.48,9491.43,70.0,0.3334,0,0.0,0,0.0,0,0.0,0,0.0,1,664400.0,0.3334
MPLADS-001275,3,1474000.0,491333.33,491300.0,491300.0,491400.0,57.74,2023-02-05,2023-04-28,82,41.0,41.0,0.0,12283.33,12285.0,40.0,0.3334,0,0.0,0,0.0,0,0.0,0,0.0,1,491400.0,0.3334
MPLADS-001276,3,2713000.0,904333.33,904300.0,904300.0,904400.0,57.74,2023-03-01,2023-07-29,150,75.0,75.0,0.0,12919.05,12920.0,70.0,0.3334,0,0.0,0,0.0,0,0.0,0,0.0,1,904400.0,0.3334
MPLADS-001277,3,13150000.0,4383333.33,4383300.0,4383300.0,4383400.0,57.74,2023-03-13,2023-12-14,276,138.0,138.0,0.0,32875.0,32875.5,133.3,0.3333,0,0.0,0,0.0,0,0.0,0,0.0,1,4383400.0,0.3333
MPLADS-001278,3,1684000.0,561333.33,561300.0,561300.0,561400.0,57.74,2022-04-15,2022-08-05,112,56.0,56.0,0.0,9355.56,9356.67,60.0,0.3334,0,0.0,0,0.0,0,0.0,0,0.0,1,561400.0,0.3334
MPLADS-001279,2,679000.0,339500.0,339500.0,339500.0,339500.0,0.0,2023-08-05,2023-09-30,56,56.0,56.0,0.0,7544.44,7544.44,45.0,0.5,0,0.0,0,0.0,0,0.0,0,0.0,1,339500.0,0.5
MPLADS-001280,2,651000.0,325500.0,325500.0,325500.0,325500.0,0.0,2022-12-22,2023-02-01,41,41.0,41.0,0.0,7233.33,7233.33,45.0,0.5,0,0.0,0,0.0,2,1.0,0,0.0,1,325500.0,0.5
MPLADS-001281,2,632000.0,316000.0,316000.0,316000.0,316000.0,0.0,2023-11-27,2024-01-15,49,49.0,49.0,0.0,7022.22,7022.22,45.0,0.5,0,0.0,0,0.0,2,1.0,0,0.0,1,316000.0,0.5
MPLADS-001282,3,1938000.0,646000.0,646000.0,646000.0,646000.0,0.0,2023-12-01,2024-03-24,114,57.0,57.0,0.0,12112.5,12112.5,53.3,0.3333,0,0.0,0,0.0,0,0.0,0,0.0,1,646000.0,0.3333
MPLADS-001283,3,1669000.0,556333.33,556300.0,556300.0,556400.0,57.74,2022-11-28,2023-04-06,129,64.5,64.5,0.71,10431.25,10432.5,53.3,0.3334,0,0.0,0,0.0,0,0.0,0,0.0,1,556400.0,0.3334
MPLADS-001284,3,8699000.0,2899666.67,2899700.0,2899600.0,2899700.0,57.74,2023-07-18,2023-11-27,132,66.0,66.0,0.0,48327.78,48328.33,60.0,0.3333,0,0.0,0,0.0,0,0.0,0,0.0,1,2899600.0,0.3333
MPLADS-001285,2,486000.0,243000.0,243000.0,243000.0,243000.0,0.0,2022-04-25,2022-05-20,25,25.0,25.0,0.0,8100.0,8100.0,30.0,0.5,0,0.0,0,0.0,2,1.0,0,0.0,1,243000.0,0.5
MPLADS-001286,3,1648000.0,549333.33,549300.0,549300.0,549400.0,57.74,2022-08-14,2022-11-03,81,40.5,40.5,0.71,13733.33,13735.0,40.0,0.3334,0,0.0,0,0.0,0,0.0,0,0.0,1,549400.0,0.3334
MPLADS-001287,2,773000.0,386500.0,386500.0,386500.0,386500.0,0.0,2023-08-01,2023-09-09,39,39.0,39.0,0.0,8588.89,8588.89,45.0,0.5,0,0.0,0,0.0,0,0.0,0,0.0,1,386500.0,0.5
MPLADS-001288,3,1856000.0,618666.67,618700.0,618600.0,618700.0,57.74,2023-10-08,2024-02-05,120,60.0,60.0,0.0,11600.0,11600.62,53.3,0.3334,0,0.0,0,0.0,3,1.0,0,0.0,1,618600.0,0.3333
MPLADS-001289,3,1728000.0,576000.0,576000.0,576000.0,576000.0,0.0,2022-03-31,2022-06-25,86,43.0,43.0,0.0,14400.0,14400.0,40.0,0.3333,0,0.0,0,0.0,0,0.0,0,0.0,1,576000.0,0.3333
MPLADS-001290,2,574000.0,287000.0,287000.0,287000.0,287000.0,0.0,2023-02-10,2023-03-26,44,44.0,44.0,0.0,6377.78,6377.78,45.0,0.5,0,0.0,0,0.0,0,0.0,0,0.0,1,287000.0,0.5
MPLADS-001291,3,1899000.0,633000.0,633000.0,633000.0,633000.0,0.0,2023-03-21,2023-06-29,100,50.0,50.0,0.0,11868.75,11868.75,53.3,0.3333,0,0.0,0,0.0,0,0.0,0,0.0,1,633000.0,0.3333
MPLADS-001292,3,1791000.0,597000.0,597000.0,597000.0,597000.0,0.0,2023-11-27,2024-04-05,130,65.0,65.0,0.0,9950.0,9950.0,60.0,0.3333,0,0.0,0,0.0,0,0.0,0,0.0,1,597000.0,0.3333
MPLADS-001293,3,13367000.0,4455666.67,4455700.0,4455600.0,4455700.0,57.74,2024-01-05,2024-09-25,264,132.0,132.0,0.0,33417.5,33417.75,133.3,0.3333,0,0.0,0,0.0,0,0.0,0,0.0,1,4455600.0,0.3333
MPLADS-001294,3,1528000.0,509333.33,509300.0,509300.0,509400.0,57.74,2023-04-07,2023-07-22,106,53.0,53.0,0.0,10186.67,10188.0,50.0,0.3334,0,0.0,0,0.0,0,0.0,0,0.0,1,509400.0,0.3334
MPLADS-001295,3,1279000.0,426333.33,426300.0,426300.0,426400.0,57.74,2022-05-02,2022-08-27,117,58.5,58.5,0.71,8526.67,8528.0,50.0,0.3334,0,0.0,0,0.0,0,0.0,0,0.0,1,426400.0,0.3334
MPLADS-001296,2,566000.0,283000.0,283000.0,283000.0,283000.0,0.0,2022-07-16,2022-08-29,44,44.0,44.0,0.0,6288.89,6288.89,45.0,0.5,0,0.0,0,0.0,0,0.0,0,0.0,1,283000.0,0.5
MPLADS-001297,3,2823000.0,941000.0,941000.0,941000.0,941000.0,0.0,2022-08-07,2022-12-29,144,72.0,72.0,0.0,13442.86,13442.86,70.0,0.3333,0,0.0,0,0.0,0,0.0,0,0.0,1,941000.0,0.3333
MPLADS-001298,3,2744000.0,914666.67,914700.0,914600.0,914700.0,57.74,2023-05-08,2023-09-30,145,72.5,72.5,0.71,13066.66,13067.14,70.0,0.3333,0,0.0,0,0.0,0,0.0,0,0.0,1,914600.0,0.3333
MPLADS-001299,2,673000.0,336500.0,336500.0,336500.0,336500.0,0.0,2023-01-11,2023-02-25,45,45.0,45.0,0.0,7477.78,7477.78,45.0,0.5,0,0.0,0,0.0,0,0.0,0,0.0,1,336500.0,0.5
MPLADS-001300,2,513000.0,256500.0,256500.0,256500.0,256500.0,0.0,2023-11-17,2023-12-24,37,37.0,37.0,0.0,8550.0,8550.0,30.0,0.5,0,0.0,0,0.0,0,0.0,0,0.0,1,256500.0,0.5
MPLADS-001301,3,3069000.0,1023000.0,1023000.0,1023000.0,1023000.0,0.0,2022-08-22,2022-12-27,127,63.5,63.5,0.71,17050.0,17050.0,60.0,0.3333,0,0.0,0,0.0,0,0.0,0,0.0,1,1023000.0,0.3333
MPLADS-001302,3,3100000.0,1033333.33,1033300.0,1033300.0,1033400.0,57.74,2023-05-07,2023-09-22,138,69.0,69.0,0.0,14761.91,14762.86,70.0,0.3334,0,0.0,0,0.0,0,0.0,0,0.0,1,1033400.0,0.3334
MPLADS-001303,2,446000.0,223000.0,223000.0,223000.0,223000.0,0.0,2023-10-20,2023-11-17,28,28.0,28.0,0.0,7433.33,7433.33,30.0,0.5,0,0.0,0,0.0,0,0.0,0,0.0,1,223000.0,0.5
MPLADS-001304,3,1549000.0,516333.33,516300.0,516300.0,516400.0,57.74,2023-04-17,2023-08-03,108,54.0,54.0,0.0,10326.67,10328.0,50.0,0.3334,0,0.0,0,0.0,3,1.0,0,0.0,1,516400.0,0.3334
MPLADS-001305,3,9397000.0,3132333.33,3132300.0,3132300.0,3132400.0,57.74,2023-03-30,2024-01-11,287,143.5,143.5,0.71,23492.5,23493.0,133.3,0.3333,0,0.0,0,0.0,0,0.0,0,0.0,1,3132400.0,0.3333
MPLADS-001306,3,10707000.0,3569000.0,3569000.0,3569000.0,3569000.0,0.0,2022-10-15,2023-07-07,265,132.5,132.5,0.71,26767.5,26767.5,133.3,0.3333,0,0.0,0,0.0,3,1.0,0,0.0,1,3569000.0,0.3333
MPLADS-001307,3,2810000.0,936666.67,936700.0,936600.0,936700.0,57.74,2023-07-16,2023-11-01,108,54.0,54.0,0.0,17562.5,17563.12,53.3,0.3333,0,0.0,0,0.0,0,0.0,0,0.0,1,936600.0,0.3333
MPLADS-001308,3,1823000.0,607666.67,607700.0,607600.0,607700.0,57.74,2024-02-29,2024-06-30,122,61.0,61.0,0.0,10127.78,10128.33,60.0,0.3334,0,0.0,0,0.0,0,0.0,0,0.0,1,607600.0,0.3333
MPLADS-001309,2,585000.0,292500.0,292500.0,292500.0,292500.0,0.0,2023-02-23,2023-03-25,30,30.0,30.0,0.0,9750.0,9750.0,30.0,0.5,0,0.0,0,0.0,0,0.0,0,0.0,1,292500.0,0.5
MPLADS-001310,3,1648000.0,549333.33,549300.0,549300.0,549400.0,57.74,2022-08-08,2022-10-25,78,39.0,39.0,0.0,13733.33,13735.0,40.0,0.3334,0,0.0,0,0.0,3,1.0,0,0.0,1,549400.0,0.3334
MPLADS-001311,3,9474000.0,3158000.0,3158000.0,3158000.0,3158000.0,0.0,2024-05-10,2025-01-30,265,132.5,132.5,0.71,23685.0,23685.0,133.3,0.3333,0,0.0,0,0.0,0,0.0,0,0.0,1,3158000.0,0.3333
MPLADS-001312,3,1705000.0,568333.33,568300.0,568300.0,568400.0,57.74,2023-10-24,2024-02-27,126,63.0,63.0,0.0,9472.22,9473.33,60.0,0.3334,0,0.0,0,0.0,0,0.0,0,0.0,1,568400.0,0.3334
MPLADS-001313,3,2965000.0,988333.33,988300.0,988300.0,988400.0,57.74,2024-03-09,2024-08-15,159,79.5,79.5,0.71,14119.05,14120.0,70.0,0.3334,0,0.0,0,0.0,0,0.0,0,0.0,1,988400.0,0.3334
MPLADS-001314,3,6326000.0,2108666.67,2108700.0,2108600.0,2108700.0,57.74,2023-10-29,2024-02-19,113,56.5,56.5,0.71,42173.33,42174.0,50.0,0.3333,0,0.0,0,0.0,0,0.0,0,0.0,1,2108600.0,0.3333
MPLADS-001315,3,3765000.0,1255000.0,1255000.0,1255000.0,1255000.0,0.0,2023-01-17,2023-06-01,135,67.5,67.5,0.71,17928.57,17928.57,70.0,0.3333,0,0.0,0,0.0,0,0.0,0,0.0,1,1255000.0,0.3333
MPLADS-001316,3,13658000.0,4552666.67,4552700.0,4552600.0,4552700.0,57.74,2022-10-02,2023-02-19,140,70.0,70.0,0.0,75877.78,75878.33,60.0,0.3333,0,0.0,0,0.0,0,0.0,0,0.0,1,4552600.0,0.3333
MPLADS-001317,3,10238000.0,3412666.67,3412700.0,3412600.0,3412700.0,57.74,2022-12-01,2023-08-15,257,128.5,128.5,0.71,25595.0,25595.25,133.3,0.3333,0,0.0,0,0.0,0,0.0,0,0.0,1,3412600.0,0.3333
MPLADS-001318,3,2988000.0,996000.0,996000.0,996000.0,996000.0,0.0,2023-04-27,2023-09-04,130,65.0,65.0,0.0,16600.0,16600.0,60.0,0.3333,0,0.0,0,0.0,0,0.0,0,0.0,1,996000.0,0.3333
MPLADS-001319,3,2808000.0,936000.0,936000.0,936000.0,936000.0,0.0,2023-12-10,2024-04-30,142,71.0,71.0,0.0,15600.0,15600.0,60.0,0.3333,0,0.0,0,0.0,0,0.0,0,0.0,1,936000.0,0.3333
MPLADS-001320,3,2846000.0,948666.67,948700.0,948600.0,948700.0,57.74,2023-06-14,2023-10-26,134,67.0,67.0,0.0,13552.38,13552.86,70.0,0.3333,0,0.0,0,0.0,0,0.0,0,0.0,1,948600.0,0.3333
MPLADS-001321,2,619000.0,309500.0,309500.0,309500.0,309500.0,0.0,2023-12-06,2024-01-31,56,56.0,56.0,0.0,6877.78,6877.78,45.0,0.5,0,0.0,0,0.0,0,0.0,0,0.0,1,309500.0,0.5
MPLADS-001322,3,3283000.0,1094333.33,1094300.0,1094300.0,1094400.0,57.74,2023-10-08,2024-02-19,134,67.0,67.0,0.0,18238.89,18240.0,60.0,0.3334,0,0.0,0,0.0,3,1.0,0,0.0,1,1094400.0,0.3334
MPLADS-001323,2,498000.0,249000.0,249000.0,249000.0,249000.0,0.0,2022-06-20,2022-08-06,47,47.0,47.0,0.0,5533.33,5533.33,45.0,0.5,0,0.0,0,0.0,0,0.0,0,0.0,1,249000.0,0.5
MPLADS-001324,3,10266000.0,3422000.0,3422000.0,3422000.0,3422000.0,0.0,2023-04-01,2023-12-31,274,137.0,137.0,0.0,25665.0,25665.0,133.3,0.3333,0,0.0,0,0.0,0,0.0,0,0.0,1,3422000.0,0.3333
MPLADS-001325,3,2871000.0,957000.0,957000.0,957000.0,957000.0,0.0,2022-05-09,2022-08-17,100,50.0,50.0,0.0,17943.75,17943.75,53.3,0.3333,0,0.0,0,0.0,0,0.0,0,0.0,1,957000.0,0.3333
MPLADS-001326,2,347000.0,173500.0,173500.0,173500.0,173500.0,0.0,2023-05-29,2023-07-06,38,38.0,38.0,0.0,5783.33,5783.33,30.0,0.5,0,0.0,0,0.0,2,1.0,0,0.0,1,173500.0,0.5
MPLADS-001327,2,557000.0,278500.0,278500.0,278500.0,278500.0,0.0,2022-11-03,2022-12-10,37,37.0,37.0,0.0,9283.33,9283.33,30.0,0.5,0,0.0,0,0.0,2,1.0,0,0.0,1,278500.0,0.5
MPLADS-001328,3,1405000.0,468333.33,468300.0,468300.0,468400.0,57.74,2023-08-27,2023-11-21,86,43.0,43.0,0.0,11708.33,11710.0,40.0,0.3334,0,0.0,0,0.0,0,0.0,0,0.0,1,468400.0,0.3334
MPLADS-001329,3,14925000.0,4975000.0,4975000.0,4975000.0,4975000.0,0.0,2024-03-24,2024-12-20,271,135.5,135.5,0.71,37312.5,37312.5,133.3,0.3333,0,0.0,0,0.0,0,0.0,0,0.0,1,4975000.0,0.3333
MPLADS-001330,3,2098000.0,699333.33,699300.0,699300.0,699400.0,57.74,2022-08-22,2022-09-27,36,18.0,18.0,0.0,34966.67,34970.0,20.0,0.3334,0,0.0,0,0.0,0,0.0,0,0.0,1,699400.0,0.3334
MPLADS-001331,3,10523000.0,3507666.67,3507700.0,3507600.0,3507700.0,57.74,2023-12-24,2024-09-09,260,130.0,130.0,0.0,26307.5,26307.75,133.3,0.3333,0,0.0,0,0.0,0,0.0,0,0.0,1,3507600.0,0.3333
MPLADS-001332,3,2072000.0,690666.67,690700.0,690600.0,690700.0,57.74,2023-10-06,2024-02-03,120,60.0,60.0,0.0,11511.11,11511.67,60.0,0.3333,0,0.0,0,0.0,0,0.0,0,0.0,1,690600.0,0.3333
MPLADS-001333,2,618000.0,309000.0,309000.0,309000.0,309000.0,0.0,2022-10-21,2022-11-16,26,26.0,26.0,0.0,10300.0,10300.0,30.0,0.5,0,0.0,0,0.0,0,0.0,0,0.0,1,309000.0,0.5
MPLADS-001334,3,2587000.0,862333.33,862300.0,862300.0,862400.0,57.74,2022-09-14,2023-01-18,126,63.0,63.0,0.0,16168.75,16170.0,53.3,0.3334,0,0.0,0,0.0,0,0.0,0,0.0,1,862400.0,0.3334
MPLADS-001335,2,884000.0,442000.0,442000.0,442000.0,442000.0,0.0,2023-02-16,2023-04-17,60,60.0,60.0,0.0,9822.22,9822.22,45.0,0.5,0,0.0,0,0.0,0,0.0,0,0.0,1,442000.0,0.5
MPLADS-001336,3,3502000.0,1167333.33,1167300.0,1167300.0,1167400.0,57.74,2023-10-06,2024-03-02,148,74.0,74.0,0.0,16676.19,16677.14,70.0,0.3334,0,0.0,0,0.0,0,0.0,0,0.0,1,1167400.0,0.3334
MPLADS-001337,3,1437000.0,479000.0,479000.0,479000.0,479000.0,0.0,2024-01-07,2024-03-31,84,42.0,42.0,0.0,11975.0,11975.0,40.0,0.3333,0,0.0,0,0.0,0,0.0,0,0.0,1,479000.0,0.3333
MPLADS-001338,3,2221000.0,740333.33,740300.0,740300.0,740400.0,57.74,2023-02-02,2023-05-22,109,54.5,54.5,0.71,13881.25,13882.5,53.3,0.3334,0,0.0,1,0.3333,0,0.0,0,0.0,1,740400.0,0.3334
MPLADS-001339,2,602000.0,301000.0,301000.0,301000.0,301000.0,0.0,2022-11-26,2023-01-04,39,39.0,39.0,0.0,10033.33,10033.33,30.0,0.5,0,0.0,0,0.0,0,0.0,0,0.0,1,301000.0,0.5
MPLADS-001340,3,3620000.0,1206666.67,1206700.0,1206600.0,1206700.0,57.74,2023-07-16,2023-12-13,150,75.0,75.0,0.0,17238.09,17238.57,70.0,0.3333,0,0.0,0,0.0,0,0.0,0,0.0,1,1206600.0,0.3333
MPLADS-001341,3,1264000.0,421333.33,421300.0,421300.0,421400.0,57.74,2022-07-08,2022-10-16,100,50.0,50.0,0.0,10533.33,10535.0,40.0,0.3334,0,0.0,0,0.0,0,0.0,0,0.0,1,421400.0,0.3334
MPLADS-001342,3,1954000.0,651333.33,651300.0,651300.0,651400.0,57.74,2022-05-14,2022-09-29,138,69.0,69.0,0.0,10855.56,10856.67,60.0,0.3334,0,0.0,0,0.0,0,0.0,0,0.0,1,651400.0,0.3334
MPLADS-001343,2,941000.0,470500.0,470500.0,470500.0,470500.0,0.0,2022-10-31,2022-12-25,55,55.0,55.0,0.0,10455.56,10455.56,45.0,0.5,0,0.0,0,0.0,0,0.0,0,0.0,1,470500.0,0.5
MPLADS-001344,2,619000.0,309500.0,309500.0,309500.0,309500.0,0.0,2023-08-11,2023-10-07,57,57.0,57.0,0.0,6877.78,6877.78,45.0,0.5,0,0.0,0,0.0,0,0.0,0,0.0,1,309500.0,0.5
MPLADS-001345,3,1088000.0,362666.67,362700.0,362600.0,362700.0,57.74,2022-09-29,2023-01-05,98,49.0,49.0,0.0,7253.33,7254.0,50.0,0.3334,0,0.0,0,0.0,0,0.0,0,0.0,1,362600.0,0.3333
MPLADS-001346,3,1066000.0,355333.33,355300.0,355300.0,355400.0,57.74,2023-02-07,2023-05-24,106,53.0,53.0,0.0,7106.67,7108.0,50.0,0.3334,0,0.0,0,0.0,3,1.0,0,0.0,1,355400.0,0.3334
MPLADS-001347,3,9260000.0,3086666.67,3086700.0,3086600.0,3086700.0,57.74,2023-05-21,2024-02-15,270,135.0,135.0,0.0,23150.0,23150.25,133.3,0.3333,0,0.0,0,0.0,0,0.0,0,0.0,1,3086600.0,0.3333
MPLADS-001348,3,1881000.0,627000.0,627000.0,627000.0,627000.0,0.0,2022-05-26,2022-09-20,117,58.5,58.5,0.71,12540.0,12540.0,50.0,0.3333,0,0.0,0,0.0,0,0.0,0,0.0,1,627000.0,0.3333
MPLADS-001349,3,12811000.0,4270333.33,4270300.0,4270300.0,4270400.0,57.74,2023-10-23,2024-07-17,268,134.0,134.0,0.0,32027.5,32028.0,133.3,0.3333,0,0.0,0,0.0,0,0.0,0,0.0,1,4270400.0,0.3333
MPLADS-001350,3,1674000.0,558000.0,558000.0,558000.0,558000.0,0.0,2022-09-13,2023-01-17,126,63.0,63.0,0.0,10462.5,10462.5,53.3,0.3333,0,0.0,0,0.0,0,0.0,0,0.0,1,558000.0,0.3333
MPLADS-001351,3,2970000.0,990000.0,990000.0,990000.0,990000.0,0.0,2023-10-21,2024-03-05,136,68.0,68.0,0.0,14142.86,14142.86,70.0,0.3333,0,0.0,0,0.0,0,0.0,0,0.0,1,990000.0,0.3333
MPLADS-001352,3,1687000.0,562333.33,562300.0,562300.0,562400.0,57.74,2023-09-23,2025-01-15,480,240.0,240.0,0.0,9372.22,9373.33,60.0,0.3334,0,0.0,0,0.0,0,0.0,0,0.0,1,562400.0,0.3334
MPLADS-001353,3,2130000.0,710000.0,710000.0,710000.0,710000.0,0.0,2022-07-04,2022-10-31,119,59.5,59.5,0.71,11833.33,11833.33,60.0,0.3333,0,0.0,0,0.0,0,0.0,0,0.0,1,710000.0,0.3333
MPLADS-001354,2,594000.0,297000.0,297000.0,297000.0,297000.0,0.0,2023-05-22,2023-06-22,31,31.0,31.0,0.0,9900.0,9900.0,30.0,0.5,0,0.0,0,0.0,0,0.0,0,0.0,1,297000.0,0.5
MPLADS-001355,3,53750000.0,17916666.67,17916700.0,17916600.0,17916700.0,57.74,2023-11-14,2024-08-29,289,144.5,144.5,0.71,134375.0,134375.25,133.3,0.3333,0,0.0,0,0.0,0,0.0,0,0.0,1,17916600.0,0.3333
MPLADS-001356,3,1361000.0,453666.67,453700.0,453600.0,453700.0,57.74,2022-07-23,2022-11-02,102,51.0,51.0,0.0,9073.33,9074.0,50.0,0.3334,0,0.0,0,0.0,0,0.0,0,0.0,1,453600.0,0.3333
MPLADS-001357,3,1154000.0,384666.67,384700.0,384600.0,384700.0,57.74,2024-01-26,2024-04-11,76,38.0,38.0,0.0,9616.67,9617.5,40.0,0.3334,0,0.0,0,0.0,0,0.0,0,0.0,1,384600.0,0.3333
MPLADS-001358,2,437000.0,218500.0,218500.0,218500.0,218500.0,0.0,2023-03-25,2023-05-11,47,47.0,47.0,0.0,7283.33,7283.33,30.0,0.5,0,0.0,0,0.0,0,0.0,0,0.0,1,218500.0,0.5
MPLADS-001359,3,2228000.0,742666.67,742700.0,742600.0,742700.0,57.74,2022-08-02,2022-11-28,118,59.0,59.0,0.0,12377.78,12378.33,60.0,0.3333,0,0.0,0,0.0,0,0.0,0,0.0,1,742600.0,0.3333
MPLADS-001360,2,316000.0,158000.0,158000.0,158000.0,158000.0,0.0,2022-11-15,2022-12-19,34,34.0,34.0,0.0,5266.67,5266.67,30.0,0.5,0,0.0,0,0.0,0,0.0,0,0.0,1,158000.0,0.5
MPLADS-001361,3,2397000.0,799000.0,799000.0,799000.0,799000.0,0.0,2024-02-14,2024-07-23,160,80.0,80.0,0.0,11414.29,11414.29,70.0,0.3333,0,0.0,0,0.0,0,0.0,0,0.0,1,799000.0,0.3333
MPLADS-001362,3,1741000.0,580333.33,580300.0,580300.0,580400.0,57.74,2022-11-29,2023-03-16,107,53.5,53.5,0.71,11606.67,11608.0,50.0,0.3334,0,0.0,1,0.3333,0,0.0,0,0.0,1,580400.0,0.3334
MPLADS-001363,3,2913000.0,971000.0,971000.0,971000.0,971000.0,0.0,2023-10-11,2024-01-27,108,54.0,54.0,0.0,19420.0,19420.0,50.0,0.3333,0,0.0,0,0.0,0,0.0,0,0.0,1,971000.0,0.3333
MPLADS-001364,3,1263000.0,421000.0,421000.0,421000.0,421000.0,0.0,2023-12-03,2024-03-11,99,49.5,49.5,0.71,10525.0,10525.0,40.0,0.3333,0,0.0,0,0.0,0,0.0,0,0.0,1,421000.0,0.3333
MPLADS-001365,2,804000.0,402000.0,402000.0,402000.0,402000.0,0.0,2023-06-24,2023-08-20,57,57.0,57.0,0.0,8933.33,8933.33,45.0,0.5,0,0.0,0,0.0,0,0.0,0,0.0,1,402000.0,0.5
MPLADS-001366,3,3678000.0,1226000.0,1226000.0,1226000.0,1226000.0,0.0,2023-08-25,2024-01-08,136,68.0,68.0,0.0,17514.29,17514.29,70.0,0.3333,0,0.0,0,0.0,0,0.0,0,0.0,1,1226000.0,0.3333
MPLADS-001367,3,2110000.0,703333.33,703300.0,703300.0,703400.0,57.74,2022-03-20,2022-07-09,111,55.5,55.5,0.71,11722.22,11723.33,60.0,0.3334,0,0.0,0,0.0,0,0.0,0,0.0,1,703400.0,0.3334
MPLADS-001368,3,3725000.0,1241666.67,1241700.0,1241600.0,1241700.0,57.74,2023-02-25,2023-08-05,161,80.5,80.5,0.71,17738.09,17738.57,70.0,0.3333,0,0.0,0,0.0,0,0.0,0,0.0,1,1241600.0,0.3333
MPLADS-001369,3,2409000.0,803000.0,803000.0,803000.0,803000.0,0.0,2022-06-12,2022-10-19,129,64.5,64.5,0.71,15056.25,15056.25,53.3,0.3333,0,0.0,0,0.0,0,0.0,0,0.0,1,803000.0,0.3333
MPLADS-001370,2,407000.0,203500.0,203500.0,203500.0,203500.0,0.0,2023-02-09,2023-03-14,33,33.0,33.0,0.0,6783.33,6783.33,30.0,0.5,0,0.0,0,0.0,0,0.0,0,0.0,1,203500.0,0.5
MPLADS-001371,3,3737000.0,1245666.67,1245700.0,1245600.0,1245700.0,57.74,2022-06-08,2022-10-19,133,66.5,66.5,0.71,17795.24,17795.71,70.0,0.3333,0,0.0,0,0.0,0,0.0,0,0.0,1,1245600.0,0.3333
MPLADS-001372,3,2705000.0,901666.67,901700.0,901600.0,901700.0,57.74,2023-03-27,2023-06-27,92,46.0,46.0,0.0,22541.67,22542.5,40.0,0.3333,0,0.0,0,0.0,0,0.0,0,0.0,1,901600.0,0.3333
MPLADS-001373,2,767000.0,383500.0,383500.0,383500.0,383500.0,0.0,2022-09-02,2022-10-26,54,54.0,54.0,0.0,8522.22,8522.22,45.0,0.5,0,0.0,0,0.0,0,0.0,0,0.0,1,383500.0,0.5
MPLADS-001374,3,14881000.0,4960333.33,4960300.0,4960300.0,4960400.0,57.74,2023-05-24,2024-02-19,271,135.5,135.5,0.71,37202.5,37203.0,133.3,0.3333,0,0.0,0,0.0,0,0.0,0,0.0,1,4960400.0,0.3333
MPLADS-001375,2,524000.0,262000.0,262000.0,262000.0,262000.0,0.0,2022-05-27,2022-07-09,43,43.0,43.0,0.0,8733.33,8733.33,30.0,0.5,0,0.0,0,0.0,0,0.0,0,0.0,1,262000.0,0.5
MPLADS-001376,3,2726000.0,908666.67,908700.0,908600.0,908700.0,57.74,2022-05-20,2022-09-26,129,64.5,64.5,0.71,17037.5,17038.12,53.3,0.3333,0,0.0,0,0.0,3,1.0,0,0.0,1,908600.0,0.3333
MPLADS-001377,3,2384000.0,794666.67,794700.0,794600.0,794700.0,57.74,2022-11-13,2023-04-14,152,76.0,76.0,0.0,11352.38,11352.86,70.0,0.3333,0,0.0,0,0.0,0,0.0,0,0.0,1,794600.0,0.3333
MPLADS-001378,3,1007000.0,335666.67,335700.0,335600.0,335700.0,57.74,2023-01-11,2023-03-21,69,34.5,34.5,0.71,11188.89,11190.0,30.0,0.3334,0,0.0,1,0.3333,0,0.0,0,0.0,1,335600.0,0.3333
MPLADS-001379,2,577000.0,288500.0,288500.0,288500.0,288500.0,0.0,2023-03-21,2023-04-17,27,27.0,27.0,0.0,9616.67,9616.67,30.0,0.5,0,0.0,0,0.0,0,0.0,0,0.0,1,288500.0,0.5
MPLADS-001380,2,702000.0,351000.0,351000.0,351000.0,351000.0,0.0,2023-08-11,2023-09-27,47,47.0,47.0,0.0,7800.0,7800.0,45.0,0.5,0,0.0,0,0.0,0,0.0,0,0.0,1,351000.0,0.5
MPLADS-001381,3,1486000.0,495333.33,495300.0,495300.0,495400.0,57.74,2023-10-29,2024-02-08,102,51.0,51.0,0.0,9287.5,9288.75,53.3,0.3334,0,0.0,0,0.0,0,0.0,0,0.0,1,495400.0,0.3334
MPLADS-001382,3,2319000.0,773000.0,773000.0,773000.0,773000.0,0.0,2022-10-28,2023-03-05,128,64.0,64.0,0.0,14493.75,14493.75,53.3,0.3333,0,0.0,0,0.0,0,0.0,0,0.0,1,773000.0,0.3333
MPLADS-001383,3,4432000.0,1477333.33,1477300.0,1477300.0,1477400.0,57.74,2022-05-16,2022-09-14,121,60.5,60.5,0.71,24622.22,24623.33,60.0,0.3333,0,0.0,0,0.0,0,0.0,0,0.0,1,1477400.0,0.3333
MPLADS-001384,3,3236000.0,1078666.67,1078700.0,1078600.0,1078700.0,57.74,2023-05-22,2023-09-30,131,65.5,65.5,0.71,15409.52,15410.0,70.0,0.3333,0,0.0,0,0.0,0,0.0,0,0.0,1,1078600.0,0.3333
MPLADS-001385,3,2719000.0,906333.33,906300.0,906300.0,906400.0,57.74,2024-03-31,2024-08-20,142,71.0,71.0,0.0,15105.56,15106.67,60.0,0.3334,0,0.0,1,0.3333,3,1.0,0,0.0,1,906400.0,0.3334
MPLADS-001386,2,419000.0,209500.0,209500.0,209500.0,209500.0,0.0,2023-09-22,2023-11-06,45,45.0,45.0,0.0,6983.33,6983.33,30.0,0.5,0,0.0,0,0.0,0,0.0,0,0.0,1,209500.0,0.5
MPLADS-001387,3,1681000.0,560333.33,560300.0,560300.0,560400.0,57.74,2023-01-03,2023-04-27,114,57.0,57.0,0.0,11206.67,11208.0,50.0,0.3334,0,0.0,1,0.3333,0,0.0,0,0.0,1,560400.0,0.3334
MPLADS-001388,3,4518000.0,1506000.0,1506000.0,1506000.0,1506000.0,0.0,2023-06-02,2023-10-13,133,66.5,66.5,0.71,25100.0,25100.0,60.0,0.3333,0,0.0,0,0.0,0,0.0,0,0.0,1,1506000.0,0.3333
MPLADS-001389,3,2636000.0,878666.67,878700.0,878600.0,878700.0,57.74,2023-06-26,2023-10-13,109,54.5,54.5,0.71,16475.0,16475.62,53.3,0.3333,0,0.0,0,0.0,0,0.0,0,0.0,1,878600.0,0.3333
MPLADS-001390,2,683000.0,341500.0,341500.0,341500.0,341500.0,0.0,2023-09-19,2023-10-28,39,39.0,39.0,0.0,7588.89,7588.89,45.0,0.5,0,0.0,0,0.0,0,0.0,0,0.0,1,341500.0,0.5
MPLADS-001391,3,10844000.0,3614666.67,3614700.0,3614600.0,3614700.0,57.74,2024-04-11,2025-01-23,287,143.5,143.5,0.71,27110.0,27110.25,133.3,0.3333,0,0.0,0,0.0,0,0.0,0,0.0,1,3614600.0,0.3333
MPLADS-001392,2,614000.0,307000.0,307000.0,307000.0,307000.0,0.0,2022-08-13,2022-10-10,58,58.0,58.0,0.0,6822.22,6822.22,45.0,0.5,0,0.0,0,0.0,0,0.0,0,0.0,1,307000.0,0.5
MPLADS-001393,3,21513000.0,7171000.0,7171000.0,7171000.0,7171000.0,0.0,2023-12-30,2024-09-15,260,130.0,130.0,0.0,53782.5,53782.5,133.3,0.3333,0,0.0,0,0.0,0,0.0,0,0.0,1,7171000.0,0.3333
MPLADS-001394,3,11874000.0,3958000.0,3958000.0,3958000.0,3958000.0,0.0,2023-08-18,2024-05-22,278,139.0,139.0,0.0,29685.0,29685.0,133.3,0.3333,0,0.0,0,0.0,0,0.0,0,0.0,1,3958000.0,0.3333
MPLADS-001395,3,1412000.0,470666.67,470700.0,470600.0,470700.0,57.74,2023-01-08,2023-04-10,92,46.0,46.0,0.0,9413.33,9414.0,50.0,0.3334,0,0.0,0,0.0,3,1.0,0,0.0,1,470600.0,0.3333
MPLADS-001396,2,319000.0,159500.0,159500.0,159500.0,159500.0,0.0,2022-10-03,2023-01-31,120,120.0,120.0,0.0,5316.67,5316.67,30.0,0.5,0,0.0,0,0.0,0,0.0,0,0.0,1,159500.0,0.5
MPLADS-001397,3,1683000.0,561000.0,561000.0,561000.0,561000.0,0.0,2022-11-15,2023-03-15,120,60.0,60.0,0.0,11220.0,11220.0,50.0,0.3333,0,0.0,1,0.3333,0,0.0,0,0.0,1,561000.0,0.3333
MPLADS-001398,3,9287000.0,3095666.67,3095700.0,3095600.0,3095700.0,57.74,2023-03-20,2023-12-11,266,133.0,133.0,0.0,23217.5,23217.75,133.3,0.3333,0,0.0,0,0.0,0,0.0,0,0.0,1,3095600.0,0.3333
MPLADS-001399,3,1770000.0,590000.0,590000.0,590000.0,590000.0,0.0,2022-04-22,2022-07-22,91,45.5,45.5,0.71,14750.0,14750.0,40.0,0.3333,0,0.0,0,0.0,0,0.0,0,0.0,1,590000.0,0.3333
MPLADS-001400,3,3243000.0,1081000.0,1081000.0,1081000.0,1081000.0,0.0,2023-05-21,2023-10-16,148,74.0,74.0,0.0,15442.86,15442.86,70.0,0.3333,0,0.0,0,0.0,3,1.0,0,0.0,1,1081000.0,0.3333
MPLADS-001401,3,6663000.0,2221000.0,2221000.0,2221000.0,2221000.0,0.0,2023-11-21,2024-02-20,91,45.5,45.5,0.71,44420.0,44420.0,50.0,0.3333,0,0.0,0,0.0,0,0.0,0,0.0,1,2221000.0,0.3333
MPLADS-001402,3,2605000.0,868333.33,868300.0,868300.0,868400.0,57.74,2023-01-30,2023-05-16,106,53.0,53.0,0.0,16281.25,16282.5,53.3,0.3334,0,0.0,0,0.0,0,0.0,0,0.0,1,868400.0,0.3334
MPLADS-001403,2,425000.0,212500.0,212500.0,212500.0,212500.0,0.0,2024-02-15,2024-05-15,90,90.0,90.0,0.0,7083.33,7083.33,30.0,0.5,0,0.0,0,0.0,0,0.0,0,0.0,1,212500.0,0.5
MPLADS-001404,2,600000.0,300000.0,300000.0,300000.0,300000.0,0.0,2023-07-21,2023-08-28,38,38.0,38.0,0.0,10000.0,10000.0,30.0,0.5,0,0.0,0,0.0,0,0.0,2,1.0,1,300000.0,0.5
MPLADS-001405,3,1915000.0,638333.33,638300.0,638300.0,638400.0,57.74,2023-12-14,2024-02-28,76,38.0,38.0,0.0,15958.33,15960.0,40.0,0.3334,0,0.0,0,0.0,0,0.0,0,0.0,1,638400.0,0.3334
MPLADS-001406,2,344000.0,172000.0,172000.0,172000.0,172000.0,0.0,2023-04-12,2023-05-26,44,44.0,44.0,0.0,5733.33,5733.33,30.0,0.5,0,0.0,0,0.0,0,0.0,0,0.0,1,172000.0,0.5
MPLADS-001407,2,402000.0,201000.0,201000.0,201000.0,201000.0,0.0,2023-03-23,2023-05-01,39,39.0,39.0,0.0,6700.0,6700.0,30.0,0.5,0,0.0,1,0.5,2,1.0,0,0.0,1,201000.0,0.5
MPLADS-001408,3,11329000.0,3776333.33,3776300.0,3776300.0,3776400.0,57.74,2022-10-30,2023-07-31,274,137.0,137.0,0.0,28322.5,28323.0,133.3,0.3333,0,0.0,1,0.3333,0,0.0,0,0.0,1,3776400.0,0.3333
MPLADS-001409,3,2232000.0,744000.0,744000.0,744000.0,744000.0,0.0,2024-02-12,2024-05-10,88,44.0,44.0,0.0,18600.0,18600.0,40.0,0.3333,0,0.0,0,0.0,0,0.0,0,0.0,1,744000.0,0.3333
MPLADS-001410,2,901000.0,450500.0,450500.0,450500.0,450500.0,0.0,2024-01-26,2024-03-10,44,44.0,44.0,0.0,10011.11,10011.11,45.0,0.5,0,0.0,0,0.0,0,0.0,0,0.0,1,450500.0,0.5
MPLADS-001411,3,1605000.0,535000.0,535000.0,535000.0,535000.0,0.0,2022-12-11,2023-10-27,320,160.0,160.0,0.0,10031.25,10031.25,53.3,0.3333,0,0.0,0,0.0,0,0.0,0,0.0,1,535000.0,0.3333
MPLADS-001412,2,530000.0,265000.0,265000.0,265000.0,265000.0,0.0,2023-10-13,2023-12-10,58,58.0,58.0,0.0,5888.89,5888.89,45.0,0.5,0,0.0,0,0.0,0,0.0,0,0.0,1,265000.0,0.5
MPLADS-001413,2,674000.0,337000.0,337000.0,337000.0,337000.0,0.0,2023-01-18,2023-03-17,58,58.0,58.0,0.0,7488.89,7488.89,45.0,0.5,0,0.0,0,0.0,0,0.0,0,0.0,1,337000.0,0.5
MPLADS-001414,2,729000.0,364500.0,364500.0,364500.0,364500.0,0.0,2023-12-05,2024-02-01,58,58.0,58.0,0.0,8100.0,8100.0,45.0,0.5,0,0.0,0,0.0,2,1.0,0,0.0,1,364500.0,0.5
MPLADS-001415,3,1994000.0,664666.67,664700.0,664600.0,664700.0,57.74,2022-04-22,2022-08-14,114,57.0,57.0,0.0,12462.5,12463.12,53.3,0.3334,0,0.0,0,0.0,0,0.0,0,0.0,1,664600.0,0.3333
MPLADS-001416,2,386000.0,193000.0,193000.0,193000.0,193000.0,0.0,2023-03-05,2023-04-14,40,40.0,40.0,0.0,6433.33,6433.33,30.0,0.5,0,0.0,0,0.0,0,0.0,0,0.0,1,193000.0,0.5
MPLADS-001417,2,602000.0,301000.0,301000.0,301000.0,301000.0,0.0,2022-08-27,2022-10-16,50,50.0,50.0,0.0,6688.89,6688.89,45.0,0.5,0,0.0,0,0.0,0,0.0,0,0.0,1,301000.0,0.5
MPLADS-001418,3,1576000.0,525333.33,525300.0,525300.0,525400.0,57.74,2023-08-15,2023-10-30,76,38.0,38.0,0.0,13133.33,13135.0,40.0,0.3334,0,0.0,0,0.0,0,0.0,0,0.0,1,525400.0,0.3334
MPLADS-001419,3,1345000.0,448333.33,448300.0,448300.0,448400.0,57.74,2022-08-10,2022-11-14,96,48.0,48.0,0.0,11208.33,11210.0,40.0,0.3334,0,0.0,0,0.0,3,1.0,0,0.0,1,448400.0,0.3334
MPLADS-001420,2,417000.0,208500.0,208500.0,208500.0,208500.0,0.0,2023-06-05,2023-07-05,30,30.0,30.0,0.0,6950.0,6950.0,30.0,0.5,0,0.0,0,0.0,2,1.0,0,0.0,1,208500.0,0.5
MPLADS-001421,2,431000.0,215500.0,215500.0,215500.0,215500.0,0.0,2022-08-17,2022-09-13,27,27.0,27.0,0.0,7183.33,7183.33,30.0,0.5,0,0.0,0,0.0,0,0.0,0,0.0,1,215500.0,0.5
MPLADS-001422,3,1681000.0,560333.33,560300.0,560300.0,560400.0,57.74,2024-01-14,2024-04-25,102,51.0,51.0,0.0,11206.67,11208.0,50.0,0.3334,0,0.0,0,0.0,0,0.0,0,0.0,1,560400.0,0.3334
MPLADS-001423,3,3952000.0,1317333.33,1317300.0,1317300.0,1317400.0,57.74,2024-02-09,2024-07-10,152,76.0,76.0,0.0,18819.05,18820.0,70.0,0.3334,0,0.0,0,0.0,3,1.0,0,0.0,1,1317400.0,0.3334
MPLADS-001424,2,345000.0,172500.0,172500.0,172500.0,172500.0,0.0,2022-11-23,2023-01-04,42,42.0,42.0,0.0,5750.0,5750.0,30.0,0.5,0,0.0,0,0.0,0,0.0,0,0.0,1,172500.0,0.5
MPLADS-001425,3,1411000.0,470333.33,470300.0,470300.0,470400.0,57.74,2023-10-19,2024-01-08,81,40.5,40.5,0.71,11758.33,11760.0,40.0,0.3334,0,0.0,0,0.0,0,0.0,0,0.0,1,470400.0,0.3334
MPLADS-001426,3,1832000.0,610666.67,610700.0,610600.0,610700.0,57.74,2023-01-06,2023-04-08,92,46.0,46.0,0.0,12213.33,12214.0,50.0,0.3334,0,0.0,0,0.0,0,0.0,0,0.0,1,610600.0,0.3333
MPLADS-001427,3,1018000.0,339333.33,339300.0,339300.0,339400.0,57.74,2023-10-31,2023-12-27,57,28.5,28.5,0.71,11311.11,11313.33,30.0,0.3334,0,0.0,0,0.0,0,0.0,0,0.0,1,339400.0,0.3334
MPLADS-001428,3,2572000.0,857333.33,857300.0,857300.0,857400.0,57.74,2023-07-31,2023-12-15,137,68.5,68.5,0.71,12247.62,12248.57,70.0,0.3334,0,0.0,0,0.0,0,0.0,0,0.0,1,857400.0,0.3334
MPLADS-001429,2,743000.0,371500.0,371500.0,371500.0,371500.0,0.0,2022-03-25,2022-05-07,43,43.0,43.0,0.0,8255.56,8255.56,45.0,0.5,0,0.0,0,0.0,0,0.0,0,0.0,1,371500.0,0.5
MPLADS-001430,2,506000.0,253000.0,253000.0,253000.0,253000.0,0.0,2022-11-15,2023-01-06,52,52.0,52.0,0.0,5622.22,5622.22,45.0,0.5,0,0.0,0,0.0,0,0.0,0,0.0,1,253000.0,0.5
MPLADS-001431,3,2207000.0,735666.67,735700.0,735600.0,735700.0,57.74,2023-03-19,2023-08-06,140,70.0,70.0,0.0,10509.52,10510.0,70.0,0.3333,0,0.0,0,0.0,0,0.0,0,0.0,1,735600.0,0.3333
MPLADS-001432,2,982000.0,491000.0,491000.0,491000.0,491000.0,0.0,2023-05-09,2023-07-20,72,72.0,72.0,0.0,6546.67,6546.67,75.0,0.5,0,0.0,0,0.0,0,0.0,0,0.0,1,491000.0,0.5
MPLADS-001433,3,1154000.0,384666.67,384700.0,384600.0,384700.0,57.74,2023-08-28,2023-12-13,107,53.5,53.5,0.71,7693.33,7694.0,50.0,0.3334,0,0.0,0,0.0,0,0.0,0,0.0,1,384600.0,0.3333
MPLADS-001434,2,682000.0,341000.0,341000.0,341000.0,341000.0,0.0,2022-09-01,2022-10-12,41,41.0,41.0,0.0,7577.78,7577.78,45.0,0.5,0,0.0,0,0.0,0,0.0,0,0.0,1,341000.0,0.5
MPLADS-001435,2,764000.0,382000.0,382000.0,382000.0,382000.0,0.0,2022-11-16,2022-12-30,44,44.0,44.0,0.0,8488.89,8488.89,45.0,0.5,0,0.0,0,0.0,0,0.0,0,0.0,1,382000.0,0.5
MPLADS-001436,3,1276000.0,425333.33,425300.0,425300.0,425400.0,57.74,2023-10-16,2024-01-09,85,42.5,42.5,0.71,10633.33,10635.0,40.0,0.3334,0,0.0,0,0.0,0,0.0,0,0.0,1,425400.0,0.3334
MPLADS-001437,3,2674000.0,891333.33,891300.0,891300.0,891400.0,57.74,2022-11-14,2022-12-22,38,19.0,19.0,0.0,44566.67,44570.0,20.0,0.3334,0,0.0,0,0.0,0,0.0,0,0.0,1,891400.0,0.3334
MPLADS-001438,3,14882000.0,4960666.67,4960700.0,4960600.0,4960700.0,57.74,2024-01-21,2024-10-17,270,135.0,135.0,0.0,37205.0,37205.25,133.3,0.3333,0,0.0,0,0.0,0,0.0,0,0.0,1,4960600.0,0.3333
MPLADS-001439,3,2021000.0,673666.67,673700.0,673600.0,673700.0,57.74,2024-03-10,2024-07-15,127,63.5,63.5,0.71,11227.78,11228.33,60.0,0.3333,0,0.0,0,0.0,0,0.0,0,0.0,1,673600.0,0.3333
MPLADS-001440,3,2342000.0,780666.67,780700.0,780600.0,780700.0,57.74,2023-12-29,2024-04-26,119,59.5,59.5,0.71,13011.11,13011.67,60.0,0.3333,0,0.0,0,0.0,3,1.0,0,0.0,1,780600.0,0.3333
MPLADS-001441,3,1535000.0,511666.67,511700.0,511600.0,511700.0,57.74,2023-06-14,2023-09-30,108,54.0,54.0,0.0,10233.33,10234.0,50.0,0.3334,0,0.0,0,0.0,0,0.0,0,0.0,1,511600.0,0.3333
MPLADS-001442,3,1668000.0,556000.0,556000.0,556000.0,556000.0,0.0,2023-08-05,2023-11-03,90,45.0,45.0,0.0,11120.0,11120.0,50.0,0.3333,0,0.0,0,0.0,0,0.0,0,0.0,1,556000.0,0.3333
MPLADS-001443,2,511000.0,255500.0,255500.0,255500.0,255500.0,0.0,2023-08-12,2023-09-16,35,35.0,35.0,0.0,8516.67,8516.67,30.0,0.5,0,0.0,0,0.0,0,0.0,0,0.0,1,255500.0,0.5
MPLADS-001444,3,9920000.0,3306666.67,3306700.0,3306600.0,3306700.0,57.74,2022-11-19,2023-03-08,109,54.5,54.5,0.71,62000.0,62000.62,53.3,0.3333,0,0.0,0,0.0,0,0.0,0,0.0,1,3306600.0,0.3333
MPLADS-001445,3,1359000.0,453000.0,453000.0,453000.0,453000.0,0.0,2023-06-30,2024-02-25,240,120.0,120.0,0.0,11325.0,11325.0,40.0,0.3333,0,0.0,0,0.0,0,0.0,0,0.0,1,453000.0,0.3333
MPLADS-001446,3,2083000.0,694333.33,694300.0,694300.0,694400.0,57.74,2024-01-18,2024-04-15,88,44.0,44.0,0.0,17358.33,17360.0,40.0,0.3334,0,0.0,0,0.0,0,0.0,0,0.0,1,694400.0,0.3334
MPLADS-001447,2,989000.0,494500.0,494500.0,494500.0,494500.0,0.0,2022-10-24,2022-12-23,60,60.0,60.0,0.0,10988.89,10988.89,45.0,0.5,0,0.0,0,0.0,2,1.0,0,0.0,1,494500.0,0.5
MPLADS-001448,3,9625000.0,3208333.33,3208300.0,3208300.0,3208400.0,57.74,2023-04-30,2023-08-20,112,56.0,56.0,0.0,60156.25,60157.5,53.3,0.3333,0,0.0,0,0.0,0,0.0,0,0.0,1,3208400.0,0.3333
MPLADS-001449,3,2398000.0,799333.33,799300.0,799300.0,799400.0,57.74,2023-06-28,2023-10-06,100,50.0,50.0,0.0,19983.33,19985.0,40.0,0.3334,0,0.0,0,0.0,0,0.0,0,0.0,1,799400.0,0.3334
MPLADS-001450,3,1811000.0,603666.67,603700.0,603600.0,603700.0,57.74,2023-10-04,2024-01-20,108,54.0,54.0,0.0,11318.75,11319.38,53.3,0.3334,0,0.0,0,0.0,0,0.0,0,0.0,1,603600.0,0.3333
MPLADS-001451,3,2070000.0,690000.0,690000.0,690000.0,690000.0,0.0,2022-09-17,2023-02-05,141,70.5,70.5,0.71,11500.0,11500.0,60.0,0.3333,0,0.0,0,0.0,0,0.0,0,0.0,1,690000.0,0.3333
MPLADS-001452,3,2371000.0,790333.33,790300.0,790300.0,790400.0,57.74,2022-07-17,2022-11-30,136,68.0,68.0,0.0,13172.22,13173.33,60.0,0.3334,0,0.0,0,0.0,0,0.0,0,0.0,1,790400.0,0.3334
MPLADS-001453,3,3052000.0,1017333.33,1017300.0,1017300.0,1017400.0,57.74,2023-06-23,2023-11-18,148,74.0,74.0,0.0,14533.34,14534.29,70.0,0.3334,0,0.0,0,0.0,0,0.0,0,0.0,1,1017400.0,0.3334
MPLADS-001454,2,725000.0,362500.0,362500.0,362500.0,362500.0,0.0,2023-10-25,2023-12-24,60,60.0,60.0,0.0,8055.56,8055.56,45.0,0.5,0,0.0,0,0.0,0,0.0,0,0.0,1,362500.0,0.5
MPLADS-001455,2,404000.0,202000.0,202000.0,202000.0,202000.0,0.0,2022-09-12,2022-10-05,23,23.0,23.0,0.0,6733.33,6733.33,30.0,0.5,0,0.0,0,0.0,0,0.0,0,0.0,1,202000.0,0.5
MPLADS-001456,3,12872000.0,4290666.67,4290700.0,4290600.0,4290700.0,57.74,2022-12-15,2023-08-31,259,129.5,129.5,0.71,32180.0,32180.25,133.3,0.3333,0,0.0,0,0.0,0,0.0,0,0.0,1,4290600.0,0.3333
MPLADS-001457,3,3332000.0,1110666.67,1110700.0,1110600.0,1110700.0,57.74,2024-03-08,2024-07-24,138,69.0,69.0,0.0,15866.66,15867.14,70.0,0.3333,0,0.0,0,0.0,0,0.0,0,0.0,1,1110600.0,0.3333
MPLADS-001458,3,2584000.0,861333.33,861300.0,861300.0,861400.0,57.74,2023-10-30,2023-12-27,58,29.0,29.0,0.0,43066.67,43070.0,20.0,0.3334,0,0.0,0,0.0,0,0.0,0,0.0,1,861400.0,0.3334
MPLADS-001459,3,2361000.0,787000.0,787000.0,787000.0,787000.0,0.0,2023-08-23,2023-12-30,129,64.5,64.5,0.71,14756.25,14756.25,53.3,0.3333,0,0.0,0,0.0,0,0.0,0,0.0,1,787000.0,0.3333
MPLADS-001460,2,369000.0,184500.0,184500.0,184500.0,184500.0,0.0,2023-05-21,2023-06-16,26,26.0,26.0,0.0,6150.0,6150.0,30.0,0.5,0,0.0,0,0.0,0,0.0,0,0.0,1,184500.0,0.5
MPLADS-001461,3,1099000.0,366333.33,366300.0,366300.0,366400.0,57.74,2023-12-04,2024-03-18,105,52.5,52.5,0.71,7326.67,7328.0,50.0,0.3334,0,0.0,0,0.0,3,1.0,0,0.0,1,366400.0,0.3334
MPLADS-001462,3,1814000.0,604666.67,604700.0,604600.0,604700.0,57.74,2024-01-28,2024-05-11,104,52.0,52.0,0.0,12093.33,12094.0,50.0,0.3334,0,0.0,0,0.0,0,0.0,0,0.0,1,604600.0,0.3333
MPLADS-001463,3,2512000.0,837333.33,837300.0,837300.0,837400.0,57.74,2023-05-01,2023-08-25,116,58.0,58.0,0.0,15700.0,15701.25,53.3,0.3334,0,0.0,0,0.0,0,0.0,0,0.0,1,837400.0,0.3334
MPLADS-001464,3,1681000.0,560333.33,560300.0,560300.0,560400.0,57.74,2023-10-15,2024-02-05,113,56.5,56.5,0.71,11206.67,11208.0,50.0,0.3334,0,0.0,0,0.0,0,0.0,0,0.0,1,560400.0,0.3334
MPLADS-001465,3,8766000.0,2922000.0,2922000.0,2922000.0,2922000.0,0.0,2022-06-20,2023-03-16,269,134.5,134.5,0.71,21915.0,21915.0,133.3,0.3333,0,0.0,0,0.0,0,0.0,0,0.0,1,2922000.0,0.3333
MPLADS-001466,2,876000.0,438000.0,438000.0,438000.0,438000.0,0.0,2023-06-02,2023-08-13,72,72.0,72.0,0.0,7300.0,7300.0,60.0,0.5,0,0.0,0,0.0,0,0.0,0,0.0,1,438000.0,0.5
MPLADS-001467,3,1472000.0,490666.67,490700.0,490600.0,490700.0,57.74,2022-05-20,2022-08-24,96,48.0,48.0,0.0,9813.33,9814.0,50.0,0.3334,0,0.0,0,0.0,0,0.0,0,0.0,1,490600.0,0.3333
MPLADS-001468,3,2871000.0,957000.0,957000.0,957000.0,957000.0,0.0,2023-11-07,2024-03-02,116,58.0,58.0,0.0,15950.0,15950.0,60.0,0.3333,0,0.0,0,0.0,0,0.0,0,0.0,1,957000.0,0.3333
MPLADS-001469,3,14962000.0,4987333.33,4987300.0,4987300.0,4987400.0,57.74,2023-10-30,2024-08-11,286,143.0,143.0,0.0,37405.0,37405.5,133.3,0.3333,0,0.0,0,0.0,0,0.0,0,0.0,1,4987400.0,0.3333
MPLADS-001470,2,952000.0,476000.0,476000.0,476000.0,476000.0,0.0,2022-10-07,2022-11-08,32,32.0,32.0,0.0,15866.67,15866.67,30.0,0.5,0,0.0,0,0.0,0,0.0,0,0.0,1,476000.0,0.5
MPLADS-001471,2,574000.0,287000.0,287000.0,287000.0,287000.0,0.0,2022-04-13,2022-05-26,43,43.0,43.0,0.0,9566.67,9566.67,30.0,0.5,0,0.0,0,0.0,0,0.0,0,0.0,1,287000.0,0.5
MPLADS-001472,3,3955000.0,1318333.33,1318300.0,1318300.0,1318400.0,57.74,2023-07-18,2023-12-02,137,68.5,68.5,0.71,18833.34,18834.29,70.0,0.3334,0,0.0,0,0.0,0,0.0,0,0.0,1,1318400.0,0.3334
MPLADS-001473,3,3510000.0,1170000.0,1170000.0,1170000.0,1170000.0,0.0,2024-01-02,2024-05-22,141,70.5,70.5,0.71,16714.29,16714.29,70.0,0.3333,0,0.0,0,0.0,0,0.0,0,0.0,1,1170000.0,0.3333
MPLADS-001474,2,775000.0,387500.0,387500.0,387500.0,387500.0,0.0,2023-07-22,2023-09-11,51,51.0,51.0,0.0,8611.11,8611.11,45.0,0.5,0,0.0,0,0.0,0,0.0,0,0.0,1,387500.0,0.5
MPLADS-001475,3,1859000.0,619666.67,619700.0,619600.0,619700.0,57.74,2024-01-21,2024-04-24,94,47.0,47.0,0.0,15491.67,15492.5,40.0,0.3334,0,0.0,0,0.0,0,0.0,0,0.0,1,619600.0,0.3333
MPLADS-001476,3,2488000.0,829333.33,829300.0,829300.0,829400.0,57.74,2022-09-06,2023-01-23,139,69.5,69.5,0.71,13822.22,13823.33,60.0,0.3334,0,0.0,0,0.0,0,0.0,0,0.0,1,829400.0,0.3334
MPLADS-001477,3,2586000.0,862000.0,862000.0,862000.0,862000.0,0.0,2023-05-12,2023-09-07,118,59.0,59.0,0.0,14366.67,14366.67,60.0,0.3333,0,0.0,0,0.0,0,0.0,0,0.0,1,862000.0,0.3333
MPLADS-001478,3,7679000.0,2559666.67,2559700.0,2559600.0,2559700.0,57.74,2023-02-17,2023-05-20,92,46.0,46.0,0.0,51193.33,51194.0,50.0,0.3333,0,0.0,0,0.0,0,0.0,0,0.0,1,2559600.0,0.3333
MPLADS-001479,3,1708000.0,569333.33,569300.0,569300.0,569400.0,57.74,2024-01-23,2024-05-27,125,62.5,62.5,0.71,10675.0,10676.25,53.3,0.3334,0,0.0,0,0.0,0,0.0,0,0.0,1,569400.0,0.3334
MPLADS-001480,3,2336000.0,778666.67,778700.0,778600.0,778700.0,57.74,2022-11-16,2023-01-26,71,35.5,35.5,0.71,19466.67,19467.5,40.0,0.3333,0,0.0,0,0.0,0,0.0,0,0.0,1,778600.0,0.3333
MPLADS-001481,3,2801000.0,933666.67,933700.0,933600.0,933700.0,57.74,2023-01-12,2023-04-20,98,49.0,49.0,0.0,17506.25,17506.88,53.3,0.3333,0,0.0,0,0.0,0,0.0,0,0.0,1,933600.0,0.3333
MPLADS-001482,3,2614000.0,871333.33,871300.0,871300.0,871400.0,57.74,2023-08-22,2024-10-15,420,210.0,210.0,0.0,12447.62,12448.57,70.0,0.3334,0,0.0,0,0.0,0,0.0,0,0.0,1,871400.0,0.3334
MPLADS-001483,3,1886000.0,628666.67,628700.0,628600.0,628700.0,57.74,2024-01-30,2024-04-15,76,38.0,38.0,0.0,15716.67,15717.5,40.0,0.3334,0,0.0,0,0.0,0,0.0,0,0.0,1,628600.0,0.3333
MPLADS-001484,3,1777000.0,592333.33,592300.0,592300.0,592400.0,57.74,2022-07-04,2022-09-22,80,40.0,40.0,0.0,14808.33,14810.0,40.0,0.3334,0,0.0,0,0.0,3,1.0,0,0.0,1,592400.0,0.3334
MPLADS-001485,2,784000.0,392000.0,392000.0,392000.0,392000.0,0.0,2023-09-30,2023-11-25,56,56.0,56.0,0.0,8711.11,8711.11,45.0,0.5,0,0.0,0,0.0,0,0.0,0,0.0,1,392000.0,0.5
MPLADS-001486,3,2234000.0,744666.67,744700.0,744600.0,744700.0,57.74,2023-07-04,2023-10-20,108,54.0,54.0,0.0,13962.5,13963.12,53.3,0.3333,0,0.0,0,0.0,0,0.0,0,0.0,1,744600.0,0.3333
MPLADS-001487,2,449000.0,224500.0,224500.0,224500.0,224500.0,0.0,2023-01-19,2023-03-06,46,46.0,46.0,0.0,7483.33,7483.33,30.0,0.5,0,0.0,0,0.0,0,0.0,0,0.0,1,224500.0,0.5
MPLADS-001488,3,1323000.0,441000.0,441000.0,441000.0,441000.0,0.0,2024-01-02,2024-04-25,114,57.0,57.0,0.0,8820.0,8820.0,50.0,0.3333,0,0.0,0,0.0,0,0.0,0,0.0,1,441000.0,0.3333
MPLADS-001489,3,1367000.0,455666.67,455700.0,455600.0,455700.0,57.74,2023-11-21,2024-03-09,109,54.5,54.5,0.71,9113.33,9114.0,50.0,0.3334,0,0.0,0,0.0,0,0.0,0,0.0,1,455600.0,0.3333
MPLADS-001490,3,2554000.0,851333.33,851300.0,851300.0,851400.0,57.74,2023-09-18,2024-09-12,360,180.0,180.0,0.0,14188.89,14190.0,60.0,0.3334,0,0.0,0,0.0,0,0.0,0,0.0,1,851400.0,0.3334
MPLADS-001491,2,510000.0,255000.0,255000.0,255000.0,255000.0,0.0,2023-09-29,2023-11-09,41,41.0,41.0,0.0,8500.0,8500.0,30.0,0.5,0,0.0,0,0.0,0,0.0,0,0.0,1,255000.0,0.5
MPLADS-001492,3,2314000.0,771333.33,771300.0,771300.0,771400.0,57.74,2023-10-28,2024-03-09,133,66.5,66.5,0.71,11019.05,11020.0,70.0,0.3334,0,0.0,0,0.0,0,0.0,0,0.0,1,771400.0,0.3334
MPLADS-001493,3,3084000.0,1028000.0,1028000.0,1028000.0,1028000.0,0.0,2022-10-19,2023-03-01,133,66.5,66.5,0.71,14685.71,14685.71,70.0,0.3333,0,0.0,0,0.0,3,1.0,0,0.0,1,1028000.0,0.3333
MPLADS-001494,3,3542000.0,1180666.67,1180700.0,1180600.0,1180700.0,57.74,2022-10-11,2023-03-11,151,75.5,75.5,0.71,16866.66,16867.14,70.0,0.3333,0,0.0,0,0.0,0,0.0,0,0.0,1,1180600.0,0.3333
MPLADS-001495,3,10972000.0,3657333.33,3657300.0,3657300.0,3657400.0,57.74,2023-02-14,2023-11-23,282,141.0,141.0,0.0,27430.0,27430.5,133.3,0.3333,0,0.0,0,0.0,0,0.0,0,0.0,1,3657400.0,0.3333
MPLADS-001496,2,592000.0,296000.0,296000.0,296000.0,296000.0,0.0,2023-10-24,2023-12-13,50,50.0,50.0,0.0,6577.78,6577.78,45.0,0.5,0,0.0,0,0.0,0,0.0,0,0.0,1,296000.0,0.5
MPLADS-001497,3,3676000.0,1225333.33,1225300.0,1225300.0,1225400.0,57.74,2022-05-07,2022-09-22,138,69.0,69.0,0.0,17504.76,17505.71,70.0,0.3334,0,0.0,0,0.0,0,0.0,0,0.0,1,1225400.0,0.3334
MPLADS-001498,2,556000.0,278000.0,278000.0,278000.0,278000.0,0.0,2022-11-06,2022-12-06,30,30.0,30.0,0.0,9266.67,9266.67,30.0,0.5,0,0.0,0,0.0,0,0.0,0,0.0,1,278000.0,0.5
MPLADS-001499,3,15698000.0,5232666.67,5232700.0,5232600.0,5232700.0,57.74,2022-11-22,2023-08-23,274,137.0,137.0,0.0,39245.0,39245.25,133.3,0.3333,0,0.0,0,0.0,0,0.0,0,0.0,1,5232600.0,0.3333
MPLADS-001500,3,1508000.0,502666.67,502700.0,502600.0,502700.0,57.74,2022-05-16,2022-09-03,110,55.0,55.0,0.0,10053.33,10054.0,50.0,0.3334,0,0.0,0,0.0,3,1.0,0,0.0,1,502600.0,0.3333
MPLADS-001501,3,11848000.0,3949333.33,3949300.0,3949300.0,3949400.0,57.74,2024-03-10,2024-12-02,267,133.5,133.5,0.71,29620.0,29620.5,133.3,0.3333,0,0.0,1,0.3333,0,0.0,0,0.0,1,3949400.0,0.3333
MPLADS-001502,3,3190000.0,1063333.33,1063300.0,1063300.0,1063400.0,57.74,2022-08-02,2023-01-09,160,80.0,80.0,0.0,15190.48,15191.43,70.0,0.3334,0,0.0,0,0.0,0,0.0,0,0.0,1,1063400.0,0.3334
MPLADS-001503,3,1683000.0,561000.0,561000.0,561000.0,561000.0,0.0,2022-07-02,2022-09-18,78,39.0,39.0,0.0,14025.0,14025.0,40.0,0.3333,0,0.0,0,0.0,0,0.0,0,0.0,1,561000.0,0.3333
MPLADS-001504,3,1710000.0,570000.0,570000.0,570000.0,570000.0,0.0,2022-09-11,2022-12-19,99,49.5,49.5,0.71,11400.0,11400.0,50.0,0.3333,0,0.0,0,0.0,0,0.0,0,0.0,1,570000.0,0.3333
MPLADS-001505,3,1769000.0,589666.67,589700.0,589600.0,589700.0,57.74,2023-03-28,2023-06-28,92,46.0,46.0,0.0,11793.33,11794.0,50.0,0.3334,0,0.0,0,0.0,0,0.0,0,0.0,1,589600.0,0.3333
MPLADS-001506,3,2418000.0,806000.0,806000.0,806000.0,806000.0,0.0,2022-08-19,2022-11-09,82,41.0,41.0,0.0,20150.0,20150.0,40.0,0.3333,0,0.0,0,0.0,0,0.0,0,0.0,1,806000.0,0.3333
MPLADS-001507,2,913000.0,456500.0,456500.0,456500.0,456500.0,0.0,2022-12-08,2023-03-25,107,107.0,107.0,0.0,5072.22,5072.22,90.0,0.5,0,0.0,0,0.0,0,0.0,0,0.0,1,456500.0,0.5
MPLADS-001508,3,2891000.0,963666.67,963700.0,963600.0,963700.0,57.74,2022-05-11,2022-10-08,150,75.0,75.0,0.0,13766.66,13767.14,70.0,0.3333,0,0.0,0,0.0,0,0.0,0,0.0,1,963600.0,0.3333
MPLADS-001509,2,996000.0,498000.0,498000.0,498000.0,498000.0,0.0,2023-02-22,2023-05-17,84,84.0,84.0,0.0,5533.33,5533.33,90.0,0.5,0,0.0,0,0.0,0,0.0,0,0.0,1,498000.0,0.5
MPLADS-001510,3,2575000.0,858333.33,858300.0,858300.0,858400.0,57.74,2023-12-29,2024-04-06,99,49.5,49.5,0.71,16093.75,16095.0,53.3,0.3334,0,0.0,0,0.0,0,0.0,0,0.0,1,858400.0,0.3334
MPLADS-001511,3,9794000.0,3264666.67,3264700.0,3264600.0,3264700.0,57.74,2022-08-01,2022-12-03,124,62.0,62.0,0.0,61212.5,61213.12,53.3,0.3333,0,0.0,0,0.0,0,0.0,0,0.0,1,3264600.0,0.3333
MPLADS-001512,2,871000.0,435500.0,435500.0,435500.0,435500.0,0.0,2023-07-21,2023-09-01,42,42.0,42.0,0.0,9677.78,9677.78,45.0,0.5,0,0.0,0,0.0,0,0.0,0,0.0,1,435500.0,0.5
MPLADS-001513,2,639000.0,319500.0,319500.0,319500.0,319500.0,0.0,2022-04-08,2022-05-31,53,53.0,53.0,0.0,7100.0,7100.0,45.0,0.5,0,0.0,0,0.0,0,0.0,0,0.0,1,319500.0,0.5
MPLADS-001514,3,3022000.0,1007333.33,1007300.0,1007300.0,1007400.0,57.74,2024-08-08,2025-12-01,480,240.0,240.0,0.0,16788.89,16790.0,60.0,0.3334,0,0.0,0,0.0,0,0.0,0,0.0,1,1007400.0,0.3334
MPLADS-001515,3,3512000.0,1170666.67,1170700.0,1170600.0,1170700.0,57.74,2023-11-04,2024-03-13,130,65.0,65.0,0.0,16723.81,16724.29,70.0,0.3333,0,0.0,0,0.0,0,0.0,0,0.0,1,1170600.0,0.3333
MPLADS-001516,3,1844000.0,614666.67,614700.0,614600.0,614700.0,57.74,2023-06-16,2023-09-20,96,48.0,48.0,0.0,15366.67,15367.5,40.0,0.3334,0,0.0,0,0.0,0,0.0,0,0.0,1,614600.0,0.3333
MPLADS-001517,3,3289000.0,1096333.33,1096300.0,1096300.0,1096400.0,57.74,2023-07-20,2023-12-23,156,78.0,78.0,0.0,15661.91,15662.86,70.0,0.3334,0,0.0,0,0.0,0,0.0,0,0.0,1,1096400.0,0.3334
MPLADS-001518,3,1898000.0,632666.67,632700.0,632600.0,632700.0,57.74,2023-09-22,2023-12-13,82,41.0,41.0,0.0,15816.67,15817.5,40.0,0.3334,0,0.0,0,0.0,0,0.0,0,0.0,1,632600.0,0.3333
MPLADS-001519,3,11819000.0,3939666.67,3939700.0,3939600.0,3939700.0,57.74,2023-11-26,2024-04-01,127,63.5,63.5,0.71,65661.11,65661.67,60.0,0.3333,0,0.0,0,0.0,0,0.0,0,0.0,1,3939600.0,0.3333
MPLADS-001520,3,2171000.0,723666.67,723700.0,723600.0,723700.0,57.74,2023-04-14,2023-09-13,152,76.0,76.0,0.0,10338.09,10338.57,70.0,0.3333,0,0.0,0,0.0,0,0.0,0,0.0,1,723600.0,0.3333
MPLADS-001521,3,15736000.0,5245333.33,5245300.0,5245300.0,5245400.0,57.74,2022-11-08,2023-07-25,259,129.5,129.5,0.71,39340.0,39340.5,133.3,0.3333,0,0.0,0,0.0,0,0.0,0,0.0,1,5245400.0,0.3333
MPLADS-001522,3,1994000.0,664666.67,664700.0,664600.0,664700.0,57.74,2023-03-23,2023-07-04,103,51.5,51.5,0.71,16616.67,16617.5,40.0,0.3334,0,0.0,0,0.0,0,0.0,0,0.0,1,664600.0,0.3333
MPLADS-001523,2,346000.0,173000.0,173000.0,173000.0,173000.0,0.0,2023-08-26,2023-09-24,29,29.0,29.0,0.0,5766.67,5766.67,30.0,0.5,0,0.0,0,0.0,0,0.0,0,0.0,1,173000.0,0.5
MPLADS-001524,3,1596000.0,532000.0,532000.0,532000.0,532000.0,0.0,2022-06-24,2022-09-22,90,45.0,45.0,0.0,13300.0,13300.0,40.0,0.3333,0,0.0,0,0.0,0,0.0,0,0.0,1,532000.0,0.3333
MPLADS-001525,3,3040000.0,1013333.33,1013300.0,1013300.0,1013400.0,57.74,2022-08-30,2023-01-10,133,66.5,66.5,0.71,16888.89,16890.0,60.0,0.3334,0,0.0,0,0.0,0,0.0,0,0.0,1,1013400.0,0.3334
MPLADS-001526,3,16347000.0,5449000.0,5449000.0,5449000.0,5449000.0,0.0,2024-04-08,2025-01-01,268,134.0,134.0,0.0,40867.5,40867.5,133.3,0.3333,0,0.0,0,0.0,0,0.0,0,0.0,1,5449000.0,0.3333
MPLADS-001527,3,11140000.0,3713333.33,3713300.0,3713300.0,3713400.0,57.74,2023-03-27,2023-12-14,262,131.0,131.0,0.0,27850.0,27850.5,133.3,0.3333,0,0.0,0,0.0,0,0.0,0,0.0,1,3713400.0,0.3333
MPLADS-001528,3,11956000.0,3985333.33,3985300.0,3985300.0,3985400.0,57.74,2023-07-07,2024-03-22,259,129.5,129.5,0.71,29890.0,29890.5,133.3,0.3333,0,0.0,1,0.3333,0,0.0,0,0.0,1,3985400.0,0.3333
MPLADS-001529,3,2067000.0,689000.0,689000.0,689000.0,689000.0,0.0,2022-07-17,2022-11-08,114,57.0,57.0,0.0,12918.75,12918.75,53.3,0.3333,0,0.0,0,0.0,0,0.0,0,0.0,1,689000.0,0.3333
MPLADS-001530,2,649000.0,324500.0,324500.0,324500.0,324500.0,0.0,2022-11-28,2023-01-19,52,52.0,52.0,0.0,7211.11,7211.11,45.0,0.5,0,0.0,0,0.0,0,0.0,0,0.0,1,324500.0,0.5
MPLADS-001531,3,2964000.0,988000.0,988000.0,988000.0,988000.0,0.0,2024-01-23,2024-06-03,132,66.0,66.0,0.0,14114.29,14114.29,70.0,0.3333,0,0.0,0,0.0,0,0.0,0,0.0,1,988000.0,0.3333
MPLADS-001532,3,2601000.0,867000.0,867000.0,867000.0,867000.0,0.0,2024-01-16,2024-04-25,100,50.0,50.0,0.0,16256.25,16256.25,53.3,0.3333,0,0.0,0,0.0,0,0.0,0,0.0,1,867000.0,0.3333
MPLADS-001533,3,3122000.0,1040666.67,1040700.0,1040600.0,1040700.0,57.74,2023-05-13,2023-10-02,142,71.0,71.0,0.0,17344.44,17345.0,60.0,0.3333,0,0.0,0,0.0,0,0.0,0,0.0,1,1040600.0,0.3333
MPLADS-001534,2,609000.0,304500.0,304500.0,304500.0,304500.0,0.0,2023-08-30,2023-10-08,39,39.0,39.0,0.0,10150.0,10150.0,30.0,0.5,0,0.0,0,0.0,0,0.0,0,0.0,1,304500.0,0.5
MPLADS-001535,3,2946000.0,982000.0,982000.0,982000.0,982000.0,0.0,2022-05-21,2022-10-08,140,70.0,70.0,0.0,14028.57,14028.57,70.0,0.3333,0,0.0,0,0.0,3,1.0,0,0.0,1,982000.0,0.3333
MPLADS-001536,3,1856000.0,618666.67,618700.0,618600.0,618700.0,57.74,2023-01-03,2023-04-06,93,46.5,46.5,0.71,15466.67,15467.5,40.0,0.3334,0,0.0,0,0.0,0,0.0,0,0.0,1,618600.0,0.3333
MPLADS-001537,3,1852000.0,617333.33,617300.0,617300.0,617400.0,57.74,2023-07-01,2023-10-23,114,57.0,57.0,0.0,12346.67,12348.0,50.0,0.3334,0,0.0,0,0.0,0,0.0,0,0.0,1,617400.0,0.3334
MPLADS-001538,2,600000.0,300000.0,300000.0,300000.0,300000.0,0.0,2022-08-29,2022-10-02,34,34.0,34.0,0.0,10000.0,10000.0,30.0,0.5,0,0.0,0,0.0,0,0.0,2,1.0,1,300000.0,0.5
MPLADS-001539,3,8858000.0,2952666.67,2952700.0,2952600.0,2952700.0,57.74,2023-01-07,2023-04-16,99,49.5,49.5,0.71,73816.67,73817.5,40.0,0.3333,0,0.0,0,0.0,0,0.0,0,0.0,1,2952600.0,0.3333
MPLADS-001540,2,436000.0,218000.0,218000.0,218000.0,218000.0,0.0,2023-02-04,2023-03-02,26,26.0,26.0,0.0,7266.67,7266.67,30.0,0.5,0,0.0,1,0.5,0,0.0,0,0.0,1,218000.0,0.5
MPLADS-001541,3,2332000.0,777333.33,777300.0,777300.0,777400.0,57.74,2022-12-24,2023-05-13,140,70.0,70.0,0.0,11104.76,11105.71,70.0,0.3334,0,0.0,0,0.0,0,0.0,0,0.0,1,777400.0,0.3334
MPLADS-001542,3,2548000.0,849333.33,849300.0,849300.0,849400.0,57.74,2023-01-02,2023-06-05,154,77.0,77.0,0.0,12133.34,12134.29,70.0,0.3334,0,0.0,0,0.0,0,0.0,0,0.0,1,849400.0,0.3334
MPLADS-001543,3,2930000.0,976666.67,976700.0,976600.0,976700.0,57.74,2023-04-04,2023-07-24,111,55.5,55.5,0.71,16277.78,16278.33,60.0,0.3333,0,0.0,0,0.0,0,0.0,0,0.0,1,976600.0,0.3333
MPLADS-001544,3,10329000.0,3443000.0,3443000.0,3443000.0,3443000.0,0.0,2022-09-25,2023-06-30,278,139.0,139.0,0.0,25822.5,25822.5,133.3,0.3333,0,0.0,0,0.0,0,0.0,0,0.0,1,3443000.0,0.3333
MPLADS-001545,3,1734000.0,578000.0,578000.0,578000.0,578000.0,0.0,2023-02-28,2023-06-02,94,47.0,47.0,0.0,11560.0,11560.0,50.0,0.3333,0,0.0,0,0.0,0,0.0,0,0.0,1,578000.0,0.3333
MPLADS-001546,3,1699000.0,566333.33,566300.0,566300.0,566400.0,57.74,2024-01-30,2024-04-30,91,45.5,45.5,0.71,14158.33,14160.0,40.0,0.3334,0,0.0,0,0.0,0,0.0,0,0.0,1,566400.0,0.3334
MPLADS-001547,3,1953000.0,651000.0,651000.0,651000.0,651000.0,0.0,2022-09-23,2022-12-30,98,49.0,49.0,0.0,16275.0,16275.0,40.0,0.3333,0,0.0,0,0.0,0,0.0,0,0.0,1,651000.0,0.3333
MPLADS-001548,3,2251000.0,750333.33,750300.0,750300.0,750400.0,57.74,2023-04-27,2023-07-19,83,41.5,41.5,0.71,18758.33,18760.0,40.0,0.3334,0,0.0,0,0.0,0,0.0,0,0.0,1,750400.0,0.3334
MPLADS-001549,3,2829000.0,943000.0,943000.0,943000.0,943000.0,0.0,2023-03-24,2023-07-08,106,53.0,53.0,0.0,17681.25,17681.25,53.3,0.3333,0,0.0,0,0.0,0,0.0,0,0.0,1,943000.0,0.3333
MPLADS-001550,3,2515000.0,838333.33,838300.0,838300.0,838400.0,57.74,2023-10-14,2024-02-08,117,58.5,58.5,0.71,13972.22,13973.33,60.0,0.3334,0,0.0,0,0.0,0,0.0,0,0.0,1,838400.0,0.3334
MPLADS-001551,3,1686000.0,562000.0,562000.0,562000.0,562000.0,0.0,2023-04-12,2024-02-06,300,150.0,150.0,0.0,11240.0,11240.0,50.0,0.3333,0,0.0,0,0.0,0,0.0,0,0.0,1,562000.0,0.3333
MPLADS-001552,2,513000.0,256500.0,256500.0,256500.0,256500.0,0.0,2022-12-03,2023-01-21,49,49.0,49.0,0.0,5700.0,5700.0,45.0,0.5,0,0.0,0,0.0,0,0.0,0,0.0,1,256500.0,0.5
MPLADS-001553,3,10176000.0,3392000.0,3392000.0,3392000.0,3392000.0,0.0,2024-02-14,2024-10-31,260,130.0,130.0,0.0,25440.0,25440.0,133.3,0.3333,0,0.0,0,0.0,0,0.0,0,0.0,1,3392000.0,0.3333
MPLADS-001554,3,37648000.0,12549333.33,12549300.0,12549300.0,12549400.0,57.74,2024-02-16,2024-11-08,266,133.0,133.0,0.0,94120.0,94120.5,133.3,0.3333,0,0.0,0,0.0,0,0.0,0,0.0,1,12549400.0,0.3333
MPLADS-001555,2,675000.0,337500.0,337500.0,337500.0,337500.0,0.0,2022-06-18,2022-07-18,30,30.0,30.0,0.0,11250.0,11250.0,30.0,0.5,0,0.0,0,0.0,0,0.0,0,0.0,1,337500.0,0.5
MPLADS-001556,2,468000.0,234000.0,234000.0,234000.0,234000.0,0.0,2023-03-11,2023-04-26,46,46.0,46.0,0.0,7800.0,7800.0,30.0,0.5,0,0.0,0,0.0,0,0.0,0,0.0,1,234000.0,0.5
MPLADS-001557,3,1783000.0,594333.33,594300.0,594300.0,594400.0,57.74,2023-02-02,2023-05-27,114,57.0,57.0,0.0,9905.56,9906.67,60.0,0.3334,0,0.0,0,0.0,0,0.0,0,0.0,1,594400.0,0.3334
MPLADS-001558,3,2365000.0,788333.33,788300.0,788300.0,788400.0,57.74,2023-08-23,2023-12-11,110,55.0,55.0,0.0,13138.89,13140.0,60.0,0.3334,0,0.0,0,0.0,0,0.0,0,0.0,1,788400.0,0.3334
MPLADS-001559,3,12886000.0,4295333.33,4295300.0,4295300.0,4295400.0,57.74,2022-09-09,2023-06-06,270,135.0,135.0,0.0,32215.0,32215.5,133.3,0.3333,0,0.0,0,0.0,0,0.0,0,0.0,1,4295400.0,0.3333
MPLADS-001560,2,940000.0,470000.0,470000.0,470000.0,470000.0,0.0,2023-12-03,2024-01-29,57,57.0,57.0,0.0,10444.44,10444.44,45.0,0.5,0,0.0,0,0.0,0,0.0,0,0.0,1,470000.0,0.5
MPLADS-001561,3,1564000.0,521333.33,521300.0,521300.0,521400.0,57.74,2023-11-26,2024-03-29,124,62.0,62.0,0.0,8688.89,8690.0,60.0,0.3334,0,0.0,1,0.3333,0,0.0,0,0.0,1,521400.0,0.3334
MPLADS-001562,2,726000.0,363000.0,363000.0,363000.0,363000.0,0.0,2024-03-12,2024-04-30,49,49.0,49.0,0.0,8066.67,8066.67,45.0,0.5,0,0.0,0,0.0,0,0.0,0,0.0,1,363000.0,0.5
MPLADS-001563,2,368000.0,184000.0,184000.0,184000.0,184000.0,0.0,2022-09-04,2022-10-19,45,45.0,45.0,0.0,6133.33,6133.33,30.0,0.5,0,0.0,0,0.0,0,0.0,0,0.0,1,184000.0,0.5
MPLADS-001564,3,1982000.0,660666.67,660700.0,660600.0,660700.0,57.74,2023-03-22,2023-07-05,105,52.5,52.5,0.71,12387.5,12388.12,53.3,0.3334,0,0.0,0,0.0,0,0.0,0,0.0,1,660600.0,0.3333
MPLADS-001565,3,9638000.0,3212666.67,3212700.0,3212600.0,3212700.0,57.74,2022-09-25,2023-06-27,275,137.5,137.5,0.71,24095.0,24095.25,133.3,0.3333,0,0.0,0,0.0,0,0.0,0,0.0,1,3212600.0,0.3333
MPLADS-001566,2,771000.0,385500.0,385500.0,385500.0,385500.0,0.0,2022-06-14,2022-08-12,59,59.0,59.0,0.0,8566.67,8566.67,45.0,0.5,0,0.0,0,0.0,0,0.0,0,0.0,1,385500.0,0.5
MPLADS-001567,3,10231000.0,3410333.33,3410300.0,3410300.0,3410400.0,57.74,2023-11-16,2024-08-27,285,142.5,142.5,0.71,25577.5,25578.0,133.3,0.3333,0,0.0,0,0.0,0,0.0,0,0.0,1,3410400.0,0.3333
MPLADS-001568,3,11543000.0,3847666.67,3847700.0,3847600.0,3847700.0,57.74,2023-11-08,2024-08-13,279,139.5,139.5,0.71,28857.5,28857.75,133.3,0.3333,0,0.0,1,0.3333,3,1.0,0,0.0,1,3847600.0,0.3333
MPLADS-001569,3,3751000.0,1250333.33,1250300.0,1250300.0,1250400.0,57.74,2022-05-11,2022-09-24,136,68.0,68.0,0.0,17861.91,17862.86,70.0,0.3334,0,0.0,0,0.0,0,0.0,0,0.0,1,1250400.0,0.3334
MPLADS-001570,3,1980000.0,660000.0,660000.0,660000.0,660000.0,0.0,2022-12-05,2023-04-30,146,73.0,73.0,0.0,9428.57,9428.57,70.0,0.3333,0,0.0,0,0.0,0,0.0,0,0.0,1,660000.0,0.3333
MPLADS-001571,3,3155000.0,1051666.67,1051700.0,1051600.0,1051700.0,57.74,2022-10-20,2023-03-27,158,79.0,79.0,0.0,15023.81,15024.29,70.0,0.3333,0,0.0,0,0.0,0,0.0,0,0.0,1,1051600.0,0.3333
MPLADS-001572,2,797000.0,398500.0,398500.0,398500.0,398500.0,0.0,2024-01-25,2024-03-16,51,51.0,51.0,0.0,8855.56,8855.56,45.0,0.5,0,0.0,1,0.5,2,1.0,0,0.0,1,398500.0,0.5
MPLADS-001573,3,1937000.0,645666.67,645700.0,645600.0,645700.0,57.74,2023-12-28,2024-03-30,93,46.5,46.5,0.71,16141.67,16142.5,40.0,0.3334,0,0.0,0,0.0,0,0.0,0,0.0,1,645600.0,0.3333
MPLADS-001574,3,1474000.0,491333.33,491300.0,491300.0,491400.0,57.74,2022-05-16,2022-09-11,118,59.0,59.0,0.0,9826.67,9828.0,50.0,0.3334,0,0.0,0,0.0,0,0.0,0,0.0,1,491400.0,0.3334
MPLADS-001575,3,1171000.0,390333.33,390300.0,390300.0,390400.0,57.74,2022-05-31,2022-09-14,106,53.0,53.0,0.0,7806.67,7808.0,50.0,0.3334,0,0.0,0,0.0,0,0.0,0,0.0,1,390400.0,0.3334
MPLADS-001576,3,1608000.0,536000.0,536000.0,536000.0,536000.0,0.0,2023-04-18,2023-08-12,116,58.0,58.0,0.0,10720.0,10720.0,50.0,0.3333,0,0.0,0,0.0,0,0.0,0,0.0,1,536000.0,0.3333
MPLADS-001577,3,1834000.0,611333.33,611300.0,611300.0,611400.0,57.74,2022-12-07,2023-04-29,143,71.5,71.5,0.71,10188.89,10190.0,60.0,0.3334,0,0.0,0,0.0,0,0.0,0,0.0,1,611400.0,0.3334
MPLADS-001578,3,1827000.0,609000.0,609000.0,609000.0,609000.0,0.0,2022-10-18,2023-02-04,109,54.5,54.5,0.71,11418.75,11418.75,53.3,0.3333,0,0.0,0,0.0,3,1.0,0,0.0,1,609000.0,0.3333
MPLADS-001579,3,1381000.0,460333.33,460300.0,460300.0,460400.0,57.74,2023-06-24,2024-08-24,427,213.5,213.5,0.71,8631.25,8632.5,53.3,0.3334,0,0.0,0,0.0,0,0.0,0,0.0,1,460400.0,0.3334
MPLADS-001580,3,1695000.0,565000.0,565000.0,565000.0,565000.0,0.0,2022-10-26,2023-02-03,100,50.0,50.0,0.0,11300.0,11300.0,50.0,0.3333,0,0.0,0,0.0,0,0.0,0,0.0,1,565000.0,0.3333
MPLADS-001581,3,6344000.0,2114666.67,2114700.0,2114600.0,2114700.0,57.74,2023-08-18,2023-11-10,84,42.0,42.0,0.0,52866.67,52867.5,40.0,0.3333,0,0.0,0,0.0,0,0.0,0,0.0,1,2114600.0,0.3333
MPLADS-001582,3,2227000.0,742333.33,742300.0,742300.0,742400.0,57.74,2022-08-20,2022-11-25,97,48.5,48.5,0.71,18558.33,18560.0,40.0,0.3334,0,0.0,0,0.0,3,1.0,0,0.0,1,742400.0,0.3334
MPLADS-001583,2,653000.0,326500.0,326500.0,326500.0,326500.0,0.0,2023-01-23,2023-03-04,40,40.0,40.0,0.0,7255.56,7255.56,45.0,0.5,0,0.0,0,0.0,2,1.0,0,0.0,1,326500.0,0.5
MPLADS-001584,3,2143000.0,714333.33,714300.0,714300.0,714400.0,57.74,2023-05-31,2023-10-07,129,64.5,64.5,0.71,13393.75,13395.0,53.3,0.3334,0,0.0,0,0.0,0,0.0,0,0.0,1,714400.0,0.3334
MPLADS-001585,2,857000.0,428500.0,428500.0,428500.0,428500.0,0.0,2022-12-25,2023-02-13,50,50.0,50.0,0.0,9522.22,9522.22,45.0,0.5,0,0.0,0,0.0,0,0.0,0,0.0,1,428500.0,0.5
MPLADS-001586,3,1053000.0,351000.0,351000.0,351000.0,351000.0,0.0,2022-09-03,2022-11-06,64,32.0,32.0,0.0,11700.0,11700.0,30.0,0.3333,0,0.0,0,0.0,0,0.0,0,0.0,1,351000.0,0.3333
MPLADS-001587,3,12556000.0,4185333.33,4185300.0,4185300.0,4185400.0,57.74,2022-07-31,2023-05-14,287,143.5,143.5,0.71,31390.0,31390.5,133.3,0.3333,0,0.0,0,0.0,0,0.0,0,0.0,1,4185400.0,0.3333
MPLADS-001588,3,3207000.0,1069000.0,1069000.0,1069000.0,1069000.0,0.0,2022-10-31,2023-02-27,119,59.5,59.5,0.71,17816.67,17816.67,60.0,0.3333,0,0.0,0,0.0,0,0.0,0,0.0,1,1069000.0,0.3333
MPLADS-001589,3,1472000.0,490666.67,490700.0,490600.0,490700.0,57.74,2023-05-08,2023-08-14,98,49.0,49.0,0.0,12266.67,12267.5,40.0,0.3334,0,0.0,0,0.0,0,0.0,0,0.0,1,490600.0,0.3333
MPLADS-001590,3,1479000.0,493000.0,493000.0,493000.0,493000.0,0.0,2022-10-28,2023-02-02,97,48.5,48.5,0.71,9860.0,9860.0,50.0,0.3333,0,0.0,0,0.0,0,0.0,0,0.0,1,493000.0,0.3333
MPLADS-001591,2,535000.0,267500.0,267500.0,267500.0,267500.0,0.0,2022-09-11,2022-10-19,38,38.0,38.0,0.0,8916.67,8916.67,30.0,0.5,0,0.0,0,0.0,0,0.0,0,0.0,1,267500.0,0.5
MPLADS-001592,3,1646000.0,548666.67,548700.0,548600.0,548700.0,57.74,2022-11-01,2023-02-20,111,55.5,55.5,0.71,10287.5,10288.12,53.3,0.3334,0,0.0,0,0.0,0,0.0,0,0.0,1,548600.0,0.3333
MPLADS-001593,3,2057000.0,685666.67,685700.0,685600.0,685700.0,57.74,2023-06-12,2023-10-06,116,58.0,58.0,0.0,11427.78,11428.33,60.0,0.3333,0,0.0,0,0.0,0,0.0,0,0.0,1,685600.0,0.3333
MPLADS-001594,3,2143000.0,714333.33,714300.0,714300.0,714400.0,57.74,2023-05-03,2023-08-23,112,56.0,56.0,0.0,11905.56,11906.67,60.0,0.3334,0,0.0,0,0.0,0,0.0,0,0.0,1,714400.0,0.3334
MPLADS-001595,3,2692000.0,897333.33,897300.0,897300.0,897400.0,57.74,2022-07-27,2022-12-06,132,66.0,66.0,0.0,12819.05,12820.0,70.0,0.3334,0,0.0,0,0.0,0,0.0,0,0.0,1,897400.0,0.3334
MPLADS-001596,3,1444000.0,481333.33,481300.0,481300.0,481400.0,57.74,2022-08-31,2023-07-17,320,160.0,160.0,0.0,12033.33,12035.0,40.0,0.3334,0,0.0,0,0.0,0,0.0,0,0.0,1,481400.0,0.3334
MPLADS-001597,3,1945000.0,648333.33,648300.0,648300.0,648400.0,57.74,2023-09-28,2024-01-24,118,59.0,59.0,0.0,10805.56,10806.67,60.0,0.3334,0,0.0,0,0.0,0,0.0,0,0.0,1,648400.0,0.3334
MPLADS-001598,3,1602000.0,534000.0,534000.0,534000.0,534000.0,0.0,2023-12-15,2024-02-27,74,37.0,37.0,0.0,13350.0,13350.0,40.0,0.3333,0,0.0,0,0.0,0,0.0,0,0.0,1,534000.0,0.3333
MPLADS-001599,3,3177000.0,1059000.0,1059000.0,1059000.0,1059000.0,0.0,2023-06-03,2023-10-05,124,62.0,62.0,0.0,17650.0,17650.0,60.0,0.3333,0,0.0,0,0.0,3,1.0,0,0.0,1,1059000.0,0.3333
MPLADS-001600,3,1238000.0,412666.67,412700.0,412600.0,412700.0,57.74,2022-12-03,2023-03-13,100,50.0,50.0,0.0,8253.33,8254.0,50.0,0.3334,0,0.0,0,0.0,0,0.0,0,0.0,1,412600.0,0.3333
MPLADS-001601,3,1067000.0,355666.67,355700.0,355600.0,355700.0,57.74,2023-07-21,2023-09-18,59,29.5,29.5,0.71,11855.56,11856.67,30.0,0.3334,0,0.0,0,0.0,0,0.0,0,0.0,1,355600.0,0.3333
MPLADS-001602,3,2351000.0,783666.67,783700.0,783600.0,783700.0,57.74,2022-11-06,2023-03-25,139,69.5,69.5,0.71,11195.24,11195.71,70.0,0.3333,0,0.0,1,0.3333,0,0.0,0,0.0,1,783600.0,0.3333
MPLADS-001603,3,11513000.0,3837666.67,3837700.0,3837600.0,3837700.0,57.74,2024-01-30,2024-10-26,270,135.0,135.0,0.0,28782.5,28782.75,133.3,0.3333,0,0.0,0,0.0,0,0.0,0,0.0,1,3837600.0,0.3333
MPLADS-001604,3,1803000.0,601000.0,601000.0,601000.0,601000.0,0.0,2023-11-20,2024-10-05,320,160.0,160.0,0.0,15025.0,15025.0,40.0,0.3333,0,0.0,0,0.0,0,0.0,0,0.0,1,601000.0,0.3333
MPLADS-001605,2,931000.0,465500.0,465500.0,465500.0,465500.0,0.0,2023-01-30,2023-03-13,42,42.0,42.0,0.0,10344.44,10344.44,45.0,0.5,0,0.0,0,0.0,0,0.0,0,0.0,1,465500.0,0.5
MPLADS-001606,3,2197000.0,732333.33,732300.0,732300.0,732400.0,57.74,2023-08-07,2023-11-13,98,49.0,49.0,0.0,18308.33,18310.0,40.0,0.3334,0,0.0,0,0.0,0,0.0,0,0.0,1,732400.0,0.3334
MPLADS-001607,3,2068000.0,689333.33,689300.0,689300.0,689400.0,57.74,2023-03-12,2023-07-22,132,66.0,66.0,0.0,9847.62,9848.57,70.0,0.3334,0,0.0,0,0.0,0,0.0,0,0.0,1,689400.0,0.3334
MPLADS-001608,3,1785000.0,595000.0,595000.0,595000.0,595000.0,0.0,2022-04-28,2022-08-26,120,60.0,60.0,0.0,11156.25,11156.25,53.3,0.3333,0,0.0,0,0.0,0,0.0,0,0.0,1,595000.0,0.3333
MPLADS-001609,3,1552000.0,517333.33,517300.0,517300.0,517400.0,57.74,2023-07-19,2023-12-06,140,70.0,70.0,0.0,8622.22,8623.33,60.0,0.3334,0,0.0,0,0.0,0,0.0,0,0.0,1,517400.0,0.3334
MPLADS-001610,3,2320000.0,773333.33,773300.0,773300.0,773400.0,57.74,2022-06-15,2022-09-06,83,41.5,41.5,0.71,19333.33,19335.0,40.0,0.3334,0,0.0,0,0.0,3,1.0,0,0.0,1,773400.0,0.3334
MPLADS-001611,3,14002000.0,4667333.33,4667300.0,4667300.0,4667400.0,57.74,2023-03-02,2023-12-02,275,137.5,137.5,0.71,35005.0,35005.5,133.3,0.3333,0,0.0,0,0.0,0,0.0,0,0.0,1,4667400.0,0.3333
MPLADS-001612,3,2432000.0,810666.67,810700.0,810600.0,810700.0,57.74,2023-08-19,2024-01-10,144,72.0,72.0,0.0,11580.95,11581.43,70.0,0.3333,0,0.0,0,0.0,0,0.0,0,0.0,1,810600.0,0.3333
MPLADS-001613,3,1944000.0,648000.0,648000.0,648000.0,648000.0,0.0,2023-02-03,2023-05-08,94,47.0,47.0,0.0,16200.0,16200.0,40.0,0.3333,0,0.0,0,0.0,0,0.0,0,0.0,1,648000.0,0.3333
MPLADS-001614,3,1198000.0,399333.33,399300.0,399300.0,399400.0,57.74,2022-05-07,2022-08-17,102,51.0,51.0,0.0,9983.33,9985.0,40.0,0.3334,0,0.0,0,0.0,0,0.0,0,0.0,1,399400.0,0.3334
MPLADS-001615,2,626000.0,313000.0,313000.0,313000.0,313000.0,0.0,2023-09-02,2023-10-13,41,41.0,41.0,0.0,10433.33,10433.33,30.0,0.5,0,0.0,0,0.0,0,0.0,0,0.0,1,313000.0,0.5
MPLADS-001616,3,13748000.0,4582666.67,4582700.0,4582600.0,4582700.0,57.74,2024-04-04,2024-12-24,264,132.0,132.0,0.0,34370.0,34370.25,133.3,0.3333,0,0.0,0,0.0,0,0.0,0,0.0,1,4582600.0,0.3333
MPLADS-001617,2,629000.0,314500.0,314500.0,314500.0,314500.0,0.0,2023-12-09,2024-01-18,40,40.0,40.0,0.0,10483.33,10483.33,30.0,0.5,0,0.0,0,0.0,0,0.0,0,0.0,1,314500.0,0.5
MPLADS-001618,3,1954000.0,651333.33,651300.0,651300.0,651400.0,57.74,2022-03-22,2022-06-18,88,44.0,44.0,0.0,16283.33,16285.0,40.0,0.3334,0,0.0,0,0.0,3,1.0,0,0.0,1,651400.0,0.3334
MPLADS-001619,2,626000.0,313000.0,313000.0,313000.0,313000.0,0.0,2023-06-04,2023-06-28,24,24.0,24.0,0.0,10433.33,10433.33,30.0,0.5,0,0.0,0,0.0,0,0.0,0,0.0,1,313000.0,0.5
MPLADS-001620,3,13618000.0,4539333.33,4539300.0,4539300.0,4539400.0,57.74,2023-08-02,2024-05-08,280,140.0,140.0,0.0,34045.0,34045.5,133.3,0.3333,0,0.0,0,0.0,0,0.0,0,0.0,1,4539400.0,0.3333
MPLADS-001621,3,7910000.0,2636666.67,2636700.0,2636600.0,2636700.0,57.74,2023-03-04,2023-11-28,269,134.5,134.5,0.71,19775.0,19775.25,133.3,0.3333,0,0.0,0,0.0,0,0.0,0,0.0,1,2636600.0,0.3333
MPLADS-001622,3,1465000.0,488333.33,488300.0,488300.0,488400.0,57.74,2023-01-09,2023-05-05,116,58.0,58.0,0.0,9766.67,9768.0,50.0,0.3334,0,0.0,0,0.0,0,0.0,0,0.0,1,488400.0,0.3334
MPLADS-001623,3,1273000.0,424333.33,424300.0,424300.0,424400.0,57.74,2022-05-09,2022-07-23,75,37.5,37.5,0.71,10608.33,10610.0,40.0,0.3334,0,0.0,0,0.0,0,0.0,0,0.0,1,424400.0,0.3334
MPLADS-001624,3,3079000.0,1026333.33,1026300.0,1026300.0,1026400.0,57.74,2024-02-12,2024-07-19,158,79.0,79.0,0.0,14661.91,14662.86,70.0,0.3334,0,0.0,0,0.0,0,0.0,0,0.0,1,1026400.0,0.3334
MPLADS-001625,3,1575000.0,525000.0,525000.0,525000.0,525000.0,0.0,2022-11-15,2023-01-31,77,38.5,38.5,0.71,13125.0,13125.0,40.0,0.3333,0,0.0,0,0.0,0,0.0,0,0.0,1,525000.0,0.3333
MPLADS-001626,3,2214000.0,738000.0,738000.0,738000.0,738000.0,0.0,2023-12-09,2024-03-12,94,47.0,47.0,0.0,18450.0,18450.0,40.0,0.3333,0,0.0,1,0.3333,0,0.0,0,0.0,1,738000.0,0.3333
MPLADS-001627,2,468000.0,234000.0,234000.0,234000.0,234000.0,0.0,2022-12-12,2023-01-25,44,44.0,44.0,0.0,7800.0,7800.0,30.0,0.5,0,0.0,0,0.0,0,0.0,0,0.0,1,234000.0,0.5
MPLADS-001628,3,11917000.0,3972333.33,3972300.0,3972300.0,3972400.0,57.74,2022-10-21,2023-08-01,284,142.0,142.0,0.0,29792.5,29793.0,133.3,0.3333,0,0.0,0,0.0,0,0.0,0,0.0,1,3972400.0,0.3333
MPLADS-001629,2,752000.0,376000.0,376000.0,376000.0,376000.0,0.0,2023-04-09,2023-05-10,31,31.0,31.0,0.0,12533.33,12533.33,30.0,0.5,0,0.0,0,0.0,0,0.0,0,0.0,1,376000.0,0.5
MPLADS-001630,3,1480000.0,493333.33,493300.0,493300.0,493400.0,57.74,2022-08-10,2022-11-26,108,54.0,54.0,0.0,9866.67,9868.0,50.0,0.3334,0,0.0,0,0.0,0,0.0,0,0.0,1,493400.0,0.3334
MPLADS-001631,2,675000.0,337500.0,337500.0,337500.0,337500.0,0.0,2022-04-17,2022-05-29,42,42.0,42.0,0.0,7500.0,7500.0,45.0,0.5,0,0.0,0,0.0,0,0.0,0,0.0,1,337500.0,0.5
MPLADS-001632,3,11145000.0,3715000.0,3715000.0,3715000.0,3715000.0,0.0,2023-06-21,2024-03-30,283,141.5,141.5,0.71,27862.5,27862.5,133.3,0.3333,0,0.0,0,0.0,0,0.0,0,0.0,1,3715000.0,0.3333
MPLADS-001633,3,2060000.0,686666.67,686700.0,686600.0,686700.0,57.74,2023-09-12,2024-01-10,120,60.0,60.0,0.0,12875.0,12875.62,53.3,0.3333,0,0.0,0,0.0,0,0.0,0,0.0,1,686600.0,0.3333
MPLADS-001634,2,950000.0,475000.0,475000.0,475000.0,475000.0,0.0,2023-04-13,2023-06-05,53,53.0,53.0,0.0,10555.56,10555.56,45.0,0.5,0,0.0,0,0.0,0,0.0,0,0.0,1,475000.0,0.5
MPLADS-001635,3,3970000.0,1323333.33,1323300.0,1323300.0,1323400.0,57.74,2023-12-19,2024-05-21,154,77.0,77.0,0.0,18904.76,18905.71,70.0,0.3334,0,0.0,0,0.0,0,0.0,0,0.0,1,1323400.0,0.3334
MPLADS-001636,2,461000.0,230500.0,230500.0,230500.0,230500.0,0.0,2023-10-23,2023-11-17,25,25.0,25.0,0.0,7683.33,7683.33,30.0,0.5,0,0.0,0,0.0,0,0.0,0,0.0,1,230500.0,0.5
MPLADS-001637,3,2605000.0,868333.33,868300.0,868300.0,868400.0,57.74,2023-01-29,2023-05-29,120,60.0,60.0,0.0,16281.25,16282.5,53.3,0.3334,0,0.0,1,0.3333,0,0.0,0,0.0,1,868400.0,0.3334
MPLADS-001638,3,10010000.0,3336666.67,3336700.0,3336600.0,3336700.0,57.74,2022-08-23,2023-05-28,278,139.0,139.0,0.0,25025.0,25025.25,133.3,0.3333,0,0.0,0,0.0,0,0.0,0,0.0,1,3336600.0,0.3333
MPLADS-001639,2,646000.0,323000.0,323000.0,323000.0,323000.0,0.0,2024-02-27,2024-04-26,59,59.0,59.0,0.0,7177.78,7177.78,45.0,0.5,0,0.0,0,0.0,0,0.0,0,0.0,1,323000.0,0.5
MPLADS-001640,3,2833000.0,944333.33,944300.0,944300.0,944400.0,57.74,2022-07-04,2022-12-03,152,76.0,76.0,0.0,13490.48,13491.43,70.0,0.3334,0,0.0,0,0.0,0,0.0,0,0.0,1,944400.0,0.3334
MPLADS-001641,3,2615000.0,871666.67,871700.0,871600.0,871700.0,57.74,2024-02-23,2024-06-02,100,50.0,50.0,0.0,16343.75,16344.38,53.3,0.3333,0,0.0,0,0.0,0,0.0,0,0.0,1,871600.0,0.3333
MPLADS-001642,3,2051000.0,683666.67,683700.0,683600.0,683700.0,57.74,2023-09-22,2024-01-15,115,57.5,57.5,0.71,11394.44,11395.0,60.0,0.3333,0,0.0,0,0.0,0,0.0,0,0.0,1,683600.0,0.3333
MPLADS-001643,2,403000.0,201500.0,201500.0,201500.0,201500.0,0.0,2024-02-07,2024-03-17,39,39.0,39.0,0.0,6716.67,6716.67,30.0,0.5,0,0.0,0,0.0,0,0.0,0,0.0,1,201500.0,0.5
MPLADS-001644,3,1442000.0,480666.67,480700.0,480600.0,480700.0,57.74,2022-04-14,2022-07-30,107,53.5,53.5,0.71,9613.33,9614.0,50.0,0.3334,0,0.0,0,0.0,0,0.0,0,0.0,1,480600.0,0.3333
MPLADS-001645,3,3569000.0,1189666.67,1189700.0,1189600.0,1189700.0,57.74,2023-08-31,2024-01-24,146,73.0,73.0,0.0,16995.24,16995.71,70.0,0.3333,0,0.0,0,0.0,0,0.0,0,0.0,1,1189600.0,0.3333
MPLADS-001646,3,2383000.0,794333.33,794300.0,794300.0,794400.0,57.74,2022-05-01,2022-09-19,141,70.5,70.5,0.71,11347.62,11348.57,70.0,0.3334,0,0.0,0,0.0,0,0.0,0,0.0,1,794400.0,0.3334
MPLADS-001647,2,572000.0,286000.0,286000.0,286000.0,286000.0,0.0,2022-06-17,2022-08-15,59,59.0,59.0,0.0,6355.56,6355.56,45.0,0.5,0,0.0,0,0.0,0,0.0,0,0.0,1,286000.0,0.5
MPLADS-001648,3,3718000.0,1239333.33,1239300.0,1239300.0,1239400.0,57.74,2023-03-29,2023-08-07,131,65.5,65.5,0.71,17704.76,17705.71,70.0,0.3334,0,0.0,1,0.3333,0,0.0,0,0.0,1,1239400.0,0.3334
MPLADS-001649,3,3496000.0,1165333.33,1165300.0,1165300.0,1165400.0,57.74,2022-09-19,2022-12-02,74,37.0,37.0,0.0,38844.44,38846.67,30.0,0.3334,0,0.0,0,0.0,0,0.0,0,0.0,1,1165400.0,0.3334
MPLADS-001650,3,1256000.0,418666.67,418700.0,418600.0,418700.0,57.74,2023-03-09,2023-06-15,98,49.0,49.0,0.0,8373.33,8374.0,50.0,0.3334,0,0.0,0,0.0,0,0.0,0,0.0,1,418600.0,0.3333
MPLADS-001651,3,9898000.0,3299333.33,3299300.0,3299300.0,3299400.0,57.74,2024-01-03,2024-09-30,271,135.5,135.5,0.71,24745.0,24745.5,133.3,0.3333,0,0.0,0,0.0,0,0.0,0,0.0,1,3299400.0,0.3333
MPLADS-001652,3,3268000.0,1089333.33,1089300.0,1089300.0,1089400.0,57.74,2023-03-23,2023-08-17,147,73.5,73.5,0.71,15561.91,15562.86,70.0,0.3334,0,0.0,1,0.3333,0,0.0,0,0.0,1,1089400.0,0.3334
MPLADS-001653,3,2215000.0,738333.33,738300.0,738300.0,738400.0,57.74,2024-02-13,2024-06-03,111,55.5,55.5,0.71,13843.75,13845.0,53.3,0.3334,0,0.0,0,0.0,0,0.0,0,0.0,1,738400.0,0.3334
MPLADS-001654,3,1464000.0,488000.0,488000.0,488000.0,488000.0,0.0,2022-07-09,2022-10-17,100,50.0,50.0,0.0,9760.0,9760.0,50.0,0.3333,0,0.0,0,0.0,0,0.0,0,0.0,1,488000.0,0.3333
MPLADS-001655,3,1627000.0,542333.33,542300.0,542300.0,542400.0,57.74,2023-11-04,2024-03-05,122,61.0,61.0,0.0,10168.75,10170.0,53.3,0.3334,0,0.0,0,0.0,0,0.0,0,0.0,1,542400.0,0.3334
MPLADS-001656,2,519000.0,259500.0,259500.0,259500.0,259500.0,0.0,2022-05-21,2022-07-15,55,55.0,55.0,0.0,5766.67,5766.67,45.0,0.5,0,0.0,0,0.0,0,0.0,0,0.0,1,259500.0,0.5
MPLADS-001657,3,1835000.0,611666.67,611700.0,611600.0,611700.0,57.74,2023-10-27,2024-01-19,84,42.0,42.0,0.0,15291.67,15292.5,40.0,0.3334,0,0.0,0,0.0,0,0.0,0,0.0,1,611600.0,0.3333
MPLADS-001658,3,1359000.0,453000.0,453000.0,453000.0,453000.0,0.0,2022-09-06,2022-12-17,102,51.0,51.0,0.0,11325.0,11325.0,40.0,0.3333,0,0.0,0,0.0,0,0.0,0,0.0,1,453000.0,0.3333
MPLADS-001659,3,2332000.0,777333.33,777300.0,777300.0,777400.0,57.74,2023-03-28,2023-07-20,114,57.0,57.0,0.0,15546.67,15548.0,50.0,0.3334,0,0.0,0,0.0,0,0.0,0,0.0,1,777400.0,0.3334
MPLADS-001660,3,1316000.0,438666.67,438700.0,438600.0,438700.0,57.74,2023-01-08,2023-05-14,126,63.0,63.0,0.0,7311.11,7311.67,60.0,0.3334,0,0.0,0,0.0,0,0.0,0,0.0,1,438600.0,0.3333
MPLADS-001661,3,2878000.0,959333.33,959300.0,959300.0,959400.0,57.74,2022-05-16,2022-09-11,118,59.0,59.0,0.0,17987.5,17988.75,53.3,0.3334,0,0.0,0,0.0,0,0.0,0,0.0,1,959400.0,0.3334
MPLADS-001662,3,3437000.0,1145666.67,1145700.0,1145600.0,1145700.0,57.74,2022-06-01,2022-11-10,162,81.0,81.0,0.0,16366.66,16367.14,70.0,0.3333,0,0.0,0,0.0,0,0.0,0,0.0,1,1145600.0,0.3333
MPLADS-001663,3,1670000.0,556666.67,556700.0,556600.0,556700.0,57.74,2022-05-03,2022-08-11,100,50.0,50.0,0.0,11133.33,11134.0,50.0,0.3334,0,0.0,0,0.0,0,0.0,0,0.0,1,556600.0,0.3333
MPLADS-001664,3,14913000.0,4971000.0,4971000.0,4971000.0,4971000.0,0.0,2023-07-18,2024-04-09,266,133.0,133.0,0.0,37282.5,37282.5,133.3,0.3333,0,0.0,0,0.0,0,0.0,0,0.0,1,4971000.0,0.3333
MPLADS-001665,2,562000.0,281000.0,281000.0,281000.0,281000.0,0.0,2023-07-30,2023-08-24,25,25.0,25.0,0.0,9366.67,9366.67,30.0,0.5,0,0.0,0,0.0,0,0.0,0,0.0,1,281000.0,0.5
MPLADS-001666,3,2329000.0,776333.33,776300.0,776300.0,776400.0,57.74,2024-02-19,2024-06-26,128,64.0,64.0,0.0,14556.25,14557.5,53.3,0.3334,0,0.0,0,0.0,0,0.0,0,0.0,1,776400.0,0.3334
MPLADS-001667,2,817000.0,408500.0,408500.0,408500.0,408500.0,0.0,2022-10-15,2022-12-16,62,62.0,62.0,0.0,9077.78,9077.78,45.0,0.5,0,0.0,0,0.0,0,0.0,0,0.0,1,408500.0,0.5
MPLADS-001668,3,1086000.0,362000.0,362000.0,362000.0,362000.0,0.0,2023-10-11,2023-12-24,74,37.0,37.0,0.0,12066.67,12066.67,30.0,0.3333,0,0.0,0,0.0,0,0.0,0,0.0,1,362000.0,0.3333
MPLADS-001669,3,9703000.0,3234333.33,3234300.0,3234300.0,3234400.0,57.74,2022-11-12,2023-02-24,104,52.0,52.0,0.0,60643.75,60645.0,53.3,0.3333,0,0.0,0,0.0,0,0.0,0,0.0,1,3234400.0,0.3333
MPLADS-001670,3,1067000.0,355666.67,355700.0,355600.0,355700.0,57.74,2024-01-26,2024-05-16,111,55.5,55.5,0.71,7113.33,7114.0,50.0,0.3334,0,0.0,1,0.3333,0,0.0,0,0.0,1,355600.0,0.3333
MPLADS-001671,3,1268000.0,422666.67,422700.0,422600.0,422700.0,57.74,2023-06-24,2023-09-12,80,40.0,40.0,0.0,10566.67,10567.5,40.0,0.3334,0,0.0,0,0.0,0,0.0,0,0.0,1,422600.0,0.3333
MPLADS-001672,3,2301000.0,767000.0,767000.0,767000.0,767000.0,0.0,2023-01-24,2023-06-03,130,65.0,65.0,0.0,10957.14,10957.14,70.0,0.3333,0,0.0,0,0.0,0,0.0,0,0.0,1,767000.0,0.3333
MPLADS-001673,3,1226000.0,408666.67,408700.0,408600.0,408700.0,57.74,2023-12-09,2024-02-28,81,40.5,40.5,0.71,10216.67,10217.5,40.0,0.3334,0,0.0,0,0.0,0,0.0,0,0.0,1,408600.0,0.3333
MPLADS-001674,3,12434000.0,4144666.67,4144700.0,4144600.0,4144700.0,57.74,2023-01-17,2023-10-05,261,130.5,130.5,0.71,31085.0,31085.25,133.3,0.3333,0,0.0,0,0.0,0,0.0,0,0.0,1,4144600.0,0.3333
MPLADS-001675,3,2468000.0,822666.67,822700.0,822600.0,822700.0,57.74,2024-01-10,2025-05-04,480,240.0,240.0,0.0,13711.11,13711.67,60.0,0.3333,0,0.0,0,0.0,0,0.0,0,0.0,1,822600.0,0.3333
MPLADS-001676,3,3010000.0,1003333.33,1003300.0,1003300.0,1003400.0,57.74,2023-08-08,2023-12-16,130,65.0,65.0,0.0,18812.5,18813.75,53.3,0.3334,0,0.0,0,0.0,0,0.0,0,0.0,1,1003400.0,0.3334
MPLADS-001677,2,567000.0,283500.0,283500.0,283500.0,283500.0,0.0,2022-03-25,2022-04-24,30,30.0,30.0,0.0,9450.0,9450.0,30.0,0.5,0,0.0,1,0.5,0,0.0,0,0.0,1,283500.0,0.5
MPLADS-001678,2,531000.0,265500.0,265500.0,265500.0,265500.0,0.0,2023-10-04,2023-11-17,44,44.0,44.0,0.0,8850.0,8850.0,30.0,0.5,0,0.0,0,0.0,0,0.0,0,0.0,1,265500.0,0.5
MPLADS-001679,3,1809000.0,603000.0,603000.0,603000.0,603000.0,0.0,2023-12-10,2024-03-25,106,53.0,53.0,0.0,11306.25,11306.25,53.3,0.3333,0,0.0,0,0.0,0,0.0,0,0.0,1,603000.0,0.3333
MPLADS-001680,3,2123000.0,707666.67,707700.0,707600.0,707700.0,57.74,2024-01-31,2024-05-02,92,46.0,46.0,0.0,17691.67,17692.5,40.0,0.3333,0,0.0,0,0.0,0,0.0,0,0.0,1,707600.0,0.3333
MPLADS-001681,3,2339000.0,779666.67,779700.0,779600.0,779700.0,57.74,2024-01-10,2024-04-17,98,49.0,49.0,0.0,14618.75,14619.38,53.3,0.3333,0,0.0,0,0.0,0,0.0,0,0.0,1,779600.0,0.3333
MPLADS-001682,2,583000.0,291500.0,291500.0,291500.0,291500.0,0.0,2023-10-25,2023-12-17,53,53.0,53.0,0.0,6477.78,6477.78,45.0,0.5,0,0.0,0,0.0,0,0.0,0,0.0,1,291500.0,0.5
MPLADS-001683,3,15717000.0,5239000.0,5239000.0,5239000.0,5239000.0,0.0,2024-01-30,2024-11-12,287,143.5,143.5,0.71,39292.5,39292.5,133.3,0.3333,0,0.0,0,0.0,0,0.0,0,0.0,1,5239000.0,0.3333
MPLADS-001684,3,5331000.0,1777000.0,1777000.0,1777000.0,1777000.0,0.0,2022-05-08,2022-09-24,139,69.5,69.5,0.71,25385.71,25385.71,70.0,0.3333,0,0.0,0,0.0,0,0.0,0,0.0,1,1777000.0,0.3333
MPLADS-001685,3,2244000.0,748000.0,748000.0,748000.0,748000.0,0.0,2023-07-16,2023-11-18,125,62.5,62.5,0.71,12466.67,12466.67,60.0,0.3333,0,0.0,0,0.0,0,0.0,0,0.0,1,748000.0,0.3333
MPLADS-001686,3,1302000.0,434000.0,434000.0,434000.0,434000.0,0.0,2022-12-04,2023-02-23,81,40.5,40.5,0.71,14466.67,14466.67,30.0,0.3333,0,0.0,0,0.0,0,0.0,0,0.0,1,434000.0,0.3333
MPLADS-001687,2,705000.0,352500.0,352500.0,352500.0,352500.0,0.0,2023-01-18,2023-03-15,56,56.0,56.0,0.0,7833.33,7833.33,45.0,0.5,0,0.0,0,0.0,2,1.0,0,0.0,1,352500.0,0.5
MPLADS-001688,3,10990000.0,3663333.33,3663300.0,3663300.0,3663400.0,57.74,2023-11-16,2024-08-31,289,144.5,144.5,0.71,27475.0,27475.5,133.3,0.3333,0,0.0,0,0.0,0,0.0,0,0.0,1,3663400.0,0.3333
MPLADS-001689,3,2411000.0,803666.67,803700.0,803600.0,803700.0,57.74,2023-11-08,2024-03-29,142,71.0,71.0,0.0,13394.44,13395.0,60.0,0.3333,0,0.0,0,0.0,0,0.0,0,0.0,1,803600.0,0.3333
MPLADS-001690,3,1110000.0,370000.0,370000.0,370000.0,370000.0,0.0,2023-07-02,2023-10-10,100,50.0,50.0,0.0,7400.0,7400.0,50.0,0.3333,0,0.0,0,0.0,0,0.0,0,0.0,1,370000.0,0.3333
MPLADS-001691,3,24179000.0,8059666.67,8059700.0,8059600.0,8059700.0,57.74,2024-03-16,2024-12-29,288,144.0,144.0,0.0,60447.5,60447.75,133.3,0.3333,0,0.0,0,0.0,0,0.0,0,0.0,1,8059600.0,0.3333
MPLADS-001692,3,1686000.0,562000.0,562000.0,562000.0,562000.0,0.0,2022-12-23,2023-04-18,116,58.0,58.0,0.0,10537.5,10537.5,53.3,0.3333,0,0.0,0,0.0,0,0.0,0,0.0,1,562000.0,0.3333
MPLADS-001693,3,2575000.0,858333.33,858300.0,858300.0,858400.0,57.74,2022-07-12,2022-12-08,149,74.5,74.5,0.71,12261.91,12262.86,70.0,0.3334,0,0.0,0,0.0,0,0.0,0,0.0,1,858400.0,0.3334
MPLADS-001694,3,2344000.0,781333.33,781300.0,781300.0,781400.0,57.74,2022-05-27,2022-09-20,116,58.0,58.0,0.0,14650.0,14651.25,53.3,0.3334,0,0.0,0,0.0,0,0.0,0,0.0,1,781400.0,0.3334
MPLADS-001695,2,678000.0,339000.0,339000.0,339000.0,339000.0,0.0,2023-09-01,2023-10-12,41,41.0,41.0,0.0,11300.0,11300.0,30.0,0.5,0,0.0,0,0.0,0,0.0,0,0.0,1,339000.0,0.5
MPLADS-001696,2,821000.0,410500.0,410500.0,410500.0,410500.0,0.0,2022-10-25,2022-12-05,41,41.0,41.0,0.0,9122.22,9122.22,45.0,0.5,0,0.0,0,0.0,0,0.0,0,0.0,1,410500.0,0.5
MPLADS-001697,3,1635000.0,545000.0,545000.0,545000.0,545000.0,0.0,2023-10-22,2024-01-24,94,47.0,47.0,0.0,13625.0,13625.0,40.0,0.3333,0,0.0,0,0.0,0,0.0,0,0.0,1,545000.0,0.3333
MPLADS-001698,2,521000.0,260500.0,260500.0,260500.0,260500.0,0.0,2022-10-10,2022-11-04,25,25.0,25.0,0.0,8683.33,8683.33,30.0,0.5,0,0.0,0,0.0,0,0.0,0,0.0,1,260500.0,0.5
MPLADS-001699,3,3308000.0,1102666.67,1102700.0,1102600.0,1102700.0,57.74,2023-12-26,2024-05-30,156,78.0,78.0,0.0,15752.38,15752.86,70.0,0.3333,0,0.0,0,0.0,0,0.0,0,0.0,1,1102600.0,0.3333
MPLADS-001700,3,1666000.0,555333.33,555300.0,555300.0,555400.0,57.74,2022-04-21,2022-08-19,120,60.0,60.0,0.0,11106.67,11108.0,50.0,0.3334,0,0.0,0,0.0,0,0.0,0,0.0,1,555400.0,0.3334
MPLADS-001701,3,1655000.0,551666.67,551700.0,551600.0,551700.0,57.74,2023-03-31,2023-08-20,142,71.0,71.0,0.0,7880.95,7881.43,70.0,0.3334,0,0.0,0,0.0,0,0.0,0,0.0,1,551600.0,0.3333
MPLADS-001702,3,1669000.0,556333.33,556300.0,556300.0,556400.0,57.74,2022-08-29,2023-01-10,134,67.0,67.0,0.0,9272.22,9273.33,60.0,0.3334,0,0.0,0,0.0,0,0.0,0,0.0,1,556400.0,0.3334
MPLADS-001703,3,2144000.0,714666.67,714700.0,714600.0,714700.0,57.74,2022-04-20,2022-08-09,111,55.5,55.5,0.71,14293.33,14294.0,50.0,0.3333,0,0.0,0,0.0,0,0.0,0,0.0,1,714600.0,0.3333
MPLADS-001704,3,1561000.0,520333.33,520300.0,520300.0,520400.0,57.74,2023-08-04,2023-11-02,90,45.0,45.0,0.0,13008.33,13010.0,40.0,0.3334,0,0.0,0,0.0,0,0.0,0,0.0,1,520400.0,0.3334
MPLADS-001705,3,3480000.0,1160000.0,1160000.0,1160000.0,1160000.0,0.0,2022-10-19,2023-02-26,130,65.0,65.0,0.0,16571.43,16571.43,70.0,0.3333,0,0.0,0,0.0,0,0.0,0,0.0,1,1160000.0,0.3333
MPLADS-001706,3,12894000.0,4298000.0,4298000.0,4298000.0,4298000.0,0.0,2023-02-28,2023-12-11,286,143.0,143.0,0.0,32235.0,32235.0,133.3,0.3333,0,0.0,0,0.0,0,0.0,0,0.0,1,4298000.0,0.3333
MPLADS-001707,3,2186000.0,728666.67,728700.0,728600.0,728700.0,57.74,2023-05-21,2023-08-23,94,47.0,47.0,0.0,18216.67,18217.5,40.0,0.3333,0,0.0,0,0.0,0,0.0,0,0.0,1,728600.0,0.3333
MPLADS-001708,2,482000.0,241000.0,241000.0,241000.0,241000.0,0.0,2023-07-17,2023-08-25,39,39.0,39.0,0.0,8033.33,8033.33,30.0,0.5,0,0.0,0,0.0,2,1.0,0,0.0,1,241000.0,0.5
MPLADS-001709,3,13879000.0,4626333.33,4626300.0,4626300.0,4626400.0,57.74,2022-08-18,2023-05-11,266,133.0,133.0,0.0,34697.5,34698.0,133.3,0.3333,0,0.0,0,0.0,3,1.0,0,0.0,1,4626400.0,0.3333
MPLADS-001710,3,1430000.0,476666.67,476700.0,476600.0,476700.0,57.74,2022-10-26,2023-02-17,114,57.0,57.0,0.0,9533.33,9534.0,50.0,0.3334,0,0.0,0,0.0,0,0.0,0,0.0,1,476600.0,0.3333
MPLADS-001711,2,555000.0,277500.0,277500.0,277500.0,277500.0,0.0,2023-09-12,2023-10-09,27,27.0,27.0,0.0,9250.0,9250.0,30.0,0.5,0,0.0,0,0.0,0,0.0,0,0.0,1,277500.0,0.5
MPLADS-001712,3,1013000.0,337666.67,337700.0,337600.0,337700.0,57.74,2024-01-04,2024-03-25,81,40.5,40.5,0.71,11255.56,11256.67,30.0,0.3334,0,0.0,0,0.0,0,0.0,0,0.0,1,337600.0,0.3333
MPLADS-001713,3,1386000.0,462000.0,462000.0,462000.0,462000.0,0.0,2023-04-25,2023-07-07,73,36.5,36.5,0.71,11550.0,11550.0,40.0,0.3333,0,0.0,0,0.0,3,1.0,0,0.0,1,462000.0,0.3333
MPLADS-001714,3,2160000.0,720000.0,720000.0,720000.0,720000.0,0.0,2023-05-10,2023-09-17,130,65.0,65.0,0.0,10285.71,10285.71,70.0,0.3333,0,0.0,0,0.0,0,0.0,0,0.0,1,720000.0,0.3333
MPLADS-001715,3,3214000.0,1071333.33,1071300.0,1071300.0,1071400.0,57.74,2023-04-07,2023-08-19,134,67.0,67.0,0.0,15304.76,15305.71,70.0,0.3334,0,0.0,0,0.0,0,0.0,0,0.0,1,1071400.0,0.3334
MPLADS-001716,3,2065000.0,688333.33,688300.0,688300.0,688400.0,57.74,2022-09-16,2022-12-03,78,39.0,39.0,0.0,17208.33,17210.0,40.0,0.3334,0,0.0,0,0.0,0,0.0,0,0.0,1,688400.0,0.3334
MPLADS-001717,3,14132000.0,4710666.67,4710700.0,4710600.0,4710700.0,57.74,2023-10-06,2024-07-02,270,135.0,135.0,0.0,35330.0,35330.25,133.3,0.3333,0,0.0,0,0.0,0,0.0,0,0.0,1,4710600.0,0.3333
MPLADS-001718,3,1826000.0,608666.67,608700.0,608600.0,608700.0,57.74,2023-06-07,2023-08-28,82,41.0,41.0,0.0,15216.67,15217.5,40.0,0.3334,0,0.0,0,0.0,3,1.0,0,0.0,1,608600.0,0.3333
MPLADS-001719,3,1758000.0,586000.0,586000.0,586000.0,586000.0,0.0,2023-09-06,2023-12-24,109,54.5,54.5,0.71,10987.5,10987.5,53.3,0.3333,0,0.0,0,0.0,0,0.0,0,0.0,1,586000.0,0.3333
MPLADS-001720,2,840000.0,420000.0,420000.0,420000.0,420000.0,0.0,2023-01-04,2023-02-25,52,52.0,52.0,0.0,9333.33,9333.33,45.0,0.5,0,0.0,0,0.0,0,0.0,0,0.0,1,420000.0,0.5
MPLADS-001721,3,1703000.0,567666.67,567700.0,567600.0,567700.0,57.74,2022-05-23,2022-09-13,113,56.5,56.5,0.71,11353.33,11354.0,50.0,0.3334,0,0.0,0,0.0,0,0.0,0,0.0,1,567600.0,0.3333
MPLADS-001722,3,2254000.0,751333.33,751300.0,751300.0,751400.0,57.74,2023-08-17,2023-12-22,127,63.5,63.5,0.71,14087.5,14088.75,53.3,0.3334,0,0.0,0,0.0,3,1.0,0,0.0,1,751400.0,0.3334
MPLADS-001723,3,12092000.0,4030666.67,4030700.0,4030600.0,4030700.0,57.74,2024-04-21,2025-01-19,273,136.5,136.5,0.71,30230.0,30230.25,133.3,0.3333,0,0.0,0,0.0,0,0.0,0,0.0,1,4030600.0,0.3333
MPLADS-001724,3,2482000.0,827333.33,827300.0,827300.0,827400.0,57.74,2022-11-21,2023-04-02,132,66.0,66.0,0.0,11819.05,11820.0,70.0,0.3334,0,0.0,0,0.0,0,0.0,0,0.0,1,827400.0,0.3334
MPLADS-001725,3,14701000.0,4900333.33,4900300.0,4900300.0,4900400.0,57.74,2023-08-29,2024-06-04,280,140.0,140.0,0.0,36752.5,36753.0,133.3,0.3333,0,0.0,0,0.0,0,0.0,0,0.0,1,4900400.0,0.3333
MPLADS-001726,3,1569000.0,523000.0,523000.0,523000.0,523000.0,0.0,2023-01-27,2023-05-08,101,50.5,50.5,0.71,10460.0,10460.0,50.0,0.3333,0,0.0,0,0.0,0,0.0,0,0.0,1,523000.0,0.3333
MPLADS-001727,2,912000.0,456000.0,456000.0,456000.0,456000.0,0.0,2022-08-21,2022-10-21,61,61.0,61.0,0.0,10133.33,10133.33,45.0,0.5,0,0.0,0,0.0,0,0.0,0,0.0,1,456000.0,0.5
MPLADS-001728,3,2126000.0,708666.67,708700.0,708600.0,708700.0,57.74,2022-12-13,2023-03-25,102,51.0,51.0,0.0,13287.5,13288.12,53.3,0.3333,0,0.0,0,0.0,0,0.0,0,0.0,1,708600.0,0.3333
MPLADS-001729,3,2961000.0,987000.0,987000.0,987000.0,987000.0,0.0,2023-06-29,2023-10-17,110,55.0,55.0,0.0,16450.0,16450.0,60.0,0.3333,0,0.0,0,0.0,0,0.0,0,0.0,1,987000.0,0.3333
MPLADS-001730,3,1805000.0,601666.67,601700.0,601600.0,601700.0,57.74,2023-07-14,2023-10-04,82,41.0,41.0,0.0,15041.67,15042.5,40.0,0.3334,0,0.0,0,0.0,0,0.0,0,0.0,1,601600.0,0.3333
MPLADS-001731,3,16413000.0,5471000.0,5471000.0,5471000.0,5471000.0,0.0,2023-12-22,2024-10-02,285,142.5,142.5,0.71,41032.5,41032.5,133.3,0.3333,0,0.0,0,0.0,0,0.0,0,0.0,1,5471000.0,0.3333
MPLADS-001732,2,384000.0,192000.0,192000.0,192000.0,192000.0,0.0,2023-12-15,2024-01-31,47,47.0,47.0,0.0,6400.0,6400.0,30.0,0.5,0,0.0,0,0.0,0,0.0,0,0.0,1,192000.0,0.5
MPLADS-001733,3,2002000.0,667333.33,667300.0,667300.0,667400.0,57.74,2023-05-24,2023-10-04,133,66.5,66.5,0.71,11122.22,11123.33,60.0,0.3334,0,0.0,0,0.0,0,0.0,0,0.0,1,667400.0,0.3334
MPLADS-001734,3,2471000.0,823666.67,823700.0,823600.0,823700.0,57.74,2022-06-02,2022-10-06,126,63.0,63.0,0.0,15443.75,15444.38,53.3,0.3333,0,0.0,0,0.0,0,0.0,0,0.0,1,823600.0,0.3333
MPLADS-001735,3,50962000.0,16987333.33,16987300.0,16987300.0,16987400.0,57.74,2023-07-29,2024-05-10,286,143.0,143.0,0.0,127405.0,127405.5,133.3,0.3333,0,0.0,0,0.0,0,0.0,0,0.0,1,16987400.0,0.3333
MPLADS-001736,3,13916000.0,4638666.67,4638700.0,4638600.0,4638700.0,57.74,2024-03-23,2024-12-30,282,141.0,141.0,0.0,34790.0,34790.25,133.3,0.3333,0,0.0,0,0.0,0,0.0,0,0.0,1,4638600.0,0.3333
MPLADS-001737,3,15050000.0,5016666.67,5016700.0,5016600.0,5016700.0,57.74,2023-10-10,2024-06-24,258,129.0,129.0,0.0,37625.0,37625.25,133.3,0.3333,0,0.0,0,0.0,3,1.0,0,0.0,1,5016600.0,0.3333
MPLADS-001738,3,2241000.0,747000.0,747000.0,747000.0,747000.0,0.0,2023-07-21,2023-11-20,122,61.0,61.0,0.0,14006.25,14006.25,53.3,0.3333,0,0.0,0,0.0,0,0.0,0,0.0,1,747000.0,0.3333
MPLADS-001739,2,271000.0,135500.0,135500.0,135500.0,135500.0,0.0,2023-08-16,2023-09-28,43,43.0,43.0,0.0,4516.67,4516.67,30.0,0.5,0,0.0,0,0.0,0,0.0,0,0.0,1,135500.0,0.5
MPLADS-001740,3,2004000.0,668000.0,668000.0,668000.0,668000.0,0.0,2022-07-18,2022-12-02,137,68.5,68.5,0.71,9542.86,9542.86,70.0,0.3333,0,0.0,0,0.0,0,0.0,0,0.0,1,668000.0,0.3333
MPLADS-001741,3,11969000.0,3989666.67,3989700.0,3989600.0,3989700.0,57.74,2022-11-16,2023-04-19,154,77.0,77.0,0.0,56995.24,56995.71,70.0,0.3333,0,0.0,0,0.0,0,0.0,0,0.0,1,3989600.0,0.3333
MPLADS-001742,3,2076000.0,692000.0,692000.0,692000.0,692000.0,0.0,2023-09-10,2024-02-12,155,77.5,77.5,0.71,9885.71,9885.71,70.0,0.3333,0,0.0,0,0.0,0,0.0,0,0.0,1,692000.0,0.3333
MPLADS-001743,3,3310000.0,1103333.33,1103300.0,1103300.0,1103400.0,57.74,2022-04-07,2022-08-27,142,71.0,71.0,0.0,15761.91,15762.86,70.0,0.3334,0,0.0,0,0.0,0,0.0,0,0.0,1,1103400.0,0.3334
MPLADS-001744,3,3806000.0,1268666.67,1268700.0,1268600.0,1268700.0,57.74,2023-08-21,2024-01-28,160,80.0,80.0,0.0,18123.81,18124.29,70.0,0.3333,0,0.0,0,0.0,0,0.0,0,0.0,1,1268600.0,0.3333
MPLADS-001745,3,2513000.0,837666.67,837700.0,837600.0,837700.0,57.74,2023-11-17,2024-04-04,139,69.5,69.5,0.71,11966.66,11967.14,70.0,0.3333,0,0.0,0,0.0,0,0.0,0,0.0,1,837600.0,0.3333
MPLADS-001746,3,2118000.0,706000.0,706000.0,706000.0,706000.0,0.0,2023-02-19,2023-05-31,101,50.5,50.5,0.71,17650.0,17650.0,40.0,0.3333,0,0.0,0,0.0,0,0.0,0,0.0,1,706000.0,0.3333
MPLADS-001747,3,1397000.0,465666.67,465700.0,465600.0,465700.0,57.74,2022-09-11,2022-12-08,88,44.0,44.0,0.0,11641.67,11642.5,40.0,0.3334,0,0.0,0,0.0,0,0.0,0,0.0,1,465600.0,0.3333
MPLADS-001748,3,2169000.0,723000.0,723000.0,723000.0,723000.0,0.0,2023-06-02,2023-10-26,146,73.0,73.0,0.0,10328.57,10328.57,70.0,0.3333,0,0.0,0,0.0,0,0.0,0,0.0,1,723000.0,0.3333
MPLADS-001749,3,3014000.0,1004666.67,1004700.0,1004600.0,1004700.0,57.74,2022-11-29,2023-03-22,113,56.5,56.5,0.71,20093.33,20094.0,50.0,0.3333,0,0.0,1,0.3333,0,0.0,0,0.0,1,1004600.0,0.3333
MPLADS-001750,3,3207000.0,1069000.0,1069000.0,1069000.0,1069000.0,0.0,2023-03-01,2023-05-16,76,38.0,38.0,0.0,35633.33,35633.33,30.0,0.3333,0,0.0,0,0.0,0,0.0,0,0.0,1,1069000.0,0.3333
MPLADS-001751,3,11806000.0,3935333.33,3935300.0,3935300.0,3935400.0,57.74,2023-01-25,2023-10-18,266,133.0,133.0,0.0,29515.0,29515.5,133.3,0.3333,0,0.0,0,0.0,0,0.0,0,0.0,1,3935400.0,0.3333
MPLADS-001752,3,2545000.0,848333.33,848300.0,848300.0,848400.0,57.74,2023-05-18,2023-09-20,125,62.5,62.5,0.71,14138.89,14140.0,60.0,0.3334,0,0.0,0,0.0,0,0.0,0,0.0,1,848400.0,0.3334
MPLADS-001753,2,544000.0,272000.0,272000.0,272000.0,272000.0,0.0,2022-12-01,2023-01-23,53,53.0,53.0,0.0,6044.44,6044.44,45.0,0.5,0,0.0,0,0.0,0,0.0,0,0.0,1,272000.0,0.5
MPLADS-001754,3,2556000.0,852000.0,852000.0,852000.0,852000.0,0.0,2024-03-12,2024-08-20,161,80.5,80.5,0.71,12171.43,12171.43,70.0,0.3333,0,0.0,0,0.0,0,0.0,0,0.0,1,852000.0,0.3333
MPLADS-001755,3,1443000.0,481000.0,481000.0,481000.0,481000.0,0.0,2023-02-18,2023-06-14,116,58.0,58.0,0.0,9620.0,9620.0,50.0,0.3333,0,0.0,0,0.0,0,0.0,0,0.0,1,481000.0,0.3333
MPLADS-001756,3,5048000.0,1682666.67,1682700.0,1682600.0,1682700.0,57.74,2023-08-19,2023-12-31,134,67.0,67.0,0.0,24038.09,24038.57,70.0,0.3333,0,0.0,0,0.0,0,0.0,0,0.0,1,1682600.0,0.3333
MPLADS-001757,3,2528000.0,842666.67,842700.0,842600.0,842700.0,57.74,2022-08-18,2022-12-08,112,56.0,56.0,0.0,14044.44,14045.0,60.0,0.3333,0,0.0,0,0.0,0,0.0,0,0.0,1,842600.0,0.3333
MPLADS-001758,3,1137000.0,379000.0,379000.0,379000.0,379000.0,0.0,2023-03-08,2023-06-29,113,56.5,56.5,0.71,7580.0,7580.0,50.0,0.3333,0,0.0,0,0.0,0,0.0,0,0.0,1,379000.0,0.3333
MPLADS-001759,3,1101000.0,367000.0,367000.0,367000.0,367000.0,0.0,2024-03-06,2024-06-07,93,46.5,46.5,0.71,7340.0,7340.0,50.0,0.3333,0,0.0,0,0.0,0,0.0,0,0.0,1,367000.0,0.3333
MPLADS-001760,3,1949000.0,649666.67,649700.0,649600.0,649700.0,57.74,2023-05-04,2023-07-30,87,43.5,43.5,0.71,16241.67,16242.5,40.0,0.3334,0,0.0,0,0.0,0,0.0,0,0.0,1,649600.0,0.3333
MPLADS-001761,3,1771000.0,590333.33,590300.0,590300.0,590400.0,57.74,2023-03-30,2023-07-24,116,58.0,58.0,0.0,9838.89,9840.0,60.0,0.3334,0,0.0,0,0.0,0,0.0,0,0.0,1,590400.0,0.3334
MPLADS-001762,3,1601000.0,533666.67,533700.0,533600.0,533700.0,57.74,2022-03-26,2022-07-05,101,50.5,50.5,0.71,13341.67,13342.5,40.0,0.3334,0,0.0,1,0.3333,0,0.0,0,0.0,1,533600.0,0.3333
MPLADS-001763,2,532000.0,266000.0,266000.0,266000.0,266000.0,0.0,2023-04-04,2023-05-31,57,57.0,57.0,0.0,5911.11,5911.11,45.0,0.5,0,0.0,0,0.0,0,0.0,0,0.0,1,266000.0,0.5
MPLADS-001764,3,13352000.0,4450666.67,4450700.0,4450600.0,4450700.0,57.74,2024-05-23,2025-03-03,284,142.0,142.0,0.0,33380.0,33380.25,133.3,0.3333,0,0.0,0,0.0,0,0.0,0,0.0,1,4450600.0,0.3333
MPLADS-001765,3,2043000.0,681000.0,681000.0,681000.0,681000.0,0.0,2022-04-19,2022-06-02,44,22.0,22.0,0.0,34050.0,34050.0,20.0,0.3333,0,0.0,0,0.0,0,0.0,0,0.0,1,681000.0,0.3333
MPLADS-001766,3,1746000.0,582000.0,582000.0,582000.0,582000.0,0.0,2022-12-26,2023-03-14,78,39.0,39.0,0.0,14550.0,14550.0,40.0,0.3333,0,0.0,0,0.0,3,1.0,0,0.0,1,582000.0,0.3333
MPLADS-001767,3,1005000.0,335000.0,335000.0,335000.0,335000.0,0.0,2023-06-07,2023-08-12,66,33.0,33.0,0.0,11166.67,11166.67,30.0,0.3333,0,0.0,0,0.0,0,0.0,0,0.0,1,335000.0,0.3333
MPLADS-001768,3,14629000.0,4876333.33,4876300.0,4876300.0,4876400.0,57.74,2023-08-13,2024-05-17,278,139.0,139.0,0.0,36572.5,36573.0,133.3,0.3333,0,0.0,0,0.0,0,0.0,0,0.0,1,4876400.0,0.3333
MPLADS-001769,2,599000.0,299500.0,299500.0,299500.0,299500.0,0.0,2022-06-18,2022-07-14,26,26.0,26.0,0.0,9983.33,9983.33,30.0,0.5,0,0.0,0,0.0,0,0.0,0,0.0,1,299500.0,0.5
MPLADS-001770,3,4075000.0,1358333.33,1358300.0,1358300.0,1358400.0,57.74,2022-05-06,2022-09-16,133,66.5,66.5,0.71,19404.76,19405.71,70.0,0.3333,0,0.0,0,0.0,0,0.0,0,0.0,1,1358400.0,0.3333
MPLADS-001771,2,627000.0,313500.0,313500.0,313500.0,313500.0,0.0,2022-12-12,2023-01-14,33,33.0,33.0,0.0,10450.0,10450.0,30.0,0.5,0,0.0,0,0.0,0,0.0,0,0.0,1,313500.0,0.5
MPLADS-001772,3,2226000.0,742000.0,742000.0,742000.0,742000.0,0.0,2023-11-13,2024-03-18,126,63.0,63.0,0.0,13912.5,13912.5,53.3,0.3333,0,0.0,0,0.0,0,0.0,0,0.0,1,742000.0,0.3333
MPLADS-001773,3,1904000.0,634666.67,634700.0,634600.0,634700.0,57.74,2023-07-05,2023-11-21,139,69.5,69.5,0.71,9066.66,9067.14,70.0,0.3334,0,0.0,0,0.0,0,0.0,0,0.0,1,634600.0,0.3333
MPLADS-001774,3,2075000.0,691666.67,691700.0,691600.0,691700.0,57.74,2023-08-21,2023-12-25,126,63.0,63.0,0.0,11527.78,11528.33,60.0,0.3333,0,0.0,0,0.0,0,0.0,0,0.0,1,691600.0,0.3333
MPLADS-001775,3,2341000.0,780333.33,780300.0,780300.0,780400.0,57.74,2022-08-30,2022-12-24,116,58.0,58.0,0.0,13005.56,13006.67,60.0,0.3334,0,0.0,0,0.0,0,0.0,0,0.0,1,780400.0,0.3334
MPLADS-001776,3,2879000.0,959666.67,959700.0,959600.0,959700.0,57.74,2023-06-24,2023-12-02,161,80.5,80.5,0.71,13709.52,13710.0,70.0,0.3333,0,0.0,0,0.0,0,0.0,0,0.0,1,959600.0,0.3333
MPLADS-001777,3,2676000.0,892000.0,892000.0,892000.0,892000.0,0.0,2022-06-09,2022-10-14,127,63.5,63.5,0.71,16725.0,16725.0,53.3,0.3333,0,0.0,0,0.0,0,0.0,0,0.0,1,892000.0,0.3333
MPLADS-001778,3,1709000.0,569666.67,569700.0,569600.0,569700.0,57.74,2022-10-17,2023-02-14,120,60.0,60.0,0.0,11393.33,11394.0,50.0,0.3334,0,0.0,0,0.0,0,0.0,0,0.0,1,569600.0,0.3333
MPLADS-001779,3,14411000.0,4803666.67,4803700.0,4803600.0,4803700.0,57.74,2023-08-26,2024-05-12,260,130.0,130.0,0.0,36027.5,36027.75,133.3,0.3333,0,0.0,0,0.0,0,0.0,0,0.0,1,4803600.0,0.3333
MPLADS-001780,3,1140000.0,380000.0,380000.0,380000.0,380000.0,0.0,2023-11-08,2024-12-12,400,200.0,200.0,0.0,7600.0,7600.0,50.0,0.3333,0,0.0,0,0.0,0,0.0,0,0.0,1,380000.0,0.3333
MPLADS-001781,2,647000.0,323500.0,323500.0,323500.0,323500.0,0.0,2023-06-29,2023-07-28,29,29.0,29.0,0.0,10783.33,10783.33,30.0,0.5,0,0.0,0,0.0,0,0.0,0,0.0,1,323500.0,0.5
MPLADS-001782,3,4785000.0,1595000.0,1595000.0,1595000.0,1595000.0,0.0,2023-06-05,2024-02-29,269,134.5,134.5,0.71,11962.5,11962.5,133.3,0.3333,0,0.0,0,0.0,0,0.0,0,0.0,1,1595000.0,0.3333
MPLADS-001783,3,2065000.0,688333.33,688300.0,688300.0,688400.0,57.74,2022-05-22,2022-09-02,103,51.5,51.5,0.71,12906.25,12907.5,53.3,0.3334,0,0.0,0,0.0,0,0.0,0,0.0,1,688400.0,0.3334
MPLADS-001784,3,2430000.0,810000.0,810000.0,810000.0,810000.0,0.0,2023-10-27,2024-02-19,115,57.5,57.5,0.71,13500.0,13500.0,60.0,0.3333,0,0.0,0,0.0,0,0.0,0,0.0,1,810000.0,0.3333
MPLADS-001785,3,1488000.0,496000.0,496000.0,496000.0,496000.0,0.0,2023-10-09,2024-01-14,97,48.5,48.5,0.71,9300.0,9300.0,53.3,0.3333,0,0.0,0,0.0,3,1.0,0,0.0,1,496000.0,0.3333
MPLADS-001786,3,7732000.0,2577333.33,2577300.0,2577300.0,2577400.0,57.74,2023-04-18,2023-07-26,99,49.5,49.5,0.71,51546.67,51548.0,50.0,0.3333,0,0.0,0,0.0,0,0.0,0,0.0,1,2577400.0,0.3333
MPLADS-001787,3,11454000.0,3818000.0,3818000.0,3818000.0,3818000.0,0.0,2023-07-16,2024-04-04,263,131.5,131.5,0.71,28635.0,28635.0,133.3,0.3333,0,0.0,0,0.0,0,0.0,0,0.0,1,3818000.0,0.3333
MPLADS-001788,3,2552000.0,850666.67,850700.0,850600.0,850700.0,57.74,2023-11-14,2024-03-27,134,67.0,67.0,0.0,14177.78,14178.33,60.0,0.3333,0,0.0,0,0.0,0,0.0,0,0.0,1,850600.0,0.3333
MPLADS-001789,3,2669000.0,889666.67,889700.0,889600.0,889700.0,57.74,2023-12-09,2024-05-01,144,72.0,72.0,0.0,12709.52,12710.0,70.0,0.3333,0,0.0,0,0.0,0,0.0,0,0.0,1,889600.0,0.3333
MPLADS-001790,3,3860000.0,1286666.67,1286700.0,1286600.0,1286700.0,57.74,2022-11-05,2023-04-08,154,77.0,77.0,0.0,18380.95,18381.43,70.0,0.3333,0,0.0,0,0.0,0,0.0,0,0.0,1,1286600.0,0.3333
MPLADS-001791,3,8784000.0,2928000.0,2928000.0,2928000.0,2928000.0,0.0,2023-09-25,2024-01-16,113,56.5,56.5,0.71,54900.0,54900.0,53.3,0.3333,0,0.0,0,0.0,0,0.0,0,0.0,1,2928000.0,0.3333
MPLADS-001792,3,2561000.0,853666.67,853700.0,853600.0,853700.0,57.74,2023-01-05,2023-04-29,114,57.0,57.0,0.0,14227.78,14228.33,60.0,0.3333,0,0.0,1,0.3333,0,0.0,0,0.0,1,853600.0,0.3333
MPLADS-001793,3,3045000.0,1015000.0,1015000.0,1015000.0,1015000.0,0.0,2024-01-16,2024-05-30,135,67.5,67.5,0.71,16916.67,16916.67,60.0,0.3333,0,0.0,0,0.0,0,0.0,0,0.0,1,1015000.0,0.3333
MPLADS-001794,3,12562000.0,4187333.33,4187300.0,4187300.0,4187400.0,57.74,2023-12-23,2024-09-07,259,129.5,129.5,0.71,31405.0,31405.5,133.3,0.3333,0,0.0,0,0.0,0,0.0,0,0.0,1,4187400.0,0.3333
MPLADS-001795,3,14799000.0,4933000.0,4933000.0,4933000.0,4933000.0,0.0,2023-08-29,2024-06-06,282,141.0,141.0,0.0,36997.5,36997.5,133.3,0.3333,0,0.0,0,0.0,0,0.0,0,0.0,1,4933000.0,0.3333
MPLADS-001796,2,591000.0,295500.0,295500.0,295500.0,295500.0,0.0,2023-03-11,2023-04-21,41,41.0,41.0,0.0,9850.0,9850.0,30.0,0.5,0,0.0,0,0.0,0,0.0,0,0.0,1,295500.0,0.5
MPLADS-001797,3,1689000.0,563000.0,563000.0,563000.0,563000.0,0.0,2023-03-21,2023-05-31,71,35.5,35.5,0.71,14075.0,14075.0,40.0,0.3333,0,0.0,0,0.0,0,0.0,0,0.0,1,563000.0,0.3333
MPLADS-001798,3,11198000.0,3732666.67,3732700.0,3732600.0,3732700.0,57.74,2022-10-18,2023-07-28,283,141.5,141.5,0.71,27995.0,27995.25,133.3,0.3333,0,0.0,0,0.0,0,0.0,0,0.0,1,3732600.0,0.3333
MPLADS-001799,3,3051000.0,1017000.0,1017000.0,1017000.0,1017000.0,0.0,2023-04-10,2023-08-02,114,57.0,57.0,0.0,19068.75,19068.75,53.3,0.3333,0,0.0,0,0.0,0,0.0,0,0.0,1,1017000.0,0.3333
MPLADS-001800,3,16320000.0,5440000.0,5440000.0,5440000.0,5440000.0,0.0,2022-12-17,2023-09-09,266,133.0,133.0,0.0,40800.0,40800.0,133.3,0.3333,0,0.0,0,0.0,0,0.0,0,0.0,1,5440000.0,0.3333
MPLADS-001801,3,2408000.0,802666.67,802700.0,802600.0,802700.0,57.74,2023-09-04,2023-12-16,103,51.5,51.5,0.71,20066.67,20067.5,40.0,0.3333,0,0.0,0,0.0,0,0.0,0,0.0,1,802600.0,0.3333
MPLADS-001802,3,3214000.0,1071333.33,1071300.0,1071300.0,1071400.0,57.74,2022-06-23,2022-11-08,138,69.0,69.0,0.0,17855.56,17856.67,60.0,0.3334,0,0.0,0,0.0,0,0.0,0,0.0,1,1071400.0,0.3334
MPLADS-001803,3,3425000.0,1141666.67,1141700.0,1141600.0,1141700.0,57.74,2023-01-28,2023-06-19,142,71.0,71.0,0.0,19027.78,19028.33,60.0,0.3333,0,0.0,0,0.0,0,0.0,0,0.0,1,1141600.0,0.3333
MPLADS-001804,3,2251000.0,750333.33,750300.0,750300.0,750400.0,57.74,2023-06-04,2023-08-20,77,38.5,38.5,0.71,18758.33,18760.0,40.0,0.3334,0,0.0,0,0.0,0,0.0,0,0.0,1,750400.0,0.3334
MPLADS-001805,2,410000.0,205000.0,205000.0,205000.0,205000.0,0.0,2022-10-14,2022-11-11,28,28.0,28.0,0.0,6833.33,6833.33,30.0,0.5,0,0.0,0,0.0,0,0.0,0,0.0,1,205000.0,0.5
MPLADS-001806,2,805000.0,402500.0,402500.0,402500.0,402500.0,0.0,2023-02-11,2023-04-03,51,51.0,51.0,0.0,8944.44,8944.44,45.0,0.5,0,0.0,0,0.0,2,1.0,0,0.0,1,402500.0,0.5
MPLADS-001807,3,1465000.0,488333.33,488300.0,488300.0,488400.0,57.74,2024-02-03,2024-05-19,106,53.0,53.0,0.0,9156.25,9157.5,53.3,0.3334,0,0.0,0,0.0,0,0.0,0,0.0,1,488400.0,0.3334
MPLADS-001808,3,2052000.0,684000.0,684000.0,684000.0,684000.0,0.0,2024-06-08,2025-06-03,360,180.0,180.0,0.0,11400.0,11400.0,60.0,0.3333,0,0.0,0,0.0,0,0.0,0,0.0,1,684000.0,0.3333
MPLADS-001809,3,2762000.0,920666.67,920700.0,920600.0,920700.0,57.74,2022-06-22,2022-10-30,130,65.0,65.0,0.0,15344.44,15345.0,60.0,0.3333,0,0.0,0,0.0,0,0.0,0,0.0,1,920600.0,0.3333
MPLADS-001810,2,863000.0,431500.0,431500.0,431500.0,431500.0,0.0,2023-01-23,2023-03-12,48,48.0,48.0,0.0,9588.89,9588.89,45.0,0.5,0,0.0,0,0.0,0,0.0,0,0.0,1,431500.0,0.5
MPLADS-001811,3,2504000.0,834666.67,834700.0,834600.0,834700.0,57.74,2023-09-30,2024-02-18,141,70.5,70.5,0.71,13911.11,13911.67,60.0,0.3333,0,0.0,0,0.0,0,0.0,0,0.0,1,834600.0,0.3333
MPLADS-001812,2,503000.0,251500.0,251500.0,251500.0,251500.0,0.0,2023-03-01,2023-04-16,46,46.0,46.0,0.0,8383.33,8383.33,30.0,0.5,0,0.0,0,0.0,0,0.0,0,0.0,1,251500.0,0.5
MPLADS-001813,3,2200000.0,733333.33,733300.0,733300.0,733400.0,57.74,2022-03-17,2022-05-27,71,35.5,35.5,0.71,18333.33,18335.0,40.0,0.3334,0,0.0,0,0.0,0,0.0,0,0.0,1,733400.0,0.3334
MPLADS-001814,3,1748000.0,582666.67,582700.0,582600.0,582700.0,57.74,2023-04-27,2023-07-13,77,38.5,38.5,0.71,14566.67,14567.5,40.0,0.3334,0,0.0,0,0.0,0,0.0,0,0.0,1,582600.0,0.3333
MPLADS-001815,3,3049000.0,1016333.33,1016300.0,1016300.0,1016400.0,57.74,2023-03-08,2023-06-24,108,54.0,54.0,0.0,19056.25,19057.5,53.3,0.3334,0,0.0,0,0.0,0,0.0,0,0.0,1,1016400.0,0.3334
MPLADS-001816,3,2082000.0,694000.0,694000.0,694000.0,694000.0,0.0,2022-07-11,2022-12-06,148,74.0,74.0,0.0,9914.29,9914.29,70.0,0.3333,0,0.0,0,0.0,0,0.0,0,0.0,1,694000.0,0.3333
MPLADS-001817,3,14506000.0,4835333.33,4835300.0,4835300.0,4835400.0,57.74,2023-06-29,2024-03-29,274,137.0,137.0,0.0,36265.0,36265.5,133.3,0.3333,0,0.0,0,0.0,3,1.0,0,0.0,1,4835400.0,0.3333
MPLADS-001818,3,1637000.0,545666.67,545700.0,545600.0,545700.0,57.74,2022-12-07,2023-03-15,98,49.0,49.0,0.0,13641.67,13642.5,40.0,0.3334,0,0.0,0,0.0,0,0.0,0,0.0,1,545600.0,0.3333
MPLADS-001819,3,2453000.0,817666.67,817700.0,817600.0,817700.0,57.74,2022-08-11,2022-12-07,118,59.0,59.0,0.0,15331.25,15331.88,53.3,0.3333,0,0.0,0,0.0,0,0.0,0,0.0,1,817600.0,0.3333
MPLADS-001820,3,1329000.0,443000.0,443000.0,443000.0,443000.0,0.0,2023-06-15,2023-10-13,120,60.0,60.0,0.0,8860.0,8860.0,50.0,0.3333,0,0.0,0,0.0,0,0.0,0,0.0,1,443000.0,0.3333
MPLADS-001821,2,617000.0,308500.0,308500.0,308500.0,308500.0,0.0,2022-11-09,2022-12-17,38,38.0,38.0,0.0,10283.33,10283.33,30.0,0.5,0,0.0,0,0.0,0,0.0,0,0.0,1,308500.0,0.5
MPLADS-001822,3,1602000.0,534000.0,534000.0,534000.0,534000.0,0.0,2023-05-25,2023-09-21,119,59.5,59.5,0.71,10680.0,10680.0,50.0,0.3333,0,0.0,0,0.0,0,0.0,0,0.0,1,534000.0,0.3333
MPLADS-001823,3,2891000.0,963666.67,963700.0,963600.0,963700.0,57.74,2022-07-25,2023-01-02,161,80.5,80.5,0.71,13766.66,13767.14,70.0,0.3333,0,0.0,0,0.0,0,0.0,0,0.0,1,963600.0,0.3333
MPLADS-001824,3,3052000.0,1017333.33,1017300.0,1017300.0,1017400.0,57.74,2023-06-27,2023-10-21,116,58.0,58.0,0.0,16955.56,16956.67,60.0,0.3334,0,0.0,0,0.0,0,0.0,0,0.0,1,1017400.0,0.3334
MPLADS-001825,3,2232000.0,744000.0,744000.0,744000.0,744000.0,0.0,2022-11-11,2023-04-15,155,77.5,77.5,0.71,10628.57,10628.57,70.0,0.3333,0,0.0,0,0.0,0,0.0,0,0.0,1,744000.0,0.3333
MPLADS-001826,3,2272000.0,757333.33,757300.0,757300.0,757400.0,57.74,2024-01-17,2024-05-09,113,56.5,56.5,0.71,14200.0,14201.25,53.3,0.3334,0,0.0,1,0.3333,0,0.0,0,0.0,1,757400.0,0.3334
MPLADS-001827,3,3420000.0,1140000.0,1140000.0,1140000.0,1140000.0,0.0,2023-12-12,2024-05-04,144,72.0,72.0,0.0,16285.71,16285.71,70.0,0.3333,0,0.0,0,0.0,0,0.0,0,0.0,1,1140000.0,0.3333
MPLADS-001828,2,393000.0,196500.0,196500.0,196500.0,196500.0,0.0,2023-12-11,2024-01-27,47,47.0,47.0,0.0,6550.0,6550.0,30.0,0.5,0,0.0,0,0.0,0,0.0,0,0.0,1,196500.0,0.5
MPLADS-001829,3,1211000.0,403666.67,403700.0,403600.0,403700.0,57.74,2023-01-10,2023-04-16,96,48.0,48.0,0.0,8073.33,8074.0,50.0,0.3334,0,0.0,0,0.0,0,0.0,0,0.0,1,403600.0,0.3333
MPLADS-001830,3,1625000.0,541666.67,541700.0,541600.0,541700.0,57.74,2023-06-20,2023-11-01,134,67.0,67.0,0.0,9027.78,9028.33,60.0,0.3334,0,0.0,0,0.0,0,0.0,0,0.0,1,541600.0,0.3333
MPLADS-001831,3,2314000.0,771333.33,771300.0,771300.0,771400.0,57.74,2022-05-25,2022-08-27,94,47.0,47.0,0.0,19283.33,19285.0,40.0,0.3334,0,0.0,0,0.0,0,0.0,0,0.0,1,771400.0,0.3334
MPLADS-001832,3,1588000.0,529333.33,529300.0,529300.0,529400.0,57.74,2022-09-08,2022-12-26,109,54.5,54.5,0.71,9925.0,9926.25,53.3,0.3334,0,0.0,0,0.0,0,0.0,0,0.0,1,529400.0,0.3334
MPLADS-001833,3,2437000.0,812333.33,812300.0,812300.0,812400.0,57.74,2023-01-11,2023-06-21,161,80.5,80.5,0.71,11604.76,11605.71,70.0,0.3334,0,0.0,0,0.0,0,0.0,0,0.0,1,812400.0,0.3334
MPLADS-001834,3,3836000.0,1278666.67,1278700.0,1278600.0,1278700.0,57.74,2022-08-06,2022-11-19,105,52.5,52.5,0.71,23975.0,23975.62,53.3,0.3333,0,0.0,0,0.0,0,0.0,0,0.0,1,1278600.0,0.3333
MPLADS-001835,2,536000.0,268000.0,268000.0,268000.0,268000.0,0.0,2023-04-01,2023-05-12,41,41.0,41.0,0.0,5955.56,5955.56,45.0,0.5,0,0.0,0,0.0,0,0.0,0,0.0,1,268000.0,0.5
MPLADS-001836,3,1917000.0,639000.0,639000.0,639000.0,639000.0,0.0,2024-01-23,2024-05-07,105,52.5,52.5,0.71,11981.25,11981.25,53.3,0.3333,0,0.0,0,0.0,0,0.0,0,0.0,1,639000.0,0.3333
MPLADS-001837,3,3541000.0,1180333.33,1180300.0,1180300.0,1180400.0,57.74,2023-06-03,2023-08-06,64,32.0,32.0,0.0,39344.44,39346.67,30.0,0.3334,0,0.0,0,0.0,0,0.0,0,0.0,1,1180400.0,0.3334
MPLADS-001838,3,8834000.0,2944666.67,2944700.0,2944600.0,2944700.0,57.74,2023-05-07,2024-01-29,267,133.5,133.5,0.71,22085.0,22085.25,133.3,0.3333,0,0.0,0,0.0,0,0.0,0,0.0,1,2944600.0,0.3333
MPLADS-001839,3,2531000.0,843666.67,843700.0,843600.0,843700.0,57.74,2022-11-12,2023-03-24,132,66.0,66.0,0.0,12052.38,12052.86,70.0,0.3333,0,0.0,1,0.3333,0,0.0,0,0.0,1,843600.0,0.3333
MPLADS-001840,2,685000.0,342500.0,342500.0,342500.0,342500.0,0.0,2022-11-09,2022-12-25,46,46.0,46.0,0.0,7611.11,7611.11,45.0,0.5,0,0.0,0,0.0,0,0.0,0,0.0,1,342500.0,0.5
MPLADS-001841,3,2430000.0,810000.0,810000.0,810000.0,810000.0,0.0,2023-06-20,2023-09-26,98,49.0,49.0,0.0,15187.5,15187.5,53.3,0.3333,0,0.0,0,0.0,0,0.0,0,0.0,1,810000.0,0.3333
MPLADS-001842,2,809000.0,404500.0,404500.0,404500.0,404500.0,0.0,2022-08-20,2022-10-01,42,42.0,42.0,0.0,8988.89,8988.89,45.0,0.5,0,0.0,0,0.0,0,0.0,0,0.0,1,404500.0,0.5
MPLADS-001843,3,1916000.0,638666.67,638700.0,638600.0,638700.0,57.74,2022-07-22,2022-10-26,96,48.0,48.0,0.0,12773.33,12774.0,50.0,0.3334,0,0.0,0,0.0,3,1.0,0,0.0,1,638600.0,0.3333
MPLADS-001844,3,2107000.0,702333.33,702300.0,702300.0,702400.0,57.74,2023-11-25,2024-03-22,118,59.0,59.0,0.0,13168.75,13170.0,53.3,0.3334,0,0.0,0,0.0,0,0.0,0,0.0,1,702400.0,0.3334
MPLADS-001845,3,3791000.0,1263666.67,1263700.0,1263600.0,1263700.0,57.74,2023-02-08,2023-07-17,159,79.5,79.5,0.71,18052.38,18052.86,70.0,0.3333,0,0.0,0,0.0,0,0.0,0,0.0,1,1263600.0,0.3333
MPLADS-001846,3,11464000.0,3821333.33,3821300.0,3821300.0,3821400.0,57.74,2022-11-27,2023-09-10,287,143.5,143.5,0.71,28660.0,28660.5,133.3,0.3333,0,0.0,0,0.0,3,1.0,0,0.0,1,3821400.0,0.3333
MPLADS-001847,2,432000.0,216000.0,216000.0,216000.0,216000.0,0.0,2023-01-29,2023-02-21,23,23.0,23.0,0.0,7200.0,7200.0,30.0,0.5,0,0.0,0,0.0,0,0.0,0,0.0,1,216000.0,0.5
MPLADS-001848,3,14243000.0,4747666.67,4747700.0,4747600.0,4747700.0,57.74,2022-11-25,2023-08-22,270,135.0,135.0,0.0,35607.5,35607.75,133.3,0.3333,0,0.0,0,0.0,0,0.0,0,0.0,1,4747600.0,0.3333
MPLADS-001849,2,676000.0,338000.0,338000.0,338000.0,338000.0,0.0,2022-10-27,2022-12-17,51,51.0,51.0,0.0,7511.11,7511.11,45.0,0.5,0,0.0,0,0.0,0,0.0,0,0.0,1,338000.0,0.5
MPLADS-001850,3,13705000.0,4568333.33,4568300.0,4568300.0,4568400.0,57.74,2022-08-08,2023-04-25,260,130.0,130.0,0.0,34262.5,34263.0,133.3,0.3333,0,0.0,0,0.0,0,0.0,0,0.0,1,4568400.0,0.3333
MPLADS-001851,3,1399000.0,466333.33,466300.0,466300.0,466400.0,57.74,2023-02-26,2023-06-26,120,60.0,60.0,0.0,9326.67,9328.0,50.0,0.3334,0,0.0,0,0.0,0,0.0,0,0.0,1,466400.0,0.3334
MPLADS-001852,2,840000.0,420000.0,420000.0,420000.0,420000.0,0.0,2022-03-30,2022-05-18,49,49.0,49.0,0.0,9333.33,9333.33,45.0,0.5,0,0.0,0,0.0,0,0.0,0,0.0,1,420000.0,0.5
MPLADS-001853,3,1795000.0,598333.33,598300.0,598300.0,598400.0,57.74,2023-11-26,2024-03-06,101,50.5,50.5,0.71,11966.67,11968.0,50.0,0.3334,0,0.0,0,0.0,0,0.0,0,0.0,1,598400.0,0.3334
MPLADS-001854,3,1981000.0,660333.33,660300.0,660300.0,660400.0,57.74,2023-06-18,2023-10-08,112,56.0,56.0,0.0,11005.56,11006.67,60.0,0.3334,0,0.0,0,0.0,0,0.0,0,0.0,1,660400.0,0.3334
MPLADS-001855,2,838000.0,419000.0,419000.0,419000.0,419000.0,0.0,2023-05-18,2023-07-04,47,47.0,47.0,0.0,9311.11,9311.11,45.0,0.5,0,0.0,0,0.0,0,0.0,0,0.0,1,419000.0,0.5
MPLADS-001856,3,1683000.0,561000.0,561000.0,561000.0,561000.0,0.0,2023-09-03,2024-01-02,121,60.5,60.5,0.71,11220.0,11220.0,50.0,0.3333,0,0.0,0,0.0,0,0.0,0,0.0,1,561000.0,0.3333
MPLADS-001857,2,518000.0,259000.0,259000.0,259000.0,259000.0,0.0,2022-12-07,2023-01-02,26,26.0,26.0,0.0,8633.33,8633.33,30.0,0.5,0,0.0,0,0.0,0,0.0,0,0.0,1,259000.0,0.5
MPLADS-001858,3,1185000.0,395000.0,395000.0,395000.0,395000.0,0.0,2023-09-04,2023-12-16,103,51.5,51.5,0.71,9875.0,9875.0,40.0,0.3333,0,0.0,0,0.0,0,0.0,0,0.0,1,395000.0,0.3333
MPLADS-001859,3,1453000.0,484333.33,484300.0,484300.0,484400.0,57.74,2023-07-03,2023-10-17,106,53.0,53.0,0.0,9686.67,9688.0,50.0,0.3334,0,0.0,0,0.0,0,0.0,0,0.0,1,484400.0,0.3334
MPLADS-001860,3,3191000.0,1063666.67,1063700.0,1063600.0,1063700.0,57.74,2023-02-07,2023-06-25,138,69.0,69.0,0.0,15195.24,15195.71,70.0,0.3333,0,0.0,0,0.0,0,0.0,0,0.0,1,1063600.0,0.3333
MPLADS-001861,2,624000.0,312000.0,312000.0,312000.0,312000.0,0.0,2022-09-05,2022-10-16,41,41.0,41.0,0.0,6933.33,6933.33,45.0,0.5,0,0.0,0,0.0,0,0.0,0,0.0,1,312000.0,0.5
MPLADS-001862,3,2318000.0,772666.67,772700.0,772600.0,772700.0,57.74,2022-07-01,2022-10-08,99,49.5,49.5,0.71,14487.5,14488.12,53.3,0.3333,0,0.0,0,0.0,0,0.0,0,0.0,1,772600.0,0.3333
MPLADS-001863,3,4024000.0,1341333.33,1341300.0,1341300.0,1341400.0,57.74,2022-09-01,2023-02-04,156,78.0,78.0,0.0,19161.91,19162.86,70.0,0.3333,0,0.0,0,0.0,0,0.0,0,0.0,1,1341400.0,0.3333
MPLADS-001864,2,775000.0,387500.0,387500.0,387500.0,387500.0,0.0,2022-04-20,2022-05-31,41,41.0,41.0,0.0,8611.11,8611.11,45.0,0.5,0,0.0,0,0.0,0,0.0,0,0.0,1,387500.0,0.5
MPLADS-001865,2,762000.0,381000.0,381000.0,381000.0,381000.0,0.0,2023-01-16,2023-03-05,48,48.0,48.0,0.0,8466.67,8466.67,45.0,0.5,0,0.0,0,0.0,0,0.0,0,0.0,1,381000.0,0.5
MPLADS-001866,3,2012000.0,670666.67,670700.0,670600.0,670700.0,57.74,2022-10-27,2023-01-09,74,37.0,37.0,0.0,16766.67,16767.5,40.0,0.3333,0,0.0,0,0.0,0,0.0,0,0.0,1,670600.0,0.3333
MPLADS-001867,3,1959000.0,653000.0,653000.0,653000.0,653000.0,0.0,2023-07-12,2023-10-24,104,52.0,52.0,0.0,13060.0,13060.0,50.0,0.3333,0,0.0,0,0.0,0,0.0,0,0.0,1,653000.0,0.3333
MPLADS-001868,3,10886000.0,3628666.67,3628700.0,3628600.0,3628700.0,57.74,2023-05-21,2024-02-11,266,133.0,133.0,0.0,27215.0,27215.25,133.3,0.3333,0,0.0,0,0.0,0,0.0,0,0.0,1,3628600.0,0.3333
MPLADS-001869,3,1697000.0,565666.67,565700.0,565600.0,565700.0,57.74,2024-02-25,2024-07-02,128,64.0,64.0,0.0,10606.25,10606.88,53.3,0.3334,0,0.0,0,0.0,0,0.0,0,0.0,1,565600.0,0.3333
MPLADS-001870,2,876000.0,438000.0,438000.0,438000.0,438000.0,0.0,2023-12-08,2024-01-15,38,38.0,38.0,0.0,9733.33,9733.33,45.0,0.5,0,0.0,0,0.0,0,0.0,0,0.0,1,438000.0,0.5
MPLADS-001871,3,1620000.0,540000.0,540000.0,540000.0,540000.0,0.0,2022-06-04,2022-09-16,104,52.0,52.0,0.0,10125.0,10125.0,53.3,0.3333,0,0.0,0,0.0,0,0.0,0,0.0,1,540000.0,0.3333
MPLADS-001872,3,1474000.0,491333.33,491300.0,491300.0,491400.0,57.74,2023-12-25,2024-04-03,100,50.0,50.0,0.0,12283.33,12285.0,40.0,0.3334,0,0.0,0,0.0,0,0.0,0,0.0,1,491400.0,0.3334
MPLADS-001873,3,2323000.0,774333.33,774300.0,774300.0,774400.0,57.74,2022-12-22,2023-04-03,102,51.0,51.0,0.0,14518.75,14520.0,53.3,0.3334,0,0.0,0,0.0,0,0.0,0,0.0,1,774400.0,0.3334
MPLADS-001874,2,636000.0,318000.0,318000.0,318000.0,318000.0,0.0,2023-09-29,2023-11-07,39,39.0,39.0,0.0,7066.67,7066.67,45.0,0.5,0,0.0,0,0.0,0,0.0,0,0.0,1,318000.0,0.5
MPLADS-001875,3,1692000.0,564000.0,564000.0,564000.0,564000.0,0.0,2023-09-16,2023-11-26,71,35.5,35.5,0.71,14100.0,14100.0,40.0,0.3333,0,0.0,0,0.0,3,1.0,0,0.0,1,564000.0,0.3333
MPLADS-001876,3,1175000.0,391666.67,391700.0,391600.0,391700.0,57.74,2023-04-27,2023-08-21,116,58.0,58.0,0.0,7833.33,7834.0,50.0,0.3334,0,0.0,0,0.0,0,0.0,0,0.0,1,391600.0,0.3333
MPLADS-001877,3,1839000.0,613000.0,613000.0,613000.0,613000.0,0.0,2022-04-09,2022-07-21,103,51.5,51.5,0.71,15325.0,15325.0,40.0,0.3333,0,0.0,0,0.0,0,0.0,0,0.0,1,613000.0,0.3333
MPLADS-001878,3,1880000.0,626666.67,626700.0,626600.0,626700.0,57.74,2023-11-05,2024-02-09,96,48.0,48.0,0.0,15666.67,15667.5,40.0,0.3334,0,0.0,0,0.0,0,0.0,0,0.0,1,626600.0,0.3333
MPLADS-001879,3,8388000.0,2796000.0,2796000.0,2796000.0,2796000.0,0.0,2023-07-19,2024-04-17,273,136.5,136.5,0.71,20970.0,20970.0,133.3,0.3333,0,0.0,0,0.0,0,0.0,0,0.0,1,2796000.0,0.3333
MPLADS-001880,3,1446000.0,482000.0,482000.0,482000.0,482000.0,0.0,2023-03-04,2023-06-28,116,58.0,58.0,0.0,9037.5,9037.5,53.3,0.3333,0,0.0,0,0.0,0,0.0,0,0.0,1,482000.0,0.3333
MPLADS-001881,3,1352000.0,450666.67,450700.0,450600.0,450700.0,57.74,2022-08-13,2022-11-06,85,42.5,42.5,0.71,11266.67,11267.5,40.0,0.3334,0,0.0,0,0.0,0,0.0,0,0.0,1,450600.0,0.3333
MPLADS-001882,3,1713000.0,571000.0,571000.0,571000.0,571000.0,0.0,2023-07-01,2023-11-03,125,62.5,62.5,0.71,10706.25,10706.25,53.3,0.3333,0,0.0,0,0.0,3,1.0,0,0.0,1,571000.0,0.3333
MPLADS-001883,3,1817000.0,605666.67,605700.0,605600.0,605700.0,57.74,2023-05-19,2023-09-14,118,59.0,59.0,0.0,12113.33,12114.0,50.0,0.3334,0,0.0,0,0.0,3,1.0,0,0.0,1,605600.0,0.3333
MPLADS-001884,3,3262000.0,1087333.33,1087300.0,1087300.0,1087400.0,57.74,2023-11-24,2024-04-07,135,67.5,67.5,0.71,15533.34,15534.29,70.0,0.3334,0,0.0,0,0.0,0,0.0,0,0.0,1,1087400.0,0.3334
MPLADS-001885,3,12958000.0,4319333.33,4319300.0,4319300.0,4319400.0,57.74,2022-09-16,2023-06-17,274,137.0,137.0,0.0,32395.0,32395.5,133.3,0.3333,0,0.0,0,0.0,0,0.0,0,0.0,1,4319400.0,0.3333
MPLADS-001886,3,1877000.0,625666.67,625700.0,625600.0,625700.0,57.74,2023-11-03,2024-03-09,127,63.5,63.5,0.71,11731.25,11731.88,53.3,0.3334,0,0.0,0,0.0,0,0.0,0,0.0,1,625600.0,0.3333
MPLADS-001887,3,14756000.0,4918666.67,4918700.0,4918600.0,4918700.0,57.74,2023-01-08,2023-10-19,284,142.0,142.0,0.0,36890.0,36890.25,133.3,0.3333,0,0.0,0,0.0,0,0.0,0,0.0,1,4918600.0,0.3333
MPLADS-001888,3,1437000.0,479000.0,479000.0,479000.0,479000.0,0.0,2023-11-13,2024-02-11,90,45.0,45.0,0.0,11975.0,11975.0,40.0,0.3333,0,0.0,0,0.0,0,0.0,0,0.0,1,479000.0,0.3333
MPLADS-001889,2,517000.0,258500.0,258500.0,258500.0,258500.0,0.0,2023-07-28,2023-08-30,33,33.0,33.0,0.0,8616.67,8616.67,30.0,0.5,0,0.0,0,0.0,0,0.0,0,0.0,1,258500.0,0.5
MPLADS-001890,3,2334000.0,778000.0,778000.0,778000.0,778000.0,0.0,2024-01-16,2025-03-18,427,213.5,213.5,0.71,14587.5,14587.5,53.3,0.3333,0,0.0,0,0.0,0,0.0,0,0.0,1,778000.0,0.3333
MPLADS-001891,3,2353000.0,784333.33,784300.0,784300.0,784400.0,57.74,2023-10-17,2024-02-06,112,56.0,56.0,0.0,15686.67,15688.0,50.0,0.3334,0,0.0,0,0.0,0,0.0,0,0.0,1,784400.0,0.3334
MPLADS-001892,3,2409000.0,803000.0,803000.0,803000.0,803000.0,0.0,2022-12-24,2023-08-21,240,120.0,120.0,0.0,20075.0,20075.0,40.0,0.3333,0,0.0,0,0.0,0,0.0,0,0.0,1,803000.0,0.3333
MPLADS-001893,2,399000.0,199500.0,199500.0,199500.0,199500.0,0.0,2023-04-17,2023-05-22,35,35.0,35.0,0.0,6650.0,6650.0,30.0,0.5,0,0.0,0,0.0,0,0.0,0,0.0,1,199500.0,0.5
MPLADS-001894,3,8438000.0,2812666.67,2812700.0,2812600.0,2812700.0,57.74,2022-11-21,2023-08-08,260,130.0,130.0,0.0,21095.0,21095.25,133.3,0.3333,0,0.0,0,0.0,0,0.0,0,0.0,1,2812600.0,0.3333
MPLADS-001895,2,673000.0,336500.0,336500.0,336500.0,336500.0,0.0,2023-12-30,2024-02-13,45,45.0,45.0,0.0,7477.78,7477.78,45.0,0.5,0,0.0,0,0.0,0,0.0,0,0.0,1,336500.0,0.5
MPLADS-001896,2,758000.0,379000.0,379000.0,379000.0,379000.0,0.0,2022-05-17,2022-07-17,61,61.0,61.0,0.0,8422.22,8422.22,45.0,0.5,0,0.0,0,0.0,0,0.0,0,0.0,1,379000.0,0.5
MPLADS-001897,3,12428000.0,4142666.67,4142700.0,4142600.0,4142700.0,57.74,2023-09-29,2024-07-12,287,143.5,143.5,0.71,31070.0,31070.25,133.3,0.3333,0,0.0,0,0.0,3,1.0,0,0.0,1,4142600.0,0.3333
MPLADS-001898,3,1463000.0,487666.67,487700.0,487600.0,487700.0,57.74,2023-11-30,2024-03-09,100,50.0,50.0,0.0,9143.75,9144.38,53.3,0.3334,0,0.0,1,0.3333,0,0.0,0,0.0,1,487600.0,0.3333
MPLADS-001899,2,777000.0,388500.0,388500.0,388500.0,388500.0,0.0,2023-03-21,2023-04-17,27,27.0,27.0,0.0,12950.0,12950.0,30.0,0.5,0,0.0,0,0.0,0,0.0,0,0.0,1,388500.0,0.5
MPLADS-001900,3,11703000.0,3901000.0,3901000.0,3901000.0,3901000.0,0.0,2023-06-11,2023-11-15,157,78.5,78.5,0.71,55728.57,55728.57,70.0,0.3333,0,0.0,0,0.0,0,0.0,0,0.0,1,3901000.0,0.3333
MPLADS-001901,3,2272000.0,757333.33,757300.0,757300.0,757400.0,57.74,2023-07-11,2023-11-08,120,60.0,60.0,0.0,14200.0,14201.25,53.3,0.3334,0,0.0,0,0.0,0,0.0,0,0.0,1,757400.0,0.3334
MPLADS-001902,3,2993000.0,997666.67,997700.0,997600.0,997700.0,57.74,2023-10-11,2024-02-27,139,69.5,69.5,0.71,14252.38,14252.86,70.0,0.3333,0,0.0,0,0.0,0,0.0,0,0.0,1,997600.0,0.3333
MPLADS-001903,3,1350000.0,450000.0,450000.0,450000.0,450000.0,0.0,2023-05-19,2023-08-17,90,45.0,45.0,0.0,11250.0,11250.0,40.0,0.3333,0,0.0,0,0.0,0,0.0,3,1.0,1,450000.0,0.3333
MPLADS-001904,3,8528000.0,2842666.67,2842700.0,2842600.0,2842700.0,57.74,2022-07-11,2023-04-22,285,142.5,142.5,0.71,21320.0,21320.25,133.3,0.3333,0,0.0,0,0.0,0,0.0,0,0.0,1,2842600.0,0.3333
MPLADS-001905,3,1337000.0,445666.67,445700.0,445600.0,445700.0,57.74,2024-01-13,2024-03-27,74,37.0,37.0,0.0,11141.67,11142.5,40.0,0.3334,0,0.0,0,0.0,3,1.0,0,0.0,1,445600.0,0.3333
MPLADS-001906,3,9166000.0,3055333.33,3055300.0,3055300.0,3055400.0,57.74,2024-02-24,2024-11-22,272,136.0,136.0,0.0,22915.0,22915.5,133.3,0.3333,0,0.0,0,0.0,0,0.0,0,0.0,1,3055400.0,0.3333
MPLADS-001907,2,847000.0,423500.0,423500.0,423500.0,423500.0,0.0,2022-11-14,2023-01-09,56,56.0,56.0,0.0,9411.11,9411.11,45.0,0.5,0,0.0,0,0.0,0,0.0,0,0.0,1,423500.0,0.5
MPLADS-001908,3,1093000.0,364333.33,364300.0,364300.0,364400.0,57.74,2023-02-18,2023-04-09,50,25.0,25.0,0.0,12144.44,12146.67,30.0,0.3334,0,0.0,0,0.0,0,0.0,0,0.0,1,364400.0,0.3334
MPLADS-001909,3,1357000.0,452333.33,452300.0,452300.0,452400.0,57.74,2024-01-07,2024-04-14,98,49.0,49.0,0.0,9046.67,9048.0,50.0,0.3334,0,0.0,0,0.0,0,0.0,0,0.0,1,452400.0,0.3334
MPLADS-001910,2,583000.0,291500.0,291500.0,291500.0,291500.0,0.0,2022-04-09,2022-05-20,41,41.0,41.0,0.0,6477.78,6477.78,45.0,0.5,0,0.0,0,0.0,0,0.0,0,0.0,1,291500.0,0.5
MPLADS-001911,2,772000.0,386000.0,386000.0,386000.0,386000.0,0.0,2023-05-29,2023-07-14,46,46.0,46.0,0.0,8577.78,8577.78,45.0,0.5,0,0.0,0,0.0,2,1.0,0,0.0,1,386000.0,0.5
MPLADS-001912,3,8519000.0,2839666.67,2839700.0,2839600.0,2839700.0,57.74,2023-07-19,2023-11-18,122,61.0,61.0,0.0,53243.75,53244.38,53.3,0.3333,0,0.0,0,0.0,0,0.0,0,0.0,1,2839600.0,0.3333
MPLADS-001913,3,1810000.0,603333.33,603300.0,603300.0,603400.0,57.74,2022-10-08,2024-01-31,480,240.0,240.0,0.0,10055.56,10056.67,60.0,0.3334,0,0.0,0,0.0,0,0.0,0,0.0,1,603400.0,0.3334
MPLADS-001914,3,2781000.0,927000.0,927000.0,927000.0,927000.0,0.0,2023-04-26,2023-08-04,100,50.0,50.0,0.0,17381.25,17381.25,53.3,0.3333,0,0.0,0,0.0,0,0.0,0,0.0,1,927000.0,0.3333
MPLADS-001915,2,955000.0,477500.0,477500.0,477500.0,477500.0,0.0,2023-12-10,2024-01-22,43,43.0,43.0,0.0,10611.11,10611.11,45.0,0.5,0,0.0,0,0.0,0,0.0,0,0.0,1,477500.0,0.5
MPLADS-001916,3,2008000.0,669333.33,669300.0,669300.0,669400.0,57.74,2023-05-17,2023-08-01,76,38.0,38.0,0.0,16733.33,16735.0,40.0,0.3334,0,0.0,0,0.0,0,0.0,0,0.0,1,669400.0,0.3334
MPLADS-001917,3,2485000.0,828333.33,828300.0,828300.0,828400.0,57.74,2024-01-27,2024-06-28,153,76.5,76.5,0.71,11833.34,11834.29,70.0,0.3334,0,0.0,0,0.0,0,0.0,0,0.0,1,828400.0,0.3334
MPLADS-001918,3,2433000.0,811000.0,811000.0,811000.0,811000.0,0.0,2022-06-11,2022-10-01,112,56.0,56.0,0.0,13516.67,13516.67,60.0,0.3333,0,0.0,0,0.0,0,0.0,0,0.0,1,811000.0,0.3333
MPLADS-001919,3,1542000.0,514000.0,514000.0,514000.0,514000.0,0.0,2022-11-24,2023-03-20,116,58.0,58.0,0.0,10280.0,10280.0,50.0,0.3333,0,0.0,0,0.0,0,0.0,0,0.0,1,514000.0,0.3333
MPLADS-001920,2,512000.0,256000.0,256000.0,256000.0,256000.0,0.0,2022-03-29,2022-05-14,46,46.0,46.0,0.0,8533.33,8533.33,30.0,0.5,0,0.0,1,0.5,0,0.0,0,0.0,1,256000.0,0.5
MPLADS-001921,3,2653000.0,884333.33,884300.0,884300.0,884400.0,57.74,2022-12-06,2023-04-15,130,65.0,65.0,0.0,12633.34,12634.29,70.0,0.3334,0,0.0,0,0.0,0,0.0,0,0.0,1,884400.0,0.3334
MPLADS-001922,2,953000.0,476500.0,476500.0,476500.0,476500.0,0.0,2023-04-01,2023-05-26,55,55.0,55.0,0.0,10588.89,10588.89,45.0,0.5,0,0.0,0,0.0,0,0.0,0,0.0,1,476500.0,0.5
MPLADS-001923,3,1517000.0,505666.67,505700.0,505600.0,505700.0,57.74,2023-03-12,2023-06-09,89,44.5,44.5,0.71,12641.67,12642.5,40.0,0.3334,0,0.0,0,0.0,0,0.0,0,0.0,1,505600.0,0.3333
MPLADS-001924,3,56208000.0,18736000.0,18736000.0,18736000.0,18736000.0,0.0,2023-05-07,2024-02-15,284,142.0,142.0,0.0,140520.0,140520.0,133.3,0.3333,0,0.0,0,0.0,0,0.0,0,0.0,1,18736000.0,0.3333
MPLADS-001925,2,873000.0,436500.0,436500.0,436500.0,436500.0,0.0,2022-11-28,2023-01-16,49,49.0,49.0,0.0,9700.0,9700.0,45.0,0.5,0,0.0,0,0.0,0,0.0,0,0.0,1,436500.0,0.5
MPLADS-001926,3,4009000.0,1336333.33,1336300.0,1336300.0,1336400.0,57.74,2022-06-22,2022-08-30,69,34.5,34.5,0.71,44544.44,44546.67,30.0,0.3333,0,0.0,0,0.0,0,0.0,0,0.0,1,1336400.0,0.3333
MPLADS-001927,2,591000.0,295500.0,295500.0,295500.0,295500.0,0.0,2023-04-07,2023-06-01,55,55.0,55.0,0.0,6566.67,6566.67,45.0,0.5,0,0.0,0,0.0,0,0.0,0,0.0,1,295500.0,0.5
MPLADS-001928,3,3192000.0,1064000.0,1064000.0,1064000.0,1064000.0,0.0,2024-01-07,2024-05-18,132,66.0,66.0,0.0,17733.33,17733.33,60.0,0.3333,0,0.0,0,0.0,0,0.0,0,0.0,1,1064000.0,0.3333
MPLADS-001929,3,2171000.0,723666.67,723700.0,723600.0,723700.0,57.74,2022-07-29,2022-12-14,138,69.0,69.0,0.0,12061.11,12061.67,60.0,0.3333,0,0.0,0,0.0,0,0.0,0,0.0,1,723600.0,0.3333
MPLADS-001930,2,956000.0,478000.0,478000.0,478000.0,478000.0,0.0,2024-01-16,2024-02-27,42,42.0,42.0,0.0,10622.22,10622.22,45.0,0.5,0,0.0,0,0.0,0,0.0,0,0.0,1,478000.0,0.5
MPLADS-001931,3,2624000.0,874666.67,874700.0,874600.0,874700.0,57.74,2023-01-09,2023-05-25,136,68.0,68.0,0.0,14577.78,14578.33,60.0,0.3333,0,0.0,1,0.3333,0,0.0,0,0.0,1,874600.0,0.3333
MPLADS-001932,3,13320000.0,4440000.0,4440000.0,4440000.0,4440000.0,0.0,2022-09-17,2023-01-31,136,68.0,68.0,0.0,63428.57,63428.57,70.0,0.3333,0,0.0,0,0.0,0,0.0,0,0.0,1,4440000.0,0.3333
MPLADS-001933,2,435000.0,217500.0,217500.0,217500.0,217500.0,0.0,2022-04-28,2022-06-14,47,47.0,47.0,0.0,7250.0,7250.0,30.0,0.5,0,0.0,0,0.0,0,0.0,0,0.0,1,217500.0,0.5
MPLADS-001934,3,3383000.0,1127666.67,1127700.0,1127600.0,1127700.0,57.74,2022-10-18,2023-03-04,137,68.5,68.5,0.71,18794.44,18795.0,60.0,0.3333,0,0.0,1,0.3333,0,0.0,0,0.0,1,1127600.0,0.3333
MPLADS-001935,3,2063000.0,687666.67,687700.0,687600.0,687700.0,57.74,2024-02-28,2024-07-14,137,68.5,68.5,0.71,9823.81,9824.29,70.0,0.3333,0,0.0,0,0.0,0,0.0,0,0.0,1,687600.0,0.3333
MPLADS-001936,3,1793000.0,597666.67,597700.0,597600.0,597700.0,57.74,2022-11-14,2023-02-12,90,45.0,45.0,0.0,14941.67,14942.5,40.0,0.3334,0,0.0,0,0.0,0,0.0,0,0.0,1,597600.0,0.3333
MPLADS-001937,3,1391000.0,463666.67,463700.0,463600.0,463700.0,57.74,2022-12-04,2023-02-24,82,41.0,41.0,0.0,11591.67,11592.5,40.0,0.3334,0,0.0,0,0.0,3,1.0,0,0.0,1,463600.0,0.3333
MPLADS-001938,2,904000.0,452000.0,452000.0,452000.0,452000.0,0.0,2024-02-22,2024-04-11,49,49.0,49.0,0.0,10044.44,10044.44,45.0,0.5,0,0.0,0,0.0,0,0.0,0,0.0,1,452000.0,0.5
MPLADS-001939,2,932000.0,466000.0,466000.0,466000.0,466000.0,0.0,2023-03-09,2023-04-29,51,51.0,51.0,0.0,10355.56,10355.56,45.0,0.5,0,0.0,1,0.5,0,0.0,0,0.0,1,466000.0,0.5
MPLADS-001940,3,1888000.0,629333.33,629300.0,629300.0,629400.0,57.74,2022-07-08,2022-10-14,98,49.0,49.0,0.0,12586.67,12588.0,50.0,0.3334,0,0.0,0,0.0,0,0.0,0,0.0,1,629400.0,0.3334
MPLADS-001941,3,1656000.0,552000.0,552000.0,552000.0,552000.0,0.0,2023-07-10,2023-10-23,105,52.5,52.5,0.71,11040.0,11040.0,50.0,0.3333,0,0.0,0,0.0,0,0.0,0,0.0,1,552000.0,0.3333
MPLADS-001942,3,1101000.0,367000.0,367000.0,367000.0,367000.0,0.0,2022-05-23,2022-09-13,113,56.5,56.5,0.71,7340.0,7340.0,50.0,0.3333,0,0.0,0,0.0,0,0.0,0,0.0,1,367000.0,0.3333
MPLADS-001943,3,2494000.0,831333.33,831300.0,831300.0,831400.0,57.74,2022-10-20,2023-02-03,106,53.0,53.0,0.0,15587.5,15588.75,53.3,0.3334,0,0.0,0,0.0,0,0.0,0,0.0,1,831400.0,0.3334
MPLADS-001944,3,2718000.0,906000.0,906000.0,906000.0,906000.0,0.0,2022-09-27,2023-03-03,157,78.5,78.5,0.71,12942.86,12942.86,70.0,0.3333,0,0.0,0,0.0,0,0.0,0,0.0,1,906000.0,0.3333
MPLADS-001945,3,2377000.0,792333.33,792300.0,792300.0,792400.0,57.74,2023-03-11,2023-04-11,31,15.5,15.5,0.71,39616.67,39620.0,20.0,0.3334,0,0.0,0,0.0,0,0.0,0,0.0,1,792400.0,0.3334
MPLADS-001946,2,798000.0,399000.0,399000.0,399000.0,399000.0,0.0,2024-01-15,2024-02-22,38,38.0,38.0,0.0,8866.67,8866.67,45.0,0.5,0,0.0,0,0.0,0,0.0,0,0.0,1,399000.0,0.5
MPLADS-001947,3,2080000.0,693333.33,693300.0,693300.0,693400.0,57.74,2023-02-26,2023-06-22,116,58.0,58.0,0.0,11555.56,11556.67,60.0,0.3334,0,0.0,0,0.0,0,0.0,0,0.0,1,693400.0,0.3334
MPLADS-001948,3,1002000.0,334000.0,334000.0,334000.0,334000.0,0.0,2023-05-13,2023-07-24,72,36.0,36.0,0.0,11133.33,11133.33,30.0,0.3333,0,0.0,0,0.0,3,1.0,0,0.0,1,334000.0,0.3333
MPLADS-001949,2,554000.0,277000.0,277000.0,277000.0,277000.0,0.0,2022-05-18,2022-07-13,56,56.0,56.0,0.0,6155.56,6155.56,45.0,0.5,0,0.0,0,0.0,0,0.0,0,0.0,1,277000.0,0.5
MPLADS-001950,2,699000.0,349500.0,349500.0,349500.0,349500.0,0.0,2023-05-18,2023-07-19,62,62.0,62.0,0.0,7766.67,7766.67,45.0,0.5,0,0.0,0,0.0,0,0.0,0,0.0,1,349500.0,0.5
MPLADS-001951,2,941000.0,470500.0,470500.0,470500.0,470500.0,0.0,2022-11-20,2022-12-30,40,40.0,40.0,0.0,10455.56,10455.56,45.0,0.5,0,0.0,0,0.0,0,0.0,0,0.0,1,470500.0,0.5
MPLADS-001952,3,2588000.0,862666.67,862700.0,862600.0,862700.0,57.74,2023-07-26,2023-12-01,128,64.0,64.0,0.0,14377.78,14378.33,60.0,0.3333,0,0.0,0,0.0,0,0.0,0,0.0,1,862600.0,0.3333
MPLADS-001953,3,1849000.0,616333.33,616300.0,616300.0,616400.0,57.74,2022-10-20,2023-02-19,122,61.0,61.0,0.0,11556.25,11557.5,53.3,0.3334,0,0.0,0,0.0,0,0.0,0,0.0,1,616400.0,0.3334
MPLADS-001954,3,12471000.0,4157000.0,4157000.0,4157000.0,4157000.0,0.0,2022-08-15,2023-05-06,264,132.0,132.0,0.0,31177.5,31177.5,133.3,0.3333,0,0.0,0,0.0,0,0.0,0,0.0,1,4157000.0,0.3333
MPLADS-001955,2,564000.0,282000.0,282000.0,282000.0,282000.0,0.0,2023-03-21,2023-04-19,29,29.0,29.0,0.0,9400.0,9400.0,30.0,0.5,0,0.0,0,0.0,0,0.0,0,0.0,1,282000.0,0.5
MPLADS-001956,3,12145000.0,4048333.33,4048300.0,4048300.0,4048400.0,57.74,2023-10-25,2024-07-15,264,132.0,132.0,0.0,30362.5,30363.0,133.3,0.3333,0,0.0,0,0.0,0,0.0,0,0.0,1,4048400.0,0.3333
MPLADS-001957,2,767000.0,383500.0,383500.0,383500.0,383500.0,0.0,2023-02-11,2023-03-26,43,43.0,43.0,0.0,12783.33,12783.33,30.0,0.5,0,0.0,0,0.0,0,0.0,0,0.0,1,383500.0,0.5
MPLADS-001958,3,2726000.0,908666.67,908700.0,908600.0,908700.0,57.74,2022-08-19,2023-10-13,420,210.0,210.0,0.0,12980.95,12981.43,70.0,0.3333,0,0.0,0,0.0,0,0.0,0,0.0,1,908600.0,0.3333
MPLADS-001959,3,14196000.0,4732000.0,4732000.0,4732000.0,4732000.0,0.0,2022-11-25,2023-08-14,262,131.0,131.0,0.0,35490.0,35490.0,133.3,0.3333,0,0.0,0,0.0,0,0.0,0,0.0,1,4732000.0,0.3333
MPLADS-001960,2,704000.0,352000.0,352000.0,352000.0,352000.0,0.0,2023-09-26,2023-11-10,45,45.0,45.0,0.0,7822.22,7822.22,45.0,0.5,0,0.0,0,0.0,0,0.0,0,0.0,1,352000.0,0.5
MPLADS-001961,3,2809000.0,936333.33,936300.0,936300.0,936400.0,57.74,2023-11-03,2024-02-20,109,54.5,54.5,0.71,17556.25,17557.5,53.3,0.3334,0,0.0,0,0.0,0,0.0,0,0.0,1,936400.0,0.3334
MPLADS-001962,3,8189000.0,2729666.67,2729700.0,2729600.0,2729700.0,57.74,2024-02-16,2024-11-05,263,131.5,131.5,0.71,20472.5,20472.75,133.3,0.3333,0,0.0,0,0.0,3,1.0,0,0.0,1,2729600.0,0.3333
MPLADS-001963,3,3232000.0,1077333.33,1077300.0,1077300.0,1077400.0,57.74,2022-11-25,2023-04-11,137,68.5,68.5,0.71,17955.56,17956.67,60.0,0.3334,0,0.0,0,0.0,0,0.0,0,0.0,1,1077400.0,0.3334
MPLADS-001964,2,665000.0,332500.0,332500.0,332500.0,332500.0,0.0,2022-08-30,2022-10-07,38,38.0,38.0,0.0,7388.89,7388.89,45.0,0.5,0,0.0,0,0.0,0,0.0,0,0.0,1,332500.0,0.5
MPLADS-001965,3,2932000.0,977333.33,977300.0,977300.0,977400.0,57.74,2022-11-24,2023-04-03,130,65.0,65.0,0.0,16288.89,16290.0,60.0,0.3334,0,0.0,0,0.0,0,0.0,0,0.0,1,977400.0,0.3334
MPLADS-001966,3,1429000.0,476333.33,476300.0,476300.0,476400.0,57.74,2022-06-21,2022-10-13,114,57.0,57.0,0.0,9526.67,9528.0,50.0,0.3334,0,0.0,0,0.0,0,0.0,0,0.0,1,476400.0,0.3334
MPLADS-001967,3,11106000.0,3702000.0,3702000.0,3702000.0,3702000.0,0.0,2022-08-03,2023-05-06,276,138.0,138.0,0.0,27765.0,27765.0,133.3,0.3333,0,0.0,0,0.0,0,0.0,0,0.0,1,3702000.0,0.3333
MPLADS-001968,3,1674000.0,558000.0,558000.0,558000.0,558000.0,0.0,2023-11-18,2024-03-22,125,62.5,62.5,0.71,9300.0,9300.0,60.0,0.3333,0,0.0,1,0.3333,0,0.0,0,0.0,1,558000.0,0.3333
MPLADS-001969,3,3123000.0,1041000.0,1041000.0,1041000.0,1041000.0,0.0,2023-09-12,2024-01-28,138,69.0,69.0,0.0,14871.43,14871.43,70.0,0.3333,0,0.0,0,0.0,0,0.0,0,0.0,1,1041000.0,0.3333
MPLADS-001970,3,2616000.0,872000.0,872000.0,872000.0,872000.0,0.0,2023-01-23,2023-06-13,141,70.5,70.5,0.71,14533.33,14533.33,60.0,0.3333,0,0.0,0,0.0,3,1.0,0,0.0,1,872000.0,0.3333
MPLADS-001971,3,1351000.0,450333.33,450300.0,450300.0,450400.0,57.74,2022-11-29,2023-03-23,114,57.0,57.0,0.0,9006.67,9008.0,50.0,0.3334,0,0.0,0,0.0,0,0.0,0,0.0,1,450400.0,0.3334
MPLADS-001972,3,3133000.0,1044333.33,1044300.0,1044300.0,1044400.0,57.74,2023-07-27,2023-12-21,147,73.5,73.5,0.71,14919.05,14920.0,70.0,0.3334,0,0.0,0,0.0,0,0.0,0,0.0,1,1044400.0,0.3334
MPLADS-001973,3,14252000.0,4750666.67,4750700.0,4750600.0,4750700.0,57.74,2024-03-27,2025-01-05,284,142.0,142.0,0.0,35630.0,35630.25,133.3,0.3333,0,0.0,0,0.0,0,0.0,0,0.0,1,4750600.0,0.3333
MPLADS-001974,3,1626000.0,542000.0,542000.0,542000.0,542000.0,0.0,2022-10-07,2023-01-03,88,44.0,44.0,0.0,13550.0,13550.0,40.0,0.3333,0,0.0,0,0.0,0,0.0,0,0.0,1,542000.0,0.3333
MPLADS-001975,3,65808000.0,21936000.0,21936000.0,21936000.0,21936000.0,0.0,2023-11-13,2024-08-13,274,137.0,137.0,0.0,164520.0,164520.0,133.3,0.3333,0,0.0,0,0.0,0,0.0,0,0.0,1,21936000.0,0.3333
MPLADS-001976,3,4666000.0,1555333.33,1555300.0,1555300.0,1555400.0,57.74,2023-07-09,2023-11-01,115,57.5,57.5,0.71,25922.22,25923.33,60.0,0.3333,0,0.0,0,0.0,0,0.0,0,0.0,1,1555400.0,0.3333
MPLADS-001977,3,1090000.0,363333.33,363300.0,363300.0,363400.0,57.74,2023-09-12,2024-01-08,118,59.0,59.0,0.0,7266.67,7268.0,50.0,0.3334,0,0.0,0,0.0,0,0.0,0,0.0,1,363400.0,0.3334
MPLADS-001978,3,2808000.0,936000.0,936000.0,936000.0,936000.0,0.0,2022-05-20,2022-09-16,119,59.5,59.5,0.71,15600.0,15600.0,60.0,0.3333,0,0.0,0,0.0,0,0.0,0,0.0,1,936000.0,0.3333
MPLADS-001979,3,2854000.0,951333.33,951300.0,951300.0,951400.0,57.74,2023-03-25,2023-07-15,112,56.0,56.0,0.0,17837.5,17838.75,53.3,0.3334,0,0.0,1,0.3333,0,0.0,0,0.0,1,951400.0,0.3334
MPLADS-001980,2,645000.0,322500.0,322500.0,322500.0,322500.0,0.0,2022-07-21,2022-08-25,35,35.0,35.0,0.0,10750.0,10750.0,30.0,0.5,0,0.0,0,0.0,0,0.0,0,0.0,1,322500.0,0.5
MPLADS-001981,3,10504000.0,3501333.33,3501300.0,3501300.0,3501400.0,57.74,2022-07-10,2023-03-31,264,132.0,132.0,0.0,26260.0,26260.5,133.3,0.3333,0,0.0,0,0.0,0,0.0,0,0.0,1,3501400.0,0.3333
MPLADS-001982,3,14411000.0,4803666.67,4803700.0,4803600.0,4803700.0,57.74,2023-03-31,2024-01-07,282,141.0,141.0,0.0,36027.5,36027.75,133.3,0.3333,0,0.0,1,0.3333,0,0.0,0,0.0,1,4803600.0,0.3333
MPLADS-001983,3,1372000.0,457333.33,457300.0,457300.0,457400.0,57.74,2023-08-20,2023-12-11,113,56.5,56.5,0.71,9146.67,9148.0,50.0,0.3334,0,0.0,0,0.0,0,0.0,0,0.0,1,457400.0,0.3334
MPLADS-001984,2,524000.0,262000.0,262000.0,262000.0,262000.0,0.0,2022-11-26,2022-12-20,24,24.0,24.0,0.0,8733.33,8733.33,30.0,0.5,0,0.0,0,0.0,0,0.0,0,0.0,1,262000.0,0.5
MPLADS-001985,3,2033000.0,677666.67,677700.0,677600.0,677700.0,57.74,2023-12-15,2024-04-08,115,57.5,57.5,0.71,12706.25,12706.88,53.3,0.3333,0,0.0,0,0.0,0,0.0,0,0.0,1,677600.0,0.3333
MPLADS-001986,2,624000.0,312000.0,312000.0,312000.0,312000.0,0.0,2023-12-30,2024-02-03,35,35.0,35.0,0.0,10400.0,10400.0,30.0,0.5,0,0.0,0,0.0,0,0.0,0,0.0,1,312000.0,0.5
MPLADS-001987,3,1352000.0,450666.67,450700.0,450600.0,450700.0,57.74,2023-09-09,2023-12-27,109,54.5,54.5,0.71,9013.33,9014.0,50.0,0.3334,0,0.0,0,0.0,0,0.0,0,0.0,1,450600.0,0.3333
MPLADS-001988,2,413000.0,206500.0,206500.0,206500.0,206500.0,0.0,2023-10-24,2023-12-03,40,40.0,40.0,0.0,6883.33,6883.33,30.0,0.5,0,0.0,0,0.0,0,0.0,0,0.0,1,206500.0,0.5
MPLADS-001989,3,5260000.0,1753333.33,1753300.0,1753300.0,1753400.0,57.74,2023-03-05,2023-06-23,110,55.0,55.0,0.0,35066.67,35068.0,50.0,0.3333,0,0.0,1,0.3333,0,0.0,0,0.0,1,1753400.0,0.3333
MPLADS-001990,3,1699000.0,566333.33,566300.0,566300.0,566400.0,57.74,2022-11-06,2023-12-11,400,200.0,200.0,0.0,11326.67,11328.0,50.0,0.3334,0,0.0,0,0.0,0,0.0,0,0.0,1,566400.0,0.3334
MPLADS-001991,2,481000.0,240500.0,240500.0,240500.0,240500.0,0.0,2022-05-01,2022-05-31,30,30.0,30.0,0.0,8016.67,8016.67,30.0,0.5,0,0.0,0,0.0,0,0.0,0,0.0,1,240500.0,0.5
MPLADS-001992,2,481000.0,240500.0,240500.0,240500.0,240500.0,0.0,2023-09-12,2023-10-15,33,33.0,33.0,0.0,8016.67,8016.67,30.0,0.5,0,0.0,0,0.0,0,0.0,0,0.0,1,240500.0,0.5
MPLADS-001993,3,2124000.0,708000.0,708000.0,708000.0,708000.0,0.0,2023-10-08,2024-03-10,154,77.0,77.0,0.0,10114.29,10114.29,70.0,0.3333,0,0.0,1,0.3333,0,0.0,0,0.0,1,708000.0,0.3333
MPLADS-001994,3,3866000.0,1288666.67,1288700.0,1288600.0,1288700.0,57.74,2023-05-29,2023-10-07,131,65.5,65.5,0.71,18409.52,18410.0,70.0,0.3333,0,0.0,0,0.0,0,0.0,0,0.0,1,1288600.0,0.3333
MPLADS-001995,2,881000.0,440500.0,440500.0,440500.0,440500.0,0.0,2023-01-09,2023-02-16,38,38.0,38.0,0.0,9788.89,9788.89,45.0,0.5,0,0.0,0,0.0,0,0.0,0,0.0,1,440500.0,0.5
MPLADS-001996,2,971000.0,485500.0,485500.0,485500.0,485500.0,0.0,2023-11-18,2024-01-03,46,46.0,46.0,0.0,10788.89,10788.89,45.0,0.5,0,0.0,0,0.0,2,1.0,0,0.0,1,485500.0,0.5
MPLADS-001997,3,1522000.0,507333.33,507300.0,507300.0,507400.0,57.74,2023-04-24,2023-07-27,94,47.0,47.0,0.0,12683.33,12685.0,40.0,0.3334,0,0.0,0,0.0,0,0.0,0,0.0,1,507400.0,0.3334
MPLADS-001998,3,11288000.0,3762666.67,3762700.0,3762600.0,3762700.0,57.74,2023-10-20,2024-07-25,279,139.5,139.5,0.71,28220.0,28220.25,133.3,0.3333,0,0.0,1,0.3333,0,0.0,0,0.0,1,3762600.0,0.3333
MPLADS-001999,3,9080000.0,3026666.67,3026700.0,3026600.0,3026700.0,57.74,2024-02-06,2024-10-28,265,132.5,132.5,0.71,22700.0,22700.25,133.3,0.3333,0,0.0,0,0.0,0,0.0,0,0.0,1,3026600.0,0.3333
MPLADS-002000,2,359000.0,179500.0,179500.0,179500.0,179500.0,0.0,2024-01-10,2024-02-19,40,40.0,40.0,0.0,3988.89,3988.89,45.0,0.5,0,0.0,0,0.0,0,0.0,0,0.0,1,179500.0,0.5
MPLADS-002001,2,739000.0,369500.0,369500.0,369500.0,369500.0,0.0,2023-07-09,2023-08-21,43,43.0,43.0,0.0,8211.11,8211.11,45.0,0.5,0,0.0,0,0.0,0,0.0,0,0.0,1,369500.0,0.5
MPLADS-002002,3,9452000.0,3150666.67,3150700.0,3150600.0,3150700.0,57.74,2022-11-12,2023-08-11,272,136.0,136.0,0.0,23630.0,23630.25,133.3,0.3333,0,0.0,0,0.0,3,1.0,0,0.0,1,3150600.0,0.3333
MPLADS-002003,3,11503000.0,3834333.33,3834300.0,3834300.0,3834400.0,57.74,2023-03-01,2023-08-11,163,81.5,81.5,0.71,54776.19,54777.14,70.0,0.3333,0,0.0,0,0.0,0,0.0,0,0.0,1,3834400.0,0.3333
MPLADS-002004,3,3158000.0,1052666.67,1052700.0,1052600.0,1052700.0,57.74,2023-11-04,2024-04-09,157,78.5,78.5,0.71,15038.09,15038.57,70.0,0.3333,0,0.0,0,0.0,0,0.0,0,0.0,1,1052600.0,0.3333
MPLADS-002005,2,452000.0,226000.0,226000.0,226000.0,226000.0,0.0,2022-04-04,2022-05-03,29,29.0,29.0,0.0,7533.33,7533.33,30.0,0.5,0,0.0,0,0.0,0,0.0,0,0.0,1,226000.0,0.5
MPLADS-002006,2,928000.0,464000.0,464000.0,464000.0,464000.0,0.0,2023-05-03,2023-07-04,62,62.0,62.0,0.0,10311.11,10311.11,45.0,0.5,0,0.0,0,0.0,0,0.0,0,0.0,1,464000.0,0.5
MPLADS-002007,3,2706000.0,902000.0,902000.0,902000.0,902000.0,0.0,2022-10-27,2023-02-18,114,57.0,57.0,0.0,15033.33,15033.33,60.0,0.3333,0,0.0,0,0.0,3,1.0,0,0.0,1,902000.0,0.3333
MPLADS-002008,3,12125000.0,4041666.67,4041700.0,4041600.0,4041700.0,57.74,2023-03-06,2023-12-21,290,145.0,145.0,0.0,30312.5,30312.75,133.3,0.3333,0,0.0,0,0.0,3,1.0,0,0.0,1,4041600.0,0.3333
MPLADS-002009,3,8268000.0,2756000.0,2756000.0,2756000.0,2756000.0,0.0,2023-02-12,2023-11-27,288,144.0,144.0,0.0,20670.0,20670.0,133.3,0.3333,0,0.0,0,0.0,0,0.0,0,0.0,1,2756000.0,0.3333
MPLADS-002010,2,576000.0,288000.0,288000.0,288000.0,288000.0,0.0,2022-07-22,2022-08-20,29,29.0,29.0,0.0,9600.0,9600.0,30.0,0.5,0,0.0,0,0.0,0,0.0,0,0.0,1,288000.0,0.5
MPLADS-002011,3,2641000.0,880333.33,880300.0,880300.0,880400.0,57.74,2023-04-04,2023-05-31,57,28.5,28.5,0.71,29344.44,29346.67,30.0,0.3334,0,0.0,0,0.0,0,0.0,0,0.0,1,880400.0,0.3334
MPLADS-002012,2,353000.0,176500.0,176500.0,176500.0,176500.0,0.0,2023-03-12,2023-04-28,47,47.0,47.0,0.0,5883.33,5883.33,30.0,0.5,0,0.0,0,0.0,0,0.0,0,0.0,1,176500.0,0.5
MPLADS-002013,3,2772000.0,924000.0,924000.0,924000.0,924000.0,0.0,2024-02-10,2024-06-02,113,56.5,56.5,0.71,17325.0,17325.0,53.3,0.3333,0,0.0,0,0.0,0,0.0,0,0.0,1,924000.0,0.3333
MPLADS-002014,3,3280000.0,1093333.33,1093300.0,1093300.0,1093400.0,57.74,2024-01-10,2024-05-13,124,62.0,62.0,0.0,18222.22,18223.33,60.0,0.3334,0,0.0,0,0.0,0,0.0,0,0.0,1,1093400.0,0.3334
MPLADS-002015,3,1116000.0,372000.0,372000.0,372000.0,372000.0,0.0,2022-06-18,2022-09-24,98,49.0,49.0,0.0,7440.0,7440.0,50.0,0.3333,0,0.0,0,0.0,0,0.0,0,0.0,1,372000.0,0.3333
MPLADS-002016,3,1834000.0,611333.33,611300.0,611300.0,611400.0,57.74,2023-04-17,2023-08-07,112,56.0,56.0,0.0,11462.5,11463.75,53.3,0.3334,0,0.0,0,0.0,0,0.0,0,0.0,1,611400.0,0.3334
MPLADS-002017,3,3198000.0,1066000.0,1066000.0,1066000.0,1066000.0,0.0,2023-06-07,2023-10-06,121,60.5,60.5,0.71,17766.67,17766.67,60.0,0.3333,0,0.0,0,0.0,0,0.0,0,0.0,1,1066000.0,0.3333
MPLADS-002018,3,3711000.0,1237000.0,1237000.0,1237000.0,1237000.0,0.0,2023-01-24,2023-06-29,156,78.0,78.0,0.0,17671.43,17671.43,70.0,0.3333,0,0.0,0,0.0,3,1.0,0,0.0,1,1237000.0,0.3333
MPLADS-002019,3,1955000.0,651666.67,651700.0,651600.0,651700.0,57.74,2023-09-18,2023-12-24,97,48.5,48.5,0.71,16291.67,16292.5,40.0,0.3334,0,0.0,0,0.0,0,0.0,0,0.0,1,651600.0,0.3333
MPLADS-002020,3,3183000.0,1061000.0,1061000.0,1061000.0,1061000.0,0.0,2022-08-25,2023-01-13,141,70.5,70.5,0.71,15157.14,15157.14,70.0,0.3333,0,0.0,0,0.0,0,0.0,0,0.0,1,1061000.0,0.3333
MPLADS-002021,3,1630000.0,543333.33,543300.0,543300.0,543400.0,57.74,2022-06-10,2022-09-08,90,45.0,45.0,0.0,10866.67,10868.0,50.0,0.3334,0,0.0,0,0.0,3,1.0,0,0.0,1,543400.0,0.3334
MPLADS-002022,3,2661000.0,887000.0,887000.0,887000.0,887000.0,0.0,2023-11-04,2024-02-20,108,54.0,54.0,0.0,16631.25,16631.25,53.3,0.3333,0,0.0,0,0.0,0,0.0,0,0.0,1,887000.0,0.3333
MPLADS-002023,3,1026000.0,342000.0,342000.0,342000.0,342000.0,0.0,2022-10-31,2023-01-20,81,40.5,40.5,0.71,11400.0,11400.0,30.0,0.3333,0,0.0,0,0.0,0,0.0,0,0.0,1,342000.0,0.3333
MPLADS-002024,3,1538000.0,512666.67,512700.0,512600.0,512700.0,57.74,2023-04-19,2023-08-06,109,54.5,54.5,0.71,10253.33,10254.0,50.0,0.3334,0,0.0,0,0.0,0,0.0,0,0.0,1,512600.0,0.3333
MPLADS-002025,3,1672000.0,557333.33,557300.0,557300.0,557400.0,57.74,2023-01-19,2023-05-11,112,56.0,56.0,0.0,9288.89,9290.0,60.0,0.3334,0,0.0,0,0.0,0,0.0,0,0.0,1,557400.0,0.3334
MPLADS-002026,3,2684000.0,894666.67,894700.0,894600.0,894700.0,57.74,2023-04-04,2023-08-18,136,68.0,68.0,0.0,14911.11,14911.67,60.0,0.3333,0,0.0,0,0.0,0,0.0,0,0.0,1,894600.0,0.3333
MPLADS-002027,3,2453000.0,817666.67,817700.0,817600.0,817700.0,57.74,2022-05-03,2022-09-14,134,67.0,67.0,0.0,11680.95,11681.43,70.0,0.3333,0,0.0,0,0.0,0,0.0,0,0.0,1,817600.0,0.3333
MPLADS-002028,3,14966000.0,4988666.67,4988700.0,4988600.0,4988700.0,57.74,2023-11-26,2024-08-20,268,134.0,134.0,0.0,37415.0,37415.25,133.3,0.3333,0,0.0,0,0.0,0,0.0,0,0.0,1,4988600.0,0.3333
MPLADS-002029,3,2953000.0,984333.33,984300.0,984300.0,984400.0,57.74,2023-09-18,2024-02-03,138,69.0,69.0,0.0,16405.56,16406.67,60.0,0.3334,0,0.0,0,0.0,3,1.0,0,0.0,1,984400.0,0.3334
MPLADS-002030,2,623000.0,311500.0,311500.0,311500.0,311500.0,0.0,2023-08-22,2023-10-06,45,45.0,45.0,0.0,6922.22,6922.22,45.0,0.5,0,0.0,0,0.0,0,0.0,0,0.0,1,311500.0,0.5
MPLADS-002031,3,1635000.0,545000.0,545000.0,545000.0,545000.0,0.0,2022-03-30,2022-07-21,113,56.5,56.5,0.71,10900.0,10900.0,50.0,0.3333,0,0.0,1,0.3333,0,0.0,0,0.0,1,545000.0,0.3333
MPLADS-002032,3,1520000.0,506666.67,506700.0,506600.0,506700.0,57.74,2023-05-10,2024-03-25,320,160.0,160.0,0.0,12666.67,12667.5,40.0,0.3334,0,0.0,1,0.3333,0,0.0,0,0.0,1,506600.0,0.3333
MPLADS-002033,3,2231000.0,743666.67,743700.0,743600.0,743700.0,57.74,2023-10-07,2024-02-03,119,59.5,59.5,0.71,13943.75,13944.38,53.3,0.3333,0,0.0,0,0.0,0,0.0,0,0.0,1,743600.0,0.3333
MPLADS-002034,3,2499000.0,833000.0,833000.0,833000.0,833000.0,0.0,2023-10-21,2024-02-26,128,64.0,64.0,0.0,15618.75,15618.75,53.3,0.3333,0,0.0,0,0.0,0,0.0,0,0.0,1,833000.0,0.3333
MPLADS-002035,3,7633000.0,2544333.33,2544300.0,2544300.0,2544400.0,57.74,2023-04-24,2023-07-24,91,45.5,45.5,0.71,50886.67,50888.0,50.0,0.3333,0,0.0,0,0.0,0,0.0,0,0.0,1,2544400.0,0.3333
MPLADS-002036,3,14094000.0,4698000.0,4698000.0,4698000.0,4698000.0,0.0,2023-08-17,2024-04-30,257,128.5,128.5,0.71,35235.0,35235.0,133.3,0.3333,0,0.0,0,0.0,0,0.0,0,0.0,1,4698000.0,0.3333
MPLADS-002037,3,2083000.0,694333.33,694300.0,694300.0,694400.0,57.74,2024-02-14,2024-07-05,142,71.0,71.0,0.0,11572.22,11573.33,60.0,0.3334,0,0.0,0,0.0,0,0.0,0,0.0,1,694400.0,0.3334
MPLADS-002038,3,1191000.0,397000.0,397000.0,397000.0,397000.0,0.0,2024-01-18,2024-04-02,75,37.5,37.5,0.71,9925.0,9925.0,40.0,0.3333,0,0.0,0,0.0,0,0.0,0,0.0,1,397000.0,0.3333
MPLADS-002039,3,1553000.0,517666.67,517700.0,517600.0,517700.0,57.74,2022-11-15,2023-03-11,116,58.0,58.0,0.0,9706.25,9706.88,53.3,0.3334,0,0.0,1,0.3333,0,0.0,0,0.0,1,517600.0,0.3333
MPLADS-002040,3,3492000.0,1164000.0,1164000.0,1164000.0,1164000.0,0.0,2022-10-09,2023-03-14,156,78.0,78.0,0.0,16628.57,16628.57,70.0,0.3333,0,0.0,1,0.3333,0,0.0,0,0.0,1,1164000.0,0.3333
MPLADS-002041,3,13694000.0,4564666.67,4564700.0,4564600.0,4564700.0,57.74,2023-12-29,2024-09-18,264,132.0,132.0,0.0,34235.0,34235.25,133.3,0.3333,0,0.0,0,0.0,0,0.0,0,0.0,1,4564600.0,0.3333
MPLADS-002042,3,3316000.0,1105333.33,1105300.0,1105300.0,1105400.0,57.74,2023-12-31,2024-05-11,132,66.0,66.0,0.0,18422.22,18423.33,60.0,0.3334,0,0.0,0,0.0,0,0.0,0,0.0,1,1105400.0,0.3334
MPLADS-002043,3,2262000.0,754000.0,754000.0,754000.0,754000.0,0.0,2023-08-02,2024-01-07,158,79.0,79.0,0.0,10771.43,10771.43,70.0,0.3333,0,0.0,0,0.0,0,0.0,0,0.0,1,754000.0,0.3333
MPLADS-002044,3,2839000.0,946333.33,946300.0,946300.0,946400.0,57.74,2022-05-31,2022-11-09,162,81.0,81.0,0.0,13519.05,13520.0,70.0,0.3334,0,0.0,0,0.0,0,0.0,0,0.0,1,946400.0,0.3334
MPLADS-002045,3,3226000.0,1075333.33,1075300.0,1075300.0,1075400.0,57.74,2023-11-18,2024-03-07,110,55.0,55.0,0.0,17922.22,17923.33,60.0,0.3334,0,0.0,0,0.0,0,0.0,0,0.0,1,1075400.0,0.3334
MPLADS-002046,3,2246000.0,748666.67,748700.0,748600.0,748700.0,57.74,2022-09-15,2022-12-04,80,40.0,40.0,0.0,18716.67,18717.5,40.0,0.3333,0,0.0,0,0.0,0,0.0,0,0.0,1,748600.0,0.3333
MPLADS-002047,3,2870000.0,956666.67,956700.0,956600.0,956700.0,57.74,2023-06-17,2023-10-03,108,54.0,54.0,0.0,17937.5,17938.12,53.3,0.3333,0,0.0,0,0.0,0,0.0,0,0.0,1,956600.0,0.3333
MPLADS-002048,2,942000.0,471000.0,471000.0,471000.0,471000.0,0.0,2024-01-05,2024-03-31,86,86.0,86.0,0.0,6280.0,6280.0,75.0,0.5,0,0.0,0,0.0,0,0.0,0,0.0,1,471000.0,0.5
MPLADS-002049,3,2767000.0,922333.33,922300.0,922300.0,922400.0,57.74,2023-02-03,2023-06-17,134,67.0,67.0,0.0,15372.22,15373.33,60.0,0.3334,0,0.0,0,0.0,0,0.0,0,0.0,1,922400.0,0.3334
MPLADS-002050,3,2506000.0,835333.33,835300.0,835300.0,835400.0,57.74,2023-11-07,2024-03-30,144,72.0,72.0,0.0,11933.34,11934.29,70.0,0.3334,0,0.0,0,0.0,3,1.0,0,0.0,1,835400.0,0.3334
MPLADS-002051,3,1079000.0,359666.67,359700.0,359600.0,359700.0,57.74,2023-02-10,2023-04-22,71,35.5,35.5,0.71,11988.89,11990.0,30.0,0.3334,0,0.0,1,0.3333,3,1.0,0,0.0,1,359600.0,0.3333
MPLADS-002052,2,606000.0,303000.0,303000.0,303000.0,303000.0,0.0,2022-03-27,2022-04-24,28,28.0,28.0,0.0,10100.0,10100.0,30.0,0.5,0,0.0,0,0.0,0,0.0,0,0.0,1,303000.0,0.5
MPLADS-002053,2,628000.0,314000.0,314000.0,314000.0,314000.0,0.0,2023-02-13,2023-03-20,35,35.0,35.0,0.0,10466.67,10466.67,30.0,0.5,0,0.0,1,0.5,0,0.0,0,0.0,1,314000.0,0.5
MPLADS-002054,2,724000.0,362000.0,362000.0,362000.0,362000.0,0.0,2023-03-09,2023-05-03,55,55.0,55.0,0.0,8044.44,8044.44,45.0,0.5,0,0.0,0,0.0,0,0.0,0,0.0,1,362000.0,0.5
MPLADS-002055,2,613000.0,306500.0,306500.0,306500.0,306500.0,0.0,2022-09-10,2023-03-09,180,180.0,180.0,0.0,6811.11,6811.11,45.0,0.5,0,0.0,0,0.0,0,0.0,0,0.0,1,306500.0,0.5
MPLADS-002056,3,2973000.0,991000.0,991000.0,991000.0,991000.0,0.0,2023-11-18,2024-03-01,104,52.0,52.0,0.0,18581.25,18581.25,53.3,0.3333,0,0.0,1,0.3333,0,0.0,0,0.0,1,991000.0,0.3333
MPLADS-002057,3,2723000.0,907666.67,907700.0,907600.0,907700.0,57.74,2023-06-01,2023-09-23,114,57.0,57.0,0.0,15127.78,15128.33,60.0,0.3333,0,0.0,0,0.0,0,0.0,0,0.0,1,907600.0,0.3333
MPLADS-002058,3,1882000.0,627333.33,627300.0,627300.0,627400.0,57.74,2023-07-21,2023-10-27,98,49.0,49.0,0.0,12546.67,12548.0,50.0,0.3334,0,0.0,0,0.0,0,0.0,0,0.0,1,627400.0,0.3334
MPLADS-002059,3,6375000.0,2125000.0,2125000.0,2125000.0,2125000.0,0.0,2024-01-20,2024-06-10,142,71.0,71.0,0.0,30357.14,30357.14,70.0,0.3333,0,0.0,0,0.0,0,0.0,0,0.0,1,2125000.0,0.3333
MPLADS-002060,2,957000.0,478500.0,478500.0,478500.0,478500.0,0.0,2024-02-03,2024-04-27,84,84.0,84.0,0.0,6380.0,6380.0,75.0,0.5,0,0.0,0,0.0,0,0.0,0,0.0,1,478500.0,0.5
MPLADS-002061,3,3062000.0,1020666.67,1020700.0,1020600.0,1020700.0,57.74,2023-06-09,2023-10-14,127,63.5,63.5,0.71,17011.11,17011.67,60.0,0.3333,0,0.0,0,0.0,0,0.0,0,0.0,1,1020600.0,0.3333
MPLADS-002062,2,487000.0,243500.0,243500.0,243500.0,243500.0,0.0,2022-12-09,2023-01-21,43,43.0,43.0,0.0,8116.67,8116.67,30.0,0.5,0,0.0,0,0.0,0,0.0,0,0.0,1,243500.0,0.5
MPLADS-002063,3,2900000.0,966666.67,966700.0,966600.0,966700.0,57.74,2022-06-25,2022-11-07,135,67.5,67.5,0.71,13809.52,13810.0,70.0,0.3333,0,0.0,0,0.0,0,0.0,0,0.0,1,966600.0,0.3333
MPLADS-002064,3,1959000.0,653000.0,653000.0,653000.0,653000.0,0.0,2023-10-05,2023-12-17,73,36.5,36.5,0.71,16325.0,16325.0,40.0,0.3333,0,0.0,0,0.0,0,0.0,0,0.0,1,653000.0,0.3333
MPLADS-002065,3,3453000.0,1151000.0,1151000.0,1151000.0,1151000.0,0.0,2022-11-20,2023-03-31,131,65.5,65.5,0.71,16442.86,16442.86,70.0,0.3333,0,0.0,0,0.0,0,0.0,0,0.0,1,1151000.0,0.3333
MPLADS-002066,3,2001000.0,667000.0,667000.0,667000.0,667000.0,0.0,2022-11-30,2023-02-16,78,39.0,39.0,0.0,16675.0,16675.0,40.0,0.3333,0,0.0,0,0.0,3,1.0,0,0.0,1,667000.0,0.3333
MPLADS-002067,3,1520000.0,506666.67,506700.0,506600.0,506700.0,57.74,2022-03-02,2022-05-20,79,39.5,39.5,0.71,12666.67,12667.5,40.0,0.3334,0,0.0,0,0.0,0,0.0,0,0.0,1,506600.0,0.3333
MPLADS-002068,3,1509000.0,503000.0,503000.0,503000.0,503000.0,0.0,2023-02-04,2024-04-06,427,213.5,213.5,0.71,9431.25,9431.25,53.3,0.3333,0,0.0,0,0.0,0,0.0,0,0.0,1,503000.0,0.3333
MPLADS-002069,3,1058000.0,352666.67,352700.0,352600.0,352700.0,57.74,2023-01-30,2023-04-21,81,40.5,40.5,0.71,11755.56,11756.67,30.0,0.3334,0,0.0,0,0.0,0,0.0,0,0.0,1,352600.0,0.3333
MPLADS-002070,3,3233000.0,1077666.67,1077700.0,1077600.0,1077700.0,57.74,2023-05-25,2023-10-21,149,74.5,74.5,0.71,15395.24,15395.71,70.0,0.3333,0,0.0,0,0.0,0,0.0,0,0.0,1,1077600.0,0.3333
MPLADS-002071,3,1220000.0,406666.67,406700.0,406600.0,406700.0,57.74,2022-04-03,2022-07-05,93,46.5,46.5,0.71,8133.33,8134.0,50.0,0.3334,0,0.0,0,0.0,0,0.0,0,0.0,1,406600.0,0.3333
MPLADS-002072,3,1243000.0,414333.33,414300.0,414300.0,414400.0,57.74,2023-11-26,2024-02-28,94,47.0,47.0,0.0,8286.67,8288.0,50.0,0.3334,0,0.0,0,0.0,0,0.0,0,0.0,1,414400.0,0.3334
MPLADS-002073,3,5600000.0,1866666.67,1866700.0,1866600.0,1866700.0,57.74,2023-03-18,2023-08-01,136,68.0,68.0,0.0,31111.11,31111.67,60.0,0.3333,0,0.0,0,0.0,0,0.0,0,0.0,1,1866600.0,0.3333
MPLADS-002074,3,1511000.0,503666.67,503700.0,503600.0,503700.0,57.74,2022-05-09,2022-09-06,120,60.0,60.0,0.0,10073.33,10074.0,50.0,0.3334,0,0.0,0,0.0,0,0.0,0,0.0,1,503600.0,0.3333
MPLADS-002075,2,835000.0,417500.0,417500.0,417500.0,417500.0,0.0,2022-05-11,2022-07-06,56,56.0,56.0,0.0,9277.78,9277.78,45.0,0.5,0,0.0,0,0.0,0,0.0,0,0.0,1,417500.0,0.5
MPLADS-002076,3,1165000.0,388333.33,388300.0,388300.0,388400.0,57.74,2023-05-10,2023-09-05,118,59.0,59.0,0.0,7766.67,7768.0,50.0,0.3334,0,0.0,0,0.0,0,0.0,0,0.0,1,388400.0,0.3334
MPLADS-002077,3,1508000.0,502666.67,502700.0,502600.0,502700.0,57.74,2023-03-03,2023-06-03,92,46.0,46.0,0.0,10053.33,10054.0,50.0,0.3334,0,0.0,0,0.0,0,0.0,0,0.0,1,502600.0,0.3333
MPLADS-002078,3,1180000.0,393333.33,393300.0,393300.0,393400.0,57.74,2022-06-04,2022-09-19,107,53.5,53.5,0.71,7866.67,7868.0,50.0,0.3334,0,0.0,0,0.0,0,0.0,0,0.0,1,393400.0,0.3334
MPLADS-002079,3,8547000.0,2849000.0,2849000.0,2849000.0,2849000.0,0.0,2022-11-30,2023-09-01,275,137.5,137.5,0.71,21367.5,21367.5,133.3,0.3333,0,0.0,0,0.0,0,0.0,0,0.0,1,2849000.0,0.3333
MPLADS-002080,3,1450000.0,483333.33,483300.0,483300.0,483400.0,57.74,2022-12-16,2023-03-26,100,50.0,50.0,0.0,9666.67,9668.0,50.0,0.3334,0,0.0,0,0.0,3,1.0,0,0.0,1,483400.0,0.3334
MPLADS-002081,3,11102000.0,3700666.67,3700700.0,3700600.0,3700700.0,57.74,2023-12-25,2024-10-02,282,141.0,141.0,0.0,27755.0,27755.25,133.3,0.3333,0,0.0,0,0.0,0,0.0,0,0.0,1,3700600.0,0.3333
MPLADS-002082,2,985000.0,492500.0,492500.0,492500.0,492500.0,0.0,2022-05-28,2022-08-10,74,74.0,74.0,0.0,6566.67,6566.67,75.0,0.5,0,0.0,0,0.0,2,1.0,0,0.0,1,492500.0,0.5
MPLADS-002083,2,674000.0,337000.0,337000.0,337000.0,337000.0,0.0,2022-11-09,2023-01-08,60,60.0,60.0,0.0,7488.89,7488.89,45.0,0.5,0,0.0,0,0.0,0,0.0,0,0.0,1,337000.0,0.5
MPLADS-002084,3,2087000.0,695666.67,695700.0,695600.0,695700.0,57.74,2024-02-09,2024-06-08,120,60.0,60.0,0.0,13043.75,13044.38,53.3,0.3333,0,0.0,0,0.0,0,0.0,0,0.0,1,695600.0,0.3333
MPLADS-002085,3,1828000.0,609333.33,609300.0,609300.0,609400.0,57.74,2024-02-28,2024-06-09,102,51.0,51.0,0.0,12186.67,12188.0,50.0,0.3334,0,0.0,0,0.0,0,0.0,0,0.0,1,609400.0,0.3334
MPLADS-002086,3,3589000.0,1196333.33,1196300.0,1196300.0,1196400.0,57.74,2022-07-07,2022-12-14,160,80.0,80.0,0.0,17090.48,17091.43,70.0,0.3334,0,0.0,0,0.0,0,0.0,0,0.0,1,1196400.0,0.3334
MPLADS-002087,3,2840000.0,946666.67,946700.0,946600.0,946700.0,57.74,2023-06-07,2023-10-18,133,66.5,66.5,0.71,15777.78,15778.33,60.0,0.3333,0,0.0,0,0.0,0,0.0,0,0.0,1,946600.0,0.3333
MPLADS-002088,3,8048000.0,2682666.67,2682700.0,2682600.0,2682700.0,57.74,2023-06-13,2024-02-26,258,129.0,129.0,0.0,20120.0,20120.25,133.3,0.3333,0,0.0,0,0.0,0,0.0,0,0.0,1,2682600.0,0.3333
MPLADS-002089,2,514000.0,257000.0,257000.0,257000.0,257000.0,0.0,2022-09-06,2022-11-01,56,56.0,56.0,0.0,5711.11,5711.11,45.0,0.5,0,0.0,0,0.0,0,0.0,0,0.0,1,257000.0,0.5
MPLADS-002090,2,472000.0,236000.0,236000.0,236000.0,236000.0,0.0,2022-09-06,2022-10-17,41,41.0,41.0,0.0,7866.67,7866.67,30.0,0.5,0,0.0,0,0.0,0,0.0,0,0.0,1,236000.0,0.5
MPLADS-002091,2,624000.0,312000.0,312000.0,312000.0,312000.0,0.0,2022-10-14,2022-12-15,62,62.0,62.0,0.0,6933.33,6933.33,45.0,0.5,0,0.0,0,0.0,0,0.0,0,0.0,1,312000.0,0.5
MPLADS-002092,3,1876000.0,625333.33,625300.0,625300.0,625400.0,57.74,2022-06-03,2022-09-07,96,48.0,48.0,0.0,12506.67,12508.0,50.0,0.3334,0,0.0,0,0.0,0,0.0,0,0.0,1,625400.0,0.3334
MPLADS-002093,3,1871000.0,623666.67,623700.0,623600.0,623700.0,57.74,2023-06-04,2023-09-12,100,50.0,50.0,0.0,11693.75,11694.38,53.3,0.3334,0,0.0,0,0.0,0,0.0,0,0.0,1,623600.0,0.3333
MPLADS-002094,3,2440000.0,813333.33,813300.0,813300.0,813400.0,57.74,2023-03-11,2023-08-20,162,81.0,81.0,0.0,11619.05,11620.0,70.0,0.3334,0,0.0,1,0.3333,0,0.0,0,0.0,1,813400.0,0.3334
MPLADS-002095,3,2678000.0,892666.67,892700.0,892600.0,892700.0,57.74,2023-11-26,2024-03-20,115,57.5,57.5,0.71,14877.78,14878.33,60.0,0.3333,0,0.0,0,0.0,0,0.0,0,0.0,1,892600.0,0.3333
MPLADS-002096,2,418000.0,209000.0,209000.0,209000.0,209000.0,0.0,2022-11-15,2023-02-13,90,90.0,90.0,0.0,6966.67,6966.67,30.0,0.5,0,0.0,0,0.0,0,0.0,0,0.0,1,209000.0,0.5
MPLADS-002097,3,1970000.0,656666.67,656700.0,656600.0,656700.0,57.74,2022-12-26,2023-03-30,94,47.0,47.0,0.0,13133.33,13134.0,50.0,0.3334,0,0.0,0,0.0,0,0.0,0,0.0,1,656600.0,0.3333
MPLADS-002098,3,1943000.0,647666.67,647700.0,647600.0,647700.0,57.74,2023-09-02,2023-12-03,92,46.0,46.0,0.0,12953.33,12954.0,50.0,0.3334,0,0.0,0,0.0,0,0.0,0,0.0,1,647600.0,0.3333
MPLADS-002099,2,877000.0,438500.0,438500.0,438500.0,438500.0,0.0,2023-10-27,2023-12-07,41,41.0,41.0,0.0,9744.44,9744.44,45.0,0.5,0,0.0,0,0.0,2,1.0,0,0.0,1,438500.0,0.5
MPLADS-002100,2,489000.0,244500.0,244500.0,244500.0,244500.0,0.0,2023-01-31,2023-03-13,41,41.0,41.0,0.0,8150.0,8150.0,30.0,0.5,0,0.0,0,0.0,0,0.0,0,0.0,1,244500.0,0.5
MPLADS-002101,3,11848000.0,3949333.33,3949300.0,3949300.0,3949400.0,57.74,2023-06-27,2024-03-31,278,139.0,139.0,0.0,29620.0,29620.5,133.3,0.3333,0,0.0,0,0.0,0,0.0,0,0.0,1,3949400.0,0.3333
MPLADS-002102,3,2760000.0,920000.0,920000.0,920000.0,920000.0,0.0,2022-11-08,2023-03-31,143,71.5,71.5,0.71,15333.33,15333.33,60.0,0.3333,0,0.0,0,0.0,0,0.0,0,0.0,1,920000.0,0.3333
MPLADS-002103,3,3304000.0,1101333.33,1101300.0,1101300.0,1101400.0,57.74,2023-05-12,2023-07-28,77,38.5,38.5,0.71,36711.11,36713.33,30.0,0.3334,0,0.0,0,0.0,0,0.0,0,0.0,1,1101400.0,0.3334
MPLADS-002104,3,9311000.0,3103666.67,3103700.0,3103600.0,3103700.0,57.74,2023-04-03,2024-01-08,280,140.0,140.0,0.0,23277.5,23277.75,133.3,0.3333,0,0.0,0,0.0,0,0.0,0,0.0,1,3103600.0,0.3333
MPLADS-002105,3,14055000.0,4685000.0,4685000.0,4685000.0,4685000.0,0.0,2024-02-18,2024-11-30,286,143.0,143.0,0.0,35137.5,35137.5,133.3,0.3333,0,0.0,0,0.0,0,0.0,0,0.0,1,4685000.0,0.3333
MPLADS-002106,3,2292000.0,764000.0,764000.0,764000.0,764000.0,0.0,2022-10-06,2023-02-22,139,69.5,69.5,0.71,12733.33,12733.33,60.0,0.3333,0,0.0,0,0.0,0,0.0,0,0.0,1,764000.0,0.3333
MPLADS-002107,3,12153000.0,4051000.0,4051000.0,4051000.0,4051000.0,0.0,2024-01-19,2024-10-19,274,137.0,137.0,0.0,30382.5,30382.5,133.3,0.3333,0,0.0,0,0.0,0,0.0,0,0.0,1,4051000.0,0.3333
MPLADS-002108,3,2306000.0,768666.67,768700.0,768600.0,768700.0,57.74,2023-10-26,2024-04-05,162,81.0,81.0,0.0,10980.95,10981.43,70.0,0.3333,0,0.0,0,0.0,0,0.0,0,0.0,1,768600.0,0.3333
MPLADS-002109,3,2069000.0,689666.67,689700.0,689600.0,689700.0,57.74,2022-09-17,2023-02-07,143,71.5,71.5,0.71,11494.44,11495.0,60.0,0.3333,0,0.0,0,0.0,0,0.0,0,0.0,1,689600.0,0.3333
MPLADS-002110,3,1613000.0,537666.67,537700.0,537600.0,537700.0,57.74,2022-09-07,2022-12-06,90,45.0,45.0,0.0,10753.33,10754.0,50.0,0.3334,0,0.0,0,0.0,0,0.0,0,0.0,1,537600.0,0.3333
MPLADS-002111,2,728000.0,364000.0,364000.0,364000.0,364000.0,0.0,2023-12-24,2024-02-02,40,40.0,40.0,0.0,8088.89,8088.89,45.0,0.5,0,0.0,0,0.0,0,0.0,0,0.0,1,364000.0,0.5
MPLADS-002112,2,595000.0,297500.0,297500.0,297500.0,297500.0,0.0,2023-06-05,2023-07-18,43,43.0,43.0,0.0,9916.67,9916.67,30.0,0.5,0,0.0,0,0.0,0,0.0,0,0.0,1,297500.0,0.5
MPLADS-002113,2,877000.0,438500.0,438500.0,438500.0,438500.0,0.0,2023-09-29,2023-11-06,38,38.0,38.0,0.0,9744.44,9744.44,45.0,0.5,0,0.0,0,0.0,2,1.0,0,0.0,1,438500.0,0.5
MPLADS-002114,2,575000.0,287500.0,287500.0,287500.0,287500.0,0.0,2023-02-28,2023-04-08,39,39.0,39.0,0.0,9583.33,9583.33,30.0,0.5,0,0.0,0,0.0,2,1.0,0,0.0,1,287500.0,0.5
MPLADS-002115,3,14145000.0,4715000.0,4715000.0,4715000.0,4715000.0,0.0,2022-08-29,2023-01-14,138,69.0,69.0,0.0,78583.33,78583.33,60.0,0.3333,0,0.0,0,0.0,0,0.0,0,0.0,1,4715000.0,0.3333
MPLADS-002116,3,2963000.0,987666.67,987700.0,987600.0,987700.0,57.74,2022-09-15,2023-01-07,114,57.0,57.0,0.0,16461.11,16461.67,60.0,0.3333,0,0.0,0,0.0,0,0.0,0,0.0,1,987600.0,0.3333
MPLADS-002117,3,2894000.0,964666.67,964700.0,964600.0,964700.0,57.74,2022-12-02,2023-02-15,75,37.5,37.5,0.71,24116.67,24117.5,40.0,0.3333,0,0.0,0,0.0,0,0.0,0,0.0,1,964600.0,0.3333
MPLADS-002118,3,2085000.0,695000.0,695000.0,695000.0,695000.0,0.0,2023-11-26,2024-03-31,126,63.0,63.0,0.0,13031.25,13031.25,53.3,0.3333,0,0.0,1,0.3333,0,0.0,0,0.0,1,695000.0,0.3333
MPLADS-002119,3,15918000.0,5306000.0,5306000.0,5306000.0,5306000.0,0.0,2022-10-27,2023-07-26,272,136.0,136.0,0.0,39795.0,39795.0,133.3,0.3333,0,0.0,1,0.3333,0,0.0,0,0.0,1,5306000.0,0.3333
MPLADS-002120,3,1519000.0,506333.33,506300.0,506300.0,506400.0,57.74,2022-10-02,2023-01-12,102,51.0,51.0,0.0,10126.67,10128.0,50.0,0.3334,0,0.0,0,0.0,0,0.0,0,0.0,1,506400.0,0.3334
MPLADS-002121,3,3538000.0,1179333.33,1179300.0,1179300.0,1179400.0,57.74,2023-01-03,2023-05-18,135,67.5,67.5,0.71,16847.62,16848.57,70.0,0.3334,0,0.0,0,0.0,0,0.0,0,0.0,1,1179400.0,0.3334
MPLADS-002122,3,1527000.0,509000.0,509000.0,509000.0,509000.0,0.0,2023-10-25,2024-12-25,427,213.5,213.5,0.71,9543.75,9543.75,53.3,0.3333,0,0.0,0,0.0,0,0.0,0,0.0,1,509000.0,0.3333
MPLADS-002123,3,3156000.0,1052000.0,1052000.0,1052000.0,1052000.0,0.0,2023-10-18,2024-03-24,158,79.0,79.0,0.0,15028.57,15028.57,70.0,0.3333,0,0.0,0,0.0,0,0.0,0,0.0,1,1052000.0,0.3333
MPLADS-002124,3,2162000.0,720666.67,720700.0,720600.0,720700.0,57.74,2023-04-21,2023-08-17,118,59.0,59.0,0.0,12011.11,12011.67,60.0,0.3333,0,0.0,0,0.0,0,0.0,0,0.0,1,720600.0,0.3333
MPLADS-002125,3,1350000.0,450000.0,450000.0,450000.0,450000.0,0.0,2023-01-12,2023-04-12,90,45.0,45.0,0.0,9000.0,9000.0,50.0,0.3333,0,0.0,0,0.0,0,0.0,3,1.0,1,450000.0,0.3333
MPLADS-002126,3,2024000.0,674666.67,674700.0,674600.0,674700.0,57.74,2023-09-28,2024-01-18,112,56.0,56.0,0.0,13493.33,13494.0,50.0,0.3333,0,0.0,0,0.0,0,0.0,0,0.0,1,674600.0,0.3333
MPLADS-002127,2,420000.0,210000.0,210000.0,210000.0,210000.0,0.0,2022-10-02,2022-11-17,46,46.0,46.0,0.0,7000.0,7000.0,30.0,0.5,0,0.0,0,0.0,0,0.0,0,0.0,1,210000.0,0.5
MPLADS-002128,3,2180000.0,726666.67,726700.0,726600.0,726700.0,57.74,2023-07-25,2023-10-30,97,48.5,48.5,0.71,13625.0,13625.62,53.3,0.3333,0,0.0,0,0.0,0,0.0,0,0.0,1,726600.0,0.3333
MPLADS-002129,2,485000.0,242500.0,242500.0,242500.0,242500.0,0.0,2022-02-28,2022-03-23,23,23.0,23.0,0.0,8083.33,8083.33,30.0,0.5,0,0.0,1,0.5,0,0.0,0,0.0,1,242500.0,0.5
MPLADS-002130,2,823000.0,411500.0,411500.0,411500.0,411500.0,0.0,2023-05-23,2023-07-24,62,62.0,62.0,0.0,9144.44,9144.44,45.0,0.5,0,0.0,0,0.0,0,0.0,0,0.0,1,411500.0,0.5
MPLADS-002131,2,981000.0,490500.0,490500.0,490500.0,490500.0,0.0,2023-08-02,2024-01-29,180,180.0,180.0,0.0,10900.0,10900.0,45.0,0.5,0,0.0,0,0.0,0,0.0,0,0.0,1,490500.0,0.5
MPLADS-002132,3,8919000.0,2973000.0,2973000.0,2973000.0,2973000.0,0.0,2024-03-06,2024-12-17,286,143.0,143.0,0.0,22297.5,22297.5,133.3,0.3333,0,0.0,0,0.0,0,0.0,0,0.0,1,2973000.0,0.3333
MPLADS-002133,3,1528000.0,509333.33,509300.0,509300.0,509400.0,57.74,2023-03-26,2023-06-23,89,44.5,44.5,0.71,12733.33,12735.0,40.0,0.3334,0,0.0,0,0.0,3,1.0,0,0.0,1,509400.0,0.3334
MPLADS-002134,3,12262000.0,4087333.33,4087300.0,4087300.0,4087400.0,57.74,2023-09-30,2024-06-30,274,137.0,137.0,0.0,30655.0,30655.5,133.3,0.3333,0,0.0,0,0.0,0,0.0,0,0.0,1,4087400.0,0.3333
MPLADS-002135,3,1532000.0,510666.67,510700.0,510600.0,510700.0,57.74,2023-12-04,2024-02-28,86,43.0,43.0,0.0,12766.67,12767.5,40.0,0.3334,0,0.0,0,0.0,3,1.0,0,0.0,1,510600.0,0.3333
MPLADS-002136,3,1340000.0,446666.67,446700.0,446600.0,446700.0,57.74,2022-07-15,2022-10-09,86,43.0,43.0,0.0,11166.67,11167.5,40.0,0.3334,0,0.0,0,0.0,0,0.0,0,0.0,1,446600.0,0.3333
MPLADS-002137,3,11168000.0,3722666.67,3722700.0,3722600.0,3722700.0,57.74,2022-12-08,2023-05-03,146,73.0,73.0,0.0,53180.95,53181.43,70.0,0.3333,0,0.0,0,0.0,0,0.0,0,0.0,1,3722600.0,0.3333
MPLADS-002138,3,4659000.0,1553000.0,1553000.0,1553000.0,1553000.0,0.0,2023-02-06,2023-04-17,70,35.0,35.0,0.0,51766.67,51766.67,30.0,0.3333,0,0.0,0,0.0,0,0.0,0,0.0,1,1553000.0,0.3333
MPLADS-002139,2,395000.0,197500.0,197500.0,197500.0,197500.0,0.0,2022-05-18,2022-06-14,27,27.0,27.0,0.0,6583.33,6583.33,30.0,0.5,0,0.0,0,0.0,0,0.0,0,0.0,1,197500.0,0.5
MPLADS-002140,3,2791000.0,930333.33,930300.0,930300.0,930400.0,57.74,2023-01-14,2023-05-16,122,61.0,61.0,0.0,15505.56,15506.67,60.0,0.3334,0,0.0,0,0.0,0,0.0,0,0.0,1,930400.0,0.3334
MPLADS-002141,2,689000.0,344500.0,344500.0,344500.0,344500.0,0.0,2023-09-02,2023-10-10,38,38.0,38.0,0.0,7655.56,7655.56,45.0,0.5,0,0.0,0,0.0,0,0.0,0,0.0,1,344500.0,0.5
MPLADS-002142,3,2164000.0,721333.33,721300.0,721300.0,721400.0,57.74,2023-02-01,2023-04-27,85,42.5,42.5,0.71,18033.33,18035.0,40.0,0.3334,0,0.0,0,0.0,0,0.0,0,0.0,1,721400.0,0.3334
MPLADS-002143,3,14901000.0,4967000.0,4967000.0,4967000.0,4967000.0,0.0,2024-01-20,2024-10-20,274,137.0,137.0,0.0,37252.5,37252.5,133.3,0.3333,0,0.0,0,0.0,0,0.0,0,0.0,1,4967000.0,0.3333
MPLADS-002144,3,1332000.0,444000.0,444000.0,444000.0,444000.0,0.0,2023-08-04,2023-11-05,93,46.5,46.5,0.71,11100.0,11100.0,40.0,0.3333,0,0.0,0,0.0,0,0.0,0,0.0,1,444000.0,0.3333
MPLADS-002145,3,2138000.0,712666.67,712700.0,712600.0,712700.0,57.74,2023-10-13,2024-01-01,80,40.0,40.0,0.0,17816.67,17817.5,40.0,0.3333,0,0.0,0,0.0,0,0.0,0,0.0,1,712600.0,0.3333
MPLADS-002146,2,898000.0,449000.0,449000.0,449000.0,449000.0,0.0,2022-07-23,2022-08-30,38,38.0,38.0,0.0,9977.78,9977.78,45.0,0.5,0,0.0,0,0.0,0,0.0,0,0.0,1,449000.0,0.5
MPLADS-002147,3,1538000.0,512666.67,512700.0,512600.0,512700.0,57.74,2022-05-07,2022-07-28,82,41.0,41.0,0.0,12816.67,12817.5,40.0,0.3334,0,0.0,0,0.0,0,0.0,0,0.0,1,512600.0,0.3333
MPLADS-002148,3,1990000.0,663333.33,663300.0,663300.0,663400.0,57.74,2023-05-03,2023-09-07,127,63.5,63.5,0.71,12437.5,12438.75,53.3,0.3334,0,0.0,0,0.0,0,0.0,0,0.0,1,663400.0,0.3334
MPLADS-002149,3,1120000.0,373333.33,373300.0,373300.0,373400.0,57.74,2023-08-19,2023-11-17,90,45.0,45.0,0.0,9333.33,9335.0,40.0,0.3334,0,0.0,0,0.0,0,0.0,0,0.0,1,373400.0,0.3334
MPLADS-002150,3,13565000.0,4521666.67,4521700.0,4521600.0,4521700.0,57.74,2022-12-11,2023-09-25,288,144.0,144.0,0.0,33912.5,33912.75,133.3,0.3333,0,0.0,0,0.0,0,0.0,0,0.0,1,4521600.0,0.3333
MPLADS-002151,3,4405000.0,1468333.33,1468300.0,1468300.0,1468400.0,57.74,2022-04-10,2022-06-06,57,28.5,28.5,0.71,48944.44,48946.67,30.0,0.3333,0,0.0,0,0.0,0,0.0,0,0.0,1,1468400.0,0.3333
MPLADS-002152,3,9414000.0,3138000.0,3138000.0,3138000.0,3138000.0,0.0,2024-05-09,2025-02-21,288,144.0,144.0,0.0,23535.0,23535.0,133.3,0.3333,0,0.0,0,0.0,0,0.0,0,0.0,1,3138000.0,0.3333
MPLADS-002153,3,8299000.0,2766333.33,2766300.0,2766300.0,2766400.0,57.74,2025-01-15,2027-12-18,1067,533.5,533.5,0.71,20747.5,20748.0,133.3,0.3333,0,0.0,0,0.0,0,0.0,0,0.0,1,2766400.0,0.3333
MPLADS-002154,3,1956000.0,652000.0,652000.0,652000.0,652000.0,0.0,2023-03-23,2023-06-07,76,38.0,38.0,0.0,16300.0,16300.0,40.0,0.3333,0,0.0,1,0.3333,0,0.0,0,0.0,1,652000.0,0.3333
MPLADS-002155,2,695000.0,347500.0,347500.0,347500.0,347500.0,0.0,2022-12-09,2023-01-19,41,41.0,41.0,0.0,7722.22,7722.22,45.0,0.5,0,0.0,0,0.0,0,0.0,0,0.0,1,347500.0,0.5
MPLADS-002156,3,12146000.0,4048666.67,4048700.0,4048600.0,4048700.0,57.74,2023-11-07,2024-08-08,275,137.5,137.5,0.71,30365.0,30365.25,133.3,0.3333,0,0.0,0,0.0,0,0.0,0,0.0,1,4048600.0,0.3333
MPLADS-002157,3,11708000.0,3902666.67,3902700.0,3902600.0,3902700.0,57.74,2024-04-15,2024-12-31,260,130.0,130.0,0.0,29270.0,29270.25,133.3,0.3333,0,0.0,0,0.0,0,0.0,0,0.0,1,3902600.0,0.3333
MPLADS-002158,3,2727000.0,909000.0,909000.0,909000.0,909000.0,0.0,2022-12-11,2023-05-04,144,72.0,72.0,0.0,12985.71,12985.71,70.0,0.3333,0,0.0,0,0.0,3,1.0,0,0.0,1,909000.0,0.3333
MPLADS-002159,2,537000.0,268500.0,268500.0,268500.0,268500.0,0.0,2024-02-05,2024-03-12,36,36.0,36.0,0.0,8950.0,8950.0,30.0,0.5,0,0.0,0,0.0,0,0.0,0,0.0,1,268500.0,0.5
MPLADS-002160,3,1822000.0,607333.33,607300.0,607300.0,607400.0,57.74,2022-09-27,2023-01-09,104,52.0,52.0,0.0,11387.5,11388.75,53.3,0.3334,0,0.0,0,0.0,0,0.0,0,0.0,1,607400.0,0.3334
MPLADS-002161,3,2219000.0,739666.67,739700.0,739600.0,739700.0,57.74,2022-04-14,2022-07-03,80,40.0,40.0,0.0,18491.67,18492.5,40.0,0.3333,0,0.0,0,0.0,0,0.0,0,0.0,1,739600.0,0.3333
MPLADS-002162,3,10231000.0,3410333.33,3410300.0,3410300.0,3410400.0,57.74,2023-10-23,2024-08-01,283,141.5,141.5,0.71,25577.5,25578.0,133.3,0.3333,0,0.0,0,0.0,0,0.0,0,0.0,1,3410400.0,0.3333
MPLADS-002163,3,2400000.0,800000.0,800000.0,800000.0,800000.0,0.0,2023-12-11,2024-05-03,144,72.0,72.0,0.0,11428.57,11428.57,70.0,0.3333,0,0.0,0,0.0,0,0.0,3,1.0,1,800000.0,0.3333
MPLADS-002164,3,5542000.0,1847333.33,1847300.0,1847300.0,1847400.0,57.74,2024-02-20,2024-05-25,95,47.5,47.5,0.71,36946.67,36948.0,50.0,0.3333,0,0.0,0,0.0,0,0.0,0,0.0,1,1847400.0,0.3333
MPLADS-002165,3,1053000.0,351000.0,351000.0,351000.0,351000.0,0.0,2022-08-28,2022-12-26,120,60.0,60.0,0.0,7020.0,7020.0,50.0,0.3333,0,0.0,0,0.0,0,0.0,0,0.0,1,351000.0,0.3333
MPLADS-002166,3,2835000.0,945000.0,945000.0,945000.0,945000.0,0.0,2022-09-22,2023-01-18,118,59.0,59.0,0.0,18900.0,18900.0,50.0,0.3333,0,0.0,0,0.0,0,0.0,0,0.0,1,945000.0,0.3333
MPLADS-002167,3,1469000.0,489666.67,489700.0,489600.0,489700.0,57.74,2022-06-26,2022-09-15,81,40.5,40.5,0.71,12241.67,12242.5,40.0,0.3334,0,0.0,0,0.0,0,0.0,0,0.0,1,489600.0,0.3333
MPLADS-002168,3,2357000.0,785666.67,785700.0,785600.0,785700.0,57.74,2022-07-09,2022-10-27,110,55.0,55.0,0.0,13094.44,13095.0,60.0,0.3333,0,0.0,0,0.0,0,0.0,0,0.0,1,785600.0,0.3333
MPLADS-002169,2,383000.0,191500.0,191500.0,191500.0,191500.0,0.0,2023-03-26,2023-05-10,45,45.0,45.0,0.0,6383.33,6383.33,30.0,0.5,0,0.0,0,0.0,0,0.0,0,0.0,1,191500.0,0.5
MPLADS-002170,3,13876000.0,4625333.33,4625300.0,4625300.0,4625400.0,57.74,2022-06-17,2023-03-02,258,129.0,129.0,0.0,34690.0,34690.5,133.3,0.3333,0,0.0,0,0.0,0,0.0,0,0.0,1,4625400.0,0.3333
MPLADS-002171,2,504000.0,252000.0,252000.0,252000.0,252000.0,0.0,2023-08-20,2023-09-15,26,26.0,26.0,0.0,8400.0,8400.0,30.0,0.5,0,0.0,0,0.0,0,0.0,0,0.0,1,252000.0,0.5
MPLADS-002172,3,1262000.0,420666.67,420700.0,420600.0,420700.0,57.74,2022-09-05,2022-12-14,100,50.0,50.0,0.0,8413.33,8414.0,50.0,0.3334,0,0.0,0,0.0,0,0.0,0,0.0,1,420600.0,0.3333
MPLADS-002173,3,3267000.0,1089000.0,1089000.0,1089000.0,1089000.0,0.0,2023-09-25,2024-02-19,147,73.5,73.5,0.71,15557.14,15557.14,70.0,0.3333,0,0.0,0,0.0,0,0.0,0,0.0,1,1089000.0,0.3333
MPLADS-002174,3,1436000.0,478666.67,478700.0,478600.0,478700.0,57.74,2023-10-02,2024-01-22,112,56.0,56.0,0.0,9573.33,9574.0,50.0,0.3334,0,0.0,0,0.0,0,0.0,0,0.0,1,478600.0,0.3333
MPLADS-002175,3,1194000.0,398000.0,398000.0,398000.0,398000.0,0.0,2023-03-26,2023-07-20,116,58.0,58.0,0.0,7960.0,7960.0,50.0,0.3333,0,0.0,0,0.0,3,1.0,0,0.0,1,398000.0,0.3333
MPLADS-002176,3,8689000.0,2896333.33,2896300.0,2896300.0,2896400.0,57.74,2022-08-23,2022-12-15,114,57.0,57.0,0.0,57926.67,57928.0,50.0,0.3333,0,0.0,0,0.0,0,0.0,0,0.0,1,2896400.0,0.3333
MPLADS-002177,3,1588000.0,529333.33,529300.0,529300.0,529400.0,57.74,2024-01-30,2024-05-31,122,61.0,61.0,0.0,10586.67,10588.0,50.0,0.3334,0,0.0,0,0.0,0,0.0,0,0.0,1,529400.0,0.3334
MPLADS-002178,3,1934000.0,644666.67,644700.0,644600.0,644700.0,57.74,2024-02-20,2024-06-13,114,57.0,57.0,0.0,12087.5,12088.12,53.3,0.3334,0,0.0,0,0.0,0,0.0,0,0.0,1,644600.0,0.3333
MPLADS-002179,3,1925000.0,641666.67,641700.0,641600.0,641700.0,57.74,2024-01-14,2024-05-06,113,56.5,56.5,0.71,12031.25,12031.88,53.3,0.3334,0,0.0,0,0.0,0,0.0,0,0.0,1,641600.0,0.3333
MPLADS-002180,2,596000.0,298000.0,298000.0,298000.0,298000.0,0.0,2022-04-21,2022-06-01,41,41.0,41.0,0.0,9933.33,9933.33,30.0,0.5,0,0.0,0,0.0,0,0.0,0,0.0,1,298000.0,0.5
MPLADS-002181,3,2212000.0,737333.33,737300.0,737300.0,737400.0,57.74,2023-09-14,2024-01-30,138,69.0,69.0,0.0,12288.89,12290.0,60.0,0.3334,0,0.0,0,0.0,0,0.0,0,0.0,1,737400.0,0.3334
MPLADS-002182,3,2187000.0,729000.0,729000.0,729000.0,729000.0,0.0,2023-01-16,2023-04-24,98,49.0,49.0,0.0,18225.0,18225.0,40.0,0.3333,0,0.0,0,0.0,0,0.0,0,0.0,1,729000.0,0.3333
MPLADS-002183,3,1829000.0,609666.67,609700.0,609600.0,609700.0,57.74,2023-03-16,2023-06-24,100,50.0,50.0,0.0,11431.25,11431.88,53.3,0.3334,0,0.0,1,0.3333,0,0.0,0,0.0,1,609600.0,0.3333
MPLADS-002184,3,2160000.0,720000.0,720000.0,720000.0,720000.0,0.0,2023-07-08,2023-12-10,155,77.5,77.5,0.71,10285.71,10285.71,70.0,0.3333,0,0.0,0,0.0,3,1.0,0,0.0,1,720000.0,0.3333
MPLADS-002185,3,3053000.0,1017666.67,1017700.0,1017600.0,1017700.0,57.74,2023-11-02,2024-02-24,114,57.0,57.0,0.0,16961.11,16961.67,60.0,0.3333,0,0.0,0,0.0,0,0.0,0,0.0,1,1017600.0,0.3333
MPLADS-002186,2,516000.0,258000.0,258000.0,258000.0,258000.0,0.0,2023-08-09,2023-09-19,41,41.0,41.0,0.0,8600.0,8600.0,30.0,0.5,0,0.0,0,0.0,0,0.0,0,0.0,1,258000.0,0.5
MPLADS-002187,3,2162000.0,720666.67,720700.0,720600.0,720700.0,57.74,2022-08-27,2023-01-03,129,64.5,64.5,0.71,13512.5,13513.12,53.3,0.3333,0,0.0,0,0.0,0,0.0,0,0.0,1,720600.0,0.3333
MPLADS-002188,3,2983000.0,994333.33,994300.0,994300.0,994400.0,57.74,2023-10-09,2024-02-26,140,70.0,70.0,0.0,14204.76,14205.71,70.0,0.3334,0,0.0,0,0.0,0,0.0,0,0.0,1,994400.0,0.3334
MPLADS-002189,2,574000.0,287000.0,287000.0,287000.0,287000.0,0.0,2023-07-06,2023-08-16,41,41.0,41.0,0.0,9566.67,9566.67,30.0,0.5,0,0.0,0,0.0,0,0.0,0,0.0,1,287000.0,0.5
MPLADS-002190,3,11754000.0,3918000.0,3918000.0,3918000.0,3918000.0,0.0,2023-09-13,2024-06-09,270,135.0,135.0,0.0,29385.0,29385.0,133.3,0.3333,0,0.0,0,0.0,0,0.0,0,0.0,1,3918000.0,0.3333
MPLADS-002191,3,7981000.0,2660333.33,2660300.0,2660300.0,2660400.0,57.74,2023-02-14,2023-11-09,268,134.0,134.0,0.0,19952.5,19953.0,133.3,0.3333,0,0.0,0,0.0,0,0.0,0,0.0,1,2660400.0,0.3333
MPLADS-002192,3,2214000.0,738000.0,738000.0,738000.0,738000.0,0.0,2023-02-07,2023-04-27,79,39.5,39.5,0.71,18450.0,18450.0,40.0,0.3333,0,0.0,0,0.0,0,0.0,0,0.0,1,738000.0,0.3333
MPLADS-002193,3,2680000.0,893333.33,893300.0,893300.0,893400.0,57.74,2023-06-16,2023-10-08,114,57.0,57.0,0.0,16750.0,16751.25,53.3,0.3334,0,0.0,0,0.0,0,0.0,0,0.0,1,893400.0,0.3334
MPLADS-002194,3,4337000.0,1445666.67,1445700.0,1445600.0,1445700.0,57.74,2023-03-03,2023-05-08,66,33.0,33.0,0.0,48188.89,48190.0,30.0,0.3333,0,0.0,1,0.3333,0,0.0,0,0.0,1,1445600.0,0.3333
MPLADS-002195,3,7666000.0,2555333.33,2555300.0,2555300.0,2555400.0,57.74,2023-03-05,2023-06-09,96,48.0,48.0,0.0,63883.33,63885.0,40.0,0.3333,0,0.0,0,0.0,0,0.0,0,0.0,1,2555400.0,0.3333
MPLADS-002196,3,1989000.0,663000.0,663000.0,663000.0,663000.0,0.0,2023-08-17,2023-11-12,87,43.5,43.5,0.71,16575.0,16575.0,40.0,0.3333,0,0.0,0,0.0,0,0.0,0,0.0,1,663000.0,0.3333
MPLADS-002197,3,2487000.0,829000.0,829000.0,829000.0,829000.0,0.0,2023-06-19,2024-06-13,360,180.0,180.0,0.0,13816.67,13816.67,60.0,0.3333,0,0.0,0,0.0,0,0.0,0,0.0,1,829000.0,0.3333
MPLADS-002198,3,1875000.0,625000.0,625000.0,625000.0,625000.0,0.0,2024-03-07,2024-07-03,118,59.0,59.0,0.0,12500.0,12500.0,50.0,0.3333,0,0.0,0,0.0,0,0.0,0,0.0,1,625000.0,0.3333
MPLADS-002199,2,411000.0,205500.0,205500.0,205500.0,205500.0,0.0,2024-01-21,2024-03-03,42,42.0,42.0,0.0,6850.0,6850.0,30.0,0.5,0,0.0,0,0.0,0,0.0,0,0.0,1,205500.0,0.5
MPLADS-002200,3,1779000.0,593000.0,593000.0,593000.0,593000.0,0.0,2022-05-10,2022-07-20,71,35.5,35.5,0.71,14825.0,14825.0,40.0,0.3333,0,0.0,0,0.0,0,0.0,0,0.0,1,593000.0,0.3333
MPLADS-002201,3,12210000.0,4070000.0,4070000.0,4070000.0,4070000.0,0.0,2023-07-22,2024-04-12,265,132.5,132.5,0.71,30525.0,30525.0,133.3,0.3333,0,0.0,0,0.0,0,0.0,0,0.0,1,4070000.0,0.3333
MPLADS-002202,3,2544000.0,848000.0,848000.0,848000.0,848000.0,0.0,2023-02-24,2023-06-18,114,57.0,57.0,0.0,16960.0,16960.0,50.0,0.3333,0,0.0,0,0.0,0,0.0,0,0.0,1,848000.0,0.3333
MPLADS-002203,3,15130000.0,5043333.33,5043300.0,5043300.0,5043400.0,57.74,2023-07-28,2024-05-11,288,144.0,144.0,0.0,37825.0,37825.5,133.3,0.3333,0,0.0,0,0.0,0,0.0,0,0.0,1,5043400.0,0.3333
MPLADS-002204,3,1252000.0,417333.33,417300.0,417300.0,417400.0,57.74,2022-10-15,2023-02-13,121,60.5,60.5,0.71,8346.67,8348.0,50.0,0.3334,0,0.0,0,0.0,0,0.0,0,0.0,1,417400.0,0.3334
MPLADS-002205,3,2181000.0,727000.0,727000.0,727000.0,727000.0,0.0,2023-10-30,2024-04-02,155,77.5,77.5,0.71,10385.71,10385.71,70.0,0.3333,0,0.0,0,0.0,0,0.0,0,0.0,1,727000.0,0.3333
MPLADS-002206,3,1786000.0,595333.33,595300.0,595300.0,595400.0,57.74,2022-07-18,2023-06-03,320,160.0,160.0,0.0,14883.33,14885.0,40.0,0.3334,0,0.0,0,0.0,0,0.0,0,0.0,1,595400.0,0.3334
MPLADS-002207,2,814000.0,407000.0,407000.0,407000.0,407000.0,0.0,2023-04-12,2023-05-29,47,47.0,47.0,0.0,9044.44,9044.44,45.0,0.5,0,0.0,0,0.0,0,0.0,0,0.0,1,407000.0,0.5
MPLADS-002208,3,3100000.0,1033333.33,1033300.0,1033300.0,1033400.0,57.74,2023-10-12,2024-02-26,137,68.5,68.5,0.71,14761.91,14762.86,70.0,0.3334,0,0.0,0,0.0,0,0.0,0,0.0,1,1033400.0,0.3334
MPLADS-002209,3,1604000.0,534666.67,534700.0,534600.0,534700.0,57.74,2023-04-17,2024-05-21,400,200.0,200.0,0.0,10693.33,10694.0,50.0,0.3334,0,0.0,0,0.0,0,0.0,0,0.0,1,534600.0,0.3333
MPLADS-002210,3,10754000.0,3584666.67,3584700.0,3584600.0,3584700.0,57.74,2023-07-11,2023-11-02,114,57.0,57.0,0.0,67212.5,67213.12,53.3,0.3333,0,0.0,0,0.0,0,0.0,0,0.0,1,3584600.0,0.3333
MPLADS-002211,3,11869000.0,3956333.33,3956300.0,3956300.0,3956400.0,57.74,2022-08-29,2023-06-12,287,143.5,143.5,0.71,29672.5,29673.0,133.3,0.3333,0,0.0,0,0.0,0,0.0,0,0.0,1,3956400.0,0.3333
MPLADS-002212,3,2744000.0,914666.67,914700.0,914600.0,914700.0,57.74,2022-12-13,2023-05-19,157,78.5,78.5,0.71,13066.66,13067.14,70.0,0.3333,0,0.0,1,0.3333,0,0.0,0,0.0,1,914600.0,0.3333
MPLADS-002213,3,13615000.0,4538333.33,4538300.0,4538300.0,4538400.0,57.74,2023-08-31,2024-06-05,279,139.5,139.5,0.71,34037.5,34038.0,133.3,0.3333,0,0.0,0,0.0,0,0.0,0,0.0,1,4538400.0,0.3333
MPLADS-002214,3,1619000.0,539666.67,539700.0,539600.0,539700.0,57.74,2023-03-16,2023-08-05,142,71.0,71.0,0.0,8994.44,8995.0,60.0,0.3334,0,0.0,0,0.0,0,0.0,0,0.0,1,539600.0,0.3333
MPLADS-002215,3,2936000.0,978666.67,978700.0,978600.0,978700.0,57.74,2022-05-12,2022-09-10,121,60.5,60.5,0.71,18350.0,18350.62,53.3,0.3333,0,0.0,0,0.0,3,1.0,0,0.0,1,978600.0,0.3333
MPLADS-002216,2,584000.0,292000.0,292000.0,292000.0,292000.0,0.0,2023-05-16,2023-06-27,42,42.0,42.0,0.0,9733.33,9733.33,30.0,0.5,0,0.0,0,0.0,0,0.0,0,0.0,1,292000.0,0.5
MPLADS-002217,2,374000.0,187000.0,187000.0,187000.0,187000.0,0.0,2022-11-14,2022-12-27,43,43.0,43.0,0.0,6233.33,6233.33,30.0,0.5,0,0.0,0,0.0,0,0.0,0,0.0,1,187000.0,0.5
MPLADS-002218,3,1870000.0,623333.33,623300.0,623300.0,623400.0,57.74,2024-02-21,2024-06-02,102,51.0,51.0,0.0,11687.5,11688.75,53.3,0.3334,0,0.0,0,0.0,0,0.0,0,0.0,1,623400.0,0.3334
MPLADS-002219,3,11143000.0,3714333.33,3714300.0,3714300.0,3714400.0,57.74,2023-01-17,2023-10-04,260,130.0,130.0,0.0,27857.5,27858.0,133.3,0.3333,0,0.0,0,0.0,3,1.0,0,0.0,1,3714400.0,0.3333
MPLADS-002220,3,2422000.0,807333.33,807300.0,807300.0,807400.0,57.74,2023-11-19,2024-02-09,82,41.0,41.0,0.0,20183.33,20185.0,40.0,0.3334,0,0.0,0,0.0,0,0.0,0,0.0,1,807400.0,0.3334
MPLADS-002221,3,1902000.0,634000.0,634000.0,634000.0,634000.0,0.0,2023-07-28,2023-12-08,133,66.5,66.5,0.71,10566.67,10566.67,60.0,0.3333,0,0.0,0,0.0,0,0.0,0,0.0,1,634000.0,0.3333
MPLADS-002222,3,2090000.0,696666.67,696700.0,696600.0,696700.0,57.74,2023-11-10,2024-02-19,101,50.5,50.5,0.71,17416.67,17417.5,40.0,0.3333,0,0.0,0,0.0,0,0.0,0,0.0,1,696600.0,0.3333
MPLADS-002223,3,2139000.0,713000.0,713000.0,713000.0,713000.0,0.0,2023-05-18,2023-09-12,117,58.5,58.5,0.71,13368.75,13368.75,53.3,0.3333,0,0.0,0,0.0,0,0.0,0,0.0,1,713000.0,0.3333
MPLADS-002224,3,2823000.0,941000.0,941000.0,941000.0,941000.0,0.0,2023-11-05,2024-03-22,138,69.0,69.0,0.0,13442.86,13442.86,70.0,0.3333,0,0.0,0,0.0,0,0.0,0,0.0,1,941000.0,0.3333
MPLADS-002225,3,2732000.0,910666.67,910700.0,910600.0,910700.0,57.74,2022-08-06,2023-01-04,151,75.5,75.5,0.71,13009.52,13010.0,70.0,0.3333,0,0.0,0,0.0,0,0.0,0,0.0,1,910600.0,0.3333
MPLADS-002226,3,1945000.0,648333.33,648300.0,648300.0,648400.0,57.74,2023-11-23,2024-03-20,118,59.0,59.0,0.0,12156.25,12157.5,53.3,0.3334,0,0.0,0,0.0,0,0.0,0,0.0,1,648400.0,0.3334
MPLADS-002227,3,11406000.0,3802000.0,3802000.0,3802000.0,3802000.0,0.0,2024-04-07,2025-01-08,276,138.0,138.0,0.0,28515.0,28515.0,133.3,0.3333,0,0.0,0,0.0,0,0.0,0,0.0,1,3802000.0,0.3333
MPLADS-002228,3,1001000.0,333666.67,333700.0,333600.0,333700.0,57.74,2023-04-29,2023-07-13,75,37.5,37.5,0.71,11122.22,11123.33,30.0,0.3334,0,0.0,0,0.0,0,0.0,0,0.0,1,333600.0,0.3333
MPLADS-002229,2,524000.0,262000.0,262000.0,262000.0,262000.0,0.0,2023-05-16,2023-06-13,28,28.0,28.0,0.0,8733.33,8733.33,30.0,0.5,0,0.0,0,0.0,0,0.0,0,0.0,1,262000.0,0.5
MPLADS-002230,3,1553000.0,517666.67,517700.0,517600.0,517700.0,57.74,2022-08-27,2022-11-24,89,44.5,44.5,0.71,12941.67,12942.5,40.0,0.3334,0,0.0,0,0.0,0,0.0,0,0.0,1,517600.0,0.3333
MPLADS-002231,3,14573000.0,4857666.67,4857700.0,4857600.0,4857700.0,57.74,2023-11-10,2024-08-14,278,139.0,139.0,0.0,36432.5,36432.75,133.3,0.3333,0,0.0,0,0.0,0,0.0,0,0.0,1,4857600.0,0.3333
MPLADS-002232,3,2768000.0,922666.67,922700.0,922600.0,922700.0,57.74,2024-02-27,2024-07-16,140,70.0,70.0,0.0,13180.95,13181.43,70.0,0.3333,0,0.0,0,0.0,0,0.0,0,0.0,1,922600.0,0.3333
MPLADS-002233,3,1718000.0,572666.67,572700.0,572600.0,572700.0,57.74,2022-10-24,2023-01-22,90,45.0,45.0,0.0,14316.67,14317.5,40.0,0.3334,0,0.0,0,0.0,0,0.0,0,0.0,1,572600.0,0.3333
MPLADS-002234,2,820000.0,410000.0,410000.0,410000.0,410000.0,0.0,2023-04-28,2023-06-11,44,44.0,44.0,0.0,9111.11,9111.11,45.0,0.5,0,0.0,0,0.0,2,1.0,0,0.0,1,410000.0,0.5
MPLADS-002235,3,8018000.0,2672666.67,2672700.0,2672600.0,2672700.0,57.74,2022-07-04,2022-11-05,124,62.0,62.0,0.0,44544.44,44545.0,60.0,0.3333,0,0.0,0,0.0,0,0.0,0,0.0,1,2672600.0,0.3333
MPLADS-002236,3,1779000.0,593000.0,593000.0,593000.0,593000.0,0.0,2022-12-10,2023-03-21,101,50.5,50.5,0.71,11118.75,11118.75,53.3,0.3333,0,0.0,0,0.0,0,0.0,0,0.0,1,593000.0,0.3333
MPLADS-002237,3,1985000.0,661666.67,661700.0,661600.0,661700.0,57.74,2022-06-30,2022-11-04,127,63.5,63.5,0.71,11027.78,11028.33,60.0,0.3334,0,0.0,0,0.0,0,0.0,0,0.0,1,661600.0,0.3333
MPLADS-002238,3,3129000.0,1043000.0,1043000.0,1043000.0,1043000.0,0.0,2022-06-26,2022-10-23,119,59.5,59.5,0.71,17383.33,17383.33,60.0,0.3333,0,0.0,0,0.0,3,1.0,0,0.0,1,1043000.0,0.3333
MPLADS-002239,3,3008000.0,1002666.67,1002700.0,1002600.0,1002700.0,57.74,2022-06-14,2022-10-04,112,56.0,56.0,0.0,18800.0,18800.62,53.3,0.3333,0,0.0,0,0.0,3,1.0,0,0.0,1,1002600.0,0.3333
MPLADS-002240,3,3792000.0,1264000.0,1264000.0,1264000.0,1264000.0,0.0,2022-11-15,2023-02-10,87,43.5,43.5,0.71,31600.0,31600.0,40.0,0.3333,0,0.0,0,0.0,0,0.0,0,0.0,1,1264000.0,0.3333
MPLADS-002241,3,1389000.0,463000.0,463000.0,463000.0,463000.0,0.0,2023-06-01,2023-08-28,88,44.0,44.0,0.0,11575.0,11575.0,40.0,0.3333,0,0.0,0,0.0,0,0.0,0,0.0,1,463000.0,0.3333
MPLADS-002242,2,944000.0,472000.0,472000.0,472000.0,472000.0,0.0,2022-12-25,2023-02-14,51,51.0,51.0,0.0,10488.89,10488.89,45.0,0.5,0,0.0,0,0.0,0,0.0,0,0.0,1,472000.0,0.5
MPLADS-002243,3,1049000.0,349666.67,349700.0,349600.0,349700.0,57.74,2022-09-28,2022-11-27,60,30.0,30.0,0.0,11655.56,11656.67,30.0,0.3334,0,0.0,0,0.0,0,0.0,0,0.0,1,349600.0,0.3333
MPLADS-002244,3,1702000.0,567333.33,567300.0,567300.0,567400.0,57.74,2022-08-09,2022-12-13,126,63.0,63.0,0.0,10637.5,10638.75,53.3,0.3334,0,0.0,0,0.0,0,0.0,0,0.0,1,567400.0,0.3334
MPLADS-002245,3,2376000.0,792000.0,792000.0,792000.0,792000.0,0.0,2023-03-23,2023-07-26,125,62.5,62.5,0.71,14850.0,14850.0,53.3,0.3333,0,0.0,1,0.3333,0,0.0,0,0.0,1,792000.0,0.3333
MPLADS-002246,2,771000.0,385500.0,385500.0,385500.0,385500.0,0.0,2022-08-25,2022-10-10,46,46.0,46.0,0.0,8566.67,8566.67,45.0,0.5,0,0.0,0,0.0,2,1.0,0,0.0,1,385500.0,0.5
MPLADS-002247,3,1771000.0,590333.33,590300.0,590300.0,590400.0,57.74,2023-03-07,2023-05-18,72,36.0,36.0,0.0,14758.33,14760.0,40.0,0.3334,0,0.0,0,0.0,0,0.0,0,0.0,1,590400.0,0.3334
MPLADS-002248,3,2569000.0,856333.33,856300.0,856300.0,856400.0,57.74,2022-08-08,2023-01-04,149,74.5,74.5,0.71,12233.34,12234.29,70.0,0.3334,0,0.0,0,0.0,0,0.0,0,0.0,1,856400.0,0.3334
MPLADS-002249,2,439000.0,219500.0,219500.0,219500.0,219500.0,0.0,2023-09-18,2023-11-04,47,47.0,47.0,0.0,7316.67,7316.67,30.0,0.5,0,0.0,0,0.0,2,1.0,0,0.0,1,219500.0,0.5
MPLADS-002250,2,543000.0,271500.0,271500.0,271500.0,271500.0,0.0,2023-09-20,2023-10-30,40,40.0,40.0,0.0,9050.0,9050.0,30.0,0.5,0,0.0,0,0.0,0,0.0,0,0.0,1,271500.0,0.5
MPLADS-002251,3,1045000.0,348333.33,348300.0,348300.0,348400.0,57.74,2022-07-30,2022-11-04,97,48.5,48.5,0.71,6966.67,6968.0,50.0,0.3334,0,0.0,0,0.0,0,0.0,0,0.0,1,348400.0,0.3334
MPLADS-002252,2,625000.0,312500.0,312500.0,312500.0,312500.0,0.0,2022-12-16,2023-02-10,56,56.0,56.0,0.0,6944.44,6944.44,45.0,0.5,0,0.0,0,0.0,0,0.0,0,0.0,1,312500.0,0.5
MPLADS-002253,3,5043000.0,1681000.0,1681000.0,1681000.0,1681000.0,0.0,2024-02-22,2024-07-21,150,75.0,75.0,0.0,24014.29,24014.29,70.0,0.3333,0,0.0,0,0.0,0,0.0,0,0.0,1,1681000.0,0.3333
MPLADS-002254,2,628000.0,314000.0,314000.0,314000.0,314000.0,0.0,2022-07-04,2022-08-17,44,44.0,44.0,0.0,10466.67,10466.67,30.0,0.5,0,0.0,0,0.0,0,0.0,0,0.0,1,314000.0,0.5
MPLADS-002255,2,605000.0,302500.0,302500.0,302500.0,302500.0,0.0,2023-06-21,2023-08-02,42,42.0,42.0,0.0,10083.33,10083.33,30.0,0.5,0,0.0,0,0.0,0,0.0,0,0.0,1,302500.0,0.5
MPLADS-002256,2,601000.0,300500.0,300500.0,300500.0,300500.0,0.0,2023-05-28,2023-06-28,31,31.0,31.0,0.0,10016.67,10016.67,30.0,0.5,0,0.0,0,0.0,0,0.0,0,0.0,1,300500.0,0.5
MPLADS-002257,3,2348000.0,782666.67,782700.0,782600.0,782700.0,57.74,2024-01-04,2024-04-29,116,58.0,58.0,0.0,14675.0,14675.62,53.3,0.3333,0,0.0,0,0.0,0,0.0,0,0.0,1,782600.0,0.3333
MPLADS-002258,3,2124000.0,708000.0,708000.0,708000.0,708000.0,0.0,2022-12-24,2023-03-20,86,43.0,43.0,0.0,17700.0,17700.0,40.0,0.3333,0,0.0,0,0.0,0,0.0,0,0.0,1,708000.0,0.3333
MPLADS-002259,3,2598000.0,866000.0,866000.0,866000.0,866000.0,0.0,2023-09-06,2024-01-26,142,71.0,71.0,0.0,12371.43,12371.43,70.0,0.3333,0,0.0,0,0.0,0,0.0,0,0.0,1,866000.0,0.3333
MPLADS-002260,3,2584000.0,861333.33,861300.0,861300.0,861400.0,57.74,2024-01-30,2024-06-04,126,63.0,63.0,0.0,16150.0,16151.25,53.3,0.3334,0,0.0,0,0.0,0,0.0,0,0.0,1,861400.0,0.3334
MPLADS-002261,3,2249000.0,749666.67,749700.0,749600.0,749700.0,57.74,2022-12-19,2023-05-01,133,66.5,66.5,0.71,12494.44,12495.0,60.0,0.3333,0,0.0,0,0.0,3,1.0,0,0.0,1,749600.0,0.3333
MPLADS-002262,3,6972000.0,2324000.0,2324000.0,2324000.0,2324000.0,0.0,2022-08-23,2022-12-11,110,55.0,55.0,0.0,46480.0,46480.0,50.0,0.3333,0,0.0,0,0.0,0,0.0,0,0.0,1,2324000.0,0.3333
MPLADS-002263,3,1889000.0,629666.67,629700.0,629600.0,629700.0,57.74,2023-06-15,2023-09-14,91,45.5,45.5,0.71,15741.67,15742.5,40.0,0.3334,0,0.0,0,0.0,0,0.0,0,0.0,1,629600.0,0.3333
MPLADS-002264,3,1388000.0,462666.67,462700.0,462600.0,462700.0,57.74,2022-10-01,2023-01-02,93,46.5,46.5,0.71,9253.33,9254.0,50.0,0.3334,0,0.0,0,0.0,0,0.0,0,0.0,1,462600.0,0.3333
MPLADS-002265,2,747000.0,373500.0,373500.0,373500.0,373500.0,0.0,2023-06-24,2023-08-21,58,58.0,58.0,0.0,8300.0,8300.0,45.0,0.5,0,0.0,0,0.0,0,0.0,0,0.0,1,373500.0,0.5
MPLADS-002266,3,2622000.0,874000.0,874000.0,874000.0,874000.0,0.0,2023-05-06,2023-08-13,99,49.5,49.5,0.71,16387.5,16387.5,53.3,0.3333,0,0.0,0,0.0,0,0.0,0,0.0,1,874000.0,0.3333
MPLADS-002267,3,1954000.0,651333.33,651300.0,651300.0,651400.0,57.74,2023-03-28,2023-07-22,116,58.0,58.0,0.0,12212.5,12213.75,53.3,0.3334,0,0.0,1,0.3333,0,0.0,0,0.0,1,651400.0,0.3334
MPLADS-002268,3,1237000.0,412333.33,412300.0,412300.0,412400.0,57.74,2023-12-13,2024-03-14,92,46.0,46.0,0.0,8246.67,8248.0,50.0,0.3334,0,0.0,0,0.0,0,0.0,0,0.0,1,412400.0,0.3334
MPLADS-002269,3,1093000.0,364333.33,364300.0,364300.0,364400.0,57.74,2022-11-11,2023-03-08,117,58.5,58.5,0.71,7286.67,7288.0,50.0,0.3334,0,0.0,0,0.0,3,1.0,0,0.0,1,364400.0,0.3334
MPLADS-002270,2,871000.0,435500.0,435500.0,435500.0,435500.0,0.0,2023-09-05,2023-10-23,48,48.0,48.0,0.0,9677.78,9677.78,45.0,0.5,0,0.0,0,0.0,0,0.0,0,0.0,1,435500.0,0.5
MPLADS-002271,3,3714000.0,1238000.0,1238000.0,1238000.0,1238000.0,0.0,2023-06-17,2023-09-28,103,51.5,51.5,0.71,23212.5,23212.5,53.3,0.3333,0,0.0,0,0.0,0,0.0,0,0.0,1,1238000.0,0.3333
MPLADS-002272,2,514000.0,257000.0,257000.0,257000.0,257000.0,0.0,2023-03-18,2023-04-10,23,23.0,23.0,0.0,8566.67,8566.67,30.0,0.5,0,0.0,0,0.0,0,0.0,0,0.0,1,257000.0,0.5
MPLADS-002273,2,390000.0,195000.0,195000.0,195000.0,195000.0,0.0,2022-07-28,2022-09-13,47,47.0,47.0,0.0,6500.0,6500.0,30.0,0.5,0,0.0,0,0.0,2,1.0,0,0.0,1,195000.0,0.5
MPLADS-002274,2,386000.0,193000.0,193000.0,193000.0,193000.0,0.0,2023-01-22,2023-02-28,37,37.0,37.0,0.0,6433.33,6433.33,30.0,0.5,0,0.0,0,0.0,2,1.0,0,0.0,1,193000.0,0.5
MPLADS-002275,3,1468000.0,489333.33,489300.0,489300.0,489400.0,57.74,2023-08-03,2023-11-18,107,53.5,53.5,0.71,9175.0,9176.25,53.3,0.3334,0,0.0,0,0.0,0,0.0,0,0.0,1,489400.0,0.3334
MPLADS-002276,3,2041000.0,680333.33,680300.0,680300.0,680400.0,57.74,2023-01-01,2023-05-23,142,71.0,71.0,0.0,9719.05,9720.0,70.0,0.3334,0,0.0,0,0.0,3,1.0,0,0.0,1,680400.0,0.3334
MPLADS-002277,3,1396000.0,465333.33,465300.0,465300.0,465400.0,57.74,2023-07-26,2023-10-13,79,39.5,39.5,0.71,11633.33,11635.0,40.0,0.3334,0,0.0,0,0.0,0,0.0,0,0.0,1,465400.0,0.3334
MPLADS-002278,3,1643000.0,547666.67,547700.0,547600.0,547700.0,57.74,2023-08-03,2023-11-27,116,58.0,58.0,0.0,10953.33,10954.0,50.0,0.3334,0,0.0,0,0.0,0,0.0,0,0.0,1,547600.0,0.3333
MPLADS-002279,3,1575000.0,525000.0,525000.0,525000.0,525000.0,0.0,2022-08-16,2022-11-20,96,48.0,48.0,0.0,13125.0,13125.0,40.0,0.3333,0,0.0,0,0.0,0,0.0,0,0.0,1,525000.0,0.3333
MPLADS-002280,2,741000.0,370500.0,370500.0,370500.0,370500.0,0.0,2024-01-14,2024-03-10,56,56.0,56.0,0.0,8233.33,8233.33,45.0,0.5,0,0.0,0,0.0,0,0.0,0,0.0,1,370500.0,0.5
MPLADS-002281,3,1970000.0,656666.67,656700.0,656600.0,656700.0,57.74,2023-11-18,2024-03-29,132,66.0,66.0,0.0,10944.44,10945.0,60.0,0.3334,0,0.0,1,0.3333,0,0.0,0,0.0,1,656600.0,0.3333
MPLADS-002282,3,2083000.0,694333.33,694300.0,694300.0,694400.0,57.74,2024-01-14,2024-04-15,92,46.0,46.0,0.0,17358.33,17360.0,40.0,0.3334,0,0.0,0,0.0,0,0.0,0,0.0,1,694400.0,0.3334
MPLADS-002283,3,1961000.0,653666.67,653700.0,653600.0,653700.0,57.74,2023-10-30,2024-03-15,137,68.5,68.5,0.71,10894.44,10895.0,60.0,0.3334,0,0.0,0,0.0,0,0.0,0,0.0,1,653600.0,0.3333
MPLADS-002284,3,1778000.0,592666.67,592700.0,592600.0,592700.0,57.74,2023-03-13,2023-07-08,117,58.5,58.5,0.71,9877.78,9878.33,60.0,0.3334,0,0.0,0,0.0,0,0.0,0,0.0,1,592600.0,0.3333
MPLADS-002285,3,2680000.0,893333.33,893300.0,893300.0,893400.0,57.74,2022-10-14,2023-02-22,131,65.5,65.5,0.71,12761.91,12762.86,70.0,0.3334,0,0.0,0,0.0,0,0.0,0,0.0,1,893400.0,0.3334
MPLADS-002286,3,1516000.0,505333.33,505300.0,505300.0,505400.0,57.74,2023-07-04,2023-10-02,90,45.0,45.0,0.0,12633.33,12635.0,40.0,0.3334,0,0.0,0,0.0,0,0.0,0,0.0,1,505400.0,0.3334
MPLADS-002287,3,1482000.0,494000.0,494000.0,494000.0,494000.0,0.0,2023-02-02,2023-05-20,107,53.5,53.5,0.71,9262.5,9262.5,53.3,0.3333,0,0.0,0,0.0,0,0.0,0,0.0,1,494000.0,0.3333
MPLADS-002288,3,3490000.0,1163333.33,1163300.0,1163300.0,1163400.0,57.74,2022-06-29,2022-11-30,154,77.0,77.0,0.0,16619.05,16620.0,70.0,0.3334,0,0.0,0,0.0,0,0.0,0,0.0,1,1163400.0,0.3334
MPLADS-002289,2,753000.0,376500.0,376500.0,376500.0,376500.0,0.0,2022-10-11,2023-02-23,135,135.0,135.0,0.0,8366.67,8366.67,45.0,0.5,0,0.0,0,0.0,0,0.0,0,0.0,1,376500.0,0.5
MPLADS-002290,3,1017000.0,339000.0,339000.0,339000.0,339000.0,0.0,2023-01-19,2023-03-11,51,25.5,25.5,0.71,11300.0,11300.0,30.0,0.3333,0,0.0,0,0.0,0,0.0,0,0.0,1,339000.0,0.3333
MPLADS-002291,3,1900000.0,633333.33,633300.0,633300.0,633400.0,57.74,2023-08-21,2023-12-31,132,66.0,66.0,0.0,10555.56,10556.67,60.0,0.3334,0,0.0,0,0.0,0,0.0,0,0.0,1,633400.0,0.3334
MPLADS-002292,3,3134000.0,1044666.67,1044700.0,1044600.0,1044700.0,57.74,2022-05-06,2022-09-17,134,67.0,67.0,0.0,14923.81,14924.29,70.0,0.3333,0,0.0,0,0.0,0,0.0,0,0.0,1,1044600.0,0.3333
MPLADS-002293,3,2242000.0,747333.33,747300.0,747300.0,747400.0,57.74,2022-09-26,2023-01-24,120,60.0,60.0,0.0,14012.5,14013.75,53.3,0.3334,0,0.0,0,0.0,0,0.0,0,0.0,1,747400.0,0.3334
MPLADS-002294,3,11351000.0,3783666.67,3783700.0,3783600.0,3783700.0,57.74,2023-02-10,2023-06-23,133,66.5,66.5,0.71,54052.38,54052.86,70.0,0.3333,0,0.0,0,0.0,0,0.0,0,0.0,1,3783600.0,0.3333
MPLADS-002295,3,2170000.0,723333.33,723300.0,723300.0,723400.0,57.74,2024-01-13,2024-05-09,117,58.5,58.5,0.71,13562.5,13563.75,53.3,0.3334,0,0.0,0,0.0,0,0.0,0,0.0,1,723400.0,0.3334
MPLADS-002296,2,549000.0,274500.0,274500.0,274500.0,274500.0,0.0,2023-03-16,2023-04-29,44,44.0,44.0,0.0,9150.0,9150.0,30.0,0.5,0,0.0,0,0.0,0,0.0,0,0.0,1,274500.0,0.5
MPLADS-002297,2,604000.0,302000.0,302000.0,302000.0,302000.0,0.0,2022-10-06,2022-11-24,49,49.0,49.0,0.0,6711.11,6711.11,45.0,0.5,0,0.0,0,0.0,0,0.0,0,0.0,1,302000.0,0.5
MPLADS-002298,3,2746000.0,915333.33,915300.0,915300.0,915400.0,57.74,2022-09-19,2023-01-12,115,57.5,57.5,0.71,15255.56,15256.67,60.0,0.3334,0,0.0,0,0.0,0,0.0,0,0.0,1,915400.0,0.3334
MPLADS-002299,3,1757000.0,585666.67,585700.0,585600.0,585700.0,57.74,2023-05-26,2023-09-21,118,59.0,59.0,0.0,10981.25,10981.88,53.3,0.3334,0,0.0,0,0.0,0,0.0,0,0.0,1,585600.0,0.3333
MPLADS-002300,3,1813000.0,604333.33,604300.0,604300.0,604400.0,57.74,2023-05-21,2023-08-31,102,51.0,51.0,0.0,12086.67,12088.0,50.0,0.3334,0,0.0,0,0.0,0,0.0,0,0.0,1,604400.0,0.3334
MPLADS-002301,3,2326000.0,775333.33,775300.0,775300.0,775400.0,57.74,2023-01-21,2023-05-17,116,58.0,58.0,0.0,12922.22,12923.33,60.0,0.3334,0,0.0,0,0.0,0,0.0,0,0.0,1,775400.0,0.3334
MPLADS-002302,2,582000.0,291000.0,291000.0,291000.0,291000.0,0.0,2023-05-21,2023-06-28,38,38.0,38.0,0.0,9700.0,9700.0,30.0,0.5,0,0.0,0,0.0,0,0.0,0,0.0,1,291000.0,0.5
MPLADS-002303,3,3027000.0,1009000.0,1009000.0,1009000.0,1009000.0,0.0,2023-10-10,2024-02-08,121,60.5,60.5,0.71,16816.67,16816.67,60.0,0.3333,0,0.0,0,0.0,0,0.0,0,0.0,1,1009000.0,0.3333
MPLADS-002304,3,1552000.0,517333.33,517300.0,517300.0,517400.0,57.74,2023-12-30,2024-04-18,110,55.0,55.0,0.0,10346.67,10348.0,50.0,0.3334,0,0.0,0,0.0,3,1.0,0,0.0,1,517400.0,0.3334
MPLADS-002305,2,413000.0,206500.0,206500.0,206500.0,206500.0,0.0,2023-10-31,2023-12-03,33,33.0,33.0,0.0,6883.33,6883.33,30.0,0.5,0,0.0,0,0.0,0,0.0,0,0.0,1,206500.0,0.5
MPLADS-002306,3,5971000.0,1990333.33,1990300.0,1990300.0,1990400.0,57.74,2023-06-20,2023-09-10,82,41.0,41.0,0.0,49758.33,49760.0,40.0,0.3333,0,0.0,0,0.0,0,0.0,0,0.0,1,1990400.0,0.3333
MPLADS-002307,3,1739000.0,579666.67,579700.0,579600.0,579700.0,57.74,2023-03-16,2023-06-24,100,50.0,50.0,0.0,11593.33,11594.0,50.0,0.3334,0,0.0,0,0.0,0,0.0,0,0.0,1,579600.0,0.3333
MPLADS-002308,3,3274000.0,1091333.33,1091300.0,1091300.0,1091400.0,57.74,2023-08-04,2023-12-20,138,69.0,69.0,0.0,15590.48,15591.43,70.0,0.3334,0,0.0,0,0.0,0,0.0,0,0.0,1,1091400.0,0.3334
MPLADS-002309,2,601000.0,300500.0,300500.0,300500.0,300500.0,0.0,2024-01-13,2024-02-13,31,31.0,31.0,0.0,10016.67,10016.67,30.0,0.5,0,0.0,0,0.0,0,0.0,0,0.0,1,300500.0,0.5
MPLADS-002310,3,1952000.0,650666.67,650700.0,650600.0,650700.0,57.74,2023-12-25,2024-03-23,89,44.5,44.5,0.71,16266.67,16267.5,40.0,0.3334,0,0.0,0,0.0,0,0.0,0,0.0,1,650600.0,0.3333
MPLADS-002311,3,63363000.0,21121000.0,21121000.0,21121000.0,21121000.0,0.0,2024-03-23,2024-12-16,268,134.0,134.0,0.0,158407.5,158407.5,133.3,0.3333,0,0.0,0,0.0,0,0.0,0,0.0,1,21121000.0,0.3333
MPLADS-002312,3,12268000.0,4089333.33,4089300.0,4089300.0,4089400.0,57.74,2024-03-04,2024-12-04,275,137.5,137.5,0.71,30670.0,30670.5,133.3,0.3333,0,0.0,1,0.3333,0,0.0,0,0.0,1,4089400.0,0.3333
MPLADS-002313,3,3566000.0,1188666.67,1188700.0,1188600.0,1188700.0,57.74,2022-07-18,2022-12-05,140,70.0,70.0,0.0,16980.95,16981.43,70.0,0.3333,0,0.0,0,0.0,0,0.0,0,0.0,1,1188600.0,0.3333
MPLADS-002314,3,3380000.0,1126666.67,1126700.0,1126600.0,1126700.0,57.74,2024-03-23,2024-08-18,148,74.0,74.0,0.0,16095.24,16095.71,70.0,0.3333,0,0.0,0,0.0,0,0.0,0,0.0,1,1126600.0,0.3333
MPLADS-002315,2,658000.0,329000.0,329000.0,329000.0,329000.0,0.0,2023-06-08,2023-07-27,49,49.0,49.0,0.0,7311.11,7311.11,45.0,0.5,0,0.0,0,0.0,0,0.0,0,0.0,1,329000.0,0.5
MPLADS-002316,3,2945000.0,981666.67,981700.0,981600.0,981700.0,57.74,2023-02-26,2023-06-03,97,48.5,48.5,0.71,19633.33,19634.0,50.0,0.3333,0,0.0,0,0.0,0,0.0,0,0.0,1,981600.0,0.3333
MPLADS-002317,2,610000.0,305000.0,305000.0,305000.0,305000.0,0.0,2022-06-07,2022-08-02,56,56.0,56.0,0.0,6777.78,6777.78,45.0,0.5,0,0.0,0,0.0,0,0.0,0,0.0,1,305000.0,0.5
MPLADS-002318,3,1609000.0,536333.33,536300.0,536300.0,536400.0,57.74,2023-05-17,2023-08-07,82,41.0,41.0,0.0,13408.33,13410.0,40.0,0.3334,0,0.0,0,0.0,0,0.0,0,0.0,1,536400.0,0.3334
MPLADS-002319,3,2526000.0,842000.0,842000.0,842000.0,842000.0,0.0,2023-08-03,2023-12-15,134,67.0,67.0,0.0,12028.57,12028.57,70.0,0.3333,0,0.0,0,0.0,0,0.0,0,0.0,1,842000.0,0.3333
MPLADS-002320,3,2039000.0,679666.67,679700.0,679600.0,679700.0,57.74,2024-01-23,2024-05-14,112,56.0,56.0,0.0,12743.75,12744.38,53.3,0.3333,0,0.0,0,0.0,0,0.0,0,0.0,1,679600.0,0.3333
MPLADS-002321,3,1976000.0,658666.67,658700.0,658600.0,658700.0,57.74,2022-07-29,2022-11-25,119,59.5,59.5,0.71,13173.33,13174.0,50.0,0.3334,0,0.0,0,0.0,0,0.0,0,0.0,1,658600.0,0.3333
MPLADS-002322,3,1275000.0,425000.0,425000.0,425000.0,425000.0,0.0,2023-09-19,2023-12-04,76,38.0,38.0,0.0,10625.0,10625.0,40.0,0.3333,0,0.0,0,0.0,3,1.0,0,0.0,1,425000.0,0.3333
MPLADS-002323,3,1275000.0,425000.0,425000.0,425000.0,425000.0,0.0,2023-10-20,2024-02-01,104,52.0,52.0,0.0,8500.0,8500.0,50.0,0.3333,0,0.0,0,0.0,0,0.0,0,0.0,1,425000.0,0.3333
MPLADS-002324,3,1224000.0,408000.0,408000.0,408000.0,408000.0,0.0,2023-01-21,2023-04-27,96,48.0,48.0,0.0,8160.0,8160.0,50.0,0.3333,0,0.0,0,0.0,0,0.0,0,0.0,1,408000.0,0.3333
MPLADS-002325,3,3028000.0,1009333.33,1009300.0,1009300.0,1009400.0,57.74,2022-11-04,2023-03-26,142,71.0,71.0,0.0,14419.05,14420.0,70.0,0.3334,0,0.0,0,0.0,0,0.0,0,0.0,1,1009400.0,0.3334
MPLADS-002326,3,2062000.0,687333.33,687300.0,687300.0,687400.0,57.74,2023-07-02,2023-08-17,46,23.0,23.0,0.0,34366.67,34370.0,20.0,0.3334,0,0.0,0,0.0,0,0.0,0,0.0,1,687400.0,0.3334
MPLADS-002327,3,2379000.0,793000.0,793000.0,793000.0,793000.0,0.0,2022-08-30,2022-11-13,75,37.5,37.5,0.71,19825.0,19825.0,40.0,0.3333,0,0.0,0,0.0,0,0.0,0,0.0,1,793000.0,0.3333
MPLADS-002328,3,2852000.0,950666.67,950700.0,950600.0,950700.0,57.74,2022-06-28,2022-09-14,78,39.0,39.0,0.0,23766.67,23767.5,40.0,0.3333,0,0.0,0,0.0,0,0.0,0,0.0,1,950600.0,0.3333
MPLADS-002329,3,2639000.0,879666.67,879700.0,879600.0,879700.0,57.74,2024-01-12,2024-05-28,137,68.5,68.5,0.71,14661.11,14661.67,60.0,0.3333,0,0.0,0,0.0,0,0.0,0,0.0,1,879600.0,0.3333
MPLADS-002330,3,14241000.0,4747000.0,4747000.0,4747000.0,4747000.0,0.0,2023-04-17,2024-01-25,283,141.5,141.5,0.71,35602.5,35602.5,133.3,0.3333,0,0.0,0,0.0,0,0.0,0,0.0,1,4747000.0,0.3333
MPLADS-002331,2,569000.0,284500.0,284500.0,284500.0,284500.0,0.0,2023-07-24,2023-09-07,45,45.0,45.0,0.0,9483.33,9483.33,30.0,0.5,0,0.0,0,0.0,0,0.0,0,0.0,1,284500.0,0.5
MPLADS-002332,3,1200000.0,400000.0,400000.0,400000.0,400000.0,0.0,2022-03-30,2022-07-06,98,49.0,49.0,0.0,8000.0,8000.0,50.0,0.3333,0,0.0,0,0.0,0,0.0,3,1.0,1,400000.0,0.3333
MPLADS-002333,3,2925000.0,975000.0,975000.0,975000.0,975000.0,0.0,2023-06-01,2023-09-06,97,48.5,48.5,0.71,24375.0,24375.0,40.0,0.3333,0,0.0,0,0.0,0,0.0,0,0.0,1,975000.0,0.3333
MPLADS-002334,3,11833000.0,3944333.33,3944300.0,3944300.0,3944400.0,57.74,2023-08-25,2024-05-18,267,133.5,133.5,0.71,29582.5,29583.0,133.3,0.3333,0,0.0,0,0.0,0,0.0,0,0.0,1,3944400.0,0.3333
MPLADS-002335,3,1447000.0,482333.33,482300.0,482300.0,482400.0,57.74,2023-07-17,2023-11-14,120,60.0,60.0,0.0,9646.67,9648.0,50.0,0.3334,0,0.0,0,0.0,3,1.0,0,0.0,1,482400.0,0.3334
MPLADS-002336,3,1542000.0,514000.0,514000.0,514000.0,514000.0,0.0,2022-12-02,2023-02-18,78,39.0,39.0,0.0,17133.33,17133.33,30.0,0.3333,0,0.0,0,0.0,0,0.0,0,0.0,1,514000.0,0.3333
MPLADS-002337,2,969000.0,484500.0,484500.0,484500.0,484500.0,0.0,2023-01-21,2023-03-09,47,47.0,47.0,0.0,10766.67,10766.67,45.0,0.5,0,0.0,0,0.0,0,0.0,0,0.0,1,484500.0,0.5
MPLADS-002338,3,1158000.0,386000.0,386000.0,386000.0,386000.0,0.0,2022-07-03,2022-09-17,76,38.0,38.0,0.0,9650.0,9650.0,40.0,0.3333,0,0.0,0,0.0,0,0.0,0,0.0,1,386000.0,0.3333
MPLADS-002339,3,2426000.0,808666.67,808700.0,808600.0,808700.0,57.74,2022-08-20,2022-12-18,120,60.0,60.0,0.0,13477.78,13478.33,60.0,0.3333,0,0.0,0,0.0,0,0.0,0,0.0,1,808600.0,0.3333
MPLADS-002340,3,3922000.0,1307333.33,1307300.0,1307300.0,1307400.0,57.74,2022-05-10,2022-09-23,136,68.0,68.0,0.0,18676.19,18677.14,70.0,0.3334,0,0.0,0,0.0,0,0.0,0,0.0,1,1307400.0,0.3334
MPLADS-002341,3,1241000.0,413666.67,413700.0,413600.0,413700.0,57.74,2024-01-20,2024-05-07,108,54.0,54.0,0.0,8273.33,8274.0,50.0,0.3334,0,0.0,0,0.0,0,0.0,0,0.0,1,413600.0,0.3333
MPLADS-002342,2,437000.0,218500.0,218500.0,218500.0,218500.0,0.0,2023-08-08,2023-09-20,43,43.0,43.0,0.0,7283.33,7283.33,30.0,0.5,0,0.0,0,0.0,0,0.0,0,0.0,1,218500.0,0.5
MPLADS-002343,2,965000.0,482500.0,482500.0,482500.0,482500.0,0.0,2023-05-28,2023-07-23,56,56.0,56.0,0.0,10722.22,10722.22,45.0,0.5,0,0.0,0,0.0,0,0.0,0,0.0,1,482500.0,0.5
MPLADS-002344,3,1736000.0,578666.67,578700.0,578600.0,578700.0,57.74,2023-04-18,2023-07-28,101,50.5,50.5,0.71,14466.67,14467.5,40.0,0.3334,0,0.0,0,0.0,0,0.0,0,0.0,1,578600.0,0.3333
MPLADS-002345,2,968000.0,484000.0,484000.0,484000.0,484000.0,0.0,2023-07-18,2023-09-13,57,57.0,57.0,0.0,10755.56,10755.56,45.0,0.5,0,0.0,0,0.0,0,0.0,0,0.0,1,484000.0,0.5
MPLADS-002346,3,1369000.0,456333.33,456300.0,456300.0,456400.0,57.74,2023-10-21,2024-01-16,87,43.5,43.5,0.71,11408.33,11410.0,40.0,0.3334,0,0.0,0,0.0,0,0.0,0,0.0,1,456400.0,0.3334
MPLADS-002347,2,368000.0,184000.0,184000.0,184000.0,184000.0,0.0,2023-08-22,2023-09-28,37,37.0,37.0,0.0,6133.33,6133.33,30.0,0.5,0,0.0,0,0.0,0,0.0,0,0.0,1,184000.0,0.5
MPLADS-002348,3,6385000.0,2128333.33,2128300.0,2128300.0,2128400.0,57.74,2022-06-02,2022-09-22,112,56.0,56.0,0.0,42566.67,42568.0,50.0,0.3333,0,0.0,0,0.0,0,0.0,0,0.0,1,2128400.0,0.3333
MPLADS-002349,2,565000.0,282500.0,282500.0,282500.0,282500.0,0.0,2023-05-26,2023-07-17,52,52.0,52.0,0.0,6277.78,6277.78,45.0,0.5,0,0.0,0,0.0,0,0.0,0,0.0,1,282500.0,0.5
MPLADS-002350,3,14203000.0,4734333.33,4734300.0,4734300.0,4734400.0,57.74,2023-05-03,2023-09-04,124,62.0,62.0,0.0,78905.56,78906.67,60.0,0.3333,0,0.0,0,0.0,0,0.0,0,0.0,1,4734400.0,0.3333
MPLADS-002351,3,3685000.0,1228333.33,1228300.0,1228300.0,1228400.0,57.74,2022-06-27,2022-09-13,78,39.0,39.0,0.0,40944.44,40946.67,30.0,0.3334,0,0.0,0,0.0,0,0.0,0,0.0,1,1228400.0,0.3334
MPLADS-002352,3,56121000.0,18707000.0,18707000.0,18707000.0,18707000.0,0.0,2023-01-02,2023-10-10,281,140.5,140.5,0.71,140302.5,140302.5,133.3,0.3333,0,0.0,0,0.0,0,0.0,0,0.0,1,18707000.0,0.3333
MPLADS-002353,3,1176000.0,392000.0,392000.0,392000.0,392000.0,0.0,2022-10-22,2023-01-24,94,47.0,47.0,0.0,7840.0,7840.0,50.0,0.3333,0,0.0,0,0.0,0,0.0,0,0.0,1,392000.0,0.3333
MPLADS-002354,3,2924000.0,974666.67,974700.0,974600.0,974700.0,57.74,2023-01-17,2023-04-12,85,42.5,42.5,0.71,24366.67,24367.5,40.0,0.3333,0,0.0,0,0.0,0,0.0,0,0.0,1,974600.0,0.3333
MPLADS-002355,3,1101000.0,367000.0,367000.0,367000.0,367000.0,0.0,2023-08-29,2023-11-04,67,33.5,33.5,0.71,12233.33,12233.33,30.0,0.3333,0,0.0,0,0.0,3,1.0,0,0.0,1,367000.0,0.3333
MPLADS-002356,3,3394000.0,1131333.33,1131300.0,1131300.0,1131400.0,57.74,2023-07-22,2023-12-22,153,76.5,76.5,0.71,16161.91,16162.86,70.0,0.3334,0,0.0,0,0.0,0,0.0,0,0.0,1,1131400.0,0.3334
MPLADS-002357,3,1985000.0,661666.67,661700.0,661600.0,661700.0,57.74,2023-04-08,2023-07-27,110,55.0,55.0,0.0,12406.25,12406.88,53.3,0.3334,0,0.0,0,0.0,0,0.0,0,0.0,1,661600.0,0.3333
MPLADS-002358,3,3927000.0,1309000.0,1309000.0,1309000.0,1309000.0,0.0,2022-09-19,2023-01-30,133,66.5,66.5,0.71,18700.0,18700.0,70.0,0.3333,0,0.0,0,0.0,0,0.0,0,0.0,1,1309000.0,0.3333
MPLADS-002359,3,3402000.0,1134000.0,1134000.0,1134000.0,1134000.0,0.0,2023-01-27,2023-06-25,149,74.5,74.5,0.71,16200.0,16200.0,70.0,0.3333,0,0.0,0,0.0,0,0.0,0,0.0,1,1134000.0,0.3333
MPLADS-002360,2,554000.0,277000.0,277000.0,277000.0,277000.0,0.0,2022-07-08,2022-07-31,23,23.0,23.0,0.0,9233.33,9233.33,30.0,0.5,0,0.0,0,0.0,0,0.0,0,0.0,1,277000.0,0.5
MPLADS-002361,3,2892000.0,964000.0,964000.0,964000.0,964000.0,0.0,2022-07-09,2022-12-02,146,73.0,73.0,0.0,13771.43,13771.43,70.0,0.3333,0,0.0,0,0.0,0,0.0,0,0.0,1,964000.0,0.3333
MPLADS-002362,3,8001000.0,2667000.0,2667000.0,2667000.0,2667000.0,0.0,2022-07-04,2023-04-12,282,141.0,141.0,0.0,20002.5,20002.5,133.3,0.3333,0,0.0,0,0.0,0,0.0,0,0.0,1,2667000.0,0.3333
MPLADS-002363,3,2487000.0,829000.0,829000.0,829000.0,829000.0,0.0,2022-07-05,2022-11-11,129,64.5,64.5,0.71,15543.75,15543.75,53.3,0.3333,0,0.0,0,0.0,0,0.0,0,0.0,1,829000.0,0.3333
MPLADS-002364,3,3548000.0,1182666.67,1182700.0,1182600.0,1182700.0,57.74,2024-03-05,2024-08-09,157,78.5,78.5,0.71,16895.24,16895.71,70.0,0.3333,0,0.0,1,0.3333,0,0.0,0,0.0,1,1182600.0,0.3333
MPLADS-002365,3,1794000.0,598000.0,598000.0,598000.0,598000.0,0.0,2023-03-15,2023-05-26,72,36.0,36.0,0.0,14950.0,14950.0,40.0,0.3333,0,0.0,0,0.0,0,0.0,0,0.0,1,598000.0,0.3333
MPLADS-002366,3,15555000.0,5185000.0,5185000.0,5185000.0,5185000.0,0.0,2023-12-02,2024-09-08,281,140.5,140.5,0.71,38887.5,38887.5,133.3,0.3333,0,0.0,0,0.0,0,0.0,0,0.0,1,5185000.0,0.3333
MPLADS-002367,3,2394000.0,798000.0,798000.0,798000.0,798000.0,0.0,2023-11-17,2024-03-06,110,55.0,55.0,0.0,14962.5,14962.5,53.3,0.3333,0,0.0,0,0.0,0,0.0,0,0.0,1,798000.0,0.3333
MPLADS-002368,3,3507000.0,1169000.0,1169000.0,1169000.0,1169000.0,0.0,2024-02-02,2024-06-05,124,62.0,62.0,0.0,21918.75,21918.75,53.3,0.3333,0,0.0,0,0.0,0,0.0,0,0.0,1,1169000.0,0.3333
MPLADS-002369,3,1745000.0,581666.67,581700.0,581600.0,581700.0,57.74,2022-12-07,2023-04-11,125,62.5,62.5,0.71,10906.25,10906.88,53.3,0.3334,0,0.0,0,0.0,0,0.0,0,0.0,1,581600.0,0.3333
MPLADS-002370,3,2528000.0,842666.67,842700.0,842600.0,842700.0,57.74,2023-07-28,2023-11-08,103,51.5,51.5,0.71,15800.0,15800.62,53.3,0.3333,0,0.0,0,0.0,0,0.0,0,0.0,1,842600.0,0.3333
MPLADS-002371,3,11300000.0,3766666.67,3766700.0,3766600.0,3766700.0,57.74,2023-09-04,2024-06-06,276,138.0,138.0,0.0,28250.0,28250.25,133.3,0.3333,0,0.0,0,0.0,0,0.0,0,0.0,1,3766600.0,0.3333
MPLADS-002372,3,18543000.0,6181000.0,6181000.0,6181000.0,6181000.0,0.0,2022-09-22,2023-06-11,262,131.0,131.0,0.0,46357.5,46357.5,133.3,0.3333,0,0.0,0,0.0,0,0.0,0,0.0,1,6181000.0,0.3333
MPLADS-002373,3,1605000.0,535000.0,535000.0,535000.0,535000.0,0.0,2022-12-09,2023-03-21,102,51.0,51.0,0.0,13375.0,13375.0,40.0,0.3333,0,0.0,0,0.0,0,0.0,0,0.0,1,535000.0,0.3333
MPLADS-002374,3,2671000.0,890333.33,890300.0,890300.0,890400.0,57.74,2024-06-20,2025-10-13,480,240.0,240.0,0.0,14838.89,14840.0,60.0,0.3334,0,0.0,0,0.0,0,0.0,0,0.0,1,890400.0,0.3334
MPLADS-002375,3,2290000.0,763333.33,763300.0,763300.0,763400.0,57.74,2023-02-05,2023-06-07,122,61.0,61.0,0.0,12722.22,12723.33,60.0,0.3334,0,0.0,0,0.0,0,0.0,0,0.0,1,763400.0,0.3334
MPLADS-002376,3,10966000.0,3655333.33,3655300.0,3655300.0,3655400.0,57.74,2024-05-11,2025-02-05,270,135.0,135.0,0.0,27415.0,27415.5,133.3,0.3333,0,0.0,0,0.0,0,0.0,0,0.0,1,3655400.0,0.3333
MPLADS-002377,3,1610000.0,536666.67,536700.0,536600.0,536700.0,57.74,2023-04-09,2023-07-30,112,56.0,56.0,0.0,10733.33,10734.0,50.0,0.3334,0,0.0,0,0.0,0,0.0,0,0.0,1,536600.0,0.3333
MPLADS-002378,3,1545000.0,515000.0,515000.0,515000.0,515000.0,0.0,2023-12-09,2024-03-21,103,51.5,51.5,0.71,12875.0,12875.0,40.0,0.3333,0,0.0,0,0.0,0,0.0,0,0.0,1,515000.0,0.3333
MPLADS-002379,3,16335000.0,5445000.0,5445000.0,5445000.0,5445000.0,0.0,2023-03-09,2023-12-06,272,136.0,136.0,0.0,40837.5,40837.5,133.3,0.3333,0,0.0,0,0.0,3,1.0,0,0.0,1,5445000.0,0.3333
MPLADS-002380,3,1004000.0,334666.67,334700.0,334600.0,334700.0,57.74,2023-08-07,2023-12-01,116,58.0,58.0,0.0,6693.33,6694.0,50.0,0.3334,0,0.0,0,0.0,0,0.0,0,0.0,1,334600.0,0.3333
MPLADS-002381,3,1893000.0,631000.0,631000.0,631000.0,631000.0,0.0,2023-11-23,2024-03-20,118,59.0,59.0,0.0,10516.67,10516.67,60.0,0.3333,0,0.0,0,0.0,0,0.0,0,0.0,1,631000.0,0.3333
MPLADS-002382,2,607000.0,303500.0,303500.0,303500.0,303500.0,0.0,2023-01-02,2023-02-09,38,38.0,38.0,0.0,6744.44,6744.44,45.0,0.5,0,0.0,0,0.0,0,0.0,0,0.0,1,303500.0,0.5
MPLADS-002383,3,1199000.0,399666.67,399700.0,399600.0,399700.0,57.74,2023-03-30,2023-07-11,103,51.5,51.5,0.71,7993.33,7994.0,50.0,0.3334,0,0.0,0,0.0,0,0.0,0,0.0,1,399600.0,0.3333
MPLADS-002384,2,790000.0,395000.0,395000.0,395000.0,395000.0,0.0,2023-01-26,2023-03-25,58,58.0,58.0,0.0,8777.78,8777.78,45.0,0.5,0,0.0,1,0.5,0,0.0,0,0.0,1,395000.0,0.5
MPLADS-002385,3,1544000.0,514666.67,514700.0,514600.0,514700.0,57.74,2023-11-12,2024-02-14,94,47.0,47.0,0.0,12866.67,12867.5,40.0,0.3334,0,0.0,0,0.0,0,0.0,0,0.0,1,514600.0,0.3333
MPLADS-002386,3,1353000.0,451000.0,451000.0,451000.0,451000.0,0.0,2024-04-17,2024-12-13,240,120.0,120.0,0.0,11275.0,11275.0,40.0,0.3333,0,0.0,0,0.0,0,0.0,0,0.0,1,451000.0,0.3333
MPLADS-002387,3,3499000.0,1166333.33,1166300.0,1166300.0,1166400.0,57.74,2022-08-23,2023-01-10,140,70.0,70.0,0.0,16661.91,16662.86,70.0,0.3334,0,0.0,0,0.0,0,0.0,0,0.0,1,1166400.0,0.3334
MPLADS-002388,3,2196000.0,732000.0,732000.0,732000.0,732000.0,0.0,2023-09-05,2024-02-15,163,81.5,81.5,0.71,10457.14,10457.14,70.0,0.3333,0,0.0,0,0.0,0,0.0,0,0.0,1,732000.0,0.3333
MPLADS-002389,3,2418000.0,806000.0,806000.0,806000.0,806000.0,0.0,2023-06-27,2023-11-06,132,66.0,66.0,0.0,13433.33,13433.33,60.0,0.3333,0,0.0,0,0.0,0,0.0,0,0.0,1,806000.0,0.3333
MPLADS-002390,3,1520000.0,506666.67,506700.0,506600.0,506700.0,57.74,2022-05-25,2022-09-11,109,54.5,54.5,0.71,9500.0,9500.62,53.3,0.3334,0,0.0,0,0.0,0,0.0,0,0.0,1,506600.0,0.3333
MPLADS-002391,3,1842000.0,614000.0,614000.0,614000.0,614000.0,0.0,2023-01-26,2023-05-28,122,61.0,61.0,0.0,12280.0,12280.0,50.0,0.3333,0,0.0,0,0.0,0,0.0,0,0.0,1,614000.0,0.3333
MPLADS-002392,3,2693000.0,897666.67,897700.0,897600.0,897700.0,57.74,2022-05-04,2022-09-04,123,61.5,61.5,0.71,16831.25,16831.88,53.3,0.3333,0,0.0,0,0.0,0,0.0,0,0.0,1,897600.0,0.3333
MPLADS-002393,3,12162000.0,4054000.0,4054000.0,4054000.0,4054000.0,0.0,2022-07-15,2023-04-13,272,136.0,136.0,0.0,30405.0,30405.0,133.3,0.3333,0,0.0,0,0.0,0,0.0,0,0.0,1,4054000.0,0.3333
MPLADS-002394,3,2815000.0,938333.33,938300.0,938300.0,938400.0,57.74,2023-08-28,2024-01-09,134,67.0,67.0,0.0,13404.76,13405.71,70.0,0.3334,0,0.0,0,0.0,0,0.0,0,0.0,1,938400.0,0.3334
MPLADS-002395,3,3247000.0,1082333.33,1082300.0,1082300.0,1082400.0,57.74,2022-06-12,2022-11-01,142,71.0,71.0,0.0,18038.89,18040.0,60.0,0.3334,0,0.0,0,0.0,0,0.0,0,0.0,1,1082400.0,0.3334
MPLADS-002396,3,2303000.0,767666.67,767700.0,767600.0,767700.0,57.74,2022-04-08,2022-07-25,108,54.0,54.0,0.0,14393.75,14394.38,53.3,0.3333,0,0.0,0,0.0,0,0.0,0,0.0,1,767600.0,0.3333
MPLADS-002397,3,2285000.0,761666.67,761700.0,761600.0,761700.0,57.74,2024-01-27,2024-05-28,122,61.0,61.0,0.0,14281.25,14281.88,53.3,0.3333,0,0.0,0,0.0,0,0.0,0,0.0,1,761600.0,0.3333
MPLADS-002398,2,850000.0,425000.0,425000.0,425000.0,425000.0,0.0,2022-07-17,2022-09-04,49,49.0,49.0,0.0,9444.44,9444.44,45.0,0.5,0,0.0,0,0.0,0,0.0,0,0.0,1,425000.0,0.5
MPLADS-002399,3,1939000.0,646333.33,646300.0,646300.0,646400.0,57.74,2022-08-18,2022-12-20,124,62.0,62.0,0.0,12118.75,12120.0,53.3,0.3334,0,0.0,0,0.0,0,0.0,0,0.0,1,646400.0,0.3334
MPLADS-002400,3,9663000.0,3221000.0,3221000.0,3221000.0,3221000.0,0.0,2022-04-16,2022-07-29,104,52.0,52.0,0.0,60393.75,60393.75,53.3,0.3333,0,0.0,0,0.0,0,0.0,0,0.0,1,3221000.0,0.3333
MPLADS-002401,2,572000.0,286000.0,286000.0,286000.0,286000.0,0.0,2022-06-21,2022-08-12,52,52.0,52.0,0.0,6355.56,6355.56,45.0,0.5,0,0.0,0,0.0,0,0.0,0,0.0,1,286000.0,0.5
MPLADS-002402,3,1428000.0,476000.0,476000.0,476000.0,476000.0,0.0,2023-08-21,2023-12-07,108,54.0,54.0,0.0,9520.0,9520.0,50.0,0.3333,0,0.0,0,0.0,0,0.0,0,0.0,1,476000.0,0.3333
MPLADS-002403,3,1237000.0,412333.33,412300.0,412300.0,412400.0,57.74,2023-02-21,2023-06-04,103,51.5,51.5,0.71,10308.33,10310.0,40.0,0.3334,0,0.0,0,0.0,0,0.0,0,0.0,1,412400.0,0.3334
MPLADS-002404,2,548000.0,274000.0,274000.0,274000.0,274000.0,0.0,2023-04-01,2023-05-29,58,58.0,58.0,0.0,6088.89,6088.89,45.0,0.5,0,0.0,0,0.0,0,0.0,0,0.0,1,274000.0,0.5
MPLADS-002405,3,9541000.0,3180333.33,3180300.0,3180300.0,3180400.0,57.74,2022-07-26,2023-04-30,278,139.0,139.0,0.0,23852.5,23853.0,133.3,0.3333,0,0.0,0,0.0,0,0.0,0,0.0,1,3180400.0,0.3333
MPLADS-002406,3,1677000.0,559000.0,559000.0,559000.0,559000.0,0.0,2023-03-12,2023-06-13,93,46.5,46.5,0.71,11180.0,11180.0,50.0,0.3333,0,0.0,0,0.0,0,0.0,0,0.0,1,559000.0,0.3333
MPLADS-002407,2,838000.0,419000.0,419000.0,419000.0,419000.0,0.0,2023-05-04,2023-06-20,47,47.0,47.0,0.0,9311.11,9311.11,45.0,0.5,0,0.0,0,0.0,0,0.0,0,0.0,1,419000.0,0.5
MPLADS-002408,3,2949000.0,983000.0,983000.0,983000.0,983000.0,0.0,2022-11-28,2023-04-01,124,62.0,62.0,0.0,16383.33,16383.33,60.0,0.3333,0,0.0,0,0.0,0,0.0,0,0.0,1,983000.0,0.3333
MPLADS-002409,3,2084000.0,694666.67,694700.0,694600.0,694700.0,57.74,2022-08-04,2022-11-05,93,46.5,46.5,0.71,17366.67,17367.5,40.0,0.3333,0,0.0,0,0.0,0,0.0,0,0.0,1,694600.0,0.3333
MPLADS-002410,3,2599000.0,866333.33,866300.0,866300.0,866400.0,57.74,2023-07-29,2023-11-28,122,61.0,61.0,0.0,14438.89,14440.0,60.0,0.3334,0,0.0,0,0.0,0,0.0,0,0.0,1,866400.0,0.3334
MPLADS-002411,3,1400000.0,466666.67,466700.0,466600.0,466700.0,57.74,2022-03-24,2022-06-08,76,38.0,38.0,0.0,11666.67,11667.5,40.0,0.3334,0,0.0,0,0.0,0,0.0,0,0.0,1,466600.0,0.3333
MPLADS-002412,3,11532000.0,3844000.0,3844000.0,3844000.0,3844000.0,0.0,2023-11-25,2024-08-26,275,137.5,137.5,0.71,28830.0,28830.0,133.3,0.3333,0,0.0,0,0.0,0,0.0,0,0.0,1,3844000.0,0.3333
MPLADS-002413,3,3060000.0,1020000.0,1020000.0,1020000.0,1020000.0,0.0,2023-12-16,2024-05-07,143,71.5,71.5,0.71,14571.43,14571.43,70.0,0.3333,0,0.0,0,0.0,0,0.0,0,0.0,1,1020000.0,0.3333
MPLADS-002414,3,8243000.0,2747666.67,2747700.0,2747600.0,2747700.0,57.74,2023-09-27,2024-06-17,264,132.0,132.0,0.0,20607.5,20607.75,133.3,0.3333,0,0.0,0,0.0,0,0.0,0,0.0,1,2747600.0,0.3333
MPLADS-002415,3,2220000.0,740000.0,740000.0,740000.0,740000.0,0.0,2023-06-04,2023-10-18,136,68.0,68.0,0.0,10571.43,10571.43,70.0,0.3333,0,0.0,0,0.0,0,0.0,0,0.0,1,740000.0,0.3333
MPLADS-002416,3,9303000.0,3101000.0,3101000.0,3101000.0,3101000.0,0.0,2022-05-28,2023-02-14,262,131.0,131.0,0.0,23257.5,23257.5,133.3,0.3333,0,0.0,0,0.0,3,1.0,0,0.0,1,3101000.0,0.3333
MPLADS-002417,3,2644000.0,881333.33,881300.0,881300.0,881400.0,57.74,2024-04-11,2025-06-05,420,210.0,210.0,0.0,12590.48,12591.43,70.0,0.3334,0,0.0,0,0.0,0,0.0,0,0.0,1,881400.0,0.3334
MPLADS-002418,3,1855000.0,618333.33,618300.0,618300.0,618400.0,57.74,2023-10-01,2024-02-14,136,68.0,68.0,0.0,10305.56,10306.67,60.0,0.3334,0,0.0,0,0.0,0,0.0,0,0.0,1,618400.0,0.3334
MPLADS-002419,3,1231000.0,410333.33,410300.0,410300.0,410400.0,57.74,2023-10-31,2024-02-08,100,50.0,50.0,0.0,8206.67,8208.0,50.0,0.3334,0,0.0,0,0.0,0,0.0,0,0.0,1,410400.0,0.3334
MPLADS-002420,3,2307000.0,769000.0,769000.0,769000.0,769000.0,0.0,2023-09-20,2024-01-26,128,64.0,64.0,0.0,14418.75,14418.75,53.3,0.3333,0,0.0,0,0.0,0,0.0,0,0.0,1,769000.0,0.3333
MPLADS-002421,3,2298000.0,766000.0,766000.0,766000.0,766000.0,0.0,2024-02-17,2024-05-30,103,51.5,51.5,0.71,19150.0,19150.0,40.0,0.3333,0,0.0,0,0.0,0,0.0,0,0.0,1,766000.0,0.3333
MPLADS-002422,3,2075000.0,691666.67,691700.0,691600.0,691700.0,57.74,2022-08-28,2022-11-30,94,47.0,47.0,0.0,17291.67,17292.5,40.0,0.3333,0,0.0,0,0.0,0,0.0,0,0.0,1,691600.0,0.3333
MPLADS-002423,3,1547000.0,515666.67,515700.0,515600.0,515700.0,57.74,2023-11-26,2024-03-09,104,52.0,52.0,0.0,10313.33,10314.0,50.0,0.3334,0,0.0,1,0.3333,0,0.0,0,0.0,1,515600.0,0.3333
MPLADS-002424,3,10690000.0,3563333.33,3563300.0,3563300.0,3563400.0,57.74,2023-02-20,2023-11-21,274,137.0,137.0,0.0,26725.0,26725.5,133.3,0.3333,0,0.0,0,0.0,0,0.0,0,0.0,1,3563400.0,0.3333
MPLADS-002425,3,1639000.0,546333.33,546300.0,546300.0,546400.0,57.74,2023-07-25,2023-10-27,94,47.0,47.0,0.0,13658.33,13660.0,40.0,0.3334,0,0.0,0,0.0,0,0.0,0,0.0,1,546400.0,0.3334
MPLADS-002426,3,9953000.0,3317666.67,3317700.0,3317600.0,3317700.0,57.74,2024-01-08,2024-10-14,280,140.0,140.0,0.0,24882.5,24882.75,133.3,0.3333,0,0.0,0,0.0,0,0.0,0,0.0,1,3317600.0,0.3333
MPLADS-002427,3,11444000.0,3814666.67,3814700.0,3814600.0,3814700.0,57.74,2023-05-03,2023-08-25,114,57.0,57.0,0.0,63577.78,63578.33,60.0,0.3333,0,0.0,0,0.0,0,0.0,0,0.0,1,3814600.0,0.3333
MPLADS-002428,3,9093000.0,3031000.0,3031000.0,3031000.0,3031000.0,0.0,2023-03-29,2023-12-14,260,130.0,130.0,0.0,22732.5,22732.5,133.3,0.3333,0,0.0,0,0.0,0,0.0,0,0.0,1,3031000.0,0.3333
MPLADS-002429,3,2226000.0,742000.0,742000.0,742000.0,742000.0,0.0,2023-12-19,2024-05-05,138,69.0,69.0,0.0,12366.67,12366.67,60.0,0.3333,0,0.0,0,0.0,0,0.0,0,0.0,1,742000.0,0.3333
MPLADS-002430,2,651000.0,325500.0,325500.0,325500.0,325500.0,0.0,2022-11-25,2023-01-03,39,39.0,39.0,0.0,7233.33,7233.33,45.0,0.5,0,0.0,0,0.0,0,0.0,0,0.0,1,325500.0,0.5
MPLADS-002431,3,9429000.0,3143000.0,3143000.0,3143000.0,3143000.0,0.0,2023-11-03,2024-08-13,284,142.0,142.0,0.0,23572.5,23572.5,133.3,0.3333,0,0.0,1,0.3333,3,1.0,0,0.0,1,3143000.0,0.3333
MPLADS-002432,3,14273000.0,4757666.67,4757700.0,4757600.0,4757700.0,57.74,2023-08-23,2024-06-08,290,145.0,145.0,0.0,35682.5,35682.75,133.3,0.3333,0,0.0,0,0.0,0,0.0,0,0.0,1,4757600.0,0.3333
MPLADS-002433,3,3132000.0,1044000.0,1044000.0,1044000.0,1044000.0,0.0,2023-08-03,2023-12-09,128,64.0,64.0,0.0,17400.0,17400.0,60.0,0.3333,0,0.0,0,0.0,0,0.0,0,0.0,1,1044000.0,0.3333
MPLADS-002434,2,585000.0,292500.0,292500.0,292500.0,292500.0,0.0,2023-12-13,2024-01-16,34,34.0,34.0,0.0,9750.0,9750.0,30.0,0.5,0,0.0,0,0.0,0,0.0,0,0.0,1,292500.0,0.5
MPLADS-002435,3,2047000.0,682333.33,682300.0,682300.0,682400.0,57.74,2023-06-26,2023-09-10,76,38.0,38.0,0.0,17058.33,17060.0,40.0,0.3334,0,0.0,0,0.0,0,0.0,0,0.0,1,682400.0,0.3334
MPLADS-002436,3,14432000.0,4810666.67,4810700.0,4810600.0,4810700.0,57.74,2023-12-27,2024-09-18,266,133.0,133.0,0.0,36080.0,36080.25,133.3,0.3333,0,0.0,0,0.0,0,0.0,0,0.0,1,4810600.0,0.3333
MPLADS-002437,3,2197000.0,732333.33,732300.0,732300.0,732400.0,57.74,2023-03-04,2023-06-27,115,57.5,57.5,0.71,13731.25,13732.5,53.3,0.3334,0,0.0,0,0.0,0,0.0,0,0.0,1,732400.0,0.3334
MPLADS-002438,3,1610000.0,536666.67,536700.0,536600.0,536700.0,57.74,2022-08-10,2022-11-06,88,44.0,44.0,0.0,13416.67,13417.5,40.0,0.3334,0,0.0,0,0.0,0,0.0,0,0.0,1,536600.0,0.3333
MPLADS-002439,2,714000.0,357000.0,357000.0,357000.0,357000.0,0.0,2023-12-28,2024-02-21,55,55.0,55.0,0.0,7933.33,7933.33,45.0,0.5,0,0.0,0,0.0,0,0.0,0,0.0,1,357000.0,0.5
MPLADS-002440,3,1010000.0,336666.67,336700.0,336600.0,336700.0,57.74,2022-11-17,2023-02-17,92,46.0,46.0,0.0,6733.33,6734.0,50.0,0.3334,0,0.0,0,0.0,0,0.0,0,0.0,1,336600.0,0.3333
MPLADS-002441,3,3266000.0,1088666.67,1088700.0,1088600.0,1088700.0,57.74,2023-12-23,2024-05-25,154,77.0,77.0,0.0,15552.38,15552.86,70.0,0.3333,0,0.0,0,0.0,0,0.0,0,0.0,1,1088600.0,0.3333
MPLADS-002442,2,806000.0,403000.0,403000.0,403000.0,403000.0,0.0,2023-08-12,2023-10-10,59,59.0,59.0,0.0,8955.56,8955.56,45.0,0.5,0,0.0,0,0.0,0,0.0,0,0.0,1,403000.0,0.5
MPLADS-002443,3,1180000.0,393333.33,393300.0,393300.0,393400.0,57.74,2023-06-23,2023-08-25,63,31.5,31.5,0.71,13111.11,13113.33,30.0,0.3334,0,0.0,0,0.0,0,0.0,0,0.0,1,393400.0,0.3334
MPLADS-002444,2,251000.0,125500.0,125500.0,125500.0,125500.0,0.0,2022-12-17,2023-01-23,37,37.0,37.0,0.0,4183.33,4183.33,30.0,0.5,0,0.0,0,0.0,0,0.0,0,0.0,1,125500.0,0.5
MPLADS-002445,3,2276000.0,758666.67,758700.0,758600.0,758700.0,57.74,2022-06-23,2022-10-13,112,56.0,56.0,0.0,14225.0,14225.62,53.3,0.3333,0,0.0,0,0.0,0,0.0,0,0.0,1,758600.0,0.3333
MPLADS-002446,2,311000.0,155500.0,155500.0,155500.0,155500.0,0.0,2023-12-25,2024-01-24,30,30.0,30.0,0.0,5183.33,5183.33,30.0,0.5,0,0.0,0,0.0,0,0.0,0,0.0,1,155500.0,0.5
MPLADS-002447,3,2201000.0,733666.67,733700.0,733600.0,733700.0,57.74,2022-05-22,2022-08-04,74,37.0,37.0,0.0,18341.67,18342.5,40.0,0.3333,0,0.0,0,0.0,0,0.0,0,0.0,1,733600.0,0.3333
MPLADS-002448,3,8346000.0,2782000.0,2782000.0,2782000.0,2782000.0,0.0,2022-11-27,2023-09-11,288,144.0,144.0,0.0,20865.0,20865.0,133.3,0.3333,0,0.0,0,0.0,0,0.0,0,0.0,1,2782000.0,0.3333
MPLADS-002449,3,1647000.0,549000.0,549000.0,549000.0,549000.0,0.0,2022-10-25,2023-02-25,123,61.5,61.5,0.71,10980.0,10980.0,50.0,0.3333,0,0.0,0,0.0,0,0.0,0,0.0,1,549000.0,0.3333
MPLADS-002450,3,3610000.0,1203333.33,1203300.0,1203300.0,1203400.0,57.74,2022-12-28,2023-05-25,148,74.0,74.0,0.0,17190.48,17191.43,70.0,0.3334,0,0.0,0,0.0,0,0.0,0,0.0,1,1203400.0,0.3334
MPLADS-002451,3,2747000.0,915666.67,915700.0,915600.0,915700.0,57.74,2023-04-06,2023-08-14,130,65.0,65.0,0.0,13080.95,13081.43,70.0,0.3333,0,0.0,0,0.0,0,0.0,0,0.0,1,915600.0,0.3333
MPLADS-002452,3,2214000.0,738000.0,738000.0,738000.0,738000.0,0.0,2023-11-24,2024-03-02,99,49.5,49.5,0.71,18450.0,18450.0,40.0,0.3333,0,0.0,1,0.3333,0,0.0,0,0.0,1,738000.0,0.3333
MPLADS-002453,2,654000.0,327000.0,327000.0,327000.0,327000.0,0.0,2023-06-16,2023-08-13,58,58.0,58.0,0.0,7266.67,7266.67,45.0,0.5,0,0.0,0,0.0,0,0.0,0,0.0,1,327000.0,0.5
MPLADS-002454,3,2112000.0,704000.0,704000.0,704000.0,704000.0,0.0,2023-06-15,2023-09-19,96,48.0,48.0,0.0,17600.0,17600.0,40.0,0.3333,0,0.0,0,0.0,3,1.0,0,0.0,1,704000.0,0.3333
MPLADS-002455,3,3744000.0,1248000.0,1248000.0,1248000.0,1248000.0,0.0,2023-01-13,2023-05-29,136,68.0,68.0,0.0,17828.57,17828.57,70.0,0.3333,0,0.0,0,0.0,0,0.0,0,0.0,1,1248000.0,0.3333
MPLADS-002456,3,2037000.0,679000.0,679000.0,679000.0,679000.0,0.0,2023-09-02,2023-12-13,102,51.0,51.0,0.0,16975.0,16975.0,40.0,0.3333,0,0.0,0,0.0,0,0.0,0,0.0,1,679000.0,0.3333
MPLADS-002457,3,1878000.0,626000.0,626000.0,626000.0,626000.0,0.0,2023-04-23,2023-08-03,102,51.0,51.0,0.0,11737.5,11737.5,53.3,0.3333,0,0.0,0,0.0,0,0.0,0,0.0,1,626000.0,0.3333
MPLADS-002458,3,13790000.0,4596666.67,4596700.0,4596600.0,4596700.0,57.74,2022-10-09,2023-07-20,284,142.0,142.0,0.0,34475.0,34475.25,133.3,0.3333,0,0.0,0,0.0,0,0.0,0,0.0,1,4596600.0,0.3333
MPLADS-002459,2,512000.0,256000.0,256000.0,256000.0,256000.0,0.0,2022-06-19,2022-07-23,34,34.0,34.0,0.0,8533.33,8533.33,30.0,0.5,0,0.0,0,0.0,0,0.0,0,0.0,1,256000.0,0.5
MPLADS-002460,2,800000.0,400000.0,400000.0,400000.0,400000.0,0.0,2023-05-18,2023-06-17,30,30.0,30.0,0.0,13333.33,13333.33,30.0,0.5,0,0.0,0,0.0,0,0.0,2,1.0,1,400000.0,0.5
MPLADS-002461,3,7292000.0,2430666.67,2430700.0,2430600.0,2430700.0,57.74,2023-05-03,2024-02-07,280,140.0,140.0,0.0,18230.0,18230.25,133.3,0.3333,0,0.0,0,0.0,0,0.0,0,0.0,1,2430600.0,0.3333
MPLADS-002462,3,3145000.0,1048333.33,1048300.0,1048300.0,1048400.0,57.74,2022-06-13,2022-10-17,126,63.0,63.0,0.0,17472.22,17473.33,60.0,0.3334,0,0.0,0,0.0,0,0.0,0,0.0,1,1048400.0,0.3334
MPLADS-002463,3,1836000.0,612000.0,612000.0,612000.0,612000.0,0.0,2023-02-16,2023-05-01,74,37.0,37.0,0.0,15300.0,15300.0,40.0,0.3333,0,0.0,0,0.0,0,0.0,0,0.0,1,612000.0,0.3333
MPLADS-002464,2,902000.0,451000.0,451000.0,451000.0,451000.0,0.0,2022-09-22,2022-11-18,57,57.0,57.0,0.0,10022.22,10022.22,45.0,0.5,0,0.0,0,0.0,0,0.0,0,0.0,1,451000.0,0.5
MPLADS-002465,3,11650000.0,3883333.33,3883300.0,3883300.0,3883400.0,57.74,2023-06-21,2024-03-29,282,141.0,141.0,0.0,29125.0,29125.5,133.3,0.3333,0,0.0,0,0.0,0,0.0,0,0.0,1,3883400.0,0.3333
MPLADS-002466,3,8434000.0,2811333.33,2811300.0,2811300.0,2811400.0,57.74,2023-09-04,2024-05-25,264,132.0,132.0,0.0,21085.0,21085.5,133.3,0.3333,0,0.0,0,0.0,0,0.0,0,0.0,1,2811400.0,0.3333
MPLADS-002467,2,831000.0,415500.0,415500.0,415500.0,415500.0,0.0,2023-01-29,2023-03-13,43,43.0,43.0,0.0,9233.33,9233.33,45.0,0.5,0,0.0,0,0.0,0,0.0,0,0.0,1,415500.0,0.5
MPLADS-002468,3,2170000.0,723333.33,723300.0,723300.0,723400.0,57.74,2022-09-23,2023-01-21,120,60.0,60.0,0.0,12055.56,12056.67,60.0,0.3334,0,0.0,0,0.0,0,0.0,0,0.0,1,723400.0,0.3334
MPLADS-002469,3,11855000.0,3951666.67,3951700.0,3951600.0,3951700.0,57.74,2024-03-06,2024-12-03,272,136.0,136.0,0.0,29637.5,29637.75,133.3,0.3333,0,0.0,0,0.0,0,0.0,0,0.0,1,3951600.0,0.3333
MPLADS-002470,2,323000.0,161500.0,161500.0,161500.0,161500.0,0.0,2023-11-25,2023-12-31,36,36.0,36.0,0.0,5383.33,5383.33,30.0,0.5,0,0.0,0,0.0,0,0.0,0,0.0,1,161500.0,0.5
MPLADS-002471,2,487000.0,243500.0,243500.0,243500.0,243500.0,0.0,2022-03-20,2022-05-11,52,52.0,52.0,0.0,5411.11,5411.11,45.0,0.5,0,0.0,0,0.0,0,0.0,0,0.0,1,243500.0,0.5
MPLADS-002472,2,373000.0,186500.0,186500.0,186500.0,186500.0,0.0,2023-08-28,2023-09-21,24,24.0,24.0,0.0,6216.67,6216.67,30.0,0.5,0,0.0,0,0.0,0,0.0,0,0.0,1,186500.0,0.5
MPLADS-002473,3,2684000.0,894666.67,894700.0,894600.0,894700.0,57.74,2023-01-24,2023-05-10,106,53.0,53.0,0.0,16775.0,16775.62,53.3,0.3333,0,0.0,0,0.0,0,0.0,0,0.0,1,894600.0,0.3333
MPLADS-002474,3,8578000.0,2859333.33,2859300.0,2859300.0,2859400.0,57.74,2024-03-07,2024-12-17,285,142.5,142.5,0.71,21445.0,21445.5,133.3,0.3333,0,0.0,0,0.0,0,0.0,0,0.0,1,2859400.0,0.3333
MPLADS-002475,3,1308000.0,436000.0,436000.0,436000.0,436000.0,0.0,2023-03-10,2023-06-14,96,48.0,48.0,0.0,8720.0,8720.0,50.0,0.3333,0,0.0,0,0.0,0,0.0,0,0.0,1,436000.0,0.3333
MPLADS-002476,3,5774000.0,1924666.67,1924700.0,1924600.0,1924700.0,57.74,2023-09-22,2023-12-25,94,47.0,47.0,0.0,38493.33,38494.0,50.0,0.3333,0,0.0,0,0.0,0,0.0,0,0.0,1,1924600.0,0.3333
MPLADS-002477,3,1470000.0,490000.0,490000.0,490000.0,490000.0,0.0,2024-03-22,2025-02-05,320,160.0,160.0,0.0,9187.5,9187.5,53.3,0.3333,0,0.0,0,0.0,0,0.0,0,0.0,1,490000.0,0.3333
MPLADS-002478,3,1498000.0,499333.33,499300.0,499300.0,499400.0,57.74,2022-08-18,2022-12-19,123,61.5,61.5,0.71,9362.5,9363.75,53.3,0.3334,0,0.0,0,0.0,3,1.0,0,0.0,1,499400.0,0.3334
MPLADS-002479,3,1407000.0,469000.0,469000.0,469000.0,469000.0,0.0,2023-04-01,2023-07-08,98,49.0,49.0,0.0,11725.0,11725.0,40.0,0.3333,0,0.0,0,0.0,0,0.0,0,0.0,1,469000.0,0.3333
MPLADS-002480,2,729000.0,364500.0,364500.0,364500.0,364500.0,0.0,2023-02-22,2023-04-22,59,59.0,59.0,0.0,8100.0,8100.0,45.0,0.5,0,0.0,0,0.0,0,0.0,0,0.0,1,364500.0,0.5
MPLADS-002481,3,2372000.0,790666.67,790700.0,790600.0,790700.0,57.74,2023-12-27,2024-03-23,87,43.5,43.5,0.71,19766.67,19767.5,40.0,0.3333,0,0.0,0,0.0,0,0.0,0,0.0,1,790600.0,0.3333
MPLADS-002482,3,1357000.0,452333.33,452300.0,452300.0,452400.0,57.74,2022-04-01,2022-06-13,73,36.5,36.5,0.71,11308.33,11310.0,40.0,0.3334,0,0.0,0,0.0,0,0.0,0,0.0,1,452400.0,0.3334
MPLADS-002483,3,7219000.0,2406333.33,2406300.0,2406300.0,2406400.0,57.74,2022-08-05,2022-10-22,78,39.0,39.0,0.0,60158.33,60160.0,40.0,0.3333,0,0.0,0,0.0,0,0.0,0,0.0,1,2406400.0,0.3333
MPLADS-002484,3,1851000.0,617000.0,617000.0,617000.0,617000.0,0.0,2023-10-11,2024-02-14,126,63.0,63.0,0.0,11568.75,11568.75,53.3,0.3333,0,0.0,0,0.0,0,0.0,0,0.0,1,617000.0,0.3333
MPLADS-002485,3,2550000.0,850000.0,850000.0,850000.0,850000.0,0.0,2023-09-28,2024-02-21,146,73.0,73.0,0.0,12142.86,12142.86,70.0,0.3333,0,0.0,0,0.0,0,0.0,3,1.0,1,850000.0,0.3333
MPLADS-002486,2,637000.0,318500.0,318500.0,318500.0,318500.0,0.0,2024-02-28,2024-04-30,62,62.0,62.0,0.0,7077.78,7077.78,45.0,0.5,0,0.0,0,0.0,0,0.0,0,0.0,1,318500.0,0.5
MPLADS-002487,2,549000.0,274500.0,274500.0,274500.0,274500.0,0.0,2022-05-20,2022-07-10,51,51.0,51.0,0.0,6100.0,6100.0,45.0,0.5,0,0.0,0,0.0,0,0.0,0,0.0,1,274500.0,0.5
MPLADS-002488,2,585000.0,292500.0,292500.0,292500.0,292500.0,0.0,2023-10-10,2023-12-06,57,57.0,57.0,0.0,6500.0,6500.0,45.0,0.5,0,0.0,0,0.0,0,0.0,0,0.0,1,292500.0,0.5
MPLADS-002489,2,394000.0,197000.0,197000.0,197000.0,197000.0,0.0,2023-11-30,2024-01-07,38,38.0,38.0,0.0,6566.67,6566.67,30.0,0.5,0,0.0,0,0.0,0,0.0,0,0.0,1,197000.0,0.5
MPLADS-002490,2,463000.0,231500.0,231500.0,231500.0,231500.0,0.0,2022-12-23,2023-02-06,45,45.0,45.0,0.0,7716.67,7716.67,30.0,0.5,0,0.0,0,0.0,0,0.0,0,0.0,1,231500.0,0.5
MPLADS-002491,3,2816000.0,938666.67,938700.0,938600.0,938700.0,57.74,2022-11-30,2023-04-06,127,63.5,63.5,0.71,17600.0,17600.62,53.3,0.3333,0,0.0,0,0.0,0,0.0,0,0.0,1,938600.0,0.3333
MPLADS-002492,2,951000.0,475500.0,475500.0,475500.0,475500.0,0.0,2023-04-30,2023-06-07,38,38.0,38.0,0.0,10566.67,10566.67,45.0,0.5,0,0.0,0,0.0,0,0.0,0,0.0,1,475500.0,0.5
MPLADS-002493,3,8048000.0,2682666.67,2682700.0,2682600.0,2682700.0,57.74,2022-08-06,2023-04-30,267,133.5,133.5,0.71,20120.0,20120.25,133.3,0.3333,0,0.0,0,0.0,0,0.0,0,0.0,1,2682600.0,0.3333
MPLADS-002494,3,1922000.0,640666.67,640700.0,640600.0,640700.0,57.74,2023-01-03,2023-04-09,96,48.0,48.0,0.0,12813.33,12814.0,50.0,0.3334,0,0.0,0,0.0,0,0.0,0,0.0,1,640600.0,0.3333
MPLADS-002495,3,1865000.0,621666.67,621700.0,621600.0,621700.0,57.74,2022-08-06,2022-12-04,120,60.0,60.0,0.0,10361.11,10361.67,60.0,0.3334,0,0.0,0,0.0,0,0.0,0,0.0,1,621600.0,0.3333
MPLADS-002496,3,1861000.0,620333.33,620300.0,620300.0,620400.0,57.74,2023-05-28,2023-09-01,96,48.0,48.0,0.0,12406.67,12408.0,50.0,0.3334,0,0.0,0,0.0,0,0.0,0,0.0,1,620400.0,0.3334
MPLADS-002497,3,1747000.0,582333.33,582300.0,582300.0,582400.0,57.74,2023-11-12,2024-04-03,143,71.5,71.5,0.71,9705.56,9706.67,60.0,0.3334,0,0.0,0,0.0,0,0.0,0,0.0,1,582400.0,0.3334
MPLADS-002498,3,2087000.0,695666.67,695700.0,695600.0,695700.0,57.74,2022-10-20,2023-02-21,124,62.0,62.0,0.0,11594.44,11595.0,60.0,0.3333,0,0.0,0,0.0,0,0.0,0,0.0,1,695600.0,0.3333
MPLADS-002499,3,1738000.0,579333.33,579300.0,579300.0,579400.0,57.74,2022-05-22,2022-08-23,93,46.5,46.5,0.71,14483.33,14485.0,40.0,0.3334,0,0.0,0,0.0,0,0.0,0,0.0,1,579400.0,0.3334
MPLADS-002500,3,2095000.0,698333.33,698300.0,698300.0,698400.0,57.74,2024-01-29,2024-05-18,110,55.0,55.0,0.0,13093.75,13095.0,53.3,0.3334,0,0.0,1,0.3333,0,0.0,0,0.0,1,698400.0,0.3334
MPLADS-002501,3,1585000.0,528333.33,528300.0,528300.0,528400.0,57.74,2024-02-11,2024-06-09,119,59.5,59.5,0.71,10566.67,10568.0,50.0,0.3334,0,0.0,0,0.0,0,0.0,0,0.0,1,528400.0,0.3334
MPLADS-002502,3,2611000.0,870333.33,870300.0,870300.0,870400.0,57.74,2024-02-15,2024-05-23,98,49.0,49.0,0.0,16318.75,16320.0,53.3,0.3334,0,0.0,0,0.0,3,1.0,0,0.0,1,870400.0,0.3334
MPLADS-002503,3,1516000.0,505333.33,505300.0,505300.0,505400.0,57.74,2023-11-27,2024-03-08,102,51.0,51.0,0.0,9475.0,9476.25,53.3,0.3334,0,0.0,0,0.0,0,0.0,0,0.0,1,505400.0,0.3334
MPLADS-002504,3,2357000.0,785666.67,785700.0,785600.0,785700.0,57.74,2023-03-02,2023-07-22,142,71.0,71.0,0.0,13094.44,13095.0,60.0,0.3333,0,0.0,0,0.0,0,0.0,0,0.0,1,785600.0,0.3333
MPLADS-002505,3,1752000.0,584000.0,584000.0,584000.0,584000.0,0.0,2023-06-08,2023-10-12,126,63.0,63.0,0.0,10950.0,10950.0,53.3,0.3333,0,0.0,0,0.0,0,0.0,0,0.0,1,584000.0,0.3333
MPLADS-002506,3,5927000.0,1975666.67,1975700.0,1975600.0,1975700.0,57.74,2022-09-05,2022-12-26,112,56.0,56.0,0.0,39513.33,39514.0,50.0,0.3333,0,0.0,0,0.0,0,0.0,0,0.0,1,1975600.0,0.3333
MPLADS-002507,3,1276000.0,425333.33,425300.0,425300.0,425400.0,57.74,2023-04-03,2023-07-08,96,48.0,48.0,0.0,8506.67,8508.0,50.0,0.3334,0,0.0,0,0.0,0,0.0,0,0.0,1,425400.0,0.3334
MPLADS-002508,3,1541000.0,513666.67,513700.0,513600.0,513700.0,57.74,2024-01-13,2024-05-12,120,60.0,60.0,0.0,10273.33,10274.0,50.0,0.3334,0,0.0,0,0.0,0,0.0,0,0.0,1,513600.0,0.3333
MPLADS-002509,3,1281000.0,427000.0,427000.0,427000.0,427000.0,0.0,2023-08-15,2023-11-17,94,47.0,47.0,0.0,10675.0,10675.0,40.0,0.3333,0,0.0,0,0.0,0,0.0,0,0.0,1,427000.0,0.3333
MPLADS-002510,3,2000000.0,666666.67,666700.0,666600.0,666700.0,57.74,2023-11-27,2024-04-15,140,70.0,70.0,0.0,11111.11,11111.67,60.0,0.3333,0,0.0,0,0.0,0,0.0,0,0.0,1,666600.0,0.3333
MPLADS-002511,3,3191000.0,1063666.67,1063700.0,1063600.0,1063700.0,57.74,2023-08-03,2024-07-28,360,180.0,180.0,0.0,17727.78,17728.33,60.0,0.3333,0,0.0,0,0.0,0,0.0,0,0.0,1,1063600.0,0.3333
MPLADS-002512,3,13939000.0,4646333.33,4646300.0,4646300.0,4646400.0,57.74,2022-08-06,2023-04-28,265,132.5,132.5,0.71,34847.5,34848.0,133.3,0.3333,0,0.0,0,0.0,0,0.0,0,0.0,1,4646400.0,0.3333
MPLADS-002513,3,2192000.0,730666.67,730700.0,730600.0,730700.0,57.74,2022-04-06,2022-08-02,118,59.0,59.0,0.0,12177.78,12178.33,60.0,0.3333,0,0.0,0,0.0,0,0.0,0,0.0,1,730600.0,0.3333
MPLADS-002514,3,2298000.0,766000.0,766000.0,766000.0,766000.0,0.0,2023-01-13,2023-03-26,72,36.0,36.0,0.0,19150.0,19150.0,40.0,0.3333,0,0.0,0,0.0,0,0.0,0,0.0,1,766000.0,0.3333
MPLADS-002515,2,602000.0,301000.0,301000.0,301000.0,301000.0,0.0,2022-08-01,2022-08-28,27,27.0,27.0,0.0,10033.33,10033.33,30.0,0.5,0,0.0,0,0.0,0,0.0,0,0.0,1,301000.0,0.5
MPLADS-002516,2,953000.0,476500.0,476500.0,476500.0,476500.0,0.0,2023-12-20,2024-01-13,24,24.0,24.0,0.0,15883.33,15883.33,30.0,0.5,0,0.0,0,0.0,0,0.0,0,0.0,1,476500.0,0.5
MPLADS-002517,3,1169000.0,389666.67,389700.0,389600.0,389700.0,57.74,2022-04-13,2022-06-26,74,37.0,37.0,0.0,9741.67,9742.5,40.0,0.3334,0,0.0,0,0.0,0,0.0,0,0.0,1,389600.0,0.3333
MPLADS-002518,3,2509000.0,836333.33,836300.0,836300.0,836400.0,57.74,2022-07-21,2022-11-15,117,58.5,58.5,0.71,13938.89,13940.0,60.0,0.3334,0,0.0,0,0.0,0,0.0,0,0.0,1,836400.0,0.3334
MPLADS-002519,3,1823000.0,607666.67,607700.0,607600.0,607700.0,57.74,2024-01-05,2024-04-16,102,51.0,51.0,0.0,12153.33,12154.0,50.0,0.3334,0,0.0,0,0.0,0,0.0,0,0.0,1,607600.0,0.3333
MPLADS-002520,3,1815000.0,605000.0,605000.0,605000.0,605000.0,0.0,2023-08-15,2023-12-18,125,62.5,62.5,0.71,11343.75,11343.75,53.3,0.3333,0,0.0,0,0.0,0,0.0,0,0.0,1,605000.0,0.3333
MPLADS-002521,3,1576000.0,525333.33,525300.0,525300.0,525400.0,57.74,2023-02-10,2023-05-03,82,41.0,41.0,0.0,13133.33,13135.0,40.0,0.3334,0,0.0,0,0.0,0,0.0,0,0.0,1,525400.0,0.3334
MPLADS-002522,3,3364000.0,1121333.33,1121300.0,1121300.0,1121400.0,57.74,2023-09-21,2023-11-28,68,34.0,34.0,0.0,37377.78,37380.0,30.0,0.3334,0,0.0,0,0.0,0,0.0,0,0.0,1,1121400.0,0.3334
MPLADS-002523,3,1778000.0,592666.67,592700.0,592600.0,592700.0,57.74,2023-11-09,2024-02-11,94,47.0,47.0,0.0,11853.33,11854.0,50.0,0.3334,0,0.0,0,0.0,0,0.0,0,0.0,1,592600.0,0.3333
MPLADS-002524,3,1848000.0,616000.0,616000.0,616000.0,616000.0,0.0,2023-02-07,2023-05-16,98,49.0,49.0,0.0,12320.0,12320.0,50.0,0.3333,0,0.0,1,0.3333,0,0.0,0,0.0,1,616000.0,0.3333
MPLADS-002525,2,329000.0,164500.0,164500.0,164500.0,164500.0,0.0,2023-09-02,2023-10-18,46,46.0,46.0,0.0,3655.56,3655.56,45.0,0.5,0,0.0,0,0.0,0,0.0,0,0.0,1,164500.0,0.5
MPLADS-002526,3,2751000.0,917000.0,917000.0,917000.0,917000.0,0.0,2022-10-19,2023-01-23,96,48.0,48.0,0.0,22925.0,22925.0,40.0,0.3333,0,0.0,0,0.0,0,0.0,0,0.0,1,917000.0,0.3333
MPLADS-002527,2,984000.0,492000.0,492000.0,492000.0,492000.0,0.0,2024-02-07,2024-03-23,45,45.0,45.0,0.0,10933.33,10933.33,45.0,0.5,0,0.0,0,0.0,0,0.0,0,0.0,1,492000.0,0.5
MPLADS-002528,3,1825000.0,608333.33,608300.0,608300.0,608400.0,57.74,2022-11-28,2023-04-01,124,62.0,62.0,0.0,10138.89,10140.0,60.0,0.3334,0,0.0,0,0.0,3,1.0,0,0.0,1,608400.0,0.3334
MPLADS-002529,3,2131000.0,710333.33,710300.0,710300.0,710400.0,57.74,2023-11-26,2024-03-22,117,58.5,58.5,0.71,13318.75,13320.0,53.3,0.3334,0,0.0,0,0.0,3,1.0,0,0.0,1,710400.0,0.3334
MPLADS-002530,3,8196000.0,2732000.0,2732000.0,2732000.0,2732000.0,0.0,2022-12-15,2023-09-22,281,140.5,140.5,0.71,20490.0,20490.0,133.3,0.3333,0,0.0,0,0.0,0,0.0,0,0.0,1,2732000.0,0.3333
MPLADS-002531,3,1859000.0,619666.67,619700.0,619600.0,619700.0,57.74,2022-08-01,2022-11-25,116,58.0,58.0,0.0,12393.33,12394.0,50.0,0.3334,0,0.0,0,0.0,0,0.0,0,0.0,1,619600.0,0.3333
MPLADS-002532,2,671000.0,335500.0,335500.0,335500.0,335500.0,0.0,2022-08-04,2022-09-30,57,57.0,57.0,0.0,7455.56,7455.56,45.0,0.5,0,0.0,0,0.0,0,0.0,0,0.0,1,335500.0,0.5
MPLADS-002533,3,1861000.0,620333.33,620300.0,620300.0,620400.0,57.74,2023-02-02,2023-05-19,106,53.0,53.0,0.0,12406.67,12408.0,50.0,0.3334,0,0.0,1,0.3333,0,0.0,0,0.0,1,620400.0,0.3334
MPLADS-002534,2,430000.0,215000.0,215000.0,215000.0,215000.0,0.0,2022-09-21,2022-10-27,36,36.0,36.0,0.0,7166.67,7166.67,30.0,0.5,0,0.0,0,0.0,0,0.0,0,0.0,1,215000.0,0.5
MPLADS-002535,3,1917000.0,639000.0,639000.0,639000.0,639000.0,0.0,2023-03-24,2023-07-17,115,57.5,57.5,0.71,12780.0,12780.0,50.0,0.3333,0,0.0,1,0.3333,0,0.0,0,0.0,1,639000.0,0.3333
MPLADS-002536,3,1918000.0,639333.33,639300.0,639300.0,639400.0,57.74,2023-10-03,2023-12-22,80,40.0,40.0,0.0,15983.33,15985.0,40.0,0.3334,0,0.0,0,0.0,3,1.0,0,0.0,1,639400.0,0.3334
MPLADS-002537,3,2013000.0,671000.0,671000.0,671000.0,671000.0,0.0,2023-03-27,2023-07-23,118,59.0,59.0,0.0,11183.33,11183.33,60.0,0.3333,0,0.0,1,0.3333,0,0.0,0,0.0,1,671000.0,0.3333
MPLADS-002538,3,2160000.0,720000.0,720000.0,720000.0,720000.0,0.0,2023-05-30,2023-09-21,114,57.0,57.0,0.0,13500.0,13500.0,53.3,0.3333,0,0.0,0,0.0,0,0.0,0,0.0,1,720000.0,0.3333
MPLADS-002539,3,1628000.0,542666.67,542700.0,542600.0,542700.0,57.74,2024-01-16,2024-04-26,101,50.5,50.5,0.71,10853.33,10854.0,50.0,0.3334,0,0.0,0,0.0,0,0.0,0,0.0,1,542600.0,0.3333
MPLADS-002540,3,1594000.0,531333.33,531300.0,531300.0,531400.0,57.74,2023-07-29,2023-11-21,115,57.5,57.5,0.71,8855.56,8856.67,60.0,0.3334,0,0.0,0,0.0,3,1.0,0,0.0,1,531400.0,0.3334
MPLADS-002541,3,8711000.0,2903666.67,2903700.0,2903600.0,2903700.0,57.74,2024-03-31,2025-01-09,284,142.0,142.0,0.0,21777.5,21777.75,133.3,0.3333,0,0.0,0,0.0,0,0.0,0,0.0,1,2903600.0,0.3333
MPLADS-002542,2,588000.0,294000.0,294000.0,294000.0,294000.0,0.0,2022-12-09,2023-01-23,45,45.0,45.0,0.0,6533.33,6533.33,45.0,0.5,0,0.0,0,0.0,0,0.0,0,0.0,1,294000.0,0.5
MPLADS-002543,3,1589000.0,529666.67,529700.0,529600.0,529700.0,57.74,2023-02-19,2023-06-01,102,51.0,51.0,0.0,13241.67,13242.5,40.0,0.3334,0,0.0,0,0.0,0,0.0,0,0.0,1,529600.0,0.3333
MPLADS-002544,2,430000.0,215000.0,215000.0,215000.0,215000.0,0.0,2023-09-26,2023-10-23,27,27.0,27.0,0.0,7166.67,7166.67,30.0,0.5,0,0.0,0,0.0,0,0.0,0,0.0,1,215000.0,0.5
MPLADS-002545,3,1746000.0,582000.0,582000.0,582000.0,582000.0,0.0,2023-08-06,2023-11-16,102,51.0,51.0,0.0,11640.0,11640.0,50.0,0.3333,0,0.0,0,0.0,0,0.0,0,0.0,1,582000.0,0.3333
MPLADS-002546,3,2035000.0,678333.33,678300.0,678300.0,678400.0,57.74,2023-08-23,2023-11-07,76,38.0,38.0,0.0,16958.33,16960.0,40.0,0.3334,0,0.0,0,0.0,0,0.0,0,0.0,1,678400.0,0.3334
MPLADS-002547,2,609000.0,304500.0,304500.0,304500.0,304500.0,0.0,2023-02-16,2023-03-22,34,34.0,34.0,0.0,10150.0,10150.0,30.0,0.5,0,0.0,0,0.0,0,0.0,0,0.0,1,304500.0,0.5
MPLADS-002548,3,1856000.0,618666.67,618700.0,618600.0,618700.0,57.74,2022-08-14,2022-09-15,32,16.0,16.0,0.0,30933.33,30935.0,20.0,0.3334,0,0.0,0,0.0,0,0.0,0,0.0,1,618600.0,0.3333
MPLADS-002549,3,13321000.0,4440333.33,4440300.0,4440300.0,4440400.0,57.74,2023-09-20,2024-06-22,276,138.0,138.0,0.0,33302.5,33303.0,133.3,0.3333,0,0.0,0,0.0,3,1.0,0,0.0,1,4440400.0,0.3333
MPLADS-002550,3,13610000.0,4536666.67,4536700.0,4536600.0,4536700.0,57.74,2022-11-02,2023-07-30,270,135.0,135.0,0.0,34025.0,34025.25,133.3,0.3333,0,0.0,0,0.0,0,0.0,0,0.0,1,4536600.0,0.3333
MPLADS-002551,3,3088000.0,1029333.33,1029300.0,1029300.0,1029400.0,57.74,2022-08-07,2023-01-11,157,78.5,78.5,0.71,14704.76,14705.71,70.0,0.3334,0,0.0,0,0.0,0,0.0,0,0.0,1,1029400.0,0.3334
MPLADS-002552,3,9758000.0,3252666.67,3252700.0,3252600.0,3252700.0,57.74,2022-11-03,2023-08-08,278,139.0,139.0,0.0,24395.0,24395.25,133.3,0.3333,0,0.0,0,0.0,0,0.0,0,0.0,1,3252600.0,0.3333
MPLADS-002553,3,1498000.0,499333.33,499300.0,499300.0,499400.0,57.74,2023-12-08,2024-04-12,126,63.0,63.0,0.0,9362.5,9363.75,53.3,0.3334,0,0.0,0,0.0,0,0.0,0,0.0,1,499400.0,0.3334
MPLADS-002554,2,892000.0,446000.0,446000.0,446000.0,446000.0,0.0,2022-10-27,2022-12-28,62,62.0,62.0,0.0,9911.11,9911.11,45.0,0.5,0,0.0,0,0.0,0,0.0,0,0.0,1,446000.0,0.5
MPLADS-002555,3,3710000.0,1236666.67,1236700.0,1236600.0,1236700.0,57.74,2022-05-18,2022-10-10,145,72.5,72.5,0.71,17666.66,17667.14,70.0,0.3333,0,0.0,0,0.0,0,0.0,0,0.0,1,1236600.0,0.3333
MPLADS-002556,3,1695000.0,565000.0,565000.0,565000.0,565000.0,0.0,2022-03-14,2022-05-03,50,25.0,25.0,0.0,28250.0,28250.0,20.0,0.3333,0,0.0,0,0.0,0,0.0,0,0.0,1,565000.0,0.3333
MPLADS-002557,3,1777000.0,592333.33,592300.0,592300.0,592400.0,57.74,2023-03-27,2023-07-31,126,63.0,63.0,0.0,11106.25,11107.5,53.3,0.3334,0,0.0,0,0.0,0,0.0,0,0.0,1,592400.0,0.3334
MPLADS-002558,3,9812000.0,3270666.67,3270700.0,3270600.0,3270700.0,57.74,2023-07-28,2024-05-07,284,142.0,142.0,0.0,24530.0,24530.25,133.3,0.3333,0,0.0,0,0.0,0,0.0,0,0.0,1,3270600.0,0.3333
MPLADS-002559,2,400000.0,200000.0,200000.0,200000.0,200000.0,0.0,2022-03-21,2022-04-14,24,24.0,24.0,0.0,6666.67,6666.67,30.0,0.5,0,0.0,0,0.0,0,0.0,2,1.0,1,200000.0,0.5
MPLADS-002560,3,1651000.0,550333.33,550300.0,550300.0,550400.0,57.74,2023-09-14,2023-12-09,86,43.0,43.0,0.0,13758.33,13760.0,40.0,0.3334,0,0.0,0,0.0,0,0.0,0,0.0,1,550400.0,0.3334
MPLADS-002561,2,770000.0,385000.0,385000.0,385000.0,385000.0,0.0,2022-04-27,2022-06-21,55,55.0,55.0,0.0,8555.56,8555.56,45.0,0.5,0,0.0,0,0.0,0,0.0,0,0.0,1,385000.0,0.5
MPLADS-002562,3,3280000.0,1093333.33,1093300.0,1093300.0,1093400.0,57.74,2023-12-06,2024-03-01,86,43.0,43.0,0.0,27333.33,27335.0,40.0,0.3334,0,0.0,1,0.3333,0,0.0,0,0.0,1,1093400.0,0.3334
MPLADS-002563,2,878000.0,439000.0,439000.0,439000.0,439000.0,0.0,2023-09-24,2023-11-20,57,57.0,57.0,0.0,9755.56,9755.56,45.0,0.5,0,0.0,0,0.0,0,0.0,0,0.0,1,439000.0,0.5
MPLADS-002564,3,2188000.0,729333.33,729300.0,729300.0,729400.0,57.74,2023-01-11,2023-05-11,120,60.0,60.0,0.0,12155.56,12156.67,60.0,0.3334,0,0.0,0,0.0,0,0.0,0,0.0,1,729400.0,0.3334
MPLADS-002565,3,2020000.0,673333.33,673300.0,673300.0,673400.0,57.74,2023-11-16,2024-03-27,132,66.0,66.0,0.0,9619.05,9620.0,70.0,0.3334,0,0.0,0,0.0,0,0.0,0,0.0,1,673400.0,0.3334
MPLADS-002566,3,1595000.0,531666.67,531700.0,531600.0,531700.0,57.74,2022-09-26,2023-01-03,99,49.5,49.5,0.71,10633.33,10634.0,50.0,0.3334,0,0.0,0,0.0,0,0.0,0,0.0,1,531600.0,0.3333
MPLADS-002567,2,629000.0,314500.0,314500.0,314500.0,314500.0,0.0,2022-06-07,2022-07-07,30,30.0,30.0,0.0,10483.33,10483.33,30.0,0.5,0,0.0,0,0.0,0,0.0,0,0.0,1,314500.0,0.5
MPLADS-002568,3,13242000.0,4414000.0,4414000.0,4414000.0,4414000.0,0.0,2023-01-02,2023-09-20,261,130.5,130.5,0.71,33105.0,33105.0,133.3,0.3333,0,0.0,0,0.0,0,0.0,0,0.0,1,4414000.0,0.3333
MPLADS-002569,3,11584000.0,3861333.33,3861300.0,3861300.0,3861400.0,57.74,2023-11-29,2024-08-13,258,129.0,129.0,0.0,28960.0,28960.5,133.3,0.3333,0,0.0,0,0.0,0,0.0,0,0.0,1,3861400.0,0.3333
MPLADS-002570,3,11869000.0,3956333.33,3956300.0,3956300.0,3956400.0,57.74,2023-05-16,2024-02-20,280,140.0,140.0,0.0,29672.5,29673.0,133.3,0.3333,0,0.0,0,0.0,0,0.0,0,0.0,1,3956400.0,0.3333
MPLADS-002571,3,1952000.0,650666.67,650700.0,650600.0,650700.0,57.74,2022-10-20,2023-01-20,92,46.0,46.0,0.0,13013.33,13014.0,50.0,0.3334,0,0.0,0,0.0,0,0.0,0,0.0,1,650600.0,0.3333
MPLADS-002572,3,1444000.0,481333.33,481300.0,481300.0,481400.0,57.74,2023-10-14,2024-02-17,126,63.0,63.0,0.0,9025.0,9026.25,53.3,0.3334,0,0.0,0,0.0,0,0.0,0,0.0,1,481400.0,0.3334
MPLADS-002573,3,1178000.0,392666.67,392700.0,392600.0,392700.0,57.74,2023-09-24,2024-01-06,104,52.0,52.0,0.0,7853.33,7854.0,50.0,0.3334,0,0.0,0,0.0,0,0.0,0,0.0,1,392600.0,0.3333
MPLADS-002574,3,3089000.0,1029666.67,1029700.0,1029600.0,1029700.0,57.74,2022-06-16,2022-10-22,128,64.0,64.0,0.0,17161.11,17161.67,60.0,0.3333,0,0.0,0,0.0,0,0.0,0,0.0,1,1029600.0,0.3333
MPLADS-002575,3,2584000.0,861333.33,861300.0,861300.0,861400.0,57.74,2023-11-15,2024-04-01,138,69.0,69.0,0.0,14355.56,14356.67,60.0,0.3334,0,0.0,0,0.0,3,1.0,0,0.0,1,861400.0,0.3334
MPLADS-002576,3,2722000.0,907333.33,907300.0,907300.0,907400.0,57.74,2022-06-13,2022-09-17,96,48.0,48.0,0.0,18146.67,18148.0,50.0,0.3334,0,0.0,0,0.0,0,0.0,0,0.0,1,907400.0,0.3334
MPLADS-002577,2,969000.0,484500.0,484500.0,484500.0,484500.0,0.0,2024-02-21,2024-05-19,88,88.0,88.0,0.0,6460.0,6460.0,75.0,0.5,0,0.0,0,0.0,0,0.0,0,0.0,1,484500.0,0.5
MPLADS-002578,2,516000.0,258000.0,258000.0,258000.0,258000.0,0.0,2023-12-17,2024-01-09,23,23.0,23.0,0.0,8600.0,8600.0,30.0,0.5,0,0.0,0,0.0,0,0.0,0,0.0,1,258000.0,0.5
MPLADS-002579,2,491000.0,245500.0,245500.0,245500.0,245500.0,0.0,2023-02-16,2023-03-13,25,25.0,25.0,0.0,8183.33,8183.33,30.0,0.5,0,0.0,1,0.5,0,0.0,0,0.0,1,245500.0,0.5
MPLADS-002580,3,3003000.0,1001000.0,1001000.0,1001000.0,1001000.0,0.0,2023-08-05,2023-12-11,128,64.0,64.0,0.0,18768.75,18768.75,53.3,0.3333,0,0.0,0,0.0,0,0.0,0,0.0,1,1001000.0,0.3333
MPLADS-002581,3,2895000.0,965000.0,965000.0,965000.0,965000.0,0.0,2023-08-19,2024-01-02,136,68.0,68.0,0.0,13785.71,13785.71,70.0,0.3333,0,0.0,0,0.0,0,0.0,0,0.0,1,965000.0,0.3333
MPLADS-002582,3,10190000.0,3396666.67,3396700.0,3396600.0,3396700.0,57.74,2024-02-19,2024-11-29,284,142.0,142.0,0.0,25475.0,25475.25,133.3,0.3333,0,0.0,0,0.0,0,0.0,0,0.0,1,3396600.0,0.3333
MPLADS-002583,2,442000.0,221000.0,221000.0,221000.0,221000.0,0.0,2023-11-17,2024-01-01,45,45.0,45.0,0.0,7366.67,7366.67,30.0,0.5,0,0.0,0,0.0,0,0.0,0,0.0,1,221000.0,0.5
MPLADS-002584,3,2821000.0,940333.33,940300.0,940300.0,940400.0,57.74,2022-10-06,2023-03-07,152,76.0,76.0,0.0,13433.34,13434.29,70.0,0.3334,0,0.0,0,0.0,0,0.0,0,0.0,1,940400.0,0.3334
MPLADS-002585,3,2638000.0,879333.33,879300.0,879300.0,879400.0,57.74,2022-08-03,2022-12-13,132,66.0,66.0,0.0,14655.56,14656.67,60.0,0.3334,0,0.0,0,0.0,0,0.0,0,0.0,1,879400.0,0.3334
MPLADS-002586,3,1187000.0,395666.67,395700.0,395600.0,395700.0,57.74,2024-03-01,2024-06-02,93,46.5,46.5,0.71,9891.67,9892.5,40.0,0.3334,0,0.0,0,0.0,0,0.0,0,0.0,1,395600.0,0.3333
MPLADS-002587,3,2664000.0,888000.0,888000.0,888000.0,888000.0,0.0,2022-12-04,2023-03-13,99,49.5,49.5,0.71,17760.0,17760.0,50.0,0.3333,0,0.0,1,0.3333,0,0.0,0,0.0,1,888000.0,0.3333
MPLADS-002588,2,567000.0,283500.0,283500.0,283500.0,283500.0,0.0,2022-09-09,2022-11-02,54,54.0,54.0,0.0,6300.0,6300.0,45.0,0.5,0,0.0,0,0.0,0,0.0,0,0.0,1,283500.0,0.5
MPLADS-002589,3,3646000.0,1215333.33,1215300.0,1215300.0,1215400.0,57.74,2023-07-30,2023-12-23,146,73.0,73.0,0.0,17361.91,17362.86,70.0,0.3334,0,0.0,0,0.0,3,1.0,0,0.0,1,1215400.0,0.3334
MPLADS-002590,2,859000.0,429500.0,429500.0,429500.0,429500.0,0.0,2022-09-15,2022-11-16,62,62.0,62.0,0.0,9544.44,9544.44,45.0,0.5,0,0.0,0,0.0,0,0.0,0,0.0,1,429500.0,0.5
MPLADS-002591,3,1426000.0,475333.33,475300.0,475300.0,475400.0,57.74,2023-07-01,2023-09-15,76,38.0,38.0,0.0,11883.33,11885.0,40.0,0.3334,0,0.0,0,0.0,0,0.0,0,0.0,1,475400.0,0.3334
MPLADS-002592,2,401000.0,200500.0,200500.0,200500.0,200500.0,0.0,2023-04-27,2023-05-30,33,33.0,33.0,0.0,6683.33,6683.33,30.0,0.5,0,0.0,0,0.0,0,0.0,0,0.0,1,200500.0,0.5
MPLADS-002593,3,1769000.0,589666.67,589700.0,589600.0,589700.0,57.74,2023-07-23,2023-10-15,84,42.0,42.0,0.0,14741.67,14742.5,40.0,0.3334,0,0.0,0,0.0,0,0.0,0,0.0,1,589600.0,0.3333
MPLADS-002594,3,13262000.0,4420666.67,4420700.0,4420600.0,4420700.0,57.74,2023-08-30,2024-06-07,282,141.0,141.0,0.0,33155.0,33155.25,133.3,0.3333,0,0.0,0,0.0,0,0.0,0,0.0,1,4420600.0,0.3333
MPLADS-002595,2,961000.0,480500.0,480500.0,480500.0,480500.0,0.0,2023-08-25,2023-10-13,49,49.0,49.0,0.0,10677.78,10677.78,45.0,0.5,0,0.0,0,0.0,0,0.0,0,0.0,1,480500.0,0.5
MPLADS-002596,3,2262000.0,754000.0,754000.0,754000.0,754000.0,0.0,2022-05-10,2022-09-05,118,59.0,59.0,0.0,12566.67,12566.67,60.0,0.3333,0,0.0,0,0.0,0,0.0,0,0.0,1,754000.0,0.3333
MPLADS-002597,3,1699000.0,566333.33,566300.0,566300.0,566400.0,57.74,2022-04-25,2022-07-31,97,48.5,48.5,0.71,14158.33,14160.0,40.0,0.3334,0,0.0,0,0.0,0,0.0,0,0.0,1,566400.0,0.3334
MPLADS-002598,2,322000.0,161000.0,161000.0,161000.0,161000.0,0.0,2023-09-30,2023-11-10,41,41.0,41.0,0.0,5366.67,5366.67,30.0,0.5,0,0.0,0,0.0,0,0.0,0,0.0,1,161000.0,0.5
MPLADS-002599,2,658000.0,329000.0,329000.0,329000.0,329000.0,0.0,2022-12-24,2023-02-12,50,50.0,50.0,0.0,7311.11,7311.11,45.0,0.5,0,0.0,0,0.0,0,0.0,0,0.0,1,329000.0,0.5
MPLADS-002600,3,15516000.0,5172000.0,5172000.0,5172000.0,5172000.0,0.0,2023-07-05,2024-04-04,274,137.0,137.0,0.0,38790.0,38790.0,133.3,0.3333,0,0.0,0,0.0,0,0.0,0,0.0,1,5172000.0,0.3333
MPLADS-002601,3,1802000.0,600666.67,600700.0,600600.0,600700.0,57.74,2023-03-23,2024-01-17,300,150.0,150.0,0.0,12013.33,12014.0,50.0,0.3334,0,0.0,0,0.0,0,0.0,0,0.0,1,600600.0,0.3333
MPLADS-002602,3,2702000.0,900666.67,900700.0,900600.0,900700.0,57.74,2023-12-25,2024-04-18,115,57.5,57.5,0.71,15011.11,15011.67,60.0,0.3333,0,0.0,0,0.0,0,0.0,0,0.0,1,900600.0,0.3333
MPLADS-002603,3,2235000.0,745000.0,745000.0,745000.0,745000.0,0.0,2023-05-06,2023-10-08,155,77.5,77.5,0.71,10642.86,10642.86,70.0,0.3333,0,0.0,0,0.0,0,0.0,0,0.0,1,745000.0,0.3333
MPLADS-002604,3,2984000.0,994666.67,994700.0,994600.0,994700.0,57.74,2023-11-06,2024-04-02,148,74.0,74.0,0.0,14209.52,14210.0,70.0,0.3333,0,0.0,0,0.0,0,0.0,0,0.0,1,994600.0,0.3333
MPLADS-002605,3,2389000.0,796333.33,796300.0,796300.0,796400.0,57.74,2022-07-01,2022-10-08,99,49.5,49.5,0.71,19908.33,19910.0,40.0,0.3334,0,0.0,0,0.0,3,1.0,0,0.0,1,796400.0,0.3334
MPLADS-002606,3,9702000.0,3234000.0,3234000.0,3234000.0,3234000.0,0.0,2022-11-29,2023-08-21,265,132.5,132.5,0.71,24255.0,24255.0,133.3,0.3333,0,0.0,0,0.0,0,0.0,0,0.0,1,3234000.0,0.3333
MPLADS-002607,3,1143000.0,381000.0,381000.0,381000.0,381000.0,0.0,2023-01-08,2023-04-22,104,52.0,52.0,0.0,7620.0,7620.0,50.0,0.3333,0,0.0,0,0.0,0,0.0,0,0.0,1,381000.0,0.3333
MPLADS-002608,3,3042000.0,1014000.0,1014000.0,1014000.0,1014000.0,0.0,2023-04-29,2023-09-16,140,70.0,70.0,0.0,14485.71,14485.71,70.0,0.3333,0,0.0,0,0.0,0,0.0,0,0.0,1,1014000.0,0.3333
MPLADS-002609,2,825000.0,412500.0,412500.0,412500.0,412500.0,0.0,2022-11-23,2023-01-04,42,42.0,42.0,0.0,9166.67,9166.67,45.0,0.5,0,0.0,0,0.0,0,0.0,0,0.0,1,412500.0,0.5
MPLADS-002610,3,20638000.0,6879333.33,6879300.0,6879300.0,6879400.0,57.74,2022-09-17,2023-07-01,287,143.5,143.5,0.71,51595.0,51595.5,133.3,0.3333,0,0.0,0,0.0,0,0.0,0,0.0,1,6879400.0,0.3333
MPLADS-002611,2,541000.0,270500.0,270500.0,270500.0,270500.0,0.0,2022-08-09,2022-09-19,41,41.0,41.0,0.0,9016.67,9016.67,30.0,0.5,0,0.0,0,0.0,0,0.0,0,0.0,1,270500.0,0.5
MPLADS-002612,3,3214000.0,1071333.33,1071300.0,1071300.0,1071400.0,57.74,2024-07-21,2026-02-01,560,280.0,280.0,0.0,15304.76,15305.71,70.0,0.3334,0,0.0,0,0.0,0,0.0,0,0.0,1,1071400.0,0.3334
MPLADS-002613,3,1739000.0,579666.67,579700.0,579600.0,579700.0,57.74,2022-09-30,2022-12-21,82,41.0,41.0,0.0,14491.67,14492.5,40.0,0.3334,0,0.0,0,0.0,0,0.0,0,0.0,1,579600.0,0.3333
MPLADS-002614,3,6540000.0,2180000.0,2180000.0,2180000.0,2180000.0,0.0,2022-04-02,2022-07-24,113,56.5,56.5,0.71,43600.0,43600.0,50.0,0.3333,0,0.0,0,0.0,0,0.0,0,0.0,1,2180000.0,0.3333
MPLADS-002615,3,1765000.0,588333.33,588300.0,588300.0,588400.0,57.74,2022-12-08,2023-04-17,130,65.0,65.0,0.0,9805.56,9806.67,60.0,0.3334,0,0.0,0,0.0,0,0.0,0,0.0,1,588400.0,0.3334
MPLADS-002616,3,1731000.0,577000.0,577000.0,577000.0,577000.0,0.0,2023-03-21,2024-07-13,480,240.0,240.0,0.0,9616.67,9616.67,60.0,0.3333,0,0.0,0,0.0,0,0.0,0,0.0,1,577000.0,0.3333
MPLADS-002617,3,1015000.0,338333.33,338300.0,338300.0,338400.0,57.74,2023-01-23,2023-05-20,117,58.5,58.5,0.71,6766.67,6768.0,50.0,0.3334,0,0.0,1,0.3333,0,0.0,0,0.0,1,338400.0,0.3334
MPLADS-002618,2,349000.0,174500.0,174500.0,174500.0,174500.0,0.0,2023-03-09,2023-04-13,35,35.0,35.0,0.0,5816.67,5816.67,30.0,0.5,0,0.0,0,0.0,0,0.0,0,0.0,1,174500.0,0.5
MPLADS-002619,2,684000.0,342000.0,342000.0,342000.0,342000.0,0.0,2023-12-10,2024-01-30,51,51.0,51.0,0.0,7600.0,7600.0,45.0,0.5,0,0.0,0,0.0,0,0.0,0,0.0,1,342000.0,0.5
MPLADS-002620,2,673000.0,336500.0,336500.0,336500.0,336500.0,0.0,2022-12-04,2023-01-13,40,40.0,40.0,0.0,7477.78,7477.78,45.0,0.5,0,0.0,0,0.0,0,0.0,0,0.0,1,336500.0,0.5
MPLADS-002621,3,11957000.0,3985666.67,3985700.0,3985600.0,3985700.0,57.74,2022-09-29,2023-06-15,259,129.5,129.5,0.71,29892.5,29892.75,133.3,0.3333,0,0.0,0,0.0,0,0.0,0,0.0,1,3985600.0,0.3333
MPLADS-002622,3,1433000.0,477666.67,477700.0,477600.0,477700.0,57.74,2024-02-13,2024-05-30,107,53.5,53.5,0.71,9553.33,9554.0,50.0,0.3334,0,0.0,0,0.0,0,0.0,0,0.0,1,477600.0,0.3333
MPLADS-002623,3,13522000.0,4507333.33,4507300.0,4507300.0,4507400.0,57.74,2022-10-20,2023-07-18,271,135.5,135.5,0.71,33805.0,33805.5,133.3,0.3333,0,0.0,1,0.3333,0,0.0,0,0.0,1,4507400.0,0.3333
MPLADS-002624,3,3546000.0,1182000.0,1182000.0,1182000.0,1182000.0,0.0,2022-09-20,2023-02-28,161,80.5,80.5,0.71,16885.71,16885.71,70.0,0.3333,0,0.0,0,0.0,0,0.0,0,0.0,1,1182000.0,0.3333
MPLADS-002625,3,8152000.0,2717333.33,2717300.0,2717300.0,2717400.0,57.74,2023-04-21,2024-01-22,276,138.0,138.0,0.0,20380.0,20380.5,133.3,0.3333,0,0.0,0,0.0,0,0.0,0,0.0,1,2717400.0,0.3333
MPLADS-002626,3,3820000.0,1273333.33,1273300.0,1273300.0,1273400.0,57.74,2022-08-06,2022-10-01,56,28.0,28.0,0.0,42444.44,42446.67,30.0,0.3334,0,0.0,0,0.0,0,0.0,0,0.0,1,1273400.0,0.3334
MPLADS-002627,3,2511000.0,837000.0,837000.0,837000.0,837000.0,0.0,2023-04-02,2023-09-04,155,77.5,77.5,0.71,11957.14,11957.14,70.0,0.3333,0,0.0,0,0.0,0,0.0,0,0.0,1,837000.0,0.3333
MPLADS-002628,3,1470000.0,490000.0,490000.0,490000.0,490000.0,0.0,2023-10-08,2024-01-27,111,55.5,55.5,0.71,9800.0,9800.0,50.0,0.3333,0,0.0,0,0.0,0,0.0,0,0.0,1,490000.0,0.3333
MPLADS-002629,3,1607000.0,535666.67,535700.0,535600.0,535700.0,57.74,2022-11-05,2023-02-03,90,45.0,45.0,0.0,13391.67,13392.5,40.0,0.3334,0,0.0,0,0.0,0,0.0,0,0.0,1,535600.0,0.3333
MPLADS-002630,3,1663000.0,554333.33,554300.0,554300.0,554400.0,57.74,2022-03-27,2022-07-17,112,56.0,56.0,0.0,11086.67,11088.0,50.0,0.3334,0,0.0,0,0.0,0,0.0,0,0.0,1,554400.0,0.3334
MPLADS-002631,3,3633000.0,1211000.0,1211000.0,1211000.0,1211000.0,0.0,2022-08-31,2022-11-21,82,41.0,41.0,0.0,40366.67,40366.67,30.0,0.3333,0,0.0,0,0.0,0,0.0,0,0.0,1,1211000.0,0.3333
MPLADS-002632,3,1123000.0,374333.33,374300.0,374300.0,374400.0,57.74,2023-06-11,2023-07-31,50,25.0,25.0,0.0,12477.78,12480.0,30.0,0.3334,0,0.0,0,0.0,0,0.0,0,0.0,1,374400.0,0.3334
MPLADS-002633,3,1780000.0,593333.33,593300.0,593300.0,593400.0,57.74,2022-09-23,2023-02-16,146,73.0,73.0,0.0,8476.19,8477.14,70.0,0.3334,0,0.0,0,0.0,0,0.0,0,0.0,1,593400.0,0.3334
MPLADS-002634,2,822000.0,411000.0,411000.0,411000.0,411000.0,0.0,2022-09-06,2022-10-17,41,41.0,41.0,0.0,9133.33,9133.33,45.0,0.5,0,0.0,0,0.0,0,0.0,0,0.0,1,411000.0,0.5
MPLADS-002635,3,2244000.0,748000.0,748000.0,748000.0,748000.0,0.0,2023-07-19,2023-11-10,114,57.0,57.0,0.0,12466.67,12466.67,60.0,0.3333,0,0.0,0,0.0,3,1.0,0,0.0,1,748000.0,0.3333
MPLADS-002636,2,902000.0,451000.0,451000.0,451000.0,451000.0,0.0,2023-06-07,2023-07-25,48,48.0,48.0,0.0,10022.22,10022.22,45.0,0.5,0,0.0,0,0.0,0,0.0,0,0.0,1,451000.0,0.5
MPLADS-002637,3,2333000.0,777666.67,777700.0,777600.0,777700.0,57.74,2022-04-18,2022-07-03,76,38.0,38.0,0.0,19441.67,19442.5,40.0,0.3333,0,0.0,0,0.0,0,0.0,0,0.0,1,777600.0,0.3333
MPLADS-002638,3,1503000.0,501000.0,501000.0,501000.0,501000.0,0.0,2023-10-05,2023-12-22,78,39.0,39.0,0.0,12525.0,12525.0,40.0,0.3333,0,0.0,0,0.0,0,0.0,0,0.0,1,501000.0,0.3333
MPLADS-002639,2,525000.0,262500.0,262500.0,262500.0,262500.0,0.0,2022-07-23,2022-10-21,90,90.0,90.0,0.0,8750.0,8750.0,30.0,0.5,0,0.0,0,0.0,0,0.0,0,0.0,1,262500.0,0.5
MPLADS-002640,3,1529000.0,509666.67,509700.0,509600.0,509700.0,57.74,2023-01-03,2023-03-18,74,37.0,37.0,0.0,16988.89,16990.0,30.0,0.3334,0,0.0,0,0.0,0,0.0,0,0.0,1,509600.0,0.3333
MPLADS-002641,2,865000.0,432500.0,432500.0,432500.0,432500.0,0.0,2022-07-19,2022-12-01,135,135.0,135.0,0.0,9611.11,9611.11,45.0,0.5,0,0.0,0,0.0,0,0.0,0,0.0,1,432500.0,0.5
MPLADS-002642,3,2240000.0,746666.67,746700.0,746600.0,746700.0,57.74,2023-01-20,2023-12-06,320,160.0,160.0,0.0,18666.67,18667.5,40.0,0.3333,0,0.0,0,0.0,0,0.0,0,0.0,1,746600.0,0.3333
MPLADS-002643,3,4477000.0,1492333.33,1492300.0,1492300.0,1492400.0,57.74,2022-03-21,2022-05-11,51,25.5,25.5,0.71,49744.44,49746.67,30.0,0.3333,0,0.0,0,0.0,0,0.0,0,0.0,1,1492400.0,0.3333
MPLADS-002644,3,2135000.0,711666.67,711700.0,711600.0,711700.0,57.74,2023-12-16,2024-03-12,87,43.5,43.5,0.71,17791.67,17792.5,40.0,0.3333,0,0.0,1,0.3333,0,0.0,0,0.0,1,711600.0,0.3333
MPLADS-002645,3,9022000.0,3007333.33,3007300.0,3007300.0,3007400.0,57.74,2024-01-26,2024-10-21,269,134.5,134.5,0.71,22555.0,22555.5,133.3,0.3333,0,0.0,0,0.0,0,0.0,0,0.0,1,3007400.0,0.3333
MPLADS-002646,3,2873000.0,957666.67,957700.0,957600.0,957700.0,57.74,2023-03-02,2023-06-24,114,57.0,57.0,0.0,17956.25,17956.88,53.3,0.3333,0,0.0,0,0.0,0,0.0,0,0.0,1,957600.0,0.3333
MPLADS-002647,3,3939000.0,1313000.0,1313000.0,1313000.0,1313000.0,0.0,2022-08-29,2023-02-06,161,80.5,80.5,0.71,18757.14,18757.14,70.0,0.3333,0,0.0,0,0.0,0,0.0,0,0.0,1,1313000.0,0.3333
MPLADS-002648,2,565000.0,282500.0,282500.0,282500.0,282500.0,0.0,2023-01-23,2023-02-15,23,23.0,23.0,0.0,9416.67,9416.67,30.0,0.5,0,0.0,0,0.0,0,0.0,0,0.0,1,282500.0,0.5
MPLADS-002649,3,1407000.0,469000.0,469000.0,469000.0,469000.0,0.0,2023-10-24,2024-02-01,100,50.0,50.0,0.0,9380.0,9380.0,50.0,0.3333,0,0.0,0,0.0,0,0.0,0,0.0,1,469000.0,0.3333
MPLADS-002650,3,1549000.0,516333.33,516300.0,516300.0,516400.0,57.74,2024-02-16,2024-05-20,94,47.0,47.0,0.0,12908.33,12910.0,40.0,0.3334,0,0.0,0,0.0,3,1.0,0,0.0,1,516400.0,0.3334
MPLADS-002651,3,2559000.0,853000.0,853000.0,853000.0,853000.0,0.0,2023-06-30,2023-11-19,142,71.0,71.0,0.0,14216.67,14216.67,60.0,0.3333,0,0.0,0,0.0,0,0.0,0,0.0,1,853000.0,0.3333
MPLADS-002652,3,2565000.0,855000.0,855000.0,855000.0,855000.0,0.0,2023-12-29,2024-05-15,138,69.0,69.0,0.0,14250.0,14250.0,60.0,0.3333,0,0.0,0,0.0,0,0.0,0,0.0,1,855000.0,0.3333
MPLADS-002653,3,5558000.0,1852666.67,1852700.0,1852600.0,1852700.0,57.74,2023-05-26,2023-09-10,107,53.5,53.5,0.71,37053.33,37054.0,50.0,0.3333,0,0.0,0,0.0,0,0.0,0,0.0,1,1852600.0,0.3333
MPLADS-002654,2,860000.0,430000.0,430000.0,430000.0,430000.0,0.0,2023-11-10,2024-01-05,56,56.0,56.0,0.0,9555.56,9555.56,45.0,0.5,0,0.0,0,0.0,0,0.0,0,0.0,1,430000.0,0.5
MPLADS-002655,3,2623000.0,874333.33,874300.0,874300.0,874400.0,57.74,2022-09-17,2023-02-02,138,69.0,69.0,0.0,14572.22,14573.33,60.0,0.3334,0,0.0,0,0.0,0,0.0,0,0.0,1,874400.0,0.3334
MPLADS-002656,3,3512000.0,1170666.67,1170700.0,1170600.0,1170700.0,57.74,2023-10-13,2024-02-28,138,69.0,69.0,0.0,16723.81,16724.29,70.0,0.3333,0,0.0,0,0.0,0,0.0,0,0.0,1,1170600.0,0.3333
MPLADS-002657,2,666000.0,333000.0,333000.0,333000.0,333000.0,0.0,2022-09-30,2022-11-19,50,50.0,50.0,0.0,7400.0,7400.0,45.0,0.5,0,0.0,0,0.0,0,0.0,0,0.0,1,333000.0,0.5
MPLADS-002658,3,2103000.0,701000.0,701000.0,701000.0,701000.0,0.0,2022-09-05,2023-01-04,121,60.5,60.5,0.71,11683.33,11683.33,60.0,0.3333,0,0.0,0,0.0,0,0.0,0,0.0,1,701000.0,0.3333
MPLADS-002659,2,980000.0,490000.0,490000.0,490000.0,490000.0,0.0,2022-04-21,2022-07-13,83,83.0,83.0,0.0,6533.33,6533.33,75.0,0.5,0,0.0,0,0.0,0,0.0,0,0.0,1,490000.0,0.5
MPLADS-002660,3,1730000.0,576666.67,576700.0,576600.0,576700.0,57.74,2023-05-14,2023-08-24,102,51.0,51.0,0.0,11533.33,11534.0,50.0,0.3334,0,0.0,0,0.0,0,0.0,0,0.0,1,576600.0,0.3333
MPLADS-002661,3,3014000.0,1004666.67,1004700.0,1004600.0,1004700.0,57.74,2022-08-17,2022-12-18,123,61.5,61.5,0.71,16744.44,16745.0,60.0,0.3333,0,0.0,0,0.0,0,0.0,0,0.0,1,1004600.0,0.3333
MPLADS-002662,3,1755000.0,585000.0,585000.0,585000.0,585000.0,0.0,2022-10-28,2023-02-12,107,53.5,53.5,0.71,11700.0,11700.0,50.0,0.3333,0,0.0,0,0.0,0,0.0,0,0.0,1,585000.0,0.3333
MPLADS-002663,3,2632000.0,877333.33,877300.0,877300.0,877400.0,57.74,2022-06-07,2022-10-15,130,65.0,65.0,0.0,16450.0,16451.25,53.3,0.3334,0,0.0,0,0.0,0,0.0,0,0.0,1,877400.0,0.3334
MPLADS-002664,3,51686000.0,17228666.67,17228700.0,17228600.0,17228700.0,57.74,2023-11-29,2024-09-14,290,145.0,145.0,0.0,129215.0,129215.25,133.3,0.3333,0,0.0,0,0.0,0,0.0,0,0.0,1,17228600.0,0.3333
MPLADS-002665,3,14731000.0,4910333.33,4910300.0,4910300.0,4910400.0,57.74,2022-09-02,2023-05-22,262,131.0,131.0,0.0,36827.5,36828.0,133.3,0.3333,0,0.0,0,0.0,3,1.0,0,0.0,1,4910400.0,0.3333
MPLADS-002666,2,567000.0,283500.0,283500.0,283500.0,283500.0,0.0,2022-09-22,2022-10-30,38,38.0,38.0,0.0,9450.0,9450.0,30.0,0.5,0,0.0,0,0.0,0,0.0,0,0.0,1,283500.0,0.5
MPLADS-002667,3,12198000.0,4066000.0,4066000.0,4066000.0,4066000.0,0.0,2022-07-04,2023-04-06,276,138.0,138.0,0.0,30495.0,30495.0,133.3,0.3333,0,0.0,0,0.0,0,0.0,0,0.0,1,4066000.0,0.3333
MPLADS-002668,3,3619000.0,1206333.33,1206300.0,1206300.0,1206400.0,57.74,2023-04-04,2023-08-30,148,74.0,74.0,0.0,17233.34,17234.29,70.0,0.3334,0,0.0,0,0.0,0,0.0,0,0.0,1,1206400.0,0.3334
MPLADS-002669,2,626000.0,313000.0,313000.0,313000.0,313000.0,0.0,2022-03-24,2022-05-03,40,40.0,40.0,0.0,10433.33,10433.33,30.0,0.5,0,0.0,0,0.0,0,0.0,0,0.0,1,313000.0,0.5
MPLADS-002670,3,14764000.0,4921333.33,4921300.0,4921300.0,4921400.0,57.74,2023-12-28,2024-09-18,265,132.5,132.5,0.71,36910.0,36910.5,133.3,0.3333,0,0.0,0,0.0,0,0.0,0,0.0,1,4921400.0,0.3333
MPLADS-002671,3,14833000.0,4944333.33,4944300.0,4944300.0,4944400.0,57.74,2023-03-23,2023-12-31,283,141.5,141.5,0.71,37082.5,37083.0,133.3,0.3333,0,0.0,0,0.0,0,0.0,0,0.0,1,4944400.0,0.3333
MPLADS-002672,2,913000.0,456500.0,456500.0,456500.0,456500.0,0.0,2023-12-08,2024-01-29,52,52.0,52.0,0.0,10144.44,10144.44,45.0,0.5,0,0.0,0,0.0,0,0.0,0,0.0,1,456500.0,0.5
MPLADS-002673,3,2252000.0,750666.67,750700.0,750600.0,750700.0,57.74,2023-03-07,2023-06-29,114,57.0,57.0,0.0,12511.11,12511.67,60.0,0.3333,0,0.0,0,0.0,0,0.0,0,0.0,1,750600.0,0.3333
MPLADS-002674,3,1543000.0,514333.33,514300.0,514300.0,514400.0,57.74,2022-12-03,2023-03-12,99,49.5,49.5,0.71,10286.67,10288.0,50.0,0.3334,0,0.0,0,0.0,0,0.0,0,0.0,1,514400.0,0.3334
MPLADS-002675,2,535000.0,267500.0,267500.0,267500.0,267500.0,0.0,2022-11-21,2022-12-30,39,39.0,39.0,0.0,8916.67,8916.67,30.0,0.5,0,0.0,0,0.0,0,0.0,0,0.0,1,267500.0,0.5
MPLADS-002676,3,2079000.0,693000.0,693000.0,693000.0,693000.0,0.0,2023-05-19,2023-09-24,128,64.0,64.0,0.0,12993.75,12993.75,53.3,0.3333,0,0.0,0,0.0,0,0.0,0,0.0,1,693000.0,0.3333
MPLADS-002677,3,1692000.0,564000.0,564000.0,564000.0,564000.0,0.0,2022-05-01,2022-07-16,76,38.0,38.0,0.0,14100.0,14100.0,40.0,0.3333,0,0.0,0,0.0,0,0.0,0,0.0,1,564000.0,0.3333
MPLADS-002678,2,493000.0,246500.0,246500.0,246500.0,246500.0,0.0,2023-10-03,2023-11-01,29,29.0,29.0,0.0,8216.67,8216.67,30.0,0.5,0,0.0,0,0.0,0,0.0,0,0.0,1,246500.0,0.5
MPLADS-002679,3,1723000.0,574333.33,574300.0,574300.0,574400.0,57.74,2022-04-06,2022-06-19,74,37.0,37.0,0.0,14358.33,14360.0,40.0,0.3334,0,0.0,0,0.0,0,0.0,0,0.0,1,574400.0,0.3334
MPLADS-002680,2,939000.0,469500.0,469500.0,469500.0,469500.0,0.0,2023-05-25,2023-07-21,57,57.0,57.0,0.0,7825.0,7825.0,60.0,0.5,0,0.0,0,0.0,0,0.0,0,0.0,1,469500.0,0.5
MPLADS-002681,3,2015000.0,671666.67,671700.0,671600.0,671700.0,57.74,2022-08-05,2022-10-31,87,43.5,43.5,0.71,16791.67,16792.5,40.0,0.3333,0,0.0,0,0.0,3,1.0,0,0.0,1,671600.0,0.3333
MPLADS-002682,3,1748000.0,582666.67,582700.0,582600.0,582700.0,57.74,2023-03-08,2023-06-20,104,52.0,52.0,0.0,10925.0,10925.62,53.3,0.3334,0,0.0,0,0.0,0,0.0,0,0.0,1,582600.0,0.3333
MPLADS-002683,3,1769000.0,589666.67,589700.0,589600.0,589700.0,57.74,2022-12-17,2023-03-03,76,38.0,38.0,0.0,14741.67,14742.5,40.0,0.3334,0,0.0,0,0.0,0,0.0,0,0.0,1,589600.0,0.3333
MPLADS-002684,3,3482000.0,1160666.67,1160700.0,1160600.0,1160700.0,57.74,2023-05-20,2023-09-12,115,57.5,57.5,0.71,21762.5,21763.12,53.3,0.3333,0,0.0,0,0.0,0,0.0,0,0.0,1,1160600.0,0.3333
MPLADS-002685,3,2681000.0,893666.67,893700.0,893600.0,893700.0,57.74,2024-02-18,2024-07-01,134,67.0,67.0,0.0,12766.66,12767.14,70.0,0.3333,0,0.0,0,0.0,0,0.0,0,0.0,1,893600.0,0.3333
MPLADS-002686,3,3848000.0,1282666.67,1282700.0,1282600.0,1282700.0,57.74,2023-07-30,2023-12-14,137,68.5,68.5,0.71,18323.81,18324.29,70.0,0.3333,0,0.0,0,0.0,0,0.0,0,0.0,1,1282600.0,0.3333
MPLADS-002687,2,951000.0,475500.0,475500.0,475500.0,475500.0,0.0,2023-05-14,2023-07-26,73,73.0,73.0,0.0,6340.0,6340.0,75.0,0.5,0,0.0,0,0.0,0,0.0,0,0.0,1,475500.0,0.5
MPLADS-002688,3,1734000.0,578000.0,578000.0,578000.0,578000.0,0.0,2022-07-27,2022-11-10,106,53.0,53.0,0.0,10837.5,10837.5,53.3,0.3333,0,0.0,0,0.0,3,1.0,0,0.0,1,578000.0,0.3333
MPLADS-002689,3,3124000.0,1041333.33,1041300.0,1041300.0,1041400.0,57.74,2023-10-23,2023-12-23,61,30.5,30.5,0.71,34711.11,34713.33,30.0,0.3334,0,0.0,0,0.0,0,0.0,0,0.0,1,1041400.0,0.3334
MPLADS-002690,2,597000.0,298500.0,298500.0,298500.0,298500.0,0.0,2023-02-27,2023-04-11,43,43.0,43.0,0.0,9950.0,9950.0,30.0,0.5,0,0.0,0,0.0,0,0.0,0,0.0,1,298500.0,0.5
MPLADS-002691,3,2045000.0,681666.67,681700.0,681600.0,681700.0,57.74,2022-08-05,2023-04-02,240,120.0,120.0,0.0,17041.67,17042.5,40.0,0.3333,0,0.0,0,0.0,0,0.0,0,0.0,1,681600.0,0.3333
MPLADS-002692,3,1551000.0,517000.0,517000.0,517000.0,517000.0,0.0,2023-07-31,2023-11-16,108,54.0,54.0,0.0,9693.75,9693.75,53.3,0.3333,0,0.0,0,0.0,0,0.0,0,0.0,1,517000.0,0.3333
MPLADS-002693,3,1669000.0,556333.33,556300.0,556300.0,556400.0,57.74,2022-05-22,2022-08-22,92,46.0,46.0,0.0,11126.67,11128.0,50.0,0.3334,0,0.0,0,0.0,0,0.0,0,0.0,1,556400.0,0.3334
MPLADS-002694,3,3240000.0,1080000.0,1080000.0,1080000.0,1080000.0,0.0,2023-04-27,2023-09-04,130,65.0,65.0,0.0,15428.57,15428.57,70.0,0.3333,0,0.0,0,0.0,0,0.0,0,0.0,1,1080000.0,0.3333
MPLADS-002695,3,12051000.0,4017000.0,4017000.0,4017000.0,4017000.0,0.0,2024-01-02,2024-05-11,130,65.0,65.0,0.0,66950.0,66950.0,60.0,0.3333,0,0.0,0,0.0,0,0.0,0,0.0,1,4017000.0,0.3333
MPLADS-002696,3,2755000.0,918333.33,918300.0,918300.0,918400.0,57.74,2022-09-05,2023-01-29,146,73.0,73.0,0.0,13119.05,13120.0,70.0,0.3334,0,0.0,0,0.0,0,0.0,0,0.0,1,918400.0,0.3334
MPLADS-002697,3,2758000.0,919333.33,919300.0,919300.0,919400.0,57.74,2023-04-21,2023-09-01,133,66.5,66.5,0.71,13133.34,13134.29,70.0,0.3334,0,0.0,0,0.0,0,0.0,0,0.0,1,919400.0,0.3334
MPLADS-002698,3,2060000.0,686666.67,686700.0,686600.0,686700.0,57.74,2022-04-04,2022-06-13,70,35.0,35.0,0.0,17166.67,17167.5,40.0,0.3333,0,0.0,0,0.0,0,0.0,0,0.0,1,686600.0,0.3333
MPLADS-002699,3,1939000.0,646333.33,646300.0,646300.0,646400.0,57.74,2023-10-26,2024-02-07,104,52.0,52.0,0.0,12118.75,12120.0,53.3,0.3334,0,0.0,0,0.0,0,0.0,0,0.0,1,646400.0,0.3334
MPLADS-002700,3,1783000.0,594333.33,594300.0,594300.0,594400.0,57.74,2022-09-10,2023-01-28,140,70.0,70.0,0.0,9905.56,9906.67,60.0,0.3334,0,0.0,0,0.0,0,0.0,0,0.0,1,594400.0,0.3334
MPLADS-002701,2,621000.0,310500.0,310500.0,310500.0,310500.0,0.0,2022-05-16,2022-06-13,28,28.0,28.0,0.0,10350.0,10350.0,30.0,0.5,0,0.0,0,0.0,0,0.0,0,0.0,1,310500.0,0.5
MPLADS-002702,2,950000.0,475000.0,475000.0,475000.0,475000.0,0.0,2022-07-31,2022-09-11,42,42.0,42.0,0.0,10555.56,10555.56,45.0,0.5,0,0.0,0,0.0,0,0.0,0,0.0,1,475000.0,0.5
MPLADS-002703,3,2046000.0,682000.0,682000.0,682000.0,682000.0,0.0,2023-06-22,2024-06-16,360,180.0,180.0,0.0,11366.67,11366.67,60.0,0.3333,0,0.0,0,0.0,0,0.0,0,0.0,1,682000.0,0.3333
MPLADS-002704,3,2105000.0,701666.67,701700.0,701600.0,701700.0,57.74,2022-10-26,2023-02-01,98,49.0,49.0,0.0,13156.25,13156.88,53.3,0.3333,0,0.0,0,0.0,0,0.0,0,0.0,1,701600.0,0.3333
MPLADS-002705,2,740000.0,370000.0,370000.0,370000.0,370000.0,0.0,2022-07-26,2022-09-09,45,45.0,45.0,0.0,8222.22,8222.22,45.0,0.5,0,0.0,0,0.0,0,0.0,0,0.0,1,370000.0,0.5
MPLADS-002706,3,3111000.0,1037000.0,1037000.0,1037000.0,1037000.0,0.0,2023-06-16,2023-10-24,130,65.0,65.0,0.0,14814.29,14814.29,70.0,0.3333,0,0.0,0,0.0,0,0.0,0,0.0,1,1037000.0,0.3333
MPLADS-002707,3,1971000.0,657000.0,657000.0,657000.0,657000.0,0.0,2022-05-26,2022-08-18,84,42.0,42.0,0.0,16425.0,16425.0,40.0,0.3333,0,0.0,0,0.0,0,0.0,0,0.0,1,657000.0,0.3333
MPLADS-002708,3,2776000.0,925333.33,925300.0,925300.0,925400.0,57.74,2023-02-10,2023-06-29,139,69.5,69.5,0.71,13219.05,13220.0,70.0,0.3334,0,0.0,0,0.0,0,0.0,0,0.0,1,925400.0,0.3334
MPLADS-002709,3,3688000.0,1229333.33,1229300.0,1229300.0,1229400.0,57.74,2022-07-01,2022-12-08,160,80.0,80.0,0.0,17561.91,17562.86,70.0,0.3334,0,0.0,0,0.0,0,0.0,0,0.0,1,1229400.0,0.3334
MPLADS-002710,3,1917000.0,639000.0,639000.0,639000.0,639000.0,0.0,2024-01-11,2024-05-06,116,58.0,58.0,0.0,12780.0,12780.0,50.0,0.3333,0,0.0,0,0.0,0,0.0,0,0.0,1,639000.0,0.3333
MPLADS-002711,3,2609000.0,869666.67,869700.0,869600.0,869700.0,57.74,2022-09-01,2023-01-01,122,61.0,61.0,0.0,16306.25,16306.88,53.3,0.3333,0,0.0,0,0.0,0,0.0,0,0.0,1,869600.0,0.3333
MPLADS-002712,3,2961000.0,987000.0,987000.0,987000.0,987000.0,0.0,2024-06-29,2026-01-10,560,280.0,280.0,0.0,14100.0,14100.0,70.0,0.3333,0,0.0,0,0.0,0,0.0,0,0.0,1,987000.0,0.3333
MPLADS-002713,3,1859000.0,619666.67,619700.0,619600.0,619700.0,57.74,2022-03-16,2022-06-16,92,46.0,46.0,0.0,15491.67,15492.5,40.0,0.3334,0,0.0,1,0.3333,0,0.0,0,0.0,1,619600.0,0.3333
MPLADS-002714,3,1463000.0,487666.67,487700.0,487600.0,487700.0,57.74,2022-08-08,2022-10-23,76,38.0,38.0,0.0,12191.67,12192.5,40.0,0.3334,0,0.0,0,0.0,0,0.0,0,0.0,1,487600.0,0.3333
MPLADS-002715,2,979000.0,489500.0,489500.0,489500.0,489500.0,0.0,2022-07-16,2022-09-28,74,74.0,74.0,0.0,6118.75,6118.75,80.0,0.5,0,0.0,0,0.0,0,0.0,0,0.0,1,489500.0,0.5
MPLADS-002716,3,1638000.0,546000.0,546000.0,546000.0,546000.0,0.0,2023-09-05,2023-12-18,104,52.0,52.0,0.0,10237.5,10237.5,53.3,0.3333,0,0.0,0,0.0,0,0.0,0,0.0,1,546000.0,0.3333
MPLADS-002717,3,2203000.0,734333.33,734300.0,734300.0,734400.0,57.74,2023-07-15,2023-12-01,139,69.5,69.5,0.71,10490.48,10491.43,70.0,0.3334,0,0.0,0,0.0,0,0.0,0,0.0,1,734400.0,0.3334
MPLADS-002718,3,2409000.0,803000.0,803000.0,803000.0,803000.0,0.0,2022-04-24,2022-09-01,130,65.0,65.0,0.0,11471.43,11471.43,70.0,0.3333,0,0.0,0,0.0,0,0.0,0,0.0,1,803000.0,0.3333
MPLADS-002719,3,14663000.0,4887666.67,4887700.0,4887600.0,4887700.0,57.74,2023-05-25,2024-02-10,261,130.5,130.5,0.71,36657.5,36657.75,133.3,0.3333,0,0.0,0,0.0,0,0.0,0,0.0,1,4887600.0,0.3333
MPLADS-002720,3,9644000.0,3214666.67,3214700.0,3214600.0,3214700.0,57.74,2024-02-17,2024-11-25,282,141.0,141.0,0.0,24110.0,24110.25,133.3,0.3333,0,0.0,0,0.0,3,1.0,0,0.0,1,3214600.0,0.3333
MPLADS-002721,3,3415000.0,1138333.33,1138300.0,1138300.0,1138400.0,57.74,2023-04-03,2023-09-03,153,76.5,76.5,0.71,16261.91,16262.86,70.0,0.3334,0,0.0,0,0.0,0,0.0,0,0.0,1,1138400.0,0.3334
MPLADS-002722,3,2932000.0,977333.33,977300.0,977300.0,977400.0,57.74,2022-07-15,2022-11-01,109,54.5,54.5,0.71,18325.0,18326.25,53.3,0.3334,0,0.0,0,0.0,0,0.0,0,0.0,1,977400.0,0.3334
MPLADS-002723,3,11331000.0,3777000.0,3777000.0,3777000.0,3777000.0,0.0,2022-12-21,2023-09-25,278,139.0,139.0,0.0,28327.5,28327.5,133.3,0.3333,0,0.0,0,0.0,0,0.0,0,0.0,1,3777000.0,0.3333
MPLADS-002724,3,10062000.0,3354000.0,3354000.0,3354000.0,3354000.0,0.0,2024-03-12,2024-12-20,283,141.5,141.5,0.71,25155.0,25155.0,133.3,0.3333,0,0.0,0,0.0,0,0.0,0,0.0,1,3354000.0,0.3333
MPLADS-002725,3,1844000.0,614666.67,614700.0,614600.0,614700.0,57.74,2023-08-13,2023-12-17,126,63.0,63.0,0.0,11525.0,11525.62,53.3,0.3334,0,0.0,0,0.0,3,1.0,0,0.0,1,614600.0,0.3333
MPLADS-002726,3,1819000.0,606333.33,606300.0,606300.0,606400.0,57.74,2023-08-22,2023-11-22,92,46.0,46.0,0.0,12126.67,12128.0,50.0,0.3334,0,0.0,0,0.0,0,0.0,0,0.0,1,606400.0,0.3334
MPLADS-002727,3,1040000.0,346666.67,346700.0,346600.0,346700.0,57.74,2023-07-09,2023-11-09,123,61.5,61.5,0.71,6933.33,6934.0,50.0,0.3334,0,0.0,0,0.0,3,1.0,0,0.0,1,346600.0,0.3333
MPLADS-002728,3,2813000.0,937666.67,937700.0,937600.0,937700.0,57.74,2022-07-30,2022-12-11,134,67.0,67.0,0.0,15627.78,15628.33,60.0,0.3333,0,0.0,0,0.0,0,0.0,0,0.0,1,937600.0,0.3333
MPLADS-002729,3,2380000.0,793333.33,793300.0,793300.0,793400.0,57.74,2022-11-18,2023-03-15,117,58.5,58.5,0.71,13222.22,13223.33,60.0,0.3334,0,0.0,0,0.0,0,0.0,0,0.0,1,793400.0,0.3334
MPLADS-002730,3,10176000.0,3392000.0,3392000.0,3392000.0,3392000.0,0.0,2022-05-13,2022-10-20,160,80.0,80.0,0.0,48457.14,48457.14,70.0,0.3333,0,0.0,0,0.0,0,0.0,0,0.0,1,3392000.0,0.3333
MPLADS-002731,3,8563000.0,2854333.33,2854300.0,2854300.0,2854400.0,57.74,2023-04-24,2023-08-18,116,58.0,58.0,0.0,53518.75,53520.0,53.3,0.3333,0,0.0,0,0.0,0,0.0,0,0.0,1,2854400.0,0.3333
MPLADS-002732,3,10220000.0,3406666.67,3406700.0,3406600.0,3406700.0,57.74,2024-01-22,2024-10-23,275,137.5,137.5,0.71,25550.0,25550.25,133.3,0.3333,0,0.0,0,0.0,0,0.0,0,0.0,1,3406600.0,0.3333
MPLADS-002733,3,1431000.0,477000.0,477000.0,477000.0,477000.0,0.0,2023-01-24,2023-05-08,104,52.0,52.0,0.0,9540.0,9540.0,50.0,0.3333,0,0.0,0,0.0,0,0.0,0,0.0,1,477000.0,0.3333
MPLADS-002734,2,986000.0,493000.0,493000.0,493000.0,493000.0,0.0,2023-03-26,2023-05-22,57,57.0,57.0,0.0,10955.56,10955.56,45.0,0.5,0,0.0,0,0.0,0,0.0,0,0.0,1,493000.0,0.5
MPLADS-002735,3,1211000.0,403666.67,403700.0,403600.0,403700.0,57.74,2023-06-01,2023-08-19,79,39.5,39.5,0.71,10091.67,10092.5,40.0,0.3334,0,0.0,0,0.0,0,0.0,0,0.0,1,403600.0,0.3333
MPLADS-002736,3,39943000.0,13314333.33,13314300.0,13314300.0,13314400.0,57.74,2023-04-23,2024-01-17,269,134.5,134.5,0.71,99857.5,99858.0,133.3,0.3333,0,0.0,0,0.0,0,0.0,0,0.0,1,13314400.0,0.3333
MPLADS-002737,2,545000.0,272500.0,272500.0,272500.0,272500.0,0.0,2023-03-26,2023-05-02,37,37.0,37.0,0.0,9083.33,9083.33,30.0,0.5,0,0.0,0,0.0,0,0.0,0,0.0,1,272500.0,0.5
MPLADS-002738,3,2308000.0,769333.33,769300.0,769300.0,769400.0,57.74,2023-12-03,2024-01-26,54,27.0,27.0,0.0,38466.67,38470.0,20.0,0.3334,0,0.0,0,0.0,0,0.0,0,0.0,1,769400.0,0.3334
MPLADS-002739,3,62901000.0,20967000.0,20967000.0,20967000.0,20967000.0,0.0,2023-10-02,2024-06-18,260,130.0,130.0,0.0,157252.5,157252.5,133.3,0.3333,0,0.0,0,0.0,0,0.0,0,0.0,1,20967000.0,0.3333
MPLADS-002740,3,14047000.0,4682333.33,4682300.0,4682300.0,4682400.0,57.74,2022-10-29,2023-08-05,280,140.0,140.0,0.0,35117.5,35118.0,133.3,0.3333,0,0.0,1,0.3333,0,0.0,0,0.0,1,4682400.0,0.3333
MPLADS-002741,2,585000.0,292500.0,292500.0,292500.0,292500.0,0.0,2023-12-14,2024-01-16,33,33.0,33.0,0.0,9750.0,9750.0,30.0,0.5,0,0.0,0,0.0,0,0.0,0,0.0,1,292500.0,0.5
MPLADS-002742,3,1100000.0,366666.67,366700.0,366600.0,366700.0,57.74,2022-09-06,2022-10-27,51,25.5,25.5,0.71,12222.22,12223.33,30.0,0.3334,0,0.0,0,0.0,0,0.0,0,0.0,1,366600.0,0.3333
MPLADS-002743,3,6665000.0,2221666.67,2221700.0,2221600.0,2221700.0,57.74,2023-04-25,2023-08-04,101,50.5,50.5,0.71,55541.67,55542.5,40.0,0.3333,0,0.0,0,0.0,0,0.0,0,0.0,1,2221600.0,0.3333
MPLADS-002744,3,2200000.0,733333.33,733300.0,733300.0,733400.0,57.74,2023-01-18,2023-06-01,134,67.0,67.0,0.0,12222.22,12223.33,60.0,0.3334,0,0.0,0,0.0,0,0.0,0,0.0,1,733400.0,0.3334
MPLADS-002745,3,8317000.0,2772333.33,2772300.0,2772300.0,2772400.0,57.74,2023-01-13,2023-10-10,270,135.0,135.0,0.0,20792.5,20793.0,133.3,0.3333,0,0.0,0,0.0,3,1.0,0,0.0,1,2772400.0,0.3333
MPLADS-002746,2,947000.0,473500.0,473500.0,473500.0,473500.0,0.0,2022-09-09,2022-11-10,62,62.0,62.0,0.0,10522.22,10522.22,45.0,0.5,0,0.0,0,0.0,0,0.0,0,0.0,1,473500.0,0.5
MPLADS-002747,3,1104000.0,368000.0,368000.0,368000.0,368000.0,0.0,2023-05-31,2023-07-08,38,19.0,19.0,0.0,18400.0,18400.0,20.0,0.3333,0,0.0,0,0.0,0,0.0,0,0.0,1,368000.0,0.3333
MPLADS-002748,3,2076000.0,692000.0,692000.0,692000.0,692000.0,0.0,2022-09-13,2022-11-22,70,35.0,35.0,0.0,17300.0,17300.0,40.0,0.3333,0,0.0,0,0.0,0,0.0,0,0.0,1,692000.0,0.3333
MPLADS-002749,3,8985000.0,2995000.0,2995000.0,2995000.0,2995000.0,0.0,2023-09-01,2023-12-30,120,60.0,60.0,0.0,49916.67,49916.67,60.0,0.3333,0,0.0,0,0.0,0,0.0,0,0.0,1,2995000.0,0.3333
MPLADS-002750,3,2708000.0,902666.67,902700.0,902600.0,902700.0,57.74,2022-07-26,2022-12-31,158,79.0,79.0,0.0,12895.24,12895.71,70.0,0.3333,0,0.0,0,0.0,0,0.0,0,0.0,1,902600.0,0.3333
MPLADS-002751,2,423000.0,211500.0,211500.0,211500.0,211500.0,0.0,2023-08-14,2023-09-12,29,29.0,29.0,0.0,7050.0,7050.0,30.0,0.5,0,0.0,0,0.0,0,0.0,0,0.0,1,211500.0,0.5
MPLADS-002752,3,1960000.0,653333.33,653300.0,653300.0,653400.0,57.74,2022-12-23,2023-04-26,124,62.0,62.0,0.0,12250.0,12251.25,53.3,0.3334,0,0.0,0,0.0,0,0.0,0,0.0,1,653400.0,0.3334
MPLADS-002753,2,610000.0,305000.0,305000.0,305000.0,305000.0,0.0,2022-04-30,2022-06-12,43,43.0,43.0,0.0,6777.78,6777.78,45.0,0.5,0,0.0,0,0.0,0,0.0,0,0.0,1,305000.0,0.5
MPLADS-002754,3,1450000.0,483333.33,483300.0,483300.0,483400.0,57.74,2023-01-06,2023-04-14,98,49.0,49.0,0.0,12083.33,12085.0,40.0,0.3334,0,0.0,0,0.0,0,0.0,0,0.0,1,483400.0,0.3334
MPLADS-002755,2,425000.0,212500.0,212500.0,212500.0,212500.0,0.0,2022-08-16,2022-09-16,31,31.0,31.0,0.0,7083.33,7083.33,30.0,0.5,0,0.0,0,0.0,0,0.0,0,0.0,1,212500.0,0.5
MPLADS-002756,3,4134000.0,1378000.0,1378000.0,1378000.0,1378000.0,0.0,2022-11-05,2023-03-28,143,71.5,71.5,0.71,19685.71,19685.71,70.0,0.3333,0,0.0,0,0.0,0,0.0,0,0.0,1,1378000.0,0.3333
MPLADS-002757,3,4821000.0,1607000.0,1607000.0,1607000.0,1607000.0,0.0,2024-01-23,2024-06-05,134,67.0,67.0,0.0,22957.14,22957.14,70.0,0.3333,0,0.0,0,0.0,0,0.0,0,0.0,1,1607000.0,0.3333
MPLADS-002758,3,2597000.0,865666.67,865700.0,865600.0,865700.0,57.74,2022-07-15,2022-11-28,136,68.0,68.0,0.0,12366.66,12367.14,70.0,0.3333,0,0.0,0,0.0,0,0.0,0,0.0,1,865600.0,0.3333
MPLADS-002759,3,14710000.0,4903333.33,4903300.0,4903300.0,4903400.0,57.74,2022-10-28,2023-08-06,282,141.0,141.0,0.0,36775.0,36775.5,133.3,0.3333,0,0.0,0,0.0,0,0.0,0,0.0,1,4903400.0,0.3333
MPLADS-002760,3,1618000.0,539333.33,539300.0,539300.0,539400.0,57.74,2024-01-23,2024-05-13,111,55.5,55.5,0.71,10786.67,10788.0,50.0,0.3334,0,0.0,0,0.0,0,0.0,0,0.0,1,539400.0,0.3334
MPLADS-002761,3,2161000.0,720333.33,720300.0,720300.0,720400.0,57.74,2023-08-24,2023-11-04,72,36.0,36.0,0.0,18008.33,18010.0,40.0,0.3334,0,0.0,0,0.0,0,0.0,0,0.0,1,720400.0,0.3334
MPLADS-002762,2,849000.0,424500.0,424500.0,424500.0,424500.0,0.0,2022-05-27,2022-07-09,43,43.0,43.0,0.0,9433.33,9433.33,45.0,0.5,0,0.0,0,0.0,0,0.0,0,0.0,1,424500.0,0.5
MPLADS-002763,3,1339000.0,446333.33,446300.0,446300.0,446400.0,57.74,2022-08-08,2022-11-26,110,55.0,55.0,0.0,8926.67,8928.0,50.0,0.3334,0,0.0,0,0.0,3,1.0,0,0.0,1,446400.0,0.3334
MPLADS-002764,3,1670000.0,556666.67,556700.0,556600.0,556700.0,57.74,2023-12-18,2024-03-16,89,44.5,44.5,0.71,13916.67,13917.5,40.0,0.3334,0,0.0,0,0.0,0,0.0,0,0.0,1,556600.0,0.3333
MPLADS-002765,3,1876000.0,625333.33,625300.0,625300.0,625400.0,57.74,2023-12-05,2024-03-10,96,48.0,48.0,0.0,15633.33,15635.0,40.0,0.3334,0,0.0,0,0.0,3,1.0,0,0.0,1,625400.0,0.3334
MPLADS-002766,3,2528000.0,842666.67,842700.0,842600.0,842700.0,57.74,2022-12-30,2023-05-03,124,62.0,62.0,0.0,15800.0,15800.62,53.3,0.3333,0,0.0,0,0.0,0,0.0,0,0.0,1,842600.0,0.3333
MPLADS-002767,3,8292000.0,2764000.0,2764000.0,2764000.0,2764000.0,0.0,2023-06-18,2024-03-14,270,135.0,135.0,0.0,20730.0,20730.0,133.3,0.3333,0,0.0,0,0.0,0,0.0,0,0.0,1,2764000.0,0.3333
MPLADS-002768,3,2838000.0,946000.0,946000.0,946000.0,946000.0,0.0,2022-06-06,2022-08-27,82,41.0,41.0,0.0,23650.0,23650.0,40.0,0.3333,0,0.0,0,0.0,0,0.0,0,0.0,1,946000.0,0.3333
MPLADS-002769,3,3471000.0,1157000.0,1157000.0,1157000.0,1157000.0,0.0,2023-06-23,2023-11-24,154,77.0,77.0,0.0,16528.57,16528.57,70.0,0.3333,0,0.0,0,0.0,0,0.0,0,0.0,1,1157000.0,0.3333
MPLADS-002770,3,10801000.0,3600333.33,3600300.0,3600300.0,3600400.0,57.74,2023-08-30,2024-06-05,280,140.0,140.0,0.0,27002.5,27003.0,133.3,0.3333,0,0.0,0,0.0,0,0.0,0,0.0,1,3600400.0,0.3333
MPLADS-002771,3,2596000.0,865333.33,865300.0,865300.0,865400.0,57.74,2023-04-01,2023-07-26,116,58.0,58.0,0.0,14422.22,14423.33,60.0,0.3334,0,0.0,0,0.0,0,0.0,0,0.0,1,865400.0,0.3334
MPLADS-002772,3,1700000.0,566666.67,566700.0,566600.0,566700.0,57.74,2023-08-06,2023-10-24,79,39.5,39.5,0.71,14166.67,14167.5,40.0,0.3334,0,0.0,0,0.0,3,1.0,0,0.0,1,566600.0,0.3333
MPLADS-002773,3,61482000.0,20494000.0,20494000.0,20494000.0,20494000.0,0.0,2022-12-19,2023-09-22,277,138.5,138.5,0.71,153705.0,153705.0,133.3,0.3333,0,0.0,0,0.0,0,0.0,0,0.0,1,20494000.0,0.3333
MPLADS-002774,2,895000.0,447500.0,447500.0,447500.0,447500.0,0.0,2023-05-27,2023-07-15,49,49.0,49.0,0.0,9944.44,9944.44,45.0,0.5,0,0.0,0,0.0,0,0.0,0,0.0,1,447500.0,0.5
MPLADS-002775,3,1975000.0,658333.33,658300.0,658300.0,658400.0,57.74,2023-10-22,2024-02-10,111,55.5,55.5,0.71,13166.67,13168.0,50.0,0.3334,0,0.0,0,0.0,0,0.0,0,0.0,1,658400.0,0.3334
MPLADS-002776,3,3710000.0,1236666.67,1236700.0,1236600.0,1236700.0,57.74,2023-03-10,2023-08-01,144,72.0,72.0,0.0,17666.66,17667.14,70.0,0.3333,0,0.0,1,0.3333,0,0.0,0,0.0,1,1236600.0,0.3333
MPLADS-002777,2,749000.0,374500.0,374500.0,374500.0,374500.0,0.0,2022-06-09,2022-07-18,39,39.0,39.0,0.0,8322.22,8322.22,45.0,0.5,0,0.0,0,0.0,0,0.0,0,0.0,1,374500.0,0.5
MPLADS-002778,3,2601000.0,867000.0,867000.0,867000.0,867000.0,0.0,2023-04-17,2023-08-05,110,55.0,55.0,0.0,16256.25,16256.25,53.3,0.3333,0,0.0,0,0.0,0,0.0,0,0.0,1,867000.0,0.3333
MPLADS-002779,2,718000.0,359000.0,359000.0,359000.0,359000.0,0.0,2023-11-26,2024-01-21,56,56.0,56.0,0.0,7977.78,7977.78,45.0,0.5,0,0.0,0,0.0,0,0.0,0,0.0,1,359000.0,0.5
MPLADS-002780,3,1726000.0,575333.33,575300.0,575300.0,575400.0,57.74,2023-02-08,2023-06-07,119,59.5,59.5,0.71,11506.67,11508.0,50.0,0.3334,0,0.0,0,0.0,0,0.0,0,0.0,1,575400.0,0.3334
MPLADS-002781,2,972000.0,486000.0,486000.0,486000.0,486000.0,0.0,2023-07-30,2023-09-19,51,51.0,51.0,0.0,10800.0,10800.0,45.0,0.5,0,0.0,0,0.0,0,0.0,0,0.0,1,486000.0,0.5
MPLADS-002782,3,2683000.0,894333.33,894300.0,894300.0,894400.0,57.74,2022-09-01,2023-01-13,134,67.0,67.0,0.0,12776.19,12777.14,70.0,0.3334,0,0.0,0,0.0,0,0.0,0,0.0,1,894400.0,0.3334
MPLADS-002783,3,9852000.0,3284000.0,3284000.0,3284000.0,3284000.0,0.0,2022-08-07,2023-05-04,270,135.0,135.0,0.0,24630.0,24630.0,133.3,0.3333,0,0.0,0,0.0,0,0.0,0,0.0,1,3284000.0,0.3333
MPLADS-002784,3,7924000.0,2641333.33,2641300.0,2641300.0,2641400.0,57.74,2023-01-17,2023-10-03,259,129.5,129.5,0.71,19810.0,19810.5,133.3,0.3333,0,0.0,0,0.0,3,1.0,0,0.0,1,2641400.0,0.3333
MPLADS-002785,3,11395000.0,3798333.33,3798300.0,3798300.0,3798400.0,57.74,2024-01-07,2024-10-13,280,140.0,140.0,0.0,28487.5,28488.0,133.3,0.3333,0,0.0,0,0.0,0,0.0,0,0.0,1,3798400.0,0.3333
MPLADS-002786,3,1174000.0,391333.33,391300.0,391300.0,391400.0,57.74,2023-04-06,2023-07-11,96,48.0,48.0,0.0,7826.67,7828.0,50.0,0.3334,0,0.0,0,0.0,0,0.0,0,0.0,1,391400.0,0.3334
MPLADS-002787,3,3835000.0,1278333.33,1278300.0,1278300.0,1278400.0,57.74,2022-11-05,2022-12-31,56,28.0,28.0,0.0,42611.11,42613.33,30.0,0.3334,0,0.0,0,0.0,0,0.0,0,0.0,1,1278400.0,0.3334
MPLADS-002788,3,3780000.0,1260000.0,1260000.0,1260000.0,1260000.0,0.0,2024-01-31,2024-06-15,136,68.0,68.0,0.0,18000.0,18000.0,70.0,0.3333,0,0.0,0,0.0,0,0.0,0,0.0,1,1260000.0,0.3333
MPLADS-002789,3,16008000.0,5336000.0,5336000.0,5336000.0,5336000.0,0.0,2022-09-30,2023-07-02,275,137.5,137.5,0.71,40020.0,40020.0,133.3,0.3333,0,0.0,0,0.0,3,1.0,0,0.0,1,5336000.0,0.3333
MPLADS-002790,3,1710000.0,570000.0,570000.0,570000.0,570000.0,0.0,2022-08-24,2022-12-23,121,60.5,60.5,0.71,11400.0,11400.0,50.0,0.3333,0,0.0,0,0.0,0,0.0,0,0.0,1,570000.0,0.3333
MPLADS-002791,3,2900000.0,966666.67,966700.0,966600.0,966700.0,57.74,2023-06-02,2023-11-01,152,76.0,76.0,0.0,13809.52,13810.0,70.0,0.3333,0,0.0,0,0.0,0,0.0,0,0.0,1,966600.0,0.3333
MPLADS-002792,3,1834000.0,611333.33,611300.0,611300.0,611400.0,57.74,2022-06-27,2022-09-15,80,40.0,40.0,0.0,15283.33,15285.0,40.0,0.3334,0,0.0,0,0.0,0,0.0,0,0.0,1,611400.0,0.3334
MPLADS-002793,3,16717000.0,5572333.33,5572300.0,5572300.0,5572400.0,57.74,2023-07-06,2024-04-01,270,135.0,135.0,0.0,41792.5,41793.0,133.3,0.3333,0,0.0,0,0.0,0,0.0,0,0.0,1,5572400.0,0.3333
MPLADS-002794,2,461000.0,230500.0,230500.0,230500.0,230500.0,0.0,2022-08-04,2022-08-28,24,24.0,24.0,0.0,7683.33,7683.33,30.0,0.5,0,0.0,0,0.0,0,0.0,0,0.0,1,230500.0,0.5
MPLADS-002795,3,7446000.0,2482000.0,2482000.0,2482000.0,2482000.0,0.0,2024-03-02,2024-06-30,120,60.0,60.0,0.0,46537.5,46537.5,53.3,0.3333,0,0.0,0,0.0,0,0.0,0,0.0,1,2482000.0,0.3333
MPLADS-002796,3,1855000.0,618333.33,618300.0,618300.0,618400.0,57.74,2022-12-17,2023-04-12,116,58.0,58.0,0.0,10305.56,10306.67,60.0,0.3334,0,0.0,0,0.0,0,0.0,0,0.0,1,618400.0,0.3334
MPLADS-002797,3,3160000.0,1053333.33,1053300.0,1053300.0,1053400.0,57.74,2022-05-08,2022-09-20,135,67.5,67.5,0.71,17555.56,17556.67,60.0,0.3334,0,0.0,0,0.0,0,0.0,0,0.0,1,1053400.0,0.3334
MPLADS-002798,2,554000.0,277000.0,277000.0,277000.0,277000.0,0.0,2023-02-16,2023-04-02,45,45.0,45.0,0.0,9233.33,9233.33,30.0,0.5,0,0.0,0,0.0,0,0.0,0,0.0,1,277000.0,0.5
MPLADS-002799,3,5004000.0,1668000.0,1668000.0,1668000.0,1668000.0,0.0,2022-06-04,2022-09-08,96,48.0,48.0,0.0,33360.0,33360.0,50.0,0.3333,0,0.0,0,0.0,0,0.0,0,0.0,1,1668000.0,0.3333
MPLADS-002800,3,1543000.0,514333.33,514300.0,514300.0,514400.0,57.74,2023-06-02,2024-09-24,480,240.0,240.0,0.0,8572.22,8573.33,60.0,0.3334,0,0.0,0,0.0,0,0.0,0,0.0,1,514400.0,0.3334
MPLADS-002801,3,3113000.0,1037666.67,1037700.0,1037600.0,1037700.0,57.74,2022-12-06,2023-03-27,111,55.5,55.5,0.71,17294.44,17295.0,60.0,0.3333,0,0.0,0,0.0,0,0.0,0,0.0,1,1037600.0,0.3333
MPLADS-002802,3,2560000.0,853333.33,853300.0,853300.0,853400.0,57.74,2022-09-22,2023-02-11,142,71.0,71.0,0.0,14222.22,14223.33,60.0,0.3334,0,0.0,0,0.0,3,1.0,0,0.0,1,853400.0,0.3334
MPLADS-002803,3,2810000.0,936666.67,936700.0,936600.0,936700.0,57.74,2023-08-16,2023-10-09,54,27.0,27.0,0.0,31222.22,31223.33,30.0,0.3333,0,0.0,0,0.0,0,0.0,0,0.0,1,936600.0,0.3333
MPLADS-002804,2,613000.0,306500.0,306500.0,306500.0,306500.0,0.0,2023-03-26,2023-05-06,41,41.0,41.0,0.0,6811.11,6811.11,45.0,0.5,0,0.0,0,0.0,0,0.0,0,0.0,1,306500.0,0.5
MPLADS-002805,2,671000.0,335500.0,335500.0,335500.0,335500.0,0.0,2023-10-14,2023-12-10,57,57.0,57.0,0.0,7455.56,7455.56,45.0,0.5,0,0.0,0,0.0,0,0.0,0,0.0,1,335500.0,0.5
MPLADS-002806,3,1354000.0,451333.33,451300.0,451300.0,451400.0,57.74,2024-01-14,2024-04-23,100,50.0,50.0,0.0,9026.67,9028.0,50.0,0.3334,0,0.0,0,0.0,0,0.0,0,0.0,1,451400.0,0.3334
MPLADS-002807,3,11829000.0,3943000.0,3943000.0,3943000.0,3943000.0,0.0,2022-09-19,2023-06-28,282,141.0,141.0,0.0,29572.5,29572.5,133.3,0.3333,0,0.0,0,0.0,0,0.0,0,0.0,1,3943000.0,0.3333
MPLADS-002808,3,36783000.0,12261000.0,12261000.0,12261000.0,12261000.0,0.0,2023-07-30,2024-04-13,258,129.0,129.0,0.0,91957.5,91957.5,133.3,0.3333,0,0.0,0,0.0,0,0.0,0,0.0,1,12261000.0,0.3333
MPLADS-002809,3,7507000.0,2502333.33,2502300.0,2502300.0,2502400.0,57.74,2023-10-08,2024-01-29,113,56.5,56.5,0.71,46918.75,46920.0,53.3,0.3333,0,0.0,0,0.0,0,0.0,0,0.0,1,2502400.0,0.3333
MPLADS-002810,3,2521000.0,840333.33,840300.0,840300.0,840400.0,57.74,2022-10-28,2023-03-09,132,66.0,66.0,0.0,12004.76,12005.71,70.0,0.3334,0,0.0,0,0.0,0,0.0,0,0.0,1,840400.0,0.3334
MPLADS-002811,3,3288000.0,1096000.0,1096000.0,1096000.0,1096000.0,0.0,2023-04-07,2023-08-19,134,67.0,67.0,0.0,15657.14,15657.14,70.0,0.3333,0,0.0,0,0.0,0,0.0,0,0.0,1,1096000.0,0.3333
MPLADS-002812,3,2095000.0,698333.33,698300.0,698300.0,698400.0,57.74,2024-08-04,2025-10-05,427,213.5,213.5,0.71,13093.75,13095.0,53.3,0.3334,0,0.0,1,0.3333,0,0.0,0,0.0,1,698400.0,0.3334
MPLADS-002813,3,1901000.0,633666.67,633700.0,633600.0,633700.0,57.74,2023-01-31,2023-04-19,78,39.0,39.0,0.0,15841.67,15842.5,40.0,0.3334,0,0.0,0,0.0,0,0.0,0,0.0,1,633600.0,0.3333
MPLADS-002814,3,1793000.0,597666.67,597700.0,597600.0,597700.0,57.74,2024-02-05,2024-05-27,112,56.0,56.0,0.0,9961.11,9961.67,60.0,0.3334,0,0.0,0,0.0,0,0.0,0,0.0,1,597600.0,0.3333
MPLADS-002815,2,506000.0,253000.0,253000.0,253000.0,253000.0,0.0,2023-05-08,2023-06-17,40,40.0,40.0,0.0,8433.33,8433.33,30.0,0.5,0,0.0,0,0.0,0,0.0,0,0.0,1,253000.0,0.5
MPLADS-002816,3,3626000.0,1208666.67,1208700.0,1208600.0,1208700.0,57.74,2024-04-09,2024-09-18,162,81.0,81.0,0.0,17266.66,17267.14,70.0,0.3333,0,0.0,0,0.0,0,0.0,0,0.0,1,1208600.0,0.3333
MPLADS-002817,3,1846000.0,615333.33,615300.0,615300.0,615400.0,57.74,2023-12-07,2024-03-14,98,49.0,49.0,0.0,12306.67,12308.0,50.0,0.3334,0,0.0,0,0.0,0,0.0,0,0.0,1,615400.0,0.3334
MPLADS-002818,2,362000.0,181000.0,181000.0,181000.0,181000.0,0.0,2023-12-24,2024-02-01,39,39.0,39.0,0.0,6033.33,6033.33,30.0,0.5,0,0.0,0,0.0,0,0.0,0,0.0,1,181000.0,0.5
MPLADS-002819,3,1091000.0,363666.67,363700.0,363600.0,363700.0,57.74,2023-10-24,2024-01-24,92,46.0,46.0,0.0,7273.33,7274.0,50.0,0.3334,0,0.0,0,0.0,0,0.0,0,0.0,1,363600.0,0.3333
MPLADS-002820,2,429000.0,214500.0,214500.0,214500.0,214500.0,0.0,2022-05-25,2022-06-17,23,23.0,23.0,0.0,7150.0,7150.0,30.0,0.5,0,0.0,0,0.0,0,0.0,0,0.0,1,214500.0,0.5
MPLADS-002821,2,636000.0,318000.0,318000.0,318000.0,318000.0,0.0,2024-05-03,2024-10-30,180,180.0,180.0,0.0,7066.67,7066.67,45.0,0.5,0,0.0,0,0.0,0,0.0,0,0.0,1,318000.0,0.5
MPLADS-002822,3,1262000.0,420666.67,420700.0,420600.0,420700.0,57.74,2022-07-30,2022-11-05,98,49.0,49.0,0.0,10516.67,10517.5,40.0,0.3334,0,0.0,0,0.0,0,0.0,0,0.0,1,420600.0,0.3333
MPLADS-002823,3,2198000.0,732666.67,732700.0,732600.0,732700.0,57.74,2024-03-18,2024-08-05,140,70.0,70.0,0.0,12211.11,12211.67,60.0,0.3333,0,0.0,0,0.0,0,0.0,0,0.0,1,732600.0,0.3333
MPLADS-002824,3,1001000.0,333666.67,333700.0,333600.0,333700.0,57.74,2023-06-06,2023-08-08,63,31.5,31.5,0.71,11122.22,11123.33,30.0,0.3334,0,0.0,0,0.0,0,0.0,0,0.0,1,333600.0,0.3333
MPLADS-002825,3,1097000.0,365666.67,365700.0,365600.0,365700.0,57.74,2023-12-05,2024-03-08,94,47.0,47.0,0.0,7313.33,7314.0,50.0,0.3334,0,0.0,1,0.3333,0,0.0,0,0.0,1,365600.0,0.3333
MPLADS-002826,3,2063000.0,687666.67,687700.0,687600.0,687700.0,57.74,2023-09-21,2024-01-18,119,59.5,59.5,0.71,12893.75,12894.38,53.3,0.3333,0,0.0,0,0.0,0,0.0,0,0.0,1,687600.0,0.3333
MPLADS-002827,3,3087000.0,1029000.0,1029000.0,1029000.0,1029000.0,0.0,2022-06-10,2022-10-22,134,67.0,67.0,0.0,14700.0,14700.0,70.0,0.3333,0,0.0,0,0.0,0,0.0,0,0.0,1,1029000.0,0.3333
MPLADS-002828,2,504000.0,252000.0,252000.0,252000.0,252000.0,0.0,2023-07-18,2023-08-21,34,34.0,34.0,0.0,8400.0,8400.0,30.0,0.5,0,0.0,0,0.0,0,0.0,0,0.0,1,252000.0,0.5
MPLADS-002829,2,990000.0,495000.0,495000.0,495000.0,495000.0,0.0,2023-05-10,2023-07-18,69,69.0,69.0,0.0,6600.0,6600.0,75.0,0.5,0,0.0,0,0.0,0,0.0,0,0.0,1,495000.0,0.5
MPLADS-002830,3,3735000.0,1245000.0,1245000.0,1245000.0,1245000.0,0.0,2022-04-28,2022-07-01,64,32.0,32.0,0.0,41500.0,41500.0,30.0,0.3333,0,0.0,0,0.0,0,0.0,0,0.0,1,1245000.0,0.3333
MPLADS-002831,3,12787000.0,4262333.33,4262300.0,4262300.0,4262400.0,57.74,2023-08-12,2024-05-02,264,132.0,132.0,0.0,31967.5,31968.0,133.3,0.3333,0,0.0,0,0.0,3,1.0,0,0.0,1,4262400.0,0.3333
MPLADS-002832,3,2155000.0,718333.33,718300.0,718300.0,718400.0,57.74,2022-06-09,2022-10-17,130,65.0,65.0,0.0,10261.91,10262.86,70.0,0.3334,0,0.0,0,0.0,0,0.0,0,0.0,1,718400.0,0.3334
MPLADS-002833,3,1707000.0,569000.0,569000.0,569000.0,569000.0,0.0,2022-08-29,2022-09-30,32,16.0,16.0,0.0,28450.0,28450.0,20.0,0.3333,0,0.0,0,0.0,0,0.0,0,0.0,1,569000.0,0.3333
MPLADS-002834,3,6972000.0,2324000.0,2324000.0,2324000.0,2324000.0,0.0,2022-07-12,2022-10-06,86,43.0,43.0,0.0,58100.0,58100.0,40.0,0.3333,0,0.0,0,0.0,0,0.0,0,0.0,1,2324000.0,0.3333
MPLADS-002835,3,1028000.0,342666.67,342700.0,342600.0,342700.0,57.74,2022-07-22,2022-09-24,64,32.0,32.0,0.0,11422.22,11423.33,30.0,0.3334,0,0.0,0,0.0,0,0.0,0,0.0,1,342600.0,0.3333
MPLADS-002836,2,550000.0,275000.0,275000.0,275000.0,275000.0,0.0,2024-01-12,2024-02-12,31,31.0,31.0,0.0,9166.67,9166.67,30.0,0.5,0,0.0,0,0.0,0,0.0,0,0.0,1,275000.0,0.5
MPLADS-002837,3,1436000.0,478666.67,478700.0,478600.0,478700.0,57.74,2023-03-05,2023-06-27,114,57.0,57.0,0.0,9573.33,9574.0,50.0,0.3334,0,0.0,0,0.0,0,0.0,0,0.0,1,478600.0,0.3333
MPLADS-002838,3,2230000.0,743333.33,743300.0,743300.0,743400.0,57.74,2023-07-19,2023-11-13,117,58.5,58.5,0.71,12388.89,12390.0,60.0,0.3334,0,0.0,0,0.0,0,0.0,0,0.0,1,743400.0,0.3334
MPLADS-002839,2,644000.0,322000.0,322000.0,322000.0,322000.0,0.0,2023-02-24,2023-03-30,34,34.0,34.0,0.0,10733.33,10733.33,30.0,0.5,0,0.0,0,0.0,0,0.0,0,0.0,1,322000.0,0.5
MPLADS-002840,3,3229000.0,1076333.33,1076300.0,1076300.0,1076400.0,57.74,2023-05-03,2023-09-14,134,67.0,67.0,0.0,17938.89,17940.0,60.0,0.3334,0,0.0,0,0.0,0,0.0,0,0.0,1,1076400.0,0.3334
MPLADS-002841,2,779000.0,389500.0,389500.0,389500.0,389500.0,0.0,2023-07-25,2023-09-22,59,59.0,59.0,0.0,8655.56,8655.56,45.0,0.5,0,0.0,0,0.0,0,0.0,0,0.0,1,389500.0,0.5
MPLADS-002842,3,1323000.0,441000.0,441000.0,441000.0,441000.0,0.0,2022-06-12,2022-09-18,98,49.0,49.0,0.0,11025.0,11025.0,40.0,0.3333,0,0.0,0,0.0,0,0.0,0,0.0,1,441000.0,0.3333
MPLADS-002843,3,2638000.0,879333.33,879300.0,879300.0,879400.0,57.74,2023-04-13,2023-08-23,132,66.0,66.0,0.0,14655.56,14656.67,60.0,0.3334,0,0.0,0,0.0,0,0.0,0,0.0,1,879400.0,0.3334
MPLADS-002844,3,2123000.0,707666.67,707700.0,707600.0,707700.0,57.74,2022-08-15,2022-11-04,81,40.5,40.5,0.71,17691.67,17692.5,40.0,0.3333,0,0.0,0,0.0,0,0.0,0,0.0,1,707600.0,0.3333
MPLADS-002845,3,7987000.0,2662333.33,2662300.0,2662300.0,2662400.0,57.74,2023-05-14,2024-02-21,283,141.5,141.5,0.71,19967.5,19968.0,133.3,0.3333,0,0.0,0,0.0,0,0.0,0,0.0,1,2662400.0,0.3333
MPLADS-002846,3,2099000.0,699666.67,699700.0,699600.0,699700.0,57.74,2023-10-14,2023-12-26,73,36.5,36.5,0.71,17491.67,17492.5,40.0,0.3333,0,0.0,0,0.0,0,0.0,0,0.0,1,699600.0,0.3333
MPLADS-002847,3,1793000.0,597666.67,597700.0,597600.0,597700.0,57.74,2024-01-03,2024-04-10,98,49.0,49.0,0.0,11206.25,11206.88,53.3,0.3334,0,0.0,0,0.0,0,0.0,0,0.0,1,597600.0,0.3333
MPLADS-002848,3,2420000.0,806666.67,806700.0,806600.0,806700.0,57.74,2022-11-12,2023-03-08,116,58.0,58.0,0.0,15125.0,15125.62,53.3,0.3333,0,0.0,0,0.0,0,0.0,0,0.0,1,806600.0,0.3333
MPLADS-002849,3,1364000.0,454666.67,454700.0,454600.0,454700.0,57.74,2023-07-23,2023-11-03,103,51.5,51.5,0.71,9093.33,9094.0,50.0,0.3334,0,0.0,0,0.0,3,1.0,0,0.0,1,454600.0,0.3333
MPLADS-002850,3,1796000.0,598666.67,598700.0,598600.0,598700.0,57.74,2023-05-06,2023-09-03,120,60.0,60.0,0.0,9977.78,9978.33,60.0,0.3334,0,0.0,0,0.0,0,0.0,0,0.0,1,598600.0,0.3333
MPLADS-002851,3,2044000.0,681333.33,681300.0,681300.0,681400.0,57.74,2023-06-29,2023-09-29,92,46.0,46.0,0.0,13626.67,13628.0,50.0,0.3334,0,0.0,0,0.0,0,0.0,0,0.0,1,681400.0,0.3334
MPLADS-002852,3,2493000.0,831000.0,831000.0,831000.0,831000.0,0.0,2023-08-22,2023-09-26,35,17.5,17.5,0.71,41550.0,41550.0,20.0,0.3333,0,0.0,0,0.0,0,0.0,0,0.0,1,831000.0,0.3333
MPLADS-002853,3,1585000.0,528333.33,528300.0,528300.0,528400.0,57.74,2022-07-21,2022-11-19,121,60.5,60.5,0.71,10566.67,10568.0,50.0,0.3334,0,0.0,0,0.0,0,0.0,0,0.0,1,528400.0,0.3334
MPLADS-002854,2,492000.0,246000.0,246000.0,246000.0,246000.0,0.0,2023-06-29,2023-08-13,45,45.0,45.0,0.0,8200.0,8200.0,30.0,0.5,0,0.0,0,0.0,0,0.0,0,0.0,1,246000.0,0.5
MPLADS-002855,3,2063000.0,687666.67,687700.0,687600.0,687700.0,57.74,2022-06-02,2022-08-29,88,44.0,44.0,0.0,17191.67,17192.5,40.0,0.3333,0,0.0,0,0.0,0,0.0,0,0.0,1,687600.0,0.3333
MPLADS-002856,3,2687000.0,895666.67,895700.0,895600.0,895700.0,57.74,2022-04-22,2022-08-16,116,58.0,58.0,0.0,16793.75,16794.38,53.3,0.3333,0,0.0,0,0.0,0,0.0,0,0.0,1,895600.0,0.3333
MPLADS-002857,2,670000.0,335000.0,335000.0,335000.0,335000.0,0.0,2023-09-30,2023-11-26,57,57.0,57.0,0.0,7444.44,7444.44,45.0,0.5,0,0.0,0,0.0,0,0.0,0,0.0,1,335000.0,0.5
MPLADS-002858,3,1519000.0,506333.33,506300.0,506300.0,506400.0,57.74,2023-09-13,2023-12-22,100,50.0,50.0,0.0,10126.67,10128.0,50.0,0.3334,0,0.0,0,0.0,0,0.0,0,0.0,1,506400.0,0.3334
MPLADS-002859,3,2118000.0,706000.0,706000.0,706000.0,706000.0,0.0,2022-12-20,2023-05-17,148,74.0,74.0,0.0,10085.71,10085.71,70.0,0.3333,0,0.0,1,0.3333,0,0.0,0,0.0,1,706000.0,0.3333
MPLADS-002860,3,1756000.0,585333.33,585300.0,585300.0,585400.0,57.74,2023-08-09,2023-12-25,138,69.0,69.0,0.0,9755.56,9756.67,60.0,0.3334,0,0.0,0,0.0,0,0.0,0,0.0,1,585400.0,0.3334
MPLADS-002861,3,1406000.0,468666.67,468700.0,468600.0,468700.0,57.74,2023-07-10,2023-10-28,110,55.0,55.0,0.0,9373.33,9374.0,50.0,0.3334,0,0.0,0,0.0,0,0.0,0,0.0,1,468600.0,0.3333
MPLADS-002862,3,1161000.0,387000.0,387000.0,387000.0,387000.0,0.0,2023-12-21,2024-04-11,112,56.0,56.0,0.0,7740.0,7740.0,50.0,0.3333,0,0.0,0,0.0,0,0.0,0,0.0,1,387000.0,0.3333
MPLADS-002863,3,3088000.0,1029333.33,1029300.0,1029300.0,1029400.0,57.74,2023-07-05,2023-10-25,112,56.0,56.0,0.0,17155.56,17156.67,60.0,0.3334,0,0.0,0,0.0,0,0.0,0,0.0,1,1029400.0,0.3334
MPLADS-002864,3,1947000.0,649000.0,649000.0,649000.0,649000.0,0.0,2023-05-26,2023-10-20,147,73.5,73.5,0.71,9271.43,9271.43,70.0,0.3333,0,0.0,0,0.0,0,0.0,0,0.0,1,649000.0,0.3333
MPLADS-002865,3,11659000.0,3886333.33,3886300.0,3886300.0,3886400.0,57.74,2023-09-05,2024-05-20,258,129.0,129.0,0.0,29147.5,29148.0,133.3,0.3333,0,0.0,0,0.0,0,0.0,0,0.0,1,3886400.0,0.3333
MPLADS-002866,3,1716000.0,572000.0,572000.0,572000.0,572000.0,0.0,2022-04-13,2022-07-02,80,40.0,40.0,0.0,14300.0,14300.0,40.0,0.3333,0,0.0,0,0.0,0,0.0,0,0.0,1,572000.0,0.3333
MPLADS-002867,3,3201000.0,1067000.0,1067000.0,1067000.0,1067000.0,0.0,2023-05-11,2023-10-20,162,81.0,81.0,0.0,15242.86,15242.86,70.0,0.3333,0,0.0,0,0.0,0,0.0,0,0.0,1,1067000.0,0.3333
MPLADS-002868,2,822000.0,411000.0,411000.0,411000.0,411000.0,0.0,2023-12-21,2024-01-16,26,26.0,26.0,0.0,13700.0,13700.0,30.0,0.5,0,0.0,0,0.0,0,0.0,0,0.0,1,411000.0,0.5
MPLADS-002869,3,1526000.0,508666.67,508700.0,508600.0,508700.0,57.74,2022-05-27,2022-09-12,108,54.0,54.0,0.0,10173.33,10174.0,50.0,0.3334,0,0.0,0,0.0,0,0.0,0,0.0,1,508600.0,0.3333
MPLADS-002870,3,16374000.0,5458000.0,5458000.0,5458000.0,5458000.0,0.0,2022-10-08,2023-07-14,279,139.5,139.5,0.71,40935.0,40935.0,133.3,0.3333,0,0.0,0,0.0,3,1.0,0,0.0,1,5458000.0,0.3333
MPLADS-002871,3,1926000.0,642000.0,642000.0,642000.0,642000.0,0.0,2022-03-19,2022-07-11,114,57.0,57.0,0.0,10700.0,10700.0,60.0,0.3333,0,0.0,0,0.0,0,0.0,0,0.0,1,642000.0,0.3333
MPLADS-002872,3,13872000.0,4624000.0,4624000.0,4624000.0,4624000.0,0.0,2022-08-09,2023-01-16,160,80.0,80.0,0.0,66057.14,66057.14,70.0,0.3333,0,0.0,0,0.0,0,0.0,0,0.0,1,4624000.0,0.3333
MPLADS-002873,3,2990000.0,996666.67,996700.0,996600.0,996700.0,57.74,2022-09-12,2023-02-13,154,77.0,77.0,0.0,14238.09,14238.57,70.0,0.3333,0,0.0,0,0.0,0,0.0,0,0.0,1,996600.0,0.3333
MPLADS-002874,3,2226000.0,742000.0,742000.0,742000.0,742000.0,0.0,2022-11-20,2023-03-16,116,58.0,58.0,0.0,13912.5,13912.5,53.3,0.3333,0,0.0,0,0.0,0,0.0,0,0.0,1,742000.0,0.3333
MPLADS-002875,3,8284000.0,2761333.33,2761300.0,2761300.0,2761400.0,57.74,2022-07-07,2022-10-14,99,49.5,49.5,0.71,51775.0,51776.25,53.3,0.3333,0,0.0,0,0.0,0,0.0,0,0.0,1,2761400.0,0.3333
MPLADS-002876,3,9902000.0,3300666.67,3300700.0,3300600.0,3300700.0,57.74,2024-05-10,2025-01-31,266,133.0,133.0,0.0,24755.0,24755.25,133.3,0.3333,0,0.0,0,0.0,0,0.0,0,0.0,1,3300600.0,0.3333
MPLADS-002877,3,3246000.0,1082000.0,1082000.0,1082000.0,1082000.0,0.0,2023-12-20,2024-05-24,156,78.0,78.0,0.0,15457.14,15457.14,70.0,0.3333,0,0.0,0,0.0,0,0.0,0,0.0,1,1082000.0,0.3333
MPLADS-002878,3,1332000.0,444000.0,444000.0,444000.0,444000.0,0.0,2022-12-06,2023-03-07,91,45.5,45.5,0.71,8880.0,8880.0,50.0,0.3333,0,0.0,0,0.0,0,0.0,0,0.0,1,444000.0,0.3333
MPLADS-002879,3,12222000.0,4074000.0,4074000.0,4074000.0,4074000.0,0.0,2024-06-09,2025-03-10,274,137.0,137.0,0.0,30555.0,30555.0,133.3,0.3333,0,0.0,0,0.0,0,0.0,0,0.0,1,4074000.0,0.3333
MPLADS-002880,2,982000.0,491000.0,491000.0,491000.0,491000.0,0.0,2023-08-24,2023-10-16,53,53.0,53.0,0.0,10911.11,10911.11,45.0,0.5,0,0.0,0,0.0,0,0.0,0,0.0,1,491000.0,0.5
MPLADS-002881,2,870000.0,435000.0,435000.0,435000.0,435000.0,0.0,2023-12-02,2024-01-20,49,49.0,49.0,0.0,9666.67,9666.67,45.0,0.5,0,0.0,0,0.0,0,0.0,0,0.0,1,435000.0,0.5
MPLADS-002882,3,1135000.0,378333.33,378300.0,378300.0,378400.0,57.74,2022-07-10,2022-11-01,114,57.0,57.0,0.0,7566.67,7568.0,50.0,0.3334,0,0.0,0,0.0,0,0.0,0,0.0,1,378400.0,0.3334
MPLADS-002883,3,2758000.0,919333.33,919300.0,919300.0,919400.0,57.74,2023-04-24,2023-09-02,131,65.5,65.5,0.71,15322.22,15323.33,60.0,0.3334,0,0.0,0,0.0,0,0.0,0,0.0,1,919400.0,0.3334
MPLADS-002884,3,2547000.0,849000.0,849000.0,849000.0,849000.0,0.0,2022-05-01,2022-08-11,102,51.0,51.0,0.0,15918.75,15918.75,53.3,0.3333,0,0.0,0,0.0,0,0.0,0,0.0,1,849000.0,0.3333
MPLADS-002885,3,1742000.0,580666.67,580700.0,580600.0,580700.0,57.74,2023-07-11,2023-11-30,142,71.0,71.0,0.0,8295.24,8295.71,70.0,0.3334,0,0.0,0,0.0,0,0.0,0,0.0,1,580600.0,0.3333
MPLADS-002886,3,1765000.0,588333.33,588300.0,588300.0,588400.0,57.74,2024-02-25,2024-07-12,138,69.0,69.0,0.0,9805.56,9806.67,60.0,0.3334,0,0.0,0,0.0,0,0.0,0,0.0,1,588400.0,0.3334
MPLADS-002887,3,1570000.0,523333.33,523300.0,523300.0,523400.0,57.74,2023-04-01,2023-07-02,92,46.0,46.0,0.0,13083.33,13085.0,40.0,0.3334,0,0.0,0,0.0,0,0.0,0,0.0,1,523400.0,0.3334
MPLADS-002888,3,1958000.0,652666.67,652700.0,652600.0,652700.0,57.74,2022-08-20,2022-11-27,99,49.5,49.5,0.71,12237.5,12238.12,53.3,0.3334,0,0.0,0,0.0,0,0.0,0,0.0,1,652600.0,0.3333
MPLADS-002889,2,833000.0,416500.0,416500.0,416500.0,416500.0,0.0,2022-06-12,2022-08-10,59,59.0,59.0,0.0,9255.56,9255.56,45.0,0.5,0,0.0,0,0.0,0,0.0,0,0.0,1,416500.0,0.5
MPLADS-002890,3,2435000.0,811666.67,811700.0,811600.0,811700.0,57.74,2023-08-03,2024-01-05,155,77.5,77.5,0.71,11595.24,11595.71,70.0,0.3333,0,0.0,0,0.0,0,0.0,0,0.0,1,811600.0,0.3333
MPLADS-002891,3,3029000.0,1009666.67,1009700.0,1009600.0,1009700.0,57.74,2023-08-31,2023-11-09,70,35.0,35.0,0.0,33655.56,33656.67,30.0,0.3333,0,0.0,0,0.0,0,0.0,0,0.0,1,1009600.0,0.3333
MPLADS-002892,3,2239000.0,746333.33,746300.0,746300.0,746400.0,57.74,2022-06-09,2022-10-13,126,63.0,63.0,0.0,12438.89,12440.0,60.0,0.3334,0,0.0,0,0.0,0,0.0,0,0.0,1,746400.0,0.3334
MPLADS-002893,2,869000.0,434500.0,434500.0,434500.0,434500.0,0.0,2022-05-07,2022-07-07,61,61.0,61.0,0.0,9655.56,9655.56,45.0,0.5,0,0.0,0,0.0,0,0.0,0,0.0,1,434500.0,0.5
MPLADS-002894,2,627000.0,313500.0,313500.0,313500.0,313500.0,0.0,2024-01-26,2024-03-09,43,43.0,43.0,0.0,6966.67,6966.67,45.0,0.5,0,0.0,1,0.5,0,0.0,0,0.0,1,313500.0,0.5
MPLADS-002895,2,473000.0,236500.0,236500.0,236500.0,236500.0,0.0,2023-11-11,2023-12-10,29,29.0,29.0,0.0,7883.33,7883.33,30.0,0.5,0,0.0,0,0.0,0,0.0,0,0.0,1,236500.0,0.5
MPLADS-002896,3,1654000.0,551333.33,551300.0,551300.0,551400.0,57.74,2023-12-24,2024-03-31,98,49.0,49.0,0.0,11026.67,11028.0,50.0,0.3334,0,0.0,0,0.0,0,0.0,0,0.0,1,551400.0,0.3334
MPLADS-002897,3,2325000.0,775000.0,775000.0,775000.0,775000.0,0.0,2022-06-15,2022-09-29,106,53.0,53.0,0.0,14531.25,14531.25,53.3,0.3333,0,0.0,0,0.0,0,0.0,0,0.0,1,775000.0,0.3333
MPLADS-002898,3,14994000.0,4998000.0,4998000.0,4998000.0,4998000.0,0.0,2023-06-13,2024-03-17,278,139.0,139.0,0.0,37485.0,37485.0,133.3,0.3333,0,0.0,1,0.3333,0,0.0,0,0.0,1,4998000.0,0.3333
MPLADS-002899,2,457000.0,228500.0,228500.0,228500.0,228500.0,0.0,2023-11-24,2023-12-25,31,31.0,31.0,0.0,7616.67,7616.67,30.0,0.5,0,0.0,0,0.0,0,0.0,0,0.0,1,228500.0,0.5
MPLADS-002900,3,2155000.0,718333.33,718300.0,718300.0,718400.0,57.74,2023-03-14,2023-06-20,98,49.0,49.0,0.0,13468.75,13470.0,53.3,0.3334,0,0.0,0,0.0,0,0.0,0,0.0,1,718400.0,0.3334
MPLADS-002901,3,3914000.0,1304666.67,1304700.0,1304600.0,1304700.0,57.74,2023-04-23,2023-09-11,141,70.5,70.5,0.71,18638.09,18638.57,70.0,0.3333,0,0.0,0,0.0,0,0.0,0,0.0,1,1304600.0,0.3333
MPLADS-002902,3,2221000.0,740333.33,740300.0,740300.0,740400.0,57.74,2022-06-29,2022-10-21,114,57.0,57.0,0.0,12338.89,12340.0,60.0,0.3334,0,0.0,0,0.0,0,0.0,0,0.0,1,740400.0,0.3334
MPLADS-002903,2,598000.0,299000.0,299000.0,299000.0,299000.0,0.0,2023-08-05,2023-09-03,29,29.0,29.0,0.0,9966.67,9966.67,30.0,0.5,0,0.0,0,0.0,0,0.0,0,0.0,1,299000.0,0.5
MPLADS-002904,2,358000.0,179000.0,179000.0,179000.0,179000.0,0.0,2022-11-28,2023-01-02,35,35.0,35.0,0.0,5966.67,5966.67,30.0,0.5,0,0.0,0,0.0,0,0.0,0,0.0,1,179000.0,0.5
MPLADS-002905,3,2245000.0,748333.33,748300.0,748300.0,748400.0,57.74,2023-11-18,2024-03-07,110,55.0,55.0,0.0,14966.67,14968.0,50.0,0.3334,0,0.0,0,0.0,0,0.0,0,0.0,1,748400.0,0.3334
MPLADS-002906,2,566000.0,283000.0,283000.0,283000.0,283000.0,0.0,2023-02-25,2023-04-10,44,44.0,44.0,0.0,9433.33,9433.33,30.0,0.5,0,0.0,0,0.0,0,0.0,0,0.0,1,283000.0,0.5
MPLADS-002907,3,1935000.0,645000.0,645000.0,645000.0,645000.0,0.0,2023-12-11,2024-04-09,120,60.0,60.0,0.0,12093.75,12093.75,53.3,0.3333,0,0.0,0,0.0,0,0.0,0,0.0,1,645000.0,0.3333
MPLADS-002908,2,606000.0,303000.0,303000.0,303000.0,303000.0,0.0,2022-06-15,2022-07-26,41,41.0,41.0,0.0,6733.33,6733.33,45.0,0.5,0,0.0,0,0.0,0,0.0,0,0.0,1,303000.0,0.5
MPLADS-002909,3,1882000.0,627333.33,627300.0,627300.0,627400.0,57.74,2022-05-08,2022-09-09,124,62.0,62.0,0.0,10455.56,10456.67,60.0,0.3334,0,0.0,0,0.0,0,0.0,0,0.0,1,627400.0,0.3334
MPLADS-002910,3,1771000.0,590333.33,590300.0,590300.0,590400.0,57.74,2022-08-03,2022-11-23,112,56.0,56.0,0.0,11806.67,11808.0,50.0,0.3334,0,0.0,0,0.0,0,0.0,0,0.0,1,590400.0,0.3334
MPLADS-002911,3,1464000.0,488000.0,488000.0,488000.0,488000.0,0.0,2023-07-03,2023-10-05,94,47.0,47.0,0.0,12200.0,12200.0,40.0,0.3333,0,0.0,0,0.0,0,0.0,0,0.0,1,488000.0,0.3333
MPLADS-002912,3,1378000.0,459333.33,459300.0,459300.0,459400.0,57.74,2024-01-09,2024-05-11,123,61.5,61.5,0.71,9186.67,9188.0,50.0,0.3334,0,0.0,1,0.3333,0,0.0,0,0.0,1,459400.0,0.3334
MPLADS-002913,3,2445000.0,815000.0,815000.0,815000.0,815000.0,0.0,2022-06-06,2022-10-08,124,62.0,62.0,0.0,13583.33,13583.33,60.0,0.3333,0,0.0,0,0.0,0,0.0,0,0.0,1,815000.0,0.3333
MPLADS-002914,3,1531000.0,510333.33,510300.0,510300.0,510400.0,57.74,2023-12-10,2024-03-16,97,48.5,48.5,0.71,10206.67,10208.0,50.0,0.3334,0,0.0,1,0.3333,0,0.0,0,0.0,1,510400.0,0.3334
MPLADS-002915,2,361000.0,180500.0,180500.0,180500.0,180500.0,0.0,2022-12-10,2023-01-04,25,25.0,25.0,0.0,6016.67,6016.67,30.0,0.5,0,0.0,0,0.0,0,0.0,0,0.0,1,180500.0,0.5
MPLADS-002916,3,2724000.0,908000.0,908000.0,908000.0,908000.0,0.0,2023-12-06,2024-03-15,100,50.0,50.0,0.0,17025.0,17025.0,53.3,0.3333,0,0.0,0,0.0,0,0.0,0,0.0,1,908000.0,0.3333
MPLADS-002917,3,3113000.0,1037666.67,1037700.0,1037600.0,1037700.0,57.74,2023-04-29,2023-09-12,136,68.0,68.0,0.0,17294.44,17295.0,60.0,0.3333,0,0.0,0,0.0,0,0.0,0,0.0,1,1037600.0,0.3333
MPLADS-002918,2,791000.0,395500.0,395500.0,395500.0,395500.0,0.0,2023-03-03,2023-04-22,50,50.0,50.0,0.0,8788.89,8788.89,45.0,0.5,0,0.0,0,0.0,0,0.0,0,0.0,1,395500.0,0.5
MPLADS-002919,3,2076000.0,692000.0,692000.0,692000.0,692000.0,0.0,2023-03-31,2023-07-27,118,59.0,59.0,0.0,12975.0,12975.0,53.3,0.3333,0,0.0,1,0.3333,0,0.0,0,0.0,1,692000.0,0.3333
MPLADS-002920,3,2395000.0,798333.33,798300.0,798300.0,798400.0,57.74,2022-11-15,2023-03-29,134,67.0,67.0,0.0,11404.76,11405.71,70.0,0.3334,0,0.0,0,0.0,0,0.0,0,0.0,1,798400.0,0.3334
MPLADS-002921,3,3042000.0,1014000.0,1014000.0,1014000.0,1014000.0,0.0,2022-11-16,2023-04-03,138,69.0,69.0,0.0,14485.71,14485.71,70.0,0.3333,0,0.0,0,0.0,0,0.0,0,0.0,1,1014000.0,0.3333
MPLADS-002922,2,799000.0,399500.0,399500.0,399500.0,399500.0,0.0,2023-04-03,2023-05-31,58,58.0,58.0,0.0,8877.78,8877.78,45.0,0.5,0,0.0,0,0.0,0,0.0,0,0.0,1,399500.0,0.5
MPLADS-002923,3,1502000.0,500666.67,500700.0,500600.0,500700.0,57.74,2023-04-05,2023-06-20,76,38.0,38.0,0.0,12516.67,12517.5,40.0,0.3334,0,0.0,0,0.0,0,0.0,0,0.0,1,500600.0,0.3333
MPLADS-002924,3,2026000.0,675333.33,675300.0,675300.0,675400.0,57.74,2023-09-08,2023-12-02,85,42.5,42.5,0.71,16883.33,16885.0,40.0,0.3334,0,0.0,0,0.0,0,0.0,0,0.0,1,675400.0,0.3334
MPLADS-002925,2,440000.0,220000.0,220000.0,220000.0,220000.0,0.0,2023-07-09,2023-08-03,25,25.0,25.0,0.0,7333.33,7333.33,30.0,0.5,0,0.0,0,0.0,0,0.0,0,0.0,1,220000.0,0.5
MPLADS-002926,3,1715000.0,571666.67,571700.0,571600.0,571700.0,57.74,2022-09-10,2023-01-22,134,67.0,67.0,0.0,9527.78,9528.33,60.0,0.3334,0,0.0,0,0.0,0,0.0,0,0.0,1,571600.0,0.3333
MPLADS-002927,3,1472000.0,490666.67,490700.0,490600.0,490700.0,57.74,2022-03-31,2022-07-10,101,50.5,50.5,0.71,9200.0,9200.62,53.3,0.3334,0,0.0,0,0.0,0,0.0,0,0.0,1,490600.0,0.3333
MPLADS-002928,3,2203000.0,734333.33,734300.0,734300.0,734400.0,57.74,2024-01-09,2024-05-15,127,63.5,63.5,0.71,12238.89,12240.0,60.0,0.3334,0,0.0,1,0.3333,0,0.0,0,0.0,1,734400.0,0.3334
MPLADS-002929,3,13932000.0,4644000.0,4644000.0,4644000.0,4644000.0,0.0,2024-01-17,2024-10-09,266,133.0,133.0,0.0,34830.0,34830.0,133.3,0.3333,0,0.0,0,0.0,3,1.0,0,0.0,1,4644000.0,0.3333
MPLADS-002930,3,14348000.0,4782666.67,4782700.0,4782600.0,4782700.0,57.74,2023-05-19,2024-02-25,282,141.0,141.0,0.0,35870.0,35870.25,133.3,0.3333,0,0.0,0,0.0,0,0.0,0,0.0,1,4782600.0,0.3333
MPLADS-002931,3,1627000.0,542333.33,542300.0,542300.0,542400.0,57.74,2022-11-25,2023-03-09,104,52.0,52.0,0.0,10846.67,10848.0,50.0,0.3334,0,0.0,1,0.3333,0,0.0,0,0.0,1,542400.0,0.3334
MPLADS-002932,3,2049000.0,683000.0,683000.0,683000.0,683000.0,0.0,2023-05-29,2023-08-18,81,40.5,40.5,0.71,17075.0,17075.0,40.0,0.3333,0,0.0,0,0.0,0,0.0,0,0.0,1,683000.0,0.3333
MPLADS-002933,3,2029000.0,676333.33,676300.0,676300.0,676400.0,57.74,2022-05-31,2022-09-28,120,60.0,60.0,0.0,12681.25,12682.5,53.3,0.3334,0,0.0,0,0.0,0,0.0,0,0.0,1,676400.0,0.3334
MPLADS-002934,3,2105000.0,701666.67,701700.0,701600.0,701700.0,57.74,2023-03-27,2024-05-27,427,213.5,213.5,0.71,13156.25,13156.88,53.3,0.3333,0,0.0,0,0.0,0,0.0,0,0.0,1,701600.0,0.3333
MPLADS-002935,3,2262000.0,754000.0,754000.0,754000.0,754000.0,0.0,2023-07-27,2023-12-13,139,69.5,69.5,0.71,10771.43,10771.43,70.0,0.3333,0,0.0,0,0.0,0,0.0,0,0.0,1,754000.0,0.3333
MPLADS-002936,2,972000.0,486000.0,486000.0,486000.0,486000.0,0.0,2023-07-15,2023-09-07,54,54.0,54.0,0.0,10800.0,10800.0,45.0,0.5,0,0.0,0,0.0,0,0.0,0,0.0,1,486000.0,0.5
MPLADS-002937,3,1390000.0,463333.33,463300.0,463300.0,463400.0,57.74,2023-08-15,2023-10-20,66,33.0,33.0,0.0,15444.44,15446.67,30.0,0.3334,0,0.0,0,0.0,0,0.0,0,0.0,1,463400.0,0.3334
MPLADS-002938,3,1566000.0,522000.0,522000.0,522000.0,522000.0,0.0,2023-09-19,2024-01-09,112,56.0,56.0,0.0,9787.5,9787.5,53.3,0.3333,0,0.0,0,0.0,0,0.0,0,0.0,1,522000.0,0.3333
MPLADS-002939,3,1928000.0,642666.67,642700.0,642600.0,642700.0,57.74,2022-07-01,2022-08-29,59,29.5,29.5,0.71,32133.33,32135.0,20.0,0.3334,0,0.0,0,0.0,0,0.0,0,0.0,1,642600.0,0.3333
MPLADS-002940,3,3296000.0,1098666.67,1098700.0,1098600.0,1098700.0,57.74,2023-02-01,2023-06-21,140,70.0,70.0,0.0,15695.24,15695.71,70.0,0.3333,0,0.0,0,0.0,0,0.0,0,0.0,1,1098600.0,0.3333
MPLADS-002941,3,10525000.0,3508333.33,3508300.0,3508300.0,3508400.0,57.74,2023-11-20,2024-08-26,280,140.0,140.0,0.0,26312.5,26313.0,133.3,0.3333,0,0.0,0,0.0,3,1.0,0,0.0,1,3508400.0,0.3333
MPLADS-002942,3,3197000.0,1065666.67,1065700.0,1065600.0,1065700.0,57.74,2022-12-29,2023-05-03,125,62.5,62.5,0.71,17761.11,17761.67,60.0,0.3333,0,0.0,0,0.0,0,0.0,0,0.0,1,1065600.0,0.3333
MPLADS-002943,2,838000.0,419000.0,419000.0,419000.0,419000.0,0.0,2022-04-20,2022-06-13,54,54.0,54.0,0.0,9311.11,9311.11,45.0,0.5,0,0.0,0,0.0,0,0.0,0,0.0,1,419000.0,0.5
MPLADS-002944,3,2066000.0,688666.67,688700.0,688600.0,688700.0,57.74,2023-09-19,2024-02-06,140,70.0,70.0,0.0,11477.78,11478.33,60.0,0.3333,0,0.0,0,0.0,0,0.0,0,0.0,1,688600.0,0.3333
MPLADS-002945,3,2490000.0,830000.0,830000.0,830000.0,830000.0,0.0,2022-08-24,2022-12-24,122,61.0,61.0,0.0,13833.33,13833.33,60.0,0.3333,0,0.0,0,0.0,0,0.0,0,0.0,1,830000.0,0.3333
MPLADS-002946,3,2501000.0,833666.67,833700.0,833600.0,833700.0,57.74,2023-09-19,2024-01-27,130,65.0,65.0,0.0,13894.44,13895.0,60.0,0.3333,0,0.0,0,0.0,0,0.0,0,0.0,1,833600.0,0.3333
MPLADS-002947,3,3470000.0,1156666.67,1156700.0,1156600.0,1156700.0,57.74,2023-01-13,2023-05-28,135,67.5,67.5,0.71,16523.81,16524.29,70.0,0.3333,0,0.0,0,0.0,0,0.0,0,0.0,1,1156600.0,0.3333
MPLADS-002948,3,1822000.0,607333.33,607300.0,607300.0,607400.0,57.74,2023-06-09,2023-09-17,100,50.0,50.0,0.0,12146.67,12148.0,50.0,0.3334,0,0.0,0,0.0,0,0.0,0,0.0,1,607400.0,0.3334
MPLADS-002949,3,1727000.0,575666.67,575700.0,575600.0,575700.0,57.74,2022-04-09,2022-06-20,72,36.0,36.0,0.0,14391.67,14392.5,40.0,0.3334,0,0.0,0,0.0,0,0.0,0,0.0,1,575600.0,0.3333
MPLADS-002950,2,873000.0,436500.0,436500.0,436500.0,436500.0,0.0,2022-04-20,2022-06-13,54,54.0,54.0,0.0,9700.0,9700.0,45.0,0.5,0,0.0,0,0.0,0,0.0,0,0.0,1,436500.0,0.5
MPLADS-002951,3,4289000.0,1429666.67,1429700.0,1429600.0,1429700.0,57.74,2023-05-13,2023-10-11,151,75.5,75.5,0.71,20423.81,20424.29,70.0,0.3333,0,0.0,0,0.0,0,0.0,0,0.0,1,1429600.0,0.3333
MPLADS-002952,3,10893000.0,3631000.0,3631000.0,3631000.0,3631000.0,0.0,2023-03-08,2023-12-19,286,143.0,143.0,0.0,27232.5,27232.5,133.3,0.3333,0,0.0,0,0.0,0,0.0,0,0.0,1,3631000.0,0.3333
MPLADS-002953,3,3389000.0,1129666.67,1129700.0,1129600.0,1129700.0,57.74,2023-12-21,2024-05-18,149,74.5,74.5,0.71,16138.09,16138.57,70.0,0.3333,0,0.0,0,0.0,0,0.0,0,0.0,1,1129600.0,0.3333
MPLADS-002954,2,535000.0,267500.0,267500.0,267500.0,267500.0,0.0,2023-04-21,2023-05-29,38,38.0,38.0,0.0,8916.67,8916.67,30.0,0.5,0,0.0,0,0.0,0,0.0,0,0.0,1,267500.0,0.5
MPLADS-002955,3,1489000.0,496333.33,496300.0,496300.0,496400.0,57.74,2023-07-04,2023-10-06,94,47.0,47.0,0.0,9926.67,9928.0,50.0,0.3334,0,0.0,0,0.0,0,0.0,0,0.0,1,496400.0,0.3334
MPLADS-002956,3,3225000.0,1075000.0,1075000.0,1075000.0,1075000.0,0.0,2023-07-26,2023-12-04,131,65.5,65.5,0.71,15357.14,15357.14,70.0,0.3333,0,0.0,0,0.0,0,0.0,0,0.0,1,1075000.0,0.3333
MPLADS-002957,3,6730000.0,2243333.33,2243300.0,2243300.0,2243400.0,57.74,2023-01-09,2023-04-21,102,51.0,51.0,0.0,44866.67,44868.0,50.0,0.3333,0,0.0,1,0.3333,0,0.0,0,0.0,1,2243400.0,0.3333
MPLADS-002958,3,61985000.0,20661666.67,20661700.0,20661600.0,20661700.0,57.74,2022-11-20,2023-08-28,281,140.5,140.5,0.71,154962.5,154962.75,133.3,0.3333,0,0.0,0,0.0,0,0.0,0,0.0,1,20661600.0,0.3333
MPLADS-002959,3,2514000.0,838000.0,838000.0,838000.0,838000.0,0.0,2023-12-27,2024-05-18,143,71.5,71.5,0.71,13966.67,13966.67,60.0,0.3333,0,0.0,1,0.3333,0,0.0,0,0.0,1,838000.0,0.3333
MPLADS-002960,2,946000.0,473000.0,473000.0,473000.0,473000.0,0.0,2023-06-19,2023-11-01,135,135.0,135.0,0.0,10511.11,10511.11,45.0,0.5,0,0.0,0,0.0,0,0.0,0,0.0,1,473000.0,0.5
MPLADS-002961,2,476000.0,238000.0,238000.0,238000.0,238000.0,0.0,2023-04-10,2023-05-03,23,23.0,23.0,0.0,7933.33,7933.33,30.0,0.5,0,0.0,0,0.0,2,1.0,0,0.0,1,238000.0,0.5
MPLADS-002962,3,3339000.0,1113000.0,1113000.0,1113000.0,1113000.0,0.0,2022-07-22,2022-11-13,114,57.0,57.0,0.0,20868.75,20868.75,53.3,0.3333,0,0.0,0,0.0,0,0.0,0,0.0,1,1113000.0,0.3333
MPLADS-002963,3,1752000.0,584000.0,584000.0,584000.0,584000.0,0.0,2023-10-03,2024-02-15,135,67.5,67.5,0.71,8342.86,8342.86,70.0,0.3333,0,0.0,0,0.0,0,0.0,0,0.0,1,584000.0,0.3333
MPLADS-002964,2,613000.0,306500.0,306500.0,306500.0,306500.0,0.0,2022-06-08,2022-07-19,41,41.0,41.0,0.0,10216.67,10216.67,30.0,0.5,0,0.0,0,0.0,0,0.0,0,0.0,1,306500.0,0.5
MPLADS-002965,3,2480000.0,826666.67,826700.0,826600.0,826700.0,57.74,2024-05-22,2025-07-16,420,210.0,210.0,0.0,11809.52,11810.0,70.0,0.3333,0,0.0,0,0.0,0,0.0,0,0.0,1,826600.0,0.3333
MPLADS-002966,2,281000.0,140500.0,140500.0,140500.0,140500.0,0.0,2023-02-16,2023-04-04,47,47.0,47.0,0.0,4683.33,4683.33,30.0,0.5,0,0.0,0,0.0,0,0.0,0,0.0,1,140500.0,0.5
MPLADS-002967,3,1450000.0,483333.33,483300.0,483300.0,483400.0,57.74,2022-11-03,2023-01-20,78,39.0,39.0,0.0,12083.33,12085.0,40.0,0.3334,0,0.0,0,0.0,0,0.0,0,0.0,1,483400.0,0.3334
MPLADS-002968,3,2682000.0,894000.0,894000.0,894000.0,894000.0,0.0,2023-11-16,2024-04-10,146,73.0,73.0,0.0,12771.43,12771.43,70.0,0.3333,0,0.0,0,0.0,0,0.0,0,0.0,1,894000.0,0.3333
MPLADS-002969,3,11177000.0,3725666.67,3725700.0,3725600.0,3725700.0,57.74,2023-07-14,2024-03-30,260,130.0,130.0,0.0,27942.5,27942.75,133.3,0.3333,0,0.0,1,0.3333,0,0.0,0,0.0,1,3725600.0,0.3333
MPLADS-002970,3,1023000.0,341000.0,341000.0,341000.0,341000.0,0.0,2023-01-26,2023-05-08,102,51.0,51.0,0.0,6820.0,6820.0,50.0,0.3333,0,0.0,0,0.0,0,0.0,0,0.0,1,341000.0,0.3333
MPLADS-002971,3,14266000.0,4755333.33,4755300.0,4755300.0,4755400.0,57.74,2022-11-02,2023-03-14,132,66.0,66.0,0.0,79255.56,79256.67,60.0,0.3333,0,0.0,1,0.3333,0,0.0,0,0.0,1,4755400.0,0.3333
MPLADS-002972,3,1626000.0,542000.0,542000.0,542000.0,542000.0,0.0,2023-01-30,2023-04-14,74,37.0,37.0,0.0,13550.0,13550.0,40.0,0.3333,0,0.0,1,0.3333,0,0.0,0,0.0,1,542000.0,0.3333
MPLADS-002973,3,2648000.0,882666.67,882700.0,882600.0,882700.0,57.74,2024-03-03,2024-07-04,123,61.5,61.5,0.71,14711.11,14711.67,60.0,0.3333,0,0.0,1,0.3333,0,0.0,0,0.0,1,882600.0,0.3333
MPLADS-002974,2,322000.0,161000.0,161000.0,161000.0,161000.0,0.0,2023-02-22,2023-03-22,28,28.0,28.0,0.0,5366.67,5366.67,30.0,0.5,0,0.0,0,0.0,0,0.0,0,0.0,1,161000.0,0.5
MPLADS-002975,3,1009000.0,336333.33,336300.0,336300.0,336400.0,57.74,2022-04-27,2022-07-02,66,33.0,33.0,0.0,11211.11,11213.33,30.0,0.3334,0,0.0,0,0.0,0,0.0,0,0.0,1,336400.0,0.3334
MPLADS-002976,3,1676000.0,558666.67,558700.0,558600.0,558700.0,57.74,2023-06-20,2023-09-01,73,36.5,36.5,0.71,13966.67,13967.5,40.0,0.3334,0,0.0,0,0.0,0,0.0,0,0.0,1,558600.0,0.3333
MPLADS-002977,3,59817000.0,19939000.0,19939000.0,19939000.0,19939000.0,0.0,2023-01-08,2023-09-27,262,131.0,131.0,0.0,149542.5,149542.5,133.3,0.3333,0,0.0,0,0.0,0,0.0,0,0.0,1,19939000.0,0.3333
MPLADS-002978,3,2035000.0,678333.33,678300.0,678300.0,678400.0,57.74,2024-01-22,2024-04-01,70,35.0,35.0,0.0,16958.33,16960.0,40.0,0.3334,0,0.0,0,0.0,0,0.0,0,0.0,1,678400.0,0.3334
MPLADS-002979,2,485000.0,242500.0,242500.0,242500.0,242500.0,0.0,2023-09-03,2023-10-18,45,45.0,45.0,0.0,5388.89,5388.89,45.0,0.5,0,0.0,0,0.0,0,0.0,0,0.0,1,242500.0,0.5
MPLADS-002980,3,2119000.0,706333.33,706300.0,706300.0,706400.0,57.74,2023-08-07,2023-11-27,112,56.0,56.0,0.0,11772.22,11773.33,60.0,0.3334,0,0.0,0,0.0,3,1.0,0,0.0,1,706400.0,0.3334
MPLADS-002981,3,9440000.0,3146666.67,3146700.0,3146600.0,3146700.0,57.74,2022-12-01,2023-08-21,263,131.5,131.5,0.71,23600.0,23600.25,133.3,0.3333,0,0.0,0,0.0,0,0.0,0,0.0,1,3146600.0,0.3333
MPLADS-002982,3,1763000.0,587666.67,587700.0,587600.0,587700.0,57.74,2022-07-11,2022-11-02,114,57.0,57.0,0.0,11753.33,11754.0,50.0,0.3334,0,0.0,0,0.0,0,0.0,0,0.0,1,587600.0,0.3333
MPLADS-002983,3,1539000.0,513000.0,513000.0,513000.0,513000.0,0.0,2022-06-03,2022-09-18,107,53.5,53.5,0.71,9618.75,9618.75,53.3,0.3333,0,0.0,0,0.0,3,1.0,0,0.0,1,513000.0,0.3333
MPLADS-002984,2,516000.0,258000.0,258000.0,258000.0,258000.0,0.0,2023-08-11,2023-09-26,46,46.0,46.0,0.0,8600.0,8600.0,30.0,0.5,0,0.0,0,0.0,2,1.0,0,0.0,1,258000.0,0.5
MPLADS-002985,3,2102000.0,700666.67,700700.0,700600.0,700700.0,57.74,2022-11-29,2023-02-17,80,40.0,40.0,0.0,17516.67,17517.5,40.0,0.3333,0,0.0,0,0.0,0,0.0,0,0.0,1,700600.0,0.3333
MPLADS-002986,3,2026000.0,675333.33,675300.0,675300.0,675400.0,57.74,2022-05-15,2022-10-08,146,73.0,73.0,0.0,9647.62,9648.57,70.0,0.3334,0,0.0,0,0.0,0,0.0,0,0.0,1,675400.0,0.3334
MPLADS-002987,3,2117000.0,705666.67,705700.0,705600.0,705700.0,57.74,2022-11-11,2023-03-31,140,70.0,70.0,0.0,11761.11,11761.67,60.0,0.3333,0,0.0,0,0.0,0,0.0,0,0.0,1,705600.0,0.3333
MPLADS-002988,2,337000.0,168500.0,168500.0,168500.0,168500.0,0.0,2024-01-11,2024-02-13,33,33.0,33.0,0.0,5616.67,5616.67,30.0,0.5,0,0.0,0,0.0,0,0.0,0,0.0,1,168500.0,0.5
MPLADS-002989,3,1626000.0,542000.0,542000.0,542000.0,542000.0,0.0,2023-12-18,2024-03-21,94,47.0,47.0,0.0,10840.0,10840.0,50.0,0.3333,0,0.0,0,0.0,0,0.0,0,0.0,1,542000.0,0.3333
MPLADS-002990,3,1994000.0,664666.67,664700.0,664600.0,664700.0,57.74,2023-03-27,2023-07-30,125,62.5,62.5,0.71,12462.5,12463.12,53.3,0.3334,0,0.0,0,0.0,0,0.0,0,0.0,1,664600.0,0.3333
MPLADS-002991,3,10917000.0,3639000.0,3639000.0,3639000.0,3639000.0,0.0,2022-07-11,2023-03-25,257,128.5,128.5,0.71,27292.5,27292.5,133.3,0.3333,0,0.0,0,0.0,3,1.0,0,0.0,1,3639000.0,0.3333
MPLADS-002992,2,625000.0,312500.0,312500.0,312500.0,312500.0,0.0,2023-11-13,2024-01-06,54,54.0,54.0,0.0,6944.44,6944.44,45.0,0.5,0,0.0,0,0.0,0,0.0,0,0.0,1,312500.0,0.5
MPLADS-002993,2,736000.0,368000.0,368000.0,368000.0,368000.0,0.0,2023-03-07,2023-04-23,47,47.0,47.0,0.0,8177.78,8177.78,45.0,0.5,0,0.0,0,0.0,0,0.0,0,0.0,1,368000.0,0.5
MPLADS-002994,2,570000.0,285000.0,285000.0,285000.0,285000.0,0.0,2022-08-02,2022-09-29,58,58.0,58.0,0.0,6333.33,6333.33,45.0,0.5,0,0.0,0,0.0,0,0.0,0,0.0,1,285000.0,0.5
MPLADS-002995,3,2346000.0,782000.0,782000.0,782000.0,782000.0,0.0,2022-05-04,2022-09-09,128,64.0,64.0,0.0,13033.33,13033.33,60.0,0.3333,0,0.0,0,0.0,3,1.0,0,0.0,1,782000.0,0.3333
MPLADS-002996,3,12635000.0,4211666.67,4211700.0,4211600.0,4211700.0,57.74,2023-03-20,2023-07-11,113,56.5,56.5,0.71,70194.44,70195.0,60.0,0.3333,0,0.0,0,0.0,0,0.0,0,0.0,1,4211600.0,0.3333
MPLADS-002997,3,1260000.0,420000.0,420000.0,420000.0,420000.0,0.0,2023-07-10,2023-10-24,106,53.0,53.0,0.0,8400.0,8400.0,50.0,0.3333,0,0.0,0,0.0,0,0.0,0,0.0,1,420000.0,0.3333
MPLADS-002998,3,1970000.0,656666.67,656700.0,656600.0,656700.0,57.74,2023-07-16,2023-11-24,131,65.5,65.5,0.71,10944.44,10945.0,60.0,0.3334,0,0.0,0,0.0,3,1.0,0,0.0,1,656600.0,0.3333
MPLADS-002999,3,3197000.0,1065666.67,1065700.0,1065600.0,1065700.0,57.74,2023-04-14,2023-08-16,124,62.0,62.0,0.0,17761.11,17761.67,60.0,0.3333,0,0.0,0,0.0,0,0.0,0,0.0,1,1065600.0,0.3333
MPLADS-003000,3,1614000.0,538000.0,538000.0,538000.0,538000.0,0.0,2023-04-06,2024-02-20,320,160.0,160.0,0.0,10087.5,10087.5,53.3,0.3333,0,0.0,0,0.0,0,0.0,0,0.0,1,538000.0,0.3333
MPLADS-003001,2,569000.0,284500.0,284500.0,284500.0,284500.0,0.0,2022-12-29,2023-01-30,32,32.0,32.0,0.0,9483.33,9483.33,30.0,0.5,0,0.0,0,0.0,0,0.0,0,0.0,1,284500.0,0.5
MPLADS-003002,3,1800000.0,600000.0,600000.0,600000.0,600000.0,0.0,2023-03-07,2023-06-28,113,56.5,56.5,0.71,11250.0,11250.0,53.3,0.3333,0,0.0,0,0.0,0,0.0,3,1.0,1,600000.0,0.3333
MPLADS-003003,3,16311000.0,5437000.0,5437000.0,5437000.0,5437000.0,0.0,2022-12-05,2023-09-11,280,140.0,140.0,0.0,40777.5,40777.5,133.3,0.3333,0,0.0,0,0.0,0,0.0,0,0.0,1,5437000.0,0.3333
MPLADS-003004,2,505000.0,252500.0,252500.0,252500.0,252500.0,0.0,2022-08-18,2022-09-28,41,41.0,41.0,0.0,5611.11,5611.11,45.0,0.5,0,0.0,0,0.0,0,0.0,0,0.0,1,252500.0,0.5
MPLADS-003005,3,2789000.0,929666.67,929700.0,929600.0,929700.0,57.74,2024-03-25,2024-08-20,148,74.0,74.0,0.0,13280.95,13281.43,70.0,0.3333,0,0.0,0,0.0,3,1.0,0,0.0,1,929600.0,0.3333
MPLADS-003006,3,9124000.0,3041333.33,3041300.0,3041300.0,3041400.0,57.74,2023-04-02,2023-12-16,258,129.0,129.0,0.0,22810.0,22810.5,133.3,0.3333,0,0.0,0,0.0,0,0.0,0,0.0,1,3041400.0,0.3333
MPLADS-003007,2,877000.0,438500.0,438500.0,438500.0,438500.0,0.0,2022-12-24,2023-02-15,53,53.0,53.0,0.0,9744.44,9744.44,45.0,0.5,0,0.0,0,0.0,0,0.0,0,0.0,1,438500.0,0.5
MPLADS-003008,3,2097000.0,699000.0,699000.0,699000.0,699000.0,0.0,2023-05-30,2023-10-21,144,72.0,72.0,0.0,9985.71,9985.71,70.0,0.3333,0,0.0,0,0.0,0,0.0,0,0.0,1,699000.0,0.3333
MPLADS-003009,3,1089000.0,363000.0,363000.0,363000.0,363000.0,0.0,2023-10-15,2024-01-14,91,45.5,45.5,0.71,7260.0,7260.0,50.0,0.3333,0,0.0,0,0.0,0,0.0,0,0.0,1,363000.0,0.3333
MPLADS-003010,3,1859000.0,619666.67,619700.0,619600.0,619700.0,57.74,2022-09-28,2023-01-22,116,58.0,58.0,0.0,12393.33,12394.0,50.0,0.3334,0,0.0,0,0.0,3,1.0,0,0.0,1,619600.0,0.3333
MPLADS-003011,3,2092000.0,697333.33,697300.0,697300.0,697400.0,57.74,2022-10-13,2023-01-25,104,52.0,52.0,0.0,13075.0,13076.25,53.3,0.3334,0,0.0,0,0.0,0,0.0,0,0.0,1,697400.0,0.3334
MPLADS-003012,3,1666000.0,555333.33,555300.0,555300.0,555400.0,57.74,2022-12-25,2023-04-19,115,57.5,57.5,0.71,11106.67,11108.0,50.0,0.3334,0,0.0,0,0.0,0,0.0,0,0.0,1,555400.0,0.3334
MPLADS-003013,3,1380000.0,460000.0,460000.0,460000.0,460000.0,0.0,2023-02-01,2023-05-24,112,56.0,56.0,0.0,9200.0,9200.0,50.0,0.3333,0,0.0,0,0.0,3,1.0,0,0.0,1,460000.0,0.3333
MPLADS-003014,3,2614000.0,871333.33,871300.0,871300.0,871400.0,57.74,2022-09-13,2023-01-27,136,68.0,68.0,0.0,14522.22,14523.33,60.0,0.3334,0,0.0,0,0.0,0,0.0,0,0.0,1,871400.0,0.3334
MPLADS-003015,3,1532000.0,510666.67,510700.0,510600.0,510700.0,57.74,2023-05-11,2023-08-27,108,54.0,54.0,0.0,9575.0,9575.62,53.3,0.3334,0,0.0,0,0.0,0,0.0,0,0.0,1,510600.0,0.3333
MPLADS-003016,2,983000.0,491500.0,491500.0,491500.0,491500.0,0.0,2023-12-14,2024-03-15,92,92.0,92.0,0.0,6553.33,6553.33,75.0,0.5,0,0.0,0,0.0,2,1.0,0,0.0,1,491500.0,0.5
MPLADS-003017,2,606000.0,303000.0,303000.0,303000.0,303000.0,0.0,2022-12-07,2023-01-07,31,31.0,31.0,0.0,10100.0,10100.0,30.0,0.5,0,0.0,0,0.0,0,0.0,0,0.0,1,303000.0,0.5
MPLADS-003018,2,898000.0,449000.0,449000.0,449000.0,449000.0,0.0,2022-07-17,2022-09-02,47,47.0,47.0,0.0,9977.78,9977.78,45.0,0.5,0,0.0,0,0.0,0,0.0,0,0.0,1,449000.0,0.5
MPLADS-003019,3,3471000.0,1157000.0,1157000.0,1157000.0,1157000.0,0.0,2024-03-05,2024-07-15,132,66.0,66.0,0.0,19283.33,19283.33,60.0,0.3333,0,0.0,0,0.0,0,0.0,0,0.0,1,1157000.0,0.3333
MPLADS-003020,3,7459000.0,2486333.33,2486300.0,2486300.0,2486400.0,57.74,2023-08-11,2023-12-06,117,58.5,58.5,0.71,49726.67,49728.0,50.0,0.3333,0,0.0,0,0.0,0,0.0,0,0.0,1,2486400.0,0.3333
MPLADS-003021,3,2682000.0,894000.0,894000.0,894000.0,894000.0,0.0,2023-08-16,2023-12-08,114,57.0,57.0,0.0,16762.5,16762.5,53.3,0.3333,0,0.0,0,0.0,0,0.0,0,0.0,1,894000.0,0.3333
MPLADS-003022,3,1209000.0,403000.0,403000.0,403000.0,403000.0,0.0,2024-02-08,2024-05-06,88,44.0,44.0,0.0,10075.0,10075.0,40.0,0.3333,0,0.0,0,0.0,0,0.0,0,0.0,1,403000.0,0.3333
MPLADS-003023,3,3743000.0,1247666.67,1247700.0,1247600.0,1247700.0,57.74,2023-04-23,2023-10-01,161,80.5,80.5,0.71,17823.81,17824.29,70.0,0.3333,0,0.0,0,0.0,0,0.0,0,0.0,1,1247600.0,0.3333
MPLADS-003024,3,2202000.0,734000.0,734000.0,734000.0,734000.0,0.0,2023-09-14,2023-12-28,105,52.5,52.5,0.71,13762.5,13762.5,53.3,0.3333,0,0.0,0,0.0,0,0.0,0,0.0,1,734000.0,0.3333
MPLADS-003025,3,3002000.0,1000666.67,1000700.0,1000600.0,1000700.0,57.74,2023-08-30,2024-01-14,137,68.5,68.5,0.71,14295.24,14295.71,70.0,0.3333,0,0.0,0,0.0,0,0.0,0,0.0,1,1000600.0,0.3333
MPLADS-003026,3,1998000.0,666000.0,666000.0,666000.0,666000.0,0.0,2023-08-09,2024-04-05,240,120.0,120.0,0.0,16650.0,16650.0,40.0,0.3333,0,0.0,0,0.0,0,0.0,0,0.0,1,666000.0,0.3333
MPLADS-003027,2,960000.0,480000.0,480000.0,480000.0,480000.0,0.0,2023-08-25,2023-10-10,46,46.0,46.0,0.0,10666.67,10666.67,45.0,0.5,0,0.0,0,0.0,0,0.0,0,0.0,1,480000.0,0.5
MPLADS-003028,3,1825000.0,608333.33,608300.0,608300.0,608400.0,57.74,2023-05-23,2023-08-19,88,44.0,44.0,0.0,15208.33,15210.0,40.0,0.3334,0,0.0,0,0.0,0,0.0,0,0.0,1,608400.0,0.3334
MPLADS-003029,3,2373000.0,791000.0,791000.0,791000.0,791000.0,0.0,2023-04-26,2023-08-26,122,61.0,61.0,0.0,14831.25,14831.25,53.3,0.3333,0,0.0,0,0.0,0,0.0,0,0.0,1,791000.0,0.3333
MPLADS-003030,2,591000.0,295500.0,295500.0,295500.0,295500.0,0.0,2023-11-06,2023-12-07,31,31.0,31.0,0.0,9850.0,9850.0,30.0,0.5,0,0.0,0,0.0,0,0.0,0,0.0,1,295500.0,0.5
MPLADS-003031,3,1771000.0,590333.33,590300.0,590300.0,590400.0,57.74,2022-09-01,2022-12-17,107,53.5,53.5,0.71,11806.67,11808.0,50.0,0.3334,0,0.0,0,0.0,0,0.0,0,0.0,1,590400.0,0.3334
MPLADS-003032,3,2385000.0,795000.0,795000.0,795000.0,795000.0,0.0,2023-06-13,2023-11-08,148,74.0,74.0,0.0,11357.14,11357.14,70.0,0.3333,0,0.0,0,0.0,3,1.0,0,0.0,1,795000.0,0.3333
MPLADS-003033,3,3666000.0,1222000.0,1222000.0,1222000.0,1222000.0,0.0,2022-07-20,2022-12-28,161,80.5,80.5,0.71,17457.14,17457.14,70.0,0.3333,0,0.0,0,0.0,0,0.0,0,0.0,1,1222000.0,0.3333
MPLADS-003034,3,3406000.0,1135333.33,1135300.0,1135300.0,1135400.0,57.74,2024-04-03,2024-09-13,163,81.5,81.5,0.71,16219.05,16220.0,70.0,0.3334,0,0.0,0,0.0,0,0.0,0,0.0,1,1135400.0,0.3334
MPLADS-003035,3,14709000.0,4903000.0,4903000.0,4903000.0,4903000.0,0.0,2023-05-03,2024-02-11,284,142.0,142.0,0.0,36772.5,36772.5,133.3,0.3333,0,0.0,0,0.0,0,0.0,0,0.0,1,4903000.0,0.3333
MPLADS-003036,3,3095000.0,1031666.67,1031700.0,1031600.0,1031700.0,57.74,2022-10-26,2023-02-23,120,60.0,60.0,0.0,17194.44,17195.0,60.0,0.3333,0,0.0,0,0.0,0,0.0,0,0.0,1,1031600.0,0.3333
MPLADS-003037,3,1694000.0,564666.67,564700.0,564600.0,564700.0,57.74,2023-03-27,2023-07-06,101,50.5,50.5,0.71,11293.33,11294.0,50.0,0.3334,0,0.0,0,0.0,0,0.0,0,0.0,1,564600.0,0.3333
MPLADS-003038,3,8243000.0,2747666.67,2747700.0,2747600.0,2747700.0,57.74,2022-12-04,2023-08-31,270,135.0,135.0,0.0,20607.5,20607.75,133.3,0.3333,0,0.0,0,0.0,0,0.0,0,0.0,1,2747600.0,0.3333
MPLADS-003039,3,1668000.0,556000.0,556000.0,556000.0,556000.0,0.0,2022-04-09,2022-06-29,81,40.5,40.5,0.71,13900.0,13900.0,40.0,0.3333,0,0.0,0,0.0,0,0.0,0,0.0,1,556000.0,0.3333
MPLADS-003040,3,2113000.0,704333.33,704300.0,704300.0,704400.0,57.74,2023-03-10,2023-05-27,78,39.0,39.0,0.0,17608.33,17610.0,40.0,0.3334,0,0.0,0,0.0,0,0.0,0,0.0,1,704400.0,0.3334
MPLADS-003041,3,1788000.0,596000.0,596000.0,596000.0,596000.0,0.0,2022-05-11,2022-08-25,106,53.0,53.0,0.0,11920.0,11920.0,50.0,0.3333,0,0.0,0,0.0,0,0.0,0,0.0,1,596000.0,0.3333
MPLADS-003042,3,3730000.0,1243333.33,1243300.0,1243300.0,1243400.0,57.74,2023-05-15,2023-09-24,132,66.0,66.0,0.0,17761.91,17762.86,70.0,0.3334,0,0.0,0,0.0,0,0.0,0,0.0,1,1243400.0,0.3334
MPLADS-003043,3,1634000.0,544666.67,544700.0,544600.0,544700.0,57.74,2023-02-26,2023-05-09,72,36.0,36.0,0.0,13616.67,13617.5,40.0,0.3334,0,0.0,0,0.0,0,0.0,0,0.0,1,544600.0,0.3333
MPLADS-003044,3,3063000.0,1021000.0,1021000.0,1021000.0,1021000.0,0.0,2023-03-09,2023-07-24,137,68.5,68.5,0.71,17016.67,17016.67,60.0,0.3333,0,0.0,0,0.0,0,0.0,0,0.0,1,1021000.0,0.3333
MPLADS-003045,3,2710000.0,903333.33,903300.0,903300.0,903400.0,57.74,2022-05-14,2022-09-23,132,66.0,66.0,0.0,15055.56,15056.67,60.0,0.3334,0,0.0,0,0.0,0,0.0,0,0.0,1,903400.0,0.3334
MPLADS-003046,3,12207000.0,4069000.0,4069000.0,4069000.0,4069000.0,0.0,2023-06-16,2023-09-29,105,52.5,52.5,0.71,76293.75,76293.75,53.3,0.3333,0,0.0,0,0.0,0,0.0,0,0.0,1,4069000.0,0.3333
MPLADS-003047,3,3196000.0,1065333.33,1065300.0,1065300.0,1065400.0,57.74,2023-05-22,2023-10-24,155,77.5,77.5,0.71,15219.05,15220.0,70.0,0.3334,0,0.0,0,0.0,0,0.0,0,0.0,1,1065400.0,0.3334
MPLADS-003048,3,1485000.0,495000.0,495000.0,495000.0,495000.0,0.0,2023-11-29,2024-03-30,122,61.0,61.0,0.0,9900.0,9900.0,50.0,0.3333,0,0.0,0,0.0,0,0.0,0,0.0,1,495000.0,0.3333
MPLADS-003049,3,2208000.0,736000.0,736000.0,736000.0,736000.0,0.0,2022-06-08,2022-10-05,119,59.5,59.5,0.71,12266.67,12266.67,60.0,0.3333,0,0.0,0,0.0,0,0.0,0,0.0,1,736000.0,0.3333
MPLADS-003050,3,1483000.0,494333.33,494300.0,494300.0,494400.0,57.74,2022-11-17,2023-09-13,300,150.0,150.0,0.0,9886.67,9888.0,50.0,0.3334,0,0.0,0,0.0,0,0.0,0,0.0,1,494400.0,0.3334
MPLADS-003051,3,2106000.0,702000.0,702000.0,702000.0,702000.0,0.0,2023-11-15,2024-04-25,162,81.0,81.0,0.0,10028.57,10028.57,70.0,0.3333,0,0.0,0,0.0,0,0.0,0,0.0,1,702000.0,0.3333
MPLADS-003052,3,3283000.0,1094333.33,1094300.0,1094300.0,1094400.0,57.74,2023-06-23,2023-08-19,57,28.5,28.5,0.71,36477.78,36480.0,30.0,0.3334,0,0.0,0,0.0,0,0.0,0,0.0,1,1094400.0,0.3334
MPLADS-003053,3,3578000.0,1192666.67,1192700.0,1192600.0,1192700.0,57.74,2022-07-17,2022-12-25,161,80.5,80.5,0.71,17038.09,17038.57,70.0,0.3333,0,0.0,0,0.0,0,0.0,0,0.0,1,1192600.0,0.3333
MPLADS-003054,2,469000.0,234500.0,234500.0,234500.0,234500.0,0.0,2023-04-20,2023-05-17,27,27.0,27.0,0.0,7816.67,7816.67,30.0,0.5,0,0.0,0,0.0,0,0.0,0,0.0,1,234500.0,0.5
MPLADS-003055,3,2954000.0,984666.67,984700.0,984600.0,984700.0,57.74,2022-09-04,2022-12-31,118,59.0,59.0,0.0,18462.5,18463.12,53.3,0.3333,0,0.0,0,0.0,0,0.0,0,0.0,1,984600.0,0.3333
MPLADS-003056,3,2332000.0,777333.33,777300.0,777300.0,777400.0,57.74,2022-05-26,2022-10-24,151,75.5,75.5,0.71,11104.76,11105.71,70.0,0.3334,0,0.0,0,0.0,0,0.0,0,0.0,1,777400.0,0.3334
MPLADS-003057,3,1962000.0,654000.0,654000.0,654000.0,654000.0,0.0,2023-12-28,2024-04-26,120,60.0,60.0,0.0,10900.0,10900.0,60.0,0.3333,0,0.0,0,0.0,0,0.0,0,0.0,1,654000.0,0.3333
MPLADS-003058,3,1873000.0,624333.33,624300.0,624300.0,624400.0,57.74,2023-10-06,2024-01-12,98,49.0,49.0,0.0,15608.33,15610.0,40.0,0.3334,0,0.0,0,0.0,0,0.0,0,0.0,1,624400.0,0.3334
MPLADS-003059,3,2336000.0,778666.67,778700.0,778600.0,778700.0,57.74,2023-12-23,2024-04-13,112,56.0,56.0,0.0,14600.0,14600.62,53.3,0.3333,0,0.0,0,0.0,0,0.0,0,0.0,1,778600.0,0.3333
MPLADS-003060,3,3064000.0,1021333.33,1021300.0,1021300.0,1021400.0,57.74,2023-05-21,2023-09-24,126,63.0,63.0,0.0,19150.0,19151.25,53.3,0.3334,0,0.0,0,0.0,3,1.0,0,0.0,1,1021400.0,0.3334
MPLADS-003061,2,633000.0,316500.0,316500.0,316500.0,316500.0,0.0,2022-09-12,2022-11-11,60,60.0,60.0,0.0,7033.33,7033.33,45.0,0.5,0,0.0,0,0.0,0,0.0,0,0.0,1,316500.0,0.5
MPLADS-003062,2,504000.0,252000.0,252000.0,252000.0,252000.0,0.0,2022-11-10,2023-02-08,90,90.0,90.0,0.0,8400.0,8400.0,30.0,0.5,0,0.0,0,0.0,0,0.0,0,0.0,1,252000.0,0.5
MPLADS-003063,3,14331000.0,4777000.0,4777000.0,4777000.0,4777000.0,0.0,2024-05-07,2025-01-21,259,129.5,129.5,0.71,35827.5,35827.5,133.3,0.3333,0,0.0,0,0.0,0,0.0,0,0.0,1,4777000.0,0.3333
MPLADS-003064,3,1691000.0,563666.67,563700.0,563600.0,563700.0,57.74,2024-01-03,2024-04-12,100,50.0,50.0,0.0,10568.75,10569.38,53.3,0.3334,0,0.0,0,0.0,0,0.0,0,0.0,1,563600.0,0.3333
MPLADS-003065,3,8712000.0,2904000.0,2904000.0,2904000.0,2904000.0,0.0,2022-09-27,2023-07-02,278,139.0,139.0,0.0,21780.0,21780.0,133.3,0.3333,0,0.0,0,0.0,0,0.0,0,0.0,1,2904000.0,0.3333
MPLADS-003066,2,880000.0,440000.0,440000.0,440000.0,440000.0,0.0,2023-12-26,2024-02-03,39,39.0,39.0,0.0,9777.78,9777.78,45.0,0.5,0,0.0,0,0.0,0,0.0,0,0.0,1,440000.0,0.5
MPLADS-003067,2,666000.0,333000.0,333000.0,333000.0,333000.0,0.0,2022-05-14,2022-06-16,33,33.0,33.0,0.0,11100.0,11100.0,30.0,0.5,0,0.0,0,0.0,0,0.0,0,0.0,1,333000.0,0.5
MPLADS-003068,3,1822000.0,607333.33,607300.0,607300.0,607400.0,57.74,2023-04-11,2023-07-28,108,54.0,54.0,0.0,11387.5,11388.75,53.3,0.3334,0,0.0,0,0.0,0,0.0,0,0.0,1,607400.0,0.3334
MPLADS-003069,3,1894000.0,631333.33,631300.0,631300.0,631400.0,57.74,2022-04-25,2022-08-21,118,59.0,59.0,0.0,11837.5,11838.75,53.3,0.3334,0,0.0,0,0.0,0,0.0,0,0.0,1,631400.0,0.3334
MPLADS-003070,3,1163000.0,387666.67,387700.0,387600.0,387700.0,57.74,2023-09-18,2023-12-19,92,46.0,46.0,0.0,7753.33,7754.0,50.0,0.3334,0,0.0,0,0.0,0,0.0,0,0.0,1,387600.0,0.3333
MPLADS-003071,2,797000.0,398500.0,398500.0,398500.0,398500.0,0.0,2022-07-29,2022-09-17,50,50.0,50.0,0.0,8855.56,8855.56,45.0,0.5,0,0.0,0,0.0,0,0.0,0,0.0,1,398500.0,0.5
MPLADS-003072,2,399000.0,199500.0,199500.0,199500.0,199500.0,0.0,2023-10-09,2023-11-21,43,43.0,43.0,0.0,6650.0,6650.0,30.0,0.5,0,0.0,0,0.0,2,1.0,0,0.0,1,199500.0,0.5
MPLADS-003073,2,340000.0,170000.0,170000.0,170000.0,170000.0,0.0,2022-05-29,2022-07-02,34,34.0,34.0,0.0,5666.67,5666.67,30.0,0.5,0,0.0,0,0.0,0,0.0,0,0.0,1,170000.0,0.5
MPLADS-003074,3,3644000.0,1214666.67,1214700.0,1214600.0,1214700.0,57.74,2024-02-18,2024-07-11,144,72.0,72.0,0.0,17352.38,17352.86,70.0,0.3333,0,0.0,0,0.0,3,1.0,0,0.0,1,1214600.0,0.3333
MPLADS-003075,3,1450000.0,483333.33,483300.0,483300.0,483400.0,57.74,2023-11-30,2024-03-27,118,59.0,59.0,0.0,9666.67,9668.0,50.0,0.3334,0,0.0,0,0.0,0,0.0,0,0.0,1,483400.0,0.3334
MPLADS-003076,2,966000.0,483000.0,483000.0,483000.0,483000.0,0.0,2023-02-03,2023-03-20,45,45.0,45.0,0.0,10733.33,10733.33,45.0,0.5,0,0.0,1,0.5,0,0.0,0,0.0,1,483000.0,0.5
MPLADS-003077,2,430000.0,215000.0,215000.0,215000.0,215000.0,0.0,2023-05-12,2023-06-28,47,47.0,47.0,0.0,7166.67,7166.67,30.0,0.5,0,0.0,0,0.0,0,0.0,0,0.0,1,215000.0,0.5
MPLADS-003078,3,1554000.0,518000.0,518000.0,518000.0,518000.0,0.0,2023-10-18,2024-01-24,98,49.0,49.0,0.0,10360.0,10360.0,50.0,0.3333,0,0.0,0,0.0,0,0.0,0,0.0,1,518000.0,0.3333
MPLADS-003079,3,1181000.0,393666.67,393700.0,393600.0,393700.0,57.74,2023-03-24,2023-06-04,72,36.0,36.0,0.0,9841.67,9842.5,40.0,0.3334,0,0.0,1,0.3333,0,0.0,0,0.0,1,393600.0,0.3333
MPLADS-003080,3,4566000.0,1522000.0,1522000.0,1522000.0,1522000.0,0.0,2022-08-05,2022-10-12,68,34.0,34.0,0.0,50733.33,50733.33,30.0,0.3333,0,0.0,0,0.0,0,0.0,0,0.0,1,1522000.0,0.3333
MPLADS-003081,2,586000.0,293000.0,293000.0,293000.0,293000.0,0.0,2022-06-16,2022-07-22,36,36.0,36.0,0.0,9766.67,9766.67,30.0,0.5,0,0.0,0,0.0,0,0.0,0,0.0,1,293000.0,0.5
MPLADS-003082,2,550000.0,275000.0,275000.0,275000.0,275000.0,0.0,2023-02-03,2023-04-01,57,57.0,57.0,0.0,6111.11,6111.11,45.0,0.5,0,0.0,0,0.0,0,0.0,0,0.0,1,275000.0,0.5
MPLADS-003083,3,1740000.0,580000.0,580000.0,580000.0,580000.0,0.0,2022-07-06,2022-10-27,113,56.5,56.5,0.71,10875.0,10875.0,53.3,0.3333,0,0.0,0,0.0,0,0.0,0,0.0,1,580000.0,0.3333
MPLADS-003084,3,2755000.0,918333.33,918300.0,918300.0,918400.0,57.74,2023-09-12,2024-01-12,122,61.0,61.0,0.0,15305.56,15306.67,60.0,0.3334,0,0.0,0,0.0,0,0.0,0,0.0,1,918400.0,0.3334
MPLADS-003085,2,544000.0,272000.0,272000.0,272000.0,272000.0,0.0,2023-11-06,2023-12-22,46,46.0,46.0,0.0,6044.44,6044.44,45.0,0.5,0,0.0,0,0.0,0,0.0,0,0.0,1,272000.0,0.5
MPLADS-003086,3,9331000.0,3110333.33,3110300.0,3110300.0,3110400.0,57.74,2022-12-27,2023-09-18,265,132.5,132.5,0.71,23327.5,23328.0,133.3,0.3333,0,0.0,0,0.0,0,0.0,0,0.0,1,3110400.0,0.3333
MPLADS-003087,3,11067000.0,3689000.0,3689000.0,3689000.0,3689000.0,0.0,2023-11-24,2024-09-01,282,141.0,141.0,0.0,27667.5,27667.5,133.3,0.3333,0,0.0,0,0.0,0,0.0,0,0.0,1,3689000.0,0.3333
MPLADS-003088,2,460000.0,230000.0,230000.0,230000.0,230000.0,0.0,2023-06-01,2023-06-25,24,24.0,24.0,0.0,7666.67,7666.67,30.0,0.5,0,0.0,0,0.0,0,0.0,0,0.0,1,230000.0,0.5
MPLADS-003089,3,11861000.0,3953666.67,3953700.0,3953600.0,3953700.0,57.74,2024-02-23,2024-07-06,134,67.0,67.0,0.0,56480.95,56481.43,70.0,0.3333,0,0.0,0,0.0,0,0.0,0,0.0,1,3953600.0,0.3333
MPLADS-003090,3,2664000.0,888000.0,888000.0,888000.0,888000.0,0.0,2023-05-31,2023-09-28,120,60.0,60.0,0.0,14800.0,14800.0,60.0,0.3333,0,0.0,0,0.0,0,0.0,0,0.0,1,888000.0,0.3333
MPLADS-003091,3,3126000.0,1042000.0,1042000.0,1042000.0,1042000.0,0.0,2023-03-20,2023-08-09,142,71.0,71.0,0.0,17366.67,17366.67,60.0,0.3333,0,0.0,0,0.0,0,0.0,0,0.0,1,1042000.0,0.3333
MPLADS-003092,3,44849000.0,14949666.67,14949700.0,14949600.0,14949700.0,57.74,2024-02-19,2024-11-07,262,131.0,131.0,0.0,112122.5,112122.75,133.3,0.3333,0,0.0,0,0.0,0,0.0,0,0.0,1,14949600.0,0.3333
MPLADS-003093,3,2063000.0,687666.67,687700.0,687600.0,687700.0,57.74,2022-09-04,2022-12-03,90,45.0,45.0,0.0,17191.67,17192.5,40.0,0.3333,0,0.0,0,0.0,0,0.0,0,0.0,1,687600.0,0.3333
MPLADS-003094,3,1911000.0,637000.0,637000.0,637000.0,637000.0,0.0,2023-08-26,2024-01-12,139,69.5,69.5,0.71,10616.67,10616.67,60.0,0.3333,0,0.0,0,0.0,0,0.0,0,0.0,1,637000.0,0.3333
MPLADS-003095,3,3201000.0,1067000.0,1067000.0,1067000.0,1067000.0,0.0,2022-12-13,2023-04-24,132,66.0,66.0,0.0,15242.86,15242.86,70.0,0.3333,0,0.0,0,0.0,0,0.0,0,0.0,1,1067000.0,0.3333
MPLADS-003096,3,2752000.0,917333.33,917300.0,917300.0,917400.0,57.74,2024-02-22,2024-06-15,114,57.0,57.0,0.0,15288.89,15290.0,60.0,0.3334,0,0.0,0,0.0,0,0.0,0,0.0,1,917400.0,0.3334
MPLADS-003097,2,384000.0,192000.0,192000.0,192000.0,192000.0,0.0,2023-01-22,2023-05-22,120,120.0,120.0,0.0,6400.0,6400.0,30.0,0.5,0,0.0,0,0.0,0,0.0,0,0.0,1,192000.0,0.5
MPLADS-003098,3,1464000.0,488000.0,488000.0,488000.0,488000.0,0.0,2023-12-22,2024-03-11,80,40.0,40.0,0.0,12200.0,12200.0,40.0,0.3333,0,0.0,0,0.0,0,0.0,0,0.0,1,488000.0,0.3333
MPLADS-003099,3,2550000.0,850000.0,850000.0,850000.0,850000.0,0.0,2023-08-10,2023-12-09,121,60.5,60.5,0.71,15937.5,15937.5,53.3,0.3333,0,0.0,0,0.0,0,0.0,3,1.0,1,850000.0,0.3333
MPLADS-003100,3,3571000.0,1190333.33,1190300.0,1190300.0,1190400.0,57.74,2023-06-17,2023-11-21,157,78.5,78.5,0.71,17004.76,17005.71,70.0,0.3334,0,0.0,0,0.0,0,0.0,0,0.0,1,1190400.0,0.3334
MPLADS-003101,3,1970000.0,656666.67,656700.0,656600.0,656700.0,57.74,2023-05-12,2023-09-01,112,56.0,56.0,0.0,10944.44,10945.0,60.0,0.3334,0,0.0,0,0.0,0,0.0,0,0.0,1,656600.0,0.3333
MPLADS-003102,3,1621000.0,540333.33,540300.0,540300.0,540400.0,57.74,2023-08-24,2024-10-24,427,213.5,213.5,0.71,10131.25,10132.5,53.3,0.3334,0,0.0,0,0.0,0,0.0,0,0.0,1,540400.0,0.3334
MPLADS-003103,3,5157000.0,1719000.0,1719000.0,1719000.0,1719000.0,0.0,2022-11-16,2023-03-12,116,58.0,58.0,0.0,34380.0,34380.0,50.0,0.3333,0,0.0,0,0.0,0,0.0,0,0.0,1,1719000.0,0.3333
MPLADS-003104,3,1023000.0,341000.0,341000.0,341000.0,341000.0,0.0,2023-12-19,2024-04-10,113,56.5,56.5,0.71,6820.0,6820.0,50.0,0.3333,0,0.0,0,0.0,0,0.0,0,0.0,1,341000.0,0.3333
MPLADS-003105,3,3337000.0,1112333.33,1112300.0,1112300.0,1112400.0,57.74,2024-02-08,2024-06-22,135,67.5,67.5,0.71,15890.48,15891.43,70.0,0.3334,0,0.0,0,0.0,0,0.0,0,0.0,1,1112400.0,0.3334
MPLADS-003106,2,838000.0,419000.0,419000.0,419000.0,419000.0,0.0,2023-12-04,2024-02-15,73,73.0,73.0,0.0,5586.67,5586.67,75.0,0.5,0,0.0,0,0.0,0,0.0,0,0.0,1,419000.0,0.5
MPLADS-003107,2,743000.0,371500.0,371500.0,371500.0,371500.0,0.0,2023-07-01,2023-07-26,25,25.0,25.0,0.0,12383.33,12383.33,30.0,0.5,0,0.0,0,0.0,0,0.0,0,0.0,1,371500.0,0.5
MPLADS-003108,3,1970000.0,656666.67,656700.0,656600.0,656700.0,57.74,2022-10-03,2023-01-27,116,58.0,58.0,0.0,12312.5,12313.12,53.3,0.3334,0,0.0,0,0.0,0,0.0,0,0.0,1,656600.0,0.3333
MPLADS-003109,2,857000.0,428500.0,428500.0,428500.0,428500.0,0.0,2023-10-05,2023-11-22,48,48.0,48.0,0.0,9522.22,9522.22,45.0,0.5,0,0.0,0,0.0,0,0.0,0,0.0,1,428500.0,0.5
MPLADS-003110,3,1539000.0,513000.0,513000.0,513000.0,513000.0,0.0,2022-09-17,2022-12-29,103,51.5,51.5,0.71,10260.0,10260.0,50.0,0.3333,0,0.0,0,0.0,0,0.0,0,0.0,1,513000.0,0.3333
MPLADS-003111,3,8756000.0,2918666.67,2918700.0,2918600.0,2918700.0,57.74,2022-09-26,2023-06-13,260,130.0,130.0,0.0,21890.0,21890.25,133.3,0.3333,0,0.0,0,0.0,0,0.0,0,0.0,1,2918600.0,0.3333
MPLADS-003112,3,1649000.0,549666.67,549700.0,549600.0,549700.0,57.74,2023-01-25,2023-05-26,121,60.5,60.5,0.71,10306.25,10306.88,53.3,0.3334,0,0.0,0,0.0,0,0.0,0,0.0,1,549600.0,0.3333
MPLADS-003113,3,2147000.0,715666.67,715700.0,715600.0,715700.0,57.74,2023-06-24,2023-10-08,106,53.0,53.0,0.0,13418.75,13419.38,53.3,0.3333,0,0.0,0,0.0,0,0.0,0,0.0,1,715600.0,0.3333
MPLADS-003114,3,1982000.0,660666.67,660700.0,660600.0,660700.0,57.74,2023-04-27,2023-08-21,116,58.0,58.0,0.0,12387.5,12388.12,53.3,0.3334,0,0.0,0,0.0,0,0.0,0,0.0,1,660600.0,0.3333
MPLADS-003115,3,2764000.0,921333.33,921300.0,921300.0,921400.0,57.74,2022-06-20,2022-11-07,140,70.0,70.0,0.0,13161.91,13162.86,70.0,0.3334,0,0.0,0,0.0,0,0.0,0,0.0,1,921400.0,0.3334
MPLADS-003116,2,574000.0,287000.0,287000.0,287000.0,287000.0,0.0,2022-12-06,2023-01-17,42,42.0,42.0,0.0,9566.67,9566.67,30.0,0.5,0,0.0,0,0.0,0,0.0,0,0.0,1,287000.0,0.5
MPLADS-003117,2,561000.0,280500.0,280500.0,280500.0,280500.0,0.0,2022-05-21,2022-07-05,45,45.0,45.0,0.0,9350.0,9350.0,30.0,0.5,0,0.0,0,0.0,0,0.0,0,0.0,1,280500.0,0.5
MPLADS-003118,3,8930000.0,2976666.67,2976700.0,2976600.0,2976700.0,57.74,2023-08-26,2024-06-07,286,143.0,143.0,0.0,22325.0,22325.25,133.3,0.3333,0,0.0,0,0.0,0,0.0,0,0.0,1,2976600.0,0.3333
MPLADS-003119,2,678000.0,339000.0,339000.0,339000.0,339000.0,0.0,2022-05-22,2022-06-21,30,30.0,30.0,0.0,11300.0,11300.0,30.0,0.5,0,0.0,0,0.0,0,0.0,0,0.0,1,339000.0,0.5
MPLADS-003120,3,3743000.0,1247666.67,1247700.0,1247600.0,1247700.0,57.74,2023-03-23,2023-07-25,124,62.0,62.0,0.0,23393.75,23394.38,53.3,0.3333,0,0.0,0,0.0,0,0.0,0,0.0,1,1247600.0,0.3333
MPLADS-003121,3,1735000.0,578333.33,578300.0,578300.0,578400.0,57.74,2022-03-21,2022-07-13,114,57.0,57.0,0.0,11566.67,11568.0,50.0,0.3334,0,0.0,0,0.0,0,0.0,0,0.0,1,578400.0,0.3334
MPLADS-003122,2,537000.0,268500.0,268500.0,268500.0,268500.0,0.0,2022-04-10,2022-05-30,50,50.0,50.0,0.0,5966.67,5966.67,45.0,0.5,0,0.0,0,0.0,0,0.0,0,0.0,1,268500.0,0.5
MPLADS-003123,3,9098000.0,3032666.67,3032700.0,3032600.0,3032700.0,57.74,2024-02-20,2024-05-22,92,46.0,46.0,0.0,75816.67,75817.5,40.0,0.3333,0,0.0,0,0.0,0,0.0,0,0.0,1,3032600.0,0.3333
MPLADS-003124,2,313000.0,156500.0,156500.0,156500.0,156500.0,0.0,2023-12-22,2024-01-18,27,27.0,27.0,0.0,5216.67,5216.67,30.0,0.5,0,0.0,0,0.0,0,0.0,0,0.0,1,156500.0,0.5
MPLADS-003125,3,4033000.0,1344333.33,1344300.0,1344300.0,1344400.0,57.74,2023-07-20,2023-12-19,152,76.0,76.0,0.0,19204.76,19205.71,70.0,0.3333,0,0.0,0,0.0,0,0.0,0,0.0,1,1344400.0,0.3333
MPLADS-003126,3,1601000.0,533666.67,533700.0,533600.0,533700.0,57.74,2023-05-11,2023-08-25,106,53.0,53.0,0.0,10673.33,10674.0,50.0,0.3334,0,0.0,0,0.0,0,0.0,0,0.0,1,533600.0,0.3333
MPLADS-003127,3,2607000.0,869000.0,869000.0,869000.0,869000.0,0.0,2023-09-23,2024-08-08,320,160.0,160.0,0.0,16293.75,16293.75,53.3,0.3333,0,0.0,0,0.0,0,0.0,0,0.0,1,869000.0,0.3333
MPLADS-003128,3,2362000.0,787333.33,787300.0,787300.0,787400.0,57.74,2024-02-15,2024-07-12,148,74.0,74.0,0.0,11247.62,11248.57,70.0,0.3334,0,0.0,0,0.0,0,0.0,0,0.0,1,787400.0,0.3334
MPLADS-003129,2,463000.0,231500.0,231500.0,231500.0,231500.0,0.0,2023-01-28,2023-04-28,90,90.0,90.0,0.0,7716.67,7716.67,30.0,0.5,0,0.0,0,0.0,0,0.0,0,0.0,1,231500.0,0.5
MPLADS-003130,3,14969000.0,4989666.67,4989700.0,4989600.0,4989700.0,57.74,2022-09-22,2023-06-12,263,131.5,131.5,0.71,37422.5,37422.75,133.3,0.3333,0,0.0,0,0.0,0,0.0,0,0.0,1,4989600.0,0.3333
MPLADS-003131,2,839000.0,419500.0,419500.0,419500.0,419500.0,0.0,2023-06-02,2023-07-20,48,48.0,48.0,0.0,9322.22,9322.22,45.0,0.5,0,0.0,0,0.0,0,0.0,0,0.0,1,419500.0,0.5
MPLADS-003132,3,1030000.0,343333.33,343300.0,343300.0,343400.0,57.74,2023-07-11,2023-09-19,70,35.0,35.0,0.0,11444.44,11446.67,30.0,0.3334,0,0.0,0,0.0,0,0.0,0,0.0,1,343400.0,0.3334
MPLADS-003133,3,2008000.0,669333.33,669300.0,669300.0,669400.0,57.74,2023-04-09,2023-06-22,74,37.0,37.0,0.0,16733.33,16735.0,40.0,0.3334,0,0.0,0,0.0,0,0.0,0,0.0,1,669400.0,0.3334
MPLADS-003134,2,806000.0,403000.0,403000.0,403000.0,403000.0,0.0,2023-07-08,2023-08-23,46,46.0,46.0,0.0,8955.56,8955.56,45.0,0.5,0,0.0,0,0.0,0,0.0,0,0.0,1,403000.0,0.5
MPLADS-003135,2,265000.0,132500.0,132500.0,132500.0,132500.0,0.0,2023-09-08,2023-10-13,35,35.0,35.0,0.0,4416.67,4416.67,30.0,0.5,0,0.0,0,0.0,0,0.0,0,0.0,1,132500.0,0.5
MPLADS-003136,3,5138000.0,1712666.67,1712700.0,1712600.0,1712700.0,57.74,2022-11-24,2023-03-30,126,63.0,63.0,0.0,28544.44,28545.0,60.0,0.3333,0,0.0,1,0.3333,0,0.0,0,0.0,1,1712600.0,0.3333
MPLADS-003137,3,2446000.0,815333.33,815300.0,815300.0,815400.0,57.74,2022-06-24,2022-10-30,128,64.0,64.0,0.0,15287.5,15288.75,53.3,0.3334,0,0.0,0,0.0,0,0.0,0,0.0,1,815400.0,0.3334
MPLADS-003138,3,3214000.0,1071333.33,1071300.0,1071300.0,1071400.0,57.74,2023-07-27,2023-12-11,137,68.5,68.5,0.71,17855.56,17856.67,60.0,0.3334,0,0.0,0,0.0,0,0.0,0,0.0,1,1071400.0,0.3334
MPLADS-003139,3,2618000.0,872666.67,872700.0,872600.0,872700.0,57.74,2024-01-21,2024-06-06,137,68.5,68.5,0.71,12466.66,12467.14,70.0,0.3333,0,0.0,0,0.0,0,0.0,0,0.0,1,872600.0,0.3333
MPLADS-003140,3,7690000.0,2563333.33,2563300.0,2563300.0,2563400.0,57.74,2023-09-02,2024-05-22,263,131.5,131.5,0.71,19225.0,19225.5,133.3,0.3333,0,0.0,0,0.0,0,0.0,0,0.0,1,2563400.0,0.3333
MPLADS-003141,3,1943000.0,647666.67,647700.0,647600.0,647700.0,57.74,2022-05-13,2022-08-17,96,48.0,48.0,0.0,16191.67,16192.5,40.0,0.3334,0,0.0,0,0.0,3,1.0,0,0.0,1,647600.0,0.3333
MPLADS-003142,3,13096000.0,4365333.33,4365300.0,4365300.0,4365400.0,57.74,2022-08-04,2023-01-09,158,79.0,79.0,0.0,62361.91,62362.86,70.0,0.3333,0,0.0,0,0.0,0,0.0,0,0.0,1,4365400.0,0.3333
MPLADS-003143,2,764000.0,382000.0,382000.0,382000.0,382000.0,0.0,2023-09-01,2023-11-01,61,61.0,61.0,0.0,8488.89,8488.89,45.0,0.5,0,0.0,0,0.0,0,0.0,0,0.0,1,382000.0,0.5
MPLADS-003144,2,844000.0,422000.0,422000.0,422000.0,422000.0,0.0,2023-07-27,2023-09-04,39,39.0,39.0,0.0,9377.78,9377.78,45.0,0.5,0,0.0,0,0.0,2,1.0,0,0.0,1,422000.0,0.5
MPLADS-003145,2,542000.0,271000.0,271000.0,271000.0,271000.0,0.0,2023-02-19,2023-03-30,39,39.0,39.0,0.0,9033.33,9033.33,30.0,0.5,0,0.0,0,0.0,0,0.0,0,0.0,1,271000.0,0.5
MPLADS-003146,3,11166000.0,3722000.0,3722000.0,3722000.0,3722000.0,0.0,2024-03-09,2024-12-19,285,142.5,142.5,0.71,27915.0,27915.0,133.3,0.3333,0,0.0,1,0.3333,0,0.0,0,0.0,1,3722000.0,0.3333
MPLADS-003147,3,2590000.0,863333.33,863300.0,863300.0,863400.0,57.74,2022-12-04,2023-04-25,142,71.0,71.0,0.0,14388.89,14390.0,60.0,0.3334,0,0.0,0,0.0,0,0.0,0,0.0,1,863400.0,0.3334
MPLADS-003148,3,1722000.0,574000.0,574000.0,574000.0,574000.0,0.0,2023-05-28,2023-09-02,97,48.5,48.5,0.71,10762.5,10762.5,53.3,0.3333,0,0.0,0,0.0,0,0.0,0,0.0,1,574000.0,0.3333
MPLADS-003149,3,8053000.0,2684333.33,2684300.0,2684300.0,2684400.0,57.74,2022-04-09,2022-07-09,91,45.5,45.5,0.71,67108.33,67110.0,40.0,0.3333,0,0.0,0,0.0,0,0.0,0,0.0,1,2684400.0,0.3333
MPLADS-003150,3,3340000.0,1113333.33,1113300.0,1113300.0,1113400.0,57.74,2022-12-13,2023-04-25,133,66.5,66.5,0.71,18555.56,18556.67,60.0,0.3334,0,0.0,0,0.0,0,0.0,0,0.0,1,1113400.0,0.3334
MPLADS-003151,3,1576000.0,525333.33,525300.0,525300.0,525400.0,57.74,2023-11-15,2024-01-24,70,35.0,35.0,0.0,13133.33,13135.0,40.0,0.3334,0,0.0,0,0.0,0,0.0,0,0.0,1,525400.0,0.3334
MPLADS-003152,3,1051000.0,350333.33,350300.0,350300.0,350400.0,57.74,2023-01-10,2023-04-19,99,49.5,49.5,0.71,7006.67,7008.0,50.0,0.3334,0,0.0,0,0.0,0,0.0,0,0.0,1,350400.0,0.3334
MPLADS-003153,3,2101000.0,700333.33,700300.0,700300.0,700400.0,57.74,2024-03-02,2024-06-13,103,51.5,51.5,0.71,17508.33,17510.0,40.0,0.3334,0,0.0,0,0.0,0,0.0,0,0.0,1,700400.0,0.3334
MPLADS-003154,3,2616000.0,872000.0,872000.0,872000.0,872000.0,0.0,2022-04-04,2022-08-14,132,66.0,66.0,0.0,14533.33,14533.33,60.0,0.3333,0,0.0,0,0.0,0,0.0,0,0.0,1,872000.0,0.3333
MPLADS-003155,3,8329000.0,2776333.33,2776300.0,2776300.0,2776400.0,57.74,2024-03-05,2024-12-19,289,144.5,144.5,0.71,20822.5,20823.0,133.3,0.3333,0,0.0,0,0.0,0,0.0,0,0.0,1,2776400.0,0.3333
MPLADS-003156,3,1038000.0,346000.0,346000.0,346000.0,346000.0,0.0,2023-08-06,2023-11-30,116,58.0,58.0,0.0,6920.0,6920.0,50.0,0.3333,0,0.0,0,0.0,0,0.0,0,0.0,1,346000.0,0.3333
MPLADS-003157,3,3250000.0,1083333.33,1083300.0,1083300.0,1083400.0,57.74,2023-09-02,2023-12-27,116,58.0,58.0,0.0,21666.67,21668.0,50.0,0.3334,0,0.0,0,0.0,0,0.0,0,0.0,1,1083400.0,0.3334
MPLADS-003158,3,1359000.0,453000.0,453000.0,453000.0,453000.0,0.0,2022-06-10,2022-09-26,108,54.0,54.0,0.0,9060.0,9060.0,50.0,0.3333,0,0.0,0,0.0,0,0.0,0,0.0,1,453000.0,0.3333
MPLADS-003159,2,829000.0,414500.0,414500.0,414500.0,414500.0,0.0,2023-04-04,2023-05-28,54,54.0,54.0,0.0,9211.11,9211.11,45.0,0.5,0,0.0,0,0.0,0,0.0,0,0.0,1,414500.0,0.5
MPLADS-003160,3,1653000.0,551000.0,551000.0,551000.0,551000.0,0.0,2023-08-16,2023-12-04,110,55.0,55.0,0.0,11020.0,11020.0,50.0,0.3333,0,0.0,0,0.0,0,0.0,0,0.0,1,551000.0,0.3333
MPLADS-003161,2,570000.0,285000.0,285000.0,285000.0,285000.0,0.0,2023-03-07,2023-04-03,27,27.0,27.0,0.0,9500.0,9500.0,30.0,0.5,0,0.0,0,0.0,0,0.0,0,0.0,1,285000.0,0.5
MPLADS-003162,3,3144000.0,1048000.0,1048000.0,1048000.0,1048000.0,0.0,2022-05-22,2022-09-13,114,57.0,57.0,0.0,17466.67,17466.67,60.0,0.3333,0,0.0,0,0.0,3,1.0,0,0.0,1,1048000.0,0.3333
MPLADS-003163,2,418000.0,209000.0,209000.0,209000.0,209000.0,0.0,2022-12-07,2023-01-23,47,47.0,47.0,0.0,6966.67,6966.67,30.0,0.5,0,0.0,0,0.0,0,0.0,0,0.0,1,209000.0,0.5
MPLADS-003164,2,539000.0,269500.0,269500.0,269500.0,269500.0,0.0,2023-04-21,2023-05-22,31,31.0,31.0,0.0,8983.33,8983.33,30.0,0.5,0,0.0,0,0.0,0,0.0,0,0.0,1,269500.0,0.5
MPLADS-003165,3,3302000.0,1100666.67,1100700.0,1100600.0,1100700.0,57.74,2024-02-24,2024-07-11,138,69.0,69.0,0.0,18344.44,18345.0,60.0,0.3333,0,0.0,0,0.0,0,0.0,0,0.0,1,1100600.0,0.3333
MPLADS-003166,3,2282000.0,760666.67,760700.0,760600.0,760700.0,57.74,2023-07-28,2023-12-07,132,66.0,66.0,0.0,12677.78,12678.33,60.0,0.3333,0,0.0,0,0.0,0,0.0,0,0.0,1,760600.0,0.3333
MPLADS-003167,2,311000.0,155500.0,155500.0,155500.0,155500.0,0.0,2023-06-14,2023-07-12,28,28.0,28.0,0.0,5183.33,5183.33,30.0,0.5,0,0.0,0,0.0,0,0.0,0,0.0,1,155500.0,0.5
MPLADS-003168,3,2617000.0,872333.33,872300.0,872300.0,872400.0,57.74,2023-08-03,2024-01-04,154,77.0,77.0,0.0,12461.91,12462.86,70.0,0.3334,0,0.0,0,0.0,0,0.0,0,0.0,1,872400.0,0.3334
MPLADS-003169,2,325000.0,162500.0,162500.0,162500.0,162500.0,0.0,2023-10-07,2023-11-04,28,28.0,28.0,0.0,5416.67,5416.67,30.0,0.5,0,0.0,0,0.0,0,0.0,0,0.0,1,162500.0,0.5
MPLADS-003170,3,1296000.0,432000.0,432000.0,432000.0,432000.0,0.0,2022-10-23,2023-01-05,74,37.0,37.0,0.0,10800.0,10800.0,40.0,0.3333,0,0.0,0,0.0,0,0.0,0,0.0,1,432000.0,0.3333
MPLADS-003171,3,1304000.0,434666.67,434700.0,434600.0,434700.0,57.74,2022-05-26,2022-09-05,102,51.0,51.0,0.0,10866.67,10867.5,40.0,0.3334,0,0.0,0,0.0,0,0.0,0,0.0,1,434600.0,0.3333
MPLADS-003172,3,2600000.0,866666.67,866700.0,866600.0,866700.0,57.74,2022-06-30,2022-11-03,126,63.0,63.0,0.0,16250.0,16250.62,53.3,0.3333,0,0.0,0,0.0,0,0.0,0,0.0,1,866600.0,0.3333
MPLADS-003173,2,544000.0,272000.0,272000.0,272000.0,272000.0,0.0,2022-06-15,2022-08-09,55,55.0,55.0,0.0,6044.44,6044.44,45.0,0.5,0,0.0,0,0.0,0,0.0,0,0.0,1,272000.0,0.5
MPLADS-003174,2,609000.0,304500.0,304500.0,304500.0,304500.0,0.0,2023-08-11,2023-09-18,38,38.0,38.0,0.0,10150.0,10150.0,30.0,0.5,0,0.0,0,0.0,0,0.0,0,0.0,1,304500.0,0.5
MPLADS-003175,3,1984000.0,661333.33,661300.0,661300.0,661400.0,57.74,2022-12-03,2023-04-03,121,60.5,60.5,0.71,11022.22,11023.33,60.0,0.3334,0,0.0,0,0.0,0,0.0,0,0.0,1,661400.0,0.3334
MPLADS-003176,3,1997000.0,665666.67,665700.0,665600.0,665700.0,57.74,2023-04-29,2023-08-23,116,58.0,58.0,0.0,12481.25,12481.88,53.3,0.3334,0,0.0,0,0.0,0,0.0,0,0.0,1,665600.0,0.3333
MPLADS-003177,3,1353000.0,451000.0,451000.0,451000.0,451000.0,0.0,2023-03-27,2023-07-15,110,55.0,55.0,0.0,8456.25,8456.25,53.3,0.3333,0,0.0,1,0.3333,0,0.0,0,0.0,1,451000.0,0.3333
MPLADS-003178,2,835000.0,417500.0,417500.0,417500.0,417500.0,0.0,2022-08-19,2022-10-10,52,52.0,52.0,0.0,9277.78,9277.78,45.0,0.5,0,0.0,0,0.0,0,0.0,0,0.0,1,417500.0,0.5
MPLADS-003179,3,1832000.0,610666.67,610700.0,610600.0,610700.0,57.74,2023-07-19,2023-11-06,110,55.0,55.0,0.0,11450.0,11450.62,53.3,0.3334,0,0.0,0,0.0,0,0.0,0,0.0,1,610600.0,0.3333
MPLADS-003180,3,2986000.0,995333.33,995300.0,995300.0,995400.0,57.74,2024-01-30,2024-05-17,108,54.0,54.0,0.0,18662.5,18663.75,53.3,0.3334,0,0.0,1,0.3333,0,0.0,0,0.0,1,995400.0,0.3334
MPLADS-003181,2,448000.0,224000.0,224000.0,224000.0,224000.0,0.0,2023-12-28,2024-01-24,27,27.0,27.0,0.0,7466.67,7466.67,30.0,0.5,0,0.0,0,0.0,0,0.0,0,0.0,1,224000.0,0.5
MPLADS-003182,3,1842000.0,614000.0,614000.0,614000.0,614000.0,0.0,2023-08-02,2023-10-29,88,44.0,44.0,0.0,15350.0,15350.0,40.0,0.3333,0,0.0,0,0.0,0,0.0,0,0.0,1,614000.0,0.3333
MPLADS-003183,3,1562000.0,520666.67,520700.0,520600.0,520700.0,57.74,2023-11-09,2024-02-24,107,53.5,53.5,0.71,10413.33,10414.0,50.0,0.3334,0,0.0,0,0.0,0,0.0,0,0.0,1,520600.0,0.3333
MPLADS-003184,3,2840000.0,946666.67,946700.0,946600.0,946700.0,57.74,2023-03-16,2023-07-30,136,68.0,68.0,0.0,13523.81,13524.29,70.0,0.3333,0,0.0,0,0.0,0,0.0,0,0.0,1,946600.0,0.3333
MPLADS-003185,2,688000.0,344000.0,344000.0,344000.0,344000.0,0.0,2023-01-25,2023-03-11,45,45.0,45.0,0.0,7644.44,7644.44,45.0,0.5,0,0.0,0,0.0,0,0.0,0,0.0,1,344000.0,0.5
MPLADS-003186,3,13659000.0,4553000.0,4553000.0,4553000.0,4553000.0,0.0,2024-06-07,2025-03-04,270,135.0,135.0,0.0,34147.5,34147.5,133.3,0.3333,0,0.0,0,0.0,0,0.0,0,0.0,1,4553000.0,0.3333
MPLADS-003187,3,2855000.0,951666.67,951700.0,951600.0,951700.0,57.74,2023-05-14,2023-08-07,85,42.5,42.5,0.71,23791.67,23792.5,40.0,0.3333,0,0.0,0,0.0,0,0.0,0,0.0,1,951600.0,0.3333
MPLADS-003188,3,2472000.0,824000.0,824000.0,824000.0,824000.0,0.0,2022-11-14,2023-03-21,127,63.5,63.5,0.71,15450.0,15450.0,53.3,0.3333,0,0.0,0,0.0,0,0.0,0,0.0,1,824000.0,0.3333
MPLADS-003189,3,2817000.0,939000.0,939000.0,939000.0,939000.0,0.0,2023-02-24,2023-07-02,128,64.0,64.0,0.0,15650.0,15650.0,60.0,0.3333,0,0.0,0,0.0,0,0.0,0,0.0,1,939000.0,0.3333
MPLADS-003190,3,1858000.0,619333.33,619300.0,619300.0,619400.0,57.74,2024-01-01,2024-05-01,121,60.5,60.5,0.71,11612.5,11613.75,53.3,0.3334,0,0.0,0,0.0,0,0.0,0,0.0,1,619400.0,0.3334
MPLADS-003191,3,10088000.0,3362666.67,3362700.0,3362600.0,3362700.0,57.74,2022-07-10,2023-03-27,260,130.0,130.0,0.0,25220.0,25220.25,133.3,0.3333,0,0.0,0,0.0,0,0.0,0,0.0,1,3362600.0,0.3333
MPLADS-003192,3,3429000.0,1143000.0,1143000.0,1143000.0,1143000.0,0.0,2022-11-15,2023-02-27,104,52.0,52.0,0.0,21431.25,21431.25,53.3,0.3333,0,0.0,0,0.0,0,0.0,0,0.0,1,1143000.0,0.3333
MPLADS-003193,3,1419000.0,473000.0,473000.0,473000.0,473000.0,0.0,2022-12-09,2023-03-09,90,45.0,45.0,0.0,9460.0,9460.0,50.0,0.3333,0,0.0,1,0.3333,0,0.0,0,0.0,1,473000.0,0.3333
MPLADS-003194,2,596000.0,298000.0,298000.0,298000.0,298000.0,0.0,2023-02-26,2023-04-27,60,60.0,60.0,0.0,6622.22,6622.22,45.0,0.5,0,0.0,0,0.0,0,0.0,0,0.0,1,298000.0,0.5
MPLADS-003195,3,1265000.0,421666.67,421700.0,421600.0,421700.0,57.74,2023-12-17,2024-04-01,106,53.0,53.0,0.0,8433.33,8434.0,50.0,0.3334,0,0.0,0,0.0,0,0.0,0,0.0,1,421600.0,0.3333
MPLADS-003196,3,15583000.0,5194333.33,5194300.0,5194300.0,5194400.0,57.74,2023-01-27,2023-06-14,138,69.0,69.0,0.0,74204.76,74205.71,70.0,0.3333,0,0.0,0,0.0,0,0.0,0,0.0,1,5194400.0,0.3333
MPLADS-003197,2,867000.0,433500.0,433500.0,433500.0,433500.0,0.0,2023-04-11,2023-05-22,41,41.0,41.0,0.0,9633.33,9633.33,45.0,0.5,0,0.0,0,0.0,2,1.0,0,0.0,1,433500.0,0.5
MPLADS-003198,2,581000.0,290500.0,290500.0,290500.0,290500.0,0.0,2022-10-04,2022-12-01,58,58.0,58.0,0.0,6455.56,6455.56,45.0,0.5,0,0.0,0,0.0,0,0.0,0,0.0,1,290500.0,0.5
MPLADS-003199,3,1853000.0,617666.67,617700.0,617600.0,617700.0,57.74,2022-04-18,2022-07-20,93,46.5,46.5,0.71,12353.33,12354.0,50.0,0.3334,0,0.0,0,0.0,0,0.0,0,0.0,1,617600.0,0.3333
MPLADS-003200,2,774000.0,387000.0,387000.0,387000.0,387000.0,0.0,2023-06-02,2023-07-27,55,55.0,55.0,0.0,8600.0,8600.0,45.0,0.5,0,0.0,0,0.0,0,0.0,0,0.0,1,387000.0,0.5
MPLADS-003201,3,3116000.0,1038666.67,1038700.0,1038600.0,1038700.0,57.74,2023-02-25,2023-07-31,156,78.0,78.0,0.0,14838.09,14838.57,70.0,0.3333,0,0.0,0,0.0,3,1.0,0,0.0,1,1038600.0,0.3333
MPLADS-003202,3,2539000.0,846333.33,846300.0,846300.0,846400.0,57.74,2023-09-09,2024-01-07,120,60.0,60.0,0.0,15868.75,15870.0,53.3,0.3334,0,0.0,0,0.0,0,0.0,0,0.0,1,846400.0,0.3334
MPLADS-003203,2,544000.0,272000.0,272000.0,272000.0,272000.0,0.0,2023-04-08,2023-05-03,25,25.0,25.0,0.0,9066.67,9066.67,30.0,0.5,0,0.0,0,0.0,0,0.0,0,0.0,1,272000.0,0.5
MPLADS-003204,2,310000.0,155000.0,155000.0,155000.0,155000.0,0.0,2022-10-05,2022-11-21,47,47.0,47.0,0.0,5166.67,5166.67,30.0,0.5,0,0.0,0,0.0,0,0.0,0,0.0,1,155000.0,0.5
MPLADS-003205,2,505000.0,252500.0,252500.0,252500.0,252500.0,0.0,2022-03-29,2022-05-08,40,40.0,40.0,0.0,8416.67,8416.67,30.0,0.5,0,0.0,0,0.0,0,0.0,0,0.0,1,252500.0,0.5
MPLADS-003206,3,2133000.0,711000.0,711000.0,711000.0,711000.0,0.0,2022-12-05,2023-03-13,98,49.0,49.0,0.0,17775.0,17775.0,40.0,0.3333,0,0.0,1,0.3333,0,0.0,0,0.0,1,711000.0,0.3333
MPLADS-003207,3,8496000.0,2832000.0,2832000.0,2832000.0,2832000.0,0.0,2023-07-29,2023-11-09,103,51.5,51.5,0.71,53100.0,53100.0,53.3,0.3333,0,0.0,0,0.0,0,0.0,0,0.0,1,2832000.0,0.3333
MPLADS-003208,2,724000.0,362000.0,362000.0,362000.0,362000.0,0.0,2022-04-17,2022-05-31,44,44.0,44.0,0.0,8044.44,8044.44,45.0,0.5,0,0.0,0,0.0,0,0.0,0,0.0,1,362000.0,0.5
MPLADS-003209,3,1802000.0,600666.67,600700.0,600600.0,600700.0,57.74,2024-02-02,2024-05-05,93,46.5,46.5,0.71,12013.33,12014.0,50.0,0.3334,0,0.0,1,0.3333,0,0.0,0,0.0,1,600600.0,0.3333
MPLADS-003210,2,402000.0,201000.0,201000.0,201000.0,201000.0,0.0,2023-11-15,2023-12-14,29,29.0,29.0,0.0,6700.0,6700.0,30.0,0.5,0,0.0,0,0.0,2,1.0,0,0.0,1,201000.0,0.5
MPLADS-003211,2,590000.0,295000.0,295000.0,295000.0,295000.0,0.0,2023-09-25,2023-11-05,41,41.0,41.0,0.0,9833.33,9833.33,30.0,0.5,0,0.0,0,0.0,0,0.0,0,0.0,1,295000.0,0.5
MPLADS-003212,3,1134000.0,378000.0,378000.0,378000.0,378000.0,0.0,2023-03-24,2023-07-24,122,61.0,61.0,0.0,7560.0,7560.0,50.0,0.3333,0,0.0,0,0.0,0,0.0,0,0.0,1,378000.0,0.3333
MPLADS-003213,3,2358000.0,786000.0,786000.0,786000.0,786000.0,0.0,2023-10-21,2024-02-29,131,65.5,65.5,0.71,13100.0,13100.0,60.0,0.3333,0,0.0,0,0.0,0,0.0,0,0.0,1,786000.0,0.3333
MPLADS-003214,3,2128000.0,709333.33,709300.0,709300.0,709400.0,57.74,2024-05-23,2025-12-04,560,280.0,280.0,0.0,10133.34,10134.29,70.0,0.3334,0,0.0,0,0.0,0,0.0,0,0.0,1,709400.0,0.3334
MPLADS-003215,3,3235000.0,1078333.33,1078300.0,1078300.0,1078400.0,57.74,2022-08-16,2022-12-26,132,66.0,66.0,0.0,15404.76,15405.71,70.0,0.3334,0,0.0,0,0.0,0,0.0,0,0.0,1,1078400.0,0.3334
MPLADS-003216,3,8945000.0,2981666.67,2981700.0,2981600.0,2981700.0,57.74,2023-05-12,2024-02-08,272,136.0,136.0,0.0,22362.5,22362.75,133.3,0.3333,0,0.0,0,0.0,0,0.0,0,0.0,1,2981600.0,0.3333
MPLADS-003217,3,1961000.0,653666.67,653700.0,653600.0,653700.0,57.74,2022-08-13,2022-11-09,88,44.0,44.0,0.0,16341.67,16342.5,40.0,0.3334,0,0.0,0,0.0,0,0.0,0,0.0,1,653600.0,0.3333
MPLADS-003218,3,2180000.0,726666.67,726700.0,726600.0,726700.0,57.74,2022-10-06,2022-11-11,36,18.0,18.0,0.0,36333.33,36335.0,20.0,0.3333,0,0.0,0,0.0,0,0.0,0,0.0,1,726600.0,0.3333
MPLADS-003219,3,2827000.0,942333.33,942300.0,942300.0,942400.0,57.74,2023-05-06,2023-09-27,144,72.0,72.0,0.0,13461.91,13462.86,70.0,0.3334,0,0.0,0,0.0,0,0.0,0,0.0,1,942400.0,0.3334
MPLADS-003220,3,1845000.0,615000.0,615000.0,615000.0,615000.0,0.0,2023-07-24,2023-11-13,112,56.0,56.0,0.0,10250.0,10250.0,60.0,0.3333,0,0.0,0,0.0,0,0.0,0,0.0,1,615000.0,0.3333
MPLADS-003221,3,13456000.0,4485333.33,4485300.0,4485300.0,4485400.0,57.74,2024-03-07,2024-07-18,133,66.5,66.5,0.71,74755.56,74756.67,60.0,0.3333,0,0.0,0,0.0,0,0.0,0,0.0,1,4485400.0,0.3333
MPLADS-003222,3,1766000.0,588666.67,588700.0,588600.0,588700.0,57.74,2022-07-08,2022-10-26,110,55.0,55.0,0.0,11773.33,11774.0,50.0,0.3334,0,0.0,0,0.0,0,0.0,0,0.0,1,588600.0,0.3333
MPLADS-003223,2,518000.0,259000.0,259000.0,259000.0,259000.0,0.0,2022-04-18,2022-05-16,28,28.0,28.0,0.0,8633.33,8633.33,30.0,0.5,0,0.0,0,0.0,0,0.0,0,0.0,1,259000.0,0.5
MPLADS-003224,3,3543000.0,1181000.0,1181000.0,1181000.0,1181000.0,0.0,2023-05-01,2023-09-14,136,68.0,68.0,0.0,16871.43,16871.43,70.0,0.3333,0,0.0,0,0.0,0,0.0,0,0.0,1,1181000.0,0.3333
MPLADS-003225,3,1771000.0,590333.33,590300.0,590300.0,590400.0,57.74,2023-07-06,2023-10-13,99,49.5,49.5,0.71,11068.75,11070.0,53.3,0.3334,0,0.0,0,0.0,0,0.0,0,0.0,1,590400.0,0.3334
MPLADS-003226,2,504000.0,252000.0,252000.0,252000.0,252000.0,0.0,2023-04-24,2023-06-01,38,38.0,38.0,0.0,8400.0,8400.0,30.0,0.5,0,0.0,0,0.0,0,0.0,0,0.0,1,252000.0,0.5
MPLADS-003227,3,9094000.0,3031333.33,3031300.0,3031300.0,3031400.0,57.74,2022-11-25,2023-09-08,287,143.5,143.5,0.71,22735.0,22735.5,133.3,0.3333,0,0.0,0,0.0,0,0.0,0,0.0,1,3031400.0,0.3333
MPLADS-003228,3,1877000.0,625666.67,625700.0,625600.0,625700.0,57.74,2022-10-06,2023-02-17,134,67.0,67.0,0.0,8938.09,8938.57,70.0,0.3334,0,0.0,0,0.0,0,0.0,0,0.0,1,625600.0,0.3333
MPLADS-003229,3,1654000.0,551333.33,551300.0,551300.0,551400.0,57.74,2022-09-04,2023-01-09,127,63.5,63.5,0.71,10337.5,10338.75,53.3,0.3334,0,0.0,0,0.0,0,0.0,0,0.0,1,551400.0,0.3334
MPLADS-003230,3,8272000.0,2757333.33,2757300.0,2757300.0,2757400.0,57.74,2022-11-07,2023-07-22,257,128.5,128.5,0.71,20680.0,20680.5,133.3,0.3333,0,0.0,0,0.0,0,0.0,0,0.0,1,2757400.0,0.3333
MPLADS-003231,3,15922000.0,5307333.33,5307300.0,5307300.0,5307400.0,57.74,2022-07-04,2023-04-11,281,140.5,140.5,0.71,39805.0,39805.5,133.3,0.3333,0,0.0,0,0.0,0,0.0,0,0.0,1,5307400.0,0.3333
MPLADS-003232,3,1120000.0,373333.33,373300.0,373300.0,373400.0,57.74,2023-04-20,2023-07-31,102,51.0,51.0,0.0,7466.67,7468.0,50.0,0.3334,0,0.0,0,0.0,0,0.0,0,0.0,1,373400.0,0.3334
MPLADS-003233,3,57198000.0,19066000.0,19066000.0,19066000.0,19066000.0,0.0,2023-11-15,2024-08-01,260,130.0,130.0,0.0,142995.0,142995.0,133.3,0.3333,0,0.0,0,0.0,0,0.0,0,0.0,1,19066000.0,0.3333
MPLADS-003234,3,1579000.0,526333.33,526300.0,526300.0,526400.0,57.74,2024-02-26,2024-06-01,96,48.0,48.0,0.0,13158.33,13160.0,40.0,0.3334,0,0.0,0,0.0,0,0.0,0,0.0,1,526400.0,0.3334
MPLADS-003235,3,2490000.0,830000.0,830000.0,830000.0,830000.0,0.0,2023-12-21,2024-05-26,157,78.5,78.5,0.71,11857.14,11857.14,70.0,0.3333,0,0.0,1,0.3333,0,0.0,0,0.0,1,830000.0,0.3333
MPLADS-003236,3,12029000.0,4009666.67,4009700.0,4009600.0,4009700.0,57.74,2024-03-10,2024-12-01,266,133.0,133.0,0.0,30072.5,30072.75,133.3,0.3333,0,0.0,0,0.0,0,0.0,0,0.0,1,4009600.0,0.3333
MPLADS-003237,2,741000.0,370500.0,370500.0,370500.0,370500.0,0.0,2023-08-09,2023-09-17,39,39.0,39.0,0.0,8233.33,8233.33,45.0,0.5,0,0.0,0,0.0,0,0.0,0,0.0,1,370500.0,0.5
MPLADS-003238,3,9939000.0,3313000.0,3313000.0,3313000.0,3313000.0,0.0,2023-06-13,2024-03-04,265,132.5,132.5,0.71,24847.5,24847.5,133.3,0.3333,0,0.0,0,0.0,0,0.0,0,0.0,1,3313000.0,0.3333
MPLADS-003239,3,2158000.0,719333.33,719300.0,719300.0,719400.0,57.74,2022-09-23,2022-11-24,62,31.0,31.0,0.0,35966.67,35970.0,20.0,0.3334,0,0.0,0,0.0,0,0.0,0,0.0,1,719400.0,0.3334
MPLADS-003240,3,1568000.0,522666.67,522700.0,522600.0,522700.0,57.74,2023-09-24,2024-01-10,108,54.0,54.0,0.0,9800.0,9800.62,53.3,0.3334,0,0.0,0,0.0,0,0.0,0,0.0,1,522600.0,0.3333
MPLADS-003241,3,1985000.0,661666.67,661700.0,661600.0,661700.0,57.74,2023-03-16,2023-07-15,121,60.5,60.5,0.71,12406.25,12406.88,53.3,0.3334,0,0.0,0,0.0,0,0.0,0,0.0,1,661600.0,0.3333
MPLADS-003242,3,1463000.0,487666.67,487700.0,487600.0,487700.0,57.74,2023-06-30,2023-09-06,68,34.0,34.0,0.0,16255.56,16256.67,30.0,0.3334,0,0.0,0,0.0,0,0.0,0,0.0,1,487600.0,0.3333
MPLADS-003243,3,2318000.0,772666.67,772700.0,772600.0,772700.0,57.74,2023-03-16,2023-07-09,115,57.5,57.5,0.71,14487.5,14488.12,53.3,0.3333,0,0.0,0,0.0,0,0.0,0,0.0,1,772600.0,0.3333
MPLADS-003244,3,3022000.0,1007333.33,1007300.0,1007300.0,1007400.0,57.74,2022-10-23,2023-03-07,135,67.5,67.5,0.71,14390.48,14391.43,70.0,0.3334,0,0.0,1,0.3333,0,0.0,0,0.0,1,1007400.0,0.3334
MPLADS-003245,2,363000.0,181500.0,181500.0,181500.0,181500.0,0.0,2023-10-15,2023-11-14,30,30.0,30.0,0.0,6050.0,6050.0,30.0,0.5,0,0.0,0,0.0,0,0.0,0,0.0,1,181500.0,0.5
MPLADS-003246,2,665000.0,332500.0,332500.0,332500.0,332500.0,0.0,2023-05-13,2023-06-25,43,43.0,43.0,0.0,11083.33,11083.33,30.0,0.5,0,0.0,0,0.0,0,0.0,0,0.0,1,332500.0,0.5
MPLADS-003247,3,1980000.0,660000.0,660000.0,660000.0,660000.0,0.0,2023-04-01,2023-08-07,128,64.0,64.0,0.0,11000.0,11000.0,60.0,0.3333,0,0.0,0,0.0,0,0.0,0,0.0,1,660000.0,0.3333
MPLADS-003248,2,814000.0,407000.0,407000.0,407000.0,407000.0,0.0,2022-11-09,2023-01-02,54,54.0,54.0,0.0,9044.44,9044.44,45.0,0.5,0,0.0,0,0.0,0,0.0,0,0.0,1,407000.0,0.5
MPLADS-003249,2,494000.0,247000.0,247000.0,247000.0,247000.0,0.0,2022-06-12,2022-07-05,23,23.0,23.0,0.0,8233.33,8233.33,30.0,0.5,0,0.0,0,0.0,0,0.0,0,0.0,1,247000.0,0.5
MPLADS-003250,2,560000.0,280000.0,280000.0,280000.0,280000.0,0.0,2023-08-13,2023-09-25,43,43.0,43.0,0.0,9333.33,9333.33,30.0,0.5,0,0.0,0,0.0,2,1.0,0,0.0,1,280000.0,0.5
MPLADS-003251,3,1459000.0,486333.33,486300.0,486300.0,486400.0,57.74,2022-09-02,2022-12-01,90,45.0,45.0,0.0,9726.67,9728.0,50.0,0.3334,0,0.0,0,0.0,0,0.0,0,0.0,1,486400.0,0.3334
MPLADS-003252,3,14705000.0,4901666.67,4901700.0,4901600.0,4901700.0,57.74,2024-04-15,2025-01-06,266,133.0,133.0,0.0,36762.5,36762.75,133.3,0.3333,0,0.0,0,0.0,0,0.0,0,0.0,1,4901600.0,0.3333
MPLADS-003253,3,1646000.0,548666.67,548700.0,548600.0,548700.0,57.74,2022-07-01,2022-09-17,78,39.0,39.0,0.0,13716.67,13717.5,40.0,0.3334,0,0.0,0,0.0,0,0.0,0,0.0,1,548600.0,0.3333
MPLADS-003254,3,2075000.0,691666.67,691700.0,691600.0,691700.0,57.74,2024-01-20,2024-05-28,129,64.5,64.5,0.71,12968.75,12969.38,53.3,0.3333,0,0.0,0,0.0,0,0.0,0,0.0,1,691600.0,0.3333
MPLADS-003255,3,2491000.0,830333.33,830300.0,830300.0,830400.0,57.74,2023-09-14,2023-12-24,101,50.5,50.5,0.71,15568.75,15570.0,53.3,0.3334,0,0.0,0,0.0,0,0.0,0,0.0,1,830400.0,0.3334
MPLADS-003256,3,2958000.0,986000.0,986000.0,986000.0,986000.0,0.0,2023-10-04,2024-02-05,124,62.0,62.0,0.0,16433.33,16433.33,60.0,0.3333,0,0.0,0,0.0,3,1.0,0,0.0,1,986000.0,0.3333
MPLADS-003257,3,2316000.0,772000.0,772000.0,772000.0,772000.0,0.0,2024-02-29,2024-08-03,156,78.0,78.0,0.0,11028.57,11028.57,70.0,0.3333,0,0.0,0,0.0,0,0.0,0,0.0,1,772000.0,0.3333
MPLADS-003258,3,2390000.0,796666.67,796700.0,796600.0,796700.0,57.74,2023-05-24,2023-09-29,128,64.0,64.0,0.0,13277.78,13278.33,60.0,0.3333,0,0.0,0,0.0,0,0.0,0,0.0,1,796600.0,0.3333
MPLADS-003259,3,1377000.0,459000.0,459000.0,459000.0,459000.0,0.0,2023-09-14,2023-12-27,104,52.0,52.0,0.0,9180.0,9180.0,50.0,0.3333,0,0.0,0,0.0,0,0.0,0,0.0,1,459000.0,0.3333
MPLADS-003260,3,1861000.0,620333.33,620300.0,620300.0,620400.0,57.74,2022-04-21,2022-07-30,100,50.0,50.0,0.0,15508.33,15510.0,40.0,0.3334,0,0.0,0,0.0,3,1.0,0,0.0,1,620400.0,0.3334
MPLADS-003261,2,878000.0,439000.0,439000.0,439000.0,439000.0,0.0,2022-11-20,2022-12-23,33,33.0,33.0,0.0,14633.33,14633.33,30.0,0.5,0,0.0,0,0.0,0,0.0,0,0.0,1,439000.0,0.5
MPLADS-003262,2,520000.0,260000.0,260000.0,260000.0,260000.0,0.0,2022-05-26,2022-06-18,23,23.0,23.0,0.0,8666.67,8666.67,30.0,0.5,0,0.0,0,0.0,0,0.0,0,0.0,1,260000.0,0.5
MPLADS-003263,3,1686000.0,562000.0,562000.0,562000.0,562000.0,0.0,2023-02-10,2023-05-11,90,45.0,45.0,0.0,14050.0,14050.0,40.0,0.3333,0,0.0,0,0.0,0,0.0,0,0.0,1,562000.0,0.3333
MPLADS-003264,3,10829000.0,3609666.67,3609700.0,3609600.0,3609700.0,57.74,2024-03-23,2024-12-30,282,141.0,141.0,0.0,27072.5,27072.75,133.3,0.3333,0,0.0,0,0.0,0,0.0,0,0.0,1,3609600.0,0.3333
MPLADS-003265,3,2321000.0,773666.67,773700.0,773600.0,773700.0,57.74,2023-11-23,2024-03-21,119,59.5,59.5,0.71,14506.25,14506.88,53.3,0.3333,0,0.0,1,0.3333,0,0.0,0,0.0,1,773600.0,0.3333
MPLADS-003266,3,1407000.0,469000.0,469000.0,469000.0,469000.0,0.0,2023-03-17,2023-07-15,120,60.0,60.0,0.0,8793.75,8793.75,53.3,0.3333,0,0.0,0,0.0,0,0.0,0,0.0,1,469000.0,0.3333
MPLADS-003267,3,2774000.0,924666.67,924700.0,924600.0,924700.0,57.74,2023-02-28,2023-07-08,130,65.0,65.0,0.0,15411.11,15411.67,60.0,0.3333,0,0.0,0,0.0,0,0.0,0,0.0,1,924600.0,0.3333
MPLADS-003268,3,1839000.0,613000.0,613000.0,613000.0,613000.0,0.0,2022-05-31,2022-08-28,89,44.5,44.5,0.71,15325.0,15325.0,40.0,0.3333,0,0.0,0,0.0,3,1.0,0,0.0,1,613000.0,0.3333
MPLADS-003269,3,3864000.0,1288000.0,1288000.0,1288000.0,1288000.0,0.0,2022-05-16,2022-10-23,160,80.0,80.0,0.0,18400.0,18400.0,70.0,0.3333,0,0.0,0,0.0,0,0.0,0,0.0,1,1288000.0,0.3333
MPLADS-003270,3,1225000.0,408333.33,408300.0,408300.0,408400.0,57.74,2023-01-17,2023-04-20,93,46.5,46.5,0.71,10208.33,10210.0,40.0,0.3334,0,0.0,0,0.0,0,0.0,0,0.0,1,408400.0,0.3334
MPLADS-003271,3,2888000.0,962666.67,962700.0,962600.0,962700.0,57.74,2022-06-21,2022-11-14,146,73.0,73.0,0.0,13752.38,13752.86,70.0,0.3333,0,0.0,0,0.0,0,0.0,0,0.0,1,962600.0,0.3333
MPLADS-003272,3,2012000.0,670666.67,670700.0,670600.0,670700.0,57.74,2022-07-05,2022-11-04,122,61.0,61.0,0.0,12575.0,12575.62,53.3,0.3333,0,0.0,0,0.0,0,0.0,0,0.0,1,670600.0,0.3333
MPLADS-003273,3,14029000.0,4676333.33,4676300.0,4676300.0,4676400.0,57.74,2023-06-08,2024-02-27,264,132.0,132.0,0.0,35072.5,35073.0,133.3,0.3333,0,0.0,0,0.0,0,0.0,0,0.0,1,4676400.0,0.3333
MPLADS-003274,3,2990000.0,996666.67,996700.0,996600.0,996700.0,57.74,2023-05-24,2023-09-11,110,55.0,55.0,0.0,16611.11,16611.67,60.0,0.3333,0,0.0,0,0.0,0,0.0,0,0.0,1,996600.0,0.3333
MPLADS-003275,3,2558000.0,852666.67,852700.0,852600.0,852700.0,57.74,2023-06-12,2023-10-29,139,69.5,69.5,0.71,12180.95,12181.43,70.0,0.3333,0,0.0,0,0.0,3,1.0,0,0.0,1,852600.0,0.3333
MPLADS-003276,3,13826000.0,4608666.67,4608700.0,4608600.0,4608700.0,57.74,2022-12-04,2023-08-31,270,135.0,135.0,0.0,34565.0,34565.25,133.3,0.3333,0,0.0,0,0.0,0,0.0,0,0.0,1,4608600.0,0.3333
MPLADS-003277,3,1475000.0,491666.67,491700.0,491600.0,491700.0,57.74,2022-04-30,2022-07-05,66,33.0,33.0,0.0,16388.89,16390.0,30.0,0.3334,0,0.0,0,0.0,0,0.0,0,0.0,1,491600.0,0.3333
MPLADS-003278,2,767000.0,383500.0,383500.0,383500.0,383500.0,0.0,2023-05-28,2023-07-09,42,42.0,42.0,0.0,8522.22,8522.22,45.0,0.5,0,0.0,0,0.0,0,0.0,0,0.0,1,383500.0,0.5
MPLADS-003279,3,2018000.0,672666.67,672700.0,672600.0,672700.0,57.74,2023-04-30,2023-07-19,80,40.0,40.0,0.0,16816.67,16817.5,40.0,0.3333,0,0.0,0,0.0,3,1.0,0,0.0,1,672600.0,0.3333
MPLADS-003280,3,14022000.0,4674000.0,4674000.0,4674000.0,4674000.0,0.0,2023-10-12,2024-07-16,278,139.0,139.0,0.0,35055.0,35055.0,133.3,0.3333,0,0.0,0,0.0,0,0.0,0,0.0,1,4674000.0,0.3333
MPLADS-003281,3,1037000.0,345666.67,345700.0,345600.0,345700.0,57.74,2023-08-25,2023-10-25,61,30.5,30.5,0.71,11522.22,11523.33,30.0,0.3334,0,0.0,0,0.0,0,0.0,0,0.0,1,345600.0,0.3333
MPLADS-003282,3,1400000.0,466666.67,466700.0,466600.0,466700.0,57.74,2022-09-28,2023-01-05,99,49.5,49.5,0.71,9333.33,9334.0,50.0,0.3334,0,0.0,0,0.0,0,0.0,0,0.0,1,466600.0,0.3333
MPLADS-003283,3,1676000.0,558666.67,558700.0,558600.0,558700.0,57.74,2023-04-01,2023-08-03,124,62.0,62.0,0.0,10475.0,10475.62,53.3,0.3334,0,0.0,0,0.0,0,0.0,0,0.0,1,558600.0,0.3333
MPLADS-003284,3,2383000.0,794333.33,794300.0,794300.0,794400.0,57.74,2022-10-08,2023-03-05,148,74.0,74.0,0.0,11347.62,11348.57,70.0,0.3334,0,0.0,0,0.0,0,0.0,0,0.0,1,794400.0,0.3334
MPLADS-003285,3,1435000.0,478333.33,478300.0,478300.0,478400.0,57.74,2024-01-05,2024-05-02,118,59.0,59.0,0.0,9566.67,9568.0,50.0,0.3334,0,0.0,0,0.0,0,0.0,0,0.0,1,478400.0,0.3334
MPLADS-003286,3,12210000.0,4070000.0,4070000.0,4070000.0,4070000.0,0.0,2023-09-11,2024-06-11,274,137.0,137.0,0.0,30525.0,30525.0,133.3,0.3333,0,0.0,0,0.0,0,0.0,0,0.0,1,4070000.0,0.3333
MPLADS-003287,2,947000.0,473500.0,473500.0,473500.0,473500.0,0.0,2023-12-10,2024-01-24,45,45.0,45.0,0.0,10522.22,10522.22,45.0,0.5,0,0.0,0,0.0,0,0.0,0,0.0,1,473500.0,0.5
MPLADS-003288,3,2252000.0,750666.67,750700.0,750600.0,750700.0,57.74,2022-09-18,2023-02-13,148,74.0,74.0,0.0,10723.81,10724.29,70.0,0.3333,0,0.0,0,0.0,3,1.0,0,0.0,1,750600.0,0.3333
MPLADS-003289,3,10328000.0,3442666.67,3442700.0,3442600.0,3442700.0,57.74,2022-11-21,2023-08-17,269,134.5,134.5,0.71,25820.0,25820.25,133.3,0.3333,0,0.0,0,0.0,0,0.0,0,0.0,1,3442600.0,0.3333
MPLADS-003290,3,16569000.0,5523000.0,5523000.0,5523000.0,5523000.0,0.0,2023-12-01,2024-04-22,143,71.5,71.5,0.71,78900.0,78900.0,70.0,0.3333,0,0.0,0,0.0,0,0.0,0,0.0,1,5523000.0,0.3333
MPLADS-003291,2,378000.0,189000.0,189000.0,189000.0,189000.0,0.0,2023-07-25,2023-09-06,43,43.0,43.0,0.0,6300.0,6300.0,30.0,0.5,0,0.0,0,0.0,0,0.0,0,0.0,1,189000.0,0.5
MPLADS-003292,3,1941000.0,647000.0,647000.0,647000.0,647000.0,0.0,2022-11-14,2023-02-22,100,50.0,50.0,0.0,16175.0,16175.0,40.0,0.3333,0,0.0,0,0.0,0,0.0,0,0.0,1,647000.0,0.3333
MPLADS-003293,2,568000.0,284000.0,284000.0,284000.0,284000.0,0.0,2023-07-13,2023-08-23,41,41.0,41.0,0.0,9466.67,9466.67,30.0,0.5,0,0.0,0,0.0,0,0.0,0,0.0,1,284000.0,0.5
MPLADS-003294,3,1793000.0,597666.67,597700.0,597600.0,597700.0,57.74,2023-08-01,2023-11-24,115,57.5,57.5,0.71,11206.25,11206.88,53.3,0.3334,0,0.0,0,0.0,0,0.0,0,0.0,1,597600.0,0.3333
MPLADS-003295,3,1498000.0,499333.33,499300.0,499300.0,499400.0,57.74,2022-07-18,2022-10-14,88,44.0,44.0,0.0,12483.33,12485.0,40.0,0.3334,0,0.0,0,0.0,0,0.0,0,0.0,1,499400.0,0.3334
MPLADS-003296,2,746000.0,373000.0,373000.0,373000.0,373000.0,0.0,2023-05-18,2023-07-01,44,44.0,44.0,0.0,8288.89,8288.89,45.0,0.5,0,0.0,0,0.0,0,0.0,0,0.0,1,373000.0,0.5
MPLADS-003297,3,9042000.0,3014000.0,3014000.0,3014000.0,3014000.0,0.0,2022-12-19,2023-09-03,258,129.0,129.0,0.0,22605.0,22605.0,133.3,0.3333,0,0.0,0,0.0,0,0.0,0,0.0,1,3014000.0,0.3333
MPLADS-003298,2,500000.0,250000.0,250000.0,250000.0,250000.0,0.0,2024-01-19,2024-02-23,35,35.0,35.0,0.0,8333.33,8333.33,30.0,0.5,0,0.0,0,0.0,0,0.0,2,1.0,1,250000.0,0.5
MPLADS-003299,3,2238000.0,746000.0,746000.0,746000.0,746000.0,0.0,2022-11-07,2023-02-17,102,51.0,51.0,0.0,18650.0,18650.0,40.0,0.3333,0,0.0,0,0.0,0,0.0,0,0.0,1,746000.0,0.3333
MPLADS-003300,3,3423000.0,1141000.0,1141000.0,1141000.0,1141000.0,0.0,2024-01-29,2024-06-21,144,72.0,72.0,0.0,16300.0,16300.0,70.0,0.3333,0,0.0,0,0.0,0,0.0,0,0.0,1,1141000.0,0.3333
MPLADS-003301,3,1995000.0,665000.0,665000.0,665000.0,665000.0,0.0,2022-07-29,2022-11-26,120,60.0,60.0,0.0,13300.0,13300.0,50.0,0.3333,0,0.0,0,0.0,0,0.0,0,0.0,1,665000.0,0.3333
MPLADS-003302,3,1758000.0,586000.0,586000.0,586000.0,586000.0,0.0,2022-10-12,2023-02-05,116,58.0,58.0,0.0,10987.5,10987.5,53.3,0.3333,0,0.0,0,0.0,0,0.0,0,0.0,1,586000.0,0.3333
MPLADS-003303,3,12039000.0,4013000.0,4013000.0,4013000.0,4013000.0,0.0,2022-07-28,2023-05-14,290,145.0,145.0,0.0,30097.5,30097.5,133.3,0.3333,0,0.0,0,0.0,0,0.0,0,0.0,1,4013000.0,0.3333
MPLADS-003304,3,3482000.0,1160666.67,1160700.0,1160600.0,1160700.0,57.74,2024-03-08,2024-08-15,160,80.0,80.0,0.0,16580.95,16581.43,70.0,0.3333,0,0.0,1,0.3333,0,0.0,0,0.0,1,1160600.0,0.3333
MPLADS-003305,3,15924000.0,5308000.0,5308000.0,5308000.0,5308000.0,0.0,2023-03-27,2025-06-04,800,400.0,400.0,0.0,39810.0,39810.0,133.3,0.3333,0,0.0,1,0.3333,0,0.0,0,0.0,1,5308000.0,0.3333
MPLADS-003306,3,2949000.0,983000.0,983000.0,983000.0,983000.0,0.0,2022-05-22,2022-09-30,131,65.5,65.5,0.71,16383.33,16383.33,60.0,0.3333,0,0.0,0,0.0,0,0.0,0,0.0,1,983000.0,0.3333
MPLADS-003307,2,762000.0,381000.0,381000.0,381000.0,381000.0,0.0,2022-08-29,2022-10-10,42,42.0,42.0,0.0,8466.67,8466.67,45.0,0.5,0,0.0,0,0.0,0,0.0,0,0.0,1,381000.0,0.5
MPLADS-003308,3,9081000.0,3027000.0,3027000.0,3027000.0,3027000.0,0.0,2023-10-01,2025-12-09,800,400.0,400.0,0.0,22702.5,22702.5,133.3,0.3333,0,0.0,0,0.0,0,0.0,0,0.0,1,3027000.0,0.3333
MPLADS-003309,3,9143000.0,3047666.67,3047700.0,3047600.0,3047700.0,57.74,2023-12-21,2024-09-20,274,137.0,137.0,0.0,22857.5,22857.75,133.3,0.3333,0,0.0,0,0.0,0,0.0,0,0.0,1,3047600.0,0.3333
MPLADS-003310,3,1990000.0,663333.33,663300.0,663300.0,663400.0,57.74,2024-02-14,2024-06-15,122,61.0,61.0,0.0,11055.56,11056.67,60.0,0.3334,0,0.0,0,0.0,3,1.0,0,0.0,1,663400.0,0.3334
MPLADS-003311,3,1633000.0,544333.33,544300.0,544300.0,544400.0,57.74,2023-08-27,2024-01-07,133,66.5,66.5,0.71,9072.22,9073.33,60.0,0.3334,0,0.0,0,0.0,0,0.0,0,0.0,1,544400.0,0.3334
MPLADS-003312,3,15137000.0,5045666.67,5045700.0,5045600.0,5045700.0,57.74,2025-04-29,2028-03-31,1067,533.5,533.5,0.71,37842.5,37842.75,133.3,0.3333,0,0.0,0,0.0,0,0.0,0,0.0,1,5045600.0,0.3333
MPLADS-003313,3,1485000.0,495000.0,495000.0,495000.0,495000.0,0.0,2023-07-15,2023-10-02,79,39.5,39.5,0.71,12375.0,12375.0,40.0,0.3333,0,0.0,0,0.0,0,0.0,0,0.0,1,495000.0,0.3333
MPLADS-003314,3,2020000.0,673333.33,673300.0,673300.0,673400.0,57.74,2023-06-03,2023-10-20,139,69.5,69.5,0.71,11222.22,11223.33,60.0,0.3334,0,0.0,0,0.0,0,0.0,0,0.0,1,673400.0,0.3334
MPLADS-003315,2,583000.0,291500.0,291500.0,291500.0,291500.0,0.0,2022-08-06,2022-09-08,33,33.0,33.0,0.0,9716.67,9716.67,30.0,0.5,0,0.0,0,0.0,2,1.0,0,0.0,1,291500.0,0.5
MPLADS-003316,3,4652000.0,1550666.67,1550700.0,1550600.0,1550700.0,57.74,2023-03-28,2023-07-26,120,60.0,60.0,0.0,29075.0,29075.62,53.3,0.3333,0,0.0,1,0.3333,0,0.0,0,0.0,1,1550600.0,0.3333
MPLADS-003317,3,2320000.0,773333.33,773300.0,773300.0,773400.0,57.74,2023-03-31,2023-07-20,111,55.5,55.5,0.71,12888.89,12890.0,60.0,0.3334,0,0.0,1,0.3333,3,1.0,0,0.0,1,773400.0,0.3334
MPLADS-003318,3,13556000.0,4518666.67,4518700.0,4518600.0,4518700.0,57.74,2024-01-23,2024-10-19,270,135.0,135.0,0.0,33890.0,33890.25,133.3,0.3333,0,0.0,0,0.0,0,0.0,0,0.0,1,4518600.0,0.3333
MPLADS-003319,3,1679000.0,559666.67,559700.0,559600.0,559700.0,57.74,2023-05-17,2023-09-01,107,53.5,53.5,0.71,11193.33,11194.0,50.0,0.3334,0,0.0,0,0.0,0,0.0,0,0.0,1,559600.0,0.3333
MPLADS-003320,3,3615000.0,1205000.0,1205000.0,1205000.0,1205000.0,0.0,2023-05-23,2023-10-04,134,67.0,67.0,0.0,17214.29,17214.29,70.0,0.3333,0,0.0,0,0.0,0,0.0,0,0.0,1,1205000.0,0.3333
MPLADS-003321,3,2664000.0,888000.0,888000.0,888000.0,888000.0,0.0,2023-01-02,2023-05-14,132,66.0,66.0,0.0,12685.71,12685.71,70.0,0.3333,0,0.0,0,0.0,0,0.0,0,0.0,1,888000.0,0.3333
MPLADS-003322,3,2054000.0,684666.67,684700.0,684600.0,684700.0,57.74,2024-01-03,2024-04-12,100,50.0,50.0,0.0,12837.5,12838.12,53.3,0.3333,0,0.0,0,0.0,0,0.0,0,0.0,1,684600.0,0.3333
MPLADS-003323,3,39271000.0,13090333.33,13090300.0,13090300.0,13090400.0,57.74,2023-02-17,2023-11-10,266,133.0,133.0,0.0,98177.5,98178.0,133.3,0.3333,0,0.0,0,0.0,0,0.0,0,0.0,1,13090400.0,0.3333
MPLADS-003324,3,1751000.0,583666.67,583700.0,583600.0,583700.0,57.74,2023-08-02,2023-11-08,98,49.0,49.0,0.0,14591.67,14592.5,40.0,0.3334,0,0.0,0,0.0,0,0.0,0,0.0,1,583600.0,0.3333
MPLADS-003325,3,1436000.0,478666.67,478700.0,478600.0,478700.0,57.74,2023-05-27,2023-09-08,104,52.0,52.0,0.0,9573.33,9574.0,50.0,0.3334,0,0.0,0,0.0,0,0.0,0,0.0,1,478600.0,0.3333
MPLADS-003326,3,4019000.0,1339666.67,1339700.0,1339600.0,1339700.0,57.74,2022-10-11,2023-02-04,116,58.0,58.0,0.0,25118.75,25119.38,53.3,0.3333,0,0.0,0,0.0,0,0.0,0,0.0,1,1339600.0,0.3333
MPLADS-003327,3,9586000.0,3195333.33,3195300.0,3195300.0,3195400.0,57.74,2023-08-15,2024-05-09,268,134.0,134.0,0.0,23965.0,23965.5,133.3,0.3333,0,0.0,0,0.0,3,1.0,0,0.0,1,3195400.0,0.3333
MPLADS-003328,3,2170000.0,723333.33,723300.0,723300.0,723400.0,57.74,2023-12-07,2024-05-06,151,75.5,75.5,0.71,10333.34,10334.29,70.0,0.3334,0,0.0,0,0.0,0,0.0,0,0.0,1,723400.0,0.3334
MPLADS-003329,2,475000.0,237500.0,237500.0,237500.0,237500.0,0.0,2023-06-03,2023-07-19,46,46.0,46.0,0.0,5277.78,5277.78,45.0,0.5,0,0.0,0,0.0,2,1.0,0,0.0,1,237500.0,0.5
MPLADS-003330,2,342000.0,171000.0,171000.0,171000.0,171000.0,0.0,2022-11-06,2022-12-03,27,27.0,27.0,0.0,5700.0,5700.0,30.0,0.5,0,0.0,0,0.0,2,1.0,0,0.0,1,171000.0,0.5
MPLADS-003331,2,371000.0,185500.0,185500.0,185500.0,185500.0,0.0,2023-08-24,2023-10-10,47,47.0,47.0,0.0,6183.33,6183.33,30.0,0.5,0,0.0,0,0.0,0,0.0,0,0.0,1,185500.0,0.5
MPLADS-003332,3,14277000.0,4759000.0,4759000.0,4759000.0,4759000.0,0.0,2022-12-23,2023-05-06,134,67.0,67.0,0.0,67985.71,67985.71,70.0,0.3333,0,0.0,0,0.0,0,0.0,0,0.0,1,4759000.0,0.3333
MPLADS-003333,3,1858000.0,619333.33,619300.0,619300.0,619400.0,57.74,2023-05-01,2023-09-20,142,71.0,71.0,0.0,10322.22,10323.33,60.0,0.3334,0,0.0,0,0.0,0,0.0,0,0.0,1,619400.0,0.3334
MPLADS-003334,3,13931000.0,4643666.67,4643700.0,4643600.0,4643700.0,57.74,2024-03-02,2024-07-25,145,72.5,72.5,0.71,66338.09,66338.57,70.0,0.3333,0,0.0,0,0.0,0,0.0,0,0.0,1,4643600.0,0.3333
MPLADS-003335,3,2792000.0,930666.67,930700.0,930600.0,930700.0,57.74,2023-01-06,2023-04-29,113,56.5,56.5,0.71,15511.11,15511.67,60.0,0.3333,0,0.0,0,0.0,0,0.0,0,0.0,1,930600.0,0.3333
MPLADS-003336,3,1374000.0,458000.0,458000.0,458000.0,458000.0,0.0,2022-05-24,2022-09-01,100,50.0,50.0,0.0,11450.0,11450.0,40.0,0.3333,0,0.0,0,0.0,0,0.0,0,0.0,1,458000.0,0.3333
MPLADS-003337,3,2775000.0,925000.0,925000.0,925000.0,925000.0,0.0,2023-10-13,2024-02-17,127,63.5,63.5,0.71,17343.75,17343.75,53.3,0.3333,0,0.0,0,0.0,0,0.0,0,0.0,1,925000.0,0.3333
MPLADS-003338,3,1749000.0,583000.0,583000.0,583000.0,583000.0,0.0,2023-03-16,2023-06-18,94,47.0,47.0,0.0,14575.0,14575.0,40.0,0.3333,0,0.0,0,0.0,0,0.0,0,0.0,1,583000.0,0.3333
MPLADS-003339,3,11606000.0,3868666.67,3868700.0,3868600.0,3868700.0,57.74,2024-01-03,2024-10-14,285,142.5,142.5,0.71,29015.0,29015.25,133.3,0.3333,0,0.0,0,0.0,0,0.0,0,0.0,1,3868600.0,0.3333
MPLADS-003340,3,3467000.0,1155666.67,1155700.0,1155600.0,1155700.0,57.74,2023-05-22,2023-10-25,156,78.0,78.0,0.0,16509.52,16510.0,70.0,0.3333,0,0.0,0,0.0,0,0.0,0,0.0,1,1155600.0,0.3333
MPLADS-003341,3,2714000.0,904666.67,904700.0,904600.0,904700.0,57.74,2022-04-28,2022-07-23,86,43.0,43.0,0.0,22616.67,22617.5,40.0,0.3333,0,0.0,0,0.0,0,0.0,0,0.0,1,904600.0,0.3333
MPLADS-003342,3,10982000.0,3660666.67,3660700.0,3660600.0,3660700.0,57.74,2023-04-09,2024-01-02,268,134.0,134.0,0.0,27455.0,27455.25,133.3,0.3333,0,0.0,0,0.0,0,0.0,0,0.0,1,3660600.0,0.3333
MPLADS-003343,3,1840000.0,613333.33,613300.0,613300.0,613400.0,57.74,2024-01-17,2024-04-23,97,48.5,48.5,0.71,15333.33,15335.0,40.0,0.3334,0,0.0,0,0.0,0,0.0,0,0.0,1,613400.0,0.3334
MPLADS-003344,2,513000.0,256500.0,256500.0,256500.0,256500.0,0.0,2023-04-07,2023-05-17,40,40.0,40.0,0.0,8550.0,8550.0,30.0,0.5,0,0.0,0,0.0,0,0.0,0,0.0,1,256500.0,0.5
MPLADS-003345,3,3645000.0,1215000.0,1215000.0,1215000.0,1215000.0,0.0,2023-11-30,2024-02-24,86,43.0,43.0,0.0,30375.0,30375.0,40.0,0.3333,0,0.0,0,0.0,0,0.0,0,0.0,1,1215000.0,0.3333
MPLADS-003346,2,374000.0,187000.0,187000.0,187000.0,187000.0,0.0,2022-06-10,2022-07-21,41,41.0,41.0,0.0,6233.33,6233.33,30.0,0.5,0,0.0,0,0.0,0,0.0,0,0.0,1,187000.0,0.5
MPLADS-003347,3,1481000.0,493666.67,493700.0,493600.0,493700.0,57.74,2022-12-17,2023-03-21,94,47.0,47.0,0.0,9873.33,9874.0,50.0,0.3334,0,0.0,1,0.3333,3,1.0,0,0.0,1,493600.0,0.3333
MPLADS-003348,2,566000.0,283000.0,283000.0,283000.0,283000.0,0.0,2023-03-13,2023-04-27,45,45.0,45.0,0.0,9433.33,9433.33,30.0,0.5,0,0.0,1,0.5,2,1.0,0,0.0,1,283000.0,0.5
MPLADS-003349,3,2694000.0,898000.0,898000.0,898000.0,898000.0,0.0,2022-04-10,2022-08-12,124,62.0,62.0,0.0,14966.67,14966.67,60.0,0.3333,0,0.0,0,0.0,0,0.0,0,0.0,1,898000.0,0.3333
MPLADS-003350,3,1551000.0,517000.0,517000.0,517000.0,517000.0,0.0,2023-12-28,2024-04-12,106,53.0,53.0,0.0,10340.0,10340.0,50.0,0.3333,0,0.0,0,0.0,0,0.0,0,0.0,1,517000.0,0.3333
MPLADS-003351,3,1910000.0,636666.67,636700.0,636600.0,636700.0,57.74,2024-05-30,2025-09-22,480,240.0,240.0,0.0,10611.11,10611.67,60.0,0.3334,0,0.0,0,0.0,0,0.0,0,0.0,1,636600.0,0.3333
MPLADS-003352,3,7937000.0,2645666.67,2645700.0,2645600.0,2645700.0,57.74,2023-10-05,2024-07-14,283,141.5,141.5,0.71,19842.5,19842.75,133.3,0.3333,0,0.0,0,0.0,0,0.0,0,0.0,1,2645600.0,0.3333
MPLADS-003353,3,2324000.0,774666.67,774700.0,774600.0,774700.0,57.74,2022-06-03,2022-10-14,133,66.5,66.5,0.71,11066.66,11067.14,70.0,0.3333,0,0.0,0,0.0,0,0.0,0,0.0,1,774600.0,0.3333
MPLADS-003354,3,2185000.0,728333.33,728300.0,728300.0,728400.0,57.74,2023-07-25,2023-10-09,76,38.0,38.0,0.0,18208.33,18210.0,40.0,0.3334,0,0.0,0,0.0,0,0.0,0,0.0,1,728400.0,0.3334
MPLADS-003355,3,1986000.0,662000.0,662000.0,662000.0,662000.0,0.0,2023-06-24,2024-05-09,320,160.0,160.0,0.0,16550.0,16550.0,40.0,0.3333,0,0.0,0,0.0,0,0.0,0,0.0,1,662000.0,0.3333
MPLADS-003356,3,9836000.0,3278666.67,3278700.0,3278600.0,3278700.0,57.74,2022-10-07,2023-02-13,129,64.5,64.5,0.71,61475.0,61475.62,53.3,0.3333,0,0.0,0,0.0,0,0.0,0,0.0,1,3278600.0,0.3333
MPLADS-003357,2,716000.0,358000.0,358000.0,358000.0,358000.0,0.0,2023-07-28,2023-09-08,42,42.0,42.0,0.0,7955.56,7955.56,45.0,0.5,0,0.0,0,0.0,0,0.0,0,0.0,1,358000.0,0.5
MPLADS-003358,3,2931000.0,977000.0,977000.0,977000.0,977000.0,0.0,2022-05-20,2022-09-09,112,56.0,56.0,0.0,16283.33,16283.33,60.0,0.3333,0,0.0,0,0.0,0,0.0,0,0.0,1,977000.0,0.3333
MPLADS-003359,3,1430000.0,476666.67,476700.0,476600.0,476700.0,57.74,2022-04-19,2022-08-01,104,52.0,52.0,0.0,9533.33,9534.0,50.0,0.3334,0,0.0,0,0.0,0,0.0,0,0.0,1,476600.0,0.3333
MPLADS-003360,3,2287000.0,762333.33,762300.0,762300.0,762400.0,57.74,2023-02-03,2023-06-02,119,59.5,59.5,0.71,14293.75,14295.0,53.3,0.3334,0,0.0,0,0.0,0,0.0,0,0.0,1,762400.0,0.3334
MPLADS-003361,2,407000.0,203500.0,203500.0,203500.0,203500.0,0.0,2023-10-25,2023-11-24,30,30.0,30.0,0.0,6783.33,6783.33,30.0,0.5,0,0.0,0,0.0,2,1.0,0,0.0,1,203500.0,0.5
MPLADS-003362,3,1604000.0,534666.67,534700.0,534600.0,534700.0,57.74,2024-01-12,2024-03-24,72,36.0,36.0,0.0,13366.67,13367.5,40.0,0.3334,0,0.0,0,0.0,0,0.0,0,0.0,1,534600.0,0.3333
MPLADS-003363,3,2236000.0,745333.33,745300.0,745300.0,745400.0,57.74,2023-12-22,2024-05-14,144,72.0,72.0,0.0,10647.62,10648.57,70.0,0.3334,0,0.0,0,0.0,0,0.0,0,0.0,1,745400.0,0.3334
MPLADS-003364,3,1818000.0,606000.0,606000.0,606000.0,606000.0,0.0,2023-11-23,2024-03-09,107,53.5,53.5,0.71,11362.5,11362.5,53.3,0.3333,0,0.0,1,0.3333,0,0.0,0,0.0,1,606000.0,0.3333
MPLADS-003365,3,1893000.0,631000.0,631000.0,631000.0,631000.0,0.0,2023-10-17,2024-02-24,130,65.0,65.0,0.0,10516.67,10516.67,60.0,0.3333,0,0.0,0,0.0,0,0.0,0,0.0,1,631000.0,0.3333
MPLADS-003366,2,383000.0,191500.0,191500.0,191500.0,191500.0,0.0,2023-05-29,2023-07-10,42,42.0,42.0,0.0,6383.33,6383.33,30.0,0.5,0,0.0,0,0.0,0,0.0,0,0.0,1,191500.0,0.5
MPLADS-003367,3,3588000.0,1196000.0,1196000.0,1196000.0,1196000.0,0.0,2022-12-20,2023-05-03,134,67.0,67.0,0.0,17085.71,17085.71,70.0,0.3333,0,0.0,0,0.0,0,0.0,0,0.0,1,1196000.0,0.3333
MPLADS-003368,2,630000.0,315000.0,315000.0,315000.0,315000.0,0.0,2023-09-13,2023-10-30,47,47.0,47.0,0.0,10500.0,10500.0,30.0,0.5,0,0.0,0,0.0,0,0.0,0,0.0,1,315000.0,0.5
MPLADS-003369,2,601000.0,300500.0,300500.0,300500.0,300500.0,0.0,2022-03-14,2022-04-12,29,29.0,29.0,0.0,10016.67,10016.67,30.0,0.5,0,0.0,0,0.0,0,0.0,0,0.0,1,300500.0,0.5
MPLADS-003370,3,2778000.0,926000.0,926000.0,926000.0,926000.0,0.0,2023-04-11,2023-07-18,98,49.0,49.0,0.0,17362.5,17362.5,53.3,0.3333,0,0.0,0,0.0,0,0.0,0,0.0,1,926000.0,0.3333
MPLADS-003371,3,9279000.0,3093000.0,3093000.0,3093000.0,3093000.0,0.0,2022-05-15,2022-07-28,74,37.0,37.0,0.0,77325.0,77325.0,40.0,0.3333,0,0.0,0,0.0,0,0.0,0,0.0,1,3093000.0,0.3333
MPLADS-003372,3,2820000.0,940000.0,940000.0,940000.0,940000.0,0.0,2022-10-20,2023-03-01,132,66.0,66.0,0.0,15666.67,15666.67,60.0,0.3333,0,0.0,0,0.0,0,0.0,0,0.0,1,940000.0,0.3333
MPLADS-003373,3,2248000.0,749333.33,749300.0,749300.0,749400.0,57.74,2024-03-09,2024-07-21,134,67.0,67.0,0.0,10704.76,10705.71,70.0,0.3334,0,0.0,0,0.0,0,0.0,0,0.0,1,749400.0,0.3334
MPLADS-003374,3,1641000.0,547000.0,547000.0,547000.0,547000.0,0.0,2022-09-19,2022-12-26,98,49.0,49.0,0.0,10940.0,10940.0,50.0,0.3333,0,0.0,0,0.0,0,0.0,0,0.0,1,547000.0,0.3333
MPLADS-003375,3,2531000.0,843666.67,843700.0,843600.0,843700.0,57.74,2023-05-22,2023-10-29,160,80.0,80.0,0.0,12052.38,12052.86,70.0,0.3333,0,0.0,0,0.0,0,0.0,0,0.0,1,843600.0,0.3333
MPLADS-003376,3,3582000.0,1194000.0,1194000.0,1194000.0,1194000.0,0.0,2022-06-02,2022-08-13,72,36.0,36.0,0.0,29850.0,29850.0,40.0,0.3333,0,0.0,0,0.0,0,0.0,0,0.0,1,1194000.0,0.3333
MPLADS-003377,2,614000.0,307000.0,307000.0,307000.0,307000.0,0.0,2023-08-24,2023-10-14,51,51.0,51.0,0.0,6822.22,6822.22,45.0,0.5,0,0.0,0,0.0,0,0.0,0,0.0,1,307000.0,0.5
MPLADS-003378,3,2901000.0,967000.0,967000.0,967000.0,967000.0,0.0,2023-07-16,2023-11-18,125,62.5,62.5,0.71,18131.25,18131.25,53.3,0.3333,0,0.0,0,0.0,0,0.0,0,0.0,1,967000.0,0.3333
MPLADS-003379,3,2149000.0,716333.33,716300.0,716300.0,716400.0,57.74,2024-06-18,2025-08-19,427,213.5,213.5,0.71,13431.25,13432.5,53.3,0.3334,0,0.0,0,0.0,0,0.0,0,0.0,1,716400.0,0.3334
MPLADS-003380,3,1768000.0,589333.33,589300.0,589300.0,589400.0,57.74,2023-07-21,2023-10-16,87,43.5,43.5,0.71,14733.33,14735.0,40.0,0.3334,0,0.0,0,0.0,0,0.0,0,0.0,1,589400.0,0.3334
MPLADS-003381,3,6741000.0,2247000.0,2247000.0,2247000.0,2247000.0,0.0,2023-09-09,2024-01-09,122,61.0,61.0,0.0,44940.0,44940.0,50.0,0.3333,0,0.0,0,0.0,0,0.0,0,0.0,1,2247000.0,0.3333
MPLADS-003382,2,583000.0,291500.0,291500.0,291500.0,291500.0,0.0,2023-02-11,2023-04-04,52,52.0,52.0,0.0,6477.78,6477.78,45.0,0.5,0,0.0,0,0.0,0,0.0,0,0.0,1,291500.0,0.5
MPLADS-003383,2,599000.0,299500.0,299500.0,299500.0,299500.0,0.0,2022-05-01,2022-05-28,27,27.0,27.0,0.0,9983.33,9983.33,30.0,0.5,0,0.0,0,0.0,0,0.0,0,0.0,1,299500.0,0.5
MPLADS-003384,3,10567000.0,3522333.33,3522300.0,3522300.0,3522400.0,57.74,2024-01-01,2024-10-03,276,138.0,138.0,0.0,26417.5,26418.0,133.3,0.3333,0,0.0,0,0.0,0,0.0,0,0.0,1,3522400.0,0.3333
MPLADS-003385,3,1970000.0,656666.67,656700.0,656600.0,656700.0,57.74,2023-06-05,2023-09-09,96,48.0,48.0,0.0,16416.67,16417.5,40.0,0.3334,0,0.0,0,0.0,0,0.0,0,0.0,1,656600.0,0.3333
MPLADS-003386,3,2003000.0,667666.67,667700.0,667600.0,667700.0,57.74,2022-10-29,2023-03-04,126,63.0,63.0,0.0,11127.78,11128.33,60.0,0.3333,0,0.0,0,0.0,0,0.0,0,0.0,1,667600.0,0.3333
MPLADS-003387,3,1532000.0,510666.67,510700.0,510600.0,510700.0,57.74,2024-03-09,2024-07-15,128,64.0,64.0,0.0,9575.0,9575.62,53.3,0.3334,0,0.0,1,0.3333,0,0.0,0,0.0,1,510600.0,0.3333
MPLADS-003388,3,2669000.0,889666.67,889700.0,889600.0,889700.0,57.74,2023-01-16,2023-06-15,150,75.0,75.0,0.0,12709.52,12710.0,70.0,0.3333,0,0.0,0,0.0,0,0.0,0,0.0,1,889600.0,0.3333
MPLADS-003389,3,2155000.0,718333.33,718300.0,718300.0,718400.0,57.74,2023-04-15,2023-07-27,103,51.5,51.5,0.71,13468.75,13470.0,53.3,0.3334,0,0.0,0,0.0,0,0.0,0,0.0,1,718400.0,0.3334
MPLADS-003390,3,1576000.0,525333.33,525300.0,525300.0,525400.0,57.74,2023-07-09,2023-09-23,76,38.0,38.0,0.0,13133.33,13135.0,40.0,0.3334,0,0.0,0,0.0,0,0.0,0,0.0,1,525400.0,0.3334
MPLADS-003391,2,997000.0,498500.0,498500.0,498500.0,498500.0,0.0,2024-01-11,2024-03-10,59,59.0,59.0,0.0,11077.78,11077.78,45.0,0.5,0,0.0,0,0.0,0,0.0,0,0.0,1,498500.0,0.5
MPLADS-003392,3,1329000.0,443000.0,443000.0,443000.0,443000.0,0.0,2023-02-25,2023-06-12,107,53.5,53.5,0.71,8860.0,8860.0,50.0,0.3333,0,0.0,0,0.0,3,1.0,0,0.0,1,443000.0,0.3333
MPLADS-003393,3,2517000.0,839000.0,839000.0,839000.0,839000.0,0.0,2022-06-18,2022-10-11,115,57.5,57.5,0.71,13983.33,13983.33,60.0,0.3333,0,0.0,0,0.0,0,0.0,0,0.0,1,839000.0,0.3333
MPLADS-003394,3,1329000.0,443000.0,443000.0,443000.0,443000.0,0.0,2023-08-28,2023-12-22,116,58.0,58.0,0.0,8860.0,8860.0,50.0,0.3333,0,0.0,0,0.0,0,0.0,0,0.0,1,443000.0,0.3333
MPLADS-003395,2,403000.0,201500.0,201500.0,201500.0,201500.0,0.0,2024-01-25,2024-02-28,34,34.0,34.0,0.0,6716.67,6716.67,30.0,0.5,0,0.0,0,0.0,0,0.0,0,0.0,1,201500.0,0.5
MPLADS-003396,3,1130000.0,376666.67,376700.0,376600.0,376700.0,57.74,2023-12-03,2024-03-22,110,55.0,55.0,0.0,7533.33,7534.0,50.0,0.3334,0,0.0,0,0.0,3,1.0,0,0.0,1,376600.0,0.3333
MPLADS-003397,3,3668000.0,1222666.67,1222700.0,1222600.0,1222700.0,57.74,2022-05-08,2022-10-14,159,79.5,79.5,0.71,17466.66,17467.14,70.0,0.3333,0,0.0,0,0.0,0,0.0,0,0.0,1,1222600.0,0.3333
MPLADS-003398,3,39815000.0,13271666.67,13271700.0,13271600.0,13271700.0,57.74,2023-01-11,2023-10-13,275,137.5,137.5,0.71,99537.5,99537.75,133.3,0.3333,0,0.0,0,0.0,0,0.0,0,0.0,1,13271600.0,0.3333
MPLADS-003399,2,975000.0,487500.0,487500.0,487500.0,487500.0,0.0,2023-12-15,2024-01-26,42,42.0,42.0,0.0,10833.33,10833.33,45.0,0.5,0,0.0,0,0.0,0,0.0,0,0.0,1,487500.0,0.5
MPLADS-003400,2,612000.0,306000.0,306000.0,306000.0,306000.0,0.0,2023-07-08,2023-08-19,42,42.0,42.0,0.0,6800.0,6800.0,45.0,0.5,0,0.0,0,0.0,0,0.0,0,0.0,1,306000.0,0.5
MPLADS-003401,2,430000.0,215000.0,215000.0,215000.0,215000.0,0.0,2022-05-29,2022-07-02,34,34.0,34.0,0.0,7166.67,7166.67,30.0,0.5,0,0.0,0,0.0,0,0.0,0,0.0,1,215000.0,0.5
MPLADS-003402,3,60422000.0,20140666.67,20140700.0,20140600.0,20140700.0,57.74,2023-12-12,2024-09-02,265,132.5,132.5,0.71,151055.0,151055.25,133.3,0.3333,0,0.0,0,0.0,0,0.0,0,0.0,1,20140600.0,0.3333
MPLADS-003403,3,1208000.0,402666.67,402700.0,402600.0,402700.0,57.74,2023-05-14,2023-08-22,100,50.0,50.0,0.0,8053.33,8054.0,50.0,0.3334,0,0.0,0,0.0,0,0.0,0,0.0,1,402600.0,0.3333
MPLADS-003404,3,1927000.0,642333.33,642300.0,642300.0,642400.0,57.74,2023-07-30,2023-12-23,146,73.0,73.0,0.0,9176.19,9177.14,70.0,0.3334,0,0.0,0,0.0,0,0.0,0,0.0,1,642400.0,0.3334
MPLADS-003405,3,2533000.0,844333.33,844300.0,844300.0,844400.0,57.74,2022-05-21,2022-09-20,122,61.0,61.0,0.0,15831.25,15832.5,53.3,0.3334,0,0.0,0,0.0,0,0.0,0,0.0,1,844400.0,0.3334
MPLADS-003406,3,1733000.0,577666.67,577700.0,577600.0,577700.0,57.74,2023-12-17,2024-03-22,96,48.0,48.0,0.0,14441.67,14442.5,40.0,0.3334,0,0.0,0,0.0,0,0.0,0,0.0,1,577600.0,0.3333
MPLADS-003407,3,2132000.0,710666.67,710700.0,710600.0,710700.0,57.74,2023-01-08,2023-05-08,120,60.0,60.0,0.0,14213.33,14214.0,50.0,0.3333,0,0.0,0,0.0,3,1.0,0,0.0,1,710600.0,0.3333
MPLADS-003408,3,1608000.0,536000.0,536000.0,536000.0,536000.0,0.0,2023-04-19,2023-07-19,91,45.5,45.5,0.71,13400.0,13400.0,40.0,0.3333,0,0.0,0,0.0,0,0.0,0,0.0,1,536000.0,0.3333
MPLADS-003409,3,2101000.0,700333.33,700300.0,700300.0,700400.0,57.74,2023-08-03,2023-10-13,71,35.5,35.5,0.71,17508.33,17510.0,40.0,0.3334,0,0.0,0,0.0,0,0.0,0,0.0,1,700400.0,0.3334
MPLADS-003410,3,3209000.0,1069666.67,1069700.0,1069600.0,1069700.0,57.74,2022-07-07,2022-11-19,135,67.5,67.5,0.71,17827.78,17828.33,60.0,0.3333,0,0.0,0,0.0,0,0.0,0,0.0,1,1069600.0,0.3333
MPLADS-003411,3,2902000.0,967333.33,967300.0,967300.0,967400.0,57.74,2023-03-05,2023-06-22,109,54.5,54.5,0.71,18137.5,18138.75,53.3,0.3334,0,0.0,1,0.3333,0,0.0,0,0.0,1,967400.0,0.3334
MPLADS-003412,3,2218000.0,739333.33,739300.0,739300.0,739400.0,57.74,2023-08-07,2024-01-06,152,76.0,76.0,0.0,10561.91,10562.86,70.0,0.3334,0,0.0,0,0.0,3,1.0,0,0.0,1,739400.0,0.3334
MPLADS-003413,3,4024000.0,1341333.33,1341300.0,1341300.0,1341400.0,57.74,2022-10-09,2023-01-19,102,51.0,51.0,0.0,25150.0,25151.25,53.3,0.3333,0,0.0,0,0.0,0,0.0,0,0.0,1,1341400.0,0.3333
MPLADS-003414,3,1666000.0,555333.33,555300.0,555300.0,555400.0,57.74,2022-08-28,2023-01-05,130,65.0,65.0,0.0,9255.56,9256.67,60.0,0.3334,0,0.0,0,0.0,0,0.0,0,0.0,1,555400.0,0.3334
MPLADS-003415,3,1478000.0,492666.67,492700.0,492600.0,492700.0,57.74,2024-02-04,2024-04-30,86,43.0,43.0,0.0,12316.67,12317.5,40.0,0.3334,0,0.0,0,0.0,0,0.0,0,0.0,1,492600.0,0.3333
MPLADS-003416,2,403000.0,201500.0,201500.0,201500.0,201500.0,0.0,2022-06-22,2022-07-30,38,38.0,38.0,0.0,6716.67,6716.67,30.0,0.5,0,0.0,0,0.0,0,0.0,0,0.0,1,201500.0,0.5
MPLADS-003417,3,9316000.0,3105333.33,3105300.0,3105300.0,3105400.0,57.74,2023-07-18,2024-04-19,276,138.0,138.0,0.0,23290.0,23290.5,133.3,0.3333,0,0.0,0,0.0,0,0.0,0,0.0,1,3105400.0,0.3333
MPLADS-003418,3,3298000.0,1099333.33,1099300.0,1099300.0,1099400.0,57.74,2023-01-04,2023-06-08,155,77.5,77.5,0.71,15704.76,15705.71,70.0,0.3334,0,0.0,1,0.3333,0,0.0,0,0.0,1,1099400.0,0.3334
MPLADS-003419,3,2068000.0,689333.33,689300.0,689300.0,689400.0,57.74,2024-02-22,2024-06-19,118,59.0,59.0,0.0,12925.0,12926.25,53.3,0.3334,0,0.0,0,0.0,0,0.0,0,0.0,1,689400.0,0.3334
MPLADS-003420,3,8854000.0,2951333.33,2951300.0,2951300.0,2951400.0,57.74,2024-02-28,2024-11-14,260,130.0,130.0,0.0,22135.0,22135.5,133.3,0.3333,0,0.0,0,0.0,0,0.0,0,0.0,1,2951400.0,0.3333
MPLADS-003421,2,560000.0,280000.0,280000.0,280000.0,280000.0,0.0,2023-05-13,2023-06-15,33,33.0,33.0,0.0,9333.33,9333.33,30.0,0.5,0,0.0,0,0.0,0,0.0,0,0.0,1,280000.0,0.5
MPLADS-003422,2,829000.0,414500.0,414500.0,414500.0,414500.0,0.0,2022-05-04,2022-06-13,40,40.0,40.0,0.0,9211.11,9211.11,45.0,0.5,0,0.0,0,0.0,0,0.0,0,0.0,1,414500.0,0.5
MPLADS-003423,3,13700000.0,4566666.67,4566700.0,4566600.0,4566700.0,57.74,2023-01-25,2023-05-20,115,57.5,57.5,0.71,76111.11,76111.67,60.0,0.3333,0,0.0,0,0.0,0,0.0,0,0.0,1,4566600.0,0.3333
MPLADS-003424,3,1787000.0,595666.67,595700.0,595600.0,595700.0,57.74,2024-01-24,2024-06-10,138,69.0,69.0,0.0,9927.78,9928.33,60.0,0.3334,0,0.0,0,0.0,0,0.0,0,0.0,1,595600.0,0.3333
MPLADS-003425,3,65077000.0,21692333.33,21692300.0,21692300.0,21692400.0,57.74,2024-01-06,2024-09-30,268,134.0,134.0,0.0,162692.5,162693.0,133.3,0.3333,0,0.0,0,0.0,0,0.0,0,0.0,1,21692400.0,0.3333
MPLADS-003426,3,2790000.0,930000.0,930000.0,930000.0,930000.0,0.0,2023-12-13,2024-03-20,98,49.0,49.0,0.0,17437.5,17437.5,53.3,0.3333,0,0.0,0,0.0,0,0.0,0,0.0,1,930000.0,0.3333
MPLADS-003427,3,2114000.0,704666.67,704700.0,704600.0,704700.0,57.74,2023-08-06,2023-11-23,109,54.5,54.5,0.71,13212.5,13213.12,53.3,0.3333,0,0.0,0,0.0,0,0.0,0,0.0,1,704600.0,0.3333
MPLADS-003428,3,2016000.0,672000.0,672000.0,672000.0,672000.0,0.0,2022-05-22,2022-10-07,138,69.0,69.0,0.0,11200.0,11200.0,60.0,0.3333,0,0.0,0,0.0,0,0.0,0,0.0,1,672000.0,0.3333
MPLADS-003429,3,2695000.0,898333.33,898300.0,898300.0,898400.0,57.74,2022-06-12,2022-10-20,130,65.0,65.0,0.0,12833.34,12834.29,70.0,0.3334,0,0.0,0,0.0,0,0.0,0,0.0,1,898400.0,0.3334
MPLADS-003430,3,2417000.0,805666.67,805700.0,805600.0,805700.0,57.74,2023-11-23,2024-04-26,155,77.5,77.5,0.71,11509.52,11510.0,70.0,0.3333,0,0.0,0,0.0,0,0.0,0,0.0,1,805600.0,0.3333
MPLADS-003431,3,16344000.0,5448000.0,5448000.0,5448000.0,5448000.0,0.0,2023-07-09,2024-04-21,287,143.5,143.5,0.71,40860.0,40860.0,133.3,0.3333,0,0.0,0,0.0,0,0.0,0,0.0,1,5448000.0,0.3333
MPLADS-003432,3,1591000.0,530333.33,530300.0,530300.0,530400.0,57.74,2022-04-19,2022-07-20,92,46.0,46.0,0.0,10606.67,10608.0,50.0,0.3334,0,0.0,0,0.0,0,0.0,0,0.0,1,530400.0,0.3334
MPLADS-003433,3,1398000.0,466000.0,466000.0,466000.0,466000.0,0.0,2023-06-26,2023-10-10,106,53.0,53.0,0.0,9320.0,9320.0,50.0,0.3333,0,0.0,0,0.0,0,0.0,0,0.0,1,466000.0,0.3333
MPLADS-003434,3,2753000.0,917666.67,917700.0,917600.0,917700.0,57.74,2024-02-11,2024-07-04,144,72.0,72.0,0.0,13109.52,13110.0,70.0,0.3333,0,0.0,0,0.0,0,0.0,0,0.0,1,917600.0,0.3333
MPLADS-003435,3,2054000.0,684666.67,684700.0,684600.0,684700.0,57.74,2023-02-09,2023-05-30,110,55.0,55.0,0.0,12837.5,12838.12,53.3,0.3333,0,0.0,0,0.0,0,0.0,0,0.0,1,684600.0,0.3333
MPLADS-003436,2,589000.0,294500.0,294500.0,294500.0,294500.0,0.0,2023-03-21,2023-04-24,34,34.0,34.0,0.0,9816.67,9816.67,30.0,0.5,0,0.0,0,0.0,0,0.0,0,0.0,1,294500.0,0.5
MPLADS-003437,2,591000.0,295500.0,295500.0,295500.0,295500.0,0.0,2023-07-11,2023-08-11,31,31.0,31.0,0.0,9850.0,9850.0,30.0,0.5,0,0.0,0,0.0,0,0.0,0,0.0,1,295500.0,0.5
MPLADS-003438,2,992000.0,496000.0,496000.0,496000.0,496000.0,0.0,2022-08-11,2022-09-19,39,39.0,39.0,0.0,11022.22,11022.22,45.0,0.5,0,0.0,0,0.0,2,1.0,0,0.0,1,496000.0,0.5
MPLADS-003439,3,13340000.0,4446666.67,4446700.0,4446600.0,4446700.0,57.74,2023-12-04,2024-09-16,287,143.5,143.5,0.71,33350.0,33350.25,133.3,0.3333,0,0.0,0,0.0,3,1.0,0,0.0,1,4446600.0,0.3333
MPLADS-003440,2,348000.0,174000.0,174000.0,174000.0,174000.0,0.0,2023-11-04,2023-12-14,40,40.0,40.0,0.0,5800.0,5800.0,30.0,0.5,0,0.0,0,0.0,0,0.0,0,0.0,1,174000.0,0.5
MPLADS-003441,3,1432000.0,477333.33,477300.0,477300.0,477400.0,57.74,2023-01-05,2023-04-15,100,50.0,50.0,0.0,11933.33,11935.0,40.0,0.3334,0,0.0,0,0.0,0,0.0,0,0.0,1,477400.0,0.3334
MPLADS-003442,3,1871000.0,623666.67,623700.0,623600.0,623700.0,57.74,2023-06-05,2023-10-08,125,62.5,62.5,0.71,11693.75,11694.38,53.3,0.3334,0,0.0,0,0.0,0,0.0,0,0.0,1,623600.0,0.3333
MPLADS-003443,2,826000.0,413000.0,413000.0,413000.0,413000.0,0.0,2023-07-28,2023-09-26,60,60.0,60.0,0.0,9177.78,9177.78,45.0,0.5,0,0.0,0,0.0,0,0.0,0,0.0,1,413000.0,0.5
MPLADS-003444,3,2053000.0,684333.33,684300.0,684300.0,684400.0,57.74,2023-10-25,2024-03-08,135,67.5,67.5,0.71,9776.19,9777.14,70.0,0.3334,0,0.0,0,0.0,0,0.0,0,0.0,1,684400.0,0.3334
MPLADS-003445,2,968000.0,484000.0,484000.0,484000.0,484000.0,0.0,2023-11-21,2024-01-03,43,43.0,43.0,0.0,10755.56,10755.56,45.0,0.5,0,0.0,0,0.0,0,0.0,0,0.0,1,484000.0,0.5
MPLADS-003446,3,12334000.0,4111333.33,4111300.0,4111300.0,4111400.0,57.74,2022-11-14,2023-08-21,280,140.0,140.0,0.0,30835.0,30835.5,133.3,0.3333,0,0.0,0,0.0,3,1.0,0,0.0,1,4111400.0,0.3333
MPLADS-003447,3,3093000.0,1031000.0,1031000.0,1031000.0,1031000.0,0.0,2022-09-05,2023-10-30,420,210.0,210.0,0.0,14728.57,14728.57,70.0,0.3333,0,0.0,0,0.0,0,0.0,0,0.0,1,1031000.0,0.3333
MPLADS-003448,3,2557000.0,852333.33,852300.0,852300.0,852400.0,57.74,2023-02-28,2023-07-03,125,62.5,62.5,0.71,15981.25,15982.5,53.3,0.3334,0,0.0,0,0.0,0,0.0,0,0.0,1,852400.0,0.3334
MPLADS-003449,3,2016000.0,672000.0,672000.0,672000.0,672000.0,0.0,2024-01-08,2025-05-02,480,240.0,240.0,0.0,11200.0,11200.0,60.0,0.3333,0,0.0,0,0.0,0,0.0,0,0.0,1,672000.0,0.3333
MPLADS-003450,3,9773000.0,3257666.67,3257700.0,3257600.0,3257700.0,57.74,2023-09-08,2024-01-12,126,63.0,63.0,0.0,54294.44,54295.0,60.0,0.3333,0,0.0,0,0.0,0,0.0,0,0.0,1,3257600.0,0.3333
MPLADS-003451,3,2577000.0,859000.0,859000.0,859000.0,859000.0,0.0,2023-10-09,2024-01-14,97,48.5,48.5,0.71,16106.25,16106.25,53.3,0.3333,0,0.0,0,0.0,0,0.0,0,0.0,1,859000.0,0.3333
MPLADS-003452,3,2307000.0,769000.0,769000.0,769000.0,769000.0,0.0,2022-12-10,2023-04-23,134,67.0,67.0,0.0,12816.67,12816.67,60.0,0.3333,0,0.0,0,0.0,0,0.0,0,0.0,1,769000.0,0.3333
MPLADS-003453,3,1828000.0,609333.33,609300.0,609300.0,609400.0,57.74,2023-03-31,2023-08-08,130,65.0,65.0,0.0,10155.56,10156.67,60.0,0.3334,0,0.0,0,0.0,0,0.0,0,0.0,1,609400.0,0.3334
MPLADS-003454,2,751000.0,375500.0,375500.0,375500.0,375500.0,0.0,2022-03-09,2022-04-23,45,45.0,45.0,0.0,8344.44,8344.44,45.0,0.5,0,0.0,0,0.0,0,0.0,0,0.0,1,375500.0,0.5
MPLADS-003455,3,1642000.0,547333.33,547300.0,547300.0,547400.0,57.74,2022-11-07,2023-03-05,118,59.0,59.0,0.0,10946.67,10948.0,50.0,0.3334,0,0.0,0,0.0,0,0.0,0,0.0,1,547400.0,0.3334
MPLADS-003456,3,2799000.0,933000.0,933000.0,933000.0,933000.0,0.0,2024-02-21,2024-06-16,116,58.0,58.0,0.0,15550.0,15550.0,60.0,0.3333,0,0.0,0,0.0,0,0.0,0,0.0,1,933000.0,0.3333
MPLADS-003457,2,437000.0,218500.0,218500.0,218500.0,218500.0,0.0,2022-12-28,2023-01-28,31,31.0,31.0,0.0,7283.33,7283.33,30.0,0.5,0,0.0,0,0.0,0,0.0,0,0.0,1,218500.0,0.5
MPLADS-003458,3,4192000.0,1397333.33,1397300.0,1397300.0,1397400.0,57.74,2023-09-04,2023-12-30,117,58.5,58.5,0.71,23288.89,23290.0,60.0,0.3333,0,0.0,0,0.0,0,0.0,0,0.0,1,1397400.0,0.3333
MPLADS-003459,2,850000.0,425000.0,425000.0,425000.0,425000.0,0.0,2022-08-25,2022-10-17,53,53.0,53.0,0.0,9444.44,9444.44,45.0,0.5,0,0.0,0,0.0,0,0.0,0,0.0,1,425000.0,0.5
MPLADS-003460,2,639000.0,319500.0,319500.0,319500.0,319500.0,0.0,2023-12-25,2024-01-23,29,29.0,29.0,0.0,10650.0,10650.0,30.0,0.5,0,0.0,0,0.0,2,1.0,0,0.0,1,319500.0,0.5
MPLADS-003461,3,1162000.0,387333.33,387300.0,387300.0,387400.0,57.74,2024-03-06,2024-07-06,122,61.0,61.0,0.0,7746.67,7748.0,50.0,0.3334,0,0.0,0,0.0,0,0.0,0,0.0,1,387400.0,0.3334
MPLADS-003462,3,1252000.0,417333.33,417300.0,417300.0,417400.0,57.74,2022-08-09,2022-11-23,106,53.0,53.0,0.0,8346.67,8348.0,50.0,0.3334,0,0.0,0,0.0,0,0.0,0,0.0,1,417400.0,0.3334
MPLADS-003463,3,1929000.0,643000.0,643000.0,643000.0,643000.0,0.0,2023-03-13,2023-07-08,117,58.5,58.5,0.71,12860.0,12860.0,50.0,0.3333,0,0.0,0,0.0,0,0.0,0,0.0,1,643000.0,0.3333
MPLADS-003464,3,3161000.0,1053666.67,1053700.0,1053600.0,1053700.0,57.74,2022-09-23,2022-12-02,70,35.0,35.0,0.0,35122.22,35123.33,30.0,0.3333,0,0.0,0,0.0,0,0.0,0,0.0,1,1053600.0,0.3333
MPLADS-003465,3,2927000.0,975666.67,975700.0,975600.0,975700.0,57.74,2024-08-24,2025-12-17,480,240.0,240.0,0.0,16261.11,16261.67,60.0,0.3333,0,0.0,0,0.0,0,0.0,0,0.0,1,975600.0,0.3333
MPLADS-003466,3,3243000.0,1081000.0,1081000.0,1081000.0,1081000.0,0.0,2023-09-17,2024-01-03,108,54.0,54.0,0.0,20268.75,20268.75,53.3,0.3333,0,0.0,0,0.0,0,0.0,0,0.0,1,1081000.0,0.3333
MPLADS-003467,3,10165000.0,3388333.33,3388300.0,3388300.0,3388400.0,57.74,2023-05-15,2024-02-25,286,143.0,143.0,0.0,25412.5,25413.0,133.3,0.3333,0,0.0,0,0.0,0,0.0,0,0.0,1,3388400.0,0.3333
MPLADS-003468,3,12570000.0,4190000.0,4190000.0,4190000.0,4190000.0,0.0,2023-10-19,2024-07-14,269,134.5,134.5,0.71,31425.0,31425.0,133.3,0.3333,0,0.0,0,0.0,3,1.0,0,0.0,1,4190000.0,0.3333
MPLADS-003469,3,15208000.0,5069333.33,5069300.0,5069300.0,5069400.0,57.74,2023-01-20,2023-11-03,287,143.5,143.5,0.71,38020.0,38020.5,133.3,0.3333,0,0.0,0,0.0,0,0.0,0,0.0,1,5069400.0,0.3333
MPLADS-003470,3,3884000.0,1294666.67,1294700.0,1294600.0,1294700.0,57.74,2022-08-18,2023-01-16,151,75.5,75.5,0.71,18495.24,18495.71,70.0,0.3333,0,0.0,0,0.0,0,0.0,0,0.0,1,1294600.0,0.3333
MPLADS-003471,3,2390000.0,796666.67,796700.0,796600.0,796700.0,57.74,2022-10-15,2023-02-12,120,60.0,60.0,0.0,13277.78,13278.33,60.0,0.3333,0,0.0,0,0.0,0,0.0,0,0.0,1,796600.0,0.3333
MPLADS-003472,2,769000.0,384500.0,384500.0,384500.0,384500.0,0.0,2022-04-26,2022-06-23,58,58.0,58.0,0.0,8544.44,8544.44,45.0,0.5,0,0.0,0,0.0,0,0.0,0,0.0,1,384500.0,0.5
MPLADS-003473,3,2284000.0,761333.33,761300.0,761300.0,761400.0,57.74,2023-11-17,2024-02-21,96,48.0,48.0,0.0,19033.33,19035.0,40.0,0.3334,0,0.0,0,0.0,0,0.0,0,0.0,1,761400.0,0.3334
MPLADS-003474,3,1758000.0,586000.0,586000.0,586000.0,586000.0,0.0,2023-08-07,2023-11-13,98,49.0,49.0,0.0,11720.0,11720.0,50.0,0.3333,0,0.0,0,0.0,0,0.0,0,0.0,1,586000.0,0.3333
MPLADS-003475,3,2710000.0,903333.33,903300.0,903300.0,903400.0,57.74,2022-07-20,2022-12-11,144,72.0,72.0,0.0,12904.76,12905.71,70.0,0.3334,0,0.0,0,0.0,0,0.0,0,0.0,1,903400.0,0.3334
MPLADS-003476,2,626000.0,313000.0,313000.0,313000.0,313000.0,0.0,2022-08-28,2022-10-05,38,38.0,38.0,0.0,10433.33,10433.33,30.0,0.5,0,0.0,0,0.0,0,0.0,0,0.0,1,313000.0,0.5
MPLADS-003477,2,966000.0,483000.0,483000.0,483000.0,483000.0,0.0,2023-02-05,2023-04-01,55,55.0,55.0,0.0,10733.33,10733.33,45.0,0.5,0,0.0,0,0.0,0,0.0,0,0.0,1,483000.0,0.5
MPLADS-003478,2,549000.0,274500.0,274500.0,274500.0,274500.0,0.0,2024-01-18,2024-02-22,35,35.0,35.0,0.0,9150.0,9150.0,30.0,0.5,0,0.0,0,0.0,0,0.0,0,0.0,1,274500.0,0.5
MPLADS-003479,3,1005000.0,335000.0,335000.0,335000.0,335000.0,0.0,2022-09-06,2022-10-30,54,27.0,27.0,0.0,11166.67,11166.67,30.0,0.3333,0,0.0,0,0.0,0,0.0,0,0.0,1,335000.0,0.3333
MPLADS-003480,3,2482000.0,827333.33,827300.0,827300.0,827400.0,57.74,2022-11-02,2023-03-11,129,64.5,64.5,0.71,13788.89,13790.0,60.0,0.3334,0,0.0,0,0.0,0,0.0,0,0.0,1,827400.0,0.3334
MPLADS-003481,2,851000.0,425500.0,425500.0,425500.0,425500.0,0.0,2023-07-24,2023-09-01,39,39.0,39.0,0.0,9455.56,9455.56,45.0,0.5,0,0.0,0,0.0,0,0.0,0,0.0,1,425500.0,0.5
MPLADS-003482,3,2093000.0,697666.67,697700.0,697600.0,697700.0,57.74,2022-05-22,2022-10-09,140,70.0,70.0,0.0,9966.66,9967.14,70.0,0.3333,0,0.0,0,0.0,0,0.0,0,0.0,1,697600.0,0.3333
MPLADS-003483,3,2339000.0,779666.67,779700.0,779600.0,779700.0,57.74,2023-01-23,2023-04-13,80,40.0,40.0,0.0,19491.67,19492.5,40.0,0.3333,0,0.0,0,0.0,0,0.0,0,0.0,1,779600.0,0.3333
MPLADS-003484,3,2860000.0,953333.33,953300.0,953300.0,953400.0,57.74,2023-12-10,2024-03-31,112,56.0,56.0,0.0,15888.89,15890.0,60.0,0.3334,0,0.0,0,0.0,3,1.0,0,0.0,1,953400.0,0.3334
MPLADS-003485,3,1558000.0,519333.33,519300.0,519300.0,519400.0,57.74,2022-05-21,2022-09-14,116,58.0,58.0,0.0,10386.67,10388.0,50.0,0.3334,0,0.0,0,0.0,0,0.0,0,0.0,1,519400.0,0.3334
MPLADS-003486,2,561000.0,280500.0,280500.0,280500.0,280500.0,0.0,2023-07-17,2023-09-08,53,53.0,53.0,0.0,6233.33,6233.33,45.0,0.5,0,0.0,0,0.0,0,0.0,0,0.0,1,280500.0,0.5
MPLADS-003487,3,3576000.0,1192000.0,1192000.0,1192000.0,1192000.0,0.0,2022-07-08,2022-12-15,160,80.0,80.0,0.0,17028.57,17028.57,70.0,0.3333,0,0.0,0,0.0,0,0.0,0,0.0,1,1192000.0,0.3333
MPLADS-003488,3,2316000.0,772000.0,772000.0,772000.0,772000.0,0.0,2022-10-18,2023-01-08,82,41.0,41.0,0.0,19300.0,19300.0,40.0,0.3333,0,0.0,0,0.0,0,0.0,0,0.0,1,772000.0,0.3333
MPLADS-003489,3,2119000.0,706333.33,706300.0,706300.0,706400.0,57.74,2023-02-21,2023-07-10,139,69.5,69.5,0.71,11772.22,11773.33,60.0,0.3334,0,0.0,0,0.0,0,0.0,0,0.0,1,706400.0,0.3334
MPLADS-003490,3,1417000.0,472333.33,472300.0,472300.0,472400.0,57.74,2023-10-02,2024-01-14,104,52.0,52.0,0.0,9446.67,9448.0,50.0,0.3334,0,0.0,0,0.0,0,0.0,0,0.0,1,472400.0,0.3334
MPLADS-003491,3,1575000.0,525000.0,525000.0,525000.0,525000.0,0.0,2022-09-03,2022-11-21,79,39.5,39.5,0.71,13125.0,13125.0,40.0,0.3333,0,0.0,0,0.0,0,0.0,0,0.0,1,525000.0,0.3333
MPLADS-003492,3,1532000.0,510666.67,510700.0,510600.0,510700.0,57.74,2023-01-21,2023-04-11,80,40.0,40.0,0.0,12766.67,12767.5,40.0,0.3334,0,0.0,1,0.3333,0,0.0,0,0.0,1,510600.0,0.3333
MPLADS-003493,2,516000.0,258000.0,258000.0,258000.0,258000.0,0.0,2023-09-22,2023-11-12,51,51.0,51.0,0.0,5733.33,5733.33,45.0,0.5,0,0.0,0,0.0,0,0.0,0,0.0,1,258000.0,0.5
MPLADS-003494,2,928000.0,464000.0,464000.0,464000.0,464000.0,0.0,2023-09-09,2024-04-21,225,225.0,225.0,0.0,6186.67,6186.67,75.0,0.5,0,0.0,0,0.0,0,0.0,0,0.0,1,464000.0,0.5
MPLADS-003495,3,15110000.0,5036666.67,5036700.0,5036600.0,5036700.0,57.74,2024-02-10,2024-11-02,266,133.0,133.0,0.0,37775.0,37775.25,133.3,0.3333,0,0.0,0,0.0,0,0.0,0,0.0,1,5036600.0,0.3333
MPLADS-003496,3,1784000.0,594666.67,594700.0,594600.0,594700.0,57.74,2023-02-09,2023-06-10,121,60.5,60.5,0.71,11893.33,11894.0,50.0,0.3334,0,0.0,0,0.0,0,0.0,0,0.0,1,594600.0,0.3333
MPLADS-003497,2,505000.0,252500.0,252500.0,252500.0,252500.0,0.0,2024-01-10,2024-04-10,91,91.0,91.0,0.0,3366.67,3366.67,75.0,0.5,0,0.0,0,0.0,0,0.0,0,0.0,1,252500.0,0.5
MPLADS-003498,3,1565000.0,521666.67,521700.0,521600.0,521700.0,57.74,2023-03-23,2023-06-02,71,35.5,35.5,0.71,13041.67,13042.5,40.0,0.3334,0,0.0,0,0.0,0,0.0,0,0.0,1,521600.0,0.3333
MPLADS-003499,3,1068000.0,356000.0,356000.0,356000.0,356000.0,0.0,2023-05-07,2023-07-16,70,35.0,35.0,0.0,11866.67,11866.67,30.0,0.3333,0,0.0,0,0.0,0,0.0,0,0.0,1,356000.0,0.3333
MPLADS-003500,3,14939000.0,4979666.67,4979700.0,4979600.0,4979700.0,57.74,2023-10-05,2024-07-15,284,142.0,142.0,0.0,37347.5,37347.75,133.3,0.3333,0,0.0,0,0.0,0,0.0,0,0.0,1,4979600.0,0.3333
MPLADS-003501,3,3214000.0,1071333.33,1071300.0,1071300.0,1071400.0,57.74,2022-06-20,2022-09-01,73,36.5,36.5,0.71,35711.11,35713.33,30.0,0.3334,0,0.0,0,0.0,0,0.0,0,0.0,1,1071400.0,0.3334
MPLADS-003502,3,2849000.0,949666.67,949700.0,949600.0,949700.0,57.74,2023-09-27,2024-02-13,139,69.5,69.5,0.71,13566.66,13567.14,70.0,0.3333,0,0.0,0,0.0,0,0.0,0,0.0,1,949600.0,0.3333
MPLADS-003503,3,2678000.0,892666.67,892700.0,892600.0,892700.0,57.74,2023-08-10,2023-12-10,122,61.0,61.0,0.0,16737.5,16738.12,53.3,0.3333,0,0.0,0,0.0,0,0.0,0,0.0,1,892600.0,0.3333
MPLADS-003504,3,9626000.0,3208666.67,3208700.0,3208600.0,3208700.0,57.74,2024-01-10,2024-10-09,273,136.5,136.5,0.71,24065.0,24065.25,133.3,0.3333,0,0.0,0,0.0,0,0.0,0,0.0,1,3208600.0,0.3333
MPLADS-003505,3,1216000.0,405333.33,405300.0,405300.0,405400.0,57.74,2022-09-05,2022-12-13,99,49.5,49.5,0.71,8106.67,8108.0,50.0,0.3334,0,0.0,0,0.0,0,0.0,0,0.0,1,405400.0,0.3334
MPLADS-003506,2,823000.0,411500.0,411500.0,411500.0,411500.0,0.0,2022-08-17,2022-10-15,59,59.0,59.0,0.0,9144.44,9144.44,45.0,0.5,0,0.0,0,0.0,0,0.0,0,0.0,1,411500.0,0.5
MPLADS-003507,2,657000.0,328500.0,328500.0,328500.0,328500.0,0.0,2022-06-06,2022-07-17,41,41.0,41.0,0.0,10950.0,10950.0,30.0,0.5,0,0.0,0,0.0,0,0.0,0,0.0,1,328500.0,0.5
MPLADS-003508,3,2892000.0,964000.0,964000.0,964000.0,964000.0,0.0,2022-09-02,2023-01-27,147,73.5,73.5,0.71,13771.43,13771.43,70.0,0.3333,0,0.0,0,0.0,0,0.0,0,0.0,1,964000.0,0.3333
MPLADS-003509,3,1711000.0,570333.33,570300.0,570300.0,570400.0,57.74,2022-08-17,2022-12-01,106,53.0,53.0,0.0,10693.75,10695.0,53.3,0.3334,0,0.0,0,0.0,0,0.0,0,0.0,1,570400.0,0.3334
MPLADS-003510,3,8914000.0,2971333.33,2971300.0,2971300.0,2971400.0,57.74,2023-01-17,2023-05-12,115,57.5,57.5,0.71,49522.22,49523.33,60.0,0.3333,0,0.0,0,0.0,0,0.0,0,0.0,1,2971400.0,0.3333
MPLADS-003511,3,1620000.0,540000.0,540000.0,540000.0,540000.0,0.0,2023-12-11,2024-03-22,102,51.0,51.0,0.0,13500.0,13500.0,40.0,0.3333,0,0.0,1,0.3333,0,0.0,0,0.0,1,540000.0,0.3333
MPLADS-003512,3,3128000.0,1042666.67,1042700.0,1042600.0,1042700.0,57.74,2022-06-07,2022-10-06,121,60.5,60.5,0.71,17377.78,17378.33,60.0,0.3333,0,0.0,0,0.0,0,0.0,0,0.0,1,1042600.0,0.3333
MPLADS-003513,3,3729000.0,1243000.0,1243000.0,1243000.0,1243000.0,0.0,2023-10-06,2024-03-08,154,77.0,77.0,0.0,17757.14,17757.14,70.0,0.3333,0,0.0,0,0.0,0,0.0,0,0.0,1,1243000.0,0.3333
MPLADS-003514,3,9330000.0,3110000.0,3110000.0,3110000.0,3110000.0,0.0,2023-09-30,2024-07-02,276,138.0,138.0,0.0,23325.0,23325.0,133.3,0.3333,0,0.0,0,0.0,0,0.0,0,0.0,1,3110000.0,0.3333
MPLADS-003515,3,1514000.0,504666.67,504700.0,504600.0,504700.0,57.74,2023-10-21,2024-01-24,95,47.5,47.5,0.71,10093.33,10094.0,50.0,0.3334,0,0.0,0,0.0,0,0.0,0,0.0,1,504600.0,0.3333
MPLADS-003516,3,1564000.0,521333.33,521300.0,521300.0,521400.0,57.74,2023-12-04,2024-02-24,82,41.0,41.0,0.0,13033.33,13035.0,40.0,0.3334,0,0.0,0,0.0,0,0.0,0,0.0,1,521400.0,0.3334
MPLADS-003517,3,8642000.0,2880666.67,2880700.0,2880600.0,2880700.0,57.74,2024-01-05,2024-04-17,103,51.5,51.5,0.71,57613.33,57614.0,50.0,0.3333,0,0.0,0,0.0,0,0.0,0,0.0,1,2880600.0,0.3333
MPLADS-003518,3,3469000.0,1156333.33,1156300.0,1156300.0,1156400.0,57.74,2024-02-23,2024-07-04,132,66.0,66.0,0.0,16519.05,16520.0,70.0,0.3334,0,0.0,0,0.0,0,0.0,0,0.0,1,1156400.0,0.3334
MPLADS-003519,2,323000.0,161500.0,161500.0,161500.0,161500.0,0.0,2023-03-13,2023-04-06,24,24.0,24.0,0.0,5383.33,5383.33,30.0,0.5,0,0.0,0,0.0,0,0.0,0,0.0,1,161500.0,0.5
MPLADS-003520,3,2797000.0,932333.33,932300.0,932300.0,932400.0,57.74,2024-01-07,2024-05-28,142,71.0,71.0,0.0,15538.89,15540.0,60.0,0.3334,0,0.0,0,0.0,3,1.0,0,0.0,1,932400.0,0.3334
MPLADS-003521,3,2736000.0,912000.0,912000.0,912000.0,912000.0,0.0,2022-10-30,2023-02-04,97,48.5,48.5,0.71,17100.0,17100.0,53.3,0.3333,0,0.0,0,0.0,0,0.0,0,0.0,1,912000.0,0.3333
MPLADS-003522,3,10197000.0,3399000.0,3399000.0,3399000.0,3399000.0,0.0,2023-12-04,2024-08-29,269,134.5,134.5,0.71,25492.5,25492.5,133.3,0.3333,0,0.0,0,0.0,0,0.0,0,0.0,1,3399000.0,0.3333
MPLADS-003523,3,1595000.0,531666.67,531700.0,531600.0,531700.0,57.74,2022-12-28,2024-02-28,427,213.5,213.5,0.71,9968.75,9969.38,53.3,0.3334,0,0.0,0,0.0,0,0.0,0,0.0,1,531600.0,0.3333
MPLADS-003524,3,3533000.0,1177666.67,1177700.0,1177600.0,1177700.0,57.74,2023-12-14,2024-05-12,150,75.0,75.0,0.0,16823.81,16824.29,70.0,0.3333,0,0.0,0,0.0,0,0.0,0,0.0,1,1177600.0,0.3333
MPLADS-003525,3,1818000.0,606000.0,606000.0,606000.0,606000.0,0.0,2022-06-11,2022-10-02,113,56.5,56.5,0.71,12120.0,12120.0,50.0,0.3333,0,0.0,0,0.0,0,0.0,0,0.0,1,606000.0,0.3333
MPLADS-003526,3,1124000.0,374666.67,374700.0,374600.0,374700.0,57.74,2023-03-04,2023-06-10,98,49.0,49.0,0.0,7493.33,7494.0,50.0,0.3334,0,0.0,0,0.0,0,0.0,0,0.0,1,374600.0,0.3333
MPLADS-003527,2,613000.0,306500.0,306500.0,306500.0,306500.0,0.0,2024-01-29,2024-03-13,44,44.0,44.0,0.0,6811.11,6811.11,45.0,0.5,0,0.0,1,0.5,0,0.0,0,0.0,1,306500.0,0.5
MPLADS-003528,2,593000.0,296500.0,296500.0,296500.0,296500.0,0.0,2022-05-10,2022-06-08,29,29.0,29.0,0.0,9883.33,9883.33,30.0,0.5,0,0.0,0,0.0,0,0.0,0,0.0,1,296500.0,0.5
MPLADS-003529,3,2263000.0,754333.33,754300.0,754300.0,754400.0,57.74,2023-01-11,2023-04-29,108,54.0,54.0,0.0,14143.75,14145.0,53.3,0.3334,0,0.0,0,0.0,3,1.0,0,0.0,1,754400.0,0.3334
MPLADS-003530,3,13776000.0,4592000.0,4592000.0,4592000.0,4592000.0,0.0,2022-05-04,2022-09-23,142,71.0,71.0,0.0,76533.33,76533.33,60.0,0.3333,0,0.0,0,0.0,0,0.0,0,0.0,1,4592000.0,0.3333
MPLADS-003531,2,791000.0,395500.0,395500.0,395500.0,395500.0,0.0,2023-02-11,2023-03-27,44,44.0,44.0,0.0,8788.89,8788.89,45.0,0.5,0,0.0,0,0.0,0,0.0,0,0.0,1,395500.0,0.5
MPLADS-003532,2,646000.0,323000.0,323000.0,323000.0,323000.0,0.0,2024-01-27,2024-03-12,45,45.0,45.0,0.0,10766.67,10766.67,30.0,0.5,0,0.0,0,0.0,0,0.0,0,0.0,1,323000.0,0.5
MPLADS-003533,2,623000.0,311500.0,311500.0,311500.0,311500.0,0.0,2023-01-03,2023-02-11,39,39.0,39.0,0.0,10383.33,10383.33,30.0,0.5,0,0.0,0,0.0,2,1.0,0,0.0,1,311500.0,0.5
MPLADS-003534,2,417000.0,208500.0,208500.0,208500.0,208500.0,0.0,2023-07-12,2023-08-22,41,41.0,41.0,0.0,6950.0,6950.0,30.0,0.5,0,0.0,0,0.0,0,0.0,0,0.0,1,208500.0,0.5
MPLADS-003535,3,2753000.0,917666.67,917700.0,917600.0,917700.0,57.74,2024-03-10,2024-08-09,152,76.0,76.0,0.0,13109.52,13110.0,70.0,0.3333,0,0.0,0,0.0,0,0.0,0,0.0,1,917600.0,0.3333
MPLADS-003536,3,1371000.0,457000.0,457000.0,457000.0,457000.0,0.0,2023-03-27,2023-07-05,100,50.0,50.0,0.0,9140.0,9140.0,50.0,0.3333,0,0.0,0,0.0,0,0.0,0,0.0,1,457000.0,0.3333
MPLADS-003537,3,3020000.0,1006666.67,1006700.0,1006600.0,1006700.0,57.74,2023-10-13,2024-02-04,114,57.0,57.0,0.0,16777.78,16778.33,60.0,0.3333,0,0.0,0,0.0,0,0.0,0,0.0,1,1006600.0,0.3333
MPLADS-003538,2,399000.0,199500.0,199500.0,199500.0,199500.0,0.0,2023-10-18,2023-12-02,45,45.0,45.0,0.0,6650.0,6650.0,30.0,0.5,0,0.0,0,0.0,0,0.0,0,0.0,1,199500.0,0.5
MPLADS-003539,3,9815000.0,3271666.67,3271700.0,3271600.0,3271700.0,57.74,2023-08-14,2024-05-18,278,139.0,139.0,0.0,24537.5,24537.75,133.3,0.3333,0,0.0,0,0.0,0,0.0,0,0.0,1,3271600.0,0.3333
MPLADS-003540,3,2498000.0,832666.67,832700.0,832600.0,832700.0,57.74,2022-11-11,2023-03-08,117,58.5,58.5,0.71,13877.78,13878.33,60.0,0.3333,0,0.0,0,0.0,3,1.0,0,0.0,1,832600.0,0.3333
MPLADS-003541,2,442000.0,221000.0,221000.0,221000.0,221000.0,0.0,2023-03-12,2023-04-11,30,30.0,30.0,0.0,7366.67,7366.67,30.0,0.5,0,0.0,1,0.5,0,0.0,0,0.0,1,221000.0,0.5
MPLADS-003542,3,1759000.0,586333.33,586300.0,586300.0,586400.0,57.74,2023-04-05,2023-08-03,120,60.0,60.0,0.0,11726.67,11728.0,50.0,0.3334,0,0.0,0,0.0,0,0.0,0,0.0,1,586400.0,0.3334
MPLADS-003543,3,11576000.0,3858666.67,3858700.0,3858600.0,3858700.0,57.74,2023-06-10,2024-03-07,271,135.5,135.5,0.71,28940.0,28940.25,133.3,0.3333,0,0.0,0,0.0,0,0.0,0,0.0,1,3858600.0,0.3333
MPLADS-003544,3,2070000.0,690000.0,690000.0,690000.0,690000.0,0.0,2023-10-17,2024-03-26,161,80.5,80.5,0.71,9857.14,9857.14,70.0,0.3333,0,0.0,0,0.0,0,0.0,0,0.0,1,690000.0,0.3333
MPLADS-003545,2,626000.0,313000.0,313000.0,313000.0,313000.0,0.0,2023-03-14,2023-05-07,54,54.0,54.0,0.0,6955.56,6955.56,45.0,0.5,0,0.0,0,0.0,0,0.0,0,0.0,1,313000.0,0.5
MPLADS-003546,2,828000.0,414000.0,414000.0,414000.0,414000.0,0.0,2022-05-03,2022-06-12,40,40.0,40.0,0.0,9200.0,9200.0,45.0,0.5,0,0.0,0,0.0,0,0.0,0,0.0,1,414000.0,0.5
MPLADS-003547,3,1692000.0,564000.0,564000.0,564000.0,564000.0,0.0,2023-07-27,2023-11-23,119,59.5,59.5,0.71,10575.0,10575.0,53.3,0.3333,0,0.0,0,0.0,0,0.0,0,0.0,1,564000.0,0.3333
MPLADS-003548,3,2992000.0,997333.33,997300.0,997300.0,997400.0,57.74,2022-07-27,2022-12-14,140,70.0,70.0,0.0,16622.22,16623.33,60.0,0.3334,0,0.0,0,0.0,0,0.0,0,0.0,1,997400.0,0.3334
MPLADS-003549,2,604000.0,302000.0,302000.0,302000.0,302000.0,0.0,2023-07-13,2023-08-24,42,42.0,42.0,0.0,6711.11,6711.11,45.0,0.5,0,0.0,0,0.0,0,0.0,0,0.0,1,302000.0,0.5
MPLADS-003550,3,2935000.0,978333.33,978300.0,978300.0,978400.0,57.74,2022-10-12,2023-03-03,142,71.0,71.0,0.0,16305.56,16306.67,60.0,0.3334,0,0.0,0,0.0,0,0.0,0,0.0,1,978400.0,0.3334
MPLADS-003551,2,350000.0,175000.0,175000.0,175000.0,175000.0,0.0,2022-06-17,2022-08-01,45,45.0,45.0,0.0,5833.33,5833.33,30.0,0.5,0,0.0,0,0.0,0,0.0,0,0.0,1,175000.0,0.5
MPLADS-003552,2,463000.0,231500.0,231500.0,231500.0,231500.0,0.0,2023-07-21,2023-09-04,45,45.0,45.0,0.0,7716.67,7716.67,30.0,0.5,0,0.0,0,0.0,0,0.0,0,0.0,1,231500.0,0.5
MPLADS-003553,3,1800000.0,600000.0,600000.0,600000.0,600000.0,0.0,2022-03-22,2022-07-13,113,56.5,56.5,0.71,10000.0,10000.0,60.0,0.3333,0,0.0,1,0.3333,0,0.0,3,1.0,1,600000.0,0.3333
MPLADS-003554,3,1412000.0,470666.67,470700.0,470600.0,470700.0,57.74,2022-05-29,2022-09-06,100,50.0,50.0,0.0,9413.33,9414.0,50.0,0.3334,0,0.0,0,0.0,0,0.0,0,0.0,1,470600.0,0.3333
MPLADS-003555,3,3156000.0,1052000.0,1052000.0,1052000.0,1052000.0,0.0,2024-01-04,2024-05-21,138,69.0,69.0,0.0,17533.33,17533.33,60.0,0.3333,0,0.0,1,0.3333,0,0.0,0,0.0,1,1052000.0,0.3333
MPLADS-003556,3,1412000.0,470666.67,470700.0,470600.0,470700.0,57.74,2022-09-23,2022-12-11,79,39.5,39.5,0.71,11766.67,11767.5,40.0,0.3334,0,0.0,0,0.0,0,0.0,0,0.0,1,470600.0,0.3333
MPLADS-003557,3,1017000.0,339000.0,339000.0,339000.0,339000.0,0.0,2022-09-02,2022-10-09,37,18.5,18.5,0.71,16950.0,16950.0,20.0,0.3333,0,0.0,0,0.0,0,0.0,0,0.0,1,339000.0,0.3333
MPLADS-003558,3,1750000.0,583333.33,583300.0,583300.0,583400.0,57.74,2023-07-28,2023-11-08,103,51.5,51.5,0.71,11666.67,11668.0,50.0,0.3334,0,0.0,0,0.0,0,0.0,0,0.0,1,583400.0,0.3334
MPLADS-003559,3,2304000.0,768000.0,768000.0,768000.0,768000.0,0.0,2024-02-11,2024-07-02,142,71.0,71.0,0.0,12800.0,12800.0,60.0,0.3333,0,0.0,0,0.0,0,0.0,0,0.0,1,768000.0,0.3333
MPLADS-003560,3,1589000.0,529666.67,529700.0,529600.0,529700.0,57.74,2022-06-02,2022-09-12,102,51.0,51.0,0.0,10593.33,10594.0,50.0,0.3334,0,0.0,0,0.0,0,0.0,0,0.0,1,529600.0,0.3333
MPLADS-003561,3,9787000.0,3262333.33,3262300.0,3262300.0,3262400.0,57.74,2023-06-05,2024-02-20,260,130.0,130.0,0.0,24467.5,24468.0,133.3,0.3333,0,0.0,0,0.0,0,0.0,0,0.0,1,3262400.0,0.3333
MPLADS-003562,3,2193000.0,731000.0,731000.0,731000.0,731000.0,0.0,2023-06-11,2024-02-06,240,120.0,120.0,0.0,18275.0,18275.0,40.0,0.3333,0,0.0,0,0.0,0,0.0,0,0.0,1,731000.0,0.3333
MPLADS-003563,3,1331000.0,443666.67,443700.0,443600.0,443700.0,57.74,2023-06-17,2023-10-17,122,61.0,61.0,0.0,8873.33,8874.0,50.0,0.3334,0,0.0,0,0.0,0,0.0,0,0.0,1,443600.0,0.3333
MPLADS-003564,3,2117000.0,705666.67,705700.0,705600.0,705700.0,57.74,2023-12-03,2024-02-11,70,35.0,35.0,0.0,17641.67,17642.5,40.0,0.3333,0,0.0,0,0.0,0,0.0,0,0.0,1,705600.0,0.3333
MPLADS-003565,3,9174000.0,3058000.0,3058000.0,3058000.0,3058000.0,0.0,2022-08-25,2023-05-28,276,138.0,138.0,0.0,22935.0,22935.0,133.3,0.3333,0,0.0,0,0.0,0,0.0,0,0.0,1,3058000.0,0.3333
MPLADS-003566,3,16211000.0,5403666.67,5403700.0,5403600.0,5403700.0,57.74,2023-09-20,2024-06-18,272,136.0,136.0,0.0,40527.5,40527.75,133.3,0.3333,0,0.0,0,0.0,0,0.0,0,0.0,1,5403600.0,0.3333
MPLADS-003567,3,1271000.0,423666.67,423700.0,423600.0,423700.0,57.74,2024-02-14,2024-05-28,104,52.0,52.0,0.0,8473.33,8474.0,50.0,0.3334,0,0.0,0,0.0,0,0.0,0,0.0,1,423600.0,0.3333
MPLADS-003568,2,559000.0,279500.0,279500.0,279500.0,279500.0,0.0,2023-03-29,2023-04-25,27,27.0,27.0,0.0,9316.67,9316.67,30.0,0.5,0,0.0,1,0.5,0,0.0,0,0.0,1,279500.0,0.5
MPLADS-003569,3,15337000.0,5112333.33,5112300.0,5112300.0,5112400.0,57.74,2022-08-17,2023-05-10,266,133.0,133.0,0.0,38342.5,38343.0,133.3,0.3333,0,0.0,0,0.0,0,0.0,0,0.0,1,5112400.0,0.3333
MPLADS-003570,3,1797000.0,599000.0,599000.0,599000.0,599000.0,0.0,2023-09-02,2023-10-18,46,23.0,23.0,0.0,29950.0,29950.0,20.0,0.3333,0,0.0,0,0.0,0,0.0,0,0.0,1,599000.0,0.3333
MPLADS-003571,2,355000.0,177500.0,177500.0,177500.0,177500.0,0.0,2023-11-22,2024-01-03,42,42.0,42.0,0.0,5916.67,5916.67,30.0,0.5,0,0.0,0,0.0,0,0.0,0,0.0,1,177500.0,0.5
MPLADS-003572,3,1041000.0,347000.0,347000.0,347000.0,347000.0,0.0,2023-12-05,2024-03-24,110,55.0,55.0,0.0,6940.0,6940.0,50.0,0.3333,0,0.0,0,0.0,0,0.0,0,0.0,1,347000.0,0.3333
MPLADS-003573,2,938000.0,469000.0,469000.0,469000.0,469000.0,0.0,2022-05-12,2022-06-22,41,41.0,41.0,0.0,10422.22,10422.22,45.0,0.5,0,0.0,0,0.0,0,0.0,0,0.0,1,469000.0,0.5
MPLADS-003574,3,1094000.0,364666.67,364700.0,364600.0,364700.0,57.74,2022-06-16,2022-10-17,123,61.5,61.5,0.71,7293.33,7294.0,50.0,0.3334,0,0.0,0,0.0,0,0.0,0,0.0,1,364600.0,0.3333
MPLADS-003575,3,2493000.0,831000.0,831000.0,831000.0,831000.0,0.0,2023-03-08,2023-07-17,131,65.5,65.5,0.71,13850.0,13850.0,60.0,0.3333,0,0.0,0,0.0,0,0.0,0,0.0,1,831000.0,0.3333
MPLADS-003576,3,1687000.0,562333.33,562300.0,562300.0,562400.0,57.74,2023-12-14,2024-03-22,99,49.5,49.5,0.71,11246.67,11248.0,50.0,0.3334,0,0.0,0,0.0,0,0.0,0,0.0,1,562400.0,0.3334
MPLADS-003577,3,11072000.0,3690666.67,3690700.0,3690600.0,3690700.0,57.74,2023-03-13,2023-12-24,286,143.0,143.0,0.0,27680.0,27680.25,133.3,0.3333,0,0.0,0,0.0,0,0.0,0,0.0,1,3690600.0,0.3333
MPLADS-003578,3,2811000.0,937000.0,937000.0,937000.0,937000.0,0.0,2024-04-06,2025-06-07,427,213.5,213.5,0.71,17568.75,17568.75,53.3,0.3333,0,0.0,0,0.0,0,0.0,0,0.0,1,937000.0,0.3333
MPLADS-003579,3,3271000.0,1090333.33,1090300.0,1090300.0,1090400.0,57.74,2022-10-10,2023-03-16,157,78.5,78.5,0.71,15576.19,15577.14,70.0,0.3334,0,0.0,0,0.0,0,0.0,0,0.0,1,1090400.0,0.3334
MPLADS-003580,3,1892000.0,630666.67,630700.0,630600.0,630700.0,57.74,2022-09-16,2023-01-06,112,56.0,56.0,0.0,11825.0,11825.62,53.3,0.3334,0,0.0,0,0.0,0,0.0,0,0.0,1,630600.0,0.3333
MPLADS-003581,3,1671000.0,557000.0,557000.0,557000.0,557000.0,0.0,2023-01-04,2023-05-01,117,58.5,58.5,0.71,10443.75,10443.75,53.3,0.3333,0,0.0,1,0.3333,0,0.0,0,0.0,1,557000.0,0.3333
MPLADS-003582,3,2808000.0,936000.0,936000.0,936000.0,936000.0,0.0,2024-01-29,2024-07-07,160,80.0,80.0,0.0,13371.43,13371.43,70.0,0.3333,0,0.0,0,0.0,0,0.0,0,0.0,1,936000.0,0.3333
MPLADS-003583,3,3277000.0,1092333.33,1092300.0,1092300.0,1092400.0,57.74,2023-07-10,2023-12-15,158,79.0,79.0,0.0,15604.76,15605.71,70.0,0.3334,0,0.0,0,0.0,0,0.0,0,0.0,1,1092400.0,0.3334
MPLADS-003584,3,2026000.0,675333.33,675300.0,675300.0,675400.0,57.74,2023-10-09,2024-02-02,116,58.0,58.0,0.0,12662.5,12663.75,53.3,0.3334,0,0.0,0,0.0,0,0.0,0,0.0,1,675400.0,0.3334
MPLADS-003585,2,921000.0,460500.0,460500.0,460500.0,460500.0,0.0,2023-08-14,2023-10-14,61,61.0,61.0,0.0,10233.33,10233.33,45.0,0.5,0,0.0,0,0.0,0,0.0,0,0.0,1,460500.0,0.5
MPLADS-003586,2,767000.0,383500.0,383500.0,383500.0,383500.0,0.0,2023-08-12,2023-09-30,49,49.0,49.0,0.0,8522.22,8522.22,45.0,0.5,0,0.0,0,0.0,0,0.0,0,0.0,1,383500.0,0.5
MPLADS-003587,3,11746000.0,3915333.33,3915300.0,3915300.0,3915400.0,57.74,2022-11-14,2023-08-17,276,138.0,138.0,0.0,29365.0,29365.5,133.3,0.3333,0,0.0,0,0.0,0,0.0,0,0.0,1,3915400.0,0.3333
MPLADS-003588,3,3220000.0,1073333.33,1073300.0,1073300.0,1073400.0,57.74,2023-03-25,2023-07-17,114,57.0,57.0,0.0,17888.89,17890.0,60.0,0.3334,0,0.0,0,0.0,0,0.0,0,0.0,1,1073400.0,0.3334
MPLADS-003589,2,516000.0,258000.0,258000.0,258000.0,258000.0,0.0,2022-07-29,2022-08-23,25,25.0,25.0,0.0,8600.0,8600.0,30.0,0.5,0,0.0,0,0.0,0,0.0,0,0.0,1,258000.0,0.5
MPLADS-003590,3,2648000.0,882666.67,882700.0,882600.0,882700.0,57.74,2022-08-08,2022-12-16,130,65.0,65.0,0.0,14711.11,14711.67,60.0,0.3333,0,0.0,0,0.0,0,0.0,0,0.0,1,882600.0,0.3333
MPLADS-003591,3,8295000.0,2765000.0,2765000.0,2765000.0,2765000.0,0.0,2022-06-25,2022-10-23,120,60.0,60.0,0.0,46083.33,46083.33,60.0,0.3333,0,0.0,0,0.0,0,0.0,0,0.0,1,2765000.0,0.3333
MPLADS-003592,3,1692000.0,564000.0,564000.0,564000.0,564000.0,0.0,2022-09-03,2022-11-12,70,35.0,35.0,0.0,14100.0,14100.0,40.0,0.3333,0,0.0,0,0.0,0,0.0,0,0.0,1,564000.0,0.3333
MPLADS-003593,3,12888000.0,4296000.0,4296000.0,4296000.0,4296000.0,0.0,2023-10-19,2024-07-28,283,141.5,141.5,0.71,32220.0,32220.0,133.3,0.3333,0,0.0,0,0.0,0,0.0,0,0.0,1,4296000.0,0.3333
MPLADS-003594,3,1525000.0,508333.33,508300.0,508300.0,508400.0,57.74,2022-06-22,2022-09-22,92,46.0,46.0,0.0,10166.67,10168.0,50.0,0.3334,0,0.0,0,0.0,0,0.0,0,0.0,1,508400.0,0.3334
MPLADS-003595,2,792000.0,396000.0,396000.0,396000.0,396000.0,0.0,2022-07-01,2022-08-20,50,50.0,50.0,0.0,8800.0,8800.0,45.0,0.5,0,0.0,0,0.0,0,0.0,0,0.0,1,396000.0,0.5
MPLADS-003596,3,7257000.0,2419000.0,2419000.0,2419000.0,2419000.0,0.0,2023-10-22,2024-07-31,283,141.5,141.5,0.71,18142.5,18142.5,133.3,0.3333,0,0.0,1,0.3333,0,0.0,0,0.0,1,2419000.0,0.3333
MPLADS-003597,3,1564000.0,521333.33,521300.0,521300.0,521400.0,57.74,2023-03-04,2023-06-16,104,52.0,52.0,0.0,10426.67,10428.0,50.0,0.3334,0,0.0,0,0.0,0,0.0,0,0.0,1,521400.0,0.3334
MPLADS-003598,2,804000.0,402000.0,402000.0,402000.0,402000.0,0.0,2022-11-28,2023-01-11,44,44.0,44.0,0.0,8933.33,8933.33,45.0,0.5,0,0.0,0,0.0,0,0.0,0,0.0,1,402000.0,0.5
MPLADS-003599,2,934000.0,467000.0,467000.0,467000.0,467000.0,0.0,2022-10-30,2022-12-18,49,49.0,49.0,0.0,10377.78,10377.78,45.0,0.5,0,0.0,0,0.0,0,0.0,0,0.0,1,467000.0,0.5
MPLADS-003600,2,671000.0,335500.0,335500.0,335500.0,335500.0,0.0,2022-07-15,2022-11-12,120,120.0,120.0,0.0,11183.33,11183.33,30.0,0.5,0,0.0,0,0.0,0,0.0,0,0.0,1,335500.0,0.5
MPLADS-003601,3,3610000.0,1203333.33,1203300.0,1203300.0,1203400.0,57.74,2022-08-13,2023-01-08,148,74.0,74.0,0.0,17190.48,17191.43,70.0,0.3334,0,0.0,0,0.0,0,0.0,0,0.0,1,1203400.0,0.3334
MPLADS-003602,3,2329000.0,776333.33,776300.0,776300.0,776400.0,57.74,2022-12-15,2023-04-25,131,65.5,65.5,0.71,12938.89,12940.0,60.0,0.3334,0,0.0,0,0.0,3,1.0,0,0.0,1,776400.0,0.3334
MPLADS-003603,3,1422000.0,474000.0,474000.0,474000.0,474000.0,0.0,2022-05-27,2022-08-27,92,46.0,46.0,0.0,9480.0,9480.0,50.0,0.3333,0,0.0,0,0.0,0,0.0,0,0.0,1,474000.0,0.3333
MPLADS-003604,3,3667000.0,1222333.33,1222300.0,1222300.0,1222400.0,57.74,2022-08-31,2023-01-08,130,65.0,65.0,0.0,17461.91,17462.86,70.0,0.3334,0,0.0,0,0.0,0,0.0,0,0.0,1,1222400.0,0.3334
MPLADS-003605,2,805000.0,402500.0,402500.0,402500.0,402500.0,0.0,2022-05-25,2022-06-23,29,29.0,29.0,0.0,13416.67,13416.67,30.0,0.5,0,0.0,0,0.0,0,0.0,0,0.0,1,402500.0,0.5
MPLADS-003606,3,58060000.0,19353333.33,19353300.0,19353300.0,19353400.0,57.74,2022-10-27,2023-07-26,272,136.0,136.0,0.0,145150.0,145150.5,133.3,0.3333,0,0.0,0,0.0,0,0.0,0,0.0,1,19353400.0,0.3333
MPLADS-003607,3,2913000.0,971000.0,971000.0,971000.0,971000.0,0.0,2023-04-27,2023-09-16,142,71.0,71.0,0.0,16183.33,16183.33,60.0,0.3333,0,0.0,0,0.0,0,0.0,0,0.0,1,971000.0,0.3333
MPLADS-003608,2,453000.0,226500.0,226500.0,226500.0,226500.0,0.0,2023-09-25,2023-11-05,41,41.0,41.0,0.0,7550.0,7550.0,30.0,0.5,0,0.0,0,0.0,0,0.0,0,0.0,1,226500.0,0.5
MPLADS-003609,3,2394000.0,798000.0,798000.0,798000.0,798000.0,0.0,2023-06-09,2023-11-18,162,81.0,81.0,0.0,11400.0,11400.0,70.0,0.3333,0,0.0,0,0.0,0,0.0,0,0.0,1,798000.0,0.3333
MPLADS-003610,2,341000.0,170500.0,170500.0,170500.0,170500.0,0.0,2022-04-19,2022-05-23,34,34.0,34.0,0.0,5683.33,5683.33,30.0,0.5,0,0.0,0,0.0,0,0.0,0,0.0,1,170500.0,0.5
MPLADS-003611,3,4380000.0,1460000.0,1460000.0,1460000.0,1460000.0,0.0,2023-08-03,2024-01-03,153,76.5,76.5,0.71,20857.14,20857.14,70.0,0.3333,0,0.0,0,0.0,0,0.0,0,0.0,1,1460000.0,0.3333
MPLADS-003612,3,1670000.0,556666.67,556700.0,556600.0,556700.0,57.74,2022-06-24,2022-09-06,74,37.0,37.0,0.0,13916.67,13917.5,40.0,0.3334,0,0.0,0,0.0,0,0.0,0,0.0,1,556600.0,0.3333
MPLADS-003613,3,2324000.0,774666.67,774700.0,774600.0,774700.0,57.74,2023-03-04,2023-06-25,113,56.5,56.5,0.71,14525.0,14525.62,53.3,0.3333,0,0.0,0,0.0,0,0.0,0,0.0,1,774600.0,0.3333
MPLADS-003614,2,711000.0,355500.0,355500.0,355500.0,355500.0,0.0,2023-04-20,2023-06-10,51,51.0,51.0,0.0,7900.0,7900.0,45.0,0.5,0,0.0,0,0.0,0,0.0,0,0.0,1,355500.0,0.5
MPLADS-003615,2,661000.0,330500.0,330500.0,330500.0,330500.0,0.0,2022-07-31,2022-09-27,58,58.0,58.0,0.0,7344.44,7344.44,45.0,0.5,0,0.0,0,0.0,0,0.0,0,0.0,1,330500.0,0.5
MPLADS-003616,3,10129000.0,3376333.33,3376300.0,3376300.0,3376400.0,57.74,2023-03-24,2023-12-11,262,131.0,131.0,0.0,25322.5,25323.0,133.3,0.3333,0,0.0,0,0.0,0,0.0,0,0.0,1,3376400.0,0.3333
MPLADS-003617,3,15052000.0,5017333.33,5017300.0,5017300.0,5017400.0,57.74,2022-10-05,2023-07-19,287,143.5,143.5,0.71,37630.0,37630.5,133.3,0.3333,0,0.0,0,0.0,0,0.0,0,0.0,1,5017400.0,0.3333
MPLADS-003618,3,2616000.0,872000.0,872000.0,872000.0,872000.0,0.0,2023-07-09,2023-12-09,153,76.5,76.5,0.71,12457.14,12457.14,70.0,0.3333,0,0.0,0,0.0,3,1.0,0,0.0,1,872000.0,0.3333
MPLADS-003619,3,2640000.0,880000.0,880000.0,880000.0,880000.0,0.0,2023-01-03,2023-04-30,117,58.5,58.5,0.71,14666.67,14666.67,60.0,0.3333,0,0.0,0,0.0,0,0.0,0,0.0,1,880000.0,0.3333
MPLADS-003620,3,11411000.0,3803666.67,3803700.0,3803600.0,3803700.0,57.74,2023-06-13,2024-02-28,260,130.0,130.0,0.0,28527.5,28527.75,133.3,0.3333,0,0.0,0,0.0,0,0.0,0,0.0,1,3803600.0,0.3333
MPLADS-003621,2,621000.0,310500.0,310500.0,310500.0,310500.0,0.0,2022-11-09,2023-01-01,53,53.0,53.0,0.0,6900.0,6900.0,45.0,0.5,0,0.0,0,0.0,0,0.0,0,0.0,1,310500.0,0.5
MPLADS-003622,3,1342000.0,447333.33,447300.0,447300.0,447400.0,57.74,2022-03-19,2022-06-28,101,50.5,50.5,0.71,8946.67,8948.0,50.0,0.3334,0,0.0,0,0.0,3,1.0,0,0.0,1,447400.0,0.3334
MPLADS-003623,3,2965000.0,988333.33,988300.0,988300.0,988400.0,57.74,2022-07-08,2022-10-22,106,53.0,53.0,0.0,18531.25,18532.5,53.3,0.3334,0,0.0,0,0.0,0,0.0,0,0.0,1,988400.0,0.3334
MPLADS-003624,3,1499000.0,499666.67,499700.0,499600.0,499700.0,57.74,2023-03-12,2023-06-09,89,44.5,44.5,0.71,12491.67,12492.5,40.0,0.3334,0,0.0,1,0.3333,0,0.0,0,0.0,1,499600.0,0.3333
MPLADS-003625,2,992000.0,496000.0,496000.0,496000.0,496000.0,0.0,2023-06-26,2023-08-04,39,39.0,39.0,0.0,11022.22,11022.22,45.0,0.5,0,0.0,0,0.0,0,0.0,0,0.0,1,496000.0,0.5
MPLADS-003626,3,1673000.0,557666.67,557700.0,557600.0,557700.0,57.74,2022-05-18,2022-09-22,127,63.5,63.5,0.71,10456.25,10456.88,53.3,0.3334,0,0.0,0,0.0,0,0.0,0,0.0,1,557600.0,0.3333
MPLADS-003627,3,1159000.0,386333.33,386300.0,386300.0,386400.0,57.74,2024-03-03,2024-06-08,97,48.5,48.5,0.71,7726.67,7728.0,50.0,0.3334,0,0.0,0,0.0,0,0.0,0,0.0,1,386400.0,0.3334
MPLADS-003628,3,2296000.0,765333.33,765300.0,765300.0,765400.0,57.74,2023-08-18,2023-11-24,98,49.0,49.0,0.0,14350.0,14351.25,53.3,0.3334,0,0.0,0,0.0,0,0.0,0,0.0,1,765400.0,0.3334
MPLADS-003629,2,791000.0,395500.0,395500.0,395500.0,395500.0,0.0,2022-12-26,2023-02-05,41,41.0,41.0,0.0,8788.89,8788.89,45.0,0.5,0,0.0,0,0.0,0,0.0,0,0.0,1,395500.0,0.5
MPLADS-003630,3,2243000.0,747666.67,747700.0,747600.0,747700.0,57.74,2023-11-07,2024-01-28,82,41.0,41.0,0.0,18691.67,18692.5,40.0,0.3333,0,0.0,0,0.0,0,0.0,0,0.0,1,747600.0,0.3333
MPLADS-003631,3,1346000.0,448666.67,448700.0,448600.0,448700.0,57.74,2023-09-27,2024-03-02,157,78.5,78.5,0.71,6409.52,6410.0,70.0,0.3334,0,0.0,0,0.0,0,0.0,0,0.0,1,448600.0,0.3333
MPLADS-003632,3,1018000.0,339333.33,339300.0,339300.0,339400.0,57.74,2023-09-05,2023-11-16,72,36.0,36.0,0.0,11311.11,11313.33,30.0,0.3334,0,0.0,0,0.0,3,1.0,0,0.0,1,339400.0,0.3334
MPLADS-003633,3,1479000.0,493000.0,493000.0,493000.0,493000.0,0.0,2023-09-03,2023-12-27,115,57.5,57.5,0.71,9860.0,9860.0,50.0,0.3333,0,0.0,0,0.0,0,0.0,0,0.0,1,493000.0,0.3333
MPLADS-003634,2,975000.0,487500.0,487500.0,487500.0,487500.0,0.0,2023-06-28,2023-08-05,38,38.0,38.0,0.0,10833.33,10833.33,45.0,0.5,0,0.0,0,0.0,0,0.0,0,0.0,1,487500.0,0.5
MPLADS-003635,2,616000.0,308000.0,308000.0,308000.0,308000.0,0.0,2022-05-09,2022-06-18,40,40.0,40.0,0.0,10266.67,10266.67,30.0,0.5,0,0.0,0,0.0,0,0.0,0,0.0,1,308000.0,0.5
MPLADS-003636,2,929000.0,464500.0,464500.0,464500.0,464500.0,0.0,2024-04-08,2024-07-06,89,89.0,89.0,0.0,6193.33,6193.33,75.0,0.5,0,0.0,0,0.0,0,0.0,0,0.0,1,464500.0,0.5
MPLADS-003637,3,17999000.0,5999666.67,5999700.0,5999600.0,5999700.0,57.74,2022-09-03,2023-06-17,287,143.5,143.5,0.71,44997.5,44997.75,133.3,0.3333,0,0.0,0,0.0,0,0.0,0,0.0,1,5999600.0,0.3333
MPLADS-003638,2,418000.0,209000.0,209000.0,209000.0,209000.0,0.0,2024-02-01,2024-02-24,23,23.0,23.0,0.0,6966.67,6966.67,30.0,0.5,0,0.0,0,0.0,0,0.0,0,0.0,1,209000.0,0.5
MPLADS-003639,2,515000.0,257500.0,257500.0,257500.0,257500.0,0.0,2022-07-30,2022-09-29,61,61.0,61.0,0.0,5722.22,5722.22,45.0,0.5,0,0.0,0,0.0,0,0.0,0,0.0,1,257500.0,0.5
MPLADS-003640,3,2999000.0,999666.67,999700.0,999600.0,999700.0,57.74,2023-02-01,2023-06-20,139,69.5,69.5,0.71,16661.11,16661.67,60.0,0.3333,0,0.0,0,0.0,0,0.0,0,0.0,1,999600.0,0.3333
MPLADS-003641,3,1655000.0,551666.67,551700.0,551600.0,551700.0,57.74,2023-09-11,2023-12-20,100,50.0,50.0,0.0,11033.33,11034.0,50.0,0.3334,0,0.0,0,0.0,0,0.0,0,0.0,1,551600.0,0.3333
MPLADS-003642,3,2165000.0,721666.67,721700.0,721600.0,721700.0,57.74,2024-01-17,2024-06-11,146,73.0,73.0,0.0,10309.52,10310.0,70.0,0.3333,0,0.0,0,0.0,0,0.0,0,0.0,1,721600.0,0.3333
MPLADS-003643,3,3723000.0,1241000.0,1241000.0,1241000.0,1241000.0,0.0,2022-09-07,2023-01-17,132,66.0,66.0,0.0,17728.57,17728.57,70.0,0.3333,0,0.0,0,0.0,0,0.0,0,0.0,1,1241000.0,0.3333
MPLADS-003644,3,2870000.0,956666.67,956700.0,956600.0,956700.0,57.74,2024-01-06,2024-05-11,126,63.0,63.0,0.0,17937.5,17938.12,53.3,0.3333,0,0.0,1,0.3333,0,0.0,0,0.0,1,956600.0,0.3333
MPLADS-003645,3,1702000.0,567333.33,567300.0,567300.0,567400.0,57.74,2022-11-30,2023-04-16,137,68.5,68.5,0.71,9455.56,9456.67,60.0,0.3334,0,0.0,0,0.0,0,0.0,0,0.0,1,567400.0,0.3334
MPLADS-003646,3,1986000.0,662000.0,662000.0,662000.0,662000.0,0.0,2023-06-15,2023-09-25,102,51.0,51.0,0.0,16550.0,16550.0,40.0,0.3333,0,0.0,0,0.0,3,1.0,0,0.0,1,662000.0,0.3333
MPLADS-003647,2,520000.0,260000.0,260000.0,260000.0,260000.0,0.0,2023-01-08,2023-02-15,38,38.0,38.0,0.0,5777.78,5777.78,45.0,0.5,0,0.0,0,0.0,0,0.0,0,0.0,1,260000.0,0.5
MPLADS-003648,3,2372000.0,790666.67,790700.0,790600.0,790700.0,57.74,2022-11-29,2023-05-10,162,81.0,81.0,0.0,11295.24,11295.71,70.0,0.3333,0,0.0,0,0.0,0,0.0,0,0.0,1,790600.0,0.3333
MPLADS-003649,3,2967000.0,989000.0,989000.0,989000.0,989000.0,0.0,2022-07-01,2022-11-08,130,65.0,65.0,0.0,16483.33,16483.33,60.0,0.3333,0,0.0,0,0.0,0,0.0,0,0.0,1,989000.0,0.3333
MPLADS-003650,2,800000.0,400000.0,400000.0,400000.0,400000.0,0.0,2023-09-07,2023-11-14,68,68.0,68.0,0.0,5333.33,5333.33,75.0,0.5,0,0.0,0,0.0,0,0.0,2,1.0,1,400000.0,0.5
MPLADS-003651,3,2446000.0,815333.33,815300.0,815300.0,815400.0,57.74,2022-05-23,2022-09-19,119,59.5,59.5,0.71,15287.5,15288.75,53.3,0.3334,0,0.0,0,0.0,0,0.0,0,0.0,1,815400.0,0.3334
MPLADS-003652,3,15024000.0,5008000.0,5008000.0,5008000.0,5008000.0,0.0,2024-01-07,2024-10-21,288,144.0,144.0,0.0,37560.0,37560.0,133.3,0.3333,0,0.0,0,0.0,0,0.0,0,0.0,1,5008000.0,0.3333
MPLADS-003653,2,514000.0,257000.0,257000.0,257000.0,257000.0,0.0,2023-02-21,2023-03-23,30,30.0,30.0,0.0,8566.67,8566.67,30.0,0.5,0,0.0,0,0.0,0,0.0,0,0.0,1,257000.0,0.5
MPLADS-003654,3,14856000.0,4952000.0,4952000.0,4952000.0,4952000.0,0.0,2023-03-10,2023-12-19,284,142.0,142.0,0.0,37140.0,37140.0,133.3,0.3333,0,0.0,0,0.0,0,0.0,0,0.0,1,4952000.0,0.3333
MPLADS-003655,3,2020000.0,673333.33,673300.0,673300.0,673400.0,57.74,2022-11-20,2024-01-21,427,213.5,213.5,0.71,12625.0,12626.25,53.3,0.3334,0,0.0,0,0.0,0,0.0,0,0.0,1,673400.0,0.3334
MPLADS-003656,3,7600000.0,2533333.33,2533300.0,2533300.0,2533400.0,57.74,2022-05-27,2022-09-18,114,57.0,57.0,0.0,47500.0,47501.25,53.3,0.3333,0,0.0,0,0.0,0,0.0,0,0.0,1,2533400.0,0.3333
MPLADS-003657,3,2792000.0,930666.67,930700.0,930600.0,930700.0,57.74,2023-07-26,2023-12-14,141,70.5,70.5,0.71,13295.24,13295.71,70.0,0.3333,0,0.0,0,0.0,0,0.0,0,0.0,1,930600.0,0.3333
MPLADS-003658,3,9289000.0,3096333.33,3096300.0,3096300.0,3096400.0,57.74,2023-10-29,2024-07-15,260,130.0,130.0,0.0,23222.5,23223.0,133.3,0.3333,0,0.0,0,0.0,3,1.0,0,0.0,1,3096400.0,0.3333
MPLADS-003659,2,615000.0,307500.0,307500.0,307500.0,307500.0,0.0,2022-12-18,2023-02-17,61,61.0,61.0,0.0,6833.33,6833.33,45.0,0.5,0,0.0,0,0.0,0,0.0,0,0.0,1,307500.0,0.5
MPLADS-003660,3,3194000.0,1064666.67,1064700.0,1064600.0,1064700.0,57.74,2022-08-10,2022-12-18,130,65.0,65.0,0.0,17744.44,17745.0,60.0,0.3333,0,0.0,0,0.0,0,0.0,0,0.0,1,1064600.0,0.3333
MPLADS-003661,3,1471000.0,490333.33,490300.0,490300.0,490400.0,57.74,2024-03-06,2024-06-20,106,53.0,53.0,0.0,9193.75,9195.0,53.3,0.3334,0,0.0,1,0.3333,0,0.0,0,0.0,1,490400.0,0.3334
MPLADS-003662,3,7799000.0,2599666.67,2599700.0,2599600.0,2599700.0,57.74,2023-09-28,2024-07-10,286,143.0,143.0,0.0,19497.5,19497.75,133.3,0.3333,0,0.0,0,0.0,0,0.0,0,0.0,1,2599600.0,0.3333
MPLADS-003663,3,2597000.0,865666.67,865700.0,865600.0,865700.0,57.74,2024-03-17,2025-07-10,480,240.0,240.0,0.0,14427.78,14428.33,60.0,0.3333,0,0.0,0,0.0,0,0.0,0,0.0,1,865600.0,0.3333
MPLADS-003664,3,3180000.0,1060000.0,1060000.0,1060000.0,1060000.0,0.0,2023-01-07,2023-06-17,161,80.5,80.5,0.71,15142.86,15142.86,70.0,0.3333,0,0.0,0,0.0,0,0.0,0,0.0,1,1060000.0,0.3333
MPLADS-003665,3,15052000.0,5017333.33,5017300.0,5017300.0,5017400.0,57.74,2022-11-15,2023-08-19,277,138.5,138.5,0.71,37630.0,37630.5,133.3,0.3333,0,0.0,0,0.0,0,0.0,0,0.0,1,5017400.0,0.3333
MPLADS-003666,3,1473000.0,491000.0,491000.0,491000.0,491000.0,0.0,2023-08-21,2023-12-19,120,60.0,60.0,0.0,8183.33,8183.33,60.0,0.3333,0,0.0,0,0.0,0,0.0,0,0.0,1,491000.0,0.3333
MPLADS-003667,3,1952000.0,650666.67,650700.0,650600.0,650700.0,57.74,2023-09-20,2024-01-04,106,53.0,53.0,0.0,12200.0,12200.62,53.3,0.3334,0,0.0,0,0.0,0,0.0,0,0.0,1,650600.0,0.3333
MPLADS-003668,3,2291000.0,763666.67,763700.0,763600.0,763700.0,57.74,2023-04-21,2023-08-01,102,51.0,51.0,0.0,19091.67,19092.5,40.0,0.3333,0,0.0,0,0.0,0,0.0,0,0.0,1,763600.0,0.3333
MPLADS-003669,3,3543000.0,1181000.0,1181000.0,1181000.0,1181000.0,0.0,2022-05-07,2022-09-18,134,67.0,67.0,0.0,16871.43,16871.43,70.0,0.3333,0,0.0,0,0.0,0,0.0,0,0.0,1,1181000.0,0.3333
MPLADS-003670,3,12677000.0,4225666.67,4225700.0,4225600.0,4225700.0,57.74,2024-02-09,2024-11-07,272,136.0,136.0,0.0,31692.5,31692.75,133.3,0.3333,0,0.0,0,0.0,0,0.0,0,0.0,1,4225600.0,0.3333
MPLADS-003671,3,10103000.0,3367666.67,3367700.0,3367600.0,3367700.0,57.74,2022-12-14,2023-04-28,135,67.5,67.5,0.71,56127.78,56128.33,60.0,0.3333,0,0.0,0,0.0,0,0.0,0,0.0,1,3367600.0,0.3333
MPLADS-003672,2,879000.0,439500.0,439500.0,439500.0,439500.0,0.0,2023-11-26,2024-01-06,41,41.0,41.0,0.0,9766.67,9766.67,45.0,0.5,0,0.0,0,0.0,0,0.0,0,0.0,1,439500.0,0.5
MPLADS-003673,3,9062000.0,3020666.67,3020700.0,3020600.0,3020700.0,57.74,2024-03-25,2024-12-20,270,135.0,135.0,0.0,22655.0,22655.25,133.3,0.3333,0,0.0,0,0.0,0,0.0,0,0.0,1,3020600.0,0.3333
MPLADS-003674,2,941000.0,470500.0,470500.0,470500.0,470500.0,0.0,2023-11-15,2024-01-16,62,62.0,62.0,0.0,10455.56,10455.56,45.0,0.5,0,0.0,0,0.0,0,0.0,0,0.0,1,470500.0,0.5
MPLADS-003675,3,8775000.0,2925000.0,2925000.0,2925000.0,2925000.0,0.0,2022-10-23,2023-07-14,264,132.0,132.0,0.0,21937.5,21937.5,133.3,0.3333,0,0.0,0,0.0,0,0.0,0,0.0,1,2925000.0,0.3333
MPLADS-003676,2,659000.0,329500.0,329500.0,329500.0,329500.0,0.0,2023-03-23,2023-05-07,45,45.0,45.0,0.0,7322.22,7322.22,45.0,0.5,0,0.0,1,0.5,0,0.0,0,0.0,1,329500.0,0.5
MPLADS-003677,3,8173000.0,2724333.33,2724300.0,2724300.0,2724400.0,57.74,2022-06-28,2023-03-31,276,138.0,138.0,0.0,20432.5,20433.0,133.3,0.3333,0,0.0,1,0.3333,0,0.0,0,0.0,1,2724400.0,0.3333
MPLADS-003678,3,2345000.0,781666.67,781700.0,781600.0,781700.0,57.74,2022-08-26,2023-01-13,140,70.0,70.0,0.0,13027.78,13028.33,60.0,0.3333,0,0.0,0,0.0,0,0.0,0,0.0,1,781600.0,0.3333
MPLADS-003679,3,11306000.0,3768666.67,3768700.0,3768600.0,3768700.0,57.74,2022-12-24,2023-09-27,277,138.5,138.5,0.71,28265.0,28265.25,133.3,0.3333,0,0.0,0,0.0,0,0.0,0,0.0,1,3768600.0,0.3333
MPLADS-003680,3,2472000.0,824000.0,824000.0,824000.0,824000.0,0.0,2023-10-07,2024-03-15,160,80.0,80.0,0.0,11771.43,11771.43,70.0,0.3333,0,0.0,0,0.0,0,0.0,0,0.0,1,824000.0,0.3333
MPLADS-003681,2,707000.0,353500.0,353500.0,353500.0,353500.0,0.0,2023-02-16,2023-07-01,135,135.0,135.0,0.0,7855.56,7855.56,45.0,0.5,0,0.0,0,0.0,0,0.0,0,0.0,1,353500.0,0.5
MPLADS-003682,3,3027000.0,1009000.0,1009000.0,1009000.0,1009000.0,0.0,2022-11-17,2023-03-10,113,56.5,56.5,0.71,16816.67,16816.67,60.0,0.3333,0,0.0,1,0.3333,3,1.0,0,0.0,1,1009000.0,0.3333
MPLADS-003683,2,574000.0,287000.0,287000.0,287000.0,287000.0,0.0,2022-06-16,2022-07-13,27,27.0,27.0,0.0,9566.67,9566.67,30.0,0.5,0,0.0,0,0.0,0,0.0,0,0.0,1,287000.0,0.5
MPLADS-003684,3,1074000.0,358000.0,358000.0,358000.0,358000.0,0.0,2023-11-26,2024-03-15,110,55.0,55.0,0.0,7160.0,7160.0,50.0,0.3333,0,0.0,1,0.3333,3,1.0,0,0.0,1,358000.0,0.3333
MPLADS-003685,3,1575000.0,525000.0,525000.0,525000.0,525000.0,0.0,2023-10-12,2024-02-03,114,57.0,57.0,0.0,10500.0,10500.0,50.0,0.3333,0,0.0,0,0.0,0,0.0,0,0.0,1,525000.0,0.3333
MPLADS-003686,3,3182000.0,1060666.67,1060700.0,1060600.0,1060700.0,57.74,2024-03-02,2024-07-12,132,66.0,66.0,0.0,15152.38,15152.86,70.0,0.3333,0,0.0,1,0.3333,3,1.0,0,0.0,1,1060600.0,0.3333
MPLADS-003687,2,965000.0,482500.0,482500.0,482500.0,482500.0,0.0,2022-08-07,2022-10-23,77,77.0,77.0,0.0,6433.33,6433.33,75.0,0.5,0,0.0,0,0.0,0,0.0,0,0.0,1,482500.0,0.5
MPLADS-003688,3,1561000.0,520333.33,520300.0,520300.0,520400.0,57.74,2023-04-20,2023-08-20,122,61.0,61.0,0.0,10406.67,10408.0,50.0,0.3334,0,0.0,0,0.0,0,0.0,0,0.0,1,520400.0,0.3334
MPLADS-003689,2,602000.0,301000.0,301000.0,301000.0,301000.0,0.0,2022-03-15,2022-04-20,36,36.0,36.0,0.0,10033.33,10033.33,30.0,0.5,0,0.0,1,0.5,0,0.0,0,0.0,1,301000.0,0.5
MPLADS-003690,2,694000.0,347000.0,347000.0,347000.0,347000.0,0.0,2023-01-11,2023-03-13,61,61.0,61.0,0.0,7711.11,7711.11,45.0,0.5,0,0.0,0,0.0,0,0.0,0,0.0,1,347000.0,0.5
MPLADS-003691,3,1287000.0,429000.0,429000.0,429000.0,429000.0,0.0,2022-04-06,2022-06-20,75,37.5,37.5,0.71,10725.0,10725.0,40.0,0.3333,0,0.0,0,0.0,0,0.0,0,0.0,1,429000.0,0.3333
MPLADS-003692,3,1208000.0,402666.67,402700.0,402600.0,402700.0,57.74,2024-02-11,2024-06-04,114,57.0,57.0,0.0,8053.33,8054.0,50.0,0.3334,0,0.0,0,0.0,0,0.0,0,0.0,1,402600.0,0.3333
MPLADS-003693,2,594000.0,297000.0,297000.0,297000.0,297000.0,0.0,2023-04-11,2023-05-13,32,32.0,32.0,0.0,9900.0,9900.0,30.0,0.5,0,0.0,0,0.0,0,0.0,0,0.0,1,297000.0,0.5
MPLADS-003694,3,1674000.0,558000.0,558000.0,558000.0,558000.0,0.0,2024-01-18,2024-04-27,100,50.0,50.0,0.0,13950.0,13950.0,40.0,0.3333,0,0.0,0,0.0,0,0.0,0,0.0,1,558000.0,0.3333
MPLADS-003695,2,629000.0,314500.0,314500.0,314500.0,314500.0,0.0,2023-09-14,2023-10-12,28,28.0,28.0,0.0,10483.33,10483.33,30.0,0.5,0,0.0,0,0.0,0,0.0,0,0.0,1,314500.0,0.5
MPLADS-003696,3,1221000.0,407000.0,407000.0,407000.0,407000.0,0.0,2023-08-03,2023-11-24,113,56.5,56.5,0.71,8140.0,8140.0,50.0,0.3333,0,0.0,0,0.0,0,0.0,0,0.0,1,407000.0,0.3333
MPLADS-003697,3,14832000.0,4944000.0,4944000.0,4944000.0,4944000.0,0.0,2023-07-02,2024-03-19,261,130.5,130.5,0.71,37080.0,37080.0,133.3,0.3333,0,0.0,0,0.0,0,0.0,0,0.0,1,4944000.0,0.3333
MPLADS-003698,3,1642000.0,547333.33,547300.0,547300.0,547400.0,57.74,2022-05-14,2022-08-12,90,45.0,45.0,0.0,10946.67,10948.0,50.0,0.3334,0,0.0,0,0.0,0,0.0,0,0.0,1,547400.0,0.3334
MPLADS-003699,3,2737000.0,912333.33,912300.0,912300.0,912400.0,57.74,2023-09-04,2023-12-27,114,57.0,57.0,0.0,17106.25,17107.5,53.3,0.3334,0,0.0,0,0.0,0,0.0,0,0.0,1,912400.0,0.3334
MPLADS-003700,3,1504000.0,501333.33,501300.0,501300.0,501400.0,57.74,2022-06-19,2022-09-19,92,46.0,46.0,0.0,10026.67,10028.0,50.0,0.3334,0,0.0,0,0.0,0,0.0,0,0.0,1,501400.0,0.3334
MPLADS-003701,3,3355000.0,1118333.33,1118300.0,1118300.0,1118400.0,57.74,2023-06-02,2024-03-05,277,138.5,138.5,0.71,8387.5,8388.0,133.3,0.3334,0,0.0,0,0.0,0,0.0,0,0.0,1,1118400.0,0.3334
MPLADS-003702,3,2400000.0,800000.0,800000.0,800000.0,800000.0,0.0,2023-03-04,2023-07-02,120,60.0,60.0,0.0,13333.33,13333.33,60.0,0.3333,0,0.0,0,0.0,0,0.0,3,1.0,1,800000.0,0.3333
MPLADS-003703,3,3066000.0,1022000.0,1022000.0,1022000.0,1022000.0,0.0,2023-12-06,2024-05-06,152,76.0,76.0,0.0,14600.0,14600.0,70.0,0.3333,0,0.0,0,0.0,0,0.0,0,0.0,1,1022000.0,0.3333
MPLADS-003704,3,2668000.0,889333.33,889300.0,889300.0,889400.0,57.74,2023-10-03,2024-02-04,124,62.0,62.0,0.0,16675.0,16676.25,53.3,0.3334,0,0.0,0,0.0,0,0.0,0,0.0,1,889400.0,0.3334
MPLADS-003705,3,1674000.0,558000.0,558000.0,558000.0,558000.0,0.0,2023-03-08,2023-07-07,121,60.5,60.5,0.71,10462.5,10462.5,53.3,0.3333,0,0.0,1,0.3333,0,0.0,0,0.0,1,558000.0,0.3333
MPLADS-003706,2,549000.0,274500.0,274500.0,274500.0,274500.0,0.0,2023-09-06,2023-10-15,39,39.0,39.0,0.0,9150.0,9150.0,30.0,0.5,0,0.0,0,0.0,0,0.0,0,0.0,1,274500.0,0.5
MPLADS-003707,3,10088000.0,3362666.67,3362700.0,3362600.0,3362700.0,57.74,2023-02-27,2023-11-16,262,131.0,131.0,0.0,25220.0,25220.25,133.3,0.3333,0,0.0,0,0.0,0,0.0,0,0.0,1,3362600.0,0.3333
MPLADS-003708,3,2256000.0,752000.0,752000.0,752000.0,752000.0,0.0,2023-05-05,2023-08-03,90,45.0,45.0,0.0,18800.0,18800.0,40.0,0.3333,0,0.0,0,0.0,0,0.0,0,0.0,1,752000.0,0.3333
MPLADS-003709,3,3275000.0,1091666.67,1091700.0,1091600.0,1091700.0,57.74,2022-11-24,2023-04-17,144,72.0,72.0,0.0,15595.24,15595.71,70.0,0.3333,0,0.0,0,0.0,0,0.0,0,0.0,1,1091600.0,0.3333
MPLADS-003710,3,3159000.0,1053000.0,1053000.0,1053000.0,1053000.0,0.0,2022-06-22,2022-11-09,140,70.0,70.0,0.0,17550.0,17550.0,60.0,0.3333,0,0.0,0,0.0,0,0.0,0,0.0,1,1053000.0,0.3333
MPLADS-003711,3,12621000.0,4207000.0,4207000.0,4207000.0,4207000.0,0.0,2022-12-13,2023-08-31,261,130.5,130.5,0.71,31552.5,31552.5,133.3,0.3333,0,0.0,0,0.0,0,0.0,0,0.0,1,4207000.0,0.3333
MPLADS-003712,3,3600000.0,1200000.0,1200000.0,1200000.0,1200000.0,0.0,2023-06-24,2023-11-19,148,74.0,74.0,0.0,17142.86,17142.86,70.0,0.3333,0,0.0,0,0.0,0,0.0,3,1.0,1,1200000.0,0.3333
MPLADS-003713,3,2164000.0,721333.33,721300.0,721300.0,721400.0,57.74,2022-09-21,2023-01-21,122,61.0,61.0,0.0,12022.22,12023.33,60.0,0.3334,0,0.0,0,0.0,0,0.0,0,0.0,1,721400.0,0.3334
MPLADS-003714,3,2955000.0,985000.0,985000.0,985000.0,985000.0,0.0,2023-11-19,2024-04-28,161,80.5,80.5,0.71,14071.43,14071.43,70.0,0.3333,0,0.0,0,0.0,0,0.0,0,0.0,1,985000.0,0.3333
MPLADS-003715,2,947000.0,473500.0,473500.0,473500.0,473500.0,0.0,2023-08-30,2023-10-05,36,36.0,36.0,0.0,15783.33,15783.33,30.0,0.5,0,0.0,0,0.0,0,0.0,0,0.0,1,473500.0,0.5
MPLADS-003716,3,5681000.0,1893666.67,1893700.0,1893600.0,1893700.0,57.74,2022-07-23,2023-04-18,269,134.5,134.5,0.71,14202.5,14202.75,133.3,0.3333,0,0.0,0,0.0,0,0.0,0,0.0,1,1893600.0,0.3333
MPLADS-003717,3,3129000.0,1043000.0,1043000.0,1043000.0,1043000.0,0.0,2023-08-23,2024-01-15,145,72.5,72.5,0.71,14900.0,14900.0,70.0,0.3333,0,0.0,0,0.0,0,0.0,0,0.0,1,1043000.0,0.3333
MPLADS-003718,3,11740000.0,3913333.33,3913300.0,3913300.0,3913400.0,57.74,2023-12-29,2024-06-09,163,81.5,81.5,0.71,55904.76,55905.71,70.0,0.3333,0,0.0,0,0.0,0,0.0,0,0.0,1,3913400.0,0.3333
MPLADS-003719,2,489000.0,244500.0,244500.0,244500.0,244500.0,0.0,2022-12-18,2023-01-26,39,39.0,39.0,0.0,5433.33,5433.33,45.0,0.5,0,0.0,0,0.0,0,0.0,0,0.0,1,244500.0,0.5
MPLADS-003720,3,2013000.0,671000.0,671000.0,671000.0,671000.0,0.0,2023-04-23,2023-08-05,104,52.0,52.0,0.0,12581.25,12581.25,53.3,0.3333,0,0.0,0,0.0,0,0.0,0,0.0,1,671000.0,0.3333
MPLADS-003721,3,1867000.0,622333.33,622300.0,622300.0,622400.0,57.74,2022-04-11,2022-07-01,81,40.5,40.5,0.71,15558.33,15560.0,40.0,0.3334,0,0.0,0,0.0,0,0.0,0,0.0,1,622400.0,0.3334
MPLADS-003722,2,566000.0,283000.0,283000.0,283000.0,283000.0,0.0,2022-05-04,2022-06-05,32,32.0,32.0,0.0,9433.33,9433.33,30.0,0.5,0,0.0,0,0.0,0,0.0,0,0.0,1,283000.0,0.5
MPLADS-003723,3,3542000.0,1180666.67,1180700.0,1180600.0,1180700.0,57.74,2023-09-15,2024-01-25,132,66.0,66.0,0.0,16866.66,16867.14,70.0,0.3333,0,0.0,0,0.0,0,0.0,0,0.0,1,1180600.0,0.3333
MPLADS-003724,2,701000.0,350500.0,350500.0,350500.0,350500.0,0.0,2023-05-21,2023-07-05,45,45.0,45.0,0.0,7788.89,7788.89,45.0,0.5,0,0.0,0,0.0,0,0.0,0,0.0,1,350500.0,0.5
MPLADS-003725,2,898000.0,449000.0,449000.0,449000.0,449000.0,0.0,2024-01-14,2024-02-23,40,40.0,40.0,0.0,9977.78,9977.78,45.0,0.5,0,0.0,0,0.0,0,0.0,0,0.0,1,449000.0,0.5
MPLADS-003726,2,517000.0,258500.0,258500.0,258500.0,258500.0,0.0,2023-04-26,2023-06-11,46,46.0,46.0,0.0,8616.67,8616.67,30.0,0.5,0,0.0,0,0.0,0,0.0,0,0.0,1,258500.0,0.5
MPLADS-003727,3,2423000.0,807666.67,807700.0,807600.0,807700.0,57.74,2022-04-08,2022-07-09,92,46.0,46.0,0.0,20191.67,20192.5,40.0,0.3333,0,0.0,0,0.0,0,0.0,0,0.0,1,807600.0,0.3333
MPLADS-003728,2,659000.0,329500.0,329500.0,329500.0,329500.0,0.0,2022-05-24,2022-06-19,26,26.0,26.0,0.0,10983.33,10983.33,30.0,0.5,0,0.0,0,0.0,0,0.0,0,0.0,1,329500.0,0.5
MPLADS-003729,2,976000.0,488000.0,488000.0,488000.0,488000.0,0.0,2023-08-30,2023-10-31,62,62.0,62.0,0.0,10844.44,10844.44,45.0,0.5,0,0.0,0,0.0,0,0.0,0,0.0,1,488000.0,0.5
MPLADS-003730,3,2468000.0,822666.67,822700.0,822600.0,822700.0,57.74,2023-10-24,2024-04-01,160,80.0,80.0,0.0,11752.38,11752.86,70.0,0.3333,0,0.0,0,0.0,0,0.0,0,0.0,1,822600.0,0.3333
MPLADS-003731,3,1367000.0,455666.67,455700.0,455600.0,455700.0,57.74,2023-02-25,2023-05-25,89,44.5,44.5,0.71,11391.67,11392.5,40.0,0.3334,0,0.0,0,0.0,0,0.0,0,0.0,1,455600.0,0.3333
MPLADS-003732,3,3309000.0,1103000.0,1103000.0,1103000.0,1103000.0,0.0,2023-04-09,2023-08-07,120,60.0,60.0,0.0,18383.33,18383.33,60.0,0.3333,0,0.0,0,0.0,0,0.0,0,0.0,1,1103000.0,0.3333
MPLADS-003733,3,1128000.0,376000.0,376000.0,376000.0,376000.0,0.0,2022-12-26,2023-03-14,78,39.0,39.0,0.0,9400.0,9400.0,40.0,0.3333,0,0.0,1,0.3333,0,0.0,0,0.0,1,376000.0,0.3333
MPLADS-003734,3,5871000.0,1957000.0,1957000.0,1957000.0,1957000.0,0.0,2022-08-16,2022-12-08,114,57.0,57.0,0.0,39140.0,39140.0,50.0,0.3333,0,0.0,0,0.0,0,0.0,0,0.0,1,1957000.0,0.3333
MPLADS-003735,3,1858000.0,619333.33,619300.0,619300.0,619400.0,57.74,2023-05-26,2023-09-07,104,52.0,52.0,0.0,12386.67,12388.0,50.0,0.3334,0,0.0,0,0.0,0,0.0,0,0.0,1,619400.0,0.3334
MPLADS-003736,3,3644000.0,1214666.67,1214700.0,1214600.0,1214700.0,57.74,2022-07-22,2022-12-02,133,66.5,66.5,0.71,17352.38,17352.86,70.0,0.3333,0,0.0,0,0.0,0,0.0,0,0.0,1,1214600.0,0.3333
MPLADS-003737,3,2704000.0,901333.33,901300.0,901300.0,901400.0,57.74,2023-11-07,2024-03-08,122,61.0,61.0,0.0,16900.0,16901.25,53.3,0.3334,0,0.0,1,0.3333,0,0.0,0,0.0,1,901400.0,0.3334
MPLADS-003738,3,1025000.0,341666.67,341700.0,341600.0,341700.0,57.74,2022-07-02,2022-08-23,52,26.0,26.0,0.0,11388.89,11390.0,30.0,0.3334,0,0.0,0,0.0,0,0.0,0,0.0,1,341600.0,0.3333
MPLADS-003739,3,1575000.0,525000.0,525000.0,525000.0,525000.0,0.0,2023-01-04,2023-04-22,108,54.0,54.0,0.0,10500.0,10500.0,50.0,0.3333,0,0.0,0,0.0,0,0.0,0,0.0,1,525000.0,0.3333
MPLADS-003740,3,12325000.0,4108333.33,4108300.0,4108300.0,4108400.0,57.74,2022-08-24,2023-05-18,267,133.5,133.5,0.71,30812.5,30813.0,133.3,0.3333,0,0.0,0,0.0,0,0.0,0,0.0,1,4108400.0,0.3333
MPLADS-003741,2,383000.0,191500.0,191500.0,191500.0,191500.0,0.0,2023-04-14,2023-05-08,24,24.0,24.0,0.0,6383.33,6383.33,30.0,0.5,0,0.0,0,0.0,0,0.0,0,0.0,1,191500.0,0.5
MPLADS-003742,3,2224000.0,741333.33,741300.0,741300.0,741400.0,57.74,2023-08-27,2023-12-11,106,53.0,53.0,0.0,14826.67,14828.0,50.0,0.3334,0,0.0,0,0.0,0,0.0,0,0.0,1,741400.0,0.3334
MPLADS-003743,3,2396000.0,798666.67,798700.0,798600.0,798700.0,57.74,2022-12-06,2023-03-17,101,50.5,50.5,0.71,14975.0,14975.62,53.3,0.3333,0,0.0,0,0.0,0,0.0,0,0.0,1,798600.0,0.3333
MPLADS-003744,3,2589000.0,863000.0,863000.0,863000.0,863000.0,0.0,2023-11-11,2024-03-31,141,70.5,70.5,0.71,12328.57,12328.57,70.0,0.3333,0,0.0,0,0.0,0,0.0,0,0.0,1,863000.0,0.3333
MPLADS-003745,3,1021000.0,340333.33,340300.0,340300.0,340400.0,57.74,2023-10-18,2024-01-24,98,49.0,49.0,0.0,6806.67,6808.0,50.0,0.3334,0,0.0,0,0.0,0,0.0,0,0.0,1,340400.0,0.3334
MPLADS-003746,3,1646000.0,548666.67,548700.0,548600.0,548700.0,57.74,2022-04-15,2022-05-28,43,21.5,21.5,0.71,27433.33,27435.0,20.0,0.3334,0,0.0,0,0.0,0,0.0,0,0.0,1,548600.0,0.3333
MPLADS-003747,3,1686000.0,562000.0,562000.0,562000.0,562000.0,0.0,2022-10-30,2023-02-13,106,53.0,53.0,0.0,11240.0,11240.0,50.0,0.3333,0,0.0,0,0.0,0,0.0,0,0.0,1,562000.0,0.3333
MPLADS-003748,3,12198000.0,4066000.0,4066000.0,4066000.0,4066000.0,0.0,2023-08-03,2024-04-17,258,129.0,129.0,0.0,30495.0,30495.0,133.3,0.3333,0,0.0,0,0.0,0,0.0,0,0.0,1,4066000.0,0.3333
MPLADS-003749,3,2296000.0,765333.33,765300.0,765300.0,765400.0,57.74,2023-12-27,2024-04-15,110,55.0,55.0,0.0,14350.0,14351.25,53.3,0.3334,0,0.0,0,0.0,0,0.0,0,0.0,1,765400.0,0.3334
MPLADS-003750,3,1814000.0,604666.67,604700.0,604600.0,604700.0,57.74,2023-07-04,2023-10-26,114,57.0,57.0,0.0,10077.78,10078.33,60.0,0.3334,0,0.0,0,0.0,0,0.0,0,0.0,1,604600.0,0.3333
MPLADS-003751,2,849000.0,424500.0,424500.0,424500.0,424500.0,0.0,2022-09-13,2023-03-12,180,180.0,180.0,0.0,9433.33,9433.33,45.0,0.5,0,0.0,0,0.0,0,0.0,0,0.0,1,424500.0,0.5
MPLADS-003752,3,5068000.0,1689333.33,1689300.0,1689300.0,1689400.0,57.74,2022-05-03,2022-09-10,130,65.0,65.0,0.0,24133.34,24134.29,70.0,0.3333,0,0.0,0,0.0,0,0.0,0,0.0,1,1689400.0,0.3333
MPLADS-003753,3,3878000.0,1292666.67,1292700.0,1292600.0,1292700.0,57.74,2022-08-27,2023-02-03,160,80.0,80.0,0.0,18466.66,18467.14,70.0,0.3333,0,0.0,0,0.0,0,0.0,0,0.0,1,1292600.0,0.3333
MPLADS-003754,3,1729000.0,576333.33,576300.0,576300.0,576400.0,57.74,2023-04-29,2023-07-18,80,40.0,40.0,0.0,14408.33,14410.0,40.0,0.3334,0,0.0,0,0.0,0,0.0,0,0.0,1,576400.0,0.3334
MPLADS-003755,2,603000.0,301500.0,301500.0,301500.0,301500.0,0.0,2023-05-03,2023-06-05,33,33.0,33.0,0.0,10050.0,10050.0,30.0,0.5,0,0.0,0,0.0,0,0.0,0,0.0,1,301500.0,0.5
MPLADS-003756,3,4599000.0,1533000.0,1533000.0,1533000.0,1533000.0,0.0,2022-05-09,2022-10-12,156,78.0,78.0,0.0,21900.0,21900.0,70.0,0.3333,0,0.0,0,0.0,0,0.0,0,0.0,1,1533000.0,0.3333
MPLADS-003757,2,366000.0,183000.0,183000.0,183000.0,183000.0,0.0,2023-07-03,2023-08-11,39,39.0,39.0,0.0,6100.0,6100.0,30.0,0.5,0,0.0,0,0.0,0,0.0,0,0.0,1,183000.0,0.5
MPLADS-003758,3,2389000.0,796333.33,796300.0,796300.0,796400.0,57.74,2023-06-17,2023-09-23,98,49.0,49.0,0.0,14931.25,14932.5,53.3,0.3334,0,0.0,0,0.0,0,0.0,0,0.0,1,796400.0,0.3334
MPLADS-003759,2,357000.0,178500.0,178500.0,178500.0,178500.0,0.0,2022-03-30,2022-05-03,34,34.0,34.0,0.0,5950.0,5950.0,30.0,0.5,0,0.0,0,0.0,0,0.0,0,0.0,1,178500.0,0.5
MPLADS-003760,3,2453000.0,817666.67,817700.0,817600.0,817700.0,57.74,2024-01-29,2024-04-28,90,45.0,45.0,0.0,20441.67,20442.5,40.0,0.3333,0,0.0,1,0.3333,0,0.0,0,0.0,1,817600.0,0.3333
MPLADS-003761,2,528000.0,264000.0,264000.0,264000.0,264000.0,0.0,2022-12-02,2023-01-10,39,39.0,39.0,0.0,8800.0,8800.0,30.0,0.5,0,0.0,0,0.0,0,0.0,0,0.0,1,264000.0,0.5
MPLADS-003762,3,2482000.0,827333.33,827300.0,827300.0,827400.0,57.74,2023-05-03,2023-09-17,137,68.5,68.5,0.71,11819.05,11820.0,70.0,0.3334,0,0.0,0,0.0,0,0.0,0,0.0,1,827400.0,0.3334
MPLADS-003763,3,2988000.0,996000.0,996000.0,996000.0,996000.0,0.0,2023-06-06,2023-11-14,161,80.5,80.5,0.71,14228.57,14228.57,70.0,0.3333,0,0.0,0,0.0,0,0.0,0,0.0,1,996000.0,0.3333
MPLADS-003764,3,2951000.0,983666.67,983700.0,983600.0,983700.0,57.74,2023-01-31,2023-06-19,139,69.5,69.5,0.71,16394.44,16395.0,60.0,0.3333,0,0.0,0,0.0,0,0.0,0,0.0,1,983600.0,0.3333
MPLADS-003765,3,2236000.0,745333.33,745300.0,745300.0,745400.0,57.74,2023-03-17,2023-06-14,89,44.5,44.5,0.71,18633.33,18635.0,40.0,0.3334,0,0.0,0,0.0,0,0.0,0,0.0,1,745400.0,0.3334
MPLADS-003766,3,1990000.0,663333.33,663300.0,663300.0,663400.0,57.74,2023-10-17,2024-02-29,135,67.5,67.5,0.71,11055.56,11056.67,60.0,0.3334,0,0.0,0,0.0,0,0.0,0,0.0,1,663400.0,0.3334
MPLADS-003767,3,2084000.0,694666.67,694700.0,694600.0,694700.0,57.74,2023-05-11,2023-09-28,140,70.0,70.0,0.0,9923.81,9924.29,70.0,0.3333,0,0.0,0,0.0,0,0.0,0,0.0,1,694600.0,0.3333
MPLADS-003768,3,1719000.0,573000.0,573000.0,573000.0,573000.0,0.0,2023-11-15,2024-02-20,97,48.5,48.5,0.71,14325.0,14325.0,40.0,0.3333,0,0.0,0,0.0,0,0.0,0,0.0,1,573000.0,0.3333
MPLADS-003769,3,1836000.0,612000.0,612000.0,612000.0,612000.0,0.0,2022-06-30,2022-11-06,129,64.5,64.5,0.71,10200.0,10200.0,60.0,0.3333,0,0.0,0,0.0,0,0.0,0,0.0,1,612000.0,0.3333
MPLADS-003770,3,10101000.0,3367000.0,3367000.0,3367000.0,3367000.0,0.0,2023-03-05,2023-12-15,285,142.5,142.5,0.71,25252.5,25252.5,133.3,0.3333,0,0.0,1,0.3333,0,0.0,0,0.0,1,3367000.0,0.3333
MPLADS-003771,2,656000.0,328000.0,328000.0,328000.0,328000.0,0.0,2022-11-30,2023-01-16,47,47.0,47.0,0.0,7288.89,7288.89,45.0,0.5,0,0.0,0,0.0,0,0.0,0,0.0,1,328000.0,0.5
MPLADS-003772,3,13522000.0,4507333.33,4507300.0,4507300.0,4507400.0,57.74,2024-03-20,2024-12-18,273,136.5,136.5,0.71,33805.0,33805.5,133.3,0.3333,0,0.0,1,0.3333,3,1.0,0,0.0,1,4507400.0,0.3333
MPLADS-003773,2,670000.0,335000.0,335000.0,335000.0,335000.0,0.0,2022-08-20,2022-10-04,45,45.0,45.0,0.0,7444.44,7444.44,45.0,0.5,0,0.0,0,0.0,0,0.0,0,0.0,1,335000.0,0.5
MPLADS-003774,3,1329000.0,443000.0,443000.0,443000.0,443000.0,0.0,2023-03-06,2023-06-29,115,57.5,57.5,0.71,8860.0,8860.0,50.0,0.3333,0,0.0,1,0.3333,0,0.0,0,0.0,1,443000.0,0.3333
MPLADS-003775,3,2424000.0,808000.0,808000.0,808000.0,808000.0,0.0,2024-01-01,2024-04-30,120,60.0,60.0,0.0,15150.0,15150.0,53.3,0.3333,0,0.0,1,0.3333,0,0.0,0,0.0,1,808000.0,0.3333
MPLADS-003776,3,1892000.0,630666.67,630700.0,630600.0,630700.0,57.74,2023-07-10,2023-11-11,124,62.0,62.0,0.0,10511.11,10511.67,60.0,0.3334,0,0.0,0,0.0,0,0.0,0,0.0,1,630600.0,0.3333
MPLADS-003777,3,3360000.0,1120000.0,1120000.0,1120000.0,1120000.0,0.0,2023-07-23,2023-12-21,151,75.5,75.5,0.71,16000.0,16000.0,70.0,0.3333,0,0.0,0,0.0,0,0.0,0,0.0,1,1120000.0,0.3333
MPLADS-003778,3,2376000.0,792000.0,792000.0,792000.0,792000.0,0.0,2023-01-12,2023-05-14,122,61.0,61.0,0.0,13200.0,13200.0,60.0,0.3333,0,0.0,0,0.0,0,0.0,0,0.0,1,792000.0,0.3333
MPLADS-003779,3,2056000.0,685333.33,685300.0,685300.0,685400.0,57.74,2024-02-19,2025-01-04,320,160.0,160.0,0.0,12850.0,12851.25,53.3,0.3334,0,0.0,0,0.0,0,0.0,0,0.0,1,685400.0,0.3334
MPLADS-003780,3,2577000.0,859000.0,859000.0,859000.0,859000.0,0.0,2023-03-27,2023-07-15,110,55.0,55.0,0.0,16106.25,16106.25,53.3,0.3333,0,0.0,0,0.0,0,0.0,0,0.0,1,859000.0,0.3333
MPLADS-003781,3,13575000.0,4525000.0,4525000.0,4525000.0,4525000.0,0.0,2022-08-27,2023-05-19,265,132.5,132.5,0.71,33937.5,33937.5,133.3,0.3333,0,0.0,0,0.0,0,0.0,0,0.0,1,4525000.0,0.3333
MPLADS-003782,3,2283000.0,761000.0,761000.0,761000.0,761000.0,0.0,2023-07-24,2023-10-11,79,39.5,39.5,0.71,19025.0,19025.0,40.0,0.3333,0,0.0,0,0.0,0,0.0,0,0.0,1,761000.0,0.3333
MPLADS-003783,2,546000.0,273000.0,273000.0,273000.0,273000.0,0.0,2023-07-23,2023-09-04,43,43.0,43.0,0.0,9100.0,9100.0,30.0,0.5,0,0.0,0,0.0,0,0.0,0,0.0,1,273000.0,0.5
MPLADS-003784,2,695000.0,347500.0,347500.0,347500.0,347500.0,0.0,2022-06-28,2022-08-09,42,42.0,42.0,0.0,7722.22,7722.22,45.0,0.5,0,0.0,0,0.0,0,0.0,0,0.0,1,347500.0,0.5
MPLADS-003785,2,380000.0,190000.0,190000.0,190000.0,190000.0,0.0,2023-10-08,2023-11-21,44,44.0,44.0,0.0,6333.33,6333.33,30.0,0.5,0,0.0,0,0.0,0,0.0,0,0.0,1,190000.0,0.5
MPLADS-003786,3,3173000.0,1057666.67,1057700.0,1057600.0,1057700.0,57.74,2024-03-03,2024-07-09,128,64.0,64.0,0.0,17627.78,17628.33,60.0,0.3333,0,0.0,0,0.0,0,0.0,0,0.0,1,1057600.0,0.3333
MPLADS-003787,3,13824000.0,4608000.0,4608000.0,4608000.0,4608000.0,0.0,2024-01-28,2024-10-18,264,132.0,132.0,0.0,34560.0,34560.0,133.3,0.3333,0,0.0,0,0.0,0,0.0,0,0.0,1,4608000.0,0.3333
MPLADS-003788,3,2572000.0,857333.33,857300.0,857300.0,857400.0,57.74,2023-09-11,2024-02-05,147,73.5,73.5,0.71,12247.62,12248.57,70.0,0.3334,0,0.0,0,0.0,0,0.0,0,0.0,1,857400.0,0.3334
MPLADS-003789,3,44897000.0,14965666.67,14965700.0,14965600.0,14965700.0,57.74,2023-04-09,2024-01-08,274,137.0,137.0,0.0,112242.5,112242.75,133.3,0.3333,0,0.0,0,0.0,0,0.0,0,0.0,1,14965600.0,0.3333
MPLADS-003790,2,368000.0,184000.0,184000.0,184000.0,184000.0,0.0,2023-06-09,2023-07-10,31,31.0,31.0,0.0,6133.33,6133.33,30.0,0.5,0,0.0,0,0.0,0,0.0,0,0.0,1,184000.0,0.5
MPLADS-003791,3,1524000.0,508000.0,508000.0,508000.0,508000.0,0.0,2023-03-06,2023-05-31,86,43.0,43.0,0.0,12700.0,12700.0,40.0,0.3333,0,0.0,0,0.0,0,0.0,0,0.0,1,508000.0,0.3333
MPLADS-003792,3,2257000.0,752333.33,752300.0,752300.0,752400.0,57.74,2023-10-22,2024-03-07,137,68.5,68.5,0.71,12538.89,12540.0,60.0,0.3334,0,0.0,0,0.0,0,0.0,0,0.0,1,752400.0,0.3334
MPLADS-003793,3,3428000.0,1142666.67,1142700.0,1142600.0,1142700.0,57.74,2023-08-02,2023-12-28,148,74.0,74.0,0.0,16323.81,16324.29,70.0,0.3333,0,0.0,0,0.0,0,0.0,0,0.0,1,1142600.0,0.3333
MPLADS-003794,3,1654000.0,551333.33,551300.0,551300.0,551400.0,57.74,2022-08-26,2022-12-03,99,49.5,49.5,0.71,10337.5,10338.75,53.3,0.3334,0,0.0,0,0.0,0,0.0,0,0.0,1,551400.0,0.3334
MPLADS-003795,2,491000.0,245500.0,245500.0,245500.0,245500.0,0.0,2022-12-03,2023-01-14,42,42.0,42.0,0.0,8183.33,8183.33,30.0,0.5,0,0.0,0,0.0,0,0.0,0,0.0,1,245500.0,0.5
MPLADS-003796,3,1658000.0,552666.67,552700.0,552600.0,552700.0,57.74,2023-12-17,2024-04-27,132,66.0,66.0,0.0,9211.11,9211.67,60.0,0.3334,0,0.0,0,0.0,3,1.0,0,0.0,1,552600.0,0.3333
MPLADS-003797,3,8574000.0,2858000.0,2858000.0,2858000.0,2858000.0,0.0,2023-11-28,2024-08-26,272,136.0,136.0,0.0,21435.0,21435.0,133.3,0.3333,0,0.0,0,0.0,0,0.0,0,0.0,1,2858000.0,0.3333
MPLADS-003798,2,638000.0,319000.0,319000.0,319000.0,319000.0,0.0,2023-11-08,2023-12-10,32,32.0,32.0,0.0,10633.33,10633.33,30.0,0.5,0,0.0,0,0.0,0,0.0,0,0.0,1,319000.0,0.5
MPLADS-003799,3,15601000.0,5200333.33,5200300.0,5200300.0,5200400.0,57.74,2022-11-04,2023-08-02,271,135.5,135.5,0.71,39002.5,39003.0,133.3,0.3333,0,0.0,0,0.0,0,0.0,0,0.0,1,5200400.0,0.3333
MPLADS-003800,3,2559000.0,853000.0,853000.0,853000.0,853000.0,0.0,2023-12-06,2024-03-31,116,58.0,58.0,0.0,14216.67,14216.67,60.0,0.3333,0,0.0,0,0.0,0,0.0,0,0.0,1,853000.0,0.3333
MPLADS-003801,3,2730000.0,910000.0,910000.0,910000.0,910000.0,0.0,2022-09-06,2023-01-06,122,61.0,61.0,0.0,17062.5,17062.5,53.3,0.3333,0,0.0,0,0.0,0,0.0,0,0.0,1,910000.0,0.3333
MPLADS-003802,3,2610000.0,870000.0,870000.0,870000.0,870000.0,0.0,2023-01-13,2023-06-03,141,70.5,70.5,0.71,12428.57,12428.57,70.0,0.3333,0,0.0,0,0.0,0,0.0,0,0.0,1,870000.0,0.3333
MPLADS-003803,3,1663000.0,554333.33,554300.0,554300.0,554400.0,57.74,2023-01-22,2023-04-27,95,47.5,47.5,0.71,11086.67,11088.0,50.0,0.3334,0,0.0,1,0.3333,0,0.0,0,0.0,1,554400.0,0.3334
MPLADS-003804,2,571000.0,285500.0,285500.0,285500.0,285500.0,0.0,2023-11-05,2023-12-17,42,42.0,42.0,0.0,9516.67,9516.67,30.0,0.5,0,0.0,0,0.0,0,0.0,0,0.0,1,285500.0,0.5
MPLADS-003805,2,671000.0,335500.0,335500.0,335500.0,335500.0,0.0,2023-09-14,2023-11-03,50,50.0,50.0,0.0,7455.56,7455.56,45.0,0.5,0,0.0,0,0.0,0,0.0,0,0.0,1,335500.0,0.5
MPLADS-003806,3,1249000.0,416333.33,416300.0,416300.0,416400.0,57.74,2022-04-25,2022-07-28,94,47.0,47.0,0.0,8326.67,8328.0,50.0,0.3334,0,0.0,0,0.0,0,0.0,0,0.0,1,416400.0,0.3334
MPLADS-003807,3,3765000.0,1255000.0,1255000.0,1255000.0,1255000.0,0.0,2022-09-08,2023-01-13,127,63.5,63.5,0.71,23531.25,23531.25,53.3,0.3333,0,0.0,0,0.0,0,0.0,0,0.0,1,1255000.0,0.3333
MPLADS-003808,2,749000.0,374500.0,374500.0,374500.0,374500.0,0.0,2022-04-20,2022-06-05,46,46.0,46.0,0.0,8322.22,8322.22,45.0,0.5,0,0.0,0,0.0,0,0.0,0,0.0,1,374500.0,0.5
MPLADS-003809,2,405000.0,202500.0,202500.0,202500.0,202500.0,0.0,2023-11-06,2023-12-14,38,38.0,38.0,0.0,6750.0,6750.0,30.0,0.5,0,0.0,0,0.0,0,0.0,0,0.0,1,202500.0,0.5
MPLADS-003810,2,662000.0,331000.0,331000.0,331000.0,331000.0,0.0,2023-09-28,2023-11-13,46,46.0,46.0,0.0,7355.56,7355.56,45.0,0.5,0,0.0,0,0.0,0,0.0,0,0.0,1,331000.0,0.5
MPLADS-003811,3,2085000.0,695000.0,695000.0,695000.0,695000.0,0.0,2023-10-12,2024-02-09,120,60.0,60.0,0.0,13031.25,13031.25,53.3,0.3333,0,0.0,0,0.0,3,1.0,0,0.0,1,695000.0,0.3333
MPLADS-003812,2,729000.0,364500.0,364500.0,364500.0,364500.0,0.0,2023-07-01,2023-08-21,51,51.0,51.0,0.0,8100.0,8100.0,45.0,0.5,0,0.0,0,0.0,0,0.0,0,0.0,1,364500.0,0.5
MPLADS-003813,3,1895000.0,631666.67,631700.0,631600.0,631700.0,57.74,2022-08-21,2022-12-17,118,59.0,59.0,0.0,12633.33,12634.0,50.0,0.3334,0,0.0,0,0.0,0,0.0,0,0.0,1,631600.0,0.3333
MPLADS-003814,3,2491000.0,830333.33,830300.0,830300.0,830400.0,57.74,2022-07-16,2022-11-07,114,57.0,57.0,0.0,13838.89,13840.0,60.0,0.3334,0,0.0,0,0.0,3,1.0,0,0.0,1,830400.0,0.3334
MPLADS-003815,3,9733000.0,3244333.33,3244300.0,3244300.0,3244400.0,57.74,2023-01-18,2023-10-17,272,136.0,136.0,0.0,24332.5,24333.0,133.3,0.3333,0,0.0,0,0.0,0,0.0,0,0.0,1,3244400.0,0.3333
MPLADS-003816,3,1376000.0,458666.67,458700.0,458600.0,458700.0,57.74,2022-10-20,2023-01-03,75,37.5,37.5,0.71,11466.67,11467.5,40.0,0.3334,0,0.0,0,0.0,0,0.0,0,0.0,1,458600.0,0.3333
MPLADS-003817,3,2124000.0,708000.0,708000.0,708000.0,708000.0,0.0,2024-01-17,2024-05-24,128,64.0,64.0,0.0,13275.0,13275.0,53.3,0.3333,0,0.0,0,0.0,0,0.0,0,0.0,1,708000.0,0.3333
MPLADS-003818,3,1617000.0,539000.0,539000.0,539000.0,539000.0,0.0,2023-12-03,2024-03-06,94,47.0,47.0,0.0,13475.0,13475.0,40.0,0.3333,0,0.0,0,0.0,0,0.0,0,0.0,1,539000.0,0.3333
MPLADS-003819,3,1581000.0,527000.0,527000.0,527000.0,527000.0,0.0,2023-01-05,2023-04-08,93,46.5,46.5,0.71,13175.0,13175.0,40.0,0.3333,0,0.0,0,0.0,0,0.0,0,0.0,1,527000.0,0.3333
MPLADS-003820,3,1300000.0,433333.33,433300.0,433300.0,433400.0,57.74,2024-02-15,2024-04-26,71,35.5,35.5,0.71,10833.33,10835.0,40.0,0.3334,0,0.0,0,0.0,0,0.0,0,0.0,1,433400.0,0.3334
MPLADS-003821,3,2984000.0,994666.67,994700.0,994600.0,994700.0,57.74,2023-08-26,2023-12-30,126,63.0,63.0,0.0,16577.78,16578.33,60.0,0.3333,0,0.0,0,0.0,0,0.0,0,0.0,1,994600.0,0.3333
MPLADS-003822,3,1259000.0,419666.67,419700.0,419600.0,419700.0,57.74,2022-08-24,2022-11-16,84,42.0,42.0,0.0,10491.67,10492.5,40.0,0.3334,0,0.0,0,0.0,0,0.0,0,0.0,1,419600.0,0.3333
MPLADS-003823,2,492000.0,246000.0,246000.0,246000.0,246000.0,0.0,2023-11-24,2024-03-23,120,120.0,120.0,0.0,8200.0,8200.0,30.0,0.5,0,0.0,0,0.0,0,0.0,0,0.0,1,246000.0,0.5
MPLADS-003824,2,624000.0,312000.0,312000.0,312000.0,312000.0,0.0,2022-06-25,2022-07-28,33,33.0,33.0,0.0,10400.0,10400.0,30.0,0.5,0,0.0,0,0.0,0,0.0,0,0.0,1,312000.0,0.5
MPLADS-003825,3,1542000.0,514000.0,514000.0,514000.0,514000.0,0.0,2023-01-03,2023-04-27,114,57.0,57.0,0.0,9637.5,9637.5,53.3,0.3333,0,0.0,0,0.0,0,0.0,0,0.0,1,514000.0,0.3333
MPLADS-003826,3,2689000.0,896333.33,896300.0,896300.0,896400.0,57.74,2023-07-12,2023-11-03,114,57.0,57.0,0.0,14938.89,14940.0,60.0,0.3334,0,0.0,0,0.0,0,0.0,0,0.0,1,896400.0,0.3334
MPLADS-003827,3,15296000.0,5098666.67,5098700.0,5098600.0,5098700.0,57.74,2023-06-21,2024-03-15,268,134.0,134.0,0.0,38240.0,38240.25,133.3,0.3333,0,0.0,0,0.0,0,0.0,0,0.0,1,5098600.0,0.3333
MPLADS-003828,2,632000.0,316000.0,316000.0,316000.0,316000.0,0.0,2023-11-07,2024-01-07,61,61.0,61.0,0.0,7022.22,7022.22,45.0,0.5,0,0.0,0,0.0,0,0.0,0,0.0,1,316000.0,0.5
MPLADS-003829,2,462000.0,231000.0,231000.0,231000.0,231000.0,0.0,2022-04-27,2022-05-24,27,27.0,27.0,0.0,7700.0,7700.0,30.0,0.5,0,0.0,0,0.0,0,0.0,0,0.0,1,231000.0,0.5
MPLADS-003830,3,2550000.0,850000.0,850000.0,850000.0,850000.0,0.0,2023-05-14,2023-08-19,97,48.5,48.5,0.71,15937.5,15937.5,53.3,0.3333,0,0.0,0,0.0,0,0.0,3,1.0,1,850000.0,0.3333
MPLADS-003831,3,1472000.0,490666.67,490700.0,490600.0,490700.0,57.74,2022-07-12,2022-10-30,110,55.0,55.0,0.0,9813.33,9814.0,50.0,0.3334,0,0.0,0,0.0,0,0.0,0,0.0,1,490600.0,0.3333
MPLADS-003832,3,1395000.0,465000.0,465000.0,465000.0,465000.0,0.0,2023-09-10,2024-01-16,128,64.0,64.0,0.0,8718.75,8718.75,53.3,0.3333,0,0.0,0,0.0,0,0.0,0,0.0,1,465000.0,0.3333
MPLADS-003833,3,1279000.0,426333.33,426300.0,426300.0,426400.0,57.74,2022-11-06,2023-09-02,300,150.0,150.0,0.0,8526.67,8528.0,50.0,0.3334,0,0.0,0,0.0,0,0.0,0,0.0,1,426400.0,0.3334
MPLADS-003834,3,2101000.0,700333.33,700300.0,700300.0,700400.0,57.74,2022-12-27,2023-03-13,76,38.0,38.0,0.0,17508.33,17510.0,40.0,0.3334,0,0.0,0,0.0,0,0.0,0,0.0,1,700400.0,0.3334
MPLADS-003835,2,947000.0,473500.0,473500.0,473500.0,473500.0,0.0,2023-01-11,2023-02-22,42,42.0,42.0,0.0,10522.22,10522.22,45.0,0.5,0,0.0,0,0.0,0,0.0,0,0.0,1,473500.0,0.5
MPLADS-003836,2,733000.0,366500.0,366500.0,366500.0,366500.0,0.0,2022-11-09,2022-12-30,51,51.0,51.0,0.0,8144.44,8144.44,45.0,0.5,0,0.0,0,0.0,0,0.0,0,0.0,1,366500.0,0.5
MPLADS-003837,3,14721000.0,4907000.0,4907000.0,4907000.0,4907000.0,0.0,2022-11-02,2023-07-24,264,132.0,132.0,0.0,36802.5,36802.5,133.3,0.3333,0,0.0,0,0.0,0,0.0,0,0.0,1,4907000.0,0.3333
MPLADS-003838,3,1941000.0,647000.0,647000.0,647000.0,647000.0,0.0,2022-06-12,2022-10-07,117,58.5,58.5,0.71,12131.25,12131.25,53.3,0.3333,0,0.0,0,0.0,0,0.0,0,0.0,1,647000.0,0.3333
MPLADS-003839,2,479000.0,239500.0,239500.0,239500.0,239500.0,0.0,2022-08-22,2022-10-06,45,45.0,45.0,0.0,7983.33,7983.33,30.0,0.5,0,0.0,0,0.0,0,0.0,0,0.0,1,239500.0,0.5
MPLADS-003840,3,1756000.0,585333.33,585300.0,585300.0,585400.0,57.74,2022-11-12,2023-02-19,99,49.5,49.5,0.71,14633.33,14635.0,40.0,0.3334,0,0.0,0,0.0,0,0.0,0,0.0,1,585400.0,0.3334
MPLADS-003841,3,12977000.0,4325666.67,4325700.0,4325600.0,4325700.0,57.74,2022-12-21,2023-09-14,267,133.5,133.5,0.71,32442.5,32442.75,133.3,0.3333,0,0.0,0,0.0,0,0.0,0,0.0,1,4325600.0,0.3333
MPLADS-003842,3,2122000.0,707333.33,707300.0,707300.0,707400.0,57.74,2023-10-21,2024-03-27,158,79.0,79.0,0.0,10104.76,10105.71,70.0,0.3334,0,0.0,0,0.0,0,0.0,0,0.0,1,707400.0,0.3334
MPLADS-003843,3,2601000.0,867000.0,867000.0,867000.0,867000.0,0.0,2023-01-18,2024-03-20,427,213.5,213.5,0.71,16256.25,16256.25,53.3,0.3333,0,0.0,1,0.3333,0,0.0,0,0.0,1,867000.0,0.3333
MPLADS-003844,3,1993000.0,664333.33,664300.0,664300.0,664400.0,57.74,2022-08-12,2022-12-16,126,63.0,63.0,0.0,12456.25,12457.5,53.3,0.3334,0,0.0,0,0.0,0,0.0,0,0.0,1,664400.0,0.3334
MPLADS-003845,3,2021000.0,673666.67,673700.0,673600.0,673700.0,57.74,2022-08-25,2022-12-26,123,61.5,61.5,0.71,11227.78,11228.33,60.0,0.3333,0,0.0,0,0.0,0,0.0,0,0.0,1,673600.0,0.3333
MPLADS-003846,3,1204000.0,401333.33,401300.0,401300.0,401400.0,57.74,2022-12-26,2023-03-14,78,39.0,39.0,0.0,10033.33,10035.0,40.0,0.3334,0,0.0,1,0.3333,0,0.0,0,0.0,1,401400.0,0.3334
MPLADS-003847,3,7759000.0,2586333.33,2586300.0,2586300.0,2586400.0,57.74,2023-06-20,2024-03-22,276,138.0,138.0,0.0,19397.5,19398.0,133.3,0.3333,0,0.0,1,0.3333,0,0.0,0,0.0,1,2586400.0,0.3333
MPLADS-003848,3,1903000.0,634333.33,634300.0,634300.0,634400.0,57.74,2022-04-16,2022-07-20,95,47.5,47.5,0.71,12686.67,12688.0,50.0,0.3334,0,0.0,0,0.0,0,0.0,0,0.0,1,634400.0,0.3334
MPLADS-003849,3,2121000.0,707000.0,707000.0,707000.0,707000.0,0.0,2022-11-05,2023-01-19,75,37.5,37.5,0.71,17675.0,17675.0,40.0,0.3333,0,0.0,0,0.0,0,0.0,0,0.0,1,707000.0,0.3333
MPLADS-003850,3,2239000.0,746333.33,746300.0,746300.0,746400.0,57.74,2023-10-03,2024-01-06,95,47.5,47.5,0.71,14926.67,14928.0,50.0,0.3334,0,0.0,0,0.0,0,0.0,0,0.0,1,746400.0,0.3334
MPLADS-003851,3,2247000.0,749000.0,749000.0,749000.0,749000.0,0.0,2023-05-06,2023-08-08,94,47.0,47.0,0.0,18725.0,18725.0,40.0,0.3333,0,0.0,0,0.0,0,0.0,0,0.0,1,749000.0,0.3333
MPLADS-003852,3,1340000.0,446666.67,446700.0,446600.0,446700.0,57.74,2022-03-25,2022-07-10,107,53.5,53.5,0.71,8933.33,8934.0,50.0,0.3334,0,0.0,1,0.3333,0,0.0,0,0.0,1,446600.0,0.3333
MPLADS-003853,3,2191000.0,730333.33,730300.0,730300.0,730400.0,57.74,2023-06-16,2023-11-01,138,69.0,69.0,0.0,12172.22,12173.33,60.0,0.3334,0,0.0,0,0.0,0,0.0,0,0.0,1,730400.0,0.3334
MPLADS-003854,3,1500000.0,500000.0,500000.0,500000.0,500000.0,0.0,2023-01-24,2023-04-22,88,44.0,44.0,0.0,12500.0,12500.0,40.0,0.3333,0,0.0,1,0.3333,3,1.0,3,1.0,1,500000.0,0.3333
MPLADS-003855,3,2773000.0,924333.33,924300.0,924300.0,924400.0,57.74,2022-11-22,2023-05-01,160,80.0,80.0,0.0,13204.76,13205.71,70.0,0.3334,0,0.0,0,0.0,0,0.0,0,0.0,1,924400.0,0.3334
MPLADS-003856,3,12639000.0,4213000.0,4213000.0,4213000.0,4213000.0,0.0,2022-07-12,2023-04-18,280,140.0,140.0,0.0,31597.5,31597.5,133.3,0.3333,0,0.0,0,0.0,0,0.0,0,0.0,1,4213000.0,0.3333
MPLADS-003857,3,2871000.0,957000.0,957000.0,957000.0,957000.0,0.0,2022-05-08,2022-10-09,154,77.0,77.0,0.0,13671.43,13671.43,70.0,0.3333,0,0.0,0,0.0,0,0.0,0,0.0,1,957000.0,0.3333
MPLADS-003858,3,11530000.0,3843333.33,3843300.0,3843300.0,3843400.0,57.74,2022-07-21,2023-04-17,270,135.0,135.0,0.0,28825.0,28825.5,133.3,0.3333,0,0.0,0,0.0,0,0.0,0,0.0,1,3843400.0,0.3333
MPLADS-003859,3,1689000.0,563000.0,563000.0,563000.0,563000.0,0.0,2023-03-27,2023-06-27,92,46.0,46.0,0.0,11260.0,11260.0,50.0,0.3333,0,0.0,0,0.0,0,0.0,0,0.0,1,563000.0,0.3333
MPLADS-003860,2,600000.0,300000.0,300000.0,300000.0,300000.0,0.0,2023-10-22,2023-12-01,40,40.0,40.0,0.0,10000.0,10000.0,30.0,0.5,0,0.0,0,0.0,0,0.0,2,1.0,1,300000.0,0.5
MPLADS-003861,3,9504000.0,3168000.0,3168000.0,3168000.0,3168000.0,0.0,2023-10-10,2024-07-12,276,138.0,138.0,0.0,23760.0,23760.0,133.3,0.3333,0,0.0,0,0.0,0,0.0,0,0.0,1,3168000.0,0.3333
MPLADS-003862,2,437000.0,218500.0,218500.0,218500.0,218500.0,0.0,2023-12-24,2024-01-24,31,31.0,31.0,0.0,7283.33,7283.33,30.0,0.5,0,0.0,0,0.0,0,0.0,0,0.0,1,218500.0,0.5
MPLADS-003863,3,10103000.0,3367666.67,3367700.0,3367600.0,3367700.0,57.74,2024-06-06,2025-03-21,288,144.0,144.0,0.0,25257.5,25257.75,133.3,0.3333,0,0.0,0,0.0,0,0.0,0,0.0,1,3367600.0,0.3333
MPLADS-003864,3,1811000.0,603666.67,603700.0,603600.0,603700.0,57.74,2022-11-28,2023-03-14,106,53.0,53.0,0.0,11318.75,11319.38,53.3,0.3334,0,0.0,0,0.0,0,0.0,0,0.0,1,603600.0,0.3333
MPLADS-003865,3,1767000.0,589000.0,589000.0,589000.0,589000.0,0.0,2024-01-31,2025-05-25,480,240.0,240.0,0.0,9816.67,9816.67,60.0,0.3333,0,0.0,0,0.0,0,0.0,0,0.0,1,589000.0,0.3333
MPLADS-003866,2,433000.0,216500.0,216500.0,216500.0,216500.0,0.0,2023-01-21,2023-03-02,40,40.0,40.0,0.0,7216.67,7216.67,30.0,0.5,0,0.0,0,0.0,0,0.0,0,0.0,1,216500.0,0.5
MPLADS-003867,3,1835000.0,611666.67,611700.0,611600.0,611700.0,57.74,2022-08-03,2022-11-25,114,57.0,57.0,0.0,12233.33,12234.0,50.0,0.3334,0,0.0,0,0.0,0,0.0,0,0.0,1,611600.0,0.3333
MPLADS-003868,3,6257000.0,2085666.67,2085700.0,2085600.0,2085700.0,57.74,2022-05-02,2022-09-19,140,70.0,70.0,0.0,29795.24,29795.71,70.0,0.3333,0,0.0,0,0.0,0,0.0,0,0.0,1,2085600.0,0.3333
MPLADS-003869,3,2008000.0,669333.33,669300.0,669300.0,669400.0,57.74,2023-02-09,2023-06-27,138,69.0,69.0,0.0,11155.56,11156.67,60.0,0.3334,0,0.0,0,0.0,0,0.0,0,0.0,1,669400.0,0.3334
MPLADS-003870,3,2342000.0,780666.67,780700.0,780600.0,780700.0,57.74,2023-09-22,2024-02-09,140,70.0,70.0,0.0,11152.38,11152.86,70.0,0.3333,0,0.0,0,0.0,0,0.0,0,0.0,1,780600.0,0.3333
MPLADS-003871,2,565000.0,282500.0,282500.0,282500.0,282500.0,0.0,2023-07-06,2023-08-13,38,38.0,38.0,0.0,6277.78,6277.78,45.0,0.5,0,0.0,0,0.0,0,0.0,0,0.0,1,282500.0,0.5
MPLADS-003872,3,2299000.0,766333.33,766300.0,766300.0,766400.0,57.74,2024-03-01,2025-06-24,480,240.0,240.0,0.0,12772.22,12773.33,60.0,0.3334,0,0.0,0,0.0,0,0.0,0,0.0,1,766400.0,0.3334
MPLADS-003873,3,5501000.0,1833666.67,1833700.0,1833600.0,1833700.0,57.74,2022-07-05,2022-11-14,132,66.0,66.0,0.0,26195.24,26195.71,70.0,0.3333,0,0.0,0,0.0,0,0.0,0,0.0,1,1833600.0,0.3333
MPLADS-003874,3,1450000.0,483333.33,483300.0,483300.0,483400.0,57.74,2023-06-30,2023-09-16,78,39.0,39.0,0.0,12083.33,12085.0,40.0,0.3334,0,0.0,0,0.0,0,0.0,0,0.0,1,483400.0,0.3334
MPLADS-003875,3,12031000.0,4010333.33,4010300.0,4010300.0,4010400.0,57.74,2024-04-12,2025-01-21,284,142.0,142.0,0.0,30077.5,30078.0,133.3,0.3333,0,0.0,0,0.0,0,0.0,0,0.0,1,4010400.0,0.3333
MPLADS-003876,3,10248000.0,3416000.0,3416000.0,3416000.0,3416000.0,0.0,2023-12-09,2024-08-22,257,128.5,128.5,0.71,25620.0,25620.0,133.3,0.3333,0,0.0,0,0.0,0,0.0,0,0.0,1,3416000.0,0.3333
MPLADS-003877,3,3191000.0,1063666.67,1063700.0,1063600.0,1063700.0,57.74,2023-03-07,2023-07-15,130,65.0,65.0,0.0,15195.24,15195.71,70.0,0.3333,0,0.0,0,0.0,0,0.0,0,0.0,1,1063600.0,0.3333
MPLADS-003878,3,3255000.0,1085000.0,1085000.0,1085000.0,1085000.0,0.0,2022-10-04,2023-03-07,154,77.0,77.0,0.0,15500.0,15500.0,70.0,0.3333,0,0.0,0,0.0,0,0.0,0,0.0,1,1085000.0,0.3333
MPLADS-003879,3,7923000.0,2641000.0,2641000.0,2641000.0,2641000.0,0.0,2024-01-24,2024-11-05,286,143.0,143.0,0.0,19807.5,19807.5,133.3,0.3333,0,0.0,0,0.0,0,0.0,0,0.0,1,2641000.0,0.3333
MPLADS-003880,3,13126000.0,4375333.33,4375300.0,4375300.0,4375400.0,57.74,2024-02-26,2024-08-04,160,80.0,80.0,0.0,62504.76,62505.71,70.0,0.3333,0,0.0,0,0.0,0,0.0,0,0.0,1,4375400.0,0.3333
MPLADS-003881,3,3716000.0,1238666.67,1238700.0,1238600.0,1238700.0,57.74,2023-04-29,2023-10-08,162,81.0,81.0,0.0,17695.24,17695.71,70.0,0.3333,0,0.0,0,0.0,0,0.0,0,0.0,1,1238600.0,0.3333
MPLADS-003882,3,1373000.0,457666.67,457700.0,457600.0,457700.0,57.74,2022-06-08,2022-09-10,94,47.0,47.0,0.0,11441.67,11442.5,40.0,0.3334,0,0.0,0,0.0,0,0.0,0,0.0,1,457600.0,0.3333
MPLADS-003883,3,1640000.0,546666.67,546700.0,546600.0,546700.0,57.74,2023-09-27,2024-02-02,128,64.0,64.0,0.0,10250.0,10250.62,53.3,0.3334,0,0.0,0,0.0,0,0.0,0,0.0,1,546600.0,0.3333
MPLADS-003884,2,602000.0,301000.0,301000.0,301000.0,301000.0,0.0,2023-02-20,2023-03-17,25,25.0,25.0,0.0,10033.33,10033.33,30.0,0.5,0,0.0,1,0.5,0,0.0,0,0.0,1,301000.0,0.5
MPLADS-003885,3,3789000.0,1263000.0,1263000.0,1263000.0,1263000.0,0.0,2023-01-29,2023-07-09,161,80.5,80.5,0.71,18042.86,18042.86,70.0,0.3333,0,0.0,0,0.0,0,0.0,0,0.0,1,1263000.0,0.3333
MPLADS-003886,2,537000.0,268500.0,268500.0,268500.0,268500.0,0.0,2023-08-26,2023-10-25,60,60.0,60.0,0.0,5966.67,5966.67,45.0,0.5,0,0.0,0,0.0,0,0.0,0,0.0,1,268500.0,0.5
MPLADS-003887,3,1819000.0,606333.33,606300.0,606300.0,606400.0,57.74,2023-04-16,2023-07-24,99,49.5,49.5,0.71,15158.33,15160.0,40.0,0.3334,0,0.0,0,0.0,0,0.0,0,0.0,1,606400.0,0.3334
MPLADS-003888,3,1078000.0,359333.33,359300.0,359300.0,359400.0,57.74,2022-09-04,2022-12-23,110,55.0,55.0,0.0,7186.67,7188.0,50.0,0.3334,0,0.0,0,0.0,0,0.0,0,0.0,1,359400.0,0.3334
MPLADS-003889,3,14279000.0,4759666.67,4759700.0,4759600.0,4759700.0,57.74,2024-02-09,2024-11-10,275,137.5,137.5,0.71,35697.5,35697.75,133.3,0.3333,0,0.0,0,0.0,0,0.0,0,0.0,1,4759600.0,0.3333
MPLADS-003890,3,2416000.0,805333.33,805300.0,805300.0,805400.0,57.74,2022-09-25,2022-11-26,62,31.0,31.0,0.0,40266.67,40270.0,20.0,0.3334,0,0.0,0,0.0,0,0.0,0,0.0,1,805400.0,0.3334
MPLADS-003891,3,1991000.0,663666.67,663700.0,663600.0,663700.0,57.74,2024-01-04,2024-04-03,90,45.0,45.0,0.0,13273.33,13274.0,50.0,0.3334,0,0.0,0,0.0,0,0.0,0,0.0,1,663600.0,0.3333
MPLADS-003892,2,859000.0,429500.0,429500.0,429500.0,429500.0,0.0,2024-02-08,2024-04-10,62,62.0,62.0,0.0,9544.44,9544.44,45.0,0.5,0,0.0,0,0.0,0,0.0,0,0.0,1,429500.0,0.5
MPLADS-003893,3,3395000.0,1131666.67,1131700.0,1131600.0,1131700.0,57.74,2022-09-17,2023-01-20,125,62.5,62.5,0.71,18861.11,18861.67,60.0,0.3333,0,0.0,0,0.0,0,0.0,0,0.0,1,1131600.0,0.3333
MPLADS-003894,3,1272000.0,424000.0,424000.0,424000.0,424000.0,0.0,2024-01-13,2024-04-14,92,46.0,46.0,0.0,8480.0,8480.0,50.0,0.3333,0,0.0,0,0.0,3,1.0,0,0.0,1,424000.0,0.3333
MPLADS-003895,2,659000.0,329500.0,329500.0,329500.0,329500.0,0.0,2022-08-27,2022-09-28,32,32.0,32.0,0.0,10983.33,10983.33,30.0,0.5,0,0.0,0,0.0,0,0.0,0,0.0,1,329500.0,0.5
MPLADS-003896,3,1683000.0,561000.0,561000.0,561000.0,561000.0,0.0,2023-12-01,2024-03-16,106,53.0,53.0,0.0,11220.0,11220.0,50.0,0.3333,0,0.0,0,0.0,3,1.0,0,0.0,1,561000.0,0.3333
MPLADS-003897,3,2222000.0,740666.67,740700.0,740600.0,740700.0,57.74,2022-07-22,2022-10-01,71,35.5,35.5,0.71,18516.67,18517.5,40.0,0.3333,0,0.0,0,0.0,0,0.0,0,0.0,1,740600.0,0.3333
MPLADS-003898,3,2784000.0,928000.0,928000.0,928000.0,928000.0,0.0,2023-10-25,2024-03-01,128,64.0,64.0,0.0,15466.67,15466.67,60.0,0.3333,0,0.0,0,0.0,0,0.0,0,0.0,1,928000.0,0.3333
MPLADS-003899,3,2098000.0,699333.33,699300.0,699300.0,699400.0,57.74,2023-04-29,2023-07-12,74,37.0,37.0,0.0,17483.33,17485.0,40.0,0.3334,0,0.0,0,0.0,0,0.0,0,0.0,1,699400.0,0.3334
MPLADS-003900,3,14066000.0,4688666.67,4688700.0,4688600.0,4688700.0,57.74,2023-05-19,2024-03-04,290,145.0,145.0,0.0,35165.0,35165.25,133.3,0.3333,0,0.0,0,0.0,0,0.0,0,0.0,1,4688600.0,0.3333
MPLADS-003901,3,2143000.0,714333.33,714300.0,714300.0,714400.0,57.74,2023-07-24,2023-10-28,96,48.0,48.0,0.0,17858.33,17860.0,40.0,0.3334,0,0.0,0,0.0,0,0.0,0,0.0,1,714400.0,0.3334
MPLADS-003902,3,2080000.0,693333.33,693300.0,693300.0,693400.0,57.74,2023-02-05,2023-04-20,74,37.0,37.0,0.0,17333.33,17335.0,40.0,0.3334,0,0.0,0,0.0,0,0.0,0,0.0,1,693400.0,0.3334
MPLADS-003903,3,12324000.0,4108000.0,4108000.0,4108000.0,4108000.0,0.0,2023-12-06,2024-09-20,289,144.5,144.5,0.71,30810.0,30810.0,133.3,0.3333,0,0.0,0,0.0,0,0.0,0,0.0,1,4108000.0,0.3333
MPLADS-003904,3,2151000.0,717000.0,717000.0,717000.0,717000.0,0.0,2023-09-14,2024-02-07,146,73.0,73.0,0.0,10242.86,10242.86,70.0,0.3333,0,0.0,0,0.0,0,0.0,0,0.0,1,717000.0,0.3333
MPLADS-003905,2,551000.0,275500.0,275500.0,275500.0,275500.0,0.0,2023-08-24,2023-10-06,43,43.0,43.0,0.0,6122.22,6122.22,45.0,0.5,0,0.0,0,0.0,0,0.0,0,0.0,1,275500.0,0.5
MPLADS-003906,3,2715000.0,905000.0,905000.0,905000.0,905000.0,0.0,2022-04-06,2022-08-18,134,67.0,67.0,0.0,15083.33,15083.33,60.0,0.3333,0,0.0,0,0.0,0,0.0,0,0.0,1,905000.0,0.3333
MPLADS-003907,2,514000.0,257000.0,257000.0,257000.0,257000.0,0.0,2022-12-06,2023-01-08,33,33.0,33.0,0.0,8566.67,8566.67,30.0,0.5,0,0.0,0,0.0,0,0.0,0,0.0,1,257000.0,0.5
MPLADS-003908,3,2753000.0,917666.67,917700.0,917600.0,917700.0,57.74,2023-10-23,2024-03-09,138,69.0,69.0,0.0,15294.44,15295.0,60.0,0.3333,0,0.0,0,0.0,0,0.0,0,0.0,1,917600.0,0.3333
MPLADS-003909,3,3048000.0,1016000.0,1016000.0,1016000.0,1016000.0,0.0,2024-02-28,2024-07-17,140,70.0,70.0,0.0,14514.29,14514.29,70.0,0.3333,0,0.0,0,0.0,0,0.0,0,0.0,1,1016000.0,0.3333
MPLADS-003910,3,9917000.0,3305666.67,3305700.0,3305600.0,3305700.0,57.74,2023-12-16,2024-09-25,284,142.0,142.0,0.0,24792.5,24792.75,133.3,0.3333,0,0.0,0,0.0,0,0.0,0,0.0,1,3305600.0,0.3333
MPLADS-003911,2,727000.0,363500.0,363500.0,363500.0,363500.0,0.0,2022-10-12,2022-12-01,50,50.0,50.0,0.0,8077.78,8077.78,45.0,0.5,0,0.0,0,0.0,0,0.0,0,0.0,1,363500.0,0.5
MPLADS-003912,3,2555000.0,851666.67,851700.0,851600.0,851700.0,57.74,2023-09-16,2024-01-14,120,60.0,60.0,0.0,14194.44,14195.0,60.0,0.3333,0,0.0,0,0.0,3,1.0,0,0.0,1,851600.0,0.3333
MPLADS-003913,2,559000.0,279500.0,279500.0,279500.0,279500.0,0.0,2022-04-26,2022-06-06,41,41.0,41.0,0.0,9316.67,9316.67,30.0,0.5,0,0.0,0,0.0,0,0.0,0,0.0,1,279500.0,0.5
MPLADS-003914,3,2106000.0,702000.0,702000.0,702000.0,702000.0,0.0,2023-06-13,2023-08-24,72,36.0,36.0,0.0,17550.0,17550.0,40.0,0.3333,0,0.0,0,0.0,0,0.0,0,0.0,1,702000.0,0.3333
MPLADS-003915,3,6665000.0,2221666.67,2221700.0,2221600.0,2221700.0,57.74,2024-04-04,2025-01-01,272,136.0,136.0,0.0,16662.5,16662.75,133.3,0.3333,0,0.0,0,0.0,0,0.0,0,0.0,1,2221600.0,0.3333
MPLADS-003916,3,9549000.0,3183000.0,3183000.0,3183000.0,3183000.0,0.0,2022-12-18,2023-09-04,260,130.0,130.0,0.0,23872.5,23872.5,133.3,0.3333,0,0.0,0,0.0,0,0.0,0,0.0,1,3183000.0,0.3333
MPLADS-003917,3,2361000.0,787000.0,787000.0,787000.0,787000.0,0.0,2024-01-11,2024-04-10,90,45.0,45.0,0.0,19675.0,19675.0,40.0,0.3333,0,0.0,0,0.0,0,0.0,0,0.0,1,787000.0,0.3333
MPLADS-003918,3,2953000.0,984333.33,984300.0,984300.0,984400.0,57.74,2023-10-29,2024-04-09,163,81.5,81.5,0.71,14061.91,14062.86,70.0,0.3334,0,0.0,0,0.0,0,0.0,0,0.0,1,984400.0,0.3334
MPLADS-003919,3,7981000.0,2660333.33,2660300.0,2660300.0,2660400.0,57.74,2023-09-15,2024-07-01,290,145.0,145.0,0.0,19952.5,19953.0,133.3,0.3333,0,0.0,0,0.0,0,0.0,0,0.0,1,2660400.0,0.3333
MPLADS-003920,2,876000.0,438000.0,438000.0,438000.0,438000.0,0.0,2023-09-19,2023-11-13,55,55.0,55.0,0.0,9733.33,9733.33,45.0,0.5,0,0.0,0,0.0,0,0.0,0,0.0,1,438000.0,0.5
MPLADS-003921,3,13614000.0,4538000.0,4538000.0,4538000.0,4538000.0,0.0,2023-12-04,2024-08-22,262,131.0,131.0,0.0,34035.0,34035.0,133.3,0.3333,0,0.0,0,0.0,0,0.0,0,0.0,1,4538000.0,0.3333
MPLADS-003922,3,1769000.0,589666.67,589700.0,589600.0,589700.0,57.74,2023-06-07,2023-09-13,98,49.0,49.0,0.0,14741.67,14742.5,40.0,0.3334,0,0.0,0,0.0,0,0.0,0,0.0,1,589600.0,0.3333
MPLADS-003923,3,2492000.0,830666.67,830700.0,830600.0,830700.0,57.74,2023-11-13,2024-04-18,157,78.5,78.5,0.71,11866.66,11867.14,70.0,0.3333,0,0.0,0,0.0,0,0.0,0,0.0,1,830600.0,0.3333
MPLADS-003924,3,2297000.0,765666.67,765700.0,765600.0,765700.0,57.74,2023-11-14,2024-04-04,142,71.0,71.0,0.0,10938.09,10938.57,70.0,0.3333,0,0.0,0,0.0,0,0.0,0,0.0,1,765600.0,0.3333
MPLADS-003925,3,1593000.0,531000.0,531000.0,531000.0,531000.0,0.0,2023-10-29,2024-02-19,113,56.5,56.5,0.71,9956.25,9956.25,53.3,0.3333,0,0.0,0,0.0,0,0.0,0,0.0,1,531000.0,0.3333
MPLADS-003926,3,22263000.0,7421000.0,7421000.0,7421000.0,7421000.0,0.0,2023-07-11,2024-04-16,280,140.0,140.0,0.0,55657.5,55657.5,133.3,0.3333,0,0.0,0,0.0,0,0.0,0,0.0,1,7421000.0,0.3333
MPLADS-003927,3,3059000.0,1019666.67,1019700.0,1019600.0,1019700.0,57.74,2022-12-01,2023-03-26,115,57.5,57.5,0.71,16994.44,16995.0,60.0,0.3333,0,0.0,0,0.0,0,0.0,0,0.0,1,1019600.0,0.3333
MPLADS-003928,3,60112000.0,20037333.33,20037300.0,20037300.0,20037400.0,57.74,2022-09-29,2023-07-06,280,140.0,140.0,0.0,150280.0,150280.5,133.3,0.3333,0,0.0,0,0.0,0,0.0,0,0.0,1,20037400.0,0.3333
MPLADS-003929,3,10591000.0,3530333.33,3530300.0,3530300.0,3530400.0,57.74,2024-02-27,2024-11-27,274,137.0,137.0,0.0,26477.5,26478.0,133.3,0.3333,0,0.0,0,0.0,0,0.0,0,0.0,1,3530400.0,0.3333
MPLADS-003930,3,3642000.0,1214000.0,1214000.0,1214000.0,1214000.0,0.0,2023-05-12,2023-10-07,148,74.0,74.0,0.0,17342.86,17342.86,70.0,0.3333,0,0.0,0,0.0,0,0.0,0,0.0,1,1214000.0,0.3333
MPLADS-003931,3,1631000.0,543666.67,543700.0,543600.0,543700.0,57.74,2023-12-01,2024-04-19,140,70.0,70.0,0.0,9061.11,9061.67,60.0,0.3334,0,0.0,0,0.0,0,0.0,0,0.0,1,543600.0,0.3333
MPLADS-003932,3,2665000.0,888333.33,888300.0,888300.0,888400.0,57.74,2023-12-17,2024-05-05,140,70.0,70.0,0.0,14805.56,14806.67,60.0,0.3334,0,0.0,0,0.0,0,0.0,0,0.0,1,888400.0,0.3334
MPLADS-003933,2,949000.0,474500.0,474500.0,474500.0,474500.0,0.0,2023-07-10,2023-09-29,81,81.0,81.0,0.0,6326.67,6326.67,75.0,0.5,0,0.0,0,0.0,0,0.0,0,0.0,1,474500.0,0.5
MPLADS-003934,3,1882000.0,627333.33,627300.0,627300.0,627400.0,57.74,2022-05-09,2022-08-19,102,51.0,51.0,0.0,12546.67,12548.0,50.0,0.3334,0,0.0,0,0.0,0,0.0,0,0.0,1,627400.0,0.3334
MPLADS-003935,3,2562000.0,854000.0,854000.0,854000.0,854000.0,0.0,2023-08-26,2024-01-09,136,68.0,68.0,0.0,14233.33,14233.33,60.0,0.3333,0,0.0,0,0.0,0,0.0,0,0.0,1,854000.0,0.3333
MPLADS-003936,3,1505000.0,501666.67,501700.0,501600.0,501700.0,57.74,2023-05-20,2023-08-12,84,42.0,42.0,0.0,12541.67,12542.5,40.0,0.3334,0,0.0,0,0.0,0,0.0,0,0.0,1,501600.0,0.3333
MPLADS-003937,3,2812000.0,937333.33,937300.0,937300.0,937400.0,57.74,2023-06-05,2023-10-17,134,67.0,67.0,0.0,15622.22,15623.33,60.0,0.3334,0,0.0,0,0.0,0,0.0,0,0.0,1,937400.0,0.3334
MPLADS-003938,3,12749000.0,4249666.67,4249700.0,4249600.0,4249700.0,57.74,2023-12-08,2024-08-21,257,128.5,128.5,0.71,31872.5,31872.75,133.3,0.3333,0,0.0,0,0.0,0,0.0,0,0.0,1,4249600.0,0.3333
MPLADS-003939,2,490000.0,245000.0,245000.0,245000.0,245000.0,0.0,2022-08-04,2022-08-30,26,26.0,26.0,0.0,8166.67,8166.67,30.0,0.5,0,0.0,0,0.0,0,0.0,0,0.0,1,245000.0,0.5
MPLADS-003940,3,1441000.0,480333.33,480300.0,480300.0,480400.0,57.74,2022-12-16,2023-03-28,102,51.0,51.0,0.0,12008.33,12010.0,40.0,0.3334,0,0.0,0,0.0,0,0.0,0,0.0,1,480400.0,0.3334
MPLADS-003941,3,1861000.0,620333.33,620300.0,620300.0,620400.0,57.74,2023-09-05,2024-01-12,129,64.5,64.5,0.71,11631.25,11632.5,53.3,0.3334,0,0.0,0,0.0,0,0.0,0,0.0,1,620400.0,0.3334
MPLADS-003942,3,14152000.0,4717333.33,4717300.0,4717300.0,4717400.0,57.74,2023-08-04,2024-05-20,290,145.0,145.0,0.0,35380.0,35380.5,133.3,0.3333,0,0.0,0,0.0,0,0.0,0,0.0,1,4717400.0,0.3333
MPLADS-003943,3,1876000.0,625333.33,625300.0,625300.0,625400.0,57.74,2024-01-23,2024-05-03,101,50.5,50.5,0.71,15633.33,15635.0,40.0,0.3334,0,0.0,1,0.3333,0,0.0,0,0.0,1,625400.0,0.3334
MPLADS-003944,2,538000.0,269000.0,269000.0,269000.0,269000.0,0.0,2023-02-18,2023-05-19,90,90.0,90.0,0.0,8966.67,8966.67,30.0,0.5,0,0.0,0,0.0,0,0.0,0,0.0,1,269000.0,0.5
MPLADS-003945,3,2087000.0,695666.67,695700.0,695600.0,695700.0,57.74,2022-08-31,2023-01-01,123,61.5,61.5,0.71,13043.75,13044.38,53.3,0.3333,0,0.0,0,0.0,0,0.0,0,0.0,1,695600.0,0.3333
MPLADS-003946,3,2410000.0,803333.33,803300.0,803300.0,803400.0,57.74,2023-04-18,2023-08-15,119,59.5,59.5,0.71,15062.5,15063.75,53.3,0.3334,0,0.0,0,0.0,0,0.0,0,0.0,1,803400.0,0.3334
MPLADS-003947,2,399000.0,199500.0,199500.0,199500.0,199500.0,0.0,2023-04-11,2023-05-06,25,25.0,25.0,0.0,6650.0,6650.0,30.0,0.5,0,0.0,0,0.0,0,0.0,0,0.0,1,199500.0,0.5
MPLADS-003948,3,2607000.0,869000.0,869000.0,869000.0,869000.0,0.0,2023-02-05,2023-06-03,118,59.0,59.0,0.0,16293.75,16293.75,53.3,0.3333,0,0.0,0,0.0,0,0.0,0,0.0,1,869000.0,0.3333
MPLADS-003949,3,13384000.0,4461333.33,4461300.0,4461300.0,4461400.0,57.74,2023-07-06,2024-03-23,261,130.5,130.5,0.71,33460.0,33460.5,133.3,0.3333,0,0.0,1,0.3333,0,0.0,0,0.0,1,4461400.0,0.3333
MPLADS-003950,3,2940000.0,980000.0,980000.0,980000.0,980000.0,0.0,2022-10-16,2023-10-11,360,180.0,180.0,0.0,16333.33,16333.33,60.0,0.3333,0,0.0,0,0.0,0,0.0,0,0.0,1,980000.0,0.3333
MPLADS-003951,3,3461000.0,1153666.67,1153700.0,1153600.0,1153700.0,57.74,2022-06-05,2022-08-05,61,30.5,30.5,0.71,38455.56,38456.67,30.0,0.3333,0,0.0,0,0.0,0,0.0,0,0.0,1,1153600.0,0.3333
MPLADS-003952,3,2662000.0,887333.33,887300.0,887300.0,887400.0,57.74,2023-06-23,2023-10-28,127,63.5,63.5,0.71,14788.89,14790.0,60.0,0.3334,0,0.0,0,0.0,0,0.0,0,0.0,1,887400.0,0.3334
MPLADS-003953,3,3323000.0,1107666.67,1107700.0,1107600.0,1107700.0,57.74,2024-01-26,2024-06-20,146,73.0,73.0,0.0,15823.81,15824.29,70.0,0.3333,0,0.0,0,0.0,0,0.0,0,0.0,1,1107600.0,0.3333
MPLADS-003954,3,1979000.0,659666.67,659700.0,659600.0,659700.0,57.74,2023-02-02,2023-03-27,53,26.5,26.5,0.71,32983.33,32985.0,20.0,0.3334,0,0.0,0,0.0,0,0.0,0,0.0,1,659600.0,0.3333
MPLADS-003955,3,1780000.0,593333.33,593300.0,593300.0,593400.0,57.74,2023-09-25,2024-01-16,113,56.5,56.5,0.71,11866.67,11868.0,50.0,0.3334,0,0.0,0,0.0,0,0.0,0,0.0,1,593400.0,0.3334
MPLADS-003956,3,1809000.0,603000.0,603000.0,603000.0,603000.0,0.0,2023-12-02,2024-03-14,103,51.5,51.5,0.71,12060.0,12060.0,50.0,0.3333,0,0.0,0,0.0,0,0.0,0,0.0,1,603000.0,0.3333
MPLADS-003957,3,12388000.0,4129333.33,4129300.0,4129300.0,4129400.0,57.74,2022-11-12,2023-08-02,263,131.5,131.5,0.71,30970.0,30970.5,133.3,0.3333,0,0.0,0,0.0,0,0.0,0,0.0,1,4129400.0,0.3333
MPLADS-003958,3,2534000.0,844666.67,844700.0,844600.0,844700.0,57.74,2022-05-23,2022-10-21,151,75.5,75.5,0.71,12066.66,12067.14,70.0,0.3333,0,0.0,0,0.0,0,0.0,0,0.0,1,844600.0,0.3333
MPLADS-003959,3,1724000.0,574666.67,574700.0,574600.0,574700.0,57.74,2022-06-10,2022-09-14,96,48.0,48.0,0.0,14366.67,14367.5,40.0,0.3334,0,0.0,0,0.0,0,0.0,0,0.0,1,574600.0,0.3333
MPLADS-003960,3,40541000.0,13513666.67,13513700.0,13513600.0,13513700.0,57.74,2022-12-13,2023-08-28,258,129.0,129.0,0.0,101352.5,101352.75,133.3,0.3333,0,0.0,0,0.0,0,0.0,0,0.0,1,13513600.0,0.3333
MPLADS-003961,3,2638000.0,879333.33,879300.0,879300.0,879400.0,57.74,2022-09-18,2023-02-23,158,79.0,79.0,0.0,12561.91,12562.86,70.0,0.3334,0,0.0,0,0.0,0,0.0,0,0.0,1,879400.0,0.3334
MPLADS-003962,3,13030000.0,4343333.33,4343300.0,4343300.0,4343400.0,57.74,2022-12-28,2023-10-06,282,141.0,141.0,0.0,32575.0,32575.5,133.3,0.3333,0,0.0,0,0.0,0,0.0,0,0.0,1,4343400.0,0.3333
MPLADS-003963,2,620000.0,310000.0,310000.0,310000.0,310000.0,0.0,2023-04-14,2023-05-16,32,32.0,32.0,0.0,10333.33,10333.33,30.0,0.5,0,0.0,0,0.0,0,0.0,0,0.0,1,310000.0,0.5
MPLADS-003964,3,1997000.0,665666.67,665700.0,665600.0,665700.0,57.74,2023-07-14,2023-10-23,101,50.5,50.5,0.71,13313.33,13314.0,50.0,0.3334,0,0.0,0,0.0,0,0.0,0,0.0,1,665600.0,0.3333
MPLADS-003965,3,11094000.0,3698000.0,3698000.0,3698000.0,3698000.0,0.0,2023-11-16,2024-07-31,258,129.0,129.0,0.0,27735.0,27735.0,133.3,0.3333,0,0.0,1,0.3333,0,0.0,0,0.0,1,3698000.0,0.3333
MPLADS-003966,2,538000.0,269000.0,269000.0,269000.0,269000.0,0.0,2023-04-05,2023-04-30,25,25.0,25.0,0.0,8966.67,8966.67,30.0,0.5,0,0.0,0,0.0,0,0.0,0,0.0,1,269000.0,0.5
MPLADS-003967,3,1973000.0,657666.67,657700.0,657600.0,657700.0,57.74,2022-10-11,2023-02-24,136,68.0,68.0,0.0,10961.11,10961.67,60.0,0.3334,0,0.0,0,0.0,0,0.0,0,0.0,1,657600.0,0.3333
MPLADS-003968,3,1874000.0,624666.67,624700.0,624600.0,624700.0,57.74,2023-06-08,2023-09-14,98,49.0,49.0,0.0,15616.67,15617.5,40.0,0.3334,0,0.0,0,0.0,0,0.0,0,0.0,1,624600.0,0.3333
MPLADS-003969,3,2362000.0,787333.33,787300.0,787300.0,787400.0,57.74,2023-08-02,2023-11-11,101,50.5,50.5,0.71,19683.33,19685.0,40.0,0.3334,0,0.0,0,0.0,0,0.0,0,0.0,1,787400.0,0.3334
MPLADS-003970,3,1224000.0,408000.0,408000.0,408000.0,408000.0,0.0,2023-09-07,2023-12-30,114,57.0,57.0,0.0,8160.0,8160.0,50.0,0.3333,0,0.0,0,0.0,0,0.0,0,0.0,1,408000.0,0.3333
MPLADS-003971,2,914000.0,457000.0,457000.0,457000.0,457000.0,0.0,2023-11-15,2024-01-02,48,48.0,48.0,0.0,10155.56,10155.56,45.0,0.5,0,0.0,0,0.0,0,0.0,0,0.0,1,457000.0,0.5
MPLADS-003972,3,2010000.0,670000.0,670000.0,670000.0,670000.0,0.0,2022-06-19,2022-10-09,112,56.0,56.0,0.0,11166.67,11166.67,60.0,0.3333,0,0.0,0,0.0,0,0.0,0,0.0,1,670000.0,0.3333
MPLADS-003973,3,11252000.0,3750666.67,3750700.0,3750600.0,3750700.0,57.74,2024-01-01,2024-10-08,281,140.5,140.5,0.71,28130.0,28130.25,133.3,0.3333,0,0.0,0,0.0,0,0.0,0,0.0,1,3750600.0,0.3333
MPLADS-003974,2,593000.0,296500.0,296500.0,296500.0,296500.0,0.0,2022-07-28,2022-09-13,47,47.0,47.0,0.0,9883.33,9883.33,30.0,0.5,0,0.0,0,0.0,0,0.0,0,0.0,1,296500.0,0.5
MPLADS-003975,3,1149000.0,383000.0,383000.0,383000.0,383000.0,0.0,2023-03-25,2023-07-17,114,57.0,57.0,0.0,7660.0,7660.0,50.0,0.3333,0,0.0,1,0.3333,0,0.0,0,0.0,1,383000.0,0.3333
MPLADS-003976,3,2002000.0,667333.33,667300.0,667300.0,667400.0,57.74,2022-04-01,2022-07-10,100,50.0,50.0,0.0,16683.33,16685.0,40.0,0.3334,0,0.0,0,0.0,3,1.0,0,0.0,1,667400.0,0.3334
MPLADS-003977,2,412000.0,206000.0,206000.0,206000.0,206000.0,0.0,2023-11-28,2023-12-27,29,29.0,29.0,0.0,6866.67,6866.67,30.0,0.5,0,0.0,0,0.0,0,0.0,0,0.0,1,206000.0,0.5
MPLADS-003978,3,1795000.0,598333.33,598300.0,598300.0,598400.0,57.74,2023-01-01,2023-04-15,104,52.0,52.0,0.0,11218.75,11220.0,53.3,0.3334,0,0.0,0,0.0,0,0.0,0,0.0,1,598400.0,0.3334
MPLADS-003979,3,2414000.0,804666.67,804700.0,804600.0,804700.0,57.74,2022-09-30,2023-02-02,125,62.5,62.5,0.71,15087.5,15088.12,53.3,0.3333,0,0.0,0,0.0,0,0.0,0,0.0,1,804600.0,0.3333
MPLADS-003980,3,2172000.0,724000.0,724000.0,724000.0,724000.0,0.0,2022-09-04,2022-12-15,102,51.0,51.0,0.0,13575.0,13575.0,53.3,0.3333,0,0.0,0,0.0,0,0.0,0,0.0,1,724000.0,0.3333
MPLADS-003981,3,2109000.0,703000.0,703000.0,703000.0,703000.0,0.0,2022-04-06,2022-06-28,83,41.5,41.5,0.71,17575.0,17575.0,40.0,0.3333,0,0.0,0,0.0,3,1.0,0,0.0,1,703000.0,0.3333
MPLADS-003982,3,2702000.0,900666.67,900700.0,900600.0,900700.0,57.74,2023-01-21,2023-06-08,138,69.0,69.0,0.0,15011.11,15011.67,60.0,0.3333,0,0.0,1,0.3333,0,0.0,0,0.0,1,900600.0,0.3333
MPLADS-003983,3,15163000.0,5054333.33,5054300.0,5054300.0,5054400.0,57.74,2023-04-26,2023-09-26,153,76.5,76.5,0.71,72204.76,72205.71,70.0,0.3333,0,0.0,0,0.0,0,0.0,0,0.0,1,5054400.0,0.3333
MPLADS-003984,2,356000.0,178000.0,178000.0,178000.0,178000.0,0.0,2023-03-23,2023-05-09,47,47.0,47.0,0.0,5933.33,5933.33,30.0,0.5,0,0.0,1,0.5,2,1.0,0,0.0,1,178000.0,0.5
MPLADS-003985,3,2115000.0,705000.0,705000.0,705000.0,705000.0,0.0,2022-11-09,2023-04-10,152,76.0,76.0,0.0,10071.43,10071.43,70.0,0.3333,0,0.0,0,0.0,0,0.0,0,0.0,1,705000.0,0.3333
MPLADS-003986,3,14086000.0,4695333.33,4695300.0,4695300.0,4695400.0,57.74,2023-09-18,2024-06-30,286,143.0,143.0,0.0,35215.0,35215.5,133.3,0.3333,0,0.0,0,0.0,0,0.0,0,0.0,1,4695400.0,0.3333
MPLADS-003987,3,5526000.0,1842000.0,1842000.0,1842000.0,1842000.0,0.0,2023-06-11,2023-09-16,97,48.5,48.5,0.71,36840.0,36840.0,50.0,0.3333,0,0.0,0,0.0,0,0.0,0,0.0,1,1842000.0,0.3333
MPLADS-003988,3,11723000.0,3907666.67,3907700.0,3907600.0,3907700.0,57.74,2022-09-11,2023-01-23,134,67.0,67.0,0.0,55823.81,55824.29,70.0,0.3333,0,0.0,0,0.0,0,0.0,0,0.0,1,3907600.0,0.3333
MPLADS-003989,2,571000.0,285500.0,285500.0,285500.0,285500.0,0.0,2023-09-10,2023-11-01,52,52.0,52.0,0.0,6344.44,6344.44,45.0,0.5,0,0.0,0,0.0,0,0.0,0,0.0,1,285500.0,0.5
MPLADS-003990,3,2409000.0,803000.0,803000.0,803000.0,803000.0,0.0,2023-08-02,2023-12-02,122,61.0,61.0,0.0,13383.33,13383.33,60.0,0.3333,0,0.0,0,0.0,0,0.0,0,0.0,1,803000.0,0.3333
MPLADS-003991,3,1604000.0,534666.67,534700.0,534600.0,534700.0,57.74,2023-02-09,2023-05-08,88,44.0,44.0,0.0,13366.67,13367.5,40.0,0.3334,0,0.0,1,0.3333,0,0.0,0,0.0,1,534600.0,0.3333
MPLADS-003992,3,3102000.0,1034000.0,1034000.0,1034000.0,1034000.0,0.0,2023-01-14,2023-05-30,136,68.0,68.0,0.0,14771.43,14771.43,70.0,0.3333,0,0.0,1,0.3333,0,0.0,0,0.0,1,1034000.0,0.3333
MPLADS-003993,3,3180000.0,1060000.0,1060000.0,1060000.0,1060000.0,0.0,2023-03-30,2023-07-28,120,60.0,60.0,0.0,17666.67,17666.67,60.0,0.3333,0,0.0,0,0.0,0,0.0,0,0.0,1,1060000.0,0.3333
MPLADS-003994,3,1882000.0,627333.33,627300.0,627300.0,627400.0,57.74,2023-05-01,2023-07-26,86,43.0,43.0,0.0,15683.33,15685.0,40.0,0.3334,0,0.0,0,0.0,0,0.0,0,0.0,1,627400.0,0.3334
MPLADS-003995,3,2419000.0,806333.33,806300.0,806300.0,806400.0,57.74,2023-03-31,2023-09-07,160,80.0,80.0,0.0,11519.05,11520.0,70.0,0.3334,0,0.0,0,0.0,0,0.0,0,0.0,1,806400.0,0.3334
MPLADS-003996,3,2370000.0,790000.0,790000.0,790000.0,790000.0,0.0,2022-05-05,2022-08-31,118,59.0,59.0,0.0,14812.5,14812.5,53.3,0.3333,0,0.0,0,0.0,0,0.0,0,0.0,1,790000.0,0.3333
MPLADS-003997,3,1480000.0,493333.33,493300.0,493300.0,493400.0,57.74,2023-01-05,2023-03-24,78,39.0,39.0,0.0,12333.33,12335.0,40.0,0.3334,0,0.0,1,0.3333,0,0.0,0,0.0,1,493400.0,0.3334
MPLADS-003998,2,544000.0,272000.0,272000.0,272000.0,272000.0,0.0,2023-11-01,2023-12-07,36,36.0,36.0,0.0,9066.67,9066.67,30.0,0.5,0,0.0,0,0.0,2,1.0,0,0.0,1,272000.0,0.5
MPLADS-003999,3,2483000.0,827666.67,827700.0,827600.0,827700.0,57.74,2022-10-16,2023-02-21,128,64.0,64.0,0.0,15518.75,15519.38,53.3,0.3333,0,0.0,0,0.0,0,0.0,0,0.0,1,827600.0,0.3333
MPLADS-004000,3,8548000.0,2849333.33,2849300.0,2849300.0,2849400.0,57.74,2022-11-18,2023-02-24,98,49.0,49.0,0.0,71233.33,71235.0,40.0,0.3333,0,0.0,0,0.0,0,0.0,0,0.0,1,2849400.0,0.3333
MPLADS-004001,3,2805000.0,935000.0,935000.0,935000.0,935000.0,0.0,2023-03-25,2023-07-19,116,58.0,58.0,0.0,17531.25,17531.25,53.3,0.3333,0,0.0,1,0.3333,0,0.0,0,0.0,1,935000.0,0.3333
MPLADS-004002,2,436000.0,218000.0,218000.0,218000.0,218000.0,0.0,2022-12-29,2023-02-12,45,45.0,45.0,0.0,7266.67,7266.67,30.0,0.5,0,0.0,0,0.0,0,0.0,0,0.0,1,218000.0,0.5
MPLADS-004003,3,2992000.0,997333.33,997300.0,997300.0,997400.0,57.74,2022-11-13,2023-04-20,158,79.0,79.0,0.0,14247.62,14248.57,70.0,0.3334,0,0.0,0,0.0,0,0.0,0,0.0,1,997400.0,0.3334
MPLADS-004004,3,1517000.0,505666.67,505700.0,505600.0,505700.0,57.74,2022-11-05,2023-03-06,121,60.5,60.5,0.71,10113.33,10114.0,50.0,0.3334,0,0.0,0,0.0,0,0.0,0,0.0,1,505600.0,0.3333
MPLADS-004005,3,2262000.0,754000.0,754000.0,754000.0,754000.0,0.0,2023-12-25,2024-04-11,108,54.0,54.0,0.0,14137.5,14137.5,53.3,0.3333,0,0.0,0,0.0,0,0.0,0,0.0,1,754000.0,0.3333
MPLADS-004006,3,3134000.0,1044666.67,1044700.0,1044600.0,1044700.0,57.74,2024-03-31,2024-08-14,136,68.0,68.0,0.0,14923.81,14924.29,70.0,0.3333,0,0.0,0,0.0,0,0.0,0,0.0,1,1044600.0,0.3333
MPLADS-004007,3,1150000.0,383333.33,383300.0,383300.0,383400.0,57.74,2024-01-09,2024-11-24,320,160.0,160.0,0.0,9583.33,9585.0,40.0,0.3334,0,0.0,0,0.0,0,0.0,0,0.0,1,383400.0,0.3334
MPLADS-004008,3,2226000.0,742000.0,742000.0,742000.0,742000.0,0.0,2022-05-01,2022-09-18,140,70.0,70.0,0.0,12366.67,12366.67,60.0,0.3333,0,0.0,0,0.0,0,0.0,0,0.0,1,742000.0,0.3333
MPLADS-004009,3,1847000.0,615666.67,615700.0,615600.0,615700.0,57.74,2023-05-20,2023-08-24,96,48.0,48.0,0.0,12313.33,12314.0,50.0,0.3334,0,0.0,0,0.0,0,0.0,0,0.0,1,615600.0,0.3333
MPLADS-004010,2,525000.0,262500.0,262500.0,262500.0,262500.0,0.0,2023-09-14,2023-11-14,61,61.0,61.0,0.0,5833.33,5833.33,45.0,0.5,0,0.0,0,0.0,0,0.0,0,0.0,1,262500.0,0.5
MPLADS-004011,3,9710000.0,3236666.67,3236700.0,3236600.0,3236700.0,57.74,2023-06-03,2023-09-08,97,48.5,48.5,0.71,60687.5,60688.12,53.3,0.3333,0,0.0,0,0.0,0,0.0,0,0.0,1,3236600.0,0.3333
MPLADS-004012,3,3046000.0,1015333.33,1015300.0,1015300.0,1015400.0,57.74,2023-03-18,2023-07-10,114,57.0,57.0,0.0,16922.22,16923.33,60.0,0.3334,0,0.0,0,0.0,0,0.0,0,0.0,1,1015400.0,0.3334
MPLADS-004013,3,1502000.0,500666.67,500700.0,500600.0,500700.0,57.74,2023-04-02,2023-07-04,93,46.5,46.5,0.71,10013.33,10014.0,50.0,0.3334,0,0.0,0,0.0,0,0.0,0,0.0,1,500600.0,0.3333
MPLADS-004014,3,1082000.0,360666.67,360700.0,360600.0,360700.0,57.74,2022-12-07,2023-03-01,84,42.0,42.0,0.0,9016.67,9017.5,40.0,0.3334,0,0.0,1,0.3333,0,0.0,0,0.0,1,360600.0,0.3333
MPLADS-004015,3,1089000.0,363000.0,363000.0,363000.0,363000.0,0.0,2022-10-08,2023-02-08,123,61.5,61.5,0.71,7260.0,7260.0,50.0,0.3333,0,0.0,0,0.0,0,0.0,0,0.0,1,363000.0,0.3333
MPLADS-004016,3,2273000.0,757666.67,757700.0,757600.0,757700.0,57.74,2023-03-11,2023-07-31,142,71.0,71.0,0.0,12627.78,12628.33,60.0,0.3333,0,0.0,0,0.0,0,0.0,0,0.0,1,757600.0,0.3333
MPLADS-004017,2,554000.0,277000.0,277000.0,277000.0,277000.0,0.0,2023-08-14,2023-09-26,43,43.0,43.0,0.0,9233.33,9233.33,30.0,0.5,0,0.0,0,0.0,0,0.0,0,0.0,1,277000.0,0.5
MPLADS-004018,3,2063000.0,687666.67,687700.0,687600.0,687700.0,57.74,2022-05-09,2022-08-27,110,55.0,55.0,0.0,12893.75,12894.38,53.3,0.3333,0,0.0,0,0.0,0,0.0,0,0.0,1,687600.0,0.3333
MPLADS-004019,3,15321000.0,5107000.0,5107000.0,5107000.0,5107000.0,0.0,2022-11-25,2023-08-11,259,129.5,129.5,0.71,38302.5,38302.5,133.3,0.3333,0,0.0,0,0.0,0,0.0,0,0.0,1,5107000.0,0.3333
MPLADS-004020,2,610000.0,305000.0,305000.0,305000.0,305000.0,0.0,2023-02-28,2023-03-28,28,28.0,28.0,0.0,10166.67,10166.67,30.0,0.5,0,0.0,1,0.5,0,0.0,0,0.0,1,305000.0,0.5
MPLADS-004021,3,1643000.0,547666.67,547700.0,547600.0,547700.0,57.74,2022-08-09,2022-11-13,96,48.0,48.0,0.0,10953.33,10954.0,50.0,0.3334,0,0.0,0,0.0,0,0.0,0,0.0,1,547600.0,0.3333
MPLADS-004022,3,1607000.0,535666.67,535700.0,535600.0,535700.0,57.74,2023-06-16,2023-08-29,74,37.0,37.0,0.0,13391.67,13392.5,40.0,0.3334,0,0.0,0,0.0,0,0.0,0,0.0,1,535600.0,0.3333
MPLADS-004023,3,1898000.0,632666.67,632700.0,632600.0,632700.0,57.74,2023-04-12,2023-08-12,122,61.0,61.0,0.0,11862.5,11863.12,53.3,0.3334,0,0.0,0,0.0,0,0.0,0,0.0,1,632600.0,0.3333
MPLADS-004024,3,2146000.0,715333.33,715300.0,715300.0,715400.0,57.74,2024-05-24,2025-04-09,320,160.0,160.0,0.0,13412.5,13413.75,53.3,0.3334,0,0.0,0,0.0,0,0.0,0,0.0,1,715400.0,0.3334
MPLADS-004025,3,2173000.0,724333.33,724300.0,724300.0,724400.0,57.74,2023-04-17,2023-08-09,114,57.0,57.0,0.0,12072.22,12073.33,60.0,0.3334,0,0.0,0,0.0,3,1.0,0,0.0,1,724400.0,0.3334
MPLADS-004026,3,1630000.0,543333.33,543300.0,543300.0,543400.0,57.74,2023-07-11,2023-10-12,93,46.5,46.5,0.71,13583.33,13585.0,40.0,0.3334,0,0.0,0,0.0,0,0.0,0,0.0,1,543400.0,0.3334
MPLADS-004027,3,50775000.0,16925000.0,16925000.0,16925000.0,16925000.0,0.0,2022-11-30,2023-08-17,260,130.0,130.0,0.0,126937.5,126937.5,133.3,0.3333,0,0.0,0,0.0,0,0.0,0,0.0,1,16925000.0,0.3333
MPLADS-004028,3,10966000.0,3655333.33,3655300.0,3655300.0,3655400.0,57.74,2023-02-15,2023-11-18,276,138.0,138.0,0.0,27415.0,27415.5,133.3,0.3333,0,0.0,0,0.0,0,0.0,0,0.0,1,3655400.0,0.3333
MPLADS-004029,2,741000.0,370500.0,370500.0,370500.0,370500.0,0.0,2022-09-15,2022-11-11,57,57.0,57.0,0.0,8233.33,8233.33,45.0,0.5,0,0.0,0,0.0,0,0.0,0,0.0,1,370500.0,0.5
MPLADS-004030,3,13012000.0,4337333.33,4337300.0,4337300.0,4337400.0,57.74,2024-05-22,2025-03-06,288,144.0,144.0,0.0,32530.0,32530.5,133.3,0.3333,0,0.0,0,0.0,0,0.0,0,0.0,1,4337400.0,0.3333
MPLADS-004031,2,546000.0,273000.0,273000.0,273000.0,273000.0,0.0,2023-03-04,2023-04-18,45,45.0,45.0,0.0,9100.0,9100.0,30.0,0.5,0,0.0,0,0.0,0,0.0,0,0.0,1,273000.0,0.5
MPLADS-004032,2,464000.0,232000.0,232000.0,232000.0,232000.0,0.0,2023-02-02,2023-03-18,44,44.0,44.0,0.0,7733.33,7733.33,30.0,0.5,0,0.0,0,0.0,0,0.0,0,0.0,1,232000.0,0.5
MPLADS-004033,3,2519000.0,839666.67,839700.0,839600.0,839700.0,57.74,2024-02-19,2024-06-12,114,57.0,57.0,0.0,15743.75,15744.38,53.3,0.3333,0,0.0,0,0.0,0,0.0,0,0.0,1,839600.0,0.3333
MPLADS-004034,3,2423000.0,807666.67,807700.0,807600.0,807700.0,57.74,2022-09-05,2022-11-30,86,43.0,43.0,0.0,20191.67,20192.5,40.0,0.3333,0,0.0,0,0.0,0,0.0,0,0.0,1,807600.0,0.3333
MPLADS-004035,3,1862000.0,620666.67,620700.0,620600.0,620700.0,57.74,2022-05-07,2022-08-07,92,46.0,46.0,0.0,15516.67,15517.5,40.0,0.3334,0,0.0,0,0.0,0,0.0,0,0.0,1,620600.0,0.3333
MPLADS-004036,3,1580000.0,526666.67,526700.0,526600.0,526700.0,57.74,2023-05-26,2023-09-15,112,56.0,56.0,0.0,10533.33,10534.0,50.0,0.3334,0,0.0,0,0.0,0,0.0,0,0.0,1,526600.0,0.3333
MPLADS-004037,3,1073000.0,357666.67,357700.0,357600.0,357700.0,57.74,2023-10-28,2024-02-05,100,50.0,50.0,0.0,7153.33,7154.0,50.0,0.3334,0,0.0,0,0.0,3,1.0,0,0.0,1,357600.0,0.3333
MPLADS-004038,3,2166000.0,722000.0,722000.0,722000.0,722000.0,0.0,2022-05-23,2022-09-02,102,51.0,51.0,0.0,18050.0,18050.0,40.0,0.3333,0,0.0,0,0.0,0,0.0,0,0.0,1,722000.0,0.3333
MPLADS-004039,3,2143000.0,714333.33,714300.0,714300.0,714400.0,57.74,2022-06-30,2022-11-04,127,63.5,63.5,0.71,11905.56,11906.67,60.0,0.3334,0,0.0,0,0.0,0,0.0,0,0.0,1,714400.0,0.3334
MPLADS-004040,3,1758000.0,586000.0,586000.0,586000.0,586000.0,0.0,2023-06-15,2023-10-21,128,64.0,64.0,0.0,10987.5,10987.5,53.3,0.3333,0,0.0,0,0.0,0,0.0,0,0.0,1,586000.0,0.3333
MPLADS-004041,3,2211000.0,737000.0,737000.0,737000.0,737000.0,0.0,2022-10-15,2023-02-04,112,56.0,56.0,0.0,12283.33,12283.33,60.0,0.3333,0,0.0,0,0.0,0,0.0,0,0.0,1,737000.0,0.3333
MPLADS-004042,2,778000.0,389000.0,389000.0,389000.0,389000.0,0.0,2022-12-09,2023-02-09,62,62.0,62.0,0.0,8644.44,8644.44,45.0,0.5,0,0.0,0,0.0,0,0.0,0,0.0,1,389000.0,0.5
MPLADS-004043,2,498000.0,249000.0,249000.0,249000.0,249000.0,0.0,2022-12-22,2023-02-06,46,46.0,46.0,0.0,8300.0,8300.0,30.0,0.5,0,0.0,0,0.0,0,0.0,0,0.0,1,249000.0,0.5
MPLADS-004044,3,1725000.0,575000.0,575000.0,575000.0,575000.0,0.0,2023-07-03,2024-08-06,400,200.0,200.0,0.0,11500.0,11500.0,50.0,0.3333,0,0.0,0,0.0,0,0.0,0,0.0,1,575000.0,0.3333
MPLADS-004045,3,7552000.0,2517333.33,2517300.0,2517300.0,2517400.0,57.74,2022-04-07,2022-06-22,76,38.0,38.0,0.0,62933.33,62935.0,40.0,0.3333,0,0.0,0,0.0,0,0.0,0,0.0,1,2517400.0,0.3333
MPLADS-004046,3,1165000.0,388333.33,388300.0,388300.0,388400.0,57.74,2023-02-14,2023-06-13,119,59.5,59.5,0.71,7766.67,7768.0,50.0,0.3334,0,0.0,0,0.0,0,0.0,0,0.0,1,388400.0,0.3334
MPLADS-004047,3,2397000.0,799000.0,799000.0,799000.0,799000.0,0.0,2022-11-29,2023-05-02,154,77.0,77.0,0.0,11414.29,11414.29,70.0,0.3333,0,0.0,0,0.0,0,0.0,0,0.0,1,799000.0,0.3333
MPLADS-004048,2,331000.0,165500.0,165500.0,165500.0,165500.0,0.0,2023-10-13,2023-11-05,23,23.0,23.0,0.0,5516.67,5516.67,30.0,0.5,0,0.0,0,0.0,0,0.0,0,0.0,1,165500.0,0.5
MPLADS-004049,3,1325000.0,441666.67,441700.0,441600.0,441700.0,57.74,2022-09-09,2022-12-14,96,48.0,48.0,0.0,8833.33,8834.0,50.0,0.3334,0,0.0,0,0.0,0,0.0,0,0.0,1,441600.0,0.3333
MPLADS-004050,3,2457000.0,819000.0,819000.0,819000.0,819000.0,0.0,2023-12-26,2024-03-29,94,47.0,47.0,0.0,20475.0,20475.0,40.0,0.3333,0,0.0,1,0.3333,3,1.0,0,0.0,1,819000.0,0.3333
MPLADS-004051,3,7530000.0,2510000.0,2510000.0,2510000.0,2510000.0,0.0,2023-03-25,2024-01-08,289,144.5,144.5,0.71,18825.0,18825.0,133.3,0.3333,0,0.0,0,0.0,0,0.0,0,0.0,1,2510000.0,0.3333
MPLADS-004052,3,2042000.0,680666.67,680700.0,680600.0,680700.0,57.74,2023-02-01,2023-05-22,110,55.0,55.0,0.0,13613.33,13614.0,50.0,0.3333,0,0.0,0,0.0,0,0.0,0,0.0,1,680600.0,0.3333
MPLADS-004053,3,3411000.0,1137000.0,1137000.0,1137000.0,1137000.0,0.0,2022-12-05,2023-04-09,125,62.5,62.5,0.71,18950.0,18950.0,60.0,0.3333,0,0.0,0,0.0,3,1.0,0,0.0,1,1137000.0,0.3333
MPLADS-004054,2,671000.0,335500.0,335500.0,335500.0,335500.0,0.0,2024-01-18,2024-02-22,35,35.0,35.0,0.0,11183.33,11183.33,30.0,0.5,0,0.0,0,0.0,0,0.0,0,0.0,1,335500.0,0.5
MPLADS-004055,3,2833000.0,944333.33,944300.0,944300.0,944400.0,57.74,2022-08-19,2022-12-11,114,57.0,57.0,0.0,17706.25,17707.5,53.3,0.3334,0,0.0,0,0.0,0,0.0,0,0.0,1,944400.0,0.3334
MPLADS-004056,2,357000.0,178500.0,178500.0,178500.0,178500.0,0.0,2023-05-07,2023-05-30,23,23.0,23.0,0.0,5950.0,5950.0,30.0,0.5,0,0.0,0,0.0,0,0.0,0,0.0,1,178500.0,0.5
MPLADS-004057,3,12778000.0,4259333.33,4259300.0,4259300.0,4259400.0,57.74,2023-11-06,2024-03-25,140,70.0,70.0,0.0,60847.62,60848.57,70.0,0.3333,0,0.0,0,0.0,0,0.0,0,0.0,1,4259400.0,0.3333
MPLADS-004058,2,578000.0,289000.0,289000.0,289000.0,289000.0,0.0,2022-08-24,2022-10-11,48,48.0,48.0,0.0,6422.22,6422.22,45.0,0.5,0,0.0,0,0.0,0,0.0,0,0.0,1,289000.0,0.5
MPLADS-004059,2,634000.0,317000.0,317000.0,317000.0,317000.0,0.0,2022-11-21,2023-01-13,53,53.0,53.0,0.0,7044.44,7044.44,45.0,0.5,0,0.0,0,0.0,2,1.0,0,0.0,1,317000.0,0.5
MPLADS-004060,3,2404000.0,801333.33,801300.0,801300.0,801400.0,57.74,2024-06-27,2025-10-20,480,240.0,240.0,0.0,13355.56,13356.67,60.0,0.3334,0,0.0,0,0.0,0,0.0,0,0.0,1,801400.0,0.3334
MPLADS-004061,3,1433000.0,477666.67,477700.0,477600.0,477700.0,57.74,2023-11-03,2024-02-06,95,47.5,47.5,0.71,9553.33,9554.0,50.0,0.3334,0,0.0,0,0.0,0,0.0,0,0.0,1,477600.0,0.3333
MPLADS-004062,3,12896000.0,4298666.67,4298700.0,4298600.0,4298700.0,57.74,2023-06-11,2023-10-27,138,69.0,69.0,0.0,61409.52,61410.0,70.0,0.3333,0,0.0,0,0.0,0,0.0,0,0.0,1,4298600.0,0.3333
MPLADS-004063,3,14982000.0,4994000.0,4994000.0,4994000.0,4994000.0,0.0,2023-06-30,2024-03-16,260,130.0,130.0,0.0,37455.0,37455.0,133.3,0.3333,0,0.0,0,0.0,0,0.0,0,0.0,1,4994000.0,0.3333
MPLADS-004064,3,10537000.0,3512333.33,3512300.0,3512300.0,3512400.0,57.74,2022-08-11,2023-05-18,280,140.0,140.0,0.0,26342.5,26343.0,133.3,0.3333,0,0.0,0,0.0,0,0.0,0,0.0,1,3512400.0,0.3333
MPLADS-004065,2,908000.0,454000.0,454000.0,454000.0,454000.0,0.0,2023-05-09,2023-06-27,49,49.0,49.0,0.0,10088.89,10088.89,45.0,0.5,0,0.0,0,0.0,0,0.0,0,0.0,1,454000.0,0.5
MPLADS-004066,3,2590000.0,863333.33,863300.0,863300.0,863400.0,57.74,2023-03-14,2023-08-03,142,71.0,71.0,0.0,12333.34,12334.29,70.0,0.3334,0,0.0,0,0.0,0,0.0,0,0.0,1,863400.0,0.3334
MPLADS-004067,3,10623000.0,3541000.0,3541000.0,3541000.0,3541000.0,0.0,2023-09-09,2024-06-19,284,142.0,142.0,0.0,26557.5,26557.5,133.3,0.3333,0,0.0,0,0.0,0,0.0,0,0.0,1,3541000.0,0.3333
MPLADS-004068,2,591000.0,295500.0,295500.0,295500.0,295500.0,0.0,2022-09-16,2022-10-19,33,33.0,33.0,0.0,9850.0,9850.0,30.0,0.5,0,0.0,0,0.0,0,0.0,0,0.0,1,295500.0,0.5
MPLADS-004069,2,484000.0,242000.0,242000.0,242000.0,242000.0,0.0,2023-09-26,2023-11-10,45,45.0,45.0,0.0,8066.67,8066.67,30.0,0.5,0,0.0,0,0.0,0,0.0,0,0.0,1,242000.0,0.5
MPLADS-004070,3,1031000.0,343666.67,343700.0,343600.0,343700.0,57.74,2022-09-01,2022-12-31,121,60.5,60.5,0.71,6873.33,6874.0,50.0,0.3334,0,0.0,0,0.0,0,0.0,0,0.0,1,343600.0,0.3333
MPLADS-004071,2,941000.0,470500.0,470500.0,470500.0,470500.0,0.0,2023-02-15,2023-05-12,86,86.0,86.0,0.0,6273.33,6273.33,75.0,0.5,0,0.0,0,0.0,0,0.0,0,0.0,1,470500.0,0.5
MPLADS-004072,2,914000.0,457000.0,457000.0,457000.0,457000.0,0.0,2022-04-14,2022-05-24,40,40.0,40.0,0.0,10155.56,10155.56,45.0,0.5,0,0.0,0,0.0,0,0.0,0,0.0,1,457000.0,0.5
MPLADS-004073,3,2602000.0,867333.33,867300.0,867300.0,867400.0,57.74,2023-04-07,2023-07-03,87,43.5,43.5,0.71,21683.33,21685.0,40.0,0.3334,0,0.0,0,0.0,0,0.0,0,0.0,1,867400.0,0.3334
MPLADS-004074,3,2189000.0,729666.67,729700.0,729600.0,729700.0,57.74,2023-08-06,2023-12-05,121,60.5,60.5,0.71,13681.25,13681.88,53.3,0.3333,0,0.0,0,0.0,0,0.0,0,0.0,1,729600.0,0.3333
MPLADS-004075,3,2713000.0,904333.33,904300.0,904300.0,904400.0,57.74,2023-04-29,2024-04-23,360,180.0,180.0,0.0,15072.22,15073.33,60.0,0.3334,0,0.0,0,0.0,0,0.0,0,0.0,1,904400.0,0.3334
MPLADS-004076,3,1654000.0,551333.33,551300.0,551300.0,551400.0,57.74,2023-07-05,2023-11-16,134,67.0,67.0,0.0,9188.89,9190.0,60.0,0.3334,0,0.0,0,0.0,0,0.0,0,0.0,1,551400.0,0.3334
MPLADS-004077,3,12468000.0,4156000.0,4156000.0,4156000.0,4156000.0,0.0,2023-10-19,2024-07-21,276,138.0,138.0,0.0,31170.0,31170.0,133.3,0.3333,0,0.0,1,0.3333,0,0.0,0,0.0,1,4156000.0,0.3333
MPLADS-004078,3,1318000.0,439333.33,439300.0,439300.0,439400.0,57.74,2023-08-11,2023-11-21,102,51.0,51.0,0.0,10983.33,10985.0,40.0,0.3334,0,0.0,0,0.0,0,0.0,0,0.0,1,439400.0,0.3334
MPLADS-004079,2,828000.0,414000.0,414000.0,414000.0,414000.0,0.0,2022-08-04,2022-09-29,56,56.0,56.0,0.0,9200.0,9200.0,45.0,0.5,0,0.0,0,0.0,0,0.0,0,0.0,1,414000.0,0.5
MPLADS-004080,3,10103000.0,3367666.67,3367700.0,3367600.0,3367700.0,57.74,2022-07-25,2023-05-09,288,144.0,144.0,0.0,25257.5,25257.75,133.3,0.3333,0,0.0,0,0.0,0,0.0,0,0.0,1,3367600.0,0.3333
MPLADS-004081,3,3078000.0,1026000.0,1026000.0,1026000.0,1026000.0,0.0,2022-06-19,2022-11-06,140,70.0,70.0,0.0,17100.0,17100.0,60.0,0.3333,0,0.0,0,0.0,0,0.0,0,0.0,1,1026000.0,0.3333
MPLADS-004082,3,1426000.0,475333.33,475300.0,475300.0,475400.0,57.74,2022-10-29,2023-01-27,90,45.0,45.0,0.0,11883.33,11885.0,40.0,0.3334,0,0.0,0,0.0,0,0.0,0,0.0,1,475400.0,0.3334
MPLADS-004083,3,1033000.0,344333.33,344300.0,344300.0,344400.0,57.74,2022-04-29,2022-07-01,63,31.5,31.5,0.71,11477.78,11480.0,30.0,0.3334,0,0.0,0,0.0,0,0.0,0,0.0,1,344400.0,0.3334
MPLADS-004084,3,2247000.0,749000.0,749000.0,749000.0,749000.0,0.0,2022-05-14,2022-09-19,128,64.0,64.0,0.0,14043.75,14043.75,53.3,0.3333,0,0.0,0,0.0,0,0.0,0,0.0,1,749000.0,0.3333
MPLADS-004085,3,9226000.0,3075333.33,3075300.0,3075300.0,3075400.0,57.74,2022-07-27,2023-04-19,266,133.0,133.0,0.0,23065.0,23065.5,133.3,0.3333,0,0.0,0,0.0,0,0.0,0,0.0,1,3075400.0,0.3333
MPLADS-004086,3,1541000.0,513666.67,513700.0,513600.0,513700.0,57.74,2023-02-16,2023-05-21,94,47.0,47.0,0.0,10273.33,10274.0,50.0,0.3334,0,0.0,0,0.0,0,0.0,0,0.0,1,513600.0,0.3333
MPLADS-004087,3,3102000.0,1034000.0,1034000.0,1034000.0,1034000.0,0.0,2022-04-14,2022-08-09,117,58.5,58.5,0.71,17233.33,17233.33,60.0,0.3333,0,0.0,0,0.0,0,0.0,0,0.0,1,1034000.0,0.3333
MPLADS-004088,3,2067000.0,689000.0,689000.0,689000.0,689000.0,0.0,2022-09-12,2023-01-28,138,69.0,69.0,0.0,11483.33,11483.33,60.0,0.3333,0,0.0,0,0.0,0,0.0,0,0.0,1,689000.0,0.3333
MPLADS-004089,3,1482000.0,494000.0,494000.0,494000.0,494000.0,0.0,2022-10-05,2022-12-28,84,42.0,42.0,0.0,12350.0,12350.0,40.0,0.3333,0,0.0,0,0.0,3,1.0,0,0.0,1,494000.0,0.3333
MPLADS-004090,3,1549000.0,516333.33,516300.0,516300.0,516400.0,57.74,2022-09-12,2022-12-31,110,55.0,55.0,0.0,10326.67,10328.0,50.0,0.3334,0,0.0,0,0.0,0,0.0,0,0.0,1,516400.0,0.3334
MPLADS-004091,2,554000.0,277000.0,277000.0,277000.0,277000.0,0.0,2023-07-15,2023-09-14,61,61.0,61.0,0.0,6155.56,6155.56,45.0,0.5,0,0.0,0,0.0,0,0.0,0,0.0,1,277000.0,0.5
MPLADS-004092,3,15101000.0,5033666.67,5033700.0,5033600.0,5033700.0,57.74,2023-06-06,2024-03-07,275,137.5,137.5,0.71,37752.5,37752.75,133.3,0.3333,0,0.0,0,0.0,0,0.0,0,0.0,1,5033600.0,0.3333
MPLADS-004093,3,1347000.0,449000.0,449000.0,449000.0,449000.0,0.0,2022-11-13,2023-03-09,116,58.0,58.0,0.0,8980.0,8980.0,50.0,0.3333,0,0.0,0,0.0,0,0.0,0,0.0,1,449000.0,0.3333
MPLADS-004094,2,971000.0,485500.0,485500.0,485500.0,485500.0,0.0,2023-06-10,2023-08-05,56,56.0,56.0,0.0,10788.89,10788.89,45.0,0.5,0,0.0,0,0.0,0,0.0,0,0.0,1,485500.0,0.5
MPLADS-004095,2,566000.0,283000.0,283000.0,283000.0,283000.0,0.0,2023-03-07,2023-05-08,62,62.0,62.0,0.0,6288.89,6288.89,45.0,0.5,0,0.0,0,0.0,0,0.0,0,0.0,1,283000.0,0.5
MPLADS-004096,3,14373000.0,4791000.0,4791000.0,4791000.0,4791000.0,0.0,2022-09-03,2023-01-26,145,72.5,72.5,0.71,68442.86,68442.86,70.0,0.3333,0,0.0,0,0.0,0,0.0,0,0.0,1,4791000.0,0.3333
MPLADS-004097,3,1735000.0,578333.33,578300.0,578300.0,578400.0,57.74,2024-02-17,2024-04-29,72,36.0,36.0,0.0,14458.33,14460.0,40.0,0.3334,0,0.0,0,0.0,0,0.0,0,0.0,1,578400.0,0.3334
MPLADS-004098,3,12321000.0,4107000.0,4107000.0,4107000.0,4107000.0,0.0,2023-01-17,2023-11-03,290,145.0,145.0,0.0,30802.5,30802.5,133.3,0.3333,0,0.0,0,0.0,0,0.0,0,0.0,1,4107000.0,0.3333
MPLADS-004099,3,2836000.0,945333.33,945300.0,945300.0,945400.0,57.74,2023-02-04,2023-06-05,121,60.5,60.5,0.71,17725.0,17726.25,53.3,0.3334,0,0.0,0,0.0,0,0.0,0,0.0,1,945400.0,0.3334
MPLADS-004100,3,2558000.0,852666.67,852700.0,852600.0,852700.0,57.74,2022-12-11,2023-04-14,124,62.0,62.0,0.0,15987.5,15988.12,53.3,0.3333,0,0.0,0,0.0,0,0.0,0,0.0,1,852600.0,0.3333
MPLADS-004101,3,2682000.0,894000.0,894000.0,894000.0,894000.0,0.0,2023-09-14,2023-12-31,108,54.0,54.0,0.0,16762.5,16762.5,53.3,0.3333,0,0.0,0,0.0,0,0.0,0,0.0,1,894000.0,0.3333
MPLADS-004102,3,3223000.0,1074333.33,1074300.0,1074300.0,1074400.0,57.74,2023-07-29,2023-12-12,136,68.0,68.0,0.0,17905.56,17906.67,60.0,0.3334,0,0.0,0,0.0,0,0.0,0,0.0,1,1074400.0,0.3334
MPLADS-004103,3,2252000.0,750666.67,750700.0,750600.0,750700.0,57.74,2023-11-07,2024-03-30,144,72.0,72.0,0.0,10723.81,10724.29,70.0,0.3333,0,0.0,0,0.0,0,0.0,0,0.0,1,750600.0,0.3333
MPLADS-004104,3,8928000.0,2976000.0,2976000.0,2976000.0,2976000.0,0.0,2023-03-29,2023-08-03,127,63.5,63.5,0.71,49600.0,49600.0,60.0,0.3333,0,0.0,0,0.0,0,0.0,0,0.0,1,2976000.0,0.3333
MPLADS-004105,3,9991000.0,3330333.33,3330300.0,3330300.0,3330400.0,57.74,2023-04-04,2024-01-08,279,139.5,139.5,0.71,24977.5,24978.0,133.3,0.3333,0,0.0,0,0.0,0,0.0,0,0.0,1,3330400.0,0.3333
MPLADS-004106,2,786000.0,393000.0,393000.0,393000.0,393000.0,0.0,2022-12-07,2023-01-16,40,40.0,40.0,0.0,13100.0,13100.0,30.0,0.5,0,0.0,0,0.0,0,0.0,0,0.0,1,393000.0,0.5
MPLADS-004107,2,744000.0,372000.0,372000.0,372000.0,372000.0,0.0,2023-01-04,2023-03-04,59,59.0,59.0,0.0,8266.67,8266.67,45.0,0.5,0,0.0,0,0.0,0,0.0,0,0.0,1,372000.0,0.5
MPLADS-004108,3,7557000.0,2519000.0,2519000.0,2519000.0,2519000.0,0.0,2023-11-08,2024-08-10,276,138.0,138.0,0.0,18892.5,18892.5,133.3,0.3333,0,0.0,1,0.3333,0,0.0,0,0.0,1,2519000.0,0.3333
MPLADS-004109,3,1949000.0,649666.67,649700.0,649600.0,649700.0,57.74,2022-12-10,2023-03-31,111,55.5,55.5,0.71,10827.78,10828.33,60.0,0.3334,0,0.0,0,0.0,0,0.0,0,0.0,1,649600.0,0.3333
MPLADS-004110,2,999000.0,499500.0,499500.0,499500.0,499500.0,0.0,2022-07-22,2022-09-02,42,42.0,42.0,0.0,11100.0,11100.0,45.0,0.5,0,0.0,0,0.0,0,0.0,0,0.0,1,499500.0,0.5
MPLADS-004111,3,3123000.0,1041000.0,1041000.0,1041000.0,1041000.0,0.0,2023-11-29,2024-04-19,142,71.0,71.0,0.0,14871.43,14871.43,70.0,0.3333,0,0.0,0,0.0,0,0.0,0,0.0,1,1041000.0,0.3333
MPLADS-004112,3,3195000.0,1065000.0,1065000.0,1065000.0,1065000.0,0.0,2023-03-23,2023-07-28,127,63.5,63.5,0.71,17750.0,17750.0,60.0,0.3333,0,0.0,0,0.0,0,0.0,0,0.0,1,1065000.0,0.3333
MPLADS-004113,2,559000.0,279500.0,279500.0,279500.0,279500.0,0.0,2023-11-14,2023-12-31,47,47.0,47.0,0.0,9316.67,9316.67,30.0,0.5,0,0.0,0,0.0,0,0.0,0,0.0,1,279500.0,0.5
MPLADS-004114,2,897000.0,448500.0,448500.0,448500.0,448500.0,0.0,2022-12-12,2023-02-03,53,53.0,53.0,0.0,9966.67,9966.67,45.0,0.5,0,0.0,0,0.0,0,0.0,0,0.0,1,448500.0,0.5
MPLADS-004115,3,3072000.0,1024000.0,1024000.0,1024000.0,1024000.0,0.0,2022-09-28,2023-02-25,150,75.0,75.0,0.0,14628.57,14628.57,70.0,0.3333,0,0.0,0,0.0,0,0.0,0,0.0,1,1024000.0,0.3333
MPLADS-004116,3,3680000.0,1226666.67,1226700.0,1226600.0,1226700.0,57.74,2023-10-26,2024-03-30,156,78.0,78.0,0.0,17523.81,17524.29,70.0,0.3333,0,0.0,0,0.0,0,0.0,0,0.0,1,1226600.0,0.3333
MPLADS-004117,3,3416000.0,1138666.67,1138700.0,1138600.0,1138700.0,57.74,2023-11-02,2024-03-11,130,65.0,65.0,0.0,18977.78,18978.33,60.0,0.3333,0,0.0,1,0.3333,0,0.0,0,0.0,1,1138600.0,0.3333
MPLADS-004118,3,2101000.0,700333.33,700300.0,700300.0,700400.0,57.74,2022-05-20,2022-10-29,162,81.0,81.0,0.0,10004.76,10005.71,70.0,0.3334,0,0.0,0,0.0,0,0.0,0,0.0,1,700400.0,0.3334
MPLADS-004119,3,3221000.0,1073666.67,1073700.0,1073600.0,1073700.0,57.74,2022-11-29,2023-02-09,72,36.0,36.0,0.0,35788.89,35790.0,30.0,0.3333,0,0.0,0,0.0,0,0.0,0,0.0,1,1073600.0,0.3333
MPLADS-004120,3,7962000.0,2654000.0,2654000.0,2654000.0,2654000.0,0.0,2024-01-10,2024-04-21,102,51.0,51.0,0.0,53080.0,53080.0,50.0,0.3333,0,0.0,0,0.0,0,0.0,0,0.0,1,2654000.0,0.3333
MPLADS-004121,3,2826000.0,942000.0,942000.0,942000.0,942000.0,0.0,2023-12-16,2024-04-20,126,63.0,63.0,0.0,17662.5,17662.5,53.3,0.3333,0,0.0,0,0.0,0,0.0,0,0.0,1,942000.0,0.3333
MPLADS-004122,3,1510000.0,503333.33,503300.0,503300.0,503400.0,57.74,2022-07-17,2022-11-10,116,58.0,58.0,0.0,10066.67,10068.0,50.0,0.3334,0,0.0,0,0.0,0,0.0,0,0.0,1,503400.0,0.3334
MPLADS-004123,2,349000.0,174500.0,174500.0,174500.0,174500.0,0.0,2024-01-02,2024-02-15,44,44.0,44.0,0.0,5816.67,5816.67,30.0,0.5,0,0.0,0,0.0,0,0.0,0,0.0,1,174500.0,0.5
MPLADS-004124,3,2874000.0,958000.0,958000.0,958000.0,958000.0,0.0,2023-02-01,2023-06-29,148,74.0,74.0,0.0,13685.71,13685.71,70.0,0.3333,0,0.0,0,0.0,0,0.0,0,0.0,1,958000.0,0.3333
MPLADS-004125,3,3601000.0,1200333.33,1200300.0,1200300.0,1200400.0,57.74,2023-06-20,2023-11-01,134,67.0,67.0,0.0,17147.62,17148.57,70.0,0.3334,0,0.0,0,0.0,3,1.0,0,0.0,1,1200400.0,0.3334
MPLADS-004126,3,1482000.0,494000.0,494000.0,494000.0,494000.0,0.0,2023-08-01,2023-11-02,93,46.5,46.5,0.71,12350.0,12350.0,40.0,0.3333,0,0.0,0,0.0,0,0.0,0,0.0,1,494000.0,0.3333
MPLADS-004127,2,349000.0,174500.0,174500.0,174500.0,174500.0,0.0,2022-05-12,2022-06-09,28,28.0,28.0,0.0,5816.67,5816.67,30.0,0.5,0,0.0,0,0.0,0,0.0,0,0.0,1,174500.0,0.5
MPLADS-004128,3,2838000.0,946000.0,946000.0,946000.0,946000.0,0.0,2022-12-08,2023-04-17,130,65.0,65.0,0.0,17737.5,17737.5,53.3,0.3333,0,0.0,0,0.0,0,0.0,0,0.0,1,946000.0,0.3333
MPLADS-004129,3,11999000.0,3999666.67,3999700.0,3999600.0,3999700.0,57.74,2024-01-03,2024-09-23,264,132.0,132.0,0.0,29997.5,29997.75,133.3,0.3333,0,0.0,0,0.0,0,0.0,0,0.0,1,3999600.0,0.3333
MPLADS-004130,3,2334000.0,778000.0,778000.0,778000.0,778000.0,0.0,2023-09-23,2024-01-15,114,57.0,57.0,0.0,12966.67,12966.67,60.0,0.3333,0,0.0,0,0.0,0,0.0,0,0.0,1,778000.0,0.3333
MPLADS-004131,2,384000.0,192000.0,192000.0,192000.0,192000.0,0.0,2023-04-26,2023-06-12,47,47.0,47.0,0.0,6400.0,6400.0,30.0,0.5,0,0.0,0,0.0,0,0.0,0,0.0,1,192000.0,0.5
MPLADS-004132,3,1540000.0,513333.33,513300.0,513300.0,513400.0,57.74,2023-09-21,2023-12-12,82,41.0,41.0,0.0,12833.33,12835.0,40.0,0.3334,0,0.0,0,0.0,0,0.0,0,0.0,1,513400.0,0.3334
MPLADS-004133,3,13378000.0,4459333.33,4459300.0,4459300.0,4459400.0,57.74,2022-07-03,2023-04-11,282,141.0,141.0,0.0,33445.0,33445.5,133.3,0.3333,0,0.0,0,0.0,0,0.0,0,0.0,1,4459400.0,0.3333
MPLADS-004134,3,2735000.0,911666.67,911700.0,911600.0,911700.0,57.74,2024-01-15,2024-04-22,98,49.0,49.0,0.0,22791.67,22792.5,40.0,0.3333,0,0.0,0,0.0,0,0.0,0,0.0,1,911600.0,0.3333
MPLADS-004135,3,3610000.0,1203333.33,1203300.0,1203300.0,1203400.0,57.74,2023-04-04,2023-08-16,134,67.0,67.0,0.0,17190.48,17191.43,70.0,0.3334,0,0.0,0,0.0,0,0.0,0,0.0,1,1203400.0,0.3334
MPLADS-004136,3,2434000.0,811333.33,811300.0,811300.0,811400.0,57.74,2023-09-14,2024-01-12,120,60.0,60.0,0.0,13522.22,13523.33,60.0,0.3334,0,0.0,0,0.0,0,0.0,0,0.0,1,811400.0,0.3334
MPLADS-004137,3,3212000.0,1070666.67,1070700.0,1070600.0,1070700.0,57.74,2022-10-11,2023-02-22,134,67.0,67.0,0.0,17844.44,17845.0,60.0,0.3333,0,0.0,0,0.0,3,1.0,0,0.0,1,1070600.0,0.3333
MPLADS-004138,3,10206000.0,3402000.0,3402000.0,3402000.0,3402000.0,0.0,2023-03-06,2023-12-20,289,144.5,144.5,0.71,25515.0,25515.0,133.3,0.3333,0,0.0,0,0.0,0,0.0,0,0.0,1,3402000.0,0.3333
MPLADS-004139,3,1663000.0,554333.33,554300.0,554300.0,554400.0,57.74,2023-04-11,2023-07-12,92,46.0,46.0,0.0,13858.33,13860.0,40.0,0.3334,0,0.0,0,0.0,0,0.0,0,0.0,1,554400.0,0.3334
MPLADS-004140,3,12551000.0,4183666.67,4183700.0,4183600.0,4183700.0,57.74,2024-01-13,2024-10-05,266,133.0,133.0,0.0,31377.5,31377.75,133.3,0.3333,0,0.0,0,0.0,0,0.0,0,0.0,1,4183600.0,0.3333
MPLADS-004141,3,1833000.0,611000.0,611000.0,611000.0,611000.0,0.0,2023-07-07,2023-09-23,78,39.0,39.0,0.0,15275.0,15275.0,40.0,0.3333,0,0.0,0,0.0,0,0.0,0,0.0,1,611000.0,0.3333
MPLADS-004142,3,1364000.0,454666.67,454700.0,454600.0,454700.0,57.74,2022-06-13,2022-10-07,116,58.0,58.0,0.0,9093.33,9094.0,50.0,0.3334,0,0.0,0,0.0,0,0.0,0,0.0,1,454600.0,0.3333
MPLADS-004143,3,1476000.0,492000.0,492000.0,492000.0,492000.0,0.0,2022-11-14,2023-02-02,80,40.0,40.0,0.0,12300.0,12300.0,40.0,0.3333,0,0.0,0,0.0,0,0.0,0,0.0,1,492000.0,0.3333
MPLADS-004144,3,1436000.0,478666.67,478700.0,478600.0,478700.0,57.74,2024-02-22,2024-06-23,122,61.0,61.0,0.0,9573.33,9574.0,50.0,0.3334,0,0.0,0,0.0,0,0.0,0,0.0,1,478600.0,0.3333
MPLADS-004145,3,10439000.0,3479666.67,3479700.0,3479600.0,3479700.0,57.74,2023-01-22,2023-10-26,277,138.5,138.5,0.71,26097.5,26097.75,133.3,0.3333,0,0.0,0,0.0,0,0.0,0,0.0,1,3479600.0,0.3333
MPLADS-004146,2,425000.0,212500.0,212500.0,212500.0,212500.0,0.0,2024-01-15,2024-02-15,31,31.0,31.0,0.0,7083.33,7083.33,30.0,0.5,0,0.0,0,0.0,0,0.0,0,0.0,1,212500.0,0.5
MPLADS-004147,2,623000.0,311500.0,311500.0,311500.0,311500.0,0.0,2023-12-19,2024-01-16,28,28.0,28.0,0.0,10383.33,10383.33,30.0,0.5,0,0.0,0,0.0,2,1.0,0,0.0,1,311500.0,0.5
MPLADS-004148,3,3231000.0,1077000.0,1077000.0,1077000.0,1077000.0,0.0,2022-12-24,2023-05-03,130,65.0,65.0,0.0,17950.0,17950.0,60.0,0.3333,0,0.0,0,0.0,0,0.0,0,0.0,1,1077000.0,0.3333
MPLADS-004149,2,647000.0,323500.0,323500.0,323500.0,323500.0,0.0,2023-10-24,2023-12-20,57,57.0,57.0,0.0,7188.89,7188.89,45.0,0.5,0,0.0,0,0.0,0,0.0,0,0.0,1,323500.0,0.5
MPLADS-004150,3,4167000.0,1389000.0,1389000.0,1389000.0,1389000.0,0.0,2023-11-30,2024-02-10,72,36.0,36.0,0.0,46300.0,46300.0,30.0,0.3333,0,0.0,0,0.0,0,0.0,0,0.0,1,1389000.0,0.3333
MPLADS-004151,3,1695000.0,565000.0,565000.0,565000.0,565000.0,0.0,2022-07-15,2022-10-14,91,45.5,45.5,0.71,14125.0,14125.0,40.0,0.3333,0,0.0,0,0.0,3,1.0,0,0.0,1,565000.0,0.3333
MPLADS-004152,3,1157000.0,385666.67,385700.0,385600.0,385700.0,57.74,2023-12-23,2024-03-24,92,46.0,46.0,0.0,9641.67,9642.5,40.0,0.3334,0,0.0,0,0.0,0,0.0,0,0.0,1,385600.0,0.3333
MPLADS-004153,2,556000.0,278000.0,278000.0,278000.0,278000.0,0.0,2023-05-09,2023-06-10,32,32.0,32.0,0.0,9266.67,9266.67,30.0,0.5,0,0.0,0,0.0,0,0.0,0,0.0,1,278000.0,0.5
MPLADS-004154,2,854000.0,427000.0,427000.0,427000.0,427000.0,0.0,2023-05-24,2023-07-11,48,48.0,48.0,0.0,9488.89,9488.89,45.0,0.5,0,0.0,0,0.0,2,1.0,0,0.0,1,427000.0,0.5
MPLADS-004155,3,1159000.0,386333.33,386300.0,386300.0,386400.0,57.74,2023-09-10,2023-12-19,100,50.0,50.0,0.0,9658.33,9660.0,40.0,0.3334,0,0.0,0,0.0,0,0.0,0,0.0,1,386400.0,0.3334
MPLADS-004156,3,2279000.0,759666.67,759700.0,759600.0,759700.0,57.74,2022-06-15,2022-10-19,126,63.0,63.0,0.0,14243.75,14244.38,53.3,0.3333,0,0.0,0,0.0,0,0.0,0,0.0,1,759600.0,0.3333
MPLADS-004157,3,3105000.0,1035000.0,1035000.0,1035000.0,1035000.0,0.0,2023-10-25,2024-03-16,143,71.5,71.5,0.71,14785.71,14785.71,70.0,0.3333,0,0.0,0,0.0,0,0.0,0,0.0,1,1035000.0,0.3333
MPLADS-004158,2,727000.0,363500.0,363500.0,363500.0,363500.0,0.0,2023-12-10,2024-01-26,47,47.0,47.0,0.0,8077.78,8077.78,45.0,0.5,0,0.0,0,0.0,0,0.0,0,0.0,1,363500.0,0.5
MPLADS-004159,3,2084000.0,694666.67,694700.0,694600.0,694700.0,57.74,2022-09-14,2023-01-08,116,58.0,58.0,0.0,11577.78,11578.33,60.0,0.3333,0,0.0,0,0.0,0,0.0,0,0.0,1,694600.0,0.3333
MPLADS-004160,3,3272000.0,1090666.67,1090700.0,1090600.0,1090700.0,57.74,2022-07-23,2022-11-20,120,60.0,60.0,0.0,18177.78,18178.33,60.0,0.3333,0,0.0,0,0.0,0,0.0,0,0.0,1,1090600.0,0.3333
MPLADS-004161,2,447000.0,223500.0,223500.0,223500.0,223500.0,0.0,2022-11-27,2022-12-30,33,33.0,33.0,0.0,7450.0,7450.0,30.0,0.5,0,0.0,0,0.0,0,0.0,0,0.0,1,223500.0,0.5
MPLADS-004162,2,697000.0,348500.0,348500.0,348500.0,348500.0,0.0,2023-10-30,2023-12-08,39,39.0,39.0,0.0,7744.44,7744.44,45.0,0.5,0,0.0,0,0.0,0,0.0,0,0.0,1,348500.0,0.5
MPLADS-004163,3,4875000.0,1625000.0,1625000.0,1625000.0,1625000.0,0.0,2024-01-28,2024-06-28,152,76.0,76.0,0.0,23214.29,23214.29,70.0,0.3333,0,0.0,0,0.0,0,0.0,0,0.0,1,1625000.0,0.3333
MPLADS-004164,3,1524000.0,508000.0,508000.0,508000.0,508000.0,0.0,2023-05-25,2023-09-01,99,49.5,49.5,0.71,10160.0,10160.0,50.0,0.3333,0,0.0,0,0.0,0,0.0,0,0.0,1,508000.0,0.3333
MPLADS-004165,3,2821000.0,940333.33,940300.0,940300.0,940400.0,57.74,2023-04-17,2023-09-02,138,69.0,69.0,0.0,15672.22,15673.33,60.0,0.3334,0,0.0,0,0.0,0,0.0,0,0.0,1,940400.0,0.3334
MPLADS-004166,3,3212000.0,1070666.67,1070700.0,1070600.0,1070700.0,57.74,2023-05-13,2023-09-23,133,66.5,66.5,0.71,17844.44,17845.0,60.0,0.3333,0,0.0,0,0.0,0,0.0,0,0.0,1,1070600.0,0.3333
MPLADS-004167,3,1888000.0,629333.33,629300.0,629300.0,629400.0,57.74,2022-06-26,2022-10-06,102,51.0,51.0,0.0,11800.0,11801.25,53.3,0.3334,0,0.0,0,0.0,0,0.0,0,0.0,1,629400.0,0.3334
MPLADS-004168,2,612000.0,306000.0,306000.0,306000.0,306000.0,0.0,2023-08-15,2023-09-19,35,35.0,35.0,0.0,10200.0,10200.0,30.0,0.5,0,0.0,0,0.0,0,0.0,0,0.0,1,306000.0,0.5
MPLADS-004169,3,2536000.0,845333.33,845300.0,845300.0,845400.0,57.74,2024-03-05,2024-06-16,103,51.5,51.5,0.71,15850.0,15851.25,53.3,0.3334,0,0.0,0,0.0,0,0.0,0,0.0,1,845400.0,0.3334
MPLADS-004170,3,2303000.0,767666.67,767700.0,767600.0,767700.0,57.74,2023-08-08,2023-10-03,56,28.0,28.0,0.0,38383.33,38385.0,20.0,0.3333,0,0.0,0,0.0,0,0.0,0,0.0,1,767600.0,0.3333
MPLADS-004171,3,3465000.0,1155000.0,1155000.0,1155000.0,1155000.0,0.0,2022-12-05,2023-04-19,135,67.5,67.5,0.71,16500.0,16500.0,70.0,0.3333,0,0.0,0,0.0,0,0.0,0,0.0,1,1155000.0,0.3333
MPLADS-004172,3,1613000.0,537666.67,537700.0,537600.0,537700.0,57.74,2022-07-20,2022-11-11,114,57.0,57.0,0.0,10081.25,10081.88,53.3,0.3334,0,0.0,0,0.0,0,0.0,0,0.0,1,537600.0,0.3333
MPLADS-004173,3,1929000.0,643000.0,643000.0,643000.0,643000.0,0.0,2023-02-17,2023-07-05,138,69.0,69.0,0.0,9185.71,9185.71,70.0,0.3333,0,0.0,0,0.0,0,0.0,0,0.0,1,643000.0,0.3333
MPLADS-004174,2,362000.0,181000.0,181000.0,181000.0,181000.0,0.0,2022-12-30,2023-01-24,25,25.0,25.0,0.0,6033.33,6033.33,30.0,0.5,0,0.0,0,0.0,0,0.0,0,0.0,1,181000.0,0.5
MPLADS-004175,3,2673000.0,891000.0,891000.0,891000.0,891000.0,0.0,2023-10-03,2025-04-15,560,280.0,280.0,0.0,12728.57,12728.57,70.0,0.3333,0,0.0,0,0.0,0,0.0,0,0.0,1,891000.0,0.3333
MPLADS-004176,3,4618000.0,1539333.33,1539300.0,1539300.0,1539400.0,57.74,2022-05-29,2022-09-18,112,56.0,56.0,0.0,25655.56,25656.67,60.0,0.3333,0,0.0,0,0.0,0,0.0,0,0.0,1,1539400.0,0.3333
MPLADS-004177,3,10094000.0,3364666.67,3364700.0,3364600.0,3364700.0,57.74,2023-08-23,2024-05-13,264,132.0,132.0,0.0,25235.0,25235.25,133.3,0.3333,0,0.0,0,0.0,0,0.0,0,0.0,1,3364600.0,0.3333
MPLADS-004178,3,1038000.0,346000.0,346000.0,346000.0,346000.0,0.0,2023-11-14,2024-01-12,59,29.5,29.5,0.71,11533.33,11533.33,30.0,0.3333,0,0.0,0,0.0,0,0.0,0,0.0,1,346000.0,0.3333
MPLADS-004179,3,2781000.0,927000.0,927000.0,927000.0,927000.0,0.0,2023-12-07,2024-04-02,117,58.5,58.5,0.71,15450.0,15450.0,60.0,0.3333,0,0.0,0,0.0,0,0.0,0,0.0,1,927000.0,0.3333
MPLADS-004180,3,1415000.0,471666.67,471700.0,471600.0,471700.0,57.74,2022-11-06,2023-02-16,102,51.0,51.0,0.0,9433.33,9434.0,50.0,0.3334,0,0.0,0,0.0,0,0.0,0,0.0,1,471600.0,0.3333
MPLADS-004181,3,2241000.0,747000.0,747000.0,747000.0,747000.0,0.0,2022-10-11,2023-01-20,101,50.5,50.5,0.71,14006.25,14006.25,53.3,0.3333,0,0.0,0,0.0,0,0.0,0,0.0,1,747000.0,0.3333
MPLADS-004182,3,2532000.0,844000.0,844000.0,844000.0,844000.0,0.0,2022-12-21,2023-05-05,135,67.5,67.5,0.71,12057.14,12057.14,70.0,0.3333,0,0.0,0,0.0,0,0.0,0,0.0,1,844000.0,0.3333
MPLADS-004183,3,3869000.0,1289666.67,1289700.0,1289600.0,1289700.0,57.74,2023-10-13,2025-04-25,560,280.0,280.0,0.0,18423.81,18424.29,70.0,0.3333,0,0.0,0,0.0,0,0.0,0,0.0,1,1289600.0,0.3333
MPLADS-004184,3,2999000.0,999666.67,999700.0,999600.0,999700.0,57.74,2023-06-21,2023-10-17,118,59.0,59.0,0.0,18743.75,18744.38,53.3,0.3333,0,0.0,0,0.0,3,1.0,0,0.0,1,999600.0,0.3333
MPLADS-004185,3,1945000.0,648333.33,648300.0,648300.0,648400.0,57.74,2022-06-16,2022-10-12,118,59.0,59.0,0.0,12156.25,12157.5,53.3,0.3334,0,0.0,0,0.0,0,0.0,0,0.0,1,648400.0,0.3334
MPLADS-004186,2,637000.0,318500.0,318500.0,318500.0,318500.0,0.0,2023-01-28,2023-03-01,32,32.0,32.0,0.0,10616.67,10616.67,30.0,0.5,0,0.0,0,0.0,2,1.0,0,0.0,1,318500.0,0.5
MPLADS-004187,2,404000.0,202000.0,202000.0,202000.0,202000.0,0.0,2022-04-24,2022-05-26,32,32.0,32.0,0.0,6733.33,6733.33,30.0,0.5,0,0.0,0,0.0,0,0.0,0,0.0,1,202000.0,0.5
MPLADS-004188,3,3451000.0,1150333.33,1150300.0,1150300.0,1150400.0,57.74,2022-11-01,2023-03-21,140,70.0,70.0,0.0,16433.34,16434.29,70.0,0.3334,0,0.0,0,0.0,0,0.0,0,0.0,1,1150400.0,0.3334
MPLADS-004189,3,3083000.0,1027666.67,1027700.0,1027600.0,1027700.0,57.74,2023-04-10,2023-08-18,130,65.0,65.0,0.0,14680.95,14681.43,70.0,0.3333,0,0.0,0,0.0,0,0.0,0,0.0,1,1027600.0,0.3333
MPLADS-004190,3,2888000.0,962666.67,962700.0,962600.0,962700.0,57.74,2022-11-15,2023-02-21,98,49.0,49.0,0.0,18050.0,18050.62,53.3,0.3333,0,0.0,0,0.0,3,1.0,0,0.0,1,962600.0,0.3333
MPLADS-004191,3,1460000.0,486666.67,486700.0,486600.0,486700.0,57.74,2022-04-16,2022-07-04,79,39.5,39.5,0.71,12166.67,12167.5,40.0,0.3334,0,0.0,0,0.0,0,0.0,0,0.0,1,486600.0,0.3333
MPLADS-004192,3,3087000.0,1029000.0,1029000.0,1029000.0,1029000.0,0.0,2023-03-15,2023-08-02,140,70.0,70.0,0.0,17150.0,17150.0,60.0,0.3333,0,0.0,1,0.3333,0,0.0,0,0.0,1,1029000.0,0.3333
MPLADS-004193,3,1216000.0,405333.33,405300.0,405300.0,405400.0,57.74,2023-03-28,2023-07-03,97,48.5,48.5,0.71,10133.33,10135.0,40.0,0.3334,0,0.0,0,0.0,0,0.0,0,0.0,1,405400.0,0.3334
MPLADS-004194,3,12285000.0,4095000.0,4095000.0,4095000.0,4095000.0,0.0,2023-12-21,2024-10-02,286,143.0,143.0,0.0,30712.5,30712.5,133.3,0.3333,0,0.0,0,0.0,0,0.0,0,0.0,1,4095000.0,0.3333
MPLADS-004195,3,3676000.0,1225333.33,1225300.0,1225300.0,1225400.0,57.74,2022-10-29,2023-04-10,163,81.5,81.5,0.71,17504.76,17505.71,70.0,0.3334,0,0.0,0,0.0,0,0.0,0,0.0,1,1225400.0,0.3334
MPLADS-004196,3,2689000.0,896333.33,896300.0,896300.0,896400.0,57.74,2024-01-16,2024-05-27,132,66.0,66.0,0.0,12804.76,12805.71,70.0,0.3334,0,0.0,0,0.0,0,0.0,0,0.0,1,896400.0,0.3334
MPLADS-004197,2,776000.0,388000.0,388000.0,388000.0,388000.0,0.0,2023-01-24,2023-07-23,180,180.0,180.0,0.0,8622.22,8622.22,45.0,0.5,0,0.0,0,0.0,0,0.0,0,0.0,1,388000.0,0.5
MPLADS-004198,3,2536000.0,845333.33,845300.0,845300.0,845400.0,57.74,2023-12-17,2024-04-25,130,65.0,65.0,0.0,14088.89,14090.0,60.0,0.3334,0,0.0,0,0.0,0,0.0,0,0.0,1,845400.0,0.3334
MPLADS-004199,2,667000.0,333500.0,333500.0,333500.0,333500.0,0.0,2023-07-27,2023-09-09,44,44.0,44.0,0.0,7411.11,7411.11,45.0,0.5,0,0.0,0,0.0,0,0.0,0,0.0,1,333500.0,0.5
MPLADS-004200,2,635000.0,317500.0,317500.0,317500.0,317500.0,0.0,2022-06-08,2022-07-19,41,41.0,41.0,0.0,7055.56,7055.56,45.0,0.5,0,0.0,0,0.0,0,0.0,0,0.0,1,317500.0,0.5
MPLADS-004201,3,7979000.0,2659666.67,2659700.0,2659600.0,2659700.0,57.74,2023-01-25,2023-05-12,107,53.5,53.5,0.71,53193.33,53194.0,50.0,0.3333,0,0.0,0,0.0,0,0.0,0,0.0,1,2659600.0,0.3333
MPLADS-004202,2,458000.0,229000.0,229000.0,229000.0,229000.0,0.0,2023-06-20,2023-07-30,40,40.0,40.0,0.0,7633.33,7633.33,30.0,0.5,0,0.0,0,0.0,0,0.0,0,0.0,1,229000.0,0.5
MPLADS-004203,3,5741000.0,1913666.67,1913700.0,1913600.0,1913700.0,57.74,2023-09-02,2023-12-09,98,49.0,49.0,0.0,38273.33,38274.0,50.0,0.3333,0,0.0,0,0.0,0,0.0,0,0.0,1,1913600.0,0.3333
MPLADS-004204,3,2057000.0,685666.67,685700.0,685600.0,685700.0,57.74,2023-03-26,2023-08-01,128,64.0,64.0,0.0,11427.78,11428.33,60.0,0.3333,0,0.0,1,0.3333,0,0.0,0,0.0,1,685600.0,0.3333
MPLADS-004205,3,2014000.0,671333.33,671300.0,671300.0,671400.0,57.74,2023-11-02,2024-03-24,143,71.5,71.5,0.71,11188.89,11190.0,60.0,0.3334,0,0.0,0,0.0,0,0.0,0,0.0,1,671400.0,0.3334
MPLADS-004206,3,1200000.0,400000.0,400000.0,400000.0,400000.0,0.0,2023-01-18,2023-05-08,110,55.0,55.0,0.0,8000.0,8000.0,50.0,0.3333,0,0.0,0,0.0,3,1.0,3,1.0,1,400000.0,0.3333
MPLADS-004207,3,1343000.0,447666.67,447700.0,447600.0,447700.0,57.74,2023-02-08,2023-05-25,106,53.0,53.0,0.0,8953.33,8954.0,50.0,0.3334,0,0.0,0,0.0,0,0.0,0,0.0,1,447600.0,0.3333
MPLADS-004208,3,1317000.0,439000.0,439000.0,439000.0,439000.0,0.0,2022-11-12,2023-02-22,102,51.0,51.0,0.0,10975.0,10975.0,40.0,0.3333,0,0.0,0,0.0,0,0.0,0,0.0,1,439000.0,0.3333
MPLADS-004209,3,2486000.0,828666.67,828700.0,828600.0,828700.0,57.74,2023-11-15,2024-03-26,132,66.0,66.0,0.0,13811.11,13811.67,60.0,0.3333,0,0.0,0,0.0,0,0.0,0,0.0,1,828600.0,0.3333
MPLADS-004210,3,63011000.0,21003666.67,21003700.0,21003600.0,21003700.0,57.74,2022-12-24,2023-09-17,267,133.5,133.5,0.71,157527.5,157527.75,133.3,0.3333,0,0.0,0,0.0,0,0.0,0,0.0,1,21003600.0,0.3333
MPLADS-004211,3,2251000.0,750333.33,750300.0,750300.0,750400.0,57.74,2023-10-26,2024-02-15,112,56.0,56.0,0.0,14068.75,14070.0,53.3,0.3334,0,0.0,0,0.0,0,0.0,0,0.0,1,750400.0,0.3334
MPLADS-004212,3,3648000.0,1216000.0,1216000.0,1216000.0,1216000.0,0.0,2023-04-24,2023-09-10,139,69.5,69.5,0.71,17371.43,17371.43,70.0,0.3333,0,0.0,0,0.0,0,0.0,0,0.0,1,1216000.0,0.3333
MPLADS-004213,2,390000.0,195000.0,195000.0,195000.0,195000.0,0.0,2023-05-13,2023-06-07,25,25.0,25.0,0.0,6500.0,6500.0,30.0,0.5,0,0.0,0,0.0,0,0.0,0,0.0,1,195000.0,0.5
MPLADS-004214,2,663000.0,331500.0,331500.0,331500.0,331500.0,0.0,2022-11-03,2022-12-18,45,45.0,45.0,0.0,7366.67,7366.67,45.0,0.5,0,0.0,0,0.0,0,0.0,0,0.0,1,331500.0,0.5
MPLADS-004215,3,2835000.0,945000.0,945000.0,945000.0,945000.0,0.0,2022-11-02,2023-04-01,150,75.0,75.0,0.0,13500.0,13500.0,70.0,0.3333,0,0.0,0,0.0,0,0.0,0,0.0,1,945000.0,0.3333
MPLADS-004216,3,1077000.0,359000.0,359000.0,359000.0,359000.0,0.0,2023-02-10,2023-06-09,119,59.5,59.5,0.71,7180.0,7180.0,50.0,0.3333,0,0.0,0,0.0,0,0.0,0,0.0,1,359000.0,0.3333
MPLADS-004217,3,2029000.0,676333.33,676300.0,676300.0,676400.0,57.74,2023-08-29,2023-11-21,84,42.0,42.0,0.0,16908.33,16910.0,40.0,0.3334,0,0.0,0,0.0,0,0.0,0,0.0,1,676400.0,0.3334
MPLADS-004218,3,7258000.0,2419333.33,2419300.0,2419300.0,2419400.0,57.74,2022-07-18,2022-11-11,116,58.0,58.0,0.0,48386.67,48388.0,50.0,0.3333,0,0.0,0,0.0,0,0.0,0,0.0,1,2419400.0,0.3333
MPLADS-004219,3,2656000.0,885333.33,885300.0,885300.0,885400.0,57.74,2023-11-24,2024-04-04,132,66.0,66.0,0.0,14755.56,14756.67,60.0,0.3334,0,0.0,0,0.0,0,0.0,0,0.0,1,885400.0,0.3334
MPLADS-004220,3,1727000.0,575666.67,575700.0,575600.0,575700.0,57.74,2023-03-07,2023-05-26,80,40.0,40.0,0.0,14391.67,14392.5,40.0,0.3334,0,0.0,0,0.0,0,0.0,0,0.0,1,575600.0,0.3333
MPLADS-004221,3,2745000.0,915000.0,915000.0,915000.0,915000.0,0.0,2022-06-28,2022-10-28,122,61.0,61.0,0.0,15250.0,15250.0,60.0,0.3333,0,0.0,0,0.0,0,0.0,0,0.0,1,915000.0,0.3333
MPLADS-004222,2,559000.0,279500.0,279500.0,279500.0,279500.0,0.0,2022-07-14,2022-09-14,62,62.0,62.0,0.0,6211.11,6211.11,45.0,0.5,0,0.0,0,0.0,0,0.0,0,0.0,1,279500.0,0.5
MPLADS-004223,3,2554000.0,851333.33,851300.0,851300.0,851400.0,57.74,2022-06-22,2022-11-03,134,67.0,67.0,0.0,14188.89,14190.0,60.0,0.3334,0,0.0,0,0.0,0,0.0,0,0.0,1,851400.0,0.3334
MPLADS-004224,3,12473000.0,4157666.67,4157700.0,4157600.0,4157700.0,57.74,2023-11-26,2024-04-05,131,65.5,65.5,0.71,69294.44,69295.0,60.0,0.3333,0,0.0,0,0.0,0,0.0,0,0.0,1,4157600.0,0.3333
MPLADS-004225,3,1774000.0,591333.33,591300.0,591300.0,591400.0,57.74,2023-07-30,2023-11-17,110,55.0,55.0,0.0,11087.5,11088.75,53.3,0.3334,0,0.0,0,0.0,0,0.0,0,0.0,1,591400.0,0.3334
MPLADS-004226,3,1738000.0,579333.33,579300.0,579300.0,579400.0,57.74,2023-12-01,2024-03-07,97,48.5,48.5,0.71,11586.67,11588.0,50.0,0.3334,0,0.0,1,0.3333,3,1.0,0,0.0,1,579400.0,0.3334
MPLADS-004227,3,11728000.0,3909333.33,3909300.0,3909300.0,3909400.0,57.74,2022-11-26,2023-09-05,283,141.5,141.5,0.71,29320.0,29320.5,133.3,0.3333,0,0.0,0,0.0,0,0.0,0,0.0,1,3909400.0,0.3333
MPLADS-004228,3,12446000.0,4148666.67,4148700.0,4148600.0,4148700.0,57.74,2023-02-25,2023-11-10,258,129.0,129.0,0.0,31115.0,31115.25,133.3,0.3333,0,0.0,0,0.0,0,0.0,0,0.0,1,4148600.0,0.3333
MPLADS-004229,3,2768000.0,922666.67,922700.0,922600.0,922700.0,57.74,2022-10-23,2023-02-15,115,57.5,57.5,0.71,15377.78,15378.33,60.0,0.3333,0,0.0,0,0.0,0,0.0,0,0.0,1,922600.0,0.3333
MPLADS-004230,3,1081000.0,360333.33,360300.0,360300.0,360400.0,57.74,2023-01-10,2023-04-22,102,51.0,51.0,0.0,7206.67,7208.0,50.0,0.3334,0,0.0,0,0.0,0,0.0,0,0.0,1,360400.0,0.3334
MPLADS-004231,3,2070000.0,690000.0,690000.0,690000.0,690000.0,0.0,2022-06-04,2022-08-17,74,37.0,37.0,0.0,17250.0,17250.0,40.0,0.3333,0,0.0,0,0.0,0,0.0,0,0.0,1,690000.0,0.3333
MPLADS-004232,3,10567000.0,3522333.33,3522300.0,3522300.0,3522400.0,57.74,2022-07-01,2023-04-03,276,138.0,138.0,0.0,26417.5,26418.0,133.3,0.3333,0,0.0,0,0.0,3,1.0,0,0.0,1,3522400.0,0.3333
MPLADS-004233,3,3232000.0,1077333.33,1077300.0,1077300.0,1077400.0,57.74,2023-07-22,2023-12-15,146,73.0,73.0,0.0,15390.48,15391.43,70.0,0.3334,0,0.0,0,0.0,0,0.0,0,0.0,1,1077400.0,0.3334
MPLADS-004234,3,2648000.0,882666.67,882700.0,882600.0,882700.0,57.74,2023-08-31,2023-12-29,120,60.0,60.0,0.0,14711.11,14711.67,60.0,0.3333,0,0.0,0,0.0,0,0.0,0,0.0,1,882600.0,0.3333
MPLADS-004235,3,2652000.0,884000.0,884000.0,884000.0,884000.0,0.0,2023-02-24,2023-06-10,106,53.0,53.0,0.0,16575.0,16575.0,53.3,0.3333,0,0.0,0,0.0,3,1.0,0,0.0,1,884000.0,0.3333
MPLADS-004236,2,962000.0,481000.0,481000.0,481000.0,481000.0,0.0,2022-08-12,2022-09-28,47,47.0,47.0,0.0,10688.89,10688.89,45.0,0.5,0,0.0,0,0.0,0,0.0,0,0.0,1,481000.0,0.5
MPLADS-004237,2,322000.0,161000.0,161000.0,161000.0,161000.0,0.0,2022-10-27,2022-12-01,35,35.0,35.0,0.0,5366.67,5366.67,30.0,0.5,0,0.0,0,0.0,0,0.0,0,0.0,1,161000.0,0.5
MPLADS-004238,3,1684000.0,561333.33,561300.0,561300.0,561400.0,57.74,2022-09-01,2022-11-16,76,38.0,38.0,0.0,14033.33,14035.0,40.0,0.3334,0,0.0,0,0.0,0,0.0,0,0.0,1,561400.0,0.3334
MPLADS-004239,3,1986000.0,662000.0,662000.0,662000.0,662000.0,0.0,2023-08-15,2023-11-25,102,51.0,51.0,0.0,16550.0,16550.0,40.0,0.3333,0,0.0,0,0.0,0,0.0,0,0.0,1,662000.0,0.3333
MPLADS-004240,2,892000.0,446000.0,446000.0,446000.0,446000.0,0.0,2023-05-21,2023-06-29,39,39.0,39.0,0.0,9911.11,9911.11,45.0,0.5,0,0.0,0,0.0,0,0.0,0,0.0,1,446000.0,0.5
MPLADS-004241,3,2674000.0,891333.33,891300.0,891300.0,891400.0,57.74,2023-05-23,2023-10-05,135,67.5,67.5,0.71,14855.56,14856.67,60.0,0.3334,0,0.0,0,0.0,0,0.0,0,0.0,1,891400.0,0.3334
MPLADS-004242,3,2282000.0,760666.67,760700.0,760600.0,760700.0,57.74,2023-10-17,2024-03-05,140,70.0,70.0,0.0,10866.66,10867.14,70.0,0.3333,0,0.0,0,0.0,0,0.0,0,0.0,1,760600.0,0.3333
MPLADS-004243,2,781000.0,390500.0,390500.0,390500.0,390500.0,0.0,2023-12-14,2024-01-24,41,41.0,41.0,0.0,8677.78,8677.78,45.0,0.5,0,0.0,0,0.0,0,0.0,0,0.0,1,390500.0,0.5
MPLADS-004244,3,1425000.0,475000.0,475000.0,475000.0,475000.0,0.0,2023-04-12,2024-02-26,320,160.0,160.0,0.0,11875.0,11875.0,40.0,0.3333,0,0.0,0,0.0,0,0.0,0,0.0,1,475000.0,0.3333
MPLADS-004245,2,486000.0,243000.0,243000.0,243000.0,243000.0,0.0,2022-07-11,2022-08-05,25,25.0,25.0,0.0,8100.0,8100.0,30.0,0.5,0,0.0,0,0.0,0,0.0,0,0.0,1,243000.0,0.5
MPLADS-004246,3,1051000.0,350333.33,350300.0,350300.0,350400.0,57.74,2022-03-21,2022-07-07,108,54.0,54.0,0.0,7006.67,7008.0,50.0,0.3334,0,0.0,0,0.0,0,0.0,0,0.0,1,350400.0,0.3334
MPLADS-004247,3,3410000.0,1136666.67,1136700.0,1136600.0,1136700.0,57.74,2022-04-12,2022-08-31,141,70.5,70.5,0.71,16238.09,16238.57,70.0,0.3333,0,0.0,0,0.0,0,0.0,0,0.0,1,1136600.0,0.3333
MPLADS-004248,3,1514000.0,504666.67,504700.0,504600.0,504700.0,57.74,2023-08-14,2023-12-03,111,55.5,55.5,0.71,9462.5,9463.12,53.3,0.3334,0,0.0,0,0.0,0,0.0,0,0.0,1,504600.0,0.3333
MPLADS-004249,3,13036000.0,4345333.33,4345300.0,4345300.0,4345400.0,57.74,2023-06-15,2024-03-31,290,145.0,145.0,0.0,32590.0,32590.5,133.3,0.3333,0,0.0,0,0.0,0,0.0,0,0.0,1,4345400.0,0.3333
MPLADS-004250,3,11027000.0,3675666.67,3675700.0,3675600.0,3675700.0,57.74,2023-06-21,2024-03-07,260,130.0,130.0,0.0,27567.5,27567.75,133.3,0.3333,0,0.0,0,0.0,0,0.0,0,0.0,1,3675600.0,0.3333
MPLADS-004251,3,14553000.0,4851000.0,4851000.0,4851000.0,4851000.0,0.0,2023-05-25,2024-02-07,258,129.0,129.0,0.0,36382.5,36382.5,133.3,0.3333,0,0.0,0,0.0,0,0.0,0,0.0,1,4851000.0,0.3333
MPLADS-004252,2,572000.0,286000.0,286000.0,286000.0,286000.0,0.0,2023-02-08,2023-04-06,57,57.0,57.0,0.0,6355.56,6355.56,45.0,0.5,0,0.0,0,0.0,2,1.0,0,0.0,1,286000.0,0.5
MPLADS-004253,2,526000.0,263000.0,263000.0,263000.0,263000.0,0.0,2022-10-10,2023-01-08,90,90.0,90.0,0.0,8766.67,8766.67,30.0,0.5,0,0.0,0,0.0,0,0.0,0,0.0,1,263000.0,0.5
MPLADS-004254,3,2138000.0,712666.67,712700.0,712600.0,712700.0,57.74,2022-04-19,2022-07-24,96,48.0,48.0,0.0,17816.67,17817.5,40.0,0.3333,0,0.0,0,0.0,0,0.0,0,0.0,1,712600.0,0.3333
MPLADS-004255,3,3252000.0,1084000.0,1084000.0,1084000.0,1084000.0,0.0,2023-04-13,2023-08-18,127,63.5,63.5,0.71,18066.67,18066.67,60.0,0.3333,0,0.0,0,0.0,0,0.0,0,0.0,1,1084000.0,0.3333
MPLADS-004256,3,1656000.0,552000.0,552000.0,552000.0,552000.0,0.0,2023-06-16,2023-10-24,130,65.0,65.0,0.0,9200.0,9200.0,60.0,0.3333,0,0.0,0,0.0,0,0.0,0,0.0,1,552000.0,0.3333
MPLADS-004257,3,8398000.0,2799333.33,2799300.0,2799300.0,2799400.0,57.74,2022-04-03,2022-06-30,88,44.0,44.0,0.0,69983.33,69985.0,40.0,0.3333,0,0.0,0,0.0,0,0.0,0,0.0,1,2799400.0,0.3333
MPLADS-004258,2,935000.0,467500.0,467500.0,467500.0,467500.0,0.0,2024-03-02,2024-04-11,40,40.0,40.0,0.0,10388.89,10388.89,45.0,0.5,0,0.0,0,0.0,0,0.0,0,0.0,1,467500.0,0.5
MPLADS-004259,3,2338000.0,779333.33,779300.0,779300.0,779400.0,57.74,2023-12-27,2024-04-04,99,49.5,49.5,0.71,19483.33,19485.0,40.0,0.3334,0,0.0,0,0.0,0,0.0,0,0.0,1,779400.0,0.3334
MPLADS-004260,3,1526000.0,508666.67,508700.0,508600.0,508700.0,57.74,2023-08-24,2023-12-04,102,51.0,51.0,0.0,12716.67,12717.5,40.0,0.3334,0,0.0,0,0.0,0,0.0,0,0.0,1,508600.0,0.3333
MPLADS-004261,3,2180000.0,726666.67,726700.0,726600.0,726700.0,57.74,2023-01-18,2023-03-31,72,36.0,36.0,0.0,18166.67,18167.5,40.0,0.3333,0,0.0,0,0.0,0,0.0,0,0.0,1,726600.0,0.3333
MPLADS-004262,3,1370000.0,456666.67,456700.0,456600.0,456700.0,57.74,2023-07-19,2023-11-01,105,52.5,52.5,0.71,9133.33,9134.0,50.0,0.3334,0,0.0,0,0.0,0,0.0,0,0.0,1,456600.0,0.3333
MPLADS-004263,3,1866000.0,622000.0,622000.0,622000.0,622000.0,0.0,2023-11-09,2024-02-20,103,51.5,51.5,0.71,12440.0,12440.0,50.0,0.3333,0,0.0,0,0.0,0,0.0,0,0.0,1,622000.0,0.3333
MPLADS-004264,3,3612000.0,1204000.0,1204000.0,1204000.0,1204000.0,0.0,2022-08-17,2023-01-24,160,80.0,80.0,0.0,17200.0,17200.0,70.0,0.3333,0,0.0,0,0.0,0,0.0,0,0.0,1,1204000.0,0.3333
MPLADS-004265,2,577000.0,288500.0,288500.0,288500.0,288500.0,0.0,2022-07-23,2022-09-19,58,58.0,58.0,0.0,6411.11,6411.11,45.0,0.5,0,0.0,0,0.0,0,0.0,0,0.0,1,288500.0,0.5
MPLADS-004266,3,1941000.0,647000.0,647000.0,647000.0,647000.0,0.0,2022-04-07,2022-06-18,72,36.0,36.0,0.0,16175.0,16175.0,40.0,0.3333,0,0.0,0,0.0,0,0.0,0,0.0,1,647000.0,0.3333
MPLADS-004267,2,331000.0,165500.0,165500.0,165500.0,165500.0,0.0,2022-08-01,2022-09-07,37,37.0,37.0,0.0,5516.67,5516.67,30.0,0.5,0,0.0,0,0.0,2,1.0,0,0.0,1,165500.0,0.5
MPLADS-004268,2,626000.0,313000.0,313000.0,313000.0,313000.0,0.0,2024-02-22,2024-04-06,44,44.0,44.0,0.0,6955.56,6955.56,45.0,0.5,0,0.0,0,0.0,0,0.0,0,0.0,1,313000.0,0.5
MPLADS-004269,3,1444000.0,481333.33,481300.0,481300.0,481400.0,57.74,2023-09-27,2023-12-12,76,38.0,38.0,0.0,12033.33,12035.0,40.0,0.3334,0,0.0,0,0.0,0,0.0,0,0.0,1,481400.0,0.3334
MPLADS-004270,3,3087000.0,1029000.0,1029000.0,1029000.0,1029000.0,0.0,2024-03-26,2024-08-13,140,70.0,70.0,0.0,14700.0,14700.0,70.0,0.3333,0,0.0,0,0.0,0,0.0,0,0.0,1,1029000.0,0.3333
MPLADS-004271,3,12423000.0,4141000.0,4141000.0,4141000.0,4141000.0,0.0,2022-11-21,2023-08-27,279,139.5,139.5,0.71,31057.5,31057.5,133.3,0.3333,0,0.0,0,0.0,0,0.0,0,0.0,1,4141000.0,0.3333
MPLADS-004272,3,1054000.0,351333.33,351300.0,351300.0,351400.0,57.74,2022-03-13,2022-05-24,72,36.0,36.0,0.0,11711.11,11713.33,30.0,0.3334,0,0.0,1,0.3333,0,0.0,0,0.0,1,351400.0,0.3334
MPLADS-004273,3,1092000.0,364000.0,364000.0,364000.0,364000.0,0.0,2023-01-31,2023-05-01,90,45.0,45.0,0.0,7280.0,7280.0,50.0,0.3333,0,0.0,1,0.3333,3,1.0,0,0.0,1,364000.0,0.3333
MPLADS-004274,2,787000.0,393500.0,393500.0,393500.0,393500.0,0.0,2023-03-26,2023-05-13,48,48.0,48.0,0.0,8744.44,8744.44,45.0,0.5,0,0.0,0,0.0,0,0.0,0,0.0,1,393500.0,0.5
MPLADS-004275,2,970000.0,485000.0,485000.0,485000.0,485000.0,0.0,2022-05-27,2022-08-29,94,94.0,94.0,0.0,5388.89,5388.89,90.0,0.5,0,0.0,0,0.0,0,0.0,0,0.0,1,485000.0,0.5
MPLADS-004276,3,2059000.0,686333.33,686300.0,686300.0,686400.0,57.74,2023-12-08,2024-03-05,88,44.0,44.0,0.0,17158.33,17160.0,40.0,0.3334,0,0.0,0,0.0,0,0.0,0,0.0,1,686400.0,0.3334
MPLADS-004277,3,1892000.0,630666.67,630700.0,630600.0,630700.0,57.74,2022-10-18,2023-12-19,427,213.5,213.5,0.71,11825.0,11825.62,53.3,0.3334,0,0.0,0,0.0,0,0.0,0,0.0,1,630600.0,0.3333
MPLADS-004278,3,6373000.0,2124333.33,2124300.0,2124300.0,2124400.0,57.74,2023-11-16,2024-03-14,119,59.5,59.5,0.71,42486.67,42488.0,50.0,0.3333,0,0.0,1,0.3333,0,0.0,0,0.0,1,2124400.0,0.3333
MPLADS-004279,2,376000.0,188000.0,188000.0,188000.0,188000.0,0.0,2023-11-05,2023-12-10,35,35.0,35.0,0.0,6266.67,6266.67,30.0,0.5,0,0.0,0,0.0,0,0.0,0,0.0,1,188000.0,0.5
MPLADS-004280,3,2244000.0,748000.0,748000.0,748000.0,748000.0,0.0,2023-01-13,2023-06-15,153,76.5,76.5,0.71,10685.71,10685.71,70.0,0.3333,0,0.0,0,0.0,0,0.0,0,0.0,1,748000.0,0.3333
MPLADS-004281,3,10351000.0,3450333.33,3450300.0,3450300.0,3450400.0,57.74,2022-06-17,2022-10-09,114,57.0,57.0,0.0,64693.75,64695.0,53.3,0.3333,0,0.0,0,0.0,0,0.0,0,0.0,1,3450400.0,0.3333
MPLADS-004282,2,998000.0,499000.0,499000.0,499000.0,499000.0,0.0,2022-08-26,2022-10-15,50,50.0,50.0,0.0,11088.89,11088.89,45.0,0.5,0,0.0,0,0.0,0,0.0,0,0.0,1,499000.0,0.5
MPLADS-004283,3,1580000.0,526666.67,526700.0,526600.0,526700.0,57.74,2022-07-01,2022-10-29,120,60.0,60.0,0.0,10533.33,10534.0,50.0,0.3334,0,0.0,0,0.0,0,0.0,0,0.0,1,526600.0,0.3333
MPLADS-004284,3,1632000.0,544000.0,544000.0,544000.0,544000.0,0.0,2023-12-05,2024-04-03,120,60.0,60.0,0.0,10200.0,10200.0,53.3,0.3333,0,0.0,0,0.0,0,0.0,0,0.0,1,544000.0,0.3333
MPLADS-004285,3,2042000.0,680666.67,680700.0,680600.0,680700.0,57.74,2022-11-29,2023-03-27,118,59.0,59.0,0.0,13613.33,13614.0,50.0,0.3333,0,0.0,1,0.3333,0,0.0,0,0.0,1,680600.0,0.3333
MPLADS-004286,2,378000.0,189000.0,189000.0,189000.0,189000.0,0.0,2022-12-24,2023-01-23,30,30.0,30.0,0.0,6300.0,6300.0,30.0,0.5,0,0.0,0,0.0,0,0.0,0,0.0,1,189000.0,0.5
MPLADS-004287,3,9497000.0,3165666.67,3165700.0,3165600.0,3165700.0,57.74,2024-03-04,2024-12-19,290,145.0,145.0,0.0,23742.5,23742.75,133.3,0.3333,0,0.0,0,0.0,0,0.0,0,0.0,1,3165600.0,0.3333
MPLADS-004288,3,1632000.0,544000.0,544000.0,544000.0,544000.0,0.0,2023-02-16,2023-06-08,112,56.0,56.0,0.0,10200.0,10200.0,53.3,0.3333,0,0.0,0,0.0,0,0.0,0,0.0,1,544000.0,0.3333
MPLADS-004289,3,1695000.0,565000.0,565000.0,565000.0,565000.0,0.0,2024-01-29,2024-06-05,128,64.0,64.0,0.0,10593.75,10593.75,53.3,0.3333,0,0.0,0,0.0,0,0.0,0,0.0,1,565000.0,0.3333
MPLADS-004290,3,1574000.0,524666.67,524700.0,524600.0,524700.0,57.74,2023-07-28,2023-12-03,128,64.0,64.0,0.0,9837.5,9838.12,53.3,0.3334,0,0.0,0,0.0,3,1.0,0,0.0,1,524600.0,0.3333
MPLADS-004291,3,1587000.0,529000.0,529000.0,529000.0,529000.0,0.0,2024-02-23,2024-06-22,120,60.0,60.0,0.0,10580.0,10580.0,50.0,0.3333,0,0.0,0,0.0,0,0.0,0,0.0,1,529000.0,0.3333
MPLADS-004292,3,1538000.0,512666.67,512700.0,512600.0,512700.0,57.74,2023-09-15,2024-05-12,240,120.0,120.0,0.0,12816.67,12817.5,40.0,0.3334,0,0.0,0,0.0,0,0.0,0,0.0,1,512600.0,0.3333
MPLADS-004293,3,1651000.0,550333.33,550300.0,550300.0,550400.0,57.74,2022-07-06,2022-10-28,114,57.0,57.0,0.0,11006.67,11008.0,50.0,0.3334,0,0.0,0,0.0,0,0.0,0,0.0,1,550400.0,0.3334
MPLADS-004294,3,10496000.0,3498666.67,3498700.0,3498600.0,3498700.0,57.74,2022-08-19,2023-05-22,276,138.0,138.0,0.0,26240.0,26240.25,133.3,0.3333,0,0.0,0,0.0,0,0.0,0,0.0,1,3498600.0,0.3333
MPLADS-004295,3,1186000.0,395333.33,395300.0,395300.0,395400.0,57.74,2023-03-20,2023-06-20,92,46.0,46.0,0.0,7906.67,7908.0,50.0,0.3334,0,0.0,0,0.0,0,0.0,0,0.0,1,395400.0,0.3334
MPLADS-004296,2,552000.0,276000.0,276000.0,276000.0,276000.0,0.0,2023-11-26,2024-01-22,57,57.0,57.0,0.0,6133.33,6133.33,45.0,0.5,0,0.0,0,0.0,0,0.0,0,0.0,1,276000.0,0.5
MPLADS-004297,2,487000.0,243500.0,243500.0,243500.0,243500.0,0.0,2022-06-23,2022-08-01,39,39.0,39.0,0.0,8116.67,8116.67,30.0,0.5,0,0.0,0,0.0,2,1.0,0,0.0,1,243500.0,0.5
MPLADS-004298,3,13035000.0,4345000.0,4345000.0,4345000.0,4345000.0,0.0,2023-01-15,2023-10-30,288,144.0,144.0,0.0,32587.5,32587.5,133.3,0.3333,0,0.0,0,0.0,0,0.0,0,0.0,1,4345000.0,0.3333
MPLADS-004299,2,997000.0,498500.0,498500.0,498500.0,498500.0,0.0,2022-06-07,2022-08-27,81,81.0,81.0,0.0,6646.67,6646.67,75.0,0.5,0,0.0,0,0.0,0,0.0,0,0.0,1,498500.0,0.5
MPLADS-004300,3,1066000.0,355333.33,355300.0,355300.0,355400.0,57.74,2023-06-26,2023-09-16,82,41.0,41.0,0.0,11844.44,11846.67,30.0,0.3334,0,0.0,0,0.0,0,0.0,0,0.0,1,355400.0,0.3334
MPLADS-004301,3,2367000.0,789000.0,789000.0,789000.0,789000.0,0.0,2023-05-26,2023-09-26,123,61.5,61.5,0.71,13150.0,13150.0,60.0,0.3333,0,0.0,0,0.0,0,0.0,0,0.0,1,789000.0,0.3333
MPLADS-004302,2,727000.0,363500.0,363500.0,363500.0,363500.0,0.0,2023-02-23,2023-04-05,41,41.0,41.0,0.0,8077.78,8077.78,45.0,0.5,0,0.0,0,0.0,0,0.0,0,0.0,1,363500.0,0.5
MPLADS-004303,3,11791000.0,3930333.33,3930300.0,3930300.0,3930400.0,57.74,2022-10-09,2023-07-26,290,145.0,145.0,0.0,29477.5,29478.0,133.3,0.3333,0,0.0,1,0.3333,0,0.0,0,0.0,1,3930400.0,0.3333
MPLADS-004304,3,1278000.0,426000.0,426000.0,426000.0,426000.0,0.0,2023-05-10,2023-08-14,96,48.0,48.0,0.0,8520.0,8520.0,50.0,0.3333,0,0.0,0,0.0,3,1.0,0,0.0,1,426000.0,0.3333
MPLADS-004305,3,1394000.0,464666.67,464700.0,464600.0,464700.0,57.74,2022-07-05,2022-10-04,91,45.5,45.5,0.71,9293.33,9294.0,50.0,0.3334,0,0.0,0,0.0,0,0.0,0,0.0,1,464600.0,0.3333
MPLADS-004306,3,2610000.0,870000.0,870000.0,870000.0,870000.0,0.0,2023-03-08,2023-07-30,144,72.0,72.0,0.0,12428.57,12428.57,70.0,0.3333,0,0.0,1,0.3333,0,0.0,0,0.0,1,870000.0,0.3333
MPLADS-004307,3,3088000.0,1029333.33,1029300.0,1029300.0,1029400.0,57.74,2023-09-27,2024-02-27,153,76.5,76.5,0.71,14704.76,14705.71,70.0,0.3334,0,0.0,0,0.0,0,0.0,0,0.0,1,1029400.0,0.3334
MPLADS-004308,3,2458000.0,819333.33,819300.0,819300.0,819400.0,57.74,2023-03-25,2023-07-07,104,52.0,52.0,0.0,15362.5,15363.75,53.3,0.3334,0,0.0,0,0.0,0,0.0,0,0.0,1,819400.0,0.3334
MPLADS-004309,2,391000.0,195500.0,195500.0,195500.0,195500.0,0.0,2023-09-27,2023-11-06,40,40.0,40.0,0.0,6516.67,6516.67,30.0,0.5,0,0.0,0,0.0,0,0.0,0,0.0,1,195500.0,0.5
MPLADS-004310,3,2016000.0,672000.0,672000.0,672000.0,672000.0,0.0,2022-12-30,2023-04-10,101,50.5,50.5,0.71,12600.0,12600.0,53.3,0.3333,0,0.0,0,0.0,0,0.0,0,0.0,1,672000.0,0.3333
MPLADS-004311,3,2478000.0,826000.0,826000.0,826000.0,826000.0,0.0,2023-11-01,2024-03-23,143,71.5,71.5,0.71,11800.0,11800.0,70.0,0.3333,0,0.0,0,0.0,0,0.0,0,0.0,1,826000.0,0.3333
MPLADS-004312,2,720000.0,360000.0,360000.0,360000.0,360000.0,0.0,2022-05-20,2022-07-21,62,62.0,62.0,0.0,8000.0,8000.0,45.0,0.5,0,0.0,0,0.0,0,0.0,0,0.0,1,360000.0,0.5
MPLADS-004313,3,3283000.0,1094333.33,1094300.0,1094300.0,1094400.0,57.74,2023-08-28,2024-01-17,142,71.0,71.0,0.0,15633.34,15634.29,70.0,0.3334,0,0.0,0,0.0,0,0.0,0,0.0,1,1094400.0,0.3334
MPLADS-004314,3,24269000.0,8089666.67,8089700.0,8089600.0,8089700.0,57.74,2023-11-01,2024-08-01,274,137.0,137.0,0.0,60672.5,60672.75,133.3,0.3333,0,0.0,0,0.0,0,0.0,0,0.0,1,8089600.0,0.3333
MPLADS-004315,3,14191000.0,4730333.33,4730300.0,4730300.0,4730400.0,57.74,2022-11-12,2023-08-19,280,140.0,140.0,0.0,35477.5,35478.0,133.3,0.3333,0,0.0,0,0.0,0,0.0,0,0.0,1,4730400.0,0.3333
MPLADS-004316,3,12938000.0,4312666.67,4312700.0,4312600.0,4312700.0,57.74,2023-01-22,2023-10-19,270,135.0,135.0,0.0,32345.0,32345.25,133.3,0.3333,0,0.0,0,0.0,0,0.0,0,0.0,1,4312600.0,0.3333
MPLADS-004317,3,2093000.0,697666.67,697700.0,697600.0,697700.0,57.74,2022-11-06,2023-02-14,100,50.0,50.0,0.0,17441.67,17442.5,40.0,0.3333,0,0.0,0,0.0,0,0.0,0,0.0,1,697600.0,0.3333
MPLADS-004318,3,2241000.0,747000.0,747000.0,747000.0,747000.0,0.0,2022-06-23,2022-09-25,94,47.0,47.0,0.0,18675.0,18675.0,40.0,0.3333,0,0.0,0,0.0,0,0.0,0,0.0,1,747000.0,0.3333
MPLADS-004319,3,2097000.0,699000.0,699000.0,699000.0,699000.0,0.0,2023-11-29,2024-02-09,72,36.0,36.0,0.0,17475.0,17475.0,40.0,0.3333,0,0.0,0,0.0,0,0.0,0,0.0,1,699000.0,0.3333
MPLADS-004320,3,1804000.0,601333.33,601300.0,601300.0,601400.0,57.74,2023-10-24,2024-01-23,91,45.5,45.5,0.71,15033.33,15035.0,40.0,0.3334,0,0.0,0,0.0,0,0.0,0,0.0,1,601400.0,0.3334
MPLADS-004321,2,860000.0,430000.0,430000.0,430000.0,430000.0,0.0,2022-08-31,2022-11-01,62,62.0,62.0,0.0,9555.56,9555.56,45.0,0.5,0,0.0,0,0.0,0,0.0,0,0.0,1,430000.0,0.5
MPLADS-004322,2,661000.0,330500.0,330500.0,330500.0,330500.0,0.0,2023-08-23,2023-10-09,47,47.0,47.0,0.0,11016.67,11016.67,30.0,0.5,0,0.0,0,0.0,0,0.0,0,0.0,1,330500.0,0.5
MPLADS-004323,3,2391000.0,797000.0,797000.0,797000.0,797000.0,0.0,2022-09-19,2023-01-12,115,57.5,57.5,0.71,14943.75,14943.75,53.3,0.3333,0,0.0,0,0.0,0,0.0,0,0.0,1,797000.0,0.3333
MPLADS-004324,3,8318000.0,2772666.67,2772700.0,2772600.0,2772700.0,57.74,2022-07-03,2023-04-09,280,140.0,140.0,0.0,20795.0,20795.25,133.3,0.3333,0,0.0,0,0.0,0,0.0,0,0.0,1,2772600.0,0.3333
MPLADS-004325,3,1226000.0,408666.67,408700.0,408600.0,408700.0,57.74,2022-08-14,2022-12-07,115,57.5,57.5,0.71,8173.33,8174.0,50.0,0.3334,0,0.0,0,0.0,0,0.0,0,0.0,1,408600.0,0.3333
MPLADS-004326,3,1730000.0,576666.67,576700.0,576600.0,576700.0,57.74,2022-10-10,2023-02-14,127,63.5,63.5,0.71,10812.5,10813.12,53.3,0.3334,0,0.0,0,0.0,0,0.0,0,0.0,1,576600.0,0.3333
MPLADS-004327,3,8665000.0,2888333.33,2888300.0,2888300.0,2888400.0,57.74,2022-10-17,2023-07-30,286,143.0,143.0,0.0,21662.5,21663.0,133.3,0.3333,0,0.0,0,0.0,0,0.0,0,0.0,1,2888400.0,0.3333
MPLADS-004328,3,14112000.0,4704000.0,4704000.0,4704000.0,4704000.0,0.0,2022-11-02,2023-07-18,258,129.0,129.0,0.0,35280.0,35280.0,133.3,0.3333,0,0.0,0,0.0,0,0.0,0,0.0,1,4704000.0,0.3333
MPLADS-004329,3,8504000.0,2834666.67,2834700.0,2834600.0,2834700.0,57.74,2023-01-16,2023-09-30,257,128.5,128.5,0.71,21260.0,21260.25,133.3,0.3333,0,0.0,0,0.0,0,0.0,0,0.0,1,2834600.0,0.3333
MPLADS-004330,2,573000.0,286500.0,286500.0,286500.0,286500.0,0.0,2023-11-29,2024-01-02,34,34.0,34.0,0.0,9550.0,9550.0,30.0,0.5,0,0.0,0,0.0,0,0.0,0,0.0,1,286500.0,0.5
MPLADS-004331,3,1865000.0,621666.67,621700.0,621600.0,621700.0,57.74,2022-07-10,2022-10-30,112,56.0,56.0,0.0,11656.25,11656.88,53.3,0.3334,0,0.0,0,0.0,0,0.0,0,0.0,1,621600.0,0.3333
MPLADS-004332,3,3075000.0,1025000.0,1025000.0,1025000.0,1025000.0,0.0,2022-10-16,2023-03-03,138,69.0,69.0,0.0,17083.33,17083.33,60.0,0.3333,0,0.0,0,0.0,0,0.0,0,0.0,1,1025000.0,0.3333
MPLADS-004333,3,9787000.0,3262333.33,3262300.0,3262300.0,3262400.0,57.74,2023-10-25,2024-08-02,282,141.0,141.0,0.0,24467.5,24468.0,133.3,0.3333,0,0.0,1,0.3333,0,0.0,0,0.0,1,3262400.0,0.3333
MPLADS-004334,3,1598000.0,532666.67,532700.0,532600.0,532700.0,57.74,2022-06-13,2022-10-01,110,55.0,55.0,0.0,10653.33,10654.0,50.0,0.3334,0,0.0,0,0.0,0,0.0,0,0.0,1,532600.0,0.3333
MPLADS-004335,3,57100000.0,19033333.33,19033300.0,19033300.0,19033400.0,57.74,2023-07-26,2024-05-01,280,140.0,140.0,0.0,142750.0,142750.5,133.3,0.3333,0,0.0,0,0.0,0,0.0,0,0.0,1,19033400.0,0.3333
MPLADS-004336,3,2621000.0,873666.67,873700.0,873600.0,873700.0,57.74,2023-10-09,2024-02-24,138,69.0,69.0,0.0,14561.11,14561.67,60.0,0.3333,0,0.0,0,0.0,0,0.0,0,0.0,1,873600.0,0.3333
MPLADS-004337,3,2345000.0,781666.67,781700.0,781600.0,781700.0,57.74,2023-08-16,2024-01-23,160,80.0,80.0,0.0,11166.66,11167.14,70.0,0.3333,0,0.0,0,0.0,0,0.0,0,0.0,1,781600.0,0.3333
MPLADS-004338,3,1491000.0,497000.0,497000.0,497000.0,497000.0,0.0,2022-05-11,2022-08-16,97,48.5,48.5,0.71,12425.0,12425.0,40.0,0.3333,0,0.0,0,0.0,0,0.0,0,0.0,1,497000.0,0.3333
MPLADS-004339,3,1636000.0,545333.33,545300.0,545300.0,545400.0,57.74,2024-01-23,2024-05-20,118,59.0,59.0,0.0,9088.89,9090.0,60.0,0.3334,0,0.0,1,0.3333,0,0.0,0,0.0,1,545400.0,0.3334
MPLADS-004340,2,849000.0,424500.0,424500.0,424500.0,424500.0,0.0,2023-04-29,2023-06-28,60,60.0,60.0,0.0,9433.33,9433.33,45.0,0.5,0,0.0,0,0.0,0,0.0,0,0.0,1,424500.0,0.5
MPLADS-004341,2,451000.0,225500.0,225500.0,225500.0,225500.0,0.0,2023-10-14,2023-11-22,39,39.0,39.0,0.0,7516.67,7516.67,30.0,0.5,0,0.0,0,0.0,0,0.0,0,0.0,1,225500.0,0.5
MPLADS-004342,3,2524000.0,841333.33,841300.0,841300.0,841400.0,57.74,2023-10-22,2024-03-12,142,71.0,71.0,0.0,14022.22,14023.33,60.0,0.3334,0,0.0,0,0.0,0,0.0,0,0.0,1,841400.0,0.3334
MPLADS-004343,3,1215000.0,405000.0,405000.0,405000.0,405000.0,0.0,2023-07-07,2023-10-27,112,56.0,56.0,0.0,8100.0,8100.0,50.0,0.3333,0,0.0,0,0.0,0,0.0,0,0.0,1,405000.0,0.3333
MPLADS-004344,3,14224000.0,4741333.33,4741300.0,4741300.0,4741400.0,57.74,2023-09-25,2024-07-01,280,140.0,140.0,0.0,35560.0,35560.5,133.3,0.3333,0,0.0,0,0.0,0,0.0,0,0.0,1,4741400.0,0.3333
MPLADS-004345,3,14209000.0,4736333.33,4736300.0,4736300.0,4736400.0,57.74,2024-04-09,2025-01-22,288,144.0,144.0,0.0,35522.5,35523.0,133.3,0.3333,0,0.0,0,0.0,0,0.0,0,0.0,1,4736400.0,0.3333
MPLADS-004346,3,2186000.0,728666.67,728700.0,728600.0,728700.0,57.74,2022-08-10,2022-12-02,114,57.0,57.0,0.0,13662.5,13663.12,53.3,0.3333,0,0.0,0,0.0,0,0.0,0,0.0,1,728600.0,0.3333
MPLADS-004347,3,4145000.0,1381666.67,1381700.0,1381600.0,1381700.0,57.74,2023-11-26,2024-04-20,146,73.0,73.0,0.0,19738.09,19738.57,70.0,0.3333,0,0.0,0,0.0,0,0.0,0,0.0,1,1381600.0,0.3333
MPLADS-004348,3,8107000.0,2702333.33,2702300.0,2702300.0,2702400.0,57.74,2023-10-14,2024-06-27,257,128.5,128.5,0.71,20267.5,20268.0,133.3,0.3333,0,0.0,0,0.0,0,0.0,0,0.0,1,2702400.0,0.3333
MPLADS-004349,3,1732000.0,577333.33,577300.0,577300.0,577400.0,57.74,2023-07-22,2023-11-18,119,59.5,59.5,0.71,11546.67,11548.0,50.0,0.3334,0,0.0,0,0.0,0,0.0,0,0.0,1,577400.0,0.3334
MPLADS-004350,3,9913000.0,3304333.33,3304300.0,3304300.0,3304400.0,57.74,2023-01-26,2023-10-28,275,137.5,137.5,0.71,24782.5,24783.0,133.3,0.3333,0,0.0,0,0.0,0,0.0,0,0.0,1,3304400.0,0.3333
MPLADS-004351,3,1413000.0,471000.0,471000.0,471000.0,471000.0,0.0,2022-08-05,2022-11-15,102,51.0,51.0,0.0,9420.0,9420.0,50.0,0.3333,0,0.0,0,0.0,0,0.0,0,0.0,1,471000.0,0.3333
MPLADS-004352,3,1381000.0,460333.33,460300.0,460300.0,460400.0,57.74,2023-07-02,2023-10-15,105,52.5,52.5,0.71,9206.67,9208.0,50.0,0.3334,0,0.0,0,0.0,0,0.0,0,0.0,1,460400.0,0.3334
MPLADS-004353,3,2055000.0,685000.0,685000.0,685000.0,685000.0,0.0,2023-01-05,2023-04-17,102,51.0,51.0,0.0,13700.0,13700.0,50.0,0.3333,0,0.0,0,0.0,0,0.0,0,0.0,1,685000.0,0.3333
MPLADS-004354,2,466000.0,233000.0,233000.0,233000.0,233000.0,0.0,2022-05-13,2022-06-27,45,45.0,45.0,0.0,7766.67,7766.67,30.0,0.5,0,0.0,0,0.0,0,0.0,0,0.0,1,233000.0,0.5
MPLADS-004355,3,14293000.0,4764333.33,4764300.0,4764300.0,4764400.0,57.74,2022-09-17,2023-06-08,264,132.0,132.0,0.0,35732.5,35733.0,133.3,0.3333,0,0.0,0,0.0,3,1.0,0,0.0,1,4764400.0,0.3333
MPLADS-004356,3,1010000.0,336666.67,336700.0,336600.0,336700.0,57.74,2023-08-09,2023-10-26,78,39.0,39.0,0.0,11222.22,11223.33,30.0,0.3334,0,0.0,0,0.0,0,0.0,0,0.0,1,336600.0,0.3333
MPLADS-004357,2,621000.0,310500.0,310500.0,310500.0,310500.0,0.0,2024-02-13,2024-03-27,43,43.0,43.0,0.0,6900.0,6900.0,45.0,0.5,0,0.0,0,0.0,0,0.0,0,0.0,1,310500.0,0.5
MPLADS-004358,2,432000.0,216000.0,216000.0,216000.0,216000.0,0.0,2023-06-10,2023-07-21,41,41.0,41.0,0.0,7200.0,7200.0,30.0,0.5,0,0.0,0,0.0,0,0.0,0,0.0,1,216000.0,0.5
MPLADS-004359,3,2824000.0,941333.33,941300.0,941300.0,941400.0,57.74,2023-01-24,2023-05-14,110,55.0,55.0,0.0,15688.89,15690.0,60.0,0.3334,0,0.0,0,0.0,0,0.0,0,0.0,1,941400.0,0.3334
MPLADS-004360,2,337000.0,168500.0,168500.0,168500.0,168500.0,0.0,2024-01-09,2024-02-12,34,34.0,34.0,0.0,5616.67,5616.67,30.0,0.5,0,0.0,0,0.0,0,0.0,0,0.0,1,168500.0,0.5
MPLADS-004361,3,9499000.0,3166333.33,3166300.0,3166300.0,3166400.0,57.74,2022-06-16,2022-10-10,116,58.0,58.0,0.0,59368.75,59370.0,53.3,0.3333,0,0.0,0,0.0,0,0.0,0,0.0,1,3166400.0,0.3333
MPLADS-004362,3,1447000.0,482333.33,482300.0,482300.0,482400.0,57.74,2022-10-09,2023-02-05,119,59.5,59.5,0.71,9646.67,9648.0,50.0,0.3334,0,0.0,0,0.0,0,0.0,0,0.0,1,482400.0,0.3334
MPLADS-004363,3,2434000.0,811333.33,811300.0,811300.0,811400.0,57.74,2023-09-03,2023-12-09,97,48.5,48.5,0.71,15212.5,15213.75,53.3,0.3334,0,0.0,0,0.0,0,0.0,0,0.0,1,811400.0,0.3334
MPLADS-004364,3,1676000.0,558666.67,558700.0,558600.0,558700.0,57.74,2023-08-12,2023-12-13,123,61.5,61.5,0.71,11173.33,11174.0,50.0,0.3334,0,0.0,0,0.0,0,0.0,0,0.0,1,558600.0,0.3333
MPLADS-004365,2,886000.0,443000.0,443000.0,443000.0,443000.0,0.0,2023-05-03,2023-05-26,23,23.0,23.0,0.0,14766.67,14766.67,30.0,0.5,0,0.0,0,0.0,0,0.0,0,0.0,1,443000.0,0.5
MPLADS-004366,3,1954000.0,651333.33,651300.0,651300.0,651400.0,57.74,2023-06-27,2023-10-25,120,60.0,60.0,0.0,13026.67,13028.0,50.0,0.3334,0,0.0,0,0.0,0,0.0,0,0.0,1,651400.0,0.3334
MPLADS-004367,3,2539000.0,846333.33,846300.0,846300.0,846400.0,57.74,2022-08-25,2022-12-09,106,53.0,53.0,0.0,15868.75,15870.0,53.3,0.3334,0,0.0,0,0.0,0,0.0,0,0.0,1,846400.0,0.3334
MPLADS-004368,3,7781000.0,2593666.67,2593700.0,2593600.0,2593700.0,57.74,2023-10-23,2024-02-08,108,54.0,54.0,0.0,48631.25,48631.88,53.3,0.3333,0,0.0,0,0.0,0,0.0,0,0.0,1,2593600.0,0.3333
MPLADS-004369,2,660000.0,330000.0,330000.0,330000.0,330000.0,0.0,2023-01-12,2023-03-15,62,62.0,62.0,0.0,7333.33,7333.33,45.0,0.5,0,0.0,0,0.0,0,0.0,0,0.0,1,330000.0,0.5
MPLADS-004370,2,344000.0,172000.0,172000.0,172000.0,172000.0,0.0,2022-12-06,2023-01-22,47,47.0,47.0,0.0,5733.33,5733.33,30.0,0.5,0,0.0,0,0.0,0,0.0,0,0.0,1,172000.0,0.5
MPLADS-004371,3,3008000.0,1002666.67,1002700.0,1002600.0,1002700.0,57.74,2023-05-20,2023-09-12,115,57.5,57.5,0.71,18800.0,18800.62,53.3,0.3333,0,0.0,0,0.0,0,0.0,0,0.0,1,1002600.0,0.3333
MPLADS-004372,3,12401000.0,4133666.67,4133700.0,4133600.0,4133700.0,57.74,2023-04-18,2024-01-22,279,139.5,139.5,0.71,31002.5,31002.75,133.3,0.3333,0,0.0,0,0.0,0,0.0,0,0.0,1,4133600.0,0.3333
MPLADS-004373,3,3613000.0,1204333.33,1204300.0,1204300.0,1204400.0,57.74,2023-07-11,2023-10-27,108,54.0,54.0,0.0,22581.25,22582.5,53.3,0.3334,0,0.0,0,0.0,0,0.0,0,0.0,1,1204400.0,0.3334
MPLADS-004374,3,10661000.0,3553666.67,3553700.0,3553600.0,3553700.0,57.74,2023-02-26,2023-11-20,267,133.5,133.5,0.71,26652.5,26652.75,133.3,0.3333,0,0.0,0,0.0,0,0.0,0,0.0,1,3553600.0,0.3333
MPLADS-004375,3,2390000.0,796666.67,796700.0,796600.0,796700.0,57.74,2023-07-29,2023-12-07,131,65.5,65.5,0.71,13277.78,13278.33,60.0,0.3333,0,0.0,0,0.0,0,0.0,0,0.0,1,796600.0,0.3333
MPLADS-004376,3,2385000.0,795000.0,795000.0,795000.0,795000.0,0.0,2023-12-24,2024-03-31,98,49.0,49.0,0.0,19875.0,19875.0,40.0,0.3333,0,0.0,0,0.0,0,0.0,0,0.0,1,795000.0,0.3333
MPLADS-004377,2,425000.0,212500.0,212500.0,212500.0,212500.0,0.0,2022-10-08,2022-11-07,30,30.0,30.0,0.0,7083.33,7083.33,30.0,0.5,0,0.0,0,0.0,0,0.0,0,0.0,1,212500.0,0.5
MPLADS-004378,2,548000.0,274000.0,274000.0,274000.0,274000.0,0.0,2022-08-28,2022-10-09,42,42.0,42.0,0.0,6088.89,6088.89,45.0,0.5,0,0.0,0,0.0,0,0.0,0,0.0,1,274000.0,0.5
MPLADS-004379,3,10227000.0,3409000.0,3409000.0,3409000.0,3409000.0,0.0,2023-03-01,2023-07-22,143,71.5,71.5,0.71,56816.67,56816.67,60.0,0.3333,0,0.0,0,0.0,0,0.0,0,0.0,1,3409000.0,0.3333
MPLADS-004380,3,2128000.0,709333.33,709300.0,709300.0,709400.0,57.74,2022-05-04,2022-08-15,103,51.5,51.5,0.71,13300.0,13301.25,53.3,0.3334,0,0.0,0,0.0,3,1.0,0,0.0,1,709400.0,0.3334
MPLADS-004381,2,954000.0,477000.0,477000.0,477000.0,477000.0,0.0,2023-09-11,2023-11-28,78,78.0,78.0,0.0,6360.0,6360.0,75.0,0.5,0,0.0,0,0.0,0,0.0,0,0.0,1,477000.0,0.5
MPLADS-004382,2,685000.0,342500.0,342500.0,342500.0,342500.0,0.0,2022-05-08,2022-07-08,61,61.0,61.0,0.0,7611.11,7611.11,45.0,0.5,0,0.0,0,0.0,0,0.0,0,0.0,1,342500.0,0.5
MPLADS-004383,3,3314000.0,1104666.67,1104700.0,1104600.0,1104700.0,57.74,2022-10-18,2023-02-18,123,61.5,61.5,0.71,18411.11,18411.67,60.0,0.3333,0,0.0,0,0.0,0,0.0,0,0.0,1,1104600.0,0.3333
MPLADS-004384,3,1351000.0,450333.33,450300.0,450300.0,450400.0,57.74,2022-12-20,2023-03-05,75,37.5,37.5,0.71,11258.33,11260.0,40.0,0.3334,0,0.0,0,0.0,0,0.0,0,0.0,1,450400.0,0.3334
MPLADS-004385,3,3369000.0,1123000.0,1123000.0,1123000.0,1123000.0,0.0,2022-12-25,2023-06-04,161,80.5,80.5,0.71,16042.86,16042.86,70.0,0.3333,0,0.0,0,0.0,0,0.0,0,0.0,1,1123000.0,0.3333
MPLADS-004386,3,2921000.0,973666.67,973700.0,973600.0,973700.0,57.74,2022-06-22,2022-11-29,160,80.0,80.0,0.0,13909.52,13910.0,70.0,0.3333,0,0.0,0,0.0,0,0.0,0,0.0,1,973600.0,0.3333
MPLADS-004387,3,11854000.0,3951333.33,3951300.0,3951300.0,3951400.0,57.74,2023-07-06,2024-04-01,270,135.0,135.0,0.0,29635.0,29635.5,133.3,0.3333,0,0.0,0,0.0,0,0.0,0,0.0,1,3951400.0,0.3333
MPLADS-004388,3,2618000.0,872666.67,872700.0,872600.0,872700.0,57.74,2023-03-19,2024-07-11,480,240.0,240.0,0.0,14544.44,14545.0,60.0,0.3333,0,0.0,0,0.0,0,0.0,0,0.0,1,872600.0,0.3333
MPLADS-004389,3,1129000.0,376333.33,376300.0,376300.0,376400.0,57.74,2023-01-03,2024-02-07,400,200.0,200.0,0.0,7526.67,7528.0,50.0,0.3334,0,0.0,0,0.0,0,0.0,0,0.0,1,376400.0,0.3334
MPLADS-004390,3,2106000.0,702000.0,702000.0,702000.0,702000.0,0.0,2022-07-10,2022-10-30,112,56.0,56.0,0.0,11700.0,11700.0,60.0,0.3333,0,0.0,0,0.0,0,0.0,0,0.0,1,702000.0,0.3333
MPLADS-004391,3,1630000.0,543333.33,543300.0,543300.0,543400.0,57.74,2022-10-28,2023-01-28,92,46.0,46.0,0.0,10866.67,10868.0,50.0,0.3334,0,0.0,0,0.0,0,0.0,0,0.0,1,543400.0,0.3334
MPLADS-004392,3,2698000.0,899333.33,899300.0,899300.0,899400.0,57.74,2023-07-13,2023-11-13,123,61.5,61.5,0.71,16862.5,16863.75,53.3,0.3334,0,0.0,0,0.0,0,0.0,0,0.0,1,899400.0,0.3334
MPLADS-004393,3,2197000.0,732333.33,732300.0,732300.0,732400.0,57.74,2023-09-03,2024-01-01,120,60.0,60.0,0.0,12205.56,12206.67,60.0,0.3334,0,0.0,0,0.0,0,0.0,0,0.0,1,732400.0,0.3334
MPLADS-004394,3,2552000.0,850666.67,850700.0,850600.0,850700.0,57.74,2023-05-28,2023-09-27,122,61.0,61.0,0.0,15950.0,15950.62,53.3,0.3333,0,0.0,0,0.0,0,0.0,0,0.0,1,850600.0,0.3333
MPLADS-004395,3,1750000.0,583333.33,583300.0,583300.0,583400.0,57.74,2023-07-17,2023-10-15,90,45.0,45.0,0.0,11666.67,11668.0,50.0,0.3334,0,0.0,0,0.0,0,0.0,0,0.0,1,583400.0,0.3334
MPLADS-004396,3,2598000.0,866000.0,866000.0,866000.0,866000.0,0.0,2023-08-06,2023-12-25,141,70.5,70.5,0.71,14433.33,14433.33,60.0,0.3333,0,0.0,0,0.0,0,0.0,0,0.0,1,866000.0,0.3333
MPLADS-004397,3,1097000.0,365666.67,365700.0,365600.0,365700.0,57.74,2023-10-06,2023-12-21,76,38.0,38.0,0.0,9141.67,9142.5,40.0,0.3334,0,0.0,0,0.0,0,0.0,0,0.0,1,365600.0,0.3333
MPLADS-004398,3,2767000.0,922333.33,922300.0,922300.0,922400.0,57.74,2023-08-05,2023-12-11,128,64.0,64.0,0.0,15372.22,15373.33,60.0,0.3334,0,0.0,0,0.0,0,0.0,0,0.0,1,922400.0,0.3334
MPLADS-004399,3,3506000.0,1168666.67,1168700.0,1168600.0,1168700.0,57.74,2022-06-22,2022-11-10,141,70.5,70.5,0.71,16695.24,16695.71,70.0,0.3333,0,0.0,0,0.0,0,0.0,0,0.0,1,1168600.0,0.3333
MPLADS-004400,3,2610000.0,870000.0,870000.0,870000.0,870000.0,0.0,2023-10-29,2024-02-28,122,61.0,61.0,0.0,16312.5,16312.5,53.3,0.3333,0,0.0,0,0.0,0,0.0,0,0.0,1,870000.0,0.3333
MPLADS-004401,3,2123000.0,707666.67,707700.0,707600.0,707700.0,57.74,2023-06-23,2023-10-10,109,54.5,54.5,0.71,13268.75,13269.38,53.3,0.3333,0,0.0,0,0.0,0,0.0,0,0.0,1,707600.0,0.3333
MPLADS-004402,2,613000.0,306500.0,306500.0,306500.0,306500.0,0.0,2023-09-13,2023-10-08,25,25.0,25.0,0.0,10216.67,10216.67,30.0,0.5,0,0.0,0,0.0,0,0.0,0,0.0,1,306500.0,0.5
MPLADS-004403,3,1404000.0,468000.0,468000.0,468000.0,468000.0,0.0,2023-02-14,2023-06-16,122,61.0,61.0,0.0,9360.0,9360.0,50.0,0.3333,0,0.0,0,0.0,0,0.0,0,0.0,1,468000.0,0.3333
MPLADS-004404,3,1600000.0,533333.33,533300.0,533300.0,533400.0,57.74,2022-12-08,2023-03-30,112,56.0,56.0,0.0,8888.89,8890.0,60.0,0.3334,0,0.0,0,0.0,0,0.0,0,0.0,1,533400.0,0.3334
MPLADS-004405,3,13536000.0,4512000.0,4512000.0,4512000.0,4512000.0,0.0,2022-06-10,2023-03-07,270,135.0,135.0,0.0,33840.0,33840.0,133.3,0.3333,0,0.0,0,0.0,0,0.0,0,0.0,1,4512000.0,0.3333
MPLADS-004406,3,7842000.0,2614000.0,2614000.0,2614000.0,2614000.0,0.0,2022-07-27,2023-05-07,284,142.0,142.0,0.0,19605.0,19605.0,133.3,0.3333,0,0.0,0,0.0,0,0.0,0,0.0,1,2614000.0,0.3333
MPLADS-004407,3,16048000.0,5349333.33,5349300.0,5349300.0,5349400.0,57.74,2023-04-15,2023-12-30,259,129.5,129.5,0.71,40120.0,40120.5,133.3,0.3333,0,0.0,0,0.0,0,0.0,0,0.0,1,5349400.0,0.3333
MPLADS-004408,3,1457000.0,485666.67,485700.0,485600.0,485700.0,57.74,2022-04-27,2022-07-08,72,36.0,36.0,0.0,16188.89,16190.0,30.0,0.3334,0,0.0,0,0.0,0,0.0,0,0.0,1,485600.0,0.3333
MPLADS-004409,3,2141000.0,713666.67,713700.0,713600.0,713700.0,57.74,2023-03-12,2023-06-04,84,42.0,42.0,0.0,17841.67,17842.5,40.0,0.3333,0,0.0,1,0.3333,0,0.0,0,0.0,1,713600.0,0.3333
MPLADS-004410,3,2653000.0,884333.33,884300.0,884300.0,884400.0,57.74,2022-11-21,2023-03-19,118,59.0,59.0,0.0,17686.67,17688.0,50.0,0.3334,0,0.0,0,0.0,0,0.0,0,0.0,1,884400.0,0.3334
MPLADS-004411,3,1813000.0,604333.33,604300.0,604300.0,604400.0,57.74,2023-11-20,2024-02-29,101,50.5,50.5,0.71,12086.67,12088.0,50.0,0.3334,0,0.0,0,0.0,0,0.0,0,0.0,1,604400.0,0.3334
MPLADS-004412,3,2493000.0,831000.0,831000.0,831000.0,831000.0,0.0,2022-07-24,2022-12-14,143,71.5,71.5,0.71,11871.43,11871.43,70.0,0.3333,0,0.0,0,0.0,0,0.0,0,0.0,1,831000.0,0.3333
MPLADS-004413,3,2443000.0,814333.33,814300.0,814300.0,814400.0,57.74,2022-09-25,2023-01-09,106,53.0,53.0,0.0,15268.75,15270.0,53.3,0.3334,0,0.0,0,0.0,0,0.0,0,0.0,1,814400.0,0.3334
MPLADS-004414,2,928000.0,464000.0,464000.0,464000.0,464000.0,0.0,2022-09-30,2022-11-14,45,45.0,45.0,0.0,10311.11,10311.11,45.0,0.5,0,0.0,0,0.0,0,0.0,0,0.0,1,464000.0,0.5
MPLADS-004415,3,2504000.0,834666.67,834700.0,834600.0,834700.0,57.74,2022-10-07,2023-02-20,136,68.0,68.0,0.0,11923.81,11924.29,70.0,0.3333,0,0.0,0,0.0,0,0.0,0,0.0,1,834600.0,0.3333
MPLADS-004416,3,2484000.0,828000.0,828000.0,828000.0,828000.0,0.0,2023-09-05,2023-12-17,103,51.5,51.5,0.71,15525.0,15525.0,53.3,0.3333,0,0.0,0,0.0,0,0.0,0,0.0,1,828000.0,0.3333
MPLADS-004417,2,839000.0,419500.0,419500.0,419500.0,419500.0,0.0,2022-09-30,2022-11-21,52,52.0,52.0,0.0,9322.22,9322.22,45.0,0.5,0,0.0,0,0.0,0,0.0,0,0.0,1,419500.0,0.5
MPLADS-004418,3,1877000.0,625666.67,625700.0,625600.0,625700.0,57.74,2023-07-18,2023-10-15,89,44.5,44.5,0.71,15641.67,15642.5,40.0,0.3334,0,0.0,0,0.0,0,0.0,0,0.0,1,625600.0,0.3333
MPLADS-004419,3,3204000.0,1068000.0,1068000.0,1068000.0,1068000.0,0.0,2024-02-24,2024-08-04,162,81.0,81.0,0.0,15257.14,15257.14,70.0,0.3333,0,0.0,0,0.0,0,0.0,0,0.0,1,1068000.0,0.3333
MPLADS-004420,3,1641000.0,547000.0,547000.0,547000.0,547000.0,0.0,2022-12-02,2023-03-14,102,51.0,51.0,0.0,10256.25,10256.25,53.3,0.3333,0,0.0,0,0.0,3,1.0,0,0.0,1,547000.0,0.3333
MPLADS-004421,2,608000.0,304000.0,304000.0,304000.0,304000.0,0.0,2023-11-16,2023-12-31,45,45.0,45.0,0.0,10133.33,10133.33,30.0,0.5,0,0.0,0,0.0,0,0.0,0,0.0,1,304000.0,0.5
MPLADS-004422,3,1773000.0,591000.0,591000.0,591000.0,591000.0,0.0,2022-09-22,2023-11-23,427,213.5,213.5,0.71,11081.25,11081.25,53.3,0.3333,0,0.0,0,0.0,0,0.0,0,0.0,1,591000.0,0.3333
MPLADS-004423,3,3797000.0,1265666.67,1265700.0,1265600.0,1265700.0,57.74,2023-12-30,2024-05-09,131,65.5,65.5,0.71,18080.95,18081.43,70.0,0.3333,0,0.0,0,0.0,0,0.0,0,0.0,1,1265600.0,0.3333
MPLADS-004424,3,1738000.0,579333.33,579300.0,579300.0,579400.0,57.74,2022-11-07,2023-01-20,74,37.0,37.0,0.0,14483.33,14485.0,40.0,0.3334,0,0.0,0,0.0,0,0.0,0,0.0,1,579400.0,0.3334
MPLADS-004425,3,2575000.0,858333.33,858300.0,858300.0,858400.0,57.74,2023-10-28,2024-03-02,126,63.0,63.0,0.0,14305.56,14306.67,60.0,0.3334,0,0.0,0,0.0,0,0.0,0,0.0,1,858400.0,0.3334
MPLADS-004426,3,2167000.0,722333.33,722300.0,722300.0,722400.0,57.74,2024-03-13,2024-08-22,162,81.0,81.0,0.0,10319.05,10320.0,70.0,0.3334,0,0.0,0,0.0,0,0.0,0,0.0,1,722400.0,0.3334
MPLADS-004427,3,2030000.0,676666.67,676700.0,676600.0,676700.0,57.74,2023-10-27,2024-03-01,126,63.0,63.0,0.0,12687.5,12688.12,53.3,0.3333,0,0.0,0,0.0,0,0.0,0,0.0,1,676600.0,0.3333
MPLADS-004428,3,1519000.0,506333.33,506300.0,506300.0,506400.0,57.74,2024-01-04,2024-04-19,106,53.0,53.0,0.0,10126.67,10128.0,50.0,0.3334,0,0.0,0,0.0,0,0.0,0,0.0,1,506400.0,0.3334
MPLADS-004429,2,453000.0,226500.0,226500.0,226500.0,226500.0,0.0,2022-09-07,2022-10-06,29,29.0,29.0,0.0,7550.0,7550.0,30.0,0.5,0,0.0,0,0.0,0,0.0,0,0.0,1,226500.0,0.5
MPLADS-004430,3,7918000.0,2639333.33,2639300.0,2639300.0,2639400.0,57.74,2024-01-08,2024-09-28,264,132.0,132.0,0.0,19795.0,19795.5,133.3,0.3333,0,0.0,0,0.0,0,0.0,0,0.0,1,2639400.0,0.3333
MPLADS-004431,2,360000.0,180000.0,180000.0,180000.0,180000.0,0.0,2023-01-02,2023-02-07,36,36.0,36.0,0.0,6000.0,6000.0,30.0,0.5,0,0.0,0,0.0,0,0.0,0,0.0,1,180000.0,0.5
MPLADS-004432,3,1431000.0,477000.0,477000.0,477000.0,477000.0,0.0,2023-06-12,2023-09-17,97,48.5,48.5,0.71,9540.0,9540.0,50.0,0.3333,0,0.0,0,0.0,0,0.0,0,0.0,1,477000.0,0.3333
MPLADS-004433,3,1929000.0,643000.0,643000.0,643000.0,643000.0,0.0,2023-02-03,2023-05-15,101,50.5,50.5,0.71,16075.0,16075.0,40.0,0.3333,0,0.0,0,0.0,0,0.0,0,0.0,1,643000.0,0.3333
MPLADS-004434,3,1656000.0,552000.0,552000.0,552000.0,552000.0,0.0,2022-04-12,2022-07-25,104,52.0,52.0,0.0,10350.0,10350.0,53.3,0.3333,0,0.0,0,0.0,0,0.0,0,0.0,1,552000.0,0.3333
MPLADS-004435,2,451000.0,225500.0,225500.0,225500.0,225500.0,0.0,2023-08-07,2023-09-08,32,32.0,32.0,0.0,7516.67,7516.67,30.0,0.5,0,0.0,0,0.0,0,0.0,0,0.0,1,225500.0,0.5
MPLADS-004436,3,1443000.0,481000.0,481000.0,481000.0,481000.0,0.0,2024-02-28,2024-06-24,117,58.5,58.5,0.71,9620.0,9620.0,50.0,0.3333,0,0.0,0,0.0,3,1.0,0,0.0,1,481000.0,0.3333
MPLADS-004437,2,869000.0,434500.0,434500.0,434500.0,434500.0,0.0,2022-04-20,2022-06-12,53,53.0,53.0,0.0,9655.56,9655.56,45.0,0.5,0,0.0,0,0.0,0,0.0,0,0.0,1,434500.0,0.5
MPLADS-004438,3,2438000.0,812666.67,812700.0,812600.0,812700.0,57.74,2022-07-10,2022-10-20,102,51.0,51.0,0.0,15237.5,15238.12,53.3,0.3333,0,0.0,0,0.0,0,0.0,0,0.0,1,812600.0,0.3333
MPLADS-004439,3,15599000.0,5199666.67,5199700.0,5199600.0,5199700.0,57.74,2022-11-11,2023-08-20,282,141.0,141.0,0.0,38997.5,38997.75,133.3,0.3333,0,0.0,0,0.0,0,0.0,0,0.0,1,5199600.0,0.3333
MPLADS-004440,3,1639000.0,546333.33,546300.0,546300.0,546400.0,57.74,2022-09-19,2023-01-11,114,57.0,57.0,0.0,9105.56,9106.67,60.0,0.3334,0,0.0,0,0.0,0,0.0,0,0.0,1,546400.0,0.3334
MPLADS-004441,3,1098000.0,366000.0,366000.0,366000.0,366000.0,0.0,2022-07-07,2022-11-14,130,65.0,65.0,0.0,5228.57,5228.57,70.0,0.3333,0,0.0,0,0.0,0,0.0,0,0.0,1,366000.0,0.3333
MPLADS-004442,3,1782000.0,594000.0,594000.0,594000.0,594000.0,0.0,2023-08-06,2023-11-25,111,55.5,55.5,0.71,9900.0,9900.0,60.0,0.3333,0,0.0,0,0.0,0,0.0,0,0.0,1,594000.0,0.3333
MPLADS-004443,3,1204000.0,401333.33,401300.0,401300.0,401400.0,57.74,2023-11-18,2024-03-09,112,56.0,56.0,0.0,8026.67,8028.0,50.0,0.3334,0,0.0,0,0.0,0,0.0,0,0.0,1,401400.0,0.3334
MPLADS-004444,3,1616000.0,538666.67,538700.0,538600.0,538700.0,57.74,2023-05-11,2023-09-14,126,63.0,63.0,0.0,10100.0,10100.62,53.3,0.3334,0,0.0,0,0.0,0,0.0,0,0.0,1,538600.0,0.3333
MPLADS-004445,3,2623000.0,874333.33,874300.0,874300.0,874400.0,57.74,2023-11-05,2024-02-25,112,56.0,56.0,0.0,14572.22,14573.33,60.0,0.3334,0,0.0,0,0.0,0,0.0,0,0.0,1,874400.0,0.3334
MPLADS-004446,3,1304000.0,434666.67,434700.0,434600.0,434700.0,57.74,2023-02-24,2023-05-31,96,48.0,48.0,0.0,10866.67,10867.5,40.0,0.3334,0,0.0,0,0.0,0,0.0,0,0.0,1,434600.0,0.3333
MPLADS-004447,3,3809000.0,1269666.67,1269700.0,1269600.0,1269700.0,57.74,2022-08-22,2023-01-27,158,79.0,79.0,0.0,18138.09,18138.57,70.0,0.3333,0,0.0,0,0.0,3,1.0,0,0.0,1,1269600.0,0.3333
MPLADS-004448,2,483000.0,241500.0,241500.0,241500.0,241500.0,0.0,2022-10-10,2022-11-02,23,23.0,23.0,0.0,8050.0,8050.0,30.0,0.5,0,0.0,0,0.0,2,1.0,0,0.0,1,241500.0,0.5
MPLADS-004449,2,520000.0,260000.0,260000.0,260000.0,260000.0,0.0,2023-01-14,2023-02-09,26,26.0,26.0,0.0,8666.67,8666.67,30.0,0.5,0,0.0,0,0.0,0,0.0,0,0.0,1,260000.0,0.5
MPLADS-004450,2,823000.0,411500.0,411500.0,411500.0,411500.0,0.0,2023-06-15,2023-08-01,47,47.0,47.0,0.0,9144.44,9144.44,45.0,0.5,0,0.0,0,0.0,0,0.0,0,0.0,1,411500.0,0.5
MPLADS-004451,3,1749000.0,583000.0,583000.0,583000.0,583000.0,0.0,2022-11-17,2023-02-17,92,46.0,46.0,0.0,14575.0,14575.0,40.0,0.3333,0,0.0,0,0.0,3,1.0,0,0.0,1,583000.0,0.3333
MPLADS-004452,3,2508000.0,836000.0,836000.0,836000.0,836000.0,0.0,2022-10-23,2023-03-13,141,70.5,70.5,0.71,11942.86,11942.86,70.0,0.3333,0,0.0,0,0.0,0,0.0,0,0.0,1,836000.0,0.3333
MPLADS-004453,3,2630000.0,876666.67,876700.0,876600.0,876700.0,57.74,2023-08-06,2023-12-02,118,59.0,59.0,0.0,14611.11,14611.67,60.0,0.3333,0,0.0,0,0.0,0,0.0,0,0.0,1,876600.0,0.3333
MPLADS-004454,3,2441000.0,813666.67,813700.0,813600.0,813700.0,57.74,2022-09-02,2023-02-06,157,78.5,78.5,0.71,11623.81,11624.29,70.0,0.3333,0,0.0,0,0.0,0,0.0,0,0.0,1,813600.0,0.3333
MPLADS-004455,3,2300000.0,766666.67,766700.0,766600.0,766700.0,57.74,2022-11-08,2023-04-19,162,81.0,81.0,0.0,10952.38,10952.86,70.0,0.3333,0,0.0,0,0.0,0,0.0,0,0.0,1,766600.0,0.3333
MPLADS-004456,3,4380000.0,1460000.0,1460000.0,1460000.0,1460000.0,0.0,2022-04-20,2022-07-05,76,38.0,38.0,0.0,48666.67,48666.67,30.0,0.3333,0,0.0,0,0.0,0,0.0,0,0.0,1,1460000.0,0.3333
MPLADS-004457,3,3552000.0,1184000.0,1184000.0,1184000.0,1184000.0,0.0,2023-01-10,2023-05-23,133,66.5,66.5,0.71,16914.29,16914.29,70.0,0.3333,0,0.0,0,0.0,3,1.0,0,0.0,1,1184000.0,0.3333
MPLADS-004458,3,13914000.0,4638000.0,4638000.0,4638000.0,4638000.0,0.0,2022-11-04,2023-07-20,258,129.0,129.0,0.0,34785.0,34785.0,133.3,0.3333,0,0.0,1,0.3333,0,0.0,0,0.0,1,4638000.0,0.3333
MPLADS-004459,3,1788000.0,596000.0,596000.0,596000.0,596000.0,0.0,2023-09-16,2024-01-04,110,55.0,55.0,0.0,11175.0,11175.0,53.3,0.3333,0,0.0,0,0.0,0,0.0,0,0.0,1,596000.0,0.3333
MPLADS-004460,3,10731000.0,3577000.0,3577000.0,3577000.0,3577000.0,0.0,2024-05-15,2025-01-30,260,130.0,130.0,0.0,26827.5,26827.5,133.3,0.3333,0,0.0,0,0.0,0,0.0,0,0.0,1,3577000.0,0.3333
MPLADS-004461,3,2829000.0,943000.0,943000.0,943000.0,943000.0,0.0,2023-03-25,2023-08-24,152,76.0,76.0,0.0,13471.43,13471.43,70.0,0.3333,0,0.0,0,0.0,0,0.0,0,0.0,1,943000.0,0.3333
MPLADS-004462,3,2014000.0,671333.33,671300.0,671300.0,671400.0,57.74,2022-06-29,2022-11-07,131,65.5,65.5,0.71,11188.89,11190.0,60.0,0.3334,0,0.0,0,0.0,0,0.0,0,0.0,1,671400.0,0.3334
MPLADS-004463,3,2703000.0,901000.0,901000.0,901000.0,901000.0,0.0,2022-11-03,2023-02-26,115,57.5,57.5,0.71,15016.67,15016.67,60.0,0.3333,0,0.0,0,0.0,0,0.0,0,0.0,1,901000.0,0.3333
MPLADS-004464,3,1514000.0,504666.67,504700.0,504600.0,504700.0,57.74,2024-01-26,2024-05-01,96,48.0,48.0,0.0,10093.33,10094.0,50.0,0.3334,0,0.0,0,0.0,0,0.0,0,0.0,1,504600.0,0.3333
MPLADS-004465,3,1480000.0,493333.33,493300.0,493300.0,493400.0,57.74,2023-02-13,2023-06-14,121,60.5,60.5,0.71,9250.0,9251.25,53.3,0.3334,0,0.0,0,0.0,3,1.0,0,0.0,1,493400.0,0.3334
MPLADS-004466,2,599000.0,299500.0,299500.0,299500.0,299500.0,0.0,2022-06-08,2022-07-10,32,32.0,32.0,0.0,9983.33,9983.33,30.0,0.5,0,0.0,0,0.0,0,0.0,0,0.0,1,299500.0,0.5
MPLADS-004467,3,14374000.0,4791333.33,4791300.0,4791300.0,4791400.0,57.74,2022-07-11,2023-04-01,264,132.0,132.0,0.0,35935.0,35935.5,133.3,0.3333,0,0.0,0,0.0,0,0.0,0,0.0,1,4791400.0,0.3333
MPLADS-004468,3,11084000.0,3694666.67,3694700.0,3694600.0,3694700.0,57.74,2023-10-10,2024-07-23,287,143.5,143.5,0.71,27710.0,27710.25,133.3,0.3333,0,0.0,0,0.0,0,0.0,0,0.0,1,3694600.0,0.3333
MPLADS-004469,3,3753000.0,1251000.0,1251000.0,1251000.0,1251000.0,0.0,2024-03-19,2024-08-28,162,81.0,81.0,0.0,17871.43,17871.43,70.0,0.3333,0,0.0,0,0.0,0,0.0,0,0.0,1,1251000.0,0.3333
MPLADS-004470,3,2295000.0,765000.0,765000.0,765000.0,765000.0,0.0,2023-09-29,2024-01-03,96,48.0,48.0,0.0,19125.0,19125.0,40.0,0.3333,0,0.0,0,0.0,3,1.0,0,0.0,1,765000.0,0.3333
MPLADS-004471,3,1688000.0,562666.67,562700.0,562600.0,562700.0,57.74,2022-07-16,2022-11-28,135,67.5,67.5,0.71,9377.78,9378.33,60.0,0.3334,0,0.0,0,0.0,0,0.0,0,0.0,1,562600.0,0.3333
MPLADS-004472,3,1598000.0,532666.67,532700.0,532600.0,532700.0,57.74,2023-07-14,2023-10-25,103,51.5,51.5,0.71,10653.33,10654.0,50.0,0.3334,0,0.0,0,0.0,0,0.0,0,0.0,1,532600.0,0.3333
MPLADS-004473,2,639000.0,319500.0,319500.0,319500.0,319500.0,0.0,2022-05-16,2022-07-11,56,56.0,56.0,0.0,7100.0,7100.0,45.0,0.5,0,0.0,0,0.0,0,0.0,0,0.0,1,319500.0,0.5
MPLADS-004474,3,12958000.0,4319333.33,4319300.0,4319300.0,4319400.0,57.74,2022-09-03,2023-06-13,283,141.5,141.5,0.71,32395.0,32395.5,133.3,0.3333,0,0.0,0,0.0,0,0.0,0,0.0,1,4319400.0,0.3333
MPLADS-004475,3,7897000.0,2632333.33,2632300.0,2632300.0,2632400.0,57.74,2023-06-23,2024-04-07,289,144.5,144.5,0.71,19742.5,19743.0,133.3,0.3333,0,0.0,0,0.0,0,0.0,0,0.0,1,2632400.0,0.3333
MPLADS-004476,2,373000.0,186500.0,186500.0,186500.0,186500.0,0.0,2023-10-16,2023-11-08,23,23.0,23.0,0.0,6216.67,6216.67,30.0,0.5,0,0.0,0,0.0,0,0.0,0,0.0,1,186500.0,0.5
MPLADS-004477,3,1043000.0,347666.67,347700.0,347600.0,347700.0,57.74,2023-10-09,2024-02-03,117,58.5,58.5,0.71,6953.33,6954.0,50.0,0.3334,0,0.0,0,0.0,0,0.0,0,0.0,1,347600.0,0.3333
MPLADS-004478,3,3002000.0,1000666.67,1000700.0,1000600.0,1000700.0,57.74,2022-07-06,2022-10-19,105,52.5,52.5,0.71,18762.5,18763.12,53.3,0.3333,0,0.0,0,0.0,0,0.0,0,0.0,1,1000600.0,0.3333
MPLADS-004479,3,2394000.0,798000.0,798000.0,798000.0,798000.0,0.0,2022-08-16,2022-11-12,88,44.0,44.0,0.0,19950.0,19950.0,40.0,0.3333,0,0.0,0,0.0,0,0.0,0,0.0,1,798000.0,0.3333
MPLADS-004480,3,5113000.0,1704333.33,1704300.0,1704300.0,1704400.0,57.74,2023-04-13,2024-01-28,290,145.0,145.0,0.0,12782.5,12783.0,133.3,0.3333,0,0.0,0,0.0,0,0.0,0,0.0,1,1704400.0,0.3333
MPLADS-004481,2,988000.0,494000.0,494000.0,494000.0,494000.0,0.0,2022-11-02,2023-05-01,180,180.0,180.0,0.0,10977.78,10977.78,45.0,0.5,0,0.0,0,0.0,0,0.0,0,0.0,1,494000.0,0.5
MPLADS-004482,3,1145000.0,381666.67,381700.0,381600.0,381700.0,57.74,2023-11-13,2024-03-07,115,57.5,57.5,0.71,7633.33,7634.0,50.0,0.3334,0,0.0,0,0.0,0,0.0,0,0.0,1,381600.0,0.3333
MPLADS-004483,3,3734000.0,1244666.67,1244700.0,1244600.0,1244700.0,57.74,2024-02-18,2024-07-23,156,78.0,78.0,0.0,17780.95,17781.43,70.0,0.3333,0,0.0,0,0.0,0,0.0,0,0.0,1,1244600.0,0.3333
MPLADS-004484,3,11498000.0,3832666.67,3832700.0,3832600.0,3832700.0,57.74,2023-12-23,2024-09-07,259,129.5,129.5,0.71,28745.0,28745.25,133.3,0.3333,0,0.0,0,0.0,0,0.0,0,0.0,1,3832600.0,0.3333
MPLADS-004485,3,1929000.0,643000.0,643000.0,643000.0,643000.0,0.0,2023-10-01,2023-12-26,86,43.0,43.0,0.0,16075.0,16075.0,40.0,0.3333,0,0.0,0,0.0,0,0.0,0,0.0,1,643000.0,0.3333
MPLADS-004486,2,911000.0,455500.0,455500.0,455500.0,455500.0,0.0,2022-04-09,2022-05-18,39,39.0,39.0,0.0,10122.22,10122.22,45.0,0.5,0,0.0,0,0.0,0,0.0,0,0.0,1,455500.0,0.5
MPLADS-004487,3,13708000.0,4569333.33,4569300.0,4569300.0,4569400.0,57.74,2023-06-09,2024-03-20,285,142.5,142.5,0.71,34270.0,34270.5,133.3,0.3333,0,0.0,0,0.0,0,0.0,0,0.0,1,4569400.0,0.3333
MPLADS-004488,3,1144000.0,381333.33,381300.0,381300.0,381400.0,57.74,2023-07-31,2023-10-10,71,35.5,35.5,0.71,9533.33,9535.0,40.0,0.3334,0,0.0,0,0.0,0,0.0,0,0.0,1,381400.0,0.3334
MPLADS-004489,3,2973000.0,991000.0,991000.0,991000.0,991000.0,0.0,2023-01-22,2023-05-28,126,63.0,63.0,0.0,16516.67,16516.67,60.0,0.3333,0,0.0,0,0.0,3,1.0,0,0.0,1,991000.0,0.3333
MPLADS-004490,3,2949000.0,983000.0,983000.0,983000.0,983000.0,0.0,2023-12-04,2024-05-02,150,75.0,75.0,0.0,14042.86,14042.86,70.0,0.3333,0,0.0,0,0.0,0,0.0,0,0.0,1,983000.0,0.3333
MPLADS-004491,3,9651000.0,3217000.0,3217000.0,3217000.0,3217000.0,0.0,2024-04-30,2025-02-02,278,139.0,139.0,0.0,24127.5,24127.5,133.3,0.3333,0,0.0,0,0.0,0,0.0,0,0.0,1,3217000.0,0.3333
MPLADS-004492,3,2353000.0,784333.33,784300.0,784300.0,784400.0,57.74,2022-04-22,2022-08-21,121,60.5,60.5,0.71,14706.25,14707.5,53.3,0.3334,0,0.0,0,0.0,0,0.0,0,0.0,1,784400.0,0.3334
MPLADS-004493,2,745000.0,372500.0,372500.0,372500.0,372500.0,0.0,2023-06-17,2023-07-31,44,44.0,44.0,0.0,8277.78,8277.78,45.0,0.5,0,0.0,0,0.0,0,0.0,0,0.0,1,372500.0,0.5
MPLADS-004494,3,2075000.0,691666.67,691700.0,691600.0,691700.0,57.74,2023-07-23,2023-12-02,132,66.0,66.0,0.0,11527.78,11528.33,60.0,0.3333,0,0.0,0,0.0,0,0.0,0,0.0,1,691600.0,0.3333
MPLADS-004495,3,13373000.0,4457666.67,4457700.0,4457600.0,4457700.0,57.74,2024-02-09,2024-10-30,264,132.0,132.0,0.0,33432.5,33432.75,133.3,0.3333,0,0.0,0,0.0,0,0.0,0,0.0,1,4457600.0,0.3333
MPLADS-004496,3,1777000.0,592333.33,592300.0,592300.0,592400.0,57.74,2023-02-18,2023-06-13,115,57.5,57.5,0.71,11846.67,11848.0,50.0,0.3334,0,0.0,0,0.0,0,0.0,0,0.0,1,592400.0,0.3334
MPLADS-004497,2,948000.0,474000.0,474000.0,474000.0,474000.0,0.0,2024-01-22,2024-03-02,40,40.0,40.0,0.0,10533.33,10533.33,45.0,0.5,0,0.0,0,0.0,0,0.0,0,0.0,1,474000.0,0.5
MPLADS-004498,3,6036000.0,2012000.0,2012000.0,2012000.0,2012000.0,0.0,2022-07-22,2022-10-14,84,42.0,42.0,0.0,50300.0,50300.0,40.0,0.3333,0,0.0,0,0.0,0,0.0,0,0.0,1,2012000.0,0.3333
MPLADS-004499,3,1840000.0,613333.33,613300.0,613300.0,613400.0,57.74,2023-05-15,2023-09-02,110,55.0,55.0,0.0,11500.0,11501.25,53.3,0.3334,0,0.0,0,0.0,0,0.0,0,0.0,1,613400.0,0.3334
MPLADS-004500,3,1937000.0,645666.67,645700.0,645600.0,645700.0,57.74,2023-09-06,2023-12-06,91,45.5,45.5,0.71,12913.33,12914.0,50.0,0.3334,0,0.0,0,0.0,0,0.0,0,0.0,1,645600.0,0.3333
MPLADS-004501,3,2521000.0,840333.33,840300.0,840300.0,840400.0,57.74,2023-03-03,2023-07-05,124,62.0,62.0,0.0,15756.25,15757.5,53.3,0.3334,0,0.0,1,0.3333,0,0.0,0,0.0,1,840400.0,0.3334
MPLADS-004502,3,1289000.0,429666.67,429700.0,429600.0,429700.0,57.74,2023-06-02,2023-09-04,94,47.0,47.0,0.0,10741.67,10742.5,40.0,0.3334,0,0.0,0,0.0,0,0.0,0,0.0,1,429600.0,0.3333
MPLADS-004503,3,1888000.0,629333.33,629300.0,629300.0,629400.0,57.74,2022-06-08,2022-08-25,78,39.0,39.0,0.0,15733.33,15735.0,40.0,0.3334,0,0.0,0,0.0,0,0.0,0,0.0,1,629400.0,0.3334
MPLADS-004504,2,429000.0,214500.0,214500.0,214500.0,214500.0,0.0,2023-11-07,2023-12-04,27,27.0,27.0,0.0,7150.0,7150.0,30.0,0.5,0,0.0,0,0.0,0,0.0,0,0.0,1,214500.0,0.5
MPLADS-004505,2,730000.0,365000.0,365000.0,365000.0,365000.0,0.0,2023-08-29,2023-10-14,46,46.0,46.0,0.0,8111.11,8111.11,45.0,0.5,0,0.0,0,0.0,0,0.0,0,0.0,1,365000.0,0.5
MPLADS-004506,2,924000.0,462000.0,462000.0,462000.0,462000.0,0.0,2022-09-29,2022-11-23,55,55.0,55.0,0.0,10266.67,10266.67,45.0,0.5,0,0.0,0,0.0,0,0.0,0,0.0,1,462000.0,0.5
MPLADS-004507,3,2202000.0,734000.0,734000.0,734000.0,734000.0,0.0,2023-04-17,2023-08-07,112,56.0,56.0,0.0,13762.5,13762.5,53.3,0.3333,0,0.0,0,0.0,0,0.0,0,0.0,1,734000.0,0.3333
MPLADS-004508,2,887000.0,443500.0,443500.0,443500.0,443500.0,0.0,2022-05-16,2022-07-02,47,47.0,47.0,0.0,9855.56,9855.56,45.0,0.5,0,0.0,0,0.0,0,0.0,0,0.0,1,443500.0,0.5
MPLADS-004509,3,7691000.0,2563666.67,2563700.0,2563600.0,2563700.0,57.74,2022-12-09,2023-09-20,285,142.5,142.5,0.71,19227.5,19227.75,133.3,0.3333,0,0.0,0,0.0,0,0.0,0,0.0,1,2563600.0,0.3333
MPLADS-004510,2,593000.0,296500.0,296500.0,296500.0,296500.0,0.0,2024-01-25,2024-02-20,26,26.0,26.0,0.0,9883.33,9883.33,30.0,0.5,0,0.0,0,0.0,0,0.0,0,0.0,1,296500.0,0.5
MPLADS-004511,3,10699000.0,3566333.33,3566300.0,3566300.0,3566400.0,57.74,2022-05-09,2022-08-22,105,52.5,52.5,0.71,66868.75,66870.0,53.3,0.3333,0,0.0,0,0.0,0,0.0,0,0.0,1,3566400.0,0.3333
MPLADS-004512,3,1848000.0,616000.0,616000.0,616000.0,616000.0,0.0,2022-07-19,2022-10-15,88,44.0,44.0,0.0,15400.0,15400.0,40.0,0.3333,0,0.0,0,0.0,0,0.0,0,0.0,1,616000.0,0.3333
MPLADS-004513,2,398000.0,199000.0,199000.0,199000.0,199000.0,0.0,2022-02-28,2022-03-23,23,23.0,23.0,0.0,6633.33,6633.33,30.0,0.5,0,0.0,0,0.0,0,0.0,0,0.0,1,199000.0,0.5
MPLADS-004514,3,3703000.0,1234333.33,1234300.0,1234300.0,1234400.0,57.74,2023-12-16,2024-05-13,149,74.5,74.5,0.71,17633.34,17634.29,70.0,0.3334,0,0.0,0,0.0,0,0.0,0,0.0,1,1234400.0,0.3334
MPLADS-004515,3,12192000.0,4064000.0,4064000.0,4064000.0,4064000.0,0.0,2022-09-20,2023-06-09,262,131.0,131.0,0.0,30480.0,30480.0,133.3,0.3333,0,0.0,0,0.0,0,0.0,0,0.0,1,4064000.0,0.3333
MPLADS-004516,2,614000.0,307000.0,307000.0,307000.0,307000.0,0.0,2023-01-11,2023-02-09,29,29.0,29.0,0.0,10233.33,10233.33,30.0,0.5,0,0.0,0,0.0,0,0.0,0,0.0,1,307000.0,0.5
MPLADS-004517,3,1792000.0,597333.33,597300.0,597300.0,597400.0,57.74,2023-08-19,2023-12-18,121,60.5,60.5,0.71,11946.67,11948.0,50.0,0.3334,0,0.0,0,0.0,3,1.0,0,0.0,1,597400.0,0.3334
MPLADS-004518,3,2476000.0,825333.33,825300.0,825300.0,825400.0,57.74,2023-01-22,2023-06-13,142,71.0,71.0,0.0,11790.48,11791.43,70.0,0.3334,0,0.0,0,0.0,0,0.0,0,0.0,1,825400.0,0.3334
MPLADS-004519,3,2257000.0,752333.33,752300.0,752300.0,752400.0,57.74,2023-01-06,2023-04-10,94,47.0,47.0,0.0,18808.33,18810.0,40.0,0.3334,0,0.0,0,0.0,0,0.0,0,0.0,1,752400.0,0.3334
MPLADS-004520,3,3692000.0,1230666.67,1230700.0,1230600.0,1230700.0,57.74,2023-10-11,2024-03-03,144,72.0,72.0,0.0,17580.95,17581.43,70.0,0.3333,0,0.0,0,0.0,0,0.0,0,0.0,1,1230600.0,0.3333
MPLADS-004521,3,2599000.0,866333.33,866300.0,866300.0,866400.0,57.74,2023-11-21,2024-04-07,138,69.0,69.0,0.0,14438.89,14440.0,60.0,0.3334,0,0.0,0,0.0,0,0.0,0,0.0,1,866400.0,0.3334
MPLADS-004522,3,15017000.0,5005666.67,5005700.0,5005600.0,5005700.0,57.74,2023-11-12,2024-08-24,286,143.0,143.0,0.0,37542.5,37542.75,133.3,0.3333,0,0.0,0,0.0,0,0.0,0,0.0,1,5005600.0,0.3333
MPLADS-004523,3,1540000.0,513333.33,513300.0,513300.0,513400.0,57.74,2023-08-05,2023-11-27,114,57.0,57.0,0.0,9625.0,9626.25,53.3,0.3334,0,0.0,0,0.0,0,0.0,0,0.0,1,513400.0,0.3334
MPLADS-004524,3,10015000.0,3338333.33,3338300.0,3338300.0,3338400.0,57.74,2023-08-31,2024-01-03,125,62.5,62.5,0.71,55638.89,55640.0,60.0,0.3333,0,0.0,0,0.0,0,0.0,0,0.0,1,3338400.0,0.3333
MPLADS-004525,3,2420000.0,806666.67,806700.0,806600.0,806700.0,57.74,2023-05-04,2023-10-12,161,80.5,80.5,0.71,11523.81,11524.29,70.0,0.3333,0,0.0,0,0.0,0,0.0,0,0.0,1,806600.0,0.3333
MPLADS-004526,3,3063000.0,1021000.0,1021000.0,1021000.0,1021000.0,0.0,2023-02-14,2023-06-06,112,56.0,56.0,0.0,17016.67,17016.67,60.0,0.3333,0,0.0,0,0.0,0,0.0,0,0.0,1,1021000.0,0.3333
MPLADS-004527,3,2419000.0,806333.33,806300.0,806300.0,806400.0,57.74,2023-08-02,2023-12-19,139,69.5,69.5,0.71,11519.05,11520.0,70.0,0.3334,0,0.0,0,0.0,0,0.0,0,0.0,1,806400.0,0.3334
MPLADS-004528,2,683000.0,341500.0,341500.0,341500.0,341500.0,0.0,2023-08-09,2023-10-07,59,59.0,59.0,0.0,7588.89,7588.89,45.0,0.5,0,0.0,0,0.0,0,0.0,0,0.0,1,341500.0,0.5
MPLADS-004529,2,430000.0,215000.0,215000.0,215000.0,215000.0,0.0,2023-01-05,2023-02-09,35,35.0,35.0,0.0,7166.67,7166.67,30.0,0.5,0,0.0,0,0.0,0,0.0,0,0.0,1,215000.0,0.5
MPLADS-004530,3,3768000.0,1256000.0,1256000.0,1256000.0,1256000.0,0.0,2022-08-01,2023-01-02,154,77.0,77.0,0.0,17942.86,17942.86,70.0,0.3333,0,0.0,0,0.0,0,0.0,0,0.0,1,1256000.0,0.3333
MPLADS-004531,2,424000.0,212000.0,212000.0,212000.0,212000.0,0.0,2023-07-11,2023-08-04,24,24.0,24.0,0.0,7066.67,7066.67,30.0,0.5,0,0.0,0,0.0,0,0.0,0,0.0,1,212000.0,0.5
MPLADS-004532,2,634000.0,317000.0,317000.0,317000.0,317000.0,0.0,2023-02-17,2023-03-30,41,41.0,41.0,0.0,10566.67,10566.67,30.0,0.5,0,0.0,0,0.0,0,0.0,0,0.0,1,317000.0,0.5
MPLADS-004533,3,9567000.0,3189000.0,3189000.0,3189000.0,3189000.0,0.0,2024-02-27,2024-11-24,271,135.5,135.5,0.71,23917.5,23917.5,133.3,0.3333,0,0.0,0,0.0,0,0.0,0,0.0,1,3189000.0,0.3333
MPLADS-004534,2,897000.0,448500.0,448500.0,448500.0,448500.0,0.0,2022-10-09,2022-11-17,39,39.0,39.0,0.0,9966.67,9966.67,45.0,0.5,0,0.0,0,0.0,0,0.0,0,0.0,1,448500.0,0.5
MPLADS-004535,3,2607000.0,869000.0,869000.0,869000.0,869000.0,0.0,2022-08-31,2022-11-11,72,36.0,36.0,0.0,21725.0,21725.0,40.0,0.3333,0,0.0,0,0.0,0,0.0,0,0.0,1,869000.0,0.3333
MPLADS-004536,3,9889000.0,3296333.33,3296300.0,3296300.0,3296400.0,57.74,2023-06-03,2024-02-22,264,132.0,132.0,0.0,24722.5,24723.0,133.3,0.3333,0,0.0,0,0.0,0,0.0,0,0.0,1,3296400.0,0.3333
MPLADS-004537,3,10491000.0,3497000.0,3497000.0,3497000.0,3497000.0,0.0,2023-08-17,2024-05-30,287,143.5,143.5,0.71,26227.5,26227.5,133.3,0.3333,0,0.0,0,0.0,0,0.0,0,0.0,1,3497000.0,0.3333
MPLADS-004538,3,1410000.0,470000.0,470000.0,470000.0,470000.0,0.0,2022-09-20,2023-01-02,104,52.0,52.0,0.0,9400.0,9400.0,50.0,0.3333,0,0.0,0,0.0,0,0.0,0,0.0,1,470000.0,0.3333
MPLADS-004539,3,1378000.0,459333.33,459300.0,459300.0,459400.0,57.74,2023-05-10,2023-08-24,106,53.0,53.0,0.0,9186.67,9188.0,50.0,0.3334,0,0.0,0,0.0,0,0.0,0,0.0,1,459400.0,0.3334
MPLADS-004540,3,1339000.0,446333.33,446300.0,446300.0,446400.0,57.74,2022-04-19,2022-07-22,94,47.0,47.0,0.0,11158.33,11160.0,40.0,0.3334,0,0.0,0,0.0,0,0.0,0,0.0,1,446400.0,0.3334
MPLADS-004541,3,9527000.0,3175666.67,3175700.0,3175600.0,3175700.0,57.74,2022-09-10,2023-05-28,260,130.0,130.0,0.0,23817.5,23817.75,133.3,0.3333,0,0.0,0,0.0,0,0.0,0,0.0,1,3175600.0,0.3333
MPLADS-004542,3,2838000.0,946000.0,946000.0,946000.0,946000.0,0.0,2023-02-09,2023-06-27,138,69.0,69.0,0.0,15766.67,15766.67,60.0,0.3333,0,0.0,0,0.0,0,0.0,0,0.0,1,946000.0,0.3333
MPLADS-004543,3,1087000.0,362333.33,362300.0,362300.0,362400.0,57.74,2022-04-06,2022-07-07,92,46.0,46.0,0.0,7246.67,7248.0,50.0,0.3334,0,0.0,0,0.0,0,0.0,0,0.0,1,362400.0,0.3334
MPLADS-004544,3,2712000.0,904000.0,904000.0,904000.0,904000.0,0.0,2023-01-14,2023-05-05,111,55.5,55.5,0.71,15066.67,15066.67,60.0,0.3333,0,0.0,0,0.0,0,0.0,0,0.0,1,904000.0,0.3333
MPLADS-004545,3,2488000.0,829333.33,829300.0,829300.0,829400.0,57.74,2022-06-11,2022-09-29,110,55.0,55.0,0.0,13822.22,13823.33,60.0,0.3334,0,0.0,0,0.0,0,0.0,0,0.0,1,829400.0,0.3334
MPLADS-004546,3,14964000.0,4988000.0,4988000.0,4988000.0,4988000.0,0.0,2023-09-09,2024-06-19,284,142.0,142.0,0.0,37410.0,37410.0,133.3,0.3333,0,0.0,0,0.0,0,0.0,0,0.0,1,4988000.0,0.3333
MPLADS-004547,3,1737000.0,579000.0,579000.0,579000.0,579000.0,0.0,2023-08-26,2023-11-29,95,47.5,47.5,0.71,14475.0,14475.0,40.0,0.3333,0,0.0,0,0.0,0,0.0,0,0.0,1,579000.0,0.3333
MPLADS-004548,2,702000.0,351000.0,351000.0,351000.0,351000.0,0.0,2023-02-18,2023-04-11,52,52.0,52.0,0.0,7800.0,7800.0,45.0,0.5,0,0.0,0,0.0,2,1.0,0,0.0,1,351000.0,0.5
MPLADS-004549,2,681000.0,340500.0,340500.0,340500.0,340500.0,0.0,2023-09-13,2023-11-12,60,60.0,60.0,0.0,7566.67,7566.67,45.0,0.5,0,0.0,0,0.0,0,0.0,0,0.0,1,340500.0,0.5
MPLADS-004550,3,2758000.0,919333.33,919300.0,919300.0,919400.0,57.74,2024-02-29,2024-07-25,147,73.5,73.5,0.71,13133.34,13134.29,70.0,0.3334,0,0.0,0,0.0,0,0.0,0,0.0,1,919400.0,0.3334
MPLADS-004551,2,950000.0,475000.0,475000.0,475000.0,475000.0,0.0,2024-02-11,2024-08-09,180,180.0,180.0,0.0,10555.56,10555.56,45.0,0.5,0,0.0,0,0.0,0,0.0,0,0.0,1,475000.0,0.5
MPLADS-004552,3,16288000.0,5429333.33,5429300.0,5429300.0,5429400.0,57.74,2024-01-15,2024-10-28,287,143.5,143.5,0.71,40720.0,40720.5,133.3,0.3333,0,0.0,0,0.0,0,0.0,0,0.0,1,5429400.0,0.3333
MPLADS-004553,3,9798000.0,3266000.0,3266000.0,3266000.0,3266000.0,0.0,2022-10-01,2023-06-18,260,130.0,130.0,0.0,24495.0,24495.0,133.3,0.3333,0,0.0,0,0.0,0,0.0,0,0.0,1,3266000.0,0.3333
MPLADS-004554,3,5742000.0,1914000.0,1914000.0,1914000.0,1914000.0,0.0,2023-06-27,2023-10-19,114,57.0,57.0,0.0,38280.0,38280.0,50.0,0.3333,0,0.0,0,0.0,0,0.0,0,0.0,1,1914000.0,0.3333
MPLADS-004555,3,2047000.0,682333.33,682300.0,682300.0,682400.0,57.74,2023-06-16,2023-10-30,136,68.0,68.0,0.0,11372.22,11373.33,60.0,0.3334,0,0.0,0,0.0,0,0.0,0,0.0,1,682400.0,0.3334
MPLADS-004556,3,1905000.0,635000.0,635000.0,635000.0,635000.0,0.0,2022-06-15,2022-10-12,119,59.5,59.5,0.71,10583.33,10583.33,60.0,0.3333,0,0.0,0,0.0,0,0.0,0,0.0,1,635000.0,0.3333
MPLADS-004557,3,1955000.0,651666.67,651700.0,651600.0,651700.0,57.74,2022-09-15,2023-01-31,138,69.0,69.0,0.0,9309.52,9310.0,70.0,0.3334,0,0.0,0,0.0,0,0.0,0,0.0,1,651600.0,0.3333
MPLADS-004558,3,2650000.0,883333.33,883300.0,883300.0,883400.0,57.74,2022-11-21,2023-03-05,104,52.0,52.0,0.0,16562.5,16563.75,53.3,0.3334,0,0.0,0,0.0,0,0.0,0,0.0,1,883400.0,0.3334
MPLADS-004559,3,1689000.0,563000.0,563000.0,563000.0,563000.0,0.0,2023-02-10,2023-05-11,90,45.0,45.0,0.0,11260.0,11260.0,50.0,0.3333,0,0.0,0,0.0,0,0.0,0,0.0,1,563000.0,0.3333
MPLADS-004560,3,10283000.0,3427666.67,3427700.0,3427600.0,3427700.0,57.74,2022-10-16,2023-07-29,286,143.0,143.0,0.0,25707.5,25707.75,133.3,0.3333,0,0.0,0,0.0,0,0.0,0,0.0,1,3427600.0,0.3333
MPLADS-004561,3,1997000.0,665666.67,665700.0,665600.0,665700.0,57.74,2022-12-16,2023-04-10,115,57.5,57.5,0.71,12481.25,12481.88,53.3,0.3334,0,0.0,0,0.0,0,0.0,0,0.0,1,665600.0,0.3333
MPLADS-004562,3,2313000.0,771000.0,771000.0,771000.0,771000.0,0.0,2022-12-10,2023-04-23,134,67.0,67.0,0.0,12850.0,12850.0,60.0,0.3333,0,0.0,0,0.0,0,0.0,0,0.0,1,771000.0,0.3333
MPLADS-004563,2,873000.0,436500.0,436500.0,436500.0,436500.0,0.0,2022-10-03,2022-11-27,55,55.0,55.0,0.0,9700.0,9700.0,45.0,0.5,0,0.0,0,0.0,0,0.0,0,0.0,1,436500.0,0.5
MPLADS-004564,3,8069000.0,2689666.67,2689700.0,2689600.0,2689700.0,57.74,2023-10-07,2024-07-19,286,143.0,143.0,0.0,20172.5,20172.75,133.3,0.3333,0,0.0,0,0.0,0,0.0,0,0.0,1,2689600.0,0.3333
MPLADS-004565,3,2009000.0,669666.67,669700.0,669600.0,669700.0,57.74,2024-01-19,2024-04-23,95,47.5,47.5,0.71,16741.67,16742.5,40.0,0.3333,0,0.0,0,0.0,0,0.0,0,0.0,1,669600.0,0.3333
MPLADS-004566,3,3275000.0,1091666.67,1091700.0,1091600.0,1091700.0,57.74,2023-10-31,2024-03-21,142,71.0,71.0,0.0,15595.24,15595.71,70.0,0.3333,0,0.0,0,0.0,0,0.0,0,0.0,1,1091600.0,0.3333
MPLADS-004567,3,2857000.0,952333.33,952300.0,952300.0,952400.0,57.74,2023-01-12,2023-04-26,104,52.0,52.0,0.0,17856.25,17857.5,53.3,0.3334,0,0.0,0,0.0,0,0.0,0,0.0,1,952400.0,0.3334
MPLADS-004568,3,9767000.0,3255666.67,3255700.0,3255600.0,3255700.0,57.74,2023-08-26,2024-05-25,273,136.5,136.5,0.71,24417.5,24417.75,133.3,0.3333,0,0.0,0,0.0,0,0.0,0,0.0,1,3255600.0,0.3333
MPLADS-004569,2,393000.0,196500.0,196500.0,196500.0,196500.0,0.0,2023-11-24,2024-01-09,46,46.0,46.0,0.0,6550.0,6550.0,30.0,0.5,0,0.0,0,0.0,0,0.0,0,0.0,1,196500.0,0.5
MPLADS-004570,3,1253000.0,417666.67,417700.0,417600.0,417700.0,57.74,2023-05-23,2023-09-19,119,59.5,59.5,0.71,8353.33,8354.0,50.0,0.3334,0,0.0,0,0.0,0,0.0,0,0.0,1,417600.0,0.3333
MPLADS-004571,2,955000.0,477500.0,477500.0,477500.0,477500.0,0.0,2022-08-30,2022-10-10,41,41.0,41.0,0.0,10611.11,10611.11,45.0,0.5,0,0.0,0,0.0,0,0.0,0,0.0,1,477500.0,0.5
MPLADS-004572,2,950000.0,475000.0,475000.0,475000.0,475000.0,0.0,2023-04-22,2023-06-10,49,49.0,49.0,0.0,10555.56,10555.56,45.0,0.5,0,0.0,0,0.0,0,0.0,0,0.0,1,475000.0,0.5
MPLADS-004573,3,1402000.0,467333.33,467300.0,467300.0,467400.0,57.74,2022-09-20,2022-12-28,99,49.5,49.5,0.71,9346.67,9348.0,50.0,0.3334,0,0.0,0,0.0,3,1.0,0,0.0,1,467400.0,0.3334
MPLADS-004574,2,380000.0,190000.0,190000.0,190000.0,190000.0,0.0,2022-05-29,2022-07-15,47,47.0,47.0,0.0,6333.33,6333.33,30.0,0.5,0,0.0,0,0.0,0,0.0,0,0.0,1,190000.0,0.5
MPLADS-004575,3,13255000.0,4418333.33,4418300.0,4418300.0,4418400.0,57.74,2023-07-03,2024-03-25,266,133.0,133.0,0.0,33137.5,33138.0,133.3,0.3333,0,0.0,1,0.3333,0,0.0,0,0.0,1,4418400.0,0.3333
MPLADS-004576,2,757000.0,378500.0,378500.0,378500.0,378500.0,0.0,2022-10-30,2022-12-29,60,60.0,60.0,0.0,8411.11,8411.11,45.0,0.5,0,0.0,0,0.0,0,0.0,0,0.0,1,378500.0,0.5
MPLADS-004577,3,1195000.0,398333.33,398300.0,398300.0,398400.0,57.74,2022-10-06,2023-01-26,112,56.0,56.0,0.0,7966.67,7968.0,50.0,0.3334,0,0.0,0,0.0,0,0.0,0,0.0,1,398400.0,0.3334
MPLADS-004578,3,1495000.0,498333.33,498300.0,498300.0,498400.0,57.74,2022-06-22,2022-10-25,125,62.5,62.5,0.71,9343.75,9345.0,53.3,0.3334,0,0.0,0,0.0,0,0.0,0,0.0,1,498400.0,0.3334
MPLADS-004579,3,1635000.0,545000.0,545000.0,545000.0,545000.0,0.0,2023-06-25,2023-10-13,110,55.0,55.0,0.0,10218.75,10218.75,53.3,0.3333,0,0.0,0,0.0,0,0.0,0,0.0,1,545000.0,0.3333
MPLADS-004580,3,4012000.0,1337333.33,1337300.0,1337300.0,1337400.0,57.74,2023-12-13,2024-04-21,130,65.0,65.0,0.0,25075.0,25076.25,53.3,0.3333,0,0.0,0,0.0,0,0.0,0,0.0,1,1337400.0,0.3333
MPLADS-004581,3,62474000.0,20824666.67,20824700.0,20824600.0,20824700.0,57.74,2024-03-18,2024-12-25,282,141.0,141.0,0.0,156185.0,156185.25,133.3,0.3333,0,0.0,0,0.0,0,0.0,0,0.0,1,20824600.0,0.3333
MPLADS-004582,3,1319000.0,439666.67,439700.0,439600.0,439700.0,57.74,2023-04-30,2023-12-26,240,120.0,120.0,0.0,10991.67,10992.5,40.0,0.3334,0,0.0,0,0.0,0,0.0,0,0.0,1,439600.0,0.3333
MPLADS-004583,2,614000.0,307000.0,307000.0,307000.0,307000.0,0.0,2022-06-16,2022-08-01,46,46.0,46.0,0.0,6822.22,6822.22,45.0,0.5,0,0.0,0,0.0,0,0.0,0,0.0,1,307000.0,0.5
MPLADS-004584,3,1553000.0,517666.67,517700.0,517600.0,517700.0,57.74,2022-07-18,2022-11-13,118,59.0,59.0,0.0,9706.25,9706.88,53.3,0.3334,0,0.0,0,0.0,0,0.0,0,0.0,1,517600.0,0.3333
MPLADS-004585,2,498000.0,249000.0,249000.0,249000.0,249000.0,0.0,2023-02-14,2023-03-31,45,45.0,45.0,0.0,5533.33,5533.33,45.0,0.5,0,0.0,0,0.0,2,1.0,0,0.0,1,249000.0,0.5
MPLADS-004586,3,9527000.0,3175666.67,3175700.0,3175600.0,3175700.0,57.74,2023-03-12,2023-12-18,281,140.5,140.5,0.71,23817.5,23817.75,133.3,0.3333,0,0.0,0,0.0,0,0.0,0,0.0,1,3175600.0,0.3333
MPLADS-004587,3,1238000.0,412666.67,412700.0,412600.0,412700.0,57.74,2022-07-21,2022-11-20,122,61.0,61.0,0.0,8253.33,8254.0,50.0,0.3334,0,0.0,0,0.0,0,0.0,0,0.0,1,412600.0,0.3333
MPLADS-004588,3,2091000.0,697000.0,697000.0,697000.0,697000.0,0.0,2023-03-24,2023-07-08,106,53.0,53.0,0.0,13068.75,13068.75,53.3,0.3333,0,0.0,0,0.0,0,0.0,0,0.0,1,697000.0,0.3333
MPLADS-004589,2,485000.0,242500.0,242500.0,242500.0,242500.0,0.0,2023-09-26,2023-11-04,39,39.0,39.0,0.0,8083.33,8083.33,30.0,0.5,0,0.0,0,0.0,0,0.0,0,0.0,1,242500.0,0.5
MPLADS-004590,2,630000.0,315000.0,315000.0,315000.0,315000.0,0.0,2022-07-21,2022-08-14,24,24.0,24.0,0.0,10500.0,10500.0,30.0,0.5,0,0.0,0,0.0,0,0.0,0,0.0,1,315000.0,0.5
MPLADS-004591,3,8711000.0,2903666.67,2903700.0,2903600.0,2903700.0,57.74,2023-02-20,2023-12-06,289,144.5,144.5,0.71,21777.5,21777.75,133.3,0.3333,0,0.0,0,0.0,0,0.0,0,0.0,1,2903600.0,0.3333
MPLADS-004592,3,2615000.0,871666.67,871700.0,871600.0,871700.0,57.74,2023-01-28,2023-05-25,117,58.5,58.5,0.71,14527.78,14528.33,60.0,0.3333,0,0.0,0,0.0,0,0.0,0,0.0,1,871600.0,0.3333
MPLADS-004593,2,551000.0,275500.0,275500.0,275500.0,275500.0,0.0,2022-12-10,2023-02-05,57,57.0,57.0,0.0,6122.22,6122.22,45.0,0.5,0,0.0,0,0.0,2,1.0,0,0.0,1,275500.0,0.5
MPLADS-004594,2,747000.0,373500.0,373500.0,373500.0,373500.0,0.0,2022-06-04,2022-08-04,61,61.0,61.0,0.0,8300.0,8300.0,45.0,0.5,0,0.0,0,0.0,0,0.0,0,0.0,1,373500.0,0.5
MPLADS-004595,3,1344000.0,448000.0,448000.0,448000.0,448000.0,0.0,2023-04-12,2023-07-29,108,54.0,54.0,0.0,8960.0,8960.0,50.0,0.3333,0,0.0,0,0.0,0,0.0,0,0.0,1,448000.0,0.3333
MPLADS-004596,3,3464000.0,1154666.67,1154700.0,1154600.0,1154700.0,57.74,2023-12-02,2024-05-10,160,80.0,80.0,0.0,16495.24,16495.71,70.0,0.3333,0,0.0,0,0.0,0,0.0,0,0.0,1,1154600.0,0.3333
MPLADS-004597,3,1814000.0,604666.67,604700.0,604600.0,604700.0,57.74,2023-08-08,2023-12-23,137,68.5,68.5,0.71,10077.78,10078.33,60.0,0.3334,0,0.0,0,0.0,0,0.0,0,0.0,1,604600.0,0.3333
MPLADS-004598,3,2874000.0,958000.0,958000.0,958000.0,958000.0,0.0,2024-01-09,2024-04-30,112,56.0,56.0,0.0,17962.5,17962.5,53.3,0.3333,0,0.0,0,0.0,0,0.0,0,0.0,1,958000.0,0.3333
MPLADS-004599,3,15723000.0,5241000.0,5241000.0,5241000.0,5241000.0,0.0,2023-10-03,2024-07-16,287,143.5,143.5,0.71,39307.5,39307.5,133.3,0.3333,0,0.0,0,0.0,0,0.0,0,0.0,1,5241000.0,0.3333
MPLADS-004600,3,2665000.0,888333.33,888300.0,888300.0,888400.0,57.74,2022-10-30,2023-02-27,120,60.0,60.0,0.0,14805.56,14806.67,60.0,0.3334,0,0.0,0,0.0,0,0.0,0,0.0,1,888400.0,0.3334
MPLADS-004601,3,3420000.0,1140000.0,1140000.0,1140000.0,1140000.0,0.0,2022-10-12,2023-03-24,163,81.5,81.5,0.71,16285.71,16285.71,70.0,0.3333,0,0.0,0,0.0,0,0.0,0,0.0,1,1140000.0,0.3333
MPLADS-004602,2,488000.0,244000.0,244000.0,244000.0,244000.0,0.0,2022-11-08,2022-12-23,45,45.0,45.0,0.0,8133.33,8133.33,30.0,0.5,0,0.0,0,0.0,0,0.0,0,0.0,1,244000.0,0.5
MPLADS-004603,3,2253000.0,751000.0,751000.0,751000.0,751000.0,0.0,2023-12-25,2024-04-13,110,55.0,55.0,0.0,14081.25,14081.25,53.3,0.3333,0,0.0,0,0.0,0,0.0,0,0.0,1,751000.0,0.3333
MPLADS-004604,3,2905000.0,968333.33,968300.0,968300.0,968400.0,57.74,2022-04-16,2022-09-05,142,71.0,71.0,0.0,13833.34,13834.29,70.0,0.3334,0,0.0,0,0.0,0,0.0,0,0.0,1,968400.0,0.3334
MPLADS-004605,2,639000.0,319500.0,319500.0,319500.0,319500.0,0.0,2023-05-14,2023-06-17,34,34.0,34.0,0.0,10650.0,10650.0,30.0,0.5,0,0.0,0,0.0,0,0.0,0,0.0,1,319500.0,0.5
MPLADS-004606,3,17072000.0,5690666.67,5690700.0,5690600.0,5690700.0,57.74,2023-02-15,2023-11-22,280,140.0,140.0,0.0,42680.0,42680.25,133.3,0.3333,0,0.0,0,0.0,0,0.0,0,0.0,1,5690600.0,0.3333
MPLADS-004607,3,1464000.0,488000.0,488000.0,488000.0,488000.0,0.0,2022-10-06,2023-01-20,106,53.0,53.0,0.0,9760.0,9760.0,50.0,0.3333,0,0.0,0,0.0,0,0.0,0,0.0,1,488000.0,0.3333
MPLADS-004608,3,2784000.0,928000.0,928000.0,928000.0,928000.0,0.0,2022-08-11,2022-12-17,128,64.0,64.0,0.0,17400.0,17400.0,53.3,0.3333,0,0.0,0,0.0,0,0.0,0,0.0,1,928000.0,0.3333
MPLADS-004609,2,430000.0,215000.0,215000.0,215000.0,215000.0,0.0,2023-03-18,2023-04-11,24,24.0,24.0,0.0,7166.67,7166.67,30.0,0.5,0,0.0,0,0.0,0,0.0,0,0.0,1,215000.0,0.5
MPLADS-004610,2,911000.0,455500.0,455500.0,455500.0,455500.0,0.0,2023-11-03,2023-12-27,54,54.0,54.0,0.0,10122.22,10122.22,45.0,0.5,0,0.0,0,0.0,0,0.0,0,0.0,1,455500.0,0.5
MPLADS-004611,3,1378000.0,459333.33,459300.0,459300.0,459400.0,57.74,2023-02-27,2023-06-29,122,61.0,61.0,0.0,9186.67,9188.0,50.0,0.3334,0,0.0,0,0.0,0,0.0,0,0.0,1,459400.0,0.3334
MPLADS-004612,3,3718000.0,1239333.33,1239300.0,1239300.0,1239400.0,57.74,2023-12-18,2024-04-27,131,65.5,65.5,0.71,17704.76,17705.71,70.0,0.3334,0,0.0,0,0.0,0,0.0,0,0.0,1,1239400.0,0.3334
MPLADS-004613,3,1808000.0,602666.67,602700.0,602600.0,602700.0,57.74,2023-08-04,2023-11-29,117,58.5,58.5,0.71,11300.0,11300.62,53.3,0.3334,0,0.0,0,0.0,0,0.0,0,0.0,1,602600.0,0.3333
MPLADS-004614,2,547000.0,273500.0,273500.0,273500.0,273500.0,0.0,2023-12-30,2024-02-28,60,60.0,60.0,0.0,6077.78,6077.78,45.0,0.5,0,0.0,0,0.0,2,1.0,0,0.0,1,273500.0,0.5
MPLADS-004615,3,1648000.0,549333.33,549300.0,549300.0,549400.0,57.74,2022-08-24,2022-11-20,88,44.0,44.0,0.0,13733.33,13735.0,40.0,0.3334,0,0.0,0,0.0,0,0.0,0,0.0,1,549400.0,0.3334
MPLADS-004616,3,24653000.0,8217666.67,8217700.0,8217600.0,8217700.0,57.74,2023-11-30,2024-08-25,269,134.5,134.5,0.71,61632.5,61632.75,133.3,0.3333,0,0.0,0,0.0,0,0.0,0,0.0,1,8217600.0,0.3333
MPLADS-004617,3,2242000.0,747333.33,747300.0,747300.0,747400.0,57.74,2022-12-07,2023-01-22,46,23.0,23.0,0.0,37366.67,37370.0,20.0,0.3334,0,0.0,0,0.0,0,0.0,0,0.0,1,747400.0,0.3334
MPLADS-004618,3,4320000.0,1440000.0,1440000.0,1440000.0,1440000.0,0.0,2023-08-19,2023-12-30,133,66.5,66.5,0.71,20571.43,20571.43,70.0,0.3333,0,0.0,0,0.0,0,0.0,0,0.0,1,1440000.0,0.3333
MPLADS-004619,2,983000.0,491500.0,491500.0,491500.0,491500.0,0.0,2022-12-26,2023-02-04,40,40.0,40.0,0.0,10922.22,10922.22,45.0,0.5,0,0.0,0,0.0,0,0.0,0,0.0,1,491500.0,0.5
MPLADS-004620,2,521000.0,260500.0,260500.0,260500.0,260500.0,0.0,2022-09-06,2022-10-22,46,46.0,46.0,0.0,5788.89,5788.89,45.0,0.5,0,0.0,0,0.0,0,0.0,0,0.0,1,260500.0,0.5
MPLADS-004621,2,805000.0,402500.0,402500.0,402500.0,402500.0,0.0,2022-07-19,2022-12-01,135,135.0,135.0,0.0,8944.44,8944.44,45.0,0.5,0,0.0,0,0.0,0,0.0,0,0.0,1,402500.0,0.5
MPLADS-004622,3,1395000.0,465000.0,465000.0,465000.0,465000.0,0.0,2023-10-26,2024-02-05,102,51.0,51.0,0.0,9300.0,9300.0,50.0,0.3333,0,0.0,0,0.0,3,1.0,0,0.0,1,465000.0,0.3333
MPLADS-004623,3,2098000.0,699333.33,699300.0,699300.0,699400.0,57.74,2023-07-31,2023-11-25,117,58.5,58.5,0.71,13112.5,13113.75,53.3,0.3334,0,0.0,0,0.0,3,1.0,0,0.0,1,699400.0,0.3334
MPLADS-004624,2,869000.0,434500.0,434500.0,434500.0,434500.0,0.0,2022-09-26,2022-11-04,39,39.0,39.0,0.0,9655.56,9655.56,45.0,0.5,0,0.0,0,0.0,2,1.0,0,0.0,1,434500.0,0.5
MPLADS-004625,2,653000.0,326500.0,326500.0,326500.0,326500.0,0.0,2024-02-21,2024-03-30,38,38.0,38.0,0.0,7255.56,7255.56,45.0,0.5,0,0.0,0,0.0,0,0.0,0,0.0,1,326500.0,0.5
MPLADS-004626,3,2392000.0,797333.33,797300.0,797300.0,797400.0,57.74,2023-02-24,2023-05-29,94,47.0,47.0,0.0,19933.33,19935.0,40.0,0.3334,0,0.0,0,0.0,0,0.0,0,0.0,1,797400.0,0.3334
MPLADS-004627,3,2773000.0,924333.33,924300.0,924300.0,924400.0,57.74,2024-01-16,2024-05-17,122,61.0,61.0,0.0,15405.56,15406.67,60.0,0.3334,0,0.0,0,0.0,0,0.0,0,0.0,1,924400.0,0.3334
MPLADS-004628,3,1745000.0,581666.67,581700.0,581600.0,581700.0,57.74,2023-12-08,2024-04-10,124,62.0,62.0,0.0,10906.25,10906.88,53.3,0.3334,0,0.0,0,0.0,0,0.0,0,0.0,1,581600.0,0.3333
MPLADS-004629,3,2364000.0,788000.0,788000.0,788000.0,788000.0,0.0,2023-09-08,2024-01-03,117,58.5,58.5,0.71,13133.33,13133.33,60.0,0.3333,0,0.0,0,0.0,0,0.0,0,0.0,1,788000.0,0.3333
MPLADS-004630,3,16403000.0,5467666.67,5467700.0,5467600.0,5467700.0,57.74,2022-12-09,2023-09-02,267,133.5,133.5,0.71,41007.5,41007.75,133.3,0.3333,0,0.0,0,0.0,0,0.0,0,0.0,1,5467600.0,0.3333
MPLADS-004631,2,499000.0,249500.0,249500.0,249500.0,249500.0,0.0,2022-03-27,2022-05-01,35,35.0,35.0,0.0,8316.67,8316.67,30.0,0.5,0,0.0,1,0.5,0,0.0,0,0.0,1,249500.0,0.5
MPLADS-004632,2,419000.0,209500.0,209500.0,209500.0,209500.0,0.0,2022-07-02,2022-07-25,23,23.0,23.0,0.0,6983.33,6983.33,30.0,0.5,0,0.0,0,0.0,0,0.0,0,0.0,1,209500.0,0.5
MPLADS-004633,3,1027000.0,342333.33,342300.0,342300.0,342400.0,57.74,2023-05-24,2023-08-03,71,35.5,35.5,0.71,11411.11,11413.33,30.0,0.3334,0,0.0,0,0.0,0,0.0,0,0.0,1,342400.0,0.3334
MPLADS-004634,3,1969000.0,656333.33,656300.0,656300.0,656400.0,57.74,2023-11-09,2024-09-24,320,160.0,160.0,0.0,12306.25,12307.5,53.3,0.3334,0,0.0,0,0.0,0,0.0,0,0.0,1,656400.0,0.3334
MPLADS-004635,2,565000.0,282500.0,282500.0,282500.0,282500.0,0.0,2022-08-10,2022-09-19,40,40.0,40.0,0.0,9416.67,9416.67,30.0,0.5,0,0.0,0,0.0,0,0.0,0,0.0,1,282500.0,0.5
MPLADS-004636,3,9894000.0,3298000.0,3298000.0,3298000.0,3298000.0,0.0,2022-12-10,2023-09-01,265,132.5,132.5,0.71,24735.0,24735.0,133.3,0.3333,0,0.0,0,0.0,0,0.0,0,0.0,1,3298000.0,0.3333
MPLADS-004637,2,631000.0,315500.0,315500.0,315500.0,315500.0,0.0,2022-04-21,2022-05-24,33,33.0,33.0,0.0,10516.67,10516.67,30.0,0.5,0,0.0,0,0.0,0,0.0,0,0.0,1,315500.0,0.5
MPLADS-004638,3,3298000.0,1099333.33,1099300.0,1099300.0,1099400.0,57.74,2023-07-08,2023-10-30,114,57.0,57.0,0.0,18322.22,18323.33,60.0,0.3334,0,0.0,0,0.0,0,0.0,0,0.0,1,1099400.0,0.3334
MPLADS-004639,2,509000.0,254500.0,254500.0,254500.0,254500.0,0.0,2023-11-17,2023-12-11,24,24.0,24.0,0.0,8483.33,8483.33,30.0,0.5,0,0.0,0,0.0,0,0.0,0,0.0,1,254500.0,0.5
MPLADS-004640,3,16130000.0,5376666.67,5376700.0,5376600.0,5376700.0,57.74,2022-07-01,2023-03-18,260,130.0,130.0,0.0,40325.0,40325.25,133.3,0.3333,0,0.0,0,0.0,0,0.0,0,0.0,1,5376600.0,0.3333
MPLADS-004641,3,2440000.0,813333.33,813300.0,813300.0,813400.0,57.74,2022-10-28,2023-04-02,156,78.0,78.0,0.0,11619.05,11620.0,70.0,0.3334,0,0.0,0,0.0,0,0.0,0,0.0,1,813400.0,0.3334
MPLADS-004642,3,2050000.0,683333.33,683300.0,683300.0,683400.0,57.74,2023-07-28,2023-10-30,94,47.0,47.0,0.0,17083.33,17085.0,40.0,0.3334,0,0.0,0,0.0,0,0.0,0,0.0,1,683400.0,0.3334
MPLADS-004643,2,371000.0,185500.0,185500.0,185500.0,185500.0,0.0,2022-09-04,2023-01-02,120,120.0,120.0,0.0,6183.33,6183.33,30.0,0.5,0,0.0,0,0.0,0,0.0,0,0.0,1,185500.0,0.5
MPLADS-004644,2,910000.0,455000.0,455000.0,455000.0,455000.0,0.0,2022-05-26,2022-07-16,51,51.0,51.0,0.0,10111.11,10111.11,45.0,0.5,0,0.0,0,0.0,0,0.0,0,0.0,1,455000.0,0.5
MPLADS-004645,2,658000.0,329000.0,329000.0,329000.0,329000.0,0.0,2023-10-04,2023-11-11,38,38.0,38.0,0.0,10966.67,10966.67,30.0,0.5,0,0.0,0,0.0,0,0.0,0,0.0,1,329000.0,0.5
MPLADS-004646,3,9948000.0,3316000.0,3316000.0,3316000.0,3316000.0,0.0,2024-04-10,2025-01-23,288,144.0,144.0,0.0,24870.0,24870.0,133.3,0.3333,0,0.0,0,0.0,0,0.0,0,0.0,1,3316000.0,0.3333
MPLADS-004647,3,2837000.0,945666.67,945700.0,945600.0,945700.0,57.74,2022-09-21,2023-02-10,142,71.0,71.0,0.0,15761.11,15761.67,60.0,0.3333,0,0.0,0,0.0,0,0.0,0,0.0,1,945600.0,0.3333
MPLADS-004648,3,11681000.0,3893666.67,3893700.0,3893600.0,3893700.0,57.74,2023-11-20,2024-08-17,271,135.5,135.5,0.71,29202.5,29202.75,133.3,0.3333,0,0.0,0,0.0,0,0.0,0,0.0,1,3893600.0,0.3333
MPLADS-004649,3,2507000.0,835666.67,835700.0,835600.0,835700.0,57.74,2023-04-20,2023-08-12,114,57.0,57.0,0.0,15668.75,15669.38,53.3,0.3333,0,0.0,0,0.0,0,0.0,0,0.0,1,835600.0,0.3333
MPLADS-004650,3,2000000.0,666666.67,666700.0,666600.0,666700.0,57.74,2022-12-17,2023-03-23,96,48.0,48.0,0.0,16666.67,16667.5,40.0,0.3333,0,0.0,0,0.0,0,0.0,0,0.0,1,666600.0,0.3333
MPLADS-004651,2,607000.0,303500.0,303500.0,303500.0,303500.0,0.0,2022-05-28,2022-07-05,38,38.0,38.0,0.0,10116.67,10116.67,30.0,0.5,0,0.0,0,0.0,0,0.0,0,0.0,1,303500.0,0.5
MPLADS-004652,2,397000.0,198500.0,198500.0,198500.0,198500.0,0.0,2023-02-06,2023-03-02,24,24.0,24.0,0.0,6616.67,6616.67,30.0,0.5,0,0.0,0,0.0,0,0.0,0,0.0,1,198500.0,0.5
MPLADS-004653,3,2436000.0,812000.0,812000.0,812000.0,812000.0,0.0,2023-03-14,2023-07-28,136,68.0,68.0,0.0,11600.0,11600.0,70.0,0.3333,0,0.0,0,0.0,3,1.0,0,0.0,1,812000.0,0.3333
MPLADS-004654,3,1688000.0,562666.67,562700.0,562600.0,562700.0,57.74,2022-11-26,2023-02-07,73,36.5,36.5,0.71,14066.67,14067.5,40.0,0.3334,0,0.0,0,0.0,0,0.0,0,0.0,1,562600.0,0.3333
MPLADS-004655,2,724000.0,362000.0,362000.0,362000.0,362000.0,0.0,2023-02-22,2023-04-06,43,43.0,43.0,0.0,8044.44,8044.44,45.0,0.5,0,0.0,0,0.0,0,0.0,0,0.0,1,362000.0,0.5
MPLADS-004656,3,1871000.0,623666.67,623700.0,623600.0,623700.0,57.74,2022-09-15,2022-12-06,82,41.0,41.0,0.0,15591.67,15592.5,40.0,0.3334,0,0.0,0,0.0,0,0.0,0,0.0,1,623600.0,0.3333
MPLADS-004657,3,3347000.0,1115666.67,1115700.0,1115600.0,1115700.0,57.74,2022-10-05,2023-01-31,118,59.0,59.0,0.0,18594.44,18595.0,60.0,0.3333,0,0.0,0,0.0,0,0.0,0,0.0,1,1115600.0,0.3333
MPLADS-004658,3,2681000.0,893666.67,893700.0,893600.0,893700.0,57.74,2023-01-14,2023-05-28,134,67.0,67.0,0.0,12766.66,12767.14,70.0,0.3333,0,0.0,0,0.0,0,0.0,0,0.0,1,893600.0,0.3333
MPLADS-004659,3,1716000.0,572000.0,572000.0,572000.0,572000.0,0.0,2023-06-16,2023-10-05,111,55.5,55.5,0.71,9533.33,9533.33,60.0,0.3333,0,0.0,0,0.0,0,0.0,0,0.0,1,572000.0,0.3333
MPLADS-004660,3,12706000.0,4235333.33,4235300.0,4235300.0,4235400.0,57.74,2023-09-04,2024-05-20,259,129.5,129.5,0.71,31765.0,31765.5,133.3,0.3333,0,0.0,0,0.0,0,0.0,0,0.0,1,4235400.0,0.3333
MPLADS-004661,3,2095000.0,698333.33,698300.0,698300.0,698400.0,57.74,2024-02-10,2024-07-19,160,80.0,80.0,0.0,9976.19,9977.14,70.0,0.3334,0,0.0,0,0.0,0,0.0,0,0.0,1,698400.0,0.3334
MPLADS-004662,3,2554000.0,851333.33,851300.0,851300.0,851400.0,57.74,2022-12-25,2023-05-04,130,65.0,65.0,0.0,14188.89,14190.0,60.0,0.3334,0,0.0,0,0.0,0,0.0,0,0.0,1,851400.0,0.3334
MPLADS-004663,2,581000.0,290500.0,290500.0,290500.0,290500.0,0.0,2022-12-14,2023-01-29,46,46.0,46.0,0.0,9683.33,9683.33,30.0,0.5,0,0.0,0,0.0,0,0.0,0,0.0,1,290500.0,0.5
MPLADS-004664,3,3587000.0,1195666.67,1195700.0,1195600.0,1195700.0,57.74,2022-09-30,2022-11-27,58,29.0,29.0,0.0,39855.56,39856.67,30.0,0.3333,0,0.0,0,0.0,0,0.0,0,0.0,1,1195600.0,0.3333
MPLADS-004665,3,12886000.0,4295333.33,4295300.0,4295300.0,4295400.0,57.74,2023-12-17,2024-09-25,283,141.5,141.5,0.71,32215.0,32215.5,133.3,0.3333,0,0.0,0,0.0,0,0.0,0,0.0,1,4295400.0,0.3333
MPLADS-004666,3,2644000.0,881333.33,881300.0,881300.0,881400.0,57.74,2023-04-22,2023-09-02,133,66.5,66.5,0.71,12590.48,12591.43,70.0,0.3334,0,0.0,0,0.0,0,0.0,0,0.0,1,881400.0,0.3334
MPLADS-004667,2,388000.0,194000.0,194000.0,194000.0,194000.0,0.0,2023-10-25,2023-12-10,46,46.0,46.0,0.0,6466.67,6466.67,30.0,0.5,0,0.0,0,0.0,0,0.0,0,0.0,1,194000.0,0.5
MPLADS-004668,3,1847000.0,615666.67,615700.0,615600.0,615700.0,57.74,2023-05-11,2023-08-26,107,53.5,53.5,0.71,12313.33,12314.0,50.0,0.3334,0,0.0,0,0.0,0,0.0,0,0.0,1,615600.0,0.3333
MPLADS-004669,3,12883000.0,4294333.33,4294300.0,4294300.0,4294400.0,57.74,2023-09-30,2024-06-24,268,134.0,134.0,0.0,32207.5,32208.0,133.3,0.3333,0,0.0,0,0.0,0,0.0,0,0.0,1,4294400.0,0.3333
MPLADS-004670,3,11812000.0,3937333.33,3937300.0,3937300.0,3937400.0,57.74,2023-12-01,2024-09-16,290,145.0,145.0,0.0,29530.0,29530.5,133.3,0.3333,0,0.0,0,0.0,0,0.0,0,0.0,1,3937400.0,0.3333
MPLADS-004671,3,3436000.0,1145333.33,1145300.0,1145300.0,1145400.0,57.74,2022-07-18,2022-11-03,108,54.0,54.0,0.0,21475.0,21476.25,53.3,0.3334,0,0.0,0,0.0,0,0.0,0,0.0,1,1145400.0,0.3334
MPLADS-004672,3,2433000.0,811000.0,811000.0,811000.0,811000.0,0.0,2022-11-22,2023-04-09,138,69.0,69.0,0.0,11585.71,11585.71,70.0,0.3333,0,0.0,0,0.0,0,0.0,0,0.0,1,811000.0,0.3333
MPLADS-004673,3,14627000.0,4875666.67,4875700.0,4875600.0,4875700.0,57.74,2023-11-03,2026-10-05,1067,533.5,533.5,0.71,36567.5,36567.75,133.3,0.3333,0,0.0,0,0.0,0,0.0,0,0.0,1,4875600.0,0.3333
MPLADS-004674,3,1890000.0,630000.0,630000.0,630000.0,630000.0,0.0,2023-02-08,2023-05-11,92,46.0,46.0,0.0,15750.0,15750.0,40.0,0.3333,0,0.0,0,0.0,0,0.0,0,0.0,1,630000.0,0.3333
MPLADS-004675,2,551000.0,275500.0,275500.0,275500.0,275500.0,0.0,2024-01-15,2024-02-10,26,26.0,26.0,0.0,9183.33,9183.33,30.0,0.5,0,0.0,0,0.0,0,0.0,0,0.0,1,275500.0,0.5
MPLADS-004676,3,3143000.0,1047666.67,1047700.0,1047600.0,1047700.0,57.74,2023-06-18,2023-10-20,124,62.0,62.0,0.0,17461.11,17461.67,60.0,0.3333,0,0.0,0,0.0,0,0.0,0,0.0,1,1047600.0,0.3333
MPLADS-004677,3,2302000.0,767333.33,767300.0,767300.0,767400.0,57.74,2022-12-26,2023-04-19,114,57.0,57.0,0.0,12788.89,12790.0,60.0,0.3334,0,0.0,0,0.0,3,1.0,0,0.0,1,767400.0,0.3334
MPLADS-004678,2,977000.0,488500.0,488500.0,488500.0,488500.0,0.0,2023-12-31,2024-03-14,74,74.0,74.0,0.0,6513.33,6513.33,75.0,0.5,0,0.0,1,0.5,0,0.0,0,0.0,1,488500.0,0.5
MPLADS-004679,3,1357000.0,452333.33,452300.0,452300.0,452400.0,57.74,2022-08-28,2022-12-02,96,48.0,48.0,0.0,11308.33,11310.0,40.0,0.3334,0,0.0,0,0.0,0,0.0,0,0.0,1,452400.0,0.3334
MPLADS-004680,3,1803000.0,601000.0,601000.0,601000.0,601000.0,0.0,2024-02-07,2024-06-25,139,69.5,69.5,0.71,10016.67,10016.67,60.0,0.3333,0,0.0,0,0.0,0,0.0,0,0.0,1,601000.0,0.3333
MPLADS-004681,2,612000.0,306000.0,306000.0,306000.0,306000.0,0.0,2022-08-19,2022-09-15,27,27.0,27.0,0.0,10200.0,10200.0,30.0,0.5,0,0.0,0,0.0,0,0.0,0,0.0,1,306000.0,0.5
MPLADS-004682,3,1800000.0,600000.0,600000.0,600000.0,600000.0,0.0,2023-06-20,2023-08-29,70,35.0,35.0,0.0,15000.0,15000.0,40.0,0.3333,0,0.0,0,0.0,0,0.0,3,1.0,1,600000.0,0.3333
MPLADS-004683,3,3237000.0,1079000.0,1079000.0,1079000.0,1079000.0,0.0,2022-07-03,2022-11-28,148,74.0,74.0,0.0,15414.29,15414.29,70.0,0.3333,0,0.0,0,0.0,0,0.0,0,0.0,1,1079000.0,0.3333
MPLADS-004684,3,2846000.0,948666.67,948700.0,948600.0,948700.0,57.74,2022-05-08,2022-08-10,94,47.0,47.0,0.0,18973.33,18974.0,50.0,0.3333,0,0.0,0,0.0,0,0.0,0,0.0,1,948600.0,0.3333
MPLADS-004685,3,11808000.0,3936000.0,3936000.0,3936000.0,3936000.0,0.0,2023-06-06,2024-03-08,276,138.0,138.0,0.0,29520.0,29520.0,133.3,0.3333,0,0.0,0,0.0,0,0.0,0,0.0,1,3936000.0,0.3333
MPLADS-004686,3,8986000.0,2995333.33,2995300.0,2995300.0,2995400.0,57.74,2023-08-04,2024-05-04,274,137.0,137.0,0.0,22465.0,22465.5,133.3,0.3333,0,0.0,0,0.0,0,0.0,0,0.0,1,2995400.0,0.3333
MPLADS-004687,2,276000.0,138000.0,138000.0,138000.0,138000.0,0.0,2022-12-29,2023-02-10,43,43.0,43.0,0.0,3066.67,3066.67,45.0,0.5,0,0.0,0,0.0,0,0.0,0,0.0,1,138000.0,0.5
MPLADS-004688,3,2078000.0,692666.67,692700.0,692600.0,692700.0,57.74,2023-08-24,2023-11-09,77,38.5,38.5,0.71,17316.67,17317.5,40.0,0.3333,0,0.0,0,0.0,0,0.0,0,0.0,1,692600.0,0.3333
MPLADS-004689,3,2486000.0,828666.67,828700.0,828600.0,828700.0,57.74,2023-03-19,2023-07-29,132,66.0,66.0,0.0,13811.11,13811.67,60.0,0.3333,0,0.0,0,0.0,3,1.0,0,0.0,1,828600.0,0.3333
MPLADS-004690,3,2164000.0,721333.33,721300.0,721300.0,721400.0,57.74,2024-01-29,2024-05-08,100,50.0,50.0,0.0,13525.0,13526.25,53.3,0.3334,0,0.0,1,0.3333,0,0.0,0,0.0,1,721400.0,0.3334
MPLADS-004691,3,3989000.0,1329666.67,1329700.0,1329600.0,1329700.0,57.74,2023-08-20,2024-01-13,146,73.0,73.0,0.0,18995.24,18995.71,70.0,0.3333,0,0.0,0,0.0,0,0.0,0,0.0,1,1329600.0,0.3333
MPLADS-004692,3,2725000.0,908333.33,908300.0,908300.0,908400.0,57.74,2023-07-10,2023-11-26,139,69.5,69.5,0.71,15138.89,15140.0,60.0,0.3334,0,0.0,0,0.0,0,0.0,0,0.0,1,908400.0,0.3334
MPLADS-004693,3,13064000.0,4354666.67,4354700.0,4354600.0,4354700.0,57.74,2023-02-26,2023-11-27,274,137.0,137.0,0.0,32660.0,32660.25,133.3,0.3333,0,0.0,0,0.0,0,0.0,0,0.0,1,4354600.0,0.3333
MPLADS-004694,3,1840000.0,613333.33,613300.0,613300.0,613400.0,57.74,2023-09-14,2024-02-02,141,70.5,70.5,0.71,10222.22,10223.33,60.0,0.3334,0,0.0,0,0.0,0,0.0,0,0.0,1,613400.0,0.3334
MPLADS-004695,3,3184000.0,1061333.33,1061300.0,1061300.0,1061400.0,57.74,2022-12-31,2023-06-11,162,81.0,81.0,0.0,15161.91,15162.86,70.0,0.3334,0,0.0,0,0.0,0,0.0,0,0.0,1,1061400.0,0.3334
MPLADS-004696,2,492000.0,246000.0,246000.0,246000.0,246000.0,0.0,2023-05-06,2023-06-16,41,41.0,41.0,0.0,5466.67,5466.67,45.0,0.5,0,0.0,0,0.0,0,0.0,0,0.0,1,246000.0,0.5
MPLADS-004697,3,1943000.0,647666.67,647700.0,647600.0,647700.0,57.74,2023-05-08,2023-08-27,111,55.5,55.5,0.71,10794.44,10795.0,60.0,0.3334,0,0.0,0,0.0,0,0.0,0,0.0,1,647600.0,0.3333
MPLADS-004698,3,2843000.0,947666.67,947700.0,947600.0,947700.0,57.74,2022-08-06,2023-01-03,150,75.0,75.0,0.0,13538.09,13538.57,70.0,0.3333,0,0.0,0,0.0,0,0.0,0,0.0,1,947600.0,0.3333
MPLADS-004699,3,16453000.0,5484333.33,5484300.0,5484300.0,5484400.0,57.74,2024-01-05,2024-10-01,270,135.0,135.0,0.0,41132.5,41133.0,133.3,0.3333,0,0.0,0,0.0,0,0.0,0,0.0,1,5484400.0,0.3333
MPLADS-004700,2,610000.0,305000.0,305000.0,305000.0,305000.0,0.0,2022-04-16,2022-05-15,29,29.0,29.0,0.0,10166.67,10166.67,30.0,0.5,0,0.0,0,0.0,2,1.0,0,0.0,1,305000.0,0.5
MPLADS-004701,3,1068000.0,356000.0,356000.0,356000.0,356000.0,0.0,2022-09-23,2022-12-28,96,48.0,48.0,0.0,7120.0,7120.0,50.0,0.3333,0,0.0,0,0.0,0,0.0,0,0.0,1,356000.0,0.3333
MPLADS-004702,3,3857000.0,1285666.67,1285700.0,1285600.0,1285700.0,57.74,2022-05-30,2022-10-15,138,69.0,69.0,0.0,21427.78,21428.33,60.0,0.3333,0,0.0,0,0.0,0,0.0,0,0.0,1,1285600.0,0.3333
MPLADS-004703,3,1507000.0,502333.33,502300.0,502300.0,502400.0,57.74,2023-06-28,2023-11-01,126,63.0,63.0,0.0,8372.22,8373.33,60.0,0.3334,0,0.0,0,0.0,0,0.0,0,0.0,1,502400.0,0.3334
MPLADS-004704,3,1992000.0,664000.0,664000.0,664000.0,664000.0,0.0,2023-02-06,2023-07-13,157,78.5,78.5,0.71,9485.71,9485.71,70.0,0.3333,0,0.0,0,0.0,0,0.0,0,0.0,1,664000.0,0.3333
MPLADS-004705,3,2913000.0,971000.0,971000.0,971000.0,971000.0,0.0,2024-01-03,2024-05-12,130,65.0,65.0,0.0,16183.33,16183.33,60.0,0.3333,0,0.0,0,0.0,0,0.0,0,0.0,1,971000.0,0.3333
MPLADS-004706,2,319000.0,159500.0,159500.0,159500.0,159500.0,0.0,2023-05-12,2023-06-07,26,26.0,26.0,0.0,5316.67,5316.67,30.0,0.5,0,0.0,0,0.0,0,0.0,0,0.0,1,159500.0,0.5
MPLADS-004707,2,879000.0,439500.0,439500.0,439500.0,439500.0,0.0,2022-05-28,2022-07-26,59,59.0,59.0,0.0,7325.0,7325.0,60.0,0.5,0,0.0,0,0.0,0,0.0,0,0.0,1,439500.0,0.5
MPLADS-004708,2,543000.0,271500.0,271500.0,271500.0,271500.0,0.0,2023-03-13,2023-04-11,29,29.0,29.0,0.0,9050.0,9050.0,30.0,0.5,0,0.0,0,0.0,0,0.0,0,0.0,1,271500.0,0.5
MPLADS-004709,3,9225000.0,3075000.0,3075000.0,3075000.0,3075000.0,0.0,2023-04-17,2024-01-20,278,139.0,139.0,0.0,23062.5,23062.5,133.3,0.3333,0,0.0,0,0.0,0,0.0,0,0.0,1,3075000.0,0.3333
MPLADS-004710,3,1959000.0,653000.0,653000.0,653000.0,653000.0,0.0,2023-12-29,2024-05-09,132,66.0,66.0,0.0,10883.33,10883.33,60.0,0.3333,0,0.0,0,0.0,0,0.0,0,0.0,1,653000.0,0.3333
MPLADS-004711,3,1767000.0,589000.0,589000.0,589000.0,589000.0,0.0,2022-07-12,2022-09-26,76,38.0,38.0,0.0,14725.0,14725.0,40.0,0.3333,0,0.0,0,0.0,0,0.0,0,0.0,1,589000.0,0.3333
MPLADS-004712,3,7385000.0,2461666.67,2461700.0,2461600.0,2461700.0,57.74,2022-08-09,2023-05-22,286,143.0,143.0,0.0,18462.5,18462.75,133.3,0.3333,0,0.0,0,0.0,0,0.0,0,0.0,1,2461600.0,0.3333
MPLADS-004713,2,666000.0,333000.0,333000.0,333000.0,333000.0,0.0,2022-07-21,2022-09-11,52,52.0,52.0,0.0,7400.0,7400.0,45.0,0.5,0,0.0,0,0.0,0,0.0,0,0.0,1,333000.0,0.5
MPLADS-004714,3,14225000.0,4741666.67,4741700.0,4741600.0,4741700.0,57.74,2022-11-29,2023-09-01,276,138.0,138.0,0.0,35562.5,35562.75,133.3,0.3333,0,0.0,0,0.0,0,0.0,0,0.0,1,4741600.0,0.3333
MPLADS-004715,2,628000.0,314000.0,314000.0,314000.0,314000.0,0.0,2022-08-02,2022-09-30,59,59.0,59.0,0.0,6977.78,6977.78,45.0,0.5,0,0.0,0,0.0,0,0.0,0,0.0,1,314000.0,0.5
MPLADS-004716,3,1279000.0,426333.33,426300.0,426300.0,426400.0,57.74,2024-02-18,2024-05-15,87,43.5,43.5,0.71,10658.33,10660.0,40.0,0.3334,0,0.0,0,0.0,0,0.0,0,0.0,1,426400.0,0.3334
MPLADS-004717,3,2336000.0,778666.67,778700.0,778600.0,778700.0,57.74,2022-09-15,2022-11-06,52,26.0,26.0,0.0,38933.33,38935.0,20.0,0.3333,0,0.0,0,0.0,0,0.0,0,0.0,1,778600.0,0.3333
MPLADS-004718,3,2194000.0,731333.33,731300.0,731300.0,731400.0,57.74,2022-11-17,2023-03-23,126,63.0,63.0,0.0,13712.5,13713.75,53.3,0.3334,0,0.0,0,0.0,0,0.0,0,0.0,1,731400.0,0.3334
MPLADS-004719,3,12942000.0,4314000.0,4314000.0,4314000.0,4314000.0,0.0,2022-08-05,2023-05-14,282,141.0,141.0,0.0,32355.0,32355.0,133.3,0.3333,0,0.0,0,0.0,0,0.0,0,0.0,1,4314000.0,0.3333
MPLADS-004720,3,1547000.0,515666.67,515700.0,515600.0,515700.0,57.74,2022-09-19,2023-01-19,122,61.0,61.0,0.0,10313.33,10314.0,50.0,0.3334,0,0.0,0,0.0,0,0.0,0,0.0,1,515600.0,0.3333
MPLADS-004721,3,1935000.0,645000.0,645000.0,645000.0,645000.0,0.0,2023-02-05,2023-10-03,240,120.0,120.0,0.0,16125.0,16125.0,40.0,0.3333,0,0.0,0,0.0,0,0.0,0,0.0,1,645000.0,0.3333
MPLADS-004722,3,45031000.0,15010333.33,15010300.0,15010300.0,15010400.0,57.74,2023-06-19,2024-04-02,288,144.0,144.0,0.0,112577.5,112578.0,133.3,0.3333,0,0.0,0,0.0,0,0.0,0,0.0,1,15010400.0,0.3333
MPLADS-004723,2,716000.0,358000.0,358000.0,358000.0,358000.0,0.0,2023-05-22,2023-07-23,62,62.0,62.0,0.0,7955.56,7955.56,45.0,0.5,0,0.0,0,0.0,0,0.0,0,0.0,1,358000.0,0.5
MPLADS-004724,3,13579000.0,4526333.33,4526300.0,4526300.0,4526400.0,57.74,2023-06-02,2024-02-25,268,134.0,134.0,0.0,33947.5,33948.0,133.3,0.3333,0,0.0,0,0.0,0,0.0,0,0.0,1,4526400.0,0.3333
MPLADS-004725,3,2065000.0,688333.33,688300.0,688300.0,688400.0,57.74,2022-11-18,2023-03-04,106,53.0,53.0,0.0,12906.25,12907.5,53.3,0.3334,0,0.0,1,0.3333,0,0.0,0,0.0,1,688400.0,0.3334
MPLADS-004726,3,1858000.0,619333.33,619300.0,619300.0,619400.0,57.74,2022-12-17,2023-03-27,100,50.0,50.0,0.0,12386.67,12388.0,50.0,0.3334,0,0.0,0,0.0,0,0.0,0,0.0,1,619400.0,0.3334
MPLADS-004727,3,2205000.0,735000.0,735000.0,735000.0,735000.0,0.0,2022-09-24,2022-12-30,97,48.5,48.5,0.71,18375.0,18375.0,40.0,0.3333,0,0.0,0,0.0,0,0.0,0,0.0,1,735000.0,0.3333
MPLADS-004728,3,2737000.0,912333.33,912300.0,912300.0,912400.0,57.74,2023-06-30,2023-12-06,159,79.5,79.5,0.71,13033.34,13034.29,70.0,0.3334,0,0.0,0,0.0,0,0.0,0,0.0,1,912400.0,0.3334
MPLADS-004729,3,2693000.0,897666.67,897700.0,897600.0,897700.0,57.74,2023-03-03,2023-06-22,111,55.5,55.5,0.71,14961.11,14961.67,60.0,0.3333,0,0.0,0,0.0,3,1.0,0,0.0,1,897600.0,0.3333
MPLADS-004730,3,2601000.0,867000.0,867000.0,867000.0,867000.0,0.0,2023-08-05,2024-01-08,156,78.0,78.0,0.0,12385.71,12385.71,70.0,0.3333,0,0.0,0,0.0,0,0.0,0,0.0,1,867000.0,0.3333
MPLADS-004731,3,2228000.0,742666.67,742700.0,742600.0,742700.0,57.74,2023-06-17,2023-10-02,107,53.5,53.5,0.71,13925.0,13925.62,53.3,0.3333,0,0.0,0,0.0,3,1.0,0,0.0,1,742600.0,0.3333
MPLADS-004732,3,2905000.0,968333.33,968300.0,968300.0,968400.0,57.74,2022-06-20,2022-09-28,100,50.0,50.0,0.0,18156.25,18157.5,53.3,0.3334,0,0.0,0,0.0,3,1.0,0,0.0,1,968400.0,0.3334
MPLADS-004733,3,1960000.0,653333.33,653300.0,653300.0,653400.0,57.74,2024-02-17,2024-05-21,94,47.0,47.0,0.0,16333.33,16335.0,40.0,0.3334,0,0.0,0,0.0,0,0.0,0,0.0,1,653400.0,0.3334
MPLADS-004734,2,938000.0,469000.0,469000.0,469000.0,469000.0,0.0,2022-11-21,2023-01-20,60,60.0,60.0,0.0,10422.22,10422.22,45.0,0.5,0,0.0,0,0.0,0,0.0,0,0.0,1,469000.0,0.5
MPLADS-004735,3,2167000.0,722333.33,722300.0,722300.0,722400.0,57.74,2023-01-09,2023-05-31,142,71.0,71.0,0.0,12038.89,12040.0,60.0,0.3334,0,0.0,0,0.0,3,1.0,0,0.0,1,722400.0,0.3334
MPLADS-004736,3,12635000.0,4211666.67,4211700.0,4211600.0,4211700.0,57.74,2023-11-23,2026-10-25,1067,533.5,533.5,0.71,31587.5,31587.75,133.3,0.3333,0,0.0,0,0.0,0,0.0,0,0.0,1,4211600.0,0.3333
MPLADS-004737,2,830000.0,415000.0,415000.0,415000.0,415000.0,0.0,2023-04-18,2023-06-09,52,52.0,52.0,0.0,9222.22,9222.22,45.0,0.5,0,0.0,0,0.0,0,0.0,0,0.0,1,415000.0,0.5
MPLADS-004738,3,3530000.0,1176666.67,1176700.0,1176600.0,1176700.0,57.74,2023-11-15,2024-03-27,133,66.5,66.5,0.71,16809.52,16810.0,70.0,0.3333,0,0.0,1,0.3333,0,0.0,0,0.0,1,1176600.0,0.3333
MPLADS-004739,2,493000.0,246500.0,246500.0,246500.0,246500.0,0.0,2023-12-17,2024-01-28,42,42.0,42.0,0.0,8216.67,8216.67,30.0,0.5,0,0.0,0,0.0,2,1.0,0,0.0,1,246500.0,0.5
MPLADS-004740,3,3015000.0,1005000.0,1005000.0,1005000.0,1005000.0,0.0,2022-10-08,2023-01-31,115,57.5,57.5,0.71,16750.0,16750.0,60.0,0.3333,0,0.0,0,0.0,0,0.0,0,0.0,1,1005000.0,0.3333
MPLADS-004741,2,906000.0,453000.0,453000.0,453000.0,453000.0,0.0,2022-11-15,2023-01-22,68,68.0,68.0,0.0,6040.0,6040.0,75.0,0.5,0,0.0,0,0.0,0,0.0,0,0.0,1,453000.0,0.5
MPLADS-004742,3,2502000.0,834000.0,834000.0,834000.0,834000.0,0.0,2022-12-10,2023-03-17,97,48.5,48.5,0.71,15637.5,15637.5,53.3,0.3333,0,0.0,1,0.3333,0,0.0,0,0.0,1,834000.0,0.3333
MPLADS-004743,3,2790000.0,930000.0,930000.0,930000.0,930000.0,0.0,2023-11-10,2024-03-05,116,58.0,58.0,0.0,15500.0,15500.0,60.0,0.3333,0,0.0,0,0.0,0,0.0,0,0.0,1,930000.0,0.3333
MPLADS-004744,2,524000.0,262000.0,262000.0,262000.0,262000.0,0.0,2022-08-20,2022-09-20,31,31.0,31.0,0.0,8733.33,8733.33,30.0,0.5,0,0.0,0,0.0,2,1.0,0,0.0,1,262000.0,0.5
MPLADS-004745,3,1717000.0,572333.33,572300.0,572300.0,572400.0,57.74,2023-06-25,2023-10-07,104,52.0,52.0,0.0,10731.25,10732.5,53.3,0.3334,0,0.0,0,0.0,3,1.0,0,0.0,1,572400.0,0.3334
MPLADS-004746,3,2172000.0,724000.0,724000.0,724000.0,724000.0,0.0,2022-09-27,2023-01-29,124,62.0,62.0,0.0,13575.0,13575.0,53.3,0.3333,0,0.0,0,0.0,0,0.0,0,0.0,1,724000.0,0.3333
MPLADS-004747,3,2394000.0,798000.0,798000.0,798000.0,798000.0,0.0,2022-10-23,2023-03-08,136,68.0,68.0,0.0,11400.0,11400.0,70.0,0.3333,0,0.0,0,0.0,0,0.0,0,0.0,1,798000.0,0.3333
MPLADS-004748,3,3003000.0,1001000.0,1001000.0,1001000.0,1001000.0,0.0,2022-05-06,2022-08-14,100,50.0,50.0,0.0,18768.75,18768.75,53.3,0.3333,0,0.0,0,0.0,0,0.0,0,0.0,1,1001000.0,0.3333
MPLADS-004749,3,3882000.0,1294000.0,1294000.0,1294000.0,1294000.0,0.0,2022-04-13,2022-08-27,136,68.0,68.0,0.0,18485.71,18485.71,70.0,0.3333,0,0.0,0,0.0,0,0.0,0,0.0,1,1294000.0,0.3333
MPLADS-004750,3,11967000.0,3989000.0,3989000.0,3989000.0,3989000.0,0.0,2022-05-18,2022-10-16,151,75.5,75.5,0.71,56985.71,56985.71,70.0,0.3333,0,0.0,0,0.0,0,0.0,0,0.0,1,3989000.0,0.3333
MPLADS-004751,3,3673000.0,1224333.33,1224300.0,1224300.0,1224400.0,57.74,2023-05-31,2023-10-23,145,72.5,72.5,0.71,17490.48,17491.43,70.0,0.3334,0,0.0,0,0.0,0,0.0,0,0.0,1,1224400.0,0.3334
MPLADS-004752,3,9131000.0,3043666.67,3043700.0,3043600.0,3043700.0,57.74,2022-10-17,2023-07-28,284,142.0,142.0,0.0,22827.5,22827.75,133.3,0.3333,0,0.0,0,0.0,0,0.0,0,0.0,1,3043600.0,0.3333
MPLADS-004753,3,2729000.0,909666.67,909700.0,909600.0,909700.0,57.74,2022-10-15,2023-02-23,131,65.5,65.5,0.71,15161.11,15161.67,60.0,0.3333,0,0.0,0,0.0,0,0.0,0,0.0,1,909600.0,0.3333
MPLADS-004754,3,2304000.0,768000.0,768000.0,768000.0,768000.0,0.0,2022-04-25,2022-08-07,104,52.0,52.0,0.0,14400.0,14400.0,53.3,0.3333,0,0.0,0,0.0,3,1.0,0,0.0,1,768000.0,0.3333
MPLADS-004755,3,2039000.0,679666.67,679700.0,679600.0,679700.0,57.74,2023-02-12,2023-06-08,116,58.0,58.0,0.0,11327.78,11328.33,60.0,0.3333,0,0.0,0,0.0,0,0.0,0,0.0,1,679600.0,0.3333
MPLADS-004756,3,2458000.0,819333.33,819300.0,819300.0,819400.0,57.74,2022-11-27,2023-03-22,115,57.5,57.5,0.71,13655.56,13656.67,60.0,0.3334,0,0.0,0,0.0,0,0.0,0,0.0,1,819400.0,0.3334
MPLADS-004757,3,1407000.0,469000.0,469000.0,469000.0,469000.0,0.0,2022-05-22,2022-08-18,88,44.0,44.0,0.0,11725.0,11725.0,40.0,0.3333,0,0.0,0,0.0,0,0.0,0,0.0,1,469000.0,0.3333
MPLADS-004758,3,2489000.0,829666.67,829700.0,829600.0,829700.0,57.74,2023-10-26,2024-03-11,137,68.5,68.5,0.71,13827.78,13828.33,60.0,0.3333,0,0.0,0,0.0,3,1.0,0,0.0,1,829600.0,0.3333
MPLADS-004759,2,401000.0,200500.0,200500.0,200500.0,200500.0,0.0,2023-03-08,2023-04-21,44,44.0,44.0,0.0,6683.33,6683.33,30.0,0.5,0,0.0,1,0.5,0,0.0,0,0.0,1,200500.0,0.5
MPLADS-004760,3,10314000.0,3438000.0,3438000.0,3438000.0,3438000.0,0.0,2022-09-07,2023-05-27,262,131.0,131.0,0.0,25785.0,25785.0,133.3,0.3333,0,0.0,0,0.0,0,0.0,0,0.0,1,3438000.0,0.3333
MPLADS-004761,3,9972000.0,3324000.0,3324000.0,3324000.0,3324000.0,0.0,2023-07-14,2024-04-07,268,134.0,134.0,0.0,24930.0,24930.0,133.3,0.3333,0,0.0,0,0.0,0,0.0,0,0.0,1,3324000.0,0.3333
MPLADS-004762,3,2193000.0,731000.0,731000.0,731000.0,731000.0,0.0,2023-12-16,2024-03-17,92,46.0,46.0,0.0,18275.0,18275.0,40.0,0.3333,0,0.0,0,0.0,0,0.0,0,0.0,1,731000.0,0.3333
MPLADS-004763,3,2050000.0,683333.33,683300.0,683300.0,683400.0,57.74,2023-12-02,2024-04-10,130,65.0,65.0,0.0,11388.89,11390.0,60.0,0.3334,0,0.0,0,0.0,0,0.0,0,0.0,1,683400.0,0.3334
MPLADS-004764,3,1947000.0,649000.0,649000.0,649000.0,649000.0,0.0,2022-12-07,2023-03-28,111,55.5,55.5,0.71,10816.67,10816.67,60.0,0.3333,0,0.0,0,0.0,0,0.0,0,0.0,1,649000.0,0.3333
MPLADS-004765,3,1235000.0,411666.67,411700.0,411600.0,411700.0,57.74,2023-11-15,2024-02-11,88,44.0,44.0,0.0,10291.67,10292.5,40.0,0.3334,0,0.0,0,0.0,0,0.0,0,0.0,1,411600.0,0.3333
MPLADS-004766,3,1833000.0,611000.0,611000.0,611000.0,611000.0,0.0,2023-01-30,2023-06-11,132,66.0,66.0,0.0,10183.33,10183.33,60.0,0.3333,0,0.0,0,0.0,0,0.0,0,0.0,1,611000.0,0.3333
MPLADS-004767,2,967000.0,483500.0,483500.0,483500.0,483500.0,0.0,2022-08-15,2022-10-07,53,53.0,53.0,0.0,10744.44,10744.44,45.0,0.5,0,0.0,0,0.0,0,0.0,0,0.0,1,483500.0,0.5
MPLADS-004768,3,4584000.0,1528000.0,1528000.0,1528000.0,1528000.0,0.0,2022-05-20,2022-07-11,52,26.0,26.0,0.0,50933.33,50933.33,30.0,0.3333,0,0.0,0,0.0,0,0.0,0,0.0,1,1528000.0,0.3333
MPLADS-004769,3,2308000.0,769333.33,769300.0,769300.0,769400.0,57.74,2023-07-31,2024-01-01,154,77.0,77.0,0.0,10990.48,10991.43,70.0,0.3334,0,0.0,0,0.0,0,0.0,0,0.0,1,769400.0,0.3334
MPLADS-004770,3,2061000.0,687000.0,687000.0,687000.0,687000.0,0.0,2023-11-04,2024-03-03,120,60.0,60.0,0.0,12881.25,12881.25,53.3,0.3333,0,0.0,0,0.0,0,0.0,0,0.0,1,687000.0,0.3333
MPLADS-004771,3,2866000.0,955333.33,955300.0,955300.0,955400.0,57.74,2024-03-20,2024-08-01,134,67.0,67.0,0.0,15922.22,15923.33,60.0,0.3334,0,0.0,0,0.0,0,0.0,0,0.0,1,955400.0,0.3334
MPLADS-004772,3,1445000.0,481666.67,481700.0,481600.0,481700.0,57.74,2022-06-13,2022-10-02,111,55.5,55.5,0.71,9633.33,9634.0,50.0,0.3334,0,0.0,0,0.0,0,0.0,0,0.0,1,481600.0,0.3333
MPLADS-004773,3,1642000.0,547333.33,547300.0,547300.0,547400.0,57.74,2023-03-03,2023-06-02,91,45.5,45.5,0.71,13683.33,13685.0,40.0,0.3334,0,0.0,0,0.0,0,0.0,0,0.0,1,547400.0,0.3334
MPLADS-004774,3,6140000.0,2046666.67,2046700.0,2046600.0,2046700.0,57.74,2023-12-24,2024-09-06,257,128.5,128.5,0.71,15350.0,15350.25,133.3,0.3333,0,0.0,0,0.0,0,0.0,0,0.0,1,2046600.0,0.3333
MPLADS-004775,3,1926000.0,642000.0,642000.0,642000.0,642000.0,0.0,2024-05-08,2025-07-09,427,213.5,213.5,0.71,12037.5,12037.5,53.3,0.3333,0,0.0,0,0.0,0,0.0,0,0.0,1,642000.0,0.3333
MPLADS-004776,3,1014000.0,338000.0,338000.0,338000.0,338000.0,0.0,2023-05-08,2023-07-30,83,41.5,41.5,0.71,8450.0,8450.0,40.0,0.3333,0,0.0,0,0.0,0,0.0,0,0.0,1,338000.0,0.3333
MPLADS-004777,3,1895000.0,631666.67,631700.0,631600.0,631700.0,57.74,2022-12-08,2023-03-24,106,53.0,53.0,0.0,12633.33,12634.0,50.0,0.3334,0,0.0,0,0.0,0,0.0,0,0.0,1,631600.0,0.3333
MPLADS-004778,3,2758000.0,919333.33,919300.0,919300.0,919400.0,57.74,2023-02-02,2023-06-11,129,64.5,64.5,0.71,15322.22,15323.33,60.0,0.3334,0,0.0,0,0.0,0,0.0,0,0.0,1,919400.0,0.3334
MPLADS-004779,3,4194000.0,1398000.0,1398000.0,1398000.0,1398000.0,0.0,2022-04-30,2022-06-24,55,27.5,27.5,0.71,46600.0,46600.0,30.0,0.3333,0,0.0,0,0.0,0,0.0,0,0.0,1,1398000.0,0.3333
MPLADS-004780,3,3338000.0,1112666.67,1112700.0,1112600.0,1112700.0,57.74,2023-07-23,2023-12-30,160,80.0,80.0,0.0,15895.24,15895.71,70.0,0.3333,0,0.0,0,0.0,0,0.0,0,0.0,1,1112600.0,0.3333
MPLADS-004781,3,2730000.0,910000.0,910000.0,910000.0,910000.0,0.0,2024-01-02,2024-04-22,111,55.5,55.5,0.71,17062.5,17062.5,53.3,0.3333,0,0.0,0,0.0,0,0.0,0,0.0,1,910000.0,0.3333
MPLADS-004782,3,3559000.0,1186333.33,1186300.0,1186300.0,1186400.0,57.74,2023-05-19,2023-09-29,133,66.5,66.5,0.71,16947.62,16948.57,70.0,0.3334,0,0.0,0,0.0,0,0.0,0,0.0,1,1186400.0,0.3334
MPLADS-004783,2,877000.0,438500.0,438500.0,438500.0,438500.0,0.0,2022-06-18,2022-08-08,51,51.0,51.0,0.0,9744.44,9744.44,45.0,0.5,0,0.0,0,0.0,0,0.0,0,0.0,1,438500.0,0.5
MPLADS-004784,3,3366000.0,1122000.0,1122000.0,1122000.0,1122000.0,0.0,2023-03-31,2024-10-11,560,280.0,280.0,0.0,16028.57,16028.57,70.0,0.3333,0,0.0,0,0.0,0,0.0,0,0.0,1,1122000.0,0.3333
MPLADS-004785,2,738000.0,369000.0,369000.0,369000.0,369000.0,0.0,2022-04-27,2022-06-21,55,55.0,55.0,0.0,8200.0,8200.0,45.0,0.5,0,0.0,0,0.0,0,0.0,0,0.0,1,369000.0,0.5
MPLADS-004786,3,1466000.0,488666.67,488700.0,488600.0,488700.0,57.74,2022-11-10,2023-02-16,98,49.0,49.0,0.0,9162.5,9163.12,53.3,0.3334,0,0.0,0,0.0,3,1.0,0,0.0,1,488600.0,0.3333
MPLADS-004787,3,3325000.0,1108333.33,1108300.0,1108300.0,1108400.0,57.74,2022-08-02,2022-12-19,139,69.5,69.5,0.71,15833.34,15834.29,70.0,0.3334,0,0.0,0,0.0,0,0.0,0,0.0,1,1108400.0,0.3334
MPLADS-004788,3,1444000.0,481333.33,481300.0,481300.0,481400.0,57.74,2022-06-16,2022-10-08,114,57.0,57.0,0.0,9626.67,9628.0,50.0,0.3334,0,0.0,0,0.0,0,0.0,0,0.0,1,481400.0,0.3334
MPLADS-004789,3,10412000.0,3470666.67,3470700.0,3470600.0,3470700.0,57.74,2023-09-09,2024-05-26,260,130.0,130.0,0.0,26030.0,26030.25,133.3,0.3333,0,0.0,0,0.0,0,0.0,0,0.0,1,3470600.0,0.3333
MPLADS-004790,2,527000.0,263500.0,263500.0,263500.0,263500.0,0.0,2023-06-06,2023-07-23,47,47.0,47.0,0.0,8783.33,8783.33,30.0,0.5,0,0.0,0,0.0,0,0.0,0,0.0,1,263500.0,0.5
MPLADS-004791,3,1393000.0,464333.33,464300.0,464300.0,464400.0,57.74,2024-05-12,2025-03-08,300,150.0,150.0,0.0,9286.67,9288.0,50.0,0.3334,0,0.0,0,0.0,0,0.0,0,0.0,1,464400.0,0.3334
MPLADS-004792,2,802000.0,401000.0,401000.0,401000.0,401000.0,0.0,2022-05-16,2022-06-24,39,39.0,39.0,0.0,8911.11,8911.11,45.0,0.5,0,0.0,0,0.0,0,0.0,0,0.0,1,401000.0,0.5
MPLADS-004793,3,3110000.0,1036666.67,1036700.0,1036600.0,1036700.0,57.74,2022-12-12,2023-04-03,112,56.0,56.0,0.0,17277.78,17278.33,60.0,0.3333,0,0.0,0,0.0,0,0.0,0,0.0,1,1036600.0,0.3333
MPLADS-004794,2,566000.0,283000.0,283000.0,283000.0,283000.0,0.0,2023-04-09,2023-05-17,38,38.0,38.0,0.0,6288.89,6288.89,45.0,0.5,0,0.0,0,0.0,0,0.0,0,0.0,1,283000.0,0.5
MPLADS-004795,3,3566000.0,1188666.67,1188700.0,1188600.0,1188700.0,57.74,2022-07-12,2022-11-07,118,59.0,59.0,0.0,22287.5,22288.12,53.3,0.3333,0,0.0,0,0.0,0,0.0,0,0.0,1,1188600.0,0.3333
MPLADS-004796,2,437000.0,218500.0,218500.0,218500.0,218500.0,0.0,2023-05-02,2023-06-10,39,39.0,39.0,0.0,7283.33,7283.33,30.0,0.5,0,0.0,0,0.0,0,0.0,0,0.0,1,218500.0,0.5
MPLADS-004797,3,1118000.0,372666.67,372700.0,372600.0,372700.0,57.74,2024-02-15,2024-05-29,104,52.0,52.0,0.0,7453.33,7454.0,50.0,0.3334,0,0.0,0,0.0,0,0.0,0,0.0,1,372600.0,0.3333
MPLADS-004798,3,7950000.0,2650000.0,2650000.0,2650000.0,2650000.0,0.0,2023-04-04,2023-07-27,114,57.0,57.0,0.0,49687.5,49687.5,53.3,0.3333,0,0.0,0,0.0,0,0.0,3,1.0,1,2650000.0,0.3333
MPLADS-004799,3,1526000.0,508666.67,508700.0,508600.0,508700.0,57.74,2022-09-18,2023-01-06,110,55.0,55.0,0.0,9537.5,9538.12,53.3,0.3334,0,0.0,0,0.0,0,0.0,0,0.0,1,508600.0,0.3333
MPLADS-004800,3,2457000.0,819000.0,819000.0,819000.0,819000.0,0.0,2024-02-02,2024-06-13,132,66.0,66.0,0.0,13650.0,13650.0,60.0,0.3333,0,0.0,0,0.0,0,0.0,0,0.0,1,819000.0,0.3333
MPLADS-004801,2,578000.0,289000.0,289000.0,289000.0,289000.0,0.0,2022-05-18,2022-06-19,32,32.0,32.0,0.0,9633.33,9633.33,30.0,0.5,0,0.0,0,0.0,0,0.0,0,0.0,1,289000.0,0.5
MPLADS-004802,3,2691000.0,897000.0,897000.0,897000.0,897000.0,0.0,2022-09-25,2023-02-08,136,68.0,68.0,0.0,14950.0,14950.0,60.0,0.3333,0,0.0,0,0.0,0,0.0,0,0.0,1,897000.0,0.3333
MPLADS-004803,3,3692000.0,1230666.67,1230700.0,1230600.0,1230700.0,57.74,2024-02-15,2024-07-22,158,79.0,79.0,0.0,17580.95,17581.43,70.0,0.3333,0,0.0,0,0.0,0,0.0,0,0.0,1,1230600.0,0.3333
MPLADS-004804,2,711000.0,355500.0,355500.0,355500.0,355500.0,0.0,2023-08-07,2023-09-21,45,45.0,45.0,0.0,7900.0,7900.0,45.0,0.5,0,0.0,0,0.0,0,0.0,0,0.0,1,355500.0,0.5
MPLADS-004805,2,527000.0,263500.0,263500.0,263500.0,263500.0,0.0,2023-10-25,2023-12-16,52,52.0,52.0,0.0,5855.56,5855.56,45.0,0.5,0,0.0,0,0.0,0,0.0,0,0.0,1,263500.0,0.5
MPLADS-004806,3,11995000.0,3998333.33,3998300.0,3998300.0,3998400.0,57.74,2023-03-26,2023-12-21,270,135.0,135.0,0.0,29987.5,29988.0,133.3,0.3333,0,0.0,0,0.0,0,0.0,0,0.0,1,3998400.0,0.3333
MPLADS-004807,3,1288000.0,429333.33,429300.0,429300.0,429400.0,57.74,2023-07-20,2023-10-20,92,46.0,46.0,0.0,10733.33,10735.0,40.0,0.3334,0,0.0,0,0.0,0,0.0,0,0.0,1,429400.0,0.3334
MPLADS-004808,3,2501000.0,833666.67,833700.0,833600.0,833700.0,57.74,2022-09-08,2022-12-29,112,56.0,56.0,0.0,15631.25,15631.88,53.3,0.3333,0,0.0,0,0.0,0,0.0,0,0.0,1,833600.0,0.3333
MPLADS-004809,3,2852000.0,950666.67,950700.0,950600.0,950700.0,57.74,2022-07-06,2022-11-17,134,67.0,67.0,0.0,15844.44,15845.0,60.0,0.3333,0,0.0,0,0.0,0,0.0,0,0.0,1,950600.0,0.3333
MPLADS-004810,3,9615000.0,3205000.0,3205000.0,3205000.0,3205000.0,0.0,2022-10-07,2023-02-02,118,59.0,59.0,0.0,60093.75,60093.75,53.3,0.3333,0,0.0,0,0.0,0,0.0,0,0.0,1,3205000.0,0.3333
MPLADS-004811,3,2261000.0,753666.67,753700.0,753600.0,753700.0,57.74,2023-01-02,2023-04-22,110,55.0,55.0,0.0,14131.25,14131.88,53.3,0.3333,0,0.0,0,0.0,3,1.0,0,0.0,1,753600.0,0.3333
MPLADS-004812,3,2334000.0,778000.0,778000.0,778000.0,778000.0,0.0,2023-05-14,2023-08-08,86,43.0,43.0,0.0,19450.0,19450.0,40.0,0.3333,0,0.0,0,0.0,3,1.0,0,0.0,1,778000.0,0.3333
MPLADS-004813,3,1275000.0,425000.0,425000.0,425000.0,425000.0,0.0,2023-02-05,2023-05-08,92,46.0,46.0,0.0,10625.0,10625.0,40.0,0.3333,0,0.0,0,0.0,0,0.0,0,0.0,1,425000.0,0.3333
MPLADS-004814,3,2650000.0,883333.33,883300.0,883300.0,883400.0,57.74,2022-07-25,2022-11-14,112,56.0,56.0,0.0,14722.22,14723.33,60.0,0.3334,0,0.0,0,0.0,0,0.0,0,0.0,1,883400.0,0.3334
MPLADS-004815,3,1520000.0,506666.67,506700.0,506600.0,506700.0,57.74,2023-09-19,2024-01-04,107,53.5,53.5,0.71,10133.33,10134.0,50.0,0.3334,0,0.0,0,0.0,0,0.0,0,0.0,1,506600.0,0.3333
MPLADS-004816,2,576000.0,288000.0,288000.0,288000.0,288000.0,0.0,2022-07-24,2022-09-13,51,51.0,51.0,0.0,6400.0,6400.0,45.0,0.5,0,0.0,0,0.0,0,0.0,0,0.0,1,288000.0,0.5
MPLADS-004817,3,3565000.0,1188333.33,1188300.0,1188300.0,1188400.0,57.74,2023-10-09,2024-03-18,161,80.5,80.5,0.71,16976.19,16977.14,70.0,0.3334,0,0.0,0,0.0,0,0.0,0,0.0,1,1188400.0,0.3334
MPLADS-004818,3,1815000.0,605000.0,605000.0,605000.0,605000.0,0.0,2023-01-31,2023-05-11,100,50.0,50.0,0.0,11343.75,11343.75,53.3,0.3333,0,0.0,0,0.0,3,1.0,0,0.0,1,605000.0,0.3333
MPLADS-004819,3,1471000.0,490333.33,490300.0,490300.0,490400.0,57.74,2022-12-01,2023-03-04,93,46.5,46.5,0.71,9806.67,9808.0,50.0,0.3334,0,0.0,1,0.3333,0,0.0,0,0.0,1,490400.0,0.3334
MPLADS-004820,3,1289000.0,429666.67,429700.0,429600.0,429700.0,57.74,2023-01-04,2023-04-25,111,55.5,55.5,0.71,8593.33,8594.0,50.0,0.3334,0,0.0,0,0.0,0,0.0,0,0.0,1,429600.0,0.3333
MPLADS-004821,3,1328000.0,442666.67,442700.0,442600.0,442700.0,57.74,2022-11-30,2023-02-22,84,42.0,42.0,0.0,11066.67,11067.5,40.0,0.3334,0,0.0,0,0.0,0,0.0,0,0.0,1,442600.0,0.3333
MPLADS-004822,3,1467000.0,489000.0,489000.0,489000.0,489000.0,0.0,2024-02-03,2024-05-29,116,58.0,58.0,0.0,9780.0,9780.0,50.0,0.3333,0,0.0,0,0.0,0,0.0,0,0.0,1,489000.0,0.3333
MPLADS-004823,2,417000.0,208500.0,208500.0,208500.0,208500.0,0.0,2023-02-25,2023-04-05,39,39.0,39.0,0.0,4633.33,4633.33,45.0,0.5,0,0.0,0,0.0,0,0.0,0,0.0,1,208500.0,0.5
MPLADS-004824,3,3422000.0,1140666.67,1140700.0,1140600.0,1140700.0,57.74,2022-10-07,2023-02-18,134,67.0,67.0,0.0,16295.24,16295.71,70.0,0.3333,0,0.0,0,0.0,0,0.0,0,0.0,1,1140600.0,0.3333
MPLADS-004825,3,1604000.0,534666.67,534700.0,534600.0,534700.0,57.74,2023-09-18,2024-01-28,132,66.0,66.0,0.0,8911.11,8911.67,60.0,0.3334,0,0.0,0,0.0,0,0.0,0,0.0,1,534600.0,0.3333
MPLADS-004826,3,2549000.0,849666.67,849700.0,849600.0,849700.0,57.74,2023-07-21,2023-11-20,122,61.0,61.0,0.0,14161.11,14161.67,60.0,0.3333,0,0.0,0,0.0,0,0.0,0,0.0,1,849600.0,0.3333
MPLADS-004827,2,534000.0,267000.0,267000.0,267000.0,267000.0,0.0,2023-03-13,2023-05-13,61,61.0,61.0,0.0,5933.33,5933.33,45.0,0.5,0,0.0,0,0.0,0,0.0,0,0.0,1,267000.0,0.5
MPLADS-004828,3,7685000.0,2561666.67,2561700.0,2561600.0,2561700.0,57.74,2023-12-20,2024-03-27,98,49.0,49.0,0.0,48031.25,48031.88,53.3,0.3333,0,0.0,0,0.0,0,0.0,0,0.0,1,2561600.0,0.3333
MPLADS-004829,2,894000.0,447000.0,447000.0,447000.0,447000.0,0.0,2022-06-26,2022-08-27,62,62.0,62.0,0.0,9933.33,9933.33,45.0,0.5,0,0.0,0,0.0,0,0.0,0,0.0,1,447000.0,0.5
MPLADS-004830,3,9263000.0,3087666.67,3087700.0,3087600.0,3087700.0,57.74,2023-06-11,2024-03-19,282,141.0,141.0,0.0,23157.5,23157.75,133.3,0.3333,0,0.0,0,0.0,0,0.0,0,0.0,1,3087600.0,0.3333
MPLADS-004831,3,12997000.0,4332333.33,4332300.0,4332300.0,4332400.0,57.74,2023-10-27,2024-08-02,280,140.0,140.0,0.0,32492.5,32493.0,133.3,0.3333,0,0.0,0,0.0,0,0.0,0,0.0,1,4332400.0,0.3333
MPLADS-004832,3,2557000.0,852333.33,852300.0,852300.0,852400.0,57.74,2023-06-01,2023-09-02,93,46.5,46.5,0.71,21308.33,21310.0,40.0,0.3334,0,0.0,0,0.0,0,0.0,0,0.0,1,852400.0,0.3334
MPLADS-004833,3,1765000.0,588333.33,588300.0,588300.0,588400.0,57.74,2023-10-14,2024-01-24,102,51.0,51.0,0.0,11031.25,11032.5,53.3,0.3334,0,0.0,0,0.0,3,1.0,0,0.0,1,588400.0,0.3334
MPLADS-004834,3,8918000.0,2972666.67,2972700.0,2972600.0,2972700.0,57.74,2023-01-07,2023-09-27,263,131.5,131.5,0.71,22295.0,22295.25,133.3,0.3333,0,0.0,0,0.0,0,0.0,0,0.0,1,2972600.0,0.3333
MPLADS-004835,3,5348000.0,1782666.67,1782700.0,1782600.0,1782700.0,57.74,2023-11-09,2024-04-03,146,73.0,73.0,0.0,25466.66,25467.14,70.0,0.3333,0,0.0,0,0.0,0,0.0,0,0.0,1,1782600.0,0.3333
MPLADS-004836,3,1781000.0,593666.67,593700.0,593600.0,593700.0,57.74,2024-04-21,2025-05-26,400,200.0,200.0,0.0,11873.33,11874.0,50.0,0.3334,0,0.0,0,0.0,0,0.0,0,0.0,1,593600.0,0.3333
MPLADS-004837,3,1801000.0,600333.33,600300.0,600300.0,600400.0,57.74,2022-10-17,2023-01-17,92,46.0,46.0,0.0,12006.67,12008.0,50.0,0.3334,0,0.0,0,0.0,0,0.0,0,0.0,1,600400.0,0.3334
MPLADS-004838,3,2151000.0,717000.0,717000.0,717000.0,717000.0,0.0,2022-07-15,2022-10-25,102,51.0,51.0,0.0,13443.75,13443.75,53.3,0.3333,0,0.0,0,0.0,3,1.0,0,0.0,1,717000.0,0.3333
MPLADS-004839,3,2826000.0,942000.0,942000.0,942000.0,942000.0,0.0,2023-01-25,2023-06-12,138,69.0,69.0,0.0,13457.14,13457.14,70.0,0.3333,0,0.0,0,0.0,0,0.0,0,0.0,1,942000.0,0.3333
MPLADS-004840,3,2347000.0,782333.33,782300.0,782300.0,782400.0,57.74,2023-04-06,2023-07-28,113,56.5,56.5,0.71,13038.89,13040.0,60.0,0.3334,0,0.0,0,0.0,3,1.0,0,0.0,1,782400.0,0.3334
MPLADS-004841,3,2241000.0,747000.0,747000.0,747000.0,747000.0,0.0,2022-05-06,2022-08-05,91,45.5,45.5,0.71,18675.0,18675.0,40.0,0.3333,0,0.0,0,0.0,0,0.0,0,0.0,1,747000.0,0.3333
MPLADS-004842,3,1913000.0,637666.67,637700.0,637600.0,637700.0,57.74,2022-09-27,2023-02-22,148,74.0,74.0,0.0,9109.52,9110.0,70.0,0.3334,0,0.0,0,0.0,0,0.0,0,0.0,1,637600.0,0.3333
MPLADS-004843,3,1584000.0,528000.0,528000.0,528000.0,528000.0,0.0,2022-08-16,2022-11-24,100,50.0,50.0,0.0,9900.0,9900.0,53.3,0.3333,0,0.0,0,0.0,0,0.0,0,0.0,1,528000.0,0.3333
MPLADS-004844,3,2249000.0,749666.67,749700.0,749600.0,749700.0,57.74,2022-08-07,2022-10-21,75,37.5,37.5,0.71,18741.67,18742.5,40.0,0.3333,0,0.0,0,0.0,0,0.0,0,0.0,1,749600.0,0.3333
MPLADS-004845,3,1365000.0,455000.0,455000.0,455000.0,455000.0,0.0,2023-11-28,2024-02-27,91,45.5,45.5,0.71,11375.0,11375.0,40.0,0.3333,0,0.0,0,0.0,3,1.0,0,0.0,1,455000.0,0.3333
MPLADS-004846,3,42027000.0,14009000.0,14009000.0,14009000.0,14009000.0,0.0,2022-06-02,2023-02-14,257,128.5,128.5,0.71,105067.5,105067.5,133.3,0.3333,0,0.0,0,0.0,0,0.0,0,0.0,1,14009000.0,0.3333
MPLADS-004847,3,3426000.0,1142000.0,1142000.0,1142000.0,1142000.0,0.0,2022-12-10,2023-04-23,134,67.0,67.0,0.0,16314.29,16314.29,70.0,0.3333,0,0.0,0,0.0,0,0.0,0,0.0,1,1142000.0,0.3333
MPLADS-004848,3,2245000.0,748333.33,748300.0,748300.0,748400.0,57.74,2023-12-06,2024-04-26,142,71.0,71.0,0.0,12472.22,12473.33,60.0,0.3334,0,0.0,0,0.0,0,0.0,0,0.0,1,748400.0,0.3334
MPLADS-004849,3,1538000.0,512666.67,512700.0,512600.0,512700.0,57.74,2024-01-21,2024-05-21,121,60.5,60.5,0.71,10253.33,10254.0,50.0,0.3334,0,0.0,0,0.0,0,0.0,0,0.0,1,512600.0,0.3333
MPLADS-004850,3,1701000.0,567000.0,567000.0,567000.0,567000.0,0.0,2022-12-06,2023-03-22,106,53.0,53.0,0.0,10631.25,10631.25,53.3,0.3333,0,0.0,0,0.0,0,0.0,0,0.0,1,567000.0,0.3333
MPLADS-004851,3,3053000.0,1017666.67,1017700.0,1017600.0,1017700.0,57.74,2023-03-17,2023-08-10,146,73.0,73.0,0.0,14538.09,14538.57,70.0,0.3333,0,0.0,1,0.3333,0,0.0,0,0.0,1,1017600.0,0.3333
MPLADS-004852,3,1932000.0,644000.0,644000.0,644000.0,644000.0,0.0,2022-11-16,2023-04-28,163,81.5,81.5,0.71,9200.0,9200.0,70.0,0.3333,0,0.0,0,0.0,0,0.0,0,0.0,1,644000.0,0.3333
MPLADS-004853,2,718000.0,359000.0,359000.0,359000.0,359000.0,0.0,2022-10-27,2022-12-26,60,60.0,60.0,0.0,7977.78,7977.78,45.0,0.5,0,0.0,0,0.0,0,0.0,0,0.0,1,359000.0,0.5
MPLADS-004854,3,1258000.0,419333.33,419300.0,419300.0,419400.0,57.74,2023-01-29,2023-04-26,87,43.5,43.5,0.71,10483.33,10485.0,40.0,0.3334,0,0.0,0,0.0,3,1.0,0,0.0,1,419400.0,0.3334
MPLADS-004855,2,484000.0,242000.0,242000.0,242000.0,242000.0,0.0,2022-08-19,2022-10-02,44,44.0,44.0,0.0,8066.67,8066.67,30.0,0.5,0,0.0,0,0.0,0,0.0,0,0.0,1,242000.0,0.5
MPLADS-004856,3,1786000.0,595333.33,595300.0,595300.0,595400.0,57.74,2023-06-14,2023-09-10,88,44.0,44.0,0.0,14883.33,14885.0,40.0,0.3334,0,0.0,0,0.0,0,0.0,0,0.0,1,595400.0,0.3334
MPLADS-004857,3,10983000.0,3661000.0,3661000.0,3661000.0,3661000.0,0.0,2023-04-11,2024-01-02,266,133.0,133.0,0.0,27457.5,27457.5,133.3,0.3333,0,0.0,0,0.0,0,0.0,0,0.0,1,3661000.0,0.3333
MPLADS-004858,3,2992000.0,997333.33,997300.0,997300.0,997400.0,57.74,2023-04-02,2023-07-23,112,56.0,56.0,0.0,16622.22,16623.33,60.0,0.3334,0,0.0,0,0.0,3,1.0,0,0.0,1,997400.0,0.3334
MPLADS-004859,3,1312000.0,437333.33,437300.0,437300.0,437400.0,57.74,2023-11-01,2024-01-20,80,40.0,40.0,0.0,10933.33,10935.0,40.0,0.3334,0,0.0,0,0.0,0,0.0,0,0.0,1,437400.0,0.3334
MPLADS-004860,3,2151000.0,717000.0,717000.0,717000.0,717000.0,0.0,2022-12-13,2023-03-23,100,50.0,50.0,0.0,17925.0,17925.0,40.0,0.3333,0,0.0,0,0.0,0,0.0,0,0.0,1,717000.0,0.3333
MPLADS-004861,3,3191000.0,1063666.67,1063700.0,1063600.0,1063700.0,57.74,2022-07-18,2022-11-23,128,64.0,64.0,0.0,19943.75,19944.38,53.3,0.3333,0,0.0,0,0.0,0,0.0,0,0.0,1,1063600.0,0.3333
MPLADS-004862,3,2946000.0,982000.0,982000.0,982000.0,982000.0,0.0,2023-04-11,2023-08-24,135,67.5,67.5,0.71,16366.67,16366.67,60.0,0.3333,0,0.0,0,0.0,0,0.0,0,0.0,1,982000.0,0.3333
MPLADS-004863,2,483000.0,241500.0,241500.0,241500.0,241500.0,0.0,2022-11-30,2023-01-07,38,38.0,38.0,0.0,8050.0,8050.0,30.0,0.5,0,0.0,0,0.0,0,0.0,0,0.0,1,241500.0,0.5
MPLADS-004864,3,2630000.0,876666.67,876700.0,876600.0,876700.0,57.74,2024-02-15,2024-06-22,128,64.0,64.0,0.0,16437.5,16438.12,53.3,0.3333,0,0.0,0,0.0,0,0.0,0,0.0,1,876600.0,0.3333
MPLADS-004865,2,986000.0,493000.0,493000.0,493000.0,493000.0,0.0,2022-07-16,2022-09-27,73,73.0,73.0,0.0,6573.33,6573.33,75.0,0.5,0,0.0,0,0.0,0,0.0,0,0.0,1,493000.0,0.5
MPLADS-004866,3,2866000.0,955333.33,955300.0,955300.0,955400.0,57.74,2024-02-22,2024-06-22,121,60.5,60.5,0.71,15922.22,15923.33,60.0,0.3334,0,0.0,0,0.0,0,0.0,0,0.0,1,955400.0,0.3334
MPLADS-004867,3,2042000.0,680666.67,680700.0,680600.0,680700.0,57.74,2023-09-16,2024-01-22,128,64.0,64.0,0.0,11344.44,11345.0,60.0,0.3333,0,0.0,0,0.0,0,0.0,0,0.0,1,680600.0,0.3333
MPLADS-004868,3,8163000.0,2721000.0,2721000.0,2721000.0,2721000.0,0.0,2024-02-18,2024-11-05,261,130.5,130.5,0.71,20407.5,20407.5,133.3,0.3333,0,0.0,0,0.0,0,0.0,0,0.0,1,2721000.0,0.3333
MPLADS-004869,3,1872000.0,624000.0,624000.0,624000.0,624000.0,0.0,2023-02-06,2023-05-17,100,50.0,50.0,0.0,12480.0,12480.0,50.0,0.3333,0,0.0,0,0.0,0,0.0,0,0.0,1,624000.0,0.3333
MPLADS-004870,3,17839000.0,5946333.33,5946300.0,5946300.0,5946400.0,57.74,2023-10-22,2024-07-24,276,138.0,138.0,0.0,44597.5,44598.0,133.3,0.3333,0,0.0,0,0.0,0,0.0,0,0.0,1,5946400.0,0.3333
MPLADS-004871,3,3523000.0,1174333.33,1174300.0,1174300.0,1174400.0,57.74,2024-03-07,2024-08-14,160,80.0,80.0,0.0,16776.19,16777.14,70.0,0.3334,0,0.0,1,0.3333,0,0.0,0,0.0,1,1174400.0,0.3334
MPLADS-004872,3,1467000.0,489000.0,489000.0,489000.0,489000.0,0.0,2024-02-02,2024-05-06,94,47.0,47.0,0.0,9780.0,9780.0,50.0,0.3333,0,0.0,0,0.0,0,0.0,0,0.0,1,489000.0,0.3333
MPLADS-004873,2,850000.0,425000.0,425000.0,425000.0,425000.0,0.0,2023-05-12,2023-06-20,39,39.0,39.0,0.0,9444.44,9444.44,45.0,0.5,0,0.0,0,0.0,0,0.0,0,0.0,1,425000.0,0.5
MPLADS-004874,3,1458000.0,486000.0,486000.0,486000.0,486000.0,0.0,2024-01-21,2024-04-30,100,50.0,50.0,0.0,9720.0,9720.0,50.0,0.3333,0,0.0,0,0.0,0,0.0,0,0.0,1,486000.0,0.3333
MPLADS-004875,3,2289000.0,763000.0,763000.0,763000.0,763000.0,0.0,2022-11-11,2023-03-29,138,69.0,69.0,0.0,10900.0,10900.0,70.0,0.3333,0,0.0,1,0.3333,0,0.0,0,0.0,1,763000.0,0.3333
MPLADS-004876,3,13998000.0,4666000.0,4666000.0,4666000.0,4666000.0,0.0,2023-08-31,2024-05-17,260,130.0,130.0,0.0,34995.0,34995.0,133.3,0.3333,0,0.0,0,0.0,0,0.0,0,0.0,1,4666000.0,0.3333
MPLADS-004877,3,2703000.0,901000.0,901000.0,901000.0,901000.0,0.0,2022-09-16,2023-01-29,135,67.5,67.5,0.71,15016.67,15016.67,60.0,0.3333,0,0.0,0,0.0,0,0.0,0,0.0,1,901000.0,0.3333
MPLADS-004878,3,3045000.0,1015000.0,1015000.0,1015000.0,1015000.0,0.0,2023-09-30,2024-03-06,158,79.0,79.0,0.0,14500.0,14500.0,70.0,0.3333,0,0.0,0,0.0,0,0.0,0,0.0,1,1015000.0,0.3333
MPLADS-004879,3,1691000.0,563666.67,563700.0,563600.0,563700.0,57.74,2023-07-17,2023-09-29,74,37.0,37.0,0.0,14091.67,14092.5,40.0,0.3334,0,0.0,0,0.0,3,1.0,0,0.0,1,563600.0,0.3333
MPLADS-004880,3,1170000.0,390000.0,390000.0,390000.0,390000.0,0.0,2022-12-28,2023-03-31,93,46.5,46.5,0.71,9750.0,9750.0,40.0,0.3333,0,0.0,0,0.0,0,0.0,0,0.0,1,390000.0,0.3333
MPLADS-004881,2,793000.0,396500.0,396500.0,396500.0,396500.0,0.0,2023-05-13,2023-07-04,52,52.0,52.0,0.0,8811.11,8811.11,45.0,0.5,0,0.0,0,0.0,0,0.0,0,0.0,1,396500.0,0.5
MPLADS-004882,3,1978000.0,659333.33,659300.0,659300.0,659400.0,57.74,2022-07-21,2022-11-08,110,55.0,55.0,0.0,10988.89,10990.0,60.0,0.3334,0,0.0,0,0.0,0,0.0,0,0.0,1,659400.0,0.3334
MPLADS-004883,3,1995000.0,665000.0,665000.0,665000.0,665000.0,0.0,2022-12-20,2023-04-01,102,51.0,51.0,0.0,12468.75,12468.75,53.3,0.3333,0,0.0,0,0.0,0,0.0,0,0.0,1,665000.0,0.3333
MPLADS-004884,3,2470000.0,823333.33,823300.0,823300.0,823400.0,57.74,2023-12-31,2024-04-29,120,60.0,60.0,0.0,15437.5,15438.75,53.3,0.3334,0,0.0,0,0.0,3,1.0,0,0.0,1,823400.0,0.3334
MPLADS-004885,3,1914000.0,638000.0,638000.0,638000.0,638000.0,0.0,2023-08-07,2023-10-22,76,38.0,38.0,0.0,15950.0,15950.0,40.0,0.3333,0,0.0,0,0.0,3,1.0,0,0.0,1,638000.0,0.3333
MPLADS-004886,3,10785000.0,3595000.0,3595000.0,3595000.0,3595000.0,0.0,2022-09-04,2023-06-07,276,138.0,138.0,0.0,26962.5,26962.5,133.3,0.3333,0,0.0,0,0.0,3,1.0,0,0.0,1,3595000.0,0.3333
MPLADS-004887,3,2516000.0,838666.67,838700.0,838600.0,838700.0,57.74,2022-05-06,2022-09-09,126,63.0,63.0,0.0,15725.0,15725.62,53.3,0.3333,0,0.0,0,0.0,3,1.0,0,0.0,1,838600.0,0.3333
MPLADS-004888,2,802000.0,401000.0,401000.0,401000.0,401000.0,0.0,2022-09-24,2022-12-19,86,86.0,86.0,0.0,5012.5,5012.5,80.0,0.5,0,0.0,0,0.0,0,0.0,0,0.0,1,401000.0,0.5
MPLADS-004889,3,1162000.0,387333.33,387300.0,387300.0,387400.0,57.74,2023-12-31,2024-04-11,102,51.0,51.0,0.0,7746.67,7748.0,50.0,0.3334,0,0.0,0,0.0,0,0.0,0,0.0,1,387400.0,0.3334
MPLADS-004890,3,2783000.0,927666.67,927700.0,927600.0,927700.0,57.74,2023-04-05,2024-02-19,320,160.0,160.0,0.0,17393.75,17394.38,53.3,0.3333,0,0.0,0,0.0,0,0.0,0,0.0,1,927600.0,0.3333
MPLADS-004891,2,396000.0,198000.0,198000.0,198000.0,198000.0,0.0,2023-09-13,2023-10-22,39,39.0,39.0,0.0,6600.0,6600.0,30.0,0.5,0,0.0,0,0.0,0,0.0,0,0.0,1,198000.0,0.5
MPLADS-004892,3,1431000.0,477000.0,477000.0,477000.0,477000.0,0.0,2022-04-27,2022-08-06,101,50.5,50.5,0.71,11925.0,11925.0,40.0,0.3333,0,0.0,0,0.0,0,0.0,0,0.0,1,477000.0,0.3333
MPLADS-004893,3,1530000.0,510000.0,510000.0,510000.0,510000.0,0.0,2022-08-21,2022-11-12,83,41.5,41.5,0.71,12750.0,12750.0,40.0,0.3333,0,0.0,0,0.0,0,0.0,0,0.0,1,510000.0,0.3333
MPLADS-004894,3,1896000.0,632000.0,632000.0,632000.0,632000.0,0.0,2023-11-12,2024-03-23,132,66.0,66.0,0.0,10533.33,10533.33,60.0,0.3333,0,0.0,0,0.0,0,0.0,0,0.0,1,632000.0,0.3333
MPLADS-004895,3,1712000.0,570666.67,570700.0,570600.0,570700.0,57.74,2023-06-15,2023-10-05,112,56.0,56.0,0.0,11413.33,11414.0,50.0,0.3334,0,0.0,0,0.0,0,0.0,0,0.0,1,570600.0,0.3333
MPLADS-004896,3,10919000.0,3639666.67,3639700.0,3639600.0,3639700.0,57.74,2023-03-31,2023-12-22,266,133.0,133.0,0.0,27297.5,27297.75,133.3,0.3333,0,0.0,0,0.0,0,0.0,0,0.0,1,3639600.0,0.3333
MPLADS-004897,3,2055000.0,685000.0,685000.0,685000.0,685000.0,0.0,2022-08-21,2023-01-17,149,74.5,74.5,0.71,9785.71,9785.71,70.0,0.3333,0,0.0,0,0.0,0,0.0,0,0.0,1,685000.0,0.3333
MPLADS-004898,3,1985000.0,661666.67,661700.0,661600.0,661700.0,57.74,2023-11-29,2024-04-05,128,64.0,64.0,0.0,12406.25,12406.88,53.3,0.3334,0,0.0,0,0.0,0,0.0,0,0.0,1,661600.0,0.3333
MPLADS-004899,2,721000.0,360500.0,360500.0,360500.0,360500.0,0.0,2022-06-21,2022-08-03,43,43.0,43.0,0.0,8011.11,8011.11,45.0,0.5,0,0.0,0,0.0,0,0.0,0,0.0,1,360500.0,0.5
MPLADS-004900,2,336000.0,168000.0,168000.0,168000.0,168000.0,0.0,2022-11-04,2022-12-08,34,34.0,34.0,0.0,5600.0,5600.0,30.0,0.5,0,0.0,0,0.0,0,0.0,0,0.0,1,168000.0,0.5
MPLADS-004901,2,646000.0,323000.0,323000.0,323000.0,323000.0,0.0,2023-02-18,2023-04-02,43,43.0,43.0,0.0,10766.67,10766.67,30.0,0.5,0,0.0,0,0.0,0,0.0,0,0.0,1,323000.0,0.5
MPLADS-004902,3,13090000.0,4363333.33,4363300.0,4363300.0,4363400.0,57.74,2022-10-11,2023-02-16,128,64.0,64.0,0.0,72722.22,72723.33,60.0,0.3333,0,0.0,0,0.0,0,0.0,0,0.0,1,4363400.0,0.3333
MPLADS-004903,2,587000.0,293500.0,293500.0,293500.0,293500.0,0.0,2024-01-02,2024-02-29,58,58.0,58.0,0.0,6522.22,6522.22,45.0,0.5,0,0.0,0,0.0,0,0.0,0,0.0,1,293500.0,0.5
MPLADS-004904,3,1671000.0,557000.0,557000.0,557000.0,557000.0,0.0,2022-10-18,2023-02-07,112,56.0,56.0,0.0,11140.0,11140.0,50.0,0.3333,0,0.0,0,0.0,0,0.0,0,0.0,1,557000.0,0.3333
MPLADS-004905,2,325000.0,162500.0,162500.0,162500.0,162500.0,0.0,2022-06-19,2022-07-27,38,38.0,38.0,0.0,5416.67,5416.67,30.0,0.5,0,0.0,0,0.0,0,0.0,0,0.0,1,162500.0,0.5
MPLADS-004906,3,2439000.0,813000.0,813000.0,813000.0,813000.0,0.0,2022-07-13,2022-10-27,106,53.0,53.0,0.0,15243.75,15243.75,53.3,0.3333,0,0.0,0,0.0,0,0.0,0,0.0,1,813000.0,0.3333
MPLADS-004907,3,13883000.0,4627666.67,4627700.0,4627600.0,4627700.0,57.74,2022-08-26,2023-05-28,275,137.5,137.5,0.71,34707.5,34707.75,133.3,0.3333,0,0.0,0,0.0,0,0.0,0,0.0,1,4627600.0,0.3333
MPLADS-004908,3,8806000.0,2935333.33,2935300.0,2935300.0,2935400.0,57.74,2023-02-10,2023-11-05,268,134.0,134.0,0.0,22015.0,22015.5,133.3,0.3333,0,0.0,0,0.0,0,0.0,0,0.0,1,2935400.0,0.3333
MPLADS-004909,3,1133000.0,377666.67,377700.0,377600.0,377700.0,57.74,2024-02-27,2024-12-23,300,150.0,150.0,0.0,7553.33,7554.0,50.0,0.3334,0,0.0,0,0.0,0,0.0,0,0.0,1,377600.0,0.3333
MPLADS-004910,3,2303000.0,767666.67,767700.0,767600.0,767700.0,57.74,2022-10-08,2023-03-13,156,78.0,78.0,0.0,10966.66,10967.14,70.0,0.3333,0,0.0,1,0.3333,0,0.0,0,0.0,1,767600.0,0.3333
MPLADS-004911,2,340000.0,170000.0,170000.0,170000.0,170000.0,0.0,2022-11-20,2022-12-13,23,23.0,23.0,0.0,5666.67,5666.67,30.0,0.5,0,0.0,0,0.0,2,1.0,0,0.0,1,170000.0,0.5
MPLADS-004912,2,534000.0,267000.0,267000.0,267000.0,267000.0,0.0,2022-11-06,2022-12-22,46,46.0,46.0,0.0,5933.33,5933.33,45.0,0.5,0,0.0,0,0.0,0,0.0,0,0.0,1,267000.0,0.5
MPLADS-004913,3,7000000.0,2333333.33,2333300.0,2333300.0,2333400.0,57.74,2023-04-24,2023-07-26,93,46.5,46.5,0.71,58333.33,58335.0,40.0,0.3333,0,0.0,0,0.0,0,0.0,0,0.0,1,2333400.0,0.3333
MPLADS-004914,2,500000.0,250000.0,250000.0,250000.0,250000.0,0.0,2023-09-29,2023-11-15,47,47.0,47.0,0.0,8333.33,8333.33,30.0,0.5,0,0.0,0,0.0,0,0.0,2,1.0,1,250000.0,0.5
MPLADS-004915,3,1714000.0,571333.33,571300.0,571300.0,571400.0,57.74,2023-04-18,2024-06-18,427,213.5,213.5,0.71,10712.5,10713.75,53.3,0.3334,0,0.0,0,0.0,0,0.0,0,0.0,1,571400.0,0.3334
MPLADS-004916,3,4611000.0,1537000.0,1537000.0,1537000.0,1537000.0,0.0,2023-04-14,2023-08-30,138,69.0,69.0,0.0,21957.14,21957.14,70.0,0.3333,0,0.0,0,0.0,0,0.0,0,0.0,1,1537000.0,0.3333
MPLADS-004917,3,1635000.0,545000.0,545000.0,545000.0,545000.0,0.0,2022-08-09,2022-11-11,94,47.0,47.0,0.0,13625.0,13625.0,40.0,0.3333,0,0.0,0,0.0,0,0.0,0,0.0,1,545000.0,0.3333
MPLADS-004918,3,2374000.0,791333.33,791300.0,791300.0,791400.0,57.74,2022-11-03,2023-03-11,128,64.0,64.0,0.0,13188.89,13190.0,60.0,0.3334,0,0.0,1,0.3333,0,0.0,0,0.0,1,791400.0,0.3334
MPLADS-004919,3,7813000.0,2604333.33,2604300.0,2604300.0,2604400.0,57.74,2022-10-29,2023-08-09,284,142.0,142.0,0.0,19532.5,19533.0,133.3,0.3333,0,0.0,1,0.3333,0,0.0,0,0.0,1,2604400.0,0.3333
MPLADS-004920,3,1507000.0,502333.33,502300.0,502300.0,502400.0,57.74,2023-02-22,2023-06-13,111,55.5,55.5,0.71,9418.75,9420.0,53.3,0.3334,0,0.0,0,0.0,0,0.0,0,0.0,1,502400.0,0.3334
MPLADS-004921,3,9363000.0,3121000.0,3121000.0,3121000.0,3121000.0,0.0,2023-03-07,2023-12-04,272,136.0,136.0,0.0,23407.5,23407.5,133.3,0.3333,0,0.0,0,0.0,0,0.0,0,0.0,1,3121000.0,0.3333
MPLADS-004922,3,1540000.0,513333.33,513300.0,513300.0,513400.0,57.74,2023-06-26,2023-09-22,88,44.0,44.0,0.0,12833.33,12835.0,40.0,0.3334,0,0.0,0,0.0,0,0.0,0,0.0,1,513400.0,0.3334
MPLADS-004923,2,652000.0,326000.0,326000.0,326000.0,326000.0,0.0,2022-11-22,2023-01-07,46,46.0,46.0,0.0,10866.67,10866.67,30.0,0.5,0,0.0,0,0.0,0,0.0,0,0.0,1,326000.0,0.5
MPLADS-004924,3,1968000.0,656000.0,656000.0,656000.0,656000.0,0.0,2023-03-24,2023-07-18,116,58.0,58.0,0.0,10933.33,10933.33,60.0,0.3333,0,0.0,0,0.0,0,0.0,0,0.0,1,656000.0,0.3333
MPLADS-004925,3,9775000.0,3258333.33,3258300.0,3258300.0,3258400.0,57.74,2023-08-25,2024-06-04,284,142.0,142.0,0.0,24437.5,24438.0,133.3,0.3333,0,0.0,0,0.0,0,0.0,0,0.0,1,3258400.0,0.3333
MPLADS-004926,2,689000.0,344500.0,344500.0,344500.0,344500.0,0.0,2023-07-31,2023-09-22,53,53.0,53.0,0.0,7655.56,7655.56,45.0,0.5,0,0.0,0,0.0,0,0.0,0,0.0,1,344500.0,0.5
MPLADS-004927,3,1106000.0,368666.67,368700.0,368600.0,368700.0,57.74,2023-04-28,2023-07-03,66,33.0,33.0,0.0,12288.89,12290.0,30.0,0.3334,0,0.0,0,0.0,0,0.0,0,0.0,1,368600.0,0.3333
MPLADS-004928,3,3349000.0,1116333.33,1116300.0,1116300.0,1116400.0,57.74,2022-12-27,2023-05-19,143,71.5,71.5,0.71,15947.62,15948.57,70.0,0.3334,0,0.0,0,0.0,0,0.0,0,0.0,1,1116400.0,0.3334
MPLADS-004929,3,1042000.0,347333.33,347300.0,347300.0,347400.0,57.74,2022-04-23,2022-06-16,54,27.0,27.0,0.0,11577.78,11580.0,30.0,0.3334,0,0.0,0,0.0,0,0.0,0,0.0,1,347400.0,0.3334
MPLADS-004930,3,2291000.0,763666.67,763700.0,763600.0,763700.0,57.74,2023-10-15,2023-12-31,77,38.5,38.5,0.71,19091.67,19092.5,40.0,0.3333,0,0.0,0,0.0,0,0.0,0,0.0,1,763600.0,0.3333
MPLADS-004931,3,2005000.0,668333.33,668300.0,668300.0,668400.0,57.74,2024-02-21,2024-06-17,117,58.5,58.5,0.71,11138.89,11140.0,60.0,0.3334,0,0.0,0,0.0,3,1.0,0,0.0,1,668400.0,0.3334
MPLADS-004932,3,2529000.0,843000.0,843000.0,843000.0,843000.0,0.0,2023-04-18,2023-08-07,111,55.5,55.5,0.71,14050.0,14050.0,60.0,0.3333,0,0.0,0,0.0,0,0.0,0,0.0,1,843000.0,0.3333
MPLADS-004933,3,12033000.0,4011000.0,4011000.0,4011000.0,4011000.0,0.0,2023-01-11,2023-05-23,132,66.0,66.0,0.0,66850.0,66850.0,60.0,0.3333,0,0.0,0,0.0,0,0.0,0,0.0,1,4011000.0,0.3333
MPLADS-004934,3,2611000.0,870333.33,870300.0,870300.0,870400.0,57.74,2022-07-06,2022-11-13,130,65.0,65.0,0.0,14505.56,14506.67,60.0,0.3334,0,0.0,0,0.0,0,0.0,0,0.0,1,870400.0,0.3334
MPLADS-004935,3,3953000.0,1317666.67,1317700.0,1317600.0,1317700.0,57.74,2024-01-06,2024-04-26,111,55.5,55.5,0.71,21961.11,21961.67,60.0,0.3333,0,0.0,0,0.0,0,0.0,0,0.0,1,1317600.0,0.3333
MPLADS-004936,3,12511000.0,4170333.33,4170300.0,4170300.0,4170400.0,57.74,2023-06-06,2024-03-08,276,138.0,138.0,0.0,31277.5,31278.0,133.3,0.3333,0,0.0,1,0.3333,0,0.0,0,0.0,1,4170400.0,0.3333
MPLADS-004937,3,2177000.0,725666.67,725700.0,725600.0,725700.0,57.74,2023-09-20,2024-01-22,124,62.0,62.0,0.0,12094.44,12095.0,60.0,0.3333,0,0.0,0,0.0,3,1.0,0,0.0,1,725600.0,0.3333
MPLADS-004938,3,2411000.0,803666.67,803700.0,803600.0,803700.0,57.74,2023-09-02,2024-01-26,146,73.0,73.0,0.0,11480.95,11481.43,70.0,0.3333,0,0.0,0,0.0,0,0.0,0,0.0,1,803600.0,0.3333
MPLADS-004939,3,1603000.0,534333.33,534300.0,534300.0,534400.0,57.74,2024-01-27,2024-05-22,116,58.0,58.0,0.0,10018.75,10020.0,53.3,0.3334,0,0.0,0,0.0,0,0.0,0,0.0,1,534400.0,0.3334
MPLADS-004940,2,489000.0,244500.0,244500.0,244500.0,244500.0,0.0,2022-07-10,2022-08-25,46,46.0,46.0,0.0,8150.0,8150.0,30.0,0.5,0,0.0,0,0.0,0,0.0,0,0.0,1,244500.0,0.5
MPLADS-004941,2,626000.0,313000.0,313000.0,313000.0,313000.0,0.0,2023-06-17,2023-08-02,46,46.0,46.0,0.0,6955.56,6955.56,45.0,0.5,0,0.0,0,0.0,0,0.0,0,0.0,1,313000.0,0.5
MPLADS-004942,3,1822000.0,607333.33,607300.0,607300.0,607400.0,57.74,2023-03-20,2023-07-11,113,56.5,56.5,0.71,11387.5,11388.75,53.3,0.3334,0,0.0,1,0.3333,0,0.0,0,0.0,1,607400.0,0.3334
MPLADS-004943,3,3641000.0,1213666.67,1213700.0,1213600.0,1213700.0,57.74,2023-01-21,2023-06-25,155,77.5,77.5,0.71,17338.09,17338.57,70.0,0.3333,0,0.0,0,0.0,0,0.0,0,0.0,1,1213600.0,0.3333
MPLADS-004944,3,1357000.0,452333.33,452300.0,452300.0,452400.0,57.74,2023-09-24,2023-12-11,78,39.0,39.0,0.0,11308.33,11310.0,40.0,0.3334,0,0.0,0,0.0,3,1.0,0,0.0,1,452400.0,0.3334
MPLADS-004945,3,1383000.0,461000.0,461000.0,461000.0,461000.0,0.0,2023-07-18,2023-10-27,101,50.5,50.5,0.71,11525.0,11525.0,40.0,0.3333,0,0.0,0,0.0,0,0.0,0,0.0,1,461000.0,0.3333
MPLADS-004946,2,634000.0,317000.0,317000.0,317000.0,317000.0,0.0,2023-02-24,2023-04-13,48,48.0,48.0,0.0,7044.44,7044.44,45.0,0.5,0,0.0,0,0.0,0,0.0,0,0.0,1,317000.0,0.5
MPLADS-004947,3,1316000.0,438666.67,438700.0,438600.0,438700.0,57.74,2023-02-09,2023-05-29,109,54.5,54.5,0.71,8773.33,8774.0,50.0,0.3334,0,0.0,0,0.0,0,0.0,0,0.0,1,438600.0,0.3333
MPLADS-004948,2,758000.0,379000.0,379000.0,379000.0,379000.0,0.0,2022-10-11,2022-11-19,39,39.0,39.0,0.0,8422.22,8422.22,45.0,0.5,0,0.0,0,0.0,0,0.0,0,0.0,1,379000.0,0.5
MPLADS-004949,2,344000.0,172000.0,172000.0,172000.0,172000.0,0.0,2023-04-09,2023-05-12,33,33.0,33.0,0.0,5733.33,5733.33,30.0,0.5,0,0.0,0,0.0,0,0.0,0,0.0,1,172000.0,0.5
MPLADS-004950,3,7813000.0,2604333.33,2604300.0,2604300.0,2604400.0,57.74,2022-12-17,2023-04-27,131,65.5,65.5,0.71,43405.56,43406.67,60.0,0.3333,0,0.0,0,0.0,0,0.0,0,0.0,1,2604400.0,0.3333
MPLADS-004951,3,1959000.0,653000.0,653000.0,653000.0,653000.0,0.0,2023-03-18,2023-07-30,134,67.0,67.0,0.0,10883.33,10883.33,60.0,0.3333,0,0.0,0,0.0,0,0.0,0,0.0,1,653000.0,0.3333
MPLADS-004952,3,4935000.0,1645000.0,1645000.0,1645000.0,1645000.0,0.0,2022-12-16,2023-05-16,151,75.5,75.5,0.71,23500.0,23500.0,70.0,0.3333,0,0.0,1,0.3333,0,0.0,0,0.0,1,1645000.0,0.3333
MPLADS-004953,2,720000.0,360000.0,360000.0,360000.0,360000.0,0.0,2022-11-06,2022-12-31,55,55.0,55.0,0.0,8000.0,8000.0,45.0,0.5,0,0.0,0,0.0,0,0.0,0,0.0,1,360000.0,0.5
MPLADS-004954,3,1132000.0,377333.33,377300.0,377300.0,377400.0,57.74,2023-02-18,2023-05-31,102,51.0,51.0,0.0,7546.67,7548.0,50.0,0.3334,0,0.0,0,0.0,0,0.0,0,0.0,1,377400.0,0.3334
MPLADS-004955,3,2425000.0,808333.33,808300.0,808300.0,808400.0,57.74,2023-01-30,2023-06-19,140,70.0,70.0,0.0,11547.62,11548.57,70.0,0.3334,0,0.0,0,0.0,0,0.0,0,0.0,1,808400.0,0.3334
MPLADS-004956,3,1453000.0,484333.33,484300.0,484300.0,484400.0,57.74,2023-02-04,2023-05-27,112,56.0,56.0,0.0,9686.67,9688.0,50.0,0.3334,0,0.0,0,0.0,0,0.0,0,0.0,1,484400.0,0.3334
MPLADS-004957,3,3434000.0,1144666.67,1144700.0,1144600.0,1144700.0,57.74,2023-07-21,2023-12-10,142,71.0,71.0,0.0,19077.78,19078.33,60.0,0.3333,0,0.0,0,0.0,0,0.0,0,0.0,1,1144600.0,0.3333
MPLADS-004958,3,1203000.0,401000.0,401000.0,401000.0,401000.0,0.0,2023-05-14,2024-06-17,400,200.0,200.0,0.0,8020.0,8020.0,50.0,0.3333,0,0.0,0,0.0,0,0.0,0,0.0,1,401000.0,0.3333
MPLADS-004959,3,2125000.0,708333.33,708300.0,708300.0,708400.0,57.74,2022-07-18,2022-11-17,122,61.0,61.0,0.0,13281.25,13282.5,53.3,0.3334,0,0.0,0,0.0,0,0.0,0,0.0,1,708400.0,0.3334
MPLADS-004960,2,521000.0,260500.0,260500.0,260500.0,260500.0,0.0,2023-11-26,2024-01-13,48,48.0,48.0,0.0,5788.89,5788.89,45.0,0.5,0,0.0,0,0.0,0,0.0,0,0.0,1,260500.0,0.5
MPLADS-004961,3,3137000.0,1045666.67,1045700.0,1045600.0,1045700.0,57.74,2023-09-17,2024-02-18,154,77.0,77.0,0.0,14938.09,14938.57,70.0,0.3333,0,0.0,0,0.0,0,0.0,0,0.0,1,1045600.0,0.3333
MPLADS-004962,3,13367000.0,4455666.67,4455700.0,4455600.0,4455700.0,57.74,2022-07-08,2022-11-08,123,61.5,61.5,0.71,74261.11,74261.67,60.0,0.3333,0,0.0,0,0.0,0,0.0,0,0.0,1,4455600.0,0.3333
MPLADS-004963,3,1512000.0,504000.0,504000.0,504000.0,504000.0,0.0,2023-01-05,2023-04-27,112,56.0,56.0,0.0,10080.0,10080.0,50.0,0.3333,0,0.0,0,0.0,0,0.0,0,0.0,1,504000.0,0.3333
MPLADS-004964,3,1019000.0,339666.67,339700.0,339600.0,339700.0,57.74,2022-06-30,2022-09-30,92,46.0,46.0,0.0,6793.33,6794.0,50.0,0.3334,0,0.0,0,0.0,0,0.0,0,0.0,1,339600.0,0.3333
MPLADS-004965,2,442000.0,221000.0,221000.0,221000.0,221000.0,0.0,2023-02-15,2023-03-29,42,42.0,42.0,0.0,7366.67,7366.67,30.0,0.5,0,0.0,0,0.0,0,0.0,0,0.0,1,221000.0,0.5
MPLADS-004966,3,2481000.0,827000.0,827000.0,827000.0,827000.0,0.0,2022-10-10,2023-01-22,104,52.0,52.0,0.0,15506.25,15506.25,53.3,0.3333,0,0.0,0,0.0,0,0.0,0,0.0,1,827000.0,0.3333
MPLADS-004967,3,1365000.0,455000.0,455000.0,455000.0,455000.0,0.0,2023-04-14,2023-07-31,108,54.0,54.0,0.0,8531.25,8531.25,53.3,0.3333,0,0.0,0,0.0,0,0.0,0,0.0,1,455000.0,0.3333
MPLADS-004968,3,2387000.0,795666.67,795700.0,795600.0,795700.0,57.74,2023-08-03,2023-11-16,105,52.5,52.5,0.71,14918.75,14919.38,53.3,0.3333,0,0.0,0,0.0,0,0.0,0,0.0,1,795600.0,0.3333
MPLADS-004969,2,618000.0,309000.0,309000.0,309000.0,309000.0,0.0,2023-12-02,2023-12-26,24,24.0,24.0,0.0,10300.0,10300.0,30.0,0.5,0,0.0,0,0.0,0,0.0,0,0.0,1,309000.0,0.5
MPLADS-004970,2,713000.0,356500.0,356500.0,356500.0,356500.0,0.0,2022-08-22,2023-01-04,135,135.0,135.0,0.0,7922.22,7922.22,45.0,0.5,0,0.0,0,0.0,0,0.0,0,0.0,1,356500.0,0.5
MPLADS-004971,2,456000.0,228000.0,228000.0,228000.0,228000.0,0.0,2022-10-09,2022-11-03,25,25.0,25.0,0.0,7600.0,7600.0,30.0,0.5,0,0.0,0,0.0,0,0.0,0,0.0,1,228000.0,0.5
MPLADS-004972,2,601000.0,300500.0,300500.0,300500.0,300500.0,0.0,2022-07-16,2022-08-20,35,35.0,35.0,0.0,10016.67,10016.67,30.0,0.5,0,0.0,0,0.0,0,0.0,0,0.0,1,300500.0,0.5
MPLADS-004973,3,2209000.0,736333.33,736300.0,736300.0,736400.0,57.74,2022-12-18,2024-02-11,420,210.0,210.0,0.0,10519.05,10520.0,70.0,0.3334,0,0.0,0,0.0,0,0.0,0,0.0,1,736400.0,0.3334
MPLADS-004974,2,557000.0,278500.0,278500.0,278500.0,278500.0,0.0,2022-09-25,2022-10-19,24,24.0,24.0,0.0,9283.33,9283.33,30.0,0.5,0,0.0,0,0.0,0,0.0,0,0.0,1,278500.0,0.5
MPLADS-004975,3,7934000.0,2644666.67,2644700.0,2644600.0,2644700.0,57.74,2022-11-20,2023-02-26,98,49.0,49.0,0.0,52893.33,52894.0,50.0,0.3333,0,0.0,0,0.0,0,0.0,0,0.0,1,2644600.0,0.3333
MPLADS-004976,2,937000.0,468500.0,468500.0,468500.0,468500.0,0.0,2023-05-04,2023-06-14,41,41.0,41.0,0.0,10411.11,10411.11,45.0,0.5,0,0.0,0,0.0,2,1.0,0,0.0,1,468500.0,0.5
MPLADS-004977,2,614000.0,307000.0,307000.0,307000.0,307000.0,0.0,2022-06-21,2022-08-05,45,45.0,45.0,0.0,6822.22,6822.22,45.0,0.5,0,0.0,0,0.0,0,0.0,0,0.0,1,307000.0,0.5
MPLADS-004978,3,3436000.0,1145333.33,1145300.0,1145300.0,1145400.0,57.74,2023-06-01,2023-08-05,65,32.5,32.5,0.71,38177.78,38180.0,30.0,0.3334,0,0.0,0,0.0,0,0.0,0,0.0,1,1145400.0,0.3334
MPLADS-004979,2,540000.0,270000.0,270000.0,270000.0,270000.0,0.0,2023-06-11,2023-07-29,48,48.0,48.0,0.0,6000.0,6000.0,45.0,0.5,0,0.0,0,0.0,0,0.0,0,0.0,1,270000.0,0.5
MPLADS-004980,2,553000.0,276500.0,276500.0,276500.0,276500.0,0.0,2024-02-19,2024-04-12,53,53.0,53.0,0.0,6144.44,6144.44,45.0,0.5,0,0.0,0,0.0,0,0.0,0,0.0,1,276500.0,0.5
MPLADS-004981,3,10129000.0,3376333.33,3376300.0,3376300.0,3376400.0,57.74,2022-08-26,2023-01-23,150,75.0,75.0,0.0,48233.34,48234.29,70.0,0.3333,0,0.0,0,0.0,0,0.0,0,0.0,1,3376400.0,0.3333
MPLADS-004982,3,1895000.0,631666.67,631700.0,631600.0,631700.0,57.74,2023-04-18,2023-07-31,104,52.0,52.0,0.0,11843.75,11844.38,53.3,0.3334,0,0.0,0,0.0,0,0.0,0,0.0,1,631600.0,0.3333
MPLADS-004983,2,906000.0,453000.0,453000.0,453000.0,453000.0,0.0,2022-09-11,2022-11-11,61,61.0,61.0,0.0,10066.67,10066.67,45.0,0.5,0,0.0,0,0.0,0,0.0,0,0.0,1,453000.0,0.5
MPLADS-004984,3,2266000.0,755333.33,755300.0,755300.0,755400.0,57.74,2022-09-09,2023-01-17,130,65.0,65.0,0.0,14162.5,14163.75,53.3,0.3334,0,0.0,0,0.0,0,0.0,0,0.0,1,755400.0,0.3334
MPLADS-004985,3,1174000.0,391333.33,391300.0,391300.0,391400.0,57.74,2023-07-03,2023-10-01,90,45.0,45.0,0.0,7826.67,7828.0,50.0,0.3334,0,0.0,0,0.0,0,0.0,0,0.0,1,391400.0,0.3334
MPLADS-004986,2,530000.0,265000.0,265000.0,265000.0,265000.0,0.0,2022-10-30,2022-12-09,40,40.0,40.0,0.0,5888.89,5888.89,45.0,0.5,0,0.0,0,0.0,0,0.0,0,0.0,1,265000.0,0.5
MPLADS-004987,3,2137000.0,712333.33,712300.0,712300.0,712400.0,57.74,2023-06-08,2023-11-09,154,77.0,77.0,0.0,10176.19,10177.14,70.0,0.3334,0,0.0,0,0.0,0,0.0,0,0.0,1,712400.0,0.3334
MPLADS-004988,3,1682000.0,560666.67,560700.0,560600.0,560700.0,57.74,2023-11-29,2024-03-25,117,58.5,58.5,0.71,11213.33,11214.0,50.0,0.3334,0,0.0,1,0.3333,0,0.0,0,0.0,1,560600.0,0.3333
MPLADS-004989,3,1649000.0,549666.67,549700.0,549600.0,549700.0,57.74,2022-10-26,2023-02-01,98,49.0,49.0,0.0,10993.33,10994.0,50.0,0.3334,0,0.0,0,0.0,0,0.0,0,0.0,1,549600.0,0.3333
MPLADS-004990,3,1736000.0,578666.67,578700.0,578600.0,578700.0,57.74,2022-09-21,2022-12-10,80,40.0,40.0,0.0,14466.67,14467.5,40.0,0.3334,0,0.0,0,0.0,0,0.0,0,0.0,1,578600.0,0.3333
MPLADS-004991,3,2287000.0,762333.33,762300.0,762300.0,762400.0,57.74,2022-11-01,2023-02-21,112,56.0,56.0,0.0,12705.56,12706.67,60.0,0.3334,0,0.0,0,0.0,0,0.0,0,0.0,1,762400.0,0.3334
MPLADS-004992,2,610000.0,305000.0,305000.0,305000.0,305000.0,0.0,2022-08-12,2022-10-13,62,62.0,62.0,0.0,6777.78,6777.78,45.0,0.5,0,0.0,0,0.0,0,0.0,0,0.0,1,305000.0,0.5
MPLADS-004993,3,2436000.0,812000.0,812000.0,812000.0,812000.0,0.0,2022-12-17,2023-04-03,107,53.5,53.5,0.71,15225.0,15225.0,53.3,0.3333,0,0.0,0,0.0,0,0.0,0,0.0,1,812000.0,0.3333
MPLADS-004994,2,761000.0,380500.0,380500.0,380500.0,380500.0,0.0,2022-10-12,2022-11-25,44,44.0,44.0,0.0,8455.56,8455.56,45.0,0.5,0,0.0,0,0.0,0,0.0,0,0.0,1,380500.0,0.5
MPLADS-004995,3,2090000.0,696666.67,696700.0,696600.0,696700.0,57.74,2022-05-07,2022-10-08,154,77.0,77.0,0.0,9952.38,9952.86,70.0,0.3333,0,0.0,0,0.0,0,0.0,0,0.0,1,696600.0,0.3333
MPLADS-004996,3,2143000.0,714333.33,714300.0,714300.0,714400.0,57.74,2022-10-11,2023-02-22,134,67.0,67.0,0.0,10204.76,10205.71,70.0,0.3334,0,0.0,0,0.0,0,0.0,0,0.0,1,714400.0,0.3334
MPLADS-004997,3,1624000.0,541333.33,541300.0,541300.0,541400.0,57.74,2023-02-12,2023-06-18,126,63.0,63.0,0.0,9022.22,9023.33,60.0,0.3334,0,0.0,0,0.0,0,0.0,0,0.0,1,541400.0,0.3334
MPLADS-004998,2,606000.0,303000.0,303000.0,303000.0,303000.0,0.0,2022-06-22,2022-08-24,63,63.0,63.0,0.0,5050.0,5050.0,60.0,0.5,0,0.0,0,0.0,0,0.0,0,0.0,1,303000.0,0.5
MPLADS-004999,3,2891000.0,963666.67,963700.0,963600.0,963700.0,57.74,2024-01-21,2024-03-17,56,28.0,28.0,0.0,32122.22,32123.33,30.0,0.3333,0,0.0,0,0.0,0,0.0,0,0.0,1,963600.0,0.3333
MPLADS-005000,3,2072000.0,690666.67,690700.0,690600.0,690700.0,57.74,2022-04-03,2022-07-12,100,50.0,50.0,0.0,17266.67,17267.5,40.0,0.3333,0,0.0,0,0.0,0,0.0,0,0.0,1,690600.0,0.3333
