project_id,progress_observation_count,latest_physical_progress,latest_financial_progress,latest_planned_progress,latest_completion_percentage,latest_progress_mismatch,latest_progress_gap,financial_minus_physical_progress,actual_vs_planned_progress,physical_progress_slope,financial_progress_slope,planned_progress_slope,progress_gap_slope,progress_velocity_latest,progress_acceleration_latest,latest_delay_days,max_delay_days,extension_count,planned_duration_days,actual_duration_days,duration_overrun_days,duration_overrun_ratio,geotag_available_rate,geotag_consistency_rate,measurement_book_verified_rate
MPLADS-000001,1,99.1,97.9,93.2,99.1,1.2,-1.2,-1.2,9.1,0.4631,0.0,0.0,0.0,0.4631,0.0453,0.0,0.0,0,180.0,214.0,34.0,1.1889,1.0,1.0,1.0
MPLADS-000002,1,70.5,96.7,89.1,70.5,26.2,26.2,26.2,-19.5,0.3406,0.0,0.0,0.0,0.3406,0.024,26.2,26.2,0,180.0,207.0,27.0,1.15,1.0,1.0,1.0
MPLADS-000003,1,74.8,89.2,84.8,74.8,14.4,14.4,14.4,-15.2,0.7262,0.0,0.0,0.0,0.7262,0.0475,14.4,14.4,0,90.0,103.0,13.0,1.1444,1.0,1.0,1.0
MPLADS-000004,1,89.7,86.4,93.2,89.7,3.3,-3.3,-3.3,-0.3,0.2086,0.0,0.0,0.0,0.2086,0.0232,0.0,0.0,0,400.0,430.0,30.0,1.075,1.0,1.0,1.0
MPLADS-000005,1,86.4,89.2,83.6,86.4,2.8,2.8,2.8,-3.6,0.5799,0.0,0.0,0.0,0.5799,0.0438,2.8,2.8,0,160.0,149.0,0.0,0.9313,1.0,1.0,1.0
MPLADS-000006,1,96.1,89.0,99.3,96.1,7.1,-7.1,-7.1,6.1,0.6537,0.0,0.0,0.0,0.6537,0.0407,0.0,0.0,0,150.0,147.0,0.0,0.98,1.0,1.0,1.0
MPLADS-000007,1,94.3,89.0,93.6,94.3,5.3,-5.3,-5.3,4.3,0.4427,0.0,0.0,0.0,0.4427,0.0105,0.0,0.0,0,210.0,213.0,3.0,1.0143,1.0,1.0,1.0
MPLADS-000008,1,93.2,85.0,93.2,93.2,8.2,-8.2,-8.2,3.2,0.4546,0.0,0.0,0.0,0.4546,0.0271,0.0,0.0,0,210.0,205.0,0.0,0.9762,1.0,1.0,1.0
MPLADS-000009,1,90.1,97.1,94.5,90.1,7.0,7.0,7.0,0.1,0.4095,0.0,0.0,0.0,0.4095,0.0328,7.0,7.0,0,210.0,220.0,10.0,1.0476,1.0,1.0,1.0
MPLADS-000010,1,86.3,95.9,81.8,86.3,9.6,9.6,9.6,-3.7,1.5691,0.0,0.0,0.0,1.5691,0.0359,9.6,9.6,0,60.0,55.0,0.0,0.9167,0.0,0.0,0.0
MPLADS-000011,1,90.3,88.7,86.3,90.3,1.6,-1.6,-1.6,0.3,1.1577,0.0,0.0,0.0,1.1577,0.0255,0.0,0.0,0,60.0,78.0,18.0,1.3,1.0,1.0,1.0
MPLADS-000012,1,87.3,85.9,91.8,87.3,1.4,-1.4,-1.4,-2.7,0.2069,0.0,0.0,0.0,0.2069,-0.014,0.0,0.0,0,400.0,422.0,22.0,1.055,1.0,1.0,1.0
MPLADS-000013,1,94.4,95.2,89.6,94.4,0.8,0.8,0.8,4.4,0.5244,0.0,0.0,0.0,0.5244,0.0482,0.8,0.8,0,160.0,180.0,20.0,1.125,1.0,1.0,1.0
MPLADS-000014,1,85.0,94.9,97.1,85.0,9.9,9.9,9.9,-5.0,0.6967,0.0,0.0,0.0,0.6967,0.0305,9.9,9.9,0,90.0,122.0,32.0,1.3556,1.0,1.0,1.0
MPLADS-000015,1,75.1,88.2,94.2,75.1,13.1,13.1,13.1,-14.9,0.3932,0.0,0.0,0.0,0.3932,0.0224,13.1,13.1,0,180.0,191.0,11.0,1.0611,1.0,1.0,1.0
MPLADS-000016,1,80.2,87.0,88.4,80.2,6.8,6.8,6.8,-9.8,0.3645,0.0,0.0,0.0,0.3645,0.0011,6.8,6.8,0,210.0,220.0,10.0,1.0476,1.0,1.0,1.0
MPLADS-000017,1,76.5,92.5,95.0,76.5,16.0,16.0,16.0,-13.5,0.3825,0.0,0.0,0.0,0.3825,0.0184,16.0,16.0,0,180.0,200.0,20.0,1.1111,1.0,1.0,1.0
MPLADS-000018,1,99.7,85.1,98.0,99.7,14.6,-14.6,-14.6,9.7,1.2159,0.0,0.0,0.0,1.2159,-0.0021,0.0,0.0,0,90.0,82.0,0.0,0.9111,1.0,1.0,1.0
MPLADS-000019,1,74.7,89.5,99.3,74.7,14.8,14.8,14.8,-15.3,0.3291,0.0,0.0,0.0,0.3291,0.0118,14.8,14.8,0,210.0,227.0,17.0,1.081,1.0,1.0,1.0
MPLADS-000020,1,88.2,92.6,94.4,88.2,4.4,4.4,4.4,-1.8,0.45,0.0,0.0,0.0,0.45,0.0241,4.4,4.4,0,210.0,196.0,0.0,0.9333,1.0,1.0,1.0
MPLADS-000021,1,95.9,86.5,84.0,95.9,9.4,-9.4,-9.4,5.9,0.8798,0.0,0.0,0.0,0.8798,0.0014,0.0,0.0,0,120.0,109.0,0.0,0.9083,1.0,1.0,1.0
MPLADS-000022,1,75.8,88.7,93.8,75.8,12.9,12.9,12.9,-14.2,0.7431,0.0,0.0,0.0,0.7431,-0.0112,12.9,12.9,0,90.0,102.0,12.0,1.1333,1.0,1.0,1.0
MPLADS-000023,1,84.9,92.6,98.6,84.9,7.7,7.7,7.7,-5.1,0.5736,0.0,0.0,0.0,0.5736,-0.0062,7.7,7.7,0,150.0,148.0,0.0,0.9867,1.0,1.0,1.0
MPLADS-000024,1,88.1,94.9,81.3,88.1,6.8,6.8,6.8,-1.9,0.2154,0.0,0.0,0.0,0.2154,0.0174,6.8,6.8,0,400.0,409.0,9.0,1.0225,1.0,1.0,1.0
MPLADS-000025,1,78.9,158.7,97.8,78.9,79.8,79.8,79.8,-11.1,0.1973,0.0,0.0,0.0,0.1973,0.0387,79.8,79.8,0,400.0,400.0,0.0,1.0,1.0,1.0,1.0
MPLADS-000026,1,21.7,87.3,88.0,21.7,65.6,65.6,65.6,-68.3,0.0564,0.0,0.0,0.0,0.0564,0.0118,65.6,65.6,0,400.0,385.0,0.0,0.9625,1.0,1.0,0.0
MPLADS-000027,1,83.2,97.0,89.3,83.2,13.8,13.8,13.8,-6.8,0.4402,0.0,0.0,0.0,0.4402,0.0135,13.8,13.8,0,180.0,189.0,9.0,1.05,1.0,1.0,1.0
MPLADS-000028,1,70.8,85.6,88.8,70.8,14.8,14.8,14.8,-19.2,0.7453,0.0,0.0,0.0,0.7453,0.0474,14.8,14.8,0,90.0,95.0,5.0,1.0556,1.0,1.0,1.0
MPLADS-000029,1,75.0,97.0,94.2,75.0,22.0,22.0,22.0,-15.0,0.487,0.0,0.0,0.0,0.487,0.0173,22.0,22.0,0,160.0,154.0,0.0,0.9625,1.0,1.0,1.0
MPLADS-000030,1,82.0,97.8,84.3,82.0,15.8,15.8,15.8,-8.0,0.3581,0.0,0.0,0.0,0.3581,0.0362,15.8,15.8,0,210.0,229.0,19.0,1.0905,1.0,1.0,1.0
MPLADS-000031,1,95.8,87.9,93.0,95.8,7.9,-7.9,-7.9,5.8,0.7917,0.0,0.0,0.0,0.7917,-0.0111,0.0,0.0,0,90.0,121.0,31.0,1.3444,1.0,1.0,1.0
MPLADS-000032,1,92.7,88.0,95.3,92.7,4.7,-4.7,-4.7,2.7,1.7491,0.0,0.0,0.0,1.7491,-0.0088,0.0,0.0,0,60.0,53.0,0.0,0.8833,1.0,1.0,1.0
MPLADS-000033,1,76.0,97.7,97.6,76.0,21.7,21.7,21.7,-14.0,0.1858,0.0,0.0,0.0,0.1858,0.0122,21.7,21.7,0,400.0,409.0,9.0,1.0225,1.0,1.0,1.0
MPLADS-000034,1,93.5,85.2,89.2,93.5,8.3,-8.3,-8.3,3.5,0.5405,0.0,0.0,0.0,0.5405,0.0064,0.0,0.0,0,180.0,173.0,0.0,0.9611,1.0,1.0,1.0
MPLADS-000035,1,81.6,92.0,96.2,81.6,10.4,10.4,10.4,-8.4,0.6915,0.0,0.0,0.0,0.6915,0.0258,10.4,10.4,0,120.0,118.0,0.0,0.9833,1.0,1.0,1.0
MPLADS-000036,1,83.7,142.9,97.0,83.7,59.2,59.2,59.2,-6.3,0.3444,0.0,0.0,0.0,0.3444,0.0232,59.2,59.2,0,210.0,243.0,33.0,1.1571,1.0,1.0,1.0
MPLADS-000037,1,57.8,88.5,97.5,57.8,30.7,30.7,30.7,-32.2,0.1204,0.0,0.0,0.0,0.1204,0.047,30.7,30.7,3,160.0,480.0,320.0,3.0,1.0,1.0,1.0
MPLADS-000038,1,97.6,94.6,87.0,97.6,3.0,-3.0,-3.0,7.6,1.1759,0.0,0.0,0.0,1.1759,0.0435,0.0,0.0,0,90.0,83.0,0.0,0.9222,1.0,1.0,1.0
MPLADS-000039,1,98.8,96.9,96.8,98.8,1.9,-1.9,-1.9,8.8,0.9234,0.0,0.0,0.0,0.9234,0.0385,0.0,0.0,0,120.0,107.0,0.0,0.8917,1.0,1.0,1.0
MPLADS-000040,1,89.0,97.3,88.2,89.0,8.3,8.3,8.3,-1.0,0.6742,0.0,0.0,0.0,0.6742,0.0456,8.3,8.3,0,120.0,132.0,12.0,1.1,1.0,1.0,1.0
MPLADS-000041,1,80.1,86.2,86.9,80.1,6.1,6.1,6.1,-9.9,0.5168,0.0,0.0,0.0,0.5168,-0.0152,6.1,6.1,0,150.0,155.0,5.0,1.0333,1.0,1.0,1.0
MPLADS-000042,1,75.2,86.7,89.3,75.2,11.5,11.5,11.5,-14.8,0.8174,0.0,0.0,0.0,0.8174,-0.0186,11.5,11.5,0,90.0,92.0,2.0,1.0222,1.0,1.0,1.0
MPLADS-000043,1,94.2,87.3,83.9,94.2,6.9,-6.9,-6.9,4.2,0.2428,0.0,0.0,0.0,0.2428,0.04,0.0,0.0,0,400.0,388.0,0.0,0.97,1.0,1.0,1.0
MPLADS-000044,1,93.8,92.2,97.3,93.8,1.6,-1.6,-1.6,3.8,0.5098,0.0,0.0,0.0,0.5098,0.0455,0.0,0.0,0,160.0,184.0,24.0,1.15,1.0,1.0,1.0
MPLADS-000045,1,11.0,42.8,82.7,11.0,31.8,31.8,31.8,-79.0,0.2245,0.0,0.0,0.0,0.2245,0.0337,31.8,31.8,0,60.0,49.0,0.0,0.8167,1.0,1.0,1.0
MPLADS-000046,1,85.7,132.1,98.3,85.7,46.4,46.4,46.4,-4.3,1.1903,0.0,0.0,0.0,1.1903,-0.018,46.4,46.4,0,60.0,72.0,12.0,1.2,1.0,1.0,1.0
MPLADS-000047,1,80.9,90.4,98.7,80.9,9.5,9.5,9.5,-9.1,0.3357,0.0,0.0,0.0,0.3357,0.0075,9.5,9.5,0,210.0,241.0,31.0,1.1476,1.0,1.0,1.0
MPLADS-000048,1,80.6,90.1,97.6,80.6,9.5,9.5,9.5,-9.4,0.352,0.0,0.0,0.0,0.352,0.0409,9.5,9.5,0,210.0,229.0,19.0,1.0905,1.0,1.0,1.0
MPLADS-000049,1,85.1,88.8,81.7,85.1,3.7,3.7,3.7,-4.9,0.5599,0.0,0.0,0.0,0.5599,0.0162,3.7,3.7,0,160.0,152.0,0.0,0.95,1.0,1.0,1.0
MPLADS-000050,1,97.1,94.8,87.5,97.1,2.3,-2.3,-2.3,7.1,0.4374,0.0,0.0,0.0,0.4374,0.0237,0.0,0.0,0,210.0,222.0,12.0,1.0571,1.0,1.0,1.0
MPLADS-000051,1,83.6,85.8,94.7,83.6,2.2,2.2,2.2,-6.4,0.486,0.0,0.0,0.0,0.486,-0.0176,2.2,2.2,0,160.0,172.0,12.0,1.075,1.0,1.0,1.0
MPLADS-000052,1,50.7,93.6,95.4,50.7,42.9,42.9,42.9,-39.3,0.1056,0.0,0.0,0.0,0.1056,-0.012,42.9,42.9,3,160.0,480.0,320.0,3.0,1.0,1.0,1.0
MPLADS-000053,1,82.8,97.8,88.2,82.8,15.0,15.0,15.0,-7.2,0.9517,0.0,0.0,0.0,0.9517,0.0168,15.0,15.0,0,90.0,87.0,0.0,0.9667,1.0,1.0,1.0
MPLADS-000054,1,76.4,97.2,88.6,76.4,20.8,20.8,20.8,-13.6,0.9095,0.0,0.0,0.0,0.9095,0.01,20.8,20.8,0,60.0,84.0,24.0,1.4,1.0,1.0,1.0
MPLADS-000055,1,77.8,85.1,95.6,77.8,7.3,7.3,7.3,-12.2,0.374,0.0,0.0,0.0,0.374,0.0444,7.3,7.3,0,210.0,208.0,0.0,0.9905,1.0,1.0,1.0
MPLADS-000056,1,70.3,89.6,97.6,70.3,19.3,19.3,19.3,-19.7,0.4718,0.0,0.0,0.0,0.4718,-0.0017,19.3,19.3,0,120.0,149.0,29.0,1.2417,1.0,1.0,1.0
MPLADS-000057,1,88.4,88.3,87.2,88.4,0.1,-0.1,-0.1,-1.6,0.9714,0.0,0.0,0.0,0.9714,0.025,0.0,0.0,0,60.0,91.0,31.0,1.5167,1.0,1.0,1.0
MPLADS-000058,1,86.3,92.8,95.3,86.3,6.5,6.5,6.5,-3.7,0.5604,0.0,0.0,0.0,0.5604,0.0303,6.5,6.5,0,150.0,154.0,4.0,1.0267,1.0,1.0,1.0
MPLADS-000059,1,80.2,88.1,87.1,80.2,7.9,7.9,7.9,-9.8,1.5423,0.0,0.0,0.0,1.5423,0.0204,7.9,7.9,0,60.0,52.0,0.0,0.8667,1.0,1.0,1.0
MPLADS-000060,1,83.9,94.1,81.3,83.9,10.2,10.2,10.2,-6.1,0.3902,0.0,0.0,0.0,0.3902,-0.0096,10.2,10.2,0,210.0,215.0,5.0,1.0238,1.0,1.0,1.0
MPLADS-000061,1,75.4,90.7,93.2,75.4,15.3,15.3,15.3,-14.6,0.6981,0.0,0.0,0.0,0.6981,-0.011,15.3,15.3,0,90.0,108.0,18.0,1.2,1.0,1.0,1.0
MPLADS-000062,1,83.8,86.2,87.0,83.8,2.4,2.4,2.4,-6.2,0.6598,0.0,0.0,0.0,0.6598,-0.012,2.4,2.4,0,120.0,127.0,7.0,1.0583,1.0,1.0,1.0
MPLADS-000063,1,88.6,136.1,92.5,88.6,47.5,47.5,47.5,-1.4,0.495,0.0,0.0,0.0,0.495,-0.006,47.5,47.5,0,180.0,179.0,0.0,0.9944,1.0,1.0,1.0
MPLADS-000064,1,69.5,95.0,85.8,69.5,25.5,25.5,25.5,-20.5,0.0827,0.0,0.0,0.0,0.0827,0.0483,25.5,25.5,4,210.0,840.0,630.0,4.0,1.0,1.0,1.0
MPLADS-000065,1,75.4,139.1,86.8,75.4,63.7,63.7,63.7,-14.6,0.1795,0.0,0.0,0.0,0.1795,-0.0036,63.7,63.7,0,400.0,420.0,20.0,1.05,1.0,1.0,1.0
MPLADS-000066,1,74.8,89.6,88.5,74.8,14.8,14.8,14.8,-15.2,0.68,0.0,0.0,0.0,0.68,-0.0115,14.8,14.8,0,90.0,110.0,20.0,1.2222,1.0,1.0,1.0
MPLADS-000067,1,19.2,55.0,88.5,19.2,35.8,35.8,35.8,-70.8,0.079,0.0,0.0,0.0,0.079,-0.0101,35.8,35.8,0,210.0,243.0,33.0,1.1571,1.0,1.0,1.0
MPLADS-000068,1,87.8,132.0,85.4,87.8,44.2,44.2,44.2,-2.2,0.5522,0.0,0.0,0.0,0.5522,0.0038,44.2,44.2,0,160.0,159.0,0.0,0.9938,1.0,1.0,1.0
MPLADS-000069,1,85.4,97.5,96.3,85.4,12.1,12.1,12.1,-4.6,0.4543,0.0,0.0,0.0,0.4543,0.0283,12.1,12.1,0,180.0,188.0,8.0,1.0444,1.0,1.0,1.0
MPLADS-000070,1,91.6,96.5,99.6,91.6,4.9,4.9,4.9,1.6,0.2171,0.0,0.0,0.0,0.2171,-0.0049,4.9,4.9,0,400.0,422.0,22.0,1.055,1.0,1.0,1.0
MPLADS-000071,1,81.6,85.5,96.4,81.6,3.9,3.9,3.9,-8.4,1.4571,0.0,0.0,0.0,1.4571,-0.0047,3.9,3.9,0,60.0,56.0,0.0,0.9333,1.0,1.0,1.0
MPLADS-000072,1,28.6,98.5,93.9,28.6,69.9,69.9,69.9,-61.4,0.1554,0.0,0.0,0.0,0.1554,0.0238,69.9,69.9,0,150.0,184.0,34.0,1.2267,1.0,1.0,0.0
MPLADS-000073,1,71.7,142.9,95.9,71.7,71.2,71.2,71.2,-18.3,0.4399,0.0,0.0,0.0,0.4399,0.012,71.2,71.2,0,150.0,163.0,13.0,1.0867,1.0,1.0,1.0
MPLADS-000074,1,84.6,88.4,96.6,84.6,3.8,3.8,3.8,-5.4,0.8214,0.0,0.0,0.0,0.8214,0.028,3.8,3.8,0,90.0,103.0,13.0,1.1444,1.0,1.0,1.0
MPLADS-000075,1,79.3,132.2,95.1,79.3,52.9,52.9,52.9,-10.7,0.385,0.0,0.0,0.0,0.385,0.0421,52.9,52.9,0,180.0,206.0,26.0,1.1444,1.0,1.0,1.0
MPLADS-000076,1,80.3,91.8,92.0,80.3,11.5,11.5,11.5,-9.7,0.4436,0.0,0.0,0.0,0.4436,0.0253,11.5,11.5,0,180.0,181.0,1.0,1.0056,1.0,1.0,1.0
MPLADS-000077,1,86.7,91.2,85.7,86.7,4.5,4.5,4.5,-3.3,0.3583,0.0,0.0,0.0,0.3583,0.002,4.5,4.5,0,210.0,242.0,32.0,1.1524,1.0,1.0,1.0
MPLADS-000078,1,99.0,94.9,89.5,99.0,4.1,-4.1,-4.1,9.0,0.7122,0.0,0.0,0.0,0.7122,0.0249,0.0,0.0,0,120.0,139.0,19.0,1.1583,1.0,1.0,1.0
MPLADS-000079,1,93.6,94.5,84.6,93.6,0.9,0.9,0.9,3.6,1.17,0.0,0.0,0.0,1.17,0.0339,0.9,0.9,0,60.0,80.0,20.0,1.3333,1.0,1.0,1.0
MPLADS-000080,1,97.9,89.2,85.6,97.9,8.7,-8.7,-8.7,7.9,0.8227,0.0,0.0,0.0,0.8227,-0.0083,0.0,0.0,0,120.0,119.0,0.0,0.9917,1.0,1.0,1.0
MPLADS-000081,1,84.3,88.6,81.4,84.3,4.3,4.3,4.3,-5.7,0.3832,0.0,0.0,0.0,0.3832,-0.0148,4.3,4.3,0,210.0,220.0,10.0,1.0476,1.0,1.0,1.0
MPLADS-000082,1,88.1,87.7,90.9,88.1,0.4,-0.4,-0.4,-1.9,0.4711,0.0,0.0,0.0,0.4711,0.04,0.0,0.0,0,180.0,187.0,7.0,1.0389,1.0,1.0,1.0
MPLADS-000083,1,74.0,87.0,98.5,74.0,13.0,13.0,13.0,-16.0,0.1741,0.0,0.0,0.0,0.1741,-0.0133,13.0,13.0,0,400.0,425.0,25.0,1.0625,1.0,1.0,1.0
MPLADS-000084,1,66.2,86.1,85.3,66.2,19.9,19.9,19.9,-23.8,0.1034,0.0,0.0,0.0,0.1034,0.0398,19.9,19.9,2,160.0,640.0,480.0,4.0,1.0,1.0,1.0
MPLADS-000085,1,91.0,91.5,80.6,91.0,0.5,0.5,0.5,1.0,0.5291,0.0,0.0,0.0,0.5291,-0.0063,0.5,0.5,0,160.0,172.0,12.0,1.075,1.0,1.0,1.0
MPLADS-000086,1,92.3,91.2,99.3,92.3,1.1,-1.1,-1.1,2.3,0.229,0.0,0.0,0.0,0.229,0.038,0.0,0.0,0,400.0,403.0,3.0,1.0075,1.0,1.0,1.0
MPLADS-000087,1,71.5,91.0,80.1,71.5,19.5,19.5,19.5,-18.5,0.4414,0.0,0.0,0.0,0.4414,0.0285,19.5,19.5,0,150.0,162.0,12.0,1.08,1.0,1.0,1.0
MPLADS-000088,1,16.0,85.6,94.9,16.0,69.6,69.6,69.6,-74.0,0.0377,0.0,0.0,0.0,0.0377,0.0408,69.6,69.6,0,400.0,424.0,24.0,1.06,1.0,1.0,0.0
MPLADS-000089,1,70.8,85.3,97.4,70.8,14.5,14.5,14.5,-19.2,0.3707,0.0,0.0,0.0,0.3707,-0.0112,14.5,14.5,0,180.0,191.0,11.0,1.0611,1.0,1.0,1.0
MPLADS-000090,1,93.4,90.6,80.1,93.4,2.8,-2.8,-2.8,3.4,0.2284,0.0,0.0,0.0,0.2284,0.0015,0.0,0.0,0,400.0,409.0,9.0,1.0225,1.0,1.0,1.0
MPLADS-000091,1,70.4,95.8,89.1,70.4,25.4,25.4,25.4,-19.6,0.5457,0.0,0.0,0.0,0.5457,-0.0087,25.4,25.4,0,120.0,129.0,9.0,1.075,1.0,1.0,1.0
MPLADS-000092,1,79.8,87.7,99.0,79.8,7.9,7.9,7.9,-10.2,0.4613,0.0,0.0,0.0,0.4613,-0.0152,7.9,7.9,0,150.0,173.0,23.0,1.1533,1.0,1.0,1.0
MPLADS-000093,1,83.1,92.9,83.0,83.1,9.8,9.8,9.8,-6.9,0.4617,0.0,0.0,0.0,0.4617,-0.0054,9.8,9.8,0,180.0,180.0,0.0,1.0,1.0,1.0,1.0
MPLADS-000094,1,90.6,92.1,85.1,90.6,1.5,1.5,1.5,0.6,0.3807,0.0,0.0,0.0,0.3807,0.0031,1.5,1.5,0,210.0,238.0,28.0,1.1333,1.0,1.0,1.0
MPLADS-000095,1,95.5,157.8,84.9,95.5,62.3,62.3,62.3,5.5,0.5685,0.0,0.0,0.0,0.5685,-0.0027,62.3,62.3,0,160.0,168.0,8.0,1.05,1.0,1.0,1.0
MPLADS-000096,1,79.5,86.8,80.9,79.5,7.3,7.3,7.3,-10.5,0.5064,0.0,0.0,0.0,0.5064,-0.0047,7.3,7.3,0,160.0,157.0,0.0,0.9812,1.0,1.0,1.0
MPLADS-000097,1,20.0,44.7,83.1,20.0,24.7,24.7,24.7,-70.0,0.05,0.0,0.0,0.0,0.05,-0.0175,24.7,24.7,0,400.0,400.0,0.0,1.0,1.0,1.0,1.0
MPLADS-000098,1,99.1,87.8,98.8,99.1,11.3,-11.3,-11.3,9.1,0.5135,0.0,0.0,0.0,0.5135,0.0123,0.0,0.0,0,160.0,193.0,33.0,1.2063,1.0,1.0,1.0
MPLADS-000099,1,94.1,96.5,97.7,94.1,2.4,2.4,2.4,4.1,0.9048,0.0,0.0,0.0,0.9048,0.0332,2.4,2.4,0,90.0,104.0,14.0,1.1556,1.0,1.0,1.0
MPLADS-000100,1,97.6,90.8,90.4,97.6,6.8,-6.8,-6.8,7.6,0.5988,0.0,0.0,0.0,0.5988,-0.0092,0.0,0.0,0,150.0,163.0,13.0,1.0867,1.0,1.0,1.0
MPLADS-000101,1,91.3,95.7,94.2,91.3,4.4,4.4,4.4,1.3,0.6007,0.0,0.0,0.0,0.6007,-0.0094,4.4,4.4,0,160.0,152.0,0.0,0.95,1.0,1.0,1.0
MPLADS-000102,1,97.7,89.8,98.4,97.7,7.9,-7.9,-7.9,7.7,0.2461,0.0,0.0,0.0,0.2461,0.0388,0.0,0.0,0,400.0,397.0,0.0,0.9925,1.0,1.0,1.0
MPLADS-000103,1,30.2,89.7,91.8,30.2,59.5,59.5,59.5,-59.8,0.1398,0.0,0.0,0.0,0.1398,0.0345,59.5,59.5,0,210.0,216.0,6.0,1.0286,1.0,1.0,0.0
MPLADS-000104,1,86.1,94.9,98.3,86.1,8.8,8.8,8.8,-3.9,0.5095,0.0,0.0,0.0,0.5095,0.0306,8.8,8.8,0,160.0,169.0,9.0,1.0562,1.0,1.0,1.0
MPLADS-000105,1,79.5,90.6,89.9,79.5,11.1,11.1,11.1,-10.5,0.9034,0.0,0.0,0.0,0.9034,0.031,11.1,11.1,0,90.0,88.0,0.0,0.9778,1.0,1.0,1.0
MPLADS-000106,1,95.8,96.9,94.5,95.8,1.1,1.1,1.1,5.8,1.2773,0.0,0.0,0.0,1.2773,0.0293,1.1,1.1,0,60.0,75.0,15.0,1.25,1.0,1.0,1.0
MPLADS-000107,1,72.4,97.0,93.9,72.4,24.6,24.6,24.6,-17.6,0.3321,0.0,0.0,0.0,0.3321,0.023,24.6,24.6,0,210.0,218.0,8.0,1.0381,1.0,1.0,1.0
MPLADS-000108,1,97.3,94.3,94.9,97.3,3.0,-3.0,-3.0,7.3,0.8176,0.0,0.0,0.0,0.8176,0.0492,0.0,0.0,0,120.0,119.0,0.0,0.9917,1.0,1.0,1.0
MPLADS-000109,1,78.8,93.5,81.6,78.8,14.7,14.7,14.7,-11.2,1.0234,0.0,0.0,0.0,1.0234,0.0093,14.7,14.7,0,60.0,77.0,17.0,1.2833,1.0,1.0,1.0
MPLADS-000110,1,84.5,95.7,81.9,84.5,11.2,11.2,11.2,-5.5,1.1118,0.0,0.0,0.0,1.1118,0.0494,11.2,11.2,0,90.0,76.0,0.0,0.8444,1.0,1.0,1.0
MPLADS-000111,1,81.8,85.7,88.7,81.8,3.9,3.9,3.9,-8.2,0.4869,0.0,0.0,0.0,0.4869,0.0341,3.9,3.9,0,150.0,168.0,18.0,1.12,1.0,1.0,1.0
MPLADS-000112,1,73.9,94.4,96.7,73.9,20.5,20.5,20.5,-16.1,0.4993,0.0,0.0,0.0,0.4993,-0.0165,20.5,20.5,0,160.0,148.0,0.0,0.925,1.0,1.0,1.0
MPLADS-000113,1,99.2,86.4,93.5,99.2,12.8,-12.8,-12.8,9.2,0.6841,0.0,0.0,0.0,0.6841,0.0293,0.0,0.0,0,120.0,145.0,25.0,1.2083,1.0,1.0,1.0
MPLADS-000114,1,79.7,94.4,86.4,79.7,14.7,14.7,14.7,-10.3,1.0218,0.0,0.0,0.0,1.0218,0.0414,14.7,14.7,0,90.0,78.0,0.0,0.8667,1.0,1.0,1.0
MPLADS-000115,1,91.1,87.8,88.3,91.1,3.3,-3.3,-3.3,1.1,0.5327,0.0,0.0,0.0,0.5327,0.0016,0.0,0.0,0,180.0,171.0,0.0,0.95,1.0,1.0,1.0
MPLADS-000116,1,72.0,90.4,99.6,72.0,18.4,18.4,18.4,-18.0,1.1077,0.0,0.0,0.0,1.1077,0.0224,18.4,18.4,0,60.0,65.0,5.0,1.0833,1.0,1.0,1.0
MPLADS-000117,1,87.9,88.0,98.5,87.9,0.1,0.1,0.1,-2.1,0.5708,0.0,0.0,0.0,0.5708,0.0402,0.1,0.1,0,160.0,154.0,0.0,0.9625,1.0,1.0,1.0
MPLADS-000118,1,98.7,86.5,86.6,98.7,12.2,-12.2,-12.2,8.7,0.4446,0.0,0.0,0.0,0.4446,0.0144,0.0,0.0,0,210.0,222.0,12.0,1.0571,1.0,1.0,1.0
MPLADS-000119,1,84.8,154.3,89.0,84.8,69.5,69.5,69.5,-5.2,0.4711,0.0,0.0,0.0,0.4711,0.0012,69.5,69.5,0,150.0,180.0,30.0,1.2,1.0,1.0,1.0
MPLADS-000120,1,74.9,95.7,85.0,74.9,20.8,20.8,20.8,-15.1,0.3672,0.0,0.0,0.0,0.3672,0.0488,20.8,20.8,0,180.0,204.0,24.0,1.1333,0.0,0.0,0.0
MPLADS-000121,1,72.1,90.8,80.8,72.1,18.7,18.7,18.7,-17.9,0.5007,0.0,0.0,0.0,0.5007,-0.0006,18.7,18.7,0,120.0,144.0,24.0,1.2,1.0,1.0,1.0
MPLADS-000122,1,60.3,94.8,81.0,60.3,34.5,34.5,34.5,-29.7,0.0718,0.0,0.0,0.0,0.0718,-0.0046,34.5,34.5,3,210.0,840.0,630.0,4.0,1.0,1.0,1.0
MPLADS-000123,1,88.3,95.4,83.6,88.3,7.1,7.1,7.1,-1.7,0.609,0.0,0.0,0.0,0.609,0.0354,7.1,7.1,0,160.0,145.0,0.0,0.9062,1.0,1.0,1.0
MPLADS-000124,1,73.6,93.0,80.5,73.6,19.4,19.4,19.4,-16.4,0.846,0.0,0.0,0.0,0.846,0.0448,19.4,19.4,0,90.0,87.0,0.0,0.9667,1.0,1.0,1.0
MPLADS-000125,1,99.5,158.2,85.3,99.5,58.7,58.7,58.7,9.5,0.4807,0.0,0.0,0.0,0.4807,0.0275,58.7,58.7,0,210.0,207.0,0.0,0.9857,1.0,1.0,1.0
MPLADS-000126,1,83.9,90.7,81.9,83.9,6.8,6.8,6.8,-6.1,1.583,0.0,0.0,0.0,1.583,0.0021,6.8,6.8,0,60.0,53.0,0.0,0.8833,1.0,1.0,1.0
MPLADS-000127,1,76.2,91.6,89.0,76.2,15.4,15.4,15.4,-13.8,0.3594,0.0,0.0,0.0,0.3594,0.0339,15.4,15.4,0,210.0,212.0,2.0,1.0095,1.0,1.0,1.0
MPLADS-000128,1,83.9,88.4,80.8,83.9,4.5,4.5,4.5,-6.1,1.7122,0.0,0.0,0.0,1.7122,0.0286,4.5,4.5,0,60.0,49.0,0.0,0.8167,1.0,1.0,1.0
MPLADS-000129,1,18.4,87.2,81.0,18.4,68.8,68.8,68.8,-71.6,0.1269,0.0,0.0,0.0,0.1269,0.0065,68.8,68.8,0,160.0,145.0,0.0,0.9062,1.0,1.0,0.0
MPLADS-000130,1,85.6,90.6,83.0,85.6,5.0,5.0,5.0,-4.4,0.8392,0.0,0.0,0.0,0.8392,0.0285,5.0,5.0,0,90.0,102.0,12.0,1.1333,1.0,1.0,1.0
MPLADS-000131,1,87.8,144.5,89.4,87.8,56.7,56.7,56.7,-2.2,0.5522,0.0,0.0,0.0,0.5522,0.0043,56.7,56.7,0,150.0,159.0,9.0,1.06,1.0,1.0,1.0
MPLADS-000132,1,75.5,89.7,98.4,75.5,14.2,14.2,14.2,-14.5,0.4441,0.0,0.0,0.0,0.4441,-0.0135,14.2,14.2,0,180.0,170.0,0.0,0.9444,1.0,1.0,1.0
MPLADS-000133,1,98.1,94.6,95.1,98.1,3.5,-3.5,-3.5,8.1,0.7109,0.0,0.0,0.0,0.7109,0.0229,0.0,0.0,0,150.0,138.0,0.0,0.92,1.0,1.0,1.0
MPLADS-000134,1,92.3,95.2,87.1,92.3,2.9,2.9,2.9,2.3,0.4547,0.0,0.0,0.0,0.4547,0.0309,2.9,2.9,0,180.0,203.0,23.0,1.1278,1.0,1.0,1.0
MPLADS-000135,1,99.3,94.2,97.9,99.3,5.1,-5.1,-5.1,9.3,0.7523,0.0,0.0,0.0,0.7523,0.0425,0.0,0.0,0,120.0,132.0,12.0,1.1,1.0,1.0,1.0
MPLADS-000136,1,28.1,89.7,82.3,28.1,61.6,61.6,61.6,-61.9,0.1398,0.0,0.0,0.0,0.1398,0.0048,61.6,61.6,0,180.0,201.0,21.0,1.1167,1.0,1.0,0.0
MPLADS-000137,1,73.6,85.5,87.7,73.6,11.9,11.9,11.9,-16.4,0.5295,0.0,0.0,0.0,0.5295,0.0257,11.9,11.9,0,150.0,139.0,0.0,0.9267,1.0,1.0,1.0
MPLADS-000138,1,83.2,87.1,97.5,83.2,3.9,3.9,3.9,-6.8,0.4139,0.0,0.0,0.0,0.4139,0.0221,3.9,3.9,0,180.0,201.0,21.0,1.1167,1.0,1.0,1.0
MPLADS-000139,1,89.8,130.3,94.8,89.8,40.5,40.5,40.5,-0.2,0.4468,0.0,0.0,0.0,0.4468,0.0067,40.5,40.5,0,180.0,201.0,21.0,1.1167,1.0,1.0,1.0
MPLADS-000140,1,10.1,50.7,84.5,10.1,40.6,40.6,40.6,-79.9,0.0564,0.0,0.0,0.0,0.0564,0.0175,40.6,40.6,0,160.0,179.0,19.0,1.1187,1.0,1.0,1.0
MPLADS-000141,1,86.2,90.7,97.1,86.2,4.5,4.5,4.5,-3.8,0.9578,0.0,0.0,0.0,0.9578,0.0265,4.5,4.5,0,90.0,90.0,0.0,1.0,1.0,1.0,1.0
MPLADS-000142,1,91.5,91.4,97.9,91.5,0.1,-0.1,-0.1,1.5,0.5613,0.0,0.0,0.0,0.5613,-0.0153,0.0,0.0,0,150.0,163.0,13.0,1.0867,1.0,1.0,1.0
MPLADS-000143,1,80.3,89.6,95.2,80.3,9.3,9.3,9.3,-9.7,0.6636,0.0,0.0,0.0,0.6636,0.0437,9.3,9.3,0,120.0,121.0,1.0,1.0083,1.0,1.0,1.0
MPLADS-000144,1,75.5,86.8,87.9,75.5,11.3,11.3,11.3,-14.5,0.6509,0.0,0.0,0.0,0.6509,0.0142,11.3,11.3,0,90.0,116.0,26.0,1.2889,1.0,1.0,1.0
MPLADS-000145,1,88.0,87.5,99.3,88.0,0.5,-0.5,-0.5,-2.0,0.6875,0.0,0.0,0.0,0.6875,-0.0055,0.0,0.0,0,120.0,128.0,8.0,1.0667,1.0,1.0,1.0
MPLADS-000146,1,33.5,88.2,88.8,33.5,54.7,54.7,54.7,-56.5,0.2617,0.0,0.0,0.0,0.2617,-0.0056,54.7,54.7,0,120.0,128.0,8.0,1.0667,1.0,1.0,0.0
MPLADS-000147,1,81.6,90.4,84.3,81.6,8.8,8.8,8.8,-8.4,0.8242,0.0,0.0,0.0,0.8242,0.048,8.8,8.8,0,90.0,99.0,9.0,1.1,1.0,1.0,1.0
MPLADS-000148,1,84.0,92.8,82.4,84.0,8.8,8.8,8.8,-6.0,0.4038,0.0,0.0,0.0,0.4038,-0.0018,8.8,8.8,0,210.0,208.0,0.0,0.9905,1.0,1.0,1.0
MPLADS-000149,1,89.5,90.2,98.1,89.5,0.7,0.7,0.7,-0.5,0.6259,0.0,0.0,0.0,0.6259,0.032,0.7,0.7,0,120.0,143.0,23.0,1.1917,1.0,1.0,1.0
MPLADS-000150,1,13.7,56.7,86.1,13.7,43.0,43.0,43.0,-76.3,0.071,0.0,0.0,0.0,0.071,0.0356,43.0,43.0,0,180.0,193.0,13.0,1.0722,1.0,1.0,1.0
MPLADS-000151,1,91.5,89.0,89.2,91.5,2.5,-2.5,-2.5,1.5,0.9734,0.0,0.0,0.0,0.9734,0.0475,0.0,0.0,0,90.0,94.0,4.0,1.0444,1.0,1.0,1.0
MPLADS-000152,1,87.9,91.8,90.7,87.9,3.9,3.9,3.9,-2.1,1.5155,0.0,0.0,0.0,1.5155,0.0427,3.9,3.9,0,60.0,58.0,0.0,0.9667,1.0,1.0,1.0
MPLADS-000153,1,88.0,95.0,84.7,88.0,7.0,7.0,7.0,-2.0,1.0233,0.0,0.0,0.0,1.0233,-0.0039,7.0,7.0,0,60.0,86.0,26.0,1.4333,1.0,1.0,1.0
MPLADS-000154,1,77.9,89.3,91.6,77.9,11.4,11.4,11.4,-12.1,0.1837,0.0,0.0,0.0,0.1837,-0.0006,11.4,11.4,0,400.0,424.0,24.0,1.06,1.0,1.0,1.0
MPLADS-000155,1,70.2,92.1,92.5,70.2,21.9,21.9,21.9,-19.8,0.164,0.0,0.0,0.0,0.164,0.0207,21.9,21.9,0,400.0,428.0,28.0,1.07,1.0,1.0,1.0
MPLADS-000156,1,85.2,96.3,98.9,85.2,11.1,11.1,11.1,-4.8,0.5718,0.0,0.0,0.0,0.5718,0.0078,11.1,11.1,0,160.0,149.0,0.0,0.9313,1.0,1.0,1.0
MPLADS-000157,1,98.5,93.9,96.0,98.5,4.6,-4.6,-4.6,8.5,0.2519,0.0,0.0,0.0,0.2519,0.0461,0.0,0.0,0,400.0,391.0,0.0,0.9775,1.0,1.0,1.0
MPLADS-000158,1,77.1,88.4,85.7,77.1,11.3,11.3,11.3,-12.9,0.4974,0.0,0.0,0.0,0.4974,0.0236,11.3,11.3,0,160.0,155.0,0.0,0.9688,1.0,1.0,1.0
MPLADS-000159,1,98.9,88.1,90.4,98.9,10.8,-10.8,-10.8,8.9,0.5404,0.0,0.0,0.0,0.5404,0.0322,0.0,0.0,0,150.0,183.0,33.0,1.22,1.0,1.0,1.0
MPLADS-000160,1,77.6,95.8,94.8,77.6,18.2,18.2,18.2,-12.4,0.5315,0.0,0.0,0.0,0.5315,0.0469,18.2,18.2,0,150.0,146.0,0.0,0.9733,1.0,1.0,1.0
MPLADS-000161,1,73.9,91.6,99.1,73.9,17.7,17.7,17.7,-16.1,0.1755,0.0,0.0,0.0,0.1755,0.0113,17.7,17.7,0,400.0,421.0,21.0,1.0525,1.0,1.0,1.0
MPLADS-000162,1,70.9,96.2,87.1,70.9,25.3,25.3,25.3,-19.1,0.4246,0.0,0.0,0.0,0.4246,0.0205,25.3,25.3,0,160.0,167.0,7.0,1.0437,1.0,1.0,1.0
MPLADS-000163,1,75.5,87.8,86.1,75.5,12.3,12.3,12.3,-14.5,0.9437,0.0,0.0,0.0,0.9437,0.0432,12.3,12.3,0,60.0,80.0,20.0,1.3333,1.0,1.0,1.0
MPLADS-000164,1,70.8,93.6,88.8,70.8,22.8,22.8,22.8,-19.2,0.8741,0.0,0.0,0.0,0.8741,0.0356,22.8,22.8,0,90.0,81.0,0.0,0.9,1.0,1.0,1.0
MPLADS-000165,1,84.0,88.4,98.6,84.0,4.4,4.4,4.4,-6.0,0.503,0.0,0.0,0.0,0.503,0.0348,4.4,4.4,0,180.0,167.0,0.0,0.9278,1.0,1.0,1.0
MPLADS-000166,1,46.8,88.9,81.1,46.8,42.1,42.1,42.1,-43.2,0.0975,0.0,0.0,0.0,0.0975,0.0478,42.1,42.1,2,120.0,480.0,360.0,4.0,1.0,1.0,1.0
MPLADS-000167,1,97.0,86.2,90.5,97.0,10.8,-10.8,-10.8,7.0,0.8739,0.0,0.0,0.0,0.8739,0.0075,0.0,0.0,0,120.0,111.0,0.0,0.925,1.0,1.0,1.0
MPLADS-000168,1,91.7,85.5,81.3,91.7,6.2,-6.2,-6.2,1.7,0.4585,0.0,0.0,0.0,0.4585,0.0343,0.0,0.0,0,210.0,200.0,0.0,0.9524,1.0,1.0,1.0
MPLADS-000169,1,16.0,63.6,91.0,16.0,47.6,47.6,47.6,-74.0,0.125,0.0,0.0,0.0,0.125,0.0186,47.6,47.6,0,120.0,128.0,8.0,1.0667,1.0,1.0,1.0
MPLADS-000170,1,95.7,97.6,99.3,95.7,1.9,1.9,1.9,5.7,0.6214,0.0,0.0,0.0,0.6214,0.0443,1.9,1.9,0,160.0,154.0,0.0,0.9625,1.0,1.0,1.0
MPLADS-000171,1,79.6,85.5,95.3,79.6,5.9,5.9,5.9,-10.4,0.1946,0.0,0.0,0.0,0.1946,0.0089,5.9,5.9,0,400.0,409.0,9.0,1.0225,0.0,0.0,0.0
MPLADS-000172,1,97.4,133.7,87.3,97.4,36.3,36.3,36.3,7.4,0.2423,0.0,0.0,0.0,0.2423,0.0355,36.3,36.3,0,400.0,402.0,2.0,1.005,1.0,1.0,1.0
MPLADS-000173,1,90.9,86.7,90.0,90.9,4.2,-4.2,-4.2,0.9,0.4914,0.0,0.0,0.0,0.4914,0.0378,0.0,0.0,0,180.0,185.0,5.0,1.0278,1.0,1.0,1.0
MPLADS-000174,1,92.4,89.8,91.6,92.4,2.6,-2.6,-2.6,2.4,0.55,0.0,0.0,0.0,0.55,0.0421,0.0,0.0,0,150.0,168.0,18.0,1.12,1.0,1.0,1.0
MPLADS-000175,1,87.8,88.3,86.5,87.8,0.5,0.5,0.5,-2.2,0.4526,0.0,0.0,0.0,0.4526,0.0226,0.5,0.5,0,180.0,194.0,14.0,1.0778,0.0,0.0,0.0
MPLADS-000176,1,89.5,85.4,80.1,89.5,4.1,-4.1,-4.1,-0.5,0.5296,0.0,0.0,0.0,0.5296,-0.0112,0.0,0.0,0,160.0,169.0,9.0,1.0562,1.0,1.0,1.0
MPLADS-000177,1,87.6,93.3,95.0,87.6,5.7,5.7,5.7,-2.4,0.5006,0.0,0.0,0.0,0.5006,0.0109,5.7,5.7,0,160.0,175.0,15.0,1.0938,1.0,1.0,1.0
MPLADS-000178,1,99.8,93.1,85.3,99.8,6.7,-6.7,-6.7,9.8,0.4685,0.0,0.0,0.0,0.4685,-0.0185,0.0,0.0,0,180.0,213.0,33.0,1.1833,1.0,1.0,1.0
MPLADS-000179,1,87.8,86.0,96.1,87.8,1.8,-1.8,-1.8,-2.2,0.5776,0.0,0.0,0.0,0.5776,-0.0143,0.0,0.0,0,120.0,152.0,32.0,1.2667,1.0,1.0,1.0
MPLADS-000180,1,30.8,94.6,97.4,30.8,63.8,63.8,63.8,-59.2,0.1532,0.0,0.0,0.0,0.1532,0.0334,63.8,63.8,0,180.0,201.0,21.0,1.1167,1.0,1.0,0.0
MPLADS-000181,1,84.5,96.5,99.7,84.5,12.0,12.0,12.0,-5.5,0.4592,0.0,0.0,0.0,0.4592,0.0177,12.0,12.0,0,150.0,184.0,34.0,1.2267,1.0,1.0,1.0
MPLADS-000182,1,97.0,86.9,88.3,97.0,10.1,-10.1,-10.1,7.0,0.5706,0.0,0.0,0.0,0.5706,0.0305,0.0,0.0,0,160.0,170.0,10.0,1.0625,1.0,1.0,1.0
MPLADS-000183,1,86.8,86.7,89.2,86.8,0.1,-0.1,-0.1,-3.2,0.3587,0.0,0.0,0.0,0.3587,0.0188,0.0,0.0,0,210.0,242.0,32.0,1.1524,1.0,1.0,1.0
MPLADS-000184,1,81.9,89.8,86.6,81.9,7.9,7.9,7.9,-8.1,0.3938,0.0,0.0,0.0,0.3938,0.003,7.9,7.9,0,210.0,208.0,0.0,0.9905,1.0,1.0,1.0
MPLADS-000185,1,95.1,88.8,84.2,95.1,6.3,-6.3,-6.3,5.1,0.5283,0.0,0.0,0.0,0.5283,0.0325,0.0,0.0,0,150.0,180.0,30.0,1.2,1.0,1.0,1.0
MPLADS-000186,1,73.8,97.7,91.5,73.8,23.9,23.9,23.9,-16.2,0.3223,0.0,0.0,0.0,0.3223,0.0152,23.9,23.9,0,210.0,229.0,19.0,1.0905,1.0,1.0,1.0
MPLADS-000187,1,90.5,88.1,99.1,90.5,2.4,-2.4,-2.4,0.5,0.5171,0.0,0.0,0.0,0.5171,0.0152,0.0,0.0,0,180.0,175.0,0.0,0.9722,1.0,1.0,1.0
MPLADS-000188,1,98.2,88.5,82.2,98.2,9.7,-9.7,-9.7,8.2,0.8768,0.0,0.0,0.0,0.8768,-0.0048,0.0,0.0,0,120.0,112.0,0.0,0.9333,1.0,1.0,1.0
MPLADS-000189,1,71.0,97.4,99.1,71.0,26.4,26.4,26.4,-19.0,0.7396,0.0,0.0,0.0,0.7396,0.0291,26.4,26.4,0,90.0,96.0,6.0,1.0667,1.0,1.0,1.0
MPLADS-000190,1,79.7,90.6,95.9,79.7,10.9,10.9,10.9,-10.3,0.5109,0.0,0.0,0.0,0.5109,0.0398,10.9,10.9,0,160.0,156.0,0.0,0.975,1.0,1.0,1.0
MPLADS-000191,1,82.4,85.5,95.0,82.4,3.1,3.1,3.1,-7.6,0.203,0.0,0.0,0.0,0.203,0.0312,3.1,3.1,0,400.0,406.0,6.0,1.015,1.0,1.0,1.0
MPLADS-000192,1,75.1,92.0,99.0,75.1,16.9,16.9,16.9,-14.9,0.3663,0.0,0.0,0.0,0.3663,-0.0147,16.9,16.9,0,210.0,205.0,0.0,0.9762,1.0,1.0,1.0
MPLADS-000193,1,77.1,89.1,95.6,77.1,12.0,12.0,12.0,-12.9,0.5547,0.0,0.0,0.0,0.5547,0.0308,12.0,12.0,0,150.0,139.0,0.0,0.9267,1.0,1.0,1.0
MPLADS-000194,1,81.0,92.6,97.0,81.0,11.6,11.6,11.6,-9.0,0.587,0.0,0.0,0.0,0.587,0.0028,11.6,11.6,0,120.0,138.0,18.0,1.15,1.0,1.0,1.0
MPLADS-000195,1,97.4,90.2,83.6,97.4,7.2,-7.2,-7.2,7.4,0.9939,0.0,0.0,0.0,0.9939,0.0327,0.0,0.0,0,90.0,98.0,8.0,1.0889,1.0,1.0,1.0
MPLADS-000196,1,93.2,97.9,88.0,93.2,4.7,4.7,4.7,3.2,0.4315,0.0,0.0,0.0,0.4315,0.0052,4.7,4.7,0,210.0,216.0,6.0,1.0286,1.0,1.0,1.0
MPLADS-000197,1,90.8,93.2,86.7,90.8,2.4,2.4,2.4,0.8,0.4989,0.0,0.0,0.0,0.4989,0.01,2.4,2.4,0,180.0,182.0,2.0,1.0111,1.0,1.0,1.0
MPLADS-000198,1,99.9,89.4,89.9,99.9,10.5,-10.5,-10.5,9.9,1.9588,0.0,0.0,0.0,1.9588,0.0085,0.0,0.0,0,60.0,51.0,0.0,0.85,1.0,1.0,1.0
MPLADS-000199,1,75.1,89.5,87.0,75.1,14.4,14.4,14.4,-14.9,1.0577,0.0,0.0,0.0,1.0577,-0.0174,14.4,14.4,0,60.0,71.0,11.0,1.1833,1.0,1.0,1.0
MPLADS-000200,1,86.6,87.8,96.2,86.6,1.2,1.2,1.2,-3.4,0.5035,0.0,0.0,0.0,0.5035,-0.0057,1.2,1.2,0,160.0,172.0,12.0,1.075,1.0,1.0,1.0
MPLADS-000201,1,82.1,92.7,83.6,82.1,10.6,10.6,10.6,-7.9,0.4298,0.0,0.0,0.0,0.4298,-0.0177,10.6,10.6,0,160.0,191.0,31.0,1.1938,1.0,1.0,1.0
MPLADS-000202,1,0.0,100.0,89.7,0.0,100.0,100.0,100.0,-90.0,0.0,0.0,0.0,0.0,0.0,-0.0129,100.0,100.0,0,180.0,179.0,0.0,0.9944,0.0,0.0,0.0
MPLADS-000203,1,99.0,95.8,87.7,99.0,3.2,-3.2,-3.2,9.0,0.8919,0.0,0.0,0.0,0.8919,-0.0025,0.0,0.0,0,90.0,111.0,21.0,1.2333,1.0,1.0,1.0
MPLADS-000204,1,86.2,86.8,86.7,86.2,0.6,0.6,0.6,-3.8,0.2182,0.0,0.0,0.0,0.2182,0.0091,0.6,0.6,0,400.0,395.0,0.0,0.9875,1.0,1.0,1.0
MPLADS-000205,1,91.8,91.9,97.4,91.8,0.1,0.1,0.1,1.8,0.6955,0.0,0.0,0.0,0.6955,0.0033,0.1,0.1,0,120.0,132.0,12.0,1.1,1.0,1.0,1.0
MPLADS-000206,1,91.4,90.8,82.5,91.4,0.6,-0.6,-0.6,1.4,0.6218,0.0,0.0,0.0,0.6218,-0.0126,0.0,0.0,0,120.0,147.0,27.0,1.225,1.0,1.0,1.0
MPLADS-000207,1,77.9,85.5,92.3,77.9,7.6,7.6,7.6,-12.1,0.3763,0.0,0.0,0.0,0.3763,-0.0057,7.6,7.6,0,180.0,207.0,27.0,1.15,1.0,1.0,1.0
MPLADS-000208,1,76.5,97.0,83.7,76.5,20.5,20.5,20.5,-13.5,0.425,0.0,0.0,0.0,0.425,0.0457,20.5,20.5,0,150.0,180.0,30.0,1.2,1.0,1.0,1.0
MPLADS-000209,1,87.5,90.9,82.7,87.5,3.4,3.4,3.4,-2.5,0.5,0.0,0.0,0.0,0.5,0.0014,3.4,3.4,0,180.0,175.0,0.0,0.9722,1.0,1.0,1.0
MPLADS-000210,1,42.4,89.0,86.3,42.4,46.6,46.6,46.6,-47.6,0.1178,0.0,0.0,0.0,0.1178,0.0476,46.6,46.6,3,120.0,360.0,240.0,3.0,1.0,1.0,1.0
MPLADS-000211,1,74.4,94.1,82.0,74.4,19.7,19.7,19.7,-15.6,0.3477,0.0,0.0,0.0,0.3477,0.0005,19.7,19.7,0,180.0,214.0,34.0,1.1889,1.0,1.0,1.0
MPLADS-000212,1,94.0,85.3,87.3,94.0,8.7,-8.7,-8.7,4.0,0.6812,0.0,0.0,0.0,0.6812,0.0324,0.0,0.0,0,120.0,138.0,18.0,1.15,1.0,1.0,1.0
MPLADS-000213,1,80.8,96.3,84.1,80.8,15.5,15.5,15.5,-9.2,0.603,0.0,0.0,0.0,0.603,0.0238,15.5,15.5,0,120.0,134.0,14.0,1.1167,1.0,1.0,1.0
MPLADS-000214,1,81.5,88.4,85.2,81.5,6.9,6.9,6.9,-8.5,0.3739,0.0,0.0,0.0,0.3739,-0.0014,6.9,6.9,0,210.0,218.0,8.0,1.0381,1.0,1.0,1.0
MPLADS-000215,1,92.6,86.7,92.7,92.6,5.9,-5.9,-5.9,2.6,0.5202,0.0,0.0,0.0,0.5202,0.0155,0.0,0.0,0,160.0,178.0,18.0,1.1125,1.0,1.0,1.0
MPLADS-000216,1,72.3,86.0,93.6,72.3,13.7,13.7,13.7,-17.7,0.1878,0.0,0.0,0.0,0.1878,0.0476,13.7,13.7,0,400.0,385.0,0.0,0.9625,1.0,1.0,1.0
MPLADS-000217,1,78.7,91.0,99.4,78.7,12.3,12.3,12.3,-11.3,1.5135,0.0,0.0,0.0,1.5135,0.0144,12.3,12.3,0,60.0,52.0,0.0,0.8667,1.0,1.0,1.0
MPLADS-000218,1,85.8,97.9,99.1,85.8,12.1,12.1,12.1,-4.2,1.3,0.0,0.0,0.0,1.3,-0.0192,12.1,12.1,0,60.0,66.0,6.0,1.1,1.0,1.0,1.0
MPLADS-000219,1,81.3,91.2,92.4,81.3,9.9,9.9,9.9,-8.7,0.343,0.0,0.0,0.0,0.343,0.0063,9.9,9.9,0,210.0,237.0,27.0,1.1286,1.0,1.0,1.0
MPLADS-000220,1,78.7,87.1,85.6,78.7,8.4,8.4,8.4,-11.3,0.5282,0.0,0.0,0.0,0.5282,0.0334,8.4,8.4,0,150.0,149.0,0.0,0.9933,1.0,1.0,1.0
MPLADS-000221,1,86.4,97.2,91.7,86.4,10.8,10.8,10.8,-3.6,1.1368,0.0,0.0,0.0,1.1368,0.0084,10.8,10.8,0,90.0,76.0,0.0,0.8444,1.0,1.0,1.0
MPLADS-000222,1,78.2,94.8,93.3,78.2,16.6,16.6,16.6,-11.8,0.4138,0.0,0.0,0.0,0.4138,0.0266,16.6,16.6,0,160.0,189.0,29.0,1.1812,1.0,1.0,1.0
MPLADS-000223,1,73.9,94.2,92.2,73.9,20.3,20.3,20.3,-16.1,0.678,0.0,0.0,0.0,0.678,0.0196,20.3,20.3,0,90.0,109.0,19.0,1.2111,1.0,1.0,1.0
MPLADS-000224,1,76.8,86.6,92.8,76.8,9.8,9.8,9.8,-13.2,0.4021,0.0,0.0,0.0,0.4021,0.0036,9.8,9.8,0,180.0,191.0,11.0,1.0611,1.0,1.0,1.0
MPLADS-000225,1,84.0,91.1,81.7,84.0,7.1,7.1,7.1,-6.0,1.4237,0.0,0.0,0.0,1.4237,0.0375,7.1,7.1,0,60.0,59.0,0.0,0.9833,1.0,1.0,1.0
MPLADS-000226,1,85.1,92.7,85.8,85.1,7.6,7.6,7.6,-4.9,0.4575,0.0,0.0,0.0,0.4575,-0.0005,7.6,7.6,0,180.0,186.0,6.0,1.0333,1.0,1.0,1.0
MPLADS-000227,1,75.4,88.0,87.5,75.4,12.6,12.6,12.6,-14.6,0.6231,0.0,0.0,0.0,0.6231,-0.018,12.6,12.6,0,90.0,121.0,31.0,1.3444,1.0,1.0,1.0
MPLADS-000228,1,95.2,95.1,81.4,95.2,0.1,-0.1,-0.1,5.2,0.5667,0.0,0.0,0.0,0.5667,-0.0196,0.0,0.0,0,180.0,168.0,0.0,0.9333,1.0,1.0,1.0
MPLADS-000229,1,74.7,94.0,92.4,74.7,19.3,19.3,19.3,-15.3,0.5746,0.0,0.0,0.0,0.5746,0.0296,19.3,19.3,0,120.0,130.0,10.0,1.0833,1.0,1.0,1.0
MPLADS-000230,1,98.5,96.1,91.0,98.5,2.4,-2.4,-2.4,8.5,0.6611,0.0,0.0,0.0,0.6611,0.0162,0.0,0.0,0,120.0,149.0,29.0,1.2417,1.0,1.0,1.0
MPLADS-000231,1,84.4,94.0,80.4,84.4,9.6,9.6,9.6,-5.6,0.8701,0.0,0.0,0.0,0.8701,-0.0056,9.6,9.6,0,90.0,97.0,7.0,1.0778,0.0,0.0,0.0
MPLADS-000232,1,83.8,87.6,91.9,83.8,3.8,3.8,3.8,-6.2,0.9011,0.0,0.0,0.0,0.9011,-0.0133,3.8,3.8,0,60.0,93.0,33.0,1.55,1.0,1.0,1.0
MPLADS-000233,1,82.3,97.8,92.1,82.3,15.5,15.5,15.5,-7.7,0.1905,0.0,0.0,0.0,0.1905,0.0053,15.5,15.5,0,400.0,432.0,32.0,1.08,1.0,1.0,1.0
MPLADS-000234,1,98.9,92.3,85.0,98.9,6.6,-6.6,-6.6,8.9,1.1368,0.0,0.0,0.0,1.1368,0.0243,0.0,0.0,0,60.0,87.0,27.0,1.45,1.0,1.0,1.0
MPLADS-000235,1,76.4,86.3,85.2,76.4,9.9,9.9,9.9,-13.6,0.8215,0.0,0.0,0.0,0.8215,0.0009,9.9,9.9,0,90.0,93.0,3.0,1.0333,1.0,1.0,1.0
MPLADS-000236,1,78.9,96.5,80.5,78.9,17.6,17.6,17.6,-11.1,0.4175,0.0,0.0,0.0,0.4175,-0.0148,17.6,17.6,0,180.0,189.0,9.0,1.05,1.0,1.0,1.0
MPLADS-000237,1,91.1,87.0,95.8,91.1,4.1,-4.1,-4.1,1.1,0.5423,0.0,0.0,0.0,0.5423,0.0425,0.0,0.0,0,150.0,168.0,18.0,1.12,1.0,1.0,1.0
MPLADS-000238,1,72.1,95.2,97.4,72.1,23.1,23.1,23.1,-17.9,0.4652,0.0,0.0,0.0,0.4652,0.0171,23.1,23.1,0,150.0,155.0,5.0,1.0333,1.0,1.0,1.0
MPLADS-000239,1,94.7,95.6,93.3,94.7,0.9,0.9,0.9,4.7,0.3962,0.0,0.0,0.0,0.3962,0.0182,0.9,0.9,0,210.0,239.0,29.0,1.1381,1.0,1.0,1.0
MPLADS-000240,1,74.6,90.7,90.7,74.6,16.1,16.1,16.1,-15.4,0.8674,0.0,0.0,0.0,0.8674,-0.0177,16.1,16.1,0,90.0,86.0,0.0,0.9556,1.0,1.0,1.0
MPLADS-000241,1,94.6,93.4,84.1,94.6,1.2,-1.2,-1.2,4.6,0.5256,0.0,0.0,0.0,0.5256,0.0168,0.0,0.0,0,160.0,180.0,20.0,1.125,1.0,1.0,1.0
MPLADS-000242,1,74.2,88.5,84.0,74.2,14.3,14.3,14.3,-15.8,1.5143,0.0,0.0,0.0,1.5143,-0.0118,14.3,14.3,0,60.0,49.0,0.0,0.8167,1.0,1.0,1.0
MPLADS-000243,1,73.4,92.8,86.7,73.4,19.4,19.4,19.4,-16.6,0.5243,0.0,0.0,0.0,0.5243,0.0166,19.4,19.4,0,120.0,140.0,20.0,1.1667,1.0,1.0,1.0
MPLADS-000244,1,89.0,93.6,82.0,89.0,4.6,4.6,4.6,-1.0,0.4709,0.0,0.0,0.0,0.4709,-0.0181,4.6,4.6,0,160.0,189.0,29.0,1.1812,1.0,1.0,1.0
MPLADS-000245,1,98.9,88.7,84.9,98.9,10.2,-10.2,-10.2,8.9,1.2679,0.0,0.0,0.0,1.2679,-0.0037,0.0,0.0,0,60.0,78.0,18.0,1.3,1.0,1.0,1.0
MPLADS-000246,1,90.8,91.8,97.7,90.8,1.0,1.0,1.0,0.8,0.4935,0.0,0.0,0.0,0.4935,-0.007,1.0,1.0,0,160.0,184.0,24.0,1.15,1.0,1.0,1.0
MPLADS-000247,1,96.9,94.3,84.4,96.9,2.6,-2.6,-2.6,6.9,0.4919,0.0,0.0,0.0,0.4919,-0.0008,0.0,0.0,0,180.0,197.0,17.0,1.0944,1.0,1.0,1.0
MPLADS-000248,1,30.6,86.5,85.1,30.6,55.9,55.9,55.9,-59.4,0.2201,0.0,0.0,0.0,0.2201,-0.019,55.9,55.9,0,120.0,139.0,19.0,1.1583,1.0,1.0,0.0
MPLADS-000249,1,88.2,97.5,98.8,88.2,9.3,9.3,9.3,-1.8,0.4927,0.0,0.0,0.0,0.4927,0.0148,9.3,9.3,0,160.0,179.0,19.0,1.1187,1.0,1.0,1.0
MPLADS-000250,1,16.1,98.1,93.4,16.1,82.0,82.0,82.0,-73.9,0.2439,0.0,0.0,0.0,0.2439,0.0049,82.0,82.0,0,60.0,66.0,6.0,1.1,1.0,1.0,0.0
MPLADS-000251,1,93.6,97.1,99.6,93.6,3.5,3.5,3.5,3.6,0.52,0.0,0.0,0.0,0.52,0.0328,3.5,3.5,0,180.0,180.0,0.0,1.0,1.0,1.0,1.0
MPLADS-000252,1,70.9,95.4,86.8,70.9,24.5,24.5,24.5,-19.1,0.4171,0.0,0.0,0.0,0.4171,0.0309,24.5,24.5,0,160.0,170.0,10.0,1.0625,1.0,1.0,1.0
MPLADS-000253,1,72.3,91.8,96.5,72.3,19.5,19.5,19.5,-17.7,0.7774,0.0,0.0,0.0,0.7774,0.0033,19.5,19.5,0,60.0,93.0,33.0,1.55,1.0,1.0,1.0
MPLADS-000254,1,91.3,88.5,96.0,91.3,2.8,-2.8,-2.8,1.3,1.9426,0.0,0.0,0.0,1.9426,-0.0127,0.0,0.0,0,60.0,47.0,0.0,0.7833,1.0,1.0,1.0
MPLADS-000255,1,20.1,94.5,94.1,20.1,74.4,74.4,74.4,-69.9,0.2716,0.0,0.0,0.0,0.2716,0.0399,74.4,74.4,0,60.0,74.0,14.0,1.2333,1.0,1.0,0.0
MPLADS-000256,1,96.2,86.7,81.6,96.2,9.5,-9.5,-9.5,6.2,0.576,0.0,0.0,0.0,0.576,0.0084,0.0,0.0,0,160.0,167.0,7.0,1.0437,1.0,1.0,1.0
MPLADS-000257,1,99.8,93.7,97.2,99.8,6.1,-6.1,-6.1,9.8,0.2566,0.0,0.0,0.0,0.2566,0.0357,0.0,0.0,0,400.0,389.0,0.0,0.9725,1.0,1.0,1.0
MPLADS-000258,1,31.1,93.2,98.3,31.1,62.1,62.1,62.1,-58.9,0.2853,0.0,0.0,0.0,0.2853,-0.0073,62.1,62.1,0,120.0,109.0,0.0,0.9083,1.0,1.0,0.0
MPLADS-000259,1,85.9,89.1,87.3,85.9,3.2,3.2,3.2,-4.1,1.0349,0.0,0.0,0.0,1.0349,-0.0144,3.2,3.2,0,90.0,83.0,0.0,0.9222,1.0,1.0,1.0
MPLADS-000260,1,80.8,95.0,82.7,80.8,14.2,14.2,14.2,-9.2,0.5213,0.0,0.0,0.0,0.5213,0.0001,14.2,14.2,0,150.0,155.0,5.0,1.0333,1.0,1.0,1.0
MPLADS-000261,1,78.8,86.1,89.4,78.8,7.3,7.3,7.3,-11.2,1.6766,0.0,0.0,0.0,1.6766,0.0394,7.3,7.3,0,60.0,47.0,0.0,0.7833,1.0,1.0,1.0
MPLADS-000262,1,73.5,89.8,95.8,73.5,16.3,16.3,16.3,-16.5,0.4016,0.0,0.0,0.0,0.4016,0.0389,16.3,16.3,0,180.0,183.0,3.0,1.0167,1.0,1.0,1.0
MPLADS-000263,1,75.0,96.3,85.5,75.0,21.3,21.3,21.3,-15.0,0.974,0.0,0.0,0.0,0.974,0.0185,21.3,21.3,0,90.0,77.0,0.0,0.8556,1.0,1.0,1.0
MPLADS-000264,1,92.1,87.3,88.1,92.1,4.8,-4.8,-4.8,2.1,0.7805,0.0,0.0,0.0,0.7805,0.0138,0.0,0.0,0,90.0,118.0,28.0,1.3111,1.0,1.0,1.0
MPLADS-000265,1,95.0,88.5,98.9,95.0,6.5,-6.5,-6.5,5.0,0.3926,0.0,0.0,0.0,0.3926,0.0315,0.0,0.0,0,210.0,242.0,32.0,1.1524,1.0,1.0,1.0
MPLADS-000266,1,82.4,92.8,85.1,82.4,10.4,10.4,10.4,-7.6,0.3695,0.0,0.0,0.0,0.3695,0.0258,10.4,10.4,0,210.0,223.0,13.0,1.0619,0.0,0.0,0.0
MPLADS-000267,1,0.0,100.0,96.6,0.0,100.0,100.0,100.0,-90.0,0.0,0.0,0.0,0.0,0.0,-0.0038,100.0,100.0,0,150.0,135.0,0.0,0.9,0.0,0.0,0.0
MPLADS-000268,1,76.4,94.5,96.8,76.4,18.1,18.1,18.1,-13.6,0.4775,0.0,0.0,0.0,0.4775,-0.0093,18.1,18.1,0,160.0,160.0,0.0,1.0,1.0,1.0,1.0
MPLADS-000269,1,94.7,88.7,98.7,94.7,6.0,-6.0,-6.0,4.7,0.6356,0.0,0.0,0.0,0.6356,0.0232,0.0,0.0,0,150.0,149.0,0.0,0.9933,1.0,1.0,1.0
MPLADS-000270,1,74.8,94.5,81.7,74.8,19.7,19.7,19.7,-15.2,0.4589,0.0,0.0,0.0,0.4589,0.0435,19.7,19.7,0,150.0,163.0,13.0,1.0867,1.0,1.0,1.0
MPLADS-000271,1,30.4,88.5,90.1,30.4,58.1,58.1,58.1,-59.6,0.1294,0.0,0.0,0.0,0.1294,0.0415,58.1,58.1,0,210.0,235.0,25.0,1.119,1.0,1.0,0.0
MPLADS-000272,1,96.8,88.8,96.6,96.8,8.0,-8.0,-8.0,6.8,0.5261,0.0,0.0,0.0,0.5261,0.0226,0.0,0.0,0,160.0,184.0,24.0,1.15,1.0,1.0,1.0
MPLADS-000273,1,25.2,89.7,93.4,25.2,64.5,64.5,64.5,-64.8,0.24,0.0,0.0,0.0,0.24,-0.0181,64.5,64.5,0,90.0,105.0,15.0,1.1667,1.0,1.0,0.0
MPLADS-000274,1,73.7,91.4,83.4,73.7,17.7,17.7,17.7,-16.3,0.5713,0.0,0.0,0.0,0.5713,0.0177,17.7,17.7,0,120.0,129.0,9.0,1.075,1.0,1.0,1.0
MPLADS-000275,1,90.7,95.1,88.4,90.7,4.4,4.4,4.4,0.7,0.7558,0.0,0.0,0.0,0.7558,-0.0065,4.4,4.4,0,90.0,120.0,30.0,1.3333,1.0,1.0,1.0
MPLADS-000276,1,73.0,92.7,80.5,73.0,19.7,19.7,19.7,-17.0,0.6348,0.0,0.0,0.0,0.6348,-0.0047,19.7,19.7,0,120.0,115.0,0.0,0.9583,1.0,1.0,1.0
MPLADS-000277,1,76.3,86.5,81.3,76.3,10.2,10.2,10.2,-13.7,0.4515,0.0,0.0,0.0,0.4515,0.0323,10.2,10.2,0,160.0,169.0,9.0,1.0562,1.0,1.0,1.0
MPLADS-000278,1,73.0,89.1,80.3,73.0,16.1,16.1,16.1,-17.0,0.3925,0.0,0.0,0.0,0.3925,0.0433,16.1,16.1,0,160.0,186.0,26.0,1.1625,1.0,1.0,1.0
MPLADS-000279,1,96.3,94.8,89.2,96.3,1.5,-1.5,-1.5,6.3,0.5872,0.0,0.0,0.0,0.5872,0.009,0.0,0.0,0,150.0,164.0,14.0,1.0933,1.0,1.0,1.0
MPLADS-000280,1,89.2,95.5,97.8,89.2,6.3,6.3,6.3,-0.8,0.6152,0.0,0.0,0.0,0.6152,0.0125,6.3,6.3,0,150.0,145.0,0.0,0.9667,1.0,1.0,1.0
MPLADS-000281,1,81.2,85.8,85.3,81.2,4.6,4.6,4.6,-8.8,0.3923,0.0,0.0,0.0,0.3923,-0.0195,4.6,4.6,0,210.0,207.0,0.0,0.9857,1.0,1.0,1.0
MPLADS-000282,1,73.3,91.5,95.8,73.3,18.2,18.2,18.2,-16.7,0.6604,0.0,0.0,0.0,0.6604,-0.0075,18.2,18.2,0,90.0,111.0,21.0,1.2333,1.0,1.0,1.0
MPLADS-000283,1,79.7,95.1,94.7,79.7,15.4,15.4,15.4,-10.3,0.3946,0.0,0.0,0.0,0.3946,0.0018,15.4,15.4,0,210.0,202.0,0.0,0.9619,1.0,1.0,1.0
MPLADS-000284,1,84.9,86.5,86.5,84.9,1.6,1.6,1.6,-5.1,0.4121,0.0,0.0,0.0,0.4121,0.0051,1.6,1.6,0,180.0,206.0,26.0,1.1444,1.0,1.0,1.0
MPLADS-000285,1,70.3,96.0,98.1,70.3,25.7,25.7,25.7,-19.7,0.3624,0.0,0.0,0.0,0.3624,-0.0111,25.7,25.7,0,160.0,194.0,34.0,1.2125,1.0,1.0,1.0
MPLADS-000286,1,71.4,98.0,94.8,71.4,26.6,26.6,26.6,-18.6,0.3517,0.0,0.0,0.0,0.3517,0.0467,26.6,26.6,0,180.0,203.0,23.0,1.1278,1.0,1.0,1.0
MPLADS-000287,1,78.0,96.4,98.8,78.0,18.4,18.4,18.4,-12.0,0.9873,0.0,0.0,0.0,0.9873,0.039,18.4,18.4,0,60.0,79.0,19.0,1.3167,1.0,1.0,1.0
MPLADS-000288,1,28.0,87.9,92.4,28.0,59.9,59.9,59.9,-62.0,0.0688,0.0,0.0,0.0,0.0688,-0.0172,59.9,59.9,0,400.0,407.0,7.0,1.0175,1.0,1.0,0.0
MPLADS-000289,1,87.3,90.7,80.3,87.3,3.4,3.4,3.4,-2.7,0.4904,0.0,0.0,0.0,0.4904,0.0455,3.4,3.4,0,180.0,178.0,0.0,0.9889,1.0,1.0,1.0
MPLADS-000290,1,83.3,88.7,92.3,83.3,5.4,5.4,5.4,-6.7,0.5048,0.0,0.0,0.0,0.5048,0.02,5.4,5.4,0,160.0,165.0,5.0,1.0312,1.0,1.0,1.0
MPLADS-000291,1,79.9,92.2,84.5,79.9,12.3,12.3,12.3,-10.1,0.4161,0.0,0.0,0.0,0.4161,0.0222,12.3,12.3,0,180.0,192.0,12.0,1.0667,1.0,1.0,1.0
MPLADS-000292,1,93.0,93.1,93.5,93.0,0.1,0.1,0.1,3.0,0.4721,0.0,0.0,0.0,0.4721,0.0111,0.1,0.1,0,180.0,197.0,17.0,1.0944,1.0,1.0,1.0
MPLADS-000293,1,80.1,94.3,80.7,80.1,14.2,14.2,14.2,-9.9,0.5412,0.0,0.0,0.0,0.5412,-0.0146,14.2,14.2,0,120.0,148.0,28.0,1.2333,1.0,1.0,1.0
MPLADS-000294,1,95.1,93.0,91.7,95.1,2.1,-2.1,-2.1,5.1,0.2445,0.0,0.0,0.0,0.2445,0.0455,0.0,0.0,0,400.0,389.0,0.0,0.9725,1.0,1.0,1.0
MPLADS-000295,1,72.2,86.3,96.9,72.2,14.1,14.1,14.1,-17.8,1.4735,0.0,0.0,0.0,1.4735,-0.0063,14.1,14.1,0,60.0,49.0,0.0,0.8167,1.0,1.0,1.0
MPLADS-000296,1,98.5,96.6,96.9,98.5,1.9,-1.9,-1.9,8.5,0.5267,0.0,0.0,0.0,0.5267,0.0258,0.0,0.0,0,180.0,187.0,7.0,1.0389,1.0,1.0,1.0
MPLADS-000297,1,96.8,94.8,99.6,96.8,2.0,-2.0,-2.0,6.8,0.4889,0.0,0.0,0.0,0.4889,0.005,0.0,0.0,0,210.0,198.0,0.0,0.9429,1.0,1.0,1.0
MPLADS-000298,1,89.5,137.9,92.1,89.5,48.4,48.4,48.4,-0.5,0.585,0.0,0.0,0.0,0.585,0.0298,48.4,48.4,0,120.0,153.0,33.0,1.275,1.0,1.0,1.0
MPLADS-000299,1,88.0,86.4,85.2,88.0,1.6,-1.6,-1.6,-2.0,0.2105,0.0,0.0,0.0,0.2105,0.0114,0.0,0.0,0,400.0,418.0,18.0,1.045,1.0,1.0,1.0
MPLADS-000300,1,79.0,88.6,92.7,79.0,9.6,9.6,9.6,-11.0,0.513,0.0,0.0,0.0,0.513,0.0129,9.6,9.6,0,150.0,154.0,4.0,1.0267,1.0,1.0,1.0
MPLADS-000301,1,88.5,89.6,90.0,88.5,1.1,1.1,1.1,-1.5,0.7314,0.0,0.0,0.0,0.7314,0.015,1.1,1.1,0,90.0,121.0,31.0,1.3444,1.0,1.0,1.0
MPLADS-000302,1,77.4,97.5,90.5,77.4,20.1,20.1,20.1,-12.6,0.1788,0.0,0.0,0.0,0.1788,0.0232,20.1,20.1,0,400.0,433.0,33.0,1.0825,1.0,1.0,1.0
MPLADS-000303,1,93.7,87.8,96.0,93.7,5.9,-5.9,-5.9,3.7,1.3386,0.0,0.0,0.0,1.3386,0.0413,0.0,0.0,0,60.0,70.0,10.0,1.1667,1.0,1.0,1.0
MPLADS-000304,1,84.1,96.2,80.3,84.1,12.1,12.1,12.1,-5.9,0.196,0.0,0.0,0.0,0.196,0.0107,12.1,12.1,0,400.0,429.0,29.0,1.0725,1.0,1.0,1.0
MPLADS-000305,1,32.6,85.3,93.1,32.6,52.7,52.7,52.7,-57.4,0.194,0.0,0.0,0.0,0.194,-0.0196,52.7,52.7,0,180.0,168.0,0.0,0.9333,1.0,1.0,0.0
MPLADS-000306,1,85.6,85.0,90.6,85.6,0.6,-0.6,-0.6,-4.4,0.4864,0.0,0.0,0.0,0.4864,0.0235,0.0,0.0,0,160.0,176.0,16.0,1.1,1.0,1.0,1.0
MPLADS-000307,1,86.3,97.8,99.9,86.3,11.5,11.5,11.5,-3.7,0.4848,0.0,0.0,0.0,0.4848,0.011,11.5,11.5,0,150.0,178.0,28.0,1.1867,1.0,1.0,1.0
MPLADS-000308,1,91.0,91.2,90.4,91.0,0.2,0.2,0.2,1.0,0.4815,0.0,0.0,0.0,0.4815,0.0479,0.2,0.2,0,160.0,189.0,29.0,1.1812,1.0,1.0,1.0
MPLADS-000309,1,97.0,92.0,80.2,97.0,5.0,-5.0,-5.0,7.0,0.4128,0.0,0.0,0.0,0.4128,0.0405,0.0,0.0,0,210.0,235.0,25.0,1.119,1.0,1.0,1.0
MPLADS-000310,1,75.7,88.2,82.7,75.7,12.5,12.5,12.5,-14.3,1.1646,0.0,0.0,0.0,1.1646,0.0103,12.5,12.5,0,60.0,65.0,5.0,1.0833,1.0,1.0,1.0
MPLADS-000311,1,99.6,97.5,99.5,99.6,2.1,-2.1,-2.1,9.6,0.8098,0.0,0.0,0.0,0.8098,0.0045,0.0,0.0,0,120.0,123.0,3.0,1.025,1.0,1.0,1.0
MPLADS-000312,1,78.7,93.9,95.2,78.7,15.2,15.2,15.2,-11.3,0.1892,0.0,0.0,0.0,0.1892,-0.0141,15.2,15.2,0,400.0,416.0,16.0,1.04,1.0,1.0,1.0
MPLADS-000313,1,0.0,100.0,84.8,0.0,100.0,100.0,100.0,-90.0,0.0,0.0,0.0,0.0,0.0,0.0167,100.0,100.0,0,60.0,46.0,0.0,0.7667,0.0,0.0,0.0
MPLADS-000314,1,70.5,92.8,88.5,70.5,22.3,22.3,22.3,-19.5,0.4434,0.0,0.0,0.0,0.4434,-0.0027,22.3,22.3,0,150.0,159.0,9.0,1.06,1.0,1.0,1.0
MPLADS-000315,1,87.8,95.0,97.2,87.8,7.2,7.2,7.2,-2.2,0.7702,0.0,0.0,0.0,0.7702,0.0078,7.2,7.2,0,120.0,114.0,0.0,0.95,1.0,1.0,1.0
MPLADS-000316,1,81.8,95.8,85.7,81.8,14.0,14.0,14.0,-8.2,0.1889,0.0,0.0,0.0,0.1889,-0.0086,14.0,14.0,0,400.0,433.0,33.0,1.0825,1.0,1.0,1.0
MPLADS-000317,1,84.0,90.1,82.7,84.0,6.1,6.1,6.1,-6.0,0.2029,0.0,0.0,0.0,0.2029,0.0203,6.1,6.1,0,400.0,414.0,14.0,1.035,1.0,1.0,1.0
MPLADS-000318,1,93.4,90.8,82.9,93.4,2.6,-2.6,-2.6,3.4,0.2256,0.0,0.0,0.0,0.2256,-0.0041,0.0,0.0,0,400.0,414.0,14.0,1.035,1.0,1.0,1.0
MPLADS-000319,1,81.6,97.6,91.3,81.6,16.0,16.0,16.0,-8.4,0.5514,0.0,0.0,0.0,0.5514,-0.0141,16.0,16.0,0,150.0,148.0,0.0,0.9867,1.0,1.0,1.0
MPLADS-000320,1,70.4,150.1,90.7,70.4,79.7,79.7,79.7,-19.6,1.4979,0.0,0.0,0.0,1.4979,0.0336,79.7,79.7,0,60.0,47.0,0.0,0.7833,1.0,1.0,1.0
MPLADS-000321,1,46.3,94.5,93.3,46.3,48.2,48.2,48.2,-43.7,0.1286,0.0,0.0,0.0,0.1286,0.0475,48.2,48.2,4,120.0,360.0,240.0,3.0,1.0,1.0,1.0
MPLADS-000322,1,83.2,86.6,99.6,83.2,3.4,3.4,3.4,-6.8,1.698,0.0,0.0,0.0,1.698,0.0113,3.4,3.4,0,60.0,49.0,0.0,0.8167,1.0,1.0,1.0
MPLADS-000323,1,79.8,96.8,85.8,79.8,17.0,17.0,17.0,-10.2,0.3855,0.0,0.0,0.0,0.3855,-0.0115,17.0,17.0,0,210.0,207.0,0.0,0.9857,1.0,1.0,1.0
MPLADS-000324,1,79.1,86.1,93.1,79.1,7.0,7.0,7.0,-10.9,0.4883,0.0,0.0,0.0,0.4883,0.0417,7.0,7.0,0,160.0,162.0,2.0,1.0125,1.0,1.0,1.0
MPLADS-000325,1,87.9,91.4,95.4,87.9,3.5,3.5,3.5,-2.1,0.5426,0.0,0.0,0.0,0.5426,0.0075,3.5,3.5,0,160.0,162.0,2.0,1.0125,1.0,1.0,1.0
MPLADS-000326,1,73.3,94.0,89.9,73.3,20.7,20.7,20.7,-16.7,0.4118,0.0,0.0,0.0,0.4118,-0.0019,20.7,20.7,0,180.0,178.0,0.0,0.9889,1.0,1.0,1.0
MPLADS-000327,1,82.9,137.4,84.6,82.9,54.5,54.5,54.5,-7.1,1.2953,0.0,0.0,0.0,1.2953,0.042,54.5,54.5,0,60.0,64.0,4.0,1.0667,1.0,1.0,1.0
MPLADS-000328,1,21.3,50.3,91.1,21.3,29.0,29.0,29.0,-68.7,0.0526,0.0,0.0,0.0,0.0526,0.0173,29.0,29.0,0,400.0,405.0,5.0,1.0125,1.0,1.0,1.0
MPLADS-000329,1,74.5,96.6,89.1,74.5,22.1,22.1,22.1,-15.5,0.4282,0.0,0.0,0.0,0.4282,-0.0098,22.1,22.1,0,160.0,174.0,14.0,1.0875,1.0,1.0,1.0
MPLADS-000330,1,22.3,96.9,96.3,22.3,74.6,74.6,74.6,-67.7,0.2347,0.0,0.0,0.0,0.2347,0.0416,74.6,74.6,0,90.0,95.0,5.0,1.0556,1.0,1.0,0.0
MPLADS-000331,1,76.2,96.4,95.6,76.2,20.2,20.2,20.2,-13.8,1.4941,0.0,0.0,0.0,1.4941,0.0399,20.2,20.2,0,60.0,51.0,0.0,0.85,1.0,1.0,1.0
MPLADS-000332,1,87.8,94.4,98.1,87.8,6.6,6.6,6.6,-2.2,0.5105,0.0,0.0,0.0,0.5105,0.0115,6.6,6.6,0,150.0,172.0,22.0,1.1467,1.0,1.0,1.0
MPLADS-000333,1,94.7,148.7,84.0,94.7,54.0,54.0,54.0,4.7,0.5774,0.0,0.0,0.0,0.5774,0.0044,54.0,54.0,0,160.0,164.0,4.0,1.025,1.0,1.0,1.0
MPLADS-000334,1,78.6,94.6,88.3,78.6,16.0,16.0,16.0,-11.4,0.5822,0.0,0.0,0.0,0.5822,-0.0022,16.0,16.0,0,120.0,135.0,15.0,1.125,1.0,1.0,1.0
MPLADS-000335,1,97.2,87.1,82.2,97.2,10.1,-10.1,-10.1,7.2,1.4954,0.0,0.0,0.0,1.4954,0.0089,0.0,0.0,0,60.0,65.0,5.0,1.0833,1.0,1.0,1.0
MPLADS-000336,1,84.8,89.3,87.5,84.8,4.5,4.5,4.5,-5.2,1.2848,0.0,0.0,0.0,1.2848,0.0273,4.5,4.5,0,60.0,66.0,6.0,1.1,1.0,1.0,1.0
MPLADS-000337,1,75.5,87.1,82.6,75.5,11.6,11.6,11.6,-14.5,1.0634,0.0,0.0,0.0,1.0634,0.0386,11.6,11.6,0,60.0,71.0,11.0,1.1833,1.0,1.0,1.0
MPLADS-000338,1,87.1,89.8,81.7,87.1,2.7,2.7,2.7,-2.9,0.6312,0.0,0.0,0.0,0.6312,0.0029,2.7,2.7,0,120.0,138.0,18.0,1.15,1.0,1.0,1.0
MPLADS-000339,1,90.5,85.4,91.0,90.5,5.1,-5.1,-5.1,0.5,0.5201,0.0,0.0,0.0,0.5201,0.0445,0.0,0.0,0,150.0,174.0,24.0,1.16,1.0,1.0,1.0
MPLADS-000340,1,74.7,93.3,88.3,74.7,18.6,18.6,18.6,-15.3,0.5413,0.0,0.0,0.0,0.5413,0.037,18.6,18.6,0,120.0,138.0,18.0,1.15,1.0,1.0,1.0
MPLADS-000341,1,86.7,94.1,87.5,86.7,7.4,7.4,7.4,-3.3,1.5764,0.0,0.0,0.0,1.5764,0.036,7.4,7.4,0,60.0,55.0,0.0,0.9167,1.0,1.0,1.0
MPLADS-000342,1,96.0,96.2,88.2,96.0,0.2,0.2,0.2,6.0,1.2,0.0,0.0,0.0,1.2,-0.0029,0.2,0.2,0,90.0,80.0,0.0,0.8889,1.0,1.0,1.0
MPLADS-000343,1,91.5,96.2,90.2,91.5,4.7,4.7,4.7,1.5,0.598,0.0,0.0,0.0,0.598,-0.0166,4.7,4.7,0,160.0,153.0,0.0,0.9563,1.0,1.0,1.0
MPLADS-000344,1,24.4,91.0,91.0,24.4,66.6,66.6,66.6,-65.6,0.3253,0.0,0.0,0.0,0.3253,0.0225,66.6,66.6,0,60.0,75.0,15.0,1.25,1.0,1.0,0.0
MPLADS-000345,1,77.1,91.3,92.6,77.1,14.2,14.2,14.2,-12.9,0.7073,0.0,0.0,0.0,0.7073,0.0214,14.2,14.2,0,120.0,109.0,0.0,0.9083,1.0,1.0,1.0
MPLADS-000346,1,77.3,92.7,94.0,77.3,15.4,15.4,15.4,-12.7,0.7027,0.0,0.0,0.0,0.7027,0.002,15.4,15.4,0,120.0,110.0,0.0,0.9167,1.0,1.0,1.0
MPLADS-000347,1,30.7,94.8,86.3,30.7,64.1,64.1,64.1,-59.3,0.2241,0.0,0.0,0.0,0.2241,0.0399,64.1,64.1,0,150.0,137.0,0.0,0.9133,1.0,1.0,0.0
MPLADS-000348,1,83.5,143.8,90.1,83.5,60.3,60.3,60.3,-6.5,0.8698,0.0,0.0,0.0,0.8698,-0.0095,60.3,60.3,0,90.0,96.0,6.0,1.0667,1.0,1.0,1.0
MPLADS-000349,1,75.4,94.6,98.1,75.4,19.2,19.2,19.2,-14.6,0.4011,0.0,0.0,0.0,0.4011,0.0364,19.2,19.2,0,160.0,188.0,28.0,1.175,1.0,1.0,1.0
MPLADS-000350,1,87.0,91.9,89.2,87.0,4.9,4.9,4.9,-3.0,0.3833,0.0,0.0,0.0,0.3833,0.0481,4.9,4.9,0,210.0,227.0,17.0,1.081,1.0,1.0,1.0
MPLADS-000351,1,73.6,95.7,88.6,73.6,22.1,22.1,22.1,-16.4,0.4907,0.0,0.0,0.0,0.4907,-0.0021,22.1,22.1,0,120.0,150.0,30.0,1.25,1.0,1.0,1.0
MPLADS-000352,1,76.4,89.7,98.9,76.4,13.3,13.3,13.3,-13.6,0.4152,0.0,0.0,0.0,0.4152,0.0057,13.3,13.3,0,160.0,184.0,24.0,1.15,1.0,1.0,1.0
MPLADS-000353,1,94.3,93.7,81.2,94.3,0.6,-0.6,-0.6,4.3,0.6163,0.0,0.0,0.0,0.6163,0.0409,0.0,0.0,0,150.0,153.0,3.0,1.02,1.0,1.0,1.0
MPLADS-000354,1,74.0,92.8,95.0,74.0,18.8,18.8,18.8,-16.0,0.5103,0.0,0.0,0.0,0.5103,-0.0054,18.8,18.8,0,160.0,145.0,0.0,0.9062,1.0,1.0,1.0
MPLADS-000355,1,73.6,86.9,82.3,73.6,13.3,13.3,13.3,-16.4,0.6691,0.0,0.0,0.0,0.6691,0.0333,13.3,13.3,0,90.0,110.0,20.0,1.2222,1.0,1.0,1.0
MPLADS-000356,1,91.3,92.2,80.1,91.3,0.9,0.9,0.9,1.3,0.7363,0.0,0.0,0.0,0.7363,-0.0129,0.9,0.9,0,90.0,124.0,34.0,1.3778,1.0,1.0,1.0
MPLADS-000357,1,75.2,91.0,94.2,75.2,15.8,15.8,15.8,-14.8,0.8644,0.0,0.0,0.0,0.8644,-0.0033,15.8,15.8,0,60.0,87.0,27.0,1.45,1.0,1.0,1.0
MPLADS-000358,1,86.9,85.2,93.1,86.9,1.7,-1.7,-1.7,-3.1,0.4598,0.0,0.0,0.0,0.4598,-0.0059,0.0,0.0,0,160.0,189.0,29.0,1.1812,1.0,1.0,1.0
MPLADS-000359,1,77.5,144.4,81.0,77.5,66.9,66.9,66.9,-12.5,0.4586,0.0,0.0,0.0,0.4586,-0.0177,66.9,66.9,0,180.0,169.0,0.0,0.9389,1.0,1.0,1.0
MPLADS-000360,1,73.7,89.0,96.5,73.7,15.3,15.3,15.3,-16.3,0.8189,0.0,0.0,0.0,0.8189,-0.017,15.3,15.3,0,60.0,90.0,30.0,1.5,1.0,1.0,1.0
MPLADS-000361,1,90.4,89.1,81.2,90.4,1.3,-1.3,-1.3,0.4,1.4581,0.0,0.0,0.0,1.4581,0.0391,0.0,0.0,0,60.0,62.0,2.0,1.0333,1.0,1.0,1.0
MPLADS-000362,1,87.9,95.2,91.0,87.9,7.3,7.3,7.3,-2.1,0.2187,0.0,0.0,0.0,0.2187,0.0484,7.3,7.3,0,400.0,402.0,2.0,1.005,1.0,1.0,1.0
MPLADS-000363,1,96.7,94.6,95.6,96.7,2.1,-2.1,-2.1,6.7,0.5688,0.0,0.0,0.0,0.5688,-0.0025,0.0,0.0,0,180.0,170.0,0.0,0.9444,1.0,1.0,1.0
MPLADS-000364,1,74.5,96.1,91.9,74.5,21.6,21.6,21.6,-15.5,0.6963,0.0,0.0,0.0,0.6963,0.0024,21.6,21.6,0,90.0,107.0,17.0,1.1889,1.0,1.0,1.0
MPLADS-000365,1,82.7,89.4,88.9,82.7,6.7,6.7,6.7,-7.3,0.4699,0.0,0.0,0.0,0.4699,-0.0129,6.7,6.7,0,180.0,176.0,0.0,0.9778,1.0,1.0,1.0
MPLADS-000366,1,90.0,87.2,93.8,90.0,2.8,-2.8,-2.8,0.0,0.4286,0.0,0.0,0.0,0.4286,0.0359,0.0,0.0,0,210.0,210.0,0.0,1.0,1.0,1.0,1.0
MPLADS-000367,1,95.4,90.9,96.3,95.4,4.5,-4.5,-4.5,5.4,0.4479,0.0,0.0,0.0,0.4479,0.0329,0.0,0.0,0,210.0,213.0,3.0,1.0143,1.0,1.0,1.0
MPLADS-000368,1,77.6,96.8,84.7,77.6,19.2,19.2,19.2,-12.4,0.318,0.0,0.0,0.0,0.318,0.0126,19.2,19.2,0,210.0,244.0,34.0,1.1619,1.0,1.0,1.0
MPLADS-000369,1,89.3,88.2,90.6,89.3,1.1,-1.1,-1.1,-0.7,0.4556,0.0,0.0,0.0,0.4556,-0.0165,0.0,0.0,0,210.0,196.0,0.0,0.9333,1.0,1.0,1.0
MPLADS-000370,1,71.5,93.8,95.9,71.5,22.3,22.3,22.3,-18.5,0.303,0.0,0.0,0.0,0.303,0.0414,22.3,22.3,0,210.0,236.0,26.0,1.1238,1.0,1.0,1.0
MPLADS-000371,1,98.0,92.8,93.9,98.0,5.2,-5.2,-5.2,8.0,0.7101,0.0,0.0,0.0,0.7101,-0.0009,0.0,0.0,0,120.0,138.0,18.0,1.15,1.0,1.0,1.0
MPLADS-000372,1,79.8,88.8,81.5,79.8,9.0,9.0,9.0,-10.2,1.4778,0.0,0.0,0.0,1.4778,0.0367,9.0,9.0,0,60.0,54.0,0.0,0.9,1.0,1.0,1.0
MPLADS-000373,1,22.3,93.5,80.4,22.3,71.2,71.2,71.2,-67.7,0.1132,0.0,0.0,0.0,0.1132,0.004,71.2,71.2,0,180.0,197.0,17.0,1.0944,1.0,1.0,0.0
MPLADS-000374,1,83.6,90.6,93.4,83.6,7.0,7.0,7.0,-6.4,1.7061,0.0,0.0,0.0,1.7061,0.0343,7.0,7.0,0,60.0,49.0,0.0,0.8167,1.0,1.0,1.0
MPLADS-000375,1,99.8,91.5,90.5,99.8,8.3,-8.3,-8.3,9.8,0.6481,0.0,0.0,0.0,0.6481,-0.0002,0.0,0.0,0,150.0,154.0,4.0,1.0267,1.0,1.0,1.0
MPLADS-000376,1,99.8,93.0,99.3,99.8,6.8,-6.8,-6.8,9.8,0.8458,0.0,0.0,0.0,0.8458,0.0489,0.0,0.0,0,90.0,118.0,28.0,1.3111,1.0,1.0,1.0
MPLADS-000377,1,78.6,91.3,95.1,78.6,12.7,12.7,12.7,-11.4,0.3872,0.0,0.0,0.0,0.3872,-0.0161,12.7,12.7,0,180.0,203.0,23.0,1.1278,1.0,1.0,1.0
MPLADS-000378,1,91.6,92.6,80.9,91.6,1.0,1.0,1.0,1.6,1.2901,0.0,0.0,0.0,1.2901,0.0061,1.0,1.0,0,60.0,71.0,11.0,1.1833,1.0,1.0,1.0
MPLADS-000379,1,75.0,92.6,92.2,75.0,17.6,17.6,17.6,-15.0,0.1866,0.0,0.0,0.0,0.1866,0.0309,17.6,17.6,0,400.0,402.0,2.0,1.005,1.0,1.0,1.0
MPLADS-000380,1,25.2,88.4,90.7,25.2,63.2,63.2,63.2,-64.8,0.1408,0.0,0.0,0.0,0.1408,0.0081,63.2,63.2,0,160.0,179.0,19.0,1.1187,1.0,1.0,0.0
MPLADS-000381,1,83.0,86.3,88.6,83.0,3.3,3.3,3.3,-7.0,0.5092,0.0,0.0,0.0,0.5092,0.0478,3.3,3.3,0,160.0,163.0,3.0,1.0188,1.0,1.0,1.0
MPLADS-000382,1,94.6,86.8,92.9,94.6,7.8,-7.8,-7.8,4.6,0.4637,0.0,0.0,0.0,0.4637,0.0009,0.0,0.0,0,180.0,204.0,24.0,1.1333,1.0,1.0,1.0
MPLADS-000383,1,73.1,85.7,92.0,73.1,12.6,12.6,12.6,-16.9,0.9618,0.0,0.0,0.0,0.9618,0.045,12.6,12.6,0,60.0,76.0,16.0,1.2667,1.0,1.0,1.0
MPLADS-000384,1,84.1,93.1,94.0,84.1,9.0,9.0,9.0,-5.9,0.5644,0.0,0.0,0.0,0.5644,0.0027,9.0,9.0,0,150.0,149.0,0.0,0.9933,1.0,1.0,1.0
MPLADS-000385,1,71.2,96.5,80.8,71.2,25.3,25.3,25.3,-18.8,0.1664,0.0,0.0,0.0,0.1664,0.0055,25.3,25.3,0,400.0,428.0,28.0,1.07,1.0,1.0,1.0
MPLADS-000386,1,88.0,94.6,95.3,88.0,6.6,6.6,6.6,-2.0,0.5269,0.0,0.0,0.0,0.5269,0.0239,6.6,6.6,0,160.0,167.0,7.0,1.0437,1.0,1.0,1.0
MPLADS-000387,1,88.6,95.8,85.0,88.6,7.2,7.2,7.2,-1.4,0.5503,0.0,0.0,0.0,0.5503,0.049,7.2,7.2,0,150.0,161.0,11.0,1.0733,1.0,1.0,1.0
MPLADS-000388,1,70.2,94.3,86.4,70.2,24.1,24.1,24.1,-19.8,0.3375,0.0,0.0,0.0,0.3375,0.013,24.1,24.1,0,210.0,208.0,0.0,0.9905,1.0,1.0,1.0
MPLADS-000389,1,77.0,92.8,98.2,77.0,15.8,15.8,15.8,-13.0,0.4425,0.0,0.0,0.0,0.4425,-0.011,15.8,15.8,0,180.0,174.0,0.0,0.9667,1.0,1.0,1.0
MPLADS-000390,1,88.2,87.4,96.9,88.2,0.8,-0.8,-0.8,-1.8,0.416,0.0,0.0,0.0,0.416,-0.0136,0.0,0.0,0,210.0,212.0,2.0,1.0095,1.0,1.0,1.0
MPLADS-000391,1,99.5,146.6,89.1,99.5,47.1,47.1,47.1,9.5,0.8504,0.0,0.0,0.0,0.8504,0.0413,47.1,47.1,0,90.0,117.0,27.0,1.3,1.0,1.0,1.0
MPLADS-000392,1,88.5,87.7,80.6,88.5,0.8,-0.8,-0.8,-1.5,0.6146,0.0,0.0,0.0,0.6146,-0.0071,0.0,0.0,0,150.0,144.0,0.0,0.96,1.0,1.0,1.0
MPLADS-000393,1,97.5,90.2,90.5,97.5,7.3,-7.3,-7.3,7.5,0.7014,0.0,0.0,0.0,0.7014,-0.0103,0.0,0.0,0,120.0,139.0,19.0,1.1583,1.0,1.0,1.0
MPLADS-000394,1,71.4,86.1,84.9,71.4,14.7,14.7,14.7,-18.6,0.388,0.0,0.0,0.0,0.388,-0.0121,14.7,14.7,0,160.0,184.0,24.0,1.15,1.0,1.0,1.0
MPLADS-000395,1,93.8,87.0,96.9,93.8,6.8,-6.8,-6.8,3.8,1.158,0.0,0.0,0.0,1.158,0.014,0.0,0.0,0,90.0,81.0,0.0,0.9,1.0,1.0,1.0
MPLADS-000396,1,71.5,91.2,88.9,71.5,19.7,19.7,19.7,-18.5,0.563,0.0,0.0,0.0,0.563,-0.0066,19.7,19.7,0,120.0,127.0,7.0,1.0583,1.0,1.0,1.0
MPLADS-000397,1,77.4,90.2,94.7,77.4,12.8,12.8,12.8,-12.6,0.6911,0.0,0.0,0.0,0.6911,0.0006,12.8,12.8,0,120.0,112.0,0.0,0.9333,1.0,1.0,1.0
MPLADS-000398,1,95.1,88.3,86.6,95.1,6.8,-6.8,-6.8,5.1,0.4382,0.0,0.0,0.0,0.4382,0.0195,0.0,0.0,0,210.0,217.0,7.0,1.0333,1.0,1.0,1.0
MPLADS-000399,1,92.0,86.3,94.0,92.0,5.7,-5.7,-5.7,2.0,0.3966,0.0,0.0,0.0,0.3966,-0.0118,0.0,0.0,0,210.0,232.0,22.0,1.1048,1.0,1.0,1.0
MPLADS-000400,1,88.0,96.8,98.8,88.0,8.8,8.8,8.8,-2.0,0.9565,0.0,0.0,0.0,0.9565,0.0405,8.8,8.8,0,60.0,92.0,32.0,1.5333,1.0,1.0,1.0
MPLADS-000401,1,77.3,95.8,98.1,77.3,18.5,18.5,18.5,-12.7,0.6442,0.0,0.0,0.0,0.6442,0.0382,18.5,18.5,0,90.0,120.0,30.0,1.3333,1.0,1.0,1.0
MPLADS-000402,1,86.1,90.7,95.9,86.1,4.6,4.6,4.6,-3.9,0.8123,0.0,0.0,0.0,0.8123,0.0094,4.6,4.6,0,90.0,106.0,16.0,1.1778,1.0,1.0,1.0
MPLADS-000403,1,80.6,88.5,87.9,80.6,7.9,7.9,7.9,-9.4,0.1947,0.0,0.0,0.0,0.1947,-0.0126,7.9,7.9,0,400.0,414.0,14.0,1.035,1.0,1.0,1.0
MPLADS-000404,1,74.3,86.6,82.2,74.3,12.3,12.3,12.3,-15.7,0.406,0.0,0.0,0.0,0.406,0.0452,12.3,12.3,0,160.0,183.0,23.0,1.1438,1.0,1.0,1.0
MPLADS-000405,1,75.1,96.7,94.5,75.1,21.6,21.6,21.6,-14.9,0.4418,0.0,0.0,0.0,0.4418,-0.0118,21.6,21.6,0,160.0,170.0,10.0,1.0625,1.0,1.0,1.0
MPLADS-000406,1,86.1,89.9,81.1,86.1,3.8,3.8,3.8,-3.9,0.3648,0.0,0.0,0.0,0.3648,0.0314,3.8,3.8,0,210.0,236.0,26.0,1.1238,1.0,1.0,1.0
MPLADS-000407,1,73.7,92.3,91.3,73.7,18.6,18.6,18.6,-16.3,0.3335,0.0,0.0,0.0,0.3335,0.0206,18.6,18.6,0,210.0,221.0,11.0,1.0524,1.0,1.0,1.0
MPLADS-000408,1,78.1,86.7,92.4,78.1,8.6,8.6,8.6,-11.9,0.635,0.0,0.0,0.0,0.635,0.0077,8.6,8.6,0,90.0,123.0,33.0,1.3667,1.0,1.0,1.0
MPLADS-000409,1,70.8,91.4,92.9,70.8,20.6,20.6,20.6,-19.2,0.7224,0.0,0.0,0.0,0.7224,0.0357,20.6,20.6,0,90.0,98.0,8.0,1.0889,1.0,1.0,1.0
MPLADS-000410,1,82.8,158.3,80.2,82.8,75.5,75.5,75.5,-7.2,0.8449,0.0,0.0,0.0,0.8449,0.0177,75.5,75.5,0,90.0,98.0,8.0,1.0889,1.0,1.0,1.0
MPLADS-000411,1,89.7,95.2,92.6,89.7,5.5,5.5,5.5,-0.3,0.2294,0.0,0.0,0.0,0.2294,0.0187,5.5,5.5,0,400.0,391.0,0.0,0.9775,1.0,1.0,1.0
MPLADS-000412,1,88.2,86.3,96.2,88.2,1.9,-1.9,-1.9,-1.8,0.5803,0.0,0.0,0.0,0.5803,-0.0033,0.0,0.0,0,160.0,152.0,0.0,0.95,1.0,1.0,1.0
MPLADS-000413,1,75.4,95.2,91.7,75.4,19.8,19.8,19.8,-14.6,0.8472,0.0,0.0,0.0,0.8472,0.0149,19.8,19.8,0,90.0,89.0,0.0,0.9889,1.0,1.0,1.0
MPLADS-000414,1,71.5,86.7,86.1,71.5,15.2,15.2,15.2,-18.5,0.4673,0.0,0.0,0.0,0.4673,0.0306,15.2,15.2,0,160.0,153.0,0.0,0.9563,1.0,1.0,1.0
MPLADS-000415,1,99.3,85.4,92.3,99.3,13.9,-13.9,-13.9,9.3,1.324,0.0,0.0,0.0,1.324,0.0331,0.0,0.0,0,60.0,75.0,15.0,1.25,1.0,1.0,1.0
MPLADS-000416,1,100.0,94.5,95.1,100.0,5.5,-5.5,-5.5,10.0,0.7407,0.0,0.0,0.0,0.7407,0.016,0.0,0.0,0,150.0,135.0,0.0,0.9,1.0,1.0,1.0
MPLADS-000417,1,96.6,88.1,80.9,96.6,8.5,-8.5,-8.5,6.6,0.6273,0.0,0.0,0.0,0.6273,0.012,0.0,0.0,0,150.0,154.0,4.0,1.0267,1.0,1.0,1.0
MPLADS-000418,1,84.3,87.8,90.4,84.3,3.5,3.5,3.5,-5.7,1.0537,0.0,0.0,0.0,1.0537,-0.0063,3.5,3.5,0,90.0,80.0,0.0,0.8889,1.0,1.0,1.0
MPLADS-000419,1,80.8,91.6,84.9,80.8,10.8,10.8,10.8,-9.2,0.9395,0.0,0.0,0.0,0.9395,0.035,10.8,10.8,0,90.0,86.0,0.0,0.9556,1.0,1.0,1.0
MPLADS-000420,1,77.0,87.0,83.3,77.0,10.0,10.0,10.0,-13.0,0.414,0.0,0.0,0.0,0.414,0.0152,10.0,10.0,0,180.0,186.0,6.0,1.0333,1.0,1.0,1.0
MPLADS-000421,1,92.0,96.5,90.6,92.0,4.5,4.5,4.5,2.0,0.9684,0.0,0.0,0.0,0.9684,0.0147,4.5,4.5,0,90.0,95.0,5.0,1.0556,1.0,1.0,1.0
MPLADS-000422,1,73.5,97.2,85.1,73.5,23.7,23.7,23.7,-16.5,0.0875,0.0,0.0,0.0,0.0875,-0.0104,23.7,23.7,3,210.0,840.0,630.0,4.0,1.0,1.0,1.0
MPLADS-000423,1,91.4,97.0,86.1,91.4,5.6,5.6,5.6,1.4,0.5473,0.0,0.0,0.0,0.5473,0.0056,5.6,5.6,0,160.0,167.0,7.0,1.0437,1.0,1.0,1.0
MPLADS-000424,1,85.8,93.1,83.4,85.8,7.3,7.3,7.3,-4.2,0.474,0.0,0.0,0.0,0.474,-0.0118,7.3,7.3,0,180.0,181.0,1.0,1.0056,1.0,1.0,1.0
MPLADS-000425,1,97.8,95.7,82.3,97.8,2.1,-2.1,-2.1,7.8,0.5557,0.0,0.0,0.0,0.5557,0.0498,0.0,0.0,0,150.0,176.0,26.0,1.1733,1.0,1.0,1.0
MPLADS-000426,1,86.1,90.4,93.1,86.1,4.3,4.3,4.3,-3.9,0.5555,0.0,0.0,0.0,0.5555,0.0375,4.3,4.3,0,150.0,155.0,5.0,1.0333,1.0,1.0,1.0
MPLADS-000427,1,48.4,97.3,97.7,48.4,48.9,48.9,48.9,-41.6,0.0896,0.0,0.0,0.0,0.0896,0.0052,48.9,48.9,4,180.0,540.0,360.0,3.0,1.0,1.0,1.0
MPLADS-000428,1,93.1,87.0,82.2,93.1,6.1,-6.1,-6.1,3.1,0.523,0.0,0.0,0.0,0.523,0.0175,0.0,0.0,0,150.0,178.0,28.0,1.1867,1.0,1.0,1.0
MPLADS-000429,1,81.3,97.6,91.5,81.3,16.3,16.3,16.3,-8.7,0.4727,0.0,0.0,0.0,0.4727,-0.011,16.3,16.3,0,150.0,172.0,22.0,1.1467,1.0,1.0,1.0
MPLADS-000430,1,83.3,87.1,99.7,83.3,3.8,3.8,3.8,-6.7,0.6828,0.0,0.0,0.0,0.6828,-0.0156,3.8,3.8,0,90.0,122.0,32.0,1.3556,1.0,1.0,1.0
MPLADS-000431,1,99.1,92.6,94.7,99.1,6.5,-6.5,-6.5,9.1,0.8398,0.0,0.0,0.0,0.8398,0.0314,0.0,0.0,0,90.0,118.0,28.0,1.3111,1.0,1.0,1.0
MPLADS-000432,1,97.3,92.1,86.9,97.3,5.2,-5.2,-5.2,7.3,1.0811,0.0,0.0,0.0,1.0811,0.0279,0.0,0.0,0,90.0,90.0,0.0,1.0,1.0,1.0,1.0
MPLADS-000433,1,96.3,94.5,97.8,96.3,1.8,-1.8,-1.8,6.3,0.4698,0.0,0.0,0.0,0.4698,0.0467,0.0,0.0,0,180.0,205.0,25.0,1.1389,1.0,1.0,1.0
MPLADS-000434,1,77.1,88.3,92.1,77.1,11.2,11.2,11.2,-12.9,0.3212,0.0,0.0,0.0,0.3212,-0.0024,11.2,11.2,0,210.0,240.0,30.0,1.1429,1.0,1.0,1.0
MPLADS-000435,1,78.6,89.6,94.4,78.6,11.0,11.0,11.0,-11.4,0.4137,0.0,0.0,0.0,0.4137,-0.0198,11.0,11.0,0,160.0,190.0,30.0,1.1875,1.0,1.0,1.0
MPLADS-000436,1,0.0,100.0,95.9,0.0,100.0,100.0,100.0,-90.0,0.0,0.0,0.0,0.0,0.0,0.0361,100.0,100.0,0,60.0,63.0,3.0,1.05,0.0,0.0,0.0
MPLADS-000437,1,95.0,92.4,86.0,95.0,2.6,-2.6,-2.6,5.0,0.446,0.0,0.0,0.0,0.446,0.0184,0.0,0.0,0,210.0,213.0,3.0,1.0143,1.0,1.0,1.0
MPLADS-000438,1,76.1,92.8,87.8,76.1,16.7,16.7,16.7,-13.9,0.373,0.0,0.0,0.0,0.373,0.0405,16.7,16.7,0,210.0,204.0,0.0,0.9714,1.0,1.0,1.0
MPLADS-000439,1,70.3,88.8,86.6,70.3,18.5,18.5,18.5,-19.7,0.3255,0.0,0.0,0.0,0.3255,0.0493,18.5,18.5,0,210.0,216.0,6.0,1.0286,1.0,1.0,1.0
MPLADS-000440,1,74.0,91.3,99.4,74.0,17.3,17.3,17.3,-16.0,0.9136,0.0,0.0,0.0,0.9136,0.0158,17.3,17.3,0,90.0,81.0,0.0,0.9,1.0,1.0,1.0
MPLADS-000441,1,11.6,68.3,99.8,11.6,56.7,56.7,56.7,-78.4,0.0574,0.0,0.0,0.0,0.0574,0.0024,56.7,56.7,0,210.0,202.0,0.0,0.9619,1.0,1.0,1.0
MPLADS-000442,1,97.5,97.7,97.8,97.5,0.2,0.2,0.2,7.5,0.7331,0.0,0.0,0.0,0.7331,0.0003,0.2,0.2,0,120.0,133.0,13.0,1.1083,1.0,1.0,1.0
MPLADS-000443,1,75.2,97.3,87.8,75.2,22.1,22.1,22.1,-14.8,0.8,0.0,0.0,0.0,0.8,0.0188,22.1,22.1,0,60.0,94.0,34.0,1.5667,1.0,1.0,1.0
MPLADS-000444,1,84.6,93.2,83.0,84.6,8.6,8.6,8.6,-5.4,0.7691,0.0,0.0,0.0,0.7691,-0.0119,8.6,8.6,0,120.0,110.0,0.0,0.9167,1.0,1.0,1.0
MPLADS-000445,1,90.7,91.1,81.4,90.7,0.4,0.4,0.4,0.7,1.4397,0.0,0.0,0.0,1.4397,-0.0193,0.4,0.4,0,60.0,63.0,3.0,1.05,1.0,1.0,1.0
MPLADS-000446,1,23.2,50.3,89.0,23.2,27.1,27.1,27.1,-66.8,0.0593,0.0,0.0,0.0,0.0593,-0.0186,27.1,27.1,0,400.0,391.0,0.0,0.9775,1.0,1.0,1.0
MPLADS-000447,1,93.5,93.5,82.6,93.5,0.0,0.0,0.0,3.5,0.7305,0.0,0.0,0.0,0.7305,-0.0057,0.0,0.0,0,120.0,128.0,8.0,1.0667,1.0,1.0,1.0
MPLADS-000448,1,86.3,85.9,95.9,86.3,0.4,-0.4,-0.4,-3.7,0.7074,0.0,0.0,0.0,0.7074,-0.0096,0.0,0.0,0,90.0,122.0,32.0,1.3556,1.0,1.0,1.0
MPLADS-000449,1,72.8,130.5,99.2,72.8,57.7,57.7,57.7,-17.2,0.6276,0.0,0.0,0.0,0.6276,0.005,57.7,57.7,0,90.0,116.0,26.0,1.2889,1.0,1.0,1.0
MPLADS-000450,1,99.3,97.3,86.7,99.3,2.0,-2.0,-2.0,9.3,0.4844,0.0,0.0,0.0,0.4844,0.0227,0.0,0.0,0,210.0,205.0,0.0,0.9762,1.0,1.0,1.0
MPLADS-000451,1,76.1,97.8,85.5,76.1,21.7,21.7,21.7,-13.9,0.3964,0.0,0.0,0.0,0.3964,0.0279,21.7,21.7,0,180.0,192.0,12.0,1.0667,1.0,1.0,1.0
MPLADS-000452,1,89.2,88.4,98.7,89.2,0.8,-0.8,-0.8,-0.8,0.5156,0.0,0.0,0.0,0.5156,0.0373,0.0,0.0,0,160.0,173.0,13.0,1.0813,1.0,1.0,1.0
MPLADS-000453,1,96.2,91.2,84.0,96.2,5.0,-5.0,-5.0,6.2,0.8439,0.0,0.0,0.0,0.8439,0.0245,0.0,0.0,0,90.0,114.0,24.0,1.2667,1.0,1.0,1.0
MPLADS-000454,1,71.9,141.2,85.7,71.9,69.3,69.3,69.3,-18.1,0.3376,0.0,0.0,0.0,0.3376,0.0026,69.3,69.3,0,210.0,213.0,3.0,1.0143,1.0,1.0,1.0
MPLADS-000455,1,75.3,92.6,93.8,75.3,17.3,17.3,17.3,-14.7,0.178,0.0,0.0,0.0,0.178,-0.0151,17.3,17.3,0,400.0,423.0,23.0,1.0575,1.0,1.0,1.0
MPLADS-000456,1,88.3,88.5,98.5,88.3,0.2,0.2,0.2,-1.7,1.2614,0.0,0.0,0.0,1.2614,0.0457,0.2,0.2,0,60.0,70.0,10.0,1.1667,1.0,1.0,1.0
MPLADS-000457,1,99.8,97.4,83.1,99.8,2.4,-2.4,-2.4,9.8,0.2559,0.0,0.0,0.0,0.2559,0.0195,0.0,0.0,0,400.0,390.0,0.0,0.975,1.0,1.0,1.0
MPLADS-000458,1,83.3,87.0,86.0,83.3,3.7,3.7,3.7,-6.7,0.4958,0.0,0.0,0.0,0.4958,0.0472,3.7,3.7,0,180.0,168.0,0.0,0.9333,1.0,1.0,1.0
MPLADS-000459,1,92.9,89.4,93.2,92.9,3.5,-3.5,-3.5,2.9,0.5104,0.0,0.0,0.0,0.5104,0.0215,0.0,0.0,0,160.0,182.0,22.0,1.1375,1.0,1.0,1.0
MPLADS-000460,1,92.3,91.9,88.7,92.3,0.4,-0.4,-0.4,2.3,0.8468,0.0,0.0,0.0,0.8468,0.0496,0.0,0.0,0,120.0,109.0,0.0,0.9083,1.0,1.0,1.0
MPLADS-000461,1,93.4,87.7,99.7,93.4,5.7,-5.7,-5.7,3.4,0.489,0.0,0.0,0.0,0.489,0.0382,0.0,0.0,0,160.0,191.0,31.0,1.1938,1.0,1.0,1.0
MPLADS-000462,1,72.9,95.3,81.2,72.9,22.4,22.4,22.4,-17.1,0.174,0.0,0.0,0.0,0.174,0.0436,22.4,22.4,0,400.0,419.0,19.0,1.0475,1.0,1.0,1.0
MPLADS-000463,1,98.3,93.2,95.4,98.3,5.1,-5.1,-5.1,8.3,1.2136,0.0,0.0,0.0,1.2136,0.0233,0.0,0.0,0,60.0,81.0,21.0,1.35,1.0,1.0,1.0
MPLADS-000464,1,89.0,85.3,95.4,89.0,3.7,-3.7,-3.7,-1.0,1.3088,0.0,0.0,0.0,1.3088,0.0072,0.0,0.0,0,60.0,68.0,8.0,1.1333,1.0,1.0,1.0
MPLADS-000465,1,18.3,49.3,99.9,18.3,31.0,31.0,31.0,-71.7,0.1,0.0,0.0,0.0,0.1,-0.0047,31.0,31.0,0,150.0,183.0,33.0,1.22,1.0,1.0,1.0
MPLADS-000466,1,90.5,86.5,92.6,90.5,4.0,-4.0,-4.0,0.5,0.5,0.0,0.0,0.0,0.5,0.0275,0.0,0.0,0,180.0,181.0,1.0,1.0056,1.0,1.0,1.0
MPLADS-000467,1,93.4,139.8,85.3,93.4,46.4,46.4,46.4,3.4,0.5218,0.0,0.0,0.0,0.5218,-0.0145,46.4,46.4,0,160.0,179.0,19.0,1.1187,1.0,1.0,1.0
MPLADS-000468,1,76.2,95.1,90.3,76.2,18.9,18.9,18.9,-13.8,0.3561,0.0,0.0,0.0,0.3561,-0.0028,18.9,18.9,0,210.0,214.0,4.0,1.019,1.0,1.0,1.0
MPLADS-000469,1,83.9,90.1,83.4,83.9,6.2,6.2,6.2,-6.1,0.4535,0.0,0.0,0.0,0.4535,0.0216,6.2,6.2,0,160.0,185.0,25.0,1.1562,1.0,1.0,1.0
MPLADS-000470,1,92.9,96.9,87.5,92.9,4.0,4.0,4.0,2.9,0.6407,0.0,0.0,0.0,0.6407,0.0045,4.0,4.0,0,150.0,145.0,0.0,0.9667,1.0,1.0,1.0
MPLADS-000471,1,63.8,89.1,83.1,63.8,25.3,25.3,25.3,-26.2,0.076,0.0,0.0,0.0,0.076,0.0006,25.3,25.3,2,210.0,840.0,630.0,4.0,1.0,1.0,1.0
MPLADS-000472,1,92.3,154.6,93.2,92.3,62.3,62.3,62.3,2.3,0.2273,0.0,0.0,0.0,0.2273,0.0383,62.3,62.3,0,400.0,406.0,6.0,1.015,1.0,1.0,1.0
MPLADS-000473,1,75.0,95.1,85.5,75.0,20.1,20.1,20.1,-15.0,0.625,0.0,0.0,0.0,0.625,0.0491,20.1,20.1,0,120.0,120.0,0.0,1.0,1.0,1.0,1.0
MPLADS-000474,1,85.3,90.2,95.2,85.3,4.9,4.9,4.9,-4.7,0.8124,0.0,0.0,0.0,0.8124,-0.0006,4.9,4.9,0,120.0,105.0,0.0,0.875,1.0,1.0,1.0
MPLADS-000475,1,93.8,88.0,96.5,93.8,5.8,-5.8,-5.8,3.8,0.2161,0.0,0.0,0.0,0.2161,-0.0118,0.0,0.0,0,400.0,434.0,34.0,1.085,1.0,1.0,1.0
MPLADS-000476,1,97.5,87.1,82.5,97.5,10.4,-10.4,-10.4,7.5,0.6771,0.0,0.0,0.0,0.6771,0.0119,0.0,0.0,0,120.0,144.0,24.0,1.2,1.0,1.0,1.0
MPLADS-000477,1,83.4,87.4,96.3,83.4,4.0,4.0,4.0,-6.6,0.8968,0.0,0.0,0.0,0.8968,0.0061,4.0,4.0,0,60.0,93.0,33.0,1.55,1.0,1.0,1.0
MPLADS-000478,1,76.0,88.4,97.8,76.0,12.4,12.4,12.4,-14.0,0.3619,0.0,0.0,0.0,0.3619,0.0337,12.4,12.4,0,210.0,210.0,0.0,1.0,1.0,1.0,1.0
MPLADS-000479,1,81.5,135.0,98.4,81.5,53.5,53.5,53.5,-8.5,0.4015,0.0,0.0,0.0,0.4015,0.0414,53.5,53.5,0,180.0,203.0,23.0,1.1278,1.0,1.0,1.0
MPLADS-000480,1,82.3,93.8,95.3,82.3,11.5,11.5,11.5,-7.7,0.7414,0.0,0.0,0.0,0.7414,-0.0116,11.5,11.5,0,90.0,111.0,21.0,1.2333,1.0,1.0,1.0
MPLADS-000481,1,77.0,95.3,92.0,77.0,18.3,18.3,18.3,-13.0,0.5133,0.0,0.0,0.0,0.5133,0.0149,18.3,18.3,0,150.0,150.0,0.0,1.0,1.0,1.0,1.0
MPLADS-000482,1,89.1,96.1,80.2,89.1,7.0,7.0,7.0,-0.9,0.7816,0.0,0.0,0.0,0.7816,0.001,7.0,7.0,0,90.0,114.0,24.0,1.2667,1.0,1.0,1.0
MPLADS-000483,1,87.9,92.0,98.7,87.9,4.1,4.1,4.1,-2.1,0.2254,0.0,0.0,0.0,0.2254,-0.0116,4.1,4.1,0,400.0,390.0,0.0,0.975,1.0,1.0,1.0
MPLADS-000484,1,83.2,90.9,86.2,83.2,7.7,7.7,7.7,-6.8,0.4078,0.0,0.0,0.0,0.4078,0.0309,7.7,7.7,0,210.0,204.0,0.0,0.9714,1.0,1.0,1.0
MPLADS-000485,1,72.4,97.5,85.7,72.4,25.1,25.1,25.1,-17.6,0.6136,0.0,0.0,0.0,0.6136,0.0135,25.1,25.1,0,90.0,118.0,28.0,1.3111,1.0,1.0,1.0
MPLADS-000486,1,91.4,94.6,88.4,91.4,3.2,3.2,3.2,1.4,1.2187,0.0,0.0,0.0,1.2187,0.0445,3.2,3.2,0,90.0,75.0,0.0,0.8333,1.0,1.0,1.0
MPLADS-000487,1,99.7,90.1,98.8,99.7,9.6,-9.6,-9.6,9.7,0.9147,0.0,0.0,0.0,0.9147,-0.0179,0.0,0.0,0,120.0,109.0,0.0,0.9083,1.0,1.0,1.0
MPLADS-000488,1,91.3,95.4,97.6,91.3,4.1,4.1,4.1,1.3,0.4389,0.0,0.0,0.0,0.4389,0.0159,4.1,4.1,0,210.0,208.0,0.0,0.9905,1.0,1.0,1.0
MPLADS-000489,1,76.8,94.3,85.5,76.8,17.5,17.5,17.5,-13.2,0.4107,0.0,0.0,0.0,0.4107,0.0086,17.5,17.5,0,180.0,187.0,7.0,1.0389,1.0,1.0,1.0
MPLADS-000490,1,85.1,96.8,85.6,85.1,11.7,11.7,11.7,-4.9,0.5711,0.0,0.0,0.0,0.5711,0.031,11.7,11.7,0,120.0,149.0,29.0,1.2417,1.0,1.0,1.0
MPLADS-000491,1,71.1,88.5,95.5,71.1,17.4,17.4,17.4,-18.9,0.1693,0.0,0.0,0.0,0.1693,-0.0117,17.4,17.4,0,400.0,420.0,20.0,1.05,0.0,0.0,0.0
MPLADS-000492,1,63.2,96.3,80.2,63.2,33.1,33.1,33.1,-26.8,0.2633,0.0,0.0,0.0,0.2633,-0.0193,33.1,33.1,4,60.0,240.0,180.0,4.0,1.0,1.0,1.0
MPLADS-000493,1,81.9,90.2,86.7,81.9,8.3,8.3,8.3,-8.1,1.0238,0.0,0.0,0.0,1.0238,0.0234,8.3,8.3,0,60.0,80.0,20.0,1.3333,1.0,1.0,1.0
MPLADS-000494,1,88.4,92.5,91.4,88.4,4.1,4.1,4.1,-1.6,0.9933,0.0,0.0,0.0,0.9933,0.0284,4.1,4.1,0,90.0,89.0,0.0,0.9889,1.0,1.0,1.0
MPLADS-000495,1,65.5,93.6,93.2,65.5,28.1,28.1,28.1,-24.5,0.2426,0.0,0.0,0.0,0.2426,0.0225,28.1,28.1,4,90.0,270.0,180.0,3.0,1.0,1.0,1.0
MPLADS-000496,1,93.7,88.5,94.3,93.7,5.2,-5.2,-5.2,3.7,1.1713,0.0,0.0,0.0,1.1713,0.0166,0.0,0.0,0,60.0,80.0,20.0,1.3333,1.0,1.0,1.0
MPLADS-000497,1,98.7,96.0,83.3,98.7,2.7,-2.7,-2.7,8.7,0.6902,0.0,0.0,0.0,0.6902,-0.0003,0.0,0.0,0,120.0,143.0,23.0,1.1917,1.0,1.0,1.0
MPLADS-000498,1,76.7,96.8,83.0,76.7,20.1,20.1,20.1,-13.3,0.8919,0.0,0.0,0.0,0.8919,-0.0097,20.1,20.1,0,90.0,86.0,0.0,0.9556,1.0,1.0,1.0
MPLADS-000499,1,93.9,90.5,91.8,93.9,3.4,-3.4,-3.4,3.9,0.445,0.0,0.0,0.0,0.445,0.0333,0.0,0.0,0,210.0,211.0,1.0,1.0048,1.0,1.0,1.0
MPLADS-000500,1,78.0,150.2,92.1,78.0,72.2,72.2,72.2,-12.0,0.629,0.0,0.0,0.0,0.629,0.0091,72.2,72.2,0,120.0,124.0,4.0,1.0333,1.0,1.0,1.0
MPLADS-000501,1,23.0,94.6,86.8,23.0,71.6,71.6,71.6,-67.0,0.1369,0.0,0.0,0.0,0.1369,-0.0009,71.6,71.6,0,160.0,168.0,8.0,1.05,1.0,1.0,0.0
MPLADS-000502,1,77.1,88.4,94.8,77.1,11.3,11.3,11.3,-12.9,0.6647,0.0,0.0,0.0,0.6647,-0.0016,11.3,11.3,0,90.0,116.0,26.0,1.2889,1.0,1.0,1.0
MPLADS-000503,1,80.1,90.4,96.7,80.1,10.3,10.3,10.3,-9.9,0.4353,0.0,0.0,0.0,0.4353,0.0169,10.3,10.3,0,150.0,184.0,34.0,1.2267,1.0,1.0,1.0
MPLADS-000504,1,78.7,155.2,82.8,78.7,76.5,76.5,76.5,-11.3,0.6347,0.0,0.0,0.0,0.6347,-0.0115,76.5,76.5,0,120.0,124.0,4.0,1.0333,1.0,1.0,1.0
MPLADS-000505,1,90.4,94.6,94.3,90.4,4.2,4.2,4.2,0.4,0.9516,0.0,0.0,0.0,0.9516,0.0052,4.2,4.2,0,90.0,95.0,5.0,1.0556,1.0,1.0,1.0
MPLADS-000506,1,87.5,95.8,81.9,87.5,8.3,8.3,8.3,-2.5,0.4289,0.0,0.0,0.0,0.4289,0.0481,8.3,8.3,0,180.0,204.0,24.0,1.1333,1.0,1.0,1.0
MPLADS-000507,1,88.2,97.3,84.8,88.2,9.1,9.1,9.1,-1.8,0.4983,0.0,0.0,0.0,0.4983,0.014,9.1,9.1,0,150.0,177.0,27.0,1.18,1.0,1.0,1.0
MPLADS-000508,1,96.0,97.6,88.8,96.0,1.6,1.6,1.6,6.0,0.2382,0.0,0.0,0.0,0.2382,0.0254,1.6,1.6,0,400.0,403.0,3.0,1.0075,1.0,1.0,1.0
MPLADS-000509,1,75.0,97.0,96.8,75.0,22.0,22.0,22.0,-15.0,0.4286,0.0,0.0,0.0,0.4286,0.0325,22.0,22.0,0,160.0,175.0,15.0,1.0938,1.0,1.0,1.0
MPLADS-000510,1,48.9,86.2,98.1,48.9,37.3,37.3,37.3,-41.1,0.0776,0.0,0.0,0.0,0.0776,0.028,37.3,37.3,2,210.0,630.0,420.0,3.0,1.0,1.0,1.0
MPLADS-000511,1,71.4,88.8,92.6,71.4,17.4,17.4,17.4,-18.6,0.4636,0.0,0.0,0.0,0.4636,0.0011,17.4,17.4,0,120.0,154.0,34.0,1.2833,1.0,1.0,1.0
MPLADS-000512,1,80.2,90.3,84.8,80.2,10.1,10.1,10.1,-9.8,0.8717,0.0,0.0,0.0,0.8717,0.0185,10.1,10.1,0,60.0,92.0,32.0,1.5333,1.0,1.0,1.0
MPLADS-000513,1,82.1,97.0,93.1,82.1,14.9,14.9,14.9,-7.9,0.7017,0.0,0.0,0.0,0.7017,0.0219,14.9,14.9,0,120.0,117.0,0.0,0.975,1.0,1.0,1.0
MPLADS-000514,1,17.5,68.9,92.8,17.5,51.4,51.4,51.4,-72.5,0.0994,0.0,0.0,0.0,0.0994,-0.0022,51.4,51.4,0,150.0,176.0,26.0,1.1733,1.0,1.0,1.0
MPLADS-000515,1,97.7,89.6,97.9,97.7,8.1,-8.1,-8.1,7.7,0.2461,0.0,0.0,0.0,0.2461,0.0236,0.0,0.0,0,400.0,397.0,0.0,0.9925,1.0,1.0,1.0
MPLADS-000516,1,92.8,90.7,86.1,92.8,2.1,-2.1,-2.1,2.8,0.4276,0.0,0.0,0.0,0.4276,0.0494,0.0,0.0,0,210.0,217.0,7.0,1.0333,1.0,1.0,1.0
MPLADS-000517,1,80.3,89.6,98.1,80.3,9.3,9.3,9.3,-9.7,0.3824,0.0,0.0,0.0,0.3824,0.0468,9.3,9.3,0,180.0,210.0,30.0,1.1667,1.0,1.0,1.0
MPLADS-000518,1,76.3,87.4,90.9,76.3,11.1,11.1,11.1,-13.7,1.1561,0.0,0.0,0.0,1.1561,-0.0045,11.1,11.1,0,60.0,66.0,6.0,1.1,1.0,1.0,1.0
MPLADS-000519,1,78.1,85.7,99.0,78.1,7.6,7.6,7.6,-11.9,0.781,0.0,0.0,0.0,0.781,0.0261,7.6,7.6,0,90.0,100.0,10.0,1.1111,1.0,1.0,1.0
MPLADS-000520,1,73.8,158.4,97.0,73.8,84.6,84.6,84.6,-16.2,0.4011,0.0,0.0,0.0,0.4011,0.0393,84.6,84.6,0,160.0,184.0,24.0,1.15,1.0,1.0,1.0
MPLADS-000521,1,70.7,95.7,90.1,70.7,25.0,25.0,25.0,-19.3,0.3863,0.0,0.0,0.0,0.3863,-0.0068,25.0,25.0,0,180.0,183.0,3.0,1.0167,1.0,1.0,1.0
MPLADS-000522,1,79.6,129.1,94.6,79.6,49.5,49.5,49.5,-10.4,0.4326,0.0,0.0,0.0,0.4326,-0.0119,49.5,49.5,0,160.0,184.0,24.0,1.15,1.0,1.0,1.0
MPLADS-000523,1,94.6,95.0,82.5,94.6,0.4,0.4,0.4,4.6,0.8925,0.0,0.0,0.0,0.8925,0.0484,0.4,0.4,0,90.0,106.0,16.0,1.1778,1.0,1.0,1.0
MPLADS-000524,1,90.3,96.9,98.7,90.3,6.6,6.6,6.6,0.3,0.2315,0.0,0.0,0.0,0.2315,0.0358,6.6,6.6,0,400.0,390.0,0.0,0.975,1.0,1.0,1.0
MPLADS-000525,1,81.5,87.2,97.2,81.5,5.7,5.7,5.7,-8.5,0.5,0.0,0.0,0.0,0.5,0.0228,5.7,5.7,0,160.0,163.0,3.0,1.0188,1.0,1.0,1.0
MPLADS-000526,1,95.3,88.7,95.1,95.3,6.6,-6.6,-6.6,5.3,0.4126,0.0,0.0,0.0,0.4126,0.0119,0.0,0.0,0,210.0,231.0,21.0,1.1,1.0,1.0,1.0
MPLADS-000527,1,84.7,88.2,81.7,84.7,3.5,3.5,3.5,-5.3,0.2139,0.0,0.0,0.0,0.2139,0.0441,3.5,3.5,0,400.0,396.0,0.0,0.99,1.0,1.0,1.0
MPLADS-000528,1,83.1,86.9,93.1,83.1,3.8,3.8,3.8,-6.9,0.196,0.0,0.0,0.0,0.196,-0.0049,3.8,3.8,0,400.0,424.0,24.0,1.06,1.0,1.0,1.0
MPLADS-000529,1,93.5,89.4,89.9,93.5,4.1,-4.1,-4.1,3.5,0.3996,0.0,0.0,0.0,0.3996,0.0151,0.0,0.0,0,210.0,234.0,24.0,1.1143,1.0,1.0,1.0
MPLADS-000530,1,97.5,93.6,88.8,97.5,3.9,-3.9,-3.9,7.5,0.8058,0.0,0.0,0.0,0.8058,0.0363,0.0,0.0,0,120.0,121.0,1.0,1.0083,1.0,1.0,1.0
MPLADS-000531,1,95.9,85.2,96.8,95.9,10.7,-10.7,-10.7,5.9,0.8718,0.0,0.0,0.0,0.8718,0.013,0.0,0.0,0,90.0,110.0,20.0,1.2222,1.0,1.0,1.0
MPLADS-000532,1,97.1,93.4,80.4,97.1,3.7,-3.7,-3.7,7.1,0.4855,0.0,0.0,0.0,0.4855,0.0114,0.0,0.0,0,210.0,200.0,0.0,0.9524,1.0,1.0,1.0
MPLADS-000533,1,83.8,92.3,94.6,83.8,8.5,8.5,8.5,-6.2,0.7102,0.0,0.0,0.0,0.7102,0.0389,8.5,8.5,0,90.0,118.0,28.0,1.3111,1.0,1.0,1.0
MPLADS-000534,1,84.9,88.3,83.8,84.9,3.4,3.4,3.4,-5.1,0.5586,0.0,0.0,0.0,0.5586,0.042,3.4,3.4,0,150.0,152.0,2.0,1.0133,1.0,1.0,1.0
MPLADS-000535,1,98.1,96.1,84.4,98.1,2.0,-2.0,-2.0,8.1,0.6719,0.0,0.0,0.0,0.6719,0.0076,0.0,0.0,0,160.0,146.0,0.0,0.9125,1.0,1.0,1.0
MPLADS-000536,1,97.3,91.9,83.9,97.3,5.4,-5.4,-5.4,7.3,0.5406,0.0,0.0,0.0,0.5406,-0.0099,0.0,0.0,0,150.0,180.0,30.0,1.2,1.0,1.0,1.0
MPLADS-000537,1,71.9,90.6,83.3,71.9,18.7,18.7,18.7,-18.1,0.3113,0.0,0.0,0.0,0.3113,0.0338,18.7,18.7,0,210.0,231.0,21.0,1.1,1.0,1.0,1.0
MPLADS-000538,1,90.6,97.8,94.5,90.6,7.2,7.2,7.2,0.6,0.2215,0.0,0.0,0.0,0.2215,0.0057,7.2,7.2,0,400.0,409.0,9.0,1.0225,1.0,1.0,1.0
MPLADS-000539,1,86.6,87.2,94.9,86.6,0.6,0.6,0.6,-3.4,0.4681,0.0,0.0,0.0,0.4681,0.0312,0.6,0.6,0,160.0,185.0,25.0,1.1562,1.0,1.0,1.0
MPLADS-000540,1,72.3,88.5,96.4,72.3,16.2,16.2,16.2,-17.7,0.482,0.0,0.0,0.0,0.482,-0.0175,16.2,16.2,0,160.0,150.0,0.0,0.9375,1.0,1.0,1.0
MPLADS-000541,1,16.8,86.6,88.2,16.8,69.8,69.8,69.8,-73.2,0.0724,0.0,0.0,0.0,0.0724,0.0049,69.8,69.8,0,210.0,232.0,22.0,1.1048,1.0,1.0,0.0
MPLADS-000542,1,90.8,86.9,96.1,90.8,3.9,-3.9,-3.9,0.8,0.2172,0.0,0.0,0.0,0.2172,-0.017,0.0,0.0,0,400.0,418.0,18.0,1.045,1.0,1.0,1.0
MPLADS-000543,1,99.9,92.5,84.6,99.9,7.4,-7.4,-7.4,9.9,0.5644,0.0,0.0,0.0,0.5644,-0.0104,0.0,0.0,0,150.0,177.0,27.0,1.18,1.0,1.0,1.0
MPLADS-000544,1,84.3,89.5,86.2,84.3,5.2,5.2,5.2,-5.7,1.3172,0.0,0.0,0.0,1.3172,0.0203,5.2,5.2,0,60.0,64.0,4.0,1.0667,1.0,1.0,1.0
MPLADS-000545,1,84.6,97.8,95.4,84.6,13.2,13.2,13.2,-5.4,0.7761,0.0,0.0,0.0,0.7761,0.0216,13.2,13.2,0,120.0,109.0,0.0,0.9083,1.0,1.0,1.0
MPLADS-000546,1,98.4,87.1,83.8,98.4,11.3,-11.3,-11.3,8.4,0.615,0.0,0.0,0.0,0.615,0.0398,0.0,0.0,0,150.0,160.0,10.0,1.0667,1.0,1.0,1.0
MPLADS-000547,1,79.7,85.9,80.8,79.7,6.2,6.2,6.2,-10.3,1.7326,0.0,0.0,0.0,1.7326,0.0443,6.2,6.2,0,60.0,46.0,0.0,0.7667,0.0,0.0,0.0
MPLADS-000548,1,79.2,95.7,86.3,79.2,16.5,16.5,16.5,-10.8,0.398,0.0,0.0,0.0,0.398,0.0384,16.5,16.5,0,210.0,199.0,0.0,0.9476,1.0,1.0,1.0
MPLADS-000549,1,80.7,90.0,81.8,80.7,9.3,9.3,9.3,-9.3,0.7079,0.0,0.0,0.0,0.7079,0.0006,9.3,9.3,0,90.0,114.0,24.0,1.2667,1.0,1.0,1.0
MPLADS-000550,1,19.9,86.9,89.9,19.9,67.0,67.0,67.0,-70.1,0.1093,0.0,0.0,0.0,0.1093,-0.0076,67.0,67.0,0,150.0,182.0,32.0,1.2133,1.0,1.0,0.0
MPLADS-000551,1,51.4,87.9,93.6,51.4,36.5,36.5,36.5,-38.6,0.1071,0.0,0.0,0.0,0.1071,-0.012,36.5,36.5,2,160.0,480.0,320.0,3.0,1.0,1.0,1.0
MPLADS-000552,1,78.9,97.6,91.7,78.9,18.7,18.7,18.7,-11.1,0.5123,0.0,0.0,0.0,0.5123,0.005,18.7,18.7,0,120.0,154.0,34.0,1.2833,1.0,1.0,1.0
MPLADS-000553,1,71.9,91.4,91.7,71.9,19.5,19.5,19.5,-18.1,0.3972,0.0,0.0,0.0,0.3972,0.0264,19.5,19.5,0,160.0,181.0,21.0,1.1313,1.0,1.0,1.0
MPLADS-000554,1,99.4,92.2,82.1,99.4,7.2,-7.2,-7.2,9.4,0.8081,0.0,0.0,0.0,0.8081,0.0196,0.0,0.0,0,90.0,123.0,33.0,1.3667,1.0,1.0,1.0
MPLADS-000555,1,84.3,95.1,90.9,84.3,10.8,10.8,10.8,-5.7,0.5474,0.0,0.0,0.0,0.5474,0.0329,10.8,10.8,0,150.0,154.0,4.0,1.0267,1.0,1.0,1.0
MPLADS-000556,1,71.9,92.3,82.0,71.9,20.4,20.4,20.4,-18.1,0.3866,0.0,0.0,0.0,0.3866,0.0159,20.4,20.4,0,180.0,186.0,6.0,1.0333,1.0,1.0,1.0
MPLADS-000557,1,70.5,147.5,91.3,70.5,77.0,77.0,77.0,-19.5,0.3406,0.0,0.0,0.0,0.3406,-0.0172,77.0,77.0,0,210.0,207.0,0.0,0.9857,1.0,1.0,1.0
MPLADS-000558,1,88.0,90.4,81.8,88.0,2.4,2.4,2.4,-2.0,0.4211,0.0,0.0,0.0,0.4211,0.0452,2.4,2.4,0,180.0,209.0,29.0,1.1611,1.0,1.0,1.0
MPLADS-000559,1,76.2,85.6,90.5,76.2,9.4,9.4,9.4,-13.8,0.4948,0.0,0.0,0.0,0.4948,-0.0169,9.4,9.4,0,150.0,154.0,4.0,1.0267,1.0,1.0,1.0
MPLADS-000560,1,71.7,91.0,83.8,71.7,19.3,19.3,19.3,-18.3,1.3788,0.0,0.0,0.0,1.3788,0.0073,19.3,19.3,0,60.0,52.0,0.0,0.8667,1.0,1.0,1.0
MPLADS-000561,1,70.8,90.3,94.0,70.8,19.5,19.5,19.5,-19.2,0.3848,0.0,0.0,0.0,0.3848,0.0432,19.5,19.5,0,160.0,184.0,24.0,1.15,1.0,1.0,1.0
MPLADS-000562,1,79.3,86.1,83.1,79.3,6.8,6.8,6.8,-10.7,0.1973,0.0,0.0,0.0,0.1973,0.0181,6.8,6.8,0,400.0,402.0,2.0,1.005,1.0,1.0,1.0
MPLADS-000563,1,95.4,89.3,80.4,95.4,6.1,-6.1,-6.1,5.4,0.6235,0.0,0.0,0.0,0.6235,-0.0038,0.0,0.0,0,150.0,153.0,3.0,1.02,1.0,1.0,1.0
MPLADS-000564,1,81.7,96.2,96.5,81.7,14.5,14.5,14.5,-8.3,0.6983,0.0,0.0,0.0,0.6983,0.0044,14.5,14.5,0,120.0,117.0,0.0,0.975,1.0,1.0,1.0
MPLADS-000565,1,90.8,95.0,88.6,90.8,4.2,4.2,4.2,0.8,0.5935,0.0,0.0,0.0,0.5935,-0.0065,4.2,4.2,0,150.0,153.0,3.0,1.02,1.0,1.0,1.0
MPLADS-000566,1,88.1,86.8,97.0,88.1,1.3,-1.3,-1.3,-1.9,1.7275,0.0,0.0,0.0,1.7275,0.0376,0.0,0.0,0,60.0,51.0,0.0,0.85,1.0,1.0,1.0
MPLADS-000567,1,85.0,97.5,93.9,85.0,12.5,12.5,12.5,-5.0,1.4167,0.0,0.0,0.0,1.4167,0.0466,12.5,12.5,0,60.0,60.0,0.0,1.0,1.0,1.0,1.0
MPLADS-000568,1,90.3,135.4,80.7,90.3,45.1,45.1,45.1,0.3,0.2213,0.0,0.0,0.0,0.2213,0.0091,45.1,45.1,0,400.0,408.0,8.0,1.02,1.0,1.0,1.0
MPLADS-000569,1,88.4,93.7,89.7,88.4,5.3,5.3,5.3,-1.6,0.5893,0.0,0.0,0.0,0.5893,0.0151,5.3,5.3,0,150.0,150.0,0.0,1.0,1.0,1.0,1.0
MPLADS-000570,1,71.1,93.0,99.4,71.1,21.9,21.9,21.9,-18.9,0.4587,0.0,0.0,0.0,0.4587,-0.0059,21.9,21.9,0,150.0,155.0,5.0,1.0333,1.0,1.0,1.0
MPLADS-000571,1,91.2,97.6,95.8,91.2,6.4,6.4,6.4,1.2,0.9806,0.0,0.0,0.0,0.9806,-0.0041,6.4,6.4,0,90.0,93.0,3.0,1.0333,1.0,1.0,1.0
MPLADS-000572,1,70.7,87.1,91.0,70.7,16.4,16.4,16.4,-19.3,0.4944,0.0,0.0,0.0,0.4944,-0.007,16.4,16.4,0,120.0,143.0,23.0,1.1917,1.0,1.0,1.0
MPLADS-000573,1,85.6,91.6,95.1,85.6,6.0,6.0,6.0,-4.4,1.5286,0.0,0.0,0.0,1.5286,0.0205,6.0,6.0,0,60.0,56.0,0.0,0.9333,1.0,1.0,1.0
MPLADS-000574,1,81.3,92.9,85.9,81.3,11.6,11.6,11.6,-8.7,0.3373,0.0,0.0,0.0,0.3373,0.0035,11.6,11.6,0,210.0,241.0,31.0,1.1476,1.0,1.0,1.0
MPLADS-000575,1,79.9,97.7,81.8,79.9,17.8,17.8,17.8,-10.1,0.4056,0.0,0.0,0.0,0.4056,-0.0048,17.8,17.8,0,180.0,197.0,17.0,1.0944,1.0,1.0,1.0
MPLADS-000576,1,72.4,93.7,91.5,72.4,21.3,21.3,21.3,-17.6,0.3956,0.0,0.0,0.0,0.3956,-0.0171,21.3,21.3,0,150.0,183.0,33.0,1.22,1.0,1.0,1.0
MPLADS-000577,1,91.3,94.8,83.0,91.3,3.5,3.5,3.5,1.3,0.7939,0.0,0.0,0.0,0.7939,0.0347,3.5,3.5,0,90.0,115.0,25.0,1.2778,1.0,1.0,1.0
MPLADS-000578,1,97.7,88.3,82.0,97.7,9.4,-9.4,-9.4,7.7,1.4803,0.0,0.0,0.0,1.4803,-0.0137,0.0,0.0,0,60.0,66.0,6.0,1.1,1.0,1.0,1.0
MPLADS-000579,1,99.3,89.9,99.6,99.3,9.4,-9.4,-9.4,9.3,0.5426,0.0,0.0,0.0,0.5426,0.0259,0.0,0.0,0,150.0,183.0,33.0,1.22,1.0,1.0,1.0
MPLADS-000580,1,80.7,86.1,89.9,80.7,5.4,5.4,5.4,-9.3,1.0481,0.0,0.0,0.0,1.0481,0.026,5.4,5.4,0,60.0,77.0,17.0,1.2833,1.0,1.0,1.0
MPLADS-000581,1,83.4,94.4,99.1,83.4,11.0,11.0,11.0,-6.6,0.5212,0.0,0.0,0.0,0.5212,0.0483,11.0,11.0,0,150.0,160.0,10.0,1.0667,1.0,1.0,1.0
MPLADS-000582,1,91.4,90.9,92.3,91.4,0.5,-0.5,-0.5,1.4,0.4862,0.0,0.0,0.0,0.4862,0.039,0.0,0.0,0,180.0,188.0,8.0,1.0444,1.0,1.0,1.0
MPLADS-000583,1,92.2,85.8,97.3,92.2,6.4,-6.4,-6.4,2.2,0.6066,0.0,0.0,0.0,0.6066,0.0179,0.0,0.0,0,160.0,152.0,0.0,0.95,1.0,1.0,1.0
MPLADS-000584,1,74.6,88.2,96.8,74.6,13.6,13.6,13.6,-15.4,0.0888,0.0,0.0,0.0,0.0888,-0.007,13.6,13.6,4,210.0,840.0,630.0,4.0,1.0,1.0,1.0
MPLADS-000585,1,70.2,150.8,91.4,70.2,80.6,80.6,80.6,-19.8,0.4808,0.0,0.0,0.0,0.4808,0.0125,80.6,80.6,0,160.0,146.0,0.0,0.9125,1.0,1.0,1.0
MPLADS-000586,1,90.1,91.4,88.3,90.1,1.3,1.3,1.3,0.1,0.5703,0.0,0.0,0.0,0.5703,0.0281,1.3,1.3,0,150.0,158.0,8.0,1.0533,1.0,1.0,1.0
MPLADS-000587,1,96.8,87.0,94.8,96.8,9.8,-9.8,-9.8,6.8,0.6368,0.0,0.0,0.0,0.6368,0.0136,0.0,0.0,0,120.0,152.0,32.0,1.2667,1.0,1.0,1.0
MPLADS-000588,1,79.7,95.1,98.2,79.7,15.4,15.4,15.4,-10.3,0.7312,0.0,0.0,0.0,0.7312,0.0282,15.4,15.4,0,120.0,109.0,0.0,0.9083,1.0,1.0,1.0
MPLADS-000589,1,50.0,88.9,84.1,50.0,38.9,38.9,38.9,-40.0,0.0794,0.0,0.0,0.0,0.0794,0.0278,38.9,38.9,4,210.0,630.0,420.0,3.0,1.0,1.0,1.0
MPLADS-000590,1,73.1,88.1,87.4,73.1,15.0,15.0,15.0,-16.9,0.3711,0.0,0.0,0.0,0.3711,0.0157,15.0,15.0,0,180.0,197.0,17.0,1.0944,1.0,1.0,1.0
MPLADS-000591,1,94.9,91.8,95.7,94.9,3.1,-3.1,-3.1,4.9,0.6636,0.0,0.0,0.0,0.6636,0.0225,0.0,0.0,0,120.0,143.0,23.0,1.1917,1.0,1.0,1.0
MPLADS-000592,1,50.3,93.8,100.0,50.3,43.5,43.5,43.5,-39.7,0.0798,0.0,0.0,0.0,0.0798,0.0212,43.5,43.5,4,210.0,630.0,420.0,3.0,1.0,1.0,1.0
MPLADS-000593,1,82.9,93.5,89.0,82.9,10.6,10.6,10.6,-7.1,1.0363,0.0,0.0,0.0,1.0363,0.0271,10.6,10.6,0,90.0,80.0,0.0,0.8889,1.0,1.0,1.0
MPLADS-000594,1,72.3,96.6,92.6,72.3,24.3,24.3,24.3,-17.7,0.3025,0.0,0.0,0.0,0.3025,0.0402,24.3,24.3,0,210.0,239.0,29.0,1.1381,1.0,1.0,1.0
MPLADS-000595,1,70.4,85.9,83.3,70.4,15.5,15.5,15.5,-19.6,0.3911,0.0,0.0,0.0,0.3911,-0.0077,15.5,15.5,0,150.0,180.0,30.0,1.2,1.0,1.0,1.0
MPLADS-000596,1,72.7,95.9,98.0,72.7,23.2,23.2,23.2,-17.3,0.1822,0.0,0.0,0.0,0.1822,0.0163,23.2,23.2,0,400.0,399.0,0.0,0.9975,1.0,1.0,1.0
MPLADS-000597,1,89.9,97.1,93.2,89.9,7.2,7.2,7.2,-0.1,0.5914,0.0,0.0,0.0,0.5914,0.0258,7.2,7.2,0,150.0,152.0,2.0,1.0133,1.0,1.0,1.0
MPLADS-000598,1,70.1,85.2,83.2,70.1,15.1,15.1,15.1,-19.9,0.4099,0.0,0.0,0.0,0.4099,0.0487,15.1,15.1,0,160.0,171.0,11.0,1.0688,1.0,1.0,1.0
MPLADS-000599,1,75.8,85.7,82.5,75.8,9.9,9.9,9.9,-14.2,0.3172,0.0,0.0,0.0,0.3172,-0.0136,9.9,9.9,0,210.0,239.0,29.0,1.1381,1.0,1.0,1.0
MPLADS-000600,1,80.7,92.2,99.8,80.7,11.5,11.5,11.5,-9.3,0.388,0.0,0.0,0.0,0.388,0.024,11.5,11.5,0,210.0,208.0,0.0,0.9905,1.0,1.0,1.0
MPLADS-000601,1,0.0,100.0,95.3,0.0,100.0,100.0,100.0,-90.0,0.0,0.0,0.0,0.0,0.0,0.0177,100.0,100.0,0,210.0,213.0,3.0,1.0143,0.0,0.0,0.0
MPLADS-000602,1,94.1,95.8,92.6,94.1,1.7,1.7,1.7,4.1,0.5845,0.0,0.0,0.0,0.5845,0.0196,1.7,1.7,0,160.0,161.0,1.0,1.0063,1.0,1.0,1.0
MPLADS-000603,1,93.2,93.6,80.3,93.2,0.4,0.4,0.4,3.2,0.4546,0.0,0.0,0.0,0.4546,-0.0062,0.4,0.4,0,210.0,205.0,0.0,0.9762,1.0,1.0,1.0
MPLADS-000604,1,79.5,86.1,93.4,79.5,6.6,6.6,6.6,-10.5,0.4206,0.0,0.0,0.0,0.4206,0.0279,6.6,6.6,0,180.0,189.0,9.0,1.05,1.0,1.0,1.0
MPLADS-000605,1,79.2,93.7,83.9,79.2,14.5,14.5,14.5,-10.8,0.3754,0.0,0.0,0.0,0.3754,0.0417,14.5,14.5,0,180.0,211.0,31.0,1.1722,1.0,1.0,1.0
MPLADS-000606,1,97.6,97.0,94.9,97.6,0.6,-0.6,-0.6,7.6,0.8561,0.0,0.0,0.0,0.8561,0.011,0.0,0.0,0,120.0,114.0,0.0,0.95,1.0,1.0,1.0
MPLADS-000607,1,89.0,88.8,97.4,89.0,0.2,-0.2,-0.2,-1.0,0.4811,0.0,0.0,0.0,0.4811,0.032,0.0,0.0,0,180.0,185.0,5.0,1.0278,1.0,1.0,1.0
MPLADS-000608,1,88.9,91.3,92.9,88.9,2.4,2.4,2.4,-1.1,1.1397,0.0,0.0,0.0,1.1397,0.0437,2.4,2.4,0,60.0,78.0,18.0,1.3,1.0,1.0,1.0
MPLADS-000609,1,93.9,97.2,96.3,93.9,3.3,3.3,3.3,3.9,0.5691,0.0,0.0,0.0,0.5691,-0.0041,3.3,3.3,0,150.0,165.0,15.0,1.1,1.0,1.0,1.0
MPLADS-000610,1,71.9,87.2,82.9,71.9,15.3,15.3,15.3,-18.1,0.3631,0.0,0.0,0.0,0.3631,0.0037,15.3,15.3,0,210.0,198.0,0.0,0.9429,1.0,1.0,1.0
MPLADS-000611,1,97.7,87.9,99.6,97.7,9.8,-9.8,-9.8,7.7,0.5115,0.0,0.0,0.0,0.5115,0.0324,0.0,0.0,0,180.0,191.0,11.0,1.0611,1.0,1.0,1.0
MPLADS-000612,1,92.1,97.4,89.3,92.1,5.3,5.3,5.3,2.1,0.6674,0.0,0.0,0.0,0.6674,0.0369,5.3,5.3,0,120.0,138.0,18.0,1.15,1.0,1.0,1.0
MPLADS-000613,1,87.6,91.1,90.5,87.6,3.5,3.5,3.5,-2.4,0.4,0.0,0.0,0.0,0.4,0.01,3.5,3.5,0,210.0,219.0,9.0,1.0429,1.0,1.0,1.0
MPLADS-000614,1,80.3,97.8,94.9,80.3,17.5,17.5,17.5,-9.7,0.3842,0.0,0.0,0.0,0.3842,-0.0035,17.5,17.5,0,210.0,209.0,0.0,0.9952,1.0,1.0,1.0
MPLADS-000615,1,75.9,93.5,88.0,75.9,17.6,17.6,17.6,-14.1,0.417,0.0,0.0,0.0,0.417,0.0457,17.6,17.6,0,180.0,182.0,2.0,1.0111,1.0,1.0,1.0
MPLADS-000616,1,93.5,98.0,84.9,93.5,4.5,4.5,4.5,3.5,0.6111,0.0,0.0,0.0,0.6111,0.0175,4.5,4.5,0,150.0,153.0,3.0,1.02,1.0,1.0,1.0
MPLADS-000617,1,81.9,94.5,99.6,81.9,12.6,12.6,12.6,-8.1,0.4333,0.0,0.0,0.0,0.4333,0.0198,12.6,12.6,0,160.0,189.0,29.0,1.1812,1.0,1.0,1.0
MPLADS-000618,1,0.0,100.0,91.6,0.0,100.0,100.0,100.0,-90.0,0.0,0.0,0.0,0.0,0.0,0.0365,100.0,100.0,0,120.0,113.0,0.0,0.9417,0.0,0.0,0.0
MPLADS-000619,1,93.1,159.7,92.5,93.1,66.6,66.6,66.6,3.1,0.5351,0.0,0.0,0.0,0.5351,0.0181,66.6,66.6,0,180.0,174.0,0.0,0.9667,1.0,1.0,1.0
MPLADS-000620,1,86.9,89.6,97.7,86.9,2.7,2.7,2.7,-3.1,0.4828,0.0,0.0,0.0,0.4828,-0.0076,2.7,2.7,0,150.0,180.0,30.0,1.2,1.0,1.0,1.0
MPLADS-000621,1,70.7,87.6,92.0,70.7,16.9,16.9,16.9,-19.3,0.7856,0.0,0.0,0.0,0.7856,-0.0185,16.9,16.9,0,90.0,90.0,0.0,1.0,1.0,1.0,1.0
MPLADS-000622,1,97.7,96.2,94.2,97.7,1.5,-1.5,-1.5,7.7,0.5615,0.0,0.0,0.0,0.5615,0.0206,0.0,0.0,0,180.0,174.0,0.0,0.9667,1.0,1.0,1.0
MPLADS-000623,1,71.4,90.6,94.8,71.4,19.2,19.2,19.2,-18.6,0.34,0.0,0.0,0.0,0.34,0.0489,19.2,19.2,0,210.0,210.0,0.0,1.0,1.0,1.0,1.0
MPLADS-000624,1,25.4,88.6,83.6,25.4,63.2,63.2,63.2,-64.6,0.1323,0.0,0.0,0.0,0.1323,-0.0146,63.2,63.2,0,180.0,192.0,12.0,1.0667,1.0,1.0,0.0
MPLADS-000625,1,72.4,95.3,80.3,72.4,22.9,22.9,22.9,-17.6,0.3336,0.0,0.0,0.0,0.3336,0.0222,22.9,22.9,0,210.0,217.0,7.0,1.0333,1.0,1.0,1.0
MPLADS-000626,1,84.3,92.1,97.0,84.3,7.8,7.8,7.8,-5.7,0.2081,0.0,0.0,0.0,0.2081,-0.0138,7.8,7.8,0,400.0,405.0,5.0,1.0125,1.0,1.0,1.0
MPLADS-000627,1,91.5,89.8,92.3,91.5,1.7,-1.7,-1.7,1.5,0.598,0.0,0.0,0.0,0.598,-0.0101,0.0,0.0,0,160.0,153.0,0.0,0.9563,1.0,1.0,1.0
MPLADS-000628,1,70.1,94.6,99.1,70.1,24.5,24.5,24.5,-19.9,0.4642,0.0,0.0,0.0,0.4642,-0.0009,24.5,24.5,0,150.0,151.0,1.0,1.0067,1.0,1.0,1.0
MPLADS-000629,1,16.1,86.4,80.1,16.1,70.3,70.3,70.3,-73.9,0.1331,0.0,0.0,0.0,0.1331,-0.0174,70.3,70.3,0,120.0,121.0,1.0,1.0083,1.0,1.0,0.0
MPLADS-000630,1,98.0,89.2,87.2,98.0,8.8,-8.8,-8.8,8.0,0.6577,0.0,0.0,0.0,0.6577,0.0274,0.0,0.0,0,160.0,149.0,0.0,0.9313,1.0,1.0,1.0
MPLADS-000631,1,91.1,88.0,94.9,91.1,3.1,-3.1,-3.1,1.1,0.3927,0.0,0.0,0.0,0.3927,-0.0028,0.0,0.0,0,210.0,232.0,22.0,1.1048,1.0,1.0,1.0
MPLADS-000632,1,97.9,87.2,90.8,97.9,10.7,-10.7,-10.7,7.9,1.1795,0.0,0.0,0.0,1.1795,-0.0065,0.0,0.0,0,90.0,83.0,0.0,0.9222,1.0,1.0,1.0
MPLADS-000633,1,78.6,89.6,86.9,78.6,11.0,11.0,11.0,-11.4,0.401,0.0,0.0,0.0,0.401,-0.0082,11.0,11.0,0,180.0,196.0,16.0,1.0889,1.0,1.0,1.0
MPLADS-000634,1,73.9,87.9,83.5,73.9,14.0,14.0,14.0,-16.1,0.8211,0.0,0.0,0.0,0.8211,0.0003,14.0,14.0,0,60.0,90.0,30.0,1.5,1.0,1.0,1.0
MPLADS-000635,1,88.5,87.7,97.2,88.5,0.8,-0.8,-0.8,-1.5,0.4585,0.0,0.0,0.0,0.4585,0.0417,0.0,0.0,0,160.0,193.0,33.0,1.2063,1.0,1.0,1.0
MPLADS-000636,1,91.4,88.0,81.6,91.4,3.4,-3.4,-3.4,1.4,0.5314,0.0,0.0,0.0,0.5314,-0.0087,0.0,0.0,0,180.0,172.0,0.0,0.9556,1.0,1.0,1.0
MPLADS-000637,1,10.8,60.3,81.7,10.8,49.5,49.5,49.5,-79.2,0.0505,0.0,0.0,0.0,0.0505,-0.0027,49.5,49.5,0,210.0,214.0,4.0,1.019,1.0,1.0,1.0
MPLADS-000638,1,89.6,91.2,92.4,89.6,1.6,1.6,1.6,-0.4,0.5006,0.0,0.0,0.0,0.5006,0.0188,1.6,1.6,0,160.0,179.0,19.0,1.1187,1.0,1.0,1.0
MPLADS-000639,1,90.1,87.0,94.1,90.1,3.1,-3.1,-3.1,0.1,0.2176,0.0,0.0,0.0,0.2176,-0.0048,0.0,0.0,0,400.0,414.0,14.0,1.035,1.0,1.0,1.0
MPLADS-000640,1,91.8,86.3,85.7,91.8,5.5,-5.5,-5.5,1.8,0.7062,0.0,0.0,0.0,0.7062,-0.0016,0.0,0.0,0,120.0,130.0,10.0,1.0833,1.0,1.0,1.0
MPLADS-000641,1,76.5,89.3,88.2,76.5,12.8,12.8,12.8,-13.5,0.4203,0.0,0.0,0.0,0.4203,0.0412,12.8,12.8,0,180.0,182.0,2.0,1.0111,1.0,1.0,1.0
MPLADS-000642,1,86.5,95.8,87.5,86.5,9.3,9.3,9.3,-3.5,0.2247,0.0,0.0,0.0,0.2247,0.0455,9.3,9.3,0,400.0,385.0,0.0,0.9625,1.0,1.0,1.0
MPLADS-000643,1,22.1,87.4,89.3,22.1,65.3,65.3,65.3,-67.9,0.052,0.0,0.0,0.0,0.052,-0.0158,65.3,65.3,0,400.0,425.0,25.0,1.0625,1.0,1.0,0.0
MPLADS-000644,1,79.4,88.4,85.9,79.4,9.0,9.0,9.0,-10.6,0.7027,0.0,0.0,0.0,0.7027,-0.02,9.0,9.0,0,90.0,113.0,23.0,1.2556,1.0,1.0,1.0
MPLADS-000645,1,91.7,85.4,84.6,91.7,6.3,-6.3,-6.3,1.7,0.5123,0.0,0.0,0.0,0.5123,0.038,0.0,0.0,0,180.0,179.0,0.0,0.9944,1.0,1.0,1.0
MPLADS-000646,1,98.0,93.2,85.8,98.0,4.8,-4.8,-4.8,8.0,0.5,0.0,0.0,0.0,0.5,0.036,0.0,0.0,0,210.0,196.0,0.0,0.9333,1.0,1.0,1.0
MPLADS-000647,1,87.5,142.7,99.9,87.5,55.2,55.2,55.2,-2.5,0.7231,0.0,0.0,0.0,0.7231,-0.0076,55.2,55.2,0,120.0,121.0,1.0,1.0083,1.0,1.0,1.0
MPLADS-000648,1,98.3,96.8,95.4,98.3,1.5,-1.5,-1.5,8.3,0.7175,0.0,0.0,0.0,0.7175,-0.0091,0.0,0.0,0,120.0,137.0,17.0,1.1417,1.0,1.0,1.0
MPLADS-000649,1,94.9,94.4,93.6,94.9,0.5,-0.5,-0.5,4.9,0.6327,0.0,0.0,0.0,0.6327,0.0418,0.0,0.0,0,160.0,150.0,0.0,0.9375,1.0,1.0,1.0
MPLADS-000650,1,86.1,88.1,94.7,86.1,2.0,2.0,2.0,-3.9,0.574,0.0,0.0,0.0,0.574,0.0405,2.0,2.0,0,150.0,150.0,0.0,1.0,1.0,1.0,1.0
MPLADS-000651,1,91.5,97.1,90.5,91.5,5.6,5.6,5.6,1.5,0.5414,0.0,0.0,0.0,0.5414,0.0403,5.6,5.6,0,150.0,169.0,19.0,1.1267,1.0,1.0,1.0
MPLADS-000652,1,97.9,93.9,89.7,97.9,4.0,-4.0,-4.0,7.9,0.5207,0.0,0.0,0.0,0.5207,-0.0186,0.0,0.0,0,180.0,188.0,8.0,1.0444,1.0,1.0,1.0
MPLADS-000653,1,86.8,91.0,88.9,86.8,4.2,4.2,4.2,-3.2,0.5047,0.0,0.0,0.0,0.5047,0.0037,4.2,4.2,0,150.0,172.0,22.0,1.1467,1.0,1.0,1.0
MPLADS-000654,1,21.2,88.4,89.6,21.2,67.2,67.2,67.2,-68.8,0.1893,0.0,0.0,0.0,0.1893,0.027,67.2,67.2,0,120.0,112.0,0.0,0.9333,1.0,1.0,0.0
MPLADS-000655,1,86.8,96.6,82.1,86.8,9.8,9.8,9.8,-3.2,0.5076,0.0,0.0,0.0,0.5076,0.0397,9.8,9.8,0,160.0,171.0,11.0,1.0688,1.0,1.0,1.0
MPLADS-000656,1,94.7,91.6,88.9,94.7,3.1,-3.1,-3.1,4.7,0.5411,0.0,0.0,0.0,0.5411,0.0452,0.0,0.0,0,160.0,175.0,15.0,1.0938,1.0,1.0,1.0
MPLADS-000657,1,97.2,97.7,85.6,97.2,0.5,0.5,0.5,7.2,1.5188,0.0,0.0,0.0,1.5188,0.0106,0.5,0.5,0,60.0,64.0,4.0,1.0667,1.0,1.0,1.0
MPLADS-000658,1,95.6,92.1,88.2,95.6,3.5,-3.5,-3.5,5.6,1.2101,0.0,0.0,0.0,1.2101,0.0372,0.0,0.0,0,60.0,79.0,19.0,1.3167,1.0,1.0,1.0
MPLADS-000659,1,76.9,93.3,94.0,76.9,16.4,16.4,16.4,-13.1,0.5303,0.0,0.0,0.0,0.5303,-0.0054,16.4,16.4,0,150.0,145.0,0.0,0.9667,1.0,1.0,1.0
MPLADS-000660,1,73.2,85.5,84.0,73.2,12.3,12.3,12.3,-16.8,0.6778,0.0,0.0,0.0,0.6778,0.0303,12.3,12.3,0,90.0,108.0,18.0,1.2,1.0,1.0,1.0
MPLADS-000661,1,97.3,90.0,90.8,97.3,7.3,-7.3,-7.3,7.3,0.6574,0.0,0.0,0.0,0.6574,0.0291,0.0,0.0,0,120.0,148.0,28.0,1.2333,1.0,1.0,1.0
MPLADS-000662,1,83.4,92.7,95.5,83.4,9.3,9.3,9.3,-6.6,0.5451,0.0,0.0,0.0,0.5451,0.0394,9.3,9.3,0,120.0,153.0,33.0,1.275,0.0,0.0,0.0
MPLADS-000663,1,78.2,94.5,80.4,78.2,16.3,16.3,16.3,-11.8,0.4494,0.0,0.0,0.0,0.4494,0.0375,16.3,16.3,0,150.0,174.0,24.0,1.16,1.0,1.0,1.0
MPLADS-000664,1,82.6,96.1,81.1,82.6,13.5,13.5,13.5,-7.4,0.4417,0.0,0.0,0.0,0.4417,0.0047,13.5,13.5,0,160.0,187.0,27.0,1.1687,1.0,1.0,1.0
MPLADS-000665,1,18.5,85.4,99.6,18.5,66.9,66.9,66.9,-71.5,0.1555,0.0,0.0,0.0,0.1555,0.0461,66.9,66.9,0,90.0,119.0,29.0,1.3222,1.0,1.0,0.0
MPLADS-000666,1,73.1,96.9,97.0,73.1,23.8,23.8,23.8,-16.9,0.1779,0.0,0.0,0.0,0.1779,0.0116,23.8,23.8,0,400.0,411.0,11.0,1.0275,1.0,1.0,1.0
MPLADS-000667,1,77.1,87.0,93.1,77.1,9.9,9.9,9.9,-12.9,0.362,0.0,0.0,0.0,0.362,0.0141,9.9,9.9,0,180.0,213.0,33.0,1.1833,1.0,1.0,1.0
MPLADS-000668,1,96.9,88.0,95.9,96.9,8.9,-8.9,-8.9,6.9,0.5802,0.0,0.0,0.0,0.5802,0.0151,0.0,0.0,0,150.0,167.0,17.0,1.1133,1.0,1.0,1.0
MPLADS-000669,1,73.8,88.5,93.7,73.8,14.7,14.7,14.7,-16.2,0.5234,0.0,0.0,0.0,0.5234,0.037,14.7,14.7,0,150.0,141.0,0.0,0.94,1.0,1.0,1.0
MPLADS-000670,1,73.1,96.2,86.5,73.1,23.1,23.1,23.1,-16.9,0.443,0.0,0.0,0.0,0.443,0.0425,23.1,23.1,0,160.0,165.0,5.0,1.0312,1.0,1.0,1.0
MPLADS-000671,1,71.4,92.8,94.3,71.4,21.4,21.4,21.4,-18.6,0.4275,0.0,0.0,0.0,0.4275,0.0067,21.4,21.4,0,150.0,167.0,17.0,1.1133,1.0,1.0,1.0
MPLADS-000672,1,90.0,85.5,89.9,90.0,4.5,-4.5,-4.5,0.0,0.7377,0.0,0.0,0.0,0.7377,-0.0131,0.0,0.0,0,90.0,122.0,32.0,1.3556,1.0,1.0,1.0
MPLADS-000673,1,89.8,92.1,81.6,89.8,2.3,2.3,2.3,-0.2,0.5377,0.0,0.0,0.0,0.5377,0.0455,2.3,2.3,0,160.0,167.0,7.0,1.0437,1.0,1.0,1.0
MPLADS-000674,1,83.0,128.3,92.7,83.0,45.3,45.3,45.3,-7.0,0.6975,0.0,0.0,0.0,0.6975,0.0128,45.3,45.3,0,90.0,119.0,29.0,1.3222,1.0,1.0,1.0
MPLADS-000675,1,80.4,91.0,93.0,80.4,10.6,10.6,10.6,-9.6,0.4757,0.0,0.0,0.0,0.4757,-0.0,10.6,10.6,0,180.0,169.0,0.0,0.9389,1.0,1.0,1.0
MPLADS-000676,1,90.8,90.3,90.8,90.8,0.5,-0.5,-0.5,0.8,0.2293,0.0,0.0,0.0,0.2293,-0.0099,0.0,0.0,0,400.0,396.0,0.0,0.99,1.0,1.0,1.0
MPLADS-000677,1,20.2,92.6,94.9,20.2,72.4,72.4,72.4,-69.8,0.0971,0.0,0.0,0.0,0.0971,-0.0087,72.4,72.4,0,210.0,208.0,0.0,0.9905,1.0,1.0,0.0
MPLADS-000678,1,0.0,100.0,81.3,0.0,100.0,100.0,100.0,-90.0,0.0,0.0,0.0,0.0,0.0,0.0346,100.0,100.0,0,120.0,148.0,28.0,1.2333,0.0,0.0,0.0
MPLADS-000679,1,73.3,85.8,84.2,73.3,12.5,12.5,12.5,-16.7,0.181,0.0,0.0,0.0,0.181,-0.0123,12.5,12.5,0,400.0,405.0,5.0,1.0125,1.0,1.0,1.0
MPLADS-000680,1,80.8,92.2,93.0,80.8,11.4,11.4,11.4,-9.2,0.4144,0.0,0.0,0.0,0.4144,-0.019,11.4,11.4,0,180.0,195.0,15.0,1.0833,1.0,1.0,1.0
MPLADS-000681,1,96.4,91.0,98.5,96.4,5.4,-5.4,-5.4,6.4,0.8685,0.0,0.0,0.0,0.8685,0.0099,0.0,0.0,0,120.0,111.0,0.0,0.925,1.0,1.0,1.0
MPLADS-000682,1,72.3,91.3,90.4,72.3,19.0,19.0,19.0,-17.7,0.3,0.0,0.0,0.0,0.3,-0.0081,19.0,19.0,0,210.0,241.0,31.0,1.1476,1.0,1.0,1.0
MPLADS-000683,1,86.9,87.8,89.1,86.9,0.9,0.9,0.9,-3.1,0.5299,0.0,0.0,0.0,0.5299,-0.0021,0.9,0.9,0,160.0,164.0,4.0,1.025,1.0,1.0,1.0
MPLADS-000684,1,73.1,91.4,97.9,73.1,18.3,18.3,18.3,-16.9,0.1855,0.0,0.0,0.0,0.1855,-0.0086,18.3,18.3,0,400.0,394.0,0.0,0.985,1.0,1.0,1.0
MPLADS-000685,1,94.7,94.0,99.2,94.7,0.7,-0.7,-0.7,4.7,0.5671,0.0,0.0,0.0,0.5671,0.0457,0.0,0.0,0,160.0,167.0,7.0,1.0437,1.0,1.0,1.0
MPLADS-000686,1,92.9,91.5,87.3,92.9,1.4,-1.4,-1.4,2.9,1.2065,0.0,0.0,0.0,1.2065,0.0147,0.0,0.0,0,90.0,77.0,0.0,0.8556,1.0,1.0,1.0
MPLADS-000687,1,96.4,89.4,88.4,96.4,7.0,-7.0,-7.0,6.4,0.4085,0.0,0.0,0.0,0.4085,0.0151,0.0,0.0,0,210.0,236.0,26.0,1.1238,1.0,1.0,1.0
MPLADS-000688,1,86.1,96.9,98.5,86.1,10.8,10.8,10.8,-3.9,1.1038,0.0,0.0,0.0,1.1038,0.012,10.8,10.8,0,90.0,78.0,0.0,0.8667,1.0,1.0,1.0
MPLADS-000689,1,76.5,93.9,84.0,76.5,17.4,17.4,17.4,-13.5,0.3768,0.0,0.0,0.0,0.3768,0.0239,17.4,17.4,0,210.0,203.0,0.0,0.9667,1.0,1.0,1.0
MPLADS-000690,1,92.2,94.5,90.2,92.2,2.3,2.3,2.3,2.2,0.5622,0.0,0.0,0.0,0.5622,0.0074,2.3,2.3,0,150.0,164.0,14.0,1.0933,1.0,1.0,1.0
MPLADS-000691,1,95.4,86.0,96.2,95.4,9.4,-9.4,-9.4,5.4,0.5679,0.0,0.0,0.0,0.5679,-0.0184,0.0,0.0,0,160.0,168.0,8.0,1.05,1.0,1.0,1.0
MPLADS-000692,1,90.6,85.3,87.1,90.6,5.3,-5.3,-5.3,0.6,0.8162,0.0,0.0,0.0,0.8162,0.0392,0.0,0.0,0,120.0,111.0,0.0,0.925,1.0,1.0,1.0
MPLADS-000693,1,96.8,85.7,96.7,96.8,11.1,-11.1,-11.1,6.8,0.4768,0.0,0.0,0.0,0.4768,0.0164,0.0,0.0,0,210.0,203.0,0.0,0.9667,1.0,1.0,1.0
MPLADS-000694,1,88.7,88.4,87.4,88.7,0.3,-0.3,-0.3,-1.3,0.9538,0.0,0.0,0.0,0.9538,0.0437,0.0,0.0,0,60.0,93.0,33.0,1.55,1.0,1.0,1.0
MPLADS-000695,1,29.1,91.5,92.7,29.1,62.4,62.4,62.4,-60.9,0.1682,0.0,0.0,0.0,0.1682,0.0356,62.4,62.4,0,180.0,173.0,0.0,0.9611,1.0,1.0,0.0
MPLADS-000696,1,93.2,93.2,93.3,93.2,0.0,0.0,0.0,3.2,0.5648,0.0,0.0,0.0,0.5648,0.0223,0.0,0.0,0,180.0,165.0,0.0,0.9167,1.0,1.0,1.0
MPLADS-000697,1,76.9,90.0,82.2,76.9,13.1,13.1,13.1,-13.1,0.4445,0.0,0.0,0.0,0.4445,0.0009,13.1,13.1,0,150.0,173.0,23.0,1.1533,1.0,1.0,1.0
MPLADS-000698,1,85.4,94.0,98.0,85.4,8.6,8.6,8.6,-4.6,0.4166,0.0,0.0,0.0,0.4166,0.043,8.6,8.6,0,180.0,205.0,25.0,1.1389,1.0,1.0,1.0
MPLADS-000699,1,73.7,93.6,88.2,73.7,19.9,19.9,19.9,-16.3,0.6353,0.0,0.0,0.0,0.6353,0.0455,19.9,19.9,0,120.0,116.0,0.0,0.9667,1.0,1.0,1.0
MPLADS-000700,1,86.5,94.9,84.5,86.5,8.4,8.4,8.4,-3.5,0.3697,0.0,0.0,0.0,0.3697,0.0358,8.4,8.4,0,210.0,234.0,24.0,1.1143,1.0,1.0,1.0
MPLADS-000701,1,76.6,90.2,91.5,76.6,13.6,13.6,13.6,-13.4,0.9119,0.0,0.0,0.0,0.9119,0.0319,13.6,13.6,0,90.0,84.0,0.0,0.9333,1.0,1.0,1.0
MPLADS-000702,1,95.9,93.2,94.3,95.9,2.7,-2.7,-2.7,5.9,0.393,0.0,0.0,0.0,0.393,0.0461,0.0,0.0,0,210.0,244.0,34.0,1.1619,1.0,1.0,1.0
MPLADS-000703,1,99.6,88.1,98.7,99.6,11.5,-11.5,-11.5,9.6,0.7064,0.0,0.0,0.0,0.7064,0.0407,0.0,0.0,0,150.0,141.0,0.0,0.94,1.0,1.0,1.0
MPLADS-000704,1,99.5,90.4,83.9,99.5,9.1,-9.1,-9.1,9.5,0.5025,0.0,0.0,0.0,0.5025,-0.0051,0.0,0.0,0,210.0,198.0,0.0,0.9429,1.0,1.0,1.0
MPLADS-000705,1,90.0,96.7,85.6,90.0,6.7,6.7,6.7,0.0,0.232,0.0,0.0,0.0,0.232,0.0225,6.7,6.7,0,400.0,388.0,0.0,0.97,1.0,1.0,1.0
MPLADS-000706,1,70.5,91.8,80.6,70.5,21.3,21.3,21.3,-19.5,0.3917,0.0,0.0,0.0,0.3917,-0.0047,21.3,21.3,0,150.0,180.0,30.0,1.2,1.0,1.0,1.0
MPLADS-000707,1,73.2,94.4,90.3,73.2,21.2,21.2,21.2,-16.8,0.3076,0.0,0.0,0.0,0.3076,0.0368,21.2,21.2,0,210.0,238.0,28.0,1.1333,1.0,1.0,1.0
MPLADS-000708,1,84.9,90.6,84.7,84.9,5.7,5.7,5.7,-5.1,0.7075,0.0,0.0,0.0,0.7075,0.0222,5.7,5.7,0,90.0,120.0,30.0,1.3333,1.0,1.0,1.0
MPLADS-000709,1,92.7,96.4,90.9,92.7,3.7,3.7,3.7,2.7,1.1587,0.0,0.0,0.0,1.1587,-0.0074,3.7,3.7,0,60.0,80.0,20.0,1.3333,1.0,1.0,1.0
MPLADS-000710,1,92.4,91.7,98.4,92.4,0.7,-0.7,-0.7,2.4,1.68,0.0,0.0,0.0,1.68,-0.0181,0.0,0.0,0,60.0,55.0,0.0,0.9167,1.0,1.0,1.0
MPLADS-000711,1,93.0,93.2,89.0,93.0,0.2,0.2,0.2,3.0,0.2225,0.0,0.0,0.0,0.2225,0.0316,0.2,0.2,0,400.0,418.0,18.0,1.045,1.0,1.0,1.0
MPLADS-000712,1,70.4,97.2,90.9,70.4,26.8,26.8,26.8,-19.6,0.4725,0.0,0.0,0.0,0.4725,0.0041,26.8,26.8,0,160.0,149.0,0.0,0.9313,1.0,1.0,1.0
MPLADS-000713,1,77.9,86.8,89.4,77.9,8.9,8.9,8.9,-12.1,0.3692,0.0,0.0,0.0,0.3692,0.0426,8.9,8.9,0,210.0,211.0,1.0,1.0048,1.0,1.0,1.0
MPLADS-000714,1,82.4,94.9,87.2,82.4,12.5,12.5,12.5,-7.6,0.7043,0.0,0.0,0.0,0.7043,0.0255,12.5,12.5,0,90.0,117.0,27.0,1.3,1.0,1.0,1.0
MPLADS-000715,1,72.4,92.3,83.2,72.4,19.9,19.9,19.9,-17.6,0.3914,0.0,0.0,0.0,0.3914,0.0086,19.9,19.9,0,160.0,185.0,25.0,1.1562,1.0,1.0,1.0
MPLADS-000716,1,76.2,135.9,98.1,76.2,59.7,59.7,59.7,-13.8,0.7189,0.0,0.0,0.0,0.7189,0.0363,59.7,59.7,0,90.0,106.0,16.0,1.1778,1.0,1.0,1.0
MPLADS-000717,1,75.2,87.1,87.1,75.2,11.9,11.9,11.9,-14.8,0.1769,0.0,0.0,0.0,0.1769,-0.0142,11.9,11.9,0,400.0,425.0,25.0,1.0625,1.0,1.0,1.0
MPLADS-000718,1,87.7,91.1,94.4,87.7,3.4,3.4,3.4,-2.3,0.5315,0.0,0.0,0.0,0.5315,0.0497,3.4,3.4,0,180.0,165.0,0.0,0.9167,1.0,1.0,1.0
MPLADS-000719,1,77.9,95.6,90.3,77.9,17.7,17.7,17.7,-12.1,0.9386,0.0,0.0,0.0,0.9386,0.018,17.7,17.7,0,60.0,83.0,23.0,1.3833,1.0,1.0,1.0
MPLADS-000720,1,73.0,88.6,92.0,73.0,15.6,15.6,15.6,-17.0,0.3596,0.0,0.0,0.0,0.3596,0.0377,15.6,15.6,0,180.0,203.0,23.0,1.1278,1.0,1.0,1.0
MPLADS-000721,1,98.0,96.4,80.9,98.0,1.6,-1.6,-1.6,8.0,0.8376,0.0,0.0,0.0,0.8376,-0.0094,0.0,0.0,0,90.0,117.0,27.0,1.3,1.0,1.0,1.0
MPLADS-000722,1,88.6,96.0,99.3,88.6,7.4,7.4,7.4,-1.4,0.5006,0.0,0.0,0.0,0.5006,-0.0005,7.4,7.4,0,180.0,177.0,0.0,0.9833,1.0,1.0,1.0
MPLADS-000723,1,30.7,95.7,90.1,30.7,65.0,65.0,65.0,-59.3,0.2791,0.0,0.0,0.0,0.2791,0.0378,65.0,65.0,0,90.0,110.0,20.0,1.2222,1.0,1.0,0.0
MPLADS-000724,1,0.0,100.0,98.8,0.0,100.0,100.0,100.0,-90.0,0.0,0.0,0.0,0.0,0.0,-0.0195,100.0,100.0,0,160.0,194.0,34.0,1.2125,0.0,0.0,0.0
MPLADS-000725,1,90.9,90.5,95.1,90.9,0.4,-0.4,-0.4,0.9,0.2185,0.0,0.0,0.0,0.2185,0.0485,0.0,0.0,0,400.0,416.0,16.0,1.04,1.0,1.0,1.0
MPLADS-000726,1,70.4,89.0,86.7,70.4,18.6,18.6,18.6,-19.6,0.1769,0.0,0.0,0.0,0.1769,-0.0091,18.6,18.6,0,400.0,398.0,0.0,0.995,1.0,1.0,1.0
MPLADS-000727,1,90.5,88.7,80.4,90.5,1.8,-1.8,-1.8,0.5,0.6908,0.0,0.0,0.0,0.6908,-0.0037,0.0,0.0,0,120.0,131.0,11.0,1.0917,1.0,1.0,1.0
MPLADS-000728,1,89.1,95.8,81.0,89.1,6.7,6.7,6.7,-0.9,0.6145,0.0,0.0,0.0,0.6145,0.0094,6.7,6.7,0,150.0,145.0,0.0,0.9667,1.0,1.0,1.0
MPLADS-000729,1,93.8,91.4,90.6,93.8,2.4,-2.4,-2.4,3.8,0.524,0.0,0.0,0.0,0.524,-0.0023,0.0,0.0,0,160.0,179.0,19.0,1.1187,1.0,1.0,1.0
MPLADS-000730,1,70.0,87.4,82.5,70.0,17.4,17.4,17.4,-20.0,0.4795,0.0,0.0,0.0,0.4795,0.013,17.4,17.4,0,120.0,146.0,26.0,1.2167,1.0,1.0,1.0
MPLADS-000731,1,95.5,90.2,98.0,95.5,5.3,-5.3,-5.3,5.5,0.7702,0.0,0.0,0.0,0.7702,0.0311,0.0,0.0,0,90.0,124.0,34.0,1.3778,1.0,1.0,1.0
MPLADS-000732,1,88.5,95.3,86.7,88.5,6.8,6.8,6.8,-1.5,1.1645,0.0,0.0,0.0,1.1645,0.0016,6.8,6.8,0,90.0,76.0,0.0,0.8444,1.0,1.0,1.0
MPLADS-000733,1,81.9,87.9,98.8,81.9,6.0,6.0,6.0,-8.1,0.7514,0.0,0.0,0.0,0.7514,0.0434,6.0,6.0,0,90.0,109.0,19.0,1.2111,1.0,1.0,1.0
MPLADS-000734,1,81.7,87.3,92.3,81.7,5.6,5.6,5.6,-8.3,0.7427,0.0,0.0,0.0,0.7427,0.0433,5.6,5.6,0,90.0,110.0,20.0,1.2222,1.0,1.0,1.0
MPLADS-000735,1,90.1,87.9,96.8,90.1,2.2,-2.2,-2.2,0.1,1.1551,0.0,0.0,0.0,1.1551,0.001,0.0,0.0,0,90.0,78.0,0.0,0.8667,1.0,1.0,1.0
MPLADS-000736,1,96.3,93.3,96.3,96.3,3.0,-3.0,-3.0,6.3,1.6322,0.0,0.0,0.0,1.6322,0.0148,0.0,0.0,0,60.0,59.0,0.0,0.9833,1.0,1.0,1.0
MPLADS-000737,1,82.5,91.4,88.4,82.5,8.9,8.9,8.9,-7.5,0.569,0.0,0.0,0.0,0.569,-0.0061,8.9,8.9,0,120.0,145.0,25.0,1.2083,1.0,1.0,1.0
MPLADS-000738,1,94.3,126.7,89.3,94.3,32.4,32.4,32.4,4.3,0.6204,0.0,0.0,0.0,0.6204,0.0195,32.4,32.4,0,120.0,152.0,32.0,1.2667,1.0,1.0,1.0
MPLADS-000739,1,28.6,88.5,92.8,28.6,59.9,59.9,59.9,-61.4,0.1799,0.0,0.0,0.0,0.1799,-0.0011,59.9,59.9,0,150.0,159.0,9.0,1.06,1.0,1.0,0.0
MPLADS-000740,1,50.8,87.2,88.3,50.8,36.4,36.4,36.4,-39.2,0.1058,0.0,0.0,0.0,0.1058,0.0357,36.4,36.4,3,160.0,480.0,320.0,3.0,1.0,1.0,1.0
MPLADS-000741,1,87.5,158.9,95.6,87.5,71.4,71.4,71.4,-2.5,0.2238,0.0,0.0,0.0,0.2238,-0.0098,71.4,71.4,0,400.0,391.0,0.0,0.9775,1.0,1.0,1.0
MPLADS-000742,1,90.1,91.8,99.1,90.1,1.7,1.7,1.7,0.1,0.8045,0.0,0.0,0.0,0.8045,-0.0191,1.7,1.7,0,120.0,112.0,0.0,0.9333,1.0,1.0,1.0
MPLADS-000743,1,76.2,97.7,97.3,76.2,21.5,21.5,21.5,-13.8,0.8283,0.0,0.0,0.0,0.8283,0.0426,21.5,21.5,0,90.0,92.0,2.0,1.0222,1.0,1.0,1.0
MPLADS-000744,1,96.3,96.7,94.6,96.3,0.4,0.4,0.4,6.3,0.6336,0.0,0.0,0.0,0.6336,-0.0015,0.4,0.4,0,120.0,152.0,32.0,1.2667,1.0,1.0,1.0
MPLADS-000745,1,73.0,85.8,95.6,73.0,12.8,12.8,12.8,-17.0,0.9359,0.0,0.0,0.0,0.9359,0.0477,12.8,12.8,0,60.0,78.0,18.0,1.3,1.0,1.0,1.0
MPLADS-000746,1,70.8,97.9,87.7,70.8,27.1,27.1,27.1,-19.2,0.2975,0.0,0.0,0.0,0.2975,-0.005,27.1,27.1,0,210.0,238.0,28.0,1.1333,1.0,1.0,1.0
MPLADS-000747,1,70.8,86.2,93.5,70.8,15.4,15.4,15.4,-19.2,0.59,0.0,0.0,0.0,0.59,-0.0051,15.4,15.4,0,90.0,120.0,30.0,1.3333,1.0,1.0,1.0
MPLADS-000748,1,23.3,40.4,92.7,23.3,17.1,17.1,17.1,-66.7,0.1991,0.0,0.0,0.0,0.1991,0.013,17.1,17.1,0,120.0,117.0,0.0,0.975,1.0,1.0,1.0
MPLADS-000749,1,90.4,97.5,94.0,90.4,7.1,7.1,7.1,0.4,1.2556,0.0,0.0,0.0,1.2556,-0.0015,7.1,7.1,0,60.0,72.0,12.0,1.2,1.0,1.0,1.0
MPLADS-000750,1,97.1,89.7,91.6,97.1,7.4,-7.4,-7.4,7.1,0.7412,0.0,0.0,0.0,0.7412,0.0177,0.0,0.0,0,120.0,131.0,11.0,1.0917,1.0,1.0,1.0
MPLADS-000751,1,20.2,94.4,86.5,20.2,74.2,74.2,74.2,-69.8,0.1683,0.0,0.0,0.0,0.1683,0.0245,74.2,74.2,0,90.0,120.0,30.0,1.3333,1.0,1.0,0.0
MPLADS-000752,1,84.2,88.4,94.7,84.2,4.2,4.2,4.2,-5.8,0.7259,0.0,0.0,0.0,0.7259,0.0322,4.2,4.2,0,90.0,116.0,26.0,1.2889,1.0,1.0,1.0
MPLADS-000753,1,93.4,85.5,89.9,93.4,7.9,-7.9,-7.9,3.4,0.4647,0.0,0.0,0.0,0.4647,0.0412,0.0,0.0,0,210.0,201.0,0.0,0.9571,1.0,1.0,1.0
MPLADS-000754,1,72.6,88.3,80.3,72.6,15.7,15.7,15.7,-17.4,0.4624,0.0,0.0,0.0,0.4624,0.012,15.7,15.7,0,160.0,157.0,0.0,0.9812,1.0,1.0,1.0
MPLADS-000755,1,75.8,96.6,85.1,75.8,20.8,20.8,20.8,-14.2,0.3107,0.0,0.0,0.0,0.3107,0.0029,20.8,20.8,0,210.0,244.0,34.0,1.1619,1.0,1.0,1.0
MPLADS-000756,1,77.4,139.6,93.4,77.4,62.2,62.2,62.2,-12.6,0.4474,0.0,0.0,0.0,0.4474,-0.0017,62.2,62.2,0,150.0,173.0,23.0,1.1533,1.0,1.0,1.0
MPLADS-000757,1,91.2,88.2,96.5,91.2,3.0,-3.0,-3.0,1.2,0.4282,0.0,0.0,0.0,0.4282,-0.0065,0.0,0.0,0,210.0,213.0,3.0,1.0143,1.0,1.0,1.0
MPLADS-000758,1,86.4,87.6,97.5,86.4,1.2,1.2,1.2,-3.6,0.7082,0.0,0.0,0.0,0.7082,0.0445,1.2,1.2,0,90.0,122.0,32.0,1.3556,1.0,1.0,1.0
MPLADS-000759,1,79.1,147.0,82.8,79.1,67.9,67.9,67.9,-10.9,0.4494,0.0,0.0,0.0,0.4494,-0.0131,67.9,67.9,0,150.0,176.0,26.0,1.1733,1.0,1.0,1.0
MPLADS-000760,1,86.1,90.0,94.7,86.1,3.9,3.9,3.9,-3.9,0.4241,0.0,0.0,0.0,0.4241,0.0492,3.9,3.9,0,210.0,203.0,0.0,0.9667,1.0,1.0,1.0
MPLADS-000761,1,77.8,86.6,96.9,77.8,8.8,8.8,8.8,-12.2,0.6031,0.0,0.0,0.0,0.6031,0.0459,8.8,8.8,0,120.0,129.0,9.0,1.075,1.0,1.0,1.0
MPLADS-000762,1,77.5,86.1,99.5,77.5,8.6,8.6,8.6,-12.5,0.1832,0.0,0.0,0.0,0.1832,0.0407,8.6,8.6,0,400.0,423.0,23.0,1.0575,1.0,1.0,1.0
MPLADS-000763,1,71.8,91.6,83.1,71.8,19.8,19.8,19.8,-18.2,0.6527,0.0,0.0,0.0,0.6527,0.0373,19.8,19.8,0,90.0,110.0,20.0,1.2222,1.0,1.0,1.0
MPLADS-000764,1,79.2,96.2,96.9,79.2,17.0,17.0,17.0,-10.8,0.6769,0.0,0.0,0.0,0.6769,0.0441,17.0,17.0,0,90.0,117.0,27.0,1.3,1.0,1.0,1.0
MPLADS-000765,1,92.1,96.1,92.4,92.1,4.0,4.0,4.0,2.1,2.0022,0.0,0.0,0.0,2.0022,-0.0121,4.0,4.0,0,60.0,46.0,0.0,0.7667,1.0,1.0,1.0
MPLADS-000766,1,90.0,86.8,88.4,90.0,3.2,-3.2,-3.2,0.0,0.5422,0.0,0.0,0.0,0.5422,0.04,0.0,0.0,0,160.0,166.0,6.0,1.0375,1.0,1.0,1.0
MPLADS-000767,1,94.9,87.6,97.6,94.9,7.3,-7.3,-7.3,4.9,0.5858,0.0,0.0,0.0,0.5858,-0.0059,0.0,0.0,0,160.0,162.0,2.0,1.0125,1.0,1.0,1.0
MPLADS-000768,1,90.9,93.4,91.8,90.9,2.5,2.5,2.5,0.9,0.8116,0.0,0.0,0.0,0.8116,-0.0113,2.5,2.5,0,120.0,112.0,0.0,0.9333,1.0,1.0,1.0
MPLADS-000769,1,77.5,88.3,90.4,77.5,10.8,10.8,10.8,-12.5,0.327,0.0,0.0,0.0,0.327,-0.018,10.8,10.8,0,210.0,237.0,27.0,1.1286,1.0,1.0,1.0
MPLADS-000770,1,97.5,97.5,90.3,97.5,0.0,0.0,0.0,7.5,0.5669,0.0,0.0,0.0,0.5669,0.0438,0.0,0.0,0,180.0,172.0,0.0,0.9556,1.0,1.0,1.0
MPLADS-000771,1,70.0,95.8,85.3,70.0,25.8,25.8,25.8,-20.0,0.3825,0.0,0.0,0.0,0.3825,-0.0132,25.8,25.8,0,150.0,183.0,33.0,1.22,1.0,1.0,1.0
MPLADS-000772,1,96.3,85.6,98.9,96.3,10.7,-10.7,-10.7,6.3,0.3947,0.0,0.0,0.0,0.3947,0.0339,0.0,0.0,0,210.0,244.0,34.0,1.1619,1.0,1.0,1.0
MPLADS-000773,1,94.9,92.2,98.4,94.9,2.7,-2.7,-2.7,4.9,1.2653,0.0,0.0,0.0,1.2653,0.0443,0.0,0.0,0,60.0,75.0,15.0,1.25,1.0,1.0,1.0
MPLADS-000774,1,93.7,97.5,96.2,93.7,3.8,3.8,3.8,3.7,0.8676,0.0,0.0,0.0,0.8676,0.0071,3.8,3.8,0,120.0,108.0,0.0,0.9,1.0,1.0,1.0
MPLADS-000775,1,85.6,89.9,98.4,85.6,4.3,4.3,4.3,-4.4,0.5669,0.0,0.0,0.0,0.5669,-0.0061,4.3,4.3,0,160.0,151.0,0.0,0.9437,1.0,1.0,1.0
MPLADS-000776,1,96.2,132.0,80.7,96.2,35.8,35.8,35.8,6.2,0.2358,0.0,0.0,0.0,0.2358,-0.0032,35.8,35.8,0,400.0,408.0,8.0,1.02,1.0,1.0,1.0
MPLADS-000777,1,73.3,97.6,86.1,73.3,24.3,24.3,24.3,-16.7,0.2036,0.0,0.0,0.0,0.2036,0.0173,24.3,24.3,2,120.0,360.0,240.0,3.0,1.0,1.0,1.0
MPLADS-000778,1,82.2,97.5,97.3,82.2,15.3,15.3,15.3,-7.8,1.4945,0.0,0.0,0.0,1.4945,-0.0104,15.3,15.3,0,60.0,55.0,0.0,0.9167,1.0,1.0,1.0
MPLADS-000779,1,25.4,95.6,80.1,25.4,70.2,70.2,70.2,-64.6,0.3136,0.0,0.0,0.0,0.3136,0.0081,70.2,70.2,0,60.0,81.0,21.0,1.35,1.0,1.0,0.0
MPLADS-000780,1,80.7,96.2,97.1,80.7,15.5,15.5,15.5,-9.3,0.4832,0.0,0.0,0.0,0.4832,0.0283,15.5,15.5,0,160.0,167.0,7.0,1.0437,1.0,1.0,1.0
MPLADS-000781,1,59.6,93.6,97.1,59.6,34.0,34.0,34.0,-30.4,0.1242,0.0,0.0,0.0,0.1242,-0.0002,34.0,34.0,4,120.0,480.0,360.0,4.0,1.0,1.0,1.0
MPLADS-000782,1,82.8,93.6,88.2,82.8,10.8,10.8,10.8,-7.2,1.0222,0.0,0.0,0.0,1.0222,0.0113,10.8,10.8,0,90.0,81.0,0.0,0.9,1.0,1.0,1.0
MPLADS-000783,1,86.9,97.4,95.6,86.9,10.5,10.5,10.5,-3.1,0.4855,0.0,0.0,0.0,0.4855,-0.0122,10.5,10.5,0,150.0,179.0,29.0,1.1933,1.0,1.0,1.0
MPLADS-000784,1,75.3,85.3,97.2,75.3,10.0,10.0,10.0,-14.7,0.9908,0.0,0.0,0.0,0.9908,-0.0095,10.0,10.0,0,90.0,76.0,0.0,0.8444,1.0,1.0,1.0
MPLADS-000785,1,73.9,85.0,83.0,73.9,11.1,11.1,11.1,-16.1,0.4927,0.0,0.0,0.0,0.4927,-0.0011,11.1,11.1,0,150.0,150.0,0.0,1.0,1.0,1.0,1.0
MPLADS-000786,1,81.5,89.2,84.7,81.5,7.7,7.7,7.7,-8.5,0.6221,0.0,0.0,0.0,0.6221,0.0186,7.7,7.7,0,120.0,131.0,11.0,1.0917,1.0,1.0,1.0
MPLADS-000787,1,80.7,90.4,91.0,80.7,9.7,9.7,9.7,-9.3,1.3016,0.0,0.0,0.0,1.3016,0.0314,9.7,9.7,0,60.0,62.0,2.0,1.0333,1.0,1.0,1.0
MPLADS-000788,1,87.6,86.9,86.2,87.6,0.7,-0.7,-0.7,-2.4,0.2158,0.0,0.0,0.0,0.2158,0.0169,0.0,0.0,0,400.0,406.0,6.0,1.015,1.0,1.0,1.0
MPLADS-000789,1,89.6,95.1,99.9,89.6,5.5,5.5,5.5,-0.4,0.5531,0.0,0.0,0.0,0.5531,-0.0054,5.5,5.5,0,150.0,162.0,12.0,1.08,1.0,1.0,1.0
MPLADS-000790,1,81.3,88.0,88.2,81.3,6.7,6.7,6.7,-8.7,0.9679,0.0,0.0,0.0,0.9679,-0.0041,6.7,6.7,0,60.0,84.0,24.0,1.4,0.0,0.0,0.0
MPLADS-000791,1,81.7,97.0,96.8,81.7,15.3,15.3,15.3,-8.3,1.2569,0.0,0.0,0.0,1.2569,0.0222,15.3,15.3,0,60.0,65.0,5.0,1.0833,1.0,1.0,1.0
MPLADS-000792,1,72.2,95.0,98.7,72.2,22.8,22.8,22.8,-17.8,0.1856,0.0,0.0,0.0,0.1856,-0.0069,22.8,22.8,0,400.0,389.0,0.0,0.9725,1.0,1.0,1.0
MPLADS-000793,1,81.7,86.0,99.2,81.7,4.3,4.3,4.3,-8.3,0.4695,0.0,0.0,0.0,0.4695,0.0306,4.3,4.3,0,150.0,174.0,24.0,1.16,1.0,1.0,1.0
MPLADS-000794,1,86.1,86.8,91.2,86.1,0.7,0.7,0.7,-3.9,0.4757,0.0,0.0,0.0,0.4757,0.0335,0.7,0.7,0,160.0,181.0,21.0,1.1313,1.0,1.0,1.0
MPLADS-000795,1,82.1,88.2,91.3,82.1,6.1,6.1,6.1,-7.9,1.2828,0.0,0.0,0.0,1.2828,0.0413,6.1,6.1,0,60.0,64.0,4.0,1.0667,1.0,1.0,1.0
MPLADS-000796,1,99.6,94.9,96.0,99.6,4.7,-4.7,-4.7,9.6,0.7378,0.0,0.0,0.0,0.7378,0.041,0.0,0.0,0,150.0,135.0,0.0,0.9,1.0,1.0,1.0
MPLADS-000797,1,81.7,96.3,82.4,81.7,14.6,14.6,14.6,-8.3,0.1882,0.0,0.0,0.0,0.1882,-0.0015,14.6,14.6,0,400.0,434.0,34.0,1.085,1.0,1.0,1.0
MPLADS-000798,1,79.8,89.4,81.0,79.8,9.6,9.6,9.6,-10.2,0.76,0.0,0.0,0.0,0.76,0.0161,9.6,9.6,0,120.0,105.0,0.0,0.875,1.0,1.0,1.0
MPLADS-000799,1,84.8,96.2,85.5,84.8,11.4,11.4,11.4,-5.2,1.2471,0.0,0.0,0.0,1.2471,0.0109,11.4,11.4,0,60.0,68.0,8.0,1.1333,1.0,1.0,1.0
MPLADS-000800,1,97.2,90.6,83.2,97.2,6.6,-6.6,-6.6,7.2,0.2371,0.0,0.0,0.0,0.2371,0.024,0.0,0.0,0,400.0,410.0,10.0,1.025,1.0,1.0,1.0
MPLADS-000801,1,93.6,146.4,97.3,93.6,52.8,52.8,52.8,3.6,0.4522,0.0,0.0,0.0,0.4522,0.0161,52.8,52.8,0,210.0,207.0,0.0,0.9857,1.0,1.0,1.0
MPLADS-000802,1,79.6,135.4,91.9,79.6,55.8,55.8,55.8,-10.4,0.1951,0.0,0.0,0.0,0.1951,0.0108,55.8,55.8,0,400.0,408.0,8.0,1.02,1.0,1.0,1.0
MPLADS-000803,1,88.8,85.0,84.6,88.8,3.8,-3.8,-3.8,-1.2,0.5045,0.0,0.0,0.0,0.5045,0.0479,0.0,0.0,0,150.0,176.0,26.0,1.1733,1.0,1.0,1.0
MPLADS-000804,1,95.3,95.5,98.4,95.3,0.2,0.2,0.2,5.3,0.2419,0.0,0.0,0.0,0.2419,0.0044,0.2,0.2,0,400.0,394.0,0.0,0.985,1.0,1.0,1.0
MPLADS-000805,1,11.0,62.4,82.4,11.0,51.4,51.4,51.4,-79.0,0.0524,0.0,0.0,0.0,0.0524,-0.0003,51.4,51.4,0,180.0,210.0,30.0,1.1667,1.0,1.0,1.0
MPLADS-000806,1,79.2,91.8,86.0,79.2,12.6,12.6,12.6,-10.8,0.8426,0.0,0.0,0.0,0.8426,0.0405,12.6,12.6,0,60.0,94.0,34.0,1.5667,1.0,1.0,1.0
MPLADS-000807,1,82.1,93.7,85.4,82.1,11.6,11.6,11.6,-7.9,0.4858,0.0,0.0,0.0,0.4858,0.034,11.6,11.6,0,160.0,169.0,9.0,1.0562,1.0,1.0,1.0
MPLADS-000808,1,87.8,94.6,97.7,87.8,6.8,6.8,6.8,-2.2,0.4103,0.0,0.0,0.0,0.4103,0.0063,6.8,6.8,0,180.0,214.0,34.0,1.1889,1.0,1.0,1.0
MPLADS-000809,1,74.1,93.6,87.7,74.1,19.5,19.5,19.5,-15.9,0.511,0.0,0.0,0.0,0.511,0.002,19.5,19.5,0,150.0,145.0,0.0,0.9667,1.0,1.0,1.0
MPLADS-000810,1,90.9,153.4,82.1,90.9,62.5,62.5,62.5,0.9,0.6447,0.0,0.0,0.0,0.6447,-0.0018,62.5,62.5,0,120.0,141.0,21.0,1.175,1.0,1.0,1.0
MPLADS-000811,1,77.7,147.7,82.3,77.7,70.0,70.0,70.0,-12.3,0.4856,0.0,0.0,0.0,0.4856,0.0091,70.0,70.0,0,150.0,160.0,10.0,1.0667,1.0,1.0,1.0
MPLADS-000812,1,86.5,91.6,97.0,86.5,5.1,5.1,5.1,-3.5,0.41,0.0,0.0,0.0,0.41,0.0167,5.1,5.1,0,180.0,211.0,31.0,1.1722,1.0,1.0,1.0
MPLADS-000813,1,98.9,90.1,88.0,98.9,8.8,-8.8,-8.8,8.9,0.5178,0.0,0.0,0.0,0.5178,0.041,0.0,0.0,0,180.0,191.0,11.0,1.0611,1.0,1.0,1.0
MPLADS-000814,1,85.9,135.5,85.5,85.9,49.6,49.6,49.6,-4.1,0.415,0.0,0.0,0.0,0.415,0.0096,49.6,49.6,0,180.0,207.0,27.0,1.15,1.0,1.0,1.0
MPLADS-000815,1,84.7,92.0,91.4,84.7,7.3,7.3,7.3,-5.3,0.5723,0.0,0.0,0.0,0.5723,0.0282,7.3,7.3,0,120.0,148.0,28.0,1.2333,1.0,1.0,1.0
MPLADS-000816,1,71.4,87.5,95.7,71.4,16.1,16.1,16.1,-18.6,0.6611,0.0,0.0,0.0,0.6611,0.0329,16.1,16.1,0,120.0,108.0,0.0,0.9,1.0,1.0,1.0
MPLADS-000817,1,77.6,87.1,93.9,77.6,9.5,9.5,9.5,-12.4,0.436,0.0,0.0,0.0,0.436,0.0105,9.5,9.5,0,150.0,178.0,28.0,1.1867,1.0,1.0,1.0
MPLADS-000818,1,33.4,87.4,89.4,33.4,54.0,54.0,54.0,-56.6,0.3036,0.0,0.0,0.0,0.3036,0.0243,54.0,54.0,0,90.0,110.0,20.0,1.2222,1.0,1.0,0.0
MPLADS-000819,1,70.8,89.2,80.9,70.8,18.4,18.4,18.4,-19.2,0.3324,0.0,0.0,0.0,0.3324,-0.0045,18.4,18.4,0,180.0,213.0,33.0,1.1833,1.0,1.0,1.0
MPLADS-000820,1,72.6,89.9,96.7,72.6,17.3,17.3,17.3,-17.4,0.3594,0.0,0.0,0.0,0.3594,-0.0027,17.3,17.3,0,210.0,202.0,0.0,0.9619,1.0,1.0,1.0
MPLADS-000821,1,93.4,92.0,97.1,93.4,1.4,-1.4,-1.4,3.4,0.2335,0.0,0.0,0.0,0.2335,0.0137,0.0,0.0,0,400.0,400.0,0.0,1.0,1.0,1.0,1.0
MPLADS-000822,1,79.5,97.4,87.1,79.5,17.9,17.9,17.9,-10.5,0.6516,0.0,0.0,0.0,0.6516,0.0399,17.9,17.9,0,120.0,122.0,2.0,1.0167,1.0,1.0,1.0
MPLADS-000823,1,73.4,88.8,99.4,73.4,15.4,15.4,15.4,-16.6,0.4033,0.0,0.0,0.0,0.4033,0.0356,15.4,15.4,0,160.0,182.0,22.0,1.1375,1.0,1.0,1.0
MPLADS-000824,1,82.3,138.2,96.3,82.3,55.9,55.9,55.9,-7.7,0.5344,0.0,0.0,0.0,0.5344,0.0114,55.9,55.9,0,150.0,154.0,4.0,1.0267,1.0,1.0,1.0
MPLADS-000825,1,49.0,86.1,88.9,49.0,37.1,37.1,37.1,-41.0,0.1361,0.0,0.0,0.0,0.1361,-0.0175,37.1,37.1,2,90.0,360.0,270.0,4.0,1.0,1.0,1.0
MPLADS-000826,1,76.0,92.5,80.3,76.0,16.5,16.5,16.5,-14.0,0.8352,0.0,0.0,0.0,0.8352,0.0245,16.5,16.5,0,60.0,91.0,31.0,1.5167,1.0,1.0,1.0
MPLADS-000827,1,97.9,91.3,97.5,97.9,6.6,-6.6,-6.6,7.9,0.4029,0.0,0.0,0.0,0.4029,0.0479,0.0,0.0,0,210.0,243.0,33.0,1.1571,1.0,1.0,1.0
MPLADS-000828,1,79.3,95.4,82.1,79.3,16.1,16.1,16.1,-10.7,0.2003,0.0,0.0,0.0,0.2003,0.0255,16.1,16.1,0,400.0,396.0,0.0,0.99,0.0,0.0,0.0
MPLADS-000829,1,91.7,89.4,86.4,91.7,2.3,-2.3,-2.3,1.7,1.054,0.0,0.0,0.0,1.054,-0.0001,0.0,0.0,0,90.0,87.0,0.0,0.9667,1.0,1.0,1.0
MPLADS-000830,1,73.4,92.0,82.3,73.4,18.6,18.6,18.6,-16.6,0.4033,0.0,0.0,0.0,0.4033,0.0036,18.6,18.6,0,150.0,182.0,32.0,1.2133,1.0,1.0,1.0
MPLADS-000831,1,90.2,96.1,98.0,90.2,5.9,5.9,5.9,0.2,0.2163,0.0,0.0,0.0,0.2163,0.0174,5.9,5.9,0,400.0,417.0,17.0,1.0425,1.0,1.0,1.0
MPLADS-000832,1,99.1,88.7,87.2,99.1,10.4,-10.4,-10.4,9.1,0.5695,0.0,0.0,0.0,0.5695,0.0489,0.0,0.0,0,180.0,174.0,0.0,0.9667,1.0,1.0,1.0
MPLADS-000833,1,81.9,97.4,81.9,81.9,15.5,15.5,15.5,-8.1,0.4475,0.0,0.0,0.0,0.4475,-0.0121,15.5,15.5,0,150.0,183.0,33.0,1.22,1.0,1.0,1.0
MPLADS-000834,1,73.2,96.8,97.0,73.2,23.6,23.6,23.6,-16.8,0.3405,0.0,0.0,0.0,0.3405,-0.0113,23.6,23.6,0,210.0,215.0,5.0,1.0238,1.0,1.0,1.0
MPLADS-000835,1,86.5,88.7,87.1,86.5,2.2,2.2,2.2,-3.5,0.3794,0.0,0.0,0.0,0.3794,0.033,2.2,2.2,0,210.0,228.0,18.0,1.0857,1.0,1.0,1.0
MPLADS-000836,1,99.4,86.9,82.5,99.4,12.5,-12.5,-12.5,9.4,1.0804,0.0,0.0,0.0,1.0804,0.0493,0.0,0.0,0,60.0,92.0,32.0,1.5333,1.0,1.0,1.0
MPLADS-000837,1,88.2,85.5,97.7,88.2,2.7,-2.7,-2.7,-1.8,1.4,0.0,0.0,0.0,1.4,0.0371,0.0,0.0,0,60.0,63.0,3.0,1.05,1.0,1.0,1.0
MPLADS-000838,1,83.0,96.5,88.5,83.0,13.5,13.5,13.5,-7.0,0.6975,0.0,0.0,0.0,0.6975,0.0131,13.5,13.5,0,90.0,119.0,29.0,1.3222,1.0,1.0,1.0
MPLADS-000839,1,71.5,88.6,92.8,71.5,17.1,17.1,17.1,-18.5,0.1779,0.0,0.0,0.0,0.1779,0.0312,17.1,17.1,0,400.0,402.0,2.0,1.005,1.0,1.0,1.0
MPLADS-000840,1,76.4,92.9,92.7,76.4,16.5,16.5,16.5,-13.6,0.3764,0.0,0.0,0.0,0.3764,0.0339,16.5,16.5,0,210.0,203.0,0.0,0.9667,1.0,1.0,1.0
MPLADS-000841,1,29.2,85.7,83.4,29.2,56.5,56.5,56.5,-60.8,0.1417,0.0,0.0,0.0,0.1417,0.0459,56.5,56.5,0,180.0,206.0,26.0,1.1444,1.0,1.0,0.0
MPLADS-000842,1,72.2,88.0,99.9,72.2,15.8,15.8,15.8,-17.8,0.1823,0.0,0.0,0.0,0.1823,0.0479,15.8,15.8,0,400.0,396.0,0.0,0.99,0.0,0.0,0.0
MPLADS-000843,1,70.7,87.4,98.2,70.7,16.7,16.7,16.7,-19.3,0.7685,0.0,0.0,0.0,0.7685,0.0448,16.7,16.7,0,90.0,92.0,2.0,1.0222,1.0,1.0,1.0
MPLADS-000844,1,81.0,97.2,82.2,81.0,16.2,16.2,16.2,-9.0,1.62,0.0,0.0,0.0,1.62,-0.0013,16.2,16.2,0,60.0,50.0,0.0,0.8333,1.0,1.0,1.0
MPLADS-000845,1,30.1,89.0,80.8,30.1,58.9,58.9,58.9,-59.9,0.3071,0.0,0.0,0.0,0.3071,0.0364,58.9,58.9,0,90.0,98.0,8.0,1.0889,1.0,1.0,0.0
MPLADS-000846,1,80.1,91.0,88.4,80.1,10.9,10.9,10.9,-9.9,0.6846,0.0,0.0,0.0,0.6846,0.0273,10.9,10.9,0,120.0,117.0,0.0,0.975,1.0,1.0,1.0
MPLADS-000847,1,44.2,87.4,88.7,44.2,43.2,43.2,43.2,-45.8,0.0737,0.0,0.0,0.0,0.0737,-0.0191,43.2,43.2,3,150.0,600.0,450.0,4.0,1.0,1.0,1.0
MPLADS-000848,1,95.6,96.3,87.7,95.6,0.7,0.7,0.7,5.6,0.5085,0.0,0.0,0.0,0.5085,0.0341,0.7,0.7,0,160.0,188.0,28.0,1.175,1.0,1.0,1.0
MPLADS-000849,1,94.8,95.2,81.0,94.8,0.4,0.4,0.4,4.8,0.8464,0.0,0.0,0.0,0.8464,-0.0124,0.4,0.4,0,120.0,112.0,0.0,0.9333,1.0,1.0,1.0
MPLADS-000850,1,76.2,91.6,97.2,76.2,15.4,15.4,15.4,-13.8,1.5551,0.0,0.0,0.0,1.5551,0.0007,15.4,15.4,0,60.0,49.0,0.0,0.8167,1.0,1.0,1.0
MPLADS-000851,1,94.5,91.7,84.8,94.5,2.8,-2.8,-2.8,4.5,1.1812,0.0,0.0,0.0,1.1812,0.0269,0.0,0.0,0,60.0,80.0,20.0,1.3333,1.0,1.0,1.0
MPLADS-000852,1,75.5,89.9,81.3,75.5,14.4,14.4,14.4,-14.5,0.324,0.0,0.0,0.0,0.324,0.0376,14.4,14.4,0,210.0,233.0,23.0,1.1095,1.0,1.0,1.0
MPLADS-000853,1,99.0,87.1,83.4,99.0,11.9,-11.9,-11.9,9.0,0.4692,0.0,0.0,0.0,0.4692,0.0166,0.0,0.0,0,210.0,211.0,1.0,1.0048,1.0,1.0,1.0
MPLADS-000854,1,93.4,96.5,90.7,93.4,3.1,3.1,3.1,3.4,0.2377,0.0,0.0,0.0,0.2377,0.0497,3.1,3.1,0,400.0,393.0,0.0,0.9825,1.0,1.0,1.0
MPLADS-000855,1,98.9,87.9,94.8,98.9,11.0,-11.0,-11.0,8.9,1.2679,0.0,0.0,0.0,1.2679,0.024,0.0,0.0,0,60.0,78.0,18.0,1.3,1.0,1.0,1.0
MPLADS-000856,1,99.2,85.6,84.7,99.2,13.6,-13.6,-13.6,9.2,0.9631,0.0,0.0,0.0,0.9631,0.0231,0.0,0.0,0,90.0,103.0,13.0,1.1444,1.0,1.0,1.0
MPLADS-000857,1,34.7,86.5,91.2,34.7,51.8,51.8,51.8,-55.3,0.1744,0.0,0.0,0.0,0.1744,-0.0002,51.8,51.8,0,180.0,199.0,19.0,1.1056,1.0,1.0,0.0
MPLADS-000858,1,94.4,96.0,83.6,94.4,1.6,1.6,1.6,4.4,0.2446,0.0,0.0,0.0,0.2446,0.0488,1.6,1.6,0,400.0,386.0,0.0,0.965,1.0,1.0,1.0
MPLADS-000859,1,81.9,89.9,89.9,81.9,8.0,8.0,8.0,-8.1,0.6941,0.0,0.0,0.0,0.6941,0.0194,8.0,8.0,0,90.0,118.0,28.0,1.3111,1.0,1.0,1.0
MPLADS-000860,1,75.6,91.1,97.6,75.6,15.5,15.5,15.5,-14.4,0.5007,0.0,0.0,0.0,0.5007,-0.0132,15.5,15.5,0,160.0,151.0,0.0,0.9437,1.0,1.0,1.0
MPLADS-000861,1,99.6,89.8,82.7,99.6,9.8,-9.8,-9.8,9.6,1.3105,0.0,0.0,0.0,1.3105,-0.0086,0.0,0.0,0,60.0,76.0,16.0,1.2667,1.0,1.0,1.0
MPLADS-000862,1,75.1,140.3,98.3,75.1,65.2,65.2,65.2,-14.9,0.3974,0.0,0.0,0.0,0.3974,-0.0117,65.2,65.2,0,160.0,189.0,29.0,1.1812,1.0,1.0,1.0
MPLADS-000863,1,94.5,92.9,87.4,94.5,1.6,-1.6,-1.6,4.5,0.2423,0.0,0.0,0.0,0.2423,0.0024,0.0,0.0,0,400.0,390.0,0.0,0.975,1.0,1.0,1.0
MPLADS-000864,1,61.9,88.6,81.9,61.9,26.7,26.7,26.7,-28.1,0.0516,0.0,0.0,0.0,0.0516,0.0257,26.7,26.7,2,400.0,1200.0,800.0,3.0,1.0,1.0,1.0
MPLADS-000865,1,99.6,91.9,98.1,99.6,7.7,-7.7,-7.7,9.6,0.2567,0.0,0.0,0.0,0.2567,-0.011,0.0,0.0,0,400.0,388.0,0.0,0.97,1.0,1.0,1.0
MPLADS-000866,1,77.4,91.2,91.4,77.4,13.8,13.8,13.8,-12.6,0.6293,0.0,0.0,0.0,0.6293,0.0382,13.8,13.8,0,90.0,123.0,33.0,1.3667,1.0,1.0,1.0
MPLADS-000867,1,98.1,93.7,84.5,98.1,4.4,-4.4,-4.4,8.1,1.0548,0.0,0.0,0.0,1.0548,0.0286,0.0,0.0,0,60.0,93.0,33.0,1.55,1.0,1.0,1.0
MPLADS-000868,1,80.2,93.8,92.3,80.2,13.6,13.6,13.6,-9.8,0.5531,0.0,0.0,0.0,0.5531,0.0033,13.6,13.6,0,150.0,145.0,0.0,0.9667,1.0,1.0,1.0
MPLADS-000869,1,24.4,98.5,85.8,24.4,74.1,74.1,74.1,-65.6,0.1371,0.0,0.0,0.0,0.1371,0.0305,74.1,74.1,0,160.0,178.0,18.0,1.1125,1.0,1.0,0.0
MPLADS-000870,1,97.4,85.2,90.7,97.4,12.2,-12.2,-12.2,7.4,0.4509,0.0,0.0,0.0,0.4509,0.0313,0.0,0.0,0,210.0,216.0,6.0,1.0286,1.0,1.0,1.0
MPLADS-000871,1,91.6,96.5,91.8,91.6,4.9,4.9,4.9,1.6,0.916,0.0,0.0,0.0,0.916,-0.0118,4.9,4.9,0,90.0,100.0,10.0,1.1111,1.0,1.0,1.0
MPLADS-000872,1,76.9,89.8,95.8,76.9,12.9,12.9,12.9,-13.1,0.5782,0.0,0.0,0.0,0.5782,0.0144,12.9,12.9,0,120.0,133.0,13.0,1.1083,1.0,1.0,1.0
MPLADS-000873,1,87.1,89.2,98.2,87.1,2.1,2.1,2.1,-2.9,1.1025,0.0,0.0,0.0,1.1025,-0.0092,2.1,2.1,0,90.0,79.0,0.0,0.8778,1.0,1.0,1.0
MPLADS-000874,1,84.1,97.2,93.7,84.1,13.1,13.1,13.1,-5.9,0.5006,0.0,0.0,0.0,0.5006,-0.0158,13.1,13.1,0,150.0,168.0,18.0,1.12,1.0,1.0,1.0
MPLADS-000875,1,71.9,85.1,84.6,71.9,13.2,13.2,13.2,-18.1,0.3595,0.0,0.0,0.0,0.3595,0.0431,13.2,13.2,0,180.0,200.0,20.0,1.1111,1.0,1.0,1.0
MPLADS-000876,1,95.0,88.9,97.2,95.0,6.1,-6.1,-6.1,5.0,2.0652,0.0,0.0,0.0,2.0652,0.0184,0.0,0.0,0,60.0,46.0,0.0,0.7667,1.0,1.0,1.0
MPLADS-000877,1,93.4,85.2,92.7,93.4,8.2,-8.2,-8.2,3.4,0.6065,0.0,0.0,0.0,0.6065,0.0164,0.0,0.0,0,150.0,154.0,4.0,1.0267,1.0,1.0,1.0
MPLADS-000878,1,83.9,85.2,95.1,83.9,1.3,1.3,1.3,-6.1,0.4487,0.0,0.0,0.0,0.4487,0.0451,1.3,1.3,0,160.0,187.0,27.0,1.1687,1.0,1.0,1.0
MPLADS-000879,1,90.1,91.2,92.5,90.1,1.1,1.1,1.1,0.1,0.4742,0.0,0.0,0.0,0.4742,0.0358,1.1,1.1,0,180.0,190.0,10.0,1.0556,1.0,1.0,1.0
MPLADS-000880,1,84.9,90.9,85.2,84.9,6.0,6.0,6.0,-5.1,0.5024,0.0,0.0,0.0,0.5024,0.0165,6.0,6.0,0,160.0,169.0,9.0,1.0562,1.0,1.0,1.0
MPLADS-000881,1,77.8,95.3,99.9,77.8,17.5,17.5,17.5,-12.2,0.442,0.0,0.0,0.0,0.442,0.0111,17.5,17.5,0,150.0,176.0,26.0,1.1733,1.0,1.0,1.0
MPLADS-000882,1,85.5,90.7,87.3,85.5,5.2,5.2,5.2,-4.5,1.0823,0.0,0.0,0.0,1.0823,0.0447,5.2,5.2,0,60.0,79.0,19.0,1.3167,1.0,1.0,1.0
MPLADS-000883,1,75.0,94.7,80.2,75.0,19.7,19.7,19.7,-15.0,0.5282,0.0,0.0,0.0,0.5282,0.0067,19.7,19.7,0,120.0,142.0,22.0,1.1833,1.0,1.0,1.0
MPLADS-000884,1,98.7,92.9,82.4,98.7,5.8,-5.8,-5.8,8.7,0.229,0.0,0.0,0.0,0.229,-0.012,0.0,0.0,0,400.0,431.0,31.0,1.0775,1.0,1.0,1.0
MPLADS-000885,1,70.8,93.4,92.3,70.8,22.6,22.6,22.6,-19.2,1.0114,0.0,0.0,0.0,1.0114,0.0083,22.6,22.6,0,60.0,70.0,10.0,1.1667,1.0,1.0,1.0
MPLADS-000886,1,98.2,95.5,84.9,98.2,2.7,-2.7,-2.7,8.2,0.5115,0.0,0.0,0.0,0.5115,0.0167,0.0,0.0,0,180.0,192.0,12.0,1.0667,1.0,1.0,1.0
MPLADS-000887,1,94.3,95.4,96.6,94.3,1.1,1.1,1.1,4.3,0.5328,0.0,0.0,0.0,0.5328,0.041,1.1,1.1,0,150.0,177.0,27.0,1.18,0.0,0.0,0.0
MPLADS-000888,1,87.3,89.6,96.4,87.3,2.3,2.3,2.3,-2.7,0.4932,0.0,0.0,0.0,0.4932,0.0462,2.3,2.3,0,180.0,177.0,0.0,0.9833,1.0,1.0,1.0
MPLADS-000889,1,86.4,94.3,99.8,86.4,7.9,7.9,7.9,-3.6,0.4909,0.0,0.0,0.0,0.4909,-0.0027,7.9,7.9,0,180.0,176.0,0.0,0.9778,1.0,1.0,1.0
MPLADS-000890,1,74.4,97.3,97.0,74.4,22.9,22.9,22.9,-15.6,0.4482,0.0,0.0,0.0,0.4482,0.0454,22.9,22.9,0,150.0,166.0,16.0,1.1067,1.0,1.0,1.0
MPLADS-000891,1,98.5,95.0,88.5,98.5,3.5,-3.5,-3.5,8.5,0.5597,0.0,0.0,0.0,0.5597,0.0423,0.0,0.0,0,160.0,176.0,16.0,1.1,1.0,1.0,1.0
MPLADS-000892,1,97.9,96.4,94.4,97.9,1.5,-1.5,-1.5,7.9,0.5827,0.0,0.0,0.0,0.5827,-0.0118,0.0,0.0,0,160.0,168.0,8.0,1.05,1.0,1.0,1.0
MPLADS-000893,1,95.6,127.8,88.7,95.6,32.2,32.2,32.2,5.6,0.4467,0.0,0.0,0.0,0.4467,0.0268,32.2,32.2,0,210.0,214.0,4.0,1.019,1.0,1.0,1.0
MPLADS-000894,1,18.6,96.9,93.6,18.6,78.3,78.3,78.3,-71.4,0.0482,0.0,0.0,0.0,0.0482,-0.0184,78.3,78.3,0,400.0,386.0,0.0,0.965,1.0,1.0,0.0
MPLADS-000895,1,11.5,64.7,98.8,11.5,53.2,53.2,53.2,-78.5,0.1,0.0,0.0,0.0,0.1,0.026,53.2,53.2,0,120.0,115.0,0.0,0.9583,1.0,1.0,1.0
MPLADS-000896,1,86.2,94.0,96.3,86.2,7.8,7.8,7.8,-3.8,0.5945,0.0,0.0,0.0,0.5945,-0.0007,7.8,7.8,0,160.0,145.0,0.0,0.9062,1.0,1.0,1.0
MPLADS-000897,1,95.2,94.9,92.7,95.2,0.3,-0.3,-0.3,5.2,0.5379,0.0,0.0,0.0,0.5379,-0.0113,0.0,0.0,0,160.0,177.0,17.0,1.1062,1.0,1.0,1.0
MPLADS-000898,1,75.7,85.9,84.7,75.7,10.2,10.2,10.2,-14.3,0.335,0.0,0.0,0.0,0.335,0.0333,10.2,10.2,0,210.0,226.0,16.0,1.0762,1.0,1.0,1.0
MPLADS-000899,1,99.2,95.2,83.9,99.2,4.0,-4.0,-4.0,9.2,0.2351,0.0,0.0,0.0,0.2351,-0.0178,0.0,0.0,0,400.0,422.0,22.0,1.055,1.0,1.0,1.0
MPLADS-000900,1,78.9,87.4,92.3,78.9,8.5,8.5,8.5,-11.1,0.5932,0.0,0.0,0.0,0.5932,-0.0139,8.5,8.5,0,120.0,133.0,13.0,1.1083,1.0,1.0,1.0
MPLADS-000901,1,91.4,94.7,92.3,91.4,3.3,3.3,3.3,1.4,0.7948,0.0,0.0,0.0,0.7948,0.0207,3.3,3.3,0,120.0,115.0,0.0,0.9583,1.0,1.0,1.0
MPLADS-000902,1,88.8,92.2,82.8,88.8,3.4,3.4,3.4,-1.2,0.415,0.0,0.0,0.0,0.415,0.032,3.4,3.4,0,180.0,214.0,34.0,1.1889,1.0,1.0,1.0
MPLADS-000903,1,72.5,91.8,99.6,72.5,19.3,19.3,19.3,-17.5,0.5492,0.0,0.0,0.0,0.5492,0.0363,19.3,19.3,0,120.0,132.0,12.0,1.1,1.0,1.0,1.0
MPLADS-000904,1,92.2,135.2,99.0,92.2,43.0,43.0,43.0,2.2,0.5209,0.0,0.0,0.0,0.5209,0.0391,43.0,43.0,0,160.0,177.0,17.0,1.1062,1.0,1.0,1.0
MPLADS-000905,1,84.6,95.4,83.1,84.6,10.8,10.8,10.8,-5.4,0.3811,0.0,0.0,0.0,0.3811,0.005,10.8,10.8,0,210.0,222.0,12.0,1.0571,1.0,1.0,1.0
MPLADS-000906,1,86.9,151.9,81.2,86.9,65.0,65.0,65.0,-3.1,0.6485,0.0,0.0,0.0,0.6485,0.0252,65.0,65.0,0,120.0,134.0,14.0,1.1167,1.0,1.0,1.0
MPLADS-000907,1,87.3,97.4,92.0,87.3,10.1,10.1,10.1,-2.7,0.4989,0.0,0.0,0.0,0.4989,0.0133,10.1,10.1,0,180.0,175.0,0.0,0.9722,1.0,1.0,1.0
MPLADS-000908,1,92.1,88.6,84.7,92.1,3.5,-3.5,-3.5,2.1,0.4449,0.0,0.0,0.0,0.4449,0.0498,0.0,0.0,0,210.0,207.0,0.0,0.9857,1.0,1.0,1.0
MPLADS-000909,1,97.0,88.5,94.9,97.0,8.5,-8.5,-8.5,7.0,0.6736,0.0,0.0,0.0,0.6736,0.0421,0.0,0.0,0,120.0,144.0,24.0,1.2,1.0,1.0,1.0
MPLADS-000910,1,93.3,98.0,99.1,93.3,4.7,4.7,4.7,3.3,0.657,0.0,0.0,0.0,0.657,-0.0115,4.7,4.7,0,150.0,142.0,0.0,0.9467,1.0,1.0,1.0
MPLADS-000911,1,76.4,95.1,88.2,76.4,18.7,18.7,18.7,-13.6,0.3521,0.0,0.0,0.0,0.3521,0.0288,18.7,18.7,0,210.0,217.0,7.0,1.0333,1.0,1.0,1.0
MPLADS-000912,1,73.4,86.7,88.6,73.4,13.3,13.3,13.3,-16.6,0.7892,0.0,0.0,0.0,0.7892,0.0109,13.3,13.3,0,60.0,93.0,33.0,1.55,1.0,1.0,1.0
MPLADS-000913,1,82.7,86.1,98.2,82.7,3.4,3.4,3.4,-7.3,0.7657,0.0,0.0,0.0,0.7657,0.0038,3.4,3.4,0,120.0,108.0,0.0,0.9,1.0,1.0,1.0
MPLADS-000914,1,78.5,91.6,84.7,78.5,13.1,13.1,13.1,-11.5,0.1963,0.0,0.0,0.0,0.1963,0.0419,13.1,13.1,0,400.0,400.0,0.0,1.0,1.0,1.0,1.0
MPLADS-000915,1,84.7,86.2,90.7,84.7,1.5,1.5,1.5,-5.3,0.743,0.0,0.0,0.0,0.743,0.0489,1.5,1.5,0,120.0,114.0,0.0,0.95,1.0,1.0,1.0
MPLADS-000916,1,99.0,89.7,90.6,99.0,9.3,-9.3,-9.3,9.0,0.467,0.0,0.0,0.0,0.467,0.0041,0.0,0.0,0,210.0,212.0,2.0,1.0095,1.0,1.0,1.0
MPLADS-000917,1,71.6,97.1,95.5,71.6,25.5,25.5,25.5,-18.4,0.6819,0.0,0.0,0.0,0.6819,-0.0137,25.5,25.5,0,120.0,105.0,0.0,0.875,1.0,1.0,1.0
MPLADS-000918,1,99.0,94.0,93.9,99.0,5.0,-5.0,-5.0,9.0,0.4737,0.0,0.0,0.0,0.4737,-0.0027,0.0,0.0,0,180.0,209.0,29.0,1.1611,1.0,1.0,1.0
MPLADS-000919,1,76.3,85.7,95.6,76.3,9.4,9.4,9.4,-13.7,0.8204,0.0,0.0,0.0,0.8204,0.0045,9.4,9.4,0,90.0,93.0,3.0,1.0333,1.0,1.0,1.0
MPLADS-000920,1,75.2,97.6,96.1,75.2,22.4,22.4,22.4,-14.8,1.2966,0.0,0.0,0.0,1.2966,-0.0152,22.4,22.4,0,60.0,58.0,0.0,0.9667,1.0,1.0,1.0
MPLADS-000921,1,94.6,86.7,84.5,94.6,7.9,-7.9,-7.9,4.6,0.6662,0.0,0.0,0.0,0.6662,0.0061,0.0,0.0,0,120.0,142.0,22.0,1.1833,1.0,1.0,1.0
MPLADS-000922,1,72.4,93.9,83.6,72.4,21.5,21.5,21.5,-17.6,0.3162,0.0,0.0,0.0,0.3162,0.0347,21.5,21.5,0,210.0,229.0,19.0,1.0905,1.0,1.0,1.0
MPLADS-000923,1,92.4,93.3,89.5,92.4,0.9,0.9,0.9,2.4,0.4889,0.0,0.0,0.0,0.4889,-0.0127,0.9,0.9,0,180.0,189.0,9.0,1.05,1.0,1.0,1.0
MPLADS-000924,1,98.1,89.3,88.9,98.1,8.8,-8.8,-8.8,8.1,0.7605,0.0,0.0,0.0,0.7605,0.0277,0.0,0.0,0,120.0,129.0,9.0,1.075,1.0,1.0,1.0
MPLADS-000925,1,82.2,91.1,98.5,82.2,8.9,8.9,8.9,-7.8,0.4049,0.0,0.0,0.0,0.4049,0.0044,8.9,8.9,0,180.0,203.0,23.0,1.1278,1.0,1.0,1.0
MPLADS-000926,1,94.0,85.2,89.6,94.0,8.8,-8.8,-8.8,4.0,0.5,0.0,0.0,0.0,0.5,0.0284,0.0,0.0,0,160.0,188.0,28.0,1.175,1.0,1.0,1.0
MPLADS-000927,1,96.2,93.3,82.8,96.2,2.9,-2.9,-2.9,6.2,1.1452,0.0,0.0,0.0,1.1452,0.0008,0.0,0.0,0,60.0,84.0,24.0,1.4,1.0,1.0,1.0
MPLADS-000928,1,77.3,97.6,99.9,77.3,20.3,20.3,20.3,-12.7,0.3865,0.0,0.0,0.0,0.3865,-0.0161,20.3,20.3,0,180.0,200.0,20.0,1.1111,1.0,1.0,1.0
MPLADS-000929,1,98.3,89.9,82.6,98.3,8.4,-8.4,-8.4,8.3,0.6467,0.0,0.0,0.0,0.6467,0.0052,0.0,0.0,0,160.0,152.0,0.0,0.95,1.0,1.0,1.0
MPLADS-000930,1,75.0,86.6,83.9,75.0,11.6,11.6,11.6,-15.0,0.4545,0.0,0.0,0.0,0.4545,0.0231,11.6,11.6,0,150.0,165.0,15.0,1.1,1.0,1.0,1.0
MPLADS-000931,1,77.5,92.5,81.4,77.5,15.0,15.0,15.0,-12.5,0.3312,0.0,0.0,0.0,0.3312,0.0348,15.0,15.0,0,210.0,234.0,24.0,1.1143,1.0,1.0,1.0
MPLADS-000932,1,74.0,94.9,96.3,74.0,20.9,20.9,20.9,-16.0,0.4458,0.0,0.0,0.0,0.4458,-0.0137,20.9,20.9,0,160.0,166.0,6.0,1.0375,1.0,1.0,1.0
MPLADS-000933,1,89.1,96.2,97.2,89.1,7.1,7.1,7.1,-0.9,0.8327,0.0,0.0,0.0,0.8327,0.0396,7.1,7.1,0,90.0,107.0,17.0,1.1889,1.0,1.0,1.0
MPLADS-000934,1,71.3,96.2,81.4,71.3,24.9,24.9,24.9,-18.7,1.0642,0.0,0.0,0.0,1.0642,0.0357,24.9,24.9,0,60.0,67.0,7.0,1.1167,1.0,1.0,1.0
MPLADS-000935,1,78.9,88.9,90.0,78.9,10.0,10.0,10.0,-11.1,0.4335,0.0,0.0,0.0,0.4335,0.0283,10.0,10.0,0,150.0,182.0,32.0,1.2133,1.0,1.0,1.0
MPLADS-000936,1,89.0,91.4,86.5,89.0,2.4,2.4,2.4,-1.0,0.5394,0.0,0.0,0.0,0.5394,0.0374,2.4,2.4,0,150.0,165.0,15.0,1.1,1.0,1.0,1.0
MPLADS-000937,1,90.4,95.3,97.3,90.4,4.9,4.9,4.9,0.4,0.3965,0.0,0.0,0.0,0.3965,-0.0104,4.9,4.9,0,210.0,228.0,18.0,1.0857,1.0,1.0,1.0
MPLADS-000938,1,58.8,94.8,99.5,58.8,36.0,36.0,36.0,-31.2,0.1307,0.0,0.0,0.0,0.1307,0.0209,36.0,36.0,3,150.0,450.0,300.0,3.0,1.0,1.0,1.0
MPLADS-000939,1,75.1,89.6,81.0,75.1,14.5,14.5,14.5,-14.9,0.5403,0.0,0.0,0.0,0.5403,0.023,14.5,14.5,0,150.0,139.0,0.0,0.9267,1.0,1.0,1.0
MPLADS-000940,1,71.7,90.3,89.9,71.7,18.6,18.6,18.6,-18.3,0.4218,0.0,0.0,0.0,0.4218,0.008,18.6,18.6,0,150.0,170.0,20.0,1.1333,1.0,1.0,1.0
MPLADS-000941,1,30.3,88.1,84.1,30.3,57.8,57.8,57.8,-59.7,0.1603,0.0,0.0,0.0,0.1603,-0.0063,57.8,57.8,0,180.0,189.0,9.0,1.05,1.0,1.0,0.0
MPLADS-000942,1,84.3,96.2,94.5,84.3,11.9,11.9,11.9,-5.7,0.2113,0.0,0.0,0.0,0.2113,0.0488,11.9,11.9,0,400.0,399.0,0.0,0.9975,1.0,1.0,1.0
MPLADS-000943,1,81.7,88.9,93.6,81.7,7.2,7.2,7.2,-8.3,0.1998,0.0,0.0,0.0,0.1998,-0.0023,7.2,7.2,0,400.0,409.0,9.0,1.0225,1.0,1.0,1.0
MPLADS-000944,1,75.5,90.7,98.7,75.5,15.2,15.2,15.2,-14.5,0.8483,0.0,0.0,0.0,0.8483,0.0032,15.2,15.2,0,60.0,89.0,29.0,1.4833,1.0,1.0,1.0
MPLADS-000945,1,96.5,92.2,85.4,96.5,4.3,-4.3,-4.3,6.5,0.4849,0.0,0.0,0.0,0.4849,-0.0159,0.0,0.0,0,180.0,199.0,19.0,1.1056,1.0,1.0,1.0
MPLADS-000946,1,78.7,94.3,88.6,78.7,15.6,15.6,15.6,-11.3,0.5178,0.0,0.0,0.0,0.5178,0.0459,15.6,15.6,0,160.0,152.0,0.0,0.95,1.0,1.0,1.0
MPLADS-000947,1,72.2,87.9,88.4,72.2,15.7,15.7,15.7,-17.8,0.1128,0.0,0.0,0.0,0.1128,0.0273,15.7,15.7,3,160.0,640.0,480.0,4.0,1.0,1.0,1.0
MPLADS-000948,1,73.1,91.9,82.2,73.1,18.8,18.8,18.8,-16.9,1.179,0.0,0.0,0.0,1.179,0.0244,18.8,18.8,0,60.0,62.0,2.0,1.0333,1.0,1.0,1.0
MPLADS-000949,1,97.4,91.0,87.5,97.4,6.4,-6.4,-6.4,7.4,0.5441,0.0,0.0,0.0,0.5441,0.0258,0.0,0.0,0,180.0,179.0,0.0,0.9944,1.0,1.0,1.0
MPLADS-000950,1,92.3,92.8,82.7,92.3,0.5,0.5,0.5,2.3,1.0033,0.0,0.0,0.0,1.0033,0.034,0.5,0.5,0,60.0,92.0,32.0,1.5333,1.0,1.0,1.0
MPLADS-000951,1,23.3,89.5,89.0,23.3,66.2,66.2,66.2,-66.7,0.1404,0.0,0.0,0.0,0.1404,0.0124,66.2,66.2,0,160.0,166.0,6.0,1.0375,1.0,1.0,0.0
MPLADS-000952,1,92.3,87.5,89.1,92.3,4.8,-4.8,-4.8,2.3,0.7692,0.0,0.0,0.0,0.7692,-0.0185,0.0,0.0,0,90.0,120.0,30.0,1.3333,1.0,1.0,1.0
MPLADS-000953,1,70.1,96.2,92.7,70.1,26.1,26.1,26.1,-19.9,0.6373,0.0,0.0,0.0,0.6373,-0.0028,26.1,26.1,0,120.0,110.0,0.0,0.9167,1.0,1.0,1.0
MPLADS-000954,1,52.9,96.9,82.5,52.9,44.0,44.0,44.0,-37.1,0.1176,0.0,0.0,0.0,0.1176,-0.0103,44.0,44.0,3,150.0,450.0,300.0,3.0,1.0,1.0,1.0
MPLADS-000955,1,44.9,92.2,89.4,44.9,47.3,47.3,47.3,-45.1,0.0935,0.0,0.0,0.0,0.0935,0.0049,47.3,47.3,2,160.0,480.0,320.0,3.0,1.0,1.0,1.0
MPLADS-000956,1,96.1,91.6,85.1,96.1,4.5,-4.5,-4.5,6.1,0.5896,0.0,0.0,0.0,0.5896,-0.0019,0.0,0.0,0,150.0,163.0,13.0,1.0867,1.0,1.0,1.0
MPLADS-000957,1,80.5,93.7,83.5,80.5,13.2,13.2,13.2,-9.5,0.2038,0.0,0.0,0.0,0.2038,0.0182,13.2,13.2,0,400.0,395.0,0.0,0.9875,1.0,1.0,1.0
MPLADS-000958,1,89.0,93.0,84.7,89.0,4.0,4.0,4.0,-1.0,1.0349,0.0,0.0,0.0,1.0349,0.0286,4.0,4.0,0,60.0,86.0,26.0,1.4333,1.0,1.0,1.0
MPLADS-000959,1,95.0,92.5,87.7,95.0,2.5,-2.5,-2.5,5.0,0.4634,0.0,0.0,0.0,0.4634,-0.018,0.0,0.0,0,210.0,205.0,0.0,0.9762,1.0,1.0,1.0
MPLADS-000960,1,92.5,96.6,99.3,92.5,4.1,4.1,4.1,2.5,0.4744,0.0,0.0,0.0,0.4744,-0.0137,4.1,4.1,0,180.0,195.0,15.0,1.0833,1.0,1.0,1.0
MPLADS-000961,1,95.5,87.8,92.4,95.5,7.7,-7.7,-7.7,5.5,0.3979,0.0,0.0,0.0,0.3979,0.041,0.0,0.0,0,210.0,240.0,30.0,1.1429,1.0,1.0,1.0
MPLADS-000962,1,87.3,96.2,82.5,87.3,8.9,8.9,8.9,-2.7,0.3897,0.0,0.0,0.0,0.3897,-0.0025,8.9,8.9,0,210.0,224.0,14.0,1.0667,1.0,1.0,1.0
MPLADS-000963,1,82.0,90.6,94.9,82.0,8.6,8.6,8.6,-8.0,0.5359,0.0,0.0,0.0,0.5359,0.02,8.6,8.6,0,120.0,153.0,33.0,1.275,1.0,1.0,1.0
MPLADS-000964,1,97.9,87.9,92.3,97.9,10.0,-10.0,-10.0,7.9,0.8741,0.0,0.0,0.0,0.8741,-0.0026,0.0,0.0,0,90.0,112.0,22.0,1.2444,1.0,1.0,1.0
MPLADS-000965,1,71.4,86.0,86.7,71.4,14.6,14.6,14.6,-18.6,0.1845,0.0,0.0,0.0,0.1845,0.0363,14.6,14.6,0,400.0,387.0,0.0,0.9675,1.0,1.0,1.0
MPLADS-000966,1,81.3,132.6,82.8,81.3,51.3,51.3,51.3,-8.7,0.9795,0.0,0.0,0.0,0.9795,0.0234,51.3,51.3,0,60.0,83.0,23.0,1.3833,1.0,1.0,1.0
MPLADS-000967,1,80.0,93.1,81.8,80.0,13.1,13.1,13.1,-10.0,0.1951,0.0,0.0,0.0,0.1951,0.0139,13.1,13.1,0,400.0,410.0,10.0,1.025,1.0,1.0,1.0
MPLADS-000968,1,70.1,86.5,80.2,70.1,16.4,16.4,16.4,-19.9,0.674,0.0,0.0,0.0,0.674,0.0125,16.4,16.4,0,90.0,104.0,14.0,1.1556,1.0,1.0,1.0
MPLADS-000969,1,79.5,89.0,97.3,79.5,9.5,9.5,9.5,-10.5,0.8196,0.0,0.0,0.0,0.8196,-0.0076,9.5,9.5,0,90.0,97.0,7.0,1.0778,1.0,1.0,1.0
MPLADS-000970,1,93.1,85.3,87.0,93.1,7.8,-7.8,-7.8,3.1,0.5115,0.0,0.0,0.0,0.5115,0.0383,0.0,0.0,0,160.0,182.0,22.0,1.1375,1.0,1.0,1.0
MPLADS-000971,1,86.8,90.7,99.5,86.8,3.9,3.9,3.9,-3.2,1.1273,0.0,0.0,0.0,1.1273,-0.0165,3.9,3.9,0,90.0,77.0,0.0,0.8556,1.0,1.0,1.0
MPLADS-000972,1,0.0,100.0,99.9,0.0,100.0,100.0,100.0,-90.0,0.0,0.0,0.0,0.0,0.0,0.0214,100.0,100.0,0,150.0,146.0,0.0,0.9733,0.0,0.0,0.0
MPLADS-000973,1,80.1,96.1,90.2,80.1,16.0,16.0,16.0,-9.9,0.9207,0.0,0.0,0.0,0.9207,-0.0169,16.0,16.0,0,90.0,87.0,0.0,0.9667,1.0,1.0,1.0
MPLADS-000974,1,72.4,93.8,99.6,72.4,21.4,21.4,21.4,-17.6,0.4553,0.0,0.0,0.0,0.4553,0.0141,21.4,21.4,0,150.0,159.0,9.0,1.06,1.0,1.0,1.0
MPLADS-000975,1,89.3,89.8,96.1,89.3,0.5,0.5,0.5,-0.7,1.1162,0.0,0.0,0.0,1.1162,-0.001,0.5,0.5,0,60.0,80.0,20.0,1.3333,1.0,1.0,1.0
MPLADS-000976,1,90.8,96.7,91.2,90.8,5.9,5.9,5.9,0.8,1.8531,0.0,0.0,0.0,1.8531,0.0466,5.9,5.9,0,60.0,49.0,0.0,0.8167,1.0,1.0,1.0
MPLADS-000977,1,78.1,93.7,84.0,78.1,15.6,15.6,15.6,-11.9,0.6008,0.0,0.0,0.0,0.6008,0.0195,15.6,15.6,0,120.0,130.0,10.0,1.0833,1.0,1.0,1.0
MPLADS-000978,1,80.9,88.2,99.5,80.9,7.3,7.3,7.3,-9.1,1.3948,0.0,0.0,0.0,1.3948,-0.0,7.3,7.3,0,60.0,58.0,0.0,0.9667,1.0,1.0,1.0
MPLADS-000979,1,78.5,91.1,98.6,78.5,12.6,12.6,12.6,-11.5,0.3685,0.0,0.0,0.0,0.3685,-0.0044,12.6,12.6,0,180.0,213.0,33.0,1.1833,1.0,1.0,1.0
MPLADS-000980,1,77.2,89.5,87.3,77.2,12.3,12.3,12.3,-12.8,0.5361,0.0,0.0,0.0,0.5361,-0.0066,12.3,12.3,0,120.0,144.0,24.0,1.2,1.0,1.0,1.0
MPLADS-000981,1,89.3,94.6,89.7,89.3,5.3,5.3,5.3,-0.7,0.4252,0.0,0.0,0.0,0.4252,0.008,5.3,5.3,0,210.0,210.0,0.0,1.0,1.0,1.0,1.0
MPLADS-000982,1,71.3,86.2,84.0,71.3,14.9,14.9,14.9,-18.7,0.3428,0.0,0.0,0.0,0.3428,0.02,14.9,14.9,0,180.0,208.0,28.0,1.1556,1.0,1.0,1.0
MPLADS-000983,1,71.3,87.2,82.5,71.3,15.9,15.9,15.9,-18.7,0.6254,0.0,0.0,0.0,0.6254,-0.0052,15.9,15.9,0,90.0,114.0,24.0,1.2667,1.0,1.0,1.0
MPLADS-000984,1,88.8,87.5,95.3,88.8,1.3,-1.3,-1.3,-1.2,0.4577,0.0,0.0,0.0,0.4577,-0.0117,0.0,0.0,0,160.0,194.0,34.0,1.2125,1.0,1.0,1.0
MPLADS-000985,1,74.8,85.3,97.5,74.8,10.5,10.5,10.5,-15.2,0.502,0.0,0.0,0.0,0.502,0.0021,10.5,10.5,0,150.0,149.0,0.0,0.9933,1.0,1.0,1.0
MPLADS-000986,1,91.5,89.7,90.2,91.5,1.8,-1.8,-1.8,1.5,1.1883,0.0,0.0,0.0,1.1883,-0.0183,0.0,0.0,0,90.0,77.0,0.0,0.8556,1.0,1.0,1.0
MPLADS-000987,1,70.2,93.3,80.3,70.2,23.1,23.1,23.1,-19.8,0.1679,0.0,0.0,0.0,0.1679,0.0064,23.1,23.1,0,400.0,418.0,18.0,1.045,1.0,1.0,1.0
MPLADS-000988,1,74.4,89.0,96.0,74.4,14.6,14.6,14.6,-15.6,1.4308,0.0,0.0,0.0,1.4308,0.0498,14.6,14.6,0,60.0,52.0,0.0,0.8667,1.0,1.0,1.0
MPLADS-000989,1,86.9,87.5,82.8,86.9,0.6,0.6,0.6,-3.1,0.5606,0.0,0.0,0.0,0.5606,-0.0113,0.6,0.6,0,150.0,155.0,5.0,1.0333,1.0,1.0,1.0
MPLADS-000990,1,79.4,91.0,99.7,79.4,11.6,11.6,11.6,-10.6,0.4411,0.0,0.0,0.0,0.4411,0.0026,11.6,11.6,0,160.0,180.0,20.0,1.125,1.0,1.0,1.0
MPLADS-000991,1,91.8,85.3,84.6,91.8,6.5,-6.5,-6.5,1.8,0.2175,0.0,0.0,0.0,0.2175,0.0284,0.0,0.0,0,400.0,422.0,22.0,1.055,1.0,1.0,1.0
MPLADS-000992,1,93.6,90.7,98.8,93.6,2.9,-2.9,-2.9,3.6,0.3884,0.0,0.0,0.0,0.3884,0.0151,0.0,0.0,0,210.0,241.0,31.0,1.1476,1.0,1.0,1.0
MPLADS-000993,1,82.0,94.2,85.9,82.0,12.2,12.2,12.2,-8.0,0.4409,0.0,0.0,0.0,0.4409,-0.0055,12.2,12.2,0,180.0,186.0,6.0,1.0333,1.0,1.0,1.0
MPLADS-000994,1,96.9,96.3,87.3,96.9,0.6,-0.6,-0.6,6.9,0.5734,0.0,0.0,0.0,0.5734,0.0435,0.0,0.0,0,180.0,169.0,0.0,0.9389,1.0,1.0,1.0
MPLADS-000995,1,82.0,93.9,93.1,82.0,11.9,11.9,11.9,-8.0,0.7387,0.0,0.0,0.0,0.7387,0.041,11.9,11.9,0,90.0,111.0,21.0,1.2333,1.0,1.0,1.0
MPLADS-000996,1,71.0,85.0,99.1,71.0,14.0,14.0,14.0,-19.0,0.4128,0.0,0.0,0.0,0.4128,-0.008,14.0,14.0,0,180.0,172.0,0.0,0.9556,1.0,1.0,1.0
MPLADS-000997,1,84.1,89.8,90.5,84.1,5.7,5.7,5.7,-5.9,0.623,0.0,0.0,0.0,0.623,0.0302,5.7,5.7,0,150.0,135.0,0.0,0.9,1.0,1.0,1.0
MPLADS-000998,1,77.5,85.4,98.4,77.5,7.9,7.9,7.9,-12.5,0.1928,0.0,0.0,0.0,0.1928,0.035,7.9,7.9,0,400.0,402.0,2.0,1.005,1.0,1.0,1.0
MPLADS-000999,1,76.0,97.8,86.2,76.0,21.8,21.8,21.8,-14.0,0.1776,0.0,0.0,0.0,0.1776,0.0151,21.8,21.8,0,400.0,428.0,28.0,1.07,1.0,1.0,1.0
MPLADS-001000,1,95.8,96.6,88.7,95.8,0.8,0.8,0.8,5.8,0.6843,0.0,0.0,0.0,0.6843,0.0362,0.8,0.8,0,120.0,140.0,20.0,1.1667,1.0,1.0,1.0
MPLADS-001001,1,99.8,97.9,94.2,99.8,1.9,-1.9,-1.9,9.8,0.7129,0.0,0.0,0.0,0.7129,0.037,0.0,0.0,0,150.0,140.0,0.0,0.9333,1.0,1.0,1.0
MPLADS-001002,1,91.1,91.8,90.1,91.1,0.7,0.7,0.7,1.1,0.4488,0.0,0.0,0.0,0.4488,-0.0148,0.7,0.7,0,180.0,203.0,23.0,1.1278,1.0,1.0,1.0
MPLADS-001003,1,92.7,89.6,88.5,92.7,3.1,-3.1,-3.1,2.7,0.8061,0.0,0.0,0.0,0.8061,0.0413,0.0,0.0,0,90.0,115.0,25.0,1.2778,1.0,1.0,1.0
MPLADS-001004,1,19.8,86.6,81.7,19.8,66.8,66.8,66.8,-70.2,0.0947,0.0,0.0,0.0,0.0947,0.0145,66.8,66.8,0,210.0,209.0,0.0,0.9952,1.0,1.0,0.0
MPLADS-001005,1,89.5,85.3,93.1,89.5,4.2,-4.2,-4.2,-0.5,0.2172,0.0,0.0,0.0,0.2172,0.0169,0.0,0.0,0,400.0,412.0,12.0,1.03,1.0,1.0,1.0
MPLADS-001006,1,34.2,91.6,92.7,34.2,57.4,57.4,57.4,-55.8,0.1591,0.0,0.0,0.0,0.1591,-0.0178,57.4,57.4,0,210.0,215.0,5.0,1.0238,1.0,1.0,0.0
MPLADS-001007,1,75.1,88.6,81.4,75.1,13.5,13.5,13.5,-14.9,0.7152,0.0,0.0,0.0,0.7152,0.0434,13.5,13.5,0,90.0,105.0,15.0,1.1667,1.0,1.0,1.0
MPLADS-001008,1,89.7,86.1,80.4,89.7,3.6,-3.6,-3.6,-0.3,1.6925,0.0,0.0,0.0,1.6925,0.0361,0.0,0.0,0,60.0,53.0,0.0,0.8833,1.0,1.0,1.0
MPLADS-001009,1,75.8,95.3,91.6,75.8,19.5,19.5,19.5,-14.2,0.4382,0.0,0.0,0.0,0.4382,0.0103,19.5,19.5,0,150.0,173.0,23.0,1.1533,1.0,1.0,1.0
MPLADS-001010,1,72.5,89.1,87.4,72.5,16.6,16.6,16.6,-17.5,0.4833,0.0,0.0,0.0,0.4833,0.0143,16.6,16.6,0,160.0,150.0,0.0,0.9375,1.0,1.0,1.0
MPLADS-001011,1,77.6,93.7,80.0,77.6,16.1,16.1,16.1,-12.4,0.6748,0.0,0.0,0.0,0.6748,-0.0035,16.1,16.1,0,90.0,115.0,25.0,1.2778,1.0,1.0,1.0
MPLADS-001012,1,75.8,90.4,96.1,75.8,14.6,14.6,14.6,-14.2,0.5087,0.0,0.0,0.0,0.5087,-0.0197,14.6,14.6,0,150.0,149.0,0.0,0.9933,1.0,1.0,1.0
MPLADS-001013,1,89.1,90.0,96.0,89.1,0.9,0.9,0.9,-0.9,1.2729,0.0,0.0,0.0,1.2729,-0.0041,0.9,0.9,0,60.0,70.0,10.0,1.1667,1.0,1.0,1.0
MPLADS-001014,1,90.6,92.3,84.0,90.6,1.7,1.7,1.7,0.6,0.5922,0.0,0.0,0.0,0.5922,-0.0175,1.7,1.7,0,150.0,153.0,3.0,1.02,1.0,1.0,1.0
MPLADS-001015,1,75.6,89.3,84.0,75.6,13.7,13.7,13.7,-14.4,0.1953,0.0,0.0,0.0,0.1953,0.0213,13.7,13.7,0,400.0,387.0,0.0,0.9675,1.0,1.0,1.0
MPLADS-001016,1,95.9,96.9,87.4,95.9,1.0,1.0,1.0,5.9,0.6436,0.0,0.0,0.0,0.6436,0.0161,1.0,1.0,0,120.0,149.0,29.0,1.2417,1.0,1.0,1.0
MPLADS-001017,1,80.2,86.4,96.9,80.2,6.2,6.2,6.2,-9.8,0.4071,0.0,0.0,0.0,0.4071,-0.0195,6.2,6.2,0,210.0,197.0,0.0,0.9381,1.0,1.0,1.0
MPLADS-001018,1,66.3,95.8,89.9,66.3,29.5,29.5,29.5,-23.7,0.1381,0.0,0.0,0.0,0.1381,0.0411,29.5,29.5,2,160.0,480.0,320.0,3.0,1.0,1.0,1.0
MPLADS-001019,1,72.6,90.6,84.7,72.6,18.0,18.0,18.0,-17.4,0.4595,0.0,0.0,0.0,0.4595,0.0103,18.0,18.0,0,160.0,158.0,0.0,0.9875,1.0,1.0,1.0
MPLADS-001020,1,75.6,94.9,94.4,75.6,19.3,19.3,19.3,-14.4,0.4941,0.0,0.0,0.0,0.4941,0.0213,19.3,19.3,0,150.0,153.0,3.0,1.02,1.0,1.0,1.0
MPLADS-001021,1,72.6,94.8,96.3,72.6,22.2,22.2,22.2,-17.4,0.1881,0.0,0.0,0.0,0.1881,0.0478,22.2,22.2,0,400.0,386.0,0.0,0.965,1.0,1.0,1.0
MPLADS-001022,1,81.6,96.2,96.2,81.6,14.6,14.6,14.6,-8.4,0.1902,0.0,0.0,0.0,0.1902,0.0005,14.6,14.6,0,400.0,429.0,29.0,1.0725,1.0,1.0,1.0
MPLADS-001023,1,92.7,144.4,88.5,92.7,51.7,51.7,51.7,2.7,0.5584,0.0,0.0,0.0,0.5584,-0.0146,51.7,51.7,0,150.0,166.0,16.0,1.1067,1.0,1.0,1.0
MPLADS-001024,1,18.0,63.1,82.2,18.0,45.1,45.1,45.1,-72.0,0.1277,0.0,0.0,0.0,0.1277,0.0309,45.1,45.1,0,120.0,141.0,21.0,1.175,1.0,1.0,1.0
MPLADS-001025,1,78.5,93.3,89.6,78.5,14.8,14.8,14.8,-11.5,0.4645,0.0,0.0,0.0,0.4645,-0.0047,14.8,14.8,0,150.0,169.0,19.0,1.1267,1.0,1.0,1.0
MPLADS-001026,1,94.3,89.4,86.9,94.3,4.9,-4.9,-4.9,4.3,0.3979,0.0,0.0,0.0,0.3979,0.0396,0.0,0.0,0,210.0,237.0,27.0,1.1286,1.0,1.0,1.0
MPLADS-001027,1,83.4,85.6,84.4,83.4,2.2,2.2,2.2,-6.6,0.4129,0.0,0.0,0.0,0.4129,0.0419,2.2,2.2,0,210.0,202.0,0.0,0.9619,1.0,1.0,1.0
MPLADS-001028,1,54.8,90.2,87.0,54.8,35.4,35.4,35.4,-35.2,0.1522,0.0,0.0,0.0,0.1522,0.0009,35.4,35.4,2,120.0,360.0,240.0,3.0,1.0,1.0,1.0
MPLADS-001029,1,19.8,87.1,90.5,19.8,67.3,67.3,67.3,-70.2,0.0857,0.0,0.0,0.0,0.0857,0.0339,67.3,67.3,0,210.0,231.0,21.0,1.1,1.0,1.0,0.0
MPLADS-001030,1,79.2,86.9,94.4,79.2,7.7,7.7,7.7,-10.8,0.1995,0.0,0.0,0.0,0.1995,0.0154,7.7,7.7,0,400.0,397.0,0.0,0.9925,1.0,1.0,1.0
MPLADS-001031,1,91.3,141.1,92.6,91.3,49.8,49.8,49.8,1.3,0.5339,0.0,0.0,0.0,0.5339,0.0499,49.8,49.8,0,180.0,171.0,0.0,0.95,1.0,1.0,1.0
MPLADS-001032,1,71.4,90.7,95.6,71.4,19.3,19.3,19.3,-18.6,0.3449,0.0,0.0,0.0,0.3449,0.0122,19.3,19.3,0,210.0,207.0,0.0,0.9857,1.0,1.0,1.0
MPLADS-001033,1,72.7,93.2,96.5,72.7,20.5,20.5,20.5,-17.3,1.0691,0.0,0.0,0.0,1.0691,-0.0121,20.5,20.5,0,60.0,68.0,8.0,1.1333,1.0,1.0,1.0
MPLADS-001034,1,86.1,92.4,94.4,86.1,6.3,6.3,6.3,-3.9,0.7235,0.0,0.0,0.0,0.7235,0.0404,6.3,6.3,0,90.0,119.0,29.0,1.3222,1.0,1.0,1.0
MPLADS-001035,1,72.3,97.4,86.2,72.3,25.1,25.1,25.1,-17.7,0.3493,0.0,0.0,0.0,0.3493,-0.0076,25.1,25.1,0,180.0,207.0,27.0,1.15,1.0,1.0,1.0
MPLADS-001036,1,81.7,87.4,96.1,81.7,5.7,5.7,5.7,-8.3,1.2379,0.0,0.0,0.0,1.2379,0.036,5.7,5.7,0,60.0,66.0,6.0,1.1,1.0,1.0,1.0
MPLADS-001037,1,83.0,89.1,86.9,83.0,6.1,6.1,6.1,-7.0,0.5123,0.0,0.0,0.0,0.5123,-0.0129,6.1,6.1,0,160.0,162.0,2.0,1.0125,1.0,1.0,1.0
MPLADS-001038,1,74.4,94.8,94.7,74.4,20.4,20.4,20.4,-15.6,0.3937,0.0,0.0,0.0,0.3937,-0.0148,20.4,20.4,0,180.0,189.0,9.0,1.05,1.0,1.0,1.0
MPLADS-001039,1,80.1,88.7,85.6,80.1,8.6,8.6,8.6,-9.9,0.338,0.0,0.0,0.0,0.338,-0.0168,8.6,8.6,0,210.0,237.0,27.0,1.1286,1.0,1.0,1.0
MPLADS-001040,1,91.7,89.3,85.8,91.7,2.4,-2.4,-2.4,1.7,0.8187,0.0,0.0,0.0,0.8187,0.0091,0.0,0.0,0,90.0,112.0,22.0,1.2444,1.0,1.0,1.0
MPLADS-001041,1,80.3,96.4,98.8,80.3,16.1,16.1,16.1,-9.7,0.795,0.0,0.0,0.0,0.795,0.0476,16.1,16.1,0,90.0,101.0,11.0,1.1222,1.0,1.0,1.0
MPLADS-001042,1,95.1,85.1,88.6,95.1,10.0,-10.0,-10.0,5.1,0.5834,0.0,0.0,0.0,0.5834,-0.0006,0.0,0.0,0,150.0,163.0,13.0,1.0867,1.0,1.0,1.0
MPLADS-001043,1,70.4,94.6,82.8,70.4,24.2,24.2,24.2,-19.6,0.3592,0.0,0.0,0.0,0.3592,0.0226,24.2,24.2,0,210.0,196.0,0.0,0.9333,1.0,1.0,1.0
MPLADS-001044,1,73.4,89.3,80.9,73.4,15.9,15.9,15.9,-16.6,0.4318,0.0,0.0,0.0,0.4318,0.0248,15.9,15.9,0,160.0,170.0,10.0,1.0625,1.0,1.0,1.0
MPLADS-001045,1,85.5,93.4,89.6,85.5,7.9,7.9,7.9,-4.5,1.5545,0.0,0.0,0.0,1.5545,0.0053,7.9,7.9,0,60.0,55.0,0.0,0.9167,1.0,1.0,1.0
MPLADS-001046,1,84.7,93.8,97.5,84.7,9.1,9.1,9.1,-5.3,0.4758,0.0,0.0,0.0,0.4758,0.0358,9.1,9.1,0,160.0,178.0,18.0,1.1125,1.0,1.0,1.0
MPLADS-001047,1,70.8,85.5,89.8,70.8,14.7,14.7,14.7,-19.2,0.1727,0.0,0.0,0.0,0.1727,0.0339,14.7,14.7,0,400.0,410.0,10.0,1.025,1.0,1.0,1.0
MPLADS-001048,1,90.6,87.9,98.1,90.6,2.7,-2.7,-2.7,0.6,1.1325,0.0,0.0,0.0,1.1325,0.0288,0.0,0.0,0,60.0,80.0,20.0,1.3333,1.0,1.0,1.0
MPLADS-001049,1,97.3,86.0,89.5,97.3,11.3,-11.3,-11.3,7.3,0.8927,0.0,0.0,0.0,0.8927,0.0233,0.0,0.0,0,90.0,109.0,19.0,1.2111,1.0,1.0,1.0
MPLADS-001050,1,83.1,94.9,97.7,83.1,11.8,11.8,11.8,-6.9,0.8656,0.0,0.0,0.0,0.8656,0.0497,11.8,11.8,0,90.0,96.0,6.0,1.0667,1.0,1.0,1.0
MPLADS-001051,1,76.8,85.9,85.7,76.8,9.1,9.1,9.1,-13.2,0.3783,0.0,0.0,0.0,0.3783,0.0391,9.1,9.1,0,210.0,203.0,0.0,0.9667,1.0,1.0,1.0
MPLADS-001052,1,98.2,86.3,98.1,98.2,11.9,-11.9,-11.9,8.2,0.4935,0.0,0.0,0.0,0.4935,0.016,0.0,0.0,0,210.0,199.0,0.0,0.9476,1.0,1.0,1.0
MPLADS-001053,1,74.6,85.5,92.6,74.6,10.9,10.9,10.9,-15.4,0.4168,0.0,0.0,0.0,0.4168,0.0337,10.9,10.9,0,180.0,179.0,0.0,0.9944,1.0,1.0,1.0
MPLADS-001054,1,77.9,93.2,82.5,77.9,15.3,15.3,15.3,-12.1,0.6086,0.0,0.0,0.0,0.6086,0.0287,15.3,15.3,0,120.0,128.0,8.0,1.0667,1.0,1.0,1.0
MPLADS-001055,1,85.6,86.6,86.0,85.6,1.0,1.0,1.0,-4.4,0.5487,0.0,0.0,0.0,0.5487,-0.0102,1.0,1.0,0,150.0,156.0,6.0,1.04,1.0,1.0,1.0
MPLADS-001056,1,92.8,93.0,88.1,92.8,0.2,0.2,0.2,2.8,0.2143,0.0,0.0,0.0,0.2143,0.0359,0.2,0.2,0,400.0,433.0,33.0,1.0825,1.0,1.0,1.0
MPLADS-001057,1,93.3,94.9,80.2,93.3,1.6,1.6,1.6,3.3,0.5242,0.0,0.0,0.0,0.5242,-0.0108,1.6,1.6,0,180.0,178.0,0.0,0.9889,1.0,1.0,1.0
MPLADS-001058,1,76.9,92.5,96.7,76.9,15.6,15.6,15.6,-13.1,0.4296,0.0,0.0,0.0,0.4296,0.0466,15.6,15.6,0,160.0,179.0,19.0,1.1187,1.0,1.0,1.0
MPLADS-001059,1,78.2,90.8,94.4,78.2,12.6,12.6,12.6,-11.8,0.4273,0.0,0.0,0.0,0.4273,0.0447,12.6,12.6,0,180.0,183.0,3.0,1.0167,1.0,1.0,1.0
MPLADS-001060,1,80.0,89.8,98.6,80.0,9.8,9.8,9.8,-10.0,0.7207,0.0,0.0,0.0,0.7207,0.0366,9.8,9.8,0,90.0,111.0,21.0,1.2333,1.0,1.0,1.0
MPLADS-001061,1,88.7,93.5,87.7,88.7,4.8,4.8,4.8,-1.3,0.7517,0.0,0.0,0.0,0.7517,-0.0017,4.8,4.8,0,90.0,118.0,28.0,1.3111,1.0,1.0,1.0
MPLADS-001062,1,70.3,87.7,87.7,70.3,17.4,17.4,17.4,-19.7,0.4394,0.0,0.0,0.0,0.4394,0.0048,17.4,17.4,0,160.0,160.0,0.0,1.0,1.0,1.0,1.0
MPLADS-001063,1,95.8,158.5,87.2,95.8,62.7,62.7,62.7,5.8,0.5382,0.0,0.0,0.0,0.5382,-0.0063,62.7,62.7,0,160.0,178.0,18.0,1.1125,1.0,1.0,1.0
MPLADS-001064,1,89.3,87.4,92.4,89.3,1.9,-1.9,-1.9,-0.7,0.4579,0.0,0.0,0.0,0.4579,0.0494,0.0,0.0,0,180.0,195.0,15.0,1.0833,1.0,1.0,1.0
MPLADS-001065,1,87.6,95.9,96.0,87.6,8.3,8.3,8.3,-2.4,0.4894,0.0,0.0,0.0,0.4894,0.0088,8.3,8.3,0,160.0,179.0,19.0,1.1187,1.0,1.0,1.0
MPLADS-001066,1,89.7,96.8,86.1,89.7,7.1,7.1,7.1,-0.3,0.5371,0.0,0.0,0.0,0.5371,0.0076,7.1,7.1,0,180.0,167.0,0.0,0.9278,1.0,1.0,1.0
MPLADS-001067,1,72.0,96.6,80.3,72.0,24.6,24.6,24.6,-18.0,0.187,0.0,0.0,0.0,0.187,0.0315,24.6,24.6,0,400.0,385.0,0.0,0.9625,1.0,1.0,1.0
MPLADS-001068,1,86.6,95.8,93.8,86.6,9.2,9.2,9.2,-3.4,0.7339,0.0,0.0,0.0,0.7339,0.0084,9.2,9.2,0,90.0,118.0,28.0,1.3111,1.0,1.0,1.0
MPLADS-001069,1,76.4,95.3,81.8,76.4,18.9,18.9,18.9,-13.6,0.8988,0.0,0.0,0.0,0.8988,0.0112,18.9,18.9,0,60.0,85.0,25.0,1.4167,1.0,1.0,1.0
MPLADS-001070,1,79.8,92.8,98.4,79.8,13.0,13.0,13.0,-10.2,0.3311,0.0,0.0,0.0,0.3311,0.0158,13.0,13.0,0,210.0,241.0,31.0,1.1476,1.0,1.0,1.0
MPLADS-001071,1,93.4,94.4,86.6,93.4,1.0,1.0,1.0,3.4,0.7915,0.0,0.0,0.0,0.7915,-0.0168,1.0,1.0,0,120.0,118.0,0.0,0.9833,1.0,1.0,1.0
MPLADS-001072,1,92.3,88.7,95.3,92.3,3.6,-3.6,-3.6,2.3,0.5594,0.0,0.0,0.0,0.5594,-0.0048,0.0,0.0,0,180.0,165.0,0.0,0.9167,1.0,1.0,1.0
MPLADS-001073,1,83.6,156.4,91.6,83.6,72.8,72.8,72.8,-6.4,1.1147,0.0,0.0,0.0,1.1147,0.0499,72.8,72.8,0,90.0,75.0,0.0,0.8333,1.0,1.0,1.0
MPLADS-001074,1,77.6,92.2,86.3,77.6,14.6,14.6,14.6,-12.4,0.739,0.0,0.0,0.0,0.739,-0.0028,14.6,14.6,0,90.0,105.0,15.0,1.1667,1.0,1.0,1.0
MPLADS-001075,1,73.1,87.6,89.1,73.1,14.5,14.5,14.5,-16.9,0.5943,0.0,0.0,0.0,0.5943,-0.0,14.5,14.5,0,120.0,123.0,3.0,1.025,1.0,1.0,1.0
MPLADS-001076,1,90.5,88.6,96.1,90.5,1.9,-1.9,-1.9,0.5,0.6606,0.0,0.0,0.0,0.6606,0.0447,0.0,0.0,0,120.0,137.0,17.0,1.1417,0.0,0.0,0.0
MPLADS-001077,1,74.0,95.9,80.4,74.0,21.9,21.9,21.9,-16.0,0.7255,0.0,0.0,0.0,0.7255,0.0045,21.9,21.9,0,90.0,102.0,12.0,1.1333,1.0,1.0,1.0
MPLADS-001078,1,83.2,97.7,94.4,83.2,14.5,14.5,14.5,-6.8,0.4648,0.0,0.0,0.0,0.4648,0.0468,14.5,14.5,0,150.0,179.0,29.0,1.1933,1.0,1.0,1.0
MPLADS-001079,1,97.9,96.7,93.6,97.9,1.2,-1.2,-1.2,7.9,1.4188,0.0,0.0,0.0,1.4188,0.0445,0.0,0.0,0,60.0,69.0,9.0,1.15,1.0,1.0,1.0
MPLADS-001080,1,20.3,48.7,86.4,20.3,28.4,28.4,28.4,-69.7,0.141,0.0,0.0,0.0,0.141,0.028,28.4,28.4,0,120.0,144.0,24.0,1.2,1.0,1.0,1.0
MPLADS-001081,1,95.4,89.1,93.0,95.4,6.3,-6.3,-6.3,5.4,0.4723,0.0,0.0,0.0,0.4723,-0.0171,0.0,0.0,0,210.0,202.0,0.0,0.9619,1.0,1.0,1.0
MPLADS-001082,1,88.4,97.5,85.9,88.4,9.1,9.1,9.1,-1.6,0.5893,0.0,0.0,0.0,0.5893,-0.0152,9.1,9.1,0,120.0,150.0,30.0,1.25,1.0,1.0,1.0
MPLADS-001083,1,81.9,87.1,83.6,81.9,5.2,5.2,5.2,-8.1,0.353,0.0,0.0,0.0,0.353,0.024,5.2,5.2,0,210.0,232.0,22.0,1.1048,0.0,0.0,0.0
MPLADS-001084,1,75.0,94.2,81.4,75.0,19.2,19.2,19.2,-15.0,0.5,0.0,0.0,0.0,0.5,0.0374,19.2,19.2,0,160.0,150.0,0.0,0.9375,1.0,1.0,1.0
MPLADS-001085,1,70.9,88.8,99.8,70.9,17.9,17.9,17.9,-19.1,0.5718,0.0,0.0,0.0,0.5718,0.042,17.9,17.9,0,90.0,124.0,34.0,1.3778,1.0,1.0,1.0
MPLADS-001086,1,79.6,90.8,98.6,79.6,11.2,11.2,11.2,-10.4,0.995,0.0,0.0,0.0,0.995,0.0372,11.2,11.2,0,90.0,80.0,0.0,0.8889,1.0,1.0,1.0
MPLADS-001087,1,72.8,96.9,91.5,72.8,24.1,24.1,24.1,-17.2,0.1011,0.0,0.0,0.0,0.1011,-0.0118,24.1,24.1,3,180.0,720.0,540.0,4.0,1.0,1.0,1.0
MPLADS-001088,1,71.3,90.0,97.8,71.3,18.7,18.7,18.7,-18.7,0.8291,0.0,0.0,0.0,0.8291,-0.0122,18.7,18.7,0,90.0,86.0,0.0,0.9556,1.0,1.0,1.0
MPLADS-001089,1,87.4,88.6,89.7,87.4,1.2,1.2,1.2,-2.6,0.4284,0.0,0.0,0.0,0.4284,0.0379,1.2,1.2,0,180.0,204.0,24.0,1.1333,1.0,1.0,1.0
MPLADS-001090,1,93.7,89.4,91.3,93.7,4.3,-4.3,-4.3,3.7,0.5577,0.0,0.0,0.0,0.5577,0.0271,0.0,0.0,0,160.0,168.0,8.0,1.05,1.0,1.0,1.0
MPLADS-001091,1,76.2,96.5,91.1,76.2,20.3,20.3,20.3,-13.8,0.7121,0.0,0.0,0.0,0.7121,0.0369,20.3,20.3,0,90.0,107.0,17.0,1.1889,1.0,1.0,1.0
MPLADS-001092,1,96.1,85.5,86.9,96.1,10.6,-10.6,-10.6,6.1,0.8214,0.0,0.0,0.0,0.8214,0.0407,0.0,0.0,0,120.0,117.0,0.0,0.975,1.0,1.0,1.0
MPLADS-001093,1,93.1,91.0,84.9,93.1,2.1,-2.1,-2.1,3.1,0.6006,0.0,0.0,0.0,0.6006,-0.0091,0.0,0.0,0,150.0,155.0,5.0,1.0333,1.0,1.0,1.0
MPLADS-001094,1,92.9,93.8,87.1,92.9,0.9,0.9,0.9,2.9,0.6589,0.0,0.0,0.0,0.6589,0.0327,0.9,0.9,0,120.0,141.0,21.0,1.175,1.0,1.0,1.0
MPLADS-001095,1,86.7,87.1,89.1,86.7,0.4,0.4,0.4,-3.3,0.212,0.0,0.0,0.0,0.212,0.0226,0.4,0.4,0,400.0,409.0,9.0,1.0225,1.0,1.0,1.0
MPLADS-001096,1,87.5,96.7,85.1,87.5,9.2,9.2,9.2,-2.5,0.4861,0.0,0.0,0.0,0.4861,-0.0165,9.2,9.2,0,150.0,180.0,30.0,1.2,1.0,1.0,1.0
MPLADS-001097,1,80.6,97.8,86.1,80.6,17.2,17.2,17.2,-9.4,0.2035,0.0,0.0,0.0,0.2035,0.0253,17.2,17.2,0,400.0,396.0,0.0,0.99,1.0,1.0,1.0
MPLADS-001098,1,72.4,97.2,83.4,72.4,24.8,24.8,24.8,-17.6,0.5886,0.0,0.0,0.0,0.5886,0.017,24.8,24.8,0,120.0,123.0,3.0,1.025,1.0,1.0,1.0
MPLADS-001099,1,83.7,97.0,99.0,83.7,13.3,13.3,13.3,-6.3,0.4185,0.0,0.0,0.0,0.4185,0.0454,13.3,13.3,0,180.0,200.0,20.0,1.1111,1.0,1.0,1.0
MPLADS-001100,1,87.5,85.3,83.0,87.5,2.2,-2.2,-2.2,-2.5,1.4113,0.0,0.0,0.0,1.4113,0.024,0.0,0.0,0,60.0,62.0,2.0,1.0333,1.0,1.0,1.0
MPLADS-001101,1,86.1,86.6,87.7,86.1,0.5,0.5,0.5,-3.9,0.7619,0.0,0.0,0.0,0.7619,0.0282,0.5,0.5,0,120.0,113.0,0.0,0.9417,1.0,1.0,1.0
MPLADS-001102,1,76.3,92.5,93.3,76.3,16.2,16.2,16.2,-13.7,0.4488,0.0,0.0,0.0,0.4488,0.0204,16.2,16.2,0,150.0,170.0,20.0,1.1333,1.0,1.0,1.0
MPLADS-001103,1,70.9,95.4,88.2,70.9,24.5,24.5,24.5,-19.1,0.2967,0.0,0.0,0.0,0.2967,-0.0123,24.5,24.5,0,210.0,239.0,29.0,1.1381,1.0,1.0,1.0
MPLADS-001104,1,72.1,95.4,95.2,72.1,23.3,23.3,23.3,-17.9,0.4682,0.0,0.0,0.0,0.4682,0.0008,23.3,23.3,0,160.0,154.0,0.0,0.9625,1.0,1.0,1.0
MPLADS-001105,1,96.6,95.9,91.2,96.6,0.7,-0.7,-0.7,6.6,0.2496,0.0,0.0,0.0,0.2496,0.021,0.0,0.0,0,400.0,387.0,0.0,0.9675,1.0,1.0,1.0
MPLADS-001106,1,84.6,88.4,94.4,84.6,3.8,3.8,3.8,-5.4,0.4524,0.0,0.0,0.0,0.4524,0.0254,3.8,3.8,0,180.0,187.0,7.0,1.0389,1.0,1.0,1.0
MPLADS-001107,1,83.0,88.0,93.0,83.0,5.0,5.0,5.0,-7.0,0.3897,0.0,0.0,0.0,0.3897,-0.0055,5.0,5.0,0,210.0,213.0,3.0,1.0143,1.0,1.0,1.0
MPLADS-001108,1,83.0,92.6,98.1,83.0,9.6,9.6,9.6,-7.0,0.1981,0.0,0.0,0.0,0.1981,0.0064,9.6,9.6,0,400.0,419.0,19.0,1.0475,1.0,1.0,1.0
MPLADS-001109,1,84.5,91.6,95.3,84.5,7.1,7.1,7.1,-5.5,0.8622,0.0,0.0,0.0,0.8622,0.023,7.1,7.1,0,90.0,98.0,8.0,1.0889,0.0,0.0,0.0
MPLADS-001110,1,82.8,89.2,89.6,82.8,6.4,6.4,6.4,-7.2,1.0753,0.0,0.0,0.0,1.0753,-0.0186,6.4,6.4,0,90.0,77.0,0.0,0.8556,1.0,1.0,1.0
MPLADS-001111,1,97.1,88.7,94.7,97.1,8.4,-8.4,-8.4,7.1,0.2334,0.0,0.0,0.0,0.2334,0.0405,0.0,0.0,0,400.0,416.0,16.0,1.04,1.0,1.0,1.0
MPLADS-001112,1,71.2,85.6,95.7,71.2,14.4,14.4,14.4,-18.8,0.3689,0.0,0.0,0.0,0.3689,-0.0049,14.4,14.4,0,180.0,193.0,13.0,1.0722,1.0,1.0,1.0
MPLADS-001113,1,82.5,92.6,81.3,82.5,10.1,10.1,10.1,-7.5,0.4769,0.0,0.0,0.0,0.4769,0.0372,10.1,10.1,0,150.0,173.0,23.0,1.1533,1.0,1.0,1.0
MPLADS-001114,1,81.6,91.9,97.0,81.6,10.3,10.3,10.3,-8.4,0.6277,0.0,0.0,0.0,0.6277,-0.0122,10.3,10.3,0,120.0,130.0,10.0,1.0833,1.0,1.0,1.0
MPLADS-001115,1,75.0,90.3,99.6,75.0,15.3,15.3,15.3,-15.0,0.5102,0.0,0.0,0.0,0.5102,0.0054,15.3,15.3,0,160.0,147.0,0.0,0.9187,1.0,1.0,1.0
MPLADS-001116,1,79.2,87.4,94.9,79.2,8.2,8.2,8.2,-10.8,0.4147,0.0,0.0,0.0,0.4147,0.011,8.2,8.2,0,180.0,191.0,11.0,1.0611,1.0,1.0,1.0
MPLADS-001117,1,97.7,85.8,82.4,97.7,11.9,-11.9,-11.9,7.7,1.0856,0.0,0.0,0.0,1.0856,0.026,0.0,0.0,0,60.0,90.0,30.0,1.5,0.0,0.0,0.0
MPLADS-001118,1,22.8,87.5,89.0,22.8,64.7,64.7,64.7,-67.2,0.0589,0.0,0.0,0.0,0.0589,0.0101,64.7,64.7,0,400.0,387.0,0.0,0.9675,1.0,1.0,0.0
MPLADS-001119,1,87.7,90.3,96.8,87.7,2.6,2.6,2.6,-2.3,0.5159,0.0,0.0,0.0,0.5159,0.0377,2.6,2.6,0,180.0,170.0,0.0,0.9444,1.0,1.0,1.0
MPLADS-001120,1,26.3,95.2,81.7,26.3,68.9,68.9,68.9,-63.7,0.2391,0.0,0.0,0.0,0.2391,0.0049,68.9,68.9,0,120.0,110.0,0.0,0.9167,1.0,1.0,0.0
MPLADS-001121,1,73.5,88.7,99.5,73.5,15.2,15.2,15.2,-16.5,0.1767,0.0,0.0,0.0,0.1767,0.0268,15.2,15.2,0,400.0,416.0,16.0,1.04,1.0,1.0,1.0
MPLADS-001122,1,78.7,94.5,97.3,78.7,15.8,15.8,15.8,-11.3,0.4277,0.0,0.0,0.0,0.4277,-0.0034,15.8,15.8,0,180.0,184.0,4.0,1.0222,1.0,1.0,1.0
MPLADS-001123,1,79.2,93.2,83.2,79.2,14.0,14.0,14.0,-10.8,0.4352,0.0,0.0,0.0,0.4352,0.0121,14.0,14.0,0,180.0,182.0,2.0,1.0111,1.0,1.0,1.0
MPLADS-001124,1,70.7,96.9,94.0,70.7,26.2,26.2,26.2,-19.3,0.0589,0.0,0.0,0.0,0.0589,-0.0061,26.2,26.2,4,400.0,1200.0,800.0,3.0,1.0,1.0,1.0
MPLADS-001125,1,97.5,92.3,85.6,97.5,5.2,-5.2,-5.2,7.5,0.3996,0.0,0.0,0.0,0.3996,0.0202,0.0,0.0,0,210.0,244.0,34.0,1.1619,1.0,1.0,1.0
MPLADS-001126,1,73.1,94.5,91.9,73.1,21.4,21.4,21.4,-16.9,0.1749,0.0,0.0,0.0,0.1749,0.0332,21.4,21.4,0,400.0,418.0,18.0,1.045,1.0,1.0,1.0
MPLADS-001127,1,25.6,92.3,80.7,25.6,66.7,66.7,66.7,-64.4,0.4414,0.0,0.0,0.0,0.4414,0.0385,66.7,66.7,0,60.0,58.0,0.0,0.9667,1.0,1.0,0.0
MPLADS-001128,1,91.4,93.8,97.8,91.4,2.4,2.4,2.4,1.4,0.5253,0.0,0.0,0.0,0.5253,0.0045,2.4,2.4,0,180.0,174.0,0.0,0.9667,1.0,1.0,1.0
MPLADS-001129,1,96.0,90.5,98.7,96.0,5.5,-5.5,-5.5,6.0,0.2341,0.0,0.0,0.0,0.2341,-0.0109,0.0,0.0,0,400.0,410.0,10.0,1.025,1.0,1.0,1.0
MPLADS-001130,1,72.5,86.3,80.8,72.5,13.8,13.8,13.8,-17.5,0.3718,0.0,0.0,0.0,0.3718,0.0449,13.8,13.8,0,180.0,195.0,15.0,1.0833,1.0,1.0,1.0
MPLADS-001131,1,90.3,97.6,81.7,90.3,7.3,7.3,7.3,0.3,0.903,0.0,0.0,0.0,0.903,0.028,7.3,7.3,0,90.0,100.0,10.0,1.1111,1.0,1.0,1.0
MPLADS-001132,1,74.2,95.2,96.8,74.2,21.0,21.0,21.0,-15.8,0.6397,0.0,0.0,0.0,0.6397,0.0248,21.0,21.0,0,120.0,116.0,0.0,0.9667,1.0,1.0,1.0
MPLADS-001133,1,23.8,93.8,86.4,23.8,70.0,70.0,70.0,-66.2,0.2245,0.0,0.0,0.0,0.2245,-0.0038,70.0,70.0,0,120.0,106.0,0.0,0.8833,1.0,1.0,0.0
MPLADS-001134,1,70.7,85.2,87.8,70.7,14.5,14.5,14.5,-19.3,0.3626,0.0,0.0,0.0,0.3626,0.0487,14.5,14.5,0,210.0,195.0,0.0,0.9286,0.0,0.0,0.0
MPLADS-001135,1,96.8,97.2,80.6,96.8,0.4,0.4,0.4,6.8,1.0876,0.0,0.0,0.0,1.0876,0.0352,0.4,0.4,0,90.0,89.0,0.0,0.9889,1.0,1.0,1.0
MPLADS-001136,1,72.1,94.0,83.3,72.1,21.9,21.9,21.9,-17.9,0.4743,0.0,0.0,0.0,0.4743,0.017,21.9,21.9,0,160.0,152.0,0.0,0.95,1.0,1.0,1.0
MPLADS-001137,1,93.0,86.2,94.3,93.0,6.8,-6.8,-6.8,3.0,1.0,0.0,0.0,0.0,1.0,0.0026,0.0,0.0,0,90.0,93.0,3.0,1.0333,1.0,1.0,1.0
MPLADS-001138,1,85.7,93.7,97.0,85.7,8.0,8.0,8.0,-4.3,0.2214,0.0,0.0,0.0,0.2214,0.0406,8.0,8.0,0,400.0,387.0,0.0,0.9675,1.0,1.0,1.0
MPLADS-001139,1,98.7,87.7,80.1,98.7,11.0,-11.0,-11.0,8.7,0.5705,0.0,0.0,0.0,0.5705,0.0264,0.0,0.0,0,180.0,173.0,0.0,0.9611,1.0,1.0,1.0
MPLADS-001140,1,87.1,86.3,91.2,87.1,0.8,-0.8,-0.8,-2.9,0.4536,0.0,0.0,0.0,0.4536,-0.0069,0.0,0.0,0,160.0,192.0,32.0,1.2,1.0,1.0,1.0
MPLADS-001141,1,77.6,96.7,88.4,77.6,19.1,19.1,19.1,-12.4,0.4021,0.0,0.0,0.0,0.4021,-0.01,19.1,19.1,0,160.0,193.0,33.0,1.2063,1.0,1.0,1.0
MPLADS-001142,1,95.3,96.2,86.8,95.3,0.9,0.9,0.9,5.3,0.8743,0.0,0.0,0.0,0.8743,0.0335,0.9,0.9,0,120.0,109.0,0.0,0.9083,1.0,1.0,1.0
MPLADS-001143,1,62.9,95.3,94.9,62.9,32.4,32.4,32.4,-27.1,0.1747,0.0,0.0,0.0,0.1747,-0.0173,32.4,32.4,3,120.0,360.0,240.0,3.0,1.0,1.0,1.0
MPLADS-001144,1,90.0,86.4,98.4,90.0,3.6,-3.6,-3.6,0.0,0.4945,0.0,0.0,0.0,0.4945,0.0008,0.0,0.0,0,180.0,182.0,2.0,1.0111,1.0,1.0,1.0
MPLADS-001145,1,96.3,96.6,95.3,96.3,0.3,0.3,0.3,6.3,0.6336,0.0,0.0,0.0,0.6336,0.0349,0.3,0.3,0,150.0,152.0,2.0,1.0133,1.0,1.0,1.0
MPLADS-001146,1,96.7,95.1,83.5,96.7,1.6,-1.6,-1.6,6.7,0.6404,0.0,0.0,0.0,0.6404,-0.0097,0.0,0.0,0,150.0,151.0,1.0,1.0067,1.0,1.0,1.0
MPLADS-001147,1,83.4,96.8,87.4,83.4,13.4,13.4,13.4,-6.6,0.4533,0.0,0.0,0.0,0.4533,0.046,13.4,13.4,0,180.0,184.0,4.0,1.0222,1.0,1.0,1.0
MPLADS-001148,1,82.1,89.2,91.3,82.1,7.1,7.1,7.1,-7.9,0.4858,0.0,0.0,0.0,0.4858,0.0433,7.1,7.1,0,160.0,169.0,9.0,1.0562,1.0,1.0,1.0
MPLADS-001149,1,85.9,96.4,91.4,85.9,10.5,10.5,10.5,-4.1,0.2175,0.0,0.0,0.0,0.2175,-0.0163,10.5,10.5,0,400.0,395.0,0.0,0.9875,1.0,1.0,1.0
MPLADS-001150,1,80.0,86.7,86.4,80.0,6.7,6.7,6.7,-10.0,0.8602,0.0,0.0,0.0,0.8602,-0.0068,6.7,6.7,0,60.0,93.0,33.0,1.55,1.0,1.0,1.0
MPLADS-001151,1,99.0,94.0,82.3,99.0,5.0,-5.0,-5.0,9.0,0.4323,0.0,0.0,0.0,0.4323,0.0087,0.0,0.0,0,210.0,229.0,19.0,1.0905,1.0,1.0,1.0
MPLADS-001152,1,94.0,92.3,89.2,94.0,1.7,-1.7,-1.7,4.0,0.5109,0.0,0.0,0.0,0.5109,0.0459,0.0,0.0,0,160.0,184.0,24.0,1.15,1.0,1.0,1.0
MPLADS-001153,1,74.6,90.7,84.4,74.6,16.1,16.1,16.1,-15.4,0.6782,0.0,0.0,0.0,0.6782,-0.0064,16.1,16.1,0,120.0,110.0,0.0,0.9167,1.0,1.0,1.0
MPLADS-001154,1,89.1,94.6,83.5,89.1,5.5,5.5,5.5,-0.9,0.4896,0.0,0.0,0.0,0.4896,0.0233,5.5,5.5,0,160.0,182.0,22.0,1.1375,1.0,1.0,1.0
MPLADS-001155,1,76.6,85.7,95.3,76.6,9.1,9.1,9.1,-13.4,0.3579,0.0,0.0,0.0,0.3579,0.0275,9.1,9.1,0,210.0,214.0,4.0,1.019,1.0,1.0,1.0
MPLADS-001156,1,25.4,86.6,92.2,25.4,61.2,61.2,61.2,-64.6,0.1716,0.0,0.0,0.0,0.1716,-0.009,61.2,61.2,0,120.0,148.0,28.0,1.2333,1.0,1.0,0.0
MPLADS-001157,1,89.9,93.7,98.7,89.9,3.8,3.8,3.8,-0.1,0.743,0.0,0.0,0.0,0.743,0.0035,3.8,3.8,0,90.0,121.0,31.0,1.3444,1.0,1.0,1.0
MPLADS-001158,1,74.4,97.8,91.7,74.4,23.4,23.4,23.4,-15.6,0.3777,0.0,0.0,0.0,0.3777,-0.0062,23.4,23.4,0,180.0,197.0,17.0,1.0944,1.0,1.0,1.0
MPLADS-001159,1,75.2,91.4,94.8,75.2,16.2,16.2,16.2,-14.8,0.9284,0.0,0.0,0.0,0.9284,0.0406,16.2,16.2,0,60.0,81.0,21.0,1.35,1.0,1.0,1.0
MPLADS-001160,1,93.4,95.5,83.8,93.4,2.1,2.1,2.1,3.4,0.4693,0.0,0.0,0.0,0.4693,-0.0054,2.1,2.1,0,210.0,199.0,0.0,0.9476,1.0,1.0,1.0
MPLADS-001161,1,92.6,91.2,86.1,92.6,1.4,-1.4,-1.4,2.6,0.4152,0.0,0.0,0.0,0.4152,0.0339,0.0,0.0,0,210.0,223.0,13.0,1.0619,1.0,1.0,1.0
MPLADS-001162,1,70.8,95.0,87.8,70.8,24.2,24.2,24.2,-19.2,0.1792,0.0,0.0,0.0,0.1792,0.0405,24.2,24.2,0,400.0,395.0,0.0,0.9875,1.0,1.0,1.0
MPLADS-001163,1,73.9,97.1,82.2,73.9,23.2,23.2,23.2,-16.1,0.3695,0.0,0.0,0.0,0.3695,0.008,23.2,23.2,0,210.0,200.0,0.0,0.9524,1.0,1.0,1.0
MPLADS-001164,1,73.7,86.4,93.9,73.7,12.7,12.7,12.7,-16.3,0.4849,0.0,0.0,0.0,0.4849,-0.0166,12.7,12.7,0,150.0,152.0,2.0,1.0133,1.0,1.0,1.0
MPLADS-001165,1,92.5,88.9,99.5,92.5,3.6,-3.6,-3.6,2.5,0.5539,0.0,0.0,0.0,0.5539,0.0306,0.0,0.0,0,150.0,167.0,17.0,1.1133,1.0,1.0,1.0
MPLADS-001166,1,97.4,96.6,82.7,97.4,0.8,-0.8,-0.8,7.4,1.1878,0.0,0.0,0.0,1.1878,-0.0158,0.0,0.0,0,60.0,82.0,22.0,1.3667,1.0,1.0,1.0
MPLADS-001167,1,96.6,95.1,95.9,96.6,1.5,-1.5,-1.5,6.6,0.2273,0.0,0.0,0.0,0.2273,0.0462,0.0,0.0,0,400.0,425.0,25.0,1.0625,1.0,1.0,1.0
MPLADS-001168,1,88.2,96.2,84.6,88.2,8.0,8.0,8.0,-1.8,0.6733,0.0,0.0,0.0,0.6733,-0.0154,8.0,8.0,0,120.0,131.0,11.0,1.0917,1.0,1.0,1.0
MPLADS-001169,1,84.0,86.9,98.4,84.0,2.9,2.9,2.9,-6.0,0.5676,0.0,0.0,0.0,0.5676,0.0389,2.9,2.9,0,160.0,148.0,0.0,0.925,1.0,1.0,1.0
MPLADS-001170,1,83.0,94.9,94.5,83.0,11.9,11.9,11.9,-7.0,1.6275,0.0,0.0,0.0,1.6275,0.0485,11.9,11.9,0,60.0,51.0,0.0,0.85,1.0,1.0,1.0
MPLADS-001171,1,83.4,86.8,99.5,83.4,3.4,3.4,3.4,-6.6,0.4068,0.0,0.0,0.0,0.4068,-0.0086,3.4,3.4,0,210.0,205.0,0.0,0.9762,1.0,1.0,1.0
MPLADS-001172,1,83.9,93.0,81.7,83.9,9.1,9.1,9.1,-6.1,0.4878,0.0,0.0,0.0,0.4878,0.0495,9.1,9.1,0,150.0,172.0,22.0,1.1467,1.0,1.0,1.0
MPLADS-001173,1,75.2,85.5,89.4,75.2,10.3,10.3,10.3,-14.8,1.5667,0.0,0.0,0.0,1.5667,0.002,10.3,10.3,0,60.0,48.0,0.0,0.8,1.0,1.0,1.0
MPLADS-001174,1,88.0,92.1,87.2,88.0,4.1,4.1,4.1,-2.0,0.3651,0.0,0.0,0.0,0.3651,-0.0023,4.1,4.1,0,210.0,241.0,31.0,1.1476,1.0,1.0,1.0
MPLADS-001175,1,97.5,92.9,83.9,97.5,4.6,-4.6,-4.6,7.5,0.5447,0.0,0.0,0.0,0.5447,-0.0165,0.0,0.0,0,160.0,179.0,19.0,1.1187,1.0,1.0,1.0
MPLADS-001176,1,72.1,90.8,97.5,72.1,18.7,18.7,18.7,-17.9,0.1729,0.0,0.0,0.0,0.1729,0.0363,18.7,18.7,0,400.0,417.0,17.0,1.0425,1.0,1.0,1.0
MPLADS-001177,1,98.4,90.6,89.5,98.4,7.8,-7.8,-7.8,8.4,0.2388,0.0,0.0,0.0,0.2388,0.0213,0.0,0.0,0,400.0,412.0,12.0,1.03,1.0,1.0,1.0
MPLADS-001178,1,83.5,91.1,97.7,83.5,7.6,7.6,7.6,-6.5,0.7952,0.0,0.0,0.0,0.7952,-0.0003,7.6,7.6,0,120.0,105.0,0.0,0.875,1.0,1.0,1.0
MPLADS-001179,1,94.3,90.4,97.6,94.3,3.9,-3.9,-3.9,4.3,0.4366,0.0,0.0,0.0,0.4366,0.0106,0.0,0.0,0,210.0,216.0,6.0,1.0286,1.0,1.0,1.0
MPLADS-001180,1,77.8,96.1,95.0,77.8,18.3,18.3,18.3,-12.2,0.5479,0.0,0.0,0.0,0.5479,0.0366,18.3,18.3,0,150.0,142.0,0.0,0.9467,1.0,1.0,1.0
MPLADS-001181,1,79.3,86.9,99.0,79.3,7.6,7.6,7.6,-10.7,0.5358,0.0,0.0,0.0,0.5358,0.0496,7.6,7.6,0,150.0,148.0,0.0,0.9867,1.0,1.0,1.0
MPLADS-001182,1,86.2,85.1,91.9,86.2,1.1,-1.1,-1.1,-3.8,0.2233,0.0,0.0,0.0,0.2233,0.0258,0.0,0.0,0,400.0,386.0,0.0,0.965,1.0,1.0,1.0
MPLADS-001183,1,93.1,95.4,93.7,93.1,2.3,2.3,2.3,3.1,0.6746,0.0,0.0,0.0,0.6746,-0.0088,2.3,2.3,0,120.0,138.0,18.0,1.15,1.0,1.0,1.0
MPLADS-001184,1,91.0,94.8,96.2,91.0,3.8,3.8,3.8,1.0,0.4973,0.0,0.0,0.0,0.4973,0.0493,3.8,3.8,0,150.0,183.0,33.0,1.22,1.0,1.0,1.0
MPLADS-001185,1,88.1,87.8,98.2,88.1,0.3,-0.3,-0.3,-1.9,0.7221,0.0,0.0,0.0,0.7221,0.0289,0.0,0.0,0,90.0,122.0,32.0,1.3556,1.0,1.0,1.0
MPLADS-001186,1,71.8,86.0,99.0,71.8,14.2,14.2,14.2,-18.2,0.3626,0.0,0.0,0.0,0.3626,0.0299,14.2,14.2,0,210.0,198.0,0.0,0.9429,1.0,1.0,1.0
MPLADS-001187,1,70.3,96.3,89.4,70.3,26.0,26.0,26.0,-19.7,0.6509,0.0,0.0,0.0,0.6509,0.0243,26.0,26.0,0,120.0,108.0,0.0,0.9,1.0,1.0,1.0
MPLADS-001188,1,91.2,93.8,83.0,91.2,2.6,2.6,2.6,1.2,1.4031,0.0,0.0,0.0,1.4031,0.0076,2.6,2.6,0,60.0,65.0,5.0,1.0833,1.0,1.0,1.0
MPLADS-001189,1,86.6,91.0,87.4,86.6,4.4,4.4,4.4,-3.4,0.451,0.0,0.0,0.0,0.451,0.0276,4.4,4.4,0,180.0,192.0,12.0,1.0667,1.0,1.0,1.0
MPLADS-001190,1,27.4,93.6,97.5,27.4,66.2,66.2,66.2,-62.6,0.1723,0.0,0.0,0.0,0.1723,0.0106,66.2,66.2,0,160.0,159.0,0.0,0.9938,1.0,1.0,0.0
MPLADS-001191,1,93.2,87.6,92.9,93.2,5.6,-5.6,-5.6,3.2,0.871,0.0,0.0,0.0,0.871,0.0452,0.0,0.0,0,90.0,107.0,17.0,1.1889,1.0,1.0,1.0
MPLADS-001192,1,88.3,85.4,89.9,88.3,2.9,-2.9,-2.9,-1.7,0.5734,0.0,0.0,0.0,0.5734,-0.0028,0.0,0.0,0,150.0,154.0,4.0,1.0267,1.0,1.0,1.0
MPLADS-001193,1,75.3,89.5,98.1,75.3,14.2,14.2,14.2,-14.7,0.6223,0.0,0.0,0.0,0.6223,-0.0087,14.2,14.2,0,120.0,121.0,1.0,1.0083,1.0,1.0,1.0
MPLADS-001194,1,75.9,92.5,99.2,75.9,16.6,16.6,16.6,-14.1,0.1847,0.0,0.0,0.0,0.1847,0.0289,16.6,16.6,0,400.0,411.0,11.0,1.0275,1.0,1.0,1.0
MPLADS-001195,1,89.4,88.9,88.4,89.4,0.5,-0.5,-0.5,-0.6,0.6526,0.0,0.0,0.0,0.6526,0.0016,0.0,0.0,0,150.0,137.0,0.0,0.9133,1.0,1.0,1.0
MPLADS-001196,1,31.0,98.2,83.6,31.0,67.2,67.2,67.2,-59.0,0.0731,0.0,0.0,0.0,0.0731,0.0485,67.2,67.2,0,400.0,424.0,24.0,1.06,1.0,1.0,0.0
MPLADS-001197,1,77.9,96.1,96.2,77.9,18.2,18.2,18.2,-12.1,0.4869,0.0,0.0,0.0,0.4869,0.0201,18.2,18.2,0,160.0,160.0,0.0,1.0,1.0,1.0,1.0
MPLADS-001198,1,72.1,97.0,84.4,72.1,24.9,24.9,24.9,-17.9,0.4396,0.0,0.0,0.0,0.4396,-0.0009,24.9,24.9,0,150.0,164.0,14.0,1.0933,1.0,1.0,1.0
MPLADS-001199,1,83.0,91.2,95.4,83.0,8.2,8.2,8.2,-7.0,1.1528,0.0,0.0,0.0,1.1528,-0.0193,8.2,8.2,0,60.0,72.0,12.0,1.2,1.0,1.0,1.0
MPLADS-001200,1,90.0,97.5,93.8,90.0,7.5,7.5,7.5,0.0,0.3766,0.0,0.0,0.0,0.3766,0.0182,7.5,7.5,0,210.0,239.0,29.0,1.1381,1.0,1.0,1.0
MPLADS-001201,1,89.0,92.8,99.3,89.0,3.8,3.8,3.8,-1.0,0.4159,0.0,0.0,0.0,0.4159,0.0072,3.8,3.8,0,180.0,214.0,34.0,1.1889,1.0,1.0,1.0
MPLADS-001202,1,57.9,92.1,86.0,57.9,34.2,34.2,34.2,-32.1,0.1072,0.0,0.0,0.0,0.1072,0.0465,34.2,34.2,2,180.0,540.0,360.0,3.0,1.0,1.0,1.0
MPLADS-001203,1,80.5,92.2,99.9,80.5,11.7,11.7,11.7,-9.5,0.4328,0.0,0.0,0.0,0.4328,-0.0109,11.7,11.7,0,180.0,186.0,6.0,1.0333,1.0,1.0,1.0
MPLADS-001204,1,32.6,85.4,88.7,32.6,52.8,52.8,52.8,-57.4,0.2203,0.0,0.0,0.0,0.2203,0.034,52.8,52.8,0,120.0,148.0,28.0,1.2333,1.0,1.0,0.0
MPLADS-001205,1,88.3,88.0,89.0,88.3,0.3,-0.3,-0.3,-1.7,0.2154,0.0,0.0,0.0,0.2154,-0.0151,0.0,0.0,0,400.0,410.0,10.0,1.025,1.0,1.0,1.0
MPLADS-001206,1,97.1,97.2,83.4,97.1,0.1,0.1,0.1,7.1,0.9808,0.0,0.0,0.0,0.9808,-0.0001,0.1,0.1,0,90.0,99.0,9.0,1.1,1.0,1.0,1.0
MPLADS-001207,1,21.1,89.3,91.4,21.1,68.2,68.2,68.2,-68.9,0.1227,0.0,0.0,0.0,0.1227,0.0124,68.2,68.2,0,160.0,172.0,12.0,1.075,1.0,1.0,0.0
MPLADS-001208,1,82.4,94.5,81.1,82.4,12.1,12.1,12.1,-7.6,0.5248,0.0,0.0,0.0,0.5248,0.0207,12.1,12.1,0,150.0,157.0,7.0,1.0467,1.0,1.0,1.0
MPLADS-001209,1,72.0,93.5,81.1,72.0,21.5,21.5,21.5,-18.0,0.3547,0.0,0.0,0.0,0.3547,0.0083,21.5,21.5,0,180.0,203.0,23.0,1.1278,1.0,1.0,1.0
MPLADS-001210,1,82.1,88.5,99.3,82.1,6.4,6.4,6.4,-7.9,0.8924,0.0,0.0,0.0,0.8924,0.0018,6.4,6.4,0,60.0,92.0,32.0,1.5333,1.0,1.0,1.0
MPLADS-001211,1,97.9,94.2,85.1,97.9,3.7,-3.7,-3.7,7.9,0.597,0.0,0.0,0.0,0.597,0.0151,0.0,0.0,0,150.0,164.0,14.0,1.0933,1.0,1.0,1.0
MPLADS-001212,1,84.6,87.1,88.3,84.6,2.5,2.5,2.5,-5.4,0.3863,0.0,0.0,0.0,0.3863,0.0143,2.5,2.5,0,210.0,219.0,9.0,1.0429,1.0,1.0,1.0
MPLADS-001213,1,83.3,94.7,88.5,83.3,11.4,11.4,11.4,-6.7,0.4577,0.0,0.0,0.0,0.4577,0.0173,11.4,11.4,0,160.0,182.0,22.0,1.1375,1.0,1.0,1.0
MPLADS-001214,1,27.5,94.5,87.9,27.5,67.0,67.0,67.0,-62.5,0.1627,0.0,0.0,0.0,0.1627,-0.0113,67.0,67.0,0,160.0,169.0,9.0,1.0562,1.0,1.0,0.0
MPLADS-001215,1,76.4,94.1,81.2,76.4,17.7,17.7,17.7,-13.6,0.1959,0.0,0.0,0.0,0.1959,0.0114,17.7,17.7,0,400.0,390.0,0.0,0.975,1.0,1.0,1.0
MPLADS-001216,1,24.8,93.5,83.8,24.8,68.7,68.7,68.7,-65.2,0.1417,0.0,0.0,0.0,0.1417,0.0452,68.7,68.7,0,180.0,175.0,0.0,0.9722,1.0,1.0,0.0
MPLADS-001217,1,22.3,97.4,99.0,22.3,75.1,75.1,75.1,-67.7,0.223,0.0,0.0,0.0,0.223,-0.0083,75.1,75.1,0,90.0,100.0,10.0,1.1111,1.0,1.0,0.0
MPLADS-001218,1,81.7,90.8,99.8,81.7,9.1,9.1,9.1,-8.3,1.1507,0.0,0.0,0.0,1.1507,-0.0085,9.1,9.1,0,60.0,71.0,11.0,1.1833,1.0,1.0,1.0
MPLADS-001219,1,92.7,92.4,91.5,92.7,0.3,-0.3,-0.3,2.7,0.2335,0.0,0.0,0.0,0.2335,-0.0021,0.0,0.0,0,400.0,397.0,0.0,0.9925,1.0,1.0,1.0
MPLADS-001220,1,88.7,85.1,82.2,88.7,3.6,-3.6,-3.6,-1.3,0.3807,0.0,0.0,0.0,0.3807,0.018,0.0,0.0,0,210.0,233.0,23.0,1.1095,1.0,1.0,1.0
MPLADS-001221,1,81.3,93.0,93.7,81.3,11.7,11.7,11.7,-8.7,0.1988,0.0,0.0,0.0,0.1988,-0.0011,11.7,11.7,0,400.0,409.0,9.0,1.0225,1.0,1.0,1.0
MPLADS-001222,1,73.2,90.2,80.7,73.2,17.0,17.0,17.0,-16.8,0.4575,0.0,0.0,0.0,0.4575,-0.0118,17.0,17.0,0,160.0,160.0,0.0,1.0,1.0,1.0,1.0
MPLADS-001223,1,79.0,97.0,93.3,79.0,18.0,18.0,18.0,-11.0,0.199,0.0,0.0,0.0,0.199,0.0123,18.0,18.0,0,400.0,397.0,0.0,0.9925,1.0,1.0,1.0
MPLADS-001224,1,95.7,90.0,83.7,95.7,5.7,-5.7,-5.7,5.7,0.2257,0.0,0.0,0.0,0.2257,-0.0168,0.0,0.0,0,400.0,424.0,24.0,1.06,0.0,0.0,0.0
MPLADS-001225,1,72.4,92.0,88.0,72.4,19.6,19.6,19.6,-17.6,0.5444,0.0,0.0,0.0,0.5444,-0.0043,19.6,19.6,0,120.0,133.0,13.0,1.1083,0.0,0.0,0.0
MPLADS-001226,1,99.4,85.6,80.4,99.4,13.8,-13.8,-13.8,9.4,1.6295,0.0,0.0,0.0,1.6295,0.0306,0.0,0.0,0,60.0,61.0,1.0,1.0167,1.0,1.0,1.0
MPLADS-001227,1,76.8,85.5,81.0,76.8,8.7,8.7,8.7,-13.2,0.4599,0.0,0.0,0.0,0.4599,0.0308,8.7,8.7,0,180.0,167.0,0.0,0.9278,1.0,1.0,1.0
MPLADS-001228,1,97.3,86.2,84.5,97.3,11.1,-11.1,-11.1,7.3,0.6158,0.0,0.0,0.0,0.6158,0.0348,0.0,0.0,0,150.0,158.0,8.0,1.0533,1.0,1.0,1.0
MPLADS-001229,1,15.5,94.9,91.5,15.5,79.4,79.4,79.4,-74.5,0.1476,0.0,0.0,0.0,0.1476,0.0219,79.4,79.4,0,90.0,105.0,15.0,1.1667,1.0,1.0,0.0
MPLADS-001230,1,95.7,93.4,91.0,95.7,2.3,-2.3,-2.3,5.7,0.6423,0.0,0.0,0.0,0.6423,0.039,0.0,0.0,0,160.0,149.0,0.0,0.9313,1.0,1.0,1.0
MPLADS-001231,1,99.6,86.9,92.4,99.6,12.7,-12.7,-12.7,9.6,1.2769,0.0,0.0,0.0,1.2769,0.0294,0.0,0.0,0,90.0,78.0,0.0,0.8667,1.0,1.0,1.0
MPLADS-001232,1,0.0,100.0,94.9,0.0,100.0,100.0,100.0,-90.0,0.0,0.0,0.0,0.0,0.0,0.0046,100.0,100.0,0,90.0,92.0,2.0,1.0222,0.0,0.0,0.0
MPLADS-001233,1,79.3,90.7,80.6,79.3,11.4,11.4,11.4,-10.7,0.6836,0.0,0.0,0.0,0.6836,-0.0121,11.4,11.4,0,90.0,116.0,26.0,1.2889,1.0,1.0,1.0
MPLADS-001234,1,84.1,85.4,85.6,84.1,1.3,1.3,1.3,-5.9,1.0922,0.0,0.0,0.0,1.0922,-0.0024,1.3,1.3,0,90.0,77.0,0.0,0.8556,0.0,0.0,0.0
MPLADS-001235,1,90.7,93.2,84.1,90.7,2.5,2.5,2.5,0.7,1.0425,0.0,0.0,0.0,1.0425,0.0097,2.5,2.5,0,90.0,87.0,0.0,0.9667,1.0,1.0,1.0
MPLADS-001236,1,87.7,96.0,82.8,87.7,8.3,8.3,8.3,-2.3,0.2049,0.0,0.0,0.0,0.2049,0.0278,8.3,8.3,0,400.0,428.0,28.0,1.07,1.0,1.0,1.0
MPLADS-001237,1,81.6,95.7,90.9,81.6,14.1,14.1,14.1,-8.4,1.8133,0.0,0.0,0.0,1.8133,0.001,14.1,14.1,0,60.0,45.0,0.0,0.75,1.0,1.0,1.0
MPLADS-001238,1,90.3,90.0,82.3,90.3,0.3,-0.3,-0.3,0.3,0.645,0.0,0.0,0.0,0.645,0.0006,0.0,0.0,0,120.0,140.0,20.0,1.1667,1.0,1.0,1.0
MPLADS-001239,1,74.7,85.7,92.8,74.7,11.0,11.0,11.0,-15.3,1.4094,0.0,0.0,0.0,1.4094,-0.0195,11.0,11.0,0,60.0,53.0,0.0,0.8833,1.0,1.0,1.0
MPLADS-001240,1,81.8,86.2,94.1,81.8,4.4,4.4,4.4,-8.2,1.0225,0.0,0.0,0.0,1.0225,0.0037,4.4,4.4,0,90.0,80.0,0.0,0.8889,1.0,1.0,1.0
MPLADS-001241,1,83.6,89.2,96.2,83.6,5.6,5.6,5.6,-6.4,0.95,0.0,0.0,0.0,0.95,-0.0021,5.6,5.6,0,90.0,88.0,0.0,0.9778,1.0,1.0,1.0
MPLADS-001242,1,92.7,93.8,85.6,92.7,1.1,1.1,1.1,2.7,0.4522,0.0,0.0,0.0,0.4522,0.0159,1.1,1.1,0,210.0,205.0,0.0,0.9762,1.0,1.0,1.0
MPLADS-001243,1,84.6,93.8,85.3,84.6,9.2,9.2,9.2,-5.4,0.4273,0.0,0.0,0.0,0.4273,0.0037,9.2,9.2,0,180.0,198.0,18.0,1.1,1.0,1.0,1.0
MPLADS-001244,1,89.0,92.3,98.1,89.0,3.3,3.3,3.3,-1.0,0.5235,0.0,0.0,0.0,0.5235,-0.0056,3.3,3.3,0,180.0,170.0,0.0,0.9444,1.0,1.0,1.0
MPLADS-001245,1,92.5,93.1,91.7,92.5,0.6,0.6,0.6,2.5,0.4186,0.0,0.0,0.0,0.4186,0.0038,0.6,0.6,0,210.0,221.0,11.0,1.0524,1.0,1.0,1.0
MPLADS-001246,1,82.9,97.9,81.8,82.9,15.0,15.0,15.0,-7.1,0.7402,0.0,0.0,0.0,0.7402,0.0186,15.0,15.0,0,120.0,112.0,0.0,0.9333,1.0,1.0,1.0
MPLADS-001247,1,80.1,94.9,82.1,80.1,14.8,14.8,14.8,-9.9,0.1871,0.0,0.0,0.0,0.1871,0.0107,14.8,14.8,0,400.0,428.0,28.0,1.07,1.0,1.0,1.0
MPLADS-001248,1,31.2,95.1,87.6,31.2,63.9,63.9,63.9,-58.8,0.416,0.0,0.0,0.0,0.416,-0.0034,63.9,63.9,0,90.0,75.0,0.0,0.8333,1.0,1.0,0.0
MPLADS-001249,1,74.0,85.7,84.7,74.0,11.7,11.7,11.7,-16.0,1.6087,0.0,0.0,0.0,1.6087,0.0252,11.7,11.7,0,60.0,46.0,0.0,0.7667,1.0,1.0,1.0
MPLADS-001250,1,79.8,133.4,95.6,79.8,53.6,53.6,53.6,-10.2,1.2667,0.0,0.0,0.0,1.2667,0.0254,53.6,53.6,0,60.0,63.0,3.0,1.05,1.0,1.0,1.0
MPLADS-001251,1,81.3,97.9,94.9,81.3,16.6,16.6,16.6,-8.7,0.4839,0.0,0.0,0.0,0.4839,0.0486,16.6,16.6,0,150.0,168.0,18.0,1.12,1.0,1.0,1.0
MPLADS-001252,1,18.9,88.7,92.3,18.9,69.8,69.8,69.8,-71.1,0.1074,0.0,0.0,0.0,0.1074,-0.0179,69.8,69.8,0,180.0,176.0,0.0,0.9778,1.0,1.0,0.0
MPLADS-001253,1,86.3,87.9,89.9,86.3,1.6,1.6,1.6,-3.7,0.5168,0.0,0.0,0.0,0.5168,0.0386,1.6,1.6,0,160.0,167.0,7.0,1.0437,1.0,1.0,1.0
MPLADS-001254,1,88.5,94.5,88.9,88.5,6.0,6.0,6.0,-1.5,1.0057,0.0,0.0,0.0,1.0057,-0.017,6.0,6.0,0,90.0,88.0,0.0,0.9778,1.0,1.0,1.0
MPLADS-001255,1,78.7,85.5,89.1,78.7,6.8,6.8,6.8,-11.3,0.6558,0.0,0.0,0.0,0.6558,-0.0052,6.8,6.8,0,120.0,120.0,0.0,1.0,1.0,1.0,1.0
MPLADS-001256,1,78.2,90.7,99.6,78.2,12.5,12.5,12.5,-11.8,0.1853,0.0,0.0,0.0,0.1853,0.0118,12.5,12.5,0,400.0,422.0,22.0,1.055,1.0,1.0,1.0
MPLADS-001257,1,77.1,95.2,90.9,77.1,18.1,18.1,18.1,-12.9,0.3914,0.0,0.0,0.0,0.3914,0.0239,18.1,18.1,0,180.0,197.0,17.0,1.0944,1.0,1.0,1.0
MPLADS-001258,1,78.9,85.5,88.7,78.9,6.6,6.6,6.6,-11.1,0.2028,0.0,0.0,0.0,0.2028,0.0074,6.6,6.6,0,400.0,389.0,0.0,0.9725,1.0,1.0,1.0
MPLADS-001259,1,91.4,94.3,83.4,91.4,2.9,2.9,2.9,1.4,1.1718,0.0,0.0,0.0,1.1718,0.0145,2.9,2.9,0,90.0,78.0,0.0,0.8667,1.0,1.0,1.0
MPLADS-001260,1,74.2,88.4,86.4,74.2,14.2,14.2,14.2,-15.8,0.1917,0.0,0.0,0.0,0.1917,0.0336,14.2,14.2,0,400.0,387.0,0.0,0.9675,1.0,1.0,1.0
MPLADS-001261,1,74.3,91.2,98.2,74.3,16.9,16.9,16.9,-15.7,0.4105,0.0,0.0,0.0,0.4105,0.0137,16.9,16.9,0,150.0,181.0,31.0,1.2067,1.0,1.0,1.0
MPLADS-001262,1,71.2,89.1,90.2,71.2,17.9,17.9,17.9,-18.8,0.1691,0.0,0.0,0.0,0.1691,0.0345,17.9,17.9,0,400.0,421.0,21.0,1.0525,1.0,1.0,1.0
MPLADS-001263,1,98.5,89.9,83.3,98.5,8.6,-8.6,-8.6,8.5,0.2379,0.0,0.0,0.0,0.2379,0.0183,0.0,0.0,0,400.0,414.0,14.0,1.035,1.0,1.0,1.0
MPLADS-001264,1,75.4,89.5,98.6,75.4,14.1,14.1,14.1,-14.6,0.3381,0.0,0.0,0.0,0.3381,0.0304,14.1,14.1,0,210.0,223.0,13.0,1.0619,1.0,1.0,1.0
MPLADS-001265,1,89.6,98.0,97.1,89.6,8.4,8.4,8.4,-0.4,1.8286,0.0,0.0,0.0,1.8286,0.0061,8.4,8.4,0,60.0,49.0,0.0,0.8167,1.0,1.0,1.0
MPLADS-001266,1,81.5,97.1,85.0,81.5,15.6,15.6,15.6,-8.5,0.4631,0.0,0.0,0.0,0.4631,-0.019,15.6,15.6,0,180.0,176.0,0.0,0.9778,1.0,1.0,1.0
MPLADS-001267,1,97.7,90.9,80.4,97.7,6.8,-6.8,-6.8,7.7,0.4789,0.0,0.0,0.0,0.4789,0.0494,0.0,0.0,0,210.0,204.0,0.0,0.9714,1.0,1.0,1.0
MPLADS-001268,1,96.7,89.7,84.6,96.7,7.0,-7.0,-7.0,6.7,1.934,0.0,0.0,0.0,1.934,0.0141,0.0,0.0,0,60.0,50.0,0.0,0.8333,1.0,1.0,1.0
MPLADS-001269,1,96.3,94.0,99.3,96.3,2.3,-2.3,-2.3,6.3,1.3757,0.0,0.0,0.0,1.3757,-0.0087,0.0,0.0,0,60.0,70.0,10.0,1.1667,1.0,1.0,1.0
MPLADS-001270,1,83.2,96.8,98.7,83.2,13.6,13.6,13.6,-6.8,0.671,0.0,0.0,0.0,0.671,0.022,13.6,13.6,0,90.0,124.0,34.0,1.3778,1.0,1.0,1.0
MPLADS-001271,1,90.1,90.4,83.4,90.1,0.3,0.3,0.3,0.1,0.3693,0.0,0.0,0.0,0.3693,-0.0063,0.3,0.3,0,210.0,244.0,34.0,1.1619,1.0,1.0,1.0
MPLADS-001272,1,81.3,92.2,80.7,81.3,10.9,10.9,10.9,-8.7,0.6949,0.0,0.0,0.0,0.6949,0.026,10.9,10.9,0,90.0,117.0,27.0,1.3,1.0,1.0,1.0
MPLADS-001273,1,93.7,88.8,92.9,93.7,4.9,-4.9,-4.9,3.7,0.6741,0.0,0.0,0.0,0.6741,0.0331,0.0,0.0,0,120.0,139.0,19.0,1.1583,1.0,1.0,1.0
MPLADS-001274,1,83.8,91.7,94.7,83.8,7.9,7.9,7.9,-6.2,0.3692,0.0,0.0,0.0,0.3692,0.0491,7.9,7.9,0,210.0,227.0,17.0,1.081,1.0,1.0,1.0
MPLADS-001275,1,89.2,91.6,96.5,89.2,2.4,2.4,2.4,-0.8,0.7252,0.0,0.0,0.0,0.7252,0.0103,2.4,2.4,0,120.0,123.0,3.0,1.025,1.0,1.0,1.0
MPLADS-001276,1,84.7,91.1,85.6,84.7,6.4,6.4,6.4,-5.3,0.3781,0.0,0.0,0.0,0.3781,0.0315,6.4,6.4,0,210.0,224.0,14.0,1.0667,1.0,1.0,1.0
MPLADS-001277,1,88.6,86.7,82.0,88.6,1.9,-1.9,-1.9,-1.4,0.2145,0.0,0.0,0.0,0.2145,0.0492,0.0,0.0,0,400.0,413.0,13.0,1.0325,1.0,1.0,1.0
MPLADS-001278,1,80.0,86.1,99.9,80.0,6.1,6.1,6.1,-10.0,0.479,0.0,0.0,0.0,0.479,0.0177,6.1,6.1,0,180.0,167.0,0.0,0.9278,1.0,1.0,1.0
MPLADS-001279,1,76.3,90.2,99.0,76.3,13.9,13.9,13.9,-13.7,0.6813,0.0,0.0,0.0,0.6813,0.0327,13.9,13.9,0,90.0,112.0,22.0,1.2444,1.0,1.0,1.0
MPLADS-001280,1,22.4,90.1,97.1,22.4,67.7,67.7,67.7,-67.6,0.2765,0.0,0.0,0.0,0.2765,-0.0068,67.7,67.7,0,90.0,81.0,0.0,0.9,1.0,1.0,0.0
MPLADS-001281,1,0.0,100.0,90.8,0.0,100.0,100.0,100.0,-90.0,0.0,0.0,0.0,0.0,0.0,0.0289,100.0,100.0,0,90.0,98.0,8.0,1.0889,0.0,0.0,0.0
MPLADS-001282,1,89.1,91.8,84.4,89.1,2.7,2.7,2.7,-0.9,0.5241,0.0,0.0,0.0,0.5241,-0.0064,2.7,2.7,0,160.0,170.0,10.0,1.0625,1.0,1.0,1.0
MPLADS-001283,1,85.0,97.8,88.1,85.0,12.8,12.8,12.8,-5.0,0.4404,0.0,0.0,0.0,0.4404,0.0208,12.8,12.8,0,160.0,193.0,33.0,1.2063,1.0,1.0,1.0
MPLADS-001284,1,76.7,94.9,84.3,76.7,18.2,18.2,18.2,-13.3,0.3874,0.0,0.0,0.0,0.3874,-0.0046,18.2,18.2,0,180.0,198.0,18.0,1.1,1.0,1.0,1.0
MPLADS-001285,1,34.7,98.6,81.6,34.7,63.9,63.9,63.9,-55.3,0.7082,0.0,0.0,0.0,0.7082,-0.0019,63.9,63.9,0,60.0,49.0,0.0,0.8167,1.0,1.0,0.0
MPLADS-001286,1,99.8,91.6,90.9,99.8,8.2,-8.2,-8.2,9.8,0.8248,0.0,0.0,0.0,0.8248,-0.0083,0.0,0.0,0,120.0,121.0,1.0,1.0083,1.0,1.0,1.0
MPLADS-001287,1,98.7,90.5,92.3,98.7,8.2,-8.2,-8.2,8.7,1.2654,0.0,0.0,0.0,1.2654,-0.0077,0.0,0.0,0,90.0,78.0,0.0,0.8667,1.0,1.0,1.0
MPLADS-001288,1,78.9,92.1,87.3,78.9,13.2,13.2,13.2,-11.1,0.4408,0.0,0.0,0.0,0.4408,0.029,13.2,13.2,0,160.0,179.0,19.0,1.1187,0.0,0.0,0.0
MPLADS-001289,1,75.7,91.4,87.4,75.7,15.7,15.7,15.7,-14.3,0.5868,0.0,0.0,0.0,0.5868,-0.0063,15.7,15.7,0,120.0,129.0,9.0,1.075,1.0,1.0,1.0
MPLADS-001290,1,99.3,94.1,81.9,99.3,5.2,-5.2,-5.2,9.3,1.1414,0.0,0.0,0.0,1.1414,0.0295,0.0,0.0,0,90.0,87.0,0.0,0.9667,1.0,1.0,1.0
MPLADS-001291,1,88.3,87.2,83.6,88.3,1.1,-1.1,-1.1,-1.7,0.5926,0.0,0.0,0.0,0.5926,-0.0193,0.0,0.0,0,160.0,149.0,0.0,0.9313,1.0,1.0,1.0
MPLADS-001292,1,81.4,89.1,94.7,81.4,7.7,7.7,7.7,-8.6,0.4196,0.0,0.0,0.0,0.4196,-0.0058,7.7,7.7,0,180.0,194.0,14.0,1.0778,1.0,1.0,1.0
MPLADS-001293,1,76.2,86.0,89.8,76.2,9.8,9.8,9.8,-13.8,0.1929,0.0,0.0,0.0,0.1929,0.0179,9.8,9.8,0,400.0,395.0,0.0,0.9875,1.0,1.0,1.0
MPLADS-001294,1,81.0,95.0,92.3,81.0,14.0,14.0,14.0,-9.0,0.5127,0.0,0.0,0.0,0.5127,0.0471,14.0,14.0,0,150.0,158.0,8.0,1.0533,1.0,1.0,1.0
MPLADS-001295,1,90.0,88.2,83.8,90.0,1.8,-1.8,-1.8,0.0,0.5143,0.0,0.0,0.0,0.5143,-0.0048,0.0,0.0,0,150.0,175.0,25.0,1.1667,1.0,1.0,1.0
MPLADS-001296,1,93.3,85.2,84.4,93.3,8.1,-8.1,-8.1,3.3,1.0602,0.0,0.0,0.0,1.0602,0.0141,0.0,0.0,0,90.0,88.0,0.0,0.9778,1.0,1.0,1.0
MPLADS-001297,1,92.8,88.5,92.7,92.8,4.3,-4.3,-4.3,2.8,0.4316,0.0,0.0,0.0,0.4316,-0.0193,0.0,0.0,0,210.0,215.0,5.0,1.0238,1.0,1.0,1.0
MPLADS-001298,1,95.0,86.6,83.2,95.0,8.4,-8.4,-8.4,5.0,0.4378,0.0,0.0,0.0,0.4378,0.0313,0.0,0.0,0,210.0,217.0,7.0,1.0333,1.0,1.0,1.0
MPLADS-001299,1,79.2,88.9,86.2,79.2,9.7,9.7,9.7,-10.8,0.88,0.0,0.0,0.0,0.88,0.0477,9.7,9.7,0,90.0,90.0,0.0,1.0,1.0,1.0,1.0
MPLADS-001300,1,98.6,95.7,82.5,98.6,2.9,-2.9,-2.9,8.6,1.3507,0.0,0.0,0.0,1.3507,0.032,0.0,0.0,0,60.0,73.0,13.0,1.2167,1.0,1.0,1.0
MPLADS-001301,1,82.2,85.9,86.4,82.2,3.7,3.7,3.7,-7.8,0.4326,0.0,0.0,0.0,0.4326,0.036,3.7,3.7,0,180.0,190.0,10.0,1.0556,1.0,1.0,1.0
MPLADS-001302,1,91.2,95.6,99.1,91.2,4.4,4.4,4.4,1.2,0.4406,0.0,0.0,0.0,0.4406,-0.006,4.4,4.4,0,210.0,207.0,0.0,0.9857,1.0,1.0,1.0
MPLADS-001303,1,74.4,91.6,94.3,74.4,17.2,17.2,17.2,-15.6,1.3527,0.0,0.0,0.0,1.3527,0.0427,17.2,17.2,0,60.0,55.0,0.0,0.9167,1.0,1.0,1.0
MPLADS-001304,1,33.0,93.5,98.3,33.0,60.5,60.5,60.5,-57.0,0.205,0.0,0.0,0.0,0.205,0.0232,60.5,60.5,0,150.0,161.0,11.0,1.0733,1.0,1.0,0.0
MPLADS-001305,1,79.5,93.9,92.3,79.5,14.4,14.4,14.4,-10.5,0.1849,0.0,0.0,0.0,0.1849,0.0392,14.4,14.4,0,400.0,430.0,30.0,1.075,1.0,1.0,1.0
MPLADS-001306,1,93.1,90.6,87.2,93.1,2.5,-2.5,-2.5,3.1,0.2345,0.0,0.0,0.0,0.2345,0.037,0.0,0.0,0,400.0,397.0,0.0,0.9925,0.0,0.0,0.0
MPLADS-001307,1,86.4,91.2,88.6,86.4,4.8,4.8,4.8,-3.6,0.5366,0.0,0.0,0.0,0.5366,0.0003,4.8,4.8,0,160.0,161.0,1.0,1.0063,1.0,1.0,1.0
MPLADS-001308,1,88.6,91.1,88.1,88.6,2.5,2.5,2.5,-1.4,0.4842,0.0,0.0,0.0,0.4842,-0.0121,2.5,2.5,0,180.0,183.0,3.0,1.0167,1.0,1.0,1.0
MPLADS-001309,1,98.5,96.9,81.5,98.5,1.6,-1.6,-1.6,8.5,1.6417,0.0,0.0,0.0,1.6417,0.0408,0.0,0.0,0,60.0,60.0,0.0,1.0,1.0,1.0,1.0
MPLADS-001310,1,34.6,93.5,89.0,34.6,58.9,58.9,58.9,-55.4,0.2957,0.0,0.0,0.0,0.2957,0.0405,58.9,58.9,0,120.0,117.0,0.0,0.975,1.0,1.0,0.0
MPLADS-001311,1,83.5,96.6,95.1,83.5,13.1,13.1,13.1,-6.5,0.2103,0.0,0.0,0.0,0.2103,0.0435,13.1,13.1,0,400.0,397.0,0.0,0.9925,1.0,1.0,1.0
MPLADS-001312,1,78.8,96.5,90.0,78.8,17.7,17.7,17.7,-11.2,0.4169,0.0,0.0,0.0,0.4169,-0.0098,17.7,17.7,0,180.0,189.0,9.0,1.05,1.0,1.0,1.0
MPLADS-001313,1,86.5,88.2,96.5,86.5,1.7,1.7,1.7,-3.5,0.3634,0.0,0.0,0.0,0.3634,0.044,1.7,1.7,0,210.0,238.0,28.0,1.1333,1.0,1.0,1.0
MPLADS-001314,1,92.3,96.2,97.0,92.3,3.9,3.9,3.9,2.3,0.5462,0.0,0.0,0.0,0.5462,0.0276,3.9,3.9,0,150.0,169.0,19.0,1.1267,1.0,1.0,1.0
MPLADS-001315,1,88.1,87.6,87.8,88.1,0.5,-0.5,-0.5,-1.9,0.4361,0.0,0.0,0.0,0.4361,-0.013,0.0,0.0,0,210.0,202.0,0.0,0.9619,1.0,1.0,1.0
MPLADS-001316,1,98.9,95.4,88.5,98.9,3.5,-3.5,-3.5,8.9,0.4732,0.0,0.0,0.0,0.4732,0.0286,0.0,0.0,0,180.0,209.0,29.0,1.1611,1.0,1.0,1.0
MPLADS-001317,1,88.1,95.4,88.2,88.1,7.3,7.3,7.3,-1.9,0.2288,0.0,0.0,0.0,0.2288,0.0459,7.3,7.3,0,400.0,385.0,0.0,0.9625,1.0,1.0,1.0
MPLADS-001318,1,82.4,88.0,81.1,82.4,5.6,5.6,5.6,-7.6,0.4226,0.0,0.0,0.0,0.4226,-0.0128,5.6,5.6,0,180.0,195.0,15.0,1.0833,1.0,1.0,1.0
MPLADS-001319,1,93.8,86.9,89.6,93.8,6.9,-6.9,-6.9,3.8,0.4404,0.0,0.0,0.0,0.4404,-0.005,0.0,0.0,0,180.0,213.0,33.0,1.1833,1.0,1.0,1.0
MPLADS-001320,1,76.4,96.2,80.9,76.4,19.8,19.8,19.8,-13.6,0.382,0.0,0.0,0.0,0.382,0.0466,19.8,19.8,0,210.0,200.0,0.0,0.9524,1.0,1.0,1.0
MPLADS-001321,1,96.6,90.8,99.3,96.6,5.8,-5.8,-5.8,6.6,0.8703,0.0,0.0,0.0,0.8703,0.014,0.0,0.0,0,90.0,111.0,21.0,1.2333,1.0,1.0,1.0
MPLADS-001322,1,75.0,93.0,85.2,75.0,18.0,18.0,18.0,-15.0,0.375,0.0,0.0,0.0,0.375,-0.011,18.0,18.0,0,180.0,200.0,20.0,1.1111,0.0,0.0,0.0
MPLADS-001323,1,72.8,87.1,81.0,72.8,14.3,14.3,14.3,-17.2,0.7745,0.0,0.0,0.0,0.7745,0.031,14.3,14.3,0,90.0,94.0,4.0,1.0444,1.0,1.0,1.0
MPLADS-001324,1,90.7,93.1,96.7,90.7,2.4,2.4,2.4,0.7,0.2212,0.0,0.0,0.0,0.2212,0.0391,2.4,2.4,0,400.0,410.0,10.0,1.025,1.0,1.0,1.0
MPLADS-001325,1,83.1,97.7,95.0,83.1,14.6,14.6,14.6,-6.9,0.5577,0.0,0.0,0.0,0.5577,0.0452,14.6,14.6,0,160.0,149.0,0.0,0.9313,1.0,1.0,1.0
MPLADS-001326,1,25.7,93.8,99.8,25.7,68.1,68.1,68.1,-64.3,0.3427,0.0,0.0,0.0,0.3427,0.0009,68.1,68.1,0,60.0,75.0,15.0,1.25,1.0,1.0,0.0
MPLADS-001327,1,70.7,93.3,80.5,70.7,22.6,22.6,22.6,-19.3,0.9554,0.0,0.0,0.0,0.9554,0.0433,22.6,22.6,0,60.0,74.0,14.0,1.2333,0.0,0.0,0.0
MPLADS-001328,1,95.7,89.0,80.6,95.7,6.7,-6.7,-6.7,5.7,0.7419,0.0,0.0,0.0,0.7419,0.04,0.0,0.0,0,120.0,129.0,9.0,1.075,1.0,1.0,1.0
MPLADS-001329,1,89.2,94.1,81.9,89.2,4.9,4.9,4.9,-0.8,0.2197,0.0,0.0,0.0,0.2197,0.0482,4.9,4.9,0,400.0,406.0,6.0,1.015,1.0,1.0,1.0
MPLADS-001330,1,73.2,94.5,90.0,73.2,21.3,21.3,21.3,-16.8,1.3811,0.0,0.0,0.0,1.3811,0.0335,21.3,21.3,0,60.0,53.0,0.0,0.8833,1.0,1.0,1.0
MPLADS-001331,1,89.9,90.0,95.3,89.9,0.1,0.1,0.1,-0.1,0.2311,0.0,0.0,0.0,0.2311,0.0198,0.1,0.1,0,400.0,389.0,0.0,0.9725,1.0,1.0,1.0
MPLADS-001332,1,82.6,92.6,83.0,82.6,10.0,10.0,10.0,-7.4,0.4589,0.0,0.0,0.0,0.4589,0.0467,10.0,10.0,0,180.0,180.0,0.0,1.0,1.0,1.0,1.0
MPLADS-001333,1,92.4,96.9,81.8,92.4,4.5,4.5,4.5,2.4,1.8118,0.0,0.0,0.0,1.8118,0.0139,4.5,4.5,0,60.0,51.0,0.0,0.85,1.0,1.0,1.0
MPLADS-001334,1,86.8,87.1,89.1,86.8,0.3,0.3,0.3,-3.2,0.4593,0.0,0.0,0.0,0.4593,-0.0197,0.3,0.3,0,160.0,189.0,29.0,1.1812,1.0,1.0,1.0
MPLADS-001335,1,71.2,93.1,89.9,71.2,21.9,21.9,21.9,-18.8,0.5983,0.0,0.0,0.0,0.5983,0.0214,21.9,21.9,0,90.0,119.0,29.0,1.3222,1.0,1.0,1.0
MPLADS-001336,1,76.5,89.5,91.1,76.5,13.0,13.0,13.0,-13.5,0.3462,0.0,0.0,0.0,0.3462,0.0381,13.0,13.0,0,210.0,221.0,11.0,1.0524,1.0,1.0,1.0
MPLADS-001337,1,70.9,89.4,94.9,70.9,18.5,18.5,18.5,-19.1,0.5672,0.0,0.0,0.0,0.5672,0.0077,18.5,18.5,0,120.0,125.0,5.0,1.0417,1.0,1.0,1.0
MPLADS-001338,1,71.1,135.3,81.7,71.1,64.2,64.2,64.2,-18.9,0.4362,0.0,0.0,0.0,0.4362,-0.0089,64.2,64.2,0,160.0,163.0,3.0,1.0188,1.0,1.0,1.0
MPLADS-001339,1,92.5,88.1,93.3,92.5,4.4,-4.4,-4.4,2.5,1.2013,0.0,0.0,0.0,1.2013,0.006,0.0,0.0,0,60.0,77.0,17.0,1.2833,1.0,1.0,1.0
MPLADS-001340,1,78.4,88.5,90.9,78.4,10.1,10.1,10.1,-11.6,0.35,0.0,0.0,0.0,0.35,0.0489,10.1,10.1,0,210.0,224.0,14.0,1.0667,1.0,1.0,1.0
MPLADS-001341,1,88.0,86.3,92.8,88.0,1.7,-1.7,-1.7,-2.0,0.5867,0.0,0.0,0.0,0.5867,-0.0104,0.0,0.0,0,120.0,150.0,30.0,1.25,1.0,1.0,1.0
MPLADS-001342,1,75.3,93.6,97.1,75.3,18.3,18.3,18.3,-14.7,0.3638,0.0,0.0,0.0,0.3638,0.0041,18.3,18.3,0,180.0,207.0,27.0,1.15,1.0,1.0,1.0
MPLADS-001343,1,78.3,87.6,83.1,78.3,9.3,9.3,9.3,-11.7,0.7183,0.0,0.0,0.0,0.7183,0.0205,9.3,9.3,0,90.0,109.0,19.0,1.2111,1.0,1.0,1.0
MPLADS-001344,1,99.4,93.5,87.1,99.4,5.9,-5.9,-5.9,9.4,0.8719,0.0,0.0,0.0,0.8719,0.0287,0.0,0.0,0,90.0,114.0,24.0,1.2667,1.0,1.0,1.0
MPLADS-001345,1,96.8,86.8,94.1,96.8,10.0,-10.0,-10.0,6.8,0.6585,0.0,0.0,0.0,0.6585,-0.0049,0.0,0.0,0,150.0,147.0,0.0,0.98,1.0,1.0,1.0
MPLADS-001346,1,23.2,94.4,97.8,23.2,71.2,71.2,71.2,-66.8,0.1468,0.0,0.0,0.0,0.1468,0.0037,71.2,71.2,0,150.0,158.0,8.0,1.0533,1.0,1.0,0.0
MPLADS-001347,1,89.6,97.4,96.6,89.6,7.8,7.8,7.8,-0.4,0.2212,0.0,0.0,0.0,0.2212,0.0205,7.8,7.8,0,400.0,405.0,5.0,1.0125,1.0,1.0,1.0
MPLADS-001348,1,96.1,91.6,95.1,96.1,4.5,-4.5,-4.5,6.1,0.5491,0.0,0.0,0.0,0.5491,0.0176,0.0,0.0,0,150.0,175.0,25.0,1.1667,1.0,1.0,1.0
MPLADS-001349,1,96.0,94.3,84.9,96.0,1.7,-1.7,-1.7,6.0,0.2394,0.0,0.0,0.0,0.2394,0.0304,0.0,0.0,0,400.0,401.0,1.0,1.0025,1.0,1.0,1.0
MPLADS-001350,1,84.8,93.1,98.9,84.8,8.3,8.3,8.3,-5.2,0.4511,0.0,0.0,0.0,0.4511,-0.0169,8.3,8.3,0,160.0,188.0,28.0,1.175,1.0,1.0,1.0
MPLADS-001351,1,78.0,97.3,91.6,78.0,19.3,19.3,19.3,-12.0,0.3842,0.0,0.0,0.0,0.3842,0.0096,19.3,19.3,0,210.0,203.0,0.0,0.9667,1.0,1.0,1.0
MPLADS-001352,1,43.8,93.1,85.7,43.8,49.3,49.3,49.3,-46.2,0.0608,0.0,0.0,0.0,0.0608,0.0378,49.3,49.3,4,180.0,720.0,540.0,4.0,1.0,1.0,1.0
MPLADS-001353,1,83.7,86.4,88.5,83.7,2.7,2.7,2.7,-6.3,0.4702,0.0,0.0,0.0,0.4702,-0.0185,2.7,2.7,0,180.0,178.0,0.0,0.9889,1.0,1.0,1.0
MPLADS-001354,1,93.7,85.2,89.3,93.7,8.5,-8.5,-8.5,3.7,1.5361,0.0,0.0,0.0,1.5361,-0.0185,0.0,0.0,0,60.0,61.0,1.0,1.0167,1.0,1.0,1.0
MPLADS-001355,1,95.8,91.3,87.8,95.8,4.5,-4.5,-4.5,5.8,0.2212,0.0,0.0,0.0,0.2212,0.0118,0.0,0.0,0,400.0,433.0,33.0,1.0825,1.0,1.0,1.0
MPLADS-001356,1,91.4,85.4,91.0,91.4,6.0,-6.0,-6.0,1.4,0.5974,0.0,0.0,0.0,0.5974,0.0408,0.0,0.0,0,150.0,153.0,3.0,1.02,1.0,1.0,1.0
MPLADS-001357,1,73.5,89.7,88.9,73.5,16.2,16.2,16.2,-16.5,0.6447,0.0,0.0,0.0,0.6447,0.0008,16.2,16.2,0,120.0,114.0,0.0,0.95,1.0,1.0,1.0
MPLADS-001358,1,78.5,92.0,93.8,78.5,13.5,13.5,13.5,-11.5,0.8351,0.0,0.0,0.0,0.8351,0.0407,13.5,13.5,0,60.0,94.0,34.0,1.5667,1.0,1.0,1.0
MPLADS-001359,1,95.7,88.8,97.4,95.7,6.9,-6.9,-6.9,5.7,0.5438,0.0,0.0,0.0,0.5438,0.0046,0.0,0.0,0,180.0,176.0,0.0,0.9778,1.0,1.0,1.0
MPLADS-001360,1,96.8,88.5,95.4,96.8,8.3,-8.3,-8.3,6.8,1.4448,0.0,0.0,0.0,1.4448,0.025,0.0,0.0,0,60.0,67.0,7.0,1.1167,1.0,1.0,1.0
MPLADS-001361,1,81.7,92.8,97.2,81.7,11.1,11.1,11.1,-8.3,0.3418,0.0,0.0,0.0,0.3418,0.0251,11.1,11.1,0,210.0,239.0,29.0,1.1381,1.0,1.0,1.0
MPLADS-001362,1,90.3,90.9,89.8,90.3,0.6,0.6,0.6,0.3,0.5644,0.0,0.0,0.0,0.5644,0.0351,0.6,0.6,0,150.0,160.0,10.0,1.0667,1.0,1.0,1.0
MPLADS-001363,1,71.5,140.9,96.1,71.5,69.4,69.4,69.4,-18.5,0.4441,0.0,0.0,0.0,0.4441,0.0226,69.4,69.4,0,150.0,161.0,11.0,1.0733,1.0,1.0,1.0
MPLADS-001364,1,20.3,67.1,86.5,20.3,46.8,46.8,46.8,-69.7,0.1372,0.0,0.0,0.0,0.1372,-0.0056,46.8,46.8,0,120.0,148.0,28.0,1.2333,1.0,1.0,1.0
MPLADS-001365,1,74.1,86.0,92.0,74.1,11.9,11.9,11.9,-15.9,0.65,0.0,0.0,0.0,0.65,-0.0117,11.9,11.9,0,90.0,114.0,24.0,1.2667,1.0,1.0,1.0
MPLADS-001366,1,97.1,94.4,94.8,97.1,2.7,-2.7,-2.7,7.1,0.4783,0.0,0.0,0.0,0.4783,-0.0034,0.0,0.0,0,210.0,203.0,0.0,0.9667,1.0,1.0,1.0
MPLADS-001367,1,86.2,86.1,87.8,86.2,0.1,-0.1,-0.1,-3.8,0.5193,0.0,0.0,0.0,0.5193,0.0426,0.0,0.0,0,180.0,166.0,0.0,0.9222,1.0,1.0,1.0
MPLADS-001368,1,77.2,91.8,98.9,77.2,14.6,14.6,14.6,-12.8,0.3203,0.0,0.0,0.0,0.3203,0.0253,14.6,14.6,0,210.0,241.0,31.0,1.1476,1.0,1.0,1.0
MPLADS-001369,1,76.8,85.2,94.1,76.8,8.4,8.4,8.4,-13.2,0.3979,0.0,0.0,0.0,0.3979,-0.0078,8.4,8.4,0,160.0,193.0,33.0,1.2063,1.0,1.0,1.0
MPLADS-001370,1,93.0,94.2,97.0,93.0,1.2,1.2,1.2,3.0,1.4091,0.0,0.0,0.0,1.4091,0.0283,1.2,1.2,0,60.0,66.0,6.0,1.1,1.0,1.0,1.0
MPLADS-001371,1,98.6,91.7,91.0,98.6,6.9,-6.9,-6.9,8.6,0.4955,0.0,0.0,0.0,0.4955,-0.0193,0.0,0.0,0,210.0,199.0,0.0,0.9476,1.0,1.0,1.0
MPLADS-001372,1,74.0,152.1,91.5,74.0,78.1,78.1,78.1,-16.0,0.5362,0.0,0.0,0.0,0.5362,0.039,78.1,78.1,0,120.0,138.0,18.0,1.15,1.0,1.0,1.0
MPLADS-001373,1,84.1,93.3,82.2,84.1,9.2,9.2,9.2,-5.9,0.7787,0.0,0.0,0.0,0.7787,-0.016,9.2,9.2,0,90.0,108.0,18.0,1.2,1.0,1.0,1.0
MPLADS-001374,1,81.4,96.9,93.0,81.4,15.5,15.5,15.5,-8.6,0.2005,0.0,0.0,0.0,0.2005,0.0309,15.5,15.5,0,400.0,406.0,6.0,1.015,1.0,1.0,1.0
MPLADS-001375,1,98.7,92.3,82.2,98.7,6.4,-6.4,-6.4,8.7,1.1612,0.0,0.0,0.0,1.1612,-0.0062,0.0,0.0,0,60.0,85.0,25.0,1.4167,1.0,1.0,1.0
MPLADS-001376,1,91.6,90.8,99.3,91.6,0.8,-0.8,-0.8,1.6,0.4746,0.0,0.0,0.0,0.4746,-0.0138,0.0,0.0,0,160.0,193.0,33.0,1.2063,0.0,0.0,0.0
MPLADS-001377,1,94.7,97.7,91.5,94.7,3.0,3.0,3.0,4.7,0.4154,0.0,0.0,0.0,0.4154,0.0142,3.0,3.0,0,210.0,228.0,18.0,1.0857,1.0,1.0,1.0
MPLADS-001378,1,89.8,90.2,99.4,89.8,0.4,0.4,0.4,-0.2,0.8718,0.0,0.0,0.0,0.8718,0.0296,0.4,0.4,0,90.0,103.0,13.0,1.1444,1.0,1.0,1.0
MPLADS-001379,1,81.1,89.9,99.6,81.1,8.8,8.8,8.8,-8.9,1.5302,0.0,0.0,0.0,1.5302,0.0371,8.8,8.8,0,60.0,53.0,0.0,0.8833,1.0,1.0,1.0
MPLADS-001380,1,81.9,91.5,94.8,81.9,9.6,9.6,9.6,-8.1,0.8806,0.0,0.0,0.0,0.8806,0.014,9.6,9.6,0,90.0,93.0,3.0,1.0333,1.0,1.0,1.0
MPLADS-001381,1,70.2,91.0,82.8,70.2,20.8,20.8,20.8,-19.8,0.4588,0.0,0.0,0.0,0.4588,0.0417,20.8,20.8,0,160.0,153.0,0.0,0.9563,1.0,1.0,1.0
MPLADS-001382,1,93.5,85.4,90.7,93.5,8.1,-8.1,-8.1,3.5,0.4895,0.0,0.0,0.0,0.4895,-0.0103,0.0,0.0,0,160.0,191.0,31.0,1.1938,1.0,1.0,1.0
MPLADS-001383,1,88.9,135.2,93.9,88.9,46.3,46.3,46.3,-1.1,0.4912,0.0,0.0,0.0,0.4912,0.0361,46.3,46.3,0,180.0,181.0,1.0,1.0056,1.0,1.0,1.0
MPLADS-001384,1,83.0,87.5,84.4,83.0,4.5,4.5,4.5,-7.0,0.4235,0.0,0.0,0.0,0.4235,-0.0181,4.5,4.5,0,210.0,196.0,0.0,0.9333,1.0,1.0,1.0
MPLADS-001385,1,73.5,87.6,97.2,73.5,14.1,14.1,14.1,-16.5,0.3451,0.0,0.0,0.0,0.3451,0.0144,14.1,14.1,0,180.0,213.0,33.0,1.1833,0.0,0.0,0.0
MPLADS-001386,1,90.3,86.6,98.2,90.3,3.7,-3.7,-3.7,0.3,1.0146,0.0,0.0,0.0,1.0146,0.0429,0.0,0.0,0,60.0,89.0,29.0,1.4833,1.0,1.0,1.0
MPLADS-001387,1,99.4,90.0,83.1,99.4,9.4,-9.4,-9.4,9.4,0.5813,0.0,0.0,0.0,0.5813,0.0344,0.0,0.0,0,150.0,171.0,21.0,1.14,1.0,1.0,1.0
MPLADS-001388,1,78.3,151.3,85.0,78.3,73.0,73.0,73.0,-11.7,0.3935,0.0,0.0,0.0,0.3935,-0.0148,73.0,73.0,0,180.0,199.0,19.0,1.1056,1.0,1.0,1.0
MPLADS-001389,1,78.3,90.4,95.7,78.3,12.1,12.1,12.1,-11.7,0.4804,0.0,0.0,0.0,0.4804,0.006,12.1,12.1,0,160.0,163.0,3.0,1.0188,1.0,1.0,1.0
MPLADS-001390,1,99.0,87.6,88.5,99.0,11.4,-11.4,-11.4,9.0,1.2857,0.0,0.0,0.0,1.2857,-0.0095,0.0,0.0,0,90.0,77.0,0.0,0.8556,1.0,1.0,1.0
MPLADS-001391,1,86.5,97.1,82.5,86.5,10.6,10.6,10.6,-3.5,0.2012,0.0,0.0,0.0,0.2012,-0.0073,10.6,10.6,0,400.0,430.0,30.0,1.075,1.0,1.0,1.0
MPLADS-001392,1,80.1,88.0,90.6,80.1,7.9,7.9,7.9,-9.9,0.6905,0.0,0.0,0.0,0.6905,0.0419,7.9,7.9,0,90.0,116.0,26.0,1.2889,1.0,1.0,1.0
MPLADS-001393,1,99.0,153.7,88.5,99.0,54.7,54.7,54.7,9.0,0.2538,0.0,0.0,0.0,0.2538,0.0423,54.7,54.7,0,400.0,390.0,0.0,0.975,1.0,1.0,1.0
MPLADS-001394,1,90.5,91.3,81.4,90.5,0.8,0.8,0.8,0.5,0.217,0.0,0.0,0.0,0.217,-0.0167,0.8,0.8,0,400.0,417.0,17.0,1.0425,1.0,1.0,1.0
MPLADS-001395,1,34.6,90.5,91.2,34.6,55.9,55.9,55.9,-55.4,0.2526,0.0,0.0,0.0,0.2526,0.006,55.9,55.9,0,150.0,137.0,0.0,0.9133,1.0,1.0,0.0
MPLADS-001396,1,54.4,88.9,83.0,54.4,34.5,34.5,34.5,-35.6,0.2267,0.0,0.0,0.0,0.2267,-0.0016,34.5,34.5,4,60.0,240.0,180.0,4.0,1.0,1.0,1.0
MPLADS-001397,1,99.3,94.9,89.9,99.3,4.4,-4.4,-4.4,9.3,0.5517,0.0,0.0,0.0,0.5517,0.0488,0.0,0.0,0,150.0,180.0,30.0,1.2,1.0,1.0,1.0
MPLADS-001398,1,75.8,90.2,82.5,75.8,14.4,14.4,14.4,-14.2,0.19,0.0,0.0,0.0,0.19,0.0189,14.4,14.4,0,400.0,399.0,0.0,0.9975,1.0,1.0,1.0
MPLADS-001399,1,89.4,93.3,86.2,89.4,3.9,3.9,3.9,-0.6,0.6574,0.0,0.0,0.0,0.6574,0.0354,3.9,3.9,0,120.0,136.0,16.0,1.1333,1.0,1.0,1.0
MPLADS-001400,1,0.0,100.0,97.0,0.0,100.0,100.0,100.0,-90.0,0.0,0.0,0.0,0.0,0.0,0.0026,100.0,100.0,0,210.0,222.0,12.0,1.0571,0.0,0.0,0.0
MPLADS-001401,1,71.1,89.3,81.6,71.1,18.2,18.2,18.2,-18.9,0.5228,0.0,0.0,0.0,0.5228,0.017,18.2,18.2,0,150.0,136.0,0.0,0.9067,1.0,1.0,1.0
MPLADS-001402,1,70.9,86.0,97.8,70.9,15.1,15.1,15.1,-19.1,0.4459,0.0,0.0,0.0,0.4459,0.0309,15.1,15.1,0,160.0,159.0,0.0,0.9938,1.0,1.0,1.0
MPLADS-001403,1,48.8,86.2,94.9,48.8,37.4,37.4,37.4,-41.2,0.2711,0.0,0.0,0.0,0.2711,0.0105,37.4,37.4,2,60.0,180.0,120.0,3.0,1.0,1.0,1.0
MPLADS-001404,1,90.8,97.9,82.1,90.8,7.1,7.1,7.1,0.8,1.1947,0.0,0.0,0.0,1.1947,0.0355,7.1,7.1,0,60.0,76.0,16.0,1.2667,1.0,1.0,1.0
MPLADS-001405,1,85.5,97.4,92.3,85.5,11.9,11.9,11.9,-4.5,0.75,0.0,0.0,0.0,0.75,0.0401,11.9,11.9,0,120.0,114.0,0.0,0.95,1.0,1.0,1.0
MPLADS-001406,1,75.0,93.0,84.6,75.0,18.0,18.0,18.0,-15.0,0.8523,0.0,0.0,0.0,0.8523,0.0419,18.0,18.0,0,60.0,88.0,28.0,1.4667,1.0,1.0,1.0
MPLADS-001407,1,31.3,93.4,83.1,31.3,62.1,62.1,62.1,-58.7,0.4013,0.0,0.0,0.0,0.4013,0.0126,62.1,62.1,0,60.0,78.0,18.0,1.3,1.0,1.0,0.0
MPLADS-001408,1,81.7,87.3,95.8,81.7,5.6,5.6,5.6,-8.3,0.1988,0.0,0.0,0.0,0.1988,0.0167,5.6,5.6,0,400.0,411.0,11.0,1.0275,1.0,1.0,1.0
MPLADS-001409,1,70.3,93.3,95.6,70.3,23.0,23.0,23.0,-19.7,0.5326,0.0,0.0,0.0,0.5326,-0.0128,23.0,23.0,0,120.0,132.0,12.0,1.1,1.0,1.0,1.0
MPLADS-001410,1,70.3,86.6,90.8,70.3,16.3,16.3,16.3,-19.7,0.808,0.0,0.0,0.0,0.808,0.0112,16.3,16.3,0,90.0,87.0,0.0,0.9667,1.0,1.0,1.0
MPLADS-001411,1,55.3,89.6,99.7,55.3,34.3,34.3,34.3,-34.7,0.1152,0.0,0.0,0.0,0.1152,0.0215,34.3,34.3,2,160.0,480.0,320.0,3.0,1.0,1.0,1.0
MPLADS-001412,1,95.0,87.2,80.2,95.0,7.8,-7.8,-7.8,5.0,0.8261,0.0,0.0,0.0,0.8261,0.0365,0.0,0.0,0,90.0,115.0,25.0,1.2778,1.0,1.0,1.0
MPLADS-001413,1,86.7,89.6,81.5,86.7,2.9,2.9,2.9,-3.3,0.7474,0.0,0.0,0.0,0.7474,0.0172,2.9,2.9,0,90.0,116.0,26.0,1.2889,1.0,1.0,1.0
MPLADS-001414,1,92.4,91.0,92.1,92.4,1.4,-1.4,-1.4,2.4,0.8035,0.0,0.0,0.0,0.8035,0.0468,0.0,0.0,0,90.0,115.0,25.0,1.2778,0.0,0.0,0.0
MPLADS-001415,1,98.3,85.4,89.7,98.3,12.9,-12.9,-12.9,8.3,0.5782,0.0,0.0,0.0,0.5782,0.0369,0.0,0.0,0,160.0,170.0,10.0,1.0625,1.0,1.0,1.0
MPLADS-001416,1,92.3,97.7,86.8,92.3,5.4,5.4,5.4,2.3,1.1538,0.0,0.0,0.0,1.1538,0.04,5.4,5.4,0,60.0,80.0,20.0,1.3333,1.0,1.0,1.0
MPLADS-001417,1,84.9,90.9,94.5,84.9,6.0,6.0,6.0,-5.1,0.8576,0.0,0.0,0.0,0.8576,0.0391,6.0,6.0,0,90.0,99.0,9.0,1.1,1.0,1.0,1.0
MPLADS-001418,1,94.5,90.5,86.7,94.5,4.0,-4.0,-4.0,4.5,0.8363,0.0,0.0,0.0,0.8363,-0.0005,0.0,0.0,0,120.0,113.0,0.0,0.9417,1.0,1.0,1.0
MPLADS-001419,1,26.2,95.6,98.1,26.2,69.4,69.4,69.4,-63.8,0.1832,0.0,0.0,0.0,0.1832,0.0089,69.4,69.4,0,120.0,143.0,23.0,1.1917,1.0,1.0,0.0
MPLADS-001420,1,30.7,95.1,94.9,30.7,64.4,64.4,64.4,-59.3,0.5203,0.0,0.0,0.0,0.5203,0.0345,64.4,64.4,0,60.0,59.0,0.0,0.9833,1.0,1.0,0.0
MPLADS-001421,1,89.4,90.2,96.5,89.4,0.8,0.8,0.8,-0.6,1.6556,0.0,0.0,0.0,1.6556,0.0269,0.8,0.8,0,60.0,54.0,0.0,0.9,1.0,1.0,1.0
MPLADS-001422,1,79.5,88.9,95.7,79.5,9.4,9.4,9.4,-10.5,0.523,0.0,0.0,0.0,0.523,-0.0167,9.4,9.4,0,150.0,152.0,2.0,1.0133,1.0,1.0,1.0
MPLADS-001423,1,32.2,92.9,83.2,32.2,60.7,60.7,60.7,-57.8,0.1412,0.0,0.0,0.0,0.1412,-0.0191,60.7,60.7,0,210.0,228.0,18.0,1.0857,1.0,1.0,0.0
MPLADS-001424,1,95.1,93.0,84.9,95.1,2.1,-2.1,-2.1,5.1,1.1321,0.0,0.0,0.0,1.1321,0.035,0.0,0.0,0,60.0,84.0,24.0,1.4,1.0,1.0,1.0
MPLADS-001425,1,70.2,96.3,89.1,70.2,26.1,26.1,26.1,-19.8,0.5802,0.0,0.0,0.0,0.5802,-0.0154,26.1,26.1,0,120.0,121.0,1.0,1.0083,1.0,1.0,1.0
MPLADS-001426,1,72.6,95.9,82.6,72.6,23.3,23.3,23.3,-17.4,0.5299,0.0,0.0,0.0,0.5299,0.0455,23.3,23.3,0,150.0,137.0,0.0,0.9133,1.0,1.0,1.0
MPLADS-001427,1,85.1,91.5,85.3,85.1,6.4,6.4,6.4,-4.9,1.0012,0.0,0.0,0.0,1.0012,0.0472,6.4,6.4,0,90.0,85.0,0.0,0.9444,1.0,1.0,1.0
MPLADS-001428,1,73.0,97.4,84.3,73.0,24.4,24.4,24.4,-17.0,0.3561,0.0,0.0,0.0,0.3561,-0.0064,24.4,24.4,0,210.0,205.0,0.0,0.9762,1.0,1.0,1.0
MPLADS-001429,1,81.6,88.6,94.4,81.6,7.0,7.0,7.0,-8.4,0.9488,0.0,0.0,0.0,0.9488,-0.0058,7.0,7.0,0,90.0,86.0,0.0,0.9556,1.0,1.0,1.0
MPLADS-001430,1,77.5,87.8,80.7,77.5,10.3,10.3,10.3,-12.5,0.7524,0.0,0.0,0.0,0.7524,-0.0026,10.3,10.3,0,90.0,103.0,13.0,1.1444,1.0,1.0,1.0
MPLADS-001431,1,98.9,93.6,96.1,98.9,5.3,-5.3,-5.3,8.9,0.471,0.0,0.0,0.0,0.471,0.0091,0.0,0.0,0,210.0,210.0,0.0,1.0,1.0,1.0,1.0
MPLADS-001432,1,79.6,88.5,98.3,79.6,8.9,8.9,8.9,-10.4,0.5528,0.0,0.0,0.0,0.5528,0.0457,8.9,8.9,0,150.0,144.0,0.0,0.96,1.0,1.0,1.0
MPLADS-001433,1,86.9,87.3,94.2,86.9,0.4,0.4,0.4,-3.1,0.5431,0.0,0.0,0.0,0.5431,0.0233,0.4,0.4,0,150.0,160.0,10.0,1.0667,1.0,1.0,1.0
MPLADS-001434,1,86.9,95.1,89.3,86.9,8.2,8.2,8.2,-3.1,1.0728,0.0,0.0,0.0,1.0728,-0.0045,8.2,8.2,0,90.0,81.0,0.0,0.9,1.0,1.0,1.0
MPLADS-001435,1,95.7,90.4,93.8,95.7,5.3,-5.3,-5.3,5.7,1.1,0.0,0.0,0.0,1.1,0.0269,0.0,0.0,0,90.0,87.0,0.0,0.9667,1.0,1.0,1.0
MPLADS-001436,1,87.4,95.8,95.7,87.4,8.4,8.4,8.4,-2.6,0.6882,0.0,0.0,0.0,0.6882,0.0118,8.4,8.4,0,120.0,127.0,7.0,1.0583,1.0,1.0,1.0
MPLADS-001437,1,83.5,90.4,99.3,83.5,6.9,6.9,6.9,-6.5,1.4911,0.0,0.0,0.0,1.4911,0.0474,6.9,6.9,0,60.0,56.0,0.0,0.9333,1.0,1.0,1.0
MPLADS-001438,1,78.4,92.6,94.7,78.4,14.2,14.2,14.2,-11.6,0.1936,0.0,0.0,0.0,0.1936,-0.0039,14.2,14.2,0,400.0,405.0,5.0,1.0125,1.0,1.0,1.0
MPLADS-001439,1,91.7,92.2,93.1,91.7,0.5,0.5,0.5,1.7,0.4826,0.0,0.0,0.0,0.4826,0.0356,0.5,0.5,0,180.0,190.0,10.0,1.0556,1.0,1.0,1.0
MPLADS-001440,1,33.7,88.6,95.0,33.7,54.9,54.9,54.9,-56.3,0.1893,0.0,0.0,0.0,0.1893,-0.0083,54.9,54.9,0,180.0,178.0,0.0,0.9889,1.0,1.0,0.0
MPLADS-001441,1,92.9,89.0,89.2,92.9,3.9,-3.9,-3.9,2.9,0.577,0.0,0.0,0.0,0.577,0.0233,0.0,0.0,0,150.0,161.0,11.0,1.0733,1.0,1.0,1.0
MPLADS-001442,1,74.6,93.3,80.9,74.6,18.7,18.7,18.7,-15.4,0.5526,0.0,0.0,0.0,0.5526,-0.0161,18.7,18.7,0,150.0,135.0,0.0,0.9,1.0,1.0,1.0
MPLADS-001443,1,97.0,95.3,81.9,97.0,1.7,-1.7,-1.7,7.0,1.3857,0.0,0.0,0.0,1.3857,0.0253,0.0,0.0,0,60.0,70.0,10.0,1.1667,1.0,1.0,1.0
MPLADS-001444,1,94.5,90.7,82.0,94.5,3.8,-3.8,-3.8,4.5,0.5798,0.0,0.0,0.0,0.5798,0.0436,0.0,0.0,0,160.0,163.0,3.0,1.0188,1.0,1.0,1.0
MPLADS-001445,1,51.2,89.5,93.0,51.2,38.3,38.3,38.3,-38.8,0.1422,0.0,0.0,0.0,0.1422,-0.0041,38.3,38.3,2,120.0,360.0,240.0,3.0,1.0,1.0,1.0
MPLADS-001446,1,84.1,88.6,84.1,84.1,4.5,4.5,4.5,-5.9,0.642,0.0,0.0,0.0,0.642,0.037,4.5,4.5,0,120.0,131.0,11.0,1.0917,1.0,1.0,1.0
MPLADS-001447,1,91.2,95.7,86.4,91.2,4.5,4.5,4.5,1.2,0.76,0.0,0.0,0.0,0.76,0.0359,4.5,4.5,0,90.0,120.0,30.0,1.3333,0.0,0.0,0.0
MPLADS-001448,1,99.5,89.3,99.8,99.5,10.2,-10.2,-10.2,9.5,0.5958,0.0,0.0,0.0,0.5958,0.02,0.0,0.0,0,160.0,167.0,7.0,1.0437,1.0,1.0,1.0
MPLADS-001449,1,76.6,95.6,87.3,76.6,19.0,19.0,19.0,-13.4,0.5141,0.0,0.0,0.0,0.5141,0.0199,19.0,19.0,0,120.0,149.0,29.0,1.2417,1.0,1.0,1.0
MPLADS-001450,1,80.7,89.5,95.7,80.7,8.8,8.8,8.8,-9.3,0.5012,0.0,0.0,0.0,0.5012,-0.0051,8.8,8.8,0,160.0,161.0,1.0,1.0063,1.0,1.0,1.0
MPLADS-001451,1,91.1,93.0,85.6,91.1,1.9,1.9,1.9,1.1,0.4318,0.0,0.0,0.0,0.4318,-0.0052,1.9,1.9,0,180.0,211.0,31.0,1.1722,1.0,1.0,1.0
MPLADS-001452,1,75.7,92.5,94.5,75.7,16.8,16.8,16.8,-14.3,0.3711,0.0,0.0,0.0,0.3711,0.0458,16.8,16.8,0,180.0,204.0,24.0,1.1333,1.0,1.0,1.0
MPLADS-001453,1,82.2,95.4,96.4,82.2,13.2,13.2,13.2,-7.8,0.3703,0.0,0.0,0.0,0.3703,0.0377,13.2,13.2,0,210.0,222.0,12.0,1.0571,1.0,1.0,1.0
MPLADS-001454,1,94.2,87.2,84.6,94.2,7.0,-7.0,-7.0,4.2,0.785,0.0,0.0,0.0,0.785,-0.0026,0.0,0.0,0,90.0,120.0,30.0,1.3333,1.0,1.0,1.0
MPLADS-001455,1,87.8,86.0,99.1,87.8,1.8,-1.8,-1.8,-2.2,1.9511,0.0,0.0,0.0,1.9511,0.0027,0.0,0.0,0,60.0,45.0,0.0,0.75,1.0,1.0,1.0
MPLADS-001456,1,73.0,89.2,87.7,73.0,16.2,16.2,16.2,-17.0,0.1881,0.0,0.0,0.0,0.1881,0.0178,16.2,16.2,0,400.0,388.0,0.0,0.97,1.0,1.0,1.0
MPLADS-001457,1,83.9,88.9,86.4,83.9,5.0,5.0,5.0,-6.1,0.4073,0.0,0.0,0.0,0.4073,0.0322,5.0,5.0,0,210.0,206.0,0.0,0.981,1.0,1.0,1.0
MPLADS-001458,1,93.8,93.2,80.7,93.8,0.6,-0.6,-0.6,3.8,1.0907,0.0,0.0,0.0,1.0907,0.0029,0.0,0.0,0,60.0,86.0,26.0,1.4333,1.0,1.0,1.0
MPLADS-001459,1,95.0,126.9,84.8,95.0,31.9,31.9,31.9,5.0,0.4922,0.0,0.0,0.0,0.4922,0.0234,31.9,31.9,0,160.0,193.0,33.0,1.2063,1.0,1.0,1.0
MPLADS-001460,1,96.0,90.4,90.2,96.0,5.6,-5.6,-5.6,6.0,1.8824,0.0,0.0,0.0,1.8824,-0.016,0.0,0.0,0,60.0,51.0,0.0,0.85,1.0,1.0,1.0
MPLADS-001461,1,23.9,89.2,99.9,23.9,65.3,65.3,65.3,-66.1,0.1522,0.0,0.0,0.0,0.1522,-0.0063,65.3,65.3,0,150.0,157.0,7.0,1.0467,1.0,1.0,0.0
MPLADS-001462,1,80.6,96.4,80.3,80.6,15.8,15.8,15.8,-9.4,0.5167,0.0,0.0,0.0,0.5167,0.0193,15.8,15.8,0,150.0,156.0,6.0,1.04,1.0,1.0,1.0
MPLADS-001463,1,77.2,88.4,97.7,77.2,11.2,11.2,11.2,-12.8,0.4462,0.0,0.0,0.0,0.4462,0.0028,11.2,11.2,0,160.0,173.0,13.0,1.0813,1.0,1.0,1.0
MPLADS-001464,1,85.7,140.4,82.6,85.7,54.7,54.7,54.7,-4.3,0.5071,0.0,0.0,0.0,0.5071,0.0008,54.7,54.7,0,150.0,169.0,19.0,1.1267,1.0,1.0,1.0
MPLADS-001465,1,92.0,92.7,80.5,92.0,0.7,0.7,0.7,2.0,0.2283,0.0,0.0,0.0,0.2283,-0.0196,0.7,0.7,0,400.0,403.0,3.0,1.0075,1.0,1.0,1.0
MPLADS-001466,1,13.3,57.7,89.0,13.3,44.4,44.4,44.4,-76.7,0.0924,0.0,0.0,0.0,0.0924,-0.002,44.4,44.4,0,120.0,144.0,24.0,1.2,1.0,1.0,1.0
MPLADS-001467,1,81.8,92.6,92.4,81.8,10.8,10.8,10.8,-8.2,0.5681,0.0,0.0,0.0,0.5681,-0.0002,10.8,10.8,0,150.0,144.0,0.0,0.96,1.0,1.0,1.0
MPLADS-001468,1,94.3,85.3,86.0,94.3,9.0,-9.0,-9.0,4.3,0.5451,0.0,0.0,0.0,0.5451,0.0388,0.0,0.0,0,180.0,173.0,0.0,0.9611,1.0,1.0,1.0
MPLADS-001469,1,88.6,86.4,94.9,88.6,2.2,-2.2,-2.2,-1.4,0.2065,0.0,0.0,0.0,0.2065,0.0202,0.0,0.0,0,400.0,429.0,29.0,1.0725,1.0,1.0,1.0
MPLADS-001470,1,89.4,158.9,93.7,89.4,69.5,69.5,69.5,-0.6,1.419,0.0,0.0,0.0,1.419,0.0417,69.5,69.5,0,60.0,63.0,3.0,1.05,1.0,1.0,1.0
MPLADS-001471,1,88.5,94.9,98.8,88.5,6.4,6.4,6.4,-1.5,1.0412,0.0,0.0,0.0,1.0412,0.0481,6.4,6.4,0,60.0,85.0,25.0,1.4167,1.0,1.0,1.0
MPLADS-001472,1,86.2,93.9,93.8,86.2,7.7,7.7,7.7,-3.8,0.4205,0.0,0.0,0.0,0.4205,0.0279,7.7,7.7,0,210.0,205.0,0.0,0.9762,1.0,1.0,1.0
MPLADS-001473,1,90.5,96.1,91.9,90.5,5.6,5.6,5.6,0.5,0.4289,0.0,0.0,0.0,0.4289,-0.0095,5.6,5.6,0,210.0,211.0,1.0,1.0048,1.0,1.0,1.0
MPLADS-001474,1,87.7,85.4,92.8,87.7,2.3,-2.3,-2.3,-2.3,0.8598,0.0,0.0,0.0,0.8598,0.0116,0.0,0.0,0,90.0,102.0,12.0,1.1333,1.0,1.0,1.0
MPLADS-001475,1,84.4,95.9,93.2,84.4,11.5,11.5,11.5,-5.6,0.6029,0.0,0.0,0.0,0.6029,-0.0045,11.5,11.5,0,120.0,140.0,20.0,1.1667,1.0,1.0,1.0
MPLADS-001476,1,88.2,97.4,86.5,88.2,9.2,9.2,9.2,-1.8,0.424,0.0,0.0,0.0,0.424,0.0465,9.2,9.2,0,180.0,208.0,28.0,1.1556,1.0,1.0,1.0
MPLADS-001477,1,76.8,93.1,88.1,76.8,16.3,16.3,16.3,-13.2,0.4364,0.0,0.0,0.0,0.4364,-0.0115,16.3,16.3,0,180.0,176.0,0.0,0.9778,1.0,1.0,1.0
MPLADS-001478,1,74.9,88.7,80.0,74.9,13.8,13.8,13.8,-15.1,0.5428,0.0,0.0,0.0,0.5428,0.0315,13.8,13.8,0,150.0,138.0,0.0,0.92,1.0,1.0,1.0
MPLADS-001479,1,80.2,97.8,96.3,80.2,17.6,17.6,17.6,-9.8,0.4289,0.0,0.0,0.0,0.4289,-0.0025,17.6,17.6,0,160.0,187.0,27.0,1.1687,1.0,1.0,1.0
MPLADS-001480,1,72.3,92.1,80.7,72.3,19.8,19.8,19.8,-17.7,0.6821,0.0,0.0,0.0,0.6821,0.0086,19.8,19.8,0,120.0,106.0,0.0,0.8833,1.0,1.0,1.0
MPLADS-001481,1,98.3,95.0,94.7,98.3,3.3,-3.3,-3.3,8.3,0.6687,0.0,0.0,0.0,0.6687,0.0226,0.0,0.0,0,160.0,147.0,0.0,0.9187,1.0,1.0,1.0
MPLADS-001482,1,69.6,87.1,93.1,69.6,17.5,17.5,17.5,-20.4,0.1105,0.0,0.0,0.0,0.1105,0.0394,17.5,17.5,4,210.0,630.0,420.0,3.0,1.0,1.0,1.0
MPLADS-001483,1,87.3,97.6,89.5,87.3,10.3,10.3,10.3,-2.7,0.7726,0.0,0.0,0.0,0.7726,0.0287,10.3,10.3,0,120.0,113.0,0.0,0.9417,1.0,1.0,1.0
MPLADS-001484,1,26.2,87.3,93.1,26.2,61.1,61.1,61.1,-63.8,0.2202,0.0,0.0,0.0,0.2202,0.0318,61.1,61.1,0,120.0,119.0,0.0,0.9917,1.0,1.0,0.0
MPLADS-001485,1,96.7,88.5,99.0,96.7,8.2,-8.2,-8.2,6.7,0.8712,0.0,0.0,0.0,0.8712,-0.0157,0.0,0.0,0,90.0,111.0,21.0,1.2333,1.0,1.0,1.0
MPLADS-001486,1,90.6,89.1,97.1,90.6,1.5,-1.5,-1.5,0.6,0.5593,0.0,0.0,0.0,0.5593,0.0406,0.0,0.0,0,160.0,162.0,2.0,1.0125,1.0,1.0,1.0
MPLADS-001487,1,72.9,94.9,92.0,72.9,22.0,22.0,22.0,-17.1,0.7924,0.0,0.0,0.0,0.7924,0.04,22.0,22.0,0,60.0,92.0,32.0,1.5333,1.0,1.0,1.0
MPLADS-001488,1,70.1,92.5,99.2,70.1,22.4,22.4,22.4,-19.9,0.4124,0.0,0.0,0.0,0.4124,0.0278,22.4,22.4,0,150.0,170.0,20.0,1.1333,1.0,1.0,1.0
MPLADS-001489,1,72.1,90.1,91.9,72.1,18.0,18.0,18.0,-17.9,0.4423,0.0,0.0,0.0,0.4423,0.0422,18.0,18.0,0,150.0,163.0,13.0,1.0867,1.0,1.0,1.0
MPLADS-001490,1,50.7,88.7,80.9,50.7,38.0,38.0,38.0,-39.3,0.0939,0.0,0.0,0.0,0.0939,0.03,38.0,38.0,2,180.0,540.0,360.0,3.0,1.0,1.0,1.0
MPLADS-001491,1,96.2,91.6,87.1,96.2,4.6,-4.6,-4.6,6.2,1.1732,0.0,0.0,0.0,1.1732,-0.0107,0.0,0.0,0,60.0,82.0,22.0,1.3667,1.0,1.0,1.0
MPLADS-001492,1,87.6,93.5,90.8,87.6,5.9,5.9,5.9,-2.4,0.4402,0.0,0.0,0.0,0.4402,0.0358,5.9,5.9,0,210.0,199.0,0.0,0.9476,1.0,1.0,1.0
MPLADS-001493,1,0.0,100.0,95.5,0.0,100.0,100.0,100.0,-90.0,0.0,0.0,0.0,0.0,0.0,-0.0016,100.0,100.0,0,210.0,199.0,0.0,0.9476,0.0,0.0,0.0
MPLADS-001494,1,71.0,91.7,85.7,71.0,20.7,20.7,20.7,-19.0,0.3142,0.0,0.0,0.0,0.3142,-0.0122,20.7,20.7,0,210.0,226.0,16.0,1.0762,1.0,1.0,1.0
MPLADS-001495,1,92.7,89.8,85.5,92.7,2.9,-2.9,-2.9,2.7,0.2191,0.0,0.0,0.0,0.2191,0.0108,0.0,0.0,0,400.0,423.0,23.0,1.0575,1.0,1.0,1.0
MPLADS-001496,1,88.0,88.5,84.7,88.0,0.5,0.5,0.5,-2.0,0.88,0.0,0.0,0.0,0.88,0.0193,0.5,0.5,0,90.0,100.0,10.0,1.1111,1.0,1.0,1.0
MPLADS-001497,1,83.7,96.2,90.8,83.7,12.5,12.5,12.5,-6.3,0.4063,0.0,0.0,0.0,0.4063,-0.0002,12.5,12.5,0,210.0,206.0,0.0,0.981,1.0,1.0,1.0
MPLADS-001498,1,83.3,97.7,80.8,83.3,14.4,14.4,14.4,-6.7,1.4119,0.0,0.0,0.0,1.4119,0.0236,14.4,14.4,0,60.0,59.0,0.0,0.9833,1.0,1.0,1.0
MPLADS-001499,1,84.1,95.7,80.5,84.1,11.6,11.6,11.6,-5.9,0.2046,0.0,0.0,0.0,0.2046,0.0062,11.6,11.6,0,400.0,411.0,11.0,1.0275,1.0,1.0,1.0
MPLADS-001500,1,18.8,91.7,93.7,18.8,72.9,72.9,72.9,-71.2,0.1146,0.0,0.0,0.0,0.1146,0.0177,72.9,72.9,0,150.0,164.0,14.0,1.0933,1.0,1.0,0.0
MPLADS-001501,1,92.7,132.7,83.5,92.7,40.0,40.0,40.0,2.7,0.2318,0.0,0.0,0.0,0.2318,0.041,40.0,40.0,0,400.0,400.0,0.0,1.0,1.0,1.0,1.0
MPLADS-001502,1,88.8,85.5,88.9,88.8,3.3,-3.3,-3.3,-1.2,0.37,0.0,0.0,0.0,0.37,-0.0127,0.0,0.0,0,210.0,240.0,30.0,1.1429,1.0,1.0,1.0
MPLADS-001503,1,97.0,97.1,95.9,97.0,0.1,0.1,0.1,7.0,0.8291,0.0,0.0,0.0,0.8291,0.0403,0.1,0.1,0,120.0,117.0,0.0,0.975,1.0,1.0,1.0
MPLADS-001504,1,82.2,91.4,89.6,82.2,9.2,9.2,9.2,-7.8,0.5554,0.0,0.0,0.0,0.5554,-0.0024,9.2,9.2,0,150.0,148.0,0.0,0.9867,1.0,1.0,1.0
MPLADS-001505,1,85.0,92.6,96.5,85.0,7.6,7.6,7.6,-5.0,0.6204,0.0,0.0,0.0,0.6204,0.0041,7.6,7.6,0,150.0,137.0,0.0,0.9133,1.0,1.0,1.0
MPLADS-001506,1,79.6,140.7,85.1,79.6,61.1,61.1,61.1,-10.4,0.6472,0.0,0.0,0.0,0.6472,0.0367,61.1,61.1,0,120.0,123.0,3.0,1.025,1.0,1.0,1.0
MPLADS-001507,1,16.3,47.8,96.3,16.3,31.5,31.5,31.5,-73.7,0.0765,0.0,0.0,0.0,0.0765,0.0429,31.5,31.5,0,180.0,213.0,33.0,1.1833,1.0,1.0,1.0
MPLADS-001508,1,93.6,91.3,89.2,93.6,2.3,-2.3,-2.3,3.6,0.4179,0.0,0.0,0.0,0.4179,0.0003,0.0,0.0,0,210.0,224.0,14.0,1.0667,1.0,1.0,1.0
MPLADS-001509,1,10.1,40.1,84.1,10.1,30.0,30.0,30.0,-79.9,0.0605,0.0,0.0,0.0,0.0605,-0.0055,30.0,30.0,0,180.0,167.0,0.0,0.9278,1.0,1.0,1.0
MPLADS-001510,1,72.7,159.4,86.0,72.7,86.7,86.7,86.7,-17.3,0.4912,0.0,0.0,0.0,0.4912,0.0118,86.7,86.7,0,160.0,148.0,0.0,0.925,1.0,1.0,1.0
MPLADS-001511,1,80.6,89.0,81.9,80.6,8.4,8.4,8.4,-9.4,0.4333,0.0,0.0,0.0,0.4333,0.0236,8.4,8.4,0,160.0,186.0,26.0,1.1625,1.0,1.0,1.0
MPLADS-001512,1,86.3,91.5,81.9,86.3,5.2,5.2,5.2,-3.7,1.0274,0.0,0.0,0.0,1.0274,0.0,5.2,5.2,0,90.0,84.0,0.0,0.9333,1.0,1.0,1.0
MPLADS-001513,1,87.2,96.5,98.3,87.2,9.3,9.3,9.3,-2.8,0.8226,0.0,0.0,0.0,0.8226,-0.0135,9.3,9.3,0,90.0,106.0,16.0,1.1778,1.0,1.0,1.0
MPLADS-001514,1,62.2,88.8,95.8,62.2,26.6,26.6,26.6,-27.8,0.0864,0.0,0.0,0.0,0.0864,0.027,26.6,26.6,4,180.0,720.0,540.0,4.0,1.0,1.0,1.0
MPLADS-001515,1,76.6,98.0,85.3,76.6,21.4,21.4,21.4,-13.4,0.3928,0.0,0.0,0.0,0.3928,0.0066,21.4,21.4,0,210.0,195.0,0.0,0.9286,1.0,1.0,1.0
MPLADS-001516,1,91.0,90.1,87.5,91.0,0.9,-0.9,-0.9,1.0,0.6319,0.0,0.0,0.0,0.6319,0.017,0.0,0.0,0,120.0,144.0,24.0,1.2,1.0,1.0,1.0
MPLADS-001517,1,90.4,87.5,93.9,90.4,2.9,-2.9,-2.9,0.4,0.388,0.0,0.0,0.0,0.388,0.0213,0.0,0.0,0,210.0,233.0,23.0,1.1095,1.0,1.0,1.0
MPLADS-001518,1,80.4,92.4,98.9,80.4,12.0,12.0,12.0,-9.6,0.659,0.0,0.0,0.0,0.659,0.0413,12.0,12.0,0,120.0,122.0,2.0,1.0167,1.0,1.0,1.0
MPLADS-001519,1,77.2,89.1,90.0,77.2,11.9,11.9,11.9,-12.8,0.4063,0.0,0.0,0.0,0.4063,-0.0157,11.9,11.9,0,180.0,190.0,10.0,1.0556,1.0,1.0,1.0
MPLADS-001520,1,95.0,97.1,99.0,95.0,2.1,2.1,2.1,5.0,0.4167,0.0,0.0,0.0,0.4167,-0.0092,2.1,2.1,0,210.0,228.0,18.0,1.0857,1.0,1.0,1.0
MPLADS-001521,1,85.8,94.0,87.2,85.8,8.2,8.2,8.2,-4.2,0.2211,0.0,0.0,0.0,0.2211,0.0057,8.2,8.2,0,400.0,388.0,0.0,0.97,1.0,1.0,1.0
MPLADS-001522,1,90.9,95.0,96.0,90.9,4.1,4.1,4.1,0.9,0.5903,0.0,0.0,0.0,0.5903,0.028,4.1,4.1,0,120.0,154.0,34.0,1.2833,1.0,1.0,1.0
MPLADS-001523,1,76.9,88.3,87.5,76.9,11.4,11.4,11.4,-13.1,1.3491,0.0,0.0,0.0,1.3491,0.0208,11.4,11.4,0,60.0,57.0,0.0,0.95,1.0,1.0,1.0
MPLADS-001524,1,70.8,96.6,97.9,70.8,25.8,25.8,25.8,-19.2,0.5284,0.0,0.0,0.0,0.5284,0.042,25.8,25.8,0,120.0,134.0,14.0,1.1167,1.0,1.0,1.0
MPLADS-001525,1,81.3,87.2,95.9,81.3,5.9,5.9,5.9,-8.7,0.4085,0.0,0.0,0.0,0.4085,0.0494,5.9,5.9,0,180.0,199.0,19.0,1.1056,1.0,1.0,1.0
MPLADS-001526,1,71.3,96.2,84.5,71.3,24.9,24.9,24.9,-18.7,0.1774,0.0,0.0,0.0,0.1774,0.0319,24.9,24.9,0,400.0,402.0,2.0,1.005,1.0,1.0,1.0
MPLADS-001527,1,81.9,86.6,89.5,81.9,4.7,4.7,4.7,-8.1,0.2084,0.0,0.0,0.0,0.2084,0.0397,4.7,4.7,0,400.0,393.0,0.0,0.9825,1.0,1.0,1.0
MPLADS-001528,1,81.6,87.9,89.6,81.6,6.3,6.3,6.3,-8.4,0.2103,0.0,0.0,0.0,0.2103,0.0145,6.3,6.3,0,400.0,388.0,0.0,0.97,1.0,1.0,1.0
MPLADS-001529,1,96.0,87.4,88.8,96.0,8.6,-8.6,-8.6,6.0,0.5614,0.0,0.0,0.0,0.5614,-0.0027,0.0,0.0,0,160.0,171.0,11.0,1.0688,1.0,1.0,1.0
MPLADS-001530,1,78.7,90.5,83.8,78.7,11.8,11.8,11.8,-11.3,0.7567,0.0,0.0,0.0,0.7567,0.0144,11.8,11.8,0,90.0,104.0,14.0,1.1556,1.0,1.0,1.0
MPLADS-001531,1,96.7,85.7,96.3,96.7,11.0,-11.0,-11.0,6.7,0.4884,0.0,0.0,0.0,0.4884,-0.0023,0.0,0.0,0,210.0,198.0,0.0,0.9429,1.0,1.0,1.0
MPLADS-001532,1,97.8,88.5,93.3,97.8,9.3,-9.3,-9.3,7.8,0.6564,0.0,0.0,0.0,0.6564,0.0394,0.0,0.0,0,160.0,149.0,0.0,0.9313,1.0,1.0,1.0
MPLADS-001533,1,97.2,93.4,84.2,97.2,3.8,-3.8,-3.8,7.2,0.4563,0.0,0.0,0.0,0.4563,-0.0094,0.0,0.0,0,180.0,213.0,33.0,1.1833,1.0,1.0,1.0
MPLADS-001534,1,95.6,93.8,93.6,95.6,1.8,-1.8,-1.8,5.6,1.2416,0.0,0.0,0.0,1.2416,0.0035,0.0,0.0,0,60.0,77.0,17.0,1.2833,1.0,1.0,1.0
MPLADS-001535,1,16.0,94.8,99.2,16.0,78.8,78.8,78.8,-74.0,0.0762,0.0,0.0,0.0,0.0762,0.0443,78.8,78.8,0,210.0,210.0,0.0,1.0,1.0,1.0,0.0
MPLADS-001536,1,71.9,95.3,87.7,71.9,23.4,23.4,23.4,-18.1,0.5173,0.0,0.0,0.0,0.5173,0.0132,23.4,23.4,0,120.0,139.0,19.0,1.1583,1.0,1.0,1.0
MPLADS-001537,1,90.8,87.7,86.9,90.8,3.1,-3.1,-3.1,0.8,0.531,0.0,0.0,0.0,0.531,-0.0009,0.0,0.0,0,150.0,171.0,21.0,1.14,1.0,1.0,1.0
MPLADS-001538,1,85.2,93.5,83.8,85.2,8.3,8.3,8.3,-4.8,1.2716,0.0,0.0,0.0,1.2716,0.0463,8.3,8.3,0,60.0,67.0,7.0,1.1167,1.0,1.0,1.0
MPLADS-001539,1,70.2,86.9,92.7,70.2,16.7,16.7,16.7,-19.8,0.4743,0.0,0.0,0.0,0.4743,0.0113,16.7,16.7,0,120.0,148.0,28.0,1.2333,1.0,1.0,1.0
MPLADS-001540,1,70.5,94.0,87.7,70.5,23.5,23.5,23.5,-19.5,1.3558,0.0,0.0,0.0,1.3558,0.0035,23.5,23.5,0,60.0,52.0,0.0,0.8667,1.0,1.0,1.0
MPLADS-001541,1,77.4,90.1,96.7,77.4,12.7,12.7,12.7,-12.6,0.3703,0.0,0.0,0.0,0.3703,-0.0097,12.7,12.7,0,210.0,209.0,0.0,0.9952,1.0,1.0,1.0
MPLADS-001542,1,89.4,91.3,83.5,89.4,1.9,1.9,1.9,-0.6,0.3887,0.0,0.0,0.0,0.3887,0.0345,1.9,1.9,0,210.0,230.0,20.0,1.0952,1.0,1.0,1.0
MPLADS-001543,1,93.8,89.7,97.6,93.8,4.1,-4.1,-4.1,3.8,0.5651,0.0,0.0,0.0,0.5651,0.0188,0.0,0.0,0,180.0,166.0,0.0,0.9222,1.0,1.0,1.0
MPLADS-001544,1,73.8,93.9,93.6,73.8,20.1,20.1,20.1,-16.2,0.1774,0.0,0.0,0.0,0.1774,0.0017,20.1,20.1,0,400.0,416.0,16.0,1.04,1.0,1.0,1.0
MPLADS-001545,1,79.4,87.0,87.2,79.4,7.6,7.6,7.6,-10.6,0.5631,0.0,0.0,0.0,0.5631,0.0087,7.6,7.6,0,150.0,141.0,0.0,0.94,1.0,1.0,1.0
MPLADS-001546,1,72.7,95.9,94.9,72.7,23.2,23.2,23.2,-17.3,0.5346,0.0,0.0,0.0,0.5346,0.0238,23.2,23.2,0,120.0,136.0,16.0,1.1333,1.0,1.0,1.0
MPLADS-001547,1,77.8,95.8,90.5,77.8,18.0,18.0,18.0,-12.2,0.5329,0.0,0.0,0.0,0.5329,0.0384,18.0,18.0,0,120.0,146.0,26.0,1.2167,1.0,1.0,1.0
MPLADS-001548,1,82.4,93.0,86.4,82.4,10.6,10.6,10.6,-7.6,0.6645,0.0,0.0,0.0,0.6645,0.0223,10.6,10.6,0,120.0,124.0,4.0,1.0333,1.0,1.0,1.0
MPLADS-001549,1,88.3,95.7,86.7,88.3,7.4,7.4,7.4,-1.7,0.5589,0.0,0.0,0.0,0.5589,0.0255,7.4,7.4,0,160.0,158.0,0.0,0.9875,1.0,1.0,1.0
MPLADS-001550,1,96.6,88.8,90.2,96.6,7.8,-7.8,-7.8,6.6,0.552,0.0,0.0,0.0,0.552,0.0011,0.0,0.0,0,180.0,175.0,0.0,0.9722,1.0,1.0,1.0
MPLADS-001551,1,73.3,86.0,97.7,73.3,12.7,12.7,12.7,-16.7,0.1629,0.0,0.0,0.0,0.1629,0.0486,12.7,12.7,3,150.0,450.0,300.0,3.0,1.0,1.0,1.0
MPLADS-001552,1,83.6,90.0,90.5,83.6,6.4,6.4,6.4,-6.4,0.8531,0.0,0.0,0.0,0.8531,0.0083,6.4,6.4,0,90.0,98.0,8.0,1.0889,1.0,1.0,1.0
MPLADS-001553,1,94.8,87.8,85.7,94.8,7.0,-7.0,-7.0,4.8,0.2431,0.0,0.0,0.0,0.2431,0.033,0.0,0.0,0,400.0,390.0,0.0,0.975,1.0,1.0,1.0
MPLADS-001554,1,72.0,85.1,96.0,72.0,13.1,13.1,13.1,-18.0,0.1809,0.0,0.0,0.0,0.1809,0.0437,13.1,13.1,0,400.0,398.0,0.0,0.995,1.0,1.0,1.0
MPLADS-001555,1,73.5,152.4,94.3,73.5,78.9,78.9,78.9,-16.5,1.2458,0.0,0.0,0.0,1.2458,0.0446,78.9,78.9,0,60.0,59.0,0.0,0.9833,1.0,1.0,1.0
MPLADS-001556,1,87.6,88.0,91.3,87.6,0.4,0.4,0.4,-2.4,0.9626,0.0,0.0,0.0,0.9626,0.0375,0.4,0.4,0,60.0,91.0,31.0,1.5167,1.0,1.0,1.0
MPLADS-001557,1,88.2,93.5,99.1,88.2,5.3,5.3,5.3,-1.8,0.5158,0.0,0.0,0.0,0.5158,0.0296,5.3,5.3,0,180.0,171.0,0.0,0.95,1.0,1.0,1.0
MPLADS-001558,1,81.5,86.5,99.4,81.5,5.0,5.0,5.0,-8.5,0.4939,0.0,0.0,0.0,0.4939,-0.0052,5.0,5.0,0,180.0,165.0,0.0,0.9167,1.0,1.0,1.0
MPLADS-001559,1,91.6,88.8,89.4,91.6,2.8,-2.8,-2.8,1.6,0.2262,0.0,0.0,0.0,0.2262,0.0126,0.0,0.0,0,400.0,405.0,5.0,1.0125,1.0,1.0,1.0
MPLADS-001560,1,96.3,96.7,83.2,96.3,0.4,0.4,0.4,6.3,0.8522,0.0,0.0,0.0,0.8522,-0.0145,0.4,0.4,0,90.0,113.0,23.0,1.2556,1.0,1.0,1.0
MPLADS-001561,1,90.1,88.3,89.5,90.1,1.8,-1.8,-1.8,0.1,0.4844,0.0,0.0,0.0,0.4844,0.0246,0.0,0.0,0,180.0,186.0,6.0,1.0333,1.0,1.0,1.0
MPLADS-001562,1,98.1,94.2,85.7,98.1,3.9,-3.9,-3.9,8.1,1.001,0.0,0.0,0.0,1.001,0.0136,0.0,0.0,0,90.0,98.0,8.0,1.0889,1.0,1.0,1.0
MPLADS-001563,1,80.1,93.2,85.6,80.1,13.1,13.1,13.1,-9.9,0.9,0.0,0.0,0.0,0.9,0.0111,13.1,13.1,0,60.0,89.0,29.0,1.4833,1.0,1.0,1.0
MPLADS-001564,1,82.6,97.7,93.6,82.6,15.1,15.1,15.1,-7.4,0.5261,0.0,0.0,0.0,0.5261,0.0122,15.1,15.1,0,160.0,157.0,0.0,0.9812,1.0,1.0,1.0
MPLADS-001565,1,96.4,92.3,89.0,96.4,4.1,-4.1,-4.1,6.4,0.234,0.0,0.0,0.0,0.234,0.0493,0.0,0.0,0,400.0,412.0,12.0,1.03,1.0,1.0,1.0
MPLADS-001566,1,91.5,91.9,98.3,91.5,0.4,0.4,0.4,1.5,0.7754,0.0,0.0,0.0,0.7754,-0.0164,0.4,0.4,0,90.0,118.0,28.0,1.3111,1.0,1.0,1.0
MPLADS-001567,1,72.3,95.8,85.9,72.3,23.5,23.5,23.5,-17.7,0.1693,0.0,0.0,0.0,0.1693,0.0208,23.5,23.5,0,400.0,427.0,27.0,1.0675,1.0,1.0,1.0
MPLADS-001568,1,18.8,88.1,93.1,18.8,69.3,69.3,69.3,-71.2,0.045,0.0,0.0,0.0,0.045,0.022,69.3,69.3,0,400.0,418.0,18.0,1.045,1.0,1.0,0.0
MPLADS-001569,1,89.3,91.3,95.4,89.3,2.0,2.0,2.0,-0.7,0.4399,0.0,0.0,0.0,0.4399,0.0431,2.0,2.0,0,210.0,203.0,0.0,0.9667,1.0,1.0,1.0
MPLADS-001570,1,84.9,91.5,97.0,84.9,6.6,6.6,6.6,-5.1,0.3877,0.0,0.0,0.0,0.3877,0.0121,6.6,6.6,0,210.0,219.0,9.0,1.0429,1.0,1.0,1.0
MPLADS-001571,1,88.1,88.2,95.8,88.1,0.1,0.1,0.1,-1.9,0.3733,0.0,0.0,0.0,0.3733,0.038,0.1,0.1,0,210.0,236.0,26.0,1.1238,1.0,1.0,1.0
MPLADS-001572,1,78.4,92.9,84.2,78.4,14.5,14.5,14.5,-11.6,0.7686,0.0,0.0,0.0,0.7686,0.0148,14.5,14.5,0,90.0,102.0,12.0,1.1333,0.0,0.0,0.0
MPLADS-001573,1,93.7,87.1,96.2,93.7,6.6,-6.6,-6.6,3.7,0.6741,0.0,0.0,0.0,0.6741,0.0055,0.0,0.0,0,120.0,139.0,19.0,1.1583,1.0,1.0,1.0
MPLADS-001574,1,90.0,85.1,87.9,90.0,4.9,-4.9,-4.9,0.0,0.5085,0.0,0.0,0.0,0.5085,0.0233,0.0,0.0,0,150.0,177.0,27.0,1.18,1.0,1.0,1.0
MPLADS-001575,1,71.2,93.0,95.4,71.2,21.8,21.8,21.8,-18.8,0.4506,0.0,0.0,0.0,0.4506,0.0282,21.8,21.8,0,150.0,158.0,8.0,1.0533,1.0,1.0,1.0
MPLADS-001576,1,70.7,97.4,93.2,70.7,26.7,26.7,26.7,-19.3,0.4063,0.0,0.0,0.0,0.4063,0.0224,26.7,26.7,0,150.0,174.0,24.0,1.16,1.0,1.0,1.0
MPLADS-001577,1,94.8,91.2,83.8,94.8,3.6,-3.6,-3.6,4.8,0.443,0.0,0.0,0.0,0.443,0.0057,0.0,0.0,0,180.0,214.0,34.0,1.1889,1.0,1.0,1.0
MPLADS-001578,1,24.1,98.2,95.6,24.1,74.1,74.1,74.1,-65.9,0.1479,0.0,0.0,0.0,0.1479,0.0199,74.1,74.1,0,160.0,163.0,3.0,1.0188,1.0,1.0,0.0
MPLADS-001579,1,71.2,85.3,86.9,71.2,14.1,14.1,14.1,-18.8,0.1113,0.0,0.0,0.0,0.1113,0.0083,14.1,14.1,4,160.0,640.0,480.0,4.0,1.0,1.0,1.0
MPLADS-001580,1,99.1,85.3,82.6,99.1,13.8,-13.8,-13.8,9.1,0.6651,0.0,0.0,0.0,0.6651,0.0109,0.0,0.0,0,150.0,149.0,0.0,0.9933,1.0,1.0,1.0
MPLADS-001581,1,87.1,90.9,90.0,87.1,3.8,3.8,3.8,-2.9,0.6913,0.0,0.0,0.0,0.6913,0.0423,3.8,3.8,0,120.0,126.0,6.0,1.05,1.0,1.0,1.0
MPLADS-001582,1,15.3,89.6,98.8,15.3,74.3,74.3,74.3,-74.7,0.1055,0.0,0.0,0.0,0.1055,0.0275,74.3,74.3,0,120.0,145.0,25.0,1.2083,1.0,1.0,0.0
MPLADS-001583,1,21.1,89.1,91.3,21.1,68.0,68.0,68.0,-68.9,0.2671,0.0,0.0,0.0,0.2671,0.0028,68.0,68.0,0,90.0,79.0,0.0,0.8778,1.0,1.0,0.0
MPLADS-001584,1,89.0,95.3,89.0,89.0,6.3,6.3,6.3,-1.0,0.4611,0.0,0.0,0.0,0.4611,0.0096,6.3,6.3,0,160.0,193.0,33.0,1.2063,1.0,1.0,1.0
MPLADS-001585,1,81.5,94.4,83.8,81.5,12.9,12.9,12.9,-8.5,0.815,0.0,0.0,0.0,0.815,-0.0045,12.9,12.9,0,90.0,100.0,10.0,1.1111,1.0,1.0,1.0
MPLADS-001586,1,91.6,97.3,86.1,91.6,5.7,5.7,5.7,1.6,0.9642,0.0,0.0,0.0,0.9642,0.0162,5.7,5.7,0,90.0,95.0,5.0,1.0556,1.0,1.0,1.0
MPLADS-001587,1,82.4,97.9,95.0,82.4,15.5,15.5,15.5,-7.6,0.1916,0.0,0.0,0.0,0.1916,0.0239,15.5,15.5,0,400.0,430.0,30.0,1.075,1.0,1.0,1.0
MPLADS-001588,1,93.2,89.7,88.7,93.2,3.5,-3.5,-3.5,3.2,0.5236,0.0,0.0,0.0,0.5236,0.0065,0.0,0.0,0,180.0,178.0,0.0,0.9889,1.0,1.0,1.0
MPLADS-001589,1,99.6,88.5,90.7,99.6,11.1,-11.1,-11.1,9.6,0.6822,0.0,0.0,0.0,0.6822,0.024,0.0,0.0,0,120.0,146.0,26.0,1.2167,1.0,1.0,1.0
MPLADS-001590,1,73.1,94.9,84.4,73.1,21.8,21.8,21.8,-16.9,0.5041,0.0,0.0,0.0,0.5041,-0.0056,21.8,21.8,0,150.0,145.0,0.0,0.9667,1.0,1.0,1.0
MPLADS-001591,1,91.3,89.8,84.9,91.3,1.5,-1.5,-1.5,1.3,1.2013,0.0,0.0,0.0,1.2013,0.0493,0.0,0.0,0,60.0,76.0,16.0,1.2667,1.0,1.0,1.0
MPLADS-001592,1,84.5,96.5,81.3,84.5,12.0,12.0,12.0,-5.5,0.509,0.0,0.0,0.0,0.509,0.0162,12.0,12.0,0,160.0,166.0,6.0,1.0375,1.0,1.0,1.0
MPLADS-001593,1,75.0,93.4,89.5,75.0,18.4,18.4,18.4,-15.0,0.4335,0.0,0.0,0.0,0.4335,-0.0014,18.4,18.4,0,180.0,173.0,0.0,0.9611,1.0,1.0,1.0
MPLADS-001594,1,95.1,94.9,85.7,95.1,0.2,-0.2,-0.2,5.1,0.5695,0.0,0.0,0.0,0.5695,0.0097,0.0,0.0,0,180.0,167.0,0.0,0.9278,1.0,1.0,1.0
MPLADS-001595,1,89.0,98.0,95.2,89.0,9.0,9.0,9.0,-1.0,0.4495,0.0,0.0,0.0,0.4495,0.0136,9.0,9.0,0,210.0,198.0,0.0,0.9429,1.0,1.0,1.0
MPLADS-001596,1,47.9,97.8,84.0,47.9,49.9,49.9,49.9,-42.1,0.0998,0.0,0.0,0.0,0.0998,-0.0051,49.9,49.9,2,120.0,480.0,360.0,4.0,1.0,1.0,1.0
MPLADS-001597,1,71.9,97.0,86.1,71.9,25.1,25.1,25.1,-18.1,0.4062,0.0,0.0,0.0,0.4062,-0.0129,25.1,25.1,0,180.0,177.0,0.0,0.9833,1.0,1.0,1.0
MPLADS-001598,1,81.0,85.5,80.0,81.0,4.5,4.5,4.5,-9.0,0.7364,0.0,0.0,0.0,0.7364,0.0193,4.5,4.5,0,120.0,110.0,0.0,0.9167,1.0,1.0,1.0
MPLADS-001599,1,19.8,98.5,80.5,19.8,78.7,78.7,78.7,-70.2,0.1065,0.0,0.0,0.0,0.1065,0.0332,78.7,78.7,0,180.0,186.0,6.0,1.0333,1.0,1.0,0.0
MPLADS-001600,1,91.5,87.1,81.7,91.5,4.4,-4.4,-4.4,1.5,0.6141,0.0,0.0,0.0,0.6141,0.0189,0.0,0.0,0,150.0,149.0,0.0,0.9933,1.0,1.0,1.0
MPLADS-001601,1,86.5,97.1,99.2,86.5,10.6,10.6,10.6,-3.5,0.983,0.0,0.0,0.0,0.983,0.0395,10.6,10.6,0,90.0,88.0,0.0,0.9778,1.0,1.0,1.0
MPLADS-001602,1,10.8,60.1,83.2,10.8,49.3,49.3,49.3,-79.2,0.0519,0.0,0.0,0.0,0.0519,-0.009,49.3,49.3,0,210.0,208.0,0.0,0.9905,1.0,1.0,1.0
MPLADS-001603,1,83.7,87.7,97.3,83.7,4.0,4.0,4.0,-6.3,0.2067,0.0,0.0,0.0,0.2067,0.0041,4.0,4.0,0,400.0,405.0,5.0,1.0125,1.0,1.0,1.0
MPLADS-001604,1,62.2,92.2,80.2,62.2,30.0,30.0,30.0,-27.8,0.1296,0.0,0.0,0.0,0.1296,-0.0192,30.0,30.0,3,120.0,480.0,360.0,4.0,1.0,1.0,1.0
MPLADS-001605,1,77.7,85.4,84.6,77.7,7.7,7.7,7.7,-12.3,0.9361,0.0,0.0,0.0,0.9361,-0.0145,7.7,7.7,0,90.0,83.0,0.0,0.9222,1.0,1.0,1.0
MPLADS-001606,1,82.9,91.0,93.7,82.9,8.1,8.1,8.1,-7.1,0.5639,0.0,0.0,0.0,0.5639,0.0246,8.1,8.1,0,120.0,147.0,27.0,1.225,1.0,1.0,1.0
MPLADS-001607,1,85.9,92.3,88.9,85.9,6.4,6.4,6.4,-4.1,0.4338,0.0,0.0,0.0,0.4338,0.019,6.4,6.4,0,210.0,198.0,0.0,0.9429,1.0,1.0,1.0
MPLADS-001608,1,79.2,87.6,90.9,79.2,8.4,8.4,8.4,-10.8,0.44,0.0,0.0,0.0,0.44,-0.011,8.4,8.4,0,160.0,180.0,20.0,1.125,1.0,1.0,1.0
MPLADS-001609,1,87.3,85.6,94.4,87.3,1.7,-1.7,-1.7,-2.7,0.4157,0.0,0.0,0.0,0.4157,0.0347,0.0,0.0,0,180.0,210.0,30.0,1.1667,1.0,1.0,1.0
MPLADS-001610,1,19.3,95.9,90.1,19.3,76.6,76.6,76.6,-70.7,0.1556,0.0,0.0,0.0,0.1556,0.0056,76.6,76.6,0,120.0,124.0,4.0,1.0333,1.0,1.0,0.0
MPLADS-001611,1,80.3,95.0,86.5,80.3,14.7,14.7,14.7,-9.7,0.1949,0.0,0.0,0.0,0.1949,0.0244,14.7,14.7,0,400.0,412.0,12.0,1.03,1.0,1.0,1.0
MPLADS-001612,1,80.8,95.4,85.7,80.8,14.6,14.6,14.6,-9.2,0.3741,0.0,0.0,0.0,0.3741,0.0276,14.6,14.6,0,210.0,216.0,6.0,1.0286,1.0,1.0,1.0
MPLADS-001613,1,74.7,86.9,85.2,74.7,12.2,12.2,12.2,-15.3,0.5298,0.0,0.0,0.0,0.5298,0.0088,12.2,12.2,0,120.0,141.0,21.0,1.175,1.0,1.0,1.0
MPLADS-001614,1,70.2,91.0,97.1,70.2,20.8,20.8,20.8,-19.8,0.4588,0.0,0.0,0.0,0.4588,0.0189,20.8,20.8,0,120.0,153.0,33.0,1.275,1.0,1.0,1.0
MPLADS-001615,1,82.0,97.7,94.0,82.0,15.7,15.7,15.7,-8.0,1.0,0.0,0.0,0.0,1.0,0.0014,15.7,15.7,0,60.0,82.0,22.0,1.3667,1.0,1.0,1.0
MPLADS-001616,1,74.6,96.3,93.4,74.6,21.7,21.7,21.7,-15.4,0.1884,0.0,0.0,0.0,0.1884,-0.0198,21.7,21.7,0,400.0,396.0,0.0,0.99,1.0,1.0,1.0
MPLADS-001617,1,75.0,89.1,91.3,75.0,14.1,14.1,14.1,-15.0,0.9494,0.0,0.0,0.0,0.9494,-0.0029,14.1,14.1,0,60.0,79.0,19.0,1.3167,1.0,1.0,1.0
MPLADS-001618,1,75.9,86.2,98.0,75.9,10.3,10.3,10.3,-14.1,0.575,0.0,0.0,0.0,0.575,0.04,10.3,10.3,0,120.0,132.0,12.0,1.1,0.0,0.0,0.0
MPLADS-001619,1,74.3,89.6,99.0,74.3,15.3,15.3,15.3,-15.7,1.5479,0.0,0.0,0.0,1.5479,-0.0095,15.3,15.3,0,60.0,48.0,0.0,0.8,1.0,1.0,1.0
MPLADS-001620,1,91.9,89.7,85.7,91.9,2.2,-2.2,-2.2,1.9,0.2193,0.0,0.0,0.0,0.2193,0.0109,0.0,0.0,0,400.0,419.0,19.0,1.0475,1.0,1.0,1.0
MPLADS-001621,1,89.0,92.2,93.4,89.0,3.2,3.2,3.2,-1.0,0.2208,0.0,0.0,0.0,0.2208,0.035,3.2,3.2,0,400.0,403.0,3.0,1.0075,1.0,1.0,1.0
MPLADS-001622,1,79.7,97.5,90.8,79.7,17.8,17.8,17.8,-10.3,0.458,0.0,0.0,0.0,0.458,0.0358,17.8,17.8,0,150.0,174.0,24.0,1.16,1.0,1.0,1.0
MPLADS-001623,1,20.9,63.4,87.1,20.9,42.5,42.5,42.5,-69.1,0.1866,0.0,0.0,0.0,0.1866,-0.0024,42.5,42.5,0,120.0,112.0,0.0,0.9333,1.0,1.0,1.0
MPLADS-001624,1,74.8,89.4,80.0,74.8,14.6,14.6,14.6,-15.2,0.3169,0.0,0.0,0.0,0.3169,0.0253,14.6,14.6,0,210.0,236.0,26.0,1.1238,1.0,1.0,1.0
MPLADS-001625,1,72.5,95.7,99.0,72.5,23.2,23.2,23.2,-17.5,0.6304,0.0,0.0,0.0,0.6304,-0.0153,23.2,23.2,0,120.0,115.0,0.0,0.9583,1.0,1.0,1.0
MPLADS-001626,1,97.2,90.3,80.9,97.2,6.9,-6.9,-6.9,7.2,0.6894,0.0,0.0,0.0,0.6894,0.0367,0.0,0.0,0,120.0,141.0,21.0,1.175,1.0,1.0,1.0
MPLADS-001627,1,88.2,96.7,83.6,88.2,8.5,8.5,8.5,-1.8,1.0023,0.0,0.0,0.0,1.0023,-0.0063,8.5,8.5,0,60.0,88.0,28.0,1.4667,1.0,1.0,1.0
MPLADS-001628,1,76.1,90.7,91.2,76.1,14.6,14.6,14.6,-13.9,0.1791,0.0,0.0,0.0,0.1791,-0.0179,14.6,14.6,0,400.0,425.0,25.0,1.0625,1.0,1.0,1.0
MPLADS-001629,1,83.7,146.3,81.5,83.7,62.6,62.6,62.6,-6.3,1.3721,0.0,0.0,0.0,1.3721,0.0188,62.6,62.6,0,60.0,61.0,1.0,1.0167,1.0,1.0,1.0
MPLADS-001630,1,78.0,85.2,99.9,78.0,7.2,7.2,7.2,-12.0,0.4845,0.0,0.0,0.0,0.4845,0.0188,7.2,7.2,0,150.0,161.0,11.0,1.0733,1.0,1.0,1.0
MPLADS-001631,1,89.0,95.2,80.6,89.0,6.2,6.2,6.2,-1.0,1.0595,0.0,0.0,0.0,1.0595,-0.0145,6.2,6.2,0,90.0,84.0,0.0,0.9333,1.0,1.0,1.0
MPLADS-001632,1,94.0,96.3,83.8,94.0,2.3,2.3,2.3,4.0,0.2217,0.0,0.0,0.0,0.2217,0.046,2.3,2.3,0,400.0,424.0,24.0,1.06,1.0,1.0,1.0
MPLADS-001633,1,90.3,86.7,82.1,90.3,3.6,-3.6,-3.6,0.3,0.5017,0.0,0.0,0.0,0.5017,-0.0163,0.0,0.0,0,160.0,180.0,20.0,1.125,1.0,1.0,1.0
MPLADS-001634,1,93.3,88.5,81.1,93.3,4.8,-4.8,-4.8,3.3,0.8886,0.0,0.0,0.0,0.8886,0.0407,0.0,0.0,0,90.0,105.0,15.0,1.1667,1.0,1.0,1.0
MPLADS-001635,1,84.5,94.7,85.8,84.5,10.2,10.2,10.2,-5.5,0.3658,0.0,0.0,0.0,0.3658,0.0046,10.2,10.2,0,210.0,231.0,21.0,1.1,1.0,1.0,1.0
MPLADS-001636,1,86.5,93.3,92.2,86.5,6.8,6.8,6.8,-3.5,1.73,0.0,0.0,0.0,1.73,0.0205,6.8,6.8,0,60.0,50.0,0.0,0.8333,1.0,1.0,1.0
MPLADS-001637,1,99.6,93.3,96.8,99.6,6.3,-6.3,-6.3,9.6,0.5533,0.0,0.0,0.0,0.5533,0.0442,0.0,0.0,0,160.0,180.0,20.0,1.125,1.0,1.0,1.0
MPLADS-001638,1,98.1,86.6,91.6,98.1,11.5,-11.5,-11.5,8.1,0.2353,0.0,0.0,0.0,0.2353,0.0049,0.0,0.0,0,400.0,417.0,17.0,1.0425,1.0,1.0,1.0
MPLADS-001639,1,87.9,94.7,92.1,87.9,6.8,6.8,6.8,-2.1,0.7513,0.0,0.0,0.0,0.7513,0.0116,6.8,6.8,0,90.0,117.0,27.0,1.3,1.0,1.0,1.0
MPLADS-001640,1,98.5,88.2,91.9,98.5,10.3,-10.3,-10.3,8.5,0.4339,0.0,0.0,0.0,0.4339,-0.0049,0.0,0.0,0,210.0,227.0,17.0,1.081,1.0,1.0,1.0
MPLADS-001641,1,85.5,90.3,86.3,85.5,4.8,4.8,4.8,-4.5,0.5738,0.0,0.0,0.0,0.5738,0.0217,4.8,4.8,0,160.0,149.0,0.0,0.9313,1.0,1.0,1.0
MPLADS-001642,1,73.0,91.6,83.3,73.0,18.6,18.6,18.6,-17.0,0.4244,0.0,0.0,0.0,0.4244,0.0015,18.6,18.6,0,180.0,172.0,0.0,0.9556,1.0,1.0,1.0
MPLADS-001643,1,85.0,93.3,81.3,85.0,8.3,8.3,8.3,-5.0,1.1039,0.0,0.0,0.0,1.1039,0.0279,8.3,8.3,0,60.0,77.0,17.0,1.2833,1.0,1.0,1.0
MPLADS-001644,1,79.4,87.4,91.4,79.4,8.0,8.0,8.0,-10.6,0.4963,0.0,0.0,0.0,0.4963,0.0364,8.0,8.0,0,150.0,160.0,10.0,1.0667,1.0,1.0,1.0
MPLADS-001645,1,80.4,95.9,95.3,80.4,15.5,15.5,15.5,-9.6,0.3688,0.0,0.0,0.0,0.3688,0.0253,15.5,15.5,0,210.0,218.0,8.0,1.0381,1.0,1.0,1.0
MPLADS-001646,1,84.0,91.9,84.9,84.0,7.9,7.9,7.9,-6.0,0.3981,0.0,0.0,0.0,0.3981,0.0155,7.9,7.9,0,210.0,211.0,1.0,1.0048,1.0,1.0,1.0
MPLADS-001647,1,88.1,94.7,94.9,88.1,6.6,6.6,6.6,-1.9,0.7466,0.0,0.0,0.0,0.7466,0.0183,6.6,6.6,0,90.0,118.0,28.0,1.3111,1.0,1.0,1.0
MPLADS-001648,1,79.8,97.9,90.9,79.8,18.1,18.1,18.1,-10.2,0.4071,0.0,0.0,0.0,0.4071,-0.0176,18.1,18.1,0,210.0,196.0,0.0,0.9333,1.0,1.0,1.0
MPLADS-001649,1,74.5,88.7,93.7,74.5,14.2,14.2,14.2,-15.5,0.6712,0.0,0.0,0.0,0.6712,-0.0001,14.2,14.2,0,90.0,111.0,21.0,1.2333,1.0,1.0,1.0
MPLADS-001650,1,97.0,88.3,88.5,97.0,8.7,-8.7,-8.7,7.0,0.6644,0.0,0.0,0.0,0.6644,-0.0081,0.0,0.0,0,150.0,146.0,0.0,0.9733,1.0,1.0,1.0
MPLADS-001651,1,74.6,88.7,88.0,74.6,14.1,14.1,14.1,-15.4,0.1837,0.0,0.0,0.0,0.1837,-0.01,14.1,14.1,0,400.0,406.0,6.0,1.015,1.0,1.0,1.0
MPLADS-001652,1,83.6,88.3,88.5,83.6,4.7,4.7,4.7,-6.4,0.38,0.0,0.0,0.0,0.38,0.0151,4.7,4.7,0,210.0,220.0,10.0,1.0476,1.0,1.0,1.0
MPLADS-001653,1,71.9,94.7,84.3,71.9,22.8,22.8,22.8,-18.1,0.4331,0.0,0.0,0.0,0.4331,-0.0126,22.8,22.8,0,160.0,166.0,6.0,1.0375,1.0,1.0,1.0
MPLADS-001654,1,80.7,85.5,97.8,80.7,4.8,4.8,4.8,-9.3,0.5416,0.0,0.0,0.0,0.5416,-0.0116,4.8,4.8,0,150.0,149.0,0.0,0.9933,1.0,1.0,1.0
MPLADS-001655,1,85.8,93.5,86.8,85.8,7.7,7.7,7.7,-4.2,0.4714,0.0,0.0,0.0,0.4714,0.045,7.7,7.7,0,160.0,182.0,22.0,1.1375,1.0,1.0,1.0
MPLADS-001656,1,89.6,91.2,87.2,89.6,1.6,1.6,1.6,-0.4,0.8145,0.0,0.0,0.0,0.8145,0.0108,1.6,1.6,0,90.0,110.0,20.0,1.2222,1.0,1.0,1.0
MPLADS-001657,1,73.0,93.9,98.9,73.0,20.9,20.9,20.9,-17.0,0.5794,0.0,0.0,0.0,0.5794,0.0012,20.9,20.9,0,120.0,126.0,6.0,1.05,1.0,1.0,1.0
MPLADS-001658,1,83.9,85.7,94.7,83.9,1.8,1.8,1.8,-6.1,0.5484,0.0,0.0,0.0,0.5484,0.0206,1.8,1.8,0,120.0,153.0,33.0,1.275,1.0,1.0,1.0
MPLADS-001659,1,84.2,141.2,87.5,84.2,57.0,57.0,57.0,-5.8,0.4953,0.0,0.0,0.0,0.4953,-0.0158,57.0,57.0,0,150.0,170.0,20.0,1.1333,1.0,1.0,1.0
MPLADS-001660,1,23.7,47.3,95.2,23.7,23.6,23.6,23.6,-66.3,0.1254,0.0,0.0,0.0,0.1254,0.0252,23.6,23.6,0,180.0,189.0,9.0,1.05,1.0,1.0,1.0
MPLADS-001661,1,99.0,97.2,99.9,99.0,1.8,-1.8,-1.8,9.0,0.5625,0.0,0.0,0.0,0.5625,-0.0056,0.0,0.0,0,160.0,176.0,16.0,1.1,1.0,1.0,1.0
MPLADS-001662,1,81.4,97.3,93.5,81.4,15.9,15.9,15.9,-8.6,0.335,0.0,0.0,0.0,0.335,0.0313,15.9,15.9,0,210.0,243.0,33.0,1.1571,1.0,1.0,1.0
MPLADS-001663,1,79.3,95.9,98.7,79.3,16.6,16.6,16.6,-10.7,0.5322,0.0,0.0,0.0,0.5322,-0.0115,16.6,16.6,0,150.0,149.0,0.0,0.9933,1.0,1.0,1.0
MPLADS-001664,1,83.3,136.0,93.1,83.3,52.7,52.7,52.7,-6.7,0.2088,0.0,0.0,0.0,0.2088,0.0152,52.7,52.7,0,400.0,399.0,0.0,0.9975,1.0,1.0,1.0
MPLADS-001665,1,90.7,86.2,81.0,90.7,4.5,-4.5,-4.5,0.7,1.814,0.0,0.0,0.0,1.814,0.0303,0.0,0.0,0,60.0,50.0,0.0,0.8333,1.0,1.0,1.0
MPLADS-001666,1,82.1,91.9,97.9,82.1,9.8,9.8,9.8,-7.9,0.4276,0.0,0.0,0.0,0.4276,-0.0081,9.8,9.8,0,160.0,192.0,32.0,1.2,1.0,1.0,1.0
MPLADS-001667,1,92.5,86.8,86.5,92.5,5.7,-5.7,-5.7,2.5,0.752,0.0,0.0,0.0,0.752,-0.0007,0.0,0.0,0,90.0,123.0,33.0,1.3667,1.0,1.0,1.0
MPLADS-001668,1,97.6,93.3,97.9,97.6,4.3,-4.3,-4.3,7.6,0.8873,0.0,0.0,0.0,0.8873,-0.0064,0.0,0.0,0,90.0,110.0,20.0,1.2222,1.0,1.0,1.0
MPLADS-001669,1,74.9,91.6,84.0,74.9,16.7,16.7,16.7,-15.1,0.4832,0.0,0.0,0.0,0.4832,0.0083,16.7,16.7,0,160.0,155.0,0.0,0.9688,1.0,1.0,1.0
MPLADS-001670,1,92.9,89.1,85.3,92.9,3.8,-3.8,-3.8,2.9,0.5596,0.0,0.0,0.0,0.5596,0.0213,0.0,0.0,0,150.0,166.0,16.0,1.1067,1.0,1.0,1.0
MPLADS-001671,1,76.2,94.5,94.2,76.2,18.3,18.3,18.3,-13.8,0.6403,0.0,0.0,0.0,0.6403,-0.0165,18.3,18.3,0,120.0,119.0,0.0,0.9917,1.0,1.0,1.0
MPLADS-001672,1,80.6,87.9,85.3,80.6,7.3,7.3,7.3,-9.4,0.4133,0.0,0.0,0.0,0.4133,0.0259,7.3,7.3,0,210.0,195.0,0.0,0.9286,1.0,1.0,1.0
MPLADS-001673,1,79.9,92.0,95.9,79.9,12.1,12.1,12.1,-10.1,0.6603,0.0,0.0,0.0,0.6603,-0.0188,12.1,12.1,0,120.0,121.0,1.0,1.0083,1.0,1.0,1.0
MPLADS-001674,1,85.3,97.1,90.7,85.3,11.8,11.8,11.8,-4.7,0.2182,0.0,0.0,0.0,0.2182,0.0403,11.8,11.8,0,400.0,391.0,0.0,0.9775,1.0,1.0,1.0
MPLADS-001675,1,56.0,87.5,90.5,56.0,31.5,31.5,31.5,-34.0,0.0778,0.0,0.0,0.0,0.0778,0.021,31.5,31.5,4,180.0,720.0,540.0,4.0,1.0,1.0,1.0
MPLADS-001676,1,97.2,97.9,89.1,97.2,0.7,0.7,0.7,7.2,0.501,0.0,0.0,0.0,0.501,-0.0199,0.7,0.7,0,160.0,194.0,34.0,1.2125,1.0,1.0,1.0
MPLADS-001677,1,81.0,96.4,80.4,81.0,15.4,15.4,15.4,-9.0,1.3729,0.0,0.0,0.0,1.3729,0.0487,15.4,15.4,0,60.0,59.0,0.0,0.9833,1.0,1.0,1.0
MPLADS-001678,1,98.8,91.4,85.0,98.8,7.4,-7.4,-7.4,8.8,1.1356,0.0,0.0,0.0,1.1356,0.0497,0.0,0.0,0,60.0,87.0,27.0,1.45,1.0,1.0,1.0
MPLADS-001679,1,71.6,90.7,95.1,71.6,19.1,19.1,19.1,-18.4,0.4503,0.0,0.0,0.0,0.4503,0.0249,19.1,19.1,0,160.0,159.0,0.0,0.9938,1.0,1.0,1.0
MPLADS-001680,1,92.9,92.1,80.6,92.9,0.8,-0.8,-0.8,2.9,0.6732,0.0,0.0,0.0,0.6732,0.0247,0.0,0.0,0,120.0,138.0,18.0,1.15,1.0,1.0,1.0
MPLADS-001681,1,74.8,90.7,90.6,74.8,15.9,15.9,15.9,-15.2,0.5088,0.0,0.0,0.0,0.5088,0.024,15.9,15.9,0,160.0,147.0,0.0,0.9187,1.0,1.0,1.0
MPLADS-001682,1,95.8,88.7,99.0,95.8,7.1,-7.1,-7.1,5.8,0.9124,0.0,0.0,0.0,0.9124,0.0143,0.0,0.0,0,90.0,105.0,15.0,1.1667,1.0,1.0,1.0
MPLADS-001683,1,75.0,94.5,93.5,75.0,19.5,19.5,19.5,-15.0,0.1744,0.0,0.0,0.0,0.1744,0.0185,19.5,19.5,0,400.0,430.0,30.0,1.075,1.0,1.0,1.0
MPLADS-001684,1,90.5,138.1,82.8,90.5,47.6,47.6,47.6,0.5,0.4351,0.0,0.0,0.0,0.4351,0.0143,47.6,47.6,0,210.0,208.0,0.0,0.9905,1.0,1.0,1.0
MPLADS-001685,1,78.4,90.5,83.8,78.4,12.1,12.1,12.1,-11.6,0.4193,0.0,0.0,0.0,0.4193,0.0028,12.1,12.1,0,180.0,187.0,7.0,1.0389,1.0,1.0,1.0
MPLADS-001686,1,85.6,152.3,82.8,85.6,66.7,66.7,66.7,-4.4,0.7074,0.0,0.0,0.0,0.7074,-0.0121,66.7,66.7,0,90.0,121.0,31.0,1.3444,1.0,1.0,1.0
MPLADS-001687,1,19.6,97.8,85.6,19.6,78.2,78.2,78.2,-70.4,0.175,0.0,0.0,0.0,0.175,-0.0077,78.2,78.2,0,90.0,112.0,22.0,1.2444,1.0,1.0,0.0
MPLADS-001688,1,81.6,87.7,93.7,81.6,6.1,6.1,6.1,-8.4,0.1885,0.0,0.0,0.0,0.1885,0.0425,6.1,6.1,0,400.0,433.0,33.0,1.0825,1.0,1.0,1.0
MPLADS-001689,1,86.5,89.2,84.9,86.5,2.7,2.7,2.7,-3.5,0.4061,0.0,0.0,0.0,0.4061,-0.0098,2.7,2.7,0,180.0,213.0,33.0,1.1833,1.0,1.0,1.0
MPLADS-001690,1,94.1,92.5,97.0,94.1,1.6,-1.6,-1.6,4.1,0.6273,0.0,0.0,0.0,0.6273,0.0192,0.0,0.0,0,150.0,150.0,0.0,1.0,1.0,1.0,1.0
MPLADS-001691,1,92.5,159.4,83.9,92.5,66.9,66.9,66.9,2.5,0.2146,0.0,0.0,0.0,0.2146,0.0247,66.9,66.9,0,400.0,431.0,31.0,1.0775,1.0,1.0,1.0
MPLADS-001692,1,71.7,90.2,85.8,71.7,18.5,18.5,18.5,-18.3,0.4145,0.0,0.0,0.0,0.4145,-0.0097,18.5,18.5,0,160.0,173.0,13.0,1.0813,1.0,1.0,1.0
MPLADS-001693,1,87.4,96.1,95.2,87.4,8.7,8.7,8.7,-2.6,0.3919,0.0,0.0,0.0,0.3919,0.003,8.7,8.7,0,210.0,223.0,13.0,1.0619,1.0,1.0,1.0
MPLADS-001694,1,87.9,91.1,94.1,87.9,3.2,3.2,3.2,-2.1,0.5081,0.0,0.0,0.0,0.5081,-0.0129,3.2,3.2,0,160.0,173.0,13.0,1.0813,1.0,1.0,1.0
MPLADS-001695,1,70.4,94.0,89.6,70.4,23.6,23.6,23.6,-19.6,0.8691,0.0,0.0,0.0,0.8691,0.0278,23.6,23.6,0,60.0,81.0,21.0,1.35,1.0,1.0,1.0
MPLADS-001696,1,81.2,95.2,83.1,81.2,14.0,14.0,14.0,-8.8,1.0025,0.0,0.0,0.0,1.0025,0.0337,14.0,14.0,0,90.0,81.0,0.0,0.9,1.0,1.0,1.0
MPLADS-001697,1,73.7,89.6,89.4,73.7,15.9,15.9,15.9,-16.3,0.5227,0.0,0.0,0.0,0.5227,-0.0008,15.9,15.9,0,120.0,141.0,21.0,1.175,1.0,1.0,1.0
MPLADS-001698,1,81.2,95.1,86.8,81.2,13.9,13.9,13.9,-8.8,1.624,0.0,0.0,0.0,1.624,0.0156,13.9,13.9,0,60.0,50.0,0.0,0.8333,1.0,1.0,1.0
MPLADS-001699,1,90.4,91.1,82.2,90.4,0.7,0.7,0.7,0.4,0.3863,0.0,0.0,0.0,0.3863,0.0171,0.7,0.7,0,210.0,234.0,24.0,1.1143,1.0,1.0,1.0
MPLADS-001700,1,71.1,86.2,80.2,71.1,15.1,15.1,15.1,-18.9,0.3972,0.0,0.0,0.0,0.3972,0.01,15.1,15.1,0,150.0,179.0,29.0,1.1933,1.0,1.0,1.0
MPLADS-001701,1,11.3,55.1,95.5,11.3,43.8,43.8,43.8,-78.7,0.0531,0.0,0.0,0.0,0.0531,0.0459,43.8,43.8,0,210.0,213.0,3.0,1.0143,1.0,1.0,1.0
MPLADS-001702,1,99.6,85.5,96.1,99.6,14.1,-14.1,-14.1,9.6,0.498,0.0,0.0,0.0,0.498,0.0439,0.0,0.0,0,180.0,200.0,20.0,1.1111,1.0,1.0,1.0
MPLADS-001703,1,83.9,97.8,99.0,83.9,13.9,13.9,13.9,-6.1,0.5054,0.0,0.0,0.0,0.5054,0.036,13.9,13.9,0,150.0,166.0,16.0,1.1067,1.0,1.0,1.0
MPLADS-001704,1,77.8,97.4,86.7,77.8,19.6,19.6,19.6,-12.2,0.5806,0.0,0.0,0.0,0.5806,0.049,19.6,19.6,0,120.0,134.0,14.0,1.1167,1.0,1.0,1.0
MPLADS-001705,1,71.1,87.0,86.9,71.1,15.9,15.9,15.9,-18.9,0.3646,0.0,0.0,0.0,0.3646,-0.0143,15.9,15.9,0,210.0,195.0,0.0,0.9286,1.0,1.0,1.0
MPLADS-001706,1,84.6,89.1,98.1,84.6,4.5,4.5,4.5,-5.4,0.1977,0.0,0.0,0.0,0.1977,0.0228,4.5,4.5,0,400.0,428.0,28.0,1.07,1.0,1.0,1.0
MPLADS-001707,1,87.8,95.6,87.6,87.8,7.8,7.8,7.8,-2.2,0.6227,0.0,0.0,0.0,0.6227,0.0378,7.8,7.8,0,120.0,141.0,21.0,1.175,1.0,1.0,1.0
MPLADS-001708,1,25.1,87.6,82.7,25.1,62.5,62.5,62.5,-64.9,0.3218,0.0,0.0,0.0,0.3218,0.0292,62.5,62.5,0,60.0,78.0,18.0,1.3,1.0,1.0,0.0
MPLADS-001709,1,17.7,87.6,93.4,17.7,69.9,69.9,69.9,-72.3,0.0444,0.0,0.0,0.0,0.0444,0.047,69.9,69.9,0,400.0,399.0,0.0,0.9975,1.0,1.0,0.0
MPLADS-001710,1,73.7,91.5,90.4,73.7,17.8,17.8,17.8,-16.3,0.431,0.0,0.0,0.0,0.431,0.0272,17.8,17.8,0,150.0,171.0,21.0,1.14,1.0,1.0,1.0
MPLADS-001711,1,85.4,94.2,92.9,85.4,8.8,8.8,8.8,-4.6,1.5815,0.0,0.0,0.0,1.5815,0.0172,8.8,8.8,0,60.0,54.0,0.0,0.9,1.0,1.0,1.0
MPLADS-001712,1,84.5,94.8,91.2,84.5,10.3,10.3,10.3,-5.5,0.6983,0.0,0.0,0.0,0.6983,-0.0178,10.3,10.3,0,90.0,121.0,31.0,1.3444,1.0,1.0,1.0
MPLADS-001713,1,34.9,96.7,85.0,34.9,61.8,61.8,61.8,-55.1,0.3202,0.0,0.0,0.0,0.3202,0.0385,61.8,61.8,0,120.0,109.0,0.0,0.9083,1.0,1.0,0.0
MPLADS-001714,1,80.1,91.7,93.9,80.1,11.6,11.6,11.6,-9.9,0.4108,0.0,0.0,0.0,0.4108,0.03,11.6,11.6,0,210.0,195.0,0.0,0.9286,1.0,1.0,1.0
MPLADS-001715,1,88.9,92.8,81.1,88.9,3.9,3.9,3.9,-1.1,0.4423,0.0,0.0,0.0,0.4423,0.0135,3.9,3.9,0,210.0,201.0,0.0,0.9571,1.0,1.0,1.0
MPLADS-001716,1,98.2,88.3,88.8,98.2,9.9,-9.9,-9.9,8.2,0.8393,0.0,0.0,0.0,0.8393,0.0013,0.0,0.0,0,120.0,117.0,0.0,0.975,1.0,1.0,1.0
MPLADS-001717,1,94.0,88.0,88.4,94.0,6.0,-6.0,-6.0,4.0,0.2321,0.0,0.0,0.0,0.2321,0.0277,0.0,0.0,0,400.0,405.0,5.0,1.0125,1.0,1.0,1.0
MPLADS-001718,1,20.5,97.7,82.2,20.5,77.2,77.2,77.2,-69.5,0.1667,0.0,0.0,0.0,0.1667,0.0144,77.2,77.2,0,120.0,123.0,3.0,1.025,1.0,1.0,0.0
MPLADS-001719,1,72.5,96.2,80.9,72.5,23.7,23.7,23.7,-17.5,0.4448,0.0,0.0,0.0,0.4448,-0.0119,23.7,23.7,0,160.0,163.0,3.0,1.0188,1.0,1.0,1.0
MPLADS-001720,1,94.4,86.4,95.3,94.4,8.0,-8.0,-8.0,4.4,0.9077,0.0,0.0,0.0,0.9077,0.0344,0.0,0.0,0,90.0,104.0,14.0,1.1556,1.0,1.0,1.0
MPLADS-001721,1,97.0,88.7,93.6,97.0,8.3,-8.3,-8.3,7.0,0.574,0.0,0.0,0.0,0.574,0.013,0.0,0.0,0,150.0,169.0,19.0,1.1267,1.0,1.0,1.0
MPLADS-001722,1,34.6,94.0,82.1,34.6,59.4,59.4,59.4,-55.4,0.1821,0.0,0.0,0.0,0.1821,0.0487,59.4,59.4,0,160.0,190.0,30.0,1.1875,1.0,1.0,0.0
MPLADS-001723,1,93.5,88.4,96.0,93.5,5.1,-5.1,-5.1,3.5,0.2286,0.0,0.0,0.0,0.2286,-0.0015,0.0,0.0,0,400.0,409.0,9.0,1.0225,1.0,1.0,1.0
MPLADS-001724,1,97.4,91.5,91.1,97.4,5.9,-5.9,-5.9,7.4,0.4919,0.0,0.0,0.0,0.4919,0.0023,0.0,0.0,0,210.0,198.0,0.0,0.9429,1.0,1.0,1.0
MPLADS-001725,1,85.9,91.5,85.1,85.9,5.6,5.6,5.6,-4.1,0.2045,0.0,0.0,0.0,0.2045,-0.0048,5.6,5.6,0,400.0,420.0,20.0,1.05,1.0,1.0,1.0
MPLADS-001726,1,98.9,92.2,83.4,98.9,6.7,-6.7,-6.7,8.9,0.655,0.0,0.0,0.0,0.655,0.0135,0.0,0.0,0,150.0,151.0,1.0,1.0067,1.0,1.0,1.0
MPLADS-001727,1,76.2,91.0,98.3,76.2,14.8,14.8,14.8,-13.8,0.6298,0.0,0.0,0.0,0.6298,0.0191,14.8,14.8,0,90.0,121.0,31.0,1.3444,1.0,1.0,1.0
MPLADS-001728,1,82.3,94.0,88.8,82.3,11.7,11.7,11.7,-7.7,0.5379,0.0,0.0,0.0,0.5379,0.0092,11.7,11.7,0,160.0,153.0,0.0,0.9563,1.0,1.0,1.0
MPLADS-001729,1,92.4,87.8,92.8,92.4,4.6,-4.6,-4.6,2.4,0.56,0.0,0.0,0.0,0.56,0.0375,0.0,0.0,0,180.0,165.0,0.0,0.9167,1.0,1.0,1.0
MPLADS-001730,1,89.2,85.9,91.2,89.2,3.3,-3.3,-3.3,-0.8,0.7311,0.0,0.0,0.0,0.7311,-0.0073,0.0,0.0,0,120.0,122.0,2.0,1.0167,1.0,1.0,1.0
MPLADS-001731,1,81.0,96.1,91.2,81.0,15.1,15.1,15.1,-9.0,0.1897,0.0,0.0,0.0,0.1897,0.0143,15.1,15.1,0,400.0,427.0,27.0,1.0675,1.0,1.0,1.0
MPLADS-001732,1,77.0,95.5,81.9,77.0,18.5,18.5,18.5,-13.0,0.828,0.0,0.0,0.0,0.828,0.0091,18.5,18.5,0,60.0,93.0,33.0,1.55,1.0,1.0,1.0
MPLADS-001733,1,70.5,96.2,92.6,70.5,25.7,25.7,25.7,-19.5,0.3543,0.0,0.0,0.0,0.3543,-0.0199,25.7,25.7,0,180.0,199.0,19.0,1.1056,1.0,1.0,1.0
MPLADS-001734,1,74.2,91.8,91.3,74.2,17.6,17.6,17.6,-15.8,0.3926,0.0,0.0,0.0,0.3926,0.0128,17.6,17.6,0,160.0,189.0,29.0,1.1812,1.0,1.0,1.0
MPLADS-001735,1,79.1,87.6,89.5,79.1,8.5,8.5,8.5,-10.9,0.1844,0.0,0.0,0.0,0.1844,0.0265,8.5,8.5,0,400.0,429.0,29.0,1.0725,1.0,1.0,1.0
MPLADS-001736,1,70.0,90.7,96.4,70.0,20.7,20.7,20.7,-20.0,0.1655,0.0,0.0,0.0,0.1655,0.0469,20.7,20.7,0,400.0,423.0,23.0,1.0575,1.0,1.0,1.0
MPLADS-001737,1,33.7,97.2,90.6,33.7,63.5,63.5,63.5,-56.3,0.0871,0.0,0.0,0.0,0.0871,-0.0023,63.5,63.5,0,400.0,387.0,0.0,0.9675,1.0,1.0,0.0
MPLADS-001738,1,78.8,94.0,85.4,78.8,15.2,15.2,15.2,-11.2,0.4306,0.0,0.0,0.0,0.4306,-0.0142,15.2,15.2,0,160.0,183.0,23.0,1.1438,1.0,1.0,1.0
MPLADS-001739,1,14.1,46.3,92.7,14.1,32.2,32.2,32.2,-75.9,0.164,0.0,0.0,0.0,0.164,0.0411,32.2,32.2,0,60.0,86.0,26.0,1.4333,1.0,1.0,1.0
MPLADS-001740,1,97.0,88.3,90.7,97.0,8.7,-8.7,-8.7,7.0,0.4732,0.0,0.0,0.0,0.4732,0.0034,0.0,0.0,0,210.0,205.0,0.0,0.9762,1.0,1.0,1.0
MPLADS-001741,1,77.8,93.8,85.1,77.8,16.0,16.0,16.0,-12.2,0.3383,0.0,0.0,0.0,0.3383,0.0021,16.0,16.0,0,210.0,230.0,20.0,1.0952,1.0,1.0,1.0
MPLADS-001742,1,93.5,91.5,99.6,93.5,2.0,-2.0,-2.0,3.5,0.403,0.0,0.0,0.0,0.403,0.011,0.0,0.0,0,210.0,232.0,22.0,1.1048,1.0,1.0,1.0
MPLADS-001743,1,99.8,97.3,82.2,99.8,2.5,-2.5,-2.5,9.8,0.4685,0.0,0.0,0.0,0.4685,-0.0148,0.0,0.0,0,210.0,213.0,3.0,1.0143,1.0,1.0,1.0
MPLADS-001744,1,91.9,95.3,92.1,91.9,3.4,3.4,3.4,1.9,0.3829,0.0,0.0,0.0,0.3829,-0.0169,3.4,3.4,0,210.0,240.0,30.0,1.1429,1.0,1.0,1.0
MPLADS-001745,1,71.7,95.6,93.0,71.7,23.9,23.9,23.9,-18.3,0.3447,0.0,0.0,0.0,0.3447,0.0469,23.9,23.9,0,210.0,208.0,0.0,0.9905,1.0,1.0,1.0
MPLADS-001746,1,84.1,96.2,91.5,84.1,12.1,12.1,12.1,-5.9,0.557,0.0,0.0,0.0,0.557,0.0112,12.1,12.1,0,120.0,151.0,31.0,1.2583,1.0,1.0,1.0
MPLADS-001747,1,92.3,87.6,99.0,92.3,4.7,-4.7,-4.7,2.3,0.6992,0.0,0.0,0.0,0.6992,0.0469,0.0,0.0,0,120.0,132.0,12.0,1.1,1.0,1.0,1.0
MPLADS-001748,1,76.1,96.9,82.5,76.1,20.8,20.8,20.8,-13.9,0.3491,0.0,0.0,0.0,0.3491,0.0444,20.8,20.8,0,210.0,218.0,8.0,1.0381,1.0,1.0,1.0
MPLADS-001749,1,92.8,156.4,97.2,92.8,63.6,63.6,63.6,2.8,0.5491,0.0,0.0,0.0,0.5491,0.0175,63.6,63.6,0,150.0,169.0,19.0,1.1267,1.0,1.0,1.0
MPLADS-001750,1,71.1,96.6,82.0,71.1,25.5,25.5,25.5,-18.9,0.6237,0.0,0.0,0.0,0.6237,0.0213,25.5,25.5,0,90.0,114.0,24.0,1.2667,1.0,1.0,1.0
MPLADS-001751,1,74.5,89.3,82.0,74.5,14.8,14.8,14.8,-15.5,0.1867,0.0,0.0,0.0,0.1867,-0.0179,14.8,14.8,0,400.0,399.0,0.0,0.9975,1.0,1.0,1.0
MPLADS-001752,1,76.4,91.9,87.6,76.4,15.5,15.5,15.5,-13.6,0.4086,0.0,0.0,0.0,0.4086,0.0039,15.5,15.5,0,180.0,187.0,7.0,1.0389,1.0,1.0,1.0
MPLADS-001753,1,97.2,86.2,94.8,97.2,11.0,-11.0,-11.0,7.2,0.917,0.0,0.0,0.0,0.917,-0.0067,0.0,0.0,0,90.0,106.0,16.0,1.1778,1.0,1.0,1.0
MPLADS-001754,1,84.2,94.2,94.4,84.2,10.0,10.0,10.0,-5.8,0.3494,0.0,0.0,0.0,0.3494,-0.0048,10.0,10.0,0,210.0,241.0,31.0,1.1476,1.0,1.0,1.0
MPLADS-001755,1,98.4,93.8,91.8,98.4,4.6,-4.6,-4.6,8.4,0.5655,0.0,0.0,0.0,0.5655,0.0222,0.0,0.0,0,150.0,174.0,24.0,1.16,1.0,1.0,1.0
MPLADS-001756,1,75.6,131.3,84.5,75.6,55.7,55.7,55.7,-14.4,0.3761,0.0,0.0,0.0,0.3761,-0.0078,55.7,55.7,0,210.0,201.0,0.0,0.9571,1.0,1.0,1.0
MPLADS-001757,1,82.5,90.0,87.4,82.5,7.5,7.5,7.5,-7.5,0.494,0.0,0.0,0.0,0.494,0.0412,7.5,7.5,0,180.0,167.0,0.0,0.9278,1.0,1.0,1.0
MPLADS-001758,1,76.9,89.7,86.0,76.9,12.8,12.8,12.8,-13.1,0.455,0.0,0.0,0.0,0.455,0.0493,12.8,12.8,0,150.0,169.0,19.0,1.1267,1.0,1.0,1.0
MPLADS-001759,1,94.9,89.8,89.2,94.9,5.1,-5.1,-5.1,4.9,0.6827,0.0,0.0,0.0,0.6827,-0.0026,0.0,0.0,0,150.0,139.0,0.0,0.9267,1.0,1.0,1.0
MPLADS-001760,1,71.5,93.7,82.1,71.5,22.2,22.2,22.2,-18.5,0.55,0.0,0.0,0.0,0.55,-0.017,22.2,22.2,0,120.0,130.0,10.0,1.0833,1.0,1.0,1.0
MPLADS-001761,1,92.7,91.9,93.2,92.7,0.8,-0.8,-0.8,2.7,0.5328,0.0,0.0,0.0,0.5328,0.022,0.0,0.0,0,180.0,174.0,0.0,0.9667,1.0,1.0,1.0
MPLADS-001762,1,92.2,95.8,94.8,92.2,3.6,3.6,3.6,2.2,0.6106,0.0,0.0,0.0,0.6106,0.0418,3.6,3.6,0,120.0,151.0,31.0,1.2583,1.0,1.0,1.0
MPLADS-001763,1,93.6,95.7,91.6,93.6,2.1,2.1,2.1,3.6,0.8211,0.0,0.0,0.0,0.8211,-0.0106,2.1,2.1,0,90.0,114.0,24.0,1.2667,1.0,1.0,1.0
MPLADS-001764,1,81.4,93.3,99.5,81.4,11.9,11.9,11.9,-8.6,0.1911,0.0,0.0,0.0,0.1911,0.0498,11.9,11.9,0,400.0,426.0,26.0,1.065,1.0,1.0,1.0
MPLADS-001765,1,93.8,90.8,92.2,93.8,3.0,-3.0,-3.0,3.8,1.4212,0.0,0.0,0.0,1.4212,0.0112,0.0,0.0,0,60.0,66.0,6.0,1.1,1.0,1.0,1.0
MPLADS-001766,1,0.0,100.0,88.5,0.0,100.0,100.0,100.0,-90.0,0.0,0.0,0.0,0.0,0.0,0.022,100.0,100.0,0,120.0,117.0,0.0,0.975,0.0,0.0,0.0
MPLADS-001767,1,91.7,94.4,80.6,91.7,2.7,2.7,2.7,1.7,0.9357,0.0,0.0,0.0,0.9357,-0.0177,2.7,2.7,0,90.0,98.0,8.0,1.0889,1.0,1.0,1.0
MPLADS-001768,1,83.2,94.0,80.3,83.2,10.8,10.8,10.8,-6.8,0.1995,0.0,0.0,0.0,0.1995,0.0145,10.8,10.8,0,400.0,417.0,17.0,1.0425,1.0,1.0,1.0
MPLADS-001769,1,99.4,91.5,88.2,99.4,7.9,-7.9,-7.9,9.4,1.949,0.0,0.0,0.0,1.949,0.0413,0.0,0.0,0,60.0,51.0,0.0,0.85,1.0,1.0,1.0
MPLADS-001770,1,85.4,97.2,94.1,85.4,11.8,11.8,11.8,-4.6,0.4291,0.0,0.0,0.0,0.4291,0.0278,11.8,11.8,0,210.0,199.0,0.0,0.9476,1.0,1.0,1.0
MPLADS-001771,1,88.2,95.9,88.3,88.2,7.7,7.7,7.7,-1.8,1.3569,0.0,0.0,0.0,1.3569,0.0347,7.7,7.7,0,60.0,65.0,5.0,1.0833,1.0,1.0,1.0
MPLADS-001772,1,79.3,87.9,88.0,79.3,8.6,8.6,8.6,-10.7,0.4196,0.0,0.0,0.0,0.4196,0.0128,8.6,8.6,0,160.0,189.0,29.0,1.1812,1.0,1.0,1.0
MPLADS-001773,1,88.0,85.7,80.8,88.0,2.3,-2.3,-2.3,-2.0,0.4231,0.0,0.0,0.0,0.4231,0.0381,0.0,0.0,0,210.0,208.0,0.0,0.9905,1.0,1.0,1.0
MPLADS-001774,1,75.2,94.1,80.3,75.2,18.9,18.9,18.9,-14.8,0.3979,0.0,0.0,0.0,0.3979,0.0296,18.9,18.9,0,180.0,189.0,9.0,1.05,1.0,1.0,1.0
MPLADS-001775,1,89.0,90.3,95.5,89.0,1.3,1.3,1.3,-1.0,0.5115,0.0,0.0,0.0,0.5115,0.03,1.3,1.3,0,180.0,174.0,0.0,0.9667,1.0,1.0,1.0
MPLADS-001776,1,85.1,92.7,87.0,85.1,7.6,7.6,7.6,-4.9,0.3531,0.0,0.0,0.0,0.3531,-0.0062,7.6,7.6,0,210.0,241.0,31.0,1.1476,1.0,1.0,1.0
MPLADS-001777,1,88.8,92.1,92.9,88.8,3.3,3.3,3.3,-1.2,0.4674,0.0,0.0,0.0,0.4674,0.0049,3.3,3.3,0,160.0,190.0,30.0,1.1875,1.0,1.0,1.0
MPLADS-001778,1,97.9,89.1,97.9,97.9,8.8,-8.8,-8.8,7.9,0.5439,0.0,0.0,0.0,0.5439,0.0281,0.0,0.0,0,150.0,180.0,30.0,1.2,1.0,1.0,1.0
MPLADS-001779,1,71.8,95.2,83.7,71.8,23.4,23.4,23.4,-18.2,0.1841,0.0,0.0,0.0,0.1841,-0.0168,23.4,23.4,0,400.0,390.0,0.0,0.975,1.0,1.0,1.0
MPLADS-001780,1,41.9,91.6,94.5,41.9,49.7,49.7,49.7,-48.1,0.0698,0.0,0.0,0.0,0.0698,-0.0196,49.7,49.7,3,150.0,600.0,450.0,4.0,1.0,1.0,1.0
MPLADS-001781,1,92.7,92.7,92.3,92.7,0.0,0.0,0.0,2.7,1.5983,0.0,0.0,0.0,1.5983,-0.0101,0.0,0.0,0,60.0,58.0,0.0,0.9667,1.0,1.0,1.0
MPLADS-001782,1,13.0,53.3,82.9,13.0,40.3,40.3,40.3,-77.0,0.0323,0.0,0.0,0.0,0.0323,-0.0171,40.3,40.3,0,400.0,403.0,3.0,1.0075,1.0,1.0,1.0
MPLADS-001783,1,94.5,95.8,94.3,94.5,1.3,1.3,1.3,4.5,0.6136,0.0,0.0,0.0,0.6136,-0.0031,1.3,1.3,0,160.0,154.0,0.0,0.9625,1.0,1.0,1.0
MPLADS-001784,1,87.4,91.5,96.6,87.4,4.1,4.1,4.1,-2.6,0.5081,0.0,0.0,0.0,0.5081,0.0126,4.1,4.1,0,180.0,172.0,0.0,0.9556,1.0,1.0,1.0
MPLADS-001785,1,19.4,87.3,98.6,19.4,67.9,67.9,67.9,-70.6,0.1338,0.0,0.0,0.0,0.1338,0.0473,67.9,67.9,0,160.0,145.0,0.0,0.9062,1.0,1.0,0.0
MPLADS-001786,1,78.4,91.0,91.8,78.4,12.6,12.6,12.6,-11.6,0.5297,0.0,0.0,0.0,0.5297,-0.013,12.6,12.6,0,150.0,148.0,0.0,0.9867,1.0,1.0,1.0
MPLADS-001787,1,96.3,90.4,90.1,96.3,5.9,-5.9,-5.9,6.3,0.2444,0.0,0.0,0.0,0.2444,-0.0153,0.0,0.0,0,400.0,394.0,0.0,0.985,1.0,1.0,1.0
MPLADS-001788,1,91.6,89.8,86.3,91.6,1.8,-1.8,-1.8,1.6,0.4557,0.0,0.0,0.0,0.4557,-0.0193,0.0,0.0,0,180.0,201.0,21.0,1.1167,1.0,1.0,1.0
MPLADS-001789,1,92.6,94.0,99.2,92.6,1.4,1.4,1.4,2.6,0.4287,0.0,0.0,0.0,0.4287,0.0127,1.4,1.4,0,210.0,216.0,6.0,1.0286,1.0,1.0,1.0
MPLADS-001790,1,82.0,97.9,82.2,82.0,15.9,15.9,15.9,-8.0,0.3565,0.0,0.0,0.0,0.3565,0.0113,15.9,15.9,0,210.0,230.0,20.0,1.0952,1.0,1.0,1.0
MPLADS-001791,1,85.0,94.0,82.8,85.0,9.0,9.0,9.0,-5.0,0.503,0.0,0.0,0.0,0.503,0.0062,9.0,9.0,0,160.0,169.0,9.0,1.0562,1.0,1.0,1.0
MPLADS-001792,1,90.0,96.3,94.9,90.0,6.3,6.3,6.3,0.0,0.5294,0.0,0.0,0.0,0.5294,0.0249,6.3,6.3,0,180.0,170.0,0.0,0.9444,1.0,1.0,1.0
MPLADS-001793,1,83.7,147.7,93.1,83.7,64.0,64.0,64.0,-6.3,0.4144,0.0,0.0,0.0,0.4144,0.0346,64.0,64.0,0,180.0,202.0,22.0,1.1222,1.0,1.0,1.0
MPLADS-001794,1,94.9,88.1,84.3,94.9,6.8,-6.8,-6.8,4.9,0.2446,0.0,0.0,0.0,0.2446,-0.0142,0.0,0.0,0,400.0,388.0,0.0,0.97,1.0,1.0,1.0
MPLADS-001795,1,81.1,89.2,82.1,81.1,8.1,8.1,8.1,-8.9,0.1917,0.0,0.0,0.0,0.1917,0.0382,8.1,8.1,0,400.0,423.0,23.0,1.0575,1.0,1.0,1.0
MPLADS-001796,1,72.8,97.5,80.7,72.8,24.7,24.7,24.7,-17.2,0.8988,0.0,0.0,0.0,0.8988,-0.017,24.7,24.7,0,60.0,81.0,21.0,1.35,1.0,1.0,1.0
MPLADS-001797,1,91.9,88.2,90.5,91.9,3.7,-3.7,-3.7,1.9,0.867,0.0,0.0,0.0,0.867,-0.0097,0.0,0.0,0,120.0,106.0,0.0,0.8833,1.0,1.0,1.0
MPLADS-001798,1,76.5,89.3,83.5,76.5,12.8,12.8,12.8,-13.5,0.1804,0.0,0.0,0.0,0.1804,0.034,12.8,12.8,0,400.0,424.0,24.0,1.06,1.0,1.0,1.0
MPLADS-001799,1,83.2,96.6,82.2,83.2,13.4,13.4,13.4,-6.8,0.4865,0.0,0.0,0.0,0.4865,0.0219,13.4,13.4,0,160.0,171.0,11.0,1.0688,1.0,1.0,1.0
MPLADS-001800,1,98.7,95.9,97.9,98.7,2.8,-2.8,-2.8,8.7,0.2474,0.0,0.0,0.0,0.2474,-0.0174,0.0,0.0,0,400.0,399.0,0.0,0.9975,1.0,1.0,1.0
MPLADS-001801,1,73.3,93.8,96.8,73.3,20.5,20.5,20.5,-16.7,0.476,0.0,0.0,0.0,0.476,-0.003,20.5,20.5,0,120.0,154.0,34.0,1.2833,1.0,1.0,1.0
MPLADS-001802,1,73.2,92.0,97.6,73.2,18.8,18.8,18.8,-16.8,0.3536,0.0,0.0,0.0,0.3536,0.0006,18.8,18.8,0,180.0,207.0,27.0,1.15,1.0,1.0,1.0
MPLADS-001803,1,81.0,97.1,84.2,81.0,16.1,16.1,16.1,-9.0,0.3821,0.0,0.0,0.0,0.3821,0.0233,16.1,16.1,0,180.0,212.0,32.0,1.1778,1.0,1.0,1.0
MPLADS-001804,1,97.9,97.1,94.2,97.9,0.8,-0.8,-0.8,7.9,0.8513,0.0,0.0,0.0,0.8513,0.0464,0.0,0.0,0,120.0,115.0,0.0,0.9583,1.0,1.0,1.0
MPLADS-001805,1,81.7,97.6,80.1,81.7,15.9,15.9,15.9,-8.3,1.4855,0.0,0.0,0.0,1.4855,0.0366,15.9,15.9,0,60.0,55.0,0.0,0.9167,1.0,1.0,1.0
MPLADS-001806,1,26.9,86.5,98.5,26.9,59.6,59.6,59.6,-63.1,0.2637,0.0,0.0,0.0,0.2637,0.0363,59.6,59.6,0,90.0,102.0,12.0,1.1333,1.0,1.0,0.0
MPLADS-001807,1,85.2,85.5,88.8,85.2,0.3,0.3,0.3,-4.8,0.5358,0.0,0.0,0.0,0.5358,0.0051,0.3,0.3,0,160.0,159.0,0.0,0.9938,1.0,1.0,1.0
MPLADS-001808,1,49.6,93.1,95.3,49.6,43.5,43.5,43.5,-40.4,0.0919,0.0,0.0,0.0,0.0919,0.0033,43.5,43.5,3,180.0,540.0,360.0,3.0,1.0,1.0,1.0
MPLADS-001809,1,99.6,89.2,85.6,99.6,10.4,-10.4,-10.4,9.6,0.5108,0.0,0.0,0.0,0.5108,-0.0005,0.0,0.0,0,180.0,195.0,15.0,1.0833,1.0,1.0,1.0
MPLADS-001810,1,87.1,94.1,80.2,87.1,7.0,7.0,7.0,-2.9,0.9168,0.0,0.0,0.0,0.9168,-0.0144,7.0,7.0,0,90.0,95.0,5.0,1.0556,1.0,1.0,1.0
MPLADS-001811,1,71.7,94.1,88.0,71.7,22.4,22.4,22.4,-18.3,0.3398,0.0,0.0,0.0,0.3398,0.0241,22.4,22.4,0,180.0,211.0,31.0,1.1722,1.0,1.0,1.0
MPLADS-001812,1,71.5,93.0,84.1,71.5,21.5,21.5,21.5,-18.5,0.7857,0.0,0.0,0.0,0.7857,0.0474,21.5,21.5,0,60.0,91.0,31.0,1.5167,1.0,1.0,1.0
MPLADS-001813,1,91.3,88.9,81.8,91.3,2.4,-2.4,-2.4,1.3,0.8613,0.0,0.0,0.0,0.8613,-0.0086,0.0,0.0,0,120.0,106.0,0.0,0.8833,1.0,1.0,1.0
MPLADS-001814,1,71.4,86.2,91.6,71.4,14.8,14.8,14.8,-18.6,0.6209,0.0,0.0,0.0,0.6209,0.0329,14.8,14.8,0,120.0,115.0,0.0,0.9583,1.0,1.0,1.0
MPLADS-001815,1,80.9,135.1,85.6,80.9,54.2,54.2,54.2,-9.1,0.5025,0.0,0.0,0.0,0.5025,0.04,54.2,54.2,0,160.0,161.0,1.0,1.0063,1.0,1.0,1.0
MPLADS-001816,1,84.7,89.0,91.2,84.7,4.3,4.3,4.3,-5.3,0.3833,0.0,0.0,0.0,0.3833,0.0109,4.3,4.3,0,210.0,221.0,11.0,1.0524,1.0,1.0,1.0
MPLADS-001817,1,28.1,89.6,83.6,28.1,61.5,61.5,61.5,-61.9,0.0684,0.0,0.0,0.0,0.0684,0.0134,61.5,61.5,0,400.0,411.0,11.0,1.0275,1.0,1.0,0.0
MPLADS-001818,1,78.7,96.4,96.8,78.7,17.7,17.7,17.7,-11.3,0.5354,0.0,0.0,0.0,0.5354,0.0158,17.7,17.7,0,120.0,147.0,27.0,1.225,1.0,1.0,1.0
MPLADS-001819,1,97.9,89.4,87.3,97.9,8.5,-8.5,-8.5,7.9,0.5531,0.0,0.0,0.0,0.5531,-0.0026,0.0,0.0,0,160.0,177.0,17.0,1.1062,1.0,1.0,1.0
MPLADS-001820,1,81.7,85.2,93.2,81.7,3.5,3.5,3.5,-8.3,0.4564,0.0,0.0,0.0,0.4564,0.0291,3.5,3.5,0,150.0,179.0,29.0,1.1933,1.0,1.0,1.0
MPLADS-001821,1,96.8,140.2,82.6,96.8,43.4,43.4,43.4,6.8,1.2737,0.0,0.0,0.0,1.2737,-0.0137,43.4,43.4,0,60.0,76.0,16.0,1.2667,1.0,1.0,1.0
MPLADS-001822,1,91.7,90.3,87.6,91.7,1.4,-1.4,-1.4,1.7,0.5152,0.0,0.0,0.0,0.5152,0.0262,0.0,0.0,0,150.0,178.0,28.0,1.1867,1.0,1.0,1.0
MPLADS-001823,1,74.0,91.0,98.9,74.0,17.0,17.0,17.0,-16.0,0.3071,0.0,0.0,0.0,0.3071,0.0316,17.0,17.0,0,210.0,241.0,31.0,1.1476,1.0,1.0,1.0
MPLADS-001824,1,88.7,94.4,95.5,88.7,5.7,5.7,5.7,-1.3,0.5127,0.0,0.0,0.0,0.5127,0.0201,5.7,5.7,0,180.0,173.0,0.0,0.9611,1.0,1.0,1.0
MPLADS-001825,1,80.5,96.5,97.4,80.5,16.0,16.0,16.0,-9.5,0.347,0.0,0.0,0.0,0.347,0.0377,16.0,16.0,0,210.0,232.0,22.0,1.1048,1.0,1.0,1.0
MPLADS-001826,1,84.9,90.7,94.9,84.9,5.8,5.8,5.8,-5.1,0.5024,0.0,0.0,0.0,0.5024,0.0403,5.8,5.8,0,160.0,169.0,9.0,1.0562,1.0,1.0,1.0
MPLADS-001827,1,96.7,85.3,80.4,96.7,11.4,-11.4,-11.4,6.7,0.4477,0.0,0.0,0.0,0.4477,0.0259,0.0,0.0,0,210.0,216.0,6.0,1.0286,1.0,1.0,1.0
MPLADS-001828,1,89.7,94.5,97.8,89.7,4.8,4.8,4.8,-0.3,0.9645,0.0,0.0,0.0,0.9645,-0.0162,4.8,4.8,0,60.0,93.0,33.0,1.55,1.0,1.0,1.0
MPLADS-001829,1,76.0,94.2,91.1,76.0,18.2,18.2,18.2,-14.0,0.5278,0.0,0.0,0.0,0.5278,0.0205,18.2,18.2,0,150.0,144.0,0.0,0.96,1.0,1.0,1.0
MPLADS-001830,1,92.1,85.8,96.2,92.1,6.3,-6.3,-6.3,2.1,0.4582,0.0,0.0,0.0,0.4582,0.0478,0.0,0.0,0,180.0,201.0,21.0,1.1167,1.0,1.0,1.0
MPLADS-001831,1,82.8,96.7,96.0,82.8,13.9,13.9,13.9,-7.2,0.5872,0.0,0.0,0.0,0.5872,0.0407,13.9,13.9,0,120.0,141.0,21.0,1.175,1.0,1.0,1.0
MPLADS-001832,1,87.2,92.3,80.3,87.2,5.1,5.1,5.1,-2.8,0.535,0.0,0.0,0.0,0.535,-0.0117,5.1,5.1,0,160.0,163.0,3.0,1.0188,1.0,1.0,1.0
MPLADS-001833,1,93.5,91.3,81.0,93.5,2.2,-2.2,-2.2,3.5,0.388,0.0,0.0,0.0,0.388,0.0008,0.0,0.0,0,210.0,241.0,31.0,1.1476,1.0,1.0,1.0
MPLADS-001834,1,88.5,139.5,86.9,88.5,51.0,51.0,51.0,-1.5,0.5637,0.0,0.0,0.0,0.5637,0.0411,51.0,51.0,0,160.0,157.0,0.0,0.9812,1.0,1.0,1.0
MPLADS-001835,1,14.4,69.6,91.3,14.4,55.2,55.2,55.2,-75.6,0.1756,0.0,0.0,0.0,0.1756,0.0211,55.2,55.2,0,90.0,82.0,0.0,0.9111,1.0,1.0,1.0
MPLADS-001836,1,71.5,89.4,88.4,71.5,17.9,17.9,17.9,-18.5,0.4554,0.0,0.0,0.0,0.4554,0.0496,17.9,17.9,0,160.0,157.0,0.0,0.9812,1.0,1.0,1.0
MPLADS-001837,1,97.6,94.9,86.7,97.6,2.7,-2.7,-2.7,7.6,1.0167,0.0,0.0,0.0,1.0167,0.0255,0.0,0.0,0,90.0,96.0,6.0,1.0667,1.0,1.0,1.0
MPLADS-001838,1,76.4,85.6,85.6,76.4,9.2,9.2,9.2,-13.6,0.191,0.0,0.0,0.0,0.191,-0.0007,9.2,9.2,0,400.0,400.0,0.0,1.0,1.0,1.0,1.0
MPLADS-001839,1,87.8,88.9,91.2,87.8,1.1,1.1,1.1,-2.2,0.4457,0.0,0.0,0.0,0.4457,-0.0119,1.1,1.1,0,210.0,197.0,0.0,0.9381,1.0,1.0,1.0
MPLADS-001840,1,70.5,86.8,90.0,70.5,16.3,16.3,16.3,-19.5,0.7663,0.0,0.0,0.0,0.7663,-0.0113,16.3,16.3,0,90.0,92.0,2.0,1.0222,1.0,1.0,1.0
MPLADS-001841,1,91.6,92.2,93.4,91.6,0.6,0.6,0.6,1.6,0.6274,0.0,0.0,0.0,0.6274,-0.0163,0.6,0.6,0,160.0,146.0,0.0,0.9125,1.0,1.0,1.0
MPLADS-001842,1,70.9,90.5,92.8,70.9,19.6,19.6,19.6,-19.1,0.8542,0.0,0.0,0.0,0.8542,0.0374,19.6,19.6,0,90.0,83.0,0.0,0.9222,1.0,1.0,1.0
MPLADS-001843,1,84.9,88.4,89.5,84.9,3.5,3.5,3.5,-5.1,0.5896,0.0,0.0,0.0,0.5896,0.0215,3.5,3.5,0,150.0,144.0,0.0,0.96,0.0,0.0,0.0
MPLADS-001844,1,73.1,91.5,89.3,73.1,18.4,18.4,18.4,-16.9,0.4153,0.0,0.0,0.0,0.4153,-0.0149,18.4,18.4,0,160.0,176.0,16.0,1.1,1.0,1.0,1.0
MPLADS-001845,1,96.6,91.9,91.3,96.6,4.7,-4.7,-4.7,6.6,0.4059,0.0,0.0,0.0,0.4059,0.0377,0.0,0.0,0,210.0,238.0,28.0,1.1333,1.0,1.0,1.0
MPLADS-001846,1,20.4,95.4,88.5,20.4,75.0,75.0,75.0,-69.6,0.0474,0.0,0.0,0.0,0.0474,0.0022,75.0,75.0,0,400.0,430.0,30.0,1.075,1.0,1.0,0.0
MPLADS-001847,1,87.1,90.4,99.2,87.1,3.3,3.3,3.3,-2.9,1.8935,0.0,0.0,0.0,1.8935,0.0244,3.3,3.3,0,60.0,46.0,0.0,0.7667,1.0,1.0,1.0
MPLADS-001848,1,88.3,95.1,88.9,88.3,6.8,6.8,6.8,-1.7,0.2186,0.0,0.0,0.0,0.2186,0.0313,6.8,6.8,0,400.0,404.0,4.0,1.01,1.0,1.0,1.0
MPLADS-001849,1,80.9,90.4,98.7,80.9,9.5,9.5,9.5,-9.1,0.801,0.0,0.0,0.0,0.801,0.018,9.5,9.5,0,90.0,101.0,11.0,1.1222,1.0,1.0,1.0
MPLADS-001850,1,78.4,88.9,82.7,78.4,10.5,10.5,10.5,-11.6,0.201,0.0,0.0,0.0,0.201,0.0442,10.5,10.5,0,400.0,390.0,0.0,0.975,1.0,1.0,1.0
MPLADS-001851,1,81.0,97.4,94.3,81.0,16.4,16.4,16.4,-9.0,0.4525,0.0,0.0,0.0,0.4525,0.0284,16.4,16.4,0,150.0,179.0,29.0,1.1933,1.0,1.0,1.0
MPLADS-001852,1,73.1,88.1,89.4,73.1,15.0,15.0,15.0,-16.9,0.7536,0.0,0.0,0.0,0.7536,-0.0089,15.0,15.0,0,90.0,97.0,7.0,1.0778,1.0,1.0,1.0
MPLADS-001853,1,98.9,95.6,90.7,98.9,3.3,-3.3,-3.3,8.9,0.655,0.0,0.0,0.0,0.655,0.036,0.0,0.0,0,150.0,151.0,1.0,1.0067,1.0,1.0,1.0
MPLADS-001854,1,96.2,86.2,94.8,96.2,10.0,-10.0,-10.0,6.2,0.576,0.0,0.0,0.0,0.576,-0.005,0.0,0.0,0,180.0,167.0,0.0,0.9278,1.0,1.0,1.0
MPLADS-001855,1,90.0,89.4,91.8,90.0,0.6,-0.6,-0.6,0.0,0.9677,0.0,0.0,0.0,0.9677,-0.0106,0.0,0.0,0,90.0,93.0,3.0,1.0333,1.0,1.0,1.0
MPLADS-001856,1,95.8,91.4,94.5,95.8,4.4,-4.4,-4.4,5.8,0.5293,0.0,0.0,0.0,0.5293,0.0298,0.0,0.0,0,150.0,181.0,31.0,1.2067,1.0,1.0,1.0
MPLADS-001857,1,97.9,92.2,89.0,97.9,5.7,-5.7,-5.7,7.9,1.8827,0.0,0.0,0.0,1.8827,0.0046,0.0,0.0,0,60.0,52.0,0.0,0.8667,1.0,1.0,1.0
MPLADS-001858,1,22.0,67.2,94.6,22.0,45.2,45.2,45.2,-68.0,0.1429,0.0,0.0,0.0,0.1429,0.0438,45.2,45.2,0,120.0,154.0,34.0,1.2833,1.0,1.0,1.0
MPLADS-001859,1,83.5,90.0,91.6,83.5,6.5,6.5,6.5,-6.5,0.5285,0.0,0.0,0.0,0.5285,-0.0035,6.5,6.5,0,150.0,158.0,8.0,1.0533,1.0,1.0,1.0
MPLADS-001860,1,85.0,86.6,97.4,85.0,1.6,1.6,1.6,-5.0,0.4106,0.0,0.0,0.0,0.4106,-0.0014,1.6,1.6,0,210.0,207.0,0.0,0.9857,1.0,1.0,1.0
MPLADS-001861,1,73.8,88.3,97.8,73.8,14.5,14.5,14.5,-16.2,0.9111,0.0,0.0,0.0,0.9111,-0.019,14.5,14.5,0,90.0,81.0,0.0,0.9,1.0,1.0,1.0
MPLADS-001862,1,77.3,85.3,84.1,77.3,8.0,8.0,8.0,-12.7,0.5223,0.0,0.0,0.0,0.5223,0.0429,8.0,8.0,0,160.0,148.0,0.0,0.925,1.0,1.0,1.0
MPLADS-001863,1,86.5,95.2,88.6,86.5,8.7,8.7,8.7,-3.5,0.3697,0.0,0.0,0.0,0.3697,0.0186,8.7,8.7,0,210.0,234.0,24.0,1.1143,1.0,1.0,1.0
MPLADS-001864,1,78.6,98.0,84.9,78.6,19.4,19.4,19.4,-11.4,0.9704,0.0,0.0,0.0,0.9704,-0.0136,19.4,19.4,0,90.0,81.0,0.0,0.9,1.0,1.0,1.0
MPLADS-001865,1,86.7,90.8,98.7,86.7,4.1,4.1,4.1,-3.3,0.9031,0.0,0.0,0.0,0.9031,0.0453,4.1,4.1,0,90.0,96.0,6.0,1.0667,1.0,1.0,1.0
MPLADS-001866,1,99.5,94.7,82.2,99.5,4.8,-4.8,-4.8,9.5,0.9045,0.0,0.0,0.0,0.9045,0.0237,0.0,0.0,0,120.0,110.0,0.0,0.9167,1.0,1.0,1.0
MPLADS-001867,1,86.4,95.1,90.4,86.4,8.7,8.7,8.7,-3.6,0.5574,0.0,0.0,0.0,0.5574,0.0373,8.7,8.7,0,150.0,155.0,5.0,1.0333,1.0,1.0,1.0
MPLADS-001868,1,75.9,97.1,81.6,75.9,21.2,21.2,21.2,-14.1,0.1907,0.0,0.0,0.0,0.1907,0.01,21.2,21.2,0,400.0,398.0,0.0,0.995,1.0,1.0,1.0
MPLADS-001869,1,98.8,90.8,82.3,98.8,8.0,-8.0,-8.0,8.8,0.5173,0.0,0.0,0.0,0.5173,-0.003,0.0,0.0,0,160.0,191.0,31.0,1.1938,1.0,1.0,1.0
MPLADS-001870,1,95.8,85.5,84.9,95.8,10.3,-10.3,-10.3,5.8,1.2773,0.0,0.0,0.0,1.2773,0.0233,0.0,0.0,0,90.0,75.0,0.0,0.8333,1.0,1.0,1.0
MPLADS-001871,1,74.9,85.9,84.5,74.9,11.0,11.0,11.0,-15.1,0.4801,0.0,0.0,0.0,0.4801,0.0208,11.0,11.0,0,160.0,156.0,0.0,0.975,1.0,1.0,1.0
MPLADS-001872,1,86.8,88.9,92.3,86.8,2.1,2.1,2.1,-3.2,0.5826,0.0,0.0,0.0,0.5826,0.0011,2.1,2.1,0,120.0,149.0,29.0,1.2417,1.0,1.0,1.0
MPLADS-001873,1,79.7,91.9,89.4,79.7,12.2,12.2,12.2,-10.3,0.5209,0.0,0.0,0.0,0.5209,0.0006,12.2,12.2,0,160.0,153.0,0.0,0.9563,1.0,1.0,1.0
MPLADS-001874,1,95.6,87.7,89.1,95.6,7.9,-7.9,-7.9,5.6,1.2256,0.0,0.0,0.0,1.2256,0.0205,0.0,0.0,0,90.0,78.0,0.0,0.8667,1.0,1.0,1.0
MPLADS-001875,1,0.0,100.0,92.3,0.0,100.0,100.0,100.0,-90.0,0.0,0.0,0.0,0.0,0.0,0.0435,100.0,100.0,0,120.0,106.0,0.0,0.8833,0.0,0.0,0.0
MPLADS-001876,1,77.4,93.3,81.8,77.4,15.9,15.9,15.9,-12.6,0.4474,0.0,0.0,0.0,0.4474,-0.009,15.9,15.9,0,150.0,173.0,23.0,1.1533,1.0,1.0,1.0
MPLADS-001877,1,74.4,94.0,86.2,74.4,19.6,19.6,19.6,-15.6,0.4831,0.0,0.0,0.0,0.4831,0.0184,19.6,19.6,0,120.0,154.0,34.0,1.2833,1.0,1.0,1.0
MPLADS-001878,1,87.1,89.5,87.7,87.1,2.4,2.4,2.4,-2.9,0.6091,0.0,0.0,0.0,0.6091,0.028,2.4,2.4,0,120.0,143.0,23.0,1.1917,1.0,1.0,1.0
MPLADS-001879,1,98.8,92.8,97.4,98.8,6.0,-6.0,-6.0,8.8,0.2416,0.0,0.0,0.0,0.2416,-0.0191,0.0,0.0,0,400.0,409.0,9.0,1.0225,1.0,1.0,1.0
MPLADS-001880,1,72.8,87.2,82.9,72.8,14.4,14.4,14.4,-17.2,0.4184,0.0,0.0,0.0,0.4184,0.0036,14.4,14.4,0,160.0,174.0,14.0,1.0875,1.0,1.0,1.0
MPLADS-001881,1,74.0,86.8,92.6,74.0,12.8,12.8,12.8,-16.0,0.5827,0.0,0.0,0.0,0.5827,0.0425,12.8,12.8,0,120.0,127.0,7.0,1.0583,1.0,1.0,1.0
MPLADS-001882,1,94.4,95.3,87.3,94.4,0.9,0.9,0.9,4.4,0.5048,0.0,0.0,0.0,0.5048,0.02,0.9,0.9,0,160.0,187.0,27.0,1.1687,0.0,0.0,0.0
MPLADS-001883,1,21.3,91.2,88.7,21.3,69.9,69.9,69.9,-68.7,0.121,0.0,0.0,0.0,0.121,0.0145,69.9,69.9,0,150.0,176.0,26.0,1.1733,1.0,1.0,0.0
MPLADS-001884,1,93.5,92.8,96.7,93.5,0.7,-0.7,-0.7,3.5,0.4629,0.0,0.0,0.0,0.4629,0.0383,0.0,0.0,0,210.0,202.0,0.0,0.9619,1.0,1.0,1.0
MPLADS-001885,1,92.5,138.4,85.6,92.5,45.9,45.9,45.9,2.5,0.2256,0.0,0.0,0.0,0.2256,-0.0121,45.9,45.9,0,400.0,410.0,10.0,1.025,1.0,1.0,1.0
MPLADS-001886,1,88.8,91.0,89.1,88.8,2.2,2.2,2.2,-1.2,0.4674,0.0,0.0,0.0,0.4674,-0.0027,2.2,2.2,0,160.0,190.0,30.0,1.1875,1.0,1.0,1.0
MPLADS-001887,1,85.9,85.3,98.4,85.9,0.6,-0.6,-0.6,-4.1,0.2016,0.0,0.0,0.0,0.2016,0.002,0.0,0.0,0,400.0,426.0,26.0,1.065,1.0,1.0,1.0
MPLADS-001888,1,74.5,97.4,97.2,74.5,22.9,22.9,22.9,-15.5,0.5519,0.0,0.0,0.0,0.5519,0.0316,22.9,22.9,0,120.0,135.0,15.0,1.125,1.0,1.0,1.0
MPLADS-001889,1,91.1,86.7,83.4,91.1,4.4,-4.4,-4.4,1.1,1.4015,0.0,0.0,0.0,1.4015,0.0397,0.0,0.0,0,60.0,65.0,5.0,1.0833,1.0,1.0,1.0
MPLADS-001890,1,74.6,85.7,82.3,74.6,11.1,11.1,11.1,-15.4,0.1166,0.0,0.0,0.0,0.1166,-0.0096,11.1,11.1,3,160.0,640.0,480.0,4.0,1.0,1.0,1.0
MPLADS-001891,1,98.1,132.9,91.4,98.1,34.8,34.8,34.8,8.1,0.5839,0.0,0.0,0.0,0.5839,-0.0121,34.8,34.8,0,150.0,168.0,18.0,1.12,1.0,1.0,1.0
MPLADS-001892,1,72.6,96.9,94.5,72.6,24.3,24.3,24.3,-17.4,0.2017,0.0,0.0,0.0,0.2017,0.0071,24.3,24.3,3,120.0,360.0,240.0,3.0,1.0,1.0,1.0
MPLADS-001893,1,71.6,94.5,91.0,71.6,22.9,22.9,22.9,-18.4,1.0377,0.0,0.0,0.0,1.0377,-0.0124,22.9,22.9,0,60.0,69.0,9.0,1.15,1.0,1.0,1.0
MPLADS-001894,1,94.3,90.3,96.2,94.3,4.0,-4.0,-4.0,4.3,0.2424,0.0,0.0,0.0,0.2424,0.0198,0.0,0.0,0,400.0,389.0,0.0,0.9725,1.0,1.0,1.0
MPLADS-001895,1,70.8,89.7,85.9,70.8,18.9,18.9,18.9,-19.2,0.7955,0.0,0.0,0.0,0.7955,0.0203,18.9,18.9,0,90.0,89.0,0.0,0.9889,1.0,1.0,1.0
MPLADS-001896,1,81.8,90.5,88.3,81.8,8.7,8.7,8.7,-8.2,0.6705,0.0,0.0,0.0,0.6705,-0.0137,8.7,8.7,0,90.0,122.0,32.0,1.3556,1.0,1.0,1.0
MPLADS-001897,1,18.1,91.8,97.7,18.1,73.7,73.7,73.7,-71.9,0.0421,0.0,0.0,0.0,0.0421,-0.0173,73.7,73.7,0,400.0,430.0,30.0,1.075,1.0,1.0,0.0
MPLADS-001898,1,75.2,85.5,93.0,75.2,10.3,10.3,10.3,-14.8,0.5047,0.0,0.0,0.0,0.5047,-0.0072,10.3,10.3,0,160.0,149.0,0.0,0.9313,1.0,1.0,1.0
MPLADS-001899,1,91.6,145.5,98.4,91.6,53.9,53.9,53.9,1.6,1.7283,0.0,0.0,0.0,1.7283,0.0063,53.9,53.9,0,60.0,53.0,0.0,0.8833,1.0,1.0,1.0
MPLADS-001900,1,85.9,95.3,85.8,85.9,9.4,9.4,9.4,-4.1,0.3655,0.0,0.0,0.0,0.3655,-0.0094,9.4,9.4,0,210.0,235.0,25.0,1.119,1.0,1.0,1.0
MPLADS-001901,1,75.6,92.7,84.6,75.6,17.1,17.1,17.1,-14.4,0.4223,0.0,0.0,0.0,0.4223,0.0387,17.1,17.1,0,160.0,179.0,19.0,1.1187,1.0,1.0,1.0
MPLADS-001902,1,77.2,96.1,92.1,77.2,18.9,18.9,18.9,-12.8,0.3712,0.0,0.0,0.0,0.3712,0.0272,18.9,18.9,0,210.0,208.0,0.0,0.9905,1.0,1.0,1.0
MPLADS-001903,1,85.5,87.0,81.6,85.5,1.5,1.5,1.5,-4.5,0.6333,0.0,0.0,0.0,0.6333,0.0477,1.5,1.5,0,120.0,135.0,15.0,1.125,1.0,1.0,1.0
MPLADS-001904,1,89.5,95.1,81.4,89.5,5.6,5.6,5.6,-0.5,0.2096,0.0,0.0,0.0,0.2096,0.0051,5.6,5.6,0,400.0,427.0,27.0,1.0675,1.0,1.0,1.0
MPLADS-001905,1,25.9,93.9,98.5,25.9,68.0,68.0,68.0,-64.1,0.2333,0.0,0.0,0.0,0.2333,0.018,68.0,68.0,0,120.0,111.0,0.0,0.925,1.0,1.0,0.0
MPLADS-001906,1,87.9,96.8,97.9,87.9,8.9,8.9,8.9,-2.1,0.216,0.0,0.0,0.0,0.216,0.0104,8.9,8.9,0,400.0,407.0,7.0,1.0175,1.0,1.0,1.0
MPLADS-001907,1,88.8,85.4,93.8,88.8,3.4,-3.4,-3.4,-1.2,0.8,0.0,0.0,0.0,0.8,0.0233,0.0,0.0,0,90.0,111.0,21.0,1.2333,1.0,1.0,1.0
MPLADS-001908,1,70.2,96.1,84.2,70.2,25.9,25.9,25.9,-19.8,0.936,0.0,0.0,0.0,0.936,0.0262,25.9,25.9,0,90.0,75.0,0.0,0.8333,1.0,1.0,1.0
MPLADS-001909,1,83.9,97.6,94.5,83.9,13.7,13.7,13.7,-6.1,0.5707,0.0,0.0,0.0,0.5707,0.0185,13.7,13.7,0,150.0,147.0,0.0,0.98,1.0,1.0,1.0
MPLADS-001910,1,73.0,86.9,82.8,73.0,13.9,13.9,13.9,-17.0,0.8902,0.0,0.0,0.0,0.8902,0.0392,13.9,13.9,0,90.0,82.0,0.0,0.9111,1.0,1.0,1.0
MPLADS-001911,1,21.7,95.3,86.3,21.7,73.6,73.6,73.6,-68.3,0.2385,0.0,0.0,0.0,0.2385,0.0057,73.6,73.6,0,90.0,91.0,1.0,1.0111,1.0,1.0,0.0
MPLADS-001912,1,93.3,85.7,88.0,93.3,7.6,-7.6,-7.6,3.3,0.5098,0.0,0.0,0.0,0.5098,0.0106,0.0,0.0,0,160.0,183.0,23.0,1.1438,1.0,1.0,1.0
MPLADS-001913,1,47.0,85.3,93.5,47.0,38.3,38.3,38.3,-43.0,0.0653,0.0,0.0,0.0,0.0653,0.016,38.3,38.3,4,180.0,720.0,540.0,4.0,1.0,1.0,1.0
MPLADS-001914,1,79.6,96.4,82.3,79.6,16.8,16.8,16.8,-10.4,0.5307,0.0,0.0,0.0,0.5307,0.0418,16.8,16.8,0,160.0,150.0,0.0,0.9375,1.0,1.0,1.0
MPLADS-001915,1,74.5,96.8,98.1,74.5,22.3,22.3,22.3,-15.5,0.8765,0.0,0.0,0.0,0.8765,0.0429,22.3,22.3,0,90.0,85.0,0.0,0.9444,1.0,1.0,1.0
MPLADS-001916,1,76.2,96.0,96.8,76.2,19.8,19.8,19.8,-13.8,0.6684,0.0,0.0,0.0,0.6684,-0.0189,19.8,19.8,0,120.0,114.0,0.0,0.95,1.0,1.0,1.0
MPLADS-001917,1,91.4,90.8,82.9,91.4,0.6,-0.6,-0.6,1.4,0.3991,0.0,0.0,0.0,0.3991,0.0001,0.0,0.0,0,210.0,229.0,19.0,1.0905,1.0,1.0,1.0
MPLADS-001918,1,85.1,92.7,85.2,85.1,7.6,7.6,7.6,-4.9,0.5065,0.0,0.0,0.0,0.5065,0.032,7.6,7.6,0,180.0,168.0,0.0,0.9333,1.0,1.0,1.0
MPLADS-001919,1,72.7,93.1,85.8,72.7,20.4,20.4,20.4,-17.3,0.4202,0.0,0.0,0.0,0.4202,0.0279,20.4,20.4,0,150.0,173.0,23.0,1.1533,1.0,1.0,1.0
MPLADS-001920,1,99.4,93.4,80.0,99.4,6.0,-6.0,-6.0,9.4,1.0923,0.0,0.0,0.0,1.0923,0.0395,0.0,0.0,0,60.0,91.0,31.0,1.5167,1.0,1.0,1.0
MPLADS-001921,1,79.0,97.3,89.0,79.0,18.3,18.3,18.3,-11.0,0.4051,0.0,0.0,0.0,0.4051,-0.0043,18.3,18.3,0,210.0,195.0,0.0,0.9286,1.0,1.0,1.0
MPLADS-001922,1,83.8,94.3,95.7,83.8,10.5,10.5,10.5,-6.2,0.7618,0.0,0.0,0.0,0.7618,0.02,10.5,10.5,0,90.0,110.0,20.0,1.2222,1.0,1.0,1.0
MPLADS-001923,1,72.7,97.4,81.7,72.7,24.7,24.7,24.7,-17.3,0.5466,0.0,0.0,0.0,0.5466,0.0077,24.7,24.7,0,120.0,133.0,13.0,1.1083,1.0,1.0,1.0
MPLADS-001924,1,88.7,96.3,86.4,88.7,7.6,7.6,7.6,-1.3,0.2082,0.0,0.0,0.0,0.2082,0.0213,7.6,7.6,0,400.0,426.0,26.0,1.065,1.0,1.0,1.0
MPLADS-001925,1,93.6,86.1,98.0,93.6,7.5,-7.5,-7.5,3.6,0.9551,0.0,0.0,0.0,0.9551,0.0039,0.0,0.0,0,90.0,98.0,8.0,1.0889,1.0,1.0,1.0
MPLADS-001926,1,78.0,94.2,85.4,78.0,16.2,16.2,16.2,-12.0,0.7573,0.0,0.0,0.0,0.7573,0.0248,16.2,16.2,0,90.0,103.0,13.0,1.1444,1.0,1.0,1.0
MPLADS-001927,1,92.3,97.2,88.0,92.3,4.9,4.9,4.9,2.3,0.8391,0.0,0.0,0.0,0.8391,-0.0096,4.9,4.9,0,90.0,110.0,20.0,1.2222,1.0,1.0,1.0
MPLADS-001928,1,93.2,96.6,82.3,93.2,3.4,3.4,3.4,3.2,0.4731,0.0,0.0,0.0,0.4731,-0.003,3.4,3.4,0,180.0,197.0,17.0,1.0944,1.0,1.0,1.0
MPLADS-001929,1,84.4,89.0,86.5,84.4,4.6,4.6,4.6,-5.6,0.4077,0.0,0.0,0.0,0.4077,-0.017,4.6,4.6,0,180.0,207.0,27.0,1.15,1.0,1.0,1.0
MPLADS-001930,1,82.9,89.7,87.9,82.9,6.8,6.8,6.8,-7.1,0.9869,0.0,0.0,0.0,0.9869,0.0208,6.8,6.8,0,90.0,84.0,0.0,0.9333,1.0,1.0,1.0
MPLADS-001931,1,87.1,85.8,98.2,87.1,1.3,-1.3,-1.3,-2.9,0.4291,0.0,0.0,0.0,0.4291,0.0242,0.0,0.0,0,180.0,203.0,23.0,1.1278,1.0,1.0,1.0
MPLADS-001932,1,92.3,85.6,85.9,92.3,6.7,-6.7,-6.7,2.3,0.4547,0.0,0.0,0.0,0.4547,0.003,0.0,0.0,0,210.0,203.0,0.0,0.9667,1.0,1.0,1.0
MPLADS-001933,1,76.9,94.6,80.3,76.9,17.7,17.7,17.7,-13.1,0.8181,0.0,0.0,0.0,0.8181,0.0036,17.7,17.7,0,60.0,94.0,34.0,1.5667,1.0,1.0,1.0
MPLADS-001934,1,78.6,93.4,85.7,78.6,14.8,14.8,14.8,-11.4,0.3834,0.0,0.0,0.0,0.3834,-0.0043,14.8,14.8,0,180.0,205.0,25.0,1.1389,1.0,1.0,1.0
MPLADS-001935,1,70.9,94.7,98.4,70.9,23.8,23.8,23.8,-19.1,0.3459,0.0,0.0,0.0,0.3459,-0.0155,23.8,23.8,0,210.0,205.0,0.0,0.9762,1.0,1.0,1.0
MPLADS-001936,1,82.5,87.0,86.4,82.5,4.5,4.5,4.5,-7.5,0.6157,0.0,0.0,0.0,0.6157,0.03,4.5,4.5,0,120.0,134.0,14.0,1.1167,1.0,1.0,1.0
MPLADS-001937,1,87.4,92.2,83.9,87.4,4.8,4.8,4.8,-2.6,0.7106,0.0,0.0,0.0,0.7106,0.0301,4.8,4.8,0,120.0,123.0,3.0,1.025,0.0,0.0,0.0
MPLADS-001938,1,75.3,85.6,95.6,75.3,10.3,10.3,10.3,-14.7,0.7763,0.0,0.0,0.0,0.7763,0.0288,10.3,10.3,0,90.0,97.0,7.0,1.0778,1.0,1.0,1.0
MPLADS-001939,1,95.7,94.8,80.4,95.7,0.9,-0.9,-0.9,5.7,0.9475,0.0,0.0,0.0,0.9475,-0.0082,0.0,0.0,0,90.0,101.0,11.0,1.1222,1.0,1.0,1.0
MPLADS-001940,1,83.9,93.8,91.3,83.9,9.9,9.9,9.9,-6.1,0.5707,0.0,0.0,0.0,0.5707,-0.0166,9.9,9.9,0,150.0,147.0,0.0,0.98,1.0,1.0,1.0
MPLADS-001941,1,85.4,91.6,85.7,85.4,6.2,6.2,6.2,-4.6,0.5439,0.0,0.0,0.0,0.5439,0.0415,6.2,6.2,0,150.0,157.0,7.0,1.0467,1.0,1.0,1.0
MPLADS-001942,1,74.1,90.1,93.8,74.1,16.0,16.0,16.0,-15.9,0.4385,0.0,0.0,0.0,0.4385,-0.0023,16.0,16.0,0,150.0,169.0,19.0,1.1267,1.0,1.0,1.0
MPLADS-001943,1,84.8,96.3,93.8,84.8,11.5,11.5,11.5,-5.2,0.5367,0.0,0.0,0.0,0.5367,0.0453,11.5,11.5,0,160.0,158.0,0.0,0.9875,1.0,1.0,1.0
MPLADS-001944,1,75.0,85.2,92.1,75.0,10.2,10.2,10.2,-15.0,0.3191,0.0,0.0,0.0,0.3191,-0.007,10.2,10.2,0,210.0,235.0,25.0,1.119,1.0,1.0,1.0
MPLADS-001945,1,88.3,86.4,99.7,88.3,1.9,-1.9,-1.9,-1.7,1.9196,0.0,0.0,0.0,1.9196,-0.019,0.0,0.0,0,60.0,46.0,0.0,0.7667,1.0,1.0,1.0
MPLADS-001946,1,75.1,94.7,80.6,75.1,19.6,19.6,19.6,-14.9,1.0013,0.0,0.0,0.0,1.0013,-0.0185,19.6,19.6,0,90.0,75.0,0.0,0.8333,1.0,1.0,1.0
MPLADS-001947,1,79.7,86.9,90.1,79.7,7.2,7.2,7.2,-10.3,0.458,0.0,0.0,0.0,0.458,0.0414,7.2,7.2,0,180.0,174.0,0.0,0.9667,1.0,1.0,1.0
MPLADS-001948,1,16.4,98.6,99.3,16.4,82.2,82.2,82.2,-73.6,0.1519,0.0,0.0,0.0,0.1519,-0.0109,82.2,82.2,0,90.0,108.0,18.0,1.2,1.0,1.0,0.0
MPLADS-001949,1,95.7,95.7,91.5,95.7,0.0,0.0,0.0,5.7,0.8545,0.0,0.0,0.0,0.8545,0.0034,0.0,0.0,0,90.0,112.0,22.0,1.2444,1.0,1.0,1.0
MPLADS-001950,1,72.6,95.1,90.7,72.6,22.5,22.5,22.5,-17.4,0.5902,0.0,0.0,0.0,0.5902,0.0053,22.5,22.5,0,90.0,123.0,33.0,1.3667,1.0,1.0,1.0
MPLADS-001951,1,82.1,133.5,91.4,82.1,51.4,51.4,51.4,-7.9,1.0392,0.0,0.0,0.0,1.0392,-0.0179,51.4,51.4,0,90.0,79.0,0.0,0.8778,1.0,1.0,1.0
MPLADS-001952,1,92.8,89.2,90.9,92.8,3.6,-3.6,-3.6,2.8,0.4833,0.0,0.0,0.0,0.4833,0.0481,0.0,0.0,0,180.0,192.0,12.0,1.0667,1.0,1.0,1.0
MPLADS-001953,1,87.4,91.0,91.1,87.4,3.6,3.6,3.6,-2.6,0.4776,0.0,0.0,0.0,0.4776,0.0381,3.6,3.6,0,160.0,183.0,23.0,1.1438,1.0,1.0,1.0
MPLADS-001954,1,70.4,89.6,85.6,70.4,19.2,19.2,19.2,-19.6,0.1778,0.0,0.0,0.0,0.1778,-0.002,19.2,19.2,0,400.0,396.0,0.0,0.99,1.0,1.0,1.0
MPLADS-001955,1,91.4,91.1,93.6,91.4,0.3,-0.3,-0.3,1.4,1.5759,0.0,0.0,0.0,1.5759,0.0121,0.0,0.0,0,60.0,58.0,0.0,0.9667,1.0,1.0,1.0
MPLADS-001956,1,81.5,89.6,93.0,81.5,8.1,8.1,8.1,-8.5,0.2063,0.0,0.0,0.0,0.2063,0.0471,8.1,8.1,0,400.0,395.0,0.0,0.9875,1.0,1.0,1.0
MPLADS-001957,1,70.2,154.6,93.2,70.2,84.4,84.4,84.4,-19.8,0.8259,0.0,0.0,0.0,0.8259,0.022,84.4,84.4,0,60.0,85.0,25.0,1.4167,1.0,1.0,1.0
MPLADS-001958,1,71.6,85.6,86.7,71.6,14.0,14.0,14.0,-18.4,0.1137,0.0,0.0,0.0,0.1137,-0.005,14.0,14.0,2,210.0,630.0,420.0,3.0,1.0,1.0,1.0
MPLADS-001959,1,88.2,85.5,88.5,88.2,2.7,-2.7,-2.7,-1.8,0.2244,0.0,0.0,0.0,0.2244,-0.0112,0.0,0.0,0,400.0,393.0,0.0,0.9825,1.0,1.0,1.0
MPLADS-001960,1,89.3,88.1,83.7,89.3,1.2,-1.2,-1.2,-0.7,1.0034,0.0,0.0,0.0,1.0034,0.0269,0.0,0.0,0,90.0,89.0,0.0,0.9889,1.0,1.0,1.0
MPLADS-001961,1,91.4,91.9,97.5,91.4,0.5,0.5,0.5,1.4,0.5607,0.0,0.0,0.0,0.5607,0.023,0.5,0.5,0,160.0,163.0,3.0,1.0188,1.0,1.0,1.0
MPLADS-001962,1,24.9,85.3,93.7,24.9,60.4,60.4,60.4,-65.1,0.0632,0.0,0.0,0.0,0.0632,0.0386,60.4,60.4,0,400.0,394.0,0.0,0.985,1.0,1.0,0.0
MPLADS-001963,1,79.8,92.5,81.4,79.8,12.7,12.7,12.7,-10.2,0.3893,0.0,0.0,0.0,0.3893,0.0191,12.7,12.7,0,180.0,205.0,25.0,1.1389,1.0,1.0,1.0
MPLADS-001964,1,97.8,88.8,96.3,97.8,9.0,-9.0,-9.0,7.8,1.2868,0.0,0.0,0.0,1.2868,-0.0112,0.0,0.0,0,90.0,76.0,0.0,0.8444,1.0,1.0,1.0
MPLADS-001965,1,95.8,94.4,99.1,95.8,1.4,-1.4,-1.4,5.8,0.4938,0.0,0.0,0.0,0.4938,0.0433,0.0,0.0,0,180.0,194.0,14.0,1.0778,1.0,1.0,1.0
MPLADS-001966,1,90.4,85.6,87.5,90.4,4.8,-4.8,-4.8,0.4,0.5287,0.0,0.0,0.0,0.5287,0.002,0.0,0.0,0,150.0,171.0,21.0,1.14,1.0,1.0,1.0
MPLADS-001967,1,76.8,92.4,84.1,76.8,15.6,15.6,15.6,-13.2,0.1855,0.0,0.0,0.0,0.1855,-0.0024,15.6,15.6,0,400.0,414.0,14.0,1.035,1.0,1.0,1.0
MPLADS-001968,1,85.2,88.7,93.3,85.2,3.5,3.5,3.5,-4.8,0.4556,0.0,0.0,0.0,0.4556,0.0441,3.5,3.5,0,180.0,187.0,7.0,1.0389,1.0,1.0,1.0
MPLADS-001969,1,88.5,89.3,89.9,88.5,0.8,0.8,0.8,-1.5,0.4296,0.0,0.0,0.0,0.4296,-0.0103,0.8,0.8,0,210.0,206.0,0.0,0.981,1.0,1.0,1.0
MPLADS-001970,1,23.8,95.9,84.9,23.8,72.1,72.1,72.1,-66.2,0.1128,0.0,0.0,0.0,0.1128,-0.0164,72.1,72.1,0,180.0,211.0,31.0,1.1722,1.0,1.0,0.0
MPLADS-001971,1,95.3,89.0,80.8,95.3,6.3,-6.3,-6.3,5.3,0.5573,0.0,0.0,0.0,0.5573,0.0185,0.0,0.0,0,150.0,171.0,21.0,1.14,1.0,1.0,1.0
MPLADS-001972,1,78.2,96.3,92.5,78.2,18.1,18.1,18.1,-11.8,0.3555,0.0,0.0,0.0,0.3555,0.029,18.1,18.1,0,210.0,220.0,10.0,1.0476,1.0,1.0,1.0
MPLADS-001973,1,71.4,95.4,95.9,71.4,24.0,24.0,24.0,-18.6,0.1676,0.0,0.0,0.0,0.1676,0.0278,24.0,24.0,0,400.0,426.0,26.0,1.065,1.0,1.0,1.0
MPLADS-001974,1,72.2,95.9,96.5,72.2,23.7,23.7,23.7,-17.8,0.5511,0.0,0.0,0.0,0.5511,0.0268,23.7,23.7,0,120.0,131.0,11.0,1.0917,1.0,1.0,1.0
MPLADS-001975,1,80.9,96.8,96.4,80.9,15.9,15.9,15.9,-9.1,0.1973,0.0,0.0,0.0,0.1973,0.019,15.9,15.9,0,400.0,410.0,10.0,1.025,1.0,1.0,1.0
MPLADS-001976,1,86.3,154.0,95.8,86.3,67.7,67.7,67.7,-3.7,0.5017,0.0,0.0,0.0,0.5017,0.0416,67.7,67.7,0,180.0,172.0,0.0,0.9556,1.0,1.0,1.0
MPLADS-001977,1,77.6,96.4,98.9,77.6,18.8,18.8,18.8,-12.4,0.4384,0.0,0.0,0.0,0.4384,-0.0191,18.8,18.8,0,150.0,177.0,27.0,1.18,1.0,1.0,1.0
MPLADS-001978,1,72.4,90.9,92.4,72.4,18.5,18.5,18.5,-17.6,0.4067,0.0,0.0,0.0,0.4067,0.0411,18.5,18.5,0,180.0,178.0,0.0,0.9889,1.0,1.0,1.0
MPLADS-001979,1,99.8,96.0,99.1,99.8,3.8,-3.8,-3.8,9.8,0.594,0.0,0.0,0.0,0.594,0.0339,0.0,0.0,0,160.0,168.0,8.0,1.05,1.0,1.0,1.0
MPLADS-001980,1,73.5,96.0,87.1,73.5,22.5,22.5,22.5,-16.5,1.0652,0.0,0.0,0.0,1.0652,-0.0083,22.5,22.5,0,60.0,69.0,9.0,1.15,1.0,1.0,1.0
MPLADS-001981,1,88.0,85.4,90.2,88.0,2.6,-2.6,-2.6,-2.0,0.2228,0.0,0.0,0.0,0.2228,0.0252,0.0,0.0,0,400.0,395.0,0.0,0.9875,1.0,1.0,1.0
MPLADS-001982,1,70.2,97.1,96.2,70.2,26.9,26.9,26.9,-19.8,0.1664,0.0,0.0,0.0,0.1664,0.0194,26.9,26.9,0,400.0,422.0,22.0,1.055,1.0,1.0,1.0
MPLADS-001983,1,93.9,88.3,81.3,93.9,5.6,-5.6,-5.6,3.9,0.5556,0.0,0.0,0.0,0.5556,-0.0006,0.0,0.0,0,150.0,169.0,19.0,1.1267,1.0,1.0,1.0
MPLADS-001984,1,76.5,89.6,85.5,76.5,13.1,13.1,13.1,-13.5,1.6277,0.0,0.0,0.0,1.6277,0.0436,13.1,13.1,0,60.0,47.0,0.0,0.7833,1.0,1.0,1.0
MPLADS-001985,1,73.0,93.5,87.3,73.0,20.5,20.5,20.5,-17.0,0.4244,0.0,0.0,0.0,0.4244,0.0286,20.5,20.5,0,160.0,172.0,12.0,1.075,1.0,1.0,1.0
MPLADS-001986,1,72.1,87.5,92.9,72.1,15.4,15.4,15.4,-17.9,1.03,0.0,0.0,0.0,1.03,0.0435,15.4,15.4,0,60.0,70.0,10.0,1.1667,1.0,1.0,1.0
MPLADS-001987,1,97.0,94.8,81.1,97.0,2.2,-2.2,-2.2,7.0,0.5951,0.0,0.0,0.0,0.5951,0.0142,0.0,0.0,0,150.0,163.0,13.0,1.0867,1.0,1.0,1.0
MPLADS-001988,1,95.8,92.4,93.1,95.8,3.4,-3.4,-3.4,5.8,1.1975,0.0,0.0,0.0,1.1975,0.0245,0.0,0.0,0,60.0,80.0,20.0,1.3333,1.0,1.0,1.0
MPLADS-001989,1,99.4,85.4,92.2,99.4,14.0,-14.0,-14.0,9.4,0.6024,0.0,0.0,0.0,0.6024,0.0111,0.0,0.0,0,150.0,165.0,15.0,1.1,1.0,1.0,1.0
MPLADS-001990,1,61.3,95.4,96.9,61.3,34.1,34.1,34.1,-28.7,0.1022,0.0,0.0,0.0,0.1022,-0.0012,34.1,34.1,2,150.0,600.0,450.0,4.0,1.0,1.0,1.0
MPLADS-001991,1,71.8,85.7,80.8,71.8,13.9,13.9,13.9,-18.2,1.1967,0.0,0.0,0.0,1.1967,-0.0146,13.9,13.9,0,60.0,60.0,0.0,1.0,1.0,1.0,1.0
MPLADS-001992,1,70.3,85.6,92.5,70.3,15.3,15.3,15.3,-19.7,1.0815,0.0,0.0,0.0,1.0815,0.0389,15.3,15.3,0,60.0,65.0,5.0,1.0833,1.0,1.0,1.0
MPLADS-001993,1,75.9,87.0,81.6,75.9,11.1,11.1,11.1,-14.1,0.33,0.0,0.0,0.0,0.33,0.0006,11.1,11.1,0,210.0,230.0,20.0,1.0952,1.0,1.0,1.0
MPLADS-001994,1,93.5,93.7,95.4,93.5,0.2,0.2,0.2,3.5,0.477,0.0,0.0,0.0,0.477,0.0114,0.2,0.2,0,210.0,196.0,0.0,0.9333,1.0,1.0,1.0
MPLADS-001995,1,90.0,95.2,94.6,90.0,5.2,5.2,5.2,0.0,1.1842,0.0,0.0,0.0,1.1842,0.0453,5.2,5.2,0,90.0,76.0,0.0,0.8444,1.0,1.0,1.0
MPLADS-001996,1,91.0,92.8,86.0,91.0,1.8,1.8,1.8,1.0,0.9891,0.0,0.0,0.0,0.9891,0.0324,1.8,1.8,0,90.0,92.0,2.0,1.0222,0.0,0.0,0.0
MPLADS-001997,1,83.2,89.8,87.3,83.2,6.6,6.6,6.6,-6.8,0.5943,0.0,0.0,0.0,0.5943,-0.0169,6.6,6.6,0,120.0,140.0,20.0,1.1667,1.0,1.0,1.0
MPLADS-001998,1,95.6,96.3,96.1,95.6,0.7,0.7,0.7,5.6,0.2287,0.0,0.0,0.0,0.2287,-0.0181,0.7,0.7,0,400.0,418.0,18.0,1.045,1.0,1.0,1.0
MPLADS-001999,1,96.0,85.3,92.4,96.0,10.7,-10.7,-10.7,6.0,0.2418,0.0,0.0,0.0,0.2418,-0.0195,0.0,0.0,0,400.0,397.0,0.0,0.9925,1.0,1.0,1.0
MPLADS-002000,1,10.0,43.8,91.8,10.0,33.8,33.8,33.8,-80.0,0.125,0.0,0.0,0.0,0.125,0.0271,33.8,33.8,0,90.0,80.0,0.0,0.8889,1.0,1.0,1.0
MPLADS-002001,1,74.1,92.3,84.9,74.1,18.2,18.2,18.2,-15.9,0.8616,0.0,0.0,0.0,0.8616,-0.0173,18.2,18.2,0,90.0,86.0,0.0,0.9556,1.0,1.0,1.0
MPLADS-002002,1,15.5,92.1,90.5,15.5,76.6,76.6,76.6,-74.5,0.038,0.0,0.0,0.0,0.038,-0.0024,76.6,76.6,0,400.0,408.0,8.0,1.02,1.0,1.0,0.0
MPLADS-002003,1,89.4,86.6,97.7,89.4,2.8,-2.8,-2.8,-0.6,0.3664,0.0,0.0,0.0,0.3664,0.0082,0.0,0.0,0,210.0,244.0,34.0,1.1619,1.0,1.0,1.0
MPLADS-002004,1,77.3,95.3,86.3,77.3,18.0,18.0,18.0,-12.7,0.3289,0.0,0.0,0.0,0.3289,0.0368,18.0,18.0,0,210.0,235.0,25.0,1.119,1.0,1.0,1.0
MPLADS-002005,1,97.7,88.3,99.1,97.7,9.4,-9.4,-9.4,7.7,1.714,0.0,0.0,0.0,1.714,0.0269,0.0,0.0,0,60.0,57.0,0.0,0.95,1.0,1.0,1.0
MPLADS-002006,1,82.8,86.4,95.2,82.8,3.6,3.6,3.6,-7.2,0.6732,0.0,0.0,0.0,0.6732,0.0086,3.6,3.6,0,90.0,123.0,33.0,1.3667,1.0,1.0,1.0
MPLADS-002007,1,27.4,95.4,88.6,27.4,68.0,68.0,68.0,-62.6,0.1602,0.0,0.0,0.0,0.1602,-0.0118,68.0,68.0,0,180.0,171.0,0.0,0.95,1.0,1.0,0.0
MPLADS-002008,1,28.2,95.1,86.9,28.2,66.9,66.9,66.9,-61.8,0.065,0.0,0.0,0.0,0.065,0.0455,66.9,66.9,0,400.0,434.0,34.0,1.085,1.0,1.0,0.0
MPLADS-002009,1,78.4,85.0,88.5,78.4,6.6,6.6,6.6,-11.6,0.1819,0.0,0.0,0.0,0.1819,0.0024,6.6,6.6,0,400.0,431.0,31.0,1.0775,1.0,1.0,1.0
MPLADS-002010,1,86.2,89.4,88.2,86.2,3.2,3.2,3.2,-3.8,1.4862,0.0,0.0,0.0,1.4862,-0.0069,3.2,3.2,0,60.0,58.0,0.0,0.9667,1.0,1.0,1.0
MPLADS-002011,1,80.3,85.6,82.1,80.3,5.3,5.3,5.3,-9.7,0.9447,0.0,0.0,0.0,0.9447,-0.006,5.3,5.3,0,90.0,85.0,0.0,0.9444,1.0,1.0,1.0
MPLADS-002012,1,97.1,97.0,88.9,97.1,0.1,-0.1,-0.1,7.1,1.0441,0.0,0.0,0.0,1.0441,0.05,0.0,0.0,0,60.0,93.0,33.0,1.55,1.0,1.0,1.0
MPLADS-002013,1,73.7,91.1,95.0,73.7,17.4,17.4,17.4,-16.3,0.4361,0.0,0.0,0.0,0.4361,0.0479,17.4,17.4,0,160.0,169.0,9.0,1.0562,1.0,1.0,1.0
MPLADS-002014,1,80.0,92.1,80.5,80.0,12.1,12.1,12.1,-10.0,0.4324,0.0,0.0,0.0,0.4324,0.0361,12.1,12.1,0,180.0,185.0,5.0,1.0278,1.0,1.0,1.0
MPLADS-002015,1,77.0,91.8,91.4,77.0,14.8,14.8,14.8,-13.0,0.5238,0.0,0.0,0.0,0.5238,-0.0164,14.8,14.8,0,150.0,147.0,0.0,0.98,1.0,1.0,1.0
MPLADS-002016,1,78.5,95.1,87.4,78.5,16.6,16.6,16.6,-11.5,0.4701,0.0,0.0,0.0,0.4701,0.0415,16.6,16.6,0,160.0,167.0,7.0,1.0437,1.0,1.0,1.0
MPLADS-002017,1,98.3,94.1,83.9,98.3,4.2,-4.2,-4.2,8.3,0.5431,0.0,0.0,0.0,0.5431,-0.0126,0.0,0.0,0,180.0,181.0,1.0,1.0056,1.0,1.0,1.0
MPLADS-002018,1,32.8,90.0,91.7,32.8,57.2,57.2,57.2,-57.2,0.1402,0.0,0.0,0.0,0.1402,0.0357,57.2,57.2,0,210.0,234.0,24.0,1.1143,1.0,1.0,0.0
MPLADS-002019,1,91.9,85.7,88.8,91.9,6.2,-6.2,-6.2,1.9,0.6338,0.0,0.0,0.0,0.6338,-0.0014,0.0,0.0,0,120.0,145.0,25.0,1.2083,1.0,1.0,1.0
MPLADS-002020,1,97.0,93.3,93.2,97.0,3.7,-3.7,-3.7,7.0,0.4597,0.0,0.0,0.0,0.4597,0.0437,0.0,0.0,0,210.0,211.0,1.0,1.0048,1.0,1.0,1.0
MPLADS-002021,1,32.4,97.4,93.0,32.4,65.0,65.0,65.0,-57.6,0.24,0.0,0.0,0.0,0.24,0.0237,65.0,65.0,0,150.0,135.0,0.0,0.9,1.0,1.0,0.0
MPLADS-002022,1,77.0,93.7,97.3,77.0,16.7,16.7,16.7,-13.0,0.4753,0.0,0.0,0.0,0.4753,-0.0148,16.7,16.7,0,160.0,162.0,2.0,1.0125,1.0,1.0,1.0
MPLADS-002023,1,99.0,96.7,80.2,99.0,2.3,-2.3,-2.3,9.0,0.8182,0.0,0.0,0.0,0.8182,-0.0086,0.0,0.0,0,90.0,121.0,31.0,1.3444,1.0,1.0,1.0
MPLADS-002024,1,95.6,91.1,98.5,95.6,4.5,-4.5,-4.5,5.6,0.5865,0.0,0.0,0.0,0.5865,0.0108,0.0,0.0,0,150.0,163.0,13.0,1.0867,1.0,1.0,1.0
MPLADS-002025,1,97.0,93.5,80.2,97.0,3.5,-3.5,-3.5,7.0,0.5774,0.0,0.0,0.0,0.5774,0.036,0.0,0.0,0,180.0,168.0,0.0,0.9333,1.0,1.0,1.0
MPLADS-002026,1,90.8,86.1,90.3,90.8,4.7,-4.7,-4.7,0.8,0.4473,0.0,0.0,0.0,0.4473,-0.0099,0.0,0.0,0,180.0,203.0,23.0,1.1278,1.0,1.0,1.0
MPLADS-002027,1,88.3,88.6,83.1,88.3,0.3,0.3,0.3,-1.7,0.4415,0.0,0.0,0.0,0.4415,0.0061,0.3,0.3,0,210.0,200.0,0.0,0.9524,1.0,1.0,1.0
MPLADS-002028,1,88.4,91.9,99.6,88.4,3.5,3.5,3.5,-1.6,0.2199,0.0,0.0,0.0,0.2199,-0.008,3.5,3.5,0,400.0,402.0,2.0,1.005,1.0,1.0,1.0
MPLADS-002029,1,19.3,92.8,80.9,19.3,73.5,73.5,73.5,-70.7,0.0932,0.0,0.0,0.0,0.0932,0.034,73.5,73.5,0,180.0,207.0,27.0,1.15,1.0,1.0,0.0
MPLADS-002030,1,85.2,88.9,98.7,85.2,3.7,3.7,3.7,-4.8,0.9573,0.0,0.0,0.0,0.9573,0.0394,3.7,3.7,0,90.0,89.0,0.0,0.9889,1.0,1.0,1.0
MPLADS-002031,1,72.2,94.6,85.9,72.2,22.4,22.4,22.4,-17.8,0.4272,0.0,0.0,0.0,0.4272,0.0311,22.4,22.4,0,150.0,169.0,19.0,1.1267,1.0,1.0,1.0
MPLADS-002032,1,70.9,86.9,98.4,70.9,16.0,16.0,16.0,-19.1,0.1477,0.0,0.0,0.0,0.1477,0.0221,16.0,16.0,3,120.0,480.0,360.0,4.0,1.0,1.0,1.0
MPLADS-002033,1,81.5,93.2,92.1,81.5,11.7,11.7,11.7,-8.5,0.4579,0.0,0.0,0.0,0.4579,0.0083,11.7,11.7,0,160.0,178.0,18.0,1.1125,1.0,1.0,1.0
MPLADS-002034,1,92.9,93.9,83.4,92.9,1.0,1.0,1.0,2.9,0.4839,0.0,0.0,0.0,0.4839,0.0231,1.0,1.0,0,160.0,192.0,32.0,1.2,1.0,1.0,1.0
MPLADS-002035,1,92.6,89.6,92.7,92.6,3.0,-3.0,-3.0,2.6,0.6809,0.0,0.0,0.0,0.6809,-0.0149,0.0,0.0,0,150.0,136.0,0.0,0.9067,1.0,1.0,1.0
MPLADS-002036,1,73.5,95.9,95.3,73.5,22.4,22.4,22.4,-16.5,0.1909,0.0,0.0,0.0,0.1909,0.0245,22.4,22.4,0,400.0,385.0,0.0,0.9625,1.0,1.0,1.0
MPLADS-002037,1,87.9,91.9,98.7,87.9,4.0,4.0,4.0,-2.1,0.4146,0.0,0.0,0.0,0.4146,-0.0169,4.0,4.0,0,180.0,212.0,32.0,1.1778,1.0,1.0,1.0
MPLADS-002038,1,94.6,85.5,80.1,94.6,9.1,-9.1,-9.1,4.6,0.8446,0.0,0.0,0.0,0.8446,0.0486,0.0,0.0,0,120.0,112.0,0.0,0.9333,1.0,1.0,1.0
MPLADS-002039,1,81.7,87.7,91.7,81.7,6.0,6.0,6.0,-8.3,0.4723,0.0,0.0,0.0,0.4723,0.0108,6.0,6.0,0,160.0,173.0,13.0,1.0813,1.0,1.0,1.0
MPLADS-002040,1,88.9,88.1,86.5,88.9,0.8,-0.8,-0.8,-1.1,0.3799,0.0,0.0,0.0,0.3799,0.0289,0.0,0.0,0,210.0,234.0,24.0,1.1143,1.0,1.0,1.0
MPLADS-002041,1,75.4,97.3,93.2,75.4,21.9,21.9,21.9,-14.6,0.1909,0.0,0.0,0.0,0.1909,0.0102,21.9,21.9,0,400.0,395.0,0.0,0.9875,1.0,1.0,1.0
MPLADS-002042,1,83.7,95.6,85.3,83.7,11.9,11.9,11.9,-6.3,0.4249,0.0,0.0,0.0,0.4249,0.0006,11.9,11.9,0,180.0,197.0,17.0,1.0944,1.0,1.0,1.0
MPLADS-002043,1,90.0,90.3,80.7,90.0,0.3,0.3,0.3,0.0,0.3797,0.0,0.0,0.0,0.3797,-0.0119,0.3,0.3,0,210.0,237.0,27.0,1.1286,1.0,1.0,1.0
MPLADS-002044,1,87.4,96.8,85.4,87.4,9.4,9.4,9.4,-2.6,0.3597,0.0,0.0,0.0,0.3597,0.0102,9.4,9.4,0,210.0,243.0,33.0,1.1571,1.0,1.0,1.0
MPLADS-002045,1,98.9,92.8,81.7,98.9,6.1,-6.1,-6.1,8.9,0.5994,0.0,0.0,0.0,0.5994,0.0195,0.0,0.0,0,180.0,165.0,0.0,0.9167,1.0,1.0,1.0
MPLADS-002046,1,98.5,92.5,91.3,98.5,6.0,-6.0,-6.0,8.5,0.8277,0.0,0.0,0.0,0.8277,0.0363,0.0,0.0,0,120.0,119.0,0.0,0.9917,1.0,1.0,1.0
MPLADS-002047,1,86.8,96.2,86.3,86.8,9.4,9.4,9.4,-3.2,0.5358,0.0,0.0,0.0,0.5358,-0.0004,9.4,9.4,0,160.0,162.0,2.0,1.0125,1.0,1.0,1.0
MPLADS-002048,1,10.4,54.1,83.9,10.4,43.7,43.7,43.7,-79.6,0.0608,0.0,0.0,0.0,0.0608,0.0378,43.7,43.7,0,150.0,171.0,21.0,1.14,1.0,1.0,1.0
MPLADS-002049,1,89.4,97.8,89.4,89.4,8.4,8.4,8.4,-0.6,0.447,0.0,0.0,0.0,0.447,0.0407,8.4,8.4,0,180.0,200.0,20.0,1.1111,1.0,1.0,1.0
MPLADS-002050,1,22.3,94.7,97.6,22.3,72.4,72.4,72.4,-67.7,0.1032,0.0,0.0,0.0,0.1032,0.0387,72.4,72.4,0,210.0,216.0,6.0,1.0286,1.0,1.0,0.0
MPLADS-002051,1,0.0,100.0,85.1,0.0,100.0,100.0,100.0,-90.0,0.0,0.0,0.0,0.0,0.0,0.0132,100.0,100.0,0,90.0,106.0,16.0,1.1778,0.0,0.0,0.0
MPLADS-002052,1,91.8,89.2,83.5,91.8,2.6,-2.6,-2.6,1.8,1.6393,0.0,0.0,0.0,1.6393,0.0271,0.0,0.0,0,60.0,56.0,0.0,0.9333,1.0,1.0,1.0
MPLADS-002053,1,91.0,90.8,98.6,91.0,0.2,-0.2,-0.2,1.0,1.3,0.0,0.0,0.0,1.3,0.023,0.0,0.0,0,60.0,70.0,10.0,1.1667,1.0,1.0,1.0
MPLADS-002054,1,83.4,89.1,94.8,83.4,5.7,5.7,5.7,-6.6,0.7651,0.0,0.0,0.0,0.7651,0.0,5.7,5.7,0,90.0,109.0,19.0,1.2111,1.0,1.0,1.0
MPLADS-002055,1,50.7,88.1,97.4,50.7,37.4,37.4,37.4,-39.3,0.1408,0.0,0.0,0.0,0.1408,0.0259,37.4,37.4,3,90.0,360.0,270.0,4.0,1.0,1.0,1.0
MPLADS-002056,1,88.3,94.7,87.8,88.3,6.4,6.4,6.4,-1.7,0.5697,0.0,0.0,0.0,0.5697,0.0164,6.4,6.4,0,160.0,155.0,0.0,0.9688,1.0,1.0,1.0
MPLADS-002057,1,88.5,88.4,84.6,88.5,0.1,-0.1,-0.1,-1.5,0.5206,0.0,0.0,0.0,0.5206,0.0012,0.0,0.0,0,180.0,170.0,0.0,0.9444,1.0,1.0,1.0
MPLADS-002058,1,81.3,96.2,98.1,81.3,14.9,14.9,14.9,-8.7,0.5531,0.0,0.0,0.0,0.5531,0.0172,14.9,14.9,0,150.0,147.0,0.0,0.98,1.0,1.0,1.0
MPLADS-002059,1,71.2,154.2,83.3,71.2,83.0,83.0,83.0,-18.8,0.3343,0.0,0.0,0.0,0.3343,0.0064,83.0,83.0,0,210.0,213.0,3.0,1.0143,1.0,1.0,1.0
MPLADS-002060,1,95.1,86.4,88.7,95.1,8.7,-8.7,-8.7,5.1,0.5695,0.0,0.0,0.0,0.5695,0.0208,0.0,0.0,0,150.0,167.0,17.0,1.1133,1.0,1.0,1.0
MPLADS-002061,1,98.8,91.6,99.2,98.8,7.2,-7.2,-7.2,8.8,0.52,0.0,0.0,0.0,0.52,0.0428,0.0,0.0,0,180.0,190.0,10.0,1.0556,1.0,1.0,1.0
MPLADS-002062,1,95.1,95.9,81.5,95.1,0.8,0.8,0.8,5.1,1.1058,0.0,0.0,0.0,1.1058,0.0284,0.8,0.8,0,60.0,86.0,26.0,1.4333,1.0,1.0,1.0
MPLADS-002063,1,90.4,88.4,91.2,90.4,2.0,-2.0,-2.0,0.4,0.4475,0.0,0.0,0.0,0.4475,0.0194,0.0,0.0,0,210.0,202.0,0.0,0.9619,1.0,1.0,1.0
MPLADS-002064,1,85.5,94.5,84.2,85.5,9.0,9.0,9.0,-4.5,0.7844,0.0,0.0,0.0,0.7844,0.0183,9.0,9.0,0,120.0,109.0,0.0,0.9083,1.0,1.0,1.0
MPLADS-002065,1,82.8,87.4,97.2,82.8,4.6,4.6,4.6,-7.2,0.4224,0.0,0.0,0.0,0.4224,0.0261,4.6,4.6,0,210.0,196.0,0.0,0.9333,1.0,1.0,1.0
MPLADS-002066,1,22.2,95.0,94.3,22.2,72.8,72.8,72.8,-67.8,0.1897,0.0,0.0,0.0,0.1897,0.0086,72.8,72.8,0,120.0,117.0,0.0,0.975,1.0,1.0,0.0
MPLADS-002067,1,87.4,87.5,97.9,87.4,0.1,0.1,0.1,-2.6,0.7407,0.0,0.0,0.0,0.7407,-0.0113,0.1,0.1,0,120.0,118.0,0.0,0.9833,1.0,1.0,1.0
MPLADS-002068,1,46.5,87.4,87.5,46.5,40.9,40.9,40.9,-43.5,0.0727,0.0,0.0,0.0,0.0727,0.0338,40.9,40.9,3,160.0,640.0,480.0,4.0,1.0,1.0,1.0
MPLADS-002069,1,72.2,97.9,80.2,72.2,25.7,25.7,25.7,-17.8,0.5967,0.0,0.0,0.0,0.5967,0.0248,25.7,25.7,0,90.0,121.0,31.0,1.3444,1.0,1.0,1.0
MPLADS-002070,1,96.6,95.6,88.8,96.6,1.0,-1.0,-1.0,6.6,0.4332,0.0,0.0,0.0,0.4332,-0.0078,0.0,0.0,0,210.0,223.0,13.0,1.0619,1.0,1.0,1.0
MPLADS-002071,1,87.7,91.0,86.0,87.7,3.3,3.3,3.3,-2.3,0.6309,0.0,0.0,0.0,0.6309,0.0461,3.3,3.3,0,150.0,139.0,0.0,0.9267,1.0,1.0,1.0
MPLADS-002072,1,76.3,92.4,82.1,76.3,16.1,16.1,16.1,-13.7,0.545,0.0,0.0,0.0,0.545,0.002,16.1,16.1,0,150.0,140.0,0.0,0.9333,1.0,1.0,1.0
MPLADS-002073,1,83.6,159.8,80.9,83.6,76.2,76.2,76.2,-6.4,0.4118,0.0,0.0,0.0,0.4118,-0.0045,76.2,76.2,0,180.0,203.0,23.0,1.1278,1.0,1.0,1.0
MPLADS-002074,1,72.9,89.2,87.1,72.9,16.3,16.3,16.3,-17.1,0.405,0.0,0.0,0.0,0.405,0.0293,16.3,16.3,0,150.0,180.0,30.0,1.2,1.0,1.0,1.0
MPLADS-002075,1,95.7,96.2,94.9,95.7,0.5,0.5,0.5,5.7,0.8545,0.0,0.0,0.0,0.8545,-0.019,0.5,0.5,0,90.0,112.0,22.0,1.2444,1.0,1.0,1.0
MPLADS-002076,1,94.9,90.9,91.1,94.9,4.0,-4.0,-4.0,4.9,0.5392,0.0,0.0,0.0,0.5392,-0.0072,0.0,0.0,0,150.0,176.0,26.0,1.1733,1.0,1.0,1.0
MPLADS-002077,1,73.6,95.3,87.5,73.6,21.7,21.7,21.7,-16.4,0.5372,0.0,0.0,0.0,0.5372,0.0248,21.7,21.7,0,150.0,137.0,0.0,0.9133,1.0,1.0,1.0
MPLADS-002078,1,89.7,90.0,90.4,89.7,0.3,0.3,0.3,-0.3,0.5606,0.0,0.0,0.0,0.5606,0.047,0.3,0.3,0,150.0,160.0,10.0,1.0667,1.0,1.0,1.0
MPLADS-002079,1,73.5,88.3,94.2,73.5,14.8,14.8,14.8,-16.5,0.1784,0.0,0.0,0.0,0.1784,-0.0195,14.8,14.8,0,400.0,412.0,12.0,1.03,1.0,1.0,1.0
MPLADS-002080,1,0.0,100.0,85.0,0.0,100.0,100.0,100.0,-90.0,0.0,0.0,0.0,0.0,0.0,-0.0117,100.0,100.0,0,150.0,150.0,0.0,1.0,0.0,0.0,0.0
MPLADS-002081,1,74.1,90.7,94.1,74.1,16.6,16.6,16.6,-15.9,0.1756,0.0,0.0,0.0,0.1756,0.0439,16.6,16.6,0,400.0,422.0,22.0,1.055,1.0,1.0,1.0
MPLADS-002082,1,21.3,89.5,87.2,21.3,68.2,68.2,68.2,-68.7,0.1439,0.0,0.0,0.0,0.1439,-0.0056,68.2,68.2,0,150.0,148.0,0.0,0.9867,1.0,1.0,0.0
MPLADS-002083,1,70.6,89.4,95.4,70.6,18.8,18.8,18.8,-19.4,0.5883,0.0,0.0,0.0,0.5883,0.0005,18.8,18.8,0,90.0,120.0,30.0,1.3333,1.0,1.0,1.0
MPLADS-002084,1,93.8,89.1,83.6,93.8,4.7,-4.7,-4.7,3.8,0.5211,0.0,0.0,0.0,0.5211,0.0252,0.0,0.0,0,160.0,180.0,20.0,1.125,1.0,1.0,1.0
MPLADS-002085,1,76.1,87.3,90.0,76.1,11.2,11.2,11.2,-13.9,0.4974,0.0,0.0,0.0,0.4974,0.0456,11.2,11.2,0,150.0,153.0,3.0,1.02,1.0,1.0,1.0
MPLADS-002086,1,70.2,85.2,82.3,70.2,15.0,15.0,15.0,-19.8,0.2925,0.0,0.0,0.0,0.2925,-0.0182,15.0,15.0,0,210.0,240.0,30.0,1.1429,1.0,1.0,1.0
MPLADS-002087,1,74.9,87.0,96.6,74.9,12.1,12.1,12.1,-15.1,0.3764,0.0,0.0,0.0,0.3764,0.0499,12.1,12.1,0,180.0,199.0,19.0,1.1056,1.0,1.0,1.0
MPLADS-002088,1,83.4,86.1,98.1,83.4,2.7,2.7,2.7,-6.6,0.2155,0.0,0.0,0.0,0.2155,0.0117,2.7,2.7,0,400.0,387.0,0.0,0.9675,1.0,1.0,1.0
MPLADS-002089,1,70.1,90.3,87.3,70.1,20.2,20.2,20.2,-19.9,0.6315,0.0,0.0,0.0,0.6315,-0.0118,20.2,20.2,0,90.0,111.0,21.0,1.2333,1.0,1.0,1.0
MPLADS-002090,1,91.5,96.1,80.9,91.5,4.6,4.6,4.6,1.5,1.1159,0.0,0.0,0.0,1.1159,0.028,4.6,4.6,0,60.0,82.0,22.0,1.3667,1.0,1.0,1.0
MPLADS-002091,1,81.8,85.4,94.1,81.8,3.6,3.6,3.6,-8.2,0.6597,0.0,0.0,0.0,0.6597,0.0263,3.6,3.6,0,90.0,124.0,34.0,1.3778,1.0,1.0,1.0
MPLADS-002092,1,91.4,97.4,87.8,91.4,6.0,6.0,6.0,1.4,0.6347,0.0,0.0,0.0,0.6347,0.0458,6.0,6.0,0,150.0,144.0,0.0,0.96,1.0,1.0,1.0
MPLADS-002093,1,93.9,92.1,96.1,93.9,1.8,-1.8,-1.8,3.9,0.6302,0.0,0.0,0.0,0.6302,0.0451,0.0,0.0,0,160.0,149.0,0.0,0.9313,1.0,1.0,1.0
MPLADS-002094,1,81.3,92.2,90.4,81.3,10.9,10.9,10.9,-8.7,0.3346,0.0,0.0,0.0,0.3346,-0.0064,10.9,10.9,0,210.0,243.0,33.0,1.1571,1.0,1.0,1.0
MPLADS-002095,1,94.7,90.2,97.8,94.7,4.5,-4.5,-4.5,4.7,0.5506,0.0,0.0,0.0,0.5506,0.0027,0.0,0.0,0,180.0,172.0,0.0,0.9556,1.0,1.0,1.0
MPLADS-002096,1,60.8,89.3,80.8,60.8,28.5,28.5,28.5,-29.2,0.3378,0.0,0.0,0.0,0.3378,0.0203,28.5,28.5,4,60.0,180.0,120.0,3.0,1.0,1.0,1.0
MPLADS-002097,1,71.0,93.2,89.3,71.0,22.2,22.2,22.2,-19.0,0.5071,0.0,0.0,0.0,0.5071,0.0117,22.2,22.2,0,150.0,140.0,0.0,0.9333,1.0,1.0,1.0
MPLADS-002098,1,87.4,94.4,92.1,87.4,7.0,7.0,7.0,-2.6,0.6333,0.0,0.0,0.0,0.6333,0.0304,7.0,7.0,0,150.0,138.0,0.0,0.92,1.0,1.0,1.0
MPLADS-002099,1,16.7,85.2,95.2,16.7,68.5,68.5,68.5,-73.3,0.2037,0.0,0.0,0.0,0.2037,-0.0166,68.5,68.5,0,90.0,82.0,0.0,0.9111,1.0,1.0,0.0
MPLADS-002100,1,70.8,86.9,83.0,70.8,16.1,16.1,16.1,-19.2,0.8634,0.0,0.0,0.0,0.8634,0.0156,16.1,16.1,0,60.0,82.0,22.0,1.3667,1.0,1.0,1.0
MPLADS-002101,1,71.9,88.9,91.5,71.9,17.0,17.0,17.0,-18.1,0.1724,0.0,0.0,0.0,0.1724,0.0436,17.0,17.0,0,400.0,417.0,17.0,1.0425,1.0,1.0,1.0
MPLADS-002102,1,84.7,95.7,80.6,84.7,11.0,11.0,11.0,-5.3,0.3958,0.0,0.0,0.0,0.3958,0.0391,11.0,11.0,0,180.0,214.0,34.0,1.1889,1.0,1.0,1.0
MPLADS-002103,1,89.5,87.4,88.0,89.5,2.1,-2.1,-2.1,-0.5,0.7783,0.0,0.0,0.0,0.7783,-0.0162,0.0,0.0,0,90.0,115.0,25.0,1.2778,1.0,1.0,1.0
MPLADS-002104,1,77.8,97.9,87.8,77.8,20.1,20.1,20.1,-12.2,0.1857,0.0,0.0,0.0,0.1857,-0.01,20.1,20.1,0,400.0,419.0,19.0,1.0475,1.0,1.0,1.0
MPLADS-002105,1,79.5,91.0,98.4,79.5,11.5,11.5,11.5,-10.5,0.1857,0.0,0.0,0.0,0.1857,-0.0136,11.5,11.5,0,400.0,428.0,28.0,1.07,1.0,1.0,1.0
MPLADS-002106,1,77.0,86.6,93.8,77.0,9.6,9.6,9.6,-13.0,0.3702,0.0,0.0,0.0,0.3702,0.0051,9.6,9.6,0,180.0,208.0,28.0,1.1556,1.0,1.0,1.0
MPLADS-002107,1,90.9,91.1,84.1,90.9,0.2,0.2,0.2,0.9,0.2212,0.0,0.0,0.0,0.2212,0.0181,0.2,0.2,0,400.0,411.0,11.0,1.0275,1.0,1.0,1.0
MPLADS-002108,1,77.9,92.1,80.6,77.9,14.2,14.2,14.2,-12.1,0.3206,0.0,0.0,0.0,0.3206,0.0352,14.2,14.2,0,210.0,243.0,33.0,1.1571,1.0,1.0,1.0
MPLADS-002109,1,75.7,88.3,96.9,75.7,12.6,12.6,12.6,-14.3,0.3537,0.0,0.0,0.0,0.3537,0.0057,12.6,12.6,0,180.0,214.0,34.0,1.1889,1.0,1.0,1.0
MPLADS-002110,1,87.8,88.4,97.7,87.8,0.6,0.6,0.6,-2.2,0.6504,0.0,0.0,0.0,0.6504,-0.0027,0.6,0.6,0,150.0,135.0,0.0,0.9,1.0,1.0,1.0
MPLADS-002111,1,97.5,95.8,99.1,97.5,1.7,-1.7,-1.7,7.5,1.2342,0.0,0.0,0.0,1.2342,0.0146,0.0,0.0,0,90.0,79.0,0.0,0.8778,1.0,1.0,1.0
MPLADS-002112,1,75.0,96.7,83.5,75.0,21.7,21.7,21.7,-15.0,0.8721,0.0,0.0,0.0,0.8721,-0.0104,21.7,21.7,0,60.0,86.0,26.0,1.4333,1.0,1.0,1.0
MPLADS-002113,1,31.8,96.9,92.9,31.8,65.1,65.1,65.1,-58.2,0.424,0.0,0.0,0.0,0.424,-0.0158,65.1,65.1,0,90.0,75.0,0.0,0.8333,1.0,1.0,0.0
MPLADS-002114,1,0.0,100.0,93.5,0.0,100.0,100.0,100.0,-90.0,0.0,0.0,0.0,0.0,0.0,-0.0164,100.0,100.0,0,60.0,78.0,18.0,1.3,0.0,0.0,0.0
MPLADS-002115,1,94.7,92.4,95.4,94.7,2.3,-2.3,-2.3,4.7,0.4597,0.0,0.0,0.0,0.4597,0.0053,0.0,0.0,0,180.0,206.0,26.0,1.1444,1.0,1.0,1.0
MPLADS-002116,1,75.8,89.6,92.7,75.8,13.8,13.8,13.8,-14.2,0.4459,0.0,0.0,0.0,0.4459,0.0273,13.8,13.8,0,180.0,170.0,0.0,0.9444,1.0,1.0,1.0
MPLADS-002117,1,95.5,152.6,89.7,95.5,57.1,57.1,57.1,5.5,0.8527,0.0,0.0,0.0,0.8527,-0.0185,57.1,57.1,0,120.0,112.0,0.0,0.9333,1.0,1.0,1.0
MPLADS-002118,1,72.6,91.0,83.1,72.6,18.4,18.4,18.4,-17.4,0.3841,0.0,0.0,0.0,0.3841,-0.0101,18.4,18.4,0,160.0,189.0,29.0,1.1812,1.0,1.0,1.0
MPLADS-002119,1,91.6,95.0,80.7,91.6,3.4,3.4,3.4,1.6,0.2251,0.0,0.0,0.0,0.2251,-0.0054,3.4,3.4,0,400.0,407.0,7.0,1.0175,1.0,1.0,1.0
MPLADS-002120,1,73.6,88.7,94.1,73.6,15.1,15.1,15.1,-16.4,0.4842,0.0,0.0,0.0,0.4842,-0.0176,15.1,15.1,0,150.0,152.0,2.0,1.0133,1.0,1.0,1.0
MPLADS-002121,1,76.9,93.3,85.9,76.9,16.4,16.4,16.4,-13.1,0.3807,0.0,0.0,0.0,0.3807,0.0426,16.4,16.4,0,210.0,202.0,0.0,0.9619,1.0,1.0,1.0
MPLADS-002122,1,43.7,96.0,90.8,43.7,52.3,52.3,52.3,-46.3,0.0683,0.0,0.0,0.0,0.0683,0.0174,52.3,52.3,2,160.0,640.0,480.0,4.0,1.0,1.0,1.0
MPLADS-002123,1,98.9,92.6,93.2,98.9,6.3,-6.3,-6.3,8.9,0.4173,0.0,0.0,0.0,0.4173,-0.018,0.0,0.0,0,210.0,237.0,27.0,1.1286,1.0,1.0,1.0
MPLADS-002124,1,99.6,95.2,89.5,99.6,4.4,-4.4,-4.4,9.6,0.5659,0.0,0.0,0.0,0.5659,0.0027,0.0,0.0,0,180.0,176.0,0.0,0.9778,1.0,1.0,1.0
MPLADS-002125,1,97.5,92.2,97.9,97.5,5.3,-5.3,-5.3,7.5,0.7222,0.0,0.0,0.0,0.7222,0.0216,0.0,0.0,0,150.0,135.0,0.0,0.9,1.0,1.0,1.0
MPLADS-002126,1,98.6,137.2,86.5,98.6,38.6,38.6,38.6,8.6,0.5869,0.0,0.0,0.0,0.5869,0.039,38.6,38.6,0,150.0,168.0,18.0,1.12,1.0,1.0,1.0
MPLADS-002127,1,86.8,92.9,89.8,86.8,6.1,6.1,6.1,-3.2,0.9435,0.0,0.0,0.0,0.9435,0.0104,6.1,6.1,0,60.0,92.0,32.0,1.5333,1.0,1.0,1.0
MPLADS-002128,1,90.1,97.2,95.6,90.1,7.1,7.1,7.1,0.1,0.6214,0.0,0.0,0.0,0.6214,0.0417,7.1,7.1,0,160.0,145.0,0.0,0.9062,1.0,1.0,1.0
MPLADS-002129,1,81.9,93.6,84.5,81.9,11.7,11.7,11.7,-8.1,1.7804,0.0,0.0,0.0,1.7804,0.0185,11.7,11.7,0,60.0,46.0,0.0,0.7667,1.0,1.0,1.0
MPLADS-002130,1,96.2,94.7,80.9,96.2,1.5,-1.5,-1.5,6.2,0.7821,0.0,0.0,0.0,0.7821,0.0385,0.0,0.0,0,90.0,123.0,33.0,1.3667,1.0,1.0,1.0
MPLADS-002131,1,47.6,96.5,97.0,47.6,48.9,48.9,48.9,-42.4,0.1322,0.0,0.0,0.0,0.1322,0.0024,48.9,48.9,3,90.0,360.0,270.0,4.0,1.0,1.0,1.0
MPLADS-002132,1,91.6,97.5,83.8,91.6,5.9,5.9,5.9,1.6,0.214,0.0,0.0,0.0,0.214,0.0045,5.9,5.9,0,400.0,428.0,28.0,1.07,1.0,1.0,1.0
MPLADS-002133,1,26.7,92.8,93.2,26.7,66.1,66.1,66.1,-63.3,0.2008,0.0,0.0,0.0,0.2008,0.0325,66.1,66.1,0,120.0,133.0,13.0,1.1083,1.0,1.0,0.0
MPLADS-002134,1,93.4,91.4,82.4,93.4,2.0,-2.0,-2.0,3.4,0.2278,0.0,0.0,0.0,0.2278,0.0467,0.0,0.0,0,400.0,410.0,10.0,1.025,1.0,1.0,1.0
MPLADS-002135,1,96.2,91.9,93.1,96.2,4.3,-4.3,-4.3,6.2,0.7457,0.0,0.0,0.0,0.7457,0.0053,0.0,0.0,0,120.0,129.0,9.0,1.075,0.0,0.0,0.0
MPLADS-002136,1,87.3,94.8,95.1,87.3,7.5,7.5,7.5,-2.7,0.6767,0.0,0.0,0.0,0.6767,-0.016,7.5,7.5,0,120.0,129.0,9.0,1.075,1.0,1.0,1.0
MPLADS-002137,1,91.9,86.0,90.1,91.9,5.9,-5.9,-5.9,1.9,0.4216,0.0,0.0,0.0,0.4216,0.0046,0.0,0.0,0,210.0,218.0,8.0,1.0381,1.0,1.0,1.0
MPLADS-002138,1,90.0,97.5,83.6,90.0,7.5,7.5,7.5,0.0,0.8571,0.0,0.0,0.0,0.8571,-0.001,7.5,7.5,0,90.0,105.0,15.0,1.1667,1.0,1.0,1.0
MPLADS-002139,1,93.3,90.2,97.6,93.3,3.1,-3.1,-3.1,3.3,1.7604,0.0,0.0,0.0,1.7604,0.019,0.0,0.0,0,60.0,53.0,0.0,0.8833,1.0,1.0,1.0
MPLADS-002140,1,79.5,86.1,92.9,79.5,6.6,6.6,6.6,-10.5,0.4368,0.0,0.0,0.0,0.4368,-0.0148,6.6,6.6,0,180.0,182.0,2.0,1.0111,1.0,1.0,1.0
MPLADS-002141,1,79.9,89.8,82.6,79.9,9.9,9.9,9.9,-10.1,1.0653,0.0,0.0,0.0,1.0653,0.0182,9.9,9.9,0,90.0,75.0,0.0,0.8333,1.0,1.0,1.0
MPLADS-002142,1,97.9,89.1,91.3,97.9,8.8,-8.8,-8.8,7.9,0.7709,0.0,0.0,0.0,0.7709,-0.0191,0.0,0.0,0,120.0,127.0,7.0,1.0583,1.0,1.0,1.0
MPLADS-002143,1,78.0,94.0,93.2,78.0,16.0,16.0,16.0,-12.0,0.1898,0.0,0.0,0.0,0.1898,0.0413,16.0,16.0,0,400.0,411.0,11.0,1.0275,1.0,1.0,1.0
MPLADS-002144,1,98.9,97.2,87.1,98.9,1.7,-1.7,-1.7,8.9,0.7115,0.0,0.0,0.0,0.7115,0.048,0.0,0.0,0,120.0,139.0,19.0,1.1583,1.0,1.0,1.0
MPLADS-002145,1,98.6,86.7,91.3,98.6,11.9,-11.9,-11.9,8.6,0.8286,0.0,0.0,0.0,0.8286,0.0067,0.0,0.0,0,120.0,119.0,0.0,0.9917,1.0,1.0,1.0
MPLADS-002146,1,90.8,95.2,88.2,90.8,4.4,4.4,4.4,0.8,1.2107,0.0,0.0,0.0,1.2107,0.0473,4.4,4.4,0,90.0,75.0,0.0,0.8333,1.0,1.0,1.0
MPLADS-002147,1,94.1,92.6,90.9,94.1,1.5,-1.5,-1.5,4.1,0.765,0.0,0.0,0.0,0.765,0.0274,0.0,0.0,0,120.0,123.0,3.0,1.025,1.0,1.0,1.0
MPLADS-002148,1,98.4,96.2,96.3,98.4,2.2,-2.2,-2.2,8.4,0.5179,0.0,0.0,0.0,0.5179,-0.0107,0.0,0.0,0,160.0,190.0,30.0,1.1875,1.0,1.0,1.0
MPLADS-002149,1,93.6,85.2,94.0,93.6,8.4,-8.4,-8.4,3.6,0.6985,0.0,0.0,0.0,0.6985,0.0244,0.0,0.0,0,120.0,134.0,14.0,1.1167,1.0,1.0,1.0
MPLADS-002150,1,81.4,89.9,94.3,81.4,8.5,8.5,8.5,-8.6,0.1889,0.0,0.0,0.0,0.1889,-0.0154,8.5,8.5,0,400.0,431.0,31.0,1.0775,1.0,1.0,1.0
MPLADS-002151,1,97.7,92.8,84.5,97.7,4.9,-4.9,-4.9,7.7,1.1494,0.0,0.0,0.0,1.1494,0.0491,0.0,0.0,0,90.0,85.0,0.0,0.9444,1.0,1.0,1.0
MPLADS-002152,1,71.0,94.0,87.2,71.0,23.0,23.0,23.0,-19.0,0.1644,0.0,0.0,0.0,0.1644,0.0377,23.0,23.0,0,400.0,432.0,32.0,1.08,1.0,1.0,1.0
MPLADS-002153,1,43.2,88.4,91.4,43.2,45.2,45.2,45.2,-46.8,0.027,0.0,0.0,0.0,0.027,0.0034,45.2,45.2,4,400.0,1600.0,1200.0,4.0,1.0,1.0,1.0
MPLADS-002154,1,98.5,94.1,91.1,98.5,4.4,-4.4,-4.4,8.5,0.8717,0.0,0.0,0.0,0.8717,0.0231,0.0,0.0,0,120.0,113.0,0.0,0.9417,1.0,1.0,1.0
MPLADS-002155,1,77.7,96.4,84.1,77.7,18.7,18.7,18.7,-12.3,0.9476,0.0,0.0,0.0,0.9476,0.0137,18.7,18.7,0,90.0,82.0,0.0,0.9111,1.0,1.0,1.0
MPLADS-002156,1,91.2,96.0,86.5,91.2,4.8,4.8,4.8,1.2,0.2214,0.0,0.0,0.0,0.2214,0.0248,4.8,4.8,0,400.0,412.0,12.0,1.03,1.0,1.0,1.0
MPLADS-002157,1,71.0,87.2,88.8,71.0,16.2,16.2,16.2,-19.0,0.1825,0.0,0.0,0.0,0.1825,0.0002,16.2,16.2,0,400.0,389.0,0.0,0.9725,1.0,1.0,1.0
MPLADS-002158,1,30.8,87.4,90.6,30.8,56.6,56.6,56.6,-59.2,0.1426,0.0,0.0,0.0,0.1426,0.001,56.6,56.6,0,210.0,216.0,6.0,1.0286,1.0,1.0,0.0
MPLADS-002159,1,81.8,85.1,99.3,81.8,3.3,3.3,3.3,-8.2,1.1521,0.0,0.0,0.0,1.1521,0.0466,3.3,3.3,0,60.0,71.0,11.0,1.1833,1.0,1.0,1.0
MPLADS-002160,1,99.6,93.5,98.5,99.6,6.1,-6.1,-6.1,9.6,0.6426,0.0,0.0,0.0,0.6426,0.0096,0.0,0.0,0,160.0,155.0,0.0,0.9688,1.0,1.0,1.0
MPLADS-002161,1,95.4,89.9,85.6,95.4,5.5,-5.5,-5.5,5.4,0.8017,0.0,0.0,0.0,0.8017,-0.017,0.0,0.0,0,120.0,119.0,0.0,0.9917,1.0,1.0,1.0
MPLADS-002162,1,83.7,95.0,96.2,83.7,11.3,11.3,11.3,-6.3,0.1974,0.0,0.0,0.0,0.1974,0.0394,11.3,11.3,0,400.0,424.0,24.0,1.06,1.0,1.0,1.0
MPLADS-002163,1,91.4,95.4,87.4,91.4,4.0,4.0,4.0,1.4,0.4231,0.0,0.0,0.0,0.4231,-0.0032,4.0,4.0,0,210.0,216.0,6.0,1.0286,1.0,1.0,1.0
MPLADS-002164,1,73.5,93.2,86.6,73.5,19.7,19.7,19.7,-16.5,0.5176,0.0,0.0,0.0,0.5176,0.0144,19.7,19.7,0,150.0,142.0,0.0,0.9467,1.0,1.0,1.0
MPLADS-002165,1,77.2,89.7,92.4,77.2,12.5,12.5,12.5,-12.8,0.4289,0.0,0.0,0.0,0.4289,0.0006,12.5,12.5,0,150.0,180.0,30.0,1.2,1.0,1.0,1.0
MPLADS-002166,1,87.8,138.4,86.5,87.8,50.6,50.6,50.6,-2.2,0.4989,0.0,0.0,0.0,0.4989,0.0236,50.6,50.6,0,150.0,176.0,26.0,1.1733,1.0,1.0,1.0
MPLADS-002167,1,93.5,88.6,86.1,93.5,4.9,-4.9,-4.9,3.5,0.7727,0.0,0.0,0.0,0.7727,-0.008,0.0,0.0,0,120.0,121.0,1.0,1.0083,1.0,1.0,1.0
MPLADS-002168,1,91.5,93.5,98.0,91.5,2.0,2.0,2.0,1.5,0.5545,0.0,0.0,0.0,0.5545,0.0305,2.0,2.0,0,180.0,165.0,0.0,0.9167,1.0,1.0,1.0
MPLADS-002169,1,75.1,86.3,92.7,75.1,11.2,11.2,11.2,-14.9,0.8344,0.0,0.0,0.0,0.8344,-0.0015,11.2,11.2,0,60.0,90.0,30.0,1.5,1.0,1.0,1.0
MPLADS-002170,1,96.9,87.3,88.2,96.9,9.6,-9.6,-9.6,6.9,0.251,0.0,0.0,0.0,0.251,0.0073,0.0,0.0,0,400.0,386.0,0.0,0.965,1.0,1.0,1.0
MPLADS-002171,1,72.8,88.0,82.1,72.8,15.2,15.2,15.2,-17.2,1.4275,0.0,0.0,0.0,1.4275,-0.0193,15.2,15.2,0,60.0,51.0,0.0,0.85,1.0,1.0,1.0
MPLADS-002172,1,96.0,94.2,95.5,96.0,1.8,-1.8,-1.8,6.0,0.64,0.0,0.0,0.0,0.64,-0.0154,0.0,0.0,0,150.0,150.0,0.0,1.0,1.0,1.0,1.0
MPLADS-002173,1,87.8,86.8,97.5,87.8,1.0,-1.0,-1.0,-2.2,0.3991,0.0,0.0,0.0,0.3991,0.0385,0.0,0.0,0,210.0,220.0,10.0,1.0476,1.0,1.0,1.0
MPLADS-002174,1,91.6,91.6,89.3,91.6,0.0,0.0,0.0,1.6,0.5452,0.0,0.0,0.0,0.5452,-0.0045,0.0,0.0,0,150.0,168.0,18.0,1.12,1.0,1.0,1.0
MPLADS-002175,1,16.2,96.6,92.8,16.2,80.4,80.4,80.4,-73.8,0.0936,0.0,0.0,0.0,0.0936,0.0032,80.4,80.4,0,150.0,173.0,23.0,1.1533,1.0,1.0,0.0
MPLADS-002176,1,85.0,94.1,93.9,85.0,9.1,9.1,9.1,-5.0,0.5,0.0,0.0,0.0,0.5,0.05,9.1,9.1,0,150.0,170.0,20.0,1.1333,1.0,1.0,1.0
MPLADS-002177,1,78.8,85.2,85.6,78.8,6.4,6.4,6.4,-11.2,0.433,0.0,0.0,0.0,0.433,-0.0113,6.4,6.4,0,150.0,182.0,32.0,1.2133,1.0,1.0,1.0
MPLADS-002178,1,97.4,88.2,83.0,97.4,9.2,-9.2,-9.2,7.4,0.5729,0.0,0.0,0.0,0.5729,0.0334,0.0,0.0,0,160.0,170.0,10.0,1.0625,1.0,1.0,1.0
MPLADS-002179,1,97.2,85.3,99.8,97.2,11.9,-11.9,-11.9,7.2,0.5751,0.0,0.0,0.0,0.5751,-0.0147,0.0,0.0,0,160.0,169.0,9.0,1.0562,1.0,1.0,1.0
MPLADS-002180,1,74.3,92.0,86.7,74.3,17.7,17.7,17.7,-15.7,0.9173,0.0,0.0,0.0,0.9173,0.0154,17.7,17.7,0,60.0,81.0,21.0,1.35,1.0,1.0,1.0
MPLADS-002181,1,81.0,93.7,100.0,81.0,12.7,12.7,12.7,-9.0,0.3913,0.0,0.0,0.0,0.3913,-0.0061,12.7,12.7,0,180.0,207.0,27.0,1.15,1.0,1.0,1.0
MPLADS-002182,1,82.5,97.3,90.2,82.5,14.8,14.8,14.8,-7.5,0.5651,0.0,0.0,0.0,0.5651,-0.0012,14.8,14.8,0,120.0,146.0,26.0,1.2167,1.0,1.0,1.0
MPLADS-002183,1,78.5,90.0,96.6,78.5,11.5,11.5,11.5,-11.5,0.5268,0.0,0.0,0.0,0.5268,-0.0074,11.5,11.5,0,160.0,149.0,0.0,0.9313,1.0,1.0,1.0
MPLADS-002184,1,77.4,88.1,90.2,77.4,10.7,10.7,10.7,-12.6,0.3336,0.0,0.0,0.0,0.3336,-0.0054,10.7,10.7,0,210.0,232.0,22.0,1.1048,0.0,0.0,0.0
MPLADS-002185,1,71.5,86.5,80.1,71.5,15.0,15.0,15.0,-18.5,0.4206,0.0,0.0,0.0,0.4206,0.0078,15.0,15.0,0,180.0,170.0,0.0,0.9444,1.0,1.0,1.0
MPLADS-002186,1,77.1,93.6,92.9,77.1,16.5,16.5,16.5,-12.9,0.9402,0.0,0.0,0.0,0.9402,-0.0094,16.5,16.5,0,60.0,82.0,22.0,1.3667,1.0,1.0,1.0
MPLADS-002187,1,90.5,87.6,97.0,90.5,2.9,-2.9,-2.9,0.5,0.4689,0.0,0.0,0.0,0.4689,0.0008,0.0,0.0,0,160.0,193.0,33.0,1.2063,1.0,1.0,1.0
MPLADS-002188,1,82.8,85.9,81.2,82.8,3.1,3.1,3.1,-7.2,0.3943,0.0,0.0,0.0,0.3943,0.0038,3.1,3.1,0,210.0,210.0,0.0,1.0,1.0,1.0,1.0
MPLADS-002189,1,98.4,98.0,84.5,98.4,0.4,-0.4,-0.4,8.4,1.2,0.0,0.0,0.0,1.2,0.0398,0.0,0.0,0,60.0,82.0,22.0,1.3667,1.0,1.0,1.0
MPLADS-002190,1,93.2,94.9,92.8,93.2,1.7,1.7,1.7,3.2,0.2301,0.0,0.0,0.0,0.2301,0.0243,1.7,1.7,0,400.0,405.0,5.0,1.0125,1.0,1.0,1.0
MPLADS-002191,1,84.5,86.2,85.2,84.5,1.7,1.7,1.7,-5.5,0.2107,0.0,0.0,0.0,0.2107,0.0059,1.7,1.7,0,400.0,401.0,1.0,1.0025,1.0,1.0,1.0
MPLADS-002192,1,71.0,158.1,86.3,71.0,87.1,87.1,87.1,-19.0,0.6017,0.0,0.0,0.0,0.6017,-0.0029,87.1,87.1,0,120.0,118.0,0.0,0.9833,1.0,1.0,1.0
MPLADS-002193,1,73.2,96.3,85.0,73.2,23.1,23.1,23.1,-16.8,0.4306,0.0,0.0,0.0,0.4306,0.0007,23.1,23.1,0,160.0,170.0,10.0,1.0625,1.0,1.0,1.0
MPLADS-002194,1,79.5,94.9,84.7,79.5,15.4,15.4,15.4,-10.5,0.8112,0.0,0.0,0.0,0.8112,0.0149,15.4,15.4,0,90.0,98.0,8.0,1.0889,1.0,1.0,1.0
MPLADS-002195,1,91.4,86.5,88.0,91.4,4.9,-4.9,-4.9,1.4,0.6347,0.0,0.0,0.0,0.6347,0.0187,0.0,0.0,0,120.0,144.0,24.0,1.2,1.0,1.0,1.0
MPLADS-002196,1,90.3,94.9,97.1,90.3,4.6,4.6,4.6,0.3,0.6946,0.0,0.0,0.0,0.6946,0.0384,4.6,4.6,0,120.0,130.0,10.0,1.0833,1.0,1.0,1.0
MPLADS-002197,1,65.1,85.2,89.7,65.1,20.1,20.1,20.1,-24.9,0.1206,0.0,0.0,0.0,0.1206,0.0475,20.1,20.1,2,180.0,540.0,360.0,3.0,1.0,1.0,1.0
MPLADS-002198,1,94.0,96.3,96.4,94.0,2.3,2.3,2.3,4.0,0.5311,0.0,0.0,0.0,0.5311,0.0214,2.3,2.3,0,150.0,177.0,27.0,1.18,1.0,1.0,1.0
MPLADS-002199,1,74.9,95.4,83.6,74.9,20.5,20.5,20.5,-15.1,0.8917,0.0,0.0,0.0,0.8917,0.0149,20.5,20.5,0,60.0,84.0,24.0,1.4,1.0,1.0,1.0
MPLADS-002200,1,74.3,85.2,82.5,74.3,10.9,10.9,10.9,-15.7,0.7009,0.0,0.0,0.0,0.7009,0.038,10.9,10.9,0,120.0,106.0,0.0,0.8833,1.0,1.0,1.0
MPLADS-002201,1,83.8,91.6,96.0,83.8,7.8,7.8,7.8,-6.2,0.2111,0.0,0.0,0.0,0.2111,0.0169,7.8,7.8,0,400.0,397.0,0.0,0.9925,1.0,1.0,1.0
MPLADS-002202,1,97.3,138.6,87.8,97.3,41.3,41.3,41.3,7.3,0.569,0.0,0.0,0.0,0.569,-0.0042,41.3,41.3,0,150.0,171.0,21.0,1.14,1.0,1.0,1.0
MPLADS-002203,1,91.3,90.3,85.0,91.3,1.0,-1.0,-1.0,1.3,0.2118,0.0,0.0,0.0,0.2118,0.0124,0.0,0.0,0,400.0,431.0,31.0,1.0775,1.0,1.0,1.0
MPLADS-002204,1,81.2,86.3,83.5,81.2,5.1,5.1,5.1,-8.8,0.4486,0.0,0.0,0.0,0.4486,0.0343,5.1,5.1,0,150.0,181.0,31.0,1.2067,1.0,1.0,1.0
MPLADS-002205,1,95.0,96.0,85.4,95.0,1.0,1.0,1.0,5.0,0.4095,0.0,0.0,0.0,0.4095,-0.0179,1.0,1.0,0,210.0,232.0,22.0,1.1048,1.0,1.0,1.0
MPLADS-002206,1,60.3,95.2,95.4,60.3,34.9,34.9,34.9,-29.7,0.1256,0.0,0.0,0.0,0.1256,0.0057,34.9,34.9,3,120.0,480.0,360.0,4.0,1.0,1.0,1.0
MPLADS-002207,1,93.5,90.1,80.7,93.5,3.4,-3.4,-3.4,3.5,1.0054,0.0,0.0,0.0,1.0054,0.0284,0.0,0.0,0,90.0,93.0,3.0,1.0333,1.0,1.0,1.0
MPLADS-002208,1,72.5,87.7,96.2,72.5,15.2,15.2,15.2,-17.5,0.3537,0.0,0.0,0.0,0.3537,0.0457,15.2,15.2,0,210.0,205.0,0.0,0.9762,1.0,1.0,1.0
MPLADS-002209,1,68.2,96.9,98.8,68.2,28.7,28.7,28.7,-21.8,0.1137,0.0,0.0,0.0,0.1137,0.0315,28.7,28.7,2,150.0,600.0,450.0,4.0,1.0,1.0,1.0
MPLADS-002210,1,89.3,94.5,97.5,89.3,5.2,5.2,5.2,-0.7,0.5253,0.0,0.0,0.0,0.5253,0.0121,5.2,5.2,0,160.0,170.0,10.0,1.0625,1.0,1.0,1.0
MPLADS-002211,1,84.6,86.0,80.1,84.6,1.4,1.4,1.4,-5.4,0.1967,0.0,0.0,0.0,0.1967,0.045,1.4,1.4,0,400.0,430.0,30.0,1.075,1.0,1.0,1.0
MPLADS-002212,1,83.0,87.2,86.3,83.0,4.2,4.2,4.2,-7.0,0.3532,0.0,0.0,0.0,0.3532,0.0213,4.2,4.2,0,210.0,235.0,25.0,1.119,1.0,1.0,1.0
MPLADS-002213,1,95.6,86.8,96.3,95.6,8.8,-8.8,-8.8,5.6,0.2287,0.0,0.0,0.0,0.2287,0.0225,0.0,0.0,0,400.0,418.0,18.0,1.045,1.0,1.0,1.0
MPLADS-002214,1,91.4,88.8,98.2,91.4,2.6,-2.6,-2.6,1.4,0.4291,0.0,0.0,0.0,0.4291,-0.003,0.0,0.0,0,180.0,213.0,33.0,1.1833,1.0,1.0,1.0
MPLADS-002215,1,0.0,100.0,89.1,0.0,100.0,100.0,100.0,-90.0,0.0,0.0,0.0,0.0,0.0,0.0241,100.0,100.0,0,160.0,181.0,21.0,1.1313,0.0,0.0,0.0
MPLADS-002216,1,70.3,85.1,84.3,70.3,14.8,14.8,14.8,-19.7,0.847,0.0,0.0,0.0,0.847,0.0198,14.8,14.8,0,60.0,83.0,23.0,1.3833,1.0,1.0,1.0
MPLADS-002217,1,88.4,95.4,84.5,88.4,7.0,7.0,7.0,-1.6,1.04,0.0,0.0,0.0,1.04,-0.0195,7.0,7.0,0,60.0,85.0,25.0,1.4167,1.0,1.0,1.0
MPLADS-002218,1,71.2,88.1,84.9,71.2,16.9,16.9,16.9,-18.8,0.4684,0.0,0.0,0.0,0.4684,0.0026,16.9,16.9,0,160.0,152.0,0.0,0.95,1.0,1.0,1.0
MPLADS-002219,1,0.0,100.0,87.6,0.0,100.0,100.0,100.0,-90.0,0.0,0.0,0.0,0.0,0.0,-0.018,100.0,100.0,0,400.0,389.0,0.0,0.9725,0.0,0.0,0.0
MPLADS-002220,1,79.7,97.5,87.2,79.7,17.8,17.8,17.8,-10.3,0.648,0.0,0.0,0.0,0.648,-0.0088,17.8,17.8,0,120.0,123.0,3.0,1.025,1.0,1.0,1.0
MPLADS-002221,1,98.6,86.8,93.9,98.6,11.8,-11.8,-11.8,8.6,0.4955,0.0,0.0,0.0,0.4955,0.049,0.0,0.0,0,180.0,199.0,19.0,1.1056,1.0,1.0,1.0
MPLADS-002222,1,75.8,88.4,81.9,75.8,12.6,12.6,12.6,-14.2,0.502,0.0,0.0,0.0,0.502,-0.012,12.6,12.6,0,120.0,151.0,31.0,1.2583,1.0,1.0,1.0
MPLADS-002223,1,97.4,90.4,86.4,97.4,7.0,-7.0,-7.0,7.4,0.5566,0.0,0.0,0.0,0.5566,0.0164,0.0,0.0,0,160.0,175.0,15.0,1.0938,1.0,1.0,1.0
MPLADS-002224,1,84.7,87.0,90.2,84.7,2.3,2.3,2.3,-5.3,0.4092,0.0,0.0,0.0,0.4092,0.0422,2.3,2.3,0,210.0,207.0,0.0,0.9857,1.0,1.0,1.0
MPLADS-002225,1,81.9,87.6,83.3,81.9,5.7,5.7,5.7,-8.1,0.3624,0.0,0.0,0.0,0.3624,0.0365,5.7,5.7,0,210.0,226.0,16.0,1.0762,1.0,1.0,1.0
MPLADS-002226,1,99.3,97.4,81.7,99.3,1.9,-1.9,-1.9,9.3,0.5642,0.0,0.0,0.0,0.5642,-0.0091,0.0,0.0,0,160.0,176.0,16.0,1.1,1.0,1.0,1.0
MPLADS-002227,1,73.8,89.3,93.5,73.8,15.5,15.5,15.5,-16.2,0.1783,0.0,0.0,0.0,0.1783,-0.0096,15.5,15.5,0,400.0,414.0,14.0,1.035,1.0,1.0,1.0
MPLADS-002228,1,78.0,93.5,92.8,78.0,15.5,15.5,15.5,-12.0,0.6964,0.0,0.0,0.0,0.6964,-0.0022,15.5,15.5,0,90.0,112.0,22.0,1.2444,1.0,1.0,1.0
MPLADS-002229,1,88.5,94.6,97.3,88.5,6.1,6.1,6.1,-1.5,1.6091,0.0,0.0,0.0,1.6091,-0.0124,6.1,6.1,0,60.0,55.0,0.0,0.9167,1.0,1.0,1.0
MPLADS-002230,1,78.5,85.1,98.9,78.5,6.6,6.6,6.6,-11.5,0.5902,0.0,0.0,0.0,0.5902,0.0014,6.6,6.6,0,120.0,133.0,13.0,1.1083,1.0,1.0,1.0
MPLADS-002231,1,75.6,90.1,96.8,75.6,14.5,14.5,14.5,-14.4,0.1817,0.0,0.0,0.0,0.1817,-0.02,14.5,14.5,0,400.0,416.0,16.0,1.04,1.0,1.0,1.0
MPLADS-002232,1,86.5,95.7,98.8,86.5,9.2,9.2,9.2,-3.5,0.4139,0.0,0.0,0.0,0.4139,-0.0163,9.2,9.2,0,210.0,209.0,0.0,0.9952,1.0,1.0,1.0
MPLADS-002233,1,82.3,93.4,90.2,82.3,11.1,11.1,11.1,-7.7,0.6096,0.0,0.0,0.0,0.6096,0.0015,11.1,11.1,0,120.0,135.0,15.0,1.125,1.0,1.0,1.0
MPLADS-002234,1,0.0,100.0,99.0,0.0,100.0,100.0,100.0,-90.0,0.0,0.0,0.0,0.0,0.0,0.0377,100.0,100.0,0,90.0,88.0,0.0,0.9778,0.0,0.0,0.0
MPLADS-002235,1,92.9,86.4,99.0,92.9,6.5,-6.5,-6.5,2.9,0.5022,0.0,0.0,0.0,0.5022,0.0064,0.0,0.0,0,180.0,185.0,5.0,1.0278,1.0,1.0,1.0
MPLADS-002236,1,76.6,85.5,86.9,76.6,8.9,8.9,8.9,-13.4,0.5073,0.0,0.0,0.0,0.5073,0.0079,8.9,8.9,0,160.0,151.0,0.0,0.9437,1.0,1.0,1.0
MPLADS-002237,1,84.9,95.4,93.9,84.9,10.5,10.5,10.5,-5.1,0.4468,0.0,0.0,0.0,0.4468,0.006,10.5,10.5,0,180.0,190.0,10.0,1.0556,1.0,1.0,1.0
MPLADS-002238,1,93.2,90.6,86.9,93.2,2.6,-2.6,-2.6,3.2,0.5236,0.0,0.0,0.0,0.5236,0.0082,0.0,0.0,0,180.0,178.0,0.0,0.9889,0.0,0.0,0.0
MPLADS-002239,1,31.5,95.6,82.3,31.5,64.1,64.1,64.1,-58.5,0.1886,0.0,0.0,0.0,0.1886,0.0254,64.1,64.1,0,160.0,167.0,7.0,1.0437,1.0,1.0,0.0
MPLADS-002240,1,76.1,150.7,92.5,76.1,74.6,74.6,74.6,-13.9,0.5854,0.0,0.0,0.0,0.5854,0.0081,74.6,74.6,0,120.0,130.0,10.0,1.0833,1.0,1.0,1.0
MPLADS-002241,1,79.5,91.1,84.7,79.5,11.6,11.6,11.6,-10.5,0.6069,0.0,0.0,0.0,0.6069,-0.0132,11.6,11.6,0,120.0,131.0,11.0,1.0917,1.0,1.0,1.0
MPLADS-002242,1,87.6,90.9,84.7,87.6,3.3,3.3,3.3,-2.4,0.8588,0.0,0.0,0.0,0.8588,0.0442,3.3,3.3,0,90.0,102.0,12.0,1.1333,1.0,1.0,1.0
MPLADS-002243,1,90.4,93.1,91.0,90.4,2.7,2.7,2.7,0.4,1.0157,0.0,0.0,0.0,1.0157,0.0215,2.7,2.7,0,90.0,89.0,0.0,0.9889,1.0,1.0,1.0
MPLADS-002244,1,85.5,89.4,82.3,85.5,3.9,3.9,3.9,-4.5,0.4548,0.0,0.0,0.0,0.4548,0.0373,3.9,3.9,0,160.0,188.0,28.0,1.175,1.0,1.0,1.0
MPLADS-002245,1,82.6,92.2,87.7,82.6,9.6,9.6,9.6,-7.4,0.4417,0.0,0.0,0.0,0.4417,0.01,9.6,9.6,0,160.0,187.0,27.0,1.1687,1.0,1.0,1.0
MPLADS-002246,1,19.4,91.1,81.2,19.4,71.7,71.7,71.7,-70.6,0.2132,0.0,0.0,0.0,0.2132,-0.0079,71.7,71.7,0,90.0,91.0,1.0,1.0111,1.0,1.0,0.0
MPLADS-002247,1,96.9,95.4,88.6,96.9,1.5,-1.5,-1.5,6.9,0.8972,0.0,0.0,0.0,0.8972,-0.0045,0.0,0.0,0,120.0,108.0,0.0,0.9,1.0,1.0,1.0
MPLADS-002248,1,90.7,86.0,88.2,90.7,4.7,-4.7,-4.7,0.7,0.4067,0.0,0.0,0.0,0.4067,-0.0005,0.0,0.0,0,210.0,223.0,13.0,1.0619,1.0,1.0,1.0
MPLADS-002249,1,18.3,90.4,87.9,18.3,72.1,72.1,72.1,-71.7,0.1947,0.0,0.0,0.0,0.1947,0.0001,72.1,72.1,0,60.0,94.0,34.0,1.5667,1.0,1.0,0.0
MPLADS-002250,1,91.2,96.8,84.5,91.2,5.6,5.6,5.6,1.2,1.1544,0.0,0.0,0.0,1.1544,0.0285,5.6,5.6,0,60.0,79.0,19.0,1.3167,1.0,1.0,1.0
MPLADS-002251,1,91.3,89.7,86.9,91.3,1.6,-1.6,-1.6,1.3,0.6297,0.0,0.0,0.0,0.6297,0.0389,0.0,0.0,0,150.0,145.0,0.0,0.9667,1.0,1.0,1.0
MPLADS-002252,1,88.2,88.3,97.9,88.2,0.1,0.1,0.1,-1.8,0.7875,0.0,0.0,0.0,0.7875,-0.0083,0.1,0.1,0,90.0,112.0,22.0,1.2444,1.0,1.0,1.0
MPLADS-002253,1,92.1,140.5,83.9,92.1,48.4,48.4,48.4,2.1,0.4112,0.0,0.0,0.0,0.4112,0.0396,48.4,48.4,0,210.0,224.0,14.0,1.0667,1.0,1.0,1.0
MPLADS-002254,1,82.7,93.0,85.2,82.7,10.3,10.3,10.3,-7.3,0.9398,0.0,0.0,0.0,0.9398,-0.0184,10.3,10.3,0,60.0,88.0,28.0,1.4667,1.0,1.0,1.0
MPLADS-002255,1,90.8,91.4,85.1,90.8,0.6,0.6,0.6,0.8,1.094,0.0,0.0,0.0,1.094,-0.0078,0.6,0.6,0,60.0,83.0,23.0,1.3833,1.0,1.0,1.0
MPLADS-002256,1,80.4,97.7,89.7,80.4,17.3,17.3,17.3,-9.6,1.2968,0.0,0.0,0.0,1.2968,-0.001,17.3,17.3,0,60.0,62.0,2.0,1.0333,1.0,1.0,1.0
MPLADS-002257,1,99.9,93.0,91.0,99.9,6.9,-6.9,-6.9,9.9,0.5775,0.0,0.0,0.0,0.5775,0.0449,0.0,0.0,0,160.0,173.0,13.0,1.0813,1.0,1.0,1.0
MPLADS-002258,1,87.8,96.5,80.3,87.8,8.7,8.7,8.7,-2.2,0.6859,0.0,0.0,0.0,0.6859,0.0291,8.7,8.7,0,120.0,128.0,8.0,1.0667,1.0,1.0,1.0
MPLADS-002259,1,71.9,86.7,81.8,71.9,14.8,14.8,14.8,-18.1,0.3392,0.0,0.0,0.0,0.3392,0.0277,14.8,14.8,0,210.0,212.0,2.0,1.0095,1.0,1.0,1.0
MPLADS-002260,1,74.7,96.9,84.1,74.7,22.2,22.2,22.2,-15.3,0.3973,0.0,0.0,0.0,0.3973,0.0101,22.2,22.2,0,160.0,188.0,28.0,1.175,1.0,1.0,1.0
MPLADS-002261,1,16.7,88.1,99.4,16.7,71.4,71.4,71.4,-73.3,0.0839,0.0,0.0,0.0,0.0839,0.0205,71.4,71.4,0,180.0,199.0,19.0,1.1056,1.0,1.0,0.0
MPLADS-002262,1,79.1,93.9,81.6,79.1,14.8,14.8,14.8,-10.9,0.4823,0.0,0.0,0.0,0.4823,0.0015,14.8,14.8,0,150.0,164.0,14.0,1.0933,1.0,1.0,1.0
MPLADS-002263,1,99.8,91.1,92.4,99.8,8.7,-8.7,-8.7,9.8,0.7338,0.0,0.0,0.0,0.7338,0.0201,0.0,0.0,0,120.0,136.0,16.0,1.1333,1.0,1.0,1.0
MPLADS-002264,1,99.1,94.6,80.4,99.1,4.5,-4.5,-4.5,9.1,0.7129,0.0,0.0,0.0,0.7129,0.0319,0.0,0.0,0,150.0,139.0,0.0,0.9267,1.0,1.0,1.0
MPLADS-002265,1,78.2,86.7,81.4,78.2,8.5,8.5,8.5,-11.8,0.68,0.0,0.0,0.0,0.68,0.0495,8.5,8.5,0,90.0,115.0,25.0,1.2778,1.0,1.0,1.0
MPLADS-002266,1,91.2,95.9,98.3,91.2,4.7,4.7,4.7,1.2,0.6162,0.0,0.0,0.0,0.6162,-0.0155,4.7,4.7,0,160.0,148.0,0.0,0.925,1.0,1.0,1.0
MPLADS-002267,1,78.7,88.7,88.8,78.7,10.0,10.0,10.0,-11.3,0.4549,0.0,0.0,0.0,0.4549,0.0198,10.0,10.0,0,160.0,173.0,13.0,1.0813,1.0,1.0,1.0
MPLADS-002268,1,99.1,86.7,86.5,99.1,12.4,-12.4,-12.4,9.1,0.7181,0.0,0.0,0.0,0.7181,0.0121,0.0,0.0,0,150.0,138.0,0.0,0.92,1.0,1.0,1.0
MPLADS-002269,1,0.0,100.0,85.4,0.0,100.0,100.0,100.0,-90.0,0.0,0.0,0.0,0.0,0.0,0.0142,100.0,100.0,0,150.0,175.0,25.0,1.1667,0.0,0.0,0.0
MPLADS-002270,1,80.0,95.9,91.4,80.0,15.9,15.9,15.9,-10.0,0.8333,0.0,0.0,0.0,0.8333,-0.0152,15.9,15.9,0,90.0,96.0,6.0,1.0667,1.0,1.0,1.0
MPLADS-002271,1,82.0,127.1,84.0,82.0,45.1,45.1,45.1,-8.0,0.5325,0.0,0.0,0.0,0.5325,0.0346,45.1,45.1,0,160.0,154.0,0.0,0.9625,1.0,1.0,1.0
MPLADS-002272,1,81.4,94.0,98.3,81.4,12.6,12.6,12.6,-8.6,1.7696,0.0,0.0,0.0,1.7696,-0.0001,12.6,12.6,0,60.0,46.0,0.0,0.7667,1.0,1.0,1.0
MPLADS-002273,1,27.2,87.9,87.9,27.2,60.7,60.7,60.7,-62.8,0.2894,0.0,0.0,0.0,0.2894,0.0353,60.7,60.7,0,60.0,94.0,34.0,1.5667,1.0,1.0,0.0
MPLADS-002274,1,86.0,90.0,89.9,86.0,4.0,4.0,4.0,-4.0,1.1781,0.0,0.0,0.0,1.1781,0.0482,4.0,4.0,0,60.0,73.0,13.0,1.2167,0.0,0.0,0.0
MPLADS-002275,1,99.2,85.2,99.5,99.2,14.0,-14.0,-14.0,9.2,0.62,0.0,0.0,0.0,0.62,0.0412,0.0,0.0,0,160.0,160.0,0.0,1.0,1.0,1.0,1.0
MPLADS-002276,1,22.6,89.1,96.6,22.6,66.5,66.5,66.5,-67.4,0.1066,0.0,0.0,0.0,0.1066,-0.0052,66.5,66.5,0,210.0,212.0,2.0,1.0095,1.0,1.0,0.0
MPLADS-002277,1,90.0,92.9,84.4,90.0,2.9,2.9,2.9,0.0,0.7627,0.0,0.0,0.0,0.7627,0.0336,2.9,2.9,0,120.0,118.0,0.0,0.9833,1.0,1.0,1.0
MPLADS-002278,1,73.0,89.1,97.8,73.0,16.1,16.1,16.1,-17.0,0.422,0.0,0.0,0.0,0.422,-0.012,16.1,16.1,0,150.0,173.0,23.0,1.1533,1.0,1.0,1.0
MPLADS-002279,1,92.9,96.4,96.5,92.9,3.5,3.5,3.5,2.9,0.6497,0.0,0.0,0.0,0.6497,-0.0191,3.5,3.5,0,120.0,143.0,23.0,1.1917,1.0,1.0,1.0
MPLADS-002280,1,81.8,87.5,80.5,81.8,5.7,5.7,5.7,-8.2,0.7304,0.0,0.0,0.0,0.7304,0.0012,5.7,5.7,0,90.0,112.0,22.0,1.2444,1.0,1.0,1.0
MPLADS-002281,1,95.0,97.0,89.9,95.0,2.0,2.0,2.0,5.0,0.4798,0.0,0.0,0.0,0.4798,0.0277,2.0,2.0,0,180.0,198.0,18.0,1.1,1.0,1.0,1.0
MPLADS-002282,1,84.5,88.0,83.4,84.5,3.5,3.5,3.5,-5.5,0.6168,0.0,0.0,0.0,0.6168,0.0154,3.5,3.5,0,120.0,137.0,17.0,1.1417,1.0,1.0,1.0
MPLADS-002283,1,98.9,94.9,93.1,98.9,4.0,-4.0,-4.0,8.9,0.4824,0.0,0.0,0.0,0.4824,-0.0165,0.0,0.0,0,180.0,205.0,25.0,1.1389,1.0,1.0,1.0
MPLADS-002284,1,93.4,87.3,97.8,93.4,6.1,-6.1,-6.1,3.4,0.5337,0.0,0.0,0.0,0.5337,-0.007,0.0,0.0,0,180.0,175.0,0.0,0.9722,1.0,1.0,1.0
MPLADS-002285,1,96.4,87.4,96.2,96.4,9.0,-9.0,-9.0,6.4,0.4918,0.0,0.0,0.0,0.4918,0.0114,0.0,0.0,0,210.0,196.0,0.0,0.9333,1.0,1.0,1.0
MPLADS-002286,1,78.2,97.9,93.2,78.2,19.7,19.7,19.7,-11.8,0.5793,0.0,0.0,0.0,0.5793,0.014,19.7,19.7,0,120.0,135.0,15.0,1.125,1.0,1.0,1.0
MPLADS-002287,1,84.7,86.7,99.8,84.7,2.0,2.0,2.0,-5.3,0.5294,0.0,0.0,0.0,0.5294,0.0386,2.0,2.0,0,160.0,160.0,0.0,1.0,1.0,1.0,1.0
MPLADS-002288,1,99.5,94.4,84.6,99.5,5.1,-5.1,-5.1,9.5,0.4307,0.0,0.0,0.0,0.4307,0.0295,0.0,0.0,0,210.0,231.0,21.0,1.1,1.0,1.0,1.0
MPLADS-002289,1,43.4,89.6,94.9,43.4,46.2,46.2,46.2,-46.6,0.1607,0.0,0.0,0.0,0.1607,0.0047,46.2,46.2,3,90.0,270.0,180.0,3.0,1.0,1.0,1.0
MPLADS-002290,1,92.0,92.6,91.9,92.0,0.6,0.6,0.6,2.0,1.2105,0.0,0.0,0.0,1.2105,0.0335,0.6,0.6,0,90.0,76.0,0.0,0.8444,1.0,1.0,1.0
MPLADS-002291,1,81.7,87.2,86.1,81.7,5.5,5.5,5.5,-8.3,0.4147,0.0,0.0,0.0,0.4147,0.0435,5.5,5.5,0,180.0,197.0,17.0,1.0944,1.0,1.0,1.0
MPLADS-002292,1,75.5,95.4,82.5,75.5,19.9,19.9,19.9,-14.5,0.3756,0.0,0.0,0.0,0.3756,0.0077,19.9,19.9,0,210.0,201.0,0.0,0.9571,1.0,1.0,1.0
MPLADS-002293,1,94.2,91.5,83.3,94.2,2.7,-2.7,-2.7,4.2,0.5233,0.0,0.0,0.0,0.5233,0.0332,0.0,0.0,0,160.0,180.0,20.0,1.125,1.0,1.0,1.0
MPLADS-002294,1,95.5,90.9,95.7,95.5,4.6,-4.6,-4.6,5.5,0.4799,0.0,0.0,0.0,0.4799,-0.0054,0.0,0.0,0,210.0,199.0,0.0,0.9476,1.0,1.0,1.0
MPLADS-002295,1,78.8,85.2,89.4,78.8,6.4,6.4,6.4,-11.2,0.4503,0.0,0.0,0.0,0.4503,-0.0098,6.4,6.4,0,160.0,175.0,15.0,1.0938,1.0,1.0,1.0
MPLADS-002296,1,72.7,133.3,82.9,72.7,60.6,60.6,60.6,-17.3,0.8356,0.0,0.0,0.0,0.8356,0.0436,60.6,60.6,0,60.0,87.0,27.0,1.45,1.0,1.0,1.0
MPLADS-002297,1,84.7,93.9,98.6,84.7,9.2,9.2,9.2,-5.3,0.8732,0.0,0.0,0.0,0.8732,0.0472,9.2,9.2,0,90.0,97.0,7.0,1.0778,1.0,1.0,1.0
MPLADS-002298,1,74.7,93.6,86.7,74.7,18.9,18.9,18.9,-15.3,0.4343,0.0,0.0,0.0,0.4343,-0.009,18.9,18.9,0,180.0,172.0,0.0,0.9556,1.0,1.0,1.0
MPLADS-002299,1,94.4,92.5,97.0,94.4,1.9,-1.9,-1.9,4.4,0.5364,0.0,0.0,0.0,0.5364,-0.014,0.0,0.0,0,160.0,176.0,16.0,1.1,1.0,1.0,1.0
MPLADS-002300,1,98.7,97.7,86.1,98.7,1.0,-1.0,-1.0,8.7,0.6493,0.0,0.0,0.0,0.6493,0.0221,0.0,0.0,0,150.0,152.0,2.0,1.0133,1.0,1.0,1.0
MPLADS-002301,1,98.2,87.2,96.8,98.2,11.0,-11.0,-11.0,8.2,0.5644,0.0,0.0,0.0,0.5644,0.0297,0.0,0.0,0,180.0,174.0,0.0,0.9667,1.0,1.0,1.0
MPLADS-002302,1,82.1,87.1,83.5,82.1,5.0,5.0,5.0,-7.9,1.0803,0.0,0.0,0.0,1.0803,-0.0123,5.0,5.0,0,60.0,76.0,16.0,1.2667,1.0,1.0,1.0
MPLADS-002303,1,89.3,86.1,93.8,89.3,3.2,-3.2,-3.2,-0.7,0.4934,0.0,0.0,0.0,0.4934,0.0169,0.0,0.0,0,180.0,181.0,1.0,1.0056,1.0,1.0,1.0
MPLADS-002304,1,73.9,97.9,99.9,73.9,24.0,24.0,24.0,-16.1,0.4506,0.0,0.0,0.0,0.4506,-0.015,24.0,24.0,0,150.0,164.0,14.0,1.0933,0.0,0.0,0.0
MPLADS-002305,1,75.9,85.3,95.7,75.9,9.4,9.4,9.4,-14.1,1.1677,0.0,0.0,0.0,1.1677,0.0179,9.4,9.4,0,60.0,65.0,5.0,1.0833,1.0,1.0,1.0
MPLADS-002306,1,95.6,88.2,98.1,95.6,7.4,-7.4,-7.4,5.6,0.7836,0.0,0.0,0.0,0.7836,0.0423,0.0,0.0,0,120.0,122.0,2.0,1.0167,1.0,1.0,1.0
MPLADS-002307,1,74.8,90.3,80.9,74.8,15.5,15.5,15.5,-15.2,0.502,0.0,0.0,0.0,0.502,0.037,15.5,15.5,0,150.0,149.0,0.0,0.9933,1.0,1.0,1.0
MPLADS-002308,1,71.8,88.8,86.4,71.8,17.0,17.0,17.0,-18.2,0.3469,0.0,0.0,0.0,0.3469,0.024,17.0,17.0,0,210.0,207.0,0.0,0.9857,1.0,1.0,1.0
MPLADS-002309,1,75.3,86.0,91.8,75.3,10.7,10.7,10.7,-14.7,1.2344,0.0,0.0,0.0,1.2344,0.0461,10.7,10.7,0,60.0,61.0,1.0,1.0167,1.0,1.0,1.0
MPLADS-002310,1,73.0,87.4,99.0,73.0,14.4,14.4,14.4,-17.0,0.5489,0.0,0.0,0.0,0.5489,-0.0125,14.4,14.4,0,120.0,133.0,13.0,1.1083,1.0,1.0,1.0
MPLADS-002311,1,78.0,86.7,92.3,78.0,8.7,8.7,8.7,-12.0,0.194,0.0,0.0,0.0,0.194,0.0084,8.7,8.7,0,400.0,402.0,2.0,1.005,1.0,1.0,1.0
MPLADS-002312,1,85.2,90.6,94.9,85.2,5.4,5.4,5.4,-4.8,0.2068,0.0,0.0,0.0,0.2068,0.0322,5.4,5.4,0,400.0,412.0,12.0,1.03,1.0,1.0,1.0
MPLADS-002313,1,92.3,91.1,95.3,92.3,1.2,-1.2,-1.2,2.3,0.4416,0.0,0.0,0.0,0.4416,-0.0029,0.0,0.0,0,210.0,209.0,0.0,0.9952,1.0,1.0,1.0
MPLADS-002314,1,92.4,91.8,96.1,92.4,0.6,-0.6,-0.6,2.4,0.4181,0.0,0.0,0.0,0.4181,0.0073,0.0,0.0,0,210.0,221.0,11.0,1.0524,1.0,1.0,1.0
MPLADS-002315,1,98.0,93.9,80.6,98.0,4.1,-4.1,-4.1,8.0,1.0103,0.0,0.0,0.0,1.0103,0.0262,0.0,0.0,0,90.0,97.0,7.0,1.0778,1.0,1.0,1.0
MPLADS-002316,1,79.3,159.1,89.5,79.3,79.8,79.8,79.8,-10.7,0.5469,0.0,0.0,0.0,0.5469,-0.0135,79.8,79.8,0,150.0,145.0,0.0,0.9667,1.0,1.0,1.0
MPLADS-002317,1,96.7,87.9,96.8,96.7,8.8,-8.8,-8.8,6.7,0.8634,0.0,0.0,0.0,0.8634,-0.0091,0.0,0.0,0,90.0,112.0,22.0,1.2444,1.0,1.0,1.0
MPLADS-002318,1,73.5,93.0,83.9,73.5,19.5,19.5,19.5,-16.5,0.5976,0.0,0.0,0.0,0.5976,0.0053,19.5,19.5,0,120.0,123.0,3.0,1.025,1.0,1.0,1.0
MPLADS-002319,1,99.2,90.5,95.6,99.2,8.7,-8.7,-8.7,9.2,0.496,0.0,0.0,0.0,0.496,0.0393,0.0,0.0,0,210.0,200.0,0.0,0.9524,1.0,1.0,1.0
MPLADS-002320,1,82.6,97.1,87.9,82.6,14.5,14.5,14.5,-7.4,0.4946,0.0,0.0,0.0,0.4946,0.0071,14.5,14.5,0,160.0,167.0,7.0,1.0437,1.0,1.0,1.0
MPLADS-002321,1,70.3,97.5,84.1,70.3,27.2,27.2,27.2,-19.7,0.3949,0.0,0.0,0.0,0.3949,0.0359,27.2,27.2,0,150.0,178.0,28.0,1.1867,1.0,1.0,1.0
MPLADS-002322,1,0.0,100.0,88.6,0.0,100.0,100.0,100.0,-90.0,0.0,0.0,0.0,0.0,0.0,0.0088,100.0,100.0,0,120.0,113.0,0.0,0.9417,0.0,0.0,0.0
MPLADS-002323,1,97.3,87.1,85.4,97.3,10.2,-10.2,-10.2,7.3,0.6237,0.0,0.0,0.0,0.6237,-0.0145,0.0,0.0,0,150.0,156.0,6.0,1.04,1.0,1.0,1.0
MPLADS-002324,1,94.2,91.0,85.3,94.2,3.2,-3.2,-3.2,4.2,0.6587,0.0,0.0,0.0,0.6587,0.0265,0.0,0.0,0,150.0,143.0,0.0,0.9533,1.0,1.0,1.0
MPLADS-002325,1,75.2,95.5,99.8,75.2,20.3,20.3,20.3,-14.8,0.3547,0.0,0.0,0.0,0.3547,0.0076,20.3,20.3,0,210.0,212.0,2.0,1.0095,1.0,1.0,1.0
MPLADS-002326,1,70.2,88.5,89.8,70.2,18.3,18.3,18.3,-19.8,1.0174,0.0,0.0,0.0,1.0174,0.025,18.3,18.3,0,60.0,69.0,9.0,1.15,1.0,1.0,1.0
MPLADS-002327,1,76.3,94.4,96.7,76.3,18.1,18.1,18.1,-13.7,0.6813,0.0,0.0,0.0,0.6813,0.0094,18.1,18.1,0,120.0,112.0,0.0,0.9333,1.0,1.0,1.0
MPLADS-002328,1,98.7,151.0,80.8,98.7,52.3,52.3,52.3,8.7,0.8509,0.0,0.0,0.0,0.8509,0.0253,52.3,52.3,0,120.0,116.0,0.0,0.9667,1.0,1.0,1.0
MPLADS-002329,1,74.7,96.4,95.9,74.7,21.7,21.7,21.7,-15.3,0.3644,0.0,0.0,0.0,0.3644,0.0454,21.7,21.7,0,180.0,205.0,25.0,1.1389,1.0,1.0,1.0
MPLADS-002330,1,83.8,87.4,83.6,83.8,3.6,3.6,3.6,-6.2,0.1976,0.0,0.0,0.0,0.1976,-0.0195,3.6,3.6,0,400.0,424.0,24.0,1.06,1.0,1.0,1.0
MPLADS-002331,1,86.2,95.6,95.6,86.2,9.4,9.4,9.4,-3.8,0.9578,0.0,0.0,0.0,0.9578,0.0179,9.4,9.4,0,60.0,90.0,30.0,1.5,1.0,1.0,1.0
MPLADS-002332,1,99.0,87.2,93.2,99.0,11.8,-11.8,-11.8,9.0,0.6781,0.0,0.0,0.0,0.6781,0.0383,0.0,0.0,0,150.0,146.0,0.0,0.9733,1.0,1.0,1.0
MPLADS-002333,1,79.8,134.1,82.3,79.8,54.3,54.3,54.3,-10.2,0.5503,0.0,0.0,0.0,0.5503,-0.011,54.3,54.3,0,120.0,145.0,25.0,1.2083,1.0,1.0,1.0
MPLADS-002334,1,80.9,86.8,88.3,80.9,5.9,5.9,5.9,-9.1,0.2023,0.0,0.0,0.0,0.2023,0.0195,5.9,5.9,0,400.0,400.0,0.0,1.0,1.0,1.0,1.0
MPLADS-002335,1,25.3,91.9,82.9,25.3,66.6,66.6,66.6,-64.7,0.1413,0.0,0.0,0.0,0.1413,0.0402,66.6,66.6,0,150.0,179.0,29.0,1.1933,1.0,1.0,0.0
MPLADS-002336,1,96.4,144.7,85.6,96.4,48.3,48.3,48.3,6.4,0.831,0.0,0.0,0.0,0.831,0.0273,48.3,48.3,0,90.0,116.0,26.0,1.2889,1.0,1.0,1.0
MPLADS-002337,1,71.2,93.5,84.9,71.2,22.3,22.3,22.3,-18.8,0.7656,0.0,0.0,0.0,0.7656,0.0229,22.3,22.3,0,90.0,93.0,3.0,1.0333,1.0,1.0,1.0
MPLADS-002338,1,78.4,88.0,84.5,78.4,9.6,9.6,9.6,-11.6,0.6938,0.0,0.0,0.0,0.6938,0.0491,9.6,9.6,0,120.0,113.0,0.0,0.9417,1.0,1.0,1.0
MPLADS-002339,1,87.5,96.7,81.2,87.5,9.2,9.2,9.2,-2.5,0.4861,0.0,0.0,0.0,0.4861,0.0374,9.2,9.2,0,180.0,180.0,0.0,1.0,1.0,1.0,1.0
MPLADS-002340,1,75.2,96.6,82.1,75.2,21.4,21.4,21.4,-14.8,0.3704,0.0,0.0,0.0,0.3704,-0.0113,21.4,21.4,0,210.0,203.0,0.0,0.9667,1.0,1.0,1.0
MPLADS-002341,1,70.7,86.2,94.5,70.7,15.5,15.5,15.5,-19.3,0.4391,0.0,0.0,0.0,0.4391,0.0137,15.5,15.5,0,150.0,161.0,11.0,1.0733,1.0,1.0,1.0
MPLADS-002342,1,97.2,91.2,86.1,97.2,6.0,-6.0,-6.0,7.2,1.1435,0.0,0.0,0.0,1.1435,-0.0028,0.0,0.0,0,60.0,85.0,25.0,1.4167,1.0,1.0,1.0
MPLADS-002343,1,93.4,95.7,83.0,93.4,2.3,2.3,2.3,3.4,0.8414,0.0,0.0,0.0,0.8414,-0.0188,2.3,2.3,0,90.0,111.0,21.0,1.2333,1.0,1.0,1.0
MPLADS-002344,1,89.1,87.5,87.6,89.1,1.6,-1.6,-1.6,-0.9,0.5901,0.0,0.0,0.0,0.5901,0.0009,0.0,0.0,0,120.0,151.0,31.0,1.2583,1.0,1.0,1.0
MPLADS-002345,1,82.9,88.4,86.2,82.9,5.5,5.5,5.5,-7.1,0.7336,0.0,0.0,0.0,0.7336,0.0062,5.5,5.5,0,90.0,113.0,23.0,1.2556,1.0,1.0,1.0
MPLADS-002346,1,71.2,90.5,94.9,71.2,19.3,19.3,19.3,-18.8,0.5477,0.0,0.0,0.0,0.5477,0.0008,19.3,19.3,0,120.0,130.0,10.0,1.0833,1.0,1.0,1.0
MPLADS-002347,1,88.5,88.9,95.7,88.5,0.4,0.4,0.4,-1.5,1.2123,0.0,0.0,0.0,1.2123,-0.0177,0.4,0.4,0,60.0,73.0,13.0,1.2167,1.0,1.0,1.0
MPLADS-002348,1,83.0,96.1,97.3,83.0,13.1,13.1,13.1,-7.0,0.497,0.0,0.0,0.0,0.497,0.0118,13.1,13.1,0,150.0,167.0,17.0,1.1133,1.0,1.0,1.0
MPLADS-002349,1,79.9,87.3,86.3,79.9,7.4,7.4,7.4,-10.1,0.7683,0.0,0.0,0.0,0.7683,-0.0169,7.4,7.4,0,90.0,104.0,14.0,1.1556,1.0,1.0,1.0
MPLADS-002350,1,85.6,95.6,97.6,85.6,10.0,10.0,10.0,-4.4,0.4602,0.0,0.0,0.0,0.4602,0.0211,10.0,10.0,0,180.0,186.0,6.0,1.0333,1.0,1.0,1.0
MPLADS-002351,1,88.2,92.6,90.4,88.2,4.4,4.4,4.4,-1.8,0.7538,0.0,0.0,0.0,0.7538,0.0108,4.4,4.4,0,90.0,117.0,27.0,1.3,1.0,1.0,1.0
MPLADS-002352,1,91.0,96.8,96.4,91.0,5.8,5.8,5.8,1.0,0.2162,0.0,0.0,0.0,0.2162,0.0065,5.8,5.8,0,400.0,421.0,21.0,1.0525,1.0,1.0,1.0
MPLADS-002353,1,74.2,92.8,90.2,74.2,18.6,18.6,18.6,-15.8,0.53,0.0,0.0,0.0,0.53,0.0301,18.6,18.6,0,150.0,140.0,0.0,0.9333,1.0,1.0,1.0
MPLADS-002354,1,97.9,146.6,87.0,97.9,48.7,48.7,48.7,7.9,0.7709,0.0,0.0,0.0,0.7709,-0.0059,48.7,48.7,0,120.0,127.0,7.0,1.0583,1.0,1.0,1.0
MPLADS-002355,1,0.0,100.0,98.6,0.0,100.0,100.0,100.0,-90.0,0.0,0.0,0.0,0.0,0.0,-0.005,100.0,100.0,0,90.0,100.0,10.0,1.1111,0.0,0.0,0.0
MPLADS-002356,1,91.6,88.7,80.3,91.6,2.9,-2.9,-2.9,1.6,0.4,0.0,0.0,0.0,0.4,-0.002,0.0,0.0,0,210.0,229.0,19.0,1.0905,1.0,1.0,1.0
MPLADS-002357,1,93.5,92.8,93.1,93.5,0.7,-0.7,-0.7,3.5,0.5701,0.0,0.0,0.0,0.5701,-0.0083,0.0,0.0,0,160.0,164.0,4.0,1.025,1.0,1.0,1.0
MPLADS-002358,1,91.6,141.1,96.7,91.6,49.5,49.5,49.5,1.6,0.4603,0.0,0.0,0.0,0.4603,0.0122,49.5,49.5,0,210.0,199.0,0.0,0.9476,1.0,1.0,1.0
MPLADS-002359,1,82.0,97.3,80.3,82.0,15.3,15.3,15.3,-8.0,0.3677,0.0,0.0,0.0,0.3677,0.0435,15.3,15.3,0,210.0,223.0,13.0,1.0619,1.0,1.0,1.0
MPLADS-002360,1,85.2,89.4,84.1,85.2,4.2,4.2,4.2,-4.8,1.8522,0.0,0.0,0.0,1.8522,0.038,4.2,4.2,0,60.0,46.0,0.0,0.7667,1.0,1.0,1.0
MPLADS-002361,1,73.8,95.4,86.6,73.8,21.6,21.6,21.6,-16.2,0.3385,0.0,0.0,0.0,0.3385,-0.0102,21.6,21.6,0,210.0,218.0,8.0,1.0381,1.0,1.0,1.0
MPLADS-002362,1,97.9,87.0,84.0,97.9,10.9,-10.9,-10.9,7.9,0.232,0.0,0.0,0.0,0.232,0.0435,0.0,0.0,0,400.0,422.0,22.0,1.055,1.0,1.0,1.0
MPLADS-002363,1,85.6,90.0,91.1,85.6,4.4,4.4,4.4,-4.4,0.4435,0.0,0.0,0.0,0.4435,-0.0073,4.4,4.4,0,160.0,193.0,33.0,1.2063,1.0,1.0,1.0
MPLADS-002364,1,79.9,93.8,81.1,79.9,13.9,13.9,13.9,-10.1,0.34,0.0,0.0,0.0,0.34,-0.0092,13.9,13.9,0,210.0,235.0,25.0,1.119,1.0,1.0,1.0
MPLADS-002365,1,70.0,92.5,92.0,70.0,22.5,22.5,22.5,-20.0,0.6481,0.0,0.0,0.0,0.6481,-0.0142,22.5,22.5,0,120.0,108.0,0.0,0.9,1.0,1.0,1.0
MPLADS-002366,1,91.8,93.3,92.0,91.8,1.5,1.5,1.5,1.8,0.2181,0.0,0.0,0.0,0.2181,-0.0195,1.5,1.5,0,400.0,421.0,21.0,1.0525,1.0,1.0,1.0
MPLADS-002367,1,86.8,137.6,82.1,86.8,50.8,50.8,50.8,-3.2,0.5261,0.0,0.0,0.0,0.5261,0.0311,50.8,50.8,0,160.0,165.0,5.0,1.0312,1.0,1.0,1.0
MPLADS-002368,1,96.0,151.9,92.3,96.0,55.9,55.9,55.9,6.0,0.5161,0.0,0.0,0.0,0.5161,0.0006,55.9,55.9,0,160.0,186.0,26.0,1.1625,1.0,1.0,1.0
MPLADS-002369,1,98.1,88.3,98.4,98.1,9.8,-9.8,-9.8,8.1,0.5246,0.0,0.0,0.0,0.5246,0.0217,0.0,0.0,0,160.0,187.0,27.0,1.1687,1.0,1.0,1.0
MPLADS-002370,1,81.1,85.2,98.1,81.1,4.1,4.1,4.1,-8.9,0.5266,0.0,0.0,0.0,0.5266,-0.0136,4.1,4.1,0,160.0,154.0,0.0,0.9625,1.0,1.0,1.0
MPLADS-002371,1,85.0,95.8,96.4,85.0,10.8,10.8,10.8,-5.0,0.2058,0.0,0.0,0.0,0.2058,-0.0119,10.8,10.8,0,400.0,413.0,13.0,1.0325,1.0,1.0,1.0
MPLADS-002372,1,77.8,133.7,89.9,77.8,55.9,55.9,55.9,-12.2,0.1985,0.0,0.0,0.0,0.1985,0.0352,55.9,55.9,0,400.0,392.0,0.0,0.98,1.0,1.0,1.0
MPLADS-002373,1,76.2,90.4,94.9,76.2,14.2,14.2,14.2,-13.8,0.498,0.0,0.0,0.0,0.498,0.0408,14.2,14.2,0,120.0,153.0,33.0,1.275,1.0,1.0,1.0
MPLADS-002374,1,67.1,89.0,83.0,67.1,21.9,21.9,21.9,-22.9,0.0932,0.0,0.0,0.0,0.0932,0.0152,21.9,21.9,2,180.0,720.0,540.0,4.0,1.0,1.0,1.0
MPLADS-002375,1,95.4,88.2,98.0,95.4,7.2,-7.2,-7.2,5.4,0.5242,0.0,0.0,0.0,0.5242,0.0465,0.0,0.0,0,180.0,182.0,2.0,1.0111,1.0,1.0,1.0
MPLADS-002376,1,84.5,96.0,96.9,84.5,11.5,11.5,11.5,-5.5,0.2086,0.0,0.0,0.0,0.2086,-0.0131,11.5,11.5,0,400.0,405.0,5.0,1.0125,1.0,1.0,1.0
MPLADS-002377,1,71.4,89.6,97.0,71.4,18.2,18.2,18.2,-18.6,0.425,0.0,0.0,0.0,0.425,-0.0009,18.2,18.2,0,150.0,168.0,18.0,1.12,1.0,1.0,1.0
MPLADS-002378,1,19.7,69.8,81.0,19.7,50.1,50.1,50.1,-70.3,0.1279,0.0,0.0,0.0,0.1279,0.0228,50.1,50.1,0,120.0,154.0,34.0,1.2833,1.0,1.0,1.0
MPLADS-002379,1,15.5,94.4,81.6,15.5,78.9,78.9,78.9,-74.5,0.0381,0.0,0.0,0.0,0.0381,-0.0136,78.9,78.9,0,400.0,407.0,7.0,1.0175,1.0,1.0,0.0
MPLADS-002380,1,98.9,85.6,99.1,98.9,13.3,-13.3,-13.3,8.9,0.5717,0.0,0.0,0.0,0.5717,0.0051,0.0,0.0,0,150.0,173.0,23.0,1.1533,1.0,1.0,1.0
MPLADS-002381,1,95.4,87.2,88.6,95.4,8.2,-8.2,-8.2,5.4,0.542,0.0,0.0,0.0,0.542,0.005,0.0,0.0,0,180.0,176.0,0.0,0.9778,1.0,1.0,1.0
MPLADS-002382,1,71.0,91.7,81.7,71.0,20.7,20.7,20.7,-19.0,0.9342,0.0,0.0,0.0,0.9342,0.0469,20.7,20.7,0,90.0,76.0,0.0,0.8444,1.0,1.0,1.0
MPLADS-002383,1,77.6,94.7,96.2,77.6,17.1,17.1,17.1,-12.4,0.5039,0.0,0.0,0.0,0.5039,0.0432,17.1,17.1,0,150.0,154.0,4.0,1.0267,1.0,1.0,1.0
MPLADS-002384,1,73.8,92.3,99.2,73.8,18.5,18.5,18.5,-16.2,0.6417,0.0,0.0,0.0,0.6417,0.0234,18.5,18.5,0,90.0,115.0,25.0,1.2778,1.0,1.0,1.0
MPLADS-002385,1,85.4,90.1,94.5,85.4,4.7,4.7,4.7,-4.6,0.61,0.0,0.0,0.0,0.61,0.0134,4.7,4.7,0,120.0,140.0,20.0,1.1667,1.0,1.0,1.0
MPLADS-002386,1,62.7,85.4,85.9,62.7,22.7,22.7,22.7,-27.3,0.1742,0.0,0.0,0.0,0.1742,0.0314,22.7,22.7,3,120.0,360.0,240.0,3.0,1.0,1.0,1.0
MPLADS-002387,1,81.5,87.8,97.7,81.5,6.3,6.3,6.3,-8.5,0.3881,0.0,0.0,0.0,0.3881,0.0295,6.3,6.3,0,210.0,210.0,0.0,1.0,1.0,1.0,1.0
MPLADS-002388,1,78.4,89.5,82.1,78.4,11.1,11.1,11.1,-11.6,0.3213,0.0,0.0,0.0,0.3213,0.0201,11.1,11.1,0,210.0,244.0,34.0,1.1619,1.0,1.0,1.0
MPLADS-002389,1,86.1,91.9,80.6,86.1,5.8,5.8,5.8,-3.9,0.4371,0.0,0.0,0.0,0.4371,0.0095,5.8,5.8,0,180.0,197.0,17.0,1.0944,1.0,1.0,1.0
MPLADS-002390,1,94.6,86.4,82.5,94.6,8.2,-8.2,-8.2,4.6,0.5804,0.0,0.0,0.0,0.5804,-0.0055,0.0,0.0,0,160.0,163.0,3.0,1.0188,1.0,1.0,1.0
MPLADS-002391,1,79.2,88.5,89.7,79.2,9.3,9.3,9.3,-10.8,0.4352,0.0,0.0,0.0,0.4352,0.0047,9.3,9.3,0,150.0,182.0,32.0,1.2133,1.0,1.0,1.0
MPLADS-002392,1,82.9,91.7,81.7,82.9,8.8,8.8,8.8,-7.1,0.4505,0.0,0.0,0.0,0.4505,0.0027,8.8,8.8,0,160.0,184.0,24.0,1.15,1.0,1.0,1.0
MPLADS-002393,1,72.0,87.9,85.9,72.0,15.9,15.9,15.9,-18.0,0.1769,0.0,0.0,0.0,0.1769,0.0357,15.9,15.9,0,400.0,407.0,7.0,1.0175,1.0,1.0,1.0
MPLADS-002394,1,86.0,90.5,89.3,86.0,4.5,4.5,4.5,-4.0,0.4279,0.0,0.0,0.0,0.4279,-0.017,4.5,4.5,0,210.0,201.0,0.0,0.9571,1.0,1.0,1.0
MPLADS-002395,1,75.8,93.0,86.3,75.8,17.2,17.2,17.2,-14.2,0.3559,0.0,0.0,0.0,0.3559,-0.0188,17.2,17.2,0,180.0,213.0,33.0,1.1833,1.0,1.0,1.0
MPLADS-002396,1,83.0,87.1,98.4,83.0,4.1,4.1,4.1,-7.0,0.5123,0.0,0.0,0.0,0.5123,0.0299,4.1,4.1,0,160.0,162.0,2.0,1.0125,1.0,1.0,1.0
MPLADS-002397,1,77.9,90.9,85.4,77.9,13.0,13.0,13.0,-12.1,0.4257,0.0,0.0,0.0,0.4257,0.0132,13.0,13.0,0,160.0,183.0,23.0,1.1438,1.0,1.0,1.0
MPLADS-002398,1,78.3,87.2,83.8,78.3,8.9,8.9,8.9,-11.7,0.799,0.0,0.0,0.0,0.799,0.019,8.9,8.9,0,90.0,98.0,8.0,1.0889,1.0,1.0,1.0
MPLADS-002399,1,97.1,88.0,99.2,97.1,9.1,-9.1,-9.1,7.1,0.522,0.0,0.0,0.0,0.522,-0.0022,0.0,0.0,0,160.0,186.0,26.0,1.1625,1.0,1.0,1.0
MPLADS-002400,1,83.0,94.4,84.1,83.0,11.4,11.4,11.4,-7.0,0.5355,0.0,0.0,0.0,0.5355,0.0162,11.4,11.4,0,160.0,155.0,0.0,0.9688,1.0,1.0,1.0
MPLADS-002401,1,82.9,91.1,87.6,82.9,8.2,8.2,8.2,-7.1,0.7971,0.0,0.0,0.0,0.7971,0.0082,8.2,8.2,0,90.0,104.0,14.0,1.1556,1.0,1.0,1.0
MPLADS-002402,1,82.7,97.3,84.0,82.7,14.6,14.6,14.6,-7.3,0.5105,0.0,0.0,0.0,0.5105,-0.0067,14.6,14.6,0,150.0,162.0,12.0,1.08,1.0,1.0,1.0
MPLADS-002403,1,99.0,86.4,90.7,99.0,12.6,-12.6,-12.6,9.0,0.6429,0.0,0.0,0.0,0.6429,0.0033,0.0,0.0,0,120.0,154.0,34.0,1.2833,1.0,1.0,1.0
MPLADS-002404,1,93.8,90.9,82.7,93.8,2.9,-2.9,-2.9,3.8,0.8086,0.0,0.0,0.0,0.8086,-0.0011,0.0,0.0,0,90.0,116.0,26.0,1.2889,1.0,1.0,1.0
MPLADS-002405,1,79.6,90.3,81.0,79.6,10.7,10.7,10.7,-10.4,0.1913,0.0,0.0,0.0,0.1913,-0.0089,10.7,10.7,0,400.0,416.0,16.0,1.04,1.0,1.0,1.0
MPLADS-002406,1,89.3,85.6,81.8,89.3,3.7,-3.7,-3.7,-0.7,0.6424,0.0,0.0,0.0,0.6424,0.0438,0.0,0.0,0,150.0,139.0,0.0,0.9267,1.0,1.0,1.0
MPLADS-002407,1,78.4,92.1,98.9,78.4,13.7,13.7,13.7,-11.6,0.843,0.0,0.0,0.0,0.843,-0.0078,13.7,13.7,0,90.0,93.0,3.0,1.0333,1.0,1.0,1.0
MPLADS-002408,1,74.2,95.8,97.5,74.2,21.6,21.6,21.6,-15.8,0.3989,0.0,0.0,0.0,0.3989,-0.0155,21.6,21.6,0,180.0,186.0,6.0,1.0333,1.0,1.0,1.0
MPLADS-002409,1,87.8,90.1,82.6,87.8,2.3,2.3,2.3,-2.2,0.6317,0.0,0.0,0.0,0.6317,-0.0096,2.3,2.3,0,120.0,139.0,19.0,1.1583,1.0,1.0,1.0
MPLADS-002410,1,98.0,94.6,90.9,98.0,3.4,-3.4,-3.4,8.0,0.5355,0.0,0.0,0.0,0.5355,-0.0131,0.0,0.0,0,180.0,183.0,3.0,1.0167,1.0,1.0,1.0
MPLADS-002411,1,89.2,96.8,93.0,89.2,7.6,7.6,7.6,-0.8,0.7894,0.0,0.0,0.0,0.7894,0.0177,7.6,7.6,0,120.0,113.0,0.0,0.9417,1.0,1.0,1.0
MPLADS-002412,1,82.3,85.9,95.6,82.3,3.6,3.6,3.6,-7.7,0.1998,0.0,0.0,0.0,0.1998,0.0005,3.6,3.6,0,400.0,412.0,12.0,1.03,1.0,1.0,1.0
MPLADS-002413,1,72.5,91.7,80.8,72.5,19.2,19.2,19.2,-17.5,0.3388,0.0,0.0,0.0,0.3388,-0.0074,19.2,19.2,0,210.0,214.0,4.0,1.019,1.0,1.0,1.0
MPLADS-002414,1,97.4,91.2,80.5,97.4,6.2,-6.2,-6.2,7.4,0.2466,0.0,0.0,0.0,0.2466,0.0141,0.0,0.0,0,400.0,395.0,0.0,0.9875,1.0,1.0,1.0
MPLADS-002415,1,78.2,93.8,92.9,78.2,15.6,15.6,15.6,-11.8,0.3852,0.0,0.0,0.0,0.3852,0.0281,15.6,15.6,0,210.0,203.0,0.0,0.9667,1.0,1.0,1.0
MPLADS-002416,1,0.0,100.0,98.8,0.0,100.0,100.0,100.0,-90.0,0.0,0.0,0.0,0.0,0.0,0.0287,100.0,100.0,0,400.0,393.0,0.0,0.9825,0.0,0.0,0.0
MPLADS-002417,1,69.4,87.3,81.9,69.4,17.9,17.9,17.9,-20.6,0.1102,0.0,0.0,0.0,0.1102,0.0145,17.9,17.9,4,210.0,630.0,420.0,3.0,1.0,1.0,1.0
MPLADS-002418,1,82.1,85.2,96.4,82.1,3.1,3.1,3.1,-7.9,0.4044,0.0,0.0,0.0,0.4044,-0.0124,3.1,3.1,0,180.0,203.0,23.0,1.1278,1.0,1.0,1.0
MPLADS-002419,1,80.7,95.4,91.7,80.7,14.7,14.7,14.7,-9.3,0.5416,0.0,0.0,0.0,0.5416,0.0329,14.7,14.7,0,150.0,149.0,0.0,0.9933,1.0,1.0,1.0
MPLADS-002420,1,86.7,90.5,91.7,86.7,3.8,3.8,3.8,-3.3,0.4539,0.0,0.0,0.0,0.4539,0.0325,3.8,3.8,0,160.0,191.0,31.0,1.1938,1.0,1.0,1.0
MPLADS-002421,1,76.0,89.3,86.9,76.0,13.3,13.3,13.3,-14.0,0.4935,0.0,0.0,0.0,0.4935,-0.0012,13.3,13.3,0,120.0,154.0,34.0,1.2833,1.0,1.0,1.0
MPLADS-002422,1,73.0,85.1,85.3,73.0,12.1,12.1,12.1,-17.0,0.5177,0.0,0.0,0.0,0.5177,0.0496,12.1,12.1,0,120.0,141.0,21.0,1.175,1.0,1.0,1.0
MPLADS-002423,1,94.2,85.4,91.0,94.2,8.8,-8.8,-8.8,4.2,0.6038,0.0,0.0,0.0,0.6038,0.023,0.0,0.0,0,150.0,156.0,6.0,1.04,1.0,1.0,1.0
MPLADS-002424,1,77.2,96.4,95.5,77.2,19.2,19.2,19.2,-12.8,0.1878,0.0,0.0,0.0,0.1878,-0.0182,19.2,19.2,0,400.0,411.0,11.0,1.0275,1.0,1.0,1.0
MPLADS-002425,1,70.0,88.7,93.3,70.0,18.7,18.7,18.7,-20.0,0.5,0.0,0.0,0.0,0.5,0.0255,18.7,18.7,0,120.0,140.0,20.0,1.1667,1.0,1.0,1.0
MPLADS-002426,1,73.7,90.1,99.3,73.7,16.4,16.4,16.4,-16.3,0.1759,0.0,0.0,0.0,0.1759,-0.0069,16.4,16.4,0,400.0,419.0,19.0,1.0475,1.0,1.0,1.0
MPLADS-002427,1,85.9,94.8,87.1,85.9,8.9,8.9,8.9,-4.1,0.5023,0.0,0.0,0.0,0.5023,0.0367,8.9,8.9,0,180.0,171.0,0.0,0.95,1.0,1.0,1.0
MPLADS-002428,1,81.7,96.8,86.1,81.7,15.1,15.1,15.1,-8.3,0.21,0.0,0.0,0.0,0.21,-0.0107,15.1,15.1,0,400.0,389.0,0.0,0.9725,1.0,1.0,1.0
MPLADS-002429,1,79.5,91.7,82.5,79.5,12.2,12.2,12.2,-10.5,0.3841,0.0,0.0,0.0,0.3841,0.0245,12.2,12.2,0,180.0,207.0,27.0,1.15,1.0,1.0,1.0
MPLADS-002430,1,84.3,96.0,88.2,84.3,11.7,11.7,11.7,-5.7,1.0808,0.0,0.0,0.0,1.0808,0.0156,11.7,11.7,0,90.0,78.0,0.0,0.8667,1.0,1.0,1.0
MPLADS-002431,1,15.5,97.2,88.4,15.5,81.7,81.7,81.7,-74.5,0.0365,0.0,0.0,0.0,0.0365,0.0106,81.7,81.7,0,400.0,425.0,25.0,1.0625,1.0,1.0,0.0
MPLADS-002432,1,71.1,92.9,88.5,71.1,21.8,21.8,21.8,-18.9,0.1638,0.0,0.0,0.0,0.1638,-0.0151,21.8,21.8,0,400.0,434.0,34.0,1.085,1.0,1.0,1.0
MPLADS-002433,1,86.2,91.0,96.8,86.2,4.8,4.8,4.8,-3.8,0.4513,0.0,0.0,0.0,0.4513,0.0239,4.8,4.8,0,180.0,191.0,11.0,1.0611,1.0,1.0,1.0
MPLADS-002434,1,70.2,90.6,93.7,70.2,20.4,20.4,20.4,-19.8,1.0324,0.0,0.0,0.0,1.0324,0.0299,20.4,20.4,0,60.0,68.0,8.0,1.1333,1.0,1.0,1.0
MPLADS-002435,1,90.2,97.6,96.9,90.2,7.4,7.4,7.4,0.2,0.7982,0.0,0.0,0.0,0.7982,0.0318,7.4,7.4,0,120.0,113.0,0.0,0.9417,1.0,1.0,1.0
MPLADS-002436,1,97.7,93.4,90.4,97.7,4.3,-4.3,-4.3,7.7,0.2449,0.0,0.0,0.0,0.2449,-0.0159,0.0,0.0,0,400.0,399.0,0.0,0.9975,1.0,1.0,1.0
MPLADS-002437,1,82.5,95.7,80.7,82.5,13.2,13.2,13.2,-7.5,0.4797,0.0,0.0,0.0,0.4797,0.0113,13.2,13.2,0,160.0,172.0,12.0,1.075,1.0,1.0,1.0
MPLADS-002438,1,91.9,96.1,95.2,91.9,4.2,4.2,4.2,1.9,0.7015,0.0,0.0,0.0,0.7015,0.0103,4.2,4.2,0,120.0,131.0,11.0,1.0917,1.0,1.0,1.0
MPLADS-002439,1,86.2,85.4,90.4,86.2,0.8,-0.8,-0.8,-3.8,0.7836,0.0,0.0,0.0,0.7836,-0.0014,0.0,0.0,0,90.0,110.0,20.0,1.2222,1.0,1.0,1.0
MPLADS-002440,1,75.2,86.0,97.8,75.2,10.8,10.8,10.8,-14.8,0.5489,0.0,0.0,0.0,0.5489,0.041,10.8,10.8,0,150.0,137.0,0.0,0.9133,1.0,1.0,1.0
MPLADS-002441,1,99.5,91.6,89.1,99.5,7.9,-7.9,-7.9,9.5,0.4307,0.0,0.0,0.0,0.4307,0.0369,0.0,0.0,0,210.0,231.0,21.0,1.1,1.0,1.0,1.0
MPLADS-002442,1,74.9,95.0,83.8,74.9,20.1,20.1,20.1,-15.1,0.6402,0.0,0.0,0.0,0.6402,-0.0167,20.1,20.1,0,90.0,117.0,27.0,1.3,1.0,1.0,1.0
MPLADS-002443,1,95.0,128.3,99.1,95.0,33.3,33.3,33.3,5.0,1.0106,0.0,0.0,0.0,1.0106,0.0023,33.3,33.3,0,90.0,94.0,4.0,1.0444,1.0,1.0,1.0
MPLADS-002444,1,10.8,43.1,87.0,10.8,32.3,32.3,32.3,-79.2,0.1459,0.0,0.0,0.0,0.1459,0.0018,32.3,32.3,0,60.0,74.0,14.0,1.2333,1.0,1.0,1.0
MPLADS-002445,1,79.5,95.2,99.7,79.5,15.7,15.7,15.7,-10.5,0.476,0.0,0.0,0.0,0.476,0.0386,15.7,15.7,0,160.0,167.0,7.0,1.0437,1.0,1.0,1.0
MPLADS-002446,1,79.9,87.6,82.4,79.9,7.7,7.7,7.7,-10.1,1.3317,0.0,0.0,0.0,1.3317,0.034,7.7,7.7,0,60.0,60.0,0.0,1.0,1.0,1.0,1.0
MPLADS-002447,1,73.0,89.1,92.7,73.0,16.1,16.1,16.1,-17.0,0.6577,0.0,0.0,0.0,0.6577,-0.0156,16.1,16.1,0,120.0,111.0,0.0,0.925,1.0,1.0,1.0
MPLADS-002448,1,81.3,94.0,99.5,81.3,12.7,12.7,12.7,-8.7,0.1882,0.0,0.0,0.0,0.1882,0.0262,12.7,12.7,0,400.0,432.0,32.0,1.08,1.0,1.0,1.0
MPLADS-002449,1,80.5,97.9,93.2,80.5,17.4,17.4,17.4,-9.5,0.4375,0.0,0.0,0.0,0.4375,0.0323,17.4,17.4,0,150.0,184.0,34.0,1.2267,1.0,1.0,1.0
MPLADS-002450,1,76.7,97.3,99.4,76.7,20.6,20.6,20.6,-13.3,0.3455,0.0,0.0,0.0,0.3455,-0.0043,20.6,20.6,0,210.0,222.0,12.0,1.0571,1.0,1.0,1.0
MPLADS-002451,1,96.9,96.0,94.3,96.9,0.9,-0.9,-0.9,6.9,0.4969,0.0,0.0,0.0,0.4969,0.0056,0.0,0.0,0,210.0,195.0,0.0,0.9286,1.0,1.0,1.0
MPLADS-002452,1,99.5,94.1,95.0,99.5,5.4,-5.4,-5.4,9.5,0.6723,0.0,0.0,0.0,0.6723,-0.0141,0.0,0.0,0,120.0,148.0,28.0,1.2333,1.0,1.0,1.0
MPLADS-002453,1,85.3,97.0,98.5,85.3,11.7,11.7,11.7,-4.7,0.7353,0.0,0.0,0.0,0.7353,0.025,11.7,11.7,0,90.0,116.0,26.0,1.2889,1.0,1.0,1.0
MPLADS-002454,1,33.2,91.4,85.6,33.2,58.2,58.2,58.2,-56.8,0.2306,0.0,0.0,0.0,0.2306,-0.0007,58.2,58.2,0,120.0,144.0,24.0,1.2,1.0,1.0,0.0
MPLADS-002455,1,71.8,96.8,97.6,71.8,25.0,25.0,25.0,-18.2,0.3537,0.0,0.0,0.0,0.3537,0.019,25.0,25.0,0,210.0,203.0,0.0,0.9667,1.0,1.0,1.0
MPLADS-002456,1,95.8,86.7,91.0,95.8,9.1,-9.1,-9.1,5.8,0.6303,0.0,0.0,0.0,0.6303,-0.0123,0.0,0.0,0,120.0,152.0,32.0,1.2667,1.0,1.0,1.0
MPLADS-002457,1,83.1,91.1,86.1,83.1,8.0,8.0,8.0,-6.9,0.5431,0.0,0.0,0.0,0.5431,0.0282,8.0,8.0,0,160.0,153.0,0.0,0.9563,1.0,1.0,1.0
MPLADS-002458,1,78.7,87.6,86.3,78.7,8.9,8.9,8.9,-11.3,0.1847,0.0,0.0,0.0,0.1847,0.0233,8.9,8.9,0,400.0,426.0,26.0,1.065,1.0,1.0,1.0
MPLADS-002459,1,77.5,90.3,84.6,77.5,12.8,12.8,12.8,-12.5,1.1567,0.0,0.0,0.0,1.1567,0.0007,12.8,12.8,0,60.0,67.0,7.0,1.1167,1.0,1.0,1.0
MPLADS-002460,1,84.4,150.4,99.1,84.4,66.0,66.0,66.0,-5.6,1.4067,0.0,0.0,0.0,1.4067,0.031,66.0,66.0,0,60.0,60.0,0.0,1.0,1.0,1.0,1.0
MPLADS-002461,1,92.8,85.8,91.8,92.8,7.0,-7.0,-7.0,2.8,0.2215,0.0,0.0,0.0,0.2215,-0.0135,0.0,0.0,0,400.0,419.0,19.0,1.0475,1.0,1.0,1.0
MPLADS-002462,1,85.5,95.9,84.3,85.5,10.4,10.4,10.4,-4.5,0.4524,0.0,0.0,0.0,0.4524,0.0481,10.4,10.4,0,180.0,189.0,9.0,1.05,1.0,1.0,1.0
MPLADS-002463,1,97.9,87.1,94.4,97.9,10.8,-10.8,-10.8,7.9,0.89,0.0,0.0,0.0,0.89,0.0466,0.0,0.0,0,120.0,110.0,0.0,0.9167,1.0,1.0,1.0
MPLADS-002464,1,92.5,91.3,88.7,92.5,1.2,-1.2,-1.2,2.5,0.8114,0.0,0.0,0.0,0.8114,0.0215,0.0,0.0,0,90.0,114.0,24.0,1.2667,1.0,1.0,1.0
MPLADS-002465,1,80.9,86.5,91.5,80.9,5.6,5.6,5.6,-9.1,0.1917,0.0,0.0,0.0,0.1917,0.0265,5.6,5.6,0,400.0,422.0,22.0,1.055,1.0,1.0,1.0
MPLADS-002466,1,72.8,85.9,97.7,72.8,13.1,13.1,13.1,-17.2,0.1843,0.0,0.0,0.0,0.1843,0.031,13.1,13.1,0,400.0,395.0,0.0,0.9875,1.0,1.0,1.0
MPLADS-002467,1,78.7,95.7,88.0,78.7,17.0,17.0,17.0,-11.3,0.9151,0.0,0.0,0.0,0.9151,0.0167,17.0,17.0,0,90.0,86.0,0.0,0.9556,1.0,1.0,1.0
MPLADS-002468,1,99.6,88.4,81.1,99.6,11.2,-11.2,-11.2,9.6,0.5564,0.0,0.0,0.0,0.5564,0.0215,0.0,0.0,0,180.0,179.0,0.0,0.9944,1.0,1.0,1.0
MPLADS-002469,1,91.4,87.0,86.6,91.4,4.4,-4.4,-4.4,1.4,0.2246,0.0,0.0,0.0,0.2246,0.0083,0.0,0.0,0,400.0,407.0,7.0,1.0175,1.0,1.0,1.0
MPLADS-002470,1,14.5,53.7,98.3,14.5,39.2,39.2,39.2,-75.5,0.2042,0.0,0.0,0.0,0.2042,0.0063,39.2,39.2,0,60.0,71.0,11.0,1.1833,1.0,1.0,1.0
MPLADS-002471,1,82.1,87.9,97.0,82.1,5.8,5.8,5.8,-7.9,0.7894,0.0,0.0,0.0,0.7894,0.0353,5.8,5.8,0,90.0,104.0,14.0,1.1556,1.0,1.0,1.0
MPLADS-002472,1,83.5,90.1,80.5,83.5,6.6,6.6,6.6,-6.5,1.7396,0.0,0.0,0.0,1.7396,0.0327,6.6,6.6,0,60.0,48.0,0.0,0.8,1.0,1.0,1.0
MPLADS-002473,1,93.6,93.4,92.9,93.6,0.2,-0.2,-0.2,3.6,0.5924,0.0,0.0,0.0,0.5924,0.0075,0.0,0.0,0,160.0,158.0,0.0,0.9875,1.0,1.0,1.0
MPLADS-002474,1,88.1,85.4,83.8,88.1,2.7,-2.7,-2.7,-1.9,0.2063,0.0,0.0,0.0,0.2063,-0.0059,0.0,0.0,0,400.0,427.0,27.0,1.0675,1.0,1.0,1.0
MPLADS-002475,1,87.7,95.5,98.2,87.7,7.8,7.8,7.8,-2.3,0.609,0.0,0.0,0.0,0.609,-0.0042,7.8,7.8,0,150.0,144.0,0.0,0.96,1.0,1.0,1.0
MPLADS-002476,1,85.7,88.6,91.9,85.7,2.9,2.9,2.9,-4.3,0.6121,0.0,0.0,0.0,0.6121,-0.0124,2.9,2.9,0,150.0,140.0,0.0,0.9333,1.0,1.0,1.0
MPLADS-002477,1,74.5,85.2,84.0,74.5,10.7,10.7,10.7,-15.5,0.1552,0.0,0.0,0.0,0.1552,0.0366,10.7,10.7,4,160.0,480.0,320.0,3.0,1.0,1.0,1.0
MPLADS-002478,1,27.9,88.2,90.4,27.9,60.3,60.3,60.3,-62.1,0.1516,0.0,0.0,0.0,0.1516,0.0151,60.3,60.3,0,160.0,184.0,24.0,1.15,1.0,1.0,0.0
MPLADS-002479,1,78.1,88.2,87.9,78.1,10.1,10.1,10.1,-11.9,0.5313,0.0,0.0,0.0,0.5313,-0.0043,10.1,10.1,0,120.0,147.0,27.0,1.225,1.0,1.0,1.0
MPLADS-002480,1,96.8,94.1,83.3,96.8,2.7,-2.7,-2.7,6.8,0.8203,0.0,0.0,0.0,0.8203,0.0404,0.0,0.0,0,90.0,118.0,28.0,1.3111,1.0,1.0,1.0
MPLADS-002481,1,92.6,93.6,86.9,92.6,1.0,1.0,1.0,2.6,0.7123,0.0,0.0,0.0,0.7123,0.0303,1.0,1.0,0,120.0,130.0,10.0,1.0833,1.0,1.0,1.0
MPLADS-002482,1,77.2,92.8,91.4,77.2,15.6,15.6,15.6,-12.8,0.7083,0.0,0.0,0.0,0.7083,0.0379,15.6,15.6,0,120.0,109.0,0.0,0.9083,1.0,1.0,1.0
MPLADS-002483,1,78.3,89.4,94.7,78.3,11.1,11.1,11.1,-11.7,0.675,0.0,0.0,0.0,0.675,-0.0151,11.1,11.1,0,120.0,116.0,0.0,0.9667,1.0,1.0,1.0
MPLADS-002484,1,82.3,85.3,90.6,82.3,3.0,3.0,3.0,-7.7,0.4378,0.0,0.0,0.0,0.4378,0.0141,3.0,3.0,0,160.0,188.0,28.0,1.175,1.0,1.0,1.0
MPLADS-002485,1,70.5,87.2,86.9,70.5,16.7,16.7,16.7,-19.5,0.3234,0.0,0.0,0.0,0.3234,0.0151,16.7,16.7,0,210.0,218.0,8.0,1.0381,1.0,1.0,1.0
MPLADS-002486,1,72.8,97.3,89.5,72.8,24.5,24.5,24.5,-17.2,0.5871,0.0,0.0,0.0,0.5871,0.0383,24.5,24.5,0,90.0,124.0,34.0,1.3778,1.0,1.0,1.0
MPLADS-002487,1,76.0,91.3,89.1,76.0,15.3,15.3,15.3,-14.0,0.7525,0.0,0.0,0.0,0.7525,0.0076,15.3,15.3,0,90.0,101.0,11.0,1.1222,1.0,1.0,1.0
MPLADS-002488,1,87.5,89.0,80.7,87.5,1.5,1.5,1.5,-2.5,0.7675,0.0,0.0,0.0,0.7675,-0.0192,1.5,1.5,0,90.0,114.0,24.0,1.2667,1.0,1.0,1.0
MPLADS-002489,1,95.1,86.6,89.9,95.1,8.5,-8.5,-8.5,5.1,1.268,0.0,0.0,0.0,1.268,0.0285,0.0,0.0,0,60.0,75.0,15.0,1.25,1.0,1.0,1.0
MPLADS-002490,1,81.2,97.1,97.3,81.2,15.9,15.9,15.9,-8.8,0.9124,0.0,0.0,0.0,0.9124,-0.0164,15.9,15.9,0,60.0,89.0,29.0,1.4833,1.0,1.0,1.0
MPLADS-002491,1,84.6,95.5,90.7,84.6,10.9,10.9,10.9,-5.4,0.4453,0.0,0.0,0.0,0.4453,-0.0151,10.9,10.9,0,160.0,190.0,30.0,1.1875,1.0,1.0,1.0
MPLADS-002492,1,100.0,90.0,94.1,100.0,10.0,-10.0,-10.0,10.0,1.3333,0.0,0.0,0.0,1.3333,-0.0011,0.0,0.0,0,90.0,75.0,0.0,0.8333,1.0,1.0,1.0
MPLADS-002493,1,74.0,86.7,81.0,74.0,12.7,12.7,12.7,-16.0,0.185,0.0,0.0,0.0,0.185,0.0432,12.7,12.7,0,400.0,400.0,0.0,1.0,1.0,1.0,1.0
MPLADS-002494,1,76.9,97.7,85.3,76.9,20.8,20.8,20.8,-13.1,0.5378,0.0,0.0,0.0,0.5378,0.0131,20.8,20.8,0,150.0,143.0,0.0,0.9533,1.0,1.0,1.0
MPLADS-002495,1,80.7,87.7,85.9,80.7,7.0,7.0,7.0,-9.3,0.4508,0.0,0.0,0.0,0.4508,0.0192,7.0,7.0,0,180.0,179.0,0.0,0.9944,1.0,1.0,1.0
MPLADS-002496,1,80.9,92.3,97.0,80.9,11.4,11.4,11.4,-9.1,0.5618,0.0,0.0,0.0,0.5618,0.0081,11.4,11.4,0,150.0,144.0,0.0,0.96,1.0,1.0,1.0
MPLADS-002497,1,79.3,90.7,97.2,79.3,11.4,11.4,11.4,-10.7,0.3706,0.0,0.0,0.0,0.3706,-0.0017,11.4,11.4,0,180.0,214.0,34.0,1.1889,1.0,1.0,1.0
MPLADS-002498,1,73.0,93.4,81.1,73.0,20.4,20.4,20.4,-17.0,0.3946,0.0,0.0,0.0,0.3946,0.0069,20.4,20.4,0,180.0,185.0,5.0,1.0278,1.0,1.0,1.0
MPLADS-002499,1,86.1,85.3,88.3,86.1,0.8,-0.8,-0.8,-3.9,0.6194,0.0,0.0,0.0,0.6194,-0.0089,0.0,0.0,0,120.0,139.0,19.0,1.1583,1.0,1.0,1.0
MPLADS-002500,1,81.0,87.5,81.2,81.0,6.5,6.5,6.5,-9.0,0.4939,0.0,0.0,0.0,0.4939,-0.0037,6.5,6.5,0,160.0,164.0,4.0,1.025,1.0,1.0,1.0
MPLADS-002501,1,99.5,87.6,97.8,99.5,11.9,-11.9,-11.9,9.5,0.559,0.0,0.0,0.0,0.559,0.0471,0.0,0.0,0,150.0,178.0,28.0,1.1867,1.0,1.0,1.0
MPLADS-002502,1,16.5,88.5,84.2,16.5,72.0,72.0,72.0,-73.5,0.1122,0.0,0.0,0.0,0.1122,0.0197,72.0,72.0,0,160.0,147.0,0.0,0.9187,1.0,1.0,0.0
MPLADS-002503,1,80.1,89.3,96.3,80.1,9.2,9.2,9.2,-9.9,0.5235,0.0,0.0,0.0,0.5235,-0.0055,9.2,9.2,0,160.0,153.0,0.0,0.9563,1.0,1.0,1.0
MPLADS-002504,1,86.4,88.4,87.6,86.4,2.0,2.0,2.0,-3.6,0.4075,0.0,0.0,0.0,0.4075,0.0291,2.0,2.0,0,180.0,212.0,32.0,1.1778,1.0,1.0,1.0
MPLADS-002505,1,78.9,89.1,98.6,78.9,10.2,10.2,10.2,-11.1,0.4175,0.0,0.0,0.0,0.4175,0.0356,10.2,10.2,0,160.0,189.0,29.0,1.1812,1.0,1.0,1.0
MPLADS-002506,1,88.7,86.4,90.2,88.7,2.3,-2.3,-2.3,-1.3,0.5311,0.0,0.0,0.0,0.5311,0.0154,0.0,0.0,0,150.0,167.0,17.0,1.1133,1.0,1.0,1.0
MPLADS-002507,1,87.6,96.1,90.7,87.6,8.5,8.5,8.5,-2.4,0.6126,0.0,0.0,0.0,0.6126,0.0114,8.5,8.5,0,150.0,143.0,0.0,0.9533,1.0,1.0,1.0
MPLADS-002508,1,96.1,87.3,89.0,96.1,8.8,-8.8,-8.8,6.1,0.5339,0.0,0.0,0.0,0.5339,0.0061,0.0,0.0,0,150.0,180.0,30.0,1.2,1.0,1.0,1.0
MPLADS-002509,1,80.0,90.4,97.6,80.0,10.4,10.4,10.4,-10.0,0.5714,0.0,0.0,0.0,0.5714,0.003,10.4,10.4,0,120.0,140.0,20.0,1.1667,1.0,1.0,1.0
MPLADS-002510,1,80.1,97.1,97.4,80.1,17.0,17.0,17.0,-9.9,0.3833,0.0,0.0,0.0,0.3833,0.0268,17.0,17.0,0,180.0,209.0,29.0,1.1611,1.0,1.0,1.0
MPLADS-002511,1,41.9,95.5,91.6,41.9,53.6,53.6,53.6,-48.1,0.0776,0.0,0.0,0.0,0.0776,0.0169,53.6,53.6,3,180.0,540.0,360.0,3.0,1.0,1.0,1.0
MPLADS-002512,1,95.7,97.6,94.5,95.7,1.9,1.9,1.9,5.7,0.2411,0.0,0.0,0.0,0.2411,0.0016,1.9,1.9,0,400.0,397.0,0.0,0.9925,1.0,1.0,1.0
MPLADS-002513,1,73.3,94.9,95.2,73.3,21.6,21.6,21.6,-16.7,0.4165,0.0,0.0,0.0,0.4165,0.0464,21.6,21.6,0,180.0,176.0,0.0,0.9778,1.0,1.0,1.0
MPLADS-002514,1,91.3,95.9,97.1,91.3,4.6,4.6,4.6,1.3,0.8533,0.0,0.0,0.0,0.8533,0.0111,4.6,4.6,0,120.0,107.0,0.0,0.8917,1.0,1.0,1.0
MPLADS-002515,1,88.7,89.1,94.7,88.7,0.4,0.4,0.4,-1.3,1.6736,0.0,0.0,0.0,1.6736,0.0311,0.4,0.4,0,60.0,53.0,0.0,0.8833,1.0,1.0,1.0
MPLADS-002516,1,82.7,144.0,93.6,82.7,61.3,61.3,61.3,-7.3,1.7596,0.0,0.0,0.0,1.7596,0.0365,61.3,61.3,0,60.0,47.0,0.0,0.7833,1.0,1.0,1.0
MPLADS-002517,1,86.6,85.9,84.7,86.6,0.7,-0.7,-0.7,-3.4,0.7802,0.0,0.0,0.0,0.7802,-0.0122,0.0,0.0,0,120.0,111.0,0.0,0.925,1.0,1.0,1.0
MPLADS-002518,1,85.9,90.9,89.5,85.9,5.0,5.0,5.0,-4.1,0.4909,0.0,0.0,0.0,0.4909,0.0023,5.0,5.0,0,180.0,175.0,0.0,0.9722,1.0,1.0,1.0
MPLADS-002519,1,90.5,95.7,85.8,90.5,5.2,5.2,5.2,0.5,0.5915,0.0,0.0,0.0,0.5915,0.0209,5.2,5.2,0,150.0,153.0,3.0,1.02,1.0,1.0,1.0
MPLADS-002520,1,94.2,94.0,81.1,94.2,0.2,-0.2,-0.2,4.2,0.5037,0.0,0.0,0.0,0.5037,0.0165,0.0,0.0,0,160.0,187.0,27.0,1.1687,1.0,1.0,1.0
MPLADS-002521,1,98.4,88.6,87.7,98.4,9.8,-9.8,-9.8,8.4,0.8,0.0,0.0,0.0,0.8,0.023,0.0,0.0,0,120.0,123.0,3.0,1.025,1.0,1.0,1.0
MPLADS-002522,1,83.6,97.7,97.6,83.6,14.1,14.1,14.1,-6.4,0.8196,0.0,0.0,0.0,0.8196,0.003,14.1,14.1,0,90.0,102.0,12.0,1.1333,1.0,1.0,1.0
MPLADS-002523,1,84.7,93.2,81.2,84.7,8.5,8.5,8.5,-5.3,0.605,0.0,0.0,0.0,0.605,0.0431,8.5,8.5,0,150.0,140.0,0.0,0.9333,1.0,1.0,1.0
MPLADS-002524,1,91.6,89.8,94.3,91.6,1.8,-1.8,-1.8,1.6,0.6231,0.0,0.0,0.0,0.6231,-0.0055,0.0,0.0,0,150.0,147.0,0.0,0.98,1.0,1.0,1.0
MPLADS-002525,1,23.6,56.3,87.5,23.6,32.7,32.7,32.7,-66.4,0.2565,0.0,0.0,0.0,0.2565,-0.0058,32.7,32.7,0,90.0,92.0,2.0,1.0222,1.0,1.0,1.0
MPLADS-002526,1,96.4,138.8,97.4,96.4,42.4,42.4,42.4,6.4,0.6694,0.0,0.0,0.0,0.6694,0.0342,42.4,42.4,0,120.0,144.0,24.0,1.2,1.0,1.0,1.0
MPLADS-002527,1,74.1,88.6,92.9,74.1,14.5,14.5,14.5,-15.9,0.8233,0.0,0.0,0.0,0.8233,-0.0028,14.5,14.5,0,90.0,90.0,0.0,1.0,1.0,1.0,1.0
MPLADS-002528,1,78.7,90.6,96.3,78.7,11.9,11.9,11.9,-11.3,0.4254,0.0,0.0,0.0,0.4254,0.0009,11.9,11.9,0,180.0,185.0,5.0,1.0278,0.0,0.0,0.0
MPLADS-002529,1,31.8,85.8,91.1,31.8,54.0,54.0,54.0,-58.2,0.1817,0.0,0.0,0.0,0.1817,0.0023,54.0,54.0,0,160.0,175.0,15.0,1.0938,1.0,1.0,0.0
MPLADS-002530,1,97.0,91.0,88.6,97.0,6.0,-6.0,-6.0,7.0,0.2304,0.0,0.0,0.0,0.2304,-0.0138,0.0,0.0,0,400.0,421.0,21.0,1.0525,1.0,1.0,1.0
MPLADS-002531,1,72.2,90.6,95.3,72.2,18.4,18.4,18.4,-17.8,0.4149,0.0,0.0,0.0,0.4149,0.0135,18.4,18.4,0,150.0,174.0,24.0,1.16,1.0,1.0,1.0
MPLADS-002532,1,99.5,89.0,95.6,99.5,10.5,-10.5,-10.5,9.5,0.8805,0.0,0.0,0.0,0.8805,0.0371,0.0,0.0,0,90.0,113.0,23.0,1.2556,1.0,1.0,1.0
MPLADS-002533,1,96.0,95.5,98.2,96.0,0.5,-0.5,-0.5,6.0,0.6076,0.0,0.0,0.0,0.6076,0.0207,0.0,0.0,0,150.0,158.0,8.0,1.0533,1.0,1.0,1.0
MPLADS-002534,1,81.1,94.5,82.8,81.1,13.4,13.4,13.4,-8.9,1.1423,0.0,0.0,0.0,1.1423,0.0133,13.4,13.4,0,60.0,71.0,11.0,1.1833,1.0,1.0,1.0
MPLADS-002535,1,84.5,94.7,95.8,84.5,10.2,10.2,10.2,-5.5,0.4913,0.0,0.0,0.0,0.4913,0.0372,10.2,10.2,0,150.0,172.0,22.0,1.1467,1.0,1.0,1.0
MPLADS-002536,1,89.0,92.8,84.7,89.0,3.8,3.8,3.8,-1.0,0.7417,0.0,0.0,0.0,0.7417,-0.0196,3.8,3.8,0,120.0,120.0,0.0,1.0,0.0,0.0,0.0
MPLADS-002537,1,81.6,91.0,92.8,81.6,9.4,9.4,9.4,-8.4,0.4636,0.0,0.0,0.0,0.4636,0.0223,9.4,9.4,0,180.0,176.0,0.0,0.9778,1.0,1.0,1.0
MPLADS-002538,1,74.7,88.3,90.3,74.7,13.6,13.6,13.6,-15.3,0.4394,0.0,0.0,0.0,0.4394,0.0284,13.6,13.6,0,160.0,170.0,10.0,1.0625,1.0,1.0,1.0
MPLADS-002539,1,93.6,93.0,94.1,93.6,0.6,-0.6,-0.6,3.6,0.6199,0.0,0.0,0.0,0.6199,0.0475,0.0,0.0,0,150.0,151.0,1.0,1.0067,1.0,1.0,1.0
MPLADS-002540,1,18.6,85.1,97.3,18.6,66.5,66.5,66.5,-71.4,0.1081,0.0,0.0,0.0,0.1081,0.0208,66.5,66.5,0,180.0,172.0,0.0,0.9556,1.0,1.0,0.0
MPLADS-002541,1,86.7,97.0,80.4,86.7,10.3,10.3,10.3,-3.3,0.2035,0.0,0.0,0.0,0.2035,-0.0111,10.3,10.3,0,400.0,426.0,26.0,1.065,1.0,1.0,1.0
MPLADS-002542,1,80.9,97.5,87.0,80.9,16.6,16.6,16.6,-9.1,0.8989,0.0,0.0,0.0,0.8989,-0.0044,16.6,16.6,0,90.0,90.0,0.0,1.0,1.0,1.0,1.0
MPLADS-002543,1,75.4,92.7,87.6,75.4,17.3,17.3,17.3,-14.6,0.4961,0.0,0.0,0.0,0.4961,-0.0109,17.3,17.3,0,120.0,152.0,32.0,1.2667,1.0,1.0,1.0
MPLADS-002544,1,75.0,90.0,86.7,75.0,15.0,15.0,15.0,-15.0,1.4151,0.0,0.0,0.0,1.4151,0.0385,15.0,15.0,0,60.0,53.0,0.0,0.8833,1.0,1.0,1.0
MPLADS-002545,1,84.0,97.9,93.8,84.0,13.9,13.9,13.9,-6.0,0.5526,0.0,0.0,0.0,0.5526,-0.0045,13.9,13.9,0,150.0,152.0,2.0,1.0133,1.0,1.0,1.0
MPLADS-002546,1,91.1,89.8,95.3,91.1,1.3,-1.3,-1.3,1.1,0.8062,0.0,0.0,0.0,0.8062,0.0184,0.0,0.0,0,120.0,113.0,0.0,0.9417,1.0,1.0,1.0
MPLADS-002547,1,75.0,95.2,87.8,75.0,20.2,20.2,20.2,-15.0,1.1029,0.0,0.0,0.0,1.1029,-0.0024,20.2,20.2,0,60.0,68.0,8.0,1.1333,1.0,1.0,1.0
MPLADS-002548,1,97.3,96.7,96.1,97.3,0.6,-0.6,-0.6,7.3,2.0271,0.0,0.0,0.0,2.0271,-0.0124,0.0,0.0,0,60.0,48.0,0.0,0.8,1.0,1.0,1.0
MPLADS-002549,1,34.9,95.9,83.0,34.9,61.0,61.0,61.0,-55.1,0.0845,0.0,0.0,0.0,0.0845,-0.0035,61.0,61.0,0,400.0,413.0,13.0,1.0325,1.0,1.0,0.0
MPLADS-002550,1,92.9,86.2,98.7,92.9,6.7,-6.7,-6.7,2.9,0.2294,0.0,0.0,0.0,0.2294,0.0409,0.0,0.0,0,400.0,405.0,5.0,1.0125,1.0,1.0,1.0
MPLADS-002551,1,93.9,97.4,86.1,93.9,3.5,3.5,3.5,3.9,0.3996,0.0,0.0,0.0,0.3996,0.0495,3.5,3.5,0,210.0,235.0,25.0,1.119,1.0,1.0,1.0
MPLADS-002552,1,82.8,89.6,84.0,82.8,6.8,6.8,6.8,-7.2,0.1986,0.0,0.0,0.0,0.1986,-0.0184,6.8,6.8,0,400.0,417.0,17.0,1.0425,1.0,1.0,1.0
MPLADS-002553,1,88.3,87.0,89.3,88.3,1.3,-1.3,-1.3,-1.7,0.4697,0.0,0.0,0.0,0.4697,-0.0161,0.0,0.0,0,160.0,188.0,28.0,1.175,1.0,1.0,1.0
MPLADS-002554,1,90.4,97.5,96.4,90.4,7.1,7.1,7.1,0.4,0.735,0.0,0.0,0.0,0.735,0.0495,7.1,7.1,0,90.0,123.0,33.0,1.3667,1.0,1.0,1.0
MPLADS-002555,1,75.7,97.6,90.5,75.7,21.9,21.9,21.9,-14.3,0.3488,0.0,0.0,0.0,0.3488,0.0375,21.9,21.9,0,210.0,217.0,7.0,1.0333,1.0,1.0,1.0
MPLADS-002556,1,93.6,87.3,81.1,93.6,6.3,-6.3,-6.3,3.6,1.2649,0.0,0.0,0.0,1.2649,0.0049,0.0,0.0,0,60.0,74.0,14.0,1.2333,1.0,1.0,1.0
MPLADS-002557,1,76.6,93.0,97.6,76.6,16.4,16.4,16.4,-13.4,0.4053,0.0,0.0,0.0,0.4053,0.0262,16.4,16.4,0,160.0,189.0,29.0,1.1812,1.0,1.0,1.0
MPLADS-002558,1,92.4,89.3,91.5,92.4,3.1,-3.1,-3.1,2.4,0.2169,0.0,0.0,0.0,0.2169,-0.0167,0.0,0.0,0,400.0,426.0,26.0,1.065,1.0,1.0,1.0
MPLADS-002559,1,82.9,97.3,96.9,82.9,14.4,14.4,14.4,-7.1,1.7638,0.0,0.0,0.0,1.7638,0.0106,14.4,14.4,0,60.0,47.0,0.0,0.7833,1.0,1.0,1.0
MPLADS-002560,1,91.6,87.4,97.7,91.6,4.2,-4.2,-4.2,1.6,0.7156,0.0,0.0,0.0,0.7156,0.0245,0.0,0.0,0,120.0,128.0,8.0,1.0667,1.0,1.0,1.0
MPLADS-002561,1,73.1,94.5,95.6,73.1,21.4,21.4,21.4,-16.9,0.6645,0.0,0.0,0.0,0.6645,-0.0135,21.4,21.4,0,90.0,110.0,20.0,1.2222,1.0,1.0,1.0
MPLADS-002562,1,76.4,141.4,92.2,76.4,65.0,65.0,65.0,-13.6,0.5922,0.0,0.0,0.0,0.5922,0.0071,65.0,65.0,0,120.0,129.0,9.0,1.075,1.0,1.0,1.0
MPLADS-002563,1,92.0,96.2,87.4,92.0,4.2,4.2,4.2,2.0,0.8142,0.0,0.0,0.0,0.8142,0.0136,4.2,4.2,0,90.0,113.0,23.0,1.2556,1.0,1.0,1.0
MPLADS-002564,1,95.4,92.0,89.1,95.4,3.4,-3.4,-3.4,5.4,0.53,0.0,0.0,0.0,0.53,0.0416,0.0,0.0,0,180.0,180.0,0.0,1.0,1.0,1.0,1.0
MPLADS-002565,1,83.1,94.5,88.7,83.1,11.4,11.4,11.4,-6.9,0.4197,0.0,0.0,0.0,0.4197,0.0425,11.4,11.4,0,210.0,198.0,0.0,0.9429,1.0,1.0,1.0
MPLADS-002566,1,77.8,93.8,80.9,77.8,16.0,16.0,16.0,-12.2,0.5257,0.0,0.0,0.0,0.5257,0.0317,16.0,16.0,0,150.0,148.0,0.0,0.9867,1.0,1.0,1.0
MPLADS-002567,1,85.7,92.8,91.3,85.7,7.1,7.1,7.1,-4.3,1.4525,0.0,0.0,0.0,1.4525,-0.0027,7.1,7.1,0,60.0,59.0,0.0,0.9833,1.0,1.0,1.0
MPLADS-002568,1,88.2,94.3,87.2,88.2,6.1,6.1,6.1,-1.8,0.2256,0.0,0.0,0.0,0.2256,0.0311,6.1,6.1,0,400.0,391.0,0.0,0.9775,1.0,1.0,1.0
MPLADS-002569,1,74.4,89.9,93.0,74.4,15.5,15.5,15.5,-15.6,0.1922,0.0,0.0,0.0,0.1922,0.0145,15.5,15.5,0,400.0,387.0,0.0,0.9675,1.0,1.0,1.0
MPLADS-002570,1,99.5,97.3,93.9,99.5,2.2,-2.2,-2.2,9.5,0.2369,0.0,0.0,0.0,0.2369,0.0185,0.0,0.0,0,400.0,420.0,20.0,1.05,1.0,1.0,1.0
MPLADS-002571,1,84.8,95.7,87.2,84.8,10.9,10.9,10.9,-5.2,0.619,0.0,0.0,0.0,0.619,-0.0186,10.9,10.9,0,150.0,137.0,0.0,0.9133,1.0,1.0,1.0
MPLADS-002572,1,96.5,93.2,92.2,96.5,3.3,-3.3,-3.3,6.5,0.5133,0.0,0.0,0.0,0.5133,0.0188,0.0,0.0,0,160.0,188.0,28.0,1.175,1.0,1.0,1.0
MPLADS-002573,1,85.9,93.2,88.6,85.9,7.3,7.3,7.3,-4.1,0.5506,0.0,0.0,0.0,0.5506,0.0206,7.3,7.3,0,150.0,156.0,6.0,1.04,1.0,1.0,1.0
MPLADS-002574,1,94.2,95.3,85.1,94.2,1.1,1.1,1.1,4.2,0.4932,0.0,0.0,0.0,0.4932,-0.0119,1.1,1.1,0,180.0,191.0,11.0,1.0611,1.0,1.0,1.0
MPLADS-002575,1,19.9,96.2,92.4,19.9,76.3,76.3,76.3,-70.1,0.0966,0.0,0.0,0.0,0.0966,0.0283,76.3,76.3,0,180.0,206.0,26.0,1.1444,1.0,1.0,0.0
MPLADS-002576,1,92.7,139.7,85.7,92.7,47.0,47.0,47.0,2.7,0.6483,0.0,0.0,0.0,0.6483,0.0178,47.0,47.0,0,150.0,143.0,0.0,0.9533,1.0,1.0,1.0
MPLADS-002577,1,98.1,86.1,80.4,98.1,12.0,-12.0,-12.0,8.1,0.5574,0.0,0.0,0.0,0.5574,0.0273,0.0,0.0,0,150.0,176.0,26.0,1.1733,1.0,1.0,1.0
MPLADS-002578,1,82.6,91.7,89.6,82.6,9.1,9.1,9.1,-7.4,1.8356,0.0,0.0,0.0,1.8356,0.0179,9.1,9.1,0,60.0,45.0,0.0,0.75,1.0,1.0,1.0
MPLADS-002579,1,85.0,90.1,80.2,85.0,5.1,5.1,5.1,-5.0,1.7,0.0,0.0,0.0,1.7,0.0085,5.1,5.1,0,60.0,50.0,0.0,0.8333,1.0,1.0,1.0
MPLADS-002580,1,73.3,97.2,80.8,73.3,23.9,23.9,23.9,-16.7,0.3818,0.0,0.0,0.0,0.3818,0.0047,23.9,23.9,0,160.0,192.0,32.0,1.2,1.0,1.0,1.0
MPLADS-002581,1,93.4,92.2,99.2,93.4,1.2,-1.2,-1.2,3.4,0.4601,0.0,0.0,0.0,0.4601,0.0109,0.0,0.0,0,210.0,203.0,0.0,0.9667,1.0,1.0,1.0
MPLADS-002582,1,88.2,85.3,93.3,88.2,2.9,-2.9,-2.9,-1.8,0.207,0.0,0.0,0.0,0.207,0.0233,0.0,0.0,0,400.0,426.0,26.0,1.065,1.0,1.0,1.0
MPLADS-002583,1,81.9,92.3,88.4,81.9,10.4,10.4,10.4,-8.1,0.91,0.0,0.0,0.0,0.91,-0.0067,10.4,10.4,0,60.0,90.0,30.0,1.5,1.0,1.0,1.0
MPLADS-002584,1,78.6,95.1,91.3,78.6,16.5,16.5,16.5,-11.4,0.3463,0.0,0.0,0.0,0.3463,-0.0162,16.5,16.5,0,210.0,227.0,17.0,1.081,1.0,1.0,1.0
MPLADS-002585,1,93.0,95.1,90.5,93.0,2.1,2.1,2.1,3.0,0.4697,0.0,0.0,0.0,0.4697,0.0323,2.1,2.1,0,180.0,198.0,18.0,1.1,1.0,1.0,1.0
MPLADS-002586,1,92.6,85.0,90.2,92.6,7.6,-7.6,-7.6,2.6,0.6662,0.0,0.0,0.0,0.6662,-0.0009,0.0,0.0,0,120.0,139.0,19.0,1.1583,1.0,1.0,1.0
MPLADS-002587,1,81.8,159.0,88.1,81.8,77.2,77.2,77.2,-8.2,0.5527,0.0,0.0,0.0,0.5527,-0.0163,77.2,77.2,0,150.0,148.0,0.0,0.9867,1.0,1.0,1.0
MPLADS-002588,1,88.9,91.3,85.4,88.9,2.4,2.4,2.4,-1.1,0.8308,0.0,0.0,0.0,0.8308,0.0172,2.4,2.4,0,90.0,107.0,17.0,1.1889,1.0,1.0,1.0
MPLADS-002589,1,0.0,100.0,90.0,0.0,100.0,100.0,100.0,-90.0,0.0,0.0,0.0,0.0,0.0,0.0354,100.0,100.0,0,210.0,219.0,9.0,1.0429,0.0,0.0,0.0
MPLADS-002590,1,74.8,88.5,86.6,74.8,13.7,13.7,13.7,-15.2,0.6081,0.0,0.0,0.0,0.6081,0.0209,13.7,13.7,0,90.0,123.0,33.0,1.3667,1.0,1.0,1.0
MPLADS-002591,1,99.5,85.6,84.4,99.5,13.9,-13.9,-13.9,9.5,0.8728,0.0,0.0,0.0,0.8728,0.0127,0.0,0.0,0,120.0,114.0,0.0,0.95,1.0,1.0,1.0
MPLADS-002592,1,93.7,85.9,81.1,93.7,7.8,-7.8,-7.8,3.7,1.4415,0.0,0.0,0.0,1.4415,-0.0046,0.0,0.0,0,60.0,65.0,5.0,1.0833,1.0,1.0,1.0
MPLADS-002593,1,87.6,130.3,90.8,87.6,42.7,42.7,42.7,-2.4,0.7008,0.0,0.0,0.0,0.7008,0.0175,42.7,42.7,0,120.0,125.0,5.0,1.0417,1.0,1.0,1.0
MPLADS-002594,1,74.3,96.2,99.7,74.3,21.9,21.9,21.9,-15.7,0.1761,0.0,0.0,0.0,0.1761,0.0231,21.9,21.9,0,400.0,422.0,22.0,1.055,1.0,1.0,1.0
MPLADS-002595,1,80.7,89.8,99.6,80.7,9.1,9.1,9.1,-9.3,0.832,0.0,0.0,0.0,0.832,0.0157,9.1,9.1,0,90.0,97.0,7.0,1.0778,1.0,1.0,1.0
MPLADS-002596,1,94.3,94.8,85.5,94.3,0.5,0.5,0.5,4.3,0.5358,0.0,0.0,0.0,0.5358,-0.0158,0.5,0.5,0,180.0,176.0,0.0,0.9778,1.0,1.0,1.0
MPLADS-002597,1,79.3,96.4,89.4,79.3,17.1,17.1,17.1,-10.7,0.5469,0.0,0.0,0.0,0.5469,0.0213,17.1,17.1,0,120.0,145.0,25.0,1.2083,1.0,1.0,1.0
MPLADS-002598,1,98.9,91.5,88.6,98.9,7.4,-7.4,-7.4,8.9,1.2061,0.0,0.0,0.0,1.2061,0.032,0.0,0.0,0,60.0,82.0,22.0,1.3667,1.0,1.0,1.0
MPLADS-002599,1,70.8,87.5,83.1,70.8,16.7,16.7,16.7,-19.2,0.708,0.0,0.0,0.0,0.708,-0.0164,16.7,16.7,0,90.0,100.0,10.0,1.1111,1.0,1.0,1.0
MPLADS-002600,1,75.3,96.5,88.9,75.3,21.2,21.2,21.2,-14.7,0.1832,0.0,0.0,0.0,0.1832,0.0043,21.2,21.2,0,400.0,411.0,11.0,1.0275,1.0,1.0,1.0
MPLADS-002601,1,66.1,89.9,83.6,66.1,23.8,23.8,23.8,-23.9,0.1469,0.0,0.0,0.0,0.1469,-0.0188,23.8,23.8,4,150.0,450.0,300.0,3.0,1.0,1.0,1.0
MPLADS-002602,1,99.4,89.8,95.8,99.4,9.6,-9.6,-9.6,9.4,0.5779,0.0,0.0,0.0,0.5779,0.0084,0.0,0.0,0,180.0,172.0,0.0,0.9556,1.0,1.0,1.0
MPLADS-002603,1,88.4,94.2,97.8,88.4,5.8,5.8,5.8,-1.6,0.381,0.0,0.0,0.0,0.381,0.043,5.8,5.8,0,210.0,232.0,22.0,1.1048,1.0,1.0,1.0
MPLADS-002604,1,83.7,90.9,94.8,83.7,7.2,7.2,7.2,-6.3,0.377,0.0,0.0,0.0,0.377,0.0039,7.2,7.2,0,210.0,222.0,12.0,1.0571,1.0,1.0,1.0
MPLADS-002605,1,32.8,97.0,80.4,32.8,64.2,64.2,64.2,-57.2,0.2216,0.0,0.0,0.0,0.2216,-0.0022,64.2,64.2,0,120.0,148.0,28.0,1.2333,1.0,1.0,0.0
MPLADS-002606,1,92.9,89.2,82.3,92.9,3.7,-3.7,-3.7,2.9,0.234,0.0,0.0,0.0,0.234,0.0451,0.0,0.0,0,400.0,397.0,0.0,0.9925,1.0,1.0,1.0
MPLADS-002607,1,99.9,96.1,86.0,99.9,3.8,-3.8,-3.8,9.9,0.6445,0.0,0.0,0.0,0.6445,0.0442,0.0,0.0,0,150.0,155.0,5.0,1.0333,1.0,1.0,1.0
MPLADS-002608,1,84.8,88.9,92.1,84.8,4.1,4.1,4.1,-5.2,0.4057,0.0,0.0,0.0,0.4057,0.0407,4.1,4.1,0,210.0,209.0,0.0,0.9952,1.0,1.0,1.0
MPLADS-002609,1,70.2,90.9,85.3,70.2,20.7,20.7,20.7,-19.8,0.8357,0.0,0.0,0.0,0.8357,0.0128,20.7,20.7,0,90.0,84.0,0.0,0.9333,1.0,1.0,1.0
MPLADS-002610,1,75.1,152.7,90.6,75.1,77.6,77.6,77.6,-14.9,0.1747,0.0,0.0,0.0,0.1747,-0.0079,77.6,77.6,0,400.0,430.0,30.0,1.075,1.0,1.0,1.0
MPLADS-002611,1,70.1,96.1,98.1,70.1,26.0,26.0,26.0,-19.9,0.8654,0.0,0.0,0.0,0.8654,-0.0057,26.0,26.0,0,60.0,81.0,21.0,1.35,1.0,1.0,1.0
MPLADS-002612,1,50.2,85.5,82.7,50.2,35.3,35.3,35.3,-39.8,0.0598,0.0,0.0,0.0,0.0598,-0.0038,35.3,35.3,4,210.0,840.0,630.0,4.0,1.0,1.0,1.0
MPLADS-002613,1,70.5,91.0,93.9,70.5,20.5,20.5,20.5,-19.5,0.5732,0.0,0.0,0.0,0.5732,0.0334,20.5,20.5,0,120.0,123.0,3.0,1.025,1.0,1.0,1.0
MPLADS-002614,1,82.8,96.7,97.9,82.8,13.9,13.9,13.9,-7.2,0.4899,0.0,0.0,0.0,0.4899,0.037,13.9,13.9,0,150.0,169.0,19.0,1.1267,1.0,1.0,1.0
MPLADS-002615,1,99.3,91.2,95.3,99.3,8.1,-8.1,-8.1,9.3,0.5119,0.0,0.0,0.0,0.5119,0.0206,0.0,0.0,0,180.0,194.0,14.0,1.0778,1.0,1.0,1.0
MPLADS-002616,1,53.0,95.8,96.4,53.0,42.8,42.8,42.8,-37.0,0.0736,0.0,0.0,0.0,0.0736,-0.0033,42.8,42.8,2,180.0,720.0,540.0,4.0,1.0,1.0,1.0
MPLADS-002617,1,93.3,91.8,81.7,93.3,1.5,-1.5,-1.5,3.3,0.5331,0.0,0.0,0.0,0.5331,0.0216,0.0,0.0,0,150.0,175.0,25.0,1.1667,1.0,1.0,1.0
MPLADS-002618,1,93.0,88.4,80.0,93.0,4.6,-4.6,-4.6,3.0,1.3286,0.0,0.0,0.0,1.3286,-0.0093,0.0,0.0,0,60.0,70.0,10.0,1.1667,1.0,1.0,1.0
MPLADS-002619,1,79.0,93.8,88.9,79.0,14.8,14.8,14.8,-11.0,0.7822,0.0,0.0,0.0,0.7822,0.0051,14.8,14.8,0,90.0,101.0,11.0,1.1222,1.0,1.0,1.0
MPLADS-002620,1,94.3,93.3,81.8,94.3,1.0,-1.0,-1.0,4.3,1.1937,0.0,0.0,0.0,1.1937,-0.0129,0.0,0.0,0,90.0,79.0,0.0,0.8778,1.0,1.0,1.0
MPLADS-002621,1,99.2,96.8,84.7,99.2,2.4,-2.4,-2.4,9.2,0.2557,0.0,0.0,0.0,0.2557,0.0462,0.0,0.0,0,400.0,388.0,0.0,0.97,1.0,1.0,1.0
MPLADS-002622,1,89.8,91.5,89.4,89.8,1.7,1.7,1.7,-0.2,0.5613,0.0,0.0,0.0,0.5613,0.0141,1.7,1.7,0,150.0,160.0,10.0,1.0667,1.0,1.0,1.0
MPLADS-002623,1,95.2,86.5,99.5,95.2,8.7,-8.7,-8.7,5.2,0.2345,0.0,0.0,0.0,0.2345,0.021,0.0,0.0,0,400.0,406.0,6.0,1.015,1.0,1.0,1.0
MPLADS-002624,1,87.8,87.1,80.4,87.8,0.7,-0.7,-0.7,-2.2,0.3643,0.0,0.0,0.0,0.3643,0.0105,0.0,0.0,0,210.0,241.0,31.0,1.1476,1.0,1.0,1.0
MPLADS-002625,1,81.8,85.4,98.2,81.8,3.6,3.6,3.6,-8.2,0.1976,0.0,0.0,0.0,0.1976,0.0444,3.6,3.6,0,400.0,414.0,14.0,1.035,1.0,1.0,1.0
MPLADS-002626,1,96.9,85.4,87.9,96.9,11.5,-11.5,-11.5,6.9,1.1675,0.0,0.0,0.0,1.1675,-0.0105,0.0,0.0,0,90.0,83.0,0.0,0.9222,1.0,1.0,1.0
MPLADS-002627,1,97.1,91.6,94.1,97.1,5.5,-5.5,-5.5,7.1,0.4185,0.0,0.0,0.0,0.4185,-0.0086,0.0,0.0,0,210.0,232.0,22.0,1.1048,1.0,1.0,1.0
MPLADS-002628,1,95.1,86.6,91.5,95.1,8.5,-8.5,-8.5,5.1,0.5729,0.0,0.0,0.0,0.5729,-0.0049,0.0,0.0,0,150.0,166.0,16.0,1.1067,1.0,1.0,1.0
MPLADS-002629,1,95.0,91.2,92.8,95.0,3.8,-3.8,-3.8,5.0,0.709,0.0,0.0,0.0,0.709,-0.0039,0.0,0.0,0,120.0,134.0,14.0,1.1167,1.0,1.0,1.0
MPLADS-002630,1,88.7,85.6,81.2,88.7,3.1,-3.1,-3.1,-1.3,0.5311,0.0,0.0,0.0,0.5311,-0.0003,0.0,0.0,0,150.0,167.0,17.0,1.1133,1.0,1.0,1.0
MPLADS-002631,1,74.7,89.2,81.7,74.7,14.5,14.5,14.5,-15.3,0.6123,0.0,0.0,0.0,0.6123,0.0389,14.5,14.5,0,90.0,122.0,32.0,1.3556,1.0,1.0,1.0
MPLADS-002632,1,80.5,96.3,95.9,80.5,15.8,15.8,15.8,-9.5,1.0733,0.0,0.0,0.0,1.0733,0.0479,15.8,15.8,0,90.0,75.0,0.0,0.8333,1.0,1.0,1.0
MPLADS-002633,1,18.4,45.2,96.1,18.4,26.8,26.8,26.8,-71.6,0.0844,0.0,0.0,0.0,0.0844,0.0185,26.8,26.8,0,210.0,218.0,8.0,1.0381,1.0,1.0,1.0
MPLADS-002634,1,88.3,90.4,86.3,88.3,2.1,2.1,2.1,-1.7,1.0901,0.0,0.0,0.0,1.0901,0.0135,2.1,2.1,0,90.0,81.0,0.0,0.9,1.0,1.0,1.0
MPLADS-002635,1,28.2,91.5,91.7,28.2,63.3,63.3,63.3,-61.8,0.1649,0.0,0.0,0.0,0.1649,0.0065,63.3,63.3,0,180.0,171.0,0.0,0.95,1.0,1.0,0.0
MPLADS-002636,1,97.8,93.2,96.9,97.8,4.6,-4.6,-4.6,7.8,1.0188,0.0,0.0,0.0,1.0188,0.0145,0.0,0.0,0,90.0,96.0,6.0,1.0667,1.0,1.0,1.0
MPLADS-002637,1,80.0,93.9,80.6,80.0,13.9,13.9,13.9,-10.0,0.708,0.0,0.0,0.0,0.708,0.0307,13.9,13.9,0,120.0,113.0,0.0,0.9417,1.0,1.0,1.0
MPLADS-002638,1,24.1,67.5,91.4,24.1,43.4,43.4,43.4,-65.9,0.2078,0.0,0.0,0.0,0.2078,0.0253,43.4,43.4,0,120.0,116.0,0.0,0.9667,1.0,1.0,1.0
MPLADS-002639,1,42.3,95.6,98.3,42.3,53.3,53.3,53.3,-47.7,0.235,0.0,0.0,0.0,0.235,-0.0047,53.3,53.3,3,60.0,180.0,120.0,3.0,1.0,1.0,1.0
MPLADS-002640,1,75.5,140.5,88.3,75.5,65.0,65.0,65.0,-14.5,0.6802,0.0,0.0,0.0,0.6802,0.0328,65.0,65.0,0,90.0,111.0,21.0,1.2333,1.0,1.0,1.0
MPLADS-002641,1,42.6,89.7,89.7,42.6,47.1,47.1,47.1,-47.4,0.1578,0.0,0.0,0.0,0.1578,0.0068,47.1,47.1,4,90.0,270.0,180.0,3.0,1.0,1.0,1.0
MPLADS-002642,1,73.2,92.7,94.5,73.2,19.5,19.5,19.5,-16.8,0.1525,0.0,0.0,0.0,0.1525,0.0077,19.5,19.5,4,120.0,480.0,360.0,4.0,1.0,1.0,1.0
MPLADS-002643,1,81.5,94.2,89.9,81.5,12.7,12.7,12.7,-8.5,1.0724,0.0,0.0,0.0,1.0724,0.0108,12.7,12.7,0,90.0,76.0,0.0,0.8444,1.0,1.0,1.0
MPLADS-002644,1,97.9,85.7,84.5,97.9,12.2,-12.2,-12.2,7.9,0.7531,0.0,0.0,0.0,0.7531,0.0282,0.0,0.0,0,120.0,130.0,10.0,1.0833,1.0,1.0,1.0
MPLADS-002645,1,79.9,92.2,85.4,79.9,12.3,12.3,12.3,-10.1,0.1983,0.0,0.0,0.0,0.1983,0.036,12.3,12.3,0,400.0,403.0,3.0,1.0075,1.0,1.0,1.0
MPLADS-002646,1,84.3,96.7,80.2,84.3,12.4,12.4,12.4,-5.7,0.493,0.0,0.0,0.0,0.493,0.0379,12.4,12.4,0,160.0,171.0,11.0,1.0688,1.0,1.0,1.0
MPLADS-002647,1,96.2,97.7,81.0,96.2,1.5,1.5,1.5,6.2,0.3992,0.0,0.0,0.0,0.3992,-0.018,1.5,1.5,0,210.0,241.0,31.0,1.1476,1.0,1.0,1.0
MPLADS-002648,1,79.1,92.8,84.6,79.1,13.7,13.7,13.7,-10.9,1.7578,0.0,0.0,0.0,1.7578,0.044,13.7,13.7,0,60.0,45.0,0.0,0.75,1.0,1.0,1.0
MPLADS-002649,1,87.5,90.6,88.2,87.5,3.1,3.1,3.1,-2.5,0.5833,0.0,0.0,0.0,0.5833,0.0117,3.1,3.1,0,150.0,150.0,0.0,1.0,1.0,1.0,1.0
MPLADS-002650,1,0.0,100.0,83.7,0.0,100.0,100.0,100.0,-90.0,0.0,0.0,0.0,0.0,0.0,0.0237,100.0,100.0,0,120.0,140.0,20.0,1.1667,0.0,0.0,0.0
MPLADS-002651,1,84.5,90.2,93.5,84.5,5.7,5.7,5.7,-5.5,0.3986,0.0,0.0,0.0,0.3986,-0.0134,5.7,5.7,0,180.0,212.0,32.0,1.1778,1.0,1.0,1.0
MPLADS-002652,1,98.2,92.9,90.0,98.2,5.3,-5.3,-5.3,8.2,0.4744,0.0,0.0,0.0,0.4744,-0.0032,0.0,0.0,0,180.0,207.0,27.0,1.15,1.0,1.0,1.0
MPLADS-002653,1,93.3,96.7,84.8,93.3,3.4,3.4,3.4,3.3,0.5831,0.0,0.0,0.0,0.5831,0.0137,3.4,3.4,0,150.0,160.0,10.0,1.0667,1.0,1.0,1.0
MPLADS-002654,1,83.7,96.8,97.1,83.7,13.1,13.1,13.1,-6.3,0.7473,0.0,0.0,0.0,0.7473,0.0225,13.1,13.1,0,90.0,112.0,22.0,1.2444,1.0,1.0,1.0
MPLADS-002655,1,79.3,94.5,89.9,79.3,15.2,15.2,15.2,-10.7,0.385,0.0,0.0,0.0,0.385,0.0116,15.2,15.2,0,180.0,206.0,26.0,1.1444,1.0,1.0,1.0
MPLADS-002656,1,91.6,97.5,97.9,91.6,5.9,5.9,5.9,1.6,0.4425,0.0,0.0,0.0,0.4425,0.0403,5.9,5.9,0,210.0,207.0,0.0,0.9857,1.0,1.0,1.0
MPLADS-002657,1,74.3,92.1,87.1,74.3,17.8,17.8,17.8,-15.7,0.743,0.0,0.0,0.0,0.743,0.0483,17.8,17.8,0,90.0,100.0,10.0,1.1111,1.0,1.0,1.0
MPLADS-002658,1,91.7,97.9,86.3,91.7,6.2,6.2,6.2,1.7,0.5066,0.0,0.0,0.0,0.5066,-0.0017,6.2,6.2,0,180.0,181.0,1.0,1.0056,1.0,1.0,1.0
MPLADS-002659,1,79.4,85.5,97.0,79.4,6.1,6.1,6.1,-10.6,0.4812,0.0,0.0,0.0,0.4812,-0.0006,6.1,6.1,0,150.0,165.0,15.0,1.1,1.0,1.0,1.0
MPLADS-002660,1,93.8,97.1,94.2,93.8,3.3,3.3,3.3,3.8,0.6131,0.0,0.0,0.0,0.6131,0.0341,3.3,3.3,0,150.0,153.0,3.0,1.02,1.0,1.0,1.0
MPLADS-002661,1,78.6,93.2,82.3,78.6,14.6,14.6,14.6,-11.4,0.4272,0.0,0.0,0.0,0.4272,0.0353,14.6,14.6,0,180.0,184.0,4.0,1.0222,1.0,1.0,1.0
MPLADS-002662,1,87.4,86.0,86.1,87.4,1.4,-1.4,-1.4,-2.6,0.5463,0.0,0.0,0.0,0.5463,0.0304,0.0,0.0,0,150.0,160.0,10.0,1.0667,1.0,1.0,1.0
MPLADS-002663,1,99.9,90.1,81.2,99.9,9.8,-9.8,-9.8,9.9,0.5149,0.0,0.0,0.0,0.5149,-0.0175,0.0,0.0,0,160.0,194.0,34.0,1.2125,1.0,1.0,1.0
MPLADS-002664,1,82.0,86.8,84.2,82.0,4.8,4.8,4.8,-8.0,0.1889,0.0,0.0,0.0,0.1889,0.0466,4.8,4.8,0,400.0,434.0,34.0,1.085,1.0,1.0,1.0
MPLADS-002665,1,97.8,88.8,87.7,97.8,9.0,-9.0,-9.0,7.8,0.2495,0.0,0.0,0.0,0.2495,0.0406,0.0,0.0,0,400.0,392.0,0.0,0.98,0.0,0.0,0.0
MPLADS-002666,1,89.3,89.2,98.6,89.3,0.1,-0.1,-0.1,-0.7,1.1907,0.0,0.0,0.0,1.1907,-0.0133,0.0,0.0,0,60.0,75.0,15.0,1.25,1.0,1.0,1.0
MPLADS-002667,1,92.5,85.9,84.6,92.5,6.6,-6.6,-6.6,2.5,0.224,0.0,0.0,0.0,0.224,-0.0092,0.0,0.0,0,400.0,413.0,13.0,1.0325,1.0,1.0,1.0
MPLADS-002668,1,86.2,93.3,89.4,86.2,7.1,7.1,7.1,-3.8,0.3883,0.0,0.0,0.0,0.3883,-0.0044,7.1,7.1,0,210.0,222.0,12.0,1.0571,1.0,1.0,1.0
MPLADS-002669,1,95.1,87.8,97.9,95.1,7.3,-7.3,-7.3,5.1,1.2038,0.0,0.0,0.0,1.2038,0.0376,0.0,0.0,0,60.0,79.0,19.0,1.3167,1.0,1.0,1.0
MPLADS-002670,1,89.7,152.9,88.0,89.7,63.2,63.2,63.2,-0.3,0.2259,0.0,0.0,0.0,0.2259,0.0403,63.2,63.2,0,400.0,397.0,0.0,0.9925,1.0,1.0,1.0
MPLADS-002671,1,95.7,94.3,90.9,95.7,1.4,-1.4,-1.4,5.7,0.2257,0.0,0.0,0.0,0.2257,0.0201,0.0,0.0,0,400.0,424.0,24.0,1.06,1.0,1.0,1.0
MPLADS-002672,1,87.5,95.5,88.5,87.5,8.0,8.0,8.0,-2.5,0.8413,0.0,0.0,0.0,0.8413,0.0387,8.0,8.0,0,90.0,104.0,14.0,1.1556,1.0,1.0,1.0
MPLADS-002673,1,73.1,91.7,89.1,73.1,18.6,18.6,18.6,-16.9,0.43,0.0,0.0,0.0,0.43,-0.0069,18.6,18.6,0,180.0,170.0,0.0,0.9444,1.0,1.0,1.0
MPLADS-002674,1,94.8,89.2,95.0,94.8,5.6,-5.6,-5.6,4.8,0.6405,0.0,0.0,0.0,0.6405,-0.0188,0.0,0.0,0,150.0,148.0,0.0,0.9867,1.0,1.0,1.0
MPLADS-002675,1,85.8,93.0,98.2,85.8,7.2,7.2,7.2,-4.2,1.1,0.0,0.0,0.0,1.1,-0.0133,7.2,7.2,0,60.0,78.0,18.0,1.3,1.0,1.0,1.0
MPLADS-002676,1,73.7,89.3,83.1,73.7,15.6,15.6,15.6,-16.3,0.3839,0.0,0.0,0.0,0.3839,-0.0195,15.6,15.6,0,160.0,192.0,32.0,1.2,1.0,1.0,1.0
MPLADS-002677,1,97.2,89.6,84.6,97.2,7.6,-7.6,-7.6,7.2,0.8526,0.0,0.0,0.0,0.8526,0.0279,0.0,0.0,0,120.0,114.0,0.0,0.95,1.0,1.0,1.0
MPLADS-002678,1,88.5,96.9,95.3,88.5,8.4,8.4,8.4,-1.5,1.5526,0.0,0.0,0.0,1.5526,0.0215,8.4,8.4,0,60.0,57.0,0.0,0.95,1.0,1.0,1.0
MPLADS-002679,1,95.2,89.3,80.4,95.2,5.9,-5.9,-5.9,5.2,0.8655,0.0,0.0,0.0,0.8655,0.001,0.0,0.0,0,120.0,110.0,0.0,0.9167,1.0,1.0,1.0
MPLADS-002680,1,21.8,63.9,96.2,21.8,42.1,42.1,42.1,-68.2,0.1929,0.0,0.0,0.0,0.1929,-0.011,42.1,42.1,0,120.0,113.0,0.0,0.9417,1.0,1.0,1.0
MPLADS-002681,1,29.7,97.9,84.4,29.7,68.2,68.2,68.2,-60.3,0.2285,0.0,0.0,0.0,0.2285,-0.0056,68.2,68.2,0,120.0,130.0,10.0,1.0833,1.0,1.0,0.0
MPLADS-002682,1,73.2,85.7,88.4,73.2,12.5,12.5,12.5,-16.8,0.4723,0.0,0.0,0.0,0.4723,0.0435,12.5,12.5,0,160.0,155.0,0.0,0.9688,1.0,1.0,1.0
MPLADS-002683,1,74.9,88.1,89.3,74.9,13.2,13.2,13.2,-15.1,0.657,0.0,0.0,0.0,0.657,0.0381,13.2,13.2,0,120.0,114.0,0.0,0.95,1.0,1.0,1.0
MPLADS-002684,1,93.8,156.0,99.5,93.8,62.2,62.2,62.2,3.8,0.5453,0.0,0.0,0.0,0.5453,0.0138,62.2,62.2,0,160.0,172.0,12.0,1.075,1.0,1.0,1.0
MPLADS-002685,1,74.8,97.8,80.4,74.8,23.0,23.0,23.0,-15.2,0.3721,0.0,0.0,0.0,0.3721,0.0435,23.0,23.0,0,210.0,201.0,0.0,0.9571,1.0,1.0,1.0
MPLADS-002686,1,80.7,96.0,80.8,80.7,15.3,15.3,15.3,-9.3,0.3937,0.0,0.0,0.0,0.3937,0.0122,15.3,15.3,0,210.0,205.0,0.0,0.9762,1.0,1.0,1.0
MPLADS-002687,1,97.8,85.1,84.1,97.8,12.7,-12.7,-12.7,7.8,0.6745,0.0,0.0,0.0,0.6745,0.0242,0.0,0.0,0,150.0,145.0,0.0,0.9667,1.0,1.0,1.0
MPLADS-002688,1,83.2,91.6,95.3,83.2,8.4,8.4,8.4,-6.8,0.5233,0.0,0.0,0.0,0.5233,0.0128,8.4,8.4,0,160.0,159.0,0.0,0.9938,0.0,0.0,0.0
MPLADS-002689,1,89.7,87.8,89.5,89.7,1.9,-1.9,-1.9,-0.3,0.9857,0.0,0.0,0.0,0.9857,0.0387,0.0,0.0,0,90.0,91.0,1.0,1.0111,1.0,1.0,1.0
MPLADS-002690,1,81.0,92.0,88.1,81.0,11.0,11.0,11.0,-9.0,0.9529,0.0,0.0,0.0,0.9529,-0.0182,11.0,11.0,0,60.0,85.0,25.0,1.4167,1.0,1.0,1.0
MPLADS-002691,1,72.9,88.3,81.8,72.9,15.4,15.4,15.4,-17.1,0.2025,0.0,0.0,0.0,0.2025,0.048,15.4,15.4,3,120.0,360.0,240.0,3.0,1.0,1.0,1.0
MPLADS-002692,1,84.8,85.1,98.9,84.8,0.3,0.3,0.3,-5.2,0.5235,0.0,0.0,0.0,0.5235,0.0299,0.3,0.3,0,160.0,162.0,2.0,1.0125,1.0,1.0,1.0
MPLADS-002693,1,86.2,88.3,96.6,86.2,2.1,2.1,2.1,-3.8,0.6246,0.0,0.0,0.0,0.6246,0.0448,2.1,2.1,0,150.0,138.0,0.0,0.92,1.0,1.0,1.0
MPLADS-002694,1,79.9,85.9,80.3,79.9,6.0,6.0,6.0,-10.1,0.4097,0.0,0.0,0.0,0.4097,0.0376,6.0,6.0,0,210.0,195.0,0.0,0.9286,1.0,1.0,1.0
MPLADS-002695,1,88.7,91.5,89.2,88.7,2.8,2.8,2.8,-1.3,0.4549,0.0,0.0,0.0,0.4549,0.0493,2.8,2.8,0,180.0,195.0,15.0,1.0833,1.0,1.0,1.0
MPLADS-002696,1,70.6,89.7,86.6,70.6,19.1,19.1,19.1,-19.4,0.3239,0.0,0.0,0.0,0.3239,0.0408,19.1,19.1,0,210.0,218.0,8.0,1.0381,1.0,1.0,1.0
MPLADS-002697,1,76.3,88.2,91.2,76.3,11.9,11.9,11.9,-13.7,0.3834,0.0,0.0,0.0,0.3834,0.0019,11.9,11.9,0,210.0,199.0,0.0,0.9476,1.0,1.0,1.0
MPLADS-002698,1,97.6,94.5,91.2,97.6,3.1,-3.1,-3.1,7.6,0.9295,0.0,0.0,0.0,0.9295,0.0449,0.0,0.0,0,120.0,105.0,0.0,0.875,1.0,1.0,1.0
MPLADS-002699,1,71.2,86.3,93.1,71.2,15.1,15.1,15.1,-18.8,0.4594,0.0,0.0,0.0,0.4594,0.0436,15.1,15.1,0,160.0,155.0,0.0,0.9688,1.0,1.0,1.0
MPLADS-002700,1,91.0,96.9,89.0,91.0,5.9,5.9,5.9,1.0,0.4354,0.0,0.0,0.0,0.4354,0.0366,5.9,5.9,0,180.0,209.0,29.0,1.1611,1.0,1.0,1.0
MPLADS-002701,1,88.3,96.0,81.6,88.3,7.7,7.7,7.7,-1.7,1.6055,0.0,0.0,0.0,1.6055,0.0409,7.7,7.7,0,60.0,55.0,0.0,0.9167,1.0,1.0,1.0
MPLADS-002702,1,95.5,86.1,95.9,95.5,9.4,-9.4,-9.4,5.5,1.1369,0.0,0.0,0.0,1.1369,0.0273,0.0,0.0,0,90.0,84.0,0.0,0.9333,1.0,1.0,1.0
MPLADS-002703,1,73.7,89.4,81.7,73.7,15.7,15.7,15.7,-16.3,0.1365,0.0,0.0,0.0,0.1365,0.0463,15.7,15.7,4,180.0,540.0,360.0,3.0,1.0,1.0,1.0
MPLADS-002704,1,89.9,89.6,88.2,89.9,0.3,-0.3,-0.3,-0.1,0.6116,0.0,0.0,0.0,0.6116,0.0023,0.0,0.0,0,160.0,147.0,0.0,0.9187,1.0,1.0,1.0
MPLADS-002705,1,70.9,94.4,90.7,70.9,23.5,23.5,23.5,-19.1,0.7966,0.0,0.0,0.0,0.7966,0.0073,23.5,23.5,0,90.0,89.0,0.0,0.9889,1.0,1.0,1.0
MPLADS-002706,1,85.7,89.7,88.5,85.7,4.0,4.0,4.0,-4.3,0.4395,0.0,0.0,0.0,0.4395,-0.0008,4.0,4.0,0,210.0,195.0,0.0,0.9286,1.0,1.0,1.0
MPLADS-002707,1,90.7,91.1,87.6,90.7,0.4,0.4,0.4,0.7,0.7198,0.0,0.0,0.0,0.7198,-0.0009,0.4,0.4,0,120.0,126.0,6.0,1.05,1.0,1.0,1.0
MPLADS-002708,1,84.4,85.3,82.0,84.4,0.9,0.9,0.9,-5.6,0.4058,0.0,0.0,0.0,0.4058,-0.008,0.9,0.9,0,210.0,208.0,0.0,0.9905,1.0,1.0,1.0
MPLADS-002709,1,87.6,93.9,81.4,87.6,6.3,6.3,6.3,-2.4,0.3665,0.0,0.0,0.0,0.3665,-0.013,6.3,6.3,0,210.0,239.0,29.0,1.1381,1.0,1.0,1.0
MPLADS-002710,1,98.0,91.3,91.9,98.0,6.7,-6.7,-6.7,8.0,0.5632,0.0,0.0,0.0,0.5632,-0.0168,0.0,0.0,0,150.0,174.0,24.0,1.16,1.0,1.0,1.0
MPLADS-002711,1,70.4,97.9,80.2,70.4,27.5,27.5,27.5,-19.6,0.3868,0.0,0.0,0.0,0.3868,0.0223,27.5,27.5,0,160.0,182.0,22.0,1.1375,1.0,1.0,1.0
MPLADS-002712,1,52.4,87.7,95.7,52.4,35.3,35.3,35.3,-37.6,0.0624,0.0,0.0,0.0,0.0624,0.0394,35.3,35.3,4,210.0,840.0,630.0,4.0,1.0,1.0,1.0
MPLADS-002713,1,91.2,86.9,83.9,91.2,4.3,-4.3,-4.3,1.2,0.6657,0.0,0.0,0.0,0.6657,0.0085,0.0,0.0,0,120.0,137.0,17.0,1.1417,1.0,1.0,1.0
MPLADS-002714,1,70.3,90.4,82.0,70.3,20.1,20.1,20.1,-19.7,0.6221,0.0,0.0,0.0,0.6221,-0.0034,20.1,20.1,0,120.0,113.0,0.0,0.9417,1.0,1.0,1.0
MPLADS-002715,1,22.9,56.3,90.0,22.9,33.4,33.4,33.4,-67.1,0.1547,0.0,0.0,0.0,0.1547,0.0191,33.4,33.4,0,160.0,148.0,0.0,0.925,1.0,1.0,1.0
MPLADS-002716,1,82.1,86.3,92.0,82.1,4.2,4.2,4.2,-7.9,0.5297,0.0,0.0,0.0,0.5297,0.0399,4.2,4.2,0,160.0,155.0,0.0,0.9688,1.0,1.0,1.0
MPLADS-002717,1,99.8,97.8,94.8,99.8,2.0,-2.0,-2.0,9.8,0.4798,0.0,0.0,0.0,0.4798,0.0219,0.0,0.0,0,210.0,208.0,0.0,0.9905,1.0,1.0,1.0
MPLADS-002718,1,95.1,93.3,97.5,95.1,1.8,-1.8,-1.8,5.1,0.4877,0.0,0.0,0.0,0.4877,0.0,0.0,0.0,0,210.0,195.0,0.0,0.9286,1.0,1.0,1.0
MPLADS-002719,1,84.2,147.5,91.2,84.2,63.3,63.3,63.3,-5.8,0.2153,0.0,0.0,0.0,0.2153,0.0357,63.3,63.3,0,400.0,391.0,0.0,0.9775,1.0,1.0,1.0
MPLADS-002720,1,34.7,91.2,83.6,34.7,56.5,56.5,56.5,-55.3,0.0822,0.0,0.0,0.0,0.0822,-0.0006,56.5,56.5,0,400.0,422.0,22.0,1.055,1.0,1.0,0.0
MPLADS-002721,1,94.2,95.7,90.9,94.2,1.5,1.5,1.5,4.2,0.4114,0.0,0.0,0.0,0.4114,-0.0134,1.5,1.5,0,210.0,229.0,19.0,1.0905,1.0,1.0,1.0
MPLADS-002722,1,94.8,94.6,85.4,94.8,0.2,-0.2,-0.2,4.8,0.5816,0.0,0.0,0.0,0.5816,0.0303,0.0,0.0,0,160.0,163.0,3.0,1.0188,1.0,1.0,1.0
MPLADS-002723,1,96.3,96.9,92.0,96.3,0.6,0.6,0.6,6.3,0.2309,0.0,0.0,0.0,0.2309,0.0112,0.6,0.6,0,400.0,417.0,17.0,1.0425,1.0,1.0,1.0
MPLADS-002724,1,91.7,94.6,94.9,91.7,2.9,2.9,2.9,1.7,0.2163,0.0,0.0,0.0,0.2163,0.02,2.9,2.9,0,400.0,424.0,24.0,1.06,1.0,1.0,1.0
MPLADS-002725,1,18.5,90.7,93.4,18.5,72.2,72.2,72.2,-71.5,0.0979,0.0,0.0,0.0,0.0979,0.0089,72.2,72.2,0,160.0,189.0,29.0,1.1812,1.0,1.0,0.0
MPLADS-002726,1,99.7,92.3,94.2,99.7,7.4,-7.4,-7.4,9.7,0.7225,0.0,0.0,0.0,0.7225,0.048,0.0,0.0,0,150.0,138.0,0.0,0.92,1.0,1.0,1.0
MPLADS-002727,1,16.9,88.9,81.4,16.9,72.0,72.0,72.0,-73.1,0.0918,0.0,0.0,0.0,0.0918,0.0134,72.0,72.0,0,150.0,184.0,34.0,1.2267,1.0,1.0,0.0
MPLADS-002728,1,80.4,92.1,96.5,80.4,11.7,11.7,11.7,-9.6,0.402,0.0,0.0,0.0,0.402,0.0359,11.7,11.7,0,180.0,200.0,20.0,1.1111,1.0,1.0,1.0
MPLADS-002729,1,71.6,93.4,98.9,71.6,21.8,21.8,21.8,-18.4,0.4091,0.0,0.0,0.0,0.4091,-0.0126,21.8,21.8,0,180.0,175.0,0.0,0.9722,1.0,1.0,1.0
MPLADS-002730,1,71.2,91.6,92.6,71.2,20.4,20.4,20.4,-18.8,0.2967,0.0,0.0,0.0,0.2967,0.0377,20.4,20.4,0,210.0,240.0,30.0,1.1429,1.0,1.0,1.0
MPLADS-002731,1,72.3,89.8,87.0,72.3,17.5,17.5,17.5,-17.7,0.4155,0.0,0.0,0.0,0.4155,0.0011,17.5,17.5,0,160.0,174.0,14.0,1.0875,1.0,1.0,1.0
MPLADS-002732,1,81.5,86.1,99.2,81.5,4.6,4.6,4.6,-8.5,0.1978,0.0,0.0,0.0,0.1978,-0.0114,4.6,4.6,0,400.0,412.0,12.0,1.03,1.0,1.0,1.0
MPLADS-002733,1,82.9,92.7,80.0,82.9,9.8,9.8,9.8,-7.1,0.5314,0.0,0.0,0.0,0.5314,0.0452,9.8,9.8,0,150.0,156.0,6.0,1.04,1.0,1.0,1.0
MPLADS-002734,1,99.9,138.3,82.7,99.9,38.4,38.4,38.4,9.9,0.8763,0.0,0.0,0.0,0.8763,0.0495,38.4,38.4,0,90.0,114.0,24.0,1.2667,1.0,1.0,1.0
MPLADS-002735,1,90.4,87.9,97.2,90.4,2.5,-2.5,-2.5,0.4,0.7661,0.0,0.0,0.0,0.7661,-0.0011,0.0,0.0,0,120.0,118.0,0.0,0.9833,1.0,1.0,1.0
MPLADS-002736,1,91.1,92.0,96.8,91.1,0.9,0.9,0.9,1.1,0.2261,0.0,0.0,0.0,0.2261,0.0344,0.9,0.9,0,400.0,403.0,3.0,1.0075,1.0,1.0,1.0
MPLADS-002737,1,89.3,88.9,93.3,89.3,0.4,-0.4,-0.4,-0.7,1.2233,0.0,0.0,0.0,1.2233,0.0059,0.0,0.0,0,60.0,73.0,13.0,1.2167,1.0,1.0,1.0
MPLADS-002738,1,77.3,98.0,90.4,77.3,20.7,20.7,20.7,-12.7,0.9662,0.0,0.0,0.0,0.9662,0.0143,20.7,20.7,0,60.0,80.0,20.0,1.3333,1.0,1.0,1.0
MPLADS-002739,1,85.3,87.6,82.5,85.3,2.3,2.3,2.3,-4.7,0.2193,0.0,0.0,0.0,0.2193,0.0022,2.3,2.3,0,400.0,389.0,0.0,0.9725,1.0,1.0,1.0
MPLADS-002740,1,76.4,96.0,81.6,76.4,19.6,19.6,19.6,-13.6,0.1823,0.0,0.0,0.0,0.1823,0.0299,19.6,19.6,0,400.0,419.0,19.0,1.0475,1.0,1.0,1.0
MPLADS-002741,1,79.1,90.3,82.7,79.1,11.2,11.2,11.2,-10.9,1.1985,0.0,0.0,0.0,1.1985,0.0012,11.2,11.2,0,60.0,66.0,6.0,1.1,1.0,1.0,1.0
MPLADS-002742,1,73.8,97.1,80.8,73.8,23.3,23.3,23.3,-16.2,0.9711,0.0,0.0,0.0,0.9711,0.0341,23.3,23.3,0,90.0,76.0,0.0,0.8444,1.0,1.0,1.0
MPLADS-002743,1,71.2,97.2,92.6,71.2,26.0,26.0,26.0,-18.8,0.4715,0.0,0.0,0.0,0.4715,0.0005,26.0,26.0,0,120.0,151.0,31.0,1.2583,1.0,1.0,1.0
MPLADS-002744,1,89.1,90.4,94.8,89.1,1.3,1.3,1.3,-0.9,0.4455,0.0,0.0,0.0,0.4455,0.0295,1.3,1.3,0,180.0,200.0,20.0,1.1111,1.0,1.0,1.0
MPLADS-002745,1,17.4,90.1,95.7,17.4,72.7,72.7,72.7,-72.6,0.0431,0.0,0.0,0.0,0.0431,0.0386,72.7,72.7,0,400.0,404.0,4.0,1.01,1.0,1.0,0.0
MPLADS-002746,1,80.3,88.5,84.1,80.3,8.2,8.2,8.2,-9.7,0.6476,0.0,0.0,0.0,0.6476,0.0104,8.2,8.2,0,90.0,124.0,34.0,1.3778,1.0,1.0,1.0
MPLADS-002747,1,91.6,158.4,85.8,91.6,66.8,66.8,66.8,1.6,1.6357,0.0,0.0,0.0,1.6357,0.0395,66.8,66.8,0,60.0,56.0,0.0,0.9333,1.0,1.0,1.0
MPLADS-002748,1,92.1,89.4,94.9,92.1,2.7,-2.7,-2.7,2.1,0.8771,0.0,0.0,0.0,0.8771,0.039,0.0,0.0,0,120.0,105.0,0.0,0.875,1.0,1.0,1.0
MPLADS-002749,1,96.5,87.2,85.1,96.5,9.3,-9.3,-9.3,6.5,0.5361,0.0,0.0,0.0,0.5361,0.0245,0.0,0.0,0,180.0,180.0,0.0,1.0,1.0,1.0,1.0
MPLADS-002750,1,97.7,85.4,98.1,97.7,12.3,-12.3,-12.3,7.7,0.414,0.0,0.0,0.0,0.414,-0.0176,0.0,0.0,0,210.0,236.0,26.0,1.1238,1.0,1.0,1.0
MPLADS-002751,1,77.2,96.1,98.8,77.2,18.9,18.9,18.9,-12.8,1.331,0.0,0.0,0.0,1.331,-0.0073,18.9,18.9,0,60.0,58.0,0.0,0.9667,1.0,1.0,1.0
MPLADS-002752,1,86.5,85.3,84.2,86.5,1.2,-1.2,-1.2,-3.5,0.4676,0.0,0.0,0.0,0.4676,0.0203,0.0,0.0,0,160.0,185.0,25.0,1.1562,1.0,1.0,1.0
MPLADS-002753,1,74.2,90.1,82.3,74.2,15.9,15.9,15.9,-15.8,0.8729,0.0,0.0,0.0,0.8729,0.0322,15.9,15.9,0,90.0,85.0,0.0,0.9444,1.0,1.0,1.0
MPLADS-002754,1,84.1,96.9,83.2,84.1,12.8,12.8,12.8,-5.9,0.5721,0.0,0.0,0.0,0.5721,0.018,12.8,12.8,0,120.0,147.0,27.0,1.225,1.0,1.0,1.0
MPLADS-002755,1,76.0,87.3,84.0,76.0,11.3,11.3,11.3,-14.0,1.2258,0.0,0.0,0.0,1.2258,0.0239,11.3,11.3,0,60.0,62.0,2.0,1.0333,1.0,1.0,1.0
MPLADS-002756,1,85.8,96.6,99.3,85.8,10.8,10.8,10.8,-4.2,0.4009,0.0,0.0,0.0,0.4009,0.0073,10.8,10.8,0,210.0,214.0,4.0,1.019,1.0,1.0,1.0
MPLADS-002757,1,95.9,152.5,93.8,95.9,56.6,56.6,56.6,5.9,0.4771,0.0,0.0,0.0,0.4771,-0.0143,56.6,56.6,0,210.0,201.0,0.0,0.9571,1.0,1.0,1.0
MPLADS-002758,1,94.6,85.1,97.3,94.6,9.5,-9.5,-9.5,4.6,0.466,0.0,0.0,0.0,0.466,-0.0138,0.0,0.0,0,210.0,203.0,0.0,0.9667,1.0,1.0,1.0
MPLADS-002759,1,96.6,89.7,90.4,96.6,6.9,-6.9,-6.9,6.6,0.2284,0.0,0.0,0.0,0.2284,0.0487,0.0,0.0,0,400.0,423.0,23.0,1.0575,1.0,1.0,1.0
MPLADS-002760,1,79.5,86.7,82.6,79.5,7.2,7.2,7.2,-10.5,0.4789,0.0,0.0,0.0,0.4789,0.0158,7.2,7.2,0,150.0,166.0,16.0,1.1067,1.0,1.0,1.0
MPLADS-002761,1,96.2,88.1,86.0,96.2,8.1,-8.1,-8.1,6.2,0.8907,0.0,0.0,0.0,0.8907,0.0342,0.0,0.0,0,120.0,108.0,0.0,0.9,1.0,1.0,1.0
MPLADS-002762,1,79.3,90.6,83.9,79.3,11.3,11.3,11.3,-10.7,0.9329,0.0,0.0,0.0,0.9329,0.0463,11.3,11.3,0,90.0,85.0,0.0,0.9444,1.0,1.0,1.0
MPLADS-002763,1,76.3,94.9,91.4,76.3,18.6,18.6,18.6,-13.7,0.4624,0.0,0.0,0.0,0.4624,0.0404,18.6,18.6,0,150.0,165.0,15.0,1.1,0.0,0.0,0.0
MPLADS-002764,1,92.0,89.0,84.6,92.0,3.0,-3.0,-3.0,2.0,0.6917,0.0,0.0,0.0,0.6917,-0.0086,0.0,0.0,0,120.0,133.0,13.0,1.1083,1.0,1.0,1.0
MPLADS-002765,1,89.2,91.0,84.4,89.2,1.8,1.8,1.8,-0.8,0.6194,0.0,0.0,0.0,0.6194,0.0303,1.8,1.8,0,120.0,144.0,24.0,1.2,0.0,0.0,0.0
MPLADS-002766,1,72.6,86.5,96.7,72.6,13.9,13.9,13.9,-17.4,0.3903,0.0,0.0,0.0,0.3903,0.0336,13.9,13.9,0,160.0,186.0,26.0,1.1625,1.0,1.0,1.0
MPLADS-002767,1,88.1,97.7,88.6,88.1,9.6,9.6,9.6,-1.9,0.2181,0.0,0.0,0.0,0.2181,0.0422,9.6,9.6,0,400.0,404.0,4.0,1.01,1.0,1.0,1.0
MPLADS-002768,1,92.2,128.3,91.0,92.2,36.1,36.1,36.1,2.2,0.7557,0.0,0.0,0.0,0.7557,0.0004,36.1,36.1,0,120.0,122.0,2.0,1.0167,1.0,1.0,1.0
MPLADS-002769,1,90.2,86.8,81.4,90.2,3.4,-3.4,-3.4,0.2,0.3905,0.0,0.0,0.0,0.3905,0.0001,0.0,0.0,0,210.0,231.0,21.0,1.1,1.0,1.0,1.0
MPLADS-002770,1,77.2,86.4,86.2,77.2,9.2,9.2,9.2,-12.8,0.1842,0.0,0.0,0.0,0.1842,0.0357,9.2,9.2,0,400.0,419.0,19.0,1.0475,1.0,1.0,1.0
MPLADS-002771,1,70.2,96.1,96.8,70.2,25.9,25.9,25.9,-19.8,0.4058,0.0,0.0,0.0,0.4058,0.0413,25.9,25.9,0,180.0,173.0,0.0,0.9611,1.0,1.0,1.0
MPLADS-002772,1,22.3,86.4,90.0,22.3,64.1,64.1,64.1,-67.7,0.189,0.0,0.0,0.0,0.189,0.0004,64.1,64.1,0,120.0,118.0,0.0,0.9833,1.0,1.0,0.0
MPLADS-002773,1,77.8,94.4,88.1,77.8,16.6,16.6,16.6,-12.2,0.1875,0.0,0.0,0.0,0.1875,0.0101,16.6,16.6,0,400.0,415.0,15.0,1.0375,1.0,1.0,1.0
MPLADS-002774,1,78.9,85.2,90.4,78.9,6.3,6.3,6.3,-11.1,0.8134,0.0,0.0,0.0,0.8134,0.0487,6.3,6.3,0,90.0,97.0,7.0,1.0778,1.0,1.0,1.0
MPLADS-002775,1,95.3,154.9,93.6,95.3,59.6,59.6,59.6,5.3,0.5741,0.0,0.0,0.0,0.5741,0.0034,59.6,59.6,0,150.0,166.0,16.0,1.1067,1.0,1.0,1.0
MPLADS-002776,1,94.2,96.4,94.0,94.2,2.2,2.2,2.2,4.2,0.4381,0.0,0.0,0.0,0.4381,0.0288,2.2,2.2,0,210.0,215.0,5.0,1.0238,1.0,1.0,1.0
MPLADS-002777,1,75.3,89.0,82.5,75.3,13.7,13.7,13.7,-14.7,0.9779,0.0,0.0,0.0,0.9779,-0.0186,13.7,13.7,0,90.0,77.0,0.0,0.8556,1.0,1.0,1.0
MPLADS-002778,1,81.4,91.6,91.0,81.4,10.2,10.2,10.2,-8.6,0.4933,0.0,0.0,0.0,0.4933,0.019,10.2,10.2,0,160.0,165.0,5.0,1.0312,1.0,1.0,1.0
MPLADS-002779,1,72.1,90.2,85.3,72.1,18.1,18.1,18.1,-17.9,0.6495,0.0,0.0,0.0,0.6495,-0.0128,18.1,18.1,0,90.0,111.0,21.0,1.2333,1.0,1.0,1.0
MPLADS-002780,1,97.3,92.7,82.0,97.3,4.6,-4.6,-4.6,7.3,0.5466,0.0,0.0,0.0,0.5466,-0.0036,0.0,0.0,0,150.0,178.0,28.0,1.1867,1.0,1.0,1.0
MPLADS-002781,1,96.8,94.1,88.4,96.8,2.7,-2.7,-2.7,6.8,0.9584,0.0,0.0,0.0,0.9584,0.0234,0.0,0.0,0,90.0,101.0,11.0,1.1222,1.0,1.0,1.0
MPLADS-002782,1,76.7,94.5,82.4,76.7,17.8,17.8,17.8,-13.3,0.3835,0.0,0.0,0.0,0.3835,0.0346,17.8,17.8,0,210.0,200.0,0.0,0.9524,1.0,1.0,1.0
MPLADS-002783,1,98.8,96.2,87.0,98.8,2.6,-2.6,-2.6,8.8,0.244,0.0,0.0,0.0,0.244,-0.0054,0.0,0.0,0,400.0,405.0,5.0,1.0125,1.0,1.0,1.0
MPLADS-002784,1,23.5,88.0,90.2,23.5,64.5,64.5,64.5,-66.5,0.0606,0.0,0.0,0.0,0.0606,-0.0027,64.5,64.5,0,400.0,388.0,0.0,0.97,1.0,1.0,0.0
MPLADS-002785,1,75.5,87.4,83.0,75.5,11.9,11.9,11.9,-14.5,0.1798,0.0,0.0,0.0,0.1798,0.0061,11.9,11.9,0,400.0,420.0,20.0,1.05,1.0,1.0,1.0
MPLADS-002786,1,94.1,91.9,94.5,94.1,2.2,-2.2,-2.2,4.1,0.6535,0.0,0.0,0.0,0.6535,0.0085,0.0,0.0,0,150.0,144.0,0.0,0.96,1.0,1.0,1.0
MPLADS-002787,1,85.7,98.0,98.8,85.7,12.3,12.3,12.3,-4.3,1.0325,0.0,0.0,0.0,1.0325,-0.0089,12.3,12.3,0,90.0,83.0,0.0,0.9222,1.0,1.0,1.0
MPLADS-002788,1,78.9,96.6,90.7,78.9,17.7,17.7,17.7,-11.1,0.3868,0.0,0.0,0.0,0.3868,0.0007,17.7,17.7,0,210.0,204.0,0.0,0.9714,1.0,1.0,1.0
MPLADS-002789,1,17.3,97.7,82.5,17.3,80.4,80.4,80.4,-72.7,0.042,0.0,0.0,0.0,0.042,0.0243,80.4,80.4,0,400.0,412.0,12.0,1.03,1.0,1.0,0.0
MPLADS-002790,1,72.2,91.6,99.6,72.2,19.4,19.4,19.4,-17.8,0.3989,0.0,0.0,0.0,0.3989,-0.0125,19.4,19.4,0,150.0,181.0,31.0,1.2067,1.0,1.0,1.0
MPLADS-002791,1,88.6,85.6,82.1,88.6,3.0,-3.0,-3.0,-1.4,0.3903,0.0,0.0,0.0,0.3903,0.0097,0.0,0.0,0,210.0,227.0,17.0,1.081,1.0,1.0,1.0
MPLADS-002792,1,92.8,89.8,84.7,92.8,3.0,-3.0,-3.0,2.8,0.7798,0.0,0.0,0.0,0.7798,-0.0071,0.0,0.0,0,120.0,119.0,0.0,0.9917,1.0,1.0,1.0
MPLADS-002793,1,78.7,96.9,90.5,78.7,18.2,18.2,18.2,-11.3,0.1943,0.0,0.0,0.0,0.1943,0.0384,18.2,18.2,0,400.0,405.0,5.0,1.0125,1.0,1.0,1.0
MPLADS-002794,1,77.2,87.8,85.7,77.2,10.6,10.6,10.6,-12.8,1.6083,0.0,0.0,0.0,1.6083,-0.0143,10.6,10.6,0,60.0,48.0,0.0,0.8,1.0,1.0,1.0
MPLADS-002795,1,79.4,88.2,80.8,79.4,8.8,8.8,8.8,-10.6,0.4411,0.0,0.0,0.0,0.4411,-0.0114,8.8,8.8,0,160.0,180.0,20.0,1.125,1.0,1.0,1.0
MPLADS-002796,1,84.1,88.8,95.2,84.1,4.7,4.7,4.7,-5.9,0.4833,0.0,0.0,0.0,0.4833,0.0054,4.7,4.7,0,180.0,174.0,0.0,0.9667,1.0,1.0,1.0
MPLADS-002797,1,78.1,90.3,80.8,78.1,12.2,12.2,12.2,-11.9,0.3866,0.0,0.0,0.0,0.3866,0.0001,12.2,12.2,0,180.0,202.0,22.0,1.1222,1.0,1.0,1.0
MPLADS-002798,1,76.7,95.5,89.0,76.7,18.8,18.8,18.8,-13.3,0.8618,0.0,0.0,0.0,0.8618,-0.0156,18.8,18.8,0,60.0,89.0,29.0,1.4833,1.0,1.0,1.0
MPLADS-002799,1,88.4,89.0,97.5,88.4,0.6,0.6,0.6,-1.6,0.6182,0.0,0.0,0.0,0.6182,-0.0057,0.6,0.6,0,150.0,143.0,0.0,0.9533,1.0,1.0,1.0
MPLADS-002800,1,68.9,86.1,81.5,68.9,17.2,17.2,17.2,-21.1,0.0957,0.0,0.0,0.0,0.0957,0.0338,17.2,17.2,3,180.0,720.0,540.0,4.0,1.0,1.0,1.0
MPLADS-002801,1,90.4,92.9,95.9,90.4,2.5,2.5,2.5,0.4,0.5446,0.0,0.0,0.0,0.5446,0.0424,2.5,2.5,0,180.0,166.0,0.0,0.9222,1.0,1.0,1.0
MPLADS-002802,1,20.2,97.6,94.3,20.2,77.4,77.4,77.4,-69.8,0.0953,0.0,0.0,0.0,0.0953,-0.0143,77.4,77.4,0,180.0,212.0,32.0,1.1778,1.0,1.0,0.0
MPLADS-002803,1,83.7,86.6,98.1,83.7,2.9,2.9,2.9,-6.3,1.0463,0.0,0.0,0.0,1.0463,0.0067,2.9,2.9,0,90.0,80.0,0.0,0.8889,1.0,1.0,1.0
MPLADS-002804,1,78.4,96.1,83.5,78.4,17.7,17.7,17.7,-11.6,0.9679,0.0,0.0,0.0,0.9679,0.0397,17.7,17.7,0,90.0,81.0,0.0,0.9,1.0,1.0,1.0
MPLADS-002805,1,93.0,92.2,91.6,93.0,0.8,-0.8,-0.8,3.0,0.8158,0.0,0.0,0.0,0.8158,0.0467,0.0,0.0,0,90.0,114.0,24.0,1.2667,1.0,1.0,1.0
MPLADS-002806,1,97.4,88.8,86.2,97.4,8.6,-8.6,-8.6,7.4,0.6537,0.0,0.0,0.0,0.6537,0.0341,0.0,0.0,0,150.0,149.0,0.0,0.9933,1.0,1.0,1.0
MPLADS-002807,1,82.9,96.9,91.2,82.9,14.0,14.0,14.0,-7.1,0.1964,0.0,0.0,0.0,0.1964,0.0373,14.0,14.0,0,400.0,422.0,22.0,1.055,1.0,1.0,1.0
MPLADS-002808,1,75.8,86.2,82.8,75.8,10.4,10.4,10.4,-14.2,0.1964,0.0,0.0,0.0,0.1964,0.018,10.4,10.4,0,400.0,386.0,0.0,0.965,1.0,1.0,1.0
MPLADS-002809,1,88.1,92.3,94.8,88.1,4.2,4.2,4.2,-1.9,0.5213,0.0,0.0,0.0,0.5213,0.0429,4.2,4.2,0,160.0,169.0,9.0,1.0562,1.0,1.0,1.0
MPLADS-002810,1,91.7,85.9,96.8,91.7,5.8,-5.8,-5.8,1.7,0.4655,0.0,0.0,0.0,0.4655,0.031,0.0,0.0,0,210.0,197.0,0.0,0.9381,1.0,1.0,1.0
MPLADS-002811,1,80.5,90.2,84.7,80.5,9.7,9.7,9.7,-9.5,0.4005,0.0,0.0,0.0,0.4005,-0.0011,9.7,9.7,0,210.0,201.0,0.0,0.9571,1.0,1.0,1.0
MPLADS-002812,1,45.5,95.9,94.9,45.5,50.4,50.4,50.4,-44.5,0.0711,0.0,0.0,0.0,0.0711,0.0208,50.4,50.4,3,160.0,640.0,480.0,4.0,1.0,1.0,1.0
MPLADS-002813,1,98.7,97.3,83.3,98.7,1.4,-1.4,-1.4,8.7,0.8509,0.0,0.0,0.0,0.8509,0.0456,0.0,0.0,0,120.0,116.0,0.0,0.9667,1.0,1.0,1.0
MPLADS-002814,1,87.7,95.6,80.4,87.7,7.9,7.9,7.9,-2.3,0.5251,0.0,0.0,0.0,0.5251,0.0107,7.9,7.9,0,180.0,167.0,0.0,0.9278,1.0,1.0,1.0
MPLADS-002815,1,74.5,95.8,91.0,74.5,21.3,21.3,21.3,-15.5,0.943,0.0,0.0,0.0,0.943,-0.0071,21.3,21.3,0,60.0,79.0,19.0,1.3167,1.0,1.0,1.0
MPLADS-002816,1,98.8,88.1,89.7,98.8,10.7,-10.7,-10.7,8.8,0.4083,0.0,0.0,0.0,0.4083,0.0175,0.0,0.0,0,210.0,242.0,32.0,1.1524,1.0,1.0,1.0
MPLADS-002817,1,80.0,93.5,98.1,80.0,13.5,13.5,13.5,-10.0,0.5479,0.0,0.0,0.0,0.5479,0.0131,13.5,13.5,0,150.0,146.0,0.0,0.9733,1.0,1.0,1.0
MPLADS-002818,1,94.4,88.5,91.6,94.4,5.9,-5.9,-5.9,4.4,1.226,0.0,0.0,0.0,1.226,0.0151,0.0,0.0,0,60.0,77.0,17.0,1.2833,1.0,1.0,1.0
MPLADS-002819,1,98.2,87.3,86.0,98.2,10.9,-10.9,-10.9,8.2,0.7116,0.0,0.0,0.0,0.7116,0.0333,0.0,0.0,0,150.0,138.0,0.0,0.92,1.0,1.0,1.0
MPLADS-002820,1,84.3,96.8,98.7,84.3,12.5,12.5,12.5,-5.7,1.8326,0.0,0.0,0.0,1.8326,0.0161,12.5,12.5,0,60.0,46.0,0.0,0.7667,1.0,1.0,1.0
MPLADS-002821,1,50.0,92.2,97.0,50.0,42.2,42.2,42.2,-40.0,0.1389,0.0,0.0,0.0,0.1389,0.0378,42.2,42.2,3,90.0,360.0,270.0,4.0,1.0,1.0,1.0
MPLADS-002822,1,81.1,87.9,96.7,81.1,6.8,6.8,6.8,-8.9,0.5555,0.0,0.0,0.0,0.5555,0.0037,6.8,6.8,0,120.0,146.0,26.0,1.2167,1.0,1.0,1.0
MPLADS-002823,1,81.5,96.8,88.1,81.5,15.3,15.3,15.3,-8.5,0.39,0.0,0.0,0.0,0.39,0.0409,15.3,15.3,0,180.0,209.0,29.0,1.1611,1.0,1.0,1.0
MPLADS-002824,1,76.1,93.2,98.7,76.1,17.1,17.1,17.1,-13.9,0.8096,0.0,0.0,0.0,0.8096,-0.0078,17.1,17.1,0,90.0,94.0,4.0,1.0444,1.0,1.0,1.0
MPLADS-002825,1,89.8,95.0,81.0,89.8,5.2,5.2,5.2,-0.2,0.6369,0.0,0.0,0.0,0.6369,-0.0124,5.2,5.2,0,150.0,141.0,0.0,0.94,1.0,1.0,1.0
MPLADS-002826,1,87.6,90.5,98.4,87.6,2.9,2.9,2.9,-2.4,0.4921,0.0,0.0,0.0,0.4921,0.0247,2.9,2.9,0,160.0,178.0,18.0,1.1125,1.0,1.0,1.0
MPLADS-002827,1,98.6,96.7,90.4,98.6,1.9,-1.9,-1.9,8.6,0.493,0.0,0.0,0.0,0.493,0.0302,0.0,0.0,0,210.0,200.0,0.0,0.9524,1.0,1.0,1.0
MPLADS-002828,1,76.9,86.9,87.8,76.9,10.0,10.0,10.0,-13.1,1.1309,0.0,0.0,0.0,1.1309,-0.0057,10.0,10.0,0,60.0,68.0,8.0,1.1333,1.0,1.0,1.0
MPLADS-002829,1,87.9,85.4,87.8,87.9,2.5,-2.5,-2.5,-2.1,0.637,0.0,0.0,0.0,0.637,0.0045,0.0,0.0,0,150.0,138.0,0.0,0.92,1.0,1.0,1.0
MPLADS-002830,1,79.9,89.8,84.5,79.9,9.9,9.9,9.9,-10.1,0.8411,0.0,0.0,0.0,0.8411,-0.0016,9.9,9.9,0,90.0,95.0,5.0,1.0556,1.0,1.0,1.0
MPLADS-002831,1,27.7,96.2,82.4,27.7,68.5,68.5,68.5,-62.3,0.0699,0.0,0.0,0.0,0.0699,-0.0021,68.5,68.5,0,400.0,396.0,0.0,0.99,1.0,1.0,0.0
MPLADS-002832,1,72.9,93.9,99.1,72.9,21.0,21.0,21.0,-17.1,0.3738,0.0,0.0,0.0,0.3738,0.0442,21.0,21.0,0,210.0,195.0,0.0,0.9286,1.0,1.0,1.0
MPLADS-002833,1,85.2,96.4,98.6,85.2,11.2,11.2,11.2,-4.8,1.8128,0.0,0.0,0.0,1.8128,0.0013,11.2,11.2,0,60.0,47.0,0.0,0.7833,1.0,1.0,1.0
MPLADS-002834,1,90.2,89.6,92.1,90.2,0.6,-0.6,-0.6,0.2,0.6992,0.0,0.0,0.0,0.6992,0.0372,0.0,0.0,0,120.0,129.0,9.0,1.075,1.0,1.0,1.0
MPLADS-002835,1,78.1,94.6,98.8,78.1,16.5,16.5,16.5,-11.9,0.8135,0.0,0.0,0.0,0.8135,0.0323,16.5,16.5,0,90.0,96.0,6.0,1.0667,1.0,1.0,1.0
MPLADS-002836,1,87.5,91.4,96.0,87.5,3.9,3.9,3.9,-2.5,1.4113,0.0,0.0,0.0,1.4113,0.0419,3.9,3.9,0,60.0,62.0,2.0,1.0333,1.0,1.0,1.0
MPLADS-002837,1,78.3,95.0,90.2,78.3,16.7,16.7,16.7,-11.7,0.4579,0.0,0.0,0.0,0.4579,-0.0097,16.7,16.7,0,150.0,171.0,21.0,1.14,1.0,1.0,1.0
MPLADS-002838,1,80.8,97.6,89.4,80.8,16.8,16.8,16.8,-9.2,0.4617,0.0,0.0,0.0,0.4617,-0.0184,16.8,16.8,0,180.0,175.0,0.0,0.9722,1.0,1.0,1.0
MPLADS-002839,1,78.5,92.4,95.8,78.5,13.9,13.9,13.9,-11.5,1.1716,0.0,0.0,0.0,1.1716,-0.0135,13.9,13.9,0,60.0,67.0,7.0,1.1167,1.0,1.0,1.0
MPLADS-002840,1,90.1,96.6,84.3,90.1,6.5,6.5,6.5,0.1,0.4483,0.0,0.0,0.0,0.4483,-0.0067,6.5,6.5,0,180.0,201.0,21.0,1.1167,1.0,1.0,1.0
MPLADS-002841,1,95.9,88.9,91.6,95.9,7.0,-7.0,-7.0,5.9,0.8127,0.0,0.0,0.0,0.8127,-0.0138,0.0,0.0,0,90.0,118.0,28.0,1.3111,1.0,1.0,1.0
MPLADS-002842,1,76.5,92.1,94.8,76.5,15.6,15.6,15.6,-13.5,0.524,0.0,0.0,0.0,0.524,0.0275,15.6,15.6,0,120.0,146.0,26.0,1.2167,1.0,1.0,1.0
MPLADS-002843,1,91.2,93.1,84.2,91.2,1.9,1.9,1.9,1.2,0.4629,0.0,0.0,0.0,0.4629,0.0427,1.9,1.9,0,180.0,197.0,17.0,1.0944,1.0,1.0,1.0
MPLADS-002844,1,73.3,85.6,80.9,73.3,12.3,12.3,12.3,-16.7,0.6058,0.0,0.0,0.0,0.6058,-0.0117,12.3,12.3,0,120.0,121.0,1.0,1.0083,1.0,1.0,1.0
MPLADS-002845,1,88.1,89.4,89.9,88.1,1.3,1.3,1.3,-1.9,0.2078,0.0,0.0,0.0,0.2078,0.0281,1.3,1.3,0,400.0,424.0,24.0,1.06,1.0,1.0,1.0
MPLADS-002846,1,93.2,85.8,95.3,93.2,7.4,-7.4,-7.4,3.2,0.855,0.0,0.0,0.0,0.855,0.0467,0.0,0.0,0,120.0,109.0,0.0,0.9083,1.0,1.0,1.0
MPLADS-002847,1,99.2,93.6,98.9,99.2,5.6,-5.6,-5.6,9.2,0.6748,0.0,0.0,0.0,0.6748,-0.0124,0.0,0.0,0,160.0,147.0,0.0,0.9187,1.0,1.0,1.0
MPLADS-002848,1,77.8,97.0,94.7,77.8,19.2,19.2,19.2,-12.2,0.4471,0.0,0.0,0.0,0.4471,0.0281,19.2,19.2,0,160.0,174.0,14.0,1.0875,1.0,1.0,1.0
MPLADS-002849,1,0.0,100.0,88.7,0.0,100.0,100.0,100.0,-90.0,0.0,0.0,0.0,0.0,0.0,-0.004,100.0,100.0,0,150.0,154.0,4.0,1.0267,0.0,0.0,0.0
MPLADS-002850,1,83.1,90.0,95.8,83.1,6.9,6.9,6.9,-6.9,0.4617,0.0,0.0,0.0,0.4617,-0.0066,6.9,6.9,0,180.0,180.0,0.0,1.0,1.0,1.0,1.0
MPLADS-002851,1,93.6,95.2,97.7,93.6,1.6,1.6,1.6,3.6,0.6783,0.0,0.0,0.0,0.6783,0.0007,1.6,1.6,0,150.0,138.0,0.0,0.92,1.0,1.0,1.0
MPLADS-002852,1,88.7,90.7,89.5,88.7,2.0,2.0,2.0,-1.3,1.7058,0.0,0.0,0.0,1.7058,0.0376,2.0,2.0,0,60.0,52.0,0.0,0.8667,1.0,1.0,1.0
MPLADS-002853,1,73.6,86.0,92.1,73.6,12.4,12.4,12.4,-16.4,0.4066,0.0,0.0,0.0,0.4066,-0.0194,12.4,12.4,0,150.0,181.0,31.0,1.2067,1.0,1.0,1.0
MPLADS-002854,1,82.9,87.2,90.6,82.9,4.3,4.3,4.3,-7.1,0.9211,0.0,0.0,0.0,0.9211,0.0245,4.3,4.3,0,60.0,90.0,30.0,1.5,1.0,1.0,1.0
MPLADS-002855,1,73.1,91.2,95.3,73.1,18.1,18.1,18.1,-16.9,0.558,0.0,0.0,0.0,0.558,0.012,18.1,18.1,0,120.0,131.0,11.0,1.0917,1.0,1.0,1.0
MPLADS-002856,1,92.2,95.4,89.8,92.2,3.2,3.2,3.2,2.2,0.5299,0.0,0.0,0.0,0.5299,0.0314,3.2,3.2,0,160.0,174.0,14.0,1.0875,1.0,1.0,1.0
MPLADS-002857,1,94.2,96.7,82.7,94.2,2.5,2.5,2.5,4.2,0.8263,0.0,0.0,0.0,0.8263,0.0279,2.5,2.5,0,90.0,114.0,24.0,1.2667,1.0,1.0,1.0
MPLADS-002858,1,80.3,92.1,88.9,80.3,11.8,11.8,11.8,-9.7,0.5353,0.0,0.0,0.0,0.5353,-0.0121,11.8,11.8,0,150.0,150.0,0.0,1.0,1.0,1.0,1.0
MPLADS-002859,1,75.2,93.1,95.2,75.2,17.9,17.9,17.9,-14.8,0.3403,0.0,0.0,0.0,0.3403,0.0004,17.9,17.9,0,210.0,221.0,11.0,1.0524,1.0,1.0,1.0
MPLADS-002860,1,76.0,94.9,97.5,76.0,18.9,18.9,18.9,-14.0,0.3689,0.0,0.0,0.0,0.3689,0.0335,18.9,18.9,0,180.0,206.0,26.0,1.1444,1.0,1.0,1.0
MPLADS-002861,1,99.5,93.5,95.7,99.5,6.0,-6.0,-6.0,9.5,0.603,0.0,0.0,0.0,0.603,0.0315,0.0,0.0,0,150.0,165.0,15.0,1.1,1.0,1.0,1.0
MPLADS-002862,1,87.7,97.0,82.1,87.7,9.3,9.3,9.3,-2.3,0.522,0.0,0.0,0.0,0.522,0.0393,9.3,9.3,0,150.0,168.0,18.0,1.12,1.0,1.0,1.0
MPLADS-002863,1,83.7,93.7,82.9,83.7,10.0,10.0,10.0,-6.3,0.4982,0.0,0.0,0.0,0.4982,0.0175,10.0,10.0,0,180.0,168.0,0.0,0.9333,1.0,1.0,1.0
MPLADS-002864,1,76.4,87.1,90.8,76.4,10.7,10.7,10.7,-13.6,0.3473,0.0,0.0,0.0,0.3473,0.013,10.7,10.7,0,210.0,220.0,10.0,1.0476,1.0,1.0,1.0
MPLADS-002865,1,87.0,90.1,82.6,87.0,3.1,3.1,3.1,-3.0,0.2254,0.0,0.0,0.0,0.2254,0.0302,3.1,3.1,0,400.0,386.0,0.0,0.965,1.0,1.0,1.0
MPLADS-002866,1,86.4,97.7,97.7,86.4,11.3,11.3,11.3,-3.6,0.72,0.0,0.0,0.0,0.72,0.0039,11.3,11.3,0,120.0,120.0,0.0,1.0,1.0,1.0,1.0
MPLADS-002867,1,99.5,88.8,95.4,99.5,10.7,-10.7,-10.7,9.5,0.4112,0.0,0.0,0.0,0.4112,0.0083,0.0,0.0,0,210.0,242.0,32.0,1.1524,1.0,1.0,1.0
MPLADS-002868,1,83.0,158.4,95.2,83.0,75.4,75.4,75.4,-7.0,1.6275,0.0,0.0,0.0,1.6275,0.0127,75.4,75.4,0,60.0,51.0,0.0,0.85,1.0,1.0,1.0
MPLADS-002869,1,84.8,94.7,90.6,84.8,9.9,9.9,9.9,-5.2,0.5267,0.0,0.0,0.0,0.5267,0.0184,9.9,9.9,0,150.0,161.0,11.0,1.0733,1.0,1.0,1.0
MPLADS-002870,1,0.0,100.0,93.2,0.0,100.0,100.0,100.0,-90.0,0.0,0.0,0.0,0.0,0.0,-0.0085,100.0,100.0,0,400.0,418.0,18.0,1.045,0.0,0.0,0.0
MPLADS-002871,1,74.2,87.3,81.4,74.2,13.1,13.1,13.1,-15.8,0.4365,0.0,0.0,0.0,0.4365,-0.0038,13.1,13.1,0,180.0,170.0,0.0,0.9444,1.0,1.0,1.0
MPLADS-002872,1,85.3,93.2,89.5,85.3,7.9,7.9,7.9,-4.7,0.3554,0.0,0.0,0.0,0.3554,0.0355,7.9,7.9,0,210.0,240.0,30.0,1.1429,1.0,1.0,1.0
MPLADS-002873,1,86.9,87.1,88.5,86.9,0.2,0.2,0.2,-3.1,0.3762,0.0,0.0,0.0,0.3762,0.0371,0.2,0.2,0,210.0,231.0,21.0,1.1,1.0,1.0,1.0
MPLADS-002874,1,98.9,87.5,81.7,98.9,11.4,-11.4,-11.4,8.9,0.5684,0.0,0.0,0.0,0.5684,-0.0075,0.0,0.0,0,160.0,174.0,14.0,1.0875,1.0,1.0,1.0
MPLADS-002875,1,89.1,88.2,91.3,89.1,0.9,-0.9,-0.9,-0.9,0.602,0.0,0.0,0.0,0.602,0.0141,0.0,0.0,0,160.0,148.0,0.0,0.925,1.0,1.0,1.0
MPLADS-002876,1,90.5,86.4,90.5,90.5,4.1,-4.1,-4.1,0.5,0.2268,0.0,0.0,0.0,0.2268,0.014,0.0,0.0,0,400.0,399.0,0.0,0.9975,1.0,1.0,1.0
MPLADS-002877,1,98.4,97.2,88.3,98.4,1.2,-1.2,-1.2,8.4,0.4205,0.0,0.0,0.0,0.4205,-0.0099,0.0,0.0,0,210.0,234.0,24.0,1.1143,1.0,1.0,1.0
MPLADS-002878,1,74.4,91.0,81.4,74.4,16.6,16.6,16.6,-15.6,0.5471,0.0,0.0,0.0,0.5471,-0.0079,16.6,16.6,0,150.0,136.0,0.0,0.9067,1.0,1.0,1.0
MPLADS-002879,1,70.4,92.5,85.7,70.4,22.1,22.1,22.1,-19.6,0.1713,0.0,0.0,0.0,0.1713,0.0376,22.1,22.1,0,400.0,411.0,11.0,1.0275,1.0,1.0,1.0
MPLADS-002880,1,74.6,93.2,98.4,74.6,18.6,18.6,18.6,-15.4,0.7038,0.0,0.0,0.0,0.7038,-0.0113,18.6,18.6,0,90.0,106.0,16.0,1.1778,1.0,1.0,1.0
MPLADS-002881,1,83.7,92.4,83.9,83.7,8.7,8.7,8.7,-6.3,0.8541,0.0,0.0,0.0,0.8541,-0.0121,8.7,8.7,0,90.0,98.0,8.0,1.0889,1.0,1.0,1.0
MPLADS-002882,1,80.2,97.6,81.4,80.2,17.4,17.4,17.4,-9.8,0.469,0.0,0.0,0.0,0.469,0.0364,17.4,17.4,0,150.0,171.0,21.0,1.14,1.0,1.0,1.0
MPLADS-002883,1,93.8,96.2,90.9,93.8,2.4,2.4,2.4,3.8,0.4786,0.0,0.0,0.0,0.4786,0.0409,2.4,2.4,0,180.0,196.0,16.0,1.0889,1.0,1.0,1.0
MPLADS-002884,1,83.6,95.4,93.2,83.6,11.8,11.8,11.8,-6.4,0.5464,0.0,0.0,0.0,0.5464,-0.004,11.8,11.8,0,160.0,153.0,0.0,0.9563,1.0,1.0,1.0
MPLADS-002885,1,16.1,54.4,95.7,16.1,38.3,38.3,38.3,-73.9,0.0756,0.0,0.0,0.0,0.0756,0.0197,38.3,38.3,0,210.0,213.0,3.0,1.0143,1.0,1.0,1.0
MPLADS-002886,1,74.3,89.0,82.3,74.3,14.7,14.7,14.7,-15.7,0.3589,0.0,0.0,0.0,0.3589,-0.0081,14.7,14.7,0,180.0,207.0,27.0,1.15,1.0,1.0,1.0
MPLADS-002887,1,99.6,93.4,82.6,99.6,6.2,-6.2,-6.2,9.6,0.727,0.0,0.0,0.0,0.727,-0.0039,0.0,0.0,0,120.0,137.0,17.0,1.1417,1.0,1.0,1.0
MPLADS-002888,1,98.1,93.7,90.7,98.1,4.4,-4.4,-4.4,8.1,0.6628,0.0,0.0,0.0,0.6628,0.0291,0.0,0.0,0,160.0,148.0,0.0,0.925,1.0,1.0,1.0
MPLADS-002889,1,96.6,94.4,86.4,96.6,2.2,-2.2,-2.2,6.6,0.8256,0.0,0.0,0.0,0.8256,0.0358,0.0,0.0,0,90.0,117.0,27.0,1.3,1.0,1.0,1.0
MPLADS-002890,1,92.5,90.3,89.5,92.5,2.2,-2.2,-2.2,2.5,0.3987,0.0,0.0,0.0,0.3987,0.0233,0.0,0.0,0,210.0,232.0,22.0,1.1048,1.0,1.0,1.0
MPLADS-002891,1,99.6,92.7,91.5,99.6,6.9,-6.9,-6.9,9.6,0.9486,0.0,0.0,0.0,0.9486,0.0459,0.0,0.0,0,90.0,105.0,15.0,1.1667,1.0,1.0,1.0
MPLADS-002892,1,98.7,87.5,88.7,98.7,11.2,-11.2,-11.2,8.7,0.525,0.0,0.0,0.0,0.525,0.0094,0.0,0.0,0,180.0,188.0,8.0,1.0444,1.0,1.0,1.0
MPLADS-002893,1,93.9,90.3,84.1,93.9,3.6,-3.6,-3.6,3.9,0.7697,0.0,0.0,0.0,0.7697,0.0187,0.0,0.0,0,90.0,122.0,32.0,1.3556,1.0,1.0,1.0
MPLADS-002894,1,80.2,86.7,99.5,80.2,6.5,6.5,6.5,-9.8,0.9326,0.0,0.0,0.0,0.9326,-0.0023,6.5,6.5,0,90.0,86.0,0.0,0.9556,1.0,1.0,1.0
MPLADS-002895,1,81.4,95.7,84.8,81.4,14.3,14.3,14.3,-8.6,1.4034,0.0,0.0,0.0,1.4034,-0.0161,14.3,14.3,0,60.0,58.0,0.0,0.9667,1.0,1.0,1.0
MPLADS-002896,1,99.2,89.5,93.3,99.2,9.7,-9.7,-9.7,9.2,0.6748,0.0,0.0,0.0,0.6748,0.0107,0.0,0.0,0,150.0,147.0,0.0,0.98,1.0,1.0,1.0
MPLADS-002897,1,94.0,97.6,82.0,94.0,3.6,3.6,3.6,4.0,0.5912,0.0,0.0,0.0,0.5912,0.0146,3.6,3.6,0,160.0,159.0,0.0,0.9938,1.0,1.0,1.0
MPLADS-002898,1,73.9,94.7,94.4,73.9,20.8,20.8,20.8,-16.1,0.1776,0.0,0.0,0.0,0.1776,0.0209,20.8,20.8,0,400.0,416.0,16.0,1.04,1.0,1.0,1.0
MPLADS-002899,1,83.3,86.9,94.0,83.3,3.6,3.6,3.6,-6.7,1.3435,0.0,0.0,0.0,1.3435,0.031,3.6,3.6,0,60.0,62.0,2.0,1.0333,1.0,1.0,1.0
MPLADS-002900,1,83.2,92.3,87.3,83.2,9.1,9.1,9.1,-6.8,0.566,0.0,0.0,0.0,0.566,0.0206,9.1,9.1,0,160.0,147.0,0.0,0.9187,1.0,1.0,1.0
MPLADS-002901,1,89.5,91.4,94.8,89.5,1.9,1.9,1.9,-0.5,0.4242,0.0,0.0,0.0,0.4242,-0.0018,1.9,1.9,0,210.0,211.0,1.0,1.0048,1.0,1.0,1.0
MPLADS-002902,1,72.1,86.3,97.1,72.1,14.2,14.2,14.2,-17.9,0.4216,0.0,0.0,0.0,0.4216,0.0249,14.2,14.2,0,180.0,171.0,0.0,0.95,1.0,1.0,1.0
MPLADS-002903,1,81.5,94.9,81.9,81.5,13.4,13.4,13.4,-8.5,1.4052,0.0,0.0,0.0,1.4052,0.044,13.4,13.4,0,60.0,58.0,0.0,0.9667,1.0,1.0,1.0
MPLADS-002904,1,98.6,97.0,83.7,98.6,1.6,-1.6,-1.6,8.6,1.429,0.0,0.0,0.0,1.429,0.0395,0.0,0.0,0,60.0,69.0,9.0,1.15,1.0,1.0,1.0
MPLADS-002905,1,91.1,138.1,91.7,91.1,47.0,47.0,47.0,1.1,0.5521,0.0,0.0,0.0,0.5521,0.0011,47.0,47.0,0,150.0,165.0,15.0,1.1,1.0,1.0,1.0
MPLADS-002906,1,92.0,90.9,99.4,92.0,1.1,-1.1,-1.1,2.0,1.0455,0.0,0.0,0.0,1.0455,0.0108,0.0,0.0,0,60.0,88.0,28.0,1.4667,1.0,1.0,1.0
MPLADS-002907,1,86.4,86.2,80.8,86.4,0.2,-0.2,-0.2,-3.6,0.4827,0.0,0.0,0.0,0.4827,0.034,0.0,0.0,0,160.0,179.0,19.0,1.1187,1.0,1.0,1.0
MPLADS-002908,1,78.3,96.0,97.8,78.3,17.7,17.7,17.7,-11.7,0.9667,0.0,0.0,0.0,0.9667,-0.0143,17.7,17.7,0,90.0,81.0,0.0,0.9,1.0,1.0,1.0
MPLADS-002909,1,80.1,97.0,99.9,80.1,16.9,16.9,16.9,-9.9,0.433,0.0,0.0,0.0,0.433,-0.0018,16.9,16.9,0,180.0,185.0,5.0,1.0278,1.0,1.0,1.0
MPLADS-002910,1,95.4,89.9,99.6,95.4,5.5,-5.5,-5.5,5.4,0.5713,0.0,0.0,0.0,0.5713,0.0121,0.0,0.0,0,150.0,167.0,17.0,1.1133,1.0,1.0,1.0
MPLADS-002911,1,78.8,96.4,88.5,78.8,17.6,17.6,17.6,-11.2,0.5589,0.0,0.0,0.0,0.5589,0.0486,17.6,17.6,0,120.0,141.0,21.0,1.175,1.0,1.0,1.0
MPLADS-002912,1,96.4,96.0,90.0,96.4,0.4,-0.4,-0.4,6.4,0.5239,0.0,0.0,0.0,0.5239,-0.011,0.0,0.0,0,150.0,184.0,34.0,1.2267,1.0,1.0,1.0
MPLADS-002913,1,80.5,90.4,99.2,80.5,9.9,9.9,9.9,-9.5,0.4328,0.0,0.0,0.0,0.4328,-0.016,9.9,9.9,0,180.0,186.0,6.0,1.0333,1.0,1.0,1.0
MPLADS-002914,1,87.1,91.0,91.3,87.1,3.9,3.9,3.9,-2.9,0.6007,0.0,0.0,0.0,0.6007,0.0189,3.9,3.9,0,150.0,145.0,0.0,0.9667,1.0,1.0,1.0
MPLADS-002915,1,80.8,89.6,88.2,80.8,8.8,8.8,8.8,-9.2,1.649,0.0,0.0,0.0,1.649,0.0468,8.8,8.8,0,60.0,49.0,0.0,0.8167,1.0,1.0,1.0
MPLADS-002916,1,89.5,96.2,98.6,89.5,6.7,6.7,6.7,-0.5,0.6007,0.0,0.0,0.0,0.6007,0.0437,6.7,6.7,0,160.0,149.0,0.0,0.9313,1.0,1.0,1.0
MPLADS-002917,1,78.6,91.1,81.1,78.6,12.5,12.5,12.5,-11.4,0.3872,0.0,0.0,0.0,0.3872,0.0027,12.5,12.5,0,180.0,203.0,23.0,1.1278,1.0,1.0,1.0
MPLADS-002918,1,91.2,93.9,90.3,91.2,2.7,2.7,2.7,1.2,0.9212,0.0,0.0,0.0,0.9212,0.0131,2.7,2.7,0,90.0,99.0,9.0,1.1,1.0,1.0,1.0
MPLADS-002919,1,86.3,88.4,89.5,86.3,2.1,2.1,2.1,-3.7,0.4903,0.0,0.0,0.0,0.4903,-0.002,2.1,2.1,0,160.0,176.0,16.0,1.1,1.0,1.0,1.0
MPLADS-002920,1,77.3,85.2,82.8,77.3,7.9,7.9,7.9,-12.7,0.3865,0.0,0.0,0.0,0.3865,0.0322,7.9,7.9,0,210.0,200.0,0.0,0.9524,1.0,1.0,1.0
MPLADS-002921,1,85.1,86.5,88.3,85.1,1.4,1.4,1.4,-4.9,0.4131,0.0,0.0,0.0,0.4131,0.0236,1.4,1.4,0,210.0,206.0,0.0,0.981,1.0,1.0,1.0
MPLADS-002922,1,92.2,87.4,89.7,92.2,4.8,-4.8,-4.8,2.2,0.7948,0.0,0.0,0.0,0.7948,0.0023,0.0,0.0,0,90.0,116.0,26.0,1.2889,1.0,1.0,1.0
MPLADS-002923,1,83.3,94.7,82.9,83.3,11.4,11.4,11.4,-6.7,0.7307,0.0,0.0,0.0,0.7307,0.0058,11.4,11.4,0,120.0,114.0,0.0,0.95,1.0,1.0,1.0
MPLADS-002924,1,87.3,90.0,86.1,87.3,2.7,2.7,2.7,-2.7,0.6874,0.0,0.0,0.0,0.6874,-0.0181,2.7,2.7,0,120.0,127.0,7.0,1.0583,1.0,1.0,1.0
MPLADS-002925,1,87.9,86.1,87.3,87.9,1.8,-1.8,-1.8,-2.1,1.758,0.0,0.0,0.0,1.758,0.0195,0.0,0.0,0,60.0,50.0,0.0,0.8333,1.0,1.0,1.0
MPLADS-002926,1,73.5,85.5,92.9,73.5,12.0,12.0,12.0,-16.5,0.3675,0.0,0.0,0.0,0.3675,-0.0116,12.0,12.0,0,180.0,200.0,20.0,1.1111,1.0,1.0,1.0
MPLADS-002927,1,76.1,92.5,93.5,76.1,16.4,16.4,16.4,-13.9,0.504,0.0,0.0,0.0,0.504,0.0063,16.4,16.4,0,160.0,151.0,0.0,0.9437,1.0,1.0,1.0
MPLADS-002928,1,93.8,85.9,85.5,93.8,7.9,-7.9,-7.9,3.8,0.4937,0.0,0.0,0.0,0.4937,0.03,0.0,0.0,0,180.0,190.0,10.0,1.0556,1.0,1.0,1.0
MPLADS-002929,1,28.5,94.1,86.5,28.5,65.6,65.6,65.6,-61.5,0.0716,0.0,0.0,0.0,0.0716,0.0356,65.6,65.6,0,400.0,398.0,0.0,0.995,1.0,1.0,0.0
MPLADS-002930,1,95.4,97.5,93.8,95.4,2.1,2.1,2.1,5.4,0.2261,0.0,0.0,0.0,0.2261,0.0308,2.1,2.1,0,400.0,422.0,22.0,1.055,1.0,1.0,1.0
MPLADS-002931,1,93.7,97.8,82.8,93.7,4.1,4.1,4.1,3.7,0.6045,0.0,0.0,0.0,0.6045,0.0007,4.1,4.1,0,150.0,155.0,5.0,1.0333,1.0,1.0,1.0
MPLADS-002932,1,72.9,87.7,93.7,72.9,14.8,14.8,14.8,-17.1,0.6025,0.0,0.0,0.0,0.6025,0.0342,14.8,14.8,0,120.0,121.0,1.0,1.0083,1.0,1.0,1.0
MPLADS-002933,1,99.9,94.2,98.0,99.9,5.7,-5.7,-5.7,9.9,0.555,0.0,0.0,0.0,0.555,0.0134,0.0,0.0,0,160.0,180.0,20.0,1.125,1.0,1.0,1.0
MPLADS-002934,1,51.5,92.4,84.6,51.5,40.9,40.9,40.9,-38.5,0.0805,0.0,0.0,0.0,0.0805,-0.0092,40.9,40.9,4,160.0,640.0,480.0,4.0,1.0,1.0,1.0
MPLADS-002935,1,75.5,86.1,89.3,75.5,10.6,10.6,10.6,-14.5,0.363,0.0,0.0,0.0,0.363,-0.0118,10.6,10.6,0,210.0,208.0,0.0,0.9905,1.0,1.0,1.0
MPLADS-002936,1,95.7,93.6,81.3,95.7,2.1,-2.1,-2.1,5.7,0.8944,0.0,0.0,0.0,0.8944,-0.0079,0.0,0.0,0,90.0,107.0,17.0,1.1889,1.0,1.0,1.0
MPLADS-002937,1,74.1,146.5,89.8,74.1,72.4,72.4,72.4,-15.9,0.7561,0.0,0.0,0.0,0.7561,0.016,72.4,72.4,0,90.0,98.0,8.0,1.0889,1.0,1.0,1.0
MPLADS-002938,1,74.5,92.7,81.8,74.5,18.2,18.2,18.2,-15.5,0.4461,0.0,0.0,0.0,0.4461,0.033,18.2,18.2,0,160.0,167.0,7.0,1.0437,1.0,1.0,1.0
MPLADS-002939,1,98.0,92.2,84.3,98.0,5.8,-5.8,-5.8,8.0,1.1136,0.0,0.0,0.0,1.1136,0.0373,0.0,0.0,0,60.0,88.0,28.0,1.4667,1.0,1.0,1.0
MPLADS-002940,1,89.6,91.1,92.5,89.6,1.5,1.5,1.5,-0.4,0.4287,0.0,0.0,0.0,0.4287,0.0392,1.5,1.5,0,210.0,209.0,0.0,0.9952,1.0,1.0,1.0
MPLADS-002941,1,0.0,100.0,82.4,0.0,100.0,100.0,100.0,-90.0,0.0,0.0,0.0,0.0,0.0,-0.0003,100.0,100.0,0,400.0,420.0,20.0,1.05,0.0,0.0,0.0
MPLADS-002942,1,98.3,92.6,92.5,98.3,5.7,-5.7,-5.7,8.3,0.5257,0.0,0.0,0.0,0.5257,-0.0094,0.0,0.0,0,180.0,187.0,7.0,1.0389,1.0,1.0,1.0
MPLADS-002943,1,91.7,97.2,99.8,91.7,5.5,5.5,5.5,1.7,0.857,0.0,0.0,0.0,0.857,-0.0018,5.5,5.5,0,90.0,107.0,17.0,1.1889,1.0,1.0,1.0
MPLADS-002944,1,92.5,88.1,90.0,92.5,4.4,-4.4,-4.4,2.5,0.4405,0.0,0.0,0.0,0.4405,-0.0164,0.0,0.0,0,180.0,210.0,30.0,1.1667,1.0,1.0,1.0
MPLADS-002945,1,96.0,93.3,88.4,96.0,2.7,-2.7,-2.7,6.0,0.5246,0.0,0.0,0.0,0.5246,-0.0067,0.0,0.0,0,180.0,183.0,3.0,1.0167,1.0,1.0,1.0
MPLADS-002946,1,84.7,85.7,91.8,84.7,1.0,1.0,1.0,-5.3,0.4366,0.0,0.0,0.0,0.4366,-0.0043,1.0,1.0,0,180.0,194.0,14.0,1.0778,1.0,1.0,1.0
MPLADS-002947,1,74.8,96.1,96.8,74.8,21.3,21.3,21.3,-15.2,0.3703,0.0,0.0,0.0,0.3703,0.0204,21.3,21.3,0,210.0,202.0,0.0,0.9619,1.0,1.0,1.0
MPLADS-002948,1,97.0,96.8,81.6,97.0,0.2,-0.2,-0.2,7.0,0.6467,0.0,0.0,0.0,0.6467,-0.001,0.0,0.0,0,150.0,150.0,0.0,1.0,1.0,1.0,1.0
MPLADS-002949,1,76.4,93.1,86.9,76.4,16.7,16.7,16.7,-13.6,0.7074,0.0,0.0,0.0,0.7074,0.0158,16.7,16.7,0,120.0,108.0,0.0,0.9,1.0,1.0,1.0
MPLADS-002950,1,76.5,96.8,92.9,76.5,20.3,20.3,20.3,-13.5,0.7083,0.0,0.0,0.0,0.7083,0.0387,20.3,20.3,0,90.0,108.0,18.0,1.2,1.0,1.0,1.0
MPLADS-002951,1,73.2,141.3,95.5,73.2,68.1,68.1,68.1,-16.8,0.3239,0.0,0.0,0.0,0.3239,0.025,68.1,68.1,0,210.0,226.0,16.0,1.0762,1.0,1.0,1.0
MPLADS-002952,1,93.0,92.4,99.4,93.0,0.6,-0.6,-0.6,3.0,0.2168,0.0,0.0,0.0,0.2168,0.0012,0.0,0.0,0,400.0,429.0,29.0,1.0725,1.0,1.0,1.0
MPLADS-002953,1,84.5,90.8,91.2,84.5,6.3,6.3,6.3,-5.5,0.3789,0.0,0.0,0.0,0.3789,0.0253,6.3,6.3,0,210.0,223.0,13.0,1.0619,1.0,1.0,1.0
MPLADS-002954,1,70.2,85.3,83.2,70.2,15.1,15.1,15.1,-19.8,0.9237,0.0,0.0,0.0,0.9237,-0.0165,15.1,15.1,0,60.0,76.0,16.0,1.2667,1.0,1.0,1.0
MPLADS-002955,1,91.7,87.0,93.2,91.7,4.7,-4.7,-4.7,1.7,0.655,0.0,0.0,0.0,0.655,-0.0007,0.0,0.0,0,150.0,140.0,0.0,0.9333,1.0,1.0,1.0
MPLADS-002956,1,87.4,92.5,97.2,87.4,5.1,5.1,5.1,-2.6,0.4459,0.0,0.0,0.0,0.4459,0.043,5.1,5.1,0,210.0,196.0,0.0,0.9333,1.0,1.0,1.0
MPLADS-002957,1,91.0,87.0,97.0,91.0,4.0,-4.0,-4.0,1.0,0.5948,0.0,0.0,0.0,0.5948,0.0164,0.0,0.0,0,150.0,153.0,3.0,1.02,1.0,1.0,1.0
MPLADS-002958,1,92.5,86.5,98.2,92.5,6.0,-6.0,-6.0,2.5,0.2197,0.0,0.0,0.0,0.2197,0.0314,0.0,0.0,0,400.0,421.0,21.0,1.0525,1.0,1.0,1.0
MPLADS-002959,1,87.7,86.7,92.7,87.7,1.0,-1.0,-1.0,-2.3,0.4098,0.0,0.0,0.0,0.4098,0.0458,0.0,0.0,0,180.0,214.0,34.0,1.1889,1.0,1.0,1.0
MPLADS-002960,1,71.4,85.4,97.6,71.4,14.0,14.0,14.0,-18.6,0.2644,0.0,0.0,0.0,0.2644,0.0199,14.0,14.0,2,90.0,270.0,180.0,3.0,1.0,1.0,1.0
MPLADS-002961,1,87.3,88.5,91.8,87.3,1.2,1.2,1.2,-2.7,1.8978,0.0,0.0,0.0,1.8978,0.0243,1.2,1.2,0,60.0,46.0,0.0,0.7667,0.0,0.0,0.0
MPLADS-002962,1,83.1,144.5,98.0,83.1,61.4,61.4,61.4,-6.9,0.486,0.0,0.0,0.0,0.486,0.0154,61.4,61.4,0,160.0,171.0,11.0,1.0688,1.0,1.0,1.0
MPLADS-002963,1,24.7,46.2,82.9,24.7,21.5,21.5,21.5,-65.3,0.1223,0.0,0.0,0.0,0.1223,0.0249,21.5,21.5,0,210.0,202.0,0.0,0.9619,1.0,1.0,1.0
MPLADS-002964,1,79.0,92.6,96.3,79.0,13.6,13.6,13.6,-11.0,0.9634,0.0,0.0,0.0,0.9634,0.0403,13.6,13.6,0,60.0,82.0,22.0,1.3667,1.0,1.0,1.0
MPLADS-002965,1,52.2,87.3,89.0,52.2,35.1,35.1,35.1,-37.8,0.0829,0.0,0.0,0.0,0.0829,-0.0066,35.1,35.1,3,210.0,630.0,420.0,3.0,1.0,1.0,1.0
MPLADS-002966,1,18.8,48.4,87.8,18.8,29.6,29.6,29.6,-71.2,0.2,0.0,0.0,0.0,0.2,0.0301,29.6,29.6,0,60.0,94.0,34.0,1.5667,1.0,1.0,1.0
MPLADS-002967,1,74.1,97.7,98.3,74.1,23.6,23.6,23.6,-15.9,0.6333,0.0,0.0,0.0,0.6333,0.0337,23.6,23.6,0,120.0,117.0,0.0,0.975,1.0,1.0,1.0
MPLADS-002968,1,97.3,89.7,89.3,97.3,7.6,-7.6,-7.6,7.3,0.4443,0.0,0.0,0.0,0.4443,-0.0158,0.0,0.0,0,210.0,219.0,9.0,1.0429,1.0,1.0,1.0
MPLADS-002969,1,87.4,96.4,83.0,87.4,9.0,9.0,9.0,-2.6,0.2247,0.0,0.0,0.0,0.2247,0.0201,9.0,9.0,0,400.0,389.0,0.0,0.9725,1.0,1.0,1.0
MPLADS-002970,1,91.1,92.1,87.4,91.1,1.0,1.0,1.0,1.1,0.5954,0.0,0.0,0.0,0.5954,0.015,1.0,1.0,0,150.0,153.0,3.0,1.02,1.0,1.0,1.0
MPLADS-002971,1,70.5,96.7,92.8,70.5,26.2,26.2,26.2,-19.5,0.3561,0.0,0.0,0.0,0.3561,0.0169,26.2,26.2,0,180.0,198.0,18.0,1.1,1.0,1.0,1.0
MPLADS-002972,1,83.2,95.8,82.8,83.2,12.6,12.6,12.6,-6.8,0.7564,0.0,0.0,0.0,0.7564,-0.0171,12.6,12.6,0,120.0,110.0,0.0,0.9167,1.0,1.0,1.0
MPLADS-002973,1,86.3,85.7,95.9,86.3,0.6,-0.6,-0.6,-3.7,0.469,0.0,0.0,0.0,0.469,0.0124,0.0,0.0,0,180.0,184.0,4.0,1.0222,1.0,1.0,1.0
MPLADS-002974,1,70.7,87.0,84.2,70.7,16.3,16.3,16.3,-19.3,1.2855,0.0,0.0,0.0,1.2855,0.0083,16.3,16.3,0,60.0,55.0,0.0,0.9167,1.0,1.0,1.0
MPLADS-002975,1,85.1,97.0,85.9,85.1,11.9,11.9,11.9,-4.9,0.8684,0.0,0.0,0.0,0.8684,-0.0132,11.9,11.9,0,90.0,98.0,8.0,1.0889,1.0,1.0,1.0
MPLADS-002976,1,92.4,89.5,88.7,92.4,2.9,-2.9,-2.9,2.4,0.8477,0.0,0.0,0.0,0.8477,0.0021,0.0,0.0,0,120.0,109.0,0.0,0.9083,1.0,1.0,1.0
MPLADS-002977,1,87.3,93.1,90.8,87.3,5.8,5.8,5.8,-2.7,0.2227,0.0,0.0,0.0,0.2227,0.0364,5.8,5.8,0,400.0,392.0,0.0,0.98,1.0,1.0,1.0
MPLADS-002978,1,92.0,94.4,82.5,92.0,2.4,2.4,2.4,2.0,0.8762,0.0,0.0,0.0,0.8762,0.0239,2.4,2.4,0,120.0,105.0,0.0,0.875,1.0,1.0,1.0
MPLADS-002979,1,23.9,46.0,95.7,23.9,22.1,22.1,22.1,-66.1,0.2685,0.0,0.0,0.0,0.2685,0.0461,22.1,22.1,0,90.0,89.0,0.0,0.9889,1.0,1.0,1.0
MPLADS-002980,1,23.9,87.2,86.9,23.9,63.3,63.3,63.3,-66.1,0.1431,0.0,0.0,0.0,0.1431,0.006,63.3,63.3,0,180.0,167.0,0.0,0.9278,1.0,1.0,0.0
MPLADS-002981,1,95.9,86.2,96.7,95.9,9.7,-9.7,-9.7,5.9,0.2434,0.0,0.0,0.0,0.2434,0.0273,0.0,0.0,0,400.0,394.0,0.0,0.985,1.0,1.0,1.0
MPLADS-002982,1,78.1,88.8,98.4,78.1,10.7,10.7,10.7,-11.9,0.4594,0.0,0.0,0.0,0.4594,0.0182,10.7,10.7,0,150.0,170.0,20.0,1.1333,1.0,1.0,1.0
MPLADS-002983,1,23.4,90.0,95.7,23.4,66.6,66.6,66.6,-66.6,0.1462,0.0,0.0,0.0,0.1462,-0.0173,66.6,66.6,0,160.0,160.0,0.0,1.0,1.0,1.0,0.0
MPLADS-002984,1,31.5,90.0,95.8,31.5,58.5,58.5,58.5,-58.5,0.3462,0.0,0.0,0.0,0.3462,0.0413,58.5,58.5,0,60.0,91.0,31.0,1.5167,1.0,1.0,0.0
MPLADS-002985,1,91.6,92.0,86.1,91.6,0.4,0.4,0.4,1.6,0.7633,0.0,0.0,0.0,0.7633,0.0222,0.4,0.4,0,120.0,120.0,0.0,1.0,1.0,1.0,1.0
MPLADS-002986,1,74.2,96.2,98.9,74.2,22.0,22.0,22.0,-15.8,0.3388,0.0,0.0,0.0,0.3388,0.0272,22.0,22.0,0,210.0,219.0,9.0,1.0429,1.0,1.0,1.0
MPLADS-002987,1,99.6,95.3,82.0,99.6,4.3,-4.3,-4.3,9.6,0.4766,0.0,0.0,0.0,0.4766,0.0224,0.0,0.0,0,180.0,209.0,29.0,1.1611,1.0,1.0,1.0
MPLADS-002988,1,73.0,87.8,83.2,73.0,14.8,14.8,14.8,-17.0,1.1061,0.0,0.0,0.0,1.1061,0.044,14.8,14.8,0,60.0,66.0,6.0,1.1,1.0,1.0,1.0
MPLADS-002989,1,74.1,87.1,86.4,74.1,13.0,13.0,13.0,-15.9,0.5293,0.0,0.0,0.0,0.5293,0.0127,13.0,13.0,0,150.0,140.0,0.0,0.9333,1.0,1.0,1.0
MPLADS-002990,1,85.0,85.6,94.9,85.0,0.6,0.6,0.6,-5.0,0.4545,0.0,0.0,0.0,0.4545,0.004,0.6,0.6,0,160.0,187.0,27.0,1.1687,1.0,1.0,1.0
MPLADS-002991,1,92.3,92.1,98.7,92.3,0.2,-0.2,-0.2,2.3,0.2397,0.0,0.0,0.0,0.2397,-0.0147,0.0,0.0,0,400.0,385.0,0.0,0.9625,0.0,0.0,0.0
MPLADS-002992,1,77.0,90.2,96.5,77.0,13.2,13.2,13.2,-13.0,0.7196,0.0,0.0,0.0,0.7196,0.0181,13.2,13.2,0,90.0,107.0,17.0,1.1889,1.0,1.0,1.0
MPLADS-002993,1,88.2,89.1,88.8,88.2,0.9,0.9,0.9,-1.8,0.9484,0.0,0.0,0.0,0.9484,0.032,0.9,0.9,0,90.0,93.0,3.0,1.0333,1.0,1.0,1.0
MPLADS-002994,1,92.1,88.5,87.0,92.1,3.6,-3.6,-3.6,2.1,0.794,0.0,0.0,0.0,0.794,-0.0005,0.0,0.0,0,90.0,116.0,26.0,1.2889,1.0,1.0,1.0
MPLADS-002995,1,17.9,96.4,88.1,17.9,78.5,78.5,78.5,-72.1,0.0932,0.0,0.0,0.0,0.0932,0.015,78.5,78.5,0,180.0,192.0,12.0,1.0667,1.0,1.0,0.0
MPLADS-002996,1,98.4,85.8,98.7,98.4,12.6,-12.6,-12.6,8.4,0.5822,0.0,0.0,0.0,0.5822,-0.0056,0.0,0.0,0,180.0,169.0,0.0,0.9389,1.0,1.0,1.0
MPLADS-002997,1,78.0,91.9,86.2,78.0,13.9,13.9,13.9,-12.0,0.4937,0.0,0.0,0.0,0.4937,0.006,13.9,13.9,0,150.0,158.0,8.0,1.0533,1.0,1.0,1.0
MPLADS-002998,1,21.0,93.0,81.4,21.0,72.0,72.0,72.0,-69.0,0.1071,0.0,0.0,0.0,0.1071,-0.0185,72.0,72.0,0,180.0,196.0,16.0,1.0889,1.0,1.0,0.0
MPLADS-002999,1,79.3,89.4,91.9,79.3,10.1,10.1,10.1,-10.7,0.4263,0.0,0.0,0.0,0.4263,0.0446,10.1,10.1,0,180.0,186.0,6.0,1.0333,1.0,1.0,1.0
MPLADS-003000,1,70.4,88.5,86.9,70.4,18.1,18.1,18.1,-19.6,0.1467,0.0,0.0,0.0,0.1467,0.0189,18.1,18.1,2,160.0,480.0,320.0,3.0,1.0,1.0,1.0
MPLADS-003001,1,73.5,131.1,88.4,73.5,57.6,57.6,57.6,-16.5,1.1484,0.0,0.0,0.0,1.1484,0.0461,57.6,57.6,0,60.0,64.0,4.0,1.0667,1.0,1.0,1.0
MPLADS-003002,1,79.9,89.6,85.0,79.9,9.7,9.7,9.7,-10.1,0.4728,0.0,0.0,0.0,0.4728,-0.0133,9.7,9.7,0,160.0,169.0,9.0,1.0562,1.0,1.0,1.0
MPLADS-003003,1,91.1,96.9,98.6,91.1,5.8,5.8,5.8,1.1,0.2174,0.0,0.0,0.0,0.2174,-0.0182,5.8,5.8,0,400.0,419.0,19.0,1.0475,1.0,1.0,1.0
MPLADS-003004,1,73.4,87.2,97.9,73.4,13.8,13.8,13.8,-16.6,0.8951,0.0,0.0,0.0,0.8951,0.0334,13.8,13.8,0,90.0,82.0,0.0,0.9111,1.0,1.0,1.0
MPLADS-003005,1,95.8,92.6,98.3,95.8,3.2,-3.2,-3.2,5.8,0.4335,0.0,0.0,0.0,0.4335,0.0171,0.0,0.0,0,210.0,221.0,11.0,1.0524,0.0,0.0,0.0
MPLADS-003006,1,70.7,87.9,87.2,70.7,17.2,17.2,17.2,-19.3,0.1827,0.0,0.0,0.0,0.1827,0.0201,17.2,17.2,0,400.0,387.0,0.0,0.9675,1.0,1.0,1.0
MPLADS-003007,1,78.8,94.9,81.5,78.8,16.1,16.1,16.1,-11.2,0.7505,0.0,0.0,0.0,0.7505,-0.0019,16.1,16.1,0,90.0,105.0,15.0,1.1667,1.0,1.0,1.0
MPLADS-003008,1,70.6,89.1,93.4,70.6,18.5,18.5,18.5,-19.4,0.3284,0.0,0.0,0.0,0.3284,-0.0026,18.5,18.5,0,210.0,215.0,5.0,1.0238,1.0,1.0,1.0
MPLADS-003009,1,70.8,93.6,80.1,70.8,22.8,22.8,22.8,-19.2,0.5206,0.0,0.0,0.0,0.5206,0.0124,22.8,22.8,0,150.0,136.0,0.0,0.9067,1.0,1.0,1.0
MPLADS-003010,1,0.0,100.0,85.6,0.0,100.0,100.0,100.0,-90.0,0.0,0.0,0.0,0.0,0.0,0.0235,100.0,100.0,0,150.0,174.0,24.0,1.16,0.0,0.0,0.0
MPLADS-003011,1,88.3,92.8,81.7,88.3,4.5,4.5,4.5,-1.7,0.5697,0.0,0.0,0.0,0.5697,0.0086,4.5,4.5,0,160.0,155.0,0.0,0.9688,1.0,1.0,1.0
MPLADS-003012,1,73.7,90.1,86.8,73.7,16.4,16.4,16.4,-16.3,0.4285,0.0,0.0,0.0,0.4285,-0.0075,16.4,16.4,0,150.0,172.0,22.0,1.1467,1.0,1.0,1.0
MPLADS-003013,1,28.2,92.8,80.2,28.2,64.6,64.6,64.6,-61.8,0.1679,0.0,0.0,0.0,0.1679,-0.0056,64.6,64.6,0,150.0,168.0,18.0,1.12,1.0,1.0,0.0
MPLADS-003014,1,96.5,86.5,82.3,96.5,10.0,-10.0,-10.0,6.5,0.4754,0.0,0.0,0.0,0.4754,-0.0015,0.0,0.0,0,180.0,203.0,23.0,1.1278,1.0,1.0,1.0
MPLADS-003015,1,74.1,97.8,94.2,74.1,23.7,23.7,23.7,-15.9,0.4574,0.0,0.0,0.0,0.4574,0.0306,23.7,23.7,0,160.0,162.0,2.0,1.0125,1.0,1.0,1.0
MPLADS-003016,1,86.3,88.9,87.9,86.3,2.6,2.6,2.6,-3.7,0.4716,0.0,0.0,0.0,0.4716,0.0072,2.6,2.6,0,150.0,183.0,33.0,1.22,0.0,0.0,0.0
MPLADS-003017,1,87.9,93.5,88.9,87.9,5.6,5.6,5.6,-2.1,1.4177,0.0,0.0,0.0,1.4177,0.0325,5.6,5.6,0,60.0,62.0,2.0,1.0333,1.0,1.0,1.0
MPLADS-003018,1,85.3,91.3,83.8,85.3,6.0,6.0,6.0,-4.7,0.9172,0.0,0.0,0.0,0.9172,-0.0197,6.0,6.0,0,90.0,93.0,3.0,1.0333,1.0,1.0,1.0
MPLADS-003019,1,89.8,96.0,93.5,89.8,6.2,6.2,6.2,-0.2,0.4535,0.0,0.0,0.0,0.4535,-0.0196,6.2,6.2,0,180.0,198.0,18.0,1.1,1.0,1.0,1.0
MPLADS-003020,1,94.8,95.2,88.8,94.8,0.4,0.4,0.4,4.8,0.5417,0.0,0.0,0.0,0.5417,0.0343,0.4,0.4,0,150.0,175.0,25.0,1.1667,1.0,1.0,1.0
MPLADS-003021,1,92.4,94.3,83.6,92.4,1.9,1.9,1.9,2.4,0.5404,0.0,0.0,0.0,0.5404,0.0029,1.9,1.9,0,160.0,171.0,11.0,1.0688,1.0,1.0,1.0
MPLADS-003022,1,71.3,91.2,99.2,71.3,19.9,19.9,19.9,-18.7,0.5443,0.0,0.0,0.0,0.5443,-0.0083,19.9,19.9,0,120.0,131.0,11.0,1.0917,1.0,1.0,1.0
MPLADS-003023,1,89.0,92.5,84.8,89.0,3.5,3.5,3.5,-1.0,0.3693,0.0,0.0,0.0,0.3693,0.0232,3.5,3.5,0,210.0,241.0,31.0,1.1476,1.0,1.0,1.0
MPLADS-003024,1,70.7,96.1,90.5,70.7,25.4,25.4,25.4,-19.3,0.4503,0.0,0.0,0.0,0.4503,0.047,25.4,25.4,0,160.0,157.0,0.0,0.9812,1.0,1.0,1.0
MPLADS-003025,1,77.9,92.4,86.1,77.9,14.5,14.5,14.5,-12.1,0.38,0.0,0.0,0.0,0.38,0.0242,14.5,14.5,0,210.0,205.0,0.0,0.9762,1.0,1.0,1.0
MPLADS-003026,1,63.8,85.8,83.2,63.8,22.0,22.0,22.0,-26.2,0.1772,0.0,0.0,0.0,0.1772,0.037,22.0,22.0,4,120.0,360.0,240.0,3.0,1.0,1.0,1.0
MPLADS-003027,1,83.7,96.0,87.8,83.7,12.3,12.3,12.3,-6.3,0.9098,0.0,0.0,0.0,0.9098,0.0248,12.3,12.3,0,90.0,92.0,2.0,1.0222,1.0,1.0,1.0
MPLADS-003028,1,76.9,89.4,90.7,76.9,12.5,12.5,12.5,-13.1,0.5826,0.0,0.0,0.0,0.5826,0.0475,12.5,12.5,0,120.0,132.0,12.0,1.1,1.0,1.0,1.0
MPLADS-003029,1,82.9,95.1,88.9,82.9,12.2,12.2,12.2,-7.1,0.4555,0.0,0.0,0.0,0.4555,0.0076,12.2,12.2,0,160.0,182.0,22.0,1.1375,1.0,1.0,1.0
MPLADS-003030,1,84.0,89.7,86.6,84.0,5.7,5.7,5.7,-6.0,1.377,0.0,0.0,0.0,1.377,0.0128,5.7,5.7,0,60.0,61.0,1.0,1.0167,1.0,1.0,1.0
MPLADS-003031,1,77.1,86.5,93.5,77.1,9.4,9.4,9.4,-12.9,0.4819,0.0,0.0,0.0,0.4819,-0.0088,9.4,9.4,0,150.0,160.0,10.0,1.0667,1.0,1.0,1.0
MPLADS-003032,1,22.2,89.3,98.1,22.2,67.1,67.1,67.1,-67.8,0.1005,0.0,0.0,0.0,0.1005,0.0066,67.1,67.1,0,210.0,221.0,11.0,1.0524,1.0,1.0,0.0
MPLADS-003033,1,83.0,90.6,96.4,83.0,7.6,7.6,7.6,-7.0,0.3444,0.0,0.0,0.0,0.3444,0.0167,7.6,7.6,0,210.0,241.0,31.0,1.1476,1.0,1.0,1.0
MPLADS-003034,1,80.1,86.5,85.5,80.1,6.4,6.4,6.4,-9.9,0.3283,0.0,0.0,0.0,0.3283,-0.0185,6.4,6.4,0,210.0,244.0,34.0,1.1619,1.0,1.0,1.0
MPLADS-003035,1,81.9,89.7,95.7,81.9,7.8,7.8,7.8,-8.1,0.1927,0.0,0.0,0.0,0.1927,0.0371,7.8,7.8,0,400.0,425.0,25.0,1.0625,1.0,1.0,1.0
MPLADS-003036,1,78.8,87.3,91.3,78.8,8.5,8.5,8.5,-11.2,0.4378,0.0,0.0,0.0,0.4378,0.0496,8.5,8.5,0,180.0,180.0,0.0,1.0,1.0,1.0,1.0
MPLADS-003037,1,82.0,97.3,91.9,82.0,15.3,15.3,15.3,-8.0,0.543,0.0,0.0,0.0,0.543,0.034,15.3,15.3,0,150.0,151.0,1.0,1.0067,1.0,1.0,1.0
MPLADS-003038,1,98.9,85.9,81.1,98.9,13.0,-13.0,-13.0,8.9,0.2448,0.0,0.0,0.0,0.2448,0.0156,0.0,0.0,0,400.0,404.0,4.0,1.01,1.0,1.0,1.0
MPLADS-003039,1,83.4,94.8,94.5,83.4,11.4,11.4,11.4,-6.6,0.6893,0.0,0.0,0.0,0.6893,0.0068,11.4,11.4,0,120.0,121.0,1.0,1.0083,1.0,1.0,1.0
MPLADS-003040,1,75.9,146.5,94.8,75.9,70.6,70.6,70.6,-14.1,0.6487,0.0,0.0,0.0,0.6487,0.0335,70.6,70.6,0,120.0,117.0,0.0,0.975,1.0,1.0,1.0
MPLADS-003041,1,94.1,94.3,95.4,94.1,0.2,0.2,0.2,4.1,0.5956,0.0,0.0,0.0,0.5956,0.0417,0.2,0.2,0,150.0,158.0,8.0,1.0533,1.0,1.0,1.0
MPLADS-003042,1,76.6,88.8,81.9,76.6,12.2,12.2,12.2,-13.4,0.3869,0.0,0.0,0.0,0.3869,0.0391,12.2,12.2,0,210.0,198.0,0.0,0.9429,1.0,1.0,1.0
MPLADS-003043,1,95.7,85.6,87.6,95.7,10.1,-10.1,-10.1,5.7,0.8861,0.0,0.0,0.0,0.8861,0.0145,0.0,0.0,0,120.0,108.0,0.0,0.9,1.0,1.0,1.0
MPLADS-003044,1,87.7,90.7,96.4,87.7,3.0,3.0,3.0,-2.3,0.4278,0.0,0.0,0.0,0.4278,-0.0005,3.0,3.0,0,180.0,205.0,25.0,1.1389,1.0,1.0,1.0
MPLADS-003045,1,72.3,92.5,88.1,72.3,20.2,20.2,20.2,-17.7,0.367,0.0,0.0,0.0,0.367,-0.013,20.2,20.2,0,180.0,197.0,17.0,1.0944,1.0,1.0,1.0
MPLADS-003046,1,77.3,91.5,93.9,77.3,14.2,14.2,14.2,-12.7,0.4924,0.0,0.0,0.0,0.4924,0.0261,14.2,14.2,0,160.0,157.0,0.0,0.9812,1.0,1.0,1.0
MPLADS-003047,1,78.0,88.3,82.6,78.0,10.3,10.3,10.3,-12.0,0.3362,0.0,0.0,0.0,0.3362,0.0316,10.3,10.3,0,210.0,232.0,22.0,1.1048,1.0,1.0,1.0
MPLADS-003048,1,91.8,92.8,82.8,91.8,1.0,1.0,1.0,1.8,0.5016,0.0,0.0,0.0,0.5016,0.0307,1.0,1.0,0,150.0,183.0,33.0,1.22,1.0,1.0,1.0
MPLADS-003049,1,85.0,97.8,96.0,85.0,12.8,12.8,12.8,-5.0,0.4775,0.0,0.0,0.0,0.4775,0.0099,12.8,12.8,0,180.0,178.0,0.0,0.9889,1.0,1.0,1.0
MPLADS-003050,1,45.1,95.8,82.9,45.1,50.7,50.7,50.7,-44.9,0.1002,0.0,0.0,0.0,0.1002,-0.0104,50.7,50.7,2,150.0,450.0,300.0,3.0,1.0,1.0,1.0
MPLADS-003051,1,92.5,87.2,90.3,92.5,5.3,-5.3,-5.3,2.5,0.3807,0.0,0.0,0.0,0.3807,0.0488,0.0,0.0,0,210.0,243.0,33.0,1.1571,1.0,1.0,1.0
MPLADS-003052,1,78.2,86.9,81.8,78.2,8.7,8.7,8.7,-11.8,0.92,0.0,0.0,0.0,0.92,0.0065,8.7,8.7,0,90.0,85.0,0.0,0.9444,1.0,1.0,1.0
MPLADS-003053,1,75.9,91.1,85.3,75.9,15.2,15.2,15.2,-14.1,0.3149,0.0,0.0,0.0,0.3149,-0.0117,15.2,15.2,0,210.0,241.0,31.0,1.1476,1.0,1.0,1.0
MPLADS-003054,1,78.2,85.3,91.5,78.2,7.1,7.1,7.1,-11.8,1.4755,0.0,0.0,0.0,1.4755,0.035,7.1,7.1,0,60.0,53.0,0.0,0.8833,1.0,1.0,1.0
MPLADS-003055,1,91.5,94.9,84.9,91.5,3.4,3.4,3.4,1.5,0.5199,0.0,0.0,0.0,0.5199,-0.0014,3.4,3.4,0,160.0,176.0,16.0,1.1,1.0,1.0,1.0
MPLADS-003056,1,87.8,96.1,90.4,87.8,8.3,8.3,8.3,-2.2,0.3885,0.0,0.0,0.0,0.3885,0.0251,8.3,8.3,0,210.0,226.0,16.0,1.0762,1.0,1.0,1.0
MPLADS-003057,1,75.2,92.0,93.2,75.2,16.8,16.8,16.8,-14.8,0.4178,0.0,0.0,0.0,0.4178,0.0445,16.8,16.8,0,180.0,180.0,0.0,1.0,1.0,1.0,1.0
MPLADS-003058,1,79.0,93.0,83.1,79.0,14.0,14.0,14.0,-11.0,0.5411,0.0,0.0,0.0,0.5411,0.0485,14.0,14.0,0,120.0,146.0,26.0,1.2167,1.0,1.0,1.0
MPLADS-003059,1,96.2,97.0,87.8,96.2,0.8,0.8,0.8,6.2,0.5726,0.0,0.0,0.0,0.5726,-0.0194,0.8,0.8,0,160.0,168.0,8.0,1.05,1.0,1.0,1.0
MPLADS-003060,1,0.0,100.0,89.1,0.0,100.0,100.0,100.0,-90.0,0.0,0.0,0.0,0.0,0.0,-0.0089,100.0,100.0,0,160.0,189.0,29.0,1.1812,0.0,0.0,0.0
MPLADS-003061,1,70.1,91.2,95.7,70.1,21.1,21.1,21.1,-19.9,0.5842,0.0,0.0,0.0,0.5842,0.0297,21.1,21.1,0,90.0,120.0,30.0,1.3333,1.0,1.0,1.0
MPLADS-003062,1,67.0,89.7,87.6,67.0,22.7,22.7,22.7,-23.0,0.3722,0.0,0.0,0.0,0.3722,0.0359,22.7,22.7,3,60.0,180.0,120.0,3.0,1.0,1.0,1.0
MPLADS-003063,1,80.0,93.6,91.1,80.0,13.6,13.6,13.6,-10.0,0.2062,0.0,0.0,0.0,0.2062,0.0206,13.6,13.6,0,400.0,388.0,0.0,0.97,1.0,1.0,1.0
MPLADS-003064,1,80.8,95.5,88.7,80.8,14.7,14.7,14.7,-9.2,0.5387,0.0,0.0,0.0,0.5387,0.0171,14.7,14.7,0,160.0,150.0,0.0,0.9375,1.0,1.0,1.0
MPLADS-003065,1,99.6,88.6,88.3,99.6,11.0,-11.0,-11.0,9.6,0.2388,0.0,0.0,0.0,0.2388,0.0424,0.0,0.0,0,400.0,417.0,17.0,1.0425,1.0,1.0,1.0
MPLADS-003066,1,97.3,89.3,90.5,97.3,8.0,-8.0,-8.0,7.3,1.2636,0.0,0.0,0.0,1.2636,0.0383,0.0,0.0,0,90.0,77.0,0.0,0.8556,1.0,1.0,1.0
MPLADS-003067,1,90.2,94.9,91.9,90.2,4.7,4.7,4.7,0.2,1.3667,0.0,0.0,0.0,1.3667,0.0234,4.7,4.7,0,60.0,66.0,6.0,1.1,1.0,1.0,1.0
MPLADS-003068,1,89.8,90.0,95.2,89.8,0.2,0.2,0.2,-0.2,0.5578,0.0,0.0,0.0,0.5578,0.0062,0.2,0.2,0,160.0,161.0,1.0,1.0063,1.0,1.0,1.0
MPLADS-003069,1,97.2,92.8,84.9,97.2,4.4,-4.4,-4.4,7.2,0.5492,0.0,0.0,0.0,0.5492,-0.0013,0.0,0.0,0,160.0,177.0,17.0,1.1062,1.0,1.0,1.0
MPLADS-003070,1,77.4,88.8,89.1,77.4,11.4,11.4,11.4,-12.6,0.565,0.0,0.0,0.0,0.565,0.0256,11.4,11.4,0,150.0,137.0,0.0,0.9133,1.0,1.0,1.0
MPLADS-003071,1,74.4,88.2,89.1,74.4,13.8,13.8,13.8,-15.6,0.7515,0.0,0.0,0.0,0.7515,-0.0085,13.8,13.8,0,90.0,99.0,9.0,1.1,1.0,1.0,1.0
MPLADS-003072,1,16.2,85.1,93.3,16.2,68.9,68.9,68.9,-73.8,0.1884,0.0,0.0,0.0,0.1884,-0.0142,68.9,68.9,0,60.0,86.0,26.0,1.4333,1.0,1.0,0.0
MPLADS-003073,1,86.8,93.4,92.3,86.8,6.6,6.6,6.6,-3.2,1.2955,0.0,0.0,0.0,1.2955,-0.0117,6.6,6.6,0,60.0,67.0,7.0,1.1167,1.0,1.0,1.0
MPLADS-003074,1,26.3,88.3,80.3,26.3,62.0,62.0,62.0,-63.7,0.1223,0.0,0.0,0.0,0.1223,-0.0096,62.0,62.0,0,210.0,215.0,5.0,1.0238,1.0,1.0,0.0
MPLADS-003075,1,77.5,85.4,86.4,77.5,7.9,7.9,7.9,-12.5,0.4379,0.0,0.0,0.0,0.4379,0.0467,7.9,7.9,0,150.0,177.0,27.0,1.18,1.0,1.0,1.0
MPLADS-003076,1,75.6,91.5,81.9,75.6,15.9,15.9,15.9,-14.4,0.84,0.0,0.0,0.0,0.84,0.0017,15.9,15.9,0,90.0,90.0,0.0,1.0,1.0,1.0,1.0
MPLADS-003077,1,81.9,91.5,97.6,81.9,9.6,9.6,9.6,-8.1,0.8713,0.0,0.0,0.0,0.8713,0.0379,9.6,9.6,0,60.0,94.0,34.0,1.5667,1.0,1.0,1.0
MPLADS-003078,1,79.3,95.0,82.6,79.3,15.7,15.7,15.7,-10.7,0.5432,0.0,0.0,0.0,0.5432,0.037,15.7,15.7,0,150.0,146.0,0.0,0.9733,1.0,1.0,1.0
MPLADS-003079,1,77.4,93.7,92.5,77.4,16.3,16.3,16.3,-12.6,0.7167,0.0,0.0,0.0,0.7167,-0.0008,16.3,16.3,0,120.0,108.0,0.0,0.9,1.0,1.0,1.0
MPLADS-003080,1,77.1,95.2,95.9,77.1,18.1,18.1,18.1,-12.9,0.7559,0.0,0.0,0.0,0.7559,-0.0034,18.1,18.1,0,90.0,102.0,12.0,1.1333,1.0,1.0,1.0
MPLADS-003081,1,79.5,90.4,97.6,79.5,10.9,10.9,10.9,-10.5,1.1042,0.0,0.0,0.0,1.1042,0.0472,10.9,10.9,0,60.0,72.0,12.0,1.2,1.0,1.0,1.0
MPLADS-003082,1,87.9,90.6,94.9,87.9,2.7,2.7,2.7,-2.1,0.7779,0.0,0.0,0.0,0.7779,0.0101,2.7,2.7,0,90.0,113.0,23.0,1.2556,1.0,1.0,1.0
MPLADS-003083,1,96.0,94.6,94.8,96.0,1.4,-1.4,-1.4,6.0,0.568,0.0,0.0,0.0,0.568,-0.005,0.0,0.0,0,160.0,169.0,9.0,1.0562,1.0,1.0,1.0
MPLADS-003084,1,92.8,97.5,98.5,92.8,4.7,4.7,4.7,2.8,0.5071,0.0,0.0,0.0,0.5071,-0.0132,4.7,4.7,0,180.0,183.0,3.0,1.0167,1.0,1.0,1.0
MPLADS-003085,1,84.7,95.8,93.8,84.7,11.1,11.1,11.1,-5.3,0.9207,0.0,0.0,0.0,0.9207,0.0445,11.1,11.1,0,90.0,92.0,2.0,1.0222,1.0,1.0,1.0
MPLADS-003086,1,81.1,85.4,92.7,81.1,4.3,4.3,4.3,-8.9,0.2043,0.0,0.0,0.0,0.2043,-0.0172,4.3,4.3,0,400.0,397.0,0.0,0.9925,1.0,1.0,1.0
MPLADS-003087,1,97.0,86.2,91.6,97.0,10.8,-10.8,-10.8,7.0,0.2299,0.0,0.0,0.0,0.2299,0.0125,0.0,0.0,0,400.0,422.0,22.0,1.055,1.0,1.0,1.0
MPLADS-003088,1,93.0,92.6,85.0,93.0,0.4,-0.4,-0.4,3.0,1.9375,0.0,0.0,0.0,1.9375,-0.0116,0.0,0.0,0,60.0,48.0,0.0,0.8,1.0,1.0,1.0
MPLADS-003089,1,92.0,87.1,92.1,92.0,4.9,-4.9,-4.9,2.0,0.4577,0.0,0.0,0.0,0.4577,-0.0056,0.0,0.0,0,210.0,201.0,0.0,0.9571,1.0,1.0,1.0
MPLADS-003090,1,74.0,92.3,86.5,74.0,18.3,18.3,18.3,-16.0,0.4111,0.0,0.0,0.0,0.4111,0.0285,18.3,18.3,0,180.0,180.0,0.0,1.0,1.0,1.0,1.0
MPLADS-003091,1,88.2,93.1,88.0,88.2,4.9,4.9,4.9,-1.8,0.4141,0.0,0.0,0.0,0.4141,0.0236,4.9,4.9,0,180.0,213.0,33.0,1.1833,1.0,1.0,1.0
MPLADS-003092,1,87.3,96.1,82.0,87.3,8.8,8.8,8.8,-2.7,0.2221,0.0,0.0,0.0,0.2221,-0.0013,8.8,8.8,0,400.0,393.0,0.0,0.9825,1.0,1.0,1.0
MPLADS-003093,1,89.9,87.8,95.8,89.9,2.1,-2.1,-2.1,-0.1,0.6659,0.0,0.0,0.0,0.6659,0.0349,0.0,0.0,0,120.0,135.0,15.0,1.125,1.0,1.0,1.0
MPLADS-003094,1,95.6,95.5,97.2,95.6,0.1,-0.1,-0.1,5.6,0.4596,0.0,0.0,0.0,0.4596,0.0119,0.0,0.0,0,180.0,208.0,28.0,1.1556,1.0,1.0,1.0
MPLADS-003095,1,70.9,94.7,88.6,70.9,23.8,23.8,23.8,-19.1,0.3581,0.0,0.0,0.0,0.3581,0.0179,23.8,23.8,0,210.0,198.0,0.0,0.9429,1.0,1.0,1.0
MPLADS-003096,1,76.0,91.3,85.6,76.0,15.3,15.3,15.3,-14.0,0.4444,0.0,0.0,0.0,0.4444,-0.0165,15.3,15.3,0,180.0,171.0,0.0,0.95,1.0,1.0,1.0
MPLADS-003097,1,60.4,88.3,86.0,60.4,27.9,27.9,27.9,-29.6,0.2517,0.0,0.0,0.0,0.2517,0.0202,27.9,27.9,4,60.0,240.0,180.0,4.0,1.0,1.0,1.0
MPLADS-003098,1,86.7,95.1,89.6,86.7,8.4,8.4,8.4,-3.3,0.7286,0.0,0.0,0.0,0.7286,0.0499,8.4,8.4,0,120.0,119.0,0.0,0.9917,1.0,1.0,1.0
MPLADS-003099,1,84.4,94.5,80.5,84.4,10.1,10.1,10.1,-5.6,0.4663,0.0,0.0,0.0,0.4663,0.0202,10.1,10.1,0,160.0,181.0,21.0,1.1313,1.0,1.0,1.0
MPLADS-003100,1,90.1,92.0,87.5,90.1,1.9,1.9,1.9,0.1,0.3834,0.0,0.0,0.0,0.3834,0.0203,1.9,1.9,0,210.0,235.0,25.0,1.119,1.0,1.0,1.0
MPLADS-003101,1,90.0,85.6,94.0,90.0,4.4,-4.4,-4.4,0.0,0.5389,0.0,0.0,0.0,0.5389,-0.0171,0.0,0.0,0,180.0,167.0,0.0,0.9278,1.0,1.0,1.0
MPLADS-003102,1,47.3,93.7,94.6,47.3,46.4,46.4,46.4,-42.7,0.0739,0.0,0.0,0.0,0.0739,0.0268,46.4,46.4,4,160.0,640.0,480.0,4.0,1.0,1.0,1.0
MPLADS-003103,1,70.2,90.4,99.0,70.2,20.2,20.2,20.2,-19.8,0.4058,0.0,0.0,0.0,0.4058,-0.0069,20.2,20.2,0,150.0,173.0,23.0,1.1533,1.0,1.0,1.0
MPLADS-003104,1,93.8,85.4,89.8,93.8,8.4,-8.4,-8.4,3.8,0.555,0.0,0.0,0.0,0.555,0.0298,0.0,0.0,0,150.0,169.0,19.0,1.1267,1.0,1.0,1.0
MPLADS-003105,1,95.3,86.9,98.9,95.3,8.4,-8.4,-8.4,5.3,0.4718,0.0,0.0,0.0,0.4718,-0.0056,0.0,0.0,0,210.0,202.0,0.0,0.9619,1.0,1.0,1.0
MPLADS-003106,1,17.4,58.8,97.9,17.4,41.4,41.4,41.4,-72.6,0.12,0.0,0.0,0.0,0.12,-0.0155,41.4,41.4,0,150.0,145.0,0.0,0.9667,1.0,1.0,1.0
MPLADS-003107,1,80.9,141.8,97.5,80.9,60.9,60.9,60.9,-9.1,1.618,0.0,0.0,0.0,1.618,0.0467,60.9,60.9,0,60.0,50.0,0.0,0.8333,1.0,1.0,1.0
MPLADS-003108,1,71.2,91.8,96.6,71.2,20.6,20.6,20.6,-18.8,0.4116,0.0,0.0,0.0,0.4116,-0.0147,20.6,20.6,0,160.0,173.0,13.0,1.0813,1.0,1.0,1.0
MPLADS-003109,1,90.9,86.7,98.1,90.9,4.2,-4.2,-4.2,0.9,0.9469,0.0,0.0,0.0,0.9469,0.0292,0.0,0.0,0,90.0,96.0,6.0,1.0667,1.0,1.0,1.0
MPLADS-003110,1,89.6,93.5,88.7,89.6,3.9,3.9,3.9,-0.4,0.5818,0.0,0.0,0.0,0.5818,0.0133,3.9,3.9,0,150.0,154.0,4.0,1.0267,1.0,1.0,1.0
MPLADS-003111,1,73.4,86.1,86.3,73.4,12.7,12.7,12.7,-16.6,0.1887,0.0,0.0,0.0,0.1887,0.0258,12.7,12.7,0,400.0,389.0,0.0,0.9725,1.0,1.0,1.0
MPLADS-003112,1,73.4,92.2,90.5,73.4,18.8,18.8,18.8,-16.6,0.4055,0.0,0.0,0.0,0.4055,0.0247,18.8,18.8,0,160.0,181.0,21.0,1.1313,1.0,1.0,1.0
MPLADS-003113,1,90.9,91.0,91.2,90.9,0.1,0.1,0.1,0.9,0.5753,0.0,0.0,0.0,0.5753,0.0461,0.1,0.1,0,160.0,158.0,0.0,0.9875,1.0,1.0,1.0
MPLADS-003114,1,90.1,87.6,82.2,90.1,2.5,-2.5,-2.5,0.1,0.5178,0.0,0.0,0.0,0.5178,0.0031,0.0,0.0,0,160.0,174.0,14.0,1.0875,1.0,1.0,1.0
MPLADS-003115,1,85.7,95.8,92.8,85.7,10.1,10.1,10.1,-4.3,0.41,0.0,0.0,0.0,0.41,0.0156,10.1,10.1,0,210.0,209.0,0.0,0.9952,1.0,1.0,1.0
MPLADS-003116,1,80.9,95.2,96.2,80.9,14.3,14.3,14.3,-9.1,0.9747,0.0,0.0,0.0,0.9747,0.0439,14.3,14.3,0,60.0,83.0,23.0,1.3833,1.0,1.0,1.0
MPLADS-003117,1,94.6,92.4,90.5,94.6,2.2,-2.2,-2.2,4.6,1.0511,0.0,0.0,0.0,1.0511,0.0168,0.0,0.0,0,60.0,90.0,30.0,1.5,1.0,1.0,1.0
MPLADS-003118,1,88.3,85.7,82.3,88.3,2.6,-2.6,-2.6,-1.7,0.2063,0.0,0.0,0.0,0.2063,-0.0017,0.0,0.0,0,400.0,428.0,28.0,1.07,1.0,1.0,1.0
MPLADS-003119,1,82.6,95.9,81.9,82.6,13.3,13.3,13.3,-7.4,1.3767,0.0,0.0,0.0,1.3767,0.0478,13.3,13.3,0,60.0,60.0,0.0,1.0,1.0,1.0,1.0
MPLADS-003120,1,94.4,145.8,97.0,94.4,51.4,51.4,51.4,4.4,0.5075,0.0,0.0,0.0,0.5075,0.0029,51.4,51.4,0,160.0,186.0,26.0,1.1625,1.0,1.0,1.0
MPLADS-003121,1,98.5,97.2,87.9,98.5,1.3,-1.3,-1.3,8.5,0.576,0.0,0.0,0.0,0.576,0.0192,0.0,0.0,0,150.0,171.0,21.0,1.14,1.0,1.0,1.0
MPLADS-003122,1,22.5,47.9,85.6,22.5,25.4,25.4,25.4,-67.5,0.225,0.0,0.0,0.0,0.225,0.0412,25.4,25.4,0,90.0,100.0,10.0,1.1111,1.0,1.0,1.0
MPLADS-003123,1,81.6,97.6,84.9,81.6,16.0,16.0,16.0,-8.4,0.5956,0.0,0.0,0.0,0.5956,0.023,16.0,16.0,0,120.0,137.0,17.0,1.1417,1.0,1.0,1.0
MPLADS-003124,1,70.1,88.2,91.1,70.1,18.1,18.1,18.1,-19.9,1.3226,0.0,0.0,0.0,1.3226,0.0174,18.1,18.1,0,60.0,53.0,0.0,0.8833,1.0,1.0,1.0
MPLADS-003125,1,75.0,97.4,88.0,75.0,22.4,22.4,22.4,-15.0,0.3304,0.0,0.0,0.0,0.3304,-0.0054,22.4,22.4,0,210.0,227.0,17.0,1.081,1.0,1.0,1.0
MPLADS-003126,1,98.0,85.9,99.0,98.0,12.1,-12.1,-12.1,8.0,0.6164,0.0,0.0,0.0,0.6164,0.0328,0.0,0.0,0,150.0,159.0,9.0,1.06,1.0,1.0,1.0
MPLADS-003127,1,63.0,96.0,82.3,63.0,33.0,33.0,33.0,-27.0,0.1313,0.0,0.0,0.0,0.1313,0.0109,33.0,33.0,4,160.0,480.0,320.0,3.0,1.0,1.0,1.0
MPLADS-003128,1,95.9,95.6,87.8,95.9,0.3,-0.3,-0.3,5.9,0.4339,0.0,0.0,0.0,0.4339,-0.0084,0.0,0.0,0,210.0,221.0,11.0,1.0524,1.0,1.0,1.0
MPLADS-003129,1,71.4,86.4,98.2,71.4,15.0,15.0,15.0,-18.6,0.3967,0.0,0.0,0.0,0.3967,0.0447,15.0,15.0,4,60.0,180.0,120.0,3.0,1.0,1.0,1.0
MPLADS-003130,1,82.3,95.4,86.1,82.3,13.1,13.1,13.1,-7.7,0.2089,0.0,0.0,0.0,0.2089,0.0318,13.1,13.1,0,400.0,394.0,0.0,0.985,1.0,1.0,1.0
MPLADS-003131,1,87.5,89.8,95.5,87.5,2.3,2.3,2.3,-2.5,0.9115,0.0,0.0,0.0,0.9115,-0.0096,2.3,2.3,0,90.0,96.0,6.0,1.0667,1.0,1.0,1.0
MPLADS-003132,1,91.9,96.8,97.1,91.9,4.9,4.9,4.9,1.9,0.8752,0.0,0.0,0.0,0.8752,0.0056,4.9,4.9,0,90.0,105.0,15.0,1.1667,1.0,1.0,1.0
MPLADS-003133,1,93.6,94.9,81.9,93.6,1.3,1.3,1.3,3.6,0.8509,0.0,0.0,0.0,0.8509,0.0489,1.3,1.3,0,120.0,110.0,0.0,0.9167,1.0,1.0,1.0
MPLADS-003134,1,78.7,89.6,94.9,78.7,10.9,10.9,10.9,-11.3,0.8554,0.0,0.0,0.0,0.8554,0.0086,10.9,10.9,0,90.0,92.0,2.0,1.0222,1.0,1.0,1.0
MPLADS-003135,1,12.2,45.7,98.5,12.2,33.5,33.5,33.5,-77.8,0.1743,0.0,0.0,0.0,0.1743,0.0447,33.5,33.5,0,60.0,70.0,10.0,1.1667,1.0,1.0,1.0
MPLADS-003136,1,94.2,156.3,81.5,94.2,62.1,62.1,62.1,4.2,0.5011,0.0,0.0,0.0,0.5011,-0.0036,62.1,62.1,0,180.0,188.0,8.0,1.0444,1.0,1.0,1.0
MPLADS-003137,1,76.3,85.2,94.9,76.3,8.9,8.9,8.9,-13.7,0.3995,0.0,0.0,0.0,0.3995,0.0139,8.9,8.9,0,160.0,191.0,31.0,1.1938,1.0,1.0,1.0
MPLADS-003138,1,77.6,92.3,80.6,77.6,14.7,14.7,14.7,-12.4,0.3785,0.0,0.0,0.0,0.3785,0.0322,14.7,14.7,0,180.0,205.0,25.0,1.1389,1.0,1.0,1.0
MPLADS-003139,1,82.7,93.1,92.4,82.7,10.4,10.4,10.4,-7.3,0.4034,0.0,0.0,0.0,0.4034,0.029,10.4,10.4,0,210.0,205.0,0.0,0.9762,1.0,1.0,1.0
MPLADS-003140,1,88.9,88.2,87.3,88.9,0.7,-0.7,-0.7,-1.1,0.2256,0.0,0.0,0.0,0.2256,0.0337,0.0,0.0,0,400.0,394.0,0.0,0.985,1.0,1.0,1.0
MPLADS-003141,1,89.7,85.7,86.7,89.7,4.0,-4.0,-4.0,-0.3,0.6229,0.0,0.0,0.0,0.6229,-0.0036,0.0,0.0,0,120.0,144.0,24.0,1.2,0.0,0.0,0.0
MPLADS-003142,1,95.0,88.4,97.2,95.0,6.6,-6.6,-6.6,5.0,0.4008,0.0,0.0,0.0,0.4008,0.0187,0.0,0.0,0,210.0,237.0,27.0,1.1286,1.0,1.0,1.0
MPLADS-003143,1,70.6,88.8,82.6,70.6,18.2,18.2,18.2,-19.4,0.5835,0.0,0.0,0.0,0.5835,0.007,18.2,18.2,0,90.0,121.0,31.0,1.3444,1.0,1.0,1.0
MPLADS-003144,1,18.4,86.4,93.0,18.4,68.0,68.0,68.0,-71.6,0.239,0.0,0.0,0.0,0.239,-0.016,68.0,68.0,0,90.0,77.0,0.0,0.8556,1.0,1.0,0.0
MPLADS-003145,1,72.5,94.1,91.9,72.5,21.6,21.6,21.6,-17.5,0.9295,0.0,0.0,0.0,0.9295,0.0435,21.6,21.6,0,60.0,78.0,18.0,1.3,1.0,1.0,1.0
MPLADS-003146,1,88.2,94.5,89.6,88.2,6.3,6.3,6.3,-1.8,0.2066,0.0,0.0,0.0,0.2066,0.0476,6.3,6.3,0,400.0,427.0,27.0,1.0675,1.0,1.0,1.0
MPLADS-003147,1,81.3,93.4,94.3,81.3,12.1,12.1,12.1,-8.7,0.3817,0.0,0.0,0.0,0.3817,0.0446,12.1,12.1,0,180.0,213.0,33.0,1.1833,1.0,1.0,1.0
MPLADS-003148,1,78.8,97.6,87.9,78.8,18.8,18.8,18.8,-11.2,0.5434,0.0,0.0,0.0,0.5434,0.0193,18.8,18.8,0,160.0,145.0,0.0,0.9062,1.0,1.0,1.0
MPLADS-003149,1,71.5,95.6,82.8,71.5,24.1,24.1,24.1,-18.5,0.5257,0.0,0.0,0.0,0.5257,0.0355,24.1,24.1,0,120.0,136.0,16.0,1.1333,1.0,1.0,1.0
MPLADS-003150,1,81.7,96.8,87.7,81.7,15.1,15.1,15.1,-8.3,0.4106,0.0,0.0,0.0,0.4106,-0.0102,15.1,15.1,0,180.0,199.0,19.0,1.1056,1.0,1.0,1.0
MPLADS-003151,1,94.1,85.9,84.4,94.1,8.2,-8.2,-8.2,4.1,0.8962,0.0,0.0,0.0,0.8962,0.0161,0.0,0.0,0,120.0,105.0,0.0,0.875,1.0,1.0,1.0
MPLADS-003152,1,83.7,96.5,91.4,83.7,12.8,12.8,12.8,-6.3,0.5655,0.0,0.0,0.0,0.5655,0.0135,12.8,12.8,0,150.0,148.0,0.0,0.9867,1.0,1.0,1.0
MPLADS-003153,1,87.9,85.9,93.0,87.9,2.0,-2.0,-2.0,-2.1,0.5708,0.0,0.0,0.0,0.5708,0.013,0.0,0.0,0,120.0,154.0,34.0,1.2833,1.0,1.0,1.0
MPLADS-003154,1,70.5,90.1,91.4,70.5,19.6,19.6,19.6,-19.5,0.3579,0.0,0.0,0.0,0.3579,0.0125,19.6,19.6,0,180.0,197.0,17.0,1.0944,1.0,1.0,1.0
MPLADS-003155,1,82.1,89.2,94.0,82.1,7.1,7.1,7.1,-7.9,0.1896,0.0,0.0,0.0,0.1896,0.0224,7.1,7.1,0,400.0,433.0,33.0,1.0825,1.0,1.0,1.0
MPLADS-003156,1,79.1,91.4,85.9,79.1,12.3,12.3,12.3,-10.9,0.4546,0.0,0.0,0.0,0.4546,-0.0089,12.3,12.3,0,150.0,174.0,24.0,1.16,1.0,1.0,1.0
MPLADS-003157,1,87.6,157.1,98.8,87.6,69.5,69.5,69.5,-2.4,0.5034,0.0,0.0,0.0,0.5034,0.0327,69.5,69.5,0,150.0,174.0,24.0,1.16,1.0,1.0,1.0
MPLADS-003158,1,90.2,87.2,80.8,90.2,3.0,-3.0,-3.0,0.2,0.5568,0.0,0.0,0.0,0.5568,0.0284,0.0,0.0,0,150.0,162.0,12.0,1.08,1.0,1.0,1.0
MPLADS-003159,1,98.0,93.0,81.7,98.0,5.0,-5.0,-5.0,8.0,0.9074,0.0,0.0,0.0,0.9074,0.0011,0.0,0.0,0,90.0,108.0,18.0,1.2,1.0,1.0,1.0
MPLADS-003160,1,78.0,87.1,93.4,78.0,9.1,9.1,9.1,-12.0,0.4727,0.0,0.0,0.0,0.4727,0.0,9.1,9.1,0,150.0,165.0,15.0,1.1,1.0,1.0,1.0
MPLADS-003161,1,79.1,90.6,94.6,79.1,11.5,11.5,11.5,-10.9,1.4648,0.0,0.0,0.0,1.4648,0.0279,11.5,11.5,0,60.0,54.0,0.0,0.9,1.0,1.0,1.0
MPLADS-003162,1,0.0,100.0,87.1,0.0,100.0,100.0,100.0,-90.0,0.0,0.0,0.0,0.0,0.0,0.0398,100.0,100.0,0,180.0,171.0,0.0,0.95,0.0,0.0,0.0
MPLADS-003163,1,86.8,95.7,99.0,86.8,8.9,8.9,8.9,-3.2,0.9333,0.0,0.0,0.0,0.9333,0.0234,8.9,8.9,0,60.0,93.0,33.0,1.55,1.0,1.0,1.0
MPLADS-003164,1,99.0,97.3,85.9,99.0,1.7,-1.7,-1.7,9.0,1.5968,0.0,0.0,0.0,1.5968,-0.0129,0.0,0.0,0,60.0,62.0,2.0,1.0333,1.0,1.0,1.0
MPLADS-003165,1,98.1,91.7,97.9,98.1,6.4,-6.4,-6.4,8.1,0.4739,0.0,0.0,0.0,0.4739,-0.0048,0.0,0.0,0,180.0,207.0,27.0,1.15,1.0,1.0,1.0
MPLADS-003166,1,79.1,89.8,96.3,79.1,10.7,10.7,10.7,-10.9,0.4015,0.0,0.0,0.0,0.4015,0.009,10.7,10.7,0,180.0,197.0,17.0,1.0944,1.0,1.0,1.0
MPLADS-003167,1,77.0,85.7,96.9,77.0,8.7,8.7,8.7,-13.0,1.375,0.0,0.0,0.0,1.375,0.0051,8.7,8.7,0,60.0,56.0,0.0,0.9333,1.0,1.0,1.0
MPLADS-003168,1,88.5,96.0,89.9,88.5,7.5,7.5,7.5,-1.5,0.3831,0.0,0.0,0.0,0.3831,0.0392,7.5,7.5,0,210.0,231.0,21.0,1.1,1.0,1.0,1.0
MPLADS-003169,1,79.6,87.8,93.9,79.6,8.2,8.2,8.2,-10.4,1.4214,0.0,0.0,0.0,1.4214,0.0164,8.2,8.2,0,60.0,56.0,0.0,0.9333,1.0,1.0,1.0
MPLADS-003170,1,88.8,85.9,99.0,88.8,2.9,-2.9,-2.9,-1.2,0.8073,0.0,0.0,0.0,0.8073,-0.0177,0.0,0.0,0,120.0,110.0,0.0,0.9167,1.0,1.0,1.0
MPLADS-003171,1,82.7,92.0,80.7,82.7,9.3,9.3,9.3,-7.3,0.5405,0.0,0.0,0.0,0.5405,0.0032,9.3,9.3,0,120.0,153.0,33.0,1.275,1.0,1.0,1.0
MPLADS-003172,1,98.6,86.0,87.6,98.6,12.6,-12.6,-12.6,8.6,0.5245,0.0,0.0,0.0,0.5245,0.0216,0.0,0.0,0,160.0,188.0,28.0,1.175,1.0,1.0,1.0
MPLADS-003173,1,72.8,97.1,98.7,72.8,24.3,24.3,24.3,-17.2,0.6618,0.0,0.0,0.0,0.6618,-0.0108,24.3,24.3,0,90.0,110.0,20.0,1.2222,1.0,1.0,1.0
MPLADS-003174,1,73.8,90.9,94.4,73.8,17.1,17.1,17.1,-16.2,0.984,0.0,0.0,0.0,0.984,0.0168,17.1,17.1,0,60.0,75.0,15.0,1.25,1.0,1.0,1.0
MPLADS-003175,1,89.2,91.2,80.7,89.2,2.0,2.0,2.0,-0.8,0.4928,0.0,0.0,0.0,0.4928,-0.0183,2.0,2.0,0,180.0,181.0,1.0,1.0056,1.0,1.0,1.0
MPLADS-003176,1,99.9,90.6,84.9,99.9,9.3,-9.3,-9.3,9.9,0.5775,0.0,0.0,0.0,0.5775,0.0426,0.0,0.0,0,160.0,173.0,13.0,1.0813,1.0,1.0,1.0
MPLADS-003177,1,75.3,88.0,99.2,75.3,12.7,12.7,12.7,-14.7,0.4564,0.0,0.0,0.0,0.4564,0.0187,12.7,12.7,0,160.0,165.0,5.0,1.0312,1.0,1.0,1.0
MPLADS-003178,1,84.9,85.7,97.3,84.9,0.8,0.8,0.8,-5.1,0.8163,0.0,0.0,0.0,0.8163,0.0248,0.8,0.8,0,90.0,104.0,14.0,1.1556,1.0,1.0,1.0
MPLADS-003179,1,77.8,92.1,87.2,77.8,14.3,14.3,14.3,-12.2,0.4744,0.0,0.0,0.0,0.4744,0.0305,14.3,14.3,0,160.0,164.0,4.0,1.025,1.0,1.0,1.0
MPLADS-003180,1,73.9,95.9,94.5,73.9,22.0,22.0,22.0,-16.1,0.459,0.0,0.0,0.0,0.459,-0.0196,22.0,22.0,0,160.0,161.0,1.0,1.0063,1.0,1.0,1.0
MPLADS-003181,1,76.5,94.7,89.4,76.5,18.2,18.2,18.2,-13.5,1.4434,0.0,0.0,0.0,1.4434,0.0171,18.2,18.2,0,60.0,53.0,0.0,0.8833,1.0,1.0,1.0
MPLADS-003182,1,91.1,89.0,90.3,91.1,2.1,-2.1,-2.1,1.1,0.6954,0.0,0.0,0.0,0.6954,0.0348,0.0,0.0,0,120.0,131.0,11.0,1.0917,1.0,1.0,1.0
MPLADS-003183,1,84.5,85.6,90.1,84.5,1.1,1.1,1.1,-5.5,0.5281,0.0,0.0,0.0,0.5281,0.0065,1.1,1.1,0,150.0,160.0,10.0,1.0667,1.0,1.0,1.0
MPLADS-003184,1,81.6,88.5,89.1,81.6,6.9,6.9,6.9,-8.4,0.4,0.0,0.0,0.0,0.4,0.0423,6.9,6.9,0,210.0,204.0,0.0,0.9714,1.0,1.0,1.0
MPLADS-003185,1,92.7,89.6,85.1,92.7,3.1,-3.1,-3.1,2.7,1.03,0.0,0.0,0.0,1.03,0.0395,0.0,0.0,0,90.0,90.0,0.0,1.0,1.0,1.0,1.0
MPLADS-003186,1,73.2,86.2,91.2,73.2,13.0,13.0,13.0,-16.8,0.1812,0.0,0.0,0.0,0.1812,0.0497,13.0,13.0,0,400.0,404.0,4.0,1.01,1.0,1.0,1.0
MPLADS-003187,1,96.6,137.3,91.5,96.6,40.7,40.7,40.7,6.6,0.7606,0.0,0.0,0.0,0.7606,0.0192,40.7,40.7,0,120.0,127.0,7.0,1.0583,1.0,1.0,1.0
MPLADS-003188,1,74.1,97.8,91.9,74.1,23.7,23.7,23.7,-15.9,0.39,0.0,0.0,0.0,0.39,-0.019,23.7,23.7,0,160.0,190.0,30.0,1.1875,1.0,1.0,1.0
MPLADS-003189,1,75.3,92.9,82.7,75.3,17.6,17.6,17.6,-14.7,0.3922,0.0,0.0,0.0,0.3922,-0.0038,17.6,17.6,0,180.0,192.0,12.0,1.0667,1.0,1.0,1.0
MPLADS-003190,1,79.0,90.0,89.6,79.0,11.0,11.0,11.0,-11.0,0.4365,0.0,0.0,0.0,0.4365,0.0418,11.0,11.0,0,160.0,181.0,21.0,1.1313,1.0,1.0,1.0
MPLADS-003191,1,92.6,86.7,80.2,92.6,5.9,-5.9,-5.9,2.6,0.2374,0.0,0.0,0.0,0.2374,0.0463,0.0,0.0,0,400.0,390.0,0.0,0.975,1.0,1.0,1.0
MPLADS-003192,1,82.4,152.5,98.1,82.4,70.1,70.1,70.1,-7.6,0.5282,0.0,0.0,0.0,0.5282,0.0339,70.1,70.1,0,160.0,156.0,0.0,0.975,1.0,1.0,1.0
MPLADS-003193,1,99.4,88.1,99.1,99.4,11.3,-11.3,-11.3,9.4,0.7363,0.0,0.0,0.0,0.7363,0.0276,0.0,0.0,0,150.0,135.0,0.0,0.9,1.0,1.0,1.0
MPLADS-003194,1,86.9,96.8,91.9,86.9,9.9,9.9,9.9,-3.1,0.7303,0.0,0.0,0.0,0.7303,0.0316,9.9,9.9,0,90.0,119.0,29.0,1.3222,1.0,1.0,1.0
MPLADS-003195,1,83.3,88.3,88.8,83.3,5.0,5.0,5.0,-6.7,0.5272,0.0,0.0,0.0,0.5272,-0.0085,5.0,5.0,0,150.0,158.0,8.0,1.0533,1.0,1.0,1.0
MPLADS-003196,1,98.3,90.0,90.8,98.3,8.3,-8.3,-8.3,8.3,0.4772,0.0,0.0,0.0,0.4772,-0.0025,0.0,0.0,0,210.0,206.0,0.0,0.981,1.0,1.0,1.0
MPLADS-003197,1,0.0,100.0,87.4,0.0,100.0,100.0,100.0,-90.0,0.0,0.0,0.0,0.0,0.0,0.0058,100.0,100.0,0,90.0,81.0,0.0,0.9,0.0,0.0,0.0
MPLADS-003198,1,98.1,87.1,81.6,98.1,11.0,-11.0,-11.0,8.1,0.853,0.0,0.0,0.0,0.853,0.0094,0.0,0.0,0,90.0,115.0,25.0,1.2778,1.0,1.0,1.0
MPLADS-003199,1,78.6,93.5,89.8,78.6,14.9,14.9,14.9,-11.4,0.5655,0.0,0.0,0.0,0.5655,0.0416,14.9,14.9,0,150.0,139.0,0.0,0.9267,1.0,1.0,1.0
MPLADS-003200,1,82.0,88.6,97.8,82.0,6.6,6.6,6.6,-8.0,0.7455,0.0,0.0,0.0,0.7455,0.0196,6.6,6.6,0,90.0,110.0,20.0,1.2222,1.0,1.0,1.0
MPLADS-003201,1,72.8,85.7,83.2,72.8,12.9,12.9,12.9,-17.2,0.3124,0.0,0.0,0.0,0.3124,0.0226,12.9,12.9,0,210.0,233.0,23.0,1.1095,0.0,0.0,0.0
MPLADS-003202,1,78.1,96.8,92.2,78.1,18.7,18.7,18.7,-11.9,0.4363,0.0,0.0,0.0,0.4363,0.0267,18.7,18.7,0,160.0,179.0,19.0,1.1187,1.0,1.0,1.0
MPLADS-003203,1,72.2,88.6,82.2,72.2,16.4,16.4,16.4,-17.8,1.4735,0.0,0.0,0.0,1.4735,0.0255,16.4,16.4,0,60.0,49.0,0.0,0.8167,1.0,1.0,1.0
MPLADS-003204,1,74.1,86.4,86.0,74.1,12.3,12.3,12.3,-15.9,0.7968,0.0,0.0,0.0,0.7968,-0.0013,12.3,12.3,0,60.0,93.0,33.0,1.55,1.0,1.0,1.0
MPLADS-003205,1,81.3,89.1,96.3,81.3,7.8,7.8,7.8,-8.7,1.0291,0.0,0.0,0.0,1.0291,0.0227,7.8,7.8,0,60.0,79.0,19.0,1.3167,1.0,1.0,1.0
MPLADS-003206,1,88.3,93.6,85.8,88.3,5.3,5.3,5.3,-1.7,0.6007,0.0,0.0,0.0,0.6007,0.0019,5.3,5.3,0,120.0,147.0,27.0,1.225,1.0,1.0,1.0
MPLADS-003207,1,74.3,86.0,88.0,74.3,11.7,11.7,11.7,-15.7,0.4825,0.0,0.0,0.0,0.4825,0.0461,11.7,11.7,0,160.0,154.0,0.0,0.9625,1.0,1.0,1.0
MPLADS-003208,1,96.8,92.7,91.5,96.8,4.1,-4.1,-4.1,6.8,1.1,0.0,0.0,0.0,1.1,0.017,0.0,0.0,0,90.0,88.0,0.0,0.9778,1.0,1.0,1.0
MPLADS-003209,1,85.5,85.8,90.9,85.5,0.3,0.3,0.3,-4.5,0.6151,0.0,0.0,0.0,0.6151,0.0449,0.3,0.3,0,150.0,139.0,0.0,0.9267,1.0,1.0,1.0
MPLADS-003210,1,87.2,89.1,89.5,87.2,1.9,1.9,1.9,-2.8,1.5298,0.0,0.0,0.0,1.5298,-0.0057,1.9,1.9,0,60.0,57.0,0.0,0.95,0.0,0.0,0.0
MPLADS-003211,1,76.6,85.0,81.1,76.6,8.4,8.4,8.4,-13.4,0.9341,0.0,0.0,0.0,0.9341,0.0042,8.4,8.4,0,60.0,82.0,22.0,1.3667,1.0,1.0,1.0
MPLADS-003212,1,98.2,94.4,98.1,98.2,3.8,-3.8,-3.8,8.2,0.5366,0.0,0.0,0.0,0.5366,0.0184,0.0,0.0,0,150.0,183.0,33.0,1.22,1.0,1.0,1.0
MPLADS-003213,1,92.9,87.7,95.2,92.9,5.2,-5.2,-5.2,2.9,0.474,0.0,0.0,0.0,0.474,0.0131,0.0,0.0,0,180.0,196.0,16.0,1.0889,1.0,1.0,1.0
MPLADS-003214,1,66.7,91.6,91.5,66.7,24.9,24.9,24.9,-23.3,0.0794,0.0,0.0,0.0,0.0794,0.0246,24.9,24.9,4,210.0,840.0,630.0,4.0,1.0,1.0,1.0
MPLADS-003215,1,82.7,92.7,85.7,82.7,10.0,10.0,10.0,-7.3,0.4177,0.0,0.0,0.0,0.4177,0.0173,10.0,10.0,0,210.0,198.0,0.0,0.9429,1.0,1.0,1.0
MPLADS-003216,1,99.5,93.8,83.4,99.5,5.7,-5.7,-5.7,9.5,0.2439,0.0,0.0,0.0,0.2439,-0.0082,0.0,0.0,0,400.0,408.0,8.0,1.02,1.0,1.0,1.0
MPLADS-003217,1,76.6,90.2,90.9,76.6,13.6,13.6,13.6,-13.4,0.5803,0.0,0.0,0.0,0.5803,0.0276,13.6,13.6,0,120.0,132.0,12.0,1.1,1.0,1.0,1.0
MPLADS-003218,1,80.5,90.6,98.4,80.5,10.1,10.1,10.1,-9.5,1.4907,0.0,0.0,0.0,1.4907,0.0166,10.1,10.1,0,60.0,54.0,0.0,0.9,1.0,1.0,1.0
MPLADS-003219,1,79.1,86.9,81.4,79.1,7.8,7.8,7.8,-10.9,0.3679,0.0,0.0,0.0,0.3679,0.0423,7.8,7.8,0,210.0,215.0,5.0,1.0238,1.0,1.0,1.0
MPLADS-003220,1,89.6,93.4,90.2,89.6,3.8,3.8,3.8,-0.4,0.5365,0.0,0.0,0.0,0.5365,0.0441,3.8,3.8,0,180.0,167.0,0.0,0.9278,1.0,1.0,1.0
MPLADS-003221,1,80.5,90.7,97.3,80.5,10.2,10.2,10.2,-9.5,0.4045,0.0,0.0,0.0,0.4045,-0.0194,10.2,10.2,0,180.0,199.0,19.0,1.1056,1.0,1.0,1.0
MPLADS-003222,1,79.9,96.5,93.5,79.9,16.6,16.6,16.6,-10.1,0.4872,0.0,0.0,0.0,0.4872,0.0176,16.6,16.6,0,150.0,164.0,14.0,1.0933,1.0,1.0,1.0
MPLADS-003223,1,84.3,93.8,85.6,84.3,9.5,9.5,9.5,-5.7,1.5327,0.0,0.0,0.0,1.5327,0.045,9.5,9.5,0,60.0,55.0,0.0,0.9167,1.0,1.0,1.0
MPLADS-003224,1,72.7,87.2,85.0,72.7,14.5,14.5,14.5,-17.3,0.3564,0.0,0.0,0.0,0.3564,-0.0188,14.5,14.5,0,210.0,204.0,0.0,0.9714,1.0,1.0,1.0
MPLADS-003225,1,79.0,91.5,82.7,79.0,12.5,12.5,12.5,-11.0,0.5338,0.0,0.0,0.0,0.5338,-0.0142,12.5,12.5,0,160.0,148.0,0.0,0.925,1.0,1.0,1.0
MPLADS-003226,1,85.3,86.0,91.7,85.3,0.7,0.7,0.7,-4.7,1.1224,0.0,0.0,0.0,1.1224,0.0025,0.7,0.7,0,60.0,76.0,16.0,1.2667,1.0,1.0,1.0
MPLADS-003227,1,85.3,91.8,81.5,85.3,6.5,6.5,6.5,-4.7,0.1984,0.0,0.0,0.0,0.1984,0.0278,6.5,6.5,0,400.0,430.0,30.0,1.075,1.0,1.0,1.0
MPLADS-003228,1,72.7,89.4,88.9,72.7,16.7,16.7,16.7,-17.3,0.3635,0.0,0.0,0.0,0.3635,0.0465,16.7,16.7,0,210.0,200.0,0.0,0.9524,1.0,1.0,1.0
MPLADS-003229,1,78.7,93.2,95.8,78.7,14.5,14.5,14.5,-11.3,0.4142,0.0,0.0,0.0,0.4142,0.0327,14.5,14.5,0,160.0,190.0,30.0,1.1875,1.0,1.0,1.0
MPLADS-003230,1,71.0,96.7,80.7,71.0,25.7,25.7,25.7,-19.0,0.1844,0.0,0.0,0.0,0.1844,0.0034,25.7,25.7,0,400.0,385.0,0.0,0.9625,1.0,1.0,1.0
MPLADS-003231,1,89.0,130.3,92.7,89.0,41.3,41.3,41.3,-1.0,0.2114,0.0,0.0,0.0,0.2114,0.0415,41.3,41.3,0,400.0,421.0,21.0,1.0525,1.0,1.0,1.0
MPLADS-003232,1,75.3,89.7,92.5,75.3,14.4,14.4,14.4,-14.7,0.4954,0.0,0.0,0.0,0.4954,0.0499,14.4,14.4,0,150.0,152.0,2.0,1.0133,1.0,1.0,1.0
MPLADS-003233,1,86.6,87.5,85.4,86.6,0.9,0.9,0.9,-3.4,0.2226,0.0,0.0,0.0,0.2226,0.0235,0.9,0.9,0,400.0,389.0,0.0,0.9725,1.0,1.0,1.0
MPLADS-003234,1,95.4,85.2,85.1,95.4,10.2,-10.2,-10.2,5.4,0.6625,0.0,0.0,0.0,0.6625,0.0418,0.0,0.0,0,120.0,144.0,24.0,1.2,1.0,1.0,1.0
MPLADS-003235,1,76.4,89.7,94.6,76.4,13.3,13.3,13.3,-13.6,0.3251,0.0,0.0,0.0,0.3251,0.0007,13.3,13.3,0,210.0,235.0,25.0,1.119,1.0,1.0,1.0
MPLADS-003236,1,72.9,85.7,80.1,72.9,12.8,12.8,12.8,-17.1,0.1827,0.0,0.0,0.0,0.1827,0.0169,12.8,12.8,0,400.0,399.0,0.0,0.9975,1.0,1.0,1.0
MPLADS-003237,1,89.0,96.7,92.1,89.0,7.7,7.7,7.7,-1.0,1.141,0.0,0.0,0.0,1.141,-0.0062,7.7,7.7,0,90.0,78.0,0.0,0.8667,1.0,1.0,1.0
MPLADS-003238,1,77.4,94.5,97.8,77.4,17.1,17.1,17.1,-12.6,0.195,0.0,0.0,0.0,0.195,0.0103,17.1,17.1,0,400.0,397.0,0.0,0.9925,1.0,1.0,1.0
MPLADS-003239,1,76.7,88.9,96.7,76.7,12.2,12.2,12.2,-13.3,0.8337,0.0,0.0,0.0,0.8337,-0.0173,12.2,12.2,0,60.0,92.0,32.0,1.5333,1.0,1.0,1.0
MPLADS-003240,1,88.1,87.4,82.9,88.1,0.7,-0.7,-0.7,-1.9,0.5438,0.0,0.0,0.0,0.5438,0.0252,0.0,0.0,0,160.0,162.0,2.0,1.0125,1.0,1.0,1.0
MPLADS-003241,1,86.4,92.6,93.5,86.4,6.2,6.2,6.2,-3.6,0.4773,0.0,0.0,0.0,0.4773,0.0362,6.2,6.2,0,160.0,181.0,21.0,1.1313,1.0,1.0,1.0
MPLADS-003242,1,96.7,132.4,80.3,96.7,35.7,35.7,35.7,6.7,0.948,0.0,0.0,0.0,0.948,0.0322,35.7,35.7,0,90.0,102.0,12.0,1.1333,1.0,1.0,1.0
MPLADS-003243,1,92.0,92.3,99.6,92.0,0.3,0.3,0.3,2.0,0.5349,0.0,0.0,0.0,0.5349,-0.0046,0.3,0.3,0,160.0,172.0,12.0,1.075,1.0,1.0,1.0
MPLADS-003244,1,95.9,94.8,89.6,95.9,1.1,-1.1,-1.1,5.9,0.4748,0.0,0.0,0.0,0.4748,0.0116,0.0,0.0,0,210.0,202.0,0.0,0.9619,1.0,1.0,1.0
MPLADS-003245,1,70.5,89.0,84.0,70.5,18.5,18.5,18.5,-19.5,1.1949,0.0,0.0,0.0,1.1949,0.0055,18.5,18.5,0,60.0,59.0,0.0,0.9833,1.0,1.0,1.0
MPLADS-003246,1,95.3,97.5,90.5,95.3,2.2,2.2,2.2,5.3,1.1212,0.0,0.0,0.0,1.1212,-0.0003,2.2,2.2,0,60.0,85.0,25.0,1.4167,1.0,1.0,1.0
MPLADS-003247,1,88.9,96.4,97.4,88.9,7.5,7.5,7.5,-1.1,0.463,0.0,0.0,0.0,0.463,0.0447,7.5,7.5,0,180.0,192.0,12.0,1.0667,1.0,1.0,1.0
MPLADS-003248,1,87.1,92.6,93.7,87.1,5.5,5.5,5.5,-2.9,0.8065,0.0,0.0,0.0,0.8065,-0.0182,5.5,5.5,0,90.0,108.0,18.0,1.2,1.0,1.0,1.0
MPLADS-003249,1,76.0,94.8,96.9,76.0,18.8,18.8,18.8,-14.0,1.6889,0.0,0.0,0.0,1.6889,-0.009,18.8,18.8,0,60.0,45.0,0.0,0.75,1.0,1.0,1.0
MPLADS-003250,1,74.8,94.6,84.9,74.8,19.8,19.8,19.8,-15.2,0.8698,0.0,0.0,0.0,0.8698,0.0356,19.8,19.8,0,60.0,86.0,26.0,1.4333,0.0,0.0,0.0
MPLADS-003251,1,100.0,87.7,87.2,100.0,12.3,-12.3,-12.3,10.0,0.7407,0.0,0.0,0.0,0.7407,-0.0091,0.0,0.0,0,150.0,135.0,0.0,0.9,1.0,1.0,1.0
MPLADS-003252,1,87.5,97.3,92.4,87.5,9.8,9.8,9.8,-2.5,0.2198,0.0,0.0,0.0,0.2198,-0.0068,9.8,9.8,0,400.0,398.0,0.0,0.995,1.0,1.0,1.0
MPLADS-003253,1,82.4,97.2,92.1,82.4,14.8,14.8,14.8,-7.6,0.7043,0.0,0.0,0.0,0.7043,0.0419,14.8,14.8,0,120.0,117.0,0.0,0.975,1.0,1.0,1.0
MPLADS-003254,1,96.1,87.8,89.0,96.1,8.3,-8.3,-8.3,6.1,0.4979,0.0,0.0,0.0,0.4979,0.0299,0.0,0.0,0,160.0,193.0,33.0,1.2063,1.0,1.0,1.0
MPLADS-003255,1,80.0,85.5,84.6,80.0,5.5,5.5,5.5,-10.0,0.5298,0.0,0.0,0.0,0.5298,0.0179,5.5,5.5,0,160.0,151.0,0.0,0.9437,1.0,1.0,1.0
MPLADS-003256,1,94.9,86.6,85.9,94.9,8.3,-8.3,-8.3,4.9,0.513,0.0,0.0,0.0,0.513,-0.0103,0.0,0.0,0,180.0,185.0,5.0,1.0278,0.0,0.0,0.0
MPLADS-003257,1,87.8,88.0,99.1,87.8,0.2,0.2,0.2,-2.2,0.3768,0.0,0.0,0.0,0.3768,-0.008,0.2,0.2,0,210.0,233.0,23.0,1.1095,1.0,1.0,1.0
MPLADS-003258,1,76.3,89.7,86.5,76.3,13.4,13.4,13.4,-13.7,0.3995,0.0,0.0,0.0,0.3995,-0.0112,13.4,13.4,0,180.0,191.0,11.0,1.0611,1.0,1.0,1.0
MPLADS-003259,1,78.2,91.8,85.3,78.2,13.6,13.6,13.6,-11.8,0.5013,0.0,0.0,0.0,0.5013,0.0083,13.6,13.6,0,150.0,156.0,6.0,1.04,1.0,1.0,1.0
MPLADS-003260,1,18.7,96.5,83.3,18.7,77.8,77.8,77.8,-71.3,0.1255,0.0,0.0,0.0,0.1255,0.0491,77.8,77.8,0,120.0,149.0,29.0,1.2417,1.0,1.0,0.0
MPLADS-003261,1,93.3,151.4,85.7,93.3,58.1,58.1,58.1,3.3,1.4354,0.0,0.0,0.0,1.4354,0.0169,58.1,58.1,0,60.0,65.0,5.0,1.0833,1.0,1.0,1.0
MPLADS-003262,1,75.6,94.2,90.3,75.6,18.6,18.6,18.6,-14.4,1.68,0.0,0.0,0.0,1.68,-0.0,18.6,18.6,0,60.0,45.0,0.0,0.75,1.0,1.0,1.0
MPLADS-003263,1,90.2,95.0,89.6,90.2,4.8,4.8,4.8,0.2,0.6681,0.0,0.0,0.0,0.6681,0.0357,4.8,4.8,0,120.0,135.0,15.0,1.125,1.0,1.0,1.0
MPLADS-003264,1,99.4,86.0,92.1,99.4,13.4,-13.4,-13.4,9.4,0.2355,0.0,0.0,0.0,0.2355,-0.003,0.0,0.0,0,400.0,422.0,22.0,1.055,1.0,1.0,1.0
MPLADS-003265,1,70.3,96.4,84.4,70.3,26.1,26.1,26.1,-19.7,0.3949,0.0,0.0,0.0,0.3949,0.0092,26.1,26.1,0,160.0,178.0,18.0,1.1125,1.0,1.0,1.0
MPLADS-003266,1,96.7,85.9,82.7,96.7,10.8,-10.8,-10.8,6.7,0.5402,0.0,0.0,0.0,0.5402,0.0052,0.0,0.0,0,160.0,179.0,19.0,1.1187,1.0,1.0,1.0
MPLADS-003267,1,86.1,96.9,95.2,86.1,10.8,10.8,10.8,-3.9,0.4415,0.0,0.0,0.0,0.4415,0.0339,10.8,10.8,0,180.0,195.0,15.0,1.0833,1.0,1.0,1.0
MPLADS-003268,1,23.2,96.1,93.3,23.2,72.9,72.9,72.9,-66.8,0.1744,0.0,0.0,0.0,0.1744,0.0336,72.9,72.9,0,120.0,133.0,13.0,1.1083,1.0,1.0,0.0
MPLADS-003269,1,100.0,90.3,86.7,100.0,9.7,-9.7,-9.7,10.0,0.4167,0.0,0.0,0.0,0.4167,0.0388,0.0,0.0,0,210.0,240.0,30.0,1.1429,1.0,1.0,1.0
MPLADS-003270,1,73.5,87.3,82.7,73.5,13.8,13.8,13.8,-16.5,0.5288,0.0,0.0,0.0,0.5288,-0.019,13.8,13.8,0,120.0,139.0,19.0,1.1583,1.0,1.0,1.0
MPLADS-003271,1,75.9,85.1,87.2,75.9,9.2,9.2,9.2,-14.1,0.3482,0.0,0.0,0.0,0.3482,-0.0084,9.2,9.2,0,210.0,218.0,8.0,1.0381,1.0,1.0,1.0
MPLADS-003272,1,95.9,92.1,90.9,95.9,3.8,-3.8,-3.8,5.9,0.524,0.0,0.0,0.0,0.524,0.0288,0.0,0.0,0,160.0,183.0,23.0,1.1438,1.0,1.0,1.0
MPLADS-003273,1,95.9,97.1,93.2,95.9,1.2,1.2,1.2,5.9,0.2428,0.0,0.0,0.0,0.2428,0.0242,1.2,1.2,0,400.0,395.0,0.0,0.9875,1.0,1.0,1.0
MPLADS-003274,1,98.9,93.5,93.1,98.9,5.4,-5.4,-5.4,8.9,0.5994,0.0,0.0,0.0,0.5994,0.0142,0.0,0.0,0,180.0,165.0,0.0,0.9167,1.0,1.0,1.0
MPLADS-003275,1,31.3,94.9,98.6,31.3,63.6,63.6,63.6,-58.7,0.1505,0.0,0.0,0.0,0.1505,0.0397,63.6,63.6,0,210.0,208.0,0.0,0.9905,1.0,1.0,0.0
MPLADS-003276,1,81.7,85.3,91.4,81.7,3.6,3.6,3.6,-8.3,0.2017,0.0,0.0,0.0,0.2017,0.0021,3.6,3.6,0,400.0,405.0,5.0,1.0125,1.0,1.0,1.0
MPLADS-003277,1,82.4,136.6,95.0,82.4,54.2,54.2,54.2,-7.6,0.8323,0.0,0.0,0.0,0.8323,0.0161,54.2,54.2,0,90.0,99.0,9.0,1.1,1.0,1.0,1.0
MPLADS-003278,1,95.3,87.9,89.3,95.3,7.4,-7.4,-7.4,5.3,1.1482,0.0,0.0,0.0,1.1482,0.0257,0.0,0.0,0,90.0,83.0,0.0,0.9222,1.0,1.0,1.0
MPLADS-003279,1,0.0,100.0,97.5,0.0,100.0,100.0,100.0,-90.0,0.0,0.0,0.0,0.0,0.0,0.0413,100.0,100.0,0,120.0,120.0,0.0,1.0,0.0,0.0,0.0
MPLADS-003280,1,90.8,85.2,93.2,90.8,5.6,-5.6,-5.6,0.8,0.2177,0.0,0.0,0.0,0.2177,0.043,0.0,0.0,0,400.0,417.0,17.0,1.0425,1.0,1.0,1.0
MPLADS-003281,1,97.3,91.6,82.9,97.3,5.7,-5.7,-5.7,7.3,1.0692,0.0,0.0,0.0,1.0692,0.0218,0.0,0.0,0,90.0,91.0,1.0,1.0111,1.0,1.0,1.0
MPLADS-003282,1,98.4,93.5,84.9,98.4,4.9,-4.9,-4.9,8.4,0.6649,0.0,0.0,0.0,0.6649,-0.0079,0.0,0.0,0,150.0,148.0,0.0,0.9867,1.0,1.0,1.0
MPLADS-003283,1,73.7,93.4,98.3,73.7,19.7,19.7,19.7,-16.3,0.3962,0.0,0.0,0.0,0.3962,-0.008,19.7,19.7,0,160.0,186.0,26.0,1.1625,1.0,1.0,1.0
MPLADS-003284,1,11.6,62.0,99.3,11.6,50.4,50.4,50.4,-78.4,0.0525,0.0,0.0,0.0,0.0525,0.0016,50.4,50.4,0,210.0,221.0,11.0,1.0524,1.0,1.0,1.0
MPLADS-003285,1,91.4,97.2,91.6,91.4,5.8,5.8,5.8,1.4,0.5164,0.0,0.0,0.0,0.5164,-0.0048,5.8,5.8,0,150.0,177.0,27.0,1.18,1.0,1.0,1.0
MPLADS-003286,1,96.1,85.3,86.0,96.1,10.8,-10.8,-10.8,6.1,0.2338,0.0,0.0,0.0,0.2338,0.0027,0.0,0.0,0,400.0,411.0,11.0,1.0275,1.0,1.0,1.0
MPLADS-003287,1,85.6,94.9,88.5,85.6,9.3,9.3,9.3,-4.4,0.9618,0.0,0.0,0.0,0.9618,0.0017,9.3,9.3,0,90.0,89.0,0.0,0.9889,1.0,1.0,1.0
MPLADS-003288,1,30.9,89.3,98.5,30.9,58.4,58.4,58.4,-59.1,0.1398,0.0,0.0,0.0,0.1398,0.0118,58.4,58.4,0,210.0,221.0,11.0,1.0524,1.0,1.0,0.0
MPLADS-003289,1,82.2,96.3,95.1,82.2,14.1,14.1,14.1,-7.8,0.204,0.0,0.0,0.0,0.204,0.0187,14.1,14.1,0,400.0,403.0,3.0,1.0075,1.0,1.0,1.0
MPLADS-003290,1,82.1,96.1,92.6,82.1,14.0,14.0,14.0,-7.9,0.3836,0.0,0.0,0.0,0.3836,0.014,14.0,14.0,0,210.0,214.0,4.0,1.019,1.0,1.0,1.0
MPLADS-003291,1,79.9,93.3,86.6,79.9,13.4,13.4,13.4,-10.1,0.9291,0.0,0.0,0.0,0.9291,0.0491,13.4,13.4,0,60.0,86.0,26.0,1.4333,1.0,1.0,1.0
MPLADS-003292,1,77.8,88.3,96.2,77.8,10.5,10.5,10.5,-12.2,0.5187,0.0,0.0,0.0,0.5187,0.0447,10.5,10.5,0,120.0,150.0,30.0,1.25,1.0,1.0,1.0
MPLADS-003293,1,86.8,158.2,88.8,86.8,71.4,71.4,71.4,-3.2,1.0585,0.0,0.0,0.0,1.0585,-0.0107,71.4,71.4,0,60.0,82.0,22.0,1.3667,1.0,1.0,1.0
MPLADS-003294,1,75.3,94.7,89.6,75.3,19.4,19.4,19.4,-14.7,0.4378,0.0,0.0,0.0,0.4378,0.0169,19.4,19.4,0,160.0,172.0,12.0,1.075,1.0,1.0,1.0
MPLADS-003295,1,89.8,86.1,80.1,89.8,3.7,-3.7,-3.7,-0.2,0.6855,0.0,0.0,0.0,0.6855,-0.0171,0.0,0.0,0,120.0,131.0,11.0,1.0917,1.0,1.0,1.0
MPLADS-003296,1,75.6,86.3,92.9,75.6,10.7,10.7,10.7,-14.4,0.869,0.0,0.0,0.0,0.869,0.0178,10.7,10.7,0,90.0,87.0,0.0,0.9667,1.0,1.0,1.0
MPLADS-003297,1,79.2,93.7,99.9,79.2,14.5,14.5,14.5,-10.8,0.2052,0.0,0.0,0.0,0.2052,0.0345,14.5,14.5,0,400.0,386.0,0.0,0.965,1.0,1.0,1.0
MPLADS-003298,1,72.9,87.9,95.5,72.9,15.0,15.0,15.0,-17.1,1.0414,0.0,0.0,0.0,1.0414,0.0472,15.0,15.0,0,60.0,70.0,10.0,1.1667,1.0,1.0,1.0
MPLADS-003299,1,83.1,141.6,98.8,83.1,58.5,58.5,58.5,-6.9,0.5467,0.0,0.0,0.0,0.5467,0.021,58.5,58.5,0,120.0,152.0,32.0,1.2667,1.0,1.0,1.0
MPLADS-003300,1,91.2,86.3,87.4,91.2,4.9,-4.9,-4.9,1.2,0.4242,0.0,0.0,0.0,0.4242,0.0237,0.0,0.0,0,210.0,215.0,5.0,1.0238,1.0,1.0,1.0
MPLADS-003301,1,91.7,93.0,83.4,91.7,1.3,1.3,1.3,1.7,0.5123,0.0,0.0,0.0,0.5123,0.029,1.3,1.3,0,150.0,179.0,29.0,1.1933,1.0,1.0,1.0
MPLADS-003302,1,95.5,95.0,82.7,95.5,0.5,-0.5,-0.5,5.5,0.5489,0.0,0.0,0.0,0.5489,0.0238,0.0,0.0,0,160.0,174.0,14.0,1.0875,1.0,1.0,1.0
MPLADS-003303,1,74.7,92.3,90.0,74.7,17.6,17.6,17.6,-15.3,0.1721,0.0,0.0,0.0,0.1721,-0.0077,17.6,17.6,0,400.0,434.0,34.0,1.085,1.0,1.0,1.0
MPLADS-003304,1,95.7,89.6,87.5,95.7,6.1,-6.1,-6.1,5.7,0.3987,0.0,0.0,0.0,0.3987,0.0287,0.0,0.0,0,210.0,240.0,30.0,1.1429,1.0,1.0,1.0
MPLADS-003305,1,51.9,97.9,87.3,51.9,46.0,46.0,46.0,-38.1,0.0432,0.0,0.0,0.0,0.0432,0.0344,46.0,46.0,4,400.0,1200.0,800.0,3.0,1.0,1.0,1.0
MPLADS-003306,1,73.6,94.4,98.1,73.6,20.8,20.8,20.8,-16.4,0.3755,0.0,0.0,0.0,0.3755,0.0483,20.8,20.8,0,180.0,196.0,16.0,1.0889,1.0,1.0,1.0
MPLADS-003307,1,88.7,87.0,95.4,88.7,1.7,-1.7,-1.7,-1.3,1.0687,0.0,0.0,0.0,1.0687,0.0191,0.0,0.0,0,90.0,83.0,0.0,0.9222,1.0,1.0,1.0
MPLADS-003308,1,69.7,86.7,87.8,69.7,17.0,17.0,17.0,-20.3,0.0581,0.0,0.0,0.0,0.0581,-0.0048,17.0,17.0,2,400.0,1200.0,800.0,3.0,1.0,1.0,1.0
MPLADS-003309,1,95.6,94.3,91.0,95.6,1.3,-1.3,-1.3,5.6,0.2326,0.0,0.0,0.0,0.2326,0.0402,0.0,0.0,0,400.0,411.0,11.0,1.0275,1.0,1.0,1.0
MPLADS-003310,1,0.0,100.0,91.0,0.0,100.0,100.0,100.0,-90.0,0.0,0.0,0.0,0.0,0.0,0.0385,100.0,100.0,0,180.0,182.0,2.0,1.0111,0.0,0.0,0.0
MPLADS-003311,1,97.7,89.2,96.6,97.7,8.5,-8.5,-8.5,7.7,0.491,0.0,0.0,0.0,0.491,0.0286,0.0,0.0,0,180.0,199.0,19.0,1.1056,1.0,1.0,1.0
MPLADS-003312,1,41.4,88.7,81.6,41.4,47.3,47.3,47.3,-48.6,0.0259,0.0,0.0,0.0,0.0259,0.006,47.3,47.3,3,400.0,1600.0,1200.0,4.0,1.0,1.0,1.0
MPLADS-003313,1,94.6,87.6,92.7,94.6,7.0,-7.0,-7.0,4.6,0.8017,0.0,0.0,0.0,0.8017,0.0147,0.0,0.0,0,120.0,118.0,0.0,0.9833,1.0,1.0,1.0
MPLADS-003314,1,76.2,86.5,90.0,76.2,10.3,10.3,10.3,-13.8,0.3663,0.0,0.0,0.0,0.3663,-0.0083,10.3,10.3,0,180.0,208.0,28.0,1.1556,1.0,1.0,1.0
MPLADS-003315,1,30.4,89.6,92.5,30.4,59.2,59.2,59.2,-59.6,0.4606,0.0,0.0,0.0,0.4606,0.0448,59.2,59.2,0,60.0,66.0,6.0,1.1,1.0,1.0,0.0
MPLADS-003316,1,86.5,147.0,88.1,86.5,60.5,60.5,60.5,-3.5,0.4832,0.0,0.0,0.0,0.4832,0.0027,60.5,60.5,0,160.0,179.0,19.0,1.1187,1.0,1.0,1.0
MPLADS-003317,1,18.6,88.4,80.5,18.6,69.8,69.8,69.8,-71.4,0.112,0.0,0.0,0.0,0.112,0.0055,69.8,69.8,0,180.0,166.0,0.0,0.9222,1.0,1.0,0.0
MPLADS-003318,1,95.0,89.0,80.1,95.0,6.0,-6.0,-6.0,5.0,0.2346,0.0,0.0,0.0,0.2346,0.0128,0.0,0.0,0,400.0,405.0,5.0,1.0125,1.0,1.0,1.0
MPLADS-003319,1,94.0,86.3,90.7,94.0,7.7,-7.7,-7.7,4.0,0.5875,0.0,0.0,0.0,0.5875,0.0054,0.0,0.0,0,150.0,160.0,10.0,1.0667,1.0,1.0,1.0
MPLADS-003320,1,93.8,94.8,91.8,93.8,1.0,1.0,1.0,3.8,0.4667,0.0,0.0,0.0,0.4667,0.0031,1.0,1.0,0,210.0,201.0,0.0,0.9571,1.0,1.0,1.0
MPLADS-003321,1,90.4,93.2,86.8,90.4,2.8,2.8,2.8,0.4,0.4566,0.0,0.0,0.0,0.4566,0.0138,2.8,2.8,0,210.0,198.0,0.0,0.9429,1.0,1.0,1.0
MPLADS-003322,1,80.7,91.2,89.0,80.7,10.5,10.5,10.5,-9.3,0.5416,0.0,0.0,0.0,0.5416,0.0475,10.5,10.5,0,160.0,149.0,0.0,0.9313,1.0,1.0,1.0
MPLADS-003323,1,71.3,91.7,89.8,71.3,20.4,20.4,20.4,-18.7,0.1791,0.0,0.0,0.0,0.1791,0.0062,20.4,20.4,0,400.0,398.0,0.0,0.995,1.0,1.0,1.0
MPLADS-003324,1,93.8,97.2,94.5,93.8,3.4,3.4,3.4,3.8,0.6425,0.0,0.0,0.0,0.6425,0.0135,3.4,3.4,0,120.0,146.0,26.0,1.2167,1.0,1.0,1.0
MPLADS-003325,1,97.4,88.9,95.8,97.4,8.5,-8.5,-8.5,7.4,0.6244,0.0,0.0,0.0,0.6244,0.007,0.0,0.0,0,150.0,156.0,6.0,1.04,1.0,1.0,1.0
MPLADS-003326,1,84.6,130.4,87.2,84.6,45.8,45.8,45.8,-5.4,0.4862,0.0,0.0,0.0,0.4862,0.0456,45.8,45.8,0,160.0,174.0,14.0,1.0875,1.0,1.0,1.0
MPLADS-003327,1,91.8,89.5,95.7,91.8,2.3,-2.3,-2.3,1.8,0.2284,0.0,0.0,0.0,0.2284,0.0268,0.0,0.0,0,400.0,402.0,2.0,1.005,0.0,0.0,0.0
MPLADS-003328,1,78.2,95.6,95.5,78.2,17.4,17.4,17.4,-11.8,0.346,0.0,0.0,0.0,0.346,-0.0155,17.4,17.4,0,210.0,226.0,16.0,1.0762,1.0,1.0,1.0
MPLADS-003329,1,16.4,86.0,94.8,16.4,69.6,69.6,69.6,-73.6,0.1802,0.0,0.0,0.0,0.1802,-0.0179,69.6,69.6,0,90.0,91.0,1.0,1.0111,1.0,1.0,0.0
MPLADS-003330,1,33.2,90.6,96.4,33.2,57.4,57.4,57.4,-56.8,0.6148,0.0,0.0,0.0,0.6148,0.0273,57.4,57.4,0,60.0,54.0,0.0,0.9,1.0,1.0,0.0
MPLADS-003331,1,96.8,89.2,98.3,96.8,7.6,-7.6,-7.6,6.8,1.0409,0.0,0.0,0.0,1.0409,-0.0196,0.0,0.0,0,60.0,93.0,33.0,1.55,1.0,1.0,1.0
MPLADS-003332,1,97.3,95.5,85.6,97.3,1.8,-1.8,-1.8,7.3,0.4865,0.0,0.0,0.0,0.4865,0.0326,0.0,0.0,0,210.0,200.0,0.0,0.9524,1.0,1.0,1.0
MPLADS-003333,1,74.6,96.0,82.2,74.6,21.4,21.4,21.4,-15.4,0.3502,0.0,0.0,0.0,0.3502,0.0199,21.4,21.4,0,180.0,213.0,33.0,1.1833,1.0,1.0,1.0
MPLADS-003334,1,100.0,97.4,88.9,100.0,2.6,-2.6,-2.6,10.0,0.4608,0.0,0.0,0.0,0.4608,0.0308,0.0,0.0,0,210.0,217.0,7.0,1.0333,1.0,1.0,1.0
MPLADS-003335,1,83.1,91.3,92.5,83.1,8.2,8.2,8.2,-6.9,0.4917,0.0,0.0,0.0,0.4917,0.0109,8.2,8.2,0,180.0,169.0,0.0,0.9389,1.0,1.0,1.0
MPLADS-003336,1,89.3,87.7,80.0,89.3,1.6,-1.6,-1.6,-0.7,0.5993,0.0,0.0,0.0,0.5993,0.0313,0.0,0.0,0,120.0,149.0,29.0,1.2417,1.0,1.0,1.0
MPLADS-003337,1,91.4,97.8,91.6,91.4,6.4,6.4,6.4,1.4,0.4811,0.0,0.0,0.0,0.4811,0.0475,6.4,6.4,0,160.0,190.0,30.0,1.1875,1.0,1.0,1.0
MPLADS-003338,1,76.9,85.2,92.6,76.9,8.3,8.3,8.3,-13.1,0.5454,0.0,0.0,0.0,0.5454,0.0381,8.3,8.3,0,120.0,141.0,21.0,1.175,1.0,1.0,1.0
MPLADS-003339,1,99.1,86.9,98.7,99.1,12.2,-12.2,-12.2,9.1,0.2321,0.0,0.0,0.0,0.2321,0.0426,0.0,0.0,0,400.0,427.0,27.0,1.0675,1.0,1.0,1.0
MPLADS-003340,1,93.1,89.7,83.4,93.1,3.4,-3.4,-3.4,3.1,0.3996,0.0,0.0,0.0,0.3996,0.0264,0.0,0.0,0,210.0,233.0,23.0,1.1095,1.0,1.0,1.0
MPLADS-003341,1,85.4,141.7,92.2,85.4,56.3,56.3,56.3,-4.6,0.6672,0.0,0.0,0.0,0.6672,-0.0075,56.3,56.3,0,120.0,128.0,8.0,1.0667,1.0,1.0,1.0
MPLADS-003342,1,98.0,97.0,99.0,98.0,1.0,-1.0,-1.0,8.0,0.2438,0.0,0.0,0.0,0.2438,0.0243,0.0,0.0,0,400.0,402.0,2.0,1.005,1.0,1.0,1.0
MPLADS-003343,1,74.7,90.4,96.1,74.7,15.7,15.7,15.7,-15.3,0.5152,0.0,0.0,0.0,0.5152,0.037,15.7,15.7,0,120.0,145.0,25.0,1.2083,1.0,1.0,1.0
MPLADS-003344,1,73.3,90.2,84.8,73.3,16.9,16.9,16.9,-16.7,0.9278,0.0,0.0,0.0,0.9278,0.0173,16.9,16.9,0,60.0,79.0,19.0,1.3167,1.0,1.0,1.0
MPLADS-003345,1,80.4,149.1,87.8,80.4,68.7,68.7,68.7,-9.6,0.6281,0.0,0.0,0.0,0.6281,0.0229,68.7,68.7,0,120.0,128.0,8.0,1.0667,1.0,1.0,1.0
MPLADS-003346,1,92.7,86.4,92.5,92.7,6.3,-6.3,-6.3,2.7,1.1305,0.0,0.0,0.0,1.1305,-0.0053,0.0,0.0,0,60.0,82.0,22.0,1.3667,1.0,1.0,1.0
MPLADS-003347,1,20.4,87.1,93.6,20.4,66.7,66.7,66.7,-69.6,0.1447,0.0,0.0,0.0,0.1447,0.0469,66.7,66.7,0,150.0,141.0,0.0,0.94,1.0,1.0,0.0
MPLADS-003348,1,28.3,94.8,88.9,28.3,66.5,66.5,66.5,-61.7,0.318,0.0,0.0,0.0,0.318,0.0385,66.5,66.5,0,60.0,89.0,29.0,1.4833,1.0,1.0,0.0
MPLADS-003349,1,92.4,92.4,88.9,92.4,0.0,0.0,0.0,2.4,0.4968,0.0,0.0,0.0,0.4968,0.0448,0.0,0.0,0,180.0,186.0,6.0,1.0333,1.0,1.0,1.0
MPLADS-003350,1,88.4,95.1,86.7,88.4,6.7,6.7,6.7,-1.6,0.5595,0.0,0.0,0.0,0.5595,0.043,6.7,6.7,0,150.0,158.0,8.0,1.0533,1.0,1.0,1.0
MPLADS-003351,1,41.7,86.4,90.2,41.7,44.7,44.7,44.7,-48.3,0.0579,0.0,0.0,0.0,0.0579,0.0307,44.7,44.7,4,180.0,720.0,540.0,4.0,1.0,1.0,1.0
MPLADS-003352,1,88.0,90.0,86.4,88.0,2.0,2.0,2.0,-2.0,0.2075,0.0,0.0,0.0,0.2075,0.009,2.0,2.0,0,400.0,424.0,24.0,1.06,1.0,1.0,1.0
MPLADS-003353,1,86.6,92.9,82.4,86.6,6.3,6.3,6.3,-3.4,0.4352,0.0,0.0,0.0,0.4352,-0.0189,6.3,6.3,0,210.0,199.0,0.0,0.9476,1.0,1.0,1.0
MPLADS-003354,1,77.9,88.7,92.4,77.9,10.8,10.8,10.8,-12.1,0.6833,0.0,0.0,0.0,0.6833,0.0229,10.8,10.8,0,120.0,114.0,0.0,0.95,1.0,1.0,1.0
MPLADS-003355,1,42.4,96.8,96.9,42.4,54.4,54.4,54.4,-47.6,0.0883,0.0,0.0,0.0,0.0883,0.0135,54.4,54.4,2,120.0,480.0,360.0,4.0,1.0,1.0,1.0
MPLADS-003356,1,95.6,85.6,88.7,95.6,10.0,-10.0,-10.0,5.6,0.4953,0.0,0.0,0.0,0.4953,0.0487,0.0,0.0,0,160.0,193.0,33.0,1.2063,1.0,1.0,1.0
MPLADS-003357,1,71.9,92.9,82.5,71.9,21.0,21.0,21.0,-18.1,0.856,0.0,0.0,0.0,0.856,-0.014,21.0,21.0,0,90.0,84.0,0.0,0.9333,1.0,1.0,1.0
MPLADS-003358,1,93.1,94.2,99.0,93.1,1.1,1.1,1.1,3.1,0.5575,0.0,0.0,0.0,0.5575,0.0284,1.1,1.1,0,180.0,167.0,0.0,0.9278,1.0,1.0,1.0
MPLADS-003359,1,75.9,97.3,84.5,75.9,21.4,21.4,21.4,-14.1,0.4865,0.0,0.0,0.0,0.4865,0.003,21.4,21.4,0,150.0,156.0,6.0,1.04,1.0,1.0,1.0
MPLADS-003360,1,88.6,131.2,81.0,88.6,42.6,42.6,42.6,-1.4,0.4978,0.0,0.0,0.0,0.4978,-0.002,42.6,42.6,0,160.0,178.0,18.0,1.1125,1.0,1.0,1.0
MPLADS-003361,1,32.2,87.3,92.6,32.2,55.1,55.1,55.1,-57.8,0.5367,0.0,0.0,0.0,0.5367,0.0044,55.1,55.1,0,60.0,60.0,0.0,1.0,1.0,1.0,0.0
MPLADS-003362,1,80.1,87.4,98.2,80.1,7.3,7.3,7.3,-9.9,0.7417,0.0,0.0,0.0,0.7417,0.0039,7.3,7.3,0,120.0,108.0,0.0,0.9,1.0,1.0,1.0
MPLADS-003363,1,70.5,96.5,83.7,70.5,26.0,26.0,26.0,-19.5,0.3279,0.0,0.0,0.0,0.3279,0.0228,26.0,26.0,0,210.0,215.0,5.0,1.0238,1.0,1.0,1.0
MPLADS-003364,1,73.2,96.0,91.7,73.2,22.8,22.8,22.8,-16.8,0.4575,0.0,0.0,0.0,0.4575,0.0009,22.8,22.8,0,160.0,160.0,0.0,1.0,1.0,1.0,1.0
MPLADS-003365,1,88.9,88.3,88.7,88.9,0.6,-0.6,-0.6,-1.1,0.4559,0.0,0.0,0.0,0.4559,-0.0166,0.0,0.0,0,180.0,195.0,15.0,1.0833,1.0,1.0,1.0
MPLADS-003366,1,89.5,87.8,91.2,89.5,1.7,-1.7,-1.7,-0.5,1.0655,0.0,0.0,0.0,1.0655,0.0191,0.0,0.0,0,60.0,84.0,24.0,1.4,1.0,1.0,1.0
MPLADS-003367,1,70.3,92.4,90.5,70.3,22.1,22.1,22.1,-19.7,0.3515,0.0,0.0,0.0,0.3515,-0.0134,22.1,22.1,0,210.0,200.0,0.0,0.9524,1.0,1.0,1.0
MPLADS-003368,1,73.8,96.6,92.6,73.8,22.8,22.8,22.8,-16.2,0.7935,0.0,0.0,0.0,0.7935,0.03,22.8,22.8,0,60.0,93.0,33.0,1.55,1.0,1.0,1.0
MPLADS-003369,1,76.8,91.8,82.5,76.8,15.0,15.0,15.0,-13.2,1.3474,0.0,0.0,0.0,1.3474,0.0326,15.0,15.0,0,60.0,57.0,0.0,0.95,1.0,1.0,1.0
MPLADS-003370,1,99.7,92.4,95.2,99.7,7.3,-7.3,-7.3,9.7,0.6829,0.0,0.0,0.0,0.6829,0.0321,0.0,0.0,0,160.0,146.0,0.0,0.9125,1.0,1.0,1.0
MPLADS-003371,1,91.4,97.4,83.2,91.4,6.0,6.0,6.0,1.4,0.8309,0.0,0.0,0.0,0.8309,0.0332,6.0,6.0,0,120.0,110.0,0.0,0.9167,1.0,1.0,1.0
MPLADS-003372,1,95.5,95.6,87.7,95.5,0.1,0.1,0.1,5.5,0.4823,0.0,0.0,0.0,0.4823,0.0174,0.1,0.1,0,180.0,198.0,18.0,1.1,1.0,1.0,1.0
MPLADS-003373,1,70.4,90.9,80.3,70.4,20.5,20.5,20.5,-19.6,0.352,0.0,0.0,0.0,0.352,0.0255,20.5,20.5,0,210.0,200.0,0.0,0.9524,1.0,1.0,1.0
MPLADS-003374,1,73.6,89.6,89.6,73.6,16.0,16.0,16.0,-16.4,0.5007,0.0,0.0,0.0,0.5007,-0.012,16.0,16.0,0,150.0,147.0,0.0,0.98,1.0,1.0,1.0
MPLADS-003375,1,79.1,96.1,96.1,79.1,17.0,17.0,17.0,-10.9,0.3296,0.0,0.0,0.0,0.3296,-0.0178,17.0,17.0,0,210.0,240.0,30.0,1.1429,1.0,1.0,1.0
MPLADS-003376,1,85.2,144.6,95.8,85.2,59.4,59.4,59.4,-4.8,0.7889,0.0,0.0,0.0,0.7889,0.016,59.4,59.4,0,120.0,108.0,0.0,0.9,1.0,1.0,1.0
MPLADS-003377,1,73.0,95.6,91.4,73.0,22.6,22.6,22.6,-17.0,0.7228,0.0,0.0,0.0,0.7228,0.0016,22.6,22.6,0,90.0,101.0,11.0,1.1222,1.0,1.0,1.0
MPLADS-003378,1,75.2,93.8,88.2,75.2,18.6,18.6,18.6,-14.8,0.4021,0.0,0.0,0.0,0.4021,0.0014,18.6,18.6,0,160.0,187.0,27.0,1.1687,1.0,1.0,1.0
MPLADS-003379,1,70.2,91.1,88.7,70.2,20.9,20.9,20.9,-19.8,0.1097,0.0,0.0,0.0,0.1097,0.0386,20.9,20.9,3,160.0,640.0,480.0,4.0,1.0,1.0,1.0
MPLADS-003380,1,95.5,136.9,84.2,95.5,41.4,41.4,41.4,5.5,0.7346,0.0,0.0,0.0,0.7346,0.0311,41.4,41.4,0,120.0,130.0,10.0,1.0833,1.0,1.0,1.0
MPLADS-003381,1,79.0,88.8,81.9,79.0,9.8,9.8,9.8,-11.0,0.4341,0.0,0.0,0.0,0.4341,0.0345,9.8,9.8,0,150.0,182.0,32.0,1.2133,1.0,1.0,1.0
MPLADS-003382,1,95.2,94.8,89.1,95.2,0.4,-0.4,-0.4,5.2,0.9243,0.0,0.0,0.0,0.9243,0.0019,0.0,0.0,0,90.0,103.0,13.0,1.1444,1.0,1.0,1.0
MPLADS-003383,1,85.9,87.1,83.7,85.9,1.2,1.2,1.2,-4.1,1.5907,0.0,0.0,0.0,1.5907,-0.0075,1.2,1.2,0,60.0,54.0,0.0,0.9,1.0,1.0,1.0
MPLADS-003384,1,86.8,89.3,80.0,86.8,2.5,2.5,2.5,-3.2,0.2097,0.0,0.0,0.0,0.2097,0.0187,2.5,2.5,0,400.0,414.0,14.0,1.035,1.0,1.0,1.0
MPLADS-003385,1,85.2,91.4,80.4,85.2,6.2,6.2,6.2,-4.8,0.5917,0.0,0.0,0.0,0.5917,0.0469,6.2,6.2,0,120.0,144.0,24.0,1.2,1.0,1.0,1.0
MPLADS-003386,1,80.8,85.9,89.0,80.8,5.1,5.1,5.1,-9.2,0.4298,0.0,0.0,0.0,0.4298,0.0039,5.1,5.1,0,180.0,188.0,8.0,1.0444,1.0,1.0,1.0
MPLADS-003387,1,73.9,91.5,90.8,73.9,17.6,17.6,17.6,-16.1,0.3849,0.0,0.0,0.0,0.3849,0.0082,17.6,17.6,0,160.0,192.0,32.0,1.2,1.0,1.0,1.0
MPLADS-003388,1,74.0,89.9,81.0,74.0,15.9,15.9,15.9,-16.0,0.3304,0.0,0.0,0.0,0.3304,-0.0148,15.9,15.9,0,210.0,224.0,14.0,1.0667,1.0,1.0,1.0
MPLADS-003389,1,77.0,91.3,80.5,77.0,14.3,14.3,14.3,-13.0,0.5,0.0,0.0,0.0,0.5,0.0053,14.3,14.3,0,160.0,154.0,0.0,0.9625,1.0,1.0,1.0
MPLADS-003390,1,75.8,85.3,82.8,75.8,9.5,9.5,9.5,-14.2,0.6649,0.0,0.0,0.0,0.6649,-0.0013,9.5,9.5,0,120.0,114.0,0.0,0.95,1.0,1.0,1.0
MPLADS-003391,1,82.8,97.2,87.5,82.8,14.4,14.4,14.4,-7.2,0.7077,0.0,0.0,0.0,0.7077,0.048,14.4,14.4,0,90.0,117.0,27.0,1.3,1.0,1.0,1.0
MPLADS-003392,1,33.7,87.6,87.6,33.7,53.9,53.9,53.9,-56.3,0.2106,0.0,0.0,0.0,0.2106,-0.013,53.9,53.9,0,150.0,160.0,10.0,1.0667,1.0,1.0,0.0
MPLADS-003393,1,76.4,88.6,91.7,76.4,12.2,12.2,12.2,-13.6,0.4442,0.0,0.0,0.0,0.4442,0.0491,12.2,12.2,0,180.0,172.0,0.0,0.9556,1.0,1.0,1.0
MPLADS-003394,1,93.6,96.2,90.6,93.6,2.6,2.6,2.6,3.6,0.541,0.0,0.0,0.0,0.541,0.0363,2.6,2.6,0,150.0,173.0,23.0,1.1533,1.0,1.0,1.0
MPLADS-003395,1,71.9,91.0,85.3,71.9,19.1,19.1,19.1,-18.1,1.0731,0.0,0.0,0.0,1.0731,0.0093,19.1,19.1,0,60.0,67.0,7.0,1.1167,1.0,1.0,1.0
MPLADS-003396,1,28.6,87.8,81.3,28.6,59.2,59.2,59.2,-61.4,0.1744,0.0,0.0,0.0,0.1744,0.0465,59.2,59.2,0,150.0,164.0,14.0,1.0933,1.0,1.0,0.0
MPLADS-003397,1,73.1,95.9,88.4,73.1,22.8,22.8,22.8,-16.9,0.3071,0.0,0.0,0.0,0.3071,-0.0158,22.8,22.8,0,210.0,238.0,28.0,1.1333,1.0,1.0,1.0
MPLADS-003398,1,92.5,85.8,87.7,92.5,6.7,-6.7,-6.7,2.5,0.2245,0.0,0.0,0.0,0.2245,0.035,0.0,0.0,0,400.0,412.0,12.0,1.03,1.0,1.0,1.0
MPLADS-003399,1,82.8,91.5,88.8,82.8,8.7,8.7,8.7,-7.2,0.9857,0.0,0.0,0.0,0.9857,0.0442,8.7,8.7,0,90.0,84.0,0.0,0.9333,1.0,1.0,1.0
MPLADS-003400,1,83.5,85.8,94.8,83.5,2.3,2.3,2.3,-6.5,1.006,0.0,0.0,0.0,1.006,0.0485,2.3,2.3,0,90.0,83.0,0.0,0.9222,1.0,1.0,1.0
MPLADS-003401,1,80.5,87.4,81.6,80.5,6.9,6.9,6.9,-9.5,1.2015,0.0,0.0,0.0,1.2015,0.0259,6.9,6.9,0,60.0,67.0,7.0,1.1167,1.0,1.0,1.0
MPLADS-003402,1,97.4,97.6,93.3,97.4,0.2,0.2,0.2,7.4,0.2453,0.0,0.0,0.0,0.2453,0.0141,0.2,0.2,0,400.0,397.0,0.0,0.9925,1.0,1.0,1.0
MPLADS-003403,1,85.5,91.9,82.4,85.5,6.4,6.4,6.4,-4.5,0.57,0.0,0.0,0.0,0.57,-0.0009,6.4,6.4,0,150.0,150.0,0.0,1.0,1.0,1.0,1.0
MPLADS-003404,1,84.4,85.8,96.1,84.4,1.4,1.4,1.4,-5.6,0.3854,0.0,0.0,0.0,0.3854,0.0425,1.4,1.4,0,210.0,219.0,9.0,1.0429,1.0,1.0,1.0
MPLADS-003405,1,96.9,87.4,99.1,96.9,9.5,-9.5,-9.5,6.9,0.5295,0.0,0.0,0.0,0.5295,-0.0114,0.0,0.0,0,160.0,183.0,23.0,1.1438,1.0,1.0,1.0
MPLADS-003406,1,90.4,97.6,88.5,90.4,7.2,7.2,7.2,0.4,0.6278,0.0,0.0,0.0,0.6278,0.0228,7.2,7.2,0,120.0,144.0,24.0,1.2,1.0,1.0,1.0
MPLADS-003407,1,0.0,100.0,92.9,0.0,100.0,100.0,100.0,-90.0,0.0,0.0,0.0,0.0,0.0,0.0229,100.0,100.0,0,150.0,180.0,30.0,1.2,0.0,0.0,0.0
MPLADS-003408,1,92.2,88.2,98.8,92.2,4.0,-4.0,-4.0,2.2,0.6779,0.0,0.0,0.0,0.6779,-0.0087,0.0,0.0,0,120.0,136.0,16.0,1.1333,1.0,1.0,1.0
MPLADS-003409,1,71.8,88.6,82.0,71.8,16.8,16.8,16.8,-18.2,0.6774,0.0,0.0,0.0,0.6774,0.0351,16.8,16.8,0,120.0,106.0,0.0,0.8833,1.0,1.0,1.0
MPLADS-003410,1,74.6,92.6,85.3,74.6,18.0,18.0,18.0,-15.4,0.3693,0.0,0.0,0.0,0.3693,0.0091,18.0,18.0,0,180.0,202.0,22.0,1.1222,1.0,1.0,1.0
MPLADS-003411,1,96.2,95.8,96.6,96.2,0.4,-0.4,-0.4,6.2,0.5902,0.0,0.0,0.0,0.5902,-0.0181,0.0,0.0,0,160.0,163.0,3.0,1.0188,1.0,1.0,1.0
MPLADS-003412,1,24.6,90.0,84.2,24.6,65.4,65.4,65.4,-65.4,0.1079,0.0,0.0,0.0,0.1079,0.0063,65.4,65.4,0,210.0,228.0,18.0,1.0857,1.0,1.0,0.0
MPLADS-003413,1,84.7,136.7,85.4,84.7,52.0,52.0,52.0,-5.3,0.5536,0.0,0.0,0.0,0.5536,0.035,52.0,52.0,0,160.0,153.0,0.0,0.9563,1.0,1.0,1.0
MPLADS-003414,1,94.6,87.8,84.8,94.6,6.8,-6.8,-6.8,4.6,0.4876,0.0,0.0,0.0,0.4876,-0.0179,0.0,0.0,0,180.0,194.0,14.0,1.0778,1.0,1.0,1.0
MPLADS-003415,1,91.6,96.8,86.8,91.6,5.2,5.2,5.2,1.6,0.7156,0.0,0.0,0.0,0.7156,0.0171,5.2,5.2,0,120.0,128.0,8.0,1.0667,1.0,1.0,1.0
MPLADS-003416,1,82.2,89.4,88.0,82.2,7.2,7.2,7.2,-7.8,1.096,0.0,0.0,0.0,1.096,-0.0147,7.2,7.2,0,60.0,75.0,15.0,1.25,1.0,1.0,1.0
MPLADS-003417,1,89.8,85.9,90.0,89.8,3.9,-3.9,-3.9,-0.2,0.2169,0.0,0.0,0.0,0.2169,0.0066,0.0,0.0,0,400.0,414.0,14.0,1.035,1.0,1.0,1.0
MPLADS-003418,1,88.5,93.8,87.4,88.5,5.3,5.3,5.3,-1.5,0.3815,0.0,0.0,0.0,0.3815,0.0292,5.3,5.3,0,210.0,232.0,22.0,1.1048,1.0,1.0,1.0
MPLADS-003419,1,96.0,93.9,91.9,96.0,2.1,-2.1,-2.1,6.0,0.5455,0.0,0.0,0.0,0.5455,0.0238,0.0,0.0,0,160.0,176.0,16.0,1.1,1.0,1.0,1.0
MPLADS-003420,1,88.9,96.3,84.1,88.9,7.4,7.4,7.4,-1.1,0.2285,0.0,0.0,0.0,0.2285,-0.0154,7.4,7.4,0,400.0,389.0,0.0,0.9725,1.0,1.0,1.0
MPLADS-003421,1,77.0,92.4,95.6,77.0,15.4,15.4,15.4,-13.0,1.1846,0.0,0.0,0.0,1.1846,0.0307,15.4,15.4,0,60.0,65.0,5.0,1.0833,1.0,1.0,1.0
MPLADS-003422,1,74.6,91.7,87.6,74.6,17.1,17.1,17.1,-15.4,0.9325,0.0,0.0,0.0,0.9325,0.0015,17.1,17.1,0,90.0,80.0,0.0,0.8889,1.0,1.0,1.0
MPLADS-003423,1,77.5,92.1,98.5,77.5,14.6,14.6,14.6,-12.5,0.4506,0.0,0.0,0.0,0.4506,0.0091,14.6,14.6,0,180.0,172.0,0.0,0.9556,1.0,1.0,1.0
MPLADS-003424,1,80.9,89.8,84.0,80.9,8.9,8.9,8.9,-9.1,0.3927,0.0,0.0,0.0,0.3927,0.0074,8.9,8.9,0,180.0,206.0,26.0,1.1444,1.0,1.0,1.0
MPLADS-003425,1,88.6,95.3,81.9,88.6,6.7,6.7,6.7,-1.4,0.2209,0.0,0.0,0.0,0.2209,-0.0032,6.7,6.7,0,400.0,401.0,1.0,1.0025,1.0,1.0,1.0
MPLADS-003426,1,88.4,89.2,94.3,88.4,0.8,0.8,0.8,-1.6,0.6014,0.0,0.0,0.0,0.6014,0.0158,0.8,0.8,0,160.0,147.0,0.0,0.9187,1.0,1.0,1.0
MPLADS-003427,1,78.2,95.2,93.4,78.2,17.0,17.0,17.0,-11.8,0.4798,0.0,0.0,0.0,0.4798,0.0476,17.0,17.0,0,160.0,163.0,3.0,1.0188,1.0,1.0,1.0
MPLADS-003428,1,96.3,95.3,84.3,96.3,1.0,-1.0,-1.0,6.3,0.4652,0.0,0.0,0.0,0.4652,0.0161,0.0,0.0,0,180.0,207.0,27.0,1.15,1.0,1.0,1.0
MPLADS-003429,1,74.6,87.3,83.2,74.6,12.7,12.7,12.7,-15.4,0.3826,0.0,0.0,0.0,0.3826,0.0222,12.7,12.7,0,210.0,195.0,0.0,0.9286,1.0,1.0,1.0
MPLADS-003430,1,97.7,86.5,91.0,97.7,11.2,-11.2,-11.2,7.7,0.4211,0.0,0.0,0.0,0.4211,-0.0022,0.0,0.0,0,210.0,232.0,22.0,1.1048,1.0,1.0,1.0
MPLADS-003431,1,98.0,97.5,83.6,98.0,0.5,-0.5,-0.5,8.0,0.2279,0.0,0.0,0.0,0.2279,-0.0101,0.0,0.0,0,400.0,430.0,30.0,1.075,1.0,1.0,1.0
MPLADS-003432,1,96.9,94.3,86.2,96.9,2.6,-2.6,-2.6,6.9,0.7073,0.0,0.0,0.0,0.7073,0.0407,0.0,0.0,0,150.0,137.0,0.0,0.9133,1.0,1.0,1.0
MPLADS-003433,1,75.0,87.5,89.0,75.0,12.5,12.5,12.5,-15.0,0.4747,0.0,0.0,0.0,0.4747,0.0142,12.5,12.5,0,150.0,158.0,8.0,1.0533,1.0,1.0,1.0
MPLADS-003434,1,95.4,90.5,96.2,95.4,4.9,-4.9,-4.9,5.4,0.4417,0.0,0.0,0.0,0.4417,0.0366,0.0,0.0,0,210.0,216.0,6.0,1.0286,1.0,1.0,1.0
MPLADS-003435,1,79.4,93.6,85.9,79.4,14.2,14.2,14.2,-10.6,0.4812,0.0,0.0,0.0,0.4812,0.0393,14.2,14.2,0,160.0,165.0,5.0,1.0312,1.0,1.0,1.0
MPLADS-003436,1,70.4,93.6,82.7,70.4,23.2,23.2,23.2,-19.6,1.0353,0.0,0.0,0.0,1.0353,0.039,23.2,23.2,0,60.0,68.0,8.0,1.1333,1.0,1.0,1.0
MPLADS-003437,1,74.0,90.0,98.1,74.0,16.0,16.0,16.0,-16.0,1.1935,0.0,0.0,0.0,1.1935,0.0385,16.0,16.0,0,60.0,62.0,2.0,1.0333,1.0,1.0,1.0
MPLADS-003438,1,92.6,95.8,88.0,92.6,3.2,3.2,3.2,2.6,1.2026,0.0,0.0,0.0,1.2026,-0.0169,3.2,3.2,0,90.0,77.0,0.0,0.8556,0.0,0.0,0.0
MPLADS-003439,1,21.8,98.2,94.7,21.8,76.4,76.4,76.4,-68.2,0.0507,0.0,0.0,0.0,0.0507,0.0296,76.4,76.4,0,400.0,430.0,30.0,1.075,1.0,1.0,0.0
MPLADS-003440,1,93.3,92.3,98.3,93.3,1.0,-1.0,-1.0,3.3,1.181,0.0,0.0,0.0,1.181,0.0189,0.0,0.0,0,60.0,79.0,19.0,1.3167,1.0,1.0,1.0
MPLADS-003441,1,72.2,96.8,82.1,72.2,24.6,24.6,24.6,-17.8,0.4846,0.0,0.0,0.0,0.4846,0.0174,24.6,24.6,0,120.0,149.0,29.0,1.2417,1.0,1.0,1.0
MPLADS-003442,1,79.3,86.5,96.4,79.3,7.2,7.2,7.2,-10.7,0.4241,0.0,0.0,0.0,0.4241,0.0049,7.2,7.2,0,160.0,187.0,27.0,1.1687,1.0,1.0,1.0
MPLADS-003443,1,98.8,89.9,92.4,98.8,8.9,-8.9,-8.9,8.8,0.8233,0.0,0.0,0.0,0.8233,0.0169,0.0,0.0,0,90.0,120.0,30.0,1.3333,1.0,1.0,1.0
MPLADS-003444,1,90.3,88.6,87.9,90.3,1.7,-1.7,-1.7,0.3,0.447,0.0,0.0,0.0,0.447,0.0103,0.0,0.0,0,210.0,202.0,0.0,0.9619,1.0,1.0,1.0
MPLADS-003445,1,80.4,96.7,96.1,80.4,16.3,16.3,16.3,-9.6,0.9349,0.0,0.0,0.0,0.9349,-0.0079,16.3,16.3,0,90.0,86.0,0.0,0.9556,1.0,1.0,1.0
MPLADS-003446,1,19.3,90.8,80.1,19.3,71.5,71.5,71.5,-70.7,0.046,0.0,0.0,0.0,0.046,0.036,71.5,71.5,0,400.0,420.0,20.0,1.05,1.0,1.0,0.0
MPLADS-003447,1,60.5,90.5,88.8,60.5,30.0,30.0,30.0,-29.5,0.096,0.0,0.0,0.0,0.096,0.0068,30.0,30.0,3,210.0,630.0,420.0,3.0,1.0,1.0,1.0
MPLADS-003448,1,80.4,93.0,86.8,80.4,12.6,12.6,12.6,-9.6,0.4299,0.0,0.0,0.0,0.4299,0.0021,12.6,12.6,0,160.0,187.0,27.0,1.1687,1.0,1.0,1.0
MPLADS-003449,1,56.8,89.4,98.3,56.8,32.6,32.6,32.6,-33.2,0.0789,0.0,0.0,0.0,0.0789,0.0441,32.6,32.6,2,180.0,720.0,540.0,4.0,1.0,1.0,1.0
MPLADS-003450,1,75.1,91.4,93.3,75.1,16.3,16.3,16.3,-14.9,0.3974,0.0,0.0,0.0,0.3974,0.0221,16.3,16.3,0,180.0,189.0,9.0,1.05,1.0,1.0,1.0
MPLADS-003451,1,83.9,94.3,98.9,83.9,10.4,10.4,10.4,-6.1,0.5786,0.0,0.0,0.0,0.5786,0.0369,10.4,10.4,0,160.0,145.0,0.0,0.9062,1.0,1.0,1.0
MPLADS-003452,1,96.7,88.7,93.5,96.7,8.0,-8.0,-8.0,6.7,0.4835,0.0,0.0,0.0,0.4835,-0.0191,0.0,0.0,0,180.0,200.0,20.0,1.1111,1.0,1.0,1.0
MPLADS-003453,1,74.2,94.7,89.3,74.2,20.5,20.5,20.5,-15.8,0.3805,0.0,0.0,0.0,0.3805,-0.0144,20.5,20.5,0,180.0,195.0,15.0,1.0833,1.0,1.0,1.0
MPLADS-003454,1,77.2,89.8,85.0,77.2,12.6,12.6,12.6,-12.8,0.8674,0.0,0.0,0.0,0.8674,0.0499,12.6,12.6,0,90.0,89.0,0.0,0.9889,1.0,1.0,1.0
MPLADS-003455,1,94.1,92.9,99.1,94.1,1.2,-1.2,-1.2,4.1,0.5316,0.0,0.0,0.0,0.5316,0.0168,0.0,0.0,0,150.0,177.0,27.0,1.18,1.0,1.0,1.0
MPLADS-003456,1,77.9,87.6,94.1,77.9,9.7,9.7,9.7,-12.1,0.4477,0.0,0.0,0.0,0.4477,0.0372,9.7,9.7,0,180.0,174.0,0.0,0.9667,1.0,1.0,1.0
MPLADS-003457,1,91.4,92.8,96.5,91.4,1.4,1.4,1.4,1.4,1.4742,0.0,0.0,0.0,1.4742,0.0449,1.4,1.4,0,60.0,62.0,2.0,1.0333,1.0,1.0,1.0
MPLADS-003458,1,70.1,144.6,92.5,70.1,74.5,74.5,74.5,-19.9,0.4006,0.0,0.0,0.0,0.4006,0.0476,74.5,74.5,0,180.0,175.0,0.0,0.9722,1.0,1.0,1.0
MPLADS-003459,1,74.2,89.9,91.7,74.2,15.7,15.7,15.7,-15.8,0.7067,0.0,0.0,0.0,0.7067,-0.0027,15.7,15.7,0,90.0,105.0,15.0,1.1667,1.0,1.0,1.0
MPLADS-003460,1,0.0,100.0,83.2,0.0,100.0,100.0,100.0,-90.0,0.0,0.0,0.0,0.0,0.0,-0.0146,100.0,100.0,0,60.0,58.0,0.0,0.9667,0.0,0.0,0.0
MPLADS-003461,1,80.4,85.1,90.2,80.4,4.7,4.7,4.7,-9.6,0.4393,0.0,0.0,0.0,0.4393,0.0467,4.7,4.7,0,150.0,183.0,33.0,1.22,1.0,1.0,1.0
MPLADS-003462,1,90.8,91.5,99.7,90.8,0.7,0.7,0.7,0.8,0.5747,0.0,0.0,0.0,0.5747,0.0416,0.7,0.7,0,150.0,158.0,8.0,1.0533,1.0,1.0,1.0
MPLADS-003463,1,77.8,95.5,86.8,77.8,17.7,17.7,17.7,-12.2,0.4446,0.0,0.0,0.0,0.4446,0.0297,17.7,17.7,0,150.0,175.0,25.0,1.1667,1.0,1.0,1.0
MPLADS-003464,1,91.1,89.9,97.6,91.1,1.2,-1.2,-1.2,1.1,0.8676,0.0,0.0,0.0,0.8676,0.0367,0.0,0.0,0,90.0,105.0,15.0,1.1667,1.0,1.0,1.0
MPLADS-003465,1,60.3,96.0,93.5,60.3,35.7,35.7,35.7,-29.7,0.0837,0.0,0.0,0.0,0.0837,0.0342,35.7,35.7,3,180.0,720.0,540.0,4.0,1.0,1.0,1.0
MPLADS-003466,1,98.3,140.6,83.6,98.3,42.3,42.3,42.3,8.3,0.6068,0.0,0.0,0.0,0.6068,0.0105,42.3,42.3,0,160.0,162.0,2.0,1.0125,1.0,1.0,1.0
MPLADS-003467,1,91.5,85.8,94.9,91.5,5.7,-5.7,-5.7,1.5,0.2138,0.0,0.0,0.0,0.2138,0.0125,0.0,0.0,0,400.0,428.0,28.0,1.07,1.0,1.0,1.0
MPLADS-003468,1,33.5,94.8,92.1,33.5,61.3,61.3,61.3,-56.5,0.0831,0.0,0.0,0.0,0.0831,-0.0141,61.3,61.3,0,400.0,403.0,3.0,1.0075,1.0,1.0,0.0
MPLADS-003469,1,75.5,91.5,84.4,75.5,16.0,16.0,16.0,-14.5,0.1756,0.0,0.0,0.0,0.1756,-0.0137,16.0,16.0,0,400.0,430.0,30.0,1.075,1.0,1.0,1.0
MPLADS-003470,1,86.5,95.2,85.9,86.5,8.7,8.7,8.7,-3.5,0.3827,0.0,0.0,0.0,0.3827,0.0493,8.7,8.7,0,210.0,226.0,16.0,1.0762,1.0,1.0,1.0
MPLADS-003471,1,72.4,97.2,92.7,72.4,24.8,24.8,24.8,-17.6,0.4045,0.0,0.0,0.0,0.4045,0.0161,24.8,24.8,0,180.0,179.0,0.0,0.9944,1.0,1.0,1.0
MPLADS-003472,1,87.9,88.2,96.5,87.9,0.3,0.3,0.3,-2.1,0.7578,0.0,0.0,0.0,0.7578,0.0184,0.3,0.3,0,90.0,116.0,26.0,1.2889,1.0,1.0,1.0
MPLADS-003473,1,88.9,97.3,97.0,88.9,8.4,8.4,8.4,-1.1,0.6174,0.0,0.0,0.0,0.6174,0.0251,8.4,8.4,0,120.0,144.0,24.0,1.2,1.0,1.0,1.0
MPLADS-003474,1,74.9,88.6,87.5,74.9,13.7,13.7,13.7,-15.1,0.513,0.0,0.0,0.0,0.513,-0.0011,13.7,13.7,0,150.0,146.0,0.0,0.9733,1.0,1.0,1.0
MPLADS-003475,1,95.7,93.1,94.7,95.7,2.6,-2.6,-2.6,5.7,0.4431,0.0,0.0,0.0,0.4431,-0.0046,0.0,0.0,0,210.0,216.0,6.0,1.0286,1.0,1.0,1.0
MPLADS-003476,1,91.7,93.6,82.0,91.7,1.9,1.9,1.9,1.7,1.2227,0.0,0.0,0.0,1.2227,0.0198,1.9,1.9,0,60.0,75.0,15.0,1.25,1.0,1.0,1.0
MPLADS-003477,1,75.7,88.6,99.8,75.7,12.9,12.9,12.9,-14.3,0.6945,0.0,0.0,0.0,0.6945,0.008,12.9,12.9,0,90.0,109.0,19.0,1.2111,1.0,1.0,1.0
MPLADS-003478,1,82.1,92.4,81.0,82.1,10.3,10.3,10.3,-7.9,1.1729,0.0,0.0,0.0,1.1729,0.0073,10.3,10.3,0,60.0,70.0,10.0,1.1667,1.0,1.0,1.0
MPLADS-003479,1,70.6,91.9,94.8,70.6,21.3,21.3,21.3,-19.4,0.8716,0.0,0.0,0.0,0.8716,0.0028,21.3,21.3,0,90.0,81.0,0.0,0.9,1.0,1.0,1.0
MPLADS-003480,1,81.1,92.9,89.8,81.1,11.8,11.8,11.8,-8.9,0.4202,0.0,0.0,0.0,0.4202,0.0195,11.8,11.8,0,180.0,193.0,13.0,1.0722,1.0,1.0,1.0
MPLADS-003481,1,87.3,89.9,83.2,87.3,2.6,2.6,2.6,-2.7,1.1192,0.0,0.0,0.0,1.1192,-0.0194,2.6,2.6,0,90.0,78.0,0.0,0.8667,1.0,1.0,1.0
MPLADS-003482,1,86.3,97.1,92.0,86.3,10.8,10.8,10.8,-3.7,0.411,0.0,0.0,0.0,0.411,-0.0096,10.8,10.8,0,210.0,210.0,0.0,1.0,1.0,1.0,1.0
MPLADS-003483,1,75.3,95.1,81.5,75.3,19.8,19.8,19.8,-14.7,0.6328,0.0,0.0,0.0,0.6328,-0.0053,19.8,19.8,0,120.0,119.0,0.0,0.9917,1.0,1.0,1.0
MPLADS-003484,1,21.6,96.0,91.6,21.6,74.4,74.4,74.4,-68.4,0.1286,0.0,0.0,0.0,0.1286,0.0376,74.4,74.4,0,180.0,168.0,0.0,0.9333,1.0,1.0,0.0
MPLADS-003485,1,75.0,94.2,81.4,75.0,19.2,19.2,19.2,-15.0,0.431,0.0,0.0,0.0,0.431,0.0358,19.2,19.2,0,150.0,174.0,24.0,1.16,1.0,1.0,1.0
MPLADS-003486,1,94.8,90.8,97.1,94.8,4.0,-4.0,-4.0,4.8,0.8943,0.0,0.0,0.0,0.8943,0.0031,0.0,0.0,0,90.0,106.0,16.0,1.1778,1.0,1.0,1.0
MPLADS-003487,1,86.7,85.8,88.0,86.7,0.9,-0.9,-0.9,-3.3,0.3628,0.0,0.0,0.0,0.3628,0.0478,0.0,0.0,0,210.0,239.0,29.0,1.1381,1.0,1.0,1.0
MPLADS-003488,1,72.0,94.8,84.5,72.0,22.8,22.8,22.8,-18.0,0.5902,0.0,0.0,0.0,0.5902,0.0471,22.8,22.8,0,120.0,122.0,2.0,1.0167,1.0,1.0,1.0
MPLADS-003489,1,92.6,97.4,81.9,92.6,4.8,4.8,4.8,2.6,0.4452,0.0,0.0,0.0,0.4452,0.0311,4.8,4.8,0,180.0,208.0,28.0,1.1556,1.0,1.0,1.0
MPLADS-003490,1,71.5,87.3,88.0,71.5,15.8,15.8,15.8,-18.5,0.4613,0.0,0.0,0.0,0.4613,0.0246,15.8,15.8,0,150.0,155.0,5.0,1.0333,1.0,1.0,1.0
MPLADS-003491,1,97.3,95.7,97.5,97.3,1.6,-1.6,-1.6,7.3,0.8246,0.0,0.0,0.0,0.8246,0.0397,0.0,0.0,0,120.0,118.0,0.0,0.9833,1.0,1.0,1.0
MPLADS-003492,1,73.0,95.0,82.5,73.0,22.0,22.0,22.0,-17.0,0.6134,0.0,0.0,0.0,0.6134,0.0254,22.0,22.0,0,120.0,119.0,0.0,0.9917,1.0,1.0,1.0
MPLADS-003493,1,81.6,85.0,93.4,81.6,3.4,3.4,3.4,-8.4,0.8079,0.0,0.0,0.0,0.8079,0.0124,3.4,3.4,0,90.0,101.0,11.0,1.1222,1.0,1.0,1.0
MPLADS-003494,1,46.9,87.7,97.6,46.9,40.8,40.8,40.8,-43.1,0.1042,0.0,0.0,0.0,0.1042,0.0473,40.8,40.8,2,150.0,450.0,300.0,3.0,1.0,1.0,1.0
MPLADS-003495,1,89.6,97.2,82.5,89.6,7.6,7.6,7.6,-0.4,0.2251,0.0,0.0,0.0,0.2251,-0.0147,7.6,7.6,0,400.0,398.0,0.0,0.995,1.0,1.0,1.0
MPLADS-003496,1,70.4,94.6,89.0,70.4,24.2,24.2,24.2,-19.6,0.389,0.0,0.0,0.0,0.389,0.0087,24.2,24.2,0,150.0,181.0,31.0,1.2067,1.0,1.0,1.0
MPLADS-003497,1,15.7,43.8,94.8,15.7,28.1,28.1,28.1,-74.3,0.0867,0.0,0.0,0.0,0.0867,-0.0035,28.1,28.1,0,150.0,181.0,31.0,1.2067,1.0,1.0,1.0
MPLADS-003498,1,81.7,89.4,94.8,81.7,7.7,7.7,7.7,-8.3,0.7708,0.0,0.0,0.0,0.7708,-0.0029,7.7,7.7,0,120.0,106.0,0.0,0.8833,1.0,1.0,1.0
MPLADS-003499,1,78.0,96.7,89.3,78.0,18.7,18.7,18.7,-12.0,0.75,0.0,0.0,0.0,0.75,0.0148,18.7,18.7,0,90.0,104.0,14.0,1.1556,1.0,1.0,1.0
MPLADS-003500,1,95.2,90.5,92.2,95.2,4.7,-4.7,-4.7,5.2,0.2235,0.0,0.0,0.0,0.2235,0.0024,0.0,0.0,0,400.0,426.0,26.0,1.065,1.0,1.0,1.0
MPLADS-003501,1,93.8,95.1,97.5,93.8,1.3,1.3,1.3,3.8,0.8606,0.0,0.0,0.0,0.8606,0.0017,1.3,1.3,0,90.0,109.0,19.0,1.2111,1.0,1.0,1.0
MPLADS-003502,1,89.3,89.3,82.4,89.3,0.0,0.0,0.0,-0.7,0.4293,0.0,0.0,0.0,0.4293,0.0113,0.0,0.0,0,210.0,208.0,0.0,0.9905,1.0,1.0,1.0
MPLADS-003503,1,96.4,94.8,90.0,96.4,1.6,-1.6,-1.6,6.4,0.5268,0.0,0.0,0.0,0.5268,0.0133,0.0,0.0,0,160.0,183.0,23.0,1.1438,1.0,1.0,1.0
MPLADS-003504,1,94.8,87.0,95.1,94.8,7.8,-7.8,-7.8,4.8,0.2318,0.0,0.0,0.0,0.2318,-0.0045,0.0,0.0,0,400.0,409.0,9.0,1.0225,1.0,1.0,1.0
MPLADS-003505,1,85.7,96.3,84.8,85.7,10.6,10.6,10.6,-4.3,0.5791,0.0,0.0,0.0,0.5791,0.0251,10.6,10.6,0,150.0,148.0,0.0,0.9867,1.0,1.0,1.0
MPLADS-003506,1,71.5,92.7,80.3,71.5,21.2,21.2,21.2,-18.5,0.6111,0.0,0.0,0.0,0.6111,0.0344,21.2,21.2,0,90.0,117.0,27.0,1.3,1.0,1.0,1.0
MPLADS-003507,1,84.2,95.8,93.1,84.2,11.6,11.6,11.6,-5.8,1.0395,0.0,0.0,0.0,1.0395,-0.0192,11.6,11.6,0,60.0,81.0,21.0,1.35,1.0,1.0,1.0
MPLADS-003508,1,98.0,89.6,86.4,98.0,8.4,-8.4,-8.4,8.0,0.4455,0.0,0.0,0.0,0.4455,0.0228,0.0,0.0,0,210.0,220.0,10.0,1.0476,1.0,1.0,1.0
MPLADS-003509,1,95.4,91.3,92.4,95.4,4.1,-4.1,-4.1,5.4,0.6038,0.0,0.0,0.0,0.6038,0.0161,0.0,0.0,0,160.0,158.0,0.0,0.9875,1.0,1.0,1.0
MPLADS-003510,1,76.3,90.3,80.9,76.3,14.0,14.0,14.0,-13.7,0.4436,0.0,0.0,0.0,0.4436,0.0166,14.0,14.0,0,180.0,172.0,0.0,0.9556,1.0,1.0,1.0
MPLADS-003511,1,87.2,85.9,80.6,87.2,1.3,-1.3,-1.3,-2.8,0.5737,0.0,0.0,0.0,0.5737,0.0069,0.0,0.0,0,120.0,152.0,32.0,1.2667,1.0,1.0,1.0
MPLADS-003512,1,81.6,94.2,83.9,81.6,12.6,12.6,12.6,-8.4,0.4508,0.0,0.0,0.0,0.4508,0.0321,12.6,12.6,0,180.0,181.0,1.0,1.0056,1.0,1.0,1.0
MPLADS-003513,1,76.6,93.9,95.5,76.6,17.3,17.3,17.3,-13.4,0.333,0.0,0.0,0.0,0.333,0.0298,17.3,17.3,0,210.0,230.0,20.0,1.0952,1.0,1.0,1.0
MPLADS-003514,1,95.9,92.9,85.9,95.9,3.0,-3.0,-3.0,5.9,0.2316,0.0,0.0,0.0,0.2316,0.0372,0.0,0.0,0,400.0,414.0,14.0,1.035,1.0,1.0,1.0
MPLADS-003515,1,94.5,97.5,88.9,94.5,3.0,3.0,3.0,4.5,0.6655,0.0,0.0,0.0,0.6655,-0.0189,3.0,3.0,0,150.0,142.0,0.0,0.9467,1.0,1.0,1.0
MPLADS-003516,1,90.9,85.0,82.7,90.9,5.9,-5.9,-5.9,0.9,0.739,0.0,0.0,0.0,0.739,-0.0063,0.0,0.0,0,120.0,123.0,3.0,1.025,1.0,1.0,1.0
MPLADS-003517,1,96.4,97.5,82.9,96.4,1.1,1.1,1.1,6.4,0.626,0.0,0.0,0.0,0.626,0.0311,1.1,1.1,0,150.0,154.0,4.0,1.0267,1.0,1.0,1.0
MPLADS-003518,1,88.1,95.6,96.0,88.1,7.5,7.5,7.5,-1.9,0.4472,0.0,0.0,0.0,0.4472,0.0033,7.5,7.5,0,210.0,197.0,0.0,0.9381,1.0,1.0,1.0
MPLADS-003519,1,86.8,87.1,94.5,86.8,0.3,0.3,0.3,-3.2,1.8468,0.0,0.0,0.0,1.8468,-0.0151,0.3,0.3,0,60.0,47.0,0.0,0.7833,1.0,1.0,1.0
MPLADS-003520,1,32.4,92.0,87.6,32.4,59.6,59.6,59.6,-57.6,0.1521,0.0,0.0,0.0,0.1521,-0.0084,59.6,59.6,0,180.0,213.0,33.0,1.1833,1.0,1.0,0.0
MPLADS-003521,1,72.0,94.5,82.4,72.0,22.5,22.5,22.5,-18.0,0.4966,0.0,0.0,0.0,0.4966,0.0324,22.5,22.5,0,160.0,145.0,0.0,0.9062,1.0,1.0,1.0
MPLADS-003522,1,76.0,89.5,88.0,76.0,13.5,13.5,13.5,-14.0,0.1886,0.0,0.0,0.0,0.1886,-0.0118,13.5,13.5,0,400.0,403.0,3.0,1.0075,1.0,1.0,1.0
MPLADS-003523,1,73.4,89.1,81.2,73.4,15.7,15.7,15.7,-16.6,0.1147,0.0,0.0,0.0,0.1147,0.0496,15.7,15.7,2,160.0,640.0,480.0,4.0,1.0,1.0,1.0
MPLADS-003524,1,77.4,85.3,94.4,77.4,7.9,7.9,7.9,-12.6,0.344,0.0,0.0,0.0,0.344,0.0262,7.9,7.9,0,210.0,225.0,15.0,1.0714,1.0,1.0,1.0
MPLADS-003525,1,87.8,87.7,96.0,87.8,0.1,-0.1,-0.1,-2.2,0.5195,0.0,0.0,0.0,0.5195,-0.0031,0.0,0.0,0,150.0,169.0,19.0,1.1267,1.0,1.0,1.0
MPLADS-003526,1,93.6,91.2,98.9,93.6,2.4,-2.4,-2.4,3.6,0.6411,0.0,0.0,0.0,0.6411,0.0002,0.0,0.0,0,150.0,146.0,0.0,0.9733,1.0,1.0,1.0
MPLADS-003527,1,85.9,86.2,94.6,85.9,0.3,0.3,0.3,-4.1,0.9761,0.0,0.0,0.0,0.9761,0.0199,0.3,0.3,0,90.0,88.0,0.0,0.9778,1.0,1.0,1.0
MPLADS-003528,1,72.1,87.1,90.1,72.1,15.0,15.0,15.0,-17.9,1.2649,0.0,0.0,0.0,1.2649,-0.0088,15.0,15.0,0,60.0,57.0,0.0,0.95,1.0,1.0,1.0
MPLADS-003529,1,33.4,90.1,86.3,33.4,56.7,56.7,56.7,-56.6,0.2062,0.0,0.0,0.0,0.2062,-0.0033,56.7,56.7,0,160.0,162.0,2.0,1.0125,1.0,1.0,0.0
MPLADS-003530,1,96.7,94.8,89.0,96.7,1.9,-1.9,-1.9,6.7,0.4561,0.0,0.0,0.0,0.4561,0.0306,0.0,0.0,0,180.0,212.0,32.0,1.1778,1.0,1.0,1.0
MPLADS-003531,1,83.5,95.9,88.3,83.5,12.4,12.4,12.4,-6.5,0.9489,0.0,0.0,0.0,0.9489,0.0061,12.4,12.4,0,90.0,88.0,0.0,0.9778,1.0,1.0,1.0
MPLADS-003532,1,99.1,97.7,87.1,99.1,1.4,-1.4,-1.4,9.1,1.1135,0.0,0.0,0.0,1.1135,0.0223,0.0,0.0,0,60.0,89.0,29.0,1.4833,1.0,1.0,1.0
MPLADS-003533,1,21.9,95.7,83.9,21.9,73.8,73.8,73.8,-68.1,0.2844,0.0,0.0,0.0,0.2844,0.0095,73.8,73.8,0,60.0,77.0,17.0,1.2833,1.0,1.0,0.0
MPLADS-003534,1,78.8,92.5,90.8,78.8,13.7,13.7,13.7,-11.2,0.961,0.0,0.0,0.0,0.961,0.0389,13.7,13.7,0,60.0,82.0,22.0,1.3667,1.0,1.0,1.0
MPLADS-003535,1,82.5,95.5,90.4,82.5,13.0,13.0,13.0,-7.5,0.3634,0.0,0.0,0.0,0.3634,-0.0031,13.0,13.0,0,210.0,227.0,17.0,1.081,1.0,1.0,1.0
MPLADS-003536,1,74.2,85.2,88.5,74.2,11.0,11.0,11.0,-15.8,0.4947,0.0,0.0,0.0,0.4947,0.0179,11.0,11.0,0,150.0,150.0,0.0,1.0,1.0,1.0,1.0
MPLADS-003537,1,76.0,90.1,88.5,76.0,14.1,14.1,14.1,-14.0,0.4471,0.0,0.0,0.0,0.4471,-0.0146,14.1,14.1,0,180.0,170.0,0.0,0.9444,1.0,1.0,1.0
MPLADS-003538,1,97.1,85.1,84.8,97.1,12.0,-12.0,-12.0,7.1,1.091,0.0,0.0,0.0,1.091,0.0317,0.0,0.0,0,60.0,89.0,29.0,1.4833,1.0,1.0,1.0
MPLADS-003539,1,77.5,90.9,98.7,77.5,13.4,13.4,13.4,-12.5,0.1863,0.0,0.0,0.0,0.1863,-0.0029,13.4,13.4,0,400.0,416.0,16.0,1.04,1.0,1.0,1.0
MPLADS-003540,1,24.6,90.3,85.5,24.6,65.7,65.7,65.7,-65.4,0.1406,0.0,0.0,0.0,0.1406,0.0311,65.7,65.7,0,180.0,175.0,0.0,0.9722,1.0,1.0,0.0
MPLADS-003541,1,95.7,94.8,87.1,95.7,0.9,-0.9,-0.9,5.7,1.622,0.0,0.0,0.0,1.622,0.0479,0.0,0.0,0,60.0,59.0,0.0,0.9833,1.0,1.0,1.0
MPLADS-003542,1,97.4,91.8,80.5,97.4,5.6,-5.6,-5.6,7.4,0.5441,0.0,0.0,0.0,0.5441,0.0268,0.0,0.0,0,150.0,179.0,29.0,1.1933,1.0,1.0,1.0
MPLADS-003543,1,97.3,92.3,87.7,97.3,5.0,-5.0,-5.0,7.3,0.2397,0.0,0.0,0.0,0.2397,0.0316,0.0,0.0,0,400.0,406.0,6.0,1.015,1.0,1.0,1.0
MPLADS-003544,1,85.3,90.6,83.5,85.3,5.3,5.3,5.3,-4.7,0.3539,0.0,0.0,0.0,0.3539,-0.0076,5.3,5.3,0,210.0,241.0,31.0,1.1476,1.0,1.0,1.0
MPLADS-003545,1,82.5,90.2,88.1,82.5,7.7,7.7,7.7,-7.5,0.7639,0.0,0.0,0.0,0.7639,0.0391,7.7,7.7,0,90.0,108.0,18.0,1.2,1.0,1.0,1.0
MPLADS-003546,1,95.8,89.8,88.0,95.8,6.0,-6.0,-6.0,5.8,1.2127,0.0,0.0,0.0,1.2127,-0.006,0.0,0.0,0,90.0,79.0,0.0,0.8778,1.0,1.0,1.0
MPLADS-003547,1,92.2,94.8,80.9,92.2,2.6,2.6,2.6,2.2,0.518,0.0,0.0,0.0,0.518,0.0448,2.6,2.6,0,160.0,178.0,18.0,1.1125,1.0,1.0,1.0
MPLADS-003548,1,95.4,90.7,85.5,95.4,4.7,-4.7,-4.7,5.4,0.4565,0.0,0.0,0.0,0.4565,0.0229,0.0,0.0,0,180.0,209.0,29.0,1.1611,1.0,1.0,1.0
MPLADS-003549,1,78.2,95.9,80.4,78.2,17.7,17.7,17.7,-11.8,0.9422,0.0,0.0,0.0,0.9422,0.0192,17.7,17.7,0,90.0,83.0,0.0,0.9222,1.0,1.0,1.0
MPLADS-003550,1,74.8,91.6,95.9,74.8,16.8,16.8,16.8,-15.2,0.3528,0.0,0.0,0.0,0.3528,0.0188,16.8,16.8,0,180.0,212.0,32.0,1.1778,1.0,1.0,1.0
MPLADS-003551,1,92.1,89.5,85.9,92.1,2.6,-2.6,-2.6,2.1,1.0233,0.0,0.0,0.0,1.0233,-0.0151,0.0,0.0,0,60.0,90.0,30.0,1.5,1.0,1.0,1.0
MPLADS-003552,1,72.9,88.7,89.5,72.9,15.8,15.8,15.8,-17.1,0.8191,0.0,0.0,0.0,0.8191,0.0196,15.8,15.8,0,60.0,89.0,29.0,1.4833,1.0,1.0,1.0
MPLADS-003553,1,78.0,85.7,90.3,78.0,7.7,7.7,7.7,-12.0,0.4615,0.0,0.0,0.0,0.4615,0.0141,7.7,7.7,0,180.0,169.0,0.0,0.9389,1.0,1.0,1.0
MPLADS-003554,1,97.6,96.3,91.9,97.6,1.3,-1.3,-1.3,7.6,0.6507,0.0,0.0,0.0,0.6507,0.0084,0.0,0.0,0,150.0,150.0,0.0,1.0,1.0,1.0,1.0
MPLADS-003555,1,70.5,95.6,81.2,70.5,25.1,25.1,25.1,-19.5,0.3422,0.0,0.0,0.0,0.3422,0.028,25.1,25.1,0,180.0,206.0,26.0,1.1444,1.0,1.0,1.0
MPLADS-003556,1,72.4,95.3,80.1,72.4,22.9,22.9,22.9,-17.6,0.6136,0.0,0.0,0.0,0.6136,0.0088,22.9,22.9,0,120.0,118.0,0.0,0.9833,1.0,1.0,1.0
MPLADS-003557,1,82.5,152.5,97.2,82.5,70.0,70.0,70.0,-7.5,1.5,0.0,0.0,0.0,1.5,-0.0118,70.0,70.0,0,60.0,55.0,0.0,0.9167,1.0,1.0,1.0
MPLADS-003558,1,73.3,88.7,81.3,73.3,15.4,15.4,15.4,-16.7,0.476,0.0,0.0,0.0,0.476,-0.016,15.4,15.4,0,150.0,154.0,4.0,1.0267,1.0,1.0,1.0
MPLADS-003559,1,77.2,94.7,83.0,77.2,17.5,17.5,17.5,-12.8,0.3624,0.0,0.0,0.0,0.3624,0.0064,17.5,17.5,0,180.0,213.0,33.0,1.1833,1.0,1.0,1.0
MPLADS-003560,1,95.8,88.7,87.7,95.8,7.1,-7.1,-7.1,5.8,0.6303,0.0,0.0,0.0,0.6303,0.0025,0.0,0.0,0,150.0,152.0,2.0,1.0133,1.0,1.0,1.0
MPLADS-003561,1,75.4,89.1,82.6,75.4,13.7,13.7,13.7,-14.6,0.1938,0.0,0.0,0.0,0.1938,0.0258,13.7,13.7,0,400.0,389.0,0.0,0.9725,1.0,1.0,1.0
MPLADS-003562,1,61.1,90.5,95.0,61.1,29.4,29.4,29.4,-28.9,0.1697,0.0,0.0,0.0,0.1697,0.0419,29.4,29.4,2,120.0,360.0,240.0,3.0,1.0,1.0,1.0
MPLADS-003563,1,78.6,87.9,90.5,78.6,9.3,9.3,9.3,-11.4,0.4319,0.0,0.0,0.0,0.4319,-0.0198,9.3,9.3,0,150.0,182.0,32.0,1.2133,1.0,1.0,1.0
MPLADS-003564,1,82.4,91.3,88.4,82.4,8.9,8.9,8.9,-7.6,0.7848,0.0,0.0,0.0,0.7848,0.0227,8.9,8.9,0,120.0,105.0,0.0,0.875,1.0,1.0,1.0
MPLADS-003565,1,72.4,90.5,84.1,72.4,18.1,18.1,18.1,-17.6,0.1753,0.0,0.0,0.0,0.1753,0.0402,18.1,18.1,0,400.0,413.0,13.0,1.0325,1.0,1.0,1.0
MPLADS-003566,1,96.8,97.7,95.1,96.8,0.9,0.9,0.9,6.8,0.2373,0.0,0.0,0.0,0.2373,0.009,0.9,0.9,0,400.0,408.0,8.0,1.02,1.0,1.0,1.0
MPLADS-003567,1,72.3,89.8,97.4,72.3,17.5,17.5,17.5,-17.7,0.4635,0.0,0.0,0.0,0.4635,-0.0119,17.5,17.5,0,150.0,156.0,6.0,1.04,1.0,1.0,1.0
MPLADS-003568,1,94.0,96.2,96.8,94.0,2.2,2.2,2.2,4.0,1.7407,0.0,0.0,0.0,1.7407,0.0219,2.2,2.2,0,60.0,54.0,0.0,0.9,1.0,1.0,1.0
MPLADS-003569,1,86.5,127.1,88.3,86.5,40.6,40.6,40.6,-3.5,0.2168,0.0,0.0,0.0,0.2168,0.0277,40.6,40.6,0,400.0,399.0,0.0,0.9975,1.0,1.0,1.0
MPLADS-003570,1,73.5,91.7,91.9,73.5,18.2,18.2,18.2,-16.5,1.0809,0.0,0.0,0.0,1.0809,-0.0047,18.2,18.2,0,60.0,68.0,8.0,1.1333,1.0,1.0,1.0
MPLADS-003571,1,87.2,86.2,97.3,87.2,1.0,-1.0,-1.0,-2.8,1.0381,0.0,0.0,0.0,1.0381,0.0189,0.0,0.0,0,60.0,84.0,24.0,1.4,1.0,1.0,1.0
MPLADS-003572,1,96.1,92.1,88.7,96.1,4.0,-4.0,-4.0,6.1,0.5824,0.0,0.0,0.0,0.5824,0.0334,0.0,0.0,0,150.0,165.0,15.0,1.1,1.0,1.0,1.0
MPLADS-003573,1,79.8,91.7,95.5,79.8,11.9,11.9,11.9,-10.2,0.9732,0.0,0.0,0.0,0.9732,0.0389,11.9,11.9,0,90.0,82.0,0.0,0.9111,1.0,1.0,1.0
MPLADS-003574,1,79.4,86.1,95.9,79.4,6.7,6.7,6.7,-10.6,0.4315,0.0,0.0,0.0,0.4315,0.0455,6.7,6.7,0,150.0,184.0,34.0,1.2267,1.0,1.0,1.0
MPLADS-003575,1,75.5,95.8,85.2,75.5,20.3,20.3,20.3,-14.5,0.3852,0.0,0.0,0.0,0.3852,0.0062,20.3,20.3,0,180.0,196.0,16.0,1.0889,1.0,1.0,1.0
MPLADS-003576,1,91.9,92.9,95.6,91.9,1.0,1.0,1.0,1.9,0.6209,0.0,0.0,0.0,0.6209,0.0319,1.0,1.0,0,150.0,148.0,0.0,0.9867,1.0,1.0,1.0
MPLADS-003577,1,97.6,86.8,83.7,97.6,10.8,-10.8,-10.8,7.6,0.2275,0.0,0.0,0.0,0.2275,-0.0183,0.0,0.0,0,400.0,429.0,29.0,1.0725,1.0,1.0,1.0
MPLADS-003578,1,71.9,95.2,91.2,71.9,23.3,23.3,23.3,-18.1,0.1123,0.0,0.0,0.0,0.1123,0.0467,23.3,23.3,3,160.0,640.0,480.0,4.0,1.0,1.0,1.0
MPLADS-003579,1,82.8,91.6,98.8,82.8,8.8,8.8,8.8,-7.2,0.3523,0.0,0.0,0.0,0.3523,0.003,8.8,8.8,0,210.0,235.0,25.0,1.119,1.0,1.0,1.0
MPLADS-003580,1,89.1,85.4,99.8,89.1,3.7,-3.7,-3.7,-0.9,0.5335,0.0,0.0,0.0,0.5335,0.0406,0.0,0.0,0,160.0,167.0,7.0,1.0437,1.0,1.0,1.0
MPLADS-003581,1,70.2,89.4,95.4,70.2,19.2,19.2,19.2,-19.8,0.4011,0.0,0.0,0.0,0.4011,0.0007,19.2,19.2,0,160.0,175.0,15.0,1.0938,1.0,1.0,1.0
MPLADS-003582,1,75.8,90.2,81.0,75.8,14.4,14.4,14.4,-14.2,0.3158,0.0,0.0,0.0,0.3158,0.0457,14.4,14.4,0,210.0,240.0,30.0,1.1429,1.0,1.0,1.0
MPLADS-003583,1,80.9,92.2,83.4,80.9,11.3,11.3,11.3,-9.1,0.3428,0.0,0.0,0.0,0.3428,-0.0087,11.3,11.3,0,210.0,236.0,26.0,1.1238,1.0,1.0,1.0
MPLADS-003584,1,95.8,93.8,96.7,95.8,2.0,-2.0,-2.0,5.8,0.5538,0.0,0.0,0.0,0.5538,0.0238,0.0,0.0,0,160.0,173.0,13.0,1.0813,1.0,1.0,1.0
MPLADS-003585,1,91.6,94.4,92.6,91.6,2.8,2.8,2.8,1.6,0.757,0.0,0.0,0.0,0.757,0.0492,2.8,2.8,0,90.0,121.0,31.0,1.3444,1.0,1.0,1.0
MPLADS-003586,1,94.7,96.6,82.6,94.7,1.9,1.9,1.9,4.7,0.9763,0.0,0.0,0.0,0.9763,0.0042,1.9,1.9,0,90.0,97.0,7.0,1.0778,1.0,1.0,1.0
MPLADS-003587,1,92.8,94.4,98.3,92.8,1.6,1.6,1.6,2.8,0.2242,0.0,0.0,0.0,0.2242,-0.0197,1.6,1.6,0,400.0,414.0,14.0,1.035,1.0,1.0,1.0
MPLADS-003588,1,78.5,93.6,87.0,78.5,15.1,15.1,15.1,-11.5,0.4618,0.0,0.0,0.0,0.4618,0.014,15.1,15.1,0,180.0,170.0,0.0,0.9444,1.0,1.0,1.0
MPLADS-003589,1,91.5,94.2,81.7,91.5,2.7,2.7,2.7,1.5,1.83,0.0,0.0,0.0,1.83,-0.0159,2.7,2.7,0,60.0,50.0,0.0,0.8333,1.0,1.0,1.0
MPLADS-003590,1,96.1,96.5,86.7,96.1,0.4,0.4,0.4,6.1,0.4954,0.0,0.0,0.0,0.4954,-0.0181,0.4,0.4,0,180.0,194.0,14.0,1.0778,1.0,1.0,1.0
MPLADS-003591,1,93.1,90.5,92.2,93.1,2.6,-2.6,-2.6,3.1,0.5172,0.0,0.0,0.0,0.5172,-0.0001,0.0,0.0,0,180.0,180.0,0.0,1.0,1.0,1.0,1.0
MPLADS-003592,1,74.8,91.2,88.5,74.8,16.4,16.4,16.4,-15.2,0.7124,0.0,0.0,0.0,0.7124,0.0219,16.4,16.4,0,120.0,105.0,0.0,0.875,1.0,1.0,1.0
MPLADS-003593,1,96.3,91.8,88.1,96.3,4.5,-4.5,-4.5,6.3,0.2271,0.0,0.0,0.0,0.2271,0.0289,0.0,0.0,0,400.0,424.0,24.0,1.06,1.0,1.0,1.0
MPLADS-003594,1,86.4,86.4,97.7,86.4,0.0,0.0,0.0,-3.6,0.6261,0.0,0.0,0.0,0.6261,0.045,0.0,0.0,0,150.0,138.0,0.0,0.92,1.0,1.0,1.0
MPLADS-003595,1,78.3,87.7,97.3,78.3,9.4,9.4,9.4,-11.7,0.7909,0.0,0.0,0.0,0.7909,-0.014,9.4,9.4,0,90.0,99.0,9.0,1.1,1.0,1.0,1.0
MPLADS-003596,1,18.5,49.2,83.9,18.5,30.7,30.7,30.7,-71.5,0.0436,0.0,0.0,0.0,0.0436,0.029,30.7,30.7,0,400.0,424.0,24.0,1.06,1.0,1.0,1.0
MPLADS-003597,1,80.7,91.3,98.7,80.7,10.6,10.6,10.6,-9.3,0.5206,0.0,0.0,0.0,0.5206,0.014,10.6,10.6,0,150.0,155.0,5.0,1.0333,1.0,1.0,1.0
MPLADS-003598,1,83.3,94.9,81.5,83.3,11.6,11.6,11.6,-6.7,0.9466,0.0,0.0,0.0,0.9466,0.0179,11.6,11.6,0,90.0,88.0,0.0,0.9778,1.0,1.0,1.0
MPLADS-003599,1,81.6,97.9,80.9,81.6,16.3,16.3,16.3,-8.4,0.8412,0.0,0.0,0.0,0.8412,-0.014,16.3,16.3,0,90.0,97.0,7.0,1.0778,1.0,1.0,1.0
MPLADS-003600,1,49.7,94.9,95.5,49.7,45.2,45.2,45.2,-40.3,0.2071,0.0,0.0,0.0,0.2071,0.0327,45.2,45.2,2,60.0,240.0,180.0,4.0,1.0,1.0,1.0
MPLADS-003601,1,72.3,86.5,93.0,72.3,14.2,14.2,14.2,-17.7,0.3257,0.0,0.0,0.0,0.3257,0.0326,14.2,14.2,0,210.0,222.0,12.0,1.0571,1.0,1.0,1.0
MPLADS-003602,1,95.3,93.4,87.6,95.3,1.9,-1.9,-1.9,5.3,0.4862,0.0,0.0,0.0,0.4862,0.0295,0.0,0.0,0,180.0,196.0,16.0,1.0889,0.0,0.0,0.0
MPLADS-003603,1,93.2,91.3,92.8,93.2,1.9,-1.9,-1.9,3.2,0.6754,0.0,0.0,0.0,0.6754,0.0144,0.0,0.0,0,150.0,138.0,0.0,0.92,1.0,1.0,1.0
MPLADS-003604,1,91.0,94.0,80.4,91.0,3.0,3.0,3.0,1.0,0.4667,0.0,0.0,0.0,0.4667,0.0387,3.0,3.0,0,210.0,195.0,0.0,0.9286,1.0,1.0,1.0
MPLADS-003605,1,76.0,132.6,86.9,76.0,56.6,56.6,56.6,-14.0,1.3103,0.0,0.0,0.0,1.3103,0.0104,56.6,56.6,0,60.0,58.0,0.0,0.9667,1.0,1.0,1.0
MPLADS-003606,1,81.4,85.5,97.6,81.4,4.1,4.1,4.1,-8.6,0.2,0.0,0.0,0.0,0.2,0.0129,4.1,4.1,0,400.0,407.0,7.0,1.0175,1.0,1.0,1.0
MPLADS-003607,1,95.2,92.4,87.2,95.2,2.8,-2.8,-2.8,5.2,0.4491,0.0,0.0,0.0,0.4491,0.0234,0.0,0.0,0,180.0,212.0,32.0,1.1778,1.0,1.0,1.0
MPLADS-003608,1,80.0,93.8,84.9,80.0,13.8,13.8,13.8,-10.0,0.9756,0.0,0.0,0.0,0.9756,0.0141,13.8,13.8,0,60.0,82.0,22.0,1.3667,1.0,1.0,1.0
MPLADS-003609,1,70.7,88.2,80.9,70.7,17.5,17.5,17.5,-19.3,0.2921,0.0,0.0,0.0,0.2921,0.0161,17.5,17.5,0,210.0,242.0,32.0,1.1524,1.0,1.0,1.0
MPLADS-003610,1,24.1,54.6,95.9,24.1,30.5,30.5,30.5,-65.9,0.3544,0.0,0.0,0.0,0.3544,0.0461,30.5,30.5,0,60.0,68.0,8.0,1.1333,1.0,1.0,1.0
MPLADS-003611,1,97.9,151.2,91.9,97.9,53.3,53.3,53.3,7.9,0.4275,0.0,0.0,0.0,0.4275,0.0149,53.3,53.3,0,210.0,229.0,19.0,1.0905,1.0,1.0,1.0
MPLADS-003612,1,75.2,97.4,85.7,75.2,22.2,22.2,22.2,-14.8,0.6836,0.0,0.0,0.0,0.6836,0.0319,22.2,22.2,0,120.0,110.0,0.0,0.9167,1.0,1.0,1.0
MPLADS-003613,1,93.9,92.0,86.1,93.9,1.9,-1.9,-1.9,3.9,0.5556,0.0,0.0,0.0,0.5556,-0.0065,0.0,0.0,0,160.0,169.0,9.0,1.0562,1.0,1.0,1.0
MPLADS-003614,1,74.6,90.6,96.9,74.6,16.0,16.0,16.0,-15.4,0.7386,0.0,0.0,0.0,0.7386,0.0266,16.0,16.0,0,90.0,101.0,11.0,1.1222,1.0,1.0,1.0
MPLADS-003615,1,72.1,95.1,86.7,72.1,23.0,23.0,23.0,-17.9,0.627,0.0,0.0,0.0,0.627,0.0265,23.0,23.0,0,90.0,115.0,25.0,1.2778,1.0,1.0,1.0
MPLADS-003616,1,89.4,86.3,86.2,89.4,3.1,-3.1,-3.1,-0.6,0.2275,0.0,0.0,0.0,0.2275,0.0034,0.0,0.0,0,400.0,393.0,0.0,0.9825,1.0,1.0,1.0
MPLADS-003617,1,98.7,91.1,87.8,98.7,7.6,-7.6,-7.6,8.7,0.2295,0.0,0.0,0.0,0.2295,0.0173,0.0,0.0,0,400.0,430.0,30.0,1.075,1.0,1.0,1.0
MPLADS-003618,1,33.0,91.5,91.9,33.0,58.5,58.5,58.5,-57.0,0.1441,0.0,0.0,0.0,0.1441,-0.0171,58.5,58.5,0,210.0,229.0,19.0,1.0905,1.0,1.0,0.0
MPLADS-003619,1,96.3,96.7,89.4,96.3,0.4,0.4,0.4,6.3,0.5503,0.0,0.0,0.0,0.5503,-0.0058,0.4,0.4,0,180.0,175.0,0.0,0.9722,1.0,1.0,1.0
MPLADS-003620,1,99.5,96.5,93.2,99.5,3.0,-3.0,-3.0,9.5,0.2551,0.0,0.0,0.0,0.2551,0.0446,0.0,0.0,0,400.0,390.0,0.0,0.975,1.0,1.0,1.0
MPLADS-003621,1,85.9,89.6,82.8,85.9,3.7,3.7,3.7,-4.1,0.8104,0.0,0.0,0.0,0.8104,0.0347,3.7,3.7,0,90.0,106.0,16.0,1.1778,1.0,1.0,1.0
MPLADS-003622,1,31.1,88.2,88.8,31.1,57.1,57.1,57.1,-58.9,0.206,0.0,0.0,0.0,0.206,-0.0118,57.1,57.1,0,150.0,151.0,1.0,1.0067,1.0,1.0,0.0
MPLADS-003623,1,99.0,97.7,97.0,99.0,1.3,-1.3,-1.3,9.0,0.6226,0.0,0.0,0.0,0.6226,0.0284,0.0,0.0,0,160.0,159.0,0.0,0.9938,1.0,1.0,1.0
MPLADS-003624,1,97.5,89.1,95.3,97.5,8.4,-8.4,-8.4,7.5,0.7331,0.0,0.0,0.0,0.7331,-0.0081,0.0,0.0,0,120.0,133.0,13.0,1.1083,1.0,1.0,1.0
MPLADS-003625,1,85.7,88.7,88.3,85.7,3.0,3.0,3.0,-4.3,1.113,0.0,0.0,0.0,1.113,0.0039,3.0,3.0,0,90.0,77.0,0.0,0.8556,1.0,1.0,1.0
MPLADS-003626,1,76.5,85.6,98.1,76.5,9.1,9.1,9.1,-13.5,0.4026,0.0,0.0,0.0,0.4026,-0.0069,9.1,9.1,0,160.0,190.0,30.0,1.1875,1.0,1.0,1.0
MPLADS-003627,1,89.7,91.9,84.4,89.7,2.2,2.2,2.2,-0.3,0.6186,0.0,0.0,0.0,0.6186,0.0276,2.2,2.2,0,150.0,145.0,0.0,0.9667,1.0,1.0,1.0
MPLADS-003628,1,82.8,89.5,93.7,82.8,6.7,6.7,6.7,-7.2,0.5671,0.0,0.0,0.0,0.5671,0.0221,6.7,6.7,0,160.0,146.0,0.0,0.9125,1.0,1.0,1.0
MPLADS-003629,1,91.2,87.9,93.5,91.2,3.3,-3.3,-3.3,1.2,1.1122,0.0,0.0,0.0,1.1122,0.0441,0.0,0.0,0,90.0,82.0,0.0,0.9111,1.0,1.0,1.0
MPLADS-003630,1,83.2,86.1,96.9,83.2,2.9,2.9,2.9,-6.8,0.6764,0.0,0.0,0.0,0.6764,0.035,2.9,2.9,0,120.0,123.0,3.0,1.025,1.0,1.0,1.0
MPLADS-003631,1,17.7,62.1,88.9,17.7,44.4,44.4,44.4,-72.3,0.0753,0.0,0.0,0.0,0.0753,0.0034,44.4,44.4,0,210.0,235.0,25.0,1.119,1.0,1.0,1.0
MPLADS-003632,1,22.4,94.0,82.6,22.4,71.6,71.6,71.6,-67.6,0.2093,0.0,0.0,0.0,0.2093,0.0424,71.6,71.6,0,90.0,107.0,17.0,1.1889,1.0,1.0,0.0
MPLADS-003633,1,94.7,93.7,87.4,94.7,1.0,-1.0,-1.0,4.7,0.5506,0.0,0.0,0.0,0.5506,0.0234,0.0,0.0,0,150.0,172.0,22.0,1.1467,1.0,1.0,1.0
MPLADS-003634,1,95.3,91.5,84.6,95.3,3.8,-3.8,-3.8,5.3,1.2539,0.0,0.0,0.0,1.2539,0.008,0.0,0.0,0,90.0,76.0,0.0,0.8444,1.0,1.0,1.0
MPLADS-003635,1,80.0,93.2,82.2,80.0,13.2,13.2,13.2,-10.0,1.0127,0.0,0.0,0.0,1.0127,0.0161,13.2,13.2,0,60.0,79.0,19.0,1.3167,1.0,1.0,1.0
MPLADS-003636,1,77.1,87.8,95.8,77.1,10.7,10.7,10.7,-12.9,0.4331,0.0,0.0,0.0,0.4331,0.0126,10.7,10.7,0,150.0,178.0,28.0,1.1867,1.0,1.0,1.0
MPLADS-003637,1,70.5,157.5,93.9,70.5,87.0,87.0,87.0,-19.5,0.164,0.0,0.0,0.0,0.164,-0.0115,87.0,87.0,0,400.0,430.0,30.0,1.075,1.0,1.0,1.0
MPLADS-003638,1,84.5,90.7,95.1,84.5,6.2,6.2,6.2,-5.5,1.837,0.0,0.0,0.0,1.837,-0.0062,6.2,6.2,0,60.0,46.0,0.0,0.7667,1.0,1.0,1.0
MPLADS-003639,1,94.2,86.7,94.0,94.2,7.5,-7.5,-7.5,4.2,0.7721,0.0,0.0,0.0,0.7721,0.0214,0.0,0.0,0,90.0,122.0,32.0,1.3556,1.0,1.0,1.0
MPLADS-003640,1,86.5,89.0,94.1,86.5,2.5,2.5,2.5,-3.5,0.4159,0.0,0.0,0.0,0.4159,-0.0033,2.5,2.5,0,180.0,208.0,28.0,1.1556,1.0,1.0,1.0
MPLADS-003641,1,79.5,87.0,89.0,79.5,7.5,7.5,7.5,-10.5,0.5336,0.0,0.0,0.0,0.5336,0.0064,7.5,7.5,0,150.0,149.0,0.0,0.9933,1.0,1.0,1.0
MPLADS-003642,1,99.1,86.9,92.1,99.1,12.2,-12.2,-12.2,9.1,0.4525,0.0,0.0,0.0,0.4525,0.0461,0.0,0.0,0,210.0,219.0,9.0,1.0429,1.0,1.0,1.0
MPLADS-003643,1,79.4,96.4,81.9,79.4,17.0,17.0,17.0,-10.6,0.401,0.0,0.0,0.0,0.401,0.05,17.0,17.0,0,210.0,198.0,0.0,0.9429,1.0,1.0,1.0
MPLADS-003644,1,93.5,95.7,97.4,93.5,2.2,2.2,2.2,3.5,0.4947,0.0,0.0,0.0,0.4947,0.0106,2.2,2.2,0,160.0,189.0,29.0,1.1812,1.0,1.0,1.0
MPLADS-003645,1,78.6,93.6,88.9,78.6,15.0,15.0,15.0,-11.4,0.3834,0.0,0.0,0.0,0.3834,0.0303,15.0,15.0,0,180.0,205.0,25.0,1.1389,1.0,1.0,1.0
MPLADS-003646,1,19.1,87.1,94.2,19.1,68.0,68.0,68.0,-70.9,0.1257,0.0,0.0,0.0,0.1257,0.0416,68.0,68.0,0,120.0,152.0,32.0,1.2667,1.0,1.0,0.0
MPLADS-003647,1,80.5,86.5,80.8,80.5,6.0,6.0,6.0,-9.5,1.0733,0.0,0.0,0.0,1.0733,0.0085,6.0,6.0,0,90.0,75.0,0.0,0.8333,1.0,1.0,1.0
MPLADS-003648,1,79.7,94.5,97.4,79.7,14.8,14.8,14.8,-10.3,0.3293,0.0,0.0,0.0,0.3293,-0.0168,14.8,14.8,0,210.0,242.0,32.0,1.1524,1.0,1.0,1.0
MPLADS-003649,1,77.5,90.1,87.9,77.5,12.6,12.6,12.6,-12.5,0.3995,0.0,0.0,0.0,0.3995,0.0458,12.6,12.6,0,180.0,194.0,14.0,1.0778,1.0,1.0,1.0
MPLADS-003650,1,13.4,51.0,97.3,13.4,37.6,37.6,37.6,-76.6,0.0993,0.0,0.0,0.0,0.0993,0.043,37.6,37.6,0,150.0,135.0,0.0,0.9,1.0,1.0,1.0
MPLADS-003651,1,81.3,96.5,92.9,81.3,15.2,15.2,15.2,-8.7,0.4567,0.0,0.0,0.0,0.4567,0.0346,15.2,15.2,0,160.0,178.0,18.0,1.1125,1.0,1.0,1.0
MPLADS-003652,1,75.7,89.1,96.7,75.7,13.4,13.4,13.4,-14.3,0.1752,0.0,0.0,0.0,0.1752,-0.0197,13.4,13.4,0,400.0,432.0,32.0,1.08,1.0,1.0,1.0
MPLADS-003653,1,73.2,86.8,97.5,73.2,13.6,13.6,13.6,-16.8,1.22,0.0,0.0,0.0,1.22,0.0057,13.6,13.6,0,60.0,60.0,0.0,1.0,1.0,1.0,1.0
MPLADS-003654,1,75.4,85.6,80.8,75.4,10.2,10.2,10.2,-14.6,0.1774,0.0,0.0,0.0,0.1774,-0.0129,10.2,10.2,0,400.0,425.0,25.0,1.0625,1.0,1.0,1.0
MPLADS-003655,1,48.9,92.4,89.5,48.9,43.5,43.5,43.5,-41.1,0.0764,0.0,0.0,0.0,0.0764,0.0384,43.5,43.5,4,160.0,640.0,480.0,4.0,1.0,1.0,1.0
MPLADS-003656,1,76.9,94.7,93.2,76.9,17.8,17.8,17.8,-13.1,0.4524,0.0,0.0,0.0,0.4524,0.0217,17.8,17.8,0,160.0,170.0,10.0,1.0625,1.0,1.0,1.0
MPLADS-003657,1,80.6,90.0,91.7,80.6,9.4,9.4,9.4,-9.4,0.382,0.0,0.0,0.0,0.382,-0.0105,9.4,9.4,0,210.0,211.0,1.0,1.0048,1.0,1.0,1.0
MPLADS-003658,1,19.6,90.1,88.2,19.6,70.5,70.5,70.5,-70.4,0.0503,0.0,0.0,0.0,0.0503,0.0224,70.5,70.5,0,400.0,390.0,0.0,0.975,1.0,1.0,0.0
MPLADS-003659,1,86.8,96.4,99.9,86.8,9.6,9.6,9.6,-3.2,0.7174,0.0,0.0,0.0,0.7174,0.0276,9.6,9.6,0,90.0,121.0,31.0,1.3444,1.0,1.0,1.0
MPLADS-003660,1,86.3,97.8,90.0,86.3,11.5,11.5,11.5,-3.7,0.4426,0.0,0.0,0.0,0.4426,-0.0088,11.5,11.5,0,180.0,195.0,15.0,1.0833,1.0,1.0,1.0
MPLADS-003661,1,95.7,85.3,93.7,95.7,10.4,-10.4,-10.4,5.7,0.6019,0.0,0.0,0.0,0.6019,0.0214,0.0,0.0,0,160.0,159.0,0.0,0.9938,1.0,1.0,1.0
MPLADS-003662,1,72.1,87.9,93.8,72.1,15.8,15.8,15.8,-17.9,0.1681,0.0,0.0,0.0,0.1681,0.0121,15.8,15.8,0,400.0,429.0,29.0,1.0725,1.0,1.0,1.0
MPLADS-003663,1,63.8,89.8,96.5,63.8,26.0,26.0,26.0,-26.2,0.0886,0.0,0.0,0.0,0.0886,0.0286,26.0,26.0,4,180.0,720.0,540.0,4.0,1.0,1.0,1.0
MPLADS-003664,1,86.3,94.9,95.0,86.3,8.6,8.6,8.6,-3.7,0.3581,0.0,0.0,0.0,0.3581,0.0391,8.6,8.6,0,210.0,241.0,31.0,1.1476,1.0,1.0,1.0
MPLADS-003665,1,70.9,90.2,93.0,70.9,19.3,19.3,19.3,-19.1,0.1708,0.0,0.0,0.0,0.1708,0.0142,19.3,19.3,0,400.0,415.0,15.0,1.0375,1.0,1.0,1.0
MPLADS-003666,1,13.2,53.6,99.8,13.2,40.4,40.4,40.4,-76.8,0.0737,0.0,0.0,0.0,0.0737,0.0007,40.4,40.4,0,180.0,179.0,0.0,0.9944,1.0,1.0,1.0
MPLADS-003667,1,79.5,93.0,87.4,79.5,13.5,13.5,13.5,-10.5,0.5,0.0,0.0,0.0,0.5,0.0423,13.5,13.5,0,160.0,159.0,0.0,0.9938,1.0,1.0,1.0
MPLADS-003668,1,85.4,93.0,95.9,85.4,7.6,7.6,7.6,-4.6,0.5582,0.0,0.0,0.0,0.5582,0.0035,7.6,7.6,0,120.0,153.0,33.0,1.275,1.0,1.0,1.0
MPLADS-003669,1,96.8,93.6,99.1,96.8,3.2,-3.2,-3.2,6.8,0.484,0.0,0.0,0.0,0.484,0.038,0.0,0.0,0,210.0,200.0,0.0,0.9524,1.0,1.0,1.0
MPLADS-003670,1,82.2,85.4,89.7,82.2,3.2,3.2,3.2,-7.8,0.2015,0.0,0.0,0.0,0.2015,0.0121,3.2,3.2,0,400.0,408.0,8.0,1.02,1.0,1.0,1.0
MPLADS-003671,1,94.3,90.7,87.1,94.3,3.6,-3.6,-3.6,4.3,0.4668,0.0,0.0,0.0,0.4668,0.0301,0.0,0.0,0,180.0,202.0,22.0,1.1222,1.0,1.0,1.0
MPLADS-003672,1,71.6,96.2,96.8,71.6,24.6,24.6,24.6,-18.4,0.8732,0.0,0.0,0.0,0.8732,-0.0027,24.6,24.6,0,90.0,82.0,0.0,0.9111,1.0,1.0,1.0
MPLADS-003673,1,83.9,96.3,90.0,83.9,12.4,12.4,12.4,-6.1,0.2072,0.0,0.0,0.0,0.2072,0.0108,12.4,12.4,0,400.0,405.0,5.0,1.0125,1.0,1.0,1.0
MPLADS-003674,1,74.2,87.1,99.1,74.2,12.9,12.9,12.9,-15.8,0.5984,0.0,0.0,0.0,0.5984,-0.0042,12.9,12.9,0,90.0,124.0,34.0,1.3778,1.0,1.0,1.0
MPLADS-003675,1,79.6,88.6,89.5,79.6,9.0,9.0,9.0,-10.4,0.2015,0.0,0.0,0.0,0.2015,-0.006,9.0,9.0,0,400.0,395.0,0.0,0.9875,1.0,1.0,1.0
MPLADS-003676,1,81.2,91.5,96.2,81.2,10.3,10.3,10.3,-8.8,0.9022,0.0,0.0,0.0,0.9022,0.0138,10.3,10.3,0,90.0,90.0,0.0,1.0,1.0,1.0,1.0
MPLADS-003677,1,73.1,88.2,81.1,73.1,15.1,15.1,15.1,-16.9,0.177,0.0,0.0,0.0,0.177,0.0016,15.1,15.1,0,400.0,413.0,13.0,1.0325,1.0,1.0,1.0
MPLADS-003678,1,89.6,90.9,94.0,89.6,1.3,1.3,1.3,-0.4,0.4287,0.0,0.0,0.0,0.4287,0.0035,1.3,1.3,0,180.0,209.0,29.0,1.1611,1.0,1.0,1.0
MPLADS-003679,1,96.4,85.8,90.3,96.4,10.6,-10.6,-10.6,6.4,0.2323,0.0,0.0,0.0,0.2323,-0.0115,0.0,0.0,0,400.0,415.0,15.0,1.0375,1.0,1.0,1.0
MPLADS-003680,1,92.3,86.4,93.4,92.3,5.9,-5.9,-5.9,2.3,0.3846,0.0,0.0,0.0,0.3846,0.0144,0.0,0.0,0,210.0,240.0,30.0,1.1429,1.0,1.0,1.0
MPLADS-003681,1,71.9,89.7,88.7,71.9,17.8,17.8,17.8,-18.1,0.2663,0.0,0.0,0.0,0.2663,0.0268,17.8,17.8,3,90.0,270.0,180.0,3.0,1.0,1.0,1.0
MPLADS-003682,1,30.9,87.5,80.2,30.9,56.6,56.6,56.6,-59.1,0.1828,0.0,0.0,0.0,0.1828,0.0095,56.6,56.6,0,180.0,169.0,0.0,0.9389,1.0,1.0,0.0
MPLADS-003683,1,74.4,89.5,83.4,74.4,15.1,15.1,15.1,-15.6,1.3778,0.0,0.0,0.0,1.3778,0.0141,15.1,15.1,0,60.0,54.0,0.0,0.9,1.0,1.0,1.0
MPLADS-003684,1,23.8,87.2,82.9,23.8,63.4,63.4,63.4,-66.2,0.1442,0.0,0.0,0.0,0.1442,0.049,63.4,63.4,0,150.0,165.0,15.0,1.1,1.0,1.0,0.0
MPLADS-003685,1,89.1,88.5,85.7,89.1,0.6,-0.6,-0.6,-0.9,0.5211,0.0,0.0,0.0,0.5211,0.0384,0.0,0.0,0,150.0,171.0,21.0,1.14,1.0,1.0,1.0
MPLADS-003686,1,71.0,94.1,97.8,71.0,23.1,23.1,23.1,-19.0,0.3604,0.0,0.0,0.0,0.3604,0.0132,23.1,23.1,0,210.0,197.0,0.0,0.9381,0.0,0.0,0.0
MPLADS-003687,1,71.2,89.4,84.0,71.2,18.2,18.2,18.2,-18.8,0.4623,0.0,0.0,0.0,0.4623,0.018,18.2,18.2,0,150.0,154.0,4.0,1.0267,1.0,1.0,1.0
MPLADS-003688,1,87.4,90.1,89.7,87.4,2.7,2.7,2.7,-2.6,0.4776,0.0,0.0,0.0,0.4776,0.0225,2.7,2.7,0,150.0,183.0,33.0,1.22,1.0,1.0,1.0
MPLADS-003689,1,76.4,88.1,98.9,76.4,11.7,11.7,11.7,-13.6,1.0761,0.0,0.0,0.0,1.0761,0.013,11.7,11.7,0,60.0,71.0,11.0,1.1833,1.0,1.0,1.0
MPLADS-003690,1,75.8,94.8,83.2,75.8,19.0,19.0,19.0,-14.2,0.6264,0.0,0.0,0.0,0.6264,0.014,19.0,19.0,0,90.0,121.0,31.0,1.3444,1.0,1.0,1.0
MPLADS-003691,1,79.9,96.8,86.0,79.9,16.9,16.9,16.9,-10.1,0.7134,0.0,0.0,0.0,0.7134,0.0163,16.9,16.9,0,120.0,112.0,0.0,0.9333,1.0,1.0,1.0
MPLADS-003692,1,90.2,92.5,86.1,90.2,2.3,2.3,2.3,0.2,0.5275,0.0,0.0,0.0,0.5275,0.0202,2.3,2.3,0,150.0,171.0,21.0,1.14,1.0,1.0,1.0
MPLADS-003693,1,85.5,86.8,90.1,85.5,1.3,1.3,1.3,-4.5,1.3359,0.0,0.0,0.0,1.3359,0.0317,1.3,1.3,0,60.0,64.0,4.0,1.0667,1.0,1.0,1.0
MPLADS-003694,1,85.2,92.4,85.7,85.2,7.2,7.2,7.2,-4.8,0.568,0.0,0.0,0.0,0.568,-0.0035,7.2,7.2,0,120.0,150.0,30.0,1.25,1.0,1.0,1.0
MPLADS-003695,1,76.0,146.3,82.8,76.0,70.3,70.3,70.3,-14.0,1.3818,0.0,0.0,0.0,1.3818,0.0112,70.3,70.3,0,60.0,55.0,0.0,0.9167,1.0,1.0,1.0
MPLADS-003696,1,89.8,90.9,87.8,89.8,1.1,1.1,1.1,-0.2,0.5314,0.0,0.0,0.0,0.5314,-0.0155,1.1,1.1,0,150.0,169.0,19.0,1.1267,1.0,1.0,1.0
MPLADS-003697,1,83.7,94.2,96.7,83.7,10.5,10.5,10.5,-6.3,0.2141,0.0,0.0,0.0,0.2141,0.0482,10.5,10.5,0,400.0,391.0,0.0,0.9775,1.0,1.0,1.0
MPLADS-003698,1,87.8,88.6,92.3,87.8,0.8,0.8,0.8,-2.2,0.6504,0.0,0.0,0.0,0.6504,0.0293,0.8,0.8,0,150.0,135.0,0.0,0.9,1.0,1.0,1.0
MPLADS-003699,1,91.8,142.8,97.5,91.8,51.0,51.0,51.0,1.8,0.54,0.0,0.0,0.0,0.54,0.0127,51.0,51.0,0,160.0,170.0,10.0,1.0625,1.0,1.0,1.0
MPLADS-003700,1,70.4,95.1,93.5,70.4,24.7,24.7,24.7,-19.6,0.5101,0.0,0.0,0.0,0.5101,0.0262,24.7,24.7,0,150.0,138.0,0.0,0.92,1.0,1.0,1.0
MPLADS-003701,1,19.3,40.2,95.9,19.3,20.9,20.9,20.9,-70.7,0.0465,0.0,0.0,0.0,0.0465,0.0164,20.9,20.9,0,400.0,415.0,15.0,1.0375,1.0,1.0,1.0
MPLADS-003702,1,96.9,96.4,88.1,96.9,0.5,-0.5,-0.5,6.9,0.5383,0.0,0.0,0.0,0.5383,0.0421,0.0,0.0,0,180.0,180.0,0.0,1.0,1.0,1.0,1.0
MPLADS-003703,1,82.6,96.1,80.8,82.6,13.5,13.5,13.5,-7.4,0.3623,0.0,0.0,0.0,0.3623,0.0342,13.5,13.5,0,210.0,228.0,18.0,1.0857,1.0,1.0,1.0
MPLADS-003704,1,89.5,97.1,97.7,89.5,7.6,7.6,7.6,-0.5,0.4812,0.0,0.0,0.0,0.4812,-0.0016,7.6,7.6,0,160.0,186.0,26.0,1.1625,1.0,1.0,1.0
MPLADS-003705,1,76.2,95.3,80.0,76.2,19.1,19.1,19.1,-13.8,0.421,0.0,0.0,0.0,0.421,0.018,19.1,19.1,0,160.0,181.0,21.0,1.1313,1.0,1.0,1.0
MPLADS-003706,1,83.9,92.6,86.8,83.9,8.7,8.7,8.7,-6.1,1.0896,0.0,0.0,0.0,1.0896,-0.0052,8.7,8.7,0,60.0,77.0,17.0,1.2833,1.0,1.0,1.0
MPLADS-003707,1,79.2,87.4,81.5,79.2,8.2,8.2,8.2,-10.8,0.2015,0.0,0.0,0.0,0.2015,0.0382,8.2,8.2,0,400.0,393.0,0.0,0.9825,1.0,1.0,1.0
MPLADS-003708,1,95.1,94.7,92.0,95.1,0.4,-0.4,-0.4,5.1,0.7097,0.0,0.0,0.0,0.7097,0.0334,0.0,0.0,0,120.0,134.0,14.0,1.1167,1.0,1.0,1.0
MPLADS-003709,1,86.0,89.9,82.4,86.0,3.9,3.9,3.9,-4.0,0.4,0.0,0.0,0.0,0.4,0.0167,3.9,3.9,0,210.0,215.0,5.0,1.0238,1.0,1.0,1.0
MPLADS-003710,1,77.4,90.9,89.8,77.4,13.5,13.5,13.5,-12.6,0.3703,0.0,0.0,0.0,0.3703,-0.0017,13.5,13.5,0,180.0,209.0,29.0,1.1611,1.0,1.0,1.0
MPLADS-003711,1,81.3,91.6,85.8,81.3,10.3,10.3,10.3,-8.7,0.2079,0.0,0.0,0.0,0.2079,0.0212,10.3,10.3,0,400.0,391.0,0.0,0.9775,1.0,1.0,1.0
MPLADS-003712,1,81.3,95.7,99.0,81.3,14.4,14.4,14.4,-8.7,0.3662,0.0,0.0,0.0,0.3662,-0.0133,14.4,14.4,0,210.0,222.0,12.0,1.0571,1.0,1.0,1.0
MPLADS-003713,1,82.8,88.4,89.0,82.8,5.6,5.6,5.6,-7.2,0.4549,0.0,0.0,0.0,0.4549,0.0476,5.6,5.6,0,180.0,182.0,2.0,1.0111,1.0,1.0,1.0
MPLADS-003714,1,77.0,95.7,95.1,77.0,18.7,18.7,18.7,-13.0,0.3195,0.0,0.0,0.0,0.3195,-0.0088,18.7,18.7,0,210.0,241.0,31.0,1.1476,1.0,1.0,1.0
MPLADS-003715,1,71.4,142.6,91.1,71.4,71.2,71.2,71.2,-18.6,1.0056,0.0,0.0,0.0,1.0056,0.017,71.2,71.2,0,60.0,71.0,11.0,1.1833,1.0,1.0,1.0
MPLADS-003716,1,18.1,51.5,88.6,18.1,33.4,33.4,33.4,-71.9,0.0449,0.0,0.0,0.0,0.0449,0.0263,33.4,33.4,0,400.0,403.0,3.0,1.0075,1.0,1.0,1.0
MPLADS-003717,1,89.1,96.2,81.4,89.1,7.1,7.1,7.1,-0.9,0.4106,0.0,0.0,0.0,0.4106,-0.0176,7.1,7.1,0,210.0,217.0,7.0,1.0333,1.0,1.0,1.0
MPLADS-003718,1,70.9,91.9,88.4,70.9,21.0,21.0,21.0,-19.1,0.2906,0.0,0.0,0.0,0.2906,0.0399,21.0,21.0,0,210.0,244.0,34.0,1.1619,1.0,1.0,1.0
MPLADS-003719,1,21.9,64.0,88.4,21.9,42.1,42.1,42.1,-68.1,0.2808,0.0,0.0,0.0,0.2808,0.0495,42.1,42.1,0,90.0,78.0,0.0,0.8667,1.0,1.0,1.0
MPLADS-003720,1,97.0,85.3,86.1,97.0,11.7,-11.7,-11.7,7.0,0.6218,0.0,0.0,0.0,0.6218,0.0379,0.0,0.0,0,160.0,156.0,0.0,0.975,1.0,1.0,1.0
MPLADS-003721,1,78.5,91.8,96.8,78.5,13.3,13.3,13.3,-11.5,0.6488,0.0,0.0,0.0,0.6488,0.0198,13.3,13.3,0,120.0,121.0,1.0,1.0083,1.0,1.0,1.0
MPLADS-003722,1,96.0,88.4,87.0,96.0,7.6,-7.6,-7.6,6.0,1.5,0.0,0.0,0.0,1.5,0.029,0.0,0.0,0,60.0,64.0,4.0,1.0667,1.0,1.0,1.0
MPLADS-003723,1,96.2,94.4,84.9,96.2,1.8,-1.8,-1.8,6.2,0.4883,0.0,0.0,0.0,0.4883,0.0038,0.0,0.0,0,210.0,197.0,0.0,0.9381,1.0,1.0,1.0
MPLADS-003724,1,72.1,94.2,80.7,72.1,22.1,22.1,22.1,-17.9,0.8011,0.0,0.0,0.0,0.8011,0.0055,22.1,22.1,0,90.0,90.0,0.0,1.0,1.0,1.0,1.0
MPLADS-003725,1,77.2,93.3,97.6,77.2,16.1,16.1,16.1,-12.8,0.9772,0.0,0.0,0.0,0.9772,0.0297,16.1,16.1,0,90.0,79.0,0.0,0.8778,1.0,1.0,1.0
MPLADS-003726,1,99.2,96.8,94.5,99.2,2.4,-2.4,-2.4,9.2,1.0901,0.0,0.0,0.0,1.0901,0.0172,0.0,0.0,0,60.0,91.0,31.0,1.5167,1.0,1.0,1.0
MPLADS-003727,1,95.7,93.2,99.6,95.7,2.5,-2.5,-2.5,5.7,0.6985,0.0,0.0,0.0,0.6985,0.0303,0.0,0.0,0,120.0,137.0,17.0,1.1417,1.0,1.0,1.0
MPLADS-003728,1,99.4,94.0,81.6,99.4,5.4,-5.4,-5.4,9.4,1.949,0.0,0.0,0.0,1.949,-0.0069,0.0,0.0,0,60.0,51.0,0.0,0.85,1.0,1.0,1.0
MPLADS-003729,1,77.6,89.2,93.7,77.6,11.6,11.6,11.6,-12.4,0.6258,0.0,0.0,0.0,0.6258,-0.0135,11.6,11.6,0,90.0,124.0,34.0,1.3778,1.0,1.0,1.0
MPLADS-003730,1,70.1,96.5,93.8,70.1,26.4,26.4,26.4,-19.9,0.2921,0.0,0.0,0.0,0.2921,0.0133,26.4,26.4,0,210.0,240.0,30.0,1.1429,1.0,1.0,1.0
MPLADS-003731,1,74.2,94.2,94.2,74.2,20.0,20.0,20.0,-15.8,0.5579,0.0,0.0,0.0,0.5579,0.0278,20.0,20.0,0,120.0,133.0,13.0,1.1083,1.0,1.0,1.0
MPLADS-003732,1,85.3,92.9,91.7,85.3,7.6,7.6,7.6,-4.7,0.4765,0.0,0.0,0.0,0.4765,0.0424,7.6,7.6,0,180.0,179.0,0.0,0.9944,1.0,1.0,1.0
MPLADS-003733,1,70.1,87.8,93.1,70.1,17.7,17.7,17.7,-19.9,0.5991,0.0,0.0,0.0,0.5991,0.0387,17.7,17.7,0,120.0,117.0,0.0,0.975,1.0,1.0,1.0
MPLADS-003734,1,91.4,91.6,97.5,91.4,0.2,0.2,0.2,1.4,0.5345,0.0,0.0,0.0,0.5345,0.018,0.2,0.2,0,150.0,171.0,21.0,1.14,1.0,1.0,1.0
MPLADS-003735,1,98.0,91.6,99.3,98.0,6.4,-6.4,-6.4,8.0,0.6282,0.0,0.0,0.0,0.6282,0.048,0.0,0.0,0,150.0,156.0,6.0,1.04,1.0,1.0,1.0
MPLADS-003736,1,73.5,97.3,88.2,73.5,23.8,23.8,23.8,-16.5,0.3693,0.0,0.0,0.0,0.3693,0.0345,23.8,23.8,0,210.0,199.0,0.0,0.9476,1.0,1.0,1.0
MPLADS-003737,1,85.1,137.2,90.1,85.1,52.1,52.1,52.1,-4.9,0.465,0.0,0.0,0.0,0.465,-0.0142,52.1,52.1,0,160.0,183.0,23.0,1.1438,1.0,1.0,1.0
MPLADS-003738,1,99.0,97.8,88.3,99.0,1.2,-1.2,-1.2,9.0,1.2692,0.0,0.0,0.0,1.2692,0.0241,0.0,0.0,0,90.0,78.0,0.0,0.8667,1.0,1.0,1.0
MPLADS-003739,1,77.9,85.1,89.0,77.9,7.2,7.2,7.2,-12.1,0.4839,0.0,0.0,0.0,0.4839,-0.0015,7.2,7.2,0,150.0,161.0,11.0,1.0733,1.0,1.0,1.0
MPLADS-003740,1,99.9,91.6,81.5,99.9,8.3,-8.3,-8.3,9.9,0.2498,0.0,0.0,0.0,0.2498,0.0295,0.0,0.0,0,400.0,400.0,0.0,1.0,1.0,1.0,1.0
MPLADS-003741,1,90.3,85.9,92.3,90.3,4.4,-4.4,-4.4,0.3,1.8812,0.0,0.0,0.0,1.8812,0.0192,0.0,0.0,0,60.0,48.0,0.0,0.8,1.0,1.0,1.0
MPLADS-003742,1,90.9,125.1,86.8,90.9,34.2,34.2,34.2,0.9,0.5717,0.0,0.0,0.0,0.5717,0.036,34.2,34.2,0,150.0,159.0,9.0,1.06,1.0,1.0,1.0
MPLADS-003743,1,74.3,85.8,85.1,74.3,11.5,11.5,11.5,-15.7,0.4921,0.0,0.0,0.0,0.4921,0.0209,11.5,11.5,0,160.0,151.0,0.0,0.9437,1.0,1.0,1.0
MPLADS-003744,1,91.9,87.1,96.1,91.9,4.8,-4.8,-4.8,1.9,0.4355,0.0,0.0,0.0,0.4355,0.0304,0.0,0.0,0,210.0,211.0,1.0,1.0048,1.0,1.0,1.0
MPLADS-003745,1,83.0,95.1,88.8,83.0,12.1,12.1,12.1,-7.0,0.5646,0.0,0.0,0.0,0.5646,0.0093,12.1,12.1,0,150.0,147.0,0.0,0.98,1.0,1.0,1.0
MPLADS-003746,1,80.6,85.5,82.1,80.6,4.9,4.9,4.9,-9.4,1.2594,0.0,0.0,0.0,1.2594,0.031,4.9,4.9,0,60.0,64.0,4.0,1.0667,1.0,1.0,1.0
MPLADS-003747,1,88.3,90.8,94.0,88.3,2.5,2.5,2.5,-1.7,0.5553,0.0,0.0,0.0,0.5553,-0.0154,2.5,2.5,0,150.0,159.0,9.0,1.06,1.0,1.0,1.0
MPLADS-003748,1,71.3,90.6,87.9,71.3,19.3,19.3,19.3,-18.7,0.1842,0.0,0.0,0.0,0.1842,0.0347,19.3,19.3,0,400.0,387.0,0.0,0.9675,1.0,1.0,1.0
MPLADS-003749,1,72.4,86.2,93.0,72.4,13.8,13.8,13.8,-17.6,0.4415,0.0,0.0,0.0,0.4415,-0.0147,13.8,13.8,0,160.0,164.0,4.0,1.025,1.0,1.0,1.0
MPLADS-003750,1,78.7,89.6,93.0,78.7,10.9,10.9,10.9,-11.3,0.4602,0.0,0.0,0.0,0.4602,-0.0122,10.9,10.9,0,180.0,171.0,0.0,0.95,1.0,1.0,1.0
MPLADS-003751,1,74.4,95.3,90.0,74.4,20.9,20.9,20.9,-15.6,0.2067,0.0,0.0,0.0,0.2067,0.0377,20.9,20.9,4,90.0,360.0,270.0,4.0,1.0,1.0,1.0
MPLADS-003752,1,97.3,131.4,93.0,97.3,34.1,34.1,34.1,7.3,0.499,0.0,0.0,0.0,0.499,0.0397,34.1,34.1,0,210.0,195.0,0.0,0.9286,1.0,1.0,1.0
MPLADS-003753,1,89.6,95.9,87.8,89.6,6.3,6.3,6.3,-0.4,0.3733,0.0,0.0,0.0,0.3733,0.0139,6.3,6.3,0,210.0,240.0,30.0,1.1429,1.0,1.0,1.0
MPLADS-003754,1,80.2,95.3,93.6,80.2,15.1,15.1,15.1,-9.8,0.6683,0.0,0.0,0.0,0.6683,0.0341,15.1,15.1,0,120.0,120.0,0.0,1.0,1.0,1.0,1.0
MPLADS-003755,1,90.8,87.6,84.0,90.8,3.2,-3.2,-3.2,0.8,1.3758,0.0,0.0,0.0,1.3758,-0.0183,0.0,0.0,0,60.0,66.0,6.0,1.1,1.0,1.0,1.0
MPLADS-003756,1,71.3,132.3,85.6,71.3,61.0,61.0,61.0,-18.7,0.3047,0.0,0.0,0.0,0.3047,-0.0177,61.0,61.0,0,210.0,234.0,24.0,1.1143,1.0,1.0,1.0
MPLADS-003757,1,92.2,97.6,82.2,92.2,5.4,5.4,5.4,2.2,1.1821,0.0,0.0,0.0,1.1821,0.0151,5.4,5.4,0,60.0,78.0,18.0,1.3,1.0,1.0,1.0
MPLADS-003758,1,94.9,91.1,96.6,94.9,3.8,-3.8,-3.8,4.9,0.65,0.0,0.0,0.0,0.65,0.0449,0.0,0.0,0,160.0,146.0,0.0,0.9125,1.0,1.0,1.0
MPLADS-003759,1,93.3,86.7,89.0,93.3,6.6,-6.6,-6.6,3.3,1.3925,0.0,0.0,0.0,1.3925,-0.0091,0.0,0.0,0,60.0,67.0,7.0,1.1167,1.0,1.0,1.0
MPLADS-003760,1,79.2,95.1,84.6,79.2,15.9,15.9,15.9,-10.8,0.5867,0.0,0.0,0.0,0.5867,0.0215,15.9,15.9,0,120.0,135.0,15.0,1.125,1.0,1.0,1.0
MPLADS-003761,1,70.1,89.2,96.7,70.1,19.1,19.1,19.1,-19.9,0.8987,0.0,0.0,0.0,0.8987,-0.0121,19.1,19.1,0,60.0,78.0,18.0,1.3,1.0,1.0,1.0
MPLADS-003762,1,82.1,85.6,87.3,82.1,3.5,3.5,3.5,-7.9,0.4005,0.0,0.0,0.0,0.4005,0.0068,3.5,3.5,0,210.0,205.0,0.0,0.9762,1.0,1.0,1.0
MPLADS-003763,1,90.5,94.3,91.9,90.5,3.8,3.8,3.8,0.5,0.3755,0.0,0.0,0.0,0.3755,0.0113,3.8,3.8,0,210.0,241.0,31.0,1.1476,1.0,1.0,1.0
MPLADS-003764,1,84.3,88.8,80.5,84.3,4.5,4.5,4.5,-5.7,0.4053,0.0,0.0,0.0,0.4053,0.0082,4.5,4.5,0,180.0,208.0,28.0,1.1556,1.0,1.0,1.0
MPLADS-003765,1,88.4,86.2,86.7,88.4,2.2,-2.2,-2.2,-1.6,0.6647,0.0,0.0,0.0,0.6647,0.0323,0.0,0.0,0,120.0,133.0,13.0,1.1083,1.0,1.0,1.0
MPLADS-003766,1,72.1,87.6,90.7,72.1,15.5,15.5,15.5,-17.9,0.3569,0.0,0.0,0.0,0.3569,-0.0028,15.5,15.5,0,180.0,202.0,22.0,1.1222,1.0,1.0,1.0
MPLADS-003767,1,90.6,91.6,81.7,90.6,1.0,1.0,1.0,0.6,0.4314,0.0,0.0,0.0,0.4314,0.0442,1.0,1.0,0,210.0,210.0,0.0,1.0,1.0,1.0,1.0
MPLADS-003768,1,95.8,87.9,98.2,95.8,7.9,-7.9,-7.9,5.8,0.6607,0.0,0.0,0.0,0.6607,0.0356,0.0,0.0,0,120.0,145.0,25.0,1.2083,1.0,1.0,1.0
MPLADS-003769,1,93.6,90.0,81.9,93.6,3.6,-3.6,-3.6,3.6,0.485,0.0,0.0,0.0,0.485,0.0165,0.0,0.0,0,180.0,193.0,13.0,1.0722,1.0,1.0,1.0
MPLADS-003770,1,90.6,86.1,80.6,90.6,4.5,-4.5,-4.5,0.6,0.2122,0.0,0.0,0.0,0.2122,0.0348,0.0,0.0,0,400.0,427.0,27.0,1.0675,1.0,1.0,1.0
MPLADS-003771,1,74.0,93.7,83.5,74.0,19.7,19.7,19.7,-16.0,0.7872,0.0,0.0,0.0,0.7872,-0.0064,19.7,19.7,0,90.0,94.0,4.0,1.0444,1.0,1.0,1.0
MPLADS-003772,1,15.5,94.3,81.3,15.5,78.8,78.8,78.8,-74.5,0.0379,0.0,0.0,0.0,0.0379,0.0018,78.8,78.8,0,400.0,409.0,9.0,1.0225,1.0,1.0,0.0
MPLADS-003773,1,87.7,90.3,92.0,87.7,2.6,2.6,2.6,-2.3,0.9744,0.0,0.0,0.0,0.9744,0.0224,2.6,2.6,0,90.0,90.0,0.0,1.0,1.0,1.0,1.0
MPLADS-003774,1,19.8,66.9,91.6,19.8,47.1,47.1,47.1,-70.2,0.1151,0.0,0.0,0.0,0.1151,0.0208,47.1,47.1,0,150.0,172.0,22.0,1.1467,1.0,1.0,1.0
MPLADS-003775,1,87.5,86.8,85.5,87.5,0.7,-0.7,-0.7,-2.5,0.4888,0.0,0.0,0.0,0.4888,-0.0017,0.0,0.0,0,160.0,179.0,19.0,1.1187,1.0,1.0,1.0
MPLADS-003776,1,98.3,88.0,96.5,98.3,10.3,-10.3,-10.3,8.3,0.5314,0.0,0.0,0.0,0.5314,-0.0087,0.0,0.0,0,180.0,185.0,5.0,1.0278,1.0,1.0,1.0
MPLADS-003777,1,70.8,91.5,96.8,70.8,20.7,20.7,20.7,-19.2,0.3133,0.0,0.0,0.0,0.3133,0.0128,20.7,20.7,0,210.0,226.0,16.0,1.0762,1.0,1.0,1.0
MPLADS-003778,1,77.1,90.2,94.5,77.1,13.1,13.1,13.1,-12.9,0.4236,0.0,0.0,0.0,0.4236,0.0286,13.1,13.1,0,180.0,182.0,2.0,1.0111,1.0,1.0,1.0
MPLADS-003779,1,54.7,97.4,97.5,54.7,42.7,42.7,42.7,-35.3,0.114,0.0,0.0,0.0,0.114,0.045,42.7,42.7,3,160.0,480.0,320.0,3.0,1.0,1.0,1.0
MPLADS-003780,1,92.1,86.9,90.5,92.1,5.2,-5.2,-5.2,2.1,0.5582,0.0,0.0,0.0,0.5582,0.0016,0.0,0.0,0,160.0,165.0,5.0,1.0312,1.0,1.0,1.0
MPLADS-003781,1,99.5,88.5,95.3,99.5,11.0,-11.0,-11.0,9.5,0.2506,0.0,0.0,0.0,0.2506,0.0294,0.0,0.0,0,400.0,397.0,0.0,0.9925,1.0,1.0,1.0
MPLADS-003782,1,77.0,90.9,95.6,77.0,13.9,13.9,13.9,-13.0,0.6525,0.0,0.0,0.0,0.6525,0.0158,13.9,13.9,0,120.0,118.0,0.0,0.9833,1.0,1.0,1.0
MPLADS-003783,1,85.3,88.2,80.8,85.3,2.9,2.9,2.9,-4.7,0.9919,0.0,0.0,0.0,0.9919,0.0,2.9,2.9,0,60.0,86.0,26.0,1.4333,1.0,1.0,1.0
MPLADS-003784,1,79.7,92.1,84.2,79.7,12.4,12.4,12.4,-10.3,0.9602,0.0,0.0,0.0,0.9602,0.0068,12.4,12.4,0,90.0,83.0,0.0,0.9222,1.0,1.0,1.0
MPLADS-003785,1,71.4,89.2,95.2,71.4,17.8,17.8,17.8,-18.6,0.8207,0.0,0.0,0.0,0.8207,-0.0031,17.8,17.8,0,60.0,87.0,27.0,1.45,1.0,1.0,1.0
MPLADS-003786,1,81.1,89.0,90.0,81.1,7.9,7.9,7.9,-8.9,0.4224,0.0,0.0,0.0,0.4224,-0.0172,7.9,7.9,0,180.0,192.0,12.0,1.0667,1.0,1.0,1.0
MPLADS-003787,1,93.0,87.2,89.3,93.0,5.8,-5.8,-5.8,3.0,0.2354,0.0,0.0,0.0,0.2354,0.0061,0.0,0.0,0,400.0,395.0,0.0,0.9875,1.0,1.0,1.0
MPLADS-003788,1,97.0,93.2,86.2,97.0,3.8,-3.8,-3.8,7.0,0.4409,0.0,0.0,0.0,0.4409,0.0232,0.0,0.0,0,210.0,220.0,10.0,1.0476,1.0,1.0,1.0
MPLADS-003789,1,76.8,85.8,86.4,76.8,9.0,9.0,9.0,-13.2,0.1873,0.0,0.0,0.0,0.1873,-0.0009,9.0,9.0,0,400.0,410.0,10.0,1.025,1.0,1.0,1.0
MPLADS-003790,1,91.7,91.3,93.2,91.7,0.4,-0.4,-0.4,1.7,1.479,0.0,0.0,0.0,1.479,-0.0126,0.0,0.0,0,60.0,62.0,2.0,1.0333,1.0,1.0,1.0
MPLADS-003791,1,83.9,85.9,98.6,83.9,2.0,2.0,2.0,-6.1,0.6504,0.0,0.0,0.0,0.6504,-0.0128,2.0,2.0,0,120.0,129.0,9.0,1.075,1.0,1.0,1.0
MPLADS-003792,1,73.2,85.1,95.7,73.2,11.9,11.9,11.9,-16.8,0.3571,0.0,0.0,0.0,0.3571,0.0421,11.9,11.9,0,180.0,205.0,25.0,1.1389,1.0,1.0,1.0
MPLADS-003793,1,86.0,92.7,94.7,86.0,6.7,6.7,6.7,-4.0,0.3891,0.0,0.0,0.0,0.3891,0.0177,6.7,6.7,0,210.0,221.0,11.0,1.0524,1.0,1.0,1.0
MPLADS-003794,1,90.3,91.2,99.2,90.3,0.9,0.9,0.9,0.3,0.6101,0.0,0.0,0.0,0.6101,-0.009,0.9,0.9,0,160.0,148.0,0.0,0.925,1.0,1.0,1.0
MPLADS-003795,1,95.2,96.5,89.0,95.2,1.3,1.3,1.3,5.2,1.1333,0.0,0.0,0.0,1.1333,0.0198,1.3,1.3,0,60.0,84.0,24.0,1.4,1.0,1.0,1.0
MPLADS-003796,1,21.9,94.8,95.6,21.9,72.9,72.9,72.9,-68.1,0.1106,0.0,0.0,0.0,0.1106,0.0148,72.9,72.9,0,180.0,198.0,18.0,1.1,1.0,1.0,0.0
MPLADS-003797,1,80.9,92.9,92.6,80.9,12.0,12.0,12.0,-9.1,0.1988,0.0,0.0,0.0,0.1988,-0.0191,12.0,12.0,0,400.0,407.0,7.0,1.0175,1.0,1.0,1.0
MPLADS-003798,1,81.4,88.9,81.4,81.4,7.5,7.5,7.5,-8.6,1.2921,0.0,0.0,0.0,1.2921,-0.0043,7.5,7.5,0,60.0,63.0,3.0,1.05,1.0,1.0,1.0
MPLADS-003799,1,72.8,90.8,93.3,72.8,18.0,18.0,18.0,-17.2,0.1793,0.0,0.0,0.0,0.1793,0.0129,18.0,18.0,0,400.0,406.0,6.0,1.015,1.0,1.0,1.0
MPLADS-003800,1,79.5,86.9,80.3,79.5,7.4,7.4,7.4,-10.5,0.4569,0.0,0.0,0.0,0.4569,0.0258,7.4,7.4,0,180.0,174.0,0.0,0.9667,1.0,1.0,1.0
MPLADS-003801,1,74.8,95.2,90.3,74.8,20.4,20.4,20.4,-15.2,0.4087,0.0,0.0,0.0,0.4087,0.0396,20.4,20.4,0,160.0,183.0,23.0,1.1438,1.0,1.0,1.0
MPLADS-003802,1,90.4,86.0,85.1,90.4,4.4,-4.4,-4.4,0.4,0.4284,0.0,0.0,0.0,0.4284,-0.0044,0.0,0.0,0,210.0,211.0,1.0,1.0048,1.0,1.0,1.0
MPLADS-003803,1,99.8,93.0,82.3,99.8,6.8,-6.8,-6.8,9.8,0.7028,0.0,0.0,0.0,0.7028,0.0053,0.0,0.0,0,150.0,142.0,0.0,0.9467,1.0,1.0,1.0
MPLADS-003804,1,78.0,89.2,92.5,78.0,11.2,11.2,11.2,-12.0,0.9286,0.0,0.0,0.0,0.9286,-0.0073,11.2,11.2,0,60.0,84.0,24.0,1.4,1.0,1.0,1.0
MPLADS-003805,1,76.9,91.0,89.5,76.9,14.1,14.1,14.1,-13.1,0.7768,0.0,0.0,0.0,0.7768,0.0454,14.1,14.1,0,90.0,99.0,9.0,1.1,1.0,1.0,1.0
MPLADS-003806,1,74.0,92.7,98.4,74.0,18.7,18.7,18.7,-16.0,0.5286,0.0,0.0,0.0,0.5286,0.0102,18.7,18.7,0,150.0,140.0,0.0,0.9333,1.0,1.0,1.0
MPLADS-003807,1,84.6,154.4,97.6,84.6,69.8,69.8,69.8,-5.4,0.4453,0.0,0.0,0.0,0.4453,0.0144,69.8,69.8,0,160.0,190.0,30.0,1.1875,1.0,1.0,1.0
MPLADS-003808,1,91.2,95.5,89.1,91.2,4.3,4.3,4.3,1.2,0.9913,0.0,0.0,0.0,0.9913,0.0433,4.3,4.3,0,90.0,92.0,2.0,1.0222,1.0,1.0,1.0
MPLADS-003809,1,99.5,90.0,84.4,99.5,9.5,-9.5,-9.5,9.5,1.3092,0.0,0.0,0.0,1.3092,-0.0012,0.0,0.0,0,60.0,76.0,16.0,1.2667,1.0,1.0,1.0
MPLADS-003810,1,91.2,85.8,82.2,91.2,5.4,-5.4,-5.4,1.2,1.0022,0.0,0.0,0.0,1.0022,-0.0139,0.0,0.0,0,90.0,91.0,1.0,1.0111,1.0,1.0,1.0
MPLADS-003811,1,25.3,88.1,96.6,25.3,62.8,62.8,62.8,-64.7,0.1413,0.0,0.0,0.0,0.1413,0.0321,62.8,62.8,0,160.0,179.0,19.0,1.1187,1.0,1.0,0.0
MPLADS-003812,1,74.1,85.6,92.2,74.1,11.5,11.5,11.5,-15.9,0.7337,0.0,0.0,0.0,0.7337,-0.0174,11.5,11.5,0,90.0,101.0,11.0,1.1222,1.0,1.0,1.0
MPLADS-003813,1,75.8,94.2,83.3,75.8,18.4,18.4,18.4,-14.2,0.4282,0.0,0.0,0.0,0.4282,0.0166,18.4,18.4,0,150.0,177.0,27.0,1.18,1.0,1.0,1.0
MPLADS-003814,1,0.0,100.0,88.3,0.0,100.0,100.0,100.0,-90.0,0.0,0.0,0.0,0.0,0.0,0.0384,100.0,100.0,0,180.0,171.0,0.0,0.95,0.0,0.0,0.0
MPLADS-003815,1,88.5,96.9,97.9,88.5,8.4,8.4,8.4,-1.5,0.2174,0.0,0.0,0.0,0.2174,0.0255,8.4,8.4,0,400.0,407.0,7.0,1.0175,1.0,1.0,1.0
MPLADS-003816,1,98.2,97.5,83.0,98.2,0.7,-0.7,-0.7,8.2,0.8768,0.0,0.0,0.0,0.8768,-0.0135,0.0,0.0,0,120.0,112.0,0.0,0.9333,1.0,1.0,1.0
MPLADS-003817,1,70.3,96.9,91.0,70.3,26.6,26.6,26.6,-19.7,0.3681,0.0,0.0,0.0,0.3681,0.0394,26.6,26.6,0,160.0,191.0,31.0,1.1938,1.0,1.0,1.0
MPLADS-003818,1,80.3,95.1,99.8,80.3,14.8,14.8,14.8,-9.7,0.5736,0.0,0.0,0.0,0.5736,0.0303,14.8,14.8,0,120.0,140.0,20.0,1.1667,1.0,1.0,1.0
MPLADS-003819,1,78.0,90.1,84.7,78.0,12.1,12.1,12.1,-12.0,0.5612,0.0,0.0,0.0,0.5612,0.0477,12.1,12.1,0,120.0,139.0,19.0,1.1583,1.0,1.0,1.0
MPLADS-003820,1,75.1,85.9,92.2,75.1,10.8,10.8,10.8,-14.9,0.7085,0.0,0.0,0.0,0.7085,0.0343,10.8,10.8,0,120.0,106.0,0.0,0.8833,1.0,1.0,1.0
MPLADS-003821,1,98.0,96.9,86.7,98.0,1.1,-1.1,-1.1,8.0,0.5185,0.0,0.0,0.0,0.5185,0.005,0.0,0.0,0,180.0,189.0,9.0,1.05,1.0,1.0,1.0
MPLADS-003822,1,88.9,94.1,93.6,88.9,5.2,5.2,5.2,-1.1,0.7056,0.0,0.0,0.0,0.7056,0.0405,5.2,5.2,0,120.0,126.0,6.0,1.05,1.0,1.0,1.0
MPLADS-003823,1,68.2,90.3,93.7,68.2,22.1,22.1,22.1,-21.8,0.2842,0.0,0.0,0.0,0.2842,0.0272,22.1,22.1,3,60.0,240.0,180.0,4.0,1.0,1.0,1.0
MPLADS-003824,1,89.0,90.0,90.4,89.0,1.0,1.0,1.0,-1.0,1.3485,0.0,0.0,0.0,1.3485,-0.0062,1.0,1.0,0,60.0,66.0,6.0,1.1,1.0,1.0,1.0
MPLADS-003825,1,78.5,90.4,90.4,78.5,11.9,11.9,11.9,-11.5,0.4591,0.0,0.0,0.0,0.4591,-0.004,11.9,11.9,0,160.0,171.0,11.0,1.0688,1.0,1.0,1.0
MPLADS-003826,1,97.1,97.8,88.4,97.1,0.7,0.7,0.7,7.1,0.5678,0.0,0.0,0.0,0.5678,0.009,0.7,0.7,0,180.0,171.0,0.0,0.95,1.0,1.0,1.0
MPLADS-003827,1,86.3,89.3,88.5,86.3,3.0,3.0,3.0,-3.7,0.2152,0.0,0.0,0.0,0.2152,0.0411,3.0,3.0,0,400.0,401.0,1.0,1.0025,1.0,1.0,1.0
MPLADS-003828,1,93.7,89.8,88.0,93.7,3.9,-3.9,-3.9,3.7,0.768,0.0,0.0,0.0,0.768,0.0271,0.0,0.0,0,90.0,122.0,32.0,1.3556,1.0,1.0,1.0
MPLADS-003829,1,98.4,86.4,99.1,98.4,12.0,-12.0,-12.0,8.4,1.8222,0.0,0.0,0.0,1.8222,0.0388,0.0,0.0,0,60.0,54.0,0.0,0.9,1.0,1.0,1.0
MPLADS-003830,1,72.6,89.7,84.4,72.6,17.1,17.1,17.1,-17.4,0.5007,0.0,0.0,0.0,0.5007,-0.0053,17.1,17.1,0,160.0,145.0,0.0,0.9062,1.0,1.0,1.0
MPLADS-003831,1,84.5,96.1,87.6,84.5,11.6,11.6,11.6,-5.5,0.5152,0.0,0.0,0.0,0.5152,0.0255,11.6,11.6,0,150.0,164.0,14.0,1.0933,1.0,1.0,1.0
MPLADS-003832,1,82.5,87.5,86.7,82.5,5.0,5.0,5.0,-7.5,0.4319,0.0,0.0,0.0,0.4319,0.01,5.0,5.0,0,160.0,191.0,31.0,1.1938,1.0,1.0,1.0
MPLADS-003833,1,62.7,94.3,81.7,62.7,31.6,31.6,31.6,-27.3,0.1393,0.0,0.0,0.0,0.1393,-0.0087,31.6,31.6,2,150.0,450.0,300.0,3.0,1.0,1.0,1.0
MPLADS-003834,1,74.7,86.4,91.8,74.7,11.7,11.7,11.7,-15.3,0.6611,0.0,0.0,0.0,0.6611,0.0121,11.7,11.7,0,120.0,113.0,0.0,0.9417,1.0,1.0,1.0
MPLADS-003835,1,94.4,92.3,89.3,94.4,2.1,-2.1,-2.1,4.4,1.1238,0.0,0.0,0.0,1.1238,0.0036,0.0,0.0,0,90.0,84.0,0.0,0.9333,1.0,1.0,1.0
MPLADS-003836,1,98.9,95.1,80.1,98.9,3.8,-3.8,-3.8,8.9,0.9696,0.0,0.0,0.0,0.9696,0.0466,0.0,0.0,0,90.0,102.0,12.0,1.1333,1.0,1.0,1.0
MPLADS-003837,1,73.0,93.1,83.9,73.0,20.1,20.1,20.1,-17.0,0.1843,0.0,0.0,0.0,0.1843,0.0073,20.1,20.1,0,400.0,396.0,0.0,0.99,1.0,1.0,1.0
MPLADS-003838,1,96.5,90.6,91.3,96.5,5.9,-5.9,-5.9,6.5,0.5514,0.0,0.0,0.0,0.5514,0.001,0.0,0.0,0,160.0,175.0,15.0,1.0938,1.0,1.0,1.0
MPLADS-003839,1,96.5,85.2,90.5,96.5,11.3,-11.3,-11.3,6.5,1.0722,0.0,0.0,0.0,1.0722,-0.0186,0.0,0.0,0,60.0,90.0,30.0,1.5,1.0,1.0,1.0
MPLADS-003840,1,73.0,87.1,86.4,73.0,14.1,14.1,14.1,-17.0,0.4932,0.0,0.0,0.0,0.4932,0.0471,14.1,14.1,0,120.0,148.0,28.0,1.2333,1.0,1.0,1.0
MPLADS-003841,1,89.4,90.8,88.1,89.4,1.4,1.4,1.4,-0.6,0.2235,0.0,0.0,0.0,0.2235,0.023,1.4,1.4,0,400.0,400.0,0.0,1.0,1.0,1.0,1.0
MPLADS-003842,1,70.5,91.1,95.6,70.5,20.6,20.6,20.6,-19.5,0.2975,0.0,0.0,0.0,0.2975,0.045,20.6,20.6,0,210.0,237.0,27.0,1.1286,1.0,1.0,1.0
MPLADS-003843,1,50.2,97.5,98.1,50.2,47.3,47.3,47.3,-39.8,0.0784,0.0,0.0,0.0,0.0784,-0.0047,47.3,47.3,2,160.0,640.0,480.0,4.0,1.0,1.0,1.0
MPLADS-003844,1,80.0,89.2,86.2,80.0,9.2,9.2,9.2,-10.0,0.4233,0.0,0.0,0.0,0.4233,0.0168,9.2,9.2,0,160.0,189.0,29.0,1.1812,1.0,1.0,1.0
MPLADS-003845,1,85.6,95.4,90.3,85.6,9.8,9.8,9.8,-4.4,0.4652,0.0,0.0,0.0,0.4652,-0.0055,9.8,9.8,0,180.0,184.0,4.0,1.0222,1.0,1.0,1.0
MPLADS-003846,1,86.6,88.3,83.8,86.6,1.7,1.7,1.7,-3.4,0.7402,0.0,0.0,0.0,0.7402,0.0387,1.7,1.7,0,120.0,117.0,0.0,0.975,1.0,1.0,1.0
MPLADS-003847,1,95.9,91.7,99.5,95.9,4.2,-4.2,-4.2,5.9,0.2322,0.0,0.0,0.0,0.2322,0.0361,0.0,0.0,0,400.0,413.0,13.0,1.0325,1.0,1.0,1.0
MPLADS-003848,1,75.7,96.2,87.5,75.7,20.5,20.5,20.5,-14.3,0.5331,0.0,0.0,0.0,0.5331,0.0007,20.5,20.5,0,150.0,142.0,0.0,0.9467,1.0,1.0,1.0
MPLADS-003849,1,97.4,87.0,90.7,97.4,10.4,-10.4,-10.4,7.4,0.8696,0.0,0.0,0.0,0.8696,0.0014,0.0,0.0,0,120.0,112.0,0.0,0.9333,1.0,1.0,1.0
MPLADS-003850,1,96.7,154.1,92.4,96.7,57.4,57.4,57.4,6.7,0.681,0.0,0.0,0.0,0.681,0.0172,57.4,57.4,0,150.0,142.0,0.0,0.9467,1.0,1.0,1.0
MPLADS-003851,1,71.3,125.7,88.1,71.3,54.4,54.4,54.4,-18.7,0.5057,0.0,0.0,0.0,0.5057,0.0161,54.4,54.4,0,120.0,141.0,21.0,1.175,1.0,1.0,1.0
MPLADS-003852,1,93.5,89.4,82.2,93.5,4.1,-4.1,-4.1,3.5,0.5844,0.0,0.0,0.0,0.5844,0.0236,0.0,0.0,0,150.0,160.0,10.0,1.0667,1.0,1.0,1.0
MPLADS-003853,1,81.7,91.1,83.4,81.7,9.4,9.4,9.4,-8.3,0.3966,0.0,0.0,0.0,0.3966,0.0343,9.4,9.4,0,180.0,206.0,26.0,1.1444,1.0,1.0,1.0
MPLADS-003854,1,92.7,87.9,87.7,92.7,4.8,-4.8,-4.8,2.7,0.7076,0.0,0.0,0.0,0.7076,0.0289,0.0,0.0,0,120.0,131.0,11.0,1.0917,0.0,0.0,0.0
MPLADS-003855,1,83.8,91.5,81.1,83.8,7.7,7.7,7.7,-6.2,0.3506,0.0,0.0,0.0,0.3506,-0.0097,7.7,7.7,0,210.0,239.0,29.0,1.1381,1.0,1.0,1.0
MPLADS-003856,1,81.4,95.3,84.7,81.4,13.9,13.9,13.9,-8.6,0.1938,0.0,0.0,0.0,0.1938,0.0225,13.9,13.9,0,400.0,420.0,20.0,1.05,1.0,1.0,1.0
MPLADS-003857,1,98.2,96.3,84.8,98.2,1.9,-1.9,-1.9,8.2,0.4251,0.0,0.0,0.0,0.4251,0.0035,0.0,0.0,0,210.0,231.0,21.0,1.1,1.0,1.0,1.0
MPLADS-003858,1,88.8,86.9,80.1,88.8,1.9,-1.9,-1.9,-1.2,0.2193,0.0,0.0,0.0,0.2193,0.0281,0.0,0.0,0,400.0,405.0,5.0,1.0125,1.0,1.0,1.0
MPLADS-003859,1,84.2,85.6,87.5,84.2,1.4,1.4,1.4,-5.8,0.6146,0.0,0.0,0.0,0.6146,-0.0148,1.4,1.4,0,150.0,137.0,0.0,0.9133,1.0,1.0,1.0
MPLADS-003860,1,89.1,88.9,89.7,89.1,0.2,-0.2,-0.2,-0.9,1.1278,0.0,0.0,0.0,1.1278,0.0335,0.0,0.0,0,60.0,79.0,19.0,1.3167,1.0,1.0,1.0
MPLADS-003861,1,89.3,92.6,92.7,89.3,3.3,3.3,3.3,-0.7,0.2157,0.0,0.0,0.0,0.2157,-0.0089,3.3,3.3,0,400.0,414.0,14.0,1.035,1.0,1.0,1.0
MPLADS-003862,1,87.7,94.6,93.3,87.7,6.9,6.9,6.9,-2.3,1.4377,0.0,0.0,0.0,1.4377,0.0445,6.9,6.9,0,60.0,61.0,1.0,1.0167,1.0,1.0,1.0
MPLADS-003863,1,84.6,92.6,95.2,84.6,8.0,8.0,8.0,-5.4,0.1958,0.0,0.0,0.0,0.1958,0.002,8.0,8.0,0,400.0,432.0,32.0,1.08,1.0,1.0,1.0
MPLADS-003864,1,99.1,92.9,98.1,99.1,6.2,-6.2,-6.2,9.1,0.6233,0.0,0.0,0.0,0.6233,-0.0155,0.0,0.0,0,160.0,159.0,0.0,0.9938,1.0,1.0,1.0
MPLADS-003865,1,70.6,93.1,80.6,70.6,22.5,22.5,22.5,-19.4,0.0981,0.0,0.0,0.0,0.0981,0.0335,22.5,22.5,4,180.0,720.0,540.0,4.0,1.0,1.0,1.0
MPLADS-003866,1,80.2,85.2,83.4,80.2,5.0,5.0,5.0,-9.8,1.0025,0.0,0.0,0.0,1.0025,0.0252,5.0,5.0,0,60.0,80.0,20.0,1.3333,1.0,1.0,1.0
MPLADS-003867,1,89.5,92.4,83.2,89.5,2.9,2.9,2.9,-0.5,0.5234,0.0,0.0,0.0,0.5234,0.0004,2.9,2.9,0,150.0,171.0,21.0,1.14,1.0,1.0,1.0
MPLADS-003868,1,97.8,153.1,85.4,97.8,55.3,55.3,55.3,7.8,0.4679,0.0,0.0,0.0,0.4679,0.005,55.3,55.3,0,210.0,209.0,0.0,0.9952,1.0,1.0,1.0
MPLADS-003869,1,80.1,97.8,99.2,80.1,17.7,17.7,17.7,-9.9,0.3888,0.0,0.0,0.0,0.3888,0.0397,17.7,17.7,0,180.0,206.0,26.0,1.1444,1.0,1.0,1.0
MPLADS-003870,1,81.3,86.8,88.4,81.3,5.5,5.5,5.5,-8.7,0.389,0.0,0.0,0.0,0.389,0.0093,5.5,5.5,0,210.0,209.0,0.0,0.9952,1.0,1.0,1.0
MPLADS-003871,1,95.9,93.5,83.5,95.9,2.4,-2.4,-2.4,5.9,1.2787,0.0,0.0,0.0,1.2787,0.0046,0.0,0.0,0,90.0,75.0,0.0,0.8333,1.0,1.0,1.0
MPLADS-003872,1,45.9,95.7,84.0,45.9,49.8,49.8,49.8,-44.1,0.0638,0.0,0.0,0.0,0.0638,0.0495,49.8,49.8,2,180.0,720.0,540.0,4.0,1.0,1.0,1.0
MPLADS-003873,1,91.2,154.5,86.2,91.2,63.3,63.3,63.3,1.2,0.4606,0.0,0.0,0.0,0.4606,0.0134,63.3,63.3,0,210.0,198.0,0.0,0.9429,1.0,1.0,1.0
MPLADS-003874,1,76.8,94.2,89.7,76.8,17.4,17.4,17.4,-13.2,0.6564,0.0,0.0,0.0,0.6564,-0.0125,17.4,17.4,0,120.0,117.0,0.0,0.975,1.0,1.0,1.0
MPLADS-003875,1,97.4,87.7,89.7,97.4,9.7,-9.7,-9.7,7.4,0.2292,0.0,0.0,0.0,0.2292,-0.0019,0.0,0.0,0,400.0,425.0,25.0,1.0625,1.0,1.0,1.0
MPLADS-003876,1,76.2,94.8,99.1,76.2,18.6,18.6,18.6,-13.8,0.1979,0.0,0.0,0.0,0.1979,0.0012,18.6,18.6,0,400.0,385.0,0.0,0.9625,1.0,1.0,1.0
MPLADS-003877,1,87.1,93.4,88.2,87.1,6.3,6.3,6.3,-2.9,0.4467,0.0,0.0,0.0,0.4467,0.0297,6.3,6.3,0,210.0,195.0,0.0,0.9286,1.0,1.0,1.0
MPLADS-003878,1,94.1,87.3,90.8,94.1,6.8,-6.8,-6.8,4.1,0.4091,0.0,0.0,0.0,0.4091,0.0015,0.0,0.0,0,210.0,230.0,20.0,1.0952,1.0,1.0,1.0
MPLADS-003879,1,71.4,89.5,97.3,71.4,18.1,18.1,18.1,-18.6,0.1668,0.0,0.0,0.0,0.1668,0.0401,18.1,18.1,0,400.0,428.0,28.0,1.07,1.0,1.0,1.0
MPLADS-003880,1,87.8,96.2,90.1,87.8,8.4,8.4,8.4,-2.2,0.3674,0.0,0.0,0.0,0.3674,-0.0052,8.4,8.4,0,210.0,239.0,29.0,1.1381,1.0,1.0,1.0
MPLADS-003881,1,89.7,91.2,87.7,89.7,1.5,1.5,1.5,-0.3,0.3707,0.0,0.0,0.0,0.3707,-0.0011,1.5,1.5,0,210.0,242.0,32.0,1.1524,1.0,1.0,1.0
MPLADS-003882,1,73.9,91.9,83.1,73.9,18.0,18.0,18.0,-16.1,0.5279,0.0,0.0,0.0,0.5279,0.0463,18.0,18.0,0,120.0,140.0,20.0,1.1667,1.0,1.0,1.0
MPLADS-003883,1,79.7,92.0,82.7,79.7,12.3,12.3,12.3,-10.3,0.4151,0.0,0.0,0.0,0.4151,0.0311,12.3,12.3,0,160.0,192.0,32.0,1.2,1.0,1.0,1.0
MPLADS-003884,1,75.0,90.8,80.1,75.0,15.8,15.8,15.8,-15.0,1.5306,0.0,0.0,0.0,1.5306,0.041,15.8,15.8,0,60.0,49.0,0.0,0.8167,1.0,1.0,1.0
MPLADS-003885,1,76.0,90.7,81.5,76.0,14.7,14.7,14.7,-14.0,0.3154,0.0,0.0,0.0,0.3154,-0.0053,14.7,14.7,0,210.0,241.0,31.0,1.1476,1.0,1.0,1.0
MPLADS-003886,1,11.8,52.6,98.7,11.8,40.8,40.8,40.8,-78.2,0.0992,0.0,0.0,0.0,0.0992,-0.0175,40.8,40.8,0,90.0,119.0,29.0,1.3222,1.0,1.0,1.0
MPLADS-003887,1,90.9,92.5,89.3,90.9,1.6,1.6,1.6,0.9,0.6142,0.0,0.0,0.0,0.6142,0.0454,1.6,1.6,0,120.0,148.0,28.0,1.2333,1.0,1.0,1.0
MPLADS-003888,1,92.5,90.9,90.7,92.5,1.6,-1.6,-1.6,2.5,0.5606,0.0,0.0,0.0,0.5606,-0.004,0.0,0.0,0,150.0,165.0,15.0,1.1,1.0,1.0,1.0
MPLADS-003889,1,98.1,92.2,99.3,98.1,5.9,-5.9,-5.9,8.1,0.2381,0.0,0.0,0.0,0.2381,-0.0031,0.0,0.0,0,400.0,412.0,12.0,1.03,1.0,1.0,1.0
MPLADS-003890,1,90.8,90.6,87.6,90.8,0.2,-0.2,-0.2,0.8,0.9763,0.0,0.0,0.0,0.9763,-0.0127,0.0,0.0,0,60.0,93.0,33.0,1.55,1.0,1.0,1.0
MPLADS-003891,1,83.1,95.6,99.8,83.1,12.5,12.5,12.5,-6.9,0.6156,0.0,0.0,0.0,0.6156,0.0322,12.5,12.5,0,150.0,135.0,0.0,0.9,1.0,1.0,1.0
MPLADS-003892,1,92.6,94.4,92.4,92.6,1.8,1.8,1.8,2.6,0.7468,0.0,0.0,0.0,0.7468,0.0429,1.8,1.8,0,90.0,124.0,34.0,1.3778,1.0,1.0,1.0
MPLADS-003893,1,80.3,97.2,83.7,80.3,16.9,16.9,16.9,-9.7,0.4294,0.0,0.0,0.0,0.4294,0.032,16.9,16.9,0,180.0,187.0,7.0,1.0389,1.0,1.0,1.0
MPLADS-003894,1,18.9,93.7,94.9,18.9,74.8,74.8,74.8,-71.1,0.137,0.0,0.0,0.0,0.137,0.0364,74.8,74.8,0,150.0,138.0,0.0,0.92,1.0,1.0,0.0
MPLADS-003895,1,74.3,96.8,95.5,74.3,22.5,22.5,22.5,-15.7,1.1794,0.0,0.0,0.0,1.1794,0.02,22.5,22.5,0,60.0,63.0,3.0,1.05,1.0,1.0,1.0
MPLADS-003896,1,0.0,100.0,87.1,0.0,100.0,100.0,100.0,-90.0,0.0,0.0,0.0,0.0,0.0,0.0432,100.0,100.0,0,150.0,158.0,8.0,1.0533,0.0,0.0,0.0
MPLADS-003897,1,73.1,85.5,80.4,73.1,12.4,12.4,12.4,-16.9,0.6896,0.0,0.0,0.0,0.6896,0.0389,12.4,12.4,0,120.0,106.0,0.0,0.8833,1.0,1.0,1.0
MPLADS-003898,1,86.0,90.1,99.4,86.0,4.1,4.1,4.1,-4.0,0.4503,0.0,0.0,0.0,0.4503,-0.009,4.1,4.1,0,180.0,191.0,11.0,1.0611,1.0,1.0,1.0
MPLADS-003899,1,95.0,92.1,86.3,95.0,2.9,-2.9,-2.9,5.0,0.8559,0.0,0.0,0.0,0.8559,0.0183,0.0,0.0,0,120.0,111.0,0.0,0.925,1.0,1.0,1.0
MPLADS-003900,1,82.0,91.5,98.2,82.0,9.5,9.5,9.5,-8.0,0.1889,0.0,0.0,0.0,0.1889,0.0386,9.5,9.5,0,400.0,434.0,34.0,1.085,1.0,1.0,1.0
MPLADS-003901,1,87.1,93.8,86.2,87.1,6.7,6.7,6.7,-2.9,0.6049,0.0,0.0,0.0,0.6049,0.0419,6.7,6.7,0,120.0,144.0,24.0,1.2,1.0,1.0,1.0
MPLADS-003902,1,77.5,93.6,90.2,77.5,16.1,16.1,16.1,-12.5,0.7045,0.0,0.0,0.0,0.7045,-0.0149,16.1,16.1,0,120.0,110.0,0.0,0.9167,1.0,1.0,1.0
MPLADS-003903,1,99.7,93.8,85.0,99.7,5.9,-5.9,-5.9,9.7,0.2303,0.0,0.0,0.0,0.2303,0.0191,0.0,0.0,0,400.0,433.0,33.0,1.0825,1.0,1.0,1.0
MPLADS-003904,1,77.8,96.8,83.6,77.8,19.0,19.0,19.0,-12.2,0.3553,0.0,0.0,0.0,0.3553,0.0185,19.0,19.0,0,210.0,219.0,9.0,1.0429,1.0,1.0,1.0
MPLADS-003905,1,86.5,86.2,98.7,86.5,0.3,-0.3,-0.3,-3.5,1.0058,0.0,0.0,0.0,1.0058,-0.0017,0.0,0.0,0,90.0,86.0,0.0,0.9556,1.0,1.0,1.0
MPLADS-003906,1,93.6,89.1,86.2,93.6,4.5,-4.5,-4.5,3.6,0.4657,0.0,0.0,0.0,0.4657,0.0389,0.0,0.0,0,180.0,201.0,21.0,1.1167,1.0,1.0,1.0
MPLADS-003907,1,76.9,89.1,99.6,76.9,12.2,12.2,12.2,-13.1,1.1831,0.0,0.0,0.0,1.1831,0.0094,12.2,12.2,0,60.0,65.0,5.0,1.0833,1.0,1.0,1.0
MPLADS-003908,1,70.8,97.3,97.8,70.8,26.5,26.5,26.5,-19.2,0.342,0.0,0.0,0.0,0.342,0.006,26.5,26.5,0,180.0,207.0,27.0,1.15,1.0,1.0,1.0
MPLADS-003909,1,74.2,87.6,90.6,74.2,13.4,13.4,13.4,-15.8,0.3533,0.0,0.0,0.0,0.3533,0.0344,13.4,13.4,0,210.0,210.0,0.0,1.0,1.0,1.0,1.0
MPLADS-003910,1,78.0,94.2,92.2,78.0,16.2,16.2,16.2,-12.0,0.1831,0.0,0.0,0.0,0.1831,0.0119,16.2,16.2,0,400.0,426.0,26.0,1.065,1.0,1.0,1.0
MPLADS-003911,1,87.7,96.5,96.6,87.7,8.8,8.8,8.8,-2.3,0.8859,0.0,0.0,0.0,0.8859,0.0412,8.8,8.8,0,90.0,99.0,9.0,1.1,1.0,1.0,1.0
MPLADS-003912,1,24.4,94.9,91.0,24.4,70.5,70.5,70.5,-65.6,0.1363,0.0,0.0,0.0,0.1363,0.0154,70.5,70.5,0,180.0,179.0,0.0,0.9944,1.0,1.0,0.0
MPLADS-003913,1,83.9,89.4,83.9,83.9,5.5,5.5,5.5,-6.1,1.0232,0.0,0.0,0.0,1.0232,-0.0156,5.5,5.5,0,60.0,82.0,22.0,1.3667,1.0,1.0,1.0
MPLADS-003914,1,79.2,93.1,86.1,79.2,13.9,13.9,13.9,-10.8,0.7402,0.0,0.0,0.0,0.7402,0.0288,13.9,13.9,0,120.0,107.0,0.0,0.8917,1.0,1.0,1.0
MPLADS-003915,1,12.9,65.7,99.0,12.9,52.8,52.8,52.8,-77.1,0.0316,0.0,0.0,0.0,0.0316,-0.0058,52.8,52.8,0,400.0,408.0,8.0,1.02,1.0,1.0,1.0
MPLADS-003916,1,96.6,91.3,88.0,96.6,5.3,-5.3,-5.3,6.6,0.2477,0.0,0.0,0.0,0.2477,0.0145,0.0,0.0,0,400.0,390.0,0.0,0.975,1.0,1.0,1.0
MPLADS-003917,1,76.6,95.9,82.8,76.6,19.3,19.3,19.3,-13.4,0.5716,0.0,0.0,0.0,0.5716,-0.0053,19.3,19.3,0,120.0,134.0,14.0,1.1167,1.0,1.0,1.0
MPLADS-003918,1,76.4,87.5,86.9,76.4,11.1,11.1,11.1,-13.6,0.3131,0.0,0.0,0.0,0.3131,0.0078,11.1,11.1,0,210.0,244.0,34.0,1.1619,1.0,1.0,1.0
MPLADS-003919,1,74.5,86.1,94.8,74.5,11.6,11.6,11.6,-15.5,0.1717,0.0,0.0,0.0,0.1717,0.0324,11.6,11.6,0,400.0,434.0,34.0,1.085,1.0,1.0,1.0
MPLADS-003920,1,96.5,93.3,91.1,96.5,3.2,-3.2,-3.2,6.5,0.8773,0.0,0.0,0.0,0.8773,0.0474,0.0,0.0,0,90.0,110.0,20.0,1.2222,1.0,1.0,1.0
MPLADS-003921,1,89.0,97.6,88.2,89.0,8.6,8.6,8.6,-1.0,0.227,0.0,0.0,0.0,0.227,0.0255,8.6,8.6,0,400.0,392.0,0.0,0.98,1.0,1.0,1.0
MPLADS-003922,1,70.4,86.1,94.3,70.4,15.7,15.7,15.7,-19.6,0.4789,0.0,0.0,0.0,0.4789,0.0125,15.7,15.7,0,120.0,147.0,27.0,1.225,1.0,1.0,1.0
MPLADS-003923,1,98.5,92.0,97.4,98.5,6.5,-6.5,-6.5,8.5,0.4191,0.0,0.0,0.0,0.4191,0.0458,0.0,0.0,0,210.0,235.0,25.0,1.119,1.0,1.0,1.0
MPLADS-003924,1,72.9,86.9,93.5,72.9,14.0,14.0,14.0,-17.1,0.3423,0.0,0.0,0.0,0.3423,0.0464,14.0,14.0,0,210.0,213.0,3.0,1.0143,1.0,1.0,1.0
MPLADS-003925,1,71.4,85.9,94.3,71.4,14.5,14.5,14.5,-18.6,0.4225,0.0,0.0,0.0,0.4225,0.0344,14.5,14.5,0,160.0,169.0,9.0,1.0562,1.0,1.0,1.0
MPLADS-003926,1,87.5,135.8,92.3,87.5,48.3,48.3,48.3,-2.5,0.2088,0.0,0.0,0.0,0.2088,0.0095,48.3,48.3,0,400.0,419.0,19.0,1.0475,1.0,1.0,1.0
MPLADS-003927,1,94.9,93.5,99.2,94.9,1.4,-1.4,-1.4,4.9,0.5517,0.0,0.0,0.0,0.5517,0.004,0.0,0.0,0,180.0,172.0,0.0,0.9556,1.0,1.0,1.0
MPLADS-003928,1,84.5,92.5,80.4,84.5,8.0,8.0,8.0,-5.5,0.2012,0.0,0.0,0.0,0.2012,-0.0064,8.0,8.0,0,400.0,420.0,20.0,1.05,1.0,1.0,1.0
MPLADS-003929,1,95.8,96.0,87.5,95.8,0.2,0.2,0.2,5.8,0.2331,0.0,0.0,0.0,0.2331,-0.0178,0.2,0.2,0,400.0,411.0,11.0,1.0275,1.0,1.0,1.0
MPLADS-003930,1,90.3,94.8,93.4,90.3,4.5,4.5,4.5,0.3,0.4068,0.0,0.0,0.0,0.4068,-0.0056,4.5,4.5,0,210.0,222.0,12.0,1.0571,1.0,1.0,1.0
MPLADS-003931,1,10.1,66.1,93.7,10.1,56.0,56.0,56.0,-79.9,0.0483,0.0,0.0,0.0,0.0483,0.0237,56.0,56.0,0,180.0,209.0,29.0,1.1611,1.0,1.0,1.0
MPLADS-003932,1,99.3,95.7,96.5,99.3,3.6,-3.6,-3.6,9.3,0.4751,0.0,0.0,0.0,0.4751,0.0247,0.0,0.0,0,180.0,209.0,29.0,1.1611,1.0,1.0,1.0
MPLADS-003933,1,88.9,85.8,94.3,88.9,3.1,-3.1,-3.1,-1.1,0.5522,0.0,0.0,0.0,0.5522,0.0433,0.0,0.0,0,150.0,161.0,11.0,1.0733,1.0,1.0,1.0
MPLADS-003934,1,73.3,92.8,94.0,73.3,19.5,19.5,19.5,-16.7,0.4791,0.0,0.0,0.0,0.4791,0.0118,19.5,19.5,0,150.0,153.0,3.0,1.02,1.0,1.0,1.0
MPLADS-003935,1,96.9,92.9,95.7,96.9,4.0,-4.0,-4.0,6.9,0.475,0.0,0.0,0.0,0.475,-0.018,0.0,0.0,0,180.0,204.0,24.0,1.1333,1.0,1.0,1.0
MPLADS-003936,1,83.8,97.7,97.8,83.8,13.9,13.9,13.9,-6.2,0.6704,0.0,0.0,0.0,0.6704,0.0462,13.9,13.9,0,120.0,125.0,5.0,1.0417,1.0,1.0,1.0
MPLADS-003937,1,97.1,86.4,91.6,97.1,10.7,-10.7,-10.7,7.1,0.4831,0.0,0.0,0.0,0.4831,0.0464,0.0,0.0,0,180.0,201.0,21.0,1.1167,1.0,1.0,1.0
MPLADS-003938,1,95.6,89.0,88.2,95.6,6.6,-6.6,-6.6,5.6,0.2483,0.0,0.0,0.0,0.2483,0.0292,0.0,0.0,0,400.0,385.0,0.0,0.9625,1.0,1.0,1.0
MPLADS-003939,1,76.4,93.9,90.3,76.4,17.5,17.5,17.5,-13.6,1.498,0.0,0.0,0.0,1.498,0.006,17.5,17.5,0,60.0,51.0,0.0,0.85,1.0,1.0,1.0
MPLADS-003940,1,76.5,97.0,89.6,76.5,20.5,20.5,20.5,-13.5,0.5,0.0,0.0,0.0,0.5,0.0436,20.5,20.5,0,120.0,153.0,33.0,1.275,1.0,1.0,1.0
MPLADS-003941,1,83.7,92.0,94.6,83.7,8.3,8.3,8.3,-6.3,0.4337,0.0,0.0,0.0,0.4337,-0.0128,8.3,8.3,0,160.0,193.0,33.0,1.2063,1.0,1.0,1.0
MPLADS-003942,1,92.7,85.8,90.6,92.7,6.9,-6.9,-6.9,2.7,0.2136,0.0,0.0,0.0,0.2136,-0.0083,0.0,0.0,0,400.0,434.0,34.0,1.085,1.0,1.0,1.0
MPLADS-003943,1,75.3,97.5,86.1,75.3,22.2,22.2,22.2,-14.7,0.4987,0.0,0.0,0.0,0.4987,0.0448,22.2,22.2,0,120.0,151.0,31.0,1.2583,1.0,1.0,1.0
MPLADS-003944,1,59.3,97.6,82.2,59.3,38.3,38.3,38.3,-30.7,0.3294,0.0,0.0,0.0,0.3294,-0.0156,38.3,38.3,3,60.0,180.0,120.0,3.0,1.0,1.0,1.0
MPLADS-003945,1,76.1,97.2,83.3,76.1,21.1,21.1,21.1,-13.9,0.4136,0.0,0.0,0.0,0.4136,0.0397,21.1,21.1,0,160.0,184.0,24.0,1.15,1.0,1.0,1.0
MPLADS-003946,1,77.4,95.9,87.7,77.4,18.5,18.5,18.5,-12.6,0.4348,0.0,0.0,0.0,0.4348,0.0225,18.5,18.5,0,160.0,178.0,18.0,1.1125,1.0,1.0,1.0
MPLADS-003947,1,98.3,95.0,98.0,98.3,3.3,-3.3,-3.3,8.3,1.966,0.0,0.0,0.0,1.966,-0.014,0.0,0.0,0,60.0,50.0,0.0,0.8333,1.0,1.0,1.0
MPLADS-003948,1,80.9,93.1,85.4,80.9,12.2,12.2,12.2,-9.1,0.4597,0.0,0.0,0.0,0.4597,0.0385,12.2,12.2,0,160.0,176.0,16.0,1.1,1.0,1.0,1.0
MPLADS-003949,1,88.5,86.6,81.0,88.5,1.9,-1.9,-1.9,-1.5,0.2263,0.0,0.0,0.0,0.2263,-0.0054,0.0,0.0,0,400.0,391.0,0.0,0.9775,1.0,1.0,1.0
MPLADS-003950,1,67.5,89.9,93.1,67.5,22.4,22.4,22.4,-22.5,0.125,0.0,0.0,0.0,0.125,0.0492,22.4,22.4,3,180.0,540.0,360.0,3.0,1.0,1.0,1.0
MPLADS-003951,1,85.0,85.6,96.5,85.0,0.6,0.6,0.6,-5.0,0.9341,0.0,0.0,0.0,0.9341,-0.0195,0.6,0.6,0,90.0,91.0,1.0,1.0111,1.0,1.0,1.0
MPLADS-003952,1,94.5,85.0,98.0,94.5,9.5,-9.5,-9.5,4.5,0.4974,0.0,0.0,0.0,0.4974,0.0138,0.0,0.0,0,180.0,190.0,10.0,1.0556,1.0,1.0,1.0
MPLADS-003953,1,93.9,93.2,98.4,93.9,0.7,-0.7,-0.7,3.9,0.4307,0.0,0.0,0.0,0.4307,0.0048,0.0,0.0,0,210.0,218.0,8.0,1.0381,1.0,1.0,1.0
MPLADS-003954,1,72.8,93.4,90.1,72.8,20.6,20.6,20.6,-17.2,0.9215,0.0,0.0,0.0,0.9215,0.0102,20.6,20.6,0,60.0,79.0,19.0,1.3167,1.0,1.0,1.0
MPLADS-003955,1,92.4,93.0,83.3,92.4,0.6,0.6,0.6,2.4,0.5467,0.0,0.0,0.0,0.5467,0.0396,0.6,0.6,0,150.0,169.0,19.0,1.1267,1.0,1.0,1.0
MPLADS-003956,1,86.6,97.3,81.9,86.6,10.7,10.7,10.7,-3.4,0.5623,0.0,0.0,0.0,0.5623,0.0286,10.7,10.7,0,150.0,154.0,4.0,1.0267,1.0,1.0,1.0
MPLADS-003957,1,83.3,93.8,88.3,83.3,10.5,10.5,10.5,-6.7,0.2114,0.0,0.0,0.0,0.2114,0.0258,10.5,10.5,0,400.0,394.0,0.0,0.985,1.0,1.0,1.0
MPLADS-003958,1,72.1,87.2,80.4,72.1,15.1,15.1,15.1,-17.9,0.319,0.0,0.0,0.0,0.319,0.0101,15.1,15.1,0,210.0,226.0,16.0,1.0762,1.0,1.0,1.0
MPLADS-003959,1,71.7,85.2,100.0,71.7,13.5,13.5,13.5,-18.3,0.4979,0.0,0.0,0.0,0.4979,0.0478,13.5,13.5,0,120.0,144.0,24.0,1.2,1.0,1.0,1.0
MPLADS-003960,1,90.3,88.1,83.5,90.3,2.2,-2.2,-2.2,0.3,0.2339,0.0,0.0,0.0,0.2339,0.0225,0.0,0.0,0,400.0,386.0,0.0,0.965,1.0,1.0,1.0
MPLADS-003961,1,98.4,95.7,94.5,98.4,2.7,-2.7,-2.7,8.4,0.4169,0.0,0.0,0.0,0.4169,0.043,0.0,0.0,0,210.0,236.0,26.0,1.1238,1.0,1.0,1.0
MPLADS-003962,1,94.5,93.2,94.0,94.5,1.3,-1.3,-1.3,4.5,0.2234,0.0,0.0,0.0,0.2234,0.0448,0.0,0.0,0,400.0,423.0,23.0,1.0575,1.0,1.0,1.0
MPLADS-003963,1,70.3,95.7,95.9,70.3,25.4,25.4,25.4,-19.7,1.1159,0.0,0.0,0.0,1.1159,0.0119,25.4,25.4,0,60.0,63.0,3.0,1.05,1.0,1.0,1.0
MPLADS-003964,1,84.0,98.0,90.1,84.0,14.0,14.0,14.0,-6.0,0.5563,0.0,0.0,0.0,0.5563,-0.0109,14.0,14.0,0,150.0,151.0,1.0,1.0067,1.0,1.0,1.0
MPLADS-003965,1,93.5,87.9,82.1,93.5,5.6,-5.6,-5.6,3.5,0.2422,0.0,0.0,0.0,0.2422,-0.0111,0.0,0.0,0,400.0,386.0,0.0,0.965,1.0,1.0,1.0
MPLADS-003966,1,73.0,94.1,97.0,73.0,21.1,21.1,21.1,-17.0,1.46,0.0,0.0,0.0,1.46,-0.0041,21.1,21.1,0,60.0,50.0,0.0,0.8333,1.0,1.0,1.0
MPLADS-003967,1,88.0,96.1,97.1,88.0,8.1,8.1,8.1,-2.0,0.4335,0.0,0.0,0.0,0.4335,-0.019,8.1,8.1,0,180.0,203.0,23.0,1.1278,1.0,1.0,1.0
MPLADS-003968,1,81.1,86.5,99.3,81.1,5.4,5.4,5.4,-8.9,0.5555,0.0,0.0,0.0,0.5555,0.0394,5.4,5.4,0,120.0,146.0,26.0,1.2167,1.0,1.0,1.0
MPLADS-003969,1,91.2,96.9,83.9,91.2,5.7,5.7,5.7,1.2,0.604,0.0,0.0,0.0,0.604,0.0408,5.7,5.7,0,120.0,151.0,31.0,1.2583,1.0,1.0,1.0
MPLADS-003970,1,70.1,91.3,98.8,70.1,21.2,21.2,21.2,-19.9,0.4124,0.0,0.0,0.0,0.4124,-0.0105,21.2,21.2,0,150.0,170.0,20.0,1.1333,1.0,1.0,1.0
MPLADS-003971,1,97.9,95.2,81.6,97.9,2.7,-2.7,-2.7,7.9,1.0305,0.0,0.0,0.0,1.0305,0.0318,0.0,0.0,0,90.0,95.0,5.0,1.0556,1.0,1.0,1.0
MPLADS-003972,1,87.2,97.1,95.2,87.2,9.9,9.9,9.9,-2.8,0.5222,0.0,0.0,0.0,0.5222,-0.0146,9.9,9.9,0,180.0,167.0,0.0,0.9278,1.0,1.0,1.0
MPLADS-003973,1,93.3,90.1,84.1,93.3,3.2,-3.2,-3.2,3.3,0.2216,0.0,0.0,0.0,0.2216,0.0029,0.0,0.0,0,400.0,421.0,21.0,1.0525,1.0,1.0,1.0
MPLADS-003974,1,84.9,88.2,94.4,84.9,3.3,3.3,3.3,-5.1,0.9129,0.0,0.0,0.0,0.9129,0.0183,3.3,3.3,0,60.0,93.0,33.0,1.55,1.0,1.0,1.0
MPLADS-003975,1,94.7,88.1,98.4,94.7,6.6,-6.6,-6.6,4.7,0.5571,0.0,0.0,0.0,0.5571,0.0346,0.0,0.0,0,150.0,170.0,20.0,1.1333,1.0,1.0,1.0
MPLADS-003976,1,23.0,86.2,88.5,23.0,63.2,63.2,63.2,-67.0,0.1544,0.0,0.0,0.0,0.1544,-0.0109,63.2,63.2,0,120.0,149.0,29.0,1.2417,1.0,1.0,0.0
MPLADS-003977,1,86.2,92.6,99.7,86.2,6.4,6.4,6.4,-3.8,1.5123,0.0,0.0,0.0,1.5123,0.0197,6.4,6.4,0,60.0,57.0,0.0,0.95,1.0,1.0,1.0
MPLADS-003978,1,89.1,86.1,93.1,89.1,3.0,-3.0,-3.0,-0.9,0.5748,0.0,0.0,0.0,0.5748,-0.0174,0.0,0.0,0,160.0,155.0,0.0,0.9688,1.0,1.0,1.0
MPLADS-003979,1,90.8,93.1,90.8,90.8,2.3,2.3,2.3,0.8,0.4856,0.0,0.0,0.0,0.4856,0.0208,2.3,2.3,0,160.0,187.0,27.0,1.1687,1.0,1.0,1.0
MPLADS-003980,1,99.1,94.2,81.1,99.1,4.9,-4.9,-4.9,9.1,0.6477,0.0,0.0,0.0,0.6477,-0.0066,0.0,0.0,0,160.0,153.0,0.0,0.9563,1.0,1.0,1.0
MPLADS-003981,1,23.4,88.3,86.3,23.4,64.9,64.9,64.9,-66.6,0.1887,0.0,0.0,0.0,0.1887,0.0141,64.9,64.9,0,120.0,124.0,4.0,1.0333,1.0,1.0,0.0
MPLADS-003982,1,84.2,89.6,93.2,84.2,5.4,5.4,5.4,-5.8,0.4068,0.0,0.0,0.0,0.4068,-0.0062,5.4,5.4,0,180.0,207.0,27.0,1.15,1.0,1.0,1.0
MPLADS-003983,1,93.1,86.8,85.0,93.1,6.3,-6.3,-6.3,3.1,0.4066,0.0,0.0,0.0,0.4066,-0.0108,0.0,0.0,0,210.0,229.0,19.0,1.0905,1.0,1.0,1.0
MPLADS-003984,1,26.5,89.7,83.4,26.5,63.2,63.2,63.2,-63.5,0.2849,0.0,0.0,0.0,0.2849,0.0227,63.2,63.2,0,60.0,93.0,33.0,1.55,1.0,1.0,0.0
MPLADS-003985,1,82.5,93.7,94.7,82.5,11.2,11.2,11.2,-7.5,0.3618,0.0,0.0,0.0,0.3618,0.0331,11.2,11.2,0,210.0,228.0,18.0,1.0857,1.0,1.0,1.0
MPLADS-003986,1,75.2,91.6,97.5,75.2,16.4,16.4,16.4,-14.8,0.1753,0.0,0.0,0.0,0.1753,0.0016,16.4,16.4,0,400.0,429.0,29.0,1.0725,1.0,1.0,1.0
MPLADS-003987,1,97.6,92.6,87.7,97.6,5.0,-5.0,-5.0,7.6,0.6731,0.0,0.0,0.0,0.6731,0.0251,0.0,0.0,0,150.0,145.0,0.0,0.9667,1.0,1.0,1.0
MPLADS-003988,1,93.3,94.2,81.7,93.3,0.9,0.9,0.9,3.3,0.4642,0.0,0.0,0.0,0.4642,-0.0108,0.9,0.9,0,210.0,201.0,0.0,0.9571,1.0,1.0,1.0
MPLADS-003989,1,82.8,86.5,90.2,82.8,3.7,3.7,3.7,-7.2,0.8039,0.0,0.0,0.0,0.8039,0.0092,3.7,3.7,0,90.0,103.0,13.0,1.1444,1.0,1.0,1.0
MPLADS-003990,1,79.2,87.4,97.6,79.2,8.2,8.2,8.2,-10.8,0.4352,0.0,0.0,0.0,0.4352,0.0156,8.2,8.2,0,180.0,182.0,2.0,1.0111,1.0,1.0,1.0
MPLADS-003991,1,76.2,95.6,95.0,76.2,19.4,19.4,19.4,-13.8,0.5817,0.0,0.0,0.0,0.5817,0.0179,19.4,19.4,0,120.0,131.0,11.0,1.0917,1.0,1.0,1.0
MPLADS-003992,1,85.5,91.0,87.9,85.5,5.5,5.5,5.5,-4.5,0.4191,0.0,0.0,0.0,0.4191,0.0299,5.5,5.5,0,210.0,204.0,0.0,0.9714,1.0,1.0,1.0
MPLADS-003993,1,97.2,96.2,83.3,97.2,1.0,-1.0,-1.0,7.2,0.54,0.0,0.0,0.0,0.54,0.0475,0.0,0.0,0,180.0,180.0,0.0,1.0,1.0,1.0,1.0
MPLADS-003994,1,77.6,87.7,94.4,77.6,10.1,10.1,10.1,-12.4,0.6016,0.0,0.0,0.0,0.6016,0.0096,10.1,10.1,0,120.0,129.0,9.0,1.075,1.0,1.0,1.0
MPLADS-003995,1,79.9,96.0,92.7,79.9,16.1,16.1,16.1,-10.1,0.3343,0.0,0.0,0.0,0.3343,0.0299,16.1,16.1,0,210.0,239.0,29.0,1.1381,1.0,1.0,1.0
MPLADS-003996,1,90.3,85.3,84.8,90.3,5.0,-5.0,-5.0,0.3,0.5131,0.0,0.0,0.0,0.5131,0.0073,0.0,0.0,0,160.0,176.0,16.0,1.1,1.0,1.0,1.0
MPLADS-003997,1,76.8,89.2,81.7,76.8,12.4,12.4,12.4,-13.2,0.6621,0.0,0.0,0.0,0.6621,0.0078,12.4,12.4,0,120.0,116.0,0.0,0.9667,1.0,1.0,1.0
MPLADS-003998,1,34.8,93.4,94.8,34.8,58.6,58.6,58.6,-55.2,0.4901,0.0,0.0,0.0,0.4901,0.0479,58.6,58.6,0,60.0,71.0,11.0,1.1833,1.0,1.0,0.0
MPLADS-003999,1,84.6,93.1,92.7,84.6,8.5,8.5,8.5,-5.4,0.4406,0.0,0.0,0.0,0.4406,0.0042,8.5,8.5,0,160.0,192.0,32.0,1.2,1.0,1.0,1.0
MPLADS-004000,1,89.8,91.7,98.1,89.8,1.9,1.9,1.9,-0.2,0.6151,0.0,0.0,0.0,0.6151,0.003,1.9,1.9,0,120.0,146.0,26.0,1.2167,1.0,1.0,1.0
MPLADS-004001,1,91.1,94.0,92.4,91.1,2.9,2.9,2.9,1.1,0.5266,0.0,0.0,0.0,0.5266,-0.0007,2.9,2.9,0,160.0,173.0,13.0,1.0813,1.0,1.0,1.0
MPLADS-004002,1,85.8,93.0,95.6,85.8,7.2,7.2,7.2,-4.2,0.964,0.0,0.0,0.0,0.964,0.0477,7.2,7.2,0,60.0,89.0,29.0,1.4833,1.0,1.0,1.0
MPLADS-004003,1,98.6,86.4,93.4,98.6,12.2,-12.2,-12.2,8.6,0.416,0.0,0.0,0.0,0.416,-0.0084,0.0,0.0,0,210.0,237.0,27.0,1.1286,1.0,1.0,1.0
MPLADS-004004,1,82.4,92.1,83.7,82.4,9.7,9.7,9.7,-7.6,0.4552,0.0,0.0,0.0,0.4552,-0.0012,9.7,9.7,0,150.0,181.0,31.0,1.2067,1.0,1.0,1.0
MPLADS-004005,1,84.8,88.9,97.7,84.8,4.1,4.1,4.1,-5.2,0.5267,0.0,0.0,0.0,0.5267,-0.0181,4.1,4.1,0,160.0,161.0,1.0,1.0063,1.0,1.0,1.0
MPLADS-004006,1,80.9,85.9,93.4,80.9,5.0,5.0,5.0,-9.1,0.3966,0.0,0.0,0.0,0.3966,-0.0055,5.0,5.0,0,210.0,204.0,0.0,0.9714,1.0,1.0,1.0
MPLADS-004007,1,61.0,92.0,100.0,61.0,31.0,31.0,31.0,-29.0,0.1271,0.0,0.0,0.0,0.1271,0.0278,31.0,31.0,2,120.0,480.0,360.0,4.0,1.0,1.0,1.0
MPLADS-004008,1,94.7,88.4,82.8,94.7,6.3,-6.3,-6.3,4.7,0.4531,0.0,0.0,0.0,0.4531,0.0301,0.0,0.0,0,180.0,209.0,29.0,1.1611,1.0,1.0,1.0
MPLADS-004009,1,78.0,92.8,81.5,78.0,14.8,14.8,14.8,-12.0,0.5455,0.0,0.0,0.0,0.5455,0.0385,14.8,14.8,0,150.0,143.0,0.0,0.9533,1.0,1.0,1.0
MPLADS-004010,1,94.5,90.2,89.6,94.5,4.3,-4.3,-4.3,4.5,0.7746,0.0,0.0,0.0,0.7746,0.0327,0.0,0.0,0,90.0,122.0,32.0,1.3556,1.0,1.0,1.0
MPLADS-004011,1,82.5,93.7,84.4,82.5,11.2,11.2,11.2,-7.5,0.569,0.0,0.0,0.0,0.569,-0.0174,11.2,11.2,0,160.0,145.0,0.0,0.9062,1.0,1.0,1.0
MPLADS-004012,1,85.1,93.9,82.8,85.1,8.8,8.8,8.8,-4.9,0.4977,0.0,0.0,0.0,0.4977,0.007,8.8,8.8,0,180.0,171.0,0.0,0.95,1.0,1.0,1.0
MPLADS-004013,1,92.6,89.1,82.9,92.6,3.5,-3.5,-3.5,2.6,0.6662,0.0,0.0,0.0,0.6662,-0.0154,0.0,0.0,0,150.0,139.0,0.0,0.9267,1.0,1.0,1.0
MPLADS-004014,1,13.4,63.8,81.5,13.4,50.4,50.4,50.4,-76.6,0.1072,0.0,0.0,0.0,0.1072,0.0467,50.4,50.4,0,120.0,125.0,5.0,1.0417,1.0,1.0,1.0
MPLADS-004015,1,83.7,88.0,80.6,83.7,4.3,4.3,4.3,-6.3,0.4549,0.0,0.0,0.0,0.4549,0.0184,4.3,4.3,0,150.0,184.0,34.0,1.2267,1.0,1.0,1.0
MPLADS-004016,1,70.6,85.9,96.2,70.6,15.3,15.3,15.3,-19.4,0.333,0.0,0.0,0.0,0.333,0.0387,15.3,15.3,0,180.0,212.0,32.0,1.1778,1.0,1.0,1.0
MPLADS-004017,1,96.2,93.0,85.2,96.2,3.2,-3.2,-3.2,6.2,1.1318,0.0,0.0,0.0,1.1318,0.003,0.0,0.0,0,60.0,85.0,25.0,1.4167,1.0,1.0,1.0
MPLADS-004018,1,93.2,85.4,82.2,93.2,7.8,-7.8,-7.8,3.2,0.5648,0.0,0.0,0.0,0.5648,0.0184,0.0,0.0,0,160.0,165.0,5.0,1.0312,1.0,1.0,1.0
MPLADS-004019,1,79.8,95.1,87.0,79.8,15.3,15.3,15.3,-10.2,0.2057,0.0,0.0,0.0,0.2057,0.0035,15.3,15.3,0,400.0,388.0,0.0,0.97,1.0,1.0,1.0
MPLADS-004020,1,82.8,90.9,84.2,82.8,8.1,8.1,8.1,-7.2,1.4786,0.0,0.0,0.0,1.4786,0.0313,8.1,8.1,0,60.0,56.0,0.0,0.9333,1.0,1.0,1.0
MPLADS-004021,1,75.3,138.0,83.5,75.3,62.7,62.7,62.7,-14.7,0.5266,0.0,0.0,0.0,0.5266,0.0062,62.7,62.7,0,150.0,143.0,0.0,0.9533,1.0,1.0,1.0
MPLADS-004022,1,98.0,90.9,95.4,98.0,7.1,-7.1,-7.1,8.0,0.8909,0.0,0.0,0.0,0.8909,0.0044,0.0,0.0,0,120.0,110.0,0.0,0.9167,1.0,1.0,1.0
MPLADS-004023,1,75.1,88.0,92.4,75.1,12.9,12.9,12.9,-14.9,0.4126,0.0,0.0,0.0,0.4126,0.0454,12.9,12.9,0,160.0,182.0,22.0,1.1375,1.0,1.0,1.0
MPLADS-004024,1,41.4,96.6,91.4,41.4,55.2,55.2,55.2,-48.6,0.0862,0.0,0.0,0.0,0.0862,0.0345,55.2,55.2,4,160.0,480.0,320.0,3.0,1.0,1.0,1.0
MPLADS-004025,1,83.4,91.4,81.6,83.4,8.0,8.0,8.0,-6.6,0.4877,0.0,0.0,0.0,0.4877,0.0457,8.0,8.0,0,180.0,171.0,0.0,0.95,0.0,0.0,0.0
MPLADS-004026,1,79.7,95.0,90.7,79.7,15.3,15.3,15.3,-10.3,0.5734,0.0,0.0,0.0,0.5734,0.0365,15.3,15.3,0,120.0,139.0,19.0,1.1583,1.0,1.0,1.0
MPLADS-004027,1,84.5,94.2,86.1,84.5,9.7,9.7,9.7,-5.5,0.2172,0.0,0.0,0.0,0.2172,0.0162,9.7,9.7,0,400.0,389.0,0.0,0.9725,1.0,1.0,1.0
MPLADS-004028,1,96.2,94.4,96.7,96.2,1.8,-1.8,-1.8,6.2,0.2329,0.0,0.0,0.0,0.2329,-0.0058,0.0,0.0,0,400.0,413.0,13.0,1.0325,1.0,1.0,1.0
MPLADS-004029,1,86.7,90.4,87.8,86.7,3.7,3.7,3.7,-3.3,0.7673,0.0,0.0,0.0,0.7673,0.0226,3.7,3.7,0,90.0,113.0,23.0,1.2556,1.0,1.0,1.0
MPLADS-004030,1,97.0,90.0,92.9,97.0,7.0,-7.0,-7.0,7.0,0.2245,0.0,0.0,0.0,0.2245,-0.0026,0.0,0.0,0,400.0,432.0,32.0,1.08,1.0,1.0,1.0
MPLADS-004031,1,94.8,90.5,91.3,94.8,4.3,-4.3,-4.3,4.8,1.0533,0.0,0.0,0.0,1.0533,0.0399,0.0,0.0,0,60.0,90.0,30.0,1.5,1.0,1.0,1.0
MPLADS-004032,1,81.3,94.5,82.5,81.3,13.2,13.2,13.2,-8.7,0.9345,0.0,0.0,0.0,0.9345,0.0102,13.2,13.2,0,60.0,87.0,27.0,1.45,1.0,1.0,1.0
MPLADS-004033,1,99.9,85.0,81.5,99.9,14.9,-14.9,-14.9,9.9,0.5876,0.0,0.0,0.0,0.5876,-0.0019,0.0,0.0,0,160.0,170.0,10.0,1.0625,1.0,1.0,1.0
MPLADS-004034,1,87.6,96.9,80.6,87.6,9.3,9.3,9.3,-2.4,0.6791,0.0,0.0,0.0,0.6791,0.0255,9.3,9.3,0,120.0,129.0,9.0,1.075,1.0,1.0,1.0
MPLADS-004035,1,98.6,90.7,88.6,98.6,7.9,-7.9,-7.9,8.6,0.7197,0.0,0.0,0.0,0.7197,0.038,0.0,0.0,0,120.0,137.0,17.0,1.1417,1.0,1.0,1.0
MPLADS-004036,1,74.6,96.5,97.3,74.6,21.9,21.9,21.9,-15.4,0.4467,0.0,0.0,0.0,0.4467,-0.0079,21.9,21.9,0,150.0,167.0,17.0,1.1133,1.0,1.0,1.0
MPLADS-004037,1,25.0,87.7,89.5,25.0,62.7,62.7,62.7,-65.0,0.1667,0.0,0.0,0.0,0.1667,0.0281,62.7,62.7,0,150.0,150.0,0.0,1.0,1.0,1.0,0.0
MPLADS-004038,1,85.7,95.8,93.4,85.7,10.1,10.1,10.1,-4.3,0.5638,0.0,0.0,0.0,0.5638,0.0159,10.1,10.1,0,120.0,152.0,32.0,1.2667,1.0,1.0,1.0
MPLADS-004039,1,90.3,86.2,92.7,90.3,4.1,-4.1,-4.1,0.3,0.4753,0.0,0.0,0.0,0.4753,0.0431,0.0,0.0,0,180.0,190.0,10.0,1.0556,1.0,1.0,1.0
MPLADS-004040,1,75.5,96.9,80.0,75.5,21.4,21.4,21.4,-14.5,0.3953,0.0,0.0,0.0,0.3953,-0.0178,21.4,21.4,0,160.0,191.0,31.0,1.1938,1.0,1.0,1.0
MPLADS-004041,1,70.5,96.8,93.6,70.5,26.3,26.3,26.3,-19.5,0.4196,0.0,0.0,0.0,0.4196,0.0366,26.3,26.3,0,180.0,168.0,0.0,0.9333,1.0,1.0,1.0
MPLADS-004042,1,98.3,88.4,87.2,98.3,9.9,-9.9,-9.9,8.3,0.7927,0.0,0.0,0.0,0.7927,0.0003,0.0,0.0,0,90.0,124.0,34.0,1.3778,1.0,1.0,1.0
MPLADS-004043,1,80.9,97.6,99.9,80.9,16.7,16.7,16.7,-9.1,0.8793,0.0,0.0,0.0,0.8793,-0.0107,16.7,16.7,0,60.0,92.0,32.0,1.5333,1.0,1.0,1.0
MPLADS-004044,1,48.3,92.5,98.6,48.3,44.2,44.2,44.2,-41.7,0.0805,0.0,0.0,0.0,0.0805,-0.0038,44.2,44.2,2,150.0,600.0,450.0,4.0,1.0,1.0,1.0
MPLADS-004045,1,86.4,87.8,83.2,86.4,1.4,1.4,1.4,-3.6,0.7579,0.0,0.0,0.0,0.7579,0.0234,1.4,1.4,0,120.0,114.0,0.0,0.95,1.0,1.0,1.0
MPLADS-004046,1,79.7,96.3,87.9,79.7,16.6,16.6,16.6,-10.3,0.4478,0.0,0.0,0.0,0.4478,-0.018,16.6,16.6,0,150.0,178.0,28.0,1.1867,1.0,1.0,1.0
MPLADS-004047,1,89.6,94.0,94.9,89.6,4.4,4.4,4.4,-0.4,0.3896,0.0,0.0,0.0,0.3896,-0.0069,4.4,4.4,0,210.0,230.0,20.0,1.0952,1.0,1.0,1.0
MPLADS-004048,1,91.6,89.2,99.4,91.6,2.4,-2.4,-2.4,1.6,2.0356,0.0,0.0,0.0,2.0356,0.049,0.0,0.0,0,60.0,45.0,0.0,0.75,1.0,1.0,1.0
MPLADS-004049,1,94.3,89.6,95.9,94.3,4.7,-4.7,-4.7,4.3,0.6594,0.0,0.0,0.0,0.6594,0.0346,0.0,0.0,0,150.0,143.0,0.0,0.9533,1.0,1.0,1.0
MPLADS-004050,1,89.7,95.8,91.0,89.7,6.1,6.1,6.1,-0.3,0.6362,0.0,0.0,0.0,0.6362,-0.0019,6.1,6.1,0,120.0,141.0,21.0,1.175,0.0,0.0,0.0
MPLADS-004051,1,71.3,86.4,95.9,71.3,15.1,15.1,15.1,-18.7,0.1647,0.0,0.0,0.0,0.1647,-0.0115,15.1,15.1,0,400.0,433.0,33.0,1.0825,1.0,1.0,1.0
MPLADS-004052,1,84.4,96.5,80.1,84.4,12.1,12.1,12.1,-5.6,0.5115,0.0,0.0,0.0,0.5115,-0.0124,12.1,12.1,0,150.0,165.0,15.0,1.1,1.0,1.0,1.0
MPLADS-004053,1,77.6,96.1,93.3,77.6,18.5,18.5,18.5,-12.4,0.415,0.0,0.0,0.0,0.415,-0.0035,18.5,18.5,0,180.0,187.0,7.0,1.0389,0.0,0.0,0.0
MPLADS-004054,1,74.0,97.8,98.8,74.0,23.8,23.8,23.8,-16.0,1.0725,0.0,0.0,0.0,1.0725,-0.006,23.8,23.8,0,60.0,69.0,9.0,1.15,1.0,1.0,1.0
MPLADS-004055,1,81.8,97.6,83.9,81.8,15.8,15.8,15.8,-8.2,0.4784,0.0,0.0,0.0,0.4784,-0.0078,15.8,15.8,0,160.0,171.0,11.0,1.0688,1.0,1.0,1.0
MPLADS-004056,1,85.6,96.5,81.6,85.6,10.9,10.9,10.9,-4.4,1.9022,0.0,0.0,0.0,1.9022,0.0085,10.9,10.9,0,60.0,45.0,0.0,0.75,1.0,1.0,1.0
MPLADS-004057,1,78.2,86.2,94.8,78.2,8.0,8.0,8.0,-11.8,0.3724,0.0,0.0,0.0,0.3724,-0.0005,8.0,8.0,0,210.0,210.0,0.0,1.0,1.0,1.0,1.0
MPLADS-004058,1,95.2,95.5,82.0,95.2,0.3,0.3,0.3,5.2,0.9917,0.0,0.0,0.0,0.9917,0.0387,0.3,0.3,0,90.0,96.0,6.0,1.0667,1.0,1.0,1.0
MPLADS-004059,1,16.0,98.8,83.9,16.0,82.8,82.8,82.8,-74.0,0.1524,0.0,0.0,0.0,0.1524,0.0274,82.8,82.8,0,90.0,105.0,15.0,1.1667,1.0,1.0,0.0
MPLADS-004060,1,53.6,93.0,91.2,53.6,39.4,39.4,39.4,-36.4,0.0744,0.0,0.0,0.0,0.0744,0.0165,39.4,39.4,4,180.0,720.0,540.0,4.0,1.0,1.0,1.0
MPLADS-004061,1,73.7,93.7,84.4,73.7,20.0,20.0,20.0,-16.3,0.519,0.0,0.0,0.0,0.519,0.0134,20.0,20.0,0,150.0,142.0,0.0,0.9467,1.0,1.0,1.0
MPLADS-004062,1,98.6,85.7,98.1,98.6,12.9,-12.9,-12.9,8.6,0.4763,0.0,0.0,0.0,0.4763,0.0183,0.0,0.0,0,210.0,207.0,0.0,0.9857,1.0,1.0,1.0
MPLADS-004063,1,71.0,94.2,88.9,71.0,23.2,23.2,23.2,-19.0,0.1821,0.0,0.0,0.0,0.1821,0.0034,23.2,23.2,0,400.0,390.0,0.0,0.975,1.0,1.0,1.0
MPLADS-004064,1,88.2,93.1,81.2,88.2,4.9,4.9,4.9,-1.8,0.21,0.0,0.0,0.0,0.21,0.0169,4.9,4.9,0,400.0,420.0,20.0,1.05,1.0,1.0,1.0
MPLADS-004065,1,83.7,96.3,92.6,83.7,12.6,12.6,12.6,-6.3,0.8541,0.0,0.0,0.0,0.8541,0.0137,12.6,12.6,0,90.0,98.0,8.0,1.0889,1.0,1.0,1.0
MPLADS-004066,1,78.3,90.7,87.8,78.3,12.4,12.4,12.4,-11.7,0.3693,0.0,0.0,0.0,0.3693,0.0275,12.4,12.4,0,210.0,212.0,2.0,1.0095,1.0,1.0,1.0
MPLADS-004067,1,89.9,95.9,87.6,89.9,6.0,6.0,6.0,-0.1,0.2115,0.0,0.0,0.0,0.2115,-0.0021,6.0,6.0,0,400.0,425.0,25.0,1.0625,1.0,1.0,1.0
MPLADS-004068,1,99.3,97.0,88.1,99.3,2.3,-2.3,-2.3,9.3,1.5277,0.0,0.0,0.0,1.5277,-0.0112,0.0,0.0,0,60.0,65.0,5.0,1.0833,1.0,1.0,1.0
MPLADS-004069,1,96.5,85.7,85.7,96.5,10.8,-10.8,-10.8,6.5,1.0843,0.0,0.0,0.0,1.0843,0.0402,0.0,0.0,0,60.0,89.0,29.0,1.4833,1.0,1.0,1.0
MPLADS-004070,1,81.9,97.1,83.3,81.9,15.2,15.2,15.2,-8.1,0.4525,0.0,0.0,0.0,0.4525,-0.0166,15.2,15.2,0,150.0,181.0,31.0,1.2067,1.0,1.0,1.0
MPLADS-004071,1,75.4,85.1,94.0,75.4,9.7,9.7,9.7,-14.6,0.4384,0.0,0.0,0.0,0.4384,0.0339,9.7,9.7,0,150.0,172.0,22.0,1.1467,1.0,1.0,1.0
MPLADS-004072,1,74.1,86.1,97.3,74.1,12.0,12.0,12.0,-15.9,0.9262,0.0,0.0,0.0,0.9262,0.0283,12.0,12.0,0,90.0,80.0,0.0,0.8889,1.0,1.0,1.0
MPLADS-004073,1,89.5,152.1,83.6,89.5,62.6,62.6,62.6,-0.5,0.6885,0.0,0.0,0.0,0.6885,0.0386,62.6,62.6,0,120.0,130.0,10.0,1.0833,1.0,1.0,1.0
MPLADS-004074,1,97.2,89.9,95.7,97.2,7.3,-7.3,-7.3,7.2,0.537,0.0,0.0,0.0,0.537,-0.0194,0.0,0.0,0,160.0,181.0,21.0,1.1313,1.0,1.0,1.0
MPLADS-004075,1,52.6,94.3,85.4,52.6,41.7,41.7,41.7,-37.4,0.0974,0.0,0.0,0.0,0.0974,-0.0175,41.7,41.7,3,180.0,540.0,360.0,3.0,1.0,1.0,1.0
MPLADS-004076,1,93.5,88.8,87.2,93.5,4.7,-4.7,-4.7,3.5,0.4652,0.0,0.0,0.0,0.4652,-0.0194,0.0,0.0,0,180.0,201.0,21.0,1.1167,1.0,1.0,1.0
MPLADS-004077,1,91.5,90.0,86.8,91.5,1.5,-1.5,-1.5,1.5,0.221,0.0,0.0,0.0,0.221,0.0137,0.0,0.0,0,400.0,414.0,14.0,1.035,1.0,1.0,1.0
MPLADS-004078,1,85.5,94.6,86.2,85.5,9.1,9.1,9.1,-4.5,0.5625,0.0,0.0,0.0,0.5625,-0.0044,9.1,9.1,0,120.0,152.0,32.0,1.2667,1.0,1.0,1.0
MPLADS-004079,1,99.7,93.7,85.2,99.7,6.0,-6.0,-6.0,9.7,0.8982,0.0,0.0,0.0,0.8982,-0.0082,0.0,0.0,0,90.0,111.0,21.0,1.2333,1.0,1.0,1.0
MPLADS-004080,1,91.6,97.3,89.8,91.6,5.7,5.7,5.7,1.6,0.2125,0.0,0.0,0.0,0.2125,0.0261,5.7,5.7,0,400.0,431.0,31.0,1.0775,1.0,1.0,1.0
MPLADS-004081,1,93.5,88.7,97.4,93.5,4.8,-4.8,-4.8,3.5,0.4452,0.0,0.0,0.0,0.4452,0.001,0.0,0.0,0,180.0,210.0,30.0,1.1667,1.0,1.0,1.0
MPLADS-004082,1,96.9,96.5,80.2,96.9,0.4,-0.4,-0.4,6.9,0.7231,0.0,0.0,0.0,0.7231,0.0053,0.0,0.0,0,120.0,134.0,14.0,1.1167,1.0,1.0,1.0
MPLADS-004083,1,92.4,93.7,89.9,92.4,1.3,1.3,1.3,2.4,0.983,0.0,0.0,0.0,0.983,0.0467,1.3,1.3,0,90.0,94.0,4.0,1.0444,1.0,1.0,1.0
MPLADS-004084,1,72.4,91.4,86.5,72.4,19.0,19.0,19.0,-17.6,0.3791,0.0,0.0,0.0,0.3791,0.0057,19.0,19.0,0,160.0,191.0,31.0,1.1938,1.0,1.0,1.0
MPLADS-004085,1,85.6,97.3,83.6,85.6,11.7,11.7,11.7,-4.4,0.2145,0.0,0.0,0.0,0.2145,0.0015,11.7,11.7,0,400.0,399.0,0.0,0.9975,1.0,1.0,1.0
MPLADS-004086,1,77.4,95.7,96.7,77.4,18.3,18.3,18.3,-12.6,0.5529,0.0,0.0,0.0,0.5529,-0.0068,18.3,18.3,0,150.0,140.0,0.0,0.9333,1.0,1.0,1.0
MPLADS-004087,1,90.2,93.6,98.4,90.2,3.4,3.4,3.4,0.2,0.5154,0.0,0.0,0.0,0.5154,-0.0041,3.4,3.4,0,180.0,175.0,0.0,0.9722,1.0,1.0,1.0
MPLADS-004088,1,78.8,93.0,95.8,78.8,14.2,14.2,14.2,-11.2,0.3825,0.0,0.0,0.0,0.3825,-0.0134,14.2,14.2,0,180.0,206.0,26.0,1.1444,1.0,1.0,1.0
MPLADS-004089,1,0.0,100.0,90.6,0.0,100.0,100.0,100.0,-90.0,0.0,0.0,0.0,0.0,0.0,0.0182,100.0,100.0,0,120.0,125.0,5.0,1.0417,0.0,0.0,0.0
MPLADS-004090,1,94.6,93.7,93.6,94.6,0.9,-0.9,-0.9,4.6,0.5733,0.0,0.0,0.0,0.5733,0.0235,0.0,0.0,0,150.0,165.0,15.0,1.1,1.0,1.0,1.0
MPLADS-004091,1,81.3,85.4,98.1,81.3,4.1,4.1,4.1,-8.7,0.6664,0.0,0.0,0.0,0.6664,0.0177,4.1,4.1,0,90.0,122.0,32.0,1.3556,1.0,1.0,1.0
MPLADS-004092,1,76.3,91.6,82.4,76.3,15.3,15.3,15.3,-13.7,0.1852,0.0,0.0,0.0,0.1852,-0.0172,15.3,15.3,0,400.0,412.0,12.0,1.03,1.0,1.0,1.0
MPLADS-004093,1,75.7,86.1,88.9,75.7,10.4,10.4,10.4,-14.3,0.4351,0.0,0.0,0.0,0.4351,0.0098,10.4,10.4,0,150.0,174.0,24.0,1.16,1.0,1.0,1.0
MPLADS-004094,1,75.7,86.5,83.7,75.7,10.8,10.8,10.8,-14.3,0.6759,0.0,0.0,0.0,0.6759,0.0417,10.8,10.8,0,90.0,112.0,22.0,1.2444,1.0,1.0,1.0
MPLADS-004095,1,87.6,90.4,86.2,87.6,2.8,2.8,2.8,-2.4,0.7065,0.0,0.0,0.0,0.7065,-0.0044,2.8,2.8,0,90.0,124.0,34.0,1.3778,1.0,1.0,1.0
MPLADS-004096,1,91.1,90.2,92.8,91.1,0.9,-0.9,-0.9,1.1,0.4198,0.0,0.0,0.0,0.4198,0.0024,0.0,0.0,0,210.0,217.0,7.0,1.0333,1.0,1.0,1.0
MPLADS-004097,1,78.6,92.5,88.6,78.6,13.9,13.9,13.9,-11.4,0.7278,0.0,0.0,0.0,0.7278,0.0151,13.9,13.9,0,120.0,108.0,0.0,0.9,1.0,1.0,1.0
MPLADS-004098,1,82.2,85.5,94.2,82.2,3.3,3.3,3.3,-7.8,0.1894,0.0,0.0,0.0,0.1894,-0.009,3.3,3.3,0,400.0,434.0,34.0,1.085,1.0,1.0,1.0
MPLADS-004099,1,79.2,95.2,96.9,79.2,16.0,16.0,16.0,-10.8,0.4376,0.0,0.0,0.0,0.4376,0.0415,16.0,16.0,0,160.0,181.0,21.0,1.1313,1.0,1.0,1.0
MPLADS-004100,1,83.2,92.9,84.2,83.2,9.7,9.7,9.7,-6.8,0.4473,0.0,0.0,0.0,0.4473,0.0339,9.7,9.7,0,160.0,186.0,26.0,1.1625,1.0,1.0,1.0
MPLADS-004101,1,82.8,89.7,99.1,82.8,6.9,6.9,6.9,-7.2,0.5111,0.0,0.0,0.0,0.5111,0.0484,6.9,6.9,0,160.0,162.0,2.0,1.0125,1.0,1.0,1.0
MPLADS-004102,1,97.7,96.4,96.2,97.7,1.3,-1.3,-1.3,7.7,0.4789,0.0,0.0,0.0,0.4789,-0.0168,0.0,0.0,0,180.0,204.0,24.0,1.1333,1.0,1.0,1.0
MPLADS-004103,1,96.9,95.6,97.4,96.9,1.3,-1.3,-1.3,6.9,0.4486,0.0,0.0,0.0,0.4486,0.027,0.0,0.0,0,210.0,216.0,6.0,1.0286,1.0,1.0,1.0
MPLADS-004104,1,97.8,94.9,88.8,97.8,2.9,-2.9,-2.9,7.8,0.5147,0.0,0.0,0.0,0.5147,0.0242,0.0,0.0,0,180.0,190.0,10.0,1.0556,1.0,1.0,1.0
MPLADS-004105,1,79.3,92.8,81.2,79.3,13.5,13.5,13.5,-10.7,0.1897,0.0,0.0,0.0,0.1897,0.0286,13.5,13.5,0,400.0,418.0,18.0,1.045,1.0,1.0,1.0
MPLADS-004106,1,82.3,144.0,94.1,82.3,61.7,61.7,61.7,-7.7,1.0288,0.0,0.0,0.0,1.0288,-0.0072,61.7,61.7,0,60.0,80.0,20.0,1.3333,1.0,1.0,1.0
MPLADS-004107,1,88.4,85.8,95.8,88.4,2.6,-2.6,-2.6,-1.6,0.7556,0.0,0.0,0.0,0.7556,-0.0106,0.0,0.0,0,90.0,117.0,27.0,1.3,1.0,1.0,1.0
MPLADS-004108,1,94.7,87.1,95.4,94.7,7.6,-7.6,-7.6,4.7,0.2293,0.0,0.0,0.0,0.2293,0.0045,0.0,0.0,0,400.0,413.0,13.0,1.0325,1.0,1.0,1.0
MPLADS-004109,1,96.4,91.1,91.1,96.4,5.3,-5.3,-5.3,6.4,0.5807,0.0,0.0,0.0,0.5807,0.0112,0.0,0.0,0,180.0,166.0,0.0,0.9222,1.0,1.0,1.0
MPLADS-004110,1,83.7,92.2,85.1,83.7,8.5,8.5,8.5,-6.3,0.9964,0.0,0.0,0.0,0.9964,0.0351,8.5,8.5,0,90.0,84.0,0.0,0.9333,1.0,1.0,1.0
MPLADS-004111,1,91.7,91.0,84.5,91.7,0.7,-0.7,-0.7,1.7,0.4325,0.0,0.0,0.0,0.4325,-0.0147,0.0,0.0,0,210.0,212.0,2.0,1.0095,1.0,1.0,1.0
MPLADS-004112,1,71.0,90.3,91.1,71.0,19.3,19.3,19.3,-19.0,0.3737,0.0,0.0,0.0,0.3737,0.0174,19.3,19.3,0,180.0,190.0,10.0,1.0556,1.0,1.0,1.0
MPLADS-004113,1,75.3,85.5,90.4,75.3,10.2,10.2,10.2,-14.7,0.8097,0.0,0.0,0.0,0.8097,-0.009,10.2,10.2,0,60.0,93.0,33.0,1.55,1.0,1.0,1.0
MPLADS-004114,1,95.4,93.0,99.1,95.4,2.4,-2.4,-2.4,5.4,0.9,0.0,0.0,0.0,0.9,0.0431,0.0,0.0,0,90.0,106.0,16.0,1.1778,1.0,1.0,1.0
MPLADS-004115,1,95.8,86.5,92.3,95.8,9.3,-9.3,-9.3,5.8,0.4258,0.0,0.0,0.0,0.4258,0.0337,0.0,0.0,0,210.0,225.0,15.0,1.0714,1.0,1.0,1.0
MPLADS-004116,1,72.2,97.2,88.9,72.2,25.0,25.0,25.0,-17.8,0.3099,0.0,0.0,0.0,0.3099,-0.0019,25.0,25.0,0,210.0,233.0,23.0,1.1095,1.0,1.0,1.0
MPLADS-004117,1,86.9,96.9,91.7,86.9,10.0,10.0,10.0,-3.1,0.4479,0.0,0.0,0.0,0.4479,0.0195,10.0,10.0,0,180.0,194.0,14.0,1.0778,1.0,1.0,1.0
MPLADS-004118,1,75.0,95.5,98.1,75.0,20.5,20.5,20.5,-15.0,0.3086,0.0,0.0,0.0,0.3086,0.0311,20.5,20.5,0,210.0,243.0,33.0,1.1571,1.0,1.0,1.0
MPLADS-004119,1,87.2,92.9,83.4,87.2,5.7,5.7,5.7,-2.8,0.8074,0.0,0.0,0.0,0.8074,-0.0179,5.7,5.7,0,90.0,108.0,18.0,1.2,1.0,1.0,1.0
MPLADS-004120,1,78.9,91.0,96.2,78.9,12.1,12.1,12.1,-11.1,0.5157,0.0,0.0,0.0,0.5157,0.0334,12.1,12.1,0,150.0,153.0,3.0,1.02,1.0,1.0,1.0
MPLADS-004121,1,92.7,90.2,95.0,92.7,2.5,-2.5,-2.5,2.7,0.4931,0.0,0.0,0.0,0.4931,-0.01,0.0,0.0,0,160.0,188.0,28.0,1.175,1.0,1.0,1.0
MPLADS-004122,1,99.2,91.3,84.3,99.2,7.9,-7.9,-7.9,9.2,0.5734,0.0,0.0,0.0,0.5734,0.0464,0.0,0.0,0,150.0,173.0,23.0,1.1533,1.0,1.0,1.0
MPLADS-004123,1,76.1,97.2,96.0,76.1,21.1,21.1,21.1,-13.9,0.8747,0.0,0.0,0.0,0.8747,0.0269,21.1,21.1,0,60.0,87.0,27.0,1.45,1.0,1.0,1.0
MPLADS-004124,1,78.7,90.7,92.7,78.7,12.0,12.0,12.0,-11.3,0.3561,0.0,0.0,0.0,0.3561,0.0307,12.0,12.0,0,210.0,221.0,11.0,1.0524,1.0,1.0,1.0
MPLADS-004125,1,78.4,92.9,94.4,78.4,14.5,14.5,14.5,-11.6,0.392,0.0,0.0,0.0,0.392,0.0136,14.5,14.5,0,210.0,200.0,0.0,0.9524,0.0,0.0,0.0
MPLADS-004126,1,88.6,94.8,84.0,88.6,6.2,6.2,6.2,-1.4,0.6374,0.0,0.0,0.0,0.6374,-0.0189,6.2,6.2,0,120.0,139.0,19.0,1.1583,1.0,1.0,1.0
MPLADS-004127,1,79.2,90.9,87.6,79.2,11.7,11.7,11.7,-10.8,1.44,0.0,0.0,0.0,1.44,-0.0095,11.7,11.7,0,60.0,55.0,0.0,0.9167,1.0,1.0,1.0
MPLADS-004128,1,87.0,94.1,83.3,87.0,7.1,7.1,7.1,-3.0,0.4485,0.0,0.0,0.0,0.4485,0.0474,7.1,7.1,0,160.0,194.0,34.0,1.2125,1.0,1.0,1.0
MPLADS-004129,1,81.9,86.7,96.4,81.9,4.8,4.8,4.8,-8.1,0.2073,0.0,0.0,0.0,0.2073,-0.0017,4.8,4.8,0,400.0,395.0,0.0,0.9875,1.0,1.0,1.0
MPLADS-004130,1,88.5,89.7,80.0,88.5,1.2,1.2,1.2,-1.5,0.5175,0.0,0.0,0.0,0.5175,-0.0003,1.2,1.2,0,180.0,171.0,0.0,0.95,1.0,1.0,1.0
MPLADS-004131,1,90.8,93.2,99.3,90.8,2.4,2.4,2.4,0.8,0.9763,0.0,0.0,0.0,0.9763,-0.0031,2.4,2.4,0,60.0,93.0,33.0,1.55,1.0,1.0,1.0
MPLADS-004132,1,93.1,97.9,89.1,93.1,4.8,4.8,4.8,3.1,0.7569,0.0,0.0,0.0,0.7569,0.034,4.8,4.8,0,120.0,123.0,3.0,1.025,1.0,1.0,1.0
MPLADS-004133,1,75.4,90.5,90.9,75.4,15.1,15.1,15.1,-14.6,0.1783,0.0,0.0,0.0,0.1783,0.0168,15.1,15.1,0,400.0,423.0,23.0,1.0575,1.0,1.0,1.0
MPLADS-004134,1,88.8,132.6,89.2,88.8,43.8,43.8,43.8,-1.2,0.6082,0.0,0.0,0.0,0.6082,-0.0182,43.8,43.8,0,120.0,146.0,26.0,1.2167,1.0,1.0,1.0
MPLADS-004135,1,78.9,91.5,81.4,78.9,12.6,12.6,12.6,-11.1,0.3945,0.0,0.0,0.0,0.3945,0.0381,12.6,12.6,0,210.0,200.0,0.0,0.9524,1.0,1.0,1.0
MPLADS-004136,1,94.0,91.9,98.9,94.0,2.1,-2.1,-2.1,4.0,0.5222,0.0,0.0,0.0,0.5222,0.0389,0.0,0.0,0,180.0,180.0,0.0,1.0,1.0,1.0,1.0
MPLADS-004137,1,0.0,100.0,88.5,0.0,100.0,100.0,100.0,-90.0,0.0,0.0,0.0,0.0,0.0,-0.0024,100.0,100.0,0,180.0,201.0,21.0,1.1167,0.0,0.0,0.0
MPLADS-004138,1,97.7,93.9,82.1,97.7,3.8,-3.8,-3.8,7.7,0.2256,0.0,0.0,0.0,0.2256,0.0471,0.0,0.0,0,400.0,433.0,33.0,1.0825,1.0,1.0,1.0
MPLADS-004139,1,87.7,92.5,86.6,87.7,4.8,4.8,4.8,-2.3,0.6401,0.0,0.0,0.0,0.6401,0.0107,4.8,4.8,0,120.0,137.0,17.0,1.1417,1.0,1.0,1.0
MPLADS-004140,1,71.6,93.8,89.4,71.6,22.2,22.2,22.2,-18.4,0.1794,0.0,0.0,0.0,0.1794,0.0093,22.2,22.2,0,400.0,399.0,0.0,0.9975,1.0,1.0,1.0
MPLADS-004141,1,94.5,85.6,98.3,94.5,8.9,-8.9,-8.9,4.5,0.8147,0.0,0.0,0.0,0.8147,0.0328,0.0,0.0,0,120.0,116.0,0.0,0.9667,1.0,1.0,1.0
MPLADS-004142,1,78.3,90.7,92.9,78.3,12.4,12.4,12.4,-11.7,0.45,0.0,0.0,0.0,0.45,0.0461,12.4,12.4,0,150.0,174.0,24.0,1.16,1.0,1.0,1.0
MPLADS-004143,1,81.7,88.3,87.5,81.7,6.6,6.6,6.6,-8.3,0.6866,0.0,0.0,0.0,0.6866,0.0073,6.6,6.6,0,120.0,119.0,0.0,0.9917,1.0,1.0,1.0
MPLADS-004144,1,77.1,90.2,91.7,77.1,13.1,13.1,13.1,-12.9,0.4213,0.0,0.0,0.0,0.4213,-0.006,13.1,13.1,0,150.0,183.0,33.0,1.22,1.0,1.0,1.0
MPLADS-004145,1,94.1,91.3,92.1,94.1,2.8,-2.8,-2.8,4.1,0.2267,0.0,0.0,0.0,0.2267,0.0356,0.0,0.0,0,400.0,415.0,15.0,1.0375,1.0,1.0,1.0
MPLADS-004146,1,83.6,85.2,89.3,83.6,1.6,1.6,1.6,-6.4,1.3484,0.0,0.0,0.0,1.3484,0.0403,1.6,1.6,0,60.0,62.0,2.0,1.0333,1.0,1.0,1.0
MPLADS-004147,1,26.3,94.9,90.5,26.3,68.6,68.6,68.6,-63.7,0.4782,0.0,0.0,0.0,0.4782,0.0091,68.6,68.6,0,60.0,55.0,0.0,0.9167,1.0,1.0,0.0
MPLADS-004148,1,99.4,96.5,82.2,99.4,2.9,-2.9,-2.9,9.4,0.5124,0.0,0.0,0.0,0.5124,-0.0033,0.0,0.0,0,180.0,194.0,14.0,1.0778,1.0,1.0,1.0
MPLADS-004149,1,92.3,93.0,86.0,92.3,0.7,0.7,0.7,2.3,0.8096,0.0,0.0,0.0,0.8096,0.0297,0.7,0.7,0,90.0,114.0,24.0,1.2667,1.0,1.0,1.0
MPLADS-004150,1,87.9,90.5,82.0,87.9,2.6,2.6,2.6,-2.1,0.8139,0.0,0.0,0.0,0.8139,0.0485,2.6,2.6,0,90.0,108.0,18.0,1.2,1.0,1.0,1.0
MPLADS-004151,1,30.3,90.6,92.3,30.3,60.3,60.3,60.3,-59.7,0.2228,0.0,0.0,0.0,0.2228,0.0076,60.3,60.3,0,120.0,136.0,16.0,1.1333,1.0,1.0,0.0
MPLADS-004152,1,96.3,88.9,95.2,96.3,7.4,-7.4,-7.4,6.3,0.6978,0.0,0.0,0.0,0.6978,-0.0097,0.0,0.0,0,120.0,138.0,18.0,1.15,1.0,1.0,1.0
MPLADS-004153,1,79.7,92.8,95.4,79.7,13.1,13.1,13.1,-10.3,1.2651,0.0,0.0,0.0,1.2651,-0.0143,13.1,13.1,0,60.0,63.0,3.0,1.05,1.0,1.0,1.0
MPLADS-004154,1,0.0,100.0,98.0,0.0,100.0,100.0,100.0,-90.0,0.0,0.0,0.0,0.0,0.0,0.0059,100.0,100.0,0,90.0,96.0,6.0,1.0667,0.0,0.0,0.0
MPLADS-004155,1,80.3,87.9,98.1,80.3,7.6,7.6,7.6,-9.7,0.5389,0.0,0.0,0.0,0.5389,0.0425,7.6,7.6,0,120.0,149.0,29.0,1.2417,1.0,1.0,1.0
MPLADS-004156,1,81.5,95.0,98.5,81.5,13.5,13.5,13.5,-8.5,0.4312,0.0,0.0,0.0,0.4312,0.0244,13.5,13.5,0,160.0,189.0,29.0,1.1812,1.0,1.0,1.0
MPLADS-004157,1,91.9,90.3,84.4,91.9,1.6,-1.6,-1.6,1.9,0.4294,0.0,0.0,0.0,0.4294,0.0157,0.0,0.0,0,210.0,214.0,4.0,1.019,1.0,1.0,1.0
MPLADS-004158,1,73.8,94.3,80.6,73.8,20.5,20.5,20.5,-16.2,0.7935,0.0,0.0,0.0,0.7935,-0.013,20.5,20.5,0,90.0,93.0,3.0,1.0333,1.0,1.0,1.0
MPLADS-004159,1,75.2,97.6,93.1,75.2,22.4,22.4,22.4,-14.8,0.4347,0.0,0.0,0.0,0.4347,0.0189,22.4,22.4,0,180.0,173.0,0.0,0.9611,1.0,1.0,1.0
MPLADS-004160,1,87.5,96.9,89.8,87.5,9.4,9.4,9.4,-2.5,0.4888,0.0,0.0,0.0,0.4888,-0.0047,9.4,9.4,0,180.0,179.0,0.0,0.9944,1.0,1.0,1.0
MPLADS-004161,1,97.5,95.9,85.3,97.5,1.6,-1.6,-1.6,7.5,1.4773,0.0,0.0,0.0,1.4773,0.0421,0.0,0.0,0,60.0,66.0,6.0,1.1,1.0,1.0,1.0
MPLADS-004162,1,90.1,85.1,86.6,90.1,5.0,-5.0,-5.0,0.1,1.1551,0.0,0.0,0.0,1.1551,0.0036,0.0,0.0,0,90.0,78.0,0.0,0.8667,1.0,1.0,1.0
MPLADS-004163,1,80.8,132.7,80.3,80.8,51.9,51.9,51.9,-9.2,0.3544,0.0,0.0,0.0,0.3544,0.0475,51.9,51.9,0,210.0,228.0,18.0,1.0857,1.0,1.0,1.0
MPLADS-004164,1,87.6,89.0,91.2,87.6,1.4,1.4,1.4,-2.4,0.5919,0.0,0.0,0.0,0.5919,-0.019,1.4,1.4,0,150.0,148.0,0.0,0.9867,1.0,1.0,1.0
MPLADS-004165,1,83.4,86.3,98.8,83.4,2.9,2.9,2.9,-6.6,0.4029,0.0,0.0,0.0,0.4029,-0.0138,2.9,2.9,0,180.0,207.0,27.0,1.15,1.0,1.0,1.0
MPLADS-004166,1,89.3,91.7,82.3,89.3,2.4,2.4,2.4,-0.7,0.4487,0.0,0.0,0.0,0.4487,0.0301,2.4,2.4,0,180.0,199.0,19.0,1.1056,1.0,1.0,1.0
MPLADS-004167,1,87.4,85.6,84.0,87.4,1.8,-1.8,-1.8,-2.6,0.575,0.0,0.0,0.0,0.575,-0.0169,0.0,0.0,0,160.0,152.0,0.0,0.95,1.0,1.0,1.0
MPLADS-004168,1,71.6,95.2,97.9,71.6,23.6,23.6,23.6,-18.4,1.0377,0.0,0.0,0.0,1.0377,0.0431,23.6,23.6,0,60.0,69.0,9.0,1.15,1.0,1.0,1.0
MPLADS-004169,1,79.0,85.0,95.6,79.0,6.0,6.0,6.0,-11.0,0.513,0.0,0.0,0.0,0.513,-0.0078,6.0,6.0,0,160.0,154.0,0.0,0.9625,1.0,1.0,1.0
MPLADS-004170,1,86.5,90.1,89.6,86.5,3.6,3.6,3.6,-3.5,1.0298,0.0,0.0,0.0,1.0298,0.0112,3.6,3.6,0,60.0,84.0,24.0,1.4,1.0,1.0,1.0
MPLADS-004171,1,79.4,87.3,86.3,79.4,7.9,7.9,7.9,-10.6,0.3931,0.0,0.0,0.0,0.3931,0.0116,7.9,7.9,0,210.0,202.0,0.0,0.9619,1.0,1.0,1.0
MPLADS-004172,1,77.8,95.8,88.3,77.8,18.0,18.0,18.0,-12.2,0.4576,0.0,0.0,0.0,0.4576,0.0147,18.0,18.0,0,160.0,170.0,10.0,1.0625,1.0,1.0,1.0
MPLADS-004173,1,88.0,85.3,95.0,88.0,2.7,-2.7,-2.7,-2.0,0.4251,0.0,0.0,0.0,0.4251,0.0067,0.0,0.0,0,210.0,207.0,0.0,0.9857,1.0,1.0,1.0
MPLADS-004174,1,81.0,93.1,90.8,81.0,12.1,12.1,12.1,-9.0,1.62,0.0,0.0,0.0,1.62,-0.0049,12.1,12.1,0,60.0,50.0,0.0,0.8333,1.0,1.0,1.0
MPLADS-004175,1,72.5,94.9,91.5,72.5,22.4,22.4,22.4,-17.5,0.0863,0.0,0.0,0.0,0.0863,0.0342,22.4,22.4,4,210.0,840.0,630.0,4.0,1.0,1.0,1.0
MPLADS-004176,1,79.1,150.3,92.9,79.1,71.2,71.2,71.2,-10.9,0.4708,0.0,0.0,0.0,0.4708,0.0469,71.2,71.2,0,180.0,168.0,0.0,0.9333,1.0,1.0,1.0
MPLADS-004177,1,85.9,92.9,91.3,85.9,7.0,7.0,7.0,-4.1,0.2175,0.0,0.0,0.0,0.2175,0.0169,7.0,7.0,0,400.0,395.0,0.0,0.9875,1.0,1.0,1.0
MPLADS-004178,1,76.9,97.8,84.4,76.9,20.9,20.9,20.9,-13.1,0.8739,0.0,0.0,0.0,0.8739,-0.0125,20.9,20.9,0,90.0,88.0,0.0,0.9778,1.0,1.0,1.0
MPLADS-004179,1,81.4,91.5,89.7,81.4,10.1,10.1,10.1,-8.6,0.4651,0.0,0.0,0.0,0.4651,0.0037,10.1,10.1,0,180.0,175.0,0.0,0.9722,1.0,1.0,1.0
MPLADS-004180,1,96.8,90.0,97.5,96.8,6.8,-6.8,-6.8,6.8,0.6368,0.0,0.0,0.0,0.6368,-0.011,0.0,0.0,0,150.0,152.0,2.0,1.0133,1.0,1.0,1.0
MPLADS-004181,1,97.5,90.6,85.0,97.5,6.9,-6.9,-6.9,7.5,0.6457,0.0,0.0,0.0,0.6457,0.0211,0.0,0.0,0,160.0,151.0,0.0,0.9437,1.0,1.0,1.0
MPLADS-004182,1,78.6,92.3,91.0,78.6,13.7,13.7,13.7,-11.4,0.3891,0.0,0.0,0.0,0.3891,-0.0096,13.7,13.7,0,210.0,202.0,0.0,0.9619,1.0,1.0,1.0
MPLADS-004183,1,72.8,97.9,90.8,72.8,25.1,25.1,25.1,-17.2,0.0867,0.0,0.0,0.0,0.0867,0.0177,25.1,25.1,3,210.0,840.0,630.0,4.0,1.0,1.0,1.0
MPLADS-004184,1,17.1,93.9,93.7,17.1,76.8,76.8,76.8,-72.9,0.0972,0.0,0.0,0.0,0.0972,0.0361,76.8,76.8,0,160.0,176.0,16.0,1.1,1.0,1.0,0.0
MPLADS-004185,1,92.3,86.8,83.8,92.3,5.5,-5.5,-5.5,2.3,0.5244,0.0,0.0,0.0,0.5244,-0.0068,0.0,0.0,0,160.0,176.0,16.0,1.1,1.0,1.0,1.0
MPLADS-004186,1,26.5,90.1,89.9,26.5,63.6,63.6,63.6,-63.5,0.4141,0.0,0.0,0.0,0.4141,0.0098,63.6,63.6,0,60.0,64.0,4.0,1.0667,1.0,1.0,0.0
MPLADS-004187,1,98.5,96.7,86.3,98.5,1.8,-1.8,-1.8,8.5,1.5635,0.0,0.0,0.0,1.5635,0.0234,0.0,0.0,0,60.0,63.0,3.0,1.05,1.0,1.0,1.0
MPLADS-004188,1,87.2,95.8,84.3,87.2,8.6,8.6,8.6,-2.8,0.4172,0.0,0.0,0.0,0.4172,0.0088,8.6,8.6,0,210.0,209.0,0.0,0.9952,1.0,1.0,1.0
MPLADS-004189,1,71.2,89.9,95.9,71.2,18.7,18.7,18.7,-18.8,0.3651,0.0,0.0,0.0,0.3651,0.0185,18.7,18.7,0,210.0,195.0,0.0,0.9286,1.0,1.0,1.0
MPLADS-004190,1,31.9,95.1,83.8,31.9,63.2,63.2,63.2,-58.1,0.2185,0.0,0.0,0.0,0.2185,-0.0065,63.2,63.2,0,160.0,146.0,0.0,0.9125,1.0,1.0,0.0
MPLADS-004191,1,98.9,86.0,91.8,98.9,12.9,-12.9,-12.9,8.9,0.8381,0.0,0.0,0.0,0.8381,0.028,0.0,0.0,0,120.0,118.0,0.0,0.9833,1.0,1.0,1.0
MPLADS-004192,1,97.3,92.8,99.2,97.3,4.5,-4.5,-4.5,7.3,0.4656,0.0,0.0,0.0,0.4656,0.0168,0.0,0.0,0,180.0,209.0,29.0,1.1611,1.0,1.0,1.0
MPLADS-004193,1,92.2,92.3,87.2,92.2,0.1,0.1,0.1,2.2,0.6359,0.0,0.0,0.0,0.6359,0.0328,0.1,0.1,0,120.0,145.0,25.0,1.2083,1.0,1.0,1.0
MPLADS-004194,1,91.5,95.6,86.2,91.5,4.1,4.1,4.1,1.5,0.2138,0.0,0.0,0.0,0.2138,0.0214,4.1,4.1,0,400.0,428.0,28.0,1.07,1.0,1.0,1.0
MPLADS-004195,1,90.9,90.1,86.9,90.9,0.8,-0.8,-0.8,0.9,0.3725,0.0,0.0,0.0,0.3725,0.0419,0.0,0.0,0,210.0,244.0,34.0,1.1619,1.0,1.0,1.0
MPLADS-004196,1,76.3,88.7,81.4,76.3,12.4,12.4,12.4,-13.7,0.3854,0.0,0.0,0.0,0.3854,0.0331,12.4,12.4,0,210.0,198.0,0.0,0.9429,1.0,1.0,1.0
MPLADS-004197,1,58.6,85.1,94.9,58.6,26.5,26.5,26.5,-31.4,0.1628,0.0,0.0,0.0,0.1628,0.0327,26.5,26.5,4,90.0,360.0,270.0,4.0,1.0,1.0,1.0
MPLADS-004198,1,85.3,90.7,92.0,85.3,5.4,5.4,5.4,-4.7,0.4374,0.0,0.0,0.0,0.4374,0.0296,5.4,5.4,0,180.0,195.0,15.0,1.0833,1.0,1.0,1.0
MPLADS-004199,1,78.0,88.8,90.8,78.0,10.8,10.8,10.8,-12.0,0.8966,0.0,0.0,0.0,0.8966,0.0067,10.8,10.8,0,90.0,87.0,0.0,0.9667,1.0,1.0,1.0
MPLADS-004200,1,84.3,91.4,85.9,84.3,7.1,7.1,7.1,-5.7,1.028,0.0,0.0,0.0,1.028,0.0359,7.1,7.1,0,90.0,82.0,0.0,0.9111,1.0,1.0,1.0
MPLADS-004201,1,88.7,92.6,80.3,88.7,3.9,3.9,3.9,-1.3,0.5544,0.0,0.0,0.0,0.5544,0.0348,3.9,3.9,0,150.0,160.0,10.0,1.0667,1.0,1.0,1.0
MPLADS-004202,1,76.8,86.1,86.4,76.8,9.3,9.3,9.3,-13.2,0.9722,0.0,0.0,0.0,0.9722,-0.0164,9.3,9.3,0,60.0,79.0,19.0,1.3167,1.0,1.0,1.0
MPLADS-004203,1,83.2,88.5,91.2,83.2,5.3,5.3,5.3,-6.8,0.566,0.0,0.0,0.0,0.566,0.0257,5.3,5.3,0,150.0,147.0,0.0,0.98,1.0,1.0,1.0
MPLADS-004204,1,91.0,89.7,81.3,91.0,1.3,-1.3,-1.3,1.0,0.474,0.0,0.0,0.0,0.474,0.0422,0.0,0.0,0,180.0,192.0,12.0,1.0667,1.0,1.0,1.0
MPLADS-004205,1,83.7,85.5,82.6,83.7,1.8,1.8,1.8,-6.3,0.3911,0.0,0.0,0.0,0.3911,0.0102,1.8,1.8,0,180.0,214.0,34.0,1.1889,1.0,1.0,1.0
MPLADS-004206,1,26.7,98.2,90.6,26.7,71.5,71.5,71.5,-63.3,0.1618,0.0,0.0,0.0,0.1618,-0.0147,71.5,71.5,0,150.0,165.0,15.0,1.1,1.0,1.0,0.0
MPLADS-004207,1,94.2,91.3,99.1,94.2,2.9,-2.9,-2.9,4.2,0.5925,0.0,0.0,0.0,0.5925,0.0172,0.0,0.0,0,150.0,159.0,9.0,1.06,1.0,1.0,1.0
MPLADS-004208,1,70.3,86.4,84.2,70.3,16.1,16.1,16.1,-19.7,0.4595,0.0,0.0,0.0,0.4595,-0.0068,16.1,16.1,0,120.0,153.0,33.0,1.275,1.0,1.0,1.0
MPLADS-004209,1,83.8,95.1,84.5,83.8,11.3,11.3,11.3,-6.2,0.4254,0.0,0.0,0.0,0.4254,0.0057,11.3,11.3,0,180.0,197.0,17.0,1.0944,1.0,1.0,1.0
MPLADS-004210,1,97.0,91.6,98.5,97.0,5.4,-5.4,-5.4,7.0,0.2425,0.0,0.0,0.0,0.2425,-0.0114,0.0,0.0,0,400.0,400.0,0.0,1.0,1.0,1.0,1.0
MPLADS-004211,1,90.6,89.1,86.7,90.6,1.5,-1.5,-1.5,0.6,0.5393,0.0,0.0,0.0,0.5393,0.0451,0.0,0.0,0,160.0,168.0,8.0,1.05,1.0,1.0,1.0
MPLADS-004212,1,90.3,93.2,86.5,90.3,2.9,2.9,2.9,0.3,0.4341,0.0,0.0,0.0,0.4341,0.0319,2.9,2.9,0,210.0,208.0,0.0,0.9905,1.0,1.0,1.0
MPLADS-004213,1,77.6,91.8,80.6,77.6,14.2,14.2,14.2,-12.4,1.5837,0.0,0.0,0.0,1.5837,0.0287,14.2,14.2,0,60.0,49.0,0.0,0.8167,1.0,1.0,1.0
MPLADS-004214,1,96.1,92.7,88.2,96.1,3.4,-3.4,-3.4,6.1,1.0798,0.0,0.0,0.0,1.0798,0.0207,0.0,0.0,0,90.0,89.0,0.0,0.9889,1.0,1.0,1.0
MPLADS-004215,1,88.8,85.3,99.4,88.8,3.5,-3.5,-3.5,-1.2,0.3964,0.0,0.0,0.0,0.3964,-0.0069,0.0,0.0,0,210.0,224.0,14.0,1.0667,1.0,1.0,1.0
MPLADS-004216,1,77.2,95.0,84.9,77.2,17.8,17.8,17.8,-12.8,0.4337,0.0,0.0,0.0,0.4337,0.0357,17.8,17.8,0,150.0,178.0,28.0,1.1867,1.0,1.0,1.0
MPLADS-004217,1,80.2,96.3,99.2,80.2,16.1,16.1,16.1,-9.8,0.6416,0.0,0.0,0.0,0.6416,0.0107,16.1,16.1,0,120.0,125.0,5.0,1.0417,1.0,1.0,1.0
MPLADS-004218,1,82.4,85.6,90.3,82.4,3.2,3.2,3.2,-7.6,0.4763,0.0,0.0,0.0,0.4763,-0.0144,3.2,3.2,0,150.0,173.0,23.0,1.1533,1.0,1.0,1.0
MPLADS-004219,1,78.8,92.6,99.4,78.8,13.8,13.8,13.8,-11.2,0.4,0.0,0.0,0.0,0.4,0.0327,13.8,13.8,0,180.0,197.0,17.0,1.0944,1.0,1.0,1.0
MPLADS-004220,1,71.8,95.7,91.7,71.8,23.9,23.9,23.9,-18.2,0.5983,0.0,0.0,0.0,0.5983,0.0002,23.9,23.9,0,120.0,120.0,0.0,1.0,1.0,1.0,1.0
MPLADS-004221,1,74.1,93.0,84.2,74.1,18.9,18.9,18.9,-15.9,0.4071,0.0,0.0,0.0,0.4071,0.0062,18.9,18.9,0,180.0,182.0,2.0,1.0111,1.0,1.0,1.0
MPLADS-004222,1,75.9,94.9,99.2,75.9,19.0,19.0,19.0,-14.1,0.6171,0.0,0.0,0.0,0.6171,-0.001,19.0,19.0,0,90.0,123.0,33.0,1.3667,1.0,1.0,1.0
MPLADS-004223,1,72.1,88.1,89.2,72.1,16.0,16.0,16.0,-17.9,0.3605,0.0,0.0,0.0,0.3605,-0.0196,16.0,16.0,0,180.0,200.0,20.0,1.1111,1.0,1.0,1.0
MPLADS-004224,1,72.8,85.5,84.8,72.8,12.7,12.7,12.7,-17.2,0.3714,0.0,0.0,0.0,0.3714,-0.018,12.7,12.7,0,180.0,196.0,16.0,1.0889,1.0,1.0,1.0
MPLADS-004225,1,78.5,90.9,80.1,78.5,12.4,12.4,12.4,-11.5,0.4758,0.0,0.0,0.0,0.4758,-0.0098,12.4,12.4,0,160.0,165.0,5.0,1.0312,1.0,1.0,1.0
MPLADS-004226,1,31.1,93.1,80.2,31.1,62.0,62.0,62.0,-58.9,0.2145,0.0,0.0,0.0,0.2145,0.0117,62.0,62.0,0,150.0,145.0,0.0,0.9667,1.0,1.0,0.0
MPLADS-004227,1,96.9,85.1,91.9,96.9,11.8,-11.8,-11.8,6.9,0.2285,0.0,0.0,0.0,0.2285,-0.009,0.0,0.0,0,400.0,424.0,24.0,1.06,1.0,1.0,1.0
MPLADS-004228,1,97.6,97.6,82.8,97.6,0.0,0.0,0.0,7.6,0.2522,0.0,0.0,0.0,0.2522,0.002,0.0,0.0,0,400.0,387.0,0.0,0.9675,1.0,1.0,1.0
MPLADS-004229,1,84.6,88.2,89.7,84.6,3.6,3.6,3.6,-5.4,0.4919,0.0,0.0,0.0,0.4919,-0.0081,3.6,3.6,0,180.0,172.0,0.0,0.9556,1.0,1.0,1.0
MPLADS-004230,1,97.6,89.7,85.1,97.6,7.9,-7.9,-7.9,7.6,0.6421,0.0,0.0,0.0,0.6421,0.022,0.0,0.0,0,150.0,152.0,2.0,1.0133,1.0,1.0,1.0
MPLADS-004231,1,97.7,92.5,93.4,97.7,5.2,-5.2,-5.2,7.7,0.8802,0.0,0.0,0.0,0.8802,0.0352,0.0,0.0,0,120.0,111.0,0.0,0.925,1.0,1.0,1.0
MPLADS-004232,1,34.1,97.2,88.2,34.1,63.1,63.1,63.1,-55.9,0.0824,0.0,0.0,0.0,0.0824,0.0439,63.1,63.1,0,400.0,414.0,14.0,1.035,1.0,1.0,0.0
MPLADS-004233,1,93.8,85.4,90.8,93.8,8.4,-8.4,-8.4,3.8,0.4283,0.0,0.0,0.0,0.4283,0.0347,0.0,0.0,0,210.0,219.0,9.0,1.0429,1.0,1.0,1.0
MPLADS-004234,1,91.5,93.2,92.1,91.5,1.7,1.7,1.7,1.5,0.5083,0.0,0.0,0.0,0.5083,0.0183,1.7,1.7,0,180.0,180.0,0.0,1.0,1.0,1.0,1.0
MPLADS-004235,1,17.6,98.1,82.9,17.6,80.5,80.5,80.5,-72.4,0.1114,0.0,0.0,0.0,0.1114,0.0286,80.5,80.5,0,160.0,158.0,0.0,0.9875,1.0,1.0,0.0
MPLADS-004236,1,86.7,95.1,99.0,86.7,8.4,8.4,8.4,-3.3,0.9223,0.0,0.0,0.0,0.9223,-0.007,8.4,8.4,0,90.0,94.0,4.0,1.0444,1.0,1.0,1.0
MPLADS-004237,1,17.9,52.1,94.8,17.9,34.2,34.2,34.2,-72.1,0.2594,0.0,0.0,0.0,0.2594,0.0201,34.2,34.2,0,60.0,69.0,9.0,1.15,1.0,1.0,1.0
MPLADS-004238,1,85.8,92.1,96.0,85.8,6.3,6.3,6.3,-4.2,0.7526,0.0,0.0,0.0,0.7526,0.0459,6.3,6.3,0,120.0,114.0,0.0,0.95,1.0,1.0,1.0
MPLADS-004239,1,84.1,87.6,89.8,84.1,3.5,3.5,3.5,-5.9,0.5497,0.0,0.0,0.0,0.5497,0.0279,3.5,3.5,0,120.0,153.0,33.0,1.275,1.0,1.0,1.0
MPLADS-004240,1,93.9,93.2,91.6,93.9,0.7,-0.7,-0.7,3.9,1.2195,0.0,0.0,0.0,1.2195,0.0275,0.0,0.0,0,90.0,77.0,0.0,0.8556,1.0,1.0,1.0
MPLADS-004241,1,73.7,88.8,97.1,73.7,15.1,15.1,15.1,-16.3,0.3649,0.0,0.0,0.0,0.3649,0.0234,15.1,15.1,0,180.0,202.0,22.0,1.1222,1.0,1.0,1.0
MPLADS-004242,1,94.2,85.4,83.8,94.2,8.8,-8.8,-8.8,4.2,0.4507,0.0,0.0,0.0,0.4507,0.0212,0.0,0.0,0,210.0,209.0,0.0,0.9952,1.0,1.0,1.0
MPLADS-004243,1,83.4,93.6,86.6,83.4,10.2,10.2,10.2,-6.6,1.0296,0.0,0.0,0.0,1.0296,-0.0096,10.2,10.2,0,90.0,81.0,0.0,0.9,1.0,1.0,1.0
MPLADS-004244,1,60.4,87.6,82.8,60.4,27.2,27.2,27.2,-29.6,0.1258,0.0,0.0,0.0,0.1258,0.0485,27.2,27.2,4,120.0,480.0,360.0,4.0,1.0,1.0,1.0
MPLADS-004245,1,72.9,88.5,97.2,72.9,15.6,15.6,15.6,-17.1,1.458,0.0,0.0,0.0,1.458,0.0478,15.6,15.6,0,60.0,50.0,0.0,0.8333,1.0,1.0,1.0
MPLADS-004246,1,70.5,92.4,96.7,70.5,21.9,21.9,21.9,-19.5,0.4352,0.0,0.0,0.0,0.4352,0.0131,21.9,21.9,0,150.0,162.0,12.0,1.08,1.0,1.0,1.0
MPLADS-004247,1,70.8,87.4,93.1,70.8,16.6,16.6,16.6,-19.2,0.3355,0.0,0.0,0.0,0.3355,-0.0174,16.6,16.6,0,210.0,211.0,1.0,1.0048,1.0,1.0,1.0
MPLADS-004248,1,88.1,97.1,83.2,88.1,9.0,9.0,9.0,-1.9,0.5307,0.0,0.0,0.0,0.5307,-0.0039,9.0,9.0,0,160.0,166.0,6.0,1.0375,1.0,1.0,1.0
MPLADS-004249,1,86.9,88.6,92.9,86.9,1.7,1.7,1.7,-3.1,0.2002,0.0,0.0,0.0,0.2002,0.0045,1.7,1.7,0,400.0,434.0,34.0,1.085,1.0,1.0,1.0
MPLADS-004250,1,87.4,91.2,91.9,87.4,3.8,3.8,3.8,-2.6,0.2241,0.0,0.0,0.0,0.2241,0.0008,3.8,3.8,0,400.0,390.0,0.0,0.975,1.0,1.0,1.0
MPLADS-004251,1,79.8,97.0,80.9,79.8,17.2,17.2,17.2,-10.2,0.2062,0.0,0.0,0.0,0.2062,0.0343,17.2,17.2,0,400.0,387.0,0.0,0.9675,1.0,1.0,1.0
MPLADS-004252,1,23.4,86.5,86.3,23.4,63.1,63.1,63.1,-66.6,0.2053,0.0,0.0,0.0,0.2053,-0.0165,63.1,63.1,0,90.0,114.0,24.0,1.2667,1.0,1.0,0.0
MPLADS-004253,1,61.0,86.5,99.9,61.0,25.5,25.5,25.5,-29.0,0.3389,0.0,0.0,0.0,0.3389,0.0332,25.5,25.5,2,60.0,180.0,120.0,3.0,1.0,1.0,1.0
MPLADS-004254,1,78.7,88.9,90.8,78.7,10.2,10.2,10.2,-11.3,0.5465,0.0,0.0,0.0,0.5465,-0.0159,10.2,10.2,0,120.0,144.0,24.0,1.2,1.0,1.0,1.0
MPLADS-004255,1,99.6,95.2,98.4,99.6,4.4,-4.4,-4.4,9.6,0.5242,0.0,0.0,0.0,0.5242,0.029,0.0,0.0,0,180.0,190.0,10.0,1.0556,1.0,1.0,1.0
MPLADS-004256,1,91.5,90.0,80.5,91.5,1.5,-1.5,-1.5,1.5,0.4692,0.0,0.0,0.0,0.4692,-0.0061,0.0,0.0,0,180.0,195.0,15.0,1.0833,1.0,1.0,1.0
MPLADS-004257,1,91.7,95.2,95.5,91.7,3.5,3.5,3.5,1.7,0.6947,0.0,0.0,0.0,0.6947,-0.0191,3.5,3.5,0,120.0,132.0,12.0,1.1,1.0,1.0,1.0
MPLADS-004258,1,95.2,88.7,98.5,95.2,6.5,-6.5,-6.5,5.2,1.19,0.0,0.0,0.0,1.19,0.0023,0.0,0.0,0,90.0,80.0,0.0,0.8889,1.0,1.0,1.0
MPLADS-004259,1,89.8,143.0,95.2,89.8,53.2,53.2,53.2,-0.2,0.6068,0.0,0.0,0.0,0.6068,0.0423,53.2,53.2,0,120.0,148.0,28.0,1.2333,1.0,1.0,1.0
MPLADS-004260,1,76.0,91.8,96.6,76.0,15.8,15.8,15.8,-14.0,0.4967,0.0,0.0,0.0,0.4967,-0.0173,15.8,15.8,0,120.0,153.0,33.0,1.275,1.0,1.0,1.0
MPLADS-004261,1,81.5,89.2,84.1,81.5,7.7,7.7,7.7,-8.5,0.7617,0.0,0.0,0.0,0.7617,-0.0028,7.7,7.7,0,120.0,107.0,0.0,0.8917,1.0,1.0,1.0
MPLADS-004262,1,77.8,88.9,88.2,77.8,11.1,11.1,11.1,-12.2,0.4955,0.0,0.0,0.0,0.4955,0.019,11.1,11.1,0,150.0,157.0,7.0,1.0467,1.0,1.0,1.0
MPLADS-004263,1,80.4,86.1,97.2,80.4,5.7,5.7,5.7,-9.6,0.5221,0.0,0.0,0.0,0.5221,-0.0123,5.7,5.7,0,150.0,154.0,4.0,1.0267,1.0,1.0,1.0
MPLADS-004264,1,73.4,97.8,96.9,73.4,24.4,24.4,24.4,-16.6,0.3071,0.0,0.0,0.0,0.3071,0.0358,24.4,24.4,0,210.0,239.0,29.0,1.1381,1.0,1.0,1.0
MPLADS-004265,1,76.3,92.9,94.5,76.3,16.6,16.6,16.6,-13.7,0.6578,0.0,0.0,0.0,0.6578,0.0391,16.6,16.6,0,90.0,116.0,26.0,1.2889,1.0,1.0,1.0
MPLADS-004266,1,92.4,90.7,99.6,92.4,1.7,-1.7,-1.7,2.4,0.8636,0.0,0.0,0.0,0.8636,-0.0188,0.0,0.0,0,120.0,107.0,0.0,0.8917,1.0,1.0,1.0
MPLADS-004267,1,21.4,87.1,85.6,21.4,65.7,65.7,65.7,-68.6,0.2932,0.0,0.0,0.0,0.2932,-0.0109,65.7,65.7,0,60.0,73.0,13.0,1.2167,1.0,1.0,0.0
MPLADS-004268,1,99.0,86.9,99.8,99.0,12.1,-12.1,-12.1,9.0,1.125,0.0,0.0,0.0,1.125,-0.0116,0.0,0.0,0,90.0,88.0,0.0,0.9778,1.0,1.0,1.0
MPLADS-004269,1,74.5,96.7,99.6,74.5,22.2,22.2,22.2,-15.5,0.6593,0.0,0.0,0.0,0.6593,0.0121,22.2,22.2,0,120.0,113.0,0.0,0.9417,1.0,1.0,1.0
MPLADS-004270,1,70.3,90.8,94.5,70.3,20.5,20.5,20.5,-19.7,0.3348,0.0,0.0,0.0,0.3348,0.0306,20.5,20.5,0,210.0,210.0,0.0,1.0,1.0,1.0,1.0
MPLADS-004271,1,86.3,94.8,91.4,86.3,8.5,8.5,8.5,-3.7,0.2065,0.0,0.0,0.0,0.2065,-0.0034,8.5,8.5,0,400.0,418.0,18.0,1.045,1.0,1.0,1.0
MPLADS-004272,1,85.1,95.3,96.2,85.1,10.2,10.2,10.2,-4.9,0.788,0.0,0.0,0.0,0.788,0.0171,10.2,10.2,0,90.0,108.0,18.0,1.2,1.0,1.0,1.0
MPLADS-004273,1,27.3,86.0,88.0,27.3,58.7,58.7,58.7,-62.7,0.2022,0.0,0.0,0.0,0.2022,-0.017,58.7,58.7,0,150.0,135.0,0.0,0.9,1.0,1.0,0.0
MPLADS-004274,1,79.0,97.5,90.0,79.0,18.5,18.5,18.5,-11.0,0.8229,0.0,0.0,0.0,0.8229,0.0064,18.5,18.5,0,90.0,96.0,6.0,1.0667,1.0,1.0,1.0
MPLADS-004275,1,23.9,42.3,98.7,23.9,18.4,18.4,18.4,-66.1,0.1278,0.0,0.0,0.0,0.1278,0.0172,18.4,18.4,0,180.0,187.0,7.0,1.0389,1.0,1.0,1.0
MPLADS-004276,1,74.7,95.9,85.6,74.7,21.2,21.2,21.2,-15.3,0.5702,0.0,0.0,0.0,0.5702,0.0337,21.2,21.2,0,120.0,131.0,11.0,1.0917,1.0,1.0,1.0
MPLADS-004277,1,71.6,96.9,82.9,71.6,25.3,25.3,25.3,-18.4,0.1119,0.0,0.0,0.0,0.1119,-0.0102,25.3,25.3,4,160.0,640.0,480.0,4.0,1.0,1.0,1.0
MPLADS-004278,1,91.1,94.3,85.4,91.1,3.2,3.2,3.2,1.1,0.5118,0.0,0.0,0.0,0.5118,0.0045,3.2,3.2,0,150.0,178.0,28.0,1.1867,1.0,1.0,1.0
MPLADS-004279,1,92.5,86.6,97.6,92.5,5.9,-5.9,-5.9,2.5,1.3406,0.0,0.0,0.0,1.3406,0.0004,0.0,0.0,0,60.0,69.0,9.0,1.15,1.0,1.0,1.0
MPLADS-004280,1,84.5,91.7,83.2,84.5,7.2,7.2,7.2,-5.5,0.369,0.0,0.0,0.0,0.369,0.0474,7.2,7.2,0,210.0,229.0,19.0,1.0905,1.0,1.0,1.0
MPLADS-004281,1,82.2,97.0,82.3,82.2,14.8,14.8,14.8,-7.8,0.4807,0.0,0.0,0.0,0.4807,0.0387,14.8,14.8,0,160.0,171.0,11.0,1.0688,1.0,1.0,1.0
MPLADS-004282,1,75.7,87.5,92.8,75.7,11.8,11.8,11.8,-14.3,0.757,0.0,0.0,0.0,0.757,0.0457,11.8,11.8,0,90.0,100.0,10.0,1.1111,1.0,1.0,1.0
MPLADS-004283,1,83.6,91.9,94.2,83.6,8.3,8.3,8.3,-6.4,0.4644,0.0,0.0,0.0,0.4644,-0.0092,8.3,8.3,0,150.0,180.0,30.0,1.2,1.0,1.0,1.0
MPLADS-004284,1,84.8,91.5,82.2,84.8,6.7,6.7,6.7,-5.2,0.4737,0.0,0.0,0.0,0.4737,0.0018,6.7,6.7,0,160.0,179.0,19.0,1.1187,1.0,1.0,1.0
MPLADS-004285,1,72.7,96.2,85.7,72.7,23.5,23.5,23.5,-17.3,0.4107,0.0,0.0,0.0,0.4107,0.0296,23.5,23.5,0,150.0,177.0,27.0,1.18,1.0,1.0,1.0
MPLADS-004286,1,97.3,89.4,90.1,97.3,7.9,-7.9,-7.9,7.3,1.6217,0.0,0.0,0.0,1.6217,0.0251,0.0,0.0,0,60.0,60.0,0.0,1.0,1.0,1.0,1.0
MPLADS-004287,1,99.8,91.8,95.0,99.8,8.0,-8.0,-8.0,9.8,0.23,0.0,0.0,0.0,0.23,0.0156,0.0,0.0,0,400.0,434.0,34.0,1.085,1.0,1.0,1.0
MPLADS-004288,1,76.2,89.3,89.7,76.2,13.1,13.1,13.1,-13.8,0.4536,0.0,0.0,0.0,0.4536,-0.0144,13.1,13.1,0,160.0,168.0,8.0,1.05,1.0,1.0,1.0
MPLADS-004289,1,96.1,96.3,89.0,96.1,0.2,0.2,0.2,6.1,0.5005,0.0,0.0,0.0,0.5005,-0.0091,0.2,0.2,0,160.0,192.0,32.0,1.2,1.0,1.0,1.0
MPLADS-004290,1,29.7,85.8,90.0,29.7,56.1,56.1,56.1,-60.3,0.1555,0.0,0.0,0.0,0.1555,-0.0185,56.1,56.1,0,160.0,191.0,31.0,1.1938,1.0,1.0,0.0
MPLADS-004291,1,75.7,85.0,98.2,75.7,9.3,9.3,9.3,-14.3,0.4206,0.0,0.0,0.0,0.4206,0.022,9.3,9.3,0,150.0,180.0,30.0,1.2,1.0,1.0,1.0
MPLADS-004292,1,44.7,86.7,80.3,44.7,42.0,42.0,42.0,-45.3,0.1242,0.0,0.0,0.0,0.1242,-0.0005,42.0,42.0,3,120.0,360.0,240.0,3.0,1.0,1.0,1.0
MPLADS-004293,1,71.5,90.9,97.4,71.5,19.4,19.4,19.4,-18.5,0.4181,0.0,0.0,0.0,0.4181,0.0323,19.4,19.4,0,150.0,171.0,21.0,1.14,1.0,1.0,1.0
MPLADS-004294,1,93.9,87.0,86.8,93.9,6.9,-6.9,-6.9,3.9,0.2268,0.0,0.0,0.0,0.2268,0.0253,0.0,0.0,0,400.0,414.0,14.0,1.035,1.0,1.0,1.0
MPLADS-004295,1,95.8,93.4,83.4,95.8,2.4,-2.4,-2.4,5.8,0.6993,0.0,0.0,0.0,0.6993,0.006,0.0,0.0,0,150.0,137.0,0.0,0.9133,1.0,1.0,1.0
MPLADS-004296,1,97.3,92.6,92.0,97.3,4.7,-4.7,-4.7,7.3,0.8535,0.0,0.0,0.0,0.8535,-0.0168,0.0,0.0,0,90.0,114.0,24.0,1.2667,1.0,1.0,1.0
MPLADS-004297,1,30.6,92.6,86.9,30.6,62.0,62.0,62.0,-59.4,0.3923,0.0,0.0,0.0,0.3923,-0.0062,62.0,62.0,0,60.0,78.0,18.0,1.3,1.0,1.0,0.0
MPLADS-004298,1,81.3,95.6,80.4,81.3,14.3,14.3,14.3,-8.7,0.1886,0.0,0.0,0.0,0.1886,0.0031,14.3,14.3,0,400.0,431.0,31.0,1.0775,1.0,1.0,1.0
MPLADS-004299,1,91.5,86.4,92.1,91.5,5.1,-5.1,-5.1,1.5,0.5648,0.0,0.0,0.0,0.5648,-0.018,0.0,0.0,0,150.0,162.0,12.0,1.08,1.0,1.0,1.0
MPLADS-004300,1,87.3,93.8,83.9,87.3,6.5,6.5,6.5,-2.7,0.7156,0.0,0.0,0.0,0.7156,0.0299,6.5,6.5,0,90.0,122.0,32.0,1.3556,1.0,1.0,1.0
MPLADS-004301,1,72.2,89.0,84.0,72.2,16.8,16.8,16.8,-17.8,0.3924,0.0,0.0,0.0,0.3924,0.0413,16.8,16.8,0,180.0,184.0,4.0,1.0222,1.0,1.0,1.0
MPLADS-004302,1,95.6,95.0,94.7,95.6,0.6,-0.6,-0.6,5.6,1.1802,0.0,0.0,0.0,1.1802,-0.0179,0.0,0.0,0,90.0,81.0,0.0,0.9,1.0,1.0,1.0
MPLADS-004303,1,95.2,94.6,89.5,95.2,0.6,-0.6,-0.6,5.2,0.2194,0.0,0.0,0.0,0.2194,0.0391,0.0,0.0,0,400.0,434.0,34.0,1.085,1.0,1.0,1.0
MPLADS-004304,1,21.3,89.3,81.3,21.3,68.0,68.0,68.0,-68.7,0.149,0.0,0.0,0.0,0.149,0.0148,68.0,68.0,0,150.0,143.0,0.0,0.9533,1.0,1.0,0.0
MPLADS-004305,1,87.8,88.0,83.9,87.8,0.2,0.2,0.2,-2.2,0.6456,0.0,0.0,0.0,0.6456,0.0095,0.2,0.2,0,150.0,136.0,0.0,0.9067,1.0,1.0,1.0
MPLADS-004306,1,82.3,87.1,89.1,82.3,4.8,4.8,4.8,-7.7,0.381,0.0,0.0,0.0,0.381,0.0048,4.8,4.8,0,210.0,216.0,6.0,1.0286,1.0,1.0,1.0
MPLADS-004307,1,84.6,92.5,100.0,84.6,7.9,7.9,7.9,-5.4,0.3694,0.0,0.0,0.0,0.3694,0.0435,7.9,7.9,0,210.0,229.0,19.0,1.0905,1.0,1.0,1.0
MPLADS-004308,1,82.6,85.3,89.4,82.6,2.7,2.7,2.7,-7.4,0.5329,0.0,0.0,0.0,0.5329,-0.0081,2.7,2.7,0,160.0,155.0,0.0,0.9688,1.0,1.0,1.0
MPLADS-004309,1,81.5,88.9,90.6,81.5,7.4,7.4,7.4,-8.5,1.0188,0.0,0.0,0.0,1.0188,0.0002,7.4,7.4,0,60.0,80.0,20.0,1.3333,1.0,1.0,1.0
MPLADS-004310,1,78.5,92.0,99.1,78.5,13.5,13.5,13.5,-11.5,0.5199,0.0,0.0,0.0,0.5199,0.0023,13.5,13.5,0,160.0,151.0,0.0,0.9437,1.0,1.0,1.0
MPLADS-004311,1,98.7,97.6,99.3,98.7,1.1,-1.1,-1.1,8.7,0.4612,0.0,0.0,0.0,0.4612,0.0205,0.0,0.0,0,210.0,214.0,4.0,1.019,1.0,1.0,1.0
MPLADS-004312,1,72.1,89.6,96.8,72.1,17.5,17.5,17.5,-17.9,0.5815,0.0,0.0,0.0,0.5815,-0.0108,17.5,17.5,0,90.0,124.0,34.0,1.3778,1.0,1.0,1.0
MPLADS-004313,1,91.9,97.4,96.0,91.9,5.5,5.5,5.5,1.9,0.4315,0.0,0.0,0.0,0.4315,0.0023,5.5,5.5,0,210.0,213.0,3.0,1.0143,1.0,1.0,1.0
MPLADS-004314,1,70.2,154.7,88.7,70.2,84.5,84.5,84.5,-19.8,0.1712,0.0,0.0,0.0,0.1712,-0.013,84.5,84.5,0,400.0,410.0,10.0,1.025,1.0,1.0,1.0
MPLADS-004315,1,83.9,85.9,87.4,83.9,2.0,2.0,2.0,-6.1,0.2002,0.0,0.0,0.0,0.2002,0.0396,2.0,2.0,0,400.0,419.0,19.0,1.0475,1.0,1.0,1.0
MPLADS-004316,1,92.5,85.6,91.6,92.5,6.9,-6.9,-6.9,2.5,0.2284,0.0,0.0,0.0,0.2284,0.0061,0.0,0.0,0,400.0,405.0,5.0,1.0125,1.0,1.0,1.0
MPLADS-004317,1,77.9,87.5,97.3,77.9,9.6,9.6,9.6,-12.1,0.5193,0.0,0.0,0.0,0.5193,0.0465,9.6,9.6,0,120.0,150.0,30.0,1.25,1.0,1.0,1.0
MPLADS-004318,1,86.6,90.0,86.9,86.6,3.4,3.4,3.4,-3.4,0.6186,0.0,0.0,0.0,0.6186,0.0107,3.4,3.4,0,120.0,140.0,20.0,1.1667,1.0,1.0,1.0
MPLADS-004319,1,80.8,88.9,94.1,80.8,8.1,8.1,8.1,-9.2,0.7551,0.0,0.0,0.0,0.7551,0.0128,8.1,8.1,0,120.0,107.0,0.0,0.8917,1.0,1.0,1.0
MPLADS-004320,1,91.0,88.0,82.4,91.0,3.0,-3.0,-3.0,1.0,0.6691,0.0,0.0,0.0,0.6691,0.0393,0.0,0.0,0,120.0,136.0,16.0,1.1333,1.0,1.0,1.0
MPLADS-004321,1,99.8,93.0,84.9,99.8,6.8,-6.8,-6.8,9.8,0.8048,0.0,0.0,0.0,0.8048,0.0044,0.0,0.0,0,90.0,124.0,34.0,1.3778,1.0,1.0,1.0
MPLADS-004322,1,89.4,97.1,87.8,89.4,7.7,7.7,7.7,-0.6,0.9511,0.0,0.0,0.0,0.9511,-0.0134,7.7,7.7,0,60.0,94.0,34.0,1.5667,1.0,1.0,1.0
MPLADS-004323,1,95.2,129.5,85.5,95.2,34.3,34.3,34.3,5.2,0.5535,0.0,0.0,0.0,0.5535,0.0462,34.3,34.3,0,160.0,172.0,12.0,1.075,1.0,1.0,1.0
MPLADS-004324,1,96.7,85.2,87.5,96.7,11.5,-11.5,-11.5,6.7,0.2302,0.0,0.0,0.0,0.2302,0.0106,0.0,0.0,0,400.0,420.0,20.0,1.05,1.0,1.0,1.0
MPLADS-004325,1,97.4,97.8,81.8,97.4,0.4,0.4,0.4,7.4,0.5663,0.0,0.0,0.0,0.5663,0.0042,0.4,0.4,0,150.0,172.0,22.0,1.1467,1.0,1.0,1.0
MPLADS-004326,1,80.2,96.7,84.2,80.2,16.5,16.5,16.5,-9.8,0.4221,0.0,0.0,0.0,0.4221,0.018,16.5,16.5,0,160.0,190.0,30.0,1.1875,1.0,1.0,1.0
MPLADS-004327,1,79.6,97.6,93.5,79.6,18.0,18.0,18.0,-10.4,0.1855,0.0,0.0,0.0,0.1855,-0.0123,18.0,18.0,0,400.0,429.0,29.0,1.0725,1.0,1.0,1.0
MPLADS-004328,1,91.6,88.0,93.1,91.6,3.6,-3.6,-3.6,1.6,0.2367,0.0,0.0,0.0,0.2367,-0.0017,0.0,0.0,0,400.0,387.0,0.0,0.9675,1.0,1.0,1.0
MPLADS-004329,1,94.5,86.3,82.2,94.5,8.2,-8.2,-8.2,4.5,0.2455,0.0,0.0,0.0,0.2455,0.0231,0.0,0.0,0,400.0,385.0,0.0,0.9625,1.0,1.0,1.0
MPLADS-004330,1,78.3,85.5,85.4,78.3,7.2,7.2,7.2,-11.7,1.1687,0.0,0.0,0.0,1.1687,0.0457,7.2,7.2,0,60.0,67.0,7.0,1.1167,1.0,1.0,1.0
MPLADS-004331,1,71.7,89.9,92.4,71.7,18.2,18.2,18.2,-18.3,0.4268,0.0,0.0,0.0,0.4268,0.0341,18.2,18.2,0,160.0,168.0,8.0,1.05,1.0,1.0,1.0
MPLADS-004332,1,78.6,92.8,88.4,78.6,14.2,14.2,14.2,-11.4,0.3816,0.0,0.0,0.0,0.3816,-0.0132,14.2,14.2,0,180.0,206.0,26.0,1.1444,1.0,1.0,1.0
MPLADS-004333,1,73.3,85.2,96.1,73.3,11.9,11.9,11.9,-16.7,0.1737,0.0,0.0,0.0,0.1737,-0.0092,11.9,11.9,0,400.0,422.0,22.0,1.055,1.0,1.0,1.0
MPLADS-004334,1,88.4,86.1,89.0,88.4,2.3,-2.3,-2.3,-1.6,0.539,0.0,0.0,0.0,0.539,0.0301,0.0,0.0,0,150.0,164.0,14.0,1.0933,1.0,1.0,1.0
MPLADS-004335,1,74.4,86.7,99.0,74.4,12.3,12.3,12.3,-15.6,0.1771,0.0,0.0,0.0,0.1771,0.0038,12.3,12.3,0,400.0,420.0,20.0,1.05,1.0,1.0,1.0
MPLADS-004336,1,73.4,97.4,85.4,73.4,24.0,24.0,24.0,-16.6,0.3546,0.0,0.0,0.0,0.3546,0.0413,24.0,24.0,0,180.0,207.0,27.0,1.15,1.0,1.0,1.0
MPLADS-004337,1,84.0,85.4,94.5,84.0,1.4,1.4,1.4,-6.0,0.3515,0.0,0.0,0.0,0.3515,-0.0116,1.4,1.4,0,210.0,239.0,29.0,1.1381,1.0,1.0,1.0
MPLADS-004338,1,99.6,92.4,95.8,99.6,7.2,-7.2,-7.2,9.6,0.6869,0.0,0.0,0.0,0.6869,0.0188,0.0,0.0,0,120.0,145.0,25.0,1.2083,1.0,1.0,1.0
MPLADS-004339,1,97.6,90.7,92.6,97.6,6.9,-6.9,-6.9,7.6,0.5545,0.0,0.0,0.0,0.5545,0.0272,0.0,0.0,0,180.0,176.0,0.0,0.9778,1.0,1.0,1.0
MPLADS-004340,1,75.0,88.1,99.2,75.0,13.1,13.1,13.1,-15.0,0.625,0.0,0.0,0.0,0.625,-0.0045,13.1,13.1,0,90.0,120.0,30.0,1.3333,1.0,1.0,1.0
MPLADS-004341,1,74.2,85.7,84.0,74.2,11.5,11.5,11.5,-15.8,0.9636,0.0,0.0,0.0,0.9636,0.0473,11.5,11.5,0,60.0,77.0,17.0,1.2833,1.0,1.0,1.0
MPLADS-004342,1,99.7,96.9,92.6,99.7,2.8,-2.8,-2.8,9.7,0.4681,0.0,0.0,0.0,0.4681,0.0318,0.0,0.0,0,180.0,213.0,33.0,1.1833,1.0,1.0,1.0
MPLADS-004343,1,77.9,86.4,95.0,77.9,8.5,8.5,8.5,-12.1,0.4637,0.0,0.0,0.0,0.4637,0.0285,8.5,8.5,0,150.0,168.0,18.0,1.12,1.0,1.0,1.0
MPLADS-004344,1,97.2,88.5,86.1,97.2,8.7,-8.7,-8.7,7.2,0.232,0.0,0.0,0.0,0.232,-0.0193,0.0,0.0,0,400.0,419.0,19.0,1.0475,1.0,1.0,1.0
MPLADS-004345,1,87.4,95.1,91.4,87.4,7.7,7.7,7.7,-2.6,0.2028,0.0,0.0,0.0,0.2028,-0.0011,7.7,7.7,0,400.0,431.0,31.0,1.0775,1.0,1.0,1.0
MPLADS-004346,1,84.4,90.7,87.8,84.4,6.3,6.3,6.3,-5.6,0.4936,0.0,0.0,0.0,0.4936,0.0407,6.3,6.3,0,160.0,171.0,11.0,1.0688,1.0,1.0,1.0
MPLADS-004347,1,74.9,97.7,83.0,74.9,22.8,22.8,22.8,-15.1,0.342,0.0,0.0,0.0,0.342,0.0326,22.8,22.8,0,210.0,219.0,9.0,1.0429,1.0,1.0,1.0
MPLADS-004348,1,78.1,93.1,81.7,78.1,15.0,15.0,15.0,-11.9,0.2029,0.0,0.0,0.0,0.2029,0.0232,15.0,15.0,0,400.0,385.0,0.0,0.9625,1.0,1.0,1.0
MPLADS-004349,1,94.3,85.7,82.4,94.3,8.6,-8.6,-8.6,4.3,0.5298,0.0,0.0,0.0,0.5298,0.0226,0.0,0.0,0,150.0,178.0,28.0,1.1867,1.0,1.0,1.0
MPLADS-004350,1,99.8,96.4,91.1,99.8,3.4,-3.4,-3.4,9.8,0.2422,0.0,0.0,0.0,0.2422,0.0232,0.0,0.0,0,400.0,412.0,12.0,1.03,1.0,1.0,1.0
MPLADS-004351,1,82.1,88.5,93.0,82.1,6.4,6.4,6.4,-7.9,0.5401,0.0,0.0,0.0,0.5401,0.0231,6.4,6.4,0,150.0,152.0,2.0,1.0133,1.0,1.0,1.0
MPLADS-004352,1,78.9,95.4,92.9,78.9,16.5,16.5,16.5,-11.1,0.5025,0.0,0.0,0.0,0.5025,-0.002,16.5,16.5,0,150.0,157.0,7.0,1.0467,1.0,1.0,1.0
MPLADS-004353,1,97.3,95.5,84.3,97.3,1.8,-1.8,-1.8,7.3,0.6359,0.0,0.0,0.0,0.6359,0.0117,0.0,0.0,0,150.0,153.0,3.0,1.02,1.0,1.0,1.0
MPLADS-004354,1,95.5,86.0,86.9,95.5,9.5,-9.5,-9.5,5.5,1.073,0.0,0.0,0.0,1.073,-0.002,0.0,0.0,0,60.0,89.0,29.0,1.4833,1.0,1.0,1.0
MPLADS-004355,1,16.6,95.3,95.7,16.6,78.7,78.7,78.7,-73.4,0.0419,0.0,0.0,0.0,0.0419,0.0305,78.7,78.7,0,400.0,396.0,0.0,0.99,1.0,1.0,0.0
MPLADS-004356,1,82.7,93.3,81.7,82.7,10.6,10.6,10.6,-7.3,0.7129,0.0,0.0,0.0,0.7129,0.0145,10.6,10.6,0,90.0,116.0,26.0,1.2889,1.0,1.0,1.0
MPLADS-004357,1,93.1,93.4,92.0,93.1,0.3,0.3,0.3,3.1,1.0826,0.0,0.0,0.0,1.0826,0.0177,0.3,0.3,0,90.0,86.0,0.0,0.9556,1.0,1.0,1.0
MPLADS-004358,1,70.2,96.4,96.1,70.2,26.2,26.2,26.2,-19.8,0.8561,0.0,0.0,0.0,0.8561,-0.016,26.2,26.2,0,60.0,82.0,22.0,1.3667,1.0,1.0,1.0
MPLADS-004359,1,79.5,87.6,85.3,79.5,8.1,8.1,8.1,-10.5,0.4818,0.0,0.0,0.0,0.4818,-0.0102,8.1,8.1,0,180.0,165.0,0.0,0.9167,1.0,1.0,1.0
MPLADS-004360,1,80.4,92.8,83.3,80.4,12.4,12.4,12.4,-9.6,1.1824,0.0,0.0,0.0,1.1824,0.017,12.4,12.4,0,60.0,68.0,8.0,1.1333,1.0,1.0,1.0
MPLADS-004361,1,83.0,85.6,82.1,83.0,2.6,2.6,2.6,-7.0,0.477,0.0,0.0,0.0,0.477,0.0458,2.6,2.6,0,160.0,174.0,14.0,1.0875,1.0,1.0,1.0
MPLADS-004362,1,82.1,87.8,85.2,82.1,5.7,5.7,5.7,-7.9,0.4612,0.0,0.0,0.0,0.4612,0.0349,5.7,5.7,0,150.0,178.0,28.0,1.1867,1.0,1.0,1.0
MPLADS-004363,1,79.4,93.5,82.5,79.4,14.1,14.1,14.1,-10.6,0.5476,0.0,0.0,0.0,0.5476,0.0494,14.1,14.1,0,160.0,145.0,0.0,0.9062,1.0,1.0,1.0
MPLADS-004364,1,73.7,92.5,88.3,73.7,18.8,18.8,18.8,-16.3,0.4005,0.0,0.0,0.0,0.4005,0.0399,18.8,18.8,0,150.0,184.0,34.0,1.2267,1.0,1.0,1.0
MPLADS-004365,1,94.4,144.3,96.6,94.4,49.9,49.9,49.9,4.4,2.0522,0.0,0.0,0.0,2.0522,0.0386,49.9,49.9,0,60.0,46.0,0.0,0.7667,1.0,1.0,1.0
MPLADS-004366,1,91.5,94.6,89.1,91.5,3.1,3.1,3.1,1.5,0.5083,0.0,0.0,0.0,0.5083,0.0265,3.1,3.1,0,150.0,180.0,30.0,1.2,1.0,1.0,1.0
MPLADS-004367,1,98.2,89.6,96.6,98.2,8.6,-8.6,-8.6,8.2,0.6176,0.0,0.0,0.0,0.6176,0.0028,0.0,0.0,0,160.0,159.0,0.0,0.9938,1.0,1.0,1.0
MPLADS-004368,1,83.9,85.0,99.7,83.9,1.1,1.1,1.1,-6.1,0.5211,0.0,0.0,0.0,0.5211,0.0299,1.1,1.1,0,160.0,161.0,1.0,1.0063,1.0,1.0,1.0
MPLADS-004369,1,77.5,87.1,89.4,77.5,9.6,9.6,9.6,-12.5,0.6301,0.0,0.0,0.0,0.6301,0.0322,9.6,9.6,0,90.0,123.0,33.0,1.3667,1.0,1.0,1.0
MPLADS-004370,1,82.3,94.5,91.0,82.3,12.2,12.2,12.2,-7.7,0.8849,0.0,0.0,0.0,0.8849,-0.0168,12.2,12.2,0,60.0,93.0,33.0,1.55,1.0,1.0,1.0
MPLADS-004371,1,70.3,159.0,85.4,70.3,88.7,88.7,88.7,-19.7,0.4087,0.0,0.0,0.0,0.4087,0.0145,88.7,88.7,0,160.0,172.0,12.0,1.075,1.0,1.0,1.0
MPLADS-004372,1,79.7,86.1,82.0,79.7,6.4,6.4,6.4,-10.3,0.1907,0.0,0.0,0.0,0.1907,0.0264,6.4,6.4,0,400.0,418.0,18.0,1.045,1.0,1.0,1.0
MPLADS-004373,1,99.1,141.9,91.4,99.1,42.8,42.8,42.8,9.1,0.6117,0.0,0.0,0.0,0.6117,0.0011,42.8,42.8,0,160.0,162.0,2.0,1.0125,1.0,1.0,1.0
MPLADS-004374,1,89.3,96.0,83.8,89.3,6.7,6.7,6.7,-0.7,0.2233,0.0,0.0,0.0,0.2233,0.0053,6.7,6.7,0,400.0,400.0,0.0,1.0,1.0,1.0,1.0
MPLADS-004375,1,95.6,86.6,85.3,95.6,9.0,-9.0,-9.0,5.6,0.4878,0.0,0.0,0.0,0.4878,-0.013,0.0,0.0,0,180.0,196.0,16.0,1.0889,1.0,1.0,1.0
MPLADS-004376,1,72.0,94.1,82.4,72.0,22.1,22.1,22.1,-18.0,0.4898,0.0,0.0,0.0,0.4898,0.0311,22.1,22.1,0,120.0,147.0,27.0,1.225,1.0,1.0,1.0
MPLADS-004377,1,77.8,89.5,90.9,77.8,11.7,11.7,11.7,-12.2,1.3186,0.0,0.0,0.0,1.3186,-0.007,11.7,11.7,0,60.0,59.0,0.0,0.9833,1.0,1.0,1.0
MPLADS-004378,1,84.4,89.8,84.8,84.4,5.4,5.4,5.4,-5.6,1.0169,0.0,0.0,0.0,1.0169,-0.001,5.4,5.4,0,90.0,83.0,0.0,0.9222,1.0,1.0,1.0
MPLADS-004379,1,90.3,89.6,86.5,90.3,0.7,-0.7,-0.7,0.3,0.422,0.0,0.0,0.0,0.422,0.043,0.0,0.0,0,180.0,214.0,34.0,1.1889,1.0,1.0,1.0
MPLADS-004380,1,22.6,92.3,93.2,22.6,69.7,69.7,69.7,-67.4,0.1468,0.0,0.0,0.0,0.1468,0.0405,69.7,69.7,0,160.0,154.0,0.0,0.9625,1.0,1.0,0.0
MPLADS-004381,1,80.6,89.6,99.5,80.6,9.0,9.0,9.0,-9.4,0.52,0.0,0.0,0.0,0.52,-0.0018,9.0,9.0,0,150.0,155.0,5.0,1.0333,1.0,1.0,1.0
MPLADS-004382,1,97.3,95.5,92.5,97.3,1.8,-1.8,-1.8,7.3,0.8041,0.0,0.0,0.0,0.8041,-0.0028,0.0,0.0,0,90.0,121.0,31.0,1.3444,1.0,1.0,1.0
MPLADS-004383,1,86.7,97.6,82.2,86.7,10.9,10.9,10.9,-3.3,0.4712,0.0,0.0,0.0,0.4712,0.0194,10.9,10.9,0,180.0,184.0,4.0,1.0222,1.0,1.0,1.0
MPLADS-004384,1,98.3,95.4,96.1,98.3,2.9,-2.9,-2.9,8.3,0.8777,0.0,0.0,0.0,0.8777,0.0097,0.0,0.0,0,120.0,112.0,0.0,0.9333,1.0,1.0,1.0
MPLADS-004385,1,99.1,93.8,93.7,99.1,5.3,-5.3,-5.3,9.1,0.4112,0.0,0.0,0.0,0.4112,0.0233,0.0,0.0,0,210.0,241.0,31.0,1.1476,1.0,1.0,1.0
MPLADS-004386,1,97.3,85.4,83.8,97.3,11.9,-11.9,-11.9,7.3,0.4054,0.0,0.0,0.0,0.4054,-0.0022,0.0,0.0,0,210.0,240.0,30.0,1.1429,1.0,1.0,1.0
MPLADS-004387,1,73.6,96.0,90.0,73.6,22.4,22.4,22.4,-16.4,0.1817,0.0,0.0,0.0,0.1817,-0.0144,22.4,22.4,0,400.0,405.0,5.0,1.0125,1.0,1.0,1.0
MPLADS-004388,1,43.5,87.7,86.2,43.5,44.2,44.2,44.2,-46.5,0.0604,0.0,0.0,0.0,0.0604,0.0334,44.2,44.2,3,180.0,720.0,540.0,4.0,1.0,1.0,1.0
MPLADS-004389,1,52.1,91.0,81.4,52.1,38.9,38.9,38.9,-37.9,0.0868,0.0,0.0,0.0,0.0868,0.0498,38.9,38.9,3,150.0,600.0,450.0,4.0,1.0,1.0,1.0
MPLADS-004390,1,85.5,89.7,93.2,85.5,4.2,4.2,4.2,-4.5,0.512,0.0,0.0,0.0,0.512,0.0326,4.2,4.2,0,180.0,167.0,0.0,0.9278,1.0,1.0,1.0
MPLADS-004391,1,75.2,93.1,88.0,75.2,17.9,17.9,17.9,-14.8,0.5449,0.0,0.0,0.0,0.5449,0.0021,17.9,17.9,0,150.0,138.0,0.0,0.92,1.0,1.0,1.0
MPLADS-004392,1,93.9,90.0,83.2,93.9,3.9,-3.9,-3.9,3.9,0.5103,0.0,0.0,0.0,0.5103,0.0412,0.0,0.0,0,160.0,184.0,24.0,1.15,1.0,1.0,1.0
MPLADS-004393,1,99.8,94.5,92.6,99.8,5.3,-5.3,-5.3,9.8,0.5575,0.0,0.0,0.0,0.5575,0.0484,0.0,0.0,0,180.0,179.0,0.0,0.9944,1.0,1.0,1.0
MPLADS-004394,1,92.2,97.7,90.2,92.2,5.5,5.5,5.5,2.2,0.5038,0.0,0.0,0.0,0.5038,-0.0082,5.5,5.5,0,160.0,183.0,23.0,1.1438,1.0,1.0,1.0
MPLADS-004395,1,76.1,89.3,90.2,76.1,13.2,13.2,13.2,-13.9,0.5637,0.0,0.0,0.0,0.5637,0.0141,13.2,13.2,0,150.0,135.0,0.0,0.9,1.0,1.0,1.0
MPLADS-004396,1,89.0,97.7,97.6,89.0,8.7,8.7,8.7,-1.0,0.4218,0.0,0.0,0.0,0.4218,0.0032,8.7,8.7,0,180.0,211.0,31.0,1.1722,1.0,1.0,1.0
MPLADS-004397,1,99.9,86.6,99.3,99.9,13.3,-13.3,-13.3,9.9,0.8763,0.0,0.0,0.0,0.8763,0.0342,0.0,0.0,0,120.0,114.0,0.0,0.95,1.0,1.0,1.0
MPLADS-004398,1,86.4,97.8,97.8,86.4,11.4,11.4,11.4,-3.6,0.4524,0.0,0.0,0.0,0.4524,0.0445,11.4,11.4,0,180.0,191.0,11.0,1.0611,1.0,1.0,1.0
MPLADS-004399,1,93.1,93.0,85.3,93.1,0.1,-0.1,-0.1,3.1,0.4412,0.0,0.0,0.0,0.4412,0.021,0.0,0.0,0,210.0,211.0,1.0,1.0048,1.0,1.0,1.0
MPLADS-004400,1,73.9,87.1,99.2,73.9,13.2,13.2,13.2,-16.1,0.406,0.0,0.0,0.0,0.406,-0.0136,13.2,13.2,0,160.0,182.0,22.0,1.1375,1.0,1.0,1.0
MPLADS-004401,1,71.8,90.8,93.7,71.8,19.0,19.0,19.0,-18.2,0.4405,0.0,0.0,0.0,0.4405,-0.018,19.0,19.0,0,160.0,163.0,3.0,1.0188,1.0,1.0,1.0
MPLADS-004402,1,73.3,92.0,94.9,73.3,18.7,18.7,18.7,-16.7,1.466,0.0,0.0,0.0,1.466,0.0305,18.7,18.7,0,60.0,50.0,0.0,0.8333,1.0,1.0,1.0
MPLADS-004403,1,85.2,94.0,97.3,85.2,8.8,8.8,8.8,-4.8,0.4681,0.0,0.0,0.0,0.4681,0.0442,8.8,8.8,0,150.0,182.0,32.0,1.2133,1.0,1.0,1.0
MPLADS-004404,1,83.6,90.1,84.6,83.6,6.5,6.5,6.5,-6.4,0.4976,0.0,0.0,0.0,0.4976,-0.0122,6.5,6.5,0,180.0,168.0,0.0,0.9333,1.0,1.0,1.0
MPLADS-004405,1,89.8,94.9,97.0,89.8,5.1,5.1,5.1,-0.2,0.2223,0.0,0.0,0.0,0.2223,0.0383,5.1,5.1,0,400.0,404.0,4.0,1.01,1.0,1.0,1.0
MPLADS-004406,1,79.6,85.4,90.7,79.6,5.8,5.8,5.8,-10.4,0.1869,0.0,0.0,0.0,0.1869,0.0461,5.8,5.8,0,400.0,426.0,26.0,1.065,1.0,1.0,1.0
MPLADS-004407,1,90.2,145.8,85.8,90.2,55.6,55.6,55.6,0.2,0.2325,0.0,0.0,0.0,0.2325,-0.0051,55.6,55.6,0,400.0,388.0,0.0,0.97,1.0,1.0,1.0
MPLADS-004408,1,77.5,145.3,96.1,77.5,67.8,67.8,67.8,-12.5,0.7176,0.0,0.0,0.0,0.7176,0.0046,67.8,67.8,0,90.0,108.0,18.0,1.2,1.0,1.0,1.0
MPLADS-004409,1,82.7,88.5,82.4,82.7,5.8,5.8,5.8,-7.3,0.6616,0.0,0.0,0.0,0.6616,0.0013,5.8,5.8,0,120.0,125.0,5.0,1.0417,1.0,1.0,1.0
MPLADS-004410,1,84.6,139.4,86.0,84.6,54.8,54.8,54.8,-5.4,0.4807,0.0,0.0,0.0,0.4807,0.0451,54.8,54.8,0,150.0,176.0,26.0,1.1733,1.0,1.0,1.0
MPLADS-004411,1,87.6,97.3,86.1,87.6,9.7,9.7,9.7,-2.4,0.5801,0.0,0.0,0.0,0.5801,0.0404,9.7,9.7,0,150.0,151.0,1.0,1.0067,1.0,1.0,1.0
MPLADS-004412,1,80.6,96.7,82.0,80.6,16.1,16.1,16.1,-9.4,0.3766,0.0,0.0,0.0,0.3766,0.0063,16.1,16.1,0,210.0,214.0,4.0,1.019,1.0,1.0,1.0
MPLADS-004413,1,86.4,90.3,96.5,86.4,3.9,3.9,3.9,-3.6,0.5434,0.0,0.0,0.0,0.5434,-0.0108,3.9,3.9,0,160.0,159.0,0.0,0.9938,1.0,1.0,1.0
MPLADS-004414,1,94.0,85.4,91.3,94.0,8.6,-8.6,-8.6,4.0,1.0562,0.0,0.0,0.0,1.0562,0.0119,0.0,0.0,0,90.0,89.0,0.0,0.9889,1.0,1.0,1.0
MPLADS-004415,1,98.9,96.5,97.7,98.9,2.4,-2.4,-2.4,8.9,0.4848,0.0,0.0,0.0,0.4848,0.045,0.0,0.0,0,210.0,204.0,0.0,0.9714,1.0,1.0,1.0
MPLADS-004416,1,94.4,97.7,99.2,94.4,3.3,3.3,3.3,4.4,0.613,0.0,0.0,0.0,0.613,-0.0014,3.3,3.3,0,160.0,154.0,0.0,0.9625,1.0,1.0,1.0
MPLADS-004417,1,82.9,94.4,85.8,82.9,11.5,11.5,11.5,-7.1,0.7971,0.0,0.0,0.0,0.7971,0.0359,11.5,11.5,0,90.0,104.0,14.0,1.1556,1.0,1.0,1.0
MPLADS-004418,1,96.2,85.6,94.6,96.2,10.6,-10.6,-10.6,6.2,0.7233,0.0,0.0,0.0,0.7233,0.037,0.0,0.0,0,120.0,133.0,13.0,1.1083,1.0,1.0,1.0
MPLADS-004419,1,91.2,92.5,80.8,91.2,1.3,1.3,1.3,1.2,0.3753,0.0,0.0,0.0,0.3753,0.0291,1.3,1.3,0,210.0,243.0,33.0,1.1571,1.0,1.0,1.0
MPLADS-004420,1,17.3,95.7,91.0,17.3,78.4,78.4,78.4,-72.7,0.1131,0.0,0.0,0.0,0.1131,-0.0192,78.4,78.4,0,160.0,153.0,0.0,0.9563,1.0,1.0,0.0
MPLADS-004421,1,88.1,91.3,97.1,88.1,3.2,3.2,3.2,-1.9,0.9899,0.0,0.0,0.0,0.9899,-0.0145,3.2,3.2,0,60.0,89.0,29.0,1.4833,1.0,1.0,1.0
MPLADS-004422,1,61.8,93.0,80.7,61.8,31.2,31.2,31.2,-28.2,0.0966,0.0,0.0,0.0,0.0966,0.0351,31.2,31.2,4,160.0,640.0,480.0,4.0,1.0,1.0,1.0
MPLADS-004423,1,77.7,96.0,97.6,77.7,18.3,18.3,18.3,-12.3,0.3964,0.0,0.0,0.0,0.3964,0.0082,18.3,18.3,0,210.0,196.0,0.0,0.9333,1.0,1.0,1.0
MPLADS-004424,1,95.1,89.9,90.9,95.1,5.2,-5.2,-5.2,5.1,0.8568,0.0,0.0,0.0,0.8568,0.0212,0.0,0.0,0,120.0,111.0,0.0,0.925,1.0,1.0,1.0
MPLADS-004425,1,89.0,86.9,86.4,89.0,2.1,-2.1,-2.1,-1.0,0.4734,0.0,0.0,0.0,0.4734,0.0234,0.0,0.0,0,180.0,188.0,8.0,1.0444,1.0,1.0,1.0
MPLADS-004426,1,94.1,89.1,97.2,94.1,5.0,-5.0,-5.0,4.1,0.3888,0.0,0.0,0.0,0.3888,0.0473,0.0,0.0,0,210.0,242.0,32.0,1.1524,1.0,1.0,1.0
MPLADS-004427,1,86.7,97.5,88.7,86.7,10.8,10.8,10.8,-3.3,0.4612,0.0,0.0,0.0,0.4612,-0.0082,10.8,10.8,0,160.0,188.0,28.0,1.175,1.0,1.0,1.0
MPLADS-004428,1,74.9,87.4,82.1,74.9,12.5,12.5,12.5,-15.1,0.4711,0.0,0.0,0.0,0.4711,-0.0012,12.5,12.5,0,150.0,159.0,9.0,1.06,1.0,1.0,1.0
MPLADS-004429,1,73.3,93.4,92.3,73.3,20.1,20.1,20.1,-16.7,1.286,0.0,0.0,0.0,1.286,0.0215,20.1,20.1,0,60.0,57.0,0.0,0.95,1.0,1.0,1.0
MPLADS-004430,1,87.3,89.7,84.9,87.3,2.4,2.4,2.4,-2.7,0.221,0.0,0.0,0.0,0.221,-0.017,2.4,2.4,0,400.0,395.0,0.0,0.9875,1.0,1.0,1.0
MPLADS-004431,1,92.5,96.0,93.8,92.5,3.5,3.5,3.5,2.5,1.3028,0.0,0.0,0.0,1.3028,0.004,3.5,3.5,0,60.0,71.0,11.0,1.1833,1.0,1.0,1.0
MPLADS-004432,1,89.1,94.6,93.8,89.1,5.5,5.5,5.5,-0.9,0.6145,0.0,0.0,0.0,0.6145,-0.0079,5.5,5.5,0,150.0,145.0,0.0,0.9667,1.0,1.0,1.0
MPLADS-004433,1,75.2,89.8,92.2,75.2,14.6,14.6,14.6,-14.8,0.498,0.0,0.0,0.0,0.498,-0.0175,14.6,14.6,0,120.0,151.0,31.0,1.2583,1.0,1.0,1.0
MPLADS-004434,1,75.4,96.0,91.6,75.4,20.6,20.6,20.6,-14.6,0.4865,0.0,0.0,0.0,0.4865,0.0465,20.6,20.6,0,160.0,155.0,0.0,0.9688,1.0,1.0,1.0
MPLADS-004435,1,81.9,97.8,99.5,81.9,15.9,15.9,15.9,-8.1,1.2797,0.0,0.0,0.0,1.2797,0.0168,15.9,15.9,0,60.0,64.0,4.0,1.0667,1.0,1.0,1.0
MPLADS-004436,1,87.1,85.6,87.4,87.1,1.5,-1.5,-1.5,-2.9,0.4977,0.0,0.0,0.0,0.4977,0.011,0.0,0.0,0,150.0,175.0,25.0,1.1667,0.0,0.0,0.0
MPLADS-004437,1,80.1,88.8,82.9,80.1,8.7,8.7,8.7,-9.9,0.7557,0.0,0.0,0.0,0.7557,0.029,8.7,8.7,0,90.0,106.0,16.0,1.1778,1.0,1.0,1.0
MPLADS-004438,1,70.4,94.3,84.3,70.4,23.9,23.9,23.9,-19.6,0.4601,0.0,0.0,0.0,0.4601,0.0445,23.9,23.9,0,160.0,153.0,0.0,0.9563,1.0,1.0,1.0
MPLADS-004439,1,95.2,97.8,98.1,95.2,2.6,2.6,2.6,5.2,0.2251,0.0,0.0,0.0,0.2251,0.0094,2.6,2.6,0,400.0,423.0,23.0,1.0575,1.0,1.0,1.0
MPLADS-004440,1,93.2,92.1,97.4,93.2,1.1,-1.1,-1.1,3.2,0.5482,0.0,0.0,0.0,0.5482,-0.0123,0.0,0.0,0,180.0,170.0,0.0,0.9444,1.0,1.0,1.0
MPLADS-004441,1,23.3,41.0,80.3,23.3,17.7,17.7,17.7,-66.7,0.1195,0.0,0.0,0.0,0.1195,-0.0049,17.7,17.7,0,210.0,195.0,0.0,0.9286,1.0,1.0,1.0
MPLADS-004442,1,76.9,92.1,90.2,76.9,15.2,15.2,15.2,-13.1,0.4633,0.0,0.0,0.0,0.4633,0.0004,15.2,15.2,0,180.0,166.0,0.0,0.9222,1.0,1.0,1.0
MPLADS-004443,1,90.3,87.9,86.1,90.3,2.4,-2.4,-2.4,0.3,0.5375,0.0,0.0,0.0,0.5375,-0.0177,0.0,0.0,0,150.0,168.0,18.0,1.12,1.0,1.0,1.0
MPLADS-004444,1,23.0,61.2,96.0,23.0,38.2,38.2,38.2,-67.0,0.1217,0.0,0.0,0.0,0.1217,0.0383,38.2,38.2,0,160.0,189.0,29.0,1.1812,1.0,1.0,1.0
MPLADS-004445,1,93.2,94.9,87.3,93.2,1.7,1.7,1.7,3.2,0.5581,0.0,0.0,0.0,0.5581,0.0308,1.7,1.7,0,180.0,167.0,0.0,0.9278,1.0,1.0,1.0
MPLADS-004446,1,74.7,92.9,84.2,74.7,18.2,18.2,18.2,-15.3,0.5188,0.0,0.0,0.0,0.5188,-0.0159,18.2,18.2,0,120.0,144.0,24.0,1.2,1.0,1.0,1.0
MPLADS-004447,1,71.7,91.1,86.5,71.7,19.4,19.4,19.4,-18.3,0.3025,0.0,0.0,0.0,0.3025,0.0499,19.4,19.4,0,210.0,237.0,27.0,1.1286,0.0,0.0,0.0
MPLADS-004448,1,23.8,98.6,91.8,23.8,74.8,74.8,74.8,-66.2,0.5289,0.0,0.0,0.0,0.5289,0.0453,74.8,74.8,0,60.0,45.0,0.0,0.75,1.0,1.0,0.0
MPLADS-004449,1,96.3,86.8,81.6,96.3,9.5,-9.5,-9.5,6.3,1.8882,0.0,0.0,0.0,1.8882,-0.0184,0.0,0.0,0,60.0,51.0,0.0,0.85,1.0,1.0,1.0
MPLADS-004450,1,72.7,87.2,96.0,72.7,14.5,14.5,14.5,-17.3,0.7734,0.0,0.0,0.0,0.7734,0.0433,14.5,14.5,0,90.0,94.0,4.0,1.0444,1.0,1.0,1.0
MPLADS-004451,1,19.3,96.3,99.2,19.3,77.0,77.0,77.0,-70.7,0.1399,0.0,0.0,0.0,0.1399,0.0165,77.0,77.0,0,120.0,138.0,18.0,1.15,1.0,1.0,0.0
MPLADS-004452,1,73.9,87.2,97.2,73.9,13.3,13.3,13.3,-16.1,0.3502,0.0,0.0,0.0,0.3502,0.0471,13.3,13.3,0,210.0,211.0,1.0,1.0048,1.0,1.0,1.0
MPLADS-004453,1,76.9,89.2,85.8,76.9,12.3,12.3,12.3,-13.1,0.4345,0.0,0.0,0.0,0.4345,-0.0199,12.3,12.3,0,180.0,177.0,0.0,0.9833,1.0,1.0,1.0
MPLADS-004454,1,78.8,93.1,92.1,78.8,14.3,14.3,14.3,-11.2,0.3353,0.0,0.0,0.0,0.3353,0.0106,14.3,14.3,0,210.0,235.0,25.0,1.119,1.0,1.0,1.0
MPLADS-004455,1,92.5,95.4,92.9,92.5,2.9,2.9,2.9,2.5,0.3807,0.0,0.0,0.0,0.3807,0.0121,2.9,2.9,0,210.0,243.0,33.0,1.1571,1.0,1.0,1.0
MPLADS-004456,1,86.3,92.0,90.6,86.3,5.7,5.7,5.7,-3.7,0.757,0.0,0.0,0.0,0.757,0.0435,5.7,5.7,0,90.0,114.0,24.0,1.2667,1.0,1.0,1.0
MPLADS-004457,1,70.5,88.6,80.8,70.5,18.1,18.1,18.1,-19.5,0.3543,0.0,0.0,0.0,0.3543,0.012,18.1,18.1,0,210.0,199.0,0.0,0.9476,0.0,0.0,0.0
MPLADS-004458,1,70.0,97.2,84.7,70.0,27.2,27.2,27.2,-20.0,0.1809,0.0,0.0,0.0,0.1809,-0.0058,27.2,27.2,0,400.0,387.0,0.0,0.9675,1.0,1.0,1.0
MPLADS-004459,1,77.6,93.3,99.9,77.6,15.7,15.7,15.7,-12.4,0.4732,0.0,0.0,0.0,0.4732,0.0416,15.7,15.7,0,160.0,164.0,4.0,1.025,1.0,1.0,1.0
MPLADS-004460,1,91.9,95.5,87.3,91.9,3.6,3.6,3.6,1.9,0.2362,0.0,0.0,0.0,0.2362,0.0091,3.6,3.6,0,400.0,389.0,0.0,0.9725,1.0,1.0,1.0
MPLADS-004461,1,95.1,97.2,99.1,95.1,2.1,2.1,2.1,5.1,0.4171,0.0,0.0,0.0,0.4171,0.0056,2.1,2.1,0,210.0,228.0,18.0,1.0857,1.0,1.0,1.0
MPLADS-004462,1,12.5,57.4,95.9,12.5,44.9,44.9,44.9,-77.5,0.0638,0.0,0.0,0.0,0.0638,0.0117,44.9,44.9,0,180.0,196.0,16.0,1.0889,1.0,1.0,1.0
MPLADS-004463,1,93.0,86.6,85.5,93.0,6.4,-6.4,-6.4,3.0,0.5407,0.0,0.0,0.0,0.5407,0.0268,0.0,0.0,0,180.0,172.0,0.0,0.9556,1.0,1.0,1.0
MPLADS-004464,1,72.2,93.5,85.7,72.2,21.3,21.3,21.3,-17.8,0.5049,0.0,0.0,0.0,0.5049,0.0483,21.3,21.3,0,150.0,143.0,0.0,0.9533,1.0,1.0,1.0
MPLADS-004465,1,33.9,91.9,97.1,33.9,58.0,58.0,58.0,-56.1,0.1873,0.0,0.0,0.0,0.1873,-0.0006,58.0,58.0,0,160.0,181.0,21.0,1.1313,1.0,1.0,0.0
MPLADS-004466,1,87.2,87.7,85.2,87.2,0.5,0.5,0.5,-2.8,1.3625,0.0,0.0,0.0,1.3625,-0.0184,0.5,0.5,0,60.0,64.0,4.0,1.0667,1.0,1.0,1.0
MPLADS-004467,1,78.6,96.8,96.3,78.6,18.2,18.2,18.2,-11.4,0.199,0.0,0.0,0.0,0.199,0.0429,18.2,18.2,0,400.0,395.0,0.0,0.9875,1.0,1.0,1.0
MPLADS-004468,1,95.9,97.2,96.3,95.9,1.3,1.3,1.3,5.9,0.223,0.0,0.0,0.0,0.223,0.0284,1.3,1.3,0,400.0,430.0,30.0,1.075,1.0,1.0,1.0
MPLADS-004469,1,96.7,94.9,85.7,96.7,1.8,-1.8,-1.8,6.7,0.3979,0.0,0.0,0.0,0.3979,0.0003,0.0,0.0,0,210.0,243.0,33.0,1.1571,1.0,1.0,1.0
MPLADS-004470,1,15.4,98.2,83.6,15.4,82.8,82.8,82.8,-74.6,0.1077,0.0,0.0,0.0,0.1077,0.0372,82.8,82.8,0,120.0,143.0,23.0,1.1917,1.0,1.0,0.0
MPLADS-004471,1,85.8,96.8,86.2,85.8,11.0,11.0,11.0,-4.2,0.4248,0.0,0.0,0.0,0.4248,-0.0106,11.0,11.0,0,180.0,202.0,22.0,1.1222,1.0,1.0,1.0
MPLADS-004472,1,70.3,89.6,95.5,70.3,19.3,19.3,19.3,-19.7,0.4565,0.0,0.0,0.0,0.4565,-0.0015,19.3,19.3,0,150.0,154.0,4.0,1.0267,1.0,1.0,1.0
MPLADS-004473,1,76.3,92.2,94.2,76.3,15.9,15.9,15.9,-13.7,0.6874,0.0,0.0,0.0,0.6874,0.0381,15.9,15.9,0,90.0,111.0,21.0,1.2333,1.0,1.0,1.0
MPLADS-004474,1,82.5,96.5,96.8,82.5,14.0,14.0,14.0,-7.5,0.1946,0.0,0.0,0.0,0.1946,-0.0152,14.0,14.0,0,400.0,424.0,24.0,1.06,1.0,1.0,1.0
MPLADS-004475,1,99.2,88.5,85.4,99.2,10.7,-10.7,-10.7,9.2,0.2291,0.0,0.0,0.0,0.2291,-0.0158,0.0,0.0,0,400.0,433.0,33.0,1.0825,1.0,1.0,1.0
MPLADS-004476,1,80.5,86.3,89.5,80.5,5.8,5.8,5.8,-9.5,1.7889,0.0,0.0,0.0,1.7889,0.036,5.8,5.8,0,60.0,45.0,0.0,0.75,1.0,1.0,1.0
MPLADS-004477,1,71.0,94.7,95.3,71.0,23.7,23.7,23.7,-19.0,0.4057,0.0,0.0,0.0,0.4057,0.0301,23.7,23.7,0,150.0,175.0,25.0,1.1667,1.0,1.0,1.0
MPLADS-004478,1,92.1,93.4,82.4,92.1,1.3,1.3,1.3,2.1,0.5866,0.0,0.0,0.0,0.5866,0.0113,1.3,1.3,0,160.0,157.0,0.0,0.9812,1.0,1.0,1.0
MPLADS-004479,1,80.7,95.2,99.3,80.7,14.5,14.5,14.5,-9.3,0.6114,0.0,0.0,0.0,0.6114,-0.0022,14.5,14.5,0,120.0,132.0,12.0,1.1,1.0,1.0,1.0
MPLADS-004480,1,11.1,51.2,81.0,11.1,40.1,40.1,40.1,-78.9,0.0256,0.0,0.0,0.0,0.0256,0.0254,40.1,40.1,0,400.0,434.0,34.0,1.085,1.0,1.0,1.0
MPLADS-004481,1,64.6,88.4,81.2,64.6,23.8,23.8,23.8,-25.4,0.1794,0.0,0.0,0.0,0.1794,0.0294,23.8,23.8,2,90.0,360.0,270.0,4.0,1.0,1.0,1.0
MPLADS-004482,1,85.7,86.5,99.3,85.7,0.8,0.8,0.8,-4.3,0.4983,0.0,0.0,0.0,0.4983,0.0349,0.8,0.8,0,150.0,172.0,22.0,1.1467,1.0,1.0,1.0
MPLADS-004483,1,93.2,88.2,99.5,93.2,5.0,-5.0,-5.0,3.2,0.4,0.0,0.0,0.0,0.4,0.0194,0.0,0.0,0,210.0,233.0,23.0,1.1095,1.0,1.0,1.0
MPLADS-004484,1,70.1,86.9,86.8,70.1,16.8,16.8,16.8,-19.9,0.1807,0.0,0.0,0.0,0.1807,-0.0168,16.8,16.8,0,400.0,388.0,0.0,0.97,1.0,1.0,1.0
MPLADS-004485,1,89.6,97.2,95.2,89.6,7.6,7.6,7.6,-0.4,0.7,0.0,0.0,0.0,0.7,0.0309,7.6,7.6,0,120.0,128.0,8.0,1.0667,1.0,1.0,1.0
MPLADS-004486,1,80.4,96.0,100.0,80.4,15.6,15.6,15.6,-9.6,1.0308,0.0,0.0,0.0,1.0308,-0.0071,15.6,15.6,0,90.0,78.0,0.0,0.8667,1.0,1.0,1.0
MPLADS-004487,1,76.6,133.9,96.6,76.6,57.3,57.3,57.3,-13.4,0.1794,0.0,0.0,0.0,0.1794,-0.0196,57.3,57.3,0,400.0,427.0,27.0,1.0675,1.0,1.0,1.0
MPLADS-004488,1,94.9,86.1,87.1,94.9,8.8,-8.8,-8.8,4.9,0.8953,0.0,0.0,0.0,0.8953,0.0471,0.0,0.0,0,120.0,106.0,0.0,0.8833,1.0,1.0,1.0
MPLADS-004489,1,30.0,92.2,95.3,30.0,62.2,62.2,62.2,-60.0,0.1587,0.0,0.0,0.0,0.1587,-0.0042,62.2,62.2,0,180.0,189.0,9.0,1.05,1.0,1.0,0.0
MPLADS-004490,1,95.2,85.5,84.8,95.2,9.7,-9.7,-9.7,5.2,0.4231,0.0,0.0,0.0,0.4231,0.027,0.0,0.0,0,210.0,225.0,15.0,1.0714,1.0,1.0,1.0
MPLADS-004491,1,91.4,92.4,86.9,91.4,1.0,1.0,1.0,1.4,0.2192,0.0,0.0,0.0,0.2192,0.0362,1.0,1.0,0,400.0,417.0,17.0,1.0425,1.0,1.0,1.0
MPLADS-004492,1,99.0,94.0,95.0,99.0,5.0,-5.0,-5.0,9.0,0.547,0.0,0.0,0.0,0.547,0.0084,0.0,0.0,0,160.0,181.0,21.0,1.1313,1.0,1.0,1.0
MPLADS-004493,1,82.7,94.7,96.5,82.7,12.0,12.0,12.0,-7.3,0.9506,0.0,0.0,0.0,0.9506,0.0358,12.0,12.0,0,90.0,87.0,0.0,0.9667,1.0,1.0,1.0
MPLADS-004494,1,87.0,87.7,92.2,87.0,0.7,0.7,0.7,-3.0,0.4394,0.0,0.0,0.0,0.4394,0.0204,0.7,0.7,0,180.0,198.0,18.0,1.1,1.0,1.0,1.0
MPLADS-004495,1,87.5,129.3,88.4,87.5,41.8,41.8,41.8,-2.5,0.2215,0.0,0.0,0.0,0.2215,0.007,41.8,41.8,0,400.0,395.0,0.0,0.9875,1.0,1.0,1.0
MPLADS-004496,1,76.5,85.8,88.1,76.5,9.3,9.3,9.3,-13.5,0.4448,0.0,0.0,0.0,0.4448,0.0084,9.3,9.3,0,150.0,172.0,22.0,1.1467,1.0,1.0,1.0
MPLADS-004497,1,91.9,94.5,93.7,91.9,2.6,2.6,2.6,1.9,1.1633,0.0,0.0,0.0,1.1633,-0.0146,2.6,2.6,0,90.0,79.0,0.0,0.8778,1.0,1.0,1.0
MPLADS-004498,1,92.4,86.0,86.4,92.4,6.4,-6.4,-6.4,2.4,0.7333,0.0,0.0,0.0,0.7333,0.0086,0.0,0.0,0,120.0,126.0,6.0,1.05,1.0,1.0,1.0
MPLADS-004499,1,98.8,94.0,92.6,98.8,4.8,-4.8,-4.8,8.8,0.6024,0.0,0.0,0.0,0.6024,0.0236,0.0,0.0,0,160.0,164.0,4.0,1.025,1.0,1.0,1.0
MPLADS-004500,1,74.1,128.0,85.3,74.1,53.9,53.9,53.9,-15.9,0.5449,0.0,0.0,0.0,0.5449,0.0023,53.9,53.9,0,150.0,136.0,0.0,0.9067,1.0,1.0,1.0
MPLADS-004501,1,75.2,91.5,89.1,75.2,16.3,16.3,16.3,-14.8,0.4043,0.0,0.0,0.0,0.4043,-0.0009,16.3,16.3,0,160.0,186.0,26.0,1.1625,1.0,1.0,1.0
MPLADS-004502,1,82.7,97.3,88.9,82.7,14.6,14.6,14.6,-7.3,0.5865,0.0,0.0,0.0,0.5865,0.0374,14.6,14.6,0,120.0,141.0,21.0,1.175,1.0,1.0,1.0
MPLADS-004503,1,90.8,86.5,92.0,90.8,4.3,-4.3,-4.3,0.8,0.7761,0.0,0.0,0.0,0.7761,0.0244,0.0,0.0,0,120.0,117.0,0.0,0.975,1.0,1.0,1.0
MPLADS-004504,1,95.4,89.6,93.1,95.4,5.8,-5.8,-5.8,5.4,1.7667,0.0,0.0,0.0,1.7667,0.0233,0.0,0.0,0,60.0,54.0,0.0,0.9,1.0,1.0,1.0
MPLADS-004505,1,88.0,97.9,96.4,88.0,9.9,9.9,9.9,-2.0,0.967,0.0,0.0,0.0,0.967,-0.0103,9.9,9.9,0,90.0,91.0,1.0,1.0111,1.0,1.0,1.0
MPLADS-004506,1,97.2,95.2,82.5,97.2,2.0,-2.0,-2.0,7.2,0.8917,0.0,0.0,0.0,0.8917,0.0467,0.0,0.0,0,90.0,109.0,19.0,1.2111,1.0,1.0,1.0
MPLADS-004507,1,76.0,94.5,82.3,76.0,18.5,18.5,18.5,-14.0,0.4551,0.0,0.0,0.0,0.4551,-0.0109,18.5,18.5,0,160.0,167.0,7.0,1.0437,1.0,1.0,1.0
MPLADS-004508,1,88.0,87.9,92.3,88.0,0.1,-0.1,-0.1,-2.0,0.9462,0.0,0.0,0.0,0.9462,-0.0057,0.0,0.0,0,90.0,93.0,3.0,1.0333,1.0,1.0,1.0
MPLADS-004509,1,94.8,89.0,87.9,94.8,5.8,-5.8,-5.8,4.8,0.222,0.0,0.0,0.0,0.222,-0.0087,0.0,0.0,0,400.0,427.0,27.0,1.0675,1.0,1.0,1.0
MPLADS-004510,1,95.1,94.6,83.7,95.1,0.5,-0.5,-0.5,5.1,1.8647,0.0,0.0,0.0,1.8647,0.0151,0.0,0.0,0,60.0,51.0,0.0,0.85,1.0,1.0,1.0
MPLADS-004511,1,94.1,97.8,93.4,94.1,3.7,3.7,3.7,4.1,0.5994,0.0,0.0,0.0,0.5994,0.0139,3.7,3.7,0,160.0,157.0,0.0,0.9812,1.0,1.0,1.0
MPLADS-004512,1,82.8,90.5,81.4,82.8,7.7,7.7,7.7,-7.2,0.6273,0.0,0.0,0.0,0.6273,0.0401,7.7,7.7,0,120.0,132.0,12.0,1.1,1.0,1.0,1.0
MPLADS-004513,1,78.3,87.3,82.9,78.3,9.0,9.0,9.0,-11.7,1.74,0.0,0.0,0.0,1.74,-0.0136,9.0,9.0,0,60.0,45.0,0.0,0.75,1.0,1.0,1.0
MPLADS-004514,1,86.9,94.9,80.2,86.9,8.0,8.0,8.0,-3.1,0.3897,0.0,0.0,0.0,0.3897,0.0239,8.0,8.0,0,210.0,223.0,13.0,1.0619,1.0,1.0,1.0
MPLADS-004515,1,74.1,85.3,92.8,74.1,11.2,11.2,11.2,-15.9,0.189,0.0,0.0,0.0,0.189,0.031,11.2,11.2,0,400.0,392.0,0.0,0.98,1.0,1.0,1.0
MPLADS-004516,1,72.5,97.3,82.8,72.5,24.8,24.8,24.8,-17.5,1.25,0.0,0.0,0.0,1.25,0.0113,24.8,24.8,0,60.0,58.0,0.0,0.9667,1.0,1.0,1.0
MPLADS-004517,1,24.8,85.8,95.3,24.8,61.0,61.0,61.0,-65.2,0.137,0.0,0.0,0.0,0.137,-0.009,61.0,61.0,0,150.0,181.0,31.0,1.2067,1.0,1.0,0.0
MPLADS-004518,1,86.5,89.8,97.9,86.5,3.3,3.3,3.3,-3.5,0.4061,0.0,0.0,0.0,0.4061,-0.0126,3.3,3.3,0,210.0,213.0,3.0,1.0143,1.0,1.0,1.0
MPLADS-004519,1,74.1,91.0,92.3,74.1,16.9,16.9,16.9,-15.9,0.5255,0.0,0.0,0.0,0.5255,0.0007,16.9,16.9,0,120.0,141.0,21.0,1.175,1.0,1.0,1.0
MPLADS-004520,1,81.8,93.6,82.7,81.8,11.8,11.8,11.8,-8.2,0.3805,0.0,0.0,0.0,0.3805,-0.0066,11.8,11.8,0,210.0,215.0,5.0,1.0238,1.0,1.0,1.0
MPLADS-004521,1,83.6,94.5,94.2,83.6,10.9,10.9,10.9,-6.4,0.4058,0.0,0.0,0.0,0.4058,-0.0117,10.9,10.9,0,180.0,206.0,26.0,1.1444,1.0,1.0,1.0
MPLADS-004522,1,97.1,97.1,81.3,97.1,0.0,0.0,0.0,7.1,0.2263,0.0,0.0,0.0,0.2263,0.0356,0.0,0.0,0,400.0,429.0,29.0,1.0725,1.0,1.0,1.0
MPLADS-004523,1,76.2,89.3,88.7,76.2,13.1,13.1,13.1,-13.8,0.4482,0.0,0.0,0.0,0.4482,0.0183,13.1,13.1,0,160.0,170.0,10.0,1.0625,1.0,1.0,1.0
MPLADS-004524,1,98.2,93.3,86.1,98.2,4.9,-4.9,-4.9,8.2,0.5251,0.0,0.0,0.0,0.5251,-0.0171,0.0,0.0,0,180.0,187.0,7.0,1.0389,1.0,1.0,1.0
MPLADS-004525,1,86.8,90.7,88.7,86.8,3.9,3.9,3.9,-3.2,0.3602,0.0,0.0,0.0,0.3602,0.0371,3.9,3.9,0,210.0,241.0,31.0,1.1476,1.0,1.0,1.0
MPLADS-004526,1,85.4,91.5,89.0,85.4,6.1,6.1,6.1,-4.6,0.5114,0.0,0.0,0.0,0.5114,0.0166,6.1,6.1,0,180.0,167.0,0.0,0.9278,1.0,1.0,1.0
MPLADS-004527,1,80.4,96.3,87.3,80.4,15.9,15.9,15.9,-9.6,0.3865,0.0,0.0,0.0,0.3865,0.0108,15.9,15.9,0,210.0,208.0,0.0,0.9905,1.0,1.0,1.0
MPLADS-004528,1,97.5,95.4,92.2,97.5,2.1,-2.1,-2.1,7.5,0.8263,0.0,0.0,0.0,0.8263,0.0308,0.0,0.0,0,90.0,118.0,28.0,1.3111,1.0,1.0,1.0
MPLADS-004529,1,76.9,87.4,85.8,76.9,10.5,10.5,10.5,-13.1,1.1145,0.0,0.0,0.0,1.1145,0.0236,10.5,10.5,0,60.0,69.0,9.0,1.15,1.0,1.0,1.0
MPLADS-004530,1,88.4,95.2,96.5,88.4,6.8,6.8,6.8,-1.6,0.3827,0.0,0.0,0.0,0.3827,-0.0126,6.8,6.8,0,210.0,231.0,21.0,1.1,1.0,1.0,1.0
MPLADS-004531,1,97.7,88.7,96.7,97.7,9.0,-9.0,-9.0,7.7,2.0354,0.0,0.0,0.0,2.0354,0.0476,0.0,0.0,0,60.0,48.0,0.0,0.8,1.0,1.0,1.0
MPLADS-004532,1,94.5,94.9,86.1,94.5,0.4,0.4,0.4,4.5,1.1667,0.0,0.0,0.0,1.1667,0.0086,0.4,0.4,0,60.0,81.0,21.0,1.35,1.0,1.0,1.0
MPLADS-004533,1,70.0,90.7,96.6,70.0,20.7,20.7,20.7,-20.0,0.1724,0.0,0.0,0.0,0.1724,-0.0116,20.7,20.7,0,400.0,406.0,6.0,1.015,1.0,1.0,1.0
MPLADS-004534,1,81.9,89.5,93.1,81.9,7.6,7.6,7.6,-8.1,1.05,0.0,0.0,0.0,1.05,0.0068,7.6,7.6,0,90.0,78.0,0.0,0.8667,1.0,1.0,1.0
MPLADS-004535,1,93.2,133.6,90.4,93.2,40.4,40.4,40.4,3.2,0.863,0.0,0.0,0.0,0.863,0.0047,40.4,40.4,0,120.0,108.0,0.0,0.9,1.0,1.0,1.0
MPLADS-004536,1,81.0,86.0,99.5,81.0,5.0,5.0,5.0,-9.0,0.2051,0.0,0.0,0.0,0.2051,-0.0008,5.0,5.0,0,400.0,395.0,0.0,0.9875,1.0,1.0,1.0
MPLADS-004537,1,95.6,97.3,90.0,95.6,1.7,1.7,1.7,5.6,0.2223,0.0,0.0,0.0,0.2223,0.0286,1.7,1.7,0,400.0,430.0,30.0,1.075,1.0,1.0,1.0
MPLADS-004538,1,91.0,90.4,84.7,91.0,0.6,-0.6,-0.6,1.0,0.5833,0.0,0.0,0.0,0.5833,0.022,0.0,0.0,0,150.0,156.0,6.0,1.04,1.0,1.0,1.0
MPLADS-004539,1,76.7,90.0,88.5,76.7,13.3,13.3,13.3,-13.3,0.4824,0.0,0.0,0.0,0.4824,-0.0008,13.3,13.3,0,150.0,159.0,9.0,1.06,1.0,1.0,1.0
MPLADS-004540,1,81.6,95.1,92.5,81.6,13.5,13.5,13.5,-8.4,0.5829,0.0,0.0,0.0,0.5829,0.0141,13.5,13.5,0,120.0,140.0,20.0,1.1667,1.0,1.0,1.0
MPLADS-004541,1,78.2,87.3,80.3,78.2,9.1,9.1,9.1,-11.8,0.2005,0.0,0.0,0.0,0.2005,0.005,9.1,9.1,0,400.0,390.0,0.0,0.975,1.0,1.0,1.0
MPLADS-004542,1,92.3,87.8,99.0,92.3,4.5,-4.5,-4.5,2.3,0.4459,0.0,0.0,0.0,0.4459,-0.0018,0.0,0.0,0,180.0,207.0,27.0,1.15,1.0,1.0,1.0
MPLADS-004543,1,94.6,97.3,92.7,94.6,2.7,2.7,2.7,4.6,0.6855,0.0,0.0,0.0,0.6855,-0.0053,2.7,2.7,0,150.0,138.0,0.0,0.92,1.0,1.0,1.0
MPLADS-004544,1,91.3,97.1,91.8,91.3,5.8,5.8,5.8,1.3,0.55,0.0,0.0,0.0,0.55,-0.0199,5.8,5.8,0,180.0,166.0,0.0,0.9222,1.0,1.0,1.0
MPLADS-004545,1,92.8,87.8,99.6,92.8,5.0,-5.0,-5.0,2.8,0.5624,0.0,0.0,0.0,0.5624,0.0105,0.0,0.0,0,180.0,165.0,0.0,0.9167,1.0,1.0,1.0
MPLADS-004546,1,84.0,89.4,93.7,84.0,5.4,5.4,5.4,-6.0,0.1976,0.0,0.0,0.0,0.1976,-0.0038,5.4,5.4,0,400.0,425.0,25.0,1.0625,1.0,1.0,1.0
MPLADS-004547,1,82.0,93.4,88.6,82.0,11.4,11.4,11.4,-8.0,0.5775,0.0,0.0,0.0,0.5775,0.0356,11.4,11.4,0,120.0,142.0,22.0,1.1833,1.0,1.0,1.0
MPLADS-004548,1,32.9,91.7,81.1,32.9,58.8,58.8,58.8,-57.1,0.3194,0.0,0.0,0.0,0.3194,0.0019,58.8,58.8,0,90.0,103.0,13.0,1.1444,1.0,1.0,0.0
MPLADS-004549,1,78.3,92.2,85.8,78.3,13.9,13.9,13.9,-11.7,0.6525,0.0,0.0,0.0,0.6525,0.0226,13.9,13.9,0,90.0,120.0,30.0,1.3333,1.0,1.0,1.0
MPLADS-004550,1,79.1,89.1,80.6,79.1,10.0,10.0,10.0,-10.9,0.3595,0.0,0.0,0.0,0.3595,-0.0072,10.0,10.0,0,210.0,220.0,10.0,1.0476,1.0,1.0,1.0
MPLADS-004551,1,61.6,92.1,95.8,61.6,30.5,30.5,30.5,-28.4,0.1711,0.0,0.0,0.0,0.1711,0.0442,30.5,30.5,4,90.0,360.0,270.0,4.0,1.0,1.0,1.0
MPLADS-004552,1,92.3,96.1,88.5,92.3,3.8,3.8,3.8,2.3,0.2147,0.0,0.0,0.0,0.2147,0.0004,3.8,3.8,0,400.0,430.0,30.0,1.075,1.0,1.0,1.0
MPLADS-004553,1,74.2,95.6,83.6,74.2,21.4,21.4,21.4,-15.8,0.1907,0.0,0.0,0.0,0.1907,0.0187,21.4,21.4,0,400.0,389.0,0.0,0.9725,1.0,1.0,1.0
MPLADS-004554,1,78.1,91.9,84.4,78.1,13.8,13.8,13.8,-11.9,0.4567,0.0,0.0,0.0,0.4567,-0.0061,13.8,13.8,0,150.0,171.0,21.0,1.14,1.0,1.0,1.0
MPLADS-004555,1,95.7,96.9,96.5,95.7,1.2,1.2,1.2,5.7,0.4714,0.0,0.0,0.0,0.4714,0.0019,1.2,1.2,0,180.0,203.0,23.0,1.1278,1.0,1.0,1.0
MPLADS-004556,1,99.3,88.8,92.7,99.3,10.5,-10.5,-10.5,9.3,0.5579,0.0,0.0,0.0,0.5579,0.0295,0.0,0.0,0,180.0,178.0,0.0,0.9889,1.0,1.0,1.0
MPLADS-004557,1,82.1,87.0,92.4,82.1,4.9,4.9,4.9,-7.9,0.3985,0.0,0.0,0.0,0.3985,0.0432,4.9,4.9,0,210.0,206.0,0.0,0.981,1.0,1.0,1.0
MPLADS-004558,1,97.2,94.1,83.1,97.2,3.1,-3.1,-3.1,7.2,0.6271,0.0,0.0,0.0,0.6271,0.0294,0.0,0.0,0,160.0,155.0,0.0,0.9688,1.0,1.0,1.0
MPLADS-004559,1,86.0,89.4,85.5,86.0,3.4,3.4,3.4,-4.0,0.637,0.0,0.0,0.0,0.637,0.041,3.4,3.4,0,150.0,135.0,0.0,0.9,1.0,1.0,1.0
MPLADS-004560,1,88.5,86.4,80.3,88.5,2.1,-2.1,-2.1,-1.5,0.2063,0.0,0.0,0.0,0.2063,0.0442,0.0,0.0,0,400.0,429.0,29.0,1.0725,1.0,1.0,1.0
MPLADS-004561,1,72.4,95.9,83.2,72.4,23.5,23.5,23.5,-17.6,0.4209,0.0,0.0,0.0,0.4209,-0.015,23.5,23.5,0,160.0,172.0,12.0,1.075,1.0,1.0,1.0
MPLADS-004562,1,70.4,85.6,90.3,70.4,15.2,15.2,15.2,-19.6,0.352,0.0,0.0,0.0,0.352,0.0257,15.2,15.2,0,180.0,200.0,20.0,1.1111,1.0,1.0,1.0
MPLADS-004563,1,96.0,91.6,85.8,96.0,4.4,-4.4,-4.4,6.0,0.8807,0.0,0.0,0.0,0.8807,-0.0135,0.0,0.0,0,90.0,109.0,19.0,1.2111,1.0,1.0,1.0
MPLADS-004564,1,80.3,87.1,93.5,80.3,6.8,6.8,6.8,-9.7,0.1876,0.0,0.0,0.0,0.1876,0.0012,6.8,6.8,0,400.0,428.0,28.0,1.07,1.0,1.0,1.0
MPLADS-004565,1,97.1,141.3,96.7,97.1,44.2,44.2,44.2,7.1,0.6838,0.0,0.0,0.0,0.6838,0.0475,44.2,44.2,0,120.0,142.0,22.0,1.1833,1.0,1.0,1.0
MPLADS-004566,1,84.8,97.4,86.8,84.8,12.6,12.6,12.6,-5.2,0.4,0.0,0.0,0.0,0.4,0.0415,12.6,12.6,0,210.0,212.0,2.0,1.0095,1.0,1.0,1.0
MPLADS-004567,1,72.3,96.2,83.3,72.3,23.9,23.9,23.9,-17.7,0.4635,0.0,0.0,0.0,0.4635,0.0176,23.9,23.9,0,160.0,156.0,0.0,0.975,1.0,1.0,1.0
MPLADS-004568,1,70.1,91.5,98.4,70.1,21.4,21.4,21.4,-19.9,0.1714,0.0,0.0,0.0,0.1714,0.0214,21.4,21.4,0,400.0,409.0,9.0,1.0225,1.0,1.0,1.0
MPLADS-004569,1,88.0,95.9,92.9,88.0,7.9,7.9,7.9,-2.0,0.9565,0.0,0.0,0.0,0.9565,-0.0044,7.9,7.9,0,60.0,92.0,32.0,1.5333,1.0,1.0,1.0
MPLADS-004570,1,72.7,96.5,83.5,72.7,23.8,23.8,23.8,-17.3,0.4084,0.0,0.0,0.0,0.4084,0.0204,23.8,23.8,0,150.0,178.0,28.0,1.1867,1.0,1.0,1.0
MPLADS-004571,1,91.4,86.9,85.0,91.4,4.5,-4.5,-4.5,1.4,1.1284,0.0,0.0,0.0,1.1284,0.0042,0.0,0.0,0,90.0,81.0,0.0,0.9,1.0,1.0,1.0
MPLADS-004572,1,92.7,96.3,84.3,92.7,3.6,3.6,3.6,2.7,0.9557,0.0,0.0,0.0,0.9557,-0.014,3.6,3.6,0,90.0,97.0,7.0,1.0778,1.0,1.0,1.0
MPLADS-004573,1,22.6,89.1,96.6,22.6,66.5,66.5,66.5,-67.4,0.1527,0.0,0.0,0.0,0.1527,0.0349,66.5,66.5,0,150.0,148.0,0.0,0.9867,1.0,1.0,0.0
MPLADS-004574,1,75.0,93.4,86.6,75.0,18.4,18.4,18.4,-15.0,0.8065,0.0,0.0,0.0,0.8065,-0.0192,18.4,18.4,0,60.0,93.0,33.0,1.55,1.0,1.0,1.0
MPLADS-004575,1,91.9,86.4,87.4,91.9,5.5,-5.5,-5.5,1.9,0.2309,0.0,0.0,0.0,0.2309,0.0122,0.0,0.0,0,400.0,398.0,0.0,0.995,1.0,1.0,1.0
MPLADS-004576,1,78.5,97.9,87.2,78.5,19.4,19.4,19.4,-11.5,0.6597,0.0,0.0,0.0,0.6597,-0.0066,19.4,19.4,0,90.0,119.0,29.0,1.3222,1.0,1.0,1.0
MPLADS-004577,1,71.6,87.7,93.2,71.6,16.1,16.1,16.1,-18.4,0.4287,0.0,0.0,0.0,0.4287,0.0186,16.1,16.1,0,150.0,167.0,17.0,1.1133,1.0,1.0,1.0
MPLADS-004578,1,97.5,86.5,81.4,97.5,11.0,-11.0,-11.0,7.5,0.5214,0.0,0.0,0.0,0.5214,0.0258,0.0,0.0,0,160.0,187.0,27.0,1.1687,1.0,1.0,1.0
MPLADS-004579,1,99.8,92.4,95.3,99.8,7.4,-7.4,-7.4,9.8,0.6048,0.0,0.0,0.0,0.6048,0.0129,0.0,0.0,0,160.0,165.0,5.0,1.0312,1.0,1.0,1.0
MPLADS-004580,1,78.6,158.2,97.7,78.6,79.6,79.6,79.6,-11.4,0.4052,0.0,0.0,0.0,0.4052,-0.0192,79.6,79.6,0,160.0,194.0,34.0,1.2125,1.0,1.0,1.0
MPLADS-004581,1,93.5,94.1,82.6,93.5,0.6,0.6,0.6,3.5,0.221,0.0,0.0,0.0,0.221,0.0063,0.6,0.6,0,400.0,423.0,23.0,1.0575,1.0,1.0,1.0
MPLADS-004582,1,41.7,97.6,95.5,41.7,55.9,55.9,55.9,-48.3,0.1158,0.0,0.0,0.0,0.1158,0.0267,55.9,55.9,2,120.0,360.0,240.0,3.0,1.0,1.0,1.0
MPLADS-004583,1,98.6,87.8,82.2,98.6,10.8,-10.8,-10.8,8.6,1.0717,0.0,0.0,0.0,1.0717,0.0486,0.0,0.0,0,90.0,92.0,2.0,1.0222,1.0,1.0,1.0
MPLADS-004584,1,71.6,85.4,97.1,71.6,13.8,13.8,13.8,-18.4,0.4045,0.0,0.0,0.0,0.4045,0.0045,13.8,13.8,0,160.0,177.0,17.0,1.1062,1.0,1.0,1.0
MPLADS-004585,1,21.4,87.5,81.0,21.4,66.1,66.1,66.1,-68.6,0.2404,0.0,0.0,0.0,0.2404,0.0013,66.1,66.1,0,90.0,89.0,0.0,0.9889,1.0,1.0,0.0
MPLADS-004586,1,79.4,89.0,83.3,79.4,9.6,9.6,9.6,-10.6,0.1886,0.0,0.0,0.0,0.1886,0.0127,9.6,9.6,0,400.0,421.0,21.0,1.0525,1.0,1.0,1.0
MPLADS-004587,1,78.7,89.6,81.9,78.7,10.9,10.9,10.9,-11.3,0.4301,0.0,0.0,0.0,0.4301,-0.0187,10.9,10.9,0,150.0,183.0,33.0,1.22,1.0,1.0,1.0
MPLADS-004588,1,81.6,89.7,82.6,81.6,8.1,8.1,8.1,-8.4,0.5132,0.0,0.0,0.0,0.5132,0.042,8.1,8.1,0,160.0,159.0,0.0,0.9938,1.0,1.0,1.0
MPLADS-004589,1,70.2,92.0,81.8,70.2,21.8,21.8,21.8,-19.8,0.9117,0.0,0.0,0.0,0.9117,-0.0044,21.8,21.8,0,60.0,77.0,17.0,1.2833,1.0,1.0,1.0
MPLADS-004590,1,88.2,93.1,91.8,88.2,4.9,4.9,4.9,-1.8,1.8766,0.0,0.0,0.0,1.8766,0.0216,4.9,4.9,0,60.0,47.0,0.0,0.7833,1.0,1.0,1.0
MPLADS-004591,1,83.4,88.0,90.6,83.4,4.6,4.6,4.6,-6.6,0.1926,0.0,0.0,0.0,0.1926,-0.0078,4.6,4.6,0,400.0,433.0,33.0,1.0825,1.0,1.0,1.0
MPLADS-004592,1,73.8,96.5,80.7,73.8,22.7,22.7,22.7,-16.2,0.4217,0.0,0.0,0.0,0.4217,-0.0187,22.7,22.7,0,180.0,175.0,0.0,0.9722,1.0,1.0,1.0
MPLADS-004593,1,24.9,93.4,95.5,24.9,68.5,68.5,68.5,-65.1,0.2204,0.0,0.0,0.0,0.2204,0.0198,68.5,68.5,0,90.0,113.0,23.0,1.2556,1.0,1.0,0.0
MPLADS-004594,1,84.3,88.2,88.9,84.3,3.9,3.9,3.9,-5.7,0.6967,0.0,0.0,0.0,0.6967,0.0421,3.9,3.9,0,90.0,121.0,31.0,1.3444,1.0,1.0,1.0
MPLADS-004595,1,99.5,88.7,92.2,99.5,10.8,-10.8,-10.8,9.5,0.6142,0.0,0.0,0.0,0.6142,0.0449,0.0,0.0,0,150.0,162.0,12.0,1.08,1.0,1.0,1.0
MPLADS-004596,1,88.3,93.1,80.0,88.3,4.8,4.8,4.8,-1.7,0.3695,0.0,0.0,0.0,0.3695,-0.0179,4.8,4.8,0,210.0,239.0,29.0,1.1381,1.0,1.0,1.0
MPLADS-004597,1,70.7,89.7,98.6,70.7,19.0,19.0,19.0,-19.3,0.3449,0.0,0.0,0.0,0.3449,0.0081,19.0,19.0,0,180.0,205.0,25.0,1.1389,1.0,1.0,1.0
MPLADS-004598,1,74.4,93.0,81.8,74.4,18.6,18.6,18.6,-15.6,0.4429,0.0,0.0,0.0,0.4429,0.0433,18.6,18.6,0,160.0,168.0,8.0,1.05,1.0,1.0,1.0
MPLADS-004599,1,79.6,95.8,86.7,79.6,16.2,16.2,16.2,-10.4,0.1851,0.0,0.0,0.0,0.1851,0.0029,16.2,16.2,0,400.0,430.0,30.0,1.075,1.0,1.0,1.0
MPLADS-004600,1,83.7,94.9,84.4,83.7,11.2,11.2,11.2,-6.3,0.4676,0.0,0.0,0.0,0.4676,-0.0031,11.2,11.2,0,180.0,179.0,0.0,0.9944,1.0,1.0,1.0
MPLADS-004601,1,86.8,96.4,92.1,86.8,9.6,9.6,9.6,-3.2,0.3557,0.0,0.0,0.0,0.3557,0.0263,9.6,9.6,0,210.0,244.0,34.0,1.1619,1.0,1.0,1.0
MPLADS-004602,1,85.7,86.5,90.9,85.7,0.8,0.8,0.8,-4.3,0.9522,0.0,0.0,0.0,0.9522,0.0112,0.8,0.8,0,60.0,90.0,30.0,1.5,1.0,1.0,1.0
MPLADS-004603,1,83.7,85.4,97.5,83.7,1.7,1.7,1.7,-6.3,0.5104,0.0,0.0,0.0,0.5104,0.0069,1.7,1.7,0,160.0,164.0,4.0,1.025,1.0,1.0,1.0
MPLADS-004604,1,75.7,96.3,99.0,75.7,20.6,20.6,20.6,-14.3,0.3554,0.0,0.0,0.0,0.3554,0.0083,20.6,20.6,0,210.0,213.0,3.0,1.0143,1.0,1.0,1.0
MPLADS-004605,1,98.5,95.1,96.9,98.5,3.4,-3.4,-3.4,8.5,1.4485,0.0,0.0,0.0,1.4485,0.0167,0.0,0.0,0,60.0,68.0,8.0,1.1333,1.0,1.0,1.0
MPLADS-004606,1,83.6,133.9,90.5,83.6,50.3,50.3,50.3,-6.4,0.1995,0.0,0.0,0.0,0.1995,0.0009,50.3,50.3,0,400.0,419.0,19.0,1.0475,1.0,1.0,1.0
MPLADS-004607,1,97.2,96.5,80.1,97.2,0.7,-0.7,-0.7,7.2,0.6113,0.0,0.0,0.0,0.6113,0.0087,0.0,0.0,0,150.0,159.0,9.0,1.06,1.0,1.0,1.0
MPLADS-004608,1,99.3,88.7,90.5,99.3,10.6,-10.6,-10.6,9.3,0.5172,0.0,0.0,0.0,0.5172,0.0034,0.0,0.0,0,160.0,192.0,32.0,1.2,1.0,1.0,1.0
MPLADS-004609,1,78.2,90.0,91.8,78.2,11.8,11.8,11.8,-11.8,1.6638,0.0,0.0,0.0,1.6638,0.0469,11.8,11.8,0,60.0,47.0,0.0,0.7833,1.0,1.0,1.0
MPLADS-004610,1,95.0,93.1,81.1,95.0,1.9,-1.9,-1.9,5.0,0.8796,0.0,0.0,0.0,0.8796,0.0324,0.0,0.0,0,90.0,108.0,18.0,1.2,1.0,1.0,1.0
MPLADS-004611,1,88.6,87.4,84.9,88.6,1.2,-1.2,-1.2,-1.4,0.4842,0.0,0.0,0.0,0.4842,-0.0147,0.0,0.0,0,150.0,183.0,33.0,1.22,1.0,1.0,1.0
MPLADS-004612,1,91.3,89.8,83.6,91.3,1.5,-1.5,-1.5,1.3,0.4658,0.0,0.0,0.0,0.4658,0.0061,0.0,0.0,0,210.0,196.0,0.0,0.9333,1.0,1.0,1.0
MPLADS-004613,1,79.1,90.4,91.1,79.1,11.3,11.3,11.3,-10.9,0.452,0.0,0.0,0.0,0.452,-0.0109,11.3,11.3,0,160.0,175.0,15.0,1.0938,1.0,1.0,1.0
MPLADS-004614,1,23.7,92.3,84.1,23.7,68.6,68.6,68.6,-66.3,0.1992,0.0,0.0,0.0,0.1992,0.0298,68.6,68.6,0,90.0,119.0,29.0,1.3222,1.0,1.0,0.0
MPLADS-004615,1,78.1,92.7,82.5,78.1,14.6,14.6,14.6,-11.9,0.5962,0.0,0.0,0.0,0.5962,0.0266,14.6,14.6,0,120.0,131.0,11.0,1.0917,1.0,1.0,1.0
MPLADS-004616,1,83.8,153.5,94.0,83.8,69.7,69.7,69.7,-6.2,0.2079,0.0,0.0,0.0,0.2079,-0.0116,69.7,69.7,0,400.0,403.0,3.0,1.0075,1.0,1.0,1.0
MPLADS-004617,1,87.5,91.2,87.5,87.5,3.7,3.7,3.7,-2.5,1.2681,0.0,0.0,0.0,1.2681,0.021,3.7,3.7,0,60.0,69.0,9.0,1.15,1.0,1.0,1.0
MPLADS-004618,1,78.2,155.3,99.0,78.2,77.1,77.1,77.1,-11.8,0.393,0.0,0.0,0.0,0.393,-0.0137,77.1,77.1,0,210.0,199.0,0.0,0.9476,1.0,1.0,1.0
MPLADS-004619,1,73.0,86.9,92.6,73.0,13.9,13.9,13.9,-17.0,0.9241,0.0,0.0,0.0,0.9241,0.0178,13.9,13.9,0,90.0,79.0,0.0,0.8778,1.0,1.0,1.0
MPLADS-004620,1,86.1,86.4,86.7,86.1,0.3,0.3,0.3,-3.9,0.9462,0.0,0.0,0.0,0.9462,0.0209,0.3,0.3,0,90.0,91.0,1.0,1.0111,1.0,1.0,1.0
MPLADS-004621,1,68.7,91.4,81.1,68.7,22.7,22.7,22.7,-21.3,0.2544,0.0,0.0,0.0,0.2544,0.0108,22.7,22.7,3,90.0,270.0,180.0,3.0,1.0,1.0,1.0
MPLADS-004622,1,17.5,95.1,88.6,17.5,77.6,77.6,77.6,-72.5,0.1151,0.0,0.0,0.0,0.1151,0.0182,77.6,77.6,0,150.0,152.0,2.0,1.0133,1.0,1.0,0.0
MPLADS-004623,1,30.8,94.9,98.1,30.8,64.1,64.1,64.1,-59.2,0.176,0.0,0.0,0.0,0.176,0.0476,64.1,64.1,0,160.0,175.0,15.0,1.0938,1.0,1.0,0.0
MPLADS-004624,1,83.7,92.8,80.7,83.7,9.1,9.1,9.1,-6.3,1.087,0.0,0.0,0.0,1.087,0.0113,9.1,9.1,0,90.0,77.0,0.0,0.8556,0.0,0.0,0.0
MPLADS-004625,1,76.4,95.3,91.0,76.4,18.9,18.9,18.9,-13.6,1.0053,0.0,0.0,0.0,1.0053,0.0405,18.9,18.9,0,90.0,76.0,0.0,0.8444,1.0,1.0,1.0
MPLADS-004626,1,99.4,94.8,92.4,99.4,4.6,-4.6,-4.6,9.4,0.71,0.0,0.0,0.0,0.71,0.0281,0.0,0.0,0,120.0,140.0,20.0,1.1667,1.0,1.0,1.0
MPLADS-004627,1,94.9,89.4,94.2,94.9,5.5,-5.5,-5.5,4.9,0.5214,0.0,0.0,0.0,0.5214,0.0211,0.0,0.0,0,180.0,182.0,2.0,1.0111,1.0,1.0,1.0
MPLADS-004628,1,98.6,96.6,94.9,98.6,2.0,-2.0,-2.0,8.6,0.533,0.0,0.0,0.0,0.533,0.0445,0.0,0.0,0,160.0,185.0,25.0,1.1562,1.0,1.0,1.0
MPLADS-004629,1,94.8,88.2,98.2,94.8,6.6,-6.6,-6.6,4.8,0.5417,0.0,0.0,0.0,0.5417,-0.0169,0.0,0.0,0,180.0,175.0,0.0,0.9722,1.0,1.0,1.0
MPLADS-004630,1,95.3,128.6,87.0,95.3,33.3,33.3,33.3,5.3,0.2382,0.0,0.0,0.0,0.2382,0.002,33.3,33.3,0,400.0,400.0,0.0,1.0,1.0,1.0,1.0
MPLADS-004631,1,86.2,92.1,82.6,86.2,5.9,5.9,5.9,-3.8,1.2493,0.0,0.0,0.0,1.2493,0.0197,5.9,5.9,0,60.0,69.0,9.0,1.15,1.0,1.0,1.0
MPLADS-004632,1,75.5,91.5,87.0,75.5,16.0,16.0,16.0,-14.5,1.6778,0.0,0.0,0.0,1.6778,0.0433,16.0,16.0,0,60.0,45.0,0.0,0.75,1.0,1.0,1.0
MPLADS-004633,1,86.1,91.0,85.2,86.1,4.9,4.9,4.9,-3.9,0.8123,0.0,0.0,0.0,0.8123,-0.0161,4.9,4.9,0,90.0,106.0,16.0,1.1778,1.0,1.0,1.0
MPLADS-004634,1,46.3,90.3,86.0,46.3,44.0,44.0,44.0,-43.7,0.0965,0.0,0.0,0.0,0.0965,-0.02,44.0,44.0,2,160.0,480.0,320.0,3.0,1.0,1.0,1.0
MPLADS-004635,1,70.5,96.6,82.1,70.5,26.1,26.1,26.1,-19.5,0.8924,0.0,0.0,0.0,0.8924,0.0361,26.1,26.1,0,60.0,79.0,19.0,1.3167,1.0,1.0,1.0
MPLADS-004636,1,99.8,88.0,81.8,99.8,11.8,-11.8,-11.8,9.8,0.2514,0.0,0.0,0.0,0.2514,0.0096,0.0,0.0,0,400.0,397.0,0.0,0.9925,1.0,1.0,1.0
MPLADS-004637,1,79.4,95.3,86.1,79.4,15.9,15.9,15.9,-10.6,1.2215,0.0,0.0,0.0,1.2215,-0.0112,15.9,15.9,0,60.0,65.0,5.0,1.0833,1.0,1.0,1.0
MPLADS-004638,1,88.6,154.9,83.2,88.6,66.3,66.3,66.3,-1.4,0.5181,0.0,0.0,0.0,0.5181,0.025,66.3,66.3,0,180.0,171.0,0.0,0.95,1.0,1.0,1.0
MPLADS-004639,1,84.0,94.1,91.8,84.0,10.1,10.1,10.1,-6.0,1.75,0.0,0.0,0.0,1.75,0.0249,10.1,10.1,0,60.0,48.0,0.0,0.8,1.0,1.0,1.0
MPLADS-004640,1,89.9,97.7,87.8,89.9,7.8,7.8,7.8,-0.1,0.2305,0.0,0.0,0.0,0.2305,0.0108,7.8,7.8,0,400.0,390.0,0.0,0.975,1.0,1.0,1.0
MPLADS-004641,1,97.8,95.3,89.5,97.8,2.5,-2.5,-2.5,7.8,0.4197,0.0,0.0,0.0,0.4197,-0.0157,0.0,0.0,0,210.0,233.0,23.0,1.1095,1.0,1.0,1.0
MPLADS-004642,1,95.3,90.4,88.0,95.3,4.9,-4.9,-4.9,5.3,0.6759,0.0,0.0,0.0,0.6759,0.0255,0.0,0.0,0,120.0,141.0,21.0,1.175,1.0,1.0,1.0
MPLADS-004643,1,54.0,90.3,95.2,54.0,36.3,36.3,36.3,-36.0,0.225,0.0,0.0,0.0,0.225,0.0139,36.3,36.3,4,60.0,240.0,180.0,4.0,1.0,1.0,1.0
MPLADS-004644,1,84.0,86.7,87.5,84.0,2.7,2.7,2.7,-6.0,0.8317,0.0,0.0,0.0,0.8317,0.0215,2.7,2.7,0,90.0,101.0,11.0,1.1222,1.0,1.0,1.0
MPLADS-004645,1,100.0,97.8,86.3,100.0,2.2,-2.2,-2.2,10.0,1.3333,0.0,0.0,0.0,1.3333,0.0143,0.0,0.0,0,60.0,75.0,15.0,1.25,1.0,1.0,1.0
MPLADS-004646,1,74.3,90.6,96.1,74.3,16.3,16.3,16.3,-15.7,0.1724,0.0,0.0,0.0,0.1724,-0.0047,16.3,16.3,0,400.0,431.0,31.0,1.0775,1.0,1.0,1.0
MPLADS-004647,1,93.7,96.3,96.0,93.7,2.6,2.6,2.6,3.7,0.4399,0.0,0.0,0.0,0.4399,-0.0023,2.6,2.6,0,180.0,213.0,33.0,1.1833,1.0,1.0,1.0
MPLADS-004648,1,81.2,93.2,80.9,81.2,12.0,12.0,12.0,-8.8,0.2,0.0,0.0,0.0,0.2,-0.0107,12.0,12.0,0,400.0,406.0,6.0,1.015,1.0,1.0,1.0
MPLADS-004649,1,77.2,96.9,92.2,77.2,19.7,19.7,19.7,-12.8,0.4515,0.0,0.0,0.0,0.4515,-0.0029,19.7,19.7,0,160.0,171.0,11.0,1.0688,1.0,1.0,1.0
MPLADS-004650,1,90.7,93.6,96.6,90.7,2.9,2.9,2.9,0.7,0.6343,0.0,0.0,0.0,0.6343,0.0112,2.9,2.9,0,120.0,143.0,23.0,1.1917,1.0,1.0,1.0
MPLADS-004651,1,98.8,90.2,81.4,98.8,8.6,-8.6,-8.6,8.8,1.3173,0.0,0.0,0.0,1.3173,-0.0087,0.0,0.0,0,60.0,75.0,15.0,1.25,1.0,1.0,1.0
MPLADS-004652,1,90.2,88.2,84.8,90.2,2.0,-2.0,-2.0,0.2,1.8792,0.0,0.0,0.0,1.8792,0.0473,0.0,0.0,0,60.0,48.0,0.0,0.8,1.0,1.0,1.0
MPLADS-004653,1,16.7,86.1,98.8,16.7,69.4,69.4,69.4,-73.3,0.0819,0.0,0.0,0.0,0.0819,0.0059,69.4,69.4,0,210.0,204.0,0.0,0.9714,1.0,1.0,0.0
MPLADS-004654,1,82.3,85.1,86.1,82.3,2.8,2.8,2.8,-7.7,0.755,0.0,0.0,0.0,0.755,-0.0139,2.8,2.8,0,120.0,109.0,0.0,0.9083,1.0,1.0,1.0
MPLADS-004655,1,82.3,86.0,96.4,82.3,3.7,3.7,3.7,-7.7,0.957,0.0,0.0,0.0,0.957,0.0266,3.7,3.7,0,90.0,86.0,0.0,0.9556,1.0,1.0,1.0
MPLADS-004656,1,70.2,95.4,80.3,70.2,25.2,25.2,25.2,-19.8,0.5754,0.0,0.0,0.0,0.5754,0.0336,25.2,25.2,0,120.0,122.0,2.0,1.0167,1.0,1.0,1.0
MPLADS-004657,1,88.4,95.1,98.7,88.4,6.7,6.7,6.7,-1.6,0.5023,0.0,0.0,0.0,0.5023,0.002,6.7,6.7,0,180.0,176.0,0.0,0.9778,1.0,1.0,1.0
MPLADS-004658,1,78.4,96.1,86.9,78.4,17.7,17.7,17.7,-11.6,0.392,0.0,0.0,0.0,0.392,-0.0016,17.7,17.7,0,210.0,200.0,0.0,0.9524,1.0,1.0,1.0
MPLADS-004659,1,85.1,97.8,88.5,85.1,12.7,12.7,12.7,-4.9,0.5127,0.0,0.0,0.0,0.5127,-0.0183,12.7,12.7,0,180.0,166.0,0.0,0.9222,1.0,1.0,1.0
MPLADS-004660,1,90.3,87.2,82.2,90.3,3.1,-3.1,-3.1,0.3,0.2327,0.0,0.0,0.0,0.2327,0.0196,0.0,0.0,0,400.0,388.0,0.0,0.97,1.0,1.0,1.0
MPLADS-004661,1,89.6,86.5,82.9,89.6,3.1,-3.1,-3.1,-0.4,0.3733,0.0,0.0,0.0,0.3733,0.0247,0.0,0.0,0,210.0,240.0,30.0,1.1429,1.0,1.0,1.0
MPLADS-004662,1,80.1,88.6,97.3,80.1,8.5,8.5,8.5,-9.9,0.4129,0.0,0.0,0.0,0.4129,0.0077,8.5,8.5,0,180.0,194.0,14.0,1.0778,1.0,1.0,1.0
MPLADS-004663,1,99.1,85.4,99.5,99.1,13.7,-13.7,-13.7,9.1,1.0772,0.0,0.0,0.0,1.0772,0.0108,0.0,0.0,0,60.0,92.0,32.0,1.5333,1.0,1.0,1.0
MPLADS-004664,1,86.0,97.2,90.2,86.0,11.2,11.2,11.2,-4.0,0.9885,0.0,0.0,0.0,0.9885,-0.0052,11.2,11.2,0,90.0,87.0,0.0,0.9667,1.0,1.0,1.0
MPLADS-004665,1,79.7,133.5,94.5,79.7,53.8,53.8,53.8,-10.3,0.188,0.0,0.0,0.0,0.188,0.001,53.8,53.8,0,400.0,424.0,24.0,1.06,1.0,1.0,1.0
MPLADS-004666,1,72.0,93.5,97.8,72.0,21.5,21.5,21.5,-18.0,0.3618,0.0,0.0,0.0,0.3618,-0.0101,21.5,21.5,0,210.0,199.0,0.0,0.9476,1.0,1.0,1.0
MPLADS-004667,1,85.6,85.7,96.9,85.6,0.1,0.1,0.1,-4.4,0.9407,0.0,0.0,0.0,0.9407,-0.0137,0.1,0.1,0,60.0,91.0,31.0,1.5167,1.0,1.0,1.0
MPLADS-004668,1,99.2,89.3,99.0,99.2,9.9,-9.9,-9.9,9.2,0.62,0.0,0.0,0.0,0.62,-0.0175,0.0,0.0,0,150.0,160.0,10.0,1.0667,1.0,1.0,1.0
MPLADS-004669,1,81.9,97.6,98.3,81.9,15.7,15.7,15.7,-8.1,0.2042,0.0,0.0,0.0,0.2042,0.0273,15.7,15.7,0,400.0,401.0,1.0,1.0025,1.0,1.0,1.0
MPLADS-004670,1,72.7,95.7,84.6,72.7,23.0,23.0,23.0,-17.3,0.1675,0.0,0.0,0.0,0.1675,0.0165,23.0,23.0,0,400.0,434.0,34.0,1.085,1.0,1.0,1.0
MPLADS-004671,1,82.4,132.7,83.3,82.4,50.3,50.3,50.3,-7.6,0.5118,0.0,0.0,0.0,0.5118,0.0405,50.3,50.3,0,160.0,161.0,1.0,1.0063,1.0,1.0,1.0
MPLADS-004672,1,83.6,95.9,94.6,83.6,12.3,12.3,12.3,-6.4,0.4039,0.0,0.0,0.0,0.4039,0.0215,12.3,12.3,0,210.0,207.0,0.0,0.9857,1.0,1.0,1.0
MPLADS-004673,1,50.2,87.4,81.2,50.2,37.2,37.2,37.2,-39.8,0.0314,0.0,0.0,0.0,0.0314,-0.0047,37.2,37.2,4,400.0,1600.0,1200.0,4.0,1.0,1.0,1.0
MPLADS-004674,1,92.9,96.9,89.2,92.9,4.0,4.0,4.0,2.9,0.6781,0.0,0.0,0.0,0.6781,-0.0096,4.0,4.0,0,120.0,137.0,17.0,1.1417,1.0,1.0,1.0
MPLADS-004675,1,98.4,86.5,91.2,98.4,11.9,-11.9,-11.9,8.4,1.9294,0.0,0.0,0.0,1.9294,-0.0081,0.0,0.0,0,60.0,51.0,0.0,0.85,1.0,1.0,1.0
MPLADS-004676,1,83.9,89.5,94.1,83.9,5.6,5.6,5.6,-6.1,0.4511,0.0,0.0,0.0,0.4511,0.0137,5.6,5.6,0,180.0,186.0,6.0,1.0333,1.0,1.0,1.0
MPLADS-004677,1,32.0,98.7,99.7,32.0,66.7,66.7,66.7,-58.0,0.1882,0.0,0.0,0.0,0.1882,0.0244,66.7,66.7,0,180.0,170.0,0.0,0.9444,1.0,1.0,0.0
MPLADS-004678,1,86.8,88.8,89.5,86.8,2.0,2.0,2.0,-3.2,0.5865,0.0,0.0,0.0,0.5865,0.0399,2.0,2.0,0,150.0,148.0,0.0,0.9867,1.0,1.0,1.0
MPLADS-004679,1,82.5,88.4,89.6,82.5,5.9,5.9,5.9,-7.5,0.5769,0.0,0.0,0.0,0.5769,-0.017,5.9,5.9,0,120.0,143.0,23.0,1.1917,1.0,1.0,1.0
MPLADS-004680,1,84.0,90.6,94.6,84.0,6.6,6.6,6.6,-6.0,0.4038,0.0,0.0,0.0,0.4038,0.0371,6.6,6.6,0,180.0,208.0,28.0,1.1556,1.0,1.0,1.0
MPLADS-004681,1,78.9,96.4,98.7,78.9,17.5,17.5,17.5,-11.1,1.4611,0.0,0.0,0.0,1.4611,0.013,17.5,17.5,0,60.0,54.0,0.0,0.9,1.0,1.0,1.0
MPLADS-004682,1,74.3,88.7,83.8,74.3,14.4,14.4,14.4,-15.7,0.7076,0.0,0.0,0.0,0.7076,0.0304,14.4,14.4,0,120.0,105.0,0.0,0.875,1.0,1.0,1.0
MPLADS-004683,1,74.0,92.2,82.5,74.0,18.2,18.2,18.2,-16.0,0.3333,0.0,0.0,0.0,0.3333,0.03,18.2,18.2,0,210.0,222.0,12.0,1.0571,1.0,1.0,1.0
MPLADS-004684,1,83.2,149.6,86.4,83.2,66.4,66.4,66.4,-6.8,0.5901,0.0,0.0,0.0,0.5901,-0.013,66.4,66.4,0,150.0,141.0,0.0,0.94,1.0,1.0,1.0
MPLADS-004685,1,73.6,96.6,97.8,73.6,23.0,23.0,23.0,-16.4,0.1778,0.0,0.0,0.0,0.1778,0.0007,23.0,23.0,0,400.0,414.0,14.0,1.035,1.0,1.0,1.0
MPLADS-004686,1,90.2,86.1,85.6,90.2,4.1,-4.1,-4.1,0.2,0.2195,0.0,0.0,0.0,0.2195,0.0202,0.0,0.0,0,400.0,411.0,11.0,1.0275,1.0,1.0,1.0
MPLADS-004687,1,15.6,41.0,88.2,15.6,25.4,25.4,25.4,-74.4,0.1835,0.0,0.0,0.0,0.1835,-0.0063,25.4,25.4,0,90.0,85.0,0.0,0.9444,1.0,1.0,1.0
MPLADS-004688,1,73.5,153.9,96.9,73.5,80.4,80.4,80.4,-16.5,0.6391,0.0,0.0,0.0,0.6391,0.0298,80.4,80.4,0,120.0,115.0,0.0,0.9583,1.0,1.0,1.0
MPLADS-004689,1,30.1,89.3,96.3,30.1,59.2,59.2,59.2,-59.9,0.1528,0.0,0.0,0.0,0.1528,-0.0138,59.2,59.2,0,180.0,197.0,17.0,1.0944,1.0,1.0,0.0
MPLADS-004690,1,87.2,94.8,88.4,87.2,7.6,7.6,7.6,-2.8,0.5813,0.0,0.0,0.0,0.5813,0.0032,7.6,7.6,0,160.0,150.0,0.0,0.9375,1.0,1.0,1.0
MPLADS-004691,1,82.0,150.0,90.1,82.0,68.0,68.0,68.0,-8.0,0.3744,0.0,0.0,0.0,0.3744,0.0054,68.0,68.0,0,210.0,219.0,9.0,1.0429,1.0,1.0,1.0
MPLADS-004692,1,95.1,90.4,89.1,95.1,4.7,-4.7,-4.7,5.1,0.4572,0.0,0.0,0.0,0.4572,0.0305,0.0,0.0,0,180.0,208.0,28.0,1.1556,1.0,1.0,1.0
MPLADS-004693,1,93.9,86.7,86.6,93.9,7.2,-7.2,-7.2,3.9,0.229,0.0,0.0,0.0,0.229,-0.0036,0.0,0.0,0,400.0,410.0,10.0,1.025,1.0,1.0,1.0
MPLADS-004694,1,81.6,89.9,97.9,81.6,8.3,8.3,8.3,-8.4,0.3867,0.0,0.0,0.0,0.3867,-0.0057,8.3,8.3,0,180.0,211.0,31.0,1.1722,1.0,1.0,1.0
MPLADS-004695,1,92.7,91.8,81.6,92.7,0.9,-0.9,-0.9,2.7,0.3815,0.0,0.0,0.0,0.3815,0.0007,0.0,0.0,0,210.0,243.0,33.0,1.1571,1.0,1.0,1.0
MPLADS-004696,1,78.1,87.5,84.0,78.1,9.4,9.4,9.4,-11.9,0.9524,0.0,0.0,0.0,0.9524,0.0033,9.4,9.4,0,90.0,82.0,0.0,0.9111,1.0,1.0,1.0
MPLADS-004697,1,84.0,92.6,85.7,84.0,8.6,8.6,8.6,-6.0,0.506,0.0,0.0,0.0,0.506,0.0466,8.6,8.6,0,180.0,166.0,0.0,0.9222,1.0,1.0,1.0
MPLADS-004698,1,76.1,87.6,88.3,76.1,11.5,11.5,11.5,-13.9,0.3397,0.0,0.0,0.0,0.3397,-0.002,11.5,11.5,0,210.0,224.0,14.0,1.0667,1.0,1.0,1.0
MPLADS-004699,1,97.3,95.9,92.7,97.3,1.4,-1.4,-1.4,7.3,0.2408,0.0,0.0,0.0,0.2408,0.0204,0.0,0.0,0,400.0,404.0,4.0,1.01,1.0,1.0,1.0
MPLADS-004700,1,24.8,95.9,96.2,24.8,71.1,71.1,71.1,-65.2,0.4351,0.0,0.0,0.0,0.4351,0.0472,71.1,71.1,0,60.0,57.0,0.0,0.95,1.0,1.0,0.0
MPLADS-004701,1,81.6,89.8,95.6,81.6,8.2,8.2,8.2,-8.4,0.5706,0.0,0.0,0.0,0.5706,0.0279,8.2,8.2,0,150.0,143.0,0.0,0.9533,1.0,1.0,1.0
MPLADS-004702,1,76.3,154.5,96.8,76.3,78.2,78.2,78.2,-13.7,0.3704,0.0,0.0,0.0,0.3704,-0.0137,78.2,78.2,0,180.0,206.0,26.0,1.1444,1.0,1.0,1.0
MPLADS-004703,1,80.4,86.6,99.3,80.4,6.2,6.2,6.2,-9.6,0.4277,0.0,0.0,0.0,0.4277,0.0466,6.2,6.2,0,180.0,188.0,8.0,1.0444,1.0,1.0,1.0
MPLADS-004704,1,85.7,86.2,98.5,85.7,0.5,0.5,0.5,-4.3,0.3647,0.0,0.0,0.0,0.3647,-0.0128,0.5,0.5,0,210.0,235.0,25.0,1.119,1.0,1.0,1.0
MPLADS-004705,1,83.8,88.1,91.8,83.8,4.3,4.3,4.3,-6.2,0.4297,0.0,0.0,0.0,0.4297,0.0354,4.3,4.3,0,180.0,195.0,15.0,1.0833,1.0,1.0,1.0
MPLADS-004706,1,90.1,91.1,86.4,90.1,1.0,1.0,1.0,0.1,1.7327,0.0,0.0,0.0,1.7327,0.0098,1.0,1.0,0,60.0,52.0,0.0,0.8667,1.0,1.0,1.0
MPLADS-004707,1,10.0,61.8,82.3,10.0,51.8,51.8,51.8,-80.0,0.0847,0.0,0.0,0.0,0.0847,0.0335,51.8,51.8,0,120.0,118.0,0.0,0.9833,1.0,1.0,1.0
MPLADS-004708,1,95.8,91.3,80.3,95.8,4.5,-4.5,-4.5,5.8,1.6807,0.0,0.0,0.0,1.6807,-0.0017,0.0,0.0,0,60.0,57.0,0.0,0.95,1.0,1.0,1.0
MPLADS-004709,1,78.9,85.9,86.3,78.9,7.0,7.0,7.0,-11.1,0.1897,0.0,0.0,0.0,0.1897,0.0016,7.0,7.0,0,400.0,416.0,16.0,1.04,1.0,1.0,1.0
MPLADS-004710,1,72.4,92.9,81.6,72.4,20.5,20.5,20.5,-17.6,0.3657,0.0,0.0,0.0,0.3657,0.0125,20.5,20.5,0,180.0,198.0,18.0,1.1,1.0,1.0,1.0
MPLADS-004711,1,86.3,94.4,86.4,86.3,8.1,8.1,8.1,-3.7,0.757,0.0,0.0,0.0,0.757,-0.0044,8.1,8.1,0,120.0,114.0,0.0,0.95,1.0,1.0,1.0
MPLADS-004712,1,83.2,87.4,85.8,83.2,4.2,4.2,4.2,-6.8,0.1944,0.0,0.0,0.0,0.1944,-0.0138,4.2,4.2,0,400.0,428.0,28.0,1.07,1.0,1.0,1.0
MPLADS-004713,1,85.7,93.5,95.0,85.7,7.8,7.8,7.8,-4.3,0.832,0.0,0.0,0.0,0.832,-0.0014,7.8,7.8,0,90.0,103.0,13.0,1.1444,1.0,1.0,1.0
MPLADS-004714,1,82.7,86.2,99.7,82.7,3.5,3.5,3.5,-7.3,0.2002,0.0,0.0,0.0,0.2002,0.0416,3.5,3.5,0,400.0,413.0,13.0,1.0325,1.0,1.0,1.0
MPLADS-004715,1,73.5,95.3,87.7,73.5,21.8,21.8,21.8,-16.5,0.6282,0.0,0.0,0.0,0.6282,0.0332,21.8,21.8,0,90.0,117.0,27.0,1.3,1.0,1.0,1.0
MPLADS-004716,1,86.4,88.1,92.7,86.4,1.7,1.7,1.7,-3.6,0.6646,0.0,0.0,0.0,0.6646,0.0243,1.7,1.7,0,120.0,130.0,10.0,1.0833,1.0,1.0,1.0
MPLADS-004717,1,89.3,92.8,91.8,89.3,3.5,3.5,3.5,-0.7,1.1449,0.0,0.0,0.0,1.1449,0.0412,3.5,3.5,0,60.0,78.0,18.0,1.3,1.0,1.0,1.0
MPLADS-004718,1,98.4,86.8,82.7,98.4,11.6,-11.6,-11.6,8.4,0.5206,0.0,0.0,0.0,0.5206,0.0198,0.0,0.0,0,160.0,189.0,29.0,1.1812,1.0,1.0,1.0
MPLADS-004719,1,89.5,90.2,93.1,89.5,0.7,0.7,0.7,-0.5,0.2116,0.0,0.0,0.0,0.2116,0.0028,0.7,0.7,0,400.0,423.0,23.0,1.0575,1.0,1.0,1.0
MPLADS-004720,1,85.2,93.4,98.4,85.2,8.2,8.2,8.2,-4.8,0.4656,0.0,0.0,0.0,0.4656,0.0471,8.2,8.2,0,150.0,183.0,33.0,1.22,1.0,1.0,1.0
MPLADS-004721,1,53.3,94.0,94.7,53.3,40.7,40.7,40.7,-36.7,0.1481,0.0,0.0,0.0,0.1481,0.0312,40.7,40.7,3,120.0,360.0,240.0,3.0,1.0,1.0,1.0
MPLADS-004722,1,89.7,89.1,83.1,89.7,0.6,-0.6,-0.6,-0.3,0.2076,0.0,0.0,0.0,0.2076,-0.0088,0.0,0.0,0,400.0,432.0,32.0,1.08,1.0,1.0,1.0
MPLADS-004723,1,73.0,85.3,89.8,73.0,12.3,12.3,12.3,-17.0,0.5887,0.0,0.0,0.0,0.5887,0.0015,12.3,12.3,0,90.0,124.0,34.0,1.3778,1.0,1.0,1.0
MPLADS-004724,1,77.4,89.4,97.3,77.4,12.0,12.0,12.0,-12.6,0.193,0.0,0.0,0.0,0.193,-0.0151,12.0,12.0,0,400.0,401.0,1.0,1.0025,1.0,1.0,1.0
MPLADS-004725,1,97.1,90.4,93.6,97.1,6.7,-6.7,-6.7,7.1,0.6107,0.0,0.0,0.0,0.6107,0.0282,0.0,0.0,0,160.0,159.0,0.0,0.9938,1.0,1.0,1.0
MPLADS-004726,1,86.1,91.2,81.7,86.1,5.1,5.1,5.1,-3.9,0.5779,0.0,0.0,0.0,0.5779,-0.0104,5.1,5.1,0,150.0,149.0,0.0,0.9933,1.0,1.0,1.0
MPLADS-004727,1,97.3,88.9,92.8,97.3,8.4,-8.4,-8.4,7.3,0.671,0.0,0.0,0.0,0.671,0.0082,0.0,0.0,0,120.0,145.0,25.0,1.2083,1.0,1.0,1.0
MPLADS-004728,1,86.8,90.4,96.3,86.8,3.6,3.6,3.6,-3.2,0.3647,0.0,0.0,0.0,0.3647,0.0059,3.6,3.6,0,210.0,238.0,28.0,1.1333,1.0,1.0,1.0
MPLADS-004729,1,30.3,89.4,87.0,30.3,59.1,59.1,59.1,-59.7,0.1825,0.0,0.0,0.0,0.1825,0.0352,59.1,59.1,0,180.0,166.0,0.0,0.9222,1.0,1.0,0.0
MPLADS-004730,1,98.1,86.1,87.7,98.1,12.0,-12.0,-12.0,8.1,0.4192,0.0,0.0,0.0,0.4192,-0.0084,0.0,0.0,0,210.0,234.0,24.0,1.1143,1.0,1.0,1.0
MPLADS-004731,1,32.3,94.9,89.0,32.3,62.6,62.6,62.6,-57.7,0.2019,0.0,0.0,0.0,0.2019,-0.0078,62.6,62.6,0,160.0,160.0,0.0,1.0,1.0,1.0,0.0
MPLADS-004732,1,23.8,94.2,99.4,23.8,70.4,70.4,70.4,-66.2,0.1587,0.0,0.0,0.0,0.1587,0.0184,70.4,70.4,0,160.0,150.0,0.0,0.9375,1.0,1.0,0.0
MPLADS-004733,1,94.4,95.5,94.2,94.4,1.1,1.1,1.1,4.4,0.6743,0.0,0.0,0.0,0.6743,0.0446,1.1,1.1,0,120.0,140.0,20.0,1.1667,1.0,1.0,1.0
MPLADS-004734,1,74.2,86.8,88.5,74.2,12.6,12.6,12.6,-15.8,0.6183,0.0,0.0,0.0,0.6183,0.0273,12.6,12.6,0,90.0,120.0,30.0,1.3333,1.0,1.0,1.0
MPLADS-004735,1,21.3,95.3,95.4,21.3,74.0,74.0,74.0,-68.7,0.1005,0.0,0.0,0.0,0.1005,-0.0008,74.0,74.0,0,180.0,212.0,32.0,1.1778,1.0,1.0,0.0
MPLADS-004736,1,48.9,92.2,96.3,48.9,43.3,43.3,43.3,-41.1,0.0306,0.0,0.0,0.0,0.0306,0.0414,43.3,43.3,4,400.0,1600.0,1200.0,4.0,1.0,1.0,1.0
MPLADS-004737,1,98.9,95.7,80.4,98.9,3.2,-3.2,-3.2,8.9,0.951,0.0,0.0,0.0,0.951,0.0027,0.0,0.0,0,90.0,104.0,14.0,1.1556,1.0,1.0,1.0
MPLADS-004738,1,81.0,89.5,85.9,81.0,8.5,8.5,8.5,-9.0,0.407,0.0,0.0,0.0,0.407,0.0278,8.5,8.5,0,210.0,199.0,0.0,0.9476,1.0,1.0,1.0
MPLADS-004739,1,18.6,90.9,86.5,18.6,72.3,72.3,72.3,-71.4,0.2241,0.0,0.0,0.0,0.2241,0.0388,72.3,72.3,0,60.0,83.0,23.0,1.3833,1.0,1.0,0.0
MPLADS-004740,1,89.2,88.6,82.0,89.2,0.6,-0.6,-0.6,-0.8,0.5186,0.0,0.0,0.0,0.5186,0.0364,0.0,0.0,0,180.0,172.0,0.0,0.9556,1.0,1.0,1.0
MPLADS-004741,1,99.8,85.9,94.2,99.8,13.9,-13.9,-13.9,9.8,0.7393,0.0,0.0,0.0,0.7393,0.029,0.0,0.0,0,150.0,135.0,0.0,0.9,1.0,1.0,1.0
MPLADS-004742,1,91.9,91.9,91.6,91.9,0.0,0.0,0.0,1.9,0.6338,0.0,0.0,0.0,0.6338,0.0135,0.0,0.0,0,160.0,145.0,0.0,0.9062,1.0,1.0,1.0
MPLADS-004743,1,94.4,92.9,80.3,94.4,1.5,-1.5,-1.5,4.4,0.5425,0.0,0.0,0.0,0.5425,-0.0021,0.0,0.0,0,180.0,174.0,0.0,0.9667,1.0,1.0,1.0
MPLADS-004744,1,15.9,97.5,83.9,15.9,81.6,81.6,81.6,-74.1,0.2607,0.0,0.0,0.0,0.2607,0.0484,81.6,81.6,0,60.0,61.0,1.0,1.0167,1.0,1.0,0.0
MPLADS-004745,1,28.7,92.5,91.5,28.7,63.8,63.8,63.8,-61.3,0.1852,0.0,0.0,0.0,0.1852,0.0151,63.8,63.8,0,160.0,155.0,0.0,0.9688,1.0,1.0,0.0
MPLADS-004746,1,92.7,92.3,100.0,92.7,0.4,-0.4,-0.4,2.7,0.5011,0.0,0.0,0.0,0.5011,-0.0134,0.0,0.0,0,160.0,185.0,25.0,1.1562,1.0,1.0,1.0
MPLADS-004747,1,77.5,96.3,89.7,77.5,18.8,18.8,18.8,-12.5,0.3818,0.0,0.0,0.0,0.3818,-0.0155,18.8,18.8,0,210.0,203.0,0.0,0.9667,1.0,1.0,1.0
MPLADS-004748,1,94.9,93.9,89.5,94.9,1.0,-1.0,-1.0,4.9,0.6327,0.0,0.0,0.0,0.6327,0.0271,0.0,0.0,0,160.0,150.0,0.0,0.9375,1.0,1.0,1.0
MPLADS-004749,1,80.9,90.4,96.0,80.9,9.5,9.5,9.5,-9.1,0.3966,0.0,0.0,0.0,0.3966,0.0129,9.5,9.5,0,210.0,204.0,0.0,0.9714,1.0,1.0,1.0
MPLADS-004750,1,77.9,93.8,89.8,77.9,15.9,15.9,15.9,-12.1,0.3447,0.0,0.0,0.0,0.3447,0.0263,15.9,15.9,0,210.0,226.0,16.0,1.0762,1.0,1.0,1.0
MPLADS-004751,1,84.4,91.6,94.5,84.4,7.2,7.2,7.2,-5.6,0.3889,0.0,0.0,0.0,0.3889,-0.0093,7.2,7.2,0,210.0,217.0,7.0,1.0333,1.0,1.0,1.0
MPLADS-004752,1,86.6,92.2,85.8,86.6,5.6,5.6,5.6,-3.4,0.2033,0.0,0.0,0.0,0.2033,-0.0171,5.6,5.6,0,400.0,426.0,26.0,1.065,1.0,1.0,1.0
MPLADS-004753,1,87.7,88.1,94.9,87.7,0.4,0.4,0.4,-2.3,0.4474,0.0,0.0,0.0,0.4474,0.0147,0.4,0.4,0,180.0,196.0,16.0,1.0889,1.0,1.0,1.0
MPLADS-004754,1,22.0,95.0,89.6,22.0,73.0,73.0,73.0,-68.0,0.1419,0.0,0.0,0.0,0.1419,0.0026,73.0,73.0,0,160.0,155.0,0.0,0.9688,1.0,1.0,0.0
MPLADS-004755,1,78.6,97.5,84.5,78.6,18.9,18.9,18.9,-11.4,0.4517,0.0,0.0,0.0,0.4517,0.0498,18.9,18.9,0,180.0,174.0,0.0,0.9667,1.0,1.0,1.0
MPLADS-004756,1,74.1,94.2,94.4,74.1,20.1,20.1,20.1,-15.9,0.4308,0.0,0.0,0.0,0.4308,-0.0169,20.1,20.1,0,180.0,172.0,0.0,0.9556,1.0,1.0,1.0
MPLADS-004757,1,91.7,97.9,86.4,91.7,6.2,6.2,6.2,1.7,0.6947,0.0,0.0,0.0,0.6947,0.0267,6.2,6.2,0,120.0,132.0,12.0,1.1,1.0,1.0,1.0
MPLADS-004758,1,15.7,95.7,94.3,15.7,80.0,80.0,80.0,-74.3,0.0766,0.0,0.0,0.0,0.0766,0.0204,80.0,80.0,0,180.0,205.0,25.0,1.1389,1.0,1.0,0.0
MPLADS-004759,1,75.6,92.8,91.1,75.6,17.2,17.2,17.2,-14.4,0.8591,0.0,0.0,0.0,0.8591,-0.0022,17.2,17.2,0,60.0,88.0,28.0,1.4667,1.0,1.0,1.0
MPLADS-004760,1,92.6,94.3,92.9,92.6,1.7,1.7,1.7,2.6,0.2362,0.0,0.0,0.0,0.2362,0.0389,1.7,1.7,0,400.0,392.0,0.0,0.98,1.0,1.0,1.0
MPLADS-004761,1,91.5,92.8,89.9,91.5,1.3,1.3,1.3,1.5,0.2282,0.0,0.0,0.0,0.2282,0.0224,1.3,1.3,0,400.0,401.0,1.0,1.0025,1.0,1.0,1.0
MPLADS-004762,1,80.8,87.5,93.5,80.8,6.7,6.7,6.7,-9.2,0.5898,0.0,0.0,0.0,0.5898,0.0494,6.7,6.7,0,120.0,137.0,17.0,1.1417,1.0,1.0,1.0
MPLADS-004763,1,74.2,87.8,95.6,74.2,13.6,13.6,13.6,-15.8,0.3805,0.0,0.0,0.0,0.3805,0.0086,13.6,13.6,0,180.0,195.0,15.0,1.0833,1.0,1.0,1.0
MPLADS-004764,1,78.0,97.9,81.1,78.0,19.9,19.9,19.9,-12.0,0.4699,0.0,0.0,0.0,0.4699,0.0267,19.9,19.9,0,180.0,166.0,0.0,0.9222,1.0,1.0,1.0
MPLADS-004765,1,80.9,87.2,95.6,80.9,6.3,6.3,6.3,-9.1,0.6129,0.0,0.0,0.0,0.6129,-0.0029,6.3,6.3,0,120.0,132.0,12.0,1.1,1.0,1.0,1.0
MPLADS-004766,1,91.0,92.4,84.2,91.0,1.4,1.4,1.4,1.0,0.4596,0.0,0.0,0.0,0.4596,0.0383,1.4,1.4,0,180.0,198.0,18.0,1.1,1.0,1.0,1.0
MPLADS-004767,1,81.0,90.5,82.1,81.0,9.5,9.5,9.5,-9.0,0.7642,0.0,0.0,0.0,0.7642,0.0488,9.5,9.5,0,90.0,106.0,16.0,1.1778,1.0,1.0,1.0
MPLADS-004768,1,75.7,97.5,93.7,75.7,21.8,21.8,21.8,-14.3,0.9705,0.0,0.0,0.0,0.9705,0.0033,21.8,21.8,0,90.0,78.0,0.0,0.8667,1.0,1.0,1.0
MPLADS-004769,1,95.9,90.3,99.4,95.9,5.6,-5.6,-5.6,5.9,0.4152,0.0,0.0,0.0,0.4152,0.0447,0.0,0.0,0,210.0,231.0,21.0,1.1,1.0,1.0,1.0
MPLADS-004770,1,72.1,91.4,93.3,72.1,19.3,19.3,19.3,-17.9,0.4006,0.0,0.0,0.0,0.4006,0.0155,19.3,19.3,0,160.0,180.0,20.0,1.125,1.0,1.0,1.0
MPLADS-004771,1,99.3,97.8,99.3,99.3,1.5,-1.5,-1.5,9.3,0.4965,0.0,0.0,0.0,0.4965,-0.0163,0.0,0.0,0,180.0,200.0,20.0,1.1111,1.0,1.0,1.0
MPLADS-004772,1,80.4,88.7,96.7,80.4,8.3,8.3,8.3,-9.6,0.4843,0.0,0.0,0.0,0.4843,-0.0175,8.3,8.3,0,150.0,166.0,16.0,1.1067,1.0,1.0,1.0
MPLADS-004773,1,78.7,97.0,89.6,78.7,18.3,18.3,18.3,-11.3,0.5787,0.0,0.0,0.0,0.5787,-0.0142,18.3,18.3,0,120.0,136.0,16.0,1.1333,1.0,1.0,1.0
MPLADS-004774,1,21.3,63.4,90.4,21.3,42.1,42.1,42.1,-68.7,0.0553,0.0,0.0,0.0,0.0553,0.0345,42.1,42.1,0,400.0,385.0,0.0,0.9625,1.0,1.0,1.0
MPLADS-004775,1,42.7,90.3,84.6,42.7,47.6,47.6,47.6,-47.3,0.0667,0.0,0.0,0.0,0.0667,0.0285,47.6,47.6,4,160.0,640.0,480.0,4.0,1.0,1.0,1.0
MPLADS-004776,1,18.0,44.3,84.1,18.0,26.3,26.3,26.3,-72.0,0.1452,0.0,0.0,0.0,0.1452,0.0076,26.3,26.3,0,120.0,124.0,4.0,1.0333,1.0,1.0,1.0
MPLADS-004777,1,80.9,97.3,99.4,80.9,16.4,16.4,16.4,-9.1,0.512,0.0,0.0,0.0,0.512,0.028,16.4,16.4,0,150.0,158.0,8.0,1.0533,1.0,1.0,1.0
MPLADS-004778,1,79.8,145.4,91.7,79.8,65.6,65.6,65.6,-10.2,0.4135,0.0,0.0,0.0,0.4135,0.0136,65.6,65.6,0,180.0,193.0,13.0,1.0722,1.0,1.0,1.0
MPLADS-004779,1,79.2,90.7,89.1,79.2,11.5,11.5,11.5,-10.8,0.9659,0.0,0.0,0.0,0.9659,-0.0119,11.5,11.5,0,90.0,82.0,0.0,0.9111,1.0,1.0,1.0
MPLADS-004780,1,83.8,97.7,89.3,83.8,13.9,13.9,13.9,-6.2,0.3492,0.0,0.0,0.0,0.3492,-0.0174,13.9,13.9,0,210.0,240.0,30.0,1.1429,1.0,1.0,1.0
MPLADS-004781,1,76.3,95.0,84.1,76.3,18.7,18.7,18.7,-13.7,0.4596,0.0,0.0,0.0,0.4596,0.0081,18.7,18.7,0,160.0,166.0,6.0,1.0375,1.0,1.0,1.0
MPLADS-004782,1,81.0,85.6,97.2,81.0,4.6,4.6,4.6,-9.0,0.407,0.0,0.0,0.0,0.407,0.0197,4.6,4.6,0,210.0,199.0,0.0,0.9476,1.0,1.0,1.0
MPLADS-004783,1,87.1,94.9,92.8,87.1,7.8,7.8,7.8,-2.9,0.8539,0.0,0.0,0.0,0.8539,0.0424,7.8,7.8,0,90.0,102.0,12.0,1.1333,1.0,1.0,1.0
MPLADS-004784,1,62.9,86.3,96.2,62.9,23.4,23.4,23.4,-27.1,0.0749,0.0,0.0,0.0,0.0749,0.0462,23.4,23.4,3,210.0,840.0,630.0,4.0,1.0,1.0,1.0
MPLADS-004785,1,98.9,85.0,81.4,98.9,13.9,-13.9,-13.9,8.9,0.9073,0.0,0.0,0.0,0.9073,0.0156,0.0,0.0,0,90.0,109.0,19.0,1.2111,1.0,1.0,1.0
MPLADS-004786,1,88.3,85.9,97.6,88.3,2.4,-2.4,-2.4,-1.7,0.6007,0.0,0.0,0.0,0.6007,0.0193,0.0,0.0,0,160.0,147.0,0.0,0.9187,0.0,0.0,0.0
MPLADS-004787,1,91.5,91.2,88.6,91.5,0.3,-0.3,-0.3,1.5,0.4399,0.0,0.0,0.0,0.4399,0.0229,0.0,0.0,0,210.0,208.0,0.0,0.9905,1.0,1.0,1.0
MPLADS-004788,1,73.5,86.3,95.3,73.5,12.8,12.8,12.8,-16.5,0.4298,0.0,0.0,0.0,0.4298,0.0078,12.8,12.8,0,150.0,171.0,21.0,1.14,1.0,1.0,1.0
MPLADS-004789,1,95.9,97.8,94.9,95.9,1.9,1.9,1.9,5.9,0.2459,0.0,0.0,0.0,0.2459,0.0196,1.9,1.9,0,400.0,390.0,0.0,0.975,1.0,1.0,1.0
MPLADS-004790,1,99.9,97.2,98.2,99.9,2.7,-2.7,-2.7,9.9,1.0742,0.0,0.0,0.0,1.0742,0.0017,0.0,0.0,0,60.0,93.0,33.0,1.55,1.0,1.0,1.0
MPLADS-004791,1,52.3,93.1,83.9,52.3,40.8,40.8,40.8,-37.7,0.1162,0.0,0.0,0.0,0.1162,0.0124,40.8,40.8,3,150.0,450.0,300.0,3.0,1.0,1.0,1.0
MPLADS-004792,1,80.8,97.6,91.1,80.8,16.8,16.8,16.8,-9.2,1.0359,0.0,0.0,0.0,1.0359,0.041,16.8,16.8,0,90.0,78.0,0.0,0.8667,1.0,1.0,1.0
MPLADS-004793,1,70.8,89.0,96.1,70.8,18.2,18.2,18.2,-19.2,0.424,0.0,0.0,0.0,0.424,-0.0092,18.2,18.2,0,180.0,167.0,0.0,0.9278,1.0,1.0,1.0
MPLADS-004794,1,77.6,88.2,87.8,77.6,10.6,10.6,10.6,-12.4,1.0211,0.0,0.0,0.0,1.0211,0.049,10.6,10.6,0,90.0,76.0,0.0,0.8444,1.0,1.0,1.0
MPLADS-004795,1,99.2,130.3,97.1,99.2,31.1,31.1,31.1,9.2,0.5605,0.0,0.0,0.0,0.5605,0.043,31.1,31.1,0,160.0,177.0,17.0,1.1062,1.0,1.0,1.0
MPLADS-004796,1,73.1,91.4,88.6,73.1,18.3,18.3,18.3,-16.9,0.9372,0.0,0.0,0.0,0.9372,0.0238,18.3,18.3,0,60.0,78.0,18.0,1.3,1.0,1.0,1.0
MPLADS-004797,1,91.0,94.1,88.7,91.0,3.1,3.1,3.1,1.0,0.5871,0.0,0.0,0.0,0.5871,0.0004,3.1,3.1,0,150.0,155.0,5.0,1.0333,1.0,1.0,1.0
MPLADS-004798,1,73.6,90.8,99.5,73.6,17.2,17.2,17.2,-16.4,0.4329,0.0,0.0,0.0,0.4329,0.0294,17.2,17.2,0,160.0,170.0,10.0,1.0625,1.0,1.0,1.0
MPLADS-004799,1,95.0,89.9,92.2,95.0,5.1,-5.1,-5.1,5.0,0.5793,0.0,0.0,0.0,0.5793,0.0402,0.0,0.0,0,160.0,164.0,4.0,1.025,1.0,1.0,1.0
MPLADS-004800,1,88.0,86.5,96.2,88.0,1.5,-1.5,-1.5,-2.0,0.4444,0.0,0.0,0.0,0.4444,0.0186,0.0,0.0,0,180.0,198.0,18.0,1.1,1.0,1.0,1.0
MPLADS-004801,1,97.1,93.2,96.5,97.1,3.9,-3.9,-3.9,7.1,1.5172,0.0,0.0,0.0,1.5172,0.0348,0.0,0.0,0,60.0,64.0,4.0,1.0667,1.0,1.0,1.0
MPLADS-004802,1,82.9,96.6,97.9,82.9,13.7,13.7,13.7,-7.1,0.4084,0.0,0.0,0.0,0.4084,0.0011,13.7,13.7,0,180.0,203.0,23.0,1.1278,1.0,1.0,1.0
MPLADS-004803,1,77.5,90.8,99.7,77.5,13.3,13.3,13.3,-12.5,0.327,0.0,0.0,0.0,0.327,0.0169,13.3,13.3,0,210.0,237.0,27.0,1.1286,1.0,1.0,1.0
MPLADS-004804,1,86.1,97.8,92.2,86.1,11.7,11.7,11.7,-3.9,0.9674,0.0,0.0,0.0,0.9674,0.0218,11.7,11.7,0,90.0,89.0,0.0,0.9889,1.0,1.0,1.0
MPLADS-004805,1,96.8,89.5,83.0,96.8,7.3,-7.3,-7.3,6.8,0.9308,0.0,0.0,0.0,0.9308,0.0366,0.0,0.0,0,90.0,104.0,14.0,1.1556,1.0,1.0,1.0
MPLADS-004806,1,93.3,98.0,85.6,93.3,4.7,4.7,4.7,3.3,0.2304,0.0,0.0,0.0,0.2304,-0.014,4.7,4.7,0,400.0,405.0,5.0,1.0125,1.0,1.0,1.0
MPLADS-004807,1,78.0,91.7,90.2,78.0,13.7,13.7,13.7,-12.0,0.5693,0.0,0.0,0.0,0.5693,0.0455,13.7,13.7,0,120.0,137.0,17.0,1.1417,1.0,1.0,1.0
MPLADS-004808,1,95.8,97.9,84.4,95.8,2.1,2.1,2.1,5.8,0.5702,0.0,0.0,0.0,0.5702,-0.0041,2.1,2.1,0,160.0,168.0,8.0,1.05,1.0,1.0,1.0
MPLADS-004809,1,94.3,91.2,91.7,94.3,3.1,-3.1,-3.1,4.3,0.4715,0.0,0.0,0.0,0.4715,0.0036,0.0,0.0,0,180.0,200.0,20.0,1.1111,1.0,1.0,1.0
MPLADS-004810,1,86.7,95.6,92.3,86.7,8.9,8.9,8.9,-3.3,0.4898,0.0,0.0,0.0,0.4898,0.0059,8.9,8.9,0,160.0,177.0,17.0,1.1062,1.0,1.0,1.0
MPLADS-004811,1,16.3,91.0,82.7,16.3,74.7,74.7,74.7,-73.7,0.0994,0.0,0.0,0.0,0.0994,-0.0041,74.7,74.7,0,160.0,164.0,4.0,1.025,1.0,1.0,0.0
MPLADS-004812,1,23.1,89.4,90.7,23.1,66.3,66.3,66.3,-66.9,0.1805,0.0,0.0,0.0,0.1805,0.0329,66.3,66.3,0,120.0,128.0,8.0,1.0667,1.0,1.0,0.0
MPLADS-004813,1,87.3,89.1,86.6,87.3,1.8,1.8,1.8,-2.7,0.6326,0.0,0.0,0.0,0.6326,0.0019,1.8,1.8,0,120.0,138.0,18.0,1.15,1.0,1.0,1.0
MPLADS-004814,1,91.5,92.7,97.1,91.5,1.2,1.2,1.2,1.5,0.5446,0.0,0.0,0.0,0.5446,0.0376,1.2,1.2,0,180.0,168.0,0.0,0.9333,1.0,1.0,1.0
MPLADS-004815,1,83.1,89.5,84.0,83.1,6.4,6.4,6.4,-6.9,0.5194,0.0,0.0,0.0,0.5194,0.0397,6.4,6.4,0,150.0,160.0,10.0,1.0667,1.0,1.0,1.0
MPLADS-004816,1,84.0,86.7,86.6,84.0,2.7,2.7,2.7,-6.0,0.8317,0.0,0.0,0.0,0.8317,0.0052,2.7,2.7,0,90.0,101.0,11.0,1.1222,1.0,1.0,1.0
MPLADS-004817,1,90.7,96.6,92.3,90.7,5.9,5.9,5.9,0.7,0.3763,0.0,0.0,0.0,0.3763,0.0243,5.9,5.9,0,210.0,241.0,31.0,1.1476,1.0,1.0,1.0
MPLADS-004818,1,0.0,100.0,97.2,0.0,100.0,100.0,100.0,-90.0,0.0,0.0,0.0,0.0,0.0,-0.0114,100.0,100.0,0,160.0,149.0,0.0,0.9313,0.0,0.0,0.0
MPLADS-004819,1,72.9,85.5,81.7,72.9,12.6,12.6,12.6,-17.1,0.5245,0.0,0.0,0.0,0.5245,0.0495,12.6,12.6,0,150.0,139.0,0.0,0.9267,1.0,1.0,1.0
MPLADS-004820,1,92.2,93.3,87.8,92.2,1.1,1.1,1.1,2.2,0.5554,0.0,0.0,0.0,0.5554,0.0308,1.1,1.1,0,150.0,166.0,16.0,1.1067,1.0,1.0,1.0
MPLADS-004821,1,72.7,86.7,94.4,72.7,14.0,14.0,14.0,-17.3,0.577,0.0,0.0,0.0,0.577,-0.0146,14.0,14.0,0,120.0,126.0,6.0,1.05,1.0,1.0,1.0
MPLADS-004822,1,83.7,95.3,93.1,83.7,11.6,11.6,11.6,-6.3,0.481,0.0,0.0,0.0,0.481,0.0372,11.6,11.6,0,150.0,174.0,24.0,1.16,1.0,1.0,1.0
MPLADS-004823,1,10.1,46.8,81.9,10.1,36.7,36.7,36.7,-79.9,0.1312,0.0,0.0,0.0,0.1312,-0.0052,36.7,36.7,0,90.0,77.0,0.0,0.8556,1.0,1.0,1.0
MPLADS-004824,1,98.6,85.0,85.3,98.6,13.6,-13.6,-13.6,8.6,0.4905,0.0,0.0,0.0,0.4905,0.0183,0.0,0.0,0,210.0,201.0,0.0,0.9571,1.0,1.0,1.0
MPLADS-004825,1,78.2,88.8,91.1,78.2,10.6,10.6,10.6,-11.8,0.397,0.0,0.0,0.0,0.397,-0.0037,10.6,10.6,0,180.0,197.0,17.0,1.0944,1.0,1.0,1.0
MPLADS-004826,1,77.1,91.9,99.7,77.1,14.8,14.8,14.8,-12.9,0.4213,0.0,0.0,0.0,0.4213,0.0229,14.8,14.8,0,180.0,183.0,3.0,1.0167,1.0,1.0,1.0
MPLADS-004827,1,78.0,89.9,86.8,78.0,11.9,11.9,11.9,-12.0,0.6393,0.0,0.0,0.0,0.6393,0.0009,11.9,11.9,0,90.0,122.0,32.0,1.3556,1.0,1.0,1.0
MPLADS-004828,1,78.7,88.8,83.0,78.7,10.1,10.1,10.1,-11.3,0.539,0.0,0.0,0.0,0.539,0.0254,10.1,10.1,0,160.0,146.0,0.0,0.9125,1.0,1.0,1.0
MPLADS-004829,1,85.0,87.0,97.4,85.0,2.0,2.0,2.0,-5.0,0.6855,0.0,0.0,0.0,0.6855,0.0088,2.0,2.0,0,90.0,124.0,34.0,1.3778,1.0,1.0,1.0
MPLADS-004830,1,74.5,97.9,87.6,74.5,23.4,23.4,23.4,-15.5,0.1761,0.0,0.0,0.0,0.1761,0.0101,23.4,23.4,0,400.0,423.0,23.0,1.0575,1.0,1.0,1.0
MPLADS-004831,1,91.3,93.8,99.2,91.3,2.5,2.5,2.5,1.3,0.2179,0.0,0.0,0.0,0.2179,0.0472,2.5,2.5,0,400.0,419.0,19.0,1.0475,1.0,1.0,1.0
MPLADS-004832,1,93.7,155.3,92.5,93.7,61.6,61.6,61.6,3.7,0.6741,0.0,0.0,0.0,0.6741,0.0481,61.6,61.6,0,120.0,139.0,19.0,1.1583,1.0,1.0,1.0
MPLADS-004833,1,17.5,85.4,83.9,17.5,67.9,67.9,67.9,-72.5,0.1144,0.0,0.0,0.0,0.1144,-0.0175,67.9,67.9,0,160.0,153.0,0.0,0.9563,1.0,1.0,0.0
MPLADS-004834,1,80.0,92.3,82.2,80.0,12.3,12.3,12.3,-10.0,0.203,0.0,0.0,0.0,0.203,0.0158,12.3,12.3,0,400.0,394.0,0.0,0.985,1.0,1.0,1.0
MPLADS-004835,1,77.5,146.8,92.7,77.5,69.3,69.3,69.3,-12.5,0.3539,0.0,0.0,0.0,0.3539,0.0172,69.3,69.3,0,210.0,219.0,9.0,1.0429,1.0,1.0,1.0
MPLADS-004836,1,42.2,89.1,86.6,42.2,46.9,46.9,46.9,-47.8,0.0703,0.0,0.0,0.0,0.0703,0.0177,46.9,46.9,4,150.0,600.0,450.0,4.0,1.0,1.0,1.0
MPLADS-004837,1,81.7,95.9,95.4,81.7,14.2,14.2,14.2,-8.3,0.592,0.0,0.0,0.0,0.592,-0.0156,14.2,14.2,0,150.0,138.0,0.0,0.92,1.0,1.0,1.0
MPLADS-004838,1,0.0,100.0,91.0,0.0,100.0,100.0,100.0,-90.0,0.0,0.0,0.0,0.0,0.0,0.0157,100.0,100.0,0,160.0,153.0,0.0,0.9563,0.0,0.0,0.0
MPLADS-004839,1,80.4,85.1,80.8,80.4,4.7,4.7,4.7,-9.6,0.3903,0.0,0.0,0.0,0.3903,-0.006,4.7,4.7,0,210.0,206.0,0.0,0.981,1.0,1.0,1.0
MPLADS-004840,1,19.7,95.2,93.1,19.7,75.5,75.5,75.5,-70.3,0.1166,0.0,0.0,0.0,0.1166,0.0467,75.5,75.5,0,180.0,169.0,0.0,0.9389,1.0,1.0,0.0
MPLADS-004841,1,95.1,89.8,82.2,95.1,5.3,-5.3,-5.3,5.1,0.6993,0.0,0.0,0.0,0.6993,-0.0026,0.0,0.0,0,120.0,136.0,16.0,1.1333,1.0,1.0,1.0
MPLADS-004842,1,87.1,86.7,97.9,87.1,0.4,-0.4,-0.4,-2.9,0.3941,0.0,0.0,0.0,0.3941,0.0054,0.0,0.0,0,210.0,221.0,11.0,1.0524,1.0,1.0,1.0
MPLADS-004843,1,79.6,87.0,98.8,79.6,7.4,7.4,7.4,-10.4,0.5342,0.0,0.0,0.0,0.5342,-0.016,7.4,7.4,0,160.0,149.0,0.0,0.9313,1.0,1.0,1.0
MPLADS-004844,1,87.9,91.5,81.7,87.9,3.6,3.6,3.6,-2.1,0.7848,0.0,0.0,0.0,0.7848,-0.0001,3.6,3.6,0,120.0,112.0,0.0,0.9333,1.0,1.0,1.0
MPLADS-004845,1,32.2,93.3,89.9,32.2,61.1,61.1,61.1,-57.8,0.2368,0.0,0.0,0.0,0.2368,0.0435,61.1,61.1,0,120.0,136.0,16.0,1.1333,1.0,1.0,0.0
MPLADS-004846,1,82.9,87.8,83.5,82.9,4.9,4.9,4.9,-7.1,0.2153,0.0,0.0,0.0,0.2153,0.0166,4.9,4.9,0,400.0,385.0,0.0,0.9625,1.0,1.0,1.0
MPLADS-004847,1,92.5,93.2,88.1,92.5,0.7,0.7,0.7,2.5,0.4602,0.0,0.0,0.0,0.4602,0.0288,0.7,0.7,0,210.0,201.0,0.0,0.9571,1.0,1.0,1.0
MPLADS-004848,1,73.1,88.4,84.7,73.1,15.3,15.3,15.3,-16.9,0.3432,0.0,0.0,0.0,0.3432,0.0307,15.3,15.3,0,180.0,213.0,33.0,1.1833,1.0,1.0,1.0
MPLADS-004849,1,93.9,90.5,87.2,93.9,3.4,-3.4,-3.4,3.9,0.5188,0.0,0.0,0.0,0.5188,0.03,0.0,0.0,0,150.0,181.0,31.0,1.2067,1.0,1.0,1.0
MPLADS-004850,1,92.8,88.8,93.4,92.8,4.0,-4.0,-4.0,2.8,0.5836,0.0,0.0,0.0,0.5836,0.0008,0.0,0.0,0,160.0,159.0,0.0,0.9938,1.0,1.0,1.0
MPLADS-004851,1,98.5,88.4,95.8,98.5,10.1,-10.1,-10.1,8.5,0.4498,0.0,0.0,0.0,0.4498,0.0295,0.0,0.0,0,210.0,219.0,9.0,1.0429,1.0,1.0,1.0
MPLADS-004852,1,79.6,87.4,98.4,79.6,7.8,7.8,7.8,-10.4,0.3262,0.0,0.0,0.0,0.3262,0.0401,7.8,7.8,0,210.0,244.0,34.0,1.1619,1.0,1.0,1.0
MPLADS-004853,1,70.7,89.3,84.9,70.7,18.6,18.6,18.6,-19.3,0.5941,0.0,0.0,0.0,0.5941,0.0281,18.6,18.6,0,90.0,119.0,29.0,1.3222,1.0,1.0,1.0
MPLADS-004854,1,22.7,90.0,88.4,22.7,67.3,67.3,67.3,-67.3,0.1746,0.0,0.0,0.0,0.1746,0.0446,67.3,67.3,0,120.0,130.0,10.0,1.0833,1.0,1.0,0.0
MPLADS-004855,1,77.8,95.3,98.4,77.8,17.5,17.5,17.5,-12.2,0.8841,0.0,0.0,0.0,0.8841,0.0012,17.5,17.5,0,60.0,88.0,28.0,1.4667,1.0,1.0,1.0
MPLADS-004856,1,97.2,86.3,95.9,97.2,10.9,-10.9,-10.9,7.2,0.7364,0.0,0.0,0.0,0.7364,0.003,0.0,0.0,0,120.0,132.0,12.0,1.1,1.0,1.0,1.0
MPLADS-004857,1,84.3,87.7,98.6,84.3,3.4,3.4,3.4,-5.7,0.2118,0.0,0.0,0.0,0.2118,0.0159,3.4,3.4,0,400.0,398.0,0.0,0.995,1.0,1.0,1.0
MPLADS-004858,1,17.1,88.8,96.2,17.1,71.7,71.7,71.7,-72.9,0.1024,0.0,0.0,0.0,0.1024,0.036,71.7,71.7,0,180.0,167.0,0.0,0.9278,1.0,1.0,0.0
MPLADS-004859,1,90.4,93.3,92.9,90.4,2.9,2.9,2.9,0.4,0.7597,0.0,0.0,0.0,0.7597,0.0279,2.9,2.9,0,120.0,119.0,0.0,0.9917,1.0,1.0,1.0
MPLADS-004860,1,76.2,90.7,97.3,76.2,14.5,14.5,14.5,-13.8,0.508,0.0,0.0,0.0,0.508,0.039,14.5,14.5,0,120.0,150.0,30.0,1.25,1.0,1.0,1.0
MPLADS-004861,1,82.6,149.7,94.2,82.6,67.1,67.1,67.1,-7.4,0.4325,0.0,0.0,0.0,0.4325,0.0032,67.1,67.1,0,160.0,191.0,31.0,1.1938,1.0,1.0,1.0
MPLADS-004862,1,88.2,90.6,81.6,88.2,2.4,2.4,2.4,-1.8,0.4366,0.0,0.0,0.0,0.4366,0.0222,2.4,2.4,0,180.0,202.0,22.0,1.1222,1.0,1.0,1.0
MPLADS-004863,1,95.0,93.1,93.8,95.0,1.9,-1.9,-1.9,5.0,1.25,0.0,0.0,0.0,1.25,0.0276,0.0,0.0,0,60.0,76.0,16.0,1.2667,1.0,1.0,1.0
MPLADS-004864,1,87.5,88.0,87.7,87.5,0.5,0.5,0.5,-2.5,0.4581,0.0,0.0,0.0,0.4581,0.0424,0.5,0.5,0,160.0,191.0,31.0,1.1938,1.0,1.0,1.0
MPLADS-004865,1,98.1,89.3,86.0,98.1,8.8,-8.8,-8.8,8.1,0.6719,0.0,0.0,0.0,0.6719,-0.0187,0.0,0.0,0,150.0,146.0,0.0,0.9733,1.0,1.0,1.0
MPLADS-004866,1,88.8,93.4,95.7,88.8,4.6,4.6,4.6,-1.2,0.4906,0.0,0.0,0.0,0.4906,0.0159,4.6,4.6,0,180.0,181.0,1.0,1.0056,1.0,1.0,1.0
MPLADS-004867,1,84.0,86.2,93.7,84.0,2.2,2.2,2.2,-6.0,0.4398,0.0,0.0,0.0,0.4398,0.0202,2.2,2.2,0,180.0,191.0,11.0,1.0611,1.0,1.0,1.0
MPLADS-004868,1,83.4,86.8,92.4,83.4,3.4,3.4,3.4,-6.6,0.2133,0.0,0.0,0.0,0.2133,0.0361,3.4,3.4,0,400.0,391.0,0.0,0.9775,1.0,1.0,1.0
MPLADS-004869,1,80.5,88.8,95.3,80.5,8.3,8.3,8.3,-9.5,0.5403,0.0,0.0,0.0,0.5403,0.0109,8.3,8.3,0,150.0,149.0,0.0,0.9933,1.0,1.0,1.0
MPLADS-004870,1,70.5,138.7,85.7,70.5,68.2,68.2,68.2,-19.5,0.1703,0.0,0.0,0.0,0.1703,0.0311,68.2,68.2,0,400.0,414.0,14.0,1.035,1.0,1.0,1.0
MPLADS-004871,1,99.7,90.6,98.2,99.7,9.1,-9.1,-9.1,9.7,0.4172,0.0,0.0,0.0,0.4172,-0.0089,0.0,0.0,0,210.0,239.0,29.0,1.1381,1.0,1.0,1.0
MPLADS-004872,1,81.7,94.5,85.2,81.7,12.8,12.8,12.8,-8.3,0.5794,0.0,0.0,0.0,0.5794,-0.0067,12.8,12.8,0,150.0,141.0,0.0,0.94,1.0,1.0,1.0
MPLADS-004873,1,80.9,94.2,95.5,80.9,13.3,13.3,13.3,-9.1,1.0506,0.0,0.0,0.0,1.0506,0.0062,13.3,13.3,0,90.0,77.0,0.0,0.8556,1.0,1.0,1.0
MPLADS-004874,1,73.2,90.1,96.4,73.2,16.9,16.9,16.9,-16.8,0.4913,0.0,0.0,0.0,0.4913,0.0316,16.9,16.9,0,150.0,149.0,0.0,0.9933,1.0,1.0,1.0
MPLADS-004875,1,22.3,53.6,82.7,22.3,31.3,31.3,31.3,-67.7,0.1083,0.0,0.0,0.0,0.1083,-0.003,31.3,31.3,0,210.0,206.0,0.0,0.981,1.0,1.0,1.0
MPLADS-004876,1,74.8,95.8,98.7,74.8,21.0,21.0,21.0,-15.2,0.1918,0.0,0.0,0.0,0.1918,0.0255,21.0,21.0,0,400.0,390.0,0.0,0.975,1.0,1.0,1.0
MPLADS-004877,1,98.2,90.8,90.6,98.2,7.4,-7.4,-7.4,8.2,0.4861,0.0,0.0,0.0,0.4861,0.0191,0.0,0.0,0,180.0,202.0,22.0,1.1222,1.0,1.0,1.0
MPLADS-004878,1,86.2,96.1,86.1,86.2,9.9,9.9,9.9,-3.8,0.3653,0.0,0.0,0.0,0.3653,-0.0124,9.9,9.9,0,210.0,236.0,26.0,1.1238,1.0,1.0,1.0
MPLADS-004879,1,26.4,95.1,90.3,26.4,68.7,68.7,68.7,-63.6,0.2378,0.0,0.0,0.0,0.2378,0.0426,68.7,68.7,0,120.0,111.0,0.0,0.925,1.0,1.0,0.0
MPLADS-004880,1,72.2,88.1,80.3,72.2,15.9,15.9,15.9,-17.8,0.5194,0.0,0.0,0.0,0.5194,-0.01,15.9,15.9,0,120.0,139.0,19.0,1.1583,1.0,1.0,1.0
MPLADS-004881,1,72.8,93.7,90.5,72.8,20.9,20.9,20.9,-17.2,0.7,0.0,0.0,0.0,0.7,0.0429,20.9,20.9,0,90.0,104.0,14.0,1.1556,1.0,1.0,1.0
MPLADS-004882,1,82.3,92.8,84.8,82.3,10.5,10.5,10.5,-7.7,0.4988,0.0,0.0,0.0,0.4988,-0.0001,10.5,10.5,0,180.0,165.0,0.0,0.9167,1.0,1.0,1.0
MPLADS-004883,1,78.9,91.1,98.6,78.9,12.2,12.2,12.2,-11.1,0.5191,0.0,0.0,0.0,0.5191,0.0465,12.2,12.2,0,160.0,152.0,0.0,0.95,1.0,1.0,1.0
MPLADS-004884,1,0.0,100.0,86.1,0.0,100.0,100.0,100.0,-90.0,0.0,0.0,0.0,0.0,0.0,0.0283,100.0,100.0,0,160.0,179.0,19.0,1.1187,0.0,0.0,0.0
MPLADS-004885,1,34.8,96.1,83.1,34.8,61.3,61.3,61.3,-55.2,0.3053,0.0,0.0,0.0,0.3053,0.0253,61.3,61.3,0,120.0,114.0,0.0,0.95,1.0,1.0,0.0
MPLADS-004886,1,16.4,95.8,83.4,16.4,79.4,79.4,79.4,-73.6,0.0397,0.0,0.0,0.0,0.0397,0.0115,79.4,79.4,0,400.0,413.0,13.0,1.0325,1.0,1.0,0.0
MPLADS-004887,1,20.6,92.7,98.1,20.6,72.1,72.1,72.1,-69.4,0.1096,0.0,0.0,0.0,0.1096,-0.0125,72.1,72.1,0,160.0,188.0,28.0,1.175,1.0,1.0,0.0
MPLADS-004888,1,13.2,48.5,86.1,13.2,35.3,35.3,35.3,-76.8,0.0772,0.0,0.0,0.0,0.0772,0.027,35.3,35.3,0,160.0,171.0,11.0,1.0688,1.0,1.0,1.0
MPLADS-004889,1,73.4,97.3,98.7,73.4,23.9,23.9,23.9,-16.6,0.4829,0.0,0.0,0.0,0.4829,-0.0114,23.9,23.9,0,150.0,152.0,2.0,1.0133,1.0,1.0,1.0
MPLADS-004890,1,74.1,92.4,91.1,74.1,18.3,18.3,18.3,-15.9,0.1544,0.0,0.0,0.0,0.1544,-0.0014,18.3,18.3,3,160.0,480.0,320.0,3.0,1.0,1.0,1.0
MPLADS-004891,1,73.0,91.2,90.4,73.0,18.2,18.2,18.2,-17.0,0.9481,0.0,0.0,0.0,0.9481,0.0448,18.2,18.2,0,60.0,77.0,17.0,1.2833,1.0,1.0,1.0
MPLADS-004892,1,79.6,87.7,91.7,79.6,8.1,8.1,8.1,-10.4,0.5272,0.0,0.0,0.0,0.5272,-0.001,8.1,8.1,0,120.0,151.0,31.0,1.2583,1.0,1.0,1.0
MPLADS-004893,1,80.1,90.2,92.9,80.1,10.1,10.1,10.1,-9.9,0.646,0.0,0.0,0.0,0.646,-0.0126,10.1,10.1,0,120.0,124.0,4.0,1.0333,1.0,1.0,1.0
MPLADS-004894,1,85.9,95.5,96.1,85.9,9.6,9.6,9.6,-4.1,0.4338,0.0,0.0,0.0,0.4338,0.0478,9.6,9.6,0,180.0,198.0,18.0,1.1,1.0,1.0,1.0
MPLADS-004895,1,84.6,95.2,83.3,84.6,10.6,10.6,10.6,-5.4,0.5066,0.0,0.0,0.0,0.5066,0.0164,10.6,10.6,0,150.0,167.0,17.0,1.1133,1.0,1.0,1.0
MPLADS-004896,1,70.4,97.7,87.0,70.4,27.3,27.3,27.3,-19.6,0.1764,0.0,0.0,0.0,0.1764,0.0081,27.3,27.3,0,400.0,399.0,0.0,0.9975,1.0,1.0,1.0
MPLADS-004897,1,93.0,94.5,92.6,93.0,1.5,1.5,1.5,3.0,0.417,0.0,0.0,0.0,0.417,0.0272,1.5,1.5,0,210.0,223.0,13.0,1.0619,1.0,1.0,1.0
MPLADS-004898,1,78.8,93.1,91.2,78.8,14.3,14.3,14.3,-11.2,0.4104,0.0,0.0,0.0,0.4104,-0.0057,14.3,14.3,0,160.0,192.0,32.0,1.2,1.0,1.0,1.0
MPLADS-004899,1,81.8,94.7,83.3,81.8,12.9,12.9,12.9,-8.2,0.9624,0.0,0.0,0.0,0.9624,0.033,12.9,12.9,0,90.0,85.0,0.0,0.9444,1.0,1.0,1.0
MPLADS-004900,1,98.1,92.3,91.5,98.1,5.8,-5.8,-5.8,8.1,1.4642,0.0,0.0,0.0,1.4642,0.0416,0.0,0.0,0,60.0,67.0,7.0,1.1167,1.0,1.0,1.0
MPLADS-004901,1,74.4,96.7,92.5,74.4,22.3,22.3,22.3,-15.6,0.8651,0.0,0.0,0.0,0.8651,0.0458,22.3,22.3,0,60.0,86.0,26.0,1.4333,1.0,1.0,1.0
MPLADS-004902,1,82.1,94.0,98.6,82.1,11.9,11.9,11.9,-7.9,0.4276,0.0,0.0,0.0,0.4276,0.0432,11.9,11.9,0,180.0,192.0,12.0,1.0667,1.0,1.0,1.0
MPLADS-004903,1,81.2,91.4,91.5,81.2,10.2,10.2,10.2,-8.8,0.7061,0.0,0.0,0.0,0.7061,0.0189,10.2,10.2,0,90.0,115.0,25.0,1.2778,1.0,1.0,1.0
MPLADS-004904,1,99.8,89.9,88.3,99.8,9.9,-9.9,-9.9,9.8,0.594,0.0,0.0,0.0,0.594,-0.0179,0.0,0.0,0,150.0,168.0,18.0,1.12,1.0,1.0,1.0
MPLADS-004905,1,71.7,87.8,95.9,71.7,16.1,16.1,16.1,-18.3,0.9434,0.0,0.0,0.0,0.9434,0.035,16.1,16.1,0,60.0,76.0,16.0,1.2667,1.0,1.0,1.0
MPLADS-004906,1,84.5,96.1,92.0,84.5,11.6,11.6,11.6,-5.5,0.5348,0.0,0.0,0.0,0.5348,0.0395,11.6,11.6,0,160.0,158.0,0.0,0.9875,1.0,1.0,1.0
MPLADS-004907,1,83.6,93.0,92.6,83.6,9.4,9.4,9.4,-6.4,0.2029,0.0,0.0,0.0,0.2029,-0.009,9.4,9.4,0,400.0,412.0,12.0,1.03,1.0,1.0,1.0
MPLADS-004908,1,87.9,95.7,86.6,87.9,7.8,7.8,7.8,-2.1,0.2192,0.0,0.0,0.0,0.2192,0.0294,7.8,7.8,0,400.0,401.0,1.0,1.0025,1.0,1.0,1.0
MPLADS-004909,1,42.7,97.9,84.7,42.7,55.2,55.2,55.2,-47.3,0.0949,0.0,0.0,0.0,0.0949,-0.0013,55.2,55.2,2,150.0,450.0,300.0,3.0,1.0,1.0,1.0
MPLADS-004910,1,94.3,92.6,84.7,94.3,1.7,-1.7,-1.7,4.3,0.403,0.0,0.0,0.0,0.403,0.0071,0.0,0.0,0,210.0,234.0,24.0,1.1143,1.0,1.0,1.0
MPLADS-004911,1,82.7,88.8,92.4,82.7,6.1,6.1,6.1,-7.3,1.7978,0.0,0.0,0.0,1.7978,0.037,6.1,6.1,0,60.0,46.0,0.0,0.7667,0.0,0.0,0.0
MPLADS-004912,1,79.2,93.7,98.6,79.2,14.5,14.5,14.5,-10.8,0.8609,0.0,0.0,0.0,0.8609,0.0249,14.5,14.5,0,90.0,92.0,2.0,1.0222,1.0,1.0,1.0
MPLADS-004913,1,84.1,85.5,80.1,84.1,1.4,1.4,1.4,-5.9,0.605,0.0,0.0,0.0,0.605,-0.0008,1.4,1.4,0,120.0,139.0,19.0,1.1583,1.0,1.0,1.0
MPLADS-004914,1,79.8,85.8,92.8,79.8,6.0,6.0,6.0,-10.2,0.8489,0.0,0.0,0.0,0.8489,0.0197,6.0,6.0,0,60.0,94.0,34.0,1.5667,1.0,1.0,1.0
MPLADS-004915,1,50.6,91.5,97.2,50.6,40.9,40.9,40.9,-39.4,0.0791,0.0,0.0,0.0,0.0791,0.0317,40.9,40.9,2,160.0,640.0,480.0,4.0,1.0,1.0,1.0
MPLADS-004916,1,96.5,137.0,86.8,96.5,40.5,40.5,40.5,6.5,0.4662,0.0,0.0,0.0,0.4662,0.0246,40.5,40.5,0,210.0,207.0,0.0,0.9857,1.0,1.0,1.0
MPLADS-004917,1,78.8,96.3,88.1,78.8,17.5,17.5,17.5,-11.2,0.5589,0.0,0.0,0.0,0.5589,0.0075,17.5,17.5,0,120.0,141.0,21.0,1.175,1.0,1.0,1.0
MPLADS-004918,1,74.8,89.8,94.5,74.8,15.0,15.0,15.0,-15.2,0.3896,0.0,0.0,0.0,0.3896,-0.0094,15.0,15.0,0,180.0,192.0,12.0,1.0667,1.0,1.0,1.0
MPLADS-004919,1,72.7,85.2,85.6,72.7,12.5,12.5,12.5,-17.3,0.1711,0.0,0.0,0.0,0.1711,0.0473,12.5,12.5,0,400.0,425.0,25.0,1.0625,1.0,1.0,1.0
MPLADS-004920,1,87.0,90.8,86.7,87.0,3.8,3.8,3.8,-3.0,0.5241,0.0,0.0,0.0,0.5241,0.0282,3.8,3.8,0,160.0,166.0,6.0,1.0375,1.0,1.0,1.0
MPLADS-004921,1,94.6,91.6,91.2,94.6,3.0,-3.0,-3.0,4.6,0.2319,0.0,0.0,0.0,0.2319,-0.0103,0.0,0.0,0,400.0,408.0,8.0,1.02,1.0,1.0,1.0
MPLADS-004922,1,91.5,92.7,88.5,91.5,1.2,1.2,1.2,1.5,0.6932,0.0,0.0,0.0,0.6932,-0.0163,1.2,1.2,0,120.0,132.0,12.0,1.1,1.0,1.0,1.0
MPLADS-004923,1,70.6,91.2,83.9,70.6,20.6,20.6,20.6,-19.4,0.7674,0.0,0.0,0.0,0.7674,0.0008,20.6,20.6,0,60.0,92.0,32.0,1.5333,1.0,1.0,1.0
MPLADS-004924,1,96.0,86.8,81.8,96.0,9.2,-9.2,-9.2,6.0,0.5517,0.0,0.0,0.0,0.5517,0.0475,0.0,0.0,0,180.0,174.0,0.0,0.9667,1.0,1.0,1.0
MPLADS-004925,1,96.0,97.9,85.7,96.0,1.9,1.9,1.9,6.0,0.2254,0.0,0.0,0.0,0.2254,-0.0091,1.9,1.9,0,400.0,426.0,26.0,1.065,1.0,1.0,1.0
MPLADS-004926,1,87.9,94.8,86.0,87.9,6.9,6.9,6.9,-2.1,0.8371,0.0,0.0,0.0,0.8371,0.0405,6.9,6.9,0,90.0,105.0,15.0,1.1667,1.0,1.0,1.0
MPLADS-004927,1,98.2,132.3,87.8,98.2,34.1,34.1,34.1,8.2,0.9919,0.0,0.0,0.0,0.9919,0.0068,34.1,34.1,0,90.0,99.0,9.0,1.1,1.0,1.0,1.0
MPLADS-004928,1,97.9,90.6,82.7,97.9,7.3,-7.3,-7.3,7.9,0.4575,0.0,0.0,0.0,0.4575,0.0211,0.0,0.0,0,210.0,214.0,4.0,1.019,1.0,1.0,1.0
MPLADS-004929,1,91.1,92.8,82.4,91.1,1.7,1.7,1.7,1.1,1.1387,0.0,0.0,0.0,1.1387,0.0401,1.7,1.7,0,90.0,80.0,0.0,0.8889,1.0,1.0,1.0
MPLADS-004930,1,83.6,97.5,95.1,83.6,13.9,13.9,13.9,-6.4,0.727,0.0,0.0,0.0,0.727,0.019,13.9,13.9,0,120.0,115.0,0.0,0.9583,1.0,1.0,1.0
MPLADS-004931,1,96.3,86.1,84.5,96.3,10.2,-10.2,-10.2,6.3,0.5503,0.0,0.0,0.0,0.5503,-0.0172,0.0,0.0,0,180.0,175.0,0.0,0.9722,0.0,0.0,0.0
MPLADS-004932,1,85.0,93.1,81.5,85.0,8.1,8.1,8.1,-5.0,0.512,0.0,0.0,0.0,0.512,-0.0085,8.1,8.1,0,180.0,166.0,0.0,0.9222,1.0,1.0,1.0
MPLADS-004933,1,95.1,87.9,81.3,95.1,7.2,-7.2,-7.2,5.1,0.4803,0.0,0.0,0.0,0.4803,0.0457,0.0,0.0,0,180.0,198.0,18.0,1.1,1.0,1.0,1.0
MPLADS-004934,1,74.4,96.1,82.6,74.4,21.7,21.7,21.7,-15.6,0.3815,0.0,0.0,0.0,0.3815,-0.0067,21.7,21.7,0,180.0,195.0,15.0,1.0833,1.0,1.0,1.0
MPLADS-004935,1,84.0,144.2,83.9,84.0,60.2,60.2,60.2,-6.0,0.506,0.0,0.0,0.0,0.506,0.0363,60.2,60.2,0,180.0,166.0,0.0,0.9222,1.0,1.0,1.0
MPLADS-004936,1,77.5,95.1,83.9,77.5,17.6,17.6,17.6,-12.5,0.1877,0.0,0.0,0.0,0.1877,-0.0026,17.6,17.6,0,400.0,413.0,13.0,1.0325,1.0,1.0,1.0
MPLADS-004937,1,15.6,87.3,96.7,15.6,71.7,71.7,71.7,-74.4,0.0843,0.0,0.0,0.0,0.0843,-0.0119,71.7,71.7,0,180.0,185.0,5.0,1.0278,1.0,1.0,0.0
MPLADS-004938,1,91.5,89.9,80.7,91.5,1.6,-1.6,-1.6,1.5,0.4178,0.0,0.0,0.0,0.4178,-0.0126,0.0,0.0,0,210.0,219.0,9.0,1.0429,1.0,1.0,1.0
MPLADS-004939,1,97.5,87.7,96.2,97.5,9.8,-9.8,-9.8,7.5,0.5603,0.0,0.0,0.0,0.5603,0.0184,0.0,0.0,0,160.0,174.0,14.0,1.0875,1.0,1.0,1.0
MPLADS-004940,1,83.2,89.4,96.3,83.2,6.2,6.2,6.2,-6.8,0.9043,0.0,0.0,0.0,0.9043,0.0339,6.2,6.2,0,60.0,92.0,32.0,1.5333,1.0,1.0,1.0
MPLADS-004941,1,73.4,87.4,99.0,73.4,14.0,14.0,14.0,-16.6,0.7978,0.0,0.0,0.0,0.7978,0.0482,14.0,14.0,0,90.0,92.0,2.0,1.0222,1.0,1.0,1.0
MPLADS-004942,1,74.7,91.1,85.9,74.7,16.4,16.4,16.4,-15.3,0.442,0.0,0.0,0.0,0.442,0.0283,16.4,16.4,0,160.0,169.0,9.0,1.0562,1.0,1.0,1.0
MPLADS-004943,1,89.5,129.3,86.2,89.5,39.8,39.8,39.8,-0.5,0.3858,0.0,0.0,0.0,0.3858,-0.0038,39.8,39.8,0,210.0,232.0,22.0,1.1048,1.0,1.0,1.0
MPLADS-004944,1,28.9,86.7,91.4,28.9,57.8,57.8,57.8,-61.1,0.247,0.0,0.0,0.0,0.247,0.0283,57.8,57.8,0,120.0,117.0,0.0,0.975,1.0,1.0,0.0
MPLADS-004945,1,71.0,95.5,84.2,71.0,24.5,24.5,24.5,-19.0,0.4702,0.0,0.0,0.0,0.4702,0.0474,24.5,24.5,0,120.0,151.0,31.0,1.2583,1.0,1.0,1.0
MPLADS-004946,1,90.3,96.8,98.9,90.3,6.5,6.5,6.5,0.3,0.9406,0.0,0.0,0.0,0.9406,0.0463,6.5,6.5,0,90.0,96.0,6.0,1.0667,1.0,1.0,1.0
MPLADS-004947,1,89.9,90.3,88.4,89.9,0.4,0.4,0.4,-0.1,0.5515,0.0,0.0,0.0,0.5515,0.0407,0.4,0.4,0,150.0,163.0,13.0,1.0867,1.0,1.0,1.0
MPLADS-004948,1,80.5,85.9,91.4,80.5,5.4,5.4,5.4,-9.5,1.0321,0.0,0.0,0.0,1.0321,0.0467,5.4,5.4,0,90.0,78.0,0.0,0.8667,1.0,1.0,1.0
MPLADS-004949,1,82.4,88.7,93.6,82.4,6.3,6.3,6.3,-7.6,1.2677,0.0,0.0,0.0,1.2677,0.0099,6.3,6.3,0,60.0,65.0,5.0,1.0833,1.0,1.0,1.0
MPLADS-004950,1,84.3,85.4,97.4,84.3,1.1,1.1,1.1,-5.7,0.4301,0.0,0.0,0.0,0.4301,0.0475,1.1,1.1,0,180.0,196.0,16.0,1.0889,1.0,1.0,1.0
MPLADS-004951,1,80.3,92.1,97.8,80.3,11.8,11.8,11.8,-9.7,0.3995,0.0,0.0,0.0,0.3995,-0.0052,11.8,11.8,0,180.0,201.0,21.0,1.1167,1.0,1.0,1.0
MPLADS-004952,1,85.5,157.9,94.4,85.5,72.4,72.4,72.4,-4.5,0.3783,0.0,0.0,0.0,0.3783,0.0382,72.4,72.4,0,210.0,226.0,16.0,1.0762,1.0,1.0,1.0
MPLADS-004953,1,73.2,92.1,84.6,73.2,18.9,18.9,18.9,-16.8,0.6655,0.0,0.0,0.0,0.6655,-0.0037,18.9,18.9,0,90.0,110.0,20.0,1.2222,1.0,1.0,1.0
MPLADS-004954,1,91.6,85.2,92.5,91.6,6.4,-6.4,-6.4,1.6,0.6026,0.0,0.0,0.0,0.6026,0.0217,0.0,0.0,0,150.0,152.0,2.0,1.0133,1.0,1.0,1.0
MPLADS-004955,1,93.1,94.3,96.5,93.1,1.2,1.2,1.2,3.1,0.4455,0.0,0.0,0.0,0.4455,0.0144,1.2,1.2,0,210.0,209.0,0.0,0.9952,1.0,1.0,1.0
MPLADS-004956,1,95.1,95.1,86.5,95.1,0.0,0.0,0.0,5.1,0.5695,0.0,0.0,0.0,0.5695,0.0176,0.0,0.0,0,150.0,167.0,17.0,1.1133,1.0,1.0,1.0
MPLADS-004957,1,82.1,97.2,85.7,82.1,15.1,15.1,15.1,-7.9,0.3854,0.0,0.0,0.0,0.3854,-0.0154,15.1,15.1,0,180.0,213.0,33.0,1.1833,1.0,1.0,1.0
MPLADS-004958,1,49.5,90.7,85.8,49.5,41.2,41.2,41.2,-40.5,0.0825,0.0,0.0,0.0,0.0825,0.0413,41.2,41.2,4,150.0,600.0,450.0,4.0,1.0,1.0,1.0
MPLADS-004959,1,92.1,95.3,92.7,92.1,3.2,3.2,3.2,2.1,0.5033,0.0,0.0,0.0,0.5033,0.01,3.2,3.2,0,160.0,183.0,23.0,1.1438,1.0,1.0,1.0
MPLADS-004960,1,75.0,92.0,82.7,75.0,17.0,17.0,17.0,-15.0,0.7812,0.0,0.0,0.0,0.7812,0.0185,17.0,17.0,0,90.0,96.0,6.0,1.0667,1.0,1.0,1.0
MPLADS-004961,1,91.5,89.9,86.8,91.5,1.6,-1.6,-1.6,1.5,0.3961,0.0,0.0,0.0,0.3961,0.0147,0.0,0.0,0,210.0,231.0,21.0,1.1,1.0,1.0,1.0
MPLADS-004962,1,85.4,89.1,86.4,85.4,3.7,3.7,3.7,-4.6,0.4641,0.0,0.0,0.0,0.4641,0.0184,3.7,3.7,0,180.0,184.0,4.0,1.0222,1.0,1.0,1.0
MPLADS-004963,1,91.8,88.3,93.8,91.8,3.5,-3.5,-3.5,1.8,0.5464,0.0,0.0,0.0,0.5464,0.0441,0.0,0.0,0,150.0,168.0,18.0,1.12,1.0,1.0,1.0
MPLADS-004964,1,92.0,93.7,91.0,92.0,1.7,1.7,1.7,2.0,0.6667,0.0,0.0,0.0,0.6667,0.0115,1.7,1.7,0,150.0,138.0,0.0,0.92,1.0,1.0,1.0
MPLADS-004965,1,96.6,90.6,86.7,96.6,6.0,-6.0,-6.0,6.6,1.15,0.0,0.0,0.0,1.15,0.0471,0.0,0.0,0,60.0,84.0,24.0,1.4,1.0,1.0,1.0
MPLADS-004966,1,76.0,86.6,98.1,76.0,10.6,10.6,10.6,-14.0,0.4872,0.0,0.0,0.0,0.4872,0.0432,10.6,10.6,0,160.0,156.0,0.0,0.975,1.0,1.0,1.0
MPLADS-004967,1,80.8,87.2,86.2,80.8,6.4,6.4,6.4,-9.2,0.4988,0.0,0.0,0.0,0.4988,0.0246,6.4,6.4,0,160.0,162.0,2.0,1.0125,1.0,1.0,1.0
MPLADS-004968,1,98.9,94.2,91.2,98.9,4.7,-4.7,-4.7,8.9,0.6299,0.0,0.0,0.0,0.6299,-0.004,0.0,0.0,0,160.0,157.0,0.0,0.9812,1.0,1.0,1.0
MPLADS-004969,1,70.3,87.8,91.6,70.3,17.5,17.5,17.5,-19.7,1.4957,0.0,0.0,0.0,1.4957,0.0227,17.5,17.5,0,60.0,47.0,0.0,0.7833,1.0,1.0,1.0
MPLADS-004970,1,73.4,93.6,92.4,73.4,20.2,20.2,20.2,-16.6,0.2719,0.0,0.0,0.0,0.2719,0.0322,20.2,20.2,4,90.0,270.0,180.0,3.0,1.0,1.0,1.0
MPLADS-004971,1,71.6,89.1,80.5,71.6,17.5,17.5,17.5,-18.4,1.4612,0.0,0.0,0.0,1.4612,0.0461,17.5,17.5,0,60.0,49.0,0.0,0.8167,1.0,1.0,1.0
MPLADS-004972,1,80.7,94.9,84.9,80.7,14.2,14.2,14.2,-9.3,1.1696,0.0,0.0,0.0,1.1696,0.0204,14.2,14.2,0,60.0,69.0,9.0,1.15,1.0,1.0,1.0
MPLADS-004973,1,72.5,96.5,97.3,72.5,24.0,24.0,24.0,-17.5,0.1151,0.0,0.0,0.0,0.1151,0.0139,24.0,24.0,4,210.0,630.0,420.0,3.0,1.0,1.0,1.0
MPLADS-004974,1,88.2,93.9,94.6,88.2,5.7,5.7,5.7,-1.8,1.8766,0.0,0.0,0.0,1.8766,0.0378,5.7,5.7,0,60.0,47.0,0.0,0.7833,1.0,1.0,1.0
MPLADS-004975,1,92.5,94.9,95.7,92.5,2.4,2.4,2.4,2.5,0.6336,0.0,0.0,0.0,0.6336,-0.0152,2.4,2.4,0,150.0,146.0,0.0,0.9733,1.0,1.0,1.0
MPLADS-004976,1,15.3,97.3,94.7,15.3,82.0,82.0,82.0,-74.7,0.1866,0.0,0.0,0.0,0.1866,-0.0167,82.0,82.0,0,90.0,82.0,0.0,0.9111,1.0,1.0,0.0
MPLADS-004977,1,96.2,87.8,92.5,96.2,8.4,-8.4,-8.4,6.2,1.0689,0.0,0.0,0.0,1.0689,-0.006,0.0,0.0,0,90.0,90.0,0.0,1.0,1.0,1.0,1.0
MPLADS-004978,1,85.4,92.8,85.3,85.4,7.4,7.4,7.4,-4.6,0.8804,0.0,0.0,0.0,0.8804,0.0353,7.4,7.4,0,90.0,97.0,7.0,1.0778,1.0,1.0,1.0
MPLADS-004979,1,77.5,89.4,93.8,77.5,11.9,11.9,11.9,-12.5,0.8158,0.0,0.0,0.0,0.8158,0.0156,11.9,11.9,0,90.0,95.0,5.0,1.0556,1.0,1.0,1.0
MPLADS-004980,1,76.1,95.0,93.7,76.1,18.9,18.9,18.9,-13.9,0.7179,0.0,0.0,0.0,0.7179,-0.0054,18.9,18.9,0,90.0,106.0,16.0,1.1778,1.0,1.0,1.0
MPLADS-004981,1,85.3,92.6,86.9,85.3,7.3,7.3,7.3,-4.7,0.3808,0.0,0.0,0.0,0.3808,0.0065,7.3,7.3,0,210.0,224.0,14.0,1.0667,1.0,1.0,1.0
MPLADS-004982,1,80.1,92.7,90.6,80.1,12.6,12.6,12.6,-9.9,0.5168,0.0,0.0,0.0,0.5168,-0.0139,12.6,12.6,0,160.0,155.0,0.0,0.9688,1.0,1.0,1.0
MPLADS-004983,1,95.0,89.8,100.0,95.0,5.2,-5.2,-5.2,5.0,0.7787,0.0,0.0,0.0,0.7787,0.0324,0.0,0.0,0,90.0,122.0,32.0,1.3556,1.0,1.0,1.0
MPLADS-004984,1,78.4,85.5,80.9,78.4,7.1,7.1,7.1,-11.6,0.4041,0.0,0.0,0.0,0.4041,-0.0174,7.1,7.1,0,160.0,194.0,34.0,1.2125,1.0,1.0,1.0
MPLADS-004985,1,82.2,94.6,95.5,82.2,12.4,12.4,12.4,-7.8,0.6089,0.0,0.0,0.0,0.6089,0.0164,12.4,12.4,0,150.0,135.0,0.0,0.9,1.0,1.0,1.0
MPLADS-004986,1,85.9,86.6,93.1,85.9,0.7,0.7,0.7,-4.1,1.0873,0.0,0.0,0.0,1.0873,0.0493,0.7,0.7,0,90.0,79.0,0.0,0.8778,1.0,1.0,1.0
MPLADS-004987,1,75.8,96.2,90.8,75.8,20.4,20.4,20.4,-14.2,0.3296,0.0,0.0,0.0,0.3296,0.0112,20.4,20.4,0,210.0,230.0,20.0,1.0952,1.0,1.0,1.0
MPLADS-004988,1,76.1,86.3,97.8,76.1,10.2,10.2,10.2,-13.9,0.4349,0.0,0.0,0.0,0.4349,0.0196,10.2,10.2,0,150.0,175.0,25.0,1.1667,1.0,1.0,1.0
MPLADS-004989,1,80.2,97.9,81.3,80.2,17.7,17.7,17.7,-9.8,0.5493,0.0,0.0,0.0,0.5493,0.0274,17.7,17.7,0,150.0,146.0,0.0,0.9733,1.0,1.0,1.0
MPLADS-004990,1,76.3,90.0,98.0,76.3,13.7,13.7,13.7,-13.7,0.6412,0.0,0.0,0.0,0.6412,-0.0046,13.7,13.7,0,120.0,119.0,0.0,0.9917,1.0,1.0,1.0
MPLADS-004991,1,99.1,95.3,83.0,99.1,3.8,-3.8,-3.8,9.1,0.5899,0.0,0.0,0.0,0.5899,0.0203,0.0,0.0,0,180.0,168.0,0.0,0.9333,1.0,1.0,1.0
MPLADS-004992,1,88.1,85.6,81.1,88.1,2.5,-2.5,-2.5,-1.9,0.7105,0.0,0.0,0.0,0.7105,0.0268,0.0,0.0,0,90.0,124.0,34.0,1.3778,1.0,1.0,1.0
MPLADS-004993,1,88.8,88.8,96.1,88.8,0.0,0.0,0.0,-1.2,0.555,0.0,0.0,0.0,0.555,0.0372,0.0,0.0,0,160.0,160.0,0.0,1.0,1.0,1.0,1.0
MPLADS-004994,1,93.5,90.1,93.9,93.5,3.4,-3.4,-3.4,3.5,1.0747,0.0,0.0,0.0,1.0747,0.0273,0.0,0.0,0,90.0,87.0,0.0,0.9667,1.0,1.0,1.0
MPLADS-004995,1,17.4,52.4,87.1,17.4,35.0,35.0,35.0,-72.6,0.0757,0.0,0.0,0.0,0.0757,0.0002,35.0,35.0,0,210.0,230.0,20.0,1.0952,1.0,1.0,1.0
MPLADS-004996,1,95.9,97.6,89.8,95.9,1.7,1.7,1.7,5.9,0.4771,0.0,0.0,0.0,0.4771,0.0285,1.7,1.7,0,210.0,201.0,0.0,0.9571,1.0,1.0,1.0
MPLADS-004997,1,84.5,86.0,96.3,84.5,1.5,1.5,1.5,-5.5,0.4471,0.0,0.0,0.0,0.4471,0.0473,1.5,1.5,0,180.0,189.0,9.0,1.05,1.0,1.0,1.0
MPLADS-004998,1,10.1,45.5,95.7,10.1,35.4,35.4,35.4,-79.9,0.0808,0.0,0.0,0.0,0.0808,-0.0099,35.4,35.4,0,120.0,125.0,5.0,1.0417,1.0,1.0,1.0
MPLADS-004999,1,90.1,89.4,90.9,90.1,0.7,-0.7,-0.7,0.1,1.0855,0.0,0.0,0.0,1.0855,0.0049,0.0,0.0,0,90.0,83.0,0.0,0.9222,1.0,1.0,1.0
MPLADS-005000,1,82.3,97.9,88.3,82.3,15.6,15.6,15.6,-7.7,0.5523,0.0,0.0,0.0,0.5523,0.0389,15.6,15.6,0,120.0,149.0,29.0,1.2417,1.0,1.0,1.0
