project_id,fraud_probability,predicted_typology,feature_importance_contributions,scored_at
MPLADS-000001,0.0225,NORMAL,"{""max_anomaly_score"": 0.0548, ""project__planned_duration_days"": 0.0319, ""project_size_code"": 0.0}",2026-09-06T09:45:06.494738+00:00
MPLADS-000002,0.0314,NORMAL,"{""financial_anomaly_score"": 0.1675, ""payment_anomaly_score"": 0.1262, ""geospatial_anomaly_score"": 0.0796}",2026-09-06T09:45:06.494738+00:00
MPLADS-000003,0.0225,NORMAL,"{""financial__sanctioned_amount"": 0.2442, ""geo__infrastructure_gap_index"": 0.0889, ""geospatial_anomaly_percentile"": 0.0154}",2026-09-06T09:45:06.494738+00:00
MPLADS-000004,0.0182,NORMAL,"{""financial_anomaly_score"": 0.0706, ""project__planned_duration_days"": 0.0419, ""payment_anomaly_percentile"": 0.0391}",2026-09-06T09:45:06.494738+00:00
MPLADS-000005,0.0182,NORMAL,"{""project__planned_duration_days"": 0.0615, ""mean_anomaly_score"": 0.0599, ""geospatial_anomaly_percentile"": 0.0584}",2026-09-06T09:45:06.494738+00:00
MPLADS-000006,0.0182,NORMAL,"{""financial__sanctioned_amount"": 0.0695, ""geospatial_anomaly_score"": 0.0544, ""project__planned_duration_days"": 0.0376}",2026-09-06T09:45:06.494738+00:00
MPLADS-000007,0.0182,NORMAL,"{""geo__population_density"": 0.2149, ""project__planned_duration_days"": 0.0351, ""mean_anomaly_score"": 0.0197}",2026-09-06T09:45:06.494738+00:00
MPLADS-000008,0.0231,NORMAL,"{""project__planned_duration_days"": 0.0668, ""mean_anomaly_score"": 0.0316, ""graph_anomaly_score"": 0.0032}",2026-09-06T09:45:06.494738+00:00
MPLADS-000009,0.0182,NORMAL,"{""geo__infrastructure_gap_index"": 0.2701, ""financial_anomaly_score"": 0.1147, ""geo__population_density"": 0.1002}",2026-09-06T09:45:06.494738+00:00
MPLADS-000010,1.0,DOCUMENTATION_DEFICIT,"{""progress_anomaly_score"": 4.8689, ""progress_anomaly_percentile"": 0.8212, ""geo__population_density"": 0.1659}",2026-09-06T09:45:06.494738+00:00
MPLADS-000011,0.0225,NORMAL,"{""financial__sanctioned_amount"": 0.295, ""payment_anomaly_score"": 0.199, ""geo__infrastructure_gap_index"": 0.1261}",2026-09-06T09:45:06.494738+00:00
MPLADS-000012,0.0182,NORMAL,"{""financial_anomaly_score"": 0.1721, ""geo__population_density"": 0.0788, ""financial_anomaly_percentile"": 0.067}",2026-09-06T09:45:06.494738+00:00
MPLADS-000013,0.0442,NORMAL,"{""geospatial_anomaly_score"": 0.1124, ""geospatial_anomaly_percentile"": 0.0881, ""mean_anomaly_score"": 0.0707}",2026-09-06T09:45:06.494738+00:00
MPLADS-000014,0.011,NORMAL,"{""financial__sanctioned_amount"": 0.1279, ""payment_anomaly_score"": 0.0054, ""payment_anomaly_percentile"": 0.0027}",2026-09-06T09:45:06.494738+00:00
MPLADS-000015,0.3136,NORMAL,"{""procurement_anomaly_score"": 1.4666, ""procurement_anomaly_percentile"": 0.6652, ""max_anomaly_score"": 0.0691}",2026-09-06T09:45:06.494738+00:00
MPLADS-000016,0.0088,NORMAL,"{""financial_anomaly_percentile"": 0.056, ""financial_anomaly_score"": 0.0498, ""project__planned_duration_days"": 0.0373}",2026-09-06T09:45:06.494738+00:00
MPLADS-000017,0.3914,NORMAL,"{""procurement_anomaly_score"": 1.5001, ""procurement_anomaly_percentile"": 0.5762, ""geospatial_anomaly_score"": 0.2493}",2026-09-06T09:45:06.494738+00:00
MPLADS-000018,0.058,NORMAL,"{""geo__population_density"": 0.1674, ""contractor_anomaly_score"": 0.1087, ""financial__sanctioned_amount"": 0.1061}",2026-09-06T09:45:06.494738+00:00
MPLADS-000019,0.0314,NORMAL,"{""geospatial_anomaly_score"": 0.1313, ""project__planned_duration_days"": 0.0475, ""geo__population_density"": 0.0452}",2026-09-06T09:45:06.494738+00:00
MPLADS-000020,0.0182,NORMAL,"{""procurement_anomaly_percentile"": 0.3503, ""procurement_anomaly_score"": 0.3449, ""max_anomaly_score"": 0.0644}",2026-09-06T09:45:06.494738+00:00
MPLADS-000021,0.0225,NORMAL,"{""geo__population_density"": 0.1626, ""geospatial_anomaly_score"": 0.0967, ""geo__infrastructure_gap_index"": 0.0917}",2026-09-06T09:45:06.494738+00:00
MPLADS-000022,0.011,NORMAL,"{""financial__sanctioned_amount"": 0.1309, ""num_flagged_models"": 0.0014, ""project_size_code"": 0.0}",2026-09-06T09:45:06.494738+00:00
MPLADS-000023,0.0225,NORMAL,"{""project__planned_duration_days"": 0.0521, ""financial__sanctioned_amount"": 0.0516, ""geospatial_anomaly_score"": 0.0382}",2026-09-06T09:45:06.494738+00:00
MPLADS-000024,0.0314,NORMAL,"{""payment_anomaly_score"": 0.4093, ""financial_anomaly_score"": 0.1727, ""procurement_anomaly_percentile"": 0.1474}",2026-09-06T09:45:06.494738+00:00
MPLADS-000025,1.0,COST_OVERRUN,"{""progress_anomaly_score"": 4.6889, ""progress_anomaly_percentile"": 0.8739, ""procurement_anomaly_score"": 0.4233}",2026-09-06T09:45:06.494738+00:00
MPLADS-000026,1.0,PAYMENT_PROGRESS_MISMATCH,"{""progress_anomaly_score"": 4.5823, ""progress_anomaly_percentile"": 0.8624, ""payment_anomaly_score"": 0.3257}",2026-09-06T09:45:06.494738+00:00
MPLADS-000027,0.0225,NORMAL,"{""geo__infrastructure_gap_index"": 0.2009, ""procurement_anomaly_percentile"": 0.0539, ""project__planned_duration_days"": 0.051}",2026-09-06T09:45:06.494738+00:00
MPLADS-000028,0.0182,NORMAL,"{""financial__sanctioned_amount"": 0.1569, ""financial_anomaly_score"": 0.0715, ""financial_anomaly_percentile"": 0.069}",2026-09-06T09:45:06.494738+00:00
MPLADS-000029,0.5278,PROCUREMENT_SINGLE_BID,"{""procurement_anomaly_score"": 1.8176, ""procurement_anomaly_percentile"": 0.765, ""max_anomaly_score"": 0.1552}",2026-09-06T09:45:06.494738+00:00
MPLADS-000030,0.0231,NORMAL,"{""geospatial_anomaly_score"": 0.1174, ""project__planned_duration_days"": 0.0785, ""geospatial_anomaly_percentile"": 0.0349}",2026-09-06T09:45:06.494738+00:00
MPLADS-000031,0.0314,NORMAL,"{""geo__population_density"": 0.372, ""financial__sanctioned_amount"": 0.1151, ""financial_anomaly_percentile"": 0.06}",2026-09-06T09:45:06.494738+00:00
MPLADS-000032,0.0153,NORMAL,"{""financial__sanctioned_amount"": 0.1746, ""graph_anomaly_score"": 0.0722, ""payment_anomaly_percentile"": 0.0253}",2026-09-06T09:45:06.494738+00:00
MPLADS-000033,0.5278,PROCUREMENT_SINGLE_BID,"{""procurement_anomaly_score"": 1.8489, ""procurement_anomaly_percentile"": 0.8247, ""max_anomaly_score"": 0.1606}",2026-09-06T09:45:06.494738+00:00
MPLADS-000034,0.0225,NORMAL,"{""contractor_anomaly_percentile"": 0.1042, ""project__planned_duration_days"": 0.0538, ""geospatial_anomaly_score"": 0.0449}",2026-09-06T09:45:06.494738+00:00
MPLADS-000035,0.0182,NORMAL,"{""financial__sanctioned_amount"": 0.0512, ""graph_anomaly_score"": 0.0177, ""graph_anomaly_percentile"": 0.0127}",2026-09-06T09:45:06.494738+00:00
MPLADS-000036,1.0,COST_OVERRUN,"{""progress_anomaly_score"": 4.384, ""progress_anomaly_percentile"": 0.8303, ""procurement_anomaly_score"": 0.3089}",2026-09-06T09:45:06.494738+00:00
MPLADS-000037,1.0,DELAYED_WORK,"{""progress_anomaly_score"": 5.1056, ""progress_anomaly_percentile"": 0.9002, ""financial_anomaly_score"": 0.1869}",2026-09-06T09:45:06.494738+00:00
MPLADS-000038,0.2283,NORMAL,"{""financial__sanctioned_amount"": 0.3716, ""contractor_anomaly_percentile"": 0.3278, ""contractor_anomaly_score"": 0.2823}",2026-09-06T09:45:06.494738+00:00
MPLADS-000039,0.0182,NORMAL,"{""geo__infrastructure_gap_index"": 0.0356, ""num_flagged_models"": 0.0014, ""project_size_code"": 0.0}",2026-09-06T09:45:06.494738+00:00
MPLADS-000040,0.0231,NORMAL,"{""procurement_anomaly_percentile"": 0.118, ""geo__infrastructure_gap_index"": 0.0841, ""financial__sanctioned_amount"": 0.048}",2026-09-06T09:45:06.494738+00:00
MPLADS-000041,0.0287,NORMAL,"{""contractor_anomaly_percentile"": 0.1781, ""contractor_anomaly_score"": 0.1242, ""geo__population_density"": 0.1199}",2026-09-06T09:45:06.494738+00:00
MPLADS-000042,0.0231,NORMAL,"{""geo__population_density"": 0.2092, ""financial__sanctioned_amount"": 0.1894, ""mean_anomaly_score"": 0.0896}",2026-09-06T09:45:06.494738+00:00
MPLADS-000043,0.0182,NORMAL,"{""geo__infrastructure_gap_index"": 0.1538, ""geo__population_density"": 0.0759, ""std_anomaly_score"": 0.0697}",2026-09-06T09:45:06.494738+00:00
MPLADS-000044,0.0231,NORMAL,"{""procurement_anomaly_percentile"": 0.1279, ""project__planned_duration_days"": 0.0533, ""geospatial_anomaly_score"": 0.0261}",2026-09-06T09:45:06.494738+00:00
MPLADS-000045,1.0,ABANDONED_WORK,"{""progress_anomaly_score"": 5.3283, ""progress_anomaly_percentile"": 0.8856, ""financial_anomaly_score"": 0.1667}",2026-09-06T09:45:06.494738+00:00
MPLADS-000046,1.0,COST_OVERRUN,"{""progress_anomaly_score"": 4.4323, ""progress_anomaly_percentile"": 0.7398, ""procurement_anomaly_score"": 0.2568}",2026-09-06T09:45:06.494738+00:00
MPLADS-000047,0.0412,NORMAL,"{""geo__population_density"": 0.1444, ""graph_anomaly_score"": 0.0624, ""procurement_anomaly_percentile"": 0.0609}",2026-09-06T09:45:06.494738+00:00
MPLADS-000048,0.0262,NORMAL,"{""geo__population_density"": 0.1749, ""procurement_anomaly_percentile"": 0.0496, ""project__planned_duration_days"": 0.0478}",2026-09-06T09:45:06.494738+00:00
MPLADS-000049,0.011,NORMAL,"{""project__planned_duration_days"": 0.0599, ""mean_anomaly_score"": 0.0385, ""geo__population_density"": 0.0305}",2026-09-06T09:45:06.494738+00:00
MPLADS-000050,0.0182,NORMAL,"{""geo__infrastructure_gap_index"": 0.1556, ""project__planned_duration_days"": 0.056, ""geospatial_anomaly_score"": 0.0393}",2026-09-06T09:45:06.494738+00:00
MPLADS-000051,0.0225,NORMAL,"{""project__planned_duration_days"": 0.0611, ""geo__infrastructure_gap_index"": 0.0554, ""financial__sanctioned_amount"": 0.0382}",2026-09-06T09:45:06.494738+00:00
MPLADS-000052,1.0,DELAYED_WORK,"{""progress_anomaly_score"": 5.0659, ""progress_anomaly_percentile"": 0.8486, ""financial_anomaly_score"": 0.184}",2026-09-06T09:45:06.494738+00:00
MPLADS-000053,0.0345,NORMAL,"{""financial__sanctioned_amount"": 0.2557, ""geo__population_density"": 0.1786, ""geo__infrastructure_gap_index"": 0.1573}",2026-09-06T09:45:06.494738+00:00
MPLADS-000054,0.0412,NORMAL,"{""procurement_anomaly_score"": 0.557, ""procurement_anomaly_percentile"": 0.3278, ""payment_anomaly_score"": 0.2058}",2026-09-06T09:45:06.494738+00:00
MPLADS-000055,0.0182,NORMAL,"{""geo__population_density"": 0.1242, ""project__planned_duration_days"": 0.0628, ""max_anomaly_score"": 0.0485}",2026-09-06T09:45:06.494738+00:00
MPLADS-000056,0.0265,NORMAL,"{""financial_anomaly_score"": 0.2757, ""geo__population_density"": 0.1243, ""financial__sanctioned_amount"": 0.0606}",2026-09-06T09:45:06.494738+00:00
MPLADS-000057,0.0442,NORMAL,"{""financial__sanctioned_amount"": 0.3455, ""procurement_anomaly_percentile"": 0.2341, ""geo__infrastructure_gap_index"": 0.1149}",2026-09-06T09:45:06.494738+00:00
MPLADS-000058,0.0182,NORMAL,"{""geospatial_anomaly_score"": 0.2386, ""project__planned_duration_days"": 0.0549, ""mean_anomaly_score"": 0.0505}",2026-09-06T09:45:06.494738+00:00
MPLADS-000059,0.0231,NORMAL,"{""financial__sanctioned_amount"": 0.2536, ""financial_anomaly_percentile"": 0.111, ""geo__infrastructure_gap_index"": 0.1005}",2026-09-06T09:45:06.494738+00:00
MPLADS-000060,0.011,NORMAL,"{""mean_anomaly_score"": 0.0677, ""project__planned_duration_days"": 0.0544, ""contractor_anomaly_score"": 0.0033}",2026-09-06T09:45:06.494738+00:00
MPLADS-000061,0.0046,NORMAL,"{""financial_anomaly_score"": 0.0329, ""payment_anomaly_percentile"": 0.0304, ""financial_anomaly_percentile"": 0.0216}",2026-09-06T09:45:06.494738+00:00
MPLADS-000062,0.0231,NORMAL,"{""geo__infrastructure_gap_index"": 0.0824, ""financial__sanctioned_amount"": 0.0148, ""contractor_anomaly_percentile"": 0.0018}",2026-09-06T09:45:06.494738+00:00
MPLADS-000063,1.0,COST_OVERRUN,"{""progress_anomaly_score"": 2.5387, ""procurement_anomaly_score"": 0.4738, ""financial_anomaly_score"": 0.3634}",2026-09-06T09:45:06.494738+00:00
MPLADS-000064,1.0,DELAYED_WORK,"{""progress_anomaly_score"": 4.5548, ""progress_anomaly_percentile"": 0.9096, ""procurement_anomaly_score"": 0.2691}",2026-09-06T09:45:06.494738+00:00
MPLADS-000065,1.0,COST_OVERRUN,"{""progress_anomaly_score"": 4.801, ""progress_anomaly_percentile"": 0.9428, ""procurement_anomaly_score"": 0.2524}",2026-09-06T09:45:06.494738+00:00
MPLADS-000066,0.6205,PROCUREMENT_SINGLE_BID,"{""procurement_anomaly_score"": 1.5357, ""procurement_anomaly_percentile"": 0.6919, ""max_anomaly_score"": 0.1951}",2026-09-06T09:45:06.494738+00:00
MPLADS-000067,1.0,ABANDONED_WORK,"{""progress_anomaly_score"": 5.2882, ""progress_anomaly_percentile"": 0.9284, ""financial_anomaly_score"": 0.1283}",2026-09-06T09:45:06.494738+00:00
MPLADS-000068,0.7746,COST_OVERRUN,"{""procurement_anomaly_score"": 0.7284, ""procurement_anomaly_percentile"": 0.6826, ""financial_anomaly_score"": 0.6271}",2026-09-06T09:45:06.494738+00:00
MPLADS-000069,0.0182,NORMAL,"{""project__planned_duration_days"": 0.0618, ""geospatial_anomaly_score"": 0.0413, ""geo__infrastructure_gap_index"": 0.0303}",2026-09-06T09:45:06.494738+00:00
MPLADS-000070,0.0182,NORMAL,"{""financial_anomaly_score"": 0.0492, ""payment_anomaly_percentile"": 0.0379, ""payment_anomaly_score"": 0.0261}",2026-09-06T09:45:06.494738+00:00
MPLADS-000071,0.0182,NORMAL,"{""financial_anomaly_score"": 0.1085, ""financial_anomaly_percentile"": 0.1025, ""geo__infrastructure_gap_index"": 0.0676}",2026-09-06T09:45:06.494738+00:00
MPLADS-000072,1.0,PAYMENT_PROGRESS_MISMATCH,"{""progress_anomaly_score"": 5.3669, ""progress_anomaly_percentile"": 0.9656, ""payment_anomaly_score"": 0.1135}",2026-09-06T09:45:06.494738+00:00
MPLADS-000073,1.0,COST_OVERRUN,"{""progress_anomaly_score"": 4.401, ""progress_anomaly_percentile"": 0.7997, ""procurement_anomaly_score"": 0.3165}",2026-09-06T09:45:06.494738+00:00
MPLADS-000074,0.0153,NORMAL,"{""financial__sanctioned_amount"": 0.1622, ""contractor_anomaly_score"": 0.0102, ""num_flagged_models"": 0.0014}",2026-09-06T09:45:06.494738+00:00
MPLADS-000075,1.0,COST_OVERRUN,"{""progress_anomaly_score"": 4.3839, ""progress_anomaly_percentile"": 0.7935, ""procurement_anomaly_score"": 0.2834}",2026-09-06T09:45:06.494738+00:00
MPLADS-000076,0.011,NORMAL,"{""geo__infrastructure_gap_index"": 0.0518, ""financial_anomaly_percentile"": 0.047, ""std_anomaly_score"": 0.0449}",2026-09-06T09:45:06.494738+00:00
MPLADS-000077,0.0225,NORMAL,"{""geo__population_density"": 0.1302, ""geospatial_anomaly_score"": 0.0715, ""project__planned_duration_days"": 0.0413}",2026-09-06T09:45:06.494738+00:00
MPLADS-000078,0.0182,NORMAL,"{""mean_anomaly_score"": 0.102, ""financial__sanctioned_amount"": 0.0171, ""graph_anomaly_percentile"": 0.011}",2026-09-06T09:45:06.494738+00:00
MPLADS-000079,0.0225,NORMAL,"{""payment_anomaly_score"": 0.1433, ""geo__infrastructure_gap_index"": 0.1404, ""financial__sanctioned_amount"": 0.1197}",2026-09-06T09:45:06.494738+00:00
MPLADS-000080,0.0375,NORMAL,"{""geospatial_anomaly_score"": 0.0984, ""geo__infrastructure_gap_index"": 0.085, ""std_anomaly_score"": 0.0594}",2026-09-06T09:45:06.494738+00:00
MPLADS-000081,0.011,NORMAL,"{""geo__infrastructure_gap_index"": 0.0587, ""project__planned_duration_days"": 0.0492, ""contractor_anomaly_score"": 0.0082}",2026-09-06T09:45:06.494738+00:00
MPLADS-000082,0.0182,NORMAL,"{""project__planned_duration_days"": 0.0434, ""contractor_anomaly_score"": 0.0197, ""procurement_anomaly_percentile"": 0.0175}",2026-09-06T09:45:06.494738+00:00
MPLADS-000083,0.011,NORMAL,"{""financial_anomaly_score"": 0.062, ""financial_anomaly_percentile"": 0.0453, ""project__planned_duration_days"": 0.0319}",2026-09-06T09:45:06.494738+00:00
MPLADS-000084,1.0,DELAYED_WORK,"{""progress_anomaly_score"": 5.0808, ""progress_anomaly_percentile"": 0.875, ""financial_anomaly_score"": 0.1994}",2026-09-06T09:45:06.494738+00:00
MPLADS-000085,0.0225,NORMAL,"{""geo__infrastructure_gap_index"": 0.269, ""geospatial_anomaly_score"": 0.1456, ""project__planned_duration_days"": 0.0662}",2026-09-06T09:45:06.494738+00:00
MPLADS-000086,0.0182,NORMAL,"{""geo__population_density"": 0.0926, ""geo__infrastructure_gap_index"": 0.0464, ""financial_anomaly_percentile"": 0.0437}",2026-09-06T09:45:06.494738+00:00
MPLADS-000087,0.0314,NORMAL,"{""contractor_anomaly_percentile"": 0.2022, ""contractor_anomaly_score"": 0.1874, ""geo__infrastructure_gap_index"": 0.1238}",2026-09-06T09:45:06.494738+00:00
MPLADS-000088,1.0,PAYMENT_PROGRESS_MISMATCH,"{""progress_anomaly_score"": 5.5252, ""progress_anomaly_percentile"": 1.0003, ""payment_anomaly_score"": 0.3105}",2026-09-06T09:45:06.494738+00:00
MPLADS-000089,0.0225,NORMAL,"{""geospatial_anomaly_score"": 0.1452, ""geo__infrastructure_gap_index"": 0.0561, ""project__planned_duration_days"": 0.047}",2026-09-06T09:45:06.494738+00:00
MPLADS-000090,0.0182,NORMAL,"{""financial_anomaly_score"": 0.0537, ""project__planned_duration_days"": 0.0498, ""financial_anomaly_percentile"": 0.0437}",2026-09-06T09:45:06.494738+00:00
MPLADS-000091,0.0182,NORMAL,"{""geo__infrastructure_gap_index"": 0.0573, ""financial__sanctioned_amount"": 0.0173, ""graph_anomaly_percentile"": 0.0081}",2026-09-06T09:45:06.494738+00:00
MPLADS-000092,0.0231,NORMAL,"{""contractor_anomaly_score"": 0.1362, ""contractor_anomaly_percentile"": 0.1085, ""project__planned_duration_days"": 0.0528}",2026-09-06T09:45:06.494738+00:00
MPLADS-000093,0.0225,NORMAL,"{""procurement_anomaly_percentile"": 0.157, ""project__planned_duration_days"": 0.0553, ""graph_anomaly_percentile"": 0.0144}",2026-09-06T09:45:06.494738+00:00
MPLADS-000094,0.0067,NORMAL,"{""financial_anomaly_score"": 0.1302, ""financial_anomaly_percentile"": 0.0554, ""project__planned_duration_days"": 0.0438}",2026-09-06T09:45:06.494738+00:00
MPLADS-000095,1.0,COST_OVERRUN,"{""progress_anomaly_score"": 4.6144, ""progress_anomaly_percentile"": 0.8285, ""procurement_anomaly_score"": 0.2542}",2026-09-06T09:45:06.494738+00:00
MPLADS-000096,0.0231,NORMAL,"{""geospatial_anomaly_score"": 0.0709, ""financial__sanctioned_amount"": 0.0544, ""project__planned_duration_days"": 0.0524}",2026-09-06T09:45:06.494738+00:00
MPLADS-000097,1.0,ABANDONED_WORK,"{""progress_anomaly_score"": 4.9644, ""progress_anomaly_percentile"": 0.9337, ""payment_anomaly_score"": 0.3702}",2026-09-06T09:45:06.494738+00:00
MPLADS-000098,0.0231,NORMAL,"{""geo__population_density"": 0.3232, ""geospatial_anomaly_score"": 0.0566, ""project__planned_duration_days"": 0.0201}",2026-09-06T09:45:06.494738+00:00
MPLADS-000099,0.0231,NORMAL,"{""payment_anomaly_score"": 0.095, ""financial_anomaly_percentile"": 0.0527, ""geospatial_anomaly_score"": 0.0522}",2026-09-06T09:45:06.494738+00:00
MPLADS-000100,0.0308,NORMAL,"{""geo__population_density"": 0.2404, ""geo__infrastructure_gap_index"": 0.2219, ""geospatial_anomaly_score"": 0.0934}",2026-09-06T09:45:06.494738+00:00
MPLADS-000101,0.0182,NORMAL,"{""contractor_anomaly_score"": 0.1057, ""contractor_anomaly_percentile"": 0.0994, ""project__planned_duration_days"": 0.0431}",2026-09-06T09:45:06.494738+00:00
MPLADS-000102,0.011,NORMAL,"{""financial_anomaly_percentile"": 0.0562, ""geo__population_density"": 0.0338, ""project__planned_duration_days"": 0.0268}",2026-09-06T09:45:06.494738+00:00
MPLADS-000103,1.0,PAYMENT_PROGRESS_MISMATCH,"{""progress_anomaly_score"": 4.5902, ""progress_anomaly_percentile"": 0.9012, ""procurement_anomaly_score"": 0.3027}",2026-09-06T09:45:06.494738+00:00
MPLADS-000104,0.0182,NORMAL,"{""geo__infrastructure_gap_index"": 0.2521, ""project__planned_duration_days"": 0.0533, ""geospatial_anomaly_score"": 0.0256}",2026-09-06T09:45:06.494738+00:00
MPLADS-000105,0.403,NORMAL,"{""procurement_anomaly_score"": 1.4553, ""procurement_anomaly_percentile"": 0.5459, ""geospatial_anomaly_score"": 0.2298}",2026-09-06T09:45:06.494738+00:00
MPLADS-000106,0.0231,NORMAL,"{""financial__sanctioned_amount"": 0.2146, ""geo__infrastructure_gap_index"": 0.0919, ""geospatial_anomaly_score"": 0.0912}",2026-09-06T09:45:06.494738+00:00
MPLADS-000107,0.0231,NORMAL,"{""geo__population_density"": 0.3667, ""std_anomaly_score"": 0.0765, ""project__planned_duration_days"": 0.0647}",2026-09-06T09:45:06.494738+00:00
MPLADS-000108,0.0265,NORMAL,"{""financial__sanctioned_amount"": 0.0282, ""financial_anomaly_score"": 0.0097, ""graph_anomaly_percentile"": 0.007}",2026-09-06T09:45:06.494738+00:00
MPLADS-000109,0.0182,NORMAL,"{""financial__sanctioned_amount"": 0.2299, ""geo__infrastructure_gap_index"": 0.1756, ""payment_anomaly_score"": 0.0772}",2026-09-06T09:45:06.494738+00:00
MPLADS-000110,0.0525,NORMAL,"{""financial__sanctioned_amount"": 0.2575, ""geo__population_density"": 0.2067, ""geo__infrastructure_gap_index"": 0.1822}",2026-09-06T09:45:06.494738+00:00
MPLADS-000111,0.0314,NORMAL,"{""geo__infrastructure_gap_index"": 0.1162, ""graph_anomaly_score"": 0.0484, ""project__planned_duration_days"": 0.0354}",2026-09-06T09:45:06.494738+00:00
MPLADS-000112,0.0182,NORMAL,"{""procurement_anomaly_score"": 0.3364, ""procurement_anomaly_percentile"": 0.3277, ""std_anomaly_score"": 0.0332}",2026-09-06T09:45:06.494738+00:00
MPLADS-000113,0.0225,NORMAL,"{""financial__sanctioned_amount"": 0.0411, ""geospatial_anomaly_percentile"": 0.0152, ""num_flagged_models"": 0.0014}",2026-09-06T09:45:06.494738+00:00
MPLADS-000114,0.0231,NORMAL,"{""financial__sanctioned_amount"": 0.2761, ""payment_anomaly_score"": 0.0993, ""geo__population_density"": 0.0949}",2026-09-06T09:45:06.494738+00:00
MPLADS-000115,0.0231,NORMAL,"{""geo__population_density"": 0.1779, ""geospatial_anomaly_score"": 0.0838, ""project__planned_duration_days"": 0.0624}",2026-09-06T09:45:06.494738+00:00
MPLADS-000116,0.0231,NORMAL,"{""financial__sanctioned_amount"": 0.3562, ""graph_anomaly_score"": 0.0895, ""payment_anomaly_score"": 0.0694}",2026-09-06T09:45:06.494738+00:00
MPLADS-000117,0.0225,NORMAL,"{""geo__population_density"": 0.1691, ""mean_anomaly_score"": 0.083, ""project__planned_duration_days"": 0.0312}",2026-09-06T09:45:06.494738+00:00
MPLADS-000118,0.021,NORMAL,"{""geo__population_density"": 0.4763, ""geospatial_anomaly_score"": 0.2245, ""geospatial_anomaly_percentile"": 0.0846}",2026-09-06T09:45:06.494738+00:00
MPLADS-000119,1.0,COST_OVERRUN,"{""progress_anomaly_score"": 4.4954, ""progress_anomaly_percentile"": 0.813, ""procurement_anomaly_score"": 0.2613}",2026-09-06T09:45:06.494738+00:00
MPLADS-000120,1.0,DOCUMENTATION_DEFICIT,"{""progress_anomaly_score"": 5.0923, ""progress_anomaly_percentile"": 0.9018, ""payment_anomaly_score"": 0.2456}",2026-09-06T09:45:06.494738+00:00
MPLADS-000121,0.0182,NORMAL,"{""contractor_anomaly_percentile"": 0.2959, ""contractor_anomaly_score"": 0.2243, ""graph_anomaly_percentile"": 0.0458}",2026-09-06T09:45:06.494738+00:00
MPLADS-000122,1.0,DELAYED_WORK,"{""progress_anomaly_score"": 4.5177, ""progress_anomaly_percentile"": 0.8222, ""procurement_anomaly_score"": 0.2172}",2026-09-06T09:45:06.494738+00:00
MPLADS-000123,0.3136,NORMAL,"{""procurement_anomaly_score"": 1.4789, ""procurement_anomaly_percentile"": 0.5288, ""geospatial_anomaly_percentile"": 0.1429}",2026-09-06T09:45:06.494738+00:00
MPLADS-000124,0.0308,NORMAL,"{""geo__population_density"": 0.1585, ""geo__infrastructure_gap_index"": 0.1452, ""financial__sanctioned_amount"": 0.0916}",2026-09-06T09:45:06.494738+00:00
MPLADS-000125,1.0,COST_OVERRUN,"{""progress_anomaly_score"": 4.4675, ""progress_anomaly_percentile"": 0.7682, ""procurement_anomaly_score"": 0.2383}",2026-09-06T09:45:06.494738+00:00
MPLADS-000126,0.0182,NORMAL,"{""financial__sanctioned_amount"": 0.1938, ""std_anomaly_score"": 0.0504, ""payment_anomaly_percentile"": 0.0278}",2026-09-06T09:45:06.494738+00:00
MPLADS-000127,0.0088,NORMAL,"{""financial_anomaly_score"": 0.0403, ""financial_anomaly_percentile"": 0.0283, ""std_anomaly_score"": 0.0181}",2026-09-06T09:45:06.494738+00:00
MPLADS-000128,0.0231,NORMAL,"{""financial_anomaly_score"": 0.2398, ""geo__population_density"": 0.1059, ""financial_anomaly_percentile"": 0.1042}",2026-09-06T09:45:06.494738+00:00
MPLADS-000129,1.0,PAYMENT_PROGRESS_MISMATCH,"{""progress_anomaly_score"": 5.2951, ""progress_anomaly_percentile"": 0.9499, ""payment_anomaly_score"": 0.0806}",2026-09-06T09:45:06.494738+00:00
MPLADS-000130,0.3136,NORMAL,"{""procurement_anomaly_score"": 1.4561, ""procurement_anomaly_percentile"": 0.5813, ""geospatial_anomaly_score"": 0.1206}",2026-09-06T09:45:06.494738+00:00
MPLADS-000131,1.0,COST_OVERRUN,"{""progress_anomaly_score"": 4.5127, ""progress_anomaly_percentile"": 0.8254, ""procurement_anomaly_score"": 0.2414}",2026-09-06T09:45:06.494738+00:00
MPLADS-000132,0.0225,NORMAL,"{""geo__population_density"": 0.3555, ""financial_anomaly_score"": 0.2022, ""project__planned_duration_days"": 0.0987}",2026-09-06T09:45:06.494738+00:00
MPLADS-000133,0.5278,PROCUREMENT_SINGLE_BID,"{""procurement_anomaly_score"": 1.7928, ""procurement_anomaly_percentile"": 0.8755, ""max_anomaly_score"": 0.1564}",2026-09-06T09:45:06.494738+00:00
MPLADS-000134,0.0225,NORMAL,"{""geospatial_anomaly_score"": 0.1703, ""project__planned_duration_days"": 0.0615, ""financial__sanctioned_amount"": 0.04}",2026-09-06T09:45:06.494738+00:00
MPLADS-000135,0.2371,NORMAL,"{""procurement_anomaly_score"": 1.3292, ""procurement_anomaly_percentile"": 0.3582, ""geospatial_anomaly_score"": 0.1122}",2026-09-06T09:45:06.494738+00:00
MPLADS-000136,1.0,PAYMENT_PROGRESS_MISMATCH,"{""progress_anomaly_score"": 5.474, ""progress_anomaly_percentile"": 0.9375, ""payment_anomaly_score"": 0.0959}",2026-09-06T09:45:06.494738+00:00
MPLADS-000137,0.0231,NORMAL,"{""geospatial_anomaly_score"": 0.0928, ""std_anomaly_score"": 0.0896, ""financial__sanctioned_amount"": 0.075}",2026-09-06T09:45:06.494738+00:00
MPLADS-000138,0.0231,NORMAL,"{""project__planned_duration_days"": 0.0692, ""financial__sanctioned_amount"": 0.0383, ""payment_anomaly_percentile"": 0.0377}",2026-09-06T09:45:06.494738+00:00
MPLADS-000139,0.6774,COST_OVERRUN,"{""financial_anomaly_score"": 0.7444, ""procurement_anomaly_percentile"": 0.6963, ""financial_anomaly_percentile"": 0.2719}",2026-09-06T09:45:06.494738+00:00
MPLADS-000140,1.0,ABANDONED_WORK,"{""progress_anomaly_score"": 5.3302, ""progress_anomaly_percentile"": 0.9178, ""geo__population_density"": 0.1198}",2026-09-06T09:45:06.494738+00:00
MPLADS-000141,0.2672,NORMAL,"{""procurement_anomaly_score"": 1.3672, ""procurement_anomaly_percentile"": 0.5696, ""financial__sanctioned_amount"": 0.1785}",2026-09-06T09:45:06.494738+00:00
MPLADS-000142,0.0231,NORMAL,"{""financial_anomaly_percentile"": 0.1185, ""financial__sanctioned_amount"": 0.0814, ""procurement_anomaly_percentile"": 0.0678}",2026-09-06T09:45:06.494738+00:00
MPLADS-000143,0.0182,NORMAL,"{""geo__population_density"": 0.097, ""std_anomaly_score"": 0.0433, ""num_flagged_models"": 0.0014}",2026-09-06T09:45:06.494738+00:00
MPLADS-000144,0.0231,NORMAL,"{""financial__sanctioned_amount"": 0.3693, ""financial_anomaly_score"": 0.1536, ""geo__infrastructure_gap_index"": 0.1462}",2026-09-06T09:45:06.494738+00:00
MPLADS-000145,0.0381,NORMAL,"{""geo__population_density"": 0.3504, ""geospatial_anomaly_score"": 0.223, ""geospatial_anomaly_percentile"": 0.0814}",2026-09-06T09:45:06.494738+00:00
MPLADS-000146,1.0,PAYMENT_PROGRESS_MISMATCH,"{""progress_anomaly_score"": 5.2452, ""progress_anomaly_percentile"": 0.9008, ""geospatial_anomaly_percentile"": 0.1094}",2026-09-06T09:45:06.494738+00:00
MPLADS-000147,0.0182,NORMAL,"{""financial__sanctioned_amount"": 0.2207, ""mean_anomaly_score"": 0.012, ""graph_anomaly_percentile"": 0.0054}",2026-09-06T09:45:06.494738+00:00
MPLADS-000148,0.0182,NORMAL,"{""geospatial_anomaly_score"": 0.0672, ""project__planned_duration_days"": 0.0583, ""geo__infrastructure_gap_index"": 0.0437}",2026-09-06T09:45:06.494738+00:00
MPLADS-000149,0.0182,NORMAL,"{""mean_anomaly_score"": 0.0529, ""geo__infrastructure_gap_index"": 0.0331, ""std_anomaly_score"": 0.0083}",2026-09-06T09:45:06.494738+00:00
MPLADS-000150,1.0,ABANDONED_WORK,"{""progress_anomaly_score"": 5.1085, ""progress_anomaly_percentile"": 0.8848, ""financial_anomaly_score"": 0.1789}",2026-09-06T09:45:06.494738+00:00
MPLADS-000151,0.0308,NORMAL,"{""financial__sanctioned_amount"": 0.1133, ""geospatial_anomaly_score"": 0.0734, ""geo__population_density"": 0.0681}",2026-09-06T09:45:06.494738+00:00
MPLADS-000152,0.0345,NORMAL,"{""financial__sanctioned_amount"": 0.2573, ""geo__infrastructure_gap_index"": 0.1843, ""payment_anomaly_score"": 0.1628}",2026-09-06T09:45:06.494738+00:00
MPLADS-000153,0.0231,NORMAL,"{""financial__sanctioned_amount"": 0.2219, ""geo__population_density"": 0.0926, ""financial_anomaly_percentile"": 0.0837}",2026-09-06T09:45:06.494738+00:00
MPLADS-000154,0.0182,NORMAL,"{""payment_anomaly_percentile"": 0.0985, ""payment_anomaly_score"": 0.0925, ""geo__population_density"": 0.0746}",2026-09-06T09:45:06.494738+00:00
MPLADS-000155,0.0182,NORMAL,"{""financial_anomaly_percentile"": 0.0644, ""std_anomaly_score"": 0.0596, ""project__planned_duration_days"": 0.0333}",2026-09-06T09:45:06.494738+00:00
MPLADS-000156,0.011,NORMAL,"{""std_anomaly_score"": 0.082, ""max_anomaly_score"": 0.0449, ""graph_anomaly_score"": 0.0287}",2026-09-06T09:45:06.494738+00:00
MPLADS-000157,0.0778,NORMAL,"{""procurement_anomaly_percentile"": 0.5794, ""procurement_anomaly_score"": 0.525, ""financial_anomaly_score"": 0.2451}",2026-09-06T09:45:06.494738+00:00
MPLADS-000158,0.0314,NORMAL,"{""geo__infrastructure_gap_index"": 0.0991, ""geo__population_density"": 0.0974, ""geospatial_anomaly_score"": 0.082}",2026-09-06T09:45:06.494738+00:00
MPLADS-000159,0.0314,NORMAL,"{""geo__population_density"": 0.1481, ""financial__sanctioned_amount"": 0.0736, ""geospatial_anomaly_score"": 0.0689}",2026-09-06T09:45:06.494738+00:00
MPLADS-000160,0.0231,NORMAL,"{""geo__infrastructure_gap_index"": 0.1705, ""project__planned_duration_days"": 0.0666, ""mean_anomaly_score"": 0.0414}",2026-09-06T09:45:06.494738+00:00
MPLADS-000161,0.0182,NORMAL,"{""geo__infrastructure_gap_index"": 0.0812, ""financial_anomaly_percentile"": 0.0551, ""project__planned_duration_days"": 0.0489}",2026-09-06T09:45:06.494738+00:00
MPLADS-000162,0.0231,NORMAL,"{""geospatial_anomaly_score"": 0.087, ""project__planned_duration_days"": 0.0506, ""geospatial_anomaly_percentile"": 0.0246}",2026-09-06T09:45:06.494738+00:00
MPLADS-000163,0.0182,NORMAL,"{""financial__sanctioned_amount"": 0.2173, ""payment_anomaly_score"": 0.0827, ""payment_anomaly_percentile"": 0.022}",2026-09-06T09:45:06.494738+00:00
MPLADS-000164,0.0231,NORMAL,"{""financial__sanctioned_amount"": 0.1696, ""geo__population_density"": 0.1178, ""geospatial_anomaly_score"": 0.0698}",2026-09-06T09:45:06.494738+00:00
MPLADS-000165,0.2879,NORMAL,"{""procurement_anomaly_score"": 1.5178, ""procurement_anomaly_percentile"": 0.4858, ""geo__population_density"": 0.1455}",2026-09-06T09:45:06.494738+00:00
MPLADS-000166,1.0,DELAYED_WORK,"{""progress_anomaly_score"": 5.2753, ""progress_anomaly_percentile"": 0.9619, ""geo__population_density"": 0.1261}",2026-09-06T09:45:06.494738+00:00
MPLADS-000167,0.0182,NORMAL,"{""geospatial_anomaly_score"": 0.077, ""financial__sanctioned_amount"": 0.0232, ""geospatial_anomaly_percentile"": 0.0165}",2026-09-06T09:45:06.494738+00:00
MPLADS-000168,0.0231,NORMAL,"{""geo__infrastructure_gap_index"": 0.277, ""project__planned_duration_days"": 0.0572, ""geospatial_anomaly_score"": 0.047}",2026-09-06T09:45:06.494738+00:00
MPLADS-000169,1.0,ABANDONED_WORK,"{""progress_anomaly_score"": 5.1251, ""progress_anomaly_percentile"": 0.9047, ""geo__infrastructure_gap_index"": 0.1483}",2026-09-06T09:45:06.494738+00:00
MPLADS-000170,0.0231,NORMAL,"{""geo__infrastructure_gap_index"": 0.0571, ""project__planned_duration_days"": 0.055, ""financial__sanctioned_amount"": 0.0285}",2026-09-06T09:45:06.494738+00:00
MPLADS-000171,1.0,DOCUMENTATION_DEFICIT,"{""progress_anomaly_score"": 5.1044, ""progress_anomaly_percentile"": 0.9685, ""payment_anomaly_score"": 0.3227}",2026-09-06T09:45:06.494738+00:00
MPLADS-000172,1.0,COST_OVERRUN,"{""progress_anomaly_score"": 4.293, ""progress_anomaly_percentile"": 0.837, ""procurement_anomaly_score"": 0.4962}",2026-09-06T09:45:06.494738+00:00
MPLADS-000173,0.0314,NORMAL,"{""geo__population_density"": 0.1898, ""graph_anomaly_score"": 0.11, ""geo__infrastructure_gap_index"": 0.0985}",2026-09-06T09:45:06.494738+00:00
MPLADS-000174,0.0182,NORMAL,"{""geo__infrastructure_gap_index"": 0.0785, ""graph_anomaly_score"": 0.0657, ""project__planned_duration_days"": 0.0552}",2026-09-06T09:45:06.494738+00:00
MPLADS-000175,1.0,DOCUMENTATION_DEFICIT,"{""progress_anomaly_score"": 5.253, ""progress_anomaly_percentile"": 0.8869, ""geo__infrastructure_gap_index"": 0.1114}",2026-09-06T09:45:06.494738+00:00
MPLADS-000176,0.0225,NORMAL,"{""geospatial_anomaly_score"": 0.1062, ""geospatial_anomaly_percentile"": 0.0405, ""financial__sanctioned_amount"": 0.0391}",2026-09-06T09:45:06.494738+00:00
MPLADS-000177,0.0231,NORMAL,"{""geo__infrastructure_gap_index"": 0.1162, ""geospatial_anomaly_score"": 0.1023, ""project__planned_duration_days"": 0.057}",2026-09-06T09:45:06.494738+00:00
MPLADS-000178,0.0314,NORMAL,"{""financial_anomaly_score"": 0.152, ""geospatial_anomaly_score"": 0.0482, ""financial__sanctioned_amount"": 0.0447}",2026-09-06T09:45:06.494738+00:00
MPLADS-000179,0.0182,NORMAL,"{""geo__infrastructure_gap_index"": 0.1469, ""std_anomaly_score"": 0.0161, ""financial__sanctioned_amount"": 0.0039}",2026-09-06T09:45:06.494738+00:00
MPLADS-000180,1.0,PAYMENT_PROGRESS_MISMATCH,"{""progress_anomaly_score"": 5.1386, ""progress_anomaly_percentile"": 0.9345, ""geo__population_density"": 0.1894}",2026-09-06T09:45:06.494738+00:00
MPLADS-000181,0.0314,NORMAL,"{""financial__sanctioned_amount"": 0.1112, ""geo__infrastructure_gap_index"": 0.1026, ""geospatial_anomaly_score"": 0.0857}",2026-09-06T09:45:06.494738+00:00
MPLADS-000182,0.011,NORMAL,"{""project__planned_duration_days"": 0.0576, ""financial_anomaly_percentile"": 0.0397, ""geo__infrastructure_gap_index"": 0.0356}",2026-09-06T09:45:06.494738+00:00
MPLADS-000183,0.0265,NORMAL,"{""geo__infrastructure_gap_index"": 0.3573, ""project__planned_duration_days"": 0.0366, ""geospatial_anomaly_score"": 0.019}",2026-09-06T09:45:06.494738+00:00
MPLADS-000184,0.0161,NORMAL,"{""geo__population_density"": 0.2578, ""geo__infrastructure_gap_index"": 0.0573, ""project__planned_duration_days"": 0.0523}",2026-09-06T09:45:06.494738+00:00
MPLADS-000185,0.0182,NORMAL,"{""geo__population_density"": 0.0546, ""financial_anomaly_score"": 0.0474, ""project__planned_duration_days"": 0.042}",2026-09-06T09:45:06.494738+00:00
MPLADS-000186,0.3648,NORMAL,"{""procurement_anomaly_score"": 1.6217, ""procurement_anomaly_percentile"": 0.5534, ""geospatial_anomaly_score"": 0.0957}",2026-09-06T09:45:06.494738+00:00
MPLADS-000187,0.0182,NORMAL,"{""geospatial_anomaly_score"": 0.0301, ""project__planned_duration_days"": 0.0156, ""graph_anomaly_percentile"": 0.0112}",2026-09-06T09:45:06.494738+00:00
MPLADS-000188,0.0314,NORMAL,"{""procurement_anomaly_percentile"": 0.2506, ""graph_anomaly_score"": 0.0691, ""financial__sanctioned_amount"": 0.0575}",2026-09-06T09:45:06.494738+00:00
MPLADS-000189,0.1,NORMAL,"{""financial__sanctioned_amount"": 0.4448, ""geo__infrastructure_gap_index"": 0.2178, ""std_anomaly_score"": 0.1232}",2026-09-06T09:45:06.494738+00:00
MPLADS-000190,0.0182,NORMAL,"{""geo__population_density"": 0.1463, ""geo__infrastructure_gap_index"": 0.0793, ""project__planned_duration_days"": 0.0532}",2026-09-06T09:45:06.494738+00:00
MPLADS-000191,0.011,NORMAL,"{""financial_anomaly_score"": 0.0655, ""payment_anomaly_percentile"": 0.054, ""project__planned_duration_days"": 0.0293}",2026-09-06T09:45:06.494738+00:00
MPLADS-000192,0.0182,NORMAL,"{""geo__infrastructure_gap_index"": 0.0632, ""project__planned_duration_days"": 0.0375, ""std_anomaly_score"": 0.033}",2026-09-06T09:45:06.494738+00:00
MPLADS-000193,0.0225,NORMAL,"{""geo__population_density"": 0.1395, ""financial__sanctioned_amount"": 0.1015, ""geospatial_anomaly_score"": 0.0349}",2026-09-06T09:45:06.494738+00:00
MPLADS-000194,0.0182,NORMAL,"{""geospatial_anomaly_score"": 0.0579, ""contractor_anomaly_score"": 0.0359, ""financial__sanctioned_amount"": 0.026}",2026-09-06T09:45:06.494738+00:00
MPLADS-000195,0.0314,NORMAL,"{""geo__population_density"": 0.3126, ""financial__sanctioned_amount"": 0.103, ""geospatial_anomaly_score"": 0.0246}",2026-09-06T09:45:06.494738+00:00
MPLADS-000196,0.0231,NORMAL,"{""max_anomaly_score"": 0.1121, ""geospatial_anomaly_score"": 0.071, ""geo__population_density"": 0.0503}",2026-09-06T09:45:06.494738+00:00
MPLADS-000197,0.0265,NORMAL,"{""geo__infrastructure_gap_index"": 0.062, ""payment_anomaly_score"": 0.0518, ""payment_anomaly_percentile"": 0.0252}",2026-09-06T09:45:06.494738+00:00
MPLADS-000198,0.0345,NORMAL,"{""progress_anomaly_score"": 0.66, ""geo__infrastructure_gap_index"": 0.0857, ""progress_anomaly_percentile"": 0.0659}",2026-09-06T09:45:06.494738+00:00
MPLADS-000199,0.0182,NORMAL,"{""financial_anomaly_score"": 0.1214, ""financial_anomaly_percentile"": 0.0963, ""std_anomaly_score"": 0.0473}",2026-09-06T09:45:06.494738+00:00
MPLADS-000200,0.011,NORMAL,"{""financial_anomaly_score"": 0.1516, ""financial_anomaly_percentile"": 0.0551, ""project__planned_duration_days"": 0.0503}",2026-09-06T09:45:06.494738+00:00
MPLADS-000201,0.0425,NORMAL,"{""payment_anomaly_score"": 0.136, ""geo__population_density"": 0.1182, ""project__planned_duration_days"": 0.0632}",2026-09-06T09:45:06.494738+00:00
MPLADS-000202,1.0,GHOST_WORK,"{""progress_anomaly_score"": 5.1935, ""progress_anomaly_percentile"": 0.907, ""geo__infrastructure_gap_index"": 0.1293}",2026-09-06T09:45:06.494738+00:00
MPLADS-000203,0.0182,NORMAL,"{""financial__sanctioned_amount"": 0.1724, ""geospatial_anomaly_score"": 0.0774, ""payment_anomaly_score"": 0.0587}",2026-09-06T09:45:06.494738+00:00
MPLADS-000204,0.0265,NORMAL,"{""payment_anomaly_score"": 0.0881, ""payment_anomaly_percentile"": 0.0564, ""geo__infrastructure_gap_index"": 0.0322}",2026-09-06T09:45:06.494738+00:00
MPLADS-000205,0.0231,NORMAL,"{""geospatial_anomaly_score"": 0.1262, ""mean_anomaly_score"": 0.0426, ""geospatial_anomaly_percentile"": 0.0335}",2026-09-06T09:45:06.494738+00:00
MPLADS-000206,0.0231,NORMAL,"{""financial_anomaly_score"": 0.102, ""geo__infrastructure_gap_index"": 0.0727, ""contractor_anomaly_score"": 0.0638}",2026-09-06T09:45:06.494738+00:00
MPLADS-000207,0.0225,NORMAL,"{""geo__infrastructure_gap_index"": 0.1592, ""max_anomaly_score"": 0.0444, ""graph_anomaly_percentile"": 0.023}",2026-09-06T09:45:06.494738+00:00
MPLADS-000208,0.0345,NORMAL,"{""procurement_anomaly_percentile"": 0.1605, ""financial__sanctioned_amount"": 0.0628, ""geo__infrastructure_gap_index"": 0.0447}",2026-09-06T09:45:06.494738+00:00
MPLADS-000209,0.0182,NORMAL,"{""geo__infrastructure_gap_index"": 0.0408, ""project__planned_duration_days"": 0.025, ""financial__sanctioned_amount"": 0.0187}",2026-09-06T09:45:06.494738+00:00
MPLADS-000210,1.0,DELAYED_WORK,"{""progress_anomaly_score"": 5.271, ""progress_anomaly_percentile"": 0.939, ""geo__population_density"": 0.1543}",2026-09-06T09:45:06.494738+00:00
MPLADS-000211,0.0182,NORMAL,"{""project__planned_duration_days"": 0.0446, ""geo__infrastructure_gap_index"": 0.0391, ""graph_anomaly_percentile"": 0.0015}",2026-09-06T09:45:06.494738+00:00
MPLADS-000212,0.0182,NORMAL,"{""geospatial_anomaly_percentile"": 0.1265, ""mean_anomaly_score"": 0.0685, ""geo__infrastructure_gap_index"": 0.0632}",2026-09-06T09:45:06.494738+00:00
MPLADS-000213,0.0182,NORMAL,"{""financial__sanctioned_amount"": 0.0388, ""payment_anomaly_percentile"": 0.0355, ""geospatial_anomaly_score"": 0.0218}",2026-09-06T09:45:06.494738+00:00
MPLADS-000214,0.0088,NORMAL,"{""financial_anomaly_score"": 0.1448, ""geo__population_density"": 0.1123, ""project__planned_duration_days"": 0.0334}",2026-09-06T09:45:06.494738+00:00
MPLADS-000215,0.0161,NORMAL,"{""project__planned_duration_days"": 0.053, ""geo__infrastructure_gap_index"": 0.0519, ""contractor_anomaly_percentile"": 0.0066}",2026-09-06T09:45:06.494738+00:00
MPLADS-000216,0.0231,NORMAL,"{""financial_anomaly_score"": 0.2327, ""procurement_anomaly_percentile"": 0.1327, ""financial_anomaly_percentile"": 0.1038}",2026-09-06T09:45:06.494738+00:00
MPLADS-000217,0.0231,NORMAL,"{""geo__population_density"": 0.3538, ""financial__sanctioned_amount"": 0.1634, ""geospatial_anomaly_score"": 0.1167}",2026-09-06T09:45:06.494738+00:00
MPLADS-000218,0.0225,NORMAL,"{""financial__sanctioned_amount"": 0.2276, ""geo__population_density"": 0.0998, ""graph_anomaly_percentile"": 0.0393}",2026-09-06T09:45:06.494738+00:00
MPLADS-000219,0.0182,NORMAL,"{""geo__population_density"": 0.1594, ""project__planned_duration_days"": 0.0488, ""graph_anomaly_percentile"": 0.0048}",2026-09-06T09:45:06.494738+00:00
MPLADS-000220,0.0314,NORMAL,"{""procurement_anomaly_percentile"": 0.1772, ""geo__population_density"": 0.1126, ""graph_anomaly_score"": 0.0861}",2026-09-06T09:45:06.494738+00:00
MPLADS-000221,0.0314,NORMAL,"{""geo__population_density"": 0.275, ""geospatial_anomaly_score"": 0.1399, ""financial__sanctioned_amount"": 0.1393}",2026-09-06T09:45:06.494738+00:00
MPLADS-000222,0.0225,NORMAL,"{""geospatial_anomaly_percentile"": 0.1922, ""geospatial_anomaly_score"": 0.1311, ""payment_anomaly_score"": 0.103}",2026-09-06T09:45:06.494738+00:00
MPLADS-000223,0.0182,NORMAL,"{""financial__sanctioned_amount"": 0.1296, ""financial_anomaly_score"": 0.0821, ""financial_anomaly_percentile"": 0.0603}",2026-09-06T09:45:06.494738+00:00
MPLADS-000224,0.0231,NORMAL,"{""contractor_anomaly_percentile"": 0.1749, ""contractor_anomaly_score"": 0.1462, ""project__planned_duration_days"": 0.067}",2026-09-06T09:45:06.494738+00:00
MPLADS-000225,0.0231,NORMAL,"{""financial__sanctioned_amount"": 0.1727, ""payment_anomaly_score"": 0.127, ""geo__infrastructure_gap_index"": 0.112}",2026-09-06T09:45:06.494738+00:00
MPLADS-000226,0.0231,NORMAL,"{""project__planned_duration_days"": 0.0476, ""geospatial_anomaly_score"": 0.0422, ""payment_anomaly_score"": 0.0286}",2026-09-06T09:45:06.494738+00:00
MPLADS-000227,0.0265,NORMAL,"{""financial__sanctioned_amount"": 0.1602, ""geo__population_density"": 0.0414, ""geospatial_anomaly_percentile"": 0.019}",2026-09-06T09:45:06.494738+00:00
MPLADS-000228,0.451,NORMAL,"{""procurement_anomaly_score"": 1.8751, ""procurement_anomaly_percentile"": 0.841, ""geospatial_anomaly_score"": 0.1201}",2026-09-06T09:45:06.494738+00:00
MPLADS-000229,0.0182,NORMAL,"{""financial__sanctioned_amount"": 0.0453, ""geospatial_anomaly_score"": 0.0173, ""std_anomaly_score"": 0.0027}",2026-09-06T09:45:06.494738+00:00
MPLADS-000230,0.0182,NORMAL,"{""graph_anomaly_score"": 0.0324, ""graph_anomaly_percentile"": 0.0133, ""contractor_anomaly_score"": 0.0034}",2026-09-06T09:45:06.494738+00:00
MPLADS-000231,1.0,DOCUMENTATION_DEFICIT,"{""progress_anomaly_score"": 5.2622, ""progress_anomaly_percentile"": 0.9533, ""payment_anomaly_score"": 0.1209}",2026-09-06T09:45:06.494738+00:00
MPLADS-000232,0.0381,NORMAL,"{""procurement_anomaly_score"": 0.5828, ""procurement_anomaly_percentile"": 0.2287, ""financial__sanctioned_amount"": 0.1893}",2026-09-06T09:45:06.494738+00:00
MPLADS-000233,0.2884,NORMAL,"{""procurement_anomaly_score"": 0.8108, ""procurement_anomaly_percentile"": 0.6153, ""financial_anomaly_score"": 0.3061}",2026-09-06T09:45:06.494738+00:00
MPLADS-000234,0.0231,NORMAL,"{""financial__sanctioned_amount"": 0.2027, ""payment_anomaly_score"": 0.1557, ""geo__population_density"": 0.1387}",2026-09-06T09:45:06.494738+00:00
MPLADS-000235,0.1,NORMAL,"{""financial__sanctioned_amount"": 0.2806, ""geo__infrastructure_gap_index"": 0.1727, ""geospatial_anomaly_score"": 0.1302}",2026-09-06T09:45:06.494738+00:00
MPLADS-000236,0.0231,NORMAL,"{""geo__infrastructure_gap_index"": 0.2193, ""geospatial_anomaly_score"": 0.2038, ""project__planned_duration_days"": 0.0491}",2026-09-06T09:45:06.494738+00:00
MPLADS-000237,0.0231,NORMAL,"{""geo__infrastructure_gap_index"": 0.1069, ""project__planned_duration_days"": 0.058, ""financial__sanctioned_amount"": 0.0573}",2026-09-06T09:45:06.494738+00:00
MPLADS-000238,0.0231,NORMAL,"{""geo__population_density"": 0.0868, ""geo__infrastructure_gap_index"": 0.0741, ""financial__sanctioned_amount"": 0.0646}",2026-09-06T09:45:06.494738+00:00
MPLADS-000239,0.0182,NORMAL,"{""geo__population_density"": 0.0575, ""geospatial_anomaly_score"": 0.0413, ""project__planned_duration_days"": 0.0361}",2026-09-06T09:45:06.494738+00:00
MPLADS-000240,0.0262,NORMAL,"{""geospatial_anomaly_score"": 0.1608, ""financial_anomaly_percentile"": 0.0774, ""financial__sanctioned_amount"": 0.0669}",2026-09-06T09:45:06.494738+00:00
MPLADS-000241,0.0225,NORMAL,"{""payment_anomaly_score"": 0.2797, ""financial_anomaly_score"": 0.0615, ""financial_anomaly_percentile"": 0.0534}",2026-09-06T09:45:06.494738+00:00
MPLADS-000242,0.0225,NORMAL,"{""financial__sanctioned_amount"": 0.1324, ""payment_anomaly_percentile"": 0.0249, ""num_flagged_models"": 0.0014}",2026-09-06T09:45:06.494738+00:00
MPLADS-000243,0.0231,NORMAL,"{""geo__population_density"": 0.1507, ""max_anomaly_score"": 0.0967, ""geo__infrastructure_gap_index"": 0.0629}",2026-09-06T09:45:06.494738+00:00
MPLADS-000244,0.0345,NORMAL,"{""geo__population_density"": 0.1651, ""project__planned_duration_days"": 0.0454, ""mean_anomaly_score"": 0.016}",2026-09-06T09:45:06.494738+00:00
MPLADS-000245,0.0225,NORMAL,"{""geo__population_density"": 0.1632, ""financial__sanctioned_amount"": 0.1139, ""geo__infrastructure_gap_index"": 0.0694}",2026-09-06T09:45:06.494738+00:00
MPLADS-000246,0.0308,NORMAL,"{""geospatial_anomaly_percentile"": 0.0417, ""geo__population_density"": 0.0377, ""geospatial_anomaly_score"": 0.0375}",2026-09-06T09:45:06.494738+00:00
MPLADS-000247,0.0088,NORMAL,"{""financial_anomaly_score"": 0.1516, ""project__planned_duration_days"": 0.0356, ""geo__infrastructure_gap_index"": 0.0325}",2026-09-06T09:45:06.494738+00:00
MPLADS-000248,1.0,PAYMENT_PROGRESS_MISMATCH,"{""progress_anomaly_score"": 5.5168, ""progress_anomaly_percentile"": 0.9871, ""payment_anomaly_score"": 0.0646}",2026-09-06T09:45:06.494738+00:00
MPLADS-000249,0.0231,NORMAL,"{""geo__infrastructure_gap_index"": 0.0945, ""project__planned_duration_days"": 0.0545, ""mean_anomaly_score"": 0.0271}",2026-09-06T09:45:06.494738+00:00
MPLADS-000250,1.0,PAYMENT_PROGRESS_MISMATCH,"{""progress_anomaly_score"": 5.1517, ""progress_anomaly_percentile"": 0.8881, ""financial__sanctioned_amount"": 0.1002}",2026-09-06T09:45:06.494738+00:00
MPLADS-000251,0.0231,NORMAL,"{""geo__infrastructure_gap_index"": 0.0362, ""project__planned_duration_days"": 0.0313, ""mean_anomaly_score"": 0.0113}",2026-09-06T09:45:06.494738+00:00
MPLADS-000252,0.0182,NORMAL,"{""financial_anomaly_score"": 0.218, ""geo__population_density"": 0.0553, ""project__planned_duration_days"": 0.0529}",2026-09-06T09:45:06.494738+00:00
MPLADS-000253,0.0262,NORMAL,"{""financial__sanctioned_amount"": 0.2645, ""payment_anomaly_score"": 0.1817, ""geospatial_anomaly_score"": 0.1147}",2026-09-06T09:45:06.494738+00:00
MPLADS-000254,0.0314,NORMAL,"{""financial__sanctioned_amount"": 0.2549, ""geo__population_density"": 0.2322, ""procurement_anomaly_percentile"": 0.1172}",2026-09-06T09:45:06.494738+00:00
MPLADS-000255,1.0,PAYMENT_PROGRESS_MISMATCH,"{""progress_anomaly_score"": 5.2215, ""progress_anomaly_percentile"": 0.8871, ""payment_anomaly_score"": 0.0968}",2026-09-06T09:45:06.494738+00:00
MPLADS-000256,0.0231,NORMAL,"{""geospatial_anomaly_score"": 0.0719, ""project__planned_duration_days"": 0.0475, ""geospatial_anomaly_percentile"": 0.0162}",2026-09-06T09:45:06.494738+00:00
MPLADS-000257,0.0182,NORMAL,"{""geo__infrastructure_gap_index"": 0.193, ""financial_anomaly_percentile"": 0.0737, ""geospatial_anomaly_score"": 0.0613}",2026-09-06T09:45:06.494738+00:00
MPLADS-000258,1.0,PAYMENT_PROGRESS_MISMATCH,"{""progress_anomaly_score"": 5.1222, ""progress_anomaly_percentile"": 0.8784, ""geo__infrastructure_gap_index"": 0.1298}",2026-09-06T09:45:06.494738+00:00
MPLADS-000259,0.0314,NORMAL,"{""geospatial_anomaly_score"": 0.1731, ""financial__sanctioned_amount"": 0.152, ""geo__population_density"": 0.1094}",2026-09-06T09:45:06.494738+00:00
MPLADS-000260,0.0182,NORMAL,"{""project__planned_duration_days"": 0.0609, ""mean_anomaly_score"": 0.0518, ""geospatial_anomaly_percentile"": 0.0474}",2026-09-06T09:45:06.494738+00:00
MPLADS-000261,0.0314,NORMAL,"{""financial__sanctioned_amount"": 0.3697, ""procurement_anomaly_percentile"": 0.1011, ""payment_anomaly_percentile"": 0.0582}",2026-09-06T09:45:06.494738+00:00
MPLADS-000262,0.191,NORMAL,"{""payment_anomaly_score"": 0.4748, ""geospatial_anomaly_score"": 0.2239, ""mean_anomaly_score"": 0.0964}",2026-09-06T09:45:06.494738+00:00
MPLADS-000263,0.0182,NORMAL,"{""financial__sanctioned_amount"": 0.0965, ""geo__infrastructure_gap_index"": 0.0846, ""payment_anomaly_percentile"": 0.0331}",2026-09-06T09:45:06.494738+00:00
MPLADS-000264,0.0182,NORMAL,"{""financial_anomaly_score"": 0.2572, ""std_anomaly_score"": 0.0828, ""financial_anomaly_percentile"": 0.0717}",2026-09-06T09:45:06.494738+00:00
MPLADS-000265,0.0182,NORMAL,"{""financial_anomaly_score"": 0.21, ""geo__population_density"": 0.1766, ""graph_anomaly_score"": 0.1168}",2026-09-06T09:45:06.494738+00:00
MPLADS-000266,1.0,DOCUMENTATION_DEFICIT,"{""progress_anomaly_score"": 5.2568, ""progress_anomaly_percentile"": 0.9381, ""geospatial_anomaly_percentile"": 0.142}",2026-09-06T09:45:06.494738+00:00
MPLADS-000267,1.0,GHOST_WORK,"{""progress_anomaly_score"": 5.3366, ""progress_anomaly_percentile"": 0.9464, ""std_anomaly_score"": 0.0978}",2026-09-06T09:45:06.494738+00:00
MPLADS-000268,0.011,NORMAL,"{""project__planned_duration_days"": 0.0501, ""graph_anomaly_percentile"": 0.0132, ""num_flagged_models"": 0.0014}",2026-09-06T09:45:06.494738+00:00
MPLADS-000269,0.0231,NORMAL,"{""financial__sanctioned_amount"": 0.1141, ""geospatial_anomaly_score"": 0.0761, ""project__planned_duration_days"": 0.0613}",2026-09-06T09:45:06.494738+00:00
MPLADS-000270,0.0182,NORMAL,"{""financial__sanctioned_amount"": 0.1129, ""geo__population_density"": 0.0911, ""project__planned_duration_days"": 0.0503}",2026-09-06T09:45:06.494738+00:00
MPLADS-000271,1.0,PAYMENT_PROGRESS_MISMATCH,"{""progress_anomaly_score"": 5.2644, ""progress_anomaly_percentile"": 0.9297, ""payment_anomaly_score"": 0.1211}",2026-09-06T09:45:06.494738+00:00
MPLADS-000272,0.0231,NORMAL,"{""geo__population_density"": 0.0751, ""graph_anomaly_score"": 0.0641, ""geo__infrastructure_gap_index"": 0.0635}",2026-09-06T09:45:06.494738+00:00
MPLADS-000273,1.0,PAYMENT_PROGRESS_MISMATCH,"{""progress_anomaly_score"": 5.2995, ""progress_anomaly_percentile"": 0.932, ""geo__population_density"": 0.1379}",2026-09-06T09:45:06.494738+00:00
MPLADS-000274,0.0182,NORMAL,"{""geospatial_anomaly_score"": 0.0403, ""std_anomaly_score"": 0.0236, ""geospatial_anomaly_percentile"": 0.0194}",2026-09-06T09:45:06.494738+00:00
MPLADS-000275,0.0182,NORMAL,"{""financial__sanctioned_amount"": 0.2815, ""geo__population_density"": 0.1762, ""geo__infrastructure_gap_index"": 0.1356}",2026-09-06T09:45:06.494738+00:00
MPLADS-000276,0.0225,NORMAL,"{""mean_anomaly_score"": 0.1149, ""payment_anomaly_percentile"": 0.0835, ""financial__sanctioned_amount"": 0.0299}",2026-09-06T09:45:06.494738+00:00
MPLADS-000277,0.0225,NORMAL,"{""geo__population_density"": 0.2832, ""geospatial_anomaly_score"": 0.108, ""project__planned_duration_days"": 0.0669}",2026-09-06T09:45:06.494738+00:00
MPLADS-000278,0.0231,NORMAL,"{""geo__population_density"": 0.1367, ""payment_anomaly_percentile"": 0.0478, ""project__planned_duration_days"": 0.0242}",2026-09-06T09:45:06.494738+00:00
MPLADS-000279,0.0182,NORMAL,"{""financial__sanctioned_amount"": 0.0617, ""project__planned_duration_days"": 0.0506, ""payment_anomaly_percentile"": 0.0324}",2026-09-06T09:45:06.494738+00:00
MPLADS-000280,0.0231,NORMAL,"{""geospatial_anomaly_score"": 0.191, ""geo__infrastructure_gap_index"": 0.1605, ""project__planned_duration_days"": 0.0631}",2026-09-06T09:45:06.494738+00:00
MPLADS-000281,0.011,NORMAL,"{""std_anomaly_score"": 0.0464, ""project__planned_duration_days"": 0.0409, ""payment_anomaly_score"": 0.0407}",2026-09-06T09:45:06.494738+00:00
MPLADS-000282,0.0314,NORMAL,"{""financial_anomaly_score"": 0.3044, ""geospatial_anomaly_score"": 0.0987, ""payment_anomaly_score"": 0.0695}",2026-09-06T09:45:06.494738+00:00
MPLADS-000283,0.0182,NORMAL,"{""std_anomaly_score"": 0.2027, ""geo__population_density"": 0.1497, ""project__planned_duration_days"": 0.0646}",2026-09-06T09:45:06.494738+00:00
MPLADS-000284,0.0182,NORMAL,"{""geospatial_anomaly_score"": 0.1696, ""project__planned_duration_days"": 0.0739, ""geospatial_anomaly_percentile"": 0.0401}",2026-09-06T09:45:06.494738+00:00
MPLADS-000285,0.0231,NORMAL,"{""project__planned_duration_days"": 0.0934, ""geospatial_anomaly_score"": 0.0825, ""financial__sanctioned_amount"": 0.0795}",2026-09-06T09:45:06.494738+00:00
MPLADS-000286,0.011,NORMAL,"{""geo__infrastructure_gap_index"": 0.0866, ""project__planned_duration_days"": 0.0343, ""contractor_anomaly_score"": 0.0237}",2026-09-06T09:45:06.494738+00:00
MPLADS-000287,0.0182,NORMAL,"{""financial_anomaly_percentile"": 0.1189, ""financial_anomaly_score"": 0.1134, ""payment_anomaly_percentile"": 0.0499}",2026-09-06T09:45:06.494738+00:00
MPLADS-000288,1.0,PAYMENT_PROGRESS_MISMATCH,"{""progress_anomaly_score"": 5.3747, ""progress_anomaly_percentile"": 0.9482, ""payment_anomaly_score"": 0.1196}",2026-09-06T09:45:06.494738+00:00
MPLADS-000289,0.0225,NORMAL,"{""financial_anomaly_percentile"": 0.0637, ""geo__infrastructure_gap_index"": 0.0583, ""std_anomaly_score"": 0.0551}",2026-09-06T09:45:06.494738+00:00
MPLADS-000290,0.1669,NORMAL,"{""geo__infrastructure_gap_index"": 0.299, ""geo__population_density"": 0.288, ""geospatial_anomaly_score"": 0.1409}",2026-09-06T09:45:06.494738+00:00
MPLADS-000291,0.011,NORMAL,"{""std_anomaly_score"": 0.0574, ""geo__infrastructure_gap_index"": 0.0421, ""project__planned_duration_days"": 0.0397}",2026-09-06T09:45:06.494738+00:00
MPLADS-000292,0.0265,NORMAL,"{""geo__infrastructure_gap_index"": 0.1448, ""geo__population_density"": 0.0985, ""project__planned_duration_days"": 0.038}",2026-09-06T09:45:06.494738+00:00
MPLADS-000293,0.0231,NORMAL,"{""geo__infrastructure_gap_index"": 0.0779, ""procurement_anomaly_percentile"": 0.0474, ""geo__population_density"": 0.0395}",2026-09-06T09:45:06.494738+00:00
MPLADS-000294,0.0314,NORMAL,"{""procurement_anomaly_score"": 0.3212, ""procurement_anomaly_percentile"": 0.2904, ""std_anomaly_score"": 0.0885}",2026-09-06T09:45:06.494738+00:00
MPLADS-000295,0.0231,NORMAL,"{""financial__sanctioned_amount"": 0.2022, ""geospatial_anomaly_score"": 0.1517, ""geo__population_density"": 0.0763}",2026-09-06T09:45:06.494738+00:00
MPLADS-000296,0.1669,NORMAL,"{""geospatial_anomaly_score"": 0.2181, ""geo__population_density"": 0.2137, ""mean_anomaly_score"": 0.0886}",2026-09-06T09:45:06.494738+00:00
MPLADS-000297,0.021,NORMAL,"{""geo__population_density"": 0.1842, ""geospatial_anomaly_score"": 0.0643, ""graph_anomaly_percentile"": 0.037}",2026-09-06T09:45:06.494738+00:00
MPLADS-000298,1.0,COST_OVERRUN,"{""progress_anomaly_score"": 2.8077, ""financial_anomaly_score"": 0.3682, ""progress_anomaly_percentile"": 0.3344}",2026-09-06T09:45:06.494738+00:00
MPLADS-000299,0.0139,NORMAL,"{""payment_anomaly_percentile"": 0.0564, ""std_anomaly_score"": 0.0387, ""geo__population_density"": 0.0341}",2026-09-06T09:45:06.494738+00:00
MPLADS-000300,0.0046,NORMAL,"{""std_anomaly_score"": 0.0383, ""financial_anomaly_score"": 0.0367, ""financial_anomaly_percentile"": 0.0239}",2026-09-06T09:45:06.494738+00:00
MPLADS-000301,0.0314,NORMAL,"{""geospatial_anomaly_score"": 0.128, ""max_anomaly_score"": 0.1035, ""financial__sanctioned_amount"": 0.1003}",2026-09-06T09:45:06.494738+00:00
MPLADS-000302,0.0182,NORMAL,"{""financial_anomaly_score"": 0.1559, ""payment_anomaly_score"": 0.096, ""payment_anomaly_percentile"": 0.0522}",2026-09-06T09:45:06.494738+00:00
MPLADS-000303,0.2913,NORMAL,"{""procurement_anomaly_score"": 1.2643, ""procurement_anomaly_percentile"": 0.5101, ""geo__infrastructure_gap_index"": 0.088}",2026-09-06T09:45:06.494738+00:00
MPLADS-000304,0.011,NORMAL,"{""geo__population_density"": 0.0488, ""payment_anomaly_percentile"": 0.0337, ""project__planned_duration_days"": 0.0187}",2026-09-06T09:45:06.494738+00:00
MPLADS-000305,1.0,PAYMENT_PROGRESS_MISMATCH,"{""progress_anomaly_score"": 5.3667, ""progress_anomaly_percentile"": 0.9317, ""payment_anomaly_score"": 0.103}",2026-09-06T09:45:06.494738+00:00
MPLADS-000306,0.0088,NORMAL,"{""financial_anomaly_score"": 0.1514, ""geo__population_density"": 0.0673, ""graph_anomaly_score"": 0.0364}",2026-09-06T09:45:06.494738+00:00
MPLADS-000307,0.0265,NORMAL,"{""procurement_anomaly_score"": 0.6885, ""financial_anomaly_score"": 0.3199, ""procurement_anomaly_percentile"": 0.29}",2026-09-06T09:45:06.494738+00:00
MPLADS-000308,0.0231,NORMAL,"{""geo__population_density"": 0.2078, ""geo__infrastructure_gap_index"": 0.0486, ""project__planned_duration_days"": 0.0485}",2026-09-06T09:45:06.494738+00:00
MPLADS-000309,0.0225,NORMAL,"{""project__planned_duration_days"": 0.0295, ""geospatial_anomaly_score"": 0.0209, ""num_flagged_models"": 0.0014}",2026-09-06T09:45:06.494738+00:00
MPLADS-000310,0.0265,NORMAL,"{""financial__sanctioned_amount"": 0.317, ""contractor_anomaly_score"": 0.0697, ""max_anomaly_score"": 0.069}",2026-09-06T09:45:06.494738+00:00
MPLADS-000311,0.0182,NORMAL,"{""project__planned_duration_days"": 0.0024, ""num_flagged_models"": 0.0014, ""project_size_code"": 0.0}",2026-09-06T09:45:06.494738+00:00
MPLADS-000312,0.0182,NORMAL,"{""financial_anomaly_percentile"": 0.0568, ""mean_anomaly_score"": 0.0359, ""project__planned_duration_days"": 0.0206}",2026-09-06T09:45:06.494738+00:00
MPLADS-000313,1.0,GHOST_WORK,"{""progress_anomaly_score"": 5.0341, ""progress_anomaly_percentile"": 0.8873, ""financial__sanctioned_amount"": 0.1241}",2026-09-06T09:45:06.494738+00:00
MPLADS-000314,0.6685,PROCUREMENT_SINGLE_BID,"{""procurement_anomaly_score"": 1.7748, ""procurement_anomaly_percentile"": 0.8741, ""geospatial_anomaly_score"": 0.1915}",2026-09-06T09:45:06.494738+00:00
MPLADS-000315,0.0182,NORMAL,"{""payment_anomaly_percentile"": 0.0187, ""financial__sanctioned_amount"": 0.013, ""num_flagged_models"": 0.0014}",2026-09-06T09:45:06.494738+00:00
MPLADS-000316,0.0592,NORMAL,"{""procurement_anomaly_score"": 1.0775, ""procurement_anomaly_percentile"": 0.5783, ""max_anomaly_score"": 0.1021}",2026-09-06T09:45:06.494738+00:00
MPLADS-000317,0.0182,NORMAL,"{""financial_anomaly_percentile"": 0.0525, ""project__planned_duration_days"": 0.0324, ""graph_anomaly_score"": 0.0127}",2026-09-06T09:45:06.494738+00:00
MPLADS-000318,0.0182,NORMAL,"{""max_anomaly_score"": 0.0647, ""financial_anomaly_percentile"": 0.0582, ""payment_anomaly_score"": 0.0575}",2026-09-06T09:45:06.494738+00:00
MPLADS-000319,0.0182,NORMAL,"{""project__planned_duration_days"": 0.0545, ""num_flagged_models"": 0.0014, ""project_size_code"": 0.0}",2026-09-06T09:45:06.494738+00:00
MPLADS-000320,1.0,COST_OVERRUN,"{""progress_anomaly_score"": 4.8313, ""progress_anomaly_percentile"": 0.8534, ""procurement_anomaly_score"": 0.2096}",2026-09-06T09:45:06.494738+00:00
MPLADS-000321,1.0,DELAYED_WORK,"{""progress_anomaly_score"": 5.3226, ""progress_anomaly_percentile"": 0.9057, ""financial_anomaly_score"": 0.1873}",2026-09-06T09:45:06.494738+00:00
MPLADS-000322,0.0231,NORMAL,"{""financial__sanctioned_amount"": 0.1942, ""geospatial_anomaly_score"": 0.1019, ""financial_anomaly_percentile"": 0.0762}",2026-09-06T09:45:06.494738+00:00
MPLADS-000323,0.0182,NORMAL,"{""geospatial_anomaly_score"": 0.0645, ""project__planned_duration_days"": 0.0571, ""financial_anomaly_score"": 0.0289}",2026-09-06T09:45:06.494738+00:00
MPLADS-000324,0.0231,NORMAL,"{""geospatial_anomaly_score"": 0.0824, ""project__planned_duration_days"": 0.0606, ""mean_anomaly_score"": 0.0408}",2026-09-06T09:45:06.494738+00:00
MPLADS-000325,0.0314,NORMAL,"{""geo__population_density"": 0.1258, ""graph_anomaly_percentile"": 0.0825, ""geo__infrastructure_gap_index"": 0.074}",2026-09-06T09:45:06.494738+00:00
MPLADS-000326,0.0182,NORMAL,"{""geospatial_anomaly_percentile"": 0.1089, ""mean_anomaly_score"": 0.0638, ""project__planned_duration_days"": 0.038}",2026-09-06T09:45:06.494738+00:00
MPLADS-000327,1.0,COST_OVERRUN,"{""progress_anomaly_score"": 4.88, ""progress_anomaly_percentile"": 0.7658, ""financial__sanctioned_amount"": 0.1342}",2026-09-06T09:45:06.494738+00:00
MPLADS-000328,1.0,ABANDONED_WORK,"{""progress_anomaly_score"": 4.8929, ""progress_anomaly_percentile"": 0.9071, ""payment_anomaly_score"": 0.1433}",2026-09-06T09:45:06.494738+00:00
MPLADS-000329,0.0225,NORMAL,"{""geo__infrastructure_gap_index"": 0.0633, ""project__planned_duration_days"": 0.0519, ""financial__sanctioned_amount"": 0.0396}",2026-09-06T09:45:06.494738+00:00
MPLADS-000330,1.0,PAYMENT_PROGRESS_MISMATCH,"{""progress_anomaly_score"": 5.4531, ""progress_anomaly_percentile"": 0.9341, ""payment_anomaly_score"": 0.1245}",2026-09-06T09:45:06.494738+00:00
MPLADS-000331,0.011,NORMAL,"{""financial__sanctioned_amount"": 0.3282, ""payment_anomaly_percentile"": 0.0243, ""geospatial_anomaly_percentile"": 0.0169}",2026-09-06T09:45:06.494738+00:00
MPLADS-000332,0.0161,NORMAL,"{""financial__sanctioned_amount"": 0.0991, ""project__planned_duration_days"": 0.0569, ""geospatial_anomaly_score"": 0.0467}",2026-09-06T09:45:06.494738+00:00
MPLADS-000333,1.0,COST_OVERRUN,"{""progress_anomaly_score"": 4.5982, ""progress_anomaly_percentile"": 0.8439, ""procurement_anomaly_score"": 0.2426}",2026-09-06T09:45:06.494738+00:00
MPLADS-000334,0.0225,NORMAL,"{""geo__infrastructure_gap_index"": 0.1392, ""financial__sanctioned_amount"": 0.1296, ""geo__population_density"": 0.0851}",2026-09-06T09:45:06.494738+00:00
MPLADS-000335,0.0225,NORMAL,"{""financial__sanctioned_amount"": 0.3471, ""financial_anomaly_percentile"": 0.0691, ""financial_anomaly_score"": 0.0234}",2026-09-06T09:45:06.494738+00:00
MPLADS-000336,0.0525,NORMAL,"{""financial__sanctioned_amount"": 0.3558, ""procurement_anomaly_percentile"": 0.1713, ""geo__infrastructure_gap_index"": 0.1462}",2026-09-06T09:45:06.494738+00:00
MPLADS-000337,0.0182,NORMAL,"{""financial_anomaly_percentile"": 0.0922, ""geo__population_density"": 0.0781, ""financial_anomaly_score"": 0.0682}",2026-09-06T09:45:06.494738+00:00
MPLADS-000338,0.0231,NORMAL,"{""geo__population_density"": 0.2893, ""mean_anomaly_score"": 0.0322, ""graph_anomaly_score"": 0.0222}",2026-09-06T09:45:06.494738+00:00
MPLADS-000339,0.0262,NORMAL,"{""project__planned_duration_days"": 0.068, ""geospatial_anomaly_percentile"": 0.0443, ""graph_anomaly_score"": 0.0385}",2026-09-06T09:45:06.494738+00:00
MPLADS-000340,0.0262,NORMAL,"{""geospatial_anomaly_score"": 0.1283, ""financial__sanctioned_amount"": 0.0813, ""geospatial_anomaly_percentile"": 0.0546}",2026-09-06T09:45:06.494738+00:00
MPLADS-000341,0.0231,NORMAL,"{""financial__sanctioned_amount"": 0.2043, ""financial_anomaly_percentile"": 0.0827, ""payment_anomaly_percentile"": 0.029}",2026-09-06T09:45:06.494738+00:00
MPLADS-000342,0.0182,NORMAL,"{""financial__sanctioned_amount"": 0.1791, ""financial_anomaly_score"": 0.1309, ""geo__population_density"": 0.0815}",2026-09-06T09:45:06.494738+00:00
MPLADS-000343,0.0182,NORMAL,"{""graph_anomaly_score"": 0.0774, ""geospatial_anomaly_score"": 0.0718, ""financial__sanctioned_amount"": 0.0337}",2026-09-06T09:45:06.494738+00:00
MPLADS-000344,1.0,PAYMENT_PROGRESS_MISMATCH,"{""progress_anomaly_score"": 5.1138, ""progress_anomaly_percentile"": 0.8885, ""payment_anomaly_score"": 0.1028}",2026-09-06T09:45:06.494738+00:00
MPLADS-000345,0.0231,NORMAL,"{""geospatial_anomaly_score"": 0.2121, ""geo__population_density"": 0.1777, ""geo__infrastructure_gap_index"": 0.1692}",2026-09-06T09:45:06.494738+00:00
MPLADS-000346,0.0182,NORMAL,"{""mean_anomaly_score"": 0.0493, ""geospatial_anomaly_score"": 0.0362, ""contractor_anomaly_score"": 0.024}",2026-09-06T09:45:06.494738+00:00
MPLADS-000347,1.0,PAYMENT_PROGRESS_MISMATCH,"{""progress_anomaly_score"": 5.3197, ""progress_anomaly_percentile"": 0.9298, ""std_anomaly_score"": 0.1247}",2026-09-06T09:45:06.494738+00:00
MPLADS-000348,1.0,COST_OVERRUN,"{""progress_anomaly_score"": 4.6203, ""progress_anomaly_percentile"": 0.8561, ""procurement_anomaly_score"": 0.2191}",2026-09-06T09:45:06.494738+00:00
MPLADS-000349,0.0262,NORMAL,"{""procurement_anomaly_percentile"": 0.1495, ""payment_anomaly_score"": 0.0949, ""geospatial_anomaly_score"": 0.0459}",2026-09-06T09:45:06.494738+00:00
MPLADS-000350,0.0182,NORMAL,"{""geospatial_anomaly_score"": 0.176, ""mean_anomaly_score"": 0.0676, ""geo__infrastructure_gap_index"": 0.0479}",2026-09-06T09:45:06.494738+00:00
MPLADS-000351,0.0204,NORMAL,"{""geospatial_anomaly_score"": 0.0782, ""geospatial_anomaly_percentile"": 0.0036, ""num_flagged_models"": 0.0014}",2026-09-06T09:45:06.494738+00:00
MPLADS-000352,0.011,NORMAL,"{""geo__infrastructure_gap_index"": 0.1153, ""project__planned_duration_days"": 0.052, ""geospatial_anomaly_score"": 0.0507}",2026-09-06T09:45:06.494738+00:00
MPLADS-000353,0.011,NORMAL,"{""financial_anomaly_score"": 0.1321, ""graph_anomaly_score"": 0.0386, ""financial_anomaly_percentile"": 0.0343}",2026-09-06T09:45:06.494738+00:00
MPLADS-000354,0.0182,NORMAL,"{""geospatial_anomaly_score"": 0.1109, ""project__planned_duration_days"": 0.0817, ""geospatial_anomaly_percentile"": 0.0435}",2026-09-06T09:45:06.494738+00:00
MPLADS-000355,0.0231,NORMAL,"{""financial__sanctioned_amount"": 0.2403, ""std_anomaly_score"": 0.0346, ""payment_anomaly_percentile"": 0.0245}",2026-09-06T09:45:06.494738+00:00
MPLADS-000356,0.0314,NORMAL,"{""financial__sanctioned_amount"": 0.2263, ""geospatial_anomaly_score"": 0.1065, ""payment_anomaly_score"": 0.0681}",2026-09-06T09:45:06.494738+00:00
MPLADS-000357,0.0308,NORMAL,"{""geo__population_density"": 0.35, ""financial__sanctioned_amount"": 0.2172, ""geospatial_anomaly_score"": 0.1138}",2026-09-06T09:45:06.494738+00:00
MPLADS-000358,0.0345,NORMAL,"{""geospatial_anomaly_score"": 0.1352, ""geo__infrastructure_gap_index"": 0.0923, ""project__planned_duration_days"": 0.0559}",2026-09-06T09:45:06.494738+00:00
MPLADS-000359,1.0,COST_OVERRUN,"{""progress_anomaly_score"": 4.6152, ""progress_anomaly_percentile"": 0.8595, ""payment_anomaly_score"": 0.2526}",2026-09-06T09:45:06.494738+00:00
MPLADS-000360,0.011,NORMAL,"{""financial__sanctioned_amount"": 0.3179, ""payment_anomaly_percentile"": 0.0064, ""geospatial_anomaly_percentile"": 0.0059}",2026-09-06T09:45:06.494738+00:00
MPLADS-000361,0.0231,NORMAL,"{""financial__sanctioned_amount"": 0.2639, ""financial_anomaly_score"": 0.1391, ""geospatial_anomaly_score"": 0.1013}",2026-09-06T09:45:06.494738+00:00
MPLADS-000362,0.3616,NORMAL,"{""procurement_anomaly_score"": 1.8135, ""procurement_anomaly_percentile"": 0.6729, ""max_anomaly_score"": 0.1632}",2026-09-06T09:45:06.494738+00:00
MPLADS-000363,0.0308,NORMAL,"{""geospatial_anomaly_score"": 0.0726, ""geo__infrastructure_gap_index"": 0.0606, ""geo__population_density"": 0.0593}",2026-09-06T09:45:06.494738+00:00
MPLADS-000364,0.0182,NORMAL,"{""financial__sanctioned_amount"": 0.2849, ""payment_anomaly_score"": 0.1316, ""financial_anomaly_percentile"": 0.0395}",2026-09-06T09:45:06.494738+00:00
MPLADS-000365,0.0182,NORMAL,"{""payment_anomaly_score"": 0.1208, ""project__planned_duration_days"": 0.0382, ""financial_anomaly_percentile"": 0.0018}",2026-09-06T09:45:06.494738+00:00
MPLADS-000366,0.0231,NORMAL,"{""geospatial_anomaly_score"": 0.0995, ""project__planned_duration_days"": 0.0598, ""geospatial_anomaly_percentile"": 0.0329}",2026-09-06T09:45:06.494738+00:00
MPLADS-000367,0.0225,NORMAL,"{""geo__infrastructure_gap_index"": 0.0887, ""procurement_anomaly_percentile"": 0.0773, ""geospatial_anomaly_score"": 0.0495}",2026-09-06T09:45:06.494738+00:00
MPLADS-000368,0.0161,NORMAL,"{""geospatial_anomaly_score"": 0.0594, ""project__planned_duration_days"": 0.0406, ""geospatial_anomaly_percentile"": 0.0354}",2026-09-06T09:45:06.494738+00:00
MPLADS-000369,0.0046,NORMAL,"{""financial_anomaly_score"": 0.1365, ""project__planned_duration_days"": 0.0457, ""financial_anomaly_percentile"": 0.0411}",2026-09-06T09:45:06.494738+00:00
MPLADS-000370,0.011,NORMAL,"{""financial_anomaly_percentile"": 0.048, ""project__planned_duration_days"": 0.0135, ""geo__population_density"": 0.0135}",2026-09-06T09:45:06.494738+00:00
MPLADS-000371,0.0225,NORMAL,"{""geo__infrastructure_gap_index"": 0.0712, ""std_anomaly_score"": 0.015, ""financial__sanctioned_amount"": 0.0141}",2026-09-06T09:45:06.494738+00:00
MPLADS-000372,0.011,NORMAL,"{""financial__sanctioned_amount"": 0.1415, ""geospatial_anomaly_percentile"": 0.0503, ""geospatial_anomaly_score"": 0.0471}",2026-09-06T09:45:06.494738+00:00
MPLADS-000373,1.0,PAYMENT_PROGRESS_MISMATCH,"{""progress_anomaly_score"": 5.3947, ""progress_anomaly_percentile"": 0.9409, ""payment_anomaly_score"": 0.1172}",2026-09-06T09:45:06.494738+00:00
MPLADS-000374,0.0225,NORMAL,"{""financial__sanctioned_amount"": 0.2318, ""graph_anomaly_percentile"": 0.0334, ""graph_anomaly_score"": 0.0274}",2026-09-06T09:45:06.494738+00:00
MPLADS-000375,0.0231,NORMAL,"{""geospatial_anomaly_score"": 0.0658, ""geo__population_density"": 0.0533, ""project__planned_duration_days"": 0.0501}",2026-09-06T09:45:06.494738+00:00
MPLADS-000376,0.0747,NORMAL,"{""geo__population_density"": 0.2525, ""financial__sanctioned_amount"": 0.1946, ""geospatial_anomaly_percentile"": 0.1238}",2026-09-06T09:45:06.494738+00:00
MPLADS-000377,0.0225,NORMAL,"{""geo__infrastructure_gap_index"": 0.1256, ""geospatial_anomaly_score"": 0.0881, ""max_anomaly_score"": 0.0806}",2026-09-06T09:45:06.494738+00:00
MPLADS-000378,0.2216,NORMAL,"{""financial__sanctioned_amount"": 0.3365, ""payment_anomaly_score"": 0.2441, ""geo__infrastructure_gap_index"": 0.1776}",2026-09-06T09:45:06.494738+00:00
MPLADS-000379,0.0182,NORMAL,"{""payment_anomaly_score"": 0.0589, ""payment_anomaly_percentile"": 0.0549, ""financial_anomaly_score"": 0.0535}",2026-09-06T09:45:06.494738+00:00
MPLADS-000380,1.0,PAYMENT_PROGRESS_MISMATCH,"{""progress_anomaly_score"": 5.3865, ""progress_anomaly_percentile"": 0.9288, ""payment_anomaly_score"": 0.1108}",2026-09-06T09:45:06.494738+00:00
MPLADS-000381,0.0225,NORMAL,"{""project__planned_duration_days"": 0.061, ""financial__sanctioned_amount"": 0.0457, ""geospatial_anomaly_score"": 0.0261}",2026-09-06T09:45:06.494738+00:00
MPLADS-000382,0.0225,NORMAL,"{""financial_anomaly_score"": 0.072, ""project__planned_duration_days"": 0.0626, ""geospatial_anomaly_score"": 0.0333}",2026-09-06T09:45:06.494738+00:00
MPLADS-000383,0.0231,NORMAL,"{""financial__sanctioned_amount"": 0.1827, ""geo__infrastructure_gap_index"": 0.157, ""std_anomaly_score"": 0.0944}",2026-09-06T09:45:06.494738+00:00
MPLADS-000384,0.3914,NORMAL,"{""procurement_anomaly_score"": 1.5703, ""procurement_anomaly_percentile"": 0.4424, ""financial__sanctioned_amount"": 0.139}",2026-09-06T09:45:06.494738+00:00
MPLADS-000385,0.1661,NORMAL,"{""progress_anomaly_score"": 1.2904, ""graph_anomaly_score"": 0.0612, ""payment_anomaly_percentile"": 0.0356}",2026-09-06T09:45:06.494738+00:00
MPLADS-000386,0.0231,NORMAL,"{""geo__infrastructure_gap_index"": 0.146, ""project__planned_duration_days"": 0.0491, ""mean_anomaly_score"": 0.0342}",2026-09-06T09:45:06.494738+00:00
MPLADS-000387,0.0262,NORMAL,"{""geo__population_density"": 0.0747, ""financial__sanctioned_amount"": 0.0737, ""geospatial_anomaly_score"": 0.0523}",2026-09-06T09:45:06.494738+00:00
MPLADS-000388,0.011,NORMAL,"{""geospatial_anomaly_percentile"": 0.0462, ""project__planned_duration_days"": 0.0227, ""std_anomaly_score"": 0.0113}",2026-09-06T09:45:06.494738+00:00
MPLADS-000389,0.0231,NORMAL,"{""geo__infrastructure_gap_index"": 0.0899, ""payment_anomaly_score"": 0.0847, ""project__planned_duration_days"": 0.067}",2026-09-06T09:45:06.494738+00:00
MPLADS-000390,0.0231,NORMAL,"{""geo__infrastructure_gap_index"": 0.1139, ""geospatial_anomaly_score"": 0.068, ""project__planned_duration_days"": 0.052}",2026-09-06T09:45:06.494738+00:00
MPLADS-000391,1.0,COST_OVERRUN,"{""progress_anomaly_score"": 4.5729, ""progress_anomaly_percentile"": 0.8463, ""procurement_anomaly_score"": 0.2121}",2026-09-06T09:45:06.494738+00:00
MPLADS-000392,0.0525,NORMAL,"{""geo__population_density"": 0.339, ""mean_anomaly_score"": 0.0766, ""project__planned_duration_days"": 0.0729}",2026-09-06T09:45:06.494738+00:00
MPLADS-000393,0.0225,NORMAL,"{""financial__sanctioned_amount"": 0.1549, ""mean_anomaly_score"": 0.0843, ""graph_anomaly_percentile"": 0.0374}",2026-09-06T09:45:06.494738+00:00
MPLADS-000394,0.0696,NORMAL,"{""geospatial_anomaly_percentile"": 0.1747, ""geospatial_anomaly_score"": 0.1108, ""geo__infrastructure_gap_index"": 0.1063}",2026-09-06T09:45:06.494738+00:00
MPLADS-000395,0.0314,NORMAL,"{""geo__population_density"": 0.2374, ""financial__sanctioned_amount"": 0.2134, ""geo__infrastructure_gap_index"": 0.132}",2026-09-06T09:45:06.494738+00:00
MPLADS-000396,0.0314,NORMAL,"{""geo__population_density"": 0.1388, ""geospatial_anomaly_score"": 0.0876, ""graph_anomaly_score"": 0.0396}",2026-09-06T09:45:06.494738+00:00
MPLADS-000397,0.0204,NORMAL,"{""financial__sanctioned_amount"": 0.0564, ""payment_anomaly_percentile"": 0.0344, ""financial_anomaly_percentile"": 0.0237}",2026-09-06T09:45:06.494738+00:00
MPLADS-000398,0.011,NORMAL,"{""geo__population_density"": 0.2501, ""geo__infrastructure_gap_index"": 0.1967, ""procurement_anomaly_percentile"": 0.1311}",2026-09-06T09:45:06.494738+00:00
MPLADS-000399,0.0161,NORMAL,"{""project__planned_duration_days"": 0.0461, ""num_flagged_models"": 0.0014, ""project_size_code"": 0.0}",2026-09-06T09:45:06.494738+00:00
MPLADS-000400,0.0231,NORMAL,"{""financial__sanctioned_amount"": 0.2626, ""geo__population_density"": 0.1457, ""geo__infrastructure_gap_index"": 0.07}",2026-09-06T09:45:06.494738+00:00
MPLADS-000401,0.0225,NORMAL,"{""financial__sanctioned_amount"": 0.1301, ""geospatial_anomaly_score"": 0.1233, ""max_anomaly_score"": 0.0844}",2026-09-06T09:45:06.494738+00:00
MPLADS-000402,0.3136,NORMAL,"{""procurement_anomaly_score"": 1.3936, ""procurement_anomaly_percentile"": 0.5611, ""geo__population_density"": 0.1821}",2026-09-06T09:45:06.494738+00:00
MPLADS-000403,0.011,NORMAL,"{""payment_anomaly_score"": 0.0561, ""geo__population_density"": 0.0495, ""payment_anomaly_percentile"": 0.035}",2026-09-06T09:45:06.494738+00:00
MPLADS-000404,0.0262,NORMAL,"{""payment_anomaly_score"": 0.0918, ""mean_anomaly_score"": 0.0876, ""project__planned_duration_days"": 0.06}",2026-09-06T09:45:06.494738+00:00
MPLADS-000405,0.0225,NORMAL,"{""financial_anomaly_percentile"": 0.0611, ""payment_anomaly_percentile"": 0.0238, ""graph_anomaly_percentile"": 0.0213}",2026-09-06T09:45:06.494738+00:00
MPLADS-000406,0.2913,NORMAL,"{""procurement_anomaly_score"": 1.5217, ""procurement_anomaly_percentile"": 0.527, ""geo__population_density"": 0.1337}",2026-09-06T09:45:06.494738+00:00
MPLADS-000407,0.0225,NORMAL,"{""geospatial_anomaly_score"": 0.2063, ""geospatial_anomaly_percentile"": 0.0872, ""project__planned_duration_days"": 0.0589}",2026-09-06T09:45:06.494738+00:00
MPLADS-000408,0.0225,NORMAL,"{""geo__infrastructure_gap_index"": 0.1874, ""financial__sanctioned_amount"": 0.1224, ""geospatial_anomaly_score"": 0.073}",2026-09-06T09:45:06.494738+00:00
MPLADS-000409,0.4797,NORMAL,"{""procurement_anomaly_score"": 1.4926, ""procurement_anomaly_percentile"": 0.6241, ""geospatial_anomaly_score"": 0.1563}",2026-09-06T09:45:06.494738+00:00
MPLADS-000410,1.0,COST_OVERRUN,"{""progress_anomaly_score"": 4.7006, ""progress_anomaly_percentile"": 0.8611, ""procurement_anomaly_score"": 0.2409}",2026-09-06T09:45:06.494738+00:00
MPLADS-000411,0.3136,NORMAL,"{""procurement_anomaly_score"": 1.5336, ""procurement_anomaly_percentile"": 0.6006, ""geo__population_density"": 0.129}",2026-09-06T09:45:06.494738+00:00
MPLADS-000412,0.0182,NORMAL,"{""project__planned_duration_days"": 0.0649, ""mean_anomaly_score"": 0.0225, ""geospatial_anomaly_score"": 0.0145}",2026-09-06T09:45:06.494738+00:00
MPLADS-000413,0.0225,NORMAL,"{""financial__sanctioned_amount"": 0.1273, ""financial_anomaly_score"": 0.1241, ""payment_anomaly_score"": 0.0868}",2026-09-06T09:45:06.494738+00:00
MPLADS-000414,0.0231,NORMAL,"{""project__planned_duration_days"": 0.0712, ""graph_anomaly_score"": 0.0386, ""mean_anomaly_score"": 0.0355}",2026-09-06T09:45:06.494738+00:00
MPLADS-000415,0.0225,NORMAL,"{""financial__sanctioned_amount"": 0.2387, ""financial_anomaly_percentile"": 0.0624, ""std_anomaly_score"": 0.0571}",2026-09-06T09:45:06.494738+00:00
MPLADS-000416,0.0182,NORMAL,"{""financial__sanctioned_amount"": 0.1008, ""financial_anomaly_score"": 0.0394, ""project__planned_duration_days"": 0.038}",2026-09-06T09:45:06.494738+00:00
MPLADS-000417,0.0231,NORMAL,"{""geo__population_density"": 0.1589, ""geospatial_anomaly_score"": 0.0516, ""financial__sanctioned_amount"": 0.0487}",2026-09-06T09:45:06.494738+00:00
MPLADS-000418,0.0345,NORMAL,"{""financial__sanctioned_amount"": 0.2542, ""payment_anomaly_score"": 0.1549, ""geospatial_anomaly_score"": 0.1148}",2026-09-06T09:45:06.494738+00:00
MPLADS-000419,0.0161,NORMAL,"{""payment_anomaly_score"": 0.3834, ""payment_anomaly_percentile"": 0.0853, ""std_anomaly_score"": 0.0371}",2026-09-06T09:45:06.494738+00:00
MPLADS-000420,0.0314,NORMAL,"{""geo__infrastructure_gap_index"": 0.2349, ""geo__population_density"": 0.1683, ""payment_anomaly_score"": 0.128}",2026-09-06T09:45:06.494738+00:00
MPLADS-000421,0.0231,NORMAL,"{""geo__infrastructure_gap_index"": 0.1518, ""financial__sanctioned_amount"": 0.1416, ""payment_anomaly_percentile"": 0.01}",2026-09-06T09:45:06.494738+00:00
MPLADS-000422,1.0,DELAYED_WORK,"{""progress_anomaly_score"": 5.3424, ""progress_anomaly_percentile"": 0.9079, ""geo__infrastructure_gap_index"": 0.1276}",2026-09-06T09:45:06.494738+00:00
MPLADS-000423,0.0231,NORMAL,"{""geo__infrastructure_gap_index"": 0.0922, ""project__planned_duration_days"": 0.0538, ""geospatial_anomaly_score"": 0.0525}",2026-09-06T09:45:06.494738+00:00
MPLADS-000424,0.0182,NORMAL,"{""project__planned_duration_days"": 0.0498, ""geospatial_anomaly_score"": 0.0381, ""mean_anomaly_score"": 0.0339}",2026-09-06T09:45:06.494738+00:00
MPLADS-000425,0.0161,NORMAL,"{""financial__sanctioned_amount"": 0.1773, ""geospatial_anomaly_score"": 0.0595, ""project__planned_duration_days"": 0.0434}",2026-09-06T09:45:06.494738+00:00
MPLADS-000426,0.0231,NORMAL,"{""geospatial_anomaly_score"": 0.2182, ""geospatial_anomaly_percentile"": 0.079, ""project__planned_duration_days"": 0.0678}",2026-09-06T09:45:06.494738+00:00
MPLADS-000427,1.0,DELAYED_WORK,"{""progress_anomaly_score"": 4.6862, ""progress_anomaly_percentile"": 0.8078, ""financial_anomaly_score"": 0.3234}",2026-09-06T09:45:06.494738+00:00
MPLADS-000428,0.0182,NORMAL,"{""project__planned_duration_days"": 0.0474, ""financial__sanctioned_amount"": 0.0114, ""graph_anomaly_percentile"": 0.0051}",2026-09-06T09:45:06.494738+00:00
MPLADS-000429,0.1417,NORMAL,"{""financial__sanctioned_amount"": 0.1857, ""geo__population_density"": 0.1821, ""geo__infrastructure_gap_index"": 0.1498}",2026-09-06T09:45:06.494738+00:00
MPLADS-000430,0.0314,NORMAL,"{""financial__sanctioned_amount"": 0.2279, ""procurement_anomaly_percentile"": 0.0768, ""mean_anomaly_score"": 0.0572}",2026-09-06T09:45:06.494738+00:00
MPLADS-000431,0.0314,NORMAL,"{""geo__population_density"": 0.2035, ""financial__sanctioned_amount"": 0.0801, ""payment_anomaly_score"": 0.0703}",2026-09-06T09:45:06.494738+00:00
MPLADS-000432,0.0345,NORMAL,"{""geospatial_anomaly_score"": 0.144, ""financial__sanctioned_amount"": 0.0844, ""procurement_anomaly_percentile"": 0.0808}",2026-09-06T09:45:06.494738+00:00
MPLADS-000433,0.0265,NORMAL,"{""geospatial_anomaly_score"": 0.1081, ""financial_anomaly_percentile"": 0.052, ""project__planned_duration_days"": 0.0352}",2026-09-06T09:45:06.494738+00:00
MPLADS-000434,0.0225,NORMAL,"{""geo__infrastructure_gap_index"": 0.1272, ""financial_anomaly_percentile"": 0.0816, ""project__planned_duration_days"": 0.0473}",2026-09-06T09:45:06.494738+00:00
MPLADS-000435,0.0231,NORMAL,"{""project__planned_duration_days"": 0.0645, ""graph_anomaly_percentile"": 0.0249, ""contractor_anomaly_score"": 0.0216}",2026-09-06T09:45:06.494738+00:00
MPLADS-000436,1.0,GHOST_WORK,"{""progress_anomaly_score"": 4.8546, ""progress_anomaly_percentile"": 0.8124, ""financial_anomaly_score"": 0.2115}",2026-09-06T09:45:06.494738+00:00
MPLADS-000437,0.011,NORMAL,"{""financial_anomaly_score"": 0.2051, ""project__planned_duration_days"": 0.0419, ""std_anomaly_score"": 0.0378}",2026-09-06T09:45:06.494738+00:00
MPLADS-000438,0.0182,NORMAL,"{""project__planned_duration_days"": 0.053, ""graph_anomaly_score"": 0.0047, ""num_flagged_models"": 0.0014}",2026-09-06T09:45:06.494738+00:00
MPLADS-000439,0.2884,NORMAL,"{""procurement_anomaly_score"": 1.212, ""procurement_anomaly_percentile"": 0.4688, ""geospatial_anomaly_score"": 0.2138}",2026-09-06T09:45:06.494738+00:00
MPLADS-000440,0.0314,NORMAL,"{""geospatial_anomaly_percentile"": 0.1154, ""std_anomaly_score"": 0.0649, ""financial_anomaly_percentile"": 0.0579}",2026-09-06T09:45:06.494738+00:00
MPLADS-000441,1.0,ABANDONED_WORK,"{""progress_anomaly_score"": 5.3537, ""progress_anomaly_percentile"": 1.0152, ""project__planned_duration_days"": 0.0511}",2026-09-06T09:45:06.494738+00:00
MPLADS-000442,0.0345,NORMAL,"{""contractor_anomaly_percentile"": 0.1945, ""contractor_anomaly_score"": 0.1482, ""mean_anomaly_score"": 0.0413}",2026-09-06T09:45:06.494738+00:00
MPLADS-000443,0.0231,NORMAL,"{""procurement_anomaly_percentile"": 0.2214, ""geospatial_anomaly_score"": 0.1174, ""geospatial_anomaly_percentile"": 0.1113}",2026-09-06T09:45:06.494738+00:00
MPLADS-000444,0.0225,NORMAL,"{""geo__infrastructure_gap_index"": 0.2259, ""num_flagged_models"": 0.0014, ""project_size_code"": 0.0}",2026-09-06T09:45:06.494738+00:00
MPLADS-000445,0.011,NORMAL,"{""financial__sanctioned_amount"": 0.2142, ""payment_anomaly_score"": 0.124, ""graph_anomaly_score"": 0.0688}",2026-09-06T09:45:06.494738+00:00
MPLADS-000446,1.0,ABANDONED_WORK,"{""progress_anomaly_score"": 5.0849, ""progress_anomaly_percentile"": 0.9437, ""payment_anomaly_score"": 0.12}",2026-09-06T09:45:06.494738+00:00
MPLADS-000447,0.0182,NORMAL,"{""geo__infrastructure_gap_index"": 0.1405, ""mean_anomaly_score"": 0.0881, ""financial__sanctioned_amount"": 0.0795}",2026-09-06T09:45:06.494738+00:00
MPLADS-000448,0.0161,NORMAL,"{""financial__sanctioned_amount"": 0.1448, ""payment_anomaly_percentile"": 0.0293, ""payment_anomaly_score"": 0.0191}",2026-09-06T09:45:06.494738+00:00
MPLADS-000449,1.0,COST_OVERRUN,"{""progress_anomaly_score"": 5.0528, ""progress_anomaly_percentile"": 0.9345, ""financial__sanctioned_amount"": 0.1697}",2026-09-06T09:45:06.494738+00:00
MPLADS-000450,0.0182,NORMAL,"{""project__planned_duration_days"": 0.0516, ""geo__population_density"": 0.0406, ""geospatial_anomaly_score"": 0.0372}",2026-09-06T09:45:06.494738+00:00
MPLADS-000451,0.0231,NORMAL,"{""geospatial_anomaly_score"": 0.1155, ""geo__population_density"": 0.0768, ""project__planned_duration_days"": 0.0583}",2026-09-06T09:45:06.494738+00:00
MPLADS-000452,0.0225,NORMAL,"{""geo__infrastructure_gap_index"": 0.0688, ""graph_anomaly_score"": 0.0603, ""project__planned_duration_days"": 0.0547}",2026-09-06T09:45:06.494738+00:00
MPLADS-000453,0.0314,NORMAL,"{""financial__sanctioned_amount"": 0.3367, ""geo__infrastructure_gap_index"": 0.0719, ""num_flagged_models"": 0.0014}",2026-09-06T09:45:06.494738+00:00
MPLADS-000454,1.0,COST_OVERRUN,"{""progress_anomaly_score"": 4.5734, ""progress_anomaly_percentile"": 0.8385, ""procurement_anomaly_score"": 0.2389}",2026-09-06T09:45:06.494738+00:00
MPLADS-000455,0.0182,NORMAL,"{""financial_anomaly_percentile"": 0.0611, ""std_anomaly_score"": 0.0504, ""project__planned_duration_days"": 0.0352}",2026-09-06T09:45:06.494738+00:00
MPLADS-000456,0.0231,NORMAL,"{""financial__sanctioned_amount"": 0.2399, ""geospatial_anomaly_score"": 0.0813, ""payment_anomaly_score"": 0.0612}",2026-09-06T09:45:06.494738+00:00
MPLADS-000457,0.0265,NORMAL,"{""procurement_anomaly_percentile"": 0.1936, ""geo__infrastructure_gap_index"": 0.1585, ""geo__population_density"": 0.1283}",2026-09-06T09:45:06.494738+00:00
MPLADS-000458,0.0161,NORMAL,"{""geo__population_density"": 0.0943, ""project__planned_duration_days"": 0.0519, ""num_flagged_models"": 0.0014}",2026-09-06T09:45:06.494738+00:00
MPLADS-000459,0.0231,NORMAL,"{""payment_anomaly_score"": 0.1535, ""project__planned_duration_days"": 0.071, ""graph_anomaly_score"": 0.0449}",2026-09-06T09:45:06.494738+00:00
MPLADS-000460,0.0314,NORMAL,"{""contractor_anomaly_percentile"": 0.2105, ""contractor_anomaly_score"": 0.1926, ""financial__sanctioned_amount"": 0.0312}",2026-09-06T09:45:06.494738+00:00
MPLADS-000461,0.2256,NORMAL,"{""procurement_anomaly_score"": 1.4858, ""procurement_anomaly_percentile"": 0.5623, ""std_anomaly_score"": 0.0657}",2026-09-06T09:45:06.494738+00:00
MPLADS-000462,0.0182,NORMAL,"{""geo__infrastructure_gap_index"": 0.1019, ""geospatial_anomaly_score"": 0.0544, ""payment_anomaly_score"": 0.0344}",2026-09-06T09:45:06.494738+00:00
MPLADS-000463,0.0231,NORMAL,"{""financial__sanctioned_amount"": 0.2304, ""geospatial_anomaly_score"": 0.1269, ""geo__infrastructure_gap_index"": 0.0786}",2026-09-06T09:45:06.494738+00:00
MPLADS-000464,0.0182,NORMAL,"{""financial__sanctioned_amount"": 0.201, ""payment_anomaly_percentile"": 0.0209, ""num_flagged_models"": 0.0014}",2026-09-06T09:45:06.494738+00:00
MPLADS-000465,1.0,ABANDONED_WORK,"{""progress_anomaly_score"": 5.1869, ""progress_anomaly_percentile"": 0.8904, ""payment_anomaly_score"": 0.1734}",2026-09-06T09:45:06.494738+00:00
MPLADS-000466,0.0231,NORMAL,"{""std_anomaly_score"": 0.087, ""project__planned_duration_days"": 0.0472, ""geospatial_anomaly_score"": 0.0412}",2026-09-06T09:45:06.494738+00:00
MPLADS-000467,1.0,COST_OVERRUN,"{""progress_anomaly_score"": 4.378, ""progress_anomaly_percentile"": 0.789, ""procurement_anomaly_score"": 0.2781}",2026-09-06T09:45:06.494738+00:00
MPLADS-000468,0.0182,NORMAL,"{""project__planned_duration_days"": 0.0577, ""graph_anomaly_percentile"": 0.0033, ""num_flagged_models"": 0.0014}",2026-09-06T09:45:06.494738+00:00
MPLADS-000469,0.0225,NORMAL,"{""payment_anomaly_score"": 0.2546, ""geospatial_anomaly_score"": 0.1603, ""graph_anomaly_percentile"": 0.0462}",2026-09-06T09:45:06.494738+00:00
MPLADS-000470,0.0225,NORMAL,"{""geo__infrastructure_gap_index"": 0.0707, ""project__planned_duration_days"": 0.0703, ""geospatial_anomaly_score"": 0.0382}",2026-09-06T09:45:06.494738+00:00
MPLADS-000471,1.0,DELAYED_WORK,"{""progress_anomaly_score"": 5.2427, ""progress_anomaly_percentile"": 0.8665, ""financial_anomaly_score"": 0.2068}",2026-09-06T09:45:06.494738+00:00
MPLADS-000472,1.0,COST_OVERRUN,"{""progress_anomaly_score"": 4.4096, ""progress_anomaly_percentile"": 0.8589, ""procurement_anomaly_score"": 0.5575}",2026-09-06T09:45:06.494738+00:00
MPLADS-000473,0.0182,NORMAL,"{""geo__population_density"": 0.1492, ""financial_anomaly_score"": 0.0505, ""graph_anomaly_score"": 0.0276}",2026-09-06T09:45:06.494738+00:00
MPLADS-000474,0.0345,NORMAL,"{""geo__population_density"": 0.1956, ""financial__sanctioned_amount"": 0.1451, ""geo__infrastructure_gap_index"": 0.1097}",2026-09-06T09:45:06.494738+00:00
MPLADS-000475,0.0182,NORMAL,"{""financial_anomaly_percentile"": 0.0447, ""project__planned_duration_days"": 0.0286, ""geo__infrastructure_gap_index"": 0.0276}",2026-09-06T09:45:06.494738+00:00
MPLADS-000476,0.0225,NORMAL,"{""geo__infrastructure_gap_index"": 0.1115, ""geospatial_anomaly_score"": 0.0555, ""std_anomaly_score"": 0.0398}",2026-09-06T09:45:06.494738+00:00
MPLADS-000477,0.0182,NORMAL,"{""financial__sanctioned_amount"": 0.2275, ""geospatial_anomaly_score"": 0.095, ""financial_anomaly_percentile"": 0.0773}",2026-09-06T09:45:06.494738+00:00
MPLADS-000478,0.0132,NORMAL,"{""project__planned_duration_days"": 0.0537, ""payment_anomaly_percentile"": 0.0088, ""payment_anomaly_score"": 0.0057}",2026-09-06T09:45:06.494738+00:00
MPLADS-000479,1.0,COST_OVERRUN,"{""progress_anomaly_score"": 4.3604, ""progress_anomaly_percentile"": 0.7843, ""financial_anomaly_score"": 0.2435}",2026-09-06T09:45:06.494738+00:00
MPLADS-000480,0.011,NORMAL,"{""geo__infrastructure_gap_index"": 0.042, ""financial_anomaly_percentile"": 0.0412, ""std_anomaly_score"": 0.0356}",2026-09-06T09:45:06.494738+00:00
MPLADS-000481,0.0225,NORMAL,"{""financial__sanctioned_amount"": 0.0899, ""geo__infrastructure_gap_index"": 0.0844, ""geospatial_anomaly_score"": 0.0677}",2026-09-06T09:45:06.494738+00:00
MPLADS-000482,0.0225,NORMAL,"{""financial__sanctioned_amount"": 0.117, ""financial_anomaly_percentile"": 0.0651, ""payment_anomaly_percentile"": 0.0257}",2026-09-06T09:45:06.494738+00:00
MPLADS-000483,0.0265,NORMAL,"{""payment_anomaly_score"": 0.0655, ""geospatial_anomaly_score"": 0.0633, ""financial_anomaly_percentile"": 0.0621}",2026-09-06T09:45:06.494738+00:00
MPLADS-000484,0.0225,NORMAL,"{""project__planned_duration_days"": 0.0551, ""mean_anomaly_score"": 0.038, ""geospatial_anomaly_score"": 0.0338}",2026-09-06T09:45:06.494738+00:00
MPLADS-000485,0.0314,NORMAL,"{""financial__sanctioned_amount"": 0.1307, ""geospatial_anomaly_score"": 0.1214, ""payment_anomaly_score"": 0.0963}",2026-09-06T09:45:06.494738+00:00
MPLADS-000486,0.0225,NORMAL,"{""financial__sanctioned_amount"": 0.132, ""financial_anomaly_score"": 0.0713, ""payment_anomaly_score"": 0.0497}",2026-09-06T09:45:06.494738+00:00
MPLADS-000487,0.0182,NORMAL,"{""geospatial_anomaly_score"": 0.0547, ""geo__population_density"": 0.0386, ""std_anomaly_score"": 0.0282}",2026-09-06T09:45:06.494738+00:00
MPLADS-000488,0.0225,NORMAL,"{""geospatial_anomaly_score"": 0.1181, ""project__planned_duration_days"": 0.0642, ""geo__population_density"": 0.0389}",2026-09-06T09:45:06.494738+00:00
MPLADS-000489,0.0046,NORMAL,"{""project__planned_duration_days"": 0.0554, ""financial_anomaly_score"": 0.0363, ""financial_anomaly_percentile"": 0.0337}",2026-09-06T09:45:06.494738+00:00
MPLADS-000490,0.0182,NORMAL,"{""graph_anomaly_percentile"": 0.011, ""contractor_anomaly_score"": 0.0106, ""financial__sanctioned_amount"": 0.0105}",2026-09-06T09:45:06.494738+00:00
MPLADS-000491,1.0,DOCUMENTATION_DEFICIT,"{""progress_anomaly_score"": 5.2079, ""progress_anomaly_percentile"": 0.9461, ""payment_anomaly_score"": 0.3162}",2026-09-06T09:45:06.494738+00:00
MPLADS-000492,1.0,DELAYED_WORK,"{""progress_anomaly_score"": 5.3971, ""progress_anomaly_percentile"": 0.7859, ""financial__sanctioned_amount"": 0.1489}",2026-09-06T09:45:06.494738+00:00
MPLADS-000493,0.0225,NORMAL,"{""financial__sanctioned_amount"": 0.4656, ""payment_anomaly_score"": 0.191, ""geo__infrastructure_gap_index"": 0.0962}",2026-09-06T09:45:06.494738+00:00
MPLADS-000494,0.0182,NORMAL,"{""financial__sanctioned_amount"": 0.1268, ""graph_anomaly_score"": 0.049, ""graph_anomaly_percentile"": 0.0078}",2026-09-06T09:45:06.494738+00:00
MPLADS-000495,1.0,DELAYED_WORK,"{""progress_anomaly_score"": 4.4512, ""progress_anomaly_percentile"": 0.8244, ""procurement_anomaly_score"": 0.2095}",2026-09-06T09:45:06.494738+00:00
MPLADS-000496,0.0231,NORMAL,"{""financial__sanctioned_amount"": 0.236, ""geospatial_anomaly_score"": 0.0915, ""contractor_anomaly_percentile"": 0.0896}",2026-09-06T09:45:06.494738+00:00
MPLADS-000497,0.0182,NORMAL,"{""geospatial_anomaly_score"": 0.0703, ""financial__sanctioned_amount"": 0.041, ""contractor_anomaly_score"": 0.0069}",2026-09-06T09:45:06.494738+00:00
MPLADS-000498,0.0231,NORMAL,"{""financial__sanctioned_amount"": 0.2294, ""payment_anomaly_score"": 0.0698, ""payment_anomaly_percentile"": 0.0424}",2026-09-06T09:45:06.494738+00:00
MPLADS-000499,0.2672,NORMAL,"{""procurement_anomaly_score"": 1.311, ""procurement_anomaly_percentile"": 0.4403, ""geo__population_density"": 0.1554}",2026-09-06T09:45:06.494738+00:00
MPLADS-000500,1.0,COST_OVERRUN,"{""progress_anomaly_score"": 4.6513, ""progress_anomaly_percentile"": 0.8279, ""procurement_anomaly_score"": 0.2582}",2026-09-06T09:45:06.494738+00:00
MPLADS-000501,1.0,PAYMENT_PROGRESS_MISMATCH,"{""progress_anomaly_score"": 5.25, ""progress_anomaly_percentile"": 0.9049, ""payment_anomaly_score"": 0.1058}",2026-09-06T09:45:06.494738+00:00
MPLADS-000502,0.0231,NORMAL,"{""financial__sanctioned_amount"": 0.1336, ""graph_anomaly_score"": 0.078, ""mean_anomaly_score"": 0.0385}",2026-09-06T09:45:06.494738+00:00
MPLADS-000503,0.0182,NORMAL,"{""financial__sanctioned_amount"": 0.0317, ""project__planned_duration_days"": 0.0304, ""mean_anomaly_score"": 0.0215}",2026-09-06T09:45:06.494738+00:00
MPLADS-000504,1.0,COST_OVERRUN,"{""progress_anomaly_score"": 4.6137, ""progress_anomaly_percentile"": 0.8548, ""procurement_anomaly_score"": 0.2061}",2026-09-06T09:45:06.494738+00:00
MPLADS-000505,0.0182,NORMAL,"{""geo__infrastructure_gap_index"": 0.1362, ""financial__sanctioned_amount"": 0.092, ""geospatial_anomaly_score"": 0.0679}",2026-09-06T09:45:06.494738+00:00
MPLADS-000506,0.0225,NORMAL,"{""geospatial_anomaly_score"": 0.0906, ""project__planned_duration_days"": 0.0291, ""std_anomaly_score"": 0.0079}",2026-09-06T09:45:06.494738+00:00
MPLADS-000507,0.0225,NORMAL,"{""geo__infrastructure_gap_index"": 0.1175, ""geospatial_anomaly_percentile"": 0.1149, ""geospatial_anomaly_score"": 0.0798}",2026-09-06T09:45:06.494738+00:00
MPLADS-000508,0.0225,NORMAL,"{""procurement_anomaly_score"": 0.3022, ""procurement_anomaly_percentile"": 0.268, ""payment_anomaly_percentile"": 0.0559}",2026-09-06T09:45:06.494738+00:00
MPLADS-000509,0.0345,NORMAL,"{""procurement_anomaly_percentile"": 0.3136, ""geo__population_density"": 0.2444, ""financial_anomaly_percentile"": 0.0727}",2026-09-06T09:45:06.494738+00:00
MPLADS-000510,1.0,DELAYED_WORK,"{""progress_anomaly_score"": 5.1999, ""progress_anomaly_percentile"": 0.8933, ""financial_anomaly_score"": 0.17}",2026-09-06T09:45:06.494738+00:00
MPLADS-000511,0.0525,NORMAL,"{""geo__population_density"": 0.2124, ""financial__sanctioned_amount"": 0.1491, ""geospatial_anomaly_score"": 0.1009}",2026-09-06T09:45:06.494738+00:00
MPLADS-000512,0.0375,NORMAL,"{""geo__population_density"": 0.3155, ""geo__infrastructure_gap_index"": 0.2662, ""financial__sanctioned_amount"": 0.2553}",2026-09-06T09:45:06.494738+00:00
MPLADS-000513,0.0225,NORMAL,"{""geo__population_density"": 0.0431, ""financial__sanctioned_amount"": 0.0297, ""graph_anomaly_percentile"": 0.0236}",2026-09-06T09:45:06.494738+00:00
MPLADS-000514,1.0,ABANDONED_WORK,"{""progress_anomaly_score"": 4.8893, ""progress_anomaly_percentile"": 0.8374, ""procurement_anomaly_score"": 0.3468}",2026-09-06T09:45:06.494738+00:00
MPLADS-000515,0.0182,NORMAL,"{""geospatial_anomaly_score"": 0.0705, ""financial_anomaly_percentile"": 0.0471, ""payment_anomaly_percentile"": 0.0301}",2026-09-06T09:45:06.494738+00:00
MPLADS-000516,0.011,NORMAL,"{""financial_anomaly_score"": 0.1691, ""financial_anomaly_percentile"": 0.0649, ""project__planned_duration_days"": 0.0185}",2026-09-06T09:45:06.494738+00:00
MPLADS-000517,0.0231,NORMAL,"{""geospatial_anomaly_score"": 0.0791, ""project__planned_duration_days"": 0.0354, ""financial__sanctioned_amount"": 0.0288}",2026-09-06T09:45:06.494738+00:00
MPLADS-000518,0.0314,NORMAL,"{""financial__sanctioned_amount"": 0.24, ""procurement_anomaly_percentile"": 0.1367, ""geospatial_anomaly_score"": 0.1215}",2026-09-06T09:45:06.494738+00:00
MPLADS-000519,0.0225,NORMAL,"{""contractor_anomaly_percentile"": 0.105, ""financial__sanctioned_amount"": 0.0827, ""contractor_anomaly_score"": 0.06}",2026-09-06T09:45:06.494738+00:00
MPLADS-000520,1.0,COST_OVERRUN,"{""progress_anomaly_score"": 4.6106, ""progress_anomaly_percentile"": 0.8484, ""procurement_anomaly_score"": 0.2222}",2026-09-06T09:45:06.494738+00:00
MPLADS-000521,0.0231,NORMAL,"{""mean_anomaly_score"": 0.0911, ""project__planned_duration_days"": 0.0479, ""financial__sanctioned_amount"": 0.0365}",2026-09-06T09:45:06.494738+00:00
MPLADS-000522,0.7266,COST_OVERRUN,"{""progress_anomaly_score"": 2.4609, ""financial_anomaly_score"": 0.2847, ""progress_anomaly_percentile"": 0.2064}",2026-09-06T09:45:06.494738+00:00
MPLADS-000523,0.0225,NORMAL,"{""financial__sanctioned_amount"": 0.2386, ""geospatial_anomaly_score"": 0.1165, ""geo__infrastructure_gap_index"": 0.1062}",2026-09-06T09:45:06.494738+00:00
MPLADS-000524,0.0182,NORMAL,"{""geospatial_anomaly_score"": 0.0632, ""financial_anomaly_percentile"": 0.0403, ""geo__infrastructure_gap_index"": 0.04}",2026-09-06T09:45:06.494738+00:00
MPLADS-000525,0.0225,NORMAL,"{""geospatial_anomaly_percentile"": 0.2154, ""geospatial_anomaly_score"": 0.1853, ""contractor_anomaly_percentile"": 0.0955}",2026-09-06T09:45:06.494738+00:00
MPLADS-000526,0.0225,NORMAL,"{""geo__infrastructure_gap_index"": 0.0582, ""project__planned_duration_days"": 0.0506, ""geospatial_anomaly_score"": 0.0505}",2026-09-06T09:45:06.494738+00:00
MPLADS-000527,0.0161,NORMAL,"{""financial_anomaly_percentile"": 0.0283, ""project__planned_duration_days"": 0.0239, ""payment_anomaly_score"": 0.0116}",2026-09-06T09:45:06.494738+00:00
MPLADS-000528,0.0231,NORMAL,"{""geo__population_density"": 0.1177, ""financial_anomaly_score"": 0.0613, ""payment_anomaly_percentile"": 0.0397}",2026-09-06T09:45:06.494738+00:00
MPLADS-000529,0.0231,NORMAL,"{""geo__population_density"": 0.4331, ""project__planned_duration_days"": 0.0933, ""geospatial_anomaly_score"": 0.0694}",2026-09-06T09:45:06.494738+00:00
MPLADS-000530,0.0182,NORMAL,"{""geo__population_density"": 0.0977, ""geo__infrastructure_gap_index"": 0.0516, ""num_flagged_models"": 0.0014}",2026-09-06T09:45:06.494738+00:00
MPLADS-000531,0.0231,NORMAL,"{""geo__infrastructure_gap_index"": 0.09, ""financial__sanctioned_amount"": 0.0881, ""geospatial_anomaly_score"": 0.0739}",2026-09-06T09:45:06.494738+00:00
MPLADS-000532,0.0182,NORMAL,"{""financial_anomaly_score"": 0.3327, ""geo__population_density"": 0.2406, ""geospatial_anomaly_score"": 0.0689}",2026-09-06T09:45:06.494738+00:00
MPLADS-000533,0.0262,NORMAL,"{""financial__sanctioned_amount"": 0.0996, ""geospatial_anomaly_score"": 0.0971, ""procurement_anomaly_percentile"": 0.0931}",2026-09-06T09:45:06.494738+00:00
MPLADS-000534,0.0314,NORMAL,"{""project__planned_duration_days"": 0.0651, ""std_anomaly_score"": 0.0397, ""geo__population_density"": 0.0178}",2026-09-06T09:45:06.494738+00:00
MPLADS-000535,0.0182,NORMAL,"{""project__planned_duration_days"": 0.045, ""contractor_anomaly_percentile"": 0.0083, ""graph_anomaly_percentile"": 0.0017}",2026-09-06T09:45:06.494738+00:00
MPLADS-000536,0.0231,NORMAL,"{""financial__sanctioned_amount"": 0.1126, ""project__planned_duration_days"": 0.0514, ""geo__infrastructure_gap_index"": 0.0404}",2026-09-06T09:45:06.494738+00:00
MPLADS-000537,0.0161,NORMAL,"{""financial_anomaly_score"": 0.1467, ""project__planned_duration_days"": 0.043, ""payment_anomaly_percentile"": 0.0035}",2026-09-06T09:45:06.494738+00:00
MPLADS-000538,0.0182,NORMAL,"{""payment_anomaly_score"": 0.0977, ""payment_anomaly_percentile"": 0.0479, ""graph_anomaly_score"": 0.0454}",2026-09-06T09:45:06.494738+00:00
MPLADS-000539,0.0225,NORMAL,"{""project__planned_duration_days"": 0.0578, ""financial__sanctioned_amount"": 0.0208, ""std_anomaly_score"": 0.0188}",2026-09-06T09:45:06.494738+00:00
MPLADS-000540,0.0225,NORMAL,"{""project__planned_duration_days"": 0.065, ""geospatial_anomaly_score"": 0.0144, ""std_anomaly_score"": 0.007}",2026-09-06T09:45:06.494738+00:00
MPLADS-000541,1.0,PAYMENT_PROGRESS_MISMATCH,"{""progress_anomaly_score"": 5.2398, ""progress_anomaly_percentile"": 0.9222, ""payment_anomaly_score"": 0.0893}",2026-09-06T09:45:06.494738+00:00
MPLADS-000542,0.3251,NORMAL,"{""procurement_anomaly_score"": 1.453, ""procurement_anomaly_percentile"": 0.5688, ""geospatial_anomaly_score"": 0.0879}",2026-09-06T09:45:06.494738+00:00
MPLADS-000543,0.0231,NORMAL,"{""financial__sanctioned_amount"": 0.119, ""graph_anomaly_score"": 0.0382, ""contractor_anomaly_score"": 0.026}",2026-09-06T09:45:06.494738+00:00
MPLADS-000544,0.0231,NORMAL,"{""payment_anomaly_score"": 0.2026, ""geo__infrastructure_gap_index"": 0.1692, ""financial__sanctioned_amount"": 0.1627}",2026-09-06T09:45:06.494738+00:00
MPLADS-000545,0.0231,NORMAL,"{""geospatial_anomaly_score"": 0.0767, ""geo__infrastructure_gap_index"": 0.0674, ""graph_anomaly_score"": 0.0499}",2026-09-06T09:45:06.494738+00:00
MPLADS-000546,0.0231,NORMAL,"{""financial__sanctioned_amount"": 0.1634, ""geospatial_anomaly_score"": 0.0849, ""procurement_anomaly_percentile"": 0.0532}",2026-09-06T09:45:06.494738+00:00
MPLADS-000547,1.0,DOCUMENTATION_DEFICIT,"{""progress_anomaly_score"": 5.2019, ""progress_anomaly_percentile"": 0.8892, ""payment_anomaly_score"": 0.0994}",2026-09-06T09:45:06.494738+00:00
MPLADS-000548,0.0182,NORMAL,"{""geospatial_anomaly_score"": 0.0652, ""financial__sanctioned_amount"": 0.0648, ""project__planned_duration_days"": 0.0626}",2026-09-06T09:45:06.494738+00:00
MPLADS-000549,0.0231,NORMAL,"{""geo__population_density"": 0.2325, ""financial__sanctioned_amount"": 0.1987, ""financial_anomaly_score"": 0.118}",2026-09-06T09:45:06.494738+00:00
MPLADS-000550,1.0,PAYMENT_PROGRESS_MISMATCH,"{""progress_anomaly_score"": 5.4248, ""progress_anomaly_percentile"": 0.9295, ""payment_anomaly_score"": 0.1073}",2026-09-06T09:45:06.494738+00:00
MPLADS-000551,1.0,DELAYED_WORK,"{""progress_anomaly_score"": 5.1817, ""progress_anomaly_percentile"": 0.8549, ""financial_anomaly_score"": 0.1808}",2026-09-06T09:45:06.494738+00:00
MPLADS-000552,0.0231,NORMAL,"{""geo__population_density"": 0.1897, ""geo__infrastructure_gap_index"": 0.0715, ""financial__sanctioned_amount"": 0.0587}",2026-09-06T09:45:06.494738+00:00
MPLADS-000553,0.0182,NORMAL,"{""financial_anomaly_score"": 0.1424, ""geo__population_density"": 0.0813, ""project__planned_duration_days"": 0.046}",2026-09-06T09:45:06.494738+00:00
MPLADS-000554,0.0381,NORMAL,"{""financial__sanctioned_amount"": 0.2818, ""geo__population_density"": 0.2299, ""procurement_anomaly_percentile"": 0.1189}",2026-09-06T09:45:06.494738+00:00
MPLADS-000555,0.0182,NORMAL,"{""geo__population_density"": 0.1093, ""std_anomaly_score"": 0.0723, ""project__planned_duration_days"": 0.0497}",2026-09-06T09:45:06.494738+00:00
MPLADS-000556,0.0262,NORMAL,"{""payment_anomaly_score"": 0.2141, ""mean_anomaly_score"": 0.091, ""project__planned_duration_days"": 0.0549}",2026-09-06T09:45:06.494738+00:00
MPLADS-000557,1.0,COST_OVERRUN,"{""progress_anomaly_score"": 4.5012, ""progress_anomaly_percentile"": 0.8396, ""procurement_anomaly_score"": 0.2361}",2026-09-06T09:45:06.494738+00:00
MPLADS-000558,0.0231,NORMAL,"{""geospatial_anomaly_score"": 0.0835, ""geo__population_density"": 0.0651, ""graph_anomaly_score"": 0.0559}",2026-09-06T09:45:06.494738+00:00
MPLADS-000559,0.0231,NORMAL,"{""geo__population_density"": 0.149, ""financial__sanctioned_amount"": 0.0855, ""graph_anomaly_score"": 0.0689}",2026-09-06T09:45:06.494738+00:00
MPLADS-000560,0.0225,NORMAL,"{""financial__sanctioned_amount"": 0.2654, ""financial_anomaly_score"": 0.1146, ""geospatial_anomaly_score"": 0.0871}",2026-09-06T09:45:06.494738+00:00
MPLADS-000561,0.0308,NORMAL,"{""geospatial_anomaly_score"": 0.1285, ""project__planned_duration_days"": 0.0471, ""financial__sanctioned_amount"": 0.0443}",2026-09-06T09:45:06.494738+00:00
MPLADS-000562,0.0182,NORMAL,"{""geo__population_density"": 0.2664, ""graph_anomaly_score"": 0.0654, ""payment_anomaly_score"": 0.0519}",2026-09-06T09:45:06.494738+00:00
MPLADS-000563,0.0525,NORMAL,"{""geo__population_density"": 0.4603, ""financial_anomaly_score"": 0.1287, ""procurement_anomaly_percentile"": 0.1167}",2026-09-06T09:45:06.494738+00:00
MPLADS-000564,0.0182,NORMAL,"{""mean_anomaly_score"": 0.0384, ""contractor_anomaly_score"": 0.0121, ""graph_anomaly_percentile"": 0.0112}",2026-09-06T09:45:06.494738+00:00
MPLADS-000565,0.2216,NORMAL,"{""financial_anomaly_score"": 0.4851, ""contractor_anomaly_percentile"": 0.3242, ""contractor_anomaly_score"": 0.3089}",2026-09-06T09:45:06.494738+00:00
MPLADS-000566,0.0225,NORMAL,"{""financial__sanctioned_amount"": 0.1115, ""financial_anomaly_percentile"": 0.0827, ""std_anomaly_score"": 0.0245}",2026-09-06T09:45:06.494738+00:00
MPLADS-000567,0.0225,NORMAL,"{""financial__sanctioned_amount"": 0.2351, ""contractor_anomaly_percentile"": 0.0966, ""contractor_anomaly_score"": 0.0925}",2026-09-06T09:45:06.494738+00:00
MPLADS-000568,1.0,COST_OVERRUN,"{""progress_anomaly_score"": 4.6, ""progress_anomaly_percentile"": 0.8961, ""procurement_anomaly_score"": 0.2604}",2026-09-06T09:45:06.494738+00:00
MPLADS-000569,0.0182,NORMAL,"{""financial__sanctioned_amount"": 0.0754, ""project__planned_duration_days"": 0.0598, ""mean_anomaly_score"": 0.0367}",2026-09-06T09:45:06.494738+00:00
MPLADS-000570,0.2371,NORMAL,"{""procurement_anomaly_score"": 1.3952, ""procurement_anomaly_percentile"": 0.551, ""project__planned_duration_days"": 0.0414}",2026-09-06T09:45:06.494738+00:00
MPLADS-000571,0.0225,NORMAL,"{""financial__sanctioned_amount"": 0.0863, ""financial_anomaly_percentile"": 0.0813, ""geo__infrastructure_gap_index"": 0.0664}",2026-09-06T09:45:06.494738+00:00
MPLADS-000572,0.0314,NORMAL,"{""geospatial_anomaly_score"": 0.0851, ""geo__infrastructure_gap_index"": 0.0683, ""financial__sanctioned_amount"": 0.034}",2026-09-06T09:45:06.494738+00:00
MPLADS-000573,0.0225,NORMAL,"{""financial__sanctioned_amount"": 0.2442, ""geo__population_density"": 0.092, ""payment_anomaly_score"": 0.0605}",2026-09-06T09:45:06.494738+00:00
MPLADS-000574,0.0225,NORMAL,"{""geospatial_anomaly_score"": 0.1141, ""contractor_anomaly_percentile"": 0.1094, ""geo__infrastructure_gap_index"": 0.0697}",2026-09-06T09:45:06.494738+00:00
MPLADS-000575,0.0182,NORMAL,"{""project__planned_duration_days"": 0.0674, ""geospatial_anomaly_score"": 0.067, ""mean_anomaly_score"": 0.0539}",2026-09-06T09:45:06.494738+00:00
MPLADS-000576,0.0182,NORMAL,"{""geo__infrastructure_gap_index"": 0.0854, ""geospatial_anomaly_score"": 0.0767, ""project__planned_duration_days"": 0.0289}",2026-09-06T09:45:06.494738+00:00
MPLADS-000577,0.0225,NORMAL,"{""financial__sanctioned_amount"": 0.2241, ""payment_anomaly_score"": 0.0367, ""payment_anomaly_percentile"": 0.0099}",2026-09-06T09:45:06.494738+00:00
MPLADS-000578,0.0231,NORMAL,"{""financial__sanctioned_amount"": 0.1418, ""payment_anomaly_score"": 0.1142, ""payment_anomaly_percentile"": 0.0349}",2026-09-06T09:45:06.494738+00:00
MPLADS-000579,0.0225,NORMAL,"{""financial__sanctioned_amount"": 0.0813, ""project__planned_duration_days"": 0.0298, ""mean_anomaly_score"": 0.023}",2026-09-06T09:45:06.494738+00:00
MPLADS-000580,0.0314,NORMAL,"{""financial__sanctioned_amount"": 0.111, ""geospatial_anomaly_score"": 0.0722, ""payment_anomaly_percentile"": 0.0661}",2026-09-06T09:45:06.494738+00:00
MPLADS-000581,0.0065,NORMAL,"{""financial_anomaly_percentile"": 0.0411, ""project__planned_duration_days"": 0.0403, ""graph_anomaly_score"": 0.039}",2026-09-06T09:45:06.494738+00:00
MPLADS-000582,0.0046,NORMAL,"{""financial_anomaly_score"": 0.1541, ""project__planned_duration_days"": 0.0424, ""num_flagged_models"": 0.0014}",2026-09-06T09:45:06.494738+00:00
MPLADS-000583,0.0182,NORMAL,"{""financial_anomaly_score"": 0.1201, ""geospatial_anomaly_score"": 0.1064, ""project__planned_duration_days"": 0.0505}",2026-09-06T09:45:06.494738+00:00
MPLADS-000584,1.0,DELAYED_WORK,"{""progress_anomaly_score"": 4.79, ""progress_anomaly_percentile"": 0.8607, ""procurement_anomaly_score"": 0.202}",2026-09-06T09:45:06.494738+00:00
MPLADS-000585,1.0,COST_OVERRUN,"{""progress_anomaly_score"": 4.6917, ""progress_anomaly_percentile"": 0.8065, ""procurement_anomaly_percentile"": 0.1838}",2026-09-06T09:45:06.494738+00:00
MPLADS-000586,0.0182,NORMAL,"{""geo__infrastructure_gap_index"": 0.0976, ""geospatial_anomaly_score"": 0.0837, ""project__planned_duration_days"": 0.0737}",2026-09-06T09:45:06.494738+00:00
MPLADS-000587,0.0231,NORMAL,"{""geo__infrastructure_gap_index"": 0.1255, ""mean_anomaly_score"": 0.0238, ""contractor_anomaly_score"": 0.0113}",2026-09-06T09:45:06.494738+00:00
MPLADS-000588,0.0182,NORMAL,"{""geo__infrastructure_gap_index"": 0.0604, ""payment_anomaly_percentile"": 0.0272, ""financial__sanctioned_amount"": 0.0202}",2026-09-06T09:45:06.494738+00:00
MPLADS-000589,1.0,DELAYED_WORK,"{""progress_anomaly_score"": 4.7593, ""progress_anomaly_percentile"": 0.802, ""financial_anomaly_score"": 0.1733}",2026-09-06T09:45:06.494738+00:00
MPLADS-000590,0.0225,NORMAL,"{""financial__sanctioned_amount"": 0.058, ""project__planned_duration_days"": 0.0509, ""geo__population_density"": 0.0432}",2026-09-06T09:45:06.494738+00:00
MPLADS-000591,0.0225,NORMAL,"{""financial__sanctioned_amount"": 0.1736, ""geospatial_anomaly_score"": 0.09, ""procurement_anomaly_percentile"": 0.0552}",2026-09-06T09:45:06.494738+00:00
MPLADS-000592,1.0,DELAYED_WORK,"{""progress_anomaly_score"": 5.141, ""progress_anomaly_percentile"": 0.927, ""financial_anomaly_score"": 0.1866}",2026-09-06T09:45:06.494738+00:00
MPLADS-000593,0.0231,NORMAL,"{""geospatial_anomaly_score"": 0.1125, ""financial__sanctioned_amount"": 0.1049, ""geospatial_anomaly_percentile"": 0.0386}",2026-09-06T09:45:06.494738+00:00
MPLADS-000594,0.0314,NORMAL,"{""geo__population_density"": 0.3269, ""geo__infrastructure_gap_index"": 0.0982, ""geospatial_anomaly_score"": 0.0819}",2026-09-06T09:45:06.494738+00:00
MPLADS-000595,0.0231,NORMAL,"{""geo__population_density"": 0.4504, ""geo__infrastructure_gap_index"": 0.0962, ""geospatial_anomaly_score"": 0.0601}",2026-09-06T09:45:06.494738+00:00
MPLADS-000596,0.011,NORMAL,"{""payment_anomaly_score"": 0.065, ""project__planned_duration_days"": 0.0332, ""payment_anomaly_percentile"": 0.0307}",2026-09-06T09:45:06.494738+00:00
MPLADS-000597,0.0225,NORMAL,"{""geo__population_density"": 0.4567, ""mean_anomaly_score"": 0.0644, ""financial__sanctioned_amount"": 0.0447}",2026-09-06T09:45:06.494738+00:00
MPLADS-000598,0.0225,NORMAL,"{""geo__infrastructure_gap_index"": 0.0955, ""geospatial_anomaly_score"": 0.0807, ""project__planned_duration_days"": 0.0493}",2026-09-06T09:45:06.494738+00:00
MPLADS-000599,0.0225,NORMAL,"{""procurement_anomaly_score"": 0.6252, ""procurement_anomaly_percentile"": 0.229, ""project__planned_duration_days"": 0.0403}",2026-09-06T09:45:06.494738+00:00
MPLADS-000600,0.0231,NORMAL,"{""geospatial_anomaly_score"": 0.205, ""project__planned_duration_days"": 0.0545, ""mean_anomaly_score"": 0.045}",2026-09-06T09:45:06.494738+00:00
MPLADS-000601,1.0,GHOST_WORK,"{""progress_anomaly_score"": 5.227, ""progress_anomaly_percentile"": 0.9437, ""geospatial_anomaly_score"": 0.1123}",2026-09-06T09:45:06.494738+00:00
MPLADS-000602,0.0182,NORMAL,"{""financial__sanctioned_amount"": 0.0457, ""project__planned_duration_days"": 0.0244, ""geospatial_anomaly_score"": 0.0225}",2026-09-06T09:45:06.494738+00:00
MPLADS-000603,0.0314,NORMAL,"{""geo__infrastructure_gap_index"": 0.1348, ""geospatial_anomaly_score"": 0.0551, ""procurement_anomaly_percentile"": 0.0528}",2026-09-06T09:45:06.494738+00:00
MPLADS-000604,0.0225,NORMAL,"{""geo__population_density"": 0.2642, ""geospatial_anomaly_score"": 0.0815, ""project__planned_duration_days"": 0.0628}",2026-09-06T09:45:06.494738+00:00
MPLADS-000605,0.0262,NORMAL,"{""geo__infrastructure_gap_index"": 0.2625, ""geo__population_density"": 0.1711, ""geospatial_anomaly_score"": 0.1643}",2026-09-06T09:45:06.494738+00:00
MPLADS-000606,0.0231,NORMAL,"{""geo__infrastructure_gap_index"": 0.1384, ""geospatial_anomaly_score"": 0.1199, ""financial_anomaly_score"": 0.0769}",2026-09-06T09:45:06.494738+00:00
MPLADS-000607,0.5448,PROCUREMENT_SINGLE_BID,"{""procurement_anomaly_score"": 1.8824, ""procurement_anomaly_percentile"": 0.8718, ""max_anomaly_score"": 0.1368}",2026-09-06T09:45:06.494738+00:00
MPLADS-000608,0.0225,NORMAL,"{""financial_anomaly_score"": 0.1646, ""graph_anomaly_score"": 0.0953, ""payment_anomaly_score"": 0.0521}",2026-09-06T09:45:06.494738+00:00
MPLADS-000609,0.0225,NORMAL,"{""project__planned_duration_days"": 0.0465, ""financial__sanctioned_amount"": 0.0158, ""geospatial_anomaly_percentile"": 0.0106}",2026-09-06T09:45:06.494738+00:00
MPLADS-000610,0.0314,NORMAL,"{""geo__population_density"": 0.2771, ""geospatial_anomaly_score"": 0.0636, ""project__planned_duration_days"": 0.0527}",2026-09-06T09:45:06.494738+00:00
MPLADS-000611,0.0314,NORMAL,"{""geospatial_anomaly_score"": 0.1275, ""project__planned_duration_days"": 0.0545, ""geospatial_anomaly_percentile"": 0.0334}",2026-09-06T09:45:06.494738+00:00
MPLADS-000612,0.0225,NORMAL,"{""geo__infrastructure_gap_index"": 0.0669, ""graph_anomaly_score"": 0.0522, ""mean_anomaly_score"": 0.0236}",2026-09-06T09:45:06.494738+00:00
MPLADS-000613,0.0182,NORMAL,"{""project__planned_duration_days"": 0.0538, ""geo__infrastructure_gap_index"": 0.0533, ""mean_anomaly_score"": 0.0467}",2026-09-06T09:45:06.494738+00:00
MPLADS-000614,0.0182,NORMAL,"{""project__planned_duration_days"": 0.052, ""geospatial_anomaly_score"": 0.0172, ""payment_anomaly_percentile"": 0.0159}",2026-09-06T09:45:06.494738+00:00
MPLADS-000615,0.0182,NORMAL,"{""payment_anomaly_score"": 0.1032, ""mean_anomaly_score"": 0.1021, ""geospatial_anomaly_score"": 0.092}",2026-09-06T09:45:06.494738+00:00
MPLADS-000616,0.0225,NORMAL,"{""geo__population_density"": 0.2978, ""financial__sanctioned_amount"": 0.1124, ""geospatial_anomaly_score"": 0.0895}",2026-09-06T09:45:06.494738+00:00
MPLADS-000617,0.191,NORMAL,"{""geo__population_density"": 0.296, ""geospatial_anomaly_score"": 0.1209, ""financial_anomaly_score"": 0.107}",2026-09-06T09:45:06.494738+00:00
MPLADS-000618,1.0,GHOST_WORK,"{""progress_anomaly_score"": 5.2416, ""progress_anomaly_percentile"": 0.9201, ""payment_anomaly_score"": 0.07}",2026-09-06T09:45:06.494738+00:00
MPLADS-000619,1.0,COST_OVERRUN,"{""progress_anomaly_score"": 4.3454, ""progress_anomaly_percentile"": 0.8248, ""procurement_anomaly_score"": 0.444}",2026-09-06T09:45:06.494738+00:00
MPLADS-000620,0.0314,NORMAL,"{""geo__infrastructure_gap_index"": 0.1962, ""financial__sanctioned_amount"": 0.1339, ""geospatial_anomaly_score"": 0.1303}",2026-09-06T09:45:06.494738+00:00
MPLADS-000621,0.0225,NORMAL,"{""geo__population_density"": 0.0804, ""std_anomaly_score"": 0.0787, ""payment_anomaly_percentile"": 0.0592}",2026-09-06T09:45:06.494738+00:00
MPLADS-000622,0.0182,NORMAL,"{""payment_anomaly_score"": 0.1405, ""geospatial_anomaly_score"": 0.1256, ""financial_anomaly_score"": 0.0934}",2026-09-06T09:45:06.494738+00:00
MPLADS-000623,0.0231,NORMAL,"{""geo__population_density"": 0.0843, ""geospatial_anomaly_score"": 0.073, ""project__planned_duration_days"": 0.0495}",2026-09-06T09:45:06.494738+00:00
MPLADS-000624,1.0,PAYMENT_PROGRESS_MISMATCH,"{""progress_anomaly_score"": 5.3456, ""progress_anomaly_percentile"": 0.9627, ""payment_anomaly_score"": 0.089}",2026-09-06T09:45:06.494738+00:00
MPLADS-000625,0.0182,NORMAL,"{""project__planned_duration_days"": 0.0444, ""std_anomaly_score"": 0.0202, ""geospatial_anomaly_score"": 0.0185}",2026-09-06T09:45:06.494738+00:00
MPLADS-000626,0.266,NORMAL,"{""procurement_anomaly_score"": 0.719, ""procurement_anomaly_percentile"": 0.3256, ""geo__population_density"": 0.1883}",2026-09-06T09:45:06.494738+00:00
MPLADS-000627,0.0225,NORMAL,"{""geospatial_anomaly_score"": 0.0596, ""financial__sanctioned_amount"": 0.0343, ""geospatial_anomaly_percentile"": 0.0342}",2026-09-06T09:45:06.494738+00:00
MPLADS-000628,0.0314,NORMAL,"{""graph_anomaly_score"": 0.0995, ""project__planned_duration_days"": 0.0433, ""financial__sanctioned_amount"": 0.0422}",2026-09-06T09:45:06.494738+00:00
MPLADS-000629,1.0,PAYMENT_PROGRESS_MISMATCH,"{""progress_anomaly_score"": 5.4888, ""progress_anomaly_percentile"": 0.9483, ""payment_anomaly_score"": 0.0822}",2026-09-06T09:45:06.494738+00:00
MPLADS-000630,0.0345,NORMAL,"{""geo__infrastructure_gap_index"": 0.2274, ""project__planned_duration_days"": 0.0552, ""procurement_anomaly_percentile"": 0.0212}",2026-09-06T09:45:06.494738+00:00
MPLADS-000631,0.0182,NORMAL,"{""project__planned_duration_days"": 0.051, ""geospatial_anomaly_score"": 0.0435, ""std_anomaly_score"": 0.0124}",2026-09-06T09:45:06.494738+00:00
MPLADS-000632,0.0314,NORMAL,"{""payment_anomaly_score"": 0.149, ""financial_anomaly_score"": 0.1412, ""payment_anomaly_percentile"": 0.0682}",2026-09-06T09:45:06.494738+00:00
MPLADS-000633,0.011,NORMAL,"{""contractor_anomaly_percentile"": 0.141, ""contractor_anomaly_score"": 0.1338, ""financial_anomaly_score"": 0.1288}",2026-09-06T09:45:06.494738+00:00
MPLADS-000634,0.0225,NORMAL,"{""financial__sanctioned_amount"": 0.2861, ""procurement_anomaly_percentile"": 0.1193, ""geo__infrastructure_gap_index"": 0.1033}",2026-09-06T09:45:06.494738+00:00
MPLADS-000635,0.0182,NORMAL,"{""geo__population_density"": 0.0736, ""financial_anomaly_score"": 0.072, ""financial_anomaly_percentile"": 0.0493}",2026-09-06T09:45:06.494738+00:00
MPLADS-000636,0.0225,NORMAL,"{""project__planned_duration_days"": 0.0293, ""graph_anomaly_score"": 0.011, ""geospatial_anomaly_score"": 0.0104}",2026-09-06T09:45:06.494738+00:00
MPLADS-000637,1.0,ABANDONED_WORK,"{""progress_anomaly_score"": 5.2687, ""progress_anomaly_percentile"": 0.9509, ""financial_anomaly_score"": 0.1222}",2026-09-06T09:45:06.494738+00:00
MPLADS-000638,0.0314,NORMAL,"{""geo__population_density"": 0.164, ""geo__infrastructure_gap_index"": 0.1372, ""geospatial_anomaly_score"": 0.0643}",2026-09-06T09:45:06.494738+00:00
MPLADS-000639,0.0225,NORMAL,"{""geo__population_density"": 0.2011, ""financial_anomaly_score"": 0.0334, ""payment_anomaly_percentile"": 0.0327}",2026-09-06T09:45:06.494738+00:00
MPLADS-000640,0.0225,NORMAL,"{""geo__infrastructure_gap_index"": 0.1803, ""financial__sanctioned_amount"": 0.0886, ""geospatial_anomaly_score"": 0.0623}",2026-09-06T09:45:06.494738+00:00
MPLADS-000641,0.011,NORMAL,"{""financial_anomaly_score"": 0.1797, ""mean_anomaly_score"": 0.0332, ""financial_anomaly_percentile"": 0.0305}",2026-09-06T09:45:06.494738+00:00
MPLADS-000642,0.0182,NORMAL,"{""geo__population_density"": 0.0552, ""payment_anomaly_percentile"": 0.0403, ""project__planned_duration_days"": 0.0385}",2026-09-06T09:45:06.494738+00:00
MPLADS-000643,1.0,PAYMENT_PROGRESS_MISMATCH,"{""progress_anomaly_score"": 5.0775, ""progress_anomaly_percentile"": 0.9124, ""payment_anomaly_score"": 0.3175}",2026-09-06T09:45:06.494738+00:00
MPLADS-000644,0.3533,NORMAL,"{""procurement_anomaly_score"": 1.4066, ""procurement_anomaly_percentile"": 0.6294, ""financial__sanctioned_amount"": 0.092}",2026-09-06T09:45:06.494738+00:00
MPLADS-000645,0.0314,NORMAL,"{""geo__infrastructure_gap_index"": 0.3235, ""contractor_anomaly_percentile"": 0.1848, ""geo__population_density"": 0.1136}",2026-09-06T09:45:06.494738+00:00
MPLADS-000646,0.0182,NORMAL,"{""geo__infrastructure_gap_index"": 0.0438, ""project__planned_duration_days"": 0.0395, ""contractor_anomaly_percentile"": 0.0291}",2026-09-06T09:45:06.494738+00:00
MPLADS-000647,1.0,COST_OVERRUN,"{""progress_anomaly_score"": 4.7323, ""progress_anomaly_percentile"": 0.854, ""procurement_anomaly_score"": 0.246}",2026-09-06T09:45:06.494738+00:00
MPLADS-000648,0.0314,NORMAL,"{""geo__population_density"": 0.1842, ""geo__infrastructure_gap_index"": 0.1803, ""geospatial_anomaly_score"": 0.0946}",2026-09-06T09:45:06.494738+00:00
MPLADS-000649,0.0231,NORMAL,"{""mean_anomaly_score"": 0.063, ""contractor_anomaly_score"": 0.0203, ""graph_anomaly_percentile"": 0.0072}",2026-09-06T09:45:06.494738+00:00
MPLADS-000650,0.0231,NORMAL,"{""project__planned_duration_days"": 0.0707, ""geo__infrastructure_gap_index"": 0.0696, ""financial_anomaly_percentile"": 0.0676}",2026-09-06T09:45:06.494738+00:00
MPLADS-000651,0.0225,NORMAL,"{""graph_anomaly_score"": 0.0559, ""financial__sanctioned_amount"": 0.0358, ""project__planned_duration_days"": 0.0293}",2026-09-06T09:45:06.494738+00:00
MPLADS-000652,0.0161,NORMAL,"{""project__planned_duration_days"": 0.0864, ""payment_anomaly_percentile"": 0.0544, ""graph_anomaly_score"": 0.0403}",2026-09-06T09:45:06.494738+00:00
MPLADS-000653,0.0182,NORMAL,"{""financial__sanctioned_amount"": 0.0888, ""contractor_anomaly_score"": 0.0864, ""geospatial_anomaly_score"": 0.063}",2026-09-06T09:45:06.494738+00:00
MPLADS-000654,1.0,PAYMENT_PROGRESS_MISMATCH,"{""progress_anomaly_score"": 5.4251, ""progress_anomaly_percentile"": 0.9585, ""payment_anomaly_score"": 0.0909}",2026-09-06T09:45:06.494738+00:00
MPLADS-000655,0.0182,NORMAL,"{""geospatial_anomaly_score"": 0.0491, ""mean_anomaly_score"": 0.0445, ""financial__sanctioned_amount"": 0.0433}",2026-09-06T09:45:06.494738+00:00
MPLADS-000656,0.0182,NORMAL,"{""geospatial_anomaly_score"": 0.074, ""geo__infrastructure_gap_index"": 0.0622, ""project__planned_duration_days"": 0.0612}",2026-09-06T09:45:06.494738+00:00
MPLADS-000657,0.0182,NORMAL,"{""financial__sanctioned_amount"": 0.2403, ""financial_anomaly_percentile"": 0.0562, ""geospatial_anomaly_percentile"": 0.0312}",2026-09-06T09:45:06.494738+00:00
MPLADS-000658,0.0262,NORMAL,"{""financial__sanctioned_amount"": 0.2622, ""geo__infrastructure_gap_index"": 0.2167, ""contractor_anomaly_percentile"": 0.1787}",2026-09-06T09:45:06.494738+00:00
MPLADS-000659,0.0231,NORMAL,"{""std_anomaly_score"": 0.0981, ""geo__infrastructure_gap_index"": 0.0883, ""project__planned_duration_days"": 0.0553}",2026-09-06T09:45:06.494738+00:00
MPLADS-000660,0.0231,NORMAL,"{""geospatial_anomaly_score"": 0.1847, ""financial__sanctioned_amount"": 0.1565, ""geo__population_density"": 0.1396}",2026-09-06T09:45:06.494738+00:00
MPLADS-000661,0.0314,NORMAL,"{""geo__population_density"": 0.4715, ""financial__sanctioned_amount"": 0.0279, ""graph_anomaly_score"": 0.0105}",2026-09-06T09:45:06.494738+00:00
MPLADS-000662,1.0,DOCUMENTATION_DEFICIT,"{""progress_anomaly_score"": 5.3242, ""progress_anomaly_percentile"": 0.9254, ""payment_anomaly_score"": 0.0837}",2026-09-06T09:45:06.494738+00:00
MPLADS-000663,0.0308,NORMAL,"{""geo__population_density"": 0.1791, ""geospatial_anomaly_score"": 0.0683, ""project__planned_duration_days"": 0.0682}",2026-09-06T09:45:06.494738+00:00
MPLADS-000664,0.0231,NORMAL,"{""geospatial_anomaly_score"": 0.2069, ""geospatial_anomaly_percentile"": 0.0958, ""project__planned_duration_days"": 0.0692}",2026-09-06T09:45:06.494738+00:00
MPLADS-000665,1.0,PAYMENT_PROGRESS_MISMATCH,"{""progress_anomaly_score"": 4.6234, ""progress_anomaly_percentile"": 0.8987, ""procurement_anomaly_score"": 0.2477}",2026-09-06T09:45:06.494738+00:00
MPLADS-000666,0.0225,NORMAL,"{""geo__population_density"": 0.1394, ""graph_anomaly_score"": 0.0622, ""payment_anomaly_score"": 0.0598}",2026-09-06T09:45:06.494738+00:00
MPLADS-000667,0.0088,NORMAL,"{""project__planned_duration_days"": 0.0609, ""payment_anomaly_percentile"": 0.0211, ""num_flagged_models"": 0.0014}",2026-09-06T09:45:06.494738+00:00
MPLADS-000668,0.4089,NORMAL,"{""procurement_anomaly_score"": 1.517, ""procurement_anomaly_percentile"": 0.5792, ""geo__population_density"": 0.1228}",2026-09-06T09:45:06.494738+00:00
MPLADS-000669,0.0314,NORMAL,"{""mean_anomaly_score"": 0.0566, ""project__planned_duration_days"": 0.0555, ""geospatial_anomaly_percentile"": 0.0161}",2026-09-06T09:45:06.494738+00:00
MPLADS-000670,0.0293,NORMAL,"{""geo__population_density"": 0.1946, ""financial__sanctioned_amount"": 0.0385, ""project__planned_duration_days"": 0.0355}",2026-09-06T09:45:06.494738+00:00
MPLADS-000671,0.0231,NORMAL,"{""geospatial_anomaly_score"": 0.1459, ""financial__sanctioned_amount"": 0.1151, ""graph_anomaly_score"": 0.0884}",2026-09-06T09:45:06.494738+00:00
MPLADS-000672,0.1963,NORMAL,"{""financial__sanctioned_amount"": 0.4051, ""financial_anomaly_score"": 0.2968, ""procurement_anomaly_percentile"": 0.2093}",2026-09-06T09:45:06.494738+00:00
MPLADS-000673,0.0231,NORMAL,"{""payment_anomaly_score"": 0.3177, ""mean_anomaly_score"": 0.0764, ""project__planned_duration_days"": 0.0517}",2026-09-06T09:45:06.494738+00:00
MPLADS-000674,0.9524,COST_OVERRUN,"{""progress_anomaly_score"": 2.7758, ""financial_anomaly_score"": 0.3505, ""financial__sanctioned_amount"": 0.1915}",2026-09-06T09:45:06.494738+00:00
MPLADS-000675,0.011,NORMAL,"{""geo__infrastructure_gap_index"": 0.0648, ""std_anomaly_score"": 0.0288, ""project__planned_duration_days"": 0.0235}",2026-09-06T09:45:06.494738+00:00
MPLADS-000676,0.0231,NORMAL,"{""financial_anomaly_percentile"": 0.0646, ""geo__population_density"": 0.0631, ""project__planned_duration_days"": 0.0202}",2026-09-06T09:45:06.494738+00:00
MPLADS-000677,1.0,PAYMENT_PROGRESS_MISMATCH,"{""progress_anomaly_score"": 5.4047, ""progress_anomaly_percentile"": 0.9332, ""geo__infrastructure_gap_index"": 0.136}",2026-09-06T09:45:06.494738+00:00
MPLADS-000678,1.0,GHOST_WORK,"{""progress_anomaly_score"": 5.0073, ""progress_anomaly_percentile"": 0.9043, ""financial_anomaly_score"": 0.1986}",2026-09-06T09:45:06.494738+00:00
MPLADS-000679,0.0182,NORMAL,"{""geo__population_density"": 0.3201, ""geo__infrastructure_gap_index"": 0.1958, ""graph_anomaly_score"": 0.1851}",2026-09-06T09:45:06.494738+00:00
MPLADS-000680,0.1289,NORMAL,"{""procurement_anomaly_score"": 0.6581, ""procurement_anomaly_percentile"": 0.2777, ""geospatial_anomaly_score"": 0.1348}",2026-09-06T09:45:06.494738+00:00
MPLADS-000681,0.0182,NORMAL,"{""geo__population_density"": 0.1932, ""financial_anomaly_score"": 0.1003, ""std_anomaly_score"": 0.0735}",2026-09-06T09:45:06.494738+00:00
MPLADS-000682,0.0122,NORMAL,"{""project__planned_duration_days"": 0.0636, ""geospatial_anomaly_score"": 0.0405, ""graph_anomaly_score"": 0.0197}",2026-09-06T09:45:06.494738+00:00
MPLADS-000683,0.0182,NORMAL,"{""geospatial_anomaly_score"": 0.0693, ""project__planned_duration_days"": 0.0461, ""financial__sanctioned_amount"": 0.0423}",2026-09-06T09:45:06.494738+00:00
MPLADS-000684,0.0182,NORMAL,"{""financial_anomaly_percentile"": 0.0489, ""project__planned_duration_days"": 0.0487, ""geo__infrastructure_gap_index"": 0.0341}",2026-09-06T09:45:06.494738+00:00
MPLADS-000685,0.1253,NORMAL,"{""payment_anomaly_score"": 0.4184, ""geo__infrastructure_gap_index"": 0.1798, ""graph_anomaly_score"": 0.0874}",2026-09-06T09:45:06.494738+00:00
MPLADS-000686,0.0231,NORMAL,"{""financial__sanctioned_amount"": 0.437, ""procurement_anomaly_percentile"": 0.1501, ""geospatial_anomaly_percentile"": 0.089}",2026-09-06T09:45:06.494738+00:00
MPLADS-000687,0.0231,NORMAL,"{""geo__population_density"": 0.082, ""project__planned_duration_days"": 0.0427, ""contractor_anomaly_percentile"": 0.0095}",2026-09-06T09:45:06.494738+00:00
MPLADS-000688,0.0231,NORMAL,"{""financial__sanctioned_amount"": 0.0856, ""geospatial_anomaly_score"": 0.08, ""geo__population_density"": 0.0776}",2026-09-06T09:45:06.494738+00:00
MPLADS-000689,0.0182,NORMAL,"{""project__planned_duration_days"": 0.0468, ""std_anomaly_score"": 0.0313, ""geospatial_anomaly_percentile"": 0.0187}",2026-09-06T09:45:06.494738+00:00
MPLADS-000690,0.0231,NORMAL,"{""financial_anomaly_score"": 0.2105, ""mean_anomaly_score"": 0.145, ""payment_anomaly_percentile"": 0.1095}",2026-09-06T09:45:06.494738+00:00
MPLADS-000691,0.0314,NORMAL,"{""geospatial_anomaly_score"": 0.1239, ""geo__population_density"": 0.0965, ""geo__infrastructure_gap_index"": 0.067}",2026-09-06T09:45:06.494738+00:00
MPLADS-000692,0.0182,NORMAL,"{""financial__sanctioned_amount"": 0.1679, ""std_anomaly_score"": 0.0077, ""num_flagged_models"": 0.0014}",2026-09-06T09:45:06.494738+00:00
MPLADS-000693,0.0231,NORMAL,"{""geospatial_anomaly_score"": 0.1204, ""mean_anomaly_score"": 0.0562, ""geospatial_anomaly_percentile"": 0.0542}",2026-09-06T09:45:06.494738+00:00
MPLADS-000694,0.0262,NORMAL,"{""geospatial_anomaly_percentile"": 0.1162, ""financial__sanctioned_amount"": 0.0979, ""geo__infrastructure_gap_index"": 0.0951}",2026-09-06T09:45:06.494738+00:00
MPLADS-000695,1.0,PAYMENT_PROGRESS_MISMATCH,"{""progress_anomaly_score"": 5.2532, ""progress_anomaly_percentile"": 0.8909, ""payment_anomaly_score"": 0.1083}",2026-09-06T09:45:06.494738+00:00
MPLADS-000696,0.0182,NORMAL,"{""mean_anomaly_score"": 0.0729, ""project__planned_duration_days"": 0.0615, ""graph_anomaly_percentile"": 0.011}",2026-09-06T09:45:06.494738+00:00
MPLADS-000697,0.0231,NORMAL,"{""financial_anomaly_score"": 0.3368, ""geospatial_anomaly_score"": 0.1563, ""financial__sanctioned_amount"": 0.1464}",2026-09-06T09:45:06.494738+00:00
MPLADS-000698,0.0231,NORMAL,"{""geo__population_density"": 0.1083, ""geospatial_anomaly_score"": 0.0951, ""financial_anomaly_score"": 0.0555}",2026-09-06T09:45:06.494738+00:00
MPLADS-000699,0.0293,NORMAL,"{""geo__population_density"": 0.4467, ""financial_anomaly_score"": 0.0893, ""geo__infrastructure_gap_index"": 0.0287}",2026-09-06T09:45:06.494738+00:00
MPLADS-000700,0.0225,NORMAL,"{""geo__infrastructure_gap_index"": 0.1779, ""geospatial_anomaly_score"": 0.0681, ""project__planned_duration_days"": 0.0407}",2026-09-06T09:45:06.494738+00:00
MPLADS-000701,0.0231,NORMAL,"{""geo__population_density"": 0.218, ""financial__sanctioned_amount"": 0.1032, ""geo__infrastructure_gap_index"": 0.1001}",2026-09-06T09:45:06.494738+00:00
MPLADS-000702,0.0231,NORMAL,"{""geo__population_density"": 0.0846, ""geo__infrastructure_gap_index"": 0.0718, ""procurement_anomaly_percentile"": 0.0454}",2026-09-06T09:45:06.494738+00:00
MPLADS-000703,0.0231,NORMAL,"{""geospatial_anomaly_score"": 0.1971, ""graph_anomaly_score"": 0.095, ""geo__population_density"": 0.0567}",2026-09-06T09:45:06.494738+00:00
MPLADS-000704,0.5162,PROCUREMENT_SINGLE_BID,"{""procurement_anomaly_score"": 2.074, ""procurement_anomaly_percentile"": 0.867, ""max_anomaly_score"": 0.1442}",2026-09-06T09:45:06.494738+00:00
MPLADS-000705,0.0182,NORMAL,"{""geo__population_density"": 0.2425, ""payment_anomaly_percentile"": 0.0497, ""project__planned_duration_days"": 0.0256}",2026-09-06T09:45:06.494738+00:00
MPLADS-000706,0.0182,NORMAL,"{""geo__infrastructure_gap_index"": 0.0634, ""project__planned_duration_days"": 0.0431, ""contractor_anomaly_score"": 0.0041}",2026-09-06T09:45:06.494738+00:00
MPLADS-000707,0.0225,NORMAL,"{""project__planned_duration_days"": 0.0681, ""payment_anomaly_percentile"": 0.057, ""graph_anomaly_score"": 0.0504}",2026-09-06T09:45:06.494738+00:00
MPLADS-000708,0.0262,NORMAL,"{""financial__sanctioned_amount"": 0.1442, ""geospatial_anomaly_score"": 0.1028, ""graph_anomaly_percentile"": 0.0812}",2026-09-06T09:45:06.494738+00:00
MPLADS-000709,0.0314,NORMAL,"{""geo__population_density"": 0.2051, ""financial__sanctioned_amount"": 0.1788, ""graph_anomaly_score"": 0.0653}",2026-09-06T09:45:06.494738+00:00
MPLADS-000710,0.0314,NORMAL,"{""financial__sanctioned_amount"": 0.18, ""geospatial_anomaly_score"": 0.0723, ""geo__population_density"": 0.0356}",2026-09-06T09:45:06.494738+00:00
MPLADS-000711,0.0182,NORMAL,"{""procurement_anomaly_score"": 0.3111, ""procurement_anomaly_percentile"": 0.2764, ""geo__infrastructure_gap_index"": 0.1106}",2026-09-06T09:45:06.494738+00:00
MPLADS-000712,0.3136,NORMAL,"{""procurement_anomaly_score"": 1.5444, ""procurement_anomaly_percentile"": 0.5699, ""financial__sanctioned_amount"": 0.0487}",2026-09-06T09:45:06.494738+00:00
MPLADS-000713,0.0182,NORMAL,"{""geo__infrastructure_gap_index"": 0.1678, ""geospatial_anomaly_score"": 0.0884, ""project__planned_duration_days"": 0.0542}",2026-09-06T09:45:06.494738+00:00
MPLADS-000714,0.0231,NORMAL,"{""geo__population_density"": 0.1871, ""financial__sanctioned_amount"": 0.1801, ""geospatial_anomaly_score"": 0.0468}",2026-09-06T09:45:06.494738+00:00
MPLADS-000715,0.0612,NORMAL,"{""financial_anomaly_score"": 0.2501, ""payment_anomaly_score"": 0.1687, ""geospatial_anomaly_percentile"": 0.1292}",2026-09-06T09:45:06.494738+00:00
MPLADS-000716,1.0,COST_OVERRUN,"{""progress_anomaly_score"": 4.5785, ""progress_anomaly_percentile"": 0.8286, ""procurement_anomaly_score"": 0.1924}",2026-09-06T09:45:06.494738+00:00
MPLADS-000717,0.0225,NORMAL,"{""financial_anomaly_percentile"": 0.056, ""project__planned_duration_days"": 0.0519, ""payment_anomaly_score"": 0.0486}",2026-09-06T09:45:06.494738+00:00
MPLADS-000718,0.0225,NORMAL,"{""geospatial_anomaly_score"": 0.1065, ""project__planned_duration_days"": 0.0461, ""geospatial_anomaly_percentile"": 0.0301}",2026-09-06T09:45:06.494738+00:00
MPLADS-000719,0.0231,NORMAL,"{""financial__sanctioned_amount"": 0.2306, ""payment_anomaly_score"": 0.104, ""geo__infrastructure_gap_index"": 0.0811}",2026-09-06T09:45:06.494738+00:00
MPLADS-000720,0.0231,NORMAL,"{""payment_anomaly_score"": 0.0988, ""mean_anomaly_score"": 0.0718, ""geospatial_anomaly_score"": 0.0536}",2026-09-06T09:45:06.494738+00:00
MPLADS-000721,0.0225,NORMAL,"{""financial__sanctioned_amount"": 0.0958, ""payment_anomaly_percentile"": 0.0545, ""payment_anomaly_score"": 0.0415}",2026-09-06T09:45:06.494738+00:00
MPLADS-000722,0.0231,NORMAL,"{""geo__population_density"": 0.2042, ""geo__infrastructure_gap_index"": 0.1472, ""geospatial_anomaly_score"": 0.1186}",2026-09-06T09:45:06.494738+00:00
MPLADS-000723,1.0,PAYMENT_PROGRESS_MISMATCH,"{""progress_anomaly_score"": 5.0509, ""progress_anomaly_percentile"": 0.9028, ""payment_anomaly_score"": 0.1282}",2026-09-06T09:45:06.494738+00:00
MPLADS-000724,1.0,GHOST_WORK,"{""progress_anomaly_score"": 5.3082, ""progress_anomaly_percentile"": 0.9159, ""payment_anomaly_score"": 0.1069}",2026-09-06T09:45:06.494738+00:00
MPLADS-000725,0.0182,NORMAL,"{""geo__infrastructure_gap_index"": 0.2056, ""financial_anomaly_percentile"": 0.0501, ""project__planned_duration_days"": 0.0381}",2026-09-06T09:45:06.494738+00:00
MPLADS-000726,0.011,NORMAL,"{""graph_anomaly_score"": 0.0214, ""contractor_anomaly_percentile"": 0.018, ""project__planned_duration_days"": 0.0089}",2026-09-06T09:45:06.494738+00:00
MPLADS-000727,0.3251,NORMAL,"{""procurement_anomaly_score"": 1.5387, ""procurement_anomaly_percentile"": 0.5807, ""financial__sanctioned_amount"": 0.143}",2026-09-06T09:45:06.494738+00:00
MPLADS-000728,0.0182,NORMAL,"{""project__planned_duration_days"": 0.0337, ""financial__sanctioned_amount"": 0.0238, ""payment_anomaly_percentile"": 0.0052}",2026-09-06T09:45:06.494738+00:00
MPLADS-000729,0.0182,NORMAL,"{""financial_anomaly_score"": 0.1229, ""geo__population_density"": 0.1043, ""geospatial_anomaly_score"": 0.0721}",2026-09-06T09:45:06.494738+00:00
MPLADS-000730,0.0182,NORMAL,"{""geo__population_density"": 0.1988, ""std_anomaly_score"": 0.047, ""mean_anomaly_score"": 0.0337}",2026-09-06T09:45:06.494738+00:00
MPLADS-000731,0.0231,NORMAL,"{""financial__sanctioned_amount"": 0.0763, ""geospatial_anomaly_score"": 0.0657, ""procurement_anomaly_percentile"": 0.0639}",2026-09-06T09:45:06.494738+00:00
MPLADS-000732,0.0664,NORMAL,"{""financial__sanctioned_amount"": 0.2821, ""geo__infrastructure_gap_index"": 0.1065, ""geospatial_anomaly_score"": 0.0994}",2026-09-06T09:45:06.494738+00:00
MPLADS-000733,0.0182,NORMAL,"{""financial__sanctioned_amount"": 0.1603, ""payment_anomaly_score"": 0.0779, ""payment_anomaly_percentile"": 0.0121}",2026-09-06T09:45:06.494738+00:00
MPLADS-000734,0.0231,NORMAL,"{""financial__sanctioned_amount"": 0.0927, ""payment_anomaly_score"": 0.0221, ""payment_anomaly_percentile"": 0.0099}",2026-09-06T09:45:06.494738+00:00
MPLADS-000735,0.0231,NORMAL,"{""payment_anomaly_score"": 0.1799, ""financial__sanctioned_amount"": 0.1281, ""mean_anomaly_score"": 0.0452}",2026-09-06T09:45:06.494738+00:00
MPLADS-000736,0.0182,NORMAL,"{""financial__sanctioned_amount"": 0.2096, ""max_anomaly_score"": 0.0969, ""payment_anomaly_score"": 0.0637}",2026-09-06T09:45:06.494738+00:00
MPLADS-000737,0.0182,NORMAL,"{""geospatial_anomaly_score"": 0.0569, ""geospatial_anomaly_percentile"": 0.0225, ""contractor_anomaly_percentile"": 0.0056}",2026-09-06T09:45:06.494738+00:00
MPLADS-000738,0.4797,NORMAL,"{""financial_anomaly_score"": 0.6952, ""procurement_anomaly_percentile"": 0.614, ""financial_anomaly_percentile"": 0.2388}",2026-09-06T09:45:06.494738+00:00
MPLADS-000739,1.0,PAYMENT_PROGRESS_MISMATCH,"{""progress_anomaly_score"": 5.2986, ""progress_anomaly_percentile"": 0.9421, ""payment_anomaly_score"": 0.0752}",2026-09-06T09:45:06.494738+00:00
MPLADS-000740,1.0,DELAYED_WORK,"{""progress_anomaly_score"": 4.9026, ""progress_anomaly_percentile"": 0.828, ""financial_anomaly_score"": 0.237}",2026-09-06T09:45:06.494738+00:00
MPLADS-000741,1.0,COST_OVERRUN,"{""progress_anomaly_score"": 4.4319, ""progress_anomaly_percentile"": 0.8076, ""procurement_anomaly_score"": 0.5217}",2026-09-06T09:45:06.494738+00:00
MPLADS-000742,0.0225,NORMAL,"{""payment_anomaly_percentile"": 0.028, ""procurement_anomaly_percentile"": 0.0184, ""financial__sanctioned_amount"": 0.0177}",2026-09-06T09:45:06.494738+00:00
MPLADS-000743,0.0182,NORMAL,"{""financial__sanctioned_amount"": 0.098, ""payment_anomaly_percentile"": 0.0244, ""std_anomaly_score"": 0.023}",2026-09-06T09:45:06.494738+00:00
MPLADS-000744,0.1712,NORMAL,"{""procurement_anomaly_score"": 0.7422, ""procurement_anomaly_percentile"": 0.4253, ""graph_anomaly_score"": 0.0793}",2026-09-06T09:45:06.494738+00:00
MPLADS-000745,0.0314,NORMAL,"{""financial__sanctioned_amount"": 0.2185, ""financial_anomaly_score"": 0.1213, ""payment_anomaly_percentile"": 0.0957}",2026-09-06T09:45:06.494738+00:00
MPLADS-000746,0.0592,NORMAL,"{""procurement_anomaly_percentile"": 0.6008, ""procurement_anomaly_score"": 0.4437, ""std_anomaly_score"": 0.1081}",2026-09-06T09:45:06.494738+00:00
MPLADS-000747,0.0225,NORMAL,"{""financial__sanctioned_amount"": 0.1043, ""financial_anomaly_percentile"": 0.0851, ""payment_anomaly_percentile"": 0.0327}",2026-09-06T09:45:06.494738+00:00
MPLADS-000748,1.0,ABANDONED_WORK,"{""progress_anomaly_score"": 5.012, ""progress_anomaly_percentile"": 0.8677, ""financial_anomaly_score"": 0.2154}",2026-09-06T09:45:06.494738+00:00
MPLADS-000749,0.0231,NORMAL,"{""financial__sanctioned_amount"": 0.3441, ""financial_anomaly_percentile"": 0.0634, ""geo__population_density"": 0.0601}",2026-09-06T09:45:06.494738+00:00
MPLADS-000750,0.0225,NORMAL,"{""geospatial_anomaly_score"": 0.0955, ""financial__sanctioned_amount"": 0.0737, ""geospatial_anomaly_percentile"": 0.0394}",2026-09-06T09:45:06.494738+00:00
MPLADS-000751,1.0,PAYMENT_PROGRESS_MISMATCH,"{""progress_anomaly_score"": 5.3844, ""progress_anomaly_percentile"": 0.927, ""payment_anomaly_score"": 0.1235}",2026-09-06T09:45:06.494738+00:00
MPLADS-000752,0.0308,NORMAL,"{""financial__sanctioned_amount"": 0.234, ""geospatial_anomaly_score"": 0.0878, ""geospatial_anomaly_percentile"": 0.0462}",2026-09-06T09:45:06.494738+00:00
MPLADS-000753,0.3136,NORMAL,"{""procurement_anomaly_score"": 1.3137, ""procurement_anomaly_percentile"": 0.5854, ""geospatial_anomaly_percentile"": 0.1767}",2026-09-06T09:45:06.494738+00:00
MPLADS-000754,0.011,NORMAL,"{""financial_anomaly_percentile"": 0.0688, ""geo__infrastructure_gap_index"": 0.054, ""financial_anomaly_score"": 0.0435}",2026-09-06T09:45:06.494738+00:00
MPLADS-000755,0.0182,NORMAL,"{""geospatial_anomaly_score"": 0.0526, ""project__planned_duration_days"": 0.0451, ""graph_anomaly_score"": 0.0075}",2026-09-06T09:45:06.494738+00:00
MPLADS-000756,1.0,COST_OVERRUN,"{""progress_anomaly_score"": 4.4235, ""progress_anomaly_percentile"": 0.782, ""procurement_anomaly_score"": 0.2937}",2026-09-06T09:45:06.494738+00:00
MPLADS-000757,0.0182,NORMAL,"{""financial_anomaly_score"": 0.0819, ""project__planned_duration_days"": 0.068, ""geo__population_density"": 0.0463}",2026-09-06T09:45:06.494738+00:00
MPLADS-000758,0.0182,NORMAL,"{""financial__sanctioned_amount"": 0.1187, ""geospatial_anomaly_score"": 0.07, ""payment_anomaly_percentile"": 0.0313}",2026-09-06T09:45:06.494738+00:00
MPLADS-000759,1.0,COST_OVERRUN,"{""progress_anomaly_score"": 4.769, ""progress_anomaly_percentile"": 0.8521, ""procurement_anomaly_score"": 0.2129}",2026-09-06T09:45:06.494738+00:00
MPLADS-000760,0.0182,NORMAL,"{""geo__infrastructure_gap_index"": 0.0809, ""geospatial_anomaly_score"": 0.0804, ""project__planned_duration_days"": 0.043}",2026-09-06T09:45:06.494738+00:00
MPLADS-000761,0.0182,NORMAL,"{""geospatial_anomaly_score"": 0.1276, ""financial__sanctioned_amount"": 0.0544, ""geospatial_anomaly_percentile"": 0.0457}",2026-09-06T09:45:06.494738+00:00
MPLADS-000762,0.0182,NORMAL,"{""geo__population_density"": 0.2414, ""financial_anomaly_percentile"": 0.0611, ""geo__infrastructure_gap_index"": 0.0496}",2026-09-06T09:45:06.494738+00:00
MPLADS-000763,0.0225,NORMAL,"{""financial__sanctioned_amount"": 0.1688, ""std_anomaly_score"": 0.0112, ""num_flagged_models"": 0.0014}",2026-09-06T09:45:06.494738+00:00
MPLADS-000764,0.0182,NORMAL,"{""payment_anomaly_score"": 0.1245, ""financial__sanctioned_amount"": 0.0658, ""payment_anomaly_percentile"": 0.0476}",2026-09-06T09:45:06.494738+00:00
MPLADS-000765,0.9332,PROCUREMENT_SINGLE_BID,"{""progress_anomaly_score"": 1.8787, ""procurement_anomaly_score"": 0.7634, ""procurement_anomaly_percentile"": 0.3217}",2026-09-06T09:45:06.494738+00:00
MPLADS-000766,0.0308,NORMAL,"{""contractor_anomaly_percentile"": 0.1846, ""geospatial_anomaly_percentile"": 0.1468, ""contractor_anomaly_score"": 0.1356}",2026-09-06T09:45:06.494738+00:00
MPLADS-000767,0.0314,NORMAL,"{""geospatial_anomaly_score"": 0.1553, ""geospatial_anomaly_percentile"": 0.0911, ""graph_anomaly_percentile"": 0.0263}",2026-09-06T09:45:06.494738+00:00
MPLADS-000768,0.0182,NORMAL,"{""geospatial_anomaly_score"": 0.0762, ""geo__infrastructure_gap_index"": 0.042, ""financial__sanctioned_amount"": 0.0212}",2026-09-06T09:45:06.494738+00:00
MPLADS-000769,0.0225,NORMAL,"{""project__planned_duration_days"": 0.0263, ""financial__sanctioned_amount"": 0.011, ""geo__population_density"": 0.0096}",2026-09-06T09:45:06.494738+00:00
MPLADS-000770,0.0225,NORMAL,"{""project__planned_duration_days"": 0.046, ""geospatial_anomaly_score"": 0.035, ""std_anomaly_score"": 0.0246}",2026-09-06T09:45:06.494738+00:00
MPLADS-000771,0.0225,NORMAL,"{""financial__sanctioned_amount"": 0.1371, ""contractor_anomaly_score"": 0.0252, ""project__planned_duration_days"": 0.0202}",2026-09-06T09:45:06.494738+00:00
MPLADS-000772,0.0231,NORMAL,"{""project__planned_duration_days"": 0.0555, ""geospatial_anomaly_score"": 0.0457, ""payment_anomaly_percentile"": 0.029}",2026-09-06T09:45:06.494738+00:00
MPLADS-000773,0.0225,NORMAL,"{""financial__sanctioned_amount"": 0.3367, ""procurement_anomaly_percentile"": 0.121, ""geospatial_anomaly_score"": 0.0851}",2026-09-06T09:45:06.494738+00:00
MPLADS-000774,0.0231,NORMAL,"{""contractor_anomaly_score"": 0.1734, ""contractor_anomaly_percentile"": 0.1518, ""financial__sanctioned_amount"": 0.0264}",2026-09-06T09:45:06.494738+00:00
MPLADS-000775,0.0314,NORMAL,"{""geo__population_density"": 0.2122, ""std_anomaly_score"": 0.1719, ""project__planned_duration_days"": 0.0861}",2026-09-06T09:45:06.494738+00:00
MPLADS-000776,0.9524,COST_OVERRUN,"{""progress_anomaly_score"": 4.1939, ""progress_anomaly_percentile"": 0.8527, ""procurement_anomaly_score"": 0.6191}",2026-09-06T09:45:06.494738+00:00
MPLADS-000777,1.0,DELAYED_WORK,"{""progress_anomaly_score"": 5.1525, ""progress_anomaly_percentile"": 0.8313, ""graph_anomaly_score"": 0.0898}",2026-09-06T09:45:06.494738+00:00
MPLADS-000778,0.345,NORMAL,"{""procurement_anomaly_score"": 1.1934, ""procurement_anomaly_percentile"": 0.6172, ""max_anomaly_score"": 0.0965}",2026-09-06T09:45:06.494738+00:00
MPLADS-000779,1.0,PAYMENT_PROGRESS_MISMATCH,"{""progress_anomaly_score"": 5.1854, ""progress_anomaly_percentile"": 0.8847, ""payment_anomaly_score"": 0.1164}",2026-09-06T09:45:06.494738+00:00
MPLADS-000780,0.0182,NORMAL,"{""financial__sanctioned_amount"": 0.043, ""project__planned_duration_days"": 0.0338, ""contractor_anomaly_percentile"": 0.0043}",2026-09-06T09:45:06.494738+00:00
MPLADS-000781,1.0,DELAYED_WORK,"{""progress_anomaly_score"": 4.9404, ""progress_anomaly_percentile"": 0.8899, ""financial_anomaly_score"": 0.1515}",2026-09-06T09:45:06.494738+00:00
MPLADS-000782,0.0231,NORMAL,"{""financial__sanctioned_amount"": 0.3107, ""procurement_anomaly_percentile"": 0.1759, ""geo__population_density"": 0.129}",2026-09-06T09:45:06.494738+00:00
MPLADS-000783,0.4487,NORMAL,"{""procurement_anomaly_score"": 1.8201, ""procurement_anomaly_percentile"": 0.8347, ""geo__population_density"": 0.154}",2026-09-06T09:45:06.494738+00:00
MPLADS-000784,0.0308,NORMAL,"{""geo__population_density"": 0.1821, ""financial__sanctioned_amount"": 0.1691, ""geo__infrastructure_gap_index"": 0.0634}",2026-09-06T09:45:06.494738+00:00
MPLADS-000785,0.0182,NORMAL,"{""financial__sanctioned_amount"": 0.1019, ""geo__infrastructure_gap_index"": 0.0568, ""project__planned_duration_days"": 0.0471}",2026-09-06T09:45:06.494738+00:00
MPLADS-000786,0.0225,NORMAL,"{""financial__sanctioned_amount"": 0.1515, ""geo__infrastructure_gap_index"": 0.0789, ""geospatial_anomaly_score"": 0.0162}",2026-09-06T09:45:06.494738+00:00
MPLADS-000787,0.0314,NORMAL,"{""financial__sanctioned_amount"": 0.2704, ""payment_anomaly_score"": 0.2102, ""geo__population_density"": 0.1901}",2026-09-06T09:45:06.494738+00:00
MPLADS-000788,0.0225,NORMAL,"{""geo__population_density"": 0.0613, ""project__planned_duration_days"": 0.0583, ""payment_anomaly_percentile"": 0.0449}",2026-09-06T09:45:06.494738+00:00
MPLADS-000789,0.0225,NORMAL,"{""financial__sanctioned_amount"": 0.1254, ""geo__population_density"": 0.0762, ""project__planned_duration_days"": 0.0677}",2026-09-06T09:45:06.494738+00:00
MPLADS-000790,1.0,DOCUMENTATION_DEFICIT,"{""progress_anomaly_score"": 5.0502, ""progress_anomaly_percentile"": 0.8753, ""geo__population_density"": 0.1328}",2026-09-06T09:45:06.494738+00:00
MPLADS-000791,0.0314,NORMAL,"{""financial__sanctioned_amount"": 0.1799, ""geospatial_anomaly_score"": 0.1591, ""financial_anomaly_percentile"": 0.0878}",2026-09-06T09:45:06.494738+00:00
MPLADS-000792,0.0308,NORMAL,"{""procurement_anomaly_score"": 0.542, ""procurement_anomaly_percentile"": 0.3557, ""graph_anomaly_score"": 0.0544}",2026-09-06T09:45:06.494738+00:00
MPLADS-000793,0.0225,NORMAL,"{""geo__infrastructure_gap_index"": 0.2002, ""geospatial_anomaly_score"": 0.1133, ""project__planned_duration_days"": 0.0687}",2026-09-06T09:45:06.494738+00:00
MPLADS-000794,0.0182,NORMAL,"{""project__planned_duration_days"": 0.0701, ""graph_anomaly_score"": 0.068, ""financial__sanctioned_amount"": 0.0397}",2026-09-06T09:45:06.494738+00:00
MPLADS-000795,0.0182,NORMAL,"{""financial__sanctioned_amount"": 0.1822, ""graph_anomaly_score"": 0.126, ""geo__population_density"": 0.1152}",2026-09-06T09:45:06.494738+00:00
MPLADS-000796,0.0231,NORMAL,"{""geo__infrastructure_gap_index"": 0.068, ""project__planned_duration_days"": 0.0483, ""financial__sanctioned_amount"": 0.0271}",2026-09-06T09:45:06.494738+00:00
MPLADS-000797,0.0182,NORMAL,"{""financial_anomaly_score"": 0.1755, ""geo__population_density"": 0.0905, ""financial_anomaly_percentile"": 0.0433}",2026-09-06T09:45:06.494738+00:00
MPLADS-000798,0.0182,NORMAL,"{""geo__population_density"": 0.0493, ""financial__sanctioned_amount"": 0.0407, ""payment_anomaly_percentile"": 0.0357}",2026-09-06T09:45:06.494738+00:00
MPLADS-000799,0.0265,NORMAL,"{""financial__sanctioned_amount"": 0.214, ""geospatial_anomaly_score"": 0.1071, ""financial_anomaly_percentile"": 0.0748}",2026-09-06T09:45:06.494738+00:00
MPLADS-000800,0.0182,NORMAL,"{""geo__population_density"": 0.102, ""geo__infrastructure_gap_index"": 0.0726, ""graph_anomaly_score"": 0.064}",2026-09-06T09:45:06.494738+00:00
MPLADS-000801,1.0,COST_OVERRUN,"{""progress_anomaly_score"": 4.349, ""progress_anomaly_percentile"": 0.8323, ""procurement_anomaly_score"": 0.46}",2026-09-06T09:45:06.494738+00:00
MPLADS-000802,1.0,COST_OVERRUN,"{""progress_anomaly_score"": 4.8608, ""progress_anomaly_percentile"": 0.9258, ""procurement_anomaly_score"": 0.4643}",2026-09-06T09:45:06.494738+00:00
MPLADS-000803,0.0182,NORMAL,"{""geo__population_density"": 0.1899, ""project__planned_duration_days"": 0.0481, ""geo__infrastructure_gap_index"": 0.0366}",2026-09-06T09:45:06.494738+00:00
MPLADS-000804,0.0182,NORMAL,"{""payment_anomaly_percentile"": 0.0969, ""payment_anomaly_score"": 0.0647, ""project__planned_duration_days"": 0.0378}",2026-09-06T09:45:06.494738+00:00
MPLADS-000805,1.0,ABANDONED_WORK,"{""progress_anomaly_score"": 5.0733, ""progress_anomaly_percentile"": 0.9281, ""financial_anomaly_score"": 0.18}",2026-09-06T09:45:06.494738+00:00
MPLADS-000806,0.0231,NORMAL,"{""geo__population_density"": 0.2328, ""financial__sanctioned_amount"": 0.1886, ""payment_anomaly_score"": 0.1427}",2026-09-06T09:45:06.494738+00:00
MPLADS-000807,0.0182,NORMAL,"{""project__planned_duration_days"": 0.0665, ""mean_anomaly_score"": 0.0629, ""geospatial_anomaly_score"": 0.0392}",2026-09-06T09:45:06.494738+00:00
MPLADS-000808,0.0231,NORMAL,"{""geo__infrastructure_gap_index"": 0.1279, ""project__planned_duration_days"": 0.0576, ""geospatial_anomaly_score"": 0.0279}",2026-09-06T09:45:06.494738+00:00
MPLADS-000809,0.0231,NORMAL,"{""geospatial_anomaly_score"": 0.2226, ""geo__population_density"": 0.1557, ""geo__infrastructure_gap_index"": 0.0717}",2026-09-06T09:45:06.494738+00:00
MPLADS-000810,1.0,COST_OVERRUN,"{""progress_anomaly_score"": 4.6141, ""progress_anomaly_percentile"": 0.816, ""procurement_anomaly_score"": 0.2266}",2026-09-06T09:45:06.494738+00:00
MPLADS-000811,1.0,COST_OVERRUN,"{""progress_anomaly_score"": 4.6862, ""progress_anomaly_percentile"": 0.817, ""procurement_anomaly_score"": 0.2075}",2026-09-06T09:45:06.494738+00:00
MPLADS-000812,0.0153,NORMAL,"{""procurement_anomaly_percentile"": 0.0818, ""geo__infrastructure_gap_index"": 0.0746, ""project__planned_duration_days"": 0.0564}",2026-09-06T09:45:06.494738+00:00
MPLADS-000813,0.0182,NORMAL,"{""geo__population_density"": 0.1503, ""project__planned_duration_days"": 0.0447, ""graph_anomaly_score"": 0.0285}",2026-09-06T09:45:06.494738+00:00
MPLADS-000814,1.0,COST_OVERRUN,"{""progress_anomaly_score"": 2.4164, ""procurement_anomaly_score"": 0.5473, ""financial_anomaly_score"": 0.3872}",2026-09-06T09:45:06.494738+00:00
MPLADS-000815,0.0314,NORMAL,"{""geospatial_anomaly_score"": 0.1199, ""contractor_anomaly_score"": 0.1101, ""contractor_anomaly_percentile"": 0.097}",2026-09-06T09:45:06.494738+00:00
MPLADS-000816,0.0225,NORMAL,"{""geo__population_density"": 0.2812, ""financial__sanctioned_amount"": 0.0983, ""std_anomaly_score"": 0.0909}",2026-09-06T09:45:06.494738+00:00
MPLADS-000817,0.0262,NORMAL,"{""geo__infrastructure_gap_index"": 0.1619, ""geospatial_anomaly_score"": 0.1554, ""financial__sanctioned_amount"": 0.1493}",2026-09-06T09:45:06.494738+00:00
MPLADS-000818,1.0,PAYMENT_PROGRESS_MISMATCH,"{""progress_anomaly_score"": 5.2922, ""progress_anomaly_percentile"": 0.9604, ""payment_anomaly_score"": 0.1469}",2026-09-06T09:45:06.494738+00:00
MPLADS-000819,0.0182,NORMAL,"{""financial_anomaly_percentile"": 0.0557, ""financial_anomaly_score"": 0.0417, ""project__planned_duration_days"": 0.0129}",2026-09-06T09:45:06.494738+00:00
MPLADS-000820,0.0161,NORMAL,"{""project__planned_duration_days"": 0.054, ""std_anomaly_score"": 0.0085, ""num_flagged_models"": 0.0014}",2026-09-06T09:45:06.494738+00:00
MPLADS-000821,0.0182,NORMAL,"{""procurement_anomaly_percentile"": 0.1191, ""max_anomaly_score"": 0.0755, ""financial_anomaly_percentile"": 0.0716}",2026-09-06T09:45:06.494738+00:00
MPLADS-000822,0.0161,NORMAL,"{""mean_anomaly_score"": 0.0232, ""financial__sanctioned_amount"": 0.0152, ""num_flagged_models"": 0.0014}",2026-09-06T09:45:06.494738+00:00
MPLADS-000823,0.0345,NORMAL,"{""geo__population_density"": 0.3029, ""geo__infrastructure_gap_index"": 0.2223, ""geospatial_anomaly_score"": 0.095}",2026-09-06T09:45:06.494738+00:00
MPLADS-000824,1.0,COST_OVERRUN,"{""progress_anomaly_score"": 2.4754, ""procurement_anomaly_score"": 0.5055, ""financial_anomaly_score"": 0.3858}",2026-09-06T09:45:06.494738+00:00
MPLADS-000825,1.0,DELAYED_WORK,"{""progress_anomaly_score"": 5.0028, ""progress_anomaly_percentile"": 0.8872, ""financial_anomaly_score"": 0.1913}",2026-09-06T09:45:06.494738+00:00
MPLADS-000826,0.0231,NORMAL,"{""financial__sanctioned_amount"": 0.2928, ""payment_anomaly_score"": 0.1129, ""contractor_anomaly_percentile"": 0.0908}",2026-09-06T09:45:06.494738+00:00
MPLADS-000827,0.0231,NORMAL,"{""geospatial_anomaly_score"": 0.1158, ""project__planned_duration_days"": 0.05, ""financial_anomaly_score"": 0.0345}",2026-09-06T09:45:06.494738+00:00
MPLADS-000828,1.0,DOCUMENTATION_DEFICIT,"{""progress_anomaly_score"": 4.728, ""progress_anomaly_percentile"": 0.9328, ""payment_anomaly_score"": 0.2945}",2026-09-06T09:45:06.494738+00:00
MPLADS-000829,0.0231,NORMAL,"{""financial__sanctioned_amount"": 0.2202, ""geospatial_anomaly_percentile"": 0.0395, ""contractor_anomaly_score"": 0.004}",2026-09-06T09:45:06.494738+00:00
MPLADS-000830,0.0231,NORMAL,"{""financial__sanctioned_amount"": 0.161, ""geo__infrastructure_gap_index"": 0.0573, ""project__planned_duration_days"": 0.0342}",2026-09-06T09:45:06.494738+00:00
MPLADS-000831,0.011,NORMAL,"{""procurement_anomaly_percentile"": 0.0557, ""payment_anomaly_percentile"": 0.0314, ""project__planned_duration_days"": 0.0207}",2026-09-06T09:45:06.494738+00:00
MPLADS-000832,0.0231,NORMAL,"{""payment_anomaly_percentile"": 0.0751, ""mean_anomaly_score"": 0.0455, ""project__planned_duration_days"": 0.045}",2026-09-06T09:45:06.494738+00:00
MPLADS-000833,0.0182,NORMAL,"{""financial__sanctioned_amount"": 0.1371, ""geospatial_anomaly_score"": 0.0488, ""project__planned_duration_days"": 0.0347}",2026-09-06T09:45:06.494738+00:00
MPLADS-000834,0.0225,NORMAL,"{""payment_anomaly_percentile"": 0.0578, ""payment_anomaly_score"": 0.056, ""project__planned_duration_days"": 0.0531}",2026-09-06T09:45:06.494738+00:00
MPLADS-000835,0.0161,NORMAL,"{""project__planned_duration_days"": 0.0631, ""graph_anomaly_score"": 0.0068, ""payment_anomaly_percentile"": 0.0028}",2026-09-06T09:45:06.494738+00:00
MPLADS-000836,0.0648,NORMAL,"{""progress_anomaly_score"": 0.6211, ""financial__sanctioned_amount"": 0.1346, ""geo__infrastructure_gap_index"": 0.0931}",2026-09-06T09:45:06.494738+00:00
MPLADS-000837,0.0314,NORMAL,"{""financial__sanctioned_amount"": 0.3323, ""financial_anomaly_score"": 0.1539, ""procurement_anomaly_percentile"": 0.0853}",2026-09-06T09:45:06.494738+00:00
MPLADS-000838,0.0225,NORMAL,"{""financial__sanctioned_amount"": 0.1594, ""payment_anomaly_percentile"": 0.0131, ""graph_anomaly_percentile"": 0.0075}",2026-09-06T09:45:06.494738+00:00
MPLADS-000839,0.0182,NORMAL,"{""geo__population_density"": 0.1366, ""graph_anomaly_score"": 0.0547, ""financial_anomaly_percentile"": 0.0469}",2026-09-06T09:45:06.494738+00:00
MPLADS-000840,0.0225,NORMAL,"{""geo__infrastructure_gap_index"": 0.1829, ""project__planned_duration_days"": 0.0597, ""geospatial_anomaly_score"": 0.0447}",2026-09-06T09:45:06.494738+00:00
MPLADS-000841,1.0,PAYMENT_PROGRESS_MISMATCH,"{""progress_anomaly_score"": 5.315, ""progress_anomaly_percentile"": 0.9243, ""contractor_anomaly_score"": 0.0961}",2026-09-06T09:45:06.494738+00:00
MPLADS-000842,1.0,DOCUMENTATION_DEFICIT,"{""progress_anomaly_score"": 5.3499, ""progress_anomaly_percentile"": 0.9053, ""payment_anomaly_score"": 0.243}",2026-09-06T09:45:06.494738+00:00
MPLADS-000843,0.0314,NORMAL,"{""payment_anomaly_score"": 0.1786, ""financial__sanctioned_amount"": 0.1287, ""financial_anomaly_percentile"": 0.0968}",2026-09-06T09:45:06.494738+00:00
MPLADS-000844,0.0231,NORMAL,"{""financial__sanctioned_amount"": 0.2289, ""geospatial_anomaly_score"": 0.138, ""std_anomaly_score"": 0.0741}",2026-09-06T09:45:06.494738+00:00
MPLADS-000845,1.0,PAYMENT_PROGRESS_MISMATCH,"{""progress_anomaly_score"": 5.2015, ""progress_anomaly_percentile"": 0.8743, ""payment_anomaly_score"": 0.1531}",2026-09-06T09:45:06.494738+00:00
MPLADS-000846,0.0225,NORMAL,"{""geo__population_density"": 0.1595, ""financial_anomaly_score"": 0.1435, ""geospatial_anomaly_score"": 0.0538}",2026-09-06T09:45:06.494738+00:00
MPLADS-000847,1.0,DELAYED_WORK,"{""progress_anomaly_score"": 5.179, ""progress_anomaly_percentile"": 0.908, ""financial_anomaly_score"": 0.137}",2026-09-06T09:45:06.494738+00:00
MPLADS-000848,0.0225,NORMAL,"{""project__planned_duration_days"": 0.0586, ""geo__population_density"": 0.0259, ""financial__sanctioned_amount"": 0.0191}",2026-09-06T09:45:06.494738+00:00
MPLADS-000849,0.0225,NORMAL,"{""geospatial_anomaly_score"": 0.0524, ""contractor_anomaly_percentile"": 0.0271, ""financial__sanctioned_amount"": 0.0238}",2026-09-06T09:45:06.494738+00:00
MPLADS-000850,0.0225,NORMAL,"{""geo__population_density"": 0.1844, ""financial__sanctioned_amount"": 0.1833, ""contractor_anomaly_score"": 0.1159}",2026-09-06T09:45:06.494738+00:00
MPLADS-000851,0.0231,NORMAL,"{""financial__sanctioned_amount"": 0.2064, ""geospatial_anomaly_score"": 0.1214, ""geospatial_anomaly_percentile"": 0.0288}",2026-09-06T09:45:06.494738+00:00
MPLADS-000852,0.0231,NORMAL,"{""geo__population_density"": 0.1707, ""mean_anomaly_score"": 0.0484, ""geo__infrastructure_gap_index"": 0.0463}",2026-09-06T09:45:06.494738+00:00
MPLADS-000853,0.0182,NORMAL,"{""procurement_anomaly_score"": 0.442, ""financial_anomaly_score"": 0.1575, ""procurement_anomaly_percentile"": 0.1265}",2026-09-06T09:45:06.494738+00:00
MPLADS-000854,0.011,NORMAL,"{""geo__population_density"": 0.1097, ""payment_anomaly_percentile"": 0.0445, ""financial_anomaly_percentile"": 0.0381}",2026-09-06T09:45:06.494738+00:00
MPLADS-000855,0.0314,NORMAL,"{""geo__population_density"": 0.2165, ""financial__sanctioned_amount"": 0.1677, ""geospatial_anomaly_score"": 0.1108}",2026-09-06T09:45:06.494738+00:00
MPLADS-000856,0.5348,PROCUREMENT_SINGLE_BID,"{""procurement_anomaly_score"": 1.4428, ""procurement_anomaly_percentile"": 0.5819, ""financial__sanctioned_amount"": 0.2038}",2026-09-06T09:45:06.494738+00:00
MPLADS-000857,1.0,PAYMENT_PROGRESS_MISMATCH,"{""progress_anomaly_score"": 5.465, ""progress_anomaly_percentile"": 0.9186, ""payment_anomaly_score"": 0.1321}",2026-09-06T09:45:06.494738+00:00
MPLADS-000858,0.011,NORMAL,"{""financial_anomaly_percentile"": 0.0494, ""project__planned_duration_days"": 0.0418, ""payment_anomaly_percentile"": 0.0193}",2026-09-06T09:45:06.494738+00:00
MPLADS-000859,0.0182,NORMAL,"{""geospatial_anomaly_score"": 0.1167, ""financial__sanctioned_amount"": 0.1106, ""payment_anomaly_score"": 0.0856}",2026-09-06T09:45:06.494738+00:00
MPLADS-000860,0.0182,NORMAL,"{""geospatial_anomaly_score"": 0.0963, ""project__planned_duration_days"": 0.0759, ""payment_anomaly_percentile"": 0.0493}",2026-09-06T09:45:06.494738+00:00
MPLADS-000861,0.0225,NORMAL,"{""financial__sanctioned_amount"": 0.2362, ""payment_anomaly_score"": 0.1445, ""financial_anomaly_score"": 0.1417}",2026-09-06T09:45:06.494738+00:00
MPLADS-000862,1.0,COST_OVERRUN,"{""progress_anomaly_score"": 4.7564, ""progress_anomaly_percentile"": 0.8293, ""financial_anomaly_score"": 0.1634}",2026-09-06T09:45:06.494738+00:00
MPLADS-000863,0.3616,NORMAL,"{""procurement_anomaly_score"": 1.7753, ""procurement_anomaly_percentile"": 0.8239, ""max_anomaly_score"": 0.1543}",2026-09-06T09:45:06.494738+00:00
MPLADS-000864,1.0,DELAYED_WORK,"{""progress_anomaly_score"": 5.5393, ""progress_anomaly_percentile"": 1.039, ""geo__population_density"": 0.124}",2026-09-06T09:45:06.494738+00:00
MPLADS-000865,0.0265,NORMAL,"{""geo__population_density"": 0.2895, ""contractor_anomaly_percentile"": 0.0677, ""payment_anomaly_percentile"": 0.0599}",2026-09-06T09:45:06.494738+00:00
MPLADS-000866,0.7096,PROCUREMENT_SINGLE_BID,"{""procurement_anomaly_score"": 1.637, ""procurement_anomaly_percentile"": 0.7957, ""geo__population_density"": 0.1474}",2026-09-06T09:45:06.494738+00:00
MPLADS-000867,0.6205,PROCUREMENT_SINGLE_BID,"{""procurement_anomaly_score"": 1.515, ""procurement_anomaly_percentile"": 0.7983, ""geospatial_anomaly_score"": 0.2361}",2026-09-06T09:45:06.494738+00:00
MPLADS-000868,0.0182,NORMAL,"{""geospatial_anomaly_score"": 0.0775, ""geo__infrastructure_gap_index"": 0.0468, ""mean_anomaly_score"": 0.0454}",2026-09-06T09:45:06.494738+00:00
MPLADS-000869,1.0,PAYMENT_PROGRESS_MISMATCH,"{""progress_anomaly_score"": 5.283, ""progress_anomaly_percentile"": 0.9155, ""payment_anomaly_score"": 0.0794}",2026-09-06T09:45:06.494738+00:00
MPLADS-000870,0.0182,NORMAL,"{""geo__infrastructure_gap_index"": 0.1483, ""project__planned_duration_days"": 0.025, ""payment_anomaly_percentile"": 0.0178}",2026-09-06T09:45:06.494738+00:00
MPLADS-000871,0.0231,NORMAL,"{""financial__sanctioned_amount"": 0.126, ""financial_anomaly_percentile"": 0.0554, ""payment_anomaly_score"": 0.0505}",2026-09-06T09:45:06.494738+00:00
MPLADS-000872,0.0182,NORMAL,"{""geospatial_anomaly_score"": 0.1904, ""geospatial_anomaly_percentile"": 0.0724, ""geo__infrastructure_gap_index"": 0.0654}",2026-09-06T09:45:06.494738+00:00
MPLADS-000873,0.0231,NORMAL,"{""geospatial_anomaly_score"": 0.2174, ""financial__sanctioned_amount"": 0.1099, ""geospatial_anomaly_percentile"": 0.0862}",2026-09-06T09:45:06.494738+00:00
MPLADS-000874,0.0161,NORMAL,"{""project__planned_duration_days"": 0.052, ""mean_anomaly_score"": 0.0463, ""financial__sanctioned_amount"": 0.0275}",2026-09-06T09:45:06.494738+00:00
MPLADS-000875,0.0225,NORMAL,"{""geospatial_anomaly_score"": 0.0738, ""project__planned_duration_days"": 0.0287, ""geospatial_anomaly_percentile"": 0.0278}",2026-09-06T09:45:06.494738+00:00
MPLADS-000876,0.0442,NORMAL,"{""progress_anomaly_score"": 0.3557, ""financial__sanctioned_amount"": 0.0899, ""payment_anomaly_percentile"": 0.037}",2026-09-06T09:45:06.494738+00:00
MPLADS-000877,0.0182,NORMAL,"{""graph_anomaly_percentile"": 0.0483, ""project__planned_duration_days"": 0.0398, ""financial__sanctioned_amount"": 0.0286}",2026-09-06T09:45:06.494738+00:00
MPLADS-000878,0.0308,NORMAL,"{""geo__population_density"": 0.1486, ""geospatial_anomaly_score"": 0.059, ""geospatial_anomaly_percentile"": 0.0213}",2026-09-06T09:45:06.494738+00:00
MPLADS-000879,0.0225,NORMAL,"{""geo__population_density"": 0.0744, ""project__planned_duration_days"": 0.067, ""financial_anomaly_percentile"": 0.0483}",2026-09-06T09:45:06.494738+00:00
MPLADS-000880,0.2133,NORMAL,"{""mean_anomaly_score"": 0.2306, ""geospatial_anomaly_percentile"": 0.2124, ""geospatial_anomaly_score"": 0.2002}",2026-09-06T09:45:06.494738+00:00
MPLADS-000881,0.0182,NORMAL,"{""financial__sanctioned_amount"": 0.1444, ""financial_anomaly_score"": 0.1274, ""geo__population_density"": 0.0971}",2026-09-06T09:45:06.494738+00:00
MPLADS-000882,0.3881,NORMAL,"{""procurement_anomaly_score"": 1.3915, ""procurement_anomaly_percentile"": 0.5208, ""geospatial_anomaly_score"": 0.0879}",2026-09-06T09:45:06.494738+00:00
MPLADS-000883,0.3914,NORMAL,"{""procurement_anomaly_score"": 1.3324, ""procurement_anomaly_percentile"": 0.4095, ""geo__infrastructure_gap_index"": 0.0517}",2026-09-06T09:45:06.494738+00:00
MPLADS-000884,0.2131,NORMAL,"{""progress_anomaly_score"": 0.4312, ""procurement_anomaly_score"": 0.3907, ""procurement_anomaly_percentile"": 0.2305}",2026-09-06T09:45:06.494738+00:00
MPLADS-000885,0.0161,NORMAL,"{""financial_anomaly_score"": 0.0892, ""financial_anomaly_percentile"": 0.0726, ""payment_anomaly_percentile"": 0.0491}",2026-09-06T09:45:06.494738+00:00
MPLADS-000886,0.0225,NORMAL,"{""geo__infrastructure_gap_index"": 0.2149, ""mean_anomaly_score"": 0.0744, ""project__planned_duration_days"": 0.0688}",2026-09-06T09:45:06.494738+00:00
MPLADS-000887,1.0,DOCUMENTATION_DEFICIT,"{""progress_anomaly_score"": 5.1879, ""progress_anomaly_percentile"": 0.9021, ""payment_anomaly_score"": 0.0782}",2026-09-06T09:45:06.494738+00:00
MPLADS-000888,0.0314,NORMAL,"{""procurement_anomaly_percentile"": 0.0754, ""project__planned_duration_days"": 0.049, ""geo__infrastructure_gap_index"": 0.0478}",2026-09-06T09:45:06.494738+00:00
MPLADS-000889,0.0182,NORMAL,"{""project__planned_duration_days"": 0.0573, ""graph_anomaly_score"": 0.0513, ""geo__infrastructure_gap_index"": 0.0421}",2026-09-06T09:45:06.494738+00:00
MPLADS-000890,0.0182,NORMAL,"{""graph_anomaly_score"": 0.0952, ""financial_anomaly_score"": 0.0773, ""geo__population_density"": 0.0667}",2026-09-06T09:45:06.494738+00:00
MPLADS-000891,0.0345,NORMAL,"{""geo__infrastructure_gap_index"": 0.325, ""contractor_anomaly_percentile"": 0.2975, ""contractor_anomaly_score"": 0.1538}",2026-09-06T09:45:06.494738+00:00
MPLADS-000892,0.0088,NORMAL,"{""financial_anomaly_score"": 0.0377, ""project__planned_duration_days"": 0.0367, ""financial_anomaly_percentile"": 0.0292}",2026-09-06T09:45:06.494738+00:00
MPLADS-000893,0.4222,NORMAL,"{""procurement_anomaly_percentile"": 0.6233, ""financial_anomaly_score"": 0.6166, ""geospatial_anomaly_score"": 0.2664}",2026-09-06T09:45:06.494738+00:00
MPLADS-000894,1.0,PAYMENT_PROGRESS_MISMATCH,"{""progress_anomaly_score"": 5.5569, ""progress_anomaly_percentile"": 0.9874, ""payment_anomaly_score"": 0.3392}",2026-09-06T09:45:06.494738+00:00
MPLADS-000895,1.0,ABANDONED_WORK,"{""progress_anomaly_score"": 4.6743, ""progress_anomaly_percentile"": 0.8167, ""financial_anomaly_score"": 0.2275}",2026-09-06T09:45:06.494738+00:00
MPLADS-000896,0.0067,NORMAL,"{""financial_anomaly_score"": 0.1498, ""project__planned_duration_days"": 0.0538, ""financial_anomaly_percentile"": 0.0475}",2026-09-06T09:45:06.494738+00:00
MPLADS-000897,0.0182,NORMAL,"{""geo__infrastructure_gap_index"": 0.0729, ""project__planned_duration_days"": 0.0531, ""payment_anomaly_percentile"": 0.0398}",2026-09-06T09:45:06.494738+00:00
MPLADS-000898,0.1752,NORMAL,"{""geo__population_density"": 0.3751, ""mean_anomaly_score"": 0.1385, ""payment_anomaly_score"": 0.1364}",2026-09-06T09:45:06.494738+00:00
MPLADS-000899,0.2449,NORMAL,"{""procurement_anomaly_score"": 0.8974, ""procurement_anomaly_percentile"": 0.4598, ""payment_anomaly_percentile"": 0.0325}",2026-09-06T09:45:06.494738+00:00
MPLADS-000900,0.0182,NORMAL,"{""financial__sanctioned_amount"": 0.1511, ""geospatial_anomaly_score"": 0.073, ""geospatial_anomaly_percentile"": 0.0313}",2026-09-06T09:45:06.494738+00:00
MPLADS-000901,0.0231,NORMAL,"{""geo__population_density"": 0.2332, ""geo__infrastructure_gap_index"": 0.1676, ""financial__sanctioned_amount"": 0.0324}",2026-09-06T09:45:06.494738+00:00
MPLADS-000902,0.0314,NORMAL,"{""procurement_anomaly_percentile"": 0.1502, ""geospatial_anomaly_score"": 0.0966, ""project__planned_duration_days"": 0.0473}",2026-09-06T09:45:06.494738+00:00
MPLADS-000903,0.0262,NORMAL,"{""geospatial_anomaly_score"": 0.1072, ""procurement_anomaly_percentile"": 0.0719, ""geospatial_anomaly_percentile"": 0.0537}",2026-09-06T09:45:06.494738+00:00
MPLADS-000904,0.9974,COST_OVERRUN,"{""progress_anomaly_score"": 2.6064, ""procurement_anomaly_score"": 0.4519, ""progress_anomaly_percentile"": 0.2651}",2026-09-06T09:45:06.494738+00:00
MPLADS-000905,0.0225,NORMAL,"{""graph_anomaly_percentile"": 0.014, ""project__planned_duration_days"": 0.0136, ""payment_anomaly_percentile"": 0.0015}",2026-09-06T09:45:06.494738+00:00
MPLADS-000906,1.0,COST_OVERRUN,"{""progress_anomaly_score"": 4.6059, ""progress_anomaly_percentile"": 0.8268, ""procurement_anomaly_score"": 0.2255}",2026-09-06T09:45:06.494738+00:00
MPLADS-000907,0.0182,NORMAL,"{""project__planned_duration_days"": 0.0648, ""geospatial_anomaly_score"": 0.0421, ""contractor_anomaly_percentile"": 0.0266}",2026-09-06T09:45:06.494738+00:00
MPLADS-000908,0.1,NORMAL,"{""geospatial_anomaly_score"": 0.1502, ""graph_anomaly_score"": 0.1108, ""geo__infrastructure_gap_index"": 0.0717}",2026-09-06T09:45:06.494738+00:00
MPLADS-000909,0.0265,NORMAL,"{""geospatial_anomaly_score"": 0.0615, ""financial_anomaly_score"": 0.0357, ""geospatial_anomaly_percentile"": 0.0212}",2026-09-06T09:45:06.494738+00:00
MPLADS-000910,0.0225,NORMAL,"{""financial__sanctioned_amount"": 0.1017, ""project__planned_duration_days"": 0.0338, ""geospatial_anomaly_percentile"": 0.0059}",2026-09-06T09:45:06.494738+00:00
MPLADS-000911,0.3311,NORMAL,"{""procurement_anomaly_score"": 1.5807, ""procurement_anomaly_percentile"": 0.703, ""payment_anomaly_score"": 0.2794}",2026-09-06T09:45:06.494738+00:00
MPLADS-000912,0.0182,NORMAL,"{""financial__sanctioned_amount"": 0.1337, ""financial_anomaly_percentile"": 0.083, ""geospatial_anomaly_score"": 0.0785}",2026-09-06T09:45:06.494738+00:00
MPLADS-000913,0.0231,NORMAL,"{""geospatial_anomaly_score"": 0.0897, ""geospatial_anomaly_percentile"": 0.017, ""procurement_anomaly_percentile"": 0.008}",2026-09-06T09:45:06.494738+00:00
MPLADS-000914,0.0225,NORMAL,"{""contractor_anomaly_percentile"": 0.1385, ""contractor_anomaly_score"": 0.1302, ""geo__population_density"": 0.0968}",2026-09-06T09:45:06.494738+00:00
MPLADS-000915,0.0314,NORMAL,"{""geospatial_anomaly_score"": 0.1281, ""geo__population_density"": 0.0997, ""geospatial_anomaly_percentile"": 0.0498}",2026-09-06T09:45:06.494738+00:00
MPLADS-000916,0.0287,NORMAL,"{""geospatial_anomaly_score"": 0.0824, ""project__planned_duration_days"": 0.0453, ""geospatial_anomaly_percentile"": 0.0149}",2026-09-06T09:45:06.494738+00:00
MPLADS-000917,0.0225,NORMAL,"{""mean_anomaly_score"": 0.0868, ""project__planned_duration_days"": 0.0314, ""contractor_anomaly_score"": 0.0132}",2026-09-06T09:45:06.494738+00:00
MPLADS-000918,0.0231,NORMAL,"{""project__planned_duration_days"": 0.0476, ""financial__sanctioned_amount"": 0.0434, ""graph_anomaly_score"": 0.0123}",2026-09-06T09:45:06.494738+00:00
MPLADS-000919,0.011,NORMAL,"{""financial_anomaly_percentile"": 0.0587, ""financial_anomaly_score"": 0.0308, ""payment_anomaly_percentile"": 0.0232}",2026-09-06T09:45:06.494738+00:00
MPLADS-000920,0.0182,NORMAL,"{""financial__sanctioned_amount"": 0.1598, ""financial_anomaly_score"": 0.1149, ""financial_anomaly_percentile"": 0.0302}",2026-09-06T09:45:06.494738+00:00
MPLADS-000921,0.0182,NORMAL,"{""graph_anomaly_score"": 0.1222, ""geo__population_density"": 0.1141, ""financial_anomaly_percentile"": 0.0571}",2026-09-06T09:45:06.494738+00:00
MPLADS-000922,0.1813,NORMAL,"{""procurement_anomaly_score"": 1.6541, ""procurement_anomaly_percentile"": 0.5471, ""std_anomaly_score"": 0.0488}",2026-09-06T09:45:06.494738+00:00
MPLADS-000923,0.0231,NORMAL,"{""geo__population_density"": 0.1114, ""geo__infrastructure_gap_index"": 0.1005, ""mean_anomaly_score"": 0.0416}",2026-09-06T09:45:06.494738+00:00
MPLADS-000924,0.011,NORMAL,"{""geo__infrastructure_gap_index"": 0.1436, ""financial_anomaly_score"": 0.0424, ""financial_anomaly_percentile"": 0.0388}",2026-09-06T09:45:06.494738+00:00
MPLADS-000925,0.0046,NORMAL,"{""financial_anomaly_score"": 0.156, ""project__planned_duration_days"": 0.0454, ""financial_anomaly_percentile"": 0.0253}",2026-09-06T09:45:06.494738+00:00
MPLADS-000926,0.4912,NORMAL,"{""procurement_anomaly_score"": 1.8577, ""procurement_anomaly_percentile"": 0.8255, ""max_anomaly_score"": 0.2459}",2026-09-06T09:45:06.494738+00:00
MPLADS-000927,0.2216,NORMAL,"{""procurement_anomaly_percentile"": 0.2467, ""financial__sanctioned_amount"": 0.2444, ""geo__population_density"": 0.2184}",2026-09-06T09:45:06.494738+00:00
MPLADS-000928,0.0262,NORMAL,"{""geo__infrastructure_gap_index"": 0.1071, ""project__planned_duration_days"": 0.0468, ""graph_anomaly_score"": 0.024}",2026-09-06T09:45:06.494738+00:00
MPLADS-000929,0.0231,NORMAL,"{""project__planned_duration_days"": 0.0471, ""graph_anomaly_score"": 0.0375, ""geospatial_anomaly_score"": 0.024}",2026-09-06T09:45:06.494738+00:00
MPLADS-000930,0.0231,NORMAL,"{""financial__sanctioned_amount"": 0.1543, ""project__planned_duration_days"": 0.0639, ""geo__infrastructure_gap_index"": 0.0442}",2026-09-06T09:45:06.494738+00:00
MPLADS-000931,0.0231,NORMAL,"{""mean_anomaly_score"": 0.085, ""project__planned_duration_days"": 0.0638, ""geospatial_anomaly_score"": 0.0186}",2026-09-06T09:45:06.494738+00:00
MPLADS-000932,0.0182,NORMAL,"{""project__planned_duration_days"": 0.0571, ""num_flagged_models"": 0.0014, ""project_size_code"": 0.0}",2026-09-06T09:45:06.494738+00:00
MPLADS-000933,0.0231,NORMAL,"{""financial__sanctioned_amount"": 0.1867, ""geospatial_anomaly_percentile"": 0.1241, ""geospatial_anomaly_score"": 0.1091}",2026-09-06T09:45:06.494738+00:00
MPLADS-000934,0.0231,NORMAL,"{""financial__sanctioned_amount"": 0.2284, ""geo__infrastructure_gap_index"": 0.1404, ""geospatial_anomaly_score"": 0.0991}",2026-09-06T09:45:06.494738+00:00
MPLADS-000935,0.1083,NORMAL,"{""geo__population_density"": 0.2546, ""geospatial_anomaly_score"": 0.1656, ""financial__sanctioned_amount"": 0.1261}",2026-09-06T09:45:06.494738+00:00
MPLADS-000936,0.0231,NORMAL,"{""financial__sanctioned_amount"": 0.183, ""geo__infrastructure_gap_index"": 0.1285, ""procurement_anomaly_percentile"": 0.0581}",2026-09-06T09:45:06.494738+00:00
MPLADS-000937,0.0231,NORMAL,"{""geospatial_anomaly_score"": 0.2305, ""project__planned_duration_days"": 0.0636, ""geospatial_anomaly_percentile"": 0.0468}",2026-09-06T09:45:06.494738+00:00
MPLADS-000938,1.0,DELAYED_WORK,"{""progress_anomaly_score"": 5.0691, ""progress_anomaly_percentile"": 0.853, ""financial_anomaly_score"": 0.208}",2026-09-06T09:45:06.494738+00:00
MPLADS-000939,0.0231,NORMAL,"{""project__planned_duration_days"": 0.0596, ""payment_anomaly_percentile"": 0.0454, ""financial_anomaly_percentile"": 0.0398}",2026-09-06T09:45:06.494738+00:00
MPLADS-000940,0.011,NORMAL,"{""financial__sanctioned_amount"": 0.145, ""graph_anomaly_score"": 0.0377, ""payment_anomaly_percentile"": 0.0323}",2026-09-06T09:45:06.494738+00:00
MPLADS-000941,1.0,PAYMENT_PROGRESS_MISMATCH,"{""progress_anomaly_score"": 5.2125, ""progress_anomaly_percentile"": 0.918, ""payment_anomaly_score"": 0.1006}",2026-09-06T09:45:06.494738+00:00
MPLADS-000942,0.0182,NORMAL,"{""financial_anomaly_percentile"": 0.0883, ""geo__infrastructure_gap_index"": 0.076, ""project__planned_duration_days"": 0.045}",2026-09-06T09:45:06.494738+00:00
MPLADS-000943,0.0265,NORMAL,"{""geo__population_density"": 0.1473, ""financial_anomaly_percentile"": 0.0566, ""payment_anomaly_percentile"": 0.0407}",2026-09-06T09:45:06.494738+00:00
MPLADS-000944,0.0182,NORMAL,"{""financial__sanctioned_amount"": 0.184, ""geo__infrastructure_gap_index"": 0.0842, ""payment_anomaly_score"": 0.0694}",2026-09-06T09:45:06.494738+00:00
MPLADS-000945,0.0182,NORMAL,"{""geo__population_density"": 0.2278, ""std_anomaly_score"": 0.0754, ""project__planned_duration_days"": 0.0688}",2026-09-06T09:45:06.494738+00:00
MPLADS-000946,0.0088,NORMAL,"{""geo__population_density"": 0.0466, ""financial_anomaly_score"": 0.0461, ""std_anomaly_score"": 0.0393}",2026-09-06T09:45:06.494738+00:00
MPLADS-000947,1.0,DELAYED_WORK,"{""progress_anomaly_score"": 5.0661, ""progress_anomaly_percentile"": 0.8721, ""financial_anomaly_score"": 0.2122}",2026-09-06T09:45:06.494738+00:00
MPLADS-000948,0.0182,NORMAL,"{""financial__sanctioned_amount"": 0.2642, ""procurement_anomaly_percentile"": 0.1514, ""payment_anomaly_score"": 0.0637}",2026-09-06T09:45:06.494738+00:00
MPLADS-000949,0.1,NORMAL,"{""payment_anomaly_score"": 0.2827, ""financial_anomaly_score"": 0.0813, ""project__planned_duration_days"": 0.0549}",2026-09-06T09:45:06.494738+00:00
MPLADS-000950,0.0231,NORMAL,"{""financial__sanctioned_amount"": 0.2543, ""payment_anomaly_score"": 0.0836, ""mean_anomaly_score"": 0.0692}",2026-09-06T09:45:06.494738+00:00
MPLADS-000951,1.0,PAYMENT_PROGRESS_MISMATCH,"{""progress_anomaly_score"": 5.1627, ""progress_anomaly_percentile"": 0.8943, ""payment_anomaly_score"": 0.2183}",2026-09-06T09:45:06.494738+00:00
MPLADS-000952,0.2879,NORMAL,"{""procurement_anomaly_score"": 1.3736, ""procurement_anomaly_percentile"": 0.541, ""max_anomaly_score"": 0.1409}",2026-09-06T09:45:06.494738+00:00
MPLADS-000953,0.0182,NORMAL,"{""financial__sanctioned_amount"": 0.1397, ""num_flagged_models"": 0.0014, ""geospatial_anomaly_score"": 0.0008}",2026-09-06T09:45:06.494738+00:00
MPLADS-000954,1.0,DELAYED_WORK,"{""progress_anomaly_score"": 5.4192, ""progress_anomaly_percentile"": 0.8953, ""financial_anomaly_score"": 0.1746}",2026-09-06T09:45:06.494738+00:00
MPLADS-000955,1.0,DELAYED_WORK,"{""progress_anomaly_score"": 4.9579, ""progress_anomaly_percentile"": 0.8699, ""procurement_anomaly_percentile"": 0.1185}",2026-09-06T09:45:06.494738+00:00
MPLADS-000956,0.0153,NORMAL,"{""geo__infrastructure_gap_index"": 0.1317, ""project__planned_duration_days"": 0.0647, ""financial__sanctioned_amount"": 0.0573}",2026-09-06T09:45:06.494738+00:00
MPLADS-000957,0.011,NORMAL,"{""geo__population_density"": 0.0584, ""payment_anomaly_score"": 0.0581, ""payment_anomaly_percentile"": 0.0369}",2026-09-06T09:45:06.494738+00:00
MPLADS-000958,0.0314,NORMAL,"{""financial__sanctioned_amount"": 0.328, ""geo__population_density"": 0.2998, ""geo__infrastructure_gap_index"": 0.2076}",2026-09-06T09:45:06.494738+00:00
MPLADS-000959,0.0231,NORMAL,"{""geospatial_anomaly_score"": 0.1356, ""graph_anomaly_score"": 0.0872, ""graph_anomaly_percentile"": 0.0747}",2026-09-06T09:45:06.494738+00:00
MPLADS-000960,0.0231,NORMAL,"{""geo__infrastructure_gap_index"": 0.0707, ""project__planned_duration_days"": 0.0507, ""geospatial_anomaly_score"": 0.0491}",2026-09-06T09:45:06.494738+00:00
MPLADS-000961,0.0314,NORMAL,"{""geo__population_density"": 0.2652, ""geo__infrastructure_gap_index"": 0.2265, ""geospatial_anomaly_score"": 0.2212}",2026-09-06T09:45:06.494738+00:00
MPLADS-000962,0.0182,NORMAL,"{""project__planned_duration_days"": 0.0454, ""std_anomaly_score"": 0.0326, ""num_flagged_models"": 0.0014}",2026-09-06T09:45:06.494738+00:00
MPLADS-000963,0.036,NORMAL,"{""contractor_anomaly_score"": 0.2266, ""contractor_anomaly_percentile"": 0.2144, ""geo__population_density"": 0.0504}",2026-09-06T09:45:06.494738+00:00
MPLADS-000964,0.2216,NORMAL,"{""financial__sanctioned_amount"": 0.2922, ""payment_anomaly_score"": 0.1826, ""geo__infrastructure_gap_index"": 0.1781}",2026-09-06T09:45:06.494738+00:00
MPLADS-000965,0.0182,NORMAL,"{""financial_anomaly_percentile"": 0.0592, ""project__planned_duration_days"": 0.0415, ""payment_anomaly_percentile"": 0.0221}",2026-09-06T09:45:06.494738+00:00
MPLADS-000966,1.0,COST_OVERRUN,"{""progress_anomaly_score"": 4.9176, ""progress_anomaly_percentile"": 0.8234, ""financial_anomaly_score"": 0.1992}",2026-09-06T09:45:06.494738+00:00
MPLADS-000967,0.0225,NORMAL,"{""financial_anomaly_percentile"": 0.0864, ""geo__infrastructure_gap_index"": 0.0691, ""geo__population_density"": 0.0623}",2026-09-06T09:45:06.494738+00:00
MPLADS-000968,0.0225,NORMAL,"{""financial__sanctioned_amount"": 0.216, ""payment_anomaly_score"": 0.0646, ""payment_anomaly_percentile"": 0.0424}",2026-09-06T09:45:06.494738+00:00
MPLADS-000969,0.0231,NORMAL,"{""financial__sanctioned_amount"": 0.1407, ""geo__population_density"": 0.0671, ""geospatial_anomaly_score"": 0.0274}",2026-09-06T09:45:06.494738+00:00
MPLADS-000970,0.0225,NORMAL,"{""financial_anomaly_percentile"": 0.0755, ""geospatial_anomaly_score"": 0.0575, ""project__planned_duration_days"": 0.0424}",2026-09-06T09:45:06.494738+00:00
MPLADS-000971,0.0225,NORMAL,"{""geo__population_density"": 0.2571, ""financial__sanctioned_amount"": 0.0939, ""graph_anomaly_score"": 0.0926}",2026-09-06T09:45:06.494738+00:00
MPLADS-000972,1.0,GHOST_WORK,"{""progress_anomaly_score"": 5.1325, ""progress_anomaly_percentile"": 0.8842, ""geospatial_anomaly_score"": 0.0952}",2026-09-06T09:45:06.494738+00:00
MPLADS-000973,0.0903,NORMAL,"{""financial_anomaly_score"": 0.3367, ""financial__sanctioned_amount"": 0.1841, ""financial_anomaly_percentile"": 0.1102}",2026-09-06T09:45:06.494738+00:00
MPLADS-000974,0.0225,NORMAL,"{""financial__sanctioned_amount"": 0.198, ""geospatial_anomaly_score"": 0.0981, ""project__planned_duration_days"": 0.0607}",2026-09-06T09:45:06.494738+00:00
MPLADS-000975,0.0225,NORMAL,"{""financial__sanctioned_amount"": 0.1439, ""geo__infrastructure_gap_index"": 0.1317, ""payment_anomaly_score"": 0.0607}",2026-09-06T09:45:06.494738+00:00
MPLADS-000976,0.0225,NORMAL,"{""financial__sanctioned_amount"": 0.3857, ""geo__population_density"": 0.1193, ""graph_anomaly_score"": 0.0759}",2026-09-06T09:45:06.494738+00:00
MPLADS-000977,0.011,NORMAL,"{""std_anomaly_score"": 0.0566, ""graph_anomaly_score"": 0.0521, ""geo__infrastructure_gap_index"": 0.038}",2026-09-06T09:45:06.494738+00:00
MPLADS-000978,0.0265,NORMAL,"{""geo__population_density"": 0.3172, ""financial__sanctioned_amount"": 0.3158, ""geo__infrastructure_gap_index"": 0.1716}",2026-09-06T09:45:06.494738+00:00
MPLADS-000979,0.0314,NORMAL,"{""geo__population_density"": 0.5088, ""project__planned_duration_days"": 0.06, ""geospatial_anomaly_score"": 0.0522}",2026-09-06T09:45:06.494738+00:00
MPLADS-000980,0.0182,NORMAL,"{""graph_anomaly_percentile"": 0.0812, ""geospatial_anomaly_score"": 0.0354, ""graph_anomaly_score"": 0.032}",2026-09-06T09:45:06.494738+00:00
MPLADS-000981,0.0231,NORMAL,"{""mean_anomaly_score"": 0.1703, ""financial__sanctioned_amount"": 0.09, ""geo__population_density"": 0.0697}",2026-09-06T09:45:06.494738+00:00
MPLADS-000982,0.0182,NORMAL,"{""project__planned_duration_days"": 0.0595, ""num_flagged_models"": 0.0014, ""contractor_anomaly_percentile"": 0.0007}",2026-09-06T09:45:06.494738+00:00
MPLADS-000983,0.2216,NORMAL,"{""geospatial_anomaly_score"": 0.2497, ""geo__infrastructure_gap_index"": 0.1717, ""financial__sanctioned_amount"": 0.1458}",2026-09-06T09:45:06.494738+00:00
MPLADS-000984,0.1967,NORMAL,"{""procurement_anomaly_score"": 1.2713, ""procurement_anomaly_percentile"": 0.3974, ""geospatial_anomaly_score"": 0.0703}",2026-09-06T09:45:06.494738+00:00
MPLADS-000985,0.0182,NORMAL,"{""project__planned_duration_days"": 0.0529, ""financial__sanctioned_amount"": 0.0277, ""std_anomaly_score"": 0.0269}",2026-09-06T09:45:06.494738+00:00
MPLADS-000986,0.3921,NORMAL,"{""procurement_anomaly_score"": 1.4686, ""procurement_anomaly_percentile"": 0.5473, ""financial__sanctioned_amount"": 0.1679}",2026-09-06T09:45:06.494738+00:00
MPLADS-000987,0.0182,NORMAL,"{""graph_anomaly_score"": 0.0972, ""project__planned_duration_days"": 0.0627, ""payment_anomaly_percentile"": 0.0598}",2026-09-06T09:45:06.494738+00:00
MPLADS-000988,0.0314,NORMAL,"{""geo__infrastructure_gap_index"": 0.2409, ""financial__sanctioned_amount"": 0.2276, ""geospatial_anomaly_score"": 0.1015}",2026-09-06T09:45:06.494738+00:00
MPLADS-000989,0.0182,NORMAL,"{""project__planned_duration_days"": 0.0605, ""financial__sanctioned_amount"": 0.0398, ""geospatial_anomaly_percentile"": 0.0342}",2026-09-06T09:45:06.494738+00:00
MPLADS-000990,0.0182,NORMAL,"{""payment_anomaly_score"": 0.2163, ""project__planned_duration_days"": 0.0666, ""geospatial_anomaly_score"": 0.0474}",2026-09-06T09:45:06.494738+00:00
MPLADS-000991,0.0182,NORMAL,"{""payment_anomaly_score"": 0.07, ""project__planned_duration_days"": 0.0494, ""financial_anomaly_percentile"": 0.0475}",2026-09-06T09:45:06.494738+00:00
MPLADS-000992,0.0314,NORMAL,"{""procurement_anomaly_percentile"": 0.0673, ""geospatial_anomaly_score"": 0.0533, ""project__planned_duration_days"": 0.0491}",2026-09-06T09:45:06.494738+00:00
MPLADS-000993,0.0262,NORMAL,"{""payment_anomaly_score"": 0.3339, ""geospatial_anomaly_score"": 0.1062, ""project__planned_duration_days"": 0.0671}",2026-09-06T09:45:06.494738+00:00
MPLADS-000994,0.638,PROCUREMENT_SINGLE_BID,"{""procurement_anomaly_score"": 1.9177, ""procurement_anomaly_percentile"": 0.8269, ""max_anomaly_score"": 0.2009}",2026-09-06T09:45:06.494738+00:00
MPLADS-000995,0.0182,NORMAL,"{""financial__sanctioned_amount"": 0.0726, ""payment_anomaly_percentile"": 0.0396, ""geo__population_density"": 0.0388}",2026-09-06T09:45:06.494738+00:00
MPLADS-000996,0.0308,NORMAL,"{""geo__population_density"": 0.0977, ""financial_anomaly_percentile"": 0.0486, ""project__planned_duration_days"": 0.0436}",2026-09-06T09:45:06.494738+00:00
MPLADS-000997,0.5348,PROCUREMENT_SINGLE_BID,"{""procurement_anomaly_score"": 1.2599, ""procurement_anomaly_percentile"": 0.6019, ""financial_anomaly_score"": 0.3902}",2026-09-06T09:45:06.494738+00:00
MPLADS-000998,0.011,NORMAL,"{""graph_anomaly_score"": 0.0394, ""payment_anomaly_percentile"": 0.0355, ""payment_anomaly_score"": 0.0284}",2026-09-06T09:45:06.494738+00:00
MPLADS-000999,0.0182,NORMAL,"{""financial_anomaly_percentile"": 0.0571, ""project__planned_duration_days"": 0.0425, ""std_anomaly_score"": 0.0403}",2026-09-06T09:45:06.494738+00:00
MPLADS-001000,0.0231,NORMAL,"{""financial__sanctioned_amount"": 0.1064, ""geospatial_anomaly_score"": 0.0784, ""geospatial_anomaly_percentile"": 0.0047}",2026-09-06T09:45:06.494738+00:00
MPLADS-001001,0.0225,NORMAL,"{""financial__sanctioned_amount"": 0.1599, ""geo__infrastructure_gap_index"": 0.0613, ""geospatial_anomaly_score"": 0.0604}",2026-09-06T09:45:06.494738+00:00
MPLADS-001002,0.0182,NORMAL,"{""geo__infrastructure_gap_index"": 0.0489, ""project__planned_duration_days"": 0.0481, ""payment_anomaly_percentile"": 0.031}",2026-09-06T09:45:06.494738+00:00
MPLADS-001003,0.0231,NORMAL,"{""geo__infrastructure_gap_index"": 0.1919, ""financial__sanctioned_amount"": 0.1007, ""payment_anomaly_score"": 0.0388}",2026-09-06T09:45:06.494738+00:00
MPLADS-001004,1.0,PAYMENT_PROGRESS_MISMATCH,"{""progress_anomaly_score"": 5.2269, ""progress_anomaly_percentile"": 0.9048, ""geospatial_anomaly_percentile"": 0.1232}",2026-09-06T09:45:06.494738+00:00
MPLADS-001005,0.0182,NORMAL,"{""procurement_anomaly_percentile"": 0.1432, ""geo__population_density"": 0.0696, ""financial_anomaly_percentile"": 0.0489}",2026-09-06T09:45:06.494738+00:00
MPLADS-001006,1.0,PAYMENT_PROGRESS_MISMATCH,"{""progress_anomaly_score"": 5.3424, ""progress_anomaly_percentile"": 0.8985, ""std_anomaly_score"": 0.1146}",2026-09-06T09:45:06.494738+00:00
MPLADS-001007,0.0182,NORMAL,"{""geo__population_density"": 0.0622, ""geo__infrastructure_gap_index"": 0.0431, ""financial_anomaly_percentile"": 0.0289}",2026-09-06T09:45:06.494738+00:00
MPLADS-001008,0.0225,NORMAL,"{""financial__sanctioned_amount"": 0.1432, ""financial_anomaly_percentile"": 0.0576, ""payment_anomaly_percentile"": 0.0477}",2026-09-06T09:45:06.494738+00:00
MPLADS-001009,0.0182,NORMAL,"{""financial__sanctioned_amount"": 0.0992, ""project__planned_duration_days"": 0.0535, ""num_flagged_models"": 0.0014}",2026-09-06T09:45:06.494738+00:00
MPLADS-001010,0.0314,NORMAL,"{""geo__population_density"": 0.2134, ""project__planned_duration_days"": 0.0695, ""geospatial_anomaly_score"": 0.0496}",2026-09-06T09:45:06.494738+00:00
MPLADS-001011,0.0314,NORMAL,"{""financial__sanctioned_amount"": 0.1957, ""geospatial_anomaly_score"": 0.0916, ""geo__population_density"": 0.035}",2026-09-06T09:45:06.494738+00:00
MPLADS-001012,0.0262,NORMAL,"{""contractor_anomaly_percentile"": 0.1936, ""contractor_anomaly_score"": 0.1592, ""financial__sanctioned_amount"": 0.1076}",2026-09-06T09:45:06.494738+00:00
MPLADS-001013,0.0182,NORMAL,"{""financial_anomaly_score"": 0.2593, ""financial__sanctioned_amount"": 0.2228, ""payment_anomaly_score"": 0.1333}",2026-09-06T09:45:06.494738+00:00
MPLADS-001014,0.0314,NORMAL,"{""geo__infrastructure_gap_index"": 0.0663, ""project__planned_duration_days"": 0.0649, ""contractor_anomaly_score"": 0.0495}",2026-09-06T09:45:06.494738+00:00
MPLADS-001015,0.011,NORMAL,"{""procurement_anomaly_percentile"": 0.079, ""project__planned_duration_days"": 0.0425, ""financial_anomaly_percentile"": 0.0388}",2026-09-06T09:45:06.494738+00:00
MPLADS-001016,0.0225,NORMAL,"{""geospatial_anomaly_score"": 0.1975, ""financial__sanctioned_amount"": 0.0532, ""geospatial_anomaly_percentile"": 0.0424}",2026-09-06T09:45:06.494738+00:00
MPLADS-001017,0.0182,NORMAL,"{""project__planned_duration_days"": 0.0682, ""geospatial_anomaly_score"": 0.0609, ""payment_anomaly_percentile"": 0.0314}",2026-09-06T09:45:06.494738+00:00
MPLADS-001018,1.0,DELAYED_WORK,"{""progress_anomaly_score"": 5.19, ""progress_anomaly_percentile"": 0.9151, ""project__planned_duration_days"": 0.0423}",2026-09-06T09:45:06.494738+00:00
MPLADS-001019,0.0231,NORMAL,"{""geospatial_anomaly_score"": 0.2126, ""financial_anomaly_score"": 0.1503, ""mean_anomaly_score"": 0.1361}",2026-09-06T09:45:06.494738+00:00
MPLADS-001020,0.011,NORMAL,"{""financial_anomaly_score"": 0.0906, ""project__planned_duration_days"": 0.0171, ""std_anomaly_score"": 0.0099}",2026-09-06T09:45:06.494738+00:00
MPLADS-001021,0.0345,NORMAL,"{""procurement_anomaly_percentile"": 0.4124, ""payment_anomaly_score"": 0.1306, ""std_anomaly_score"": 0.0696}",2026-09-06T09:45:06.494738+00:00
MPLADS-001022,0.0231,NORMAL,"{""geospatial_anomaly_score"": 0.1436, ""payment_anomaly_score"": 0.1354, ""financial_anomaly_percentile"": 0.0678}",2026-09-06T09:45:06.494738+00:00
MPLADS-001023,1.0,COST_OVERRUN,"{""progress_anomaly_score"": 5.109, ""progress_anomaly_percentile"": 0.8871, ""financial__sanctioned_amount"": 0.116}",2026-09-06T09:45:06.494738+00:00
MPLADS-001024,1.0,ABANDONED_WORK,"{""progress_anomaly_score"": 5.1567, ""progress_anomaly_percentile"": 0.8687, ""payment_anomaly_score"": 0.1105}",2026-09-06T09:45:06.494738+00:00
MPLADS-001025,0.2913,NORMAL,"{""procurement_anomaly_score"": 1.2176, ""procurement_anomaly_percentile"": 0.4706, ""geo__population_density"": 0.2116}",2026-09-06T09:45:06.494738+00:00
MPLADS-001026,0.0875,NORMAL,"{""geo__population_density"": 0.3785, ""geo__infrastructure_gap_index"": 0.0888, ""project__planned_duration_days"": 0.0592}",2026-09-06T09:45:06.494738+00:00
MPLADS-001027,0.0308,NORMAL,"{""procurement_anomaly_score"": 0.7507, ""procurement_anomaly_percentile"": 0.2342, ""std_anomaly_score"": 0.0363}",2026-09-06T09:45:06.494738+00:00
MPLADS-001028,1.0,DELAYED_WORK,"{""progress_anomaly_score"": 5.355, ""progress_anomaly_percentile"": 0.9321, ""financial_anomaly_score"": 0.1208}",2026-09-06T09:45:06.494738+00:00
MPLADS-001029,1.0,PAYMENT_PROGRESS_MISMATCH,"{""progress_anomaly_score"": 5.064, ""progress_anomaly_percentile"": 0.8786, ""contractor_anomaly_score"": 0.0696}",2026-09-06T09:45:06.494738+00:00
MPLADS-001030,0.3393,NORMAL,"{""procurement_anomaly_score"": 1.6792, ""procurement_anomaly_percentile"": 0.6841, ""max_anomaly_score"": 0.1433}",2026-09-06T09:45:06.494738+00:00
MPLADS-001031,1.0,COST_OVERRUN,"{""progress_anomaly_score"": 2.8893, ""financial_anomaly_score"": 0.3462, ""progress_anomaly_percentile"": 0.3231}",2026-09-06T09:45:06.494738+00:00
MPLADS-001032,0.011,NORMAL,"{""financial_anomaly_score"": 0.1542, ""financial_anomaly_percentile"": 0.0692, ""procurement_anomaly_percentile"": 0.0403}",2026-09-06T09:45:06.494738+00:00
MPLADS-001033,0.0182,NORMAL,"{""financial__sanctioned_amount"": 0.1189, ""mean_anomaly_score"": 0.0407, ""graph_anomaly_percentile"": 0.0339}",2026-09-06T09:45:06.494738+00:00
MPLADS-001034,0.0262,NORMAL,"{""geo__population_density"": 0.1414, ""geo__infrastructure_gap_index"": 0.0662, ""financial__sanctioned_amount"": 0.064}",2026-09-06T09:45:06.494738+00:00
MPLADS-001035,0.0345,NORMAL,"{""geo__population_density"": 0.2202, ""geospatial_anomaly_score"": 0.1037, ""project__planned_duration_days"": 0.0436}",2026-09-06T09:45:06.494738+00:00
MPLADS-001036,0.0308,NORMAL,"{""financial__sanctioned_amount"": 0.2023, ""geo__population_density"": 0.1288, ""geo__infrastructure_gap_index"": 0.1137}",2026-09-06T09:45:06.494738+00:00
MPLADS-001037,0.0314,NORMAL,"{""procurement_anomaly_percentile"": 0.0769, ""geo__infrastructure_gap_index"": 0.0567, ""project__planned_duration_days"": 0.0533}",2026-09-06T09:45:06.494738+00:00
MPLADS-001038,0.0182,NORMAL,"{""procurement_anomaly_percentile"": 0.114, ""financial_anomaly_percentile"": 0.1071, ""mean_anomaly_score"": 0.0966}",2026-09-06T09:45:06.494738+00:00
MPLADS-001039,0.0314,NORMAL,"{""geo__infrastructure_gap_index"": 0.1349, ""geospatial_anomaly_score"": 0.0935, ""financial_anomaly_percentile"": 0.0913}",2026-09-06T09:45:06.494738+00:00
MPLADS-001040,0.0231,NORMAL,"{""financial__sanctioned_amount"": 0.1964, ""geospatial_anomaly_score"": 0.1349, ""geo__infrastructure_gap_index"": 0.0959}",2026-09-06T09:45:06.494738+00:00
MPLADS-001041,0.0345,NORMAL,"{""financial__sanctioned_amount"": 0.2747, ""payment_anomaly_score"": 0.1886, ""financial_anomaly_percentile"": 0.0595}",2026-09-06T09:45:06.494738+00:00
MPLADS-001042,0.0231,NORMAL,"{""financial__sanctioned_amount"": 0.1044, ""project__planned_duration_days"": 0.0521, ""graph_anomaly_score"": 0.0474}",2026-09-06T09:45:06.494738+00:00
MPLADS-001043,0.0231,NORMAL,"{""geo__infrastructure_gap_index"": 0.0458, ""project__planned_duration_days"": 0.0339, ""mean_anomaly_score"": 0.0258}",2026-09-06T09:45:06.494738+00:00
MPLADS-001044,0.0182,NORMAL,"{""geo__infrastructure_gap_index"": 0.1473, ""project__planned_duration_days"": 0.0512, ""std_anomaly_score"": 0.021}",2026-09-06T09:45:06.494738+00:00
MPLADS-001045,0.0161,NORMAL,"{""financial__sanctioned_amount"": 0.147, ""geo__population_density"": 0.1139, ""payment_anomaly_score"": 0.0541}",2026-09-06T09:45:06.494738+00:00
MPLADS-001046,0.0161,NORMAL,"{""project__planned_duration_days"": 0.0565, ""mean_anomaly_score"": 0.0227, ""num_flagged_models"": 0.0014}",2026-09-06T09:45:06.494738+00:00
MPLADS-001047,0.0182,NORMAL,"{""payment_anomaly_score"": 0.1045, ""financial_anomaly_percentile"": 0.0241, ""project__planned_duration_days"": 0.023}",2026-09-06T09:45:06.494738+00:00
MPLADS-001048,0.0231,NORMAL,"{""financial__sanctioned_amount"": 0.1155, ""geospatial_anomaly_score"": 0.0975, ""payment_anomaly_score"": 0.0245}",2026-09-06T09:45:06.494738+00:00
MPLADS-001049,0.0225,NORMAL,"{""financial__sanctioned_amount"": 0.0816, ""financial_anomaly_percentile"": 0.0602, ""project__planned_duration_days"": 0.0457}",2026-09-06T09:45:06.494738+00:00
MPLADS-001050,0.0182,NORMAL,"{""financial_anomaly_score"": 0.1883, ""std_anomaly_score"": 0.0975, ""geo__population_density"": 0.0869}",2026-09-06T09:45:06.494738+00:00
MPLADS-001051,0.011,NORMAL,"{""std_anomaly_score"": 0.0492, ""financial_anomaly_percentile"": 0.031, ""project__planned_duration_days"": 0.0234}",2026-09-06T09:45:06.494738+00:00
MPLADS-001052,0.4743,NORMAL,"{""procurement_anomaly_score"": 1.9812, ""procurement_anomaly_percentile"": 0.8128, ""max_anomaly_score"": 0.1658}",2026-09-06T09:45:06.494738+00:00
MPLADS-001053,0.0314,NORMAL,"{""geo__infrastructure_gap_index"": 0.0996, ""project__planned_duration_days"": 0.0562, ""mean_anomaly_score"": 0.053}",2026-09-06T09:45:06.494738+00:00
MPLADS-001054,0.0182,NORMAL,"{""geo__infrastructure_gap_index"": 0.0785, ""mean_anomaly_score"": 0.0395, ""geospatial_anomaly_score"": 0.0222}",2026-09-06T09:45:06.494738+00:00
MPLADS-001055,0.0231,NORMAL,"{""mean_anomaly_score"": 0.057, ""project__planned_duration_days"": 0.0564, ""procurement_anomaly_percentile"": 0.0099}",2026-09-06T09:45:06.494738+00:00
MPLADS-001056,0.0182,NORMAL,"{""geo__population_density"": 0.0884, ""payment_anomaly_percentile"": 0.0643, ""project__planned_duration_days"": 0.0611}",2026-09-06T09:45:06.494738+00:00
MPLADS-001057,0.0225,NORMAL,"{""project__planned_duration_days"": 0.0623, ""graph_anomaly_score"": 0.0552, ""financial__sanctioned_amount"": 0.0327}",2026-09-06T09:45:06.494738+00:00
MPLADS-001058,0.0225,NORMAL,"{""geospatial_anomaly_score"": 0.2049, ""payment_anomaly_score"": 0.1357, ""mean_anomaly_score"": 0.0803}",2026-09-06T09:45:06.494738+00:00
MPLADS-001059,0.0231,NORMAL,"{""payment_anomaly_score"": 0.3281, ""geospatial_anomaly_score"": 0.1051, ""project__planned_duration_days"": 0.0457}",2026-09-06T09:45:06.494738+00:00
MPLADS-001060,0.0231,NORMAL,"{""financial__sanctioned_amount"": 0.298, ""geo__infrastructure_gap_index"": 0.1944, ""geo__population_density"": 0.0867}",2026-09-06T09:45:06.494738+00:00
MPLADS-001061,0.0262,NORMAL,"{""financial__sanctioned_amount"": 0.1275, ""geospatial_anomaly_score"": 0.0978, ""financial_anomaly_percentile"": 0.0854}",2026-09-06T09:45:06.494738+00:00
MPLADS-001062,0.0314,NORMAL,"{""geo__population_density"": 0.3127, ""geospatial_anomaly_score"": 0.1347, ""financial__sanctioned_amount"": 0.0531}",2026-09-06T09:45:06.494738+00:00
MPLADS-001063,1.0,COST_OVERRUN,"{""progress_anomaly_score"": 4.6327, ""progress_anomaly_percentile"": 0.8646, ""procurement_anomaly_percentile"": 0.2166}",2026-09-06T09:45:06.494738+00:00
MPLADS-001064,0.0314,NORMAL,"{""contractor_anomaly_percentile"": 0.2029, ""contractor_anomaly_score"": 0.1794, ""project__planned_duration_days"": 0.0602}",2026-09-06T09:45:06.494738+00:00
MPLADS-001065,0.0231,NORMAL,"{""payment_anomaly_score"": 0.104, ""geo__infrastructure_gap_index"": 0.0731, ""project__planned_duration_days"": 0.0719}",2026-09-06T09:45:06.494738+00:00
MPLADS-001066,0.0225,NORMAL,"{""contractor_anomaly_score"": 0.1515, ""contractor_anomaly_percentile"": 0.1224, ""mean_anomaly_score"": 0.0536}",2026-09-06T09:45:06.494738+00:00
MPLADS-001067,0.0345,NORMAL,"{""procurement_anomaly_percentile"": 0.3863, ""payment_anomaly_score"": 0.2188, ""geo__population_density"": 0.137}",2026-09-06T09:45:06.494738+00:00
MPLADS-001068,0.0231,NORMAL,"{""financial__sanctioned_amount"": 0.2306, ""geo__population_density"": 0.1642, ""graph_anomaly_score"": 0.0455}",2026-09-06T09:45:06.494738+00:00
MPLADS-001069,0.0308,NORMAL,"{""financial__sanctioned_amount"": 0.2375, ""geospatial_anomaly_score"": 0.1251, ""geo__population_density"": 0.0664}",2026-09-06T09:45:06.494738+00:00
MPLADS-001070,0.0225,NORMAL,"{""geospatial_anomaly_percentile"": 0.1853, ""geospatial_anomaly_score"": 0.0989, ""project__planned_duration_days"": 0.0446}",2026-09-06T09:45:06.494738+00:00
MPLADS-001071,0.0161,NORMAL,"{""graph_anomaly_score"": 0.0911, ""financial__sanctioned_amount"": 0.0289, ""num_flagged_models"": 0.0014}",2026-09-06T09:45:06.494738+00:00
MPLADS-001072,0.0231,NORMAL,"{""geospatial_anomaly_score"": 0.0921, ""geo__population_density"": 0.0797, ""project__planned_duration_days"": 0.0573}",2026-09-06T09:45:06.494738+00:00
MPLADS-001073,1.0,COST_OVERRUN,"{""progress_anomaly_score"": 4.495, ""progress_anomaly_percentile"": 0.8347, ""procurement_anomaly_score"": 0.205}",2026-09-06T09:45:06.494738+00:00
MPLADS-001074,0.011,NORMAL,"{""financial__sanctioned_amount"": 0.2519, ""geospatial_anomaly_score"": 0.0633, ""geospatial_anomaly_percentile"": 0.0459}",2026-09-06T09:45:06.494738+00:00
MPLADS-001075,0.0231,NORMAL,"{""financial_anomaly_score"": 0.129, ""geospatial_anomaly_score"": 0.0993, ""payment_anomaly_percentile"": 0.0511}",2026-09-06T09:45:06.494738+00:00
MPLADS-001076,1.0,DOCUMENTATION_DEFICIT,"{""progress_anomaly_score"": 5.3415, ""progress_anomaly_percentile"": 0.9454, ""payment_anomaly_score"": 0.083}",2026-09-06T09:45:06.494738+00:00
MPLADS-001077,0.0345,NORMAL,"{""geo__population_density"": 0.1537, ""financial__sanctioned_amount"": 0.1284, ""contractor_anomaly_percentile"": 0.095}",2026-09-06T09:45:06.494738+00:00
MPLADS-001078,0.011,NORMAL,"{""project__planned_duration_days"": 0.0391, ""financial_anomaly_percentile"": 0.0382, ""financial_anomaly_score"": 0.0356}",2026-09-06T09:45:06.494738+00:00
MPLADS-001079,0.0225,NORMAL,"{""financial__sanctioned_amount"": 0.3394, ""graph_anomaly_score"": 0.1171, ""financial_anomaly_percentile"": 0.0576}",2026-09-06T09:45:06.494738+00:00
MPLADS-001080,1.0,ABANDONED_WORK,"{""progress_anomaly_score"": 5.3164, ""progress_anomaly_percentile"": 0.9153, ""financial_anomaly_score"": 0.1725}",2026-09-06T09:45:06.494738+00:00
MPLADS-001081,0.0225,NORMAL,"{""geo__infrastructure_gap_index"": 0.087, ""geospatial_anomaly_score"": 0.0481, ""project__planned_duration_days"": 0.0312}",2026-09-06T09:45:06.494738+00:00
MPLADS-001082,0.0182,NORMAL,"{""financial_anomaly_score"": 0.1581, ""geospatial_anomaly_percentile"": 0.0643, ""std_anomaly_score"": 0.0096}",2026-09-06T09:45:06.494738+00:00
MPLADS-001083,1.0,DOCUMENTATION_DEFICIT,"{""progress_anomaly_score"": 5.2995, ""progress_anomaly_percentile"": 0.956, ""payment_anomaly_score"": 0.0918}",2026-09-06T09:45:06.494738+00:00
MPLADS-001084,0.0182,NORMAL,"{""project__planned_duration_days"": 0.0254, ""geo__population_density"": 0.0025, ""num_flagged_models"": 0.0014}",2026-09-06T09:45:06.494738+00:00
MPLADS-001085,0.0958,NORMAL,"{""geo__infrastructure_gap_index"": 0.2266, ""geo__population_density"": 0.1471, ""financial__sanctioned_amount"": 0.1252}",2026-09-06T09:45:06.494738+00:00
MPLADS-001086,0.0182,NORMAL,"{""financial__sanctioned_amount"": 0.1885, ""graph_anomaly_score"": 0.0449, ""graph_anomaly_percentile"": 0.0054}",2026-09-06T09:45:06.494738+00:00
MPLADS-001087,1.0,DELAYED_WORK,"{""progress_anomaly_score"": 5.1453, ""progress_anomaly_percentile"": 0.8776, ""financial_anomaly_score"": 0.1979}",2026-09-06T09:45:06.494738+00:00
MPLADS-001088,0.0182,NORMAL,"{""financial__sanctioned_amount"": 0.195, ""contractor_anomaly_percentile"": 0.0134, ""geo__population_density"": 0.0065}",2026-09-06T09:45:06.494738+00:00
MPLADS-001089,0.0225,NORMAL,"{""geo__infrastructure_gap_index"": 0.0752, ""geospatial_anomaly_score"": 0.0601, ""project__planned_duration_days"": 0.0533}",2026-09-06T09:45:06.494738+00:00
MPLADS-001090,0.0314,NORMAL,"{""contractor_anomaly_score"": 0.2864, ""payment_anomaly_score"": 0.2708, ""contractor_anomaly_percentile"": 0.2542}",2026-09-06T09:45:06.494738+00:00
MPLADS-001091,0.191,NORMAL,"{""geo__population_density"": 0.3277, ""financial__sanctioned_amount"": 0.2843, ""geospatial_anomaly_score"": 0.2258}",2026-09-06T09:45:06.494738+00:00
MPLADS-001092,0.0265,NORMAL,"{""geospatial_anomaly_score"": 0.0974, ""financial__sanctioned_amount"": 0.0398, ""financial_anomaly_score"": 0.0329}",2026-09-06T09:45:06.494738+00:00
MPLADS-001093,0.0262,NORMAL,"{""geospatial_anomaly_score"": 0.1347, ""project__planned_duration_days"": 0.0734, ""geospatial_anomaly_percentile"": 0.0441}",2026-09-06T09:45:06.494738+00:00
MPLADS-001094,0.0314,NORMAL,"{""contractor_anomaly_percentile"": 0.204, ""contractor_anomaly_score"": 0.1805, ""geospatial_anomaly_score"": 0.0609}",2026-09-06T09:45:06.494738+00:00
MPLADS-001095,0.0943,NORMAL,"{""procurement_anomaly_score"": 0.5045, ""geo__infrastructure_gap_index"": 0.1689, ""graph_anomaly_score"": 0.1195}",2026-09-06T09:45:06.494738+00:00
MPLADS-001096,0.0231,NORMAL,"{""geo__population_density"": 0.1339, ""geo__infrastructure_gap_index"": 0.104, ""geospatial_anomaly_score"": 0.0521}",2026-09-06T09:45:06.494738+00:00
MPLADS-001097,0.0265,NORMAL,"{""payment_anomaly_score"": 0.4266, ""payment_anomaly_percentile"": 0.1083, ""financial_anomaly_score"": 0.0919}",2026-09-06T09:45:06.494738+00:00
MPLADS-001098,0.0161,NORMAL,"{""procurement_anomaly_percentile"": 0.0412, ""financial__sanctioned_amount"": 0.0279, ""payment_anomaly_percentile"": 0.0223}",2026-09-06T09:45:06.494738+00:00
MPLADS-001099,0.0231,NORMAL,"{""geospatial_anomaly_score"": 0.2127, ""geospatial_anomaly_percentile"": 0.076, ""project__planned_duration_days"": 0.0276}",2026-09-06T09:45:06.494738+00:00
MPLADS-001100,0.0225,NORMAL,"{""financial__sanctioned_amount"": 0.2117, ""geospatial_anomaly_score"": 0.0972, ""std_anomaly_score"": 0.0578}",2026-09-06T09:45:06.494738+00:00
MPLADS-001101,0.0182,NORMAL,"{""geo__population_density"": 0.1546, ""graph_anomaly_score"": 0.0858, ""geospatial_anomaly_score"": 0.083}",2026-09-06T09:45:06.494738+00:00
MPLADS-001102,0.0182,NORMAL,"{""project__planned_duration_days"": 0.0569, ""financial__sanctioned_amount"": 0.022, ""geospatial_anomaly_percentile"": 0.0063}",2026-09-06T09:45:06.494738+00:00
MPLADS-001103,0.011,NORMAL,"{""procurement_anomaly_percentile"": 0.1997, ""financial_anomaly_score"": 0.1938, ""payment_anomaly_score"": 0.0868}",2026-09-06T09:45:06.494738+00:00
MPLADS-001104,0.0225,NORMAL,"{""geo__population_density"": 0.1074, ""project__planned_duration_days"": 0.0335, ""graph_anomaly_percentile"": 0.0186}",2026-09-06T09:45:06.494738+00:00
MPLADS-001105,0.2207,NORMAL,"{""procurement_anomaly_score"": 0.8202, ""procurement_anomaly_percentile"": 0.4097, ""payment_anomaly_score"": 0.0537}",2026-09-06T09:45:06.494738+00:00
MPLADS-001106,0.0225,NORMAL,"{""geospatial_anomaly_score"": 0.1914, ""project__planned_duration_days"": 0.0596, ""procurement_anomaly_percentile"": 0.0352}",2026-09-06T09:45:06.494738+00:00
MPLADS-001107,0.0046,NORMAL,"{""financial_anomaly_score"": 0.1602, ""project__planned_duration_days"": 0.0466, ""geo__population_density"": 0.0359}",2026-09-06T09:45:06.494738+00:00
MPLADS-001108,0.0161,NORMAL,"{""geo__population_density"": 0.0591, ""graph_anomaly_score"": 0.0561, ""project__planned_duration_days"": 0.0392}",2026-09-06T09:45:06.494738+00:00
MPLADS-001109,1.0,DOCUMENTATION_DEFICIT,"{""progress_anomaly_score"": 5.1942, ""progress_anomaly_percentile"": 0.8902, ""payment_anomaly_score"": 0.0904}",2026-09-06T09:45:06.494738+00:00
MPLADS-001110,0.058,NORMAL,"{""geo__population_density"": 0.172, ""financial__sanctioned_amount"": 0.1669, ""geospatial_anomaly_score"": 0.1467}",2026-09-06T09:45:06.494738+00:00
MPLADS-001111,0.0182,NORMAL,"{""geo__population_density"": 0.1515, ""geospatial_anomaly_score"": 0.0733, ""geo__infrastructure_gap_index"": 0.0375}",2026-09-06T09:45:06.494738+00:00
MPLADS-001112,0.0182,NORMAL,"{""geospatial_anomaly_score"": 0.0451, ""project__planned_duration_days"": 0.0317, ""std_anomaly_score"": 0.0154}",2026-09-06T09:45:06.494738+00:00
MPLADS-001113,0.0225,NORMAL,"{""geo__population_density"": 0.1626, ""graph_anomaly_score"": 0.0854, ""geo__infrastructure_gap_index"": 0.0833}",2026-09-06T09:45:06.494738+00:00
MPLADS-001114,0.3914,NORMAL,"{""procurement_anomaly_score"": 1.5834, ""procurement_anomaly_percentile"": 0.6538, ""mean_anomaly_score"": 0.084}",2026-09-06T09:45:06.494738+00:00
MPLADS-001115,0.0231,NORMAL,"{""geo__infrastructure_gap_index"": 0.0597, ""project__planned_duration_days"": 0.0594, ""mean_anomaly_score"": 0.0436}",2026-09-06T09:45:06.494738+00:00
MPLADS-001116,0.0265,NORMAL,"{""financial__sanctioned_amount"": 0.0758, ""project__planned_duration_days"": 0.0492, ""geospatial_anomaly_score"": 0.0408}",2026-09-06T09:45:06.494738+00:00
MPLADS-001117,1.0,DOCUMENTATION_DEFICIT,"{""progress_anomaly_score"": 5.1651, ""progress_anomaly_percentile"": 0.9054, ""payment_anomaly_score"": 0.0733}",2026-09-06T09:45:06.494738+00:00
MPLADS-001118,1.0,PAYMENT_PROGRESS_MISMATCH,"{""progress_anomaly_score"": 5.2723, ""progress_anomaly_percentile"": 0.951, ""payment_anomaly_score"": 0.3439}",2026-09-06T09:45:06.494738+00:00
MPLADS-001119,0.0231,NORMAL,"{""payment_anomaly_score"": 0.3037, ""project__planned_duration_days"": 0.0471, ""contractor_anomaly_score"": 0.0309}",2026-09-06T09:45:06.494738+00:00
MPLADS-001120,1.0,PAYMENT_PROGRESS_MISMATCH,"{""progress_anomaly_score"": 5.214, ""progress_anomaly_percentile"": 0.9046, ""payment_anomaly_score"": 0.0978}",2026-09-06T09:45:06.494738+00:00
MPLADS-001121,0.011,NORMAL,"{""project__planned_duration_days"": 0.0221, ""financial_anomaly_percentile"": 0.0137, ""graph_anomaly_percentile"": 0.0034}",2026-09-06T09:45:06.494738+00:00
MPLADS-001122,0.0231,NORMAL,"{""geo__population_density"": 0.2276, ""geospatial_anomaly_score"": 0.0825, ""project__planned_duration_days"": 0.0675}",2026-09-06T09:45:06.494738+00:00
MPLADS-001123,0.011,NORMAL,"{""geo__infrastructure_gap_index"": 0.0776, ""project__planned_duration_days"": 0.023, ""mean_anomaly_score"": 0.0178}",2026-09-06T09:45:06.494738+00:00
MPLADS-001124,1.0,DELAYED_WORK,"{""progress_anomaly_score"": 5.2404, ""progress_anomaly_percentile"": 0.9799, ""procurement_anomaly_score"": 0.2042}",2026-09-06T09:45:06.494738+00:00
MPLADS-001125,0.0231,NORMAL,"{""geospatial_anomaly_score"": 0.1292, ""geo__infrastructure_gap_index"": 0.079, ""payment_anomaly_score"": 0.0618}",2026-09-06T09:45:06.494738+00:00
MPLADS-001126,0.0088,NORMAL,"{""project__planned_duration_days"": 0.0569, ""payment_anomaly_percentile"": 0.0405, ""num_flagged_models"": 0.0014}",2026-09-06T09:45:06.494738+00:00
MPLADS-001127,1.0,PAYMENT_PROGRESS_MISMATCH,"{""progress_anomaly_score"": 4.997, ""progress_anomaly_percentile"": 0.8483, ""payment_anomaly_score"": 0.114}",2026-09-06T09:45:06.494738+00:00
MPLADS-001128,0.0225,NORMAL,"{""geo__population_density"": 0.1161, ""project__planned_duration_days"": 0.0599, ""geospatial_anomaly_score"": 0.0592}",2026-09-06T09:45:06.494738+00:00
MPLADS-001129,0.0088,NORMAL,"{""financial_anomaly_percentile"": 0.0422, ""project__planned_duration_days"": 0.0353, ""graph_anomaly_score"": 0.0273}",2026-09-06T09:45:06.494738+00:00
MPLADS-001130,0.0182,NORMAL,"{""graph_anomaly_score"": 0.0852, ""project__planned_duration_days"": 0.052, ""graph_anomaly_percentile"": 0.0139}",2026-09-06T09:45:06.494738+00:00
MPLADS-001131,0.0265,NORMAL,"{""financial__sanctioned_amount"": 0.2569, ""geospatial_anomaly_score"": 0.0794, ""geo__infrastructure_gap_index"": 0.0748}",2026-09-06T09:45:06.494738+00:00
MPLADS-001132,0.0225,NORMAL,"{""geo__population_density"": 0.1296, ""financial__sanctioned_amount"": 0.1132, ""payment_anomaly_percentile"": 0.0332}",2026-09-06T09:45:06.494738+00:00
MPLADS-001133,1.0,PAYMENT_PROGRESS_MISMATCH,"{""progress_anomaly_score"": 5.4336, ""progress_anomaly_percentile"": 0.9283, ""payment_anomaly_score"": 0.12}",2026-09-06T09:45:06.494738+00:00
MPLADS-001134,1.0,DOCUMENTATION_DEFICIT,"{""progress_anomaly_score"": 5.2136, ""progress_anomaly_percentile"": 0.9174, ""geospatial_anomaly_percentile"": 0.0736}",2026-09-06T09:45:06.494738+00:00
MPLADS-001135,0.0231,NORMAL,"{""financial__sanctioned_amount"": 0.1389, ""geospatial_anomaly_score"": 0.0718, ""payment_anomaly_percentile"": 0.0597}",2026-09-06T09:45:06.494738+00:00
MPLADS-001136,0.0262,NORMAL,"{""payment_anomaly_score"": 0.1682, ""geospatial_anomaly_score"": 0.078, ""mean_anomaly_score"": 0.0748}",2026-09-06T09:45:06.494738+00:00
MPLADS-001137,0.0231,NORMAL,"{""financial__sanctioned_amount"": 0.0787, ""geospatial_anomaly_score"": 0.0116, ""payment_anomaly_score"": 0.0063}",2026-09-06T09:45:06.494738+00:00
MPLADS-001138,0.3136,NORMAL,"{""procurement_anomaly_score"": 1.4011, ""procurement_anomaly_percentile"": 0.676, ""max_anomaly_score"": 0.0824}",2026-09-06T09:45:06.494738+00:00
MPLADS-001139,0.0265,NORMAL,"{""geo__infrastructure_gap_index"": 0.1242, ""geospatial_anomaly_score"": 0.0349, ""project__planned_duration_days"": 0.0274}",2026-09-06T09:45:06.494738+00:00
MPLADS-001140,0.0345,NORMAL,"{""geo__population_density"": 0.1869, ""mean_anomaly_score"": 0.0638, ""project__planned_duration_days"": 0.0423}",2026-09-06T09:45:06.494738+00:00
MPLADS-001141,0.0314,NORMAL,"{""geo__population_density"": 0.3594, ""geospatial_anomaly_score"": 0.1246, ""geo__infrastructure_gap_index"": 0.114}",2026-09-06T09:45:06.494738+00:00
MPLADS-001142,0.0345,NORMAL,"{""financial__sanctioned_amount"": 0.1734, ""geo__population_density"": 0.1499, ""procurement_anomaly_percentile"": 0.107}",2026-09-06T09:45:06.494738+00:00
MPLADS-001143,1.0,DELAYED_WORK,"{""progress_anomaly_score"": 5.1657, ""progress_anomaly_percentile"": 0.8884, ""financial__sanctioned_amount"": 0.0851}",2026-09-06T09:45:06.494738+00:00
MPLADS-001144,0.0314,NORMAL,"{""geospatial_anomaly_score"": 0.157, ""geospatial_anomaly_percentile"": 0.0426, ""std_anomaly_score"": 0.0337}",2026-09-06T09:45:06.494738+00:00
MPLADS-001145,0.0314,NORMAL,"{""geo__population_density"": 0.3291, ""geo__infrastructure_gap_index"": 0.157, ""financial_anomaly_score"": 0.1446}",2026-09-06T09:45:06.494738+00:00
MPLADS-001146,0.0182,NORMAL,"{""geospatial_anomaly_score"": 0.1086, ""payment_anomaly_score"": 0.0636, ""financial__sanctioned_amount"": 0.0443}",2026-09-06T09:45:06.494738+00:00
MPLADS-001147,0.0231,NORMAL,"{""project__planned_duration_days"": 0.0667, ""mean_anomaly_score"": 0.0492, ""financial__sanctioned_amount"": 0.0415}",2026-09-06T09:45:06.494738+00:00
MPLADS-001148,0.0182,NORMAL,"{""geo__population_density"": 0.0818, ""std_anomaly_score"": 0.0479, ""project__planned_duration_days"": 0.0382}",2026-09-06T09:45:06.494738+00:00
MPLADS-001149,0.0265,NORMAL,"{""procurement_anomaly_score"": 0.5179, ""procurement_anomaly_percentile"": 0.3632, ""payment_anomaly_score"": 0.0884}",2026-09-06T09:45:06.494738+00:00
MPLADS-001150,0.0182,NORMAL,"{""financial_anomaly_score"": 0.1799, ""financial_anomaly_percentile"": 0.1059, ""std_anomaly_score"": 0.0781}",2026-09-06T09:45:06.494738+00:00
MPLADS-001151,0.0314,NORMAL,"{""geo__population_density"": 0.1878, ""procurement_anomaly_percentile"": 0.0572, ""geospatial_anomaly_score"": 0.0326}",2026-09-06T09:45:06.494738+00:00
MPLADS-001152,0.0231,NORMAL,"{""graph_anomaly_score"": 0.0835, ""geo__infrastructure_gap_index"": 0.0766, ""project__planned_duration_days"": 0.0545}",2026-09-06T09:45:06.494738+00:00
MPLADS-001153,0.0225,NORMAL,"{""geospatial_anomaly_score"": 0.0964, ""geo__infrastructure_gap_index"": 0.0688, ""financial__sanctioned_amount"": 0.0581}",2026-09-06T09:45:06.494738+00:00
MPLADS-001154,0.0314,NORMAL,"{""financial_anomaly_score"": 0.1973, ""payment_anomaly_percentile"": 0.144, ""mean_anomaly_score"": 0.1361}",2026-09-06T09:45:06.494738+00:00
MPLADS-001155,0.0182,NORMAL,"{""project__planned_duration_days"": 0.045, ""contractor_anomaly_percentile"": 0.0066, ""std_anomaly_score"": 0.0038}",2026-09-06T09:45:06.494738+00:00
MPLADS-001156,1.0,PAYMENT_PROGRESS_MISMATCH,"{""progress_anomaly_score"": 5.3744, ""progress_anomaly_percentile"": 0.9112, ""geospatial_anomaly_score"": 0.0775}",2026-09-06T09:45:06.494738+00:00
MPLADS-001157,0.0525,NORMAL,"{""financial__sanctioned_amount"": 0.2094, ""procurement_anomaly_percentile"": 0.1336, ""geo__infrastructure_gap_index"": 0.1151}",2026-09-06T09:45:06.494738+00:00
MPLADS-001158,0.0308,NORMAL,"{""geo__population_density"": 0.097, ""geospatial_anomaly_score"": 0.0524, ""project__planned_duration_days"": 0.0198}",2026-09-06T09:45:06.494738+00:00
MPLADS-001159,0.0182,NORMAL,"{""geospatial_anomaly_score"": 0.1949, ""financial__sanctioned_amount"": 0.17, ""geospatial_anomaly_percentile"": 0.0784}",2026-09-06T09:45:06.494738+00:00
MPLADS-001160,0.0231,NORMAL,"{""geo__population_density"": 0.2906, ""geo__infrastructure_gap_index"": 0.0576, ""project__planned_duration_days"": 0.0476}",2026-09-06T09:45:06.494738+00:00
MPLADS-001161,0.0231,NORMAL,"{""procurement_anomaly_percentile"": 0.1754, ""geospatial_anomaly_score"": 0.048, ""mean_anomaly_score"": 0.048}",2026-09-06T09:45:06.494738+00:00
MPLADS-001162,0.011,NORMAL,"{""financial_anomaly_percentile"": 0.0378, ""project__planned_duration_days"": 0.0254, ""geo__infrastructure_gap_index"": 0.0177}",2026-09-06T09:45:06.494738+00:00
MPLADS-001163,0.0314,NORMAL,"{""geo__infrastructure_gap_index"": 0.1916, ""procurement_anomaly_percentile"": 0.1205, ""geospatial_anomaly_score"": 0.0599}",2026-09-06T09:45:06.494738+00:00
MPLADS-001164,0.3616,NORMAL,"{""procurement_anomaly_score"": 1.8143, ""procurement_anomaly_percentile"": 0.6942, ""max_anomaly_score"": 0.1327}",2026-09-06T09:45:06.494738+00:00
MPLADS-001165,0.0314,NORMAL,"{""geo__infrastructure_gap_index"": 0.1872, ""geo__population_density"": 0.0726, ""project__planned_duration_days"": 0.0515}",2026-09-06T09:45:06.494738+00:00
MPLADS-001166,0.0314,NORMAL,"{""geo__population_density"": 0.1375, ""financial_anomaly_percentile"": 0.103, ""payment_anomaly_percentile"": 0.0735}",2026-09-06T09:45:06.494738+00:00
MPLADS-001167,0.0182,NORMAL,"{""geo__infrastructure_gap_index"": 0.1259, ""geo__population_density"": 0.0975, ""payment_anomaly_score"": 0.0183}",2026-09-06T09:45:06.494738+00:00
MPLADS-001168,0.0182,NORMAL,"{""contractor_anomaly_score"": 0.1897, ""contractor_anomaly_percentile"": 0.1798, ""geo__population_density"": 0.0747}",2026-09-06T09:45:06.494738+00:00
MPLADS-001169,0.0231,NORMAL,"{""geospatial_anomaly_score"": 0.2015, ""graph_anomaly_score"": 0.0809, ""project__planned_duration_days"": 0.0613}",2026-09-06T09:45:06.494738+00:00
MPLADS-001170,0.0225,NORMAL,"{""financial__sanctioned_amount"": 0.3415, ""geo__infrastructure_gap_index"": 0.0942, ""financial_anomaly_percentile"": 0.0709}",2026-09-06T09:45:06.494738+00:00
MPLADS-001171,0.0182,NORMAL,"{""geo__infrastructure_gap_index"": 0.0773, ""financial__sanctioned_amount"": 0.0232, ""contractor_anomaly_score"": 0.0115}",2026-09-06T09:45:06.494738+00:00
MPLADS-001172,0.0182,NORMAL,"{""geospatial_anomaly_score"": 0.1101, ""financial__sanctioned_amount"": 0.0909, ""geo__population_density"": 0.0462}",2026-09-06T09:45:06.494738+00:00
MPLADS-001173,0.0225,NORMAL,"{""financial_anomaly_score"": 0.1141, ""financial_anomaly_percentile"": 0.1017, ""payment_anomaly_percentile"": 0.0481}",2026-09-06T09:45:06.494738+00:00
MPLADS-001174,0.011,NORMAL,"{""procurement_anomaly_percentile"": 0.2012, ""financial_anomaly_score"": 0.0956, ""financial_anomaly_percentile"": 0.0885}",2026-09-06T09:45:06.494738+00:00
MPLADS-001175,0.0265,NORMAL,"{""financial_anomaly_score"": 0.0776, ""project__planned_duration_days"": 0.03, ""financial__sanctioned_amount"": 0.0143}",2026-09-06T09:45:06.494738+00:00
MPLADS-001176,0.0308,NORMAL,"{""payment_anomaly_score"": 0.4314, ""payment_anomaly_percentile"": 0.109, ""financial_anomaly_score"": 0.0984}",2026-09-06T09:45:06.494738+00:00
MPLADS-001177,0.0308,NORMAL,"{""payment_anomaly_score"": 0.2865, ""geo__population_density"": 0.1421, ""payment_anomaly_percentile"": 0.0462}",2026-09-06T09:45:06.494738+00:00
MPLADS-001178,0.0314,NORMAL,"{""geo__population_density"": 0.1001, ""geo__infrastructure_gap_index"": 0.0702, ""geospatial_anomaly_score"": 0.0564}",2026-09-06T09:45:06.494738+00:00
MPLADS-001179,0.0225,NORMAL,"{""geo__population_density"": 0.1286, ""project__planned_duration_days"": 0.0715, ""contractor_anomaly_score"": 0.0064}",2026-09-06T09:45:06.494738+00:00
MPLADS-001180,0.0225,NORMAL,"{""geospatial_anomaly_score"": 0.1859, ""financial__sanctioned_amount"": 0.0766, ""project__planned_duration_days"": 0.0652}",2026-09-06T09:45:06.494738+00:00
MPLADS-001181,0.0225,NORMAL,"{""project__planned_duration_days"": 0.065, ""geospatial_anomaly_score"": 0.064, ""geospatial_anomaly_percentile"": 0.0135}",2026-09-06T09:45:06.494738+00:00
MPLADS-001182,0.0182,NORMAL,"{""financial_anomaly_percentile"": 0.0823, ""project__planned_duration_days"": 0.0445, ""geo__infrastructure_gap_index"": 0.0314}",2026-09-06T09:45:06.494738+00:00
MPLADS-001183,0.0182,NORMAL,"{""financial__sanctioned_amount"": 0.057, ""mean_anomaly_score"": 0.0392, ""geo__infrastructure_gap_index"": 0.034}",2026-09-06T09:45:06.494738+00:00
MPLADS-001184,0.0262,NORMAL,"{""geo__infrastructure_gap_index"": 0.1346, ""financial__sanctioned_amount"": 0.03, ""project__planned_duration_days"": 0.0289}",2026-09-06T09:45:06.494738+00:00
MPLADS-001185,0.0182,NORMAL,"{""financial__sanctioned_amount"": 0.3197, ""geo__infrastructure_gap_index"": 0.1191, ""payment_anomaly_percentile"": 0.0331}",2026-09-06T09:45:06.494738+00:00
MPLADS-001186,0.0182,NORMAL,"{""project__planned_duration_days"": 0.0402, ""std_anomaly_score"": 0.0199, ""mean_anomaly_score"": 0.0052}",2026-09-06T09:45:06.494738+00:00
MPLADS-001187,0.0345,NORMAL,"{""geo__population_density"": 0.147, ""graph_anomaly_score"": 0.0383, ""procurement_anomaly_percentile"": 0.0308}",2026-09-06T09:45:06.494738+00:00
MPLADS-001188,0.0182,NORMAL,"{""financial__sanctioned_amount"": 0.1611, ""payment_anomaly_score"": 0.1341, ""geospatial_anomaly_score"": 0.0761}",2026-09-06T09:45:06.494738+00:00
MPLADS-001189,0.0231,NORMAL,"{""geospatial_anomaly_score"": 0.1168, ""project__planned_duration_days"": 0.0486, ""geospatial_anomaly_percentile"": 0.0299}",2026-09-06T09:45:06.494738+00:00
MPLADS-001190,1.0,PAYMENT_PROGRESS_MISMATCH,"{""progress_anomaly_score"": 5.2453, ""progress_anomaly_percentile"": 0.8971, ""geo__population_density"": 0.1194}",2026-09-06T09:45:06.494738+00:00
MPLADS-001191,0.0262,NORMAL,"{""financial__sanctioned_amount"": 0.1076, ""payment_anomaly_score"": 0.0682, ""geospatial_anomaly_score"": 0.0602}",2026-09-06T09:45:06.494738+00:00
MPLADS-001192,0.0182,NORMAL,"{""geospatial_anomaly_score"": 0.0757, ""project__planned_duration_days"": 0.0627, ""geo__infrastructure_gap_index"": 0.051}",2026-09-06T09:45:06.494738+00:00
MPLADS-001193,0.2481,NORMAL,"{""procurement_anomaly_score"": 1.1873, ""procurement_anomaly_percentile"": 0.3454, ""financial__sanctioned_amount"": 0.0999}",2026-09-06T09:45:06.494738+00:00
MPLADS-001194,0.0161,NORMAL,"{""project__planned_duration_days"": 0.036, ""geo__infrastructure_gap_index"": 0.0099, ""num_flagged_models"": 0.0014}",2026-09-06T09:45:06.494738+00:00
MPLADS-001195,0.1253,NORMAL,"{""geospatial_anomaly_score"": 0.2965, ""financial_anomaly_score"": 0.2307, ""financial__sanctioned_amount"": 0.1998}",2026-09-06T09:45:06.494738+00:00
MPLADS-001196,1.0,PAYMENT_PROGRESS_MISMATCH,"{""progress_anomaly_score"": 5.4253, ""progress_anomaly_percentile"": 0.987, ""payment_anomaly_score"": 0.3131}",2026-09-06T09:45:06.494738+00:00
MPLADS-001197,0.0231,NORMAL,"{""geo__infrastructure_gap_index"": 0.2154, ""mean_anomaly_score"": 0.1336, ""payment_anomaly_percentile"": 0.0833}",2026-09-06T09:45:06.494738+00:00
MPLADS-001198,0.0314,NORMAL,"{""geospatial_anomaly_score"": 0.2449, ""geo__population_density"": 0.1322, ""geospatial_anomaly_percentile"": 0.0825}",2026-09-06T09:45:06.494738+00:00
MPLADS-001199,0.0225,NORMAL,"{""financial__sanctioned_amount"": 0.2684, ""procurement_anomaly_percentile"": 0.0806, ""graph_anomaly_score"": 0.0776}",2026-09-06T09:45:06.494738+00:00
MPLADS-001200,0.0182,NORMAL,"{""geospatial_anomaly_score"": 0.1279, ""project__planned_duration_days"": 0.0529, ""graph_anomaly_score"": 0.0251}",2026-09-06T09:45:06.494738+00:00
MPLADS-001201,0.0225,NORMAL,"{""project__planned_duration_days"": 0.0558, ""geospatial_anomaly_score"": 0.0471, ""num_flagged_models"": 0.0014}",2026-09-06T09:45:06.494738+00:00
MPLADS-001202,1.0,DELAYED_WORK,"{""progress_anomaly_score"": 5.3258, ""progress_anomaly_percentile"": 0.8649, ""financial_anomaly_score"": 0.1786}",2026-09-06T09:45:06.494738+00:00
MPLADS-001203,0.0262,NORMAL,"{""payment_anomaly_score"": 0.0944, ""project__planned_duration_days"": 0.063, ""std_anomaly_score"": 0.0416}",2026-09-06T09:45:06.494738+00:00
MPLADS-001204,1.0,PAYMENT_PROGRESS_MISMATCH,"{""progress_anomaly_score"": 5.1874, ""progress_anomaly_percentile"": 0.898, ""geospatial_anomaly_score"": 0.1065}",2026-09-06T09:45:06.494738+00:00
MPLADS-001205,0.0182,NORMAL,"{""geo__population_density"": 0.161, ""payment_anomaly_score"": 0.0537, ""financial_anomaly_percentile"": 0.0372}",2026-09-06T09:45:06.494738+00:00
MPLADS-001206,0.0139,NORMAL,"{""financial__sanctioned_amount"": 0.1696, ""financial_anomaly_percentile"": 0.0575, ""financial_anomaly_score"": 0.0219}",2026-09-06T09:45:06.494738+00:00
MPLADS-001207,1.0,PAYMENT_PROGRESS_MISMATCH,"{""progress_anomaly_score"": 5.3638, ""progress_anomaly_percentile"": 0.9156, ""payment_anomaly_score"": 0.0823}",2026-09-06T09:45:06.494738+00:00
MPLADS-001208,0.0182,NORMAL,"{""financial__sanctioned_amount"": 0.1844, ""geospatial_anomaly_score"": 0.0667, ""project__planned_duration_days"": 0.0571}",2026-09-06T09:45:06.494738+00:00
MPLADS-001209,0.0314,NORMAL,"{""geo__population_density"": 0.4152, ""geospatial_anomaly_score"": 0.1968, ""geospatial_anomaly_percentile"": 0.084}",2026-09-06T09:45:06.494738+00:00
MPLADS-001210,0.0262,NORMAL,"{""financial__sanctioned_amount"": 0.2814, ""geospatial_anomaly_score"": 0.0893, ""payment_anomaly_score"": 0.0466}",2026-09-06T09:45:06.494738+00:00
MPLADS-001211,0.0225,NORMAL,"{""graph_anomaly_score"": 0.0911, ""geospatial_anomaly_score"": 0.0821, ""financial__sanctioned_amount"": 0.0766}",2026-09-06T09:45:06.494738+00:00
MPLADS-001212,0.0231,NORMAL,"{""geospatial_anomaly_score"": 0.1137, ""project__planned_duration_days"": 0.0367, ""geospatial_anomaly_percentile"": 0.0236}",2026-09-06T09:45:06.494738+00:00
MPLADS-001213,0.0231,NORMAL,"{""payment_anomaly_score"": 0.2473, ""project__planned_duration_days"": 0.059, ""mean_anomaly_score"": 0.0555}",2026-09-06T09:45:06.494738+00:00
MPLADS-001214,1.0,PAYMENT_PROGRESS_MISMATCH,"{""progress_anomaly_score"": 5.3662, ""progress_anomaly_percentile"": 0.9336, ""payment_anomaly_score"": 0.1043}",2026-09-06T09:45:06.494738+00:00
MPLADS-001215,0.011,NORMAL,"{""payment_anomaly_score"": 0.084, ""payment_anomaly_percentile"": 0.0462, ""graph_anomaly_percentile"": 0.0237}",2026-09-06T09:45:06.494738+00:00
MPLADS-001216,1.0,PAYMENT_PROGRESS_MISMATCH,"{""progress_anomaly_score"": 5.3529, ""progress_anomaly_percentile"": 0.9346, ""payment_anomaly_score"": 0.0968}",2026-09-06T09:45:06.494738+00:00
MPLADS-001217,1.0,PAYMENT_PROGRESS_MISMATCH,"{""progress_anomaly_score"": 5.1962, ""progress_anomaly_percentile"": 0.9205, ""payment_anomaly_score"": 0.1468}",2026-09-06T09:45:06.494738+00:00
MPLADS-001218,0.0231,NORMAL,"{""financial__sanctioned_amount"": 0.2578, ""geospatial_anomaly_score"": 0.0824, ""graph_anomaly_percentile"": 0.0328}",2026-09-06T09:45:06.494738+00:00
MPLADS-001219,0.2449,NORMAL,"{""procurement_anomaly_score"": 1.4106, ""procurement_anomaly_percentile"": 0.4619, ""financial_anomaly_percentile"": 0.0628}",2026-09-06T09:45:06.494738+00:00
MPLADS-001220,0.2672,NORMAL,"{""procurement_anomaly_score"": 1.4695, ""procurement_anomaly_percentile"": 0.52, ""graph_anomaly_score"": 0.0458}",2026-09-06T09:45:06.494738+00:00
MPLADS-001221,0.0139,NORMAL,"{""payment_anomaly_score"": 0.0577, ""project__planned_duration_days"": 0.0574, ""financial_anomaly_score"": 0.0534}",2026-09-06T09:45:06.494738+00:00
MPLADS-001222,0.0231,NORMAL,"{""financial_anomaly_score"": 0.065, ""project__planned_duration_days"": 0.0537, ""procurement_anomaly_percentile"": 0.0068}",2026-09-06T09:45:06.494738+00:00
MPLADS-001223,0.0332,NORMAL,"{""procurement_anomaly_score"": 0.3692, ""procurement_anomaly_percentile"": 0.3022, ""max_anomaly_score"": 0.0758}",2026-09-06T09:45:06.494738+00:00
MPLADS-001224,1.0,DOCUMENTATION_DEFICIT,"{""progress_anomaly_score"": 5.4364, ""progress_anomaly_percentile"": 0.9879, ""payment_anomaly_score"": 0.305}",2026-09-06T09:45:06.494738+00:00
MPLADS-001225,1.0,DOCUMENTATION_DEFICIT,"{""progress_anomaly_score"": 5.0466, ""progress_anomaly_percentile"": 0.9169, ""payment_anomaly_score"": 0.2326}",2026-09-06T09:45:06.494738+00:00
MPLADS-001226,0.0777,NORMAL,"{""progress_anomaly_score"": 0.5047, ""geospatial_anomaly_score"": 0.1317, ""financial__sanctioned_amount"": 0.1107}",2026-09-06T09:45:06.494738+00:00
MPLADS-001227,0.0225,NORMAL,"{""project__planned_duration_days"": 0.0555, ""financial_anomaly_score"": 0.0455, ""geospatial_anomaly_score"": 0.0429}",2026-09-06T09:45:06.494738+00:00
MPLADS-001228,0.0231,NORMAL,"{""project__planned_duration_days"": 0.071, ""geospatial_anomaly_percentile"": 0.0335, ""geospatial_anomaly_score"": 0.0244}",2026-09-06T09:45:06.494738+00:00
MPLADS-001229,1.0,PAYMENT_PROGRESS_MISMATCH,"{""progress_anomaly_score"": 5.2337, ""progress_anomaly_percentile"": 0.9415, ""payment_anomaly_score"": 0.1038}",2026-09-06T09:45:06.494738+00:00
MPLADS-001230,0.0381,NORMAL,"{""geo__population_density"": 0.3107, ""financial_anomaly_score"": 0.2715, ""geo__infrastructure_gap_index"": 0.126}",2026-09-06T09:45:06.494738+00:00
MPLADS-001231,0.1669,NORMAL,"{""financial__sanctioned_amount"": 0.1744, ""geo__population_density"": 0.132, ""financial_anomaly_percentile"": 0.0835}",2026-09-06T09:45:06.494738+00:00
MPLADS-001232,1.0,GHOST_WORK,"{""progress_anomaly_score"": 5.1489, ""progress_anomaly_percentile"": 0.9143, ""financial_anomaly_score"": 0.1463}",2026-09-06T09:45:06.494738+00:00
MPLADS-001233,0.0182,NORMAL,"{""financial__sanctioned_amount"": 0.2953, ""geo__infrastructure_gap_index"": 0.1153, ""std_anomaly_score"": 0.0586}",2026-09-06T09:45:06.494738+00:00
MPLADS-001234,1.0,DOCUMENTATION_DEFICIT,"{""progress_anomaly_score"": 5.3348, ""progress_anomaly_percentile"": 0.9163, ""payment_anomaly_score"": 0.1281}",2026-09-06T09:45:06.494738+00:00
MPLADS-001235,0.0314,NORMAL,"{""financial__sanctioned_amount"": 0.1293, ""contractor_anomaly_percentile"": 0.1154, ""contractor_anomaly_score"": 0.1053}",2026-09-06T09:45:06.494738+00:00
MPLADS-001236,0.0225,NORMAL,"{""payment_anomaly_score"": 0.0454, ""financial_anomaly_score"": 0.0438, ""geo__infrastructure_gap_index"": 0.0421}",2026-09-06T09:45:06.494738+00:00
MPLADS-001237,0.0225,NORMAL,"{""financial__sanctioned_amount"": 0.3704, ""payment_anomaly_percentile"": 0.0524, ""financial_anomaly_score"": 0.048}",2026-09-06T09:45:06.494738+00:00
MPLADS-001238,0.011,NORMAL,"{""std_anomaly_score"": 0.0507, ""financial__sanctioned_amount"": 0.0331, ""num_flagged_models"": 0.0014}",2026-09-06T09:45:06.494738+00:00
MPLADS-001239,0.0182,NORMAL,"{""financial__sanctioned_amount"": 0.1493, ""geo__infrastructure_gap_index"": 0.1288, ""financial_anomaly_percentile"": 0.0528}",2026-09-06T09:45:06.494738+00:00
MPLADS-001240,0.0314,NORMAL,"{""financial__sanctioned_amount"": 0.2509, ""geo__infrastructure_gap_index"": 0.1307, ""geo__population_density"": 0.0891}",2026-09-06T09:45:06.494738+00:00
MPLADS-001241,0.0231,NORMAL,"{""financial_anomaly_percentile"": 0.0615, ""geo__infrastructure_gap_index"": 0.0585, ""financial__sanctioned_amount"": 0.0526}",2026-09-06T09:45:06.494738+00:00
MPLADS-001242,0.0182,NORMAL,"{""geo__population_density"": 0.1359, ""project__planned_duration_days"": 0.0519, ""std_anomaly_score"": 0.0279}",2026-09-06T09:45:06.494738+00:00
MPLADS-001243,0.0182,NORMAL,"{""geo__population_density"": 0.1327, ""project__planned_duration_days"": 0.0606, ""payment_anomaly_percentile"": 0.0558}",2026-09-06T09:45:06.494738+00:00
MPLADS-001244,0.0231,NORMAL,"{""mean_anomaly_score"": 0.0797, ""geospatial_anomaly_score"": 0.0693, ""payment_anomaly_score"": 0.0651}",2026-09-06T09:45:06.494738+00:00
MPLADS-001245,0.0231,NORMAL,"{""financial_anomaly_percentile"": 0.0567, ""project__planned_duration_days"": 0.0565, ""payment_anomaly_score"": 0.0515}",2026-09-06T09:45:06.494738+00:00
MPLADS-001246,0.0225,NORMAL,"{""financial__sanctioned_amount"": 0.0291, ""geospatial_anomaly_score"": 0.0142, ""graph_anomaly_percentile"": 0.003}",2026-09-06T09:45:06.494738+00:00
MPLADS-001247,0.0265,NORMAL,"{""geo__population_density"": 0.171, ""financial_anomaly_score"": 0.0566, ""geo__infrastructure_gap_index"": 0.05}",2026-09-06T09:45:06.494738+00:00
MPLADS-001248,1.0,PAYMENT_PROGRESS_MISMATCH,"{""progress_anomaly_score"": 4.7892, ""progress_anomaly_percentile"": 0.8911, ""payment_anomaly_score"": 0.138}",2026-09-06T09:45:06.494738+00:00
MPLADS-001249,0.0231,NORMAL,"{""financial__sanctioned_amount"": 0.1464, ""payment_anomaly_percentile"": 0.0604, ""geo__infrastructure_gap_index"": 0.0553}",2026-09-06T09:45:06.494738+00:00
MPLADS-001250,1.0,COST_OVERRUN,"{""progress_anomaly_score"": 4.9728, ""progress_anomaly_percentile"": 0.833, ""financial_anomaly_score"": 0.1972}",2026-09-06T09:45:06.494738+00:00
MPLADS-001251,0.0139,NORMAL,"{""financial_anomaly_score"": 0.2759, ""financial_anomaly_percentile"": 0.0974, ""project__planned_duration_days"": 0.0615}",2026-09-06T09:45:06.494738+00:00
MPLADS-001252,1.0,PAYMENT_PROGRESS_MISMATCH,"{""progress_anomaly_score"": 5.3484, ""progress_anomaly_percentile"": 0.9245, ""std_anomaly_score"": 0.0678}",2026-09-06T09:45:06.494738+00:00
MPLADS-001253,0.0182,NORMAL,"{""geo__infrastructure_gap_index"": 0.1234, ""financial__sanctioned_amount"": 0.0347, ""project__planned_duration_days"": 0.0234}",2026-09-06T09:45:06.494738+00:00
MPLADS-001254,0.0231,NORMAL,"{""financial__sanctioned_amount"": 0.2737, ""procurement_anomaly_percentile"": 0.1115, ""mean_anomaly_score"": 0.0069}",2026-09-06T09:45:06.494738+00:00
MPLADS-001255,0.0225,NORMAL,"{""geospatial_anomaly_score"": 0.2151, ""geo__infrastructure_gap_index"": 0.0866, ""geospatial_anomaly_percentile"": 0.0829}",2026-09-06T09:45:06.494738+00:00
MPLADS-001256,0.011,NORMAL,"{""project__planned_duration_days"": 0.0373, ""financial_anomaly_percentile"": 0.0341, ""num_flagged_models"": 0.0014}",2026-09-06T09:45:06.494738+00:00
MPLADS-001257,0.0182,NORMAL,"{""geo__infrastructure_gap_index"": 0.1404, ""geospatial_anomaly_score"": 0.1124, ""project__planned_duration_days"": 0.0404}",2026-09-06T09:45:06.494738+00:00
MPLADS-001258,0.0182,NORMAL,"{""financial_anomaly_score"": 0.174, ""geo__population_density"": 0.1542, ""financial_anomaly_percentile"": 0.0997}",2026-09-06T09:45:06.494738+00:00
MPLADS-001259,0.0314,NORMAL,"{""financial__sanctioned_amount"": 0.1877, ""geospatial_anomaly_score"": 0.0747, ""procurement_anomaly_percentile"": 0.0647}",2026-09-06T09:45:06.494738+00:00
MPLADS-001260,0.0182,NORMAL,"{""payment_anomaly_score"": 0.0549, ""geo__infrastructure_gap_index"": 0.0488, ""project__planned_duration_days"": 0.0375}",2026-09-06T09:45:06.494738+00:00
MPLADS-001261,0.0314,NORMAL,"{""financial_anomaly_score"": 0.4489, ""financial_anomaly_percentile"": 0.1522, ""payment_anomaly_score"": 0.0792}",2026-09-06T09:45:06.494738+00:00
MPLADS-001262,0.0182,NORMAL,"{""geo__infrastructure_gap_index"": 0.1853, ""payment_anomaly_score"": 0.0642, ""geo__population_density"": 0.057}",2026-09-06T09:45:06.494738+00:00
MPLADS-001263,0.0182,NORMAL,"{""geo__infrastructure_gap_index"": 0.1478, ""geo__population_density"": 0.0859, ""project__planned_duration_days"": 0.0387}",2026-09-06T09:45:06.494738+00:00
MPLADS-001264,0.021,NORMAL,"{""geospatial_anomaly_score"": 0.0666, ""project__planned_duration_days"": 0.0643, ""geospatial_anomaly_percentile"": 0.0179}",2026-09-06T09:45:06.494738+00:00
MPLADS-001265,0.0231,NORMAL,"{""financial__sanctioned_amount"": 0.1699, ""geo__population_density"": 0.1134, ""graph_anomaly_score"": 0.0699}",2026-09-06T09:45:06.494738+00:00
MPLADS-001266,0.0265,NORMAL,"{""geo__population_density"": 0.1348, ""geospatial_anomaly_score"": 0.0596, ""project__planned_duration_days"": 0.0548}",2026-09-06T09:45:06.494738+00:00
MPLADS-001267,0.3088,NORMAL,"{""procurement_anomaly_score"": 1.2991, ""procurement_anomaly_percentile"": 0.3646, ""geospatial_anomaly_score"": 0.1318}",2026-09-06T09:45:06.494738+00:00
MPLADS-001268,0.0314,NORMAL,"{""geo__population_density"": 0.1871, ""financial__sanctioned_amount"": 0.1829, ""geo__infrastructure_gap_index"": 0.0925}",2026-09-06T09:45:06.494738+00:00
MPLADS-001269,0.0231,NORMAL,"{""financial__sanctioned_amount"": 0.2322, ""payment_anomaly_score"": 0.1391, ""mean_anomaly_score"": 0.0852}",2026-09-06T09:45:06.494738+00:00
MPLADS-001270,0.0314,NORMAL,"{""financial__sanctioned_amount"": 0.2601, ""geospatial_anomaly_score"": 0.1577, ""geo__infrastructure_gap_index"": 0.0951}",2026-09-06T09:45:06.494738+00:00
MPLADS-001271,0.0182,NORMAL,"{""geo__infrastructure_gap_index"": 0.2105, ""project__planned_duration_days"": 0.0273, ""payment_anomaly_score"": 0.0225}",2026-09-06T09:45:06.494738+00:00
MPLADS-001272,0.2884,NORMAL,"{""procurement_anomaly_score"": 1.2787, ""procurement_anomaly_percentile"": 0.5061, ""financial__sanctioned_amount"": 0.181}",2026-09-06T09:45:06.494738+00:00
MPLADS-001273,0.0182,NORMAL,"{""geospatial_anomaly_score"": 0.1083, ""financial__sanctioned_amount"": 0.0601, ""procurement_anomaly_percentile"": 0.0458}",2026-09-06T09:45:06.494738+00:00
MPLADS-001274,0.0231,NORMAL,"{""geo__population_density"": 0.181, ""project__planned_duration_days"": 0.0699, ""geospatial_anomaly_score"": 0.0629}",2026-09-06T09:45:06.494738+00:00
MPLADS-001275,0.0314,NORMAL,"{""financial__sanctioned_amount"": 0.0395, ""contractor_anomaly_percentile"": 0.025, ""geospatial_anomaly_score"": 0.0195}",2026-09-06T09:45:06.494738+00:00
MPLADS-001276,0.1698,NORMAL,"{""procurement_anomaly_score"": 1.5987, ""procurement_anomaly_percentile"": 0.6012, ""std_anomaly_score"": 0.0503}",2026-09-06T09:45:06.494738+00:00
MPLADS-001277,0.0231,NORMAL,"{""geo__infrastructure_gap_index"": 0.2014, ""std_anomaly_score"": 0.1601, ""financial_anomaly_score"": 0.0903}",2026-09-06T09:45:06.494738+00:00
MPLADS-001278,0.3311,NORMAL,"{""procurement_anomaly_score"": 1.4582, ""procurement_anomaly_percentile"": 0.5669, ""financial__sanctioned_amount"": 0.038}",2026-09-06T09:45:06.494738+00:00
MPLADS-001279,0.0778,NORMAL,"{""financial__sanctioned_amount"": 0.389, ""procurement_anomaly_percentile"": 0.1716, ""geo__infrastructure_gap_index"": 0.1467}",2026-09-06T09:45:06.494738+00:00
MPLADS-001280,1.0,PAYMENT_PROGRESS_MISMATCH,"{""progress_anomaly_score"": 5.2403, ""progress_anomaly_percentile"": 0.9189, ""payment_anomaly_score"": 0.155}",2026-09-06T09:45:06.494738+00:00
MPLADS-001281,1.0,GHOST_WORK,"{""progress_anomaly_score"": 5.2991, ""progress_anomaly_percentile"": 1.0016, ""payment_anomaly_score"": 0.1245}",2026-09-06T09:45:06.494738+00:00
MPLADS-001282,0.0265,NORMAL,"{""contractor_anomaly_score"": 0.2223, ""contractor_anomaly_percentile"": 0.1892, ""payment_anomaly_score"": 0.1582}",2026-09-06T09:45:06.494738+00:00
MPLADS-001283,0.0182,NORMAL,"{""max_anomaly_score"": 0.0782, ""std_anomaly_score"": 0.034, ""project_size_code"": 0.0}",2026-09-06T09:45:06.494738+00:00
MPLADS-001284,0.011,NORMAL,"{""geo__population_density"": 0.0834, ""geo__infrastructure_gap_index"": 0.0464, ""project__planned_duration_days"": 0.0364}",2026-09-06T09:45:06.494738+00:00
MPLADS-001285,1.0,PAYMENT_PROGRESS_MISMATCH,"{""progress_anomaly_score"": 5.1534, ""progress_anomaly_percentile"": 0.8934, ""payment_anomaly_score"": 0.1038}",2026-09-06T09:45:06.494738+00:00
MPLADS-001286,0.0314,NORMAL,"{""contractor_anomaly_score"": 0.2316, ""contractor_anomaly_percentile"": 0.216, ""project__planned_duration_days"": 0.0384}",2026-09-06T09:45:06.494738+00:00
MPLADS-001287,0.0231,NORMAL,"{""financial__sanctioned_amount"": 0.1821, ""graph_anomaly_score"": 0.0676, ""project__planned_duration_days"": 0.0531}",2026-09-06T09:45:06.494738+00:00
MPLADS-001288,1.0,DOCUMENTATION_DEFICIT,"{""progress_anomaly_score"": 5.4019, ""progress_anomaly_percentile"": 0.9316, ""payment_anomaly_score"": 0.108}",2026-09-06T09:45:06.494738+00:00
MPLADS-001289,0.0182,NORMAL,"{""financial_anomaly_score"": 0.1533, ""geospatial_anomaly_score"": 0.0496, ""geospatial_anomaly_percentile"": 0.0211}",2026-09-06T09:45:06.494738+00:00
MPLADS-001290,0.403,NORMAL,"{""procurement_anomaly_score"": 1.4528, ""procurement_anomaly_percentile"": 0.602, ""financial__sanctioned_amount"": 0.0965}",2026-09-06T09:45:06.494738+00:00
MPLADS-001291,0.0182,NORMAL,"{""geospatial_anomaly_percentile"": 0.1158, ""project__planned_duration_days"": 0.0552, ""graph_anomaly_percentile"": 0.0072}",2026-09-06T09:45:06.494738+00:00
MPLADS-001292,0.0182,NORMAL,"{""geo__population_density"": 0.1254, ""financial__sanctioned_amount"": 0.0215, ""project__planned_duration_days"": 0.0093}",2026-09-06T09:45:06.494738+00:00
MPLADS-001293,0.1657,NORMAL,"{""financial__sanctioned_amount"": 0.2273, ""geo__infrastructure_gap_index"": 0.1651, ""financial_anomaly_percentile"": 0.1339}",2026-09-06T09:45:06.494738+00:00
MPLADS-001294,0.0225,NORMAL,"{""project__planned_duration_days"": 0.0603, ""geo__population_density"": 0.0407, ""contractor_anomaly_percentile"": 0.0265}",2026-09-06T09:45:06.494738+00:00
MPLADS-001295,0.0225,NORMAL,"{""geo__infrastructure_gap_index"": 0.145, ""project__planned_duration_days"": 0.0713, ""geospatial_anomaly_score"": 0.0244}",2026-09-06T09:45:06.494738+00:00
MPLADS-001296,0.0225,NORMAL,"{""financial__sanctioned_amount"": 0.2931, ""procurement_anomaly_percentile"": 0.0583, ""payment_anomaly_percentile"": 0.0553}",2026-09-06T09:45:06.494738+00:00
MPLADS-001297,0.0231,NORMAL,"{""project__planned_duration_days"": 0.073, ""mean_anomaly_score"": 0.0605, ""geospatial_anomaly_score"": 0.0498}",2026-09-06T09:45:06.494738+00:00
MPLADS-001298,0.0314,NORMAL,"{""geo__population_density"": 0.2967, ""std_anomaly_score"": 0.12, ""geospatial_anomaly_score"": 0.0917}",2026-09-06T09:45:06.494738+00:00
MPLADS-001299,0.1266,NORMAL,"{""procurement_anomaly_score"": 0.6672, ""procurement_anomaly_percentile"": 0.326, ""financial__sanctioned_amount"": 0.1816}",2026-09-06T09:45:06.494738+00:00
MPLADS-001300,0.0231,NORMAL,"{""financial__sanctioned_amount"": 0.2267, ""payment_anomaly_score"": 0.158, ""geo__infrastructure_gap_index"": 0.1412}",2026-09-06T09:45:06.494738+00:00
MPLADS-001301,0.0231,NORMAL,"{""geo__infrastructure_gap_index"": 0.167, ""geospatial_anomaly_score"": 0.1527, ""geo__population_density"": 0.1461}",2026-09-06T09:45:06.494738+00:00
MPLADS-001302,0.0231,NORMAL,"{""geospatial_anomaly_score"": 0.1536, ""geo__population_density"": 0.1441, ""geospatial_anomaly_percentile"": 0.0816}",2026-09-06T09:45:06.494738+00:00
MPLADS-001303,0.1669,NORMAL,"{""financial__sanctioned_amount"": 0.2993, ""payment_anomaly_score"": 0.2566, ""payment_anomaly_percentile"": 0.1159}",2026-09-06T09:45:06.494738+00:00
MPLADS-001304,1.0,PAYMENT_PROGRESS_MISMATCH,"{""progress_anomaly_score"": 5.3609, ""progress_anomaly_percentile"": 0.918, ""payment_anomaly_score"": 0.1075}",2026-09-06T09:45:06.494738+00:00
MPLADS-001305,0.0182,NORMAL,"{""geo__population_density"": 0.0948, ""payment_anomaly_percentile"": 0.0503, ""project__planned_duration_days"": 0.042}",2026-09-06T09:45:06.494738+00:00
MPLADS-001306,1.0,DOCUMENTATION_DEFICIT,"{""progress_anomaly_score"": 5.3851, ""progress_anomaly_percentile"": 0.9905, ""payment_anomaly_score"": 0.3159}",2026-09-06T09:45:06.494738+00:00
MPLADS-001307,0.0182,NORMAL,"{""procurement_anomaly_percentile"": 0.067, ""project__planned_duration_days"": 0.0578, ""payment_anomaly_percentile"": 0.0208}",2026-09-06T09:45:06.494738+00:00
MPLADS-001308,0.0265,NORMAL,"{""project__planned_duration_days"": 0.0515, ""financial__sanctioned_amount"": 0.0288, ""geo__infrastructure_gap_index"": 0.0229}",2026-09-06T09:45:06.494738+00:00
MPLADS-001309,0.0345,NORMAL,"{""financial__sanctioned_amount"": 0.1864, ""geospatial_anomaly_score"": 0.181, ""graph_anomaly_score"": 0.1066}",2026-09-06T09:45:06.494738+00:00
MPLADS-001310,1.0,PAYMENT_PROGRESS_MISMATCH,"{""progress_anomaly_score"": 5.1737, ""progress_anomaly_percentile"": 0.9089, ""geo__population_density"": 0.1194}",2026-09-06T09:45:06.494738+00:00
MPLADS-001311,0.0225,NORMAL,"{""financial_anomaly_score"": 0.1912, ""procurement_anomaly_percentile"": 0.1403, ""financial_anomaly_percentile"": 0.0723}",2026-09-06T09:45:06.494738+00:00
MPLADS-001312,0.0225,NORMAL,"{""project__planned_duration_days"": 0.0567, ""procurement_anomaly_percentile"": 0.0228, ""mean_anomaly_score"": 0.0018}",2026-09-06T09:45:06.494738+00:00
MPLADS-001313,0.5348,PROCUREMENT_SINGLE_BID,"{""procurement_anomaly_score"": 1.9718, ""procurement_anomaly_percentile"": 0.8882, ""max_anomaly_score"": 0.1534}",2026-09-06T09:45:06.494738+00:00
MPLADS-001314,0.011,NORMAL,"{""financial_anomaly_score"": 0.1607, ""geo__population_density"": 0.1303, ""geo__infrastructure_gap_index"": 0.0491}",2026-09-06T09:45:06.494738+00:00
MPLADS-001315,0.2457,NORMAL,"{""procurement_anomaly_score"": 1.5969, ""procurement_anomaly_percentile"": 0.5375, ""geo__infrastructure_gap_index"": 0.062}",2026-09-06T09:45:06.494738+00:00
MPLADS-001316,0.0182,NORMAL,"{""financial_anomaly_score"": 0.0465, ""geo__infrastructure_gap_index"": 0.0366, ""mean_anomaly_score"": 0.0216}",2026-09-06T09:45:06.494738+00:00
MPLADS-001317,0.0182,NORMAL,"{""geo__infrastructure_gap_index"": 0.2249, ""payment_anomaly_percentile"": 0.0508, ""project__planned_duration_days"": 0.0424}",2026-09-06T09:45:06.494738+00:00
MPLADS-001318,0.0231,NORMAL,"{""project__planned_duration_days"": 0.064, ""geospatial_anomaly_score"": 0.0609, ""geo__population_density"": 0.0585}",2026-09-06T09:45:06.494738+00:00
MPLADS-001319,0.2913,NORMAL,"{""procurement_anomaly_score"": 1.289, ""procurement_anomaly_percentile"": 0.4575, ""std_anomaly_score"": 0.0853}",2026-09-06T09:45:06.494738+00:00
MPLADS-001320,0.0231,NORMAL,"{""project__planned_duration_days"": 0.0412, ""mean_anomaly_score"": 0.0063, ""graph_anomaly_percentile"": 0.0047}",2026-09-06T09:45:06.494738+00:00
MPLADS-001321,0.0262,NORMAL,"{""financial__sanctioned_amount"": 0.3222, ""geo__population_density"": 0.139, ""geo__infrastructure_gap_index"": 0.0952}",2026-09-06T09:45:06.494738+00:00
MPLADS-001322,1.0,DOCUMENTATION_DEFICIT,"{""progress_anomaly_score"": 5.6439, ""progress_anomaly_percentile"": 0.9861, ""payment_anomaly_score"": 0.1106}",2026-09-06T09:45:06.494738+00:00
MPLADS-001323,0.0345,NORMAL,"{""geospatial_anomaly_score"": 0.197, ""financial__sanctioned_amount"": 0.1876, ""geo__infrastructure_gap_index"": 0.1265}",2026-09-06T09:45:06.494738+00:00
MPLADS-001324,0.0182,NORMAL,"{""financial_anomaly_percentile"": 0.0576, ""project__planned_duration_days"": 0.0412, ""procurement_anomaly_percentile"": 0.0214}",2026-09-06T09:45:06.494738+00:00
MPLADS-001325,0.0314,NORMAL,"{""geo__infrastructure_gap_index"": 0.2204, ""geospatial_anomaly_score"": 0.062, ""project__planned_duration_days"": 0.03}",2026-09-06T09:45:06.494738+00:00
MPLADS-001326,1.0,PAYMENT_PROGRESS_MISMATCH,"{""progress_anomaly_score"": 5.0918, ""progress_anomaly_percentile"": 0.8816, ""payment_anomaly_score"": 0.1044}",2026-09-06T09:45:06.494738+00:00
MPLADS-001327,1.0,DOCUMENTATION_DEFICIT,"{""progress_anomaly_score"": 5.0508, ""progress_anomaly_percentile"": 0.8894, ""payment_anomaly_score"": 0.1117}",2026-09-06T09:45:06.494738+00:00
MPLADS-001328,0.0314,NORMAL,"{""geo__infrastructure_gap_index"": 0.2654, ""graph_anomaly_percentile"": 0.0863, ""graph_anomaly_score"": 0.0656}",2026-09-06T09:45:06.494738+00:00
MPLADS-001329,0.0308,NORMAL,"{""procurement_anomaly_score"": 0.5119, ""procurement_anomaly_percentile"": 0.1566, ""payment_anomaly_score"": 0.0775}",2026-09-06T09:45:06.494738+00:00
MPLADS-001330,0.0314,NORMAL,"{""financial_anomaly_percentile"": 0.1365, ""financial_anomaly_score"": 0.1348, ""geo__population_density"": 0.0816}",2026-09-06T09:45:06.494738+00:00
MPLADS-001331,0.0308,NORMAL,"{""geo__population_density"": 0.1226, ""financial_anomaly_percentile"": 0.0633, ""payment_anomaly_score"": 0.0594}",2026-09-06T09:45:06.494738+00:00
MPLADS-001332,0.0231,NORMAL,"{""payment_anomaly_score"": 0.1806, ""geo__infrastructure_gap_index"": 0.0801, ""project__planned_duration_days"": 0.0695}",2026-09-06T09:45:06.494738+00:00
MPLADS-001333,0.0182,NORMAL,"{""geo__infrastructure_gap_index"": 0.149, ""financial__sanctioned_amount"": 0.0998, ""payment_anomaly_percentile"": 0.0589}",2026-09-06T09:45:06.494738+00:00
MPLADS-001334,0.0314,NORMAL,"{""geospatial_anomaly_score"": 0.2078, ""geospatial_anomaly_percentile"": 0.1009, ""mean_anomaly_score"": 0.0901}",2026-09-06T09:45:06.494738+00:00
MPLADS-001335,0.0182,NORMAL,"{""payment_anomaly_score"": 0.1554, ""geo__population_density"": 0.0904, ""graph_anomaly_score"": 0.0899}",2026-09-06T09:45:06.494738+00:00
MPLADS-001336,0.3136,NORMAL,"{""procurement_anomaly_score"": 1.8141, ""procurement_anomaly_percentile"": 0.6371, ""max_anomaly_score"": 0.1396}",2026-09-06T09:45:06.494738+00:00
MPLADS-001337,0.0314,NORMAL,"{""geo__population_density"": 0.119, ""geospatial_anomaly_score"": 0.0828, ""financial__sanctioned_amount"": 0.0389}",2026-09-06T09:45:06.494738+00:00
MPLADS-001338,1.0,COST_OVERRUN,"{""progress_anomaly_score"": 4.7146, ""progress_anomaly_percentile"": 0.8722, ""procurement_anomaly_score"": 0.2162}",2026-09-06T09:45:06.494738+00:00
MPLADS-001339,0.0308,NORMAL,"{""financial__sanctioned_amount"": 0.2281, ""financial_anomaly_percentile"": 0.1123, ""geospatial_anomaly_score"": 0.1017}",2026-09-06T09:45:06.494738+00:00
MPLADS-001340,0.0182,NORMAL,"{""geospatial_anomaly_score"": 0.1799, ""mean_anomaly_score"": 0.081, ""project__planned_duration_days"": 0.0638}",2026-09-06T09:45:06.494738+00:00
MPLADS-001341,0.3136,NORMAL,"{""procurement_anomaly_score"": 1.2634, ""procurement_anomaly_percentile"": 0.4222, ""financial_anomaly_score"": 0.1097}",2026-09-06T09:45:06.494738+00:00
MPLADS-001342,0.0308,NORMAL,"{""geo__infrastructure_gap_index"": 0.2404, ""project__planned_duration_days"": 0.0529, ""financial__sanctioned_amount"": 0.0262}",2026-09-06T09:45:06.494738+00:00
MPLADS-001343,0.0525,NORMAL,"{""geospatial_anomaly_score"": 0.1279, ""financial__sanctioned_amount"": 0.1113, ""procurement_anomaly_percentile"": 0.0553}",2026-09-06T09:45:06.494738+00:00
MPLADS-001344,0.0345,NORMAL,"{""financial__sanctioned_amount"": 0.2805, ""payment_anomaly_score"": 0.1732, ""geo__infrastructure_gap_index"": 0.0597}",2026-09-06T09:45:06.494738+00:00
MPLADS-001345,0.166,NORMAL,"{""procurement_anomaly_score"": 1.1844, ""procurement_anomaly_percentile"": 0.3184, ""financial__sanctioned_amount"": 0.0535}",2026-09-06T09:45:06.494738+00:00
MPLADS-001346,1.0,PAYMENT_PROGRESS_MISMATCH,"{""progress_anomaly_score"": 5.2452, ""progress_anomaly_percentile"": 0.8965, ""geo__population_density"": 0.125}",2026-09-06T09:45:06.494738+00:00
MPLADS-001347,0.0182,NORMAL,"{""financial_anomaly_percentile"": 0.0496, ""project__planned_duration_days"": 0.049, ""payment_anomaly_percentile"": 0.0304}",2026-09-06T09:45:06.494738+00:00
MPLADS-001348,0.0182,NORMAL,"{""graph_anomaly_percentile"": 0.0518, ""project__planned_duration_days"": 0.0433, ""num_flagged_models"": 0.0014}",2026-09-06T09:45:06.494738+00:00
MPLADS-001349,0.0182,NORMAL,"{""project__planned_duration_days"": 0.035, ""geospatial_anomaly_score"": 0.0306, ""std_anomaly_score"": 0.008}",2026-09-06T09:45:06.494738+00:00
MPLADS-001350,0.0225,NORMAL,"{""payment_anomaly_score"": 0.1896, ""mean_anomaly_score"": 0.0843, ""geospatial_anomaly_score"": 0.0818}",2026-09-06T09:45:06.494738+00:00
MPLADS-001351,0.0182,NORMAL,"{""geo__population_density"": 0.0788, ""project__planned_duration_days"": 0.0563, ""geo__infrastructure_gap_index"": 0.0384}",2026-09-06T09:45:06.494738+00:00
MPLADS-001352,1.0,DELAYED_WORK,"{""progress_anomaly_score"": 4.7602, ""progress_anomaly_percentile"": 0.8493, ""financial_anomaly_score"": 0.1705}",2026-09-06T09:45:06.494738+00:00
MPLADS-001353,0.0231,NORMAL,"{""geo__population_density"": 0.1117, ""geospatial_anomaly_score"": 0.0979, ""geo__infrastructure_gap_index"": 0.0729}",2026-09-06T09:45:06.494738+00:00
MPLADS-001354,0.0231,NORMAL,"{""financial__sanctioned_amount"": 0.2361, ""financial_anomaly_percentile"": 0.111, ""geospatial_anomaly_score"": 0.0825}",2026-09-06T09:45:06.494738+00:00
MPLADS-001355,0.0442,NORMAL,"{""procurement_anomaly_percentile"": 0.4479, ""procurement_anomaly_score"": 0.3995, ""max_anomaly_score"": 0.0978}",2026-09-06T09:45:06.494738+00:00
MPLADS-001356,0.0182,NORMAL,"{""graph_anomaly_percentile"": 0.0496, ""geo__infrastructure_gap_index"": 0.049, ""project__planned_duration_days"": 0.0384}",2026-09-06T09:45:06.494738+00:00
MPLADS-001357,0.0231,NORMAL,"{""geo__population_density"": 0.1364, ""financial__sanctioned_amount"": 0.0903, ""geospatial_anomaly_score"": 0.0359}",2026-09-06T09:45:06.494738+00:00
MPLADS-001358,0.0153,NORMAL,"{""financial__sanctioned_amount"": 0.1515, ""geo__infrastructure_gap_index"": 0.1154, ""payment_anomaly_score"": 0.0809}",2026-09-06T09:45:06.494738+00:00
MPLADS-001359,0.0231,NORMAL,"{""geospatial_anomaly_score"": 0.0817, ""project__planned_duration_days"": 0.0617, ""graph_anomaly_score"": 0.035}",2026-09-06T09:45:06.494738+00:00
MPLADS-001360,0.0314,NORMAL,"{""financial__sanctioned_amount"": 0.2001, ""geospatial_anomaly_score"": 0.1348, ""geo__population_density"": 0.1041}",2026-09-06T09:45:06.494738+00:00
MPLADS-001361,0.0231,NORMAL,"{""geo__infrastructure_gap_index"": 0.0674, ""procurement_anomaly_percentile"": 0.0529, ""project__planned_duration_days"": 0.0448}",2026-09-06T09:45:06.494738+00:00
MPLADS-001362,0.0231,NORMAL,"{""geo__infrastructure_gap_index"": 0.0678, ""project__planned_duration_days"": 0.0585, ""financial_anomaly_percentile"": 0.0492}",2026-09-06T09:45:06.494738+00:00
MPLADS-001363,1.0,COST_OVERRUN,"{""progress_anomaly_score"": 4.4143, ""progress_anomaly_percentile"": 0.8094, ""procurement_anomaly_score"": 0.2576}",2026-09-06T09:45:06.494738+00:00
MPLADS-001364,1.0,ABANDONED_WORK,"{""progress_anomaly_score"": 5.292, ""progress_anomaly_percentile"": 0.9557, ""payment_anomaly_score"": 0.0947}",2026-09-06T09:45:06.494738+00:00
MPLADS-001365,0.0231,NORMAL,"{""financial_anomaly_score"": 0.1362, ""financial__sanctioned_amount"": 0.136, ""geo__infrastructure_gap_index"": 0.1186}",2026-09-06T09:45:06.494738+00:00
MPLADS-001366,0.0231,NORMAL,"{""geo__infrastructure_gap_index"": 0.111, ""mean_anomaly_score"": 0.0622, ""project__planned_duration_days"": 0.0576}",2026-09-06T09:45:06.494738+00:00
MPLADS-001367,0.0225,NORMAL,"{""geo__population_density"": 0.1592, ""payment_anomaly_score"": 0.0657, ""project__planned_duration_days"": 0.0537}",2026-09-06T09:45:06.494738+00:00
MPLADS-001368,0.0182,NORMAL,"{""project__planned_duration_days"": 0.0441, ""num_flagged_models"": 0.0014, ""project_size_code"": 0.0}",2026-09-06T09:45:06.494738+00:00
MPLADS-001369,0.0231,NORMAL,"{""geo__infrastructure_gap_index"": 0.0812, ""mean_anomaly_score"": 0.0365, ""geospatial_anomaly_score"": 0.0362}",2026-09-06T09:45:06.494738+00:00
MPLADS-001370,0.0231,NORMAL,"{""payment_anomaly_score"": 0.1252, ""financial__sanctioned_amount"": 0.1068, ""geo__infrastructure_gap_index"": 0.0832}",2026-09-06T09:45:06.494738+00:00
MPLADS-001371,0.0182,NORMAL,"{""geo__population_density"": 0.149, ""geo__infrastructure_gap_index"": 0.1464, ""geospatial_anomaly_score"": 0.0706}",2026-09-06T09:45:06.494738+00:00
MPLADS-001372,1.0,COST_OVERRUN,"{""progress_anomaly_score"": 4.7472, ""progress_anomaly_percentile"": 0.8298, ""procurement_anomaly_score"": 0.208}",2026-09-06T09:45:06.494738+00:00
MPLADS-001373,0.0225,NORMAL,"{""financial__sanctioned_amount"": 0.1497, ""geospatial_anomaly_percentile"": 0.11, ""geospatial_anomaly_score"": 0.0093}",2026-09-06T09:45:06.494738+00:00
MPLADS-001374,0.1993,NORMAL,"{""procurement_anomaly_score"": 0.7026, ""procurement_anomaly_percentile"": 0.2872, ""payment_anomaly_score"": 0.216}",2026-09-06T09:45:06.494738+00:00
MPLADS-001375,0.0225,NORMAL,"{""financial__sanctioned_amount"": 0.1197, ""geospatial_anomaly_score"": 0.0407, ""payment_anomaly_score"": 0.0366}",2026-09-06T09:45:06.494738+00:00
MPLADS-001376,1.0,DOCUMENTATION_DEFICIT,"{""progress_anomaly_score"": 5.2406, ""progress_anomaly_percentile"": 0.9079, ""payment_anomaly_score"": 0.0982}",2026-09-06T09:45:06.494738+00:00
MPLADS-001377,0.0225,NORMAL,"{""procurement_anomaly_percentile"": 0.1069, ""geo__infrastructure_gap_index"": 0.0869, ""project__planned_duration_days"": 0.0504}",2026-09-06T09:45:06.494738+00:00
MPLADS-001378,0.0225,NORMAL,"{""financial_anomaly_score"": 0.2086, ""financial_anomaly_percentile"": 0.1016, ""payment_anomaly_score"": 0.0921}",2026-09-06T09:45:06.494738+00:00
MPLADS-001379,0.0231,NORMAL,"{""geo__infrastructure_gap_index"": 0.1646, ""financial__sanctioned_amount"": 0.127, ""payment_anomaly_percentile"": 0.0342}",2026-09-06T09:45:06.494738+00:00
MPLADS-001380,0.0182,NORMAL,"{""financial__sanctioned_amount"": 0.2438, ""geo__infrastructure_gap_index"": 0.1099, ""mean_anomaly_score"": 0.0203}",2026-09-06T09:45:06.494738+00:00
MPLADS-001381,0.0231,NORMAL,"{""financial_anomaly_score"": 0.1523, ""project__planned_duration_days"": 0.0568, ""financial__sanctioned_amount"": 0.028}",2026-09-06T09:45:06.494738+00:00
MPLADS-001382,0.0747,NORMAL,"{""procurement_anomaly_score"": 0.6973, ""procurement_anomaly_percentile"": 0.2344, ""std_anomaly_score"": 0.0468}",2026-09-06T09:45:06.494738+00:00
MPLADS-001383,1.0,COST_OVERRUN,"{""progress_anomaly_score"": 2.4383, ""procurement_anomaly_score"": 0.5467, ""financial_anomaly_score"": 0.3768}",2026-09-06T09:45:06.494738+00:00
MPLADS-001384,0.0231,NORMAL,"{""project__planned_duration_days"": 0.0666, ""geospatial_anomaly_score"": 0.0462, ""geo__infrastructure_gap_index"": 0.0445}",2026-09-06T09:45:06.494738+00:00
MPLADS-001385,1.0,DOCUMENTATION_DEFICIT,"{""progress_anomaly_score"": 5.3019, ""progress_anomaly_percentile"": 0.9258, ""payment_anomaly_score"": 0.2655}",2026-09-06T09:45:06.494738+00:00
MPLADS-001386,0.129,NORMAL,"{""procurement_anomaly_score"": 0.7179, ""procurement_anomaly_percentile"": 0.4434, ""geospatial_anomaly_score"": 0.1295}",2026-09-06T09:45:06.494738+00:00
MPLADS-001387,0.0308,NORMAL,"{""geospatial_anomaly_score"": 0.0772, ""financial__sanctioned_amount"": 0.0476, ""payment_anomaly_percentile"": 0.0469}",2026-09-06T09:45:06.494738+00:00
MPLADS-001388,1.0,COST_OVERRUN,"{""progress_anomaly_score"": 4.5786, ""progress_anomaly_percentile"": 0.8524, ""procurement_anomaly_score"": 0.241}",2026-09-06T09:45:06.494738+00:00
MPLADS-001389,0.0225,NORMAL,"{""project__planned_duration_days"": 0.065, ""geospatial_anomaly_score"": 0.0312, ""mean_anomaly_score"": 0.0247}",2026-09-06T09:45:06.494738+00:00
MPLADS-001390,0.0225,NORMAL,"{""financial__sanctioned_amount"": 0.2017, ""project__planned_duration_days"": 0.0685, ""geospatial_anomaly_score"": 0.0523}",2026-09-06T09:45:06.494738+00:00
MPLADS-001391,0.2418,NORMAL,"{""procurement_anomaly_score"": 0.8515, ""procurement_anomaly_percentile"": 0.7456, ""payment_anomaly_score"": 0.2015}",2026-09-06T09:45:06.494738+00:00
MPLADS-001392,0.0231,NORMAL,"{""financial__sanctioned_amount"": 0.2286, ""graph_anomaly_score"": 0.112, ""payment_anomaly_score"": 0.0892}",2026-09-06T09:45:06.494738+00:00
MPLADS-001393,1.0,COST_OVERRUN,"{""progress_anomaly_score"": 4.9388, ""progress_anomaly_percentile"": 0.9061, ""procurement_anomaly_score"": 0.4197}",2026-09-06T09:45:06.494738+00:00
MPLADS-001394,0.0182,NORMAL,"{""geo__infrastructure_gap_index"": 0.2041, ""geo__population_density"": 0.1377, ""graph_anomaly_score"": 0.1284}",2026-09-06T09:45:06.494738+00:00
MPLADS-001395,1.0,PAYMENT_PROGRESS_MISMATCH,"{""progress_anomaly_score"": 5.2115, ""progress_anomaly_percentile"": 0.9227, ""payment_anomaly_score"": 0.1127}",2026-09-06T09:45:06.494738+00:00
MPLADS-001396,1.0,DELAYED_WORK,"{""progress_anomaly_score"": 5.2144, ""progress_anomaly_percentile"": 0.8479, ""financial__sanctioned_amount"": 0.1869}",2026-09-06T09:45:06.494738+00:00
MPLADS-001397,0.2964,NORMAL,"{""procurement_anomaly_score"": 1.2558, ""procurement_anomaly_percentile"": 0.4621, ""payment_anomaly_score"": 0.1428}",2026-09-06T09:45:06.494738+00:00
MPLADS-001398,0.0182,NORMAL,"{""geo__population_density"": 0.0437, ""std_anomaly_score"": 0.0213, ""project__planned_duration_days"": 0.0195}",2026-09-06T09:45:06.494738+00:00
MPLADS-001399,0.0161,NORMAL,"{""geospatial_anomaly_score"": 0.1332, ""geospatial_anomaly_percentile"": 0.0432, ""financial__sanctioned_amount"": 0.0087}",2026-09-06T09:45:06.494738+00:00
MPLADS-001400,1.0,GHOST_WORK,"{""progress_anomaly_score"": 5.1614, ""progress_anomaly_percentile"": 0.9251, ""geospatial_anomaly_percentile"": 0.1216}",2026-09-06T09:45:06.494738+00:00
MPLADS-001401,0.011,NORMAL,"{""financial_anomaly_percentile"": 0.0681, ""max_anomaly_score"": 0.0534, ""financial_anomaly_score"": 0.0524}",2026-09-06T09:45:06.494738+00:00
MPLADS-001402,0.0115,NORMAL,"{""project__planned_duration_days"": 0.048, ""geo__infrastructure_gap_index"": 0.0048, ""num_flagged_models"": 0.0014}",2026-09-06T09:45:06.494738+00:00
MPLADS-001403,1.0,DELAYED_WORK,"{""progress_anomaly_score"": 4.5505, ""progress_anomaly_percentile"": 0.7776, ""financial_anomaly_score"": 0.2094}",2026-09-06T09:45:06.494738+00:00
MPLADS-001404,0.0262,NORMAL,"{""procurement_anomaly_percentile"": 0.2126, ""financial__sanctioned_amount"": 0.1486, ""geo__population_density"": 0.0924}",2026-09-06T09:45:06.494738+00:00
MPLADS-001405,0.3136,NORMAL,"{""procurement_anomaly_score"": 1.6056, ""procurement_anomaly_percentile"": 0.6486, ""max_anomaly_score"": 0.1955}",2026-09-06T09:45:06.494738+00:00
MPLADS-001406,0.0225,NORMAL,"{""payment_anomaly_score"": 0.2104, ""financial__sanctioned_amount"": 0.2059, ""geospatial_anomaly_score"": 0.0745}",2026-09-06T09:45:06.494738+00:00
MPLADS-001407,1.0,PAYMENT_PROGRESS_MISMATCH,"{""progress_anomaly_score"": 4.8349, ""progress_anomaly_percentile"": 0.8261, ""financial_anomaly_score"": 0.1672}",2026-09-06T09:45:06.494738+00:00
MPLADS-001408,0.1792,NORMAL,"{""procurement_anomaly_score"": 1.2629, ""procurement_anomaly_percentile"": 0.4524, ""geo__population_density"": 0.1278}",2026-09-06T09:45:06.494738+00:00
MPLADS-001409,0.0308,NORMAL,"{""geo__population_density"": 0.1105, ""geospatial_anomaly_score"": 0.1033, ""geo__infrastructure_gap_index"": 0.0872}",2026-09-06T09:45:06.494738+00:00
MPLADS-001410,0.1203,NORMAL,"{""geo__infrastructure_gap_index"": 0.2486, ""geo__population_density"": 0.2012, ""financial__sanctioned_amount"": 0.0976}",2026-09-06T09:45:06.494738+00:00
MPLADS-001411,1.0,DELAYED_WORK,"{""progress_anomaly_score"": 5.2127, ""progress_anomaly_percentile"": 0.89, ""financial_anomaly_score"": 0.0664}",2026-09-06T09:45:06.494738+00:00
MPLADS-001412,0.2884,NORMAL,"{""procurement_anomaly_score"": 1.3347, ""procurement_anomaly_percentile"": 0.4365, ""geospatial_anomaly_score"": 0.1189}",2026-09-06T09:45:06.494738+00:00
MPLADS-001413,0.0314,NORMAL,"{""financial__sanctioned_amount"": 0.2663, ""geo__population_density"": 0.2531, ""geo__infrastructure_gap_index"": 0.1806}",2026-09-06T09:45:06.494738+00:00
MPLADS-001414,1.0,DOCUMENTATION_DEFICIT,"{""progress_anomaly_score"": 5.2749, ""progress_anomaly_percentile"": 0.919, ""financial__sanctioned_amount"": 0.1056}",2026-09-06T09:45:06.494738+00:00
MPLADS-001415,0.0182,NORMAL,"{""financial_anomaly_score"": 0.1057, ""project__planned_duration_days"": 0.042, ""geo__infrastructure_gap_index"": 0.0258}",2026-09-06T09:45:06.494738+00:00
MPLADS-001416,0.0182,NORMAL,"{""financial__sanctioned_amount"": 0.3379, ""financial_anomaly_score"": 0.1531, ""geo__infrastructure_gap_index"": 0.1505}",2026-09-06T09:45:06.494738+00:00
MPLADS-001417,0.403,NORMAL,"{""procurement_anomaly_score"": 1.2554, ""procurement_anomaly_percentile"": 0.3342, ""financial__sanctioned_amount"": 0.2517}",2026-09-06T09:45:06.494738+00:00
MPLADS-001418,0.0225,NORMAL,"{""geospatial_anomaly_score"": 0.2031, ""geospatial_anomaly_percentile"": 0.081, ""financial__sanctioned_amount"": 0.0513}",2026-09-06T09:45:06.494738+00:00
MPLADS-001419,1.0,PAYMENT_PROGRESS_MISMATCH,"{""progress_anomaly_score"": 5.3846, ""progress_anomaly_percentile"": 0.9561, ""financial__sanctioned_amount"": 0.1119}",2026-09-06T09:45:06.494738+00:00
MPLADS-001420,1.0,PAYMENT_PROGRESS_MISMATCH,"{""progress_anomaly_score"": 5.0154, ""progress_anomaly_percentile"": 0.8724, ""payment_anomaly_score"": 0.1304}",2026-09-06T09:45:06.494738+00:00
MPLADS-001421,0.0182,NORMAL,"{""financial__sanctioned_amount"": 0.2183, ""geo__infrastructure_gap_index"": 0.0707, ""payment_anomaly_percentile"": 0.0237}",2026-09-06T09:45:06.494738+00:00
MPLADS-001422,0.0231,NORMAL,"{""project__planned_duration_days"": 0.057, ""financial__sanctioned_amount"": 0.0437, ""mean_anomaly_score"": 0.0337}",2026-09-06T09:45:06.494738+00:00
MPLADS-001423,1.0,PAYMENT_PROGRESS_MISMATCH,"{""progress_anomaly_score"": 5.2706, ""progress_anomaly_percentile"": 0.9671, ""payment_anomaly_score"": 0.1343}",2026-09-06T09:45:06.494738+00:00
MPLADS-001424,0.0231,NORMAL,"{""financial__sanctioned_amount"": 0.218, ""payment_anomaly_score"": 0.2089, ""geo__population_density"": 0.1201}",2026-09-06T09:45:06.494738+00:00
MPLADS-001425,0.0308,NORMAL,"{""geo__population_density"": 0.1966, ""geospatial_anomaly_score"": 0.1229, ""financial__sanctioned_amount"": 0.0832}",2026-09-06T09:45:06.494738+00:00
MPLADS-001426,0.0231,NORMAL,"{""geospatial_anomaly_score"": 0.1927, ""mean_anomaly_score"": 0.1052, ""geo__infrastructure_gap_index"": 0.0619}",2026-09-06T09:45:06.494738+00:00
MPLADS-001427,0.0308,NORMAL,"{""contractor_anomaly_score"": 0.1881, ""contractor_anomaly_percentile"": 0.1417, ""financial__sanctioned_amount"": 0.1348}",2026-09-06T09:45:06.494738+00:00
MPLADS-001428,0.0231,NORMAL,"{""geo__population_density"": 0.2151, ""geospatial_anomaly_score"": 0.0856, ""financial_anomaly_percentile"": 0.084}",2026-09-06T09:45:06.494738+00:00
MPLADS-001429,0.0231,NORMAL,"{""financial__sanctioned_amount"": 0.186, ""geospatial_anomaly_score"": 0.0999, ""geospatial_anomaly_percentile"": 0.0241}",2026-09-06T09:45:06.494738+00:00
MPLADS-001430,0.0231,NORMAL,"{""financial__sanctioned_amount"": 0.2303, ""geo__infrastructure_gap_index"": 0.1342, ""payment_anomaly_percentile"": 0.0105}",2026-09-06T09:45:06.494738+00:00
MPLADS-001431,0.0225,NORMAL,"{""geospatial_anomaly_score"": 0.0642, ""project__planned_duration_days"": 0.0422, ""geospatial_anomaly_percentile"": 0.0194}",2026-09-06T09:45:06.494738+00:00
MPLADS-001432,0.0182,NORMAL,"{""financial_anomaly_score"": 0.073, ""financial_anomaly_percentile"": 0.0589, ""financial__sanctioned_amount"": 0.058}",2026-09-06T09:45:06.494738+00:00
MPLADS-001433,0.011,NORMAL,"{""financial__sanctioned_amount"": 0.061, ""geo__infrastructure_gap_index"": 0.0455, ""project__planned_duration_days"": 0.0404}",2026-09-06T09:45:06.494738+00:00
MPLADS-001434,0.3616,NORMAL,"{""procurement_anomaly_score"": 1.531, ""procurement_anomaly_percentile"": 0.5373, ""financial__sanctioned_amount"": 0.1607}",2026-09-06T09:45:06.494738+00:00
MPLADS-001435,0.0231,NORMAL,"{""financial__sanctioned_amount"": 0.2249, ""geo__infrastructure_gap_index"": 0.0878, ""graph_anomaly_score"": 0.06}",2026-09-06T09:45:06.494738+00:00
MPLADS-001436,0.0182,NORMAL,"{""geospatial_anomaly_score"": 0.1131, ""financial__sanctioned_amount"": 0.0638, ""geospatial_anomaly_percentile"": 0.0366}",2026-09-06T09:45:06.494738+00:00
MPLADS-001437,0.0265,NORMAL,"{""geo__infrastructure_gap_index"": 0.3179, ""geo__population_density"": 0.1233, ""financial_anomaly_score"": 0.0812}",2026-09-06T09:45:06.494738+00:00
MPLADS-001438,0.0225,NORMAL,"{""geo__population_density"": 0.0583, ""financial_anomaly_percentile"": 0.0576, ""payment_anomaly_percentile"": 0.0565}",2026-09-06T09:45:06.494738+00:00
MPLADS-001439,0.0182,NORMAL,"{""mean_anomaly_score"": 0.0953, ""geo__infrastructure_gap_index"": 0.0838, ""project__planned_duration_days"": 0.0605}",2026-09-06T09:45:06.494738+00:00
MPLADS-001440,1.0,PAYMENT_PROGRESS_MISMATCH,"{""progress_anomaly_score"": 5.2916, ""progress_anomaly_percentile"": 0.9208, ""std_anomaly_score"": 0.1061}",2026-09-06T09:45:06.494738+00:00
MPLADS-001441,0.0225,NORMAL,"{""project__planned_duration_days"": 0.067, ""financial__sanctioned_amount"": 0.044, ""geospatial_anomaly_score"": 0.0157}",2026-09-06T09:45:06.494738+00:00
MPLADS-001442,0.0182,NORMAL,"{""geospatial_anomaly_score"": 0.0571, ""financial__sanctioned_amount"": 0.04, ""project__planned_duration_days"": 0.0296}",2026-09-06T09:45:06.494738+00:00
MPLADS-001443,0.0442,NORMAL,"{""financial__sanctioned_amount"": 0.1913, ""procurement_anomaly_percentile"": 0.1889, ""payment_anomaly_score"": 0.1354}",2026-09-06T09:45:06.494738+00:00
MPLADS-001444,0.011,NORMAL,"{""project__planned_duration_days"": 0.0453, ""geo__population_density"": 0.0396, ""std_anomaly_score"": 0.0362}",2026-09-06T09:45:06.494738+00:00
MPLADS-001445,1.0,DELAYED_WORK,"{""progress_anomaly_score"": 4.6825, ""progress_anomaly_percentile"": 0.8075, ""procurement_anomaly_score"": 0.2945}",2026-09-06T09:45:06.494738+00:00
MPLADS-001446,0.0182,NORMAL,"{""payment_anomaly_percentile"": 0.0154, ""std_anomaly_score"": 0.0102, ""num_flagged_models"": 0.0014}",2026-09-06T09:45:06.494738+00:00
MPLADS-001447,1.0,DOCUMENTATION_DEFICIT,"{""progress_anomaly_score"": 5.2151, ""progress_anomaly_percentile"": 0.8929, ""payment_anomaly_score"": 0.1425}",2026-09-06T09:45:06.494738+00:00
MPLADS-001448,0.0182,NORMAL,"{""geo__population_density"": 0.0848, ""financial_anomaly_percentile"": 0.0449, ""financial_anomaly_score"": 0.0387}",2026-09-06T09:45:06.494738+00:00
MPLADS-001449,0.0182,NORMAL,"{""geo__infrastructure_gap_index"": 0.0925, ""payment_anomaly_percentile"": 0.0174, ""num_flagged_models"": 0.0014}",2026-09-06T09:45:06.494738+00:00
MPLADS-001450,0.0225,NORMAL,"{""mean_anomaly_score"": 0.0852, ""geospatial_anomaly_score"": 0.0816, ""project__planned_duration_days"": 0.0636}",2026-09-06T09:45:06.494738+00:00
MPLADS-001451,0.0231,NORMAL,"{""geospatial_anomaly_score"": 0.091, ""geo__population_density"": 0.0454, ""project__planned_duration_days"": 0.0403}",2026-09-06T09:45:06.494738+00:00
MPLADS-001452,0.0231,NORMAL,"{""financial_anomaly_score"": 0.3338, ""geospatial_anomaly_score"": 0.1727, ""contractor_anomaly_score"": 0.107}",2026-09-06T09:45:06.494738+00:00
MPLADS-001453,0.0182,NORMAL,"{""geo__infrastructure_gap_index"": 0.1439, ""geo__population_density"": 0.0657, ""graph_anomaly_score"": 0.065}",2026-09-06T09:45:06.494738+00:00
MPLADS-001454,0.0182,NORMAL,"{""financial__sanctioned_amount"": 0.1564, ""geo__population_density"": 0.0804, ""payment_anomaly_score"": 0.0609}",2026-09-06T09:45:06.494738+00:00
MPLADS-001455,0.0332,NORMAL,"{""progress_anomaly_score"": 0.5555, ""financial__sanctioned_amount"": 0.0723, ""payment_anomaly_percentile"": 0.0437}",2026-09-06T09:45:06.494738+00:00
MPLADS-001456,0.0182,NORMAL,"{""payment_anomaly_score"": 0.0734, ""payment_anomaly_percentile"": 0.0661, ""geospatial_anomaly_score"": 0.0609}",2026-09-06T09:45:06.494738+00:00
MPLADS-001457,0.0225,NORMAL,"{""geo__population_density"": 0.091, ""mean_anomaly_score"": 0.0511, ""project__planned_duration_days"": 0.0471}",2026-09-06T09:45:06.494738+00:00
MPLADS-001458,0.0308,NORMAL,"{""financial_anomaly_score"": 0.0821, ""financial_anomaly_percentile"": 0.0666, ""std_anomaly_score"": 0.0643}",2026-09-06T09:45:06.494738+00:00
MPLADS-001459,0.4582,NORMAL,"{""procurement_anomaly_percentile"": 0.5827, ""financial_anomaly_score"": 0.5077, ""geospatial_anomaly_score"": 0.3004}",2026-09-06T09:45:06.494738+00:00
MPLADS-001460,0.0345,NORMAL,"{""financial__sanctioned_amount"": 0.2396, ""geospatial_anomaly_score"": 0.1363, ""std_anomaly_score"": 0.0769}",2026-09-06T09:45:06.494738+00:00
MPLADS-001461,1.0,PAYMENT_PROGRESS_MISMATCH,"{""progress_anomaly_score"": 5.3764, ""progress_anomaly_percentile"": 0.9265, ""payment_anomaly_score"": 0.112}",2026-09-06T09:45:06.494738+00:00
MPLADS-001462,0.0225,NORMAL,"{""project__planned_duration_days"": 0.0589, ""financial__sanctioned_amount"": 0.0254, ""mean_anomaly_score"": 0.0141}",2026-09-06T09:45:06.494738+00:00
MPLADS-001463,0.0308,NORMAL,"{""geo__population_density"": 0.2863, ""geospatial_anomaly_score"": 0.1996, ""geospatial_anomaly_percentile"": 0.0905}",2026-09-06T09:45:06.494738+00:00
MPLADS-001464,1.0,COST_OVERRUN,"{""progress_anomaly_score"": 4.5125, ""progress_anomaly_percentile"": 0.782, ""procurement_anomaly_score"": 0.2209}",2026-09-06T09:45:06.494738+00:00
MPLADS-001465,0.4912,NORMAL,"{""procurement_anomaly_score"": 1.9459, ""procurement_anomaly_percentile"": 0.8128, ""max_anomaly_score"": 0.184}",2026-09-06T09:45:06.494738+00:00
MPLADS-001466,1.0,ABANDONED_WORK,"{""progress_anomaly_score"": 5.1883, ""progress_anomaly_percentile"": 0.8905, ""financial_anomaly_score"": 0.1756}",2026-09-06T09:45:06.494738+00:00
MPLADS-001467,0.0262,NORMAL,"{""financial_anomaly_score"": 0.1398, ""project__planned_duration_days"": 0.0708, ""mean_anomaly_score"": 0.0655}",2026-09-06T09:45:06.494738+00:00
MPLADS-001468,0.0231,NORMAL,"{""financial_anomaly_score"": 0.1153, ""geo__population_density"": 0.0716, ""project__planned_duration_days"": 0.042}",2026-09-06T09:45:06.494738+00:00
MPLADS-001469,0.1994,NORMAL,"{""procurement_anomaly_score"": 1.5665, ""procurement_anomaly_percentile"": 0.579, ""max_anomaly_score"": 0.1418}",2026-09-06T09:45:06.494738+00:00
MPLADS-001470,1.0,COST_OVERRUN,"{""progress_anomaly_score"": 4.6488, ""progress_anomaly_percentile"": 0.8009, ""procurement_anomaly_score"": 0.1751}",2026-09-06T09:45:06.494738+00:00
MPLADS-001471,0.0314,NORMAL,"{""financial__sanctioned_amount"": 0.2007, ""payment_anomaly_score"": 0.1358, ""geospatial_anomaly_score"": 0.1025}",2026-09-06T09:45:06.494738+00:00
MPLADS-001472,0.0314,NORMAL,"{""procurement_anomaly_score"": 0.6563, ""procurement_anomaly_percentile"": 0.2713, ""geo__population_density"": 0.0498}",2026-09-06T09:45:06.494738+00:00
MPLADS-001473,0.0182,NORMAL,"{""project__planned_duration_days"": 0.0462, ""geospatial_anomaly_score"": 0.0247, ""mean_anomaly_score"": 0.0201}",2026-09-06T09:45:06.494738+00:00
MPLADS-001474,0.0225,NORMAL,"{""financial__sanctioned_amount"": 0.191, ""geo__population_density"": 0.1571, ""financial_anomaly_percentile"": 0.0488}",2026-09-06T09:45:06.494738+00:00
MPLADS-001475,0.0161,NORMAL,"{""geo__population_density"": 0.1156, ""financial__sanctioned_amount"": 0.0312, ""geospatial_anomaly_score"": 0.0202}",2026-09-06T09:45:06.494738+00:00
MPLADS-001476,0.0182,NORMAL,"{""geo__infrastructure_gap_index"": 0.0592, ""project__planned_duration_days"": 0.0457, ""num_flagged_models"": 0.0014}",2026-09-06T09:45:06.494738+00:00
MPLADS-001477,0.0314,NORMAL,"{""geo__population_density"": 0.1519, ""geo__infrastructure_gap_index"": 0.1408, ""geospatial_anomaly_score"": 0.1296}",2026-09-06T09:45:06.494738+00:00
MPLADS-001478,0.011,NORMAL,"{""geo__infrastructure_gap_index"": 0.2954, ""geo__population_density"": 0.1367, ""financial_anomaly_score"": 0.0407}",2026-09-06T09:45:06.494738+00:00
MPLADS-001479,0.0225,NORMAL,"{""project__planned_duration_days"": 0.0573, ""geo__infrastructure_gap_index"": 0.028, ""financial__sanctioned_amount"": 0.022}",2026-09-06T09:45:06.494738+00:00
MPLADS-001480,0.0314,NORMAL,"{""geo__population_density"": 0.4088, ""geospatial_anomaly_score"": 0.2046, ""geo__infrastructure_gap_index"": 0.1042}",2026-09-06T09:45:06.494738+00:00
MPLADS-001481,0.0231,NORMAL,"{""graph_anomaly_score"": 0.081, ""graph_anomaly_percentile"": 0.081, ""project__planned_duration_days"": 0.056}",2026-09-06T09:45:06.494738+00:00
MPLADS-001482,1.0,DELAYED_WORK,"{""progress_anomaly_score"": 5.486, ""progress_anomaly_percentile"": 0.9574, ""payment_anomaly_score"": 0.0916}",2026-09-06T09:45:06.494738+00:00
MPLADS-001483,0.0182,NORMAL,"{""geospatial_anomaly_percentile"": 0.1066, ""mean_anomaly_score"": 0.0542, ""financial__sanctioned_amount"": 0.0233}",2026-09-06T09:45:06.494738+00:00
MPLADS-001484,1.0,PAYMENT_PROGRESS_MISMATCH,"{""progress_anomaly_score"": 5.1936, ""progress_anomaly_percentile"": 0.9069, ""std_anomaly_score"": 0.1053}",2026-09-06T09:45:06.494738+00:00
MPLADS-001485,0.1203,NORMAL,"{""payment_anomaly_score"": 0.1942, ""financial__sanctioned_amount"": 0.1211, ""geospatial_anomaly_score"": 0.1119}",2026-09-06T09:45:06.494738+00:00
MPLADS-001486,0.0314,NORMAL,"{""geo__population_density"": 0.1307, ""geospatial_anomaly_score"": 0.0962, ""payment_anomaly_score"": 0.0749}",2026-09-06T09:45:06.494738+00:00
MPLADS-001487,0.1669,NORMAL,"{""geo__population_density"": 0.4547, ""financial__sanctioned_amount"": 0.4257, ""payment_anomaly_score"": 0.2207}",2026-09-06T09:45:06.494738+00:00
MPLADS-001488,0.0225,NORMAL,"{""financial__sanctioned_amount"": 0.1037, ""geospatial_anomaly_percentile"": 0.096, ""project__planned_duration_days"": 0.0545}",2026-09-06T09:45:06.494738+00:00
MPLADS-001489,0.0182,NORMAL,"{""geo__infrastructure_gap_index"": 0.0588, ""project__planned_duration_days"": 0.0516, ""financial__sanctioned_amount"": 0.0375}",2026-09-06T09:45:06.494738+00:00
MPLADS-001490,1.0,DELAYED_WORK,"{""progress_anomaly_score"": 4.9534, ""progress_anomaly_percentile"": 0.9161, ""procurement_anomaly_score"": 0.243}",2026-09-06T09:45:06.494738+00:00
MPLADS-001491,0.0182,NORMAL,"{""financial__sanctioned_amount"": 0.2029, ""graph_anomaly_score"": 0.1271, ""geo__infrastructure_gap_index"": 0.0992}",2026-09-06T09:45:06.494738+00:00
MPLADS-001492,0.0314,NORMAL,"{""geo__population_density"": 0.148, ""contractor_anomaly_percentile"": 0.1004, ""contractor_anomaly_score"": 0.0814}",2026-09-06T09:45:06.494738+00:00
MPLADS-001493,1.0,GHOST_WORK,"{""progress_anomaly_score"": 5.154, ""progress_anomaly_percentile"": 0.9192, ""geo__population_density"": 0.1091}",2026-09-06T09:45:06.494738+00:00
MPLADS-001494,0.0161,NORMAL,"{""geospatial_anomaly_score"": 0.0898, ""project__planned_duration_days"": 0.0715, ""geospatial_anomaly_percentile"": 0.0321}",2026-09-06T09:45:06.494738+00:00
MPLADS-001495,0.0182,NORMAL,"{""geo__infrastructure_gap_index"": 0.0448, ""project__planned_duration_days"": 0.03, ""graph_anomaly_score"": 0.0203}",2026-09-06T09:45:06.494738+00:00
MPLADS-001496,0.0231,NORMAL,"{""financial__sanctioned_amount"": 0.3953, ""procurement_anomaly_percentile"": 0.1831, ""geo__infrastructure_gap_index"": 0.1796}",2026-09-06T09:45:06.494738+00:00
MPLADS-001497,0.0231,NORMAL,"{""geospatial_anomaly_score"": 0.1983, ""project__planned_duration_days"": 0.0684, ""geospatial_anomaly_percentile"": 0.0346}",2026-09-06T09:45:06.494738+00:00
MPLADS-001498,0.0225,NORMAL,"{""financial__sanctioned_amount"": 0.1931, ""geospatial_anomaly_percentile"": 0.0465, ""payment_anomaly_percentile"": 0.0355}",2026-09-06T09:45:06.494738+00:00
MPLADS-001499,0.0182,NORMAL,"{""procurement_anomaly_score"": 0.4658, ""financial_anomaly_score"": 0.1661, ""financial_anomaly_percentile"": 0.0846}",2026-09-06T09:45:06.494738+00:00
MPLADS-001500,1.0,PAYMENT_PROGRESS_MISMATCH,"{""progress_anomaly_score"": 5.2475, ""progress_anomaly_percentile"": 0.9177, ""payment_anomaly_score"": 0.1336}",2026-09-06T09:45:06.494738+00:00
MPLADS-001501,1.0,COST_OVERRUN,"{""progress_anomaly_score"": 4.4302, ""progress_anomaly_percentile"": 0.8448, ""procurement_anomaly_score"": 0.4322}",2026-09-06T09:45:06.494738+00:00
MPLADS-001502,0.0231,NORMAL,"{""procurement_anomaly_percentile"": 0.0781, ""std_anomaly_score"": 0.0481, ""geospatial_anomaly_score"": 0.0414}",2026-09-06T09:45:06.494738+00:00
MPLADS-001503,0.0182,NORMAL,"{""geospatial_anomaly_percentile"": 0.1594, ""geospatial_anomaly_score"": 0.0485, ""financial__sanctioned_amount"": 0.0211}",2026-09-06T09:45:06.494738+00:00
MPLADS-001504,0.0182,NORMAL,"{""geo__infrastructure_gap_index"": 0.2108, ""project__planned_duration_days"": 0.0588, ""mean_anomaly_score"": 0.0401}",2026-09-06T09:45:06.494738+00:00
MPLADS-001505,0.0231,NORMAL,"{""geospatial_anomaly_score"": 0.1128, ""project__planned_duration_days"": 0.0489, ""financial__sanctioned_amount"": 0.0263}",2026-09-06T09:45:06.494738+00:00
MPLADS-001506,1.0,COST_OVERRUN,"{""progress_anomaly_score"": 4.7382, ""progress_anomaly_percentile"": 0.8366, ""financial_anomaly_score"": 0.2159}",2026-09-06T09:45:06.494738+00:00
MPLADS-001507,1.0,ABANDONED_WORK,"{""progress_anomaly_score"": 4.6757, ""progress_anomaly_percentile"": 0.8359, ""payment_anomaly_score"": 0.1761}",2026-09-06T09:45:06.494738+00:00
MPLADS-001508,0.0231,NORMAL,"{""geo__infrastructure_gap_index"": 0.0637, ""procurement_anomaly_percentile"": 0.0548, ""project__planned_duration_days"": 0.0493}",2026-09-06T09:45:06.494738+00:00
MPLADS-001509,1.0,ABANDONED_WORK,"{""progress_anomaly_score"": 4.9933, ""progress_anomaly_percentile"": 0.8562, ""payment_anomaly_score"": 0.1915}",2026-09-06T09:45:06.494738+00:00
MPLADS-001510,1.0,COST_OVERRUN,"{""progress_anomaly_score"": 4.45, ""progress_anomaly_percentile"": 0.8394, ""procurement_anomaly_score"": 0.2422}",2026-09-06T09:45:06.494738+00:00
MPLADS-001511,0.011,NORMAL,"{""financial_anomaly_score"": 0.1648, ""geo__infrastructure_gap_index"": 0.0704, ""financial_anomaly_percentile"": 0.034}",2026-09-06T09:45:06.494738+00:00
MPLADS-001512,0.5463,PROCUREMENT_SINGLE_BID,"{""procurement_anomaly_score"": 1.5972, ""procurement_anomaly_percentile"": 0.7749, ""max_anomaly_score"": 0.1051}",2026-09-06T09:45:06.494738+00:00
MPLADS-001513,0.0314,NORMAL,"{""financial__sanctioned_amount"": 0.2414, ""graph_anomaly_score"": 0.0536, ""payment_anomaly_score"": 0.0464}",2026-09-06T09:45:06.494738+00:00
MPLADS-001514,1.0,DELAYED_WORK,"{""progress_anomaly_score"": 5.2651, ""progress_anomaly_percentile"": 0.9633, ""procurement_anomaly_percentile"": 0.0866}",2026-09-06T09:45:06.494738+00:00
MPLADS-001515,0.0262,NORMAL,"{""geo__infrastructure_gap_index"": 0.1443, ""geospatial_anomaly_score"": 0.1232, ""geo__population_density"": 0.0824}",2026-09-06T09:45:06.494738+00:00
MPLADS-001516,0.0182,NORMAL,"{""geospatial_anomaly_score"": 0.139, ""financial__sanctioned_amount"": 0.0453, ""geospatial_anomaly_percentile"": 0.0445}",2026-09-06T09:45:06.494738+00:00
MPLADS-001517,0.011,NORMAL,"{""geo__population_density"": 0.1179, ""geo__infrastructure_gap_index"": 0.0992, ""project__planned_duration_days"": 0.0525}",2026-09-06T09:45:06.494738+00:00
MPLADS-001518,0.0265,NORMAL,"{""geospatial_anomaly_score"": 0.0884, ""mean_anomaly_score"": 0.0509, ""geo__infrastructure_gap_index"": 0.0506}",2026-09-06T09:45:06.494738+00:00
MPLADS-001519,0.0182,NORMAL,"{""geo__population_density"": 0.2204, ""financial_anomaly_score"": 0.047, ""financial_anomaly_percentile"": 0.0357}",2026-09-06T09:45:06.494738+00:00
MPLADS-001520,0.0182,NORMAL,"{""project__planned_duration_days"": 0.0544, ""financial__sanctioned_amount"": 0.0367, ""geospatial_anomaly_score"": 0.0366}",2026-09-06T09:45:06.494738+00:00
MPLADS-001521,0.011,NORMAL,"{""payment_anomaly_score"": 0.0708, ""financial_anomaly_score"": 0.059, ""payment_anomaly_percentile"": 0.048}",2026-09-06T09:45:06.494738+00:00
MPLADS-001522,0.0231,NORMAL,"{""geo__population_density"": 0.1496, ""graph_anomaly_score"": 0.0862, ""geo__infrastructure_gap_index"": 0.0551}",2026-09-06T09:45:06.494738+00:00
MPLADS-001523,0.0225,NORMAL,"{""financial__sanctioned_amount"": 0.1738, ""geospatial_anomaly_score"": 0.0896, ""financial_anomaly_percentile"": 0.0779}",2026-09-06T09:45:06.494738+00:00
MPLADS-001524,0.0314,NORMAL,"{""geospatial_anomaly_score"": 0.1737, ""mean_anomaly_score"": 0.1267, ""financial_anomaly_score"": 0.0651}",2026-09-06T09:45:06.494738+00:00
MPLADS-001525,0.0231,NORMAL,"{""geo__population_density"": 0.1916, ""std_anomaly_score"": 0.0948, ""project__planned_duration_days"": 0.0444}",2026-09-06T09:45:06.494738+00:00
MPLADS-001526,0.2216,NORMAL,"{""procurement_anomaly_score"": 0.7421, ""procurement_anomaly_percentile"": 0.5009, ""geo__infrastructure_gap_index"": 0.2614}",2026-09-06T09:45:06.494738+00:00
MPLADS-001527,0.2583,NORMAL,"{""procurement_anomaly_score"": 1.4264, ""procurement_anomaly_percentile"": 0.5448, ""geo__population_density"": 0.1109}",2026-09-06T09:45:06.494738+00:00
MPLADS-001528,0.0265,NORMAL,"{""payment_anomaly_score"": 0.0882, ""payment_anomaly_percentile"": 0.0571, ""geo__infrastructure_gap_index"": 0.0329}",2026-09-06T09:45:06.494738+00:00
MPLADS-001529,0.0231,NORMAL,"{""payment_anomaly_score"": 0.1468, ""project__planned_duration_days"": 0.0657, ""geo__infrastructure_gap_index"": 0.0643}",2026-09-06T09:45:06.494738+00:00
MPLADS-001530,0.0225,NORMAL,"{""financial__sanctioned_amount"": 0.2681, ""geo__population_density"": 0.1874, ""geo__infrastructure_gap_index"": 0.0647}",2026-09-06T09:45:06.494738+00:00
MPLADS-001531,0.0225,NORMAL,"{""geospatial_anomaly_score"": 0.1407, ""project__planned_duration_days"": 0.044, ""geospatial_anomaly_percentile"": 0.0397}",2026-09-06T09:45:06.494738+00:00
MPLADS-001532,0.0182,NORMAL,"{""geo__infrastructure_gap_index"": 0.0874, ""project__planned_duration_days"": 0.0304, ""procurement_anomaly_percentile"": 0.0291}",2026-09-06T09:45:06.494738+00:00
MPLADS-001533,0.0225,NORMAL,"{""project__planned_duration_days"": 0.0445, ""procurement_anomaly_percentile"": 0.043, ""payment_anomaly_percentile"": 0.0201}",2026-09-06T09:45:06.494738+00:00
MPLADS-001534,0.0231,NORMAL,"{""financial__sanctioned_amount"": 0.2251, ""payment_anomaly_score"": 0.1015, ""geospatial_anomaly_score"": 0.0659}",2026-09-06T09:45:06.494738+00:00
MPLADS-001535,1.0,PAYMENT_PROGRESS_MISMATCH,"{""progress_anomaly_score"": 5.4876, ""progress_anomaly_percentile"": 0.9538, ""payment_anomaly_score"": 0.1291}",2026-09-06T09:45:06.494738+00:00
MPLADS-001536,0.0231,NORMAL,"{""geospatial_anomaly_score"": 0.1908, ""geo__population_density"": 0.1421, ""geospatial_anomaly_percentile"": 0.0837}",2026-09-06T09:45:06.494738+00:00
MPLADS-001537,0.0182,NORMAL,"{""project__planned_duration_days"": 0.0529, ""financial__sanctioned_amount"": 0.0052, ""financial_anomaly_percentile"": 0.0048}",2026-09-06T09:45:06.494738+00:00
MPLADS-001538,0.0225,NORMAL,"{""financial__sanctioned_amount"": 0.1531, ""financial_anomaly_percentile"": 0.0482, ""payment_anomaly_percentile"": 0.0417}",2026-09-06T09:45:06.494738+00:00
MPLADS-001539,0.0182,NORMAL,"{""geo__population_density"": 0.2311, ""max_anomaly_score"": 0.123, ""payment_anomaly_score"": 0.0482}",2026-09-06T09:45:06.494738+00:00
MPLADS-001540,0.4797,NORMAL,"{""procurement_anomaly_score"": 0.7479, ""procurement_anomaly_percentile"": 0.6829, ""geo__population_density"": 0.3021}",2026-09-06T09:45:06.494738+00:00
MPLADS-001541,0.0182,NORMAL,"{""geo__population_density"": 0.2888, ""project__planned_duration_days"": 0.0501, ""graph_anomaly_percentile"": 0.0387}",2026-09-06T09:45:06.494738+00:00
MPLADS-001542,0.0182,NORMAL,"{""project__planned_duration_days"": 0.0505, ""graph_anomaly_score"": 0.0468, ""std_anomaly_score"": 0.0131}",2026-09-06T09:45:06.494738+00:00
MPLADS-001543,0.0225,NORMAL,"{""contractor_anomaly_percentile"": 0.0734, ""project__planned_duration_days"": 0.066, ""geospatial_anomaly_score"": 0.027}",2026-09-06T09:45:06.494738+00:00
MPLADS-001544,0.0139,NORMAL,"{""geo__infrastructure_gap_index"": 0.1326, ""geo__population_density"": 0.1005, ""contractor_anomaly_score"": 0.036}",2026-09-06T09:45:06.494738+00:00
MPLADS-001545,0.0225,NORMAL,"{""geospatial_anomaly_score"": 0.0767, ""project__planned_duration_days"": 0.0657, ""geo__population_density"": 0.0391}",2026-09-06T09:45:06.494738+00:00
MPLADS-001546,0.0265,NORMAL,"{""financial__sanctioned_amount"": 0.0338, ""project__planned_duration_days"": 0.0285, ""contractor_anomaly_score"": 0.0159}",2026-09-06T09:45:06.494738+00:00
MPLADS-001547,0.0231,NORMAL,"{""geo__population_density"": 0.1056, ""geospatial_anomaly_score"": 0.058, ""geo__infrastructure_gap_index"": 0.0459}",2026-09-06T09:45:06.494738+00:00
MPLADS-001548,0.011,NORMAL,"{""graph_anomaly_percentile"": 0.0054, ""std_anomaly_score"": 0.0016, ""num_flagged_models"": 0.0014}",2026-09-06T09:45:06.494738+00:00
MPLADS-001549,0.0262,NORMAL,"{""geospatial_anomaly_score"": 0.2213, ""project__planned_duration_days"": 0.069, ""mean_anomaly_score"": 0.0524}",2026-09-06T09:45:06.494738+00:00
MPLADS-001550,0.0231,NORMAL,"{""geo__population_density"": 0.1093, ""geospatial_anomaly_score"": 0.0828, ""project__planned_duration_days"": 0.0693}",2026-09-06T09:45:06.494738+00:00
MPLADS-001551,1.0,DELAYED_WORK,"{""progress_anomaly_score"": 5.0884, ""progress_anomaly_percentile"": 0.8429, ""financial_anomaly_score"": 0.2127}",2026-09-06T09:45:06.494738+00:00
MPLADS-001552,0.0231,NORMAL,"{""financial__sanctioned_amount"": 0.274, ""payment_anomaly_score"": 0.1585, ""financial_anomaly_percentile"": 0.0457}",2026-09-06T09:45:06.494738+00:00
MPLADS-001553,0.0225,NORMAL,"{""geo__infrastructure_gap_index"": 0.119, ""payment_anomaly_score"": 0.0649, ""geospatial_anomaly_score"": 0.0561}",2026-09-06T09:45:06.494738+00:00
MPLADS-001554,0.011,NORMAL,"{""procurement_anomaly_score"": 0.2735, ""procurement_anomaly_percentile"": 0.2241, ""max_anomaly_score"": 0.0745}",2026-09-06T09:45:06.494738+00:00
MPLADS-001555,1.0,COST_OVERRUN,"{""progress_anomaly_score"": 4.417, ""progress_anomaly_percentile"": 0.7507, ""procurement_anomaly_score"": 0.1874}",2026-09-06T09:45:06.494738+00:00
MPLADS-001556,0.0231,NORMAL,"{""financial__sanctioned_amount"": 0.2416, ""geo__infrastructure_gap_index"": 0.1178, ""geospatial_anomaly_score"": 0.0924}",2026-09-06T09:45:06.494738+00:00
MPLADS-001557,0.0225,NORMAL,"{""financial__sanctioned_amount"": 0.0369, ""project__planned_duration_days"": 0.0321, ""geospatial_anomaly_score"": 0.0267}",2026-09-06T09:45:06.494738+00:00
MPLADS-001558,0.0182,NORMAL,"{""project__planned_duration_days"": 0.059, ""geospatial_anomaly_score"": 0.0027, ""num_flagged_models"": 0.0014}",2026-09-06T09:45:06.494738+00:00
MPLADS-001559,0.0182,NORMAL,"{""financial_anomaly_percentile"": 0.1002, ""geospatial_anomaly_score"": 0.0896, ""geo__infrastructure_gap_index"": 0.0852}",2026-09-06T09:45:06.494738+00:00
MPLADS-001560,0.0182,NORMAL,"{""financial__sanctioned_amount"": 0.0898, ""payment_anomaly_percentile"": 0.0437, ""graph_anomaly_score"": 0.02}",2026-09-06T09:45:06.494738+00:00
MPLADS-001561,0.0225,NORMAL,"{""geo__infrastructure_gap_index"": 0.0879, ""project__planned_duration_days"": 0.0581, ""financial_anomaly_percentile"": 0.0483}",2026-09-06T09:45:06.494738+00:00
MPLADS-001562,0.0308,NORMAL,"{""financial__sanctioned_amount"": 0.1883, ""geospatial_anomaly_score"": 0.1121, ""geospatial_anomaly_percentile"": 0.0317}",2026-09-06T09:45:06.494738+00:00
MPLADS-001563,0.0182,NORMAL,"{""financial__sanctioned_amount"": 0.2929, ""payment_anomaly_score"": 0.1566, ""financial_anomaly_score"": 0.0849}",2026-09-06T09:45:06.494738+00:00
MPLADS-001564,0.0231,NORMAL,"{""procurement_anomaly_percentile"": 0.0929, ""geo__infrastructure_gap_index"": 0.0674, ""geospatial_anomaly_score"": 0.0341}",2026-09-06T09:45:06.494738+00:00
MPLADS-001565,0.0182,NORMAL,"{""payment_anomaly_percentile"": 0.0985, ""project__planned_duration_days"": 0.0574, ""payment_anomaly_score"": 0.0519}",2026-09-06T09:45:06.494738+00:00
MPLADS-001566,0.0345,NORMAL,"{""financial__sanctioned_amount"": 0.2639, ""geo__population_density"": 0.2277, ""geo__infrastructure_gap_index"": 0.0669}",2026-09-06T09:45:06.494738+00:00
MPLADS-001567,0.0265,NORMAL,"{""geo__infrastructure_gap_index"": 0.2144, ""geo__population_density"": 0.1811, ""std_anomaly_score"": 0.081}",2026-09-06T09:45:06.494738+00:00
MPLADS-001568,1.0,PAYMENT_PROGRESS_MISMATCH,"{""progress_anomaly_score"": 5.2551, ""progress_anomaly_percentile"": 0.9258, ""payment_anomaly_score"": 0.3423}",2026-09-06T09:45:06.494738+00:00
MPLADS-001569,0.1234,NORMAL,"{""procurement_anomaly_score"": 1.2751, ""procurement_anomaly_percentile"": 0.4161, ""geo__population_density"": 0.0661}",2026-09-06T09:45:06.494738+00:00
MPLADS-001570,0.0231,NORMAL,"{""project__planned_duration_days"": 0.0616, ""geospatial_anomaly_score"": 0.0523, ""geospatial_anomaly_percentile"": 0.0313}",2026-09-06T09:45:06.494738+00:00
MPLADS-001571,0.0231,NORMAL,"{""geospatial_anomaly_score"": 0.1178, ""project__planned_duration_days"": 0.0565, ""geospatial_anomaly_percentile"": 0.0234}",2026-09-06T09:45:06.494738+00:00
MPLADS-001572,1.0,DOCUMENTATION_DEFICIT,"{""progress_anomaly_score"": 4.875, ""progress_anomaly_percentile"": 0.8578, ""financial_anomaly_score"": 0.1841}",2026-09-06T09:45:06.494738+00:00
MPLADS-001573,0.0225,NORMAL,"{""geospatial_anomaly_score"": 0.1235, ""geospatial_anomaly_percentile"": 0.0415, ""financial__sanctioned_amount"": 0.0301}",2026-09-06T09:45:06.494738+00:00
MPLADS-001574,0.0182,NORMAL,"{""geo__infrastructure_gap_index"": 0.109, ""project__planned_duration_days"": 0.0616, ""geospatial_anomaly_score"": 0.0493}",2026-09-06T09:45:06.494738+00:00
MPLADS-001575,0.0231,NORMAL,"{""financial__sanctioned_amount"": 0.1208, ""geospatial_anomaly_score"": 0.1121, ""project__planned_duration_days"": 0.0549}",2026-09-06T09:45:06.494738+00:00
MPLADS-001576,0.0345,NORMAL,"{""geospatial_anomaly_score"": 0.1177, ""mean_anomaly_score"": 0.0704, ""project__planned_duration_days"": 0.0533}",2026-09-06T09:45:06.494738+00:00
MPLADS-001577,0.0225,NORMAL,"{""geospatial_anomaly_score"": 0.1196, ""project__planned_duration_days"": 0.0609, ""geospatial_anomaly_percentile"": 0.0418}",2026-09-06T09:45:06.494738+00:00
MPLADS-001578,1.0,PAYMENT_PROGRESS_MISMATCH,"{""progress_anomaly_score"": 5.1518, ""progress_anomaly_percentile"": 0.8464, ""payment_anomaly_score"": 0.0865}",2026-09-06T09:45:06.494738+00:00
MPLADS-001579,1.0,DELAYED_WORK,"{""progress_anomaly_score"": 5.0897, ""progress_anomaly_percentile"": 0.8859, ""financial_anomaly_score"": 0.1415}",2026-09-06T09:45:06.494738+00:00
MPLADS-001580,0.0314,NORMAL,"{""financial_anomaly_score"": 0.304, ""geospatial_anomaly_score"": 0.2316, ""geo__infrastructure_gap_index"": 0.0761}",2026-09-06T09:45:06.494738+00:00
MPLADS-001581,0.0265,NORMAL,"{""procurement_anomaly_score"": 0.6478, ""procurement_anomaly_percentile"": 0.1884, ""financial_anomaly_score"": 0.1223}",2026-09-06T09:45:06.494738+00:00
MPLADS-001582,1.0,PAYMENT_PROGRESS_MISMATCH,"{""progress_anomaly_score"": 5.2499, ""progress_anomaly_percentile"": 0.8768, ""payment_anomaly_score"": 0.2518}",2026-09-06T09:45:06.494738+00:00
MPLADS-001583,1.0,PAYMENT_PROGRESS_MISMATCH,"{""progress_anomaly_score"": 5.126, ""progress_anomaly_percentile"": 0.918, ""geo__infrastructure_gap_index"": 0.1445}",2026-09-06T09:45:06.494738+00:00
MPLADS-001584,0.0225,NORMAL,"{""geo__population_density"": 0.1619, ""geospatial_anomaly_score"": 0.0718, ""project__planned_duration_days"": 0.0592}",2026-09-06T09:45:06.494738+00:00
MPLADS-001585,0.0182,NORMAL,"{""financial__sanctioned_amount"": 0.1313, ""geo__population_density"": 0.1121, ""graph_anomaly_score"": 0.0804}",2026-09-06T09:45:06.494738+00:00
MPLADS-001586,0.5828,PROCUREMENT_SINGLE_BID,"{""procurement_anomaly_score"": 1.7595, ""procurement_anomaly_percentile"": 0.8207, ""max_anomaly_score"": 0.1725}",2026-09-06T09:45:06.494738+00:00
MPLADS-001587,0.0225,NORMAL,"{""financial_anomaly_score"": 0.2321, ""procurement_anomaly_percentile"": 0.171, ""financial_anomaly_percentile"": 0.0953}",2026-09-06T09:45:06.494738+00:00
MPLADS-001588,0.0231,NORMAL,"{""geo__population_density"": 0.2161, ""geospatial_anomaly_score"": 0.1301, ""project__planned_duration_days"": 0.0661}",2026-09-06T09:45:06.494738+00:00
MPLADS-001589,0.0182,NORMAL,"{""geo__population_density"": 0.128, ""geospatial_anomaly_score"": 0.0967, ""graph_anomaly_score"": 0.039}",2026-09-06T09:45:06.494738+00:00
MPLADS-001590,0.0225,NORMAL,"{""geospatial_anomaly_score"": 0.0563, ""project__planned_duration_days"": 0.0551, ""financial__sanctioned_amount"": 0.0283}",2026-09-06T09:45:06.494738+00:00
MPLADS-001591,0.0314,NORMAL,"{""financial__sanctioned_amount"": 0.1659, ""geospatial_anomaly_score"": 0.1206, ""financial_anomaly_percentile"": 0.114}",2026-09-06T09:45:06.494738+00:00
MPLADS-001592,0.0231,NORMAL,"{""procurement_anomaly_percentile"": 0.1225, ""financial__sanctioned_amount"": 0.0828, ""financial_anomaly_percentile"": 0.0671}",2026-09-06T09:45:06.494738+00:00
MPLADS-001593,0.1752,NORMAL,"{""geo__population_density"": 0.1732, ""graph_anomaly_score"": 0.1723, ""payment_anomaly_score"": 0.1484}",2026-09-06T09:45:06.494738+00:00
MPLADS-001594,0.0231,NORMAL,"{""geo__infrastructure_gap_index"": 0.309, ""geospatial_anomaly_score"": 0.0546, ""project__planned_duration_days"": 0.0526}",2026-09-06T09:45:06.494738+00:00
MPLADS-001595,0.4681,NORMAL,"{""procurement_anomaly_score"": 1.8124, ""procurement_anomaly_percentile"": 0.7933, ""max_anomaly_score"": 0.1446}",2026-09-06T09:45:06.494738+00:00
MPLADS-001596,1.0,DELAYED_WORK,"{""progress_anomaly_score"": 4.9211, ""progress_anomaly_percentile"": 0.875, ""geo__population_density"": 0.1773}",2026-09-06T09:45:06.494738+00:00
MPLADS-001597,0.0225,NORMAL,"{""geo__infrastructure_gap_index"": 0.0529, ""std_anomaly_score"": 0.0282, ""financial__sanctioned_amount"": 0.0113}",2026-09-06T09:45:06.494738+00:00
MPLADS-001598,0.0225,NORMAL,"{""geo__infrastructure_gap_index"": 0.13, ""geospatial_anomaly_score"": 0.0809, ""geospatial_anomaly_percentile"": 0.0236}",2026-09-06T09:45:06.494738+00:00
MPLADS-001599,1.0,PAYMENT_PROGRESS_MISMATCH,"{""progress_anomaly_score"": 5.5283, ""progress_anomaly_percentile"": 0.9355, ""payment_anomaly_score"": 0.1267}",2026-09-06T09:45:06.494738+00:00
MPLADS-001600,0.0231,NORMAL,"{""financial__sanctioned_amount"": 0.1388, ""graph_anomaly_percentile"": 0.0811, ""project__planned_duration_days"": 0.066}",2026-09-06T09:45:06.494738+00:00
MPLADS-001601,0.0231,NORMAL,"{""financial__sanctioned_amount"": 0.1121, ""geospatial_anomaly_score"": 0.0972, ""geo__infrastructure_gap_index"": 0.0936}",2026-09-06T09:45:06.494738+00:00
MPLADS-001602,1.0,ABANDONED_WORK,"{""progress_anomaly_score"": 5.0989, ""progress_anomaly_percentile"": 0.9227, ""payment_anomaly_score"": 0.2087}",2026-09-06T09:45:06.494738+00:00
MPLADS-001603,0.0314,NORMAL,"{""procurement_anomaly_percentile"": 0.1605, ""financial_anomaly_percentile"": 0.1096, ""geospatial_anomaly_score"": 0.0863}",2026-09-06T09:45:06.494738+00:00
MPLADS-001604,1.0,DELAYED_WORK,"{""progress_anomaly_score"": 4.9943, ""progress_anomaly_percentile"": 0.8533, ""financial_anomaly_score"": 0.1936}",2026-09-06T09:45:06.494738+00:00
MPLADS-001605,0.0308,NORMAL,"{""financial_anomaly_score"": 0.2334, ""geo__infrastructure_gap_index"": 0.1687, ""financial__sanctioned_amount"": 0.1093}",2026-09-06T09:45:06.494738+00:00
MPLADS-001606,0.0231,NORMAL,"{""geospatial_anomaly_score"": 0.1237, ""geo__infrastructure_gap_index"": 0.0593, ""geospatial_anomaly_percentile"": 0.0503}",2026-09-06T09:45:06.494738+00:00
MPLADS-001607,0.2256,NORMAL,"{""procurement_anomaly_score"": 1.4676, ""procurement_anomaly_percentile"": 0.4754, ""std_anomaly_score"": 0.0552}",2026-09-06T09:45:06.494738+00:00
MPLADS-001608,0.0231,NORMAL,"{""payment_anomaly_score"": 0.1795, ""geospatial_anomaly_score"": 0.1053, ""procurement_anomaly_percentile"": 0.0555}",2026-09-06T09:45:06.494738+00:00
MPLADS-001609,0.0182,NORMAL,"{""geo__infrastructure_gap_index"": 0.0687, ""project__planned_duration_days"": 0.0459, ""financial__sanctioned_amount"": 0.0199}",2026-09-06T09:45:06.494738+00:00
MPLADS-001610,1.0,PAYMENT_PROGRESS_MISMATCH,"{""progress_anomaly_score"": 5.6122, ""progress_anomaly_percentile"": 0.9836, ""payment_anomaly_score"": 0.0941}",2026-09-06T09:45:06.494738+00:00
MPLADS-001611,0.0168,NORMAL,"{""payment_anomaly_percentile"": 0.0961, ""graph_anomaly_score"": 0.0506, ""geo__infrastructure_gap_index"": 0.0388}",2026-09-06T09:45:06.494738+00:00
MPLADS-001612,0.0161,NORMAL,"{""project__planned_duration_days"": 0.0664, ""geospatial_anomaly_percentile"": 0.0294, ""financial__sanctioned_amount"": 0.0041}",2026-09-06T09:45:06.494738+00:00
MPLADS-001613,0.0182,NORMAL,"{""geo__population_density"": 0.1058, ""graph_anomaly_score"": 0.0644, ""geo__infrastructure_gap_index"": 0.0526}",2026-09-06T09:45:06.494738+00:00
MPLADS-001614,0.0225,NORMAL,"{""procurement_anomaly_percentile"": 0.1739, ""financial__sanctioned_amount"": 0.1056, ""geospatial_anomaly_score"": 0.0385}",2026-09-06T09:45:06.494738+00:00
MPLADS-001615,0.0314,NORMAL,"{""geo__population_density"": 0.323, ""financial__sanctioned_amount"": 0.1378, ""geospatial_anomaly_score"": 0.0649}",2026-09-06T09:45:06.494738+00:00
MPLADS-001616,0.011,NORMAL,"{""payment_anomaly_percentile"": 0.0382, ""project__planned_duration_days"": 0.0222, ""payment_anomaly_score"": 0.0092}",2026-09-06T09:45:06.494738+00:00
MPLADS-001617,0.0308,NORMAL,"{""financial__sanctioned_amount"": 0.2477, ""payment_anomaly_score"": 0.2029, ""geospatial_anomaly_score"": 0.0858}",2026-09-06T09:45:06.494738+00:00
MPLADS-001618,1.0,DOCUMENTATION_DEFICIT,"{""progress_anomaly_score"": 5.3369, ""progress_anomaly_percentile"": 0.9383, ""payment_anomaly_score"": 0.0976}",2026-09-06T09:45:06.494738+00:00
MPLADS-001619,0.0314,NORMAL,"{""financial__sanctioned_amount"": 0.3482, ""geo__population_density"": 0.1344, ""procurement_anomaly_percentile"": 0.1175}",2026-09-06T09:45:06.494738+00:00
MPLADS-001620,0.1824,NORMAL,"{""procurement_anomaly_score"": 1.633, ""procurement_anomaly_percentile"": 0.7014, ""max_anomaly_score"": 0.1816}",2026-09-06T09:45:06.494738+00:00
MPLADS-001621,0.0182,NORMAL,"{""payment_anomaly_percentile"": 0.0522, ""project__planned_duration_days"": 0.0415, ""financial_anomaly_percentile"": 0.0208}",2026-09-06T09:45:06.494738+00:00
MPLADS-001622,0.0225,NORMAL,"{""geospatial_anomaly_score"": 0.0649, ""geo__population_density"": 0.0551, ""financial__sanctioned_amount"": 0.0452}",2026-09-06T09:45:06.494738+00:00
MPLADS-001623,1.0,ABANDONED_WORK,"{""progress_anomaly_score"": 5.1822, ""progress_anomaly_percentile"": 0.8982, ""financial_anomaly_score"": 0.142}",2026-09-06T09:45:06.494738+00:00
MPLADS-001624,0.0265,NORMAL,"{""project__planned_duration_days"": 0.0379, ""geospatial_anomaly_score"": 0.0365, ""std_anomaly_score"": 0.0103}",2026-09-06T09:45:06.494738+00:00
MPLADS-001625,0.0314,NORMAL,"{""geo__population_density"": 0.2124, ""procurement_anomaly_percentile"": 0.0999, ""geo__infrastructure_gap_index"": 0.0943}",2026-09-06T09:45:06.494738+00:00
MPLADS-001626,0.0231,NORMAL,"{""geo__infrastructure_gap_index"": 0.0876, ""graph_anomaly_score"": 0.0704, ""financial__sanctioned_amount"": 0.0285}",2026-09-06T09:45:06.494738+00:00
MPLADS-001627,0.4021,NORMAL,"{""procurement_anomaly_score"": 1.3768, ""procurement_anomaly_percentile"": 0.6294, ""max_anomaly_score"": 0.117}",2026-09-06T09:45:06.494738+00:00
MPLADS-001628,0.0161,NORMAL,"{""project__planned_duration_days"": 0.0532, ""payment_anomaly_score"": 0.0319, ""graph_anomaly_score"": 0.0184}",2026-09-06T09:45:06.494738+00:00
MPLADS-001629,1.0,COST_OVERRUN,"{""progress_anomaly_score"": 4.787, ""progress_anomaly_percentile"": 0.846, ""procurement_anomaly_score"": 0.1676}",2026-09-06T09:45:06.494738+00:00
MPLADS-001630,0.4912,NORMAL,"{""procurement_anomaly_score"": 1.8505, ""procurement_anomaly_percentile"": 0.8731, ""max_anomaly_score"": 0.2287}",2026-09-06T09:45:06.494738+00:00
MPLADS-001631,0.0225,NORMAL,"{""financial__sanctioned_amount"": 0.1721, ""payment_anomaly_score"": 0.049, ""std_anomaly_score"": 0.006}",2026-09-06T09:45:06.494738+00:00
MPLADS-001632,0.0182,NORMAL,"{""financial_anomaly_percentile"": 0.0889, ""geospatial_anomaly_score"": 0.0707, ""project__planned_duration_days"": 0.0632}",2026-09-06T09:45:06.494738+00:00
MPLADS-001633,0.0308,NORMAL,"{""payment_anomaly_score"": 0.1392, ""geospatial_anomaly_score"": 0.0708, ""project__planned_duration_days"": 0.0697}",2026-09-06T09:45:06.494738+00:00
MPLADS-001634,0.0225,NORMAL,"{""geo__population_density"": 0.2273, ""financial__sanctioned_amount"": 0.1142, ""payment_anomaly_score"": 0.0217}",2026-09-06T09:45:06.494738+00:00
MPLADS-001635,0.0182,NORMAL,"{""geo__infrastructure_gap_index"": 0.0583, ""project__planned_duration_days"": 0.0463, ""geospatial_anomaly_score"": 0.0302}",2026-09-06T09:45:06.494738+00:00
MPLADS-001636,0.0231,NORMAL,"{""financial__sanctioned_amount"": 0.2155, ""geo__population_density"": 0.0956, ""geospatial_anomaly_score"": 0.0646}",2026-09-06T09:45:06.494738+00:00
MPLADS-001637,0.0314,NORMAL,"{""geospatial_anomaly_score"": 0.095, ""geo__population_density"": 0.0816, ""geo__infrastructure_gap_index"": 0.0638}",2026-09-06T09:45:06.494738+00:00
MPLADS-001638,0.0182,NORMAL,"{""geo__population_density"": 0.1344, ""graph_anomaly_score"": 0.1038, ""financial_anomaly_percentile"": 0.0529}",2026-09-06T09:45:06.494738+00:00
MPLADS-001639,0.0225,NORMAL,"{""financial__sanctioned_amount"": 0.2233, ""geo__infrastructure_gap_index"": 0.0933, ""contractor_anomaly_score"": 0.02}",2026-09-06T09:45:06.494738+00:00
MPLADS-001640,0.0225,NORMAL,"{""geo__infrastructure_gap_index"": 0.1542, ""mean_anomaly_score"": 0.0241, ""geospatial_anomaly_percentile"": 0.0233}",2026-09-06T09:45:06.494738+00:00
MPLADS-001641,0.0204,NORMAL,"{""geo__population_density"": 0.122, ""procurement_anomaly_percentile"": 0.0997, ""project__planned_duration_days"": 0.0535}",2026-09-06T09:45:06.494738+00:00
MPLADS-001642,0.0231,NORMAL,"{""geo__population_density"": 0.2482, ""geo__infrastructure_gap_index"": 0.1042, ""geospatial_anomaly_score"": 0.0882}",2026-09-06T09:45:06.494738+00:00
MPLADS-001643,0.0243,NORMAL,"{""financial__sanctioned_amount"": 0.3133, ""payment_anomaly_score"": 0.1194, ""financial_anomaly_percentile"": 0.0421}",2026-09-06T09:45:06.494738+00:00
MPLADS-001644,0.0182,NORMAL,"{""geospatial_anomaly_score"": 0.1192, ""contractor_anomaly_percentile"": 0.0933, ""project__planned_duration_days"": 0.0528}",2026-09-06T09:45:06.494738+00:00
MPLADS-001645,0.0182,NORMAL,"{""project__planned_duration_days"": 0.0608, ""geospatial_anomaly_score"": 0.0388, ""std_anomaly_score"": 0.008}",2026-09-06T09:45:06.494738+00:00
MPLADS-001646,0.0182,NORMAL,"{""geo__infrastructure_gap_index"": 0.0629, ""geospatial_anomaly_score"": 0.0478, ""project__planned_duration_days"": 0.0471}",2026-09-06T09:45:06.494738+00:00
MPLADS-001647,0.0225,NORMAL,"{""geo__infrastructure_gap_index"": 0.2727, ""financial__sanctioned_amount"": 0.2614, ""geospatial_anomaly_percentile"": 0.021}",2026-09-06T09:45:06.494738+00:00
MPLADS-001648,0.0265,NORMAL,"{""geospatial_anomaly_score"": 0.1036, ""payment_anomaly_score"": 0.0796, ""financial_anomaly_percentile"": 0.0715}",2026-09-06T09:45:06.494738+00:00
MPLADS-001649,0.0088,NORMAL,"{""financial_anomaly_score"": 0.1352, ""graph_anomaly_score"": 0.0573, ""financial_anomaly_percentile"": 0.0446}",2026-09-06T09:45:06.494738+00:00
MPLADS-001650,0.0225,NORMAL,"{""financial__sanctioned_amount"": 0.1381, ""graph_anomaly_percentile"": 0.075, ""project__planned_duration_days"": 0.0622}",2026-09-06T09:45:06.494738+00:00
MPLADS-001651,0.0182,NORMAL,"{""geospatial_anomaly_score"": 0.1226, ""geo__infrastructure_gap_index"": 0.0563, ""std_anomaly_score"": 0.036}",2026-09-06T09:45:06.494738+00:00
MPLADS-001652,0.0225,NORMAL,"{""project__planned_duration_days"": 0.0872, ""financial_anomaly_percentile"": 0.0468, ""payment_anomaly_percentile"": 0.0356}",2026-09-06T09:45:06.494738+00:00
MPLADS-001653,0.0265,NORMAL,"{""geospatial_anomaly_percentile"": 0.1314, ""project__planned_duration_days"": 0.0456, ""contractor_anomaly_score"": 0.0268}",2026-09-06T09:45:06.494738+00:00
MPLADS-001654,0.0225,NORMAL,"{""project__planned_duration_days"": 0.0609, ""financial__sanctioned_amount"": 0.0414, ""mean_anomaly_score"": 0.0304}",2026-09-06T09:45:06.494738+00:00
MPLADS-001655,0.0308,NORMAL,"{""geo__infrastructure_gap_index"": 0.2411, ""geospatial_anomaly_score"": 0.1561, ""project__planned_duration_days"": 0.0576}",2026-09-06T09:45:06.494738+00:00
MPLADS-001656,0.1993,NORMAL,"{""financial__sanctioned_amount"": 0.4213, ""procurement_anomaly_percentile"": 0.2112, ""geo__infrastructure_gap_index"": 0.1434}",2026-09-06T09:45:06.494738+00:00
MPLADS-001657,0.0231,NORMAL,"{""geo__population_density"": 0.0802, ""geospatial_anomaly_score"": 0.0506, ""geospatial_anomaly_percentile"": 0.0224}",2026-09-06T09:45:06.494738+00:00
MPLADS-001658,0.0182,NORMAL,"{""geo__infrastructure_gap_index"": 0.1003, ""geo__population_density"": 0.0224, ""financial__sanctioned_amount"": 0.0166}",2026-09-06T09:45:06.494738+00:00
MPLADS-001659,1.0,COST_OVERRUN,"{""progress_anomaly_score"": 5.0016, ""progress_anomaly_percentile"": 0.867, ""procurement_anomaly_percentile"": 0.1381}",2026-09-06T09:45:06.494738+00:00
MPLADS-001660,1.0,ABANDONED_WORK,"{""progress_anomaly_score"": 4.8069, ""progress_anomaly_percentile"": 0.8571, ""financial_anomaly_score"": 0.2314}",2026-09-06T09:45:06.494738+00:00
MPLADS-001661,0.0314,NORMAL,"{""geospatial_anomaly_score"": 0.0746, ""project__planned_duration_days"": 0.0368, ""contractor_anomaly_percentile"": 0.0288}",2026-09-06T09:45:06.494738+00:00
MPLADS-001662,0.0182,NORMAL,"{""geospatial_anomaly_score"": 0.0541, ""project__planned_duration_days"": 0.0448, ""graph_anomaly_score"": 0.0036}",2026-09-06T09:45:06.494738+00:00
MPLADS-001663,0.0314,NORMAL,"{""contractor_anomaly_percentile"": 0.1756, ""contractor_anomaly_score"": 0.1582, ""geospatial_anomaly_score"": 0.0874}",2026-09-06T09:45:06.494738+00:00
MPLADS-001664,1.0,COST_OVERRUN,"{""progress_anomaly_score"": 4.8719, ""progress_anomaly_percentile"": 0.9059, ""procurement_anomaly_score"": 0.4728}",2026-09-06T09:45:06.494738+00:00
MPLADS-001665,0.0231,NORMAL,"{""financial__sanctioned_amount"": 0.1689, ""std_anomaly_score"": 0.046, ""payment_anomaly_percentile"": 0.042}",2026-09-06T09:45:06.494738+00:00
MPLADS-001666,0.0231,NORMAL,"{""project__planned_duration_days"": 0.0552, ""geo__infrastructure_gap_index"": 0.04, ""payment_anomaly_percentile"": 0.0237}",2026-09-06T09:45:06.494738+00:00
MPLADS-001667,0.0265,NORMAL,"{""geospatial_anomaly_percentile"": 0.1191, ""geospatial_anomaly_score"": 0.1139, ""financial__sanctioned_amount"": 0.0872}",2026-09-06T09:45:06.494738+00:00
MPLADS-001668,0.0225,NORMAL,"{""financial__sanctioned_amount"": 0.0699, ""payment_anomaly_percentile"": 0.0593, ""graph_anomaly_percentile"": 0.0125}",2026-09-06T09:45:06.494738+00:00
MPLADS-001669,0.0182,NORMAL,"{""geo__population_density"": 0.2075, ""financial_anomaly_score"": 0.1725, ""graph_anomaly_score"": 0.0982}",2026-09-06T09:45:06.494738+00:00
MPLADS-001670,0.0231,NORMAL,"{""financial__sanctioned_amount"": 0.1292, ""geospatial_anomaly_score"": 0.11, ""project__planned_duration_days"": 0.0641}",2026-09-06T09:45:06.494738+00:00
MPLADS-001671,0.0182,NORMAL,"{""geospatial_anomaly_score"": 0.0674, ""financial__sanctioned_amount"": 0.0633, ""std_anomaly_score"": 0.0386}",2026-09-06T09:45:06.494738+00:00
MPLADS-001672,0.0182,NORMAL,"{""geospatial_anomaly_score"": 0.0896, ""project__planned_duration_days"": 0.0593, ""std_anomaly_score"": 0.0254}",2026-09-06T09:45:06.494738+00:00
MPLADS-001673,0.3914,NORMAL,"{""procurement_anomaly_score"": 1.3545, ""procurement_anomaly_percentile"": 0.592, ""financial__sanctioned_amount"": 0.0857}",2026-09-06T09:45:06.494738+00:00
MPLADS-001674,0.0808,NORMAL,"{""procurement_anomaly_score"": 0.7278, ""procurement_anomaly_percentile"": 0.3351, ""payment_anomaly_score"": 0.0498}",2026-09-06T09:45:06.494738+00:00
MPLADS-001675,1.0,DELAYED_WORK,"{""progress_anomaly_score"": 5.0667, ""progress_anomaly_percentile"": 0.9012, ""financial_anomaly_score"": 0.2151}",2026-09-06T09:45:06.494738+00:00
MPLADS-001676,0.0231,NORMAL,"{""project__planned_duration_days"": 0.0429, ""geo__infrastructure_gap_index"": 0.0267, ""geo__population_density"": 0.0215}",2026-09-06T09:45:06.494738+00:00
MPLADS-001677,0.0345,NORMAL,"{""geospatial_anomaly_score"": 0.1373, ""financial__sanctioned_amount"": 0.0898, ""payment_anomaly_percentile"": 0.0655}",2026-09-06T09:45:06.494738+00:00
MPLADS-001678,0.0231,NORMAL,"{""financial__sanctioned_amount"": 0.1415, ""geo__population_density"": 0.1026, ""geospatial_anomaly_score"": 0.0828}",2026-09-06T09:45:06.494738+00:00
MPLADS-001679,0.0231,NORMAL,"{""payment_anomaly_score"": 0.244, ""geo__infrastructure_gap_index"": 0.0751, ""project__planned_duration_days"": 0.057}",2026-09-06T09:45:06.494738+00:00
MPLADS-001680,0.0231,NORMAL,"{""geospatial_anomaly_score"": 0.2138, ""geospatial_anomaly_percentile"": 0.0879, ""mean_anomaly_score"": 0.0712}",2026-09-06T09:45:06.494738+00:00
MPLADS-001681,0.0231,NORMAL,"{""geospatial_anomaly_score"": 0.1902, ""payment_anomaly_score"": 0.171, ""project__planned_duration_days"": 0.0722}",2026-09-06T09:45:06.494738+00:00
MPLADS-001682,0.0231,NORMAL,"{""financial__sanctioned_amount"": 0.2427, ""geo__infrastructure_gap_index"": 0.1662, ""payment_anomaly_score"": 0.0297}",2026-09-06T09:45:06.494738+00:00
MPLADS-001683,0.0262,NORMAL,"{""procurement_anomaly_percentile"": 0.4679, ""financial_anomaly_score"": 0.1895, ""financial_anomaly_percentile"": 0.0917}",2026-09-06T09:45:06.494738+00:00
MPLADS-001684,1.0,COST_OVERRUN,"{""progress_anomaly_score"": 2.3299, ""procurement_anomaly_score"": 0.5227, ""financial_anomaly_score"": 0.389}",2026-09-06T09:45:06.494738+00:00
MPLADS-001685,0.011,NORMAL,"{""financial__sanctioned_amount"": 0.0685, ""payment_anomaly_percentile"": 0.056, ""project__planned_duration_days"": 0.0416}",2026-09-06T09:45:06.494738+00:00
MPLADS-001686,1.0,COST_OVERRUN,"{""progress_anomaly_score"": 4.4318, ""progress_anomaly_percentile"": 0.811, ""procurement_anomaly_score"": 0.1966}",2026-09-06T09:45:06.494738+00:00
MPLADS-001687,1.0,PAYMENT_PROGRESS_MISMATCH,"{""progress_anomaly_score"": 5.1925, ""progress_anomaly_percentile"": 0.8822, ""financial_anomaly_score"": 0.1583}",2026-09-06T09:45:06.494738+00:00
MPLADS-001688,0.0314,NORMAL,"{""geo__population_density"": 0.2565, ""geospatial_anomaly_score"": 0.1151, ""financial_anomaly_percentile"": 0.0925}",2026-09-06T09:45:06.494738+00:00
MPLADS-001689,0.0314,NORMAL,"{""contractor_anomaly_percentile"": 0.1794, ""contractor_anomaly_score"": 0.1475, ""project__planned_duration_days"": 0.0611}",2026-09-06T09:45:06.494738+00:00
MPLADS-001690,0.0182,NORMAL,"{""financial__sanctioned_amount"": 0.1354, ""geo__population_density"": 0.1015, ""geo__infrastructure_gap_index"": 0.0667}",2026-09-06T09:45:06.494738+00:00
MPLADS-001691,1.0,COST_OVERRUN,"{""progress_anomaly_score"": 4.323, ""progress_anomaly_percentile"": 0.8755, ""procurement_anomaly_score"": 0.5064}",2026-09-06T09:45:06.494738+00:00
MPLADS-001692,0.0231,NORMAL,"{""payment_anomaly_score"": 0.202, ""project__planned_duration_days"": 0.055, ""payment_anomaly_percentile"": 0.0171}",2026-09-06T09:45:06.494738+00:00
MPLADS-001693,0.0153,NORMAL,"{""project__planned_duration_days"": 0.0445, ""contractor_anomaly_score"": 0.0101, ""financial_anomaly_score"": 0.0044}",2026-09-06T09:45:06.494738+00:00
MPLADS-001694,0.0308,NORMAL,"{""financial_anomaly_score"": 0.4239, ""contractor_anomaly_score"": 0.103, ""geospatial_anomaly_score"": 0.0554}",2026-09-06T09:45:06.494738+00:00
MPLADS-001695,0.0231,NORMAL,"{""financial__sanctioned_amount"": 0.2201, ""financial_anomaly_percentile"": 0.1117, ""geospatial_anomaly_score"": 0.1029}",2026-09-06T09:45:06.494738+00:00
MPLADS-001696,0.0225,NORMAL,"{""financial__sanctioned_amount"": 0.171, ""graph_anomaly_score"": 0.1034, ""financial_anomaly_score"": 0.0677}",2026-09-06T09:45:06.494738+00:00
MPLADS-001697,0.0225,NORMAL,"{""geo__population_density"": 0.3717, ""geospatial_anomaly_score"": 0.0897, ""std_anomaly_score"": 0.0546}",2026-09-06T09:45:06.494738+00:00
MPLADS-001698,0.0182,NORMAL,"{""financial__sanctioned_amount"": 0.2283, ""procurement_anomaly_percentile"": 0.0821, ""payment_anomaly_percentile"": 0.0312}",2026-09-06T09:45:06.494738+00:00
MPLADS-001699,0.0262,NORMAL,"{""geo__infrastructure_gap_index"": 0.1383, ""financial_anomaly_score"": 0.1074, ""project__planned_duration_days"": 0.0684}",2026-09-06T09:45:06.494738+00:00
MPLADS-001700,0.0182,NORMAL,"{""geo__infrastructure_gap_index"": 0.0913, ""project__planned_duration_days"": 0.0493, ""financial__sanctioned_amount"": 0.0305}",2026-09-06T09:45:06.494738+00:00
MPLADS-001701,1.0,ABANDONED_WORK,"{""progress_anomaly_score"": 5.0352, ""progress_anomaly_percentile"": 0.8719, ""financial_anomaly_score"": 0.1986}",2026-09-06T09:45:06.494738+00:00
MPLADS-001702,0.0231,NORMAL,"{""geo__infrastructure_gap_index"": 0.067, ""project__planned_duration_days"": 0.0414, ""financial__sanctioned_amount"": 0.0377}",2026-09-06T09:45:06.494738+00:00
MPLADS-001703,0.0265,NORMAL,"{""geo__population_density"": 0.2271, ""geo__infrastructure_gap_index"": 0.0876, ""project__planned_duration_days"": 0.0296}",2026-09-06T09:45:06.494738+00:00
MPLADS-001704,0.0182,NORMAL,"{""financial_anomaly_score"": 0.1023, ""financial__sanctioned_amount"": 0.0249, ""project__planned_duration_days"": 0.0077}",2026-09-06T09:45:06.494738+00:00
MPLADS-001705,0.0182,NORMAL,"{""geo__infrastructure_gap_index"": 0.1046, ""geospatial_anomaly_score"": 0.0585, ""project__planned_duration_days"": 0.0347}",2026-09-06T09:45:06.494738+00:00
MPLADS-001706,0.0182,NORMAL,"{""payment_anomaly_score"": 0.0841, ""graph_anomaly_score"": 0.0473, ""financial_anomaly_percentile"": 0.046}",2026-09-06T09:45:06.494738+00:00
MPLADS-001707,0.0225,NORMAL,"{""geospatial_anomaly_score"": 0.0884, ""geospatial_anomaly_percentile"": 0.0305, ""financial__sanctioned_amount"": 0.0075}",2026-09-06T09:45:06.494738+00:00
MPLADS-001708,1.0,PAYMENT_PROGRESS_MISMATCH,"{""progress_anomaly_score"": 5.2327, ""progress_anomaly_percentile"": 0.8827, ""payment_anomaly_score"": 0.0873}",2026-09-06T09:45:06.494738+00:00
MPLADS-001709,1.0,PAYMENT_PROGRESS_MISMATCH,"{""progress_anomaly_score"": 5.4568, ""progress_anomaly_percentile"": 0.9749, ""payment_anomaly_score"": 0.2457}",2026-09-06T09:45:06.494738+00:00
MPLADS-001710,0.0225,NORMAL,"{""geo__infrastructure_gap_index"": 0.1969, ""project__planned_duration_days"": 0.0589, ""geospatial_anomaly_score"": 0.0496}",2026-09-06T09:45:06.494738+00:00
MPLADS-001711,0.3228,NORMAL,"{""procurement_anomaly_score"": 1.3771, ""procurement_anomaly_percentile"": 0.5455, ""geospatial_anomaly_score"": 0.133}",2026-09-06T09:45:06.494738+00:00
MPLADS-001712,0.011,NORMAL,"{""financial__sanctioned_amount"": 0.1127, ""financial_anomaly_percentile"": 0.0487, ""std_anomaly_score"": 0.0476}",2026-09-06T09:45:06.494738+00:00
MPLADS-001713,1.0,PAYMENT_PROGRESS_MISMATCH,"{""progress_anomaly_score"": 5.1328, ""progress_anomaly_percentile"": 0.9052, ""geo__population_density"": 0.1202}",2026-09-06T09:45:06.494738+00:00
MPLADS-001714,0.011,NORMAL,"{""project__planned_duration_days"": 0.0561, ""mean_anomaly_score"": 0.042, ""graph_anomaly_score"": 0.0402}",2026-09-06T09:45:06.494738+00:00
MPLADS-001715,0.0225,NORMAL,"{""geo__infrastructure_gap_index"": 0.2243, ""geospatial_anomaly_score"": 0.2221, ""geo__population_density"": 0.137}",2026-09-06T09:45:06.494738+00:00
MPLADS-001716,0.0231,NORMAL,"{""geospatial_anomaly_score"": 0.1782, ""geospatial_anomaly_percentile"": 0.0475, ""financial__sanctioned_amount"": 0.0173}",2026-09-06T09:45:06.494738+00:00
MPLADS-001717,0.0153,NORMAL,"{""graph_anomaly_score"": 0.1326, ""financial_anomaly_percentile"": 0.0671, ""procurement_anomaly_percentile"": 0.0347}",2026-09-06T09:45:06.494738+00:00
MPLADS-001718,1.0,PAYMENT_PROGRESS_MISMATCH,"{""progress_anomaly_score"": 5.2272, ""progress_anomaly_percentile"": 0.9165, ""payment_anomaly_score"": 0.1085}",2026-09-06T09:45:06.494738+00:00
MPLADS-001719,0.0182,NORMAL,"{""geo__infrastructure_gap_index"": 0.1129, ""financial__sanctioned_amount"": 0.0606, ""financial_anomaly_score"": 0.0533}",2026-09-06T09:45:06.494738+00:00
MPLADS-001720,0.0314,NORMAL,"{""financial__sanctioned_amount"": 0.1222, ""geospatial_anomaly_score"": 0.1093, ""procurement_anomaly_percentile"": 0.0365}",2026-09-06T09:45:06.494738+00:00
MPLADS-001721,0.0225,NORMAL,"{""geo__population_density"": 0.085, ""geo__infrastructure_gap_index"": 0.0764, ""geospatial_anomaly_score"": 0.0648}",2026-09-06T09:45:06.494738+00:00
MPLADS-001722,1.0,PAYMENT_PROGRESS_MISMATCH,"{""progress_anomaly_score"": 5.5031, ""progress_anomaly_percentile"": 0.9277, ""payment_anomaly_score"": 0.1268}",2026-09-06T09:45:06.494738+00:00
MPLADS-001723,0.0182,NORMAL,"{""financial_anomaly_score"": 0.0588, ""financial_anomaly_percentile"": 0.0562, ""geo__infrastructure_gap_index"": 0.0423}",2026-09-06T09:45:06.494738+00:00
MPLADS-001724,0.0225,NORMAL,"{""project__planned_duration_days"": 0.0542, ""mean_anomaly_score"": 0.0232, ""geospatial_anomaly_score"": 0.0156}",2026-09-06T09:45:06.494738+00:00
MPLADS-001725,0.0225,NORMAL,"{""financial_anomaly_percentile"": 0.1251, ""geo__population_density"": 0.0703, ""payment_anomaly_score"": 0.0472}",2026-09-06T09:45:06.494738+00:00
MPLADS-001726,0.0182,NORMAL,"{""project__planned_duration_days"": 0.0372, ""financial__sanctioned_amount"": 0.0272, ""contractor_anomaly_percentile"": 0.0083}",2026-09-06T09:45:06.494738+00:00
MPLADS-001727,0.0314,NORMAL,"{""geospatial_anomaly_score"": 0.1284, ""geo__population_density"": 0.126, ""financial__sanctioned_amount"": 0.123}",2026-09-06T09:45:06.494738+00:00
MPLADS-001728,0.0225,NORMAL,"{""geo__population_density"": 0.1313, ""project__planned_duration_days"": 0.0463, ""payment_anomaly_score"": 0.0423}",2026-09-06T09:45:06.494738+00:00
MPLADS-001729,0.3251,NORMAL,"{""procurement_anomaly_score"": 1.4843, ""procurement_anomaly_percentile"": 0.5363, ""geospatial_anomaly_score"": 0.1169}",2026-09-06T09:45:06.494738+00:00
MPLADS-001730,0.403,NORMAL,"{""procurement_anomaly_score"": 1.8385, ""procurement_anomaly_percentile"": 0.8405, ""max_anomaly_score"": 0.1639}",2026-09-06T09:45:06.494738+00:00
MPLADS-001731,0.011,NORMAL,"{""financial_anomaly_score"": 0.1106, ""procurement_anomaly_percentile"": 0.0852, ""financial_anomaly_percentile"": 0.0679}",2026-09-06T09:45:06.494738+00:00
MPLADS-001732,0.0182,NORMAL,"{""financial__sanctioned_amount"": 0.1694, ""financial_anomaly_percentile"": 0.1101, ""financial_anomaly_score"": 0.0786}",2026-09-06T09:45:06.494738+00:00
MPLADS-001733,0.0903,NORMAL,"{""procurement_anomaly_percentile"": 0.1719, ""financial__sanctioned_amount"": 0.066, ""geospatial_anomaly_score"": 0.0494}",2026-09-06T09:45:06.494738+00:00
MPLADS-001734,0.0308,NORMAL,"{""geo__population_density"": 0.2482, ""payment_anomaly_score"": 0.0968, ""geo__infrastructure_gap_index"": 0.0913}",2026-09-06T09:45:06.494738+00:00
MPLADS-001735,0.0262,NORMAL,"{""procurement_anomaly_percentile"": 0.3291, ""financial_anomaly_percentile"": 0.0993, ""financial_anomaly_score"": 0.097}",2026-09-06T09:45:06.494738+00:00
MPLADS-001736,0.0777,NORMAL,"{""procurement_anomaly_percentile"": 0.4098, ""financial_anomaly_score"": 0.2816, ""financial_anomaly_percentile"": 0.1049}",2026-09-06T09:45:06.494738+00:00
MPLADS-001737,1.0,PAYMENT_PROGRESS_MISMATCH,"{""progress_anomaly_score"": 5.0076, ""progress_anomaly_percentile"": 0.9425, ""payment_anomaly_score"": 0.343}",2026-09-06T09:45:06.494738+00:00
MPLADS-001738,0.0231,NORMAL,"{""payment_anomaly_score"": 0.1914, ""contractor_anomaly_score"": 0.0894, ""project__planned_duration_days"": 0.0724}",2026-09-06T09:45:06.494738+00:00
MPLADS-001739,1.0,ABANDONED_WORK,"{""progress_anomaly_score"": 5.1855, ""progress_anomaly_percentile"": 0.8647, ""financial__sanctioned_amount"": 0.1557}",2026-09-06T09:45:06.494738+00:00
MPLADS-001740,0.0231,NORMAL,"{""project__planned_duration_days"": 0.062, ""geo__infrastructure_gap_index"": 0.0562, ""graph_anomaly_score"": 0.015}",2026-09-06T09:45:06.494738+00:00
MPLADS-001741,0.0088,NORMAL,"{""financial_anomaly_score"": 0.1801, ""geo__population_density"": 0.0623, ""geo__infrastructure_gap_index"": 0.0531}",2026-09-06T09:45:06.494738+00:00
MPLADS-001742,0.0537,NORMAL,"{""geo__infrastructure_gap_index"": 0.1529, ""geospatial_anomaly_score"": 0.1505, ""graph_anomaly_score"": 0.0856}",2026-09-06T09:45:06.494738+00:00
MPLADS-001743,0.0345,NORMAL,"{""geospatial_anomaly_score"": 0.1787, ""geospatial_anomaly_percentile"": 0.0828, ""project__planned_duration_days"": 0.0512}",2026-09-06T09:45:06.494738+00:00
MPLADS-001744,0.0182,NORMAL,"{""financial_anomaly_score"": 0.1498, ""geospatial_anomaly_score"": 0.0729, ""geo__population_density"": 0.0475}",2026-09-06T09:45:06.494738+00:00
MPLADS-001745,0.0314,NORMAL,"{""geo__population_density"": 0.1894, ""geospatial_anomaly_score"": 0.0808, ""project__planned_duration_days"": 0.0555}",2026-09-06T09:45:06.494738+00:00
MPLADS-001746,0.011,NORMAL,"{""financial__sanctioned_amount"": 0.0075, ""num_flagged_models"": 0.0014, ""project_size_code"": 0.0}",2026-09-06T09:45:06.494738+00:00
MPLADS-001747,0.0308,NORMAL,"{""geo__population_density"": 0.2942, ""geo__infrastructure_gap_index"": 0.0619, ""financial__sanctioned_amount"": 0.0415}",2026-09-06T09:45:06.494738+00:00
MPLADS-001748,0.2999,NORMAL,"{""procurement_anomaly_score"": 1.2927, ""procurement_anomaly_percentile"": 0.4746, ""geospatial_anomaly_score"": 0.1953}",2026-09-06T09:45:06.494738+00:00
MPLADS-001749,1.0,COST_OVERRUN,"{""progress_anomaly_score"": 4.5089, ""progress_anomaly_percentile"": 0.8492, ""procurement_anomaly_score"": 0.2327}",2026-09-06T09:45:06.494738+00:00
MPLADS-001750,0.0225,NORMAL,"{""payment_anomaly_percentile"": 0.066, ""payment_anomaly_score"": 0.0594, ""geo__infrastructure_gap_index"": 0.0566}",2026-09-06T09:45:06.494738+00:00
MPLADS-001751,0.011,NORMAL,"{""geo__infrastructure_gap_index"": 0.0485, ""project__planned_duration_days"": 0.0104, ""std_anomaly_score"": 0.0021}",2026-09-06T09:45:06.494738+00:00
MPLADS-001752,0.0182,NORMAL,"{""geospatial_anomaly_score"": 0.0906, ""mean_anomaly_score"": 0.0675, ""project__planned_duration_days"": 0.0392}",2026-09-06T09:45:06.494738+00:00
MPLADS-001753,0.0182,NORMAL,"{""financial__sanctioned_amount"": 0.1833, ""geo__infrastructure_gap_index"": 0.0939, ""payment_anomaly_percentile"": 0.0257}",2026-09-06T09:45:06.494738+00:00
MPLADS-001754,0.0182,NORMAL,"{""geo__infrastructure_gap_index"": 0.0574, ""project__planned_duration_days"": 0.0454, ""geo__population_density"": 0.0116}",2026-09-06T09:45:06.494738+00:00
MPLADS-001755,0.0231,NORMAL,"{""project__planned_duration_days"": 0.0565, ""mean_anomaly_score"": 0.0106, ""num_flagged_models"": 0.0014}",2026-09-06T09:45:06.494738+00:00
MPLADS-001756,1.0,COST_OVERRUN,"{""progress_anomaly_score"": 4.4654, ""progress_anomaly_percentile"": 0.867, ""procurement_anomaly_score"": 0.3189}",2026-09-06T09:45:06.494738+00:00
MPLADS-001757,0.0314,NORMAL,"{""contractor_anomaly_percentile"": 0.2187, ""geospatial_anomaly_score"": 0.18, ""contractor_anomaly_score"": 0.1771}",2026-09-06T09:45:06.494738+00:00
MPLADS-001758,0.0225,NORMAL,"{""geospatial_anomaly_score"": 0.0913, ""financial__sanctioned_amount"": 0.0635, ""project__planned_duration_days"": 0.0627}",2026-09-06T09:45:06.494738+00:00
MPLADS-001759,0.0231,NORMAL,"{""geo__population_density"": 0.0951, ""project__planned_duration_days"": 0.0699, ""geospatial_anomaly_score"": 0.0558}",2026-09-06T09:45:06.494738+00:00
MPLADS-001760,0.0345,NORMAL,"{""procurement_anomaly_percentile"": 0.0915, ""financial__sanctioned_amount"": 0.0603, ""geo__population_density"": 0.0518}",2026-09-06T09:45:06.494738+00:00
MPLADS-001761,0.0182,NORMAL,"{""geo__infrastructure_gap_index"": 0.1099, ""project__planned_duration_days"": 0.0545, ""mean_anomaly_score"": 0.0533}",2026-09-06T09:45:06.494738+00:00
MPLADS-001762,0.0308,NORMAL,"{""payment_anomaly_score"": 0.0909, ""geo__population_density"": 0.0792, ""geo__infrastructure_gap_index"": 0.0746}",2026-09-06T09:45:06.494738+00:00
MPLADS-001763,0.0231,NORMAL,"{""financial__sanctioned_amount"": 0.2852, ""geo__infrastructure_gap_index"": 0.1426, ""geospatial_anomaly_score"": 0.1042}",2026-09-06T09:45:06.494738+00:00
MPLADS-001764,0.0161,NORMAL,"{""geo__population_density"": 0.0985, ""graph_anomaly_score"": 0.0283, ""project__planned_duration_days"": 0.0155}",2026-09-06T09:45:06.494738+00:00
MPLADS-001765,0.0308,NORMAL,"{""financial_anomaly_score"": 0.2352, ""financial_anomaly_percentile"": 0.1167, ""geo__infrastructure_gap_index"": 0.0985}",2026-09-06T09:45:06.494738+00:00
MPLADS-001766,1.0,GHOST_WORK,"{""progress_anomaly_score"": 5.387, ""progress_anomaly_percentile"": 0.9221, ""payment_anomaly_score"": 0.0811}",2026-09-06T09:45:06.494738+00:00
MPLADS-001767,0.0225,NORMAL,"{""payment_anomaly_score"": 0.1455, ""financial__sanctioned_amount"": 0.1414, ""geospatial_anomaly_score"": 0.1203}",2026-09-06T09:45:06.494738+00:00
MPLADS-001768,0.0231,NORMAL,"{""geo__population_density"": 0.229, ""geo__infrastructure_gap_index"": 0.1216, ""financial_anomaly_percentile"": 0.0628}",2026-09-06T09:45:06.494738+00:00
MPLADS-001769,0.1555,NORMAL,"{""progress_anomaly_score"": 0.9995, ""financial__sanctioned_amount"": 0.1262, ""geospatial_anomaly_score"": 0.113}",2026-09-06T09:45:06.494738+00:00
MPLADS-001770,0.0225,NORMAL,"{""procurement_anomaly_percentile"": 0.089, ""geospatial_anomaly_score"": 0.0644, ""mean_anomaly_score"": 0.0602}",2026-09-06T09:45:06.494738+00:00
MPLADS-001771,0.0182,NORMAL,"{""financial__sanctioned_amount"": 0.1925, ""graph_anomaly_score"": 0.0338, ""payment_anomaly_percentile"": 0.0219}",2026-09-06T09:45:06.494738+00:00
MPLADS-001772,0.0225,NORMAL,"{""geospatial_anomaly_score"": 0.1216, ""payment_anomaly_score"": 0.0855, ""project__planned_duration_days"": 0.0573}",2026-09-06T09:45:06.494738+00:00
MPLADS-001773,0.0182,NORMAL,"{""geo__infrastructure_gap_index"": 0.0828, ""project__planned_duration_days"": 0.0581, ""geospatial_anomaly_score"": 0.0508}",2026-09-06T09:45:06.494738+00:00
MPLADS-001774,0.1397,NORMAL,"{""financial_anomaly_score"": 0.4368, ""payment_anomaly_score"": 0.2353, ""contractor_anomaly_score"": 0.1339}",2026-09-06T09:45:06.494738+00:00
MPLADS-001775,0.0182,NORMAL,"{""project__planned_duration_days"": 0.0568, ""geospatial_anomaly_score"": 0.0505, ""mean_anomaly_score"": 0.0196}",2026-09-06T09:45:06.494738+00:00
MPLADS-001776,0.0182,NORMAL,"{""project__planned_duration_days"": 0.0349, ""std_anomaly_score"": 0.0022, ""num_flagged_models"": 0.0014}",2026-09-06T09:45:06.494738+00:00
MPLADS-001777,0.0308,NORMAL,"{""geo__population_density"": 0.1761, ""project__planned_duration_days"": 0.0477, ""geospatial_anomaly_percentile"": 0.0107}",2026-09-06T09:45:06.494738+00:00
MPLADS-001778,0.0225,NORMAL,"{""geospatial_anomaly_percentile"": 0.06, ""project__planned_duration_days"": 0.0518, ""contractor_anomaly_score"": 0.0134}",2026-09-06T09:45:06.494738+00:00
MPLADS-001779,0.0314,NORMAL,"{""procurement_anomaly_score"": 0.7173, ""procurement_anomaly_percentile"": 0.4588, ""financial_anomaly_score"": 0.1151}",2026-09-06T09:45:06.494738+00:00
MPLADS-001780,1.0,DELAYED_WORK,"{""progress_anomaly_score"": 5.2656, ""progress_anomaly_percentile"": 0.8752, ""financial_anomaly_score"": 0.1477}",2026-09-06T09:45:06.494738+00:00
MPLADS-001781,0.0314,NORMAL,"{""financial__sanctioned_amount"": 0.2753, ""geospatial_anomaly_score"": 0.1192, ""payment_anomaly_score"": 0.0927}",2026-09-06T09:45:06.494738+00:00
MPLADS-001782,1.0,ABANDONED_WORK,"{""progress_anomaly_score"": 5.5306, ""progress_anomaly_percentile"": 1.0296, ""payment_anomaly_score"": 0.1215}",2026-09-06T09:45:06.494738+00:00
MPLADS-001783,0.24,NORMAL,"{""std_anomaly_score"": 0.303, ""geo__population_density"": 0.2318, ""geospatial_anomaly_score"": 0.1098}",2026-09-06T09:45:06.494738+00:00
MPLADS-001784,0.0182,NORMAL,"{""geo__population_density"": 0.0523, ""project__planned_duration_days"": 0.0521, ""contractor_anomaly_percentile"": 0.0035}",2026-09-06T09:45:06.494738+00:00
MPLADS-001785,1.0,PAYMENT_PROGRESS_MISMATCH,"{""progress_anomaly_score"": 5.3466, ""progress_anomaly_percentile"": 0.9098, ""financial__sanctioned_amount"": 0.069}",2026-09-06T09:45:06.494738+00:00
MPLADS-001786,0.0088,NORMAL,"{""financial_anomaly_score"": 0.091, ""project__planned_duration_days"": 0.0305, ""std_anomaly_score"": 0.0262}",2026-09-06T09:45:06.494738+00:00
MPLADS-001787,0.0182,NORMAL,"{""geo__population_density"": 0.1491, ""project__planned_duration_days"": 0.0575, ""financial_anomaly_percentile"": 0.0434}",2026-09-06T09:45:06.494738+00:00
MPLADS-001788,0.0225,NORMAL,"{""geospatial_anomaly_score"": 0.1689, ""geospatial_anomaly_percentile"": 0.0854, ""max_anomaly_score"": 0.0185}",2026-09-06T09:45:06.494738+00:00
MPLADS-001789,0.2201,NORMAL,"{""geo__infrastructure_gap_index"": 0.3273, ""geo__population_density"": 0.1774, ""graph_anomaly_score"": 0.0841}",2026-09-06T09:45:06.494738+00:00
MPLADS-001790,0.1234,NORMAL,"{""procurement_anomaly_score"": 1.2795, ""procurement_anomaly_percentile"": 0.4407, ""geo__population_density"": 0.1244}",2026-09-06T09:45:06.494738+00:00
MPLADS-001791,0.0046,NORMAL,"{""max_anomaly_score"": 0.0852, ""financial_anomaly_percentile"": 0.0468, ""financial_anomaly_score"": 0.0453}",2026-09-06T09:45:06.494738+00:00
MPLADS-001792,0.0161,NORMAL,"{""project__planned_duration_days"": 0.0589, ""payment_anomaly_percentile"": 0.0362, ""geospatial_anomaly_score"": 0.013}",2026-09-06T09:45:06.494738+00:00
MPLADS-001793,1.0,COST_OVERRUN,"{""progress_anomaly_score"": 4.7359, ""progress_anomaly_percentile"": 0.8429, ""procurement_anomaly_score"": 0.2225}",2026-09-06T09:45:06.494738+00:00
MPLADS-001794,0.0747,NORMAL,"{""procurement_anomaly_percentile"": 0.1557, ""project__planned_duration_days"": 0.0431, ""std_anomaly_score"": 0.0403}",2026-09-06T09:45:06.494738+00:00
MPLADS-001795,0.0262,NORMAL,"{""geo__population_density"": 0.2686, ""procurement_anomaly_percentile"": 0.1961, ""project__planned_duration_days"": 0.0438}",2026-09-06T09:45:06.494738+00:00
MPLADS-001796,0.0182,NORMAL,"{""geo__infrastructure_gap_index"": 0.2508, ""financial__sanctioned_amount"": 0.1088, ""payment_anomaly_percentile"": 0.0183}",2026-09-06T09:45:06.494738+00:00
MPLADS-001797,0.0182,NORMAL,"{""contractor_anomaly_score"": 0.0313, ""financial__sanctioned_amount"": 0.0274, ""graph_anomaly_score"": 0.0238}",2026-09-06T09:45:06.494738+00:00
MPLADS-001798,0.0182,NORMAL,"{""geo__population_density"": 0.1369, ""geo__infrastructure_gap_index"": 0.0756, ""contractor_anomaly_percentile"": 0.0675}",2026-09-06T09:45:06.494738+00:00
MPLADS-001799,0.0293,NORMAL,"{""geo__population_density"": 0.4439, ""geospatial_anomaly_score"": 0.0625, ""geospatial_anomaly_percentile"": 0.0249}",2026-09-06T09:45:06.494738+00:00
MPLADS-001800,0.0231,NORMAL,"{""financial_anomaly_score"": 0.312, ""procurement_anomaly_percentile"": 0.2858, ""financial_anomaly_percentile"": 0.1038}",2026-09-06T09:45:06.494738+00:00
MPLADS-001801,0.0225,NORMAL,"{""geospatial_anomaly_score"": 0.1494, ""geospatial_anomaly_percentile"": 0.025, ""std_anomaly_score"": 0.0089}",2026-09-06T09:45:06.494738+00:00
MPLADS-001802,0.0182,NORMAL,"{""geospatial_anomaly_score"": 0.0669, ""project__planned_duration_days"": 0.0418, ""geo__population_density"": 0.0298}",2026-09-06T09:45:06.494738+00:00
MPLADS-001803,0.0231,NORMAL,"{""project__planned_duration_days"": 0.0564, ""contractor_anomaly_score"": 0.0183, ""graph_anomaly_percentile"": 0.0123}",2026-09-06T09:45:06.494738+00:00
MPLADS-001804,0.0243,NORMAL,"{""graph_anomaly_score"": 0.0307, ""graph_anomaly_percentile"": 0.0083, ""num_flagged_models"": 0.0014}",2026-09-06T09:45:06.494738+00:00
MPLADS-001805,0.0231,NORMAL,"{""financial__sanctioned_amount"": 0.2025, ""geo__infrastructure_gap_index"": 0.1968, ""financial_anomaly_percentile"": 0.1029}",2026-09-06T09:45:06.494738+00:00
MPLADS-001806,1.0,PAYMENT_PROGRESS_MISMATCH,"{""progress_anomaly_score"": 5.3948, ""progress_anomaly_percentile"": 0.9218, ""payment_anomaly_score"": 0.1526}",2026-09-06T09:45:06.494738+00:00
MPLADS-001807,0.0182,NORMAL,"{""project__planned_duration_days"": 0.0398, ""geospatial_anomaly_score"": 0.0214, ""geospatial_anomaly_percentile"": 0.0084}",2026-09-06T09:45:06.494738+00:00
MPLADS-001808,1.0,DELAYED_WORK,"{""progress_anomaly_score"": 4.4238, ""progress_anomaly_percentile"": 0.7497, ""procurement_anomaly_score"": 0.2677}",2026-09-06T09:45:06.494738+00:00
MPLADS-001809,0.0262,NORMAL,"{""geospatial_anomaly_score"": 0.0755, ""geo__infrastructure_gap_index"": 0.0582, ""project__planned_duration_days"": 0.0514}",2026-09-06T09:45:06.494738+00:00
MPLADS-001810,0.0182,NORMAL,"{""financial__sanctioned_amount"": 0.0856, ""std_anomaly_score"": 0.012, ""payment_anomaly_percentile"": 0.0024}",2026-09-06T09:45:06.494738+00:00
MPLADS-001811,0.331,NORMAL,"{""procurement_anomaly_score"": 1.4766, ""procurement_anomaly_percentile"": 0.4898, ""geospatial_anomaly_score"": 0.0529}",2026-09-06T09:45:06.494738+00:00
MPLADS-001812,0.0225,NORMAL,"{""financial__sanctioned_amount"": 0.1444, ""payment_anomaly_score"": 0.0812, ""payment_anomaly_percentile"": 0.0213}",2026-09-06T09:45:06.494738+00:00
MPLADS-001813,0.3914,NORMAL,"{""procurement_anomaly_score"": 1.525, ""procurement_anomaly_percentile"": 0.6223, ""payment_anomaly_score"": 0.1599}",2026-09-06T09:45:06.494738+00:00
MPLADS-001814,0.0265,NORMAL,"{""financial_anomaly_percentile"": 0.0957, ""financial__sanctioned_amount"": 0.0582, ""financial_anomaly_score"": 0.0371}",2026-09-06T09:45:06.494738+00:00
MPLADS-001815,1.0,COST_OVERRUN,"{""progress_anomaly_score"": 2.4232, ""procurement_anomaly_score"": 0.5009, ""financial_anomaly_score"": 0.449}",2026-09-06T09:45:06.494738+00:00
MPLADS-001816,0.0231,NORMAL,"{""geospatial_anomaly_score"": 0.2058, ""geo__infrastructure_gap_index"": 0.0785, ""project__planned_duration_days"": 0.0673}",2026-09-06T09:45:06.494738+00:00
MPLADS-001817,1.0,PAYMENT_PROGRESS_MISMATCH,"{""progress_anomaly_score"": 5.4444, ""progress_anomaly_percentile"": 1.0057, ""payment_anomaly_score"": 0.0981}",2026-09-06T09:45:06.494738+00:00
MPLADS-001818,0.0231,NORMAL,"{""mean_anomaly_score"": 0.0252, ""graph_anomaly_score"": 0.0238, ""graph_anomaly_percentile"": 0.009}",2026-09-06T09:45:06.494738+00:00
MPLADS-001819,0.0442,NORMAL,"{""procurement_anomaly_percentile"": 0.1453, ""geo__infrastructure_gap_index"": 0.0738, ""geospatial_anomaly_score"": 0.0432}",2026-09-06T09:45:06.494738+00:00
MPLADS-001820,0.0308,NORMAL,"{""geospatial_anomaly_score"": 0.1544, ""geo__infrastructure_gap_index"": 0.1146, ""geo__population_density"": 0.0775}",2026-09-06T09:45:06.494738+00:00
MPLADS-001821,1.0,COST_OVERRUN,"{""progress_anomaly_score"": 4.702, ""progress_anomaly_percentile"": 0.7711, ""financial_anomaly_score"": 0.1791}",2026-09-06T09:45:06.494738+00:00
MPLADS-001822,0.0525,NORMAL,"{""geo__population_density"": 0.163, ""geospatial_anomaly_score"": 0.0966, ""project__planned_duration_days"": 0.0718}",2026-09-06T09:45:06.494738+00:00
MPLADS-001823,0.0314,NORMAL,"{""geospatial_anomaly_score"": 0.0817, ""geo__population_density"": 0.0767, ""geospatial_anomaly_percentile"": 0.0476}",2026-09-06T09:45:06.494738+00:00
MPLADS-001824,0.0161,NORMAL,"{""project__planned_duration_days"": 0.0635, ""contractor_anomaly_score"": 0.0558, ""financial_anomaly_score"": 0.0389}",2026-09-06T09:45:06.494738+00:00
MPLADS-001825,0.0182,NORMAL,"{""project__planned_duration_days"": 0.0508, ""geo__infrastructure_gap_index"": 0.0302, ""graph_anomaly_percentile"": 0.0032}",2026-09-06T09:45:06.494738+00:00
MPLADS-001826,0.403,NORMAL,"{""procurement_anomaly_score"": 1.7367, ""procurement_anomaly_percentile"": 0.8114, ""geospatial_anomaly_score"": 0.1607}",2026-09-06T09:45:06.494738+00:00
MPLADS-001827,0.0225,NORMAL,"{""procurement_anomaly_percentile"": 0.0786, ""geo__infrastructure_gap_index"": 0.0531, ""project__planned_duration_days"": 0.0439}",2026-09-06T09:45:06.494738+00:00
MPLADS-001828,0.0262,NORMAL,"{""financial__sanctioned_amount"": 0.262, ""geo__infrastructure_gap_index"": 0.1096, ""financial_anomaly_percentile"": 0.0758}",2026-09-06T09:45:06.494738+00:00
MPLADS-001829,0.1457,NORMAL,"{""procurement_anomaly_score"": 1.2708, ""procurement_anomaly_percentile"": 0.4881, ""geo__population_density"": 0.2976}",2026-09-06T09:45:06.494738+00:00
MPLADS-001830,0.0529,NORMAL,"{""procurement_anomaly_percentile"": 0.1149, ""geo__infrastructure_gap_index"": 0.0763, ""financial__sanctioned_amount"": 0.0578}",2026-09-06T09:45:06.494738+00:00
MPLADS-001831,0.0182,NORMAL,"{""geo__infrastructure_gap_index"": 0.0421, ""mean_anomaly_score"": 0.0201, ""geospatial_anomaly_percentile"": 0.0173}",2026-09-06T09:45:06.494738+00:00
MPLADS-001832,0.0153,NORMAL,"{""geo__infrastructure_gap_index"": 0.0955, ""project__planned_duration_days"": 0.0664, ""geospatial_anomaly_score"": 0.0249}",2026-09-06T09:45:06.494738+00:00
MPLADS-001833,0.0225,NORMAL,"{""geo__population_density"": 0.0794, ""project__planned_duration_days"": 0.0468, ""geospatial_anomaly_score"": 0.0456}",2026-09-06T09:45:06.494738+00:00
MPLADS-001834,1.0,COST_OVERRUN,"{""progress_anomaly_score"": 2.9338, ""procurement_anomaly_score"": 0.519, ""progress_anomaly_percentile"": 0.3976}",2026-09-06T09:45:06.494738+00:00
MPLADS-001835,1.0,ABANDONED_WORK,"{""progress_anomaly_score"": 5.0264, ""progress_anomaly_percentile"": 0.8894, ""financial_anomaly_score"": 0.1745}",2026-09-06T09:45:06.494738+00:00
MPLADS-001836,0.1283,NORMAL,"{""geo__population_density"": 0.3932, ""graph_anomaly_score"": 0.1203, ""project__planned_duration_days"": 0.0435}",2026-09-06T09:45:06.494738+00:00
MPLADS-001837,0.0182,NORMAL,"{""graph_anomaly_score"": 0.0734, ""geo__population_density"": 0.0591, ""financial_anomaly_percentile"": 0.0317}",2026-09-06T09:45:06.494738+00:00
MPLADS-001838,0.011,NORMAL,"{""payment_anomaly_percentile"": 0.0496, ""project__planned_duration_days"": 0.0425, ""graph_anomaly_score"": 0.011}",2026-09-06T09:45:06.494738+00:00
MPLADS-001839,0.0225,NORMAL,"{""project__planned_duration_days"": 0.0599, ""payment_anomaly_percentile"": 0.0328, ""geo__population_density"": 0.0328}",2026-09-06T09:45:06.494738+00:00
MPLADS-001840,0.0664,NORMAL,"{""financial__sanctioned_amount"": 0.292, ""geospatial_anomaly_score"": 0.0744, ""geospatial_anomaly_percentile"": 0.0333}",2026-09-06T09:45:06.494738+00:00
MPLADS-001841,0.0159,NORMAL,"{""payment_anomaly_score"": 0.0725, ""payment_anomaly_percentile"": 0.0584, ""project__planned_duration_days"": 0.0502}",2026-09-06T09:45:06.494738+00:00
MPLADS-001842,0.0225,NORMAL,"{""financial__sanctioned_amount"": 0.1534, ""geospatial_anomaly_score"": 0.0918, ""geospatial_anomaly_percentile"": 0.0206}",2026-09-06T09:45:06.494738+00:00
MPLADS-001843,1.0,DOCUMENTATION_DEFICIT,"{""progress_anomaly_score"": 5.2525, ""progress_anomaly_percentile"": 0.8953, ""payment_anomaly_score"": 0.1273}",2026-09-06T09:45:06.494738+00:00
MPLADS-001844,0.0225,NORMAL,"{""geospatial_anomaly_score"": 0.0825, ""mean_anomaly_score"": 0.0745, ""project__planned_duration_days"": 0.0659}",2026-09-06T09:45:06.494738+00:00
MPLADS-001845,0.0231,NORMAL,"{""geo__population_density"": 0.2668, ""project__planned_duration_days"": 0.0354, ""geospatial_anomaly_score"": 0.0179}",2026-09-06T09:45:06.494738+00:00
MPLADS-001846,1.0,PAYMENT_PROGRESS_MISMATCH,"{""progress_anomaly_score"": 4.502, ""progress_anomaly_percentile"": 0.9246, ""payment_anomaly_score"": 0.3065}",2026-09-06T09:45:06.494738+00:00
MPLADS-001847,0.0695,NORMAL,"{""financial__sanctioned_amount"": 0.1671, ""payment_anomaly_percentile"": 0.0166, ""std_anomaly_score"": 0.0146}",2026-09-06T09:45:06.494738+00:00
MPLADS-001848,0.0182,NORMAL,"{""financial_anomaly_percentile"": 0.0863, ""graph_anomaly_score"": 0.041, ""project__planned_duration_days"": 0.037}",2026-09-06T09:45:06.494738+00:00
MPLADS-001849,0.0182,NORMAL,"{""financial__sanctioned_amount"": 0.2216, ""std_anomaly_score"": 0.0113, ""num_flagged_models"": 0.0014}",2026-09-06T09:45:06.494738+00:00
MPLADS-001850,0.4475,NORMAL,"{""procurement_anomaly_score"": 1.9065, ""procurement_anomaly_percentile"": 0.7787, ""max_anomaly_score"": 0.1194}",2026-09-06T09:45:06.494738+00:00
MPLADS-001851,0.0231,NORMAL,"{""geo__population_density"": 0.2288, ""financial__sanctioned_amount"": 0.1493, ""project__planned_duration_days"": 0.0637}",2026-09-06T09:45:06.494738+00:00
MPLADS-001852,0.0442,NORMAL,"{""geospatial_anomaly_score"": 0.1979, ""financial__sanctioned_amount"": 0.0844, ""geospatial_anomaly_percentile"": 0.042}",2026-09-06T09:45:06.494738+00:00
MPLADS-001853,0.0182,NORMAL,"{""project__planned_duration_days"": 0.0295, ""financial__sanctioned_amount"": 0.0206, ""payment_anomaly_percentile"": 0.0034}",2026-09-06T09:45:06.494738+00:00
MPLADS-001854,0.0231,NORMAL,"{""geo__infrastructure_gap_index"": 0.1649, ""project__planned_duration_days"": 0.0497, ""graph_anomaly_score"": 0.018}",2026-09-06T09:45:06.494738+00:00
MPLADS-001855,0.0345,NORMAL,"{""procurement_anomaly_percentile"": 0.1603, ""financial__sanctioned_amount"": 0.152, ""geospatial_anomaly_score"": 0.0912}",2026-09-06T09:45:06.494738+00:00
MPLADS-001856,0.0225,NORMAL,"{""geo__population_density"": 0.1103, ""project__planned_duration_days"": 0.0526, ""geo__infrastructure_gap_index"": 0.0357}",2026-09-06T09:45:06.494738+00:00
MPLADS-001857,0.0231,NORMAL,"{""financial__sanctioned_amount"": 0.0945, ""std_anomaly_score"": 0.0458, ""payment_anomaly_percentile"": 0.0206}",2026-09-06T09:45:06.494738+00:00
MPLADS-001858,1.0,ABANDONED_WORK,"{""progress_anomaly_score"": 5.3823, ""progress_anomaly_percentile"": 0.9394, ""payment_anomaly_score"": 0.0785}",2026-09-06T09:45:06.494738+00:00
MPLADS-001859,0.0777,NORMAL,"{""geo__population_density"": 0.2603, ""std_anomaly_score"": 0.1832, ""procurement_anomaly_percentile"": 0.1328}",2026-09-06T09:45:06.494738+00:00
MPLADS-001860,0.0231,NORMAL,"{""geospatial_anomaly_percentile"": 0.1965, ""geo__infrastructure_gap_index"": 0.0851, ""mean_anomaly_score"": 0.0579}",2026-09-06T09:45:06.494738+00:00
MPLADS-001861,0.0592,NORMAL,"{""financial__sanctioned_amount"": 0.2957, ""procurement_anomaly_percentile"": 0.1772, ""payment_anomaly_score"": 0.0878}",2026-09-06T09:45:06.494738+00:00
MPLADS-001862,0.0225,NORMAL,"{""project__planned_duration_days"": 0.0666, ""geo__population_density"": 0.0365, ""std_anomaly_score"": 0.0211}",2026-09-06T09:45:06.494738+00:00
MPLADS-001863,0.0872,NORMAL,"{""procurement_anomaly_score"": 0.7259, ""procurement_anomaly_percentile"": 0.3122, ""geospatial_anomaly_score"": 0.1452}",2026-09-06T09:45:06.494738+00:00
MPLADS-001864,0.0314,NORMAL,"{""financial__sanctioned_amount"": 0.2653, ""geo__infrastructure_gap_index"": 0.1795, ""graph_anomaly_score"": 0.0754}",2026-09-06T09:45:06.494738+00:00
MPLADS-001865,0.0231,NORMAL,"{""financial__sanctioned_amount"": 0.1783, ""graph_anomaly_score"": 0.1356, ""contractor_anomaly_score"": 0.0202}",2026-09-06T09:45:06.494738+00:00
MPLADS-001866,0.0314,NORMAL,"{""geospatial_anomaly_score"": 0.1062, ""financial__sanctioned_amount"": 0.037, ""geospatial_anomaly_percentile"": 0.0345}",2026-09-06T09:45:06.494738+00:00
MPLADS-001867,0.0182,NORMAL,"{""financial_anomaly_score"": 0.0526, ""project__planned_duration_days"": 0.0312, ""graph_anomaly_percentile"": 0.0089}",2026-09-06T09:45:06.494738+00:00
MPLADS-001868,0.0182,NORMAL,"{""geo__infrastructure_gap_index"": 0.159, ""financial_anomaly_percentile"": 0.0572, ""project__planned_duration_days"": 0.0468}",2026-09-06T09:45:06.494738+00:00
MPLADS-001869,0.0314,NORMAL,"{""geo__population_density"": 0.1037, ""geospatial_anomaly_score"": 0.1036, ""financial_anomaly_score"": 0.1025}",2026-09-06T09:45:06.494738+00:00
MPLADS-001870,0.0231,NORMAL,"{""financial__sanctioned_amount"": 0.1103, ""payment_anomaly_score"": 0.0767, ""mean_anomaly_score"": 0.0602}",2026-09-06T09:45:06.494738+00:00
MPLADS-001871,0.0345,NORMAL,"{""geo__population_density"": 0.4489, ""geo__infrastructure_gap_index"": 0.0989, ""financial__sanctioned_amount"": 0.0575}",2026-09-06T09:45:06.494738+00:00
MPLADS-001872,0.0182,NORMAL,"{""financial__sanctioned_amount"": 0.056, ""payment_anomaly_percentile"": 0.0251, ""graph_anomaly_percentile"": 0.0093}",2026-09-06T09:45:06.494738+00:00
MPLADS-001873,0.0159,NORMAL,"{""project__planned_duration_days"": 0.0621, ""mean_anomaly_score"": 0.0541, ""procurement_anomaly_percentile"": 0.0147}",2026-09-06T09:45:06.494738+00:00
MPLADS-001874,0.0903,NORMAL,"{""financial__sanctioned_amount"": 0.3349, ""geo__infrastructure_gap_index"": 0.1229, ""payment_anomaly_score"": 0.0791}",2026-09-06T09:45:06.494738+00:00
MPLADS-001875,1.0,GHOST_WORK,"{""progress_anomaly_score"": 5.2217, ""progress_anomaly_percentile"": 0.9197, ""payment_anomaly_score"": 0.1643}",2026-09-06T09:45:06.494738+00:00
MPLADS-001876,0.0182,NORMAL,"{""financial__sanctioned_amount"": 0.0724, ""project__planned_duration_days"": 0.0677, ""geo__population_density"": 0.0115}",2026-09-06T09:45:06.494738+00:00
MPLADS-001877,0.0225,NORMAL,"{""financial__sanctioned_amount"": 0.0137, ""graph_anomaly_score"": 0.0021, ""num_flagged_models"": 0.0014}",2026-09-06T09:45:06.494738+00:00
MPLADS-001878,0.0231,NORMAL,"{""geo__population_density"": 0.152, ""geospatial_anomaly_score"": 0.111, ""std_anomaly_score"": 0.0461}",2026-09-06T09:45:06.494738+00:00
MPLADS-001879,0.0182,NORMAL,"{""geospatial_anomaly_score"": 0.0885, ""payment_anomaly_score"": 0.0861, ""payment_anomaly_percentile"": 0.0518}",2026-09-06T09:45:06.494738+00:00
MPLADS-001880,0.0777,NORMAL,"{""geo__population_density"": 0.2045, ""std_anomaly_score"": 0.1376, ""payment_anomaly_score"": 0.1319}",2026-09-06T09:45:06.494738+00:00
MPLADS-001881,0.0182,NORMAL,"{""geospatial_anomaly_score"": 0.0465, ""financial__sanctioned_amount"": 0.0334, ""contractor_anomaly_score"": 0.0055}",2026-09-06T09:45:06.494738+00:00
MPLADS-001882,1.0,DOCUMENTATION_DEFICIT,"{""progress_anomaly_score"": 5.3214, ""progress_anomaly_percentile"": 0.9299, ""financial__sanctioned_amount"": 0.0678}",2026-09-06T09:45:06.494738+00:00
MPLADS-001883,1.0,PAYMENT_PROGRESS_MISMATCH,"{""progress_anomaly_score"": 5.2877, ""progress_anomaly_percentile"": 0.8917, ""payment_anomaly_score"": 0.1098}",2026-09-06T09:45:06.494738+00:00
MPLADS-001884,0.0225,NORMAL,"{""geo__population_density"": 0.1268, ""geospatial_anomaly_score"": 0.0658, ""project__planned_duration_days"": 0.0499}",2026-09-06T09:45:06.494738+00:00
MPLADS-001885,1.0,COST_OVERRUN,"{""progress_anomaly_score"": 4.7603, ""progress_anomaly_percentile"": 0.9537, ""procurement_anomaly_score"": 0.2539}",2026-09-06T09:45:06.494738+00:00
MPLADS-001886,0.0225,NORMAL,"{""geospatial_anomaly_score"": 0.0584, ""project__planned_duration_days"": 0.0515, ""geospatial_anomaly_percentile"": 0.0346}",2026-09-06T09:45:06.494738+00:00
MPLADS-001887,0.011,NORMAL,"{""std_anomaly_score"": 0.0761, ""financial_anomaly_percentile"": 0.0656, ""payment_anomaly_percentile"": 0.045}",2026-09-06T09:45:06.494738+00:00
MPLADS-001888,0.0231,NORMAL,"{""geospatial_anomaly_score"": 0.0893, ""financial__sanctioned_amount"": 0.0846, ""payment_anomaly_percentile"": 0.0306}",2026-09-06T09:45:06.494738+00:00
MPLADS-001889,0.011,NORMAL,"{""financial__sanctioned_amount"": 0.2104, ""geo__population_density"": 0.0887, ""payment_anomaly_percentile"": 0.0251}",2026-09-06T09:45:06.494738+00:00
MPLADS-001890,1.0,DELAYED_WORK,"{""progress_anomaly_score"": 5.1818, ""progress_anomaly_percentile"": 0.9291, ""financial_anomaly_score"": 0.1771}",2026-09-06T09:45:06.494738+00:00
MPLADS-001891,0.7696,COST_OVERRUN,"{""financial_anomaly_score"": 0.7894, ""procurement_anomaly_percentile"": 0.516, ""financial_anomaly_percentile"": 0.2536}",2026-09-06T09:45:06.494738+00:00
MPLADS-001892,1.0,DELAYED_WORK,"{""progress_anomaly_score"": 4.9921, ""progress_anomaly_percentile"": 0.9201, ""payment_anomaly_score"": 0.0864}",2026-09-06T09:45:06.494738+00:00
MPLADS-001893,0.0262,NORMAL,"{""financial__sanctioned_amount"": 0.2911, ""mean_anomaly_score"": 0.1338, ""payment_anomaly_score"": 0.123}",2026-09-06T09:45:06.494738+00:00
MPLADS-001894,0.0182,NORMAL,"{""payment_anomaly_score"": 0.0737, ""geo__infrastructure_gap_index"": 0.0516, ""financial_anomaly_percentile"": 0.0457}",2026-09-06T09:45:06.494738+00:00
MPLADS-001895,0.2913,NORMAL,"{""procurement_anomaly_score"": 1.1518, ""procurement_anomaly_percentile"": 0.3658, ""financial__sanctioned_amount"": 0.2161}",2026-09-06T09:45:06.494738+00:00
MPLADS-001896,0.0225,NORMAL,"{""financial__sanctioned_amount"": 0.133, ""geospatial_anomaly_percentile"": 0.0794, ""payment_anomaly_score"": 0.0557}",2026-09-06T09:45:06.494738+00:00
MPLADS-001897,1.0,PAYMENT_PROGRESS_MISMATCH,"{""progress_anomaly_score"": 5.2094, ""progress_anomaly_percentile"": 0.9807, ""payment_anomaly_score"": 0.3288}",2026-09-06T09:45:06.494738+00:00
MPLADS-001898,0.0231,NORMAL,"{""project__planned_duration_days"": 0.0672, ""financial_anomaly_percentile"": 0.0669, ""financial__sanctioned_amount"": 0.063}",2026-09-06T09:45:06.494738+00:00
MPLADS-001899,1.0,COST_OVERRUN,"{""progress_anomaly_score"": 4.528, ""progress_anomaly_percentile"": 0.7804, ""procurement_anomaly_score"": 0.15}",2026-09-06T09:45:06.494738+00:00
MPLADS-001900,0.0088,NORMAL,"{""financial_anomaly_score"": 0.1502, ""financial_anomaly_percentile"": 0.0393, ""project__planned_duration_days"": 0.0368}",2026-09-06T09:45:06.494738+00:00
MPLADS-001901,0.0182,NORMAL,"{""geo__infrastructure_gap_index"": 0.2402, ""project__planned_duration_days"": 0.0515, ""graph_anomaly_percentile"": 0.0132}",2026-09-06T09:45:06.494738+00:00
MPLADS-001902,0.0225,NORMAL,"{""geospatial_anomaly_score"": 0.1254, ""project__planned_duration_days"": 0.0601, ""geospatial_anomaly_percentile"": 0.0372}",2026-09-06T09:45:06.494738+00:00
MPLADS-001903,0.0308,NORMAL,"{""geospatial_anomaly_score"": 0.0788, ""std_anomaly_score"": 0.0728, ""project__planned_duration_days"": 0.0509}",2026-09-06T09:45:06.494738+00:00
MPLADS-001904,0.0182,NORMAL,"{""financial_anomaly_score"": 0.0644, ""payment_anomaly_percentile"": 0.0475, ""financial_anomaly_percentile"": 0.0467}",2026-09-06T09:45:06.494738+00:00
MPLADS-001905,1.0,PAYMENT_PROGRESS_MISMATCH,"{""progress_anomaly_score"": 5.2526, ""progress_anomaly_percentile"": 0.9308, ""financial__sanctioned_amount"": 0.1227}",2026-09-06T09:45:06.494738+00:00
MPLADS-001906,0.0182,NORMAL,"{""procurement_anomaly_percentile"": 0.0631, ""financial_anomaly_percentile"": 0.0373, ""project__planned_duration_days"": 0.0317}",2026-09-06T09:45:06.494738+00:00
MPLADS-001907,0.0225,NORMAL,"{""geospatial_anomaly_score"": 0.1762, ""financial__sanctioned_amount"": 0.1092, ""geo__infrastructure_gap_index"": 0.0785}",2026-09-06T09:45:06.494738+00:00
MPLADS-001908,0.0231,NORMAL,"{""payment_anomaly_score"": 0.1127, ""financial_anomaly_percentile"": 0.1034, ""financial__sanctioned_amount"": 0.099}",2026-09-06T09:45:06.494738+00:00
MPLADS-001909,0.0225,NORMAL,"{""financial__sanctioned_amount"": 0.1658, ""financial_anomaly_score"": 0.1577, ""project__planned_duration_days"": 0.058}",2026-09-06T09:45:06.494738+00:00
MPLADS-001910,0.0741,NORMAL,"{""geo__population_density"": 0.3021, ""financial__sanctioned_amount"": 0.2876, ""geo__infrastructure_gap_index"": 0.1188}",2026-09-06T09:45:06.494738+00:00
MPLADS-001911,1.0,PAYMENT_PROGRESS_MISMATCH,"{""progress_anomaly_score"": 5.3459, ""progress_anomaly_percentile"": 1.0148, ""payment_anomaly_score"": 0.1146}",2026-09-06T09:45:06.494738+00:00
MPLADS-001912,0.011,NORMAL,"{""financial_anomaly_score"": 0.174, ""financial_anomaly_percentile"": 0.034, ""project__planned_duration_days"": 0.0161}",2026-09-06T09:45:06.494738+00:00
MPLADS-001913,1.0,DELAYED_WORK,"{""progress_anomaly_score"": 4.9716, ""progress_anomaly_percentile"": 0.8732, ""procurement_anomaly_percentile"": 0.1387}",2026-09-06T09:45:06.494738+00:00
MPLADS-001914,0.0231,NORMAL,"{""project__planned_duration_days"": 0.0597, ""financial_anomaly_score"": 0.047, ""geospatial_anomaly_score"": 0.03}",2026-09-06T09:45:06.494738+00:00
MPLADS-001915,0.0231,NORMAL,"{""contractor_anomaly_score"": 0.2016, ""contractor_anomaly_percentile"": 0.1949, ""financial__sanctioned_amount"": 0.093}",2026-09-06T09:45:06.494738+00:00
MPLADS-001916,0.0308,NORMAL,"{""geo__population_density"": 0.162, ""geospatial_anomaly_score"": 0.0642, ""financial__sanctioned_amount"": 0.0516}",2026-09-06T09:45:06.494738+00:00
MPLADS-001917,0.0225,NORMAL,"{""geo__infrastructure_gap_index"": 0.0828, ""project__planned_duration_days"": 0.0702, ""std_anomaly_score"": 0.0122}",2026-09-06T09:45:06.494738+00:00
MPLADS-001918,0.0225,NORMAL,"{""payment_anomaly_score"": 0.1445, ""project__planned_duration_days"": 0.0723, ""geo__infrastructure_gap_index"": 0.0402}",2026-09-06T09:45:06.494738+00:00
MPLADS-001919,0.0262,NORMAL,"{""procurement_anomaly_percentile"": 0.0619, ""project__planned_duration_days"": 0.0564, ""geo__infrastructure_gap_index"": 0.0487}",2026-09-06T09:45:06.494738+00:00
MPLADS-001920,0.1938,NORMAL,"{""progress_anomaly_score"": 0.4847, ""financial__sanctioned_amount"": 0.1135, ""payment_anomaly_percentile"": 0.0649}",2026-09-06T09:45:06.494738+00:00
MPLADS-001921,0.0231,NORMAL,"{""geospatial_anomaly_score"": 0.0945, ""project__planned_duration_days"": 0.0455, ""financial_anomaly_score"": 0.029}",2026-09-06T09:45:06.494738+00:00
MPLADS-001922,0.011,NORMAL,"{""financial__sanctioned_amount"": 0.1191, ""contractor_anomaly_score"": 0.0113, ""payment_anomaly_percentile"": 0.0091}",2026-09-06T09:45:06.494738+00:00
MPLADS-001923,0.0231,NORMAL,"{""geospatial_anomaly_score"": 0.0896, ""financial__sanctioned_amount"": 0.0495, ""geo__population_density"": 0.0369}",2026-09-06T09:45:06.494738+00:00
MPLADS-001924,0.0182,NORMAL,"{""financial_anomaly_percentile"": 0.0896, ""std_anomaly_score"": 0.0893, ""contractor_anomaly_percentile"": 0.0665}",2026-09-06T09:45:06.494738+00:00
MPLADS-001925,0.0314,NORMAL,"{""geo__population_density"": 0.1977, ""geo__infrastructure_gap_index"": 0.1756, ""geospatial_anomaly_percentile"": 0.0761}",2026-09-06T09:45:06.494738+00:00
MPLADS-001926,0.0046,NORMAL,"{""geo__population_density"": 0.0625, ""graph_anomaly_score"": 0.0544, ""payment_anomaly_score"": 0.0377}",2026-09-06T09:45:06.494738+00:00
MPLADS-001927,0.0231,NORMAL,"{""financial__sanctioned_amount"": 0.2279, ""geo__population_density"": 0.1119, ""geospatial_anomaly_score"": 0.0754}",2026-09-06T09:45:06.494738+00:00
MPLADS-001928,0.0231,NORMAL,"{""geospatial_anomaly_score"": 0.1258, ""geospatial_anomaly_percentile"": 0.0358, ""std_anomaly_score"": 0.034}",2026-09-06T09:45:06.494738+00:00
MPLADS-001929,0.0182,NORMAL,"{""geo__infrastructure_gap_index"": 0.095, ""geospatial_anomaly_score"": 0.0746, ""project__planned_duration_days"": 0.0633}",2026-09-06T09:45:06.494738+00:00
MPLADS-001930,0.0231,NORMAL,"{""financial__sanctioned_amount"": 0.1391, ""geospatial_anomaly_score"": 0.1136, ""financial_anomaly_percentile"": 0.088}",2026-09-06T09:45:06.494738+00:00
MPLADS-001931,0.0262,NORMAL,"{""geo__infrastructure_gap_index"": 0.1536, ""geo__population_density"": 0.153, ""geospatial_anomaly_score"": 0.0915}",2026-09-06T09:45:06.494738+00:00
MPLADS-001932,0.0088,NORMAL,"{""financial_anomaly_percentile"": 0.0415, ""project__planned_duration_days"": 0.0335, ""financial_anomaly_score"": 0.0286}",2026-09-06T09:45:06.494738+00:00
MPLADS-001933,0.0262,NORMAL,"{""financial__sanctioned_amount"": 0.3399, ""payment_anomaly_score"": 0.1301, ""geo__infrastructure_gap_index"": 0.1123}",2026-09-06T09:45:06.494738+00:00
MPLADS-001934,0.0262,NORMAL,"{""payment_anomaly_score"": 0.0716, ""project__planned_duration_days"": 0.0697, ""financial_anomaly_percentile"": 0.0565}",2026-09-06T09:45:06.494738+00:00
MPLADS-001935,0.0225,NORMAL,"{""contractor_anomaly_percentile"": 0.0638, ""geospatial_anomaly_score"": 0.0586, ""project__planned_duration_days"": 0.0535}",2026-09-06T09:45:06.494738+00:00
MPLADS-001936,0.0182,NORMAL,"{""geospatial_anomaly_score"": 0.068, ""financial__sanctioned_amount"": 0.0325, ""geospatial_anomaly_percentile"": 0.0167}",2026-09-06T09:45:06.494738+00:00
MPLADS-001937,1.0,DOCUMENTATION_DEFICIT,"{""progress_anomaly_score"": 5.2647, ""progress_anomaly_percentile"": 0.9301, ""payment_anomaly_score"": 0.0946}",2026-09-06T09:45:06.494738+00:00
MPLADS-001938,0.0182,NORMAL,"{""financial__sanctioned_amount"": 0.1304, ""financial_anomaly_score"": 0.125, ""geospatial_anomaly_score"": 0.0629}",2026-09-06T09:45:06.494738+00:00
MPLADS-001939,0.0314,NORMAL,"{""financial_anomaly_score"": 0.3102, ""geospatial_anomaly_score"": 0.2158, ""geo__infrastructure_gap_index"": 0.161}",2026-09-06T09:45:06.494738+00:00
MPLADS-001940,0.0182,NORMAL,"{""max_anomaly_score"": 0.0601, ""std_anomaly_score"": 0.0267, ""financial__sanctioned_amount"": 0.015}",2026-09-06T09:45:06.494738+00:00
MPLADS-001941,0.0314,NORMAL,"{""geo__population_density"": 0.1997, ""geospatial_anomaly_score"": 0.0857, ""geo__infrastructure_gap_index"": 0.0832}",2026-09-06T09:45:06.494738+00:00
MPLADS-001942,0.0262,NORMAL,"{""geospatial_anomaly_score"": 0.1023, ""project__planned_duration_days"": 0.0682, ""procurement_anomaly_percentile"": 0.0582}",2026-09-06T09:45:06.494738+00:00
MPLADS-001943,0.0308,NORMAL,"{""geo__population_density"": 0.2108, ""geospatial_anomaly_percentile"": 0.1671, ""contractor_anomaly_score"": 0.1359}",2026-09-06T09:45:06.494738+00:00
MPLADS-001944,0.0182,NORMAL,"{""project__planned_duration_days"": 0.0569, ""geospatial_anomaly_score"": 0.0404, ""contractor_anomaly_score"": 0.0085}",2026-09-06T09:45:06.494738+00:00
MPLADS-001945,0.4973,NORMAL,"{""progress_anomaly_score"": 1.5396, ""financial_anomaly_score"": 0.1496, ""progress_anomaly_percentile"": 0.1411}",2026-09-06T09:45:06.494738+00:00
MPLADS-001946,0.0225,NORMAL,"{""financial__sanctioned_amount"": 0.2236, ""geo__population_density"": 0.1376, ""payment_anomaly_score"": 0.1207}",2026-09-06T09:45:06.494738+00:00
MPLADS-001947,0.5278,PROCUREMENT_SINGLE_BID,"{""procurement_anomaly_score"": 1.8318, ""procurement_anomaly_percentile"": 0.8574, ""max_anomaly_score"": 0.1716}",2026-09-06T09:45:06.494738+00:00
MPLADS-001948,1.0,PAYMENT_PROGRESS_MISMATCH,"{""progress_anomaly_score"": 5.173, ""progress_anomaly_percentile"": 0.893, ""payment_anomaly_score"": 0.1201}",2026-09-06T09:45:06.494738+00:00
MPLADS-001949,0.0314,NORMAL,"{""financial__sanctioned_amount"": 0.2025, ""geospatial_anomaly_score"": 0.1176, ""graph_anomaly_score"": 0.0862}",2026-09-06T09:45:06.494738+00:00
MPLADS-001950,0.2673,NORMAL,"{""geo__population_density"": 0.4, ""financial__sanctioned_amount"": 0.2927, ""geo__infrastructure_gap_index"": 0.2794}",2026-09-06T09:45:06.494738+00:00
MPLADS-001951,1.0,COST_OVERRUN,"{""progress_anomaly_score"": 4.6199, ""progress_anomaly_percentile"": 0.8233, ""procurement_anomaly_score"": 0.2114}",2026-09-06T09:45:06.494738+00:00
MPLADS-001952,0.0345,NORMAL,"{""geo__population_density"": 0.4268, ""payment_anomaly_score"": 0.233, ""project__planned_duration_days"": 0.0931}",2026-09-06T09:45:06.494738+00:00
MPLADS-001953,0.2014,NORMAL,"{""procurement_anomaly_score"": 1.2554, ""procurement_anomaly_percentile"": 0.3249, ""geospatial_anomaly_score"": 0.0881}",2026-09-06T09:45:06.494738+00:00
MPLADS-001954,0.0182,NORMAL,"{""geospatial_anomaly_score"": 0.099, ""financial_anomaly_percentile"": 0.069, ""geo__infrastructure_gap_index"": 0.0535}",2026-09-06T09:45:06.494738+00:00
MPLADS-001955,0.0231,NORMAL,"{""geo__population_density"": 0.2427, ""financial__sanctioned_amount"": 0.2265, ""payment_anomaly_score"": 0.1709}",2026-09-06T09:45:06.494738+00:00
MPLADS-001956,0.0182,NORMAL,"{""geospatial_anomaly_score"": 0.0763, ""project__planned_duration_days"": 0.0536, ""mean_anomaly_score"": 0.0182}",2026-09-06T09:45:06.494738+00:00
MPLADS-001957,1.0,COST_OVERRUN,"{""progress_anomaly_score"": 4.6819, ""progress_anomaly_percentile"": 0.7687, ""financial_anomaly_score"": 0.181}",2026-09-06T09:45:06.494738+00:00
MPLADS-001958,1.0,DELAYED_WORK,"{""progress_anomaly_score"": 5.1609, ""progress_anomaly_percentile"": 0.9064, ""financial_anomaly_score"": 0.1388}",2026-09-06T09:45:06.494738+00:00
MPLADS-001959,0.0182,NORMAL,"{""financial_anomaly_percentile"": 0.0899, ""financial_anomaly_score"": 0.0551, ""project__planned_duration_days"": 0.0515}",2026-09-06T09:45:06.494738+00:00
MPLADS-001960,0.0182,NORMAL,"{""financial__sanctioned_amount"": 0.3584, ""geo__infrastructure_gap_index"": 0.142, ""geo__population_density"": 0.0721}",2026-09-06T09:45:06.494738+00:00
MPLADS-001961,0.011,NORMAL,"{""project__planned_duration_days"": 0.0542, ""geo__infrastructure_gap_index"": 0.0456, ""num_flagged_models"": 0.0014}",2026-09-06T09:45:06.494738+00:00
MPLADS-001962,1.0,PAYMENT_PROGRESS_MISMATCH,"{""progress_anomaly_score"": 5.2352, ""progress_anomaly_percentile"": 0.9618, ""payment_anomaly_score"": 0.3398}",2026-09-06T09:45:06.494738+00:00
MPLADS-001963,0.0265,NORMAL,"{""geo__population_density"": 0.2156, ""geo__infrastructure_gap_index"": 0.1148, ""project__planned_duration_days"": 0.0426}",2026-09-06T09:45:06.494738+00:00
MPLADS-001964,0.0231,NORMAL,"{""financial__sanctioned_amount"": 0.2676, ""geospatial_anomaly_score"": 0.1122, ""std_anomaly_score"": 0.0291}",2026-09-06T09:45:06.494738+00:00
MPLADS-001965,0.0225,NORMAL,"{""geospatial_anomaly_score"": 0.1589, ""financial_anomaly_score"": 0.0485, ""geospatial_anomaly_percentile"": 0.0398}",2026-09-06T09:45:06.494738+00:00
MPLADS-001966,0.0231,NORMAL,"{""geo__infrastructure_gap_index"": 0.0733, ""geospatial_anomaly_score"": 0.0716, ""financial__sanctioned_amount"": 0.0605}",2026-09-06T09:45:06.494738+00:00
MPLADS-001967,0.0231,NORMAL,"{""procurement_anomaly_percentile"": 0.1446, ""financial_anomaly_percentile"": 0.0864, ""geo__infrastructure_gap_index"": 0.0789}",2026-09-06T09:45:06.494738+00:00
MPLADS-001968,0.0314,NORMAL,"{""financial_anomaly_percentile"": 0.1184, ""geospatial_anomaly_score"": 0.0504, ""project__planned_duration_days"": 0.0477}",2026-09-06T09:45:06.494738+00:00
MPLADS-001969,0.0182,NORMAL,"{""financial_anomaly_score"": 0.0927, ""project__planned_duration_days"": 0.0367, ""geospatial_anomaly_score"": 0.0241}",2026-09-06T09:45:06.494738+00:00
MPLADS-001970,1.0,PAYMENT_PROGRESS_MISMATCH,"{""progress_anomaly_score"": 5.2449, ""progress_anomaly_percentile"": 0.9131, ""payment_anomaly_score"": 0.0854}",2026-09-06T09:45:06.494738+00:00
MPLADS-001971,0.0308,NORMAL,"{""geospatial_anomaly_percentile"": 0.1469, ""geo__population_density"": 0.0947, ""geo__infrastructure_gap_index"": 0.089}",2026-09-06T09:45:06.494738+00:00
MPLADS-001972,0.0182,NORMAL,"{""project__planned_duration_days"": 0.0578, ""geo__infrastructure_gap_index"": 0.0169, ""mean_anomaly_score"": 0.0147}",2026-09-06T09:45:06.494738+00:00
MPLADS-001973,0.4797,NORMAL,"{""procurement_anomaly_score"": 1.7709, ""procurement_anomaly_percentile"": 0.8279, ""max_anomaly_score"": 0.2069}",2026-09-06T09:45:06.494738+00:00
MPLADS-001974,0.0345,NORMAL,"{""geo__population_density"": 0.1087, ""geospatial_anomaly_score"": 0.0981, ""geo__infrastructure_gap_index"": 0.0537}",2026-09-06T09:45:06.494738+00:00
MPLADS-001975,0.0182,NORMAL,"{""procurement_anomaly_percentile"": 0.1507, ""max_anomaly_score"": 0.0721, ""financial_anomaly_percentile"": 0.0568}",2026-09-06T09:45:06.494738+00:00
MPLADS-001976,1.0,COST_OVERRUN,"{""progress_anomaly_score"": 4.7184, ""progress_anomaly_percentile"": 0.8472, ""procurement_anomaly_score"": 0.2236}",2026-09-06T09:45:06.494738+00:00
MPLADS-001977,0.0225,NORMAL,"{""procurement_anomaly_score"": 0.5058, ""procurement_anomaly_percentile"": 0.1868, ""graph_anomaly_score"": 0.1128}",2026-09-06T09:45:06.494738+00:00
MPLADS-001978,0.0161,NORMAL,"{""project__planned_duration_days"": 0.0508, ""geospatial_anomaly_score"": 0.0355, ""graph_anomaly_percentile"": 0.0205}",2026-09-06T09:45:06.494738+00:00
MPLADS-001979,0.0314,NORMAL,"{""geo__population_density"": 0.1427, ""geospatial_anomaly_score"": 0.1052, ""geo__infrastructure_gap_index"": 0.068}",2026-09-06T09:45:06.494738+00:00
MPLADS-001980,0.0161,NORMAL,"{""financial__sanctioned_amount"": 0.1722, ""geospatial_anomaly_score"": 0.0849, ""graph_anomaly_score"": 0.0731}",2026-09-06T09:45:06.494738+00:00
MPLADS-001981,0.0182,NORMAL,"{""financial_anomaly_score"": 0.075, ""project__planned_duration_days"": 0.0446, ""payment_anomaly_percentile"": 0.0325}",2026-09-06T09:45:06.494738+00:00
MPLADS-001982,0.1111,NORMAL,"{""procurement_anomaly_percentile"": 0.5485, ""procurement_anomaly_score"": 0.3769, ""payment_anomaly_score"": 0.3204}",2026-09-06T09:45:06.494738+00:00
MPLADS-001983,0.0231,NORMAL,"{""geospatial_anomaly_score"": 0.1896, ""geo__population_density"": 0.0656, ""financial__sanctioned_amount"": 0.0546}",2026-09-06T09:45:06.494738+00:00
MPLADS-001984,0.0231,NORMAL,"{""financial__sanctioned_amount"": 0.2207, ""procurement_anomaly_percentile"": 0.0771, ""geo__infrastructure_gap_index"": 0.0604}",2026-09-06T09:45:06.494738+00:00
MPLADS-001985,0.0231,NORMAL,"{""project__planned_duration_days"": 0.0712, ""geospatial_anomaly_score"": 0.0679, ""mean_anomaly_score"": 0.0434}",2026-09-06T09:45:06.494738+00:00
MPLADS-001986,0.0225,NORMAL,"{""financial__sanctioned_amount"": 0.2197, ""geo__infrastructure_gap_index"": 0.1649, ""geo__population_density"": 0.1629}",2026-09-06T09:45:06.494738+00:00
MPLADS-001987,0.0231,NORMAL,"{""financial__sanctioned_amount"": 0.1279, ""geo__population_density"": 0.1208, ""project__planned_duration_days"": 0.0696}",2026-09-06T09:45:06.494738+00:00
MPLADS-001988,0.0225,NORMAL,"{""financial__sanctioned_amount"": 0.2964, ""geospatial_anomaly_score"": 0.0811, ""payment_anomaly_score"": 0.0662}",2026-09-06T09:45:06.494738+00:00
MPLADS-001989,0.0182,NORMAL,"{""financial_anomaly_score"": 0.131, ""procurement_anomaly_percentile"": 0.1087, ""std_anomaly_score"": 0.0532}",2026-09-06T09:45:06.494738+00:00
MPLADS-001990,1.0,DELAYED_WORK,"{""progress_anomaly_score"": 4.8651, ""progress_anomaly_percentile"": 0.8489, ""financial_anomaly_score"": 0.1779}",2026-09-06T09:45:06.494738+00:00
MPLADS-001991,0.331,NORMAL,"{""procurement_anomaly_score"": 1.3422, ""procurement_anomaly_percentile"": 0.5766, ""std_anomaly_score"": 0.0527}",2026-09-06T09:45:06.494738+00:00
MPLADS-001992,0.0225,NORMAL,"{""financial__sanctioned_amount"": 0.1843, ""graph_anomaly_score"": 0.0723, ""geo__population_density"": 0.0653}",2026-09-06T09:45:06.494738+00:00
MPLADS-001993,0.0231,NORMAL,"{""geospatial_anomaly_score"": 0.1997, ""project__planned_duration_days"": 0.0833, ""geo__population_density"": 0.0606}",2026-09-06T09:45:06.494738+00:00
MPLADS-001994,0.0225,NORMAL,"{""geo__population_density"": 0.3081, ""geo__infrastructure_gap_index"": 0.0917, ""geospatial_anomaly_score"": 0.073}",2026-09-06T09:45:06.494738+00:00
MPLADS-001995,0.0231,NORMAL,"{""geo__infrastructure_gap_index"": 0.0967, ""payment_anomaly_score"": 0.083, ""std_anomaly_score"": 0.0698}",2026-09-06T09:45:06.494738+00:00
MPLADS-001996,1.0,DOCUMENTATION_DEFICIT,"{""progress_anomaly_score"": 5.4206, ""progress_anomaly_percentile"": 0.9513, ""payment_anomaly_score"": 0.1363}",2026-09-06T09:45:06.494738+00:00
MPLADS-001997,0.0231,NORMAL,"{""std_anomaly_score"": 0.053, ""contractor_anomaly_percentile"": 0.0239, ""geospatial_anomaly_score"": 0.0159}",2026-09-06T09:45:06.494738+00:00
MPLADS-001998,0.0225,NORMAL,"{""payment_anomaly_score"": 0.4146, ""financial_anomaly_score"": 0.1239, ""payment_anomaly_percentile"": 0.1114}",2026-09-06T09:45:06.494738+00:00
MPLADS-001999,0.0182,NORMAL,"{""geo__population_density"": 0.0701, ""financial_anomaly_score"": 0.069, ""payment_anomaly_percentile"": 0.0506}",2026-09-06T09:45:06.494738+00:00
MPLADS-002000,1.0,ABANDONED_WORK,"{""progress_anomaly_score"": 4.9232, ""progress_anomaly_percentile"": 0.8996, ""financial__sanctioned_amount"": 0.1538}",2026-09-06T09:45:06.494738+00:00
MPLADS-002001,0.0314,NORMAL,"{""geo__population_density"": 0.2642, ""financial__sanctioned_amount"": 0.0954, ""financial_anomaly_percentile"": 0.0844}",2026-09-06T09:45:06.494738+00:00
MPLADS-002002,1.0,PAYMENT_PROGRESS_MISMATCH,"{""progress_anomaly_score"": 5.5733, ""progress_anomaly_percentile"": 1.0074, ""payment_anomaly_score"": 0.0876}",2026-09-06T09:45:06.494738+00:00
MPLADS-002003,0.0111,NORMAL,"{""financial_anomaly_score"": 0.1571, ""financial_anomaly_percentile"": 0.0691, ""payment_anomaly_percentile"": 0.0475}",2026-09-06T09:45:06.494738+00:00
MPLADS-002004,0.4856,NORMAL,"{""procurement_anomaly_score"": 1.9005, ""procurement_anomaly_percentile"": 0.8325, ""max_anomaly_score"": 0.1855}",2026-09-06T09:45:06.494738+00:00
MPLADS-002005,0.0231,NORMAL,"{""geo__population_density"": 0.2747, ""financial__sanctioned_amount"": 0.1297, ""std_anomaly_score"": 0.0564}",2026-09-06T09:45:06.494738+00:00
MPLADS-002006,0.2045,NORMAL,"{""financial_anomaly_score"": 0.2407, ""financial__sanctioned_amount"": 0.172, ""geospatial_anomaly_score"": 0.1295}",2026-09-06T09:45:06.494738+00:00
MPLADS-002007,1.0,PAYMENT_PROGRESS_MISMATCH,"{""progress_anomaly_score"": 4.8093, ""progress_anomaly_percentile"": 0.9162, ""procurement_anomaly_score"": 0.2877}",2026-09-06T09:45:06.494738+00:00
MPLADS-002008,1.0,PAYMENT_PROGRESS_MISMATCH,"{""progress_anomaly_score"": 5.4963, ""progress_anomaly_percentile"": 0.9546, ""payment_anomaly_score"": 0.099}",2026-09-06T09:45:06.494738+00:00
MPLADS-002009,0.2704,NORMAL,"{""procurement_anomaly_score"": 0.8352, ""procurement_anomaly_percentile"": 0.6447, ""geo__population_density"": 0.4025}",2026-09-06T09:45:06.494738+00:00
MPLADS-002010,0.0182,NORMAL,"{""financial__sanctioned_amount"": 0.1772, ""payment_anomaly_score"": 0.0097, ""payment_anomaly_percentile"": 0.0079}",2026-09-06T09:45:06.494738+00:00
MPLADS-002011,0.0182,NORMAL,"{""geo__infrastructure_gap_index"": 0.0923, ""financial_anomaly_percentile"": 0.0489, ""payment_anomaly_percentile"": 0.0441}",2026-09-06T09:45:06.494738+00:00
MPLADS-002012,0.0182,NORMAL,"{""financial__sanctioned_amount"": 0.2845, ""financial_anomaly_score"": 0.064, ""financial_anomaly_percentile"": 0.0468}",2026-09-06T09:45:06.494738+00:00
MPLADS-002013,0.451,NORMAL,"{""procurement_anomaly_score"": 1.9018, ""procurement_anomaly_percentile"": 0.808, ""max_anomaly_score"": 0.118}",2026-09-06T09:45:06.494738+00:00
MPLADS-002014,0.3533,NORMAL,"{""procurement_anomaly_score"": 1.5653, ""procurement_anomaly_percentile"": 0.5662, ""geospatial_anomaly_score"": 0.1897}",2026-09-06T09:45:06.494738+00:00
MPLADS-002015,0.2909,NORMAL,"{""procurement_anomaly_score"": 1.5952, ""procurement_anomaly_percentile"": 0.6895, ""std_anomaly_score"": 0.0834}",2026-09-06T09:45:06.494738+00:00
MPLADS-002016,0.0265,NORMAL,"{""geo__population_density"": 0.0861, ""project__planned_duration_days"": 0.0608, ""contractor_anomaly_score"": 0.027}",2026-09-06T09:45:06.494738+00:00
MPLADS-002017,0.0088,NORMAL,"{""project__planned_duration_days"": 0.0371, ""geospatial_anomaly_score"": 0.0149, ""num_flagged_models"": 0.0014}",2026-09-06T09:45:06.494738+00:00
MPLADS-002018,1.0,PAYMENT_PROGRESS_MISMATCH,"{""progress_anomaly_score"": 5.3872, ""progress_anomaly_percentile"": 0.9702, ""payment_anomaly_score"": 0.1366}",2026-09-06T09:45:06.494738+00:00
MPLADS-002019,0.0308,NORMAL,"{""geo__population_density"": 0.4188, ""geospatial_anomaly_score"": 0.1235, ""financial__sanctioned_amount"": 0.0216}",2026-09-06T09:45:06.494738+00:00
MPLADS-002020,0.0182,NORMAL,"{""geospatial_anomaly_score"": 0.0618, ""project__planned_duration_days"": 0.0321, ""geospatial_anomaly_percentile"": 0.0206}",2026-09-06T09:45:06.494738+00:00
MPLADS-002021,1.0,PAYMENT_PROGRESS_MISMATCH,"{""progress_anomaly_score"": 5.2765, ""progress_anomaly_percentile"": 0.9076, ""payment_anomaly_score"": 0.0935}",2026-09-06T09:45:06.494738+00:00
MPLADS-002022,0.2256,NORMAL,"{""procurement_anomaly_score"": 1.5122, ""procurement_anomaly_percentile"": 0.4679, ""max_anomaly_score"": 0.0976}",2026-09-06T09:45:06.494738+00:00
MPLADS-002023,0.0182,NORMAL,"{""geospatial_anomaly_score"": 0.0813, ""payment_anomaly_score"": 0.0806, ""financial__sanctioned_amount"": 0.0735}",2026-09-06T09:45:06.494738+00:00
MPLADS-002024,0.0265,NORMAL,"{""geo__population_density"": 0.2698, ""mean_anomaly_score"": 0.0565, ""project__planned_duration_days"": 0.039}",2026-09-06T09:45:06.494738+00:00
MPLADS-002025,0.011,NORMAL,"{""financial__sanctioned_amount"": 0.0462, ""project__planned_duration_days"": 0.0432, ""payment_anomaly_percentile"": 0.0247}",2026-09-06T09:45:06.494738+00:00
MPLADS-002026,0.011,NORMAL,"{""mean_anomaly_score"": 0.0874, ""project__planned_duration_days"": 0.0527, ""contractor_anomaly_score"": 0.0026}",2026-09-06T09:45:06.494738+00:00
MPLADS-002027,0.0287,NORMAL,"{""geo__population_density"": 0.0862, ""project__planned_duration_days"": 0.0476, ""mean_anomaly_score"": 0.0101}",2026-09-06T09:45:06.494738+00:00
MPLADS-002028,0.0182,NORMAL,"{""geo__population_density"": 0.0852, ""payment_anomaly_score"": 0.0611, ""geo__infrastructure_gap_index"": 0.0531}",2026-09-06T09:45:06.494738+00:00
MPLADS-002029,1.0,PAYMENT_PROGRESS_MISMATCH,"{""progress_anomaly_score"": 5.3607, ""progress_anomaly_percentile"": 0.934, ""geo__infrastructure_gap_index"": 0.159}",2026-09-06T09:45:06.494738+00:00
MPLADS-002030,0.2203,NORMAL,"{""financial__sanctioned_amount"": 0.3002, ""geo__population_density"": 0.2767, ""geo__infrastructure_gap_index"": 0.2212}",2026-09-06T09:45:06.494738+00:00
MPLADS-002031,0.0225,NORMAL,"{""geo__infrastructure_gap_index"": 0.0737, ""project__planned_duration_days"": 0.0332, ""payment_anomaly_percentile"": 0.0246}",2026-09-06T09:45:06.494738+00:00
MPLADS-002032,1.0,DELAYED_WORK,"{""progress_anomaly_score"": 5.0707, ""progress_anomaly_percentile"": 0.908, ""procurement_anomaly_percentile"": 0.117}",2026-09-06T09:45:06.494738+00:00
MPLADS-002033,0.0442,NORMAL,"{""geo__infrastructure_gap_index"": 0.0802, ""project__planned_duration_days"": 0.0694, ""mean_anomaly_score"": 0.0592}",2026-09-06T09:45:06.494738+00:00
MPLADS-002034,0.0231,NORMAL,"{""payment_anomaly_score"": 0.2264, ""geo__infrastructure_gap_index"": 0.0558, ""geospatial_anomaly_score"": 0.0525}",2026-09-06T09:45:06.494738+00:00
MPLADS-002035,0.011,NORMAL,"{""financial_anomaly_percentile"": 0.0382, ""financial_anomaly_score"": 0.0329, ""project__planned_duration_days"": 0.0298}",2026-09-06T09:45:06.494738+00:00
MPLADS-002036,0.0308,NORMAL,"{""financial_anomaly_score"": 0.2173, ""graph_anomaly_score"": 0.1559, ""geo__population_density"": 0.1351}",2026-09-06T09:45:06.494738+00:00
MPLADS-002037,0.0182,NORMAL,"{""geospatial_anomaly_score"": 0.0817, ""financial_anomaly_score"": 0.0726, ""project__planned_duration_days"": 0.0373}",2026-09-06T09:45:06.494738+00:00
MPLADS-002038,0.2264,NORMAL,"{""geo__population_density"": 0.2661, ""mean_anomaly_score"": 0.2022, ""geospatial_anomaly_percentile"": 0.2021}",2026-09-06T09:45:06.494738+00:00
MPLADS-002039,0.0314,NORMAL,"{""procurement_anomaly_percentile"": 0.2324, ""geo__infrastructure_gap_index"": 0.1817, ""geospatial_anomaly_score"": 0.0757}",2026-09-06T09:45:06.494738+00:00
MPLADS-002040,0.0225,NORMAL,"{""payment_anomaly_score"": 0.0858, ""financial_anomaly_percentile"": 0.0769, ""payment_anomaly_percentile"": 0.0433}",2026-09-06T09:45:06.494738+00:00
MPLADS-002041,0.011,NORMAL,"{""geo__population_density"": 0.113, ""graph_anomaly_score"": 0.0525, ""procurement_anomaly_percentile"": 0.0505}",2026-09-06T09:45:06.494738+00:00
MPLADS-002042,0.0231,NORMAL,"{""geospatial_anomaly_score"": 0.1749, ""geo__infrastructure_gap_index"": 0.0766, ""geospatial_anomaly_percentile"": 0.0688}",2026-09-06T09:45:06.494738+00:00
MPLADS-002043,0.0182,NORMAL,"{""geo__population_density"": 0.1306, ""geospatial_anomaly_score"": 0.0664, ""financial__sanctioned_amount"": 0.0433}",2026-09-06T09:45:06.494738+00:00
MPLADS-002044,0.0225,NORMAL,"{""graph_anomaly_percentile"": 0.0419, ""geo__infrastructure_gap_index"": 0.0305, ""project__planned_duration_days"": 0.0282}",2026-09-06T09:45:06.494738+00:00
MPLADS-002045,0.0182,NORMAL,"{""geo__population_density"": 0.076, ""project__planned_duration_days"": 0.0411, ""contractor_anomaly_percentile"": 0.0259}",2026-09-06T09:45:06.494738+00:00
MPLADS-002046,0.0231,NORMAL,"{""geo__infrastructure_gap_index"": 0.0465, ""project__planned_duration_days"": 0.0102, ""graph_anomaly_percentile"": 0.0037}",2026-09-06T09:45:06.494738+00:00
MPLADS-002047,0.0231,NORMAL,"{""geo__population_density"": 0.0733, ""geospatial_anomaly_score"": 0.0426, ""project__planned_duration_days"": 0.0341}",2026-09-06T09:45:06.494738+00:00
MPLADS-002048,1.0,ABANDONED_WORK,"{""progress_anomaly_score"": 4.977, ""progress_anomaly_percentile"": 0.8894, ""geo__population_density"": 0.1361}",2026-09-06T09:45:06.494738+00:00
MPLADS-002049,0.0182,NORMAL,"{""geospatial_anomaly_score"": 0.0968, ""financial_anomaly_score"": 0.0873, ""project__planned_duration_days"": 0.0434}",2026-09-06T09:45:06.494738+00:00
MPLADS-002050,1.0,PAYMENT_PROGRESS_MISMATCH,"{""progress_anomaly_score"": 5.3006, ""progress_anomaly_percentile"": 0.9166, ""payment_anomaly_score"": 0.1011}",2026-09-06T09:45:06.494738+00:00
MPLADS-002051,1.0,GHOST_WORK,"{""progress_anomaly_score"": 4.9764, ""progress_anomaly_percentile"": 0.8247, ""financial_anomaly_score"": 0.1799}",2026-09-06T09:45:06.494738+00:00
MPLADS-002052,0.0225,NORMAL,"{""financial__sanctioned_amount"": 0.2121, ""geo__infrastructure_gap_index"": 0.2023, ""geospatial_anomaly_score"": 0.1167}",2026-09-06T09:45:06.494738+00:00
MPLADS-002053,0.0314,NORMAL,"{""geo__population_density"": 0.1175, ""financial__sanctioned_amount"": 0.1068, ""financial_anomaly_percentile"": 0.0745}",2026-09-06T09:45:06.494738+00:00
MPLADS-002054,0.011,NORMAL,"{""financial__sanctioned_amount"": 0.2299, ""std_anomaly_score"": 0.0376, ""geo__population_density"": 0.0148}",2026-09-06T09:45:06.494738+00:00
MPLADS-002055,1.0,DELAYED_WORK,"{""progress_anomaly_score"": 4.727, ""progress_anomaly_percentile"": 0.8287, ""financial_anomaly_score"": 0.2609}",2026-09-06T09:45:06.494738+00:00
MPLADS-002056,0.021,NORMAL,"{""procurement_anomaly_percentile"": 0.1121, ""payment_anomaly_score"": 0.0618, ""project__planned_duration_days"": 0.0438}",2026-09-06T09:45:06.494738+00:00
MPLADS-002057,0.0182,NORMAL,"{""payment_anomaly_score"": 0.08, ""project__planned_duration_days"": 0.0559, ""mean_anomaly_score"": 0.0452}",2026-09-06T09:45:06.494738+00:00
MPLADS-002058,0.0308,NORMAL,"{""project__planned_duration_days"": 0.0617, ""geospatial_anomaly_score"": 0.0482, ""financial__sanctioned_amount"": 0.0393}",2026-09-06T09:45:06.494738+00:00
MPLADS-002059,1.0,COST_OVERRUN,"{""progress_anomaly_score"": 4.4267, ""progress_anomaly_percentile"": 0.8566, ""procurement_anomaly_score"": 0.3999}",2026-09-06T09:45:06.494738+00:00
MPLADS-002060,0.0225,NORMAL,"{""financial__sanctioned_amount"": 0.1197, ""geo__population_density"": 0.0703, ""financial_anomaly_percentile"": 0.0623}",2026-09-06T09:45:06.494738+00:00
MPLADS-002061,0.0231,NORMAL,"{""geospatial_anomaly_score"": 0.081, ""project__planned_duration_days"": 0.0539, ""geospatial_anomaly_percentile"": 0.0213}",2026-09-06T09:45:06.494738+00:00
MPLADS-002062,0.0231,NORMAL,"{""financial__sanctioned_amount"": 0.1931, ""geo__infrastructure_gap_index"": 0.1693, ""payment_anomaly_percentile"": 0.0349}",2026-09-06T09:45:06.494738+00:00
MPLADS-002063,0.5162,PROCUREMENT_SINGLE_BID,"{""procurement_anomaly_score"": 1.8297, ""procurement_anomaly_percentile"": 0.8518, ""max_anomaly_score"": 0.1382}",2026-09-06T09:45:06.494738+00:00
MPLADS-002064,0.0182,NORMAL,"{""std_anomaly_score"": 0.031, ""geospatial_anomaly_score"": 0.0195, ""geo__population_density"": 0.0157}",2026-09-06T09:45:06.494738+00:00
MPLADS-002065,0.0182,NORMAL,"{""geospatial_anomaly_score"": 0.1584, ""geo__infrastructure_gap_index"": 0.0845, ""project__planned_duration_days"": 0.0642}",2026-09-06T09:45:06.494738+00:00
MPLADS-002066,1.0,PAYMENT_PROGRESS_MISMATCH,"{""progress_anomaly_score"": 5.3667, ""progress_anomaly_percentile"": 0.9275, ""payment_anomaly_score"": 0.111}",2026-09-06T09:45:06.494738+00:00
MPLADS-002067,0.0442,NORMAL,"{""geospatial_anomaly_score"": 0.206, ""procurement_anomaly_percentile"": 0.094, ""geo__infrastructure_gap_index"": 0.083}",2026-09-06T09:45:06.494738+00:00
MPLADS-002068,1.0,DELAYED_WORK,"{""progress_anomaly_score"": 5.3403, ""progress_anomaly_percentile"": 0.939, ""financial_anomaly_score"": 0.1476}",2026-09-06T09:45:06.494738+00:00
MPLADS-002069,0.0231,NORMAL,"{""financial__sanctioned_amount"": 0.1002, ""financial_anomaly_percentile"": 0.0727, ""payment_anomaly_percentile"": 0.0441}",2026-09-06T09:45:06.494738+00:00
MPLADS-002070,0.0161,NORMAL,"{""geospatial_anomaly_score"": 0.0798, ""project__planned_duration_days"": 0.0435, ""geospatial_anomaly_percentile"": 0.0112}",2026-09-06T09:45:06.494738+00:00
MPLADS-002071,0.0153,NORMAL,"{""financial__sanctioned_amount"": 0.0714, ""project__planned_duration_days"": 0.0659, ""contractor_anomaly_score"": 0.007}",2026-09-06T09:45:06.494738+00:00
MPLADS-002072,0.0314,NORMAL,"{""geo__population_density"": 0.1633, ""financial__sanctioned_amount"": 0.0851, ""project__planned_duration_days"": 0.0561}",2026-09-06T09:45:06.494738+00:00
MPLADS-002073,1.0,COST_OVERRUN,"{""progress_anomaly_score"": 4.604, ""progress_anomaly_percentile"": 0.8625, ""procurement_anomaly_score"": 0.2224}",2026-09-06T09:45:06.494738+00:00
MPLADS-002074,0.0231,NORMAL,"{""project__planned_duration_days"": 0.0629, ""financial__sanctioned_amount"": 0.0341, ""contractor_anomaly_score"": 0.0146}",2026-09-06T09:45:06.494738+00:00
MPLADS-002075,0.0182,NORMAL,"{""geo__population_density"": 0.1219, ""financial__sanctioned_amount"": 0.0814, ""graph_anomaly_score"": 0.0309}",2026-09-06T09:45:06.494738+00:00
MPLADS-002076,0.1203,NORMAL,"{""procurement_anomaly_score"": 0.9798, ""procurement_anomaly_percentile"": 0.2207, ""financial__sanctioned_amount"": 0.0674}",2026-09-06T09:45:06.494738+00:00
MPLADS-002077,0.0231,NORMAL,"{""geospatial_anomaly_score"": 0.2219, ""geo__infrastructure_gap_index"": 0.1602, ""project__planned_duration_days"": 0.062}",2026-09-06T09:45:06.494738+00:00
MPLADS-002078,0.0231,NORMAL,"{""geospatial_anomaly_score"": 0.1198, ""financial__sanctioned_amount"": 0.1045, ""procurement_anomaly_percentile"": 0.0719}",2026-09-06T09:45:06.494738+00:00
MPLADS-002079,0.0182,NORMAL,"{""financial_anomaly_score"": 0.0746, ""geo__infrastructure_gap_index"": 0.0649, ""payment_anomaly_percentile"": 0.051}",2026-09-06T09:45:06.494738+00:00
MPLADS-002080,1.0,GHOST_WORK,"{""progress_anomaly_score"": 5.2111, ""progress_anomaly_percentile"": 0.9157, ""payment_anomaly_score"": 0.103}",2026-09-06T09:45:06.494738+00:00
MPLADS-002081,0.0231,NORMAL,"{""procurement_anomaly_percentile"": 0.2489, ""geo__infrastructure_gap_index"": 0.2237, ""financial_anomaly_percentile"": 0.0819}",2026-09-06T09:45:06.494738+00:00
MPLADS-002082,1.0,PAYMENT_PROGRESS_MISMATCH,"{""progress_anomaly_score"": 5.0733, ""progress_anomaly_percentile"": 0.881, ""financial_anomaly_score"": 0.2043}",2026-09-06T09:45:06.494738+00:00
MPLADS-002083,0.3136,NORMAL,"{""procurement_anomaly_score"": 1.3643, ""procurement_anomaly_percentile"": 0.5438, ""financial__sanctioned_amount"": 0.1939}",2026-09-06T09:45:06.494738+00:00
MPLADS-002084,0.0225,NORMAL,"{""payment_anomaly_score"": 0.1543, ""project__planned_duration_days"": 0.0584, ""graph_anomaly_score"": 0.039}",2026-09-06T09:45:06.494738+00:00
MPLADS-002085,0.0182,NORMAL,"{""project__planned_duration_days"": 0.0679, ""mean_anomaly_score"": 0.0566, ""geospatial_anomaly_score"": 0.0332}",2026-09-06T09:45:06.494738+00:00
MPLADS-002086,0.0231,NORMAL,"{""geospatial_anomaly_score"": 0.1824, ""geo__population_density"": 0.1726, ""procurement_anomaly_percentile"": 0.097}",2026-09-06T09:45:06.494738+00:00
MPLADS-002087,0.0182,NORMAL,"{""geo__infrastructure_gap_index"": 0.0847, ""project__planned_duration_days"": 0.0182, ""graph_anomaly_percentile"": 0.0104}",2026-09-06T09:45:06.494738+00:00
MPLADS-002088,0.5162,PROCUREMENT_SINGLE_BID,"{""procurement_anomaly_score"": 1.9688, ""procurement_anomaly_percentile"": 0.8152, ""max_anomaly_score"": 0.1797}",2026-09-06T09:45:06.494738+00:00
MPLADS-002089,0.0231,NORMAL,"{""financial__sanctioned_amount"": 0.1784, ""geospatial_anomaly_score"": 0.1113, ""payment_anomaly_score"": 0.0631}",2026-09-06T09:45:06.494738+00:00
MPLADS-002090,0.0231,NORMAL,"{""financial__sanctioned_amount"": 0.2816, ""geo__population_density"": 0.1086, ""geo__infrastructure_gap_index"": 0.084}",2026-09-06T09:45:06.494738+00:00
MPLADS-002091,0.0231,NORMAL,"{""geo__population_density"": 0.2315, ""financial__sanctioned_amount"": 0.2129, ""payment_anomaly_score"": 0.0304}",2026-09-06T09:45:06.494738+00:00
MPLADS-002092,0.0231,NORMAL,"{""project__planned_duration_days"": 0.0598, ""financial__sanctioned_amount"": 0.0358, ""graph_anomaly_percentile"": 0.0034}",2026-09-06T09:45:06.494738+00:00
MPLADS-002093,0.0182,NORMAL,"{""geo__infrastructure_gap_index"": 0.1018, ""std_anomaly_score"": 0.0219, ""project__planned_duration_days"": 0.0142}",2026-09-06T09:45:06.494738+00:00
MPLADS-002094,0.0262,NORMAL,"{""geo__infrastructure_gap_index"": 0.1222, ""financial_anomaly_percentile"": 0.1041, ""project__planned_duration_days"": 0.0529}",2026-09-06T09:45:06.494738+00:00
MPLADS-002095,0.345,NORMAL,"{""procurement_anomaly_score"": 1.5081, ""procurement_anomaly_percentile"": 0.506, ""std_anomaly_score"": 0.0562}",2026-09-06T09:45:06.494738+00:00
MPLADS-002096,1.0,DELAYED_WORK,"{""progress_anomaly_score"": 5.1244, ""progress_anomaly_percentile"": 0.8308, ""financial__sanctioned_amount"": 0.1952}",2026-09-06T09:45:06.494738+00:00
MPLADS-002097,0.0182,NORMAL,"{""std_anomaly_score"": 0.0872, ""project__planned_duration_days"": 0.039, ""geo__population_density"": 0.0081}",2026-09-06T09:45:06.494738+00:00
MPLADS-002098,0.0182,NORMAL,"{""project__planned_duration_days"": 0.0499, ""std_anomaly_score"": 0.0298, ""geospatial_anomaly_score"": 0.0213}",2026-09-06T09:45:06.494738+00:00
MPLADS-002099,1.0,PAYMENT_PROGRESS_MISMATCH,"{""progress_anomaly_score"": 5.193, ""progress_anomaly_percentile"": 0.9297, ""payment_anomaly_score"": 0.1426}",2026-09-06T09:45:06.494738+00:00
MPLADS-002100,0.0314,NORMAL,"{""financial__sanctioned_amount"": 0.2367, ""procurement_anomaly_percentile"": 0.1565, ""geospatial_anomaly_score"": 0.1314}",2026-09-06T09:45:06.494738+00:00
MPLADS-002101,0.0182,NORMAL,"{""financial_anomaly_percentile"": 0.0428, ""project__planned_duration_days"": 0.0098, ""num_flagged_models"": 0.0014}",2026-09-06T09:45:06.494738+00:00
MPLADS-002102,0.0265,NORMAL,"{""geospatial_anomaly_score"": 0.1258, ""max_anomaly_score"": 0.099, ""std_anomaly_score"": 0.0762}",2026-09-06T09:45:06.494738+00:00
MPLADS-002103,0.0182,NORMAL,"{""geo__infrastructure_gap_index"": 0.2526, ""payment_anomaly_score"": 0.0685, ""payment_anomaly_percentile"": 0.0339}",2026-09-06T09:45:06.494738+00:00
MPLADS-002104,0.0182,NORMAL,"{""geo__infrastructure_gap_index"": 0.0598, ""project__planned_duration_days"": 0.0496, ""financial_anomaly_percentile"": 0.049}",2026-09-06T09:45:06.494738+00:00
MPLADS-002105,0.0225,NORMAL,"{""financial_anomaly_score"": 0.0639, ""financial_anomaly_percentile"": 0.0628, ""geo__population_density"": 0.0539}",2026-09-06T09:45:06.494738+00:00
MPLADS-002106,0.021,NORMAL,"{""geospatial_anomaly_score"": 0.0636, ""project__planned_duration_days"": 0.0364, ""mean_anomaly_score"": 0.0319}",2026-09-06T09:45:06.494738+00:00
MPLADS-002107,0.0265,NORMAL,"{""procurement_anomaly_score"": 0.4921, ""procurement_anomaly_percentile"": 0.1598, ""financial_anomaly_percentile"": 0.0516}",2026-09-06T09:45:06.494738+00:00
MPLADS-002108,0.0182,NORMAL,"{""geo__population_density"": 0.1104, ""graph_anomaly_score"": 0.1044, ""geospatial_anomaly_score"": 0.0741}",2026-09-06T09:45:06.494738+00:00
MPLADS-002109,0.0231,NORMAL,"{""graph_anomaly_score"": 0.0911, ""graph_anomaly_percentile"": 0.0877, ""project__planned_duration_days"": 0.0571}",2026-09-06T09:45:06.494738+00:00
MPLADS-002110,0.0231,NORMAL,"{""geospatial_anomaly_score"": 0.1879, ""project__planned_duration_days"": 0.059, ""geospatial_anomaly_percentile"": 0.0487}",2026-09-06T09:45:06.494738+00:00
MPLADS-002111,0.2704,NORMAL,"{""financial__sanctioned_amount"": 0.3779, ""geo__population_density"": 0.2704, ""geo__infrastructure_gap_index"": 0.2551}",2026-09-06T09:45:06.494738+00:00
MPLADS-002112,0.403,NORMAL,"{""procurement_anomaly_score"": 1.5223, ""procurement_anomaly_percentile"": 0.6967, ""max_anomaly_score"": 0.1331}",2026-09-06T09:45:06.494738+00:00
MPLADS-002113,1.0,PAYMENT_PROGRESS_MISMATCH,"{""progress_anomaly_score"": 5.0639, ""progress_anomaly_percentile"": 0.9325, ""geo__population_density"": 0.2342}",2026-09-06T09:45:06.494738+00:00
MPLADS-002114,1.0,GHOST_WORK,"{""progress_anomaly_score"": 5.2131, ""progress_anomaly_percentile"": 0.8948, ""payment_anomaly_score"": 0.1008}",2026-09-06T09:45:06.494738+00:00
MPLADS-002115,0.0088,NORMAL,"{""geo__infrastructure_gap_index"": 0.0304, ""financial_anomaly_percentile"": 0.0304, ""financial_anomaly_score"": 0.0265}",2026-09-06T09:45:06.494738+00:00
MPLADS-002116,0.0182,NORMAL,"{""project__planned_duration_days"": 0.0481, ""num_flagged_models"": 0.0014, ""project_size_code"": 0.0}",2026-09-06T09:45:06.494738+00:00
MPLADS-002117,1.0,COST_OVERRUN,"{""progress_anomaly_score"": 4.5551, ""progress_anomaly_percentile"": 0.8309, ""procurement_anomaly_percentile"": 0.1878}",2026-09-06T09:45:06.494738+00:00
MPLADS-002118,0.0314,NORMAL,"{""geospatial_anomaly_score"": 0.1321, ""project__planned_duration_days"": 0.0551, ""payment_anomaly_percentile"": 0.0413}",2026-09-06T09:45:06.494738+00:00
MPLADS-002119,0.0225,NORMAL,"{""payment_anomaly_score"": 0.2749, ""financial_anomaly_score"": 0.1611, ""financial_anomaly_percentile"": 0.1256}",2026-09-06T09:45:06.494738+00:00
MPLADS-002120,0.0225,NORMAL,"{""geospatial_anomaly_score"": 0.1084, ""project__planned_duration_days"": 0.0728, ""mean_anomaly_score"": 0.0406}",2026-09-06T09:45:06.494738+00:00
MPLADS-002121,0.0182,NORMAL,"{""project__planned_duration_days"": 0.0562, ""geo__infrastructure_gap_index"": 0.0543, ""geo__population_density"": 0.029}",2026-09-06T09:45:06.494738+00:00
MPLADS-002122,1.0,DELAYED_WORK,"{""progress_anomaly_score"": 5.0165, ""progress_anomaly_percentile"": 0.852, ""financial_anomaly_score"": 0.2028}",2026-09-06T09:45:06.494738+00:00
MPLADS-002123,0.0159,NORMAL,"{""financial_anomaly_score"": 0.1627, ""project__planned_duration_days"": 0.0354, ""graph_anomaly_score"": 0.0166}",2026-09-06T09:45:06.494738+00:00
MPLADS-002124,0.0231,NORMAL,"{""contractor_anomaly_percentile"": 0.1086, ""contractor_anomaly_score"": 0.0857, ""project__planned_duration_days"": 0.0598}",2026-09-06T09:45:06.494738+00:00
MPLADS-002125,0.0314,NORMAL,"{""geo__population_density"": 0.1244, ""geospatial_anomaly_score"": 0.1044, ""financial__sanctioned_amount"": 0.076}",2026-09-06T09:45:06.494738+00:00
MPLADS-002126,1.0,COST_OVERRUN,"{""progress_anomaly_score"": 2.9013, ""financial_anomaly_score"": 0.3794, ""progress_anomaly_percentile"": 0.2405}",2026-09-06T09:45:06.494738+00:00
MPLADS-002127,0.4696,NORMAL,"{""procurement_anomaly_score"": 1.494, ""procurement_anomaly_percentile"": 0.7567, ""max_anomaly_score"": 0.1059}",2026-09-06T09:45:06.494738+00:00
MPLADS-002128,0.0308,NORMAL,"{""geo__infrastructure_gap_index"": 0.0798, ""geospatial_anomaly_score"": 0.042, ""project__planned_duration_days"": 0.0386}",2026-09-06T09:45:06.494738+00:00
MPLADS-002129,0.0777,NORMAL,"{""financial_anomaly_score"": 0.4594, ""geospatial_anomaly_score"": 0.1948, ""financial_anomaly_percentile"": 0.1723}",2026-09-06T09:45:06.494738+00:00
MPLADS-002130,0.0872,NORMAL,"{""geospatial_anomaly_percentile"": 0.1477, ""geo__infrastructure_gap_index"": 0.1212, ""financial__sanctioned_amount"": 0.1086}",2026-09-06T09:45:06.494738+00:00
MPLADS-002131,1.0,DELAYED_WORK,"{""progress_anomaly_score"": 4.7962, ""progress_anomaly_percentile"": 0.853, ""financial_anomaly_score"": 0.1634}",2026-09-06T09:45:06.494738+00:00
MPLADS-002132,0.011,NORMAL,"{""payment_anomaly_score"": 0.0297, ""payment_anomaly_percentile"": 0.0277, ""num_flagged_models"": 0.0014}",2026-09-06T09:45:06.494738+00:00
MPLADS-002133,1.0,PAYMENT_PROGRESS_MISMATCH,"{""progress_anomaly_score"": 5.3697, ""progress_anomaly_percentile"": 0.9257, ""payment_anomaly_score"": 0.0974}",2026-09-06T09:45:06.494738+00:00
MPLADS-002134,0.0182,NORMAL,"{""geo__infrastructure_gap_index"": 0.0913, ""financial_anomaly_percentile"": 0.0574, ""project__planned_duration_days"": 0.0294}",2026-09-06T09:45:06.494738+00:00
MPLADS-002135,1.0,DOCUMENTATION_DEFICIT,"{""progress_anomaly_score"": 5.5753, ""progress_anomaly_percentile"": 0.9901, ""payment_anomaly_score"": 0.0853}",2026-09-06T09:45:06.494738+00:00
MPLADS-002136,0.0182,NORMAL,"{""financial__sanctioned_amount"": 0.1424, ""mean_anomaly_score"": 0.0661, ""graph_anomaly_percentile"": 0.0019}",2026-09-06T09:45:06.494738+00:00
MPLADS-002137,0.0161,NORMAL,"{""procurement_anomaly_percentile"": 0.1235, ""financial_anomaly_score"": 0.0987, ""financial_anomaly_percentile"": 0.0548}",2026-09-06T09:45:06.494738+00:00
MPLADS-002138,0.0182,NORMAL,"{""std_anomaly_score"": 0.0523, ""payment_anomaly_percentile"": 0.0416, ""financial_anomaly_percentile"": 0.034}",2026-09-06T09:45:06.494738+00:00
MPLADS-002139,0.2461,NORMAL,"{""procurement_anomaly_score"": 1.0558, ""procurement_anomaly_percentile"": 0.5597, ""financial__sanctioned_amount"": 0.1471}",2026-09-06T09:45:06.494738+00:00
MPLADS-002140,0.0314,NORMAL,"{""geo__population_density"": 0.2218, ""geo__infrastructure_gap_index"": 0.0911, ""geospatial_anomaly_score"": 0.0508}",2026-09-06T09:45:06.494738+00:00
MPLADS-002141,0.0225,NORMAL,"{""financial__sanctioned_amount"": 0.2348, ""geo__infrastructure_gap_index"": 0.0859, ""payment_anomaly_score"": 0.0374}",2026-09-06T09:45:06.494738+00:00
MPLADS-002142,0.0314,NORMAL,"{""geo__population_density"": 0.3524, ""geospatial_anomaly_score"": 0.0656, ""financial__sanctioned_amount"": 0.0086}",2026-09-06T09:45:06.494738+00:00
MPLADS-002143,0.0225,NORMAL,"{""payment_anomaly_score"": 0.1239, ""financial_anomaly_percentile"": 0.0912, ""payment_anomaly_percentile"": 0.0467}",2026-09-06T09:45:06.494738+00:00
MPLADS-002144,0.0314,NORMAL,"{""geo__population_density"": 0.2194, ""financial__sanctioned_amount"": 0.1597, ""geospatial_anomaly_score"": 0.0761}",2026-09-06T09:45:06.494738+00:00
MPLADS-002145,0.0592,NORMAL,"{""geo__population_density"": 0.199, ""contractor_anomaly_percentile"": 0.1861, ""contractor_anomaly_score"": 0.1379}",2026-09-06T09:45:06.494738+00:00
MPLADS-002146,0.0231,NORMAL,"{""financial__sanctioned_amount"": 0.1134, ""geospatial_anomaly_score"": 0.0951, ""geo__infrastructure_gap_index"": 0.062}",2026-09-06T09:45:06.494738+00:00
MPLADS-002147,0.0182,NORMAL,"{""financial__sanctioned_amount"": 0.0464, ""geospatial_anomaly_score"": 0.0301, ""contractor_anomaly_percentile"": 0.0238}",2026-09-06T09:45:06.494738+00:00
MPLADS-002148,0.0225,NORMAL,"{""project__planned_duration_days"": 0.055, ""geo__infrastructure_gap_index"": 0.0523, ""financial__sanctioned_amount"": 0.0316}",2026-09-06T09:45:06.494738+00:00
MPLADS-002149,0.0231,NORMAL,"{""graph_anomaly_percentile"": 0.0047, ""financial__sanctioned_amount"": 0.0043, ""num_flagged_models"": 0.0014}",2026-09-06T09:45:06.494738+00:00
MPLADS-002150,0.0153,NORMAL,"{""payment_anomaly_score"": 0.0552, ""financial_anomaly_percentile"": 0.0407, ""project__planned_duration_days"": 0.0332}",2026-09-06T09:45:06.494738+00:00
MPLADS-002151,0.011,NORMAL,"{""payment_anomaly_score"": 0.0708, ""financial_anomaly_percentile"": 0.0583, ""payment_anomaly_percentile"": 0.0472}",2026-09-06T09:45:06.494738+00:00
MPLADS-002152,0.0182,NORMAL,"{""payment_anomaly_percentile"": 0.0295, ""project__planned_duration_days"": 0.0177, ""num_flagged_models"": 0.0014}",2026-09-06T09:45:06.494738+00:00
MPLADS-002153,1.0,DELAYED_WORK,"{""progress_anomaly_score"": 4.8473, ""progress_anomaly_percentile"": 0.9339, ""procurement_anomaly_score"": 0.2449}",2026-09-06T09:45:06.494738+00:00
MPLADS-002154,0.0161,NORMAL,"{""payment_anomaly_percentile"": 0.0556, ""payment_anomaly_score"": 0.0415, ""financial__sanctioned_amount"": 0.0237}",2026-09-06T09:45:06.494738+00:00
MPLADS-002155,0.0345,NORMAL,"{""financial__sanctioned_amount"": 0.2669, ""geospatial_anomaly_score"": 0.1117, ""financial_anomaly_percentile"": 0.0854}",2026-09-06T09:45:06.494738+00:00
MPLADS-002156,0.155,NORMAL,"{""procurement_anomaly_score"": 0.742, ""procurement_anomaly_percentile"": 0.3935, ""financial_anomaly_score"": 0.1559}",2026-09-06T09:45:06.494738+00:00
MPLADS-002157,0.0262,NORMAL,"{""procurement_anomaly_percentile"": 0.1098, ""financial_anomaly_percentile"": 0.105, ""geospatial_anomaly_score"": 0.0785}",2026-09-06T09:45:06.494738+00:00
MPLADS-002158,1.0,PAYMENT_PROGRESS_MISMATCH,"{""progress_anomaly_score"": 5.2703, ""progress_anomaly_percentile"": 0.921, ""payment_anomaly_score"": 0.098}",2026-09-06T09:45:06.494738+00:00
MPLADS-002159,0.0231,NORMAL,"{""financial__sanctioned_amount"": 0.1683, ""financial_anomaly_score"": 0.1391, ""geospatial_anomaly_score"": 0.1173}",2026-09-06T09:45:06.494738+00:00
MPLADS-002160,0.0231,NORMAL,"{""project__planned_duration_days"": 0.0497, ""financial__sanctioned_amount"": 0.0171, ""contractor_anomaly_percentile"": 0.0137}",2026-09-06T09:45:06.494738+00:00
MPLADS-002161,0.0225,NORMAL,"{""geo__population_density"": 0.2203, ""financial_anomaly_score"": 0.0847, ""financial__sanctioned_amount"": 0.0265}",2026-09-06T09:45:06.494738+00:00
MPLADS-002162,0.011,NORMAL,"{""payment_anomaly_score"": 0.0734, ""payment_anomaly_percentile"": 0.0462, ""financial_anomaly_percentile"": 0.0326}",2026-09-06T09:45:06.494738+00:00
MPLADS-002163,0.0314,NORMAL,"{""geo__population_density"": 0.1076, ""financial_anomaly_percentile"": 0.0957, ""geo__infrastructure_gap_index"": 0.0811}",2026-09-06T09:45:06.494738+00:00
MPLADS-002164,0.0182,NORMAL,"{""project__planned_duration_days"": 0.0548, ""financial_anomaly_score"": 0.0494, ""geo__infrastructure_gap_index"": 0.0466}",2026-09-06T09:45:06.494738+00:00
MPLADS-002165,0.0442,NORMAL,"{""geospatial_anomaly_score"": 0.1251, ""geo__infrastructure_gap_index"": 0.0806, ""project__planned_duration_days"": 0.0704}",2026-09-06T09:45:06.494738+00:00
MPLADS-002166,1.0,COST_OVERRUN,"{""progress_anomaly_score"": 2.5756, ""procurement_anomaly_score"": 0.5387, ""financial_anomaly_score"": 0.3653}",2026-09-06T09:45:06.494738+00:00
MPLADS-002167,0.0182,NORMAL,"{""geo__infrastructure_gap_index"": 0.1126, ""geo__population_density"": 0.1021, ""financial__sanctioned_amount"": 0.091}",2026-09-06T09:45:06.494738+00:00
MPLADS-002168,0.0525,NORMAL,"{""geo__population_density"": 0.1969, ""project__planned_duration_days"": 0.0671, ""geospatial_anomaly_score"": 0.0504}",2026-09-06T09:45:06.494738+00:00
MPLADS-002169,0.2449,NORMAL,"{""financial__sanctioned_amount"": 0.6, ""procurement_anomaly_percentile"": 0.2242, ""geo__infrastructure_gap_index"": 0.1529}",2026-09-06T09:45:06.494738+00:00
MPLADS-002170,0.0088,NORMAL,"{""financial_anomaly_percentile"": 0.0502, ""project__planned_duration_days"": 0.042, ""payment_anomaly_score"": 0.0199}",2026-09-06T09:45:06.494738+00:00
MPLADS-002171,0.0225,NORMAL,"{""financial__sanctioned_amount"": 0.1789, ""geo__population_density"": 0.115, ""geo__infrastructure_gap_index"": 0.113}",2026-09-06T09:45:06.494738+00:00
MPLADS-002172,0.0182,NORMAL,"{""financial__sanctioned_amount"": 0.0793, ""project__planned_duration_days"": 0.0546, ""geospatial_anomaly_score"": 0.0116}",2026-09-06T09:45:06.494738+00:00
MPLADS-002173,0.0225,NORMAL,"{""geospatial_anomaly_score"": 0.2028, ""geospatial_anomaly_percentile"": 0.086, ""project__planned_duration_days"": 0.0732}",2026-09-06T09:45:06.494738+00:00
MPLADS-002174,0.0314,NORMAL,"{""procurement_anomaly_percentile"": 0.1672, ""financial__sanctioned_amount"": 0.0754, ""geospatial_anomaly_score"": 0.0505}",2026-09-06T09:45:06.494738+00:00
MPLADS-002175,1.0,PAYMENT_PROGRESS_MISMATCH,"{""progress_anomaly_score"": 5.2292, ""progress_anomaly_percentile"": 0.9283, ""payment_anomaly_score"": 0.1132}",2026-09-06T09:45:06.494738+00:00
MPLADS-002176,0.0088,NORMAL,"{""financial_anomaly_score"": 0.0482, ""project__planned_duration_days"": 0.0366, ""financial_anomaly_percentile"": 0.0295}",2026-09-06T09:45:06.494738+00:00
MPLADS-002177,0.4972,NORMAL,"{""procurement_anomaly_score"": 1.5142, ""procurement_anomaly_percentile"": 0.8508, ""max_anomaly_score"": 0.2181}",2026-09-06T09:45:06.494738+00:00
MPLADS-002178,0.0225,NORMAL,"{""geo__population_density"": 0.2845, ""geospatial_anomaly_score"": 0.122, ""project__planned_duration_days"": 0.0603}",2026-09-06T09:45:06.494738+00:00
MPLADS-002179,0.0182,NORMAL,"{""geo__infrastructure_gap_index"": 0.0709, ""project__planned_duration_days"": 0.0328, ""geospatial_anomaly_score"": 0.0183}",2026-09-06T09:45:06.494738+00:00
MPLADS-002180,0.0182,NORMAL,"{""financial__sanctioned_amount"": 0.2206, ""geospatial_anomaly_score"": 0.0488, ""graph_anomaly_score"": 0.0212}",2026-09-06T09:45:06.494738+00:00
MPLADS-002181,0.0182,NORMAL,"{""project__planned_duration_days"": 0.0365, ""payment_anomaly_percentile"": 0.0143, ""num_flagged_models"": 0.0014}",2026-09-06T09:45:06.494738+00:00
MPLADS-002182,0.0182,NORMAL,"{""geospatial_anomaly_score"": 0.0815, ""mean_anomaly_score"": 0.0751, ""geospatial_anomaly_percentile"": 0.0395}",2026-09-06T09:45:06.494738+00:00
MPLADS-002183,0.0308,NORMAL,"{""geospatial_anomaly_score"": 0.1924, ""project__planned_duration_days"": 0.0676, ""financial__sanctioned_amount"": 0.0637}",2026-09-06T09:45:06.494738+00:00
MPLADS-002184,1.0,DOCUMENTATION_DEFICIT,"{""progress_anomaly_score"": 5.4298, ""progress_anomaly_percentile"": 0.9391, ""payment_anomaly_score"": 0.1029}",2026-09-06T09:45:06.494738+00:00
MPLADS-002185,0.0182,NORMAL,"{""graph_anomaly_score"": 0.0852, ""project__planned_duration_days"": 0.0349, ""std_anomaly_score"": 0.0201}",2026-09-06T09:45:06.494738+00:00
MPLADS-002186,0.0231,NORMAL,"{""contractor_anomaly_percentile"": 0.2439, ""financial__sanctioned_amount"": 0.2067, ""contractor_anomaly_score"": 0.2056}",2026-09-06T09:45:06.494738+00:00
MPLADS-002187,0.0159,NORMAL,"{""geo__infrastructure_gap_index"": 0.1472, ""geo__population_density"": 0.0596, ""project__planned_duration_days"": 0.0486}",2026-09-06T09:45:06.494738+00:00
MPLADS-002188,0.0182,NORMAL,"{""project__planned_duration_days"": 0.0531, ""geospatial_anomaly_score"": 0.0252, ""std_anomaly_score"": 0.0143}",2026-09-06T09:45:06.494738+00:00
MPLADS-002189,0.0265,NORMAL,"{""financial__sanctioned_amount"": 0.1237, ""geo__population_density"": 0.0952, ""geo__infrastructure_gap_index"": 0.0686}",2026-09-06T09:45:06.494738+00:00
MPLADS-002190,0.0182,NORMAL,"{""geo__infrastructure_gap_index"": 0.1146, ""project__planned_duration_days"": 0.0351, ""contractor_anomaly_percentile"": 0.0135}",2026-09-06T09:45:06.494738+00:00
MPLADS-002191,0.0182,NORMAL,"{""geo__population_density"": 0.2421, ""financial_anomaly_percentile"": 0.0532, ""project__planned_duration_days"": 0.0527}",2026-09-06T09:45:06.494738+00:00
MPLADS-002192,1.0,COST_OVERRUN,"{""progress_anomaly_score"": 4.6858, ""progress_anomaly_percentile"": 0.8478, ""procurement_anomaly_score"": 0.2456}",2026-09-06T09:45:06.494738+00:00
MPLADS-002193,0.021,NORMAL,"{""geospatial_anomaly_score"": 0.0816, ""project__planned_duration_days"": 0.0314, ""mean_anomaly_score"": 0.0086}",2026-09-06T09:45:06.494738+00:00
MPLADS-002194,0.0161,NORMAL,"{""payment_anomaly_score"": 0.3627, ""graph_anomaly_score"": 0.1102, ""payment_anomaly_percentile"": 0.0966}",2026-09-06T09:45:06.494738+00:00
MPLADS-002195,0.0182,NORMAL,"{""geo__infrastructure_gap_index"": 0.2499, ""geo__population_density"": 0.1232, ""financial_anomaly_score"": 0.0421}",2026-09-06T09:45:06.494738+00:00
MPLADS-002196,0.0225,NORMAL,"{""geo__population_density"": 0.1162, ""geospatial_anomaly_score"": 0.0822, ""geo__infrastructure_gap_index"": 0.0334}",2026-09-06T09:45:06.494738+00:00
MPLADS-002197,1.0,DELAYED_WORK,"{""progress_anomaly_score"": 5.5113, ""progress_anomaly_percentile"": 0.9376, ""financial_anomaly_score"": 0.1238}",2026-09-06T09:45:06.494738+00:00
MPLADS-002198,0.0182,NORMAL,"{""geospatial_anomaly_score"": 0.0716, ""project__planned_duration_days"": 0.0539, ""financial__sanctioned_amount"": 0.0382}",2026-09-06T09:45:06.494738+00:00
MPLADS-002199,0.0182,NORMAL,"{""financial__sanctioned_amount"": 0.143, ""payment_anomaly_percentile"": 0.0206, ""std_anomaly_score"": 0.0119}",2026-09-06T09:45:06.494738+00:00
MPLADS-002200,0.0225,NORMAL,"{""geospatial_anomaly_score"": 0.0906, ""financial__sanctioned_amount"": 0.0379, ""geospatial_anomaly_percentile"": 0.0151}",2026-09-06T09:45:06.494738+00:00
MPLADS-002201,0.0139,NORMAL,"{""project__planned_duration_days"": 0.0748, ""graph_anomaly_score"": 0.0433, ""geo__population_density"": 0.0422}",2026-09-06T09:45:06.494738+00:00
MPLADS-002202,0.9524,COST_OVERRUN,"{""progress_anomaly_score"": 2.8067, ""procurement_anomaly_score"": 0.4789, ""procurement_anomaly_percentile"": 0.3094}",2026-09-06T09:45:06.494738+00:00
MPLADS-002203,0.0262,NORMAL,"{""procurement_anomaly_percentile"": 0.4221, ""financial_anomaly_score"": 0.1843, ""financial_anomaly_percentile"": 0.0886}",2026-09-06T09:45:06.494738+00:00
MPLADS-002204,0.0664,NORMAL,"{""geo__infrastructure_gap_index"": 0.0885, ""geospatial_anomaly_percentile"": 0.0484, ""project__planned_duration_days"": 0.0283}",2026-09-06T09:45:06.494738+00:00
MPLADS-002205,0.0182,NORMAL,"{""geospatial_anomaly_score"": 0.067, ""project__planned_duration_days"": 0.0345, ""geospatial_anomaly_percentile"": 0.0206}",2026-09-06T09:45:06.494738+00:00
MPLADS-002206,1.0,DELAYED_WORK,"{""progress_anomaly_score"": 5.0889, ""progress_anomaly_percentile"": 0.833, ""financial_anomaly_score"": 0.2458}",2026-09-06T09:45:06.494738+00:00
MPLADS-002207,0.0345,NORMAL,"{""geo__population_density"": 0.4853, ""financial__sanctioned_amount"": 0.1054, ""graph_anomaly_score"": 0.1049}",2026-09-06T09:45:06.494738+00:00
MPLADS-002208,0.0231,NORMAL,"{""geo__population_density"": 0.1251, ""geospatial_anomaly_score"": 0.1071, ""project__planned_duration_days"": 0.0422}",2026-09-06T09:45:06.494738+00:00
MPLADS-002209,1.0,DELAYED_WORK,"{""progress_anomaly_score"": 5.2358, ""progress_anomaly_percentile"": 0.8669, ""financial_anomaly_score"": 0.1566}",2026-09-06T09:45:06.494738+00:00
MPLADS-002210,0.0046,NORMAL,"{""financial_anomaly_score"": 0.1415, ""project__planned_duration_days"": 0.0265, ""std_anomaly_score"": 0.0223}",2026-09-06T09:45:06.494738+00:00
MPLADS-002211,0.0225,NORMAL,"{""financial_anomaly_score"": 0.2127, ""payment_anomaly_percentile"": 0.0514, ""financial_anomaly_percentile"": 0.0309}",2026-09-06T09:45:06.494738+00:00
MPLADS-002212,0.0231,NORMAL,"{""geo__infrastructure_gap_index"": 0.1, ""geo__population_density"": 0.0955, ""geospatial_anomaly_score"": 0.0926}",2026-09-06T09:45:06.494738+00:00
MPLADS-002213,0.0182,NORMAL,"{""payment_anomaly_percentile"": 0.0524, ""financial_anomaly_percentile"": 0.0404, ""geo__infrastructure_gap_index"": 0.0366}",2026-09-06T09:45:06.494738+00:00
MPLADS-002214,0.0231,NORMAL,"{""geospatial_anomaly_score"": 0.1922, ""geospatial_anomaly_percentile"": 0.0565, ""project__planned_duration_days"": 0.0545}",2026-09-06T09:45:06.494738+00:00
MPLADS-002215,1.0,GHOST_WORK,"{""progress_anomaly_score"": 5.2261, ""progress_anomaly_percentile"": 0.9419, ""payment_anomaly_score"": 0.0863}",2026-09-06T09:45:06.494738+00:00
MPLADS-002216,0.0182,NORMAL,"{""financial__sanctioned_amount"": 0.2282, ""financial_anomaly_score"": 0.0782, ""graph_anomaly_score"": 0.0445}",2026-09-06T09:45:06.494738+00:00
MPLADS-002217,0.0231,NORMAL,"{""financial__sanctioned_amount"": 0.1787, ""geospatial_anomaly_score"": 0.1396, ""geo__infrastructure_gap_index"": 0.0844}",2026-09-06T09:45:06.494738+00:00
MPLADS-002218,0.0231,NORMAL,"{""project__planned_duration_days"": 0.0711, ""financial_anomaly_score"": 0.0398, ""financial__sanctioned_amount"": 0.0148}",2026-09-06T09:45:06.494738+00:00
MPLADS-002219,1.0,GHOST_WORK,"{""progress_anomaly_score"": 4.8238, ""progress_anomaly_percentile"": 0.9299, ""payment_anomaly_score"": 0.3458}",2026-09-06T09:45:06.494738+00:00
MPLADS-002220,0.0225,NORMAL,"{""financial__sanctioned_amount"": 0.087, ""geospatial_anomaly_score"": 0.0673, ""geo__population_density"": 0.0577}",2026-09-06T09:45:06.494738+00:00
MPLADS-002221,0.021,NORMAL,"{""geospatial_anomaly_score"": 0.1715, ""project__planned_duration_days"": 0.0593, ""geospatial_anomaly_percentile"": 0.0443}",2026-09-06T09:45:06.494738+00:00
MPLADS-002222,0.0231,NORMAL,"{""geo__population_density"": 0.1341, ""geospatial_anomaly_score"": 0.0663, ""financial__sanctioned_amount"": 0.0316}",2026-09-06T09:45:06.494738+00:00
MPLADS-002223,0.0182,NORMAL,"{""project__planned_duration_days"": 0.051, ""num_flagged_models"": 0.0014, ""graph_anomaly_score"": 0.0012}",2026-09-06T09:45:06.494738+00:00
MPLADS-002224,0.0231,NORMAL,"{""geospatial_anomaly_score"": 0.0902, ""project__planned_duration_days"": 0.0578, ""financial_anomaly_score"": 0.0435}",2026-09-06T09:45:06.494738+00:00
MPLADS-002225,0.0204,NORMAL,"{""project__planned_duration_days"": 0.0658, ""mean_anomaly_score"": 0.0277, ""contractor_anomaly_score"": 0.0148}",2026-09-06T09:45:06.494738+00:00
MPLADS-002226,0.0225,NORMAL,"{""geospatial_anomaly_score"": 0.1142, ""mean_anomaly_score"": 0.0539, ""geo__infrastructure_gap_index"": 0.0436}",2026-09-06T09:45:06.494738+00:00
MPLADS-002227,0.1289,NORMAL,"{""procurement_anomaly_score"": 0.7412, ""procurement_anomaly_percentile"": 0.2086, ""geospatial_anomaly_score"": 0.0658}",2026-09-06T09:45:06.494738+00:00
MPLADS-002228,0.3914,NORMAL,"{""procurement_anomaly_score"": 1.7129, ""procurement_anomaly_percentile"": 0.8018, ""max_anomaly_score"": 0.1698}",2026-09-06T09:45:06.494738+00:00
MPLADS-002229,0.0231,NORMAL,"{""financial__sanctioned_amount"": 0.1874, ""geospatial_anomaly_score"": 0.1094, ""graph_anomaly_score"": 0.1056}",2026-09-06T09:45:06.494738+00:00
MPLADS-002230,0.0182,NORMAL,"{""payment_anomaly_score"": 0.0257, ""financial__sanctioned_amount"": 0.0174, ""graph_anomaly_percentile"": 0.0156}",2026-09-06T09:45:06.494738+00:00
MPLADS-002231,0.0182,NORMAL,"{""financial_anomaly_percentile"": 0.0617, ""contractor_anomaly_score"": 0.0335, ""mean_anomaly_score"": 0.0282}",2026-09-06T09:45:06.494738+00:00
MPLADS-002232,0.0231,NORMAL,"{""geo__infrastructure_gap_index"": 0.1385, ""project__planned_duration_days"": 0.058, ""contractor_anomaly_score"": 0.0193}",2026-09-06T09:45:06.494738+00:00
MPLADS-002233,0.0182,NORMAL,"{""geospatial_anomaly_percentile"": 0.0775, ""contractor_anomaly_score"": 0.0746, ""financial_anomaly_score"": 0.0439}",2026-09-06T09:45:06.494738+00:00
MPLADS-002234,1.0,GHOST_WORK,"{""progress_anomaly_score"": 5.1897, ""progress_anomaly_percentile"": 0.9607, ""payment_anomaly_score"": 0.1442}",2026-09-06T09:45:06.494738+00:00
MPLADS-002235,0.0067,NORMAL,"{""geo__infrastructure_gap_index"": 0.1297, ""geo__population_density"": 0.1027, ""financial_anomaly_score"": 0.0816}",2026-09-06T09:45:06.494738+00:00
MPLADS-002236,0.0182,NORMAL,"{""geo__infrastructure_gap_index"": 0.1457, ""std_anomaly_score"": 0.0522, ""financial__sanctioned_amount"": 0.0243}",2026-09-06T09:45:06.494738+00:00
MPLADS-002237,0.0182,NORMAL,"{""geo__infrastructure_gap_index"": 0.0703, ""project__planned_duration_days"": 0.0562, ""financial__sanctioned_amount"": 0.0223}",2026-09-06T09:45:06.494738+00:00
MPLADS-002238,1.0,DOCUMENTATION_DEFICIT,"{""progress_anomaly_score"": 5.5439, ""progress_anomaly_percentile"": 0.9888, ""financial_anomaly_score"": 0.1008}",2026-09-06T09:45:06.494738+00:00
MPLADS-002239,1.0,PAYMENT_PROGRESS_MISMATCH,"{""progress_anomaly_score"": 5.569, ""progress_anomaly_percentile"": 0.9727, ""payment_anomaly_score"": 0.0699}",2026-09-06T09:45:06.494738+00:00
MPLADS-002240,1.0,COST_OVERRUN,"{""progress_anomaly_score"": 4.7921, ""progress_anomaly_percentile"": 0.8973, ""procurement_anomaly_score"": 0.2512}",2026-09-06T09:45:06.494738+00:00
MPLADS-002241,0.0182,NORMAL,"{""geospatial_anomaly_score"": 0.0377, ""graph_anomaly_percentile"": 0.037, ""financial__sanctioned_amount"": 0.0297}",2026-09-06T09:45:06.494738+00:00
MPLADS-002242,0.0182,NORMAL,"{""financial__sanctioned_amount"": 0.1101, ""std_anomaly_score"": 0.0593, ""project__planned_duration_days"": 0.0092}",2026-09-06T09:45:06.494738+00:00
MPLADS-002243,0.0182,NORMAL,"{""geo__infrastructure_gap_index"": 0.2357, ""financial__sanctioned_amount"": 0.1318, ""financial_anomaly_score"": 0.0565}",2026-09-06T09:45:06.494738+00:00
MPLADS-002244,0.0182,NORMAL,"{""geospatial_anomaly_score"": 0.0433, ""financial__sanctioned_amount"": 0.0334, ""project__planned_duration_days"": 0.033}",2026-09-06T09:45:06.494738+00:00
MPLADS-002245,0.0231,NORMAL,"{""geo__population_density"": 0.1659, ""geospatial_anomaly_score"": 0.127, ""geo__infrastructure_gap_index"": 0.0758}",2026-09-06T09:45:06.494738+00:00
MPLADS-002246,1.0,PAYMENT_PROGRESS_MISMATCH,"{""progress_anomaly_score"": 5.3175, ""progress_anomaly_percentile"": 0.891, ""financial__sanctioned_amount"": 0.0937}",2026-09-06T09:45:06.494738+00:00
MPLADS-002247,0.0182,NORMAL,"{""financial__sanctioned_amount"": 0.0405, ""std_anomaly_score"": 0.0052, ""geo__infrastructure_gap_index"": 0.002}",2026-09-06T09:45:06.494738+00:00
MPLADS-002248,0.0225,NORMAL,"{""project__planned_duration_days"": 0.0555, ""financial_anomaly_percentile"": 0.0369, ""geo__infrastructure_gap_index"": 0.014}",2026-09-06T09:45:06.494738+00:00
MPLADS-002249,1.0,PAYMENT_PROGRESS_MISMATCH,"{""progress_anomaly_score"": 5.2487, ""progress_anomaly_percentile"": 0.9038, ""payment_anomaly_score"": 0.1163}",2026-09-06T09:45:06.494738+00:00
MPLADS-002250,0.4797,NORMAL,"{""procurement_anomaly_score"": 1.4181, ""procurement_anomaly_percentile"": 0.6408, ""geospatial_anomaly_score"": 0.1327}",2026-09-06T09:45:06.494738+00:00
MPLADS-002251,0.0182,NORMAL,"{""financial__sanctioned_amount"": 0.1225, ""max_anomaly_score"": 0.0762, ""std_anomaly_score"": 0.0221}",2026-09-06T09:45:06.494738+00:00
MPLADS-002252,0.0314,NORMAL,"{""financial__sanctioned_amount"": 0.2888, ""payment_anomaly_score"": 0.1348, ""geospatial_anomaly_score"": 0.1129}",2026-09-06T09:45:06.494738+00:00
MPLADS-002253,1.0,COST_OVERRUN,"{""progress_anomaly_score"": 4.7923, ""progress_anomaly_percentile"": 0.9137, ""procurement_anomaly_score"": 0.2948}",2026-09-06T09:45:06.494738+00:00
MPLADS-002254,0.5475,PROCUREMENT_SINGLE_BID,"{""procurement_anomaly_score"": 1.5948, ""procurement_anomaly_percentile"": 0.7394, ""financial__sanctioned_amount"": 0.1768}",2026-09-06T09:45:06.494738+00:00
MPLADS-002255,0.0345,NORMAL,"{""geo__population_density"": 0.1945, ""financial__sanctioned_amount"": 0.1258, ""geo__infrastructure_gap_index"": 0.1089}",2026-09-06T09:45:06.494738+00:00
MPLADS-002256,0.0225,NORMAL,"{""financial__sanctioned_amount"": 0.1807, ""financial_anomaly_percentile"": 0.0634, ""payment_anomaly_percentile"": 0.0263}",2026-09-06T09:45:06.494738+00:00
MPLADS-002257,0.0442,NORMAL,"{""geospatial_anomaly_score"": 0.1044, ""mean_anomaly_score"": 0.0748, ""project__planned_duration_days"": 0.0557}",2026-09-06T09:45:06.494738+00:00
MPLADS-002258,0.0182,NORMAL,"{""financial__sanctioned_amount"": 0.0274, ""graph_anomaly_percentile"": 0.0206, ""graph_anomaly_score"": 0.0139}",2026-09-06T09:45:06.494738+00:00
MPLADS-002259,0.0314,NORMAL,"{""geospatial_anomaly_score"": 0.1769, ""geo__population_density"": 0.1388, ""geospatial_anomaly_percentile"": 0.0964}",2026-09-06T09:45:06.494738+00:00
MPLADS-002260,0.0231,NORMAL,"{""project__planned_duration_days"": 0.042, ""graph_anomaly_score"": 0.0165, ""contractor_anomaly_score"": 0.0113}",2026-09-06T09:45:06.494738+00:00
MPLADS-002261,1.0,PAYMENT_PROGRESS_MISMATCH,"{""progress_anomaly_score"": 5.2511, ""progress_anomaly_percentile"": 0.9166, ""payment_anomaly_score"": 0.1229}",2026-09-06T09:45:06.494738+00:00
MPLADS-002262,0.011,NORMAL,"{""geo__infrastructure_gap_index"": 0.1806, ""financial_anomaly_score"": 0.1606, ""geo__population_density"": 0.1027}",2026-09-06T09:45:06.494738+00:00
MPLADS-002263,0.0182,NORMAL,"{""financial__sanctioned_amount"": 0.0513, ""geo__population_density"": 0.04, ""num_flagged_models"": 0.0014}",2026-09-06T09:45:06.494738+00:00
MPLADS-002264,0.3914,NORMAL,"{""procurement_anomaly_score"": 1.3231, ""procurement_anomaly_percentile"": 0.5666, ""geo__population_density"": 0.2124}",2026-09-06T09:45:06.494738+00:00
MPLADS-002265,0.0314,NORMAL,"{""financial__sanctioned_amount"": 0.173, ""geospatial_anomaly_score"": 0.1148, ""payment_anomaly_score"": 0.0939}",2026-09-06T09:45:06.494738+00:00
MPLADS-002266,0.0225,NORMAL,"{""geospatial_anomaly_score"": 0.1437, ""project__planned_duration_days"": 0.0483, ""geospatial_anomaly_percentile"": 0.0392}",2026-09-06T09:45:06.494738+00:00
MPLADS-002267,0.0231,NORMAL,"{""project__planned_duration_days"": 0.0668, ""geospatial_anomaly_score"": 0.0644, ""std_anomaly_score"": 0.0595}",2026-09-06T09:45:06.494738+00:00
MPLADS-002268,0.0231,NORMAL,"{""financial__sanctioned_amount"": 0.1422, ""project__planned_duration_days"": 0.055, ""geospatial_anomaly_score"": 0.0453}",2026-09-06T09:45:06.494738+00:00
MPLADS-002269,1.0,GHOST_WORK,"{""progress_anomaly_score"": 5.1678, ""progress_anomaly_percentile"": 0.9043, ""max_anomaly_score"": 0.0768}",2026-09-06T09:45:06.494738+00:00
MPLADS-002270,0.0225,NORMAL,"{""geo__infrastructure_gap_index"": 0.1053, ""financial__sanctioned_amount"": 0.0904, ""geo__population_density"": 0.0238}",2026-09-06T09:45:06.494738+00:00
MPLADS-002271,0.9524,COST_OVERRUN,"{""progress_anomaly_score"": 0.9043, ""procurement_anomaly_score"": 0.6121, ""financial_anomaly_score"": 0.4242}",2026-09-06T09:45:06.494738+00:00
MPLADS-002272,0.0442,NORMAL,"{""procurement_anomaly_percentile"": 0.2992, ""geo__population_density"": 0.1148, ""geospatial_anomaly_score"": 0.0838}",2026-09-06T09:45:06.494738+00:00
MPLADS-002273,1.0,PAYMENT_PROGRESS_MISMATCH,"{""progress_anomaly_score"": 5.2148, ""progress_anomaly_percentile"": 0.8923, ""payment_anomaly_score"": 0.0861}",2026-09-06T09:45:06.494738+00:00
MPLADS-002274,1.0,DOCUMENTATION_DEFICIT,"{""progress_anomaly_score"": 5.0717, ""progress_anomaly_percentile"": 0.8655, ""geo__population_density"": 0.2022}",2026-09-06T09:45:06.494738+00:00
MPLADS-002275,0.4013,NORMAL,"{""procurement_anomaly_score"": 1.5187, ""procurement_anomaly_percentile"": 0.6037, ""std_anomaly_score"": 0.1039}",2026-09-06T09:45:06.494738+00:00
MPLADS-002276,1.0,PAYMENT_PROGRESS_MISMATCH,"{""progress_anomaly_score"": 4.963, ""progress_anomaly_percentile"": 0.9008, ""geo__population_density"": 0.1229}",2026-09-06T09:45:06.494738+00:00
MPLADS-002277,0.0182,NORMAL,"{""geospatial_anomaly_score"": 0.0911, ""financial__sanctioned_amount"": 0.0513, ""geospatial_anomaly_percentile"": 0.0154}",2026-09-06T09:45:06.494738+00:00
MPLADS-002278,0.0231,NORMAL,"{""geo__infrastructure_gap_index"": 0.1457, ""financial_anomaly_score"": 0.1088, ""financial__sanctioned_amount"": 0.0658}",2026-09-06T09:45:06.494738+00:00
MPLADS-002279,0.0225,NORMAL,"{""std_anomaly_score"": 0.0272, ""financial__sanctioned_amount"": 0.0268, ""num_flagged_models"": 0.0014}",2026-09-06T09:45:06.494738+00:00
MPLADS-002280,0.0231,NORMAL,"{""financial__sanctioned_amount"": 0.2043, ""geo__infrastructure_gap_index"": 0.066, ""graph_anomaly_score"": 0.0609}",2026-09-06T09:45:06.494738+00:00
MPLADS-002281,0.0225,NORMAL,"{""geo__population_density"": 0.1042, ""project__planned_duration_days"": 0.0483, ""payment_anomaly_percentile"": 0.0477}",2026-09-06T09:45:06.494738+00:00
MPLADS-002282,0.0182,NORMAL,"{""financial__sanctioned_amount"": 0.0176, ""contractor_anomaly_score"": 0.0143, ""graph_anomaly_percentile"": 0.0134}",2026-09-06T09:45:06.494738+00:00
MPLADS-002283,0.0182,NORMAL,"{""geospatial_anomaly_score"": 0.0663, ""financial__sanctioned_amount"": 0.0635, ""geospatial_anomaly_percentile"": 0.0376}",2026-09-06T09:45:06.494738+00:00
MPLADS-002284,0.403,NORMAL,"{""procurement_anomaly_score"": 1.4793, ""procurement_anomaly_percentile"": 0.5679, ""geo__population_density"": 0.1709}",2026-09-06T09:45:06.494738+00:00
MPLADS-002285,0.0225,NORMAL,"{""project__planned_duration_days"": 0.0496, ""graph_anomaly_score"": 0.0145, ""geospatial_anomaly_score"": 0.0051}",2026-09-06T09:45:06.494738+00:00
MPLADS-002286,0.011,NORMAL,"{""financial__sanctioned_amount"": 0.0818, ""geo__infrastructure_gap_index"": 0.0789, ""project__planned_duration_days"": 0.0331}",2026-09-06T09:45:06.494738+00:00
MPLADS-002287,0.0314,NORMAL,"{""geo__population_density"": 0.071, ""project__planned_duration_days"": 0.053, ""geo__infrastructure_gap_index"": 0.0375}",2026-09-06T09:45:06.494738+00:00
MPLADS-002288,0.0231,NORMAL,"{""geospatial_anomaly_score"": 0.1597, ""geo__population_density"": 0.0958, ""geospatial_anomaly_percentile"": 0.0798}",2026-09-06T09:45:06.494738+00:00
MPLADS-002289,1.0,DELAYED_WORK,"{""progress_anomaly_score"": 4.4058, ""progress_anomaly_percentile"": 0.8083, ""procurement_anomaly_score"": 0.2475}",2026-09-06T09:45:06.494738+00:00
MPLADS-002290,0.0231,NORMAL,"{""payment_anomaly_score"": 0.1168, ""financial__sanctioned_amount"": 0.1053, ""geo__infrastructure_gap_index"": 0.0746}",2026-09-06T09:45:06.494738+00:00
MPLADS-002291,0.0525,NORMAL,"{""geo__population_density"": 0.2837, ""project__planned_duration_days"": 0.0548, ""geospatial_anomaly_score"": 0.0524}",2026-09-06T09:45:06.494738+00:00
MPLADS-002292,0.0345,NORMAL,"{""geospatial_anomaly_score"": 0.1273, ""geo__population_density"": 0.0869, ""project__planned_duration_days"": 0.0601}",2026-09-06T09:45:06.494738+00:00
MPLADS-002293,0.0231,NORMAL,"{""geospatial_anomaly_score"": 0.2278, ""geo__population_density"": 0.0944, ""geospatial_anomaly_percentile"": 0.0779}",2026-09-06T09:45:06.494738+00:00
MPLADS-002294,0.0046,NORMAL,"{""financial_anomaly_score"": 0.147, ""geo__infrastructure_gap_index"": 0.107, ""project__planned_duration_days"": 0.0492}",2026-09-06T09:45:06.494738+00:00
MPLADS-002295,0.0182,NORMAL,"{""project__planned_duration_days"": 0.0363, ""geo__population_density"": 0.0123, ""num_flagged_models"": 0.0014}",2026-09-06T09:45:06.494738+00:00
MPLADS-002296,1.0,COST_OVERRUN,"{""progress_anomaly_score"": 4.9702, ""progress_anomaly_percentile"": 0.7756, ""financial__sanctioned_amount"": 0.2258}",2026-09-06T09:45:06.494738+00:00
MPLADS-002297,0.3136,NORMAL,"{""financial__sanctioned_amount"": 0.3592, ""geo__infrastructure_gap_index"": 0.3553, ""geo__population_density"": 0.3207}",2026-09-06T09:45:06.494738+00:00
MPLADS-002298,0.0161,NORMAL,"{""project__planned_duration_days"": 0.0526, ""geo__population_density"": 0.0445, ""geospatial_anomaly_score"": 0.0125}",2026-09-06T09:45:06.494738+00:00
MPLADS-002299,0.3025,NORMAL,"{""procurement_anomaly_score"": 1.5656, ""procurement_anomaly_percentile"": 0.7484, ""geo__population_density"": 0.0653}",2026-09-06T09:45:06.494738+00:00
MPLADS-002300,0.0182,NORMAL,"{""financial_anomaly_score"": 0.1479, ""graph_anomaly_score"": 0.0802, ""financial_anomaly_percentile"": 0.049}",2026-09-06T09:45:06.494738+00:00
MPLADS-002301,0.0231,NORMAL,"{""geospatial_anomaly_score"": 0.1022, ""procurement_anomaly_percentile"": 0.0671, ""payment_anomaly_percentile"": 0.0377}",2026-09-06T09:45:06.494738+00:00
MPLADS-002302,0.0525,NORMAL,"{""financial__sanctioned_amount"": 0.2402, ""geo__population_density"": 0.1736, ""contractor_anomaly_score"": 0.0842}",2026-09-06T09:45:06.494738+00:00
MPLADS-002303,0.0182,NORMAL,"{""geo__infrastructure_gap_index"": 0.2415, ""project__planned_duration_days"": 0.0564, ""mean_anomaly_score"": 0.0361}",2026-09-06T09:45:06.494738+00:00
MPLADS-002304,1.0,DOCUMENTATION_DEFICIT,"{""progress_anomaly_score"": 5.2654, ""progress_anomaly_percentile"": 0.9184, ""geo__infrastructure_gap_index"": 0.1272}",2026-09-06T09:45:06.494738+00:00
MPLADS-002305,0.0345,NORMAL,"{""geo__population_density"": 0.1659, ""financial__sanctioned_amount"": 0.1235, ""financial_anomaly_percentile"": 0.1158}",2026-09-06T09:45:06.494738+00:00
MPLADS-002306,0.011,NORMAL,"{""payment_anomaly_score"": 0.0409, ""graph_anomaly_score"": 0.026, ""contractor_anomaly_score"": 0.0063}",2026-09-06T09:45:06.494738+00:00
MPLADS-002307,0.0231,NORMAL,"{""project__planned_duration_days"": 0.0486, ""geospatial_anomaly_percentile"": 0.023, ""contractor_anomaly_score"": 0.0206}",2026-09-06T09:45:06.494738+00:00
MPLADS-002308,0.0161,NORMAL,"{""project__planned_duration_days"": 0.0663, ""num_flagged_models"": 0.0014, ""project_size_code"": 0.0}",2026-09-06T09:45:06.494738+00:00
MPLADS-002309,0.0574,NORMAL,"{""financial__sanctioned_amount"": 0.358, ""procurement_anomaly_percentile"": 0.129, ""geo__infrastructure_gap_index"": 0.0723}",2026-09-06T09:45:06.494738+00:00
MPLADS-002310,0.403,NORMAL,"{""procurement_anomaly_score"": 1.3987, ""procurement_anomaly_percentile"": 0.7559, ""geospatial_anomaly_score"": 0.1426}",2026-09-06T09:45:06.494738+00:00
MPLADS-002311,0.0182,NORMAL,"{""geo__population_density"": 0.0618, ""payment_anomaly_percentile"": 0.0554, ""financial_anomaly_percentile"": 0.0553}",2026-09-06T09:45:06.494738+00:00
MPLADS-002312,0.1667,NORMAL,"{""payment_anomaly_score"": 0.4205, ""payment_anomaly_percentile"": 0.1233, ""geospatial_anomaly_score"": 0.1132}",2026-09-06T09:45:06.494738+00:00
MPLADS-002313,0.0231,NORMAL,"{""geospatial_anomaly_score"": 0.1342, ""graph_anomaly_score"": 0.0714, ""project__planned_duration_days"": 0.0556}",2026-09-06T09:45:06.494738+00:00
MPLADS-002314,0.0159,NORMAL,"{""project__planned_duration_days"": 0.0726, ""graph_anomaly_score"": 0.0465, ""mean_anomaly_score"": 0.0323}",2026-09-06T09:45:06.494738+00:00
MPLADS-002315,0.0314,NORMAL,"{""financial__sanctioned_amount"": 0.3276, ""geospatial_anomaly_score"": 0.1272, ""geo__infrastructure_gap_index"": 0.1095}",2026-09-06T09:45:06.494738+00:00
MPLADS-002316,1.0,COST_OVERRUN,"{""progress_anomaly_score"": 4.5723, ""progress_anomaly_percentile"": 0.8408, ""procurement_anomaly_score"": 0.2539}",2026-09-06T09:45:06.494738+00:00
MPLADS-002317,0.0345,NORMAL,"{""financial__sanctioned_amount"": 0.1436, ""geo__population_density"": 0.1414, ""geospatial_anomaly_percentile"": 0.1181}",2026-09-06T09:45:06.494738+00:00
MPLADS-002318,0.0182,NORMAL,"{""mean_anomaly_score"": 0.0313, ""financial__sanctioned_amount"": 0.0294, ""geo__population_density"": 0.0143}",2026-09-06T09:45:06.494738+00:00
MPLADS-002319,0.2913,NORMAL,"{""procurement_anomaly_score"": 1.4655, ""procurement_anomaly_percentile"": 0.5016, ""geo__population_density"": 0.1332}",2026-09-06T09:45:06.494738+00:00
MPLADS-002320,0.0225,NORMAL,"{""project__planned_duration_days"": 0.0545, ""payment_anomaly_score"": 0.0413, ""financial__sanctioned_amount"": 0.0356}",2026-09-06T09:45:06.494738+00:00
MPLADS-002321,0.0231,NORMAL,"{""project__planned_duration_days"": 0.0569, ""financial__sanctioned_amount"": 0.0347, ""geospatial_anomaly_score"": 0.0154}",2026-09-06T09:45:06.494738+00:00
MPLADS-002322,1.0,GHOST_WORK,"{""progress_anomaly_score"": 5.0626, ""progress_anomaly_percentile"": 0.8453, ""geo__population_density"": 0.1835}",2026-09-06T09:45:06.494738+00:00
MPLADS-002323,0.0231,NORMAL,"{""geo__infrastructure_gap_index"": 0.1381, ""procurement_anomaly_percentile"": 0.0745, ""graph_anomaly_score"": 0.072}",2026-09-06T09:45:06.494738+00:00
MPLADS-002324,0.0159,NORMAL,"{""geospatial_anomaly_score"": 0.2082, ""geo__infrastructure_gap_index"": 0.0718, ""project__planned_duration_days"": 0.0714}",2026-09-06T09:45:06.494738+00:00
MPLADS-002325,0.4384,NORMAL,"{""procurement_anomaly_score"": 1.6207, ""procurement_anomaly_percentile"": 0.6078, ""geospatial_anomaly_percentile"": 0.1762}",2026-09-06T09:45:06.494738+00:00
MPLADS-002326,0.0182,NORMAL,"{""geo__population_density"": 0.1307, ""financial_anomaly_percentile"": 0.0826, ""std_anomaly_score"": 0.0742}",2026-09-06T09:45:06.494738+00:00
MPLADS-002327,0.0231,NORMAL,"{""geospatial_anomaly_score"": 0.2173, ""geospatial_anomaly_percentile"": 0.088, ""mean_anomaly_score"": 0.0711}",2026-09-06T09:45:06.494738+00:00
MPLADS-002328,1.0,COST_OVERRUN,"{""progress_anomaly_score"": 5.0574, ""progress_anomaly_percentile"": 0.798, ""procurement_anomaly_score"": 0.2034}",2026-09-06T09:45:06.494738+00:00
MPLADS-002329,0.0231,NORMAL,"{""financial_anomaly_score"": 0.0775, ""project__planned_duration_days"": 0.0555, ""geospatial_anomaly_score"": 0.0042}",2026-09-06T09:45:06.494738+00:00
MPLADS-002330,0.0182,NORMAL,"{""financial_anomaly_score"": 0.0571, ""payment_anomaly_percentile"": 0.0437, ""financial_anomaly_percentile"": 0.0319}",2026-09-06T09:45:06.494738+00:00
MPLADS-002331,0.0231,NORMAL,"{""financial__sanctioned_amount"": 0.1094, ""geo__infrastructure_gap_index"": 0.0985, ""max_anomaly_score"": 0.0492}",2026-09-06T09:45:06.494738+00:00
MPLADS-002332,0.0314,NORMAL,"{""financial__sanctioned_amount"": 0.2091, ""geospatial_anomaly_score"": 0.1213, ""payment_anomaly_percentile"": 0.0588}",2026-09-06T09:45:06.494738+00:00
MPLADS-002333,1.0,COST_OVERRUN,"{""progress_anomaly_score"": 4.5812, ""progress_anomaly_percentile"": 0.8384, ""procurement_anomaly_score"": 0.3026}",2026-09-06T09:45:06.494738+00:00
MPLADS-002334,0.0225,NORMAL,"{""geo__population_density"": 0.1283, ""payment_anomaly_percentile"": 0.0985, ""financial_anomaly_percentile"": 0.0528}",2026-09-06T09:45:06.494738+00:00
MPLADS-002335,1.0,PAYMENT_PROGRESS_MISMATCH,"{""progress_anomaly_score"": 5.2775, ""progress_anomaly_percentile"": 0.9097, ""payment_anomaly_score"": 0.0927}",2026-09-06T09:45:06.494738+00:00
MPLADS-002336,1.0,COST_OVERRUN,"{""progress_anomaly_score"": 4.6931, ""progress_anomaly_percentile"": 0.8687, ""procurement_anomaly_score"": 0.2365}",2026-09-06T09:45:06.494738+00:00
MPLADS-002337,0.5278,PROCUREMENT_SINGLE_BID,"{""procurement_anomaly_score"": 1.7866, ""procurement_anomaly_percentile"": 0.7779, ""max_anomaly_score"": 0.1814}",2026-09-06T09:45:06.494738+00:00
MPLADS-002338,0.0262,NORMAL,"{""geospatial_anomaly_score"": 0.1029, ""geo__infrastructure_gap_index"": 0.0951, ""procurement_anomaly_percentile"": 0.0937}",2026-09-06T09:45:06.494738+00:00
MPLADS-002339,0.0225,NORMAL,"{""project__planned_duration_days"": 0.05, ""mean_anomaly_score"": 0.0291, ""geo__population_density"": 0.0182}",2026-09-06T09:45:06.494738+00:00
MPLADS-002340,0.0225,NORMAL,"{""geospatial_anomaly_score"": 0.1547, ""geospatial_anomaly_percentile"": 0.0737, ""geo__population_density"": 0.0225}",2026-09-06T09:45:06.494738+00:00
MPLADS-002341,0.0314,NORMAL,"{""geo__population_density"": 0.2527, ""financial__sanctioned_amount"": 0.1568, ""geospatial_anomaly_score"": 0.14}",2026-09-06T09:45:06.494738+00:00
MPLADS-002342,0.0225,NORMAL,"{""financial__sanctioned_amount"": 0.1979, ""geospatial_anomaly_score"": 0.0891, ""payment_anomaly_score"": 0.0576}",2026-09-06T09:45:06.494738+00:00
MPLADS-002343,0.0225,NORMAL,"{""geo__infrastructure_gap_index"": 0.1689, ""financial__sanctioned_amount"": 0.0801, ""payment_anomaly_percentile"": 0.0334}",2026-09-06T09:45:06.494738+00:00
MPLADS-002344,0.0231,NORMAL,"{""geo__population_density"": 0.334, ""geospatial_anomaly_score"": 0.1062, ""graph_anomaly_score"": 0.1049}",2026-09-06T09:45:06.494738+00:00
MPLADS-002345,0.5828,PROCUREMENT_SINGLE_BID,"{""procurement_anomaly_score"": 1.8056, ""procurement_anomaly_percentile"": 0.8327, ""max_anomaly_score"": 0.2616}",2026-09-06T09:45:06.494738+00:00
MPLADS-002346,0.0225,NORMAL,"{""geo__population_density"": 0.1633, ""geo__infrastructure_gap_index"": 0.0879, ""project__planned_duration_days"": 0.023}",2026-09-06T09:45:06.494738+00:00
MPLADS-002347,0.0314,NORMAL,"{""geo__population_density"": 0.2317, ""financial__sanctioned_amount"": 0.2151, ""payment_anomaly_score"": 0.1543}",2026-09-06T09:45:06.494738+00:00
MPLADS-002348,0.011,NORMAL,"{""financial_anomaly_score"": 0.0477, ""std_anomaly_score"": 0.034, ""financial_anomaly_percentile"": 0.0309}",2026-09-06T09:45:06.494738+00:00
MPLADS-002349,0.0159,NORMAL,"{""financial__sanctioned_amount"": 0.3511, ""geo__infrastructure_gap_index"": 0.1191, ""geo__population_density"": 0.0308}",2026-09-06T09:45:06.494738+00:00
MPLADS-002350,0.011,NORMAL,"{""contractor_anomaly_percentile"": 0.1404, ""contractor_anomaly_score"": 0.1152, ""graph_anomaly_score"": 0.0888}",2026-09-06T09:45:06.494738+00:00
MPLADS-002351,0.0231,NORMAL,"{""contractor_anomaly_percentile"": 0.139, ""contractor_anomaly_score"": 0.1211, ""payment_anomaly_percentile"": 0.0413}",2026-09-06T09:45:06.494738+00:00
MPLADS-002352,0.0265,NORMAL,"{""procurement_anomaly_percentile"": 0.3247, ""procurement_anomaly_score"": 0.3236, ""graph_anomaly_score"": 0.0707}",2026-09-06T09:45:06.494738+00:00
MPLADS-002353,0.0231,NORMAL,"{""geospatial_anomaly_score"": 0.1183, ""financial__sanctioned_amount"": 0.1166, ""project__planned_duration_days"": 0.0696}",2026-09-06T09:45:06.494738+00:00
MPLADS-002354,1.0,COST_OVERRUN,"{""progress_anomaly_score"": 4.6526, ""progress_anomaly_percentile"": 0.8256, ""procurement_anomaly_score"": 0.2069}",2026-09-06T09:45:06.494738+00:00
MPLADS-002355,1.0,GHOST_WORK,"{""progress_anomaly_score"": 5.2243, ""progress_anomaly_percentile"": 0.9558, ""payment_anomaly_score"": 0.1542}",2026-09-06T09:45:06.494738+00:00
MPLADS-002356,0.0231,NORMAL,"{""geo__population_density"": 0.2613, ""geospatial_anomaly_score"": 0.0912, ""graph_anomaly_score"": 0.0851}",2026-09-06T09:45:06.494738+00:00
MPLADS-002357,0.0182,NORMAL,"{""project__planned_duration_days"": 0.0481, ""financial__sanctioned_amount"": 0.0261, ""graph_anomaly_score"": 0.024}",2026-09-06T09:45:06.494738+00:00
MPLADS-002358,1.0,COST_OVERRUN,"{""progress_anomaly_score"": 4.5602, ""progress_anomaly_percentile"": 0.8371, ""procurement_anomaly_score"": 0.2993}",2026-09-06T09:45:06.494738+00:00
MPLADS-002359,0.011,NORMAL,"{""project__planned_duration_days"": 0.044, ""contractor_anomaly_percentile"": 0.0119, ""num_flagged_models"": 0.0014}",2026-09-06T09:45:06.494738+00:00
MPLADS-002360,0.0225,NORMAL,"{""financial__sanctioned_amount"": 0.1448, ""geospatial_anomaly_score"": 0.0842, ""std_anomaly_score"": 0.0228}",2026-09-06T09:45:06.494738+00:00
MPLADS-002361,0.0314,NORMAL,"{""geospatial_anomaly_score"": 0.0951, ""geo__population_density"": 0.0647, ""project__planned_duration_days"": 0.0439}",2026-09-06T09:45:06.494738+00:00
MPLADS-002362,0.0182,NORMAL,"{""geo__population_density"": 0.3436, ""geo__infrastructure_gap_index"": 0.2267, ""graph_anomaly_score"": 0.0665}",2026-09-06T09:45:06.494738+00:00
MPLADS-002363,0.0161,NORMAL,"{""geo__population_density"": 0.0785, ""geo__infrastructure_gap_index"": 0.0632, ""mean_anomaly_score"": 0.0296}",2026-09-06T09:45:06.494738+00:00
MPLADS-002364,0.0231,NORMAL,"{""geospatial_anomaly_score"": 0.1184, ""geo__population_density"": 0.0908, ""project__planned_duration_days"": 0.0574}",2026-09-06T09:45:06.494738+00:00
MPLADS-002365,0.0231,NORMAL,"{""geo__infrastructure_gap_index"": 0.1136, ""geospatial_anomaly_score"": 0.0998, ""std_anomaly_score"": 0.0831}",2026-09-06T09:45:06.494738+00:00
MPLADS-002366,0.0182,NORMAL,"{""geo__infrastructure_gap_index"": 0.1711, ""financial_anomaly_score"": 0.1137, ""geo__population_density"": 0.0714}",2026-09-06T09:45:06.494738+00:00
MPLADS-002367,1.0,COST_OVERRUN,"{""progress_anomaly_score"": 2.4951, ""procurement_anomaly_score"": 0.4628, ""financial_anomaly_score"": 0.4256}",2026-09-06T09:45:06.494738+00:00
MPLADS-002368,1.0,COST_OVERRUN,"{""progress_anomaly_score"": 4.5779, ""progress_anomaly_percentile"": 0.8167, ""procurement_anomaly_score"": 0.2158}",2026-09-06T09:45:06.494738+00:00
MPLADS-002369,0.0262,NORMAL,"{""graph_anomaly_score"": 0.116, ""geospatial_anomaly_score"": 0.0596, ""procurement_anomaly_percentile"": 0.0552}",2026-09-06T09:45:06.494738+00:00
MPLADS-002370,0.0308,NORMAL,"{""geo__population_density"": 0.3085, ""std_anomaly_score"": 0.0775, ""project__planned_duration_days"": 0.0595}",2026-09-06T09:45:06.494738+00:00
MPLADS-002371,0.0308,NORMAL,"{""procurement_anomaly_score"": 0.6176, ""procurement_anomaly_percentile"": 0.3057, ""std_anomaly_score"": 0.0517}",2026-09-06T09:45:06.494738+00:00
MPLADS-002372,1.0,COST_OVERRUN,"{""progress_anomaly_score"": 5.0693, ""progress_anomaly_percentile"": 0.9432, ""procurement_anomaly_score"": 0.2211}",2026-09-06T09:45:06.494738+00:00
MPLADS-002373,0.011,NORMAL,"{""geo__infrastructure_gap_index"": 0.0898, ""std_anomaly_score"": 0.0402, ""financial__sanctioned_amount"": 0.0074}",2026-09-06T09:45:06.494738+00:00
MPLADS-002374,1.0,DELAYED_WORK,"{""progress_anomaly_score"": 5.1804, ""progress_anomaly_percentile"": 0.8938, ""financial_anomaly_score"": 0.16}",2026-09-06T09:45:06.494738+00:00
MPLADS-002375,0.3028,NORMAL,"{""procurement_anomaly_score"": 1.4265, ""procurement_anomaly_percentile"": 0.6172, ""geo__infrastructure_gap_index"": 0.0476}",2026-09-06T09:45:06.494738+00:00
MPLADS-002376,0.0153,NORMAL,"{""procurement_anomaly_percentile"": 0.1347, ""financial_anomaly_percentile"": 0.0716, ""payment_anomaly_score"": 0.0531}",2026-09-06T09:45:06.494738+00:00
MPLADS-002377,0.0225,NORMAL,"{""financial_anomaly_score"": 0.1485, ""graph_anomaly_score"": 0.1006, ""graph_anomaly_percentile"": 0.0826}",2026-09-06T09:45:06.494738+00:00
MPLADS-002378,1.0,ABANDONED_WORK,"{""progress_anomaly_score"": 5.3338, ""progress_anomaly_percentile"": 0.9169, ""payment_anomaly_score"": 0.1154}",2026-09-06T09:45:06.494738+00:00
MPLADS-002379,1.0,PAYMENT_PROGRESS_MISMATCH,"{""progress_anomaly_score"": 5.4042, ""progress_anomaly_percentile"": 0.9813, ""payment_anomaly_score"": 0.087}",2026-09-06T09:45:06.494738+00:00
MPLADS-002380,0.0231,NORMAL,"{""geospatial_anomaly_percentile"": 0.0723, ""financial__sanctioned_amount"": 0.0595, ""geospatial_anomaly_score"": 0.0449}",2026-09-06T09:45:06.494738+00:00
MPLADS-002381,0.0231,NORMAL,"{""geospatial_anomaly_score"": 0.159, ""project__planned_duration_days"": 0.0633, ""geospatial_anomaly_percentile"": 0.045}",2026-09-06T09:45:06.494738+00:00
MPLADS-002382,0.0231,NORMAL,"{""financial__sanctioned_amount"": 0.1962, ""payment_anomaly_score"": 0.1598, ""geospatial_anomaly_score"": 0.1284}",2026-09-06T09:45:06.494738+00:00
MPLADS-002383,0.0231,NORMAL,"{""financial__sanctioned_amount"": 0.1145, ""financial_anomaly_score"": 0.0915, ""geospatial_anomaly_score"": 0.0641}",2026-09-06T09:45:06.494738+00:00
MPLADS-002384,0.0231,NORMAL,"{""financial_anomaly_percentile"": 0.0587, ""payment_anomaly_score"": 0.0576, ""financial__sanctioned_amount"": 0.0432}",2026-09-06T09:45:06.494738+00:00
MPLADS-002385,0.0225,NORMAL,"{""mean_anomaly_score"": 0.0319, ""procurement_anomaly_percentile"": 0.0144, ""geo__population_density"": 0.0076}",2026-09-06T09:45:06.494738+00:00
MPLADS-002386,1.0,DELAYED_WORK,"{""progress_anomaly_score"": 5.1176, ""progress_anomaly_percentile"": 0.8472, ""financial_anomaly_score"": 0.1921}",2026-09-06T09:45:06.494738+00:00
MPLADS-002387,0.0204,NORMAL,"{""geospatial_anomaly_score"": 0.1916, ""project__planned_duration_days"": 0.0641, ""geospatial_anomaly_percentile"": 0.0334}",2026-09-06T09:45:06.494738+00:00
MPLADS-002388,0.0204,NORMAL,"{""graph_anomaly_score"": 0.084, ""project__planned_duration_days"": 0.083, ""financial__sanctioned_amount"": 0.0493}",2026-09-06T09:45:06.494738+00:00
MPLADS-002389,0.0345,NORMAL,"{""payment_anomaly_score"": 0.1206, ""project__planned_duration_days"": 0.0476, ""geo__population_density"": 0.0384}",2026-09-06T09:45:06.494738+00:00
MPLADS-002390,0.0525,NORMAL,"{""geo__population_density"": 0.4929, ""geospatial_anomaly_score"": 0.079, ""geo__infrastructure_gap_index"": 0.0617}",2026-09-06T09:45:06.494738+00:00
MPLADS-002391,0.0231,NORMAL,"{""geospatial_anomaly_score"": 0.0862, ""project__planned_duration_days"": 0.0464, ""graph_anomaly_percentile"": 0.0375}",2026-09-06T09:45:06.494738+00:00
MPLADS-002392,0.0231,NORMAL,"{""geo__population_density"": 0.1707, ""geospatial_anomaly_score"": 0.0975, ""project__planned_duration_days"": 0.0621}",2026-09-06T09:45:06.494738+00:00
MPLADS-002393,0.011,NORMAL,"{""project__planned_duration_days"": 0.0369, ""financial_anomaly_percentile"": 0.03, ""graph_anomaly_score"": 0.0129}",2026-09-06T09:45:06.494738+00:00
MPLADS-002394,0.0231,NORMAL,"{""geospatial_anomaly_score"": 0.0559, ""mean_anomaly_score"": 0.0509, ""procurement_anomaly_percentile"": 0.0489}",2026-09-06T09:45:06.494738+00:00
MPLADS-002395,0.0314,NORMAL,"{""geo__population_density"": 0.1892, ""geospatial_anomaly_score"": 0.0879, ""project__planned_duration_days"": 0.0452}",2026-09-06T09:45:06.494738+00:00
MPLADS-002396,0.0182,NORMAL,"{""project__planned_duration_days"": 0.0613, ""geospatial_anomaly_score"": 0.0357, ""mean_anomaly_score"": 0.0331}",2026-09-06T09:45:06.494738+00:00
MPLADS-002397,0.0262,NORMAL,"{""payment_anomaly_score"": 0.2694, ""project__planned_duration_days"": 0.0557, ""payment_anomaly_percentile"": 0.0456}",2026-09-06T09:45:06.494738+00:00
MPLADS-002398,0.0225,NORMAL,"{""geospatial_anomaly_percentile"": 0.1402, ""geo__infrastructure_gap_index"": 0.0982, ""geospatial_anomaly_score"": 0.075}",2026-09-06T09:45:06.494738+00:00
MPLADS-002399,0.0231,NORMAL,"{""project__planned_duration_days"": 0.0408, ""financial__sanctioned_amount"": 0.0392, ""graph_anomaly_percentile"": 0.0092}",2026-09-06T09:45:06.494738+00:00
MPLADS-002400,0.011,NORMAL,"{""max_anomaly_score"": 0.1016, ""std_anomaly_score"": 0.0552, ""financial_anomaly_score"": 0.0464}",2026-09-06T09:45:06.494738+00:00
MPLADS-002401,0.0225,NORMAL,"{""financial__sanctioned_amount"": 0.1855, ""geo__infrastructure_gap_index"": 0.0844, ""mean_anomaly_score"": 0.051}",2026-09-06T09:45:06.494738+00:00
MPLADS-002402,0.0204,NORMAL,"{""financial_anomaly_score"": 0.0944, ""financial__sanctioned_amount"": 0.0917, ""geospatial_anomaly_score"": 0.0776}",2026-09-06T09:45:06.494738+00:00
MPLADS-002403,0.0182,NORMAL,"{""financial__sanctioned_amount"": 0.1635, ""project__planned_duration_days"": 0.0199, ""payment_anomaly_score"": 0.009}",2026-09-06T09:45:06.494738+00:00
MPLADS-002404,0.0225,NORMAL,"{""financial__sanctioned_amount"": 0.1923, ""geo__infrastructure_gap_index"": 0.1097, ""payment_anomaly_score"": 0.0225}",2026-09-06T09:45:06.494738+00:00
MPLADS-002405,0.0182,NORMAL,"{""geospatial_anomaly_score"": 0.0774, ""project__planned_duration_days"": 0.0416, ""graph_anomaly_score"": 0.0106}",2026-09-06T09:45:06.494738+00:00
MPLADS-002406,0.0231,NORMAL,"{""geospatial_anomaly_score"": 0.2207, ""project__planned_duration_days"": 0.0681, ""geospatial_anomaly_percentile"": 0.0553}",2026-09-06T09:45:06.494738+00:00
MPLADS-002407,0.0231,NORMAL,"{""financial__sanctioned_amount"": 0.0813, ""graph_anomaly_percentile"": 0.0034, ""num_flagged_models"": 0.0014}",2026-09-06T09:45:06.494738+00:00
MPLADS-002408,0.0225,NORMAL,"{""project__planned_duration_days"": 0.0186, ""num_flagged_models"": 0.0069, ""project_size_code"": 0.0}",2026-09-06T09:45:06.494738+00:00
MPLADS-002409,0.0182,NORMAL,"{""geo__infrastructure_gap_index"": 0.0772, ""geospatial_anomaly_score"": 0.0691, ""geospatial_anomaly_percentile"": 0.0295}",2026-09-06T09:45:06.494738+00:00
MPLADS-002410,0.0231,NORMAL,"{""geo__population_density"": 0.1055, ""graph_anomaly_score"": 0.0947, ""geo__infrastructure_gap_index"": 0.0662}",2026-09-06T09:45:06.494738+00:00
MPLADS-002411,0.0265,NORMAL,"{""financial__sanctioned_amount"": 0.1552, ""geo__population_density"": 0.1357, ""financial_anomaly_score"": 0.0706}",2026-09-06T09:45:06.494738+00:00
MPLADS-002412,0.4384,NORMAL,"{""procurement_anomaly_score"": 1.7322, ""procurement_anomaly_percentile"": 0.7275, ""max_anomaly_score"": 0.1898}",2026-09-06T09:45:06.494738+00:00
MPLADS-002413,0.011,NORMAL,"{""financial_anomaly_score"": 0.0716, ""project__planned_duration_days"": 0.0474, ""contractor_anomaly_score"": 0.0087}",2026-09-06T09:45:06.494738+00:00
MPLADS-002414,0.011,NORMAL,"{""financial_anomaly_percentile"": 0.0563, ""payment_anomaly_percentile"": 0.0506, ""graph_anomaly_score"": 0.0372}",2026-09-06T09:45:06.494738+00:00
MPLADS-002415,0.0231,NORMAL,"{""geospatial_anomaly_score"": 0.1129, ""project__planned_duration_days"": 0.0677, ""geospatial_anomaly_percentile"": 0.0549}",2026-09-06T09:45:06.494738+00:00
MPLADS-002416,1.0,GHOST_WORK,"{""progress_anomaly_score"": 4.6303, ""progress_anomaly_percentile"": 0.923, ""payment_anomaly_score"": 0.3517}",2026-09-06T09:45:06.494738+00:00
MPLADS-002417,1.0,DELAYED_WORK,"{""progress_anomaly_score"": 5.1183, ""progress_anomaly_percentile"": 0.8928, ""financial_anomaly_score"": 0.1487}",2026-09-06T09:45:06.494738+00:00
MPLADS-002418,0.0182,NORMAL,"{""project__planned_duration_days"": 0.0658, ""geospatial_anomaly_score"": 0.064, ""geo__infrastructure_gap_index"": 0.0492}",2026-09-06T09:45:06.494738+00:00
MPLADS-002419,0.0225,NORMAL,"{""financial__sanctioned_amount"": 0.0844, ""geospatial_anomaly_score"": 0.065, ""project__planned_duration_days"": 0.0556}",2026-09-06T09:45:06.494738+00:00
MPLADS-002420,0.403,NORMAL,"{""procurement_anomaly_score"": 1.8269, ""procurement_anomaly_percentile"": 0.726, ""max_anomaly_score"": 0.1052}",2026-09-06T09:45:06.494738+00:00
MPLADS-002421,0.0225,NORMAL,"{""geo__population_density"": 0.3321, ""std_anomaly_score"": 0.0975, ""graph_anomaly_score"": 0.0208}",2026-09-06T09:45:06.494738+00:00
MPLADS-002422,0.0231,NORMAL,"{""graph_anomaly_score"": 0.0718, ""geo__population_density"": 0.0481, ""financial__sanctioned_amount"": 0.0173}",2026-09-06T09:45:06.494738+00:00
MPLADS-002423,0.0182,NORMAL,"{""geo__population_density"": 0.1227, ""financial__sanctioned_amount"": 0.0744, ""project__planned_duration_days"": 0.055}",2026-09-06T09:45:06.494738+00:00
MPLADS-002424,0.0182,NORMAL,"{""geo__population_density"": 0.1526, ""payment_anomaly_score"": 0.0614, ""geo__infrastructure_gap_index"": 0.0381}",2026-09-06T09:45:06.494738+00:00
MPLADS-002425,0.0231,NORMAL,"{""financial_anomaly_score"": 0.2187, ""graph_anomaly_percentile"": 0.0826, ""graph_anomaly_score"": 0.0506}",2026-09-06T09:45:06.494738+00:00
MPLADS-002426,0.0182,NORMAL,"{""geo__infrastructure_gap_index"": 0.1526, ""financial_anomaly_percentile"": 0.0967, ""geospatial_anomaly_score"": 0.0638}",2026-09-06T09:45:06.494738+00:00
MPLADS-002427,0.0046,NORMAL,"{""financial_anomaly_score"": 0.0596, ""geo__infrastructure_gap_index"": 0.0316, ""financial_anomaly_percentile"": 0.0172}",2026-09-06T09:45:06.494738+00:00
MPLADS-002428,0.011,NORMAL,"{""financial_anomaly_score"": 0.0583, ""project__planned_duration_days"": 0.0419, ""payment_anomaly_percentile"": 0.0295}",2026-09-06T09:45:06.494738+00:00
MPLADS-002429,0.0231,NORMAL,"{""graph_anomaly_percentile"": 0.1094, ""geo__population_density"": 0.0999, ""mean_anomaly_score"": 0.0934}",2026-09-06T09:45:06.494738+00:00
MPLADS-002430,0.0821,NORMAL,"{""financial__sanctioned_amount"": 0.2252, ""geo__infrastructure_gap_index"": 0.1627, ""graph_anomaly_score"": 0.0571}",2026-09-06T09:45:06.494738+00:00
MPLADS-002431,1.0,PAYMENT_PROGRESS_MISMATCH,"{""progress_anomaly_score"": 5.0307, ""progress_anomaly_percentile"": 0.9118, ""payment_anomaly_score"": 0.3268}",2026-09-06T09:45:06.494738+00:00
MPLADS-002432,0.0262,NORMAL,"{""std_anomaly_score"": 0.0405, ""project__planned_duration_days"": 0.0326, ""payment_anomaly_percentile"": 0.0272}",2026-09-06T09:45:06.494738+00:00
MPLADS-002433,0.0225,NORMAL,"{""geo__population_density"": 0.1528, ""payment_anomaly_score"": 0.0982, ""graph_anomaly_score"": 0.0462}",2026-09-06T09:45:06.494738+00:00
MPLADS-002434,0.0231,NORMAL,"{""financial__sanctioned_amount"": 0.1688, ""geospatial_anomaly_score"": 0.1104, ""payment_anomaly_score"": 0.0354}",2026-09-06T09:45:06.494738+00:00
MPLADS-002435,0.0314,NORMAL,"{""procurement_anomaly_percentile"": 0.175, ""geo__population_density"": 0.0656, ""financial__sanctioned_amount"": 0.0637}",2026-09-06T09:45:06.494738+00:00
MPLADS-002436,0.0182,NORMAL,"{""max_anomaly_score"": 0.0996, ""financial_anomaly_percentile"": 0.052, ""project__planned_duration_days"": 0.0229}",2026-09-06T09:45:06.494738+00:00
MPLADS-002437,0.0225,NORMAL,"{""procurement_anomaly_percentile"": 0.186, ""geo__population_density"": 0.1163, ""graph_anomaly_score"": 0.0775}",2026-09-06T09:45:06.494738+00:00
MPLADS-002438,0.0225,NORMAL,"{""financial__sanctioned_amount"": 0.0456, ""geospatial_anomaly_score"": 0.0055, ""graph_anomaly_percentile"": 0.0034}",2026-09-06T09:45:06.494738+00:00
MPLADS-002439,0.0231,NORMAL,"{""financial__sanctioned_amount"": 0.2185, ""geo__infrastructure_gap_index"": 0.1133, ""procurement_anomaly_percentile"": 0.0693}",2026-09-06T09:45:06.494738+00:00
MPLADS-002440,0.0225,NORMAL,"{""financial__sanctioned_amount"": 0.1076, ""geospatial_anomaly_score"": 0.0848, ""project__planned_duration_days"": 0.0388}",2026-09-06T09:45:06.494738+00:00
MPLADS-002441,0.0231,NORMAL,"{""geo__infrastructure_gap_index"": 0.0886, ""financial_anomaly_score"": 0.0611, ""project__planned_duration_days"": 0.0476}",2026-09-06T09:45:06.494738+00:00
MPLADS-002442,0.0314,NORMAL,"{""financial__sanctioned_amount"": 0.1899, ""procurement_anomaly_percentile"": 0.0922, ""geospatial_anomaly_score"": 0.0403}",2026-09-06T09:45:06.494738+00:00
MPLADS-002443,0.9524,COST_OVERRUN,"{""progress_anomaly_score"": 1.0118, ""procurement_anomaly_score"": 0.6374, ""procurement_anomaly_percentile"": 0.4668}",2026-09-06T09:45:06.494738+00:00
MPLADS-002444,1.0,ABANDONED_WORK,"{""progress_anomaly_score"": 4.6683, ""progress_anomaly_percentile"": 0.7777, ""financial_anomaly_score"": 0.1915}",2026-09-06T09:45:06.494738+00:00
MPLADS-002445,0.0265,NORMAL,"{""geo__population_density"": 0.1082, ""mean_anomaly_score"": 0.0822, ""geospatial_anomaly_score"": 0.0492}",2026-09-06T09:45:06.494738+00:00
MPLADS-002446,0.0231,NORMAL,"{""financial__sanctioned_amount"": 0.3722, ""procurement_anomaly_percentile"": 0.1451, ""financial_anomaly_score"": 0.1283}",2026-09-06T09:45:06.494738+00:00
MPLADS-002447,0.0262,NORMAL,"{""mean_anomaly_score"": 0.1454, ""graph_anomaly_score"": 0.0723, ""payment_anomaly_percentile"": 0.0675}",2026-09-06T09:45:06.494738+00:00
MPLADS-002448,0.0231,NORMAL,"{""geo__population_density"": 0.3152, ""financial_anomaly_percentile"": 0.0707, ""geospatial_anomaly_score"": 0.0581}",2026-09-06T09:45:06.494738+00:00
MPLADS-002449,0.0231,NORMAL,"{""geo__infrastructure_gap_index"": 0.1301, ""project__planned_duration_days"": 0.0565, ""graph_anomaly_score"": 0.0088}",2026-09-06T09:45:06.494738+00:00
MPLADS-002450,0.0182,NORMAL,"{""financial_anomaly_score"": 0.1001, ""mean_anomaly_score"": 0.0147, ""project__planned_duration_days"": 0.0091}",2026-09-06T09:45:06.494738+00:00
MPLADS-002451,0.0182,NORMAL,"{""geospatial_anomaly_score"": 0.134, ""project__planned_duration_days"": 0.0444, ""geospatial_anomaly_percentile"": 0.0288}",2026-09-06T09:45:06.494738+00:00
MPLADS-002452,0.0314,NORMAL,"{""geospatial_anomaly_score"": 0.1113, ""financial_anomaly_percentile"": 0.1022, ""geospatial_anomaly_percentile"": 0.0673}",2026-09-06T09:45:06.494738+00:00
MPLADS-002453,0.0225,NORMAL,"{""financial__sanctioned_amount"": 0.1843, ""geo__infrastructure_gap_index"": 0.0861, ""contractor_anomaly_score"": 0.059}",2026-09-06T09:45:06.494738+00:00
MPLADS-002454,1.0,PAYMENT_PROGRESS_MISMATCH,"{""progress_anomaly_score"": 5.332, ""progress_anomaly_percentile"": 0.8942, ""payment_anomaly_score"": 0.1168}",2026-09-06T09:45:06.494738+00:00
MPLADS-002455,0.0132,NORMAL,"{""procurement_anomaly_percentile"": 0.0491, ""project__planned_duration_days"": 0.0378, ""std_anomaly_score"": 0.0179}",2026-09-06T09:45:06.494738+00:00
MPLADS-002456,0.0225,NORMAL,"{""geo__population_density"": 0.1034, ""geospatial_anomaly_score"": 0.0778, ""financial__sanctioned_amount"": 0.0254}",2026-09-06T09:45:06.494738+00:00
MPLADS-002457,0.0231,NORMAL,"{""geospatial_anomaly_score"": 0.112, ""geo__infrastructure_gap_index"": 0.1057, ""project__planned_duration_days"": 0.0611}",2026-09-06T09:45:06.494738+00:00
MPLADS-002458,0.0231,NORMAL,"{""procurement_anomaly_percentile"": 0.1198, ""financial_anomaly_percentile"": 0.0698, ""financial_anomaly_score"": 0.0527}",2026-09-06T09:45:06.494738+00:00
MPLADS-002459,0.0265,NORMAL,"{""geo__population_density"": 0.2328, ""financial__sanctioned_amount"": 0.2068, ""geo__infrastructure_gap_index"": 0.1841}",2026-09-06T09:45:06.494738+00:00
MPLADS-002460,1.0,COST_OVERRUN,"{""progress_anomaly_score"": 5.0259, ""progress_anomaly_percentile"": 0.8553, ""procurement_anomaly_percentile"": 0.1157}",2026-09-06T09:45:06.494738+00:00
MPLADS-002461,0.0139,NORMAL,"{""geo__infrastructure_gap_index"": 0.1096, ""financial_anomaly_score"": 0.0845, ""project__planned_duration_days"": 0.0494}",2026-09-06T09:45:06.494738+00:00
MPLADS-002462,0.0182,NORMAL,"{""project__planned_duration_days"": 0.0453, ""std_anomaly_score"": 0.0434, ""payment_anomaly_percentile"": 0.0302}",2026-09-06T09:45:06.494738+00:00
MPLADS-002463,0.0182,NORMAL,"{""geo__infrastructure_gap_index"": 0.1652, ""geospatial_anomaly_score"": 0.077, ""financial__sanctioned_amount"": 0.0445}",2026-09-06T09:45:06.494738+00:00
MPLADS-002464,0.5828,PROCUREMENT_SINGLE_BID,"{""procurement_anomaly_score"": 1.8051, ""procurement_anomaly_percentile"": 0.8626, ""max_anomaly_score"": 0.1877}",2026-09-06T09:45:06.494738+00:00
MPLADS-002465,0.0182,NORMAL,"{""financial_anomaly_percentile"": 0.0522, ""payment_anomaly_score"": 0.05, ""payment_anomaly_percentile"": 0.0438}",2026-09-06T09:45:06.494738+00:00
MPLADS-002466,0.0182,NORMAL,"{""financial_anomaly_percentile"": 0.044, ""project__planned_duration_days"": 0.044, ""payment_anomaly_percentile"": 0.0223}",2026-09-06T09:45:06.494738+00:00
MPLADS-002467,0.0182,NORMAL,"{""financial__sanctioned_amount"": 0.108, ""graph_anomaly_percentile"": 0.0082, ""payment_anomaly_percentile"": 0.0019}",2026-09-06T09:45:06.494738+00:00
MPLADS-002468,0.0314,NORMAL,"{""financial_anomaly_score"": 0.1229, ""financial__sanctioned_amount"": 0.0703, ""project__planned_duration_days"": 0.0556}",2026-09-06T09:45:06.494738+00:00
MPLADS-002469,0.0204,NORMAL,"{""geo__population_density"": 0.1172, ""procurement_anomaly_percentile"": 0.0673, ""financial_anomaly_percentile"": 0.0607}",2026-09-06T09:45:06.494738+00:00
MPLADS-002470,1.0,ABANDONED_WORK,"{""progress_anomaly_score"": 5.0184, ""progress_anomaly_percentile"": 0.8249, ""financial_anomaly_score"": 0.2195}",2026-09-06T09:45:06.494738+00:00
MPLADS-002471,0.0225,NORMAL,"{""financial__sanctioned_amount"": 0.2388, ""financial_anomaly_percentile"": 0.0384, ""graph_anomaly_score"": 0.0236}",2026-09-06T09:45:06.494738+00:00
MPLADS-002472,0.0182,NORMAL,"{""financial__sanctioned_amount"": 0.1924, ""geo__population_density"": 0.1282, ""std_anomaly_score"": 0.0272}",2026-09-06T09:45:06.494738+00:00
MPLADS-002473,0.0231,NORMAL,"{""geo__infrastructure_gap_index"": 0.2803, ""payment_anomaly_score"": 0.1571, ""procurement_anomaly_percentile"": 0.0552}",2026-09-06T09:45:06.494738+00:00
MPLADS-002474,0.0182,NORMAL,"{""geo__population_density"": 0.1466, ""financial_anomaly_score"": 0.1424, ""payment_anomaly_score"": 0.0587}",2026-09-06T09:45:06.494738+00:00
MPLADS-002475,0.0314,NORMAL,"{""geospatial_anomaly_score"": 0.2519, ""geo__population_density"": 0.202, ""financial__sanctioned_amount"": 0.1631}",2026-09-06T09:45:06.494738+00:00
MPLADS-002476,0.0182,NORMAL,"{""financial_anomaly_score"": 0.5109, ""geospatial_anomaly_score"": 0.1296, ""financial_anomaly_percentile"": 0.1018}",2026-09-06T09:45:06.494738+00:00
MPLADS-002477,1.0,DELAYED_WORK,"{""progress_anomaly_score"": 5.0388, ""progress_anomaly_percentile"": 0.8277, ""financial_anomaly_score"": 0.2472}",2026-09-06T09:45:06.494738+00:00
MPLADS-002478,1.0,PAYMENT_PROGRESS_MISMATCH,"{""progress_anomaly_score"": 5.4949, ""progress_anomaly_percentile"": 0.9483, ""payment_anomaly_score"": 0.0841}",2026-09-06T09:45:06.494738+00:00
MPLADS-002479,0.0182,NORMAL,"{""mean_anomaly_score"": 0.0415, ""financial__sanctioned_amount"": 0.0387, ""financial_anomaly_score"": 0.0236}",2026-09-06T09:45:06.494738+00:00
MPLADS-002480,0.0231,NORMAL,"{""financial__sanctioned_amount"": 0.219, ""geospatial_anomaly_score"": 0.1499, ""geo__infrastructure_gap_index"": 0.1109}",2026-09-06T09:45:06.494738+00:00
MPLADS-002481,0.011,NORMAL,"{""geo__infrastructure_gap_index"": 0.037, ""graph_anomaly_score"": 0.0265, ""financial_anomaly_score"": 0.0226}",2026-09-06T09:45:06.494738+00:00
MPLADS-002482,0.011,NORMAL,"{""geo__infrastructure_gap_index"": 0.1309, ""financial__sanctioned_amount"": 0.0985, ""graph_anomaly_score"": 0.0618}",2026-09-06T09:45:06.494738+00:00
MPLADS-002483,0.011,NORMAL,"{""financial_anomaly_score"": 0.1453, ""geo__infrastructure_gap_index"": 0.056, ""std_anomaly_score"": 0.0355}",2026-09-06T09:45:06.494738+00:00
MPLADS-002484,0.0314,NORMAL,"{""geospatial_anomaly_score"": 0.0534, ""geo__infrastructure_gap_index"": 0.0517, ""geo__population_density"": 0.0481}",2026-09-06T09:45:06.494738+00:00
MPLADS-002485,0.0314,NORMAL,"{""procurement_anomaly_percentile"": 0.1435, ""geo__population_density"": 0.1375, ""payment_anomaly_score"": 0.1298}",2026-09-06T09:45:06.494738+00:00
MPLADS-002486,0.0747,NORMAL,"{""financial__sanctioned_amount"": 0.3222, ""geo__infrastructure_gap_index"": 0.128, ""geospatial_anomaly_score"": 0.1171}",2026-09-06T09:45:06.494738+00:00
MPLADS-002487,0.0314,NORMAL,"{""geo__infrastructure_gap_index"": 0.3279, ""financial__sanctioned_amount"": 0.2966, ""procurement_anomaly_percentile"": 0.1873}",2026-09-06T09:45:06.494738+00:00
MPLADS-002488,0.0265,NORMAL,"{""financial__sanctioned_amount"": 0.2781, ""procurement_anomaly_percentile"": 0.0728, ""payment_anomaly_score"": 0.0535}",2026-09-06T09:45:06.494738+00:00
MPLADS-002489,0.011,NORMAL,"{""financial__sanctioned_amount"": 0.1977, ""geo__population_density"": 0.0554, ""payment_anomaly_percentile"": 0.0297}",2026-09-06T09:45:06.494738+00:00
MPLADS-002490,0.0161,NORMAL,"{""financial__sanctioned_amount"": 0.1521, ""geo__population_density"": 0.1126, ""geospatial_anomaly_score"": 0.1054}",2026-09-06T09:45:06.494738+00:00
MPLADS-002491,0.0161,NORMAL,"{""geo__population_density"": 0.0913, ""mean_anomaly_score"": 0.0519, ""project__planned_duration_days"": 0.044}",2026-09-06T09:45:06.494738+00:00
MPLADS-002492,0.3904,NORMAL,"{""procurement_anomaly_score"": 1.1376, ""procurement_anomaly_percentile"": 0.4856, ""geospatial_anomaly_score"": 0.1551}",2026-09-06T09:45:06.494738+00:00
MPLADS-002493,0.2449,NORMAL,"{""procurement_anomaly_score"": 1.2638, ""procurement_anomaly_percentile"": 0.4618, ""geo__population_density"": 0.1029}",2026-09-06T09:45:06.494738+00:00
MPLADS-002494,0.0182,NORMAL,"{""financial_anomaly_score"": 0.1369, ""geo__population_density"": 0.1091, ""geo__infrastructure_gap_index"": 0.0421}",2026-09-06T09:45:06.494738+00:00
MPLADS-002495,0.011,NORMAL,"{""project__planned_duration_days"": 0.0632, ""financial__sanctioned_amount"": 0.0261, ""num_flagged_models"": 0.0014}",2026-09-06T09:45:06.494738+00:00
MPLADS-002496,0.0231,NORMAL,"{""geo__infrastructure_gap_index"": 0.082, ""geospatial_anomaly_score"": 0.0753, ""financial__sanctioned_amount"": 0.0678}",2026-09-06T09:45:06.494738+00:00
MPLADS-002497,0.0225,NORMAL,"{""geospatial_anomaly_score"": 0.0992, ""financial__sanctioned_amount"": 0.0522, ""graph_anomaly_percentile"": 0.044}",2026-09-06T09:45:06.494738+00:00
MPLADS-002498,0.0262,NORMAL,"{""geospatial_anomaly_score"": 0.2078, ""geo__infrastructure_gap_index"": 0.0951, ""mean_anomaly_score"": 0.0725}",2026-09-06T09:45:06.494738+00:00
MPLADS-002499,0.3806,NORMAL,"{""procurement_anomaly_score"": 1.7666, ""procurement_anomaly_percentile"": 0.6932, ""max_anomaly_score"": 0.1547}",2026-09-06T09:45:06.494738+00:00
MPLADS-002500,0.0314,NORMAL,"{""geo__infrastructure_gap_index"": 0.1816, ""geospatial_anomaly_score"": 0.0464, ""std_anomaly_score"": 0.0434}",2026-09-06T09:45:06.494738+00:00
MPLADS-002501,0.0231,NORMAL,"{""geospatial_anomaly_score"": 0.2015, ""geo__infrastructure_gap_index"": 0.0691, ""project__planned_duration_days"": 0.0499}",2026-09-06T09:45:06.494738+00:00
MPLADS-002502,1.0,PAYMENT_PROGRESS_MISMATCH,"{""progress_anomaly_score"": 5.3114, ""progress_anomaly_percentile"": 0.9387, ""geo__population_density"": 0.0972}",2026-09-06T09:45:06.494738+00:00
MPLADS-002503,0.1967,NORMAL,"{""procurement_anomaly_score"": 0.6671, ""procurement_anomaly_percentile"": 0.3516, ""geospatial_anomaly_score"": 0.2646}",2026-09-06T09:45:06.494738+00:00
MPLADS-002504,0.0777,NORMAL,"{""geo__population_density"": 0.2118, ""geospatial_anomaly_score"": 0.2117, ""contractor_anomaly_percentile"": 0.1857}",2026-09-06T09:45:06.494738+00:00
MPLADS-002505,0.0182,NORMAL,"{""project__planned_duration_days"": 0.0521, ""geospatial_anomaly_score"": 0.0269, ""financial__sanctioned_amount"": 0.0212}",2026-09-06T09:45:06.494738+00:00
MPLADS-002506,0.0182,NORMAL,"{""financial_anomaly_score"": 0.2031, ""financial_anomaly_percentile"": 0.123, ""std_anomaly_score"": 0.1204}",2026-09-06T09:45:06.494738+00:00
MPLADS-002507,0.011,NORMAL,"{""financial__sanctioned_amount"": 0.1194, ""geo__population_density"": 0.0665, ""project__planned_duration_days"": 0.0469}",2026-09-06T09:45:06.494738+00:00
MPLADS-002508,0.0225,NORMAL,"{""geospatial_anomaly_score"": 0.0967, ""geo__infrastructure_gap_index"": 0.0412, ""project__planned_duration_days"": 0.0392}",2026-09-06T09:45:06.494738+00:00
MPLADS-002509,0.0314,NORMAL,"{""financial__sanctioned_amount"": 0.1787, ""geo__population_density"": 0.1038, ""geospatial_anomaly_score"": 0.0531}",2026-09-06T09:45:06.494738+00:00
MPLADS-002510,0.0182,NORMAL,"{""geo__infrastructure_gap_index"": 0.0673, ""project__planned_duration_days"": 0.0539, ""mean_anomaly_score"": 0.0461}",2026-09-06T09:45:06.494738+00:00
MPLADS-002511,1.0,DELAYED_WORK,"{""progress_anomaly_score"": 5.1451, ""progress_anomaly_percentile"": 0.8758, ""financial_anomaly_score"": 0.231}",2026-09-06T09:45:06.494738+00:00
MPLADS-002512,0.0182,NORMAL,"{""financial_anomaly_score"": 0.2779, ""geospatial_anomaly_score"": 0.0513, ""payment_anomaly_percentile"": 0.0473}",2026-09-06T09:45:06.494738+00:00
MPLADS-002513,0.3914,NORMAL,"{""procurement_anomaly_score"": 1.5985, ""procurement_anomaly_percentile"": 0.4995, ""geospatial_anomaly_score"": 0.0991}",2026-09-06T09:45:06.494738+00:00
MPLADS-002514,0.0182,NORMAL,"{""financial__sanctioned_amount"": 0.0159, ""num_flagged_models"": 0.0014, ""project_size_code"": 0.0}",2026-09-06T09:45:06.494738+00:00
MPLADS-002515,0.3069,NORMAL,"{""procurement_anomaly_score"": 1.2951, ""procurement_anomaly_percentile"": 0.5736, ""financial__sanctioned_amount"": 0.1592}",2026-09-06T09:45:06.494738+00:00
MPLADS-002516,1.0,COST_OVERRUN,"{""progress_anomaly_score"": 4.9948, ""progress_anomaly_percentile"": 0.8618, ""financial__sanctioned_amount"": 0.1115}",2026-09-06T09:45:06.494738+00:00
MPLADS-002517,0.0182,NORMAL,"{""financial__sanctioned_amount"": 0.1943, ""graph_anomaly_score"": 0.0439, ""contractor_anomaly_score"": 0.0246}",2026-09-06T09:45:06.494738+00:00
MPLADS-002518,0.0182,NORMAL,"{""project__planned_duration_days"": 0.0603, ""financial_anomaly_score"": 0.057, ""geospatial_anomaly_percentile"": 0.0286}",2026-09-06T09:45:06.494738+00:00
MPLADS-002519,0.0182,NORMAL,"{""geo__population_density"": 0.2057, ""financial_anomaly_score"": 0.1177, ""geospatial_anomaly_score"": 0.0722}",2026-09-06T09:45:06.494738+00:00
MPLADS-002520,0.0231,NORMAL,"{""geospatial_anomaly_score"": 0.0844, ""financial__sanctioned_amount"": 0.0619, ""project__planned_duration_days"": 0.0451}",2026-09-06T09:45:06.494738+00:00
MPLADS-002521,0.0225,NORMAL,"{""geo__infrastructure_gap_index"": 0.0893, ""mean_anomaly_score"": 0.0747, ""graph_anomaly_score"": 0.0469}",2026-09-06T09:45:06.494738+00:00
MPLADS-002522,0.0262,NORMAL,"{""geo__population_density"": 0.1937, ""procurement_anomaly_percentile"": 0.1932, ""financial_anomaly_score"": 0.0753}",2026-09-06T09:45:06.494738+00:00
MPLADS-002523,0.0182,NORMAL,"{""geo__infrastructure_gap_index"": 0.1167, ""project__planned_duration_days"": 0.0526, ""procurement_anomaly_percentile"": 0.0196}",2026-09-06T09:45:06.494738+00:00
MPLADS-002524,0.0225,NORMAL,"{""project__planned_duration_days"": 0.0463, ""financial__sanctioned_amount"": 0.046, ""payment_anomaly_percentile"": 0.0383}",2026-09-06T09:45:06.494738+00:00
MPLADS-002525,1.0,ABANDONED_WORK,"{""progress_anomaly_score"": 5.2231, ""progress_anomaly_percentile"": 0.9309, ""financial__sanctioned_amount"": 0.1383}",2026-09-06T09:45:06.494738+00:00
MPLADS-002526,1.0,COST_OVERRUN,"{""progress_anomaly_score"": 4.8662, ""progress_anomaly_percentile"": 0.8173, ""procurement_anomaly_score"": 0.2434}",2026-09-06T09:45:06.494738+00:00
MPLADS-002527,0.0231,NORMAL,"{""financial__sanctioned_amount"": 0.1451, ""financial_anomaly_score"": 0.1244, ""financial_anomaly_percentile"": 0.1163}",2026-09-06T09:45:06.494738+00:00
MPLADS-002528,1.0,DOCUMENTATION_DEFICIT,"{""progress_anomaly_score"": 5.2617, ""progress_anomaly_percentile"": 0.9259, ""geo__population_density"": 0.169}",2026-09-06T09:45:06.494738+00:00
MPLADS-002529,1.0,PAYMENT_PROGRESS_MISMATCH,"{""progress_anomaly_score"": 5.1742, ""progress_anomaly_percentile"": 0.8933, ""payment_anomaly_score"": 0.1642}",2026-09-06T09:45:06.494738+00:00
MPLADS-002530,0.0182,NORMAL,"{""geo__infrastructure_gap_index"": 0.0441, ""payment_anomaly_percentile"": 0.042, ""financial_anomaly_percentile"": 0.0375}",2026-09-06T09:45:06.494738+00:00
MPLADS-002531,0.0986,NORMAL,"{""geo__infrastructure_gap_index"": 0.3594, ""geospatial_anomaly_score"": 0.2267, ""geospatial_anomaly_percentile"": 0.0923}",2026-09-06T09:45:06.494738+00:00
MPLADS-002532,0.0314,NORMAL,"{""financial__sanctioned_amount"": 0.2496, ""geospatial_anomaly_score"": 0.0685, ""payment_anomaly_score"": 0.0633}",2026-09-06T09:45:06.494738+00:00
MPLADS-002533,0.0225,NORMAL,"{""geo__infrastructure_gap_index"": 0.1319, ""project__planned_duration_days"": 0.067, ""geospatial_anomaly_score"": 0.0617}",2026-09-06T09:45:06.494738+00:00
MPLADS-002534,0.058,NORMAL,"{""financial__sanctioned_amount"": 0.219, ""geo__infrastructure_gap_index"": 0.2113, ""geo__population_density"": 0.193}",2026-09-06T09:45:06.494738+00:00
MPLADS-002535,0.0182,NORMAL,"{""geospatial_anomaly_score"": 0.2198, ""financial__sanctioned_amount"": 0.0449, ""project__planned_duration_days"": 0.0383}",2026-09-06T09:45:06.494738+00:00
MPLADS-002536,1.0,DOCUMENTATION_DEFICIT,"{""progress_anomaly_score"": 5.4311, ""progress_anomaly_percentile"": 0.9454, ""payment_anomaly_score"": 0.0627}",2026-09-06T09:45:06.494738+00:00
MPLADS-002537,0.0204,NORMAL,"{""geospatial_anomaly_score"": 0.1029, ""project__planned_duration_days"": 0.0554, ""financial__sanctioned_amount"": 0.0552}",2026-09-06T09:45:06.494738+00:00
MPLADS-002538,0.0225,NORMAL,"{""graph_anomaly_score"": 0.0821, ""contractor_anomaly_score"": 0.0537, ""project__planned_duration_days"": 0.0513}",2026-09-06T09:45:06.494738+00:00
MPLADS-002539,0.0231,NORMAL,"{""geo__population_density"": 0.0749, ""project__planned_duration_days"": 0.0547, ""financial__sanctioned_amount"": 0.0222}",2026-09-06T09:45:06.494738+00:00
MPLADS-002540,1.0,PAYMENT_PROGRESS_MISMATCH,"{""progress_anomaly_score"": 5.1716, ""progress_anomaly_percentile"": 0.8676, ""project__planned_duration_days"": 0.0591}",2026-09-06T09:45:06.494738+00:00
MPLADS-002541,0.0231,NORMAL,"{""procurement_anomaly_percentile"": 0.2944, ""financial_anomaly_percentile"": 0.0538, ""financial_anomaly_score"": 0.0519}",2026-09-06T09:45:06.494738+00:00
MPLADS-002542,0.0231,NORMAL,"{""financial__sanctioned_amount"": 0.1828, ""geospatial_anomaly_score"": 0.0748, ""geo__population_density"": 0.0406}",2026-09-06T09:45:06.494738+00:00
MPLADS-002543,0.0308,NORMAL,"{""geospatial_anomaly_score"": 0.1192, ""geo__population_density"": 0.0614, ""financial__sanctioned_amount"": 0.0546}",2026-09-06T09:45:06.494738+00:00
MPLADS-002544,0.0161,NORMAL,"{""financial__sanctioned_amount"": 0.1116, ""geospatial_anomaly_score"": 0.0647, ""payment_anomaly_percentile"": 0.0187}",2026-09-06T09:45:06.494738+00:00
MPLADS-002545,0.2443,NORMAL,"{""financial_anomaly_score"": 0.3282, ""geo__population_density"": 0.2362, ""geospatial_anomaly_score"": 0.2121}",2026-09-06T09:45:06.494738+00:00
MPLADS-002546,0.5278,PROCUREMENT_SINGLE_BID,"{""procurement_anomaly_score"": 1.8376, ""procurement_anomaly_percentile"": 0.8115, ""max_anomaly_score"": 0.2259}",2026-09-06T09:45:06.494738+00:00
MPLADS-002547,0.0182,NORMAL,"{""financial__sanctioned_amount"": 0.1092, ""payment_anomaly_percentile"": 0.028, ""payment_anomaly_score"": 0.0061}",2026-09-06T09:45:06.494738+00:00
MPLADS-002548,0.2572,NORMAL,"{""progress_anomaly_score"": 1.1246, ""financial_anomaly_score"": 0.1596, ""financial_anomaly_percentile"": 0.1242}",2026-09-06T09:45:06.494738+00:00
MPLADS-002549,1.0,PAYMENT_PROGRESS_MISMATCH,"{""progress_anomaly_score"": 5.1882, ""progress_anomaly_percentile"": 0.9871, ""payment_anomaly_score"": 0.1469}",2026-09-06T09:45:06.494738+00:00
MPLADS-002550,0.0182,NORMAL,"{""financial_anomaly_score"": 0.0624, ""project__planned_duration_days"": 0.0382, ""financial_anomaly_percentile"": 0.0365}",2026-09-06T09:45:06.494738+00:00
MPLADS-002551,0.011,NORMAL,"{""geo__infrastructure_gap_index"": 0.0727, ""std_anomaly_score"": 0.0277, ""payment_anomaly_score"": 0.0259}",2026-09-06T09:45:06.494738+00:00
MPLADS-002552,0.011,NORMAL,"{""project__planned_duration_days"": 0.0312, ""num_flagged_models"": 0.0014, ""project_size_code"": 0.0}",2026-09-06T09:45:06.494738+00:00
MPLADS-002553,0.0314,NORMAL,"{""project__planned_duration_days"": 0.0521, ""procurement_anomaly_percentile"": 0.0141, ""financial_anomaly_score"": 0.014}",2026-09-06T09:45:06.494738+00:00
MPLADS-002554,0.0778,NORMAL,"{""geo__infrastructure_gap_index"": 0.121, ""financial__sanctioned_amount"": 0.0935, ""mean_anomaly_score"": 0.0582}",2026-09-06T09:45:06.494738+00:00
MPLADS-002555,0.0231,NORMAL,"{""geo__infrastructure_gap_index"": 0.0824, ""geospatial_anomaly_score"": 0.0818, ""geospatial_anomaly_percentile"": 0.0446}",2026-09-06T09:45:06.494738+00:00
MPLADS-002556,0.0231,NORMAL,"{""financial_anomaly_score"": 0.1606, ""geo__population_density"": 0.118, ""geo__infrastructure_gap_index"": 0.0791}",2026-09-06T09:45:06.494738+00:00
MPLADS-002557,0.0231,NORMAL,"{""geo__infrastructure_gap_index"": 0.1941, ""graph_anomaly_score"": 0.0758, ""geospatial_anomaly_score"": 0.0684}",2026-09-06T09:45:06.494738+00:00
MPLADS-002558,0.0182,NORMAL,"{""payment_anomaly_score"": 0.0969, ""geo__infrastructure_gap_index"": 0.0295, ""payment_anomaly_percentile"": 0.029}",2026-09-06T09:45:06.494738+00:00
MPLADS-002559,0.0231,NORMAL,"{""financial__sanctioned_amount"": 0.1841, ""geo__population_density"": 0.1045, ""payment_anomaly_percentile"": 0.044}",2026-09-06T09:45:06.494738+00:00
MPLADS-002560,0.0182,NORMAL,"{""geo__infrastructure_gap_index"": 0.0823, ""geospatial_anomaly_score"": 0.036, ""financial__sanctioned_amount"": 0.0119}",2026-09-06T09:45:06.494738+00:00
MPLADS-002561,0.3136,NORMAL,"{""procurement_anomaly_score"": 1.3662, ""procurement_anomaly_percentile"": 0.5578, ""financial__sanctioned_amount"": 0.1512}",2026-09-06T09:45:06.494738+00:00
MPLADS-002562,1.0,COST_OVERRUN,"{""progress_anomaly_score"": 4.5619, ""progress_anomaly_percentile"": 0.8146, ""procurement_anomaly_score"": 0.2332}",2026-09-06T09:45:06.494738+00:00
MPLADS-002563,0.0182,NORMAL,"{""financial__sanctioned_amount"": 0.0982, ""geospatial_anomaly_score"": 0.0804, ""financial_anomaly_percentile"": 0.0586}",2026-09-06T09:45:06.494738+00:00
MPLADS-002564,0.0375,NORMAL,"{""financial_anomaly_score"": 0.4221, ""geo__infrastructure_gap_index"": 0.1627, ""geo__population_density"": 0.1459}",2026-09-06T09:45:06.494738+00:00
MPLADS-002565,0.0161,NORMAL,"{""geo__population_density"": 0.1933, ""project__planned_duration_days"": 0.0529, ""graph_anomaly_score"": 0.0034}",2026-09-06T09:45:06.494738+00:00
MPLADS-002566,0.0182,NORMAL,"{""financial_anomaly_score"": 0.1562, ""geospatial_anomaly_score"": 0.074, ""geospatial_anomaly_percentile"": 0.0497}",2026-09-06T09:45:06.494738+00:00
MPLADS-002567,0.1135,NORMAL,"{""financial__sanctioned_amount"": 0.2784, ""payment_anomaly_score"": 0.2579, ""geospatial_anomaly_score"": 0.1121}",2026-09-06T09:45:06.494738+00:00
MPLADS-002568,0.0182,NORMAL,"{""geo__population_density"": 0.1052, ""geo__infrastructure_gap_index"": 0.0793, ""payment_anomaly_percentile"": 0.0643}",2026-09-06T09:45:06.494738+00:00
MPLADS-002569,0.0182,NORMAL,"{""geo__population_density"": 0.1019, ""project__planned_duration_days"": 0.0362, ""mean_anomaly_score"": 0.0098}",2026-09-06T09:45:06.494738+00:00
MPLADS-002570,0.0265,NORMAL,"{""geo__population_density"": 0.1545, ""graph_anomaly_score"": 0.0533, ""geospatial_anomaly_score"": 0.0513}",2026-09-06T09:45:06.494738+00:00
MPLADS-002571,0.0161,NORMAL,"{""financial__sanctioned_amount"": 0.042, ""project__planned_duration_days"": 0.0325, ""geospatial_anomaly_score"": 0.026}",2026-09-06T09:45:06.494738+00:00
MPLADS-002572,0.0182,NORMAL,"{""geospatial_anomaly_score"": 0.0632, ""financial__sanctioned_amount"": 0.046, ""std_anomaly_score"": 0.0369}",2026-09-06T09:45:06.494738+00:00
MPLADS-002573,0.1456,NORMAL,"{""procurement_anomaly_score"": 1.3095, ""procurement_anomaly_percentile"": 0.474, ""financial__sanctioned_amount"": 0.0739}",2026-09-06T09:45:06.494738+00:00
MPLADS-002574,0.0088,NORMAL,"{""project__planned_duration_days"": 0.0671, ""mean_anomaly_score"": 0.0657, ""graph_anomaly_score"": 0.0201}",2026-09-06T09:45:06.494738+00:00
MPLADS-002575,1.0,PAYMENT_PROGRESS_MISMATCH,"{""progress_anomaly_score"": 5.4512, ""progress_anomaly_percentile"": 0.951, ""payment_anomaly_score"": 0.101}",2026-09-06T09:45:06.494738+00:00
MPLADS-002576,1.0,COST_OVERRUN,"{""progress_anomaly_score"": 2.5323, ""procurement_anomaly_score"": 0.5316, ""financial_anomaly_score"": 0.432}",2026-09-06T09:45:06.494738+00:00
MPLADS-002577,0.0231,NORMAL,"{""financial__sanctioned_amount"": 0.0852, ""geo__infrastructure_gap_index"": 0.0756, ""payment_anomaly_score"": 0.0495}",2026-09-06T09:45:06.494738+00:00
MPLADS-002578,0.0231,NORMAL,"{""geo__population_density"": 0.2158, ""financial__sanctioned_amount"": 0.1096, ""std_anomaly_score"": 0.0393}",2026-09-06T09:45:06.494738+00:00
MPLADS-002579,0.0345,NORMAL,"{""financial__sanctioned_amount"": 0.1582, ""payment_anomaly_score"": 0.1198, ""geospatial_anomaly_score"": 0.1125}",2026-09-06T09:45:06.494738+00:00
MPLADS-002580,0.0225,NORMAL,"{""graph_anomaly_score"": 0.0749, ""geo__population_density"": 0.0322, ""project__planned_duration_days"": 0.0318}",2026-09-06T09:45:06.494738+00:00
MPLADS-002581,0.0182,NORMAL,"{""financial_anomaly_score"": 0.1186, ""project__planned_duration_days"": 0.0437, ""std_anomaly_score"": 0.018}",2026-09-06T09:45:06.494738+00:00
MPLADS-002582,0.0182,NORMAL,"{""financial_anomaly_percentile"": 0.099, ""geospatial_anomaly_score"": 0.0798, ""geo__infrastructure_gap_index"": 0.0752}",2026-09-06T09:45:06.494738+00:00
MPLADS-002583,0.0265,NORMAL,"{""financial__sanctioned_amount"": 0.1752, ""contractor_anomaly_score"": 0.1172, ""geo__population_density"": 0.1132}",2026-09-06T09:45:06.494738+00:00
MPLADS-002584,0.0225,NORMAL,"{""project__planned_duration_days"": 0.0623, ""financial_anomaly_score"": 0.0204, ""graph_anomaly_percentile"": 0.0038}",2026-09-06T09:45:06.494738+00:00
MPLADS-002585,0.0231,NORMAL,"{""geo__population_density"": 0.2804, ""geospatial_anomaly_score"": 0.0973, ""project__planned_duration_days"": 0.069}",2026-09-06T09:45:06.494738+00:00
MPLADS-002586,0.0314,NORMAL,"{""geo__infrastructure_gap_index"": 0.2684, ""financial__sanctioned_amount"": 0.1283, ""financial_anomaly_percentile"": 0.1007}",2026-09-06T09:45:06.494738+00:00
MPLADS-002587,1.0,COST_OVERRUN,"{""progress_anomaly_score"": 4.5799, ""progress_anomaly_percentile"": 0.8152, ""procurement_anomaly_score"": 0.2216}",2026-09-06T09:45:06.494738+00:00
MPLADS-002588,0.2528,NORMAL,"{""procurement_anomaly_score"": 1.4016, ""procurement_anomaly_percentile"": 0.4995, ""financial__sanctioned_amount"": 0.1576}",2026-09-06T09:45:06.494738+00:00
MPLADS-002589,1.0,GHOST_WORK,"{""progress_anomaly_score"": 5.2874, ""progress_anomaly_percentile"": 0.9316, ""payment_anomaly_score"": 0.1347}",2026-09-06T09:45:06.494738+00:00
MPLADS-002590,0.0225,NORMAL,"{""geo__infrastructure_gap_index"": 0.1396, ""geospatial_anomaly_percentile"": 0.1379, ""financial__sanctioned_amount"": 0.0671}",2026-09-06T09:45:06.494738+00:00
MPLADS-002591,0.0204,NORMAL,"{""financial__sanctioned_amount"": 0.0437, ""graph_anomaly_score"": 0.0339, ""mean_anomaly_score"": 0.0184}",2026-09-06T09:45:06.494738+00:00
MPLADS-002592,0.0225,NORMAL,"{""financial__sanctioned_amount"": 0.2449, ""geo__infrastructure_gap_index"": 0.1503, ""geospatial_anomaly_score"": 0.0358}",2026-09-06T09:45:06.494738+00:00
MPLADS-002593,0.753,COST_OVERRUN,"{""procurement_anomaly_score"": 0.7503, ""procurement_anomaly_percentile"": 0.6913, ""financial_anomaly_score"": 0.4875}",2026-09-06T09:45:06.494738+00:00
MPLADS-002594,0.0182,NORMAL,"{""geo__population_density"": 0.1213, ""financial_anomaly_percentile"": 0.0251, ""payment_anomaly_percentile"": 0.025}",2026-09-06T09:45:06.494738+00:00
MPLADS-002595,0.0231,NORMAL,"{""geo__population_density"": 0.0753, ""graph_anomaly_score"": 0.0671, ""financial__sanctioned_amount"": 0.0476}",2026-09-06T09:45:06.494738+00:00
MPLADS-002596,0.0525,NORMAL,"{""geo__population_density"": 0.1462, ""geospatial_anomaly_score"": 0.0692, ""project__planned_duration_days"": 0.0647}",2026-09-06T09:45:06.494738+00:00
MPLADS-002597,0.0231,NORMAL,"{""geospatial_anomaly_score"": 0.191, ""geo__population_density"": 0.1193, ""graph_anomaly_percentile"": 0.0794}",2026-09-06T09:45:06.494738+00:00
MPLADS-002598,0.0525,NORMAL,"{""financial__sanctioned_amount"": 0.334, ""payment_anomaly_score"": 0.1525, ""geospatial_anomaly_score"": 0.0961}",2026-09-06T09:45:06.494738+00:00
MPLADS-002599,0.0308,NORMAL,"{""financial__sanctioned_amount"": 0.1649, ""geospatial_anomaly_score"": 0.1024, ""geospatial_anomaly_percentile"": 0.0261}",2026-09-06T09:45:06.494738+00:00
MPLADS-002600,0.011,NORMAL,"{""financial_anomaly_score"": 0.0879, ""geo__infrastructure_gap_index"": 0.0402, ""payment_anomaly_percentile"": 0.0246}",2026-09-06T09:45:06.494738+00:00
MPLADS-002601,1.0,DELAYED_WORK,"{""progress_anomaly_score"": 4.4635, ""progress_anomaly_percentile"": 0.781, ""procurement_anomaly_score"": 0.2712}",2026-09-06T09:45:06.494738+00:00
MPLADS-002602,0.0161,NORMAL,"{""geospatial_anomaly_score"": 0.0423, ""project__planned_duration_days"": 0.031, ""geospatial_anomaly_percentile"": 0.0164}",2026-09-06T09:45:06.494738+00:00
MPLADS-002603,0.0225,NORMAL,"{""project__planned_duration_days"": 0.0559, ""std_anomaly_score"": 0.0203, ""geospatial_anomaly_score"": 0.0118}",2026-09-06T09:45:06.494738+00:00
MPLADS-002604,0.2832,NORMAL,"{""procurement_anomaly_score"": 1.5615, ""procurement_anomaly_percentile"": 0.5158, ""geo__population_density"": 0.0825}",2026-09-06T09:45:06.494738+00:00
MPLADS-002605,1.0,PAYMENT_PROGRESS_MISMATCH,"{""progress_anomaly_score"": 5.2225, ""progress_anomaly_percentile"": 0.8849, ""payment_anomaly_score"": 0.1472}",2026-09-06T09:45:06.494738+00:00
MPLADS-002606,0.0182,NORMAL,"{""financial_anomaly_score"": 0.0683, ""geo__infrastructure_gap_index"": 0.0614, ""project__planned_duration_days"": 0.0314}",2026-09-06T09:45:06.494738+00:00
MPLADS-002607,0.0231,NORMAL,"{""financial_anomaly_score"": 0.2422, ""geo__infrastructure_gap_index"": 0.087, ""financial__sanctioned_amount"": 0.0439}",2026-09-06T09:45:06.494738+00:00
MPLADS-002608,0.0182,NORMAL,"{""project__planned_duration_days"": 0.0405, ""geospatial_anomaly_score"": 0.0181, ""std_anomaly_score"": 0.0084}",2026-09-06T09:45:06.494738+00:00
MPLADS-002609,0.0314,NORMAL,"{""financial__sanctioned_amount"": 0.1621, ""contractor_anomaly_percentile"": 0.118, ""geospatial_anomaly_score"": 0.1155}",2026-09-06T09:45:06.494738+00:00
MPLADS-002610,1.0,COST_OVERRUN,"{""progress_anomaly_score"": 4.5874, ""progress_anomaly_percentile"": 0.7912, ""procurement_anomaly_score"": 0.5191}",2026-09-06T09:45:06.494738+00:00
MPLADS-002611,0.0231,NORMAL,"{""financial__sanctioned_amount"": 0.2009, ""payment_anomaly_score"": 0.1176, ""geo__population_density"": 0.0853}",2026-09-06T09:45:06.494738+00:00
MPLADS-002612,1.0,DELAYED_WORK,"{""progress_anomaly_score"": 4.6217, ""progress_anomaly_percentile"": 0.9148, ""procurement_anomaly_score"": 0.2124}",2026-09-06T09:45:06.494738+00:00
MPLADS-002613,0.0182,NORMAL,"{""financial_anomaly_score"": 0.1114, ""geo__infrastructure_gap_index"": 0.0748, ""project__planned_duration_days"": 0.0108}",2026-09-06T09:45:06.494738+00:00
MPLADS-002614,0.011,NORMAL,"{""financial_anomaly_score"": 0.166, ""project__planned_duration_days"": 0.049, ""financial_anomaly_percentile"": 0.032}",2026-09-06T09:45:06.494738+00:00
MPLADS-002615,0.0182,NORMAL,"{""geospatial_anomaly_score"": 0.0497, ""financial__sanctioned_amount"": 0.0427, ""project__planned_duration_days"": 0.0333}",2026-09-06T09:45:06.494738+00:00
MPLADS-002616,1.0,DELAYED_WORK,"{""progress_anomaly_score"": 5.1728, ""progress_anomaly_percentile"": 0.8857, ""financial_anomaly_score"": 0.2087}",2026-09-06T09:45:06.494738+00:00
MPLADS-002617,0.0182,NORMAL,"{""financial__sanctioned_amount"": 0.1342, ""financial_anomaly_percentile"": 0.0556, ""max_anomaly_score"": 0.0416}",2026-09-06T09:45:06.494738+00:00
MPLADS-002618,0.0182,NORMAL,"{""financial__sanctioned_amount"": 0.1762, ""geospatial_anomaly_score"": 0.0952, ""graph_anomaly_score"": 0.0703}",2026-09-06T09:45:06.494738+00:00
MPLADS-002619,0.0225,NORMAL,"{""financial__sanctioned_amount"": 0.2934, ""geospatial_anomaly_score"": 0.0934, ""geospatial_anomaly_percentile"": 0.0269}",2026-09-06T09:45:06.494738+00:00
MPLADS-002620,0.0231,NORMAL,"{""financial__sanctioned_amount"": 0.1925, ""project__planned_duration_days"": 0.0371, ""mean_anomaly_score"": 0.0363}",2026-09-06T09:45:06.494738+00:00
MPLADS-002621,0.0182,NORMAL,"{""geo__infrastructure_gap_index"": 0.0758, ""financial_anomaly_score"": 0.0694, ""payment_anomaly_percentile"": 0.0535}",2026-09-06T09:45:06.494738+00:00
MPLADS-002622,0.0225,NORMAL,"{""geo__population_density"": 0.1835, ""geospatial_anomaly_score"": 0.1812, ""geo__infrastructure_gap_index"": 0.1706}",2026-09-06T09:45:06.494738+00:00
MPLADS-002623,0.0265,NORMAL,"{""payment_anomaly_score"": 0.3821, ""payment_anomaly_percentile"": 0.0997, ""financial_anomaly_score"": 0.0845}",2026-09-06T09:45:06.494738+00:00
MPLADS-002624,0.0182,NORMAL,"{""std_anomaly_score"": 0.1306, ""project__planned_duration_days"": 0.0589, ""num_flagged_models"": 0.0014}",2026-09-06T09:45:06.494738+00:00
MPLADS-002625,0.0182,NORMAL,"{""contractor_anomaly_percentile"": 0.2321, ""contractor_anomaly_score"": 0.1861, ""project__planned_duration_days"": 0.0381}",2026-09-06T09:45:06.494738+00:00
MPLADS-002626,0.0225,NORMAL,"{""geo__infrastructure_gap_index"": 0.2507, ""procurement_anomaly_percentile"": 0.1131, ""financial_anomaly_percentile"": 0.0704}",2026-09-06T09:45:06.494738+00:00
MPLADS-002627,0.0225,NORMAL,"{""geospatial_anomaly_score"": 0.1888, ""mean_anomaly_score"": 0.096, ""geospatial_anomaly_percentile"": 0.0491}",2026-09-06T09:45:06.494738+00:00
MPLADS-002628,0.0225,NORMAL,"{""geospatial_anomaly_score"": 0.1, ""geo__population_density"": 0.0694, ""project__planned_duration_days"": 0.0512}",2026-09-06T09:45:06.494738+00:00
MPLADS-002629,0.0225,NORMAL,"{""geo__population_density"": 0.1307, ""geospatial_anomaly_score"": 0.0679, ""mean_anomaly_score"": 0.0461}",2026-09-06T09:45:06.494738+00:00
MPLADS-002630,0.011,NORMAL,"{""project__planned_duration_days"": 0.0458, ""financial__sanctioned_amount"": 0.0219, ""std_anomaly_score"": 0.0035}",2026-09-06T09:45:06.494738+00:00
MPLADS-002631,0.0231,NORMAL,"{""geo__infrastructure_gap_index"": 0.2573, ""procurement_anomaly_percentile"": 0.1289, ""payment_anomaly_percentile"": 0.0452}",2026-09-06T09:45:06.494738+00:00
MPLADS-002632,0.0231,NORMAL,"{""geo__population_density"": 0.1663, ""financial__sanctioned_amount"": 0.0854, ""financial_anomaly_percentile"": 0.0694}",2026-09-06T09:45:06.494738+00:00
MPLADS-002633,1.0,ABANDONED_WORK,"{""progress_anomaly_score"": 5.0769, ""progress_anomaly_percentile"": 0.956, ""financial_anomaly_score"": 0.1783}",2026-09-06T09:45:06.494738+00:00
MPLADS-002634,0.0231,NORMAL,"{""procurement_anomaly_percentile"": 0.1092, ""financial__sanctioned_amount"": 0.0718, ""graph_anomaly_score"": 0.0146}",2026-09-06T09:45:06.494738+00:00
MPLADS-002635,1.0,PAYMENT_PROGRESS_MISMATCH,"{""progress_anomaly_score"": 5.316, ""progress_anomaly_percentile"": 0.8896, ""payment_anomaly_score"": 0.1096}",2026-09-06T09:45:06.494738+00:00
MPLADS-002636,0.0345,NORMAL,"{""contractor_anomaly_percentile"": 0.2043, ""contractor_anomaly_score"": 0.1315, ""financial__sanctioned_amount"": 0.0631}",2026-09-06T09:45:06.494738+00:00
MPLADS-002637,0.0231,NORMAL,"{""geo__population_density"": 0.1493, ""graph_anomaly_score"": 0.0663, ""payment_anomaly_percentile"": 0.058}",2026-09-06T09:45:06.494738+00:00
MPLADS-002638,1.0,ABANDONED_WORK,"{""progress_anomaly_score"": 5.29, ""progress_anomaly_percentile"": 0.8858, ""financial__sanctioned_amount"": 0.0751}",2026-09-06T09:45:06.494738+00:00
MPLADS-002639,1.0,DELAYED_WORK,"{""progress_anomaly_score"": 5.0541, ""progress_anomaly_percentile"": 0.7812, ""financial_anomaly_score"": 0.1693}",2026-09-06T09:45:06.494738+00:00
MPLADS-002640,1.0,COST_OVERRUN,"{""progress_anomaly_score"": 4.6739, ""progress_anomaly_percentile"": 0.8481, ""procurement_anomaly_score"": 0.2185}",2026-09-06T09:45:06.494738+00:00
MPLADS-002641,1.0,DELAYED_WORK,"{""progress_anomaly_score"": 5.0655, ""progress_anomaly_percentile"": 0.8668, ""financial_anomaly_score"": 0.1985}",2026-09-06T09:45:06.494738+00:00
MPLADS-002642,1.0,DELAYED_WORK,"{""progress_anomaly_score"": 5.2391, ""progress_anomaly_percentile"": 0.8681, ""financial_anomaly_score"": 0.1335}",2026-09-06T09:45:06.494738+00:00
MPLADS-002643,0.0265,NORMAL,"{""payment_anomaly_score"": 0.4392, ""geo__population_density"": 0.2062, ""payment_anomaly_percentile"": 0.0819}",2026-09-06T09:45:06.494738+00:00
MPLADS-002644,0.0345,NORMAL,"{""geo__population_density"": 0.2573, ""payment_anomaly_score"": 0.1447, ""geo__infrastructure_gap_index"": 0.0921}",2026-09-06T09:45:06.494738+00:00
MPLADS-002645,0.0182,NORMAL,"{""financial_anomaly_percentile"": 0.0599, ""payment_anomaly_percentile"": 0.0462, ""payment_anomaly_score"": 0.0356}",2026-09-06T09:45:06.494738+00:00
MPLADS-002646,0.0225,NORMAL,"{""payment_anomaly_score"": 0.0392, ""graph_anomaly_percentile"": 0.0247, ""std_anomaly_score"": 0.0165}",2026-09-06T09:45:06.494738+00:00
MPLADS-002647,0.3136,NORMAL,"{""procurement_anomaly_score"": 1.7814, ""procurement_anomaly_percentile"": 0.7171, ""max_anomaly_score"": 0.1969}",2026-09-06T09:45:06.494738+00:00
MPLADS-002648,0.0231,NORMAL,"{""geo__population_density"": 0.1122, ""financial__sanctioned_amount"": 0.0651, ""geospatial_anomaly_score"": 0.0307}",2026-09-06T09:45:06.494738+00:00
MPLADS-002649,0.0182,NORMAL,"{""project__planned_duration_days"": 0.0649, ""geospatial_anomaly_score"": 0.0593, ""std_anomaly_score"": 0.0315}",2026-09-06T09:45:06.494738+00:00
MPLADS-002650,1.0,GHOST_WORK,"{""progress_anomaly_score"": 5.6056, ""progress_anomaly_percentile"": 0.9539, ""payment_anomaly_score"": 0.0858}",2026-09-06T09:45:06.494738+00:00
MPLADS-002651,0.0345,NORMAL,"{""payment_anomaly_score"": 0.1974, ""geo__population_density"": 0.1092, ""procurement_anomaly_percentile"": 0.0959}",2026-09-06T09:45:06.494738+00:00
MPLADS-002652,0.0231,NORMAL,"{""payment_anomaly_score"": 0.1123, ""geo__infrastructure_gap_index"": 0.069, ""project__planned_duration_days"": 0.0532}",2026-09-06T09:45:06.494738+00:00
MPLADS-002653,0.011,NORMAL,"{""financial_anomaly_score"": 0.1672, ""financial_anomaly_percentile"": 0.0581, ""project__planned_duration_days"": 0.0485}",2026-09-06T09:45:06.494738+00:00
MPLADS-002654,0.0182,NORMAL,"{""financial__sanctioned_amount"": 0.1023, ""geo__infrastructure_gap_index"": 0.0716, ""payment_anomaly_percentile"": 0.0101}",2026-09-06T09:45:06.494738+00:00
MPLADS-002655,0.0182,NORMAL,"{""project__planned_duration_days"": 0.0507, ""geo__infrastructure_gap_index"": 0.0464, ""num_flagged_models"": 0.0014}",2026-09-06T09:45:06.494738+00:00
MPLADS-002656,0.0262,NORMAL,"{""geospatial_anomaly_score"": 0.1939, ""geo__population_density"": 0.1398, ""geospatial_anomaly_percentile"": 0.0982}",2026-09-06T09:45:06.494738+00:00
MPLADS-002657,0.2673,NORMAL,"{""financial__sanctioned_amount"": 0.415, ""procurement_anomaly_percentile"": 0.2213, ""geo__infrastructure_gap_index"": 0.1742}",2026-09-06T09:45:06.494738+00:00
MPLADS-002658,0.0231,NORMAL,"{""geo__population_density"": 0.2625, ""project__planned_duration_days"": 0.0594, ""mean_anomaly_score"": 0.0356}",2026-09-06T09:45:06.494738+00:00
MPLADS-002659,0.0262,NORMAL,"{""financial_anomaly_score"": 0.3475, ""geospatial_anomaly_score"": 0.1214, ""geo__infrastructure_gap_index"": 0.0854}",2026-09-06T09:45:06.494738+00:00
MPLADS-002660,0.0231,NORMAL,"{""geo__population_density"": 0.1408, ""mean_anomaly_score"": 0.0688, ""project__planned_duration_days"": 0.0658}",2026-09-06T09:45:06.494738+00:00
MPLADS-002661,0.0231,NORMAL,"{""project__planned_duration_days"": 0.0674, ""mean_anomaly_score"": 0.0476, ""geospatial_anomaly_score"": 0.0438}",2026-09-06T09:45:06.494738+00:00
MPLADS-002662,0.0314,NORMAL,"{""geo__population_density"": 0.1232, ""geospatial_anomaly_score"": 0.1014, ""geo__infrastructure_gap_index"": 0.0773}",2026-09-06T09:45:06.494738+00:00
MPLADS-002663,0.0314,NORMAL,"{""financial_anomaly_score"": 0.2411, ""geo__population_density"": 0.2142, ""contractor_anomaly_score"": 0.1288}",2026-09-06T09:45:06.494738+00:00
MPLADS-002664,0.0777,NORMAL,"{""procurement_anomaly_percentile"": 0.6315, ""procurement_anomaly_score"": 0.3822, ""payment_anomaly_percentile"": 0.0482}",2026-09-06T09:45:06.494738+00:00
MPLADS-002665,1.0,DOCUMENTATION_DEFICIT,"{""progress_anomaly_score"": 4.8663, ""progress_anomaly_percentile"": 0.9371, ""payment_anomaly_score"": 0.3405}",2026-09-06T09:45:06.494738+00:00
MPLADS-002666,0.0314,NORMAL,"{""financial__sanctioned_amount"": 0.2339, ""payment_anomaly_score"": 0.1781, ""geospatial_anomaly_score"": 0.0691}",2026-09-06T09:45:06.494738+00:00
MPLADS-002667,0.011,NORMAL,"{""graph_anomaly_score"": 0.0731, ""geo__population_density"": 0.0678, ""project__planned_duration_days"": 0.0304}",2026-09-06T09:45:06.494738+00:00
MPLADS-002668,0.0231,NORMAL,"{""procurement_anomaly_percentile"": 0.2103, ""project__planned_duration_days"": 0.0388, ""contractor_anomaly_percentile"": 0.0035}",2026-09-06T09:45:06.494738+00:00
MPLADS-002669,0.0182,NORMAL,"{""financial__sanctioned_amount"": 0.2307, ""geospatial_anomaly_score"": 0.0536, ""payment_anomaly_percentile"": 0.0231}",2026-09-06T09:45:06.494738+00:00
MPLADS-002670,1.0,COST_OVERRUN,"{""progress_anomaly_score"": 4.3942, ""progress_anomaly_percentile"": 0.8286, ""procurement_anomaly_score"": 0.5475}",2026-09-06T09:45:06.494738+00:00
MPLADS-002671,0.011,NORMAL,"{""payment_anomaly_score"": 0.111, ""geo__population_density"": 0.084, ""payment_anomaly_percentile"": 0.0554}",2026-09-06T09:45:06.494738+00:00
MPLADS-002672,0.0231,NORMAL,"{""financial__sanctioned_amount"": 0.1575, ""geospatial_anomaly_score"": 0.0961, ""payment_anomaly_score"": 0.0448}",2026-09-06T09:45:06.494738+00:00
MPLADS-002673,0.0182,NORMAL,"{""geospatial_anomaly_score"": 0.1162, ""project__planned_duration_days"": 0.0618, ""contractor_anomaly_score"": 0.0444}",2026-09-06T09:45:06.494738+00:00
MPLADS-002674,0.0225,NORMAL,"{""geospatial_anomaly_score"": 0.0619, ""project__planned_duration_days"": 0.0528, ""geospatial_anomaly_percentile"": 0.0144}",2026-09-06T09:45:06.494738+00:00
MPLADS-002675,0.0225,NORMAL,"{""financial__sanctioned_amount"": 0.2026, ""financial_anomaly_score"": 0.1929, ""financial_anomaly_percentile"": 0.0739}",2026-09-06T09:45:06.494738+00:00
MPLADS-002676,0.0231,NORMAL,"{""geospatial_anomaly_score"": 0.1233, ""project__planned_duration_days"": 0.045, ""std_anomaly_score"": 0.0333}",2026-09-06T09:45:06.494738+00:00
MPLADS-002677,0.0225,NORMAL,"{""geospatial_anomaly_score"": 0.0743, ""financial__sanctioned_amount"": 0.0387, ""geo__population_density"": 0.0386}",2026-09-06T09:45:06.494738+00:00
MPLADS-002678,0.3566,NORMAL,"{""procurement_anomaly_score"": 1.4984, ""procurement_anomaly_percentile"": 0.6868, ""max_anomaly_score"": 0.0951}",2026-09-06T09:45:06.494738+00:00
MPLADS-002679,0.0182,NORMAL,"{""financial__sanctioned_amount"": 0.0486, ""graph_anomaly_score"": 0.0359, ""mean_anomaly_score"": 0.0195}",2026-09-06T09:45:06.494738+00:00
MPLADS-002680,1.0,ABANDONED_WORK,"{""progress_anomaly_score"": 5.2901, ""progress_anomaly_percentile"": 0.9543, ""financial_anomaly_score"": 0.1981}",2026-09-06T09:45:06.494738+00:00
MPLADS-002681,1.0,PAYMENT_PROGRESS_MISMATCH,"{""progress_anomaly_score"": 5.3306, ""progress_anomaly_percentile"": 0.9331, ""payment_anomaly_score"": 0.0647}",2026-09-06T09:45:06.494738+00:00
MPLADS-002682,0.0225,NORMAL,"{""geospatial_anomaly_score"": 0.0951, ""project__planned_duration_days"": 0.0604, ""financial__sanctioned_amount"": 0.04}",2026-09-06T09:45:06.494738+00:00
MPLADS-002683,0.1698,NORMAL,"{""procurement_anomaly_score"": 1.2021, ""procurement_anomaly_percentile"": 0.4681, ""std_anomaly_score"": 0.0643}",2026-09-06T09:45:06.494738+00:00
MPLADS-002684,1.0,COST_OVERRUN,"{""progress_anomaly_score"": 4.6531, ""progress_anomaly_percentile"": 0.8168, ""procurement_anomaly_score"": 0.1931}",2026-09-06T09:45:06.494738+00:00
MPLADS-002685,0.0225,NORMAL,"{""project__planned_duration_days"": 0.0349, ""std_anomaly_score"": 0.0124, ""contractor_anomaly_score"": 0.0047}",2026-09-06T09:45:06.494738+00:00
MPLADS-002686,0.0182,NORMAL,"{""financial_anomaly_score"": 0.054, ""project__planned_duration_days"": 0.049, ""financial_anomaly_percentile"": 0.0361}",2026-09-06T09:45:06.494738+00:00
MPLADS-002687,0.0314,NORMAL,"{""financial_anomaly_score"": 0.3047, ""geospatial_anomaly_score"": 0.2075, ""financial__sanctioned_amount"": 0.1474}",2026-09-06T09:45:06.494738+00:00
MPLADS-002688,1.0,DOCUMENTATION_DEFICIT,"{""progress_anomaly_score"": 5.1411, ""progress_anomaly_percentile"": 0.8762, ""geo__population_density"": 0.2498}",2026-09-06T09:45:06.494738+00:00
MPLADS-002689,0.011,NORMAL,"{""financial_anomaly_score"": 0.127, ""geo__infrastructure_gap_index"": 0.0593, ""financial_anomaly_percentile"": 0.0317}",2026-09-06T09:45:06.494738+00:00
MPLADS-002690,0.403,NORMAL,"{""procurement_anomaly_score"": 1.456, ""procurement_anomaly_percentile"": 0.7351, ""financial__sanctioned_amount"": 0.1271}",2026-09-06T09:45:06.494738+00:00
MPLADS-002691,1.0,DELAYED_WORK,"{""progress_anomaly_score"": 4.66, ""progress_anomaly_percentile"": 0.8073, ""procurement_anomaly_score"": 0.2991}",2026-09-06T09:45:06.494738+00:00
MPLADS-002692,0.0231,NORMAL,"{""geo__population_density"": 0.0783, ""geospatial_anomaly_score"": 0.0662, ""project__planned_duration_days"": 0.0626}",2026-09-06T09:45:06.494738+00:00
MPLADS-002693,0.5278,PROCUREMENT_SINGLE_BID,"{""procurement_anomaly_score"": 1.6206, ""procurement_anomaly_percentile"": 0.7951, ""geo__population_density"": 0.2161}",2026-09-06T09:45:06.494738+00:00
MPLADS-002694,0.0231,NORMAL,"{""project__planned_duration_days"": 0.0496, ""geospatial_anomaly_score"": 0.0159, ""num_flagged_models"": 0.0014}",2026-09-06T09:45:06.494738+00:00
MPLADS-002695,0.0182,NORMAL,"{""geo__infrastructure_gap_index"": 0.326, ""geo__population_density"": 0.2843, ""graph_anomaly_score"": 0.1104}",2026-09-06T09:45:06.494738+00:00
MPLADS-002696,0.0182,NORMAL,"{""geospatial_anomaly_score"": 0.0704, ""financial_anomaly_score"": 0.0407, ""project__planned_duration_days"": 0.0401}",2026-09-06T09:45:06.494738+00:00
MPLADS-002697,0.0182,NORMAL,"{""geospatial_anomaly_score"": 0.1838, ""geospatial_anomaly_percentile"": 0.0818, ""geo__infrastructure_gap_index"": 0.0402}",2026-09-06T09:45:06.494738+00:00
MPLADS-002698,0.0231,NORMAL,"{""geo__population_density"": 0.109, ""geospatial_anomaly_score"": 0.0428, ""geospatial_anomaly_percentile"": 0.0188}",2026-09-06T09:45:06.494738+00:00
MPLADS-002699,0.0225,NORMAL,"{""geospatial_anomaly_percentile"": 0.0996, ""project__planned_duration_days"": 0.0563, ""geospatial_anomaly_score"": 0.0511}",2026-09-06T09:45:06.494738+00:00
MPLADS-002700,0.0314,NORMAL,"{""geospatial_anomaly_score"": 0.1053, ""project__planned_duration_days"": 0.0773, ""financial__sanctioned_amount"": 0.0405}",2026-09-06T09:45:06.494738+00:00
MPLADS-002701,0.0225,NORMAL,"{""financial__sanctioned_amount"": 0.074, ""payment_anomaly_percentile"": 0.0309, ""num_flagged_models"": 0.0014}",2026-09-06T09:45:06.494738+00:00
MPLADS-002702,0.0314,NORMAL,"{""financial__sanctioned_amount"": 0.1554, ""geospatial_anomaly_score"": 0.119, ""financial_anomaly_percentile"": 0.0603}",2026-09-06T09:45:06.494738+00:00
MPLADS-002703,1.0,DELAYED_WORK,"{""progress_anomaly_score"": 5.1096, ""progress_anomaly_percentile"": 0.8334, ""financial_anomaly_score"": 0.2433}",2026-09-06T09:45:06.494738+00:00
MPLADS-002704,0.0231,NORMAL,"{""geospatial_anomaly_score"": 0.1965, ""geo__infrastructure_gap_index"": 0.0805, ""geo__population_density"": 0.0268}",2026-09-06T09:45:06.494738+00:00
MPLADS-002705,0.0225,NORMAL,"{""financial__sanctioned_amount"": 0.1821, ""geo__population_density"": 0.1252, ""max_anomaly_score"": 0.0596}",2026-09-06T09:45:06.494738+00:00
MPLADS-002706,0.0132,NORMAL,"{""financial_anomaly_score"": 0.1385, ""project__planned_duration_days"": 0.0512, ""std_anomaly_score"": 0.0282}",2026-09-06T09:45:06.494738+00:00
MPLADS-002707,0.0308,NORMAL,"{""geo__population_density"": 0.1167, ""geo__infrastructure_gap_index"": 0.0871, ""std_anomaly_score"": 0.0759}",2026-09-06T09:45:06.494738+00:00
MPLADS-002708,0.011,NORMAL,"{""geo__infrastructure_gap_index"": 0.0458, ""project__planned_duration_days"": 0.042, ""graph_anomaly_score"": 0.0276}",2026-09-06T09:45:06.494738+00:00
MPLADS-002709,0.5278,PROCUREMENT_SINGLE_BID,"{""procurement_anomaly_score"": 1.9766, ""procurement_anomaly_percentile"": 0.8743, ""max_anomaly_score"": 0.1717}",2026-09-06T09:45:06.494738+00:00
MPLADS-002710,0.0225,NORMAL,"{""geospatial_anomaly_score"": 0.2003, ""graph_anomaly_score"": 0.1116, ""geo__population_density"": 0.0586}",2026-09-06T09:45:06.494738+00:00
MPLADS-002711,0.0231,NORMAL,"{""geospatial_anomaly_score"": 0.1893, ""project__planned_duration_days"": 0.0453, ""geospatial_anomaly_percentile"": 0.0355}",2026-09-06T09:45:06.494738+00:00
MPLADS-002712,1.0,DELAYED_WORK,"{""progress_anomaly_score"": 5.3578, ""progress_anomaly_percentile"": 0.97, ""payment_anomaly_score"": 0.0972}",2026-09-06T09:45:06.494738+00:00
MPLADS-002713,0.0231,NORMAL,"{""geo__population_density"": 0.1961, ""geo__infrastructure_gap_index"": 0.1064, ""graph_anomaly_score"": 0.0615}",2026-09-06T09:45:06.494738+00:00
MPLADS-002714,0.0314,NORMAL,"{""geospatial_anomaly_score"": 0.073, ""std_anomaly_score"": 0.0582, ""financial__sanctioned_amount"": 0.0366}",2026-09-06T09:45:06.494738+00:00
MPLADS-002715,1.0,ABANDONED_WORK,"{""progress_anomaly_score"": 5.0894, ""progress_anomaly_percentile"": 0.8685, ""payment_anomaly_score"": 0.141}",2026-09-06T09:45:06.494738+00:00
MPLADS-002716,0.0308,NORMAL,"{""geospatial_anomaly_score"": 0.2087, ""project__planned_duration_days"": 0.0637, ""geo__population_density"": 0.0395}",2026-09-06T09:45:06.494738+00:00
MPLADS-002717,0.0182,NORMAL,"{""geo__population_density"": 0.0474, ""project__planned_duration_days"": 0.0454, ""graph_anomaly_score"": 0.042}",2026-09-06T09:45:06.494738+00:00
MPLADS-002718,0.0225,NORMAL,"{""geospatial_anomaly_score"": 0.0897, ""mean_anomaly_score"": 0.0632, ""project__planned_duration_days"": 0.0335}",2026-09-06T09:45:06.494738+00:00
MPLADS-002719,1.0,COST_OVERRUN,"{""progress_anomaly_score"": 4.6001, ""progress_anomaly_percentile"": 0.9328, ""procurement_anomaly_score"": 0.2895}",2026-09-06T09:45:06.494738+00:00
MPLADS-002720,1.0,PAYMENT_PROGRESS_MISMATCH,"{""progress_anomaly_score"": 4.9824, ""progress_anomaly_percentile"": 0.9158, ""financial_anomaly_score"": 0.1251}",2026-09-06T09:45:06.494738+00:00
MPLADS-002721,0.0225,NORMAL,"{""geospatial_anomaly_score"": 0.1338, ""project__planned_duration_days"": 0.0577, ""geospatial_anomaly_percentile"": 0.0338}",2026-09-06T09:45:06.494738+00:00
MPLADS-002722,0.0225,NORMAL,"{""project__planned_duration_days"": 0.0651, ""geospatial_anomaly_score"": 0.0584, ""geo__infrastructure_gap_index"": 0.0326}",2026-09-06T09:45:06.494738+00:00
MPLADS-002723,0.0182,NORMAL,"{""payment_anomaly_score"": 0.0496, ""project__planned_duration_days"": 0.0492, ""financial_anomaly_percentile"": 0.0454}",2026-09-06T09:45:06.494738+00:00
MPLADS-002724,0.0046,NORMAL,"{""payment_anomaly_score"": 0.0601, ""payment_anomaly_percentile"": 0.0492, ""project__planned_duration_days"": 0.0426}",2026-09-06T09:45:06.494738+00:00
MPLADS-002725,1.0,PAYMENT_PROGRESS_MISMATCH,"{""progress_anomaly_score"": 5.3269, ""progress_anomaly_percentile"": 0.9227, ""payment_anomaly_score"": 0.1046}",2026-09-06T09:45:06.494738+00:00
MPLADS-002726,0.0225,NORMAL,"{""financial_anomaly_score"": 0.1088, ""geospatial_anomaly_score"": 0.0927, ""project__planned_duration_days"": 0.0423}",2026-09-06T09:45:06.494738+00:00
MPLADS-002727,1.0,PAYMENT_PROGRESS_MISMATCH,"{""progress_anomaly_score"": 5.1707, ""progress_anomaly_percentile"": 0.8809, ""financial__sanctioned_amount"": 0.0733}",2026-09-06T09:45:06.494738+00:00
MPLADS-002728,0.2792,NORMAL,"{""procurement_anomaly_score"": 1.4037, ""procurement_anomaly_percentile"": 0.4578, ""geospatial_anomaly_score"": 0.1088}",2026-09-06T09:45:06.494738+00:00
MPLADS-002729,0.0231,NORMAL,"{""geo__infrastructure_gap_index"": 0.0624, ""project__planned_duration_days"": 0.0462, ""geospatial_anomaly_score"": 0.0178}",2026-09-06T09:45:06.494738+00:00
MPLADS-002730,0.0182,NORMAL,"{""financial_anomaly_score"": 0.1444, ""financial_anomaly_percentile"": 0.0455, ""project__planned_duration_days"": 0.0184}",2026-09-06T09:45:06.494738+00:00
MPLADS-002731,0.011,NORMAL,"{""financial_anomaly_score"": 0.0721, ""geo__infrastructure_gap_index"": 0.0702, ""project__planned_duration_days"": 0.0266}",2026-09-06T09:45:06.494738+00:00
MPLADS-002732,0.1743,NORMAL,"{""procurement_anomaly_score"": 0.6173, ""procurement_anomaly_percentile"": 0.2818, ""geo__population_density"": 0.0838}",2026-09-06T09:45:06.494738+00:00
MPLADS-002733,0.0314,NORMAL,"{""geospatial_anomaly_score"": 0.0942, ""project__planned_duration_days"": 0.0702, ""mean_anomaly_score"": 0.0429}",2026-09-06T09:45:06.494738+00:00
MPLADS-002734,1.0,COST_OVERRUN,"{""progress_anomaly_score"": 5.082, ""progress_anomaly_percentile"": 0.8904, ""geo__population_density"": 0.1444}",2026-09-06T09:45:06.494738+00:00
MPLADS-002735,0.0231,NORMAL,"{""financial__sanctioned_amount"": 0.1371, ""mean_anomaly_score"": 0.0894, ""payment_anomaly_percentile"": 0.0336}",2026-09-06T09:45:06.494738+00:00
MPLADS-002736,0.011,NORMAL,"{""financial_anomaly_percentile"": 0.0613, ""payment_anomaly_score"": 0.0536, ""payment_anomaly_percentile"": 0.0467}",2026-09-06T09:45:06.494738+00:00
MPLADS-002737,0.0231,NORMAL,"{""payment_anomaly_score"": 0.1415, ""financial__sanctioned_amount"": 0.1359, ""geo__infrastructure_gap_index"": 0.0739}",2026-09-06T09:45:06.494738+00:00
MPLADS-002738,0.0225,NORMAL,"{""financial_anomaly_score"": 0.084, ""financial_anomaly_percentile"": 0.0752, ""geo__infrastructure_gap_index"": 0.0629}",2026-09-06T09:45:06.494738+00:00
MPLADS-002739,0.0308,NORMAL,"{""procurement_anomaly_percentile"": 0.3713, ""procurement_anomaly_score"": 0.3267, ""geo__population_density"": 0.1856}",2026-09-06T09:45:06.494738+00:00
MPLADS-002740,0.0182,NORMAL,"{""geo__population_density"": 0.1201, ""payment_anomaly_score"": 0.0766, ""financial_anomaly_score"": 0.0741}",2026-09-06T09:45:06.494738+00:00
MPLADS-002741,0.0182,NORMAL,"{""financial__sanctioned_amount"": 0.1894, ""contractor_anomaly_score"": 0.1079, ""payment_anomaly_score"": 0.0926}",2026-09-06T09:45:06.494738+00:00
MPLADS-002742,0.0231,NORMAL,"{""financial__sanctioned_amount"": 0.0975, ""geo__infrastructure_gap_index"": 0.0683, ""payment_anomaly_percentile"": 0.0557}",2026-09-06T09:45:06.494738+00:00
MPLADS-002743,0.0225,NORMAL,"{""procurement_anomaly_score"": 0.4776, ""procurement_anomaly_percentile"": 0.2725, ""financial_anomaly_score"": 0.166}",2026-09-06T09:45:06.494738+00:00
MPLADS-002744,0.0182,NORMAL,"{""geo__population_density"": 0.1765, ""project__planned_duration_days"": 0.0624, ""mean_anomaly_score"": 0.0212}",2026-09-06T09:45:06.494738+00:00
MPLADS-002745,1.0,PAYMENT_PROGRESS_MISMATCH,"{""progress_anomaly_score"": 5.4369, ""progress_anomaly_percentile"": 0.9665, ""payment_anomaly_score"": 0.1055}",2026-09-06T09:45:06.494738+00:00
MPLADS-002746,0.0182,NORMAL,"{""financial__sanctioned_amount"": 0.1423, ""geo__population_density"": 0.0706, ""geospatial_anomaly_score"": 0.0524}",2026-09-06T09:45:06.494738+00:00
MPLADS-002747,1.0,COST_OVERRUN,"{""progress_anomaly_score"": 4.4475, ""progress_anomaly_percentile"": 0.7676, ""procurement_anomaly_percentile"": 0.2022}",2026-09-06T09:45:06.494738+00:00
MPLADS-002748,0.0231,NORMAL,"{""geospatial_anomaly_score"": 0.2009, ""geo__infrastructure_gap_index"": 0.0734, ""geospatial_anomaly_percentile"": 0.0366}",2026-09-06T09:45:06.494738+00:00
MPLADS-002749,0.011,NORMAL,"{""max_anomaly_score"": 0.0463, ""mean_anomaly_score"": 0.0422, ""geo__infrastructure_gap_index"": 0.0345}",2026-09-06T09:45:06.494738+00:00
MPLADS-002750,0.0204,NORMAL,"{""geospatial_anomaly_score"": 0.0454, ""project__planned_duration_days"": 0.0436, ""geospatial_anomaly_percentile"": 0.0016}",2026-09-06T09:45:06.494738+00:00
MPLADS-002751,0.0182,NORMAL,"{""financial__sanctioned_amount"": 0.1782, ""geospatial_anomaly_score"": 0.067, ""payment_anomaly_percentile"": 0.0438}",2026-09-06T09:45:06.494738+00:00
MPLADS-002752,0.5278,PROCUREMENT_SINGLE_BID,"{""procurement_anomaly_score"": 1.644, ""procurement_anomaly_percentile"": 0.8043, ""geo__infrastructure_gap_index"": 0.0842}",2026-09-06T09:45:06.494738+00:00
MPLADS-002753,0.0314,NORMAL,"{""financial__sanctioned_amount"": 0.2333, ""geo__population_density"": 0.2052, ""geo__infrastructure_gap_index"": 0.0614}",2026-09-06T09:45:06.494738+00:00
MPLADS-002754,0.0225,NORMAL,"{""geo__population_density"": 0.1347, ""geo__infrastructure_gap_index"": 0.0958, ""geospatial_anomaly_score"": 0.0603}",2026-09-06T09:45:06.494738+00:00
MPLADS-002755,0.0182,NORMAL,"{""financial__sanctioned_amount"": 0.1237, ""mean_anomaly_score"": 0.0349, ""payment_anomaly_percentile"": 0.0299}",2026-09-06T09:45:06.494738+00:00
MPLADS-002756,0.0182,NORMAL,"{""procurement_anomaly_score"": 0.8047, ""procurement_anomaly_percentile"": 0.2888, ""project__planned_duration_days"": 0.0562}",2026-09-06T09:45:06.494738+00:00
MPLADS-002757,1.0,COST_OVERRUN,"{""progress_anomaly_score"": 4.6468, ""progress_anomaly_percentile"": 0.8476, ""procurement_anomaly_score"": 0.232}",2026-09-06T09:45:06.494738+00:00
MPLADS-002758,0.0182,NORMAL,"{""geo__infrastructure_gap_index"": 0.0794, ""project__planned_duration_days"": 0.0266, ""geospatial_anomaly_score"": 0.0202}",2026-09-06T09:45:06.494738+00:00
MPLADS-002759,0.2913,NORMAL,"{""procurement_anomaly_score"": 1.2843, ""procurement_anomaly_percentile"": 0.7037, ""geo__population_density"": 0.0705}",2026-09-06T09:45:06.494738+00:00
MPLADS-002760,0.0182,NORMAL,"{""project__planned_duration_days"": 0.0576, ""financial__sanctioned_amount"": 0.0133, ""mean_anomaly_score"": 0.0074}",2026-09-06T09:45:06.494738+00:00
MPLADS-002761,0.1961,NORMAL,"{""financial_anomaly_score"": 0.2528, ""geo__infrastructure_gap_index"": 0.1741, ""geo__population_density"": 0.1348}",2026-09-06T09:45:06.494738+00:00
MPLADS-002762,0.0182,NORMAL,"{""financial__sanctioned_amount"": 0.0886, ""geo__infrastructure_gap_index"": 0.0608, ""graph_anomaly_percentile"": 0.0103}",2026-09-06T09:45:06.494738+00:00
MPLADS-002763,1.0,DOCUMENTATION_DEFICIT,"{""progress_anomaly_score"": 5.2617, ""progress_anomaly_percentile"": 0.9158, ""geo__infrastructure_gap_index"": 0.1159}",2026-09-06T09:45:06.494738+00:00
MPLADS-002764,0.0231,NORMAL,"{""geo__infrastructure_gap_index"": 0.0888, ""geospatial_anomaly_score"": 0.0758, ""contractor_anomaly_percentile"": 0.0234}",2026-09-06T09:45:06.494738+00:00
MPLADS-002765,1.0,DOCUMENTATION_DEFICIT,"{""progress_anomaly_score"": 5.1239, ""progress_anomaly_percentile"": 0.8536, ""payment_anomaly_score"": 0.1058}",2026-09-06T09:45:06.494738+00:00
MPLADS-002766,0.0231,NORMAL,"{""geospatial_anomaly_score"": 0.0745, ""project__planned_duration_days"": 0.0366, ""geo__infrastructure_gap_index"": 0.0312}",2026-09-06T09:45:06.494738+00:00
MPLADS-002767,0.0265,NORMAL,"{""geo__population_density"": 0.24, ""graph_anomaly_score"": 0.1733, ""geo__infrastructure_gap_index"": 0.1184}",2026-09-06T09:45:06.494738+00:00
MPLADS-002768,0.4939,NORMAL,"{""procurement_anomaly_score"": 0.8165, ""procurement_anomaly_percentile"": 0.6545, ""financial_anomaly_score"": 0.6343}",2026-09-06T09:45:06.494738+00:00
MPLADS-002769,0.0159,NORMAL,"{""project__planned_duration_days"": 0.0601, ""geospatial_anomaly_score"": 0.0248, ""mean_anomaly_score"": 0.0184}",2026-09-06T09:45:06.494738+00:00
MPLADS-002770,0.0182,NORMAL,"{""std_anomaly_score"": 0.1205, ""project__planned_duration_days"": 0.0539, ""financial_anomaly_percentile"": 0.046}",2026-09-06T09:45:06.494738+00:00
MPLADS-002771,0.0225,NORMAL,"{""geospatial_anomaly_score"": 0.1827, ""geo__infrastructure_gap_index"": 0.0942, ""project__planned_duration_days"": 0.0448}",2026-09-06T09:45:06.494738+00:00
MPLADS-002772,1.0,PAYMENT_PROGRESS_MISMATCH,"{""progress_anomaly_score"": 5.4406, ""progress_anomaly_percentile"": 0.9948, ""payment_anomaly_score"": 0.0687}",2026-09-06T09:45:06.494738+00:00
MPLADS-002773,0.0182,NORMAL,"{""procurement_anomaly_score"": 0.3335, ""procurement_anomaly_percentile"": 0.1519, ""std_anomaly_score"": 0.0596}",2026-09-06T09:45:06.494738+00:00
MPLADS-002774,0.011,NORMAL,"{""financial__sanctioned_amount"": 0.1411, ""graph_anomaly_score"": 0.1263, ""contractor_anomaly_score"": 0.0259}",2026-09-06T09:45:06.494738+00:00
MPLADS-002775,1.0,COST_OVERRUN,"{""progress_anomaly_score"": 4.5305, ""progress_anomaly_percentile"": 0.8221, ""procurement_anomaly_percentile"": 0.1802}",2026-09-06T09:45:06.494738+00:00
MPLADS-002776,0.0314,NORMAL,"{""geospatial_anomaly_score"": 0.1896, ""geo__population_density"": 0.1531, ""geo__infrastructure_gap_index"": 0.0771}",2026-09-06T09:45:06.494738+00:00
MPLADS-002777,0.0225,NORMAL,"{""financial__sanctioned_amount"": 0.2213, ""geospatial_anomaly_score"": 0.0916, ""contractor_anomaly_percentile"": 0.0299}",2026-09-06T09:45:06.494738+00:00
MPLADS-002778,0.0961,NORMAL,"{""payment_anomaly_score"": 0.3202, ""geospatial_anomaly_score"": 0.1062, ""project__planned_duration_days"": 0.0669}",2026-09-06T09:45:06.494738+00:00
MPLADS-002779,0.058,NORMAL,"{""financial__sanctioned_amount"": 0.2343, ""geo__infrastructure_gap_index"": 0.1129, ""geo__population_density"": 0.0589}",2026-09-06T09:45:06.494738+00:00
MPLADS-002780,0.0525,NORMAL,"{""contractor_anomaly_percentile"": 0.2131, ""contractor_anomaly_score"": 0.151, ""project__planned_duration_days"": 0.0571}",2026-09-06T09:45:06.494738+00:00
MPLADS-002781,0.0159,NORMAL,"{""financial__sanctioned_amount"": 0.0931, ""payment_anomaly_percentile"": 0.0317, ""std_anomaly_score"": 0.0276}",2026-09-06T09:45:06.494738+00:00
MPLADS-002782,0.0088,NORMAL,"{""project__planned_duration_days"": 0.0401, ""contractor_anomaly_score"": 0.0043, ""num_flagged_models"": 0.0014}",2026-09-06T09:45:06.494738+00:00
MPLADS-002783,0.0231,NORMAL,"{""financial_anomaly_percentile"": 0.0783, ""geospatial_anomaly_score"": 0.0644, ""geo__infrastructure_gap_index"": 0.0606}",2026-09-06T09:45:06.494738+00:00
MPLADS-002784,1.0,PAYMENT_PROGRESS_MISMATCH,"{""progress_anomaly_score"": 5.2817, ""progress_anomaly_percentile"": 0.9567, ""payment_anomaly_score"": 0.3388}",2026-09-06T09:45:06.494738+00:00
MPLADS-002785,0.0067,NORMAL,"{""graph_anomaly_score"": 0.0493, ""payment_anomaly_score"": 0.0477, ""financial_anomaly_score"": 0.0477}",2026-09-06T09:45:06.494738+00:00
MPLADS-002786,0.0231,NORMAL,"{""project__planned_duration_days"": 0.0614, ""mean_anomaly_score"": 0.0488, ""geospatial_anomaly_percentile"": 0.0326}",2026-09-06T09:45:06.494738+00:00
MPLADS-002787,0.0159,NORMAL,"{""procurement_anomaly_percentile"": 0.0856, ""financial_anomaly_percentile"": 0.079, ""financial_anomaly_score"": 0.0497}",2026-09-06T09:45:06.494738+00:00
MPLADS-002788,0.0225,NORMAL,"{""geospatial_anomaly_score"": 0.1091, ""project__planned_duration_days"": 0.0519, ""contractor_anomaly_percentile"": 0.0285}",2026-09-06T09:45:06.494738+00:00
MPLADS-002789,1.0,PAYMENT_PROGRESS_MISMATCH,"{""progress_anomaly_score"": 5.1475, ""progress_anomaly_percentile"": 0.923, ""payment_anomaly_score"": 0.3109}",2026-09-06T09:45:06.494738+00:00
MPLADS-002790,0.0314,NORMAL,"{""geo__infrastructure_gap_index"": 0.0943, ""geospatial_anomaly_score"": 0.079, ""geospatial_anomaly_percentile"": 0.0283}",2026-09-06T09:45:06.494738+00:00
MPLADS-002791,0.0442,NORMAL,"{""project__planned_duration_days"": 0.071, ""graph_anomaly_score"": 0.036, ""mean_anomaly_score"": 0.0148}",2026-09-06T09:45:06.494738+00:00
MPLADS-002792,0.0231,NORMAL,"{""geo__population_density"": 0.2034, ""geo__infrastructure_gap_index"": 0.0771, ""graph_anomaly_percentile"": 0.0426}",2026-09-06T09:45:06.494738+00:00
MPLADS-002793,0.0182,NORMAL,"{""geo__infrastructure_gap_index"": 0.1868, ""financial_anomaly_score"": 0.1032, ""geo__population_density"": 0.0822}",2026-09-06T09:45:06.494738+00:00
MPLADS-002794,0.0231,NORMAL,"{""financial__sanctioned_amount"": 0.2422, ""geo__infrastructure_gap_index"": 0.1887, ""geospatial_anomaly_score"": 0.0875}",2026-09-06T09:45:06.494738+00:00
MPLADS-002795,0.011,NORMAL,"{""financial_anomaly_score"": 0.0586, ""geo__infrastructure_gap_index"": 0.0491, ""project__planned_duration_days"": 0.0469}",2026-09-06T09:45:06.494738+00:00
MPLADS-002796,0.0225,NORMAL,"{""geo__population_density"": 0.087, ""project__planned_duration_days"": 0.0539, ""geo__infrastructure_gap_index"": 0.0437}",2026-09-06T09:45:06.494738+00:00
MPLADS-002797,0.0182,NORMAL,"{""geospatial_anomaly_score"": 0.0707, ""geo__infrastructure_gap_index"": 0.0526, ""geospatial_anomaly_percentile"": 0.0525}",2026-09-06T09:45:06.494738+00:00
MPLADS-002798,0.0231,NORMAL,"{""geo__population_density"": 0.1959, ""payment_anomaly_score"": 0.1074, ""financial__sanctioned_amount"": 0.1062}",2026-09-06T09:45:06.494738+00:00
MPLADS-002799,0.0067,NORMAL,"{""project__planned_duration_days"": 0.0401, ""std_anomaly_score"": 0.0169, ""financial_anomaly_score"": 0.0053}",2026-09-06T09:45:06.494738+00:00
MPLADS-002800,1.0,DELAYED_WORK,"{""progress_anomaly_score"": 5.1441, ""progress_anomaly_percentile"": 0.885, ""financial_anomaly_score"": 0.1902}",2026-09-06T09:45:06.494738+00:00
MPLADS-002801,0.0159,NORMAL,"{""geo__infrastructure_gap_index"": 0.0747, ""mean_anomaly_score"": 0.0649, ""project__planned_duration_days"": 0.0582}",2026-09-06T09:45:06.494738+00:00
MPLADS-002802,1.0,PAYMENT_PROGRESS_MISMATCH,"{""progress_anomaly_score"": 4.919, ""progress_anomaly_percentile"": 0.9029, ""procurement_anomaly_percentile"": 0.1262}",2026-09-06T09:45:06.494738+00:00
MPLADS-002803,0.011,NORMAL,"{""financial_anomaly_score"": 0.1748, ""payment_anomaly_score"": 0.1061, ""financial_anomaly_percentile"": 0.0594}",2026-09-06T09:45:06.494738+00:00
MPLADS-002804,0.0182,NORMAL,"{""financial__sanctioned_amount"": 0.2849, ""geo__population_density"": 0.1012, ""payment_anomaly_score"": 0.0246}",2026-09-06T09:45:06.494738+00:00
MPLADS-002805,0.0225,NORMAL,"{""financial__sanctioned_amount"": 0.2454, ""procurement_anomaly_percentile"": 0.0609, ""project__planned_duration_days"": 0.0165}",2026-09-06T09:45:06.494738+00:00
MPLADS-002806,0.0231,NORMAL,"{""geospatial_anomaly_score"": 0.0919, ""mean_anomaly_score"": 0.0619, ""financial__sanctioned_amount"": 0.0405}",2026-09-06T09:45:06.494738+00:00
MPLADS-002807,0.0182,NORMAL,"{""project__planned_duration_days"": 0.0486, ""financial_anomaly_percentile"": 0.0481, ""payment_anomaly_percentile"": 0.0273}",2026-09-06T09:45:06.494738+00:00
MPLADS-002808,0.0182,NORMAL,"{""procurement_anomaly_score"": 0.3144, ""procurement_anomaly_percentile"": 0.2106, ""payment_anomaly_percentile"": 0.0553}",2026-09-06T09:45:06.494738+00:00
MPLADS-002809,0.0046,NORMAL,"{""financial_anomaly_score"": 0.0789, ""project__planned_duration_days"": 0.0459, ""geo__infrastructure_gap_index"": 0.0271}",2026-09-06T09:45:06.494738+00:00
MPLADS-002810,0.0262,NORMAL,"{""geospatial_anomaly_score"": 0.1943, ""geo__population_density"": 0.1553, ""geospatial_anomaly_percentile"": 0.0632}",2026-09-06T09:45:06.494738+00:00
MPLADS-002811,0.0182,NORMAL,"{""geo__infrastructure_gap_index"": 0.132, ""graph_anomaly_score"": 0.0982, ""project__planned_duration_days"": 0.0498}",2026-09-06T09:45:06.494738+00:00
MPLADS-002812,1.0,DELAYED_WORK,"{""progress_anomaly_score"": 5.1492, ""progress_anomaly_percentile"": 0.9042, ""payment_anomaly_score"": 0.1624}",2026-09-06T09:45:06.494738+00:00
MPLADS-002813,0.0314,NORMAL,"{""financial_anomaly_score"": 0.0399, ""financial__sanctioned_amount"": 0.0332, ""mean_anomaly_score"": 0.0233}",2026-09-06T09:45:06.494738+00:00
MPLADS-002814,0.0225,NORMAL,"{""geo__population_density"": 0.1496, ""project__planned_duration_days"": 0.0366, ""mean_anomaly_score"": 0.0206}",2026-09-06T09:45:06.494738+00:00
MPLADS-002815,0.2819,NORMAL,"{""procurement_anomaly_score"": 1.3517, ""procurement_anomaly_percentile"": 0.4263, ""contractor_anomaly_score"": 0.1197}",2026-09-06T09:45:06.494738+00:00
MPLADS-002816,0.0182,NORMAL,"{""geo__infrastructure_gap_index"": 0.0466, ""project__planned_duration_days"": 0.0466, ""contractor_anomaly_percentile"": 0.018}",2026-09-06T09:45:06.494738+00:00
MPLADS-002817,0.0182,NORMAL,"{""geo__infrastructure_gap_index"": 0.0871, ""std_anomaly_score"": 0.0508, ""project__planned_duration_days"": 0.0478}",2026-09-06T09:45:06.494738+00:00
MPLADS-002818,0.2811,NORMAL,"{""procurement_anomaly_score"": 1.3546, ""procurement_anomaly_percentile"": 0.571, ""std_anomaly_score"": 0.0725}",2026-09-06T09:45:06.494738+00:00
MPLADS-002819,0.0231,NORMAL,"{""financial__sanctioned_amount"": 0.0918, ""financial_anomaly_score"": 0.0648, ""project__planned_duration_days"": 0.0311}",2026-09-06T09:45:06.494738+00:00
MPLADS-002820,0.0525,NORMAL,"{""procurement_anomaly_percentile"": 0.5401, ""procurement_anomaly_score"": 0.0964, ""financial__sanctioned_amount"": 0.0955}",2026-09-06T09:45:06.494738+00:00
MPLADS-002821,1.0,DELAYED_WORK,"{""progress_anomaly_score"": 4.9275, ""progress_anomaly_percentile"": 0.8631, ""financial_anomaly_score"": 0.1864}",2026-09-06T09:45:06.494738+00:00
MPLADS-002822,0.0231,NORMAL,"{""financial__sanctioned_amount"": 0.1459, ""geospatial_anomaly_score"": 0.0845, ""geo__infrastructure_gap_index"": 0.0828}",2026-09-06T09:45:06.494738+00:00
MPLADS-002823,0.0231,NORMAL,"{""project__planned_duration_days"": 0.0541, ""geospatial_anomaly_score"": 0.0339, ""financial__sanctioned_amount"": 0.0142}",2026-09-06T09:45:06.494738+00:00
MPLADS-002824,0.0231,NORMAL,"{""financial__sanctioned_amount"": 0.1105, ""geospatial_anomaly_score"": 0.0831, ""financial_anomaly_percentile"": 0.0744}",2026-09-06T09:45:06.494738+00:00
MPLADS-002825,0.0231,NORMAL,"{""geo__population_density"": 0.0966, ""geo__infrastructure_gap_index"": 0.0945, ""project__planned_duration_days"": 0.0693}",2026-09-06T09:45:06.494738+00:00
MPLADS-002826,0.0314,NORMAL,"{""geo__population_density"": 0.2967, ""geo__infrastructure_gap_index"": 0.0906, ""geospatial_anomaly_score"": 0.0597}",2026-09-06T09:45:06.494738+00:00
MPLADS-002827,0.0225,NORMAL,"{""geospatial_anomaly_score"": 0.1124, ""geo__population_density"": 0.0847, ""project__planned_duration_days"": 0.049}",2026-09-06T09:45:06.494738+00:00
MPLADS-002828,0.0182,NORMAL,"{""financial__sanctioned_amount"": 0.0794, ""payment_anomaly_percentile"": 0.022, ""num_flagged_models"": 0.0014}",2026-09-06T09:45:06.494738+00:00
MPLADS-002829,0.0308,NORMAL,"{""financial_anomaly_score"": 0.3578, ""geospatial_anomaly_score"": 0.1803, ""geo__population_density"": 0.1456}",2026-09-06T09:45:06.494738+00:00
MPLADS-002830,0.0161,NORMAL,"{""financial_anomaly_percentile"": 0.0522, ""payment_anomaly_score"": 0.0438, ""payment_anomaly_percentile"": 0.0342}",2026-09-06T09:45:06.494738+00:00
MPLADS-002831,1.0,PAYMENT_PROGRESS_MISMATCH,"{""progress_anomaly_score"": 5.003, ""progress_anomaly_percentile"": 0.927, ""payment_anomaly_score"": 0.1373}",2026-09-06T09:45:06.494738+00:00
MPLADS-002832,0.0182,NORMAL,"{""project__planned_duration_days"": 0.0508, ""financial__sanctioned_amount"": 0.0363, ""geospatial_anomaly_score"": 0.0068}",2026-09-06T09:45:06.494738+00:00
MPLADS-002833,0.0442,NORMAL,"{""financial_anomaly_score"": 0.1573, ""std_anomaly_score"": 0.0644, ""financial_anomaly_percentile"": 0.0611}",2026-09-06T09:45:06.494738+00:00
MPLADS-002834,0.0046,NORMAL,"{""financial_anomaly_score"": 0.1079, ""financial_anomaly_percentile"": 0.0275, ""payment_anomaly_score"": 0.0221}",2026-09-06T09:45:06.494738+00:00
MPLADS-002835,0.266,NORMAL,"{""procurement_anomaly_score"": 1.2639, ""procurement_anomaly_percentile"": 0.4776, ""geo__population_density"": 0.0772}",2026-09-06T09:45:06.494738+00:00
MPLADS-002836,0.0225,NORMAL,"{""financial__sanctioned_amount"": 0.1678, ""geospatial_anomaly_score"": 0.1511, ""payment_anomaly_score"": 0.0804}",2026-09-06T09:45:06.494738+00:00
MPLADS-002837,0.0225,NORMAL,"{""geo__infrastructure_gap_index"": 0.1544, ""project__planned_duration_days"": 0.0692, ""geospatial_anomaly_score"": 0.0673}",2026-09-06T09:45:06.494738+00:00
MPLADS-002838,0.0182,NORMAL,"{""geo__population_density"": 0.1776, ""geo__infrastructure_gap_index"": 0.0569, ""project__planned_duration_days"": 0.0503}",2026-09-06T09:45:06.494738+00:00
MPLADS-002839,0.0262,NORMAL,"{""financial__sanctioned_amount"": 0.2031, ""payment_anomaly_score"": 0.1278, ""geo__infrastructure_gap_index"": 0.0945}",2026-09-06T09:45:06.494738+00:00
MPLADS-002840,0.0161,NORMAL,"{""project__planned_duration_days"": 0.0517, ""std_anomaly_score"": 0.013, ""geo__population_density"": 0.0081}",2026-09-06T09:45:06.494738+00:00
MPLADS-002841,0.0314,NORMAL,"{""geo__population_density"": 0.2032, ""financial__sanctioned_amount"": 0.1446, ""geospatial_anomaly_score"": 0.113}",2026-09-06T09:45:06.494738+00:00
MPLADS-002842,0.0664,NORMAL,"{""geospatial_anomaly_score"": 0.1981, ""financial__sanctioned_amount"": 0.1436, ""geo__infrastructure_gap_index"": 0.0673}",2026-09-06T09:45:06.494738+00:00
MPLADS-002843,0.0182,NORMAL,"{""geospatial_anomaly_percentile"": 0.137, ""financial__sanctioned_amount"": 0.0565, ""project__planned_duration_days"": 0.0535}",2026-09-06T09:45:06.494738+00:00
MPLADS-002844,0.0231,NORMAL,"{""geo__infrastructure_gap_index"": 0.2598, ""geospatial_anomaly_score"": 0.0885, ""std_anomaly_score"": 0.0562}",2026-09-06T09:45:06.494738+00:00
MPLADS-002845,0.011,NORMAL,"{""payment_anomaly_percentile"": 0.0493, ""project__planned_duration_days"": 0.0271, ""std_anomaly_score"": 0.0205}",2026-09-06T09:45:06.494738+00:00
MPLADS-002846,0.0231,NORMAL,"{""geo__infrastructure_gap_index"": 0.1117, ""payment_anomaly_score"": 0.0499, ""payment_anomaly_percentile"": 0.0392}",2026-09-06T09:45:06.494738+00:00
MPLADS-002847,0.0381,NORMAL,"{""financial_anomaly_score"": 0.4769, ""contractor_anomaly_score"": 0.0917, ""geo__infrastructure_gap_index"": 0.0578}",2026-09-06T09:45:06.494738+00:00
MPLADS-002848,0.0231,NORMAL,"{""geo__population_density"": 0.2199, ""geospatial_anomaly_score"": 0.1108, ""payment_anomaly_percentile"": 0.1052}",2026-09-06T09:45:06.494738+00:00
MPLADS-002849,1.0,GHOST_WORK,"{""progress_anomaly_score"": 5.2063, ""progress_anomaly_percentile"": 0.9263, ""financial__sanctioned_amount"": 0.0828}",2026-09-06T09:45:06.494738+00:00
MPLADS-002850,0.011,NORMAL,"{""project__planned_duration_days"": 0.0492, ""financial__sanctioned_amount"": 0.0187, ""financial_anomaly_score"": 0.0016}",2026-09-06T09:45:06.494738+00:00
MPLADS-002851,0.0231,NORMAL,"{""project__planned_duration_days"": 0.0445, ""geospatial_anomaly_score"": 0.0386, ""financial__sanctioned_amount"": 0.0289}",2026-09-06T09:45:06.494738+00:00
MPLADS-002852,0.0225,NORMAL,"{""financial_anomaly_percentile"": 0.1474, ""financial_anomaly_score"": 0.1153, ""geo__population_density"": 0.0992}",2026-09-06T09:45:06.494738+00:00
MPLADS-002853,0.0225,NORMAL,"{""geospatial_anomaly_score"": 0.1057, ""project__planned_duration_days"": 0.0366, ""geospatial_anomaly_percentile"": 0.0344}",2026-09-06T09:45:06.494738+00:00
MPLADS-002854,0.0161,NORMAL,"{""financial__sanctioned_amount"": 0.1498, ""payment_anomaly_score"": 0.0194, ""payment_anomaly_percentile"": 0.0167}",2026-09-06T09:45:06.494738+00:00
MPLADS-002855,0.0231,NORMAL,"{""geospatial_anomaly_score"": 0.0848, ""contractor_anomaly_score"": 0.0296, ""geospatial_anomaly_percentile"": 0.0252}",2026-09-06T09:45:06.494738+00:00
MPLADS-002856,0.0182,NORMAL,"{""geo__infrastructure_gap_index"": 0.1022, ""project__planned_duration_days"": 0.0455, ""geospatial_anomaly_score"": 0.0198}",2026-09-06T09:45:06.494738+00:00
MPLADS-002857,0.0747,NORMAL,"{""financial__sanctioned_amount"": 0.3142, ""geo__population_density"": 0.2702, ""geospatial_anomaly_score"": 0.1792}",2026-09-06T09:45:06.494738+00:00
MPLADS-002858,0.0182,NORMAL,"{""project__planned_duration_days"": 0.0436, ""financial__sanctioned_amount"": 0.014, ""contractor_anomaly_percentile"": 0.0035}",2026-09-06T09:45:06.494738+00:00
MPLADS-002859,0.0225,NORMAL,"{""payment_anomaly_percentile"": 0.0443, ""project__planned_duration_days"": 0.0436, ""graph_anomaly_score"": 0.032}",2026-09-06T09:45:06.494738+00:00
MPLADS-002860,0.0231,NORMAL,"{""geospatial_anomaly_score"": 0.0791, ""project__planned_duration_days"": 0.0714, ""geospatial_anomaly_percentile"": 0.0421}",2026-09-06T09:45:06.494738+00:00
MPLADS-002861,0.0442,NORMAL,"{""procurement_anomaly_percentile"": 0.2474, ""geospatial_anomaly_score"": 0.0915, ""financial__sanctioned_amount"": 0.063}",2026-09-06T09:45:06.494738+00:00
MPLADS-002862,0.0265,NORMAL,"{""financial__sanctioned_amount"": 0.1471, ""project__planned_duration_days"": 0.0529, ""geospatial_anomaly_score"": 0.0378}",2026-09-06T09:45:06.494738+00:00
MPLADS-002863,0.0182,NORMAL,"{""geo__infrastructure_gap_index"": 0.116, ""project__planned_duration_days"": 0.0509, ""num_flagged_models"": 0.0014}",2026-09-06T09:45:06.494738+00:00
MPLADS-002864,0.0182,NORMAL,"{""financial_anomaly_score"": 0.0525, ""financial__sanctioned_amount"": 0.0395, ""project__planned_duration_days"": 0.0376}",2026-09-06T09:45:06.494738+00:00
MPLADS-002865,0.0182,NORMAL,"{""geo__infrastructure_gap_index"": 0.1277, ""geospatial_anomaly_score"": 0.0642, ""geospatial_anomaly_percentile"": 0.0394}",2026-09-06T09:45:06.494738+00:00
MPLADS-002866,0.0182,NORMAL,"{""geo__infrastructure_gap_index"": 0.1352, ""mean_anomaly_score"": 0.0981, ""geospatial_anomaly_score"": 0.0734}",2026-09-06T09:45:06.494738+00:00
MPLADS-002867,0.0182,NORMAL,"{""geo__infrastructure_gap_index"": 0.1227, ""project__planned_duration_days"": 0.0441, ""num_flagged_models"": 0.0014}",2026-09-06T09:45:06.494738+00:00
MPLADS-002868,1.0,COST_OVERRUN,"{""progress_anomaly_score"": 4.6726, ""progress_anomaly_percentile"": 0.77, ""financial_anomaly_score"": 0.1829}",2026-09-06T09:45:06.494738+00:00
MPLADS-002869,0.0262,NORMAL,"{""project__planned_duration_days"": 0.0565, ""mean_anomaly_score"": 0.0414, ""contractor_anomaly_percentile"": 0.0084}",2026-09-06T09:45:06.494738+00:00
MPLADS-002870,1.0,GHOST_WORK,"{""progress_anomaly_score"": 4.9627, ""progress_anomaly_percentile"": 0.8948, ""payment_anomaly_score"": 0.2854}",2026-09-06T09:45:06.494738+00:00
MPLADS-002871,0.0612,NORMAL,"{""geo__population_density"": 0.2357, ""procurement_anomaly_percentile"": 0.1824, ""geospatial_anomaly_percentile"": 0.1782}",2026-09-06T09:45:06.494738+00:00
MPLADS-002872,0.0161,NORMAL,"{""geo__population_density"": 0.0871, ""graph_anomaly_score"": 0.0706, ""financial_anomaly_score"": 0.0548}",2026-09-06T09:45:06.494738+00:00
MPLADS-002873,0.0262,NORMAL,"{""geo__population_density"": 0.227, ""procurement_anomaly_percentile"": 0.056, ""geo__infrastructure_gap_index"": 0.0508}",2026-09-06T09:45:06.494738+00:00
MPLADS-002874,0.0231,NORMAL,"{""geo__population_density"": 0.0939, ""geo__infrastructure_gap_index"": 0.0629, ""payment_anomaly_score"": 0.0369}",2026-09-06T09:45:06.494738+00:00
MPLADS-002875,0.0046,NORMAL,"{""financial_anomaly_score"": 0.1582, ""project__planned_duration_days"": 0.0484, ""financial_anomaly_percentile"": 0.0373}",2026-09-06T09:45:06.494738+00:00
MPLADS-002876,0.0823,NORMAL,"{""geo__population_density"": 0.3318, ""graph_anomaly_score"": 0.2139, ""payment_anomaly_score"": 0.106}",2026-09-06T09:45:06.494738+00:00
MPLADS-002877,0.3904,NORMAL,"{""procurement_anomaly_score"": 1.7383, ""procurement_anomaly_percentile"": 0.7999, ""max_anomaly_score"": 0.2566}",2026-09-06T09:45:06.494738+00:00
MPLADS-002878,0.0231,NORMAL,"{""project__planned_duration_days"": 0.0447, ""contractor_anomaly_score"": 0.0195, ""graph_anomaly_percentile"": 0.0101}",2026-09-06T09:45:06.494738+00:00
MPLADS-002879,0.011,NORMAL,"{""geospatial_anomaly_percentile"": 0.0851, ""project__planned_duration_days"": 0.0443, ""std_anomaly_score"": 0.0084}",2026-09-06T09:45:06.494738+00:00
MPLADS-002880,0.0314,NORMAL,"{""payment_anomaly_score"": 0.1223, ""procurement_anomaly_percentile"": 0.107, ""geospatial_anomaly_score"": 0.0583}",2026-09-06T09:45:06.494738+00:00
MPLADS-002881,0.0225,NORMAL,"{""financial__sanctioned_amount"": 0.0811, ""geospatial_anomaly_score"": 0.0269, ""std_anomaly_score"": 0.0035}",2026-09-06T09:45:06.494738+00:00
MPLADS-002882,0.0314,NORMAL,"{""geo__population_density"": 0.1323, ""financial__sanctioned_amount"": 0.1191, ""project__planned_duration_days"": 0.0595}",2026-09-06T09:45:06.494738+00:00
MPLADS-002883,0.0225,NORMAL,"{""geospatial_anomaly_score"": 0.1246, ""project__planned_duration_days"": 0.0666, ""geospatial_anomaly_percentile"": 0.0391}",2026-09-06T09:45:06.494738+00:00
MPLADS-002884,0.0182,NORMAL,"{""geo__infrastructure_gap_index"": 0.1327, ""geospatial_anomaly_score"": 0.0346, ""project__planned_duration_days"": 0.0151}",2026-09-06T09:45:06.494738+00:00
MPLADS-002885,1.0,ABANDONED_WORK,"{""progress_anomaly_score"": 5.2827, ""progress_anomaly_percentile"": 0.915, ""financial_anomaly_score"": 0.1343}",2026-09-06T09:45:06.494738+00:00
MPLADS-002886,0.0182,NORMAL,"{""geo__infrastructure_gap_index"": 0.0634, ""project__planned_duration_days"": 0.0442, ""financial__sanctioned_amount"": 0.0164}",2026-09-06T09:45:06.494738+00:00
MPLADS-002887,0.0231,NORMAL,"{""contractor_anomaly_percentile"": 0.3253, ""contractor_anomaly_score"": 0.1869, ""geo__infrastructure_gap_index"": 0.1467}",2026-09-06T09:45:06.494738+00:00
MPLADS-002888,0.0204,NORMAL,"{""geospatial_anomaly_score"": 0.0974, ""project__planned_duration_days"": 0.0632, ""financial__sanctioned_amount"": 0.0319}",2026-09-06T09:45:06.494738+00:00
MPLADS-002889,0.0225,NORMAL,"{""financial__sanctioned_amount"": 0.1089, ""std_anomaly_score"": 0.044, ""payment_anomaly_score"": 0.0408}",2026-09-06T09:45:06.494738+00:00
MPLADS-002890,0.011,NORMAL,"{""financial_anomaly_score"": 0.0897, ""project__planned_duration_days"": 0.056, ""financial_anomaly_percentile"": 0.0296}",2026-09-06T09:45:06.494738+00:00
MPLADS-002891,0.0182,NORMAL,"{""financial_anomaly_score"": 0.1842, ""payment_anomaly_score"": 0.0872, ""geo__infrastructure_gap_index"": 0.0493}",2026-09-06T09:45:06.494738+00:00
MPLADS-002892,0.0182,NORMAL,"{""financial_anomaly_score"": 0.0917, ""project__planned_duration_days"": 0.0493, ""geospatial_anomaly_score"": 0.0141}",2026-09-06T09:45:06.494738+00:00
MPLADS-002893,0.0225,NORMAL,"{""geo__infrastructure_gap_index"": 0.1563, ""financial__sanctioned_amount"": 0.0785, ""payment_anomaly_score"": 0.0562}",2026-09-06T09:45:06.494738+00:00
MPLADS-002894,0.0314,NORMAL,"{""financial__sanctioned_amount"": 0.1901, ""geo__infrastructure_gap_index"": 0.1019, ""financial_anomaly_percentile"": 0.0476}",2026-09-06T09:45:06.494738+00:00
MPLADS-002895,0.0182,NORMAL,"{""financial__sanctioned_amount"": 0.2414, ""procurement_anomaly_percentile"": 0.1346, ""geospatial_anomaly_score"": 0.1009}",2026-09-06T09:45:06.494738+00:00
MPLADS-002896,0.0231,NORMAL,"{""geospatial_anomaly_score"": 0.1936, ""geospatial_anomaly_percentile"": 0.0539, ""project__planned_duration_days"": 0.0439}",2026-09-06T09:45:06.494738+00:00
MPLADS-002897,0.0308,NORMAL,"{""geospatial_anomaly_score"": 0.0338, ""project__planned_duration_days"": 0.0247, ""num_flagged_models"": 0.0014}",2026-09-06T09:45:06.494738+00:00
MPLADS-002898,0.0182,NORMAL,"{""payment_anomaly_score"": 0.4003, ""geo__population_density"": 0.2916, ""geo__infrastructure_gap_index"": 0.2738}",2026-09-06T09:45:06.494738+00:00
MPLADS-002899,0.011,NORMAL,"{""financial__sanctioned_amount"": 0.2584, ""geo__population_density"": 0.1292, ""procurement_anomaly_percentile"": 0.0231}",2026-09-06T09:45:06.494738+00:00
MPLADS-002900,0.0231,NORMAL,"{""geospatial_anomaly_score"": 0.2, ""mean_anomaly_score"": 0.082, ""geo__population_density"": 0.0781}",2026-09-06T09:45:06.494738+00:00
MPLADS-002901,0.0182,NORMAL,"{""geo__infrastructure_gap_index"": 0.068, ""procurement_anomaly_percentile"": 0.0634, ""project__planned_duration_days"": 0.0515}",2026-09-06T09:45:06.494738+00:00
MPLADS-002902,0.0225,NORMAL,"{""geospatial_anomaly_score"": 0.0968, ""mean_anomaly_score"": 0.0741, ""project__planned_duration_days"": 0.0703}",2026-09-06T09:45:06.494738+00:00
MPLADS-002903,0.0231,NORMAL,"{""financial__sanctioned_amount"": 0.1987, ""financial_anomaly_score"": 0.146, ""financial_anomaly_percentile"": 0.0609}",2026-09-06T09:45:06.494738+00:00
MPLADS-002904,0.0225,NORMAL,"{""financial__sanctioned_amount"": 0.1611, ""financial_anomaly_score"": 0.1335, ""financial_anomaly_percentile"": 0.0769}",2026-09-06T09:45:06.494738+00:00
MPLADS-002905,0.9524,COST_OVERRUN,"{""progress_anomaly_score"": 2.4902, ""procurement_anomaly_score"": 0.462, ""financial_anomaly_score"": 0.4372}",2026-09-06T09:45:06.494738+00:00
MPLADS-002906,0.0231,NORMAL,"{""financial__sanctioned_amount"": 0.1074, ""payment_anomaly_score"": 0.0758, ""mean_anomaly_score"": 0.0682}",2026-09-06T09:45:06.494738+00:00
MPLADS-002907,0.0225,NORMAL,"{""project__planned_duration_days"": 0.0515, ""geo__infrastructure_gap_index"": 0.0158, ""mean_anomaly_score"": 0.0143}",2026-09-06T09:45:06.494738+00:00
MPLADS-002908,0.0265,NORMAL,"{""financial__sanctioned_amount"": 0.2669, ""payment_anomaly_score"": 0.0846, ""geo__population_density"": 0.0666}",2026-09-06T09:45:06.494738+00:00
MPLADS-002909,0.0381,NORMAL,"{""geospatial_anomaly_score"": 0.2304, ""geo__population_density"": 0.1598, ""std_anomaly_score"": 0.1147}",2026-09-06T09:45:06.494738+00:00
MPLADS-002910,0.0182,NORMAL,"{""geo__infrastructure_gap_index"": 0.0685, ""contractor_anomaly_percentile"": 0.0674, ""geospatial_anomaly_score"": 0.0626}",2026-09-06T09:45:06.494738+00:00
MPLADS-002911,0.0182,NORMAL,"{""geo__infrastructure_gap_index"": 0.0691, ""contractor_anomaly_percentile"": 0.0493, ""financial__sanctioned_amount"": 0.0214}",2026-09-06T09:45:06.494738+00:00
MPLADS-002912,0.0314,NORMAL,"{""financial__sanctioned_amount"": 0.1681, ""geospatial_anomaly_score"": 0.1525, ""financial_anomaly_percentile"": 0.0671}",2026-09-06T09:45:06.494738+00:00
MPLADS-002913,0.0225,NORMAL,"{""geospatial_anomaly_score"": 0.1243, ""payment_anomaly_score"": 0.087, ""project__planned_duration_days"": 0.0608}",2026-09-06T09:45:06.494738+00:00
MPLADS-002914,0.0182,NORMAL,"{""project__planned_duration_days"": 0.0454, ""payment_anomaly_percentile"": 0.0446, ""financial__sanctioned_amount"": 0.0368}",2026-09-06T09:45:06.494738+00:00
MPLADS-002915,0.0231,NORMAL,"{""financial__sanctioned_amount"": 0.3613, ""graph_anomaly_score"": 0.0605, ""payment_anomaly_percentile"": 0.024}",2026-09-06T09:45:06.494738+00:00
MPLADS-002916,0.0845,NORMAL,"{""procurement_anomaly_score"": 1.3967, ""procurement_anomaly_percentile"": 0.5509, ""std_anomaly_score"": 0.0377}",2026-09-06T09:45:06.494738+00:00
MPLADS-002917,0.0159,NORMAL,"{""payment_anomaly_score"": 0.3027, ""geospatial_anomaly_score"": 0.1401, ""project__planned_duration_days"": 0.056}",2026-09-06T09:45:06.494738+00:00
MPLADS-002918,0.0262,NORMAL,"{""geo__population_density"": 0.4119, ""financial__sanctioned_amount"": 0.1618, ""graph_anomaly_score"": 0.065}",2026-09-06T09:45:06.494738+00:00
MPLADS-002919,0.0231,NORMAL,"{""geospatial_anomaly_score"": 0.0922, ""contractor_anomaly_score"": 0.0898, ""contractor_anomaly_percentile"": 0.083}",2026-09-06T09:45:06.494738+00:00
MPLADS-002920,0.011,NORMAL,"{""geo__population_density"": 0.064, ""project__planned_duration_days"": 0.0541, ""num_flagged_models"": 0.0014}",2026-09-06T09:45:06.494738+00:00
MPLADS-002921,0.0231,NORMAL,"{""geospatial_anomaly_percentile"": 0.2293, ""geo__population_density"": 0.1666, ""geospatial_anomaly_score"": 0.1364}",2026-09-06T09:45:06.494738+00:00
MPLADS-002922,0.0314,NORMAL,"{""geospatial_anomaly_score"": 0.1681, ""geo__infrastructure_gap_index"": 0.1578, ""geo__population_density"": 0.1117}",2026-09-06T09:45:06.494738+00:00
MPLADS-002923,0.0182,NORMAL,"{""mean_anomaly_score"": 0.0607, ""geospatial_anomaly_score"": 0.047, ""financial__sanctioned_amount"": 0.0293}",2026-09-06T09:45:06.494738+00:00
MPLADS-002924,0.0231,NORMAL,"{""geospatial_anomaly_score"": 0.075, ""mean_anomaly_score"": 0.032, ""financial__sanctioned_amount"": 0.0186}",2026-09-06T09:45:06.494738+00:00
MPLADS-002925,0.0225,NORMAL,"{""financial__sanctioned_amount"": 0.1758, ""contractor_anomaly_percentile"": 0.0831, ""contractor_anomaly_score"": 0.0716}",2026-09-06T09:45:06.494738+00:00
MPLADS-002926,0.0225,NORMAL,"{""project__planned_duration_days"": 0.0701, ""financial__sanctioned_amount"": 0.0333, ""geospatial_anomaly_score"": 0.0177}",2026-09-06T09:45:06.494738+00:00
MPLADS-002927,0.0182,NORMAL,"{""project__planned_duration_days"": 0.0686, ""financial__sanctioned_amount"": 0.0423, ""geo__infrastructure_gap_index"": 0.0271}",2026-09-06T09:45:06.494738+00:00
MPLADS-002928,0.0231,NORMAL,"{""geo__infrastructure_gap_index"": 0.0771, ""project__planned_duration_days"": 0.0611, ""financial_anomaly_percentile"": 0.0558}",2026-09-06T09:45:06.494738+00:00
MPLADS-002929,1.0,PAYMENT_PROGRESS_MISMATCH,"{""progress_anomaly_score"": 5.2655, ""progress_anomaly_percentile"": 0.9768, ""payment_anomaly_score"": 0.1341}",2026-09-06T09:45:06.494738+00:00
MPLADS-002930,0.1618,NORMAL,"{""geo__population_density"": 0.2632, ""geo__infrastructure_gap_index"": 0.2281, ""max_anomaly_score"": 0.2044}",2026-09-06T09:45:06.494738+00:00
MPLADS-002931,0.5162,PROCUREMENT_SINGLE_BID,"{""procurement_anomaly_score"": 1.6575, ""procurement_anomaly_percentile"": 0.7847, ""geospatial_anomaly_score"": 0.2032}",2026-09-06T09:45:06.494738+00:00
MPLADS-002932,0.0182,NORMAL,"{""contractor_anomaly_percentile"": 0.0666, ""geospatial_anomaly_score"": 0.0505, ""geo__infrastructure_gap_index"": 0.0381}",2026-09-06T09:45:06.494738+00:00
MPLADS-002933,0.0314,NORMAL,"{""contractor_anomaly_score"": 0.0578, ""project__planned_duration_days"": 0.0455, ""financial__sanctioned_amount"": 0.0308}",2026-09-06T09:45:06.494738+00:00
MPLADS-002934,1.0,DELAYED_WORK,"{""progress_anomaly_score"": 5.0013, ""progress_anomaly_percentile"": 0.8728, ""geo__population_density"": 0.1725}",2026-09-06T09:45:06.494738+00:00
MPLADS-002935,0.0182,NORMAL,"{""geo__population_density"": 0.1044, ""contractor_anomaly_percentile"": 0.0759, ""graph_anomaly_score"": 0.0689}",2026-09-06T09:45:06.494738+00:00
MPLADS-002936,0.0231,NORMAL,"{""geo__infrastructure_gap_index"": 0.1339, ""procurement_anomaly_percentile"": 0.089, ""payment_anomaly_score"": 0.0847}",2026-09-06T09:45:06.494738+00:00
MPLADS-002937,1.0,COST_OVERRUN,"{""progress_anomaly_score"": 4.9799, ""progress_anomaly_percentile"": 0.925, ""financial__sanctioned_amount"": 0.1089}",2026-09-06T09:45:06.494738+00:00
MPLADS-002938,0.0231,NORMAL,"{""payment_anomaly_score"": 0.2169, ""mean_anomaly_score"": 0.0853, ""graph_anomaly_score"": 0.084}",2026-09-06T09:45:06.494738+00:00
MPLADS-002939,0.0345,NORMAL,"{""financial_anomaly_score"": 0.366, ""geo__population_density"": 0.307, ""financial_anomaly_percentile"": 0.1572}",2026-09-06T09:45:06.494738+00:00
MPLADS-002940,0.2999,NORMAL,"{""procurement_anomaly_score"": 1.3881, ""procurement_anomaly_percentile"": 0.4704, ""max_anomaly_score"": 0.146}",2026-09-06T09:45:06.494738+00:00
MPLADS-002941,1.0,GHOST_WORK,"{""progress_anomaly_score"": 5.3792, ""progress_anomaly_percentile"": 0.9641, ""payment_anomaly_score"": 0.3247}",2026-09-06T09:45:06.494738+00:00
MPLADS-002942,0.0182,NORMAL,"{""geo__infrastructure_gap_index"": 0.3091, ""max_anomaly_score"": 0.0695, ""geospatial_anomaly_score"": 0.0521}",2026-09-06T09:45:06.494738+00:00
MPLADS-002943,0.0225,NORMAL,"{""financial__sanctioned_amount"": 0.1318, ""geospatial_anomaly_score"": 0.0877, ""procurement_anomaly_percentile"": 0.0491}",2026-09-06T09:45:06.494738+00:00
MPLADS-002944,0.0182,NORMAL,"{""project__planned_duration_days"": 0.0534, ""geospatial_anomaly_score"": 0.0507, ""geospatial_anomaly_percentile"": 0.0183}",2026-09-06T09:45:06.494738+00:00
MPLADS-002945,0.0345,NORMAL,"{""payment_anomaly_score"": 0.0954, ""project__planned_duration_days"": 0.0453, ""geospatial_anomaly_score"": 0.0379}",2026-09-06T09:45:06.494738+00:00
MPLADS-002946,0.0225,NORMAL,"{""geo__infrastructure_gap_index"": 0.147, ""project__planned_duration_days"": 0.0648, ""geospatial_anomaly_score"": 0.0506}",2026-09-06T09:45:06.494738+00:00
MPLADS-002947,0.0182,NORMAL,"{""project__planned_duration_days"": 0.0469, ""num_flagged_models"": 0.0014, ""project_size_code"": 0.0}",2026-09-06T09:45:06.494738+00:00
MPLADS-002948,0.0225,NORMAL,"{""project__planned_duration_days"": 0.0662, ""geospatial_anomaly_percentile"": 0.0231, ""graph_anomaly_score"": 0.0162}",2026-09-06T09:45:06.494738+00:00
MPLADS-002949,0.0225,NORMAL,"{""geo__infrastructure_gap_index"": 0.0674, ""mean_anomaly_score"": 0.0514, ""geo__population_density"": 0.0477}",2026-09-06T09:45:06.494738+00:00
MPLADS-002950,0.1661,NORMAL,"{""geo__population_density"": 0.3191, ""financial__sanctioned_amount"": 0.1898, ""geospatial_anomaly_score"": 0.0993}",2026-09-06T09:45:06.494738+00:00
MPLADS-002951,1.0,COST_OVERRUN,"{""progress_anomaly_score"": 4.9888, ""progress_anomaly_percentile"": 0.8948, ""procurement_anomaly_score"": 0.1937}",2026-09-06T09:45:06.494738+00:00
MPLADS-002952,0.0231,NORMAL,"{""procurement_anomaly_percentile"": 0.3008, ""financial_anomaly_score"": 0.0689, ""financial_anomaly_percentile"": 0.055}",2026-09-06T09:45:06.494738+00:00
MPLADS-002953,0.011,NORMAL,"{""project__planned_duration_days"": 0.0557, ""geo__infrastructure_gap_index"": 0.0532, ""contractor_anomaly_score"": 0.0058}",2026-09-06T09:45:06.494738+00:00
MPLADS-002954,0.0231,NORMAL,"{""financial__sanctioned_amount"": 0.0843, ""payment_anomaly_percentile"": 0.0398, ""procurement_anomaly_percentile"": 0.0255}",2026-09-06T09:45:06.494738+00:00
MPLADS-002955,0.0231,NORMAL,"{""mean_anomaly_score"": 0.0783, ""geo__infrastructure_gap_index"": 0.0774, ""project__planned_duration_days"": 0.0678}",2026-09-06T09:45:06.494738+00:00
MPLADS-002956,0.0182,NORMAL,"{""geospatial_anomaly_score"": 0.059, ""project__planned_duration_days"": 0.0265, ""geospatial_anomaly_percentile"": 0.0122}",2026-09-06T09:45:06.494738+00:00
MPLADS-002957,0.0161,NORMAL,"{""geo__infrastructure_gap_index"": 0.1251, ""project__planned_duration_days"": 0.047, ""payment_anomaly_percentile"": 0.0315}",2026-09-06T09:45:06.494738+00:00
MPLADS-002958,0.0225,NORMAL,"{""procurement_anomaly_percentile"": 0.3338, ""financial_anomaly_score"": 0.1212, ""financial_anomaly_percentile"": 0.1057}",2026-09-06T09:45:06.494738+00:00
MPLADS-002959,0.0314,NORMAL,"{""geospatial_anomaly_score"": 0.1396, ""geo__population_density"": 0.1195, ""financial_anomaly_percentile"": 0.0728}",2026-09-06T09:45:06.494738+00:00
MPLADS-002960,1.0,DELAYED_WORK,"{""progress_anomaly_score"": 5.1364, ""progress_anomaly_percentile"": 0.8897, ""financial_anomaly_score"": 0.2031}",2026-09-06T09:45:06.494738+00:00
MPLADS-002961,1.0,DOCUMENTATION_DEFICIT,"{""progress_anomaly_score"": 5.0401, ""progress_anomaly_percentile"": 0.8746, ""payment_anomaly_score"": 0.1131}",2026-09-06T09:45:06.494738+00:00
MPLADS-002962,1.0,COST_OVERRUN,"{""progress_anomaly_score"": 4.5325, ""progress_anomaly_percentile"": 0.846, ""procurement_anomaly_score"": 0.3178}",2026-09-06T09:45:06.494738+00:00
MPLADS-002963,1.0,ABANDONED_WORK,"{""progress_anomaly_score"": 5.385, ""progress_anomaly_percentile"": 0.9606, ""financial_anomaly_score"": 0.1596}",2026-09-06T09:45:06.494738+00:00
MPLADS-002964,0.0345,NORMAL,"{""financial__sanctioned_amount"": 0.2801, ""procurement_anomaly_percentile"": 0.1442, ""geospatial_anomaly_score"": 0.0972}",2026-09-06T09:45:06.494738+00:00
MPLADS-002965,1.0,DELAYED_WORK,"{""progress_anomaly_score"": 4.7108, ""progress_anomaly_percentile"": 0.8118, ""financial_anomaly_score"": 0.2445}",2026-09-06T09:45:06.494738+00:00
MPLADS-002966,1.0,ABANDONED_WORK,"{""progress_anomaly_score"": 5.0314, ""progress_anomaly_percentile"": 0.8215, ""financial_anomaly_score"": 0.143}",2026-09-06T09:45:06.494738+00:00
MPLADS-002967,0.0225,NORMAL,"{""geospatial_anomaly_percentile"": 0.1532, ""payment_anomaly_percentile"": 0.0725, ""payment_anomaly_score"": 0.054}",2026-09-06T09:45:06.494738+00:00
MPLADS-002968,0.0231,NORMAL,"{""geo__infrastructure_gap_index"": 0.0895, ""geospatial_anomaly_score"": 0.0639, ""project__planned_duration_days"": 0.0536}",2026-09-06T09:45:06.494738+00:00
MPLADS-002969,0.0182,NORMAL,"{""financial_anomaly_score"": 0.0982, ""payment_anomaly_score"": 0.0943, ""payment_anomaly_percentile"": 0.0643}",2026-09-06T09:45:06.494738+00:00
MPLADS-002970,0.0225,NORMAL,"{""financial__sanctioned_amount"": 0.1294, ""project__planned_duration_days"": 0.0559, ""geospatial_anomaly_score"": 0.0265}",2026-09-06T09:45:06.494738+00:00
MPLADS-002971,0.0182,NORMAL,"{""geo__population_density"": 0.1519, ""graph_anomaly_score"": 0.0782, ""payment_anomaly_percentile"": 0.0566}",2026-09-06T09:45:06.494738+00:00
MPLADS-002972,0.0314,NORMAL,"{""procurement_anomaly_percentile"": 0.1567, ""geospatial_anomaly_score"": 0.0974, ""financial__sanctioned_amount"": 0.0828}",2026-09-06T09:45:06.494738+00:00
MPLADS-002973,0.0225,NORMAL,"{""project__planned_duration_days"": 0.0647, ""payment_anomaly_score"": 0.0621, ""financial_anomaly_percentile"": 0.0496}",2026-09-06T09:45:06.494738+00:00
MPLADS-002974,0.2672,NORMAL,"{""procurement_anomaly_score"": 1.2787, ""procurement_anomaly_percentile"": 0.5787, ""financial_anomaly_percentile"": 0.1073}",2026-09-06T09:45:06.494738+00:00
MPLADS-002975,0.0231,NORMAL,"{""geo__population_density"": 0.1625, ""financial__sanctioned_amount"": 0.1261, ""graph_anomaly_score"": 0.0851}",2026-09-06T09:45:06.494738+00:00
MPLADS-002976,0.0182,NORMAL,"{""mean_anomaly_score"": 0.0809, ""graph_anomaly_score"": 0.0576, ""financial__sanctioned_amount"": 0.0388}",2026-09-06T09:45:06.494738+00:00
MPLADS-002977,0.0231,NORMAL,"{""procurement_anomaly_score"": 0.3247, ""procurement_anomaly_percentile"": 0.3009, ""geo__population_density"": 0.057}",2026-09-06T09:45:06.494738+00:00
MPLADS-002978,0.0308,NORMAL,"{""geospatial_anomaly_percentile"": 0.1778, ""geospatial_anomaly_score"": 0.0537, ""geo__infrastructure_gap_index"": 0.0531}",2026-09-06T09:45:06.494738+00:00
MPLADS-002979,1.0,ABANDONED_WORK,"{""progress_anomaly_score"": 5.1737, ""progress_anomaly_percentile"": 0.8951, ""financial_anomaly_score"": 0.1464}",2026-09-06T09:45:06.494738+00:00
MPLADS-002980,1.0,PAYMENT_PROGRESS_MISMATCH,"{""progress_anomaly_score"": 5.4679, ""progress_anomaly_percentile"": 0.9171, ""std_anomaly_score"": 0.1063}",2026-09-06T09:45:06.494738+00:00
MPLADS-002981,0.0182,NORMAL,"{""geo__population_density"": 0.0764, ""payment_anomaly_percentile"": 0.0528, ""financial_anomaly_percentile"": 0.04}",2026-09-06T09:45:06.494738+00:00
MPLADS-002982,0.0225,NORMAL,"{""project__planned_duration_days"": 0.0621, ""graph_anomaly_percentile"": 0.0079, ""graph_anomaly_score"": 0.0014}",2026-09-06T09:45:06.494738+00:00
MPLADS-002983,1.0,PAYMENT_PROGRESS_MISMATCH,"{""progress_anomaly_score"": 5.5102, ""progress_anomaly_percentile"": 0.9424, ""payment_anomaly_score"": 0.105}",2026-09-06T09:45:06.494738+00:00
MPLADS-002984,1.0,PAYMENT_PROGRESS_MISMATCH,"{""progress_anomaly_score"": 5.2886, ""progress_anomaly_percentile"": 0.92, ""payment_anomaly_score"": 0.1283}",2026-09-06T09:45:06.494738+00:00
MPLADS-002985,0.0231,NORMAL,"{""geospatial_anomaly_score"": 0.0854, ""graph_anomaly_percentile"": 0.031, ""geo__population_density"": 0.0219}",2026-09-06T09:45:06.494738+00:00
MPLADS-002986,0.5278,PROCUREMENT_SINGLE_BID,"{""procurement_anomaly_score"": 1.8971, ""procurement_anomaly_percentile"": 0.8458, ""max_anomaly_score"": 0.1584}",2026-09-06T09:45:06.494738+00:00
MPLADS-002987,0.0231,NORMAL,"{""geo__population_density"": 0.2322, ""mean_anomaly_score"": 0.0721, ""project__planned_duration_days"": 0.0568}",2026-09-06T09:45:06.494738+00:00
MPLADS-002988,0.0231,NORMAL,"{""financial__sanctioned_amount"": 0.1881, ""geo__population_density"": 0.1093, ""geospatial_anomaly_score"": 0.107}",2026-09-06T09:45:06.494738+00:00
MPLADS-002989,0.0225,NORMAL,"{""geospatial_anomaly_score"": 0.079, ""geo__infrastructure_gap_index"": 0.0739, ""project__planned_duration_days"": 0.0625}",2026-09-06T09:45:06.494738+00:00
MPLADS-002990,0.403,NORMAL,"{""procurement_anomaly_score"": 1.4084, ""procurement_anomaly_percentile"": 0.5876, ""geospatial_anomaly_score"": 0.1717}",2026-09-06T09:45:06.494738+00:00
MPLADS-002991,1.0,DOCUMENTATION_DEFICIT,"{""progress_anomaly_score"": 5.4396, ""progress_anomaly_percentile"": 0.9943, ""payment_anomaly_score"": 0.3273}",2026-09-06T09:45:06.494738+00:00
MPLADS-002992,0.0182,NORMAL,"{""financial__sanctioned_amount"": 0.2532, ""graph_anomaly_percentile"": 0.0161, ""contractor_anomaly_score"": 0.014}",2026-09-06T09:45:06.494738+00:00
MPLADS-002993,0.0262,NORMAL,"{""financial__sanctioned_amount"": 0.2044, ""geospatial_anomaly_score"": 0.1103, ""geospatial_anomaly_percentile"": 0.0395}",2026-09-06T09:45:06.494738+00:00
MPLADS-002994,0.0231,NORMAL,"{""financial__sanctioned_amount"": 0.2357, ""geospatial_anomaly_score"": 0.1047, ""graph_anomaly_score"": 0.0815}",2026-09-06T09:45:06.494738+00:00
MPLADS-002995,1.0,PAYMENT_PROGRESS_MISMATCH,"{""progress_anomaly_score"": 5.322, ""progress_anomaly_percentile"": 0.9696, ""payment_anomaly_score"": 0.1173}",2026-09-06T09:45:06.494738+00:00
MPLADS-002996,0.0182,NORMAL,"{""geo__population_density"": 0.1566, ""payment_anomaly_score"": 0.0707, ""geo__infrastructure_gap_index"": 0.0607}",2026-09-06T09:45:06.494738+00:00
MPLADS-002997,0.0231,NORMAL,"{""financial__sanctioned_amount"": 0.0997, ""geo__infrastructure_gap_index"": 0.0778, ""project__planned_duration_days"": 0.0774}",2026-09-06T09:45:06.494738+00:00
MPLADS-002998,1.0,PAYMENT_PROGRESS_MISMATCH,"{""progress_anomaly_score"": 5.2432, ""progress_anomaly_percentile"": 0.904, ""payment_anomaly_score"": 0.0852}",2026-09-06T09:45:06.494738+00:00
MPLADS-002999,0.0231,NORMAL,"{""payment_anomaly_score"": 0.165, ""geospatial_anomaly_score"": 0.0658, ""project__planned_duration_days"": 0.0614}",2026-09-06T09:45:06.494738+00:00
MPLADS-003000,1.0,DELAYED_WORK,"{""progress_anomaly_score"": 5.2977, ""progress_anomaly_percentile"": 0.9132, ""financial__sanctioned_amount"": 0.0693}",2026-09-06T09:45:06.494738+00:00
MPLADS-003001,1.0,COST_OVERRUN,"{""progress_anomaly_score"": 4.9939, ""progress_anomaly_percentile"": 0.7988, ""financial_anomaly_score"": 0.2094}",2026-09-06T09:45:06.494738+00:00
MPLADS-003002,0.0153,NORMAL,"{""contractor_anomaly_percentile"": 0.1593, ""contractor_anomaly_score"": 0.1466, ""geo__infrastructure_gap_index"": 0.1124}",2026-09-06T09:45:06.494738+00:00
MPLADS-003003,0.4939,NORMAL,"{""procurement_anomaly_score"": 1.8791, ""procurement_anomaly_percentile"": 0.8534, ""max_anomaly_score"": 0.1736}",2026-09-06T09:45:06.494738+00:00
MPLADS-003004,0.0231,NORMAL,"{""financial__sanctioned_amount"": 0.2498, ""geospatial_anomaly_score"": 0.1725, ""geo__infrastructure_gap_index"": 0.1412}",2026-09-06T09:45:06.494738+00:00
MPLADS-003005,1.0,DOCUMENTATION_DEFICIT,"{""progress_anomaly_score"": 5.253, ""progress_anomaly_percentile"": 0.937, ""payment_anomaly_score"": 0.076}",2026-09-06T09:45:06.494738+00:00
MPLADS-003006,0.0182,NORMAL,"{""geo__infrastructure_gap_index"": 0.1499, ""project__planned_duration_days"": 0.0484, ""payment_anomaly_score"": 0.04}",2026-09-06T09:45:06.494738+00:00
MPLADS-003007,0.0182,NORMAL,"{""financial__sanctioned_amount"": 0.1171, ""std_anomaly_score"": 0.0065, ""payment_anomaly_percentile"": 0.0048}",2026-09-06T09:45:06.494738+00:00
MPLADS-003008,0.0265,NORMAL,"{""geospatial_anomaly_score"": 0.0695, ""project__planned_duration_days"": 0.0162, ""geospatial_anomaly_percentile"": 0.0009}",2026-09-06T09:45:06.494738+00:00
MPLADS-003009,0.0225,NORMAL,"{""geo__population_density"": 0.1564, ""financial__sanctioned_amount"": 0.0379, ""project__planned_duration_days"": 0.0361}",2026-09-06T09:45:06.494738+00:00
MPLADS-003010,1.0,GHOST_WORK,"{""progress_anomaly_score"": 5.1824, ""progress_anomaly_percentile"": 0.8915, ""payment_anomaly_score"": 0.0987}",2026-09-06T09:45:06.494738+00:00
MPLADS-003011,0.0381,NORMAL,"{""financial_anomaly_score"": 0.4067, ""geo__population_density"": 0.2248, ""geospatial_anomaly_percentile"": 0.1391}",2026-09-06T09:45:06.494738+00:00
MPLADS-003012,0.0225,NORMAL,"{""geo__population_density"": 0.3314, ""financial__sanctioned_amount"": 0.0513, ""graph_anomaly_percentile"": 0.0333}",2026-09-06T09:45:06.494738+00:00
MPLADS-003013,1.0,PAYMENT_PROGRESS_MISMATCH,"{""progress_anomaly_score"": 5.3526, ""progress_anomaly_percentile"": 0.935, ""payment_anomaly_score"": 0.0889}",2026-09-06T09:45:06.494738+00:00
MPLADS-003014,0.0231,NORMAL,"{""geospatial_anomaly_score"": 0.1909, ""geospatial_anomaly_percentile"": 0.048, ""project__planned_duration_days"": 0.0457}",2026-09-06T09:45:06.494738+00:00
MPLADS-003015,0.0265,NORMAL,"{""graph_anomaly_score"": 0.1099, ""geo__infrastructure_gap_index"": 0.0466, ""project__planned_duration_days"": 0.045}",2026-09-06T09:45:06.494738+00:00
MPLADS-003016,1.0,DOCUMENTATION_DEFICIT,"{""progress_anomaly_score"": 5.2149, ""progress_anomaly_percentile"": 0.9033, ""financial_anomaly_score"": 0.1893}",2026-09-06T09:45:06.494738+00:00
MPLADS-003017,0.0225,NORMAL,"{""financial__sanctioned_amount"": 0.1643, ""geospatial_anomaly_score"": 0.13, ""payment_anomaly_score"": 0.0727}",2026-09-06T09:45:06.494738+00:00
MPLADS-003018,0.0231,NORMAL,"{""geo__population_density"": 0.3137, ""financial__sanctioned_amount"": 0.0728, ""geospatial_anomaly_score"": 0.061}",2026-09-06T09:45:06.494738+00:00
MPLADS-003019,0.0231,NORMAL,"{""geospatial_anomaly_score"": 0.0795, ""mean_anomaly_score"": 0.0455, ""geospatial_anomaly_percentile"": 0.0353}",2026-09-06T09:45:06.494738+00:00
MPLADS-003020,0.0182,NORMAL,"{""geo__population_density"": 0.1384, ""financial_anomaly_percentile"": 0.0453, ""project__planned_duration_days"": 0.0402}",2026-09-06T09:45:06.494738+00:00
MPLADS-003021,0.0231,NORMAL,"{""geospatial_anomaly_score"": 0.143, ""mean_anomaly_score"": 0.0934, ""geo__infrastructure_gap_index"": 0.0792}",2026-09-06T09:45:06.494738+00:00
MPLADS-003022,0.0182,NORMAL,"{""geo__population_density"": 0.1658, ""geo__infrastructure_gap_index"": 0.1133, ""graph_anomaly_score"": 0.1088}",2026-09-06T09:45:06.494738+00:00
MPLADS-003023,0.0225,NORMAL,"{""geo__population_density"": 0.1181, ""geo__infrastructure_gap_index"": 0.1117, ""project__planned_duration_days"": 0.0338}",2026-09-06T09:45:06.494738+00:00
MPLADS-003024,0.0314,NORMAL,"{""financial_anomaly_score"": 0.1995, ""geo__population_density"": 0.133, ""geospatial_anomaly_score"": 0.0898}",2026-09-06T09:45:06.494738+00:00
MPLADS-003025,0.0231,NORMAL,"{""project__planned_duration_days"": 0.0734, ""mean_anomaly_score"": 0.0516, ""geospatial_anomaly_score"": 0.0364}",2026-09-06T09:45:06.494738+00:00
MPLADS-003026,1.0,DELAYED_WORK,"{""progress_anomaly_score"": 4.8175, ""progress_anomaly_percentile"": 0.8375, ""financial_anomaly_score"": 0.2054}",2026-09-06T09:45:06.494738+00:00
MPLADS-003027,0.0225,NORMAL,"{""financial__sanctioned_amount"": 0.1283, ""geospatial_anomaly_score"": 0.0856, ""geospatial_anomaly_percentile"": 0.0297}",2026-09-06T09:45:06.494738+00:00
MPLADS-003028,0.0231,NORMAL,"{""financial__sanctioned_amount"": 0.0058, ""num_flagged_models"": 0.0014, ""project_size_code"": 0.0}",2026-09-06T09:45:06.494738+00:00
MPLADS-003029,0.182,NORMAL,"{""mean_anomaly_score"": 0.2798, ""geospatial_anomaly_percentile"": 0.2404, ""geospatial_anomaly_score"": 0.213}",2026-09-06T09:45:06.494738+00:00
MPLADS-003030,0.0231,NORMAL,"{""financial__sanctioned_amount"": 0.2698, ""payment_anomaly_score"": 0.1124, ""geospatial_anomaly_score"": 0.0748}",2026-09-06T09:45:06.494738+00:00
MPLADS-003031,0.1501,NORMAL,"{""geo__infrastructure_gap_index"": 0.2304, ""geo__population_density"": 0.2126, ""graph_anomaly_percentile"": 0.0465}",2026-09-06T09:45:06.494738+00:00
MPLADS-003032,1.0,PAYMENT_PROGRESS_MISMATCH,"{""progress_anomaly_score"": 5.4035, ""progress_anomaly_percentile"": 0.9456, ""payment_anomaly_score"": 0.1017}",2026-09-06T09:45:06.494738+00:00
MPLADS-003033,0.0182,NORMAL,"{""geo__infrastructure_gap_index"": 0.0865, ""geospatial_anomaly_score"": 0.0834, ""geospatial_anomaly_percentile"": 0.051}",2026-09-06T09:45:06.494738+00:00
MPLADS-003034,0.0525,NORMAL,"{""contractor_anomaly_percentile"": 0.1991, ""geospatial_anomaly_score"": 0.1634, ""contractor_anomaly_score"": 0.1405}",2026-09-06T09:45:06.494738+00:00
MPLADS-003035,0.0159,NORMAL,"{""geo__population_density"": 0.2525, ""financial_anomaly_score"": 0.1558, ""graph_anomaly_score"": 0.118}",2026-09-06T09:45:06.494738+00:00
MPLADS-003036,0.0225,NORMAL,"{""geospatial_anomaly_score"": 0.1248, ""geospatial_anomaly_percentile"": 0.0872, ""geo__infrastructure_gap_index"": 0.0589}",2026-09-06T09:45:06.494738+00:00
MPLADS-003037,0.0182,NORMAL,"{""geo__infrastructure_gap_index"": 0.101, ""project__planned_duration_days"": 0.0694, ""mean_anomaly_score"": 0.0479}",2026-09-06T09:45:06.494738+00:00
MPLADS-003038,0.0182,NORMAL,"{""financial_anomaly_score"": 0.0416, ""project__planned_duration_days"": 0.0344, ""payment_anomaly_percentile"": 0.0281}",2026-09-06T09:45:06.494738+00:00
MPLADS-003039,0.0231,NORMAL,"{""geo__population_density"": 0.1923, ""geospatial_anomaly_score"": 0.1722, ""std_anomaly_score"": 0.0404}",2026-09-06T09:45:06.494738+00:00
MPLADS-003040,1.0,COST_OVERRUN,"{""progress_anomaly_score"": 4.6861, ""progress_anomaly_percentile"": 0.8078, ""financial_anomaly_score"": 0.2221}",2026-09-06T09:45:06.494738+00:00
MPLADS-003041,0.0314,NORMAL,"{""geospatial_anomaly_percentile"": 0.2408, ""geospatial_anomaly_score"": 0.1681, ""geo__population_density"": 0.16}",2026-09-06T09:45:06.494738+00:00
MPLADS-003042,0.0088,NORMAL,"{""project__planned_duration_days"": 0.0579, ""geospatial_anomaly_score"": 0.0545, ""geospatial_anomaly_percentile"": 0.0106}",2026-09-06T09:45:06.494738+00:00
MPLADS-003043,0.0231,NORMAL,"{""geo__infrastructure_gap_index"": 0.0884, ""std_anomaly_score"": 0.0288, ""geo__population_density"": 0.0067}",2026-09-06T09:45:06.494738+00:00
MPLADS-003044,0.0231,NORMAL,"{""geospatial_anomaly_score"": 0.1699, ""mean_anomaly_score"": 0.068, ""geospatial_anomaly_percentile"": 0.0424}",2026-09-06T09:45:06.494738+00:00
MPLADS-003045,0.0159,NORMAL,"{""geo__population_density"": 0.1054, ""mean_anomaly_score"": 0.0849, ""project__planned_duration_days"": 0.0713}",2026-09-06T09:45:06.494738+00:00
MPLADS-003046,0.011,NORMAL,"{""geo__population_density"": 0.076, ""max_anomaly_score"": 0.0449, ""std_anomaly_score"": 0.0441}",2026-09-06T09:45:06.494738+00:00
MPLADS-003047,0.0231,NORMAL,"{""geo__population_density"": 0.1655, ""geo__infrastructure_gap_index"": 0.1192, ""project__planned_duration_days"": 0.039}",2026-09-06T09:45:06.494738+00:00
MPLADS-003048,0.0225,NORMAL,"{""geo__infrastructure_gap_index"": 0.1738, ""geo__population_density"": 0.1508, ""geospatial_anomaly_percentile"": 0.109}",2026-09-06T09:45:06.494738+00:00
MPLADS-003049,0.0231,NORMAL,"{""geospatial_anomaly_score"": 0.0936, ""project__planned_duration_days"": 0.0582, ""mean_anomaly_score"": 0.0528}",2026-09-06T09:45:06.494738+00:00
MPLADS-003050,1.0,DELAYED_WORK,"{""progress_anomaly_score"": 4.672, ""progress_anomaly_percentile"": 0.8493, ""procurement_anomaly_score"": 0.2923}",2026-09-06T09:45:06.494738+00:00
MPLADS-003051,0.0182,NORMAL,"{""project__planned_duration_days"": 0.043, ""graph_anomaly_percentile"": 0.0191, ""geo__population_density"": 0.0084}",2026-09-06T09:45:06.494738+00:00
MPLADS-003052,0.0182,NORMAL,"{""geo__population_density"": 0.1876, ""payment_anomaly_percentile"": 0.0432, ""mean_anomaly_score"": 0.0423}",2026-09-06T09:45:06.494738+00:00
MPLADS-003053,0.0182,NORMAL,"{""geo__infrastructure_gap_index"": 0.1108, ""project__planned_duration_days"": 0.018, ""std_anomaly_score"": 0.012}",2026-09-06T09:45:06.494738+00:00
MPLADS-003054,0.0225,NORMAL,"{""financial__sanctioned_amount"": 0.1325, ""payment_anomaly_percentile"": 0.0477, ""graph_anomaly_score"": 0.0208}",2026-09-06T09:45:06.494738+00:00
MPLADS-003055,0.0182,NORMAL,"{""payment_anomaly_score"": 0.1017, ""project__planned_duration_days"": 0.067, ""geospatial_anomaly_score"": 0.0404}",2026-09-06T09:45:06.494738+00:00
MPLADS-003056,0.0088,NORMAL,"{""project__planned_duration_days"": 0.0633, ""payment_anomaly_percentile"": 0.0391, ""payment_anomaly_score"": 0.0147}",2026-09-06T09:45:06.494738+00:00
MPLADS-003057,0.0153,NORMAL,"{""mean_anomaly_score"": 0.0877, ""graph_anomaly_score"": 0.0435, ""project__planned_duration_days"": 0.0396}",2026-09-06T09:45:06.494738+00:00
MPLADS-003058,0.0225,NORMAL,"{""geo__infrastructure_gap_index"": 0.0537, ""contractor_anomaly_score"": 0.0155, ""graph_anomaly_percentile"": 0.0087}",2026-09-06T09:45:06.494738+00:00
MPLADS-003059,0.0308,NORMAL,"{""geo__population_density"": 0.1098, ""geo__infrastructure_gap_index"": 0.0835, ""project__planned_duration_days"": 0.0464}",2026-09-06T09:45:06.494738+00:00
MPLADS-003060,1.0,GHOST_WORK,"{""progress_anomaly_score"": 5.2918, ""progress_anomaly_percentile"": 0.9509, ""payment_anomaly_score"": 0.0965}",2026-09-06T09:45:06.494738+00:00
MPLADS-003061,0.0308,NORMAL,"{""financial__sanctioned_amount"": 0.2305, ""geospatial_anomaly_score"": 0.1239, ""geospatial_anomaly_percentile"": 0.0314}",2026-09-06T09:45:06.494738+00:00
MPLADS-003062,1.0,DELAYED_WORK,"{""progress_anomaly_score"": 4.6496, ""progress_anomaly_percentile"": 0.7166, ""financial_anomaly_score"": 0.2506}",2026-09-06T09:45:06.494738+00:00
MPLADS-003063,0.0182,NORMAL,"{""payment_anomaly_percentile"": 0.0473, ""financial_anomaly_percentile"": 0.0456, ""payment_anomaly_score"": 0.0337}",2026-09-06T09:45:06.494738+00:00
MPLADS-003064,0.0182,NORMAL,"{""geo__population_density"": 0.1526, ""geo__infrastructure_gap_index"": 0.0509, ""project__planned_duration_days"": 0.0502}",2026-09-06T09:45:06.494738+00:00
MPLADS-003065,0.0182,NORMAL,"{""std_anomaly_score"": 0.0797, ""project__planned_duration_days"": 0.0401, ""geo__infrastructure_gap_index"": 0.0396}",2026-09-06T09:45:06.494738+00:00
MPLADS-003066,0.0314,NORMAL,"{""financial__sanctioned_amount"": 0.1313, ""geo__population_density"": 0.0955, ""payment_anomaly_score"": 0.0792}",2026-09-06T09:45:06.494738+00:00
MPLADS-003067,0.2178,NORMAL,"{""procurement_anomaly_score"": 1.3833, ""procurement_anomaly_percentile"": 0.453, ""financial__sanctioned_amount"": 0.0902}",2026-09-06T09:45:06.494738+00:00
MPLADS-003068,0.0308,NORMAL,"{""geo__population_density"": 0.3121, ""geospatial_anomaly_score"": 0.0556, ""project__planned_duration_days"": 0.0415}",2026-09-06T09:45:06.494738+00:00
MPLADS-003069,0.0314,NORMAL,"{""geo__population_density"": 0.1624, ""mean_anomaly_score"": 0.0577, ""project__planned_duration_days"": 0.0439}",2026-09-06T09:45:06.494738+00:00
MPLADS-003070,0.0182,NORMAL,"{""financial__sanctioned_amount"": 0.0998, ""geo__population_density"": 0.055, ""project__planned_duration_days"": 0.0473}",2026-09-06T09:45:06.494738+00:00
MPLADS-003071,0.0182,NORMAL,"{""financial__sanctioned_amount"": 0.1217, ""geospatial_anomaly_score"": 0.0916, ""geospatial_anomaly_percentile"": 0.0241}",2026-09-06T09:45:06.494738+00:00
MPLADS-003072,1.0,PAYMENT_PROGRESS_MISMATCH,"{""progress_anomaly_score"": 5.1538, ""progress_anomaly_percentile"": 0.8898, ""payment_anomaly_score"": 0.0864}",2026-09-06T09:45:06.494738+00:00
MPLADS-003073,0.0345,NORMAL,"{""financial__sanctioned_amount"": 0.2469, ""geo__population_density"": 0.2358, ""procurement_anomaly_percentile"": 0.2234}",2026-09-06T09:45:06.494738+00:00
MPLADS-003074,1.0,PAYMENT_PROGRESS_MISMATCH,"{""progress_anomaly_score"": 5.1324, ""progress_anomaly_percentile"": 0.97, ""payment_anomaly_score"": 0.1071}",2026-09-06T09:45:06.494738+00:00
MPLADS-003075,0.0231,NORMAL,"{""project__planned_duration_days"": 0.0376, ""geo__infrastructure_gap_index"": 0.0316, ""procurement_anomaly_percentile"": 0.0273}",2026-09-06T09:45:06.494738+00:00
MPLADS-003076,0.0262,NORMAL,"{""geospatial_anomaly_score"": 0.105, ""geo__infrastructure_gap_index"": 0.1036, ""financial_anomaly_percentile"": 0.1013}",2026-09-06T09:45:06.494738+00:00
MPLADS-003077,0.0498,NORMAL,"{""financial__sanctioned_amount"": 0.2517, ""payment_anomaly_score"": 0.1482, ""mean_anomaly_score"": 0.0791}",2026-09-06T09:45:06.494738+00:00
MPLADS-003078,0.0231,NORMAL,"{""geo__infrastructure_gap_index"": 0.1004, ""project__planned_duration_days"": 0.0545, ""financial__sanctioned_amount"": 0.0144}",2026-09-06T09:45:06.494738+00:00
MPLADS-003079,0.0262,NORMAL,"{""geospatial_anomaly_score"": 0.2249, ""financial__sanctioned_amount"": 0.1001, ""geospatial_anomaly_percentile"": 0.0514}",2026-09-06T09:45:06.494738+00:00
MPLADS-003080,0.0132,NORMAL,"{""financial_anomaly_percentile"": 0.0629, ""payment_anomaly_percentile"": 0.0335, ""project__planned_duration_days"": 0.0259}",2026-09-06T09:45:06.494738+00:00
MPLADS-003081,0.5278,PROCUREMENT_SINGLE_BID,"{""procurement_anomaly_score"": 1.7555, ""procurement_anomaly_percentile"": 0.6409, ""max_anomaly_score"": 0.2159}",2026-09-06T09:45:06.494738+00:00
MPLADS-003082,0.0225,NORMAL,"{""financial__sanctioned_amount"": 0.1975, ""payment_anomaly_score"": 0.041, ""payment_anomaly_percentile"": 0.0197}",2026-09-06T09:45:06.494738+00:00
MPLADS-003083,0.0231,NORMAL,"{""geo__population_density"": 0.1483, ""geospatial_anomaly_score"": 0.0813, ""graph_anomaly_score"": 0.0749}",2026-09-06T09:45:06.494738+00:00
MPLADS-003084,0.0231,NORMAL,"{""geospatial_anomaly_score"": 0.1735, ""geo__infrastructure_gap_index"": 0.1408, ""project__planned_duration_days"": 0.0322}",2026-09-06T09:45:06.494738+00:00
MPLADS-003085,0.0262,NORMAL,"{""financial__sanctioned_amount"": 0.2791, ""financial_anomaly_percentile"": 0.0745, ""geospatial_anomaly_score"": 0.0737}",2026-09-06T09:45:06.494738+00:00
MPLADS-003086,0.0225,NORMAL,"{""financial_anomaly_score"": 0.0717, ""geo__population_density"": 0.0716, ""geospatial_anomaly_score"": 0.0614}",2026-09-06T09:45:06.494738+00:00
MPLADS-003087,0.0225,NORMAL,"{""financial_anomaly_score"": 0.2095, ""geo__population_density"": 0.1724, ""financial_anomaly_percentile"": 0.1085}",2026-09-06T09:45:06.494738+00:00
MPLADS-003088,0.0262,NORMAL,"{""geo__population_density"": 0.2427, ""financial__sanctioned_amount"": 0.2194, ""procurement_anomaly_percentile"": 0.0795}",2026-09-06T09:45:06.494738+00:00
MPLADS-003089,0.0161,NORMAL,"{""financial_anomaly_score"": 0.2077, ""geo__population_density"": 0.1114, ""procurement_anomaly_percentile"": 0.0699}",2026-09-06T09:45:06.494738+00:00
MPLADS-003090,0.0231,NORMAL,"{""geo__infrastructure_gap_index"": 0.0727, ""project__planned_duration_days"": 0.0484, ""payment_anomaly_score"": 0.0394}",2026-09-06T09:45:06.494738+00:00
MPLADS-003091,0.0225,NORMAL,"{""geospatial_anomaly_score"": 0.1137, ""project__planned_duration_days"": 0.0626, ""geospatial_anomaly_percentile"": 0.0351}",2026-09-06T09:45:06.494738+00:00
MPLADS-003092,0.0308,NORMAL,"{""procurement_anomaly_score"": 0.2506, ""procurement_anomaly_percentile"": 0.1869, ""std_anomaly_score"": 0.0512}",2026-09-06T09:45:06.494738+00:00
MPLADS-003093,0.0231,NORMAL,"{""std_anomaly_score"": 0.0266, ""geospatial_anomaly_score"": 0.026, ""geospatial_anomaly_percentile"": 0.0082}",2026-09-06T09:45:06.494738+00:00
MPLADS-003094,0.0231,NORMAL,"{""geospatial_anomaly_score"": 0.0687, ""project__planned_duration_days"": 0.0499, ""geo__population_density"": 0.0497}",2026-09-06T09:45:06.494738+00:00
MPLADS-003095,0.0225,NORMAL,"{""project__planned_duration_days"": 0.0455, ""graph_anomaly_score"": 0.012, ""graph_anomaly_percentile"": 0.0024}",2026-09-06T09:45:06.494738+00:00
MPLADS-003096,0.0314,NORMAL,"{""geospatial_anomaly_score"": 0.1969, ""geospatial_anomaly_percentile"": 0.1814, ""std_anomaly_score"": 0.1258}",2026-09-06T09:45:06.494738+00:00
MPLADS-003097,1.0,DELAYED_WORK,"{""progress_anomaly_score"": 4.3935, ""progress_anomaly_percentile"": 0.7338, ""procurement_anomaly_score"": 0.2631}",2026-09-06T09:45:06.494738+00:00
MPLADS-003098,0.0231,NORMAL,"{""geospatial_anomaly_score"": 0.0924, ""financial__sanctioned_amount"": 0.0481, ""geospatial_anomaly_percentile"": 0.0348}",2026-09-06T09:45:06.494738+00:00
MPLADS-003099,0.0231,NORMAL,"{""contractor_anomaly_score"": 0.0839, ""contractor_anomaly_percentile"": 0.0812, ""payment_anomaly_percentile"": 0.0719}",2026-09-06T09:45:06.494738+00:00
MPLADS-003100,0.011,NORMAL,"{""geo__population_density"": 0.2429, ""project__planned_duration_days"": 0.0497, ""graph_anomaly_percentile"": 0.0414}",2026-09-06T09:45:06.494738+00:00
MPLADS-003101,0.0231,NORMAL,"{""geo__infrastructure_gap_index"": 0.0814, ""project__planned_duration_days"": 0.0441, ""std_anomaly_score"": 0.0338}",2026-09-06T09:45:06.494738+00:00
MPLADS-003102,1.0,DELAYED_WORK,"{""progress_anomaly_score"": 4.7506, ""progress_anomaly_percentile"": 0.8184, ""financial_anomaly_score"": 0.1788}",2026-09-06T09:45:06.494738+00:00
MPLADS-003103,0.0182,NORMAL,"{""procurement_anomaly_score"": 0.4735, ""procurement_anomaly_percentile"": 0.0907, ""geo__infrastructure_gap_index"": 0.029}",2026-09-06T09:45:06.494738+00:00
MPLADS-003104,0.0231,NORMAL,"{""procurement_anomaly_percentile"": 0.216, ""contractor_anomaly_percentile"": 0.0799, ""contractor_anomaly_score"": 0.0657}",2026-09-06T09:45:06.494738+00:00
MPLADS-003105,0.0225,NORMAL,"{""geo__population_density"": 0.0997, ""geospatial_anomaly_score"": 0.0866, ""project__planned_duration_days"": 0.0461}",2026-09-06T09:45:06.494738+00:00
MPLADS-003106,1.0,ABANDONED_WORK,"{""progress_anomaly_score"": 5.0357, ""progress_anomaly_percentile"": 0.8774, ""financial_anomaly_score"": 0.1432}",2026-09-06T09:45:06.494738+00:00
MPLADS-003107,1.0,COST_OVERRUN,"{""progress_anomaly_score"": 5.2368, ""progress_anomaly_percentile"": 0.8697, ""financial__sanctioned_amount"": 0.1547}",2026-09-06T09:45:06.494738+00:00
MPLADS-003108,0.0638,NORMAL,"{""procurement_anomaly_score"": 0.7091, ""procurement_anomaly_percentile"": 0.2081, ""geospatial_anomaly_score"": 0.037}",2026-09-06T09:45:06.494738+00:00
MPLADS-003109,0.0225,NORMAL,"{""geospatial_anomaly_score"": 0.1064, ""financial__sanctioned_amount"": 0.0946, ""graph_anomaly_score"": 0.0742}",2026-09-06T09:45:06.494738+00:00
MPLADS-003110,0.0231,NORMAL,"{""project__planned_duration_days"": 0.0596, ""graph_anomaly_percentile"": 0.011, ""num_flagged_models"": 0.0014}",2026-09-06T09:45:06.494738+00:00
MPLADS-003111,0.0182,NORMAL,"{""financial_anomaly_score"": 0.0926, ""financial_anomaly_percentile"": 0.0573, ""project__planned_duration_days"": 0.0535}",2026-09-06T09:45:06.494738+00:00
MPLADS-003112,0.0308,NORMAL,"{""financial__sanctioned_amount"": 0.0511, ""geospatial_anomaly_score"": 0.0511, ""project__planned_duration_days"": 0.0387}",2026-09-06T09:45:06.494738+00:00
MPLADS-003113,0.0225,NORMAL,"{""payment_anomaly_score"": 0.2413, ""project__planned_duration_days"": 0.0614, ""contractor_anomaly_score"": 0.0415}",2026-09-06T09:45:06.494738+00:00
MPLADS-003114,0.0182,NORMAL,"{""project__planned_duration_days"": 0.0566, ""mean_anomaly_score"": 0.0337, ""geo__infrastructure_gap_index"": 0.0276}",2026-09-06T09:45:06.494738+00:00
MPLADS-003115,0.0225,NORMAL,"{""geospatial_anomaly_score"": 0.1131, ""project__planned_duration_days"": 0.0551, ""geo__population_density"": 0.0314}",2026-09-06T09:45:06.494738+00:00
MPLADS-003116,0.0231,NORMAL,"{""financial__sanctioned_amount"": 0.1161, ""payment_anomaly_score"": 0.109, ""geo__infrastructure_gap_index"": 0.0826}",2026-09-06T09:45:06.494738+00:00
MPLADS-003117,0.0231,NORMAL,"{""financial__sanctioned_amount"": 0.206, ""geospatial_anomaly_score"": 0.1312, ""payment_anomaly_score"": 0.1102}",2026-09-06T09:45:06.494738+00:00
MPLADS-003118,0.0139,NORMAL,"{""geo__population_density"": 0.123, ""graph_anomaly_score"": 0.0905, ""payment_anomaly_percentile"": 0.0368}",2026-09-06T09:45:06.494738+00:00
MPLADS-003119,0.0314,NORMAL,"{""financial__sanctioned_amount"": 0.2443, ""geospatial_anomaly_score"": 0.1216, ""financial_anomaly_score"": 0.1101}",2026-09-06T09:45:06.494738+00:00
MPLADS-003120,1.0,COST_OVERRUN,"{""progress_anomaly_score"": 4.8886, ""progress_anomaly_percentile"": 0.8801, ""procurement_anomaly_score"": 0.2783}",2026-09-06T09:45:06.494738+00:00
MPLADS-003121,0.0231,NORMAL,"{""geo__population_density"": 0.1668, ""geospatial_anomaly_score"": 0.0581, ""geo__infrastructure_gap_index"": 0.0576}",2026-09-06T09:45:06.494738+00:00
MPLADS-003122,1.0,ABANDONED_WORK,"{""progress_anomaly_score"": 5.1986, ""progress_anomaly_percentile"": 0.9143, ""financial_anomaly_score"": 0.1247}",2026-09-06T09:45:06.494738+00:00
MPLADS-003123,0.0088,NORMAL,"{""financial_anomaly_score"": 0.0846, ""financial_anomaly_percentile"": 0.0711, ""procurement_anomaly_percentile"": 0.0449}",2026-09-06T09:45:06.494738+00:00
MPLADS-003124,0.2481,NORMAL,"{""procurement_anomaly_score"": 1.067, ""procurement_anomaly_percentile"": 0.528, ""financial__sanctioned_amount"": 0.1159}",2026-09-06T09:45:06.494738+00:00
MPLADS-003125,0.0182,NORMAL,"{""geospatial_anomaly_score"": 0.0545, ""project__planned_duration_days"": 0.0384, ""geospatial_anomaly_percentile"": 0.0194}",2026-09-06T09:45:06.494738+00:00
MPLADS-003126,0.0265,NORMAL,"{""geo__infrastructure_gap_index"": 0.1798, ""financial_anomaly_score"": 0.0543, ""project__planned_duration_days"": 0.053}",2026-09-06T09:45:06.494738+00:00
MPLADS-003127,1.0,DELAYED_WORK,"{""progress_anomaly_score"": 4.7597, ""progress_anomaly_percentile"": 0.8155, ""financial_anomaly_score"": 0.2793}",2026-09-06T09:45:06.494738+00:00
MPLADS-003128,0.011,NORMAL,"{""project__planned_duration_days"": 0.0623, ""payment_anomaly_percentile"": 0.0348, ""std_anomaly_score"": 0.0157}",2026-09-06T09:45:06.494738+00:00
MPLADS-003129,1.0,DELAYED_WORK,"{""progress_anomaly_score"": 4.617, ""progress_anomaly_percentile"": 0.7239, ""financial_anomaly_score"": 0.2567}",2026-09-06T09:45:06.494738+00:00
MPLADS-003130,0.0262,NORMAL,"{""geo__population_density"": 0.2055, ""financial_anomaly_percentile"": 0.0823, ""payment_anomaly_score"": 0.0683}",2026-09-06T09:45:06.494738+00:00
MPLADS-003131,0.0182,NORMAL,"{""financial__sanctioned_amount"": 0.0612, ""geo__infrastructure_gap_index"": 0.0283, ""mean_anomaly_score"": 0.0092}",2026-09-06T09:45:06.494738+00:00
MPLADS-003132,0.0153,NORMAL,"{""financial__sanctioned_amount"": 0.1004, ""payment_anomaly_percentile"": 0.0357, ""std_anomaly_score"": 0.0139}",2026-09-06T09:45:06.494738+00:00
MPLADS-003133,0.0314,NORMAL,"{""financial_anomaly_score"": 0.4963, ""contractor_anomaly_score"": 0.1437, ""geo__infrastructure_gap_index"": 0.125}",2026-09-06T09:45:06.494738+00:00
MPLADS-003134,0.0182,NORMAL,"{""financial__sanctioned_amount"": 0.1008, ""graph_anomaly_score"": 0.0104, ""graph_anomaly_percentile"": 0.0019}",2026-09-06T09:45:06.494738+00:00
MPLADS-003135,1.0,ABANDONED_WORK,"{""progress_anomaly_score"": 5.0341, ""progress_anomaly_percentile"": 0.8301, ""financial_anomaly_score"": 0.127}",2026-09-06T09:45:06.494738+00:00
MPLADS-003136,1.0,COST_OVERRUN,"{""progress_anomaly_score"": 4.4579, ""progress_anomaly_percentile"": 0.8592, ""procurement_anomaly_score"": 0.4243}",2026-09-06T09:45:06.494738+00:00
MPLADS-003137,0.0161,NORMAL,"{""project__planned_duration_days"": 0.068, ""geospatial_anomaly_score"": 0.0435, ""mean_anomaly_score"": 0.0235}",2026-09-06T09:45:06.494738+00:00
MPLADS-003138,0.115,NORMAL,"{""procurement_anomaly_score"": 0.7224, ""procurement_anomaly_percentile"": 0.3081, ""geo__population_density"": 0.1304}",2026-09-06T09:45:06.494738+00:00
MPLADS-003139,0.0262,NORMAL,"{""geo__population_density"": 0.1016, ""geospatial_anomaly_score"": 0.0802, ""project__planned_duration_days"": 0.0539}",2026-09-06T09:45:06.494738+00:00
MPLADS-003140,0.0182,NORMAL,"{""geo__infrastructure_gap_index"": 0.0795, ""payment_anomaly_percentile"": 0.042, ""project__planned_duration_days"": 0.0336}",2026-09-06T09:45:06.494738+00:00
MPLADS-003141,1.0,DOCUMENTATION_DEFICIT,"{""progress_anomaly_score"": 5.1567, ""progress_anomaly_percentile"": 0.8755, ""payment_anomaly_score"": 0.1034}",2026-09-06T09:45:06.494738+00:00
MPLADS-003142,0.0182,NORMAL,"{""procurement_anomaly_percentile"": 0.1166, ""payment_anomaly_score"": 0.06, ""std_anomaly_score"": 0.0533}",2026-09-06T09:45:06.494738+00:00
MPLADS-003143,0.0231,NORMAL,"{""financial__sanctioned_amount"": 0.1284, ""geospatial_anomaly_score"": 0.0931, ""payment_anomaly_score"": 0.0823}",2026-09-06T09:45:06.494738+00:00
MPLADS-003144,1.0,PAYMENT_PROGRESS_MISMATCH,"{""progress_anomaly_score"": 5.1761, ""progress_anomaly_percentile"": 0.9007, ""payment_anomaly_score"": 0.1409}",2026-09-06T09:45:06.494738+00:00
MPLADS-003145,0.0159,NORMAL,"{""financial__sanctioned_amount"": 0.1738, ""geo__infrastructure_gap_index"": 0.143, ""payment_anomaly_score"": 0.0823}",2026-09-06T09:45:06.494738+00:00
MPLADS-003146,0.4019,NORMAL,"{""procurement_anomaly_score"": 1.3805, ""procurement_anomaly_percentile"": 0.6331, ""payment_anomaly_score"": 0.364}",2026-09-06T09:45:06.494738+00:00
MPLADS-003147,0.0225,NORMAL,"{""geo__infrastructure_gap_index"": 0.0573, ""project__planned_duration_days"": 0.0553, ""geospatial_anomaly_score"": 0.0172}",2026-09-06T09:45:06.494738+00:00
MPLADS-003148,0.0182,NORMAL,"{""geospatial_anomaly_score"": 0.1887, ""financial__sanctioned_amount"": 0.0597, ""project__planned_duration_days"": 0.0549}",2026-09-06T09:45:06.494738+00:00
MPLADS-003149,0.0182,NORMAL,"{""procurement_anomaly_percentile"": 0.1384, ""max_anomaly_score"": 0.0867, ""financial_anomaly_percentile"": 0.0746}",2026-09-06T09:45:06.494738+00:00
MPLADS-003150,0.0182,NORMAL,"{""mean_anomaly_score"": 0.0536, ""project__planned_duration_days"": 0.0397, ""graph_anomaly_percentile"": 0.035}",2026-09-06T09:45:06.494738+00:00
MPLADS-003151,0.0308,NORMAL,"{""geo__infrastructure_gap_index"": 0.0816, ""procurement_anomaly_percentile"": 0.079, ""geospatial_anomaly_score"": 0.0739}",2026-09-06T09:45:06.494738+00:00
MPLADS-003152,0.0231,NORMAL,"{""geospatial_anomaly_score"": 0.1408, ""financial__sanctioned_amount"": 0.1254, ""geo__infrastructure_gap_index"": 0.112}",2026-09-06T09:45:06.494738+00:00
MPLADS-003153,0.0231,NORMAL,"{""mean_anomaly_score"": 0.1201, ""geo__population_density"": 0.0948, ""payment_anomaly_score"": 0.0849}",2026-09-06T09:45:06.494738+00:00
MPLADS-003154,0.0159,NORMAL,"{""payment_anomaly_score"": 0.2526, ""mean_anomaly_score"": 0.0756, ""project__planned_duration_days"": 0.0433}",2026-09-06T09:45:06.494738+00:00
MPLADS-003155,0.0225,NORMAL,"{""geo__infrastructure_gap_index"": 0.1558, ""payment_anomaly_score"": 0.1144, ""geospatial_anomaly_score"": 0.0867}",2026-09-06T09:45:06.494738+00:00
MPLADS-003156,0.0231,NORMAL,"{""financial__sanctioned_amount"": 0.0669, ""geospatial_anomaly_score"": 0.0657, ""geo__population_density"": 0.0578}",2026-09-06T09:45:06.494738+00:00
MPLADS-003157,1.0,COST_OVERRUN,"{""progress_anomaly_score"": 5.0503, ""progress_anomaly_percentile"": 0.8996, ""procurement_anomaly_score"": 0.2439}",2026-09-06T09:45:06.494738+00:00
MPLADS-003158,0.0225,NORMAL,"{""geospatial_anomaly_score"": 0.0809, ""project__planned_duration_days"": 0.0647, ""mean_anomaly_score"": 0.0604}",2026-09-06T09:45:06.494738+00:00
MPLADS-003159,0.0225,NORMAL,"{""financial__sanctioned_amount"": 0.1548, ""geo__infrastructure_gap_index"": 0.0511, ""contractor_anomaly_percentile"": 0.0246}",2026-09-06T09:45:06.494738+00:00
MPLADS-003160,0.0182,NORMAL,"{""financial__sanctioned_amount"": 0.064, ""project__planned_duration_days"": 0.063, ""contractor_anomaly_percentile"": 0.0265}",2026-09-06T09:45:06.494738+00:00
MPLADS-003161,0.0182,NORMAL,"{""geo__population_density"": 0.2273, ""financial__sanctioned_amount"": 0.1856, ""financial_anomaly_score"": 0.1028}",2026-09-06T09:45:06.494738+00:00
MPLADS-003162,1.0,GHOST_WORK,"{""progress_anomaly_score"": 5.3387, ""progress_anomaly_percentile"": 0.9474, ""payment_anomaly_score"": 0.0881}",2026-09-06T09:45:06.494738+00:00
MPLADS-003163,0.0182,NORMAL,"{""financial__sanctioned_amount"": 0.3032, ""payment_anomaly_percentile"": 0.0347, ""geospatial_anomaly_percentile"": 0.0243}",2026-09-06T09:45:06.494738+00:00
MPLADS-003164,0.0225,NORMAL,"{""financial__sanctioned_amount"": 0.2147, ""geospatial_anomaly_score"": 0.0974, ""geospatial_anomaly_percentile"": 0.0624}",2026-09-06T09:45:06.494738+00:00
MPLADS-003165,0.0204,NORMAL,"{""geospatial_anomaly_score"": 0.0564, ""project__planned_duration_days"": 0.0327, ""geospatial_anomaly_percentile"": 0.0121}",2026-09-06T09:45:06.494738+00:00
MPLADS-003166,0.0262,NORMAL,"{""payment_anomaly_score"": 0.2207, ""project__planned_duration_days"": 0.0694, ""geospatial_anomaly_score"": 0.0628}",2026-09-06T09:45:06.494738+00:00
MPLADS-003167,0.0231,NORMAL,"{""geo__population_density"": 0.212, ""financial__sanctioned_amount"": 0.2096, ""financial_anomaly_score"": 0.1219}",2026-09-06T09:45:06.494738+00:00
MPLADS-003168,0.0668,NORMAL,"{""procurement_anomaly_score"": 0.6442, ""procurement_anomaly_percentile"": 0.3785, ""geospatial_anomaly_score"": 0.11}",2026-09-06T09:45:06.494738+00:00
MPLADS-003169,0.0231,NORMAL,"{""financial__sanctioned_amount"": 0.3051, ""geo__infrastructure_gap_index"": 0.0976, ""financial_anomaly_percentile"": 0.0551}",2026-09-06T09:45:06.494738+00:00
MPLADS-003170,0.0231,NORMAL,"{""financial__sanctioned_amount"": 0.0455, ""geospatial_anomaly_percentile"": 0.0138, ""graph_anomaly_score"": 0.0092}",2026-09-06T09:45:06.494738+00:00
MPLADS-003171,0.0308,NORMAL,"{""financial__sanctioned_amount"": 0.1977, ""geo__population_density"": 0.1382, ""geospatial_anomaly_score"": 0.1123}",2026-09-06T09:45:06.494738+00:00
MPLADS-003172,0.0262,NORMAL,"{""geospatial_anomaly_score"": 0.0883, ""mean_anomaly_score"": 0.0468, ""geo__infrastructure_gap_index"": 0.0365}",2026-09-06T09:45:06.494738+00:00
MPLADS-003173,0.0231,NORMAL,"{""financial__sanctioned_amount"": 0.3361, ""geo__infrastructure_gap_index"": 0.1633, ""geospatial_anomaly_score"": 0.1302}",2026-09-06T09:45:06.494738+00:00
MPLADS-003174,0.0182,NORMAL,"{""financial__sanctioned_amount"": 0.1846, ""geospatial_anomaly_score"": 0.0891, ""payment_anomaly_score"": 0.0759}",2026-09-06T09:45:06.494738+00:00
MPLADS-003175,0.0182,NORMAL,"{""project__planned_duration_days"": 0.0496, ""geo__infrastructure_gap_index"": 0.0267, ""mean_anomaly_score"": 0.0214}",2026-09-06T09:45:06.494738+00:00
MPLADS-003176,0.0345,NORMAL,"{""geo__population_density"": 0.238, ""geospatial_anomaly_score"": 0.0784, ""project__planned_duration_days"": 0.0549}",2026-09-06T09:45:06.494738+00:00
MPLADS-003177,0.0225,NORMAL,"{""project__planned_duration_days"": 0.0668, ""geospatial_anomaly_score"": 0.0529, ""payment_anomaly_percentile"": 0.0373}",2026-09-06T09:45:06.494738+00:00
MPLADS-003178,0.0182,NORMAL,"{""geo__infrastructure_gap_index"": 0.2157, ""financial__sanctioned_amount"": 0.1027, ""std_anomaly_score"": 0.078}",2026-09-06T09:45:06.494738+00:00
MPLADS-003179,0.0182,NORMAL,"{""graph_anomaly_percentile"": 0.0483, ""project__planned_duration_days"": 0.0403, ""financial__sanctioned_amount"": 0.0384}",2026-09-06T09:45:06.494738+00:00
MPLADS-003180,0.0262,NORMAL,"{""geospatial_anomaly_score"": 0.1609, ""financial_anomaly_percentile"": 0.0679, ""project__planned_duration_days"": 0.0565}",2026-09-06T09:45:06.494738+00:00
MPLADS-003181,0.0231,NORMAL,"{""financial__sanctioned_amount"": 0.3667, ""graph_anomaly_score"": 0.0657, ""std_anomaly_score"": 0.0285}",2026-09-06T09:45:06.494738+00:00
MPLADS-003182,0.0231,NORMAL,"{""geospatial_anomaly_score"": 0.1767, ""mean_anomaly_score"": 0.0373, ""geospatial_anomaly_percentile"": 0.0286}",2026-09-06T09:45:06.494738+00:00
MPLADS-003183,0.0314,NORMAL,"{""procurement_anomaly_percentile"": 0.1122, ""geospatial_anomaly_score"": 0.0767, ""geo__infrastructure_gap_index"": 0.0681}",2026-09-06T09:45:06.494738+00:00
MPLADS-003184,0.0088,NORMAL,"{""project__planned_duration_days"": 0.0559, ""payment_anomaly_percentile"": 0.0018, ""num_flagged_models"": 0.0014}",2026-09-06T09:45:06.494738+00:00
MPLADS-003185,0.0225,NORMAL,"{""financial__sanctioned_amount"": 0.2334, ""geo__infrastructure_gap_index"": 0.1708, ""num_flagged_models"": 0.0014}",2026-09-06T09:45:06.494738+00:00
MPLADS-003186,0.0225,NORMAL,"{""payment_anomaly_score"": 0.073, ""graph_anomaly_score"": 0.061, ""payment_anomaly_percentile"": 0.0403}",2026-09-06T09:45:06.494738+00:00
MPLADS-003187,1.0,COST_OVERRUN,"{""progress_anomaly_score"": 0.8004, ""procurement_anomaly_score"": 0.5931, ""procurement_anomaly_percentile"": 0.4574}",2026-09-06T09:45:06.494738+00:00
MPLADS-003188,0.0231,NORMAL,"{""geo__infrastructure_gap_index"": 0.1574, ""geospatial_anomaly_score"": 0.1119, ""geo__population_density"": 0.0656}",2026-09-06T09:45:06.494738+00:00
MPLADS-003189,0.0182,NORMAL,"{""payment_anomaly_score"": 0.3227, ""project__planned_duration_days"": 0.046, ""graph_anomaly_percentile"": 0.0141}",2026-09-06T09:45:06.494738+00:00
MPLADS-003190,0.0182,NORMAL,"{""geospatial_anomaly_score"": 0.0821, ""project__planned_duration_days"": 0.0737, ""financial__sanctioned_amount"": 0.0385}",2026-09-06T09:45:06.494738+00:00
MPLADS-003191,0.0262,NORMAL,"{""procurement_anomaly_percentile"": 0.1209, ""financial_anomaly_percentile"": 0.0708, ""payment_anomaly_score"": 0.0684}",2026-09-06T09:45:06.494738+00:00
MPLADS-003192,1.0,COST_OVERRUN,"{""progress_anomaly_score"": 4.6595, ""progress_anomaly_percentile"": 0.8142, ""procurement_anomaly_score"": 0.2351}",2026-09-06T09:45:06.494738+00:00
MPLADS-003193,0.0314,NORMAL,"{""geospatial_anomaly_score"": 0.1236, ""payment_anomaly_score"": 0.0798, ""contractor_anomaly_percentile"": 0.0724}",2026-09-06T09:45:06.494738+00:00
MPLADS-003194,0.0262,NORMAL,"{""geo__population_density"": 0.2647, ""financial__sanctioned_amount"": 0.2521, ""geo__infrastructure_gap_index"": 0.1133}",2026-09-06T09:45:06.494738+00:00
MPLADS-003195,0.0231,NORMAL,"{""financial__sanctioned_amount"": 0.1494, ""graph_anomaly_score"": 0.093, ""project__planned_duration_days"": 0.0425}",2026-09-06T09:45:06.494738+00:00
MPLADS-003196,0.0225,NORMAL,"{""procurement_anomaly_score"": 0.3664, ""procurement_anomaly_percentile"": 0.2897, ""mean_anomaly_score"": 0.0544}",2026-09-06T09:45:06.494738+00:00
MPLADS-003197,1.0,GHOST_WORK,"{""progress_anomaly_score"": 5.2635, ""progress_anomaly_percentile"": 0.9235, ""payment_anomaly_score"": 0.1456}",2026-09-06T09:45:06.494738+00:00
MPLADS-003198,0.0225,NORMAL,"{""financial__sanctioned_amount"": 0.2791, ""geo__infrastructure_gap_index"": 0.1485, ""geospatial_anomaly_score"": 0.0847}",2026-09-06T09:45:06.494738+00:00
MPLADS-003199,0.0225,NORMAL,"{""project__planned_duration_days"": 0.0631, ""financial__sanctioned_amount"": 0.0483, ""geospatial_anomaly_score"": 0.0102}",2026-09-06T09:45:06.494738+00:00
MPLADS-003200,0.0345,NORMAL,"{""geo__population_density"": 0.2898, ""financial__sanctioned_amount"": 0.1319, ""procurement_anomaly_percentile"": 0.0884}",2026-09-06T09:45:06.494738+00:00
MPLADS-003201,1.0,DOCUMENTATION_DEFICIT,"{""progress_anomaly_score"": 5.5145, ""progress_anomaly_percentile"": 0.9913, ""payment_anomaly_score"": 0.1319}",2026-09-06T09:45:06.494738+00:00
MPLADS-003202,0.0182,NORMAL,"{""project__planned_duration_days"": 0.0548, ""geo__infrastructure_gap_index"": 0.0388, ""mean_anomaly_score"": 0.03}",2026-09-06T09:45:06.494738+00:00
MPLADS-003203,0.1083,NORMAL,"{""procurement_anomaly_percentile"": 0.3788, ""financial__sanctioned_amount"": 0.0973, ""geospatial_anomaly_score"": 0.0945}",2026-09-06T09:45:06.494738+00:00
MPLADS-003204,0.0182,NORMAL,"{""financial__sanctioned_amount"": 0.3242, ""financial_anomaly_score"": 0.0838, ""graph_anomaly_score"": 0.0251}",2026-09-06T09:45:06.494738+00:00
MPLADS-003205,0.0225,NORMAL,"{""financial__sanctioned_amount"": 0.2473, ""geo__infrastructure_gap_index"": 0.1091, ""payment_anomaly_score"": 0.0846}",2026-09-06T09:45:06.494738+00:00
MPLADS-003206,0.0182,NORMAL,"{""geospatial_anomaly_score"": 0.0752, ""std_anomaly_score"": 0.0597, ""payment_anomaly_percentile"": 0.0367}",2026-09-06T09:45:06.494738+00:00
MPLADS-003207,0.011,NORMAL,"{""financial_anomaly_score"": 0.1556, ""geo__population_density"": 0.0822, ""geo__infrastructure_gap_index"": 0.0545}",2026-09-06T09:45:06.494738+00:00
MPLADS-003208,0.0231,NORMAL,"{""geo__population_density"": 0.3199, ""financial__sanctioned_amount"": 0.2401, ""geo__infrastructure_gap_index"": 0.0862}",2026-09-06T09:45:06.494738+00:00
MPLADS-003209,0.0314,NORMAL,"{""financial_anomaly_score"": 0.1388, ""geo__infrastructure_gap_index"": 0.0577, ""geo__population_density"": 0.056}",2026-09-06T09:45:06.494738+00:00
MPLADS-003210,1.0,DOCUMENTATION_DEFICIT,"{""progress_anomaly_score"": 5.1403, ""progress_anomaly_percentile"": 0.8745, ""payment_anomaly_score"": 0.0783}",2026-09-06T09:45:06.494738+00:00
MPLADS-003211,0.2673,NORMAL,"{""financial__sanctioned_amount"": 0.2645, ""max_anomaly_score"": 0.1739, ""geospatial_anomaly_score"": 0.154}",2026-09-06T09:45:06.494738+00:00
MPLADS-003212,0.021,NORMAL,"{""financial__sanctioned_amount"": 0.1192, ""geospatial_anomaly_score"": 0.063, ""project__planned_duration_days"": 0.0431}",2026-09-06T09:45:06.494738+00:00
MPLADS-003213,0.0262,NORMAL,"{""geospatial_anomaly_score"": 0.2209, ""geo__infrastructure_gap_index"": 0.1354, ""project__planned_duration_days"": 0.0766}",2026-09-06T09:45:06.494738+00:00
MPLADS-003214,1.0,DELAYED_WORK,"{""progress_anomaly_score"": 5.4369, ""progress_anomaly_percentile"": 0.9461, ""financial_anomaly_score"": 0.094}",2026-09-06T09:45:06.494738+00:00
MPLADS-003215,0.011,NORMAL,"{""geospatial_anomaly_score"": 0.0542, ""project__planned_duration_days"": 0.051, ""geospatial_anomaly_percentile"": 0.013}",2026-09-06T09:45:06.494738+00:00
MPLADS-003216,0.2788,NORMAL,"{""procurement_anomaly_score"": 0.7908, ""procurement_anomaly_percentile"": 0.509, ""geo__population_density"": 0.1705}",2026-09-06T09:45:06.494738+00:00
MPLADS-003217,0.0225,NORMAL,"{""graph_anomaly_score"": 0.0855, ""geospatial_anomaly_score"": 0.0735, ""std_anomaly_score"": 0.0267}",2026-09-06T09:45:06.494738+00:00
MPLADS-003218,0.0592,NORMAL,"{""financial_anomaly_score"": 0.3636, ""financial_anomaly_percentile"": 0.1997, ""geo__population_density"": 0.1819}",2026-09-06T09:45:06.494738+00:00
MPLADS-003219,0.0182,NORMAL,"{""geo__population_density"": 0.0874, ""geospatial_anomaly_score"": 0.0806, ""project__planned_duration_days"": 0.0606}",2026-09-06T09:45:06.494738+00:00
MPLADS-003220,0.0231,NORMAL,"{""geo__population_density"": 0.104, ""geospatial_anomaly_score"": 0.095, ""project__planned_duration_days"": 0.0634}",2026-09-06T09:45:06.494738+00:00
MPLADS-003221,0.0088,NORMAL,"{""geo__infrastructure_gap_index"": 0.106, ""project__planned_duration_days"": 0.0437, ""mean_anomaly_score"": 0.0337}",2026-09-06T09:45:06.494738+00:00
MPLADS-003222,0.0182,NORMAL,"{""geospatial_anomaly_score"": 0.0897, ""financial__sanctioned_amount"": 0.0575, ""project__planned_duration_days"": 0.054}",2026-09-06T09:45:06.494738+00:00
MPLADS-003223,0.0262,NORMAL,"{""financial__sanctioned_amount"": 0.2189, ""mean_anomaly_score"": 0.0905, ""payment_anomaly_score"": 0.0754}",2026-09-06T09:45:06.494738+00:00
MPLADS-003224,0.0231,NORMAL,"{""geospatial_anomaly_score"": 0.1299, ""mean_anomaly_score"": 0.0761, ""project__planned_duration_days"": 0.055}",2026-09-06T09:45:06.494738+00:00
MPLADS-003225,0.011,NORMAL,"{""project__planned_duration_days"": 0.056, ""financial__sanctioned_amount"": 0.0342, ""num_flagged_models"": 0.0014}",2026-09-06T09:45:06.494738+00:00
MPLADS-003226,0.0182,NORMAL,"{""geospatial_anomaly_score"": 0.1693, ""financial__sanctioned_amount"": 0.1484, ""geo__infrastructure_gap_index"": 0.0922}",2026-09-06T09:45:06.494738+00:00
MPLADS-003227,0.0182,NORMAL,"{""geo__population_density"": 0.1915, ""std_anomaly_score"": 0.0692, ""payment_anomaly_percentile"": 0.0599}",2026-09-06T09:45:06.494738+00:00
MPLADS-003228,0.0231,NORMAL,"{""geospatial_anomaly_score"": 0.1205, ""max_anomaly_score"": 0.0775, ""geospatial_anomaly_percentile"": 0.0623}",2026-09-06T09:45:06.494738+00:00
MPLADS-003229,0.0182,NORMAL,"{""project__planned_duration_days"": 0.0576, ""mean_anomaly_score"": 0.0309, ""financial__sanctioned_amount"": 0.0264}",2026-09-06T09:45:06.494738+00:00
MPLADS-003230,0.0182,NORMAL,"{""payment_anomaly_score"": 0.127, ""std_anomaly_score"": 0.0812, ""project__planned_duration_days"": 0.0477}",2026-09-06T09:45:06.494738+00:00
MPLADS-003231,1.0,COST_OVERRUN,"{""progress_anomaly_score"": 4.3613, ""progress_anomaly_percentile"": 0.883, ""procurement_anomaly_score"": 0.4497}",2026-09-06T09:45:06.494738+00:00
MPLADS-003232,0.0225,NORMAL,"{""geospatial_anomaly_score"": 0.0819, ""financial__sanctioned_amount"": 0.0713, ""project__planned_duration_days"": 0.061}",2026-09-06T09:45:06.494738+00:00
MPLADS-003233,0.0225,NORMAL,"{""procurement_anomaly_percentile"": 0.3664, ""procurement_anomaly_score"": 0.3449, ""geo__population_density"": 0.1331}",2026-09-06T09:45:06.494738+00:00
MPLADS-003234,0.0314,NORMAL,"{""geo__population_density"": 0.5111, ""geospatial_anomaly_percentile"": 0.123, ""geo__infrastructure_gap_index"": 0.0706}",2026-09-06T09:45:06.494738+00:00
MPLADS-003235,0.0225,NORMAL,"{""project__planned_duration_days"": 0.0614, ""financial_anomaly_percentile"": 0.0557, ""graph_anomaly_score"": 0.0316}",2026-09-06T09:45:06.494738+00:00
MPLADS-003236,0.0088,NORMAL,"{""graph_anomaly_score"": 0.129, ""project__planned_duration_days"": 0.0726, ""payment_anomaly_score"": 0.0481}",2026-09-06T09:45:06.494738+00:00
MPLADS-003237,0.0314,NORMAL,"{""financial__sanctioned_amount"": 0.2383, ""geo__population_density"": 0.1613, ""geo__infrastructure_gap_index"": 0.1133}",2026-09-06T09:45:06.494738+00:00
MPLADS-003238,0.0182,NORMAL,"{""project__planned_duration_days"": 0.0577, ""payment_anomaly_percentile"": 0.0288, ""financial_anomaly_percentile"": 0.0275}",2026-09-06T09:45:06.494738+00:00
MPLADS-003239,0.0182,NORMAL,"{""geo__population_density"": 0.1978, ""financial_anomaly_percentile"": 0.098, ""financial_anomaly_score"": 0.0926}",2026-09-06T09:45:06.494738+00:00
MPLADS-003240,0.0231,NORMAL,"{""geospatial_anomaly_score"": 0.2211, ""geo__population_density"": 0.1999, ""geo__infrastructure_gap_index"": 0.1042}",2026-09-06T09:45:06.494738+00:00
MPLADS-003241,0.0225,NORMAL,"{""geospatial_anomaly_score"": 0.183, ""graph_anomaly_score"": 0.0887, ""project__planned_duration_days"": 0.0628}",2026-09-06T09:45:06.494738+00:00
MPLADS-003242,1.0,COST_OVERRUN,"{""progress_anomaly_score"": 2.6166, ""financial_anomaly_score"": 0.4303, ""progress_anomaly_percentile"": 0.2299}",2026-09-06T09:45:06.494738+00:00
MPLADS-003243,0.0182,NORMAL,"{""geospatial_anomaly_score"": 0.0718, ""financial__sanctioned_amount"": 0.0716, ""project__planned_duration_days"": 0.0424}",2026-09-06T09:45:06.494738+00:00
MPLADS-003244,0.0231,NORMAL,"{""geo__population_density"": 0.2063, ""geospatial_anomaly_score"": 0.1142, ""graph_anomaly_score"": 0.106}",2026-09-06T09:45:06.494738+00:00
MPLADS-003245,0.0231,NORMAL,"{""financial__sanctioned_amount"": 0.3728, ""geo__infrastructure_gap_index"": 0.0734, ""payment_anomaly_score"": 0.0646}",2026-09-06T09:45:06.494738+00:00
MPLADS-003246,0.0308,NORMAL,"{""financial__sanctioned_amount"": 0.2376, ""geo__infrastructure_gap_index"": 0.1985, ""financial_anomaly_percentile"": 0.1113}",2026-09-06T09:45:06.494738+00:00
MPLADS-003247,0.0314,NORMAL,"{""geo__population_density"": 0.2831, ""geo__infrastructure_gap_index"": 0.1312, ""financial__sanctioned_amount"": 0.0327}",2026-09-06T09:45:06.494738+00:00
MPLADS-003248,0.0161,NORMAL,"{""financial__sanctioned_amount"": 0.0998, ""graph_anomaly_score"": 0.043, ""graph_anomaly_percentile"": 0.0075}",2026-09-06T09:45:06.494738+00:00
MPLADS-003249,0.1555,NORMAL,"{""progress_anomaly_score"": 0.2738, ""financial__sanctioned_amount"": 0.1642, ""geospatial_anomaly_score"": 0.0795}",2026-09-06T09:45:06.494738+00:00
MPLADS-003250,1.0,DOCUMENTATION_DEFICIT,"{""progress_anomaly_score"": 4.9896, ""progress_anomaly_percentile"": 0.8626, ""payment_anomaly_score"": 0.1024}",2026-09-06T09:45:06.494738+00:00
MPLADS-003251,0.0231,NORMAL,"{""geo__population_density"": 0.1045, ""geospatial_anomaly_score"": 0.0818, ""project__planned_duration_days"": 0.0538}",2026-09-06T09:45:06.494738+00:00
MPLADS-003252,0.216,NORMAL,"{""procurement_anomaly_score"": 0.6978, ""financial__sanctioned_amount"": 0.2402, ""procurement_anomaly_percentile"": 0.2117}",2026-09-06T09:45:06.494738+00:00
MPLADS-003253,0.0182,NORMAL,"{""contractor_anomaly_percentile"": 0.1068, ""contractor_anomaly_score"": 0.0487, ""financial__sanctioned_amount"": 0.0178}",2026-09-06T09:45:06.494738+00:00
MPLADS-003254,0.0314,NORMAL,"{""geo__population_density"": 0.2087, ""geospatial_anomaly_percentile"": 0.1507, ""geospatial_anomaly_score"": 0.1147}",2026-09-06T09:45:06.494738+00:00
MPLADS-003255,0.0182,NORMAL,"{""mean_anomaly_score"": 0.0437, ""project__planned_duration_days"": 0.0387, ""geo__infrastructure_gap_index"": 0.0282}",2026-09-06T09:45:06.494738+00:00
MPLADS-003256,1.0,DOCUMENTATION_DEFICIT,"{""progress_anomaly_score"": 5.3729, ""progress_anomaly_percentile"": 0.9431, ""payment_anomaly_score"": 0.1399}",2026-09-06T09:45:06.494738+00:00
MPLADS-003257,0.0225,NORMAL,"{""geospatial_anomaly_percentile"": 0.1859, ""geospatial_anomaly_score"": 0.0759, ""geo__infrastructure_gap_index"": 0.074}",2026-09-06T09:45:06.494738+00:00
MPLADS-003258,0.0231,NORMAL,"{""geo__population_density"": 0.0833, ""geospatial_anomaly_score"": 0.0789, ""std_anomaly_score"": 0.0732}",2026-09-06T09:45:06.494738+00:00
MPLADS-003259,0.0231,NORMAL,"{""geospatial_anomaly_score"": 0.1871, ""financial_anomaly_score"": 0.1289, ""payment_anomaly_percentile"": 0.0937}",2026-09-06T09:45:06.494738+00:00
MPLADS-003260,1.0,PAYMENT_PROGRESS_MISMATCH,"{""progress_anomaly_score"": 5.2066, ""progress_anomaly_percentile"": 0.9172, ""geo__population_density"": 0.1648}",2026-09-06T09:45:06.494738+00:00
MPLADS-003261,1.0,COST_OVERRUN,"{""progress_anomaly_score"": 4.5169, ""progress_anomaly_percentile"": 0.7738, ""procurement_anomaly_score"": 0.2074}",2026-09-06T09:45:06.494738+00:00
MPLADS-003262,0.0265,NORMAL,"{""financial__sanctioned_amount"": 0.2154, ""geo__population_density"": 0.1438, ""payment_anomaly_percentile"": 0.0569}",2026-09-06T09:45:06.494738+00:00
MPLADS-003263,0.0231,NORMAL,"{""geo__population_density"": 0.1093, ""geospatial_anomaly_score"": 0.107, ""geospatial_anomaly_percentile"": 0.0267}",2026-09-06T09:45:06.494738+00:00
MPLADS-003264,0.0231,NORMAL,"{""geospatial_anomaly_score"": 0.0971, ""financial_anomaly_percentile"": 0.0718, ""payment_anomaly_percentile"": 0.0472}",2026-09-06T09:45:06.494738+00:00
MPLADS-003265,0.4131,NORMAL,"{""procurement_anomaly_score"": 1.7455, ""procurement_anomaly_percentile"": 0.7669, ""max_anomaly_score"": 0.2057}",2026-09-06T09:45:06.494738+00:00
MPLADS-003266,0.0265,NORMAL,"{""geo__population_density"": 0.0998, ""project__planned_duration_days"": 0.0361, ""payment_anomaly_percentile"": 0.0323}",2026-09-06T09:45:06.494738+00:00
MPLADS-003267,0.0345,NORMAL,"{""procurement_anomaly_percentile"": 0.178, ""geospatial_anomaly_score"": 0.1088, ""project__planned_duration_days"": 0.0419}",2026-09-06T09:45:06.494738+00:00
MPLADS-003268,1.0,PAYMENT_PROGRESS_MISMATCH,"{""progress_anomaly_score"": 5.1407, ""progress_anomaly_percentile"": 0.9242, ""payment_anomaly_score"": 0.0677}",2026-09-06T09:45:06.494738+00:00
MPLADS-003269,0.0182,NORMAL,"{""geospatial_anomaly_score"": 0.0393, ""project__planned_duration_days"": 0.0376, ""mean_anomaly_score"": 0.0257}",2026-09-06T09:45:06.494738+00:00
MPLADS-003270,0.0231,NORMAL,"{""financial__sanctioned_amount"": 0.1581, ""geospatial_anomaly_score"": 0.1162, ""procurement_anomaly_percentile"": 0.0995}",2026-09-06T09:45:06.494738+00:00
MPLADS-003271,0.0231,NORMAL,"{""geospatial_anomaly_score"": 0.2083, ""geo__population_density"": 0.145, ""geospatial_anomaly_percentile"": 0.1001}",2026-09-06T09:45:06.494738+00:00
MPLADS-003272,0.0314,NORMAL,"{""geospatial_anomaly_score"": 0.1738, ""geo__infrastructure_gap_index"": 0.1504, ""geospatial_anomaly_percentile"": 0.1492}",2026-09-06T09:45:06.494738+00:00
MPLADS-003273,0.011,NORMAL,"{""project__planned_duration_days"": 0.0569, ""graph_anomaly_score"": 0.0313, ""payment_anomaly_percentile"": 0.0274}",2026-09-06T09:45:06.494738+00:00
MPLADS-003274,0.0231,NORMAL,"{""geo__infrastructure_gap_index"": 0.0553, ""project__planned_duration_days"": 0.0549, ""graph_anomaly_score"": 0.0446}",2026-09-06T09:45:06.494738+00:00
MPLADS-003275,1.0,PAYMENT_PROGRESS_MISMATCH,"{""progress_anomaly_score"": 5.1992, ""progress_anomaly_percentile"": 0.9239, ""geo__population_density"": 0.2047}",2026-09-06T09:45:06.494738+00:00
MPLADS-003276,0.0231,NORMAL,"{""financial_anomaly_percentile"": 0.0901, ""geospatial_anomaly_score"": 0.0501, ""financial_anomaly_score"": 0.0484}",2026-09-06T09:45:06.494738+00:00
MPLADS-003277,1.0,COST_OVERRUN,"{""progress_anomaly_score"": 2.5546, ""procurement_anomaly_score"": 0.4633, ""financial_anomaly_score"": 0.3887}",2026-09-06T09:45:06.494738+00:00
MPLADS-003278,0.0231,NORMAL,"{""financial__sanctioned_amount"": 0.1134, ""procurement_anomaly_percentile"": 0.0471, ""geo__infrastructure_gap_index"": 0.0429}",2026-09-06T09:45:06.494738+00:00
MPLADS-003279,1.0,GHOST_WORK,"{""progress_anomaly_score"": 5.4522, ""progress_anomaly_percentile"": 0.9657, ""payment_anomaly_score"": 0.0775}",2026-09-06T09:45:06.494738+00:00
MPLADS-003280,0.011,NORMAL,"{""project__planned_duration_days"": 0.0453, ""financial_anomaly_score"": 0.041, ""financial_anomaly_percentile"": 0.0347}",2026-09-06T09:45:06.494738+00:00
MPLADS-003281,0.0231,NORMAL,"{""financial__sanctioned_amount"": 0.0983, ""financial_anomaly_percentile"": 0.0755, ""payment_anomaly_percentile"": 0.0575}",2026-09-06T09:45:06.494738+00:00
MPLADS-003282,0.5278,PROCUREMENT_SINGLE_BID,"{""procurement_anomaly_score"": 1.8117, ""procurement_anomaly_percentile"": 0.7626, ""max_anomaly_score"": 0.1193}",2026-09-06T09:45:06.494738+00:00
MPLADS-003283,0.0314,NORMAL,"{""geo__infrastructure_gap_index"": 0.0959, ""geo__population_density"": 0.0877, ""graph_anomaly_score"": 0.0861}",2026-09-06T09:45:06.494738+00:00
MPLADS-003284,1.0,ABANDONED_WORK,"{""progress_anomaly_score"": 5.1719, ""progress_anomaly_percentile"": 0.9374, ""financial_anomaly_score"": 0.1245}",2026-09-06T09:45:06.494738+00:00
MPLADS-003285,0.0442,NORMAL,"{""mean_anomaly_score"": 0.2111, ""payment_anomaly_score"": 0.1794, ""payment_anomaly_percentile"": 0.1183}",2026-09-06T09:45:06.494738+00:00
MPLADS-003286,0.0182,NORMAL,"{""geo__population_density"": 0.2307, ""payment_anomaly_score"": 0.0582, ""financial_anomaly_percentile"": 0.0471}",2026-09-06T09:45:06.494738+00:00
MPLADS-003287,0.011,NORMAL,"{""financial__sanctioned_amount"": 0.1206, ""std_anomaly_score"": 0.0149, ""payment_anomaly_percentile"": 0.0114}",2026-09-06T09:45:06.494738+00:00
MPLADS-003288,1.0,PAYMENT_PROGRESS_MISMATCH,"{""progress_anomaly_score"": 5.3442, ""progress_anomaly_percentile"": 0.937, ""payment_anomaly_score"": 0.1301}",2026-09-06T09:45:06.494738+00:00
MPLADS-003289,0.0182,NORMAL,"{""payment_anomaly_percentile"": 0.0943, ""project__planned_duration_days"": 0.0481, ""financial_anomaly_percentile"": 0.0345}",2026-09-06T09:45:06.494738+00:00
MPLADS-003290,0.0088,NORMAL,"{""financial_anomaly_percentile"": 0.0653, ""payment_anomaly_score"": 0.0493, ""project__planned_duration_days"": 0.0316}",2026-09-06T09:45:06.494738+00:00
MPLADS-003291,0.0231,NORMAL,"{""financial__sanctioned_amount"": 0.212, ""payment_anomaly_score"": 0.1424, ""financial_anomaly_percentile"": 0.0877}",2026-09-06T09:45:06.494738+00:00
MPLADS-003292,0.0182,NORMAL,"{""geospatial_anomaly_score"": 0.0473, ""financial__sanctioned_amount"": 0.0302, ""mean_anomaly_score"": 0.0052}",2026-09-06T09:45:06.494738+00:00
MPLADS-003293,1.0,COST_OVERRUN,"{""progress_anomaly_score"": 4.5411, ""progress_anomaly_percentile"": 0.7854, ""procurement_anomaly_score"": 0.2112}",2026-09-06T09:45:06.494738+00:00
MPLADS-003294,0.2673,NORMAL,"{""procurement_anomaly_score"": 0.7392, ""procurement_anomaly_percentile"": 0.2703, ""geospatial_anomaly_score"": 0.1423}",2026-09-06T09:45:06.494738+00:00
MPLADS-003295,0.0182,NORMAL,"{""financial_anomaly_score"": 0.1156, ""financial__sanctioned_amount"": 0.0851, ""financial_anomaly_percentile"": 0.0441}",2026-09-06T09:45:06.494738+00:00
MPLADS-003296,0.0345,NORMAL,"{""financial__sanctioned_amount"": 0.1469, ""geo__population_density"": 0.1147, ""geo__infrastructure_gap_index"": 0.1102}",2026-09-06T09:45:06.494738+00:00
MPLADS-003297,0.0182,NORMAL,"{""geo__population_density"": 0.0747, ""project__planned_duration_days"": 0.0486, ""financial_anomaly_percentile"": 0.0442}",2026-09-06T09:45:06.494738+00:00
MPLADS-003298,0.0182,NORMAL,"{""financial__sanctioned_amount"": 0.1677, ""std_anomaly_score"": 0.0693, ""payment_anomaly_percentile"": 0.0593}",2026-09-06T09:45:06.494738+00:00
MPLADS-003299,1.0,COST_OVERRUN,"{""progress_anomaly_score"": 4.4288, ""progress_anomaly_percentile"": 0.792, ""procurement_anomaly_score"": 0.3114}",2026-09-06T09:45:06.494738+00:00
MPLADS-003300,0.0225,NORMAL,"{""std_anomaly_score"": 0.1795, ""project__planned_duration_days"": 0.0599, ""geospatial_anomaly_score"": 0.0573}",2026-09-06T09:45:06.494738+00:00
MPLADS-003301,0.0314,NORMAL,"{""geo__population_density"": 0.2145, ""graph_anomaly_percentile"": 0.0532, ""geospatial_anomaly_score"": 0.039}",2026-09-06T09:45:06.494738+00:00
MPLADS-003302,0.3691,NORMAL,"{""procurement_anomaly_score"": 1.3794, ""procurement_anomaly_percentile"": 0.4824, ""geo__population_density"": 0.3673}",2026-09-06T09:45:06.494738+00:00
MPLADS-003303,0.0225,NORMAL,"{""financial_anomaly_score"": 0.0825, ""payment_anomaly_score"": 0.0528, ""financial_anomaly_percentile"": 0.0358}",2026-09-06T09:45:06.494738+00:00
MPLADS-003304,0.0225,NORMAL,"{""payment_anomaly_score"": 0.122, ""project__planned_duration_days"": 0.0546, ""payment_anomaly_percentile"": 0.0267}",2026-09-06T09:45:06.494738+00:00
MPLADS-003305,1.0,DELAYED_WORK,"{""progress_anomaly_score"": 4.9839, ""progress_anomaly_percentile"": 0.9358, ""payment_anomaly_score"": 0.3404}",2026-09-06T09:45:06.494738+00:00
MPLADS-003306,0.0225,NORMAL,"{""geo__infrastructure_gap_index"": 0.0507, ""project__planned_duration_days"": 0.0444, ""graph_anomaly_score"": 0.0225}",2026-09-06T09:45:06.494738+00:00
MPLADS-003307,0.0182,NORMAL,"{""geo__population_density"": 0.184, ""financial__sanctioned_amount"": 0.1505, ""payment_anomaly_score"": 0.09}",2026-09-06T09:45:06.494738+00:00
MPLADS-003308,1.0,DELAYED_WORK,"{""progress_anomaly_score"": 4.573, ""progress_anomaly_percentile"": 0.9123, ""procurement_anomaly_percentile"": 0.223}",2026-09-06T09:45:06.494738+00:00
MPLADS-003309,0.0182,NORMAL,"{""financial_anomaly_percentile"": 0.0772, ""geospatial_anomaly_score"": 0.0709, ""geospatial_anomaly_percentile"": 0.0272}",2026-09-06T09:45:06.494738+00:00
MPLADS-003310,1.0,GHOST_WORK,"{""progress_anomaly_score"": 5.285, ""progress_anomaly_percentile"": 0.9385, ""payment_anomaly_score"": 0.0935}",2026-09-06T09:45:06.494738+00:00
MPLADS-003311,0.0231,NORMAL,"{""geospatial_anomaly_score"": 0.1926, ""project__planned_duration_days"": 0.0648, ""geospatial_anomaly_percentile"": 0.0546}",2026-09-06T09:45:06.494738+00:00
MPLADS-003312,1.0,DELAYED_WORK,"{""progress_anomaly_score"": 4.7319, ""progress_anomaly_percentile"": 0.9418, ""procurement_anomaly_score"": 0.1931}",2026-09-06T09:45:06.494738+00:00
MPLADS-003313,0.0314,NORMAL,"{""contractor_anomaly_percentile"": 0.1953, ""contractor_anomaly_score"": 0.1873, ""geospatial_anomaly_score"": 0.0831}",2026-09-06T09:45:06.494738+00:00
MPLADS-003314,0.0231,NORMAL,"{""project__planned_duration_days"": 0.0607, ""procurement_anomaly_percentile"": 0.0554, ""geo__infrastructure_gap_index"": 0.0486}",2026-09-06T09:45:06.494738+00:00
MPLADS-003315,1.0,PAYMENT_PROGRESS_MISMATCH,"{""progress_anomaly_score"": 5.4101, ""progress_anomaly_percentile"": 0.9328, ""payment_anomaly_score"": 0.1083}",2026-09-06T09:45:06.494738+00:00
MPLADS-003316,1.0,COST_OVERRUN,"{""progress_anomaly_score"": 4.5896, ""progress_anomaly_percentile"": 0.8482, ""payment_anomaly_score"": 0.2603}",2026-09-06T09:45:06.494738+00:00
MPLADS-003317,1.0,PAYMENT_PROGRESS_MISMATCH,"{""progress_anomaly_score"": 4.9459, ""progress_anomaly_percentile"": 0.9015, ""payment_anomaly_score"": 0.2651}",2026-09-06T09:45:06.494738+00:00
MPLADS-003318,0.0182,NORMAL,"{""financial_anomaly_score"": 0.053, ""financial_anomaly_percentile"": 0.0381, ""geo__infrastructure_gap_index"": 0.0296}",2026-09-06T09:45:06.494738+00:00
MPLADS-003319,0.0314,NORMAL,"{""contractor_anomaly_percentile"": 0.1007, ""geo__population_density"": 0.074, ""project__planned_duration_days"": 0.0706}",2026-09-06T09:45:06.494738+00:00
MPLADS-003320,0.0231,NORMAL,"{""financial_anomaly_score"": 0.223, ""geo__infrastructure_gap_index"": 0.104, ""geospatial_anomaly_score"": 0.0962}",2026-09-06T09:45:06.494738+00:00
MPLADS-003321,0.0225,NORMAL,"{""project__planned_duration_days"": 0.0565, ""geospatial_anomaly_score"": 0.031, ""mean_anomaly_score"": 0.0279}",2026-09-06T09:45:06.494738+00:00
MPLADS-003322,0.0225,NORMAL,"{""geo__infrastructure_gap_index"": 0.0958, ""std_anomaly_score"": 0.0694, ""geospatial_anomaly_score"": 0.0675}",2026-09-06T09:45:06.494738+00:00
MPLADS-003323,0.0182,NORMAL,"{""geo__infrastructure_gap_index"": 0.2231, ""geo__population_density"": 0.1479, ""graph_anomaly_score"": 0.1171}",2026-09-06T09:45:06.494738+00:00
MPLADS-003324,0.0231,NORMAL,"{""contractor_anomaly_score"": 0.0836, ""contractor_anomaly_percentile"": 0.0787, ""mean_anomaly_score"": 0.0351}",2026-09-06T09:45:06.494738+00:00
MPLADS-003325,0.0225,NORMAL,"{""geospatial_anomaly_score"": 0.0731, ""geo__population_density"": 0.0318, ""financial__sanctioned_amount"": 0.0304}",2026-09-06T09:45:06.494738+00:00
MPLADS-003326,0.9524,COST_OVERRUN,"{""progress_anomaly_score"": 2.6328, ""procurement_anomaly_score"": 0.4288, ""procurement_anomaly_percentile"": 0.288}",2026-09-06T09:45:06.494738+00:00
MPLADS-003327,1.0,DOCUMENTATION_DEFICIT,"{""progress_anomaly_score"": 5.2524, ""progress_anomaly_percentile"": 0.964, ""payment_anomaly_score"": 0.1018}",2026-09-06T09:45:06.494738+00:00
MPLADS-003328,0.0231,NORMAL,"{""financial_anomaly_percentile"": 0.0905, ""geo__infrastructure_gap_index"": 0.0626, ""project__planned_duration_days"": 0.0506}",2026-09-06T09:45:06.494738+00:00
MPLADS-003329,1.0,PAYMENT_PROGRESS_MISMATCH,"{""progress_anomaly_score"": 5.1509, ""progress_anomaly_percentile"": 0.9475, ""financial_anomaly_score"": 0.1339}",2026-09-06T09:45:06.494738+00:00
MPLADS-003330,1.0,PAYMENT_PROGRESS_MISMATCH,"{""progress_anomaly_score"": 5.1561, ""progress_anomaly_percentile"": 0.873, ""payment_anomaly_score"": 0.1332}",2026-09-06T09:45:06.494738+00:00
MPLADS-003331,0.0262,NORMAL,"{""financial__sanctioned_amount"": 0.2819, ""financial_anomaly_percentile"": 0.0966, ""procurement_anomaly_percentile"": 0.0859}",2026-09-06T09:45:06.494738+00:00
MPLADS-003332,0.0182,NORMAL,"{""procurement_anomaly_percentile"": 0.0892, ""max_anomaly_score"": 0.0824, ""financial_anomaly_percentile"": 0.051}",2026-09-06T09:45:06.494738+00:00
MPLADS-003333,0.1203,NORMAL,"{""contractor_anomaly_percentile"": 0.2249, ""geo__infrastructure_gap_index"": 0.206, ""contractor_anomaly_score"": 0.1643}",2026-09-06T09:45:06.494738+00:00
MPLADS-003334,0.0182,NORMAL,"{""financial_anomaly_percentile"": 0.0587, ""financial_anomaly_score"": 0.0412, ""mean_anomaly_score"": 0.0255}",2026-09-06T09:45:06.494738+00:00
MPLADS-003335,0.021,NORMAL,"{""financial_anomaly_score"": 0.1709, ""contractor_anomaly_percentile"": 0.1025, ""contractor_anomaly_score"": 0.0686}",2026-09-06T09:45:06.494738+00:00
MPLADS-003336,0.0225,NORMAL,"{""geospatial_anomaly_score"": 0.0896, ""geo__infrastructure_gap_index"": 0.0877, ""financial__sanctioned_amount"": 0.0497}",2026-09-06T09:45:06.494738+00:00
MPLADS-003337,0.2256,NORMAL,"{""procurement_anomaly_score"": 1.5531, ""procurement_anomaly_percentile"": 0.5612, ""std_anomaly_score"": 0.0573}",2026-09-06T09:45:06.494738+00:00
MPLADS-003338,0.0182,NORMAL,"{""geospatial_anomaly_score"": 0.1078, ""financial__sanctioned_amount"": 0.0103, ""geospatial_anomaly_percentile"": 0.0084}",2026-09-06T09:45:06.494738+00:00
MPLADS-003339,0.0225,NORMAL,"{""geo__infrastructure_gap_index"": 0.1889, ""std_anomaly_score"": 0.0713, ""payment_anomaly_percentile"": 0.0615}",2026-09-06T09:45:06.494738+00:00
MPLADS-003340,0.0182,NORMAL,"{""geospatial_anomaly_score"": 0.2142, ""project__planned_duration_days"": 0.0654, ""geospatial_anomaly_percentile"": 0.045}",2026-09-06T09:45:06.494738+00:00
MPLADS-003341,1.0,COST_OVERRUN,"{""progress_anomaly_score"": 4.351, ""progress_anomaly_percentile"": 0.8093, ""procurement_anomaly_score"": 0.2874}",2026-09-06T09:45:06.494738+00:00
MPLADS-003342,0.0182,NORMAL,"{""geo__infrastructure_gap_index"": 0.0442, ""project__planned_duration_days"": 0.0328, ""payment_anomaly_percentile"": 0.0295}",2026-09-06T09:45:06.494738+00:00
MPLADS-003343,0.3324,NORMAL,"{""procurement_anomaly_score"": 1.6027, ""procurement_anomaly_percentile"": 0.5953, ""graph_anomaly_score"": 0.1124}",2026-09-06T09:45:06.494738+00:00
MPLADS-003344,0.0182,NORMAL,"{""financial__sanctioned_amount"": 0.1558, ""payment_anomaly_score"": 0.0996, ""geospatial_anomaly_score"": 0.0902}",2026-09-06T09:45:06.494738+00:00
MPLADS-003345,1.0,COST_OVERRUN,"{""progress_anomaly_score"": 4.7471, ""progress_anomaly_percentile"": 0.8157, ""procurement_anomaly_score"": 0.237}",2026-09-06T09:45:06.494738+00:00
MPLADS-003346,0.011,NORMAL,"{""financial__sanctioned_amount"": 0.3178, ""financial_anomaly_percentile"": 0.0636, ""payment_anomaly_percentile"": 0.0254}",2026-09-06T09:45:06.494738+00:00
MPLADS-003347,1.0,PAYMENT_PROGRESS_MISMATCH,"{""progress_anomaly_score"": 5.1397, ""progress_anomaly_percentile"": 0.9263, ""payment_anomaly_score"": 0.1292}",2026-09-06T09:45:06.494738+00:00
MPLADS-003348,1.0,PAYMENT_PROGRESS_MISMATCH,"{""progress_anomaly_score"": 4.8744, ""progress_anomaly_percentile"": 0.8179, ""geo__population_density"": 0.1842}",2026-09-06T09:45:06.494738+00:00
MPLADS-003349,0.0225,NORMAL,"{""geo__infrastructure_gap_index"": 0.1556, ""project__planned_duration_days"": 0.0642, ""payment_anomaly_score"": 0.0505}",2026-09-06T09:45:06.494738+00:00
MPLADS-003350,0.0231,NORMAL,"{""geo__population_density"": 0.1716, ""geospatial_anomaly_score"": 0.0776, ""geo__infrastructure_gap_index"": 0.075}",2026-09-06T09:45:06.494738+00:00
MPLADS-003351,1.0,DELAYED_WORK,"{""progress_anomaly_score"": 5.1782, ""progress_anomaly_percentile"": 0.8902, ""financial_anomaly_score"": 0.1371}",2026-09-06T09:45:06.494738+00:00
MPLADS-003352,0.266,NORMAL,"{""procurement_anomaly_score"": 1.371, ""procurement_anomaly_percentile"": 0.5066, ""financial_anomaly_percentile"": 0.0532}",2026-09-06T09:45:06.494738+00:00
MPLADS-003353,0.0262,NORMAL,"{""geospatial_anomaly_score"": 0.1946, ""mean_anomaly_score"": 0.1193, ""project__planned_duration_days"": 0.0764}",2026-09-06T09:45:06.494738+00:00
MPLADS-003354,0.0182,NORMAL,"{""financial__sanctioned_amount"": 0.0526, ""geospatial_anomaly_score"": 0.0344, ""geospatial_anomaly_percentile"": 0.0044}",2026-09-06T09:45:06.494738+00:00
MPLADS-003355,1.0,DELAYED_WORK,"{""progress_anomaly_score"": 5.2305, ""progress_anomaly_percentile"": 0.8478, ""financial_anomaly_score"": 0.212}",2026-09-06T09:45:06.494738+00:00
MPLADS-003356,0.0067,NORMAL,"{""payment_anomaly_percentile"": 0.0536, ""financial_anomaly_percentile"": 0.0518, ""financial_anomaly_score"": 0.0277}",2026-09-06T09:45:06.494738+00:00
MPLADS-003357,0.0265,NORMAL,"{""financial__sanctioned_amount"": 0.1077, ""mean_anomaly_score"": 0.0686, ""graph_anomaly_score"": 0.0237}",2026-09-06T09:45:06.494738+00:00
MPLADS-003358,0.0265,NORMAL,"{""geo__infrastructure_gap_index"": 0.2744, ""financial_anomaly_score"": 0.145, ""payment_anomaly_score"": 0.0769}",2026-09-06T09:45:06.494738+00:00
MPLADS-003359,0.0182,NORMAL,"{""geospatial_anomaly_percentile"": 0.1325, ""project__planned_duration_days"": 0.0681, ""mean_anomaly_score"": 0.0402}",2026-09-06T09:45:06.494738+00:00
MPLADS-003360,0.8939,COST_OVERRUN,"{""progress_anomaly_score"": 0.8328, ""procurement_anomaly_score"": 0.6535, ""financial_anomaly_score"": 0.6307}",2026-09-06T09:45:06.494738+00:00
MPLADS-003361,1.0,PAYMENT_PROGRESS_MISMATCH,"{""progress_anomaly_score"": 5.2986, ""progress_anomaly_percentile"": 0.9156, ""payment_anomaly_score"": 0.1254}",2026-09-06T09:45:06.494738+00:00
MPLADS-003362,0.0182,NORMAL,"{""geospatial_anomaly_score"": 0.1774, ""mean_anomaly_score"": 0.078, ""geospatial_anomaly_percentile"": 0.0495}",2026-09-06T09:45:06.494738+00:00
MPLADS-003363,0.0225,NORMAL,"{""geo__infrastructure_gap_index"": 0.0641, ""num_flagged_models"": 0.0069, ""project_size_code"": 0.0}",2026-09-06T09:45:06.494738+00:00
MPLADS-003364,0.0231,NORMAL,"{""geospatial_anomaly_score"": 0.1461, ""project__planned_duration_days"": 0.0531, ""payment_anomaly_percentile"": 0.0485}",2026-09-06T09:45:06.494738+00:00
MPLADS-003365,0.0265,NORMAL,"{""geospatial_anomaly_percentile"": 0.0948, ""project__planned_duration_days"": 0.0586, ""geo__infrastructure_gap_index"": 0.0468}",2026-09-06T09:45:06.494738+00:00
MPLADS-003366,0.1445,NORMAL,"{""financial__sanctioned_amount"": 0.276, ""geo__population_density"": 0.2349, ""contractor_anomaly_score"": 0.1623}",2026-09-06T09:45:06.494738+00:00
MPLADS-003367,0.2672,NORMAL,"{""procurement_anomaly_score"": 1.5606, ""procurement_anomaly_percentile"": 0.5876, ""financial_anomaly_score"": 0.0943}",2026-09-06T09:45:06.494738+00:00
MPLADS-003368,0.0314,NORMAL,"{""financial__sanctioned_amount"": 0.1837, ""geo__population_density"": 0.1641, ""geospatial_anomaly_score"": 0.1331}",2026-09-06T09:45:06.494738+00:00
MPLADS-003369,0.0225,NORMAL,"{""financial__sanctioned_amount"": 0.1691, ""payment_anomaly_score"": 0.0866, ""financial_anomaly_percentile"": 0.0841}",2026-09-06T09:45:06.494738+00:00
MPLADS-003370,0.0182,NORMAL,"{""geo__infrastructure_gap_index"": 0.1373, ""geospatial_anomaly_score"": 0.0483, ""geo__population_density"": 0.0428}",2026-09-06T09:45:06.494738+00:00
MPLADS-003371,0.0182,NORMAL,"{""geo__infrastructure_gap_index"": 0.0842, ""geo__population_density"": 0.0749, ""financial_anomaly_percentile"": 0.0554}",2026-09-06T09:45:06.494738+00:00
MPLADS-003372,0.0231,NORMAL,"{""mean_anomaly_score"": 0.0796, ""geospatial_anomaly_score"": 0.0698, ""geo__population_density"": 0.0625}",2026-09-06T09:45:06.494738+00:00
MPLADS-003373,0.0314,NORMAL,"{""financial_anomaly_score"": 0.2133, ""financial__sanctioned_amount"": 0.0767, ""project__planned_duration_days"": 0.0559}",2026-09-06T09:45:06.494738+00:00
MPLADS-003374,0.4755,NORMAL,"{""procurement_anomaly_score"": 1.8843, ""procurement_anomaly_percentile"": 0.8774, ""std_anomaly_score"": 0.1267}",2026-09-06T09:45:06.494738+00:00
MPLADS-003375,0.0182,NORMAL,"{""geo__population_density"": 0.2901, ""geo__infrastructure_gap_index"": 0.1106, ""geospatial_anomaly_score"": 0.0702}",2026-09-06T09:45:06.494738+00:00
MPLADS-003376,1.0,COST_OVERRUN,"{""progress_anomaly_score"": 4.9896, ""progress_anomaly_percentile"": 0.8923, ""procurement_anomaly_score"": 0.1593}",2026-09-06T09:45:06.494738+00:00
MPLADS-003377,0.0314,NORMAL,"{""financial__sanctioned_amount"": 0.2752, ""geo__infrastructure_gap_index"": 0.221, ""geospatial_anomaly_score"": 0.1131}",2026-09-06T09:45:06.494738+00:00
MPLADS-003378,0.011,NORMAL,"{""project__planned_duration_days"": 0.0533, ""graph_anomaly_score"": 0.0136, ""contractor_anomaly_score"": 0.0048}",2026-09-06T09:45:06.494738+00:00
MPLADS-003379,1.0,DELAYED_WORK,"{""progress_anomaly_score"": 4.9936, ""progress_anomaly_percentile"": 0.8787, ""financial_anomaly_score"": 0.2023}",2026-09-06T09:45:06.494738+00:00
MPLADS-003380,1.0,COST_OVERRUN,"{""progress_anomaly_score"": 2.3486, ""procurement_anomaly_score"": 0.4988, ""financial_anomaly_score"": 0.4232}",2026-09-06T09:45:06.494738+00:00
MPLADS-003381,0.0088,NORMAL,"{""financial_anomaly_score"": 0.1933, ""financial_anomaly_percentile"": 0.0449, ""mean_anomaly_score"": 0.0396}",2026-09-06T09:45:06.494738+00:00
MPLADS-003382,0.0262,NORMAL,"{""financial__sanctioned_amount"": 0.1819, ""geo__population_density"": 0.1578, ""geo__infrastructure_gap_index"": 0.1423}",2026-09-06T09:45:06.494738+00:00
MPLADS-003383,0.0308,NORMAL,"{""financial__sanctioned_amount"": 0.289, ""procurement_anomaly_percentile"": 0.1073, ""financial_anomaly_score"": 0.0672}",2026-09-06T09:45:06.494738+00:00
MPLADS-003384,0.0182,NORMAL,"{""max_anomaly_score"": 0.0733, ""financial_anomaly_percentile"": 0.0579, ""project__planned_duration_days"": 0.037}",2026-09-06T09:45:06.494738+00:00
MPLADS-003385,0.1024,NORMAL,"{""financial_anomaly_score"": 0.4211, ""geo__population_density"": 0.249, ""contractor_anomaly_score"": 0.1253}",2026-09-06T09:45:06.494738+00:00
MPLADS-003386,0.0308,NORMAL,"{""geo__population_density"": 0.1248, ""graph_anomaly_score"": 0.0776, ""geo__infrastructure_gap_index"": 0.0712}",2026-09-06T09:45:06.494738+00:00
MPLADS-003387,0.0314,NORMAL,"{""geospatial_anomaly_score"": 0.1403, ""project__planned_duration_days"": 0.0698, ""financial__sanctioned_amount"": 0.0456}",2026-09-06T09:45:06.494738+00:00
MPLADS-003388,0.0225,NORMAL,"{""geospatial_anomaly_score"": 0.1125, ""geo__infrastructure_gap_index"": 0.0723, ""project__planned_duration_days"": 0.0466}",2026-09-06T09:45:06.494738+00:00
MPLADS-003389,0.0265,NORMAL,"{""geo__population_density"": 0.245, ""geospatial_anomaly_percentile"": 0.0997, ""geospatial_anomaly_score"": 0.0834}",2026-09-06T09:45:06.494738+00:00
MPLADS-003390,0.0225,NORMAL,"{""geo__population_density"": 0.3051, ""financial__sanctioned_amount"": 0.037, ""graph_anomaly_percentile"": 0.0284}",2026-09-06T09:45:06.494738+00:00
MPLADS-003391,0.0308,NORMAL,"{""financial__sanctioned_amount"": 0.1645, ""payment_anomaly_score"": 0.1119, ""geospatial_anomaly_score"": 0.1091}",2026-09-06T09:45:06.494738+00:00
MPLADS-003392,1.0,PAYMENT_PROGRESS_MISMATCH,"{""progress_anomaly_score"": 5.25, ""progress_anomaly_percentile"": 0.915, ""payment_anomaly_score"": 0.1023}",2026-09-06T09:45:06.494738+00:00
MPLADS-003393,0.1203,NORMAL,"{""geo__population_density"": 0.5778, ""geospatial_anomaly_score"": 0.2392, ""project__planned_duration_days"": 0.0938}",2026-09-06T09:45:06.494738+00:00
MPLADS-003394,0.0225,NORMAL,"{""financial__sanctioned_amount"": 0.152, ""project__planned_duration_days"": 0.0628, ""geospatial_anomaly_score"": 0.043}",2026-09-06T09:45:06.494738+00:00
MPLADS-003395,0.0231,NORMAL,"{""financial__sanctioned_amount"": 0.3172, ""std_anomaly_score"": 0.0696, ""payment_anomaly_score"": 0.0675}",2026-09-06T09:45:06.494738+00:00
MPLADS-003396,1.0,PAYMENT_PROGRESS_MISMATCH,"{""progress_anomaly_score"": 5.2096, ""progress_anomaly_percentile"": 0.9172, ""geospatial_anomaly_score"": 0.1015}",2026-09-06T09:45:06.494738+00:00
MPLADS-003397,0.0182,NORMAL,"{""geo__infrastructure_gap_index"": 0.1564, ""project__planned_duration_days"": 0.0258, ""mean_anomaly_score"": 0.0215}",2026-09-06T09:45:06.494738+00:00
MPLADS-003398,0.0225,NORMAL,"{""procurement_anomaly_percentile"": 0.1173, ""max_anomaly_score"": 0.0714, ""financial_anomaly_percentile"": 0.0645}",2026-09-06T09:45:06.494738+00:00
MPLADS-003399,0.0308,NORMAL,"{""financial__sanctioned_amount"": 0.1137, ""geo__population_density"": 0.088, ""geo__infrastructure_gap_index"": 0.0681}",2026-09-06T09:45:06.494738+00:00
MPLADS-003400,0.0182,NORMAL,"{""financial__sanctioned_amount"": 0.2454, ""geospatial_anomaly_score"": 0.0881, ""payment_anomaly_percentile"": 0.0351}",2026-09-06T09:45:06.494738+00:00
MPLADS-003401,0.0231,NORMAL,"{""financial__sanctioned_amount"": 0.2009, ""payment_anomaly_score"": 0.058, ""payment_anomaly_percentile"": 0.0436}",2026-09-06T09:45:06.494738+00:00
MPLADS-003402,0.0225,NORMAL,"{""procurement_anomaly_score"": 0.3367, ""procurement_anomaly_percentile"": 0.1897, ""max_anomaly_score"": 0.0798}",2026-09-06T09:45:06.494738+00:00
MPLADS-003403,0.0231,NORMAL,"{""geospatial_anomaly_score"": 0.2109, ""geospatial_anomaly_percentile"": 0.0705, ""project__planned_duration_days"": 0.07}",2026-09-06T09:45:06.494738+00:00
MPLADS-003404,0.011,NORMAL,"{""project__planned_duration_days"": 0.0494, ""financial__sanctioned_amount"": 0.0368, ""graph_anomaly_score"": 0.0356}",2026-09-06T09:45:06.494738+00:00
MPLADS-003405,0.0231,NORMAL,"{""geospatial_anomaly_percentile"": 0.0761, ""project__planned_duration_days"": 0.0564, ""geospatial_anomaly_score"": 0.0522}",2026-09-06T09:45:06.494738+00:00
MPLADS-003406,0.0182,NORMAL,"{""geospatial_anomaly_percentile"": 0.1584, ""mean_anomaly_score"": 0.0655, ""geo__infrastructure_gap_index"": 0.0653}",2026-09-06T09:45:06.494738+00:00
MPLADS-003407,1.0,GHOST_WORK,"{""progress_anomaly_score"": 5.0738, ""progress_anomaly_percentile"": 0.9174, ""geo__population_density"": 0.1447}",2026-09-06T09:45:06.494738+00:00
MPLADS-003408,0.0225,NORMAL,"{""geo__infrastructure_gap_index"": 0.0906, ""procurement_anomaly_percentile"": 0.0862, ""geospatial_anomaly_score"": 0.0547}",2026-09-06T09:45:06.494738+00:00
MPLADS-003409,0.0231,NORMAL,"{""geospatial_anomaly_percentile"": 0.1246, ""geo__infrastructure_gap_index"": 0.1236, ""geospatial_anomaly_score"": 0.0845}",2026-09-06T09:45:06.494738+00:00
MPLADS-003410,0.0088,NORMAL,"{""financial_anomaly_score"": 0.1537, ""std_anomaly_score"": 0.0114, ""num_flagged_models"": 0.0069}",2026-09-06T09:45:06.494738+00:00
MPLADS-003411,0.0314,NORMAL,"{""geospatial_anomaly_score"": 0.1053, ""financial_anomaly_percentile"": 0.0999, ""geo__infrastructure_gap_index"": 0.0644}",2026-09-06T09:45:06.494738+00:00
MPLADS-003412,1.0,PAYMENT_PROGRESS_MISMATCH,"{""progress_anomaly_score"": 5.3702, ""progress_anomaly_percentile"": 0.931, ""payment_anomaly_score"": 0.0722}",2026-09-06T09:45:06.494738+00:00
MPLADS-003413,1.0,COST_OVERRUN,"{""progress_anomaly_score"": 2.6777, ""financial_anomaly_score"": 0.4289, ""procurement_anomaly_score"": 0.2635}",2026-09-06T09:45:06.494738+00:00
MPLADS-003414,0.0182,NORMAL,"{""project__planned_duration_days"": 0.0599, ""geospatial_anomaly_score"": 0.028, ""mean_anomaly_score"": 0.0171}",2026-09-06T09:45:06.494738+00:00
MPLADS-003415,0.0231,NORMAL,"{""geospatial_anomaly_score"": 0.0707, ""financial__sanctioned_amount"": 0.0547, ""graph_anomaly_score"": 0.0361}",2026-09-06T09:45:06.494738+00:00
MPLADS-003416,0.0231,NORMAL,"{""financial__sanctioned_amount"": 0.2529, ""payment_anomaly_score"": 0.1511, ""geo__infrastructure_gap_index"": 0.0857}",2026-09-06T09:45:06.494738+00:00
MPLADS-003417,0.0067,NORMAL,"{""payment_anomaly_percentile"": 0.0351, ""geo__population_density"": 0.0341, ""project__planned_duration_days"": 0.0234}",2026-09-06T09:45:06.494738+00:00
MPLADS-003418,0.0225,NORMAL,"{""geo__infrastructure_gap_index"": 0.1089, ""geospatial_anomaly_score"": 0.0871, ""project__planned_duration_days"": 0.0701}",2026-09-06T09:45:06.494738+00:00
MPLADS-003419,0.0182,NORMAL,"{""geospatial_anomaly_percentile"": 0.1164, ""geo__infrastructure_gap_index"": 0.0901, ""project__planned_duration_days"": 0.0666}",2026-09-06T09:45:06.494738+00:00
MPLADS-003420,0.0265,NORMAL,"{""procurement_anomaly_score"": 0.4709, ""procurement_anomaly_percentile"": 0.2236, ""geo__population_density"": 0.0741}",2026-09-06T09:45:06.494738+00:00
MPLADS-003421,0.0182,NORMAL,"{""financial__sanctioned_amount"": 0.1797, ""payment_anomaly_score"": 0.0769, ""geospatial_anomaly_score"": 0.058}",2026-09-06T09:45:06.494738+00:00
MPLADS-003422,0.0231,NORMAL,"{""contractor_anomaly_percentile"": 0.1921, ""contractor_anomaly_score"": 0.1809, ""financial__sanctioned_amount"": 0.0966}",2026-09-06T09:45:06.494738+00:00
MPLADS-003423,0.0161,NORMAL,"{""max_anomaly_score"": 0.048, ""project__planned_duration_days"": 0.0371, ""financial_anomaly_percentile"": 0.0266}",2026-09-06T09:45:06.494738+00:00
MPLADS-003424,0.0231,NORMAL,"{""geo__population_density"": 0.2597, ""geo__infrastructure_gap_index"": 0.1363, ""mean_anomaly_score"": 0.0561}",2026-09-06T09:45:06.494738+00:00
MPLADS-003425,0.0182,NORMAL,"{""procurement_anomaly_score"": 0.1708, ""procurement_anomaly_percentile"": 0.1355, ""max_anomaly_score"": 0.0689}",2026-09-06T09:45:06.494738+00:00
MPLADS-003426,0.0262,NORMAL,"{""geospatial_anomaly_score"": 0.2051, ""procurement_anomaly_percentile"": 0.1895, ""geospatial_anomaly_percentile"": 0.0715}",2026-09-06T09:45:06.494738+00:00
MPLADS-003427,0.0231,NORMAL,"{""geo__infrastructure_gap_index"": 0.0791, ""procurement_anomaly_percentile"": 0.0576, ""project__planned_duration_days"": 0.0534}",2026-09-06T09:45:06.494738+00:00
MPLADS-003428,0.0525,NORMAL,"{""geospatial_anomaly_score"": 0.2274, ""geo__population_density"": 0.1127, ""procurement_anomaly_percentile"": 0.1072}",2026-09-06T09:45:06.494738+00:00
MPLADS-003429,0.0204,NORMAL,"{""project__planned_duration_days"": 0.0649, ""geospatial_anomaly_score"": 0.0632, ""graph_anomaly_score"": 0.0048}",2026-09-06T09:45:06.494738+00:00
MPLADS-003430,0.0225,NORMAL,"{""geo__infrastructure_gap_index"": 0.1481, ""project__planned_duration_days"": 0.0559, ""graph_anomaly_score"": 0.0127}",2026-09-06T09:45:06.494738+00:00
MPLADS-003431,0.3136,NORMAL,"{""procurement_anomaly_score"": 0.4915, ""procurement_anomaly_percentile"": 0.3064, ""financial_anomaly_score"": 0.2346}",2026-09-06T09:45:06.494738+00:00
MPLADS-003432,0.0225,NORMAL,"{""geo__population_density"": 0.2252, ""geospatial_anomaly_score"": 0.0558, ""project__planned_duration_days"": 0.0539}",2026-09-06T09:45:06.494738+00:00
MPLADS-003433,0.011,NORMAL,"{""project__planned_duration_days"": 0.0575, ""financial__sanctioned_amount"": 0.0314, ""geo__infrastructure_gap_index"": 0.0304}",2026-09-06T09:45:06.494738+00:00
MPLADS-003434,0.0182,NORMAL,"{""geo__population_density"": 0.147, ""financial_anomaly_score"": 0.0856, ""geospatial_anomaly_score"": 0.0797}",2026-09-06T09:45:06.494738+00:00
MPLADS-003435,0.0182,NORMAL,"{""mean_anomaly_score"": 0.0805, ""geo__infrastructure_gap_index"": 0.0583, ""project__planned_duration_days"": 0.0545}",2026-09-06T09:45:06.494738+00:00
MPLADS-003436,0.0345,NORMAL,"{""financial__sanctioned_amount"": 0.2311, ""contractor_anomaly_score"": 0.2035, ""contractor_anomaly_percentile"": 0.141}",2026-09-06T09:45:06.494738+00:00
MPLADS-003437,0.0182,NORMAL,"{""financial__sanctioned_amount"": 0.3148, ""payment_anomaly_score"": 0.0814, ""geo__population_density"": 0.0624}",2026-09-06T09:45:06.494738+00:00
MPLADS-003438,1.0,DOCUMENTATION_DEFICIT,"{""progress_anomaly_score"": 5.0227, ""progress_anomaly_percentile"": 0.9015, ""payment_anomaly_score"": 0.1762}",2026-09-06T09:45:06.494738+00:00
MPLADS-003439,1.0,PAYMENT_PROGRESS_MISMATCH,"{""progress_anomaly_score"": 4.8687, ""progress_anomaly_percentile"": 0.8954, ""payment_anomaly_score"": 0.3437}",2026-09-06T09:45:06.494738+00:00
MPLADS-003440,0.3389,NORMAL,"{""procurement_anomaly_score"": 1.4565, ""procurement_anomaly_percentile"": 0.5706, ""payment_anomaly_score"": 0.1521}",2026-09-06T09:45:06.494738+00:00
MPLADS-003441,0.1445,NORMAL,"{""financial_anomaly_score"": 0.4633, ""geo__population_density"": 0.2729, ""payment_anomaly_score"": 0.0855}",2026-09-06T09:45:06.494738+00:00
MPLADS-003442,0.0262,NORMAL,"{""contractor_anomaly_percentile"": 0.2037, ""contractor_anomaly_score"": 0.1714, ""geospatial_anomaly_score"": 0.1279}",2026-09-06T09:45:06.494738+00:00
MPLADS-003443,0.0231,NORMAL,"{""financial__sanctioned_amount"": 0.0866, ""payment_anomaly_score"": 0.079, ""geo__infrastructure_gap_index"": 0.0612}",2026-09-06T09:45:06.494738+00:00
MPLADS-003444,0.0225,NORMAL,"{""geo__population_density"": 0.12, ""project__planned_duration_days"": 0.0645, ""geospatial_anomaly_score"": 0.0524}",2026-09-06T09:45:06.494738+00:00
MPLADS-003445,0.0265,NORMAL,"{""financial__sanctioned_amount"": 0.0644, ""financial_anomaly_percentile"": 0.0581, ""procurement_anomaly_percentile"": 0.0447}",2026-09-06T09:45:06.494738+00:00
MPLADS-003446,1.0,PAYMENT_PROGRESS_MISMATCH,"{""progress_anomaly_score"": 5.5084, ""progress_anomaly_percentile"": 0.9586, ""payment_anomaly_score"": 0.097}",2026-09-06T09:45:06.494738+00:00
MPLADS-003447,1.0,DELAYED_WORK,"{""progress_anomaly_score"": 5.1011, ""progress_anomaly_percentile"": 0.9015, ""financial_anomaly_score"": 0.2081}",2026-09-06T09:45:06.494738+00:00
MPLADS-003448,0.0161,NORMAL,"{""project__planned_duration_days"": 0.0637, ""graph_anomaly_percentile"": 0.0021, ""num_flagged_models"": 0.0014}",2026-09-06T09:45:06.494738+00:00
MPLADS-003449,1.0,DELAYED_WORK,"{""progress_anomaly_score"": 4.9966, ""progress_anomaly_percentile"": 0.8758, ""financial_anomaly_score"": 0.2057}",2026-09-06T09:45:06.494738+00:00
MPLADS-003450,0.0088,NORMAL,"{""financial_anomaly_score"": 0.1634, ""geo__population_density"": 0.1311, ""project__planned_duration_days"": 0.0296}",2026-09-06T09:45:06.494738+00:00
MPLADS-003451,0.0182,NORMAL,"{""financial_anomaly_score"": 0.0992, ""max_anomaly_score"": 0.0785, ""std_anomaly_score"": 0.0242}",2026-09-06T09:45:06.494738+00:00
MPLADS-003452,0.0442,NORMAL,"{""payment_anomaly_score"": 0.1221, ""geospatial_anomaly_score"": 0.1156, ""project__planned_duration_days"": 0.0652}",2026-09-06T09:45:06.494738+00:00
MPLADS-003453,0.4838,NORMAL,"{""procurement_anomaly_score"": 1.7659, ""procurement_anomaly_percentile"": 0.7949, ""max_anomaly_score"": 0.1199}",2026-09-06T09:45:06.494738+00:00
MPLADS-003454,0.0492,NORMAL,"{""financial__sanctioned_amount"": 0.2042, ""geo__infrastructure_gap_index"": 0.1891, ""project__planned_duration_days"": 0.0134}",2026-09-06T09:45:06.494738+00:00
MPLADS-003455,0.0182,NORMAL,"{""financial_anomaly_score"": 0.1216, ""financial__sanctioned_amount"": 0.0859, ""geo__population_density"": 0.066}",2026-09-06T09:45:06.494738+00:00
MPLADS-003456,0.0225,NORMAL,"{""financial_anomaly_score"": 0.1072, ""geospatial_anomaly_score"": 0.0723, ""project__planned_duration_days"": 0.0551}",2026-09-06T09:45:06.494738+00:00
MPLADS-003457,0.0225,NORMAL,"{""financial__sanctioned_amount"": 0.5152, ""geo__infrastructure_gap_index"": 0.1335, ""payment_anomaly_score"": 0.097}",2026-09-06T09:45:06.494738+00:00
MPLADS-003458,1.0,COST_OVERRUN,"{""progress_anomaly_score"": 4.4674, ""progress_anomaly_percentile"": 0.8311, ""procurement_anomaly_score"": 0.2392}",2026-09-06T09:45:06.494738+00:00
MPLADS-003459,0.0225,NORMAL,"{""financial__sanctioned_amount"": 0.1266, ""geospatial_anomaly_score"": 0.0645, ""std_anomaly_score"": 0.0449}",2026-09-06T09:45:06.494738+00:00
MPLADS-003460,1.0,GHOST_WORK,"{""progress_anomaly_score"": 5.1653, ""progress_anomaly_percentile"": 0.9031, ""payment_anomaly_score"": 0.0748}",2026-09-06T09:45:06.494738+00:00
MPLADS-003461,0.021,NORMAL,"{""financial__sanctioned_amount"": 0.1491, ""procurement_anomaly_percentile"": 0.0617, ""project__planned_duration_days"": 0.0465}",2026-09-06T09:45:06.494738+00:00
MPLADS-003462,0.1698,NORMAL,"{""financial_anomaly_score"": 0.4634, ""geo__population_density"": 0.3412, ""geospatial_anomaly_score"": 0.2235}",2026-09-06T09:45:06.494738+00:00
MPLADS-003463,0.0225,NORMAL,"{""geospatial_anomaly_score"": 0.1507, ""project__planned_duration_days"": 0.0679, ""geo__infrastructure_gap_index"": 0.0521}",2026-09-06T09:45:06.494738+00:00
MPLADS-003464,0.0153,NORMAL,"{""financial_anomaly_score"": 0.1418, ""geo__population_density"": 0.0889, ""financial_anomaly_percentile"": 0.0337}",2026-09-06T09:45:06.494738+00:00
MPLADS-003465,1.0,DELAYED_WORK,"{""progress_anomaly_score"": 5.1842, ""progress_anomaly_percentile"": 0.9028, ""financial_anomaly_score"": 0.2039}",2026-09-06T09:45:06.494738+00:00
MPLADS-003466,1.0,COST_OVERRUN,"{""progress_anomaly_score"": 2.4244, ""procurement_anomaly_score"": 0.4708, ""financial_anomaly_score"": 0.4241}",2026-09-06T09:45:06.494738+00:00
MPLADS-003467,0.0225,NORMAL,"{""geo__population_density"": 0.0826, ""financial_anomaly_percentile"": 0.0725, ""geospatial_anomaly_score"": 0.0442}",2026-09-06T09:45:06.494738+00:00
MPLADS-003468,1.0,PAYMENT_PROGRESS_MISMATCH,"{""progress_anomaly_score"": 4.7233, ""progress_anomaly_percentile"": 0.8438, ""payment_anomaly_score"": 0.3554}",2026-09-06T09:45:06.494738+00:00
MPLADS-003469,0.011,NORMAL,"{""geo__infrastructure_gap_index"": 0.1487, ""payment_anomaly_percentile"": 0.0457, ""financial_anomaly_percentile"": 0.0417}",2026-09-06T09:45:06.494738+00:00
MPLADS-003470,0.0231,NORMAL,"{""geo__population_density"": 0.1062, ""geospatial_anomaly_score"": 0.0858, ""project__planned_duration_days"": 0.0631}",2026-09-06T09:45:06.494738+00:00
MPLADS-003471,0.0345,NORMAL,"{""procurement_anomaly_percentile"": 0.2572, ""geo__population_density"": 0.1045, ""geospatial_anomaly_score"": 0.0933}",2026-09-06T09:45:06.494738+00:00
MPLADS-003472,0.0525,NORMAL,"{""contractor_anomaly_score"": 0.2107, ""contractor_anomaly_percentile"": 0.1996, ""financial__sanctioned_amount"": 0.1318}",2026-09-06T09:45:06.494738+00:00
MPLADS-003473,0.0314,NORMAL,"{""contractor_anomaly_percentile"": 0.1732, ""contractor_anomaly_score"": 0.1304, ""geo__population_density"": 0.1156}",2026-09-06T09:45:06.494738+00:00
MPLADS-003474,0.0182,NORMAL,"{""geospatial_anomaly_score"": 0.1475, ""project__planned_duration_days"": 0.039, ""geospatial_anomaly_percentile"": 0.034}",2026-09-06T09:45:06.494738+00:00
MPLADS-003475,0.0225,NORMAL,"{""geo__population_density"": 0.1322, ""geospatial_anomaly_score"": 0.0618, ""project__planned_duration_days"": 0.0549}",2026-09-06T09:45:06.494738+00:00
MPLADS-003476,0.0225,NORMAL,"{""financial__sanctioned_amount"": 0.1743, ""geo__infrastructure_gap_index"": 0.14, ""payment_anomaly_score"": 0.1288}",2026-09-06T09:45:06.494738+00:00
MPLADS-003477,0.3136,NORMAL,"{""procurement_anomaly_score"": 1.3239, ""procurement_anomaly_percentile"": 0.3956, ""geo__infrastructure_gap_index"": 0.0874}",2026-09-06T09:45:06.494738+00:00
MPLADS-003478,0.0314,NORMAL,"{""financial__sanctioned_amount"": 0.185, ""geospatial_anomaly_score"": 0.1025, ""geospatial_anomaly_percentile"": 0.03}",2026-09-06T09:45:06.494738+00:00
MPLADS-003479,0.0314,NORMAL,"{""geospatial_anomaly_score"": 0.1329, ""financial__sanctioned_amount"": 0.1191, ""geo__infrastructure_gap_index"": 0.0727}",2026-09-06T09:45:06.494738+00:00
MPLADS-003480,0.0161,NORMAL,"{""project__planned_duration_days"": 0.0505, ""geo__population_density"": 0.0338, ""num_flagged_models"": 0.0014}",2026-09-06T09:45:06.494738+00:00
MPLADS-003481,0.0308,NORMAL,"{""geo__population_density"": 0.2078, ""financial__sanctioned_amount"": 0.1664, ""payment_anomaly_score"": 0.1067}",2026-09-06T09:45:06.494738+00:00
MPLADS-003482,0.0231,NORMAL,"{""contractor_anomaly_score"": 0.2984, ""contractor_anomaly_percentile"": 0.2963, ""project__planned_duration_days"": 0.0476}",2026-09-06T09:45:06.494738+00:00
MPLADS-003483,0.0789,NORMAL,"{""procurement_anomaly_percentile"": 0.2001, ""financial__sanctioned_amount"": 0.0868, ""geospatial_anomaly_score"": 0.058}",2026-09-06T09:45:06.494738+00:00
MPLADS-003484,1.0,PAYMENT_PROGRESS_MISMATCH,"{""progress_anomaly_score"": 5.3971, ""progress_anomaly_percentile"": 0.9388, ""payment_anomaly_score"": 0.0714}",2026-09-06T09:45:06.494738+00:00
MPLADS-003485,0.2356,NORMAL,"{""geo__population_density"": 0.6027, ""std_anomaly_score"": 0.2462, ""procurement_anomaly_percentile"": 0.1443}",2026-09-06T09:45:06.494738+00:00
MPLADS-003486,0.0225,NORMAL,"{""financial__sanctioned_amount"": 0.1623, ""geospatial_anomaly_score"": 0.1035, ""geospatial_anomaly_percentile"": 0.0386}",2026-09-06T09:45:06.494738+00:00
MPLADS-003487,0.0161,NORMAL,"{""geospatial_anomaly_score"": 0.0918, ""project__planned_duration_days"": 0.0443, ""geospatial_anomaly_percentile"": 0.0282}",2026-09-06T09:45:06.494738+00:00
MPLADS-003488,0.0265,NORMAL,"{""max_anomaly_score"": 0.1147, ""geo__population_density"": 0.0983, ""std_anomaly_score"": 0.0633}",2026-09-06T09:45:06.494738+00:00
MPLADS-003489,0.0345,NORMAL,"{""geo__population_density"": 0.2629, ""contractor_anomaly_percentile"": 0.1835, ""contractor_anomaly_score"": 0.1563}",2026-09-06T09:45:06.494738+00:00
MPLADS-003490,0.0225,NORMAL,"{""geospatial_anomaly_score"": 0.1485, ""geo__infrastructure_gap_index"": 0.0875, ""project__planned_duration_days"": 0.0625}",2026-09-06T09:45:06.494738+00:00
MPLADS-003491,0.0182,NORMAL,"{""geo__population_density"": 0.155, ""geospatial_anomaly_score"": 0.039, ""geospatial_anomaly_percentile"": 0.0116}",2026-09-06T09:45:06.494738+00:00
MPLADS-003492,0.0231,NORMAL,"{""geospatial_anomaly_score"": 0.1051, ""geo__infrastructure_gap_index"": 0.0929, ""geospatial_anomaly_percentile"": 0.0299}",2026-09-06T09:45:06.494738+00:00
MPLADS-003493,0.0231,NORMAL,"{""financial__sanctioned_amount"": 0.1739, ""procurement_anomaly_percentile"": 0.116, ""financial_anomaly_percentile"": 0.0502}",2026-09-06T09:45:06.494738+00:00
MPLADS-003494,1.0,DELAYED_WORK,"{""progress_anomaly_score"": 4.6082, ""progress_anomaly_percentile"": 0.8441, ""procurement_anomaly_score"": 0.2072}",2026-09-06T09:45:06.494738+00:00
MPLADS-003495,0.1356,NORMAL,"{""procurement_anomaly_score"": 0.7358, ""procurement_anomaly_percentile"": 0.327, ""financial_anomaly_score"": 0.1602}",2026-09-06T09:45:06.494738+00:00
MPLADS-003496,0.0958,NORMAL,"{""geospatial_anomaly_score"": 0.2275, ""geo__population_density"": 0.206, ""procurement_anomaly_percentile"": 0.0676}",2026-09-06T09:45:06.494738+00:00
MPLADS-003497,1.0,ABANDONED_WORK,"{""progress_anomaly_score"": 5.0697, ""progress_anomaly_percentile"": 0.9183, ""payment_anomaly_score"": 0.1666}",2026-09-06T09:45:06.494738+00:00
MPLADS-003498,0.0182,NORMAL,"{""geospatial_anomaly_score"": 0.1073, ""financial__sanctioned_amount"": 0.0433, ""num_flagged_models"": 0.0014}",2026-09-06T09:45:06.494738+00:00
MPLADS-003499,0.0231,NORMAL,"{""geo__population_density"": 0.2094, ""financial__sanctioned_amount"": 0.0895, ""graph_anomaly_score"": 0.0724}",2026-09-06T09:45:06.494738+00:00
MPLADS-003500,0.011,NORMAL,"{""payment_anomaly_score"": 0.1058, ""geo__infrastructure_gap_index"": 0.0939, ""financial_anomaly_score"": 0.0623}",2026-09-06T09:45:06.494738+00:00
MPLADS-003501,0.0182,NORMAL,"{""financial_anomaly_score"": 0.1581, ""financial_anomaly_percentile"": 0.0658, ""graph_anomaly_score"": 0.0368}",2026-09-06T09:45:06.494738+00:00
MPLADS-003502,0.0088,NORMAL,"{""project__planned_duration_days"": 0.0567, ""geo__infrastructure_gap_index"": 0.0302, ""mean_anomaly_score"": 0.029}",2026-09-06T09:45:06.494738+00:00
MPLADS-003503,0.0182,NORMAL,"{""project__planned_duration_days"": 0.0538, ""contractor_anomaly_percentile"": 0.0068, ""payment_anomaly_score"": 0.0045}",2026-09-06T09:45:06.494738+00:00
MPLADS-003504,0.0182,NORMAL,"{""payment_anomaly_percentile"": 0.0522, ""project__planned_duration_days"": 0.043, ""financial_anomaly_percentile"": 0.0364}",2026-09-06T09:45:06.494738+00:00
MPLADS-003505,0.0314,NORMAL,"{""geo__infrastructure_gap_index"": 0.1427, ""geospatial_anomaly_score"": 0.1265, ""geo__population_density"": 0.1058}",2026-09-06T09:45:06.494738+00:00
MPLADS-003506,0.0262,NORMAL,"{""financial__sanctioned_amount"": 0.156, ""geospatial_anomaly_score"": 0.1342, ""geo__infrastructure_gap_index"": 0.1313}",2026-09-06T09:45:06.494738+00:00
MPLADS-003507,0.0225,NORMAL,"{""financial__sanctioned_amount"": 0.1725, ""financial_anomaly_percentile"": 0.0837, ""payment_anomaly_percentile"": 0.0206}",2026-09-06T09:45:06.494738+00:00
MPLADS-003508,0.0231,NORMAL,"{""geospatial_anomaly_score"": 0.1401, ""mean_anomaly_score"": 0.0814, ""project__planned_duration_days"": 0.0553}",2026-09-06T09:45:06.494738+00:00
MPLADS-003509,0.0231,NORMAL,"{""geospatial_anomaly_score"": 0.2048, ""geo__infrastructure_gap_index"": 0.0896, ""project__planned_duration_days"": 0.06}",2026-09-06T09:45:06.494738+00:00
MPLADS-003510,0.0088,NORMAL,"{""financial_anomaly_score"": 0.1116, ""project__planned_duration_days"": 0.044, ""payment_anomaly_percentile"": 0.0054}",2026-09-06T09:45:06.494738+00:00
MPLADS-003511,0.0314,NORMAL,"{""geo__infrastructure_gap_index"": 0.1034, ""geospatial_anomaly_score"": 0.1009, ""financial_anomaly_percentile"": 0.0524}",2026-09-06T09:45:06.494738+00:00
MPLADS-003512,0.0231,NORMAL,"{""geospatial_anomaly_score"": 0.116, ""geo__population_density"": 0.1147, ""geo__infrastructure_gap_index"": 0.0781}",2026-09-06T09:45:06.494738+00:00
MPLADS-003513,0.0182,NORMAL,"{""financial_anomaly_score"": 0.0672, ""project__planned_duration_days"": 0.0567, ""geospatial_anomaly_score"": 0.0494}",2026-09-06T09:45:06.494738+00:00
MPLADS-003514,0.0182,NORMAL,"{""payment_anomaly_score"": 0.1555, ""procurement_anomaly_percentile"": 0.0668, ""graph_anomaly_score"": 0.0554}",2026-09-06T09:45:06.494738+00:00
MPLADS-003515,0.0182,NORMAL,"{""financial__sanctioned_amount"": 0.036, ""project__planned_duration_days"": 0.0236, ""mean_anomaly_score"": 0.0208}",2026-09-06T09:45:06.494738+00:00
MPLADS-003516,0.0231,NORMAL,"{""graph_anomaly_percentile"": 0.0843, ""graph_anomaly_score"": 0.0757, ""mean_anomaly_score"": 0.0517}",2026-09-06T09:45:06.494738+00:00
MPLADS-003517,0.011,NORMAL,"{""geo__population_density"": 0.1385, ""geo__infrastructure_gap_index"": 0.0694, ""graph_anomaly_score"": 0.0363}",2026-09-06T09:45:06.494738+00:00
MPLADS-003518,0.0231,NORMAL,"{""geospatial_anomaly_score"": 0.1648, ""geospatial_anomaly_percentile"": 0.1207, ""project__planned_duration_days"": 0.0684}",2026-09-06T09:45:06.494738+00:00
MPLADS-003519,0.0225,NORMAL,"{""financial__sanctioned_amount"": 0.2154, ""std_anomaly_score"": 0.0672, ""payment_anomaly_percentile"": 0.0375}",2026-09-06T09:45:06.494738+00:00
MPLADS-003520,1.0,PAYMENT_PROGRESS_MISMATCH,"{""progress_anomaly_score"": 5.5714, ""progress_anomaly_percentile"": 0.972, ""payment_anomaly_score"": 0.0822}",2026-09-06T09:45:06.494738+00:00
MPLADS-003521,0.0314,NORMAL,"{""geo__infrastructure_gap_index"": 0.2269, ""financial_anomaly_percentile"": 0.0824, ""financial_anomaly_score"": 0.0747}",2026-09-06T09:45:06.494738+00:00
MPLADS-003522,0.0182,NORMAL,"{""geo__infrastructure_gap_index"": 0.1755, ""financial_anomaly_percentile"": 0.058, ""payment_anomaly_percentile"": 0.0295}",2026-09-06T09:45:06.494738+00:00
MPLADS-003523,1.0,DELAYED_WORK,"{""progress_anomaly_score"": 5.323, ""progress_anomaly_percentile"": 0.9302, ""financial_anomaly_score"": 0.1779}",2026-09-06T09:45:06.494738+00:00
MPLADS-003524,0.0225,NORMAL,"{""project__planned_duration_days"": 0.0606, ""geospatial_anomaly_score"": 0.0441, ""contractor_anomaly_percentile"": 0.0042}",2026-09-06T09:45:06.494738+00:00
MPLADS-003525,0.0182,NORMAL,"{""geo__population_density"": 0.2016, ""graph_anomaly_score"": 0.0891, ""project__planned_duration_days"": 0.0462}",2026-09-06T09:45:06.494738+00:00
MPLADS-003526,0.0314,NORMAL,"{""geo__population_density"": 0.1638, ""financial__sanctioned_amount"": 0.0658, ""project__planned_duration_days"": 0.0533}",2026-09-06T09:45:06.494738+00:00
MPLADS-003527,0.0939,NORMAL,"{""geo__infrastructure_gap_index"": 0.2699, ""geo__population_density"": 0.236, ""financial__sanctioned_amount"": 0.1815}",2026-09-06T09:45:06.494738+00:00
MPLADS-003528,0.0182,NORMAL,"{""financial__sanctioned_amount"": 0.1575, ""payment_anomaly_percentile"": 0.0249, ""std_anomaly_score"": 0.0222}",2026-09-06T09:45:06.494738+00:00
MPLADS-003529,1.0,PAYMENT_PROGRESS_MISMATCH,"{""progress_anomaly_score"": 5.3151, ""progress_anomaly_percentile"": 0.8999, ""payment_anomaly_score"": 0.141}",2026-09-06T09:45:06.494738+00:00
MPLADS-003530,0.0182,NORMAL,"{""geo__infrastructure_gap_index"": 0.0669, ""max_anomaly_score"": 0.0604, ""graph_anomaly_score"": 0.0291}",2026-09-06T09:45:06.494738+00:00
MPLADS-003531,0.0182,NORMAL,"{""financial__sanctioned_amount"": 0.2057, ""geospatial_anomaly_score"": 0.0939, ""payment_anomaly_score"": 0.0439}",2026-09-06T09:45:06.494738+00:00
MPLADS-003532,0.3533,NORMAL,"{""procurement_anomaly_score"": 1.4664, ""procurement_anomaly_percentile"": 0.5513, ""max_anomaly_score"": 0.1482}",2026-09-06T09:45:06.494738+00:00
MPLADS-003533,1.0,PAYMENT_PROGRESS_MISMATCH,"{""progress_anomaly_score"": 5.3276, ""progress_anomaly_percentile"": 0.9366, ""payment_anomaly_score"": 0.0906}",2026-09-06T09:45:06.494738+00:00
MPLADS-003534,0.0182,NORMAL,"{""financial__sanctioned_amount"": 0.2008, ""geospatial_anomaly_percentile"": 0.026, ""geospatial_anomaly_score"": 0.0117}",2026-09-06T09:45:06.494738+00:00
MPLADS-003535,0.0231,NORMAL,"{""graph_anomaly_score"": 0.1305, ""graph_anomaly_percentile"": 0.0718, ""geo__population_density"": 0.0639}",2026-09-06T09:45:06.494738+00:00
MPLADS-003536,0.0314,NORMAL,"{""geospatial_anomaly_percentile"": 0.2207, ""geospatial_anomaly_score"": 0.2075, ""geo__infrastructure_gap_index"": 0.1305}",2026-09-06T09:45:06.494738+00:00
MPLADS-003537,0.0159,NORMAL,"{""payment_anomaly_score"": 0.07, ""graph_anomaly_score"": 0.0566, ""project__planned_duration_days"": 0.053}",2026-09-06T09:45:06.494738+00:00
MPLADS-003538,0.4681,NORMAL,"{""procurement_anomaly_score"": 1.144, ""procurement_anomaly_percentile"": 0.6959, ""max_anomaly_score"": 0.1777}",2026-09-06T09:45:06.494738+00:00
MPLADS-003539,0.0265,NORMAL,"{""geo__population_density"": 0.2071, ""project__planned_duration_days"": 0.0271, ""mean_anomaly_score"": 0.009}",2026-09-06T09:45:06.494738+00:00
MPLADS-003540,1.0,PAYMENT_PROGRESS_MISMATCH,"{""progress_anomaly_score"": 5.0576, ""progress_anomaly_percentile"": 0.902, ""payment_anomaly_score"": 0.0887}",2026-09-06T09:45:06.494738+00:00
MPLADS-003541,0.0231,NORMAL,"{""financial__sanctioned_amount"": 0.2514, ""std_anomaly_score"": 0.0788, ""payment_anomaly_percentile"": 0.0762}",2026-09-06T09:45:06.494738+00:00
MPLADS-003542,0.0182,NORMAL,"{""financial_anomaly_score"": 0.1545, ""geospatial_anomaly_score"": 0.0574, ""project__planned_duration_days"": 0.0386}",2026-09-06T09:45:06.494738+00:00
MPLADS-003543,0.0182,NORMAL,"{""geo__population_density"": 0.0993, ""project__planned_duration_days"": 0.0307, ""std_anomaly_score"": 0.0285}",2026-09-06T09:45:06.494738+00:00
MPLADS-003544,0.0308,NORMAL,"{""geospatial_anomaly_score"": 0.0715, ""project__planned_duration_days"": 0.0546, ""financial__sanctioned_amount"": 0.0451}",2026-09-06T09:45:06.494738+00:00
MPLADS-003545,0.0231,NORMAL,"{""financial__sanctioned_amount"": 0.2592, ""geo__infrastructure_gap_index"": 0.0986, ""mean_anomaly_score"": 0.0165}",2026-09-06T09:45:06.494738+00:00
MPLADS-003546,0.0345,NORMAL,"{""geospatial_anomaly_score"": 0.1788, ""financial__sanctioned_amount"": 0.1115, ""geo__infrastructure_gap_index"": 0.0783}",2026-09-06T09:45:06.494738+00:00
MPLADS-003547,0.0262,NORMAL,"{""geospatial_anomaly_score"": 0.1322, ""project__planned_duration_days"": 0.0715, ""geospatial_anomaly_percentile"": 0.0498}",2026-09-06T09:45:06.494738+00:00
MPLADS-003548,0.011,NORMAL,"{""project__planned_duration_days"": 0.0461, ""num_flagged_models"": 0.0014, ""project_size_code"": 0.0}",2026-09-06T09:45:06.494738+00:00
MPLADS-003549,0.0231,NORMAL,"{""geo__population_density"": 0.2706, ""financial__sanctioned_amount"": 0.1118, ""graph_anomaly_score"": 0.0866}",2026-09-06T09:45:06.494738+00:00
MPLADS-003550,0.0231,NORMAL,"{""project__planned_duration_days"": 0.0487, ""geospatial_anomaly_score"": 0.0395, ""procurement_anomaly_percentile"": 0.0109}",2026-09-06T09:45:06.494738+00:00
MPLADS-003551,0.2131,NORMAL,"{""procurement_anomaly_score"": 1.2806, ""procurement_anomaly_percentile"": 0.4918, ""geospatial_anomaly_score"": 0.0862}",2026-09-06T09:45:06.494738+00:00
MPLADS-003552,0.0231,NORMAL,"{""financial__sanctioned_amount"": 0.3101, ""procurement_anomaly_percentile"": 0.15, ""payment_anomaly_score"": 0.1092}",2026-09-06T09:45:06.494738+00:00
MPLADS-003553,0.0314,NORMAL,"{""financial_anomaly_score"": 0.3352, ""geo__population_density"": 0.1339, ""geospatial_anomaly_score"": 0.1334}",2026-09-06T09:45:06.494738+00:00
MPLADS-003554,0.0225,NORMAL,"{""financial_anomaly_score"": 0.0708, ""project__planned_duration_days"": 0.06, ""financial__sanctioned_amount"": 0.0511}",2026-09-06T09:45:06.494738+00:00
MPLADS-003555,0.0225,NORMAL,"{""payment_anomaly_score"": 0.1359, ""geospatial_anomaly_score"": 0.0636, ""payment_anomaly_percentile"": 0.0636}",2026-09-06T09:45:06.494738+00:00
MPLADS-003556,0.0231,NORMAL,"{""geo__infrastructure_gap_index"": 0.1233, ""payment_anomaly_percentile"": 0.0679, ""payment_anomaly_score"": 0.0394}",2026-09-06T09:45:06.494738+00:00
MPLADS-003557,1.0,COST_OVERRUN,"{""progress_anomaly_score"": 4.5472, ""progress_anomaly_percentile"": 0.7713, ""procurement_anomaly_score"": 0.1919}",2026-09-06T09:45:06.494738+00:00
MPLADS-003558,0.0182,NORMAL,"{""financial_anomaly_score"": 0.1509, ""geo__infrastructure_gap_index"": 0.108, ""financial__sanctioned_amount"": 0.0468}",2026-09-06T09:45:06.494738+00:00
MPLADS-003559,0.0225,NORMAL,"{""geospatial_anomaly_score"": 0.1729, ""project__planned_duration_days"": 0.0636, ""geo__population_density"": 0.0436}",2026-09-06T09:45:06.494738+00:00
MPLADS-003560,0.0225,NORMAL,"{""project__planned_duration_days"": 0.0535, ""geospatial_anomaly_score"": 0.0242, ""geo__infrastructure_gap_index"": 0.0062}",2026-09-06T09:45:06.494738+00:00
MPLADS-003561,0.0182,NORMAL,"{""geo__infrastructure_gap_index"": 0.0756, ""payment_anomaly_score"": 0.0538, ""payment_anomaly_percentile"": 0.044}",2026-09-06T09:45:06.494738+00:00
MPLADS-003562,1.0,DELAYED_WORK,"{""progress_anomaly_score"": 5.0498, ""progress_anomaly_percentile"": 0.8656, ""procurement_anomaly_percentile"": 0.0761}",2026-09-06T09:45:06.494738+00:00
MPLADS-003563,0.0182,NORMAL,"{""geospatial_anomaly_score"": 0.0575, ""project__planned_duration_days"": 0.0225, ""std_anomaly_score"": 0.0081}",2026-09-06T09:45:06.494738+00:00
MPLADS-003564,0.0161,NORMAL,"{""std_anomaly_score"": 0.0173, ""num_flagged_models"": 0.0014, ""project_size_code"": 0.0}",2026-09-06T09:45:06.494738+00:00
MPLADS-003565,0.0182,NORMAL,"{""geospatial_anomaly_score"": 0.1203, ""project__planned_duration_days"": 0.0451, ""geospatial_anomaly_percentile"": 0.0129}",2026-09-06T09:45:06.494738+00:00
MPLADS-003566,0.011,NORMAL,"{""geo__population_density"": 0.1502, ""financial_anomaly_percentile"": 0.0532, ""project__planned_duration_days"": 0.0429}",2026-09-06T09:45:06.494738+00:00
MPLADS-003567,0.0182,NORMAL,"{""financial__sanctioned_amount"": 0.1817, ""geospatial_anomaly_score"": 0.0526, ""project__planned_duration_days"": 0.0375}",2026-09-06T09:45:06.494738+00:00
MPLADS-003568,0.0262,NORMAL,"{""geospatial_anomaly_percentile"": 0.0908, ""geospatial_anomaly_score"": 0.0906, ""geo__infrastructure_gap_index"": 0.0678}",2026-09-06T09:45:06.494738+00:00
MPLADS-003569,0.9524,COST_OVERRUN,"{""progress_anomaly_score"": 2.5836, ""procurement_anomaly_score"": 0.7161, ""progress_anomaly_percentile"": 0.3711}",2026-09-06T09:45:06.494738+00:00
MPLADS-003570,0.0182,NORMAL,"{""financial_anomaly_score"": 0.2119, ""financial_anomaly_percentile"": 0.0826, ""payment_anomaly_percentile"": 0.0479}",2026-09-06T09:45:06.494738+00:00
MPLADS-003571,0.0225,NORMAL,"{""geo__population_density"": 0.2572, ""financial__sanctioned_amount"": 0.1554, ""financial_anomaly_score"": 0.1503}",2026-09-06T09:45:06.494738+00:00
MPLADS-003572,0.2672,NORMAL,"{""procurement_anomaly_score"": 1.3419, ""procurement_anomaly_percentile"": 0.4615, ""std_anomaly_score"": 0.0607}",2026-09-06T09:45:06.494738+00:00
MPLADS-003573,0.0182,NORMAL,"{""financial__sanctioned_amount"": 0.129, ""geospatial_anomaly_score"": 0.0917, ""geospatial_anomaly_percentile"": 0.0128}",2026-09-06T09:45:06.494738+00:00
MPLADS-003574,0.0314,NORMAL,"{""financial__sanctioned_amount"": 0.1405, ""geo__population_density"": 0.137, ""financial_anomaly_percentile"": 0.04}",2026-09-06T09:45:06.494738+00:00
MPLADS-003575,0.0225,NORMAL,"{""geo__infrastructure_gap_index"": 0.1948, ""mean_anomaly_score"": 0.0405, ""project__planned_duration_days"": 0.0367}",2026-09-06T09:45:06.494738+00:00
MPLADS-003576,0.0231,NORMAL,"{""mean_anomaly_score"": 0.0719, ""project__planned_duration_days"": 0.0717, ""graph_anomaly_score"": 0.02}",2026-09-06T09:45:06.494738+00:00
MPLADS-003577,0.0225,NORMAL,"{""geo__infrastructure_gap_index"": 0.212, ""payment_anomaly_score"": 0.0274, ""payment_anomaly_percentile"": 0.0198}",2026-09-06T09:45:06.494738+00:00
MPLADS-003578,1.0,DELAYED_WORK,"{""progress_anomaly_score"": 5.4801, ""progress_anomaly_percentile"": 0.9565, ""financial_anomaly_score"": 0.1258}",2026-09-06T09:45:06.494738+00:00
MPLADS-003579,0.0231,NORMAL,"{""geo__population_density"": 0.2424, ""geo__infrastructure_gap_index"": 0.1394, ""geospatial_anomaly_score"": 0.1303}",2026-09-06T09:45:06.494738+00:00
MPLADS-003580,0.0225,NORMAL,"{""geo__population_density"": 0.1734, ""graph_anomaly_percentile"": 0.0791, ""graph_anomaly_score"": 0.0645}",2026-09-06T09:45:06.494738+00:00
MPLADS-003581,0.0225,NORMAL,"{""geo__infrastructure_gap_index"": 0.0967, ""geospatial_anomaly_score"": 0.0852, ""financial_anomaly_percentile"": 0.0696}",2026-09-06T09:45:06.494738+00:00
MPLADS-003582,0.0262,NORMAL,"{""procurement_anomaly_percentile"": 0.1695, ""geospatial_anomaly_score"": 0.1561, ""geo__infrastructure_gap_index"": 0.0744}",2026-09-06T09:45:06.494738+00:00
MPLADS-003583,0.0225,NORMAL,"{""geo__population_density"": 0.1298, ""mean_anomaly_score"": 0.0889, ""geospatial_anomaly_score"": 0.0484}",2026-09-06T09:45:06.494738+00:00
MPLADS-003584,0.0314,NORMAL,"{""project__planned_duration_days"": 0.0726, ""contractor_anomaly_score"": 0.053, ""geospatial_anomaly_score"": 0.0453}",2026-09-06T09:45:06.494738+00:00
MPLADS-003585,0.0182,NORMAL,"{""financial__sanctioned_amount"": 0.0838, ""contractor_anomaly_percentile"": 0.005, ""graph_anomaly_score"": 0.0016}",2026-09-06T09:45:06.494738+00:00
MPLADS-003586,0.2449,NORMAL,"{""procurement_anomaly_score"": 0.6265, ""procurement_anomaly_percentile"": 0.2773, ""financial__sanctioned_amount"": 0.1973}",2026-09-06T09:45:06.494738+00:00
MPLADS-003587,0.0182,NORMAL,"{""std_anomaly_score"": 0.0641, ""geo__population_density"": 0.0317, ""project__planned_duration_days"": 0.0224}",2026-09-06T09:45:06.494738+00:00
MPLADS-003588,0.0182,NORMAL,"{""geo__infrastructure_gap_index"": 0.113, ""project__planned_duration_days"": 0.0382, ""geospatial_anomaly_percentile"": 0.0268}",2026-09-06T09:45:06.494738+00:00
MPLADS-003589,0.1698,NORMAL,"{""financial__sanctioned_amount"": 0.2571, ""geospatial_anomaly_score"": 0.1331, ""graph_anomaly_percentile"": 0.0757}",2026-09-06T09:45:06.494738+00:00
MPLADS-003590,0.0225,NORMAL,"{""geo__infrastructure_gap_index"": 0.0604, ""project__planned_duration_days"": 0.0502, ""geospatial_anomaly_score"": 0.0438}",2026-09-06T09:45:06.494738+00:00
MPLADS-003591,0.0067,NORMAL,"{""financial_anomaly_score"": 0.092, ""project__planned_duration_days"": 0.0364, ""geo__infrastructure_gap_index"": 0.016}",2026-09-06T09:45:06.494738+00:00
MPLADS-003592,0.0225,NORMAL,"{""geo__population_density"": 0.2102, ""geo__infrastructure_gap_index"": 0.057, ""std_anomaly_score"": 0.0426}",2026-09-06T09:45:06.494738+00:00
MPLADS-003593,0.0182,NORMAL,"{""payment_anomaly_percentile"": 0.0475, ""max_anomaly_score"": 0.0417, ""payment_anomaly_score"": 0.0351}",2026-09-06T09:45:06.494738+00:00
MPLADS-003594,0.0182,NORMAL,"{""geo__population_density"": 0.1164, ""project__planned_duration_days"": 0.045, ""graph_anomaly_percentile"": 0.0144}",2026-09-06T09:45:06.494738+00:00
MPLADS-003595,0.0231,NORMAL,"{""financial__sanctioned_amount"": 0.1531, ""geospatial_anomaly_score"": 0.1041, ""payment_anomaly_score"": 0.0876}",2026-09-06T09:45:06.494738+00:00
MPLADS-003596,1.0,ABANDONED_WORK,"{""progress_anomaly_score"": 5.1059, ""progress_anomaly_percentile"": 0.9619, ""payment_anomaly_score"": 0.3389}",2026-09-06T09:45:06.494738+00:00
MPLADS-003597,0.0381,NORMAL,"{""contractor_anomaly_percentile"": 0.2348, ""contractor_anomaly_score"": 0.2014, ""geospatial_anomaly_score"": 0.1876}",2026-09-06T09:45:06.494738+00:00
MPLADS-003598,0.0231,NORMAL,"{""financial__sanctioned_amount"": 0.1731, ""procurement_anomaly_percentile"": 0.1369, ""geospatial_anomaly_score"": 0.0605}",2026-09-06T09:45:06.494738+00:00
MPLADS-003599,0.0225,NORMAL,"{""financial__sanctioned_amount"": 0.0856, ""geospatial_anomaly_score"": 0.0191, ""contractor_anomaly_percentile"": 0.0062}",2026-09-06T09:45:06.494738+00:00
MPLADS-003600,1.0,DELAYED_WORK,"{""progress_anomaly_score"": 4.4567, ""progress_anomaly_percentile"": 0.7404, ""procurement_anomaly_score"": 0.2144}",2026-09-06T09:45:06.494738+00:00
MPLADS-003601,0.0161,NORMAL,"{""project__planned_duration_days"": 0.0394, ""num_flagged_models"": 0.0014, ""graph_anomaly_percentile"": 0.0004}",2026-09-06T09:45:06.494738+00:00
MPLADS-003602,1.0,DOCUMENTATION_DEFICIT,"{""progress_anomaly_score"": 5.1808, ""progress_anomaly_percentile"": 0.8572, ""payment_anomaly_score"": 0.2227}",2026-09-06T09:45:06.494738+00:00
MPLADS-003603,0.0231,NORMAL,"{""project__planned_duration_days"": 0.0466, ""graph_anomaly_percentile"": 0.0075, ""num_flagged_models"": 0.0014}",2026-09-06T09:45:06.494738+00:00
MPLADS-003604,0.0225,NORMAL,"{""geo__infrastructure_gap_index"": 0.1121, ""geospatial_anomaly_score"": 0.0782, ""project__planned_duration_days"": 0.0648}",2026-09-06T09:45:06.494738+00:00
MPLADS-003605,1.0,COST_OVERRUN,"{""progress_anomaly_score"": 4.8193, ""progress_anomaly_percentile"": 0.8021, ""financial_anomaly_score"": 0.1771}",2026-09-06T09:45:06.494738+00:00
MPLADS-003606,0.0182,NORMAL,"{""financial_anomaly_percentile"": 0.0618, ""payment_anomaly_percentile"": 0.0541, ""project__planned_duration_days"": 0.028}",2026-09-06T09:45:06.494738+00:00
MPLADS-003607,0.0159,NORMAL,"{""payment_anomaly_score"": 0.0667, ""financial_anomaly_score"": 0.0665, ""payment_anomaly_percentile"": 0.0475}",2026-09-06T09:45:06.494738+00:00
MPLADS-003608,0.2481,NORMAL,"{""procurement_anomaly_score"": 1.3067, ""procurement_anomaly_percentile"": 0.4085, ""geospatial_anomaly_score"": 0.0575}",2026-09-06T09:45:06.494738+00:00
MPLADS-003609,0.0225,NORMAL,"{""geospatial_anomaly_score"": 0.0605, ""geo__infrastructure_gap_index"": 0.0535, ""mean_anomaly_score"": 0.0494}",2026-09-06T09:45:06.494738+00:00
MPLADS-003610,1.0,ABANDONED_WORK,"{""progress_anomaly_score"": 4.95, ""progress_anomaly_percentile"": 0.8205, ""financial_anomaly_score"": 0.2157}",2026-09-06T09:45:06.494738+00:00
MPLADS-003611,1.0,COST_OVERRUN,"{""progress_anomaly_score"": 4.6014, ""progress_anomaly_percentile"": 0.8337, ""procurement_anomaly_score"": 0.2353}",2026-09-06T09:45:06.494738+00:00
MPLADS-003612,0.0182,NORMAL,"{""geospatial_anomaly_score"": 0.0896, ""geospatial_anomaly_percentile"": 0.0394, ""graph_anomaly_percentile"": 0.008}",2026-09-06T09:45:06.494738+00:00
MPLADS-003613,0.0182,NORMAL,"{""project__planned_duration_days"": 0.0582, ""mean_anomaly_score"": 0.048, ""geospatial_anomaly_score"": 0.0455}",2026-09-06T09:45:06.494738+00:00
MPLADS-003614,0.0182,NORMAL,"{""financial__sanctioned_amount"": 0.2298, ""geospatial_anomaly_score"": 0.0735, ""geospatial_anomaly_percentile"": 0.0344}",2026-09-06T09:45:06.494738+00:00
MPLADS-003615,0.0314,NORMAL,"{""financial__sanctioned_amount"": 0.2287, ""geo__population_density"": 0.1026, ""payment_anomaly_score"": 0.0772}",2026-09-06T09:45:06.494738+00:00
MPLADS-003616,0.0308,NORMAL,"{""payment_anomaly_score"": 0.1303, ""geospatial_anomaly_score"": 0.0863, ""financial_anomaly_percentile"": 0.061}",2026-09-06T09:45:06.494738+00:00
MPLADS-003617,0.0225,NORMAL,"{""procurement_anomaly_percentile"": 0.3291, ""geo__population_density"": 0.1536, ""financial_anomaly_score"": 0.0775}",2026-09-06T09:45:06.494738+00:00
MPLADS-003618,1.0,PAYMENT_PROGRESS_MISMATCH,"{""progress_anomaly_score"": 5.2484, ""progress_anomaly_percentile"": 0.9281, ""payment_anomaly_score"": 0.0592}",2026-09-06T09:45:06.494738+00:00
MPLADS-003619,0.0182,NORMAL,"{""geo__population_density"": 0.1148, ""geospatial_anomaly_score"": 0.0385, ""geospatial_anomaly_percentile"": 0.0305}",2026-09-06T09:45:06.494738+00:00
MPLADS-003620,0.011,NORMAL,"{""project__planned_duration_days"": 0.0554, ""std_anomaly_score"": 0.049, ""payment_anomaly_percentile"": 0.0193}",2026-09-06T09:45:06.494738+00:00
MPLADS-003621,0.5463,PROCUREMENT_SINGLE_BID,"{""procurement_anomaly_score"": 1.4429, ""procurement_anomaly_percentile"": 0.5458, ""financial__sanctioned_amount"": 0.2429}",2026-09-06T09:45:06.494738+00:00
MPLADS-003622,1.0,PAYMENT_PROGRESS_MISMATCH,"{""progress_anomaly_score"": 5.3322, ""progress_anomaly_percentile"": 0.9563, ""geo__population_density"": 0.1671}",2026-09-06T09:45:06.494738+00:00
MPLADS-003623,0.0153,NORMAL,"{""geo__infrastructure_gap_index"": 0.043, ""project__planned_duration_days"": 0.0427, ""contractor_anomaly_percentile"": 0.0335}",2026-09-06T09:45:06.494738+00:00
MPLADS-003624,0.0231,NORMAL,"{""geospatial_anomaly_score"": 0.1232, ""financial__sanctioned_amount"": 0.0577, ""financial_anomaly_percentile"": 0.0453}",2026-09-06T09:45:06.494738+00:00
MPLADS-003625,0.0231,NORMAL,"{""geospatial_anomaly_percentile"": 0.1203, ""payment_anomaly_score"": 0.1166, ""financial__sanctioned_amount"": 0.0775}",2026-09-06T09:45:06.494738+00:00
MPLADS-003626,0.0182,NORMAL,"{""project__planned_duration_days"": 0.0422, ""graph_anomaly_percentile"": 0.0138, ""contractor_anomaly_percentile"": 0.0056}",2026-09-06T09:45:06.494738+00:00
MPLADS-003627,0.0308,NORMAL,"{""geo__infrastructure_gap_index"": 0.195, ""geo__population_density"": 0.1614, ""financial__sanctioned_amount"": 0.0856}",2026-09-06T09:45:06.494738+00:00
MPLADS-003628,0.0314,NORMAL,"{""geo__population_density"": 0.3925, ""geo__infrastructure_gap_index"": 0.2874, ""graph_anomaly_score"": 0.0842}",2026-09-06T09:45:06.494738+00:00
MPLADS-003629,0.0225,NORMAL,"{""geospatial_anomaly_score"": 0.1663, ""payment_anomaly_score"": 0.1466, ""financial__sanctioned_amount"": 0.1246}",2026-09-06T09:45:06.494738+00:00
MPLADS-003630,0.0182,NORMAL,"{""geo__infrastructure_gap_index"": 0.0654, ""geo__population_density"": 0.0654, ""num_flagged_models"": 0.0014}",2026-09-06T09:45:06.494738+00:00
MPLADS-003631,1.0,ABANDONED_WORK,"{""progress_anomaly_score"": 4.7489, ""progress_anomaly_percentile"": 0.7997, ""financial_anomaly_score"": 0.2411}",2026-09-06T09:45:06.494738+00:00
MPLADS-003632,1.0,PAYMENT_PROGRESS_MISMATCH,"{""progress_anomaly_score"": 5.2635, ""progress_anomaly_percentile"": 0.9246, ""geo__population_density"": 0.1446}",2026-09-06T09:45:06.494738+00:00
MPLADS-003633,0.0182,NORMAL,"{""geo__population_density"": 0.1042, ""geospatial_anomaly_score"": 0.0886, ""financial__sanctioned_amount"": 0.0559}",2026-09-06T09:45:06.494738+00:00
MPLADS-003634,0.0182,NORMAL,"{""financial_anomaly_score"": 0.1152, ""payment_anomaly_score"": 0.0864, ""financial__sanctioned_amount"": 0.081}",2026-09-06T09:45:06.494738+00:00
MPLADS-003635,0.0231,NORMAL,"{""financial__sanctioned_amount"": 0.2349, ""payment_anomaly_score"": 0.1269, ""geospatial_anomaly_score"": 0.0772}",2026-09-06T09:45:06.494738+00:00
MPLADS-003636,0.0225,NORMAL,"{""geo__infrastructure_gap_index"": 0.2069, ""financial_anomaly_score"": 0.1541, ""financial__sanctioned_amount"": 0.1444}",2026-09-06T09:45:06.494738+00:00
MPLADS-003637,1.0,COST_OVERRUN,"{""progress_anomaly_score"": 4.4848, ""progress_anomaly_percentile"": 0.8406, ""procurement_anomaly_score"": 0.4979}",2026-09-06T09:45:06.494738+00:00
MPLADS-003638,0.0225,NORMAL,"{""financial__sanctioned_amount"": 0.1929, ""geo__infrastructure_gap_index"": 0.1548, ""financial_anomaly_percentile"": 0.0634}",2026-09-06T09:45:06.494738+00:00
MPLADS-003639,0.0529,NORMAL,"{""geo__infrastructure_gap_index"": 0.2699, ""financial__sanctioned_amount"": 0.2108, ""financial_anomaly_percentile"": 0.0656}",2026-09-06T09:45:06.494738+00:00
MPLADS-003640,0.0231,NORMAL,"{""geo__population_density"": 0.1883, ""geo__infrastructure_gap_index"": 0.1731, ""procurement_anomaly_percentile"": 0.1226}",2026-09-06T09:45:06.494738+00:00
MPLADS-003641,0.0182,NORMAL,"{""project__planned_duration_days"": 0.045, ""financial__sanctioned_amount"": 0.0283, ""contractor_anomaly_score"": 0.0024}",2026-09-06T09:45:06.494738+00:00
MPLADS-003642,0.0225,NORMAL,"{""geospatial_anomaly_percentile"": 0.2165, ""graph_anomaly_score"": 0.1006, ""financial__sanctioned_amount"": 0.0961}",2026-09-06T09:45:06.494738+00:00
MPLADS-003643,0.0265,NORMAL,"{""geo__population_density"": 0.1837, ""geospatial_anomaly_score"": 0.0398, ""project__planned_duration_days"": 0.0376}",2026-09-06T09:45:06.494738+00:00
MPLADS-003644,0.0231,NORMAL,"{""geospatial_anomaly_score"": 0.0914, ""geo__infrastructure_gap_index"": 0.0661, ""payment_anomaly_percentile"": 0.0337}",2026-09-06T09:45:06.494738+00:00
MPLADS-003645,0.0182,NORMAL,"{""project__planned_duration_days"": 0.0632, ""financial__sanctioned_amount"": 0.0367, ""geospatial_anomaly_score"": 0.024}",2026-09-06T09:45:06.494738+00:00
MPLADS-003646,1.0,PAYMENT_PROGRESS_MISMATCH,"{""progress_anomaly_score"": 5.3298, ""progress_anomaly_percentile"": 0.9348, ""payment_anomaly_score"": 0.0982}",2026-09-06T09:45:06.494738+00:00
MPLADS-003647,0.0345,NORMAL,"{""geo__population_density"": 0.2246, ""financial__sanctioned_amount"": 0.2166, ""geospatial_anomaly_score"": 0.1793}",2026-09-06T09:45:06.494738+00:00
MPLADS-003648,0.0345,NORMAL,"{""geo__infrastructure_gap_index"": 0.1413, ""geospatial_anomaly_score"": 0.0728, ""mean_anomaly_score"": 0.062}",2026-09-06T09:45:06.494738+00:00
MPLADS-003649,0.0153,NORMAL,"{""geospatial_anomaly_score"": 0.0639, ""project__planned_duration_days"": 0.0599, ""geospatial_anomaly_percentile"": 0.031}",2026-09-06T09:45:06.494738+00:00
MPLADS-003650,1.0,ABANDONED_WORK,"{""progress_anomaly_score"": 5.0663, ""progress_anomaly_percentile"": 0.8811, ""payment_anomaly_score"": 0.1779}",2026-09-06T09:45:06.494738+00:00
MPLADS-003651,0.0225,NORMAL,"{""project__planned_duration_days"": 0.0705, ""geo__population_density"": 0.0509, ""graph_anomaly_score"": 0.0398}",2026-09-06T09:45:06.494738+00:00
MPLADS-003652,0.011,NORMAL,"{""payment_anomaly_score"": 0.0412, ""financial_anomaly_percentile"": 0.0379, ""payment_anomaly_percentile"": 0.0356}",2026-09-06T09:45:06.494738+00:00
MPLADS-003653,0.0225,NORMAL,"{""financial__sanctioned_amount"": 0.08, ""mean_anomaly_score"": 0.0629, ""graph_anomaly_score"": 0.0308}",2026-09-06T09:45:06.494738+00:00
MPLADS-003654,0.0182,NORMAL,"{""geo__population_density"": 0.2478, ""std_anomaly_score"": 0.0656, ""payment_anomaly_percentile"": 0.0628}",2026-09-06T09:45:06.494738+00:00
MPLADS-003655,1.0,DELAYED_WORK,"{""progress_anomaly_score"": 5.1113, ""progress_anomaly_percentile"": 0.8869, ""financial_anomaly_score"": 0.1409}",2026-09-06T09:45:06.494738+00:00
MPLADS-003656,0.011,NORMAL,"{""geo__infrastructure_gap_index"": 0.2672, ""financial_anomaly_score"": 0.1381, ""std_anomaly_score"": 0.054}",2026-09-06T09:45:06.494738+00:00
MPLADS-003657,0.0225,NORMAL,"{""procurement_anomaly_percentile"": 0.1137, ""geo__population_density"": 0.0425, ""project__planned_duration_days"": 0.0301}",2026-09-06T09:45:06.494738+00:00
MPLADS-003658,1.0,PAYMENT_PROGRESS_MISMATCH,"{""progress_anomaly_score"": 5.4822, ""progress_anomaly_percentile"": 0.9745, ""payment_anomaly_score"": 0.1118}",2026-09-06T09:45:06.494738+00:00
MPLADS-003659,0.0182,NORMAL,"{""financial__sanctioned_amount"": 0.1664, ""payment_anomaly_percentile"": 0.0286, ""num_flagged_models"": 0.0014}",2026-09-06T09:45:06.494738+00:00
MPLADS-003660,0.011,NORMAL,"{""project__planned_duration_days"": 0.0643, ""mean_anomaly_score"": 0.0377, ""financial_anomaly_score"": 0.0335}",2026-09-06T09:45:06.494738+00:00
MPLADS-003661,0.0231,NORMAL,"{""geo__population_density"": 0.0951, ""project__planned_duration_days"": 0.058, ""financial_anomaly_percentile"": 0.0579}",2026-09-06T09:45:06.494738+00:00
MPLADS-003662,0.0182,NORMAL,"{""geo__population_density"": 0.0482, ""graph_anomaly_score"": 0.0438, ""project__planned_duration_days"": 0.0428}",2026-09-06T09:45:06.494738+00:00
MPLADS-003663,1.0,DELAYED_WORK,"{""progress_anomaly_score"": 4.8117, ""progress_anomaly_percentile"": 0.8433, ""financial_anomaly_score"": 0.1721}",2026-09-06T09:45:06.494738+00:00
MPLADS-003664,0.0225,NORMAL,"{""geospatial_anomaly_score"": 0.0923, ""geo__population_density"": 0.0483, ""project__planned_duration_days"": 0.0458}",2026-09-06T09:45:06.494738+00:00
MPLADS-003665,0.0182,NORMAL,"{""financial_anomaly_score"": 0.0729, ""financial_anomaly_percentile"": 0.0448, ""project__planned_duration_days"": 0.0405}",2026-09-06T09:45:06.494738+00:00
MPLADS-003666,1.0,ABANDONED_WORK,"{""progress_anomaly_score"": 4.8115, ""progress_anomaly_percentile"": 0.8194, ""geo__population_density"": 0.2223}",2026-09-06T09:45:06.494738+00:00
MPLADS-003667,0.0182,NORMAL,"{""geo__population_density"": 0.1052, ""geo__infrastructure_gap_index"": 0.0796, ""project__planned_duration_days"": 0.0476}",2026-09-06T09:45:06.494738+00:00
MPLADS-003668,0.0231,NORMAL,"{""contractor_anomaly_percentile"": 0.237, ""contractor_anomaly_score"": 0.1789, ""mean_anomaly_score"": 0.0815}",2026-09-06T09:45:06.494738+00:00
MPLADS-003669,0.0231,NORMAL,"{""mean_anomaly_score"": 0.0767, ""financial_anomaly_score"": 0.0568, ""project__planned_duration_days"": 0.0456}",2026-09-06T09:45:06.494738+00:00
MPLADS-003670,0.0265,NORMAL,"{""financial_anomaly_score"": 0.0606, ""financial_anomaly_percentile"": 0.0519, ""geospatial_anomaly_score"": 0.0518}",2026-09-06T09:45:06.494738+00:00
MPLADS-003671,0.0182,NORMAL,"{""geo__infrastructure_gap_index"": 0.3024, ""financial_anomaly_score"": 0.1705, ""max_anomaly_score"": 0.11}",2026-09-06T09:45:06.494738+00:00
MPLADS-003672,0.0262,NORMAL,"{""financial__sanctioned_amount"": 0.1809, ""geospatial_anomaly_score"": 0.0876, ""geo__infrastructure_gap_index"": 0.066}",2026-09-06T09:45:06.494738+00:00
MPLADS-003673,0.0182,NORMAL,"{""geo__infrastructure_gap_index"": 0.0491, ""payment_anomaly_percentile"": 0.0366, ""geospatial_anomaly_percentile"": 0.0346}",2026-09-06T09:45:06.494738+00:00
MPLADS-003674,0.0225,NORMAL,"{""financial__sanctioned_amount"": 0.1527, ""geo__population_density"": 0.1385, ""graph_anomaly_score"": 0.0647}",2026-09-06T09:45:06.494738+00:00
MPLADS-003675,0.0225,NORMAL,"{""geospatial_anomaly_score"": 0.0913, ""financial_anomaly_percentile"": 0.0738, ""geo__infrastructure_gap_index"": 0.064}",2026-09-06T09:45:06.494738+00:00
MPLADS-003676,0.0231,NORMAL,"{""financial__sanctioned_amount"": 0.1502, ""geospatial_anomaly_score"": 0.0765, ""financial_anomaly_percentile"": 0.0662}",2026-09-06T09:45:06.494738+00:00
MPLADS-003677,0.0265,NORMAL,"{""geo__population_density"": 0.3023, ""payment_anomaly_score"": 0.0654, ""payment_anomaly_percentile"": 0.0549}",2026-09-06T09:45:06.494738+00:00
MPLADS-003678,0.0498,NORMAL,"{""payment_anomaly_score"": 0.2175, ""geo__infrastructure_gap_index"": 0.1143, ""geo__population_density"": 0.0744}",2026-09-06T09:45:06.494738+00:00
MPLADS-003679,0.0182,NORMAL,"{""geo__infrastructure_gap_index"": 0.2076, ""financial_anomaly_score"": 0.1209, ""geospatial_anomaly_score"": 0.0572}",2026-09-06T09:45:06.494738+00:00
MPLADS-003680,0.0314,NORMAL,"{""procurement_anomaly_percentile"": 0.1333, ""geo__population_density"": 0.0816, ""project__planned_duration_days"": 0.0458}",2026-09-06T09:45:06.494738+00:00
MPLADS-003681,1.0,DELAYED_WORK,"{""progress_anomaly_score"": 5.1106, ""progress_anomaly_percentile"": 0.9106, ""financial_anomaly_score"": 0.1636}",2026-09-06T09:45:06.494738+00:00
MPLADS-003682,1.0,PAYMENT_PROGRESS_MISMATCH,"{""progress_anomaly_score"": 5.1934, ""progress_anomaly_percentile"": 0.9008, ""payment_anomaly_score"": 0.2604}",2026-09-06T09:45:06.494738+00:00
MPLADS-003683,0.0182,NORMAL,"{""financial__sanctioned_amount"": 0.1197, ""geo__infrastructure_gap_index"": 0.0874, ""payment_anomaly_percentile"": 0.0302}",2026-09-06T09:45:06.494738+00:00
MPLADS-003684,1.0,PAYMENT_PROGRESS_MISMATCH,"{""progress_anomaly_score"": 5.0981, ""progress_anomaly_percentile"": 0.8849, ""payment_anomaly_score"": 0.101}",2026-09-06T09:45:06.494738+00:00
MPLADS-003685,0.0231,NORMAL,"{""geo__infrastructure_gap_index"": 0.0901, ""max_anomaly_score"": 0.0518, ""geospatial_anomaly_score"": 0.0396}",2026-09-06T09:45:06.494738+00:00
MPLADS-003686,1.0,DOCUMENTATION_DEFICIT,"{""progress_anomaly_score"": 4.9832, ""progress_anomaly_percentile"": 0.8858, ""payment_anomaly_score"": 0.1846}",2026-09-06T09:45:06.494738+00:00
MPLADS-003687,0.5824,PROCUREMENT_SINGLE_BID,"{""procurement_anomaly_score"": 1.745, ""procurement_anomaly_percentile"": 0.8095, ""financial_anomaly_score"": 0.1479}",2026-09-06T09:45:06.494738+00:00
MPLADS-003688,0.0182,NORMAL,"{""geo__population_density"": 0.059, ""project__planned_duration_days"": 0.0389, ""financial__sanctioned_amount"": 0.0148}",2026-09-06T09:45:06.494738+00:00
MPLADS-003689,0.0314,NORMAL,"{""financial__sanctioned_amount"": 0.193, ""geo__population_density"": 0.0744, ""procurement_anomaly_percentile"": 0.0738}",2026-09-06T09:45:06.494738+00:00
MPLADS-003690,0.0498,NORMAL,"{""financial__sanctioned_amount"": 0.2958, ""procurement_anomaly_percentile"": 0.1064, ""payment_anomaly_score"": 0.045}",2026-09-06T09:45:06.494738+00:00
MPLADS-003691,0.0225,NORMAL,"{""financial__sanctioned_amount"": 0.116, ""geospatial_anomaly_score"": 0.1154, ""graph_anomaly_score"": 0.0305}",2026-09-06T09:45:06.494738+00:00
MPLADS-003692,0.0231,NORMAL,"{""project__planned_duration_days"": 0.075, ""financial__sanctioned_amount"": 0.0567, ""financial_anomaly_score"": 0.0566}",2026-09-06T09:45:06.494738+00:00
MPLADS-003693,0.0225,NORMAL,"{""geo__infrastructure_gap_index"": 0.1949, ""financial__sanctioned_amount"": 0.1857, ""geospatial_anomaly_score"": 0.1171}",2026-09-06T09:45:06.494738+00:00
MPLADS-003694,0.0182,NORMAL,"{""geo__infrastructure_gap_index"": 0.0813, ""std_anomaly_score"": 0.0444, ""geospatial_anomaly_score"": 0.0222}",2026-09-06T09:45:06.494738+00:00
MPLADS-003695,1.0,COST_OVERRUN,"{""progress_anomaly_score"": 4.5791, ""progress_anomaly_percentile"": 0.7737, ""financial_anomaly_score"": 0.1786}",2026-09-06T09:45:06.494738+00:00
MPLADS-003696,0.3865,NORMAL,"{""procurement_anomaly_score"": 1.5131, ""procurement_anomaly_percentile"": 0.5612, ""financial__sanctioned_amount"": 0.1003}",2026-09-06T09:45:06.494738+00:00
MPLADS-003697,0.0161,NORMAL,"{""financial_anomaly_score"": 0.0907, ""payment_anomaly_score"": 0.0855, ""payment_anomaly_percentile"": 0.051}",2026-09-06T09:45:06.494738+00:00
MPLADS-003698,0.0225,NORMAL,"{""project__planned_duration_days"": 0.0603, ""financial__sanctioned_amount"": 0.0403, ""graph_anomaly_percentile"": 0.0158}",2026-09-06T09:45:06.494738+00:00
MPLADS-003699,1.0,COST_OVERRUN,"{""progress_anomaly_score"": 2.5595, ""procurement_anomaly_score"": 0.4921, ""financial_anomaly_score"": 0.3995}",2026-09-06T09:45:06.494738+00:00
MPLADS-003700,0.0231,NORMAL,"{""contractor_anomaly_percentile"": 0.1215, ""mean_anomaly_score"": 0.0844, ""contractor_anomaly_score"": 0.0736}",2026-09-06T09:45:06.494738+00:00
MPLADS-003701,1.0,ABANDONED_WORK,"{""progress_anomaly_score"": 5.037, ""progress_anomaly_percentile"": 0.9775, ""payment_anomaly_score"": 0.1569}",2026-09-06T09:45:06.494738+00:00
MPLADS-003702,0.0225,NORMAL,"{""geo__infrastructure_gap_index"": 0.0747, ""payment_anomaly_percentile"": 0.0458, ""project__planned_duration_days"": 0.0382}",2026-09-06T09:45:06.494738+00:00
MPLADS-003703,0.0225,NORMAL,"{""geospatial_anomaly_score"": 0.2094, ""project__planned_duration_days"": 0.0486, ""geospatial_anomaly_percentile"": 0.0477}",2026-09-06T09:45:06.494738+00:00
MPLADS-003704,0.0182,NORMAL,"{""project__planned_duration_days"": 0.0552, ""geospatial_anomaly_score"": 0.0395, ""std_anomaly_score"": 0.0143}",2026-09-06T09:45:06.494738+00:00
MPLADS-003705,0.0225,NORMAL,"{""geospatial_anomaly_score"": 0.1438, ""project__planned_duration_days"": 0.0681, ""financial__sanctioned_amount"": 0.0615}",2026-09-06T09:45:06.494738+00:00
MPLADS-003706,0.0231,NORMAL,"{""financial__sanctioned_amount"": 0.1718, ""geospatial_anomaly_score"": 0.117, ""geospatial_anomaly_percentile"": 0.0257}",2026-09-06T09:45:06.494738+00:00
MPLADS-003707,0.0225,NORMAL,"{""geospatial_anomaly_score"": 0.1734, ""payment_anomaly_score"": 0.1349, ""geo__population_density"": 0.0679}",2026-09-06T09:45:06.494738+00:00
MPLADS-003708,0.0182,NORMAL,"{""mean_anomaly_score"": 0.066, ""graph_anomaly_score"": 0.0504, ""geospatial_anomaly_score"": 0.0287}",2026-09-06T09:45:06.494738+00:00
MPLADS-003709,0.0225,NORMAL,"{""project__planned_duration_days"": 0.0683, ""contractor_anomaly_score"": 0.0317, ""financial_anomaly_percentile"": 0.0027}",2026-09-06T09:45:06.494738+00:00
MPLADS-003710,0.0225,NORMAL,"{""geo__population_density"": 0.1444, ""contractor_anomaly_percentile"": 0.0766, ""project__planned_duration_days"": 0.0522}",2026-09-06T09:45:06.494738+00:00
MPLADS-003711,0.0161,NORMAL,"{""project__planned_duration_days"": 0.0738, ""geo__population_density"": 0.0615, ""payment_anomaly_score"": 0.0326}",2026-09-06T09:45:06.494738+00:00
MPLADS-003712,0.0231,NORMAL,"{""financial_anomaly_percentile"": 0.1049, ""project__planned_duration_days"": 0.0741, ""geo__infrastructure_gap_index"": 0.0635}",2026-09-06T09:45:06.494738+00:00
MPLADS-003713,0.0182,NORMAL,"{""project__planned_duration_days"": 0.0642, ""geospatial_anomaly_score"": 0.049, ""mean_anomaly_score"": 0.03}",2026-09-06T09:45:06.494738+00:00
MPLADS-003714,0.0231,NORMAL,"{""geo__infrastructure_gap_index"": 0.119, ""procurement_anomaly_percentile"": 0.0685, ""project__planned_duration_days"": 0.043}",2026-09-06T09:45:06.494738+00:00
MPLADS-003715,1.0,COST_OVERRUN,"{""progress_anomaly_score"": 4.9976, ""progress_anomaly_percentile"": 0.8369, ""financial_anomaly_score"": 0.1319}",2026-09-06T09:45:06.494738+00:00
MPLADS-003716,1.0,ABANDONED_WORK,"{""progress_anomaly_score"": 5.7223, ""progress_anomaly_percentile"": 0.9733, ""payment_anomaly_score"": 0.0956}",2026-09-06T09:45:06.494738+00:00
MPLADS-003717,0.0231,NORMAL,"{""geo__population_density"": 0.2371, ""geospatial_anomaly_score"": 0.0778, ""project__planned_duration_days"": 0.0479}",2026-09-06T09:45:06.494738+00:00
MPLADS-003718,0.011,NORMAL,"{""financial_anomaly_score"": 0.1621, ""payment_anomaly_score"": 0.0828, ""financial_anomaly_percentile"": 0.0687}",2026-09-06T09:45:06.494738+00:00
MPLADS-003719,1.0,ABANDONED_WORK,"{""progress_anomaly_score"": 4.6811, ""progress_anomaly_percentile"": 0.8196, ""financial_anomaly_score"": 0.2107}",2026-09-06T09:45:06.494738+00:00
MPLADS-003720,0.0225,NORMAL,"{""mean_anomaly_score"": 0.0393, ""project__planned_duration_days"": 0.0273, ""financial__sanctioned_amount"": 0.0103}",2026-09-06T09:45:06.494738+00:00
MPLADS-003721,0.0231,NORMAL,"{""geo__population_density"": 0.1627, ""procurement_anomaly_percentile"": 0.1108, ""geo__infrastructure_gap_index"": 0.1033}",2026-09-06T09:45:06.494738+00:00
MPLADS-003722,0.0225,NORMAL,"{""financial__sanctioned_amount"": 0.14, ""geospatial_anomaly_score"": 0.0631, ""payment_anomaly_percentile"": 0.0298}",2026-09-06T09:45:06.494738+00:00
MPLADS-003723,0.0314,NORMAL,"{""std_anomaly_score"": 0.2668, ""geo__population_density"": 0.0814, ""geospatial_anomaly_score"": 0.052}",2026-09-06T09:45:06.494738+00:00
MPLADS-003724,0.0182,NORMAL,"{""financial__sanctioned_amount"": 0.2256, ""std_anomaly_score"": 0.0746, ""geospatial_anomaly_score"": 0.0679}",2026-09-06T09:45:06.494738+00:00
MPLADS-003725,0.0314,NORMAL,"{""geo__population_density"": 0.182, ""financial__sanctioned_amount"": 0.125, ""geo__infrastructure_gap_index"": 0.1045}",2026-09-06T09:45:06.494738+00:00
MPLADS-003726,0.0231,NORMAL,"{""financial__sanctioned_amount"": 0.1656, ""contractor_anomaly_score"": 0.0982, ""contractor_anomaly_percentile"": 0.0828}",2026-09-06T09:45:06.494738+00:00
MPLADS-003727,0.0231,NORMAL,"{""contractor_anomaly_score"": 0.0076, ""graph_anomaly_percentile"": 0.0025, ""num_flagged_models"": 0.0014}",2026-09-06T09:45:06.494738+00:00
MPLADS-003728,0.1532,NORMAL,"{""progress_anomaly_score"": 0.7117, ""financial__sanctioned_amount"": 0.1616, ""progress_anomaly_percentile"": 0.1048}",2026-09-06T09:45:06.494738+00:00
MPLADS-003729,0.0231,NORMAL,"{""financial__sanctioned_amount"": 0.1595, ""geo__population_density"": 0.1186, ""graph_anomaly_score"": 0.076}",2026-09-06T09:45:06.494738+00:00
MPLADS-003730,0.0225,NORMAL,"{""geo__infrastructure_gap_index"": 0.1075, ""geospatial_anomaly_score"": 0.0598, ""project__planned_duration_days"": 0.0311}",2026-09-06T09:45:06.494738+00:00
MPLADS-003731,0.0182,NORMAL,"{""financial__sanctioned_amount"": 0.0785, ""graph_anomaly_score"": 0.0209, ""payment_anomaly_percentile"": 0.01}",2026-09-06T09:45:06.494738+00:00
MPLADS-003732,0.0159,NORMAL,"{""geo__infrastructure_gap_index"": 0.1912, ""payment_anomaly_score"": 0.1032, ""mean_anomaly_score"": 0.0669}",2026-09-06T09:45:06.494738+00:00
MPLADS-003733,0.0345,NORMAL,"{""geo__population_density"": 0.1703, ""geo__infrastructure_gap_index"": 0.1417, ""financial__sanctioned_amount"": 0.1045}",2026-09-06T09:45:06.494738+00:00
MPLADS-003734,0.0088,NORMAL,"{""financial_anomaly_score"": 0.0885, ""geo__population_density"": 0.0433, ""project__planned_duration_days"": 0.0332}",2026-09-06T09:45:06.494738+00:00
MPLADS-003735,0.0231,NORMAL,"{""geo__population_density"": 0.2629, ""geospatial_anomaly_score"": 0.0725, ""mean_anomaly_score"": 0.061}",2026-09-06T09:45:06.494738+00:00
MPLADS-003736,0.0182,NORMAL,"{""geo__infrastructure_gap_index"": 0.1031, ""geospatial_anomaly_score"": 0.0795, ""graph_anomaly_score"": 0.0524}",2026-09-06T09:45:06.494738+00:00
MPLADS-003737,1.0,COST_OVERRUN,"{""progress_anomaly_score"": 2.7863, ""procurement_anomaly_score"": 0.4859, ""progress_anomaly_percentile"": 0.4102}",2026-09-06T09:45:06.494738+00:00
MPLADS-003738,0.0314,NORMAL,"{""financial_anomaly_score"": 0.1829, ""financial__sanctioned_amount"": 0.1377, ""payment_anomaly_score"": 0.0594}",2026-09-06T09:45:06.494738+00:00
MPLADS-003739,0.0182,NORMAL,"{""geo__population_density"": 0.1024, ""project__planned_duration_days"": 0.0575, ""financial__sanctioned_amount"": 0.0398}",2026-09-06T09:45:06.494738+00:00
MPLADS-003740,0.011,NORMAL,"{""financial_anomaly_percentile"": 0.0526, ""financial_anomaly_score"": 0.0403, ""project__planned_duration_days"": 0.0265}",2026-09-06T09:45:06.494738+00:00
MPLADS-003741,0.0225,NORMAL,"{""financial__sanctioned_amount"": 0.1552, ""financial_anomaly_percentile"": 0.0836, ""payment_anomaly_percentile"": 0.0608}",2026-09-06T09:45:06.494738+00:00
MPLADS-003742,0.2253,NORMAL,"{""financial_anomaly_score"": 0.5618, ""procurement_anomaly_percentile"": 0.4944, ""geospatial_anomaly_score"": 0.1976}",2026-09-06T09:45:06.494738+00:00
MPLADS-003743,0.2672,NORMAL,"{""procurement_anomaly_score"": 1.6873, ""procurement_anomaly_percentile"": 0.6567, ""max_anomaly_score"": 0.086}",2026-09-06T09:45:06.494738+00:00
MPLADS-003744,0.0182,NORMAL,"{""geospatial_anomaly_score"": 0.1137, ""geo__population_density"": 0.1124, ""project__planned_duration_days"": 0.0431}",2026-09-06T09:45:06.494738+00:00
MPLADS-003745,0.0231,NORMAL,"{""financial__sanctioned_amount"": 0.1594, ""geospatial_anomaly_score"": 0.0685, ""mean_anomaly_score"": 0.0586}",2026-09-06T09:45:06.494738+00:00
MPLADS-003746,0.0182,NORMAL,"{""financial_anomaly_score"": 0.2199, ""financial_anomaly_percentile"": 0.0995, ""payment_anomaly_percentile"": 0.0822}",2026-09-06T09:45:06.494738+00:00
MPLADS-003747,0.0231,NORMAL,"{""geospatial_anomaly_score"": 0.2221, ""geo__infrastructure_gap_index"": 0.0931, ""project__planned_duration_days"": 0.074}",2026-09-06T09:45:06.494738+00:00
MPLADS-003748,0.0161,NORMAL,"{""payment_anomaly_score"": 0.0849, ""project__planned_duration_days"": 0.0632, ""graph_anomaly_score"": 0.0373}",2026-09-06T09:45:06.494738+00:00
MPLADS-003749,0.3136,NORMAL,"{""procurement_anomaly_score"": 1.3392, ""procurement_anomaly_percentile"": 0.516, ""geospatial_anomaly_percentile"": 0.1744}",2026-09-06T09:45:06.494738+00:00
MPLADS-003750,0.0182,NORMAL,"{""geo__population_density"": 0.2552, ""geospatial_anomaly_score"": 0.2308, ""project__planned_duration_days"": 0.0638}",2026-09-06T09:45:06.494738+00:00
MPLADS-003751,1.0,DELAYED_WORK,"{""progress_anomaly_score"": 4.8271, ""progress_anomaly_percentile"": 0.8417, ""financial_anomaly_score"": 0.1816}",2026-09-06T09:45:06.494738+00:00
MPLADS-003752,0.8857,COST_OVERRUN,"{""procurement_anomaly_score"": 0.7021, ""progress_anomaly_score"": 0.6994, ""procurement_anomaly_percentile"": 0.4637}",2026-09-06T09:45:06.494738+00:00
MPLADS-003753,0.0225,NORMAL,"{""geospatial_anomaly_score"": 0.1094, ""project__planned_duration_days"": 0.0405, ""geospatial_anomaly_percentile"": 0.0305}",2026-09-06T09:45:06.494738+00:00
MPLADS-003754,0.0225,NORMAL,"{""mean_anomaly_score"": 0.0631, ""geospatial_anomaly_score"": 0.0373, ""geospatial_anomaly_percentile"": 0.0172}",2026-09-06T09:45:06.494738+00:00
MPLADS-003755,0.0182,NORMAL,"{""financial__sanctioned_amount"": 0.2015, ""geo__population_density"": 0.1384, ""payment_anomaly_percentile"": 0.0352}",2026-09-06T09:45:06.494738+00:00
MPLADS-003756,1.0,COST_OVERRUN,"{""progress_anomaly_score"": 4.4362, ""progress_anomaly_percentile"": 0.8379, ""procurement_anomaly_score"": 0.3305}",2026-09-06T09:45:06.494738+00:00
MPLADS-003757,0.0231,NORMAL,"{""financial__sanctioned_amount"": 0.2958, ""procurement_anomaly_percentile"": 0.0908, ""financial_anomaly_percentile"": 0.0524}",2026-09-06T09:45:06.494738+00:00
MPLADS-003758,0.0345,NORMAL,"{""geo__infrastructure_gap_index"": 0.0939, ""geospatial_anomaly_score"": 0.0882, ""contractor_anomaly_score"": 0.0593}",2026-09-06T09:45:06.494738+00:00
MPLADS-003759,0.0225,NORMAL,"{""financial__sanctioned_amount"": 0.2364, ""geo__infrastructure_gap_index"": 0.1916, ""geospatial_anomaly_score"": 0.0825}",2026-09-06T09:45:06.494738+00:00
MPLADS-003760,0.0231,NORMAL,"{""geospatial_anomaly_percentile"": 0.2187, ""geospatial_anomaly_score"": 0.1722, ""financial__sanctioned_amount"": 0.0726}",2026-09-06T09:45:06.494738+00:00
MPLADS-003761,0.0231,NORMAL,"{""financial__sanctioned_amount"": 0.236, ""payment_anomaly_score"": 0.1543, ""geo__infrastructure_gap_index"": 0.0909}",2026-09-06T09:45:06.494738+00:00
MPLADS-003762,0.3692,NORMAL,"{""procurement_anomaly_score"": 1.4829, ""procurement_anomaly_percentile"": 0.5318, ""financial_anomaly_percentile"": 0.0589}",2026-09-06T09:45:06.494738+00:00
MPLADS-003763,0.0231,NORMAL,"{""geo__population_density"": 0.1493, ""geospatial_anomaly_score"": 0.0709, ""project__planned_duration_days"": 0.0619}",2026-09-06T09:45:06.494738+00:00
MPLADS-003764,0.011,NORMAL,"{""project__planned_duration_days"": 0.0674, ""geospatial_anomaly_score"": 0.0374, ""payment_anomaly_percentile"": 0.032}",2026-09-06T09:45:06.494738+00:00
MPLADS-003765,0.0182,NORMAL,"{""std_anomaly_score"": 0.0277, ""num_flagged_models"": 0.0014, ""project_size_code"": 0.0}",2026-09-06T09:45:06.494738+00:00
MPLADS-003766,0.0231,NORMAL,"{""project__planned_duration_days"": 0.0643, ""procurement_anomaly_percentile"": 0.0501, ""contractor_anomaly_score"": 0.0058}",2026-09-06T09:45:06.494738+00:00
MPLADS-003767,0.0379,NORMAL,"{""geo__population_density"": 0.2244, ""project__planned_duration_days"": 0.0583, ""geospatial_anomaly_score"": 0.0049}",2026-09-06T09:45:06.494738+00:00
MPLADS-003768,0.0345,NORMAL,"{""geo__population_density"": 0.5305, ""graph_anomaly_score"": 0.0643, ""financial__sanctioned_amount"": 0.0357}",2026-09-06T09:45:06.494738+00:00
MPLADS-003769,0.451,NORMAL,"{""procurement_anomaly_score"": 1.6499, ""procurement_anomaly_percentile"": 0.5949, ""geospatial_anomaly_score"": 0.1482}",2026-09-06T09:45:06.494738+00:00
MPLADS-003770,0.0992,NORMAL,"{""financial_anomaly_score"": 0.4614, ""payment_anomaly_score"": 0.4029, ""geospatial_anomaly_score"": 0.1796}",2026-09-06T09:45:06.494738+00:00
MPLADS-003771,0.0231,NORMAL,"{""geo__population_density"": 0.2496, ""financial__sanctioned_amount"": 0.215, ""graph_anomaly_score"": 0.0454}",2026-09-06T09:45:06.494738+00:00
MPLADS-003772,1.0,PAYMENT_PROGRESS_MISMATCH,"{""progress_anomaly_score"": 4.7916, ""progress_anomaly_percentile"": 0.9039, ""payment_anomaly_score"": 0.3716}",2026-09-06T09:45:06.494738+00:00
MPLADS-003773,0.0182,NORMAL,"{""financial__sanctioned_amount"": 0.2148, ""graph_anomaly_percentile"": 0.0161, ""num_flagged_models"": 0.0014}",2026-09-06T09:45:06.494738+00:00
MPLADS-003774,1.0,ABANDONED_WORK,"{""progress_anomaly_score"": 5.165, ""progress_anomaly_percentile"": 0.8876, ""financial_anomaly_score"": 0.165}",2026-09-06T09:45:06.494738+00:00
MPLADS-003775,0.021,NORMAL,"{""geospatial_anomaly_score"": 0.0973, ""project__planned_duration_days"": 0.0674, ""payment_anomaly_percentile"": 0.0366}",2026-09-06T09:45:06.494738+00:00
MPLADS-003776,0.021,NORMAL,"{""financial__sanctioned_amount"": 0.0498, ""geospatial_anomaly_score"": 0.0468, ""project__planned_duration_days"": 0.0353}",2026-09-06T09:45:06.494738+00:00
MPLADS-003777,0.0225,NORMAL,"{""geospatial_anomaly_percentile"": 0.1848, ""geospatial_anomaly_score"": 0.0695, ""project__planned_duration_days"": 0.0566}",2026-09-06T09:45:06.494738+00:00
MPLADS-003778,0.0231,NORMAL,"{""mean_anomaly_score"": 0.0498, ""project__planned_duration_days"": 0.0414, ""geospatial_anomaly_score"": 0.0386}",2026-09-06T09:45:06.494738+00:00
MPLADS-003779,1.0,DELAYED_WORK,"{""progress_anomaly_score"": 4.8256, ""progress_anomaly_percentile"": 0.8238, ""financial_anomaly_score"": 0.2074}",2026-09-06T09:45:06.494738+00:00
MPLADS-003780,0.1698,NORMAL,"{""geo__population_density"": 0.3812, ""std_anomaly_score"": 0.2573, ""geospatial_anomaly_score"": 0.1902}",2026-09-06T09:45:06.494738+00:00
MPLADS-003781,0.0182,NORMAL,"{""financial_anomaly_percentile"": 0.0506, ""payment_anomaly_percentile"": 0.0326, ""project__planned_duration_days"": 0.0256}",2026-09-06T09:45:06.494738+00:00
MPLADS-003782,0.0182,NORMAL,"{""geo__population_density"": 0.1712, ""graph_anomaly_percentile"": 0.0867, ""graph_anomaly_score"": 0.0731}",2026-09-06T09:45:06.494738+00:00
MPLADS-003783,0.0231,NORMAL,"{""geospatial_anomaly_score"": 0.1366, ""financial__sanctioned_amount"": 0.085, ""graph_anomaly_score"": 0.0501}",2026-09-06T09:45:06.494738+00:00
MPLADS-003784,0.0231,NORMAL,"{""financial__sanctioned_amount"": 0.3517, ""geospatial_anomaly_score"": 0.1918, ""procurement_anomaly_percentile"": 0.1374}",2026-09-06T09:45:06.494738+00:00
MPLADS-003785,0.0262,NORMAL,"{""financial__sanctioned_amount"": 0.1899, ""payment_anomaly_score"": 0.183, ""contractor_anomaly_score"": 0.1065}",2026-09-06T09:45:06.494738+00:00
MPLADS-003786,0.0182,NORMAL,"{""project__planned_duration_days"": 0.0571, ""geospatial_anomaly_score"": 0.0496, ""geospatial_anomaly_percentile"": 0.0173}",2026-09-06T09:45:06.494738+00:00
MPLADS-003787,0.0153,NORMAL,"{""geo__infrastructure_gap_index"": 0.0817, ""payment_anomaly_percentile"": 0.0411, ""financial_anomaly_percentile"": 0.0408}",2026-09-06T09:45:06.494738+00:00
MPLADS-003788,0.0314,NORMAL,"{""geo__population_density"": 0.1839, ""geospatial_anomaly_score"": 0.1244, ""graph_anomaly_score"": 0.0853}",2026-09-06T09:45:06.494738+00:00
MPLADS-003789,0.0225,NORMAL,"{""procurement_anomaly_score"": 0.315, ""procurement_anomaly_percentile"": 0.2253, ""max_anomaly_score"": 0.0681}",2026-09-06T09:45:06.494738+00:00
MPLADS-003790,0.0231,NORMAL,"{""financial__sanctioned_amount"": 0.2548, ""geo__infrastructure_gap_index"": 0.1187, ""payment_anomaly_score"": 0.1116}",2026-09-06T09:45:06.494738+00:00
MPLADS-003791,0.0231,NORMAL,"{""geospatial_anomaly_score"": 0.0774, ""geo__infrastructure_gap_index"": 0.0773, ""geo__population_density"": 0.0694}",2026-09-06T09:45:06.494738+00:00
MPLADS-003792,0.0314,NORMAL,"{""geo__population_density"": 0.2761, ""geospatial_anomaly_score"": 0.213, ""geospatial_anomaly_percentile"": 0.0752}",2026-09-06T09:45:06.494738+00:00
MPLADS-003793,0.0161,NORMAL,"{""project__planned_duration_days"": 0.0588, ""contractor_anomaly_score"": 0.029, ""graph_anomaly_score"": 0.0197}",2026-09-06T09:45:06.494738+00:00
MPLADS-003794,0.0225,NORMAL,"{""mean_anomaly_score"": 0.0286, ""financial__sanctioned_amount"": 0.0261, ""max_anomaly_score"": 0.0235}",2026-09-06T09:45:06.494738+00:00
MPLADS-003795,0.0231,NORMAL,"{""financial__sanctioned_amount"": 0.2387, ""geo__population_density"": 0.104, ""financial_anomaly_percentile"": 0.0761}",2026-09-06T09:45:06.494738+00:00
MPLADS-003796,1.0,PAYMENT_PROGRESS_MISMATCH,"{""progress_anomaly_score"": 5.1829, ""progress_anomaly_percentile"": 0.8801, ""geospatial_anomaly_score"": 0.0845}",2026-09-06T09:45:06.494738+00:00
MPLADS-003797,0.011,NORMAL,"{""geo__infrastructure_gap_index"": 0.066, ""project__planned_duration_days"": 0.0321, ""payment_anomaly_percentile"": 0.0237}",2026-09-06T09:45:06.494738+00:00
MPLADS-003798,0.0182,NORMAL,"{""financial__sanctioned_amount"": 0.1431, ""financial_anomaly_percentile"": 0.0779, ""payment_anomaly_score"": 0.0612}",2026-09-06T09:45:06.494738+00:00
MPLADS-003799,0.0182,NORMAL,"{""financial_anomaly_percentile"": 0.0668, ""payment_anomaly_percentile"": 0.026, ""project__planned_duration_days"": 0.0229}",2026-09-06T09:45:06.494738+00:00
MPLADS-003800,0.2707,NORMAL,"{""procurement_anomaly_score"": 1.5387, ""procurement_anomaly_percentile"": 0.4329, ""geo__population_density"": 0.1843}",2026-09-06T09:45:06.494738+00:00
MPLADS-003801,0.0225,NORMAL,"{""geo__infrastructure_gap_index"": 0.082, ""geospatial_anomaly_score"": 0.072, ""project__planned_duration_days"": 0.0502}",2026-09-06T09:45:06.494738+00:00
MPLADS-003802,0.0314,NORMAL,"{""procurement_anomaly_score"": 0.6384, ""procurement_anomaly_percentile"": 0.2892, ""project__planned_duration_days"": 0.0559}",2026-09-06T09:45:06.494738+00:00
MPLADS-003803,0.0308,NORMAL,"{""graph_anomaly_score"": 0.0654, ""financial__sanctioned_amount"": 0.0511, ""payment_anomaly_percentile"": 0.0475}",2026-09-06T09:45:06.494738+00:00
MPLADS-003804,0.0314,NORMAL,"{""geo__population_density"": 0.1861, ""financial__sanctioned_amount"": 0.1383, ""payment_anomaly_score"": 0.0878}",2026-09-06T09:45:06.494738+00:00
MPLADS-003805,0.0231,NORMAL,"{""financial__sanctioned_amount"": 0.3041, ""procurement_anomaly_percentile"": 0.1037, ""graph_anomaly_percentile"": 0.0808}",2026-09-06T09:45:06.494738+00:00
MPLADS-003806,0.0182,NORMAL,"{""geospatial_anomaly_percentile"": 0.1607, ""graph_anomaly_score"": 0.1055, ""geospatial_anomaly_score"": 0.0989}",2026-09-06T09:45:06.494738+00:00
MPLADS-003807,1.0,COST_OVERRUN,"{""progress_anomaly_score"": 4.495, ""progress_anomaly_percentile"": 0.8366, ""procurement_anomaly_score"": 0.2477}",2026-09-06T09:45:06.494738+00:00
MPLADS-003808,0.0225,NORMAL,"{""financial__sanctioned_amount"": 0.216, ""std_anomaly_score"": 0.009, ""num_flagged_models"": 0.0014}",2026-09-06T09:45:06.494738+00:00
MPLADS-003809,0.0231,NORMAL,"{""financial__sanctioned_amount"": 0.2745, ""payment_anomaly_score"": 0.1376, ""payment_anomaly_percentile"": 0.0187}",2026-09-06T09:45:06.494738+00:00
MPLADS-003810,0.0314,NORMAL,"{""financial__sanctioned_amount"": 0.2048, ""contractor_anomaly_percentile"": 0.1091, ""contractor_anomaly_score"": 0.0827}",2026-09-06T09:45:06.494738+00:00
MPLADS-003811,1.0,PAYMENT_PROGRESS_MISMATCH,"{""progress_anomaly_score"": 5.2121, ""progress_anomaly_percentile"": 0.8786, ""geo__population_density"": 0.1219}",2026-09-06T09:45:06.494738+00:00
MPLADS-003812,0.0664,NORMAL,"{""financial__sanctioned_amount"": 0.1621, ""mean_anomaly_score"": 0.1253, ""geospatial_anomaly_score"": 0.1008}",2026-09-06T09:45:06.494738+00:00
MPLADS-003813,0.0525,NORMAL,"{""geo__population_density"": 0.2638, ""geospatial_anomaly_score"": 0.1117, ""geospatial_anomaly_percentile"": 0.102}",2026-09-06T09:45:06.494738+00:00
MPLADS-003814,1.0,GHOST_WORK,"{""progress_anomaly_score"": 5.0554, ""progress_anomaly_percentile"": 0.8204, ""payment_anomaly_score"": 0.2297}",2026-09-06T09:45:06.494738+00:00
MPLADS-003815,0.5635,PROCUREMENT_SINGLE_BID,"{""procurement_anomaly_score"": 1.9941, ""procurement_anomaly_percentile"": 0.85, ""max_anomaly_score"": 0.1862}",2026-09-06T09:45:06.494738+00:00
MPLADS-003816,0.0308,NORMAL,"{""financial__sanctioned_amount"": 0.1456, ""geo__population_density"": 0.1372, ""payment_anomaly_score"": 0.0688}",2026-09-06T09:45:06.494738+00:00
MPLADS-003817,0.0231,NORMAL,"{""geo__infrastructure_gap_index"": 0.0999, ""geospatial_anomaly_score"": 0.0688, ""project__planned_duration_days"": 0.0461}",2026-09-06T09:45:06.494738+00:00
MPLADS-003818,0.0225,NORMAL,"{""geo__infrastructure_gap_index"": 0.093, ""geospatial_anomaly_score"": 0.0858, ""financial__sanctioned_amount"": 0.0525}",2026-09-06T09:45:06.494738+00:00
MPLADS-003819,0.0308,NORMAL,"{""geospatial_anomaly_score"": 0.1343, ""geo__population_density"": 0.1305, ""geospatial_anomaly_percentile"": 0.0873}",2026-09-06T09:45:06.494738+00:00
MPLADS-003820,0.0231,NORMAL,"{""geo__population_density"": 0.1875, ""geospatial_anomaly_score"": 0.0672, ""financial__sanctioned_amount"": 0.0419}",2026-09-06T09:45:06.494738+00:00
MPLADS-003821,0.0231,NORMAL,"{""geospatial_anomaly_score"": 0.2125, ""geo__infrastructure_gap_index"": 0.1228, ""project__planned_duration_days"": 0.0692}",2026-09-06T09:45:06.494738+00:00
MPLADS-003822,0.0182,NORMAL,"{""financial__sanctioned_amount"": 0.111, ""geo__infrastructure_gap_index"": 0.0366, ""graph_anomaly_percentile"": 0.005}",2026-09-06T09:45:06.494738+00:00
MPLADS-003823,1.0,DELAYED_WORK,"{""progress_anomaly_score"": 4.647, ""progress_anomaly_percentile"": 0.7531, ""financial_anomaly_score"": 0.231}",2026-09-06T09:45:06.494738+00:00
MPLADS-003824,0.4145,NORMAL,"{""procurement_anomaly_score"": 1.487, ""procurement_anomaly_percentile"": 0.5837, ""geo__population_density"": 0.1916}",2026-09-06T09:45:06.494738+00:00
MPLADS-003825,0.4755,NORMAL,"{""procurement_anomaly_score"": 1.6582, ""procurement_anomaly_percentile"": 0.6987, ""max_anomaly_score"": 0.1145}",2026-09-06T09:45:06.494738+00:00
MPLADS-003826,0.0231,NORMAL,"{""geo__infrastructure_gap_index"": 0.0878, ""project__planned_duration_days"": 0.0593, ""graph_anomaly_score"": 0.0103}",2026-09-06T09:45:06.494738+00:00
MPLADS-003827,0.0182,NORMAL,"{""geo__infrastructure_gap_index"": 0.1208, ""financial_anomaly_percentile"": 0.0556, ""geo__population_density"": 0.0356}",2026-09-06T09:45:06.494738+00:00
MPLADS-003828,0.0314,NORMAL,"{""geo__population_density"": 0.3452, ""financial__sanctioned_amount"": 0.2202, ""geospatial_anomaly_score"": 0.0837}",2026-09-06T09:45:06.494738+00:00
MPLADS-003829,0.0231,NORMAL,"{""progress_anomaly_score"": 0.3348, ""geo__population_density"": 0.133, ""financial__sanctioned_amount"": 0.1308}",2026-09-06T09:45:06.494738+00:00
MPLADS-003830,0.0182,NORMAL,"{""financial_anomaly_percentile"": 0.078, ""geospatial_anomaly_score"": 0.0578, ""project__planned_duration_days"": 0.057}",2026-09-06T09:45:06.494738+00:00
MPLADS-003831,0.0182,NORMAL,"{""project__planned_duration_days"": 0.0357, ""financial__sanctioned_amount"": 0.0232, ""geospatial_anomaly_percentile"": 0.0062}",2026-09-06T09:45:06.494738+00:00
MPLADS-003832,0.0225,NORMAL,"{""geo__infrastructure_gap_index"": 0.0643, ""mean_anomaly_score"": 0.0628, ""project__planned_duration_days"": 0.0547}",2026-09-06T09:45:06.494738+00:00
MPLADS-003833,1.0,DELAYED_WORK,"{""progress_anomaly_score"": 4.4654, ""progress_anomaly_percentile"": 0.7794, ""procurement_anomaly_score"": 0.2957}",2026-09-06T09:45:06.494738+00:00
MPLADS-003834,0.0182,NORMAL,"{""geo__population_density"": 0.1273, ""mean_anomaly_score"": 0.0211, ""financial_anomaly_score"": 0.0202}",2026-09-06T09:45:06.494738+00:00
MPLADS-003835,0.0658,NORMAL,"{""financial__sanctioned_amount"": 0.1278, ""financial_anomaly_score"": 0.1261, ""geo__infrastructure_gap_index"": 0.1041}",2026-09-06T09:45:06.494738+00:00
MPLADS-003836,0.4019,NORMAL,"{""procurement_anomaly_score"": 1.5369, ""procurement_anomaly_percentile"": 0.6821, ""financial__sanctioned_amount"": 0.2208}",2026-09-06T09:45:06.494738+00:00
MPLADS-003837,0.0153,NORMAL,"{""geo__population_density"": 0.2899, ""geo__infrastructure_gap_index"": 0.2338, ""payment_anomaly_percentile"": 0.0378}",2026-09-06T09:45:06.494738+00:00
MPLADS-003838,0.0182,NORMAL,"{""project__planned_duration_days"": 0.0223, ""financial__sanctioned_amount"": 0.018, ""payment_anomaly_percentile"": 0.0179}",2026-09-06T09:45:06.494738+00:00
MPLADS-003839,0.0225,NORMAL,"{""financial__sanctioned_amount"": 0.2078, ""std_anomaly_score"": 0.0892, ""financial_anomaly_percentile"": 0.0617}",2026-09-06T09:45:06.494738+00:00
MPLADS-003840,0.0182,NORMAL,"{""contractor_anomaly_percentile"": 0.0083, ""mean_anomaly_score"": 0.0079, ""graph_anomaly_percentile"": 0.0069}",2026-09-06T09:45:06.494738+00:00
MPLADS-003841,0.0182,NORMAL,"{""financial_anomaly_score"": 0.0642, ""project__planned_duration_days"": 0.0504, ""geospatial_anomaly_score"": 0.0473}",2026-09-06T09:45:06.494738+00:00
MPLADS-003842,0.0231,NORMAL,"{""mean_anomaly_score"": 0.0799, ""project__planned_duration_days"": 0.0439, ""financial__sanctioned_amount"": 0.0336}",2026-09-06T09:45:06.494738+00:00
MPLADS-003843,1.0,DELAYED_WORK,"{""progress_anomaly_score"": 5.0253, ""progress_anomaly_percentile"": 0.87, ""payment_anomaly_score"": 0.2065}",2026-09-06T09:45:06.494738+00:00
MPLADS-003844,0.0225,NORMAL,"{""geo__population_density"": 0.1674, ""geospatial_anomaly_score"": 0.1003, ""geo__infrastructure_gap_index"": 0.0611}",2026-09-06T09:45:06.494738+00:00
MPLADS-003845,0.0182,NORMAL,"{""geo__population_density"": 0.2464, ""geospatial_anomaly_percentile"": 0.1877, ""geospatial_anomaly_score"": 0.0968}",2026-09-06T09:45:06.494738+00:00
MPLADS-003846,0.0231,NORMAL,"{""financial__sanctioned_amount"": 0.1234, ""financial_anomaly_percentile"": 0.0918, ""financial_anomaly_score"": 0.0632}",2026-09-06T09:45:06.494738+00:00
MPLADS-003847,0.0182,NORMAL,"{""payment_anomaly_score"": 0.0949, ""payment_anomaly_percentile"": 0.0475, ""project__planned_duration_days"": 0.0361}",2026-09-06T09:45:06.494738+00:00
MPLADS-003848,0.2973,NORMAL,"{""procurement_anomaly_score"": 1.5776, ""procurement_anomaly_percentile"": 0.513, ""geospatial_anomaly_score"": 0.0881}",2026-09-06T09:45:06.494738+00:00
MPLADS-003849,0.0314,NORMAL,"{""geo__population_density"": 0.1987, ""payment_anomaly_score"": 0.0559, ""geospatial_anomaly_score"": 0.0353}",2026-09-06T09:45:06.494738+00:00
MPLADS-003850,1.0,COST_OVERRUN,"{""progress_anomaly_score"": 4.6208, ""progress_anomaly_percentile"": 0.8262, ""procurement_anomaly_score"": 0.2335}",2026-09-06T09:45:06.494738+00:00
MPLADS-003851,0.8857,COST_OVERRUN,"{""progress_anomaly_score"": 2.591, ""financial_anomaly_score"": 0.4374, ""progress_anomaly_percentile"": 0.3396}",2026-09-06T09:45:06.494738+00:00
MPLADS-003852,0.0225,NORMAL,"{""project__planned_duration_days"": 0.0592, ""financial_anomaly_percentile"": 0.0534, ""payment_anomaly_percentile"": 0.0455}",2026-09-06T09:45:06.494738+00:00
MPLADS-003853,0.1266,NORMAL,"{""procurement_anomaly_score"": 1.3327, ""procurement_anomaly_percentile"": 0.3498, ""std_anomaly_score"": 0.0754}",2026-09-06T09:45:06.494738+00:00
MPLADS-003854,1.0,DOCUMENTATION_DEFICIT,"{""progress_anomaly_score"": 5.0972, ""progress_anomaly_percentile"": 0.8995, ""payment_anomaly_score"": 0.1494}",2026-09-06T09:45:06.494738+00:00
MPLADS-003855,0.0592,NORMAL,"{""geo__population_density"": 0.2903, ""geospatial_anomaly_score"": 0.1075, ""project__planned_duration_days"": 0.0409}",2026-09-06T09:45:06.494738+00:00
MPLADS-003856,0.0182,NORMAL,"{""geo__population_density"": 0.1, ""financial_anomaly_percentile"": 0.055, ""geo__infrastructure_gap_index"": 0.0473}",2026-09-06T09:45:06.494738+00:00
MPLADS-003857,0.011,NORMAL,"{""geo__infrastructure_gap_index"": 0.094, ""project__planned_duration_days"": 0.0368, ""payment_anomaly_percentile"": 0.0235}",2026-09-06T09:45:06.494738+00:00
MPLADS-003858,0.0182,NORMAL,"{""graph_anomaly_score"": 0.1487, ""geo__population_density"": 0.1373, ""geo__infrastructure_gap_index"": 0.0432}",2026-09-06T09:45:06.494738+00:00
MPLADS-003859,0.0265,NORMAL,"{""mean_anomaly_score"": 0.0813, ""project__planned_duration_days"": 0.0502, ""geospatial_anomaly_percentile"": 0.0229}",2026-09-06T09:45:06.494738+00:00
MPLADS-003860,0.0314,NORMAL,"{""financial_anomaly_score"": 0.3644, ""financial__sanctioned_amount"": 0.1805, ""geo__infrastructure_gap_index"": 0.1773}",2026-09-06T09:45:06.494738+00:00
MPLADS-003861,0.0182,NORMAL,"{""payment_anomaly_score"": 0.0736, ""project__planned_duration_days"": 0.0522, ""graph_anomaly_score"": 0.0375}",2026-09-06T09:45:06.494738+00:00
MPLADS-003862,0.011,NORMAL,"{""financial__sanctioned_amount"": 0.3631, ""payment_anomaly_score"": 0.1257, ""payment_anomaly_percentile"": 0.1165}",2026-09-06T09:45:06.494738+00:00
MPLADS-003863,0.0182,NORMAL,"{""payment_anomaly_score"": 0.0597, ""financial_anomaly_percentile"": 0.0451, ""project__planned_duration_days"": 0.0332}",2026-09-06T09:45:06.494738+00:00
MPLADS-003864,0.0231,NORMAL,"{""mean_anomaly_score"": 0.0885, ""geo__infrastructure_gap_index"": 0.0544, ""financial__sanctioned_amount"": 0.0408}",2026-09-06T09:45:06.494738+00:00
MPLADS-003865,1.0,DELAYED_WORK,"{""progress_anomaly_score"": 5.0786, ""progress_anomaly_percentile"": 0.8674, ""financial_anomaly_score"": 0.1418}",2026-09-06T09:45:06.494738+00:00
MPLADS-003866,0.0225,NORMAL,"{""financial__sanctioned_amount"": 0.1889, ""geospatial_anomaly_percentile"": 0.0648, ""geospatial_anomaly_score"": 0.0646}",2026-09-06T09:45:06.494738+00:00
MPLADS-003867,0.0182,NORMAL,"{""geo__infrastructure_gap_index"": 0.2184, ""geo__population_density"": 0.1521, ""mean_anomaly_score"": 0.058}",2026-09-06T09:45:06.494738+00:00
MPLADS-003868,1.0,COST_OVERRUN,"{""progress_anomaly_score"": 4.825, ""progress_anomaly_percentile"": 0.9525, ""procurement_anomaly_score"": 0.2756}",2026-09-06T09:45:06.494738+00:00
MPLADS-003869,0.0308,NORMAL,"{""geo__population_density"": 0.2093, ""financial__sanctioned_amount"": 0.057, ""geospatial_anomaly_score"": 0.0496}",2026-09-06T09:45:06.494738+00:00
MPLADS-003870,0.0225,NORMAL,"{""geospatial_anomaly_score"": 0.0451, ""project__planned_duration_days"": 0.0368, ""mean_anomaly_score"": 0.0223}",2026-09-06T09:45:06.494738+00:00
MPLADS-003871,0.3914,NORMAL,"{""procurement_anomaly_score"": 1.3019, ""procurement_anomaly_percentile"": 0.4281, ""geospatial_anomaly_score"": 0.1992}",2026-09-06T09:45:06.494738+00:00
MPLADS-003872,1.0,DELAYED_WORK,"{""progress_anomaly_score"": 4.4106, ""progress_anomaly_percentile"": 0.8013, ""procurement_anomaly_score"": 0.2571}",2026-09-06T09:45:06.494738+00:00
MPLADS-003873,1.0,COST_OVERRUN,"{""progress_anomaly_score"": 4.6577, ""progress_anomaly_percentile"": 0.8982, ""procurement_anomaly_score"": 0.269}",2026-09-06T09:45:06.494738+00:00
MPLADS-003874,0.0182,NORMAL,"{""geospatial_anomaly_score"": 0.0734, ""financial__sanctioned_amount"": 0.0402, ""geospatial_anomaly_percentile"": 0.018}",2026-09-06T09:45:06.494738+00:00
MPLADS-003875,0.115,NORMAL,"{""procurement_anomaly_percentile"": 0.3895, ""geo__population_density"": 0.1493, ""financial_anomaly_percentile"": 0.1014}",2026-09-06T09:45:06.494738+00:00
MPLADS-003876,0.0182,NORMAL,"{""contractor_anomaly_percentile"": 0.0701, ""payment_anomaly_percentile"": 0.0592, ""procurement_anomaly_percentile"": 0.0591}",2026-09-06T09:45:06.494738+00:00
MPLADS-003877,0.0314,NORMAL,"{""geo__population_density"": 0.1227, ""project__planned_duration_days"": 0.0534, ""geo__infrastructure_gap_index"": 0.0463}",2026-09-06T09:45:06.494738+00:00
MPLADS-003878,0.5695,PROCUREMENT_SINGLE_BID,"{""procurement_anomaly_score"": 1.989, ""procurement_anomaly_percentile"": 0.8169, ""max_anomaly_score"": 0.1522}",2026-09-06T09:45:06.494738+00:00
MPLADS-003879,0.0265,NORMAL,"{""geo__infrastructure_gap_index"": 0.2577, ""std_anomaly_score"": 0.084, ""project__planned_duration_days"": 0.0517}",2026-09-06T09:45:06.494738+00:00
MPLADS-003880,0.0182,NORMAL,"{""financial_anomaly_score"": 0.1437, ""payment_anomaly_score"": 0.0459, ""financial_anomaly_percentile"": 0.0458}",2026-09-06T09:45:06.494738+00:00
MPLADS-003881,0.0161,NORMAL,"{""project__planned_duration_days"": 0.0439, ""contractor_anomaly_percentile"": 0.0088, ""num_flagged_models"": 0.0014}",2026-09-06T09:45:06.494738+00:00
MPLADS-003882,0.0231,NORMAL,"{""payment_anomaly_score"": 0.1988, ""financial_anomaly_score"": 0.1365, ""payment_anomaly_percentile"": 0.0929}",2026-09-06T09:45:06.494738+00:00
MPLADS-003883,0.0243,NORMAL,"{""geo__population_density"": 0.0992, ""geospatial_anomaly_score"": 0.0646, ""project__planned_duration_days"": 0.0488}",2026-09-06T09:45:06.494738+00:00
MPLADS-003884,0.0231,NORMAL,"{""geospatial_anomaly_score"": 0.165, ""financial__sanctioned_amount"": 0.1363, ""geo__infrastructure_gap_index"": 0.0876}",2026-09-06T09:45:06.494738+00:00
MPLADS-003885,0.0231,NORMAL,"{""procurement_anomaly_percentile"": 0.2143, ""geospatial_anomaly_score"": 0.0569, ""std_anomaly_score"": 0.033}",2026-09-06T09:45:06.494738+00:00
MPLADS-003886,1.0,ABANDONED_WORK,"{""progress_anomaly_score"": 4.9035, ""progress_anomaly_percentile"": 0.8675, ""financial_anomaly_score"": 0.2011}",2026-09-06T09:45:06.494738+00:00
MPLADS-003887,0.0314,NORMAL,"{""geo__population_density"": 0.181, ""contractor_anomaly_percentile"": 0.1156, ""contractor_anomaly_score"": 0.0869}",2026-09-06T09:45:06.494738+00:00
MPLADS-003888,0.0225,NORMAL,"{""geo__infrastructure_gap_index"": 0.2253, ""financial__sanctioned_amount"": 0.0934, ""geospatial_anomaly_score"": 0.0752}",2026-09-06T09:45:06.494738+00:00
MPLADS-003889,0.0231,NORMAL,"{""procurement_anomaly_percentile"": 0.283, ""financial_anomaly_score"": 0.1026, ""financial_anomaly_percentile"": 0.0607}",2026-09-06T09:45:06.494738+00:00
MPLADS-003890,0.0182,NORMAL,"{""financial_anomaly_score"": 0.1396, ""financial_anomaly_percentile"": 0.1157, ""payment_anomaly_percentile"": 0.0498}",2026-09-06T09:45:06.494738+00:00
MPLADS-003891,0.0182,NORMAL,"{""geo__infrastructure_gap_index"": 0.081, ""project__planned_duration_days"": 0.0377, ""std_anomaly_score"": 0.0217}",2026-09-06T09:45:06.494738+00:00
MPLADS-003892,0.0225,NORMAL,"{""financial__sanctioned_amount"": 0.1028, ""payment_anomaly_percentile"": 0.0234, ""payment_anomaly_score"": 0.0169}",2026-09-06T09:45:06.494738+00:00
MPLADS-003893,0.0225,NORMAL,"{""procurement_anomaly_percentile"": 0.0794, ""mean_anomaly_score"": 0.0499, ""project__planned_duration_days"": 0.0377}",2026-09-06T09:45:06.494738+00:00
MPLADS-003894,1.0,PAYMENT_PROGRESS_MISMATCH,"{""progress_anomaly_score"": 5.1386, ""progress_anomaly_percentile"": 0.9137, ""financial__sanctioned_amount"": 0.1269}",2026-09-06T09:45:06.494738+00:00
MPLADS-003895,0.5828,PROCUREMENT_SINGLE_BID,"{""procurement_anomaly_score"": 1.8734, ""procurement_anomaly_percentile"": 0.8569, ""geo__population_density"": 0.182}",2026-09-06T09:45:06.494738+00:00
MPLADS-003896,1.0,GHOST_WORK,"{""progress_anomaly_score"": 5.3185, ""progress_anomaly_percentile"": 0.9366, ""payment_anomaly_score"": 0.0981}",2026-09-06T09:45:06.494738+00:00
MPLADS-003897,0.0225,NORMAL,"{""financial_anomaly_percentile"": 0.0707, ""financial_anomaly_score"": 0.0673, ""geo__infrastructure_gap_index"": 0.0624}",2026-09-06T09:45:06.494738+00:00
MPLADS-003898,0.0153,NORMAL,"{""payment_anomaly_score"": 0.0937, ""project__planned_duration_days"": 0.0647, ""graph_anomaly_score"": 0.033}",2026-09-06T09:45:06.494738+00:00
MPLADS-003899,0.011,NORMAL,"{""mean_anomaly_score"": 0.0256, ""contractor_anomaly_score"": 0.0091, ""num_flagged_models"": 0.0014}",2026-09-06T09:45:06.494738+00:00
MPLADS-003900,0.0182,NORMAL,"{""financial_anomaly_score"": 0.0572, ""financial_anomaly_percentile"": 0.0424, ""payment_anomaly_score"": 0.0357}",2026-09-06T09:45:06.494738+00:00
MPLADS-003901,0.0231,NORMAL,"{""geo__infrastructure_gap_index"": 0.087, ""procurement_anomaly_percentile"": 0.0822, ""mean_anomaly_score"": 0.073}",2026-09-06T09:45:06.494738+00:00
MPLADS-003902,0.0182,NORMAL,"{""geo__population_density"": 0.1003, ""financial__sanctioned_amount"": 0.0227, ""mean_anomaly_score"": 0.0221}",2026-09-06T09:45:06.494738+00:00
MPLADS-003903,0.0182,NORMAL,"{""financial_anomaly_score"": 0.168, ""geo__population_density"": 0.0889, ""payment_anomaly_percentile"": 0.0506}",2026-09-06T09:45:06.494738+00:00
MPLADS-003904,0.0231,NORMAL,"{""geospatial_anomaly_score"": 0.1273, ""project__planned_duration_days"": 0.0698, ""mean_anomaly_score"": 0.0495}",2026-09-06T09:45:06.494738+00:00
MPLADS-003905,0.0182,NORMAL,"{""financial__sanctioned_amount"": 0.2399, ""geo__population_density"": 0.1159, ""geo__infrastructure_gap_index"": 0.0883}",2026-09-06T09:45:06.494738+00:00
MPLADS-003906,0.2591,NORMAL,"{""procurement_anomaly_score"": 1.4582, ""procurement_anomaly_percentile"": 0.4505, ""contractor_anomaly_score"": 0.1108}",2026-09-06T09:45:06.494738+00:00
MPLADS-003907,0.0314,NORMAL,"{""financial__sanctioned_amount"": 0.1675, ""geospatial_anomaly_score"": 0.0951, ""geo__infrastructure_gap_index"": 0.0917}",2026-09-06T09:45:06.494738+00:00
MPLADS-003908,0.0231,NORMAL,"{""financial_anomaly_score"": 0.2062, ""project__planned_duration_days"": 0.0476, ""geospatial_anomaly_score"": 0.0065}",2026-09-06T09:45:06.494738+00:00
MPLADS-003909,0.0231,NORMAL,"{""geospatial_anomaly_score"": 0.2001, ""graph_anomaly_score"": 0.1196, ""geo__population_density"": 0.0918}",2026-09-06T09:45:06.494738+00:00
MPLADS-003910,0.0182,NORMAL,"{""payment_anomaly_score"": 0.0726, ""financial_anomaly_percentile"": 0.0429, ""geospatial_anomaly_score"": 0.0426}",2026-09-06T09:45:06.494738+00:00
MPLADS-003911,0.0875,NORMAL,"{""financial__sanctioned_amount"": 0.3798, ""geospatial_anomaly_score"": 0.1982, ""geo__infrastructure_gap_index"": 0.1981}",2026-09-06T09:45:06.494738+00:00
MPLADS-003912,1.0,PAYMENT_PROGRESS_MISMATCH,"{""progress_anomaly_score"": 5.4195, ""progress_anomaly_percentile"": 0.9634, ""geospatial_anomaly_score"": 0.1196}",2026-09-06T09:45:06.494738+00:00
MPLADS-003913,0.0314,NORMAL,"{""payment_anomaly_score"": 0.2867, ""financial__sanctioned_amount"": 0.1904, ""geospatial_anomaly_score"": 0.1069}",2026-09-06T09:45:06.494738+00:00
MPLADS-003914,0.0231,NORMAL,"{""geospatial_anomaly_score"": 0.2219, ""procurement_anomaly_percentile"": 0.079, ""std_anomaly_score"": 0.0492}",2026-09-06T09:45:06.494738+00:00
MPLADS-003915,1.0,ABANDONED_WORK,"{""progress_anomaly_score"": 5.3591, ""progress_anomaly_percentile"": 0.9729, ""financial_anomaly_score"": 0.1283}",2026-09-06T09:45:06.494738+00:00
MPLADS-003916,0.0108,NORMAL,"{""financial_anomaly_score"": 0.0625, ""graph_anomaly_score"": 0.0542, ""financial_anomaly_percentile"": 0.0376}",2026-09-06T09:45:06.494738+00:00
MPLADS-003917,0.0231,NORMAL,"{""geo__infrastructure_gap_index"": 0.1044, ""geospatial_anomaly_score"": 0.0655, ""std_anomaly_score"": 0.063}",2026-09-06T09:45:06.494738+00:00
MPLADS-003918,0.0153,NORMAL,"{""geo__population_density"": 0.1795, ""project__planned_duration_days"": 0.0473, ""graph_anomaly_score"": 0.0441}",2026-09-06T09:45:06.494738+00:00
MPLADS-003919,0.0182,NORMAL,"{""financial_anomaly_percentile"": 0.0545, ""payment_anomaly_percentile"": 0.0422, ""graph_anomaly_score"": 0.0354}",2026-09-06T09:45:06.494738+00:00
MPLADS-003920,0.0182,NORMAL,"{""financial__sanctioned_amount"": 0.1657, ""graph_anomaly_score"": 0.0268, ""num_flagged_models"": 0.0014}",2026-09-06T09:45:06.494738+00:00
MPLADS-003921,0.011,NORMAL,"{""geo__infrastructure_gap_index"": 0.061, ""payment_anomaly_percentile"": 0.0445, ""std_anomaly_score"": 0.0124}",2026-09-06T09:45:06.494738+00:00
MPLADS-003922,0.0314,NORMAL,"{""geo__infrastructure_gap_index"": 0.1409, ""geospatial_anomaly_score"": 0.1255, ""financial_anomaly_score"": 0.0498}",2026-09-06T09:45:06.494738+00:00
MPLADS-003923,0.0571,NORMAL,"{""financial_anomaly_score"": 0.2291, ""geospatial_anomaly_score"": 0.1222, ""project__planned_duration_days"": 0.066}",2026-09-06T09:45:06.494738+00:00
MPLADS-003924,0.0225,NORMAL,"{""procurement_anomaly_percentile"": 0.0505, ""std_anomaly_score"": 0.0308, ""project__planned_duration_days"": 0.0239}",2026-09-06T09:45:06.494738+00:00
MPLADS-003925,0.0231,NORMAL,"{""geo__population_density"": 0.2014, ""project__planned_duration_days"": 0.0565, ""num_flagged_models"": 0.0014}",2026-09-06T09:45:06.494738+00:00
MPLADS-003926,1.0,COST_OVERRUN,"{""progress_anomaly_score"": 4.7936, ""progress_anomaly_percentile"": 0.8994, ""procurement_anomaly_score"": 0.4381}",2026-09-06T09:45:06.494738+00:00
MPLADS-003927,0.0231,NORMAL,"{""project__planned_duration_days"": 0.0665, ""geospatial_anomaly_score"": 0.0229, ""num_flagged_models"": 0.0014}",2026-09-06T09:45:06.494738+00:00
MPLADS-003928,0.0225,NORMAL,"{""financial_anomaly_percentile"": 0.0709, ""payment_anomaly_score"": 0.0529, ""max_anomaly_score"": 0.0512}",2026-09-06T09:45:06.494738+00:00
MPLADS-003929,0.0314,NORMAL,"{""geo__population_density"": 0.0987, ""financial_anomaly_percentile"": 0.072, ""payment_anomaly_score"": 0.0497}",2026-09-06T09:45:06.494738+00:00
MPLADS-003930,0.1698,NORMAL,"{""procurement_anomaly_score"": 1.5645, ""procurement_anomaly_percentile"": 0.5218, ""std_anomaly_score"": 0.1053}",2026-09-06T09:45:06.494738+00:00
MPLADS-003931,1.0,ABANDONED_WORK,"{""progress_anomaly_score"": 5.2941, ""progress_anomaly_percentile"": 0.9009, ""payment_anomaly_score"": 0.073}",2026-09-06T09:45:06.494738+00:00
MPLADS-003932,0.0231,NORMAL,"{""geo__infrastructure_gap_index"": 0.0983, ""project__planned_duration_days"": 0.0488, ""geo__population_density"": 0.0393}",2026-09-06T09:45:06.494738+00:00
MPLADS-003933,0.0314,NORMAL,"{""financial_anomaly_score"": 0.2929, ""geo__population_density"": 0.2585, ""financial__sanctioned_amount"": 0.1029}",2026-09-06T09:45:06.494738+00:00
MPLADS-003934,0.0225,NORMAL,"{""mean_anomaly_score"": 0.0701, ""project__planned_duration_days"": 0.0569, ""geo__infrastructure_gap_index"": 0.049}",2026-09-06T09:45:06.494738+00:00
MPLADS-003935,0.0231,NORMAL,"{""payment_anomaly_score"": 0.2439, ""geospatial_anomaly_score"": 0.1066, ""project__planned_duration_days"": 0.0671}",2026-09-06T09:45:06.494738+00:00
MPLADS-003936,0.0231,NORMAL,"{""financial__sanctioned_amount"": 0.0485, ""geo__population_density"": 0.0253, ""graph_anomaly_score"": 0.0127}",2026-09-06T09:45:06.494738+00:00
MPLADS-003937,0.0231,NORMAL,"{""project__planned_duration_days"": 0.05, ""graph_anomaly_score"": 0.029, ""geospatial_anomaly_score"": 0.0244}",2026-09-06T09:45:06.494738+00:00
MPLADS-003938,0.0182,NORMAL,"{""geo__population_density"": 0.2024, ""graph_anomaly_score"": 0.1848, ""project__planned_duration_days"": 0.0661}",2026-09-06T09:45:06.494738+00:00
MPLADS-003939,0.0225,NORMAL,"{""financial__sanctioned_amount"": 0.1353, ""financial_anomaly_percentile"": 0.0762, ""payment_anomaly_percentile"": 0.0273}",2026-09-06T09:45:06.494738+00:00
MPLADS-003940,0.3904,NORMAL,"{""procurement_anomaly_score"": 1.5454, ""procurement_anomaly_percentile"": 0.6874, ""max_anomaly_score"": 0.2015}",2026-09-06T09:45:06.494738+00:00
MPLADS-003941,0.0231,NORMAL,"{""geo__population_density"": 0.1858, ""geospatial_anomaly_score"": 0.1803, ""project__planned_duration_days"": 0.0571}",2026-09-06T09:45:06.494738+00:00
MPLADS-003942,0.0182,NORMAL,"{""financial_anomaly_percentile"": 0.0643, ""project__planned_duration_days"": 0.0608, ""std_anomaly_score"": 0.0275}",2026-09-06T09:45:06.494738+00:00
MPLADS-003943,0.451,NORMAL,"{""procurement_anomaly_score"": 1.3257, ""procurement_anomaly_percentile"": 0.5867, ""geospatial_anomaly_score"": 0.2327}",2026-09-06T09:45:06.494738+00:00
MPLADS-003944,1.0,DELAYED_WORK,"{""progress_anomaly_score"": 4.7601, ""progress_anomaly_percentile"": 0.7818, ""financial_anomaly_score"": 0.1673}",2026-09-06T09:45:06.494738+00:00
MPLADS-003945,0.6685,PROCUREMENT_SINGLE_BID,"{""procurement_anomaly_score"": 1.8498, ""procurement_anomaly_percentile"": 0.9215, ""geo__population_density"": 0.1822}",2026-09-06T09:45:06.494738+00:00
MPLADS-003946,0.0161,NORMAL,"{""geo__population_density"": 0.3151, ""project__planned_duration_days"": 0.0462, ""financial__sanctioned_amount"": 0.0353}",2026-09-06T09:45:06.494738+00:00
MPLADS-003947,0.0225,NORMAL,"{""progress_anomaly_score"": 0.4067, ""financial__sanctioned_amount"": 0.0972, ""geospatial_anomaly_score"": 0.0665}",2026-09-06T09:45:06.494738+00:00
MPLADS-003948,0.0345,NORMAL,"{""contractor_anomaly_percentile"": 0.2255, ""payment_anomaly_score"": 0.1532, ""contractor_anomaly_score"": 0.1422}",2026-09-06T09:45:06.494738+00:00
MPLADS-003949,0.1698,NORMAL,"{""payment_anomaly_score"": 0.549, ""financial_anomaly_score"": 0.2336, ""procurement_anomaly_percentile"": 0.2318}",2026-09-06T09:45:06.494738+00:00
MPLADS-003950,1.0,DELAYED_WORK,"{""progress_anomaly_score"": 4.7226, ""progress_anomaly_percentile"": 0.806, ""geo__population_density"": 0.2342}",2026-09-06T09:45:06.494738+00:00
MPLADS-003951,0.011,NORMAL,"{""graph_anomaly_score"": 0.0846, ""financial_anomaly_score"": 0.0755, ""mean_anomaly_score"": 0.0671}",2026-09-06T09:45:06.494738+00:00
MPLADS-003952,0.0182,NORMAL,"{""project__planned_duration_days"": 0.0487, ""num_flagged_models"": 0.0014, ""geospatial_anomaly_score"": 0.0008}",2026-09-06T09:45:06.494738+00:00
MPLADS-003953,0.0182,NORMAL,"{""geo__infrastructure_gap_index"": 0.1064, ""graph_anomaly_score"": 0.0964, ""project__planned_duration_days"": 0.051}",2026-09-06T09:45:06.494738+00:00
MPLADS-003954,0.0182,NORMAL,"{""financial_anomaly_score"": 0.0903, ""financial_anomaly_percentile"": 0.0887, ""geo__infrastructure_gap_index"": 0.0869}",2026-09-06T09:45:06.494738+00:00
MPLADS-003955,0.0231,NORMAL,"{""geospatial_anomaly_score"": 0.1064, ""graph_anomaly_score"": 0.0586, ""project__planned_duration_days"": 0.056}",2026-09-06T09:45:06.494738+00:00
MPLADS-003956,0.0182,NORMAL,"{""project__planned_duration_days"": 0.0517, ""financial__sanctioned_amount"": 0.0349, ""geo__infrastructure_gap_index"": 0.0131}",2026-09-06T09:45:06.494738+00:00
MPLADS-003957,0.0182,NORMAL,"{""geo__population_density"": 0.0521, ""project__planned_duration_days"": 0.048, ""financial_anomaly_percentile"": 0.0467}",2026-09-06T09:45:06.494738+00:00
MPLADS-003958,0.4681,NORMAL,"{""procurement_anomaly_score"": 1.8138, ""procurement_anomaly_percentile"": 0.8377, ""max_anomaly_score"": 0.1655}",2026-09-06T09:45:06.494738+00:00
MPLADS-003959,0.0225,NORMAL,"{""financial_anomaly_score"": 0.3301, ""geospatial_anomaly_score"": 0.1073, ""financial__sanctioned_amount"": 0.0343}",2026-09-06T09:45:06.494738+00:00
MPLADS-003960,0.0182,NORMAL,"{""payment_anomaly_score"": 0.0673, ""payment_anomaly_percentile"": 0.0552, ""financial_anomaly_percentile"": 0.0389}",2026-09-06T09:45:06.494738+00:00
MPLADS-003961,0.0287,NORMAL,"{""financial_anomaly_score"": 0.2848, ""geospatial_anomaly_score"": 0.1001, ""project__planned_duration_days"": 0.0456}",2026-09-06T09:45:06.494738+00:00
MPLADS-003962,0.0182,NORMAL,"{""geo__population_density"": 0.1006, ""graph_anomaly_score"": 0.0565, ""financial_anomaly_percentile"": 0.0496}",2026-09-06T09:45:06.494738+00:00
MPLADS-003963,0.0225,NORMAL,"{""financial__sanctioned_amount"": 0.2157, ""geo__infrastructure_gap_index"": 0.0816, ""geospatial_anomaly_score"": 0.0659}",2026-09-06T09:45:06.494738+00:00
MPLADS-003964,0.0265,NORMAL,"{""geo__population_density"": 0.2651, ""project__planned_duration_days"": 0.0455, ""graph_anomaly_percentile"": 0.0273}",2026-09-06T09:45:06.494738+00:00
MPLADS-003965,0.0314,NORMAL,"{""financial_anomaly_percentile"": 0.0918, ""payment_anomaly_score"": 0.0901, ""geo__population_density"": 0.0663}",2026-09-06T09:45:06.494738+00:00
MPLADS-003966,0.0225,NORMAL,"{""financial__sanctioned_amount"": 0.186, ""financial_anomaly_percentile"": 0.0691, ""payment_anomaly_percentile"": 0.0222}",2026-09-06T09:45:06.494738+00:00
MPLADS-003967,0.0231,NORMAL,"{""geospatial_anomaly_score"": 0.2161, ""geo__infrastructure_gap_index"": 0.0659, ""project__planned_duration_days"": 0.0618}",2026-09-06T09:45:06.494738+00:00
MPLADS-003968,0.0308,NORMAL,"{""geo__population_density"": 0.1167, ""financial__sanctioned_amount"": 0.0393, ""geospatial_anomaly_score"": 0.0384}",2026-09-06T09:45:06.494738+00:00
MPLADS-003969,0.0182,NORMAL,"{""geo__population_density"": 0.1331, ""payment_anomaly_score"": 0.0505, ""geospatial_anomaly_score"": 0.0421}",2026-09-06T09:45:06.494738+00:00
MPLADS-003970,0.2672,NORMAL,"{""procurement_anomaly_score"": 1.447, ""procurement_anomaly_percentile"": 0.5135, ""geo__infrastructure_gap_index"": 0.0565}",2026-09-06T09:45:06.494738+00:00
MPLADS-003971,0.0231,NORMAL,"{""financial__sanctioned_amount"": 0.1341, ""geospatial_anomaly_score"": 0.1288, ""geo__infrastructure_gap_index"": 0.0442}",2026-09-06T09:45:06.494738+00:00
MPLADS-003972,0.0231,NORMAL,"{""geospatial_anomaly_score"": 0.0775, ""project__planned_duration_days"": 0.0475, ""financial__sanctioned_amount"": 0.03}",2026-09-06T09:45:06.494738+00:00
MPLADS-003973,0.011,NORMAL,"{""financial_anomaly_percentile"": 0.0427, ""project__planned_duration_days"": 0.0291, ""payment_anomaly_percentile"": 0.0277}",2026-09-06T09:45:06.494738+00:00
MPLADS-003974,0.0182,NORMAL,"{""financial__sanctioned_amount"": 0.2665, ""geo__infrastructure_gap_index"": 0.2512, ""financial_anomaly_score"": 0.0942}",2026-09-06T09:45:06.494738+00:00
MPLADS-003975,0.0231,NORMAL,"{""financial__sanctioned_amount"": 0.0777, ""project__planned_duration_days"": 0.07, ""graph_anomaly_score"": 0.0579}",2026-09-06T09:45:06.494738+00:00
MPLADS-003976,1.0,PAYMENT_PROGRESS_MISMATCH,"{""progress_anomaly_score"": 5.2993, ""progress_anomaly_percentile"": 0.9429, ""geo__population_density"": 0.2491}",2026-09-06T09:45:06.494738+00:00
MPLADS-003977,0.0159,NORMAL,"{""financial__sanctioned_amount"": 0.232, ""geo__infrastructure_gap_index"": 0.1085, ""payment_anomaly_score"": 0.0749}",2026-09-06T09:45:06.494738+00:00
MPLADS-003978,0.0182,NORMAL,"{""project__planned_duration_days"": 0.0552, ""graph_anomaly_percentile"": 0.0129, ""mean_anomaly_score"": 0.0085}",2026-09-06T09:45:06.494738+00:00
MPLADS-003979,0.0182,NORMAL,"{""geo__infrastructure_gap_index"": 0.1668, ""geo__population_density"": 0.0338, ""project__planned_duration_days"": 0.0246}",2026-09-06T09:45:06.494738+00:00
MPLADS-003980,0.0231,NORMAL,"{""project__planned_duration_days"": 0.0424, ""graph_anomaly_score"": 0.0239, ""graph_anomaly_percentile"": 0.0155}",2026-09-06T09:45:06.494738+00:00
MPLADS-003981,1.0,PAYMENT_PROGRESS_MISMATCH,"{""progress_anomaly_score"": 5.2404, ""progress_anomaly_percentile"": 0.8882, ""geospatial_anomaly_score"": 0.1027}",2026-09-06T09:45:06.494738+00:00
MPLADS-003982,0.0231,NORMAL,"{""geospatial_anomaly_score"": 0.0829, ""project__planned_duration_days"": 0.0741, ""payment_anomaly_percentile"": 0.0359}",2026-09-06T09:45:06.494738+00:00
MPLADS-003983,0.011,NORMAL,"{""geo__infrastructure_gap_index"": 0.1159, ""financial_anomaly_percentile"": 0.0487, ""payment_anomaly_percentile"": 0.044}",2026-09-06T09:45:06.494738+00:00
MPLADS-003984,1.0,PAYMENT_PROGRESS_MISMATCH,"{""progress_anomaly_score"": 4.9974, ""progress_anomaly_percentile"": 0.8638, ""financial__sanctioned_amount"": 0.1054}",2026-09-06T09:45:06.494738+00:00
MPLADS-003985,0.0225,NORMAL,"{""geo__infrastructure_gap_index"": 0.1418, ""project__planned_duration_days"": 0.0558, ""geospatial_anomaly_score"": 0.0361}",2026-09-06T09:45:06.494738+00:00
MPLADS-003986,0.0231,NORMAL,"{""procurement_anomaly_percentile"": 0.2314, ""financial_anomaly_percentile"": 0.061, ""financial_anomaly_score"": 0.0342}",2026-09-06T09:45:06.494738+00:00
MPLADS-003987,0.011,NORMAL,"{""financial_anomaly_score"": 0.0954, ""project__planned_duration_days"": 0.0374, ""graph_anomaly_score"": 0.0238}",2026-09-06T09:45:06.494738+00:00
MPLADS-003988,0.0046,NORMAL,"{""financial_anomaly_score"": 0.1573, ""financial_anomaly_percentile"": 0.0483, ""project__planned_duration_days"": 0.0265}",2026-09-06T09:45:06.494738+00:00
MPLADS-003989,0.0182,NORMAL,"{""financial__sanctioned_amount"": 0.1938, ""max_anomaly_score"": 0.0767, ""geospatial_anomaly_score"": 0.0682}",2026-09-06T09:45:06.494738+00:00
MPLADS-003990,0.0231,NORMAL,"{""contractor_anomaly_score"": 0.1867, ""contractor_anomaly_percentile"": 0.1661, ""payment_anomaly_score"": 0.1202}",2026-09-06T09:45:06.494738+00:00
MPLADS-003991,0.0231,NORMAL,"{""geospatial_anomaly_score"": 0.1944, ""geo__population_density"": 0.1497, ""financial__sanctioned_amount"": 0.0772}",2026-09-06T09:45:06.494738+00:00
MPLADS-003992,0.0225,NORMAL,"{""payment_anomaly_percentile"": 0.071, ""project__planned_duration_days"": 0.0693, ""geo__infrastructure_gap_index"": 0.069}",2026-09-06T09:45:06.494738+00:00
MPLADS-003993,0.0204,NORMAL,"{""geospatial_anomaly_score"": 0.09, ""geo__population_density"": 0.0606, ""project__planned_duration_days"": 0.0448}",2026-09-06T09:45:06.494738+00:00
MPLADS-003994,0.0182,NORMAL,"{""geo__infrastructure_gap_index"": 0.1568, ""geo__population_density"": 0.1386, ""graph_anomaly_score"": 0.0775}",2026-09-06T09:45:06.494738+00:00
MPLADS-003995,0.0293,NORMAL,"{""geo__population_density"": 0.2693, ""geospatial_anomaly_score"": 0.1776, ""geospatial_anomaly_percentile"": 0.0847}",2026-09-06T09:45:06.494738+00:00
MPLADS-003996,0.0161,NORMAL,"{""project__planned_duration_days"": 0.0385, ""std_anomaly_score"": 0.0036, ""contractor_anomaly_percentile"": 0.0025}",2026-09-06T09:45:06.494738+00:00
MPLADS-003997,0.0231,NORMAL,"{""geospatial_anomaly_score"": 0.1351, ""geo__infrastructure_gap_index"": 0.0861, ""financial__sanctioned_amount"": 0.0325}",2026-09-06T09:45:06.494738+00:00
MPLADS-003998,1.0,PAYMENT_PROGRESS_MISMATCH,"{""progress_anomaly_score"": 5.2719, ""progress_anomaly_percentile"": 0.9126, ""financial__sanctioned_amount"": 0.0736}",2026-09-06T09:45:06.494738+00:00
MPLADS-003999,0.0159,NORMAL,"{""payment_anomaly_score"": 0.1398, ""geo__infrastructure_gap_index"": 0.1235, ""project__planned_duration_days"": 0.0533}",2026-09-06T09:45:06.494738+00:00
MPLADS-004000,0.0182,NORMAL,"{""financial_anomaly_score"": 0.1904, ""geo__infrastructure_gap_index"": 0.0771, ""financial_anomaly_percentile"": 0.061}",2026-09-06T09:45:06.494738+00:00
MPLADS-004001,0.0132,NORMAL,"{""contractor_anomaly_percentile"": 0.1804, ""contractor_anomaly_score"": 0.1586, ""project__planned_duration_days"": 0.0577}",2026-09-06T09:45:06.494738+00:00
MPLADS-004002,0.0231,NORMAL,"{""financial__sanctioned_amount"": 0.2727, ""payment_anomaly_score"": 0.112, ""geo__infrastructure_gap_index"": 0.0747}",2026-09-06T09:45:06.494738+00:00
MPLADS-004003,0.0225,NORMAL,"{""geo__infrastructure_gap_index"": 0.2969, ""geo__population_density"": 0.0874, ""project__planned_duration_days"": 0.0271}",2026-09-06T09:45:06.494738+00:00
MPLADS-004004,0.0182,NORMAL,"{""geospatial_anomaly_percentile"": 0.1528, ""geo__infrastructure_gap_index"": 0.1176, ""project__planned_duration_days"": 0.0624}",2026-09-06T09:45:06.494738+00:00
MPLADS-004005,0.0182,NORMAL,"{""project__planned_duration_days"": 0.0462, ""contractor_anomaly_percentile"": 0.0085, ""num_flagged_models"": 0.0014}",2026-09-06T09:45:06.494738+00:00
MPLADS-004006,0.0231,NORMAL,"{""geospatial_anomaly_score"": 0.2543, ""mean_anomaly_score"": 0.1056, ""project__planned_duration_days"": 0.0686}",2026-09-06T09:45:06.494738+00:00
MPLADS-004007,1.0,DELAYED_WORK,"{""progress_anomaly_score"": 5.1509, ""progress_anomaly_percentile"": 0.842, ""financial_anomaly_score"": 0.1807}",2026-09-06T09:45:06.494738+00:00
MPLADS-004008,0.0225,NORMAL,"{""geospatial_anomaly_score"": 0.1059, ""geo__population_density"": 0.0763, ""project__planned_duration_days"": 0.0579}",2026-09-06T09:45:06.494738+00:00
MPLADS-004009,0.0225,NORMAL,"{""geo__population_density"": 0.1338, ""project__planned_duration_days"": 0.0579, ""geospatial_anomaly_score"": 0.0499}",2026-09-06T09:45:06.494738+00:00
MPLADS-004010,0.0231,NORMAL,"{""financial__sanctioned_amount"": 0.218, ""geo__infrastructure_gap_index"": 0.1054, ""geospatial_anomaly_score"": 0.0984}",2026-09-06T09:45:06.494738+00:00
MPLADS-004011,0.0067,NORMAL,"{""financial_anomaly_score"": 0.163, ""financial_anomaly_percentile"": 0.0515, ""project__planned_duration_days"": 0.0476}",2026-09-06T09:45:06.494738+00:00
MPLADS-004012,0.011,NORMAL,"{""project__planned_duration_days"": 0.0584, ""num_flagged_models"": 0.0014, ""project_size_code"": 0.0}",2026-09-06T09:45:06.494738+00:00
MPLADS-004013,0.0231,NORMAL,"{""geospatial_anomaly_score"": 0.189, ""graph_anomaly_score"": 0.092, ""geo__population_density"": 0.0761}",2026-09-06T09:45:06.494738+00:00
MPLADS-004014,1.0,ABANDONED_WORK,"{""progress_anomaly_score"": 4.7983, ""progress_anomaly_percentile"": 0.8228, ""financial_anomaly_score"": 0.196}",2026-09-06T09:45:06.494738+00:00
MPLADS-004015,0.0182,NORMAL,"{""financial__sanctioned_amount"": 0.0891, ""project__planned_duration_days"": 0.052, ""geospatial_anomaly_score"": 0.0075}",2026-09-06T09:45:06.494738+00:00
MPLADS-004016,0.0231,NORMAL,"{""contractor_anomaly_score"": 0.117, ""geo__population_density"": 0.1081, ""contractor_anomaly_percentile"": 0.0944}",2026-09-06T09:45:06.494738+00:00
MPLADS-004017,0.0231,NORMAL,"{""financial__sanctioned_amount"": 0.2183, ""geospatial_anomaly_score"": 0.0948, ""geo__infrastructure_gap_index"": 0.087}",2026-09-06T09:45:06.494738+00:00
MPLADS-004018,0.0225,NORMAL,"{""project__planned_duration_days"": 0.059, ""geo__infrastructure_gap_index"": 0.0545, ""payment_anomaly_score"": 0.0141}",2026-09-06T09:45:06.494738+00:00
MPLADS-004019,0.3112,NORMAL,"{""procurement_anomaly_score"": 1.7884, ""procurement_anomaly_percentile"": 0.7659, ""max_anomaly_score"": 0.1493}",2026-09-06T09:45:06.494738+00:00
MPLADS-004020,0.0231,NORMAL,"{""financial__sanctioned_amount"": 0.3199, ""procurement_anomaly_percentile"": 0.1632, ""geo__infrastructure_gap_index"": 0.1539}",2026-09-06T09:45:06.494738+00:00
MPLADS-004021,1.0,COST_OVERRUN,"{""progress_anomaly_score"": 4.3615, ""progress_anomaly_percentile"": 0.7683, ""procurement_anomaly_score"": 0.2662}",2026-09-06T09:45:06.494738+00:00
MPLADS-004022,0.0225,NORMAL,"{""financial__sanctioned_amount"": 0.0317, ""graph_anomaly_percentile"": 0.0145, ""graph_anomaly_score"": 0.0056}",2026-09-06T09:45:06.494738+00:00
MPLADS-004023,0.0308,NORMAL,"{""geo__population_density"": 0.1697, ""geo__infrastructure_gap_index"": 0.1532, ""geospatial_anomaly_score"": 0.0843}",2026-09-06T09:45:06.494738+00:00
MPLADS-004024,1.0,DELAYED_WORK,"{""progress_anomaly_score"": 4.7934, ""progress_anomaly_percentile"": 0.7749, ""financial_anomaly_score"": 0.2834}",2026-09-06T09:45:06.494738+00:00
MPLADS-004025,1.0,DOCUMENTATION_DEFICIT,"{""progress_anomaly_score"": 5.2182, ""progress_anomaly_percentile"": 0.9125, ""payment_anomaly_score"": 0.0951}",2026-09-06T09:45:06.494738+00:00
MPLADS-004026,0.3533,NORMAL,"{""procurement_anomaly_score"": 1.6486, ""procurement_anomaly_percentile"": 0.7355, ""max_anomaly_score"": 0.157}",2026-09-06T09:45:06.494738+00:00
MPLADS-004027,0.0225,NORMAL,"{""procurement_anomaly_score"": 0.3229, ""procurement_anomaly_percentile"": 0.264, ""max_anomaly_score"": 0.0552}",2026-09-06T09:45:06.494738+00:00
MPLADS-004028,0.011,NORMAL,"{""procurement_anomaly_score"": 0.5062, ""procurement_anomaly_percentile"": 0.1753, ""mean_anomaly_score"": 0.0392}",2026-09-06T09:45:06.494738+00:00
MPLADS-004029,0.0182,NORMAL,"{""financial__sanctioned_amount"": 0.2658, ""geo__infrastructure_gap_index"": 0.1094, ""graph_anomaly_score"": 0.0093}",2026-09-06T09:45:06.494738+00:00
MPLADS-004030,0.0182,NORMAL,"{""geo__population_density"": 0.1217, ""graph_anomaly_score"": 0.047, ""financial_anomaly_percentile"": 0.0394}",2026-09-06T09:45:06.494738+00:00
MPLADS-004031,0.0225,NORMAL,"{""financial__sanctioned_amount"": 0.2051, ""geo__population_density"": 0.0979, ""payment_anomaly_score"": 0.0947}",2026-09-06T09:45:06.494738+00:00
MPLADS-004032,0.0231,NORMAL,"{""financial__sanctioned_amount"": 0.2815, ""payment_anomaly_score"": 0.1404, ""payment_anomaly_percentile"": 0.0751}",2026-09-06T09:45:06.494738+00:00
MPLADS-004033,0.0225,NORMAL,"{""financial_anomaly_score"": 0.0848, ""financial_anomaly_percentile"": 0.0431, ""graph_anomaly_percentile"": 0.0366}",2026-09-06T09:45:06.494738+00:00
MPLADS-004034,0.0225,NORMAL,"{""geospatial_anomaly_percentile"": 0.1833, ""geo__infrastructure_gap_index"": 0.1762, ""geospatial_anomaly_score"": 0.1665}",2026-09-06T09:45:06.494738+00:00
MPLADS-004035,0.0314,NORMAL,"{""contractor_anomaly_score"": 0.1897, ""financial_anomaly_score"": 0.1857, ""contractor_anomaly_percentile"": 0.1823}",2026-09-06T09:45:06.494738+00:00
MPLADS-004036,0.0225,NORMAL,"{""financial__sanctioned_amount"": 0.0326, ""project__planned_duration_days"": 0.0284, ""geospatial_anomaly_percentile"": 0.0144}",2026-09-06T09:45:06.494738+00:00
MPLADS-004037,1.0,PAYMENT_PROGRESS_MISMATCH,"{""progress_anomaly_score"": 5.3078, ""progress_anomaly_percentile"": 0.9151, ""payment_anomaly_score"": 0.1151}",2026-09-06T09:45:06.494738+00:00
MPLADS-004038,0.0231,NORMAL,"{""geo__infrastructure_gap_index"": 0.0657, ""graph_anomaly_percentile"": 0.0164, ""num_flagged_models"": 0.0014}",2026-09-06T09:45:06.494738+00:00
MPLADS-004039,0.0182,NORMAL,"{""payment_anomaly_percentile"": 0.0607, ""project__planned_duration_days"": 0.06, ""geospatial_anomaly_score"": 0.046}",2026-09-06T09:45:06.494738+00:00
MPLADS-004040,0.1203,NORMAL,"{""geo__infrastructure_gap_index"": 0.3277, ""contractor_anomaly_percentile"": 0.2033, ""contractor_anomaly_score"": 0.1087}",2026-09-06T09:45:06.494738+00:00
MPLADS-004041,0.0225,NORMAL,"{""project__planned_duration_days"": 0.0444, ""geospatial_anomaly_score"": 0.0323, ""financial__sanctioned_amount"": 0.0296}",2026-09-06T09:45:06.494738+00:00
MPLADS-004042,0.0308,NORMAL,"{""financial__sanctioned_amount"": 0.193, ""geospatial_anomaly_score"": 0.0791, ""payment_anomaly_score"": 0.0738}",2026-09-06T09:45:06.494738+00:00
MPLADS-004043,0.021,NORMAL,"{""financial__sanctioned_amount"": 0.1684, ""contractor_anomaly_score"": 0.1172, ""geospatial_anomaly_score"": 0.1007}",2026-09-06T09:45:06.494738+00:00
MPLADS-004044,1.0,DELAYED_WORK,"{""progress_anomaly_score"": 4.7832, ""progress_anomaly_percentile"": 0.8261, ""financial_anomaly_score"": 0.1728}",2026-09-06T09:45:06.494738+00:00
MPLADS-004045,0.0182,NORMAL,"{""financial_anomaly_score"": 0.4385, ""geospatial_anomaly_score"": 0.1726, ""financial_anomaly_percentile"": 0.115}",2026-09-06T09:45:06.494738+00:00
MPLADS-004046,0.0182,NORMAL,"{""financial__sanctioned_amount"": 0.089, ""project__planned_duration_days"": 0.0405, ""std_anomaly_score"": 0.0155}",2026-09-06T09:45:06.494738+00:00
MPLADS-004047,0.0314,NORMAL,"{""geo__population_density"": 0.0652, ""project__planned_duration_days"": 0.0501, ""geospatial_anomaly_score"": 0.047}",2026-09-06T09:45:06.494738+00:00
MPLADS-004048,0.0225,NORMAL,"{""progress_anomaly_score"": 0.3399, ""financial__sanctioned_amount"": 0.1056, ""geospatial_anomaly_score"": 0.0566}",2026-09-06T09:45:06.494738+00:00
MPLADS-004049,0.0225,NORMAL,"{""financial_anomaly_score"": 0.0919, ""payment_anomaly_percentile"": 0.0765, ""financial__sanctioned_amount"": 0.0532}",2026-09-06T09:45:06.494738+00:00
MPLADS-004050,1.0,DOCUMENTATION_DEFICIT,"{""progress_anomaly_score"": 5.3765, ""progress_anomaly_percentile"": 0.937, ""payment_anomaly_score"": 0.1786}",2026-09-06T09:45:06.494738+00:00
MPLADS-004051,0.0225,NORMAL,"{""financial_anomaly_score"": 0.1707, ""payment_anomaly_score"": 0.1086, ""payment_anomaly_percentile"": 0.051}",2026-09-06T09:45:06.494738+00:00
MPLADS-004052,0.0314,NORMAL,"{""geo__population_density"": 0.1904, ""project__planned_duration_days"": 0.0616, ""geospatial_anomaly_score"": 0.0525}",2026-09-06T09:45:06.494738+00:00
MPLADS-004053,1.0,DOCUMENTATION_DEFICIT,"{""progress_anomaly_score"": 5.3994, ""progress_anomaly_percentile"": 0.9601, ""payment_anomaly_score"": 0.1392}",2026-09-06T09:45:06.494738+00:00
MPLADS-004054,0.0231,NORMAL,"{""procurement_anomaly_percentile"": 0.2464, ""financial__sanctioned_amount"": 0.2317, ""financial_anomaly_score"": 0.0982}",2026-09-06T09:45:06.494738+00:00
MPLADS-004055,0.451,NORMAL,"{""procurement_anomaly_score"": 1.9541, ""procurement_anomaly_percentile"": 0.8938, ""geospatial_anomaly_score"": 0.1256}",2026-09-06T09:45:06.494738+00:00
MPLADS-004056,0.0442,NORMAL,"{""progress_anomaly_score"": 0.3801, ""financial__sanctioned_amount"": 0.1807, ""payment_anomaly_percentile"": 0.0345}",2026-09-06T09:45:06.494738+00:00
MPLADS-004057,0.0088,NORMAL,"{""financial_anomaly_score"": 0.0477, ""financial_anomaly_percentile"": 0.0407, ""payment_anomaly_score"": 0.0248}",2026-09-06T09:45:06.494738+00:00
MPLADS-004058,0.0231,NORMAL,"{""financial__sanctioned_amount"": 0.2366, ""geo__infrastructure_gap_index"": 0.1609, ""geospatial_anomaly_score"": 0.1048}",2026-09-06T09:45:06.494738+00:00
MPLADS-004059,1.0,PAYMENT_PROGRESS_MISMATCH,"{""progress_anomaly_score"": 5.2495, ""progress_anomaly_percentile"": 0.9172, ""payment_anomaly_score"": 0.1174}",2026-09-06T09:45:06.494738+00:00
MPLADS-004060,1.0,DELAYED_WORK,"{""progress_anomaly_score"": 5.295, ""progress_anomaly_percentile"": 0.9515, ""payment_anomaly_score"": 0.1146}",2026-09-06T09:45:06.494738+00:00
MPLADS-004061,0.0531,NORMAL,"{""geo__population_density"": 0.2942, ""financial__sanctioned_amount"": 0.0604, ""project__planned_duration_days"": 0.0499}",2026-09-06T09:45:06.494738+00:00
MPLADS-004062,0.0182,NORMAL,"{""procurement_anomaly_percentile"": 0.1151, ""financial_anomaly_score"": 0.0589, ""std_anomaly_score"": 0.0557}",2026-09-06T09:45:06.494738+00:00
MPLADS-004063,0.1851,NORMAL,"{""procurement_anomaly_score"": 0.7804, ""procurement_anomaly_percentile"": 0.3254, ""payment_anomaly_score"": 0.1446}",2026-09-06T09:45:06.494738+00:00
MPLADS-004064,0.0182,NORMAL,"{""financial_anomaly_percentile"": 0.0551, ""geo__infrastructure_gap_index"": 0.0418, ""procurement_anomaly_percentile"": 0.0309}",2026-09-06T09:45:06.494738+00:00
MPLADS-004065,0.0225,NORMAL,"{""geospatial_anomaly_score"": 0.1704, ""financial__sanctioned_amount"": 0.1197, ""mean_anomaly_score"": 0.0966}",2026-09-06T09:45:06.494738+00:00
MPLADS-004066,0.0161,NORMAL,"{""geo__population_density"": 0.0832, ""project__planned_duration_days"": 0.0585, ""contractor_anomaly_percentile"": 0.0076}",2026-09-06T09:45:06.494738+00:00
MPLADS-004067,0.011,NORMAL,"{""geo__infrastructure_gap_index"": 0.0579, ""financial_anomaly_percentile"": 0.0416, ""payment_anomaly_percentile"": 0.0259}",2026-09-06T09:45:06.494738+00:00
MPLADS-004068,0.0664,NORMAL,"{""financial__sanctioned_amount"": 0.1964, ""procurement_anomaly_percentile"": 0.1198, ""geo__infrastructure_gap_index"": 0.0978}",2026-09-06T09:45:06.494738+00:00
MPLADS-004069,0.0182,NORMAL,"{""financial__sanctioned_amount"": 0.2061, ""procurement_anomaly_percentile"": 0.0405, ""payment_anomaly_percentile"": 0.0389}",2026-09-06T09:45:06.494738+00:00
MPLADS-004070,0.0265,NORMAL,"{""financial__sanctioned_amount"": 0.1121, ""project__planned_duration_days"": 0.035, ""graph_anomaly_percentile"": 0.0086}",2026-09-06T09:45:06.494738+00:00
MPLADS-004071,0.0314,NORMAL,"{""financial_anomaly_score"": 0.3293, ""geo__population_density"": 0.2783, ""geospatial_anomaly_score"": 0.1273}",2026-09-06T09:45:06.494738+00:00
MPLADS-004072,0.0182,NORMAL,"{""financial__sanctioned_amount"": 0.0684, ""std_anomaly_score"": 0.0042, ""payment_anomaly_percentile"": 0.0025}",2026-09-06T09:45:06.494738+00:00
MPLADS-004073,1.0,COST_OVERRUN,"{""progress_anomaly_score"": 4.6093, ""progress_anomaly_percentile"": 0.8486, ""procurement_anomaly_score"": 0.2287}",2026-09-06T09:45:06.494738+00:00
MPLADS-004074,0.0287,NORMAL,"{""geospatial_anomaly_score"": 0.1252, ""project__planned_duration_days"": 0.0533, ""geo__population_density"": 0.0427}",2026-09-06T09:45:06.494738+00:00
MPLADS-004075,1.0,DELAYED_WORK,"{""progress_anomaly_score"": 5.1835, ""progress_anomaly_percentile"": 0.8863, ""financial_anomaly_score"": 0.2132}",2026-09-06T09:45:06.494738+00:00
MPLADS-004076,0.0182,NORMAL,"{""geo__infrastructure_gap_index"": 0.0859, ""financial_anomaly_score"": 0.0431, ""financial__sanctioned_amount"": 0.0418}",2026-09-06T09:45:06.494738+00:00
MPLADS-004077,0.0182,NORMAL,"{""geo__infrastructure_gap_index"": 0.1597, ""payment_anomaly_score"": 0.0793, ""payment_anomaly_percentile"": 0.0546}",2026-09-06T09:45:06.494738+00:00
MPLADS-004078,0.0345,NORMAL,"{""geo__population_density"": 0.212, ""financial__sanctioned_amount"": 0.1372, ""geo__infrastructure_gap_index"": 0.0985}",2026-09-06T09:45:06.494738+00:00
MPLADS-004079,0.0231,NORMAL,"{""financial__sanctioned_amount"": 0.1462, ""geospatial_anomaly_score"": 0.1277, ""geo__infrastructure_gap_index"": 0.1062}",2026-09-06T09:45:06.494738+00:00
MPLADS-004080,0.0182,NORMAL,"{""geo__infrastructure_gap_index"": 0.1312, ""geospatial_anomaly_score"": 0.1062, ""financial_anomaly_score"": 0.0637}",2026-09-06T09:45:06.494738+00:00
MPLADS-004081,0.0231,NORMAL,"{""payment_anomaly_score"": 0.1184, ""mean_anomaly_score"": 0.068, ""project__planned_duration_days"": 0.0555}",2026-09-06T09:45:06.494738+00:00
MPLADS-004082,0.0231,NORMAL,"{""financial_anomaly_score"": 0.1718, ""financial__sanctioned_amount"": 0.0656, ""payment_anomaly_percentile"": 0.0401}",2026-09-06T09:45:06.494738+00:00
MPLADS-004083,0.0308,NORMAL,"{""financial__sanctioned_amount"": 0.0889, ""financial_anomaly_percentile"": 0.0698, ""geo__infrastructure_gap_index"": 0.0541}",2026-09-06T09:45:06.494738+00:00
MPLADS-004084,0.2256,NORMAL,"{""procurement_anomaly_score"": 1.1995, ""procurement_anomaly_percentile"": 0.3179, ""contractor_anomaly_percentile"": 0.0871}",2026-09-06T09:45:06.494738+00:00
MPLADS-004085,0.0182,NORMAL,"{""geo__infrastructure_gap_index"": 0.0745, ""financial_anomaly_percentile"": 0.0553, ""payment_anomaly_percentile"": 0.0431}",2026-09-06T09:45:06.494738+00:00
MPLADS-004086,0.0182,NORMAL,"{""geo__infrastructure_gap_index"": 0.078, ""geo__population_density"": 0.0766, ""geospatial_anomaly_score"": 0.0629}",2026-09-06T09:45:06.494738+00:00
MPLADS-004087,0.0225,NORMAL,"{""geospatial_anomaly_score"": 0.1464, ""project__planned_duration_days"": 0.0085, ""geo__population_density"": 0.0064}",2026-09-06T09:45:06.494738+00:00
MPLADS-004088,0.0225,NORMAL,"{""payment_anomaly_score"": 0.1473, ""geo__population_density"": 0.0765, ""geo__infrastructure_gap_index"": 0.062}",2026-09-06T09:45:06.494738+00:00
MPLADS-004089,1.0,GHOST_WORK,"{""progress_anomaly_score"": 5.318, ""progress_anomaly_percentile"": 0.9148, ""payment_anomaly_score"": 0.1828}",2026-09-06T09:45:06.494738+00:00
MPLADS-004090,0.0231,NORMAL,"{""geo__population_density"": 0.1187, ""project__planned_duration_days"": 0.0625, ""geospatial_anomaly_score"": 0.0447}",2026-09-06T09:45:06.494738+00:00
MPLADS-004091,0.0789,NORMAL,"{""financial__sanctioned_amount"": 0.2664, ""geo__infrastructure_gap_index"": 0.2242, ""financial_anomaly_score"": 0.0822}",2026-09-06T09:45:06.494738+00:00
MPLADS-004092,0.0088,NORMAL,"{""financial_anomaly_score"": 0.049, ""project__planned_duration_days"": 0.0441, ""financial_anomaly_percentile"": 0.037}",2026-09-06T09:45:06.494738+00:00
MPLADS-004093,0.0592,NORMAL,"{""geo__infrastructure_gap_index"": 0.1919, ""std_anomaly_score"": 0.0832, ""financial_anomaly_score"": 0.0801}",2026-09-06T09:45:06.494738+00:00
MPLADS-004094,0.0231,NORMAL,"{""financial__sanctioned_amount"": 0.1351, ""financial_anomaly_percentile"": 0.0267, ""graph_anomaly_percentile"": 0.0121}",2026-09-06T09:45:06.494738+00:00
MPLADS-004095,0.0592,NORMAL,"{""financial__sanctioned_amount"": 0.2671, ""geo__population_density"": 0.1833, ""graph_anomaly_score"": 0.0813}",2026-09-06T09:45:06.494738+00:00
MPLADS-004096,0.0139,NORMAL,"{""std_anomaly_score"": 0.0763, ""max_anomaly_score"": 0.0762, ""financial_anomaly_percentile"": 0.075}",2026-09-06T09:45:06.494738+00:00
MPLADS-004097,0.0265,NORMAL,"{""geo__population_density"": 0.1899, ""geo__infrastructure_gap_index"": 0.0584, ""std_anomaly_score"": 0.0511}",2026-09-06T09:45:06.494738+00:00
MPLADS-004098,0.3662,NORMAL,"{""procurement_anomaly_score"": 1.3612, ""procurement_anomaly_percentile"": 0.7473, ""max_anomaly_score"": 0.1288}",2026-09-06T09:45:06.494738+00:00
MPLADS-004099,0.0308,NORMAL,"{""geo__infrastructure_gap_index"": 0.3068, ""geospatial_anomaly_score"": 0.0812, ""project__planned_duration_days"": 0.0665}",2026-09-06T09:45:06.494738+00:00
MPLADS-004100,0.0182,NORMAL,"{""mean_anomaly_score"": 0.093, ""project__planned_duration_days"": 0.0525, ""contractor_anomaly_score"": 0.0121}",2026-09-06T09:45:06.494738+00:00
MPLADS-004101,0.0225,NORMAL,"{""geospatial_anomaly_score"": 0.0859, ""project__planned_duration_days"": 0.0599, ""payment_anomaly_percentile"": 0.0106}",2026-09-06T09:45:06.494738+00:00
MPLADS-004102,0.0161,NORMAL,"{""project__planned_duration_days"": 0.0574, ""contractor_anomaly_score"": 0.0186, ""graph_anomaly_percentile"": 0.0147}",2026-09-06T09:45:06.494738+00:00
MPLADS-004103,0.0231,NORMAL,"{""geospatial_anomaly_score"": 0.0565, ""project__planned_duration_days"": 0.0509, ""financial_anomaly_score"": 0.0314}",2026-09-06T09:45:06.494738+00:00
MPLADS-004104,0.011,NORMAL,"{""financial_anomaly_score"": 0.1432, ""geo__infrastructure_gap_index"": 0.1368, ""project__planned_duration_days"": 0.0493}",2026-09-06T09:45:06.494738+00:00
MPLADS-004105,0.0182,NORMAL,"{""payment_anomaly_percentile"": 0.0999, ""geospatial_anomaly_score"": 0.0985, ""payment_anomaly_score"": 0.0559}",2026-09-06T09:45:06.494738+00:00
MPLADS-004106,1.0,COST_OVERRUN,"{""progress_anomaly_score"": 5.1161, ""progress_anomaly_percentile"": 0.8187, ""financial_anomaly_score"": 0.1565}",2026-09-06T09:45:06.494738+00:00
MPLADS-004107,0.0225,NORMAL,"{""financial__sanctioned_amount"": 0.1027, ""graph_anomaly_score"": 0.063, ""payment_anomaly_percentile"": 0.0213}",2026-09-06T09:45:06.494738+00:00
MPLADS-004108,0.0182,NORMAL,"{""graph_anomaly_score"": 0.1146, ""payment_anomaly_score"": 0.1002, ""financial_anomaly_score"": 0.0911}",2026-09-06T09:45:06.494738+00:00
MPLADS-004109,0.0314,NORMAL,"{""geo__population_density"": 0.1427, ""geospatial_anomaly_score"": 0.1255, ""project__planned_duration_days"": 0.0664}",2026-09-06T09:45:06.494738+00:00
MPLADS-004110,0.0265,NORMAL,"{""geospatial_anomaly_percentile"": 0.1399, ""geospatial_anomaly_score"": 0.1307, ""financial__sanctioned_amount"": 0.058}",2026-09-06T09:45:06.494738+00:00
MPLADS-004111,0.0231,NORMAL,"{""geospatial_anomaly_score"": 0.195, ""project__planned_duration_days"": 0.0634, ""geospatial_anomaly_percentile"": 0.0445}",2026-09-06T09:45:06.494738+00:00
MPLADS-004112,0.011,NORMAL,"{""project__planned_duration_days"": 0.0491, ""payment_anomaly_percentile"": 0.0259, ""graph_anomaly_percentile"": 0.0033}",2026-09-06T09:45:06.494738+00:00
MPLADS-004113,0.0225,NORMAL,"{""financial__sanctioned_amount"": 0.1836, ""geo__population_density"": 0.1389, ""geospatial_anomaly_score"": 0.1382}",2026-09-06T09:45:06.494738+00:00
MPLADS-004114,0.4029,NORMAL,"{""procurement_anomaly_score"": 1.4793, ""procurement_anomaly_percentile"": 0.4979, ""geospatial_anomaly_score"": 0.1298}",2026-09-06T09:45:06.494738+00:00
MPLADS-004115,0.0231,NORMAL,"{""geo__population_density"": 0.1964, ""geospatial_anomaly_score"": 0.092, ""project__planned_duration_days"": 0.0582}",2026-09-06T09:45:06.494738+00:00
MPLADS-004116,0.0182,NORMAL,"{""project__planned_duration_days"": 0.0408, ""financial_anomaly_percentile"": 0.0406, ""financial_anomaly_score"": 0.0334}",2026-09-06T09:45:06.494738+00:00
MPLADS-004117,0.0231,NORMAL,"{""procurement_anomaly_percentile"": 0.264, ""payment_anomaly_score"": 0.1471, ""financial_anomaly_percentile"": 0.0515}",2026-09-06T09:45:06.494738+00:00
MPLADS-004118,0.2672,NORMAL,"{""procurement_anomaly_score"": 1.2017, ""procurement_anomaly_percentile"": 0.2993, ""geo__infrastructure_gap_index"": 0.085}",2026-09-06T09:45:06.494738+00:00
MPLADS-004119,0.0153,NORMAL,"{""financial_anomaly_score"": 0.1732, ""financial_anomaly_percentile"": 0.0658, ""payment_anomaly_score"": 0.0637}",2026-09-06T09:45:06.494738+00:00
MPLADS-004120,0.0088,NORMAL,"{""procurement_anomaly_percentile"": 0.2017, ""financial_anomaly_score"": 0.0906, ""financial_anomaly_percentile"": 0.0361}",2026-09-06T09:45:06.494738+00:00
MPLADS-004121,0.0262,NORMAL,"{""payment_anomaly_score"": 0.5483, ""geospatial_anomaly_score"": 0.093, ""project__planned_duration_days"": 0.0541}",2026-09-06T09:45:06.494738+00:00
MPLADS-004122,0.0182,NORMAL,"{""geo__population_density"": 0.1203, ""geospatial_anomaly_score"": 0.0795, ""project__planned_duration_days"": 0.0403}",2026-09-06T09:45:06.494738+00:00
MPLADS-004123,0.0231,NORMAL,"{""financial__sanctioned_amount"": 0.1861, ""geo__infrastructure_gap_index"": 0.1135, ""financial_anomaly_percentile"": 0.0826}",2026-09-06T09:45:06.494738+00:00
MPLADS-004124,0.0225,NORMAL,"{""project__planned_duration_days"": 0.0801, ""geospatial_anomaly_score"": 0.0465, ""num_flagged_models"": 0.0014}",2026-09-06T09:45:06.494738+00:00
MPLADS-004125,1.0,DOCUMENTATION_DEFICIT,"{""progress_anomaly_score"": 5.2404, ""progress_anomaly_percentile"": 0.915, ""geo__infrastructure_gap_index"": 0.1533}",2026-09-06T09:45:06.494738+00:00
MPLADS-004126,0.0182,NORMAL,"{""graph_anomaly_score"": 0.0583, ""geospatial_anomaly_score"": 0.0574, ""std_anomaly_score"": 0.052}",2026-09-06T09:45:06.494738+00:00
MPLADS-004127,0.0225,NORMAL,"{""procurement_anomaly_score"": 0.4487, ""financial__sanctioned_amount"": 0.2156, ""procurement_anomaly_percentile"": 0.1418}",2026-09-06T09:45:06.494738+00:00
MPLADS-004128,0.0231,NORMAL,"{""geo__population_density"": 0.1816, ""geo__infrastructure_gap_index"": 0.0838, ""graph_anomaly_score"": 0.0728}",2026-09-06T09:45:06.494738+00:00
MPLADS-004129,0.0182,NORMAL,"{""geo__infrastructure_gap_index"": 0.1873, ""procurement_anomaly_percentile"": 0.0749, ""financial_anomaly_percentile"": 0.063}",2026-09-06T09:45:06.494738+00:00
MPLADS-004130,0.0231,NORMAL,"{""payment_anomaly_score"": 0.1771, ""mean_anomaly_score"": 0.0925, ""payment_anomaly_percentile"": 0.0462}",2026-09-06T09:45:06.494738+00:00
MPLADS-004131,0.0231,NORMAL,"{""financial__sanctioned_amount"": 0.2236, ""payment_anomaly_score"": 0.1529, ""geo__infrastructure_gap_index"": 0.0783}",2026-09-06T09:45:06.494738+00:00
MPLADS-004132,0.0225,NORMAL,"{""geospatial_anomaly_score"": 0.102, ""mean_anomaly_score"": 0.0402, ""geospatial_anomaly_percentile"": 0.0374}",2026-09-06T09:45:06.494738+00:00
MPLADS-004133,0.5162,PROCUREMENT_SINGLE_BID,"{""procurement_anomaly_score"": 1.9464, ""procurement_anomaly_percentile"": 0.8174, ""max_anomaly_score"": 0.1648}",2026-09-06T09:45:06.494738+00:00
MPLADS-004134,1.0,COST_OVERRUN,"{""progress_anomaly_score"": 2.6092, ""financial_anomaly_score"": 0.5886, ""procurement_anomaly_percentile"": 0.2594}",2026-09-06T09:45:06.494738+00:00
MPLADS-004135,0.5089,PROCUREMENT_SINGLE_BID,"{""procurement_anomaly_score"": 1.6667, ""procurement_anomaly_percentile"": 0.6033, ""geo__population_density"": 0.4661}",2026-09-06T09:45:06.494738+00:00
MPLADS-004136,0.0182,NORMAL,"{""geo__population_density"": 0.1504, ""geospatial_anomaly_score"": 0.0618, ""financial_anomaly_score"": 0.0595}",2026-09-06T09:45:06.494738+00:00
MPLADS-004137,1.0,GHOST_WORK,"{""progress_anomaly_score"": 5.3531, ""progress_anomaly_percentile"": 0.9606, ""payment_anomaly_score"": 0.1146}",2026-09-06T09:45:06.494738+00:00
MPLADS-004138,0.2003,NORMAL,"{""procurement_anomaly_score"": 0.5432, ""progress_anomaly_score"": 0.3877, ""financial_anomaly_score"": 0.3203}",2026-09-06T09:45:06.494738+00:00
MPLADS-004139,0.0182,NORMAL,"{""geo__population_density"": 0.1595, ""financial_anomaly_score"": 0.0823, ""contractor_anomaly_score"": 0.0595}",2026-09-06T09:45:06.494738+00:00
MPLADS-004140,0.0225,NORMAL,"{""geo__population_density"": 0.1385, ""financial_anomaly_percentile"": 0.0652, ""procurement_anomaly_percentile"": 0.0531}",2026-09-06T09:45:06.494738+00:00
MPLADS-004141,0.0231,NORMAL,"{""geospatial_anomaly_score"": 0.112, ""financial__sanctioned_amount"": 0.0463, ""geospatial_anomaly_percentile"": 0.0302}",2026-09-06T09:45:06.494738+00:00
MPLADS-004142,0.2256,NORMAL,"{""procurement_anomaly_score"": 1.2813, ""procurement_anomaly_percentile"": 0.3549, ""geo__population_density"": 0.1642}",2026-09-06T09:45:06.494738+00:00
MPLADS-004143,0.0225,NORMAL,"{""financial__sanctioned_amount"": 0.0448, ""contractor_anomaly_score"": 0.017, ""graph_anomaly_percentile"": 0.0158}",2026-09-06T09:45:06.494738+00:00
MPLADS-004144,0.0182,NORMAL,"{""geo__infrastructure_gap_index"": 0.232, ""geospatial_anomaly_score"": 0.0676, ""project__planned_duration_days"": 0.0405}",2026-09-06T09:45:06.494738+00:00
MPLADS-004145,0.0182,NORMAL,"{""geo__population_density"": 0.1081, ""geo__infrastructure_gap_index"": 0.0645, ""financial_anomaly_percentile"": 0.0553}",2026-09-06T09:45:06.494738+00:00
MPLADS-004146,0.0225,NORMAL,"{""financial__sanctioned_amount"": 0.2584, ""procurement_anomaly_percentile"": 0.1263, ""geo__infrastructure_gap_index"": 0.1134}",2026-09-06T09:45:06.494738+00:00
MPLADS-004147,1.0,PAYMENT_PROGRESS_MISMATCH,"{""progress_anomaly_score"": 4.921, ""progress_anomaly_percentile"": 0.8572, ""payment_anomaly_score"": 0.0927}",2026-09-06T09:45:06.494738+00:00
MPLADS-004148,0.0225,NORMAL,"{""geospatial_anomaly_score"": 0.0943, ""geo__population_density"": 0.0677, ""project__planned_duration_days"": 0.0356}",2026-09-06T09:45:06.494738+00:00
MPLADS-004149,0.0182,NORMAL,"{""financial__sanctioned_amount"": 0.1522, ""graph_anomaly_score"": 0.0144, ""num_flagged_models"": 0.0014}",2026-09-06T09:45:06.494738+00:00
MPLADS-004150,0.011,NORMAL,"{""payment_anomaly_score"": 0.0752, ""geo__infrastructure_gap_index"": 0.0682, ""financial_anomaly_percentile"": 0.0587}",2026-09-06T09:45:06.494738+00:00
MPLADS-004151,1.0,PAYMENT_PROGRESS_MISMATCH,"{""progress_anomaly_score"": 5.3197, ""progress_anomaly_percentile"": 0.9187, ""payment_anomaly_score"": 0.0754}",2026-09-06T09:45:06.494738+00:00
MPLADS-004152,0.0225,NORMAL,"{""financial__sanctioned_amount"": 0.1265, ""geo__population_density"": 0.1087, ""geospatial_anomaly_score"": 0.0736}",2026-09-06T09:45:06.494738+00:00
MPLADS-004153,0.0161,NORMAL,"{""financial__sanctioned_amount"": 0.1314, ""geospatial_anomaly_score"": 0.0755, ""payment_anomaly_score"": 0.0486}",2026-09-06T09:45:06.494738+00:00
MPLADS-004154,1.0,GHOST_WORK,"{""progress_anomaly_score"": 5.082, ""progress_anomaly_percentile"": 0.9011, ""financial_anomaly_score"": 0.1451}",2026-09-06T09:45:06.494738+00:00
MPLADS-004155,0.0225,NORMAL,"{""geo__infrastructure_gap_index"": 0.1982, ""financial__sanctioned_amount"": 0.1511, ""geo__population_density"": 0.1259}",2026-09-06T09:45:06.494738+00:00
MPLADS-004156,0.0231,NORMAL,"{""geospatial_anomaly_score"": 0.1366, ""geo__infrastructure_gap_index"": 0.0856, ""geospatial_anomaly_percentile"": 0.0799}",2026-09-06T09:45:06.494738+00:00
MPLADS-004157,0.0182,NORMAL,"{""project__planned_duration_days"": 0.042, ""num_flagged_models"": 0.0014, ""project_size_code"": 0.0}",2026-09-06T09:45:06.494738+00:00
MPLADS-004158,0.0225,NORMAL,"{""financial__sanctioned_amount"": 0.1946, ""geospatial_anomaly_score"": 0.0999, ""geospatial_anomaly_percentile"": 0.0454}",2026-09-06T09:45:06.494738+00:00
MPLADS-004159,0.1456,NORMAL,"{""geo__population_density"": 0.5042, ""geospatial_anomaly_score"": 0.2392, ""geo__infrastructure_gap_index"": 0.1321}",2026-09-06T09:45:06.494738+00:00
MPLADS-004160,0.1698,NORMAL,"{""geospatial_anomaly_percentile"": 0.3385, ""geospatial_anomaly_score"": 0.2512, ""geo__infrastructure_gap_index"": 0.1829}",2026-09-06T09:45:06.494738+00:00
MPLADS-004161,0.0231,NORMAL,"{""financial__sanctioned_amount"": 0.2837, ""geo__infrastructure_gap_index"": 0.0869, ""geospatial_anomaly_score"": 0.0492}",2026-09-06T09:45:06.494738+00:00
MPLADS-004162,0.0231,NORMAL,"{""financial__sanctioned_amount"": 0.2391, ""geo__infrastructure_gap_index"": 0.0877, ""mean_anomaly_score"": 0.0679}",2026-09-06T09:45:06.494738+00:00
MPLADS-004163,1.0,COST_OVERRUN,"{""progress_anomaly_score"": 4.4904, ""progress_anomaly_percentile"": 0.8401, ""procurement_anomaly_score"": 0.3053}",2026-09-06T09:45:06.494738+00:00
MPLADS-004164,0.0231,NORMAL,"{""project__planned_duration_days"": 0.0655, ""financial__sanctioned_amount"": 0.041, ""geospatial_anomaly_score"": 0.0409}",2026-09-06T09:45:06.494738+00:00
MPLADS-004165,0.0182,NORMAL,"{""geospatial_anomaly_score"": 0.0627, ""geo__infrastructure_gap_index"": 0.0517, ""project__planned_duration_days"": 0.0385}",2026-09-06T09:45:06.494738+00:00
MPLADS-004166,0.2246,NORMAL,"{""procurement_anomaly_score"": 1.5399, ""procurement_anomaly_percentile"": 0.5194, ""geo__population_density"": 0.172}",2026-09-06T09:45:06.494738+00:00
MPLADS-004167,0.0231,NORMAL,"{""geo__population_density"": 0.1641, ""geospatial_anomaly_score"": 0.0608, ""project__planned_duration_days"": 0.0469}",2026-09-06T09:45:06.494738+00:00
MPLADS-004168,0.0231,NORMAL,"{""financial__sanctioned_amount"": 0.154, ""geospatial_anomaly_score"": 0.1095, ""financial_anomaly_percentile"": 0.0863}",2026-09-06T09:45:06.494738+00:00
MPLADS-004169,0.2913,NORMAL,"{""procurement_anomaly_score"": 1.5017, ""procurement_anomaly_percentile"": 0.5345, ""geospatial_anomaly_score"": 0.0515}",2026-09-06T09:45:06.494738+00:00
MPLADS-004170,0.0182,NORMAL,"{""financial_anomaly_score"": 0.1214, ""financial_anomaly_percentile"": 0.0731, ""payment_anomaly_percentile"": 0.0491}",2026-09-06T09:45:06.494738+00:00
MPLADS-004171,0.0088,NORMAL,"{""project__planned_duration_days"": 0.0192, ""num_flagged_models"": 0.0014, ""project_size_code"": 0.0}",2026-09-06T09:45:06.494738+00:00
MPLADS-004172,0.0308,NORMAL,"{""geo__infrastructure_gap_index"": 0.1669, ""geospatial_anomaly_score"": 0.1537, ""geo__population_density"": 0.1307}",2026-09-06T09:45:06.494738+00:00
MPLADS-004173,0.0231,NORMAL,"{""procurement_anomaly_percentile"": 0.0848, ""project__planned_duration_days"": 0.0417, ""geospatial_anomaly_score"": 0.0378}",2026-09-06T09:45:06.494738+00:00
MPLADS-004174,0.011,NORMAL,"{""financial__sanctioned_amount"": 0.3036, ""std_anomaly_score"": 0.0756, ""payment_anomaly_percentile"": 0.0222}",2026-09-06T09:45:06.494738+00:00
MPLADS-004175,1.0,DELAYED_WORK,"{""progress_anomaly_score"": 4.7953, ""progress_anomaly_percentile"": 0.871, ""procurement_anomaly_score"": 0.2455}",2026-09-06T09:45:06.494738+00:00
MPLADS-004176,1.0,COST_OVERRUN,"{""progress_anomaly_score"": 4.6412, ""progress_anomaly_percentile"": 0.8413, ""procurement_anomaly_score"": 0.2894}",2026-09-06T09:45:06.494738+00:00
MPLADS-004177,0.011,NORMAL,"{""project__planned_duration_days"": 0.037, ""payment_anomaly_percentile"": 0.0294, ""graph_anomaly_score"": 0.0243}",2026-09-06T09:45:06.494738+00:00
MPLADS-004178,0.0231,NORMAL,"{""geo__population_density"": 0.133, ""financial__sanctioned_amount"": 0.0977, ""financial_anomaly_percentile"": 0.075}",2026-09-06T09:45:06.494738+00:00
MPLADS-004179,0.0696,NORMAL,"{""geo__population_density"": 0.0881, ""project__planned_duration_days"": 0.0528, ""geospatial_anomaly_score"": 0.0397}",2026-09-06T09:45:06.494738+00:00
MPLADS-004180,0.0231,NORMAL,"{""project__planned_duration_days"": 0.0506, ""graph_anomaly_score"": 0.0435, ""geo__infrastructure_gap_index"": 0.0332}",2026-09-06T09:45:06.494738+00:00
MPLADS-004181,0.0182,NORMAL,"{""financial__sanctioned_amount"": 0.0819, ""project__planned_duration_days"": 0.0576, ""geospatial_anomaly_score"": 0.0395}",2026-09-06T09:45:06.494738+00:00
MPLADS-004182,0.0225,NORMAL,"{""geo__infrastructure_gap_index"": 0.1039, ""project__planned_duration_days"": 0.0553, ""mean_anomaly_score"": 0.044}",2026-09-06T09:45:06.494738+00:00
MPLADS-004183,1.0,DELAYED_WORK,"{""progress_anomaly_score"": 5.0722, ""progress_anomaly_percentile"": 0.9205, ""financial_anomaly_score"": 0.2057}",2026-09-06T09:45:06.494738+00:00
MPLADS-004184,1.0,PAYMENT_PROGRESS_MISMATCH,"{""progress_anomaly_score"": 5.2369, ""progress_anomaly_percentile"": 0.8847, ""geo__infrastructure_gap_index"": 0.1437}",2026-09-06T09:45:06.494738+00:00
MPLADS-004185,0.0314,NORMAL,"{""procurement_anomaly_percentile"": 0.1693, ""geo__population_density"": 0.0692, ""project__planned_duration_days"": 0.0504}",2026-09-06T09:45:06.494738+00:00
MPLADS-004186,1.0,PAYMENT_PROGRESS_MISMATCH,"{""progress_anomaly_score"": 5.0454, ""progress_anomaly_percentile"": 0.8782, ""geo__population_density"": 0.1334}",2026-09-06T09:45:06.494738+00:00
MPLADS-004187,0.0225,NORMAL,"{""financial__sanctioned_amount"": 0.2009, ""geo__population_density"": 0.0948, ""payment_anomaly_percentile"": 0.0294}",2026-09-06T09:45:06.494738+00:00
MPLADS-004188,0.0153,NORMAL,"{""project__planned_duration_days"": 0.0652, ""mean_anomaly_score"": 0.0439, ""geospatial_anomaly_score"": 0.0358}",2026-09-06T09:45:06.494738+00:00
MPLADS-004189,0.0088,NORMAL,"{""project__planned_duration_days"": 0.0446, ""contractor_anomaly_score"": 0.004, ""financial_anomaly_percentile"": 0.0028}",2026-09-06T09:45:06.494738+00:00
MPLADS-004190,1.0,PAYMENT_PROGRESS_MISMATCH,"{""progress_anomaly_score"": 5.3494, ""progress_anomaly_percentile"": 0.9239, ""payment_anomaly_score"": 0.1154}",2026-09-06T09:45:06.494738+00:00
MPLADS-004191,0.0314,NORMAL,"{""mean_anomaly_score"": 0.1155, ""contractor_anomaly_percentile"": 0.1119, ""contractor_anomaly_score"": 0.1085}",2026-09-06T09:45:06.494738+00:00
MPLADS-004192,0.0308,NORMAL,"{""geospatial_anomaly_score"": 0.0841, ""project__planned_duration_days"": 0.0248, ""geospatial_anomaly_percentile"": 0.024}",2026-09-06T09:45:06.494738+00:00
MPLADS-004193,0.0225,NORMAL,"{""financial__sanctioned_amount"": 0.1245, ""geospatial_anomaly_score"": 0.1147, ""geo__infrastructure_gap_index"": 0.0993}",2026-09-06T09:45:06.494738+00:00
MPLADS-004194,0.0265,NORMAL,"{""procurement_anomaly_score"": 0.6137, ""procurement_anomaly_percentile"": 0.1704, ""payment_anomaly_score"": 0.0597}",2026-09-06T09:45:06.494738+00:00
MPLADS-004195,0.1596,NORMAL,"{""procurement_anomaly_score"": 0.7177, ""procurement_anomaly_percentile"": 0.2782, ""geo__population_density"": 0.2436}",2026-09-06T09:45:06.494738+00:00
MPLADS-004196,0.0182,NORMAL,"{""geospatial_anomaly_score"": 0.0515, ""project__planned_duration_days"": 0.0433, ""graph_anomaly_percentile"": 0.015}",2026-09-06T09:45:06.494738+00:00
MPLADS-004197,1.0,DELAYED_WORK,"{""progress_anomaly_score"": 5.2397, ""progress_anomaly_percentile"": 0.878, ""financial_anomaly_score"": 0.1444}",2026-09-06T09:45:06.494738+00:00
MPLADS-004198,0.0225,NORMAL,"{""project__planned_duration_days"": 0.0612, ""geospatial_anomaly_score"": 0.0527, ""geospatial_anomaly_percentile"": 0.0202}",2026-09-06T09:45:06.494738+00:00
MPLADS-004199,0.0225,NORMAL,"{""financial__sanctioned_amount"": 0.2671, ""mean_anomaly_score"": 0.0334, ""num_flagged_models"": 0.0014}",2026-09-06T09:45:06.494738+00:00
MPLADS-004200,0.0225,NORMAL,"{""financial__sanctioned_amount"": 0.2383, ""geo__infrastructure_gap_index"": 0.1026, ""graph_anomaly_score"": 0.0649}",2026-09-06T09:45:06.494738+00:00
MPLADS-004201,0.011,NORMAL,"{""geo__population_density"": 0.0534, ""project__planned_duration_days"": 0.0503, ""graph_anomaly_score"": 0.0467}",2026-09-06T09:45:06.494738+00:00
MPLADS-004202,0.0225,NORMAL,"{""financial__sanctioned_amount"": 0.171, ""geo__infrastructure_gap_index"": 0.1095, ""geo__population_density"": 0.0768}",2026-09-06T09:45:06.494738+00:00
MPLADS-004203,0.0067,NORMAL,"{""financial_anomaly_score"": 0.1992, ""project__planned_duration_days"": 0.0335, ""graph_anomaly_score"": 0.0233}",2026-09-06T09:45:06.494738+00:00
MPLADS-004204,0.0182,NORMAL,"{""project__planned_duration_days"": 0.0487, ""payment_anomaly_percentile"": 0.0436, ""contractor_anomaly_score"": 0.0074}",2026-09-06T09:45:06.494738+00:00
MPLADS-004205,0.0182,NORMAL,"{""geo__population_density"": 0.0616, ""project__planned_duration_days"": 0.0318, ""contractor_anomaly_percentile"": 0.0183}",2026-09-06T09:45:06.494738+00:00
MPLADS-004206,1.0,PAYMENT_PROGRESS_MISMATCH,"{""progress_anomaly_score"": 4.8329, ""progress_anomaly_percentile"": 0.9095, ""payment_anomaly_score"": 0.1644}",2026-09-06T09:45:06.494738+00:00
MPLADS-004207,0.0231,NORMAL,"{""mean_anomaly_score"": 0.1202, ""payment_anomaly_percentile"": 0.1137, ""financial_anomaly_score"": 0.1093}",2026-09-06T09:45:06.494738+00:00
MPLADS-004208,0.0345,NORMAL,"{""geo__population_density"": 0.3764, ""geo__infrastructure_gap_index"": 0.2682, ""geospatial_anomaly_score"": 0.0577}",2026-09-06T09:45:06.494738+00:00
MPLADS-004209,0.0225,NORMAL,"{""geo__population_density"": 0.0692, ""project__planned_duration_days"": 0.0383, ""mean_anomaly_score"": 0.0374}",2026-09-06T09:45:06.494738+00:00
MPLADS-004210,0.0231,NORMAL,"{""procurement_anomaly_score"": 0.3853, ""procurement_anomaly_percentile"": 0.3268, ""max_anomaly_score"": 0.0876}",2026-09-06T09:45:06.494738+00:00
MPLADS-004211,0.0182,NORMAL,"{""project__planned_duration_days"": 0.056, ""mean_anomaly_score"": 0.0347, ""contractor_anomaly_score"": 0.0123}",2026-09-06T09:45:06.494738+00:00
MPLADS-004212,0.0153,NORMAL,"{""geo__infrastructure_gap_index"": 0.1272, ""project__planned_duration_days"": 0.0675, ""geospatial_anomaly_score"": 0.0583}",2026-09-06T09:45:06.494738+00:00
MPLADS-004213,0.0231,NORMAL,"{""financial__sanctioned_amount"": 0.2714, ""geospatial_anomaly_score"": 0.1574, ""financial_anomaly_percentile"": 0.1102}",2026-09-06T09:45:06.494738+00:00
MPLADS-004214,0.0265,NORMAL,"{""geo__infrastructure_gap_index"": 0.2792, ""financial__sanctioned_amount"": 0.2453, ""project__planned_duration_days"": 0.0138}",2026-09-06T09:45:06.494738+00:00
MPLADS-004215,0.0204,NORMAL,"{""geospatial_anomaly_score"": 0.1139, ""project__planned_duration_days"": 0.0687, ""geospatial_anomaly_percentile"": 0.0492}",2026-09-06T09:45:06.494738+00:00
MPLADS-004216,0.0231,NORMAL,"{""financial__sanctioned_amount"": 0.145, ""geospatial_anomaly_score"": 0.0669, ""geospatial_anomaly_percentile"": 0.0381}",2026-09-06T09:45:06.494738+00:00
MPLADS-004217,0.0182,NORMAL,"{""geo__population_density"": 0.0715, ""geospatial_anomaly_score"": 0.0407, ""mean_anomaly_score"": 0.0226}",2026-09-06T09:45:06.494738+00:00
MPLADS-004218,0.0088,NORMAL,"{""geo__infrastructure_gap_index"": 0.1518, ""project__planned_duration_days"": 0.0489, ""financial_anomaly_score"": 0.046}",2026-09-06T09:45:06.494738+00:00
MPLADS-004219,0.0265,NORMAL,"{""geo__population_density"": 0.0761, ""financial_anomaly_score"": 0.0669, ""project__planned_duration_days"": 0.0413}",2026-09-06T09:45:06.494738+00:00
MPLADS-004220,0.1024,NORMAL,"{""contractor_anomaly_score"": 0.3036, ""contractor_anomaly_percentile"": 0.2449, ""financial_anomaly_score"": 0.2314}",2026-09-06T09:45:06.494738+00:00
MPLADS-004221,0.0345,NORMAL,"{""payment_anomaly_score"": 0.121, ""geo__population_density"": 0.1117, ""geo__infrastructure_gap_index"": 0.0613}",2026-09-06T09:45:06.494738+00:00
MPLADS-004222,0.0182,NORMAL,"{""financial__sanctioned_amount"": 0.2389, ""geo__population_density"": 0.1596, ""graph_anomaly_score"": 0.044}",2026-09-06T09:45:06.494738+00:00
MPLADS-004223,0.0182,NORMAL,"{""financial_anomaly_score"": 0.0658, ""project__planned_duration_days"": 0.0486, ""geo__infrastructure_gap_index"": 0.0463}",2026-09-06T09:45:06.494738+00:00
MPLADS-004224,0.0182,NORMAL,"{""geo__population_density"": 0.1399, ""mean_anomaly_score"": 0.0451, ""std_anomaly_score"": 0.0371}",2026-09-06T09:45:06.494738+00:00
MPLADS-004225,0.0225,NORMAL,"{""geo__population_density"": 0.1404, ""geospatial_anomaly_score"": 0.1054, ""geo__infrastructure_gap_index"": 0.0616}",2026-09-06T09:45:06.494738+00:00
MPLADS-004226,1.0,PAYMENT_PROGRESS_MISMATCH,"{""progress_anomaly_score"": 5.1522, ""progress_anomaly_percentile"": 0.9044, ""payment_anomaly_score"": 0.1428}",2026-09-06T09:45:06.494738+00:00
MPLADS-004227,0.0182,NORMAL,"{""geo__infrastructure_gap_index"": 0.2336, ""std_anomaly_score"": 0.0669, ""geospatial_anomaly_score"": 0.0611}",2026-09-06T09:45:06.494738+00:00
MPLADS-004228,0.0314,NORMAL,"{""procurement_anomaly_percentile"": 0.2375, ""geospatial_anomaly_score"": 0.0634, ""std_anomaly_score"": 0.0569}",2026-09-06T09:45:06.494738+00:00
MPLADS-004229,0.011,NORMAL,"{""project__planned_duration_days"": 0.0603, ""geo__infrastructure_gap_index"": 0.0568, ""geospatial_anomaly_score"": 0.0505}",2026-09-06T09:45:06.494738+00:00
MPLADS-004230,0.0182,NORMAL,"{""geo__population_density"": 0.1404, ""financial__sanctioned_amount"": 0.0871, ""geospatial_anomaly_score"": 0.0184}",2026-09-06T09:45:06.494738+00:00
MPLADS-004231,0.1698,NORMAL,"{""geo__population_density"": 0.6402, ""financial_anomaly_score"": 0.3821, ""std_anomaly_score"": 0.0701}",2026-09-06T09:45:06.494738+00:00
MPLADS-004232,1.0,PAYMENT_PROGRESS_MISMATCH,"{""progress_anomaly_score"": 5.5217, ""progress_anomaly_percentile"": 0.9677, ""payment_anomaly_score"": 0.3069}",2026-09-06T09:45:06.494738+00:00
MPLADS-004233,0.0182,NORMAL,"{""project__planned_duration_days"": 0.0434, ""graph_anomaly_percentile"": 0.0031, ""num_flagged_models"": 0.0014}",2026-09-06T09:45:06.494738+00:00
MPLADS-004234,0.0182,NORMAL,"{""payment_anomaly_score"": 0.1145, ""project__planned_duration_days"": 0.0549, ""payment_anomaly_percentile"": 0.0439}",2026-09-06T09:45:06.494738+00:00
MPLADS-004235,1.0,PAYMENT_PROGRESS_MISMATCH,"{""progress_anomaly_score"": 5.3051, ""progress_anomaly_percentile"": 0.9223, ""payment_anomaly_score"": 0.0974}",2026-09-06T09:45:06.494738+00:00
MPLADS-004236,0.0182,NORMAL,"{""geo__infrastructure_gap_index"": 0.1377, ""financial__sanctioned_amount"": 0.1039, ""payment_anomaly_score"": 0.0923}",2026-09-06T09:45:06.494738+00:00
MPLADS-004237,1.0,ABANDONED_WORK,"{""progress_anomaly_score"": 5.0999, ""progress_anomaly_percentile"": 0.8302, ""financial_anomaly_score"": 0.1316}",2026-09-06T09:45:06.494738+00:00
MPLADS-004238,0.0182,NORMAL,"{""mean_anomaly_score"": 0.0579, ""geospatial_anomaly_score"": 0.0081, ""num_flagged_models"": 0.0014}",2026-09-06T09:45:06.494738+00:00
MPLADS-004239,0.0231,NORMAL,"{""geo__infrastructure_gap_index"": 0.1508, ""std_anomaly_score"": 0.029, ""geospatial_anomaly_score"": 0.0209}",2026-09-06T09:45:06.494738+00:00
MPLADS-004240,0.0875,NORMAL,"{""contractor_anomaly_percentile"": 0.1984, ""contractor_anomaly_score"": 0.1493, ""financial__sanctioned_amount"": 0.1282}",2026-09-06T09:45:06.494738+00:00
MPLADS-004241,0.0231,NORMAL,"{""geo__population_density"": 0.5203, ""geospatial_anomaly_score"": 0.1145, ""project__planned_duration_days"": 0.0858}",2026-09-06T09:45:06.494738+00:00
MPLADS-004242,0.0182,NORMAL,"{""graph_anomaly_score"": 0.0507, ""project__planned_duration_days"": 0.0496, ""graph_anomaly_percentile"": 0.0055}",2026-09-06T09:45:06.494738+00:00
MPLADS-004243,0.0182,NORMAL,"{""financial__sanctioned_amount"": 0.2221, ""geospatial_anomaly_score"": 0.0597, ""geospatial_anomaly_percentile"": 0.0461}",2026-09-06T09:45:06.494738+00:00
MPLADS-004244,1.0,DELAYED_WORK,"{""progress_anomaly_score"": 4.5625, ""progress_anomaly_percentile"": 0.7826, ""procurement_anomaly_score"": 0.2172}",2026-09-06T09:45:06.494738+00:00
MPLADS-004245,0.0231,NORMAL,"{""geospatial_anomaly_score"": 0.1985, ""financial__sanctioned_amount"": 0.1813, ""payment_anomaly_percentile"": 0.0308}",2026-09-06T09:45:06.494738+00:00
MPLADS-004246,0.0182,NORMAL,"{""geo__population_density"": 0.1006, ""graph_anomaly_score"": 0.088, ""financial__sanctioned_amount"": 0.0628}",2026-09-06T09:45:06.494738+00:00
MPLADS-004247,0.0161,NORMAL,"{""geospatial_anomaly_score"": 0.0832, ""project__planned_duration_days"": 0.0625, ""contractor_anomaly_percentile"": 0.0291}",2026-09-06T09:45:06.494738+00:00
MPLADS-004248,0.0225,NORMAL,"{""project__planned_duration_days"": 0.0425, ""procurement_anomaly_percentile"": 0.0405, ""contractor_anomaly_score"": 0.0179}",2026-09-06T09:45:06.494738+00:00
MPLADS-004249,0.0182,NORMAL,"{""financial_anomaly_percentile"": 0.0482, ""project__planned_duration_days"": 0.0325, ""payment_anomaly_percentile"": 0.0311}",2026-09-06T09:45:06.494738+00:00
MPLADS-004250,0.0046,NORMAL,"{""payment_anomaly_score"": 0.1335, ""project__planned_duration_days"": 0.0614, ""financial_anomaly_percentile"": 0.0411}",2026-09-06T09:45:06.494738+00:00
MPLADS-004251,0.4019,NORMAL,"{""procurement_anomaly_score"": 1.7968, ""procurement_anomaly_percentile"": 0.7594, ""max_anomaly_score"": 0.1828}",2026-09-06T09:45:06.494738+00:00
MPLADS-004252,1.0,PAYMENT_PROGRESS_MISMATCH,"{""progress_anomaly_score"": 5.3996, ""progress_anomaly_percentile"": 0.9315, ""payment_anomaly_score"": 0.134}",2026-09-06T09:45:06.494738+00:00
MPLADS-004253,1.0,DELAYED_WORK,"{""progress_anomaly_score"": 4.9623, ""progress_anomaly_percentile"": 0.7956, ""financial_anomaly_score"": 0.1722}",2026-09-06T09:45:06.494738+00:00
MPLADS-004254,0.0225,NORMAL,"{""geo__population_density"": 0.1259, ""geospatial_anomaly_score"": 0.0827, ""mean_anomaly_score"": 0.0347}",2026-09-06T09:45:06.494738+00:00
MPLADS-004255,0.0231,NORMAL,"{""geospatial_anomaly_score"": 0.0853, ""project__planned_duration_days"": 0.0402, ""geospatial_anomaly_percentile"": 0.0355}",2026-09-06T09:45:06.494738+00:00
MPLADS-004256,0.0225,NORMAL,"{""geo__infrastructure_gap_index"": 0.1112, ""project__planned_duration_days"": 0.0562, ""mean_anomaly_score"": 0.0356}",2026-09-06T09:45:06.494738+00:00
MPLADS-004257,0.0182,NORMAL,"{""financial_anomaly_score"": 0.2291, ""geo__population_density"": 0.1302, ""max_anomaly_score"": 0.0901}",2026-09-06T09:45:06.494738+00:00
MPLADS-004258,0.0345,NORMAL,"{""geo__population_density"": 0.1753, ""geospatial_anomaly_score"": 0.1409, ""geo__infrastructure_gap_index"": 0.0983}",2026-09-06T09:45:06.494738+00:00
MPLADS-004259,1.0,COST_OVERRUN,"{""progress_anomaly_score"": 4.6147, ""progress_anomaly_percentile"": 0.8285, ""procurement_anomaly_score"": 0.2181}",2026-09-06T09:45:06.494738+00:00
MPLADS-004260,0.363,NORMAL,"{""procurement_anomaly_score"": 1.5664, ""procurement_anomaly_percentile"": 0.6784, ""geo__population_density"": 0.2048}",2026-09-06T09:45:06.494738+00:00
MPLADS-004261,0.0182,NORMAL,"{""geo__infrastructure_gap_index"": 0.1731, ""mean_anomaly_score"": 0.0041, ""financial_anomaly_percentile"": 0.0034}",2026-09-06T09:45:06.494738+00:00
MPLADS-004262,0.0231,NORMAL,"{""geospatial_anomaly_score"": 0.0875, ""mean_anomaly_score"": 0.0629, ""financial__sanctioned_amount"": 0.0594}",2026-09-06T09:45:06.494738+00:00
MPLADS-004263,0.0182,NORMAL,"{""geospatial_anomaly_score"": 0.0713, ""project__planned_duration_days"": 0.0563, ""financial__sanctioned_amount"": 0.0311}",2026-09-06T09:45:06.494738+00:00
MPLADS-004264,0.0225,NORMAL,"{""project__planned_duration_days"": 0.0286, ""mean_anomaly_score"": 0.0241, ""contractor_anomaly_percentile"": 0.0189}",2026-09-06T09:45:06.494738+00:00
MPLADS-004265,0.0262,NORMAL,"{""contractor_anomaly_percentile"": 0.1982, ""contractor_anomaly_score"": 0.1412, ""financial__sanctioned_amount"": 0.116}",2026-09-06T09:45:06.494738+00:00
MPLADS-004266,0.0265,NORMAL,"{""financial_anomaly_score"": 0.0833, ""geospatial_anomaly_score"": 0.0387, ""geo__population_density"": 0.0334}",2026-09-06T09:45:06.494738+00:00
MPLADS-004267,1.0,PAYMENT_PROGRESS_MISMATCH,"{""progress_anomaly_score"": 5.1841, ""progress_anomaly_percentile"": 0.9103, ""payment_anomaly_score"": 0.0945}",2026-09-06T09:45:06.494738+00:00
MPLADS-004268,0.0231,NORMAL,"{""financial__sanctioned_amount"": 0.3124, ""procurement_anomaly_percentile"": 0.0583, ""payment_anomaly_percentile"": 0.0528}",2026-09-06T09:45:06.494738+00:00
MPLADS-004269,0.0231,NORMAL,"{""geospatial_anomaly_score"": 0.1097, ""financial__sanctioned_amount"": 0.0834, ""payment_anomaly_score"": 0.0538}",2026-09-06T09:45:06.494738+00:00
MPLADS-004270,0.0231,NORMAL,"{""geospatial_anomaly_score"": 0.1205, ""geo__infrastructure_gap_index"": 0.1146, ""project__planned_duration_days"": 0.0465}",2026-09-06T09:45:06.494738+00:00
MPLADS-004271,0.4384,NORMAL,"{""procurement_anomaly_score"": 1.8069, ""procurement_anomaly_percentile"": 0.7804, ""max_anomaly_score"": 0.1821}",2026-09-06T09:45:06.494738+00:00
MPLADS-004272,0.0231,NORMAL,"{""geo__infrastructure_gap_index"": 0.0626, ""payment_anomaly_percentile"": 0.0571, ""std_anomaly_score"": 0.0527}",2026-09-06T09:45:06.494738+00:00
MPLADS-004273,1.0,PAYMENT_PROGRESS_MISMATCH,"{""progress_anomaly_score"": 5.201, ""progress_anomaly_percentile"": 0.9498, ""payment_anomaly_score"": 0.1117}",2026-09-06T09:45:06.494738+00:00
MPLADS-004274,0.0442,NORMAL,"{""financial__sanctioned_amount"": 0.2622, ""geo__population_density"": 0.205, ""geospatial_anomaly_score"": 0.1589}",2026-09-06T09:45:06.494738+00:00
MPLADS-004275,1.0,ABANDONED_WORK,"{""progress_anomaly_score"": 4.8612, ""progress_anomaly_percentile"": 0.8369, ""payment_anomaly_score"": 0.2226}",2026-09-06T09:45:06.494738+00:00
MPLADS-004276,0.2256,NORMAL,"{""procurement_anomaly_score"": 1.1385, ""procurement_anomaly_percentile"": 0.3341, ""geospatial_anomaly_score"": 0.1289}",2026-09-06T09:45:06.494738+00:00
MPLADS-004277,1.0,DELAYED_WORK,"{""progress_anomaly_score"": 4.7848, ""progress_anomaly_percentile"": 0.859, ""procurement_anomaly_score"": 0.234}",2026-09-06T09:45:06.494738+00:00
MPLADS-004278,0.0225,NORMAL,"{""procurement_anomaly_score"": 0.4398, ""procurement_anomaly_percentile"": 0.2345, ""std_anomaly_score"": 0.0412}",2026-09-06T09:45:06.494738+00:00
MPLADS-004279,0.0225,NORMAL,"{""financial__sanctioned_amount"": 0.2896, ""procurement_anomaly_percentile"": 0.1236, ""geospatial_anomaly_score"": 0.0934}",2026-09-06T09:45:06.494738+00:00
MPLADS-004280,0.0225,NORMAL,"{""project__planned_duration_days"": 0.0919, ""graph_anomaly_score"": 0.0199, ""contractor_anomaly_score"": 0.0021}",2026-09-06T09:45:06.494738+00:00
MPLADS-004281,0.0182,NORMAL,"{""procurement_anomaly_score"": 0.318, ""procurement_anomaly_percentile"": 0.2703, ""std_anomaly_score"": 0.0437}",2026-09-06T09:45:06.494738+00:00
MPLADS-004282,0.0231,NORMAL,"{""geo__population_density"": 0.1937, ""financial__sanctioned_amount"": 0.1696, ""geo__infrastructure_gap_index"": 0.0908}",2026-09-06T09:45:06.494738+00:00
MPLADS-004283,0.0231,NORMAL,"{""geospatial_anomaly_score"": 0.2147, ""geo__population_density"": 0.1933, ""geo__infrastructure_gap_index"": 0.1441}",2026-09-06T09:45:06.494738+00:00
MPLADS-004284,0.0231,NORMAL,"{""project__planned_duration_days"": 0.0516, ""geo__population_density"": 0.0474, ""mean_anomaly_score"": 0.0393}",2026-09-06T09:45:06.494738+00:00
MPLADS-004285,0.0314,NORMAL,"{""contractor_anomaly_score"": 0.1355, ""contractor_anomaly_percentile"": 0.1266, ""payment_anomaly_percentile"": 0.0456}",2026-09-06T09:45:06.494738+00:00
MPLADS-004286,0.0225,NORMAL,"{""financial__sanctioned_amount"": 0.3749, ""geo__population_density"": 0.0816, ""std_anomaly_score"": 0.0478}",2026-09-06T09:45:06.494738+00:00
MPLADS-004287,0.0182,NORMAL,"{""project__planned_duration_days"": 0.051, ""geo__infrastructure_gap_index"": 0.0506, ""std_anomaly_score"": 0.0449}",2026-09-06T09:45:06.494738+00:00
MPLADS-004288,0.0231,NORMAL,"{""payment_anomaly_score"": 0.1865, ""geo__population_density"": 0.0772, ""project__planned_duration_days"": 0.0551}",2026-09-06T09:45:06.494738+00:00
MPLADS-004289,0.0314,NORMAL,"{""geo__infrastructure_gap_index"": 0.2367, ""std_anomaly_score"": 0.0504, ""project__planned_duration_days"": 0.0445}",2026-09-06T09:45:06.494738+00:00
MPLADS-004290,1.0,PAYMENT_PROGRESS_MISMATCH,"{""progress_anomaly_score"": 5.3993, ""progress_anomaly_percentile"": 0.9247, ""payment_anomaly_score"": 0.0832}",2026-09-06T09:45:06.494738+00:00
MPLADS-004291,0.0308,NORMAL,"{""geospatial_anomaly_score"": 0.1535, ""financial_anomaly_score"": 0.1201, ""max_anomaly_score"": 0.0553}",2026-09-06T09:45:06.494738+00:00
MPLADS-004292,1.0,DELAYED_WORK,"{""progress_anomaly_score"": 5.1741, ""progress_anomaly_percentile"": 0.9082, ""financial__sanctioned_amount"": 0.083}",2026-09-06T09:45:06.494738+00:00
MPLADS-004293,0.5278,PROCUREMENT_SINGLE_BID,"{""procurement_anomaly_score"": 1.8793, ""procurement_anomaly_percentile"": 0.7991, ""max_anomaly_score"": 0.2096}",2026-09-06T09:45:06.494738+00:00
MPLADS-004294,0.0182,NORMAL,"{""geo__infrastructure_gap_index"": 0.0341, ""project__planned_duration_days"": 0.0288, ""geo__population_density"": 0.0166}",2026-09-06T09:45:06.494738+00:00
MPLADS-004295,0.0231,NORMAL,"{""geo__population_density"": 0.4549, ""financial__sanctioned_amount"": 0.0981, ""geo__infrastructure_gap_index"": 0.058}",2026-09-06T09:45:06.494738+00:00
MPLADS-004296,0.0182,NORMAL,"{""financial__sanctioned_amount"": 0.2609, ""geo__infrastructure_gap_index"": 0.0729, ""payment_anomaly_score"": 0.022}",2026-09-06T09:45:06.494738+00:00
MPLADS-004297,1.0,PAYMENT_PROGRESS_MISMATCH,"{""progress_anomaly_score"": 5.0152, ""progress_anomaly_percentile"": 0.8432, ""payment_anomaly_score"": 0.1535}",2026-09-06T09:45:06.494738+00:00
MPLADS-004298,0.0231,NORMAL,"{""procurement_anomaly_percentile"": 0.4102, ""financial_anomaly_score"": 0.0945, ""financial_anomaly_percentile"": 0.0392}",2026-09-06T09:45:06.494738+00:00
MPLADS-004299,0.0231,NORMAL,"{""financial__sanctioned_amount"": 0.0998, ""project__planned_duration_days"": 0.0503, ""payment_anomaly_percentile"": 0.0425}",2026-09-06T09:45:06.494738+00:00
MPLADS-004300,0.0265,NORMAL,"{""financial__sanctioned_amount"": 0.1243, ""payment_anomaly_score"": 0.0589, ""payment_anomaly_percentile"": 0.0161}",2026-09-06T09:45:06.494738+00:00
MPLADS-004301,0.0225,NORMAL,"{""mean_anomaly_score"": 0.0926, ""project__planned_duration_days"": 0.0756, ""financial__sanctioned_amount"": 0.0265}",2026-09-06T09:45:06.494738+00:00
MPLADS-004302,0.0225,NORMAL,"{""financial__sanctioned_amount"": 0.2171, ""mean_anomaly_score"": 0.1011, ""payment_anomaly_score"": 0.0629}",2026-09-06T09:45:06.494738+00:00
MPLADS-004303,0.0182,NORMAL,"{""financial_anomaly_score"": 0.1827, ""financial_anomaly_percentile"": 0.0763, ""payment_anomaly_percentile"": 0.0566}",2026-09-06T09:45:06.494738+00:00
MPLADS-004304,1.0,PAYMENT_PROGRESS_MISMATCH,"{""progress_anomaly_score"": 5.3391, ""progress_anomaly_percentile"": 0.9216, ""financial__sanctioned_amount"": 0.1055}",2026-09-06T09:45:06.494738+00:00
MPLADS-004305,0.0182,NORMAL,"{""geo__infrastructure_gap_index"": 0.0631, ""project__planned_duration_days"": 0.0561, ""financial__sanctioned_amount"": 0.0149}",2026-09-06T09:45:06.494738+00:00
MPLADS-004306,0.0225,NORMAL,"{""contractor_anomaly_score"": 0.1227, ""contractor_anomaly_percentile"": 0.1117, ""project__planned_duration_days"": 0.0686}",2026-09-06T09:45:06.494738+00:00
MPLADS-004307,0.0161,NORMAL,"{""project__planned_duration_days"": 0.0465, ""graph_anomaly_score"": 0.0119, ""graph_anomaly_percentile"": 0.0087}",2026-09-06T09:45:06.494738+00:00
MPLADS-004308,0.0204,NORMAL,"{""project__planned_duration_days"": 0.0346, ""payment_anomaly_percentile"": 0.0058, ""num_flagged_models"": 0.0014}",2026-09-06T09:45:06.494738+00:00
MPLADS-004309,0.0231,NORMAL,"{""financial__sanctioned_amount"": 0.2233, ""payment_anomaly_score"": 0.1023, ""geospatial_anomaly_score"": 0.0844}",2026-09-06T09:45:06.494738+00:00
MPLADS-004310,0.0182,NORMAL,"{""geo__population_density"": 0.0562, ""financial__sanctioned_amount"": 0.0542, ""project__planned_duration_days"": 0.0505}",2026-09-06T09:45:06.494738+00:00
MPLADS-004311,0.5828,PROCUREMENT_SINGLE_BID,"{""procurement_anomaly_score"": 1.9174, ""procurement_anomaly_percentile"": 0.9297, ""geo__population_density"": 0.1888}",2026-09-06T09:45:06.494738+00:00
MPLADS-004312,0.0231,NORMAL,"{""geo__population_density"": 0.3337, ""financial__sanctioned_amount"": 0.2823, ""geo__infrastructure_gap_index"": 0.0979}",2026-09-06T09:45:06.494738+00:00
MPLADS-004313,0.0225,NORMAL,"{""geo__infrastructure_gap_index"": 0.2392, ""project__planned_duration_days"": 0.0518, ""mean_anomaly_score"": 0.038}",2026-09-06T09:45:06.494738+00:00
MPLADS-004314,1.0,COST_OVERRUN,"{""progress_anomaly_score"": 4.6146, ""progress_anomaly_percentile"": 0.8435, ""procurement_anomaly_score"": 0.431}",2026-09-06T09:45:06.494738+00:00
MPLADS-004315,0.0153,NORMAL,"{""financial_anomaly_score"": 0.075, ""geo__population_density"": 0.0552, ""payment_anomaly_percentile"": 0.0423}",2026-09-06T09:45:06.494738+00:00
MPLADS-004316,0.0225,NORMAL,"{""financial__sanctioned_amount"": 0.144, ""std_anomaly_score"": 0.1401, ""financial_anomaly_percentile"": 0.1193}",2026-09-06T09:45:06.494738+00:00
MPLADS-004317,0.0262,NORMAL,"{""geo__population_density"": 0.1484, ""geospatial_anomaly_score"": 0.0615, ""graph_anomaly_score"": 0.0456}",2026-09-06T09:45:06.494738+00:00
MPLADS-004318,0.0778,NORMAL,"{""procurement_anomaly_score"": 0.8657, ""procurement_anomaly_percentile"": 0.3004, ""financial_anomaly_score"": 0.1268}",2026-09-06T09:45:06.494738+00:00
MPLADS-004319,0.0231,NORMAL,"{""mean_anomaly_score"": 0.0759, ""geospatial_anomaly_score"": 0.066, ""contractor_anomaly_score"": 0.0196}",2026-09-06T09:45:06.494738+00:00
MPLADS-004320,0.0225,NORMAL,"{""mean_anomaly_score"": 0.0552, ""geo__infrastructure_gap_index"": 0.0379, ""procurement_anomaly_percentile"": 0.0344}",2026-09-06T09:45:06.494738+00:00
MPLADS-004321,0.0498,NORMAL,"{""financial_anomaly_score"": 0.1489, ""geospatial_anomaly_score"": 0.0948, ""payment_anomaly_score"": 0.0899}",2026-09-06T09:45:06.494738+00:00
MPLADS-004322,0.2672,NORMAL,"{""procurement_anomaly_score"": 0.8756, ""procurement_anomaly_percentile"": 0.3942, ""financial__sanctioned_amount"": 0.1525}",2026-09-06T09:45:06.494738+00:00
MPLADS-004323,0.4145,NORMAL,"{""financial_anomaly_score"": 0.6943, ""procurement_anomaly_percentile"": 0.4724, ""financial_anomaly_percentile"": 0.2116}",2026-09-06T09:45:06.494738+00:00
MPLADS-004324,0.011,NORMAL,"{""financial_anomaly_percentile"": 0.0555, ""geo__population_density"": 0.0405, ""payment_anomaly_percentile"": 0.0277}",2026-09-06T09:45:06.494738+00:00
MPLADS-004325,0.1752,NORMAL,"{""procurement_anomaly_score"": 0.6842, ""procurement_anomaly_percentile"": 0.3239, ""financial__sanctioned_amount"": 0.0921}",2026-09-06T09:45:06.494738+00:00
MPLADS-004326,0.0182,NORMAL,"{""project__planned_duration_days"": 0.0681, ""mean_anomaly_score"": 0.0408, ""financial__sanctioned_amount"": 0.0377}",2026-09-06T09:45:06.494738+00:00
MPLADS-004327,0.0231,NORMAL,"{""procurement_anomaly_percentile"": 0.4148, ""geospatial_anomaly_score"": 0.0787, ""financial_anomaly_percentile"": 0.071}",2026-09-06T09:45:06.494738+00:00
MPLADS-004328,0.0182,NORMAL,"{""max_anomaly_score"": 0.1466, ""payment_anomaly_score"": 0.079, ""graph_anomaly_score"": 0.0709}",2026-09-06T09:45:06.494738+00:00
MPLADS-004329,0.0182,NORMAL,"{""payment_anomaly_score"": 0.1103, ""geo__infrastructure_gap_index"": 0.0648, ""project__planned_duration_days"": 0.0433}",2026-09-06T09:45:06.494738+00:00
MPLADS-004330,0.0231,NORMAL,"{""geo__infrastructure_gap_index"": 0.2741, ""financial__sanctioned_amount"": 0.2187, ""contractor_anomaly_percentile"": 0.1891}",2026-09-06T09:45:06.494738+00:00
MPLADS-004331,0.0182,NORMAL,"{""geospatial_anomaly_percentile"": 0.0863, ""mean_anomaly_score"": 0.0643, ""geospatial_anomaly_score"": 0.0607}",2026-09-06T09:45:06.494738+00:00
MPLADS-004332,0.0231,NORMAL,"{""geospatial_anomaly_score"": 0.1099, ""payment_anomaly_score"": 0.0974, ""geo__population_density"": 0.0884}",2026-09-06T09:45:06.494738+00:00
MPLADS-004333,0.0345,NORMAL,"{""procurement_anomaly_percentile"": 0.2091, ""payment_anomaly_score"": 0.1741, ""payment_anomaly_percentile"": 0.0561}",2026-09-06T09:45:06.494738+00:00
MPLADS-004334,0.0182,NORMAL,"{""contractor_anomaly_percentile"": 0.0955, ""geo__infrastructure_gap_index"": 0.0784, ""project__planned_duration_days"": 0.0585}",2026-09-06T09:45:06.494738+00:00
MPLADS-004335,0.0182,NORMAL,"{""procurement_anomaly_score"": 0.3603, ""procurement_anomaly_percentile"": 0.2915, ""max_anomaly_score"": 0.0818}",2026-09-06T09:45:06.494738+00:00
MPLADS-004336,0.0182,NORMAL,"{""geo__population_density"": 0.0517, ""project__planned_duration_days"": 0.0342, ""graph_anomaly_percentile"": 0.0116}",2026-09-06T09:45:06.494738+00:00
MPLADS-004337,0.0225,NORMAL,"{""project__planned_duration_days"": 0.0466, ""graph_anomaly_score"": 0.026, ""geospatial_anomaly_score"": 0.0167}",2026-09-06T09:45:06.494738+00:00
MPLADS-004338,0.0592,NORMAL,"{""geo__population_density"": 0.5619, ""geospatial_anomaly_score"": 0.0948, ""procurement_anomaly_percentile"": 0.0836}",2026-09-06T09:45:06.494738+00:00
MPLADS-004339,0.0161,NORMAL,"{""geospatial_anomaly_score"": 0.122, ""project__planned_duration_days"": 0.0846, ""financial__sanctioned_amount"": 0.0649}",2026-09-06T09:45:06.494738+00:00
MPLADS-004340,0.3636,NORMAL,"{""procurement_anomaly_score"": 1.3045, ""procurement_anomaly_percentile"": 0.3784, ""geo__population_density"": 0.1612}",2026-09-06T09:45:06.494738+00:00
MPLADS-004341,0.0225,NORMAL,"{""financial__sanctioned_amount"": 0.1981, ""geospatial_anomaly_score"": 0.1766, ""geo__infrastructure_gap_index"": 0.0792}",2026-09-06T09:45:06.494738+00:00
MPLADS-004342,0.021,NORMAL,"{""project__planned_duration_days"": 0.0544, ""graph_anomaly_score"": 0.052, ""financial__sanctioned_amount"": 0.0118}",2026-09-06T09:45:06.494738+00:00
MPLADS-004343,0.0231,NORMAL,"{""geospatial_anomaly_score"": 0.1488, ""financial__sanctioned_amount"": 0.0922, ""project__planned_duration_days"": 0.0384}",2026-09-06T09:45:06.494738+00:00
MPLADS-004344,0.0182,NORMAL,"{""geo__infrastructure_gap_index"": 0.3024, ""financial_anomaly_score"": 0.1641, ""financial_anomaly_percentile"": 0.1037}",2026-09-06T09:45:06.494738+00:00
MPLADS-004345,0.3136,NORMAL,"{""procurement_anomaly_score"": 1.4464, ""procurement_anomaly_percentile"": 0.4659, ""geo__population_density"": 0.1622}",2026-09-06T09:45:06.494738+00:00
MPLADS-004346,0.011,NORMAL,"{""payment_anomaly_score"": 0.1648, ""project__planned_duration_days"": 0.0545, ""payment_anomaly_percentile"": 0.0289}",2026-09-06T09:45:06.494738+00:00
MPLADS-004347,0.0182,NORMAL,"{""project__planned_duration_days"": 0.0219, ""std_anomaly_score"": 0.006, ""num_flagged_models"": 0.0014}",2026-09-06T09:45:06.494738+00:00
MPLADS-004348,0.0265,NORMAL,"{""procurement_anomaly_score"": 0.4283, ""geo__infrastructure_gap_index"": 0.1302, ""procurement_anomaly_percentile"": 0.0603}",2026-09-06T09:45:06.494738+00:00
MPLADS-004349,0.0345,NORMAL,"{""procurement_anomaly_percentile"": 0.1578, ""project__planned_duration_days"": 0.0477, ""financial__sanctioned_amount"": 0.0465}",2026-09-06T09:45:06.494738+00:00
MPLADS-004350,0.0182,NORMAL,"{""financial_anomaly_score"": 0.0714, ""payment_anomaly_percentile"": 0.0492, ""project__planned_duration_days"": 0.0239}",2026-09-06T09:45:06.494738+00:00
MPLADS-004351,0.1819,NORMAL,"{""procurement_anomaly_score"": 1.2227, ""procurement_anomaly_percentile"": 0.4711, ""geo__infrastructure_gap_index"": 0.0628}",2026-09-06T09:45:06.494738+00:00
MPLADS-004352,0.0308,NORMAL,"{""geospatial_anomaly_percentile"": 0.2135, ""geospatial_anomaly_score"": 0.1559, ""financial__sanctioned_amount"": 0.1091}",2026-09-06T09:45:06.494738+00:00
MPLADS-004353,0.0182,NORMAL,"{""project__planned_duration_days"": 0.0465, ""graph_anomaly_percentile"": 0.0111, ""num_flagged_models"": 0.0014}",2026-09-06T09:45:06.494738+00:00
MPLADS-004354,0.0231,NORMAL,"{""financial__sanctioned_amount"": 0.1837, ""geospatial_anomaly_score"": 0.1643, ""geo__population_density"": 0.1427}",2026-09-06T09:45:06.494738+00:00
MPLADS-004355,1.0,PAYMENT_PROGRESS_MISMATCH,"{""progress_anomaly_score"": 4.9962, ""progress_anomaly_percentile"": 0.9525, ""payment_anomaly_score"": 0.1474}",2026-09-06T09:45:06.494738+00:00
MPLADS-004356,0.0225,NORMAL,"{""geospatial_anomaly_score"": 0.0994, ""financial__sanctioned_amount"": 0.0809, ""std_anomaly_score"": 0.042}",2026-09-06T09:45:06.494738+00:00
MPLADS-004357,0.0225,NORMAL,"{""financial__sanctioned_amount"": 0.2508, ""graph_anomaly_score"": 0.0757, ""graph_anomaly_percentile"": 0.0142}",2026-09-06T09:45:06.494738+00:00
MPLADS-004358,0.1128,NORMAL,"{""procurement_anomaly_percentile"": 0.4638, ""financial__sanctioned_amount"": 0.1786, ""financial_anomaly_percentile"": 0.0805}",2026-09-06T09:45:06.494738+00:00
MPLADS-004359,0.0314,NORMAL,"{""procurement_anomaly_percentile"": 0.2031, ""geospatial_anomaly_score"": 0.0702, ""project__planned_duration_days"": 0.0546}",2026-09-06T09:45:06.494738+00:00
MPLADS-004360,0.0182,NORMAL,"{""financial__sanctioned_amount"": 0.1769, ""geospatial_anomaly_score"": 0.0979, ""financial_anomaly_percentile"": 0.0781}",2026-09-06T09:45:06.494738+00:00
MPLADS-004361,0.011,NORMAL,"{""geo__infrastructure_gap_index"": 0.0482, ""financial_anomaly_score"": 0.0418, ""project__planned_duration_days"": 0.036}",2026-09-06T09:45:06.494738+00:00
MPLADS-004362,0.0231,NORMAL,"{""geospatial_anomaly_score"": 0.1693, ""project__planned_duration_days"": 0.0633, ""graph_anomaly_score"": 0.0531}",2026-09-06T09:45:06.494738+00:00
MPLADS-004363,0.0592,NORMAL,"{""financial_anomaly_score"": 0.2043, ""geospatial_anomaly_score"": 0.0862, ""payment_anomaly_score"": 0.0773}",2026-09-06T09:45:06.494738+00:00
MPLADS-004364,0.0287,NORMAL,"{""geo__population_density"": 0.1033, ""graph_anomaly_score"": 0.0743, ""project__planned_duration_days"": 0.04}",2026-09-06T09:45:06.494738+00:00
MPLADS-004365,1.0,COST_OVERRUN,"{""progress_anomaly_score"": 4.9049, ""progress_anomaly_percentile"": 0.8267, ""procurement_anomaly_percentile"": 0.1268}",2026-09-06T09:45:06.494738+00:00
MPLADS-004366,0.0225,NORMAL,"{""project__planned_duration_days"": 0.0532, ""geospatial_anomaly_score"": 0.0287, ""geospatial_anomaly_percentile"": 0.0173}",2026-09-06T09:45:06.494738+00:00
MPLADS-004367,0.0225,NORMAL,"{""financial_anomaly_score"": 0.0764, ""project__planned_duration_days"": 0.0471, ""graph_anomaly_score"": 0.0294}",2026-09-06T09:45:06.494738+00:00
MPLADS-004368,0.0182,NORMAL,"{""financial_anomaly_score"": 0.1908, ""procurement_anomaly_percentile"": 0.1235, ""max_anomaly_score"": 0.1136}",2026-09-06T09:45:06.494738+00:00
MPLADS-004369,0.0231,NORMAL,"{""financial__sanctioned_amount"": 0.2277, ""financial_anomaly_percentile"": 0.1134, ""financial_anomaly_score"": 0.0345}",2026-09-06T09:45:06.494738+00:00
MPLADS-004370,0.0225,NORMAL,"{""financial__sanctioned_amount"": 0.2237, ""geo__infrastructure_gap_index"": 0.1143, ""std_anomaly_score"": 0.0619}",2026-09-06T09:45:06.494738+00:00
MPLADS-004371,1.0,COST_OVERRUN,"{""progress_anomaly_score"": 4.6351, ""progress_anomaly_percentile"": 0.8348, ""procurement_anomaly_score"": 0.2392}",2026-09-06T09:45:06.494738+00:00
MPLADS-004372,0.0182,NORMAL,"{""financial_anomaly_score"": 0.1282, ""std_anomaly_score"": 0.059, ""payment_anomaly_percentile"": 0.048}",2026-09-06T09:45:06.494738+00:00
MPLADS-004373,1.0,COST_OVERRUN,"{""progress_anomaly_score"": 2.766, ""procurement_anomaly_score"": 0.4908, ""progress_anomaly_percentile"": 0.3979}",2026-09-06T09:45:06.494738+00:00
MPLADS-004374,0.0182,NORMAL,"{""financial_anomaly_percentile"": 0.0565, ""payment_anomaly_percentile"": 0.0422, ""project__planned_duration_days"": 0.0422}",2026-09-06T09:45:06.494738+00:00
MPLADS-004375,0.021,NORMAL,"{""geo__population_density"": 0.1327, ""geospatial_anomaly_score"": 0.0852, ""project__planned_duration_days"": 0.0588}",2026-09-06T09:45:06.494738+00:00
MPLADS-004376,0.0231,NORMAL,"{""procurement_anomaly_percentile"": 0.0912, ""geo__infrastructure_gap_index"": 0.0811, ""graph_anomaly_score"": 0.0472}",2026-09-06T09:45:06.494738+00:00
MPLADS-004377,0.0231,NORMAL,"{""financial__sanctioned_amount"": 0.2517, ""payment_anomaly_score"": 0.1216, ""payment_anomaly_percentile"": 0.0747}",2026-09-06T09:45:06.494738+00:00
MPLADS-004378,0.0161,NORMAL,"{""financial__sanctioned_amount"": 0.1571, ""geospatial_anomaly_score"": 0.0746, ""geospatial_anomaly_percentile"": 0.0353}",2026-09-06T09:45:06.494738+00:00
MPLADS-004379,0.0067,NORMAL,"{""financial_anomaly_score"": 0.1265, ""financial_anomaly_percentile"": 0.0503, ""project__planned_duration_days"": 0.0361}",2026-09-06T09:45:06.494738+00:00
MPLADS-004380,1.0,PAYMENT_PROGRESS_MISMATCH,"{""progress_anomaly_score"": 5.3578, ""progress_anomaly_percentile"": 0.9382, ""payment_anomaly_score"": 0.0992}",2026-09-06T09:45:06.494738+00:00
MPLADS-004381,0.0225,NORMAL,"{""geo__infrastructure_gap_index"": 0.192, ""financial__sanctioned_amount"": 0.1004, ""geospatial_anomaly_score"": 0.0736}",2026-09-06T09:45:06.494738+00:00
MPLADS-004382,0.0345,NORMAL,"{""financial__sanctioned_amount"": 0.2813, ""geo__infrastructure_gap_index"": 0.2231, ""geospatial_anomaly_score"": 0.1327}",2026-09-06T09:45:06.494738+00:00
MPLADS-004383,0.0182,NORMAL,"{""project__planned_duration_days"": 0.0544, ""geo__infrastructure_gap_index"": 0.0239, ""geospatial_anomaly_score"": 0.0211}",2026-09-06T09:45:06.494738+00:00
MPLADS-004384,0.0225,NORMAL,"{""financial__sanctioned_amount"": 0.154, ""geo__infrastructure_gap_index"": 0.0675, ""project__planned_duration_days"": 0.0073}",2026-09-06T09:45:06.494738+00:00
MPLADS-004385,0.0225,NORMAL,"{""geospatial_anomaly_score"": 0.0423, ""project__planned_duration_days"": 0.0324, ""num_flagged_models"": 0.0014}",2026-09-06T09:45:06.494738+00:00
MPLADS-004386,0.0225,NORMAL,"{""geo__infrastructure_gap_index"": 0.0677, ""project__planned_duration_days"": 0.0302, ""contractor_anomaly_percentile"": 0.019}",2026-09-06T09:45:06.494738+00:00
MPLADS-004387,0.0182,NORMAL,"{""geo__population_density"": 0.1691, ""graph_anomaly_score"": 0.0468, ""project__planned_duration_days"": 0.0396}",2026-09-06T09:45:06.494738+00:00
MPLADS-004388,1.0,DELAYED_WORK,"{""progress_anomaly_score"": 5.0258, ""progress_anomaly_percentile"": 0.9056, ""procurement_anomaly_percentile"": 0.1656}",2026-09-06T09:45:06.494738+00:00
MPLADS-004389,1.0,DELAYED_WORK,"{""progress_anomaly_score"": 5.0433, ""progress_anomaly_percentile"": 0.8782, ""financial_anomaly_score"": 0.203}",2026-09-06T09:45:06.494738+00:00
MPLADS-004390,0.0182,NORMAL,"{""std_anomaly_score"": 0.0546, ""project__planned_duration_days"": 0.0464, ""num_flagged_models"": 0.0014}",2026-09-06T09:45:06.494738+00:00
MPLADS-004391,0.0231,NORMAL,"{""geospatial_anomaly_score"": 0.1675, ""project__planned_duration_days"": 0.0729, ""geospatial_anomaly_percentile"": 0.041}",2026-09-06T09:45:06.494738+00:00
MPLADS-004392,0.0251,NORMAL,"{""geospatial_anomaly_score"": 0.1986, ""geo__infrastructure_gap_index"": 0.0991, ""graph_anomaly_score"": 0.0861}",2026-09-06T09:45:06.494738+00:00
MPLADS-004393,0.0182,NORMAL,"{""geospatial_anomaly_score"": 0.0655, ""geo__infrastructure_gap_index"": 0.0489, ""project__planned_duration_days"": 0.0459}",2026-09-06T09:45:06.494738+00:00
MPLADS-004394,0.011,NORMAL,"{""project__planned_duration_days"": 0.0601, ""contractor_anomaly_score"": 0.0088, ""num_flagged_models"": 0.0014}",2026-09-06T09:45:06.494738+00:00
MPLADS-004395,0.0231,NORMAL,"{""contractor_anomaly_percentile"": 0.2746, ""contractor_anomaly_score"": 0.1861, ""geo__infrastructure_gap_index"": 0.1134}",2026-09-06T09:45:06.494738+00:00
MPLADS-004396,0.3251,NORMAL,"{""procurement_anomaly_score"": 1.7272, ""procurement_anomaly_percentile"": 0.6855, ""max_anomaly_score"": 0.1394}",2026-09-06T09:45:06.494738+00:00
MPLADS-004397,0.0225,NORMAL,"{""financial__sanctioned_amount"": 0.103, ""project__planned_duration_days"": 0.0074, ""num_flagged_models"": 0.0014}",2026-09-06T09:45:06.494738+00:00
MPLADS-004398,0.011,NORMAL,"{""geospatial_anomaly_score"": 0.0593, ""graph_anomaly_percentile"": 0.044, ""mean_anomaly_score"": 0.0425}",2026-09-06T09:45:06.494738+00:00
MPLADS-004399,0.0225,NORMAL,"{""geo__infrastructure_gap_index"": 0.2752, ""geospatial_anomaly_score"": 0.0637, ""project__planned_duration_days"": 0.062}",2026-09-06T09:45:06.494738+00:00
MPLADS-004400,0.0231,NORMAL,"{""project__planned_duration_days"": 0.0608, ""payment_anomaly_score"": 0.043, ""geospatial_anomaly_score"": 0.0405}",2026-09-06T09:45:06.494738+00:00
MPLADS-004401,0.0262,NORMAL,"{""geospatial_anomaly_score"": 0.0545, ""project__planned_duration_days"": 0.0229, ""geo__infrastructure_gap_index"": 0.0179}",2026-09-06T09:45:06.494738+00:00
MPLADS-004402,0.0182,NORMAL,"{""financial__sanctioned_amount"": 0.1263, ""std_anomaly_score"": 0.0281, ""graph_anomaly_percentile"": 0.0256}",2026-09-06T09:45:06.494738+00:00
MPLADS-004403,0.0231,NORMAL,"{""geo__infrastructure_gap_index"": 0.1775, ""financial_anomaly_score"": 0.1444, ""payment_anomaly_percentile"": 0.1144}",2026-09-06T09:45:06.494738+00:00
MPLADS-004404,0.0182,NORMAL,"{""geo__infrastructure_gap_index"": 0.1039, ""project__planned_duration_days"": 0.0658, ""graph_anomaly_score"": 0.0318}",2026-09-06T09:45:06.494738+00:00
MPLADS-004405,0.0182,NORMAL,"{""contractor_anomaly_percentile"": 0.0647, ""geo__population_density"": 0.0568, ""std_anomaly_score"": 0.0477}",2026-09-06T09:45:06.494738+00:00
MPLADS-004406,0.0182,NORMAL,"{""financial_anomaly_score"": 0.0752, ""financial_anomaly_percentile"": 0.0497, ""project__planned_duration_days"": 0.0355}",2026-09-06T09:45:06.494738+00:00
MPLADS-004407,1.0,COST_OVERRUN,"{""progress_anomaly_score"": 4.7927, ""progress_anomaly_percentile"": 0.9159, ""procurement_anomaly_score"": 0.2383}",2026-09-06T09:45:06.494738+00:00
MPLADS-004408,1.0,COST_OVERRUN,"{""progress_anomaly_score"": 4.6882, ""progress_anomaly_percentile"": 0.8373, ""financial_anomaly_score"": 0.1719}",2026-09-06T09:45:06.494738+00:00
MPLADS-004409,0.0225,NORMAL,"{""financial_anomaly_percentile"": 0.0492, ""geo__population_density"": 0.0444, ""payment_anomaly_percentile"": 0.0376}",2026-09-06T09:45:06.494738+00:00
MPLADS-004410,1.0,COST_OVERRUN,"{""progress_anomaly_score"": 4.3365, ""progress_anomaly_percentile"": 0.7803, ""procurement_anomaly_score"": 0.2973}",2026-09-06T09:45:06.494738+00:00
MPLADS-004411,0.0314,NORMAL,"{""geo__population_density"": 0.1337, ""graph_anomaly_score"": 0.0659, ""project__planned_duration_days"": 0.043}",2026-09-06T09:45:06.494738+00:00
MPLADS-004412,0.0231,NORMAL,"{""geo__population_density"": 0.0989, ""procurement_anomaly_percentile"": 0.0852, ""project__planned_duration_days"": 0.0453}",2026-09-06T09:45:06.494738+00:00
MPLADS-004413,0.0231,NORMAL,"{""geospatial_anomaly_score"": 0.2287, ""mean_anomaly_score"": 0.109, ""geo__infrastructure_gap_index"": 0.0944}",2026-09-06T09:45:06.494738+00:00
MPLADS-004414,0.0308,NORMAL,"{""geospatial_anomaly_score"": 0.1317, ""financial__sanctioned_amount"": 0.1213, ""geo__infrastructure_gap_index"": 0.0958}",2026-09-06T09:45:06.494738+00:00
MPLADS-004415,0.0262,NORMAL,"{""geo__population_density"": 0.1829, ""geospatial_anomaly_score"": 0.1246, ""procurement_anomaly_percentile"": 0.1084}",2026-09-06T09:45:06.494738+00:00
MPLADS-004416,0.3806,NORMAL,"{""procurement_anomaly_score"": 1.486, ""procurement_anomaly_percentile"": 0.5409, ""graph_anomaly_score"": 0.077}",2026-09-06T09:45:06.494738+00:00
MPLADS-004417,0.0345,NORMAL,"{""procurement_anomaly_percentile"": 0.1583, ""geo__population_density"": 0.1564, ""financial__sanctioned_amount"": 0.0832}",2026-09-06T09:45:06.494738+00:00
MPLADS-004418,0.0182,NORMAL,"{""max_anomaly_score"": 0.0926, ""project__planned_duration_days"": 0.0023, ""project_size_code"": 0.0}",2026-09-06T09:45:06.494738+00:00
MPLADS-004419,0.0262,NORMAL,"{""geo__population_density"": 0.4708, ""project__planned_duration_days"": 0.0694, ""geospatial_anomaly_score"": 0.0627}",2026-09-06T09:45:06.494738+00:00
MPLADS-004420,1.0,PAYMENT_PROGRESS_MISMATCH,"{""progress_anomaly_score"": 5.2942, ""progress_anomaly_percentile"": 0.9228, ""payment_anomaly_score"": 0.1085}",2026-09-06T09:45:06.494738+00:00
MPLADS-004421,0.0225,NORMAL,"{""financial__sanctioned_amount"": 0.1931, ""payment_anomaly_score"": 0.143, ""geospatial_anomaly_score"": 0.0357}",2026-09-06T09:45:06.494738+00:00
MPLADS-004422,1.0,DELAYED_WORK,"{""progress_anomaly_score"": 5.0296, ""progress_anomaly_percentile"": 0.8597, ""geo__population_density"": 0.207}",2026-09-06T09:45:06.494738+00:00
MPLADS-004423,0.0086,NORMAL,"{""geo__population_density"": 0.0636, ""project__planned_duration_days"": 0.0539, ""graph_anomaly_percentile"": 0.0016}",2026-09-06T09:45:06.494738+00:00
MPLADS-004424,0.1967,NORMAL,"{""procurement_anomaly_score"": 1.1002, ""procurement_anomaly_percentile"": 0.3411, ""geospatial_anomaly_percentile"": 0.1324}",2026-09-06T09:45:06.494738+00:00
MPLADS-004425,0.0182,NORMAL,"{""project__planned_duration_days"": 0.048, ""std_anomaly_score"": 0.0316, ""geospatial_anomaly_score"": 0.0179}",2026-09-06T09:45:06.494738+00:00
MPLADS-004426,0.0314,NORMAL,"{""geo__population_density"": 0.2202, ""geospatial_anomaly_score"": 0.0678, ""project__planned_duration_days"": 0.043}",2026-09-06T09:45:06.494738+00:00
MPLADS-004427,0.0314,NORMAL,"{""contractor_anomaly_percentile"": 0.196, ""geospatial_anomaly_score"": 0.1661, ""contractor_anomaly_score"": 0.1424}",2026-09-06T09:45:06.494738+00:00
MPLADS-004428,0.0225,NORMAL,"{""geo__infrastructure_gap_index"": 0.086, ""geo__population_density"": 0.079, ""contractor_anomaly_percentile"": 0.0765}",2026-09-06T09:45:06.494738+00:00
MPLADS-004429,0.0225,NORMAL,"{""financial__sanctioned_amount"": 0.2193, ""geo__population_density"": 0.1395, ""payment_anomaly_score"": 0.1342}",2026-09-06T09:45:06.494738+00:00
MPLADS-004430,0.011,NORMAL,"{""financial_anomaly_percentile"": 0.087, ""project__planned_duration_days"": 0.0516, ""graph_anomaly_score"": 0.039}",2026-09-06T09:45:06.494738+00:00
MPLADS-004431,0.0308,NORMAL,"{""financial__sanctioned_amount"": 0.1978, ""contractor_anomaly_percentile"": 0.0942, ""contractor_anomaly_score"": 0.0711}",2026-09-06T09:45:06.494738+00:00
MPLADS-004432,0.0231,NORMAL,"{""geo__population_density"": 0.0701, ""graph_anomaly_score"": 0.0629, ""project__planned_duration_days"": 0.0623}",2026-09-06T09:45:06.494738+00:00
MPLADS-004433,0.0231,NORMAL,"{""geo__population_density"": 0.3392, ""geospatial_anomaly_score"": 0.0619, ""financial__sanctioned_amount"": 0.0444}",2026-09-06T09:45:06.494738+00:00
MPLADS-004434,0.0314,NORMAL,"{""geo__population_density"": 0.1528, ""geospatial_anomaly_score"": 0.0838, ""geo__infrastructure_gap_index"": 0.0623}",2026-09-06T09:45:06.494738+00:00
MPLADS-004435,0.3468,NORMAL,"{""procurement_anomaly_score"": 1.3825, ""procurement_anomaly_percentile"": 0.6239, ""geospatial_anomaly_score"": 0.0834}",2026-09-06T09:45:06.494738+00:00
MPLADS-004436,1.0,DOCUMENTATION_DEFICIT,"{""progress_anomaly_score"": 5.2002, ""progress_anomaly_percentile"": 0.9153, ""geo__population_density"": 0.2092}",2026-09-06T09:45:06.494738+00:00
MPLADS-004437,0.0159,NORMAL,"{""financial__sanctioned_amount"": 0.0664, ""contractor_anomaly_score"": 0.0075, ""procurement_anomaly_percentile"": 0.0024}",2026-09-06T09:45:06.494738+00:00
MPLADS-004438,0.0231,NORMAL,"{""geo__infrastructure_gap_index"": 0.083, ""mean_anomaly_score"": 0.0642, ""project__planned_duration_days"": 0.0481}",2026-09-06T09:45:06.494738+00:00
MPLADS-004439,0.4394,NORMAL,"{""procurement_anomaly_score"": 1.7065, ""procurement_anomaly_percentile"": 0.8096, ""financial_anomaly_score"": 0.2118}",2026-09-06T09:45:06.494738+00:00
MPLADS-004440,0.1698,NORMAL,"{""geo__population_density"": 0.4432, ""procurement_anomaly_percentile"": 0.2649, ""financial__sanctioned_amount"": 0.0939}",2026-09-06T09:45:06.494738+00:00
MPLADS-004441,1.0,ABANDONED_WORK,"{""progress_anomaly_score"": 4.9957, ""progress_anomaly_percentile"": 0.8862, ""financial_anomaly_score"": 0.195}",2026-09-06T09:45:06.494738+00:00
MPLADS-004442,0.0231,NORMAL,"{""max_anomaly_score"": 0.1062, ""geo__infrastructure_gap_index"": 0.0927, ""std_anomaly_score"": 0.0648}",2026-09-06T09:45:06.494738+00:00
MPLADS-004443,0.0658,NORMAL,"{""geospatial_anomaly_percentile"": 0.1321, ""geo__infrastructure_gap_index"": 0.1149, ""financial__sanctioned_amount"": 0.1116}",2026-09-06T09:45:06.494738+00:00
MPLADS-004444,1.0,ABANDONED_WORK,"{""progress_anomaly_score"": 5.2663, ""progress_anomaly_percentile"": 0.9354, ""payment_anomaly_score"": 0.0637}",2026-09-06T09:45:06.494738+00:00
MPLADS-004445,0.0182,NORMAL,"{""project__planned_duration_days"": 0.0572, ""geospatial_anomaly_score"": 0.0263, ""mean_anomaly_score"": 0.0245}",2026-09-06T09:45:06.494738+00:00
MPLADS-004446,0.0231,NORMAL,"{""financial__sanctioned_amount"": 0.1512, ""geo__infrastructure_gap_index"": 0.0273, ""mean_anomaly_score"": 0.0168}",2026-09-06T09:45:06.494738+00:00
MPLADS-004447,1.0,DOCUMENTATION_DEFICIT,"{""progress_anomaly_score"": 5.3257, ""progress_anomaly_percentile"": 0.9539, ""payment_anomaly_score"": 0.1145}",2026-09-06T09:45:06.494738+00:00
MPLADS-004448,1.0,PAYMENT_PROGRESS_MISMATCH,"{""progress_anomaly_score"": 5.3083, ""progress_anomaly_percentile"": 0.9148, ""payment_anomaly_score"": 0.1124}",2026-09-06T09:45:06.494738+00:00
MPLADS-004449,0.0747,NORMAL,"{""progress_anomaly_score"": 1.1762, ""financial__sanctioned_amount"": 0.1166, ""procurement_anomaly_percentile"": 0.0928}",2026-09-06T09:45:06.494738+00:00
MPLADS-004450,0.0225,NORMAL,"{""financial__sanctioned_amount"": 0.0902, ""payment_anomaly_score"": 0.0334, ""num_flagged_models"": 0.0014}",2026-09-06T09:45:06.494738+00:00
MPLADS-004451,1.0,PAYMENT_PROGRESS_MISMATCH,"{""progress_anomaly_score"": 5.3867, ""progress_anomaly_percentile"": 0.9056, ""payment_anomaly_score"": 0.1065}",2026-09-06T09:45:06.494738+00:00
MPLADS-004452,0.0314,NORMAL,"{""geo__infrastructure_gap_index"": 0.0782, ""geospatial_anomaly_score"": 0.0704, ""geo__population_density"": 0.0389}",2026-09-06T09:45:06.494738+00:00
MPLADS-004453,0.0262,NORMAL,"{""payment_anomaly_score"": 0.1017, ""procurement_anomaly_percentile"": 0.0671, ""geo__infrastructure_gap_index"": 0.0633}",2026-09-06T09:45:06.494738+00:00
MPLADS-004454,0.0308,NORMAL,"{""geo__population_density"": 0.195, ""geospatial_anomaly_score"": 0.1621, ""geo__infrastructure_gap_index"": 0.1202}",2026-09-06T09:45:06.494738+00:00
MPLADS-004455,0.0308,NORMAL,"{""geo__infrastructure_gap_index"": 0.1503, ""graph_anomaly_score"": 0.0652, ""project__planned_duration_days"": 0.0471}",2026-09-06T09:45:06.494738+00:00
MPLADS-004456,0.0182,NORMAL,"{""geo__infrastructure_gap_index"": 0.0505, ""financial_anomaly_percentile"": 0.0449, ""payment_anomaly_percentile"": 0.0412}",2026-09-06T09:45:06.494738+00:00
MPLADS-004457,1.0,DOCUMENTATION_DEFICIT,"{""progress_anomaly_score"": 5.5114, ""progress_anomaly_percentile"": 0.9767, ""payment_anomaly_score"": 0.1126}",2026-09-06T09:45:06.494738+00:00
MPLADS-004458,0.0345,NORMAL,"{""financial_anomaly_score"": 0.413, ""payment_anomaly_score"": 0.2913, ""geospatial_anomaly_score"": 0.155}",2026-09-06T09:45:06.494738+00:00
MPLADS-004459,0.0231,NORMAL,"{""geo__population_density"": 0.1076, ""graph_anomaly_score"": 0.0931, ""project__planned_duration_days"": 0.0776}",2026-09-06T09:45:06.494738+00:00
MPLADS-004460,0.0314,NORMAL,"{""geospatial_anomaly_score"": 0.2166, ""geo__population_density"": 0.2144, ""geospatial_anomaly_percentile"": 0.0811}",2026-09-06T09:45:06.494738+00:00
MPLADS-004461,0.0231,NORMAL,"{""procurement_anomaly_percentile"": 0.0912, ""project__planned_duration_days"": 0.0413, ""payment_anomaly_percentile"": 0.0184}",2026-09-06T09:45:06.494738+00:00
MPLADS-004462,1.0,ABANDONED_WORK,"{""progress_anomaly_score"": 5.1254, ""progress_anomaly_percentile"": 0.9006, ""financial_anomaly_score"": 0.1924}",2026-09-06T09:45:06.494738+00:00
MPLADS-004463,0.0231,NORMAL,"{""geo__infrastructure_gap_index"": 0.2655, ""geospatial_anomaly_score"": 0.0758, ""project__planned_duration_days"": 0.0629}",2026-09-06T09:45:06.494738+00:00
MPLADS-004464,0.1445,NORMAL,"{""financial_anomaly_score"": 0.4828, ""contractor_anomaly_score"": 0.1407, ""geospatial_anomaly_score"": 0.1115}",2026-09-06T09:45:06.494738+00:00
MPLADS-004465,1.0,PAYMENT_PROGRESS_MISMATCH,"{""progress_anomaly_score"": 5.3147, ""progress_anomaly_percentile"": 0.9029, ""geo__population_density"": 0.1742}",2026-09-06T09:45:06.494738+00:00
MPLADS-004466,0.0182,NORMAL,"{""financial__sanctioned_amount"": 0.3029, ""procurement_anomaly_percentile"": 0.1659, ""financial_anomaly_percentile"": 0.056}",2026-09-06T09:45:06.494738+00:00
MPLADS-004467,0.0615,NORMAL,"{""procurement_anomaly_score"": 0.6163, ""procurement_anomaly_percentile"": 0.2585, ""std_anomaly_score"": 0.0737}",2026-09-06T09:45:06.494738+00:00
MPLADS-004468,0.5278,PROCUREMENT_SINGLE_BID,"{""procurement_anomaly_score"": 1.7357, ""procurement_anomaly_percentile"": 0.8792, ""max_anomaly_score"": 0.1942}",2026-09-06T09:45:06.494738+00:00
MPLADS-004469,0.0182,NORMAL,"{""geo__infrastructure_gap_index"": 0.1568, ""geo__population_density"": 0.0767, ""max_anomaly_score"": 0.074}",2026-09-06T09:45:06.494738+00:00
MPLADS-004470,1.0,PAYMENT_PROGRESS_MISMATCH,"{""progress_anomaly_score"": 5.3416, ""progress_anomaly_percentile"": 0.933, ""payment_anomaly_score"": 0.1137}",2026-09-06T09:45:06.494738+00:00
MPLADS-004471,0.0182,NORMAL,"{""geospatial_anomaly_percentile"": 0.0424, ""project__planned_duration_days"": 0.0408, ""payment_anomaly_score"": 0.0142}",2026-09-06T09:45:06.494738+00:00
MPLADS-004472,0.0225,NORMAL,"{""financial__sanctioned_amount"": 0.0547, ""project__planned_duration_days"": 0.0546, ""geospatial_anomaly_percentile"": 0.0275}",2026-09-06T09:45:06.494738+00:00
MPLADS-004473,0.0225,NORMAL,"{""financial__sanctioned_amount"": 0.2593, ""geo__population_density"": 0.0248, ""num_flagged_models"": 0.0014}",2026-09-06T09:45:06.494738+00:00
MPLADS-004474,0.089,NORMAL,"{""procurement_anomaly_score"": 0.605, ""procurement_anomaly_percentile"": 0.4199, ""financial_anomaly_score"": 0.2253}",2026-09-06T09:45:06.494738+00:00
MPLADS-004475,0.3377,NORMAL,"{""progress_anomaly_score"": 1.4096, ""progress_anomaly_percentile"": 0.1285, ""payment_anomaly_score"": 0.0941}",2026-09-06T09:45:06.494738+00:00
MPLADS-004476,0.0231,NORMAL,"{""financial__sanctioned_amount"": 0.2202, ""geospatial_anomaly_score"": 0.0989, ""payment_anomaly_percentile"": 0.0583}",2026-09-06T09:45:06.494738+00:00
MPLADS-004477,0.0231,NORMAL,"{""procurement_anomaly_percentile"": 0.1402, ""geo__infrastructure_gap_index"": 0.139, ""financial__sanctioned_amount"": 0.0781}",2026-09-06T09:45:06.494738+00:00
MPLADS-004478,0.0182,NORMAL,"{""geo__infrastructure_gap_index"": 0.0588, ""project__planned_duration_days"": 0.0537, ""contractor_anomaly_percentile"": 0.0054}",2026-09-06T09:45:06.494738+00:00
MPLADS-004479,0.0225,NORMAL,"{""geo__population_density"": 0.2043, ""geo__infrastructure_gap_index"": 0.1756, ""mean_anomaly_score"": 0.0184}",2026-09-06T09:45:06.494738+00:00
MPLADS-004480,1.0,ABANDONED_WORK,"{""progress_anomaly_score"": 5.5403, ""progress_anomaly_percentile"": 0.9913, ""payment_anomaly_score"": 0.0995}",2026-09-06T09:45:06.494738+00:00
MPLADS-004481,1.0,DELAYED_WORK,"{""progress_anomaly_score"": 5.4142, ""progress_anomaly_percentile"": 0.9333, ""financial__sanctioned_amount"": 0.096}",2026-09-06T09:45:06.494738+00:00
MPLADS-004482,0.0225,NORMAL,"{""geo__infrastructure_gap_index"": 0.1634, ""financial__sanctioned_amount"": 0.0627, ""project__planned_duration_days"": 0.0547}",2026-09-06T09:45:06.494738+00:00
MPLADS-004483,0.451,NORMAL,"{""procurement_anomaly_score"": 1.7664, ""procurement_anomaly_percentile"": 0.8444, ""geospatial_anomaly_score"": 0.2236}",2026-09-06T09:45:06.494738+00:00
MPLADS-004484,0.0182,NORMAL,"{""geo__infrastructure_gap_index"": 0.2412, ""geo__population_density"": 0.1323, ""std_anomaly_score"": 0.0721}",2026-09-06T09:45:06.494738+00:00
MPLADS-004485,0.0182,NORMAL,"{""mean_anomaly_score"": 0.0346, ""financial__sanctioned_amount"": 0.0214, ""geospatial_anomaly_score"": 0.0207}",2026-09-06T09:45:06.494738+00:00
MPLADS-004486,0.0225,NORMAL,"{""financial__sanctioned_amount"": 0.1326, ""max_anomaly_score"": 0.0361, ""payment_anomaly_score"": 0.0296}",2026-09-06T09:45:06.494738+00:00
MPLADS-004487,1.0,COST_OVERRUN,"{""progress_anomaly_score"": 4.586, ""progress_anomaly_percentile"": 0.8933, ""procurement_anomaly_score"": 0.2235}",2026-09-06T09:45:06.494738+00:00
MPLADS-004488,0.0262,NORMAL,"{""mean_anomaly_score"": 0.0952, ""payment_anomaly_score"": 0.0892, ""financial__sanctioned_amount"": 0.0616}",2026-09-06T09:45:06.494738+00:00
MPLADS-004489,1.0,PAYMENT_PROGRESS_MISMATCH,"{""progress_anomaly_score"": 5.3724, ""progress_anomaly_percentile"": 0.9593, ""std_anomaly_score"": 0.1256}",2026-09-06T09:45:06.494738+00:00
MPLADS-004490,0.0231,NORMAL,"{""procurement_anomaly_score"": 0.5734, ""procurement_anomaly_percentile"": 0.1805, ""graph_anomaly_score"": 0.0745}",2026-09-06T09:45:06.494738+00:00
MPLADS-004491,0.0161,NORMAL,"{""contractor_anomaly_score"": 0.1664, ""contractor_anomaly_percentile"": 0.1514, ""mean_anomaly_score"": 0.0673}",2026-09-06T09:45:06.494738+00:00
MPLADS-004492,0.0314,NORMAL,"{""geospatial_anomaly_score"": 0.107, ""geo__population_density"": 0.1032, ""geo__infrastructure_gap_index"": 0.0802}",2026-09-06T09:45:06.494738+00:00
MPLADS-004493,0.0231,NORMAL,"{""financial__sanctioned_amount"": 0.1986, ""std_anomaly_score"": 0.0151, ""num_flagged_models"": 0.0014}",2026-09-06T09:45:06.494738+00:00
MPLADS-004494,0.0265,NORMAL,"{""geo__population_density"": 0.0997, ""geospatial_anomaly_score"": 0.0616, ""geospatial_anomaly_percentile"": 0.0215}",2026-09-06T09:45:06.494738+00:00
MPLADS-004495,0.9524,COST_OVERRUN,"{""progress_anomaly_score"": 2.8892, ""procurement_anomaly_score"": 0.4038, ""progress_anomaly_percentile"": 0.3831}",2026-09-06T09:45:06.494738+00:00
MPLADS-004496,0.0265,NORMAL,"{""project__planned_duration_days"": 0.0605, ""contractor_anomaly_score"": 0.017, ""graph_anomaly_percentile"": 0.0164}",2026-09-06T09:45:06.494738+00:00
MPLADS-004497,0.0231,NORMAL,"{""payment_anomaly_score"": 0.1419, ""financial__sanctioned_amount"": 0.0714, ""geo__infrastructure_gap_index"": 0.0707}",2026-09-06T09:45:06.494738+00:00
MPLADS-004498,0.0182,NORMAL,"{""financial_anomaly_score"": 0.1743, ""graph_anomaly_score"": 0.0849, ""geo__population_density"": 0.0834}",2026-09-06T09:45:06.494738+00:00
MPLADS-004499,0.0182,NORMAL,"{""geo__infrastructure_gap_index"": 0.0715, ""project__planned_duration_days"": 0.0474, ""num_flagged_models"": 0.0014}",2026-09-06T09:45:06.494738+00:00
MPLADS-004500,0.9333,COST_OVERRUN,"{""progress_anomaly_score"": 2.1451, ""financial_anomaly_score"": 0.7058, ""procurement_anomaly_score"": 0.5498}",2026-09-06T09:45:06.494738+00:00
MPLADS-004501,0.0182,NORMAL,"{""geo__population_density"": 0.1203, ""project__planned_duration_days"": 0.0674, ""geo__infrastructure_gap_index"": 0.0627}",2026-09-06T09:45:06.494738+00:00
MPLADS-004502,0.0345,NORMAL,"{""procurement_anomaly_score"": 0.5881, ""procurement_anomaly_percentile"": 0.2441, ""financial__sanctioned_amount"": 0.1034}",2026-09-06T09:45:06.494738+00:00
MPLADS-004503,0.0231,NORMAL,"{""geo__population_density"": 0.2026, ""geospatial_anomaly_score"": 0.0729, ""mean_anomaly_score"": 0.0327}",2026-09-06T09:45:06.494738+00:00
MPLADS-004504,0.0345,NORMAL,"{""financial__sanctioned_amount"": 0.2665, ""geospatial_anomaly_score"": 0.1253, ""procurement_anomaly_percentile"": 0.0815}",2026-09-06T09:45:06.494738+00:00
MPLADS-004505,0.0265,NORMAL,"{""financial__sanctioned_amount"": 0.2064, ""geospatial_anomaly_score"": 0.0778, ""financial_anomaly_percentile"": 0.0604}",2026-09-06T09:45:06.494738+00:00
MPLADS-004506,0.0664,NORMAL,"{""geo__infrastructure_gap_index"": 0.0849, ""payment_anomaly_score"": 0.0835, ""financial__sanctioned_amount"": 0.0779}",2026-09-06T09:45:06.494738+00:00
MPLADS-004507,0.0308,NORMAL,"{""payment_anomaly_score"": 0.0717, ""geo__population_density"": 0.0665, ""project__planned_duration_days"": 0.0576}",2026-09-06T09:45:06.494738+00:00
MPLADS-004508,0.0225,NORMAL,"{""financial__sanctioned_amount"": 0.0999, ""geospatial_anomaly_score"": 0.0913, ""geo__infrastructure_gap_index"": 0.0796}",2026-09-06T09:45:06.494738+00:00
MPLADS-004509,0.0182,NORMAL,"{""payment_anomaly_score"": 0.0594, ""financial_anomaly_score"": 0.0555, ""geo__population_density"": 0.0482}",2026-09-06T09:45:06.494738+00:00
MPLADS-004510,0.0225,NORMAL,"{""financial__sanctioned_amount"": 0.1388, ""max_anomaly_score"": 0.0581, ""std_anomaly_score"": 0.0455}",2026-09-06T09:45:06.494738+00:00
MPLADS-004511,0.0182,NORMAL,"{""procurement_anomaly_percentile"": 0.0897, ""std_anomaly_score"": 0.0503, ""project__planned_duration_days"": 0.0457}",2026-09-06T09:45:06.494738+00:00
MPLADS-004512,0.0225,NORMAL,"{""mean_anomaly_score"": 0.0046, ""contractor_anomaly_score"": 0.0035, ""num_flagged_models"": 0.0014}",2026-09-06T09:45:06.494738+00:00
MPLADS-004513,0.0182,NORMAL,"{""financial__sanctioned_amount"": 0.1073, ""geo__infrastructure_gap_index"": 0.0715, ""payment_anomaly_percentile"": 0.0445}",2026-09-06T09:45:06.494738+00:00
MPLADS-004514,0.0182,NORMAL,"{""graph_anomaly_score"": 0.1328, ""geo__population_density"": 0.1242, ""geo__infrastructure_gap_index"": 0.0607}",2026-09-06T09:45:06.494738+00:00
MPLADS-004515,0.0265,NORMAL,"{""financial_anomaly_score"": 0.3782, ""geospatial_anomaly_score"": 0.1365, ""std_anomaly_score"": 0.0385}",2026-09-06T09:45:06.494738+00:00
MPLADS-004516,0.0314,NORMAL,"{""financial__sanctioned_amount"": 0.2728, ""financial_anomaly_percentile"": 0.1318, ""procurement_anomaly_percentile"": 0.1247}",2026-09-06T09:45:06.494738+00:00
MPLADS-004517,1.0,PAYMENT_PROGRESS_MISMATCH,"{""progress_anomaly_score"": 5.4348, ""progress_anomaly_percentile"": 0.9396, ""payment_anomaly_score"": 0.105}",2026-09-06T09:45:06.494738+00:00
MPLADS-004518,0.0225,NORMAL,"{""geo__infrastructure_gap_index"": 0.2888, ""geospatial_anomaly_score"": 0.0784, ""mean_anomaly_score"": 0.0684}",2026-09-06T09:45:06.494738+00:00
MPLADS-004519,0.0182,NORMAL,"{""geospatial_anomaly_score"": 0.1013, ""payment_anomaly_percentile"": 0.0501, ""financial__sanctioned_amount"": 0.0476}",2026-09-06T09:45:06.494738+00:00
MPLADS-004520,0.0225,NORMAL,"{""project__planned_duration_days"": 0.0716, ""geospatial_anomaly_score"": 0.0702, ""std_anomaly_score"": 0.0542}",2026-09-06T09:45:06.494738+00:00
MPLADS-004521,0.0182,NORMAL,"{""geo__infrastructure_gap_index"": 0.1164, ""project__planned_duration_days"": 0.055, ""mean_anomaly_score"": 0.0347}",2026-09-06T09:45:06.494738+00:00
MPLADS-004522,0.0182,NORMAL,"{""graph_anomaly_score"": 0.0954, ""project__planned_duration_days"": 0.0492, ""std_anomaly_score"": 0.0432}",2026-09-06T09:45:06.494738+00:00
MPLADS-004523,0.0225,NORMAL,"{""geospatial_anomaly_score"": 0.1967, ""geo__population_density"": 0.1296, ""graph_anomaly_score"": 0.1029}",2026-09-06T09:45:06.494738+00:00
MPLADS-004524,0.0046,NORMAL,"{""financial_anomaly_score"": 0.136, ""geo__population_density"": 0.0694, ""financial_anomaly_percentile"": 0.0659}",2026-09-06T09:45:06.494738+00:00
MPLADS-004525,0.0287,NORMAL,"{""std_anomaly_score"": 0.1296, ""project__planned_duration_days"": 0.0802, ""geospatial_anomaly_score"": 0.0659}",2026-09-06T09:45:06.494738+00:00
MPLADS-004526,0.0182,NORMAL,"{""project__planned_duration_days"": 0.0508, ""payment_anomaly_percentile"": 0.0119, ""geospatial_anomaly_percentile"": 0.006}",2026-09-06T09:45:06.494738+00:00
MPLADS-004527,0.1457,NORMAL,"{""procurement_anomaly_score"": 0.6289, ""procurement_anomaly_percentile"": 0.4257, ""geospatial_anomaly_score"": 0.1421}",2026-09-06T09:45:06.494738+00:00
MPLADS-004528,0.0992,NORMAL,"{""financial__sanctioned_amount"": 0.2476, ""geospatial_anomaly_score"": 0.1102, ""payment_anomaly_score"": 0.0661}",2026-09-06T09:45:06.494738+00:00
MPLADS-004529,0.0225,NORMAL,"{""financial__sanctioned_amount"": 0.1903, ""graph_anomaly_score"": 0.0791, ""graph_anomaly_percentile"": 0.0343}",2026-09-06T09:45:06.494738+00:00
MPLADS-004530,0.0345,NORMAL,"{""geo__population_density"": 0.5023, ""project__planned_duration_days"": 0.0796, ""geo__infrastructure_gap_index"": 0.0359}",2026-09-06T09:45:06.494738+00:00
MPLADS-004531,0.0308,NORMAL,"{""progress_anomaly_score"": 0.6698, ""financial__sanctioned_amount"": 0.1327, ""progress_anomaly_percentile"": 0.0911}",2026-09-06T09:45:06.494738+00:00
MPLADS-004532,0.0225,NORMAL,"{""financial__sanctioned_amount"": 0.2305, ""mean_anomaly_score"": 0.0767, ""payment_anomaly_score"": 0.0598}",2026-09-06T09:45:06.494738+00:00
MPLADS-004533,0.0182,NORMAL,"{""financial_anomaly_percentile"": 0.079, ""project__planned_duration_days"": 0.0463, ""payment_anomaly_percentile"": 0.0282}",2026-09-06T09:45:06.494738+00:00
MPLADS-004534,0.0182,NORMAL,"{""financial__sanctioned_amount"": 0.0464, ""payment_anomaly_score"": 0.0419, ""contractor_anomaly_percentile"": 0.0029}",2026-09-06T09:45:06.494738+00:00
MPLADS-004535,1.0,COST_OVERRUN,"{""progress_anomaly_score"": 2.3945, ""procurement_anomaly_score"": 0.5606, ""financial_anomaly_score"": 0.4367}",2026-09-06T09:45:06.494738+00:00
MPLADS-004536,0.0182,NORMAL,"{""payment_anomaly_score"": 0.0619, ""financial_anomaly_percentile"": 0.0536, ""geospatial_anomaly_score"": 0.0496}",2026-09-06T09:45:06.494738+00:00
MPLADS-004537,0.0182,NORMAL,"{""financial_anomaly_score"": 0.2737, ""financial_anomaly_percentile"": 0.0897, ""max_anomaly_score"": 0.0761}",2026-09-06T09:45:06.494738+00:00
MPLADS-004538,0.0314,NORMAL,"{""geo__population_density"": 0.2727, ""geospatial_anomaly_score"": 0.2125, ""geo__infrastructure_gap_index"": 0.0883}",2026-09-06T09:45:06.494738+00:00
MPLADS-004539,0.0231,NORMAL,"{""geospatial_anomaly_score"": 0.087, ""mean_anomaly_score"": 0.0722, ""project__planned_duration_days"": 0.0655}",2026-09-06T09:45:06.494738+00:00
MPLADS-004540,0.0182,NORMAL,"{""financial__sanctioned_amount"": 0.1263, ""geospatial_anomaly_score"": 0.0614, ""contractor_anomaly_percentile"": 0.0145}",2026-09-06T09:45:06.494738+00:00
MPLADS-004541,0.011,NORMAL,"{""project__planned_duration_days"": 0.0563, ""payment_anomaly_score"": 0.0126, ""contractor_anomaly_percentile"": 0.0085}",2026-09-06T09:45:06.494738+00:00
MPLADS-004542,0.0225,NORMAL,"{""geospatial_anomaly_score"": 0.2176, ""project__planned_duration_days"": 0.0505, ""geospatial_anomaly_percentile"": 0.0367}",2026-09-06T09:45:06.494738+00:00
MPLADS-004543,0.0231,NORMAL,"{""financial__sanctioned_amount"": 0.1328, ""geo__infrastructure_gap_index"": 0.0709, ""geospatial_anomaly_score"": 0.0574}",2026-09-06T09:45:06.494738+00:00
MPLADS-004544,0.0231,NORMAL,"{""geo__infrastructure_gap_index"": 0.1444, ""geo__population_density"": 0.1068, ""project__planned_duration_days"": 0.0397}",2026-09-06T09:45:06.494738+00:00
MPLADS-004545,0.0262,NORMAL,"{""geospatial_anomaly_score"": 0.1064, ""mean_anomaly_score"": 0.0854, ""project__planned_duration_days"": 0.0266}",2026-09-06T09:45:06.494738+00:00
MPLADS-004546,0.0225,NORMAL,"{""geo__population_density"": 0.0679, ""payment_anomaly_score"": 0.0606, ""financial_anomaly_percentile"": 0.0455}",2026-09-06T09:45:06.494738+00:00
MPLADS-004547,0.0182,NORMAL,"{""geospatial_anomaly_score"": 0.0871, ""mean_anomaly_score"": 0.0295, ""geospatial_anomaly_percentile"": 0.0212}",2026-09-06T09:45:06.494738+00:00
MPLADS-004548,1.0,PAYMENT_PROGRESS_MISMATCH,"{""progress_anomaly_score"": 5.1391, ""progress_anomaly_percentile"": 0.9101, ""financial__sanctioned_amount"": 0.1314}",2026-09-06T09:45:06.494738+00:00
MPLADS-004549,0.0182,NORMAL,"{""financial__sanctioned_amount"": 0.2376, ""num_flagged_models"": 0.0014, ""project_size_code"": 0.0}",2026-09-06T09:45:06.494738+00:00
MPLADS-004550,0.0225,NORMAL,"{""financial_anomaly_percentile"": 0.0545, ""geospatial_anomaly_score"": 0.0455, ""financial_anomaly_score"": 0.0407}",2026-09-06T09:45:06.494738+00:00
MPLADS-004551,1.0,DELAYED_WORK,"{""progress_anomaly_score"": 5.2919, ""progress_anomaly_percentile"": 0.8992, ""financial_anomaly_percentile"": 0.1008}",2026-09-06T09:45:06.494738+00:00
MPLADS-004552,0.0182,NORMAL,"{""payment_anomaly_score"": 0.1033, ""payment_anomaly_percentile"": 0.048, ""max_anomaly_score"": 0.0363}",2026-09-06T09:45:06.494738+00:00
MPLADS-004553,0.0182,NORMAL,"{""project__planned_duration_days"": 0.0486, ""payment_anomaly_percentile"": 0.0239, ""payment_anomaly_score"": 0.0115}",2026-09-06T09:45:06.494738+00:00
MPLADS-004554,0.011,NORMAL,"{""geo__population_density"": 0.2939, ""graph_anomaly_score"": 0.1153, ""financial_anomaly_score"": 0.1044}",2026-09-06T09:45:06.494738+00:00
MPLADS-004555,0.0231,NORMAL,"{""geospatial_anomaly_score"": 0.1043, ""mean_anomaly_score"": 0.0665, ""project__planned_duration_days"": 0.0441}",2026-09-06T09:45:06.494738+00:00
MPLADS-004556,0.0225,NORMAL,"{""geospatial_anomaly_percentile"": 0.1709, ""geospatial_anomaly_score"": 0.1482, ""geo__infrastructure_gap_index"": 0.068}",2026-09-06T09:45:06.494738+00:00
MPLADS-004557,0.0182,NORMAL,"{""geo__infrastructure_gap_index"": 0.1113, ""geospatial_anomaly_score"": 0.0952, ""project__planned_duration_days"": 0.0643}",2026-09-06T09:45:06.494738+00:00
MPLADS-004558,0.0525,NORMAL,"{""geo__population_density"": 0.5429, ""geospatial_anomaly_score"": 0.2215, ""geospatial_anomaly_percentile"": 0.0755}",2026-09-06T09:45:06.494738+00:00
MPLADS-004559,0.0265,NORMAL,"{""geo__infrastructure_gap_index"": 0.2492, ""contractor_anomaly_percentile"": 0.0726, ""project__planned_duration_days"": 0.054}",2026-09-06T09:45:06.494738+00:00
MPLADS-004560,0.011,NORMAL,"{""financial_anomaly_percentile"": 0.053, ""project__planned_duration_days"": 0.033, ""payment_anomaly_percentile"": 0.0298}",2026-09-06T09:45:06.494738+00:00
MPLADS-004561,0.0308,NORMAL,"{""geo__infrastructure_gap_index"": 0.191, ""geospatial_anomaly_score"": 0.0548, ""financial__sanctioned_amount"": 0.0243}",2026-09-06T09:45:06.494738+00:00
MPLADS-004562,0.0345,NORMAL,"{""geospatial_anomaly_score"": 0.2207, ""geo__population_density"": 0.1138, ""project__planned_duration_days"": 0.0566}",2026-09-06T09:45:06.494738+00:00
MPLADS-004563,0.0314,NORMAL,"{""geospatial_anomaly_score"": 0.1893, ""financial__sanctioned_amount"": 0.1039, ""geo__infrastructure_gap_index"": 0.0493}",2026-09-06T09:45:06.494738+00:00
MPLADS-004564,0.0182,NORMAL,"{""geo__population_density"": 0.1387, ""financial_anomaly_score"": 0.1384, ""procurement_anomaly_percentile"": 0.1198}",2026-09-06T09:45:06.494738+00:00
MPLADS-004565,1.0,COST_OVERRUN,"{""progress_anomaly_score"": 4.4172, ""progress_anomaly_percentile"": 0.8111, ""procurement_anomaly_score"": 0.2303}",2026-09-06T09:45:06.494738+00:00
MPLADS-004566,0.0159,NORMAL,"{""geospatial_anomaly_score"": 0.0713, ""project__planned_duration_days"": 0.0584, ""geo__infrastructure_gap_index"": 0.0491}",2026-09-06T09:45:06.494738+00:00
MPLADS-004567,0.0182,NORMAL,"{""project__planned_duration_days"": 0.0427, ""graph_anomaly_percentile"": 0.0044, ""contractor_anomaly_percentile"": 0.0035}",2026-09-06T09:45:06.494738+00:00
MPLADS-004568,0.0182,NORMAL,"{""financial_anomaly_percentile"": 0.0577, ""project__planned_duration_days"": 0.0448, ""geo__population_density"": 0.0338}",2026-09-06T09:45:06.494738+00:00
MPLADS-004569,0.0182,NORMAL,"{""financial__sanctioned_amount"": 0.2844, ""financial_anomaly_percentile"": 0.0591, ""payment_anomaly_percentile"": 0.0249}",2026-09-06T09:45:06.494738+00:00
MPLADS-004570,0.0314,NORMAL,"{""geo__infrastructure_gap_index"": 0.2126, ""geospatial_anomaly_score"": 0.1876, ""geo__population_density"": 0.1419}",2026-09-06T09:45:06.494738+00:00
MPLADS-004571,0.0231,NORMAL,"{""payment_anomaly_score"": 0.1649, ""financial__sanctioned_amount"": 0.1404, ""financial_anomaly_percentile"": 0.1186}",2026-09-06T09:45:06.494738+00:00
MPLADS-004572,0.0231,NORMAL,"{""geo__infrastructure_gap_index"": 0.1297, ""financial__sanctioned_amount"": 0.088, ""payment_anomaly_score"": 0.0187}",2026-09-06T09:45:06.494738+00:00
MPLADS-004573,1.0,PAYMENT_PROGRESS_MISMATCH,"{""progress_anomaly_score"": 5.3144, ""progress_anomaly_percentile"": 0.9323, ""geospatial_anomaly_score"": 0.1148}",2026-09-06T09:45:06.494738+00:00
MPLADS-004574,0.0182,NORMAL,"{""financial__sanctioned_amount"": 0.209, ""payment_anomaly_score"": 0.0696, ""geospatial_anomaly_score"": 0.0683}",2026-09-06T09:45:06.494738+00:00
MPLADS-004575,0.0231,NORMAL,"{""payment_anomaly_score"": 0.0936, ""financial_anomaly_percentile"": 0.0854, ""payment_anomaly_percentile"": 0.0571}",2026-09-06T09:45:06.494738+00:00
MPLADS-004576,0.0225,NORMAL,"{""financial__sanctioned_amount"": 0.1752, ""financial_anomaly_score"": 0.1425, ""financial_anomaly_percentile"": 0.0767}",2026-09-06T09:45:06.494738+00:00
MPLADS-004577,0.0225,NORMAL,"{""financial__sanctioned_amount"": 0.1849, ""project__planned_duration_days"": 0.059, ""num_flagged_models"": 0.0014}",2026-09-06T09:45:06.494738+00:00
MPLADS-004578,0.0231,NORMAL,"{""geospatial_anomaly_score"": 0.0883, ""project__planned_duration_days"": 0.0445, ""geospatial_anomaly_percentile"": 0.0206}",2026-09-06T09:45:06.494738+00:00
MPLADS-004579,0.0182,NORMAL,"{""project__planned_duration_days"": 0.0288, ""std_anomaly_score"": 0.0036, ""num_flagged_models"": 0.0014}",2026-09-06T09:45:06.494738+00:00
MPLADS-004580,1.0,COST_OVERRUN,"{""progress_anomaly_score"": 4.5863, ""progress_anomaly_percentile"": 0.8235, ""procurement_anomaly_score"": 0.2428}",2026-09-06T09:45:06.494738+00:00
MPLADS-004581,0.0182,NORMAL,"{""payment_anomaly_percentile"": 0.0648, ""financial_anomaly_percentile"": 0.0613, ""payment_anomaly_score"": 0.0605}",2026-09-06T09:45:06.494738+00:00
MPLADS-004582,1.0,DELAYED_WORK,"{""progress_anomaly_score"": 5.1933, ""progress_anomaly_percentile"": 0.8806, ""geo__population_density"": 0.2175}",2026-09-06T09:45:06.494738+00:00
MPLADS-004583,0.0225,NORMAL,"{""financial__sanctioned_amount"": 0.2676, ""payment_anomaly_score"": 0.0959, ""geospatial_anomaly_score"": 0.0911}",2026-09-06T09:45:06.494738+00:00
MPLADS-004584,0.0231,NORMAL,"{""geospatial_anomaly_score"": 0.0688, ""geo__population_density"": 0.0392, ""project__planned_duration_days"": 0.0377}",2026-09-06T09:45:06.494738+00:00
MPLADS-004585,1.0,PAYMENT_PROGRESS_MISMATCH,"{""progress_anomaly_score"": 4.8304, ""progress_anomaly_percentile"": 0.957, ""payment_anomaly_score"": 0.1372}",2026-09-06T09:45:06.494738+00:00
MPLADS-004586,0.0161,NORMAL,"{""project__planned_duration_days"": 0.0596, ""payment_anomaly_percentile"": 0.0479, ""financial_anomaly_percentile"": 0.0357}",2026-09-06T09:45:06.494738+00:00
MPLADS-004587,0.0231,NORMAL,"{""financial__sanctioned_amount"": 0.1912, ""geo__population_density"": 0.1434, ""geo__infrastructure_gap_index"": 0.1221}",2026-09-06T09:45:06.494738+00:00
MPLADS-004588,0.2131,NORMAL,"{""geo__infrastructure_gap_index"": 0.3064, ""geo__population_density"": 0.2322, ""geospatial_anomaly_score"": 0.1649}",2026-09-06T09:45:06.494738+00:00
MPLADS-004589,0.0225,NORMAL,"{""financial__sanctioned_amount"": 0.1939, ""geo__infrastructure_gap_index"": 0.1056, ""geospatial_anomaly_score"": 0.0732}",2026-09-06T09:45:06.494738+00:00
MPLADS-004590,0.0231,NORMAL,"{""financial__sanctioned_amount"": 0.2171, ""geospatial_anomaly_score"": 0.1111, ""financial_anomaly_percentile"": 0.0988}",2026-09-06T09:45:06.494738+00:00
MPLADS-004591,0.0182,NORMAL,"{""geo__population_density"": 0.1203, ""payment_anomaly_score"": 0.1092, ""payment_anomaly_percentile"": 0.0506}",2026-09-06T09:45:06.494738+00:00
MPLADS-004592,0.0182,NORMAL,"{""project__planned_duration_days"": 0.0449, ""contractor_anomaly_percentile"": 0.0283, ""geospatial_anomaly_score"": 0.0187}",2026-09-06T09:45:06.494738+00:00
MPLADS-004593,1.0,PAYMENT_PROGRESS_MISMATCH,"{""progress_anomaly_score"": 5.3241, ""progress_anomaly_percentile"": 0.9764, ""payment_anomaly_score"": 0.1133}",2026-09-06T09:45:06.494738+00:00
MPLADS-004594,0.0231,NORMAL,"{""financial__sanctioned_amount"": 0.2171, ""geospatial_anomaly_score"": 0.1022, ""geo__infrastructure_gap_index"": 0.0933}",2026-09-06T09:45:06.494738+00:00
MPLADS-004595,0.0153,NORMAL,"{""graph_anomaly_score"": 0.0838, ""geo__population_density"": 0.062, ""project__planned_duration_days"": 0.05}",2026-09-06T09:45:06.494738+00:00
MPLADS-004596,0.0231,NORMAL,"{""geospatial_anomaly_score"": 0.1383, ""project__planned_duration_days"": 0.0559, ""geo__infrastructure_gap_index"": 0.028}",2026-09-06T09:45:06.494738+00:00
MPLADS-004597,0.0182,NORMAL,"{""geo__infrastructure_gap_index"": 0.1263, ""graph_anomaly_score"": 0.0242, ""project__planned_duration_days"": 0.0189}",2026-09-06T09:45:06.494738+00:00
MPLADS-004598,0.4581,NORMAL,"{""procurement_anomaly_score"": 1.6915, ""procurement_anomaly_percentile"": 0.7213, ""payment_anomaly_score"": 0.1659}",2026-09-06T09:45:06.494738+00:00
MPLADS-004599,0.0182,NORMAL,"{""geo__population_density"": 0.0855, ""payment_anomaly_percentile"": 0.0534, ""project__planned_duration_days"": 0.0429}",2026-09-06T09:45:06.494738+00:00
MPLADS-004600,0.0231,NORMAL,"{""contractor_anomaly_score"": 0.1201, ""geo__population_density"": 0.1118, ""financial_anomaly_score"": 0.1078}",2026-09-06T09:45:06.494738+00:00
MPLADS-004601,0.0225,NORMAL,"{""project__planned_duration_days"": 0.0547, ""graph_anomaly_score"": 0.0251, ""graph_anomaly_percentile"": 0.003}",2026-09-06T09:45:06.494738+00:00
MPLADS-004602,0.0231,NORMAL,"{""financial__sanctioned_amount"": 0.1339, ""financial_anomaly_percentile"": 0.1108, ""payment_anomaly_percentile"": 0.0249}",2026-09-06T09:45:06.494738+00:00
MPLADS-004603,0.0161,NORMAL,"{""project__planned_duration_days"": 0.0488, ""geospatial_anomaly_score"": 0.048, ""payment_anomaly_score"": 0.0071}",2026-09-06T09:45:06.494738+00:00
MPLADS-004604,0.0182,NORMAL,"{""project__planned_duration_days"": 0.0193, ""graph_anomaly_percentile"": 0.0048, ""num_flagged_models"": 0.0014}",2026-09-06T09:45:06.494738+00:00
MPLADS-004605,0.0225,NORMAL,"{""financial__sanctioned_amount"": 0.2019, ""geo__population_density"": 0.175, ""geo__infrastructure_gap_index"": 0.1662}",2026-09-06T09:45:06.494738+00:00
MPLADS-004606,1.0,COST_OVERRUN,"{""progress_anomaly_score"": 4.8845, ""progress_anomaly_percentile"": 0.9406, ""procurement_anomaly_score"": 0.2361}",2026-09-06T09:45:06.494738+00:00
MPLADS-004607,0.0204,NORMAL,"{""financial__sanctioned_amount"": 0.0504, ""project__planned_duration_days"": 0.0453, ""geo__population_density"": 0.0111}",2026-09-06T09:45:06.494738+00:00
MPLADS-004608,0.0231,NORMAL,"{""project__planned_duration_days"": 0.0277, ""geo__infrastructure_gap_index"": 0.025, ""contractor_anomaly_percentile"": 0.0131}",2026-09-06T09:45:06.494738+00:00
MPLADS-004609,0.0231,NORMAL,"{""financial__sanctioned_amount"": 0.2453, ""geospatial_anomaly_score"": 0.1669, ""procurement_anomaly_percentile"": 0.0634}",2026-09-06T09:45:06.494738+00:00
MPLADS-004610,0.0225,NORMAL,"{""financial__sanctioned_amount"": 0.1253, ""geospatial_anomaly_score"": 0.0995, ""geospatial_anomaly_percentile"": 0.0368}",2026-09-06T09:45:06.494738+00:00
MPLADS-004611,0.0308,NORMAL,"{""geo__infrastructure_gap_index"": 0.1093, ""geospatial_anomaly_score"": 0.0508, ""project__planned_duration_days"": 0.0181}",2026-09-06T09:45:06.494738+00:00
MPLADS-004612,0.0225,NORMAL,"{""procurement_anomaly_percentile"": 0.1967, ""project__planned_duration_days"": 0.0556, ""geospatial_anomaly_score"": 0.0545}",2026-09-06T09:45:06.494738+00:00
MPLADS-004613,0.0225,NORMAL,"{""financial_anomaly_score"": 0.1171, ""geospatial_anomaly_score"": 0.0663, ""geospatial_anomaly_percentile"": 0.037}",2026-09-06T09:45:06.494738+00:00
MPLADS-004614,1.0,PAYMENT_PROGRESS_MISMATCH,"{""progress_anomaly_score"": 5.2151, ""progress_anomaly_percentile"": 0.9288, ""financial__sanctioned_amount"": 0.1112}",2026-09-06T09:45:06.494738+00:00
MPLADS-004615,0.0182,NORMAL,"{""geospatial_anomaly_score"": 0.0579, ""geo__infrastructure_gap_index"": 0.0396, ""financial__sanctioned_amount"": 0.035}",2026-09-06T09:45:06.494738+00:00
MPLADS-004616,1.0,COST_OVERRUN,"{""progress_anomaly_score"": 4.7342, ""progress_anomaly_percentile"": 0.8678, ""procurement_anomaly_score"": 0.4353}",2026-09-06T09:45:06.494738+00:00
MPLADS-004617,0.0182,NORMAL,"{""financial_anomaly_percentile"": 0.0584, ""financial_anomaly_score"": 0.0509, ""payment_anomaly_percentile"": 0.0407}",2026-09-06T09:45:06.494738+00:00
MPLADS-004618,1.0,COST_OVERRUN,"{""progress_anomaly_score"": 4.4076, ""progress_anomaly_percentile"": 0.8189, ""procurement_anomaly_score"": 0.3966}",2026-09-06T09:45:06.494738+00:00
MPLADS-004619,0.0814,NORMAL,"{""geo__population_density"": 0.2165, ""geospatial_anomaly_score"": 0.1182, ""financial__sanctioned_amount"": 0.1144}",2026-09-06T09:45:06.494738+00:00
MPLADS-004620,0.0225,NORMAL,"{""financial__sanctioned_amount"": 0.2584, ""geo__infrastructure_gap_index"": 0.1103, ""std_anomaly_score"": 0.0908}",2026-09-06T09:45:06.494738+00:00
MPLADS-004621,1.0,DELAYED_WORK,"{""progress_anomaly_score"": 4.9335, ""progress_anomaly_percentile"": 0.8559, ""financial_anomaly_score"": 0.1817}",2026-09-06T09:45:06.494738+00:00
MPLADS-004622,1.0,PAYMENT_PROGRESS_MISMATCH,"{""progress_anomaly_score"": 5.5051, ""progress_anomaly_percentile"": 0.9475, ""payment_anomaly_score"": 0.0837}",2026-09-06T09:45:06.494738+00:00
MPLADS-004623,1.0,PAYMENT_PROGRESS_MISMATCH,"{""progress_anomaly_score"": 5.5391, ""progress_anomaly_percentile"": 0.9115, ""payment_anomaly_score"": 0.1141}",2026-09-06T09:45:06.494738+00:00
MPLADS-004624,1.0,DOCUMENTATION_DEFICIT,"{""progress_anomaly_score"": 5.334, ""progress_anomaly_percentile"": 0.915, ""payment_anomaly_score"": 0.1315}",2026-09-06T09:45:06.494738+00:00
MPLADS-004625,0.0243,NORMAL,"{""financial__sanctioned_amount"": 0.2037, ""payment_anomaly_score"": 0.1534, ""geospatial_anomaly_score"": 0.1039}",2026-09-06T09:45:06.494738+00:00
MPLADS-004626,0.0225,NORMAL,"{""geo__infrastructure_gap_index"": 0.0293, ""graph_anomaly_percentile"": 0.0111, ""num_flagged_models"": 0.0014}",2026-09-06T09:45:06.494738+00:00
MPLADS-004627,0.0231,NORMAL,"{""geospatial_anomaly_score"": 0.0445, ""project__planned_duration_days"": 0.0156, ""std_anomaly_score"": 0.0058}",2026-09-06T09:45:06.494738+00:00
MPLADS-004628,0.0182,NORMAL,"{""geo__infrastructure_gap_index"": 0.1353, ""financial__sanctioned_amount"": 0.0707, ""project__planned_duration_days"": 0.0361}",2026-09-06T09:45:06.494738+00:00
MPLADS-004629,0.0231,NORMAL,"{""contractor_anomaly_percentile"": 0.0733, ""project__planned_duration_days"": 0.0638, ""geospatial_anomaly_score"": 0.0485}",2026-09-06T09:45:06.494738+00:00
MPLADS-004630,0.9524,COST_OVERRUN,"{""progress_anomaly_score"": 2.6555, ""procurement_anomaly_score"": 0.4662, ""procurement_anomaly_percentile"": 0.2885}",2026-09-06T09:45:06.494738+00:00
MPLADS-004631,0.0231,NORMAL,"{""financial__sanctioned_amount"": 0.0996, ""geospatial_anomaly_score"": 0.0697, ""financial_anomaly_percentile"": 0.066}",2026-09-06T09:45:06.494738+00:00
MPLADS-004632,0.0308,NORMAL,"{""geo__population_density"": 0.1908, ""financial__sanctioned_amount"": 0.0954, ""graph_anomaly_score"": 0.0507}",2026-09-06T09:45:06.494738+00:00
MPLADS-004633,0.0231,NORMAL,"{""contractor_anomaly_score"": 0.1149, ""contractor_anomaly_percentile"": 0.1047, ""financial__sanctioned_amount"": 0.0881}",2026-09-06T09:45:06.494738+00:00
MPLADS-004634,1.0,DELAYED_WORK,"{""progress_anomaly_score"": 5.24, ""progress_anomaly_percentile"": 0.9122, ""financial__sanctioned_amount"": 0.0706}",2026-09-06T09:45:06.494738+00:00
MPLADS-004635,0.0345,NORMAL,"{""financial__sanctioned_amount"": 0.179, ""contractor_anomaly_score"": 0.1309, ""geospatial_anomaly_score"": 0.1089}",2026-09-06T09:45:06.494738+00:00
MPLADS-004636,0.0182,NORMAL,"{""geo__infrastructure_gap_index"": 0.1153, ""std_anomaly_score"": 0.0807, ""project__planned_duration_days"": 0.0559}",2026-09-06T09:45:06.494738+00:00
MPLADS-004637,0.0314,NORMAL,"{""financial__sanctioned_amount"": 0.2122, ""geospatial_anomaly_score"": 0.1201, ""geo__infrastructure_gap_index"": 0.1106}",2026-09-06T09:45:06.494738+00:00
MPLADS-004638,1.0,COST_OVERRUN,"{""progress_anomaly_score"": 4.7895, ""progress_anomaly_percentile"": 0.8255, ""financial_anomaly_score"": 0.1795}",2026-09-06T09:45:06.494738+00:00
MPLADS-004639,0.0182,NORMAL,"{""financial__sanctioned_amount"": 0.2127, ""graph_anomaly_score"": 0.0739, ""payment_anomaly_percentile"": 0.0138}",2026-09-06T09:45:06.494738+00:00
MPLADS-004640,0.0182,NORMAL,"{""procurement_anomaly_score"": 0.4596, ""geo__population_density"": 0.1976, ""financial_anomaly_score"": 0.1472}",2026-09-06T09:45:06.494738+00:00
MPLADS-004641,0.0287,NORMAL,"{""financial_anomaly_score"": 0.4158, ""project__planned_duration_days"": 0.0463, ""financial__sanctioned_amount"": 0.019}",2026-09-06T09:45:06.494738+00:00
MPLADS-004642,0.0231,NORMAL,"{""geospatial_anomaly_score"": 0.0249, ""financial__sanctioned_amount"": 0.0196, ""mean_anomaly_score"": 0.0049}",2026-09-06T09:45:06.494738+00:00
MPLADS-004643,1.0,DELAYED_WORK,"{""progress_anomaly_score"": 4.9889, ""progress_anomaly_percentile"": 0.808, ""financial_anomaly_score"": 0.2337}",2026-09-06T09:45:06.494738+00:00
MPLADS-004644,0.0231,NORMAL,"{""geo__infrastructure_gap_index"": 0.1924, ""geospatial_anomaly_percentile"": 0.1473, ""geo__population_density"": 0.1438}",2026-09-06T09:45:06.494738+00:00
MPLADS-004645,0.0225,NORMAL,"{""financial__sanctioned_amount"": 0.182, ""geospatial_anomaly_score"": 0.1179, ""financial_anomaly_percentile"": 0.1061}",2026-09-06T09:45:06.494738+00:00
MPLADS-004646,0.0225,NORMAL,"{""payment_anomaly_score"": 0.0469, ""financial_anomaly_percentile"": 0.0451, ""project__planned_duration_days"": 0.0332}",2026-09-06T09:45:06.494738+00:00
MPLADS-004647,0.0345,NORMAL,"{""geospatial_anomaly_score"": 0.1236, ""project__planned_duration_days"": 0.0544, ""geo__population_density"": 0.0418}",2026-09-06T09:45:06.494738+00:00
MPLADS-004648,0.0182,NORMAL,"{""financial_anomaly_percentile"": 0.0448, ""project__planned_duration_days"": 0.0382, ""payment_anomaly_percentile"": 0.0288}",2026-09-06T09:45:06.494738+00:00
MPLADS-004649,0.2913,NORMAL,"{""procurement_anomaly_score"": 1.303, ""procurement_anomaly_percentile"": 0.4622, ""geospatial_anomaly_score"": 0.2227}",2026-09-06T09:45:06.494738+00:00
MPLADS-004650,0.0231,NORMAL,"{""contractor_anomaly_percentile"": 0.0954, ""geospatial_anomaly_score"": 0.0784, ""financial__sanctioned_amount"": 0.0343}",2026-09-06T09:45:06.494738+00:00
MPLADS-004651,0.0182,NORMAL,"{""financial__sanctioned_amount"": 0.2711, ""payment_anomaly_score"": 0.0829, ""geospatial_anomaly_score"": 0.0657}",2026-09-06T09:45:06.494738+00:00
MPLADS-004652,0.0182,NORMAL,"{""financial__sanctioned_amount"": 0.2691, ""geo__population_density"": 0.0631, ""payment_anomaly_percentile"": 0.0382}",2026-09-06T09:45:06.494738+00:00
MPLADS-004653,1.0,PAYMENT_PROGRESS_MISMATCH,"{""progress_anomaly_score"": 5.0326, ""progress_anomaly_percentile"": 0.9223, ""payment_anomaly_score"": 0.1391}",2026-09-06T09:45:06.494738+00:00
MPLADS-004654,0.0262,NORMAL,"{""financial_anomaly_percentile"": 0.1146, ""financial__sanctioned_amount"": 0.0457, ""financial_anomaly_score"": 0.0423}",2026-09-06T09:45:06.494738+00:00
MPLADS-004655,0.0231,NORMAL,"{""financial__sanctioned_amount"": 0.1964, ""geo__infrastructure_gap_index"": 0.1088, ""financial_anomaly_percentile"": 0.1056}",2026-09-06T09:45:06.494738+00:00
MPLADS-004656,0.0308,NORMAL,"{""geo__infrastructure_gap_index"": 0.1773, ""geo__population_density"": 0.1529, ""std_anomaly_score"": 0.0864}",2026-09-06T09:45:06.494738+00:00
MPLADS-004657,0.5918,PROCUREMENT_SINGLE_BID,"{""procurement_anomaly_score"": 1.9901, ""procurement_anomaly_percentile"": 0.8499, ""geo__population_density"": 0.4149}",2026-09-06T09:45:06.494738+00:00
MPLADS-004658,0.0262,NORMAL,"{""geospatial_anomaly_score"": 0.1465, ""project__planned_duration_days"": 0.0673, ""geo__infrastructure_gap_index"": 0.0544}",2026-09-06T09:45:06.494738+00:00
MPLADS-004659,0.0231,NORMAL,"{""project__planned_duration_days"": 0.0343, ""std_anomaly_score"": 0.026, ""geospatial_anomaly_score"": 0.0122}",2026-09-06T09:45:06.494738+00:00
MPLADS-004660,0.0182,NORMAL,"{""payment_anomaly_percentile"": 0.0509, ""project__planned_duration_days"": 0.0368, ""graph_anomaly_score"": 0.0365}",2026-09-06T09:45:06.494738+00:00
MPLADS-004661,0.0225,NORMAL,"{""geospatial_anomaly_score"": 0.1864, ""graph_anomaly_score"": 0.092, ""geo__infrastructure_gap_index"": 0.066}",2026-09-06T09:45:06.494738+00:00
MPLADS-004662,0.315,NORMAL,"{""procurement_anomaly_score"": 1.4922, ""procurement_anomaly_percentile"": 0.5516, ""geospatial_anomaly_score"": 0.1001}",2026-09-06T09:45:06.494738+00:00
MPLADS-004663,0.0314,NORMAL,"{""progress_anomaly_score"": 0.3856, ""financial__sanctioned_amount"": 0.1699, ""geospatial_anomaly_score"": 0.0599}",2026-09-06T09:45:06.494738+00:00
MPLADS-004664,0.0088,NORMAL,"{""financial_anomaly_percentile"": 0.0489, ""financial_anomaly_score"": 0.0448, ""payment_anomaly_percentile"": 0.0306}",2026-09-06T09:45:06.494738+00:00
MPLADS-004665,1.0,COST_OVERRUN,"{""progress_anomaly_score"": 4.7536, ""progress_anomaly_percentile"": 0.956, ""procurement_anomaly_score"": 0.2152}",2026-09-06T09:45:06.494738+00:00
MPLADS-004666,0.0182,NORMAL,"{""financial_anomaly_score"": 0.0981, ""financial_anomaly_percentile"": 0.0636, ""project__planned_duration_days"": 0.0441}",2026-09-06T09:45:06.494738+00:00
MPLADS-004667,0.0225,NORMAL,"{""financial__sanctioned_amount"": 0.1853, ""financial_anomaly_percentile"": 0.0761, ""graph_anomaly_score"": 0.0288}",2026-09-06T09:45:06.494738+00:00
MPLADS-004668,0.0308,NORMAL,"{""geo__population_density"": 0.1976, ""project__planned_duration_days"": 0.0443, ""geo__infrastructure_gap_index"": 0.0348}",2026-09-06T09:45:06.494738+00:00
MPLADS-004669,0.0182,NORMAL,"{""geo__population_density"": 0.154, ""financial_anomaly_percentile"": 0.0771, ""payment_anomaly_percentile"": 0.0437}",2026-09-06T09:45:06.494738+00:00
MPLADS-004670,0.8463,PROCUREMENT_SINGLE_BID,"{""procurement_anomaly_score"": 1.6399, ""procurement_anomaly_percentile"": 0.7975, ""max_anomaly_score"": 0.1324}",2026-09-06T09:45:06.494738+00:00
MPLADS-004671,0.9333,COST_OVERRUN,"{""progress_anomaly_score"": 2.0444, ""financial_anomaly_score"": 0.7693, ""procurement_anomaly_score"": 0.5371}",2026-09-06T09:45:06.494738+00:00
MPLADS-004672,0.0182,NORMAL,"{""geo__population_density"": 0.1961, ""geo__infrastructure_gap_index"": 0.1223, ""mean_anomaly_score"": 0.0912}",2026-09-06T09:45:06.494738+00:00
MPLADS-004673,1.0,DELAYED_WORK,"{""progress_anomaly_score"": 5.1887, ""progress_anomaly_percentile"": 0.9936, ""payment_anomaly_score"": 0.1096}",2026-09-06T09:45:06.494738+00:00
MPLADS-004674,0.0225,NORMAL,"{""geospatial_anomaly_score"": 0.0856, ""geospatial_anomaly_percentile"": 0.0375, ""financial__sanctioned_amount"": 0.0337}",2026-09-06T09:45:06.494738+00:00
MPLADS-004675,0.0231,NORMAL,"{""progress_anomaly_score"": 0.6426, ""geo__population_density"": 0.1409, ""geo__infrastructure_gap_index"": 0.1392}",2026-09-06T09:45:06.494738+00:00
MPLADS-004676,0.0262,NORMAL,"{""geospatial_anomaly_score"": 0.2175, ""payment_anomaly_score"": 0.0695, ""geo__infrastructure_gap_index"": 0.0556}",2026-09-06T09:45:06.494738+00:00
MPLADS-004677,1.0,PAYMENT_PROGRESS_MISMATCH,"{""progress_anomaly_score"": 4.8084, ""progress_anomaly_percentile"": 0.8718, ""procurement_anomaly_percentile"": 0.1359}",2026-09-06T09:45:06.494738+00:00
MPLADS-004678,0.0262,NORMAL,"{""financial_anomaly_score"": 0.4793, ""geospatial_anomaly_score"": 0.2398, ""financial_anomaly_percentile"": 0.1902}",2026-09-06T09:45:06.494738+00:00
MPLADS-004679,0.0161,NORMAL,"{""graph_anomaly_percentile"": 0.013, ""mean_anomaly_score"": 0.0083, ""graph_anomaly_score"": 0.0045}",2026-09-06T09:45:06.494738+00:00
MPLADS-004680,0.0225,NORMAL,"{""project__planned_duration_days"": 0.0674, ""financial__sanctioned_amount"": 0.0308, ""std_anomaly_score"": 0.0224}",2026-09-06T09:45:06.494738+00:00
MPLADS-004681,0.0161,NORMAL,"{""financial__sanctioned_amount"": 0.0769, ""graph_anomaly_score"": 0.0617, ""payment_anomaly_percentile"": 0.0309}",2026-09-06T09:45:06.494738+00:00
MPLADS-004682,0.0262,NORMAL,"{""procurement_anomaly_percentile"": 0.1153, ""payment_anomaly_score"": 0.1007, ""std_anomaly_score"": 0.097}",2026-09-06T09:45:06.494738+00:00
MPLADS-004683,0.0308,NORMAL,"{""geospatial_anomaly_percentile"": 0.2364, ""geo__infrastructure_gap_index"": 0.1093, ""geospatial_anomaly_score"": 0.0767}",2026-09-06T09:45:06.494738+00:00
MPLADS-004684,1.0,COST_OVERRUN,"{""progress_anomaly_score"": 4.661, ""progress_anomaly_percentile"": 0.8358, ""procurement_anomaly_score"": 0.2323}",2026-09-06T09:45:06.494738+00:00
MPLADS-004685,0.4972,NORMAL,"{""procurement_anomaly_score"": 1.7067, ""procurement_anomaly_percentile"": 0.827, ""max_anomaly_score"": 0.2246}",2026-09-06T09:45:06.494738+00:00
MPLADS-004686,0.0225,NORMAL,"{""geo__population_density"": 0.0614, ""graph_anomaly_score"": 0.0436, ""payment_anomaly_score"": 0.0361}",2026-09-06T09:45:06.494738+00:00
MPLADS-004687,1.0,ABANDONED_WORK,"{""progress_anomaly_score"": 5.0127, ""progress_anomaly_percentile"": 0.9023, ""financial__sanctioned_amount"": 0.1193}",2026-09-06T09:45:06.494738+00:00
MPLADS-004688,1.0,COST_OVERRUN,"{""progress_anomaly_score"": 5.1774, ""progress_anomaly_percentile"": 0.8798, ""procurement_anomaly_score"": 0.205}",2026-09-06T09:45:06.494738+00:00
MPLADS-004689,1.0,PAYMENT_PROGRESS_MISMATCH,"{""progress_anomaly_score"": 5.4508, ""progress_anomaly_percentile"": 0.9548, ""payment_anomaly_score"": 0.1162}",2026-09-06T09:45:06.494738+00:00
MPLADS-004690,0.0225,NORMAL,"{""geo__population_density"": 0.152, ""project__planned_duration_days"": 0.0566, ""payment_anomaly_percentile"": 0.033}",2026-09-06T09:45:06.494738+00:00
MPLADS-004691,1.0,COST_OVERRUN,"{""progress_anomaly_score"": 4.4688, ""progress_anomaly_percentile"": 0.8084, ""procurement_anomaly_score"": 0.4116}",2026-09-06T09:45:06.494738+00:00
MPLADS-004692,0.0225,NORMAL,"{""geo__infrastructure_gap_index"": 0.0802, ""project__planned_duration_days"": 0.0641, ""geospatial_anomaly_score"": 0.0498}",2026-09-06T09:45:06.494738+00:00
MPLADS-004693,0.0231,NORMAL,"{""contractor_anomaly_percentile"": 0.1509, ""contractor_anomaly_score"": 0.1443, ""financial_anomaly_percentile"": 0.0483}",2026-09-06T09:45:06.494738+00:00
MPLADS-004694,0.3136,NORMAL,"{""procurement_anomaly_score"": 1.4399, ""procurement_anomaly_percentile"": 0.494, ""geo__infrastructure_gap_index"": 0.0773}",2026-09-06T09:45:06.494738+00:00
MPLADS-004695,0.0225,NORMAL,"{""financial_anomaly_score"": 0.0844, ""geospatial_anomaly_score"": 0.0502, ""project__planned_duration_days"": 0.0274}",2026-09-06T09:45:06.494738+00:00
MPLADS-004696,0.0225,NORMAL,"{""financial__sanctioned_amount"": 0.1964, ""geospatial_anomaly_score"": 0.1065, ""geospatial_anomaly_percentile"": 0.0251}",2026-09-06T09:45:06.494738+00:00
MPLADS-004697,0.0231,NORMAL,"{""geospatial_anomaly_score"": 0.1746, ""graph_anomaly_score"": 0.0539, ""project__planned_duration_days"": 0.0499}",2026-09-06T09:45:06.494738+00:00
MPLADS-004698,0.0231,NORMAL,"{""geo__infrastructure_gap_index"": 0.1191, ""geospatial_anomaly_score"": 0.1174, ""mean_anomaly_score"": 0.0767}",2026-09-06T09:45:06.494738+00:00
MPLADS-004699,0.0741,NORMAL,"{""procurement_anomaly_score"": 0.5983, ""procurement_anomaly_percentile"": 0.1671, ""financial_anomaly_score"": 0.1335}",2026-09-06T09:45:06.494738+00:00
MPLADS-004700,1.0,PAYMENT_PROGRESS_MISMATCH,"{""progress_anomaly_score"": 4.863, ""progress_anomaly_percentile"": 0.8849, ""payment_anomaly_score"": 0.0935}",2026-09-06T09:45:06.494738+00:00
MPLADS-004701,0.0225,NORMAL,"{""geo__population_density"": 0.1819, ""geo__infrastructure_gap_index"": 0.0838, ""geospatial_anomaly_score"": 0.0736}",2026-09-06T09:45:06.494738+00:00
MPLADS-004702,1.0,COST_OVERRUN,"{""progress_anomaly_score"": 4.6211, ""progress_anomaly_percentile"": 0.8542, ""procurement_anomaly_score"": 0.2183}",2026-09-06T09:45:06.494738+00:00
MPLADS-004703,0.0231,NORMAL,"{""geospatial_anomaly_score"": 0.1371, ""project__planned_duration_days"": 0.0601, ""financial__sanctioned_amount"": 0.0583}",2026-09-06T09:45:06.494738+00:00
MPLADS-004704,0.0182,NORMAL,"{""geo__population_density"": 0.212, ""geospatial_anomaly_score"": 0.0988, ""project__planned_duration_days"": 0.0531}",2026-09-06T09:45:06.494738+00:00
MPLADS-004705,0.0225,NORMAL,"{""geospatial_anomaly_score"": 0.1041, ""geo__infrastructure_gap_index"": 0.0967, ""project__planned_duration_days"": 0.0506}",2026-09-06T09:45:06.494738+00:00
MPLADS-004706,0.3981,NORMAL,"{""procurement_anomaly_score"": 1.2065, ""procurement_anomaly_percentile"": 0.5919, ""geospatial_anomaly_score"": 0.1118}",2026-09-06T09:45:06.494738+00:00
MPLADS-004707,1.0,ABANDONED_WORK,"{""progress_anomaly_score"": 5.1041, ""progress_anomaly_percentile"": 0.8958, ""financial_anomaly_score"": 0.1493}",2026-09-06T09:45:06.494738+00:00
MPLADS-004708,0.0345,NORMAL,"{""financial__sanctioned_amount"": 0.2176, ""payment_anomaly_score"": 0.2005, ""geospatial_anomaly_score"": 0.1232}",2026-09-06T09:45:06.494738+00:00
MPLADS-004709,0.011,NORMAL,"{""geo__population_density"": 0.0836, ""financial_anomaly_score"": 0.0701, ""payment_anomaly_percentile"": 0.0445}",2026-09-06T09:45:06.494738+00:00
MPLADS-004710,0.0525,NORMAL,"{""geospatial_anomaly_score"": 0.1633, ""geo__population_density"": 0.1368, ""geospatial_anomaly_percentile"": 0.0971}",2026-09-06T09:45:06.494738+00:00
MPLADS-004711,0.3533,NORMAL,"{""procurement_anomaly_score"": 1.8474, ""procurement_anomaly_percentile"": 0.8409, ""max_anomaly_score"": 0.1943}",2026-09-06T09:45:06.494738+00:00
MPLADS-004712,0.0265,NORMAL,"{""payment_anomaly_score"": 0.1089, ""geo__population_density"": 0.0604, ""payment_anomaly_percentile"": 0.0509}",2026-09-06T09:45:06.494738+00:00
MPLADS-004713,0.0182,NORMAL,"{""financial__sanctioned_amount"": 0.1587, ""mean_anomaly_score"": 0.0243, ""num_flagged_models"": 0.0014}",2026-09-06T09:45:06.494738+00:00
MPLADS-004714,0.0153,NORMAL,"{""financial_anomaly_percentile"": 0.053, ""payment_anomaly_percentile"": 0.0326, ""project__planned_duration_days"": 0.0302}",2026-09-06T09:45:06.494738+00:00
MPLADS-004715,0.5278,PROCUREMENT_SINGLE_BID,"{""procurement_anomaly_score"": 1.5807, ""procurement_anomaly_percentile"": 0.6439, ""max_anomaly_score"": 0.259}",2026-09-06T09:45:06.494738+00:00
MPLADS-004716,0.0231,NORMAL,"{""geospatial_anomaly_score"": 0.0944, ""mean_anomaly_score"": 0.0856, ""payment_anomaly_percentile"": 0.0489}",2026-09-06T09:45:06.494738+00:00
MPLADS-004717,0.0182,NORMAL,"{""geo__population_density"": 0.1744, ""financial_anomaly_score"": 0.105, ""financial_anomaly_percentile"": 0.0959}",2026-09-06T09:45:06.494738+00:00
MPLADS-004718,0.0231,NORMAL,"{""procurement_anomaly_percentile"": 0.214, ""geospatial_anomaly_score"": 0.0971, ""project__planned_duration_days"": 0.0437}",2026-09-06T09:45:06.494738+00:00
MPLADS-004719,0.0161,NORMAL,"{""geo__population_density"": 0.1715, ""graph_anomaly_score"": 0.0668, ""project__planned_duration_days"": 0.0382}",2026-09-06T09:45:06.494738+00:00
MPLADS-004720,0.058,NORMAL,"{""procurement_anomaly_score"": 0.6753, ""procurement_anomaly_percentile"": 0.2175, ""geospatial_anomaly_score"": 0.0524}",2026-09-06T09:45:06.494738+00:00
MPLADS-004721,1.0,DELAYED_WORK,"{""progress_anomaly_score"": 5.1853, ""progress_anomaly_percentile"": 0.8712, ""financial_anomaly_score"": 0.0931}",2026-09-06T09:45:06.494738+00:00
MPLADS-004722,0.0262,NORMAL,"{""procurement_anomaly_percentile"": 0.4257, ""financial_anomaly_score"": 0.0825, ""max_anomaly_score"": 0.0812}",2026-09-06T09:45:06.494738+00:00
MPLADS-004723,0.058,NORMAL,"{""financial__sanctioned_amount"": 0.2748, ""geo__infrastructure_gap_index"": 0.1227, ""geospatial_anomaly_score"": 0.1151}",2026-09-06T09:45:06.494738+00:00
MPLADS-004724,0.0182,NORMAL,"{""geo__population_density"": 0.0559, ""financial_anomaly_percentile"": 0.0444, ""payment_anomaly_score"": 0.0327}",2026-09-06T09:45:06.494738+00:00
MPLADS-004725,0.0182,NORMAL,"{""geo__population_density"": 0.131, ""geospatial_anomaly_score"": 0.088, ""project__planned_duration_days"": 0.0494}",2026-09-06T09:45:06.494738+00:00
MPLADS-004726,0.0314,NORMAL,"{""geo__infrastructure_gap_index"": 0.1756, ""geo__population_density"": 0.1073, ""financial_anomaly_score"": 0.1045}",2026-09-06T09:45:06.494738+00:00
MPLADS-004727,0.4205,NORMAL,"{""procurement_anomaly_score"": 1.5172, ""procurement_anomaly_percentile"": 0.5927, ""payment_anomaly_score"": 0.1286}",2026-09-06T09:45:06.494738+00:00
MPLADS-004728,0.021,NORMAL,"{""project__planned_duration_days"": 0.058, ""geospatial_anomaly_score"": 0.0293, ""num_flagged_models"": 0.0014}",2026-09-06T09:45:06.494738+00:00
MPLADS-004729,1.0,PAYMENT_PROGRESS_MISMATCH,"{""progress_anomaly_score"": 5.3077, ""progress_anomaly_percentile"": 0.9335, ""payment_anomaly_score"": 0.1116}",2026-09-06T09:45:06.494738+00:00
MPLADS-004730,0.0293,NORMAL,"{""project__planned_duration_days"": 0.0406, ""num_flagged_models"": 0.0014, ""geo__infrastructure_gap_index"": 0.0005}",2026-09-06T09:45:06.494738+00:00
MPLADS-004731,1.0,PAYMENT_PROGRESS_MISMATCH,"{""progress_anomaly_score"": 5.3646, ""progress_anomaly_percentile"": 0.9175, ""payment_anomaly_score"": 0.1145}",2026-09-06T09:45:06.494738+00:00
MPLADS-004732,1.0,PAYMENT_PROGRESS_MISMATCH,"{""progress_anomaly_score"": 5.4548, ""progress_anomaly_percentile"": 0.9607, ""geo__population_density"": 0.1844}",2026-09-06T09:45:06.494738+00:00
MPLADS-004733,0.0182,NORMAL,"{""geospatial_anomaly_score"": 0.0805, ""geo__population_density"": 0.0376, ""geospatial_anomaly_percentile"": 0.0056}",2026-09-06T09:45:06.494738+00:00
MPLADS-004734,0.0265,NORMAL,"{""financial__sanctioned_amount"": 0.1482, ""financial_anomaly_score"": 0.0583, ""financial_anomaly_percentile"": 0.0405}",2026-09-06T09:45:06.494738+00:00
MPLADS-004735,1.0,PAYMENT_PROGRESS_MISMATCH,"{""progress_anomaly_score"": 5.2641, ""progress_anomaly_percentile"": 0.9047, ""payment_anomaly_score"": 0.0954}",2026-09-06T09:45:06.494738+00:00
MPLADS-004736,1.0,DELAYED_WORK,"{""progress_anomaly_score"": 4.9144, ""progress_anomaly_percentile"": 0.9022, ""procurement_anomaly_score"": 0.2573}",2026-09-06T09:45:06.494738+00:00
MPLADS-004737,0.0225,NORMAL,"{""financial__sanctioned_amount"": 0.1846, ""payment_anomaly_score"": 0.1028, ""geo__infrastructure_gap_index"": 0.0785}",2026-09-06T09:45:06.494738+00:00
MPLADS-004738,0.1698,NORMAL,"{""geo__infrastructure_gap_index"": 0.282, ""geo__population_density"": 0.2603, ""graph_anomaly_score"": 0.1367}",2026-09-06T09:45:06.494738+00:00
MPLADS-004739,1.0,PAYMENT_PROGRESS_MISMATCH,"{""progress_anomaly_score"": 5.1223, ""progress_anomaly_percentile"": 0.8803, ""payment_anomaly_score"": 0.1147}",2026-09-06T09:45:06.494738+00:00
MPLADS-004740,0.0231,NORMAL,"{""std_anomaly_score"": 0.0926, ""geospatial_anomaly_score"": 0.0855, ""project__planned_duration_days"": 0.0546}",2026-09-06T09:45:06.494738+00:00
MPLADS-004741,0.0314,NORMAL,"{""geo__population_density"": 0.2161, ""financial__sanctioned_amount"": 0.1489, ""financial_anomaly_score"": 0.1295}",2026-09-06T09:45:06.494738+00:00
MPLADS-004742,0.0225,NORMAL,"{""geospatial_anomaly_score"": 0.0468, ""payment_anomaly_percentile"": 0.0357, ""contractor_anomaly_score"": 0.0278}",2026-09-06T09:45:06.494738+00:00
MPLADS-004743,0.0231,NORMAL,"{""payment_anomaly_score"": 0.0833, ""project__planned_duration_days"": 0.049, ""geo__infrastructure_gap_index"": 0.0475}",2026-09-06T09:45:06.494738+00:00
MPLADS-004744,1.0,PAYMENT_PROGRESS_MISMATCH,"{""progress_anomaly_score"": 5.2717, ""progress_anomaly_percentile"": 0.911, ""payment_anomaly_score"": 0.1183}",2026-09-06T09:45:06.494738+00:00
MPLADS-004745,1.0,PAYMENT_PROGRESS_MISMATCH,"{""progress_anomaly_score"": 5.287, ""progress_anomaly_percentile"": 0.913, ""payment_anomaly_score"": 0.1121}",2026-09-06T09:45:06.494738+00:00
MPLADS-004746,0.0231,NORMAL,"{""geo__population_density"": 0.1074, ""geo__infrastructure_gap_index"": 0.0924, ""geospatial_anomaly_score"": 0.0655}",2026-09-06T09:45:06.494738+00:00
MPLADS-004747,0.0231,NORMAL,"{""payment_anomaly_percentile"": 0.1045, ""financial__sanctioned_amount"": 0.0993, ""geospatial_anomaly_score"": 0.0683}",2026-09-06T09:45:06.494738+00:00
MPLADS-004748,0.0231,NORMAL,"{""geospatial_anomaly_score"": 0.1152, ""geo__population_density"": 0.1126, ""project__planned_duration_days"": 0.0621}",2026-09-06T09:45:06.494738+00:00
MPLADS-004749,0.0231,NORMAL,"{""project__planned_duration_days"": 0.0594, ""mean_anomaly_score"": 0.0389, ""procurement_anomaly_percentile"": 0.007}",2026-09-06T09:45:06.494738+00:00
MPLADS-004750,0.0182,NORMAL,"{""financial_anomaly_score"": 0.2006, ""procurement_anomaly_percentile"": 0.107, ""financial_anomaly_percentile"": 0.0681}",2026-09-06T09:45:06.494738+00:00
MPLADS-004751,0.0231,NORMAL,"{""geospatial_anomaly_score"": 0.0756, ""geo__infrastructure_gap_index"": 0.0684, ""project__planned_duration_days"": 0.0582}",2026-09-06T09:45:06.494738+00:00
MPLADS-004752,0.0225,NORMAL,"{""procurement_anomaly_percentile"": 0.1802, ""financial_anomaly_percentile"": 0.0541, ""payment_anomaly_score"": 0.0416}",2026-09-06T09:45:06.494738+00:00
MPLADS-004753,0.0231,NORMAL,"{""procurement_anomaly_percentile"": 0.2089, ""geospatial_anomaly_score"": 0.0538, ""geo__population_density"": 0.0479}",2026-09-06T09:45:06.494738+00:00
MPLADS-004754,1.0,PAYMENT_PROGRESS_MISMATCH,"{""progress_anomaly_score"": 5.2237, ""progress_anomaly_percentile"": 0.9296, ""geo__population_density"": 0.251}",2026-09-06T09:45:06.494738+00:00
MPLADS-004755,0.0225,NORMAL,"{""project__planned_duration_days"": 0.0505, ""geospatial_anomaly_score"": 0.0488, ""geospatial_anomaly_percentile"": 0.0035}",2026-09-06T09:45:06.494738+00:00
MPLADS-004756,0.0225,NORMAL,"{""financial_anomaly_score"": 0.1432, ""geo__population_density"": 0.1096, ""project__planned_duration_days"": 0.0643}",2026-09-06T09:45:06.494738+00:00
MPLADS-004757,0.4029,NORMAL,"{""procurement_anomaly_score"": 1.6439, ""procurement_anomaly_percentile"": 0.6353, ""financial__sanctioned_amount"": 0.1429}",2026-09-06T09:45:06.494738+00:00
MPLADS-004758,1.0,PAYMENT_PROGRESS_MISMATCH,"{""progress_anomaly_score"": 5.4243, ""progress_anomaly_percentile"": 0.9561, ""payment_anomaly_score"": 0.1248}",2026-09-06T09:45:06.494738+00:00
MPLADS-004759,0.0314,NORMAL,"{""geospatial_anomaly_score"": 0.0755, ""financial__sanctioned_amount"": 0.0711, ""financial_anomaly_percentile"": 0.068}",2026-09-06T09:45:06.494738+00:00
MPLADS-004760,0.0182,NORMAL,"{""geo__population_density"": 0.1738, ""payment_anomaly_score"": 0.0524, ""financial_anomaly_score"": 0.0373}",2026-09-06T09:45:06.494738+00:00
MPLADS-004761,0.0182,NORMAL,"{""geo__population_density"": 0.1558, ""geo__infrastructure_gap_index"": 0.0474, ""payment_anomaly_score"": 0.0375}",2026-09-06T09:45:06.494738+00:00
MPLADS-004762,0.011,NORMAL,"{""financial_anomaly_score"": 0.0521, ""payment_anomaly_percentile"": 0.0043, ""num_flagged_models"": 0.0014}",2026-09-06T09:45:06.494738+00:00
MPLADS-004763,0.2449,NORMAL,"{""procurement_anomaly_score"": 0.6385, ""procurement_anomaly_percentile"": 0.3445, ""geospatial_anomaly_score"": 0.0771}",2026-09-06T09:45:06.494738+00:00
MPLADS-004764,0.0225,NORMAL,"{""project__planned_duration_days"": 0.0472, ""financial__sanctioned_amount"": 0.0265, ""geo__infrastructure_gap_index"": 0.0246}",2026-09-06T09:45:06.494738+00:00
MPLADS-004765,0.0231,NORMAL,"{""financial__sanctioned_amount"": 0.1443, ""contractor_anomaly_score"": 0.1339, ""geospatial_anomaly_score"": 0.1157}",2026-09-06T09:45:06.494738+00:00
MPLADS-004766,0.0345,NORMAL,"{""geospatial_anomaly_score"": 0.1263, ""mean_anomaly_score"": 0.0616, ""project__planned_duration_days"": 0.0437}",2026-09-06T09:45:06.494738+00:00
MPLADS-004767,0.1698,NORMAL,"{""geo__population_density"": 0.2361, ""financial__sanctioned_amount"": 0.1685, ""financial_anomaly_percentile"": 0.114}",2026-09-06T09:45:06.494738+00:00
MPLADS-004768,0.0182,NORMAL,"{""payment_anomaly_percentile"": 0.0532, ""financial_anomaly_percentile"": 0.0281, ""std_anomaly_score"": 0.0273}",2026-09-06T09:45:06.494738+00:00
MPLADS-004769,0.0231,NORMAL,"{""graph_anomaly_score"": 0.0664, ""project__planned_duration_days"": 0.0562, ""mean_anomaly_score"": 0.0141}",2026-09-06T09:45:06.494738+00:00
MPLADS-004770,0.0225,NORMAL,"{""payment_anomaly_score"": 0.1384, ""project__planned_duration_days"": 0.0642, ""payment_anomaly_percentile"": 0.0426}",2026-09-06T09:45:06.494738+00:00
MPLADS-004771,0.0314,NORMAL,"{""geospatial_anomaly_score"": 0.0818, ""project__planned_duration_days"": 0.0434, ""mean_anomaly_score"": 0.0393}",2026-09-06T09:45:06.494738+00:00
MPLADS-004772,0.0182,NORMAL,"{""geospatial_anomaly_percentile"": 0.1106, ""geospatial_anomaly_score"": 0.1027, ""geo__infrastructure_gap_index"": 0.0859}",2026-09-06T09:45:06.494738+00:00
MPLADS-004773,0.0225,NORMAL,"{""financial__sanctioned_amount"": 0.0391, ""std_anomaly_score"": 0.0177, ""num_flagged_models"": 0.0014}",2026-09-06T09:45:06.494738+00:00
MPLADS-004774,1.0,ABANDONED_WORK,"{""progress_anomaly_score"": 4.9031, ""progress_anomaly_percentile"": 0.9313, ""financial_anomaly_score"": 0.1984}",2026-09-06T09:45:06.494738+00:00
MPLADS-004775,1.0,DELAYED_WORK,"{""progress_anomaly_score"": 5.3685, ""progress_anomaly_percentile"": 0.9527, ""payment_anomaly_score"": 0.1038}",2026-09-06T09:45:06.494738+00:00
MPLADS-004776,1.0,ABANDONED_WORK,"{""progress_anomaly_score"": 5.1779, ""progress_anomaly_percentile"": 0.9035, ""financial_anomaly_score"": 0.1951}",2026-09-06T09:45:06.494738+00:00
MPLADS-004777,0.0314,NORMAL,"{""financial_anomaly_score"": 0.2901, ""geo__population_density"": 0.2031, ""contractor_anomaly_score"": 0.1169}",2026-09-06T09:45:06.494738+00:00
MPLADS-004778,1.0,COST_OVERRUN,"{""progress_anomaly_score"": 4.5622, ""progress_anomaly_percentile"": 0.8287, ""procurement_anomaly_score"": 0.281}",2026-09-06T09:45:06.494738+00:00
MPLADS-004779,0.011,NORMAL,"{""geo__infrastructure_gap_index"": 0.133, ""std_anomaly_score"": 0.0492, ""max_anomaly_score"": 0.0482}",2026-09-06T09:45:06.494738+00:00
MPLADS-004780,0.0231,NORMAL,"{""geo__population_density"": 0.1341, ""financial_anomaly_score"": 0.1282, ""procurement_anomaly_percentile"": 0.0707}",2026-09-06T09:45:06.494738+00:00
MPLADS-004781,0.0182,NORMAL,"{""geo__infrastructure_gap_index"": 0.1036, ""project__planned_duration_days"": 0.0634, ""geospatial_anomaly_score"": 0.0488}",2026-09-06T09:45:06.494738+00:00
MPLADS-004782,0.011,NORMAL,"{""geo__infrastructure_gap_index"": 0.1401, ""geospatial_anomaly_score"": 0.0632, ""project__planned_duration_days"": 0.0576}",2026-09-06T09:45:06.494738+00:00
MPLADS-004783,0.0225,NORMAL,"{""financial__sanctioned_amount"": 0.1485, ""geo__population_density"": 0.0053, ""project__planned_duration_days"": 0.005}",2026-09-06T09:45:06.494738+00:00
MPLADS-004784,1.0,DELAYED_WORK,"{""progress_anomaly_score"": 5.335, ""progress_anomaly_percentile"": 1.0113, ""payment_anomaly_score"": 0.132}",2026-09-06T09:45:06.494738+00:00
MPLADS-004785,0.0182,NORMAL,"{""financial__sanctioned_amount"": 0.1969, ""geo__population_density"": 0.1931, ""payment_anomaly_score"": 0.04}",2026-09-06T09:45:06.494738+00:00
MPLADS-004786,1.0,DOCUMENTATION_DEFICIT,"{""progress_anomaly_score"": 5.318, ""progress_anomaly_percentile"": 0.9012, ""payment_anomaly_score"": 0.1069}",2026-09-06T09:45:06.494738+00:00
MPLADS-004787,0.0231,NORMAL,"{""geospatial_anomaly_score"": 0.0704, ""project__planned_duration_days"": 0.0637, ""std_anomaly_score"": 0.051}",2026-09-06T09:45:06.494738+00:00
MPLADS-004788,0.0345,NORMAL,"{""contractor_anomaly_percentile"": 0.1943, ""contractor_anomaly_score"": 0.1341, ""project__planned_duration_days"": 0.0554}",2026-09-06T09:45:06.494738+00:00
MPLADS-004789,0.0182,NORMAL,"{""geospatial_anomaly_score"": 0.0474, ""project__planned_duration_days"": 0.0445, ""geo__infrastructure_gap_index"": 0.0432}",2026-09-06T09:45:06.494738+00:00
MPLADS-004790,0.0225,NORMAL,"{""financial__sanctioned_amount"": 0.1596, ""std_anomaly_score"": 0.0385, ""geo__infrastructure_gap_index"": 0.0374}",2026-09-06T09:45:06.494738+00:00
MPLADS-004791,1.0,DELAYED_WORK,"{""progress_anomaly_score"": 4.5327, ""progress_anomaly_percentile"": 0.829, ""procurement_anomaly_score"": 0.2544}",2026-09-06T09:45:06.494738+00:00
MPLADS-004792,0.0314,NORMAL,"{""financial__sanctioned_amount"": 0.29, ""geo__population_density"": 0.1284, ""geo__infrastructure_gap_index"": 0.0873}",2026-09-06T09:45:06.494738+00:00
MPLADS-004793,0.0231,NORMAL,"{""geo__infrastructure_gap_index"": 0.1208, ""geospatial_anomaly_score"": 0.0907, ""project__planned_duration_days"": 0.0512}",2026-09-06T09:45:06.494738+00:00
MPLADS-004794,0.0225,NORMAL,"{""financial__sanctioned_amount"": 0.192, ""geo__infrastructure_gap_index"": 0.0861, ""payment_anomaly_percentile"": 0.0314}",2026-09-06T09:45:06.494738+00:00
MPLADS-004795,0.632,COST_OVERRUN,"{""financial_anomaly_score"": 0.7274, ""procurement_anomaly_percentile"": 0.6287, ""financial_anomaly_percentile"": 0.2078}",2026-09-06T09:45:06.494738+00:00
MPLADS-004796,0.0314,NORMAL,"{""financial__sanctioned_amount"": 0.2525, ""geospatial_anomaly_score"": 0.1093, ""geo__infrastructure_gap_index"": 0.0484}",2026-09-06T09:45:06.494738+00:00
MPLADS-004797,0.0231,NORMAL,"{""geospatial_anomaly_score"": 0.1156, ""financial__sanctioned_amount"": 0.0726, ""project__planned_duration_days"": 0.0607}",2026-09-06T09:45:06.494738+00:00
MPLADS-004798,0.0182,NORMAL,"{""financial_anomaly_score"": 0.1728, ""geo__population_density"": 0.1509, ""financial_anomaly_percentile"": 0.0636}",2026-09-06T09:45:06.494738+00:00
MPLADS-004799,0.0308,NORMAL,"{""geo__population_density"": 0.2091, ""geospatial_anomaly_score"": 0.1227, ""mean_anomaly_score"": 0.0763}",2026-09-06T09:45:06.494738+00:00
MPLADS-004800,0.0231,NORMAL,"{""geospatial_anomaly_score"": 0.1296, ""mean_anomaly_score"": 0.0625, ""project__planned_duration_days"": 0.0564}",2026-09-06T09:45:06.494738+00:00
MPLADS-004801,0.0182,NORMAL,"{""financial__sanctioned_amount"": 0.2283, ""payment_anomaly_score"": 0.1255, ""geo__infrastructure_gap_index"": 0.0679}",2026-09-06T09:45:06.494738+00:00
MPLADS-004802,0.0182,NORMAL,"{""geo__population_density"": 0.1071, ""project__planned_duration_days"": 0.0406, ""std_anomaly_score"": 0.0204}",2026-09-06T09:45:06.494738+00:00
MPLADS-004803,0.0314,NORMAL,"{""contractor_anomaly_percentile"": 0.1179, ""geo__population_density"": 0.1053, ""contractor_anomaly_score"": 0.066}",2026-09-06T09:45:06.494738+00:00
MPLADS-004804,0.0182,NORMAL,"{""financial__sanctioned_amount"": 0.25, ""geo__population_density"": 0.1572, ""financial_anomaly_score"": 0.1106}",2026-09-06T09:45:06.494738+00:00
MPLADS-004805,0.0182,NORMAL,"{""financial__sanctioned_amount"": 0.177, ""payment_anomaly_score"": 0.0755, ""geospatial_anomaly_score"": 0.0504}",2026-09-06T09:45:06.494738+00:00
MPLADS-004806,0.2203,NORMAL,"{""procurement_anomaly_score"": 0.7468, ""geo__population_density"": 0.346, ""procurement_anomaly_percentile"": 0.2998}",2026-09-06T09:45:06.494738+00:00
MPLADS-004807,0.0265,NORMAL,"{""financial__sanctioned_amount"": 0.2137, ""geo__infrastructure_gap_index"": 0.1673, ""geospatial_anomaly_score"": 0.0345}",2026-09-06T09:45:06.494738+00:00
MPLADS-004808,0.0314,NORMAL,"{""geospatial_anomaly_percentile"": 0.2197, ""geospatial_anomaly_score"": 0.1034, ""graph_anomaly_score"": 0.0812}",2026-09-06T09:45:06.494738+00:00
MPLADS-004809,0.0182,NORMAL,"{""payment_anomaly_score"": 0.076, ""payment_anomaly_percentile"": 0.0632, ""project__planned_duration_days"": 0.0587}",2026-09-06T09:45:06.494738+00:00
MPLADS-004810,0.0,NORMAL,"{""financial_anomaly_score"": 0.1421, ""std_anomaly_score"": 0.0632, ""project__planned_duration_days"": 0.0347}",2026-09-06T09:45:06.494738+00:00
MPLADS-004811,1.0,PAYMENT_PROGRESS_MISMATCH,"{""progress_anomaly_score"": 5.1611, ""progress_anomaly_percentile"": 0.911, ""geo__population_density"": 0.191}",2026-09-06T09:45:06.494738+00:00
MPLADS-004812,1.0,PAYMENT_PROGRESS_MISMATCH,"{""progress_anomaly_score"": 5.4426, ""progress_anomaly_percentile"": 1.0006, ""payment_anomaly_score"": 0.1058}",2026-09-06T09:45:06.494738+00:00
MPLADS-004813,0.0265,NORMAL,"{""contractor_anomaly_score"": 0.2272, ""contractor_anomaly_percentile"": 0.1915, ""financial__sanctioned_amount"": 0.13}",2026-09-06T09:45:06.494738+00:00
MPLADS-004814,0.0182,NORMAL,"{""project__planned_duration_days"": 0.0574, ""num_flagged_models"": 0.0014, ""project_size_code"": 0.0}",2026-09-06T09:45:06.494738+00:00
MPLADS-004815,0.0182,NORMAL,"{""mean_anomaly_score"": 0.0708, ""project__planned_duration_days"": 0.0516, ""std_anomaly_score"": 0.0309}",2026-09-06T09:45:06.494738+00:00
MPLADS-004816,0.0231,NORMAL,"{""financial__sanctioned_amount"": 0.2871, ""payment_anomaly_score"": 0.1159, ""geospatial_anomaly_score"": 0.0963}",2026-09-06T09:45:06.494738+00:00
MPLADS-004817,0.0903,NORMAL,"{""procurement_anomaly_score"": 0.5243, ""procurement_anomaly_percentile"": 0.2365, ""geo__population_density"": 0.1996}",2026-09-06T09:45:06.494738+00:00
MPLADS-004818,1.0,GHOST_WORK,"{""progress_anomaly_score"": 5.1901, ""progress_anomaly_percentile"": 0.8932, ""geo__population_density"": 0.123}",2026-09-06T09:45:06.494738+00:00
MPLADS-004819,0.0182,NORMAL,"{""financial__sanctioned_amount"": 0.045, ""project__planned_duration_days"": 0.0436, ""financial_anomaly_percentile"": 0.0421}",2026-09-06T09:45:06.494738+00:00
MPLADS-004820,0.0231,NORMAL,"{""geospatial_anomaly_score"": 0.2022, ""financial__sanctioned_amount"": 0.1685, ""financial_anomaly_score"": 0.0877}",2026-09-06T09:45:06.494738+00:00
MPLADS-004821,0.0182,NORMAL,"{""geo__infrastructure_gap_index"": 0.0886, ""mean_anomaly_score"": 0.0237, ""contractor_anomaly_score"": 0.0068}",2026-09-06T09:45:06.494738+00:00
MPLADS-004822,0.0225,NORMAL,"{""geo__population_density"": 0.1933, ""graph_anomaly_score"": 0.091, ""geo__infrastructure_gap_index"": 0.0696}",2026-09-06T09:45:06.494738+00:00
MPLADS-004823,1.0,ABANDONED_WORK,"{""progress_anomaly_score"": 5.0067, ""progress_anomaly_percentile"": 0.8979, ""financial_anomaly_score"": 0.2039}",2026-09-06T09:45:06.494738+00:00
MPLADS-004824,0.0225,NORMAL,"{""geo__population_density"": 0.1369, ""geospatial_anomaly_score"": 0.0925, ""project__planned_duration_days"": 0.0396}",2026-09-06T09:45:06.494738+00:00
MPLADS-004825,0.0182,NORMAL,"{""geo__population_density"": 0.0838, ""max_anomaly_score"": 0.0459, ""financial__sanctioned_amount"": 0.0214}",2026-09-06T09:45:06.494738+00:00
MPLADS-004826,0.0231,NORMAL,"{""payment_anomaly_score"": 0.0754, ""project__planned_duration_days"": 0.0621, ""mean_anomaly_score"": 0.0108}",2026-09-06T09:45:06.494738+00:00
MPLADS-004827,0.0182,NORMAL,"{""financial__sanctioned_amount"": 0.2665, ""geospatial_anomaly_score"": 0.0678, ""geospatial_anomaly_percentile"": 0.0357}",2026-09-06T09:45:06.494738+00:00
MPLADS-004828,0.0067,NORMAL,"{""financial_anomaly_score"": 0.2134, ""financial_anomaly_percentile"": 0.0753, ""project__planned_duration_days"": 0.0441}",2026-09-06T09:45:06.494738+00:00
MPLADS-004829,0.0314,NORMAL,"{""geo__population_density"": 0.2224, ""financial__sanctioned_amount"": 0.0925, ""procurement_anomaly_percentile"": 0.0897}",2026-09-06T09:45:06.494738+00:00
MPLADS-004830,0.0182,NORMAL,"{""financial_anomaly_percentile"": 0.0627, ""std_anomaly_score"": 0.059, ""project__planned_duration_days"": 0.0513}",2026-09-06T09:45:06.494738+00:00
MPLADS-004831,0.0161,NORMAL,"{""financial_anomaly_score"": 0.0551, ""financial_anomaly_percentile"": 0.0459, ""project__planned_duration_days"": 0.0105}",2026-09-06T09:45:06.494738+00:00
MPLADS-004832,1.0,COST_OVERRUN,"{""progress_anomaly_score"": 4.6067, ""progress_anomaly_percentile"": 0.8394, ""procurement_anomaly_score"": 0.2392}",2026-09-06T09:45:06.494738+00:00
MPLADS-004833,1.0,PAYMENT_PROGRESS_MISMATCH,"{""progress_anomaly_score"": 5.2954, ""progress_anomaly_percentile"": 0.9084, ""payment_anomaly_score"": 0.1334}",2026-09-06T09:45:06.494738+00:00
MPLADS-004834,0.0182,NORMAL,"{""geo__infrastructure_gap_index"": 0.2648, ""payment_anomaly_percentile"": 0.0889, ""project__planned_duration_days"": 0.0433}",2026-09-06T09:45:06.494738+00:00
MPLADS-004835,1.0,COST_OVERRUN,"{""progress_anomaly_score"": 4.4313, ""progress_anomaly_percentile"": 0.844, ""procurement_anomaly_score"": 0.2339}",2026-09-06T09:45:06.494738+00:00
MPLADS-004836,1.0,DELAYED_WORK,"{""progress_anomaly_score"": 5.3057, ""progress_anomaly_percentile"": 0.8884, ""payment_anomaly_score"": 0.1082}",2026-09-06T09:45:06.494738+00:00
MPLADS-004837,0.0308,NORMAL,"{""geospatial_anomaly_score"": 0.0925, ""project__planned_duration_days"": 0.0617, ""mean_anomaly_score"": 0.0512}",2026-09-06T09:45:06.494738+00:00
MPLADS-004838,1.0,GHOST_WORK,"{""progress_anomaly_score"": 4.9343, ""progress_anomaly_percentile"": 0.9034, ""procurement_anomaly_percentile"": 0.1379}",2026-09-06T09:45:06.494738+00:00
MPLADS-004839,0.0231,NORMAL,"{""project__planned_duration_days"": 0.0665, ""geospatial_anomaly_score"": 0.0613, ""geo__infrastructure_gap_index"": 0.0334}",2026-09-06T09:45:06.494738+00:00
MPLADS-004840,1.0,PAYMENT_PROGRESS_MISMATCH,"{""progress_anomaly_score"": 5.1177, ""progress_anomaly_percentile"": 0.8763, ""payment_anomaly_score"": 0.1827}",2026-09-06T09:45:06.494738+00:00
MPLADS-004841,0.0442,NORMAL,"{""procurement_anomaly_percentile"": 0.2989, ""geospatial_anomaly_score"": 0.1852, ""payment_anomaly_score"": 0.1054}",2026-09-06T09:45:06.494738+00:00
MPLADS-004842,0.5824,PROCUREMENT_SINGLE_BID,"{""procurement_anomaly_score"": 1.8237, ""procurement_anomaly_percentile"": 0.7664, ""max_anomaly_score"": 0.1378}",2026-09-06T09:45:06.494738+00:00
MPLADS-004843,0.0314,NORMAL,"{""mean_anomaly_score"": 0.0634, ""geospatial_anomaly_score"": 0.0518, ""project__planned_duration_days"": 0.047}",2026-09-06T09:45:06.494738+00:00
MPLADS-004844,0.0231,NORMAL,"{""geo__infrastructure_gap_index"": 0.062, ""financial__sanctioned_amount"": 0.0526, ""payment_anomaly_percentile"": 0.0319}",2026-09-06T09:45:06.494738+00:00
MPLADS-004845,1.0,PAYMENT_PROGRESS_MISMATCH,"{""progress_anomaly_score"": 5.3128, ""progress_anomaly_percentile"": 0.9262, ""payment_anomaly_score"": 0.2111}",2026-09-06T09:45:06.494738+00:00
MPLADS-004846,0.0182,NORMAL,"{""geo__population_density"": 0.183, ""payment_anomaly_percentile"": 0.0648, ""financial_anomaly_percentile"": 0.0507}",2026-09-06T09:45:06.494738+00:00
MPLADS-004847,0.0225,NORMAL,"{""geo__infrastructure_gap_index"": 0.128, ""geospatial_anomaly_score"": 0.0381, ""project__planned_duration_days"": 0.0318}",2026-09-06T09:45:06.494738+00:00
MPLADS-004848,0.0182,NORMAL,"{""project__planned_duration_days"": 0.0481, ""graph_anomaly_score"": 0.0233, ""geospatial_anomaly_score"": 0.0173}",2026-09-06T09:45:06.494738+00:00
MPLADS-004849,0.0231,NORMAL,"{""project__planned_duration_days"": 0.061, ""geospatial_anomaly_score"": 0.0387, ""financial__sanctioned_amount"": 0.038}",2026-09-06T09:45:06.494738+00:00
MPLADS-004850,0.0161,NORMAL,"{""project__planned_duration_days"": 0.0611, ""payment_anomaly_percentile"": 0.0198, ""financial__sanctioned_amount"": 0.0192}",2026-09-06T09:45:06.494738+00:00
MPLADS-004851,0.0182,NORMAL,"{""geo__infrastructure_gap_index"": 0.0645, ""project__planned_duration_days"": 0.0479, ""payment_anomaly_percentile"": 0.03}",2026-09-06T09:45:06.494738+00:00
MPLADS-004852,0.0225,NORMAL,"{""geo__infrastructure_gap_index"": 0.0915, ""project__planned_duration_days"": 0.0399, ""financial__sanctioned_amount"": 0.0353}",2026-09-06T09:45:06.494738+00:00
MPLADS-004853,0.0231,NORMAL,"{""financial__sanctioned_amount"": 0.2416, ""geo__infrastructure_gap_index"": 0.1295, ""payment_anomaly_score"": 0.1083}",2026-09-06T09:45:06.494738+00:00
MPLADS-004854,1.0,PAYMENT_PROGRESS_MISMATCH,"{""progress_anomaly_score"": 5.6816, ""progress_anomaly_percentile"": 0.9966, ""financial__sanctioned_amount"": 0.1138}",2026-09-06T09:45:06.494738+00:00
MPLADS-004855,0.0442,NORMAL,"{""financial__sanctioned_amount"": 0.1406, ""payment_anomaly_score"": 0.1321, ""geo__infrastructure_gap_index"": 0.1043}",2026-09-06T09:45:06.494738+00:00
MPLADS-004856,0.0225,NORMAL,"{""geo__infrastructure_gap_index"": 0.074, ""procurement_anomaly_percentile"": 0.0537, ""graph_anomaly_percentile"": 0.0199}",2026-09-06T09:45:06.494738+00:00
MPLADS-004857,0.0182,NORMAL,"{""geo__population_density"": 0.1145, ""financial_anomaly_percentile"": 0.0508, ""project__planned_duration_days"": 0.033}",2026-09-06T09:45:06.494738+00:00
MPLADS-004858,1.0,PAYMENT_PROGRESS_MISMATCH,"{""progress_anomaly_score"": 5.3462, ""progress_anomaly_percentile"": 0.9261, ""payment_anomaly_score"": 0.1056}",2026-09-06T09:45:06.494738+00:00
MPLADS-004859,0.0182,NORMAL,"{""financial__sanctioned_amount"": 0.1872, ""geospatial_anomaly_score"": 0.0451, ""mean_anomaly_score"": 0.0343}",2026-09-06T09:45:06.494738+00:00
MPLADS-004860,0.0231,NORMAL,"{""contractor_anomaly_score"": 0.2001, ""contractor_anomaly_percentile"": 0.1426, ""graph_anomaly_score"": 0.0422}",2026-09-06T09:45:06.494738+00:00
MPLADS-004861,1.0,COST_OVERRUN,"{""progress_anomaly_score"": 4.4791, ""progress_anomaly_percentile"": 0.8181, ""procurement_anomaly_score"": 0.247}",2026-09-06T09:45:06.494738+00:00
MPLADS-004862,0.0308,NORMAL,"{""geo__population_density"": 0.1892, ""geospatial_anomaly_score"": 0.1771, ""geospatial_anomaly_percentile"": 0.1495}",2026-09-06T09:45:06.494738+00:00
MPLADS-004863,0.0789,NORMAL,"{""financial__sanctioned_amount"": 0.164, ""graph_anomaly_percentile"": 0.0466, ""contractor_anomaly_percentile"": 0.0062}",2026-09-06T09:45:06.494738+00:00
MPLADS-004864,0.0231,NORMAL,"{""geospatial_anomaly_percentile"": 0.1641, ""project__planned_duration_days"": 0.0561, ""graph_anomaly_score"": 0.0496}",2026-09-06T09:45:06.494738+00:00
MPLADS-004865,0.4029,NORMAL,"{""procurement_anomaly_score"": 1.4902, ""procurement_anomaly_percentile"": 0.6684, ""payment_anomaly_score"": 0.1159}",2026-09-06T09:45:06.494738+00:00
MPLADS-004866,0.0182,NORMAL,"{""geo__population_density"": 0.0915, ""project__planned_duration_days"": 0.0507, ""mean_anomaly_score"": 0.0319}",2026-09-06T09:45:06.494738+00:00
MPLADS-004867,0.0225,NORMAL,"{""geospatial_anomaly_score"": 0.0414, ""financial_anomaly_score"": 0.0385, ""project__planned_duration_days"": 0.0309}",2026-09-06T09:45:06.494738+00:00
MPLADS-004868,0.0182,NORMAL,"{""geospatial_anomaly_score"": 0.0681, ""payment_anomaly_score"": 0.0671, ""payment_anomaly_percentile"": 0.0535}",2026-09-06T09:45:06.494738+00:00
MPLADS-004869,0.0182,NORMAL,"{""geo__population_density"": 0.0925, ""project__planned_duration_days"": 0.0541, ""mean_anomaly_score"": 0.0443}",2026-09-06T09:45:06.494738+00:00
MPLADS-004870,1.0,COST_OVERRUN,"{""progress_anomaly_score"": 4.7076, ""progress_anomaly_percentile"": 0.9009, ""procurement_anomaly_score"": 0.419}",2026-09-06T09:45:06.494738+00:00
MPLADS-004871,0.0231,NORMAL,"{""geo__population_density"": 0.3551, ""geo__infrastructure_gap_index"": 0.0846, ""project__planned_duration_days"": 0.067}",2026-09-06T09:45:06.494738+00:00
MPLADS-004872,0.0231,NORMAL,"{""project__planned_duration_days"": 0.0723, ""mean_anomaly_score"": 0.0542, ""geospatial_anomaly_score"": 0.0526}",2026-09-06T09:45:06.494738+00:00
MPLADS-004873,0.0262,NORMAL,"{""geospatial_anomaly_score"": 0.2169, ""financial__sanctioned_amount"": 0.1269, ""geospatial_anomaly_percentile"": 0.0844}",2026-09-06T09:45:06.494738+00:00
MPLADS-004874,0.0231,NORMAL,"{""geo__infrastructure_gap_index"": 0.0885, ""project__planned_duration_days"": 0.0706, ""mean_anomaly_score"": 0.0285}",2026-09-06T09:45:06.494738+00:00
MPLADS-004875,1.0,ABANDONED_WORK,"{""progress_anomaly_score"": 4.9508, ""progress_anomaly_percentile"": 0.9274, ""financial_anomaly_score"": 0.2121}",2026-09-06T09:45:06.494738+00:00
MPLADS-004876,0.1289,NORMAL,"{""procurement_anomaly_score"": 0.7312, ""procurement_anomaly_percentile"": 0.3174, ""financial_anomaly_score"": 0.1295}",2026-09-06T09:45:06.494738+00:00
MPLADS-004877,0.0262,NORMAL,"{""project__planned_duration_days"": 0.0547, ""mean_anomaly_score"": 0.0449, ""geospatial_anomaly_percentile"": 0.0162}",2026-09-06T09:45:06.494738+00:00
MPLADS-004878,0.0314,NORMAL,"{""geospatial_anomaly_score"": 0.1369, ""project__planned_duration_days"": 0.0632, ""financial_anomaly_score"": 0.0551}",2026-09-06T09:45:06.494738+00:00
MPLADS-004879,1.0,PAYMENT_PROGRESS_MISMATCH,"{""progress_anomaly_score"": 5.3974, ""progress_anomaly_percentile"": 0.9374, ""std_anomaly_score"": 0.0877}",2026-09-06T09:45:06.494738+00:00
MPLADS-004880,0.0308,NORMAL,"{""geo__population_density"": 0.178, ""std_anomaly_score"": 0.1098, ""geospatial_anomaly_score"": 0.0793}",2026-09-06T09:45:06.494738+00:00
MPLADS-004881,0.0182,NORMAL,"{""financial__sanctioned_amount"": 0.1499, ""graph_anomaly_score"": 0.0032, ""num_flagged_models"": 0.0014}",2026-09-06T09:45:06.494738+00:00
MPLADS-004882,0.2894,NORMAL,"{""procurement_anomaly_score"": 1.42, ""procurement_anomaly_percentile"": 0.4455, ""geospatial_anomaly_percentile"": 0.1635}",2026-09-06T09:45:06.494738+00:00
MPLADS-004883,0.0225,NORMAL,"{""payment_anomaly_score"": 0.1201, ""project__planned_duration_days"": 0.0721, ""geospatial_anomaly_percentile"": 0.052}",2026-09-06T09:45:06.494738+00:00
MPLADS-004884,1.0,GHOST_WORK,"{""progress_anomaly_score"": 5.0867, ""progress_anomaly_percentile"": 0.8631, ""payment_anomaly_score"": 0.192}",2026-09-06T09:45:06.494738+00:00
MPLADS-004885,1.0,PAYMENT_PROGRESS_MISMATCH,"{""progress_anomaly_score"": 5.465, ""progress_anomaly_percentile"": 0.9582, ""payment_anomaly_score"": 0.0785}",2026-09-06T09:45:06.494738+00:00
MPLADS-004886,1.0,PAYMENT_PROGRESS_MISMATCH,"{""progress_anomaly_score"": 5.3758, ""progress_anomaly_percentile"": 0.9301, ""geo__population_density"": 0.1806}",2026-09-06T09:45:06.494738+00:00
MPLADS-004887,1.0,PAYMENT_PROGRESS_MISMATCH,"{""progress_anomaly_score"": 5.1622, ""progress_anomaly_percentile"": 0.8922, ""payment_anomaly_score"": 0.1052}",2026-09-06T09:45:06.494738+00:00
MPLADS-004888,1.0,ABANDONED_WORK,"{""progress_anomaly_score"": 4.8799, ""progress_anomaly_percentile"": 0.8252, ""financial_anomaly_score"": 0.1588}",2026-09-06T09:45:06.494738+00:00
MPLADS-004889,0.0314,NORMAL,"{""financial__sanctioned_amount"": 0.1, ""financial_anomaly_score"": 0.0607, ""project__planned_duration_days"": 0.0477}",2026-09-06T09:45:06.494738+00:00
MPLADS-004890,1.0,DELAYED_WORK,"{""progress_anomaly_score"": 5.3244, ""progress_anomaly_percentile"": 0.9123, ""financial_anomaly_score"": 0.1663}",2026-09-06T09:45:06.494738+00:00
MPLADS-004891,0.0225,NORMAL,"{""financial__sanctioned_amount"": 0.2872, ""geo__population_density"": 0.207, ""payment_anomaly_score"": 0.101}",2026-09-06T09:45:06.494738+00:00
MPLADS-004892,0.0314,NORMAL,"{""geo__population_density"": 0.3706, ""geospatial_anomaly_score"": 0.0759, ""financial__sanctioned_amount"": 0.0482}",2026-09-06T09:45:06.494738+00:00
MPLADS-004893,0.0182,NORMAL,"{""geospatial_anomaly_score"": 0.2129, ""geospatial_anomaly_percentile"": 0.1539, ""mean_anomaly_score"": 0.0842}",2026-09-06T09:45:06.494738+00:00
MPLADS-004894,0.0225,NORMAL,"{""project__planned_duration_days"": 0.0351, ""financial__sanctioned_amount"": 0.0264, ""std_anomaly_score"": 0.0153}",2026-09-06T09:45:06.494738+00:00
MPLADS-004895,0.011,NORMAL,"{""geo__population_density"": 0.1453, ""graph_anomaly_score"": 0.0764, ""project__planned_duration_days"": 0.0497}",2026-09-06T09:45:06.494738+00:00
MPLADS-004896,0.0345,NORMAL,"{""procurement_anomaly_percentile"": 0.4429, ""financial_anomaly_score"": 0.0579, ""geo__infrastructure_gap_index"": 0.0414}",2026-09-06T09:45:06.494738+00:00
MPLADS-004897,0.0208,NORMAL,"{""project__planned_duration_days"": 0.0696, ""financial__sanctioned_amount"": 0.0403, ""geospatial_anomaly_score"": 0.0019}",2026-09-06T09:45:06.494738+00:00
MPLADS-004898,0.0231,NORMAL,"{""geospatial_anomaly_score"": 0.1565, ""graph_anomaly_score"": 0.0773, ""project__planned_duration_days"": 0.0552}",2026-09-06T09:45:06.494738+00:00
MPLADS-004899,0.0314,NORMAL,"{""financial__sanctioned_amount"": 0.2388, ""geo__population_density"": 0.1337, ""geospatial_anomaly_score"": 0.0971}",2026-09-06T09:45:06.494738+00:00
MPLADS-004900,0.0262,NORMAL,"{""financial__sanctioned_amount"": 0.1755, ""payment_anomaly_score"": 0.1245, ""financial_anomaly_score"": 0.1209}",2026-09-06T09:45:06.494738+00:00
MPLADS-004901,0.0182,NORMAL,"{""financial__sanctioned_amount"": 0.1471, ""geo__population_density"": 0.1373, ""geospatial_anomaly_score"": 0.04}",2026-09-06T09:45:06.494738+00:00
MPLADS-004902,0.0088,NORMAL,"{""financial_anomaly_score"": 0.0807, ""std_anomaly_score"": 0.0379, ""financial_anomaly_percentile"": 0.0306}",2026-09-06T09:45:06.494738+00:00
MPLADS-004903,0.0231,NORMAL,"{""financial__sanctioned_amount"": 0.2442, ""geo__population_density"": 0.14, ""geospatial_anomaly_score"": 0.1028}",2026-09-06T09:45:06.494738+00:00
MPLADS-004904,0.0182,NORMAL,"{""geospatial_anomaly_score"": 0.0793, ""project__planned_duration_days"": 0.0427, ""geospatial_anomaly_percentile"": 0.0207}",2026-09-06T09:45:06.494738+00:00
MPLADS-004905,0.0225,NORMAL,"{""financial__sanctioned_amount"": 0.24, ""geo__infrastructure_gap_index"": 0.108, ""mean_anomaly_score"": 0.0825}",2026-09-06T09:45:06.494738+00:00
MPLADS-004906,0.0225,NORMAL,"{""geo__infrastructure_gap_index"": 0.1388, ""geospatial_anomaly_score"": 0.132, ""project__planned_duration_days"": 0.0343}",2026-09-06T09:45:06.494738+00:00
MPLADS-004907,0.0182,NORMAL,"{""graph_anomaly_score"": 0.0692, ""financial_anomaly_percentile"": 0.0532, ""project__planned_duration_days"": 0.0441}",2026-09-06T09:45:06.494738+00:00
MPLADS-004908,0.0182,NORMAL,"{""geo__population_density"": 0.2488, ""procurement_anomaly_percentile"": 0.0908, ""mean_anomaly_score"": 0.0578}",2026-09-06T09:45:06.494738+00:00
MPLADS-004909,1.0,DELAYED_WORK,"{""progress_anomaly_score"": 4.7027, ""progress_anomaly_percentile"": 0.8903, ""procurement_anomaly_score"": 0.326}",2026-09-06T09:45:06.494738+00:00
MPLADS-004910,0.0231,NORMAL,"{""financial__sanctioned_amount"": 0.0915, ""graph_anomaly_score"": 0.0856, ""geospatial_anomaly_score"": 0.0817}",2026-09-06T09:45:06.494738+00:00
MPLADS-004911,1.0,DOCUMENTATION_DEFICIT,"{""progress_anomaly_score"": 5.1683, ""progress_anomaly_percentile"": 0.9086, ""financial__sanctioned_amount"": 0.1088}",2026-09-06T09:45:06.494738+00:00
MPLADS-004912,0.0159,NORMAL,"{""financial__sanctioned_amount"": 0.2203, ""num_flagged_models"": 0.0014, ""project_size_code"": 0.0}",2026-09-06T09:45:06.494738+00:00
MPLADS-004913,0.0182,NORMAL,"{""financial_anomaly_score"": 0.1311, ""std_anomaly_score"": 0.0735, ""financial_anomaly_percentile"": 0.0382}",2026-09-06T09:45:06.494738+00:00
MPLADS-004914,0.0231,NORMAL,"{""geospatial_anomaly_score"": 0.1788, ""geo__population_density"": 0.1409, ""financial__sanctioned_amount"": 0.1201}",2026-09-06T09:45:06.494738+00:00
MPLADS-004915,1.0,DELAYED_WORK,"{""progress_anomaly_score"": 4.5793, ""progress_anomaly_percentile"": 0.8106, ""financial_anomaly_score"": 0.2436}",2026-09-06T09:45:06.494738+00:00
MPLADS-004916,1.0,COST_OVERRUN,"{""progress_anomaly_score"": 2.3712, ""procurement_anomaly_score"": 0.512, ""financial_anomaly_score"": 0.4071}",2026-09-06T09:45:06.494738+00:00
MPLADS-004917,0.0231,NORMAL,"{""geo__population_density"": 0.1853, ""financial_anomaly_score"": 0.116, ""geospatial_anomaly_score"": 0.0379}",2026-09-06T09:45:06.494738+00:00
MPLADS-004918,0.0204,NORMAL,"{""project__planned_duration_days"": 0.0555, ""payment_anomaly_percentile"": 0.0342, ""contractor_anomaly_score"": 0.0133}",2026-09-06T09:45:06.494738+00:00
MPLADS-004919,0.0308,NORMAL,"{""payment_anomaly_score"": 0.4116, ""financial_anomaly_score"": 0.2344, ""geo__population_density"": 0.2319}",2026-09-06T09:45:06.494738+00:00
MPLADS-004920,0.0225,NORMAL,"{""geospatial_anomaly_score"": 0.1334, ""project__planned_duration_days"": 0.0671, ""geospatial_anomaly_percentile"": 0.0221}",2026-09-06T09:45:06.494738+00:00
MPLADS-004921,0.0314,NORMAL,"{""procurement_anomaly_score"": 0.5135, ""procurement_anomaly_percentile"": 0.171, ""geo__population_density"": 0.1527}",2026-09-06T09:45:06.494738+00:00
MPLADS-004922,0.4597,NORMAL,"{""procurement_anomaly_score"": 1.5541, ""procurement_anomaly_percentile"": 0.65, ""geospatial_anomaly_score"": 0.2371}",2026-09-06T09:45:06.494738+00:00
MPLADS-004923,0.0231,NORMAL,"{""financial__sanctioned_amount"": 0.2316, ""payment_anomaly_score"": 0.1519, ""payment_anomaly_percentile"": 0.0268}",2026-09-06T09:45:06.494738+00:00
MPLADS-004924,0.0182,NORMAL,"{""geo__population_density"": 0.1294, ""geospatial_anomaly_score"": 0.036, ""std_anomaly_score"": 0.035}",2026-09-06T09:45:06.494738+00:00
MPLADS-004925,0.0182,NORMAL,"{""std_anomaly_score"": 0.1011, ""project__planned_duration_days"": 0.0528, ""geo__population_density"": 0.0526}",2026-09-06T09:45:06.494738+00:00
MPLADS-004926,0.0225,NORMAL,"{""financial__sanctioned_amount"": 0.2382, ""mean_anomaly_score"": 0.025, ""graph_anomaly_score"": 0.018}",2026-09-06T09:45:06.494738+00:00
MPLADS-004927,0.8463,COST_OVERRUN,"{""progress_anomaly_score"": 0.9272, ""financial_anomaly_score"": 0.4709, ""procurement_anomaly_percentile"": 0.4226}",2026-09-06T09:45:06.494738+00:00
MPLADS-004928,0.0225,NORMAL,"{""geo__infrastructure_gap_index"": 0.1861, ""geospatial_anomaly_score"": 0.1364, ""project__planned_duration_days"": 0.0445}",2026-09-06T09:45:06.494738+00:00
MPLADS-004929,0.0231,NORMAL,"{""financial__sanctioned_amount"": 0.0926, ""geo__population_density"": 0.0601, ""payment_anomaly_percentile"": 0.0545}",2026-09-06T09:45:06.494738+00:00
MPLADS-004930,0.0231,NORMAL,"{""geo__infrastructure_gap_index"": 0.0203, ""project__planned_duration_days"": 0.0071, ""financial__sanctioned_amount"": 0.0058}",2026-09-06T09:45:06.494738+00:00
MPLADS-004931,1.0,DOCUMENTATION_DEFICIT,"{""progress_anomaly_score"": 5.2527, ""progress_anomaly_percentile"": 0.91, ""geospatial_anomaly_score"": 0.1027}",2026-09-06T09:45:06.494738+00:00
MPLADS-004932,0.0182,NORMAL,"{""mean_anomaly_score"": 0.076, ""financial_anomaly_score"": 0.0651, ""geo__population_density"": 0.058}",2026-09-06T09:45:06.494738+00:00
MPLADS-004933,0.0182,NORMAL,"{""max_anomaly_score"": 0.0613, ""financial_anomaly_percentile"": 0.0419, ""financial_anomaly_score"": 0.0327}",2026-09-06T09:45:06.494738+00:00
MPLADS-004934,0.0225,NORMAL,"{""financial_anomaly_score"": 0.1314, ""project__planned_duration_days"": 0.0497, ""geospatial_anomaly_score"": 0.0281}",2026-09-06T09:45:06.494738+00:00
MPLADS-004935,1.0,COST_OVERRUN,"{""progress_anomaly_score"": 4.6345, ""progress_anomaly_percentile"": 0.8368, ""procurement_anomaly_score"": 0.244}",2026-09-06T09:45:06.494738+00:00
MPLADS-004936,0.0182,NORMAL,"{""financial_anomaly_score"": 0.1418, ""geo__infrastructure_gap_index"": 0.0661, ""payment_anomaly_percentile"": 0.0564}",2026-09-06T09:45:06.494738+00:00
MPLADS-004937,1.0,PAYMENT_PROGRESS_MISMATCH,"{""progress_anomaly_score"": 5.259, ""progress_anomaly_percentile"": 0.8552, ""payment_anomaly_score"": 0.1767}",2026-09-06T09:45:06.494738+00:00
MPLADS-004938,0.1698,NORMAL,"{""financial_anomaly_score"": 0.5731, ""contractor_anomaly_percentile"": 0.3314, ""contractor_anomaly_score"": 0.3122}",2026-09-06T09:45:06.494738+00:00
MPLADS-004939,0.0182,NORMAL,"{""project__planned_duration_days"": 0.0493, ""financial__sanctioned_amount"": 0.0365, ""geospatial_anomaly_score"": 0.0314}",2026-09-06T09:45:06.494738+00:00
MPLADS-004940,0.0231,NORMAL,"{""financial__sanctioned_amount"": 0.2373, ""payment_anomaly_score"": 0.1527, ""financial_anomaly_percentile"": 0.0628}",2026-09-06T09:45:06.494738+00:00
MPLADS-004941,0.4145,NORMAL,"{""procurement_anomaly_score"": 1.4309, ""procurement_anomaly_percentile"": 0.522, ""financial__sanctioned_amount"": 0.2092}",2026-09-06T09:45:06.494738+00:00
MPLADS-004942,0.011,NORMAL,"{""project__planned_duration_days"": 0.058, ""geo__population_density"": 0.0423, ""financial__sanctioned_amount"": 0.0372}",2026-09-06T09:45:06.494738+00:00
MPLADS-004943,0.8463,COST_OVERRUN,"{""progress_anomaly_score"": 0.7567, ""procurement_anomaly_score"": 0.5589, ""procurement_anomaly_percentile"": 0.3819}",2026-09-06T09:45:06.494738+00:00
MPLADS-004944,1.0,PAYMENT_PROGRESS_MISMATCH,"{""progress_anomaly_score"": 5.2474, ""progress_anomaly_percentile"": 0.9122, ""geo__infrastructure_gap_index"": 0.0954}",2026-09-06T09:45:06.494738+00:00
MPLADS-004945,0.0231,NORMAL,"{""payment_anomaly_score"": 0.1692, ""mean_anomaly_score"": 0.085, ""financial__sanctioned_amount"": 0.0589}",2026-09-06T09:45:06.494738+00:00
MPLADS-004946,0.0231,NORMAL,"{""financial__sanctioned_amount"": 0.3012, ""geo__infrastructure_gap_index"": 0.1229, ""geospatial_anomaly_score"": 0.0969}",2026-09-06T09:45:06.494738+00:00
MPLADS-004947,0.0231,NORMAL,"{""financial__sanctioned_amount"": 0.079, ""geospatial_anomaly_score"": 0.0729, ""project__planned_duration_days"": 0.0641}",2026-09-06T09:45:06.494738+00:00
MPLADS-004948,0.0225,NORMAL,"{""financial__sanctioned_amount"": 0.1239, ""geospatial_anomaly_score"": 0.093, ""payment_anomaly_percentile"": 0.0439}",2026-09-06T09:45:06.494738+00:00
MPLADS-004949,0.0161,NORMAL,"{""financial__sanctioned_amount"": 0.1714, ""geospatial_anomaly_score"": 0.0953, ""financial_anomaly_percentile"": 0.0779}",2026-09-06T09:45:06.494738+00:00
MPLADS-004950,0.0182,NORMAL,"{""financial_anomaly_score"": 0.205, ""procurement_anomaly_percentile"": 0.1212, ""financial_anomaly_percentile"": 0.0764}",2026-09-06T09:45:06.494738+00:00
MPLADS-004951,0.0231,NORMAL,"{""payment_anomaly_score"": 0.0985, ""geospatial_anomaly_score"": 0.056, ""project__planned_duration_days"": 0.0522}",2026-09-06T09:45:06.494738+00:00
MPLADS-004952,1.0,COST_OVERRUN,"{""progress_anomaly_score"": 4.5486, ""progress_anomaly_percentile"": 0.8397, ""payment_anomaly_score"": 0.2779}",2026-09-06T09:45:06.494738+00:00
MPLADS-004953,0.0231,NORMAL,"{""geo__population_density"": 0.3057, ""financial__sanctioned_amount"": 0.1318, ""geospatial_anomaly_score"": 0.07}",2026-09-06T09:45:06.494738+00:00
MPLADS-004954,0.0182,NORMAL,"{""financial__sanctioned_amount"": 0.1134, ""geo__infrastructure_gap_index"": 0.0886, ""project__planned_duration_days"": 0.0559}",2026-09-06T09:45:06.494738+00:00
MPLADS-004955,0.0182,NORMAL,"{""project__planned_duration_days"": 0.051, ""geo__infrastructure_gap_index"": 0.0257, ""std_anomaly_score"": 0.0129}",2026-09-06T09:45:06.494738+00:00
MPLADS-004956,0.0182,NORMAL,"{""project__planned_duration_days"": 0.055, ""geospatial_anomaly_score"": 0.0435, ""financial__sanctioned_amount"": 0.0409}",2026-09-06T09:45:06.494738+00:00
MPLADS-004957,0.0204,NORMAL,"{""project__planned_duration_days"": 0.0454, ""geospatial_anomaly_score"": 0.0377, ""contractor_anomaly_score"": 0.0071}",2026-09-06T09:45:06.494738+00:00
MPLADS-004958,1.0,DELAYED_WORK,"{""progress_anomaly_score"": 4.5962, ""progress_anomaly_percentile"": 0.7847, ""financial_anomaly_score"": 0.1772}",2026-09-06T09:45:06.494738+00:00
MPLADS-004959,0.0225,NORMAL,"{""geospatial_anomaly_percentile"": 0.1208, ""geo__population_density"": 0.0853, ""mean_anomaly_score"": 0.0701}",2026-09-06T09:45:06.494738+00:00
MPLADS-004960,0.0231,NORMAL,"{""financial__sanctioned_amount"": 0.2713, ""geo__population_density"": 0.2049, ""geo__infrastructure_gap_index"": 0.1017}",2026-09-06T09:45:06.494738+00:00
MPLADS-004961,0.0225,NORMAL,"{""project__planned_duration_days"": 0.0568, ""graph_anomaly_score"": 0.0349, ""mean_anomaly_score"": 0.0271}",2026-09-06T09:45:06.494738+00:00
MPLADS-004962,0.0046,NORMAL,"{""std_anomaly_score"": 0.0767, ""financial_anomaly_score"": 0.0422, ""financial_anomaly_percentile"": 0.0411}",2026-09-06T09:45:06.494738+00:00
MPLADS-004963,0.0231,NORMAL,"{""geo__infrastructure_gap_index"": 0.0747, ""project__planned_duration_days"": 0.0549, ""geospatial_anomaly_score"": 0.0281}",2026-09-06T09:45:06.494738+00:00
MPLADS-004964,0.0231,NORMAL,"{""geospatial_anomaly_score"": 0.1382, ""financial__sanctioned_amount"": 0.1129, ""project__planned_duration_days"": 0.0676}",2026-09-06T09:45:06.494738+00:00
MPLADS-004965,0.0153,NORMAL,"{""financial__sanctioned_amount"": 0.3206, ""geo__infrastructure_gap_index"": 0.1561, ""payment_anomaly_score"": 0.0607}",2026-09-06T09:45:06.494738+00:00
MPLADS-004966,0.0231,NORMAL,"{""geospatial_anomaly_score"": 0.0872, ""geo__infrastructure_gap_index"": 0.0581, ""project__planned_duration_days"": 0.0532}",2026-09-06T09:45:06.494738+00:00
MPLADS-004967,0.0231,NORMAL,"{""geospatial_anomaly_score"": 0.1023, ""graph_anomaly_score"": 0.0986, ""project__planned_duration_days"": 0.0635}",2026-09-06T09:45:06.494738+00:00
MPLADS-004968,0.0231,NORMAL,"{""geospatial_anomaly_score"": 0.0931, ""financial_anomaly_score"": 0.0653, ""project__planned_duration_days"": 0.0495}",2026-09-06T09:45:06.494738+00:00
MPLADS-004969,0.0314,NORMAL,"{""financial__sanctioned_amount"": 0.1539, ""payment_anomaly_percentile"": 0.0453, ""financial_anomaly_percentile"": 0.0368}",2026-09-06T09:45:06.494738+00:00
MPLADS-004970,1.0,DELAYED_WORK,"{""progress_anomaly_score"": 5.3246, ""progress_anomaly_percentile"": 0.8613, ""financial__sanctioned_amount"": 0.149}",2026-09-06T09:45:06.494738+00:00
MPLADS-004971,0.0231,NORMAL,"{""financial__sanctioned_amount"": 0.1695, ""financial_anomaly_percentile"": 0.0619, ""std_anomaly_score"": 0.0517}",2026-09-06T09:45:06.494738+00:00
MPLADS-004972,0.0225,NORMAL,"{""financial__sanctioned_amount"": 0.1446, ""procurement_anomaly_percentile"": 0.0935, ""geospatial_anomaly_score"": 0.0801}",2026-09-06T09:45:06.494738+00:00
MPLADS-004973,1.0,DELAYED_WORK,"{""progress_anomaly_score"": 4.642, ""progress_anomaly_percentile"": 0.8243, ""procurement_anomaly_score"": 0.2408}",2026-09-06T09:45:06.494738+00:00
MPLADS-004974,0.0231,NORMAL,"{""financial__sanctioned_amount"": 0.1537, ""geo__population_density"": 0.1249, ""geospatial_anomaly_score"": 0.0383}",2026-09-06T09:45:06.494738+00:00
MPLADS-004975,0.0088,NORMAL,"{""project__planned_duration_days"": 0.0353, ""financial_anomaly_score"": 0.0289, ""financial_anomaly_percentile"": 0.0273}",2026-09-06T09:45:06.494738+00:00
MPLADS-004976,1.0,PAYMENT_PROGRESS_MISMATCH,"{""progress_anomaly_score"": 4.9201, ""progress_anomaly_percentile"": 0.9197, ""payment_anomaly_score"": 0.1558}",2026-09-06T09:45:06.494738+00:00
MPLADS-004977,0.0903,NORMAL,"{""financial__sanctioned_amount"": 0.2362, ""procurement_anomaly_percentile"": 0.1703, ""geospatial_anomaly_score"": 0.0945}",2026-09-06T09:45:06.494738+00:00
MPLADS-004978,0.011,NORMAL,"{""geo__population_density"": 0.1404, ""geo__infrastructure_gap_index"": 0.0454, ""payment_anomaly_percentile"": 0.0314}",2026-09-06T09:45:06.494738+00:00
MPLADS-004979,0.0225,NORMAL,"{""financial__sanctioned_amount"": 0.1486, ""geospatial_anomaly_score"": 0.0884, ""graph_anomaly_score"": 0.042}",2026-09-06T09:45:06.494738+00:00
MPLADS-004980,0.1456,NORMAL,"{""financial__sanctioned_amount"": 0.3031, ""contractor_anomaly_percentile"": 0.1885, ""contractor_anomaly_score"": 0.1607}",2026-09-06T09:45:06.494738+00:00
MPLADS-004981,0.0067,NORMAL,"{""financial_anomaly_score"": 0.1322, ""project__planned_duration_days"": 0.0407, ""graph_anomaly_score"": 0.0363}",2026-09-06T09:45:06.494738+00:00
MPLADS-004982,0.0182,NORMAL,"{""geo__infrastructure_gap_index"": 0.1827, ""geospatial_anomaly_percentile"": 0.1626, ""geospatial_anomaly_score"": 0.1348}",2026-09-06T09:45:06.494738+00:00
MPLADS-004983,0.0231,NORMAL,"{""payment_anomaly_score"": 0.0814, ""financial__sanctioned_amount"": 0.0765, ""mean_anomaly_score"": 0.0552}",2026-09-06T09:45:06.494738+00:00
MPLADS-004984,0.0231,NORMAL,"{""geospatial_anomaly_score"": 0.0519, ""project__planned_duration_days"": 0.0449, ""graph_anomaly_score"": 0.0411}",2026-09-06T09:45:06.494738+00:00
MPLADS-004985,0.0231,NORMAL,"{""financial__sanctioned_amount"": 0.0717, ""project__planned_duration_days"": 0.0665, ""geo__infrastructure_gap_index"": 0.0614}",2026-09-06T09:45:06.494738+00:00
MPLADS-004986,0.0225,NORMAL,"{""contractor_anomaly_score"": 0.1389, ""financial__sanctioned_amount"": 0.1252, ""contractor_anomaly_percentile"": 0.101}",2026-09-06T09:45:06.494738+00:00
MPLADS-004987,0.0231,NORMAL,"{""financial__sanctioned_amount"": 0.0602, ""project__planned_duration_days"": 0.0549, ""geospatial_anomaly_score"": 0.0492}",2026-09-06T09:45:06.494738+00:00
MPLADS-004988,0.0314,NORMAL,"{""financial_anomaly_score"": 0.3369, ""geo__population_density"": 0.1801, ""graph_anomaly_score"": 0.0775}",2026-09-06T09:45:06.494738+00:00
MPLADS-004989,0.0182,NORMAL,"{""geospatial_anomaly_score"": 0.1239, ""geo__infrastructure_gap_index"": 0.0847, ""project__planned_duration_days"": 0.068}",2026-09-06T09:45:06.494738+00:00
MPLADS-004990,0.0225,NORMAL,"{""geo__population_density"": 0.0878, ""geospatial_anomaly_score"": 0.0577, ""financial__sanctioned_amount"": 0.0376}",2026-09-06T09:45:06.494738+00:00
MPLADS-004991,0.0345,NORMAL,"{""geo__population_density"": 0.4751, ""procurement_anomaly_score"": 0.4033, ""procurement_anomaly_percentile"": 0.2595}",2026-09-06T09:45:06.494738+00:00
MPLADS-004992,0.0308,NORMAL,"{""financial__sanctioned_amount"": 0.2372, ""geo__population_density"": 0.1483, ""payment_anomaly_score"": 0.1107}",2026-09-06T09:45:06.494738+00:00
MPLADS-004993,0.0182,NORMAL,"{""project__planned_duration_days"": 0.0565, ""mean_anomaly_score"": 0.0255, ""geospatial_anomaly_score"": 0.0029}",2026-09-06T09:45:06.494738+00:00
MPLADS-004994,0.0314,NORMAL,"{""financial__sanctioned_amount"": 0.2327, ""geo__population_density"": 0.151, ""geospatial_anomaly_score"": 0.0424}",2026-09-06T09:45:06.494738+00:00
MPLADS-004995,1.0,ABANDONED_WORK,"{""progress_anomaly_score"": 5.4327, ""progress_anomaly_percentile"": 0.9656, ""payment_anomaly_score"": 0.1331}",2026-09-06T09:45:06.494738+00:00
MPLADS-004996,0.0225,NORMAL,"{""geospatial_anomaly_score"": 0.1044, ""project__planned_duration_days"": 0.0671, ""geospatial_anomaly_percentile"": 0.0259}",2026-09-06T09:45:06.494738+00:00
MPLADS-004997,0.0231,NORMAL,"{""geospatial_anomaly_score"": 0.1267, ""project__planned_duration_days"": 0.066, ""geospatial_anomaly_percentile"": 0.04}",2026-09-06T09:45:06.494738+00:00
MPLADS-004998,1.0,ABANDONED_WORK,"{""progress_anomaly_score"": 5.279, ""progress_anomaly_percentile"": 0.9264, ""payment_anomaly_score"": 0.1459}",2026-09-06T09:45:06.494738+00:00
MPLADS-004999,0.011,NORMAL,"{""financial_anomaly_score"": 0.1331, ""financial_anomaly_percentile"": 0.0658, ""geo__infrastructure_gap_index"": 0.0591}",2026-09-06T09:45:06.494738+00:00
MPLADS-005000,0.0231,NORMAL,"{""geo__infrastructure_gap_index"": 0.1562, ""mean_anomaly_score"": 0.0219, ""financial__sanctioned_amount"": 0.0123}",2026-09-06T09:45:06.494738+00:00
